i   AlignChn ScoredChain  AlignResNum  AlignResType  AlignRespLDDT      n0chn  n0dom  n0res    d0chn     d0dom     d0res   ipTM_pae  ipSAE_d0chn ipSAE_d0dom    ipSAE 
1       A         B            1           MET           19.79           464    372      0     7.695     6.997     1.000     0.0561      0.0000      0.0000      0.0000
2       A         B            2           ALA           24.88           464    372      0     7.695     6.997     1.000     0.0560      0.0000      0.0000      0.0000
3       A         B            3           VAL           26.09           464    372      0     7.695     6.997     1.000     0.0561      0.0000      0.0000      0.0000
4       A         B            4           MET           23.46           464    372      0     7.695     6.997     1.000     0.0562      0.0000      0.0000      0.0000
5       A         B            5           ALA           29.63           464    372      0     7.695     6.997     1.000     0.0560      0.0000      0.0000      0.0000
6       A         B            6           PRO           28.64           464    372      0     7.695     6.997     1.000     0.0563      0.0000      0.0000      0.0000
7       A         B            7           ARG           29.00           464    372      0     7.695     6.997     1.000     0.0565      0.0000      0.0000      0.0000
8       A         B            8           THR           28.54           464    372      0     7.695     6.997     1.000     0.0569      0.0000      0.0000      0.0000
9       A         B            9           LEU           27.25           464    372      0     7.695     6.997     1.000     0.0571      0.0000      0.0000      0.0000
10      A         B           10           LEU           27.57           464    372      0     7.695     6.997     1.000     0.0572      0.0000      0.0000      0.0000
11      A         B           11           LEU           26.20           464    372      0     7.695     6.997     1.000     0.0574      0.0000      0.0000      0.0000
12      A         B           12           LEU           28.90           464    372      0     7.695     6.997     1.000     0.0579      0.0000      0.0000      0.0000
13      A         B           13           LEU           29.04           464    372      0     7.695     6.997     1.000     0.0584      0.0000      0.0000      0.0000
14      A         B           14           SER           27.14           464    372      0     7.695     6.997     1.000     0.0585      0.0000      0.0000      0.0000
15      A         B           15           GLY           29.40           464    372      0     7.695     6.997     1.000     0.0591      0.0000      0.0000      0.0000
16      A         B           16           ALA           32.17           464    372      0     7.695     6.997     1.000     0.0611      0.0000      0.0000      0.0000
17      A         B           17           LEU           32.42           464    372      0     7.695     6.997     1.000     0.0642      0.0000      0.0000      0.0000
18      A         B           18           ALA           37.42           464    372      0     7.695     6.997     1.000     0.0662      0.0000      0.0000      0.0000
19      A         B           19           LEU           41.63           464    372      0     7.695     6.997     1.000     0.0694      0.0000      0.0000      0.0000
20      A         B           20           THR           47.30           464    372      0     7.695     6.997     1.000     0.0811      0.0000      0.0000      0.0000
21      A         B           21           GLN           55.16           464    372      0     7.695     6.997     1.000     0.0923      0.0000      0.0000      0.0000
22      A         B           22           THR           70.24           464    372      0     7.695     6.997     1.000     0.1403      0.0000      0.0000      0.0000
23      A         B           23           TRP           77.43           464    372      0     7.695     6.997     1.000     0.2077      0.0000      0.0000      0.0000
24      A         B           24           ALA           72.00           464    372      0     7.695     6.997     1.000     0.1484      0.0000      0.0000      0.0000
25      A         B           25           GLY           86.43           464    372      3     7.695     6.997     1.000     0.2234      0.3993      0.3548      0.0112
26      A         B           26           SER           93.18           464    372     99     7.695     6.997     3.631     0.5603      0.5603      0.5144      0.2287
27      A         B           27           HIS           96.23           464    372     99     7.695     6.997     3.631     0.7864      0.7864      0.7538      0.4647
28      A         B           28           SER           97.11           464    372     99     7.695     6.997     3.631     0.7429      0.7429      0.7063      0.4071
29      A         B           29           MET           97.83           464    372     99     7.695     6.997     3.631     0.8435      0.8435      0.8177      0.5636
30      A         B           30           ARG           97.72           464    372     99     7.695     6.997     3.631     0.8460      0.8460      0.8205      0.5681
31      A         B           31           TYR           97.81           464    372     99     7.695     6.997     3.631     0.8883      0.8883      0.8687      0.6559
32      A         B           32           PHE           98.15           464    372     99     7.695     6.997     3.631     0.9018      0.9018      0.8842      0.6871
33      A         B           33           TYR           97.96           464    372     99     7.695     6.997     3.631     0.8897      0.8897      0.8704      0.6616
34      A         B           34           THR           98.16           464    372     99     7.695     6.997     3.631     0.8832      0.8832      0.8630      0.6490
35      A         B           35           SER           97.57           464    372     99     7.695     6.997     3.631     0.8534      0.8534      0.8292      0.5889
36      A         B           36           VAL           97.57           464    372     99     7.695     6.997     3.631     0.8652      0.8652      0.8425      0.6105
37      A         B           37           SER           96.13           464    372     99     7.695     6.997     3.631     0.7873      0.7873      0.7557      0.4802
38      A         B           38           ARG           93.37           464    372     99     7.695     6.997     3.631     0.6457      0.6457      0.6043      0.3135
39      A         B           39           PRO           92.13           464    372     82     7.695     6.997     3.236     0.5361      0.5761      0.5325      0.2138
40      A         B           40           GLY           88.95           464    372     36     7.695     6.997     1.621     0.3447      0.4772      0.4314      0.0415
41      A         B           41           ARG           88.08           464    372     22     7.695     6.997     1.000     0.3217      0.4447      0.3992      0.0139
42      A         B           42           GLY           86.27           464    372     24     7.695     6.997     1.000     0.3136      0.4436      0.3982      0.0139
43      A         B           43           GLU           88.67           464    372     94     7.695     6.997     3.521     0.5777      0.5894      0.5462      0.2526
44      A         B           44           PRO           93.65           464    372     99     7.695     6.997     3.631     0.7774      0.7774      0.7445      0.4603
45      A         B           45           ARG           96.09           464    372     99     7.695     6.997     3.631     0.8099      0.8099      0.7802      0.5063
46      A         B           46           PHE           96.79           464    372     99     7.695     6.997     3.631     0.8839      0.8839      0.8636      0.6461
47      A         B           47           ILE           97.92           464    372     99     7.695     6.997     3.631     0.8738      0.8738      0.8522      0.6255
48      A         B           48           ALA           97.85           464    372     99     7.695     6.997     3.631     0.8669      0.8669      0.8442      0.6101
49      A         B           49           VAL           98.16           464    372     99     7.695     6.997     3.631     0.8562      0.8562      0.8320      0.5879
50      A         B           50           GLY           98.02           464    372     99     7.695     6.997     3.631     0.8302      0.8302      0.8028      0.5411
51      A         B           51           TYR           97.82           464    372     99     7.695     6.997     3.631     0.8806      0.8806      0.8597      0.6347
52      A         B           52           VAL           97.80           464    372     99     7.695     6.997     3.631     0.8639      0.8639      0.8405      0.5976
53      A         B           53           ASP           96.11           464    372     99     7.695     6.997     3.631     0.8303      0.8303      0.8024      0.5317
54      A         B           54           ASP           95.85           464    372     99     7.695     6.997     3.631     0.8426      0.8426      0.8164      0.5567
55      A         B           55           THR           96.66           464    372     99     7.695     6.997     3.631     0.8540      0.8540      0.8293      0.5784
56      A         B           56           GLN           97.45           464    372     99     7.695     6.997     3.631     0.8720      0.8720      0.8498      0.6156
57      A         B           57           PHE           97.64           464    372     99     7.695     6.997     3.631     0.8504      0.8504      0.8253      0.5732
58      A         B           58           VAL           97.64           464    372     99     7.695     6.997     3.631     0.8427      0.8427      0.8167      0.5601
59      A         B           59           ARG           97.51           464    372     99     7.695     6.997     3.631     0.8257      0.8257      0.7976      0.5304
60      A         B           60           PHE           97.23           464    372     99     7.695     6.997     3.631     0.8720      0.8720      0.8500      0.6187
61      A         B           61           ASP           96.76           464    372     99     7.695     6.997     3.631     0.8341      0.8341      0.8071      0.5456
62      A         B           62           SER           94.25           464    372     99     7.695     6.997     3.631     0.8142      0.8142      0.7849      0.5127
63      A         B           63           ASP           93.74           464    372     99     7.695     6.997     3.631     0.7741      0.7741      0.7405      0.4514
64      A         B           64           ALA           93.47           464    372     99     7.695     6.997     3.631     0.7087      0.7087      0.6698      0.3683
65      A         B           65           ALA           92.79           464    372     99     7.695     6.997     3.631     0.6663      0.6663      0.6245      0.3213
66      A         B           66           SER           90.68           464    372     99     7.695     6.997     3.631     0.6086      0.6086      0.5638      0.2660
67      A         B           67           GLN           90.19           464    372     99     7.695     6.997     3.631     0.7149      0.7149      0.6755      0.3680
68      A         B           68           ARG           91.86           464    372     99     7.695     6.997     3.631     0.7375      0.7375      0.7001      0.3964
69      A         B           69           MET           94.91           464    372     99     7.695     6.997     3.631     0.8272      0.8272      0.7990      0.5281
70      A         B           70           GLU           96.43           464    372     99     7.695     6.997     3.631     0.8185      0.8185      0.7892      0.5123
71      A         B           71           PRO           97.29           464    372     99     7.695     6.997     3.631     0.8149      0.8149      0.7851      0.5061
72      A         B           72           ARG           96.21           464    372     99     7.695     6.997     3.631     0.8194      0.8194      0.7902      0.5148
73      A         B           73           ALA           95.95           464    372     99     7.695     6.997     3.631     0.8112      0.8112      0.7812      0.5022
74      A         B           74           PRO           95.49           464    372     99     7.695     6.997     3.631     0.7933      0.7933      0.7611      0.4712
75      A         B           75           TRP           96.31           464    372     99     7.695     6.997     3.631     0.8144      0.8144      0.7845      0.5041
76      A         B           76           ILE           96.94           464    372     99     7.695     6.997     3.631     0.8034      0.8034      0.7723      0.4863
77      A         B           77           GLU           95.53           464    372     99     7.695     6.997     3.631     0.7627      0.7627      0.7273      0.4267
78      A         B           78           GLN           93.37           464    372     99     7.695     6.997     3.631     0.6801      0.6801      0.6384      0.3298
79      A         B           79           GLU           92.79           464    372     99     7.695     6.997     3.631     0.6860      0.6860      0.6444      0.3337
80      A         B           80           GLY           88.28           464    372     99     7.695     6.997     3.631     0.5293      0.5293      0.4827      0.2045
81      A         B           81           PRO           84.21           464    372     99     7.695     6.997     3.631     0.6847      0.6847      0.6431      0.3331
82      A         B           82           GLU           77.91           464    372     99     7.695     6.997     3.631     0.6890      0.6890      0.6477      0.3379
83      A         B           83           TYR           87.31           464    372     99     7.695     6.997     3.631     0.8214      0.8214      0.7924      0.5168
84      A         B           84           TRP           89.74           464    372     99     7.695     6.997     3.631     0.8283      0.8283      0.8001      0.5285
85      A         B           85           ASP           78.42           464    372     99     7.695     6.997     3.631     0.7973      0.7973      0.7655      0.4771
86      A         B           86           GLN           78.55           464    372     99     7.695     6.997     3.631     0.7684      0.7684      0.7337      0.4364
87      A         B           87           GLU           87.24           464    372     99     7.695     6.997     3.631     0.8051      0.8051      0.7744      0.4931
88      A         B           88           THR           85.74           464    372     99     7.695     6.997     3.631     0.8380      0.8380      0.8113      0.5491
89      A         B           89           ARG           76.71           464    372     99     7.695     6.997     3.631     0.7856      0.7856      0.7528      0.4621
90      A         B           90           ASN           83.67           464    372     99     7.695     6.997     3.631     0.7915      0.7915      0.7596      0.4748
91      A         B           91           VAL           89.03           464    372     99     7.695     6.997     3.631     0.7759      0.7759      0.7424      0.4523
92      A         B           92           LYS           81.69           464    372     99     7.695     6.997     3.631     0.8236      0.8236      0.7951      0.5247
93      A         B           93           ALA           80.20           464    372     99     7.695     6.997     3.631     0.7825      0.7825      0.7496      0.4621
94      A         B           94           GLN           88.44           464    372     99     7.695     6.997     3.631     0.7992      0.7992      0.7682      0.4886
95      A         B           95           SER           88.30           464    372     99     7.695     6.997     3.631     0.7992      0.7992      0.7681      0.4872
96      A         B           96           GLN           80.52           464    372     99     7.695     6.997     3.631     0.7938      0.7938      0.7621      0.4785
97      A         B           97           THR           84.94           464    372     99     7.695     6.997     3.631     0.8052      0.8052      0.7750      0.4996
98      A         B           98           ASP           91.32           464    372     99     7.695     6.997     3.631     0.7948      0.7948      0.7634      0.4829
99      A         B           99           ARG           87.52           464    372     99     7.695     6.997     3.631     0.7838      0.7838      0.7512      0.4659
100     A         B          100           VAL           84.19           464    372     99     7.695     6.997     3.631     0.8032      0.8032      0.7726      0.4945
101     A         B          101           ASP           91.68           464    372     99     7.695     6.997     3.631     0.8311      0.8311      0.8038      0.5426
102     A         B          102           LEU           94.06           464    372     99     7.695     6.997     3.631     0.8458      0.8458      0.8204      0.5691
103     A         B          103           GLY           90.08           464    372     99     7.695     6.997     3.631     0.7849      0.7849      0.7527      0.4700
104     A         B          104           THR           91.27           464    372     99     7.695     6.997     3.631     0.8257      0.8257      0.7977      0.5318
105     A         B          105           LEU           94.89           464    372     99     7.695     6.997     3.631     0.8099      0.8099      0.7803      0.5085
106     A         B          106           ARG           93.03           464    372     99     7.695     6.997     3.631     0.7629      0.7629      0.7284      0.4376
107     A         B          107           GLY           90.93           464    372     99     7.695     6.997     3.631     0.7362      0.7362      0.6995      0.4039
108     A         B          108           TYR           91.85           464    372     99     7.695     6.997     3.631     0.7884      0.7884      0.7563      0.4726
109     A         B          109           TYR           93.57           464    372     99     7.695     6.997     3.631     0.7952      0.7952      0.7638      0.4825
110     A         B          110           ASN           92.58           464    372     99     7.695     6.997     3.631     0.6754      0.6754      0.6350      0.3391
111     A         B          111           GLN           92.76           464    372     99     7.695     6.997     3.631     0.6938      0.6938      0.6543      0.3564
112     A         B          112           SER           92.35           464    372     99     7.695     6.997     3.631     0.5900      0.5900      0.5462      0.2602
113     A         B          113           GLU           89.79           464    372     97     7.695     6.997     3.587     0.5654      0.5695      0.5248      0.2366
114     A         B          114           ASP           91.51           464    372     81     7.695     6.997     3.211     0.5162      0.5547      0.5097      0.1905
115     A         B          115           GLY           92.73           464    372     99     7.695     6.997     3.631     0.6303      0.6303      0.5887      0.3021
116     A         B          116           SER           95.67           464    372     99     7.695     6.997     3.631     0.7843      0.7843      0.7524      0.4759
117     A         B          117           HIS           96.87           464    372     99     7.695     6.997     3.631     0.8523      0.8523      0.8281      0.5884
118     A         B          118           THR           97.74           464    372     99     7.695     6.997     3.631     0.8532      0.8532      0.8290      0.5898
119     A         B          119           ILE           97.75           464    372     99     7.695     6.997     3.631     0.8815      0.8815      0.8610      0.6457
120     A         B          120           GLN           97.85           464    372     99     7.695     6.997     3.631     0.8811      0.8811      0.8606      0.6443
121     A         B          121           ILE           97.50           464    372     99     7.695     6.997     3.631     0.8779      0.8779      0.8569      0.6367
122     A         B          122           MET           97.57           464    372     99     7.695     6.997     3.631     0.8581      0.8581      0.8344      0.5962
123     A         B          123           TYR           97.31           464    372     99     7.695     6.997     3.631     0.8489      0.8489      0.8240      0.5776
124     A         B          124           GLY           97.15           464    372     99     7.695     6.997     3.631     0.7287      0.7287      0.6918      0.3983
125     A         B          125           CYS           96.89           464    372     99     7.695     6.997     3.631     0.7492      0.7492      0.7134      0.4181
126     A         B          126           ASP           97.20           464    372     99     7.695     6.997     3.631     0.8048      0.8048      0.7742      0.4941
127     A         B          127           VAL           96.61           464    372     99     7.695     6.997     3.631     0.7635      0.7635      0.7285      0.4314
128     A         B          128           GLY           95.00           464    372     99     7.695     6.997     3.631     0.6058      0.6058      0.5610      0.2641
129     A         B          129           PRO           92.94           464    372     99     7.695     6.997     3.631     0.6019      0.6019      0.5567      0.2589
130     A         B          130           ASP           92.75           464    372     88     7.695     6.997     3.382     0.4571      0.4700      0.4239      0.1498
131     A         B          131           GLY           92.02           464    372     99     7.695     6.997     3.631     0.5201      0.5201      0.4736      0.1995
132     A         B          132           ARG           93.39           464    372     99     7.695     6.997     3.631     0.5710      0.5710      0.5252      0.2362
133     A         B          133           PHE           95.19           464    372     99     7.695     6.997     3.631     0.7453      0.7453      0.7085      0.4063
134     A         B          134           LEU           95.78           464    372     99     7.695     6.997     3.631     0.6503      0.6503      0.6073      0.3039
135     A         B          135           ARG           95.48           464    372     99     7.695     6.997     3.631     0.5981      0.5981      0.5540      0.2640
136     A         B          136           GLY           96.41           464    372     99     7.695     6.997     3.631     0.6298      0.6298      0.5874      0.2966
137     A         B          137           TYR           95.99           464    372     94     7.695     6.997     3.521     0.5661      0.5781      0.5350      0.2484
138     A         B          138           ARG           96.48           464    372     99     7.695     6.997     3.631     0.6931      0.6931      0.6545      0.3656
139     A         B          139           GLN           97.02           464    372     99     7.695     6.997     3.631     0.7701      0.7701      0.7370      0.4571
140     A         B          140           ASP           97.18           464    372     99     7.695     6.997     3.631     0.8244      0.8244      0.7968      0.5393
141     A         B          141           ALA           97.76           464    372     99     7.695     6.997     3.631     0.8288      0.8288      0.8016      0.5461
142     A         B          142           TYR           97.45           464    372     99     7.695     6.997     3.631     0.8839      0.8839      0.8639      0.6504
143     A         B          143           ASP           97.03           464    372     99     7.695     6.997     3.631     0.8542      0.8542      0.8302      0.5926
144     A         B          144           GLY           96.56           464    372     99     7.695     6.997     3.631     0.7815      0.7815      0.7500      0.4816
145     A         B          145           LYS           96.36           464    372     99     7.695     6.997     3.631     0.7960      0.7960      0.7658      0.5012
146     A         B          146           ASP           96.81           464    372     99     7.695     6.997     3.631     0.8390      0.8390      0.8130      0.5612
147     A         B          147           TYR           97.25           464    372     99     7.695     6.997     3.631     0.8638      0.8638      0.8408      0.6063
148     A         B          148           ILE           97.18           464    372     99     7.695     6.997     3.631     0.8253      0.8253      0.7976      0.5365
149     A         B          149           ALA           96.79           464    372     99     7.695     6.997     3.631     0.7890      0.7890      0.7571      0.4765
150     A         B          150           LEU           96.38           464    372     99     7.695     6.997     3.631     0.8044      0.8044      0.7740      0.4982
151     A         B          151           ASN           95.87           464    372     99     7.695     6.997     3.631     0.7518      0.7518      0.7162      0.4207
152     A         B          152           GLU           94.23           464    372     99     7.695     6.997     3.631     0.6757      0.6757      0.6345      0.3322
153     A         B          153           ASP           92.74           464    372     99     7.695     6.997     3.631     0.6245      0.6245      0.5810      0.2846
154     A         B          154           LEU           92.76           464    372     99     7.695     6.997     3.631     0.6798      0.6798      0.6387      0.3352
155     A         B          155           ARG           89.62           464    372     99     7.695     6.997     3.631     0.6563      0.6563      0.6137      0.3098
156     A         B          156           SER           93.57           464    372     99     7.695     6.997     3.631     0.7030      0.7030      0.6635      0.3622
157     A         B          157           TRP           95.11           464    372     99     7.695     6.997     3.631     0.7960      0.7960      0.7647      0.4839
158     A         B          158           THR           95.84           464    372     99     7.695     6.997     3.631     0.7812      0.7812      0.7484      0.4625
159     A         B          159           ALA           95.14           464    372     99     7.695     6.997     3.631     0.7165      0.7165      0.6784      0.3812
160     A         B          160           ALA           94.60           464    372     99     7.695     6.997     3.631     0.6612      0.6612      0.6199      0.3232
161     A         B          161           ASP           93.70           464    372     99     7.695     6.997     3.631     0.6619      0.6619      0.6208      0.3253
162     A         B          162           MET           93.12           464    372     99     7.695     6.997     3.631     0.6599      0.6599      0.6184      0.3214
163     A         B          163           ALA           93.96           464    372     99     7.695     6.997     3.631     0.7520      0.7520      0.7166      0.4233
164     A         B          164           ALA           95.46           464    372     99     7.695     6.997     3.631     0.7695      0.7695      0.7357      0.4475
165     A         B          165           GLN           94.41           464    372     99     7.695     6.997     3.631     0.7861      0.7861      0.7537      0.4691
166     A         B          166           ILE           91.45           464    372     99     7.695     6.997     3.631     0.8046      0.8046      0.7741      0.4956
167     A         B          167           THR           92.99           464    372     99     7.695     6.997     3.631     0.8068      0.8068      0.7768      0.5020
168     A         B          168           LYS           92.22           464    372     99     7.695     6.997     3.631     0.8113      0.8113      0.7816      0.5068
169     A         B          169           ARG           85.86           464    372     99     7.695     6.997     3.631     0.7675      0.7675      0.7332      0.4417
170     A         B          170           LYS           81.58           464    372     99     7.695     6.997     3.631     0.7647      0.7647      0.7301      0.4366
171     A         B          171           TRP           85.89           464    372     99     7.695     6.997     3.631     0.7583      0.7583      0.7233      0.4300
172     A         B          172           GLU           82.21           464    372     99     7.695     6.997     3.631     0.7664      0.7664      0.7319      0.4381
173     A         B          173           ALA           69.09           464    372     99     7.695     6.997     3.631     0.6452      0.6452      0.6023      0.3010
174     A         B          174           ALA           67.24           464    372     99     7.695     6.997     3.631     0.5894      0.5894      0.5444      0.2523
175     A         B          175           HIS           69.21           464    372     99     7.695     6.997     3.631     0.5953      0.5953      0.5504      0.2568
176     A         B          176           ALA           81.82           464    372     99     7.695     6.997     3.631     0.6339      0.6339      0.5901      0.2878
177     A         B          177           ALA           86.26           464    372     99     7.695     6.997     3.631     0.6930      0.6930      0.6525      0.3472
178     A         B          178           GLU           76.74           464    372     99     7.695     6.997     3.631     0.6602      0.6602      0.6176      0.3121
179     A         B          179           GLN           77.20           464    372     99     7.695     6.997     3.631     0.7014      0.7014      0.6613      0.3545
180     A         B          180           GLN           87.02           464    372     99     7.695     6.997     3.631     0.7210      0.7210      0.6825      0.3781
181     A         B          181           ARG           86.61           464    372     99     7.695     6.997     3.631     0.7521      0.7521      0.7161      0.4163
182     A         B          182           ALA           78.91           464    372     99     7.695     6.997     3.631     0.7589      0.7589      0.7233      0.4229
183     A         B          183           TYR           86.33           464    372     99     7.695     6.997     3.631     0.8108      0.8108      0.7806      0.5004
184     A         B          184           LEU           91.77           464    372     99     7.695     6.997     3.631     0.7884      0.7884      0.7559      0.4660
185     A         B          185           GLU           88.12           464    372     99     7.695     6.997     3.631     0.7437      0.7437      0.7069      0.4053
186     A         B          186           GLY           81.67           464    372     99     7.695     6.997     3.631     0.5956      0.5956      0.5504      0.2555
187     A         B          187           ARG           84.02           464    372     99     7.695     6.997     3.631     0.7441      0.7441      0.7071      0.4026
188     A         B          188           CYS           91.77           464    372     99     7.695     6.997     3.631     0.7998      0.7998      0.7683      0.4825
189     A         B          189           VAL           93.03           464    372     99     7.695     6.997     3.631     0.7596      0.7596      0.7241      0.4247
190     A         B          190           GLU           87.70           464    372     99     7.695     6.997     3.631     0.7582      0.7582      0.7223      0.4198
191     A         B          191           TRP           91.70           464    372     99     7.695     6.997     3.631     0.8108      0.8108      0.7805      0.4988
192     A         B          192           LEU           95.89           464    372     99     7.695     6.997     3.631     0.8345      0.8345      0.8071      0.5396
193     A         B          193           ARG           94.56           464    372     99     7.695     6.997     3.631     0.8141      0.8141      0.7841      0.5026
194     A         B          194           ARG           93.78           464    372     99     7.695     6.997     3.631     0.8233      0.8233      0.7944      0.5174
195     A         B          195           TYR           96.22           464    372     99     7.695     6.997     3.631     0.8398      0.8398      0.8130      0.5473
196     A         B          196           LEU           95.85           464    372     99     7.695     6.997     3.631     0.8288      0.8288      0.8006      0.5270
197     A         B          197           GLU           94.42           464    372     99     7.695     6.997     3.631     0.7323      0.7323      0.6942      0.3868
198     A         B          198           ASN           95.01           464    372     99     7.695     6.997     3.631     0.7313      0.7313      0.6929      0.3839
199     A         B          199           GLY           94.67           464    372     99     7.695     6.997     3.631     0.6307      0.6307      0.5863      0.2817
200     A         B          200           LYS           94.15           464    372     99     7.695     6.997     3.631     0.6258      0.6258      0.5812      0.2778
201     A         B          201           GLU           93.45           464    372     99     7.695     6.997     3.631     0.6373      0.6373      0.5933      0.2883
202     A         B          202           THR           93.84           464    372     99     7.695     6.997     3.631     0.6785      0.6785      0.6366      0.3275
203     A         B          203           LEU           94.89           464    372     99     7.695     6.997     3.631     0.7497      0.7497      0.7131      0.4089
204     A         B          204           GLN           93.07           464    372     99     7.695     6.997     3.631     0.6886      0.6886      0.6473      0.3377
205     A         B          205           ARG           93.00           464    372     99     7.695     6.997     3.631     0.6085      0.6085      0.5634      0.2638
206     A         B          206           THR           94.35           464    372     99     7.695     6.997     3.631     0.6676      0.6676      0.6252      0.3176
207     A         B          207           ASP           95.30           464    372     99     7.695     6.997     3.631     0.7291      0.7291      0.6909      0.3845
208     A         B          208           PRO           96.27           464    372     99     7.695     6.997     3.631     0.7280      0.7280      0.6898      0.3838
209     A         B          209           PRO           96.78           464    372     99     7.695     6.997     3.631     0.7473      0.7473      0.7107      0.4086
210     A         B          210           LYS           96.16           464    372     99     7.695     6.997     3.631     0.7875      0.7875      0.7547      0.4624
211     A         B          211           THR           95.52           464    372     99     7.695     6.997     3.631     0.7688      0.7688      0.7341      0.4365
212     A         B          212           HIS           94.23           464    372     99     7.695     6.997     3.631     0.7656      0.7656      0.7307      0.4319
213     A         B          213           MET           94.31           464    372     99     7.695     6.997     3.631     0.7391      0.7391      0.7018      0.3974
214     A         B          214           THR           93.53           464    372     99     7.695     6.997     3.631     0.7534      0.7534      0.7172      0.4148
215     A         B          215           HIS           92.33           464    372     99     7.695     6.997     3.631     0.7106      0.7106      0.6711      0.3643
216     A         B          216           HIS           92.17           464    372     99     7.695     6.997     3.631     0.6747      0.6747      0.6329      0.3265
217     A         B          217           PRO           91.50           464    372     99     7.695     6.997     3.631     0.6044      0.6044      0.5600      0.2656
218     A         B          218           ILE           90.40           464    372     99     7.695     6.997     3.631     0.5507      0.5507      0.5048      0.2226
219     A         B          219           SER           90.49           464    372     97     7.695     6.997     3.587     0.4873      0.4897      0.4437      0.1782
220     A         B          220           ASP           90.85           464    372     65     7.695     6.997     2.768     0.4153      0.4554      0.4095      0.1003
221     A         B          221           HIS           92.63           464    372     26     7.695     6.997     1.000     0.3401      0.4282      0.3829      0.0128
222     A         B          222           GLU           92.03           464    372     95     7.695     6.997     3.543     0.5024      0.5080      0.4619      0.1860
223     A         B          223           ALA           92.26           464    372     99     7.695     6.997     3.631     0.6507      0.6507      0.6074      0.3015
224     A         B          224           THR           93.49           464    372     99     7.695     6.997     3.631     0.7271      0.7271      0.6885      0.3803
225     A         B          225           LEU           93.82           464    372     99     7.695     6.997     3.631     0.7603      0.7603      0.7248      0.4238
226     A         B          226           ARG           95.14           464    372     99     7.695     6.997     3.631     0.7737      0.7737      0.7395      0.4427
227     A         B          227           CYS           95.62           464    372     99     7.695     6.997     3.631     0.8130      0.8130      0.7829      0.5018
228     A         B          228           TRP           96.19           464    372     99     7.695     6.997     3.631     0.8377      0.8377      0.8108      0.5453
229     A         B          229           ALA           96.55           464    372     99     7.695     6.997     3.631     0.8361      0.8361      0.8090      0.5426
230     A         B          230           LEU           96.47           464    372     99     7.695     6.997     3.631     0.8367      0.8367      0.8097      0.5444
231     A         B          231           GLY           96.10           464    372     99     7.695     6.997     3.631     0.7983      0.7983      0.7669      0.4828
232     A         B          232           PHE           96.76           464    372     99     7.695     6.997     3.631     0.8571      0.8571      0.8326      0.5810
233     A         B          233           TYR           96.19           464    372     99     7.695     6.997     3.631     0.8208      0.8208      0.7916      0.5138
234     A         B          234           PRO           95.53           464    372     99     7.695     6.997     3.631     0.7587      0.7587      0.7231      0.4228
235     A         B          235           ALA           96.26           464    372     99     7.695     6.997     3.631     0.7759      0.7759      0.7419      0.4460
236     A         B          236           GLU           95.59           464    372     99     7.695     6.997     3.631     0.7949      0.7949      0.7628      0.4734
237     A         B          237           ILE           96.53           464    372     99     7.695     6.997     3.631     0.7885      0.7885      0.7557      0.4628
238     A         B          238           THR           95.76           464    372     99     7.695     6.997     3.631     0.7455      0.7455      0.7086      0.4037
239     A         B          239           LEU           95.30           464    372     99     7.695     6.997     3.631     0.6929      0.6929      0.6521      0.3441
240     A         B          240           THR           94.56           464    372     99     7.695     6.997     3.631     0.6946      0.6946      0.6537      0.3443
241     A         B          241           TRP           95.31           464    372     99     7.695     6.997     3.631     0.7322      0.7322      0.6940      0.3856
242     A         B          242           GLN           94.19           464    372     99     7.695     6.997     3.631     0.6577      0.6577      0.6145      0.3058
243     A         B          243           ARG           92.82           464    372     99     7.695     6.997     3.631     0.5554      0.5554      0.5088      0.2216
244     A         B          244           ASP           91.86           464    372     92     7.695     6.997     3.475     0.4399      0.4457      0.3998      0.1428
245     A         B          245           GLY           90.25           464    372     31     7.695     6.997     1.325     0.3505      0.4146      0.3695      0.0207
246     A         B          246           GLU           90.86           464    372     51     7.695     6.997     2.294     0.3835      0.4270      0.3815      0.0628
247     A         B          247           ASP           91.16           464    372     95     7.695     6.997     3.543     0.4462      0.4502      0.4042      0.1498
248     A         B          248           GLN           89.13           464    372     30     7.695     6.997     1.258     0.3496      0.4237      0.3782      0.0194
249     A         B          249           THR           85.34           464    372      1     7.695     6.997     1.000     0.2366      0.3814      0.3376      0.0103
250     A         B          250           GLN           78.99           464    372      0     7.695     6.997     1.000     0.2018      0.0000      0.0000      0.0000
251     A         B          251           ASP           82.33           464    372     16     7.695     6.997     1.000     0.2877      0.4293      0.3838      0.0128
252     A         B          252           THR           90.54           464    372     99     7.695     6.997     3.631     0.5560      0.5560      0.5104      0.2274
253     A         B          253           GLU           93.27           464    372     99     7.695     6.997     3.631     0.6804      0.6804      0.6391      0.3328
254     A         B          254           LEU           94.36           464    372     99     7.695     6.997     3.631     0.7445      0.7445      0.7079      0.4072
255     A         B          255           VAL           95.23           464    372     99     7.695     6.997     3.631     0.7897      0.7897      0.7574      0.4694
256     A         B          256           GLU           95.20           464    372     99     7.695     6.997     3.631     0.7951      0.7951      0.7634      0.4774
257     A         B          257           THR           96.76           464    372     99     7.695     6.997     3.631     0.8849      0.8849      0.8645      0.6411
258     A         B          258           ARG           96.99           464    372     99     7.695     6.997     3.631     0.8680      0.8680      0.8452      0.6065
259     A         B          259           PRO           97.03           464    372     99     7.695     6.997     3.631     0.8799      0.8799      0.8588      0.6323
260     A         B          260           ALA           96.43           464    372     99     7.695     6.997     3.631     0.8635      0.8635      0.8401      0.5986
261     A         B          261           GLY           95.10           464    372     99     7.695     6.997     3.631     0.8133      0.8133      0.7838      0.5098
262     A         B          262           ASP           94.92           464    372     99     7.695     6.997     3.631     0.8302      0.8302      0.8026      0.5367
263     A         B          263           GLY           93.94           464    372     99     7.695     6.997     3.631     0.8214      0.8214      0.7927      0.5215
264     A         B          264           THR           96.34           464    372     99     7.695     6.997     3.631     0.8696      0.8696      0.8469      0.6083
265     A         B          265           PHE           97.32           464    372     99     7.695     6.997     3.631     0.9040      0.9040      0.8864      0.6844
266     A         B          266           GLN           97.42           464    372     99     7.695     6.997     3.631     0.8712      0.8712      0.8487      0.6115
267     A         B          267           LYS           97.15           464    372     99     7.695     6.997     3.631     0.8595      0.8595      0.8354      0.5874
268     A         B          268           TRP           96.25           464    372     99     7.695     6.997     3.631     0.8448      0.8448      0.8187      0.5576
269     A         B          269           ALA           95.82           464    372     99     7.695     6.997     3.631     0.8134      0.8134      0.7834      0.5022
270     A         B          270           ALA           95.33           464    372     99     7.695     6.997     3.631     0.7608      0.7608      0.7253      0.4241
271     A         B          271           VAL           94.23           464    372     99     7.695     6.997     3.631     0.7197      0.7197      0.6806      0.3718
272     A         B          272           VAL           93.24           464    372     99     7.695     6.997     3.631     0.7348      0.7348      0.6968      0.3888
273     A         B          273           VAL           92.89           464    372     99     7.695     6.997     3.631     0.6729      0.6729      0.6305      0.3205
274     A         B          274           PRO           92.06           464    372     99     7.695     6.997     3.631     0.5747      0.5747      0.5285      0.2357
275     A         B          275           SER           90.77           464    372     97     7.695     6.997     3.587     0.4747      0.4769      0.4305      0.1682
276     A         B          276           GLY           90.12           464    372     41     7.695     6.997     1.873     0.3702      0.4296      0.3842      0.0437
277     A         B          277           GLU           91.00           464    372     93     7.695     6.997     3.498     0.4539      0.4594      0.4133      0.1520
278     A         B          278           GLU           90.97           464    372     99     7.695     6.997     3.631     0.5168      0.5168      0.4701      0.1959
279     A         B          279           GLN           92.65           464    372     99     7.695     6.997     3.631     0.5247      0.5247      0.4780      0.2016
280     A         B          280           ARG           92.30           464    372     99     7.695     6.997     3.631     0.5628      0.5628      0.5163      0.2267
281     A         B          281           TYR           93.57           464    372     99     7.695     6.997     3.631     0.6915      0.6915      0.6502      0.3388
282     A         B          282           THR           94.73           464    372     99     7.695     6.997     3.631     0.6774      0.6774      0.6353      0.3251
283     A         B          283           CYS           95.00           464    372     99     7.695     6.997     3.631     0.7335      0.7335      0.6954      0.3867
284     A         B          284           HIS           95.46           464    372     99     7.695     6.997     3.631     0.7257      0.7257      0.6870      0.3781
285     A         B          285           VAL           96.37           464    372     99     7.695     6.997     3.631     0.7581      0.7581      0.7222      0.4187
286     A         B          286           GLN           96.34           464    372     99     7.695     6.997     3.631     0.7249      0.7249      0.6861      0.3774
287     A         B          287           HIS           96.15           464    372     99     7.695     6.997     3.631     0.7470      0.7470      0.7099      0.4034
288     A         B          288           GLU           93.78           464    372     99     7.695     6.997     3.631     0.6353      0.6353      0.5911      0.2855
289     A         B          289           GLY           93.00           464    372     99     7.695     6.997     3.631     0.5932      0.5932      0.5475      0.2505
290     A         B          290           LEU           94.50           464    372     99     7.695     6.997     3.631     0.6452      0.6452      0.6014      0.2942
291     A         B          291           PRO           92.85           464    372     99     7.695     6.997     3.631     0.5435      0.5435      0.4972      0.2155
292     A         B          292           LYS           95.07           464    372     99     7.695     6.997     3.631     0.4912      0.4912      0.4447      0.1803
293     A         B          293           PRO           94.70           464    372     99     7.695     6.997     3.631     0.5697      0.5697      0.5234      0.2323
294     A         B          294           LEU           94.90           464    372     99     7.695     6.997     3.631     0.5919      0.5919      0.5461      0.2488
295     A         B          295           THR           94.77           464    372     99     7.695     6.997     3.631     0.6312      0.6312      0.5867      0.2812
296     A         B          296           LEU           94.16           464    372     99     7.695     6.997     3.631     0.6354      0.6354      0.5911      0.2852
297     A         B          297           ARG           92.50           464    372     99     7.695     6.997     3.631     0.5269      0.5269      0.4803      0.2030
298     A         B          298           TRP           89.70           464    372     20     7.695     6.997     1.000     0.3381      0.4262      0.3810      0.0127
299     A         B          299           GLU           80.16           464    372      0     7.695     6.997     1.000     0.1445      0.0000      0.0000      0.0000
300     A         B          300           LEU           63.97           464    372      0     7.695     6.997     1.000     0.1013      0.0000      0.0000      0.0000
301     A         B          301           SER           58.14           464    372      0     7.695     6.997     1.000     0.0756      0.0000      0.0000      0.0000
302     A         B          302           SER           47.24           464    372      0     7.695     6.997     1.000     0.0689      0.0000      0.0000      0.0000
303     A         B          303           GLN           37.13           464    372      0     7.695     6.997     1.000     0.0664      0.0000      0.0000      0.0000
304     A         B          304           PRO           38.15           464    372      0     7.695     6.997     1.000     0.0656      0.0000      0.0000      0.0000
305     A         B          305           THR           35.06           464    372      0     7.695     6.997     1.000     0.0644      0.0000      0.0000      0.0000
306     A         B          306           ILE           34.62           464    372      0     7.695     6.997     1.000     0.0631      0.0000      0.0000      0.0000
307     A         B          307           PRO           34.19           464    372      0     7.695     6.997     1.000     0.0629      0.0000      0.0000      0.0000
308     A         B          308           ILE           36.47           464    372      0     7.695     6.997     1.000     0.0632      0.0000      0.0000      0.0000
309     A         B          309           VAL           35.78           464    372      0     7.695     6.997     1.000     0.0632      0.0000      0.0000      0.0000
310     A         B          310           GLY           36.94           464    372      0     7.695     6.997     1.000     0.0627      0.0000      0.0000      0.0000
311     A         B          311           ILE           35.99           464    372      0     7.695     6.997     1.000     0.0637      0.0000      0.0000      0.0000
312     A         B          312           ILE           37.10           464    372      0     7.695     6.997     1.000     0.0640      0.0000      0.0000      0.0000
313     A         B          313           ALA           40.78           464    372      0     7.695     6.997     1.000     0.0632      0.0000      0.0000      0.0000
314     A         B          314           GLY           42.02           464    372      0     7.695     6.997     1.000     0.0628      0.0000      0.0000      0.0000
315     A         B          315           LEU           38.23           464    372      0     7.695     6.997     1.000     0.0641      0.0000      0.0000      0.0000
316     A         B          316           VAL           41.03           464    372      0     7.695     6.997     1.000     0.0637      0.0000      0.0000      0.0000
317     A         B          317           LEU           42.99           464    372      0     7.695     6.997     1.000     0.0633      0.0000      0.0000      0.0000
318     A         B          318           LEU           41.52           464    372      0     7.695     6.997     1.000     0.0634      0.0000      0.0000      0.0000
319     A         B          319           GLY           41.49           464    372      0     7.695     6.997     1.000     0.0628      0.0000      0.0000      0.0000
320     A         B          320           ALA           45.57           464    372      0     7.695     6.997     1.000     0.0629      0.0000      0.0000      0.0000
321     A         B          321           VAL           47.80           464    372      0     7.695     6.997     1.000     0.0633      0.0000      0.0000      0.0000
322     A         B          322           ILE           44.45           464    372      0     7.695     6.997     1.000     0.0630      0.0000      0.0000      0.0000
323     A         B          323           THR           42.53           464    372      0     7.695     6.997     1.000     0.0629      0.0000      0.0000      0.0000
324     A         B          324           GLY           44.24           464    372      0     7.695     6.997     1.000     0.0616      0.0000      0.0000      0.0000
325     A         B          325           ALA           49.83           464    372      0     7.695     6.997     1.000     0.0620      0.0000      0.0000      0.0000
326     A         B          326           VAL           43.46           464    372      0     7.695     6.997     1.000     0.0625      0.0000      0.0000      0.0000
327     A         B          327           VAL           43.53           464    372      0     7.695     6.997     1.000     0.0622      0.0000      0.0000      0.0000
328     A         B          328           ALA           48.29           464    372      0     7.695     6.997     1.000     0.0615      0.0000      0.0000      0.0000
329     A         B          329           ALA           52.49           464    372      0     7.695     6.997     1.000     0.0615      0.0000      0.0000      0.0000
330     A         B          330           VAL           51.04           464    372      0     7.695     6.997     1.000     0.0618      0.0000      0.0000      0.0000
331     A         B          331           MET           50.93           464    372      0     7.695     6.997     1.000     0.0618      0.0000      0.0000      0.0000
332     A         B          332           TRP           60.33           464    372      0     7.695     6.997     1.000     0.0612      0.0000      0.0000      0.0000
333     A         B          333           ARG           53.87           464    372      0     7.695     6.997     1.000     0.0607      0.0000      0.0000      0.0000
334     A         B          334           ARG           53.11           464    372      0     7.695     6.997     1.000     0.0597      0.0000      0.0000      0.0000
335     A         B          335           LYS           53.22           464    372      0     7.695     6.997     1.000     0.0597      0.0000      0.0000      0.0000
336     A         B          336           SER           46.96           464    372      0     7.695     6.997     1.000     0.0575      0.0000      0.0000      0.0000
337     A         B          337           SER           41.40           464    372      0     7.695     6.997     1.000     0.0571      0.0000      0.0000      0.0000
338     A         B          338           ASP           39.95           464    372      0     7.695     6.997     1.000     0.0565      0.0000      0.0000      0.0000
339     A         B          339           ARG           36.87           464    372      0     7.695     6.997     1.000     0.0565      0.0000      0.0000      0.0000
340     A         B          340           LYS           30.68           464    372      0     7.695     6.997     1.000     0.0561      0.0000      0.0000      0.0000
341     A         B          341           GLY           29.26           464    372      0     7.695     6.997     1.000     0.0559      0.0000      0.0000      0.0000
342     A         B          342           GLY           27.35           464    372      0     7.695     6.997     1.000     0.0559      0.0000      0.0000      0.0000
343     A         B          343           SER           25.70           464    372      0     7.695     6.997     1.000     0.0557      0.0000      0.0000      0.0000
344     A         B          344           TYR           24.25           464    372      0     7.695     6.997     1.000     0.0557      0.0000      0.0000      0.0000
345     A         B          345           THR           27.38           464    372      0     7.695     6.997     1.000     0.0557      0.0000      0.0000      0.0000
346     A         B          346           GLN           22.69           464    372      0     7.695     6.997     1.000     0.0557      0.0000      0.0000      0.0000
347     A         B          347           ALA           26.15           464    372      0     7.695     6.997     1.000     0.0557      0.0000      0.0000      0.0000
348     A         B          348           ALA           26.32           464    372      0     7.695     6.997     1.000     0.0557      0.0000      0.0000      0.0000
349     A         B          349           SER           23.56           464    372      0     7.695     6.997     1.000     0.0558      0.0000      0.0000      0.0000
350     A         B          350           SER           25.07           464    372      0     7.695     6.997     1.000     0.0558      0.0000      0.0000      0.0000
351     A         B          351           ASP           26.97           464    372      0     7.695     6.997     1.000     0.0558      0.0000      0.0000      0.0000
352     A         B          352           SER           26.40           464    372      0     7.695     6.997     1.000     0.0558      0.0000      0.0000      0.0000
353     A         B          353           ALA           25.07           464    372      0     7.695     6.997     1.000     0.0559      0.0000      0.0000      0.0000
354     A         B          354           GLN           24.45           464    372      0     7.695     6.997     1.000     0.0559      0.0000      0.0000      0.0000
355     A         B          355           GLY           25.26           464    372      0     7.695     6.997     1.000     0.0558      0.0000      0.0000      0.0000
356     A         B          356           SER           26.10           464    372      0     7.695     6.997     1.000     0.0559      0.0000      0.0000      0.0000
357     A         B          357           ASP           24.64           464    372      0     7.695     6.997     1.000     0.0559      0.0000      0.0000      0.0000
358     A         B          358           VAL           25.89           464    372      0     7.695     6.997     1.000     0.0560      0.0000      0.0000      0.0000
359     A         B          359           SER           24.69           464    372      0     7.695     6.997     1.000     0.0559      0.0000      0.0000      0.0000
360     A         B          360           LEU           24.50           464    372      0     7.695     6.997     1.000     0.0560      0.0000      0.0000      0.0000
361     A         B          361           THR           25.44           464    372      0     7.695     6.997     1.000     0.0559      0.0000      0.0000      0.0000
362     A         B          362           ALA           24.13           464    372      0     7.695     6.997     1.000     0.0559      0.0000      0.0000      0.0000
363     A         B          363           CYS           21.21           464    372      0     7.695     6.997     1.000     0.0559      0.0000      0.0000      0.0000
364     A         B          364           LYS           22.20           464    372      0     7.695     6.997     1.000     0.0558      0.0000      0.0000      0.0000
365     A         B          365           VAL           15.65           464    372      0     7.695     6.997     1.000     0.0558      0.0000      0.0000      0.0000
1       A         C            1           MET           19.79           374    262      0     7.013     5.980     1.000     0.0471      0.0000      0.0000      0.0000
2       A         C            2           ALA           24.88           374    262      0     7.013     5.980     1.000     0.0470      0.0000      0.0000      0.0000
3       A         C            3           VAL           26.09           374    262      0     7.013     5.980     1.000     0.0471      0.0000      0.0000      0.0000
4       A         C            4           MET           23.46           374    262      0     7.013     5.980     1.000     0.0473      0.0000      0.0000      0.0000
5       A         C            5           ALA           29.63           374    262      0     7.013     5.980     1.000     0.0471      0.0000      0.0000      0.0000
6       A         C            6           PRO           28.64           374    262      0     7.013     5.980     1.000     0.0475      0.0000      0.0000      0.0000
7       A         C            7           ARG           29.00           374    262      0     7.013     5.980     1.000     0.0479      0.0000      0.0000      0.0000
8       A         C            8           THR           28.54           374    262      0     7.013     5.980     1.000     0.0482      0.0000      0.0000      0.0000
9       A         C            9           LEU           27.25           374    262      0     7.013     5.980     1.000     0.0487      0.0000      0.0000      0.0000
10      A         C           10           LEU           27.57           374    262      0     7.013     5.980     1.000     0.0490      0.0000      0.0000      0.0000
11      A         C           11           LEU           26.20           374    262      0     7.013     5.980     1.000     0.0493      0.0000      0.0000      0.0000
12      A         C           12           LEU           28.90           374    262      0     7.013     5.980     1.000     0.0500      0.0000      0.0000      0.0000
13      A         C           13           LEU           29.04           374    262      0     7.013     5.980     1.000     0.0514      0.0000      0.0000      0.0000
14      A         C           14           SER           27.14           374    262      0     7.013     5.980     1.000     0.0514      0.0000      0.0000      0.0000
15      A         C           15           GLY           29.40           374    262      0     7.013     5.980     1.000     0.0529      0.0000      0.0000      0.0000
16      A         C           16           ALA           32.17           374    262      0     7.013     5.980     1.000     0.0544      0.0000      0.0000      0.0000
17      A         C           17           LEU           32.42           374    262      0     7.013     5.980     1.000     0.0570      0.0000      0.0000      0.0000
18      A         C           18           ALA           37.42           374    262      0     7.013     5.980     1.000     0.0585      0.0000      0.0000      0.0000
19      A         C           19           LEU           41.63           374    262      0     7.013     5.980     1.000     0.0591      0.0000      0.0000      0.0000
20      A         C           20           THR           47.30           374    262      0     7.013     5.980     1.000     0.0673      0.0000      0.0000      0.0000
21      A         C           21           GLN           55.16           374    262      0     7.013     5.980     1.000     0.0768      0.0000      0.0000      0.0000
22      A         C           22           THR           70.24           374    262      0     7.013     5.980     1.000     0.1072      0.0000      0.0000      0.0000
23      A         C           23           TRP           77.43           374    262      0     7.013     5.980     1.000     0.1783      0.0000      0.0000      0.0000
24      A         C           24           ALA           72.00           374    262      0     7.013     5.980     1.000     0.1583      0.0000      0.0000      0.0000
25      A         C           25           GLY           86.43           374    262      2     7.013     5.980     1.000     0.2945      0.3556      0.2865      0.0111
26      A         C           26           SER           93.18           374    262      9     7.013     5.980     1.000     0.6178      0.6178      0.5427      0.0343
27      A         C           27           HIS           96.23           374    262      9     7.013     5.980     1.000     0.7806      0.7806      0.7227      0.0732
28      A         C           28           SER           97.11           374    262      9     7.013     5.980     1.000     0.7895      0.7895      0.7333      0.0779
29      A         C           29           MET           97.83           374    262      9     7.013     5.980     1.000     0.8453      0.8453      0.8003      0.1112
30      A         C           30           ARG           97.72           374    262      9     7.013     5.980     1.000     0.8461      0.8461      0.8013      0.1126
31      A         C           31           TYR           97.81           374    262      9     7.013     5.980     1.000     0.8721      0.8721      0.8338      0.1428
32      A         C           32           PHE           98.15           374    262      9     7.013     5.980     1.000     0.8744      0.8744      0.8364      0.1422
33      A         C           33           TYR           97.96           374    262      9     7.013     5.980     1.000     0.8746      0.8746      0.8365      0.1415
34      A         C           34           THR           98.16           374    262      9     7.013     5.980     1.000     0.8557      0.8557      0.8135      0.1254
35      A         C           35           SER           97.57           374    262      9     7.013     5.980     1.000     0.8395      0.8395      0.7932      0.1070
36      A         C           36           VAL           97.57           374    262      9     7.013     5.980     1.000     0.8356      0.8356      0.7891      0.1107
37      A         C           37           SER           96.13           374    262      9     7.013     5.980     1.000     0.7934      0.7934      0.7379      0.0800
38      A         C           38           ARG           93.37           374    262      9     7.013     5.980     1.000     0.6829      0.6829      0.6118      0.0445
39      A         C           39           PRO           92.13           374    262      9     7.013     5.980     1.000     0.5007      0.5007      0.4221      0.0202
40      A         C           40           GLY           88.95           374    262      4     7.013     5.980     1.000     0.3401      0.3925      0.3204      0.0132
41      A         C           41           ARG           88.08           374    262      3     7.013     5.980     1.000     0.3465      0.4079      0.3339      0.0139
42      A         C           42           GLY           86.27           374    262      9     7.013     5.980     1.000     0.4058      0.4058      0.3323      0.0139
43      A         C           43           GLU           88.67           374    262      9     7.013     5.980     1.000     0.5950      0.5950      0.5177      0.0301
44      A         C           44           PRO           93.65           374    262      9     7.013     5.980     1.000     0.7473      0.7473      0.6836      0.0597
45      A         C           45           ARG           96.09           374    262      9     7.013     5.980     1.000     0.8016      0.8016      0.7475      0.0827
46      A         C           46           PHE           96.79           374    262      9     7.013     5.980     1.000     0.8573      0.8573      0.8150      0.1228
47      A         C           47           ILE           97.92           374    262      9     7.013     5.980     1.000     0.8470      0.8470      0.8025      0.1138
48      A         C           48           ALA           97.85           374    262      9     7.013     5.980     1.000     0.8358      0.8358      0.7886      0.1039
49      A         C           49           VAL           98.16           374    262      9     7.013     5.980     1.000     0.8357      0.8357      0.7886      0.1045
50      A         C           50           GLY           98.02           374    262      9     7.013     5.980     1.000     0.8128      0.8128      0.7606      0.0873
51      A         C           51           TYR           97.82           374    262      9     7.013     5.980     1.000     0.8433      0.8433      0.7979      0.1103
52      A         C           52           VAL           97.80           374    262      9     7.013     5.980     1.000     0.8307      0.8307      0.7827      0.1016
53      A         C           53           ASP           96.11           374    262      9     7.013     5.980     1.000     0.7773      0.7773      0.7190      0.0735
54      A         C           54           ASP           95.85           374    262      9     7.013     5.980     1.000     0.7381      0.7381      0.6739      0.0595
55      A         C           55           THR           96.66           374    262      9     7.013     5.980     1.000     0.7903      0.7903      0.7343      0.0794
56      A         C           56           GLN           97.45           374    262      9     7.013     5.980     1.000     0.8144      0.8144      0.7628      0.0903
57      A         C           57           PHE           97.64           374    262      9     7.013     5.980     1.000     0.8301      0.8301      0.7821      0.1048
58      A         C           58           VAL           97.64           374    262      9     7.013     5.980     1.000     0.8223      0.8223      0.7721      0.0944
59      A         C           59           ARG           97.51           374    262      9     7.013     5.980     1.000     0.8005      0.8005      0.7461      0.0824
60      A         C           60           PHE           97.23           374    262      9     7.013     5.980     1.000     0.8417      0.8417      0.7957      0.1072
61      A         C           61           ASP           96.76           374    262      9     7.013     5.980     1.000     0.8076      0.8076      0.7546      0.0855
62      A         C           62           SER           94.25           374    262      9     7.013     5.980     1.000     0.7870      0.7870      0.7296      0.0733
63      A         C           63           ASP           93.74           374    262      9     7.013     5.980     1.000     0.7535      0.7535      0.6908      0.0615
64      A         C           64           ALA           93.47           374    262      9     7.013     5.980     1.000     0.6775      0.6775      0.6050      0.0418
65      A         C           65           ALA           92.79           374    262      9     7.013     5.980     1.000     0.5805      0.5805      0.5022      0.0280
66      A         C           66           SER           90.68           374    262      9     7.013     5.980     1.000     0.6325      0.6325      0.5564      0.0345
67      A         C           67           GLN           90.19           374    262      9     7.013     5.980     1.000     0.7534      0.7534      0.6903      0.0606
68      A         C           68           ARG           91.86           374    262      9     7.013     5.980     1.000     0.7855      0.7855      0.7281      0.0750
69      A         C           69           MET           94.91           374    262      9     7.013     5.980     1.000     0.8176      0.8176      0.7662      0.0897
70      A         C           70           GLU           96.43           374    262      9     7.013     5.980     1.000     0.7955      0.7955      0.7401      0.0800
71      A         C           71           PRO           97.29           374    262      9     7.013     5.980     1.000     0.7804      0.7804      0.7225      0.0738
72      A         C           72           ARG           96.21           374    262      9     7.013     5.980     1.000     0.7643      0.7643      0.7038      0.0680
73      A         C           73           ALA           95.95           374    262      9     7.013     5.980     1.000     0.7381      0.7381      0.6739      0.0594
74      A         C           74           PRO           95.49           374    262      9     7.013     5.980     1.000     0.6708      0.6708      0.5996      0.0442
75      A         C           75           TRP           96.31           374    262      9     7.013     5.980     1.000     0.7660      0.7660      0.7061      0.0707
76      A         C           76           ILE           96.94           374    262      9     7.013     5.980     1.000     0.7779      0.7779      0.7199      0.0753
77      A         C           77           GLU           95.53           374    262      9     7.013     5.980     1.000     0.7369      0.7369      0.6728      0.0606
78      A         C           78           GLN           93.37           374    262      9     7.013     5.980     1.000     0.6551      0.6551      0.5831      0.0418
79      A         C           79           GLU           92.79           374    262      9     7.013     5.980     1.000     0.7210      0.7210      0.6551      0.0563
80      A         C           80           GLY           88.28           374    262      9     7.013     5.980     1.000     0.6647      0.6647      0.5934      0.0432
81      A         C           81           PRO           84.21           374    262      9     7.013     5.980     1.000     0.7654      0.7654      0.7047      0.0668
82      A         C           82           GLU           77.91           374    262      9     7.013     5.980     1.000     0.8183      0.8183      0.7673      0.0918
83      A         C           83           TYR           87.31           374    262      9     7.013     5.980     1.000     0.8629      0.8629      0.8218      0.1278
84      A         C           84           TRP           89.74           374    262      9     7.013     5.980     1.000     0.8602      0.8602      0.8184      0.1249
85      A         C           85           ASP           78.42           374    262      9     7.013     5.980     1.000     0.8613      0.8613      0.8198      0.1246
86      A         C           86           GLN           78.55           374    262      9     7.013     5.980     1.000     0.8647      0.8647      0.8237      0.1239
87      A         C           87           GLU           87.24           374    262      9     7.013     5.980     1.000     0.8716      0.8716      0.8329      0.1401
88      A         C           88           THR           85.74           374    262      9     7.013     5.980     1.000     0.8683      0.8683      0.8287      0.1338
89      A         C           89           ARG           76.71           374    262      9     7.013     5.980     1.000     0.8717      0.8717      0.8326      0.1332
90      A         C           90           ASN           83.67           374    262      9     7.013     5.980     1.000     0.8853      0.8853      0.8495      0.1484
91      A         C           91           VAL           89.03           374    262      9     7.013     5.980     1.000     0.8711      0.8711      0.8321      0.1363
92      A         C           92           LYS           81.69           374    262      9     7.013     5.980     1.000     0.8793      0.8793      0.8422      0.1454
93      A         C           93           ALA           80.20           374    262      9     7.013     5.980     1.000     0.8777      0.8777      0.8401      0.1422
94      A         C           94           GLN           88.44           374    262      9     7.013     5.980     1.000     0.8772      0.8772      0.8397      0.1450
95      A         C           95           SER           88.30           374    262      9     7.013     5.980     1.000     0.8730      0.8730      0.8343      0.1386
96      A         C           96           GLN           80.52           374    262      9     7.013     5.980     1.000     0.8749      0.8749      0.8369      0.1464
97      A         C           97           THR           84.94           374    262      9     7.013     5.980     1.000     0.8774      0.8774      0.8401      0.1511
98      A         C           98           ASP           91.32           374    262      9     7.013     5.980     1.000     0.8646      0.8646      0.8242      0.1373
99      A         C           99           ARG           87.52           374    262      9     7.013     5.980     1.000     0.8614      0.8614      0.8204      0.1368
100     A         C          100           VAL           84.19           374    262      9     7.013     5.980     1.000     0.8706      0.8706      0.8316      0.1475
101     A         C          101           ASP           91.68           374    262      9     7.013     5.980     1.000     0.8729      0.8729      0.8349      0.1601
102     A         C          102           LEU           94.06           374    262      9     7.013     5.980     1.000     0.8640      0.8640      0.8244      0.1541
103     A         C          103           GLY           90.08           374    262      9     7.013     5.980     1.000     0.8319      0.8319      0.7847      0.1198
104     A         C          104           THR           91.27           374    262      9     7.013     5.980     1.000     0.8584      0.8584      0.8169      0.1429
105     A         C          105           LEU           94.89           374    262      9     7.013     5.980     1.000     0.8517      0.8517      0.8090      0.1372
106     A         C          106           ARG           93.03           374    262      9     7.013     5.980     1.000     0.8230      0.8230      0.7743      0.1147
107     A         C          107           GLY           90.93           374    262      9     7.013     5.980     1.000     0.7990      0.7990      0.7457      0.0969
108     A         C          108           TYR           91.85           374    262      9     7.013     5.980     1.000     0.8223      0.8223      0.7733      0.1118
109     A         C          109           TYR           93.57           374    262      9     7.013     5.980     1.000     0.8077      0.8077      0.7559      0.1025
110     A         C          110           ASN           92.58           374    262      9     7.013     5.980     1.000     0.7291      0.7291      0.6660      0.0679
111     A         C          111           GLN           92.76           374    262      9     7.013     5.980     1.000     0.7048      0.7048      0.6378      0.0554
112     A         C          112           SER           92.35           374    262      9     7.013     5.980     1.000     0.5481      0.5481      0.4728      0.0277
113     A         C          113           GLU           89.79           374    262      9     7.013     5.980     1.000     0.5117      0.5117      0.4354      0.0229
114     A         C          114           ASP           91.51           374    262      7     7.013     5.980     1.000     0.3967      0.4189      0.3459      0.0152
115     A         C          115           GLY           92.73           374    262      9     7.013     5.980     1.000     0.5654      0.5654      0.4873      0.0267
116     A         C          116           SER           95.67           374    262      9     7.013     5.980     1.000     0.7620      0.7620      0.7017      0.0696
117     A         C          117           HIS           96.87           374    262      9     7.013     5.980     1.000     0.8231      0.8231      0.7738      0.1014
118     A         C          118           THR           97.74           374    262      9     7.013     5.980     1.000     0.8369      0.8369      0.7909      0.1158
119     A         C          119           ILE           97.75           374    262      9     7.013     5.980     1.000     0.8577      0.8577      0.8160      0.1332
120     A         C          120           GLN           97.85           374    262      9     7.013     5.980     1.000     0.8620      0.8620      0.8211      0.1335
121     A         C          121           ILE           97.50           374    262      9     7.013     5.980     1.000     0.8598      0.8598      0.8182      0.1274
122     A         C          122           MET           97.57           374    262      9     7.013     5.980     1.000     0.8550      0.8550      0.8125      0.1237
123     A         C          123           TYR           97.31           374    262      9     7.013     5.980     1.000     0.8698      0.8698      0.8306      0.1379
124     A         C          124           GLY           97.15           374    262      9     7.013     5.980     1.000     0.8031      0.8031      0.7487      0.0802
125     A         C          125           CYS           96.89           374    262      9     7.013     5.980     1.000     0.8266      0.8266      0.7771      0.0945
126     A         C          126           ASP           97.20           374    262      9     7.013     5.980     1.000     0.8212      0.8212      0.7712      0.0945
127     A         C          127           VAL           96.61           374    262      9     7.013     5.980     1.000     0.8048      0.8048      0.7510      0.0828
128     A         C          128           GLY           95.00           374    262      9     7.013     5.980     1.000     0.6928      0.6928      0.6224      0.0459
129     A         C          129           PRO           92.94           374    262      9     7.013     5.980     1.000     0.6264      0.6264      0.5506      0.0343
130     A         C          130           ASP           92.75           374    262      9     7.013     5.980     1.000     0.5654      0.5654      0.4871      0.0266
131     A         C          131           GLY           92.02           374    262      9     7.013     5.980     1.000     0.6348      0.6348      0.5593      0.0353
132     A         C          132           ARG           93.39           374    262      9     7.013     5.980     1.000     0.6996      0.6996      0.6295      0.0466
133     A         C          133           PHE           95.19           374    262      9     7.013     5.980     1.000     0.7909      0.7909      0.7343      0.0752
134     A         C          134           LEU           95.78           374    262      9     7.013     5.980     1.000     0.7371      0.7371      0.6719      0.0566
135     A         C          135           ARG           95.48           374    262      9     7.013     5.980     1.000     0.7667      0.7667      0.7058      0.0653
136     A         C          136           GLY           96.41           374    262      9     7.013     5.980     1.000     0.7860      0.7860      0.7283      0.0726
137     A         C          137           TYR           95.99           374    262      9     7.013     5.980     1.000     0.7321      0.7321      0.6661      0.0548
138     A         C          138           ARG           96.48           374    262      9     7.013     5.980     1.000     0.8283      0.8283      0.7792      0.0968
139     A         C          139           GLN           97.02           374    262      9     7.013     5.980     1.000     0.8245      0.8245      0.7752      0.1000
140     A         C          140           ASP           97.18           374    262      9     7.013     5.980     1.000     0.8499      0.8499      0.8062      0.1220
141     A         C          141           ALA           97.76           374    262      9     7.013     5.980     1.000     0.8353      0.8353      0.7887      0.1128
142     A         C          142           TYR           97.45           374    262      9     7.013     5.980     1.000     0.8514      0.8514      0.8086      0.1322
143     A         C          143           ASP           97.03           374    262      9     7.013     5.980     1.000     0.8051      0.8051      0.7525      0.0934
144     A         C          144           GLY           96.56           374    262      9     7.013     5.980     1.000     0.7428      0.7428      0.6799      0.0638
145     A         C          145           LYS           96.36           374    262      9     7.013     5.980     1.000     0.7515      0.7515      0.6902      0.0692
146     A         C          146           ASP           96.81           374    262      9     7.013     5.980     1.000     0.8195      0.8195      0.7697      0.1035
147     A         C          147           TYR           97.25           374    262      9     7.013     5.980     1.000     0.8579      0.8579      0.8166      0.1386
148     A         C          148           ILE           97.18           374    262      9     7.013     5.980     1.000     0.8499      0.8499      0.8066      0.1283
149     A         C          149           ALA           96.79           374    262      9     7.013     5.980     1.000     0.8263      0.8263      0.7775      0.1018
150     A         C          150           LEU           96.38           374    262      9     7.013     5.980     1.000     0.8377      0.8377      0.7914      0.1110
151     A         C          151           ASN           95.87           374    262      9     7.013     5.980     1.000     0.8217      0.8217      0.7717      0.0973
152     A         C          152           GLU           94.23           374    262      9     7.013     5.980     1.000     0.7625      0.7625      0.7012      0.0650
153     A         C          153           ASP           92.74           374    262      9     7.013     5.980     1.000     0.7493      0.7493      0.6859      0.0604
154     A         C          154           LEU           92.76           374    262      9     7.013     5.980     1.000     0.7989      0.7989      0.7437      0.0791
155     A         C          155           ARG           89.62           374    262      9     7.013     5.980     1.000     0.8020      0.8020      0.7473      0.0798
156     A         C          156           SER           93.57           374    262      9     7.013     5.980     1.000     0.7982      0.7982      0.7434      0.0831
157     A         C          157           TRP           95.11           374    262      9     7.013     5.980     1.000     0.8514      0.8514      0.8079      0.1192
158     A         C          158           THR           95.84           374    262      9     7.013     5.980     1.000     0.8184      0.8184      0.7679      0.0973
159     A         C          159           ALA           95.14           374    262      9     7.013     5.980     1.000     0.7920      0.7920      0.7363      0.0814
160     A         C          160           ALA           94.60           374    262      9     7.013     5.980     1.000     0.7388      0.7388      0.6752      0.0617
161     A         C          161           ASP           93.70           374    262      9     7.013     5.980     1.000     0.7060      0.7060      0.6394      0.0564
162     A         C          162           MET           93.12           374    262      9     7.013     5.980     1.000     0.7352      0.7352      0.6728      0.0689
163     A         C          163           ALA           93.96           374    262      9     7.013     5.980     1.000     0.8139      0.8139      0.7632      0.1043
164     A         C          164           ALA           95.46           374    262      9     7.013     5.980     1.000     0.8238      0.8238      0.7749      0.1100
165     A         C          165           GLN           94.41           374    262      9     7.013     5.980     1.000     0.8204      0.8204      0.7710      0.1107
166     A         C          166           ILE           91.45           374    262      9     7.013     5.980     1.000     0.8493      0.8493      0.8060      0.1391
167     A         C          167           THR           92.99           374    262      9     7.013     5.980     1.000     0.8641      0.8641      0.8242      0.1549
168     A         C          168           LYS           92.22           374    262      9     7.013     5.980     1.000     0.8551      0.8551      0.8128      0.1366
169     A         C          169           ARG           85.86           374    262      9     7.013     5.980     1.000     0.8388      0.8388      0.7930      0.1233
170     A         C          170           LYS           81.58           374    262      9     7.013     5.980     1.000     0.8587      0.8587      0.8169      0.1341
171     A         C          171           TRP           85.89           374    262      9     7.013     5.980     1.000     0.8652      0.8652      0.8253      0.1467
172     A         C          172           GLU           82.21           374    262      9     7.013     5.980     1.000     0.8524      0.8524      0.8092      0.1260
173     A         C          173           ALA           69.09           374    262      9     7.013     5.980     1.000     0.8185      0.8185      0.7684      0.1023
174     A         C          174           ALA           67.24           374    262      9     7.013     5.980     1.000     0.8147      0.8147      0.7633      0.0936
175     A         C          175           HIS           69.21           374    262      9     7.013     5.980     1.000     0.8196      0.8196      0.7691      0.0964
176     A         C          176           ALA           81.82           374    262      9     7.013     5.980     1.000     0.8407      0.8407      0.7944      0.1062
177     A         C          177           ALA           86.26           374    262      9     7.013     5.980     1.000     0.8463      0.8463      0.8014      0.1114
178     A         C          178           GLU           76.74           374    262      9     7.013     5.980     1.000     0.8448      0.8448      0.7993      0.1082
179     A         C          179           GLN           77.20           374    262      9     7.013     5.980     1.000     0.8619      0.8619      0.8203      0.1214
180     A         C          180           GLN           87.02           374    262      9     7.013     5.980     1.000     0.8682      0.8682      0.8282      0.1286
181     A         C          181           ARG           86.61           374    262      9     7.013     5.980     1.000     0.8637      0.8637      0.8225      0.1237
182     A         C          182           ALA           78.91           374    262      9     7.013     5.980     1.000     0.8738      0.8738      0.8351      0.1334
183     A         C          183           TYR           86.33           374    262      9     7.013     5.980     1.000     0.8805      0.8805      0.8440      0.1507
184     A         C          184           LEU           91.77           374    262      9     7.013     5.980     1.000     0.8629      0.8629      0.8220      0.1277
185     A         C          185           GLU           88.12           374    262      9     7.013     5.980     1.000     0.8439      0.8439      0.7982      0.1067
186     A         C          186           GLY           81.67           374    262      9     7.013     5.980     1.000     0.8085      0.8085      0.7553      0.0858
187     A         C          187           ARG           84.02           374    262      9     7.013     5.980     1.000     0.8501      0.8501      0.8058      0.1149
188     A         C          188           CYS           91.77           374    262      9     7.013     5.980     1.000     0.8534      0.8534      0.8103      0.1204
189     A         C          189           VAL           93.03           374    262      9     7.013     5.980     1.000     0.8399      0.8399      0.7934      0.1050
190     A         C          190           GLU           87.70           374    262      9     7.013     5.980     1.000     0.8455      0.8455      0.8002      0.1101
191     A         C          191           TRP           91.70           374    262      9     7.013     5.980     1.000     0.8563      0.8563      0.8136      0.1227
192     A         C          192           LEU           95.89           374    262      9     7.013     5.980     1.000     0.8548      0.8548      0.8118      0.1186
193     A         C          193           ARG           94.56           374    262      9     7.013     5.980     1.000     0.8404      0.8404      0.7943      0.1080
194     A         C          194           ARG           93.78           374    262      9     7.013     5.980     1.000     0.8453      0.8453      0.8000      0.1113
195     A         C          195           TYR           96.22           374    262      9     7.013     5.980     1.000     0.8511      0.8511      0.8074      0.1213
196     A         C          196           LEU           95.85           374    262      9     7.013     5.980     1.000     0.8288      0.8288      0.7801      0.0999
197     A         C          197           GLU           94.42           374    262      9     7.013     5.980     1.000     0.7752      0.7752      0.7165      0.0725
198     A         C          198           ASN           95.01           374    262      9     7.013     5.980     1.000     0.7319      0.7319      0.6671      0.0587
199     A         C          199           GLY           94.67           374    262      9     7.013     5.980     1.000     0.6118      0.6118      0.5374      0.0349
200     A         C          200           LYS           94.15           374    262      9     7.013     5.980     1.000     0.6248      0.6248      0.5505      0.0364
201     A         C          201           GLU           93.45           374    262      9     7.013     5.980     1.000     0.5587      0.5587      0.4819      0.0272
202     A         C          202           THR           93.84           374    262      9     7.013     5.980     1.000     0.6158      0.6158      0.5406      0.0342
203     A         C          203           LEU           94.89           374    262      9     7.013     5.980     1.000     0.6596      0.6596      0.5878      0.0427
204     A         C          204           GLN           93.07           374    262      9     7.013     5.980     1.000     0.6309      0.6309      0.5567      0.0367
205     A         C          205           ARG           93.00           374    262      9     7.013     5.980     1.000     0.5466      0.5466      0.4703      0.0263
206     A         C          206           THR           94.35           374    262      9     7.013     5.980     1.000     0.5419      0.5419      0.4645      0.0249
207     A         C          207           ASP           95.30           374    262      9     7.013     5.980     1.000     0.5643      0.5643      0.4864      0.0267
208     A         C          208           PRO           96.27           374    262      9     7.013     5.980     1.000     0.5184      0.5184      0.4405      0.0223
209     A         C          209           PRO           96.78           374    262      9     7.013     5.980     1.000     0.5375      0.5375      0.4593      0.0239
210     A         C          210           LYS           96.16           374    262      9     7.013     5.980     1.000     0.5633      0.5633      0.4853      0.0265
211     A         C          211           THR           95.52           374    262      9     7.013     5.980     1.000     0.5292      0.5292      0.4509      0.0230
212     A         C          212           HIS           94.23           374    262      9     7.013     5.980     1.000     0.4852      0.4852      0.4078      0.0194
213     A         C          213           MET           94.31           374    262      9     7.013     5.980     1.000     0.4615      0.4615      0.3845      0.0174
214     A         C          214           THR           93.53           374    262      9     7.013     5.980     1.000     0.4700      0.4700      0.3928      0.0181
215     A         C          215           HIS           92.33           374    262      9     7.013     5.980     1.000     0.3941      0.3941      0.3215      0.0132
216     A         C          216           HIS           92.17           374    262      9     7.013     5.980     1.000     0.3744      0.3744      0.3035      0.0121
217     A         C          217           PRO           91.50           374    262      0     7.013     5.980     1.000     0.2673      0.0000      0.0000      0.0000
218     A         C          218           ILE           90.40           374    262      0     7.013     5.980     1.000     0.2412      0.0000      0.0000      0.0000
219     A         C          219           SER           90.49           374    262      0     7.013     5.980     1.000     0.2155      0.0000      0.0000      0.0000
220     A         C          220           ASP           90.85           374    262      0     7.013     5.980     1.000     0.1751      0.0000      0.0000      0.0000
221     A         C          221           HIS           92.63           374    262      0     7.013     5.980     1.000     0.1625      0.0000      0.0000      0.0000
222     A         C          222           GLU           92.03           374    262      0     7.013     5.980     1.000     0.2429      0.0000      0.0000      0.0000
223     A         C          223           ALA           92.26           374    262      4     7.013     5.980     1.000     0.3402      0.3694      0.2988      0.0118
224     A         C          224           THR           93.49           374    262      9     7.013     5.980     1.000     0.4414      0.4414      0.3652      0.0159
225     A         C          225           LEU           93.82           374    262      9     7.013     5.980     1.000     0.4713      0.4713      0.3938      0.0180
226     A         C          226           ARG           95.14           374    262      9     7.013     5.980     1.000     0.5346      0.5346      0.4559      0.0232
227     A         C          227           CYS           95.62           374    262      9     7.013     5.980     1.000     0.5594      0.5594      0.4808      0.0257
228     A         C          228           TRP           96.19           374    262      9     7.013     5.980     1.000     0.5879      0.5879      0.5103      0.0292
229     A         C          229           ALA           96.55           374    262      9     7.013     5.980     1.000     0.5957      0.5957      0.5183      0.0300
230     A         C          230           LEU           96.47           374    262      9     7.013     5.980     1.000     0.5894      0.5894      0.5118      0.0293
231     A         C          231           GLY           96.10           374    262      9     7.013     5.980     1.000     0.5548      0.5548      0.4768      0.0257
232     A         C          232           PHE           96.76           374    262      9     7.013     5.980     1.000     0.6475      0.6475      0.5729      0.0372
233     A         C          233           TYR           96.19           374    262      9     7.013     5.980     1.000     0.6370      0.6370      0.5618      0.0358
234     A         C          234           PRO           95.53           374    262      9     7.013     5.980     1.000     0.5884      0.5884      0.5107      0.0291
235     A         C          235           ALA           96.26           374    262      9     7.013     5.980     1.000     0.6179      0.6179      0.5415      0.0329
236     A         C          236           GLU           95.59           374    262      9     7.013     5.980     1.000     0.6464      0.6464      0.5716      0.0370
237     A         C          237           ILE           96.53           374    262      9     7.013     5.980     1.000     0.6232      0.6232      0.5468      0.0334
238     A         C          238           THR           95.76           374    262      9     7.013     5.980     1.000     0.5768      0.5768      0.4988      0.0278
239     A         C          239           LEU           95.30           374    262      9     7.013     5.980     1.000     0.5112      0.5112      0.4328      0.0212
240     A         C          240           THR           94.56           374    262      9     7.013     5.980     1.000     0.4988      0.4988      0.4204      0.0201
241     A         C          241           TRP           95.31           374    262      9     7.013     5.980     1.000     0.4899      0.4899      0.4117      0.0194
242     A         C          242           GLN           94.19           374    262      9     7.013     5.980     1.000     0.4109      0.4109      0.3368      0.0141
243     A         C          243           ARG           92.82           374    262      2     7.013     5.980     1.000     0.3124      0.3387      0.2714      0.0103
244     A         C          244           ASP           91.86           374    262      0     7.013     5.980     1.000     0.2194      0.0000      0.0000      0.0000
245     A         C          245           GLY           90.25           374    262      0     7.013     5.980     1.000     0.1899      0.0000      0.0000      0.0000
246     A         C          246           GLU           90.86           374    262      0     7.013     5.980     1.000     0.2131      0.0000      0.0000      0.0000
247     A         C          247           ASP           91.16           374    262      0     7.013     5.980     1.000     0.2336      0.0000      0.0000      0.0000
248     A         C          248           GLN           89.13           374    262      0     7.013     5.980     1.000     0.1693      0.0000      0.0000      0.0000
249     A         C          249           THR           85.34           374    262      0     7.013     5.980     1.000     0.1078      0.0000      0.0000      0.0000
250     A         C          250           GLN           78.99           374    262      0     7.013     5.980     1.000     0.0794      0.0000      0.0000      0.0000
251     A         C          251           ASP           82.33           374    262      0     7.013     5.980     1.000     0.0951      0.0000      0.0000      0.0000
252     A         C          252           THR           90.54           374    262      0     7.013     5.980     1.000     0.2231      0.0000      0.0000      0.0000
253     A         C          253           GLU           93.27           374    262      9     7.013     5.980     1.000     0.4033      0.4033      0.3300      0.0137
254     A         C          254           LEU           94.36           374    262      9     7.013     5.980     1.000     0.4546      0.4546      0.3776      0.0168
255     A         C          255           VAL           95.23           374    262      9     7.013     5.980     1.000     0.5225      0.5225      0.4438      0.0222
256     A         C          256           GLU           95.20           374    262      9     7.013     5.980     1.000     0.5423      0.5423      0.4636      0.0240
257     A         C          257           THR           96.76           374    262      9     7.013     5.980     1.000     0.6512      0.6512      0.5767      0.0376
258     A         C          258           ARG           96.99           374    262      9     7.013     5.980     1.000     0.5926      0.5926      0.5149      0.0294
259     A         C          259           PRO           97.03           374    262      9     7.013     5.980     1.000     0.6446      0.6446      0.5698      0.0369
260     A         C          260           ALA           96.43           374    262      9     7.013     5.980     1.000     0.5877      0.5877      0.5101      0.0291
261     A         C          261           GLY           95.10           374    262      9     7.013     5.980     1.000     0.5468      0.5468      0.4685      0.0248
262     A         C          262           ASP           94.92           374    262      9     7.013     5.980     1.000     0.5443      0.5443      0.4665      0.0248
263     A         C          263           GLY           93.94           374    262      9     7.013     5.980     1.000     0.5800      0.5800      0.5024      0.0284
264     A         C          264           THR           96.34           374    262      9     7.013     5.980     1.000     0.6382      0.6382      0.5632      0.0362
265     A         C          265           PHE           97.32           374    262      9     7.013     5.980     1.000     0.7120      0.7120      0.6436      0.0499
266     A         C          266           GLN           97.42           374    262      9     7.013     5.980     1.000     0.6407      0.6407      0.5657      0.0362
267     A         C          267           LYS           97.15           374    262      9     7.013     5.980     1.000     0.6359      0.6359      0.5605      0.0354
268     A         C          268           TRP           96.25           374    262      9     7.013     5.980     1.000     0.5840      0.5840      0.5061      0.0285
269     A         C          269           ALA           95.82           374    262      9     7.013     5.980     1.000     0.5517      0.5517      0.4730      0.0249
270     A         C          270           ALA           95.33           374    262      9     7.013     5.980     1.000     0.4845      0.4845      0.4064      0.0190
271     A         C          271           VAL           94.23           374    262      9     7.013     5.980     1.000     0.4388      0.4388      0.3628      0.0158
272     A         C          272           VAL           93.24           374    262      9     7.013     5.980     1.000     0.4391      0.4391      0.3630      0.0158
273     A         C          273           VAL           92.89           374    262      9     7.013     5.980     1.000     0.3808      0.3808      0.3093      0.0124
274     A         C          274           PRO           92.06           374    262      2     7.013     5.980     1.000     0.3133      0.3387      0.2714      0.0103
275     A         C          275           SER           90.77           374    262      0     7.013     5.980     1.000     0.2377      0.0000      0.0000      0.0000
276     A         C          276           GLY           90.12           374    262      0     7.013     5.980     1.000     0.1703      0.0000      0.0000      0.0000
277     A         C          277           GLU           91.00           374    262      0     7.013     5.980     1.000     0.2450      0.0000      0.0000      0.0000
278     A         C          278           GLU           90.97           374    262      0     7.013     5.980     1.000     0.2857      0.0000      0.0000      0.0000
279     A         C          279           GLN           92.65           374    262      0     7.013     5.980     1.000     0.2736      0.0000      0.0000      0.0000
280     A         C          280           ARG           92.30           374    262      5     7.013     5.980     1.000     0.3273      0.3464      0.2782      0.0107
281     A         C          281           TYR           93.57           374    262      9     7.013     5.980     1.000     0.4495      0.4495      0.3730      0.0165
282     A         C          282           THR           94.73           374    262      9     7.013     5.980     1.000     0.4377      0.4377      0.3618      0.0157
283     A         C          283           CYS           95.00           374    262      9     7.013     5.980     1.000     0.5261      0.5261      0.4472      0.0224
284     A         C          284           HIS           95.46           374    262      9     7.013     5.980     1.000     0.5099      0.5099      0.4313      0.0210
285     A         C          285           VAL           96.37           374    262      9     7.013     5.980     1.000     0.5625      0.5625      0.4841      0.0262
286     A         C          286           GLN           96.34           374    262      9     7.013     5.980     1.000     0.5609      0.5609      0.4825      0.0260
287     A         C          287           HIS           96.15           374    262      9     7.013     5.980     1.000     0.5696      0.5696      0.4914      0.0270
288     A         C          288           GLU           93.78           374    262      9     7.013     5.980     1.000     0.4440      0.4440      0.3678      0.0162
289     A         C          289           GLY           93.00           374    262      9     7.013     5.980     1.000     0.4291      0.4291      0.3542      0.0154
290     A         C          290           LEU           94.50           374    262      9     7.013     5.980     1.000     0.4566      0.4566      0.3802      0.0172
291     A         C          291           PRO           92.85           374    262      3     7.013     5.980     1.000     0.3072      0.3718      0.3013      0.0120
292     A         C          292           LYS           95.07           374    262      1     7.013     5.980     1.000     0.2986      0.3726      0.3016      0.0119
293     A         C          293           PRO           94.70           374    262      8     7.013     5.980     1.000     0.3648      0.3703      0.2999      0.0119
294     A         C          294           LEU           94.90           374    262      9     7.013     5.980     1.000     0.3948      0.3948      0.3221      0.0132
295     A         C          295           THR           94.77           374    262      9     7.013     5.980     1.000     0.4217      0.4217      0.3469      0.0148
296     A         C          296           LEU           94.16           374    262      9     7.013     5.980     1.000     0.4312      0.4312      0.3558      0.0154
297     A         C          297           ARG           92.50           374    262      4     7.013     5.980     1.000     0.3314      0.3631      0.2931      0.0115
298     A         C          298           TRP           89.70           374    262      0     7.013     5.980     1.000     0.1880      0.0000      0.0000      0.0000
299     A         C          299           GLU           80.16           374    262      0     7.013     5.980     1.000     0.0779      0.0000      0.0000      0.0000
300     A         C          300           LEU           63.97           374    262      0     7.013     5.980     1.000     0.0643      0.0000      0.0000      0.0000
301     A         C          301           SER           58.14           374    262      0     7.013     5.980     1.000     0.0537      0.0000      0.0000      0.0000
302     A         C          302           SER           47.24           374    262      0     7.013     5.980     1.000     0.0505      0.0000      0.0000      0.0000
303     A         C          303           GLN           37.13           374    262      0     7.013     5.980     1.000     0.0503      0.0000      0.0000      0.0000
304     A         C          304           PRO           38.15           374    262      0     7.013     5.980     1.000     0.0494      0.0000      0.0000      0.0000
305     A         C          305           THR           35.06           374    262      0     7.013     5.980     1.000     0.0489      0.0000      0.0000      0.0000
306     A         C          306           ILE           34.62           374    262      0     7.013     5.980     1.000     0.0490      0.0000      0.0000      0.0000
307     A         C          307           PRO           34.19           374    262      0     7.013     5.980     1.000     0.0486      0.0000      0.0000      0.0000
308     A         C          308           ILE           36.47           374    262      0     7.013     5.980     1.000     0.0492      0.0000      0.0000      0.0000
309     A         C          309           VAL           35.78           374    262      0     7.013     5.980     1.000     0.0491      0.0000      0.0000      0.0000
310     A         C          310           GLY           36.94           374    262      0     7.013     5.980     1.000     0.0487      0.0000      0.0000      0.0000
311     A         C          311           ILE           35.99           374    262      0     7.013     5.980     1.000     0.0495      0.0000      0.0000      0.0000
312     A         C          312           ILE           37.10           374    262      0     7.013     5.980     1.000     0.0497      0.0000      0.0000      0.0000
313     A         C          313           ALA           40.78           374    262      0     7.013     5.980     1.000     0.0493      0.0000      0.0000      0.0000
314     A         C          314           GLY           42.02           374    262      0     7.013     5.980     1.000     0.0492      0.0000      0.0000      0.0000
315     A         C          315           LEU           38.23           374    262      0     7.013     5.980     1.000     0.0498      0.0000      0.0000      0.0000
316     A         C          316           VAL           41.03           374    262      0     7.013     5.980     1.000     0.0496      0.0000      0.0000      0.0000
317     A         C          317           LEU           42.99           374    262      0     7.013     5.980     1.000     0.0494      0.0000      0.0000      0.0000
318     A         C          318           LEU           41.52           374    262      0     7.013     5.980     1.000     0.0496      0.0000      0.0000      0.0000
319     A         C          319           GLY           41.49           374    262      0     7.013     5.980     1.000     0.0493      0.0000      0.0000      0.0000
320     A         C          320           ALA           45.57           374    262      0     7.013     5.980     1.000     0.0493      0.0000      0.0000      0.0000
321     A         C          321           VAL           47.80           374    262      0     7.013     5.980     1.000     0.0494      0.0000      0.0000      0.0000
322     A         C          322           ILE           44.45           374    262      0     7.013     5.980     1.000     0.0494      0.0000      0.0000      0.0000
323     A         C          323           THR           42.53           374    262      0     7.013     5.980     1.000     0.0494      0.0000      0.0000      0.0000
324     A         C          324           GLY           44.24           374    262      0     7.013     5.980     1.000     0.0490      0.0000      0.0000      0.0000
325     A         C          325           ALA           49.83           374    262      0     7.013     5.980     1.000     0.0492      0.0000      0.0000      0.0000
326     A         C          326           VAL           43.46           374    262      0     7.013     5.980     1.000     0.0495      0.0000      0.0000      0.0000
327     A         C          327           VAL           43.53           374    262      0     7.013     5.980     1.000     0.0494      0.0000      0.0000      0.0000
328     A         C          328           ALA           48.29           374    262      0     7.013     5.980     1.000     0.0492      0.0000      0.0000      0.0000
329     A         C          329           ALA           52.49           374    262      0     7.013     5.980     1.000     0.0492      0.0000      0.0000      0.0000
330     A         C          330           VAL           51.04           374    262      0     7.013     5.980     1.000     0.0494      0.0000      0.0000      0.0000
331     A         C          331           MET           50.93           374    262      0     7.013     5.980     1.000     0.0493      0.0000      0.0000      0.0000
332     A         C          332           TRP           60.33           374    262      0     7.013     5.980     1.000     0.0493      0.0000      0.0000      0.0000
333     A         C          333           ARG           53.87           374    262      0     7.013     5.980     1.000     0.0489      0.0000      0.0000      0.0000
334     A         C          334           ARG           53.11           374    262      0     7.013     5.980     1.000     0.0486      0.0000      0.0000      0.0000
335     A         C          335           LYS           53.22           374    262      0     7.013     5.980     1.000     0.0484      0.0000      0.0000      0.0000
336     A         C          336           SER           46.96           374    262      0     7.013     5.980     1.000     0.0474      0.0000      0.0000      0.0000
337     A         C          337           SER           41.40           374    262      0     7.013     5.980     1.000     0.0473      0.0000      0.0000      0.0000
338     A         C          338           ASP           39.95           374    262      0     7.013     5.980     1.000     0.0470      0.0000      0.0000      0.0000
339     A         C          339           ARG           36.87           374    262      0     7.013     5.980     1.000     0.0470      0.0000      0.0000      0.0000
340     A         C          340           LYS           30.68           374    262      0     7.013     5.980     1.000     0.0469      0.0000      0.0000      0.0000
341     A         C          341           GLY           29.26           374    262      0     7.013     5.980     1.000     0.0467      0.0000      0.0000      0.0000
342     A         C          342           GLY           27.35           374    262      0     7.013     5.980     1.000     0.0467      0.0000      0.0000      0.0000
343     A         C          343           SER           25.70           374    262      0     7.013     5.980     1.000     0.0467      0.0000      0.0000      0.0000
344     A         C          344           TYR           24.25           374    262      0     7.013     5.980     1.000     0.0467      0.0000      0.0000      0.0000
345     A         C          345           THR           27.38           374    262      0     7.013     5.980     1.000     0.0467      0.0000      0.0000      0.0000
346     A         C          346           GLN           22.69           374    262      0     7.013     5.980     1.000     0.0469      0.0000      0.0000      0.0000
347     A         C          347           ALA           26.15           374    262      0     7.013     5.980     1.000     0.0468      0.0000      0.0000      0.0000
348     A         C          348           ALA           26.32           374    262      0     7.013     5.980     1.000     0.0468      0.0000      0.0000      0.0000
349     A         C          349           SER           23.56           374    262      0     7.013     5.980     1.000     0.0468      0.0000      0.0000      0.0000
350     A         C          350           SER           25.07           374    262      0     7.013     5.980     1.000     0.0468      0.0000      0.0000      0.0000
351     A         C          351           ASP           26.97           374    262      0     7.013     5.980     1.000     0.0469      0.0000      0.0000      0.0000
352     A         C          352           SER           26.40           374    262      0     7.013     5.980     1.000     0.0469      0.0000      0.0000      0.0000
353     A         C          353           ALA           25.07           374    262      0     7.013     5.980     1.000     0.0469      0.0000      0.0000      0.0000
354     A         C          354           GLN           24.45           374    262      0     7.013     5.980     1.000     0.0469      0.0000      0.0000      0.0000
355     A         C          355           GLY           25.26           374    262      0     7.013     5.980     1.000     0.0469      0.0000      0.0000      0.0000
356     A         C          356           SER           26.10           374    262      0     7.013     5.980     1.000     0.0469      0.0000      0.0000      0.0000
357     A         C          357           ASP           24.64           374    262      0     7.013     5.980     1.000     0.0469      0.0000      0.0000      0.0000
358     A         C          358           VAL           25.89           374    262      0     7.013     5.980     1.000     0.0470      0.0000      0.0000      0.0000
359     A         C          359           SER           24.69           374    262      0     7.013     5.980     1.000     0.0469      0.0000      0.0000      0.0000
360     A         C          360           LEU           24.50           374    262      0     7.013     5.980     1.000     0.0469      0.0000      0.0000      0.0000
361     A         C          361           THR           25.44           374    262      0     7.013     5.980     1.000     0.0469      0.0000      0.0000      0.0000
362     A         C          362           ALA           24.13           374    262      0     7.013     5.980     1.000     0.0469      0.0000      0.0000      0.0000
363     A         C          363           CYS           21.21           374    262      0     7.013     5.980     1.000     0.0469      0.0000      0.0000      0.0000
364     A         C          364           LYS           22.20           374    262      0     7.013     5.980     1.000     0.0469      0.0000      0.0000      0.0000
365     A         C          365           VAL           15.65           374    262      0     7.013     5.980     1.000     0.0468      0.0000      0.0000      0.0000
1       A         D            1           MET           19.79           641      0      0     8.808     1.000     1.000     0.0720      0.0000      0.0000      0.0000
2       A         D            2           ALA           24.88           641      0      0     8.808     1.000     1.000     0.0720      0.0000      0.0000      0.0000
3       A         D            3           VAL           26.09           641      0      0     8.808     1.000     1.000     0.0722      0.0000      0.0000      0.0000
4       A         D            4           MET           23.46           641      0      0     8.808     1.000     1.000     0.0723      0.0000      0.0000      0.0000
5       A         D            5           ALA           29.63           641      0      0     8.808     1.000     1.000     0.0722      0.0000      0.0000      0.0000
6       A         D            6           PRO           28.64           641      0      0     8.808     1.000     1.000     0.0726      0.0000      0.0000      0.0000
7       A         D            7           ARG           29.00           641      0      0     8.808     1.000     1.000     0.0727      0.0000      0.0000      0.0000
8       A         D            8           THR           28.54           641      0      0     8.808     1.000     1.000     0.0729      0.0000      0.0000      0.0000
9       A         D            9           LEU           27.25           641      0      0     8.808     1.000     1.000     0.0734      0.0000      0.0000      0.0000
10      A         D           10           LEU           27.57           641      0      0     8.808     1.000     1.000     0.0733      0.0000      0.0000      0.0000
11      A         D           11           LEU           26.20           641      0      0     8.808     1.000     1.000     0.0735      0.0000      0.0000      0.0000
12      A         D           12           LEU           28.90           641      0      0     8.808     1.000     1.000     0.0737      0.0000      0.0000      0.0000
13      A         D           13           LEU           29.04           641      0      0     8.808     1.000     1.000     0.0741      0.0000      0.0000      0.0000
14      A         D           14           SER           27.14           641      0      0     8.808     1.000     1.000     0.0740      0.0000      0.0000      0.0000
15      A         D           15           GLY           29.40           641      0      0     8.808     1.000     1.000     0.0742      0.0000      0.0000      0.0000
16      A         D           16           ALA           32.17           641      0      0     8.808     1.000     1.000     0.0748      0.0000      0.0000      0.0000
17      A         D           17           LEU           32.42           641      0      0     8.808     1.000     1.000     0.0753      0.0000      0.0000      0.0000
18      A         D           18           ALA           37.42           641      0      0     8.808     1.000     1.000     0.0758      0.0000      0.0000      0.0000
19      A         D           19           LEU           41.63           641      0      0     8.808     1.000     1.000     0.0763      0.0000      0.0000      0.0000
20      A         D           20           THR           47.30           641      0      0     8.808     1.000     1.000     0.0808      0.0000      0.0000      0.0000
21      A         D           21           GLN           55.16           641      0      0     8.808     1.000     1.000     0.0807      0.0000      0.0000      0.0000
22      A         D           22           THR           70.24           641      0      0     8.808     1.000     1.000     0.0880      0.0000      0.0000      0.0000
23      A         D           23           TRP           77.43           641      0      0     8.808     1.000     1.000     0.0951      0.0000      0.0000      0.0000
24      A         D           24           ALA           72.00           641      0      0     8.808     1.000     1.000     0.0888      0.0000      0.0000      0.0000
25      A         D           25           GLY           86.43           641      0      0     8.808     1.000     1.000     0.1000      0.0000      0.0000      0.0000
26      A         D           26           SER           93.18           641      0      0     8.808     1.000     1.000     0.1217      0.0000      0.0000      0.0000
27      A         D           27           HIS           96.23           641      0      0     8.808     1.000     1.000     0.1284      0.0000      0.0000      0.0000
28      A         D           28           SER           97.11           641      0      0     8.808     1.000     1.000     0.1272      0.0000      0.0000      0.0000
29      A         D           29           MET           97.83           641      0      0     8.808     1.000     1.000     0.1254      0.0000      0.0000      0.0000
30      A         D           30           ARG           97.72           641      0      0     8.808     1.000     1.000     0.1294      0.0000      0.0000      0.0000
31      A         D           31           TYR           97.81           641      0      0     8.808     1.000     1.000     0.1316      0.0000      0.0000      0.0000
32      A         D           32           PHE           98.15           641      0      0     8.808     1.000     1.000     0.1357      0.0000      0.0000      0.0000
33      A         D           33           TYR           97.96           641      0      0     8.808     1.000     1.000     0.1326      0.0000      0.0000      0.0000
34      A         D           34           THR           98.16           641      0      0     8.808     1.000     1.000     0.1311      0.0000      0.0000      0.0000
35      A         D           35           SER           97.57           641      0      0     8.808     1.000     1.000     0.1313      0.0000      0.0000      0.0000
36      A         D           36           VAL           97.57           641      0      0     8.808     1.000     1.000     0.1325      0.0000      0.0000      0.0000
37      A         D           37           SER           96.13           641      0      0     8.808     1.000     1.000     0.1315      0.0000      0.0000      0.0000
38      A         D           38           ARG           93.37           641      0      0     8.808     1.000     1.000     0.1222      0.0000      0.0000      0.0000
39      A         D           39           PRO           92.13           641      0      0     8.808     1.000     1.000     0.1132      0.0000      0.0000      0.0000
40      A         D           40           GLY           88.95           641      0      0     8.808     1.000     1.000     0.1051      0.0000      0.0000      0.0000
41      A         D           41           ARG           88.08           641      0      0     8.808     1.000     1.000     0.1047      0.0000      0.0000      0.0000
42      A         D           42           GLY           86.27           641      0      0     8.808     1.000     1.000     0.1075      0.0000      0.0000      0.0000
43      A         D           43           GLU           88.67           641      0      0     8.808     1.000     1.000     0.1184      0.0000      0.0000      0.0000
44      A         D           44           PRO           93.65           641      0      0     8.808     1.000     1.000     0.1282      0.0000      0.0000      0.0000
45      A         D           45           ARG           96.09           641      0      0     8.808     1.000     1.000     0.1312      0.0000      0.0000      0.0000
46      A         D           46           PHE           96.79           641      0      0     8.808     1.000     1.000     0.1303      0.0000      0.0000      0.0000
47      A         D           47           ILE           97.92           641      0      0     8.808     1.000     1.000     0.1308      0.0000      0.0000      0.0000
48      A         D           48           ALA           97.85           641      0      0     8.808     1.000     1.000     0.1294      0.0000      0.0000      0.0000
49      A         D           49           VAL           98.16           641      0      0     8.808     1.000     1.000     0.1284      0.0000      0.0000      0.0000
50      A         D           50           GLY           98.02           641      0      0     8.808     1.000     1.000     0.1235      0.0000      0.0000      0.0000
51      A         D           51           TYR           97.82           641      0      0     8.808     1.000     1.000     0.1293      0.0000      0.0000      0.0000
52      A         D           52           VAL           97.80           641      0      0     8.808     1.000     1.000     0.1283      0.0000      0.0000      0.0000
53      A         D           53           ASP           96.11           641      0      0     8.808     1.000     1.000     0.1277      0.0000      0.0000      0.0000
54      A         D           54           ASP           95.85           641      0      0     8.808     1.000     1.000     0.1232      0.0000      0.0000      0.0000
55      A         D           55           THR           96.66           641      0      0     8.808     1.000     1.000     0.1293      0.0000      0.0000      0.0000
56      A         D           56           GLN           97.45           641      0      0     8.808     1.000     1.000     0.1268      0.0000      0.0000      0.0000
57      A         D           57           PHE           97.64           641      0      0     8.808     1.000     1.000     0.1235      0.0000      0.0000      0.0000
58      A         D           58           VAL           97.64           641      0      0     8.808     1.000     1.000     0.1253      0.0000      0.0000      0.0000
59      A         D           59           ARG           97.51           641      0      0     8.808     1.000     1.000     0.1265      0.0000      0.0000      0.0000
60      A         D           60           PHE           97.23           641      0      0     8.808     1.000     1.000     0.1318      0.0000      0.0000      0.0000
61      A         D           61           ASP           96.76           641      0      0     8.808     1.000     1.000     0.1297      0.0000      0.0000      0.0000
62      A         D           62           SER           94.25           641      0      0     8.808     1.000     1.000     0.1297      0.0000      0.0000      0.0000
63      A         D           63           ASP           93.74           641      0      0     8.808     1.000     1.000     0.1279      0.0000      0.0000      0.0000
64      A         D           64           ALA           93.47           641      0      0     8.808     1.000     1.000     0.1254      0.0000      0.0000      0.0000
65      A         D           65           ALA           92.79           641      0      0     8.808     1.000     1.000     0.1262      0.0000      0.0000      0.0000
66      A         D           66           SER           90.68           641      0      0     8.808     1.000     1.000     0.1268      0.0000      0.0000      0.0000
67      A         D           67           GLN           90.19           641      0      0     8.808     1.000     1.000     0.1321      0.0000      0.0000      0.0000
68      A         D           68           ARG           91.86           641      0      0     8.808     1.000     1.000     0.1335      0.0000      0.0000      0.0000
69      A         D           69           MET           94.91           641      0      0     8.808     1.000     1.000     0.1305      0.0000      0.0000      0.0000
70      A         D           70           GLU           96.43           641      0      0     8.808     1.000     1.000     0.1324      0.0000      0.0000      0.0000
71      A         D           71           PRO           97.29           641      0      0     8.808     1.000     1.000     0.1307      0.0000      0.0000      0.0000
72      A         D           72           ARG           96.21           641      0      0     8.808     1.000     1.000     0.1267      0.0000      0.0000      0.0000
73      A         D           73           ALA           95.95           641      0      0     8.808     1.000     1.000     0.1241      0.0000      0.0000      0.0000
74      A         D           74           PRO           95.49           641      0      0     8.808     1.000     1.000     0.1252      0.0000      0.0000      0.0000
75      A         D           75           TRP           96.31           641      0      0     8.808     1.000     1.000     0.1277      0.0000      0.0000      0.0000
76      A         D           76           ILE           96.94           641      0      0     8.808     1.000     1.000     0.1254      0.0000      0.0000      0.0000
77      A         D           77           GLU           95.53           641      0      0     8.808     1.000     1.000     0.1307      0.0000      0.0000      0.0000
78      A         D           78           GLN           93.37           641      0      0     8.808     1.000     1.000     0.1262      0.0000      0.0000      0.0000
79      A         D           79           GLU           92.79           641      0      0     8.808     1.000     1.000     0.1270      0.0000      0.0000      0.0000
80      A         D           80           GLY           88.28           641      0      0     8.808     1.000     1.000     0.1278      0.0000      0.0000      0.0000
81      A         D           81           PRO           84.21           641      0      0     8.808     1.000     1.000     0.1329      0.0000      0.0000      0.0000
82      A         D           82           GLU           77.91           641      0      0     8.808     1.000     1.000     0.1309      0.0000      0.0000      0.0000
83      A         D           83           TYR           87.31           641      0      0     8.808     1.000     1.000     0.1358      0.0000      0.0000      0.0000
84      A         D           84           TRP           89.74           641      0      0     8.808     1.000     1.000     0.1357      0.0000      0.0000      0.0000
85      A         D           85           ASP           78.42           641      0      0     8.808     1.000     1.000     0.1364      0.0000      0.0000      0.0000
86      A         D           86           GLN           78.55           641      0      0     8.808     1.000     1.000     0.1383      0.0000      0.0000      0.0000
87      A         D           87           GLU           87.24           641      0      0     8.808     1.000     1.000     0.1349      0.0000      0.0000      0.0000
88      A         D           88           THR           85.74           641      0      0     8.808     1.000     1.000     0.1378      0.0000      0.0000      0.0000
89      A         D           89           ARG           76.71           641      0      0     8.808     1.000     1.000     0.1350      0.0000      0.0000      0.0000
90      A         D           90           ASN           83.67           641      0      0     8.808     1.000     1.000     0.1448      0.0000      0.0000      0.0000
91      A         D           91           VAL           89.03           641      0      0     8.808     1.000     1.000     0.1362      0.0000      0.0000      0.0000
92      A         D           92           LYS           81.69           641      0      0     8.808     1.000     1.000     0.1380      0.0000      0.0000      0.0000
93      A         D           93           ALA           80.20           641      0      0     8.808     1.000     1.000     0.1432      0.0000      0.0000      0.0000
94      A         D           94           GLN           88.44           641      0      0     8.808     1.000     1.000     0.1422      0.0000      0.0000      0.0000
95      A         D           95           SER           88.30           641      0      0     8.808     1.000     1.000     0.1356      0.0000      0.0000      0.0000
96      A         D           96           GLN           80.52           641      0      0     8.808     1.000     1.000     0.1337      0.0000      0.0000      0.0000
97      A         D           97           THR           84.94           641      0      0     8.808     1.000     1.000     0.1367      0.0000      0.0000      0.0000
98      A         D           98           ASP           91.32           641      0      0     8.808     1.000     1.000     0.1363      0.0000      0.0000      0.0000
99      A         D           99           ARG           87.52           641      0      0     8.808     1.000     1.000     0.1355      0.0000      0.0000      0.0000
100     A         D          100           VAL           84.19           641      0      0     8.808     1.000     1.000     0.1311      0.0000      0.0000      0.0000
101     A         D          101           ASP           91.68           641      0      0     8.808     1.000     1.000     0.1323      0.0000      0.0000      0.0000
102     A         D          102           LEU           94.06           641      0      0     8.808     1.000     1.000     0.1369      0.0000      0.0000      0.0000
103     A         D          103           GLY           90.08           641      0      0     8.808     1.000     1.000     0.1319      0.0000      0.0000      0.0000
104     A         D          104           THR           91.27           641      0      0     8.808     1.000     1.000     0.1325      0.0000      0.0000      0.0000
105     A         D          105           LEU           94.89           641      0      0     8.808     1.000     1.000     0.1329      0.0000      0.0000      0.0000
106     A         D          106           ARG           93.03           641      0      0     8.808     1.000     1.000     0.1307      0.0000      0.0000      0.0000
107     A         D          107           GLY           90.93           641      0      0     8.808     1.000     1.000     0.1273      0.0000      0.0000      0.0000
108     A         D          108           TYR           91.85           641      0      0     8.808     1.000     1.000     0.1283      0.0000      0.0000      0.0000
109     A         D          109           TYR           93.57           641      0      0     8.808     1.000     1.000     0.1290      0.0000      0.0000      0.0000
110     A         D          110           ASN           92.58           641      0      0     8.808     1.000     1.000     0.1234      0.0000      0.0000      0.0000
111     A         D          111           GLN           92.76           641      0      0     8.808     1.000     1.000     0.1228      0.0000      0.0000      0.0000
112     A         D          112           SER           92.35           641      0      0     8.808     1.000     1.000     0.1175      0.0000      0.0000      0.0000
113     A         D          113           GLU           89.79           641      0      0     8.808     1.000     1.000     0.1154      0.0000      0.0000      0.0000
114     A         D          114           ASP           91.51           641      0      0     8.808     1.000     1.000     0.1107      0.0000      0.0000      0.0000
115     A         D          115           GLY           92.73           641      0      0     8.808     1.000     1.000     0.1171      0.0000      0.0000      0.0000
116     A         D          116           SER           95.67           641      0      0     8.808     1.000     1.000     0.1292      0.0000      0.0000      0.0000
117     A         D          117           HIS           96.87           641      0      0     8.808     1.000     1.000     0.1295      0.0000      0.0000      0.0000
118     A         D          118           THR           97.74           641      0      0     8.808     1.000     1.000     0.1292      0.0000      0.0000      0.0000
119     A         D          119           ILE           97.75           641      0      0     8.808     1.000     1.000     0.1312      0.0000      0.0000      0.0000
120     A         D          120           GLN           97.85           641      0      0     8.808     1.000     1.000     0.1282      0.0000      0.0000      0.0000
121     A         D          121           ILE           97.50           641      0      0     8.808     1.000     1.000     0.1329      0.0000      0.0000      0.0000
122     A         D          122           MET           97.57           641      0      0     8.808     1.000     1.000     0.1320      0.0000      0.0000      0.0000
123     A         D          123           TYR           97.31           641      0      0     8.808     1.000     1.000     0.1323      0.0000      0.0000      0.0000
124     A         D          124           GLY           97.15           641      0      0     8.808     1.000     1.000     0.1274      0.0000      0.0000      0.0000
125     A         D          125           CYS           96.89           641      0      0     8.808     1.000     1.000     0.1296      0.0000      0.0000      0.0000
126     A         D          126           ASP           97.20           641      0      0     8.808     1.000     1.000     0.1303      0.0000      0.0000      0.0000
127     A         D          127           VAL           96.61           641      0      0     8.808     1.000     1.000     0.1294      0.0000      0.0000      0.0000
128     A         D          128           GLY           95.00           641      0      0     8.808     1.000     1.000     0.1273      0.0000      0.0000      0.0000
129     A         D          129           PRO           92.94           641      0      0     8.808     1.000     1.000     0.1254      0.0000      0.0000      0.0000
130     A         D          130           ASP           92.75           641      0      0     8.808     1.000     1.000     0.1243      0.0000      0.0000      0.0000
131     A         D          131           GLY           92.02           641      0      0     8.808     1.000     1.000     0.1267      0.0000      0.0000      0.0000
132     A         D          132           ARG           93.39           641      0      0     8.808     1.000     1.000     0.1296      0.0000      0.0000      0.0000
133     A         D          133           PHE           95.19           641      0      0     8.808     1.000     1.000     0.1316      0.0000      0.0000      0.0000
134     A         D          134           LEU           95.78           641      0      0     8.808     1.000     1.000     0.1286      0.0000      0.0000      0.0000
135     A         D          135           ARG           95.48           641      0      0     8.808     1.000     1.000     0.1265      0.0000      0.0000      0.0000
136     A         D          136           GLY           96.41           641      0      0     8.808     1.000     1.000     0.1269      0.0000      0.0000      0.0000
137     A         D          137           TYR           95.99           641      0      0     8.808     1.000     1.000     0.1245      0.0000      0.0000      0.0000
138     A         D          138           ARG           96.48           641      0      0     8.808     1.000     1.000     0.1257      0.0000      0.0000      0.0000
139     A         D          139           GLN           97.02           641      0      0     8.808     1.000     1.000     0.1270      0.0000      0.0000      0.0000
140     A         D          140           ASP           97.18           641      0      0     8.808     1.000     1.000     0.1264      0.0000      0.0000      0.0000
141     A         D          141           ALA           97.76           641      0      0     8.808     1.000     1.000     0.1263      0.0000      0.0000      0.0000
142     A         D          142           TYR           97.45           641      0      0     8.808     1.000     1.000     0.1316      0.0000      0.0000      0.0000
143     A         D          143           ASP           97.03           641      0      0     8.808     1.000     1.000     0.1288      0.0000      0.0000      0.0000
144     A         D          144           GLY           96.56           641      0      0     8.808     1.000     1.000     0.1224      0.0000      0.0000      0.0000
145     A         D          145           LYS           96.36           641      0      0     8.808     1.000     1.000     0.1253      0.0000      0.0000      0.0000
146     A         D          146           ASP           96.81           641      0      0     8.808     1.000     1.000     0.1271      0.0000      0.0000      0.0000
147     A         D          147           TYR           97.25           641      0      0     8.808     1.000     1.000     0.1262      0.0000      0.0000      0.0000
148     A         D          148           ILE           97.18           641      0      0     8.808     1.000     1.000     0.1266      0.0000      0.0000      0.0000
149     A         D          149           ALA           96.79           641      0      0     8.808     1.000     1.000     0.1245      0.0000      0.0000      0.0000
150     A         D          150           LEU           96.38           641      0      0     8.808     1.000     1.000     0.1249      0.0000      0.0000      0.0000
151     A         D          151           ASN           95.87           641      0      0     8.808     1.000     1.000     0.1252      0.0000      0.0000      0.0000
152     A         D          152           GLU           94.23           641      0      0     8.808     1.000     1.000     0.1247      0.0000      0.0000      0.0000
153     A         D          153           ASP           92.74           641      0      0     8.808     1.000     1.000     0.1251      0.0000      0.0000      0.0000
154     A         D          154           LEU           92.76           641      0      0     8.808     1.000     1.000     0.1243      0.0000      0.0000      0.0000
155     A         D          155           ARG           89.62           641      0      0     8.808     1.000     1.000     0.1281      0.0000      0.0000      0.0000
156     A         D          156           SER           93.57           641      0      0     8.808     1.000     1.000     0.1222      0.0000      0.0000      0.0000
157     A         D          157           TRP           95.11           641      0      0     8.808     1.000     1.000     0.1243      0.0000      0.0000      0.0000
158     A         D          158           THR           95.84           641      0      0     8.808     1.000     1.000     0.1252      0.0000      0.0000      0.0000
159     A         D          159           ALA           95.14           641      0      0     8.808     1.000     1.000     0.1250      0.0000      0.0000      0.0000
160     A         D          160           ALA           94.60           641      0      0     8.808     1.000     1.000     0.1201      0.0000      0.0000      0.0000
161     A         D          161           ASP           93.70           641      0      0     8.808     1.000     1.000     0.1200      0.0000      0.0000      0.0000
162     A         D          162           MET           93.12           641      0      0     8.808     1.000     1.000     0.1241      0.0000      0.0000      0.0000
163     A         D          163           ALA           93.96           641      0      0     8.808     1.000     1.000     0.1271      0.0000      0.0000      0.0000
164     A         D          164           ALA           95.46           641      0      0     8.808     1.000     1.000     0.1268      0.0000      0.0000      0.0000
165     A         D          165           GLN           94.41           641      0      0     8.808     1.000     1.000     0.1325      0.0000      0.0000      0.0000
166     A         D          166           ILE           91.45           641      0      0     8.808     1.000     1.000     0.1336      0.0000      0.0000      0.0000
167     A         D          167           THR           92.99           641      0      0     8.808     1.000     1.000     0.1307      0.0000      0.0000      0.0000
168     A         D          168           LYS           92.22           641      0      0     8.808     1.000     1.000     0.1312      0.0000      0.0000      0.0000
169     A         D          169           ARG           85.86           641      0      0     8.808     1.000     1.000     0.1324      0.0000      0.0000      0.0000
170     A         D          170           LYS           81.58           641      0      0     8.808     1.000     1.000     0.1294      0.0000      0.0000      0.0000
171     A         D          171           TRP           85.89           641      0      0     8.808     1.000     1.000     0.1272      0.0000      0.0000      0.0000
172     A         D          172           GLU           82.21           641      0      0     8.808     1.000     1.000     0.1272      0.0000      0.0000      0.0000
173     A         D          173           ALA           69.09           641      0      0     8.808     1.000     1.000     0.1225      0.0000      0.0000      0.0000
174     A         D          174           ALA           67.24           641      0      0     8.808     1.000     1.000     0.1177      0.0000      0.0000      0.0000
175     A         D          175           HIS           69.21           641      0      0     8.808     1.000     1.000     0.1234      0.0000      0.0000      0.0000
176     A         D          176           ALA           81.82           641      0      0     8.808     1.000     1.000     0.1220      0.0000      0.0000      0.0000
177     A         D          177           ALA           86.26           641      0      0     8.808     1.000     1.000     0.1274      0.0000      0.0000      0.0000
178     A         D          178           GLU           76.74           641      0      0     8.808     1.000     1.000     0.1280      0.0000      0.0000      0.0000
179     A         D          179           GLN           77.20           641      0      0     8.808     1.000     1.000     0.1332      0.0000      0.0000      0.0000
180     A         D          180           GLN           87.02           641      0      0     8.808     1.000     1.000     0.1325      0.0000      0.0000      0.0000
181     A         D          181           ARG           86.61           641      0      0     8.808     1.000     1.000     0.1414      0.0000      0.0000      0.0000
182     A         D          182           ALA           78.91           641      0      0     8.808     1.000     1.000     0.1319      0.0000      0.0000      0.0000
183     A         D          183           TYR           86.33           641      0      0     8.808     1.000     1.000     0.1378      0.0000      0.0000      0.0000
184     A         D          184           LEU           91.77           641      0      0     8.808     1.000     1.000     0.1357      0.0000      0.0000      0.0000
185     A         D          185           GLU           88.12           641      0      0     8.808     1.000     1.000     0.1349      0.0000      0.0000      0.0000
186     A         D          186           GLY           81.67           641      0      0     8.808     1.000     1.000     0.1301      0.0000      0.0000      0.0000
187     A         D          187           ARG           84.02           641      0      0     8.808     1.000     1.000     0.1342      0.0000      0.0000      0.0000
188     A         D          188           CYS           91.77           641      0      0     8.808     1.000     1.000     0.1358      0.0000      0.0000      0.0000
189     A         D          189           VAL           93.03           641      0      0     8.808     1.000     1.000     0.1355      0.0000      0.0000      0.0000
190     A         D          190           GLU           87.70           641      0      0     8.808     1.000     1.000     0.1349      0.0000      0.0000      0.0000
191     A         D          191           TRP           91.70           641      0      0     8.808     1.000     1.000     0.1325      0.0000      0.0000      0.0000
192     A         D          192           LEU           95.89           641      0      0     8.808     1.000     1.000     0.1342      0.0000      0.0000      0.0000
193     A         D          193           ARG           94.56           641      0      0     8.808     1.000     1.000     0.1399      0.0000      0.0000      0.0000
194     A         D          194           ARG           93.78           641      0      0     8.808     1.000     1.000     0.1338      0.0000      0.0000      0.0000
195     A         D          195           TYR           96.22           641      0      0     8.808     1.000     1.000     0.1307      0.0000      0.0000      0.0000
196     A         D          196           LEU           95.85           641      0      0     8.808     1.000     1.000     0.1335      0.0000      0.0000      0.0000
197     A         D          197           GLU           94.42           641      0      0     8.808     1.000     1.000     0.1343      0.0000      0.0000      0.0000
198     A         D          198           ASN           95.01           641      0      0     8.808     1.000     1.000     0.1311      0.0000      0.0000      0.0000
199     A         D          199           GLY           94.67           641      0      0     8.808     1.000     1.000     0.1234      0.0000      0.0000      0.0000
200     A         D          200           LYS           94.15           641      0      0     8.808     1.000     1.000     0.1260      0.0000      0.0000      0.0000
201     A         D          201           GLU           93.45           641      0      0     8.808     1.000     1.000     0.1208      0.0000      0.0000      0.0000
202     A         D          202           THR           93.84           641      0      0     8.808     1.000     1.000     0.1206      0.0000      0.0000      0.0000
203     A         D          203           LEU           94.89           641      0      0     8.808     1.000     1.000     0.1243      0.0000      0.0000      0.0000
204     A         D          204           GLN           93.07           641      0      0     8.808     1.000     1.000     0.1235      0.0000      0.0000      0.0000
205     A         D          205           ARG           93.00           641      0      0     8.808     1.000     1.000     0.1187      0.0000      0.0000      0.0000
206     A         D          206           THR           94.35           641      0      0     8.808     1.000     1.000     0.1188      0.0000      0.0000      0.0000
207     A         D          207           ASP           95.30           641      0      0     8.808     1.000     1.000     0.1195      0.0000      0.0000      0.0000
208     A         D          208           PRO           96.27           641      0      0     8.808     1.000     1.000     0.1210      0.0000      0.0000      0.0000
209     A         D          209           PRO           96.78           641      0      0     8.808     1.000     1.000     0.1230      0.0000      0.0000      0.0000
210     A         D          210           LYS           96.16           641      0      0     8.808     1.000     1.000     0.1242      0.0000      0.0000      0.0000
211     A         D          211           THR           95.52           641      0      0     8.808     1.000     1.000     0.1250      0.0000      0.0000      0.0000
212     A         D          212           HIS           94.23           641      0      0     8.808     1.000     1.000     0.1226      0.0000      0.0000      0.0000
213     A         D          213           MET           94.31           641      0      0     8.808     1.000     1.000     0.1227      0.0000      0.0000      0.0000
214     A         D          214           THR           93.53           641      0      0     8.808     1.000     1.000     0.1213      0.0000      0.0000      0.0000
215     A         D          215           HIS           92.33           641      0      0     8.808     1.000     1.000     0.1170      0.0000      0.0000      0.0000
216     A         D          216           HIS           92.17           641      0      0     8.808     1.000     1.000     0.1142      0.0000      0.0000      0.0000
217     A         D          217           PRO           91.50           641      0      0     8.808     1.000     1.000     0.1082      0.0000      0.0000      0.0000
218     A         D          218           ILE           90.40           641      0      0     8.808     1.000     1.000     0.1049      0.0000      0.0000      0.0000
219     A         D          219           SER           90.49           641      0      0     8.808     1.000     1.000     0.0997      0.0000      0.0000      0.0000
220     A         D          220           ASP           90.85           641      0      0     8.808     1.000     1.000     0.0946      0.0000      0.0000      0.0000
221     A         D          221           HIS           92.63           641      0      0     8.808     1.000     1.000     0.0938      0.0000      0.0000      0.0000
222     A         D          222           GLU           92.03           641      0      0     8.808     1.000     1.000     0.1033      0.0000      0.0000      0.0000
223     A         D          223           ALA           92.26           641      0      0     8.808     1.000     1.000     0.1127      0.0000      0.0000      0.0000
224     A         D          224           THR           93.49           641      0      0     8.808     1.000     1.000     0.1209      0.0000      0.0000      0.0000
225     A         D          225           LEU           93.82           641      0      0     8.808     1.000     1.000     0.1260      0.0000      0.0000      0.0000
226     A         D          226           ARG           95.14           641      0      0     8.808     1.000     1.000     0.1288      0.0000      0.0000      0.0000
227     A         D          227           CYS           95.62           641      0      0     8.808     1.000     1.000     0.1300      0.0000      0.0000      0.0000
228     A         D          228           TRP           96.19           641      0      0     8.808     1.000     1.000     0.1311      0.0000      0.0000      0.0000
229     A         D          229           ALA           96.55           641      0      0     8.808     1.000     1.000     0.1285      0.0000      0.0000      0.0000
230     A         D          230           LEU           96.47           641      0      0     8.808     1.000     1.000     0.1298      0.0000      0.0000      0.0000
231     A         D          231           GLY           96.10           641      0      0     8.808     1.000     1.000     0.1219      0.0000      0.0000      0.0000
232     A         D          232           PHE           96.76           641      0      0     8.808     1.000     1.000     0.1272      0.0000      0.0000      0.0000
233     A         D          233           TYR           96.19           641      0      0     8.808     1.000     1.000     0.1248      0.0000      0.0000      0.0000
234     A         D          234           PRO           95.53           641      0      0     8.808     1.000     1.000     0.1212      0.0000      0.0000      0.0000
235     A         D          235           ALA           96.26           641      0      0     8.808     1.000     1.000     0.1201      0.0000      0.0000      0.0000
236     A         D          236           GLU           95.59           641      0      0     8.808     1.000     1.000     0.1243      0.0000      0.0000      0.0000
237     A         D          237           ILE           96.53           641      0      0     8.808     1.000     1.000     0.1239      0.0000      0.0000      0.0000
238     A         D          238           THR           95.76           641      0      0     8.808     1.000     1.000     0.1233      0.0000      0.0000      0.0000
239     A         D          239           LEU           95.30           641      0      0     8.808     1.000     1.000     0.1213      0.0000      0.0000      0.0000
240     A         D          240           THR           94.56           641      0      0     8.808     1.000     1.000     0.1224      0.0000      0.0000      0.0000
241     A         D          241           TRP           95.31           641      0      0     8.808     1.000     1.000     0.1233      0.0000      0.0000      0.0000
242     A         D          242           GLN           94.19           641      0      0     8.808     1.000     1.000     0.1181      0.0000      0.0000      0.0000
243     A         D          243           ARG           92.82           641      0      0     8.808     1.000     1.000     0.1093      0.0000      0.0000      0.0000
244     A         D          244           ASP           91.86           641      0      0     8.808     1.000     1.000     0.1019      0.0000      0.0000      0.0000
245     A         D          245           GLY           90.25           641      0      0     8.808     1.000     1.000     0.0953      0.0000      0.0000      0.0000
246     A         D          246           GLU           90.86           641      0      0     8.808     1.000     1.000     0.0989      0.0000      0.0000      0.0000
247     A         D          247           ASP           91.16           641      0      0     8.808     1.000     1.000     0.1035      0.0000      0.0000      0.0000
248     A         D          248           GLN           89.13           641      0      0     8.808     1.000     1.000     0.0964      0.0000      0.0000      0.0000
249     A         D          249           THR           85.34           641      0      0     8.808     1.000     1.000     0.0874      0.0000      0.0000      0.0000
250     A         D          250           GLN           78.99           641      0      0     8.808     1.000     1.000     0.0816      0.0000      0.0000      0.0000
251     A         D          251           ASP           82.33           641      0      0     8.808     1.000     1.000     0.0851      0.0000      0.0000      0.0000
252     A         D          252           THR           90.54           641      0      0     8.808     1.000     1.000     0.1030      0.0000      0.0000      0.0000
253     A         D          253           GLU           93.27           641      0      0     8.808     1.000     1.000     0.1180      0.0000      0.0000      0.0000
254     A         D          254           LEU           94.36           641      0      0     8.808     1.000     1.000     0.1182      0.0000      0.0000      0.0000
255     A         D          255           VAL           95.23           641      0      0     8.808     1.000     1.000     0.1214      0.0000      0.0000      0.0000
256     A         D          256           GLU           95.20           641      0      0     8.808     1.000     1.000     0.1188      0.0000      0.0000      0.0000
257     A         D          257           THR           96.76           641      0      0     8.808     1.000     1.000     0.1248      0.0000      0.0000      0.0000
258     A         D          258           ARG           96.99           641      0      0     8.808     1.000     1.000     0.1210      0.0000      0.0000      0.0000
259     A         D          259           PRO           97.03           641      0      0     8.808     1.000     1.000     0.1214      0.0000      0.0000      0.0000
260     A         D          260           ALA           96.43           641      0      0     8.808     1.000     1.000     0.1228      0.0000      0.0000      0.0000
261     A         D          261           GLY           95.10           641      0      0     8.808     1.000     1.000     0.1172      0.0000      0.0000      0.0000
262     A         D          262           ASP           94.92           641      0      0     8.808     1.000     1.000     0.1206      0.0000      0.0000      0.0000
263     A         D          263           GLY           93.94           641      0      0     8.808     1.000     1.000     0.1189      0.0000      0.0000      0.0000
264     A         D          264           THR           96.34           641      0      0     8.808     1.000     1.000     0.1269      0.0000      0.0000      0.0000
265     A         D          265           PHE           97.32           641      0      0     8.808     1.000     1.000     0.1283      0.0000      0.0000      0.0000
266     A         D          266           GLN           97.42           641      0      0     8.808     1.000     1.000     0.1285      0.0000      0.0000      0.0000
267     A         D          267           LYS           97.15           641      0      0     8.808     1.000     1.000     0.1285      0.0000      0.0000      0.0000
268     A         D          268           TRP           96.25           641      0      0     8.808     1.000     1.000     0.1276      0.0000      0.0000      0.0000
269     A         D          269           ALA           95.82           641      0      0     8.808     1.000     1.000     0.1281      0.0000      0.0000      0.0000
270     A         D          270           ALA           95.33           641      0      0     8.808     1.000     1.000     0.1244      0.0000      0.0000      0.0000
271     A         D          271           VAL           94.23           641      0      0     8.808     1.000     1.000     0.1206      0.0000      0.0000      0.0000
272     A         D          272           VAL           93.24           641      0      0     8.808     1.000     1.000     0.1200      0.0000      0.0000      0.0000
273     A         D          273           VAL           92.89           641      0      0     8.808     1.000     1.000     0.1160      0.0000      0.0000      0.0000
274     A         D          274           PRO           92.06           641      0      0     8.808     1.000     1.000     0.1101      0.0000      0.0000      0.0000
275     A         D          275           SER           90.77           641      0      0     8.808     1.000     1.000     0.0989      0.0000      0.0000      0.0000
276     A         D          276           GLY           90.12           641      0      0     8.808     1.000     1.000     0.0949      0.0000      0.0000      0.0000
277     A         D          277           GLU           91.00           641      0      0     8.808     1.000     1.000     0.1023      0.0000      0.0000      0.0000
278     A         D          278           GLU           90.97           641      0      0     8.808     1.000     1.000     0.1093      0.0000      0.0000      0.0000
279     A         D          279           GLN           92.65           641      0      0     8.808     1.000     1.000     0.1066      0.0000      0.0000      0.0000
280     A         D          280           ARG           92.30           641      0      0     8.808     1.000     1.000     0.1102      0.0000      0.0000      0.0000
281     A         D          281           TYR           93.57           641      0      0     8.808     1.000     1.000     0.1219      0.0000      0.0000      0.0000
282     A         D          282           THR           94.73           641      0      0     8.808     1.000     1.000     0.1223      0.0000      0.0000      0.0000
283     A         D          283           CYS           95.00           641      0      0     8.808     1.000     1.000     0.1260      0.0000      0.0000      0.0000
284     A         D          284           HIS           95.46           641      0      0     8.808     1.000     1.000     0.1243      0.0000      0.0000      0.0000
285     A         D          285           VAL           96.37           641      0      0     8.808     1.000     1.000     0.1275      0.0000      0.0000      0.0000
286     A         D          286           GLN           96.34           641      0      0     8.808     1.000     1.000     0.1231      0.0000      0.0000      0.0000
287     A         D          287           HIS           96.15           641      0      0     8.808     1.000     1.000     0.1197      0.0000      0.0000      0.0000
288     A         D          288           GLU           93.78           641      0      0     8.808     1.000     1.000     0.1156      0.0000      0.0000      0.0000
289     A         D          289           GLY           93.00           641      0      0     8.808     1.000     1.000     0.1130      0.0000      0.0000      0.0000
290     A         D          290           LEU           94.50           641      0      0     8.808     1.000     1.000     0.1141      0.0000      0.0000      0.0000
291     A         D          291           PRO           92.85           641      0      0     8.808     1.000     1.000     0.1079      0.0000      0.0000      0.0000
292     A         D          292           LYS           95.07           641      0      0     8.808     1.000     1.000     0.1078      0.0000      0.0000      0.0000
293     A         D          293           PRO           94.70           641      0      0     8.808     1.000     1.000     0.1119      0.0000      0.0000      0.0000
294     A         D          294           LEU           94.90           641      0      0     8.808     1.000     1.000     0.1122      0.0000      0.0000      0.0000
295     A         D          295           THR           94.77           641      0      0     8.808     1.000     1.000     0.1187      0.0000      0.0000      0.0000
296     A         D          296           LEU           94.16           641      0      0     8.808     1.000     1.000     0.1188      0.0000      0.0000      0.0000
297     A         D          297           ARG           92.50           641      0      0     8.808     1.000     1.000     0.1137      0.0000      0.0000      0.0000
298     A         D          298           TRP           89.70           641      0      0     8.808     1.000     1.000     0.1015      0.0000      0.0000      0.0000
299     A         D          299           GLU           80.16           641      0      0     8.808     1.000     1.000     0.0814      0.0000      0.0000      0.0000
300     A         D          300           LEU           63.97           641      0      0     8.808     1.000     1.000     0.0770      0.0000      0.0000      0.0000
301     A         D          301           SER           58.14           641      0      0     8.808     1.000     1.000     0.0746      0.0000      0.0000      0.0000
302     A         D          302           SER           47.24           641      0      0     8.808     1.000     1.000     0.0736      0.0000      0.0000      0.0000
303     A         D          303           GLN           37.13           641      0      0     8.808     1.000     1.000     0.0737      0.0000      0.0000      0.0000
304     A         D          304           PRO           38.15           641      0      0     8.808     1.000     1.000     0.0733      0.0000      0.0000      0.0000
305     A         D          305           THR           35.06           641      0      0     8.808     1.000     1.000     0.0731      0.0000      0.0000      0.0000
306     A         D          306           ILE           34.62           641      0      0     8.808     1.000     1.000     0.0731      0.0000      0.0000      0.0000
307     A         D          307           PRO           34.19           641      0      0     8.808     1.000     1.000     0.0727      0.0000      0.0000      0.0000
308     A         D          308           ILE           36.47           641      0      0     8.808     1.000     1.000     0.0733      0.0000      0.0000      0.0000
309     A         D          309           VAL           35.78           641      0      0     8.808     1.000     1.000     0.0729      0.0000      0.0000      0.0000
310     A         D          310           GLY           36.94           641      0      0     8.808     1.000     1.000     0.0727      0.0000      0.0000      0.0000
311     A         D          311           ILE           35.99           641      0      0     8.808     1.000     1.000     0.0731      0.0000      0.0000      0.0000
312     A         D          312           ILE           37.10           641      0      0     8.808     1.000     1.000     0.0735      0.0000      0.0000      0.0000
313     A         D          313           ALA           40.78           641      0      0     8.808     1.000     1.000     0.0729      0.0000      0.0000      0.0000
314     A         D          314           GLY           42.02           641      0      0     8.808     1.000     1.000     0.0729      0.0000      0.0000      0.0000
315     A         D          315           LEU           38.23           641      0      0     8.808     1.000     1.000     0.0736      0.0000      0.0000      0.0000
316     A         D          316           VAL           41.03           641      0      0     8.808     1.000     1.000     0.0733      0.0000      0.0000      0.0000
317     A         D          317           LEU           42.99           641      0      0     8.808     1.000     1.000     0.0731      0.0000      0.0000      0.0000
318     A         D          318           LEU           41.52           641      0      0     8.808     1.000     1.000     0.0734      0.0000      0.0000      0.0000
319     A         D          319           GLY           41.49           641      0      0     8.808     1.000     1.000     0.0733      0.0000      0.0000      0.0000
320     A         D          320           ALA           45.57           641      0      0     8.808     1.000     1.000     0.0731      0.0000      0.0000      0.0000
321     A         D          321           VAL           47.80           641      0      0     8.808     1.000     1.000     0.0730      0.0000      0.0000      0.0000
322     A         D          322           ILE           44.45           641      0      0     8.808     1.000     1.000     0.0734      0.0000      0.0000      0.0000
323     A         D          323           THR           42.53           641      0      0     8.808     1.000     1.000     0.0734      0.0000      0.0000      0.0000
324     A         D          324           GLY           44.24           641      0      0     8.808     1.000     1.000     0.0728      0.0000      0.0000      0.0000
325     A         D          325           ALA           49.83           641      0      0     8.808     1.000     1.000     0.0727      0.0000      0.0000      0.0000
326     A         D          326           VAL           43.46           641      0      0     8.808     1.000     1.000     0.0731      0.0000      0.0000      0.0000
327     A         D          327           VAL           43.53           641      0      0     8.808     1.000     1.000     0.0728      0.0000      0.0000      0.0000
328     A         D          328           ALA           48.29           641      0      0     8.808     1.000     1.000     0.0725      0.0000      0.0000      0.0000
329     A         D          329           ALA           52.49           641      0      0     8.808     1.000     1.000     0.0727      0.0000      0.0000      0.0000
330     A         D          330           VAL           51.04           641      0      0     8.808     1.000     1.000     0.0730      0.0000      0.0000      0.0000
331     A         D          331           MET           50.93           641      0      0     8.808     1.000     1.000     0.0726      0.0000      0.0000      0.0000
332     A         D          332           TRP           60.33           641      0      0     8.808     1.000     1.000     0.0725      0.0000      0.0000      0.0000
333     A         D          333           ARG           53.87           641      0      0     8.808     1.000     1.000     0.0727      0.0000      0.0000      0.0000
334     A         D          334           ARG           53.11           641      0      0     8.808     1.000     1.000     0.0727      0.0000      0.0000      0.0000
335     A         D          335           LYS           53.22           641      0      0     8.808     1.000     1.000     0.0723      0.0000      0.0000      0.0000
336     A         D          336           SER           46.96           641      0      0     8.808     1.000     1.000     0.0720      0.0000      0.0000      0.0000
337     A         D          337           SER           41.40           641      0      0     8.808     1.000     1.000     0.0719      0.0000      0.0000      0.0000
338     A         D          338           ASP           39.95           641      0      0     8.808     1.000     1.000     0.0718      0.0000      0.0000      0.0000
339     A         D          339           ARG           36.87           641      0      0     8.808     1.000     1.000     0.0718      0.0000      0.0000      0.0000
340     A         D          340           LYS           30.68           641      0      0     8.808     1.000     1.000     0.0717      0.0000      0.0000      0.0000
341     A         D          341           GLY           29.26           641      0      0     8.808     1.000     1.000     0.0717      0.0000      0.0000      0.0000
342     A         D          342           GLY           27.35           641      0      0     8.808     1.000     1.000     0.0717      0.0000      0.0000      0.0000
343     A         D          343           SER           25.70           641      0      0     8.808     1.000     1.000     0.0717      0.0000      0.0000      0.0000
344     A         D          344           TYR           24.25           641      0      0     8.808     1.000     1.000     0.0717      0.0000      0.0000      0.0000
345     A         D          345           THR           27.38           641      0      0     8.808     1.000     1.000     0.0717      0.0000      0.0000      0.0000
346     A         D          346           GLN           22.69           641      0      0     8.808     1.000     1.000     0.0717      0.0000      0.0000      0.0000
347     A         D          347           ALA           26.15           641      0      0     8.808     1.000     1.000     0.0717      0.0000      0.0000      0.0000
348     A         D          348           ALA           26.32           641      0      0     8.808     1.000     1.000     0.0717      0.0000      0.0000      0.0000
349     A         D          349           SER           23.56           641      0      0     8.808     1.000     1.000     0.0717      0.0000      0.0000      0.0000
350     A         D          350           SER           25.07           641      0      0     8.808     1.000     1.000     0.0717      0.0000      0.0000      0.0000
351     A         D          351           ASP           26.97           641      0      0     8.808     1.000     1.000     0.0717      0.0000      0.0000      0.0000
352     A         D          352           SER           26.40           641      0      0     8.808     1.000     1.000     0.0717      0.0000      0.0000      0.0000
353     A         D          353           ALA           25.07           641      0      0     8.808     1.000     1.000     0.0718      0.0000      0.0000      0.0000
354     A         D          354           GLN           24.45           641      0      0     8.808     1.000     1.000     0.0719      0.0000      0.0000      0.0000
355     A         D          355           GLY           25.26           641      0      0     8.808     1.000     1.000     0.0717      0.0000      0.0000      0.0000
356     A         D          356           SER           26.10           641      0      0     8.808     1.000     1.000     0.0718      0.0000      0.0000      0.0000
357     A         D          357           ASP           24.64           641      0      0     8.808     1.000     1.000     0.0718      0.0000      0.0000      0.0000
358     A         D          358           VAL           25.89           641      0      0     8.808     1.000     1.000     0.0720      0.0000      0.0000      0.0000
359     A         D          359           SER           24.69           641      0      0     8.808     1.000     1.000     0.0719      0.0000      0.0000      0.0000
360     A         D          360           LEU           24.50           641      0      0     8.808     1.000     1.000     0.0720      0.0000      0.0000      0.0000
361     A         D          361           THR           25.44           641      0      0     8.808     1.000     1.000     0.0719      0.0000      0.0000      0.0000
362     A         D          362           ALA           24.13           641      0      0     8.808     1.000     1.000     0.0719      0.0000      0.0000      0.0000
363     A         D          363           CYS           21.21           641      0      0     8.808     1.000     1.000     0.0719      0.0000      0.0000      0.0000
364     A         D          364           LYS           22.20           641      0      0     8.808     1.000     1.000     0.0719      0.0000      0.0000      0.0000
365     A         D          365           VAL           15.65           641      0      0     8.808     1.000     1.000     0.0718      0.0000      0.0000      0.0000
1       A         E            1           MET           19.79           677      0      0     9.007     1.000     1.000     0.0749      0.0000      0.0000      0.0000
2       A         E            2           ALA           24.88           677      0      0     9.007     1.000     1.000     0.0749      0.0000      0.0000      0.0000
3       A         E            3           VAL           26.09           677      0      0     9.007     1.000     1.000     0.0751      0.0000      0.0000      0.0000
4       A         E            4           MET           23.46           677      0      0     9.007     1.000     1.000     0.0751      0.0000      0.0000      0.0000
5       A         E            5           ALA           29.63           677      0      0     9.007     1.000     1.000     0.0750      0.0000      0.0000      0.0000
6       A         E            6           PRO           28.64           677      0      0     9.007     1.000     1.000     0.0752      0.0000      0.0000      0.0000
7       A         E            7           ARG           29.00           677      0      0     9.007     1.000     1.000     0.0753      0.0000      0.0000      0.0000
8       A         E            8           THR           28.54           677      0      0     9.007     1.000     1.000     0.0755      0.0000      0.0000      0.0000
9       A         E            9           LEU           27.25           677      0      0     9.007     1.000     1.000     0.0757      0.0000      0.0000      0.0000
10      A         E           10           LEU           27.57           677      0      0     9.007     1.000     1.000     0.0757      0.0000      0.0000      0.0000
11      A         E           11           LEU           26.20           677      0      0     9.007     1.000     1.000     0.0758      0.0000      0.0000      0.0000
12      A         E           12           LEU           28.90           677      0      0     9.007     1.000     1.000     0.0760      0.0000      0.0000      0.0000
13      A         E           13           LEU           29.04           677      0      0     9.007     1.000     1.000     0.0763      0.0000      0.0000      0.0000
14      A         E           14           SER           27.14           677      0      0     9.007     1.000     1.000     0.0761      0.0000      0.0000      0.0000
15      A         E           15           GLY           29.40           677      0      0     9.007     1.000     1.000     0.0764      0.0000      0.0000      0.0000
16      A         E           16           ALA           32.17           677      0      0     9.007     1.000     1.000     0.0768      0.0000      0.0000      0.0000
17      A         E           17           LEU           32.42           677      0      0     9.007     1.000     1.000     0.0774      0.0000      0.0000      0.0000
18      A         E           18           ALA           37.42           677      0      0     9.007     1.000     1.000     0.0776      0.0000      0.0000      0.0000
19      A         E           19           LEU           41.63           677      0      0     9.007     1.000     1.000     0.0783      0.0000      0.0000      0.0000
20      A         E           20           THR           47.30           677      0      0     9.007     1.000     1.000     0.0820      0.0000      0.0000      0.0000
21      A         E           21           GLN           55.16           677      0      0     9.007     1.000     1.000     0.0825      0.0000      0.0000      0.0000
22      A         E           22           THR           70.24           677      0      0     9.007     1.000     1.000     0.0903      0.0000      0.0000      0.0000
23      A         E           23           TRP           77.43           677      0      0     9.007     1.000     1.000     0.0980      0.0000      0.0000      0.0000
24      A         E           24           ALA           72.00           677      0      0     9.007     1.000     1.000     0.0918      0.0000      0.0000      0.0000
25      A         E           25           GLY           86.43           677      0      0     9.007     1.000     1.000     0.1035      0.0000      0.0000      0.0000
26      A         E           26           SER           93.18           677      0      0     9.007     1.000     1.000     0.1253      0.0000      0.0000      0.0000
27      A         E           27           HIS           96.23           677      0      0     9.007     1.000     1.000     0.1326      0.0000      0.0000      0.0000
28      A         E           28           SER           97.11           677      0      0     9.007     1.000     1.000     0.1315      0.0000      0.0000      0.0000
29      A         E           29           MET           97.83           677      0      0     9.007     1.000     1.000     0.1313      0.0000      0.0000      0.0000
30      A         E           30           ARG           97.72           677      0      0     9.007     1.000     1.000     0.1349      0.0000      0.0000      0.0000
31      A         E           31           TYR           97.81           677      0      0     9.007     1.000     1.000     0.1392      0.0000      0.0000      0.0000
32      A         E           32           PHE           98.15           677      0      0     9.007     1.000     1.000     0.1410      0.0000      0.0000      0.0000
33      A         E           33           TYR           97.96           677      0      0     9.007     1.000     1.000     0.1382      0.0000      0.0000      0.0000
34      A         E           34           THR           98.16           677      0      0     9.007     1.000     1.000     0.1359      0.0000      0.0000      0.0000
35      A         E           35           SER           97.57           677      0      0     9.007     1.000     1.000     0.1361      0.0000      0.0000      0.0000
36      A         E           36           VAL           97.57           677      0      0     9.007     1.000     1.000     0.1391      0.0000      0.0000      0.0000
37      A         E           37           SER           96.13           677      0      0     9.007     1.000     1.000     0.1400      0.0000      0.0000      0.0000
38      A         E           38           ARG           93.37           677      0      0     9.007     1.000     1.000     0.1314      0.0000      0.0000      0.0000
39      A         E           39           PRO           92.13           677      0      0     9.007     1.000     1.000     0.1219      0.0000      0.0000      0.0000
40      A         E           40           GLY           88.95           677      0      0     9.007     1.000     1.000     0.1148      0.0000      0.0000      0.0000
41      A         E           41           ARG           88.08           677      0      0     9.007     1.000     1.000     0.1139      0.0000      0.0000      0.0000
42      A         E           42           GLY           86.27           677      0      0     9.007     1.000     1.000     0.1174      0.0000      0.0000      0.0000
43      A         E           43           GLU           88.67           677      0      0     9.007     1.000     1.000     0.1277      0.0000      0.0000      0.0000
44      A         E           44           PRO           93.65           677      0      0     9.007     1.000     1.000     0.1354      0.0000      0.0000      0.0000
45      A         E           45           ARG           96.09           677      0      0     9.007     1.000     1.000     0.1388      0.0000      0.0000      0.0000
46      A         E           46           PHE           96.79           677      0      0     9.007     1.000     1.000     0.1359      0.0000      0.0000      0.0000
47      A         E           47           ILE           97.92           677      0      0     9.007     1.000     1.000     0.1374      0.0000      0.0000      0.0000
48      A         E           48           ALA           97.85           677      0      0     9.007     1.000     1.000     0.1354      0.0000      0.0000      0.0000
49      A         E           49           VAL           98.16           677      0      0     9.007     1.000     1.000     0.1347      0.0000      0.0000      0.0000
50      A         E           50           GLY           98.02           677      0      0     9.007     1.000     1.000     0.1315      0.0000      0.0000      0.0000
51      A         E           51           TYR           97.82           677      0      0     9.007     1.000     1.000     0.1345      0.0000      0.0000      0.0000
52      A         E           52           VAL           97.80           677      0      0     9.007     1.000     1.000     0.1328      0.0000      0.0000      0.0000
53      A         E           53           ASP           96.11           677      0      0     9.007     1.000     1.000     0.1318      0.0000      0.0000      0.0000
54      A         E           54           ASP           95.85           677      0      0     9.007     1.000     1.000     0.1288      0.0000      0.0000      0.0000
55      A         E           55           THR           96.66           677      0      0     9.007     1.000     1.000     0.1346      0.0000      0.0000      0.0000
56      A         E           56           GLN           97.45           677      0      0     9.007     1.000     1.000     0.1325      0.0000      0.0000      0.0000
57      A         E           57           PHE           97.64           677      0      0     9.007     1.000     1.000     0.1289      0.0000      0.0000      0.0000
58      A         E           58           VAL           97.64           677      0      0     9.007     1.000     1.000     0.1332      0.0000      0.0000      0.0000
59      A         E           59           ARG           97.51           677      0      0     9.007     1.000     1.000     0.1335      0.0000      0.0000      0.0000
60      A         E           60           PHE           97.23           677      0      0     9.007     1.000     1.000     0.1391      0.0000      0.0000      0.0000
61      A         E           61           ASP           96.76           677      0      0     9.007     1.000     1.000     0.1382      0.0000      0.0000      0.0000
62      A         E           62           SER           94.25           677      0      0     9.007     1.000     1.000     0.1380      0.0000      0.0000      0.0000
63      A         E           63           ASP           93.74           677      0      0     9.007     1.000     1.000     0.1378      0.0000      0.0000      0.0000
64      A         E           64           ALA           93.47           677      0      0     9.007     1.000     1.000     0.1332      0.0000      0.0000      0.0000
65      A         E           65           ALA           92.79           677      0      0     9.007     1.000     1.000     0.1340      0.0000      0.0000      0.0000
66      A         E           66           SER           90.68           677      0      0     9.007     1.000     1.000     0.1352      0.0000      0.0000      0.0000
67      A         E           67           GLN           90.19           677      0      0     9.007     1.000     1.000     0.1403      0.0000      0.0000      0.0000
68      A         E           68           ARG           91.86           677      0      0     9.007     1.000     1.000     0.1425      0.0000      0.0000      0.0000
69      A         E           69           MET           94.91           677      0      0     9.007     1.000     1.000     0.1392      0.0000      0.0000      0.0000
70      A         E           70           GLU           96.43           677      0      0     9.007     1.000     1.000     0.1399      0.0000      0.0000      0.0000
71      A         E           71           PRO           97.29           677      0      0     9.007     1.000     1.000     0.1368      0.0000      0.0000      0.0000
72      A         E           72           ARG           96.21           677      0      0     9.007     1.000     1.000     0.1330      0.0000      0.0000      0.0000
73      A         E           73           ALA           95.95           677      0      0     9.007     1.000     1.000     0.1310      0.0000      0.0000      0.0000
74      A         E           74           PRO           95.49           677      0      0     9.007     1.000     1.000     0.1313      0.0000      0.0000      0.0000
75      A         E           75           TRP           96.31           677      0      0     9.007     1.000     1.000     0.1343      0.0000      0.0000      0.0000
76      A         E           76           ILE           96.94           677      0      0     9.007     1.000     1.000     0.1330      0.0000      0.0000      0.0000
77      A         E           77           GLU           95.53           677      0      0     9.007     1.000     1.000     0.1367      0.0000      0.0000      0.0000
78      A         E           78           GLN           93.37           677      0      0     9.007     1.000     1.000     0.1327      0.0000      0.0000      0.0000
79      A         E           79           GLU           92.79           677      0      0     9.007     1.000     1.000     0.1362      0.0000      0.0000      0.0000
80      A         E           80           GLY           88.28           677      0      0     9.007     1.000     1.000     0.1350      0.0000      0.0000      0.0000
81      A         E           81           PRO           84.21           677      0      0     9.007     1.000     1.000     0.1401      0.0000      0.0000      0.0000
82      A         E           82           GLU           77.91           677      0      0     9.007     1.000     1.000     0.1379      0.0000      0.0000      0.0000
83      A         E           83           TYR           87.31           677      0      0     9.007     1.000     1.000     0.1454      0.0000      0.0000      0.0000
84      A         E           84           TRP           89.74           677      0      0     9.007     1.000     1.000     0.1442      0.0000      0.0000      0.0000
85      A         E           85           ASP           78.42           677      0      0     9.007     1.000     1.000     0.1429      0.0000      0.0000      0.0000
86      A         E           86           GLN           78.55           677      0      0     9.007     1.000     1.000     0.1451      0.0000      0.0000      0.0000
87      A         E           87           GLU           87.24           677      0      0     9.007     1.000     1.000     0.1444      0.0000      0.0000      0.0000
88      A         E           88           THR           85.74           677      0      0     9.007     1.000     1.000     0.1475      0.0000      0.0000      0.0000
89      A         E           89           ARG           76.71           677      0      0     9.007     1.000     1.000     0.1439      0.0000      0.0000      0.0000
90      A         E           90           ASN           83.67           677      0      0     9.007     1.000     1.000     0.1519      0.0000      0.0000      0.0000
91      A         E           91           VAL           89.03           677      0      0     9.007     1.000     1.000     0.1445      0.0000      0.0000      0.0000
92      A         E           92           LYS           81.69           677      0      0     9.007     1.000     1.000     0.1460      0.0000      0.0000      0.0000
93      A         E           93           ALA           80.20           677      0      0     9.007     1.000     1.000     0.1474      0.0000      0.0000      0.0000
94      A         E           94           GLN           88.44           677      0      0     9.007     1.000     1.000     0.1455      0.0000      0.0000      0.0000
95      A         E           95           SER           88.30           677      0      0     9.007     1.000     1.000     0.1421      0.0000      0.0000      0.0000
96      A         E           96           GLN           80.52           677      0      0     9.007     1.000     1.000     0.1391      0.0000      0.0000      0.0000
97      A         E           97           THR           84.94           677      0      0     9.007     1.000     1.000     0.1397      0.0000      0.0000      0.0000
98      A         E           98           ASP           91.32           677      0      0     9.007     1.000     1.000     0.1398      0.0000      0.0000      0.0000
99      A         E           99           ARG           87.52           677      0      0     9.007     1.000     1.000     0.1404      0.0000      0.0000      0.0000
100     A         E          100           VAL           84.19           677      0      0     9.007     1.000     1.000     0.1351      0.0000      0.0000      0.0000
101     A         E          101           ASP           91.68           677      0      0     9.007     1.000     1.000     0.1354      0.0000      0.0000      0.0000
102     A         E          102           LEU           94.06           677      0      0     9.007     1.000     1.000     0.1412      0.0000      0.0000      0.0000
103     A         E          103           GLY           90.08           677      0      0     9.007     1.000     1.000     0.1396      0.0000      0.0000      0.0000
104     A         E          104           THR           91.27           677      0      0     9.007     1.000     1.000     0.1384      0.0000      0.0000      0.0000
105     A         E          105           LEU           94.89           677      0      0     9.007     1.000     1.000     0.1379      0.0000      0.0000      0.0000
106     A         E          106           ARG           93.03           677      0      0     9.007     1.000     1.000     0.1398      0.0000      0.0000      0.0000
107     A         E          107           GLY           90.93           677      0      0     9.007     1.000     1.000     0.1369      0.0000      0.0000      0.0000
108     A         E          108           TYR           91.85           677      0      0     9.007     1.000     1.000     0.1370      0.0000      0.0000      0.0000
109     A         E          109           TYR           93.57           677      0      0     9.007     1.000     1.000     0.1379      0.0000      0.0000      0.0000
110     A         E          110           ASN           92.58           677      0      0     9.007     1.000     1.000     0.1330      0.0000      0.0000      0.0000
111     A         E          111           GLN           92.76           677      0      0     9.007     1.000     1.000     0.1324      0.0000      0.0000      0.0000
112     A         E          112           SER           92.35           677      0      0     9.007     1.000     1.000     0.1284      0.0000      0.0000      0.0000
113     A         E          113           GLU           89.79           677      0      0     9.007     1.000     1.000     0.1255      0.0000      0.0000      0.0000
114     A         E          114           ASP           91.51           677      0      0     9.007     1.000     1.000     0.1211      0.0000      0.0000      0.0000
115     A         E          115           GLY           92.73           677      0      0     9.007     1.000     1.000     0.1277      0.0000      0.0000      0.0000
116     A         E          116           SER           95.67           677      0      0     9.007     1.000     1.000     0.1381      0.0000      0.0000      0.0000
117     A         E          117           HIS           96.87           677      0      0     9.007     1.000     1.000     0.1377      0.0000      0.0000      0.0000
118     A         E          118           THR           97.74           677      0      0     9.007     1.000     1.000     0.1358      0.0000      0.0000      0.0000
119     A         E          119           ILE           97.75           677      0      0     9.007     1.000     1.000     0.1357      0.0000      0.0000      0.0000
120     A         E          120           GLN           97.85           677      0      0     9.007     1.000     1.000     0.1347      0.0000      0.0000      0.0000
121     A         E          121           ILE           97.50           677      0      0     9.007     1.000     1.000     0.1388      0.0000      0.0000      0.0000
122     A         E          122           MET           97.57           677      0      0     9.007     1.000     1.000     0.1388      0.0000      0.0000      0.0000
123     A         E          123           TYR           97.31           677      0      0     9.007     1.000     1.000     0.1400      0.0000      0.0000      0.0000
124     A         E          124           GLY           97.15           677      0      0     9.007     1.000     1.000     0.1341      0.0000      0.0000      0.0000
125     A         E          125           CYS           96.89           677      0      0     9.007     1.000     1.000     0.1346      0.0000      0.0000      0.0000
126     A         E          126           ASP           97.20           677      0      0     9.007     1.000     1.000     0.1324      0.0000      0.0000      0.0000
127     A         E          127           VAL           96.61           677      0      0     9.007     1.000     1.000     0.1328      0.0000      0.0000      0.0000
128     A         E          128           GLY           95.00           677      0      0     9.007     1.000     1.000     0.1305      0.0000      0.0000      0.0000
129     A         E          129           PRO           92.94           677      0      0     9.007     1.000     1.000     0.1297      0.0000      0.0000      0.0000
130     A         E          130           ASP           92.75           677      0      0     9.007     1.000     1.000     0.1277      0.0000      0.0000      0.0000
131     A         E          131           GLY           92.02           677      0      0     9.007     1.000     1.000     0.1311      0.0000      0.0000      0.0000
132     A         E          132           ARG           93.39           677      0      0     9.007     1.000     1.000     0.1342      0.0000      0.0000      0.0000
133     A         E          133           PHE           95.19           677      0      0     9.007     1.000     1.000     0.1365      0.0000      0.0000      0.0000
134     A         E          134           LEU           95.78           677      0      0     9.007     1.000     1.000     0.1320      0.0000      0.0000      0.0000
135     A         E          135           ARG           95.48           677      0      0     9.007     1.000     1.000     0.1300      0.0000      0.0000      0.0000
136     A         E          136           GLY           96.41           677      0      0     9.007     1.000     1.000     0.1341      0.0000      0.0000      0.0000
137     A         E          137           TYR           95.99           677      0      0     9.007     1.000     1.000     0.1302      0.0000      0.0000      0.0000
138     A         E          138           ARG           96.48           677      0      0     9.007     1.000     1.000     0.1353      0.0000      0.0000      0.0000
139     A         E          139           GLN           97.02           677      0      0     9.007     1.000     1.000     0.1338      0.0000      0.0000      0.0000
140     A         E          140           ASP           97.18           677      0      0     9.007     1.000     1.000     0.1342      0.0000      0.0000      0.0000
141     A         E          141           ALA           97.76           677      0      0     9.007     1.000     1.000     0.1333      0.0000      0.0000      0.0000
142     A         E          142           TYR           97.45           677      0      0     9.007     1.000     1.000     0.1379      0.0000      0.0000      0.0000
143     A         E          143           ASP           97.03           677      0      0     9.007     1.000     1.000     0.1374      0.0000      0.0000      0.0000
144     A         E          144           GLY           96.56           677      0      0     9.007     1.000     1.000     0.1287      0.0000      0.0000      0.0000
145     A         E          145           LYS           96.36           677      0      0     9.007     1.000     1.000     0.1320      0.0000      0.0000      0.0000
146     A         E          146           ASP           96.81           677      0      0     9.007     1.000     1.000     0.1326      0.0000      0.0000      0.0000
147     A         E          147           TYR           97.25           677      0      0     9.007     1.000     1.000     0.1343      0.0000      0.0000      0.0000
148     A         E          148           ILE           97.18           677      0      0     9.007     1.000     1.000     0.1348      0.0000      0.0000      0.0000
149     A         E          149           ALA           96.79           677      0      0     9.007     1.000     1.000     0.1334      0.0000      0.0000      0.0000
150     A         E          150           LEU           96.38           677      0      0     9.007     1.000     1.000     0.1350      0.0000      0.0000      0.0000
151     A         E          151           ASN           95.87           677      0      0     9.007     1.000     1.000     0.1321      0.0000      0.0000      0.0000
152     A         E          152           GLU           94.23           677      0      0     9.007     1.000     1.000     0.1316      0.0000      0.0000      0.0000
153     A         E          153           ASP           92.74           677      0      0     9.007     1.000     1.000     0.1327      0.0000      0.0000      0.0000
154     A         E          154           LEU           92.76           677      0      0     9.007     1.000     1.000     0.1331      0.0000      0.0000      0.0000
155     A         E          155           ARG           89.62           677      0      0     9.007     1.000     1.000     0.1375      0.0000      0.0000      0.0000
156     A         E          156           SER           93.57           677      0      0     9.007     1.000     1.000     0.1325      0.0000      0.0000      0.0000
157     A         E          157           TRP           95.11           677      0      0     9.007     1.000     1.000     0.1348      0.0000      0.0000      0.0000
158     A         E          158           THR           95.84           677      0      0     9.007     1.000     1.000     0.1328      0.0000      0.0000      0.0000
159     A         E          159           ALA           95.14           677      0      0     9.007     1.000     1.000     0.1324      0.0000      0.0000      0.0000
160     A         E          160           ALA           94.60           677      0      0     9.007     1.000     1.000     0.1267      0.0000      0.0000      0.0000
161     A         E          161           ASP           93.70           677      0      0     9.007     1.000     1.000     0.1283      0.0000      0.0000      0.0000
162     A         E          162           MET           93.12           677      0      0     9.007     1.000     1.000     0.1321      0.0000      0.0000      0.0000
163     A         E          163           ALA           93.96           677      0      0     9.007     1.000     1.000     0.1353      0.0000      0.0000      0.0000
164     A         E          164           ALA           95.46           677      0      0     9.007     1.000     1.000     0.1341      0.0000      0.0000      0.0000
165     A         E          165           GLN           94.41           677      0      0     9.007     1.000     1.000     0.1405      0.0000      0.0000      0.0000
166     A         E          166           ILE           91.45           677      0      0     9.007     1.000     1.000     0.1409      0.0000      0.0000      0.0000
167     A         E          167           THR           92.99           677      0      0     9.007     1.000     1.000     0.1373      0.0000      0.0000      0.0000
168     A         E          168           LYS           92.22           677      0      0     9.007     1.000     1.000     0.1410      0.0000      0.0000      0.0000
169     A         E          169           ARG           85.86           677      0      0     9.007     1.000     1.000     0.1416      0.0000      0.0000      0.0000
170     A         E          170           LYS           81.58           677      0      0     9.007     1.000     1.000     0.1384      0.0000      0.0000      0.0000
171     A         E          171           TRP           85.89           677      0      0     9.007     1.000     1.000     0.1382      0.0000      0.0000      0.0000
172     A         E          172           GLU           82.21           677      0      0     9.007     1.000     1.000     0.1389      0.0000      0.0000      0.0000
173     A         E          173           ALA           69.09           677      0      0     9.007     1.000     1.000     0.1333      0.0000      0.0000      0.0000
174     A         E          174           ALA           67.24           677      0      0     9.007     1.000     1.000     0.1300      0.0000      0.0000      0.0000
175     A         E          175           HIS           69.21           677      0      0     9.007     1.000     1.000     0.1362      0.0000      0.0000      0.0000
176     A         E          176           ALA           81.82           677      0      0     9.007     1.000     1.000     0.1352      0.0000      0.0000      0.0000
177     A         E          177           ALA           86.26           677      0      0     9.007     1.000     1.000     0.1370      0.0000      0.0000      0.0000
178     A         E          178           GLU           76.74           677      0      0     9.007     1.000     1.000     0.1393      0.0000      0.0000      0.0000
179     A         E          179           GLN           77.20           677      0      0     9.007     1.000     1.000     0.1472      0.0000      0.0000      0.0000
180     A         E          180           GLN           87.02           677      0      0     9.007     1.000     1.000     0.1439      0.0000      0.0000      0.0000
181     A         E          181           ARG           86.61           677      0      0     9.007     1.000     1.000     0.1474      0.0000      0.0000      0.0000
182     A         E          182           ALA           78.91           677      0      0     9.007     1.000     1.000     0.1406      0.0000      0.0000      0.0000
183     A         E          183           TYR           86.33           677      0      0     9.007     1.000     1.000     0.1481      0.0000      0.0000      0.0000
184     A         E          184           LEU           91.77           677      0      0     9.007     1.000     1.000     0.1405      0.0000      0.0000      0.0000
185     A         E          185           GLU           88.12           677      0      0     9.007     1.000     1.000     0.1387      0.0000      0.0000      0.0000
186     A         E          186           GLY           81.67           677      0      0     9.007     1.000     1.000     0.1347      0.0000      0.0000      0.0000
187     A         E          187           ARG           84.02           677      0      0     9.007     1.000     1.000     0.1394      0.0000      0.0000      0.0000
188     A         E          188           CYS           91.77           677      0      0     9.007     1.000     1.000     0.1405      0.0000      0.0000      0.0000
189     A         E          189           VAL           93.03           677      0      0     9.007     1.000     1.000     0.1386      0.0000      0.0000      0.0000
190     A         E          190           GLU           87.70           677      0      0     9.007     1.000     1.000     0.1404      0.0000      0.0000      0.0000
191     A         E          191           TRP           91.70           677      0      0     9.007     1.000     1.000     0.1396      0.0000      0.0000      0.0000
192     A         E          192           LEU           95.89           677      0      0     9.007     1.000     1.000     0.1387      0.0000      0.0000      0.0000
193     A         E          193           ARG           94.56           677      0      0     9.007     1.000     1.000     0.1450      0.0000      0.0000      0.0000
194     A         E          194           ARG           93.78           677      0      0     9.007     1.000     1.000     0.1422      0.0000      0.0000      0.0000
195     A         E          195           TYR           96.22           677      0      0     9.007     1.000     1.000     0.1378      0.0000      0.0000      0.0000
196     A         E          196           LEU           95.85           677      0      0     9.007     1.000     1.000     0.1390      0.0000      0.0000      0.0000
197     A         E          197           GLU           94.42           677      0      0     9.007     1.000     1.000     0.1406      0.0000      0.0000      0.0000
198     A         E          198           ASN           95.01           677      0      0     9.007     1.000     1.000     0.1384      0.0000      0.0000      0.0000
199     A         E          199           GLY           94.67           677      0      0     9.007     1.000     1.000     0.1295      0.0000      0.0000      0.0000
200     A         E          200           LYS           94.15           677      0      0     9.007     1.000     1.000     0.1313      0.0000      0.0000      0.0000
201     A         E          201           GLU           93.45           677      0      0     9.007     1.000     1.000     0.1258      0.0000      0.0000      0.0000
202     A         E          202           THR           93.84           677      0      0     9.007     1.000     1.000     0.1258      0.0000      0.0000      0.0000
203     A         E          203           LEU           94.89           677      0      0     9.007     1.000     1.000     0.1296      0.0000      0.0000      0.0000
204     A         E          204           GLN           93.07           677      0      0     9.007     1.000     1.000     0.1291      0.0000      0.0000      0.0000
205     A         E          205           ARG           93.00           677      0      0     9.007     1.000     1.000     0.1241      0.0000      0.0000      0.0000
206     A         E          206           THR           94.35           677      0      0     9.007     1.000     1.000     0.1251      0.0000      0.0000      0.0000
207     A         E          207           ASP           95.30           677      0      0     9.007     1.000     1.000     0.1256      0.0000      0.0000      0.0000
208     A         E          208           PRO           96.27           677      0      0     9.007     1.000     1.000     0.1268      0.0000      0.0000      0.0000
209     A         E          209           PRO           96.78           677      0      0     9.007     1.000     1.000     0.1294      0.0000      0.0000      0.0000
210     A         E          210           LYS           96.16           677      0      0     9.007     1.000     1.000     0.1306      0.0000      0.0000      0.0000
211     A         E          211           THR           95.52           677      0      0     9.007     1.000     1.000     0.1302      0.0000      0.0000      0.0000
212     A         E          212           HIS           94.23           677      0      0     9.007     1.000     1.000     0.1287      0.0000      0.0000      0.0000
213     A         E          213           MET           94.31           677      0      0     9.007     1.000     1.000     0.1291      0.0000      0.0000      0.0000
214     A         E          214           THR           93.53           677      0      0     9.007     1.000     1.000     0.1277      0.0000      0.0000      0.0000
215     A         E          215           HIS           92.33           677      0      0     9.007     1.000     1.000     0.1229      0.0000      0.0000      0.0000
216     A         E          216           HIS           92.17           677      0      0     9.007     1.000     1.000     0.1200      0.0000      0.0000      0.0000
217     A         E          217           PRO           91.50           677      0      0     9.007     1.000     1.000     0.1136      0.0000      0.0000      0.0000
218     A         E          218           ILE           90.40           677      0      0     9.007     1.000     1.000     0.1105      0.0000      0.0000      0.0000
219     A         E          219           SER           90.49           677      0      0     9.007     1.000     1.000     0.1055      0.0000      0.0000      0.0000
220     A         E          220           ASP           90.85           677      0      0     9.007     1.000     1.000     0.0993      0.0000      0.0000      0.0000
221     A         E          221           HIS           92.63           677      0      0     9.007     1.000     1.000     0.0987      0.0000      0.0000      0.0000
222     A         E          222           GLU           92.03           677      0      0     9.007     1.000     1.000     0.1088      0.0000      0.0000      0.0000
223     A         E          223           ALA           92.26           677      0      0     9.007     1.000     1.000     0.1188      0.0000      0.0000      0.0000
224     A         E          224           THR           93.49           677      0      0     9.007     1.000     1.000     0.1270      0.0000      0.0000      0.0000
225     A         E          225           LEU           93.82           677      0      0     9.007     1.000     1.000     0.1327      0.0000      0.0000      0.0000
226     A         E          226           ARG           95.14           677      0      0     9.007     1.000     1.000     0.1349      0.0000      0.0000      0.0000
227     A         E          227           CYS           95.62           677      0      0     9.007     1.000     1.000     0.1372      0.0000      0.0000      0.0000
228     A         E          228           TRP           96.19           677      0      0     9.007     1.000     1.000     0.1375      0.0000      0.0000      0.0000
229     A         E          229           ALA           96.55           677      0      0     9.007     1.000     1.000     0.1350      0.0000      0.0000      0.0000
230     A         E          230           LEU           96.47           677      0      0     9.007     1.000     1.000     0.1361      0.0000      0.0000      0.0000
231     A         E          231           GLY           96.10           677      0      0     9.007     1.000     1.000     0.1287      0.0000      0.0000      0.0000
232     A         E          232           PHE           96.76           677      0      0     9.007     1.000     1.000     0.1330      0.0000      0.0000      0.0000
233     A         E          233           TYR           96.19           677      0      0     9.007     1.000     1.000     0.1309      0.0000      0.0000      0.0000
234     A         E          234           PRO           95.53           677      0      0     9.007     1.000     1.000     0.1274      0.0000      0.0000      0.0000
235     A         E          235           ALA           96.26           677      0      0     9.007     1.000     1.000     0.1266      0.0000      0.0000      0.0000
236     A         E          236           GLU           95.59           677      0      0     9.007     1.000     1.000     0.1307      0.0000      0.0000      0.0000
237     A         E          237           ILE           96.53           677      0      0     9.007     1.000     1.000     0.1306      0.0000      0.0000      0.0000
238     A         E          238           THR           95.76           677      0      0     9.007     1.000     1.000     0.1293      0.0000      0.0000      0.0000
239     A         E          239           LEU           95.30           677      0      0     9.007     1.000     1.000     0.1279      0.0000      0.0000      0.0000
240     A         E          240           THR           94.56           677      0      0     9.007     1.000     1.000     0.1287      0.0000      0.0000      0.0000
241     A         E          241           TRP           95.31           677      0      0     9.007     1.000     1.000     0.1297      0.0000      0.0000      0.0000
242     A         E          242           GLN           94.19           677      0      0     9.007     1.000     1.000     0.1242      0.0000      0.0000      0.0000
243     A         E          243           ARG           92.82           677      0      0     9.007     1.000     1.000     0.1163      0.0000      0.0000      0.0000
244     A         E          244           ASP           91.86           677      0      0     9.007     1.000     1.000     0.1076      0.0000      0.0000      0.0000
245     A         E          245           GLY           90.25           677      0      0     9.007     1.000     1.000     0.1001      0.0000      0.0000      0.0000
246     A         E          246           GLU           90.86           677      0      0     9.007     1.000     1.000     0.1045      0.0000      0.0000      0.0000
247     A         E          247           ASP           91.16           677      0      0     9.007     1.000     1.000     0.1088      0.0000      0.0000      0.0000
248     A         E          248           GLN           89.13           677      0      0     9.007     1.000     1.000     0.1015      0.0000      0.0000      0.0000
249     A         E          249           THR           85.34           677      0      0     9.007     1.000     1.000     0.0915      0.0000      0.0000      0.0000
250     A         E          250           GLN           78.99           677      0      0     9.007     1.000     1.000     0.0852      0.0000      0.0000      0.0000
251     A         E          251           ASP           82.33           677      0      0     9.007     1.000     1.000     0.0891      0.0000      0.0000      0.0000
252     A         E          252           THR           90.54           677      0      0     9.007     1.000     1.000     0.1087      0.0000      0.0000      0.0000
253     A         E          253           GLU           93.27           677      0      0     9.007     1.000     1.000     0.1244      0.0000      0.0000      0.0000
254     A         E          254           LEU           94.36           677      0      0     9.007     1.000     1.000     0.1244      0.0000      0.0000      0.0000
255     A         E          255           VAL           95.23           677      0      0     9.007     1.000     1.000     0.1276      0.0000      0.0000      0.0000
256     A         E          256           GLU           95.20           677      0      0     9.007     1.000     1.000     0.1249      0.0000      0.0000      0.0000
257     A         E          257           THR           96.76           677      0      0     9.007     1.000     1.000     0.1312      0.0000      0.0000      0.0000
258     A         E          258           ARG           96.99           677      0      0     9.007     1.000     1.000     0.1275      0.0000      0.0000      0.0000
259     A         E          259           PRO           97.03           677      0      0     9.007     1.000     1.000     0.1283      0.0000      0.0000      0.0000
260     A         E          260           ALA           96.43           677      0      0     9.007     1.000     1.000     0.1289      0.0000      0.0000      0.0000
261     A         E          261           GLY           95.10           677      0      0     9.007     1.000     1.000     0.1236      0.0000      0.0000      0.0000
262     A         E          262           ASP           94.92           677      0      0     9.007     1.000     1.000     0.1270      0.0000      0.0000      0.0000
263     A         E          263           GLY           93.94           677      0      0     9.007     1.000     1.000     0.1254      0.0000      0.0000      0.0000
264     A         E          264           THR           96.34           677      0      0     9.007     1.000     1.000     0.1328      0.0000      0.0000      0.0000
265     A         E          265           PHE           97.32           677      0      0     9.007     1.000     1.000     0.1345      0.0000      0.0000      0.0000
266     A         E          266           GLN           97.42           677      0      0     9.007     1.000     1.000     0.1347      0.0000      0.0000      0.0000
267     A         E          267           LYS           97.15           677      0      0     9.007     1.000     1.000     0.1343      0.0000      0.0000      0.0000
268     A         E          268           TRP           96.25           677      0      0     9.007     1.000     1.000     0.1340      0.0000      0.0000      0.0000
269     A         E          269           ALA           95.82           677      0      0     9.007     1.000     1.000     0.1345      0.0000      0.0000      0.0000
270     A         E          270           ALA           95.33           677      0      0     9.007     1.000     1.000     0.1313      0.0000      0.0000      0.0000
271     A         E          271           VAL           94.23           677      0      0     9.007     1.000     1.000     0.1270      0.0000      0.0000      0.0000
272     A         E          272           VAL           93.24           677      0      0     9.007     1.000     1.000     0.1263      0.0000      0.0000      0.0000
273     A         E          273           VAL           92.89           677      0      0     9.007     1.000     1.000     0.1225      0.0000      0.0000      0.0000
274     A         E          274           PRO           92.06           677      0      0     9.007     1.000     1.000     0.1162      0.0000      0.0000      0.0000
275     A         E          275           SER           90.77           677      0      0     9.007     1.000     1.000     0.1043      0.0000      0.0000      0.0000
276     A         E          276           GLY           90.12           677      0      0     9.007     1.000     1.000     0.0997      0.0000      0.0000      0.0000
277     A         E          277           GLU           91.00           677      0      0     9.007     1.000     1.000     0.1078      0.0000      0.0000      0.0000
278     A         E          278           GLU           90.97           677      0      0     9.007     1.000     1.000     0.1144      0.0000      0.0000      0.0000
279     A         E          279           GLN           92.65           677      0      0     9.007     1.000     1.000     0.1119      0.0000      0.0000      0.0000
280     A         E          280           ARG           92.30           677      0      0     9.007     1.000     1.000     0.1167      0.0000      0.0000      0.0000
281     A         E          281           TYR           93.57           677      0      0     9.007     1.000     1.000     0.1283      0.0000      0.0000      0.0000
282     A         E          282           THR           94.73           677      0      0     9.007     1.000     1.000     0.1285      0.0000      0.0000      0.0000
283     A         E          283           CYS           95.00           677      0      0     9.007     1.000     1.000     0.1330      0.0000      0.0000      0.0000
284     A         E          284           HIS           95.46           677      0      0     9.007     1.000     1.000     0.1304      0.0000      0.0000      0.0000
285     A         E          285           VAL           96.37           677      0      0     9.007     1.000     1.000     0.1340      0.0000      0.0000      0.0000
286     A         E          286           GLN           96.34           677      0      0     9.007     1.000     1.000     0.1296      0.0000      0.0000      0.0000
287     A         E          287           HIS           96.15           677      0      0     9.007     1.000     1.000     0.1267      0.0000      0.0000      0.0000
288     A         E          288           GLU           93.78           677      0      0     9.007     1.000     1.000     0.1219      0.0000      0.0000      0.0000
289     A         E          289           GLY           93.00           677      0      0     9.007     1.000     1.000     0.1190      0.0000      0.0000      0.0000
290     A         E          290           LEU           94.50           677      0      0     9.007     1.000     1.000     0.1199      0.0000      0.0000      0.0000
291     A         E          291           PRO           92.85           677      0      0     9.007     1.000     1.000     0.1122      0.0000      0.0000      0.0000
292     A         E          292           LYS           95.07           677      0      0     9.007     1.000     1.000     0.1133      0.0000      0.0000      0.0000
293     A         E          293           PRO           94.70           677      0      0     9.007     1.000     1.000     0.1177      0.0000      0.0000      0.0000
294     A         E          294           LEU           94.90           677      0      0     9.007     1.000     1.000     0.1181      0.0000      0.0000      0.0000
295     A         E          295           THR           94.77           677      0      0     9.007     1.000     1.000     0.1243      0.0000      0.0000      0.0000
296     A         E          296           LEU           94.16           677      0      0     9.007     1.000     1.000     0.1248      0.0000      0.0000      0.0000
297     A         E          297           ARG           92.50           677      0      0     9.007     1.000     1.000     0.1194      0.0000      0.0000      0.0000
298     A         E          298           TRP           89.70           677      0      0     9.007     1.000     1.000     0.1053      0.0000      0.0000      0.0000
299     A         E          299           GLU           80.16           677      0      0     9.007     1.000     1.000     0.0844      0.0000      0.0000      0.0000
300     A         E          300           LEU           63.97           677      0      0     9.007     1.000     1.000     0.0801      0.0000      0.0000      0.0000
301     A         E          301           SER           58.14           677      0      0     9.007     1.000     1.000     0.0777      0.0000      0.0000      0.0000
302     A         E          302           SER           47.24           677      0      0     9.007     1.000     1.000     0.0767      0.0000      0.0000      0.0000
303     A         E          303           GLN           37.13           677      0      0     9.007     1.000     1.000     0.0768      0.0000      0.0000      0.0000
304     A         E          304           PRO           38.15           677      0      0     9.007     1.000     1.000     0.0764      0.0000      0.0000      0.0000
305     A         E          305           THR           35.06           677      0      0     9.007     1.000     1.000     0.0761      0.0000      0.0000      0.0000
306     A         E          306           ILE           34.62           677      0      0     9.007     1.000     1.000     0.0761      0.0000      0.0000      0.0000
307     A         E          307           PRO           34.19           677      0      0     9.007     1.000     1.000     0.0757      0.0000      0.0000      0.0000
308     A         E          308           ILE           36.47           677      0      0     9.007     1.000     1.000     0.0763      0.0000      0.0000      0.0000
309     A         E          309           VAL           35.78           677      0      0     9.007     1.000     1.000     0.0759      0.0000      0.0000      0.0000
310     A         E          310           GLY           36.94           677      0      0     9.007     1.000     1.000     0.0757      0.0000      0.0000      0.0000
311     A         E          311           ILE           35.99           677      0      0     9.007     1.000     1.000     0.0761      0.0000      0.0000      0.0000
312     A         E          312           ILE           37.10           677      0      0     9.007     1.000     1.000     0.0766      0.0000      0.0000      0.0000
313     A         E          313           ALA           40.78           677      0      0     9.007     1.000     1.000     0.0760      0.0000      0.0000      0.0000
314     A         E          314           GLY           42.02           677      0      0     9.007     1.000     1.000     0.0760      0.0000      0.0000      0.0000
315     A         E          315           LEU           38.23           677      0      0     9.007     1.000     1.000     0.0767      0.0000      0.0000      0.0000
316     A         E          316           VAL           41.03           677      0      0     9.007     1.000     1.000     0.0764      0.0000      0.0000      0.0000
317     A         E          317           LEU           42.99           677      0      0     9.007     1.000     1.000     0.0761      0.0000      0.0000      0.0000
318     A         E          318           LEU           41.52           677      0      0     9.007     1.000     1.000     0.0765      0.0000      0.0000      0.0000
319     A         E          319           GLY           41.49           677      0      0     9.007     1.000     1.000     0.0764      0.0000      0.0000      0.0000
320     A         E          320           ALA           45.57           677      0      0     9.007     1.000     1.000     0.0761      0.0000      0.0000      0.0000
321     A         E          321           VAL           47.80           677      0      0     9.007     1.000     1.000     0.0760      0.0000      0.0000      0.0000
322     A         E          322           ILE           44.45           677      0      0     9.007     1.000     1.000     0.0765      0.0000      0.0000      0.0000
323     A         E          323           THR           42.53           677      0      0     9.007     1.000     1.000     0.0765      0.0000      0.0000      0.0000
324     A         E          324           GLY           44.24           677      0      0     9.007     1.000     1.000     0.0758      0.0000      0.0000      0.0000
325     A         E          325           ALA           49.83           677      0      0     9.007     1.000     1.000     0.0757      0.0000      0.0000      0.0000
326     A         E          326           VAL           43.46           677      0      0     9.007     1.000     1.000     0.0763      0.0000      0.0000      0.0000
327     A         E          327           VAL           43.53           677      0      0     9.007     1.000     1.000     0.0760      0.0000      0.0000      0.0000
328     A         E          328           ALA           48.29           677      0      0     9.007     1.000     1.000     0.0755      0.0000      0.0000      0.0000
329     A         E          329           ALA           52.49           677      0      0     9.007     1.000     1.000     0.0758      0.0000      0.0000      0.0000
330     A         E          330           VAL           51.04           677      0      0     9.007     1.000     1.000     0.0761      0.0000      0.0000      0.0000
331     A         E          331           MET           50.93           677      0      0     9.007     1.000     1.000     0.0757      0.0000      0.0000      0.0000
332     A         E          332           TRP           60.33           677      0      0     9.007     1.000     1.000     0.0755      0.0000      0.0000      0.0000
333     A         E          333           ARG           53.87           677      0      0     9.007     1.000     1.000     0.0757      0.0000      0.0000      0.0000
334     A         E          334           ARG           53.11           677      0      0     9.007     1.000     1.000     0.0757      0.0000      0.0000      0.0000
335     A         E          335           LYS           53.22           677      0      0     9.007     1.000     1.000     0.0753      0.0000      0.0000      0.0000
336     A         E          336           SER           46.96           677      0      0     9.007     1.000     1.000     0.0750      0.0000      0.0000      0.0000
337     A         E          337           SER           41.40           677      0      0     9.007     1.000     1.000     0.0749      0.0000      0.0000      0.0000
338     A         E          338           ASP           39.95           677      0      0     9.007     1.000     1.000     0.0748      0.0000      0.0000      0.0000
339     A         E          339           ARG           36.87           677      0      0     9.007     1.000     1.000     0.0748      0.0000      0.0000      0.0000
340     A         E          340           LYS           30.68           677      0      0     9.007     1.000     1.000     0.0748      0.0000      0.0000      0.0000
341     A         E          341           GLY           29.26           677      0      0     9.007     1.000     1.000     0.0747      0.0000      0.0000      0.0000
342     A         E          342           GLY           27.35           677      0      0     9.007     1.000     1.000     0.0748      0.0000      0.0000      0.0000
343     A         E          343           SER           25.70           677      0      0     9.007     1.000     1.000     0.0747      0.0000      0.0000      0.0000
344     A         E          344           TYR           24.25           677      0      0     9.007     1.000     1.000     0.0747      0.0000      0.0000      0.0000
345     A         E          345           THR           27.38           677      0      0     9.007     1.000     1.000     0.0747      0.0000      0.0000      0.0000
346     A         E          346           GLN           22.69           677      0      0     9.007     1.000     1.000     0.0747      0.0000      0.0000      0.0000
347     A         E          347           ALA           26.15           677      0      0     9.007     1.000     1.000     0.0747      0.0000      0.0000      0.0000
348     A         E          348           ALA           26.32           677      0      0     9.007     1.000     1.000     0.0747      0.0000      0.0000      0.0000
349     A         E          349           SER           23.56           677      0      0     9.007     1.000     1.000     0.0747      0.0000      0.0000      0.0000
350     A         E          350           SER           25.07           677      0      0     9.007     1.000     1.000     0.0747      0.0000      0.0000      0.0000
351     A         E          351           ASP           26.97           677      0      0     9.007     1.000     1.000     0.0747      0.0000      0.0000      0.0000
352     A         E          352           SER           26.40           677      0      0     9.007     1.000     1.000     0.0748      0.0000      0.0000      0.0000
353     A         E          353           ALA           25.07           677      0      0     9.007     1.000     1.000     0.0749      0.0000      0.0000      0.0000
354     A         E          354           GLN           24.45           677      0      0     9.007     1.000     1.000     0.0749      0.0000      0.0000      0.0000
355     A         E          355           GLY           25.26           677      0      0     9.007     1.000     1.000     0.0748      0.0000      0.0000      0.0000
356     A         E          356           SER           26.10           677      0      0     9.007     1.000     1.000     0.0748      0.0000      0.0000      0.0000
357     A         E          357           ASP           24.64           677      0      0     9.007     1.000     1.000     0.0749      0.0000      0.0000      0.0000
358     A         E          358           VAL           25.89           677      0      0     9.007     1.000     1.000     0.0750      0.0000      0.0000      0.0000
359     A         E          359           SER           24.69           677      0      0     9.007     1.000     1.000     0.0750      0.0000      0.0000      0.0000
360     A         E          360           LEU           24.50           677      0      0     9.007     1.000     1.000     0.0750      0.0000      0.0000      0.0000
361     A         E          361           THR           25.44           677      0      0     9.007     1.000     1.000     0.0750      0.0000      0.0000      0.0000
362     A         E          362           ALA           24.13           677      0      0     9.007     1.000     1.000     0.0749      0.0000      0.0000      0.0000
363     A         E          363           CYS           21.21           677      0      0     9.007     1.000     1.000     0.0749      0.0000      0.0000      0.0000
364     A         E          364           LYS           22.20           677      0      0     9.007     1.000     1.000     0.0749      0.0000      0.0000      0.0000
365     A         E          365           VAL           15.65           677      0      0     9.007     1.000     1.000     0.0749      0.0000      0.0000      0.0000
366     B         A            1           ILE           85.28           464    382      9     7.695     7.078     1.000     0.1330      0.4999      0.4601      0.0186
367     B         A            2           GLN           94.37           464    382    252     7.695     7.078     5.874     0.4098      0.5284      0.4887      0.4015
368     B         A            3           ARG           97.05           464    382    282     7.695     7.078     6.185     0.6154      0.7704      0.7408      0.6885
369     B         A            4           THR           97.20           464    382    282     7.695     7.078     6.185     0.6174      0.7725      0.7431      0.6909
370     B         A            5           PRO           97.76           464    382    282     7.695     7.078     6.185     0.6296      0.7880      0.7599      0.7097
371     B         A            6           LYS           97.36           464    382    282     7.695     7.078     6.185     0.6622      0.8295      0.8054      0.7614
372     B         A            7           ILE           97.54           464    382    282     7.695     7.078     6.185     0.6692      0.8388      0.8158      0.7735
373     B         A            8           GLN           97.09           464    382    282     7.695     7.078     6.185     0.6561      0.8220      0.7971      0.7519
374     B         A            9           VAL           97.49           464    382    282     7.695     7.078     6.185     0.6600      0.8272      0.8030      0.7587
375     B         A           10           TYR           97.07           464    382    282     7.695     7.078     6.185     0.6732      0.8440      0.8215      0.7803
376     B         A           11           SER           96.67           464    382    283     7.695     7.078     6.195     0.6216      0.7757      0.7470      0.6968
377     B         A           12           ARG           96.59           464    382    283     7.695     7.078     6.195     0.6251      0.7801      0.7516      0.7017
378     B         A           13           HIS           94.85           464    382    282     7.695     7.078     6.185     0.6137      0.7668      0.7372      0.6850
379     B         A           14           PRO           93.69           464    382    283     7.695     7.078     6.195     0.5761      0.7167      0.6837      0.6275
380     B         A           15           ALA           93.55           464    382    281     7.695     7.078     6.175     0.4978      0.6190      0.5820      0.5201
381     B         A           16           GLU           93.70           464    382    281     7.695     7.078     6.175     0.4768      0.5922      0.5540      0.4905
382     B         A           17           ASN           94.17           464    382    281     7.695     7.078     6.175     0.4749      0.5897      0.5509      0.4866
383     B         A           18           GLY           94.33           464    382    228     7.695     7.078     5.605     0.3895      0.5129      0.4727      0.3641
384     B         A           19           LYS           95.22           464    382    281     7.695     7.078     6.175     0.4899      0.6095      0.5708      0.5061
385     B         A           20           SER           96.14           464    382    282     7.695     7.078     6.185     0.5512      0.6873      0.6519      0.5915
386     B         A           21           ASN           96.20           464    382    282     7.695     7.078     6.185     0.5915      0.7391      0.7071      0.6513
387     B         A           22           PHE           97.02           464    382    282     7.695     7.078     6.185     0.6348      0.7947      0.7672      0.7180
388     B         A           23           LEU           97.53           464    382    282     7.695     7.078     6.185     0.6548      0.8203      0.7953      0.7499
389     B         A           24           ASN           97.86           464    382    282     7.695     7.078     6.185     0.6600      0.8272      0.8030      0.7588
390     B         A           25           CYS           98.15           464    382    282     7.695     7.078     6.185     0.6858      0.8604      0.8399      0.8018
391     B         A           26           TYR           98.13           464    382    282     7.695     7.078     6.185     0.6992      0.8775      0.8591      0.8247
392     B         A           27           VAL           98.17           464    382    282     7.695     7.078     6.185     0.6792      0.8524      0.8310      0.7916
393     B         A           28           SER           97.72           464    382    282     7.695     7.078     6.185     0.6404      0.8019      0.7751      0.7270
394     B         A           29           GLY           97.29           464    382    282     7.695     7.078     6.185     0.6301      0.7888      0.7610      0.7113
395     B         A           30           PHE           97.92           464    382    282     7.695     7.078     6.185     0.6824      0.8567      0.8360      0.7979
396     B         A           31           HIS           97.58           464    382    282     7.695     7.078     6.185     0.6402      0.8032      0.7771      0.7303
397     B         A           32           PRO           96.87           464    382    282     7.695     7.078     6.185     0.5981      0.7489      0.7185      0.6654
398     B         A           33           SER           97.01           464    382    282     7.695     7.078     6.185     0.5869      0.7345      0.7032      0.6490
399     B         A           34           ASP           96.29           464    382    282     7.695     7.078     6.185     0.6079      0.7611      0.7317      0.6800
400     B         A           35           ILE           97.37           464    382    282     7.695     7.078     6.185     0.6385      0.8000      0.7734      0.7257
401     B         A           36           GLU           97.30           464    382    282     7.695     7.078     6.185     0.6122      0.7661      0.7365      0.6841
402     B         A           37           VAL           97.87           464    382    282     7.695     7.078     6.185     0.6415      0.8037      0.7772      0.7294
403     B         A           38           ASP           97.55           464    382    282     7.695     7.078     6.185     0.6094      0.7624      0.7321      0.6785
404     B         A           39           LEU           97.76           464    382    282     7.695     7.078     6.185     0.6395      0.8008      0.7737      0.7250
405     B         A           40           LEU           97.35           464    382    282     7.695     7.078     6.185     0.6260      0.7835      0.7548      0.7034
406     B         A           41           LYS           96.97           464    382    282     7.695     7.078     6.185     0.5987      0.7483      0.7165      0.6606
407     B         A           42           ASN           95.90           464    382    282     7.695     7.078     6.185     0.5282      0.6575      0.6201      0.5570
408     B         A           43           GLY           95.04           464    382    280     7.695     7.078     6.165     0.4514      0.5606      0.5202      0.4531
409     B         A           44           GLU           96.23           464    382    281     7.695     7.078     6.175     0.4717      0.5854      0.5456      0.4795
410     B         A           45           ARG           96.91           464    382    282     7.695     7.078     6.185     0.5623      0.7016      0.6666      0.6062
411     B         A           46           ILE           96.82           464    382    282     7.695     7.078     6.185     0.5517      0.6878      0.6520      0.5909
412     B         A           47           GLU           94.71           464    382    174     7.695     7.078     4.918     0.3426      0.4770      0.4365      0.2758
413     B         A           48           LYS           92.99           464    382    211     7.695     7.078     5.403     0.3811      0.5156      0.4755      0.3507
414     B         A           49           VAL           96.65           464    382    282     7.695     7.078     6.185     0.5652      0.7059      0.6720      0.6138
415     B         A           50           GLU           96.64           464    382    282     7.695     7.078     6.185     0.6153      0.7698      0.7404      0.6884
416     B         A           51           HIS           97.11           464    382    282     7.695     7.078     6.185     0.6408      0.8032      0.7771      0.7302
417     B         A           52           SER           97.07           464    382    282     7.695     7.078     6.185     0.6455      0.8087      0.7833      0.7376
418     B         A           53           ASP           97.14           464    382    282     7.695     7.078     6.185     0.6646      0.8341      0.8115      0.7704
419     B         A           54           LEU           97.62           464    382    282     7.695     7.078     6.185     0.6809      0.8555      0.8352      0.7980
420     B         A           55           SER           97.77           464    382    282     7.695     7.078     6.185     0.6622      0.8306      0.8076      0.7660
421     B         A           56           PHE           97.98           464    382    282     7.695     7.078     6.185     0.6865      0.8633      0.8440      0.8088
422     B         A           57           SER           97.11           464    382    282     7.695     7.078     6.185     0.6536      0.8199      0.7955      0.7514
423     B         A           58           LYS           95.66           464    382    282     7.695     7.078     6.185     0.6372      0.7986      0.7721      0.7246
424     B         A           59           ASP           96.47           464    382    282     7.695     7.078     6.185     0.6475      0.8121      0.7869      0.7415
425     B         A           60           TRP           97.43           464    382    282     7.695     7.078     6.185     0.6872      0.8640      0.8446      0.8090
426     B         A           61           SER           97.77           464    382    282     7.695     7.078     6.185     0.6752      0.8477      0.8262      0.7868
427     B         A           62           PHE           98.21           464    382    282     7.695     7.078     6.185     0.7052      0.8870      0.8703      0.8394
428     B         A           63           TYR           97.93           464    382    282     7.695     7.078     6.185     0.6970      0.8755      0.8573      0.8234
429     B         A           64           LEU           97.97           464    382    282     7.695     7.078     6.185     0.6869      0.8628      0.8429      0.8060
430     B         A           65           LEU           98.06           464    382    282     7.695     7.078     6.185     0.6933      0.8700      0.8508      0.8151
431     B         A           66           TYR           98.12           464    382    282     7.695     7.078     6.185     0.6981      0.8766      0.8581      0.8237
432     B         A           67           TYR           97.72           464    382    282     7.695     7.078     6.185     0.6667      0.8359      0.8126      0.7701
433     B         A           68           THR           97.41           464    382    282     7.695     7.078     6.185     0.6143      0.7686      0.7388      0.6861
434     B         A           69           GLU           96.83           464    382    282     7.695     7.078     6.185     0.5955      0.7436      0.7118      0.6559
435     B         A           70           PHE           95.99           464    382    282     7.695     7.078     6.185     0.5882      0.7348      0.7024      0.6459
436     B         A           71           THR           95.75           464    382    282     7.695     7.078     6.185     0.5344      0.6650      0.6284      0.5666
437     B         A           72           PRO           95.54           464    382    281     7.695     7.078     6.175     0.4791      0.5948      0.5559      0.4912
438     B         A           73           THR           93.91           464    382    268     7.695     7.078     6.043     0.4419      0.5562      0.5163      0.4406
439     B         A           74           GLU           93.09           464    382    209     7.695     7.078     5.378     0.3621      0.4824      0.4419      0.3166
440     B         A           75           LYS           92.98           464    382    102     7.695     7.078     3.694     0.2906      0.4326      0.3925      0.1510
441     B         A           76           ASP           94.43           464    382    280     7.695     7.078     6.165     0.4752      0.5914      0.5515      0.4846
442     B         A           77           GLU           96.23           464    382    282     7.695     7.078     6.185     0.5343      0.6654      0.6284      0.5657
443     B         A           78           TYR           96.96           464    382    282     7.695     7.078     6.185     0.6330      0.7921      0.7641      0.7139
444     B         A           79           ALA           97.46           464    382    282     7.695     7.078     6.185     0.6183      0.7731      0.7435      0.6907
445     B         A           80           CYS           97.86           464    382    282     7.695     7.078     6.185     0.6465      0.8098      0.7836      0.7361
446     B         A           81           ARG           98.01           464    382    282     7.695     7.078     6.185     0.6454      0.8085      0.7822      0.7346
447     B         A           82           VAL           97.98           464    382    282     7.695     7.078     6.185     0.6475      0.8111      0.7852      0.7382
448     B         A           83           ASN           97.65           464    382    282     7.695     7.078     6.185     0.6047      0.7563      0.7256      0.6716
449     B         A           84           HIS           97.29           464    382    282     7.695     7.078     6.185     0.6316      0.7908      0.7630      0.7134
450     B         A           85           VAL           96.47           464    382    282     7.695     7.078     6.185     0.6176      0.7735      0.7441      0.6921
451     B         A           86           THR           96.40           464    382    282     7.695     7.078     6.185     0.6027      0.7541      0.7231      0.6687
452     B         A           87           LEU           95.93           464    382    282     7.695     7.078     6.185     0.5679      0.7091      0.6750      0.6161
453     B         A           88           SER           95.42           464    382    277     7.695     7.078     6.135     0.4592      0.5750      0.5352      0.4666
454     B         A           89           GLN           95.80           464    382    276     7.695     7.078     6.124     0.4179      0.5205      0.4800      0.4109
455     B         A           90           PRO           96.64           464    382    281     7.695     7.078     6.175     0.5226      0.6517      0.6141      0.5499
456     B         A           91           LYS           97.36           464    382    282     7.695     7.078     6.185     0.5847      0.7302      0.6970      0.6392
457     B         A           92           ILE           97.55           464    382    282     7.695     7.078     6.185     0.6200      0.7755      0.7460      0.6936
458     B         A           93           VAL           97.37           464    382    282     7.695     7.078     6.185     0.6219      0.7779      0.7487      0.6965
459     B         A           94           LYS           97.00           464    382    282     7.695     7.078     6.185     0.5635      0.7026      0.6681      0.6087
460     B         A           95           TRP           96.40           464    382    282     7.695     7.078     6.185     0.5777      0.7208      0.6875      0.6298
461     B         A           96           ASP           93.90           464    382    260     7.695     7.078     5.959     0.4390      0.5590      0.5202      0.4404
462     B         A           97           ARG           89.52           464    382    144     7.695     7.078     4.465     0.3446      0.5299      0.4906      0.2885
463     B         A           98           ASP           85.13           464    382     88     7.695     7.078     3.382     0.2728      0.5117      0.4717      0.1781
464     B         A           99           MET           87.08           464    382     45     7.695     7.078     2.053     0.2096      0.4857      0.4458      0.0680
366     B         C            1           ILE           85.28           108    102      0     3.818     3.694     1.000     0.0367      0.0000      0.0000      0.0000
367     B         C            2           GLN           94.37           108    102      9     3.818     3.694     1.000     0.1634      0.1634      0.1547      0.0133
368     B         C            3           ARG           97.05           108    102      9     3.818     3.694     1.000     0.3913      0.3913      0.3760      0.0435
369     B         C            4           THR           97.20           108    102      9     3.818     3.694     1.000     0.3618      0.3618      0.3471      0.0387
370     B         C            5           PRO           97.76           108    102      9     3.818     3.694     1.000     0.3832      0.3832      0.3681      0.0419
371     B         C            6           LYS           97.36           108    102      9     3.818     3.694     1.000     0.4380      0.4380      0.4222      0.0525
372     B         C            7           ILE           97.54           108    102      9     3.818     3.694     1.000     0.4464      0.4464      0.4306      0.0541
373     B         C            8           GLN           97.09           108    102      9     3.818     3.694     1.000     0.4033      0.4033      0.3879      0.0453
374     B         C            9           VAL           97.49           108    102      9     3.818     3.694     1.000     0.3969      0.3969      0.3815      0.0440
375     B         C           10           TYR           97.07           108    102      9     3.818     3.694     1.000     0.4328      0.4328      0.4170      0.0509
376     B         C           11           SER           96.67           108    102      9     3.818     3.694     1.000     0.3037      0.3037      0.2901      0.0294
377     B         C           12           ARG           96.59           108    102      9     3.818     3.694     1.000     0.3315      0.3315      0.3172      0.0333
378     B         C           13           HIS           94.85           108    102      9     3.818     3.694     1.000     0.3088      0.3088      0.2951      0.0301
379     B         C           14           PRO           93.69           108    102      9     3.818     3.694     1.000     0.2585      0.2585      0.2462      0.0235
380     B         C           15           ALA           93.55           108    102      9     3.818     3.694     1.000     0.1748      0.1748      0.1655      0.0144
381     B         C           16           GLU           93.70           108    102      9     3.818     3.694     1.000     0.1607      0.1607      0.1520      0.0130
382     B         C           17           ASN           94.17           108    102      9     3.818     3.694     1.000     0.1647      0.1647      0.1558      0.0134
383     B         C           18           GLY           94.33           108    102      2     3.818     3.694     1.000     0.1198      0.1404      0.1327      0.0111
384     B         C           19           LYS           95.22           108    102      9     3.818     3.694     1.000     0.1873      0.1873      0.1776      0.0156
385     B         C           20           SER           96.14           108    102      9     3.818     3.694     1.000     0.2546      0.2546      0.2424      0.0230
386     B         C           21           ASN           96.20           108    102      9     3.818     3.694     1.000     0.2942      0.2942      0.2809      0.0281
387     B         C           22           PHE           97.02           108    102      9     3.818     3.694     1.000     0.3615      0.3615      0.3466      0.0378
388     B         C           23           LEU           97.53           108    102      9     3.818     3.694     1.000     0.3948      0.3948      0.3794      0.0436
389     B         C           24           ASN           97.86           108    102      9     3.818     3.694     1.000     0.4278      0.4278      0.4120      0.0497
390     B         C           25           CYS           98.15           108    102      9     3.818     3.694     1.000     0.4856      0.4856      0.4696      0.0628
391     B         C           26           TYR           98.13           108    102      9     3.818     3.694     1.000     0.5230      0.5230      0.5070      0.0732
392     B         C           27           VAL           98.17           108    102      9     3.818     3.694     1.000     0.4920      0.4920      0.4759      0.0643
393     B         C           28           SER           97.72           108    102      9     3.818     3.694     1.000     0.3972      0.3972      0.3818      0.0440
394     B         C           29           GLY           97.29           108    102      9     3.818     3.694     1.000     0.3998      0.3998      0.3844      0.0449
395     B         C           30           PHE           97.92           108    102      9     3.818     3.694     1.000     0.5130      0.5130      0.4970      0.0711
396     B         C           31           HIS           97.58           108    102      9     3.818     3.694     1.000     0.4533      0.4533      0.4374      0.0558
397     B         C           32           PRO           96.87           108    102      9     3.818     3.694     1.000     0.4012      0.4012      0.3859      0.0453
398     B         C           33           SER           97.01           108    102      9     3.818     3.694     1.000     0.3933      0.3933      0.3781      0.0439
399     B         C           34           ASP           96.29           108    102      9     3.818     3.694     1.000     0.4402      0.4402      0.4244      0.0533
400     B         C           35           ILE           97.37           108    102      9     3.818     3.694     1.000     0.4526      0.4526      0.4367      0.0558
401     B         C           36           GLU           97.30           108    102      9     3.818     3.694     1.000     0.4097      0.4097      0.3943      0.0473
402     B         C           37           VAL           97.87           108    102      9     3.818     3.694     1.000     0.4396      0.4396      0.4237      0.0523
403     B         C           38           ASP           97.55           108    102      9     3.818     3.694     1.000     0.3682      0.3682      0.3532      0.0392
404     B         C           39           LEU           97.76           108    102      9     3.818     3.694     1.000     0.4138      0.4138      0.3981      0.0471
405     B         C           40           LEU           97.35           108    102      9     3.818     3.694     1.000     0.3726      0.3726      0.3575      0.0397
406     B         C           41           LYS           96.97           108    102      9     3.818     3.694     1.000     0.3294      0.3294      0.3151      0.0329
407     B         C           42           ASN           95.90           108    102      9     3.818     3.694     1.000     0.2335      0.2335      0.2220      0.0205
408     B         C           43           GLY           95.04           108    102      9     3.818     3.694     1.000     0.1785      0.1785      0.1691      0.0147
409     B         C           44           GLU           96.23           108    102      9     3.818     3.694     1.000     0.2043      0.2043      0.1939      0.0173
410     B         C           45           ARG           96.91           108    102      9     3.818     3.694     1.000     0.2929      0.2929      0.2795      0.0277
411     B         C           46           ILE           96.82           108    102      9     3.818     3.694     1.000     0.2835      0.2835      0.2704      0.0266
412     B         C           47           GLU           94.71           108    102      3     3.818     3.694     1.000     0.1212      0.1377      0.1300      0.0108
413     B         C           48           LYS           92.99           108    102      5     3.818     3.694     1.000     0.1484      0.1703      0.1612      0.0139
414     B         C           49           VAL           96.65           108    102      9     3.818     3.694     1.000     0.3343      0.3343      0.3200      0.0337
415     B         C           50           GLU           96.64           108    102      9     3.818     3.694     1.000     0.4024      0.4024      0.3868      0.0448
416     B         C           51           HIS           97.11           108    102      9     3.818     3.694     1.000     0.4530      0.4530      0.4370      0.0552
417     B         C           52           SER           97.07           108    102      9     3.818     3.694     1.000     0.4816      0.4816      0.4655      0.0615
418     B         C           53           ASP           97.14           108    102      9     3.818     3.694     1.000     0.5300      0.5300      0.5140      0.0750
419     B         C           54           LEU           97.62           108    102      9     3.818     3.694     1.000     0.5691      0.5691      0.5534      0.0878
420     B         C           55           SER           97.77           108    102      9     3.818     3.694     1.000     0.5139      0.5139      0.4980      0.0708
421     B         C           56           PHE           97.98           108    102      9     3.818     3.694     1.000     0.5860      0.5860      0.5706      0.0942
422     B         C           57           SER           97.11           108    102      9     3.818     3.694     1.000     0.4722      0.4722      0.4562      0.0603
423     B         C           58           LYS           95.66           108    102      9     3.818     3.694     1.000     0.4498      0.4498      0.4339      0.0549
424     B         C           59           ASP           96.47           108    102      9     3.818     3.694     1.000     0.4483      0.4483      0.4325      0.0552
425     B         C           60           TRP           97.43           108    102      9     3.818     3.694     1.000     0.5834      0.5834      0.5680      0.0943
426     B         C           61           SER           97.77           108    102      9     3.818     3.694     1.000     0.5143      0.5143      0.4984      0.0722
427     B         C           62           PHE           98.21           108    102      9     3.818     3.694     1.000     0.6025      0.6025      0.5874      0.1032
428     B         C           63           TYR           97.93           108    102      9     3.818     3.694     1.000     0.5599      0.5599      0.5443      0.0859
429     B         C           64           LEU           97.97           108    102      9     3.818     3.694     1.000     0.5294      0.5294      0.5135      0.0748
430     B         C           65           LEU           98.06           108    102      9     3.818     3.694     1.000     0.5232      0.5232      0.5072      0.0728
431     B         C           66           TYR           98.12           108    102      9     3.818     3.694     1.000     0.5281      0.5281      0.5121      0.0743
432     B         C           67           TYR           97.72           108    102      9     3.818     3.694     1.000     0.4525      0.4525      0.4365      0.0550
433     B         C           68           THR           97.41           108    102      9     3.818     3.694     1.000     0.3612      0.3612      0.3463      0.0378
434     B         C           69           GLU           96.83           108    102      9     3.818     3.694     1.000     0.3293      0.3293      0.3150      0.0329
435     B         C           70           PHE           95.99           108    102      9     3.818     3.694     1.000     0.3071      0.3071      0.2934      0.0298
436     B         C           71           THR           95.75           108    102      9     3.818     3.694     1.000     0.2329      0.2329      0.2214      0.0205
437     B         C           72           PRO           95.54           108    102      9     3.818     3.694     1.000     0.1871      0.1871      0.1774      0.0156
438     B         C           73           THR           93.91           108    102      9     3.818     3.694     1.000     0.1600      0.1600      0.1514      0.0129
439     B         C           74           GLU           93.09           108    102      0     3.818     3.694     1.000     0.1071      0.0000      0.0000      0.0000
440     B         C           75           LYS           92.98           108    102      0     3.818     3.694     1.000     0.0824      0.0000      0.0000      0.0000
441     B         C           76           ASP           94.43           108    102      9     3.818     3.694     1.000     0.1902      0.1902      0.1803      0.0159
442     B         C           77           GLU           96.23           108    102      9     3.818     3.694     1.000     0.2359      0.2359      0.2243      0.0208
443     B         C           78           TYR           96.96           108    102      9     3.818     3.694     1.000     0.3650      0.3650      0.3500      0.0384
444     B         C           79           ALA           97.46           108    102      9     3.818     3.694     1.000     0.3425      0.3425      0.3279      0.0349
445     B         C           80           CYS           97.86           108    102      9     3.818     3.694     1.000     0.4145      0.4145      0.3989      0.0472
446     B         C           81           ARG           98.01           108    102      9     3.818     3.694     1.000     0.4122      0.4122      0.3966      0.0470
447     B         C           82           VAL           97.98           108    102      9     3.818     3.694     1.000     0.4341      0.4341      0.4183      0.0514
448     B         C           83           ASN           97.65           108    102      9     3.818     3.694     1.000     0.3751      0.3751      0.3601      0.0407
449     B         C           84           HIS           97.29           108    102      9     3.818     3.694     1.000     0.4274      0.4274      0.4116      0.0499
450     B         C           85           VAL           96.47           108    102      9     3.818     3.694     1.000     0.4059      0.4059      0.3904      0.0458
451     B         C           86           THR           96.40           108    102      9     3.818     3.694     1.000     0.3887      0.3887      0.3735      0.0428
452     B         C           87           LEU           95.93           108    102      9     3.818     3.694     1.000     0.3421      0.3421      0.3277      0.0351
453     B         C           88           SER           95.42           108    102      9     3.818     3.694     1.000     0.1986      0.1986      0.1884      0.0169
454     B         C           89           GLN           95.80           108    102      9     3.818     3.694     1.000     0.1666      0.1666      0.1577      0.0136
455     B         C           90           PRO           96.64           108    102      9     3.818     3.694     1.000     0.2473      0.2473      0.2353      0.0222
456     B         C           91           LYS           97.36           108    102      9     3.818     3.694     1.000     0.3208      0.3208      0.3067      0.0317
457     B         C           92           ILE           97.55           108    102      9     3.818     3.694     1.000     0.3471      0.3471      0.3325      0.0356
458     B         C           93           VAL           97.37           108    102      9     3.818     3.694     1.000     0.3503      0.3503      0.3356      0.0361
459     B         C           94           LYS           97.00           108    102      9     3.818     3.694     1.000     0.2491      0.2491      0.2370      0.0223
460     B         C           95           TRP           96.40           108    102      9     3.818     3.694     1.000     0.2627      0.2627      0.2502      0.0240
461     B         C           96           ASP           93.90           108    102      5     3.818     3.694     1.000     0.1363      0.1466      0.1386      0.0117
462     B         C           97           ARG           89.52           108    102      0     3.818     3.694     1.000     0.0846      0.0000      0.0000      0.0000
463     B         C           98           ASP           85.13           108    102      0     3.818     3.694     1.000     0.0566      0.0000      0.0000      0.0000
464     B         C           99           MET           87.08           108    102      0     3.818     3.694     1.000     0.0406      0.0000      0.0000      0.0000
366     B         D            1           ILE           85.28           375      0      0     7.021     1.000     1.000     0.0552      0.0000      0.0000      0.0000
367     B         D            2           GLN           94.37           375      0      0     7.021     1.000     1.000     0.0723      0.0000      0.0000      0.0000
368     B         D            3           ARG           97.05           375      0      0     7.021     1.000     1.000     0.0832      0.0000      0.0000      0.0000
369     B         D            4           THR           97.20           375      0      0     7.021     1.000     1.000     0.0846      0.0000      0.0000      0.0000
370     B         D            5           PRO           97.76           375      0      0     7.021     1.000     1.000     0.0860      0.0000      0.0000      0.0000
371     B         D            6           LYS           97.36           375      0      0     7.021     1.000     1.000     0.0885      0.0000      0.0000      0.0000
372     B         D            7           ILE           97.54           375      0      0     7.021     1.000     1.000     0.0897      0.0000      0.0000      0.0000
373     B         D            8           GLN           97.09           375      0      0     7.021     1.000     1.000     0.0879      0.0000      0.0000      0.0000
374     B         D            9           VAL           97.49           375      0      0     7.021     1.000     1.000     0.0901      0.0000      0.0000      0.0000
375     B         D           10           TYR           97.07           375      0      0     7.021     1.000     1.000     0.0877      0.0000      0.0000      0.0000
376     B         D           11           SER           96.67           375      0      0     7.021     1.000     1.000     0.0884      0.0000      0.0000      0.0000
377     B         D           12           ARG           96.59           375      0      0     7.021     1.000     1.000     0.0880      0.0000      0.0000      0.0000
378     B         D           13           HIS           94.85           375      0      0     7.021     1.000     1.000     0.0856      0.0000      0.0000      0.0000
379     B         D           14           PRO           93.69           375      0      0     7.021     1.000     1.000     0.0845      0.0000      0.0000      0.0000
380     B         D           15           ALA           93.55           375      0      0     7.021     1.000     1.000     0.0774      0.0000      0.0000      0.0000
381     B         D           16           GLU           93.70           375      0      0     7.021     1.000     1.000     0.0755      0.0000      0.0000      0.0000
382     B         D           17           ASN           94.17           375      0      0     7.021     1.000     1.000     0.0767      0.0000      0.0000      0.0000
383     B         D           18           GLY           94.33           375      0      0     7.021     1.000     1.000     0.0727      0.0000      0.0000      0.0000
384     B         D           19           LYS           95.22           375      0      0     7.021     1.000     1.000     0.0778      0.0000      0.0000      0.0000
385     B         D           20           SER           96.14           375      0      0     7.021     1.000     1.000     0.0821      0.0000      0.0000      0.0000
386     B         D           21           ASN           96.20           375      0      0     7.021     1.000     1.000     0.0842      0.0000      0.0000      0.0000
387     B         D           22           PHE           97.02           375      0      0     7.021     1.000     1.000     0.0871      0.0000      0.0000      0.0000
388     B         D           23           LEU           97.53           375      0      0     7.021     1.000     1.000     0.0900      0.0000      0.0000      0.0000
389     B         D           24           ASN           97.86           375      0      0     7.021     1.000     1.000     0.0871      0.0000      0.0000      0.0000
390     B         D           25           CYS           98.15           375      0      0     7.021     1.000     1.000     0.0876      0.0000      0.0000      0.0000
391     B         D           26           TYR           98.13           375      0      0     7.021     1.000     1.000     0.0891      0.0000      0.0000      0.0000
392     B         D           27           VAL           98.17           375      0      0     7.021     1.000     1.000     0.0880      0.0000      0.0000      0.0000
393     B         D           28           SER           97.72           375      0      0     7.021     1.000     1.000     0.0847      0.0000      0.0000      0.0000
394     B         D           29           GLY           97.29           375      0      0     7.021     1.000     1.000     0.0836      0.0000      0.0000      0.0000
395     B         D           30           PHE           97.92           375      0      0     7.021     1.000     1.000     0.0852      0.0000      0.0000      0.0000
396     B         D           31           HIS           97.58           375      0      0     7.021     1.000     1.000     0.0846      0.0000      0.0000      0.0000
397     B         D           32           PRO           96.87           375      0      0     7.021     1.000     1.000     0.0843      0.0000      0.0000      0.0000
398     B         D           33           SER           97.01           375      0      0     7.021     1.000     1.000     0.0833      0.0000      0.0000      0.0000
399     B         D           34           ASP           96.29           375      0      0     7.021     1.000     1.000     0.0853      0.0000      0.0000      0.0000
400     B         D           35           ILE           97.37           375      0      0     7.021     1.000     1.000     0.0855      0.0000      0.0000      0.0000
401     B         D           36           GLU           97.30           375      0      0     7.021     1.000     1.000     0.0859      0.0000      0.0000      0.0000
402     B         D           37           VAL           97.87           375      0      0     7.021     1.000     1.000     0.0882      0.0000      0.0000      0.0000
403     B         D           38           ASP           97.55           375      0      0     7.021     1.000     1.000     0.0871      0.0000      0.0000      0.0000
404     B         D           39           LEU           97.76           375      0      0     7.021     1.000     1.000     0.0887      0.0000      0.0000      0.0000
405     B         D           40           LEU           97.35           375      0      0     7.021     1.000     1.000     0.0898      0.0000      0.0000      0.0000
406     B         D           41           LYS           96.97           375      0      0     7.021     1.000     1.000     0.0874      0.0000      0.0000      0.0000
407     B         D           42           ASN           95.90           375      0      0     7.021     1.000     1.000     0.0825      0.0000      0.0000      0.0000
408     B         D           43           GLY           95.04           375      0      0     7.021     1.000     1.000     0.0766      0.0000      0.0000      0.0000
409     B         D           44           GLU           96.23           375      0      0     7.021     1.000     1.000     0.0812      0.0000      0.0000      0.0000
410     B         D           45           ARG           96.91           375      0      0     7.021     1.000     1.000     0.0859      0.0000      0.0000      0.0000
411     B         D           46           ILE           96.82           375      0      0     7.021     1.000     1.000     0.0840      0.0000      0.0000      0.0000
412     B         D           47           GLU           94.71           375      0      0     7.021     1.000     1.000     0.0734      0.0000      0.0000      0.0000
413     B         D           48           LYS           92.99           375      0      0     7.021     1.000     1.000     0.0729      0.0000      0.0000      0.0000
414     B         D           49           VAL           96.65           375      0      0     7.021     1.000     1.000     0.0827      0.0000      0.0000      0.0000
415     B         D           50           GLU           96.64           375      0      0     7.021     1.000     1.000     0.0846      0.0000      0.0000      0.0000
416     B         D           51           HIS           97.11           375      0      0     7.021     1.000     1.000     0.0848      0.0000      0.0000      0.0000
417     B         D           52           SER           97.07           375      0      0     7.021     1.000     1.000     0.0848      0.0000      0.0000      0.0000
418     B         D           53           ASP           97.14           375      0      0     7.021     1.000     1.000     0.0873      0.0000      0.0000      0.0000
419     B         D           54           LEU           97.62           375      0      0     7.021     1.000     1.000     0.0881      0.0000      0.0000      0.0000
420     B         D           55           SER           97.77           375      0      0     7.021     1.000     1.000     0.0847      0.0000      0.0000      0.0000
421     B         D           56           PHE           97.98           375      0      0     7.021     1.000     1.000     0.0845      0.0000      0.0000      0.0000
422     B         D           57           SER           97.11           375      0      0     7.021     1.000     1.000     0.0848      0.0000      0.0000      0.0000
423     B         D           58           LYS           95.66           375      0      0     7.021     1.000     1.000     0.0830      0.0000      0.0000      0.0000
424     B         D           59           ASP           96.47           375      0      0     7.021     1.000     1.000     0.0834      0.0000      0.0000      0.0000
425     B         D           60           TRP           97.43           375      0      0     7.021     1.000     1.000     0.0850      0.0000      0.0000      0.0000
426     B         D           61           SER           97.77           375      0      0     7.021     1.000     1.000     0.0850      0.0000      0.0000      0.0000
427     B         D           62           PHE           98.21           375      0      0     7.021     1.000     1.000     0.0868      0.0000      0.0000      0.0000
428     B         D           63           TYR           97.93           375      0      0     7.021     1.000     1.000     0.0859      0.0000      0.0000      0.0000
429     B         D           64           LEU           97.97           375      0      0     7.021     1.000     1.000     0.0865      0.0000      0.0000      0.0000
430     B         D           65           LEU           98.06           375      0      0     7.021     1.000     1.000     0.0871      0.0000      0.0000      0.0000
431     B         D           66           TYR           98.12           375      0      0     7.021     1.000     1.000     0.0897      0.0000      0.0000      0.0000
432     B         D           67           TYR           97.72           375      0      0     7.021     1.000     1.000     0.0865      0.0000      0.0000      0.0000
433     B         D           68           THR           97.41           375      0      0     7.021     1.000     1.000     0.0861      0.0000      0.0000      0.0000
434     B         D           69           GLU           96.83           375      0      0     7.021     1.000     1.000     0.0867      0.0000      0.0000      0.0000
435     B         D           70           PHE           95.99           375      0      0     7.021     1.000     1.000     0.0838      0.0000      0.0000      0.0000
436     B         D           71           THR           95.75           375      0      0     7.021     1.000     1.000     0.0811      0.0000      0.0000      0.0000
437     B         D           72           PRO           95.54           375      0      0     7.021     1.000     1.000     0.0771      0.0000      0.0000      0.0000
438     B         D           73           THR           93.91           375      0      0     7.021     1.000     1.000     0.0758      0.0000      0.0000      0.0000
439     B         D           74           GLU           93.09           375      0      0     7.021     1.000     1.000     0.0705      0.0000      0.0000      0.0000
440     B         D           75           LYS           92.98           375      0      0     7.021     1.000     1.000     0.0668      0.0000      0.0000      0.0000
441     B         D           76           ASP           94.43           375      0      0     7.021     1.000     1.000     0.0774      0.0000      0.0000      0.0000
442     B         D           77           GLU           96.23           375      0      0     7.021     1.000     1.000     0.0814      0.0000      0.0000      0.0000
443     B         D           78           TYR           96.96           375      0      0     7.021     1.000     1.000     0.0900      0.0000      0.0000      0.0000
444     B         D           79           ALA           97.46           375      0      0     7.021     1.000     1.000     0.0898      0.0000      0.0000      0.0000
445     B         D           80           CYS           97.86           375      0      0     7.021     1.000     1.000     0.0903      0.0000      0.0000      0.0000
446     B         D           81           ARG           98.01           375      0      0     7.021     1.000     1.000     0.0907      0.0000      0.0000      0.0000
447     B         D           82           VAL           97.98           375      0      0     7.021     1.000     1.000     0.0894      0.0000      0.0000      0.0000
448     B         D           83           ASN           97.65           375      0      0     7.021     1.000     1.000     0.0869      0.0000      0.0000      0.0000
449     B         D           84           HIS           97.29           375      0      0     7.021     1.000     1.000     0.0869      0.0000      0.0000      0.0000
450     B         D           85           VAL           96.47           375      0      0     7.021     1.000     1.000     0.0865      0.0000      0.0000      0.0000
451     B         D           86           THR           96.40           375      0      0     7.021     1.000     1.000     0.0849      0.0000      0.0000      0.0000
452     B         D           87           LEU           95.93           375      0      0     7.021     1.000     1.000     0.0847      0.0000      0.0000      0.0000
453     B         D           88           SER           95.42           375      0      0     7.021     1.000     1.000     0.0762      0.0000      0.0000      0.0000
454     B         D           89           GLN           95.80           375      0      0     7.021     1.000     1.000     0.0765      0.0000      0.0000      0.0000
455     B         D           90           PRO           96.64           375      0      0     7.021     1.000     1.000     0.0827      0.0000      0.0000      0.0000
456     B         D           91           LYS           97.36           375      0      0     7.021     1.000     1.000     0.0863      0.0000      0.0000      0.0000
457     B         D           92           ILE           97.55           375      0      0     7.021     1.000     1.000     0.0890      0.0000      0.0000      0.0000
458     B         D           93           VAL           97.37           375      0      0     7.021     1.000     1.000     0.0884      0.0000      0.0000      0.0000
459     B         D           94           LYS           97.00           375      0      0     7.021     1.000     1.000     0.0849      0.0000      0.0000      0.0000
460     B         D           95           TRP           96.40           375      0      0     7.021     1.000     1.000     0.0866      0.0000      0.0000      0.0000
461     B         D           96           ASP           93.90           375      0      0     7.021     1.000     1.000     0.0750      0.0000      0.0000      0.0000
462     B         D           97           ARG           89.52           375      0      0     7.021     1.000     1.000     0.0684      0.0000      0.0000      0.0000
463     B         D           98           ASP           85.13           375      0      0     7.021     1.000     1.000     0.0625      0.0000      0.0000      0.0000
464     B         D           99           MET           87.08           375      0      0     7.021     1.000     1.000     0.0567      0.0000      0.0000      0.0000
366     B         E            1           ILE           85.28           411      0      0     7.306     1.000     1.000     0.0610      0.0000      0.0000      0.0000
367     B         E            2           GLN           94.37           411      0      0     7.306     1.000     1.000     0.0794      0.0000      0.0000      0.0000
368     B         E            3           ARG           97.05           411      0      0     7.306     1.000     1.000     0.0893      0.0000      0.0000      0.0000
369     B         E            4           THR           97.20           411      0      0     7.306     1.000     1.000     0.0919      0.0000      0.0000      0.0000
370     B         E            5           PRO           97.76           411      0      0     7.306     1.000     1.000     0.0929      0.0000      0.0000      0.0000
371     B         E            6           LYS           97.36           411      0      0     7.306     1.000     1.000     0.0958      0.0000      0.0000      0.0000
372     B         E            7           ILE           97.54           411      0      0     7.306     1.000     1.000     0.0969      0.0000      0.0000      0.0000
373     B         E            8           GLN           97.09           411      0      0     7.306     1.000     1.000     0.0955      0.0000      0.0000      0.0000
374     B         E            9           VAL           97.49           411      0      0     7.306     1.000     1.000     0.0973      0.0000      0.0000      0.0000
375     B         E           10           TYR           97.07           411      0      0     7.306     1.000     1.000     0.0956      0.0000      0.0000      0.0000
376     B         E           11           SER           96.67           411      0      0     7.306     1.000     1.000     0.0963      0.0000      0.0000      0.0000
377     B         E           12           ARG           96.59           411      0      0     7.306     1.000     1.000     0.0951      0.0000      0.0000      0.0000
378     B         E           13           HIS           94.85           411      0      0     7.306     1.000     1.000     0.0925      0.0000      0.0000      0.0000
379     B         E           14           PRO           93.69           411      0      0     7.306     1.000     1.000     0.0912      0.0000      0.0000      0.0000
380     B         E           15           ALA           93.55           411      0      0     7.306     1.000     1.000     0.0840      0.0000      0.0000      0.0000
381     B         E           16           GLU           93.70           411      0      0     7.306     1.000     1.000     0.0821      0.0000      0.0000      0.0000
382     B         E           17           ASN           94.17           411      0      0     7.306     1.000     1.000     0.0829      0.0000      0.0000      0.0000
383     B         E           18           GLY           94.33           411      0      0     7.306     1.000     1.000     0.0790      0.0000      0.0000      0.0000
384     B         E           19           LYS           95.22           411      0      0     7.306     1.000     1.000     0.0846      0.0000      0.0000      0.0000
385     B         E           20           SER           96.14           411      0      0     7.306     1.000     1.000     0.0891      0.0000      0.0000      0.0000
386     B         E           21           ASN           96.20           411      0      0     7.306     1.000     1.000     0.0909      0.0000      0.0000      0.0000
387     B         E           22           PHE           97.02           411      0      0     7.306     1.000     1.000     0.0941      0.0000      0.0000      0.0000
388     B         E           23           LEU           97.53           411      0      0     7.306     1.000     1.000     0.0971      0.0000      0.0000      0.0000
389     B         E           24           ASN           97.86           411      0      0     7.306     1.000     1.000     0.0942      0.0000      0.0000      0.0000
390     B         E           25           CYS           98.15           411      0      0     7.306     1.000     1.000     0.0952      0.0000      0.0000      0.0000
391     B         E           26           TYR           98.13           411      0      0     7.306     1.000     1.000     0.0968      0.0000      0.0000      0.0000
392     B         E           27           VAL           98.17           411      0      0     7.306     1.000     1.000     0.0943      0.0000      0.0000      0.0000
393     B         E           28           SER           97.72           411      0      0     7.306     1.000     1.000     0.0922      0.0000      0.0000      0.0000
394     B         E           29           GLY           97.29           411      0      0     7.306     1.000     1.000     0.0905      0.0000      0.0000      0.0000
395     B         E           30           PHE           97.92           411      0      0     7.306     1.000     1.000     0.0920      0.0000      0.0000      0.0000
396     B         E           31           HIS           97.58           411      0      0     7.306     1.000     1.000     0.0905      0.0000      0.0000      0.0000
397     B         E           32           PRO           96.87           411      0      0     7.306     1.000     1.000     0.0912      0.0000      0.0000      0.0000
398     B         E           33           SER           97.01           411      0      0     7.306     1.000     1.000     0.0903      0.0000      0.0000      0.0000
399     B         E           34           ASP           96.29           411      0      0     7.306     1.000     1.000     0.0930      0.0000      0.0000      0.0000
400     B         E           35           ILE           97.37           411      0      0     7.306     1.000     1.000     0.0922      0.0000      0.0000      0.0000
401     B         E           36           GLU           97.30           411      0      0     7.306     1.000     1.000     0.0929      0.0000      0.0000      0.0000
402     B         E           37           VAL           97.87           411      0      0     7.306     1.000     1.000     0.0945      0.0000      0.0000      0.0000
403     B         E           38           ASP           97.55           411      0      0     7.306     1.000     1.000     0.0943      0.0000      0.0000      0.0000
404     B         E           39           LEU           97.76           411      0      0     7.306     1.000     1.000     0.0953      0.0000      0.0000      0.0000
405     B         E           40           LEU           97.35           411      0      0     7.306     1.000     1.000     0.0971      0.0000      0.0000      0.0000
406     B         E           41           LYS           96.97           411      0      0     7.306     1.000     1.000     0.0950      0.0000      0.0000      0.0000
407     B         E           42           ASN           95.90           411      0      0     7.306     1.000     1.000     0.0897      0.0000      0.0000      0.0000
408     B         E           43           GLY           95.04           411      0      0     7.306     1.000     1.000     0.0838      0.0000      0.0000      0.0000
409     B         E           44           GLU           96.23           411      0      0     7.306     1.000     1.000     0.0883      0.0000      0.0000      0.0000
410     B         E           45           ARG           96.91           411      0      0     7.306     1.000     1.000     0.0924      0.0000      0.0000      0.0000
411     B         E           46           ILE           96.82           411      0      0     7.306     1.000     1.000     0.0902      0.0000      0.0000      0.0000
412     B         E           47           GLU           94.71           411      0      0     7.306     1.000     1.000     0.0803      0.0000      0.0000      0.0000
413     B         E           48           LYS           92.99           411      0      0     7.306     1.000     1.000     0.0796      0.0000      0.0000      0.0000
414     B         E           49           VAL           96.65           411      0      0     7.306     1.000     1.000     0.0889      0.0000      0.0000      0.0000
415     B         E           50           GLU           96.64           411      0      0     7.306     1.000     1.000     0.0922      0.0000      0.0000      0.0000
416     B         E           51           HIS           97.11           411      0      0     7.306     1.000     1.000     0.0918      0.0000      0.0000      0.0000
417     B         E           52           SER           97.07           411      0      0     7.306     1.000     1.000     0.0916      0.0000      0.0000      0.0000
418     B         E           53           ASP           97.14           411      0      0     7.306     1.000     1.000     0.0945      0.0000      0.0000      0.0000
419     B         E           54           LEU           97.62           411      0      0     7.306     1.000     1.000     0.0949      0.0000      0.0000      0.0000
420     B         E           55           SER           97.77           411      0      0     7.306     1.000     1.000     0.0924      0.0000      0.0000      0.0000
421     B         E           56           PHE           97.98           411      0      0     7.306     1.000     1.000     0.0917      0.0000      0.0000      0.0000
422     B         E           57           SER           97.11           411      0      0     7.306     1.000     1.000     0.0914      0.0000      0.0000      0.0000
423     B         E           58           LYS           95.66           411      0      0     7.306     1.000     1.000     0.0904      0.0000      0.0000      0.0000
424     B         E           59           ASP           96.47           411      0      0     7.306     1.000     1.000     0.0903      0.0000      0.0000      0.0000
425     B         E           60           TRP           97.43           411      0      0     7.306     1.000     1.000     0.0927      0.0000      0.0000      0.0000
426     B         E           61           SER           97.77           411      0      0     7.306     1.000     1.000     0.0920      0.0000      0.0000      0.0000
427     B         E           62           PHE           98.21           411      0      0     7.306     1.000     1.000     0.0943      0.0000      0.0000      0.0000
428     B         E           63           TYR           97.93           411      0      0     7.306     1.000     1.000     0.0930      0.0000      0.0000      0.0000
429     B         E           64           LEU           97.97           411      0      0     7.306     1.000     1.000     0.0942      0.0000      0.0000      0.0000
430     B         E           65           LEU           98.06           411      0      0     7.306     1.000     1.000     0.0948      0.0000      0.0000      0.0000
431     B         E           66           TYR           98.12           411      0      0     7.306     1.000     1.000     0.0973      0.0000      0.0000      0.0000
432     B         E           67           TYR           97.72           411      0      0     7.306     1.000     1.000     0.0940      0.0000      0.0000      0.0000
433     B         E           68           THR           97.41           411      0      0     7.306     1.000     1.000     0.0932      0.0000      0.0000      0.0000
434     B         E           69           GLU           96.83           411      0      0     7.306     1.000     1.000     0.0935      0.0000      0.0000      0.0000
435     B         E           70           PHE           95.99           411      0      0     7.306     1.000     1.000     0.0907      0.0000      0.0000      0.0000
436     B         E           71           THR           95.75           411      0      0     7.306     1.000     1.000     0.0879      0.0000      0.0000      0.0000
437     B         E           72           PRO           95.54           411      0      0     7.306     1.000     1.000     0.0833      0.0000      0.0000      0.0000
438     B         E           73           THR           93.91           411      0      0     7.306     1.000     1.000     0.0822      0.0000      0.0000      0.0000
439     B         E           74           GLU           93.09           411      0      0     7.306     1.000     1.000     0.0760      0.0000      0.0000      0.0000
440     B         E           75           LYS           92.98           411      0      0     7.306     1.000     1.000     0.0726      0.0000      0.0000      0.0000
441     B         E           76           ASP           94.43           411      0      0     7.306     1.000     1.000     0.0840      0.0000      0.0000      0.0000
442     B         E           77           GLU           96.23           411      0      0     7.306     1.000     1.000     0.0891      0.0000      0.0000      0.0000
443     B         E           78           TYR           96.96           411      0      0     7.306     1.000     1.000     0.0975      0.0000      0.0000      0.0000
444     B         E           79           ALA           97.46           411      0      0     7.306     1.000     1.000     0.0974      0.0000      0.0000      0.0000
445     B         E           80           CYS           97.86           411      0      0     7.306     1.000     1.000     0.0977      0.0000      0.0000      0.0000
446     B         E           81           ARG           98.01           411      0      0     7.306     1.000     1.000     0.0982      0.0000      0.0000      0.0000
447     B         E           82           VAL           97.98           411      0      0     7.306     1.000     1.000     0.0956      0.0000      0.0000      0.0000
448     B         E           83           ASN           97.65           411      0      0     7.306     1.000     1.000     0.0939      0.0000      0.0000      0.0000
449     B         E           84           HIS           97.29           411      0      0     7.306     1.000     1.000     0.0931      0.0000      0.0000      0.0000
450     B         E           85           VAL           96.47           411      0      0     7.306     1.000     1.000     0.0935      0.0000      0.0000      0.0000
451     B         E           86           THR           96.40           411      0      0     7.306     1.000     1.000     0.0910      0.0000      0.0000      0.0000
452     B         E           87           LEU           95.93           411      0      0     7.306     1.000     1.000     0.0909      0.0000      0.0000      0.0000
453     B         E           88           SER           95.42           411      0      0     7.306     1.000     1.000     0.0827      0.0000      0.0000      0.0000
454     B         E           89           GLN           95.80           411      0      0     7.306     1.000     1.000     0.0828      0.0000      0.0000      0.0000
455     B         E           90           PRO           96.64           411      0      0     7.306     1.000     1.000     0.0895      0.0000      0.0000      0.0000
456     B         E           91           LYS           97.36           411      0      0     7.306     1.000     1.000     0.0934      0.0000      0.0000      0.0000
457     B         E           92           ILE           97.55           411      0      0     7.306     1.000     1.000     0.0966      0.0000      0.0000      0.0000
458     B         E           93           VAL           97.37           411      0      0     7.306     1.000     1.000     0.0954      0.0000      0.0000      0.0000
459     B         E           94           LYS           97.00           411      0      0     7.306     1.000     1.000     0.0926      0.0000      0.0000      0.0000
460     B         E           95           TRP           96.40           411      0      0     7.306     1.000     1.000     0.0938      0.0000      0.0000      0.0000
461     B         E           96           ASP           93.90           411      0      0     7.306     1.000     1.000     0.0819      0.0000      0.0000      0.0000
462     B         E           97           ARG           89.52           411      0      0     7.306     1.000     1.000     0.0742      0.0000      0.0000      0.0000
463     B         E           98           ASP           85.13           411      0      0     7.306     1.000     1.000     0.0675      0.0000      0.0000      0.0000
464     B         E           99           MET           87.08           411      0      0     7.306     1.000     1.000     0.0615      0.0000      0.0000      0.0000
465     C         A            1           ALA           86.03           374    260    214     7.013     5.959     5.439     0.3701      0.5277      0.4515      0.4096
466     C         A            2           VAL           87.45           374    260    250     7.013     5.959     5.852     0.4639      0.6170      0.5449      0.5367
467     C         A            3           TYR           84.27           374    260    174     7.013     5.959     4.918     0.3399      0.5222      0.4471      0.3617
468     C         A            4           LEU           71.13           374    260     61     7.013     5.959     2.643     0.2050      0.4439      0.3684      0.1074
469     C         A            5           LEU           65.95           374    260     33     7.013     5.959     1.450     0.1678      0.4308      0.3553      0.0327
470     C         A            6           PRO           69.19           374    260     54     7.013     5.959     2.405     0.1817      0.4494      0.3736      0.0927
471     C         A            7           VAL           76.17           374    260    159     7.013     5.959     4.699     0.3250      0.5639      0.4902      0.3847
472     C         A            8           PRO           80.65           374    260    220     7.013     5.959     5.511     0.4443      0.6382      0.5701      0.5365
473     C         A            9           LYS           87.98           374    260    228     7.013     5.959     5.605     0.4618      0.6516      0.5850      0.5592
465     C         B            1           ALA           86.03           108    105     39     3.818     3.757     1.777     0.1302      0.1564      0.1522      0.0388
466     C         B            2           VAL           87.45           108    105     99     3.818     3.757     3.631     0.2049      0.2049      0.1998      0.1892
467     C         B            3           TYR           84.27           108    105      7     3.818     3.757     1.000     0.1008      0.1636      0.1592      0.0133
468     C         B            4           LEU           71.13           108    105      0     3.818     3.757     1.000     0.0533      0.0000      0.0000      0.0000
469     C         B            5           LEU           65.95           108    105      0     3.818     3.757     1.000     0.0367      0.0000      0.0000      0.0000
470     C         B            6           PRO           69.19           108    105      0     3.818     3.757     1.000     0.0363      0.0000      0.0000      0.0000
471     C         B            7           VAL           76.17           108    105      8     3.818     3.757     1.000     0.0779      0.1479      0.1438      0.0118
472     C         B            8           PRO           80.65           108    105     71     3.818     3.757     2.944     0.1895      0.2212      0.2158      0.1458
473     C         B            9           LYS           87.98           108    105     83     3.818     3.757     3.261     0.2213      0.2421      0.2364      0.1908
465     C         D            1           ALA           86.03           285      0      0     6.214     1.000     1.000     0.0587      0.0000      0.0000      0.0000
466     C         D            2           VAL           87.45           285      0      0     6.214     1.000     1.000     0.0661      0.0000      0.0000      0.0000
467     C         D            3           TYR           84.27           285      0      0     6.214     1.000     1.000     0.0656      0.0000      0.0000      0.0000
468     C         D            4           LEU           71.13           285      0      0     6.214     1.000     1.000     0.0599      0.0000      0.0000      0.0000
469     C         D            5           LEU           65.95           285      0      0     6.214     1.000     1.000     0.0553      0.0000      0.0000      0.0000
470     C         D            6           PRO           69.19           285      0      0     6.214     1.000     1.000     0.0550      0.0000      0.0000      0.0000
471     C         D            7           VAL           76.17           285      0      0     6.214     1.000     1.000     0.0614      0.0000      0.0000      0.0000
472     C         D            8           PRO           80.65           285      0      0     6.214     1.000     1.000     0.0654      0.0000      0.0000      0.0000
473     C         D            9           LYS           87.98           285      0      0     6.214     1.000     1.000     0.0646      0.0000      0.0000      0.0000
465     C         E            1           ALA           86.03           321      0      0     6.556     1.000     1.000     0.0658      0.0000      0.0000      0.0000
466     C         E            2           VAL           87.45           321      0      0     6.556     1.000     1.000     0.0753      0.0000      0.0000      0.0000
467     C         E            3           TYR           84.27           321      0      0     6.556     1.000     1.000     0.0770      0.0000      0.0000      0.0000
468     C         E            4           LEU           71.13           321      0      0     6.556     1.000     1.000     0.0703      0.0000      0.0000      0.0000
469     C         E            5           LEU           65.95           321      0      0     6.556     1.000     1.000     0.0660      0.0000      0.0000      0.0000
470     C         E            6           PRO           69.19           321      0      0     6.556     1.000     1.000     0.0654      0.0000      0.0000      0.0000
471     C         E            7           VAL           76.17           321      0      0     6.556     1.000     1.000     0.0702      0.0000      0.0000      0.0000
472     C         E            8           PRO           80.65           321      0      0     6.556     1.000     1.000     0.0719      0.0000      0.0000      0.0000
473     C         E            9           LYS           87.98           321      0      0     6.556     1.000     1.000     0.0712      0.0000      0.0000      0.0000
474     D         A            1           MET           20.49           641      0      0     8.808     1.000     1.000     0.0723      0.0000      0.0000      0.0000
475     D         A            2           ALA           22.94           641      0      0     8.808     1.000     1.000     0.0723      0.0000      0.0000      0.0000
476     D         A            3           CYS           23.38           641      0      0     8.808     1.000     1.000     0.0725      0.0000      0.0000      0.0000
477     D         A            4           PRO           26.50           641      0      0     8.808     1.000     1.000     0.0727      0.0000      0.0000      0.0000
478     D         A            5           GLY           27.16           641      0      0     8.808     1.000     1.000     0.0727      0.0000      0.0000      0.0000
479     D         A            6           PHE           20.13           641      0      0     8.808     1.000     1.000     0.0731      0.0000      0.0000      0.0000
480     D         A            7           LEU           23.72           641      0      0     8.808     1.000     1.000     0.0736      0.0000      0.0000      0.0000
481     D         A            8           TRP           24.64           641      0      0     8.808     1.000     1.000     0.0741      0.0000      0.0000      0.0000
482     D         A            9           ALA           27.69           641      0      0     8.808     1.000     1.000     0.0742      0.0000      0.0000      0.0000
483     D         A           10           LEU           25.05           641      0      0     8.808     1.000     1.000     0.0746      0.0000      0.0000      0.0000
484     D         A           11           VAL           24.76           641      0      0     8.808     1.000     1.000     0.0753      0.0000      0.0000      0.0000
485     D         A           12           ILE           27.01           641      0      0     8.808     1.000     1.000     0.0756      0.0000      0.0000      0.0000
486     D         A           13           SER           24.99           641      0      0     8.808     1.000     1.000     0.0758      0.0000      0.0000      0.0000
487     D         A           14           THR           24.39           641      0      0     8.808     1.000     1.000     0.0760      0.0000      0.0000      0.0000
488     D         A           15           CYS           24.64           641      0      0     8.808     1.000     1.000     0.0771      0.0000      0.0000      0.0000
489     D         A           16           LEU           27.81           641      0      0     8.808     1.000     1.000     0.0772      0.0000      0.0000      0.0000
490     D         A           17           GLU           28.16           641      0      0     8.808     1.000     1.000     0.0781      0.0000      0.0000      0.0000
491     D         A           18           PHE           29.21           641      0      0     8.808     1.000     1.000     0.0785      0.0000      0.0000      0.0000
492     D         A           19           SER           34.55           641      0      0     8.808     1.000     1.000     0.0787      0.0000      0.0000      0.0000
493     D         A           20           MET           36.10           641      0      0     8.808     1.000     1.000     0.0799      0.0000      0.0000      0.0000
494     D         A           21           ALA           49.76           641      0      0     8.808     1.000     1.000     0.0808      0.0000      0.0000      0.0000
495     D         A           22           GLN           53.21           641      0      0     8.808     1.000     1.000     0.0850      0.0000      0.0000      0.0000
496     D         A           23           THR           81.61           641      0      0     8.808     1.000     1.000     0.0926      0.0000      0.0000      0.0000
497     D         A           24           VAL           93.52           641      0      0     8.808     1.000     1.000     0.1258      0.0000      0.0000      0.0000
498     D         A           25           THR           95.01           641      0      0     8.808     1.000     1.000     0.1389      0.0000      0.0000      0.0000
499     D         A           26           GLN           94.98           641      0      0     8.808     1.000     1.000     0.1322      0.0000      0.0000      0.0000
500     D         A           27           SER           93.31           641      0      0     8.808     1.000     1.000     0.1272      0.0000      0.0000      0.0000
501     D         A           28           GLN           93.11           641      0      0     8.808     1.000     1.000     0.1210      0.0000      0.0000      0.0000
502     D         A           29           PRO           93.55           641      0      0     8.808     1.000     1.000     0.1269      0.0000      0.0000      0.0000
503     D         A           30           GLU           94.76           641      0      0     8.808     1.000     1.000     0.1283      0.0000      0.0000      0.0000
504     D         A           31           MET           96.05           641      0      0     8.808     1.000     1.000     0.1289      0.0000      0.0000      0.0000
505     D         A           32           SER           95.01           641      0      0     8.808     1.000     1.000     0.1264      0.0000      0.0000      0.0000
506     D         A           33           VAL           95.58           641      0      0     8.808     1.000     1.000     0.1280      0.0000      0.0000      0.0000
507     D         A           34           GLN           95.05           641      0      0     8.808     1.000     1.000     0.1284      0.0000      0.0000      0.0000
508     D         A           35           GLU           94.47           641      0      0     8.808     1.000     1.000     0.1259      0.0000      0.0000      0.0000
509     D         A           36           ALA           94.97           641      0      0     8.808     1.000     1.000     0.1258      0.0000      0.0000      0.0000
510     D         A           37           GLU           95.72           641      0      0     8.808     1.000     1.000     0.1245      0.0000      0.0000      0.0000
511     D         A           38           THR           96.73           641      0      0     8.808     1.000     1.000     0.1341      0.0000      0.0000      0.0000
512     D         A           39           VAL           96.67           641      0      0     8.808     1.000     1.000     0.1303      0.0000      0.0000      0.0000
513     D         A           40           THR           96.87           641      0      0     8.808     1.000     1.000     0.1370      0.0000      0.0000      0.0000
514     D         A           41           LEU           96.96           641      0      0     8.808     1.000     1.000     0.1368      0.0000      0.0000      0.0000
515     D         A           42           SER           96.24           641      0      0     8.808     1.000     1.000     0.1320      0.0000      0.0000      0.0000
516     D         A           43           CYS           96.44           641      0      0     8.808     1.000     1.000     0.1368      0.0000      0.0000      0.0000
517     D         A           44           THR           96.31           641      0      0     8.808     1.000     1.000     0.1412      0.0000      0.0000      0.0000
518     D         A           45           TYR           94.95           641      0      0     8.808     1.000     1.000     0.1397      0.0000      0.0000      0.0000
519     D         A           46           ASP           91.43           641      0      0     8.808     1.000     1.000     0.1353      0.0000      0.0000      0.0000
520     D         A           47           THR           85.88           641      0      0     8.808     1.000     1.000     0.1309      0.0000      0.0000      0.0000
521     D         A           48           SER           73.91           641      0      0     8.808     1.000     1.000     0.1273      0.0000      0.0000      0.0000
522     D         A           49           GLU           71.67           641      0      0     8.808     1.000     1.000     0.1300      0.0000      0.0000      0.0000
523     D         A           50           SER           64.28           641      0      0     8.808     1.000     1.000     0.1283      0.0000      0.0000      0.0000
524     D         A           51           ASP           68.82           641      0      0     8.808     1.000     1.000     0.1298      0.0000      0.0000      0.0000
525     D         A           52           TYR           77.59           641      0      0     8.808     1.000     1.000     0.1384      0.0000      0.0000      0.0000
526     D         A           53           TYR           84.24           641      0      0     8.808     1.000     1.000     0.1446      0.0000      0.0000      0.0000
527     D         A           54           LEU           92.39           641      0      0     8.808     1.000     1.000     0.1461      0.0000      0.0000      0.0000
528     D         A           55           PHE           94.18           641      0      0     8.808     1.000     1.000     0.1463      0.0000      0.0000      0.0000
529     D         A           56           TRP           96.45           641      0      0     8.808     1.000     1.000     0.1456      0.0000      0.0000      0.0000
530     D         A           57           TYR           96.26           641      0      0     8.808     1.000     1.000     0.1458      0.0000      0.0000      0.0000
531     D         A           58           LYS           96.68           641      0      0     8.808     1.000     1.000     0.1413      0.0000      0.0000      0.0000
532     D         A           59           GLN           96.33           641      0      0     8.808     1.000     1.000     0.1401      0.0000      0.0000      0.0000
533     D         A           60           PRO           94.26           641      0      0     8.808     1.000     1.000     0.1341      0.0000      0.0000      0.0000
534     D         A           61           PRO           90.44           641      0      0     8.808     1.000     1.000     0.1290      0.0000      0.0000      0.0000
535     D         A           62           SER           87.38           641      0      0     8.808     1.000     1.000     0.1181      0.0000      0.0000      0.0000
536     D         A           63           ARG           90.19           641      0      0     8.808     1.000     1.000     0.1232      0.0000      0.0000      0.0000
537     D         A           64           GLN           91.93           641      0      0     8.808     1.000     1.000     0.1300      0.0000      0.0000      0.0000
538     D         A           65           MET           94.82           641      0      0     8.808     1.000     1.000     0.1382      0.0000      0.0000      0.0000
539     D         A           66           ILE           94.81           641      0      0     8.808     1.000     1.000     0.1392      0.0000      0.0000      0.0000
540     D         A           67           LEU           94.99           641      0      0     8.808     1.000     1.000     0.1385      0.0000      0.0000      0.0000
541     D         A           68           VAL           95.63           641      0      0     8.808     1.000     1.000     0.1376      0.0000      0.0000      0.0000
542     D         A           69           ILE           94.96           641      0      0     8.808     1.000     1.000     0.1367      0.0000      0.0000      0.0000
543     D         A           70           ARG           91.89           641      0      0     8.808     1.000     1.000     0.1335      0.0000      0.0000      0.0000
544     D         A           71           GLN           89.45           641      0      0     8.808     1.000     1.000     0.1381      0.0000      0.0000      0.0000
545     D         A           72           GLU           80.20           641      0      0     8.808     1.000     1.000     0.1346      0.0000      0.0000      0.0000
546     D         A           73           ALA           78.46           641      0      0     8.808     1.000     1.000     0.1329      0.0000      0.0000      0.0000
547     D         A           74           TYR           65.87           641      0      0     8.808     1.000     1.000     0.1298      0.0000      0.0000      0.0000
548     D         A           75           LYS           67.95           641      0      0     8.808     1.000     1.000     0.1245      0.0000      0.0000      0.0000
549     D         A           76           GLN           72.52           641      0      0     8.808     1.000     1.000     0.1126      0.0000      0.0000      0.0000
550     D         A           77           GLN           82.35           641      0      0     8.808     1.000     1.000     0.1184      0.0000      0.0000      0.0000
551     D         A           78           ASN           90.51           641      0      0     8.808     1.000     1.000     0.1264      0.0000      0.0000      0.0000
552     D         A           79           ALA           89.17           641      0      0     8.808     1.000     1.000     0.1253      0.0000      0.0000      0.0000
553     D         A           80           THR           90.47           641      0      0     8.808     1.000     1.000     0.1276      0.0000      0.0000      0.0000
554     D         A           81           GLU           89.36           641      0      0     8.808     1.000     1.000     0.1186      0.0000      0.0000      0.0000
555     D         A           82           ASN           90.96           641      0      0     8.808     1.000     1.000     0.1180      0.0000      0.0000      0.0000
556     D         A           83           ARG           95.17           641      0      0     8.808     1.000     1.000     0.1276      0.0000      0.0000      0.0000
557     D         A           84           PHE           96.29           641      0      0     8.808     1.000     1.000     0.1365      0.0000      0.0000      0.0000
558     D         A           85           SER           96.14           641      0      0     8.808     1.000     1.000     0.1349      0.0000      0.0000      0.0000
559     D         A           86           VAL           95.86           641      0      0     8.808     1.000     1.000     0.1322      0.0000      0.0000      0.0000
560     D         A           87           ASN           95.77           641      0      0     8.808     1.000     1.000     0.1365      0.0000      0.0000      0.0000
561     D         A           88           PHE           94.84           641      0      0     8.808     1.000     1.000     0.1378      0.0000      0.0000      0.0000
562     D         A           89           GLN           93.97           641      0      0     8.808     1.000     1.000     0.1403      0.0000      0.0000      0.0000
563     D         A           90           LYS           90.62           641      0      0     8.808     1.000     1.000     0.1390      0.0000      0.0000      0.0000
564     D         A           91           ALA           90.74           641      0      0     8.808     1.000     1.000     0.1361      0.0000      0.0000      0.0000
565     D         A           92           ALA           93.76           641      0      0     8.808     1.000     1.000     0.1341      0.0000      0.0000      0.0000
566     D         A           93           LYS           94.18           641      0      0     8.808     1.000     1.000     0.1383      0.0000      0.0000      0.0000
567     D         A           94           SER           95.55           641      0      0     8.808     1.000     1.000     0.1376      0.0000      0.0000      0.0000
568     D         A           95           PHE           96.10           641      0      0     8.808     1.000     1.000     0.1365      0.0000      0.0000      0.0000
569     D         A           96           SER           96.43           641      0      0     8.808     1.000     1.000     0.1359      0.0000      0.0000      0.0000
570     D         A           97           LEU           97.06           641      0      0     8.808     1.000     1.000     0.1386      0.0000      0.0000      0.0000
571     D         A           98           LYS           96.99           641      0      0     8.808     1.000     1.000     0.1378      0.0000      0.0000      0.0000
572     D         A           99           ILE           96.98           641      0      0     8.808     1.000     1.000     0.1358      0.0000      0.0000      0.0000
573     D         A          100           SER           95.68           641      0      0     8.808     1.000     1.000     0.1301      0.0000      0.0000      0.0000
574     D         A          101           ASP           95.64           641      0      0     8.808     1.000     1.000     0.1268      0.0000      0.0000      0.0000
575     D         A          102           SER           95.79           641      0      0     8.808     1.000     1.000     0.1284      0.0000      0.0000      0.0000
576     D         A          103           GLN           94.85           641      0      0     8.808     1.000     1.000     0.1313      0.0000      0.0000      0.0000
577     D         A          104           LEU           93.69           641      0      0     8.808     1.000     1.000     0.1329      0.0000      0.0000      0.0000
578     D         A          105           GLY           93.39           641      0      0     8.808     1.000     1.000     0.1323      0.0000      0.0000      0.0000
579     D         A          106           ASP           95.75           641      0      0     8.808     1.000     1.000     0.1346      0.0000      0.0000      0.0000
580     D         A          107           ALA           95.31           641      0      0     8.808     1.000     1.000     0.1358      0.0000      0.0000      0.0000
581     D         A          108           ALA           96.11           641      0      0     8.808     1.000     1.000     0.1351      0.0000      0.0000      0.0000
582     D         A          109           MET           96.50           641      0      0     8.808     1.000     1.000     0.1391      0.0000      0.0000      0.0000
583     D         A          110           TYR           97.30           641      0      0     8.808     1.000     1.000     0.1432      0.0000      0.0000      0.0000
584     D         A          111           PHE           96.76           641      0      0     8.808     1.000     1.000     0.1468      0.0000      0.0000      0.0000
585     D         A          112           CYS           96.30           641      0      0     8.808     1.000     1.000     0.1451      0.0000      0.0000      0.0000
586     D         A          113           ALA           94.82           641      0      0     8.808     1.000     1.000     0.1431      0.0000      0.0000      0.0000
587     D         A          114           TYR           91.84           641      0      0     8.808     1.000     1.000     0.1426      0.0000      0.0000      0.0000
588     D         A          115           ARG           86.11           641      0      0     8.808     1.000     1.000     0.1426      0.0000      0.0000      0.0000
589     D         A          116           SER           75.02           641      0      0     8.808     1.000     1.000     0.1334      0.0000      0.0000      0.0000
590     D         A          117           ALA           63.63           641      0      0     8.808     1.000     1.000     0.1255      0.0000      0.0000      0.0000
591     D         A          118           LEU           55.21           641      0      0     8.808     1.000     1.000     0.1155      0.0000      0.0000      0.0000
592     D         A          119           SER           57.67           641      0      0     8.808     1.000     1.000     0.1117      0.0000      0.0000      0.0000
593     D         A          120           TYR           56.39           641      0      0     8.808     1.000     1.000     0.1137      0.0000      0.0000      0.0000
594     D         A          121           ASN           59.75           641      0      0     8.808     1.000     1.000     0.1057      0.0000      0.0000      0.0000
595     D         A          122           ASP           68.83           641      0      0     8.808     1.000     1.000     0.1041      0.0000      0.0000      0.0000
596     D         A          123           MET           83.60           641      0      0     8.808     1.000     1.000     0.1232      0.0000      0.0000      0.0000
597     D         A          124           ARG           90.84           641      0      0     8.808     1.000     1.000     0.1392      0.0000      0.0000      0.0000
598     D         A          125           PHE           94.01           641      0      0     8.808     1.000     1.000     0.1421      0.0000      0.0000      0.0000
599     D         A          126           GLY           94.68           641      0      0     8.808     1.000     1.000     0.1402      0.0000      0.0000      0.0000
600     D         A          127           ALA           94.78           641      0      0     8.808     1.000     1.000     0.1385      0.0000      0.0000      0.0000
601     D         A          128           GLY           95.41           641      0      0     8.808     1.000     1.000     0.1339      0.0000      0.0000      0.0000
602     D         A          129           THR           96.53           641      0      0     8.808     1.000     1.000     0.1384      0.0000      0.0000      0.0000
603     D         A          130           ARG           96.07           641      0      0     8.808     1.000     1.000     0.1386      0.0000      0.0000      0.0000
604     D         A          131           LEU           96.65           641      0      0     8.808     1.000     1.000     0.1359      0.0000      0.0000      0.0000
605     D         A          132           THR           95.10           641      0      0     8.808     1.000     1.000     0.1329      0.0000      0.0000      0.0000
606     D         A          133           VAL           95.33           641      0      0     8.808     1.000     1.000     0.1321      0.0000      0.0000      0.0000
607     D         A          134           LYS           94.80           641      0      0     8.808     1.000     1.000     0.1295      0.0000      0.0000      0.0000
608     D         A          135           PRO           94.03           641      0      0     8.808     1.000     1.000     0.1229      0.0000      0.0000      0.0000
609     D         A          136           ASN           92.20           641      0      0     8.808     1.000     1.000     0.1188      0.0000      0.0000      0.0000
610     D         A          137           ILE           90.77           641      0      0     8.808     1.000     1.000     0.1189      0.0000      0.0000      0.0000
611     D         A          138           GLN           86.89           641      0      0     8.808     1.000     1.000     0.1035      0.0000      0.0000      0.0000
612     D         A          139           ASN           89.16           641      0      0     8.808     1.000     1.000     0.1013      0.0000      0.0000      0.0000
613     D         A          140           PRO           90.32           641      0      0     8.808     1.000     1.000     0.1098      0.0000      0.0000      0.0000
614     D         A          141           ASP           92.31           641      0      0     8.808     1.000     1.000     0.1123      0.0000      0.0000      0.0000
615     D         A          142           PRO           92.59           641      0      0     8.808     1.000     1.000     0.1215      0.0000      0.0000      0.0000
616     D         A          143           ALA           92.51           641      0      0     8.808     1.000     1.000     0.1186      0.0000      0.0000      0.0000
617     D         A          144           VAL           93.10           641      0      0     8.808     1.000     1.000     0.1310      0.0000      0.0000      0.0000
618     D         A          145           TYR           93.19           641      0      0     8.808     1.000     1.000     0.1288      0.0000      0.0000      0.0000
619     D         A          146           GLN           91.51           641      0      0     8.808     1.000     1.000     0.1245      0.0000      0.0000      0.0000
620     D         A          147           LEU           91.24           641      0      0     8.808     1.000     1.000     0.1224      0.0000      0.0000      0.0000
621     D         A          148           ARG           88.36           641      0      0     8.808     1.000     1.000     0.1102      0.0000      0.0000      0.0000
622     D         A          149           ASP           83.87           641      0      0     8.808     1.000     1.000     0.0954      0.0000      0.0000      0.0000
623     D         A          150           SER           81.58           641      0      0     8.808     1.000     1.000     0.0898      0.0000      0.0000      0.0000
624     D         A          151           LYS           80.80           641      0      0     8.808     1.000     1.000     0.0920      0.0000      0.0000      0.0000
625     D         A          152           SER           79.39           641      0      0     8.808     1.000     1.000     0.0893      0.0000      0.0000      0.0000
626     D         A          153           SER           83.08           641      0      0     8.808     1.000     1.000     0.0893      0.0000      0.0000      0.0000
627     D         A          154           ASP           86.85           641      0      0     8.808     1.000     1.000     0.0972      0.0000      0.0000      0.0000
628     D         A          155           LYS           89.68           641      0      0     8.808     1.000     1.000     0.1105      0.0000      0.0000      0.0000
629     D         A          156           SER           90.52           641      0      0     8.808     1.000     1.000     0.1175      0.0000      0.0000      0.0000
630     D         A          157           VAL           93.44           641      0      0     8.808     1.000     1.000     0.1247      0.0000      0.0000      0.0000
631     D         A          158           CYS           93.25           641      0      0     8.808     1.000     1.000     0.1299      0.0000      0.0000      0.0000
632     D         A          159           LEU           93.95           641      0      0     8.808     1.000     1.000     0.1345      0.0000      0.0000      0.0000
633     D         A          160           PHE           93.75           641      0      0     8.808     1.000     1.000     0.1304      0.0000      0.0000      0.0000
634     D         A          161           THR           92.81           641      0      0     8.808     1.000     1.000     0.1184      0.0000      0.0000      0.0000
635     D         A          162           ASP           90.23           641      0      0     8.808     1.000     1.000     0.1123      0.0000      0.0000      0.0000
636     D         A          163           PHE           91.75           641      0      0     8.808     1.000     1.000     0.1174      0.0000      0.0000      0.0000
637     D         A          164           ASP           89.86           641      0      0     8.808     1.000     1.000     0.1109      0.0000      0.0000      0.0000
638     D         A          165           SER           89.37           641      0      0     8.808     1.000     1.000     0.1126      0.0000      0.0000      0.0000
639     D         A          166           GLN           87.59           641      0      0     8.808     1.000     1.000     0.1138      0.0000      0.0000      0.0000
640     D         A          167           THR           87.47           641      0      0     8.808     1.000     1.000     0.1128      0.0000      0.0000      0.0000
641     D         A          168           ASN           87.66           641      0      0     8.808     1.000     1.000     0.1142      0.0000      0.0000      0.0000
642     D         A          169           VAL           87.84           641      0      0     8.808     1.000     1.000     0.1149      0.0000      0.0000      0.0000
643     D         A          170           SER           86.36           641      0      0     8.808     1.000     1.000     0.1057      0.0000      0.0000      0.0000
644     D         A          171           GLN           85.28           641      0      0     8.808     1.000     1.000     0.1058      0.0000      0.0000      0.0000
645     D         A          172           SER           84.05           641      0      0     8.808     1.000     1.000     0.0991      0.0000      0.0000      0.0000
646     D         A          173           LYS           81.81           641      0      0     8.808     1.000     1.000     0.0976      0.0000      0.0000      0.0000
647     D         A          174           ASP           83.91           641      0      0     8.808     1.000     1.000     0.1002      0.0000      0.0000      0.0000
648     D         A          175           SER           85.38           641      0      0     8.808     1.000     1.000     0.1022      0.0000      0.0000      0.0000
649     D         A          176           ASP           88.42           641      0      0     8.808     1.000     1.000     0.1044      0.0000      0.0000      0.0000
650     D         A          177           VAL           90.20           641      0      0     8.808     1.000     1.000     0.1225      0.0000      0.0000      0.0000
651     D         A          178           TYR           92.07           641      0      0     8.808     1.000     1.000     0.1242      0.0000      0.0000      0.0000
652     D         A          179           ILE           92.25           641      0      0     8.808     1.000     1.000     0.1269      0.0000      0.0000      0.0000
653     D         A          180           THR           91.86           641      0      0     8.808     1.000     1.000     0.1245      0.0000      0.0000      0.0000
654     D         A          181           ASP           90.94           641      0      0     8.808     1.000     1.000     0.1224      0.0000      0.0000      0.0000
655     D         A          182           LYS           92.26           641      0      0     8.808     1.000     1.000     0.1217      0.0000      0.0000      0.0000
656     D         A          183           THR           93.04           641      0      0     8.808     1.000     1.000     0.1244      0.0000      0.0000      0.0000
657     D         A          184           VAL           93.44           641      0      0     8.808     1.000     1.000     0.1253      0.0000      0.0000      0.0000
658     D         A          185           LEU           92.47           641      0      0     8.808     1.000     1.000     0.1196      0.0000      0.0000      0.0000
659     D         A          186           ASP           92.54           641      0      0     8.808     1.000     1.000     0.1196      0.0000      0.0000      0.0000
660     D         A          187           MET           91.76           641      0      0     8.808     1.000     1.000     0.1174      0.0000      0.0000      0.0000
661     D         A          188           ARG           89.66           641      0      0     8.808     1.000     1.000     0.1130      0.0000      0.0000      0.0000
662     D         A          189           SER           89.65           641      0      0     8.808     1.000     1.000     0.1042      0.0000      0.0000      0.0000
663     D         A          190           MET           89.38           641      0      0     8.808     1.000     1.000     0.1053      0.0000      0.0000      0.0000
664     D         A          191           ASP           90.52           641      0      0     8.808     1.000     1.000     0.1106      0.0000      0.0000      0.0000
665     D         A          192           PHE           92.46           641      0      0     8.808     1.000     1.000     0.1154      0.0000      0.0000      0.0000
666     D         A          193           LYS           92.92           641      0      0     8.808     1.000     1.000     0.1213      0.0000      0.0000      0.0000
667     D         A          194           SER           93.76           641      0      0     8.808     1.000     1.000     0.1196      0.0000      0.0000      0.0000
668     D         A          195           ASN           94.10           641      0      0     8.808     1.000     1.000     0.1275      0.0000      0.0000      0.0000
669     D         A          196           SER           94.03           641      0      0     8.808     1.000     1.000     0.1218      0.0000      0.0000      0.0000
670     D         A          197           ALA           94.15           641      0      0     8.808     1.000     1.000     0.1297      0.0000      0.0000      0.0000
671     D         A          198           VAL           94.52           641      0      0     8.808     1.000     1.000     0.1313      0.0000      0.0000      0.0000
672     D         A          199           ALA           93.73           641      0      0     8.808     1.000     1.000     0.1308      0.0000      0.0000      0.0000
673     D         A          200           TRP           94.06           641      0      0     8.808     1.000     1.000     0.1297      0.0000      0.0000      0.0000
674     D         A          201           SER           91.86           641      0      0     8.808     1.000     1.000     0.1176      0.0000      0.0000      0.0000
675     D         A          202           ASN           88.64           641      0      0     8.808     1.000     1.000     0.1039      0.0000      0.0000      0.0000
676     D         A          203           LYS           86.22           641      0      0     8.808     1.000     1.000     0.1023      0.0000      0.0000      0.0000
677     D         A          204           SER           85.13           641      0      0     8.808     1.000     1.000     0.0986      0.0000      0.0000      0.0000
678     D         A          205           ASP           86.70           641      0      0     8.808     1.000     1.000     0.0985      0.0000      0.0000      0.0000
679     D         A          206           PHE           88.32           641      0      0     8.808     1.000     1.000     0.1106      0.0000      0.0000      0.0000
680     D         A          207           ALA           88.08           641      0      0     8.808     1.000     1.000     0.1082      0.0000      0.0000      0.0000
681     D         A          208           CYS           88.11           641      0      0     8.808     1.000     1.000     0.1125      0.0000      0.0000      0.0000
682     D         A          209           ALA           87.28           641      0      0     8.808     1.000     1.000     0.1079      0.0000      0.0000      0.0000
683     D         A          210           ASN           86.69           641      0      0     8.808     1.000     1.000     0.1051      0.0000      0.0000      0.0000
684     D         A          211           ALA           84.72           641      0      0     8.808     1.000     1.000     0.1092      0.0000      0.0000      0.0000
685     D         A          212           PHE           87.67           641      0      0     8.808     1.000     1.000     0.1160      0.0000      0.0000      0.0000
686     D         A          213           ASN           86.05           641      0      0     8.808     1.000     1.000     0.1057      0.0000      0.0000      0.0000
687     D         A          214           ASN           86.08           641      0      0     8.808     1.000     1.000     0.1039      0.0000      0.0000      0.0000
688     D         A          215           SER           84.38           641      0      0     8.808     1.000     1.000     0.1009      0.0000      0.0000      0.0000
689     D         A          216           ILE           84.46           641      0      0     8.808     1.000     1.000     0.1030      0.0000      0.0000      0.0000
690     D         A          217           ILE           85.18           641      0      0     8.808     1.000     1.000     0.0993      0.0000      0.0000      0.0000
691     D         A          218           PRO           85.02           641      0      0     8.808     1.000     1.000     0.1010      0.0000      0.0000      0.0000
692     D         A          219           GLU           83.21           641      0      0     8.808     1.000     1.000     0.0968      0.0000      0.0000      0.0000
693     D         A          220           ASP           86.78           641      0      0     8.808     1.000     1.000     0.0960      0.0000      0.0000      0.0000
694     D         A          221           THR           86.11           641      0      0     8.808     1.000     1.000     0.1059      0.0000      0.0000      0.0000
695     D         A          222           PHE           88.59           641      0      0     8.808     1.000     1.000     0.1072      0.0000      0.0000      0.0000
696     D         A          223           PHE           87.57           641      0      0     8.808     1.000     1.000     0.1114      0.0000      0.0000      0.0000
697     D         A          224           PRO           84.09           641      0      0     8.808     1.000     1.000     0.0969      0.0000      0.0000      0.0000
698     D         A          225           SER           79.21           641      0      0     8.808     1.000     1.000     0.0899      0.0000      0.0000      0.0000
699     D         A          226           PRO           74.08           641      0      0     8.808     1.000     1.000     0.0847      0.0000      0.0000      0.0000
700     D         A          227           GLU           67.35           641      0      0     8.808     1.000     1.000     0.0816      0.0000      0.0000      0.0000
701     D         A          228           SER           66.58           641      0      0     8.808     1.000     1.000     0.0770      0.0000      0.0000      0.0000
702     D         A          229           SER           74.36           641      0      0     8.808     1.000     1.000     0.0787      0.0000      0.0000      0.0000
703     D         A          230           CYS           78.93           641      0      0     8.808     1.000     1.000     0.0860      0.0000      0.0000      0.0000
704     D         A          231           ASP           84.09           641      0      0     8.808     1.000     1.000     0.0968      0.0000      0.0000      0.0000
705     D         A          232           VAL           86.29           641      0      0     8.808     1.000     1.000     0.1045      0.0000      0.0000      0.0000
706     D         A          233           LYS           84.54           641      0      0     8.808     1.000     1.000     0.1035      0.0000      0.0000      0.0000
707     D         A          234           LEU           84.65           641      0      0     8.808     1.000     1.000     0.1033      0.0000      0.0000      0.0000
708     D         A          235           VAL           85.95           641      0      0     8.808     1.000     1.000     0.1079      0.0000      0.0000      0.0000
709     D         A          236           GLU           83.45           641      0      0     8.808     1.000     1.000     0.1079      0.0000      0.0000      0.0000
710     D         A          237           LYS           85.82           641      0      0     8.808     1.000     1.000     0.1055      0.0000      0.0000      0.0000
711     D         A          238           SER           83.12           641      0      0     8.808     1.000     1.000     0.1029      0.0000      0.0000      0.0000
712     D         A          239           PHE           85.12           641      0      0     8.808     1.000     1.000     0.1098      0.0000      0.0000      0.0000
713     D         A          240           GLU           83.76           641      0      0     8.808     1.000     1.000     0.1011      0.0000      0.0000      0.0000
714     D         A          241           THR           84.65           641      0      0     8.808     1.000     1.000     0.1075      0.0000      0.0000      0.0000
715     D         A          242           ASP           84.90           641      0      0     8.808     1.000     1.000     0.1012      0.0000      0.0000      0.0000
716     D         A          243           THR           86.83           641      0      0     8.808     1.000     1.000     0.1036      0.0000      0.0000      0.0000
717     D         A          244           ASN           86.41           641      0      0     8.808     1.000     1.000     0.1057      0.0000      0.0000      0.0000
718     D         A          245           LEU           85.34           641      0      0     8.808     1.000     1.000     0.1085      0.0000      0.0000      0.0000
719     D         A          246           ASN           84.19           641      0      0     8.808     1.000     1.000     0.1066      0.0000      0.0000      0.0000
720     D         A          247           PHE           86.75           641      0      0     8.808     1.000     1.000     0.1080      0.0000      0.0000      0.0000
721     D         A          248           GLN           85.55           641      0      0     8.808     1.000     1.000     0.1080      0.0000      0.0000      0.0000
722     D         A          249           ASN           85.16           641      0      0     8.808     1.000     1.000     0.1078      0.0000      0.0000      0.0000
723     D         A          250           LEU           85.44           641      0      0     8.808     1.000     1.000     0.1058      0.0000      0.0000      0.0000
724     D         A          251           SER           89.79           641      0      0     8.808     1.000     1.000     0.1049      0.0000      0.0000      0.0000
725     D         A          252           VAL           88.46           641      0      0     8.808     1.000     1.000     0.1038      0.0000      0.0000      0.0000
726     D         A          253           ILE           87.29           641      0      0     8.808     1.000     1.000     0.1032      0.0000      0.0000      0.0000
727     D         A          254           GLY           85.95           641      0      0     8.808     1.000     1.000     0.1017      0.0000      0.0000      0.0000
728     D         A          255           PHE           88.71           641      0      0     8.808     1.000     1.000     0.1023      0.0000      0.0000      0.0000
729     D         A          256           ARG           88.33           641      0      0     8.808     1.000     1.000     0.1014      0.0000      0.0000      0.0000
730     D         A          257           ILE           88.29           641      0      0     8.808     1.000     1.000     0.0992      0.0000      0.0000      0.0000
731     D         A          258           LEU           89.00           641      0      0     8.808     1.000     1.000     0.1004      0.0000      0.0000      0.0000
732     D         A          259           LEU           87.56           641      0      0     8.808     1.000     1.000     0.0995      0.0000      0.0000      0.0000
733     D         A          260           LEU           88.18           641      0      0     8.808     1.000     1.000     0.0976      0.0000      0.0000      0.0000
734     D         A          261           LYS           87.11           641      0      0     8.808     1.000     1.000     0.0966      0.0000      0.0000      0.0000
735     D         A          262           VAL           87.51           641      0      0     8.808     1.000     1.000     0.0992      0.0000      0.0000      0.0000
736     D         A          263           ALA           85.86           641      0      0     8.808     1.000     1.000     0.0966      0.0000      0.0000      0.0000
737     D         A          264           GLY           88.69           641      0      0     8.808     1.000     1.000     0.0963      0.0000      0.0000      0.0000
738     D         A          265           PHE           91.28           641      0      0     8.808     1.000     1.000     0.0946      0.0000      0.0000      0.0000
739     D         A          266           ASN           87.34           641      0      0     8.808     1.000     1.000     0.0944      0.0000      0.0000      0.0000
740     D         A          267           LEU           90.61           641      0      0     8.808     1.000     1.000     0.0917      0.0000      0.0000      0.0000
741     D         A          268           LEU           89.97           641      0      0     8.808     1.000     1.000     0.0913      0.0000      0.0000      0.0000
742     D         A          269           MET           85.74           641      0      0     8.808     1.000     1.000     0.0906      0.0000      0.0000      0.0000
743     D         A          270           THR           87.57           641      0      0     8.808     1.000     1.000     0.0921      0.0000      0.0000      0.0000
744     D         A          271           LEU           88.47           641      0      0     8.808     1.000     1.000     0.0895      0.0000      0.0000      0.0000
745     D         A          272           ARG           87.60           641      0      0     8.808     1.000     1.000     0.0882      0.0000      0.0000      0.0000
746     D         A          273           LEU           81.52           641      0      0     8.808     1.000     1.000     0.0874      0.0000      0.0000      0.0000
747     D         A          274           TRP           83.95           641      0      0     8.808     1.000     1.000     0.0836      0.0000      0.0000      0.0000
748     D         A          275           SER           83.87           641      0      0     8.808     1.000     1.000     0.0795      0.0000      0.0000      0.0000
749     D         A          276           SER           71.17           641      0      0     8.808     1.000     1.000     0.0753      0.0000      0.0000      0.0000
474     D         B            1           MET           20.49           375      0      0     7.021     1.000     1.000     0.0471      0.0000      0.0000      0.0000
475     D         B            2           ALA           22.94           375      0      0     7.021     1.000     1.000     0.0471      0.0000      0.0000      0.0000
476     D         B            3           CYS           23.38           375      0      0     7.021     1.000     1.000     0.0472      0.0000      0.0000      0.0000
477     D         B            4           PRO           26.50           375      0      0     7.021     1.000     1.000     0.0473      0.0000      0.0000      0.0000
478     D         B            5           GLY           27.16           375      0      0     7.021     1.000     1.000     0.0473      0.0000      0.0000      0.0000
479     D         B            6           PHE           20.13           375      0      0     7.021     1.000     1.000     0.0475      0.0000      0.0000      0.0000
480     D         B            7           LEU           23.72           375      0      0     7.021     1.000     1.000     0.0478      0.0000      0.0000      0.0000
481     D         B            8           TRP           24.64           375      0      0     7.021     1.000     1.000     0.0482      0.0000      0.0000      0.0000
482     D         B            9           ALA           27.69           375      0      0     7.021     1.000     1.000     0.0482      0.0000      0.0000      0.0000
483     D         B           10           LEU           25.05           375      0      0     7.021     1.000     1.000     0.0485      0.0000      0.0000      0.0000
484     D         B           11           VAL           24.76           375      0      0     7.021     1.000     1.000     0.0490      0.0000      0.0000      0.0000
485     D         B           12           ILE           27.01           375      0      0     7.021     1.000     1.000     0.0491      0.0000      0.0000      0.0000
486     D         B           13           SER           24.99           375      0      0     7.021     1.000     1.000     0.0493      0.0000      0.0000      0.0000
487     D         B           14           THR           24.39           375      0      0     7.021     1.000     1.000     0.0492      0.0000      0.0000      0.0000
488     D         B           15           CYS           24.64           375      0      0     7.021     1.000     1.000     0.0499      0.0000      0.0000      0.0000
489     D         B           16           LEU           27.81           375      0      0     7.021     1.000     1.000     0.0497      0.0000      0.0000      0.0000
490     D         B           17           GLU           28.16           375      0      0     7.021     1.000     1.000     0.0501      0.0000      0.0000      0.0000
491     D         B           18           PHE           29.21           375      0      0     7.021     1.000     1.000     0.0503      0.0000      0.0000      0.0000
492     D         B           19           SER           34.55           375      0      0     7.021     1.000     1.000     0.0500      0.0000      0.0000      0.0000
493     D         B           20           MET           36.10           375      0      0     7.021     1.000     1.000     0.0505      0.0000      0.0000      0.0000
494     D         B           21           ALA           49.76           375      0      0     7.021     1.000     1.000     0.0510      0.0000      0.0000      0.0000
495     D         B           22           GLN           53.21           375      0      0     7.021     1.000     1.000     0.0533      0.0000      0.0000      0.0000
496     D         B           23           THR           81.61           375      0      0     7.021     1.000     1.000     0.0580      0.0000      0.0000      0.0000
497     D         B           24           VAL           93.52           375      0      0     7.021     1.000     1.000     0.0816      0.0000      0.0000      0.0000
498     D         B           25           THR           95.01           375      0      0     7.021     1.000     1.000     0.0933      0.0000      0.0000      0.0000
499     D         B           26           GLN           94.98           375      0      0     7.021     1.000     1.000     0.0866      0.0000      0.0000      0.0000
500     D         B           27           SER           93.31           375      0      0     7.021     1.000     1.000     0.0820      0.0000      0.0000      0.0000
501     D         B           28           GLN           93.11           375      0      0     7.021     1.000     1.000     0.0775      0.0000      0.0000      0.0000
502     D         B           29           PRO           93.55           375      0      0     7.021     1.000     1.000     0.0836      0.0000      0.0000      0.0000
503     D         B           30           GLU           94.76           375      0      0     7.021     1.000     1.000     0.0847      0.0000      0.0000      0.0000
504     D         B           31           MET           96.05           375      0      0     7.021     1.000     1.000     0.0846      0.0000      0.0000      0.0000
505     D         B           32           SER           95.01           375      0      0     7.021     1.000     1.000     0.0837      0.0000      0.0000      0.0000
506     D         B           33           VAL           95.58           375      0      0     7.021     1.000     1.000     0.0836      0.0000      0.0000      0.0000
507     D         B           34           GLN           95.05           375      0      0     7.021     1.000     1.000     0.0850      0.0000      0.0000      0.0000
508     D         B           35           GLU           94.47           375      0      0     7.021     1.000     1.000     0.0827      0.0000      0.0000      0.0000
509     D         B           36           ALA           94.97           375      0      0     7.021     1.000     1.000     0.0824      0.0000      0.0000      0.0000
510     D         B           37           GLU           95.72           375      0      0     7.021     1.000     1.000     0.0816      0.0000      0.0000      0.0000
511     D         B           38           THR           96.73           375      0      0     7.021     1.000     1.000     0.0892      0.0000      0.0000      0.0000
512     D         B           39           VAL           96.67           375      0      0     7.021     1.000     1.000     0.0851      0.0000      0.0000      0.0000
513     D         B           40           THR           96.87           375      0      0     7.021     1.000     1.000     0.0913      0.0000      0.0000      0.0000
514     D         B           41           LEU           96.96           375      0      0     7.021     1.000     1.000     0.0907      0.0000      0.0000      0.0000
515     D         B           42           SER           96.24           375      0      0     7.021     1.000     1.000     0.0861      0.0000      0.0000      0.0000
516     D         B           43           CYS           96.44           375      0      0     7.021     1.000     1.000     0.0930      0.0000      0.0000      0.0000
517     D         B           44           THR           96.31           375      0      0     7.021     1.000     1.000     0.0952      0.0000      0.0000      0.0000
518     D         B           45           TYR           94.95           375      0      0     7.021     1.000     1.000     0.0942      0.0000      0.0000      0.0000
519     D         B           46           ASP           91.43           375      0      0     7.021     1.000     1.000     0.0904      0.0000      0.0000      0.0000
520     D         B           47           THR           85.88           375      0      0     7.021     1.000     1.000     0.0882      0.0000      0.0000      0.0000
521     D         B           48           SER           73.91           375      0      0     7.021     1.000     1.000     0.0850      0.0000      0.0000      0.0000
522     D         B           49           GLU           71.67           375      0      0     7.021     1.000     1.000     0.0864      0.0000      0.0000      0.0000
523     D         B           50           SER           64.28           375      0      0     7.021     1.000     1.000     0.0854      0.0000      0.0000      0.0000
524     D         B           51           ASP           68.82           375      0      0     7.021     1.000     1.000     0.0851      0.0000      0.0000      0.0000
525     D         B           52           TYR           77.59           375      0      0     7.021     1.000     1.000     0.0942      0.0000      0.0000      0.0000
526     D         B           53           TYR           84.24           375      0      0     7.021     1.000     1.000     0.0998      0.0000      0.0000      0.0000
527     D         B           54           LEU           92.39           375      0      0     7.021     1.000     1.000     0.0994      0.0000      0.0000      0.0000
528     D         B           55           PHE           94.18           375      0      0     7.021     1.000     1.000     0.0967      0.0000      0.0000      0.0000
529     D         B           56           TRP           96.45           375      0      0     7.021     1.000     1.000     0.0970      0.0000      0.0000      0.0000
530     D         B           57           TYR           96.26           375      0      0     7.021     1.000     1.000     0.0988      0.0000      0.0000      0.0000
531     D         B           58           LYS           96.68           375      0      0     7.021     1.000     1.000     0.0931      0.0000      0.0000      0.0000
532     D         B           59           GLN           96.33           375      0      0     7.021     1.000     1.000     0.0936      0.0000      0.0000      0.0000
533     D         B           60           PRO           94.26           375      0      0     7.021     1.000     1.000     0.0866      0.0000      0.0000      0.0000
534     D         B           61           PRO           90.44           375      0      0     7.021     1.000     1.000     0.0832      0.0000      0.0000      0.0000
535     D         B           62           SER           87.38           375      0      0     7.021     1.000     1.000     0.0751      0.0000      0.0000      0.0000
536     D         B           63           ARG           90.19           375      0      0     7.021     1.000     1.000     0.0782      0.0000      0.0000      0.0000
537     D         B           64           GLN           91.93           375      0      0     7.021     1.000     1.000     0.0835      0.0000      0.0000      0.0000
538     D         B           65           MET           94.82           375      0      0     7.021     1.000     1.000     0.0908      0.0000      0.0000      0.0000
539     D         B           66           ILE           94.81           375      0      0     7.021     1.000     1.000     0.0914      0.0000      0.0000      0.0000
540     D         B           67           LEU           94.99           375      0      0     7.021     1.000     1.000     0.0909      0.0000      0.0000      0.0000
541     D         B           68           VAL           95.63           375      0      0     7.021     1.000     1.000     0.0883      0.0000      0.0000      0.0000
542     D         B           69           ILE           94.96           375      0      0     7.021     1.000     1.000     0.0884      0.0000      0.0000      0.0000
543     D         B           70           ARG           91.89           375      0      0     7.021     1.000     1.000     0.0871      0.0000      0.0000      0.0000
544     D         B           71           GLN           89.45           375      0      0     7.021     1.000     1.000     0.0929      0.0000      0.0000      0.0000
545     D         B           72           GLU           80.20           375      0      0     7.021     1.000     1.000     0.0897      0.0000      0.0000      0.0000
546     D         B           73           ALA           78.46           375      0      0     7.021     1.000     1.000     0.0886      0.0000      0.0000      0.0000
547     D         B           74           TYR           65.87           375      0      0     7.021     1.000     1.000     0.0842      0.0000      0.0000      0.0000
548     D         B           75           LYS           67.95           375      0      0     7.021     1.000     1.000     0.0790      0.0000      0.0000      0.0000
549     D         B           76           GLN           72.52           375      0      0     7.021     1.000     1.000     0.0690      0.0000      0.0000      0.0000
550     D         B           77           GLN           82.35           375      0      0     7.021     1.000     1.000     0.0742      0.0000      0.0000      0.0000
551     D         B           78           ASN           90.51           375      0      0     7.021     1.000     1.000     0.0797      0.0000      0.0000      0.0000
552     D         B           79           ALA           89.17           375      0      0     7.021     1.000     1.000     0.0800      0.0000      0.0000      0.0000
553     D         B           80           THR           90.47           375      0      0     7.021     1.000     1.000     0.0801      0.0000      0.0000      0.0000
554     D         B           81           GLU           89.36           375      0      0     7.021     1.000     1.000     0.0733      0.0000      0.0000      0.0000
555     D         B           82           ASN           90.96           375      0      0     7.021     1.000     1.000     0.0724      0.0000      0.0000      0.0000
556     D         B           83           ARG           95.17           375      0      0     7.021     1.000     1.000     0.0820      0.0000      0.0000      0.0000
557     D         B           84           PHE           96.29           375      0      0     7.021     1.000     1.000     0.0886      0.0000      0.0000      0.0000
558     D         B           85           SER           96.14           375      0      0     7.021     1.000     1.000     0.0874      0.0000      0.0000      0.0000
559     D         B           86           VAL           95.86           375      0      0     7.021     1.000     1.000     0.0865      0.0000      0.0000      0.0000
560     D         B           87           ASN           95.77           375      0      0     7.021     1.000     1.000     0.0909      0.0000      0.0000      0.0000
561     D         B           88           PHE           94.84           375      0      0     7.021     1.000     1.000     0.0934      0.0000      0.0000      0.0000
562     D         B           89           GLN           93.97           375      0      0     7.021     1.000     1.000     0.0953      0.0000      0.0000      0.0000
563     D         B           90           LYS           90.62           375      0      0     7.021     1.000     1.000     0.0972      0.0000      0.0000      0.0000
564     D         B           91           ALA           90.74           375      0      0     7.021     1.000     1.000     0.0921      0.0000      0.0000      0.0000
565     D         B           92           ALA           93.76           375      0      0     7.021     1.000     1.000     0.0886      0.0000      0.0000      0.0000
566     D         B           93           LYS           94.18           375      0      0     7.021     1.000     1.000     0.0932      0.0000      0.0000      0.0000
567     D         B           94           SER           95.55           375      0      0     7.021     1.000     1.000     0.0908      0.0000      0.0000      0.0000
568     D         B           95           PHE           96.10           375      0      0     7.021     1.000     1.000     0.0909      0.0000      0.0000      0.0000
569     D         B           96           SER           96.43           375      0      0     7.021     1.000     1.000     0.0880      0.0000      0.0000      0.0000
570     D         B           97           LEU           97.06           375      0      0     7.021     1.000     1.000     0.0904      0.0000      0.0000      0.0000
571     D         B           98           LYS           96.99           375      0      0     7.021     1.000     1.000     0.0911      0.0000      0.0000      0.0000
572     D         B           99           ILE           96.98           375      0      0     7.021     1.000     1.000     0.0890      0.0000      0.0000      0.0000
573     D         B          100           SER           95.68           375      0      0     7.021     1.000     1.000     0.0847      0.0000      0.0000      0.0000
574     D         B          101           ASP           95.64           375      0      0     7.021     1.000     1.000     0.0831      0.0000      0.0000      0.0000
575     D         B          102           SER           95.79           375      0      0     7.021     1.000     1.000     0.0841      0.0000      0.0000      0.0000
576     D         B          103           GLN           94.85           375      0      0     7.021     1.000     1.000     0.0869      0.0000      0.0000      0.0000
577     D         B          104           LEU           93.69           375      0      0     7.021     1.000     1.000     0.0887      0.0000      0.0000      0.0000
578     D         B          105           GLY           93.39           375      0      0     7.021     1.000     1.000     0.0862      0.0000      0.0000      0.0000
579     D         B          106           ASP           95.75           375      0      0     7.021     1.000     1.000     0.0884      0.0000      0.0000      0.0000
580     D         B          107           ALA           95.31           375      0      0     7.021     1.000     1.000     0.0897      0.0000      0.0000      0.0000
581     D         B          108           ALA           96.11           375      0      0     7.021     1.000     1.000     0.0881      0.0000      0.0000      0.0000
582     D         B          109           MET           96.50           375      0      0     7.021     1.000     1.000     0.0915      0.0000      0.0000      0.0000
583     D         B          110           TYR           97.30           375      0      0     7.021     1.000     1.000     0.0959      0.0000      0.0000      0.0000
584     D         B          111           PHE           96.76           375      0      0     7.021     1.000     1.000     0.0988      0.0000      0.0000      0.0000
585     D         B          112           CYS           96.30           375      0      0     7.021     1.000     1.000     0.0987      0.0000      0.0000      0.0000
586     D         B          113           ALA           94.82           375      0      0     7.021     1.000     1.000     0.0955      0.0000      0.0000      0.0000
587     D         B          114           TYR           91.84           375      0      0     7.021     1.000     1.000     0.0964      0.0000      0.0000      0.0000
588     D         B          115           ARG           86.11           375      0      0     7.021     1.000     1.000     0.0975      0.0000      0.0000      0.0000
589     D         B          116           SER           75.02           375      0      0     7.021     1.000     1.000     0.0906      0.0000      0.0000      0.0000
590     D         B          117           ALA           63.63           375      0      0     7.021     1.000     1.000     0.0819      0.0000      0.0000      0.0000
591     D         B          118           LEU           55.21           375      0      0     7.021     1.000     1.000     0.0705      0.0000      0.0000      0.0000
592     D         B          119           SER           57.67           375      0      0     7.021     1.000     1.000     0.0657      0.0000      0.0000      0.0000
593     D         B          120           TYR           56.39           375      0      0     7.021     1.000     1.000     0.0661      0.0000      0.0000      0.0000
594     D         B          121           ASN           59.75           375      0      0     7.021     1.000     1.000     0.0615      0.0000      0.0000      0.0000
595     D         B          122           ASP           68.83           375      0      0     7.021     1.000     1.000     0.0611      0.0000      0.0000      0.0000
596     D         B          123           MET           83.60           375      0      0     7.021     1.000     1.000     0.0754      0.0000      0.0000      0.0000
597     D         B          124           ARG           90.84           375      0      0     7.021     1.000     1.000     0.0917      0.0000      0.0000      0.0000
598     D         B          125           PHE           94.01           375      0      0     7.021     1.000     1.000     0.0930      0.0000      0.0000      0.0000
599     D         B          126           GLY           94.68           375      0      0     7.021     1.000     1.000     0.0921      0.0000      0.0000      0.0000
600     D         B          127           ALA           94.78           375      0      0     7.021     1.000     1.000     0.0921      0.0000      0.0000      0.0000
601     D         B          128           GLY           95.41           375      0      0     7.021     1.000     1.000     0.0874      0.0000      0.0000      0.0000
602     D         B          129           THR           96.53           375      0      0     7.021     1.000     1.000     0.0924      0.0000      0.0000      0.0000
603     D         B          130           ARG           96.07           375      0      0     7.021     1.000     1.000     0.0920      0.0000      0.0000      0.0000
604     D         B          131           LEU           96.65           375      0      0     7.021     1.000     1.000     0.0894      0.0000      0.0000      0.0000
605     D         B          132           THR           95.10           375      0      0     7.021     1.000     1.000     0.0869      0.0000      0.0000      0.0000
606     D         B          133           VAL           95.33           375      0      0     7.021     1.000     1.000     0.0861      0.0000      0.0000      0.0000
607     D         B          134           LYS           94.80           375      0      0     7.021     1.000     1.000     0.0855      0.0000      0.0000      0.0000
608     D         B          135           PRO           94.03           375      0      0     7.021     1.000     1.000     0.0798      0.0000      0.0000      0.0000
609     D         B          136           ASN           92.20           375      0      0     7.021     1.000     1.000     0.0772      0.0000      0.0000      0.0000
610     D         B          137           ILE           90.77           375      0      0     7.021     1.000     1.000     0.0770      0.0000      0.0000      0.0000
611     D         B          138           GLN           86.89           375      0      0     7.021     1.000     1.000     0.0664      0.0000      0.0000      0.0000
612     D         B          139           ASN           89.16           375      0      0     7.021     1.000     1.000     0.0656      0.0000      0.0000      0.0000
613     D         B          140           PRO           90.32           375      0      0     7.021     1.000     1.000     0.0718      0.0000      0.0000      0.0000
614     D         B          141           ASP           92.31           375      0      0     7.021     1.000     1.000     0.0735      0.0000      0.0000      0.0000
615     D         B          142           PRO           92.59           375      0      0     7.021     1.000     1.000     0.0803      0.0000      0.0000      0.0000
616     D         B          143           ALA           92.51           375      0      0     7.021     1.000     1.000     0.0783      0.0000      0.0000      0.0000
617     D         B          144           VAL           93.10           375      0      0     7.021     1.000     1.000     0.0870      0.0000      0.0000      0.0000
618     D         B          145           TYR           93.19           375      0      0     7.021     1.000     1.000     0.0863      0.0000      0.0000      0.0000
619     D         B          146           GLN           91.51           375      0      0     7.021     1.000     1.000     0.0828      0.0000      0.0000      0.0000
620     D         B          147           LEU           91.24           375      0      0     7.021     1.000     1.000     0.0817      0.0000      0.0000      0.0000
621     D         B          148           ARG           88.36           375      0      0     7.021     1.000     1.000     0.0723      0.0000      0.0000      0.0000
622     D         B          149           ASP           83.87           375      0      0     7.021     1.000     1.000     0.0632      0.0000      0.0000      0.0000
623     D         B          150           SER           81.58           375      0      0     7.021     1.000     1.000     0.0588      0.0000      0.0000      0.0000
624     D         B          151           LYS           80.80           375      0      0     7.021     1.000     1.000     0.0603      0.0000      0.0000      0.0000
625     D         B          152           SER           79.39           375      0      0     7.021     1.000     1.000     0.0589      0.0000      0.0000      0.0000
626     D         B          153           SER           83.08           375      0      0     7.021     1.000     1.000     0.0587      0.0000      0.0000      0.0000
627     D         B          154           ASP           86.85           375      0      0     7.021     1.000     1.000     0.0645      0.0000      0.0000      0.0000
628     D         B          155           LYS           89.68           375      0      0     7.021     1.000     1.000     0.0723      0.0000      0.0000      0.0000
629     D         B          156           SER           90.52           375      0      0     7.021     1.000     1.000     0.0779      0.0000      0.0000      0.0000
630     D         B          157           VAL           93.44           375      0      0     7.021     1.000     1.000     0.0825      0.0000      0.0000      0.0000
631     D         B          158           CYS           93.25           375      0      0     7.021     1.000     1.000     0.0868      0.0000      0.0000      0.0000
632     D         B          159           LEU           93.95           375      0      0     7.021     1.000     1.000     0.0898      0.0000      0.0000      0.0000
633     D         B          160           PHE           93.75           375      0      0     7.021     1.000     1.000     0.0880      0.0000      0.0000      0.0000
634     D         B          161           THR           92.81           375      0      0     7.021     1.000     1.000     0.0767      0.0000      0.0000      0.0000
635     D         B          162           ASP           90.23           375      0      0     7.021     1.000     1.000     0.0728      0.0000      0.0000      0.0000
636     D         B          163           PHE           91.75           375      0      0     7.021     1.000     1.000     0.0774      0.0000      0.0000      0.0000
637     D         B          164           ASP           89.86           375      0      0     7.021     1.000     1.000     0.0727      0.0000      0.0000      0.0000
638     D         B          165           SER           89.37           375      0      0     7.021     1.000     1.000     0.0732      0.0000      0.0000      0.0000
639     D         B          166           GLN           87.59           375      0      0     7.021     1.000     1.000     0.0745      0.0000      0.0000      0.0000
640     D         B          167           THR           87.47           375      0      0     7.021     1.000     1.000     0.0749      0.0000      0.0000      0.0000
641     D         B          168           ASN           87.66           375      0      0     7.021     1.000     1.000     0.0748      0.0000      0.0000      0.0000
642     D         B          169           VAL           87.84           375      0      0     7.021     1.000     1.000     0.0752      0.0000      0.0000      0.0000
643     D         B          170           SER           86.36           375      0      0     7.021     1.000     1.000     0.0699      0.0000      0.0000      0.0000
644     D         B          171           GLN           85.28           375      0      0     7.021     1.000     1.000     0.0690      0.0000      0.0000      0.0000
645     D         B          172           SER           84.05           375      0      0     7.021     1.000     1.000     0.0654      0.0000      0.0000      0.0000
646     D         B          173           LYS           81.81           375      0      0     7.021     1.000     1.000     0.0644      0.0000      0.0000      0.0000
647     D         B          174           ASP           83.91           375      0      0     7.021     1.000     1.000     0.0664      0.0000      0.0000      0.0000
648     D         B          175           SER           85.38           375      0      0     7.021     1.000     1.000     0.0673      0.0000      0.0000      0.0000
649     D         B          176           ASP           88.42           375      0      0     7.021     1.000     1.000     0.0690      0.0000      0.0000      0.0000
650     D         B          177           VAL           90.20           375      0      0     7.021     1.000     1.000     0.0814      0.0000      0.0000      0.0000
651     D         B          178           TYR           92.07           375      0      0     7.021     1.000     1.000     0.0818      0.0000      0.0000      0.0000
652     D         B          179           ILE           92.25           375      0      0     7.021     1.000     1.000     0.0845      0.0000      0.0000      0.0000
653     D         B          180           THR           91.86           375      0      0     7.021     1.000     1.000     0.0810      0.0000      0.0000      0.0000
654     D         B          181           ASP           90.94           375      0      0     7.021     1.000     1.000     0.0789      0.0000      0.0000      0.0000
655     D         B          182           LYS           92.26           375      0      0     7.021     1.000     1.000     0.0791      0.0000      0.0000      0.0000
656     D         B          183           THR           93.04           375      0      0     7.021     1.000     1.000     0.0805      0.0000      0.0000      0.0000
657     D         B          184           VAL           93.44           375      0      0     7.021     1.000     1.000     0.0823      0.0000      0.0000      0.0000
658     D         B          185           LEU           92.47           375      0      0     7.021     1.000     1.000     0.0770      0.0000      0.0000      0.0000
659     D         B          186           ASP           92.54           375      0      0     7.021     1.000     1.000     0.0779      0.0000      0.0000      0.0000
660     D         B          187           MET           91.76           375      0      0     7.021     1.000     1.000     0.0766      0.0000      0.0000      0.0000
661     D         B          188           ARG           89.66           375      0      0     7.021     1.000     1.000     0.0734      0.0000      0.0000      0.0000
662     D         B          189           SER           89.65           375      0      0     7.021     1.000     1.000     0.0671      0.0000      0.0000      0.0000
663     D         B          190           MET           89.38           375      0      0     7.021     1.000     1.000     0.0682      0.0000      0.0000      0.0000
664     D         B          191           ASP           90.52           375      0      0     7.021     1.000     1.000     0.0720      0.0000      0.0000      0.0000
665     D         B          192           PHE           92.46           375      0      0     7.021     1.000     1.000     0.0754      0.0000      0.0000      0.0000
666     D         B          193           LYS           92.92           375      0      0     7.021     1.000     1.000     0.0802      0.0000      0.0000      0.0000
667     D         B          194           SER           93.76           375      0      0     7.021     1.000     1.000     0.0774      0.0000      0.0000      0.0000
668     D         B          195           ASN           94.10           375      0      0     7.021     1.000     1.000     0.0844      0.0000      0.0000      0.0000
669     D         B          196           SER           94.03           375      0      0     7.021     1.000     1.000     0.0786      0.0000      0.0000      0.0000
670     D         B          197           ALA           94.15           375      0      0     7.021     1.000     1.000     0.0864      0.0000      0.0000      0.0000
671     D         B          198           VAL           94.52           375      0      0     7.021     1.000     1.000     0.0868      0.0000      0.0000      0.0000
672     D         B          199           ALA           93.73           375      0      0     7.021     1.000     1.000     0.0875      0.0000      0.0000      0.0000
673     D         B          200           TRP           94.06           375      0      0     7.021     1.000     1.000     0.0856      0.0000      0.0000      0.0000
674     D         B          201           SER           91.86           375      0      0     7.021     1.000     1.000     0.0772      0.0000      0.0000      0.0000
675     D         B          202           ASN           88.64           375      0      0     7.021     1.000     1.000     0.0682      0.0000      0.0000      0.0000
676     D         B          203           LYS           86.22           375      0      0     7.021     1.000     1.000     0.0674      0.0000      0.0000      0.0000
677     D         B          204           SER           85.13           375      0      0     7.021     1.000     1.000     0.0648      0.0000      0.0000      0.0000
678     D         B          205           ASP           86.70           375      0      0     7.021     1.000     1.000     0.0644      0.0000      0.0000      0.0000
679     D         B          206           PHE           88.32           375      0      0     7.021     1.000     1.000     0.0741      0.0000      0.0000      0.0000
680     D         B          207           ALA           88.08           375      0      0     7.021     1.000     1.000     0.0730      0.0000      0.0000      0.0000
681     D         B          208           CYS           88.11           375      0      0     7.021     1.000     1.000     0.0752      0.0000      0.0000      0.0000
682     D         B          209           ALA           87.28           375      0      0     7.021     1.000     1.000     0.0728      0.0000      0.0000      0.0000
683     D         B          210           ASN           86.69           375      0      0     7.021     1.000     1.000     0.0717      0.0000      0.0000      0.0000
684     D         B          211           ALA           84.72           375      0      0     7.021     1.000     1.000     0.0736      0.0000      0.0000      0.0000
685     D         B          212           PHE           87.67           375      0      0     7.021     1.000     1.000     0.0787      0.0000      0.0000      0.0000
686     D         B          213           ASN           86.05           375      0      0     7.021     1.000     1.000     0.0710      0.0000      0.0000      0.0000
687     D         B          214           ASN           86.08           375      0      0     7.021     1.000     1.000     0.0692      0.0000      0.0000      0.0000
688     D         B          215           SER           84.38           375      0      0     7.021     1.000     1.000     0.0667      0.0000      0.0000      0.0000
689     D         B          216           ILE           84.46           375      0      0     7.021     1.000     1.000     0.0680      0.0000      0.0000      0.0000
690     D         B          217           ILE           85.18           375      0      0     7.021     1.000     1.000     0.0655      0.0000      0.0000      0.0000
691     D         B          218           PRO           85.02           375      0      0     7.021     1.000     1.000     0.0673      0.0000      0.0000      0.0000
692     D         B          219           GLU           83.21           375      0      0     7.021     1.000     1.000     0.0651      0.0000      0.0000      0.0000
693     D         B          220           ASP           86.78           375      0      0     7.021     1.000     1.000     0.0640      0.0000      0.0000      0.0000
694     D         B          221           THR           86.11           375      0      0     7.021     1.000     1.000     0.0711      0.0000      0.0000      0.0000
695     D         B          222           PHE           88.59           375      0      0     7.021     1.000     1.000     0.0734      0.0000      0.0000      0.0000
696     D         B          223           PHE           87.57           375      0      0     7.021     1.000     1.000     0.0773      0.0000      0.0000      0.0000
697     D         B          224           PRO           84.09           375      0      0     7.021     1.000     1.000     0.0646      0.0000      0.0000      0.0000
698     D         B          225           SER           79.21           375      0      0     7.021     1.000     1.000     0.0597      0.0000      0.0000      0.0000
699     D         B          226           PRO           74.08           375      0      0     7.021     1.000     1.000     0.0554      0.0000      0.0000      0.0000
700     D         B          227           GLU           67.35           375      0      0     7.021     1.000     1.000     0.0527      0.0000      0.0000      0.0000
701     D         B          228           SER           66.58           375      0      0     7.021     1.000     1.000     0.0502      0.0000      0.0000      0.0000
702     D         B          229           SER           74.36           375      0      0     7.021     1.000     1.000     0.0511      0.0000      0.0000      0.0000
703     D         B          230           CYS           78.93           375      0      0     7.021     1.000     1.000     0.0558      0.0000      0.0000      0.0000
704     D         B          231           ASP           84.09           375      0      0     7.021     1.000     1.000     0.0642      0.0000      0.0000      0.0000
705     D         B          232           VAL           86.29           375      0      0     7.021     1.000     1.000     0.0706      0.0000      0.0000      0.0000
706     D         B          233           LYS           84.54           375      0      0     7.021     1.000     1.000     0.0697      0.0000      0.0000      0.0000
707     D         B          234           LEU           84.65           375      0      0     7.021     1.000     1.000     0.0696      0.0000      0.0000      0.0000
708     D         B          235           VAL           85.95           375      0      0     7.021     1.000     1.000     0.0738      0.0000      0.0000      0.0000
709     D         B          236           GLU           83.45           375      0      0     7.021     1.000     1.000     0.0733      0.0000      0.0000      0.0000
710     D         B          237           LYS           85.82           375      0      0     7.021     1.000     1.000     0.0715      0.0000      0.0000      0.0000
711     D         B          238           SER           83.12           375      0      0     7.021     1.000     1.000     0.0692      0.0000      0.0000      0.0000
712     D         B          239           PHE           85.12           375      0      0     7.021     1.000     1.000     0.0756      0.0000      0.0000      0.0000
713     D         B          240           GLU           83.76           375      0      0     7.021     1.000     1.000     0.0670      0.0000      0.0000      0.0000
714     D         B          241           THR           84.65           375      0      0     7.021     1.000     1.000     0.0736      0.0000      0.0000      0.0000
715     D         B          242           ASP           84.90           375      0      0     7.021     1.000     1.000     0.0670      0.0000      0.0000      0.0000
716     D         B          243           THR           86.83           375      0      0     7.021     1.000     1.000     0.0692      0.0000      0.0000      0.0000
717     D         B          244           ASN           86.41           375      0      0     7.021     1.000     1.000     0.0709      0.0000      0.0000      0.0000
718     D         B          245           LEU           85.34           375      0      0     7.021     1.000     1.000     0.0743      0.0000      0.0000      0.0000
719     D         B          246           ASN           84.19           375      0      0     7.021     1.000     1.000     0.0720      0.0000      0.0000      0.0000
720     D         B          247           PHE           86.75           375      0      0     7.021     1.000     1.000     0.0729      0.0000      0.0000      0.0000
721     D         B          248           GLN           85.55           375      0      0     7.021     1.000     1.000     0.0734      0.0000      0.0000      0.0000
722     D         B          249           ASN           85.16           375      0      0     7.021     1.000     1.000     0.0734      0.0000      0.0000      0.0000
723     D         B          250           LEU           85.44           375      0      0     7.021     1.000     1.000     0.0718      0.0000      0.0000      0.0000
724     D         B          251           SER           89.79           375      0      0     7.021     1.000     1.000     0.0707      0.0000      0.0000      0.0000
725     D         B          252           VAL           88.46           375      0      0     7.021     1.000     1.000     0.0700      0.0000      0.0000      0.0000
726     D         B          253           ILE           87.29           375      0      0     7.021     1.000     1.000     0.0686      0.0000      0.0000      0.0000
727     D         B          254           GLY           85.95           375      0      0     7.021     1.000     1.000     0.0677      0.0000      0.0000      0.0000
728     D         B          255           PHE           88.71           375      0      0     7.021     1.000     1.000     0.0688      0.0000      0.0000      0.0000
729     D         B          256           ARG           88.33           375      0      0     7.021     1.000     1.000     0.0674      0.0000      0.0000      0.0000
730     D         B          257           ILE           88.29           375      0      0     7.021     1.000     1.000     0.0654      0.0000      0.0000      0.0000
731     D         B          258           LEU           89.00           375      0      0     7.021     1.000     1.000     0.0667      0.0000      0.0000      0.0000
732     D         B          259           LEU           87.56           375      0      0     7.021     1.000     1.000     0.0665      0.0000      0.0000      0.0000
733     D         B          260           LEU           88.18           375      0      0     7.021     1.000     1.000     0.0644      0.0000      0.0000      0.0000
734     D         B          261           LYS           87.11           375      0      0     7.021     1.000     1.000     0.0635      0.0000      0.0000      0.0000
735     D         B          262           VAL           87.51           375      0      0     7.021     1.000     1.000     0.0662      0.0000      0.0000      0.0000
736     D         B          263           ALA           85.86           375      0      0     7.021     1.000     1.000     0.0640      0.0000      0.0000      0.0000
737     D         B          264           GLY           88.69           375      0      0     7.021     1.000     1.000     0.0634      0.0000      0.0000      0.0000
738     D         B          265           PHE           91.28           375      0      0     7.021     1.000     1.000     0.0626      0.0000      0.0000      0.0000
739     D         B          266           ASN           87.34           375      0      0     7.021     1.000     1.000     0.0622      0.0000      0.0000      0.0000
740     D         B          267           LEU           90.61           375      0      0     7.021     1.000     1.000     0.0597      0.0000      0.0000      0.0000
741     D         B          268           LEU           89.97           375      0      0     7.021     1.000     1.000     0.0596      0.0000      0.0000      0.0000
742     D         B          269           MET           85.74           375      0      0     7.021     1.000     1.000     0.0591      0.0000      0.0000      0.0000
743     D         B          270           THR           87.57           375      0      0     7.021     1.000     1.000     0.0598      0.0000      0.0000      0.0000
744     D         B          271           LEU           88.47           375      0      0     7.021     1.000     1.000     0.0579      0.0000      0.0000      0.0000
745     D         B          272           ARG           87.60           375      0      0     7.021     1.000     1.000     0.0569      0.0000      0.0000      0.0000
746     D         B          273           LEU           81.52           375      0      0     7.021     1.000     1.000     0.0565      0.0000      0.0000      0.0000
747     D         B          274           TRP           83.95           375      0      0     7.021     1.000     1.000     0.0539      0.0000      0.0000      0.0000
748     D         B          275           SER           83.87           375      0      0     7.021     1.000     1.000     0.0513      0.0000      0.0000      0.0000
749     D         B          276           SER           71.17           375      0      0     7.021     1.000     1.000     0.0489      0.0000      0.0000      0.0000
474     D         C            1           MET           20.49           285      9      0     6.214     1.000     1.000     0.0377      0.0000      0.0000      0.0000
475     D         C            2           ALA           22.94           285      9      0     6.214     1.000     1.000     0.0377      0.0000      0.0000      0.0000
476     D         C            3           CYS           23.38           285      9      0     6.214     1.000     1.000     0.0379      0.0000      0.0000      0.0000
477     D         C            4           PRO           26.50           285      9      0     6.214     1.000     1.000     0.0381      0.0000      0.0000      0.0000
478     D         C            5           GLY           27.16           285      9      0     6.214     1.000     1.000     0.0381      0.0000      0.0000      0.0000
479     D         C            6           PHE           20.13           285      9      0     6.214     1.000     1.000     0.0385      0.0000      0.0000      0.0000
480     D         C            7           LEU           23.72           285      9      0     6.214     1.000     1.000     0.0390      0.0000      0.0000      0.0000
481     D         C            8           TRP           24.64           285      9      0     6.214     1.000     1.000     0.0396      0.0000      0.0000      0.0000
482     D         C            9           ALA           27.69           285      9      0     6.214     1.000     1.000     0.0402      0.0000      0.0000      0.0000
483     D         C           10           LEU           25.05           285      9      0     6.214     1.000     1.000     0.0405      0.0000      0.0000      0.0000
484     D         C           11           VAL           24.76           285      9      0     6.214     1.000     1.000     0.0415      0.0000      0.0000      0.0000
485     D         C           12           ILE           27.01           285      9      0     6.214     1.000     1.000     0.0414      0.0000      0.0000      0.0000
486     D         C           13           SER           24.99           285      9      0     6.214     1.000     1.000     0.0417      0.0000      0.0000      0.0000
487     D         C           14           THR           24.39           285      9      0     6.214     1.000     1.000     0.0420      0.0000      0.0000      0.0000
488     D         C           15           CYS           24.64           285      9      0     6.214     1.000     1.000     0.0429      0.0000      0.0000      0.0000
489     D         C           16           LEU           27.81           285      9      0     6.214     1.000     1.000     0.0433      0.0000      0.0000      0.0000
490     D         C           17           GLU           28.16           285      9      0     6.214     1.000     1.000     0.0449      0.0000      0.0000      0.0000
491     D         C           18           PHE           29.21           285      9      0     6.214     1.000     1.000     0.0457      0.0000      0.0000      0.0000
492     D         C           19           SER           34.55           285      9      0     6.214     1.000     1.000     0.0476      0.0000      0.0000      0.0000
493     D         C           20           MET           36.10           285      9      0     6.214     1.000     1.000     0.0490      0.0000      0.0000      0.0000
494     D         C           21           ALA           49.76           285      9      0     6.214     1.000     1.000     0.0514      0.0000      0.0000      0.0000
495     D         C           22           GLN           53.21           285      9      0     6.214     1.000     1.000     0.0564      0.0000      0.0000      0.0000
496     D         C           23           THR           81.61           285      9      0     6.214     1.000     1.000     0.0674      0.0000      0.0000      0.0000
497     D         C           24           VAL           93.52           285      9      0     6.214     1.000     1.000     0.1439      0.0000      0.0000      0.0000
498     D         C           25           THR           95.01           285      9      0     6.214     1.000     1.000     0.1852      0.0000      0.0000      0.0000
499     D         C           26           GLN           94.98           285      9      0     6.214     1.000     1.000     0.1654      0.0000      0.0000      0.0000
500     D         C           27           SER           93.31           285      9      0     6.214     1.000     1.000     0.1545      0.0000      0.0000      0.0000
501     D         C           28           GLN           93.11           285      9      0     6.214     1.000     1.000     0.1331      0.0000      0.0000      0.0000
502     D         C           29           PRO           93.55           285      9      0     6.214     1.000     1.000     0.1466      0.0000      0.0000      0.0000
503     D         C           30           GLU           94.76           285      9      0     6.214     1.000     1.000     0.1528      0.0000      0.0000      0.0000
504     D         C           31           MET           96.05           285      9      0     6.214     1.000     1.000     0.1573      0.0000      0.0000      0.0000
505     D         C           32           SER           95.01           285      9      0     6.214     1.000     1.000     0.1501      0.0000      0.0000      0.0000
506     D         C           33           VAL           95.58           285      9      0     6.214     1.000     1.000     0.1534      0.0000      0.0000      0.0000
507     D         C           34           GLN           95.05           285      9      0     6.214     1.000     1.000     0.1550      0.0000      0.0000      0.0000
508     D         C           35           GLU           94.47           285      9      0     6.214     1.000     1.000     0.1430      0.0000      0.0000      0.0000
509     D         C           36           ALA           94.97           285      9      0     6.214     1.000     1.000     0.1398      0.0000      0.0000      0.0000
510     D         C           37           GLU           95.72           285      9      0     6.214     1.000     1.000     0.1450      0.0000      0.0000      0.0000
511     D         C           38           THR           96.73           285      9      0     6.214     1.000     1.000     0.1725      0.0000      0.0000      0.0000
512     D         C           39           VAL           96.67           285      9      0     6.214     1.000     1.000     0.1696      0.0000      0.0000      0.0000
513     D         C           40           THR           96.87           285      9      0     6.214     1.000     1.000     0.1841      0.0000      0.0000      0.0000
514     D         C           41           LEU           96.96           285      9      0     6.214     1.000     1.000     0.1779      0.0000      0.0000      0.0000
515     D         C           42           SER           96.24           285      9      0     6.214     1.000     1.000     0.1711      0.0000      0.0000      0.0000
516     D         C           43           CYS           96.44           285      9      0     6.214     1.000     1.000     0.1716      0.0000      0.0000      0.0000
517     D         C           44           THR           96.31           285      9      0     6.214     1.000     1.000     0.1883      0.0000      0.0000      0.0000
518     D         C           45           TYR           94.95           285      9      0     6.214     1.000     1.000     0.1841      0.0000      0.0000      0.0000
519     D         C           46           ASP           91.43           285      9      0     6.214     1.000     1.000     0.1700      0.0000      0.0000      0.0000
520     D         C           47           THR           85.88           285      9      0     6.214     1.000     1.000     0.1607      0.0000      0.0000      0.0000
521     D         C           48           SER           73.91           285      9      0     6.214     1.000     1.000     0.1532      0.0000      0.0000      0.0000
522     D         C           49           GLU           71.67           285      9      0     6.214     1.000     1.000     0.1561      0.0000      0.0000      0.0000
523     D         C           50           SER           64.28           285      9      0     6.214     1.000     1.000     0.1458      0.0000      0.0000      0.0000
524     D         C           51           ASP           68.82           285      9      0     6.214     1.000     1.000     0.1525      0.0000      0.0000      0.0000
525     D         C           52           TYR           77.59           285      9      0     6.214     1.000     1.000     0.1826      0.0000      0.0000      0.0000
526     D         C           53           TYR           84.24           285      9      0     6.214     1.000     1.000     0.1915      0.0000      0.0000      0.0000
527     D         C           54           LEU           92.39           285      9      1     6.214     1.000     1.000     0.1996      0.2953      0.0107      0.0107
528     D         C           55           PHE           94.18           285      9      2     6.214     1.000     1.000     0.2149      0.2976      0.0109      0.0109
529     D         C           56           TRP           96.45           285      9      1     6.214     1.000     1.000     0.1970      0.2868      0.0103      0.0103
530     D         C           57           TYR           96.26           285      9      1     6.214     1.000     1.000     0.2035      0.2910      0.0105      0.0105
531     D         C           58           LYS           96.68           285      9      0     6.214     1.000     1.000     0.1865      0.0000      0.0000      0.0000
532     D         C           59           GLN           96.33           285      9      0     6.214     1.000     1.000     0.1869      0.0000      0.0000      0.0000
533     D         C           60           PRO           94.26           285      9      0     6.214     1.000     1.000     0.1678      0.0000      0.0000      0.0000
534     D         C           61           PRO           90.44           285      9      0     6.214     1.000     1.000     0.1546      0.0000      0.0000      0.0000
535     D         C           62           SER           87.38           285      9      0     6.214     1.000     1.000     0.1223      0.0000      0.0000      0.0000
536     D         C           63           ARG           90.19           285      9      0     6.214     1.000     1.000     0.1401      0.0000      0.0000      0.0000
537     D         C           64           GLN           91.93           285      9      0     6.214     1.000     1.000     0.1606      0.0000      0.0000      0.0000
538     D         C           65           MET           94.82           285      9      0     6.214     1.000     1.000     0.1862      0.0000      0.0000      0.0000
539     D         C           66           ILE           94.81           285      9      0     6.214     1.000     1.000     0.1839      0.0000      0.0000      0.0000
540     D         C           67           LEU           94.99           285      9      0     6.214     1.000     1.000     0.1877      0.0000      0.0000      0.0000
541     D         C           68           VAL           95.63           285      9      0     6.214     1.000     1.000     0.1793      0.0000      0.0000      0.0000
542     D         C           69           ILE           94.96           285      9      0     6.214     1.000     1.000     0.1815      0.0000      0.0000      0.0000
543     D         C           70           ARG           91.89           285      9      0     6.214     1.000     1.000     0.1787      0.0000      0.0000      0.0000
544     D         C           71           GLN           89.45           285      9      0     6.214     1.000     1.000     0.1814      0.0000      0.0000      0.0000
545     D         C           72           GLU           80.20           285      9      0     6.214     1.000     1.000     0.1715      0.0000      0.0000      0.0000
546     D         C           73           ALA           78.46           285      9      0     6.214     1.000     1.000     0.1649      0.0000      0.0000      0.0000
547     D         C           74           TYR           65.87           285      9      0     6.214     1.000     1.000     0.1556      0.0000      0.0000      0.0000
548     D         C           75           LYS           67.95           285      9      0     6.214     1.000     1.000     0.1460      0.0000      0.0000      0.0000
549     D         C           76           GLN           72.52           285      9      0     6.214     1.000     1.000     0.1220      0.0000      0.0000      0.0000
550     D         C           77           GLN           82.35           285      9      0     6.214     1.000     1.000     0.1261      0.0000      0.0000      0.0000
551     D         C           78           ASN           90.51           285      9      0     6.214     1.000     1.000     0.1535      0.0000      0.0000      0.0000
552     D         C           79           ALA           89.17           285      9      0     6.214     1.000     1.000     0.1443      0.0000      0.0000      0.0000
553     D         C           80           THR           90.47           285      9      0     6.214     1.000     1.000     0.1508      0.0000      0.0000      0.0000
554     D         C           81           GLU           89.36           285      9      0     6.214     1.000     1.000     0.1281      0.0000      0.0000      0.0000
555     D         C           82           ASN           90.96           285      9      0     6.214     1.000     1.000     0.1261      0.0000      0.0000      0.0000
556     D         C           83           ARG           95.17           285      9      0     6.214     1.000     1.000     0.1515      0.0000      0.0000      0.0000
557     D         C           84           PHE           96.29           285      9      0     6.214     1.000     1.000     0.1756      0.0000      0.0000      0.0000
558     D         C           85           SER           96.14           285      9      0     6.214     1.000     1.000     0.1745      0.0000      0.0000      0.0000
559     D         C           86           VAL           95.86           285      9      0     6.214     1.000     1.000     0.1654      0.0000      0.0000      0.0000
560     D         C           87           ASN           95.77           285      9      0     6.214     1.000     1.000     0.1842      0.0000      0.0000      0.0000
561     D         C           88           PHE           94.84           285      9      0     6.214     1.000     1.000     0.1802      0.0000      0.0000      0.0000
562     D         C           89           GLN           93.97           285      9      0     6.214     1.000     1.000     0.1869      0.0000      0.0000      0.0000
563     D         C           90           LYS           90.62           285      9      0     6.214     1.000     1.000     0.1709      0.0000      0.0000      0.0000
564     D         C           91           ALA           90.74           285      9      0     6.214     1.000     1.000     0.1719      0.0000      0.0000      0.0000
565     D         C           92           ALA           93.76           285      9      0     6.214     1.000     1.000     0.1694      0.0000      0.0000      0.0000
566     D         C           93           LYS           94.18           285      9      0     6.214     1.000     1.000     0.1715      0.0000      0.0000      0.0000
567     D         C           94           SER           95.55           285      9      0     6.214     1.000     1.000     0.1814      0.0000      0.0000      0.0000
568     D         C           95           PHE           96.10           285      9      0     6.214     1.000     1.000     0.1787      0.0000      0.0000      0.0000
569     D         C           96           SER           96.43           285      9      0     6.214     1.000     1.000     0.1810      0.0000      0.0000      0.0000
570     D         C           97           LEU           97.06           285      9      0     6.214     1.000     1.000     0.1793      0.0000      0.0000      0.0000
571     D         C           98           LYS           96.99           285      9      0     6.214     1.000     1.000     0.1839      0.0000      0.0000      0.0000
572     D         C           99           ILE           96.98           285      9      0     6.214     1.000     1.000     0.1788      0.0000      0.0000      0.0000
573     D         C          100           SER           95.68           285      9      0     6.214     1.000     1.000     0.1583      0.0000      0.0000      0.0000
574     D         C          101           ASP           95.64           285      9      0     6.214     1.000     1.000     0.1479      0.0000      0.0000      0.0000
575     D         C          102           SER           95.79           285      9      0     6.214     1.000     1.000     0.1525      0.0000      0.0000      0.0000
576     D         C          103           GLN           94.85           285      9      0     6.214     1.000     1.000     0.1560      0.0000      0.0000      0.0000
577     D         C          104           LEU           93.69           285      9      0     6.214     1.000     1.000     0.1674      0.0000      0.0000      0.0000
578     D         C          105           GLY           93.39           285      9      0     6.214     1.000     1.000     0.1617      0.0000      0.0000      0.0000
579     D         C          106           ASP           95.75           285      9      0     6.214     1.000     1.000     0.1682      0.0000      0.0000      0.0000
580     D         C          107           ALA           95.31           285      9      0     6.214     1.000     1.000     0.1743      0.0000      0.0000      0.0000
581     D         C          108           ALA           96.11           285      9      0     6.214     1.000     1.000     0.1716      0.0000      0.0000      0.0000
582     D         C          109           MET           96.50           285      9      0     6.214     1.000     1.000     0.1819      0.0000      0.0000      0.0000
583     D         C          110           TYR           97.30           285      9      0     6.214     1.000     1.000     0.1893      0.0000      0.0000      0.0000
584     D         C          111           PHE           96.76           285      9      0     6.214     1.000     1.000     0.1982      0.0000      0.0000      0.0000
585     D         C          112           CYS           96.30           285      9      0     6.214     1.000     1.000     0.1907      0.0000      0.0000      0.0000
586     D         C          113           ALA           94.82           285      9      1     6.214     1.000     1.000     0.2013      0.2868      0.0103      0.0103
587     D         C          114           TYR           91.84           285      9      1     6.214     1.000     1.000     0.1964      0.2910      0.0105      0.0105
588     D         C          115           ARG           86.11           285      9      0     6.214     1.000     1.000     0.1831      0.0000      0.0000      0.0000
589     D         C          116           SER           75.02           285      9      0     6.214     1.000     1.000     0.1660      0.0000      0.0000      0.0000
590     D         C          117           ALA           63.63           285      9      0     6.214     1.000     1.000     0.1648      0.0000      0.0000      0.0000
591     D         C          118           LEU           55.21           285      9      0     6.214     1.000     1.000     0.1586      0.0000      0.0000      0.0000
592     D         C          119           SER           57.67           285      9      0     6.214     1.000     1.000     0.1449      0.0000      0.0000      0.0000
593     D         C          120           TYR           56.39           285      9      0     6.214     1.000     1.000     0.1508      0.0000      0.0000      0.0000
594     D         C          121           ASN           59.75           285      9      0     6.214     1.000     1.000     0.1233      0.0000      0.0000      0.0000
595     D         C          122           ASP           68.83           285      9      0     6.214     1.000     1.000     0.1167      0.0000      0.0000      0.0000
596     D         C          123           MET           83.60           285      9      0     6.214     1.000     1.000     0.1443      0.0000      0.0000      0.0000
597     D         C          124           ARG           90.84           285      9      0     6.214     1.000     1.000     0.1830      0.0000      0.0000      0.0000
598     D         C          125           PHE           94.01           285      9      1     6.214     1.000     1.000     0.2028      0.2868      0.0103      0.0103
599     D         C          126           GLY           94.68           285      9      0     6.214     1.000     1.000     0.1912      0.0000      0.0000      0.0000
600     D         C          127           ALA           94.78           285      9      0     6.214     1.000     1.000     0.1909      0.0000      0.0000      0.0000
601     D         C          128           GLY           95.41           285      9      0     6.214     1.000     1.000     0.1728      0.0000      0.0000      0.0000
602     D         C          129           THR           96.53           285      9      0     6.214     1.000     1.000     0.1816      0.0000      0.0000      0.0000
603     D         C          130           ARG           96.07           285      9      0     6.214     1.000     1.000     0.1854      0.0000      0.0000      0.0000
604     D         C          131           LEU           96.65           285      9      0     6.214     1.000     1.000     0.1755      0.0000      0.0000      0.0000
605     D         C          132           THR           95.10           285      9      0     6.214     1.000     1.000     0.1721      0.0000      0.0000      0.0000
606     D         C          133           VAL           95.33           285      9      0     6.214     1.000     1.000     0.1604      0.0000      0.0000      0.0000
607     D         C          134           LYS           94.80           285      9      0     6.214     1.000     1.000     0.1577      0.0000      0.0000      0.0000
608     D         C          135           PRO           94.03           285      9      0     6.214     1.000     1.000     0.1421      0.0000      0.0000      0.0000
609     D         C          136           ASN           92.20           285      9      0     6.214     1.000     1.000     0.1234      0.0000      0.0000      0.0000
610     D         C          137           ILE           90.77           285      9      0     6.214     1.000     1.000     0.1273      0.0000      0.0000      0.0000
611     D         C          138           GLN           86.89           285      9      0     6.214     1.000     1.000     0.0917      0.0000      0.0000      0.0000
612     D         C          139           ASN           89.16           285      9      0     6.214     1.000     1.000     0.0833      0.0000      0.0000      0.0000
613     D         C          140           PRO           90.32           285      9      0     6.214     1.000     1.000     0.1003      0.0000      0.0000      0.0000
614     D         C          141           ASP           92.31           285      9      0     6.214     1.000     1.000     0.1051      0.0000      0.0000      0.0000
615     D         C          142           PRO           92.59           285      9      0     6.214     1.000     1.000     0.1219      0.0000      0.0000      0.0000
616     D         C          143           ALA           92.51           285      9      0     6.214     1.000     1.000     0.1178      0.0000      0.0000      0.0000
617     D         C          144           VAL           93.10           285      9      0     6.214     1.000     1.000     0.1388      0.0000      0.0000      0.0000
618     D         C          145           TYR           93.19           285      9      0     6.214     1.000     1.000     0.1309      0.0000      0.0000      0.0000
619     D         C          146           GLN           91.51           285      9      0     6.214     1.000     1.000     0.1287      0.0000      0.0000      0.0000
620     D         C          147           LEU           91.24           285      9      0     6.214     1.000     1.000     0.1215      0.0000      0.0000      0.0000
621     D         C          148           ARG           88.36           285      9      0     6.214     1.000     1.000     0.0963      0.0000      0.0000      0.0000
622     D         C          149           ASP           83.87           285      9      0     6.214     1.000     1.000     0.0675      0.0000      0.0000      0.0000
623     D         C          150           SER           81.58           285      9      0     6.214     1.000     1.000     0.0611      0.0000      0.0000      0.0000
624     D         C          151           LYS           80.80           285      9      0     6.214     1.000     1.000     0.0631      0.0000      0.0000      0.0000
625     D         C          152           SER           79.39           285      9      0     6.214     1.000     1.000     0.0595      0.0000      0.0000      0.0000
626     D         C          153           SER           83.08           285      9      0     6.214     1.000     1.000     0.0596      0.0000      0.0000      0.0000
627     D         C          154           ASP           86.85           285      9      0     6.214     1.000     1.000     0.0712      0.0000      0.0000      0.0000
628     D         C          155           LYS           89.68           285      9      0     6.214     1.000     1.000     0.1002      0.0000      0.0000      0.0000
629     D         C          156           SER           90.52           285      9      0     6.214     1.000     1.000     0.1107      0.0000      0.0000      0.0000
630     D         C          157           VAL           93.44           285      9      0     6.214     1.000     1.000     0.1287      0.0000      0.0000      0.0000
631     D         C          158           CYS           93.25           285      9      0     6.214     1.000     1.000     0.1382      0.0000      0.0000      0.0000
632     D         C          159           LEU           93.95           285      9      0     6.214     1.000     1.000     0.1469      0.0000      0.0000      0.0000
633     D         C          160           PHE           93.75           285      9      0     6.214     1.000     1.000     0.1394      0.0000      0.0000      0.0000
634     D         C          161           THR           92.81           285      9      0     6.214     1.000     1.000     0.1159      0.0000      0.0000      0.0000
635     D         C          162           ASP           90.23           285      9      0     6.214     1.000     1.000     0.1021      0.0000      0.0000      0.0000
636     D         C          163           PHE           91.75           285      9      0     6.214     1.000     1.000     0.1130      0.0000      0.0000      0.0000
637     D         C          164           ASP           89.86           285      9      0     6.214     1.000     1.000     0.1011      0.0000      0.0000      0.0000
638     D         C          165           SER           89.37           285      9      0     6.214     1.000     1.000     0.1057      0.0000      0.0000      0.0000
639     D         C          166           GLN           87.59           285      9      0     6.214     1.000     1.000     0.1092      0.0000      0.0000      0.0000
640     D         C          167           THR           87.47           285      9      0     6.214     1.000     1.000     0.1049      0.0000      0.0000      0.0000
641     D         C          168           ASN           87.66           285      9      0     6.214     1.000     1.000     0.1094      0.0000      0.0000      0.0000
642     D         C          169           VAL           87.84           285      9      0     6.214     1.000     1.000     0.1090      0.0000      0.0000      0.0000
643     D         C          170           SER           86.36           285      9      0     6.214     1.000     1.000     0.0898      0.0000      0.0000      0.0000
644     D         C          171           GLN           85.28           285      9      0     6.214     1.000     1.000     0.0912      0.0000      0.0000      0.0000
645     D         C          172           SER           84.05           285      9      0     6.214     1.000     1.000     0.0776      0.0000      0.0000      0.0000
646     D         C          173           LYS           81.81           285      9      0     6.214     1.000     1.000     0.0747      0.0000      0.0000      0.0000
647     D         C          174           ASP           83.91           285      9      0     6.214     1.000     1.000     0.0777      0.0000      0.0000      0.0000
648     D         C          175           SER           85.38           285      9      0     6.214     1.000     1.000     0.0830      0.0000      0.0000      0.0000
649     D         C          176           ASP           88.42           285      9      0     6.214     1.000     1.000     0.0877      0.0000      0.0000      0.0000
650     D         C          177           VAL           90.20           285      9      0     6.214     1.000     1.000     0.1253      0.0000      0.0000      0.0000
651     D         C          178           TYR           92.07           285      9      0     6.214     1.000     1.000     0.1272      0.0000      0.0000      0.0000
652     D         C          179           ILE           92.25           285      9      0     6.214     1.000     1.000     0.1347      0.0000      0.0000      0.0000
653     D         C          180           THR           91.86           285      9      0     6.214     1.000     1.000     0.1300      0.0000      0.0000      0.0000
654     D         C          181           ASP           90.94           285      9      0     6.214     1.000     1.000     0.1273      0.0000      0.0000      0.0000
655     D         C          182           LYS           92.26           285      9      0     6.214     1.000     1.000     0.1197      0.0000      0.0000      0.0000
656     D         C          183           THR           93.04           285      9      0     6.214     1.000     1.000     0.1306      0.0000      0.0000      0.0000
657     D         C          184           VAL           93.44           285      9      0     6.214     1.000     1.000     0.1319      0.0000      0.0000      0.0000
658     D         C          185           LEU           92.47           285      9      0     6.214     1.000     1.000     0.1188      0.0000      0.0000      0.0000
659     D         C          186           ASP           92.54           285      9      0     6.214     1.000     1.000     0.1194      0.0000      0.0000      0.0000
660     D         C          187           MET           91.76           285      9      0     6.214     1.000     1.000     0.1137      0.0000      0.0000      0.0000
661     D         C          188           ARG           89.66           285      9      0     6.214     1.000     1.000     0.1053      0.0000      0.0000      0.0000
662     D         C          189           SER           89.65           285      9      0     6.214     1.000     1.000     0.0888      0.0000      0.0000      0.0000
663     D         C          190           MET           89.38           285      9      0     6.214     1.000     1.000     0.0904      0.0000      0.0000      0.0000
664     D         C          191           ASP           90.52           285      9      0     6.214     1.000     1.000     0.1020      0.0000      0.0000      0.0000
665     D         C          192           PHE           92.46           285      9      0     6.214     1.000     1.000     0.1135      0.0000      0.0000      0.0000
666     D         C          193           LYS           92.92           285      9      0     6.214     1.000     1.000     0.1241      0.0000      0.0000      0.0000
667     D         C          194           SER           93.76           285      9      0     6.214     1.000     1.000     0.1219      0.0000      0.0000      0.0000
668     D         C          195           ASN           94.10           285      9      0     6.214     1.000     1.000     0.1364      0.0000      0.0000      0.0000
669     D         C          196           SER           94.03           285      9      0     6.214     1.000     1.000     0.1249      0.0000      0.0000      0.0000
670     D         C          197           ALA           94.15           285      9      0     6.214     1.000     1.000     0.1419      0.0000      0.0000      0.0000
671     D         C          198           VAL           94.52           285      9      0     6.214     1.000     1.000     0.1442      0.0000      0.0000      0.0000
672     D         C          199           ALA           93.73           285      9      0     6.214     1.000     1.000     0.1425      0.0000      0.0000      0.0000
673     D         C          200           TRP           94.06           285      9      0     6.214     1.000     1.000     0.1382      0.0000      0.0000      0.0000
674     D         C          201           SER           91.86           285      9      0     6.214     1.000     1.000     0.1153      0.0000      0.0000      0.0000
675     D         C          202           ASN           88.64           285      9      0     6.214     1.000     1.000     0.0878      0.0000      0.0000      0.0000
676     D         C          203           LYS           86.22           285      9      0     6.214     1.000     1.000     0.0838      0.0000      0.0000      0.0000
677     D         C          204           SER           85.13           285      9      0     6.214     1.000     1.000     0.0749      0.0000      0.0000      0.0000
678     D         C          205           ASP           86.70           285      9      0     6.214     1.000     1.000     0.0755      0.0000      0.0000      0.0000
679     D         C          206           PHE           88.32           285      9      0     6.214     1.000     1.000     0.1006      0.0000      0.0000      0.0000
680     D         C          207           ALA           88.08           285      9      0     6.214     1.000     1.000     0.0899      0.0000      0.0000      0.0000
681     D         C          208           CYS           88.11           285      9      0     6.214     1.000     1.000     0.1015      0.0000      0.0000      0.0000
682     D         C          209           ALA           87.28           285      9      0     6.214     1.000     1.000     0.0879      0.0000      0.0000      0.0000
683     D         C          210           ASN           86.69           285      9      0     6.214     1.000     1.000     0.0828      0.0000      0.0000      0.0000
684     D         C          211           ALA           84.72           285      9      0     6.214     1.000     1.000     0.0927      0.0000      0.0000      0.0000
685     D         C          212           PHE           87.67           285      9      0     6.214     1.000     1.000     0.1041      0.0000      0.0000      0.0000
686     D         C          213           ASN           86.05           285      9      0     6.214     1.000     1.000     0.0867      0.0000      0.0000      0.0000
687     D         C          214           ASN           86.08           285      9      0     6.214     1.000     1.000     0.0873      0.0000      0.0000      0.0000
688     D         C          215           SER           84.38           285      9      0     6.214     1.000     1.000     0.0825      0.0000      0.0000      0.0000
689     D         C          216           ILE           84.46           285      9      0     6.214     1.000     1.000     0.0854      0.0000      0.0000      0.0000
690     D         C          217           ILE           85.18           285      9      0     6.214     1.000     1.000     0.0774      0.0000      0.0000      0.0000
691     D         C          218           PRO           85.02           285      9      0     6.214     1.000     1.000     0.0816      0.0000      0.0000      0.0000
692     D         C          219           GLU           83.21           285      9      0     6.214     1.000     1.000     0.0711      0.0000      0.0000      0.0000
693     D         C          220           ASP           86.78           285      9      0     6.214     1.000     1.000     0.0712      0.0000      0.0000      0.0000
694     D         C          221           THR           86.11           285      9      0     6.214     1.000     1.000     0.0871      0.0000      0.0000      0.0000
695     D         C          222           PHE           88.59           285      9      0     6.214     1.000     1.000     0.0881      0.0000      0.0000      0.0000
696     D         C          223           PHE           87.57           285      9      0     6.214     1.000     1.000     0.0913      0.0000      0.0000      0.0000
697     D         C          224           PRO           84.09           285      9      0     6.214     1.000     1.000     0.0731      0.0000      0.0000      0.0000
698     D         C          225           SER           79.21           285      9      0     6.214     1.000     1.000     0.0603      0.0000      0.0000      0.0000
699     D         C          226           PRO           74.08           285      9      0     6.214     1.000     1.000     0.0546      0.0000      0.0000      0.0000
700     D         C          227           GLU           67.35           285      9      0     6.214     1.000     1.000     0.0504      0.0000      0.0000      0.0000
701     D         C          228           SER           66.58           285      9      0     6.214     1.000     1.000     0.0431      0.0000      0.0000      0.0000
702     D         C          229           SER           74.36           285      9      0     6.214     1.000     1.000     0.0453      0.0000      0.0000      0.0000
703     D         C          230           CYS           78.93           285      9      0     6.214     1.000     1.000     0.0558      0.0000      0.0000      0.0000
704     D         C          231           ASP           84.09           285      9      0     6.214     1.000     1.000     0.0726      0.0000      0.0000      0.0000
705     D         C          232           VAL           86.29           285      9      0     6.214     1.000     1.000     0.0817      0.0000      0.0000      0.0000
706     D         C          233           LYS           84.54           285      9      0     6.214     1.000     1.000     0.0820      0.0000      0.0000      0.0000
707     D         C          234           LEU           84.65           285      9      0     6.214     1.000     1.000     0.0833      0.0000      0.0000      0.0000
708     D         C          235           VAL           85.95           285      9      0     6.214     1.000     1.000     0.0873      0.0000      0.0000      0.0000
709     D         C          236           GLU           83.45           285      9      0     6.214     1.000     1.000     0.0880      0.0000      0.0000      0.0000
710     D         C          237           LYS           85.82           285      9      0     6.214     1.000     1.000     0.0874      0.0000      0.0000      0.0000
711     D         C          238           SER           83.12           285      9      0     6.214     1.000     1.000     0.0826      0.0000      0.0000      0.0000
712     D         C          239           PHE           85.12           285      9      0     6.214     1.000     1.000     0.0890      0.0000      0.0000      0.0000
713     D         C          240           GLU           83.76           285      9      0     6.214     1.000     1.000     0.0788      0.0000      0.0000      0.0000
714     D         C          241           THR           84.65           285      9      0     6.214     1.000     1.000     0.0827      0.0000      0.0000      0.0000
715     D         C          242           ASP           84.90           285      9      0     6.214     1.000     1.000     0.0754      0.0000      0.0000      0.0000
716     D         C          243           THR           86.83           285      9      0     6.214     1.000     1.000     0.0793      0.0000      0.0000      0.0000
717     D         C          244           ASN           86.41           285      9      0     6.214     1.000     1.000     0.0816      0.0000      0.0000      0.0000
718     D         C          245           LEU           85.34           285      9      0     6.214     1.000     1.000     0.0861      0.0000      0.0000      0.0000
719     D         C          246           ASN           84.19           285      9      0     6.214     1.000     1.000     0.0811      0.0000      0.0000      0.0000
720     D         C          247           PHE           86.75           285      9      0     6.214     1.000     1.000     0.0804      0.0000      0.0000      0.0000
721     D         C          248           GLN           85.55           285      9      0     6.214     1.000     1.000     0.0828      0.0000      0.0000      0.0000
722     D         C          249           ASN           85.16           285      9      0     6.214     1.000     1.000     0.0830      0.0000      0.0000      0.0000
723     D         C          250           LEU           85.44           285      9      0     6.214     1.000     1.000     0.0794      0.0000      0.0000      0.0000
724     D         C          251           SER           89.79           285      9      0     6.214     1.000     1.000     0.0789      0.0000      0.0000      0.0000
725     D         C          252           VAL           88.46           285      9      0     6.214     1.000     1.000     0.0791      0.0000      0.0000      0.0000
726     D         C          253           ILE           87.29           285      9      0     6.214     1.000     1.000     0.0777      0.0000      0.0000      0.0000
727     D         C          254           GLY           85.95           285      9      0     6.214     1.000     1.000     0.0771      0.0000      0.0000      0.0000
728     D         C          255           PHE           88.71           285      9      0     6.214     1.000     1.000     0.0766      0.0000      0.0000      0.0000
729     D         C          256           ARG           88.33           285      9      0     6.214     1.000     1.000     0.0775      0.0000      0.0000      0.0000
730     D         C          257           ILE           88.29           285      9      0     6.214     1.000     1.000     0.0736      0.0000      0.0000      0.0000
731     D         C          258           LEU           89.00           285      9      0     6.214     1.000     1.000     0.0753      0.0000      0.0000      0.0000
732     D         C          259           LEU           87.56           285      9      0     6.214     1.000     1.000     0.0758      0.0000      0.0000      0.0000
733     D         C          260           LEU           88.18           285      9      0     6.214     1.000     1.000     0.0744      0.0000      0.0000      0.0000
734     D         C          261           LYS           87.11           285      9      0     6.214     1.000     1.000     0.0734      0.0000      0.0000      0.0000
735     D         C          262           VAL           87.51           285      9      0     6.214     1.000     1.000     0.0754      0.0000      0.0000      0.0000
736     D         C          263           ALA           85.86           285      9      0     6.214     1.000     1.000     0.0731      0.0000      0.0000      0.0000
737     D         C          264           GLY           88.69           285      9      0     6.214     1.000     1.000     0.0720      0.0000      0.0000      0.0000
738     D         C          265           PHE           91.28           285      9      0     6.214     1.000     1.000     0.0705      0.0000      0.0000      0.0000
739     D         C          266           ASN           87.34           285      9      0     6.214     1.000     1.000     0.0693      0.0000      0.0000      0.0000
740     D         C          267           LEU           90.61           285      9      0     6.214     1.000     1.000     0.0668      0.0000      0.0000      0.0000
741     D         C          268           LEU           89.97           285      9      0     6.214     1.000     1.000     0.0674      0.0000      0.0000      0.0000
742     D         C          269           MET           85.74           285      9      0     6.214     1.000     1.000     0.0670      0.0000      0.0000      0.0000
743     D         C          270           THR           87.57           285      9      0     6.214     1.000     1.000     0.0671      0.0000      0.0000      0.0000
744     D         C          271           LEU           88.47           285      9      0     6.214     1.000     1.000     0.0659      0.0000      0.0000      0.0000
745     D         C          272           ARG           87.60           285      9      0     6.214     1.000     1.000     0.0654      0.0000      0.0000      0.0000
746     D         C          273           LEU           81.52           285      9      0     6.214     1.000     1.000     0.0621      0.0000      0.0000      0.0000
747     D         C          274           TRP           83.95           285      9      0     6.214     1.000     1.000     0.0556      0.0000      0.0000      0.0000
748     D         C          275           SER           83.87           285      9      0     6.214     1.000     1.000     0.0478      0.0000      0.0000      0.0000
749     D         C          276           SER           71.17           285      9      0     6.214     1.000     1.000     0.0408      0.0000      0.0000      0.0000
474     D         E            1           MET           20.49           588    548      0     8.499     8.254     1.000     0.0677      0.0000      0.0000      0.0000
475     D         E            2           ALA           22.94           588    548      0     8.499     8.254     1.000     0.0679      0.0000      0.0000      0.0000
476     D         E            3           CYS           23.38           588    548      0     8.499     8.254     1.000     0.0681      0.0000      0.0000      0.0000
477     D         E            4           PRO           26.50           588    548      0     8.499     8.254     1.000     0.0686      0.0000      0.0000      0.0000
478     D         E            5           GLY           27.16           588    548      0     8.499     8.254     1.000     0.0686      0.0000      0.0000      0.0000
479     D         E            6           PHE           20.13           588    548      0     8.499     8.254     1.000     0.0694      0.0000      0.0000      0.0000
480     D         E            7           LEU           23.72           588    548      0     8.499     8.254     1.000     0.0705      0.0000      0.0000      0.0000
481     D         E            8           TRP           24.64           588    548      0     8.499     8.254     1.000     0.0714      0.0000      0.0000      0.0000
482     D         E            9           ALA           27.69           588    548      0     8.499     8.254     1.000     0.0716      0.0000      0.0000      0.0000
483     D         E           10           LEU           25.05           588    548      0     8.499     8.254     1.000     0.0724      0.0000      0.0000      0.0000
484     D         E           11           VAL           24.76           588    548      0     8.499     8.254     1.000     0.0736      0.0000      0.0000      0.0000
485     D         E           12           ILE           27.01           588    548      0     8.499     8.254     1.000     0.0741      0.0000      0.0000      0.0000
486     D         E           13           SER           24.99           588    548      0     8.499     8.254     1.000     0.0743      0.0000      0.0000      0.0000
487     D         E           14           THR           24.39           588    548      0     8.499     8.254     1.000     0.0756      0.0000      0.0000      0.0000
488     D         E           15           CYS           24.64           588    548      0     8.499     8.254     1.000     0.0762      0.0000      0.0000      0.0000
489     D         E           16           LEU           27.81           588    548      0     8.499     8.254     1.000     0.0782      0.0000      0.0000      0.0000
490     D         E           17           GLU           28.16           588    548      0     8.499     8.254     1.000     0.0785      0.0000      0.0000      0.0000
491     D         E           18           PHE           29.21           588    548      0     8.499     8.254     1.000     0.0803      0.0000      0.0000      0.0000
492     D         E           19           SER           34.55           588    548      0     8.499     8.254     1.000     0.0807      0.0000      0.0000      0.0000
493     D         E           20           MET           36.10           588    548      0     8.499     8.254     1.000     0.0834      0.0000      0.0000      0.0000
494     D         E           21           ALA           49.76           588    548      0     8.499     8.254     1.000     0.0861      0.0000      0.0000      0.0000
495     D         E           22           GLN           53.21           588    548      0     8.499     8.254     1.000     0.1034      0.0000      0.0000      0.0000
496     D         E           23           THR           81.61           588    548      3     8.499     8.254     1.000     0.1333      0.4414      0.4270      0.0108
497     D         E           24           VAL           93.52           588    548    239     8.499     8.254     5.731     0.5136      0.6100      0.5966      0.4258
498     D         E           25           THR           95.01           588    548    248     8.499     8.254     5.830     0.6277      0.7349      0.7238      0.5754
499     D         E           26           GLN           94.98           588    548    247     8.499     8.254     5.819     0.6017      0.7043      0.6925      0.5368
500     D         E           27           SER           93.31           588    548    223     8.499     8.254     5.547     0.4755      0.5759      0.5621      0.3750
501     D         E           28           GLN           93.11           588    548    240     8.499     8.254     5.742     0.5007      0.5921      0.5783      0.4046
502     D         E           29           PRO           93.55           588    548    246     8.499     8.254     5.808     0.5630      0.6584      0.6455      0.4799
503     D         E           30           GLU           94.76           588    548    248     8.499     8.254     5.830     0.5941      0.6918      0.6796      0.5201
504     D         E           31           MET           96.05           588    548    254     8.499     8.254     5.895     0.6412      0.7395      0.7285      0.5849
505     D         E           32           SER           95.01           588    548    254     8.499     8.254     5.895     0.6164      0.7085      0.6967      0.5458
506     D         E           33           VAL           95.58           588    548    256     8.499     8.254     5.917     0.6482      0.7423      0.7314      0.5898
507     D         E           34           GLN           95.05           588    548    256     8.499     8.254     5.917     0.6225      0.7105      0.6987      0.5496
508     D         E           35           GLU           94.47           588    548    254     8.499     8.254     5.895     0.5919      0.6779      0.6654      0.5089
509     D         E           36           ALA           94.97           588    548    253     8.499     8.254     5.884     0.5696      0.6514      0.6384      0.4788
510     D         E           37           GLU           95.72           588    548    250     8.499     8.254     5.852     0.5544      0.6380      0.6248      0.4609
511     D         E           38           THR           96.73           588    548    257     8.499     8.254     5.927     0.6312      0.7201      0.7086      0.5631
512     D         E           39           VAL           96.67           588    548    256     8.499     8.254     5.917     0.6278      0.7175      0.7059      0.5588
513     D         E           40           THR           96.87           588    548    257     8.499     8.254     5.927     0.6598      0.7548      0.7443      0.6080
514     D         E           41           LEU           96.96           588    548    259     8.499     8.254     5.949     0.6844      0.7799      0.7703      0.6442
515     D         E           42           SER           96.24           588    548    247     8.499     8.254     5.819     0.5756      0.6719      0.6593      0.4964
516     D         E           43           CYS           96.44           588    548    251     8.499     8.254     5.863     0.6356      0.7386      0.7276      0.5817
517     D         E           44           THR           96.31           588    548    251     8.499     8.254     5.863     0.6492      0.7531      0.7426      0.6007
518     D         E           45           TYR           94.95           588    548    251     8.499     8.254     5.863     0.6604      0.7668      0.7567      0.6193
519     D         E           46           ASP           91.43           588    548    245     8.499     8.254     5.797     0.5538      0.6515      0.6387      0.4744
520     D         E           47           THR           85.88           588    548    231     8.499     8.254     5.640     0.4981      0.6006      0.5872      0.4086
521     D         E           48           SER           73.91           588    548    190     8.499     8.254     5.136     0.4474      0.5723      0.5585      0.3385
522     D         E           49           GLU           71.67           588    548    193     8.499     8.254     5.175     0.4456      0.5678      0.5541      0.3383
523     D         E           50           SER           64.28           588    548    174     8.499     8.254     4.918     0.4249      0.5538      0.5400      0.3044
524     D         E           51           ASP           68.82           588    548    208     8.499     8.254     5.366     0.4610      0.5753      0.5617      0.3627
525     D         E           52           TYR           77.59           588    548    247     8.499     8.254     5.819     0.6045      0.7105      0.6990      0.5480
526     D         E           53           TYR           84.24           588    548    252     8.499     8.254     5.874     0.6628      0.7680      0.7581      0.6251
527     D         E           54           LEU           92.39           588    548    258     8.499     8.254     5.938     0.7088      0.8107      0.8022      0.6891
528     D         E           55           PHE           94.18           588    548    259     8.499     8.254     5.949     0.7216      0.8235      0.8155      0.7083
529     D         E           56           TRP           96.45           588    548    263     8.499     8.254     5.991     0.7467      0.8439      0.8368      0.7421
530     D         E           57           TYR           96.26           588    548    262     8.499     8.254     5.980     0.7464      0.8469      0.8398      0.7453
531     D         E           58           LYS           96.68           588    548    259     8.499     8.254     5.949     0.7228      0.8261      0.8181      0.7114
532     D         E           59           GLN           96.33           588    548    258     8.499     8.254     5.938     0.7258      0.8324      0.8247      0.7202
533     D         E           60           PRO           94.26           588    548    254     8.499     8.254     5.895     0.6770      0.7829      0.7733      0.6447
534     D         E           61           PRO           90.44           588    548    251     8.499     8.254     5.863     0.6436      0.7492      0.7385      0.5960
535     D         E           62           SER           87.38           588    548    242     8.499     8.254     5.764     0.5488      0.6500      0.6372      0.4719
536     D         E           63           ARG           90.19           588    548    245     8.499     8.254     5.797     0.5646      0.6686      0.6562      0.4967
537     D         E           64           GLN           91.93           588    548    245     8.499     8.254     5.797     0.6054      0.7161      0.7047      0.5517
538     D         E           65           MET           94.82           588    548    251     8.499     8.254     5.863     0.6893      0.8037      0.7949      0.6734
539     D         E           66           ILE           94.81           588    548    255     8.499     8.254     5.906     0.7082      0.8163      0.8080      0.6947
540     D         E           67           LEU           94.99           588    548    258     8.499     8.254     5.938     0.7101      0.8132      0.8048      0.6936
541     D         E           68           VAL           95.63           588    548    255     8.499     8.254     5.906     0.6917      0.7969      0.7879      0.6665
542     D         E           69           ILE           94.96           588    548    252     8.499     8.254     5.874     0.6492      0.7509      0.7403      0.5999
543     D         E           70           ARG           91.89           588    548    248     8.499     8.254     5.830     0.6112      0.7128      0.7012      0.5485
544     D         E           71           GLN           89.45           588    548    250     8.499     8.254     5.852     0.6279      0.7298      0.7187      0.5718
545     D         E           72           GLU           80.20           588    548    245     8.499     8.254     5.797     0.5584      0.6562      0.6435      0.4801
546     D         E           73           ALA           78.46           588    548    219     8.499     8.254     5.500     0.4743      0.5783      0.5647      0.3763
547     D         E           74           TYR           65.87           588    548    163     8.499     8.254     4.759     0.4136      0.5487      0.5348      0.2858
548     D         E           75           LYS           67.95           588    548     66     8.499     8.254     2.798     0.3166      0.5141      0.4999      0.1091
549     D         E           76           GLN           72.52           588    548     10     8.499     8.254     1.000     0.2210      0.5270      0.5126      0.0158
550     D         E           77           GLN           82.35           588    548     39     8.499     8.254     1.777     0.3085      0.4826      0.4683      0.0406
551     D         E           78           ASN           90.51           588    548    230     8.499     8.254     5.629     0.4493      0.5290      0.5146      0.3336
552     D         E           79           ALA           89.17           588    548    224     8.499     8.254     5.559     0.4550      0.5392      0.5249      0.3377
553     D         E           80           THR           90.47           588    548    204     8.499     8.254     5.316     0.4359      0.5274      0.5131      0.3083
554     D         E           81           GLU           89.36           588    548    159     8.499     8.254     4.699     0.3957      0.5030      0.4886      0.2400
555     D         E           82           ASN           90.96           588    548     94     8.499     8.254     3.521     0.3543      0.4920      0.4776      0.1456
556     D         E           83           ARG           95.17           588    548    243     8.499     8.254     5.775     0.5109      0.5942      0.5805      0.4093
557     D         E           84           PHE           96.29           588    548    254     8.499     8.254     5.895     0.6330      0.7263      0.7150      0.5681
558     D         E           85           SER           96.14           588    548    253     8.499     8.254     5.884     0.5954      0.6823      0.6699      0.5140
559     D         E           86           VAL           95.86           588    548    252     8.499     8.254     5.874     0.6100      0.7024      0.6904      0.5373
560     D         E           87           ASN           95.77           588    548    253     8.499     8.254     5.884     0.6268      0.7219      0.7104      0.5620
561     D         E           88           PHE           94.84           588    548    252     8.499     8.254     5.874     0.6380      0.7374      0.7264      0.5814
562     D         E           89           GLN           93.97           588    548    249     8.499     8.254     5.841     0.5969      0.6933      0.6812      0.5235
563     D         E           90           LYS           90.62           588    548    247     8.499     8.254     5.819     0.5740      0.6716      0.6590      0.4971
564     D         E           91           ALA           90.74           588    548    241     8.499     8.254     5.753     0.5111      0.6007      0.5871      0.4154
565     D         E           92           ALA           93.76           588    548    241     8.499     8.254     5.753     0.5208      0.6139      0.6005      0.4289
566     D         E           93           LYS           94.18           588    548    247     8.499     8.254     5.819     0.5952      0.6963      0.6842      0.5258
567     D         E           94           SER           95.55           588    548    248     8.499     8.254     5.830     0.5925      0.6906      0.6784      0.5195
568     D         E           95           PHE           96.10           588    548    252     8.499     8.254     5.874     0.6578      0.7616      0.7512      0.6126
569     D         E           96           SER           96.43           588    548    253     8.499     8.254     5.884     0.6237      0.7183      0.7067      0.5574
570     D         E           97           LEU           97.06           588    548    260     8.499     8.254     5.959     0.6917      0.7860      0.7766      0.6538
571     D         E           98           LYS           96.99           588    548    260     8.499     8.254     5.959     0.6703      0.7603      0.7500      0.6178
572     D         E           99           ILE           96.98           588    548    260     8.499     8.254     5.959     0.6848      0.7777      0.7679      0.6408
573     D         E          100           SER           95.68           588    548    252     8.499     8.254     5.874     0.5695      0.6526      0.6396      0.4789
574     D         E          101           ASP           95.64           588    548    254     8.499     8.254     5.895     0.5955      0.6803      0.6679      0.5125
575     D         E          102           SER           95.79           588    548    259     8.499     8.254     5.949     0.6404      0.7263      0.7150      0.5725
576     D         E          103           GLN           94.85           588    548    258     8.499     8.254     5.938     0.6724      0.7650      0.7548      0.6215
577     D         E          104           LEU           93.69           588    548    259     8.499     8.254     5.949     0.6901      0.7853      0.7757      0.6501
578     D         E          105           GLY           93.39           588    548    256     8.499     8.254     5.917     0.6719      0.7697      0.7596      0.6263
579     D         E          106           ASP           95.75           588    548    259     8.499     8.254     5.949     0.7108      0.8100      0.8014      0.6858
580     D         E          107           ALA           95.31           588    548    261     8.499     8.254     5.970     0.7130      0.8091      0.8004      0.6867
581     D         E          108           ALA           96.11           588    548    257     8.499     8.254     5.927     0.7038      0.8070      0.7983      0.6806
582     D         E          109           MET           96.50           588    548    260     8.499     8.254     5.959     0.7242      0.8254      0.8174      0.7104
583     D         E          110           TYR           97.30           588    548    262     8.499     8.254     5.980     0.7528      0.8535      0.8467      0.7550
584     D         E          111           PHE           96.76           588    548    261     8.499     8.254     5.970     0.7434      0.8452      0.8381      0.7419
585     D         E          112           CYS           96.30           588    548    256     8.499     8.254     5.917     0.6996      0.8037      0.7949      0.6760
586     D         E          113           ALA           94.82           588    548    254     8.499     8.254     5.895     0.6899      0.7958      0.7867      0.6635
587     D         E          114           TYR           91.84           588    548    251     8.499     8.254     5.863     0.6869      0.7992      0.7903      0.6667
588     D         E          115           ARG           86.11           588    548    245     8.499     8.254     5.797     0.6037      0.7128      0.7015      0.5504
589     D         E          116           SER           75.02           588    548    237     8.499     8.254     5.708     0.5352      0.6444      0.6318      0.4657
590     D         E          117           ALA           63.63           588    548    136     8.499     8.254     4.333     0.4085      0.5900      0.5766      0.2887
591     D         E          118           LEU           55.21           588    548     41     8.499     8.254     1.873     0.2537      0.5555      0.5414      0.0612
592     D         E          119           SER           57.67           588    548     28     8.499     8.254     1.116     0.2024      0.5009      0.4865      0.0176
593     D         E          120           TYR           56.39           588    548     17     8.499     8.254     1.000     0.1817      0.5179      0.5035      0.0151
594     D         E          121           ASN           59.75           588    548     13     8.499     8.254     1.000     0.1737      0.5129      0.4984      0.0146
595     D         E          122           ASP           68.83           588    548     17     8.499     8.254     1.000     0.1836      0.4902      0.4758      0.0135
596     D         E          123           MET           83.60           588    548    127     8.499     8.254     4.177     0.4001      0.6300      0.6172      0.3137
597     D         E          124           ARG           90.84           588    548    245     8.499     8.254     5.797     0.5948      0.7054      0.6940      0.5431
598     D         E          125           PHE           94.01           588    548    251     8.499     8.254     5.863     0.6826      0.7951      0.7860      0.6619
599     D         E          126           GLY           94.68           588    548    248     8.499     8.254     5.830     0.6340      0.7437      0.7331      0.5907
600     D         E          127           ALA           94.78           588    548    248     8.499     8.254     5.830     0.6266      0.7326      0.7215      0.5737
601     D         E          128           GLY           95.41           588    548    248     8.499     8.254     5.830     0.6110      0.7146      0.7030      0.5506
602     D         E          129           THR           96.53           588    548    259     8.499     8.254     5.949     0.7091      0.8099      0.8013      0.6864
603     D         E          130           ARG           96.07           588    548    260     8.499     8.254     5.959     0.7164      0.8158      0.8074      0.6954
604     D         E          131           LEU           96.65           588    548    261     8.499     8.254     5.970     0.7228      0.8218      0.8136      0.7053
605     D         E          132           THR           95.10           588    548    259     8.499     8.254     5.949     0.7021      0.8004      0.7914      0.6714
606     D         E          133           VAL           95.33           588    548    260     8.499     8.254     5.959     0.6986      0.7938      0.7846      0.6632
607     D         E          134           LYS           94.80           588    548    257     8.499     8.254     5.927     0.6541      0.7463      0.7354      0.5955
608     D         E          135           PRO           94.03           588    548    252     8.499     8.254     5.874     0.5843      0.6711      0.6586      0.5006
609     D         E          136           ASN           92.20           588    548    243     8.499     8.254     5.775     0.5121      0.5927      0.5790      0.4094
610     D         E          137           ILE           90.77           588    548    227     8.499     8.254     5.594     0.4715      0.5539      0.5399      0.3567
611     D         E          138           GLN           86.89           588    548     63     8.499     8.254     2.706     0.3310      0.5213      0.5071      0.1040
612     D         E          139           ASN           89.16           588    548     66     8.499     8.254     2.798     0.3278      0.5304      0.5163      0.1165
613     D         E          140           PRO           90.32           588    548    140     8.499     8.254     4.400     0.4241      0.5691      0.5554      0.2767
614     D         E          141           ASP           92.31           588    548    201     8.499     8.254     5.278     0.4878      0.5927      0.5794      0.3748
615     D         E          142           PRO           92.59           588    548    256     8.499     8.254     5.917     0.5628      0.6345      0.6219      0.4726
616     D         E          143           ALA           92.51           588    548    257     8.499     8.254     5.927     0.5718      0.6446      0.6321      0.4846
617     D         E          144           VAL           93.10           588    548    263     8.499     8.254     5.991     0.6594      0.7375      0.7270      0.5982
618     D         E          145           TYR           93.19           588    548    264     8.499     8.254     6.001     0.6557      0.7326      0.7220      0.5939
619     D         E          146           GLN           91.51           588    548    262     8.499     8.254     5.980     0.6287      0.7039      0.6927      0.5586
620     D         E          147           LEU           91.24           588    548    259     8.499     8.254     5.949     0.6026      0.6777      0.6660      0.5270
621     D         E          148           ARG           88.36           588    548    170     8.499     8.254     4.861     0.4699      0.6137      0.6009      0.3650
622     D         E          149           ASP           83.87           588    548     88     8.499     8.254     3.382     0.3416      0.5794      0.5659      0.1961
623     D         E          150           SER           81.58           588    548     67     8.499     8.254     2.828     0.2983      0.5557      0.5417      0.1313
624     D         E          151           LYS           80.80           588    548     76     8.499     8.254     3.081     0.3101      0.5467      0.5327      0.1466
625     D         E          152           SER           79.39           588    548     50     8.499     8.254     2.256     0.2858      0.5141      0.4999      0.0737
626     D         E          153           SER           83.08           588    548     61     8.499     8.254     2.643     0.3072      0.5263      0.5122      0.1036
627     D         E          154           ASP           86.85           588    548    105     8.499     8.254     3.757     0.3504      0.5318      0.5177      0.1902
628     D         E          155           LYS           89.68           588    548    189     8.499     8.254     5.123     0.4939      0.6269      0.6139      0.3940
629     D         E          156           SER           90.52           588    548    239     8.499     8.254     5.731     0.5612      0.6513      0.6389      0.4759
630     D         E          157           VAL           93.44           588    548    259     8.499     8.254     5.949     0.6350      0.7192      0.7083      0.5738
631     D         E          158           CYS           93.25           588    548    264     8.499     8.254     6.001     0.6790      0.7612      0.7514      0.6307
632     D         E          159           LEU           93.95           588    548    264     8.499     8.254     6.001     0.7025      0.7861      0.7769      0.6616
633     D         E          160           PHE           93.75           588    548    264     8.499     8.254     6.001     0.6884      0.7713      0.7617      0.6422
634     D         E          161           THR           92.81           588    548    251     8.499     8.254     5.863     0.5586      0.6380      0.6255      0.4733
635     D         E          162           ASP           90.23           588    548    216     8.499     8.254     5.464     0.5027      0.6018      0.5887      0.4005
636     D         E          163           PHE           91.75           588    548    253     8.499     8.254     5.884     0.5525      0.6292      0.6164      0.4622
637     D         E          164           ASP           89.86           588    548    183     8.499     8.254     5.042     0.4522      0.5596      0.5457      0.3195
638     D         E          165           SER           89.37           588    548    202     8.499     8.254     5.291     0.4669      0.5634      0.5495      0.3420
639     D         E          166           GLN           87.59           588    548    200     8.499     8.254     5.266     0.4578      0.5530      0.5390      0.3296
640     D         E          167           THR           87.47           588    548    208     8.499     8.254     5.366     0.4665      0.5608      0.5468      0.3444
641     D         E          168           ASN           87.66           588    548    219     8.499     8.254     5.500     0.4786      0.5702      0.5563      0.3651
642     D         E          169           VAL           87.84           588    548    222     8.499     8.254     5.535     0.4874      0.5774      0.5636      0.3752
643     D         E          170           SER           86.36           588    548    158     8.499     8.254     4.684     0.4137      0.5421      0.5280      0.2735
644     D         E          171           GLN           85.28           588    548    154     8.499     8.254     4.623     0.4062      0.5361      0.5221      0.2638
645     D         E          172           SER           84.05           588    548     99     8.499     8.254     3.631     0.3591      0.5291      0.5150      0.1788
646     D         E          173           LYS           81.81           588    548     67     8.499     8.254     2.828     0.3232      0.5307      0.5165      0.1174
647     D         E          174           ASP           83.91           588    548    110     8.499     8.254     3.858     0.3691      0.5324      0.5184      0.2007
648     D         E          175           SER           85.38           588    548    140     8.499     8.254     4.400     0.4010      0.5542      0.5403      0.2616
649     D         E          176           ASP           88.42           588    548    172     8.499     8.254     4.889     0.4512      0.5894      0.5759      0.3354
650     D         E          177           VAL           90.20           588    548    257     8.499     8.254     5.927     0.6067      0.6888      0.6771      0.5335
651     D         E          178           TYR           92.07           588    548    259     8.499     8.254     5.949     0.6463      0.7343      0.7235      0.5888
652     D         E          179           ILE           92.25           588    548    261     8.499     8.254     5.970     0.6701      0.7579      0.7478      0.6205
653     D         E          180           THR           91.86           588    548    256     8.499     8.254     5.917     0.6289      0.7188      0.7075      0.5656
654     D         E          181           ASP           90.94           588    548    254     8.499     8.254     5.895     0.5972      0.6848      0.6728      0.5235
655     D         E          182           LYS           92.26           588    548    256     8.499     8.254     5.917     0.6058      0.6902      0.6784      0.5328
656     D         E          183           THR           93.04           588    548    259     8.499     8.254     5.949     0.6276      0.7108      0.6995      0.5593
657     D         E          184           VAL           93.44           588    548    261     8.499     8.254     5.970     0.6553      0.7386      0.7279      0.5947
658     D         E          185           LEU           92.47           588    548    259     8.499     8.254     5.949     0.5935      0.6681      0.6559      0.5106
659     D         E          186           ASP           92.54           588    548    260     8.499     8.254     5.959     0.5947      0.6687      0.6565      0.5121
660     D         E          187           MET           91.76           588    548    260     8.499     8.254     5.959     0.5943      0.6672      0.6551      0.5113
661     D         E          188           ARG           89.66           588    548    242     8.499     8.254     5.764     0.5354      0.6152      0.6023      0.4399
662     D         E          189           SER           89.65           588    548    162     8.499     8.254     4.744     0.4445      0.5749      0.5614      0.3131
663     D         E          190           MET           89.38           588    548    157     8.499     8.254     4.669     0.4495      0.5841      0.5707      0.3163
664     D         E          191           ASP           90.52           588    548    203     8.499     8.254     5.304     0.4851      0.5830      0.5697      0.3686
665     D         E          192           PHE           92.46           588    548    260     8.499     8.254     5.959     0.5806      0.6514      0.6389      0.4932
666     D         E          193           LYS           92.92           588    548    261     8.499     8.254     5.970     0.6204      0.6963      0.6847      0.5452
667     D         E          194           SER           93.76           588    548    258     8.499     8.254     5.938     0.6008      0.6793      0.6674      0.5234
668     D         E          195           ASN           94.10           588    548    261     8.499     8.254     5.970     0.6649      0.7508      0.7406      0.6124
669     D         E          196           SER           94.03           588    548    258     8.499     8.254     5.938     0.6158      0.6990      0.6876      0.5484
670     D         E          197           ALA           94.15           588    548    264     8.499     8.254     6.001     0.6864      0.7711      0.7615      0.6427
671     D         E          198           VAL           94.52           588    548    264     8.499     8.254     6.001     0.6919      0.7764      0.7670      0.6496
672     D         E          199           ALA           93.73           588    548    264     8.499     8.254     6.001     0.6951      0.7795      0.7701      0.6533
673     D         E          200           TRP           94.06           588    548    264     8.499     8.254     6.001     0.6913      0.7757      0.7663      0.6483
674     D         E          201           SER           91.86           588    548    255     8.499     8.254     5.906     0.5906      0.6724      0.6605      0.5151
675     D         E          202           ASN           88.64           588    548    170     8.499     8.254     4.861     0.4471      0.5846      0.5711      0.3286
676     D         E          203           LYS           86.22           588    548    153     8.499     8.254     4.608     0.4128      0.5525      0.5386      0.2765
677     D         E          204           SER           85.13           588    548     97     8.499     8.254     3.587     0.3556      0.5327      0.5184      0.1745
678     D         E          205           ASP           86.70           588    548     94     8.499     8.254     3.521     0.3491      0.5291      0.5148      0.1661
679     D         E          206           PHE           88.32           588    548    179     8.499     8.254     4.987     0.4616      0.5861      0.5725      0.3396
680     D         E          207           ALA           88.08           588    548    174     8.499     8.254     4.918     0.4524      0.5823      0.5687      0.3305
681     D         E          208           CYS           88.11           588    548    186     8.499     8.254     5.083     0.4782      0.6062      0.5929      0.3694
682     D         E          209           ALA           87.28           588    548    165     8.499     8.254     4.788     0.4486      0.5892      0.5756      0.3259
683     D         E          210           ASN           86.69           588    548    139     8.499     8.254     4.383     0.4097      0.5604      0.5465      0.2619
684     D         E          211           ALA           84.72           588    548    180     8.499     8.254     5.001     0.4588      0.5784      0.5646      0.3326
685     D         E          212           PHE           87.67           588    548    214     8.499     8.254     5.439     0.4937      0.5908      0.5773      0.3832
686     D         E          213           ASN           86.05           588    548    137     8.499     8.254     4.350     0.4125      0.5659      0.5519      0.2630
687     D         E          214           ASN           86.08           588    548    114     8.499     8.254     3.936     0.3794      0.5331      0.5188      0.2016
688     D         E          215           SER           84.38           588    548     81     8.499     8.254     3.211     0.3479      0.5080      0.4935      0.1306
689     D         E          216           ILE           84.46           588    548     66     8.499     8.254     2.798     0.3313      0.4957      0.4812      0.0979
690     D         E          217           ILE           85.18           588    548     54     8.499     8.254     2.405     0.3126      0.4955      0.4810      0.0741
691     D         E          218           PRO           85.02           588    548     63     8.499     8.254     2.706     0.3237      0.4918      0.4773      0.0909
692     D         E          219           GLU           83.21           588    548     33     8.499     8.254     1.450     0.2845      0.4844      0.4700      0.0273
693     D         E          220           ASP           86.78           588    548     46     8.499     8.254     2.095     0.2925      0.5020      0.4876      0.0605
694     D         E          221           THR           86.11           588    548    103     8.499     8.254     3.715     0.3803      0.5413      0.5272      0.1937
695     D         E          222           PHE           88.59           588    548    129     8.499     8.254     4.213     0.4063      0.5483      0.5343      0.2404
696     D         E          223           PHE           87.57           588    548    144     8.499     8.254     4.465     0.4222      0.5549      0.5410      0.2669
697     D         E          224           PRO           84.09           588    548     55     8.499     8.254     2.441     0.3089      0.5225      0.5083      0.0887
698     D         E          225           SER           79.21           588    548     18     8.499     8.254     1.000     0.2253      0.5345      0.5205      0.0173
699     D         E          226           PRO           74.08           588    548     10     8.499     8.254     1.000     0.1851      0.5278      0.5135      0.0161
700     D         E          227           GLU           67.35           588    548      5     8.499     8.254     1.000     0.1457      0.4999      0.4855      0.0140
701     D         E          228           SER           66.58           588    548      4     8.499     8.254     1.000     0.1175      0.4600      0.4455      0.0117
702     D         E          229           SER           74.36           588    548     10     8.499     8.254     1.000     0.1422      0.5112      0.4968      0.0148
703     D         E          230           CYS           78.93           588    548     34     8.499     8.254     1.509     0.2270      0.5421      0.5281      0.0400
704     D         E          231           ASP           84.09           588    548     70     8.499     8.254     2.916     0.3360      0.5929      0.5794      0.1602
705     D         E          232           VAL           86.29           588    548    100     8.499     8.254     3.652     0.3913      0.5896      0.5761      0.2252
706     D         E          233           LYS           84.54           588    548     97     8.499     8.254     3.587     0.3945      0.6045      0.5912      0.2310
707     D         E          234           LEU           84.65           588    548    101     8.499     8.254     3.673     0.4148      0.6224      0.6094      0.2537
708     D         E          235           VAL           85.95           588    548    122     8.499     8.254     4.087     0.4418      0.6173      0.6045      0.2964
709     D         E          236           GLU           83.45           588    548    108     8.499     8.254     3.818     0.4180      0.6155      0.6024      0.2642
710     D         E          237           LYS           85.82           588    548    117     8.499     8.254     3.994     0.4293      0.6117      0.5985      0.2768
711     D         E          238           SER           83.12           588    548    100     8.499     8.254     3.652     0.4009      0.6118      0.5986      0.2441
712     D         E          239           PHE           85.12           588    548    111     8.499     8.254     3.878     0.4192      0.6125      0.5993      0.2667
713     D         E          240           GLU           83.76           588    548     84     8.499     8.254     3.286     0.3580      0.6062      0.5928      0.2030
714     D         E          241           THR           84.65           588    548     91     8.499     8.254     3.452     0.3700      0.5959      0.5823      0.2089
715     D         E          242           ASP           84.90           588    548     76     8.499     8.254     3.081     0.3299      0.5612      0.5472      0.1516
716     D         E          243           THR           86.83           588    548    100     8.499     8.254     3.652     0.3668      0.5700      0.5561      0.2078
717     D         E          244           ASN           86.41           588    548     96     8.499     8.254     3.565     0.3620      0.5804      0.5668      0.2093
718     D         E          245           LEU           85.34           588    548    103     8.499     8.254     3.715     0.3852      0.6050      0.5916      0.2434
719     D         E          246           ASN           84.19           588    548    108     8.499     8.254     3.818     0.3938      0.6056      0.5923      0.2530
720     D         E          247           PHE           86.75           588    548     99     8.499     8.254     3.631     0.3719      0.5935      0.5799      0.2254
721     D         E          248           GLN           85.55           588    548    105     8.499     8.254     3.757     0.3875      0.6055      0.5921      0.2470
722     D         E          249           ASN           85.16           588    548    106     8.499     8.254     3.777     0.3847      0.5978      0.5845      0.2450
723     D         E          250           LEU           85.44           588    548    103     8.499     8.254     3.715     0.3751      0.5909      0.5775      0.2343
724     D         E          251           SER           89.79           588    548     97     8.499     8.254     3.587     0.3659      0.6064      0.5933      0.2375
725     D         E          252           VAL           88.46           588    548     95     8.499     8.254     3.543     0.3611      0.6104      0.5974      0.2373
726     D         E          253           ILE           87.29           588    548     92     8.499     8.254     3.475     0.3539      0.5988      0.5855      0.2182
727     D         E          254           GLY           85.95           588    548     91     8.499     8.254     3.452     0.3471      0.5994      0.5862      0.2192
728     D         E          255           PHE           88.71           588    548     85     8.499     8.254     3.310     0.3428      0.6078      0.5947      0.2114
729     D         E          256           ARG           88.33           588    548     85     8.499     8.254     3.310     0.3452      0.6147      0.6018      0.2183
730     D         E          257           ILE           88.29           588    548     81     8.499     8.254     3.211     0.3295      0.6102      0.5971      0.2032
731     D         E          258           LEU           89.00           588    548     75     8.499     8.254     3.054     0.3260      0.6175      0.6046      0.1943
732     D         E          259           LEU           87.56           588    548     73     8.499     8.254     3.000     0.3259      0.6380      0.6256      0.2067
733     D         E          260           LEU           88.18           588    548     72     8.499     8.254     2.972     0.3224      0.6388      0.6263      0.2062
734     D         E          261           LYS           87.11           588    548     69     8.499     8.254     2.887     0.3140      0.6324      0.6198      0.1896
735     D         E          262           VAL           87.51           588    548     64     8.499     8.254     2.738     0.3126      0.6544      0.6422      0.1911
736     D         E          263           ALA           85.86           588    548     59     8.499     8.254     2.578     0.3045      0.6661      0.6540      0.1814
737     D         E          264           GLY           88.69           588    548     56     8.499     8.254     2.476     0.2918      0.6676      0.6555      0.1690
738     D         E          265           PHE           91.28           588    548     55     8.499     8.254     2.441     0.2899      0.6676      0.6554      0.1638
739     D         E          266           ASN           87.34           588    548     57     8.499     8.254     2.510     0.2906      0.6662      0.6542      0.1739
740     D         E          267           LEU           90.61           588    548     51     8.499     8.254     2.294     0.2850      0.6832      0.6711      0.1539
741     D         E          268           LEU           89.97           588    548     54     8.499     8.254     2.405     0.2845      0.6725      0.6604      0.1632
742     D         E          269           MET           85.74           588    548     49     8.499     8.254     2.217     0.2793      0.7052      0.6937      0.1612
743     D         E          270           THR           87.57           588    548     48     8.499     8.254     2.177     0.2728      0.6792      0.6670      0.1385
744     D         E          271           LEU           88.47           588    548     48     8.499     8.254     2.177     0.2684      0.6790      0.6669      0.1393
745     D         E          272           ARG           87.60           588    548     47     8.499     8.254     2.137     0.2533      0.6587      0.6462      0.1239
746     D         E          273           LEU           81.52           588    548     42     8.499     8.254     1.920     0.2443      0.6489      0.6361      0.0979
747     D         E          274           TRP           83.95           588    548     33     8.499     8.254     1.450     0.2056      0.6118      0.5985      0.0497
748     D         E          275           SER           83.87           588    548     17     8.499     8.254     1.000     0.1468      0.5151      0.5009      0.0155
749     D         E          276           SER           71.17           588    548      1     8.499     8.254     1.000     0.0997      0.4243      0.4101      0.0101
750     E         A            1           MET           23.15           677      0      0     9.007     1.000     1.000     0.0750      0.0000      0.0000      0.0000
751     E         A            2           SER           27.00           677      0      0     9.007     1.000     1.000     0.0751      0.0000      0.0000      0.0000
752     E         A            3           ILE           31.11           677      0      0     9.007     1.000     1.000     0.0752      0.0000      0.0000      0.0000
753     E         A            4           GLY           30.60           677      0      0     9.007     1.000     1.000     0.0752      0.0000      0.0000      0.0000
754     E         A            5           LEU           27.94           677      0      0     9.007     1.000     1.000     0.0755      0.0000      0.0000      0.0000
755     E         A            6           LEU           27.76           677      0      0     9.007     1.000     1.000     0.0757      0.0000      0.0000      0.0000
756     E         A            7           CYS           26.37           677      0      0     9.007     1.000     1.000     0.0758      0.0000      0.0000      0.0000
757     E         A            8           CYS           26.03           677      0      0     9.007     1.000     1.000     0.0762      0.0000      0.0000      0.0000
758     E         A            9           ALA           29.48           677      0      0     9.007     1.000     1.000     0.0766      0.0000      0.0000      0.0000
759     E         A           10           ALA           29.68           677      0      0     9.007     1.000     1.000     0.0766      0.0000      0.0000      0.0000
760     E         A           11           LEU           26.55           677      0      0     9.007     1.000     1.000     0.0769      0.0000      0.0000      0.0000
761     E         A           12           SER           27.17           677      0      0     9.007     1.000     1.000     0.0773      0.0000      0.0000      0.0000
762     E         A           13           LEU           24.83           677      0      0     9.007     1.000     1.000     0.0773      0.0000      0.0000      0.0000
763     E         A           14           LEU           27.10           677      0      0     9.007     1.000     1.000     0.0777      0.0000      0.0000      0.0000
764     E         A           15           TRP           28.65           677      0      0     9.007     1.000     1.000     0.0780      0.0000      0.0000      0.0000
765     E         A           16           ALA           32.17           677      0      0     9.007     1.000     1.000     0.0783      0.0000      0.0000      0.0000
766     E         A           17           GLY           33.99           677      0      0     9.007     1.000     1.000     0.0785      0.0000      0.0000      0.0000
767     E         A           18           PRO           31.83           677      0      0     9.007     1.000     1.000     0.0790      0.0000      0.0000      0.0000
768     E         A           19           VAL           38.22           677      0      0     9.007     1.000     1.000     0.0802      0.0000      0.0000      0.0000
769     E         A           20           ASN           45.10           677      0      0     9.007     1.000     1.000     0.0818      0.0000      0.0000      0.0000
770     E         A           21           ALA           57.56           677      0      0     9.007     1.000     1.000     0.0852      0.0000      0.0000      0.0000
771     E         A           22           GLY           86.54           677      0      0     9.007     1.000     1.000     0.1013      0.0000      0.0000      0.0000
772     E         A           23           VAL           94.96           677      0      0     9.007     1.000     1.000     0.1356      0.0000      0.0000      0.0000
773     E         A           24           THR           95.96           677      0      0     9.007     1.000     1.000     0.1429      0.0000      0.0000      0.0000
774     E         A           25           GLN           95.94           677      0      0     9.007     1.000     1.000     0.1402      0.0000      0.0000      0.0000
775     E         A           26           THR           94.92           677      0      0     9.007     1.000     1.000     0.1373      0.0000      0.0000      0.0000
776     E         A           27           PRO           95.09           677      0      0     9.007     1.000     1.000     0.1327      0.0000      0.0000      0.0000
777     E         A           28           LYS           95.07           677      0      0     9.007     1.000     1.000     0.1394      0.0000      0.0000      0.0000
778     E         A           29           PHE           96.02           677      0      0     9.007     1.000     1.000     0.1380      0.0000      0.0000      0.0000
779     E         A           30           GLN           96.31           677      0      0     9.007     1.000     1.000     0.1383      0.0000      0.0000      0.0000
780     E         A           31           VAL           95.70           677      0      0     9.007     1.000     1.000     0.1376      0.0000      0.0000      0.0000
781     E         A           32           LEU           94.97           677      0      0     9.007     1.000     1.000     0.1367      0.0000      0.0000      0.0000
782     E         A           33           LYS           94.56           677      0      0     9.007     1.000     1.000     0.1370      0.0000      0.0000      0.0000
783     E         A           34           THR           94.93           677      0      0     9.007     1.000     1.000     0.1346      0.0000      0.0000      0.0000
784     E         A           35           GLY           94.37           677      0      0     9.007     1.000     1.000     0.1288      0.0000      0.0000      0.0000
785     E         A           36           GLN           93.26           677      0      0     9.007     1.000     1.000     0.1329      0.0000      0.0000      0.0000
786     E         A           37           SER           94.11           677      0      0     9.007     1.000     1.000     0.1376      0.0000      0.0000      0.0000
787     E         A           38           MET           95.13           677      0      0     9.007     1.000     1.000     0.1341      0.0000      0.0000      0.0000
788     E         A           39           THR           96.32           677      0      0     9.007     1.000     1.000     0.1452      0.0000      0.0000      0.0000
789     E         A           40           LEU           96.79           677      0      0     9.007     1.000     1.000     0.1470      0.0000      0.0000      0.0000
790     E         A           41           GLN           96.47           677      0      0     9.007     1.000     1.000     0.1450      0.0000      0.0000      0.0000
791     E         A           42           CYS           96.48           677      0      0     9.007     1.000     1.000     0.1445      0.0000      0.0000      0.0000
792     E         A           43           ALA           96.15           677      0      0     9.007     1.000     1.000     0.1441      0.0000      0.0000      0.0000
793     E         A           44           GLN           94.54           677      0      0     9.007     1.000     1.000     0.1376      0.0000      0.0000      0.0000
794     E         A           45           ASP           91.76           677      0      0     9.007     1.000     1.000     0.1384      0.0000      0.0000      0.0000
795     E         A           46           MET           88.26           677      0      0     9.007     1.000     1.000     0.1390      0.0000      0.0000      0.0000
796     E         A           47           ASN           80.98           677      0      0     9.007     1.000     1.000     0.1380      0.0000      0.0000      0.0000
797     E         A           48           HIS           83.62           677      0      0     9.007     1.000     1.000     0.1429      0.0000      0.0000      0.0000
798     E         A           49           GLU           77.96           677      0      0     9.007     1.000     1.000     0.1453      0.0000      0.0000      0.0000
799     E         A           50           TYR           85.18           677      0      0     9.007     1.000     1.000     0.1592      0.0000      0.0000      0.0000
800     E         A           51           MET           90.27           677      0      0     9.007     1.000     1.000     0.1564      0.0000      0.0000      0.0000
801     E         A           52           SER           93.13           677      0      0     9.007     1.000     1.000     0.1524      0.0000      0.0000      0.0000
802     E         A           53           TRP           95.95           677      0      0     9.007     1.000     1.000     0.1537      0.0000      0.0000      0.0000
803     E         A           54           TYR           96.07           677      0      0     9.007     1.000     1.000     0.1540      0.0000      0.0000      0.0000
804     E         A           55           ARG           96.27           677      0      0     9.007     1.000     1.000     0.1461      0.0000      0.0000      0.0000
805     E         A           56           GLN           95.90           677      0      0     9.007     1.000     1.000     0.1434      0.0000      0.0000      0.0000
806     E         A           57           ASP           94.18           677      0      0     9.007     1.000     1.000     0.1382      0.0000      0.0000      0.0000
807     E         A           58           PRO           90.35           677      0      0     9.007     1.000     1.000     0.1292      0.0000      0.0000      0.0000
808     E         A           59           GLY           87.50           677      0      0     9.007     1.000     1.000     0.1250      0.0000      0.0000      0.0000
809     E         A           60           MET           88.98           677      0      0     9.007     1.000     1.000     0.1290      0.0000      0.0000      0.0000
810     E         A           61           GLY           89.00           677      0      0     9.007     1.000     1.000     0.1321      0.0000      0.0000      0.0000
811     E         A           62           LEU           93.57           677      0      0     9.007     1.000     1.000     0.1440      0.0000      0.0000      0.0000
812     E         A           63           ARG           94.38           677      0      0     9.007     1.000     1.000     0.1493      0.0000      0.0000      0.0000
813     E         A           64           LEU           92.73           677      0      0     9.007     1.000     1.000     0.1496      0.0000      0.0000      0.0000
814     E         A           65           ILE           94.69           677      0      0     9.007     1.000     1.000     0.1486      0.0000      0.0000      0.0000
815     E         A           66           HIS           92.09           677      0      0     9.007     1.000     1.000     0.1474      0.0000      0.0000      0.0000
816     E         A           67           TYR           86.76           677      0      0     9.007     1.000     1.000     0.1490      0.0000      0.0000      0.0000
817     E         A           68           SER           83.92           677      0      0     9.007     1.000     1.000     0.1527      0.0000      0.0000      0.0000
818     E         A           69           VAL           72.84           677      0      0     9.007     1.000     1.000     0.1477      0.0000      0.0000      0.0000
819     E         A           70           GLY           71.37           677      0      0     9.007     1.000     1.000     0.1421      0.0000      0.0000      0.0000
820     E         A           71           ALA           72.79           677      0      0     9.007     1.000     1.000     0.1387      0.0000      0.0000      0.0000
821     E         A           72           GLY           67.02           677      0      0     9.007     1.000     1.000     0.1350      0.0000      0.0000      0.0000
822     E         A           73           ILE           68.47           677      0      0     9.007     1.000     1.000     0.1363      0.0000      0.0000      0.0000
823     E         A           74           THR           76.54           677      0      0     9.007     1.000     1.000     0.1415      0.0000      0.0000      0.0000
824     E         A           75           ASP           77.14           677      0      0     9.007     1.000     1.000     0.1367      0.0000      0.0000      0.0000
825     E         A           76           GLN           82.98           677      0      0     9.007     1.000     1.000     0.1400      0.0000      0.0000      0.0000
826     E         A           77           GLY           85.26           677      0      0     9.007     1.000     1.000     0.1387      0.0000      0.0000      0.0000
827     E         A           78           GLU           87.15           677      0      0     9.007     1.000     1.000     0.1393      0.0000      0.0000      0.0000
828     E         A           79           VAL           92.12           677      0      0     9.007     1.000     1.000     0.1382      0.0000      0.0000      0.0000
829     E         A           80           PRO           91.79           677      0      0     9.007     1.000     1.000     0.1357      0.0000      0.0000      0.0000
830     E         A           81           ASN           92.64           677      0      0     9.007     1.000     1.000     0.1360      0.0000      0.0000      0.0000
831     E         A           82           GLY           93.86           677      0      0     9.007     1.000     1.000     0.1359      0.0000      0.0000      0.0000
832     E         A           83           TYR           95.98           677      0      0     9.007     1.000     1.000     0.1436      0.0000      0.0000      0.0000
833     E         A           84           ASN           94.91           677      0      0     9.007     1.000     1.000     0.1413      0.0000      0.0000      0.0000
834     E         A           85           VAL           93.39           677      0      0     9.007     1.000     1.000     0.1405      0.0000      0.0000      0.0000
835     E         A           86           SER           90.25           677      0      0     9.007     1.000     1.000     0.1403      0.0000      0.0000      0.0000
836     E         A           87           ARG           88.17           677      0      0     9.007     1.000     1.000     0.1400      0.0000      0.0000      0.0000
837     E         A           88           SER           86.95           677      0      0     9.007     1.000     1.000     0.1389      0.0000      0.0000      0.0000
838     E         A           89           THR           86.84           677      0      0     9.007     1.000     1.000     0.1401      0.0000      0.0000      0.0000
839     E         A           90           THR           85.99           677      0      0     9.007     1.000     1.000     0.1423      0.0000      0.0000      0.0000
840     E         A           91           GLU           91.37           677      0      0     9.007     1.000     1.000     0.1437      0.0000      0.0000      0.0000
841     E         A           92           ASP           94.58           677      0      0     9.007     1.000     1.000     0.1445      0.0000      0.0000      0.0000
842     E         A           93           PHE           95.78           677      0      0     9.007     1.000     1.000     0.1461      0.0000      0.0000      0.0000
843     E         A           94           PRO           96.66           677      0      0     9.007     1.000     1.000     0.1488      0.0000      0.0000      0.0000
844     E         A           95           LEU           97.05           677      0      0     9.007     1.000     1.000     0.1471      0.0000      0.0000      0.0000
845     E         A           96           ARG           96.46           677      0      0     9.007     1.000     1.000     0.1439      0.0000      0.0000      0.0000
846     E         A           97           LEU           95.56           677      0      0     9.007     1.000     1.000     0.1393      0.0000      0.0000      0.0000
847     E         A           98           LEU           91.82           677      0      0     9.007     1.000     1.000     0.1286      0.0000      0.0000      0.0000
848     E         A           99           SER           95.05           677      0      0     9.007     1.000     1.000     0.1293      0.0000      0.0000      0.0000
849     E         A          100           ALA           95.43           677      0      0     9.007     1.000     1.000     0.1325      0.0000      0.0000      0.0000
850     E         A          101           ALA           95.93           677      0      0     9.007     1.000     1.000     0.1365      0.0000      0.0000      0.0000
851     E         A          102           PRO           95.10           677      0      0     9.007     1.000     1.000     0.1388      0.0000      0.0000      0.0000
852     E         A          103           SER           95.61           677      0      0     9.007     1.000     1.000     0.1415      0.0000      0.0000      0.0000
853     E         A          104           GLN           95.97           677      0      0     9.007     1.000     1.000     0.1393      0.0000      0.0000      0.0000
854     E         A          105           THR           95.59           677      0      0     9.007     1.000     1.000     0.1427      0.0000      0.0000      0.0000
855     E         A          106           SER           95.96           677      0      0     9.007     1.000     1.000     0.1365      0.0000      0.0000      0.0000
856     E         A          107           VAL           96.64           677      0      0     9.007     1.000     1.000     0.1463      0.0000      0.0000      0.0000
857     E         A          108           TYR           97.41           677      0      0     9.007     1.000     1.000     0.1494      0.0000      0.0000      0.0000
858     E         A          109           PHE           96.99           677      0      0     9.007     1.000     1.000     0.1513      0.0000      0.0000      0.0000
859     E         A          110           CYS           96.37           677      0      0     9.007     1.000     1.000     0.1470      0.0000      0.0000      0.0000
860     E         A          111           ALA           94.75           677      0      0     9.007     1.000     1.000     0.1497      0.0000      0.0000      0.0000
861     E         A          112           SER           92.13           677      0      0     9.007     1.000     1.000     0.1439      0.0000      0.0000      0.0000
862     E         A          113           GLN           86.03           677      0      0     9.007     1.000     1.000     0.1455      0.0000      0.0000      0.0000
863     E         A          114           LYS           74.80           677      0      0     9.007     1.000     1.000     0.1342      0.0000      0.0000      0.0000
864     E         A          115           SER           65.80           677      0      0     9.007     1.000     1.000     0.1291      0.0000      0.0000      0.0000
865     E         A          116           GLY           54.85           677      0      0     9.007     1.000     1.000     0.1257      0.0000      0.0000      0.0000
866     E         A          117           SER           60.00           677      0      0     9.007     1.000     1.000     0.1278      0.0000      0.0000      0.0000
867     E         A          118           SER           64.75           677      0      0     9.007     1.000     1.000     0.1317      0.0000      0.0000      0.0000
868     E         A          119           TYR           72.24           677      0      0     9.007     1.000     1.000     0.1385      0.0000      0.0000      0.0000
869     E         A          120           ASN           75.05           677      0      0     9.007     1.000     1.000     0.1388      0.0000      0.0000      0.0000
870     E         A          121           GLU           83.38           677      0      0     9.007     1.000     1.000     0.1420      0.0000      0.0000      0.0000
871     E         A          122           GLN           89.89           677      0      0     9.007     1.000     1.000     0.1477      0.0000      0.0000      0.0000
872     E         A          123           PHE           94.00           677      0      0     9.007     1.000     1.000     0.1472      0.0000      0.0000      0.0000
873     E         A          124           PHE           95.44           677      0      0     9.007     1.000     1.000     0.1476      0.0000      0.0000      0.0000
874     E         A          125           GLY           95.52           677      0      0     9.007     1.000     1.000     0.1428      0.0000      0.0000      0.0000
875     E         A          126           PRO           94.99           677      0      0     9.007     1.000     1.000     0.1422      0.0000      0.0000      0.0000
876     E         A          127           GLY           95.62           677      0      0     9.007     1.000     1.000     0.1385      0.0000      0.0000      0.0000
877     E         A          128           THR           96.61           677      0      0     9.007     1.000     1.000     0.1442      0.0000      0.0000      0.0000
878     E         A          129           ARG           96.38           677      0      0     9.007     1.000     1.000     0.1405      0.0000      0.0000      0.0000
879     E         A          130           LEU           96.71           677      0      0     9.007     1.000     1.000     0.1422      0.0000      0.0000      0.0000
880     E         A          131           THR           95.78           677      0      0     9.007     1.000     1.000     0.1383      0.0000      0.0000      0.0000
881     E         A          132           VAL           95.94           677      0      0     9.007     1.000     1.000     0.1410      0.0000      0.0000      0.0000
882     E         A          133           LEU           94.82           677      0      0     9.007     1.000     1.000     0.1340      0.0000      0.0000      0.0000
883     E         A          134           GLU           93.38           677      0      0     9.007     1.000     1.000     0.1304      0.0000      0.0000      0.0000
884     E         A          135           ASP           91.77           677      0      0     9.007     1.000     1.000     0.1223      0.0000      0.0000      0.0000
885     E         A          136           LEU           93.14           677      0      0     9.007     1.000     1.000     0.1307      0.0000      0.0000      0.0000
886     E         A          137           LYS           93.22           677      0      0     9.007     1.000     1.000     0.1268      0.0000      0.0000      0.0000
887     E         A          138           ASN           93.02           677      0      0     9.007     1.000     1.000     0.1264      0.0000      0.0000      0.0000
888     E         A          139           VAL           95.11           677      0      0     9.007     1.000     1.000     0.1339      0.0000      0.0000      0.0000
889     E         A          140           PHE           95.78           677      0      0     9.007     1.000     1.000     0.1343      0.0000      0.0000      0.0000
890     E         A          141           PRO           95.95           677      0      0     9.007     1.000     1.000     0.1340      0.0000      0.0000      0.0000
891     E         A          142           PRO           96.37           677      0      0     9.007     1.000     1.000     0.1335      0.0000      0.0000      0.0000
892     E         A          143           GLU           95.55           677      0      0     9.007     1.000     1.000     0.1334      0.0000      0.0000      0.0000
893     E         A          144           VAL           95.90           677      0      0     9.007     1.000     1.000     0.1354      0.0000      0.0000      0.0000
894     E         A          145           ALA           95.33           677      0      0     9.007     1.000     1.000     0.1322      0.0000      0.0000      0.0000
895     E         A          146           VAL           95.93           677      0      0     9.007     1.000     1.000     0.1366      0.0000      0.0000      0.0000
896     E         A          147           PHE           95.63           677      0      0     9.007     1.000     1.000     0.1376      0.0000      0.0000      0.0000
897     E         A          148           GLU           94.93           677      0      0     9.007     1.000     1.000     0.1340      0.0000      0.0000      0.0000
898     E         A          149           PRO           94.44           677      0      0     9.007     1.000     1.000     0.1328      0.0000      0.0000      0.0000
899     E         A          150           SER           92.06           677      0      0     9.007     1.000     1.000     0.1253      0.0000      0.0000      0.0000
900     E         A          151           GLU           91.07           677      0      0     9.007     1.000     1.000     0.1268      0.0000      0.0000      0.0000
901     E         A          152           ALA           91.18           677      0      0     9.007     1.000     1.000     0.1307      0.0000      0.0000      0.0000
902     E         A          153           GLU           92.59           677      0      0     9.007     1.000     1.000     0.1359      0.0000      0.0000      0.0000
903     E         A          154           ILE           92.21           677      0      0     9.007     1.000     1.000     0.1356      0.0000      0.0000      0.0000
904     E         A          155           SER           90.64           677      0      0     9.007     1.000     1.000     0.1277      0.0000      0.0000      0.0000
905     E         A          156           HIS           90.85           677      0      0     9.007     1.000     1.000     0.1253      0.0000      0.0000      0.0000
906     E         A          157           THR           90.91           677      0      0     9.007     1.000     1.000     0.1198      0.0000      0.0000      0.0000
907     E         A          158           GLN           92.22           677      0      0     9.007     1.000     1.000     0.1252      0.0000      0.0000      0.0000
908     E         A          159           LYS           93.40           677      0      0     9.007     1.000     1.000     0.1311      0.0000      0.0000      0.0000
909     E         A          160           ALA           94.48           677      0      0     9.007     1.000     1.000     0.1322      0.0000      0.0000      0.0000
910     E         A          161           THR           95.50           677      0      0     9.007     1.000     1.000     0.1380      0.0000      0.0000      0.0000
911     E         A          162           LEU           96.01           677      0      0     9.007     1.000     1.000     0.1407      0.0000      0.0000      0.0000
912     E         A          163           VAL           96.45           677      0      0     9.007     1.000     1.000     0.1408      0.0000      0.0000      0.0000
913     E         A          164           CYS           96.40           677      0      0     9.007     1.000     1.000     0.1385      0.0000      0.0000      0.0000
914     E         A          165           LEU           96.06           677      0      0     9.007     1.000     1.000     0.1383      0.0000      0.0000      0.0000
915     E         A          166           ALA           96.36           677      0      0     9.007     1.000     1.000     0.1390      0.0000      0.0000      0.0000
916     E         A          167           THR           95.37           677      0      0     9.007     1.000     1.000     0.1323      0.0000      0.0000      0.0000
917     E         A          168           GLY           94.77           677      0      0     9.007     1.000     1.000     0.1278      0.0000      0.0000      0.0000
918     E         A          169           PHE           96.34           677      0      0     9.007     1.000     1.000     0.1352      0.0000      0.0000      0.0000
919     E         A          170           TYR           96.09           677      0      0     9.007     1.000     1.000     0.1325      0.0000      0.0000      0.0000
920     E         A          171           PRO           95.45           677      0      0     9.007     1.000     1.000     0.1286      0.0000      0.0000      0.0000
921     E         A          172           ASP           94.30           677      0      0     9.007     1.000     1.000     0.1288      0.0000      0.0000      0.0000
922     E         A          173           HIS           95.49           677      0      0     9.007     1.000     1.000     0.1305      0.0000      0.0000      0.0000
923     E         A          174           VAL           96.24           677      0      0     9.007     1.000     1.000     0.1342      0.0000      0.0000      0.0000
924     E         A          175           GLU           96.29           677      0      0     9.007     1.000     1.000     0.1347      0.0000      0.0000      0.0000
925     E         A          176           LEU           96.53           677      0      0     9.007     1.000     1.000     0.1353      0.0000      0.0000      0.0000
926     E         A          177           SER           96.86           677      0      0     9.007     1.000     1.000     0.1349      0.0000      0.0000      0.0000
927     E         A          178           TRP           97.33           677      0      0     9.007     1.000     1.000     0.1359      0.0000      0.0000      0.0000
928     E         A          179           TRP           97.20           677      0      0     9.007     1.000     1.000     0.1324      0.0000      0.0000      0.0000
929     E         A          180           VAL           96.29           677      0      0     9.007     1.000     1.000     0.1296      0.0000      0.0000      0.0000
930     E         A          181           ASN           94.83           677      0      0     9.007     1.000     1.000     0.1216      0.0000      0.0000      0.0000
931     E         A          182           GLY           94.50           677      0      0     9.007     1.000     1.000     0.1166      0.0000      0.0000      0.0000
932     E         A          183           LYS           95.97           677      0      0     9.007     1.000     1.000     0.1238      0.0000      0.0000      0.0000
933     E         A          184           GLU           96.28           677      0      0     9.007     1.000     1.000     0.1309      0.0000      0.0000      0.0000
934     E         A          185           VAL           96.05           677      0      0     9.007     1.000     1.000     0.1294      0.0000      0.0000      0.0000
935     E         A          186           HIS           93.79           677      0      0     9.007     1.000     1.000     0.1318      0.0000      0.0000      0.0000
936     E         A          187           SER           93.12           677      0      0     9.007     1.000     1.000     0.1257      0.0000      0.0000      0.0000
937     E         A          188           GLY           93.77           677      0      0     9.007     1.000     1.000     0.1215      0.0000      0.0000      0.0000
938     E         A          189           VAL           95.83           677      0      0     9.007     1.000     1.000     0.1326      0.0000      0.0000      0.0000
939     E         A          190           SER           95.38           677      0      0     9.007     1.000     1.000     0.1313      0.0000      0.0000      0.0000
940     E         A          191           THR           94.97           677      0      0     9.007     1.000     1.000     0.1376      0.0000      0.0000      0.0000
941     E         A          192           ASP           94.38           677      0      0     9.007     1.000     1.000     0.1365      0.0000      0.0000      0.0000
942     E         A          193           PRO           91.70           677      0      0     9.007     1.000     1.000     0.1355      0.0000      0.0000      0.0000
943     E         A          194           GLN           91.57           677      0      0     9.007     1.000     1.000     0.1338      0.0000      0.0000      0.0000
944     E         A          195           PRO           94.24           677      0      0     9.007     1.000     1.000     0.1351      0.0000      0.0000      0.0000
945     E         A          196           LEU           93.47           677      0      0     9.007     1.000     1.000     0.1326      0.0000      0.0000      0.0000
946     E         A          197           LYS           92.83           677      0      0     9.007     1.000     1.000     0.1330      0.0000      0.0000      0.0000
947     E         A          198           GLU           91.72           677      0      0     9.007     1.000     1.000     0.1252      0.0000      0.0000      0.0000
948     E         A          199           GLN           90.45           677      0      0     9.007     1.000     1.000     0.1157      0.0000      0.0000      0.0000
949     E         A          200           PRO           87.82           677      0      0     9.007     1.000     1.000     0.1115      0.0000      0.0000      0.0000
950     E         A          201           ALA           87.82           677      0      0     9.007     1.000     1.000     0.1069      0.0000      0.0000      0.0000
951     E         A          202           LEU           87.76           677      0      0     9.007     1.000     1.000     0.1054      0.0000      0.0000      0.0000
952     E         A          203           ASN           85.66           677      0      0     9.007     1.000     1.000     0.1098      0.0000      0.0000      0.0000
953     E         A          204           ASP           88.45           677      0      0     9.007     1.000     1.000     0.1082      0.0000      0.0000      0.0000
954     E         A          205           SER           92.49           677      0      0     9.007     1.000     1.000     0.1178      0.0000      0.0000      0.0000
955     E         A          206           ARG           95.23           677      0      0     9.007     1.000     1.000     0.1320      0.0000      0.0000      0.0000
956     E         A          207           TYR           95.99           677      0      0     9.007     1.000     1.000     0.1385      0.0000      0.0000      0.0000
957     E         A          208           CYS           95.83           677      0      0     9.007     1.000     1.000     0.1366      0.0000      0.0000      0.0000
958     E         A          209           LEU           96.51           677      0      0     9.007     1.000     1.000     0.1407      0.0000      0.0000      0.0000
959     E         A          210           SER           96.39           677      0      0     9.007     1.000     1.000     0.1361      0.0000      0.0000      0.0000
960     E         A          211           SER           96.78           677      0      0     9.007     1.000     1.000     0.1350      0.0000      0.0000      0.0000
961     E         A          212           ARG           96.33           677      0      0     9.007     1.000     1.000     0.1357      0.0000      0.0000      0.0000
962     E         A          213           LEU           96.59           677      0      0     9.007     1.000     1.000     0.1395      0.0000      0.0000      0.0000
963     E         A          214           ARG           96.09           677      0      0     9.007     1.000     1.000     0.1313      0.0000      0.0000      0.0000
964     E         A          215           VAL           95.43           677      0      0     9.007     1.000     1.000     0.1319      0.0000      0.0000      0.0000
965     E         A          216           SER           94.25           677      0      0     9.007     1.000     1.000     0.1295      0.0000      0.0000      0.0000
966     E         A          217           ALA           92.91           677      0      0     9.007     1.000     1.000     0.1288      0.0000      0.0000      0.0000
967     E         A          218           THR           92.21           677      0      0     9.007     1.000     1.000     0.1268      0.0000      0.0000      0.0000
968     E         A          219           PHE           93.85           677      0      0     9.007     1.000     1.000     0.1297      0.0000      0.0000      0.0000
969     E         A          220           TRP           94.52           677      0      0     9.007     1.000     1.000     0.1360      0.0000      0.0000      0.0000
970     E         A          221           GLN           92.08           677      0      0     9.007     1.000     1.000     0.1300      0.0000      0.0000      0.0000
971     E         A          222           ASN           91.85           677      0      0     9.007     1.000     1.000     0.1265      0.0000      0.0000      0.0000
972     E         A          223           PRO           90.84           677      0      0     9.007     1.000     1.000     0.1216      0.0000      0.0000      0.0000
973     E         A          224           ARG           90.93           677      0      0     9.007     1.000     1.000     0.1216      0.0000      0.0000      0.0000
974     E         A          225           ASN           93.76           677      0      0     9.007     1.000     1.000     0.1257      0.0000      0.0000      0.0000
975     E         A          226           HIS           95.57           677      0      0     9.007     1.000     1.000     0.1289      0.0000      0.0000      0.0000
976     E         A          227           PHE           96.40           677      0      0     9.007     1.000     1.000     0.1355      0.0000      0.0000      0.0000
977     E         A          228           ARG           96.75           677      0      0     9.007     1.000     1.000     0.1330      0.0000      0.0000      0.0000
978     E         A          229           CYS           96.46           677      0      0     9.007     1.000     1.000     0.1353      0.0000      0.0000      0.0000
979     E         A          230           GLN           97.22           677      0      0     9.007     1.000     1.000     0.1336      0.0000      0.0000      0.0000
980     E         A          231           VAL           97.06           677      0      0     9.007     1.000     1.000     0.1370      0.0000      0.0000      0.0000
981     E         A          232           GLN           97.26           677      0      0     9.007     1.000     1.000     0.1339      0.0000      0.0000      0.0000
982     E         A          233           PHE           96.90           677      0      0     9.007     1.000     1.000     0.1372      0.0000      0.0000      0.0000
983     E         A          234           TYR           96.19           677      0      0     9.007     1.000     1.000     0.1349      0.0000      0.0000      0.0000
984     E         A          235           GLY           94.15           677      0      0     9.007     1.000     1.000     0.1243      0.0000      0.0000      0.0000
985     E         A          236           LEU           94.23           677      0      0     9.007     1.000     1.000     0.1276      0.0000      0.0000      0.0000
986     E         A          237           SER           91.46           677      0      0     9.007     1.000     1.000     0.1187      0.0000      0.0000      0.0000
987     E         A          238           GLU           88.82           677      0      0     9.007     1.000     1.000     0.1117      0.0000      0.0000      0.0000
988     E         A          239           ASN           88.31           677      0      0     9.007     1.000     1.000     0.1113      0.0000      0.0000      0.0000
989     E         A          240           ASP           89.42           677      0      0     9.007     1.000     1.000     0.1141      0.0000      0.0000      0.0000
990     E         A          241           GLU           88.73           677      0      0     9.007     1.000     1.000     0.1122      0.0000      0.0000      0.0000
991     E         A          242           TRP           91.82           677      0      0     9.007     1.000     1.000     0.1180      0.0000      0.0000      0.0000
992     E         A          243           THR           90.19           677      0      0     9.007     1.000     1.000     0.1065      0.0000      0.0000      0.0000
993     E         A          244           GLN           90.33           677      0      0     9.007     1.000     1.000     0.1073      0.0000      0.0000      0.0000
994     E         A          245           ASP           91.79           677      0      0     9.007     1.000     1.000     0.1047      0.0000      0.0000      0.0000
995     E         A          246           ARG           91.75           677      0      0     9.007     1.000     1.000     0.1127      0.0000      0.0000      0.0000
996     E         A          247           ALA           92.82           677      0      0     9.007     1.000     1.000     0.1176      0.0000      0.0000      0.0000
997     E         A          248           LYS           93.95           677      0      0     9.007     1.000     1.000     0.1222      0.0000      0.0000      0.0000
998     E         A          249           PRO           94.12           677      0      0     9.007     1.000     1.000     0.1201      0.0000      0.0000      0.0000
999     E         A          250           VAL           93.47           677      0      0     9.007     1.000     1.000     0.1241      0.0000      0.0000      0.0000
1000    E         A          251           THR           94.32           677      0      0     9.007     1.000     1.000     0.1287      0.0000      0.0000      0.0000
1001    E         A          252           GLN           95.45           677      0      0     9.007     1.000     1.000     0.1264      0.0000      0.0000      0.0000
1002    E         A          253           ILE           95.65           677      0      0     9.007     1.000     1.000     0.1277      0.0000      0.0000      0.0000
1003    E         A          254           VAL           95.32           677      0      0     9.007     1.000     1.000     0.1282      0.0000      0.0000      0.0000
1004    E         A          255           SER           94.80           677      0      0     9.007     1.000     1.000     0.1200      0.0000      0.0000      0.0000
1005    E         A          256           ALA           94.85           677      0      0     9.007     1.000     1.000     0.1243      0.0000      0.0000      0.0000
1006    E         A          257           GLU           94.32           677      0      0     9.007     1.000     1.000     0.1161      0.0000      0.0000      0.0000
1007    E         A          258           ALA           93.35           677      0      0     9.007     1.000     1.000     0.1212      0.0000      0.0000      0.0000
1008    E         A          259           TRP           93.14           677      0      0     9.007     1.000     1.000     0.1238      0.0000      0.0000      0.0000
1009    E         A          260           GLY           90.41           677      0      0     9.007     1.000     1.000     0.1158      0.0000      0.0000      0.0000
1010    E         A          261           ARG           89.12           677      0      0     9.007     1.000     1.000     0.1080      0.0000      0.0000      0.0000
1011    E         A          262           ALA           84.20           677      0      0     9.007     1.000     1.000     0.1058      0.0000      0.0000      0.0000
1012    E         A          263           ASP           81.12           677      0      0     9.007     1.000     1.000     0.0969      0.0000      0.0000      0.0000
1013    E         A          264           CYS           81.82           677      0      0     9.007     1.000     1.000     0.0958      0.0000      0.0000      0.0000
1014    E         A          265           GLY           76.53           677      0      0     9.007     1.000     1.000     0.0934      0.0000      0.0000      0.0000
1015    E         A          266           PHE           76.35           677      0      0     9.007     1.000     1.000     0.0981      0.0000      0.0000      0.0000
1016    E         A          267           THR           80.88           677      0      0     9.007     1.000     1.000     0.0975      0.0000      0.0000      0.0000
1017    E         A          268           SER           77.67           677      0      0     9.007     1.000     1.000     0.0994      0.0000      0.0000      0.0000
1018    E         A          269           GLU           78.95           677      0      0     9.007     1.000     1.000     0.1035      0.0000      0.0000      0.0000
1019    E         A          270           SER           79.67           677      0      0     9.007     1.000     1.000     0.1036      0.0000      0.0000      0.0000
1020    E         A          271           TYR           81.46           677      0      0     9.007     1.000     1.000     0.1083      0.0000      0.0000      0.0000
1021    E         A          272           GLN           81.72           677      0      0     9.007     1.000     1.000     0.1045      0.0000      0.0000      0.0000
1022    E         A          273           GLN           80.09           677      0      0     9.007     1.000     1.000     0.1050      0.0000      0.0000      0.0000
1023    E         A          274           GLY           79.55           677      0      0     9.007     1.000     1.000     0.1026      0.0000      0.0000      0.0000
1024    E         A          275           VAL           86.29           677      0      0     9.007     1.000     1.000     0.1054      0.0000      0.0000      0.0000
1025    E         A          276           LEU           82.66           677      0      0     9.007     1.000     1.000     0.1027      0.0000      0.0000      0.0000
1026    E         A          277           SER           83.55           677      0      0     9.007     1.000     1.000     0.1015      0.0000      0.0000      0.0000
1027    E         A          278           ALA           84.73           677      0      0     9.007     1.000     1.000     0.1028      0.0000      0.0000      0.0000
1028    E         A          279           THR           87.66           677      0      0     9.007     1.000     1.000     0.1026      0.0000      0.0000      0.0000
1029    E         A          280           ILE           87.00           677      0      0     9.007     1.000     1.000     0.1016      0.0000      0.0000      0.0000
1030    E         A          281           LEU           87.53           677      0      0     9.007     1.000     1.000     0.1008      0.0000      0.0000      0.0000
1031    E         A          282           TYR           86.62           677      0      0     9.007     1.000     1.000     0.1041      0.0000      0.0000      0.0000
1032    E         A          283           GLU           87.45           677      0      0     9.007     1.000     1.000     0.1008      0.0000      0.0000      0.0000
1033    E         A          284           ILE           86.03           677      0      0     9.007     1.000     1.000     0.0993      0.0000      0.0000      0.0000
1034    E         A          285           LEU           85.38           677      0      0     9.007     1.000     1.000     0.0992      0.0000      0.0000      0.0000
1035    E         A          286           LEU           86.72           677      0      0     9.007     1.000     1.000     0.1015      0.0000      0.0000      0.0000
1036    E         A          287           GLY           87.06           677      0      0     9.007     1.000     1.000     0.0983      0.0000      0.0000      0.0000
1037    E         A          288           LYS           85.57           677      0      0     9.007     1.000     1.000     0.0959      0.0000      0.0000      0.0000
1038    E         A          289           ALA           83.34           677      0      0     9.007     1.000     1.000     0.0983      0.0000      0.0000      0.0000
1039    E         A          290           THR           89.98           677      0      0     9.007     1.000     1.000     0.0941      0.0000      0.0000      0.0000
1040    E         A          291           LEU           89.01           677      0      0     9.007     1.000     1.000     0.0950      0.0000      0.0000      0.0000
1041    E         A          292           TYR           88.15           677      0      0     9.007     1.000     1.000     0.0941      0.0000      0.0000      0.0000
1042    E         A          293           ALA           86.94           677      0      0     9.007     1.000     1.000     0.0949      0.0000      0.0000      0.0000
1043    E         A          294           VAL           92.57           677      0      0     9.007     1.000     1.000     0.0918      0.0000      0.0000      0.0000
1044    E         A          295           LEU           89.72           677      0      0     9.007     1.000     1.000     0.0920      0.0000      0.0000      0.0000
1045    E         A          296           VAL           87.21           677      0      0     9.007     1.000     1.000     0.0925      0.0000      0.0000      0.0000
1046    E         A          297           SER           89.76           677      0      0     9.007     1.000     1.000     0.0894      0.0000      0.0000      0.0000
1047    E         A          298           ALA           89.83           677      0      0     9.007     1.000     1.000     0.0889      0.0000      0.0000      0.0000
1048    E         A          299           LEU           87.56           677      0      0     9.007     1.000     1.000     0.0905      0.0000      0.0000      0.0000
1049    E         A          300           VAL           85.40           677      0      0     9.007     1.000     1.000     0.0891      0.0000      0.0000      0.0000
1050    E         A          301           LEU           88.38           677      0      0     9.007     1.000     1.000     0.0862      0.0000      0.0000      0.0000
1051    E         A          302           MET           87.69           677      0      0     9.007     1.000     1.000     0.0861      0.0000      0.0000      0.0000
1052    E         A          303           ALA           83.67           677      0      0     9.007     1.000     1.000     0.0862      0.0000      0.0000      0.0000
1053    E         A          304           MET           84.60           677      0      0     9.007     1.000     1.000     0.0835      0.0000      0.0000      0.0000
1054    E         A          305           VAL           87.06           677      0      0     9.007     1.000     1.000     0.0844      0.0000      0.0000      0.0000
1055    E         A          306           LYS           84.75           677      0      0     9.007     1.000     1.000     0.0832      0.0000      0.0000      0.0000
1056    E         A          307           ARG           82.73           677      0      0     9.007     1.000     1.000     0.0823      0.0000      0.0000      0.0000
1057    E         A          308           LYS           80.70           677      0      0     9.007     1.000     1.000     0.0819      0.0000      0.0000      0.0000
1058    E         A          309           ASP           80.97           677      0      0     9.007     1.000     1.000     0.0824      0.0000      0.0000      0.0000
1059    E         A          310           SER           79.86           677      0      0     9.007     1.000     1.000     0.0815      0.0000      0.0000      0.0000
1060    E         A          311           ARG           69.91           677      0      0     9.007     1.000     1.000     0.0789      0.0000      0.0000      0.0000
1061    E         A          312           GLY           52.66           677      0      0     9.007     1.000     1.000     0.0768      0.0000      0.0000      0.0000
750     E         B            1           MET           23.15           411      0      0     7.306     1.000     1.000     0.0505      0.0000      0.0000      0.0000
751     E         B            2           SER           27.00           411      0      0     7.306     1.000     1.000     0.0506      0.0000      0.0000      0.0000
752     E         B            3           ILE           31.11           411      0      0     7.306     1.000     1.000     0.0507      0.0000      0.0000      0.0000
753     E         B            4           GLY           30.60           411      0      0     7.306     1.000     1.000     0.0506      0.0000      0.0000      0.0000
754     E         B            5           LEU           27.94           411      0      0     7.306     1.000     1.000     0.0507      0.0000      0.0000      0.0000
755     E         B            6           LEU           27.76           411      0      0     7.306     1.000     1.000     0.0509      0.0000      0.0000      0.0000
756     E         B            7           CYS           26.37           411      0      0     7.306     1.000     1.000     0.0509      0.0000      0.0000      0.0000
757     E         B            8           CYS           26.03           411      0      0     7.306     1.000     1.000     0.0512      0.0000      0.0000      0.0000
758     E         B            9           ALA           29.48           411      0      0     7.306     1.000     1.000     0.0514      0.0000      0.0000      0.0000
759     E         B           10           ALA           29.68           411      0      0     7.306     1.000     1.000     0.0513      0.0000      0.0000      0.0000
760     E         B           11           LEU           26.55           411      0      0     7.306     1.000     1.000     0.0516      0.0000      0.0000      0.0000
761     E         B           12           SER           27.17           411      0      0     7.306     1.000     1.000     0.0517      0.0000      0.0000      0.0000
762     E         B           13           LEU           24.83           411      0      0     7.306     1.000     1.000     0.0518      0.0000      0.0000      0.0000
763     E         B           14           LEU           27.10           411      0      0     7.306     1.000     1.000     0.0519      0.0000      0.0000      0.0000
764     E         B           15           TRP           28.65           411      0      0     7.306     1.000     1.000     0.0521      0.0000      0.0000      0.0000
765     E         B           16           ALA           32.17           411      0      0     7.306     1.000     1.000     0.0523      0.0000      0.0000      0.0000
766     E         B           17           GLY           33.99           411      0      0     7.306     1.000     1.000     0.0523      0.0000      0.0000      0.0000
767     E         B           18           PRO           31.83           411      0      0     7.306     1.000     1.000     0.0525      0.0000      0.0000      0.0000
768     E         B           19           VAL           38.22           411      0      0     7.306     1.000     1.000     0.0531      0.0000      0.0000      0.0000
769     E         B           20           ASN           45.10           411      0      0     7.306     1.000     1.000     0.0539      0.0000      0.0000      0.0000
770     E         B           21           ALA           57.56           411      0      0     7.306     1.000     1.000     0.0557      0.0000      0.0000      0.0000
771     E         B           22           GLY           86.54           411      0      0     7.306     1.000     1.000     0.0654      0.0000      0.0000      0.0000
772     E         B           23           VAL           94.96           411      0      0     7.306     1.000     1.000     0.0916      0.0000      0.0000      0.0000
773     E         B           24           THR           95.96           411      0      0     7.306     1.000     1.000     0.0932      0.0000      0.0000      0.0000
774     E         B           25           GLN           95.94           411      0      0     7.306     1.000     1.000     0.0923      0.0000      0.0000      0.0000
775     E         B           26           THR           94.92           411      0      0     7.306     1.000     1.000     0.0892      0.0000      0.0000      0.0000
776     E         B           27           PRO           95.09           411      0      0     7.306     1.000     1.000     0.0865      0.0000      0.0000      0.0000
777     E         B           28           LYS           95.07           411      0      0     7.306     1.000     1.000     0.0911      0.0000      0.0000      0.0000
778     E         B           29           PHE           96.02           411      0      0     7.306     1.000     1.000     0.0901      0.0000      0.0000      0.0000
779     E         B           30           GLN           96.31           411      0      0     7.306     1.000     1.000     0.0919      0.0000      0.0000      0.0000
780     E         B           31           VAL           95.70           411      0      0     7.306     1.000     1.000     0.0908      0.0000      0.0000      0.0000
781     E         B           32           LEU           94.97           411      0      0     7.306     1.000     1.000     0.0929      0.0000      0.0000      0.0000
782     E         B           33           LYS           94.56           411      0      0     7.306     1.000     1.000     0.0933      0.0000      0.0000      0.0000
783     E         B           34           THR           94.93           411      0      0     7.306     1.000     1.000     0.0927      0.0000      0.0000      0.0000
784     E         B           35           GLY           94.37           411      0      0     7.306     1.000     1.000     0.0882      0.0000      0.0000      0.0000
785     E         B           36           GLN           93.26           411      0      0     7.306     1.000     1.000     0.0893      0.0000      0.0000      0.0000
786     E         B           37           SER           94.11           411      0      0     7.306     1.000     1.000     0.0949      0.0000      0.0000      0.0000
787     E         B           38           MET           95.13           411      0      0     7.306     1.000     1.000     0.0899      0.0000      0.0000      0.0000
788     E         B           39           THR           96.32           411      0      0     7.306     1.000     1.000     0.1003      0.0000      0.0000      0.0000
789     E         B           40           LEU           96.79           411      0      0     7.306     1.000     1.000     0.0988      0.0000      0.0000      0.0000
790     E         B           41           GLN           96.47           411      0      0     7.306     1.000     1.000     0.0964      0.0000      0.0000      0.0000
791     E         B           42           CYS           96.48           411      0      0     7.306     1.000     1.000     0.0986      0.0000      0.0000      0.0000
792     E         B           43           ALA           96.15           411      0      0     7.306     1.000     1.000     0.0955      0.0000      0.0000      0.0000
793     E         B           44           GLN           94.54           411      0      0     7.306     1.000     1.000     0.0909      0.0000      0.0000      0.0000
794     E         B           45           ASP           91.76           411      0      0     7.306     1.000     1.000     0.0919      0.0000      0.0000      0.0000
795     E         B           46           MET           88.26           411      0      0     7.306     1.000     1.000     0.0951      0.0000      0.0000      0.0000
796     E         B           47           ASN           80.98           411      0      0     7.306     1.000     1.000     0.0959      0.0000      0.0000      0.0000
797     E         B           48           HIS           83.62           411      0      0     7.306     1.000     1.000     0.1024      0.0000      0.0000      0.0000
798     E         B           49           GLU           77.96           411      0      0     7.306     1.000     1.000     0.1007      0.0000      0.0000      0.0000
799     E         B           50           TYR           85.18           411      0      0     7.306     1.000     1.000     0.1107      0.0000      0.0000      0.0000
800     E         B           51           MET           90.27           411      0      0     7.306     1.000     1.000     0.1068      0.0000      0.0000      0.0000
801     E         B           52           SER           93.13           411      0      0     7.306     1.000     1.000     0.1007      0.0000      0.0000      0.0000
802     E         B           53           TRP           95.95           411      0      0     7.306     1.000     1.000     0.1053      0.0000      0.0000      0.0000
803     E         B           54           TYR           96.07           411      0      0     7.306     1.000     1.000     0.1044      0.0000      0.0000      0.0000
804     E         B           55           ARG           96.27           411      0      0     7.306     1.000     1.000     0.0985      0.0000      0.0000      0.0000
805     E         B           56           GLN           95.90           411      0      0     7.306     1.000     1.000     0.0956      0.0000      0.0000      0.0000
806     E         B           57           ASP           94.18           411      0      0     7.306     1.000     1.000     0.0923      0.0000      0.0000      0.0000
807     E         B           58           PRO           90.35           411      0      0     7.306     1.000     1.000     0.0849      0.0000      0.0000      0.0000
808     E         B           59           GLY           87.50           411      0      0     7.306     1.000     1.000     0.0814      0.0000      0.0000      0.0000
809     E         B           60           MET           88.98           411      0      0     7.306     1.000     1.000     0.0840      0.0000      0.0000      0.0000
810     E         B           61           GLY           89.00           411      0      0     7.306     1.000     1.000     0.0851      0.0000      0.0000      0.0000
811     E         B           62           LEU           93.57           411      0      0     7.306     1.000     1.000     0.0962      0.0000      0.0000      0.0000
812     E         B           63           ARG           94.38           411      0      0     7.306     1.000     1.000     0.1025      0.0000      0.0000      0.0000
813     E         B           64           LEU           92.73           411      0      0     7.306     1.000     1.000     0.1021      0.0000      0.0000      0.0000
814     E         B           65           ILE           94.69           411      0      0     7.306     1.000     1.000     0.1030      0.0000      0.0000      0.0000
815     E         B           66           HIS           92.09           411      0      0     7.306     1.000     1.000     0.1015      0.0000      0.0000      0.0000
816     E         B           67           TYR           86.76           411      0      0     7.306     1.000     1.000     0.1004      0.0000      0.0000      0.0000
817     E         B           68           SER           83.92           411      0      0     7.306     1.000     1.000     0.1053      0.0000      0.0000      0.0000
818     E         B           69           VAL           72.84           411      0      0     7.306     1.000     1.000     0.0982      0.0000      0.0000      0.0000
819     E         B           70           GLY           71.37           411      0      0     7.306     1.000     1.000     0.0953      0.0000      0.0000      0.0000
820     E         B           71           ALA           72.79           411      0      0     7.306     1.000     1.000     0.0948      0.0000      0.0000      0.0000
821     E         B           72           GLY           67.02           411      0      0     7.306     1.000     1.000     0.0936      0.0000      0.0000      0.0000
822     E         B           73           ILE           68.47           411      0      0     7.306     1.000     1.000     0.0933      0.0000      0.0000      0.0000
823     E         B           74           THR           76.54           411      0      0     7.306     1.000     1.000     0.0993      0.0000      0.0000      0.0000
824     E         B           75           ASP           77.14           411      0      0     7.306     1.000     1.000     0.0936      0.0000      0.0000      0.0000
825     E         B           76           GLN           82.98           411      0      0     7.306     1.000     1.000     0.0962      0.0000      0.0000      0.0000
826     E         B           77           GLY           85.26           411      0      0     7.306     1.000     1.000     0.0931      0.0000      0.0000      0.0000
827     E         B           78           GLU           87.15           411      0      0     7.306     1.000     1.000     0.0949      0.0000      0.0000      0.0000
828     E         B           79           VAL           92.12           411      0      0     7.306     1.000     1.000     0.0931      0.0000      0.0000      0.0000
829     E         B           80           PRO           91.79           411      0      0     7.306     1.000     1.000     0.0923      0.0000      0.0000      0.0000
830     E         B           81           ASN           92.64           411      0      0     7.306     1.000     1.000     0.0930      0.0000      0.0000      0.0000
831     E         B           82           GLY           93.86           411      0      0     7.306     1.000     1.000     0.0920      0.0000      0.0000      0.0000
832     E         B           83           TYR           95.98           411      0      0     7.306     1.000     1.000     0.0999      0.0000      0.0000      0.0000
833     E         B           84           ASN           94.91           411      0      0     7.306     1.000     1.000     0.0984      0.0000      0.0000      0.0000
834     E         B           85           VAL           93.39           411      0      0     7.306     1.000     1.000     0.0955      0.0000      0.0000      0.0000
835     E         B           86           SER           90.25           411      0      0     7.306     1.000     1.000     0.0947      0.0000      0.0000      0.0000
836     E         B           87           ARG           88.17           411      0      0     7.306     1.000     1.000     0.0946      0.0000      0.0000      0.0000
837     E         B           88           SER           86.95           411      0      0     7.306     1.000     1.000     0.0932      0.0000      0.0000      0.0000
838     E         B           89           THR           86.84           411      0      0     7.306     1.000     1.000     0.0941      0.0000      0.0000      0.0000
839     E         B           90           THR           85.99           411      0      0     7.306     1.000     1.000     0.0986      0.0000      0.0000      0.0000
840     E         B           91           GLU           91.37           411      0      0     7.306     1.000     1.000     0.0964      0.0000      0.0000      0.0000
841     E         B           92           ASP           94.58           411      0      0     7.306     1.000     1.000     0.0964      0.0000      0.0000      0.0000
842     E         B           93           PHE           95.78           411      0      0     7.306     1.000     1.000     0.0984      0.0000      0.0000      0.0000
843     E         B           94           PRO           96.66           411      0      0     7.306     1.000     1.000     0.1008      0.0000      0.0000      0.0000
844     E         B           95           LEU           97.05           411      0      0     7.306     1.000     1.000     0.1011      0.0000      0.0000      0.0000
845     E         B           96           ARG           96.46           411      0      0     7.306     1.000     1.000     0.1004      0.0000      0.0000      0.0000
846     E         B           97           LEU           95.56           411      0      0     7.306     1.000     1.000     0.0952      0.0000      0.0000      0.0000
847     E         B           98           LEU           91.82           411      0      0     7.306     1.000     1.000     0.0869      0.0000      0.0000      0.0000
848     E         B           99           SER           95.05           411      0      0     7.306     1.000     1.000     0.0885      0.0000      0.0000      0.0000
849     E         B          100           ALA           95.43           411      0      0     7.306     1.000     1.000     0.0909      0.0000      0.0000      0.0000
850     E         B          101           ALA           95.93           411      0      0     7.306     1.000     1.000     0.0935      0.0000      0.0000      0.0000
851     E         B          102           PRO           95.10           411      0      0     7.306     1.000     1.000     0.0943      0.0000      0.0000      0.0000
852     E         B          103           SER           95.61           411      0      0     7.306     1.000     1.000     0.0966      0.0000      0.0000      0.0000
853     E         B          104           GLN           95.97           411      0      0     7.306     1.000     1.000     0.0950      0.0000      0.0000      0.0000
854     E         B          105           THR           95.59           411      0      0     7.306     1.000     1.000     0.0960      0.0000      0.0000      0.0000
855     E         B          106           SER           95.96           411      0      0     7.306     1.000     1.000     0.0903      0.0000      0.0000      0.0000
856     E         B          107           VAL           96.64           411      0      0     7.306     1.000     1.000     0.0986      0.0000      0.0000      0.0000
857     E         B          108           TYR           97.41           411      0      0     7.306     1.000     1.000     0.1024      0.0000      0.0000      0.0000
858     E         B          109           PHE           96.99           411      0      0     7.306     1.000     1.000     0.1041      0.0000      0.0000      0.0000
859     E         B          110           CYS           96.37           411      0      0     7.306     1.000     1.000     0.1009      0.0000      0.0000      0.0000
860     E         B          111           ALA           94.75           411      0      0     7.306     1.000     1.000     0.1013      0.0000      0.0000      0.0000
861     E         B          112           SER           92.13           411      0      0     7.306     1.000     1.000     0.0986      0.0000      0.0000      0.0000
862     E         B          113           GLN           86.03           411      0      0     7.306     1.000     1.000     0.1032      0.0000      0.0000      0.0000
863     E         B          114           LYS           74.80           411      0      0     7.306     1.000     1.000     0.0933      0.0000      0.0000      0.0000
864     E         B          115           SER           65.80           411      0      0     7.306     1.000     1.000     0.0832      0.0000      0.0000      0.0000
865     E         B          116           GLY           54.85           411      0      0     7.306     1.000     1.000     0.0785      0.0000      0.0000      0.0000
866     E         B          117           SER           60.00           411      0      0     7.306     1.000     1.000     0.0813      0.0000      0.0000      0.0000
867     E         B          118           SER           64.75           411      0      0     7.306     1.000     1.000     0.0834      0.0000      0.0000      0.0000
868     E         B          119           TYR           72.24           411      0      0     7.306     1.000     1.000     0.0928      0.0000      0.0000      0.0000
869     E         B          120           ASN           75.05           411      0      0     7.306     1.000     1.000     0.0951      0.0000      0.0000      0.0000
870     E         B          121           GLU           83.38           411      0      0     7.306     1.000     1.000     0.0970      0.0000      0.0000      0.0000
871     E         B          122           GLN           89.89           411      0      0     7.306     1.000     1.000     0.1000      0.0000      0.0000      0.0000
872     E         B          123           PHE           94.00           411      0      0     7.306     1.000     1.000     0.1007      0.0000      0.0000      0.0000
873     E         B          124           PHE           95.44           411      0      0     7.306     1.000     1.000     0.1007      0.0000      0.0000      0.0000
874     E         B          125           GLY           95.52           411      0      0     7.306     1.000     1.000     0.0953      0.0000      0.0000      0.0000
875     E         B          126           PRO           94.99           411      0      0     7.306     1.000     1.000     0.0929      0.0000      0.0000      0.0000
876     E         B          127           GLY           95.62           411      0      0     7.306     1.000     1.000     0.0911      0.0000      0.0000      0.0000
877     E         B          128           THR           96.61           411      0      0     7.306     1.000     1.000     0.0958      0.0000      0.0000      0.0000
878     E         B          129           ARG           96.38           411      0      0     7.306     1.000     1.000     0.0929      0.0000      0.0000      0.0000
879     E         B          130           LEU           96.71           411      0      0     7.306     1.000     1.000     0.0961      0.0000      0.0000      0.0000
880     E         B          131           THR           95.78           411      0      0     7.306     1.000     1.000     0.0922      0.0000      0.0000      0.0000
881     E         B          132           VAL           95.94           411      0      0     7.306     1.000     1.000     0.0970      0.0000      0.0000      0.0000
882     E         B          133           LEU           94.82           411      0      0     7.306     1.000     1.000     0.0905      0.0000      0.0000      0.0000
883     E         B          134           GLU           93.38           411      0      0     7.306     1.000     1.000     0.0883      0.0000      0.0000      0.0000
884     E         B          135           ASP           91.77           411      0      0     7.306     1.000     1.000     0.0813      0.0000      0.0000      0.0000
885     E         B          136           LEU           93.14           411      0      0     7.306     1.000     1.000     0.0878      0.0000      0.0000      0.0000
886     E         B          137           LYS           93.22           411      0      0     7.306     1.000     1.000     0.0849      0.0000      0.0000      0.0000
887     E         B          138           ASN           93.02           411      0      0     7.306     1.000     1.000     0.0844      0.0000      0.0000      0.0000
888     E         B          139           VAL           95.11           411      0      0     7.306     1.000     1.000     0.0900      0.0000      0.0000      0.0000
889     E         B          140           PHE           95.78           411      0      0     7.306     1.000     1.000     0.0902      0.0000      0.0000      0.0000
890     E         B          141           PRO           95.95           411      0      0     7.306     1.000     1.000     0.0887      0.0000      0.0000      0.0000
891     E         B          142           PRO           96.37           411      0      0     7.306     1.000     1.000     0.0883      0.0000      0.0000      0.0000
892     E         B          143           GLU           95.55           411      0      0     7.306     1.000     1.000     0.0893      0.0000      0.0000      0.0000
893     E         B          144           VAL           95.90           411      0      0     7.306     1.000     1.000     0.0906      0.0000      0.0000      0.0000
894     E         B          145           ALA           95.33           411      0      0     7.306     1.000     1.000     0.0884      0.0000      0.0000      0.0000
895     E         B          146           VAL           95.93           411      0      0     7.306     1.000     1.000     0.0917      0.0000      0.0000      0.0000
896     E         B          147           PHE           95.63           411      0      0     7.306     1.000     1.000     0.0957      0.0000      0.0000      0.0000
897     E         B          148           GLU           94.93           411      0      0     7.306     1.000     1.000     0.0912      0.0000      0.0000      0.0000
898     E         B          149           PRO           94.44           411      0      0     7.306     1.000     1.000     0.0919      0.0000      0.0000      0.0000
899     E         B          150           SER           92.06           411      0      0     7.306     1.000     1.000     0.0843      0.0000      0.0000      0.0000
900     E         B          151           GLU           91.07           411      0      0     7.306     1.000     1.000     0.0851      0.0000      0.0000      0.0000
901     E         B          152           ALA           91.18           411      0      0     7.306     1.000     1.000     0.0886      0.0000      0.0000      0.0000
902     E         B          153           GLU           92.59           411      0      0     7.306     1.000     1.000     0.0945      0.0000      0.0000      0.0000
903     E         B          154           ILE           92.21           411      0      0     7.306     1.000     1.000     0.0934      0.0000      0.0000      0.0000
904     E         B          155           SER           90.64           411      0      0     7.306     1.000     1.000     0.0862      0.0000      0.0000      0.0000
905     E         B          156           HIS           90.85           411      0      0     7.306     1.000     1.000     0.0858      0.0000      0.0000      0.0000
906     E         B          157           THR           90.91           411      0      0     7.306     1.000     1.000     0.0811      0.0000      0.0000      0.0000
907     E         B          158           GLN           92.22           411      0      0     7.306     1.000     1.000     0.0855      0.0000      0.0000      0.0000
908     E         B          159           LYS           93.40           411      0      0     7.306     1.000     1.000     0.0902      0.0000      0.0000      0.0000
909     E         B          160           ALA           94.48           411      0      0     7.306     1.000     1.000     0.0914      0.0000      0.0000      0.0000
910     E         B          161           THR           95.50           411      0      0     7.306     1.000     1.000     0.0952      0.0000      0.0000      0.0000
911     E         B          162           LEU           96.01           411      0      0     7.306     1.000     1.000     0.0971      0.0000      0.0000      0.0000
912     E         B          163           VAL           96.45           411      0      0     7.306     1.000     1.000     0.0972      0.0000      0.0000      0.0000
913     E         B          164           CYS           96.40           411      0      0     7.306     1.000     1.000     0.0947      0.0000      0.0000      0.0000
914     E         B          165           LEU           96.06           411      0      0     7.306     1.000     1.000     0.0945      0.0000      0.0000      0.0000
915     E         B          166           ALA           96.36           411      0      0     7.306     1.000     1.000     0.0942      0.0000      0.0000      0.0000
916     E         B          167           THR           95.37           411      0      0     7.306     1.000     1.000     0.0895      0.0000      0.0000      0.0000
917     E         B          168           GLY           94.77           411      0      0     7.306     1.000     1.000     0.0852      0.0000      0.0000      0.0000
918     E         B          169           PHE           96.34           411      0      0     7.306     1.000     1.000     0.0909      0.0000      0.0000      0.0000
919     E         B          170           TYR           96.09           411      0      0     7.306     1.000     1.000     0.0887      0.0000      0.0000      0.0000
920     E         B          171           PRO           95.45           411      0      0     7.306     1.000     1.000     0.0847      0.0000      0.0000      0.0000
921     E         B          172           ASP           94.30           411      0      0     7.306     1.000     1.000     0.0849      0.0000      0.0000      0.0000
922     E         B          173           HIS           95.49           411      0      0     7.306     1.000     1.000     0.0854      0.0000      0.0000      0.0000
923     E         B          174           VAL           96.24           411      0      0     7.306     1.000     1.000     0.0881      0.0000      0.0000      0.0000
924     E         B          175           GLU           96.29           411      0      0     7.306     1.000     1.000     0.0884      0.0000      0.0000      0.0000
925     E         B          176           LEU           96.53           411      0      0     7.306     1.000     1.000     0.0896      0.0000      0.0000      0.0000
926     E         B          177           SER           96.86           411      0      0     7.306     1.000     1.000     0.0896      0.0000      0.0000      0.0000
927     E         B          178           TRP           97.33           411      0      0     7.306     1.000     1.000     0.0923      0.0000      0.0000      0.0000
928     E         B          179           TRP           97.20           411      0      0     7.306     1.000     1.000     0.0892      0.0000      0.0000      0.0000
929     E         B          180           VAL           96.29           411      0      0     7.306     1.000     1.000     0.0878      0.0000      0.0000      0.0000
930     E         B          181           ASN           94.83           411      0      0     7.306     1.000     1.000     0.0824      0.0000      0.0000      0.0000
931     E         B          182           GLY           94.50           411      0      0     7.306     1.000     1.000     0.0780      0.0000      0.0000      0.0000
932     E         B          183           LYS           95.97           411      0      0     7.306     1.000     1.000     0.0839      0.0000      0.0000      0.0000
933     E         B          184           GLU           96.28           411      0      0     7.306     1.000     1.000     0.0892      0.0000      0.0000      0.0000
934     E         B          185           VAL           96.05           411      0      0     7.306     1.000     1.000     0.0871      0.0000      0.0000      0.0000
935     E         B          186           HIS           93.79           411      0      0     7.306     1.000     1.000     0.0897      0.0000      0.0000      0.0000
936     E         B          187           SER           93.12           411      0      0     7.306     1.000     1.000     0.0856      0.0000      0.0000      0.0000
937     E         B          188           GLY           93.77           411      0      0     7.306     1.000     1.000     0.0827      0.0000      0.0000      0.0000
938     E         B          189           VAL           95.83           411      0      0     7.306     1.000     1.000     0.0906      0.0000      0.0000      0.0000
939     E         B          190           SER           95.38           411      0      0     7.306     1.000     1.000     0.0880      0.0000      0.0000      0.0000
940     E         B          191           THR           94.97           411      0      0     7.306     1.000     1.000     0.0930      0.0000      0.0000      0.0000
941     E         B          192           ASP           94.38           411      0      0     7.306     1.000     1.000     0.0921      0.0000      0.0000      0.0000
942     E         B          193           PRO           91.70           411      0      0     7.306     1.000     1.000     0.0908      0.0000      0.0000      0.0000
943     E         B          194           GLN           91.57           411      0      0     7.306     1.000     1.000     0.0894      0.0000      0.0000      0.0000
944     E         B          195           PRO           94.24           411      0      0     7.306     1.000     1.000     0.0903      0.0000      0.0000      0.0000
945     E         B          196           LEU           93.47           411      0      0     7.306     1.000     1.000     0.0891      0.0000      0.0000      0.0000
946     E         B          197           LYS           92.83           411      0      0     7.306     1.000     1.000     0.0911      0.0000      0.0000      0.0000
947     E         B          198           GLU           91.72           411      0      0     7.306     1.000     1.000     0.0843      0.0000      0.0000      0.0000
948     E         B          199           GLN           90.45           411      0      0     7.306     1.000     1.000     0.0774      0.0000      0.0000      0.0000
949     E         B          200           PRO           87.82           411      0      0     7.306     1.000     1.000     0.0748      0.0000      0.0000      0.0000
950     E         B          201           ALA           87.82           411      0      0     7.306     1.000     1.000     0.0717      0.0000      0.0000      0.0000
951     E         B          202           LEU           87.76           411      0      0     7.306     1.000     1.000     0.0706      0.0000      0.0000      0.0000
952     E         B          203           ASN           85.66           411      0      0     7.306     1.000     1.000     0.0733      0.0000      0.0000      0.0000
953     E         B          204           ASP           88.45           411      0      0     7.306     1.000     1.000     0.0723      0.0000      0.0000      0.0000
954     E         B          205           SER           92.49           411      0      0     7.306     1.000     1.000     0.0791      0.0000      0.0000      0.0000
955     E         B          206           ARG           95.23           411      0      0     7.306     1.000     1.000     0.0892      0.0000      0.0000      0.0000
956     E         B          207           TYR           95.99           411      0      0     7.306     1.000     1.000     0.0942      0.0000      0.0000      0.0000
957     E         B          208           CYS           95.83           411      0      0     7.306     1.000     1.000     0.0921      0.0000      0.0000      0.0000
958     E         B          209           LEU           96.51           411      0      0     7.306     1.000     1.000     0.0956      0.0000      0.0000      0.0000
959     E         B          210           SER           96.39           411      0      0     7.306     1.000     1.000     0.0920      0.0000      0.0000      0.0000
960     E         B          211           SER           96.78           411      0      0     7.306     1.000     1.000     0.0915      0.0000      0.0000      0.0000
961     E         B          212           ARG           96.33           411      0      0     7.306     1.000     1.000     0.0921      0.0000      0.0000      0.0000
962     E         B          213           LEU           96.59           411      0      0     7.306     1.000     1.000     0.0959      0.0000      0.0000      0.0000
963     E         B          214           ARG           96.09           411      0      0     7.306     1.000     1.000     0.0895      0.0000      0.0000      0.0000
964     E         B          215           VAL           95.43           411      0      0     7.306     1.000     1.000     0.0894      0.0000      0.0000      0.0000
965     E         B          216           SER           94.25           411      0      0     7.306     1.000     1.000     0.0891      0.0000      0.0000      0.0000
966     E         B          217           ALA           92.91           411      0      0     7.306     1.000     1.000     0.0884      0.0000      0.0000      0.0000
967     E         B          218           THR           92.21           411      0      0     7.306     1.000     1.000     0.0870      0.0000      0.0000      0.0000
968     E         B          219           PHE           93.85           411      0      0     7.306     1.000     1.000     0.0902      0.0000      0.0000      0.0000
969     E         B          220           TRP           94.52           411      0      0     7.306     1.000     1.000     0.0952      0.0000      0.0000      0.0000
970     E         B          221           GLN           92.08           411      0      0     7.306     1.000     1.000     0.0894      0.0000      0.0000      0.0000
971     E         B          222           ASN           91.85           411      0      0     7.306     1.000     1.000     0.0879      0.0000      0.0000      0.0000
972     E         B          223           PRO           90.84           411      0      0     7.306     1.000     1.000     0.0830      0.0000      0.0000      0.0000
973     E         B          224           ARG           90.93           411      0      0     7.306     1.000     1.000     0.0819      0.0000      0.0000      0.0000
974     E         B          225           ASN           93.76           411      0      0     7.306     1.000     1.000     0.0859      0.0000      0.0000      0.0000
975     E         B          226           HIS           95.57           411      0      0     7.306     1.000     1.000     0.0869      0.0000      0.0000      0.0000
976     E         B          227           PHE           96.40           411      0      0     7.306     1.000     1.000     0.0925      0.0000      0.0000      0.0000
977     E         B          228           ARG           96.75           411      0      0     7.306     1.000     1.000     0.0896      0.0000      0.0000      0.0000
978     E         B          229           CYS           96.46           411      0      0     7.306     1.000     1.000     0.0913      0.0000      0.0000      0.0000
979     E         B          230           GLN           97.22           411      0      0     7.306     1.000     1.000     0.0888      0.0000      0.0000      0.0000
980     E         B          231           VAL           97.06           411      0      0     7.306     1.000     1.000     0.0908      0.0000      0.0000      0.0000
981     E         B          232           GLN           97.26           411      0      0     7.306     1.000     1.000     0.0875      0.0000      0.0000      0.0000
982     E         B          233           PHE           96.90           411      0      0     7.306     1.000     1.000     0.0900      0.0000      0.0000      0.0000
983     E         B          234           TYR           96.19           411      0      0     7.306     1.000     1.000     0.0891      0.0000      0.0000      0.0000
984     E         B          235           GLY           94.15           411      0      0     7.306     1.000     1.000     0.0807      0.0000      0.0000      0.0000
985     E         B          236           LEU           94.23           411      0      0     7.306     1.000     1.000     0.0843      0.0000      0.0000      0.0000
986     E         B          237           SER           91.46           411      0      0     7.306     1.000     1.000     0.0778      0.0000      0.0000      0.0000
987     E         B          238           GLU           88.82           411      0      0     7.306     1.000     1.000     0.0727      0.0000      0.0000      0.0000
988     E         B          239           ASN           88.31           411      0      0     7.306     1.000     1.000     0.0734      0.0000      0.0000      0.0000
989     E         B          240           ASP           89.42           411      0      0     7.306     1.000     1.000     0.0752      0.0000      0.0000      0.0000
990     E         B          241           GLU           88.73           411      0      0     7.306     1.000     1.000     0.0742      0.0000      0.0000      0.0000
991     E         B          242           TRP           91.82           411      0      0     7.306     1.000     1.000     0.0780      0.0000      0.0000      0.0000
992     E         B          243           THR           90.19           411      0      0     7.306     1.000     1.000     0.0703      0.0000      0.0000      0.0000
993     E         B          244           GLN           90.33           411      0      0     7.306     1.000     1.000     0.0710      0.0000      0.0000      0.0000
994     E         B          245           ASP           91.79           411      0      0     7.306     1.000     1.000     0.0692      0.0000      0.0000      0.0000
995     E         B          246           ARG           91.75           411      0      0     7.306     1.000     1.000     0.0747      0.0000      0.0000      0.0000
996     E         B          247           ALA           92.82           411      0      0     7.306     1.000     1.000     0.0771      0.0000      0.0000      0.0000
997     E         B          248           LYS           93.95           411      0      0     7.306     1.000     1.000     0.0815      0.0000      0.0000      0.0000
998     E         B          249           PRO           94.12           411      0      0     7.306     1.000     1.000     0.0793      0.0000      0.0000      0.0000
999     E         B          250           VAL           93.47           411      0      0     7.306     1.000     1.000     0.0816      0.0000      0.0000      0.0000
1000    E         B          251           THR           94.32           411      0      0     7.306     1.000     1.000     0.0849      0.0000      0.0000      0.0000
1001    E         B          252           GLN           95.45           411      0      0     7.306     1.000     1.000     0.0830      0.0000      0.0000      0.0000
1002    E         B          253           ILE           95.65           411      0      0     7.306     1.000     1.000     0.0838      0.0000      0.0000      0.0000
1003    E         B          254           VAL           95.32           411      0      0     7.306     1.000     1.000     0.0858      0.0000      0.0000      0.0000
1004    E         B          255           SER           94.80           411      0      0     7.306     1.000     1.000     0.0793      0.0000      0.0000      0.0000
1005    E         B          256           ALA           94.85           411      0      0     7.306     1.000     1.000     0.0834      0.0000      0.0000      0.0000
1006    E         B          257           GLU           94.32           411      0      0     7.306     1.000     1.000     0.0782      0.0000      0.0000      0.0000
1007    E         B          258           ALA           93.35           411      0      0     7.306     1.000     1.000     0.0808      0.0000      0.0000      0.0000
1008    E         B          259           TRP           93.14           411      0      0     7.306     1.000     1.000     0.0849      0.0000      0.0000      0.0000
1009    E         B          260           GLY           90.41           411      0      0     7.306     1.000     1.000     0.0778      0.0000      0.0000      0.0000
1010    E         B          261           ARG           89.12           411      0      0     7.306     1.000     1.000     0.0727      0.0000      0.0000      0.0000
1011    E         B          262           ALA           84.20           411      0      0     7.306     1.000     1.000     0.0719      0.0000      0.0000      0.0000
1012    E         B          263           ASP           81.12           411      0      0     7.306     1.000     1.000     0.0657      0.0000      0.0000      0.0000
1013    E         B          264           CYS           81.82           411      0      0     7.306     1.000     1.000     0.0649      0.0000      0.0000      0.0000
1014    E         B          265           GLY           76.53           411      0      0     7.306     1.000     1.000     0.0629      0.0000      0.0000      0.0000
1015    E         B          266           PHE           76.35           411      0      0     7.306     1.000     1.000     0.0662      0.0000      0.0000      0.0000
1016    E         B          267           THR           80.88           411      0      0     7.306     1.000     1.000     0.0673      0.0000      0.0000      0.0000
1017    E         B          268           SER           77.67           411      0      0     7.306     1.000     1.000     0.0683      0.0000      0.0000      0.0000
1018    E         B          269           GLU           78.95           411      0      0     7.306     1.000     1.000     0.0708      0.0000      0.0000      0.0000
1019    E         B          270           SER           79.67           411      0      0     7.306     1.000     1.000     0.0710      0.0000      0.0000      0.0000
1020    E         B          271           TYR           81.46           411      0      0     7.306     1.000     1.000     0.0749      0.0000      0.0000      0.0000
1021    E         B          272           GLN           81.72           411      0      0     7.306     1.000     1.000     0.0714      0.0000      0.0000      0.0000
1022    E         B          273           GLN           80.09           411      0      0     7.306     1.000     1.000     0.0725      0.0000      0.0000      0.0000
1023    E         B          274           GLY           79.55           411      0      0     7.306     1.000     1.000     0.0697      0.0000      0.0000      0.0000
1024    E         B          275           VAL           86.29           411      0      0     7.306     1.000     1.000     0.0718      0.0000      0.0000      0.0000
1025    E         B          276           LEU           82.66           411      0      0     7.306     1.000     1.000     0.0699      0.0000      0.0000      0.0000
1026    E         B          277           SER           83.55           411      0      0     7.306     1.000     1.000     0.0700      0.0000      0.0000      0.0000
1027    E         B          278           ALA           84.73           411      0      0     7.306     1.000     1.000     0.0702      0.0000      0.0000      0.0000
1028    E         B          279           THR           87.66           411      0      0     7.306     1.000     1.000     0.0700      0.0000      0.0000      0.0000
1029    E         B          280           ILE           87.00           411      0      0     7.306     1.000     1.000     0.0698      0.0000      0.0000      0.0000
1030    E         B          281           LEU           87.53           411      0      0     7.306     1.000     1.000     0.0681      0.0000      0.0000      0.0000
1031    E         B          282           TYR           86.62           411      0      0     7.306     1.000     1.000     0.0718      0.0000      0.0000      0.0000
1032    E         B          283           GLU           87.45           411      0      0     7.306     1.000     1.000     0.0681      0.0000      0.0000      0.0000
1033    E         B          284           ILE           86.03           411      0      0     7.306     1.000     1.000     0.0672      0.0000      0.0000      0.0000
1034    E         B          285           LEU           85.38           411      0      0     7.306     1.000     1.000     0.0668      0.0000      0.0000      0.0000
1035    E         B          286           LEU           86.72           411      0      0     7.306     1.000     1.000     0.0700      0.0000      0.0000      0.0000
1036    E         B          287           GLY           87.06           411      0      0     7.306     1.000     1.000     0.0671      0.0000      0.0000      0.0000
1037    E         B          288           LYS           85.57           411      0      0     7.306     1.000     1.000     0.0640      0.0000      0.0000      0.0000
1038    E         B          289           ALA           83.34           411      0      0     7.306     1.000     1.000     0.0664      0.0000      0.0000      0.0000
1039    E         B          290           THR           89.98           411      0      0     7.306     1.000     1.000     0.0634      0.0000      0.0000      0.0000
1040    E         B          291           LEU           89.01           411      0      0     7.306     1.000     1.000     0.0641      0.0000      0.0000      0.0000
1041    E         B          292           TYR           88.15           411      0      0     7.306     1.000     1.000     0.0621      0.0000      0.0000      0.0000
1042    E         B          293           ALA           86.94           411      0      0     7.306     1.000     1.000     0.0639      0.0000      0.0000      0.0000
1043    E         B          294           VAL           92.57           411      0      0     7.306     1.000     1.000     0.0617      0.0000      0.0000      0.0000
1044    E         B          295           LEU           89.72           411      0      0     7.306     1.000     1.000     0.0614      0.0000      0.0000      0.0000
1045    E         B          296           VAL           87.21           411      0      0     7.306     1.000     1.000     0.0616      0.0000      0.0000      0.0000
1046    E         B          297           SER           89.76           411      0      0     7.306     1.000     1.000     0.0594      0.0000      0.0000      0.0000
1047    E         B          298           ALA           89.83           411      0      0     7.306     1.000     1.000     0.0594      0.0000      0.0000      0.0000
1048    E         B          299           LEU           87.56           411      0      0     7.306     1.000     1.000     0.0600      0.0000      0.0000      0.0000
1049    E         B          300           VAL           85.40           411      0      0     7.306     1.000     1.000     0.0593      0.0000      0.0000      0.0000
1050    E         B          301           LEU           88.38           411      0      0     7.306     1.000     1.000     0.0574      0.0000      0.0000      0.0000
1051    E         B          302           MET           87.69           411      0      0     7.306     1.000     1.000     0.0571      0.0000      0.0000      0.0000
1052    E         B          303           ALA           83.67           411      0      0     7.306     1.000     1.000     0.0572      0.0000      0.0000      0.0000
1053    E         B          304           MET           84.60           411      0      0     7.306     1.000     1.000     0.0557      0.0000      0.0000      0.0000
1054    E         B          305           VAL           87.06           411      0      0     7.306     1.000     1.000     0.0562      0.0000      0.0000      0.0000
1055    E         B          306           LYS           84.75           411      0      0     7.306     1.000     1.000     0.0554      0.0000      0.0000      0.0000
1056    E         B          307           ARG           82.73           411      0      0     7.306     1.000     1.000     0.0548      0.0000      0.0000      0.0000
1057    E         B          308           LYS           80.70           411      0      0     7.306     1.000     1.000     0.0546      0.0000      0.0000      0.0000
1058    E         B          309           ASP           80.97           411      0      0     7.306     1.000     1.000     0.0548      0.0000      0.0000      0.0000
1059    E         B          310           SER           79.86           411      0      0     7.306     1.000     1.000     0.0542      0.0000      0.0000      0.0000
1060    E         B          311           ARG           69.91           411      0      0     7.306     1.000     1.000     0.0526      0.0000      0.0000      0.0000
1061    E         B          312           GLY           52.66           411      0      0     7.306     1.000     1.000     0.0515      0.0000      0.0000      0.0000
750     E         C            1           MET           23.15           321     12      0     6.556     1.000     1.000     0.0415      0.0000      0.0000      0.0000
751     E         C            2           SER           27.00           321     12      0     6.556     1.000     1.000     0.0421      0.0000      0.0000      0.0000
752     E         C            3           ILE           31.11           321     12      0     6.556     1.000     1.000     0.0422      0.0000      0.0000      0.0000
753     E         C            4           GLY           30.60           321     12      0     6.556     1.000     1.000     0.0424      0.0000      0.0000      0.0000
754     E         C            5           LEU           27.94           321     12      0     6.556     1.000     1.000     0.0425      0.0000      0.0000      0.0000
755     E         C            6           LEU           27.76           321     12      0     6.556     1.000     1.000     0.0428      0.0000      0.0000      0.0000
756     E         C            7           CYS           26.37           321     12      0     6.556     1.000     1.000     0.0429      0.0000      0.0000      0.0000
757     E         C            8           CYS           26.03           321     12      0     6.556     1.000     1.000     0.0433      0.0000      0.0000      0.0000
758     E         C            9           ALA           29.48           321     12      0     6.556     1.000     1.000     0.0438      0.0000      0.0000      0.0000
759     E         C           10           ALA           29.68           321     12      0     6.556     1.000     1.000     0.0439      0.0000      0.0000      0.0000
760     E         C           11           LEU           26.55           321     12      0     6.556     1.000     1.000     0.0444      0.0000      0.0000      0.0000
761     E         C           12           SER           27.17           321     12      0     6.556     1.000     1.000     0.0449      0.0000      0.0000      0.0000
762     E         C           13           LEU           24.83           321     12      0     6.556     1.000     1.000     0.0448      0.0000      0.0000      0.0000
763     E         C           14           LEU           27.10           321     12      0     6.556     1.000     1.000     0.0457      0.0000      0.0000      0.0000
764     E         C           15           TRP           28.65           321     12      0     6.556     1.000     1.000     0.0461      0.0000      0.0000      0.0000
765     E         C           16           ALA           32.17           321     12      0     6.556     1.000     1.000     0.0465      0.0000      0.0000      0.0000
766     E         C           17           GLY           33.99           321     12      0     6.556     1.000     1.000     0.0469      0.0000      0.0000      0.0000
767     E         C           18           PRO           31.83           321     12      0     6.556     1.000     1.000     0.0486      0.0000      0.0000      0.0000
768     E         C           19           VAL           38.22           321     12      0     6.556     1.000     1.000     0.0520      0.0000      0.0000      0.0000
769     E         C           20           ASN           45.10           321     12      0     6.556     1.000     1.000     0.0558      0.0000      0.0000      0.0000
770     E         C           21           ALA           57.56           321     12      0     6.556     1.000     1.000     0.0610      0.0000      0.0000      0.0000
771     E         C           22           GLY           86.54           321     12      0     6.556     1.000     1.000     0.0886      0.0000      0.0000      0.0000
772     E         C           23           VAL           94.96           321     12      0     6.556     1.000     1.000     0.1789      0.0000      0.0000      0.0000
773     E         C           24           THR           95.96           321     12      0     6.556     1.000     1.000     0.2001      0.0000      0.0000      0.0000
774     E         C           25           GLN           95.94           321     12      0     6.556     1.000     1.000     0.1920      0.0000      0.0000      0.0000
775     E         C           26           THR           94.92           321     12      0     6.556     1.000     1.000     0.1779      0.0000      0.0000      0.0000
776     E         C           27           PRO           95.09           321     12      0     6.556     1.000     1.000     0.1630      0.0000      0.0000      0.0000
777     E         C           28           LYS           95.07           321     12      0     6.556     1.000     1.000     0.1831      0.0000      0.0000      0.0000
778     E         C           29           PHE           96.02           321     12      0     6.556     1.000     1.000     0.1844      0.0000      0.0000      0.0000
779     E         C           30           GLN           96.31           321     12      0     6.556     1.000     1.000     0.1786      0.0000      0.0000      0.0000
780     E         C           31           VAL           95.70           321     12      0     6.556     1.000     1.000     0.1783      0.0000      0.0000      0.0000
781     E         C           32           LEU           94.97           321     12      0     6.556     1.000     1.000     0.1714      0.0000      0.0000      0.0000
782     E         C           33           LYS           94.56           321     12      0     6.556     1.000     1.000     0.1737      0.0000      0.0000      0.0000
783     E         C           34           THR           94.93           321     12      0     6.556     1.000     1.000     0.1664      0.0000      0.0000      0.0000
784     E         C           35           GLY           94.37           321     12      0     6.556     1.000     1.000     0.1464      0.0000      0.0000      0.0000
785     E         C           36           GLN           93.26           321     12      0     6.556     1.000     1.000     0.1616      0.0000      0.0000      0.0000
786     E         C           37           SER           94.11           321     12      0     6.556     1.000     1.000     0.1751      0.0000      0.0000      0.0000
787     E         C           38           MET           95.13           321     12      0     6.556     1.000     1.000     0.1717      0.0000      0.0000      0.0000
788     E         C           39           THR           96.32           321     12      0     6.556     1.000     1.000     0.2047      0.0000      0.0000      0.0000
789     E         C           40           LEU           96.79           321     12      1     6.556     1.000     1.000     0.2065      0.3048      0.0101      0.0101
790     E         C           41           GLN           96.47           321     12      0     6.556     1.000     1.000     0.2046      0.0000      0.0000      0.0000
791     E         C           42           CYS           96.48           321     12      0     6.556     1.000     1.000     0.1994      0.0000      0.0000      0.0000
792     E         C           43           ALA           96.15           321     12      0     6.556     1.000     1.000     0.2003      0.0000      0.0000      0.0000
793     E         C           44           GLN           94.54           321     12      0     6.556     1.000     1.000     0.1846      0.0000      0.0000      0.0000
794     E         C           45           ASP           91.76           321     12      0     6.556     1.000     1.000     0.1811      0.0000      0.0000      0.0000
795     E         C           46           MET           88.26           321     12      0     6.556     1.000     1.000     0.1894      0.0000      0.0000      0.0000
796     E         C           47           ASN           80.98           321     12      0     6.556     1.000     1.000     0.1897      0.0000      0.0000      0.0000
797     E         C           48           HIS           83.62           321     12      0     6.556     1.000     1.000     0.1912      0.0000      0.0000      0.0000
798     E         C           49           GLU           77.96           321     12      0     6.556     1.000     1.000     0.2019      0.0000      0.0000      0.0000
799     E         C           50           TYR           85.18           321     12      0     6.556     1.000     1.000     0.2149      0.0000      0.0000      0.0000
800     E         C           51           MET           90.27           321     12      1     6.556     1.000     1.000     0.2227      0.3180      0.0107      0.0107
801     E         C           52           SER           93.13           321     12      1     6.556     1.000     1.000     0.2224      0.3092      0.0103      0.0103
802     E         C           53           TRP           95.95           321     12      1     6.556     1.000     1.000     0.2252      0.3048      0.0101      0.0101
803     E         C           54           TYR           96.07           321     12      2     6.556     1.000     1.000     0.2323      0.3092      0.0103      0.0103
804     E         C           55           ARG           96.27           321     12      0     6.556     1.000     1.000     0.2076      0.0000      0.0000      0.0000
805     E         C           56           GLN           95.90           321     12      0     6.556     1.000     1.000     0.1990      0.0000      0.0000      0.0000
806     E         C           57           ASP           94.18           321     12      0     6.556     1.000     1.000     0.1831      0.0000      0.0000      0.0000
807     E         C           58           PRO           90.35           321     12      0     6.556     1.000     1.000     0.1544      0.0000      0.0000      0.0000
808     E         C           59           GLY           87.50           321     12      0     6.556     1.000     1.000     0.1416      0.0000      0.0000      0.0000
809     E         C           60           MET           88.98           321     12      0     6.556     1.000     1.000     0.1564      0.0000      0.0000      0.0000
810     E         C           61           GLY           89.00           321     12      0     6.556     1.000     1.000     0.1598      0.0000      0.0000      0.0000
811     E         C           62           LEU           93.57           321     12      0     6.556     1.000     1.000     0.1957      0.0000      0.0000      0.0000
812     E         C           63           ARG           94.38           321     12      0     6.556     1.000     1.000     0.2086      0.0000      0.0000      0.0000
813     E         C           64           LEU           92.73           321     12      1     6.556     1.000     1.000     0.2112      0.3048      0.0101      0.0101
814     E         C           65           ILE           94.69           321     12      0     6.556     1.000     1.000     0.2073      0.0000      0.0000      0.0000
815     E         C           66           HIS           92.09           321     12      0     6.556     1.000     1.000     0.2020      0.0000      0.0000      0.0000
816     E         C           67           TYR           86.76           321     12      0     6.556     1.000     1.000     0.1985      0.0000      0.0000      0.0000
817     E         C           68           SER           83.92           321     12      0     6.556     1.000     1.000     0.1979      0.0000      0.0000      0.0000
818     E         C           69           VAL           72.84           321     12      0     6.556     1.000     1.000     0.1988      0.0000      0.0000      0.0000
819     E         C           70           GLY           71.37           321     12      0     6.556     1.000     1.000     0.1822      0.0000      0.0000      0.0000
820     E         C           71           ALA           72.79           321     12      0     6.556     1.000     1.000     0.1763      0.0000      0.0000      0.0000
821     E         C           72           GLY           67.02           321     12      0     6.556     1.000     1.000     0.1648      0.0000      0.0000      0.0000
822     E         C           73           ILE           68.47           321     12      0     6.556     1.000     1.000     0.1718      0.0000      0.0000      0.0000
823     E         C           74           THR           76.54           321     12      0     6.556     1.000     1.000     0.1820      0.0000      0.0000      0.0000
824     E         C           75           ASP           77.14           321     12      0     6.556     1.000     1.000     0.1810      0.0000      0.0000      0.0000
825     E         C           76           GLN           82.98           321     12      0     6.556     1.000     1.000     0.1920      0.0000      0.0000      0.0000
826     E         C           77           GLY           85.26           321     12      0     6.556     1.000     1.000     0.1851      0.0000      0.0000      0.0000
827     E         C           78           GLU           87.15           321     12      0     6.556     1.000     1.000     0.1866      0.0000      0.0000      0.0000
828     E         C           79           VAL           92.12           321     12      0     6.556     1.000     1.000     0.1868      0.0000      0.0000      0.0000
829     E         C           80           PRO           91.79           321     12      0     6.556     1.000     1.000     0.1745      0.0000      0.0000      0.0000
830     E         C           81           ASN           92.64           321     12      0     6.556     1.000     1.000     0.1785      0.0000      0.0000      0.0000
831     E         C           82           GLY           93.86           321     12      0     6.556     1.000     1.000     0.1778      0.0000      0.0000      0.0000
832     E         C           83           TYR           95.98           321     12      0     6.556     1.000     1.000     0.1990      0.0000      0.0000      0.0000
833     E         C           84           ASN           94.91           321     12      0     6.556     1.000     1.000     0.1932      0.0000      0.0000      0.0000
834     E         C           85           VAL           93.39           321     12      0     6.556     1.000     1.000     0.1872      0.0000      0.0000      0.0000
835     E         C           86           SER           90.25           321     12      0     6.556     1.000     1.000     0.1841      0.0000      0.0000      0.0000
836     E         C           87           ARG           88.17           321     12      0     6.556     1.000     1.000     0.1813      0.0000      0.0000      0.0000
837     E         C           88           SER           86.95           321     12      0     6.556     1.000     1.000     0.1821      0.0000      0.0000      0.0000
838     E         C           89           THR           86.84           321     12      0     6.556     1.000     1.000     0.1888      0.0000      0.0000      0.0000
839     E         C           90           THR           85.99           321     12      0     6.556     1.000     1.000     0.1896      0.0000      0.0000      0.0000
840     E         C           91           GLU           91.37           321     12      0     6.556     1.000     1.000     0.1951      0.0000      0.0000      0.0000
841     E         C           92           ASP           94.58           321     12      0     6.556     1.000     1.000     0.1977      0.0000      0.0000      0.0000
842     E         C           93           PHE           95.78           321     12      1     6.556     1.000     1.000     0.2035      0.3048      0.0101      0.0101
843     E         C           94           PRO           96.66           321     12      1     6.556     1.000     1.000     0.2096      0.3136      0.0105      0.0105
844     E         C           95           LEU           97.05           321     12      0     6.556     1.000     1.000     0.2027      0.0000      0.0000      0.0000
845     E         C           96           ARG           96.46           321     12      0     6.556     1.000     1.000     0.2004      0.0000      0.0000      0.0000
846     E         C           97           LEU           95.56           321     12      0     6.556     1.000     1.000     0.1858      0.0000      0.0000      0.0000
847     E         C           98           LEU           91.82           321     12      0     6.556     1.000     1.000     0.1540      0.0000      0.0000      0.0000
848     E         C           99           SER           95.05           321     12      0     6.556     1.000     1.000     0.1530      0.0000      0.0000      0.0000
849     E         C          100           ALA           95.43           321     12      0     6.556     1.000     1.000     0.1604      0.0000      0.0000      0.0000
850     E         C          101           ALA           95.93           321     12      0     6.556     1.000     1.000     0.1734      0.0000      0.0000      0.0000
851     E         C          102           PRO           95.10           321     12      0     6.556     1.000     1.000     0.1814      0.0000      0.0000      0.0000
852     E         C          103           SER           95.61           321     12      0     6.556     1.000     1.000     0.1880      0.0000      0.0000      0.0000
853     E         C          104           GLN           95.97           321     12      0     6.556     1.000     1.000     0.1842      0.0000      0.0000      0.0000
854     E         C          105           THR           95.59           321     12      0     6.556     1.000     1.000     0.1914      0.0000      0.0000      0.0000
855     E         C          106           SER           95.96           321     12      0     6.556     1.000     1.000     0.1783      0.0000      0.0000      0.0000
856     E         C          107           VAL           96.64           321     12      0     6.556     1.000     1.000     0.2037      0.0000      0.0000      0.0000
857     E         C          108           TYR           97.41           321     12      0     6.556     1.000     1.000     0.2130      0.0000      0.0000      0.0000
858     E         C          109           PHE           96.99           321     12      0     6.556     1.000     1.000     0.2203      0.0000      0.0000      0.0000
859     E         C          110           CYS           96.37           321     12      0     6.556     1.000     1.000     0.2153      0.0000      0.0000      0.0000
860     E         C          111           ALA           94.75           321     12      0     6.556     1.000     1.000     0.2197      0.0000      0.0000      0.0000
861     E         C          112           SER           92.13           321     12      0     6.556     1.000     1.000     0.2033      0.0000      0.0000      0.0000
862     E         C          113           GLN           86.03           321     12      0     6.556     1.000     1.000     0.1977      0.0000      0.0000      0.0000
863     E         C          114           LYS           74.80           321     12      0     6.556     1.000     1.000     0.1779      0.0000      0.0000      0.0000
864     E         C          115           SER           65.80           321     12      0     6.556     1.000     1.000     0.1811      0.0000      0.0000      0.0000
865     E         C          116           GLY           54.85           321     12      0     6.556     1.000     1.000     0.1879      0.0000      0.0000      0.0000
866     E         C          117           SER           60.00           321     12      0     6.556     1.000     1.000     0.1841      0.0000      0.0000      0.0000
867     E         C          118           SER           64.75           321     12      0     6.556     1.000     1.000     0.1821      0.0000      0.0000      0.0000
868     E         C          119           TYR           72.24           321     12      0     6.556     1.000     1.000     0.1853      0.0000      0.0000      0.0000
869     E         C          120           ASN           75.05           321     12      0     6.556     1.000     1.000     0.1832      0.0000      0.0000      0.0000
870     E         C          121           GLU           83.38           321     12      0     6.556     1.000     1.000     0.2029      0.0000      0.0000      0.0000
871     E         C          122           GLN           89.89           321     12      0     6.556     1.000     1.000     0.2119      0.0000      0.0000      0.0000
872     E         C          123           PHE           94.00           321     12      1     6.556     1.000     1.000     0.2144      0.3092      0.0103      0.0103
873     E         C          124           PHE           95.44           321     12      1     6.556     1.000     1.000     0.2239      0.3136      0.0105      0.0105
874     E         C          125           GLY           95.52           321     12      0     6.556     1.000     1.000     0.2008      0.0000      0.0000      0.0000
875     E         C          126           PRO           94.99           321     12      0     6.556     1.000     1.000     0.1986      0.0000      0.0000      0.0000
876     E         C          127           GLY           95.62           321     12      0     6.556     1.000     1.000     0.1840      0.0000      0.0000      0.0000
877     E         C          128           THR           96.61           321     12      0     6.556     1.000     1.000     0.1987      0.0000      0.0000      0.0000
878     E         C          129           ARG           96.38           321     12      0     6.556     1.000     1.000     0.1903      0.0000      0.0000      0.0000
879     E         C          130           LEU           96.71           321     12      0     6.556     1.000     1.000     0.1870      0.0000      0.0000      0.0000
880     E         C          131           THR           95.78           321     12      0     6.556     1.000     1.000     0.1825      0.0000      0.0000      0.0000
881     E         C          132           VAL           95.94           321     12      0     6.556     1.000     1.000     0.1811      0.0000      0.0000      0.0000
882     E         C          133           LEU           94.82           321     12      0     6.556     1.000     1.000     0.1687      0.0000      0.0000      0.0000
883     E         C          134           GLU           93.38           321     12      0     6.556     1.000     1.000     0.1551      0.0000      0.0000      0.0000
884     E         C          135           ASP           91.77           321     12      0     6.556     1.000     1.000     0.1320      0.0000      0.0000      0.0000
885     E         C          136           LEU           93.14           321     12      0     6.556     1.000     1.000     0.1502      0.0000      0.0000      0.0000
886     E         C          137           LYS           93.22           321     12      0     6.556     1.000     1.000     0.1390      0.0000      0.0000      0.0000
887     E         C          138           ASN           93.02           321     12      0     6.556     1.000     1.000     0.1383      0.0000      0.0000      0.0000
888     E         C          139           VAL           95.11           321     12      0     6.556     1.000     1.000     0.1575      0.0000      0.0000      0.0000
889     E         C          140           PHE           95.78           321     12      0     6.556     1.000     1.000     0.1584      0.0000      0.0000      0.0000
890     E         C          141           PRO           95.95           321     12      0     6.556     1.000     1.000     0.1583      0.0000      0.0000      0.0000
891     E         C          142           PRO           96.37           321     12      0     6.556     1.000     1.000     0.1594      0.0000      0.0000      0.0000
892     E         C          143           GLU           95.55           321     12      0     6.556     1.000     1.000     0.1580      0.0000      0.0000      0.0000
893     E         C          144           VAL           95.90           321     12      0     6.556     1.000     1.000     0.1626      0.0000      0.0000      0.0000
894     E         C          145           ALA           95.33           321     12      0     6.556     1.000     1.000     0.1534      0.0000      0.0000      0.0000
895     E         C          146           VAL           95.93           321     12      0     6.556     1.000     1.000     0.1643      0.0000      0.0000      0.0000
896     E         C          147           PHE           95.63           321     12      0     6.556     1.000     1.000     0.1565      0.0000      0.0000      0.0000
897     E         C          148           GLU           94.93           321     12      0     6.556     1.000     1.000     0.1498      0.0000      0.0000      0.0000
898     E         C          149           PRO           94.44           321     12      0     6.556     1.000     1.000     0.1434      0.0000      0.0000      0.0000
899     E         C          150           SER           92.06           321     12      0     6.556     1.000     1.000     0.1276      0.0000      0.0000      0.0000
900     E         C          151           GLU           91.07           321     12      0     6.556     1.000     1.000     0.1366      0.0000      0.0000      0.0000
901     E         C          152           ALA           91.18           321     12      0     6.556     1.000     1.000     0.1385      0.0000      0.0000      0.0000
902     E         C          153           GLU           92.59           321     12      0     6.556     1.000     1.000     0.1488      0.0000      0.0000      0.0000
903     E         C          154           ILE           92.21           321     12      0     6.556     1.000     1.000     0.1517      0.0000      0.0000      0.0000
904     E         C          155           SER           90.64           321     12      0     6.556     1.000     1.000     0.1349      0.0000      0.0000      0.0000
905     E         C          156           HIS           90.85           321     12      0     6.556     1.000     1.000     0.1267      0.0000      0.0000      0.0000
906     E         C          157           THR           90.91           321     12      0     6.556     1.000     1.000     0.1160      0.0000      0.0000      0.0000
907     E         C          158           GLN           92.22           321     12      0     6.556     1.000     1.000     0.1299      0.0000      0.0000      0.0000
908     E         C          159           LYS           93.40           321     12      0     6.556     1.000     1.000     0.1411      0.0000      0.0000      0.0000
909     E         C          160           ALA           94.48           321     12      0     6.556     1.000     1.000     0.1479      0.0000      0.0000      0.0000
910     E         C          161           THR           95.50           321     12      0     6.556     1.000     1.000     0.1585      0.0000      0.0000      0.0000
911     E         C          162           LEU           96.01           321     12      0     6.556     1.000     1.000     0.1706      0.0000      0.0000      0.0000
912     E         C          163           VAL           96.45           321     12      0     6.556     1.000     1.000     0.1662      0.0000      0.0000      0.0000
913     E         C          164           CYS           96.40           321     12      0     6.556     1.000     1.000     0.1670      0.0000      0.0000      0.0000
914     E         C          165           LEU           96.06           321     12      0     6.556     1.000     1.000     0.1636      0.0000      0.0000      0.0000
915     E         C          166           ALA           96.36           321     12      0     6.556     1.000     1.000     0.1668      0.0000      0.0000      0.0000
916     E         C          167           THR           95.37           321     12      0     6.556     1.000     1.000     0.1515      0.0000      0.0000      0.0000
917     E         C          168           GLY           94.77           321     12      0     6.556     1.000     1.000     0.1376      0.0000      0.0000      0.0000
918     E         C          169           PHE           96.34           321     12      0     6.556     1.000     1.000     0.1589      0.0000      0.0000      0.0000
919     E         C          170           TYR           96.09           321     12      0     6.556     1.000     1.000     0.1559      0.0000      0.0000      0.0000
920     E         C          171           PRO           95.45           321     12      0     6.556     1.000     1.000     0.1477      0.0000      0.0000      0.0000
921     E         C          172           ASP           94.30           321     12      0     6.556     1.000     1.000     0.1432      0.0000      0.0000      0.0000
922     E         C          173           HIS           95.49           321     12      0     6.556     1.000     1.000     0.1494      0.0000      0.0000      0.0000
923     E         C          174           VAL           96.24           321     12      0     6.556     1.000     1.000     0.1623      0.0000      0.0000      0.0000
924     E         C          175           GLU           96.29           321     12      0     6.556     1.000     1.000     0.1597      0.0000      0.0000      0.0000
925     E         C          176           LEU           96.53           321     12      0     6.556     1.000     1.000     0.1609      0.0000      0.0000      0.0000
926     E         C          177           SER           96.86           321     12      0     6.556     1.000     1.000     0.1606      0.0000      0.0000      0.0000
927     E         C          178           TRP           97.33           321     12      0     6.556     1.000     1.000     0.1633      0.0000      0.0000      0.0000
928     E         C          179           TRP           97.20           321     12      0     6.556     1.000     1.000     0.1539      0.0000      0.0000      0.0000
929     E         C          180           VAL           96.29           321     12      0     6.556     1.000     1.000     0.1482      0.0000      0.0000      0.0000
930     E         C          181           ASN           94.83           321     12      0     6.556     1.000     1.000     0.1286      0.0000      0.0000      0.0000
931     E         C          182           GLY           94.50           321     12      0     6.556     1.000     1.000     0.1159      0.0000      0.0000      0.0000
932     E         C          183           LYS           95.97           321     12      0     6.556     1.000     1.000     0.1336      0.0000      0.0000      0.0000
933     E         C          184           GLU           96.28           321     12      0     6.556     1.000     1.000     0.1472      0.0000      0.0000      0.0000
934     E         C          185           VAL           96.05           321     12      0     6.556     1.000     1.000     0.1448      0.0000      0.0000      0.0000
935     E         C          186           HIS           93.79           321     12      0     6.556     1.000     1.000     0.1442      0.0000      0.0000      0.0000
936     E         C          187           SER           93.12           321     12      0     6.556     1.000     1.000     0.1315      0.0000      0.0000      0.0000
937     E         C          188           GLY           93.77           321     12      0     6.556     1.000     1.000     0.1198      0.0000      0.0000      0.0000
938     E         C          189           VAL           95.83           321     12      0     6.556     1.000     1.000     0.1479      0.0000      0.0000      0.0000
939     E         C          190           SER           95.38           321     12      0     6.556     1.000     1.000     0.1451      0.0000      0.0000      0.0000
940     E         C          191           THR           94.97           321     12      0     6.556     1.000     1.000     0.1586      0.0000      0.0000      0.0000
941     E         C          192           ASP           94.38           321     12      0     6.556     1.000     1.000     0.1580      0.0000      0.0000      0.0000
942     E         C          193           PRO           91.70           321     12      0     6.556     1.000     1.000     0.1555      0.0000      0.0000      0.0000
943     E         C          194           GLN           91.57           321     12      0     6.556     1.000     1.000     0.1471      0.0000      0.0000      0.0000
944     E         C          195           PRO           94.24           321     12      0     6.556     1.000     1.000     0.1539      0.0000      0.0000      0.0000
945     E         C          196           LEU           93.47           321     12      0     6.556     1.000     1.000     0.1510      0.0000      0.0000      0.0000
946     E         C          197           LYS           92.83           321     12      0     6.556     1.000     1.000     0.1484      0.0000      0.0000      0.0000
947     E         C          198           GLU           91.72           321     12      0     6.556     1.000     1.000     0.1321      0.0000      0.0000      0.0000
948     E         C          199           GLN           90.45           321     12      0     6.556     1.000     1.000     0.1115      0.0000      0.0000      0.0000
949     E         C          200           PRO           87.82           321     12      0     6.556     1.000     1.000     0.1018      0.0000      0.0000      0.0000
950     E         C          201           ALA           87.82           321     12      0     6.556     1.000     1.000     0.0930      0.0000      0.0000      0.0000
951     E         C          202           LEU           87.76           321     12      0     6.556     1.000     1.000     0.0905      0.0000      0.0000      0.0000
952     E         C          203           ASN           85.66           321     12      0     6.556     1.000     1.000     0.0973      0.0000      0.0000      0.0000
953     E         C          204           ASP           88.45           321     12      0     6.556     1.000     1.000     0.0937      0.0000      0.0000      0.0000
954     E         C          205           SER           92.49           321     12      0     6.556     1.000     1.000     0.1170      0.0000      0.0000      0.0000
955     E         C          206           ARG           95.23           321     12      0     6.556     1.000     1.000     0.1517      0.0000      0.0000      0.0000
956     E         C          207           TYR           95.99           321     12      0     6.556     1.000     1.000     0.1647      0.0000      0.0000      0.0000
957     E         C          208           CYS           95.83           321     12      0     6.556     1.000     1.000     0.1627      0.0000      0.0000      0.0000
958     E         C          209           LEU           96.51           321     12      0     6.556     1.000     1.000     0.1703      0.0000      0.0000      0.0000
959     E         C          210           SER           96.39           321     12      0     6.556     1.000     1.000     0.1585      0.0000      0.0000      0.0000
960     E         C          211           SER           96.78           321     12      0     6.556     1.000     1.000     0.1588      0.0000      0.0000      0.0000
961     E         C          212           ARG           96.33           321     12      0     6.556     1.000     1.000     0.1531      0.0000      0.0000      0.0000
962     E         C          213           LEU           96.59           321     12      0     6.556     1.000     1.000     0.1664      0.0000      0.0000      0.0000
963     E         C          214           ARG           96.09           321     12      0     6.556     1.000     1.000     0.1448      0.0000      0.0000      0.0000
964     E         C          215           VAL           95.43           321     12      0     6.556     1.000     1.000     0.1499      0.0000      0.0000      0.0000
965     E         C          216           SER           94.25           321     12      0     6.556     1.000     1.000     0.1405      0.0000      0.0000      0.0000
966     E         C          217           ALA           92.91           321     12      0     6.556     1.000     1.000     0.1361      0.0000      0.0000      0.0000
967     E         C          218           THR           92.21           321     12      0     6.556     1.000     1.000     0.1365      0.0000      0.0000      0.0000
968     E         C          219           PHE           93.85           321     12      0     6.556     1.000     1.000     0.1415      0.0000      0.0000      0.0000
969     E         C          220           TRP           94.52           321     12      0     6.556     1.000     1.000     0.1516      0.0000      0.0000      0.0000
970     E         C          221           GLN           92.08           321     12      0     6.556     1.000     1.000     0.1404      0.0000      0.0000      0.0000
971     E         C          222           ASN           91.85           321     12      0     6.556     1.000     1.000     0.1325      0.0000      0.0000      0.0000
972     E         C          223           PRO           90.84           321     12      0     6.556     1.000     1.000     0.1199      0.0000      0.0000      0.0000
973     E         C          224           ARG           90.93           321     12      0     6.556     1.000     1.000     0.1256      0.0000      0.0000      0.0000
974     E         C          225           ASN           93.76           321     12      0     6.556     1.000     1.000     0.1342      0.0000      0.0000      0.0000
975     E         C          226           HIS           95.57           321     12      0     6.556     1.000     1.000     0.1450      0.0000      0.0000      0.0000
976     E         C          227           PHE           96.40           321     12      0     6.556     1.000     1.000     0.1593      0.0000      0.0000      0.0000
977     E         C          228           ARG           96.75           321     12      0     6.556     1.000     1.000     0.1562      0.0000      0.0000      0.0000
978     E         C          229           CYS           96.46           321     12      0     6.556     1.000     1.000     0.1636      0.0000      0.0000      0.0000
979     E         C          230           GLN           97.22           321     12      0     6.556     1.000     1.000     0.1581      0.0000      0.0000      0.0000
980     E         C          231           VAL           97.06           321     12      0     6.556     1.000     1.000     0.1674      0.0000      0.0000      0.0000
981     E         C          232           GLN           97.26           321     12      0     6.556     1.000     1.000     0.1620      0.0000      0.0000      0.0000
982     E         C          233           PHE           96.90           321     12      0     6.556     1.000     1.000     0.1719      0.0000      0.0000      0.0000
983     E         C          234           TYR           96.19           321     12      0     6.556     1.000     1.000     0.1624      0.0000      0.0000      0.0000
984     E         C          235           GLY           94.15           321     12      0     6.556     1.000     1.000     0.1368      0.0000      0.0000      0.0000
985     E         C          236           LEU           94.23           321     12      0     6.556     1.000     1.000     0.1436      0.0000      0.0000      0.0000
986     E         C          237           SER           91.46           321     12      0     6.556     1.000     1.000     0.1237      0.0000      0.0000      0.0000
987     E         C          238           GLU           88.82           321     12      0     6.556     1.000     1.000     0.1095      0.0000      0.0000      0.0000
988     E         C          239           ASN           88.31           321     12      0     6.556     1.000     1.000     0.1059      0.0000      0.0000      0.0000
989     E         C          240           ASP           89.42           321     12      0     6.556     1.000     1.000     0.1127      0.0000      0.0000      0.0000
990     E         C          241           GLU           88.73           321     12      0     6.556     1.000     1.000     0.1071      0.0000      0.0000      0.0000
991     E         C          242           TRP           91.82           321     12      0     6.556     1.000     1.000     0.1229      0.0000      0.0000      0.0000
992     E         C          243           THR           90.19           321     12      0     6.556     1.000     1.000     0.0946      0.0000      0.0000      0.0000
993     E         C          244           GLN           90.33           321     12      0     6.556     1.000     1.000     0.0981      0.0000      0.0000      0.0000
994     E         C          245           ASP           91.79           321     12      0     6.556     1.000     1.000     0.0907      0.0000      0.0000      0.0000
995     E         C          246           ARG           91.75           321     12      0     6.556     1.000     1.000     0.1076      0.0000      0.0000      0.0000
996     E         C          247           ALA           92.82           321     12      0     6.556     1.000     1.000     0.1183      0.0000      0.0000      0.0000
997     E         C          248           LYS           93.95           321     12      0     6.556     1.000     1.000     0.1334      0.0000      0.0000      0.0000
998     E         C          249           PRO           94.12           321     12      0     6.556     1.000     1.000     0.1231      0.0000      0.0000      0.0000
999     E         C          250           VAL           93.47           321     12      0     6.556     1.000     1.000     0.1316      0.0000      0.0000      0.0000
1000    E         C          251           THR           94.32           321     12      0     6.556     1.000     1.000     0.1430      0.0000      0.0000      0.0000
1001    E         C          252           GLN           95.45           321     12      0     6.556     1.000     1.000     0.1368      0.0000      0.0000      0.0000
1002    E         C          253           ILE           95.65           321     12      0     6.556     1.000     1.000     0.1425      0.0000      0.0000      0.0000
1003    E         C          254           VAL           95.32           321     12      0     6.556     1.000     1.000     0.1405      0.0000      0.0000      0.0000
1004    E         C          255           SER           94.80           321     12      0     6.556     1.000     1.000     0.1237      0.0000      0.0000      0.0000
1005    E         C          256           ALA           94.85           321     12      0     6.556     1.000     1.000     0.1293      0.0000      0.0000      0.0000
1006    E         C          257           GLU           94.32           321     12      0     6.556     1.000     1.000     0.1127      0.0000      0.0000      0.0000
1007    E         C          258           ALA           93.35           321     12      0     6.556     1.000     1.000     0.1226      0.0000      0.0000      0.0000
1008    E         C          259           TRP           93.14           321     12      0     6.556     1.000     1.000     0.1236      0.0000      0.0000      0.0000
1009    E         C          260           GLY           90.41           321     12      0     6.556     1.000     1.000     0.1064      0.0000      0.0000      0.0000
1010    E         C          261           ARG           89.12           321     12      0     6.556     1.000     1.000     0.0923      0.0000      0.0000      0.0000
1011    E         C          262           ALA           84.20           321     12      0     6.556     1.000     1.000     0.0843      0.0000      0.0000      0.0000
1012    E         C          263           ASP           81.12           321     12      0     6.556     1.000     1.000     0.0726      0.0000      0.0000      0.0000
1013    E         C          264           CYS           81.82           321     12      0     6.556     1.000     1.000     0.0711      0.0000      0.0000      0.0000
1014    E         C          265           GLY           76.53           321     12      0     6.556     1.000     1.000     0.0670      0.0000      0.0000      0.0000
1015    E         C          266           PHE           76.35           321     12      0     6.556     1.000     1.000     0.0756      0.0000      0.0000      0.0000
1016    E         C          267           THR           80.88           321     12      0     6.556     1.000     1.000     0.0735      0.0000      0.0000      0.0000
1017    E         C          268           SER           77.67           321     12      0     6.556     1.000     1.000     0.0760      0.0000      0.0000      0.0000
1018    E         C          269           GLU           78.95           321     12      0     6.556     1.000     1.000     0.0861      0.0000      0.0000      0.0000
1019    E         C          270           SER           79.67           321     12      0     6.556     1.000     1.000     0.0869      0.0000      0.0000      0.0000
1020    E         C          271           TYR           81.46           321     12      0     6.556     1.000     1.000     0.0911      0.0000      0.0000      0.0000
1021    E         C          272           GLN           81.72           321     12      0     6.556     1.000     1.000     0.0851      0.0000      0.0000      0.0000
1022    E         C          273           GLN           80.09           321     12      0     6.556     1.000     1.000     0.0837      0.0000      0.0000      0.0000
1023    E         C          274           GLY           79.55           321     12      0     6.556     1.000     1.000     0.0835      0.0000      0.0000      0.0000
1024    E         C          275           VAL           86.29           321     12      0     6.556     1.000     1.000     0.0863      0.0000      0.0000      0.0000
1025    E         C          276           LEU           82.66           321     12      0     6.556     1.000     1.000     0.0810      0.0000      0.0000      0.0000
1026    E         C          277           SER           83.55           321     12      0     6.556     1.000     1.000     0.0799      0.0000      0.0000      0.0000
1027    E         C          278           ALA           84.73           321     12      0     6.556     1.000     1.000     0.0823      0.0000      0.0000      0.0000
1028    E         C          279           THR           87.66           321     12      0     6.556     1.000     1.000     0.0801      0.0000      0.0000      0.0000
1029    E         C          280           ILE           87.00           321     12      0     6.556     1.000     1.000     0.0780      0.0000      0.0000      0.0000
1030    E         C          281           LEU           87.53           321     12      0     6.556     1.000     1.000     0.0799      0.0000      0.0000      0.0000
1031    E         C          282           TYR           86.62           321     12      0     6.556     1.000     1.000     0.0816      0.0000      0.0000      0.0000
1032    E         C          283           GLU           87.45           321     12      0     6.556     1.000     1.000     0.0765      0.0000      0.0000      0.0000
1033    E         C          284           ILE           86.03           321     12      0     6.556     1.000     1.000     0.0751      0.0000      0.0000      0.0000
1034    E         C          285           LEU           85.38           321     12      0     6.556     1.000     1.000     0.0780      0.0000      0.0000      0.0000
1035    E         C          286           LEU           86.72           321     12      0     6.556     1.000     1.000     0.0782      0.0000      0.0000      0.0000
1036    E         C          287           GLY           87.06           321     12      0     6.556     1.000     1.000     0.0739      0.0000      0.0000      0.0000
1037    E         C          288           LYS           85.57           321     12      0     6.556     1.000     1.000     0.0718      0.0000      0.0000      0.0000
1038    E         C          289           ALA           83.34           321     12      0     6.556     1.000     1.000     0.0773      0.0000      0.0000      0.0000
1039    E         C          290           THR           89.98           321     12      0     6.556     1.000     1.000     0.0700      0.0000      0.0000      0.0000
1040    E         C          291           LEU           89.01           321     12      0     6.556     1.000     1.000     0.0721      0.0000      0.0000      0.0000
1041    E         C          292           TYR           88.15           321     12      0     6.556     1.000     1.000     0.0712      0.0000      0.0000      0.0000
1042    E         C          293           ALA           86.94           321     12      0     6.556     1.000     1.000     0.0704      0.0000      0.0000      0.0000
1043    E         C          294           VAL           92.57           321     12      0     6.556     1.000     1.000     0.0681      0.0000      0.0000      0.0000
1044    E         C          295           LEU           89.72           321     12      0     6.556     1.000     1.000     0.0686      0.0000      0.0000      0.0000
1045    E         C          296           VAL           87.21           321     12      0     6.556     1.000     1.000     0.0689      0.0000      0.0000      0.0000
1046    E         C          297           SER           89.76           321     12      0     6.556     1.000     1.000     0.0652      0.0000      0.0000      0.0000
1047    E         C          298           ALA           89.83           321     12      0     6.556     1.000     1.000     0.0649      0.0000      0.0000      0.0000
1048    E         C          299           LEU           87.56           321     12      0     6.556     1.000     1.000     0.0675      0.0000      0.0000      0.0000
1049    E         C          300           VAL           85.40           321     12      0     6.556     1.000     1.000     0.0648      0.0000      0.0000      0.0000
1050    E         C          301           LEU           88.38           321     12      0     6.556     1.000     1.000     0.0609      0.0000      0.0000      0.0000
1051    E         C          302           MET           87.69           321     12      0     6.556     1.000     1.000     0.0610      0.0000      0.0000      0.0000
1052    E         C          303           ALA           83.67           321     12      0     6.556     1.000     1.000     0.0611      0.0000      0.0000      0.0000
1053    E         C          304           MET           84.60           321     12      0     6.556     1.000     1.000     0.0561      0.0000      0.0000      0.0000
1054    E         C          305           VAL           87.06           321     12      0     6.556     1.000     1.000     0.0554      0.0000      0.0000      0.0000
1055    E         C          306           LYS           84.75           321     12      0     6.556     1.000     1.000     0.0540      0.0000      0.0000      0.0000
1056    E         C          307           ARG           82.73           321     12      0     6.556     1.000     1.000     0.0518      0.0000      0.0000      0.0000
1057    E         C          308           LYS           80.70           321     12      0     6.556     1.000     1.000     0.0504      0.0000      0.0000      0.0000
1058    E         C          309           ASP           80.97           321     12      0     6.556     1.000     1.000     0.0507      0.0000      0.0000      0.0000
1059    E         C          310           SER           79.86           321     12      0     6.556     1.000     1.000     0.0496      0.0000      0.0000      0.0000
1060    E         C          311           ARG           69.91           321     12      0     6.556     1.000     1.000     0.0452      0.0000      0.0000      0.0000
1061    E         C          312           GLY           52.66           321     12      0     6.556     1.000     1.000     0.0431      0.0000      0.0000      0.0000
750     E         D            1           MET           23.15           588    545      0     8.499     8.235     1.000     0.0683      0.0000      0.0000      0.0000
751     E         D            2           SER           27.00           588    545      0     8.499     8.235     1.000     0.0688      0.0000      0.0000      0.0000
752     E         D            3           ILE           31.11           588    545      0     8.499     8.235     1.000     0.0696      0.0000      0.0000      0.0000
753     E         D            4           GLY           30.60           588    545      0     8.499     8.235     1.000     0.0693      0.0000      0.0000      0.0000
754     E         D            5           LEU           27.94           588    545      0     8.499     8.235     1.000     0.0705      0.0000      0.0000      0.0000
755     E         D            6           LEU           27.76           588    545      0     8.499     8.235     1.000     0.0707      0.0000      0.0000      0.0000
756     E         D            7           CYS           26.37           588    545      0     8.499     8.235     1.000     0.0708      0.0000      0.0000      0.0000
757     E         D            8           CYS           26.03           588    545      0     8.499     8.235     1.000     0.0718      0.0000      0.0000      0.0000
758     E         D            9           ALA           29.48           588    545      0     8.499     8.235     1.000     0.0725      0.0000      0.0000      0.0000
759     E         D           10           ALA           29.68           588    545      0     8.499     8.235     1.000     0.0724      0.0000      0.0000      0.0000
760     E         D           11           LEU           26.55           588    545      0     8.499     8.235     1.000     0.0729      0.0000      0.0000      0.0000
761     E         D           12           SER           27.17           588    545      0     8.499     8.235     1.000     0.0742      0.0000      0.0000      0.0000
762     E         D           13           LEU           24.83           588    545      0     8.499     8.235     1.000     0.0741      0.0000      0.0000      0.0000
763     E         D           14           LEU           27.10           588    545      0     8.499     8.235     1.000     0.0750      0.0000      0.0000      0.0000
764     E         D           15           TRP           28.65           588    545      0     8.499     8.235     1.000     0.0766      0.0000      0.0000      0.0000
765     E         D           16           ALA           32.17           588    545      0     8.499     8.235     1.000     0.0769      0.0000      0.0000      0.0000
766     E         D           17           GLY           33.99           588    545      0     8.499     8.235     1.000     0.0782      0.0000      0.0000      0.0000
767     E         D           18           PRO           31.83           588    545      0     8.499     8.235     1.000     0.0796      0.0000      0.0000      0.0000
768     E         D           19           VAL           38.22           588    545      0     8.499     8.235     1.000     0.0822      0.0000      0.0000      0.0000
769     E         D           20           ASN           45.10           588    545      0     8.499     8.235     1.000     0.0838      0.0000      0.0000      0.0000
770     E         D           21           ALA           57.56           588    545      0     8.499     8.235     1.000     0.0958      0.0000      0.0000      0.0000
771     E         D           22           GLY           86.54           588    545      3     8.499     8.235     1.000     0.1509      0.4600      0.4444      0.0118
772     E         D           23           VAL           94.96           588    545    207     8.499     8.235     5.354     0.5608      0.6622      0.6486      0.4494
773     E         D           24           THR           95.96           588    545    226     8.499     8.235     5.582     0.6068      0.6909      0.6781      0.5045
774     E         D           25           GLN           95.94           588    545    227     8.499     8.235     5.594     0.6137      0.6969      0.6842      0.5129
775     E         D           26           THR           94.92           588    545    214     8.499     8.235     5.439     0.5450      0.6295      0.6153      0.4201
776     E         D           27           PRO           95.09           588    545    208     8.499     8.235     5.366     0.5356      0.6243      0.6099      0.4063
777     E         D           28           LYS           95.07           588    545    228     8.499     8.235     5.605     0.6370      0.7228      0.7107      0.5443
778     E         D           29           PHE           96.02           588    545    232     8.499     8.235     5.651     0.6671      0.7509      0.7397      0.5857
779     E         D           30           GLN           96.31           588    545    233     8.499     8.235     5.663     0.6535      0.7328      0.7209      0.5613
780     E         D           31           VAL           95.70           588    545    235     8.499     8.235     5.686     0.6644      0.7406      0.7290      0.5729
781     E         D           32           LEU           94.97           588    545    232     8.499     8.235     5.651     0.6452      0.7236      0.7115      0.5478
782     E         D           33           LYS           94.56           588    545    230     8.499     8.235     5.629     0.6055      0.6791      0.6657      0.4892
783     E         D           34           THR           94.93           588    545    227     8.499     8.235     5.594     0.5912      0.6674      0.6537      0.4723
784     E         D           35           GLY           94.37           588    545    194     8.499     8.235     5.188     0.4542      0.5366      0.5211      0.3049
785     E         D           36           GLN           93.26           588    545    202     8.499     8.235     5.291     0.4940      0.5814      0.5662      0.3545
786     E         D           37           SER           94.11           588    545    201     8.499     8.235     5.278     0.5014      0.5911      0.5762      0.3646
787     E         D           38           MET           95.13           588    545    198     8.499     8.235     5.240     0.4863      0.5767      0.5617      0.3483
788     E         D           39           THR           96.32           588    545    230     8.499     8.235     5.629     0.6281      0.7073      0.6948      0.5274
789     E         D           40           LEU           96.79           588    545    233     8.499     8.235     5.663     0.6668      0.7473      0.7360      0.5817
790     E         D           41           GLN           96.47           588    545    230     8.499     8.235     5.629     0.6283      0.7082      0.6957      0.5276
791     E         D           42           CYS           96.48           588    545    229     8.499     8.235     5.617     0.6347      0.7189      0.7069      0.5438
792     E         D           43           ALA           96.15           588    545    227     8.499     8.235     5.594     0.6028      0.6840      0.6709      0.4964
793     E         D           44           GLN           94.54           588    545    209     8.499     8.235     5.378     0.5544      0.6502      0.6364      0.4384
794     E         D           45           ASP           91.76           588    545    191     8.499     8.235     5.149     0.4923      0.5957      0.5811      0.3620
795     E         D           46           MET           88.26           588    545    203     8.499     8.235     5.304     0.5321      0.6332      0.6192      0.4163
796     E         D           47           ASN           80.98           588    545    202     8.499     8.235     5.291     0.5347      0.6354      0.6215      0.4174
797     E         D           48           HIS           83.62           588    545    209     8.499     8.235     5.378     0.5787      0.6823      0.6696      0.4816
798     E         D           49           GLU           77.96           588    545    213     8.499     8.235     5.427     0.5760      0.6750      0.6620      0.4768
799     E         D           50           TYR           85.18           588    545    226     8.499     8.235     5.582     0.6427      0.7346      0.7232      0.5641
800     E         D           51           MET           90.27           588    545    228     8.499     8.235     5.605     0.6673      0.7583      0.7477      0.5989
801     E         D           52           SER           93.13           588    545    223     8.499     8.235     5.547     0.6309      0.7254      0.7137      0.5492
802     E         D           53           TRP           95.95           588    545    233     8.499     8.235     5.663     0.7170      0.8055      0.7965      0.6687
803     E         D           54           TYR           96.07           588    545    233     8.499     8.235     5.663     0.7186      0.8079      0.7990      0.6717
804     E         D           55           ARG           96.27           588    545    228     8.499     8.235     5.605     0.6839      0.7789      0.7688      0.6258
805     E         D           56           GLN           95.90           588    545    224     8.499     8.235     5.559     0.6637      0.7635      0.7529      0.6004
806     E         D           57           ASP           94.18           588    545    214     8.499     8.235     5.439     0.6275      0.7397      0.7283      0.5554
807     E         D           58           PRO           90.35           588    545    204     8.499     8.235     5.316     0.5221      0.6330      0.6191      0.4180
808     E         D           59           GLY           87.50           588    545    172     8.499     8.235     4.889     0.4644      0.6003      0.5860      0.3510
809     E         D           60           MET           88.98           588    545    165     8.499     8.235     4.788     0.4644      0.6140      0.6001      0.3577
810     E         D           61           GLY           89.00           588    545    146     8.499     8.235     4.498     0.4504      0.6297      0.6161      0.3491
811     E         D           62           LEU           93.57           588    545    207     8.499     8.235     5.354     0.6154      0.7387      0.7274      0.5522
812     E         D           63           ARG           94.38           588    545    230     8.499     8.235     5.629     0.6931      0.7847      0.7750      0.6378
813     E         D           64           LEU           92.73           588    545    230     8.499     8.235     5.629     0.6920      0.7828      0.7729      0.6342
814     E         D           65           ILE           94.69           588    545    232     8.499     8.235     5.651     0.6962      0.7832      0.7733      0.6354
815     E         D           66           HIS           92.09           588    545    228     8.499     8.235     5.605     0.6508      0.7383      0.7270      0.5706
816     E         D           67           TYR           86.76           588    545    228     8.499     8.235     5.605     0.6536      0.7424      0.7312      0.5763
817     E         D           68           SER           83.92           588    545    218     8.499     8.235     5.488     0.6117      0.7085      0.6964      0.5225
818     E         D           69           VAL           72.84           588    545    205     8.499     8.235     5.329     0.5688      0.6795      0.6664      0.4704
819     E         D           70           GLY           71.37           588    545    172     8.499     8.235     4.889     0.4876      0.6203      0.6062      0.3677
820     E         D           71           ALA           72.79           588    545    185     8.499     8.235     5.069     0.4938      0.6079      0.5936      0.3695
821     E         D           72           GLY           67.02           588    545    141     8.499     8.235     4.416     0.4283      0.5693      0.5544      0.2732
822     E         D           73           ILE           68.47           588    545    173     8.499     8.235     4.904     0.4719      0.5994      0.5849      0.3461
823     E         D           74           THR           76.54           588    545    202     8.499     8.235     5.291     0.5311      0.6360      0.6222      0.4198
824     E         D           75           ASP           77.14           588    545    205     8.499     8.235     5.329     0.5548      0.6662      0.6529      0.4562
825     E         D           76           GLN           82.98           588    545    205     8.499     8.235     5.329     0.5564      0.6666      0.6533      0.4566
826     E         D           77           GLY           85.26           588    545    202     8.499     8.235     5.291     0.5171      0.6237      0.6098      0.4081
827     E         D           78           GLU           87.15           588    545    205     8.499     8.235     5.329     0.5406      0.6461      0.6325      0.4346
828     E         D           79           VAL           92.12           588    545    205     8.499     8.235     5.329     0.5639      0.6707      0.6575      0.4611
829     E         D           80           PRO           91.79           588    545    203     8.499     8.235     5.304     0.5208      0.6251      0.6111      0.4093
830     E         D           81           ASN           92.64           588    545    173     8.499     8.235     4.904     0.4726      0.5967      0.5823      0.3452
831     E         D           82           GLY           93.86           588    545    191     8.499     8.235     5.149     0.4773      0.5751      0.5603      0.3419
832     E         D           83           TYR           95.98           588    545    226     8.499     8.235     5.582     0.6157      0.6994      0.6868      0.5146
833     E         D           84           ASN           94.91           588    545    205     8.499     8.235     5.329     0.5222      0.6162      0.6018      0.3968
834     E         D           85           VAL           93.39           588    545    203     8.499     8.235     5.304     0.5149      0.6117      0.5973      0.3909
835     E         D           86           SER           90.25           588    545    144     8.499     8.235     4.465     0.4268      0.5613      0.5463      0.2706
836     E         D           87           ARG           88.17           588    545    190     8.499     8.235     5.136     0.4865      0.5893      0.5746      0.3546
837     E         D           88           SER           86.95           588    545    160     8.499     8.235     4.714     0.4385      0.5517      0.5365      0.2826
838     E         D           89           THR           86.84           588    545    192     8.499     8.235     5.162     0.4967      0.5968      0.5822      0.3642
839     E         D           90           THR           85.99           588    545    219     8.499     8.235     5.500     0.5710      0.6569      0.6434      0.4580
840     E         D           91           GLU           91.37           588    545    211     8.499     8.235     5.403     0.5502      0.6409      0.6269      0.4293
841     E         D           92           ASP           94.58           588    545    220     8.499     8.235     5.511     0.5743      0.6585      0.6448      0.4592
842     E         D           93           PHE           95.78           588    545    231     8.499     8.235     5.640     0.6490      0.7303      0.7186      0.5604
843     E         D           94           PRO           96.66           588    545    230     8.499     8.235     5.629     0.6219      0.6994      0.6867      0.5177
844     E         D           95           LEU           97.05           588    545    233     8.499     8.235     5.663     0.6619      0.7421      0.7308      0.5768
845     E         D           96           ARG           96.46           588    545    220     8.499     8.235     5.511     0.5810      0.6647      0.6512      0.4663
846     E         D           97           LEU           95.56           588    545    210     8.499     8.235     5.391     0.5426      0.6303      0.6159      0.4149
847     E         D           98           LEU           91.82           588    545    123     8.499     8.235     4.105     0.3949      0.5222      0.5069      0.2094
848     E         D           99           SER           95.05           588    545    198     8.499     8.235     5.240     0.4614      0.5431      0.5276      0.3145
849     E         D          100           ALA           95.43           588    545    206     8.499     8.235     5.341     0.5396      0.6334      0.6190      0.4111
850     E         D          101           ALA           95.93           588    545    216     8.499     8.235     5.464     0.5858      0.6777      0.6643      0.4738
851     E         D          102           PRO           95.10           588    545    228     8.499     8.235     5.605     0.6281      0.7095      0.6971      0.5271
852     E         D          103           SER           95.61           588    545    228     8.499     8.235     5.605     0.6331      0.7178      0.7057      0.5393
853     E         D          104           GLN           95.97           588    545    232     8.499     8.235     5.651     0.6775      0.7607      0.7498      0.5992
854     E         D          105           THR           95.59           588    545    233     8.499     8.235     5.663     0.6907      0.7743      0.7639      0.6195
855     E         D          106           SER           95.96           588    545    228     8.499     8.235     5.605     0.6545      0.7447      0.7335      0.5775
856     E         D          107           VAL           96.64           588    545    233     8.499     8.235     5.663     0.7020      0.7889      0.7791      0.6430
857     E         D          108           TYR           97.41           588    545    237     8.499     8.235     5.708     0.7345      0.8175      0.8089      0.6887
858     E         D          109           PHE           96.99           588    545    233     8.499     8.235     5.663     0.7141      0.8037      0.7946      0.6660
859     E         D          110           CYS           96.37           588    545    225     8.499     8.235     5.570     0.6471      0.7404      0.7291      0.5698
860     E         D          111           ALA           94.75           588    545    223     8.499     8.235     5.547     0.6392      0.7351      0.7237      0.5614
861     E         D          112           SER           92.13           588    545    205     8.499     8.235     5.329     0.5703      0.6819      0.6691      0.4760
862     E         D          113           GLN           86.03           588    545    199     8.499     8.235     5.253     0.5337      0.6458      0.6322      0.4288
863     E         D          114           LYS           74.80           588    545    193     8.499     8.235     5.175     0.5185      0.6348      0.6212      0.4112
864     E         D          115           SER           65.80           588    545     89     8.499     8.235     3.406     0.3511      0.5463      0.5311      0.1693
865     E         D          116           GLY           54.85           588    545     59     8.499     8.235     2.578     0.2989      0.5364      0.5211      0.1014
866     E         D          117           SER           60.00           588    545    103     8.499     8.235     3.715     0.3556      0.5567      0.5416      0.2032
867     E         D          118           SER           64.75           588    545    113     8.499     8.235     3.917     0.3860      0.5881      0.5735      0.2477
868     E         D          119           TYR           72.24           588    545    159     8.499     8.235     4.699     0.4788      0.6345      0.6208      0.3683
869     E         D          120           ASN           75.05           588    545    181     8.499     8.235     5.015     0.5206      0.6561      0.6429      0.4224
870     E         D          121           GLU           83.38           588    545    201     8.499     8.235     5.278     0.5543      0.6714      0.6587      0.4659
871     E         D          122           GLN           89.89           588    545    205     8.499     8.235     5.329     0.5964      0.7135      0.7017      0.5196
872     E         D          123           PHE           94.00           588    545    227     8.499     8.235     5.594     0.6781      0.7747      0.7647      0.6215
873     E         D          124           PHE           95.44           588    545    228     8.499     8.235     5.605     0.6778      0.7731      0.7630      0.6208
874     E         D          125           GLY           95.52           588    545    221     8.499     8.235     5.523     0.6182      0.7124      0.7004      0.5304
875     E         D          126           PRO           94.99           588    545    221     8.499     8.235     5.523     0.6059      0.6981      0.6856      0.5106
876     E         D          127           GLY           95.62           588    545    210     8.499     8.235     5.391     0.5836      0.6859      0.6730      0.4828
877     E         D          128           THR           96.61           588    545    233     8.499     8.235     5.663     0.6791      0.7629      0.7522      0.6047
878     E         D          129           ARG           96.38           588    545    230     8.499     8.235     5.629     0.6689      0.7553      0.7442      0.5898
879     E         D          130           LEU           96.71           588    545    233     8.499     8.235     5.663     0.6876      0.7713      0.7608      0.6146
880     E         D          131           THR           95.78           588    545    237     8.499     8.235     5.708     0.6962      0.7740      0.7636      0.6220
881     E         D          132           VAL           95.94           588    545    237     8.499     8.235     5.708     0.6894      0.7653      0.7545      0.6088
882     E         D          133           LEU           94.82           588    545    228     8.499     8.235     5.605     0.6119      0.6910      0.6780      0.5028
883     E         D          134           GLU           93.38           588    545    208     8.499     8.235     5.366     0.5334      0.6213      0.6067      0.4007
884     E         D          135           ASP           91.77           588    545    162     8.499     8.235     4.744     0.4244      0.5145      0.4989      0.2511
885     E         D          136           LEU           93.14           588    545    228     8.499     8.235     5.605     0.5465      0.6116      0.5969      0.4126
886     E         D          137           LYS           93.22           588    545    211     8.499     8.235     5.403     0.4983      0.5689      0.5539      0.3547
887     E         D          138           ASN           93.02           588    545    224     8.499     8.235     5.559     0.5364      0.6061      0.5915      0.4056
888     E         D          139           VAL           95.11           588    545    237     8.499     8.235     5.708     0.6548      0.7236      0.7115      0.5525
889     E         D          140           PHE           95.78           588    545    238     8.499     8.235     5.720     0.6628      0.7313      0.7194      0.5637
890     E         D          141           PRO           95.95           588    545    236     8.499     8.235     5.697     0.6426      0.7106      0.6982      0.5368
891     E         D          142           PRO           96.37           588    545    236     8.499     8.235     5.697     0.6396      0.7074      0.6949      0.5326
892     E         D          143           GLU           95.55           588    545    240     8.499     8.235     5.742     0.6669      0.7324      0.7207      0.5700
893     E         D          144           VAL           95.90           588    545    240     8.499     8.235     5.742     0.7035      0.7737      0.7633      0.6249
894     E         D          145           ALA           95.33           588    545    240     8.499     8.235     5.742     0.6799      0.7470      0.7358      0.5909
895     E         D          146           VAL           95.93           588    545    241     8.499     8.235     5.753     0.7069      0.7758      0.7656      0.6298
896     E         D          147           PHE           95.63           588    545    245     8.499     8.235     5.797     0.7309      0.7953      0.7858      0.6614
897     E         D          148           GLU           94.93           588    545    240     8.499     8.235     5.742     0.6638      0.7293      0.7178      0.5710
898     E         D          149           PRO           94.44           588    545    239     8.499     8.235     5.731     0.6562      0.7224      0.7107      0.5615
899     E         D          150           SER           92.06           588    545    223     8.499     8.235     5.547     0.6104      0.6908      0.6784      0.5095
900     E         D          151           GLU           91.07           588    545    222     8.499     8.235     5.535     0.6090      0.6907      0.6782      0.5074
901     E         D          152           ALA           91.18           588    545    239     8.499     8.235     5.731     0.6463      0.7110      0.6991      0.5480
902     E         D          153           GLU           92.59           588    545    243     8.499     8.235     5.775     0.6736      0.7348      0.7235      0.5820
903     E         D          154           ILE           92.21           588    545    241     8.499     8.235     5.753     0.6791      0.7445      0.7334      0.5904
904     E         D          155           SER           90.64           588    545    232     8.499     8.235     5.651     0.6214      0.6923      0.6800      0.5193
905     E         D          156           HIS           90.85           588    545    233     8.499     8.235     5.663     0.6271      0.6974      0.6851      0.5254
906     E         D          157           THR           90.91           588    545    205     8.499     8.235     5.329     0.5663      0.6632      0.6501      0.4562
907     E         D          158           GLN           92.22           588    545    230     8.499     8.235     5.629     0.6148      0.6872      0.6747      0.5103
908     E         D          159           LYS           93.40           588    545    238     8.499     8.235     5.720     0.6677      0.7368      0.7255      0.5782
909     E         D          160           ALA           94.48           588    545    240     8.499     8.235     5.742     0.6861      0.7547      0.7439      0.6034
910     E         D          161           THR           95.50           588    545    243     8.499     8.235     5.775     0.7215      0.7887      0.7790      0.6512
911     E         D          162           LEU           96.01           588    545    243     8.499     8.235     5.775     0.7389      0.8075      0.7984      0.6766
912     E         D          163           VAL           96.45           588    545    245     8.499     8.235     5.797     0.7476      0.8139      0.8051      0.6886
913     E         D          164           CYS           96.40           588    545    244     8.499     8.235     5.786     0.7354      0.8021      0.7928      0.6695
914     E         D          165           LEU           96.06           588    545    243     8.499     8.235     5.775     0.7250      0.7931      0.7835      0.6568
915     E         D          166           ALA           96.36           588    545    242     8.499     8.235     5.764     0.7226      0.7917      0.7820      0.6530
916     E         D          167           THR           95.37           588    545    237     8.499     8.235     5.708     0.6670      0.7384      0.7269      0.5760
917     E         D          168           GLY           94.77           588    545    232     8.499     8.235     5.651     0.6000      0.6690      0.6559      0.4884
918     E         D          169           PHE           96.34           588    545    236     8.499     8.235     5.697     0.6965      0.7732      0.7627      0.6188
919     E         D          170           TYR           96.09           588    545    236     8.499     8.235     5.697     0.6635      0.7367      0.7251      0.5702
920     E         D          171           PRO           95.45           588    545    229     8.499     8.235     5.617     0.5931      0.6659      0.6523      0.4758
921     E         D          172           ASP           94.30           588    545    227     8.499     8.235     5.594     0.5731      0.6468      0.6329      0.4521
922     E         D          173           HIS           95.49           588    545    231     8.499     8.235     5.640     0.6019      0.6748      0.6615      0.4877
923     E         D          174           VAL           96.24           588    545    236     8.499     8.235     5.697     0.6685      0.7423      0.7307      0.5762
924     E         D          175           GLU           96.29           588    545    240     8.499     8.235     5.742     0.6957      0.7657      0.7550      0.6118
925     E         D          176           LEU           96.53           588    545    242     8.499     8.235     5.764     0.7127      0.7806      0.7703      0.6343
926     E         D          177           SER           96.86           588    545    242     8.499     8.235     5.764     0.7051      0.7719      0.7613      0.6218
927     E         D          178           TRP           97.33           588    545    247     8.499     8.235     5.819     0.7434      0.8057      0.7965      0.6758
928     E         D          179           TRP           97.20           588    545    249     8.499     8.235     5.841     0.7312      0.7885      0.7785      0.6512
929     E         D          180           VAL           96.29           588    545    246     8.499     8.235     5.808     0.6970      0.7558      0.7447      0.6035
930     E         D          181           ASN           94.83           588    545    240     8.499     8.235     5.742     0.6302      0.6905      0.6775      0.5153
931     E         D          182           GLY           94.50           588    545    224     8.499     8.235     5.559     0.5409      0.6038      0.5892      0.4023
932     E         D          183           LYS           95.97           588    545    240     8.499     8.235     5.742     0.6179      0.6770      0.6636      0.4983
933     E         D          184           GLU           96.28           588    545    244     8.499     8.235     5.786     0.6913      0.7531      0.7419      0.5982
934     E         D          185           VAL           96.05           588    545    240     8.499     8.235     5.742     0.6725      0.7386      0.7269      0.5760
935     E         D          186           HIS           93.79           588    545    240     8.499     8.235     5.742     0.6732      0.7405      0.7290      0.5801
936     E         D          187           SER           93.12           588    545    236     8.499     8.235     5.697     0.6155      0.6821      0.6692      0.5067
937     E         D          188           GLY           93.77           588    545    226     8.499     8.235     5.582     0.6073      0.6866      0.6739      0.5049
938     E         D          189           VAL           95.83           588    545    238     8.499     8.235     5.720     0.7062      0.7818      0.7717      0.6360
939     E         D          190           SER           95.38           588    545    236     8.499     8.235     5.697     0.6938      0.7713      0.7609      0.6194
940     E         D          191           THR           94.97           588    545    240     8.499     8.235     5.742     0.7307      0.8055      0.7963      0.6716
941     E         D          192           ASP           94.38           588    545    239     8.499     8.235     5.731     0.7196      0.7952      0.7856      0.6556
942     E         D          193           PRO           91.70           588    545    232     8.499     8.235     5.651     0.6808      0.7659      0.7553      0.6077
943     E         D          194           GLN           91.57           588    545    228     8.499     8.235     5.605     0.6545      0.7435      0.7321      0.5740
944     E         D          195           PRO           94.24           588    545    232     8.499     8.235     5.651     0.6819      0.7650      0.7543      0.6060
945     E         D          196           LEU           93.47           588    545    232     8.499     8.235     5.651     0.6711      0.7531      0.7420      0.5897
946     E         D          197           LYS           92.83           588    545    233     8.499     8.235     5.663     0.6752      0.7557      0.7447      0.5942
947     E         D          198           GLU           91.72           588    545    228     8.499     8.235     5.605     0.6096      0.6881      0.6754      0.5062
948     E         D          199           GLN           90.45           588    545    188     8.499     8.235     5.109     0.5022      0.6050      0.5907      0.3716
949     E         D          200           PRO           87.82           588    545    150     8.499     8.235     4.561     0.4428      0.5720      0.5572      0.2903
950     E         D          201           ALA           87.82           588    545    124     8.499     8.235     4.123     0.4029      0.5563      0.5412      0.2384
951     E         D          202           LEU           87.76           588    545    105     8.499     8.235     3.757     0.3695      0.5155      0.5001      0.1782
952     E         D          203           ASN           85.66           588    545    112     8.499     8.235     3.897     0.3810      0.5245      0.5091      0.1934
953     E         D          204           ASP           88.45           588    545    125     8.499     8.235     4.141     0.3980      0.5362      0.5209      0.2216
954     E         D          205           SER           92.49           588    545    213     8.499     8.235     5.427     0.5313      0.6097      0.5953      0.4000
955     E         D          206           ARG           95.23           588    545    237     8.499     8.235     5.708     0.6710      0.7429      0.7315      0.5810
956     E         D          207           TYR           95.99           588    545    241     8.499     8.235     5.753     0.7299      0.8035      0.7942      0.6681
957     E         D          208           CYS           95.83           588    545    240     8.499     8.235     5.742     0.7092      0.7810      0.7710      0.6365
958     E         D          209           LEU           96.51           588    545    241     8.499     8.235     5.753     0.7355      0.8090      0.7999      0.6770
959     E         D          210           SER           96.39           588    545    240     8.499     8.235     5.742     0.7179      0.7911      0.7814      0.6515
960     E         D          211           SER           96.78           588    545    241     8.499     8.235     5.753     0.7335      0.8067      0.7976      0.6744
961     E         D          212           ARG           96.33           588    545    240     8.499     8.235     5.742     0.7114      0.7835      0.7736      0.6409
962     E         D          213           LEU           96.59           588    545    246     8.499     8.235     5.808     0.7496      0.8137      0.8049      0.6885
963     E         D          214           ARG           96.09           588    545    243     8.499     8.235     5.775     0.7152      0.7816      0.7716      0.6411
964     E         D          215           VAL           95.43           588    545    243     8.499     8.235     5.775     0.7054      0.7709      0.7605      0.6262
965     E         D          216           SER           94.25           588    545    243     8.499     8.235     5.775     0.6673      0.7281      0.7164      0.5695
966     E         D          217           ALA           92.91           588    545    243     8.499     8.235     5.775     0.6617      0.7218      0.7100      0.5622
967     E         D          218           THR           92.21           588    545    242     8.499     8.235     5.764     0.6415      0.7010      0.6885      0.5341
968     E         D          219           PHE           93.85           588    545    247     8.499     8.235     5.819     0.6988      0.7558      0.7448      0.6062
969     E         D          220           TRP           94.52           588    545    248     8.499     8.235     5.830     0.7088      0.7650      0.7543      0.6191
970     E         D          221           GLN           92.08           588    545    246     8.499     8.235     5.808     0.6632      0.7180      0.7061      0.5589
971     E         D          222           ASN           91.85           588    545    242     8.499     8.235     5.764     0.6284      0.6849      0.6720      0.5135
972     E         D          223           PRO           90.84           588    545    216     8.499     8.235     5.464     0.5685      0.6456      0.6318      0.4424
973     E         D          224           ARG           90.93           588    545    231     8.499     8.235     5.640     0.5721      0.6322      0.6181      0.4414
974     E         D          225           ASN           93.76           588    545    245     8.499     8.235     5.797     0.6353      0.6884      0.6755      0.5190
975     E         D          226           HIS           95.57           588    545    247     8.499     8.235     5.819     0.6809      0.7364      0.7248      0.5795
976     E         D          227           PHE           96.40           588    545    247     8.499     8.235     5.819     0.7214      0.7811      0.7709      0.6398
977     E         D          228           ARG           96.75           588    545    248     8.499     8.235     5.830     0.7089      0.7657      0.7550      0.6191
978     E         D          229           CYS           96.46           588    545    246     8.499     8.235     5.808     0.7134      0.7734      0.7629      0.6270
979     E         D          230           GLN           97.22           588    545    243     8.499     8.235     5.775     0.7061      0.7713      0.7607      0.6214
980     E         D          231           VAL           97.06           588    545    245     8.499     8.235     5.797     0.7264      0.7905      0.7806      0.6507
981     E         D          232           GLN           97.26           588    545    241     8.499     8.235     5.753     0.7095      0.7794      0.7690      0.6303
982     E         D          233           PHE           96.90           588    545    242     8.499     8.235     5.764     0.7136      0.7820      0.7718      0.6355
983     E         D          234           TYR           96.19           588    545    240     8.499     8.235     5.742     0.6913      0.7615      0.7506      0.6049
984     E         D          235           GLY           94.15           588    545    223     8.499     8.235     5.547     0.5301      0.5982      0.5835      0.3958
985     E         D          236           LEU           94.23           588    545    229     8.499     8.235     5.617     0.5550      0.6211      0.6067      0.4245
986     E         D          237           SER           91.46           588    545    169     8.499     8.235     4.847     0.4308      0.5267      0.5112      0.2693
987     E         D          238           GLU           88.82           588    545    108     8.499     8.235     3.818     0.3740      0.4893      0.4737      0.1642
988     E         D          239           ASN           88.31           588    545     22     8.499     8.235     1.000     0.3056      0.4611      0.4456      0.0119
989     E         D          240           ASP           89.42           588    545     37     8.499     8.235     1.675     0.3270      0.4617      0.4462      0.0325
990     E         D          241           GLU           88.73           588    545     21     8.499     8.235     1.000     0.3020      0.4604      0.4448      0.0117
991     E         D          242           TRP           91.82           588    545     78     8.499     8.235     3.134     0.3638      0.4740      0.4584      0.1102
992     E         D          243           THR           90.19           588    545      9     8.499     8.235     1.000     0.2683      0.4525      0.4369      0.0113
993     E         D          244           GLN           90.33           588    545     14     8.499     8.235     1.000     0.2852      0.4525      0.4369      0.0113
994     E         D          245           ASP           91.79           588    545     10     8.499     8.235     1.000     0.2690      0.4709      0.4552      0.0123
995     E         D          246           ARG           91.75           588    545     46     8.499     8.235     2.095     0.3393      0.4821      0.4665      0.0543
996     E         D          247           ALA           92.82           588    545    145     8.499     8.235     4.482     0.4166      0.5040      0.4884      0.2230
997     E         D          248           LYS           93.95           588    545    225     8.499     8.235     5.570     0.4968      0.5527      0.5373      0.3510
998     E         D          249           PRO           94.12           588    545    204     8.499     8.235     5.316     0.4647      0.5283      0.5129      0.3085
999     E         D          250           VAL           93.47           588    545    224     8.499     8.235     5.559     0.5025      0.5606      0.5454      0.3580
1000    E         D          251           THR           94.32           588    545    237     8.499     8.235     5.708     0.6017      0.6625      0.6487      0.4769
1001    E         D          252           GLN           95.45           588    545    236     8.499     8.235     5.697     0.5825      0.6420      0.6279      0.4540
1002    E         D          253           ILE           95.65           588    545    240     8.499     8.235     5.742     0.6412      0.7036      0.6908      0.5298
1003    E         D          254           VAL           95.32           588    545    241     8.499     8.235     5.753     0.6436      0.7035      0.6909      0.5315
1004    E         D          255           SER           94.80           588    545    232     8.499     8.235     5.651     0.5719      0.6328      0.6188      0.4435
1005    E         D          256           ALA           94.85           588    545    240     8.499     8.235     5.742     0.6065      0.6623      0.6488      0.4838
1006    E         D          257           GLU           94.32           588    545    211     8.499     8.235     5.403     0.5425      0.6202      0.6059      0.4085
1007    E         D          258           ALA           93.35           588    545    223     8.499     8.235     5.547     0.5670      0.6346      0.6206      0.4362
1008    E         D          259           TRP           93.14           588    545    241     8.499     8.235     5.753     0.5975      0.6505      0.6369      0.4727
1009    E         D          260           GLY           90.41           588    545    188     8.499     8.235     5.109     0.4991      0.5904      0.5757      0.3536
1010    E         D          261           ARG           89.12           588    545    113     8.499     8.235     3.917     0.3964      0.5439      0.5288      0.2127
1011    E         D          262           ALA           84.20           588    545     96     8.499     8.235     3.565     0.3762      0.5349      0.5197      0.1766
1012    E         D          263           ASP           81.12           588    545     56     8.499     8.235     2.476     0.3083      0.5185      0.5033      0.0905
1013    E         D          264           CYS           81.82           588    545     32     8.499     8.235     1.388     0.2811      0.5491      0.5342      0.0368
1014    E         D          265           GLY           76.53           588    545     27     8.499     8.235     1.039     0.2548      0.5361      0.5209      0.0186
1015    E         D          266           PHE           76.35           588    545     30     8.499     8.235     1.258     0.2811      0.5634      0.5488      0.0322
1016    E         D          267           THR           80.88           588    545     42     8.499     8.235     1.920     0.3010      0.5697      0.5550      0.0714
1017    E         D          268           SER           77.67           588    545     41     8.499     8.235     1.873     0.3100      0.5866      0.5719      0.0718
1018    E         D          269           GLU           78.95           588    545     60     8.499     8.235     2.611     0.3382      0.5786      0.5641      0.1288
1019    E         D          270           SER           79.67           588    545     57     8.499     8.235     2.510     0.3390      0.5734      0.5587      0.1162
1020    E         D          271           TYR           81.46           588    545     94     8.499     8.235     3.521     0.3858      0.5555      0.5408      0.1946
1021    E         D          272           GLN           81.72           588    545     68     8.499     8.235     2.858     0.3577      0.5922      0.5778      0.1570
1022    E         D          273           GLN           80.09           588    545     62     8.499     8.235     2.675     0.3461      0.6077      0.5934      0.1482
1023    E         D          274           GLY           79.55           588    545     56     8.499     8.235     2.476     0.3388      0.6126      0.5984      0.1330
1024    E         D          275           VAL           86.29           588    545     74     8.499     8.235     3.027     0.3704      0.5991      0.5850      0.1805
1025    E         D          276           LEU           82.66           588    545     55     8.499     8.235     2.441     0.3454      0.6494      0.6358      0.1490
1026    E         D          277           SER           83.55           588    545     49     8.499     8.235     2.217     0.3375      0.6692      0.6557      0.1328
1027    E         D          278           ALA           84.73           588    545     52     8.499     8.235     2.332     0.3418      0.6584      0.6449      0.1434
1028    E         D          279           THR           87.66           588    545     52     8.499     8.235     2.332     0.3421      0.6771      0.6639      0.1515
1029    E         D          280           ILE           87.00           588    545     49     8.499     8.235     2.217     0.3369      0.7051      0.6924      0.1565
1030    E         D          281           LEU           87.53           588    545     48     8.499     8.235     2.177     0.3361      0.6898      0.6767      0.1411
1031    E         D          282           TYR           86.62           588    545     49     8.499     8.235     2.217     0.3364      0.6884      0.6753      0.1431
1032    E         D          283           GLU           87.45           588    545     48     8.499     8.235     2.177     0.3276      0.7190      0.7068      0.1627
1033    E         D          284           ILE           86.03           588    545     48     8.499     8.235     2.177     0.3176      0.7146      0.7023      0.1612
1034    E         D          285           LEU           85.38           588    545     48     8.499     8.235     2.177     0.3129      0.7001      0.6875      0.1528
1035    E         D          286           LEU           86.72           588    545     48     8.499     8.235     2.177     0.3140      0.6845      0.6715      0.1408
1036    E         D          287           GLY           87.06           588    545     47     8.499     8.235     2.137     0.3005      0.7093      0.6971      0.1580
1037    E         D          288           LYS           85.57           588    545     46     8.499     8.235     2.095     0.2875      0.6927      0.6802      0.1445
1038    E         D          289           ALA           83.34           588    545     47     8.499     8.235     2.137     0.2963      0.6929      0.6804      0.1518
1039    E         D          290           THR           89.98           588    545     46     8.499     8.235     2.095     0.2886      0.6969      0.6845      0.1508
1040    E         D          291           LEU           89.01           588    545     42     8.499     8.235     1.920     0.2875      0.7179      0.7058      0.1357
1041    E         D          292           TYR           88.15           588    545     44     8.499     8.235     2.010     0.2742      0.6767      0.6639      0.1290
1042    E         D          293           ALA           86.94           588    545     44     8.499     8.235     2.010     0.2748      0.6836      0.6709      0.1315
1043    E         D          294           VAL           92.57           588    545     42     8.499     8.235     1.920     0.2692      0.6924      0.6800      0.1267
1044    E         D          295           LEU           89.72           588    545     42     8.499     8.235     1.920     0.2656      0.6865      0.6741      0.1260
1045    E         D          296           VAL           87.21           588    545     42     8.499     8.235     1.920     0.2576      0.6799      0.6674      0.1284
1046    E         D          297           SER           89.76           588    545     38     8.499     8.235     1.726     0.2467      0.6783      0.6655      0.1000
1047    E         D          298           ALA           89.83           588    545     38     8.499     8.235     1.726     0.2457      0.6734      0.6606      0.0971
1048    E         D          299           LEU           87.56           588    545     34     8.499     8.235     1.509     0.2353      0.6735      0.6604      0.0724
1049    E         D          300           VAL           85.40           588    545     33     8.499     8.235     1.450     0.2301      0.6656      0.6524      0.0680
1050    E         D          301           LEU           88.38           588    545     30     8.499     8.235     1.258     0.2163      0.6547      0.6411      0.0464
1051    E         D          302           MET           87.69           588    545     28     8.499     8.235     1.116     0.1976      0.6201      0.6058      0.0306
1052    E         D          303           ALA           83.67           588    545     24     8.499     8.235     1.000     0.1892      0.5996      0.5847      0.0218
1053    E         D          304           MET           84.60           588    545     19     8.499     8.235     1.000     0.1696      0.5738      0.5587      0.0194
1054    E         D          305           VAL           87.06           588    545     18     8.499     8.235     1.000     0.1583      0.5654      0.5501      0.0185
1055    E         D          306           LYS           84.75           588    545     13     8.499     8.235     1.000     0.1382      0.4873      0.4717      0.0132
1056    E         D          307           ARG           82.73           588    545      6     8.499     8.235     1.000     0.1257      0.4681      0.4524      0.0121
1057    E         D          308           LYS           80.70           588    545      5     8.499     8.235     1.000     0.1205      0.4764      0.4608      0.0126
1058    E         D          309           ASP           80.97           588    545      2     8.499     8.235     1.000     0.1164      0.4395      0.4240      0.0107
1059    E         D          310           SER           79.86           588    545      0     8.499     8.235     1.000     0.1030      0.0000      0.0000      0.0000
1060    E         D          311           ARG           69.91           588    545      0     8.499     8.235     1.000     0.0885      0.0000      0.0000      0.0000
1061    E         D          312           GLY           52.66           588    545      0     8.499     8.235     1.000     0.0768      0.0000      0.0000      0.0000
