i   AlignChn ScoredChain  AlignResNum  AlignResType  AlignRespLDDT      n0chn  n0dom  n0res    d0chn     d0dom     d0res   ipTM_pae  ipSAE_d0chn ipSAE_d0dom    ipSAE 
1       A         B            1           MET           19.98           461    375      0     7.674     7.021     1.000     0.0558      0.0000      0.0000      0.0000
2       A         B            2           ARG           26.63           461    375      0     7.674     7.021     1.000     0.0559      0.0000      0.0000      0.0000
3       A         B            3           VAL           26.00           461    375      0     7.674     7.021     1.000     0.0559      0.0000      0.0000      0.0000
4       A         B            4           THR           29.09           461    375      0     7.674     7.021     1.000     0.0559      0.0000      0.0000      0.0000
5       A         B            5           ALA           31.47           461    375      0     7.674     7.021     1.000     0.0559      0.0000      0.0000      0.0000
6       A         B            6           PRO           31.09           461    375      0     7.674     7.021     1.000     0.0562      0.0000      0.0000      0.0000
7       A         B            7           ARG           30.01           461    375      0     7.674     7.021     1.000     0.0562      0.0000      0.0000      0.0000
8       A         B            8           THR           29.30           461    375      0     7.674     7.021     1.000     0.0565      0.0000      0.0000      0.0000
9       A         B            9           VAL           26.35           461    375      0     7.674     7.021     1.000     0.0570      0.0000      0.0000      0.0000
10      A         B           10           LEU           26.79           461    375      0     7.674     7.021     1.000     0.0570      0.0000      0.0000      0.0000
11      A         B           11           LEU           26.61           461    375      0     7.674     7.021     1.000     0.0573      0.0000      0.0000      0.0000
12      A         B           12           LEU           29.36           461    375      0     7.674     7.021     1.000     0.0575      0.0000      0.0000      0.0000
13      A         B           13           LEU           30.21           461    375      0     7.674     7.021     1.000     0.0581      0.0000      0.0000      0.0000
14      A         B           14           TRP           33.58           461    375      0     7.674     7.021     1.000     0.0587      0.0000      0.0000      0.0000
15      A         B           15           GLY           31.51           461    375      0     7.674     7.021     1.000     0.0587      0.0000      0.0000      0.0000
16      A         B           16           ALA           33.32           461    375      0     7.674     7.021     1.000     0.0608      0.0000      0.0000      0.0000
17      A         B           17           VAL           33.03           461    375      0     7.674     7.021     1.000     0.0625      0.0000      0.0000      0.0000
18      A         B           18           ALA           37.49           461    375      0     7.674     7.021     1.000     0.0637      0.0000      0.0000      0.0000
19      A         B           19           LEU           41.69           461    375      0     7.674     7.021     1.000     0.0661      0.0000      0.0000      0.0000
20      A         B           20           THR           46.41           461    375      0     7.674     7.021     1.000     0.0777      0.0000      0.0000      0.0000
21      A         B           21           GLU           57.43           461    375      0     7.674     7.021     1.000     0.0860      0.0000      0.0000      0.0000
22      A         B           22           THR           69.75           461    375      0     7.674     7.021     1.000     0.1276      0.0000      0.0000      0.0000
23      A         B           23           TRP           74.79           461    375      0     7.674     7.021     1.000     0.1939      0.0000      0.0000      0.0000
24      A         B           24           ALA           71.75           461    375      0     7.674     7.021     1.000     0.1433      0.0000      0.0000      0.0000
25      A         B           25           GLY           85.79           461    375      2     7.674     7.021     1.000     0.2084      0.4175      0.3752      0.0121
26      A         B           26           SER           93.45           461    375     99     7.674     7.021     3.631     0.5775      0.5775      0.5350      0.2429
27      A         B           27           HIS           96.51           461    375     99     7.674     7.021     3.631     0.8127      0.8127      0.7849      0.5056
28      A         B           28           SER           97.50           461    375     99     7.674     7.021     3.631     0.7780      0.7780      0.7468      0.4546
29      A         B           29           MET           98.14           461    375     99     7.674     7.021     3.631     0.8663      0.8663      0.8449      0.6064
30      A         B           30           ARG           98.12           461    375     99     7.674     7.021     3.631     0.8491      0.8491      0.8257      0.5745
31      A         B           31           TYR           98.34           461    375     99     7.674     7.021     3.631     0.9030      0.9030      0.8868      0.6886
32      A         B           32           PHE           98.53           461    375     99     7.674     7.021     3.631     0.9190      0.9190      0.9051      0.7281
33      A         B           33           TYR           98.49           461    375     99     7.674     7.021     3.631     0.9070      0.9070      0.8914      0.7003
34      A         B           34           THR           98.42           461    375     99     7.674     7.021     3.631     0.8978      0.8978      0.8809      0.6796
35      A         B           35           ALA           98.26           461    375     99     7.674     7.021     3.631     0.8724      0.8724      0.8521      0.6244
36      A         B           36           MET           97.52           461    375     99     7.674     7.021     3.631     0.7923      0.7923      0.7632      0.4867
37      A         B           37           SER           97.27           461    375     99     7.674     7.021     3.631     0.8160      0.8160      0.7893      0.5224
38      A         B           38           ARG           95.60           461    375     99     7.674     7.021     3.631     0.7488      0.7488      0.7160      0.4262
39      A         B           39           PRO           94.82           461    375     99     7.674     7.021     3.631     0.6762      0.6762      0.6390      0.3443
40      A         B           40           GLY           92.68           461    375     91     7.674     7.021     3.452     0.5465      0.5630      0.5212      0.2205
41      A         B           41           ARG           92.13           461    375     99     7.674     7.021     3.631     0.6020      0.6020      0.5607      0.2658
42      A         B           42           GLY           89.93           461    375     98     7.674     7.021     3.609     0.5729      0.5750      0.5331      0.2425
43      A         B           43           GLU           90.70           461    375     99     7.674     7.021     3.631     0.7311      0.7311      0.6970      0.4034
44      A         B           44           PRO           95.51           461    375     99     7.674     7.021     3.631     0.8510      0.8510      0.8279      0.5791
45      A         B           45           ARG           97.15           461    375     99     7.674     7.021     3.631     0.8693      0.8693      0.8484      0.6137
46      A         B           46           PHE           97.56           461    375     99     7.674     7.021     3.631     0.9038      0.9038      0.8877      0.6914
47      A         B           47           ILE           98.23           461    375     99     7.674     7.021     3.631     0.8979      0.8979      0.8809      0.6764
48      A         B           48           ALA           98.34           461    375     99     7.674     7.021     3.631     0.8860      0.8860      0.8673      0.6504
49      A         B           49           VAL           98.40           461    375     99     7.674     7.021     3.631     0.8842      0.8842      0.8653      0.6446
50      A         B           50           GLY           98.25           461    375     99     7.674     7.021     3.631     0.8565      0.8565      0.8340      0.5886
51      A         B           51           TYR           98.13           461    375     99     7.674     7.021     3.631     0.9037      0.9037      0.8874      0.6867
52      A         B           52           VAL           98.02           461    375     99     7.674     7.021     3.631     0.8890      0.8890      0.8705      0.6506
53      A         B           53           ASP           96.63           461    375     99     7.674     7.021     3.631     0.8698      0.8698      0.8486      0.6073
54      A         B           54           ASP           96.34           461    375     99     7.674     7.021     3.631     0.8760      0.8760      0.8558      0.6228
55      A         B           55           THR           97.16           461    375     99     7.674     7.021     3.631     0.8798      0.8798      0.8601      0.6310
56      A         B           56           GLN           97.98           461    375     99     7.674     7.021     3.631     0.8998      0.8998      0.8829      0.6766
57      A         B           57           PHE           98.01           461    375     99     7.674     7.021     3.631     0.8743      0.8743      0.8539      0.6200
58      A         B           58           VAL           97.98           461    375     99     7.674     7.021     3.631     0.8582      0.8582      0.8358      0.5892
59      A         B           59           ARG           97.85           461    375     99     7.674     7.021     3.631     0.8460      0.8460      0.8221      0.5662
60      A         B           60           PHE           98.16           461    375     99     7.674     7.021     3.631     0.8920      0.8920      0.8741      0.6619
61      A         B           61           ASP           97.55           461    375     99     7.674     7.021     3.631     0.8732      0.8732      0.8527      0.6197
62      A         B           62           SER           96.50           461    375     99     7.674     7.021     3.631     0.8443      0.8443      0.8202      0.5635
63      A         B           63           ASP           94.68           461    375     99     7.674     7.021     3.631     0.7862      0.7862      0.7560      0.4682
64      A         B           64           ALA           93.75           461    375     99     7.674     7.021     3.631     0.6701      0.6701      0.6318      0.3299
65      A         B           65           ALA           91.80           461    375     94     7.674     7.021     3.521     0.5700      0.5814      0.5400      0.2402
66      A         B           66           SER           91.66           461    375     87     7.674     7.021     3.359     0.5087      0.5317      0.4887      0.1854
67      A         B           67           PRO           93.96           461    375     99     7.674     7.021     3.631     0.6221      0.6221      0.5808      0.2782
68      A         B           68           ARG           95.58           461    375     99     7.674     7.021     3.631     0.7238      0.7238      0.6879      0.3815
69      A         B           69           THR           97.36           461    375     99     7.674     7.021     3.631     0.8456      0.8456      0.8214      0.5614
70      A         B           70           GLU           97.17           461    375     99     7.674     7.021     3.631     0.8459      0.8459      0.8217      0.5610
71      A         B           71           PRO           97.51           461    375     99     7.674     7.021     3.631     0.8420      0.8420      0.8173      0.5537
72      A         B           72           ARG           96.70           461    375     99     7.674     7.021     3.631     0.8530      0.8530      0.8297      0.5748
73      A         B           73           ALA           96.52           461    375     99     7.674     7.021     3.631     0.8395      0.8395      0.8146      0.5504
74      A         B           74           PRO           96.17           461    375     99     7.674     7.021     3.631     0.8248      0.8248      0.7981      0.5223
75      A         B           75           TRP           97.00           461    375     99     7.674     7.021     3.631     0.8449      0.8449      0.8206      0.5579
76      A         B           76           ILE           97.65           461    375     99     7.674     7.021     3.631     0.8327      0.8327      0.8069      0.5353
77      A         B           77           GLU           96.57           461    375     99     7.674     7.021     3.631     0.7975      0.7975      0.7678      0.4775
78      A         B           78           GLN           95.30           461    375     99     7.674     7.021     3.631     0.7127      0.7127      0.6758      0.3659
79      A         B           79           GLU           95.58           461    375     99     7.674     7.021     3.631     0.7307      0.7307      0.6949      0.3844
80      A         B           80           GLY           94.24           461    375     99     7.674     7.021     3.631     0.5646      0.5646      0.5215      0.2302
81      A         B           81           PRO           93.29           461    375     99     7.674     7.021     3.631     0.7094      0.7094      0.6721      0.3608
82      A         B           82           GLU           89.48           461    375     99     7.674     7.021     3.631     0.7186      0.7186      0.6821      0.3729
83      A         B           83           TYR           94.33           461    375     99     7.674     7.021     3.631     0.8495      0.8495      0.8257      0.5668
84      A         B           84           TRP           95.61           461    375     99     7.674     7.021     3.631     0.8493      0.8493      0.8255      0.5660
85      A         B           85           ASP           91.19           461    375     99     7.674     7.021     3.631     0.8097      0.8097      0.7814      0.4972
86      A         B           86           ARG           91.58           461    375     99     7.674     7.021     3.631     0.8136      0.8136      0.7858      0.5062
87      A         B           87           ASN           94.44           461    375     99     7.674     7.021     3.631     0.8234      0.8234      0.7968      0.5235
88      A         B           88           THR           94.49           461    375     99     7.674     7.021     3.631     0.8534      0.8534      0.8303      0.5778
89      A         B           89           GLN           91.05           461    375     99     7.674     7.021     3.631     0.8298      0.8298      0.8038      0.5331
90      A         B           90           ILE           93.71           461    375     99     7.674     7.021     3.631     0.8638      0.8638      0.8421      0.5993
91      A         B           91           PHE           95.47           461    375     99     7.674     7.021     3.631     0.8710      0.8710      0.8502      0.6132
92      A         B           92           LYS           92.10           461    375     99     7.674     7.021     3.631     0.8631      0.8631      0.8412      0.5970
93      A         B           93           THR           91.98           461    375     99     7.674     7.021     3.631     0.8409      0.8409      0.8163      0.5558
94      A         B           94           ASN           94.48           461    375     99     7.674     7.021     3.631     0.8376      0.8376      0.8127      0.5515
95      A         B           95           THR           93.97           461    375     99     7.674     7.021     3.631     0.8562      0.8562      0.8335      0.5859
96      A         B           96           GLN           90.09           461    375     99     7.674     7.021     3.631     0.8280      0.8280      0.8020      0.5334
97      A         B           97           THR           93.13           461    375     99     7.674     7.021     3.631     0.8453      0.8453      0.8214      0.5669
98      A         B           98           TYR           95.52           461    375     99     7.674     7.021     3.631     0.8689      0.8689      0.8479      0.6122
99      A         B           99           ARG           93.39           461    375     99     7.674     7.021     3.631     0.8717      0.8717      0.8511      0.6177
100     A         B          100           GLU           92.27           461    375     99     7.674     7.021     3.631     0.8526      0.8526      0.8295      0.5788
101     A         B          101           ASN           95.78           461    375     99     7.674     7.021     3.631     0.8703      0.8703      0.8496      0.6166
102     A         B          102           LEU           96.18           461    375     99     7.674     7.021     3.631     0.8762      0.8762      0.8562      0.6280
103     A         B          103           ARG           92.61           461    375     99     7.674     7.021     3.631     0.8449      0.8449      0.8210      0.5654
104     A         B          104           ILE           94.66           461    375     99     7.674     7.021     3.631     0.8521      0.8521      0.8290      0.5794
105     A         B          105           ALA           96.84           461    375     99     7.674     7.021     3.631     0.8427      0.8427      0.8185      0.5622
106     A         B          106           LEU           96.24           461    375     99     7.674     7.021     3.631     0.8367      0.8367      0.8118      0.5509
107     A         B          107           ARG           94.23           461    375     99     7.674     7.021     3.631     0.7868      0.7868      0.7566      0.4702
108     A         B          108           TYR           96.16           461    375     99     7.674     7.021     3.631     0.8303      0.8303      0.8047      0.5391
109     A         B          109           TYR           96.92           461    375     99     7.674     7.021     3.631     0.8207      0.8207      0.7940      0.5229
110     A         B          110           ASN           96.87           461    375     99     7.674     7.021     3.631     0.7214      0.7214      0.6863      0.3883
111     A         B          111           GLN           96.48           461    375     99     7.674     7.021     3.631     0.7462      0.7462      0.7128      0.4167
112     A         B          112           SER           95.82           461    375     99     7.674     7.021     3.631     0.6655      0.6655      0.6270      0.3273
113     A         B          113           GLU           92.69           461    375     99     7.674     7.021     3.631     0.6444      0.6444      0.6048      0.3051
114     A         B          114           ALA           94.36           461    375     99     7.674     7.021     3.631     0.6237      0.6237      0.5837      0.2890
115     A         B          115           GLY           95.08           461    375     99     7.674     7.021     3.631     0.6967      0.6967      0.6608      0.3684
116     A         B          116           SER           96.69           461    375     99     7.674     7.021     3.631     0.8053      0.8053      0.7775      0.5071
117     A         B          117           HIS           97.81           461    375     99     7.674     7.021     3.631     0.8725      0.8725      0.8522      0.6264
118     A         B          118           THR           98.13           461    375     99     7.674     7.021     3.631     0.8636      0.8636      0.8423      0.6094
119     A         B          119           TRP           98.43           461    375     99     7.674     7.021     3.631     0.8842      0.8842      0.8655      0.6506
120     A         B          120           GLN           98.31           461    375     99     7.674     7.021     3.631     0.8952      0.8952      0.8779      0.6740
121     A         B          121           THR           98.39           461    375     99     7.674     7.021     3.631     0.8608      0.8608      0.8391      0.6036
122     A         B          122           MET           98.30           461    375     99     7.674     7.021     3.631     0.8141      0.8141      0.7873      0.5226
123     A         B          123           TYR           98.24           461    375     99     7.674     7.021     3.631     0.8654      0.8654      0.8441      0.6079
124     A         B          124           GLY           98.04           461    375     99     7.674     7.021     3.631     0.7624      0.7624      0.7305      0.4418
125     A         B          125           CYS           97.83           461    375     99     7.674     7.021     3.631     0.7731      0.7731      0.7415      0.4485
126     A         B          126           ASP           97.87           461    375     99     7.674     7.021     3.631     0.8236      0.8236      0.7970      0.5249
127     A         B          127           VAL           97.31           461    375     99     7.674     7.021     3.631     0.7712      0.7712      0.7392      0.4428
128     A         B          128           GLY           95.47           461    375     99     7.674     7.021     3.631     0.6270      0.6270      0.5858      0.2831
129     A         B          129           PRO           93.16           461    375     99     7.674     7.021     3.631     0.6037      0.6037      0.5617      0.2624
130     A         B          130           ASP           93.42           461    375     94     7.674     7.021     3.521     0.4692      0.4756      0.4324      0.1642
131     A         B          131           GLY           92.93           461    375     97     7.674     7.021     3.587     0.5027      0.5056      0.4623      0.1881
132     A         B          132           ARG           94.48           461    375     99     7.674     7.021     3.631     0.5749      0.5749      0.5325      0.2417
133     A         B          133           LEU           96.69           461    375     99     7.674     7.021     3.631     0.7501      0.7501      0.7160      0.4113
134     A         B          134           LEU           96.65           461    375     99     7.674     7.021     3.631     0.7140      0.7140      0.6775      0.3700
135     A         B          135           ARG           97.00           461    375     99     7.674     7.021     3.631     0.6617      0.6617      0.6226      0.3201
136     A         B          136           GLY           97.72           461    375     99     7.674     7.021     3.631     0.7293      0.7293      0.6946      0.3972
137     A         B          137           HIS           98.02           461    375     99     7.674     7.021     3.631     0.8125      0.8125      0.7850      0.5108
138     A         B          138           ASN           98.12           461    375     99     7.674     7.021     3.631     0.8047      0.8047      0.7767      0.5029
139     A         B          139           GLN           97.84           461    375     99     7.674     7.021     3.631     0.7289      0.7289      0.6950      0.4061
140     A         B          140           TYR           98.24           461    375     99     7.674     7.021     3.631     0.8587      0.8587      0.8367      0.5985
141     A         B          141           ALA           98.38           461    375     99     7.674     7.021     3.631     0.8631      0.8631      0.8417      0.6068
142     A         B          142           TYR           98.22           461    375     99     7.674     7.021     3.631     0.8992      0.8992      0.8825      0.6830
143     A         B          143           ASP           97.81           461    375     99     7.674     7.021     3.631     0.8702      0.8702      0.8496      0.6218
144     A         B          144           GLY           97.40           461    375     99     7.674     7.021     3.631     0.8106      0.8106      0.7838      0.5238
145     A         B          145           LYS           97.48           461    375     99     7.674     7.021     3.631     0.8228      0.8228      0.7971      0.5413
146     A         B          146           ASP           97.85           461    375     99     7.674     7.021     3.631     0.8607      0.8607      0.8389      0.6004
147     A         B          147           TYR           98.29           461    375     99     7.674     7.021     3.631     0.8854      0.8854      0.8667      0.6496
148     A         B          148           ILE           98.23           461    375     99     7.674     7.021     3.631     0.8464      0.8464      0.8228      0.5718
149     A         B          149           ALA           98.03           461    375     99     7.674     7.021     3.631     0.8224      0.8224      0.7960      0.5286
150     A         B          150           LEU           98.04           461    375     99     7.674     7.021     3.631     0.8385      0.8385      0.8138      0.5541
151     A         B          151           ASN           97.86           461    375     99     7.674     7.021     3.631     0.7980      0.7980      0.7688      0.4849
152     A         B          152           GLU           97.19           461    375     99     7.674     7.021     3.631     0.7342      0.7342      0.6993      0.3970
153     A         B          153           ASP           97.24           461    375     99     7.674     7.021     3.631     0.6739      0.6739      0.6352      0.3303
154     A         B          154           LEU           97.19           461    375     99     7.674     7.021     3.631     0.7466      0.7466      0.7125      0.4101
155     A         B          155           SER           96.47           461    375     99     7.674     7.021     3.631     0.6208      0.6208      0.5794      0.2772
156     A         B          156           SER           97.49           461    375     99     7.674     7.021     3.631     0.7186      0.7186      0.6828      0.3805
157     A         B          157           TRP           97.98           461    375     99     7.674     7.021     3.631     0.8180      0.8180      0.7909      0.5181
158     A         B          158           THR           98.02           461    375     99     7.674     7.021     3.631     0.8084      0.8084      0.7804      0.5035
159     A         B          159           ALA           97.86           461    375     99     7.674     7.021     3.631     0.7599      0.7599      0.7275      0.4352
160     A         B          160           ALA           97.30           461    375     99     7.674     7.021     3.631     0.7179      0.7179      0.6824      0.3837
161     A         B          161           ASP           97.05           461    375     99     7.674     7.021     3.631     0.6951      0.6951      0.6584      0.3598
162     A         B          162           THR           96.94           461    375     99     7.674     7.021     3.631     0.7006      0.7006      0.6640      0.3635
163     A         B          163           ALA           97.09           461    375     99     7.674     7.021     3.631     0.7831      0.7831      0.7526      0.4658
164     A         B          164           ALA           97.76           461    375     99     7.674     7.021     3.631     0.8057      0.8057      0.7775      0.5003
165     A         B          165           GLN           97.40           461    375     99     7.674     7.021     3.631     0.8200      0.8200      0.7932      0.5218
166     A         B          166           ILE           96.12           461    375     99     7.674     7.021     3.631     0.8261      0.8261      0.7999      0.5308
167     A         B          167           THR           96.80           461    375     99     7.674     7.021     3.631     0.8407      0.8407      0.8162      0.5577
168     A         B          168           GLN           97.41           461    375     99     7.674     7.021     3.631     0.8399      0.8399      0.8152      0.5550
169     A         B          169           ARG           95.73           461    375     99     7.674     7.021     3.631     0.8062      0.8062      0.7779      0.4984
170     A         B          170           LYS           93.15           461    375     99     7.674     7.021     3.631     0.7893      0.7893      0.7593      0.4716
171     A         B          171           TRP           94.48           461    375     99     7.674     7.021     3.631     0.8126      0.8126      0.7849      0.5083
172     A         B          172           GLU           93.84           461    375     99     7.674     7.021     3.631     0.8004      0.8004      0.7714      0.4876
173     A         B          173           ALA           90.15           461    375     99     7.674     7.021     3.631     0.7242      0.7242      0.6886      0.3843
174     A         B          174           ALA           86.70           461    375     99     7.674     7.021     3.631     0.6569      0.6569      0.6173      0.3122
175     A         B          175           ARG           87.83           461    375     99     7.674     7.021     3.631     0.6432      0.6432      0.6029      0.2994
176     A         B          176           GLU           92.78           461    375     99     7.674     7.021     3.631     0.6830      0.6830      0.6446      0.3373
177     A         B          177           ALA           94.78           461    375     99     7.674     7.021     3.631     0.7480      0.7480      0.7140      0.4122
178     A         B          178           GLU           91.16           461    375     99     7.674     7.021     3.631     0.7554      0.7554      0.7219      0.4193
179     A         B          179           GLN           91.20           461    375     99     7.674     7.021     3.631     0.7836      0.7836      0.7528      0.4593
180     A         B          180           LEU           95.04           461    375     99     7.674     7.021     3.631     0.7957      0.7957      0.7660      0.4768
181     A         B          181           ARG           95.74           461    375     99     7.674     7.021     3.631     0.8084      0.8084      0.7800      0.4966
182     A         B          182           ALA           92.88           461    375     99     7.674     7.021     3.631     0.8024      0.8024      0.7732      0.4856
183     A         B          183           TYR           95.06           461    375     99     7.674     7.021     3.631     0.8546      0.8546      0.8315      0.5778
184     A         B          184           LEU           96.99           461    375     99     7.674     7.021     3.631     0.8391      0.8391      0.8141      0.5489
185     A         B          185           GLU           95.63           461    375     99     7.674     7.021     3.631     0.7851      0.7851      0.7543      0.4613
186     A         B          186           GLY           93.65           461    375     99     7.674     7.021     3.631     0.6486      0.6486      0.6082      0.3011
187     A         B          187           LEU           94.00           461    375     99     7.674     7.021     3.631     0.7932      0.7932      0.7631      0.4720
188     A         B          188           CYS           96.69           461    375     99     7.674     7.021     3.631     0.8411      0.8411      0.8164      0.5520
189     A         B          189           VAL           97.27           461    375     99     7.674     7.021     3.631     0.8126      0.8126      0.7846      0.5029
190     A         B          190           GLU           95.56           461    375     99     7.674     7.021     3.631     0.8060      0.8060      0.7771      0.4896
191     A         B          191           TRP           96.70           461    375     99     7.674     7.021     3.631     0.8493      0.8493      0.8255      0.5659
192     A         B          192           LEU           97.39           461    375     99     7.674     7.021     3.631     0.8646      0.8646      0.8428      0.5963
193     A         B          193           ARG           96.55           461    375     99     7.674     7.021     3.631     0.8321      0.8321      0.8061      0.5333
194     A         B          194           ARG           96.68           461    375     99     7.674     7.021     3.631     0.8476      0.8476      0.8235      0.5614
195     A         B          195           HIS           97.37           461    375     99     7.674     7.021     3.631     0.8579      0.8579      0.8351      0.5818
196     A         B          196           LEU           96.49           461    375     99     7.674     7.021     3.631     0.8547      0.8547      0.8315      0.5750
197     A         B          197           GLU           95.43           461    375     99     7.674     7.021     3.631     0.7648      0.7648      0.7319      0.4296
198     A         B          198           ASN           96.41           461    375     99     7.674     7.021     3.631     0.7754      0.7754      0.7434      0.4425
199     A         B          199           GLY           95.99           461    375     99     7.674     7.021     3.631     0.6816      0.6816      0.6426      0.3305
200     A         B          200           LYS           95.00           461    375     99     7.674     7.021     3.631     0.6816      0.6816      0.6426      0.3310
201     A         B          201           GLU           94.78           461    375     99     7.674     7.021     3.631     0.6895      0.6895      0.6510      0.3395
202     A         B          202           THR           94.93           461    375     99     7.674     7.021     3.631     0.7253      0.7253      0.6893      0.3793
203     A         B          203           LEU           95.75           461    375     99     7.674     7.021     3.631     0.8108      0.8108      0.7824      0.4966
204     A         B          204           GLN           94.29           461    375     99     7.674     7.021     3.631     0.7486      0.7486      0.7144      0.4081
205     A         B          205           ARG           94.13           461    375     99     7.674     7.021     3.631     0.7208      0.7208      0.6844      0.3745
206     A         B          206           ALA           94.80           461    375     99     7.674     7.021     3.631     0.7638      0.7638      0.7310      0.4293
207     A         B          207           ASP           96.35           461    375     99     7.674     7.021     3.631     0.8138      0.8138      0.7859      0.5035
208     A         B          208           PRO           96.56           461    375     99     7.674     7.021     3.631     0.7741      0.7741      0.7422      0.4443
209     A         B          209           PRO           97.12           461    375     99     7.674     7.021     3.631     0.8083      0.8083      0.7799      0.4962
210     A         B          210           LYS           96.61           461    375     99     7.674     7.021     3.631     0.8301      0.8301      0.8040      0.5326
211     A         B          211           THR           96.07           461    375     99     7.674     7.021     3.631     0.8009      0.8009      0.7717      0.4854
212     A         B          212           HIS           95.41           461    375     99     7.674     7.021     3.631     0.8149      0.8149      0.7872      0.5070
213     A         B          213           VAL           95.31           461    375     99     7.674     7.021     3.631     0.8148      0.8148      0.7870      0.5057
214     A         B          214           THR           94.66           461    375     99     7.674     7.021     3.631     0.8005      0.8005      0.7713      0.4833
215     A         B          215           HIS           94.05           461    375     99     7.674     7.021     3.631     0.7664      0.7664      0.7339      0.4349
216     A         B          216           HIS           94.01           461    375     99     7.674     7.021     3.631     0.7414      0.7414      0.7068      0.4023
217     A         B          217           PRO           93.59           461    375     99     7.674     7.021     3.631     0.6383      0.6383      0.5980      0.2968
218     A         B          218           VAL           93.07           461    375     99     7.674     7.021     3.631     0.5454      0.5454      0.5025      0.2201
219     A         B          219           SER           93.33           461    375     97     7.674     7.021     3.587     0.4923      0.4949      0.4518      0.1823
220     A         B          220           ASP           93.53           461    375     67     7.674     7.021     2.828     0.4204      0.4599      0.4170      0.1070
221     A         B          221           HIS           94.49           461    375     30     7.674     7.021     1.258     0.3579      0.4370      0.3943      0.0209
222     A         B          222           GLU           93.79           461    375     99     7.674     7.021     3.631     0.5553      0.5553      0.5124      0.2261
223     A         B          223           ALA           93.94           461    375     99     7.674     7.021     3.631     0.6999      0.6999      0.6623      0.3528
224     A         B          224           THR           95.12           461    375     99     7.674     7.021     3.631     0.7786      0.7786      0.7470      0.4486
225     A         B          225           LEU           95.30           461    375     99     7.674     7.021     3.631     0.8084      0.8084      0.7799      0.4951
226     A         B          226           ARG           96.26           461    375     99     7.674     7.021     3.631     0.8238      0.8238      0.7970      0.5212
227     A         B          227           CYS           96.40           461    375     99     7.674     7.021     3.631     0.8503      0.8503      0.8267      0.5692
228     A         B          228           TRP           96.68           461    375     99     7.674     7.021     3.631     0.8711      0.8711      0.8502      0.6111
229     A         B          229           ALA           96.95           461    375     99     7.674     7.021     3.631     0.8701      0.8701      0.8490      0.6092
230     A         B          230           LEU           96.86           461    375     99     7.674     7.021     3.631     0.8655      0.8655      0.8439      0.6005
231     A         B          231           GLY           96.43           461    375     99     7.674     7.021     3.631     0.8256      0.8256      0.7992      0.5276
232     A         B          232           PHE           97.17           461    375     99     7.674     7.021     3.631     0.8936      0.8936      0.8757      0.6595
233     A         B          233           TYR           96.57           461    375     99     7.674     7.021     3.631     0.8685      0.8685      0.8471      0.6037
234     A         B          234           PRO           95.80           461    375     99     7.674     7.021     3.631     0.8040      0.8040      0.7752      0.4897
235     A         B          235           ALA           96.54           461    375     99     7.674     7.021     3.631     0.8277      0.8277      0.8014      0.5283
236     A         B          236           GLU           95.94           461    375     99     7.674     7.021     3.631     0.8395      0.8395      0.8145      0.5485
237     A         B          237           ILE           96.76           461    375     99     7.674     7.021     3.631     0.8436      0.8436      0.8190      0.5545
238     A         B          238           THR           96.27           461    375     99     7.674     7.021     3.631     0.7844      0.7844      0.7535      0.4586
239     A         B          239           LEU           95.46           461    375     99     7.674     7.021     3.631     0.7078      0.7078      0.6708      0.3623
240     A         B          240           THR           95.61           461    375     99     7.674     7.021     3.631     0.7425      0.7425      0.7079      0.4015
241     A         B          241           TRP           96.20           461    375     99     7.674     7.021     3.631     0.7929      0.7929      0.7627      0.4693
242     A         B          242           GLN           95.43           461    375     99     7.674     7.021     3.631     0.7135      0.7135      0.6765      0.3648
243     A         B          243           ARG           94.66           461    375     99     7.674     7.021     3.631     0.6149      0.6149      0.5728      0.2683
244     A         B          244           ASP           93.63           461    375     99     7.674     7.021     3.631     0.4947      0.4947      0.4511      0.1828
245     A         B          245           GLY           91.64           461    375     63     7.674     7.021     2.706     0.4080      0.4412      0.3983      0.0906
246     A         B          246           GLU           92.91           461    375     94     7.674     7.021     3.521     0.4511      0.4567      0.4135      0.1524
247     A         B          247           ASP           92.94           461    375     99     7.674     7.021     3.631     0.5157      0.5157      0.4719      0.1952
248     A         B          248           GLN           91.18           461    375     97     7.674     7.021     3.587     0.4762      0.4786      0.4352      0.1699
249     A         B          249           THR           89.33           461    375     46     7.674     7.021     2.095     0.3744      0.4265      0.3839      0.0531
250     A         B          250           GLN           86.75           461    375     15     7.674     7.021     1.000     0.3059      0.4055      0.3636      0.0115
251     A         B          251           ASP           88.87           461    375     59     7.674     7.021     2.578     0.4090      0.4617      0.4186      0.0905
252     A         B          252           THR           92.77           461    375     99     7.674     7.021     3.631     0.6819      0.6819      0.6433      0.3348
253     A         B          253           GLU           94.59           461    375     99     7.674     7.021     3.631     0.7660      0.7660      0.7334      0.4334
254     A         B          254           LEU           95.14           461    375     99     7.674     7.021     3.631     0.8020      0.8020      0.7731      0.4890
255     A         B          255           VAL           95.44           461    375     99     7.674     7.021     3.631     0.8441      0.8441      0.8198      0.5609
256     A         B          256           GLU           95.51           461    375     99     7.674     7.021     3.631     0.8529      0.8529      0.8297      0.5765
257     A         B          257           THR           97.12           461    375     99     7.674     7.021     3.631     0.9113      0.9113      0.8961      0.7046
258     A         B          258           ARG           97.63           461    375     99     7.674     7.021     3.631     0.9030      0.9030      0.8866      0.6849
259     A         B          259           PRO           97.43           461    375     99     7.674     7.021     3.631     0.9105      0.9105      0.8952      0.7038
260     A         B          260           ALA           96.69           461    375     99     7.674     7.021     3.631     0.8896      0.8896      0.8713      0.6548
261     A         B          261           GLY           95.30           461    375     99     7.674     7.021     3.631     0.8431      0.8431      0.8189      0.5623
262     A         B          262           ASP           94.60           461    375     99     7.674     7.021     3.631     0.8108      0.8108      0.7830      0.5058
263     A         B          263           ARG           95.03           461    375     99     7.674     7.021     3.631     0.8107      0.8107      0.7828      0.5041
264     A         B          264           THR           96.10           461    375     99     7.674     7.021     3.631     0.8784      0.8784      0.8585      0.6271
265     A         B          265           PHE           97.55           461    375     99     7.674     7.021     3.631     0.9234      0.9234      0.9099      0.7349
266     A         B          266           GLN           97.52           461    375     99     7.674     7.021     3.631     0.8925      0.8925      0.8745      0.6587
267     A         B          267           LYS           97.39           461    375     99     7.674     7.021     3.631     0.8869      0.8869      0.8681      0.6456
268     A         B          268           TRP           96.53           461    375     99     7.674     7.021     3.631     0.8805      0.8805      0.8608      0.6303
269     A         B          269           ALA           96.39           461    375     99     7.674     7.021     3.631     0.8478      0.8478      0.8238      0.5641
270     A         B          270           ALA           96.05           461    375     99     7.674     7.021     3.631     0.8111      0.8111      0.7829      0.4993
271     A         B          271           VAL           95.29           461    375     99     7.674     7.021     3.631     0.7643      0.7643      0.7314      0.4291
272     A         B          272           VAL           95.17           461    375     99     7.674     7.021     3.631     0.7779      0.7779      0.7462      0.4467
273     A         B          273           VAL           94.71           461    375     99     7.674     7.021     3.631     0.7238      0.7238      0.6875      0.3769
274     A         B          274           PRO           94.52           461    375     99     7.674     7.021     3.631     0.6232      0.6232      0.5813      0.2753
275     A         B          275           SER           92.64           461    375     99     7.674     7.021     3.631     0.5291      0.5291      0.4855      0.2049
276     A         B          276           GLY           92.27           461    375     71     7.674     7.021     2.944     0.4195      0.4470      0.4042      0.1085
277     A         B          277           GLU           92.88           461    375     99     7.674     7.021     3.631     0.5040      0.5040      0.4604      0.1890
278     A         B          278           GLU           92.82           461    375     99     7.674     7.021     3.631     0.5840      0.5840      0.5411      0.2448
279     A         B          279           GLN           94.12           461    375     99     7.674     7.021     3.631     0.6098      0.6098      0.5677      0.2657
280     A         B          280           ARG           94.56           461    375     99     7.674     7.021     3.631     0.6227      0.6227      0.5808      0.2748
281     A         B          281           TYR           95.39           461    375     99     7.674     7.021     3.631     0.7390      0.7390      0.7039      0.3949
282     A         B          282           THR           95.87           461    375     99     7.674     7.021     3.631     0.7219      0.7219      0.6856      0.3751
283     A         B          283           CYS           95.99           461    375     99     7.674     7.021     3.631     0.7805      0.7805      0.7491      0.4508
284     A         B          284           HIS           96.27           461    375     99     7.674     7.021     3.631     0.7680      0.7680      0.7355      0.4338
285     A         B          285           VAL           96.82           461    375     99     7.674     7.021     3.631     0.8073      0.8073      0.7786      0.4920
286     A         B          286           GLN           96.66           461    375     99     7.674     7.021     3.631     0.7585      0.7585      0.7251      0.4209
287     A         B          287           HIS           96.40           461    375     99     7.674     7.021     3.631     0.7972      0.7972      0.7674      0.4751
288     A         B          288           GLU           94.20           461    375     99     7.674     7.021     3.631     0.6791      0.6791      0.6400      0.3289
289     A         B          289           GLY           93.95           461    375     99     7.674     7.021     3.631     0.6711      0.6711      0.6315      0.3200
290     A         B          290           LEU           95.01           461    375     99     7.674     7.021     3.631     0.7282      0.7282      0.6923      0.3820
291     A         B          291           PRO           93.99           461    375     99     7.674     7.021     3.631     0.6179      0.6179      0.5762      0.2731
292     A         B          292           LYS           95.32           461    375     99     7.674     7.021     3.631     0.5549      0.5549      0.5114      0.2225
293     A         B          293           PRO           95.28           461    375     99     7.674     7.021     3.631     0.6499      0.6499      0.6092      0.2996
294     A         B          294           LEU           95.47           461    375     99     7.674     7.021     3.631     0.6858      0.6858      0.6470      0.3352
295     A         B          295           THR           95.74           461    375     99     7.674     7.021     3.631     0.6930      0.6930      0.6547      0.3423
296     A         B          296           LEU           94.89           461    375     99     7.674     7.021     3.631     0.6420      0.6420      0.6012      0.2941
297     A         B          297           ARG           93.56           461    375     99     7.674     7.021     3.631     0.5934      0.5934      0.5508      0.2524
298     A         B          298           TRP           93.15           461    375     99     7.674     7.021     3.631     0.5257      0.5257      0.4824      0.2042
299     A         B          299           GLU           87.57           461    375      8     7.674     7.021     1.000     0.2840      0.4176      0.3754      0.0122
300     A         B          300           PRO           82.86           461    375      1     7.674     7.021     1.000     0.2069      0.3999      0.3581      0.0112
301     A         B          301           SER           72.51           461    375      0     7.674     7.021     1.000     0.1023      0.0000      0.0000      0.0000
302     A         B          302           SER           56.68           461    375      0     7.674     7.021     1.000     0.0791      0.0000      0.0000      0.0000
303     A         B          303           GLN           40.56           461    375      0     7.674     7.021     1.000     0.0697      0.0000      0.0000      0.0000
304     A         B          304           SER           39.22           461    375      0     7.674     7.021     1.000     0.0663      0.0000      0.0000      0.0000
305     A         B          305           THR           34.98           461    375      0     7.674     7.021     1.000     0.0647      0.0000      0.0000      0.0000
306     A         B          306           ILE           40.11           461    375      0     7.674     7.021     1.000     0.0632      0.0000      0.0000      0.0000
307     A         B          307           PRO           37.71           461    375      0     7.674     7.021     1.000     0.0631      0.0000      0.0000      0.0000
308     A         B          308           ILE           41.51           461    375      0     7.674     7.021     1.000     0.0632      0.0000      0.0000      0.0000
309     A         B          309           VAL           41.44           461    375      0     7.674     7.021     1.000     0.0627      0.0000      0.0000      0.0000
310     A         B          310           GLY           42.32           461    375      0     7.674     7.021     1.000     0.0622      0.0000      0.0000      0.0000
311     A         B          311           ILE           47.16           461    375      0     7.674     7.021     1.000     0.0633      0.0000      0.0000      0.0000
312     A         B          312           VAL           49.83           461    375      0     7.674     7.021     1.000     0.0633      0.0000      0.0000      0.0000
313     A         B          313           ALA           50.06           461    375      0     7.674     7.021     1.000     0.0629      0.0000      0.0000      0.0000
314     A         B          314           GLY           50.72           461    375      0     7.674     7.021     1.000     0.0624      0.0000      0.0000      0.0000
315     A         B          315           LEU           54.43           461    375      0     7.674     7.021     1.000     0.0632      0.0000      0.0000      0.0000
316     A         B          316           ALA           54.28           461    375      0     7.674     7.021     1.000     0.0629      0.0000      0.0000      0.0000
317     A         B          317           VAL           55.00           461    375      0     7.674     7.021     1.000     0.0631      0.0000      0.0000      0.0000
318     A         B          318           LEU           54.51           461    375      0     7.674     7.021     1.000     0.0630      0.0000      0.0000      0.0000
319     A         B          319           ALA           56.91           461    375      0     7.674     7.021     1.000     0.0619      0.0000      0.0000      0.0000
320     A         B          320           VAL           57.16           461    375      0     7.674     7.021     1.000     0.0615      0.0000      0.0000      0.0000
321     A         B          321           VAL           61.94           461    375      0     7.674     7.021     1.000     0.0620      0.0000      0.0000      0.0000
322     A         B          322           VAL           59.00           461    375      0     7.674     7.021     1.000     0.0611      0.0000      0.0000      0.0000
323     A         B          323           ILE           51.70           461    375      0     7.674     7.021     1.000     0.0605      0.0000      0.0000      0.0000
324     A         B          324           GLY           54.05           461    375      0     7.674     7.021     1.000     0.0600      0.0000      0.0000      0.0000
325     A         B          325           ALA           59.96           461    375      0     7.674     7.021     1.000     0.0604      0.0000      0.0000      0.0000
326     A         B          326           VAL           56.48           461    375      0     7.674     7.021     1.000     0.0597      0.0000      0.0000      0.0000
327     A         B          327           VAL           54.70           461    375      0     7.674     7.021     1.000     0.0592      0.0000      0.0000      0.0000
328     A         B          328           ALA           58.22           461    375      0     7.674     7.021     1.000     0.0597      0.0000      0.0000      0.0000
329     A         B          329           THR           58.11           461    375      0     7.674     7.021     1.000     0.0598      0.0000      0.0000      0.0000
330     A         B          330           VAL           54.32           461    375      0     7.674     7.021     1.000     0.0585      0.0000      0.0000      0.0000
331     A         B          331           MET           52.55           461    375      0     7.674     7.021     1.000     0.0591      0.0000      0.0000      0.0000
332     A         B          332           CYS           53.97           461    375      0     7.674     7.021     1.000     0.0586      0.0000      0.0000      0.0000
333     A         B          333           ARG           53.87           461    375      0     7.674     7.021     1.000     0.0582      0.0000      0.0000      0.0000
334     A         B          334           ARG           50.44           461    375      0     7.674     7.021     1.000     0.0573      0.0000      0.0000      0.0000
335     A         B          335           LYS           42.85           461    375      0     7.674     7.021     1.000     0.0564      0.0000      0.0000      0.0000
336     A         B          336           SER           38.99           461    375      0     7.674     7.021     1.000     0.0560      0.0000      0.0000      0.0000
337     A         B          337           SER           34.44           461    375      0     7.674     7.021     1.000     0.0557      0.0000      0.0000      0.0000
338     A         B          338           GLY           29.43           461    375      0     7.674     7.021     1.000     0.0557      0.0000      0.0000      0.0000
339     A         B          339           GLY           28.17           461    375      0     7.674     7.021     1.000     0.0555      0.0000      0.0000      0.0000
340     A         B          340           LYS           31.02           461    375      0     7.674     7.021     1.000     0.0555      0.0000      0.0000      0.0000
341     A         B          341           GLY           27.71           461    375      0     7.674     7.021     1.000     0.0555      0.0000      0.0000      0.0000
342     A         B          342           GLY           28.14           461    375      0     7.674     7.021     1.000     0.0555      0.0000      0.0000      0.0000
343     A         B          343           SER           25.52           461    375      0     7.674     7.021     1.000     0.0555      0.0000      0.0000      0.0000
344     A         B          344           TYR           24.43           461    375      0     7.674     7.021     1.000     0.0556      0.0000      0.0000      0.0000
345     A         B          345           SER           23.86           461    375      0     7.674     7.021     1.000     0.0556      0.0000      0.0000      0.0000
346     A         B          346           GLN           23.27           461    375      0     7.674     7.021     1.000     0.0556      0.0000      0.0000      0.0000
347     A         B          347           ALA           26.68           461    375      0     7.674     7.021     1.000     0.0556      0.0000      0.0000      0.0000
348     A         B          348           ALA           26.97           461    375      0     7.674     7.021     1.000     0.0557      0.0000      0.0000      0.0000
349     A         B          349           SER           21.70           461    375      0     7.674     7.021     1.000     0.0556      0.0000      0.0000      0.0000
350     A         B          350           SER           24.29           461    375      0     7.674     7.021     1.000     0.0556      0.0000      0.0000      0.0000
351     A         B          351           ASP           30.16           461    375      0     7.674     7.021     1.000     0.0556      0.0000      0.0000      0.0000
352     A         B          352           SER           24.75           461    375      0     7.674     7.021     1.000     0.0556      0.0000      0.0000      0.0000
353     A         B          353           ALA           25.20           461    375      0     7.674     7.021     1.000     0.0557      0.0000      0.0000      0.0000
354     A         B          354           GLN           24.92           461    375      0     7.674     7.021     1.000     0.0557      0.0000      0.0000      0.0000
355     A         B          355           GLY           26.43           461    375      0     7.674     7.021     1.000     0.0556      0.0000      0.0000      0.0000
356     A         B          356           SER           25.33           461    375      0     7.674     7.021     1.000     0.0557      0.0000      0.0000      0.0000
357     A         B          357           ASP           27.89           461    375      0     7.674     7.021     1.000     0.0557      0.0000      0.0000      0.0000
358     A         B          358           VAL           22.31           461    375      0     7.674     7.021     1.000     0.0556      0.0000      0.0000      0.0000
359     A         B          359           SER           19.16           461    375      0     7.674     7.021     1.000     0.0557      0.0000      0.0000      0.0000
360     A         B          360           LEU           21.18           461    375      0     7.674     7.021     1.000     0.0557      0.0000      0.0000      0.0000
361     A         B          361           THR           20.92           461    375      0     7.674     7.021     1.000     0.0557      0.0000      0.0000      0.0000
362     A         B          362           ALA           12.01           461    375      0     7.674     7.021     1.000     0.0555      0.0000      0.0000      0.0000
1       A         C            1           MET           19.98           371    267      0     6.988     6.032     1.000     0.0467      0.0000      0.0000      0.0000
2       A         C            2           ARG           26.63           371    267      0     6.988     6.032     1.000     0.0468      0.0000      0.0000      0.0000
3       A         C            3           VAL           26.00           371    267      0     6.988     6.032     1.000     0.0468      0.0000      0.0000      0.0000
4       A         C            4           THR           29.09           371    267      0     6.988     6.032     1.000     0.0469      0.0000      0.0000      0.0000
5       A         C            5           ALA           31.47           371    267      0     6.988     6.032     1.000     0.0469      0.0000      0.0000      0.0000
6       A         C            6           PRO           31.09           371    267      0     6.988     6.032     1.000     0.0472      0.0000      0.0000      0.0000
7       A         C            7           ARG           30.01           371    267      0     6.988     6.032     1.000     0.0472      0.0000      0.0000      0.0000
8       A         C            8           THR           29.30           371    267      0     6.988     6.032     1.000     0.0476      0.0000      0.0000      0.0000
9       A         C            9           VAL           26.35           371    267      0     6.988     6.032     1.000     0.0483      0.0000      0.0000      0.0000
10      A         C           10           LEU           26.79           371    267      0     6.988     6.032     1.000     0.0485      0.0000      0.0000      0.0000
11      A         C           11           LEU           26.61           371    267      0     6.988     6.032     1.000     0.0490      0.0000      0.0000      0.0000
12      A         C           12           LEU           29.36           371    267      0     6.988     6.032     1.000     0.0494      0.0000      0.0000      0.0000
13      A         C           13           LEU           30.21           371    267      0     6.988     6.032     1.000     0.0504      0.0000      0.0000      0.0000
14      A         C           14           TRP           33.58           371    267      0     6.988     6.032     1.000     0.0514      0.0000      0.0000      0.0000
15      A         C           15           GLY           31.51           371    267      0     6.988     6.032     1.000     0.0517      0.0000      0.0000      0.0000
16      A         C           16           ALA           33.32           371    267      0     6.988     6.032     1.000     0.0548      0.0000      0.0000      0.0000
17      A         C           17           VAL           33.03           371    267      0     6.988     6.032     1.000     0.0568      0.0000      0.0000      0.0000
18      A         C           18           ALA           37.49           371    267      0     6.988     6.032     1.000     0.0578      0.0000      0.0000      0.0000
19      A         C           19           LEU           41.69           371    267      0     6.988     6.032     1.000     0.0590      0.0000      0.0000      0.0000
20      A         C           20           THR           46.41           371    267      0     6.988     6.032     1.000     0.0647      0.0000      0.0000      0.0000
21      A         C           21           GLU           57.43           371    267      0     6.988     6.032     1.000     0.0737      0.0000      0.0000      0.0000
22      A         C           22           THR           69.75           371    267      0     6.988     6.032     1.000     0.1065      0.0000      0.0000      0.0000
23      A         C           23           TRP           74.79           371    267      0     6.988     6.032     1.000     0.1789      0.0000      0.0000      0.0000
24      A         C           24           ALA           71.75           371    267      0     6.988     6.032     1.000     0.1533      0.0000      0.0000      0.0000
25      A         C           25           GLY           85.79           371    267      3     6.988     6.032     1.000     0.3110      0.3601      0.2956      0.0114
26      A         C           26           SER           93.45           371    267      9     6.988     6.032     1.000     0.6974      0.6974      0.6344      0.0499
27      A         C           27           HIS           96.51           371    267      9     6.988     6.032     1.000     0.8689      0.8689      0.8321      0.1267
28      A         C           28           SER           97.50           371    267      9     6.988     6.032     1.000     0.8796      0.8796      0.8452      0.1403
29      A         C           29           MET           98.14           371    267      9     6.988     6.032     1.000     0.9234      0.9234      0.9000      0.2066
30      A         C           30           ARG           98.12           371    267      9     6.988     6.032     1.000     0.9196      0.9196      0.8951      0.1973
31      A         C           31           TYR           98.34           371    267      9     6.988     6.032     1.000     0.9463      0.9463      0.9293      0.2732
32      A         C           32           PHE           98.53           371    267      9     6.988     6.032     1.000     0.9458      0.9458      0.9286      0.2685
33      A         C           33           TYR           98.49           371    267      9     6.988     6.032     1.000     0.9459      0.9459      0.9287      0.2675
34      A         C           34           THR           98.42           371    267      9     6.988     6.032     1.000     0.9362      0.9362      0.9162      0.2329
35      A         C           35           ALA           98.26           371    267      9     6.988     6.032     1.000     0.9225      0.9225      0.8987      0.1982
36      A         C           36           MET           97.52           371    267      9     6.988     6.032     1.000     0.8736      0.8736      0.8375      0.1254
37      A         C           37           SER           97.27           371    267      9     6.988     6.032     1.000     0.8752      0.8752      0.8396      0.1281
38      A         C           38           ARG           95.60           371    267      9     6.988     6.032     1.000     0.8102      0.8102      0.7612      0.0827
39      A         C           39           PRO           94.82           371    267      9     6.988     6.032     1.000     0.6809      0.6809      0.6143      0.0425
40      A         C           40           GLY           92.68           371    267      9     6.988     6.032     1.000     0.5127      0.5127      0.4408      0.0219
41      A         C           41           ARG           92.13           371    267      9     6.988     6.032     1.000     0.6037      0.6037      0.5323      0.0309
42      A         C           42           GLY           89.93           371    267      9     6.988     6.032     1.000     0.6422      0.6422      0.5732      0.0367
43      A         C           43           GLU           90.70           371    267      9     6.988     6.032     1.000     0.8164      0.8164      0.7684      0.0849
44      A         C           44           PRO           95.51           371    267      9     6.988     6.032     1.000     0.8969      0.8969      0.8664      0.1529
45      A         C           45           ARG           97.15           371    267      9     6.988     6.032     1.000     0.9146      0.9146      0.8887      0.1810
46      A         C           46           PHE           97.56           371    267      9     6.988     6.032     1.000     0.9331      0.9331      0.9123      0.2254
47      A         C           47           ILE           98.23           371    267      9     6.988     6.032     1.000     0.9293      0.9293      0.9074      0.2161
48      A         C           48           ALA           98.34           371    267      9     6.988     6.032     1.000     0.9254      0.9254      0.9024      0.2071
49      A         C           49           VAL           98.40           371    267      9     6.988     6.032     1.000     0.9221      0.9221      0.8983      0.2011
50      A         C           50           GLY           98.25           371    267      9     6.988     6.032     1.000     0.8959      0.8959      0.8654      0.1588
51      A         C           51           TYR           98.13           371    267      9     6.988     6.032     1.000     0.9244      0.9244      0.9012      0.2069
52      A         C           52           VAL           98.02           371    267      9     6.988     6.032     1.000     0.9102      0.9102      0.8833      0.1825
53      A         C           53           ASP           96.63           371    267      9     6.988     6.032     1.000     0.8598      0.8598      0.8212      0.1226
54      A         C           54           ASP           96.34           371    267      9     6.988     6.032     1.000     0.8333      0.8333      0.7891      0.1001
55      A         C           55           THR           97.16           371    267      9     6.988     6.032     1.000     0.8812      0.8812      0.8474      0.1431
56      A         C           56           GLN           97.98           371    267      9     6.988     6.032     1.000     0.9019      0.9019      0.8729      0.1679
57      A         C           57           PHE           98.01           371    267      9     6.988     6.032     1.000     0.9039      0.9039      0.8755      0.1755
58      A         C           58           VAL           97.98           371    267      9     6.988     6.032     1.000     0.8912      0.8912      0.8596      0.1547
59      A         C           59           ARG           97.85           371    267      9     6.988     6.032     1.000     0.8807      0.8807      0.8466      0.1399
60      A         C           60           PHE           98.16           371    267      9     6.988     6.032     1.000     0.9247      0.9247      0.9015      0.2045
61      A         C           61           ASP           97.55           371    267      9     6.988     6.032     1.000     0.9101      0.9101      0.8831      0.1761
62      A         C           62           SER           96.50           371    267      9     6.988     6.032     1.000     0.8799      0.8799      0.8453      0.1325
63      A         C           63           ASP           94.68           371    267      9     6.988     6.032     1.000     0.8393      0.8393      0.7957      0.0978
64      A         C           64           ALA           93.75           371    267      9     6.988     6.032     1.000     0.7121      0.7121      0.6486      0.0488
65      A         C           65           ALA           91.80           371    267      9     6.988     6.032     1.000     0.5460      0.5460      0.4734      0.0245
66      A         C           66           SER           91.66           371    267      9     6.988     6.032     1.000     0.6319      0.6319      0.5630      0.0360
67      A         C           67           PRO           93.96           371    267      9     6.988     6.032     1.000     0.7320      0.7320      0.6722      0.0576
68      A         C           68           ARG           95.58           371    267      9     6.988     6.032     1.000     0.8178      0.8178      0.7714      0.0955
69      A         C           69           THR           97.36           371    267      9     6.988     6.032     1.000     0.8844      0.8844      0.8511      0.1437
70      A         C           70           GLU           97.17           371    267      9     6.988     6.032     1.000     0.8808      0.8808      0.8467      0.1392
71      A         C           71           PRO           97.51           371    267      9     6.988     6.032     1.000     0.8618      0.8618      0.8236      0.1237
72      A         C           72           ARG           96.70           371    267      9     6.988     6.032     1.000     0.8497      0.8497      0.8089      0.1118
73      A         C           73           ALA           96.52           371    267      9     6.988     6.032     1.000     0.8326      0.8326      0.7881      0.0981
74      A         C           74           PRO           96.17           371    267      9     6.988     6.032     1.000     0.7691      0.7691      0.7143      0.0703
75      A         C           75           TRP           97.00           371    267      9     6.988     6.032     1.000     0.8617      0.8617      0.8235      0.1242
76      A         C           76           ILE           97.65           371    267      9     6.988     6.032     1.000     0.8593      0.8593      0.8208      0.1251
77      A         C           77           GLU           96.57           371    267      9     6.988     6.032     1.000     0.8247      0.8247      0.7793      0.0993
78      A         C           78           GLN           95.30           371    267      9     6.988     6.032     1.000     0.7242      0.7242      0.6648      0.0596
79      A         C           79           GLU           95.58           371    267      9     6.988     6.032     1.000     0.7915      0.7915      0.7412      0.0858
80      A         C           80           GLY           94.24           371    267      9     6.988     6.032     1.000     0.7283      0.7283      0.6700      0.0628
81      A         C           81           PRO           93.29           371    267      9     6.988     6.032     1.000     0.8423      0.8423      0.8003      0.1105
82      A         C           82           GLU           89.48           371    267      9     6.988     6.032     1.000     0.8914      0.8914      0.8601      0.1594
83      A         C           83           TYR           94.33           371    267      9     6.988     6.032     1.000     0.9275      0.9275      0.9053      0.2219
84      A         C           84           TRP           95.61           371    267      9     6.988     6.032     1.000     0.9243      0.9243      0.9013      0.2149
85      A         C           85           ASP           91.19           371    267      9     6.988     6.032     1.000     0.9255      0.9255      0.9027      0.2133
86      A         C           86           ARG           91.58           371    267      9     6.988     6.032     1.000     0.9316      0.9316      0.9105      0.2293
87      A         C           87           ASN           94.44           371    267      9     6.988     6.032     1.000     0.9383      0.9383      0.9190      0.2486
88      A         C           88           THR           94.49           371    267      9     6.988     6.032     1.000     0.9407      0.9407      0.9220      0.2533
89      A         C           89           GLN           91.05           371    267      9     6.988     6.032     1.000     0.9429      0.9429      0.9249      0.2594
90      A         C           90           ILE           93.71           371    267      9     6.988     6.032     1.000     0.9542      0.9542      0.9396      0.3064
91      A         C           91           PHE           95.47           371    267      9     6.988     6.032     1.000     0.9536      0.9536      0.9388      0.3029
92      A         C           92           LYS           92.10           371    267      9     6.988     6.032     1.000     0.9473      0.9473      0.9306      0.2722
93      A         C           93           THR           91.98           371    267      9     6.988     6.032     1.000     0.9500      0.9500      0.9340      0.2829
94      A         C           94           ASN           94.48           371    267      9     6.988     6.032     1.000     0.9485      0.9485      0.9321      0.2787
95      A         C           95           THR           93.97           371    267      9     6.988     6.032     1.000     0.9472      0.9472      0.9305      0.2728
96      A         C           96           GLN           90.09           371    267      9     6.988     6.032     1.000     0.9384      0.9384      0.9191      0.2479
97      A         C           97           THR           93.13           371    267      9     6.988     6.032     1.000     0.9453      0.9453      0.9281      0.2729
98      A         C           98           TYR           95.52           371    267      9     6.988     6.032     1.000     0.9499      0.9499      0.9340      0.2937
99      A         C           99           ARG           93.39           371    267      9     6.988     6.032     1.000     0.9439      0.9439      0.9262      0.2685
100     A         C          100           GLU           92.27           371    267      9     6.988     6.032     1.000     0.9392      0.9392      0.9202      0.2586
101     A         C          101           ASN           95.78           371    267      9     6.988     6.032     1.000     0.9453      0.9453      0.9281      0.2827
102     A         C          102           LEU           96.18           371    267      9     6.988     6.032     1.000     0.9415      0.9415      0.9231      0.2644
103     A         C          103           ARG           92.61           371    267      9     6.988     6.032     1.000     0.9254      0.9254      0.9027      0.2229
104     A         C          104           ILE           94.66           371    267      9     6.988     6.032     1.000     0.9319      0.9319      0.9110      0.2450
105     A         C          105           ALA           96.84           371    267      9     6.988     6.032     1.000     0.9237      0.9237      0.9005      0.2205
106     A         C          106           LEU           96.24           371    267      9     6.988     6.032     1.000     0.9064      0.9064      0.8788      0.1872
107     A         C          107           ARG           94.23           371    267      9     6.988     6.032     1.000     0.8887      0.8887      0.8570      0.1635
108     A         C          108           TYR           96.16           371    267      9     6.988     6.032     1.000     0.9095      0.9095      0.8827      0.1952
109     A         C          109           TYR           96.92           371    267      9     6.988     6.032     1.000     0.8960      0.8960      0.8660      0.1712
110     A         C          110           ASN           96.87           371    267      9     6.988     6.032     1.000     0.8267      0.8267      0.7823      0.1069
111     A         C          111           GLN           96.48           371    267      9     6.988     6.032     1.000     0.7954      0.7954      0.7454      0.0870
112     A         C          112           SER           95.82           371    267      9     6.988     6.032     1.000     0.6490      0.6490      0.5826      0.0419
113     A         C          113           GLU           92.69           371    267      9     6.988     6.032     1.000     0.6261      0.6261      0.5584      0.0377
114     A         C          114           ALA           94.36           371    267      9     6.988     6.032     1.000     0.5274      0.5274      0.4563      0.0241
115     A         C          115           GLY           95.08           371    267      9     6.988     6.032     1.000     0.6537      0.6537      0.5854      0.0387
116     A         C          116           SER           96.69           371    267      9     6.988     6.032     1.000     0.8436      0.8436      0.8011      0.1039
117     A         C          117           HIS           97.81           371    267      9     6.988     6.032     1.000     0.9081      0.9081      0.8806      0.1757
118     A         C          118           THR           98.13           371    267      9     6.988     6.032     1.000     0.9150      0.9150      0.8893      0.1853
119     A         C          119           TRP           98.43           371    267      9     6.988     6.032     1.000     0.9268      0.9268      0.9042      0.2123
120     A         C          120           GLN           98.31           371    267      9     6.988     6.032     1.000     0.9345      0.9345      0.9141      0.2305
121     A         C          121           THR           98.39           371    267      9     6.988     6.032     1.000     0.9240      0.9240      0.9007      0.2020
122     A         C          122           MET           98.30           371    267      9     6.988     6.032     1.000     0.9094      0.9094      0.8821      0.1743
123     A         C          123           TYR           98.24           371    267      9     6.988     6.032     1.000     0.9392      0.9392      0.9201      0.2494
124     A         C          124           GLY           98.04           371    267      9     6.988     6.032     1.000     0.8932      0.8932      0.8618      0.1493
125     A         C          125           CYS           97.83           371    267      9     6.988     6.032     1.000     0.9014      0.9014      0.8721      0.1645
126     A         C          126           ASP           97.87           371    267      9     6.988     6.032     1.000     0.9041      0.9041      0.8756      0.1671
127     A         C          127           VAL           97.31           371    267      9     6.988     6.032     1.000     0.8720      0.8720      0.8358      0.1278
128     A         C          128           GLY           95.47           371    267      9     6.988     6.032     1.000     0.7582      0.7582      0.7012      0.0635
129     A         C          129           PRO           93.16           371    267      9     6.988     6.032     1.000     0.6875      0.6875      0.6223      0.0453
130     A         C          130           ASP           93.42           371    267      9     6.988     6.032     1.000     0.6059      0.6059      0.5353      0.0320
131     A         C          131           GLY           92.93           371    267      9     6.988     6.032     1.000     0.6673      0.6673      0.6000      0.0409
132     A         C          132           ARG           94.48           371    267      9     6.988     6.032     1.000     0.7480      0.7480      0.6893      0.0598
133     A         C          133           LEU           96.69           371    267      9     6.988     6.032     1.000     0.8328      0.8328      0.7882      0.0969
134     A         C          134           LEU           96.65           371    267      9     6.988     6.032     1.000     0.8261      0.8261      0.7801      0.0919
135     A         C          135           ARG           97.00           371    267      9     6.988     6.032     1.000     0.8584      0.8584      0.8189      0.1129
136     A         C          136           GLY           97.72           371    267      9     6.988     6.032     1.000     0.8652      0.8652      0.8272      0.1174
137     A         C          137           HIS           98.02           371    267      9     6.988     6.032     1.000     0.9136      0.9136      0.8874      0.1808
138     A         C          138           ASN           98.12           371    267      9     6.988     6.032     1.000     0.9160      0.9160      0.8905      0.1858
139     A         C          139           GLN           97.84           371    267      9     6.988     6.032     1.000     0.8803      0.8803      0.8459      0.1365
140     A         C          140           TYR           98.24           371    267      9     6.988     6.032     1.000     0.9293      0.9293      0.9074      0.2158
141     A         C          141           ALA           98.38           371    267      9     6.988     6.032     1.000     0.9197      0.9197      0.8952      0.1965
142     A         C          142           TYR           98.22           371    267      9     6.988     6.032     1.000     0.9277      0.9277      0.9055      0.2208
143     A         C          143           ASP           97.81           371    267      9     6.988     6.032     1.000     0.8901      0.8901      0.8583      0.1548
144     A         C          144           GLY           97.40           371    267      9     6.988     6.032     1.000     0.8182      0.8182      0.7713      0.0927
145     A         C          145           LYS           97.48           371    267      9     6.988     6.032     1.000     0.8475      0.8475      0.8063      0.1123
146     A         C          146           ASP           97.85           371    267      9     6.988     6.032     1.000     0.9019      0.9019      0.8729      0.1678
147     A         C          147           TYR           98.29           371    267      9     6.988     6.032     1.000     0.9317      0.9317      0.9106      0.2288
148     A         C          148           ILE           98.23           371    267      9     6.988     6.032     1.000     0.9282      0.9282      0.9060      0.2169
149     A         C          149           ALA           98.03           371    267      9     6.988     6.032     1.000     0.9100      0.9100      0.8829      0.1771
150     A         C          150           LEU           98.04           371    267      9     6.988     6.032     1.000     0.9239      0.9239      0.9006      0.2025
151     A         C          151           ASN           97.86           371    267      9     6.988     6.032     1.000     0.9041      0.9041      0.8756      0.1670
152     A         C          152           GLU           97.19           371    267      9     6.988     6.032     1.000     0.8460      0.8460      0.8038      0.1029
153     A         C          153           ASP           97.24           371    267      9     6.988     6.032     1.000     0.8391      0.8391      0.7956      0.0987
154     A         C          154           LEU           97.19           371    267      9     6.988     6.032     1.000     0.8844      0.8844      0.8508      0.1379
155     A         C          155           SER           96.47           371    267      9     6.988     6.032     1.000     0.8292      0.8292      0.7837      0.0930
156     A         C          156           SER           97.49           371    267      9     6.988     6.032     1.000     0.8567      0.8567      0.8172      0.1157
157     A         C          157           TRP           97.98           371    267      9     6.988     6.032     1.000     0.9167      0.9167      0.8914      0.1882
158     A         C          158           THR           98.02           371    267      9     6.988     6.032     1.000     0.8989      0.8989      0.8690      0.1602
159     A         C          159           ALA           97.86           371    267      9     6.988     6.032     1.000     0.8731      0.8731      0.8374      0.1337
160     A         C          160           ALA           97.30           371    267      9     6.988     6.032     1.000     0.8272      0.8272      0.7820      0.0976
161     A         C          161           ASP           97.05           371    267      9     6.988     6.032     1.000     0.7847      0.7847      0.7329      0.0803
162     A         C          162           THR           96.94           371    267      9     6.988     6.032     1.000     0.8197      0.8197      0.7741      0.1036
163     A         C          163           ALA           97.09           371    267      9     6.988     6.032     1.000     0.8919      0.8919      0.8608      0.1631
164     A         C          164           ALA           97.76           371    267      9     6.988     6.032     1.000     0.8999      0.8999      0.8706      0.1741
165     A         C          165           GLN           97.40           371    267      9     6.988     6.032     1.000     0.8988      0.8988      0.8694      0.1738
166     A         C          166           ILE           96.12           371    267      9     6.988     6.032     1.000     0.9224      0.9224      0.8990      0.2222
167     A         C          167           THR           96.80           371    267      9     6.988     6.032     1.000     0.9343      0.9343      0.9140      0.2494
168     A         C          168           GLN           97.41           371    267      9     6.988     6.032     1.000     0.9256      0.9256      0.9029      0.2211
169     A         C          169           ARG           95.73           371    267      9     6.988     6.032     1.000     0.9098      0.9098      0.8831      0.1923
170     A         C          170           LYS           93.15           371    267      9     6.988     6.032     1.000     0.9216      0.9216      0.8978      0.2125
171     A         C          171           TRP           94.48           371    267      9     6.988     6.032     1.000     0.9332      0.9332      0.9126      0.2407
172     A         C          172           GLU           93.84           371    267      9     6.988     6.032     1.000     0.9194      0.9194      0.8951      0.2055
173     A         C          173           ALA           90.15           371    267      9     6.988     6.032     1.000     0.8939      0.8939      0.8633      0.1637
174     A         C          174           ALA           86.70           371    267      9     6.988     6.032     1.000     0.8860      0.8860      0.8532      0.1470
175     A         C          175           ARG           87.83           371    267      9     6.988     6.032     1.000     0.8926      0.8926      0.8613      0.1523
176     A         C          176           GLU           92.78           371    267      9     6.988     6.032     1.000     0.9065      0.9065      0.8786      0.1721
177     A         C          177           ALA           94.78           371    267      9     6.988     6.032     1.000     0.9200      0.9200      0.8955      0.1942
178     A         C          178           GLU           91.16           371    267      9     6.988     6.032     1.000     0.9239      0.9239      0.9005      0.2032
179     A         C          179           GLN           91.20           371    267      9     6.988     6.032     1.000     0.9342      0.9342      0.9137      0.2333
180     A         C          180           LEU           95.04           371    267      9     6.988     6.032     1.000     0.9388      0.9388      0.9196      0.2445
181     A         C          181           ARG           95.74           371    267      9     6.988     6.032     1.000     0.9351      0.9351      0.9149      0.2334
182     A         C          182           ALA           92.88           371    267      9     6.988     6.032     1.000     0.9356      0.9356      0.9156      0.2375
183     A         C          183           TYR           95.06           371    267      9     6.988     6.032     1.000     0.9480      0.9480      0.9315      0.2845
184     A         C          184           LEU           96.99           371    267      9     6.988     6.032     1.000     0.9419      0.9419      0.9237      0.2595
185     A         C          185           GLU           95.63           371    267      9     6.988     6.032     1.000     0.9205      0.9205      0.8963      0.1975
186     A         C          186           GLY           93.65           371    267      9     6.988     6.032     1.000     0.8707      0.8707      0.8351      0.1405
187     A         C          187           LEU           94.00           371    267      9     6.988     6.032     1.000     0.9194      0.9194      0.8950      0.2060
188     A         C          188           CYS           96.69           371    267      9     6.988     6.032     1.000     0.9304      0.9304      0.9089      0.2316
189     A         C          189           VAL           97.27           371    267      9     6.988     6.032     1.000     0.9216      0.9216      0.8977      0.2049
190     A         C          190           GLU           95.56           371    267      9     6.988     6.032     1.000     0.9161      0.9161      0.8909      0.1996
191     A         C          191           TRP           96.70           371    267      9     6.988     6.032     1.000     0.9260      0.9260      0.9034      0.2264
192     A         C          192           LEU           97.39           371    267      9     6.988     6.032     1.000     0.9260      0.9260      0.9033      0.2180
193     A         C          193           ARG           96.55           371    267      9     6.988     6.032     1.000     0.9132      0.9132      0.8871      0.1909
194     A         C          194           ARG           96.68           371    267      9     6.988     6.032     1.000     0.9081      0.9081      0.8808      0.1823
195     A         C          195           HIS           97.37           371    267      9     6.988     6.032     1.000     0.9119      0.9119      0.8856      0.1929
196     A         C          196           LEU           96.49           371    267      9     6.988     6.032     1.000     0.9032      0.9032      0.8746      0.1730
197     A         C          197           GLU           95.43           371    267      9     6.988     6.032     1.000     0.8548      0.8548      0.8153      0.1197
198     A         C          198           ASN           96.41           371    267      9     6.988     6.032     1.000     0.8149      0.8149      0.7678      0.0929
199     A         C          199           GLY           95.99           371    267      9     6.988     6.032     1.000     0.6811      0.6811      0.6172      0.0480
200     A         C          200           LYS           95.00           371    267      9     6.988     6.032     1.000     0.7090      0.7090      0.6472      0.0535
201     A         C          201           GLU           94.78           371    267      9     6.988     6.032     1.000     0.6386      0.6386      0.5711      0.0388
202     A         C          202           THR           94.93           371    267      9     6.988     6.032     1.000     0.6858      0.6858      0.6211      0.0464
203     A         C          203           LEU           95.75           371    267      9     6.988     6.032     1.000     0.7721      0.7721      0.7179      0.0719
204     A         C          204           GLN           94.29           371    267      9     6.988     6.032     1.000     0.7349      0.7349      0.6756      0.0592
205     A         C          205           ARG           94.13           371    267      9     6.988     6.032     1.000     0.6412      0.6412      0.5737      0.0392
206     A         C          206           ALA           94.80           371    267      9     6.988     6.032     1.000     0.6469      0.6469      0.5791      0.0389
207     A         C          207           ASP           96.35           371    267      9     6.988     6.032     1.000     0.6875      0.6875      0.6225      0.0458
208     A         C          208           PRO           96.56           371    267      9     6.988     6.032     1.000     0.5928      0.5928      0.5216      0.0303
209     A         C          209           PRO           97.12           371    267      9     6.988     6.032     1.000     0.6409      0.6409      0.5716      0.0363
210     A         C          210           LYS           96.61           371    267      9     6.988     6.032     1.000     0.6497      0.6497      0.5812      0.0379
211     A         C          211           THR           96.07           371    267      9     6.988     6.032     1.000     0.5976      0.5976      0.5262      0.0304
212     A         C          212           HIS           95.41           371    267      9     6.988     6.032     1.000     0.5626      0.5626      0.4903      0.0264
213     A         C          213           VAL           95.31           371    267      9     6.988     6.032     1.000     0.5813      0.5813      0.5089      0.0281
214     A         C          214           THR           94.66           371    267      9     6.988     6.032     1.000     0.5574      0.5574      0.4846      0.0255
215     A         C          215           HIS           94.05           371    267      9     6.988     6.032     1.000     0.4848      0.4848      0.4125      0.0191
216     A         C          216           HIS           94.01           371    267      9     6.988     6.032     1.000     0.4534      0.4534      0.3822      0.0168
217     A         C          217           PRO           93.59           371    267      3     6.988     6.032     1.000     0.2997      0.3356      0.2735      0.0102
218     A         C          218           VAL           93.07           371    267      0     6.988     6.032     1.000     0.2420      0.0000      0.0000      0.0000
219     A         C          219           SER           93.33           371    267      0     6.988     6.032     1.000     0.2317      0.0000      0.0000      0.0000
220     A         C          220           ASP           93.53           371    267      0     6.988     6.032     1.000     0.1687      0.0000      0.0000      0.0000
221     A         C          221           HIS           94.49           371    267      0     6.988     6.032     1.000     0.1676      0.0000      0.0000      0.0000
222     A         C          222           GLU           93.79           371    267      0     6.988     6.032     1.000     0.2691      0.0000      0.0000      0.0000
223     A         C          223           ALA           93.94           371    267      9     6.988     6.032     1.000     0.4008      0.4008      0.3328      0.0136
224     A         C          224           THR           95.12           371    267      9     6.988     6.032     1.000     0.5111      0.5111      0.4381      0.0211
225     A         C          225           LEU           95.30           371    267      9     6.988     6.032     1.000     0.5527      0.5527      0.4798      0.0250
226     A         C          226           ARG           96.26           371    267      9     6.988     6.032     1.000     0.6107      0.6107      0.5394      0.0316
227     A         C          227           CYS           96.40           371    267      9     6.988     6.032     1.000     0.6335      0.6335      0.5634      0.0347
228     A         C          228           TRP           96.68           371    267      9     6.988     6.032     1.000     0.6571      0.6571      0.5887      0.0386
229     A         C          229           ALA           96.95           371    267      9     6.988     6.032     1.000     0.6830      0.6830      0.6167      0.0433
230     A         C          230           LEU           96.86           371    267      9     6.988     6.032     1.000     0.6552      0.6552      0.5866      0.0383
231     A         C          231           GLY           96.43           371    267      9     6.988     6.032     1.000     0.6084      0.6084      0.5377      0.0322
232     A         C          232           PHE           97.17           371    267      9     6.988     6.032     1.000     0.7531      0.7531      0.6951      0.0610
233     A         C          233           TYR           96.57           371    267      9     6.988     6.032     1.000     0.7398      0.7398      0.6800      0.0568
234     A         C          234           PRO           95.80           371    267      9     6.988     6.032     1.000     0.6810      0.6810      0.6147      0.0431
235     A         C          235           ALA           96.54           371    267      9     6.988     6.032     1.000     0.7103      0.7103      0.6470      0.0494
236     A         C          236           GLU           95.94           371    267      9     6.988     6.032     1.000     0.7357      0.7357      0.6752      0.0551
237     A         C          237           ILE           96.76           371    267      9     6.988     6.032     1.000     0.7327      0.7327      0.6719      0.0546
238     A         C          238           THR           96.27           371    267      9     6.988     6.032     1.000     0.6731      0.6731      0.6062      0.0418
239     A         C          239           LEU           95.46           371    267      9     6.988     6.032     1.000     0.5634      0.5634      0.4907      0.0261
240     A         C          240           THR           95.61           371    267      9     6.988     6.032     1.000     0.5921      0.5921      0.5200      0.0292
241     A         C          241           TRP           96.20           371    267      9     6.988     6.032     1.000     0.5919      0.5919      0.5198      0.0292
242     A         C          242           GLN           95.43           371    267      9     6.988     6.032     1.000     0.5064      0.5064      0.4334      0.0207
243     A         C          243           ARG           94.66           371    267      9     6.988     6.032     1.000     0.3874      0.3874      0.3204      0.0128
244     A         C          244           ASP           93.63           371    267      0     6.988     6.032     1.000     0.2722      0.0000      0.0000      0.0000
245     A         C          245           GLY           91.64           371    267      0     6.988     6.032     1.000     0.2320      0.0000      0.0000      0.0000
246     A         C          246           GLU           92.91           371    267      0     6.988     6.032     1.000     0.2637      0.0000      0.0000      0.0000
247     A         C          247           ASP           92.94           371    267      0     6.988     6.032     1.000     0.3059      0.0000      0.0000      0.0000
248     A         C          248           GLN           91.18           371    267      0     6.988     6.032     1.000     0.2628      0.0000      0.0000      0.0000
249     A         C          249           THR           89.33           371    267      0     6.988     6.032     1.000     0.1957      0.0000      0.0000      0.0000
250     A         C          250           GLN           86.75           371    267      0     6.988     6.032     1.000     0.1423      0.0000      0.0000      0.0000
251     A         C          251           ASP           88.87           371    267      0     6.988     6.032     1.000     0.1649      0.0000      0.0000      0.0000
252     A         C          252           THR           92.77           371    267      8     6.988     6.032     1.000     0.3525      0.3561      0.2920      0.0112
253     A         C          253           GLU           94.59           371    267      9     6.988     6.032     1.000     0.5178      0.5178      0.4448      0.0217
254     A         C          254           LEU           95.14           371    267      9     6.988     6.032     1.000     0.5489      0.5489      0.4758      0.0245
255     A         C          255           VAL           95.44           371    267      9     6.988     6.032     1.000     0.6308      0.6308      0.5605      0.0344
256     A         C          256           GLU           95.51           371    267      9     6.988     6.032     1.000     0.6590      0.6590      0.5907      0.0388
257     A         C          257           THR           97.12           371    267      9     6.988     6.032     1.000     0.7552      0.7552      0.6972      0.0604
258     A         C          258           ARG           97.63           371    267      9     6.988     6.032     1.000     0.7122      0.7122      0.6489      0.0493
259     A         C          259           PRO           97.43           371    267      9     6.988     6.032     1.000     0.7490      0.7490      0.6904      0.0594
260     A         C          260           ALA           96.69           371    267      9     6.988     6.032     1.000     0.6650      0.6650      0.5973      0.0400
261     A         C          261           GLY           95.30           371    267      9     6.988     6.032     1.000     0.6046      0.6046      0.5333      0.0310
262     A         C          262           ASP           94.60           371    267      9     6.988     6.032     1.000     0.5132      0.5132      0.4411      0.0218
263     A         C          263           ARG           95.03           371    267      9     6.988     6.032     1.000     0.6085      0.6085      0.5380      0.0324
264     A         C          264           THR           96.10           371    267      9     6.988     6.032     1.000     0.6783      0.6783      0.6121      0.0433
265     A         C          265           PHE           97.55           371    267      9     6.988     6.032     1.000     0.8002      0.8002      0.7493      0.0778
266     A         C          266           GLN           97.52           371    267      9     6.988     6.032     1.000     0.7215      0.7215      0.6593      0.0518
267     A         C          267           LYS           97.39           371    267      9     6.988     6.032     1.000     0.7173      0.7173      0.6546      0.0506
268     A         C          268           TRP           96.53           371    267      9     6.988     6.032     1.000     0.6760      0.6760      0.6091      0.0419
269     A         C          269           ALA           96.39           371    267      9     6.988     6.032     1.000     0.6299      0.6299      0.5597      0.0344
270     A         C          270           ALA           96.05           371    267      9     6.988     6.032     1.000     0.5710      0.5710      0.4982      0.0268
271     A         C          271           VAL           95.29           371    267      9     6.988     6.032     1.000     0.5218      0.5218      0.4486      0.0220
272     A         C          272           VAL           95.17           371    267      9     6.988     6.032     1.000     0.5111      0.5111      0.4380      0.0211
273     A         C          273           VAL           94.71           371    267      9     6.988     6.032     1.000     0.4433      0.4433      0.3725      0.0161
274     A         C          274           PRO           94.52           371    267      9     6.988     6.032     1.000     0.3693      0.3693      0.3039      0.0119
275     A         C          275           SER           92.64           371    267      0     6.988     6.032     1.000     0.2843      0.0000      0.0000      0.0000
276     A         C          276           GLY           92.27           371    267      0     6.988     6.032     1.000     0.1957      0.0000      0.0000      0.0000
277     A         C          277           GLU           92.88           371    267      0     6.988     6.032     1.000     0.2780      0.0000      0.0000      0.0000
278     A         C          278           GLU           92.82           371    267      3     6.988     6.032     1.000     0.3248      0.3529      0.2889      0.0110
279     A         C          279           GLN           94.12           371    267      7     6.988     6.032     1.000     0.3521      0.3620      0.2973      0.0115
280     A         C          280           ARG           94.56           371    267      9     6.988     6.032     1.000     0.3962      0.3962      0.3286      0.0133
281     A         C          281           TYR           95.39           371    267      9     6.988     6.032     1.000     0.4995      0.4995      0.4268      0.0202
282     A         C          282           THR           95.87           371    267      9     6.988     6.032     1.000     0.5108      0.5108      0.4380      0.0212
283     A         C          283           CYS           95.99           371    267      9     6.988     6.032     1.000     0.6003      0.6003      0.5284      0.0302
284     A         C          284           HIS           96.27           371    267      9     6.988     6.032     1.000     0.5969      0.5969      0.5252      0.0300
285     A         C          285           VAL           96.82           371    267      9     6.988     6.032     1.000     0.6643      0.6643      0.5967      0.0402
286     A         C          286           GLN           96.66           371    267      9     6.988     6.032     1.000     0.6391      0.6391      0.5698      0.0362
287     A         C          287           HIS           96.40           371    267      9     6.988     6.032     1.000     0.6740      0.6740      0.6070      0.0416
288     A         C          288           GLU           94.20           371    267      9     6.988     6.032     1.000     0.5054      0.5054      0.4327      0.0207
289     A         C          289           GLY           93.95           371    267      9     6.988     6.032     1.000     0.5341      0.5341      0.4611      0.0232
290     A         C          290           LEU           95.01           371    267      9     6.988     6.032     1.000     0.5644      0.5644      0.4922      0.0266
291     A         C          291           PRO           93.99           371    267      9     6.988     6.032     1.000     0.3941      0.3941      0.3274      0.0135
292     A         C          292           LYS           95.32           371    267      8     6.988     6.032     1.000     0.3716      0.3776      0.3117      0.0124
293     A         C          293           PRO           95.28           371    267      9     6.988     6.032     1.000     0.4522      0.4522      0.3813      0.0168
294     A         C          294           LEU           95.47           371    267      9     6.988     6.032     1.000     0.5131      0.5131      0.4405      0.0215
295     A         C          295           THR           95.74           371    267      9     6.988     6.032     1.000     0.5017      0.5017      0.4291      0.0205
296     A         C          296           LEU           94.89           371    267      9     6.988     6.032     1.000     0.4394      0.4394      0.3690      0.0159
297     A         C          297           ARG           93.56           371    267      9     6.988     6.032     1.000     0.3875      0.3875      0.3206      0.0129
298     A         C          298           TRP           93.15           371    267      2     6.988     6.032     1.000     0.3067      0.3488      0.2853      0.0109
299     A         C          299           GLU           87.57           371    267      0     6.988     6.032     1.000     0.1311      0.0000      0.0000      0.0000
300     A         C          300           PRO           82.86           371    267      0     6.988     6.032     1.000     0.1098      0.0000      0.0000      0.0000
301     A         C          301           SER           72.51           371    267      0     6.988     6.032     1.000     0.0611      0.0000      0.0000      0.0000
302     A         C          302           SER           56.68           371    267      0     6.988     6.032     1.000     0.0543      0.0000      0.0000      0.0000
303     A         C          303           GLN           40.56           371    267      0     6.988     6.032     1.000     0.0516      0.0000      0.0000      0.0000
304     A         C          304           SER           39.22           371    267      0     6.988     6.032     1.000     0.0495      0.0000      0.0000      0.0000
305     A         C          305           THR           34.98           371    267      0     6.988     6.032     1.000     0.0489      0.0000      0.0000      0.0000
306     A         C          306           ILE           40.11           371    267      0     6.988     6.032     1.000     0.0486      0.0000      0.0000      0.0000
307     A         C          307           PRO           37.71           371    267      0     6.988     6.032     1.000     0.0481      0.0000      0.0000      0.0000
308     A         C          308           ILE           41.51           371    267      0     6.988     6.032     1.000     0.0484      0.0000      0.0000      0.0000
309     A         C          309           VAL           41.44           371    267      0     6.988     6.032     1.000     0.0483      0.0000      0.0000      0.0000
310     A         C          310           GLY           42.32           371    267      0     6.988     6.032     1.000     0.0483      0.0000      0.0000      0.0000
311     A         C          311           ILE           47.16           371    267      0     6.988     6.032     1.000     0.0485      0.0000      0.0000      0.0000
312     A         C          312           VAL           49.83           371    267      0     6.988     6.032     1.000     0.0486      0.0000      0.0000      0.0000
313     A         C          313           ALA           50.06           371    267      0     6.988     6.032     1.000     0.0483      0.0000      0.0000      0.0000
314     A         C          314           GLY           50.72           371    267      0     6.988     6.032     1.000     0.0483      0.0000      0.0000      0.0000
315     A         C          315           LEU           54.43           371    267      0     6.988     6.032     1.000     0.0486      0.0000      0.0000      0.0000
316     A         C          316           ALA           54.28           371    267      0     6.988     6.032     1.000     0.0486      0.0000      0.0000      0.0000
317     A         C          317           VAL           55.00           371    267      0     6.988     6.032     1.000     0.0487      0.0000      0.0000      0.0000
318     A         C          318           LEU           54.51           371    267      0     6.988     6.032     1.000     0.0486      0.0000      0.0000      0.0000
319     A         C          319           ALA           56.91           371    267      0     6.988     6.032     1.000     0.0484      0.0000      0.0000      0.0000
320     A         C          320           VAL           57.16           371    267      0     6.988     6.032     1.000     0.0484      0.0000      0.0000      0.0000
321     A         C          321           VAL           61.94           371    267      0     6.988     6.032     1.000     0.0485      0.0000      0.0000      0.0000
322     A         C          322           VAL           59.00           371    267      0     6.988     6.032     1.000     0.0481      0.0000      0.0000      0.0000
323     A         C          323           ILE           51.70           371    267      0     6.988     6.032     1.000     0.0480      0.0000      0.0000      0.0000
324     A         C          324           GLY           54.05           371    267      0     6.988     6.032     1.000     0.0478      0.0000      0.0000      0.0000
325     A         C          325           ALA           59.96           371    267      0     6.988     6.032     1.000     0.0479      0.0000      0.0000      0.0000
326     A         C          326           VAL           56.48           371    267      0     6.988     6.032     1.000     0.0479      0.0000      0.0000      0.0000
327     A         C          327           VAL           54.70           371    267      0     6.988     6.032     1.000     0.0477      0.0000      0.0000      0.0000
328     A         C          328           ALA           58.22           371    267      0     6.988     6.032     1.000     0.0479      0.0000      0.0000      0.0000
329     A         C          329           THR           58.11           371    267      0     6.988     6.032     1.000     0.0477      0.0000      0.0000      0.0000
330     A         C          330           VAL           54.32           371    267      0     6.988     6.032     1.000     0.0474      0.0000      0.0000      0.0000
331     A         C          331           MET           52.55           371    267      0     6.988     6.032     1.000     0.0475      0.0000      0.0000      0.0000
332     A         C          332           CYS           53.97           371    267      0     6.988     6.032     1.000     0.0474      0.0000      0.0000      0.0000
333     A         C          333           ARG           53.87           371    267      0     6.988     6.032     1.000     0.0473      0.0000      0.0000      0.0000
334     A         C          334           ARG           50.44           371    267      0     6.988     6.032     1.000     0.0469      0.0000      0.0000      0.0000
335     A         C          335           LYS           42.85           371    267      0     6.988     6.032     1.000     0.0466      0.0000      0.0000      0.0000
336     A         C          336           SER           38.99           371    267      0     6.988     6.032     1.000     0.0465      0.0000      0.0000      0.0000
337     A         C          337           SER           34.44           371    267      0     6.988     6.032     1.000     0.0464      0.0000      0.0000      0.0000
338     A         C          338           GLY           29.43           371    267      0     6.988     6.032     1.000     0.0464      0.0000      0.0000      0.0000
339     A         C          339           GLY           28.17           371    267      0     6.988     6.032     1.000     0.0463      0.0000      0.0000      0.0000
340     A         C          340           LYS           31.02           371    267      0     6.988     6.032     1.000     0.0463      0.0000      0.0000      0.0000
341     A         C          341           GLY           27.71           371    267      0     6.988     6.032     1.000     0.0463      0.0000      0.0000      0.0000
342     A         C          342           GLY           28.14           371    267      0     6.988     6.032     1.000     0.0463      0.0000      0.0000      0.0000
343     A         C          343           SER           25.52           371    267      0     6.988     6.032     1.000     0.0463      0.0000      0.0000      0.0000
344     A         C          344           TYR           24.43           371    267      0     6.988     6.032     1.000     0.0464      0.0000      0.0000      0.0000
345     A         C          345           SER           23.86           371    267      0     6.988     6.032     1.000     0.0463      0.0000      0.0000      0.0000
346     A         C          346           GLN           23.27           371    267      0     6.988     6.032     1.000     0.0463      0.0000      0.0000      0.0000
347     A         C          347           ALA           26.68           371    267      0     6.988     6.032     1.000     0.0463      0.0000      0.0000      0.0000
348     A         C          348           ALA           26.97           371    267      0     6.988     6.032     1.000     0.0463      0.0000      0.0000      0.0000
349     A         C          349           SER           21.70           371    267      0     6.988     6.032     1.000     0.0463      0.0000      0.0000      0.0000
350     A         C          350           SER           24.29           371    267      0     6.988     6.032     1.000     0.0463      0.0000      0.0000      0.0000
351     A         C          351           ASP           30.16           371    267      0     6.988     6.032     1.000     0.0463      0.0000      0.0000      0.0000
352     A         C          352           SER           24.75           371    267      0     6.988     6.032     1.000     0.0464      0.0000      0.0000      0.0000
353     A         C          353           ALA           25.20           371    267      0     6.988     6.032     1.000     0.0463      0.0000      0.0000      0.0000
354     A         C          354           GLN           24.92           371    267      0     6.988     6.032     1.000     0.0463      0.0000      0.0000      0.0000
355     A         C          355           GLY           26.43           371    267      0     6.988     6.032     1.000     0.0463      0.0000      0.0000      0.0000
356     A         C          356           SER           25.33           371    267      0     6.988     6.032     1.000     0.0464      0.0000      0.0000      0.0000
357     A         C          357           ASP           27.89           371    267      0     6.988     6.032     1.000     0.0463      0.0000      0.0000      0.0000
358     A         C          358           VAL           22.31           371    267      0     6.988     6.032     1.000     0.0465      0.0000      0.0000      0.0000
359     A         C          359           SER           19.16           371    267      0     6.988     6.032     1.000     0.0465      0.0000      0.0000      0.0000
360     A         C          360           LEU           21.18           371    267      0     6.988     6.032     1.000     0.0465      0.0000      0.0000      0.0000
361     A         C          361           THR           20.92           371    267      0     6.988     6.032     1.000     0.0464      0.0000      0.0000      0.0000
362     A         C          362           ALA           12.01           371    267      0     6.988     6.032     1.000     0.0464      0.0000      0.0000      0.0000
1       A         D            1           MET           19.98           638    436      0     8.791     7.494     1.000     0.0716      0.0000      0.0000      0.0000
2       A         D            2           ARG           26.63           638    436      0     8.791     7.494     1.000     0.0717      0.0000      0.0000      0.0000
3       A         D            3           VAL           26.00           638    436      0     8.791     7.494     1.000     0.0717      0.0000      0.0000      0.0000
4       A         D            4           THR           29.09           638    436      0     8.791     7.494     1.000     0.0717      0.0000      0.0000      0.0000
5       A         D            5           ALA           31.47           638    436      0     8.791     7.494     1.000     0.0717      0.0000      0.0000      0.0000
6       A         D            6           PRO           31.09           638    436      0     8.791     7.494     1.000     0.0718      0.0000      0.0000      0.0000
7       A         D            7           ARG           30.01           638    436      0     8.791     7.494     1.000     0.0719      0.0000      0.0000      0.0000
8       A         D            8           THR           29.30           638    436      0     8.791     7.494     1.000     0.0720      0.0000      0.0000      0.0000
9       A         D            9           VAL           26.35           638    436      0     8.791     7.494     1.000     0.0724      0.0000      0.0000      0.0000
10      A         D           10           LEU           26.79           638    436      0     8.791     7.494     1.000     0.0725      0.0000      0.0000      0.0000
11      A         D           11           LEU           26.61           638    436      0     8.791     7.494     1.000     0.0727      0.0000      0.0000      0.0000
12      A         D           12           LEU           29.36           638    436      0     8.791     7.494     1.000     0.0730      0.0000      0.0000      0.0000
13      A         D           13           LEU           30.21           638    436      0     8.791     7.494     1.000     0.0735      0.0000      0.0000      0.0000
14      A         D           14           TRP           33.58           638    436      0     8.791     7.494     1.000     0.0739      0.0000      0.0000      0.0000
15      A         D           15           GLY           31.51           638    436      0     8.791     7.494     1.000     0.0739      0.0000      0.0000      0.0000
16      A         D           16           ALA           33.32           638    436      0     8.791     7.494     1.000     0.0749      0.0000      0.0000      0.0000
17      A         D           17           VAL           33.03           638    436      0     8.791     7.494     1.000     0.0758      0.0000      0.0000      0.0000
18      A         D           18           ALA           37.49           638    436      0     8.791     7.494     1.000     0.0763      0.0000      0.0000      0.0000
19      A         D           19           LEU           41.69           638    436      0     8.791     7.494     1.000     0.0775      0.0000      0.0000      0.0000
20      A         D           20           THR           46.41           638    436      0     8.791     7.494     1.000     0.0809      0.0000      0.0000      0.0000
21      A         D           21           GLU           57.43           638    436      0     8.791     7.494     1.000     0.0832      0.0000      0.0000      0.0000
22      A         D           22           THR           69.75           638    436      0     8.791     7.494     1.000     0.0990      0.0000      0.0000      0.0000
23      A         D           23           TRP           74.79           638    436      0     8.791     7.494     1.000     0.1295      0.0000      0.0000      0.0000
24      A         D           24           ALA           71.75           638    436      0     8.791     7.494     1.000     0.1138      0.0000      0.0000      0.0000
25      A         D           25           GLY           85.79           638    436      0     8.791     7.494     1.000     0.1425      0.0000      0.0000      0.0000
26      A         D           26           SER           93.45           638    436     43     8.791     7.494     1.965     0.2940      0.5123      0.4339      0.0511
27      A         D           27           HIS           96.51           638    436    118     8.791     7.494     4.013     0.4091      0.5762      0.4990      0.2275
28      A         D           28           SER           97.50           638    436    113     8.791     7.494     3.917     0.4072      0.5877      0.5108      0.2275
29      A         D           29           MET           98.14           638    436    140     8.791     7.494     4.400     0.4390      0.5777      0.5008      0.2627
30      A         D           30           ARG           98.12           638    436    132     8.791     7.494     4.265     0.4357      0.6002      0.5245      0.2705
31      A         D           31           TYR           98.34           638    436    173     8.791     7.494     4.904     0.4773      0.5936      0.5179      0.3221
32      A         D           32           PHE           98.53           638    436    180     8.791     7.494     5.001     0.4917      0.6063      0.5315      0.3435
33      A         D           33           TYR           98.49           638    436    171     8.791     7.494     4.875     0.4794      0.5985      0.5230      0.3241
34      A         D           34           THR           98.42           638    436    156     8.791     7.494     4.654     0.4601      0.5925      0.5166      0.2988
35      A         D           35           ALA           98.26           638    436    141     8.791     7.494     4.416     0.4420      0.5800      0.5031      0.2657
36      A         D           36           MET           97.52           638    436    100     8.791     7.494     3.652     0.3797      0.5496      0.4719      0.1799
37      A         D           37           SER           97.27           638    436    121     8.791     7.494     4.068     0.4129      0.5680      0.4902      0.2249
38      A         D           38           ARG           95.60           638    436     86     8.791     7.494     3.335     0.3474      0.5188      0.4406      0.1376
39      A         D           39           PRO           94.82           638    436     33     8.791     7.494     1.450     0.3014      0.5038      0.4252      0.0273
40      A         D           40           GLY           92.68           638    436      9     8.791     7.494     1.000     0.2530      0.4871      0.4085      0.0122
41      A         D           41           ARG           92.13           638    436     32     8.791     7.494     1.388     0.2894      0.4998      0.4213      0.0247
42      A         D           42           GLY           89.93           638    436     36     8.791     7.494     1.621     0.2996      0.5118      0.4334      0.0353
43      A         D           43           GLU           90.70           638    436    110     8.791     7.494     3.858     0.3821      0.5424      0.4642      0.1901
44      A         D           44           PRO           95.51           638    436    143     8.791     7.494     4.449     0.4469      0.5872      0.5105      0.2745
45      A         D           45           ARG           97.15           638    436    162     8.791     7.494     4.744     0.4676      0.5936      0.5177      0.3078
46      A         D           46           PHE           97.56           638    436    166     8.791     7.494     4.803     0.4698      0.5905      0.5143      0.3094
47      A         D           47           ILE           98.23           638    436    166     8.791     7.494     4.803     0.4697      0.5953      0.5197      0.3150
48      A         D           48           ALA           98.34           638    436    153     8.791     7.494     4.608     0.4532      0.5838      0.5074      0.2865
49      A         D           49           VAL           98.40           638    436    146     8.791     7.494     4.498     0.4459      0.5863      0.5100      0.2795
50      A         D           50           GLY           98.25           638    436    121     8.791     7.494     4.068     0.4176      0.5825      0.5056      0.2373
51      A         D           51           TYR           98.13           638    436    158     8.791     7.494     4.684     0.4685      0.6029      0.5274      0.3109
52      A         D           52           VAL           98.02           638    436    161     8.791     7.494     4.729     0.4647      0.5911      0.5149      0.3036
53      A         D           53           ASP           96.63           638    436    126     8.791     7.494     4.159     0.4204      0.5811      0.5041      0.2436
54      A         D           54           ASP           96.34           638    436    110     8.791     7.494     3.858     0.3913      0.5643      0.4864      0.2047
55      A         D           55           THR           97.16           638    436    135     8.791     7.494     4.316     0.4330      0.5858      0.5092      0.2620
56      A         D           56           GLN           97.98           638    436    159     8.791     7.494     4.699     0.4619      0.5909      0.5147      0.3007
57      A         D           57           PHE           98.01           638    436    140     8.791     7.494     4.400     0.4448      0.5914      0.5152      0.2749
58      A         D           58           VAL           97.98           638    436    129     8.791     7.494     4.213     0.4288      0.5832      0.5063      0.2503
59      A         D           59           ARG           97.85           638    436    126     8.791     7.494     4.159     0.4284      0.5898      0.5136      0.2527
60      A         D           60           PHE           98.16           638    436    164     8.791     7.494     4.774     0.4692      0.5924      0.5164      0.3091
61      A         D           61           ASP           97.55           638    436    155     8.791     7.494     4.639     0.4586      0.5951      0.5194      0.3002
62      A         D           62           SER           96.50           638    436    146     8.791     7.494     4.498     0.4475      0.5819      0.5052      0.2749
63      A         D           63           ASP           94.68           638    436    110     8.791     7.494     3.858     0.3935      0.5618      0.4843      0.2042
64      A         D           64           ALA           93.75           638    436     60     8.791     7.494     2.611     0.3074      0.5143      0.4360      0.0876
65      A         D           65           ALA           91.80           638    436     21     8.791     7.494     1.000     0.2414      0.5048      0.4261      0.0132
66      A         D           66           SER           91.66           638    436     35     8.791     7.494     1.566     0.2652      0.5294      0.4511      0.0356
67      A         D           67           PRO           93.96           638    436     75     8.791     7.494     3.054     0.3247      0.5283      0.4505      0.1237
68      A         D           68           ARG           95.58           638    436    105     8.791     7.494     3.757     0.3844      0.5680      0.4908      0.2009
69      A         D           69           THR           97.36           638    436    138     8.791     7.494     4.367     0.4440      0.5929      0.5167      0.2732
70      A         D           70           GLU           97.17           638    436    143     8.791     7.494     4.449     0.4507      0.5983      0.5229      0.2868
71      A         D           71           PRO           97.51           638    436    138     8.791     7.494     4.367     0.4438      0.5967      0.5207      0.2763
72      A         D           72           ARG           96.70           638    436    134     8.791     7.494     4.299     0.4320      0.5866      0.5101      0.2616
73      A         D           73           ALA           96.52           638    436    111     8.791     7.494     3.878     0.3960      0.5715      0.4938      0.2114
74      A         D           74           PRO           96.17           638    436    106     8.791     7.494     3.777     0.3814      0.5602      0.4825      0.1958
75      A         D           75           TRP           97.00           638    436    133     8.791     7.494     4.282     0.4303      0.5903      0.5139      0.2629
76      A         D           76           ILE           97.65           638    436    131     8.791     7.494     4.247     0.4311      0.5875      0.5108      0.2568
77      A         D           77           GLU           96.57           638    436    117     8.791     7.494     3.994     0.4088      0.5806      0.5036      0.2293
78      A         D           78           GLN           95.30           638    436     93     8.791     7.494     3.498     0.3561      0.5515      0.4737      0.1681
79      A         D           79           GLU           95.58           638    436    108     8.791     7.494     3.818     0.3895      0.5708      0.4936      0.2076
80      A         D           80           GLY           94.24           638    436     92     8.791     7.494     3.475     0.3635      0.5721      0.4950      0.1797
81      A         D           81           PRO           93.29           638    436    115     8.791     7.494     3.956     0.4127      0.5958      0.5199      0.2396
82      A         D           82           GLU           89.48           638    436    128     8.791     7.494     4.195     0.4361      0.6116      0.5371      0.2768
83      A         D           83           TYR           94.33           638    436    167     8.791     7.494     4.818     0.4785      0.6071      0.5326      0.3294
84      A         D           84           TRP           95.61           638    436    171     8.791     7.494     4.875     0.4890      0.6182      0.5446      0.3463
85      A         D           85           ASP           91.19           638    436    163     8.791     7.494     4.759     0.4821      0.6178      0.5441      0.3354
86      A         D           86           ARG           91.58           638    436    153     8.791     7.494     4.608     0.4678      0.6153      0.5415      0.3197
87      A         D           87           ASN           94.44           638    436    167     8.791     7.494     4.818     0.4792      0.6100      0.5359      0.3333
88      A         D           88           THR           94.49           638    436    187     8.791     7.494     5.096     0.5001      0.6109      0.5367      0.3576
89      A         D           89           GLN           91.05           638    436    166     8.791     7.494     4.803     0.4880      0.6217      0.5484      0.3439
90      A         D           90           ILE           93.71           638    436    189     8.791     7.494     5.123     0.5148      0.6256      0.5528      0.3766
91      A         D           91           PHE           95.47           638    436    194     8.791     7.494     5.188     0.5177      0.6248      0.5515      0.3800
92      A         D           92           LYS           92.10           638    436    196     8.791     7.494     5.214     0.5257      0.6301      0.5573      0.3882
93      A         D           93           THR           91.98           638    436    183     8.791     7.494     5.042     0.5094      0.6276      0.5551      0.3722
94      A         D           94           ASN           94.48           638    436    182     8.791     7.494     5.029     0.5030      0.6215      0.5483      0.3637
95      A         D           95           THR           93.97           638    436    187     8.791     7.494     5.096     0.5021      0.6121      0.5381      0.3593
96      A         D           96           GLN           90.09           638    436    163     8.791     7.494     4.759     0.4828      0.6177      0.5439      0.3348
97      A         D           97           THR           93.13           638    436    176     8.791     7.494     4.946     0.4953      0.6174      0.5438      0.3518
98      A         D           98           TYR           95.52           638    436    189     8.791     7.494     5.123     0.5106      0.6182      0.5444      0.3672
99      A         D           99           ARG           93.39           638    436    194     8.791     7.494     5.188     0.5142      0.6169      0.5429      0.3711
100     A         D          100           GLU           92.27           638    436    169     8.791     7.494     4.847     0.4850      0.6095      0.5347      0.3326
101     A         D          101           ASN           95.78           638    436    183     8.791     7.494     5.042     0.4984      0.6063      0.5315      0.3471
102     A         D          102           LEU           96.18           638    436    184     8.791     7.494     5.056     0.5002      0.6051      0.5301      0.3467
103     A         D          103           ARG           92.61           638    436    171     8.791     7.494     4.875     0.4887      0.6091      0.5343      0.3345
104     A         D          104           ILE           94.66           638    436    175     8.791     7.494     4.932     0.4888      0.6023      0.5271      0.3328
105     A         D          105           ALA           96.84           638    436    163     8.791     7.494     4.759     0.4775      0.5975      0.5216      0.3120
106     A         D          106           LEU           96.24           638    436    164     8.791     7.494     4.774     0.4756      0.5939      0.5176      0.3092
107     A         D          107           ARG           94.23           638    436    159     8.791     7.494     4.699     0.4668      0.5920      0.5158      0.3013
108     A         D          108           TYR           96.16           638    436    170     8.791     7.494     4.861     0.4823      0.5946      0.5186      0.3181
109     A         D          109           TYR           96.92           638    436    158     8.791     7.494     4.684     0.4703      0.5965      0.5204      0.3038
110     A         D          110           ASN           96.87           638    436    125     8.791     7.494     4.141     0.4149      0.5637      0.4856      0.2270
111     A         D          111           GLN           96.48           638    436    113     8.791     7.494     3.917     0.3928      0.5418      0.4634      0.1935
112     A         D          112           SER           95.82           638    436     52     8.791     7.494     2.332     0.3187      0.4909      0.4124      0.0641
113     A         D          113           GLU           92.69           638    436     30     8.791     7.494     1.258     0.2959      0.4763      0.3982      0.0184
114     A         D          114           ALA           94.36           638    436     11     8.791     7.494     1.000     0.2651      0.4655      0.3877      0.0112
115     A         D          115           GLY           95.08           638    436     28     8.791     7.494     1.116     0.2858      0.4847      0.4065      0.0151
116     A         D          116           SER           96.69           638    436    112     8.791     7.494     3.897     0.3900      0.5490      0.4707      0.1971
117     A         D          117           HIS           97.81           638    436    151     8.791     7.494     4.577     0.4552      0.5859      0.5093      0.2846
118     A         D          118           THR           98.13           638    436    139     8.791     7.494     4.383     0.4399      0.5839      0.5073      0.2665
119     A         D          119           TRP           98.43           638    436    157     8.791     7.494     4.669     0.4552      0.5768      0.4998      0.2845
120     A         D          120           GLN           98.31           638    436    153     8.791     7.494     4.608     0.4557      0.5880      0.5116      0.2896
121     A         D          121           THR           98.39           638    436    134     8.791     7.494     4.299     0.4328      0.5759      0.4990      0.2528
122     A         D          122           MET           98.30           638    436    110     8.791     7.494     3.858     0.3985      0.5828      0.5060      0.2197
123     A         D          123           TYR           98.24           638    436    142     8.791     7.494     4.433     0.4438      0.5820      0.5054      0.2698
124     A         D          124           GLY           98.04           638    436    108     8.791     7.494     3.818     0.3883      0.5603      0.4827      0.1999
125     A         D          125           CYS           97.83           638    436    120     8.791     7.494     4.050     0.4199      0.5903      0.5135      0.2411
126     A         D          126           ASP           97.87           638    436    139     8.791     7.494     4.383     0.4492      0.6015      0.5259      0.2826
127     A         D          127           VAL           97.31           638    436    120     8.791     7.494     4.050     0.4148      0.5808      0.5036      0.2338
128     A         D          128           GLY           95.47           638    436     82     8.791     7.494     3.236     0.3366      0.5286      0.4503      0.1352
129     A         D          129           PRO           93.16           638    436     61     8.791     7.494     2.643     0.3134      0.5116      0.4330      0.0880
130     A         D          130           ASP           93.42           638    436     48     8.791     7.494     2.177     0.2899      0.5004      0.4219      0.0588
131     A         D          131           GLY           92.93           638    436     65     8.791     7.494     2.768     0.3140      0.5070      0.4286      0.0942
132     A         D          132           ARG           94.48           638    436     86     8.791     7.494     3.335     0.3431      0.5317      0.4534      0.1439
133     A         D          133           LEU           96.69           638    436    124     8.791     7.494     4.123     0.4181      0.5771      0.4996      0.2364
134     A         D          134           LEU           96.65           638    436    118     8.791     7.494     4.013     0.4044      0.5701      0.4924      0.2215
135     A         D          135           ARG           97.00           638    436    101     8.791     7.494     3.673     0.3734      0.5544      0.4767      0.1841
136     A         D          136           GLY           97.72           638    436    113     8.791     7.494     3.917     0.4028      0.5673      0.4895      0.2118
137     A         D          137           HIS           98.02           638    436    132     8.791     7.494     4.265     0.4400      0.6035      0.5278      0.2730
138     A         D          138           ASN           98.12           638    436    124     8.791     7.494     4.123     0.4260      0.5840      0.5071      0.2431
139     A         D          139           GLN           97.84           638    436    103     8.791     7.494     3.715     0.3796      0.5600      0.4825      0.1917
140     A         D          140           TYR           98.24           638    436    156     8.791     7.494     4.654     0.4589      0.5843      0.5080      0.2913
141     A         D          141           ALA           98.38           638    436    150     8.791     7.494     4.561     0.4594      0.5935      0.5174      0.2909
142     A         D          142           TYR           98.22           638    436    180     8.791     7.494     5.001     0.4878      0.5938      0.5177      0.3293
143     A         D          143           ASP           97.81           638    436    153     8.791     7.494     4.608     0.4581      0.5865      0.5099      0.2880
144     A         D          144           GLY           97.40           638    436    105     8.791     7.494     3.757     0.3788      0.5440      0.4656      0.1826
145     A         D          145           LYS           97.48           638    436    120     8.791     7.494     4.050     0.4152      0.5747      0.4970      0.2280
146     A         D          146           ASP           97.85           638    436    156     8.791     7.494     4.654     0.4617      0.5883      0.5118      0.2937
147     A         D          147           TYR           98.29           638    436    173     8.791     7.494     4.904     0.4835      0.5940      0.5180      0.3214
148     A         D          148           ILE           98.23           638    436    161     8.791     7.494     4.729     0.4692      0.5898      0.5135      0.3018
149     A         D          149           ALA           98.03           638    436    148     8.791     7.494     4.530     0.4598      0.6008      0.5251      0.2946
150     A         D          150           LEU           98.04           638    436    166     8.791     7.494     4.803     0.4734      0.5916      0.5156      0.3106
151     A         D          151           ASN           97.86           638    436    157     8.791     7.494     4.669     0.4652      0.5952      0.5193      0.3020
152     A         D          152           GLU           97.19           638    436    124     8.791     7.494     4.123     0.4254      0.5927      0.5159      0.2488
153     A         D          153           ASP           97.24           638    436    131     8.791     7.494     4.247     0.4388      0.6007      0.5244      0.2674
154     A         D          154           LEU           97.19           638    436    145     8.791     7.494     4.482     0.4525      0.5990      0.5232      0.2886
155     A         D          155           SER           96.47           638    436    122     8.791     7.494     4.087     0.4206      0.5905      0.5137      0.2444
156     A         D          156           SER           97.49           638    436    131     8.791     7.494     4.247     0.4360      0.5919      0.5152      0.2596
157     A         D          157           TRP           97.98           638    436    156     8.791     7.494     4.654     0.4696      0.6031      0.5277      0.3083
158     A         D          158           THR           98.02           638    436    159     8.791     7.494     4.699     0.4679      0.5949      0.5189      0.3042
159     A         D          159           ALA           97.86           638    436    140     8.791     7.494     4.400     0.4421      0.5817      0.5046      0.2649
160     A         D          160           ALA           97.30           638    436    112     8.791     7.494     3.897     0.4000      0.5608      0.4826      0.2046
161     A         D          161           ASP           97.05           638    436    106     8.791     7.494     3.777     0.3789      0.5377      0.4591      0.1798
162     A         D          162           THR           96.94           638    436    128     8.791     7.494     4.195     0.4246      0.5748      0.4971      0.2401
163     A         D          163           ALA           97.09           638    436    151     8.791     7.494     4.577     0.4551      0.5868      0.5102      0.2854
164     A         D          164           ALA           97.76           638    436    159     8.791     7.494     4.699     0.4677      0.5906      0.5143      0.2998
165     A         D          165           GLN           97.40           638    436    181     8.791     7.494     5.015     0.5006      0.6097      0.5347      0.3468
166     A         D          166           ILE           96.12           638    436    183     8.791     7.494     5.042     0.5036      0.6127      0.5380      0.3525
167     A         D          167           THR           96.80           638    436    184     8.791     7.494     5.056     0.4972      0.5986      0.5231      0.3396
168     A         D          168           GLN           97.41           638    436    192     8.791     7.494     5.162     0.5143      0.6126      0.5379      0.3628
169     A         D          169           ARG           95.73           638    436    181     8.791     7.494     5.015     0.5097      0.6212      0.5476      0.3606
170     A         D          170           LYS           93.15           638    436    161     8.791     7.494     4.729     0.4804      0.6103      0.5359      0.3240
171     A         D          171           TRP           94.48           638    436    176     8.791     7.494     4.946     0.4971      0.6134      0.5392      0.3464
172     A         D          172           GLU           93.84           638    436    180     8.791     7.494     5.001     0.5019      0.6149      0.5407      0.3523
173     A         D          173           ALA           90.15           638    436    139     8.791     7.494     4.383     0.4571      0.6141      0.5392      0.2938
174     A         D          174           ALA           86.70           638    436    120     8.791     7.494     4.050     0.4259      0.6088      0.5330      0.2567
175     A         D          175           ARG           87.83           638    436    128     8.791     7.494     4.195     0.4418      0.6177      0.5429      0.2795
176     A         D          176           GLU           92.78           638    436    141     8.791     7.494     4.416     0.4561      0.6154      0.5411      0.3005
177     A         D          177           ALA           94.78           638    436    168     8.791     7.494     4.832     0.4869      0.6107      0.5365      0.3343
178     A         D          178           GLU           91.16           638    436    167     8.791     7.494     4.818     0.4849      0.6121      0.5382      0.3350
179     A         D          179           GLN           91.20           638    436    171     8.791     7.494     4.875     0.4959      0.6251      0.5524      0.3548
180     A         D          180           LEU           95.04           638    436    179     8.791     7.494     4.987     0.5033      0.6211      0.5477      0.3590
181     A         D          181           ARG           95.74           638    436    191     8.791     7.494     5.149     0.5182      0.6248      0.5516      0.3770
182     A         D          182           ALA           92.88           638    436    170     8.791     7.494     4.861     0.4915      0.6163      0.5427      0.3431
183     A         D          183           TYR           95.06           638    436    191     8.791     7.494     5.149     0.5168      0.6233      0.5499      0.3752
184     A         D          184           LEU           96.99           638    436    187     8.791     7.494     5.096     0.5067      0.6131      0.5388      0.3590
185     A         D          185           GLU           95.63           638    436    168     8.791     7.494     4.832     0.4837      0.6096      0.5351      0.3324
186     A         D          186           GLY           93.65           638    436    126     8.791     7.494     4.159     0.4387      0.6159      0.5410      0.2748
187     A         D          187           LEU           94.00           638    436    156     8.791     7.494     4.654     0.4703      0.6096      0.5349      0.3163
188     A         D          188           CYS           96.69           638    436    170     8.791     7.494     4.861     0.4822      0.6060      0.5311      0.3309
189     A         D          189           VAL           97.27           638    436    170     8.791     7.494     4.861     0.4884      0.6147      0.5404      0.3398
190     A         D          190           GLU           95.56           638    436    167     8.791     7.494     4.818     0.4827      0.6130      0.5390      0.3353
191     A         D          191           TRP           96.70           638    436    169     8.791     7.494     4.847     0.4830      0.6099      0.5352      0.3334
192     A         D          192           LEU           97.39           638    436    180     8.791     7.494     5.001     0.5003      0.6147      0.5403      0.3515
193     A         D          193           ARG           96.55           638    436    172     8.791     7.494     4.889     0.4913      0.6192      0.5454      0.3470
194     A         D          194           ARG           96.68           638    436    172     8.791     7.494     4.889     0.4803      0.6030      0.5279      0.3303
195     A         D          195           HIS           97.37           638    436    171     8.791     7.494     4.875     0.4804      0.6045      0.5295      0.3304
196     A         D          196           LEU           96.49           638    436    169     8.791     7.494     4.847     0.4833      0.6118      0.5374      0.3354
197     A         D          197           GLU           95.43           638    436    134     8.791     7.494     4.299     0.4332      0.5942      0.5177      0.2668
198     A         D          198           ASN           96.41           638    436    125     8.791     7.494     4.141     0.4201      0.5833      0.5061      0.2431
199     A         D          199           GLY           95.99           638    436     87     8.791     7.494     3.359     0.3431      0.5332      0.4548      0.1459
200     A         D          200           LYS           95.00           638    436     88     8.791     7.494     3.382     0.3481      0.5278      0.4494      0.1450
201     A         D          201           GLU           94.78           638    436     68     8.791     7.494     2.858     0.3164      0.5082      0.4297      0.1001
202     A         D          202           THR           94.93           638    436     63     8.791     7.494     2.706     0.3171      0.5044      0.4258      0.0893
203     A         D          203           LEU           95.75           638    436    107     8.791     7.494     3.798     0.3787      0.5402      0.4617      0.1830
204     A         D          204           GLN           94.29           638    436     96     8.791     7.494     3.565     0.3576      0.5269      0.4483      0.1576
205     A         D          205           ARG           94.13           638    436     55     8.791     7.494     2.441     0.3135      0.5042      0.4257      0.0738
206     A         D          206           ALA           94.80           638    436     60     8.791     7.494     2.611     0.3171      0.4961      0.4176      0.0808
207     A         D          207           ASP           96.35           638    436     72     8.791     7.494     2.972     0.3316      0.5040      0.4255      0.1056
208     A         D          208           PRO           96.56           638    436     41     8.791     7.494     1.873     0.3036      0.4871      0.4087      0.0417
209     A         D          209           PRO           97.12           638    436     53     8.791     7.494     2.369     0.3147      0.4840      0.4058      0.0644
210     A         D          210           LYS           96.61           638    436     47     8.791     7.494     2.137     0.3159      0.4856      0.4073      0.0534
211     A         D          211           THR           96.07           638    436     33     8.791     7.494     1.450     0.2961      0.4740      0.3960      0.0241
212     A         D          212           HIS           95.41           638    436     21     8.791     7.494     1.000     0.2908      0.4744      0.3962      0.0116
213     A         D          213           VAL           95.31           638    436     39     8.791     7.494     1.777     0.3111      0.4712      0.3932      0.0352
214     A         D          214           THR           94.66           638    436     18     8.791     7.494     1.000     0.2853      0.4678      0.3898      0.0113
215     A         D          215           HIS           94.05           638    436      2     8.791     7.494     1.000     0.2699      0.4434      0.3666      0.0102
216     A         D          216           HIS           94.01           638    436      0     8.791     7.494     1.000     0.2467      0.0000      0.0000      0.0000
217     A         D          217           PRO           93.59           638    436      0     8.791     7.494     1.000     0.1932      0.0000      0.0000      0.0000
218     A         D          218           VAL           93.07           638    436      0     8.791     7.494     1.000     0.1682      0.0000      0.0000      0.0000
219     A         D          219           SER           93.33           638    436      0     8.791     7.494     1.000     0.1572      0.0000      0.0000      0.0000
220     A         D          220           ASP           93.53           638    436      0     8.791     7.494     1.000     0.1419      0.0000      0.0000      0.0000
221     A         D          221           HIS           94.49           638    436      0     8.791     7.494     1.000     0.1339      0.0000      0.0000      0.0000
222     A         D          222           GLU           93.79           638    436      0     8.791     7.494     1.000     0.1721      0.0000      0.0000      0.0000
223     A         D          223           ALA           93.94           638    436      0     8.791     7.494     1.000     0.2207      0.0000      0.0000      0.0000
224     A         D          224           THR           95.12           638    436      7     8.791     7.494     1.000     0.2723      0.4488      0.3718      0.0104
225     A         D          225           LEU           95.30           638    436     33     8.791     7.494     1.450     0.3068      0.4697      0.3917      0.0236
226     A         D          226           ARG           96.26           638    436     49     8.791     7.494     2.217     0.3141      0.4712      0.3933      0.0539
227     A         D          227           CYS           96.40           638    436     62     8.791     7.494     2.675     0.3219      0.4798      0.4016      0.0792
228     A         D          228           TRP           96.68           638    436     74     8.791     7.494     3.027     0.3363      0.4881      0.4097      0.1023
229     A         D          229           ALA           96.95           638    436     91     8.791     7.494     3.452     0.3538      0.4986      0.4199      0.1340
230     A         D          230           LEU           96.86           638    436     74     8.791     7.494     3.027     0.3352      0.4874      0.4091      0.1022
231     A         D          231           GLY           96.43           638    436     36     8.791     7.494     1.621     0.3012      0.4926      0.4140      0.0322
232     A         D          232           PHE           97.17           638    436    108     8.791     7.494     3.818     0.3794      0.5301      0.4513      0.1777
233     A         D          233           TYR           96.57           638    436     94     8.791     7.494     3.521     0.3576      0.5142      0.4355      0.1471
234     A         D          234           PRO           95.80           638    436     69     8.791     7.494     2.887     0.3246      0.4934      0.4149      0.0960
235     A         D          235           ALA           96.54           638    436     64     8.791     7.494     2.738     0.3240      0.4959      0.4174      0.0881
236     A         D          236           GLU           95.94           638    436     72     8.791     7.494     2.972     0.3347      0.4984      0.4199      0.1033
237     A         D          237           ILE           96.76           638    436     83     8.791     7.494     3.261     0.3433      0.5008      0.4223      0.1228
238     A         D          238           THR           96.27           638    436     35     8.791     7.494     1.566     0.3056      0.4864      0.4080      0.0294
239     A         D          239           LEU           95.46           638    436      4     8.791     7.494     1.000     0.2565      0.4510      0.3738      0.0105
240     A         D          240           THR           95.61           638    436     12     8.791     7.494     1.000     0.2700      0.4648      0.3870      0.0111
241     A         D          241           TRP           96.20           638    436     25     8.791     7.494     1.000     0.2980      0.4681      0.3902      0.0113
242     A         D          242           GLN           95.43           638    436      1     8.791     7.494     1.000     0.2503      0.4408      0.3642      0.0101
243     A         D          243           ARG           94.66           638    436      0     8.791     7.494     1.000     0.2107      0.0000      0.0000      0.0000
244     A         D          244           ASP           93.63           638    436      0     8.791     7.494     1.000     0.1771      0.0000      0.0000      0.0000
245     A         D          245           GLY           91.64           638    436      0     8.791     7.494     1.000     0.1504      0.0000      0.0000      0.0000
246     A         D          246           GLU           92.91           638    436      0     8.791     7.494     1.000     0.1655      0.0000      0.0000      0.0000
247     A         D          247           ASP           92.94           638    436      0     8.791     7.494     1.000     0.1876      0.0000      0.0000      0.0000
248     A         D          248           GLN           91.18           638    436      0     8.791     7.494     1.000     0.1641      0.0000      0.0000      0.0000
249     A         D          249           THR           89.33           638    436      0     8.791     7.494     1.000     0.1376      0.0000      0.0000      0.0000
250     A         D          250           GLN           86.75           638    436      0     8.791     7.494     1.000     0.1169      0.0000      0.0000      0.0000
251     A         D          251           ASP           88.87           638    436      0     8.791     7.494     1.000     0.1224      0.0000      0.0000      0.0000
252     A         D          252           THR           92.77           638    436      0     8.791     7.494     1.000     0.1907      0.0000      0.0000      0.0000
253     A         D          253           GLU           94.59           638    436      0     8.791     7.494     1.000     0.2496      0.0000      0.0000      0.0000
254     A         D          254           LEU           95.14           638    436      3     8.791     7.494     1.000     0.2549      0.4527      0.3754      0.0106
255     A         D          255           VAL           95.44           638    436     20     8.791     7.494     1.000     0.2880      0.4685      0.3906      0.0113
256     A         D          256           GLU           95.51           638    436     36     8.791     7.494     1.621     0.3075      0.4817      0.4035      0.0309
257     A         D          257           THR           97.12           638    436    106     8.791     7.494     3.777     0.3731      0.5199      0.4412      0.1687
258     A         D          258           ARG           97.63           638    436     84     8.791     7.494     3.286     0.3446      0.5045      0.4259      0.1260
259     A         D          259           PRO           97.43           638    436     97     8.791     7.494     3.587     0.3590      0.5128      0.4342      0.1510
260     A         D          260           ALA           96.69           638    436     60     8.791     7.494     2.611     0.3240      0.4887      0.4103      0.0784
261     A         D          261           GLY           95.30           638    436     29     8.791     7.494     1.189     0.2845      0.4818      0.4035      0.0168
262     A         D          262           ASP           94.60           638    436     13     8.791     7.494     1.000     0.2635      0.4579      0.3804      0.0108
263     A         D          263           ARG           95.03           638    436     27     8.791     7.494     1.039     0.2770      0.4774      0.3992      0.0127
264     A         D          264           THR           96.10           638    436     77     8.791     7.494     3.108     0.3345      0.4941      0.4157      0.1099
265     A         D          265           PHE           97.55           638    436    118     8.791     7.494     4.013     0.3980      0.5491      0.4706      0.2055
266     A         D          266           GLN           97.52           638    436     98     8.791     7.494     3.609     0.3625      0.5109      0.4321      0.1512
267     A         D          267           LYS           97.39           638    436     95     8.791     7.494     3.543     0.3623      0.5101      0.4314      0.1462
268     A         D          268           TRP           96.53           638    436     60     8.791     7.494     2.611     0.3249      0.4831      0.4048      0.0767
269     A         D          269           ALA           96.39           638    436     35     8.791     7.494     1.566     0.3117      0.4778      0.3995      0.0284
270     A         D          270           ALA           96.05           638    436      9     8.791     7.494     1.000     0.2744      0.4622      0.3845      0.0110
271     A         D          271           VAL           95.29           638    436      4     8.791     7.494     1.000     0.2553      0.4497      0.3726      0.0105
272     A         D          272           VAL           95.17           638    436      2     8.791     7.494     1.000     0.2629      0.4408      0.3642      0.0101
273     A         D          273           VAL           94.71           638    436      0     8.791     7.494     1.000     0.2268      0.0000      0.0000      0.0000
274     A         D          274           PRO           94.52           638    436      0     8.791     7.494     1.000     0.2116      0.0000      0.0000      0.0000
275     A         D          275           SER           92.64           638    436      0     8.791     7.494     1.000     0.1679      0.0000      0.0000      0.0000
276     A         D          276           GLY           92.27           638    436      0     8.791     7.494     1.000     0.1492      0.0000      0.0000      0.0000
277     A         D          277           GLU           92.88           638    436      0     8.791     7.494     1.000     0.1826      0.0000      0.0000      0.0000
278     A         D          278           GLU           92.82           638    436      0     8.791     7.494     1.000     0.2095      0.0000      0.0000      0.0000
279     A         D          279           GLN           94.12           638    436      0     8.791     7.494     1.000     0.2185      0.0000      0.0000      0.0000
280     A         D          280           ARG           94.56           638    436      0     8.791     7.494     1.000     0.2245      0.0000      0.0000      0.0000
281     A         D          281           TYR           95.39           638    436      6     8.791     7.494     1.000     0.2702      0.4535      0.3762      0.0106
282     A         D          282           THR           95.87           638    436     10     8.791     7.494     1.000     0.2695      0.4541      0.3768      0.0107
283     A         D          283           CYS           95.99           638    436     22     8.791     7.494     1.000     0.2842      0.4721      0.3940      0.0115
284     A         D          284           HIS           96.27           638    436     29     8.791     7.494     1.189     0.3008      0.4755      0.3973      0.0164
285     A         D          285           VAL           96.82           638    436     59     8.791     7.494     2.578     0.3210      0.4824      0.4041      0.0747
286     A         D          286           GLN           96.66           638    436     38     8.791     7.494     1.726     0.3064      0.4811      0.4028      0.0347
287     A         D          287           HIS           96.40           638    436     59     8.791     7.494     2.578     0.3172      0.4860      0.4077      0.0758
288     A         D          288           GLU           94.20           638    436      3     8.791     7.494     1.000     0.2464      0.4425      0.3658      0.0102
289     A         D          289           GLY           93.95           638    436      5     8.791     7.494     1.000     0.2502      0.4479      0.3709      0.0104
290     A         D          290           LEU           95.01           638    436     14     8.791     7.494     1.000     0.2678      0.4663      0.3885      0.0112
291     A         D          291           PRO           93.99           638    436      0     8.791     7.494     1.000     0.2082      0.0000      0.0000      0.0000
292     A         D          292           LYS           95.32           638    436      0     8.791     7.494     1.000     0.2026      0.0000      0.0000      0.0000
293     A         D          293           PRO           95.28           638    436      0     8.791     7.494     1.000     0.2313      0.0000      0.0000      0.0000
294     A         D          294           LEU           95.47           638    436      0     8.791     7.494     1.000     0.2449      0.0000      0.0000      0.0000
295     A         D          295           THR           95.74           638    436      3     8.791     7.494     1.000     0.2602      0.4493      0.3722      0.0104
296     A         D          296           LEU           94.89           638    436      0     8.791     7.494     1.000     0.2339      0.0000      0.0000      0.0000
297     A         D          297           ARG           93.56           638    436      0     8.791     7.494     1.000     0.2193      0.0000      0.0000      0.0000
298     A         D          298           TRP           93.15           638    436      0     8.791     7.494     1.000     0.1903      0.0000      0.0000      0.0000
299     A         D          299           GLU           87.57           638    436      0     8.791     7.494     1.000     0.1192      0.0000      0.0000      0.0000
300     A         D          300           PRO           82.86           638    436      0     8.791     7.494     1.000     0.1065      0.0000      0.0000      0.0000
301     A         D          301           SER           72.51           638    436      0     8.791     7.494     1.000     0.0824      0.0000      0.0000      0.0000
302     A         D          302           SER           56.68           638    436      0     8.791     7.494     1.000     0.0773      0.0000      0.0000      0.0000
303     A         D          303           GLN           40.56           638    436      0     8.791     7.494     1.000     0.0749      0.0000      0.0000      0.0000
304     A         D          304           SER           39.22           638    436      0     8.791     7.494     1.000     0.0737      0.0000      0.0000      0.0000
305     A         D          305           THR           34.98           638    436      0     8.791     7.494     1.000     0.0731      0.0000      0.0000      0.0000
306     A         D          306           ILE           40.11           638    436      0     8.791     7.494     1.000     0.0730      0.0000      0.0000      0.0000
307     A         D          307           PRO           37.71           638    436      0     8.791     7.494     1.000     0.0727      0.0000      0.0000      0.0000
308     A         D          308           ILE           41.51           638    436      0     8.791     7.494     1.000     0.0731      0.0000      0.0000      0.0000
309     A         D          309           VAL           41.44           638    436      0     8.791     7.494     1.000     0.0730      0.0000      0.0000      0.0000
310     A         D          310           GLY           42.32           638    436      0     8.791     7.494     1.000     0.0729      0.0000      0.0000      0.0000
311     A         D          311           ILE           47.16           638    436      0     8.791     7.494     1.000     0.0733      0.0000      0.0000      0.0000
312     A         D          312           VAL           49.83           638    436      0     8.791     7.494     1.000     0.0735      0.0000      0.0000      0.0000
313     A         D          313           ALA           50.06           638    436      0     8.791     7.494     1.000     0.0732      0.0000      0.0000      0.0000
314     A         D          314           GLY           50.72           638    436      0     8.791     7.494     1.000     0.0731      0.0000      0.0000      0.0000
315     A         D          315           LEU           54.43           638    436      0     8.791     7.494     1.000     0.0735      0.0000      0.0000      0.0000
316     A         D          316           ALA           54.28           638    436      0     8.791     7.494     1.000     0.0733      0.0000      0.0000      0.0000
317     A         D          317           VAL           55.00           638    436      0     8.791     7.494     1.000     0.0732      0.0000      0.0000      0.0000
318     A         D          318           LEU           54.51           638    436      0     8.791     7.494     1.000     0.0733      0.0000      0.0000      0.0000
319     A         D          319           ALA           56.91           638    436      0     8.791     7.494     1.000     0.0730      0.0000      0.0000      0.0000
320     A         D          320           VAL           57.16           638    436      0     8.791     7.494     1.000     0.0728      0.0000      0.0000      0.0000
321     A         D          321           VAL           61.94           638    436      0     8.791     7.494     1.000     0.0728      0.0000      0.0000      0.0000
322     A         D          322           VAL           59.00           638    436      0     8.791     7.494     1.000     0.0726      0.0000      0.0000      0.0000
323     A         D          323           ILE           51.70           638    436      0     8.791     7.494     1.000     0.0724      0.0000      0.0000      0.0000
324     A         D          324           GLY           54.05           638    436      0     8.791     7.494     1.000     0.0723      0.0000      0.0000      0.0000
325     A         D          325           ALA           59.96           638    436      0     8.791     7.494     1.000     0.0723      0.0000      0.0000      0.0000
326     A         D          326           VAL           56.48           638    436      0     8.791     7.494     1.000     0.0722      0.0000      0.0000      0.0000
327     A         D          327           VAL           54.70           638    436      0     8.791     7.494     1.000     0.0721      0.0000      0.0000      0.0000
328     A         D          328           ALA           58.22           638    436      0     8.791     7.494     1.000     0.0722      0.0000      0.0000      0.0000
329     A         D          329           THR           58.11           638    436      0     8.791     7.494     1.000     0.0721      0.0000      0.0000      0.0000
330     A         D          330           VAL           54.32           638    436      0     8.791     7.494     1.000     0.0720      0.0000      0.0000      0.0000
331     A         D          331           MET           52.55           638    436      0     8.791     7.494     1.000     0.0720      0.0000      0.0000      0.0000
332     A         D          332           CYS           53.97           638    436      0     8.791     7.494     1.000     0.0718      0.0000      0.0000      0.0000
333     A         D          333           ARG           53.87           638    436      0     8.791     7.494     1.000     0.0719      0.0000      0.0000      0.0000
334     A         D          334           ARG           50.44           638    436      0     8.791     7.494     1.000     0.0717      0.0000      0.0000      0.0000
335     A         D          335           LYS           42.85           638    436      0     8.791     7.494     1.000     0.0715      0.0000      0.0000      0.0000
336     A         D          336           SER           38.99           638    436      0     8.791     7.494     1.000     0.0714      0.0000      0.0000      0.0000
337     A         D          337           SER           34.44           638    436      0     8.791     7.494     1.000     0.0715      0.0000      0.0000      0.0000
338     A         D          338           GLY           29.43           638    436      0     8.791     7.494     1.000     0.0714      0.0000      0.0000      0.0000
339     A         D          339           GLY           28.17           638    436      0     8.791     7.494     1.000     0.0714      0.0000      0.0000      0.0000
340     A         D          340           LYS           31.02           638    436      0     8.791     7.494     1.000     0.0714      0.0000      0.0000      0.0000
341     A         D          341           GLY           27.71           638    436      0     8.791     7.494     1.000     0.0714      0.0000      0.0000      0.0000
342     A         D          342           GLY           28.14           638    436      0     8.791     7.494     1.000     0.0714      0.0000      0.0000      0.0000
343     A         D          343           SER           25.52           638    436      0     8.791     7.494     1.000     0.0714      0.0000      0.0000      0.0000
344     A         D          344           TYR           24.43           638    436      0     8.791     7.494     1.000     0.0714      0.0000      0.0000      0.0000
345     A         D          345           SER           23.86           638    436      0     8.791     7.494     1.000     0.0714      0.0000      0.0000      0.0000
346     A         D          346           GLN           23.27           638    436      0     8.791     7.494     1.000     0.0714      0.0000      0.0000      0.0000
347     A         D          347           ALA           26.68           638    436      0     8.791     7.494     1.000     0.0714      0.0000      0.0000      0.0000
348     A         D          348           ALA           26.97           638    436      0     8.791     7.494     1.000     0.0714      0.0000      0.0000      0.0000
349     A         D          349           SER           21.70           638    436      0     8.791     7.494     1.000     0.0714      0.0000      0.0000      0.0000
350     A         D          350           SER           24.29           638    436      0     8.791     7.494     1.000     0.0714      0.0000      0.0000      0.0000
351     A         D          351           ASP           30.16           638    436      0     8.791     7.494     1.000     0.0715      0.0000      0.0000      0.0000
352     A         D          352           SER           24.75           638    436      0     8.791     7.494     1.000     0.0715      0.0000      0.0000      0.0000
353     A         D          353           ALA           25.20           638    436      0     8.791     7.494     1.000     0.0715      0.0000      0.0000      0.0000
354     A         D          354           GLN           24.92           638    436      0     8.791     7.494     1.000     0.0715      0.0000      0.0000      0.0000
355     A         D          355           GLY           26.43           638    436      0     8.791     7.494     1.000     0.0714      0.0000      0.0000      0.0000
356     A         D          356           SER           25.33           638    436      0     8.791     7.494     1.000     0.0715      0.0000      0.0000      0.0000
357     A         D          357           ASP           27.89           638    436      0     8.791     7.494     1.000     0.0715      0.0000      0.0000      0.0000
358     A         D          358           VAL           22.31           638    436      0     8.791     7.494     1.000     0.0715      0.0000      0.0000      0.0000
359     A         D          359           SER           19.16           638    436      0     8.791     7.494     1.000     0.0715      0.0000      0.0000      0.0000
360     A         D          360           LEU           21.18           638    436      0     8.791     7.494     1.000     0.0716      0.0000      0.0000      0.0000
361     A         D          361           THR           20.92           638    436      0     8.791     7.494     1.000     0.0715      0.0000      0.0000      0.0000
362     A         D          362           ALA           12.01           638    436      0     8.791     7.494     1.000     0.0715      0.0000      0.0000      0.0000
1       A         E            1           MET           19.98           674    479      0     8.991     7.800     1.000     0.0746      0.0000      0.0000      0.0000
2       A         E            2           ARG           26.63           674    479      0     8.991     7.800     1.000     0.0746      0.0000      0.0000      0.0000
3       A         E            3           VAL           26.00           674    479      0     8.991     7.800     1.000     0.0747      0.0000      0.0000      0.0000
4       A         E            4           THR           29.09           674    479      0     8.991     7.800     1.000     0.0747      0.0000      0.0000      0.0000
5       A         E            5           ALA           31.47           674    479      0     8.991     7.800     1.000     0.0747      0.0000      0.0000      0.0000
6       A         E            6           PRO           31.09           674    479      0     8.991     7.800     1.000     0.0748      0.0000      0.0000      0.0000
7       A         E            7           ARG           30.01           674    479      0     8.991     7.800     1.000     0.0749      0.0000      0.0000      0.0000
8       A         E            8           THR           29.30           674    479      0     8.991     7.800     1.000     0.0749      0.0000      0.0000      0.0000
9       A         E            9           VAL           26.35           674    479      0     8.991     7.800     1.000     0.0751      0.0000      0.0000      0.0000
10      A         E           10           LEU           26.79           674    479      0     8.991     7.800     1.000     0.0752      0.0000      0.0000      0.0000
11      A         E           11           LEU           26.61           674    479      0     8.991     7.800     1.000     0.0754      0.0000      0.0000      0.0000
12      A         E           12           LEU           29.36           674    479      0     8.991     7.800     1.000     0.0755      0.0000      0.0000      0.0000
13      A         E           13           LEU           30.21           674    479      0     8.991     7.800     1.000     0.0759      0.0000      0.0000      0.0000
14      A         E           14           TRP           33.58           674    479      0     8.991     7.800     1.000     0.0762      0.0000      0.0000      0.0000
15      A         E           15           GLY           31.51           674    479      0     8.991     7.800     1.000     0.0761      0.0000      0.0000      0.0000
16      A         E           16           ALA           33.32           674    479      0     8.991     7.800     1.000     0.0769      0.0000      0.0000      0.0000
17      A         E           17           VAL           33.03           674    479      0     8.991     7.800     1.000     0.0774      0.0000      0.0000      0.0000
18      A         E           18           ALA           37.49           674    479      0     8.991     7.800     1.000     0.0779      0.0000      0.0000      0.0000
19      A         E           19           LEU           41.69           674    479      0     8.991     7.800     1.000     0.0789      0.0000      0.0000      0.0000
20      A         E           20           THR           46.41           674    479      0     8.991     7.800     1.000     0.0812      0.0000      0.0000      0.0000
21      A         E           21           GLU           57.43           674    479      0     8.991     7.800     1.000     0.0831      0.0000      0.0000      0.0000
22      A         E           22           THR           69.75           674    479      0     8.991     7.800     1.000     0.0966      0.0000      0.0000      0.0000
23      A         E           23           TRP           74.79           674    479      0     8.991     7.800     1.000     0.1247      0.0000      0.0000      0.0000
24      A         E           24           ALA           71.75           674    479      0     8.991     7.800     1.000     0.1078      0.0000      0.0000      0.0000
25      A         E           25           GLY           85.79           674    479      0     8.991     7.800     1.000     0.1407      0.0000      0.0000      0.0000
26      A         E           26           SER           93.45           674    479     38     8.991     7.800     1.726     0.3059      0.5158      0.4457      0.0386
27      A         E           27           HIS           96.51           674    479    141     8.991     7.800     4.416     0.4217      0.5594      0.4905      0.2414
28      A         E           28           SER           97.50           674    479    123     8.991     7.800     4.105     0.4107      0.5659      0.4972      0.2208
29      A         E           29           MET           98.14           674    479    196     8.991     7.800     5.214     0.4558      0.5584      0.4896      0.3049
30      A         E           30           ARG           98.12           674    479    171     8.991     7.800     4.875     0.4449      0.5692      0.5010      0.2885
31      A         E           31           TYR           98.34           674    479    219     8.991     7.800     5.500     0.4907      0.5871      0.5188      0.3536
32      A         E           32           PHE           98.53           674    479    228     8.991     7.800     5.605     0.5105      0.6068      0.5396      0.3824
33      A         E           33           TYR           98.49           674    479    223     8.991     7.800     5.547     0.4994      0.5969      0.5293      0.3679
34      A         E           34           THR           98.42           674    479    212     8.991     7.800     5.415     0.4861      0.5903      0.5225      0.3511
35      A         E           35           ALA           98.26           674    479    199     8.991     7.800     5.253     0.4667      0.5716      0.5037      0.3219
36      A         E           36           MET           97.52           674    479    113     8.991     7.800     3.917     0.4152      0.5940      0.5266      0.2276
37      A         E           37           SER           97.27           674    479    154     8.991     7.800     4.623     0.4395      0.5716      0.5036      0.2701
38      A         E           38           ARG           95.60           674    479     96     8.991     7.800     3.565     0.3834      0.5757      0.5072      0.1830
39      A         E           39           PRO           94.82           674    479     77     8.991     7.800     3.108     0.3445      0.5449      0.4751      0.1284
40      A         E           40           GLY           92.68           674    479     66     8.991     7.800     2.798     0.3117      0.5228      0.4528      0.0979
41      A         E           41           ARG           92.13           674    479     77     8.991     7.800     3.108     0.3364      0.5436      0.4740      0.1281
42      A         E           42           GLY           89.93           674    479     82     8.991     7.800     3.236     0.3482      0.5570      0.4877      0.1445
43      A         E           43           GLU           90.70           674    479    114     8.991     7.800     3.936     0.4133      0.5869      0.5189      0.2223
44      A         E           44           PRO           95.51           674    479    205     8.991     7.800     5.329     0.4778      0.5840      0.5163      0.3391
45      A         E           45           ARG           97.15           674    479    221     8.991     7.800     5.523     0.4943      0.5928      0.5254      0.3632
46      A         E           46           PHE           97.56           674    479    221     8.991     7.800     5.523     0.4938      0.5909      0.5231      0.3602
47      A         E           47           ILE           98.23           674    479    220     8.991     7.800     5.511     0.4942      0.5944      0.5269      0.3630
48      A         E           48           ALA           98.34           674    479    207     8.991     7.800     5.354     0.4706      0.5718      0.5034      0.3285
49      A         E           49           VAL           98.40           674    479    203     8.991     7.800     5.304     0.4641      0.5686      0.5003      0.3221
50      A         E           50           GLY           98.25           674    479    138     8.991     7.800     4.367     0.4287      0.5728      0.5044      0.2483
51      A         E           51           TYR           98.13           674    479    209     8.991     7.800     5.378     0.4808      0.5857      0.5178      0.3436
52      A         E           52           VAL           98.02           674    479    211     8.991     7.800     5.403     0.4792      0.5808      0.5124      0.3399
53      A         E           53           ASP           96.63           674    479    146     8.991     7.800     4.498     0.4239      0.5578      0.4888      0.2463
54      A         E           54           ASP           96.34           674    479    112     8.991     7.800     3.897     0.3984      0.5566      0.4872      0.1957
55      A         E           55           THR           97.16           674    479    177     8.991     7.800     4.960     0.4442      0.5629      0.4943      0.2887
56      A         E           56           GLN           97.98           674    479    209     8.991     7.800     5.378     0.4740      0.5754      0.5068      0.3328
57      A         E           57           PHE           98.01           674    479    190     8.991     7.800     5.136     0.4571      0.5681      0.4997      0.3079
58      A         E           58           VAL           97.98           674    479    172     8.991     7.800     4.889     0.4426      0.5605      0.4917      0.2804
59      A         E           59           ARG           97.85           674    479    168     8.991     7.800     4.832     0.4466      0.5724      0.5044      0.2879
60      A         E           60           PHE           98.16           674    479    214     8.991     7.800     5.439     0.4864      0.5866      0.5184      0.3486
61      A         E           61           ASP           97.55           674    479    209     8.991     7.800     5.378     0.4824      0.5894      0.5218      0.3479
62      A         E           62           SER           96.50           674    479    204     8.991     7.800     5.316     0.4691      0.5718      0.5040      0.3272
63      A         E           63           ASP           94.68           674    479    123     8.991     7.800     4.105     0.4210      0.5856      0.5175      0.2359
64      A         E           64           ALA           93.75           674    479     72     8.991     7.800     2.972     0.3281      0.5426      0.4729      0.1181
65      A         E           65           ALA           91.80           674    479     33     8.991     7.800     1.450     0.2675      0.5073      0.4372      0.0265
66      A         E           66           SER           91.66           674    479     43     8.991     7.800     1.965     0.2809      0.5259      0.4558      0.0514
67      A         E           67           PRO           93.96           674    479     82     8.991     7.800     3.236     0.3406      0.5426      0.4730      0.1370
68      A         E           68           ARG           95.58           674    479    116     8.991     7.800     3.975     0.4022      0.5776      0.5088      0.2169
69      A         E           69           THR           97.36           674    479    191     8.991     7.800     5.149     0.4594      0.5705      0.5022      0.3112
70      A         E           70           GLU           97.17           674    479    204     8.991     7.800     5.316     0.4700      0.5770      0.5090      0.3312
71      A         E           71           PRO           97.51           674    479    196     8.991     7.800     5.214     0.4616      0.5735      0.5052      0.3188
72      A         E           72           ARG           96.70           674    479    178     8.991     7.800     4.974     0.4439      0.5626      0.4939      0.2894
73      A         E           73           ALA           96.52           674    479    123     8.991     7.800     4.105     0.4081      0.5673      0.4982      0.2203
74      A         E           74           PRO           96.17           674    479    111     8.991     7.800     3.878     0.3887      0.5521      0.4822      0.1898
75      A         E           75           TRP           97.00           674    479    168     8.991     7.800     4.832     0.4390      0.5662      0.4974      0.2801
76      A         E           76           ILE           97.65           674    479    174     8.991     7.800     4.918     0.4413      0.5593      0.4903      0.2811
77      A         E           77           GLU           96.57           674    479    145     8.991     7.800     4.482     0.4219      0.5612      0.4919      0.2463
78      A         E           78           GLN           95.30           674    479     90     8.991     7.800     3.429     0.3518      0.5268      0.4568      0.1418
79      A         E           79           GLU           95.58           674    479    120     8.991     7.800     4.050     0.4009      0.5576      0.4881      0.2080
80      A         E           80           GLY           94.24           674    479    104     8.991     7.800     3.736     0.3710      0.5487      0.4790      0.1773
81      A         E           81           PRO           93.29           674    479    148     8.991     7.800     4.530     0.4298      0.5745      0.5060      0.2626
82      A         E           82           GLU           89.48           674    479    169     8.991     7.800     4.847     0.4434      0.5706      0.5025      0.2875
83      A         E           83           TYR           94.33           674    479    215     8.991     7.800     5.452     0.4917      0.5947      0.5270      0.3580
84      A         E           84           TRP           95.61           674    479    216     8.991     7.800     5.464     0.5056      0.6134      0.5467      0.3777
85      A         E           85           ASP           91.19           674    479    216     8.991     7.800     5.464     0.4940      0.5968      0.5295      0.3622
86      A         E           86           ARG           91.58           674    479    207     8.991     7.800     5.354     0.4780      0.5847      0.5171      0.3420
87      A         E           87           ASN           94.44           674    479    213     8.991     7.800     5.427     0.4904      0.5960      0.5287      0.3584
88      A         E           88           THR           94.49           674    479    234     8.991     7.800     5.674     0.5144      0.6072      0.5403      0.3891
89      A         E           89           GLN           91.05           674    479    215     8.991     7.800     5.452     0.4963      0.6002      0.5336      0.3663
90      A         E           90           ILE           93.71           674    479    235     8.991     7.800     5.686     0.5287      0.6223      0.5564      0.4064
91      A         E           91           PHE           95.47           674    479    240     8.991     7.800     5.742     0.5351      0.6272      0.5614      0.4157
92      A         E           92           LYS           92.10           674    479    240     8.991     7.800     5.742     0.5360      0.6262      0.5610      0.4169
93      A         E           93           THR           91.98           674    479    230     8.991     7.800     5.629     0.5307      0.6311      0.5665      0.4142
94      A         E           94           ASN           94.48           674    479    232     8.991     7.800     5.651     0.5287      0.6282      0.5630      0.4115
95      A         E           95           THR           93.97           674    479    238     8.991     7.800     5.720     0.5268      0.6195      0.5537      0.4076
96      A         E           96           GLN           90.09           674    479    213     8.991     7.800     5.427     0.5071      0.6183      0.5532      0.3848
97      A         E           97           THR           93.13           674    479    224     8.991     7.800     5.559     0.5263      0.6320      0.5675      0.4095
98      A         E           98           TYR           95.52           674    479    238     8.991     7.800     5.720     0.5418      0.6359      0.5711      0.4247
99      A         E           99           ARG           93.39           674    479    241     8.991     7.800     5.753     0.5421      0.6334      0.5683      0.4244
100     A         E          100           GLU           92.27           674    479    220     8.991     7.800     5.511     0.5138      0.6186      0.5530      0.3903
101     A         E          101           ASN           95.78           674    479    238     8.991     7.800     5.720     0.5267      0.6155      0.5494      0.4027
102     A         E          102           LEU           96.18           674    479    239     8.991     7.800     5.731     0.5305      0.6177      0.5514      0.4048
103     A         E          103           ARG           92.61           674    479    227     8.991     7.800     5.594     0.5150      0.6103      0.5442      0.3880
104     A         E          104           ILE           94.66           674    479    231     8.991     7.800     5.640     0.5153      0.6055      0.5391      0.3869
105     A         E          105           ALA           96.84           674    479    222     8.991     7.800     5.535     0.5002      0.5922      0.5250      0.3642
106     A         E          106           LEU           96.24           674    479    226     8.991     7.800     5.582     0.5028      0.5927      0.5252      0.3677
107     A         E          107           ARG           94.23           674    479    215     8.991     7.800     5.452     0.4907      0.5858      0.5184      0.3512
108     A         E          108           TYR           96.16           674    479    227     8.991     7.800     5.594     0.5019      0.5874      0.5196      0.3630
109     A         E          109           TYR           96.92           674    479    218     8.991     7.800     5.488     0.4928      0.5870      0.5195      0.3549
110     A         E          110           ASN           96.87           674    479    160     8.991     7.800     4.714     0.4409      0.5660      0.4978      0.2726
111     A         E          111           GLN           96.48           674    479    136     8.991     7.800     4.333     0.4241      0.5630      0.4945      0.2382
112     A         E          112           SER           95.82           674    479     82     8.991     7.800     3.236     0.3647      0.5565      0.4869      0.1436
113     A         E          113           GLU           92.69           674    479     72     8.991     7.800     2.972     0.3379      0.5298      0.4598      0.1118
114     A         E          114           ALA           94.36           674    479     56     8.991     7.800     2.476     0.3192      0.5313      0.4611      0.0807
115     A         E          115           GLY           95.08           674    479     61     8.991     7.800     2.643     0.3240      0.5372      0.4672      0.0932
116     A         E          116           SER           96.69           674    479    116     8.991     7.800     3.975     0.4134      0.5793      0.5111      0.2202
117     A         E          117           HIS           97.81           674    479    201     8.991     7.800     5.278     0.4770      0.5806      0.5128      0.3316
118     A         E          118           THR           98.13           674    479    193     8.991     7.800     5.175     0.4619      0.5696      0.5017      0.3140
119     A         E          119           TRP           98.43           674    479    206     8.991     7.800     5.341     0.4805      0.5821      0.5141      0.3374
120     A         E          120           GLN           98.31           674    479    210     8.991     7.800     5.391     0.4784      0.5802      0.5120      0.3389
121     A         E          121           THR           98.39           674    479    190     8.991     7.800     5.136     0.4518      0.5586      0.4903      0.3007
122     A         E          122           MET           98.30           674    479    112     8.991     7.800     3.897     0.4072      0.5807      0.5130      0.2171
123     A         E          123           TYR           98.24           674    479    200     8.991     7.800     5.266     0.4561      0.5579      0.4890      0.3084
124     A         E          124           GLY           98.04           674    479    104     8.991     7.800     3.736     0.3952      0.5637      0.4947      0.1888
125     A         E          125           CYS           97.83           674    479    137     8.991     7.800     4.350     0.4190      0.5606      0.4918      0.2370
126     A         E          126           ASP           97.87           674    479    184     8.991     7.800     5.056     0.4502      0.5624      0.4940      0.2971
127     A         E          127           VAL           97.31           674    479    143     8.991     7.800     4.449     0.4208      0.5530      0.4840      0.2391
128     A         E          128           GLY           95.47           674    479     55     8.991     7.800     2.441     0.3283      0.5226      0.4527      0.0767
129     A         E          129           PRO           93.16           674    479     36     8.991     7.800     1.621     0.3069      0.5047      0.4347      0.0327
130     A         E          130           ASP           93.42           674    479     12     8.991     7.800     1.000     0.2684      0.5069      0.4367      0.0127
131     A         E          131           GLY           92.93           674    479     25     8.991     7.800     1.000     0.2978      0.5125      0.4425      0.0132
132     A         E          132           ARG           94.48           674    479     42     8.991     7.800     1.920     0.3224      0.5159      0.4461      0.0477
133     A         E          133           LEU           96.69           674    479    143     8.991     7.800     4.449     0.4151      0.5359      0.4663      0.2250
134     A         E          134           LEU           96.65           674    479    118     8.991     7.800     4.013     0.3990      0.5393      0.4697      0.1935
135     A         E          135           ARG           97.00           674    479     85     8.991     7.800     3.310     0.3690      0.5494      0.4802      0.1476
136     A         E          136           GLY           97.72           674    479    114     8.991     7.800     3.936     0.4079      0.5578      0.4887      0.2010
137     A         E          137           HIS           98.02           674    479    172     8.991     7.800     4.889     0.4482      0.5712      0.5032      0.2917
138     A         E          138           ASN           98.12           674    479    165     8.991     7.800     4.788     0.4350      0.5524      0.4837      0.2672
139     A         E          139           GLN           97.84           674    479     95     8.991     7.800     3.543     0.3885      0.5756      0.5074      0.1828
140     A         E          140           TYR           98.24           674    479    209     8.991     7.800     5.378     0.4788      0.5781      0.5101      0.3371
141     A         E          141           ALA           98.38           674    479    207     8.991     7.800     5.354     0.4787      0.5786      0.5108      0.3362
142     A         E          142           TYR           98.22           674    479    234     8.991     7.800     5.674     0.5100      0.5970      0.5294      0.3782
143     A         E          143           ASP           97.81           674    479    211     8.991     7.800     5.403     0.4829      0.5808      0.5129      0.3417
144     A         E          144           GLY           97.40           674    479    106     8.991     7.800     3.777     0.4021      0.5778      0.5094      0.2022
145     A         E          145           LYS           97.48           674    479    138     8.991     7.800     4.367     0.4251      0.5633      0.4949      0.2418
146     A         E          146           ASP           97.85           674    479    208     8.991     7.800     5.366     0.4781      0.5754      0.5073      0.3335
147     A         E          147           TYR           98.29           674    479    229     8.991     7.800     5.617     0.5018      0.5889      0.5210      0.3655
148     A         E          148           ILE           98.23           674    479    218     8.991     7.800     5.488     0.4823      0.5733      0.5049      0.3404
149     A         E          149           ALA           98.03           674    479    192     8.991     7.800     5.162     0.4666      0.5736      0.5055      0.3159
150     A         E          150           LEU           98.04           674    479    218     8.991     7.800     5.488     0.4838      0.5752      0.5067      0.3418
151     A         E          151           ASN           97.86           674    479    210     8.991     7.800     5.391     0.4698      0.5645      0.4959      0.3246
152     A         E          152           GLU           97.19           674    479    140     8.991     7.800     4.400     0.4175      0.5493      0.4802      0.2323
153     A         E          153           ASP           97.24           674    479    155     8.991     7.800     4.639     0.4259      0.5456      0.4764      0.2483
154     A         E          154           LEU           97.19           674    479    190     8.991     7.800     5.136     0.4531      0.5585      0.4896      0.2987
155     A         E          155           SER           96.47           674    479    132     8.991     7.800     4.265     0.4110      0.5442      0.4750      0.2178
156     A         E          156           SER           97.49           674    479    157     8.991     7.800     4.669     0.4294      0.5455      0.4763      0.2507
157     A         E          157           TRP           97.98           674    479    211     8.991     7.800     5.403     0.4780      0.5734      0.5050      0.3337
158     A         E          158           THR           98.02           674    479    211     8.991     7.800     5.403     0.4729      0.5670      0.4984      0.3279
159     A         E          159           ALA           97.86           674    479    181     8.991     7.800     5.015     0.4487      0.5551      0.4863      0.2866
160     A         E          160           ALA           97.30           674    479    113     8.991     7.800     3.917     0.4053      0.5562      0.4873      0.1988
161     A         E          161           ASP           97.05           674    479    101     8.991     7.800     3.673     0.3943      0.5566      0.4874      0.1788
162     A         E          162           THR           96.94           674    479    163     8.991     7.800     4.759     0.4395      0.5581      0.4893      0.2685
163     A         E          163           ALA           97.09           674    479    200     8.991     7.800     5.266     0.4697      0.5706      0.5023      0.3206
164     A         E          164           ALA           97.76           674    479    210     8.991     7.800     5.391     0.4813      0.5765      0.5084      0.3362
165     A         E          165           GLN           97.40           674    479    234     8.991     7.800     5.674     0.5106      0.5954      0.5278      0.3767
166     A         E          166           ILE           96.12           674    479    236     8.991     7.800     5.697     0.5138      0.5980      0.5306      0.3816
167     A         E          167           THR           96.80           674    479    236     8.991     7.800     5.697     0.5132      0.5961      0.5286      0.3795
168     A         E          168           GLN           97.41           674    479    238     8.991     7.800     5.720     0.5246      0.6075      0.5403      0.3924
169     A         E          169           ARG           95.73           674    479    233     8.991     7.800     5.663     0.5130      0.5970      0.5299      0.3790
170     A         E          170           LYS           93.15           674    479    207     8.991     7.800     5.354     0.4842      0.5830      0.5156      0.3417
171     A         E          171           TRP           94.48           674    479    231     8.991     7.800     5.640     0.5049      0.5928      0.5256      0.3733
172     A         E          172           GLU           93.84           674    479    232     8.991     7.800     5.651     0.5013      0.5859      0.5182      0.3667
173     A         E          173           ALA           90.15           674    479    177     8.991     7.800     4.960     0.4532      0.5673      0.4992      0.2945
174     A         E          174           ALA           86.70           674    479    130     8.991     7.800     4.230     0.4203      0.5712      0.5035      0.2393
175     A         E          175           ARG           87.83           674    479    145     8.991     7.800     4.482     0.4263      0.5583      0.4902      0.2494
176     A         E          176           GLU           92.78           674    479    176     8.991     7.800     4.946     0.4521      0.5699      0.5024      0.2976
177     A         E          177           ALA           94.78           674    479    221     8.991     7.800     5.523     0.4853      0.5753      0.5074      0.3467
178     A         E          178           GLU           91.16           674    479    212     8.991     7.800     5.415     0.4826      0.5801      0.5120      0.3415
179     A         E          179           GLN           91.20           674    479    219     8.991     7.800     5.500     0.4942      0.5918      0.5245      0.3609
180     A         E          180           LEU           95.04           674    479    232     8.991     7.800     5.651     0.5029      0.5916      0.5241      0.3721
181     A         E          181           ARG           95.74           674    479    238     8.991     7.800     5.720     0.5191      0.6064      0.5393      0.3916
182     A         E          182           ALA           92.88           674    479    220     8.991     7.800     5.511     0.4965      0.5926      0.5250      0.3615
183     A         E          183           TYR           95.06           674    479    240     8.991     7.800     5.742     0.5211      0.6083      0.5413      0.3953
184     A         E          184           LEU           96.99           674    479    236     8.991     7.800     5.697     0.5148      0.6019      0.5344      0.3847
185     A         E          185           GLU           95.63           674    479    217     8.991     7.800     5.476     0.4796      0.5739      0.5054      0.3399
186     A         E          186           GLY           93.65           674    479    136     8.991     7.800     4.333     0.4197      0.5541      0.4852      0.2314
187     A         E          187           LEU           94.00           674    479    205     8.991     7.800     5.329     0.4735      0.5768      0.5085      0.3309
188     A         E          188           CYS           96.69           674    479    218     8.991     7.800     5.488     0.4888      0.5866      0.5185      0.3525
189     A         E          189           VAL           97.27           674    479    222     8.991     7.800     5.535     0.4887      0.5837      0.5157      0.3543
190     A         E          190           GLU           95.56           674    479    211     8.991     7.800     5.403     0.4810      0.5825      0.5144      0.3423
191     A         E          191           TRP           96.70           674    479    215     8.991     7.800     5.452     0.4925      0.5948      0.5271      0.3577
192     A         E          192           LEU           97.39           674    479    231     8.991     7.800     5.640     0.5124      0.6054      0.5382      0.3839
193     A         E          193           ARG           96.55           674    479    221     8.991     7.800     5.523     0.4935      0.5929      0.5251      0.3617
194     A         E          194           ARG           96.68           674    479    221     8.991     7.800     5.523     0.4917      0.5902      0.5220      0.3584
195     A         E          195           HIS           97.37           674    479    220     8.991     7.800     5.511     0.4953      0.5957      0.5280      0.3634
196     A         E          196           LEU           96.49           674    479    217     8.991     7.800     5.476     0.4922      0.5948      0.5269      0.3594
197     A         E          197           GLU           95.43           674    479    165     8.991     7.800     4.788     0.4304      0.5529      0.4836      0.2649
198     A         E          198           ASN           96.41           674    479    155     8.991     7.800     4.639     0.4231      0.5471      0.4775      0.2474
199     A         E          199           GLY           95.99           674    479     71     8.991     7.800     2.944     0.3397      0.5161      0.4458      0.1038
200     A         E          200           LYS           95.00           674    479     69     8.991     7.800     2.887     0.3427      0.5142      0.4440      0.0998
201     A         E          201           GLU           94.78           674    479     40     8.991     7.800     1.826     0.3109      0.4943      0.4242      0.0391
202     A         E          202           THR           94.93           674    479     48     8.991     7.800     2.177     0.3184      0.5002      0.4300      0.0561
203     A         E          203           LEU           95.75           674    479    102     8.991     7.800     3.694     0.3846      0.5356      0.4655      0.1654
204     A         E          204           GLN           94.29           674    479     89     8.991     7.800     3.406     0.3561      0.5139      0.4438      0.1335
205     A         E          205           ARG           94.13           674    479     38     8.991     7.800     1.726     0.3117      0.4956      0.4253      0.0352
206     A         E          206           ALA           94.80           674    479     43     8.991     7.800     1.965     0.3172      0.4965      0.4263      0.0454
207     A         E          207           ASP           96.35           674    479     75     8.991     7.800     3.054     0.3416      0.4998      0.4297      0.1044
208     A         E          208           PRO           96.56           674    479     35     8.991     7.800     1.566     0.3100      0.4818      0.4118      0.0275
209     A         E          209           PRO           97.12           674    479     61     8.991     7.800     2.643     0.3280      0.4872      0.4172      0.0764
210     A         E          210           LYS           96.61           674    479     62     8.991     7.800     2.675     0.3320      0.4868      0.4169      0.0780
211     A         E          211           THR           96.07           674    479     33     8.991     7.800     1.450     0.3071      0.4794      0.4095      0.0235
212     A         E          212           HIS           95.41           674    479     27     8.991     7.800     1.039     0.3047      0.4716      0.4018      0.0118
213     A         E          213           VAL           95.31           674    479     64     8.991     7.800     2.738     0.3260      0.4767      0.4069      0.0781
214     A         E          214           THR           94.66           674    479     27     8.991     7.800     1.039     0.2992      0.4669      0.3974      0.0116
215     A         E          215           HIS           94.05           674    479      0     8.991     7.800     1.000     0.2813      0.0000      0.0000      0.0000
216     A         E          216           HIS           94.01           674    479      0     8.991     7.800     1.000     0.2567      0.0000      0.0000      0.0000
217     A         E          217           PRO           93.59           674    479      0     8.991     7.800     1.000     0.1988      0.0000      0.0000      0.0000
218     A         E          218           VAL           93.07           674    479      0     8.991     7.800     1.000     0.1742      0.0000      0.0000      0.0000
219     A         E          219           SER           93.33           674    479      0     8.991     7.800     1.000     0.1618      0.0000      0.0000      0.0000
220     A         E          220           ASP           93.53           674    479      0     8.991     7.800     1.000     0.1440      0.0000      0.0000      0.0000
221     A         E          221           HIS           94.49           674    479      0     8.991     7.800     1.000     0.1361      0.0000      0.0000      0.0000
222     A         E          222           GLU           93.79           674    479      0     8.991     7.800     1.000     0.1765      0.0000      0.0000      0.0000
223     A         E          223           ALA           93.94           674    479      0     8.991     7.800     1.000     0.2260      0.0000      0.0000      0.0000
224     A         E          224           THR           95.12           674    479      8     8.991     7.800     1.000     0.2847      0.4609      0.3915      0.0105
225     A         E          225           LEU           95.30           674    479     56     8.991     7.800     2.476     0.3199      0.4731      0.4033      0.0639
226     A         E          226           ARG           96.26           674    479     66     8.991     7.800     2.798     0.3296      0.4849      0.4148      0.0839
227     A         E          227           CYS           96.40           674    479     73     8.991     7.800     3.000     0.3347      0.4936      0.4234      0.0984
228     A         E          228           TRP           96.68           674    479     88     8.991     7.800     3.382     0.3516      0.4995      0.4291      0.1244
229     A         E          229           ALA           96.95           674    479    101     8.991     7.800     3.673     0.3709      0.5154      0.4450      0.1518
230     A         E          230           LEU           96.86           674    479     93     8.991     7.800     3.498     0.3546      0.4983      0.4280      0.1315
231     A         E          231           GLY           96.43           674    479     37     8.991     7.800     1.675     0.3125      0.4916      0.4214      0.0326
232     A         E          232           PHE           97.17           674    479    118     8.991     7.800     4.013     0.3945      0.5368      0.4666      0.1900
233     A         E          233           TYR           96.57           674    479     94     8.991     7.800     3.521     0.3689      0.5199      0.4497      0.1440
234     A         E          234           PRO           95.80           674    479     64     8.991     7.800     2.738     0.3327      0.5015      0.4313      0.0860
235     A         E          235           ALA           96.54           674    479     70     8.991     7.800     2.916     0.3376      0.5005      0.4304      0.0963
236     A         E          236           GLU           95.94           674    479     80     8.991     7.800     3.186     0.3501      0.5051      0.4349      0.1148
237     A         E          237           ILE           96.76           674    479     93     8.991     7.800     3.498     0.3588      0.5106      0.4404      0.1378
238     A         E          238           THR           96.27           674    479     40     8.991     7.800     1.826     0.3188      0.4889      0.4188      0.0382
239     A         E          239           LEU           95.46           674    479      3     8.991     7.800     1.000     0.2649      0.4604      0.3911      0.0104
240     A         E          240           THR           95.61           674    479     12     8.991     7.800     1.000     0.2806      0.4675      0.3979      0.0108
241     A         E          241           TRP           96.20           674    479     30     8.991     7.800     1.258     0.3099      0.4755      0.4057      0.0175
242     A         E          242           GLN           95.43           674    479      0     8.991     7.800     1.000     0.2618      0.0000      0.0000      0.0000
243     A         E          243           ARG           94.66           674    479      0     8.991     7.800     1.000     0.2181      0.0000      0.0000      0.0000
244     A         E          244           ASP           93.63           674    479      0     8.991     7.800     1.000     0.1842      0.0000      0.0000      0.0000
245     A         E          245           GLY           91.64           674    479      0     8.991     7.800     1.000     0.1519      0.0000      0.0000      0.0000
246     A         E          246           GLU           92.91           674    479      0     8.991     7.800     1.000     0.1702      0.0000      0.0000      0.0000
247     A         E          247           ASP           92.94           674    479      0     8.991     7.800     1.000     0.1949      0.0000      0.0000      0.0000
248     A         E          248           GLN           91.18           674    479      0     8.991     7.800     1.000     0.1691      0.0000      0.0000      0.0000
249     A         E          249           THR           89.33           674    479      0     8.991     7.800     1.000     0.1423      0.0000      0.0000      0.0000
250     A         E          250           GLN           86.75           674    479      0     8.991     7.800     1.000     0.1203      0.0000      0.0000      0.0000
251     A         E          251           ASP           88.87           674    479      0     8.991     7.800     1.000     0.1270      0.0000      0.0000      0.0000
252     A         E          252           THR           92.77           674    479      0     8.991     7.800     1.000     0.2006      0.0000      0.0000      0.0000
253     A         E          253           GLU           94.59           674    479      0     8.991     7.800     1.000     0.2655      0.0000      0.0000      0.0000
254     A         E          254           LEU           95.14           674    479      2     8.991     7.800     1.000     0.2697      0.4545      0.3854      0.0102
255     A         E          255           VAL           95.44           674    479     29     8.991     7.800     1.189     0.3089      0.4754      0.4055      0.0156
256     A         E          256           GLU           95.51           674    479     47     8.991     7.800     2.137     0.3231      0.4889      0.4187      0.0515
257     A         E          257           THR           97.12           674    479    113     8.991     7.800     3.917     0.3931      0.5392      0.4690      0.1841
258     A         E          258           ARG           97.63           674    479     95     8.991     7.800     3.543     0.3654      0.5258      0.4555      0.1486
259     A         E          259           PRO           97.43           674    479     99     8.991     7.800     3.631     0.3782      0.5325      0.4622      0.1586
260     A         E          260           ALA           96.69           674    479     71     8.991     7.800     2.944     0.3385      0.4949      0.4247      0.0957
261     A         E          261           GLY           95.30           674    479     28     8.991     7.800     1.116     0.2951      0.4854      0.4153      0.0144
262     A         E          262           ASP           94.60           674    479      3     8.991     7.800     1.000     0.2732      0.4622      0.3928      0.0105
263     A         E          263           ARG           95.03           674    479     18     8.991     7.800     1.000     0.2801      0.4815      0.4115      0.0114
264     A         E          264           THR           96.10           674    479     80     8.991     7.800     3.186     0.3478      0.5025      0.4322      0.1134
265     A         E          265           PHE           97.55           674    479    147     8.991     7.800     4.514     0.4153      0.5439      0.4740      0.2345
266     A         E          266           GLN           97.52           674    479    110     8.991     7.800     3.858     0.3842      0.5305      0.4601      0.1737
267     A         E          267           LYS           97.39           674    479    106     8.991     7.800     3.777     0.3810      0.5272      0.4568      0.1660
268     A         E          268           TRP           96.53           674    479     86     8.991     7.800     3.335     0.3461      0.4981      0.4279      0.1208
269     A         E          269           ALA           96.39           674    479     57     8.991     7.800     2.510     0.3268      0.4791      0.4092      0.0672
270     A         E          270           ALA           96.05           674    479     12     8.991     7.800     1.000     0.2895      0.4636      0.3942      0.0106
271     A         E          271           VAL           95.29           674    479      2     8.991     7.800     1.000     0.2658      0.4725      0.4027      0.0110
272     A         E          272           VAL           95.17           674    479      1     8.991     7.800     1.000     0.2744      0.4570      0.3878      0.0103
273     A         E          273           VAL           94.71           674    479      0     8.991     7.800     1.000     0.2313      0.0000      0.0000      0.0000
274     A         E          274           PRO           94.52           674    479      0     8.991     7.800     1.000     0.2177      0.0000      0.0000      0.0000
275     A         E          275           SER           92.64           674    479      0     8.991     7.800     1.000     0.1717      0.0000      0.0000      0.0000
276     A         E          276           GLY           92.27           674    479      0     8.991     7.800     1.000     0.1511      0.0000      0.0000      0.0000
277     A         E          277           GLU           92.88           674    479      0     8.991     7.800     1.000     0.1856      0.0000      0.0000      0.0000
278     A         E          278           GLU           92.82           674    479      0     8.991     7.800     1.000     0.2131      0.0000      0.0000      0.0000
279     A         E          279           GLN           94.12           674    479      0     8.991     7.800     1.000     0.2212      0.0000      0.0000      0.0000
280     A         E          280           ARG           94.56           674    479      0     8.991     7.800     1.000     0.2328      0.0000      0.0000      0.0000
281     A         E          281           TYR           95.39           674    479      5     8.991     7.800     1.000     0.2796      0.4642      0.3947      0.0106
282     A         E          282           THR           95.87           674    479      6     8.991     7.800     1.000     0.2783      0.4605      0.3911      0.0105
283     A         E          283           CYS           95.99           674    479     25     8.991     7.800     1.000     0.2913      0.4785      0.4086      0.0113
284     A         E          284           HIS           96.27           674    479     31     8.991     7.800     1.325     0.3142      0.4790      0.4090      0.0196
285     A         E          285           VAL           96.82           674    479     69     8.991     7.800     2.887     0.3348      0.4902      0.4201      0.0907
286     A         E          286           GLN           96.66           674    479     38     8.991     7.800     1.726     0.3151      0.4830      0.4130      0.0334
287     A         E          287           HIS           96.40           674    479     55     8.991     7.800     2.441     0.3254      0.4919      0.4219      0.0671
288     A         E          288           GLU           94.20           674    479      2     8.991     7.800     1.000     0.2498      0.4520      0.3830      0.0101
289     A         E          289           GLY           93.95           674    479      2     8.991     7.800     1.000     0.2543      0.4570      0.3878      0.0103
290     A         E          290           LEU           95.01           674    479     11     8.991     7.800     1.000     0.2776      0.4694      0.3997      0.0108
291     A         E          291           PRO           93.99           674    479      0     8.991     7.800     1.000     0.2145      0.0000      0.0000      0.0000
292     A         E          292           LYS           95.32           674    479      0     8.991     7.800     1.000     0.2095      0.0000      0.0000      0.0000
293     A         E          293           PRO           95.28           674    479      0     8.991     7.800     1.000     0.2400      0.0000      0.0000      0.0000
294     A         E          294           LEU           95.47           674    479      0     8.991     7.800     1.000     0.2521      0.0000      0.0000      0.0000
295     A         E          295           THR           95.74           674    479      2     8.991     7.800     1.000     0.2686      0.4520      0.3830      0.0101
296     A         E          296           LEU           94.89           674    479      0     8.991     7.800     1.000     0.2403      0.0000      0.0000      0.0000
297     A         E          297           ARG           93.56           674    479      0     8.991     7.800     1.000     0.2251      0.0000      0.0000      0.0000
298     A         E          298           TRP           93.15           674    479      0     8.991     7.800     1.000     0.1927      0.0000      0.0000      0.0000
299     A         E          299           GLU           87.57           674    479      0     8.991     7.800     1.000     0.1204      0.0000      0.0000      0.0000
300     A         E          300           PRO           82.86           674    479      0     8.991     7.800     1.000     0.1073      0.0000      0.0000      0.0000
301     A         E          301           SER           72.51           674    479      0     8.991     7.800     1.000     0.0851      0.0000      0.0000      0.0000
302     A         E          302           SER           56.68           674    479      0     8.991     7.800     1.000     0.0801      0.0000      0.0000      0.0000
303     A         E          303           GLN           40.56           674    479      0     8.991     7.800     1.000     0.0779      0.0000      0.0000      0.0000
304     A         E          304           SER           39.22           674    479      0     8.991     7.800     1.000     0.0767      0.0000      0.0000      0.0000
305     A         E          305           THR           34.98           674    479      0     8.991     7.800     1.000     0.0761      0.0000      0.0000      0.0000
306     A         E          306           ILE           40.11           674    479      0     8.991     7.800     1.000     0.0760      0.0000      0.0000      0.0000
307     A         E          307           PRO           37.71           674    479      0     8.991     7.800     1.000     0.0757      0.0000      0.0000      0.0000
308     A         E          308           ILE           41.51           674    479      0     8.991     7.800     1.000     0.0760      0.0000      0.0000      0.0000
309     A         E          309           VAL           41.44           674    479      0     8.991     7.800     1.000     0.0760      0.0000      0.0000      0.0000
310     A         E          310           GLY           42.32           674    479      0     8.991     7.800     1.000     0.0759      0.0000      0.0000      0.0000
311     A         E          311           ILE           47.16           674    479      0     8.991     7.800     1.000     0.0762      0.0000      0.0000      0.0000
312     A         E          312           VAL           49.83           674    479      0     8.991     7.800     1.000     0.0765      0.0000      0.0000      0.0000
313     A         E          313           ALA           50.06           674    479      0     8.991     7.800     1.000     0.0762      0.0000      0.0000      0.0000
314     A         E          314           GLY           50.72           674    479      0     8.991     7.800     1.000     0.0761      0.0000      0.0000      0.0000
315     A         E          315           LEU           54.43           674    479      0     8.991     7.800     1.000     0.0765      0.0000      0.0000      0.0000
316     A         E          316           ALA           54.28           674    479      0     8.991     7.800     1.000     0.0763      0.0000      0.0000      0.0000
317     A         E          317           VAL           55.00           674    479      0     8.991     7.800     1.000     0.0762      0.0000      0.0000      0.0000
318     A         E          318           LEU           54.51           674    479      0     8.991     7.800     1.000     0.0762      0.0000      0.0000      0.0000
319     A         E          319           ALA           56.91           674    479      0     8.991     7.800     1.000     0.0760      0.0000      0.0000      0.0000
320     A         E          320           VAL           57.16           674    479      0     8.991     7.800     1.000     0.0758      0.0000      0.0000      0.0000
321     A         E          321           VAL           61.94           674    479      0     8.991     7.800     1.000     0.0758      0.0000      0.0000      0.0000
322     A         E          322           VAL           59.00           674    479      0     8.991     7.800     1.000     0.0756      0.0000      0.0000      0.0000
323     A         E          323           ILE           51.70           674    479      0     8.991     7.800     1.000     0.0754      0.0000      0.0000      0.0000
324     A         E          324           GLY           54.05           674    479      0     8.991     7.800     1.000     0.0752      0.0000      0.0000      0.0000
325     A         E          325           ALA           59.96           674    479      0     8.991     7.800     1.000     0.0752      0.0000      0.0000      0.0000
326     A         E          326           VAL           56.48           674    479      0     8.991     7.800     1.000     0.0752      0.0000      0.0000      0.0000
327     A         E          327           VAL           54.70           674    479      0     8.991     7.800     1.000     0.0751      0.0000      0.0000      0.0000
328     A         E          328           ALA           58.22           674    479      0     8.991     7.800     1.000     0.0751      0.0000      0.0000      0.0000
329     A         E          329           THR           58.11           674    479      0     8.991     7.800     1.000     0.0751      0.0000      0.0000      0.0000
330     A         E          330           VAL           54.32           674    479      0     8.991     7.800     1.000     0.0750      0.0000      0.0000      0.0000
331     A         E          331           MET           52.55           674    479      0     8.991     7.800     1.000     0.0750      0.0000      0.0000      0.0000
332     A         E          332           CYS           53.97           674    479      0     8.991     7.800     1.000     0.0749      0.0000      0.0000      0.0000
333     A         E          333           ARG           53.87           674    479      0     8.991     7.800     1.000     0.0749      0.0000      0.0000      0.0000
334     A         E          334           ARG           50.44           674    479      0     8.991     7.800     1.000     0.0747      0.0000      0.0000      0.0000
335     A         E          335           LYS           42.85           674    479      0     8.991     7.800     1.000     0.0745      0.0000      0.0000      0.0000
336     A         E          336           SER           38.99           674    479      0     8.991     7.800     1.000     0.0745      0.0000      0.0000      0.0000
337     A         E          337           SER           34.44           674    479      0     8.991     7.800     1.000     0.0745      0.0000      0.0000      0.0000
338     A         E          338           GLY           29.43           674    479      0     8.991     7.800     1.000     0.0745      0.0000      0.0000      0.0000
339     A         E          339           GLY           28.17           674    479      0     8.991     7.800     1.000     0.0745      0.0000      0.0000      0.0000
340     A         E          340           LYS           31.02           674    479      0     8.991     7.800     1.000     0.0745      0.0000      0.0000      0.0000
341     A         E          341           GLY           27.71           674    479      0     8.991     7.800     1.000     0.0745      0.0000      0.0000      0.0000
342     A         E          342           GLY           28.14           674    479      0     8.991     7.800     1.000     0.0745      0.0000      0.0000      0.0000
343     A         E          343           SER           25.52           674    479      0     8.991     7.800     1.000     0.0745      0.0000      0.0000      0.0000
344     A         E          344           TYR           24.43           674    479      0     8.991     7.800     1.000     0.0745      0.0000      0.0000      0.0000
345     A         E          345           SER           23.86           674    479      0     8.991     7.800     1.000     0.0745      0.0000      0.0000      0.0000
346     A         E          346           GLN           23.27           674    479      0     8.991     7.800     1.000     0.0745      0.0000      0.0000      0.0000
347     A         E          347           ALA           26.68           674    479      0     8.991     7.800     1.000     0.0745      0.0000      0.0000      0.0000
348     A         E          348           ALA           26.97           674    479      0     8.991     7.800     1.000     0.0745      0.0000      0.0000      0.0000
349     A         E          349           SER           21.70           674    479      0     8.991     7.800     1.000     0.0745      0.0000      0.0000      0.0000
350     A         E          350           SER           24.29           674    479      0     8.991     7.800     1.000     0.0745      0.0000      0.0000      0.0000
351     A         E          351           ASP           30.16           674    479      0     8.991     7.800     1.000     0.0745      0.0000      0.0000      0.0000
352     A         E          352           SER           24.75           674    479      0     8.991     7.800     1.000     0.0745      0.0000      0.0000      0.0000
353     A         E          353           ALA           25.20           674    479      0     8.991     7.800     1.000     0.0745      0.0000      0.0000      0.0000
354     A         E          354           GLN           24.92           674    479      0     8.991     7.800     1.000     0.0745      0.0000      0.0000      0.0000
355     A         E          355           GLY           26.43           674    479      0     8.991     7.800     1.000     0.0745      0.0000      0.0000      0.0000
356     A         E          356           SER           25.33           674    479      0     8.991     7.800     1.000     0.0745      0.0000      0.0000      0.0000
357     A         E          357           ASP           27.89           674    479      0     8.991     7.800     1.000     0.0745      0.0000      0.0000      0.0000
358     A         E          358           VAL           22.31           674    479      0     8.991     7.800     1.000     0.0745      0.0000      0.0000      0.0000
359     A         E          359           SER           19.16           674    479      0     8.991     7.800     1.000     0.0745      0.0000      0.0000      0.0000
360     A         E          360           LEU           21.18           674    479      0     8.991     7.800     1.000     0.0746      0.0000      0.0000      0.0000
361     A         E          361           THR           20.92           674    479      0     8.991     7.800     1.000     0.0746      0.0000      0.0000      0.0000
362     A         E          362           ALA           12.01           674    479      0     8.991     7.800     1.000     0.0745      0.0000      0.0000      0.0000
363     B         A            1           ILE           85.50           461    383     12     7.674     7.086     1.000     0.1441      0.5041      0.4662      0.0191
364     B         A            2           GLN           94.96           461    383    273     7.674     7.086     6.094     0.4444      0.5536      0.5160      0.4448
365     B         A            3           ARG           97.39           461    383    284     7.674     7.086     6.205     0.6517      0.8064      0.7814      0.7349
366     B         A            4           THR           97.43           461    383    284     7.674     7.086     6.205     0.6468      0.7999      0.7742      0.7266
367     B         A            5           PRO           97.86           461    383    284     7.674     7.086     6.205     0.6533      0.8079      0.7829      0.7365
368     B         A            6           LYS           97.47           461    383    284     7.674     7.086     6.205     0.6884      0.8523      0.8319      0.7930
369     B         A            7           ILE           97.61           461    383    284     7.674     7.086     6.205     0.6916      0.8565      0.8365      0.7985
370     B         A            8           GLN           97.44           461    383    284     7.674     7.086     6.205     0.6796      0.8410      0.8194      0.7784
371     B         A            9           VAL           97.62           461    383    284     7.674     7.086     6.205     0.6817      0.8439      0.8226      0.7824
372     B         A           10           TYR           97.52           461    383    284     7.674     7.086     6.205     0.6969      0.8631      0.8440      0.8074
373     B         A           11           SER           96.76           461    383    284     7.674     7.086     6.205     0.6447      0.7962      0.7705      0.7233
374     B         A           12           ARG           96.76           461    383    284     7.674     7.086     6.205     0.6510      0.8039      0.7788      0.7324
375     B         A           13           HIS           94.97           461    383    284     7.674     7.086     6.205     0.6385      0.7880      0.7616      0.7132
376     B         A           14           PRO           93.80           461    383    284     7.674     7.086     6.205     0.6003      0.7397      0.7098      0.6562
377     B         A           15           ALA           93.86           461    383    283     7.674     7.086     6.195     0.5369      0.6607      0.6268      0.5672
378     B         A           16           GLU           94.36           461    383    283     7.674     7.086     6.195     0.5003      0.6146      0.5787      0.5167
379     B         A           17           ASN           94.79           461    383    283     7.674     7.086     6.195     0.4984      0.6121      0.5757      0.5130
380     B         A           18           GLY           94.78           461    383    238     7.674     7.086     5.720     0.4056      0.5220      0.4838      0.3833
381     B         A           19           LYS           95.36           461    383    282     7.674     7.086     6.185     0.5054      0.6221      0.5856      0.5214
382     B         A           20           SER           96.38           461    383    284     7.674     7.086     6.205     0.5721      0.7046      0.6719      0.6138
383     B         A           21           ASN           96.61           461    383    284     7.674     7.086     6.205     0.6221      0.7681      0.7398      0.6882
384     B         A           22           PHE           97.22           461    383    284     7.674     7.086     6.205     0.6595      0.8153      0.7911      0.7460
385     B         A           23           LEU           97.58           461    383    284     7.674     7.086     6.205     0.6759      0.8364      0.8143      0.7725
386     B         A           24           ASN           98.01           461    383    284     7.674     7.086     6.205     0.6850      0.8479      0.8270      0.7874
387     B         A           25           CYS           98.20           461    383    284     7.674     7.086     6.205     0.7073      0.8766      0.8590      0.8251
388     B         A           26           TYR           98.29           461    383    284     7.674     7.086     6.205     0.7211      0.8942      0.8788      0.8490
389     B         A           27           VAL           98.29           461    383    284     7.674     7.086     6.205     0.6988      0.8661      0.8472      0.8112
390     B         A           28           SER           97.89           461    383    284     7.674     7.086     6.205     0.6629      0.8198      0.7960      0.7515
391     B         A           29           GLY           97.48           461    383    284     7.674     7.086     6.205     0.6560      0.8113      0.7868      0.7411
392     B         A           30           PHE           98.11           461    383    284     7.674     7.086     6.205     0.7078      0.8783      0.8610      0.8280
393     B         A           31           HIS           98.04           461    383    283     7.674     7.086     6.195     0.6778      0.8421      0.8208      0.7801
394     B         A           32           PRO           97.24           461    383    283     7.674     7.086     6.195     0.6336      0.7857      0.7593      0.7104
395     B         A           33           SER           97.39           461    383    283     7.674     7.086     6.195     0.6135      0.7600      0.7317      0.6798
396     B         A           34           ASP           96.47           461    383    283     7.674     7.086     6.195     0.6365      0.7893      0.7632      0.7148
397     B         A           35           ILE           97.59           461    383    284     7.674     7.086     6.205     0.6651      0.8237      0.8005      0.7572
398     B         A           36           GLU           97.42           461    383    284     7.674     7.086     6.205     0.6367      0.7877      0.7612      0.7125
399     B         A           37           VAL           97.89           461    383    284     7.674     7.086     6.205     0.6663      0.8248      0.8016      0.7579
400     B         A           38           ASP           97.59           461    383    284     7.674     7.086     6.205     0.6301      0.7792      0.7517      0.7013
401     B         A           39           LEU           97.77           461    383    284     7.674     7.086     6.205     0.6648      0.8224      0.7987      0.7543
402     B         A           40           LEU           97.42           461    383    284     7.674     7.086     6.205     0.6492      0.8029      0.7773      0.7298
403     B         A           41           LYS           97.13           461    383    284     7.674     7.086     6.205     0.6204      0.7662      0.7374      0.6847
404     B         A           42           ASN           96.53           461    383    283     7.674     7.086     6.195     0.5505      0.6786      0.6441      0.5826
405     B         A           43           GLY           95.61           461    383    282     7.674     7.086     6.185     0.4765      0.5853      0.5474      0.4815
406     B         A           44           GLU           96.53           461    383    283     7.674     7.086     6.195     0.4925      0.6045      0.5671      0.5024
407     B         A           45           ARG           96.97           461    383    284     7.674     7.086     6.205     0.5899      0.7278      0.6962      0.6394
408     B         A           46           ILE           96.69           461    383    284     7.674     7.086     6.205     0.5789      0.7134      0.6809      0.6228
409     B         A           47           GLU           94.52           461    383    210     7.674     7.086     5.391     0.3667      0.4842      0.4456      0.3207
410     B         A           48           LYS           92.29           461    383    239     7.674     7.086     5.731     0.4048      0.5234      0.4852      0.3859
411     B         A           49           VAL           96.90           461    383    284     7.674     7.086     6.205     0.5991      0.7399      0.7096      0.6550
412     B         A           50           GLU           97.01           461    383    284     7.674     7.086     6.205     0.6453      0.7978      0.7720      0.7245
413     B         A           51           HIS           97.46           461    383    284     7.674     7.086     6.205     0.6693      0.8289      0.8063      0.7641
414     B         A           52           SER           97.32           461    383    284     7.674     7.086     6.205     0.6759      0.8366      0.8149      0.7742
415     B         A           53           ASP           97.22           461    383    284     7.674     7.086     6.205     0.6897      0.8549      0.8353      0.7983
416     B         A           54           LEU           97.68           461    383    284     7.674     7.086     6.205     0.7032      0.8722      0.8546      0.8211
417     B         A           55           SER           97.77           461    383    284     7.674     7.086     6.205     0.6861      0.8495      0.8293      0.7913
418     B         A           56           PHE           98.11           461    383    283     7.674     7.086     6.195     0.7125      0.8865      0.8704      0.8393
419     B         A           57           SER           97.37           461    383    284     7.674     7.086     6.205     0.6881      0.8523      0.8323      0.7943
420     B         A           58           LYS           96.36           461    383    283     7.674     7.086     6.195     0.6741      0.8359      0.8140      0.7723
421     B         A           59           ASP           97.05           461    383    283     7.674     7.086     6.195     0.6791      0.8430      0.8218      0.7813
422     B         A           60           TRP           97.90           461    383    283     7.674     7.086     6.195     0.7136      0.8882      0.8723      0.8413
423     B         A           61           SER           98.03           461    383    284     7.674     7.086     6.205     0.7016      0.8700      0.8519      0.8174
424     B         A           62           PHE           98.27           461    383    284     7.674     7.086     6.205     0.7273      0.9035      0.8896      0.8627
425     B         A           63           TYR           98.12           461    383    284     7.674     7.086     6.205     0.7216      0.8953      0.8803      0.8514
426     B         A           64           LEU           98.12           461    383    284     7.674     7.086     6.205     0.7113      0.8823      0.8656      0.8334
427     B         A           65           LEU           98.17           461    383    284     7.674     7.086     6.205     0.7160      0.8875      0.8713      0.8400
428     B         A           66           TYR           98.28           461    383    284     7.674     7.086     6.205     0.7184      0.8912      0.8754      0.8449
429     B         A           67           TYR           97.98           461    383    284     7.674     7.086     6.205     0.6899      0.8546      0.8345      0.7962
430     B         A           68           THR           97.67           461    383    284     7.674     7.086     6.205     0.6361      0.7862      0.7593      0.7098
431     B         A           69           GLU           96.98           461    383    284     7.674     7.086     6.205     0.6139      0.7573      0.7280      0.6747
432     B         A           70           PHE           96.45           461    383    284     7.674     7.086     6.205     0.6160      0.7605      0.7315      0.6788
433     B         A           71           THR           95.96           461    383    284     7.674     7.086     6.205     0.5654      0.6956      0.6624      0.6035
434     B         A           72           PRO           95.67           461    383    283     7.674     7.086     6.195     0.5150      0.6326      0.5965      0.5337
435     B         A           73           THR           94.57           461    383    282     7.674     7.086     6.185     0.4742      0.5820      0.5445      0.4798
436     B         A           74           GLU           93.59           461    383    240     7.674     7.086     5.742     0.3933      0.5036      0.4650      0.3664
437     B         A           75           LYS           93.66           461    383    134     7.674     7.086     4.299     0.3094      0.4403      0.4019      0.1999
438     B         A           76           ASP           95.13           461    383    282     7.674     7.086     6.185     0.4979      0.6122      0.5750      0.5097
439     B         A           77           GLU           96.62           461    383    283     7.674     7.086     6.195     0.5589      0.6888      0.6549      0.5941
440     B         A           78           TYR           97.30           461    383    284     7.674     7.086     6.205     0.6553      0.8100      0.7851      0.7387
441     B         A           79           ALA           97.59           461    383    284     7.674     7.086     6.205     0.6432      0.7950      0.7687      0.7201
442     B         A           80           CYS           97.90           461    383    284     7.674     7.086     6.205     0.6712      0.8306      0.8077      0.7647
443     B         A           81           ARG           98.15           461    383    284     7.674     7.086     6.205     0.6651      0.8234      0.7999      0.7557
444     B         A           82           VAL           98.00           461    383    284     7.674     7.086     6.205     0.6735      0.8339      0.8115      0.7692
445     B         A           83           ASN           97.91           461    383    284     7.674     7.086     6.205     0.6354      0.7860      0.7592      0.7098
446     B         A           84           HIS           97.82           461    383    284     7.674     7.086     6.205     0.6680      0.8275      0.8045      0.7615
447     B         A           85           VAL           96.94           461    383    284     7.674     7.086     6.205     0.6506      0.8056      0.7805      0.7338
448     B         A           86           THR           97.00           461    383    284     7.674     7.086     6.205     0.6386      0.7901      0.7635      0.7145
449     B         A           87           LEU           96.73           461    383    283     7.674     7.086     6.195     0.6066      0.7505      0.7207      0.6658
450     B         A           88           SER           96.02           461    383    280     7.674     7.086     6.165     0.4879      0.6034      0.5659      0.4991
451     B         A           89           GLN           96.46           461    383    281     7.674     7.086     6.175     0.4599      0.5655      0.5273      0.4607
452     B         A           90           PRO           96.96           461    383    283     7.674     7.086     6.195     0.5663      0.6990      0.6655      0.6054
453     B         A           91           LYS           97.41           461    383    284     7.674     7.086     6.205     0.6117      0.7550      0.7253      0.6714
454     B         A           92           ILE           97.61           461    383    284     7.674     7.086     6.205     0.6423      0.7942      0.7679      0.7194
455     B         A           93           VAL           97.45           461    383    284     7.674     7.086     6.205     0.6458      0.7981      0.7721      0.7240
456     B         A           94           LYS           97.13           461    383    284     7.674     7.086     6.205     0.5846      0.7202      0.6886      0.6321
457     B         A           95           TRP           96.59           461    383    284     7.674     7.086     6.205     0.6075      0.7492      0.7196      0.6659
458     B         A           96           ASP           94.05           461    383    274     7.674     7.086     6.104     0.4701      0.5839      0.5478      0.4794
459     B         A           97           ARG           90.11           461    383    226     7.674     7.086     5.582     0.4106      0.5412      0.5043      0.3955
460     B         A           98           ASP           85.66           461    383    115     7.674     7.086     3.956     0.3206      0.5349      0.4973      0.2474
461     B         A           99           MET           87.94           461    383     55     7.674     7.086     2.441     0.2386      0.5023      0.4643      0.1002
363     B         C            1           ILE           85.50           108    104      0     3.818     3.736     1.000     0.0414      0.0000      0.0000      0.0000
364     B         C            2           GLN           94.96           108    104      9     3.818     3.736     1.000     0.1877      0.1877      0.1813      0.0157
365     B         C            3           ARG           97.39           108    104      9     3.818     3.736     1.000     0.4996      0.4996      0.4888      0.0649
366     B         C            4           THR           97.43           108    104      9     3.818     3.736     1.000     0.4432      0.4432      0.4326      0.0525
367     B         C            5           PRO           97.86           108    104      9     3.818     3.736     1.000     0.4641      0.4641      0.4534      0.0564
368     B         C            6           LYS           97.47           108    104      9     3.818     3.736     1.000     0.5616      0.5616      0.5510      0.0814
369     B         C            7           ILE           97.61           108    104      9     3.818     3.736     1.000     0.5363      0.5363      0.5256      0.0740
370     B         C            8           GLN           97.44           108    104      9     3.818     3.736     1.000     0.4816      0.4816      0.4709      0.0602
371     B         C            9           VAL           97.62           108    104      9     3.818     3.736     1.000     0.4666      0.4666      0.4559      0.0569
372     B         C           10           TYR           97.52           108    104      9     3.818     3.736     1.000     0.5257      0.5257      0.5149      0.0712
373     B         C           11           SER           96.76           108    104      9     3.818     3.736     1.000     0.3504      0.3504      0.3407      0.0360
374     B         C           12           ARG           96.76           108    104      9     3.818     3.736     1.000     0.4006      0.4006      0.3903      0.0442
375     B         C           13           HIS           94.97           108    104      9     3.818     3.736     1.000     0.3728      0.3728      0.3629      0.0396
376     B         C           14           PRO           93.80           108    104      9     3.818     3.736     1.000     0.3005      0.3005      0.2915      0.0288
377     B         C           15           ALA           93.86           108    104      9     3.818     3.736     1.000     0.2188      0.2188      0.2115      0.0189
378     B         C           16           GLU           94.36           108    104      9     3.818     3.736     1.000     0.1815      0.1815      0.1751      0.0150
379     B         C           17           ASN           94.79           108    104      9     3.818     3.736     1.000     0.1800      0.1800      0.1737      0.0149
380     B         C           18           GLY           94.78           108    104      3     3.818     3.736     1.000     0.1260      0.1444      0.1391      0.0114
381     B         C           19           LYS           95.36           108    104      9     3.818     3.736     1.000     0.2066      0.2066      0.1996      0.0176
382     B         C           20           SER           96.38           108    104      9     3.818     3.736     1.000     0.2880      0.2880      0.2792      0.0271
383     B         C           21           ASN           96.61           108    104      9     3.818     3.736     1.000     0.3562      0.3562      0.3464      0.0368
384     B         C           22           PHE           97.22           108    104      9     3.818     3.736     1.000     0.4263      0.4263      0.4159      0.0489
385     B         C           23           LEU           97.58           108    104      9     3.818     3.736     1.000     0.4666      0.4666      0.4559      0.0569
386     B         C           24           ASN           98.01           108    104      9     3.818     3.736     1.000     0.5134      0.5134      0.5026      0.0678
387     B         C           25           CYS           98.20           108    104      9     3.818     3.736     1.000     0.5860      0.5860      0.5755      0.0888
388     B         C           26           TYR           98.29           108    104      9     3.818     3.736     1.000     0.6415      0.6415      0.6315      0.1099
389     B         C           27           VAL           98.29           108    104      9     3.818     3.736     1.000     0.5879      0.5879      0.5774      0.0897
390     B         C           28           SER           97.89           108    104      9     3.818     3.736     1.000     0.4774      0.4774      0.4666      0.0592
391     B         C           29           GLY           97.48           108    104      9     3.818     3.736     1.000     0.4782      0.4782      0.4675      0.0598
392     B         C           30           PHE           98.11           108    104      9     3.818     3.736     1.000     0.6508      0.6508      0.6409      0.1146
393     B         C           31           HIS           98.04           108    104      9     3.818     3.736     1.000     0.5735      0.5735      0.5630      0.0857
394     B         C           32           PRO           97.24           108    104      9     3.818     3.736     1.000     0.5019      0.5019      0.4912      0.0660
395     B         C           33           SER           97.39           108    104      9     3.818     3.736     1.000     0.4657      0.4657      0.4551      0.0574
396     B         C           34           ASP           96.47           108    104      9     3.818     3.736     1.000     0.5399      0.5399      0.5292      0.0753
397     B         C           35           ILE           97.59           108    104      9     3.818     3.736     1.000     0.5538      0.5538      0.5432      0.0792
398     B         C           36           GLU           97.42           108    104      9     3.818     3.736     1.000     0.4916      0.4916      0.4809      0.0632
399     B         C           37           VAL           97.89           108    104      9     3.818     3.736     1.000     0.5241      0.5241      0.5134      0.0707
400     B         C           38           ASP           97.59           108    104      9     3.818     3.736     1.000     0.4223      0.4223      0.4118      0.0481
401     B         C           39           LEU           97.77           108    104      9     3.818     3.736     1.000     0.4899      0.4899      0.4792      0.0620
402     B         C           40           LEU           97.42           108    104      9     3.818     3.736     1.000     0.4340      0.4340      0.4234      0.0502
403     B         C           41           LYS           97.13           108    104      9     3.818     3.736     1.000     0.3806      0.3806      0.3704      0.0405
404     B         C           42           ASN           96.53           108    104      9     3.818     3.736     1.000     0.2524      0.2524      0.2444      0.0227
405     B         C           43           GLY           95.61           108    104      9     3.818     3.736     1.000     0.1947      0.1947      0.1880      0.0163
406     B         C           44           GLU           96.53           108    104      9     3.818     3.736     1.000     0.2236      0.2236      0.2162      0.0194
407     B         C           45           ARG           96.97           108    104      9     3.818     3.736     1.000     0.3414      0.3414      0.3318      0.0344
408     B         C           46           ILE           96.69           108    104      9     3.818     3.736     1.000     0.3218      0.3218      0.3124      0.0316
409     B         C           47           GLU           94.52           108    104      3     3.818     3.736     1.000     0.1258      0.1436      0.1384      0.0114
410     B         C           48           LYS           92.29           108    104      7     3.818     3.736     1.000     0.1570      0.1658      0.1599      0.0135
411     B         C           49           VAL           96.90           108    104      9     3.818     3.736     1.000     0.3923      0.3923      0.3822      0.0429
412     B         C           50           GLU           97.01           108    104      9     3.818     3.736     1.000     0.4991      0.4991      0.4883      0.0645
413     B         C           51           HIS           97.46           108    104      9     3.818     3.736     1.000     0.5578      0.5578      0.5472      0.0810
414     B         C           52           SER           97.32           108    104      9     3.818     3.736     1.000     0.6018      0.6018      0.5914      0.0951
415     B         C           53           ASP           97.22           108    104      9     3.818     3.736     1.000     0.6490      0.6490      0.6392      0.1140
416     B         C           54           LEU           97.68           108    104      9     3.818     3.736     1.000     0.7020      0.7020      0.6929      0.1408
417     B         C           55           SER           97.77           108    104      9     3.818     3.736     1.000     0.6294      0.6294      0.6193      0.1056
418     B         C           56           PHE           98.11           108    104      9     3.818     3.736     1.000     0.7131      0.7131      0.7042      0.1468
419     B         C           57           SER           97.37           108    104      9     3.818     3.736     1.000     0.6020      0.6020      0.5916      0.0954
420     B         C           58           LYS           96.36           108    104      9     3.818     3.736     1.000     0.5747      0.5747      0.5641      0.0854
421     B         C           59           ASP           97.05           108    104      9     3.818     3.736     1.000     0.5669      0.5669      0.5563      0.0834
422     B         C           60           TRP           97.90           108    104      9     3.818     3.736     1.000     0.7094      0.7094      0.7004      0.1447
423     B         C           61           SER           98.03           108    104      9     3.818     3.736     1.000     0.6472      0.6472      0.6373      0.1131
424     B         C           62           PHE           98.27           108    104      9     3.818     3.736     1.000     0.7375      0.7375      0.7291      0.1631
425     B         C           63           TYR           98.12           108    104      9     3.818     3.736     1.000     0.6982      0.6982      0.6890      0.1378
426     B         C           64           LEU           98.12           108    104      9     3.818     3.736     1.000     0.6542      0.6542      0.6444      0.1159
427     B         C           65           LEU           98.17           108    104      9     3.818     3.736     1.000     0.6453      0.6453      0.6354      0.1119
428     B         C           66           TYR           98.28           108    104      9     3.818     3.736     1.000     0.6487      0.6487      0.6388      0.1130
429     B         C           67           TYR           97.98           108    104      9     3.818     3.736     1.000     0.5521      0.5521      0.5415      0.0786
430     B         C           68           THR           97.67           108    104      9     3.818     3.736     1.000     0.4235      0.4235      0.4131      0.0483
431     B         C           69           GLU           96.98           108    104      9     3.818     3.736     1.000     0.3729      0.3729      0.3629      0.0394
432     B         C           70           PHE           96.45           108    104      9     3.818     3.736     1.000     0.3660      0.3660      0.3561      0.0384
433     B         C           71           THR           95.96           108    104      9     3.818     3.736     1.000     0.2838      0.2838      0.2752      0.0266
434     B         C           72           PRO           95.67           108    104      9     3.818     3.736     1.000     0.2287      0.2287      0.2212      0.0200
435     B         C           73           THR           94.57           108    104      9     3.818     3.736     1.000     0.1818      0.1818      0.1754      0.0151
436     B         C           74           GLU           93.59           108    104      3     3.818     3.736     1.000     0.1191      0.1351      0.1301      0.0106
437     B         C           75           LYS           93.66           108    104      0     3.818     3.736     1.000     0.0863      0.0000      0.0000      0.0000
438     B         C           76           ASP           95.13           108    104      9     3.818     3.736     1.000     0.2050      0.2050      0.1980      0.0174
439     B         C           77           GLU           96.62           108    104      9     3.818     3.736     1.000     0.2546      0.2546      0.2465      0.0229
440     B         C           78           TYR           97.30           108    104      9     3.818     3.736     1.000     0.4254      0.4254      0.4149      0.0485
441     B         C           79           ALA           97.59           108    104      9     3.818     3.736     1.000     0.3975      0.3975      0.3872      0.0435
442     B         C           80           CYS           97.90           108    104      9     3.818     3.736     1.000     0.4897      0.4897      0.4789      0.0619
443     B         C           81           ARG           98.15           108    104      9     3.818     3.736     1.000     0.4817      0.4817      0.4710      0.0603
444     B         C           82           VAL           98.00           108    104      9     3.818     3.736     1.000     0.5270      0.5270      0.5162      0.0714
445     B         C           83           ASN           97.91           108    104      9     3.818     3.736     1.000     0.4579      0.4579      0.4473      0.0557
446     B         C           84           HIS           97.82           108    104      9     3.818     3.736     1.000     0.5350      0.5350      0.5242      0.0738
447     B         C           85           VAL           96.94           108    104      9     3.818     3.736     1.000     0.4991      0.4991      0.4883      0.0645
448     B         C           86           THR           97.00           108    104      9     3.818     3.736     1.000     0.4704      0.4704      0.4597      0.0581
449     B         C           87           LEU           96.73           108    104      9     3.818     3.736     1.000     0.4117      0.4117      0.4013      0.0464
450     B         C           88           SER           96.02           108    104      9     3.818     3.736     1.000     0.2155      0.2155      0.2083      0.0186
451     B         C           89           GLN           96.46           108    104      9     3.818     3.736     1.000     0.1911      0.1911      0.1845      0.0160
452     B         C           90           PRO           96.96           108    104      9     3.818     3.736     1.000     0.2917      0.2917      0.2829      0.0276
453     B         C           91           LYS           97.41           108    104      9     3.818     3.736     1.000     0.3668      0.3668      0.3569      0.0385
454     B         C           92           ILE           97.61           108    104      9     3.818     3.736     1.000     0.3951      0.3951      0.3848      0.0430
455     B         C           93           VAL           97.45           108    104      9     3.818     3.736     1.000     0.4085      0.4085      0.3981      0.0453
456     B         C           94           LYS           97.13           108    104      9     3.818     3.736     1.000     0.2678      0.2678      0.2594      0.0245
457     B         C           95           TRP           96.59           108    104      9     3.818     3.736     1.000     0.3062      0.3062      0.2971      0.0294
458     B         C           96           ASP           94.05           108    104      8     3.818     3.736     1.000     0.1496      0.1524      0.1469      0.0122
459     B         C           97           ARG           90.11           108    104      1     3.818     3.736     1.000     0.1184      0.1391      0.1340      0.0110
460     B         C           98           ASP           85.66           108    104      0     3.818     3.736     1.000     0.0700      0.0000      0.0000      0.0000
461     B         C           99           MET           87.94           108    104      0     3.818     3.736     1.000     0.0496      0.0000      0.0000      0.0000
363     B         D            1           ILE           85.50           375    251      0     7.021     5.863     1.000     0.0671      0.0000      0.0000      0.0000
364     B         D            2           GLN           94.96           375    251      0     7.021     5.863     1.000     0.1455      0.0000      0.0000      0.0000
365     B         D            3           ARG           97.39           375    251    106     7.021     5.863     3.777     0.2861      0.4189      0.3354      0.1744
366     B         D            4           THR           97.43           375    251     95     7.021     5.863     3.543     0.2768      0.4035      0.3212      0.1481
367     B         D            5           PRO           97.86           375    251    103     7.021     5.863     3.715     0.2862      0.4185      0.3350      0.1693
368     B         D            6           LYS           97.47           375    251    119     7.021     5.863     4.031     0.3148      0.4459      0.3607      0.2122
369     B         D            7           ILE           97.61           375    251    130     7.021     5.863     4.230     0.3166      0.4340      0.3495      0.2199
370     B         D            8           GLN           97.44           375    251    109     7.021     5.863     3.838     0.2934      0.4235      0.3396      0.1817
371     B         D            9           VAL           97.62           375    251    117     7.021     5.863     3.994     0.3022      0.4190      0.3354      0.1907
372     B         D           10           TYR           97.52           375    251    120     7.021     5.863     4.050     0.3093      0.4352      0.3505      0.2061
373     B         D           11           SER           96.76           375    251     84     7.021     5.863     3.286     0.2608      0.3885      0.3075      0.1229
374     B         D           12           ARG           96.76           375    251     93     7.021     5.863     3.498     0.2664      0.3927      0.3113      0.1392
375     B         D           13           HIS           94.97           375    251     63     7.021     5.863     2.706     0.2432      0.3771      0.2972      0.0831
376     B         D           14           PRO           93.80           375    251     26     7.021     5.863     1.000     0.2142      0.3681      0.2891      0.0117
377     B         D           15           ALA           93.86           375    251      0     7.021     5.863     1.000     0.1744      0.0000      0.0000      0.0000
378     B         D           16           GLU           94.36           375    251      0     7.021     5.863     1.000     0.1628      0.0000      0.0000      0.0000
379     B         D           17           ASN           94.79           375    251      0     7.021     5.863     1.000     0.1750      0.0000      0.0000      0.0000
380     B         D           18           GLY           94.78           375    251      0     7.021     5.863     1.000     0.1469      0.0000      0.0000      0.0000
381     B         D           19           LYS           95.36           375    251      0     7.021     5.863     1.000     0.1700      0.0000      0.0000      0.0000
382     B         D           20           SER           96.38           375    251     21     7.021     5.863     1.000     0.2089      0.3645      0.2859      0.0116
383     B         D           21           ASN           96.61           375    251     67     7.021     5.863     2.828     0.2440      0.3797      0.2995      0.0909
384     B         D           22           PHE           97.22           375    251    104     7.021     5.863     3.736     0.2843      0.4121      0.3291      0.1671
385     B         D           23           LEU           97.58           375    251    118     7.021     5.863     4.013     0.3039      0.4249      0.3409      0.1961
386     B         D           24           ASN           98.01           375    251    127     7.021     5.863     4.177     0.3139      0.4342      0.3497      0.2158
387     B         D           25           CYS           98.20           375    251    130     7.021     5.863     4.230     0.3227      0.4425      0.3576      0.2263
388     B         D           26           TYR           98.29           375    251    160     7.021     5.863     4.714     0.3598      0.4675      0.3818      0.2874
389     B         D           27           VAL           98.29           375    251    139     7.021     5.863     4.383     0.3326      0.4481      0.3630      0.2433
390     B         D           28           SER           97.89           375    251    103     7.021     5.863     3.715     0.2835      0.4208      0.3372      0.1709
391     B         D           29           GLY           97.48           375    251     95     7.021     5.863     3.543     0.2757      0.4111      0.3283      0.1527
392     B         D           30           PHE           98.11           375    251    145     7.021     5.863     4.482     0.3467      0.4650      0.3793      0.2653
393     B         D           31           HIS           98.04           375    251    132     7.021     5.863     4.265     0.3250      0.4433      0.3584      0.2298
394     B         D           32           PRO           97.24           375    251    110     7.021     5.863     3.858     0.2975      0.4279      0.3438      0.1862
395     B         D           33           SER           97.39           375    251     95     7.021     5.863     3.543     0.2711      0.4071      0.3246      0.1504
396     B         D           34           ASP           96.47           375    251    106     7.021     5.863     3.777     0.2887      0.4251      0.3413      0.1785
397     B         D           35           ILE           97.59           375    251    123     7.021     5.863     4.105     0.3166      0.4458      0.3606      0.2182
398     B         D           36           GLU           97.42           375    251    106     7.021     5.863     3.777     0.2834      0.4097      0.3271      0.1690
399     B         D           37           VAL           97.89           375    251    127     7.021     5.863     4.177     0.3165      0.4371      0.3525      0.2179
400     B         D           38           ASP           97.59           375    251     94     7.021     5.863     3.521     0.2728      0.4014      0.3195      0.1458
401     B         D           39           LEU           97.77           375    251    118     7.021     5.863     4.013     0.3061      0.4311      0.3468      0.2004
402     B         D           40           LEU           97.42           375    251    107     7.021     5.863     3.798     0.2895      0.4102      0.3273      0.1704
403     B         D           41           LYS           97.13           375    251     95     7.021     5.863     3.543     0.2691      0.3882      0.3071      0.1399
404     B         D           42           ASN           96.53           375    251     35     7.021     5.863     1.566     0.2263      0.3585      0.2806      0.0271
405     B         D           43           GLY           95.61           375    251      2     7.021     5.863     1.000     0.1810      0.3461      0.2696      0.0106
406     B         D           44           GLU           96.53           375    251     14     7.021     5.863     1.000     0.2035      0.3576      0.2798      0.0112
407     B         D           45           ARG           96.97           375    251     67     7.021     5.863     2.828     0.2517      0.3806      0.3004      0.0913
408     B         D           46           ILE           96.69           375    251     46     7.021     5.863     2.095     0.2322      0.3767      0.2969      0.0515
409     B         D           47           GLU           94.52           375    251      0     7.021     5.863     1.000     0.1315      0.0000      0.0000      0.0000
410     B         D           48           LYS           92.29           375    251      0     7.021     5.863     1.000     0.1290      0.0000      0.0000      0.0000
411     B         D           49           VAL           96.90           375    251     35     7.021     5.863     1.566     0.2257      0.3992      0.3173      0.0325
412     B         D           50           GLU           97.01           375    251     99     7.021     5.863     3.631     0.2743      0.4149      0.3319      0.1614
413     B         D           51           HIS           97.46           375    251    110     7.021     5.863     3.858     0.2989      0.4419      0.3571      0.1959
414     B         D           52           SER           97.32           375    251    115     7.021     5.863     3.956     0.3075      0.4518      0.3665      0.2107
415     B         D           53           ASP           97.22           375    251    120     7.021     5.863     4.050     0.3162      0.4548      0.3692      0.2202
416     B         D           54           LEU           97.68           375    251    136     7.021     5.863     4.333     0.3390      0.4675      0.3818      0.2549
417     B         D           55           SER           97.77           375    251    109     7.021     5.863     3.838     0.2963      0.4398      0.3552      0.1930
418     B         D           56           PHE           98.11           375    251    133     7.021     5.863     4.282     0.3327      0.4655      0.3800      0.2491
419     B         D           57           SER           97.37           375    251    109     7.021     5.863     3.838     0.2980      0.4463      0.3614      0.1973
420     B         D           58           LYS           96.36           375    251     99     7.021     5.863     3.631     0.2754      0.4198      0.3365      0.1643
421     B         D           59           ASP           97.05           375    251    108     7.021     5.863     3.818     0.2879      0.4279      0.3439      0.1832
422     B         D           60           TRP           97.90           375    251    136     7.021     5.863     4.333     0.3372      0.4690      0.3832      0.2558
423     B         D           61           SER           98.03           375    251    127     7.021     5.863     4.177     0.3283      0.4664      0.3805      0.2400
424     B         D           62           PHE           98.27           375    251    158     7.021     5.863     4.684     0.3645      0.4762      0.3903      0.2925
425     B         D           63           TYR           98.12           375    251    141     7.021     5.863     4.416     0.3467      0.4750      0.3891      0.2681
426     B         D           64           LEU           98.12           375    251    146     7.021     5.863     4.498     0.3440      0.4610      0.3755      0.2635
427     B         D           65           LEU           98.17           375    251    146     7.021     5.863     4.498     0.3506      0.4742      0.3881      0.2741
428     B         D           66           TYR           98.28           375    251    168     7.021     5.863     4.832     0.3657      0.4662      0.3808      0.2966
429     B         D           67           TYR           97.98           375    251    125     7.021     5.863     4.141     0.3153      0.4436      0.3586      0.2198
430     B         D           68           THR           97.67           375    251     84     7.021     5.863     3.286     0.2605      0.3938      0.3125      0.1258
431     B         D           69           GLU           96.98           375    251     73     7.021     5.863     3.000     0.2497      0.3837      0.3033      0.1030
432     B         D           70           PHE           96.45           375    251     59     7.021     5.863     2.578     0.2398      0.3820      0.3016      0.0775
433     B         D           71           THR           95.96           375    251     32     7.021     5.863     1.388     0.2183      0.3641      0.2855      0.0220
434     B         D           72           PRO           95.67           375    251      6     7.021     5.863     1.000     0.1860      0.3439      0.2677      0.0105
435     B         D           73           THR           94.57           375    251      0     7.021     5.863     1.000     0.1746      0.0000      0.0000      0.0000
436     B         D           74           GLU           93.59           375    251      0     7.021     5.863     1.000     0.1386      0.0000      0.0000      0.0000
437     B         D           75           LYS           93.66           375    251      0     7.021     5.863     1.000     0.1183      0.0000      0.0000      0.0000
438     B         D           76           ASP           95.13           375    251      2     7.021     5.863     1.000     0.1835      0.3416      0.2657      0.0104
439     B         D           77           GLU           96.62           375    251     21     7.021     5.863     1.000     0.2146      0.3570      0.2792      0.0112
440     B         D           78           TYR           97.30           375    251    115     7.021     5.863     3.956     0.2953      0.4141      0.3307      0.1843
441     B         D           79           ALA           97.59           375    251    105     7.021     5.863     3.757     0.2835      0.3996      0.3176      0.1611
442     B         D           80           CYS           97.90           375    251    116     7.021     5.863     3.975     0.3038      0.4301      0.3458      0.1967
443     B         D           81           ARG           98.15           375    251    131     7.021     5.863     4.247     0.3175      0.4290      0.3448      0.2176
444     B         D           82           VAL           98.00           375    251    132     7.021     5.863     4.265     0.3267      0.4452      0.3600      0.2308
445     B         D           83           ASN           97.91           375    251    108     7.021     5.863     3.818     0.2924      0.4137      0.3306      0.1743
446     B         D           84           HIS           97.82           375    251    130     7.021     5.863     4.230     0.3300      0.4557      0.3699      0.2356
447     B         D           85           VAL           96.94           375    251    120     7.021     5.863     4.050     0.3072      0.4316      0.3472      0.2037
448     B         D           86           THR           97.00           375    251    110     7.021     5.863     3.858     0.2960      0.4205      0.3368      0.1813
449     B         D           87           LEU           96.73           375    251     90     7.021     5.863     3.429     0.2649      0.3941      0.3126      0.1354
450     B         D           88           SER           96.02           375    251      3     7.021     5.863     1.000     0.1813      0.3470      0.2703      0.0107
451     B         D           89           GLN           96.46           375    251      3     7.021     5.863     1.000     0.1808      0.3471      0.2704      0.0107
452     B         D           90           PRO           96.96           375    251     29     7.021     5.863     1.189     0.2234      0.3702      0.2910      0.0167
453     B         D           91           LYS           97.41           375    251     83     7.021     5.863     3.261     0.2568      0.3828      0.3024      0.1189
454     B         D           92           ILE           97.61           375    251    106     7.021     5.863     3.777     0.2862      0.4006      0.3184      0.1631
455     B         D           93           VAL           97.45           375    251    104     7.021     5.863     3.736     0.2778      0.3972      0.3154      0.1582
456     B         D           94           LYS           97.13           375    251     41     7.021     5.863     1.873     0.2337      0.3703      0.2910      0.0404
457     B         D           95           TRP           96.59           375    251     54     7.021     5.863     2.405     0.2376      0.3671      0.2881      0.0639
458     B         D           96           ASP           94.05           375    251      0     7.021     5.863     1.000     0.1489      0.0000      0.0000      0.0000
459     B         D           97           ARG           90.11           375    251      0     7.021     5.863     1.000     0.1249      0.0000      0.0000      0.0000
460     B         D           98           ASP           85.66           375    251      0     7.021     5.863     1.000     0.0988      0.0000      0.0000      0.0000
461     B         D           99           MET           87.94           375    251      0     7.021     5.863     1.000     0.0779      0.0000      0.0000      0.0000
363     B         E            1           ILE           85.50           411    304      0     7.306     6.398     1.000     0.0747      0.0000      0.0000      0.0000
364     B         E            2           GLN           94.96           411    304      0     7.306     6.398     1.000     0.1634      0.0000      0.0000      0.0000
365     B         E            3           ARG           97.39           411    304    116     7.306     6.398     3.975     0.3142      0.4512      0.3878      0.1987
366     B         E            4           THR           97.43           411    304    103     7.306     6.398     3.715     0.3060      0.4447      0.3813      0.1737
367     B         E            5           PRO           97.86           411    304    111     7.306     6.398     3.878     0.3135      0.4554      0.3917      0.1933
368     B         E            6           LYS           97.47           411    304    150     7.306     6.398     4.561     0.3413      0.4584      0.3951      0.2519
369     B         E            7           ILE           97.61           411    304    174     7.306     6.398     4.918     0.3489      0.4507      0.3875      0.2741
370     B         E            8           GLN           97.44           411    304    122     7.306     6.398     4.087     0.3203      0.4542      0.3905      0.2091
371     B         E            9           VAL           97.62           411    304    148     7.306     6.398     4.530     0.3337      0.4452      0.3819      0.2381
372     B         E           10           TYR           97.52           411    304    153     7.306     6.398     4.608     0.3382      0.4529      0.3895      0.2506
373     B         E           11           SER           96.76           411    304    103     7.306     6.398     3.715     0.2875      0.4176      0.3552      0.1573
374     B         E           12           ARG           96.76           411    304    103     7.306     6.398     3.715     0.2899      0.4188      0.3564      0.1581
375     B         E           13           HIS           94.97           411    304     82     7.306     6.398     3.236     0.2656      0.3969      0.3357      0.1149
376     B         E           14           PRO           93.80           411    304     31     7.306     6.398     1.325     0.2308      0.3793      0.3192      0.0198
377     B         E           15           ALA           93.86           411    304      0     7.306     6.398     1.000     0.1850      0.0000      0.0000      0.0000
378     B         E           16           GLU           94.36           411    304      0     7.306     6.398     1.000     0.1719      0.0000      0.0000      0.0000
379     B         E           17           ASN           94.79           411    304      0     7.306     6.398     1.000     0.1853      0.0000      0.0000      0.0000
380     B         E           18           GLY           94.78           411    304      0     7.306     6.398     1.000     0.1571      0.0000      0.0000      0.0000
381     B         E           19           LYS           95.36           411    304      0     7.306     6.398     1.000     0.1815      0.0000      0.0000      0.0000
382     B         E           20           SER           96.38           411    304     30     7.306     6.398     1.258     0.2286      0.3802      0.3201      0.0179
383     B         E           21           ASN           96.61           411    304     84     7.306     6.398     3.286     0.2642      0.4017      0.3402      0.1202
384     B         E           22           PHE           97.22           411    304    119     7.306     6.398     4.031     0.3120      0.4405      0.3771      0.1949
385     B         E           23           LEU           97.58           411    304    152     7.306     6.398     4.592     0.3353      0.4479      0.3845      0.2451
386     B         E           24           ASN           98.01           411    304    164     7.306     6.398     4.774     0.3411      0.4482      0.3849      0.2602
387     B         E           25           CYS           98.20           411    304    181     7.306     6.398     5.015     0.3575      0.4573      0.3938      0.2872
388     B         E           26           TYR           98.29           411    304    210     7.306     6.398     5.391     0.3879      0.4788      0.4149      0.3366
389     B         E           27           VAL           98.29           411    304    198     7.306     6.398     5.240     0.3638      0.4546      0.3915      0.3033
390     B         E           28           SER           97.89           411    304    106     7.306     6.398     3.777     0.3058      0.4476      0.3843      0.1808
391     B         E           29           GLY           97.48           411    304     96     7.306     6.398     3.565     0.2991      0.4517      0.3884      0.1673
392     B         E           30           PHE           98.11           411    304    203     7.306     6.398     5.304     0.3766      0.4684      0.4052      0.3211
393     B         E           31           HIS           98.04           411    304    185     7.306     6.398     5.069     0.3565      0.4503      0.3876      0.2868
394     B         E           32           PRO           97.24           411    304    121     7.306     6.398     4.068     0.3274      0.4603      0.3968      0.2127
395     B         E           33           SER           97.39           411    304     97     7.306     6.398     3.587     0.2988      0.4498      0.3864      0.1674
396     B         E           34           ASP           96.47           411    304    116     7.306     6.398     3.975     0.3213      0.4608      0.3972      0.2053
397     B         E           35           ILE           97.59           411    304    157     7.306     6.398     4.669     0.3442      0.4567      0.3935      0.2594
398     B         E           36           GLU           97.42           411    304    117     7.306     6.398     3.994     0.3170      0.4541      0.3905      0.2018
399     B         E           37           VAL           97.89           411    304    163     7.306     6.398     4.759     0.3449      0.4521      0.3889      0.2625
400     B         E           38           ASP           97.59           411    304    111     7.306     6.398     3.878     0.3087      0.4477      0.3842      0.1880
401     B         E           39           LEU           97.77           411    304    143     7.306     6.398     4.449     0.3346      0.4545      0.3910      0.2390
402     B         E           40           LEU           97.42           411    304    128     7.306     6.398     4.195     0.3226      0.4475      0.3839      0.2126
403     B         E           41           LYS           97.13           411    304    103     7.306     6.398     3.715     0.2936      0.4236      0.3608      0.1607
404     B         E           42           ASN           96.53           411    304     63     7.306     6.398     2.706     0.2499      0.3844      0.3239      0.0792
405     B         E           43           GLY           95.61           411    304     10     7.306     6.398     1.000     0.2029      0.3587      0.3002      0.0104
406     B         E           44           GLU           96.53           411    304     32     7.306     6.398     1.388     0.2283      0.3783      0.3182      0.0215
407     B         E           45           ARG           96.97           411    304     91     7.306     6.398     3.452     0.2779      0.4108      0.3488      0.1355
408     B         E           46           ILE           96.69           411    304     69     7.306     6.398     2.887     0.2545      0.3955      0.3344      0.0932
409     B         E           47           GLU           94.52           411    304      0     7.306     6.398     1.000     0.1473      0.0000      0.0000      0.0000
410     B         E           48           LYS           92.29           411    304      0     7.306     6.398     1.000     0.1410      0.0000      0.0000      0.0000
411     B         E           49           VAL           96.90           411    304     43     7.306     6.398     1.965     0.2406      0.4037      0.3423      0.0473
412     B         E           50           GLU           97.01           411    304    107     7.306     6.398     3.798     0.2953      0.4363      0.3733      0.1750
413     B         E           51           HIS           97.46           411    304    118     7.306     6.398     4.013     0.3187      0.4566      0.3930      0.2054
414     B         E           52           SER           97.32           411    304    130     7.306     6.398     4.230     0.3263      0.4601      0.3968      0.2263
415     B         E           53           ASP           97.22           411    304    152     7.306     6.398     4.592     0.3351      0.4469      0.3840      0.2455
416     B         E           54           LEU           97.68           411    304    190     7.306     6.398     5.136     0.3616      0.4578      0.3948      0.2984
417     B         E           55           SER           97.77           411    304    118     7.306     6.398     4.013     0.3202      0.4620      0.3985      0.2098
418     B         E           56           PHE           98.11           411    304    181     7.306     6.398     5.015     0.3590      0.4614      0.3984      0.2921
419     B         E           57           SER           97.37           411    304    116     7.306     6.398     3.975     0.3199      0.4644      0.4010      0.2089
420     B         E           58           LYS           96.36           411    304     97     7.306     6.398     3.587     0.2935      0.4453      0.3822      0.1653
421     B         E           59           ASP           97.05           411    304    107     7.306     6.398     3.798     0.3074      0.4516      0.3884      0.1855
422     B         E           60           TRP           97.90           411    304    187     7.306     6.398     5.096     0.3637      0.4648      0.4018      0.3017
423     B         E           61           SER           98.03           411    304    168     7.306     6.398     4.832     0.3510      0.4607      0.3978      0.2770
424     B         E           62           PHE           98.27           411    304    218     7.306     6.398     5.488     0.3901      0.4741      0.4104      0.3403
425     B         E           63           TYR           98.12           411    304    202     7.306     6.398     5.291     0.3718      0.4654      0.4023      0.3176
426     B         E           64           LEU           98.12           411    304    203     7.306     6.398     5.304     0.3703      0.4606      0.3972      0.3135
427     B         E           65           LEU           98.17           411    304    204     7.306     6.398     5.316     0.3772      0.4723      0.4087      0.3250
428     B         E           66           TYR           98.28           411    304    221     7.306     6.398     5.523     0.3959      0.4798      0.4159      0.3482
429     B         E           67           TYR           97.98           411    304    155     7.306     6.398     4.639     0.3392      0.4524      0.3890      0.2528
430     B         E           68           THR           97.67           411    304    103     7.306     6.398     3.715     0.2879      0.4226      0.3601      0.1604
431     B         E           69           GLU           96.98           411    304     88     7.306     6.398     3.382     0.2710      0.4086      0.3467      0.1298
432     B         E           70           PHE           96.45           411    304     79     7.306     6.398     3.160     0.2587      0.3992      0.3379      0.1112
433     B         E           71           THR           95.96           411    304     44     7.306     6.398     2.010     0.2394      0.3810      0.3207      0.0446
434     B         E           72           PRO           95.67           411    304      7     7.306     6.398     1.000     0.1998      0.3586      0.3001      0.0104
435     B         E           73           THR           94.57           411    304      0     7.306     6.398     1.000     0.1868      0.0000      0.0000      0.0000
436     B         E           74           GLU           93.59           411    304      0     7.306     6.398     1.000     0.1446      0.0000      0.0000      0.0000
437     B         E           75           LYS           93.66           411    304      0     7.306     6.398     1.000     0.1275      0.0000      0.0000      0.0000
438     B         E           76           ASP           95.13           411    304      4     7.306     6.398     1.000     0.1961      0.3597      0.3011      0.0104
439     B         E           77           GLU           96.62           411    304     44     7.306     6.398     2.010     0.2376      0.3826      0.3223      0.0449
440     B         E           78           TYR           97.30           411    304    133     7.306     6.398     4.282     0.3201      0.4392      0.3760      0.2138
441     B         E           79           ALA           97.59           411    304    118     7.306     6.398     4.013     0.3148      0.4402      0.3768      0.1932
442     B         E           80           CYS           97.90           411    304    152     7.306     6.398     4.592     0.3394      0.4561      0.3926      0.2518
443     B         E           81           ARG           98.15           411    304    186     7.306     6.398     5.083     0.3570      0.4527      0.3894      0.2887
444     B         E           82           VAL           98.00           411    304    182     7.306     6.398     5.029     0.3583      0.4571      0.3939      0.2885
445     B         E           83           ASN           97.91           411    304    138     7.306     6.398     4.367     0.3310      0.4507      0.3874      0.2296
446     B         E           84           HIS           97.82           411    304    184     7.306     6.398     5.056     0.3605      0.4605      0.3972      0.2937
447     B         E           85           VAL           96.94           411    304    158     7.306     6.398     4.684     0.3404      0.4483      0.3852      0.2534
448     B         E           86           THR           97.00           411    304    129     7.306     6.398     4.213     0.3264      0.4485      0.3852      0.2156
449     B         E           87           LEU           96.73           411    304     94     7.306     6.398     3.521     0.2880      0.4364      0.3733      0.1541
450     B         E           88           SER           96.02           411    304     16     7.306     6.398     1.000     0.1986      0.3708      0.3113      0.0109
451     B         E           89           GLN           96.46           411    304     11     7.306     6.398     1.000     0.2011      0.3718      0.3122      0.0110
452     B         E           90           PRO           96.96           411    304     57     7.306     6.398     2.510     0.2479      0.3928      0.3318      0.0713
453     B         E           91           LYS           97.41           411    304     93     7.306     6.398     3.498     0.2840      0.4235      0.3609      0.1453
454     B         E           92           ILE           97.61           411    304    132     7.306     6.398     4.265     0.3237      0.4409      0.3775      0.2134
455     B         E           93           VAL           97.45           411    304    114     7.306     6.398     3.936     0.3059      0.4321      0.3691      0.1825
456     B         E           94           LYS           97.13           411    304     77     7.306     6.398     3.108     0.2624      0.3992      0.3378      0.1077
457     B         E           95           TRP           96.59           411    304     82     7.306     6.398     3.236     0.2614      0.3927      0.3317      0.1130
458     B         E           96           ASP           94.05           411    304      0     7.306     6.398     1.000     0.1671      0.0000      0.0000      0.0000
459     B         E           97           ARG           90.11           411    304      0     7.306     6.398     1.000     0.1352      0.0000      0.0000      0.0000
460     B         E           98           ASP           85.66           411    304      0     7.306     6.398     1.000     0.1037      0.0000      0.0000      0.0000
461     B         E           99           MET           87.94           411    304      0     7.306     6.398     1.000     0.0825      0.0000      0.0000      0.0000
462     C         A            1           LEU           92.84           371    292    234     6.988     6.283     5.674     0.4404      0.6017      0.5547      0.5089
463     C         A            2           PRO           93.78           371    292    282     6.988     6.283     6.185     0.5975      0.7453      0.7079      0.7021
464     C         A            3           ASN           93.85           371    292    283     6.988     6.283     6.195     0.6209      0.7735      0.7383      0.7334
465     C         A            4           ILE           90.91           371    292    283     6.988     6.283     6.195     0.6017      0.7492      0.7126      0.7075
466     C         A            5           PRO           89.05           371    292    265     6.988     6.283     6.012     0.5272      0.6795      0.6379      0.6200
467     C         A            6           VAL           89.29           371    292    250     6.988     6.283     5.852     0.4911      0.6517      0.6075      0.5769
468     C         A            7           GLN           89.65           371    292    278     6.988     6.283     6.145     0.5429      0.6824      0.6419      0.6332
469     C         A            8           THR           92.05           371    292    282     6.988     6.283     6.185     0.5859      0.7317      0.6945      0.6888
470     C         A            9           ILE           93.13           371    292    249     6.988     6.283     5.841     0.4787      0.6360      0.5928      0.5625
462     C         B            1           LEU           92.84           108    108     87     3.818     3.818     3.359     0.1813      0.1900      0.1900      0.1543
463     C         B            2           PRO           93.78           108    108     99     3.818     3.818     3.631     0.3710      0.3710      0.3710      0.3486
464     C         B            3           ASN           93.85           108    108     99     3.818     3.818     3.631     0.4054      0.4054      0.4054      0.3822
465     C         B            4           ILE           90.91           108    108     99     3.818     3.818     3.631     0.3548      0.3548      0.3548      0.3329
466     C         B            5           PRO           89.05           108    108     99     3.818     3.818     3.631     0.2518      0.2518      0.2518      0.2338
467     C         B            6           VAL           89.29           108    108     91     3.818     3.818     3.452     0.2025      0.2097      0.2097      0.1791
468     C         B            7           GLN           89.65           108    108     99     3.818     3.818     3.631     0.2759      0.2759      0.2759      0.2572
469     C         B            8           THR           92.05           108    108     99     3.818     3.818     3.631     0.3704      0.3704      0.3704      0.3483
470     C         B            9           ILE           93.13           108    108     98     3.818     3.818     3.609     0.2450      0.2462      0.2462      0.2268
462     C         D            1           LEU           92.84           285    168     76     6.214     4.832     3.081     0.2122      0.3777      0.2713      0.1337
463     C         D            2           PRO           93.78           285    168    128     6.214     4.832     4.195     0.2958      0.4401      0.3268      0.2701
464     C         D            3           ASN           93.85           285    168    159     6.214     4.832     4.699     0.3323      0.4523      0.3393      0.3276
465     C         D            4           ILE           90.91           285    168    142     6.214     4.832     4.433     0.3167      0.4509      0.3382      0.3027
466     C         D            5           PRO           89.05           285    168    114     6.214     4.832     3.936     0.2762      0.4359      0.3237      0.2444
467     C         D            6           VAL           89.29           285    168     90     6.214     4.832     3.429     0.2368      0.4041      0.2952      0.1780
468     C         D            7           GLN           89.65           285    168    116     6.214     4.832     3.975     0.2768      0.4319      0.3191      0.2432
469     C         D            8           THR           92.05           285    168    126     6.214     4.832     4.159     0.2920      0.4314      0.3181      0.2586
470     C         D            9           ILE           93.13           285    168    101     6.214     4.832     3.673     0.2433      0.3830      0.2751      0.1814
462     C         E            1           LEU           92.84           321    216     61     6.556     5.464     2.643     0.2161      0.3779      0.2982      0.0921
463     C         E            2           PRO           93.78           321    216    156     6.556     5.464     4.654     0.2995      0.4067      0.3256      0.2618
464     C         E            3           ASN           93.85           321    216    207     6.556     5.464     5.354     0.3469      0.4364      0.3534      0.3446
465     C         E            4           ILE           90.91           321    216    194     6.556     5.464     5.188     0.3351      0.4298      0.3476      0.3257
466     C         E            5           PRO           89.05           321    216    122     6.556     5.464     4.087     0.2894      0.4317      0.3499      0.2371
467     C         E            6           VAL           89.29           321    216     83     6.556     5.464     3.261     0.2562      0.4460      0.3640      0.1786
468     C         E            7           GLN           89.65           321    216    126     6.556     5.464     4.159     0.2974      0.4428      0.3614      0.2539
469     C         E            8           THR           92.05           321    216    162     6.556     5.464     4.744     0.3228      0.4410      0.3588      0.3002
470     C         E            9           ILE           93.13           321    216    102     6.556     5.464     3.694     0.2722      0.4300      0.3474      0.2008
471     D         A            1           MET           21.02           638    394      0     8.791     7.174     1.000     0.0721      0.0000      0.0000      0.0000
472     D         A            2           ALA           24.01           638    394      0     8.791     7.174     1.000     0.0722      0.0000      0.0000      0.0000
473     D         A            3           CYS           23.20           638    394      0     8.791     7.174     1.000     0.0724      0.0000      0.0000      0.0000
474     D         A            4           PRO           29.26           638    394      0     8.791     7.174     1.000     0.0727      0.0000      0.0000      0.0000
475     D         A            5           GLY           30.54           638    394      0     8.791     7.174     1.000     0.0727      0.0000      0.0000      0.0000
476     D         A            6           PHE           21.99           638    394      0     8.791     7.174     1.000     0.0732      0.0000      0.0000      0.0000
477     D         A            7           LEU           26.41           638    394      0     8.791     7.174     1.000     0.0738      0.0000      0.0000      0.0000
478     D         A            8           TRP           29.17           638    394      0     8.791     7.174     1.000     0.0744      0.0000      0.0000      0.0000
479     D         A            9           ALA           33.52           638    394      0     8.791     7.174     1.000     0.0747      0.0000      0.0000      0.0000
480     D         A           10           LEU           30.69           638    394      0     8.791     7.174     1.000     0.0751      0.0000      0.0000      0.0000
481     D         A           11           VAL           30.50           638    394      0     8.791     7.174     1.000     0.0758      0.0000      0.0000      0.0000
482     D         A           12           ILE           30.85           638    394      0     8.791     7.174     1.000     0.0764      0.0000      0.0000      0.0000
483     D         A           13           SER           28.65           638    394      0     8.791     7.174     1.000     0.0763      0.0000      0.0000      0.0000
484     D         A           14           THR           26.51           638    394      0     8.791     7.174     1.000     0.0765      0.0000      0.0000      0.0000
485     D         A           15           CYS           29.09           638    394      0     8.791     7.174     1.000     0.0774      0.0000      0.0000      0.0000
486     D         A           16           LEU           28.07           638    394      0     8.791     7.174     1.000     0.0773      0.0000      0.0000      0.0000
487     D         A           17           GLU           31.05           638    394      0     8.791     7.174     1.000     0.0784      0.0000      0.0000      0.0000
488     D         A           18           PHE           31.34           638    394      0     8.791     7.174     1.000     0.0787      0.0000      0.0000      0.0000
489     D         A           19           SER           38.03           638    394      0     8.791     7.174     1.000     0.0794      0.0000      0.0000      0.0000
490     D         A           20           MET           39.65           638    394      0     8.791     7.174     1.000     0.0805      0.0000      0.0000      0.0000
491     D         A           21           ALA           50.81           638    394      0     8.791     7.174     1.000     0.0819      0.0000      0.0000      0.0000
492     D         A           22           GLN           55.19           638    394      0     8.791     7.174     1.000     0.0939      0.0000      0.0000      0.0000
493     D         A           23           THR           82.87           638    394      0     8.791     7.174     1.000     0.0981      0.0000      0.0000      0.0000
494     D         A           24           VAL           94.25           638    394     34     8.791     7.174     1.509     0.2721      0.5120      0.4125      0.0307
495     D         A           25           THR           95.72           638    394    209     8.791     7.174     5.378     0.4389      0.5948      0.4969      0.3604
496     D         A           26           GLN           96.05           638    394    200     8.791     7.174     5.266     0.4229      0.5777      0.4789      0.3341
497     D         A           27           SER           93.96           638    394    129     8.791     7.174     4.213     0.3363      0.5082      0.4088      0.1941
498     D         A           28           GLN           93.96           638    394     78     8.791     7.174     3.134     0.3120      0.4859      0.3867      0.1080
499     D         A           29           PRO           93.95           638    394    123     8.791     7.174     4.105     0.3311      0.4908      0.3915      0.1747
500     D         A           30           GLU           95.05           638    394    126     8.791     7.174     4.159     0.3360      0.4990      0.3994      0.1835
501     D         A           31           MET           96.60           638    394    174     8.791     7.174     4.918     0.3801      0.5388      0.4386      0.2699
502     D         A           32           SER           95.60           638    394    147     8.791     7.174     4.514     0.3490      0.5114      0.4115      0.2179
503     D         A           33           VAL           96.42           638    394    174     8.791     7.174     4.918     0.3767      0.5336      0.4333      0.2656
504     D         A           34           GLN           95.94           638    394    166     8.791     7.174     4.803     0.3612      0.5153      0.4154      0.2427
505     D         A           35           GLU           95.36           638    394    133     8.791     7.174     4.282     0.3359      0.4973      0.3978      0.1915
506     D         A           36           ALA           95.85           638    394    117     8.791     7.174     3.994     0.3294      0.4932      0.3938      0.1684
507     D         A           37           GLU           96.48           638    394    141     8.791     7.174     4.416     0.3437      0.5045      0.4049      0.2061
508     D         A           38           THR           97.29           638    394    191     8.791     7.174     5.149     0.4019      0.5577      0.4578      0.3050
509     D         A           39           VAL           97.31           638    394    189     8.791     7.174     5.123     0.4058      0.5688      0.4692      0.3128
510     D         A           40           THR           97.37           638    394    217     8.791     7.174     5.476     0.4467      0.5993      0.5015      0.3725
511     D         A           41           LEU           97.66           638    394    220     8.791     7.174     5.511     0.4584      0.6136      0.5166      0.3901
512     D         A           42           SER           96.69           638    394    179     8.791     7.174     4.987     0.3951      0.5609      0.4614      0.2953
513     D         A           43           CYS           97.09           638    394    200     8.791     7.174     5.266     0.4234      0.5814      0.4826      0.3372
514     D         A           44           THR           96.88           638    394    224     8.791     7.174     5.559     0.4642      0.6160      0.5198      0.3978
515     D         A           45           TYR           96.07           638    394    212     8.791     7.174     5.415     0.4519      0.6127      0.5162      0.3823
516     D         A           46           ASP           93.66           638    394    194     8.791     7.174     5.188     0.4175      0.5818      0.4835      0.3323
517     D         A           47           THR           91.26           638    394    188     8.791     7.174     5.109     0.4057      0.5738      0.4752      0.3184
518     D         A           48           SER           85.50           638    394    175     8.791     7.174     4.932     0.3931      0.5645      0.4659      0.2959
519     D         A           49           GLU           83.80           638    394    170     8.791     7.174     4.861     0.3898      0.5701      0.4717      0.2953
520     D         A           50           SER           81.29           638    394    166     8.791     7.174     4.803     0.3941      0.5820      0.4846      0.3023
521     D         A           51           ASP           85.46           638    394    183     8.791     7.174     5.042     0.4138      0.5960      0.4994      0.3361
522     D         A           52           TYR           91.29           638    394    226     8.791     7.174     5.582     0.4836      0.6410      0.5482      0.4301
523     D         A           53           TYR           93.26           638    394    266     8.791     7.174     6.022     0.5232      0.6550      0.5636      0.4812
524     D         A           54           LEU           95.28           638    394    261     8.791     7.174     5.970     0.5122      0.6454      0.5530      0.4662
525     D         A           55           PHE           96.03           638    394    261     8.791     7.174     5.970     0.5070      0.6385      0.5449      0.4575
526     D         A           56           TRP           97.23           638    394    263     8.791     7.174     5.991     0.5150      0.6485      0.5557      0.4700
527     D         A           57           TYR           96.99           638    394    259     8.791     7.174     5.949     0.5057      0.6388      0.5446      0.4548
528     D         A           58           LYS           96.98           638    394    225     8.791     7.174     5.570     0.4704      0.6230      0.5272      0.4060
529     D         A           59           GLN           96.71           638    394    223     8.791     7.174     5.547     0.4629      0.6150      0.5184      0.3953
530     D         A           60           PRO           94.88           638    394    175     8.791     7.174     4.932     0.3884      0.5535      0.4540      0.2846
531     D         A           61           PRO           91.05           638    394     90     8.791     7.174     3.429     0.3127      0.4900      0.3908      0.1287
532     D         A           62           SER           87.70           638    394     14     8.791     7.174     1.000     0.2565      0.4571      0.3594      0.0108
533     D         A           63           ARG           90.09           638    394     34     8.791     7.174     1.509     0.2800      0.4890      0.3897      0.0276
534     D         A           64           GLN           92.62           638    394    133     8.791     7.174     4.282     0.3448      0.5252      0.4257      0.2112
535     D         A           65           MET           95.47           638    394    209     8.791     7.174     5.378     0.4373      0.5920      0.4941      0.3580
536     D         A           66           ILE           95.61           638    394    224     8.791     7.174     5.559     0.4630      0.6146      0.5184      0.3966
537     D         A           67           LEU           95.98           638    394    229     8.791     7.174     5.617     0.4648      0.6092      0.5124      0.3953
538     D         A           68           VAL           96.36           638    394    217     8.791     7.174     5.476     0.4534      0.6070      0.5101      0.3815
539     D         A           69           ILE           96.14           638    394    207     8.791     7.174     5.354     0.4390      0.5946      0.4973      0.3595
540     D         A           70           ARG           94.60           638    394    200     8.791     7.174     5.266     0.4331      0.5909      0.4934      0.3484
541     D         A           71           GLN           94.37           638    394    215     8.791     7.174     5.452     0.4541      0.6068      0.5104      0.3805
542     D         A           72           GLU           90.42           638    394    202     8.791     7.174     5.291     0.4348      0.5951      0.4983      0.3559
543     D         A           73           ALA           88.01           638    394    182     8.791     7.174     5.029     0.4089      0.5801      0.4824      0.3190
544     D         A           74           TYR           84.60           638    394    159     8.791     7.174     4.699     0.3754      0.5492      0.4509      0.2656
545     D         A           75           LYS           81.61           638    394     73     8.791     7.174     3.000     0.3096      0.5335      0.4351      0.1232
546     D         A           76           GLN           78.76           638    394     21     8.791     7.174     1.000     0.2344      0.5216      0.4228      0.0146
547     D         A           77           GLN           85.56           638    394     28     8.791     7.174     1.116     0.2663      0.5137      0.4145      0.0173
548     D         A           78           ASN           90.45           638    394    115     8.791     7.174     3.956     0.3347      0.5105      0.4113      0.1774
549     D         A           79           ALA           88.65           638    394     81     8.791     7.174     3.211     0.3146      0.4987      0.3997      0.1194
550     D         A           80           THR           89.84           638    394     91     8.791     7.174     3.452     0.3151      0.4977      0.3985      0.1345
551     D         A           81           GLU           88.80           638    394     40     8.791     7.174     1.826     0.2827      0.4916      0.3928      0.0409
552     D         A           82           ASN           91.01           638    394     29     8.791     7.174     1.189     0.2695      0.4950      0.3960      0.0180
553     D         A           83           ARG           95.87           638    394    133     8.791     7.174     4.282     0.3383      0.5037      0.4046      0.1968
554     D         A           84           PHE           96.64           638    394    190     8.791     7.174     5.136     0.4144      0.5821      0.4833      0.3269
555     D         A           85           SER           96.39           638    394    180     8.791     7.174     5.001     0.3977      0.5612      0.4617      0.2968
556     D         A           86           VAL           96.40           638    394    183     8.791     7.174     5.042     0.4054      0.5684      0.4689      0.3061
557     D         A           87           ASN           96.24           638    394    215     8.791     7.174     5.452     0.4399      0.5895      0.4916      0.3617
558     D         A           88           PHE           95.81           638    394    218     8.791     7.174     5.488     0.4449      0.5943      0.4966      0.3694
559     D         A           89           GLN           95.32           638    394    220     8.791     7.174     5.511     0.4489      0.5975      0.4999      0.3744
560     D         A           90           LYS           93.27           638    394    217     8.791     7.174     5.476     0.4395      0.5881      0.4900      0.3621
561     D         A           91           ALA           93.23           638    394    204     8.791     7.174     5.316     0.4263      0.5823      0.4839      0.3432
562     D         A           92           ALA           95.08           638    394    192     8.791     7.174     5.162     0.4077      0.5672      0.4680      0.3158
563     D         A           93           LYS           95.29           638    394    216     8.791     7.174     5.464     0.4401      0.5904      0.4924      0.3632
564     D         A           94           SER           96.30           638    394    195     8.791     7.174     5.201     0.4273      0.5917      0.4935      0.3420
565     D         A           95           PHE           96.92           638    394    211     8.791     7.174     5.403     0.4471      0.6028      0.5055      0.3708
566     D         A           96           SER           96.84           638    394    203     8.791     7.174     5.304     0.4353      0.5951      0.4972      0.3543
567     D         A           97           LEU           97.58           638    394    225     8.791     7.174     5.570     0.4641      0.6144      0.5178      0.3965
568     D         A           98           LYS           97.29           638    394    219     8.791     7.174     5.500     0.4536      0.6069      0.5097      0.3826
569     D         A           99           ILE           97.53           638    394    213     8.791     7.174     5.427     0.4441      0.6019      0.5042      0.3710
570     D         A          100           SER           96.30           638    394    162     8.791     7.174     4.744     0.3648      0.5247      0.4248      0.2459
571     D         A          101           ASP           96.49           638    394    152     8.791     7.174     4.592     0.3555      0.5172      0.4174      0.2285
572     D         A          102           SER           96.70           638    394    172     8.791     7.174     4.889     0.3746      0.5369      0.4369      0.2666
573     D         A          103           GLN           95.75           638    394    172     8.791     7.174     4.889     0.3765      0.5349      0.4348      0.2648
574     D         A          104           LEU           94.58           638    394    176     8.791     7.174     4.946     0.3901      0.5542      0.4543      0.2854
575     D         A          105           GLY           94.34           638    394    168     8.791     7.174     4.832     0.3767      0.5407      0.4407      0.2652
576     D         A          106           ASP           96.55           638    394    200     8.791     7.174     5.266     0.4198      0.5776      0.4784      0.3332
577     D         A          107           ALA           95.99           638    394    194     8.791     7.174     5.188     0.4175      0.5807      0.4817      0.3296
578     D         A          108           ALA           96.72           638    394    198     8.791     7.174     5.240     0.4217      0.5813      0.4824      0.3347
579     D         A          109           MET           96.97           638    394    221     8.791     7.174     5.523     0.4621      0.6171      0.5205      0.3950
580     D         A          110           TYR           97.60           638    394    255     8.791     7.174     5.906     0.4977      0.6326      0.5381      0.4450
581     D         A          111           PHE           97.14           638    394    255     8.791     7.174     5.906     0.5005      0.6363      0.5419      0.4487
582     D         A          112           CYS           96.99           638    394    236     8.791     7.174     5.697     0.4779      0.6221      0.5265      0.4163
583     D         A          113           ALA           96.08           638    394    253     8.791     7.174     5.884     0.4951      0.6291      0.5348      0.4405
584     D         A          114           TYR           94.76           638    394    258     8.791     7.174     5.938     0.4990      0.6294      0.5359      0.4467
585     D         A          115           ARG           92.93           638    394    238     8.791     7.174     5.720     0.4886      0.6349      0.5410      0.4334
586     D         A          116           SER           89.56           638    394    244     8.791     7.174     5.786     0.5007      0.6445      0.5527      0.4520
587     D         A          117           ALA           88.26           638    394    235     8.791     7.174     5.686     0.5026      0.6571      0.5659      0.4566
588     D         A          118           LEU           85.34           638    394    195     8.791     7.174     5.201     0.4359      0.6106      0.5148      0.3642
589     D         A          119           SER           82.39           638    394    108     8.791     7.174     3.818     0.3252      0.5387      0.4414      0.1907
590     D         A          120           TYR           75.31           638    394     42     8.791     7.174     1.920     0.2676      0.5470      0.4504      0.0612
591     D         A          121           ASN           75.19           638    394     12     8.791     7.174     1.000     0.2071      0.5733      0.4748      0.0182
592     D         A          122           ASP           78.39           638    394      6     8.791     7.174     1.000     0.1944      0.5273      0.4289      0.0151
593     D         A          123           MET           88.51           638    394     36     8.791     7.174     1.621     0.2556      0.5060      0.4065      0.0344
594     D         A          124           ARG           93.08           638    394    186     8.791     7.174     5.083     0.4149      0.5795      0.4816      0.3226
595     D         A          125           PHE           95.07           638    394    233     8.791     7.174     5.663     0.4740      0.6176      0.5218      0.4089
596     D         A          126           GLY           95.15           638    394    200     8.791     7.174     5.266     0.4313      0.5901      0.4922      0.3469
597     D         A          127           ALA           95.09           638    394    190     8.791     7.174     5.136     0.4148      0.5763      0.4774      0.3219
598     D         A          128           GLY           96.00           638    394    175     8.791     7.174     4.932     0.3877      0.5516      0.4519      0.2827
599     D         A          129           THR           97.03           638    394    219     8.791     7.174     5.500     0.4528      0.6049      0.5075      0.3804
600     D         A          130           ARG           96.61           638    394    214     8.791     7.174     5.439     0.4515      0.6095      0.5121      0.3796
601     D         A          131           LEU           97.23           638    394    211     8.791     7.174     5.403     0.4454      0.6019      0.5039      0.3683
602     D         A          132           THR           95.59           638    394    189     8.791     7.174     5.123     0.4037      0.5657      0.4662      0.3105
603     D         A          133           VAL           96.00           638    394    188     8.791     7.174     5.109     0.3975      0.5535      0.4534      0.2978
604     D         A          134           LYS           95.22           638    394    158     8.791     7.174     4.684     0.3597      0.5199      0.4199      0.2371
605     D         A          135           PRO           94.56           638    394     47     8.791     7.174     2.137     0.2897      0.4726      0.3741      0.0505
606     D         A          136           ASN           92.84           638    394      3     8.791     7.174     1.000     0.2469      0.4459      0.3490      0.0103
607     D         A          137           ILE           90.92           638    394      0     8.791     7.174     1.000     0.2221      0.0000      0.0000      0.0000
608     D         A          138           GLN           86.98           638    394      0     8.791     7.174     1.000     0.1524      0.0000      0.0000      0.0000
609     D         A          139           ASN           88.81           638    394      0     8.791     7.174     1.000     0.1396      0.0000      0.0000      0.0000
610     D         A          140           PRO           89.66           638    394      0     8.791     7.174     1.000     0.1743      0.0000      0.0000      0.0000
611     D         A          141           ASP           91.85           638    394      0     8.791     7.174     1.000     0.1807      0.0000      0.0000      0.0000
612     D         A          142           PRO           92.04           638    394      0     8.791     7.174     1.000     0.2179      0.0000      0.0000      0.0000
613     D         A          143           ALA           91.86           638    394      0     8.791     7.174     1.000     0.2063      0.0000      0.0000      0.0000
614     D         A          144           VAL           92.38           638    394      0     8.791     7.174     1.000     0.2696      0.0000      0.0000      0.0000
615     D         A          145           TYR           92.62           638    394      1     8.791     7.174     1.000     0.2816      0.4408      0.3443      0.0101
616     D         A          146           GLN           90.05           638    394      0     8.791     7.174     1.000     0.2375      0.0000      0.0000      0.0000
617     D         A          147           LEU           88.72           638    394      0     8.791     7.174     1.000     0.1969      0.0000      0.0000      0.0000
618     D         A          148           ARG           81.56           638    394      0     8.791     7.174     1.000     0.0929      0.0000      0.0000      0.0000
619     D         A          149           ASP           70.67           638    394      0     8.791     7.174     1.000     0.0825      0.0000      0.0000      0.0000
620     D         A          150           SER           63.13           638    394      0     8.791     7.174     1.000     0.0803      0.0000      0.0000      0.0000
621     D         A          151           LYS           72.22           638    394      0     8.791     7.174     1.000     0.0815      0.0000      0.0000      0.0000
622     D         A          152           SER           61.08           638    394      0     8.791     7.174     1.000     0.0793      0.0000      0.0000      0.0000
623     D         A          153           SER           60.30           638    394      0     8.791     7.174     1.000     0.0806      0.0000      0.0000      0.0000
624     D         A          154           ASP           66.21           638    394      0     8.791     7.174     1.000     0.0820      0.0000      0.0000      0.0000
625     D         A          155           LYS           71.53           638    394      0     8.791     7.174     1.000     0.0886      0.0000      0.0000      0.0000
626     D         A          156           SER           81.99           638    394      0     8.791     7.174     1.000     0.0984      0.0000      0.0000      0.0000
627     D         A          157           VAL           90.78           638    394      0     8.791     7.174     1.000     0.1993      0.0000      0.0000      0.0000
628     D         A          158           CYS           92.07           638    394      0     8.791     7.174     1.000     0.2702      0.0000      0.0000      0.0000
629     D         A          159           LEU           93.83           638    394     98     8.791     7.174     3.609     0.3202      0.4631      0.3650      0.1271
630     D         A          160           PHE           93.73           638    394     48     8.791     7.174     2.177     0.3065      0.4609      0.3629      0.0499
631     D         A          161           THR           92.66           638    394      0     8.791     7.174     1.000     0.2222      0.0000      0.0000      0.0000
632     D         A          162           ASP           90.22           638    394      0     8.791     7.174     1.000     0.2003      0.0000      0.0000      0.0000
633     D         A          163           PHE           91.64           638    394      0     8.791     7.174     1.000     0.2192      0.0000      0.0000      0.0000
634     D         A          164           ASP           89.44           638    394      0     8.791     7.174     1.000     0.1890      0.0000      0.0000      0.0000
635     D         A          165           SER           88.80           638    394      0     8.791     7.174     1.000     0.1932      0.0000      0.0000      0.0000
636     D         A          166           GLN           86.88           638    394      0     8.791     7.174     1.000     0.1907      0.0000      0.0000      0.0000
637     D         A          167           THR           86.38           638    394      0     8.791     7.174     1.000     0.1912      0.0000      0.0000      0.0000
638     D         A          168           ASN           86.44           638    394      0     8.791     7.174     1.000     0.1837      0.0000      0.0000      0.0000
639     D         A          169           VAL           85.97           638    394      0     8.791     7.174     1.000     0.1861      0.0000      0.0000      0.0000
640     D         A          170           SER           83.99           638    394      0     8.791     7.174     1.000     0.1471      0.0000      0.0000      0.0000
641     D         A          171           GLN           83.84           638    394      0     8.791     7.174     1.000     0.1492      0.0000      0.0000      0.0000
642     D         A          172           SER           81.95           638    394      0     8.791     7.174     1.000     0.1312      0.0000      0.0000      0.0000
643     D         A          173           LYS           80.22           638    394      0     8.791     7.174     1.000     0.1262      0.0000      0.0000      0.0000
644     D         A          174           ASP           82.23           638    394      0     8.791     7.174     1.000     0.1347      0.0000      0.0000      0.0000
645     D         A          175           SER           83.05           638    394      0     8.791     7.174     1.000     0.1382      0.0000      0.0000      0.0000
646     D         A          176           ASP           86.41           638    394      0     8.791     7.174     1.000     0.1495      0.0000      0.0000      0.0000
647     D         A          177           VAL           88.52           638    394      0     8.791     7.174     1.000     0.2338      0.0000      0.0000      0.0000
648     D         A          178           TYR           90.92           638    394      0     8.791     7.174     1.000     0.2608      0.0000      0.0000      0.0000
649     D         A          179           ILE           91.55           638    394     20     8.791     7.174     1.000     0.2874      0.4508      0.3534      0.0105
650     D         A          180           THR           91.40           638    394      1     8.791     7.174     1.000     0.2606      0.4459      0.3489      0.0103
651     D         A          181           ASP           90.41           638    394      0     8.791     7.174     1.000     0.2343      0.0000      0.0000      0.0000
652     D         A          182           LYS           91.86           638    394      0     8.791     7.174     1.000     0.2378      0.0000      0.0000      0.0000
653     D         A          183           THR           92.79           638    394      3     8.791     7.174     1.000     0.2596      0.4408      0.3443      0.0101
654     D         A          184           VAL           93.58           638    394     24     8.791     7.174     1.000     0.2836      0.4541      0.3565      0.0107
655     D         A          185           LEU           92.48           638    394      0     8.791     7.174     1.000     0.2435      0.0000      0.0000      0.0000
656     D         A          186           ASP           92.76           638    394      0     8.791     7.174     1.000     0.2414      0.0000      0.0000      0.0000
657     D         A          187           MET           91.66           638    394      0     8.791     7.174     1.000     0.2388      0.0000      0.0000      0.0000
658     D         A          188           ARG           89.52           638    394      0     8.791     7.174     1.000     0.1980      0.0000      0.0000      0.0000
659     D         A          189           SER           89.49           638    394      0     8.791     7.174     1.000     0.1703      0.0000      0.0000      0.0000
660     D         A          190           MET           89.19           638    394      0     8.791     7.174     1.000     0.1710      0.0000      0.0000      0.0000
661     D         A          191           ASP           90.46           638    394      0     8.791     7.174     1.000     0.1899      0.0000      0.0000      0.0000
662     D         A          192           PHE           92.76           638    394      0     8.791     7.174     1.000     0.2293      0.0000      0.0000      0.0000
663     D         A          193           LYS           93.03           638    394      2     8.791     7.174     1.000     0.2561      0.4434      0.3466      0.0102
664     D         A          194           SER           93.89           638    394      1     8.791     7.174     1.000     0.2476      0.4459      0.3489      0.0103
665     D         A          195           ASN           94.24           638    394     38     8.791     7.174     1.726     0.2953      0.4661      0.3678      0.0327
666     D         A          196           SER           93.66           638    394      1     8.791     7.174     1.000     0.2530      0.4408      0.3443      0.0101
667     D         A          197           ALA           93.84           638    394     31     8.791     7.174     1.325     0.2955      0.4629      0.3647      0.0192
668     D         A          198           VAL           94.11           638    394     53     8.791     7.174     2.369     0.3069      0.4640      0.3658      0.0593
669     D         A          199           ALA           92.72           638    394     25     8.791     7.174     1.000     0.2932      0.4564      0.3587      0.0108
670     D         A          200           TRP           92.07           638    394      2     8.791     7.174     1.000     0.2682      0.4408      0.3443      0.0101
671     D         A          201           SER           88.51           638    394      0     8.791     7.174     1.000     0.1918      0.0000      0.0000      0.0000
672     D         A          202           ASN           84.41           638    394      0     8.791     7.174     1.000     0.1516      0.0000      0.0000      0.0000
673     D         A          203           LYS           81.38           638    394      0     8.791     7.174     1.000     0.1367      0.0000      0.0000      0.0000
674     D         A          204           SER           79.08           638    394      0     8.791     7.174     1.000     0.1216      0.0000      0.0000      0.0000
675     D         A          205           ASP           81.26           638    394      0     8.791     7.174     1.000     0.1169      0.0000      0.0000      0.0000
676     D         A          206           PHE           83.32           638    394      0     8.791     7.174     1.000     0.1514      0.0000      0.0000      0.0000
677     D         A          207           ALA           85.39           638    394      0     8.791     7.174     1.000     0.1554      0.0000      0.0000      0.0000
678     D         A          208           CYS           86.51           638    394      0     8.791     7.174     1.000     0.1631      0.0000      0.0000      0.0000
679     D         A          209           ALA           85.85           638    394      0     8.791     7.174     1.000     0.1562      0.0000      0.0000      0.0000
680     D         A          210           ASN           84.86           638    394      0     8.791     7.174     1.000     0.1426      0.0000      0.0000      0.0000
681     D         A          211           ALA           82.17           638    394      0     8.791     7.174     1.000     0.1631      0.0000      0.0000      0.0000
682     D         A          212           PHE           86.03           638    394      0     8.791     7.174     1.000     0.1795      0.0000      0.0000      0.0000
683     D         A          213           ASN           83.83           638    394      0     8.791     7.174     1.000     0.1432      0.0000      0.0000      0.0000
684     D         A          214           ASN           83.75           638    394      0     8.791     7.174     1.000     0.1370      0.0000      0.0000      0.0000
685     D         A          215           SER           81.67           638    394      0     8.791     7.174     1.000     0.1355      0.0000      0.0000      0.0000
686     D         A          216           ILE           81.24           638    394      0     8.791     7.174     1.000     0.1342      0.0000      0.0000      0.0000
687     D         A          217           ILE           81.74           638    394      0     8.791     7.174     1.000     0.1210      0.0000      0.0000      0.0000
688     D         A          218           PRO           82.47           638    394      0     8.791     7.174     1.000     0.1305      0.0000      0.0000      0.0000
689     D         A          219           GLU           81.55           638    394      0     8.791     7.174     1.000     0.1155      0.0000      0.0000      0.0000
690     D         A          220           ASP           85.28           638    394      0     8.791     7.174     1.000     0.1127      0.0000      0.0000      0.0000
691     D         A          221           THR           83.97           638    394      0     8.791     7.174     1.000     0.1490      0.0000      0.0000      0.0000
692     D         A          222           PHE           88.94           638    394      0     8.791     7.174     1.000     0.1636      0.0000      0.0000      0.0000
693     D         A          223           PHE           85.88           638    394      0     8.791     7.174     1.000     0.1639      0.0000      0.0000      0.0000
694     D         A          224           PRO           80.78           638    394      0     8.791     7.174     1.000     0.1183      0.0000      0.0000      0.0000
695     D         A          225           SER           76.63           638    394      0     8.791     7.174     1.000     0.0998      0.0000      0.0000      0.0000
696     D         A          226           PRO           70.03           638    394      0     8.791     7.174     1.000     0.0880      0.0000      0.0000      0.0000
697     D         A          227           GLU           60.41           638    394      0     8.791     7.174     1.000     0.0830      0.0000      0.0000      0.0000
698     D         A          228           SER           61.43           638    394      0     8.791     7.174     1.000     0.0772      0.0000      0.0000      0.0000
699     D         A          229           SER           67.70           638    394      0     8.791     7.174     1.000     0.0784      0.0000      0.0000      0.0000
700     D         A          230           CYS           74.57           638    394      0     8.791     7.174     1.000     0.0895      0.0000      0.0000      0.0000
701     D         A          231           ASP           79.47           638    394      0     8.791     7.174     1.000     0.1251      0.0000      0.0000      0.0000
702     D         A          232           VAL           81.87           638    394      0     8.791     7.174     1.000     0.1491      0.0000      0.0000      0.0000
703     D         A          233           LYS           80.13           638    394      0     8.791     7.174     1.000     0.1479      0.0000      0.0000      0.0000
704     D         A          234           LEU           79.91           638    394      0     8.791     7.174     1.000     0.1532      0.0000      0.0000      0.0000
705     D         A          235           VAL           82.34           638    394      0     8.791     7.174     1.000     0.1670      0.0000      0.0000      0.0000
706     D         A          236           GLU           79.28           638    394      0     8.791     7.174     1.000     0.1575      0.0000      0.0000      0.0000
707     D         A          237           LYS           82.82           638    394      0     8.791     7.174     1.000     0.1554      0.0000      0.0000      0.0000
708     D         A          238           SER           79.94           638    394      0     8.791     7.174     1.000     0.1453      0.0000      0.0000      0.0000
709     D         A          239           PHE           81.44           638    394      0     8.791     7.174     1.000     0.1607      0.0000      0.0000      0.0000
710     D         A          240           GLU           80.38           638    394      0     8.791     7.174     1.000     0.1370      0.0000      0.0000      0.0000
711     D         A          241           THR           81.91           638    394      0     8.791     7.174     1.000     0.1457      0.0000      0.0000      0.0000
712     D         A          242           ASP           82.75           638    394      0     8.791     7.174     1.000     0.1397      0.0000      0.0000      0.0000
713     D         A          243           THR           85.15           638    394      0     8.791     7.174     1.000     0.1424      0.0000      0.0000      0.0000
714     D         A          244           ASN           83.82           638    394      0     8.791     7.174     1.000     0.1451      0.0000      0.0000      0.0000
715     D         A          245           LEU           82.44           638    394      0     8.791     7.174     1.000     0.1580      0.0000      0.0000      0.0000
716     D         A          246           ASN           82.28           638    394      0     8.791     7.174     1.000     0.1465      0.0000      0.0000      0.0000
717     D         A          247           PHE           82.59           638    394      0     8.791     7.174     1.000     0.1444      0.0000      0.0000      0.0000
718     D         A          248           GLN           81.55           638    394      0     8.791     7.174     1.000     0.1480      0.0000      0.0000      0.0000
719     D         A          249           ASN           82.40           638    394      0     8.791     7.174     1.000     0.1469      0.0000      0.0000      0.0000
720     D         A          250           LEU           82.37           638    394      0     8.791     7.174     1.000     0.1396      0.0000      0.0000      0.0000
721     D         A          251           SER           85.49           638    394      0     8.791     7.174     1.000     0.1346      0.0000      0.0000      0.0000
722     D         A          252           VAL           86.31           638    394      0     8.791     7.174     1.000     0.1356      0.0000      0.0000      0.0000
723     D         A          253           ILE           85.84           638    394      0     8.791     7.174     1.000     0.1337      0.0000      0.0000      0.0000
724     D         A          254           GLY           83.18           638    394      0     8.791     7.174     1.000     0.1274      0.0000      0.0000      0.0000
725     D         A          255           PHE           86.89           638    394      0     8.791     7.174     1.000     0.1278      0.0000      0.0000      0.0000
726     D         A          256           ARG           85.65           638    394      0     8.791     7.174     1.000     0.1310      0.0000      0.0000      0.0000
727     D         A          257           ILE           85.85           638    394      0     8.791     7.174     1.000     0.1236      0.0000      0.0000      0.0000
728     D         A          258           LEU           87.46           638    394      0     8.791     7.174     1.000     0.1235      0.0000      0.0000      0.0000
729     D         A          259           LEU           86.08           638    394      0     8.791     7.174     1.000     0.1223      0.0000      0.0000      0.0000
730     D         A          260           LEU           86.23           638    394      0     8.791     7.174     1.000     0.1225      0.0000      0.0000      0.0000
731     D         A          261           LYS           85.98           638    394      0     8.791     7.174     1.000     0.1213      0.0000      0.0000      0.0000
732     D         A          262           VAL           86.14           638    394      0     8.791     7.174     1.000     0.1180      0.0000      0.0000      0.0000
733     D         A          263           ALA           84.70           638    394      0     8.791     7.174     1.000     0.1173      0.0000      0.0000      0.0000
734     D         A          264           GLY           85.40           638    394      0     8.791     7.174     1.000     0.1138      0.0000      0.0000      0.0000
735     D         A          265           PHE           89.00           638    394      0     8.791     7.174     1.000     0.1108      0.0000      0.0000      0.0000
736     D         A          266           ASN           85.98           638    394      0     8.791     7.174     1.000     0.1108      0.0000      0.0000      0.0000
737     D         A          267           LEU           87.55           638    394      0     8.791     7.174     1.000     0.1099      0.0000      0.0000      0.0000
738     D         A          268           LEU           87.57           638    394      0     8.791     7.174     1.000     0.1099      0.0000      0.0000      0.0000
739     D         A          269           MET           84.36           638    394      0     8.791     7.174     1.000     0.1025      0.0000      0.0000      0.0000
740     D         A          270           THR           85.23           638    394      0     8.791     7.174     1.000     0.1050      0.0000      0.0000      0.0000
741     D         A          271           LEU           86.96           638    394      0     8.791     7.174     1.000     0.1013      0.0000      0.0000      0.0000
742     D         A          272           ARG           87.20           638    394      0     8.791     7.174     1.000     0.0985      0.0000      0.0000      0.0000
743     D         A          273           LEU           81.16           638    394      0     8.791     7.174     1.000     0.0974      0.0000      0.0000      0.0000
744     D         A          274           TRP           82.89           638    394      0     8.791     7.174     1.000     0.0897      0.0000      0.0000      0.0000
745     D         A          275           SER           82.88           638    394      0     8.791     7.174     1.000     0.0817      0.0000      0.0000      0.0000
746     D         A          276           SER           66.62           638    394      0     8.791     7.174     1.000     0.0758      0.0000      0.0000      0.0000
471     D         B            1           MET           21.02           375    189      0     7.021     5.123     1.000     0.0470      0.0000      0.0000      0.0000
472     D         B            2           ALA           24.01           375    189      0     7.021     5.123     1.000     0.0471      0.0000      0.0000      0.0000
473     D         B            3           CYS           23.20           375    189      0     7.021     5.123     1.000     0.0472      0.0000      0.0000      0.0000
474     D         B            4           PRO           29.26           375    189      0     7.021     5.123     1.000     0.0473      0.0000      0.0000      0.0000
475     D         B            5           GLY           30.54           375    189      0     7.021     5.123     1.000     0.0473      0.0000      0.0000      0.0000
476     D         B            6           PHE           21.99           375    189      0     7.021     5.123     1.000     0.0476      0.0000      0.0000      0.0000
477     D         B            7           LEU           26.41           375    189      0     7.021     5.123     1.000     0.0479      0.0000      0.0000      0.0000
478     D         B            8           TRP           29.17           375    189      0     7.021     5.123     1.000     0.0482      0.0000      0.0000      0.0000
479     D         B            9           ALA           33.52           375    189      0     7.021     5.123     1.000     0.0483      0.0000      0.0000      0.0000
480     D         B           10           LEU           30.69           375    189      0     7.021     5.123     1.000     0.0485      0.0000      0.0000      0.0000
481     D         B           11           VAL           30.50           375    189      0     7.021     5.123     1.000     0.0490      0.0000      0.0000      0.0000
482     D         B           12           ILE           30.85           375    189      0     7.021     5.123     1.000     0.0493      0.0000      0.0000      0.0000
483     D         B           13           SER           28.65           375    189      0     7.021     5.123     1.000     0.0491      0.0000      0.0000      0.0000
484     D         B           14           THR           26.51           375    189      0     7.021     5.123     1.000     0.0492      0.0000      0.0000      0.0000
485     D         B           15           CYS           29.09           375    189      0     7.021     5.123     1.000     0.0496      0.0000      0.0000      0.0000
486     D         B           16           LEU           28.07           375    189      0     7.021     5.123     1.000     0.0493      0.0000      0.0000      0.0000
487     D         B           17           GLU           31.05           375    189      0     7.021     5.123     1.000     0.0499      0.0000      0.0000      0.0000
488     D         B           18           PHE           31.34           375    189      0     7.021     5.123     1.000     0.0496      0.0000      0.0000      0.0000
489     D         B           19           SER           38.03           375    189      0     7.021     5.123     1.000     0.0499      0.0000      0.0000      0.0000
490     D         B           20           MET           39.65           375    189      0     7.021     5.123     1.000     0.0504      0.0000      0.0000      0.0000
491     D         B           21           ALA           50.81           375    189      0     7.021     5.123     1.000     0.0517      0.0000      0.0000      0.0000
492     D         B           22           GLN           55.19           375    189      0     7.021     5.123     1.000     0.0587      0.0000      0.0000      0.0000
493     D         B           23           THR           82.87           375    189      0     7.021     5.123     1.000     0.0604      0.0000      0.0000      0.0000
494     D         B           24           VAL           94.25           375    189      0     7.021     5.123     1.000     0.1714      0.0000      0.0000      0.0000
495     D         B           25           THR           95.72           375    189     63     7.021     5.123     2.706     0.3556      0.3869      0.2522      0.0865
496     D         B           26           GLN           96.05           375    189     53     7.021     5.123     2.369     0.3448      0.3867      0.2519      0.0674
497     D         B           27           SER           93.96           375    189      0     7.021     5.123     1.000     0.2380      0.0000      0.0000      0.0000
498     D         B           28           GLN           93.96           375    189      0     7.021     5.123     1.000     0.2252      0.0000      0.0000      0.0000
499     D         B           29           PRO           93.95           375    189      0     7.021     5.123     1.000     0.2432      0.0000      0.0000      0.0000
500     D         B           30           GLU           95.05           375    189      3     7.021     5.123     1.000     0.2454      0.3377      0.2135      0.0102
501     D         B           31           MET           96.60           375    189     29     7.021     5.123     1.189     0.2959      0.3664      0.2356      0.0164
502     D         B           32           SER           95.60           375    189      5     7.021     5.123     1.000     0.2580      0.3458      0.2196      0.0106
503     D         B           33           VAL           96.42           375    189     24     7.021     5.123     1.000     0.2899      0.3655      0.2349      0.0116
504     D         B           34           GLN           95.94           375    189     13     7.021     5.123     1.000     0.2725      0.3514      0.2239      0.0109
505     D         B           35           GLU           95.36           375    189      3     7.021     5.123     1.000     0.2486      0.3377      0.2135      0.0102
506     D         B           36           ALA           95.85           375    189      0     7.021     5.123     1.000     0.2358      0.0000      0.0000      0.0000
507     D         B           37           GLU           96.48           375    189      3     7.021     5.123     1.000     0.2493      0.3377      0.2135      0.0102
508     D         B           38           THR           97.29           375    189     40     7.021     5.123     1.826     0.3163      0.3760      0.2432      0.0393
509     D         B           39           VAL           97.31           375    189     41     7.021     5.123     1.873     0.3167      0.3820      0.2481      0.0424
510     D         B           40           THR           97.37           375    189     63     7.021     5.123     2.706     0.3694      0.4100      0.2710      0.0946
511     D         B           41           LEU           97.66           375    189     75     7.021     5.123     3.054     0.3941      0.4246      0.2836      0.1244
512     D         B           42           SER           96.69           375    189     27     7.021     5.123     1.039     0.3063      0.3692      0.2379      0.0127
513     D         B           43           CYS           97.09           375    189     53     7.021     5.123     2.369     0.3452      0.3906      0.2551      0.0685
514     D         B           44           THR           96.88           375    189     78     7.021     5.123     3.134     0.3860      0.4071      0.2689      0.1217
515     D         B           45           TYR           96.07           375    189     68     7.021     5.123     2.858     0.3771      0.4103      0.2715      0.1047
516     D         B           46           ASP           93.66           375    189     30     7.021     5.123     1.258     0.3171      0.3819      0.2479      0.0196
517     D         B           47           THR           91.26           375    189     25     7.021     5.123     1.000     0.3040      0.3846      0.2500      0.0126
518     D         B           48           SER           85.50           375    189     18     7.021     5.123     1.000     0.2842      0.3673      0.2364      0.0117
519     D         B           49           GLU           83.80           375    189     17     7.021     5.123     1.000     0.2738      0.3723      0.2404      0.0120
520     D         B           50           SER           81.29           375    189     15     7.021     5.123     1.000     0.2698      0.3767      0.2438      0.0122
521     D         B           51           ASP           85.46           375    189     24     7.021     5.123     1.000     0.2875      0.3905      0.2549      0.0129
522     D         B           52           TYR           91.29           375    189     82     7.021     5.123     3.236     0.3994      0.4184      0.2788      0.1349
523     D         B           53           TYR           93.26           375    189     99     7.021     5.123     3.631     0.4591      0.4591      0.3138      0.1884
524     D         B           54           LEU           95.28           375    189     97     7.021     5.123     3.587     0.4614      0.4642      0.3183      0.1880
525     D         B           55           PHE           96.03           375    189     97     7.021     5.123     3.587     0.4550      0.4577      0.3122      0.1834
526     D         B           56           TRP           97.23           375    189     97     7.021     5.123     3.587     0.4756      0.4786      0.3314      0.1976
527     D         B           57           TYR           96.99           375    189     97     7.021     5.123     3.587     0.4608      0.4636      0.3177      0.1875
528     D         B           58           LYS           96.98           375    189     78     7.021     5.123     3.134     0.3958      0.4206      0.2806      0.1285
529     D         B           59           GLN           96.71           375    189     76     7.021     5.123     3.081     0.3939      0.4227      0.2822      0.1256
530     D         B           60           PRO           94.88           375    189     27     7.021     5.123     1.039     0.2990      0.3753      0.2426      0.0130
531     D         B           61           PRO           91.05           375    189      0     7.021     5.123     1.000     0.2238      0.0000      0.0000      0.0000
532     D         B           62           SER           87.70           375    189      0     7.021     5.123     1.000     0.1778      0.0000      0.0000      0.0000
533     D         B           63           ARG           90.09           375    189      0     7.021     5.123     1.000     0.1909      0.0000      0.0000      0.0000
534     D         B           64           GLN           92.62           375    189      4     7.021     5.123     1.000     0.2277      0.3486      0.2217      0.0107
535     D         B           65           MET           95.47           375    189     50     7.021     5.123     2.256     0.3473      0.4083      0.2697      0.0673
536     D         B           66           ILE           95.61           375    189     73     7.021     5.123     3.000     0.3839      0.4131      0.2741      0.1156
537     D         B           67           LEU           95.98           375    189     79     7.021     5.123     3.160     0.3902      0.4105      0.2718      0.1252
538     D         B           68           VAL           96.36           375    189     66     7.021     5.123     2.798     0.3715      0.4072      0.2691      0.0997
539     D         B           69           ILE           96.14           375    189     48     7.021     5.123     2.177     0.3424      0.3946      0.2586      0.0597
540     D         B           70           ARG           94.60           375    189     38     7.021     5.123     1.726     0.3305      0.3886      0.2535      0.0373
541     D         B           71           GLN           94.37           375    189     62     7.021     5.123     2.675     0.3632      0.3984      0.2618      0.0888
542     D         B           72           GLU           90.42           375    189     34     7.021     5.123     1.509     0.3243      0.3931      0.2571      0.0293
543     D         B           73           ALA           88.01           375    189     21     7.021     5.123     1.000     0.2930      0.3835      0.2492      0.0125
544     D         B           74           TYR           84.60           375    189      9     7.021     5.123     1.000     0.2523      0.3628      0.2327      0.0114
545     D         B           75           LYS           81.61           375    189      0     7.021     5.123     1.000     0.2014      0.0000      0.0000      0.0000
546     D         B           76           GLN           78.76           375    189      0     7.021     5.123     1.000     0.1352      0.0000      0.0000      0.0000
547     D         B           77           GLN           85.56           375    189      0     7.021     5.123     1.000     0.1621      0.0000      0.0000      0.0000
548     D         B           78           ASN           90.45           375    189      0     7.021     5.123     1.000     0.2214      0.0000      0.0000      0.0000
549     D         B           79           ALA           88.65           375    189      0     7.021     5.123     1.000     0.2161      0.0000      0.0000      0.0000
550     D         B           80           THR           89.84           375    189      0     7.021     5.123     1.000     0.2091      0.0000      0.0000      0.0000
551     D         B           81           GLU           88.80           375    189      0     7.021     5.123     1.000     0.1840      0.0000      0.0000      0.0000
552     D         B           82           ASN           91.01           375    189      0     7.021     5.123     1.000     0.1715      0.0000      0.0000      0.0000
553     D         B           83           ARG           95.87           375    189      0     7.021     5.123     1.000     0.2296      0.0000      0.0000      0.0000
554     D         B           84           PHE           96.64           375    189     38     7.021     5.123     1.726     0.3172      0.3871      0.2521      0.0370
555     D         B           85           SER           96.39           375    189     23     7.021     5.123     1.000     0.2905      0.3662      0.2355      0.0116
556     D         B           86           VAL           96.40           375    189     30     7.021     5.123     1.258     0.3058      0.3750      0.2424      0.0190
557     D         B           87           ASN           96.24           375    189     49     7.021     5.123     2.217     0.3404      0.3894      0.2542      0.0604
558     D         B           88           PHE           95.81           375    189     55     7.021     5.123     2.441     0.3555      0.4034      0.2656      0.0764
559     D         B           89           GLN           95.32           375    189     54     7.021     5.123     2.405     0.3498      0.3941      0.2581      0.0716
560     D         B           90           LYS           93.27           375    189     51     7.021     5.123     2.294     0.3444      0.3903      0.2549      0.0645
561     D         B           91           ALA           93.23           375    189     33     7.021     5.123     1.450     0.3203      0.3861      0.2514      0.0263
562     D         B           92           ALA           95.08           375    189     22     7.021     5.123     1.000     0.2955      0.3720      0.2401      0.0119
563     D         B           93           LYS           95.29           375    189     54     7.021     5.123     2.405     0.3501      0.3949      0.2586      0.0718
564     D         B           94           SER           96.30           375    189     39     7.021     5.123     1.777     0.3245      0.3812      0.2476      0.0383
565     D         B           95           PHE           96.92           375    189     68     7.021     5.123     2.858     0.3754      0.4085      0.2700      0.1039
566     D         B           96           SER           96.84           375    189     50     7.021     5.123     2.256     0.3422      0.3892      0.2540      0.0623
567     D         B           97           LEU           97.58           375    189     79     7.021     5.123     3.160     0.3991      0.4236      0.2829      0.1316
568     D         B           98           LYS           97.29           375    189     66     7.021     5.123     2.798     0.3703      0.4083      0.2698      0.1000
569     D         B           99           ILE           97.53           375    189     63     7.021     5.123     2.706     0.3703      0.4133      0.2739      0.0959
570     D         B          100           SER           96.30           375    189      8     7.021     5.123     1.000     0.2655      0.3505      0.2232      0.0108
571     D         B          101           ASP           96.49           375    189      6     7.021     5.123     1.000     0.2558      0.3431      0.2176      0.0105
572     D         B          102           SER           96.70           375    189     20     7.021     5.123     1.000     0.2810      0.3612      0.2315      0.0114
573     D         B          103           GLN           95.75           375    189     25     7.021     5.123     1.000     0.2917      0.3601      0.2307      0.0113
574     D         B          104           LEU           94.58           375    189     36     7.021     5.123     1.621     0.3111      0.3724      0.2403      0.0308
575     D         B          105           GLY           94.34           375    189     27     7.021     5.123     1.039     0.2969      0.3595      0.2302      0.0122
576     D         B          106           ASP           96.55           375    189     51     7.021     5.123     2.294     0.3445      0.4009      0.2634      0.0673
577     D         B          107           ALA           95.99           375    189     51     7.021     5.123     2.294     0.3469      0.4000      0.2626      0.0670
578     D         B          108           ALA           96.72           375    189     56     7.021     5.123     2.476     0.3491      0.3962      0.2596      0.0761
579     D         B          109           MET           96.97           375    189     77     7.021     5.123     3.108     0.3977      0.4270      0.2858      0.1295
580     D         B          110           TYR           97.60           375    189     93     7.021     5.123     3.498     0.4551      0.4640      0.3185      0.1809
581     D         B          111           PHE           97.14           375    189     94     7.021     5.123     3.521     0.4585      0.4658      0.3196      0.1832
582     D         B          112           CYS           96.99           375    189     91     7.021     5.123     3.452     0.4244      0.4335      0.2915      0.1587
583     D         B          113           ALA           96.08           375    189     97     7.021     5.123     3.587     0.4420      0.4445      0.3008      0.1755
584     D         B          114           TYR           94.76           375    189     99     7.021     5.123     3.631     0.4471      0.4471      0.3031      0.1806
585     D         B          115           ARG           92.93           375    189     94     7.021     5.123     3.521     0.4211      0.4263      0.2852      0.1597
586     D         B          116           SER           89.56           375    189     95     7.021     5.123     3.543     0.4226      0.4266      0.2859      0.1621
587     D         B          117           ALA           88.26           375    189     99     7.021     5.123     3.631     0.4310      0.4310      0.2897      0.1714
588     D         B          118           LEU           85.34           375    189     42     7.021     5.123     1.920     0.3346      0.3936      0.2578      0.0469
589     D         B          119           SER           82.39           375    189      2     7.021     5.123     1.000     0.2113      0.3392      0.2146      0.0103
590     D         B          120           TYR           75.31           375    189      0     7.021     5.123     1.000     0.1598      0.0000      0.0000      0.0000
591     D         B          121           ASN           75.19           375    189      0     7.021     5.123     1.000     0.1270      0.0000      0.0000      0.0000
592     D         B          122           ASP           78.39           375    189      0     7.021     5.123     1.000     0.1198      0.0000      0.0000      0.0000
593     D         B          123           MET           88.51           375    189      0     7.021     5.123     1.000     0.1667      0.0000      0.0000      0.0000
594     D         B          124           ARG           93.08           375    189     32     7.021     5.123     1.388     0.3183      0.3872      0.2523      0.0243
595     D         B          125           PHE           95.07           375    189     84     7.021     5.123     3.286     0.4045      0.4208      0.2805      0.1392
596     D         B          126           GLY           95.15           375    189     54     7.021     5.123     2.405     0.3493      0.3925      0.2568      0.0712
597     D         B          127           ALA           95.09           375    189     41     7.021     5.123     1.873     0.3283      0.3793      0.2460      0.0420
598     D         B          128           GLY           96.00           375    189     24     7.021     5.123     1.000     0.2973      0.3675      0.2364      0.0117
599     D         B          129           THR           97.03           375    189     75     7.021     5.123     3.054     0.3898      0.4181      0.2780      0.1213
600     D         B          130           ARG           96.61           375    189     75     7.021     5.123     3.054     0.3849      0.4143      0.2750      0.1197
601     D         B          131           LEU           97.23           375    189     66     7.021     5.123     2.798     0.3787      0.4197      0.2794      0.1045
602     D         B          132           THR           95.59           375    189     43     7.021     5.123     1.965     0.3205      0.3805      0.2469      0.0462
603     D         B          133           VAL           96.00           375    189     40     7.021     5.123     1.826     0.3197      0.3806      0.2469      0.0401
604     D         B          134           LYS           95.22           375    189     14     7.021     5.123     1.000     0.2728      0.3547      0.2265      0.0110
605     D         B          135           PRO           94.56           375    189      0     7.021     5.123     1.000     0.2051      0.0000      0.0000      0.0000
606     D         B          136           ASN           92.84           375    189      0     7.021     5.123     1.000     0.1717      0.0000      0.0000      0.0000
607     D         B          137           ILE           90.92           375    189      0     7.021     5.123     1.000     0.1533      0.0000      0.0000      0.0000
608     D         B          138           GLN           86.98           375    189      0     7.021     5.123     1.000     0.0995      0.0000      0.0000      0.0000
609     D         B          139           ASN           88.81           375    189      0     7.021     5.123     1.000     0.0926      0.0000      0.0000      0.0000
610     D         B          140           PRO           89.66           375    189      0     7.021     5.123     1.000     0.1212      0.0000      0.0000      0.0000
611     D         B          141           ASP           91.85           375    189      0     7.021     5.123     1.000     0.1269      0.0000      0.0000      0.0000
612     D         B          142           PRO           92.04           375    189      0     7.021     5.123     1.000     0.1577      0.0000      0.0000      0.0000
613     D         B          143           ALA           91.86           375    189      0     7.021     5.123     1.000     0.1530      0.0000      0.0000      0.0000
614     D         B          144           VAL           92.38           375    189      0     7.021     5.123     1.000     0.2026      0.0000      0.0000      0.0000
615     D         B          145           TYR           92.62           375    189      0     7.021     5.123     1.000     0.2147      0.0000      0.0000      0.0000
616     D         B          146           GLN           90.05           375    189      0     7.021     5.123     1.000     0.1772      0.0000      0.0000      0.0000
617     D         B          147           LEU           88.72           375    189      0     7.021     5.123     1.000     0.1455      0.0000      0.0000      0.0000
618     D         B          148           ARG           81.56           375    189      0     7.021     5.123     1.000     0.0609      0.0000      0.0000      0.0000
619     D         B          149           ASP           70.67           375    189      0     7.021     5.123     1.000     0.0540      0.0000      0.0000      0.0000
620     D         B          150           SER           63.13           375    189      0     7.021     5.123     1.000     0.0526      0.0000      0.0000      0.0000
621     D         B          151           LYS           72.22           375    189      0     7.021     5.123     1.000     0.0533      0.0000      0.0000      0.0000
622     D         B          152           SER           61.08           375    189      0     7.021     5.123     1.000     0.0514      0.0000      0.0000      0.0000
623     D         B          153           SER           60.30           375    189      0     7.021     5.123     1.000     0.0522      0.0000      0.0000      0.0000
624     D         B          154           ASP           66.21           375    189      0     7.021     5.123     1.000     0.0538      0.0000      0.0000      0.0000
625     D         B          155           LYS           71.53           375    189      0     7.021     5.123     1.000     0.0585      0.0000      0.0000      0.0000
626     D         B          156           SER           81.99           375    189      0     7.021     5.123     1.000     0.0659      0.0000      0.0000      0.0000
627     D         B          157           VAL           90.78           375    189      0     7.021     5.123     1.000     0.1378      0.0000      0.0000      0.0000
628     D         B          158           CYS           92.07           375    189      0     7.021     5.123     1.000     0.1997      0.0000      0.0000      0.0000
629     D         B          159           LEU           93.83           375    189      0     7.021     5.123     1.000     0.2471      0.0000      0.0000      0.0000
630     D         B          160           PHE           93.73           375    189      0     7.021     5.123     1.000     0.2377      0.0000      0.0000      0.0000
631     D         B          161           THR           92.66           375    189      0     7.021     5.123     1.000     0.1597      0.0000      0.0000      0.0000
632     D         B          162           ASP           90.22           375    189      0     7.021     5.123     1.000     0.1415      0.0000      0.0000      0.0000
633     D         B          163           PHE           91.64           375    189      0     7.021     5.123     1.000     0.1595      0.0000      0.0000      0.0000
634     D         B          164           ASP           89.44           375    189      0     7.021     5.123     1.000     0.1317      0.0000      0.0000      0.0000
635     D         B          165           SER           88.80           375    189      0     7.021     5.123     1.000     0.1361      0.0000      0.0000      0.0000
636     D         B          166           GLN           86.88           375    189      0     7.021     5.123     1.000     0.1314      0.0000      0.0000      0.0000
637     D         B          167           THR           86.38           375    189      0     7.021     5.123     1.000     0.1350      0.0000      0.0000      0.0000
638     D         B          168           ASN           86.44           375    189      0     7.021     5.123     1.000     0.1277      0.0000      0.0000      0.0000
639     D         B          169           VAL           85.97           375    189      0     7.021     5.123     1.000     0.1300      0.0000      0.0000      0.0000
640     D         B          170           SER           83.99           375    189      0     7.021     5.123     1.000     0.1005      0.0000      0.0000      0.0000
641     D         B          171           GLN           83.84           375    189      0     7.021     5.123     1.000     0.1001      0.0000      0.0000      0.0000
642     D         B          172           SER           81.95           375    189      0     7.021     5.123     1.000     0.0878      0.0000      0.0000      0.0000
643     D         B          173           LYS           80.22           375    189      0     7.021     5.123     1.000     0.0837      0.0000      0.0000      0.0000
644     D         B          174           ASP           82.23           375    189      0     7.021     5.123     1.000     0.0921      0.0000      0.0000      0.0000
645     D         B          175           SER           83.05           375    189      0     7.021     5.123     1.000     0.0928      0.0000      0.0000      0.0000
646     D         B          176           ASP           86.41           375    189      0     7.021     5.123     1.000     0.1006      0.0000      0.0000      0.0000
647     D         B          177           VAL           88.52           375    189      0     7.021     5.123     1.000     0.1683      0.0000      0.0000      0.0000
648     D         B          178           TYR           90.92           375    189      0     7.021     5.123     1.000     0.1951      0.0000      0.0000      0.0000
649     D         B          179           ILE           91.55           375    189      0     7.021     5.123     1.000     0.2196      0.0000      0.0000      0.0000
650     D         B          180           THR           91.40           375    189      0     7.021     5.123     1.000     0.1948      0.0000      0.0000      0.0000
651     D         B          181           ASP           90.41           375    189      0     7.021     5.123     1.000     0.1669      0.0000      0.0000      0.0000
652     D         B          182           LYS           91.86           375    189      0     7.021     5.123     1.000     0.1697      0.0000      0.0000      0.0000
653     D         B          183           THR           92.79           375    189      0     7.021     5.123     1.000     0.1882      0.0000      0.0000      0.0000
654     D         B          184           VAL           93.58           375    189      0     7.021     5.123     1.000     0.2094      0.0000      0.0000      0.0000
655     D         B          185           LEU           92.48           375    189      0     7.021     5.123     1.000     0.1734      0.0000      0.0000      0.0000
656     D         B          186           ASP           92.76           375    189      0     7.021     5.123     1.000     0.1706      0.0000      0.0000      0.0000
657     D         B          187           MET           91.66           375    189      0     7.021     5.123     1.000     0.1690      0.0000      0.0000      0.0000
658     D         B          188           ARG           89.52           375    189      0     7.021     5.123     1.000     0.1340      0.0000      0.0000      0.0000
659     D         B          189           SER           89.49           375    189      0     7.021     5.123     1.000     0.1133      0.0000      0.0000      0.0000
660     D         B          190           MET           89.19           375    189      0     7.021     5.123     1.000     0.1123      0.0000      0.0000      0.0000
661     D         B          191           ASP           90.46           375    189      0     7.021     5.123     1.000     0.1272      0.0000      0.0000      0.0000
662     D         B          192           PHE           92.76           375    189      0     7.021     5.123     1.000     0.1617      0.0000      0.0000      0.0000
663     D         B          193           LYS           93.03           375    189      0     7.021     5.123     1.000     0.1813      0.0000      0.0000      0.0000
664     D         B          194           SER           93.89           375    189      0     7.021     5.123     1.000     0.1753      0.0000      0.0000      0.0000
665     D         B          195           ASN           94.24           375    189      0     7.021     5.123     1.000     0.2196      0.0000      0.0000      0.0000
666     D         B          196           SER           93.66           375    189      0     7.021     5.123     1.000     0.1805      0.0000      0.0000      0.0000
667     D         B          197           ALA           93.84           375    189      0     7.021     5.123     1.000     0.2236      0.0000      0.0000      0.0000
668     D         B          198           VAL           94.11           375    189      0     7.021     5.123     1.000     0.2320      0.0000      0.0000      0.0000
669     D         B          199           ALA           92.72           375    189      0     7.021     5.123     1.000     0.2233      0.0000      0.0000      0.0000
670     D         B          200           TRP           92.07           375    189      0     7.021     5.123     1.000     0.1994      0.0000      0.0000      0.0000
671     D         B          201           SER           88.51           375    189      0     7.021     5.123     1.000     0.1308      0.0000      0.0000      0.0000
672     D         B          202           ASN           84.41           375    189      0     7.021     5.123     1.000     0.1004      0.0000      0.0000      0.0000
673     D         B          203           LYS           81.38           375    189      0     7.021     5.123     1.000     0.0906      0.0000      0.0000      0.0000
674     D         B          204           SER           79.08           375    189      0     7.021     5.123     1.000     0.0820      0.0000      0.0000      0.0000
675     D         B          205           ASP           81.26           375    189      0     7.021     5.123     1.000     0.0787      0.0000      0.0000      0.0000
676     D         B          206           PHE           83.32           375    189      0     7.021     5.123     1.000     0.1053      0.0000      0.0000      0.0000
677     D         B          207           ALA           85.39           375    189      0     7.021     5.123     1.000     0.1090      0.0000      0.0000      0.0000
678     D         B          208           CYS           86.51           375    189      0     7.021     5.123     1.000     0.1137      0.0000      0.0000      0.0000
679     D         B          209           ALA           85.85           375    189      0     7.021     5.123     1.000     0.1097      0.0000      0.0000      0.0000
680     D         B          210           ASN           84.86           375    189      0     7.021     5.123     1.000     0.1007      0.0000      0.0000      0.0000
681     D         B          211           ALA           82.17           375    189      0     7.021     5.123     1.000     0.1181      0.0000      0.0000      0.0000
682     D         B          212           PHE           86.03           375    189      0     7.021     5.123     1.000     0.1323      0.0000      0.0000      0.0000
683     D         B          213           ASN           83.83           375    189      0     7.021     5.123     1.000     0.0994      0.0000      0.0000      0.0000
684     D         B          214           ASN           83.75           375    189      0     7.021     5.123     1.000     0.0962      0.0000      0.0000      0.0000
685     D         B          215           SER           81.67           375    189      0     7.021     5.123     1.000     0.0948      0.0000      0.0000      0.0000
686     D         B          216           ILE           81.24           375    189      0     7.021     5.123     1.000     0.0936      0.0000      0.0000      0.0000
687     D         B          217           ILE           81.74           375    189      0     7.021     5.123     1.000     0.0837      0.0000      0.0000      0.0000
688     D         B          218           PRO           82.47           375    189      0     7.021     5.123     1.000     0.0918      0.0000      0.0000      0.0000
689     D         B          219           GLU           81.55           375    189      0     7.021     5.123     1.000     0.0798      0.0000      0.0000      0.0000
690     D         B          220           ASP           85.28           375    189      0     7.021     5.123     1.000     0.0769      0.0000      0.0000      0.0000
691     D         B          221           THR           83.97           375    189      0     7.021     5.123     1.000     0.1092      0.0000      0.0000      0.0000
692     D         B          222           PHE           88.94           375    189      0     7.021     5.123     1.000     0.1214      0.0000      0.0000      0.0000
693     D         B          223           PHE           85.88           375    189      0     7.021     5.123     1.000     0.1226      0.0000      0.0000      0.0000
694     D         B          224           PRO           80.78           375    189      0     7.021     5.123     1.000     0.0834      0.0000      0.0000      0.0000
695     D         B          225           SER           76.63           375    189      0     7.021     5.123     1.000     0.0670      0.0000      0.0000      0.0000
696     D         B          226           PRO           70.03           375    189      0     7.021     5.123     1.000     0.0575      0.0000      0.0000      0.0000
697     D         B          227           GLU           60.41           375    189      0     7.021     5.123     1.000     0.0539      0.0000      0.0000      0.0000
698     D         B          228           SER           61.43           375    189      0     7.021     5.123     1.000     0.0506      0.0000      0.0000      0.0000
699     D         B          229           SER           67.70           375    189      0     7.021     5.123     1.000     0.0514      0.0000      0.0000      0.0000
700     D         B          230           CYS           74.57           375    189      0     7.021     5.123     1.000     0.0583      0.0000      0.0000      0.0000
701     D         B          231           ASP           79.47           375    189      0     7.021     5.123     1.000     0.0858      0.0000      0.0000      0.0000
702     D         B          232           VAL           81.87           375    189      0     7.021     5.123     1.000     0.1054      0.0000      0.0000      0.0000
703     D         B          233           LYS           80.13           375    189      0     7.021     5.123     1.000     0.1037      0.0000      0.0000      0.0000
704     D         B          234           LEU           79.91           375    189      0     7.021     5.123     1.000     0.1095      0.0000      0.0000      0.0000
705     D         B          235           VAL           82.34           375    189      0     7.021     5.123     1.000     0.1204      0.0000      0.0000      0.0000
706     D         B          236           GLU           79.28           375    189      0     7.021     5.123     1.000     0.1117      0.0000      0.0000      0.0000
707     D         B          237           LYS           82.82           375    189      0     7.021     5.123     1.000     0.1091      0.0000      0.0000      0.0000
708     D         B          238           SER           79.94           375    189      0     7.021     5.123     1.000     0.1017      0.0000      0.0000      0.0000
709     D         B          239           PHE           81.44           375    189      0     7.021     5.123     1.000     0.1145      0.0000      0.0000      0.0000
710     D         B          240           GLU           80.38           375    189      0     7.021     5.123     1.000     0.0962      0.0000      0.0000      0.0000
711     D         B          241           THR           81.91           375    189      0     7.021     5.123     1.000     0.1051      0.0000      0.0000      0.0000
712     D         B          242           ASP           82.75           375    189      0     7.021     5.123     1.000     0.1007      0.0000      0.0000      0.0000
713     D         B          243           THR           85.15           375    189      0     7.021     5.123     1.000     0.0995      0.0000      0.0000      0.0000
714     D         B          244           ASN           83.82           375    189      0     7.021     5.123     1.000     0.1037      0.0000      0.0000      0.0000
715     D         B          245           LEU           82.44           375    189      0     7.021     5.123     1.000     0.1171      0.0000      0.0000      0.0000
716     D         B          246           ASN           82.28           375    189      0     7.021     5.123     1.000     0.1044      0.0000      0.0000      0.0000
717     D         B          247           PHE           82.59           375    189      0     7.021     5.123     1.000     0.1018      0.0000      0.0000      0.0000
718     D         B          248           GLN           81.55           375    189      0     7.021     5.123     1.000     0.1060      0.0000      0.0000      0.0000
719     D         B          249           ASN           82.40           375    189      0     7.021     5.123     1.000     0.1036      0.0000      0.0000      0.0000
720     D         B          250           LEU           82.37           375    189      0     7.021     5.123     1.000     0.0970      0.0000      0.0000      0.0000
721     D         B          251           SER           85.49           375    189      0     7.021     5.123     1.000     0.0933      0.0000      0.0000      0.0000
722     D         B          252           VAL           86.31           375    189      0     7.021     5.123     1.000     0.0951      0.0000      0.0000      0.0000
723     D         B          253           ILE           85.84           375    189      0     7.021     5.123     1.000     0.0923      0.0000      0.0000      0.0000
724     D         B          254           GLY           83.18           375    189      0     7.021     5.123     1.000     0.0861      0.0000      0.0000      0.0000
725     D         B          255           PHE           86.89           375    189      0     7.021     5.123     1.000     0.0876      0.0000      0.0000      0.0000
726     D         B          256           ARG           85.65           375    189      0     7.021     5.123     1.000     0.0904      0.0000      0.0000      0.0000
727     D         B          257           ILE           85.85           375    189      0     7.021     5.123     1.000     0.0823      0.0000      0.0000      0.0000
728     D         B          258           LEU           87.46           375    189      0     7.021     5.123     1.000     0.0836      0.0000      0.0000      0.0000
729     D         B          259           LEU           86.08           375    189      0     7.021     5.123     1.000     0.0843      0.0000      0.0000      0.0000
730     D         B          260           LEU           86.23           375    189      0     7.021     5.123     1.000     0.0839      0.0000      0.0000      0.0000
731     D         B          261           LYS           85.98           375    189      0     7.021     5.123     1.000     0.0822      0.0000      0.0000      0.0000
732     D         B          262           VAL           86.14           375    189      0     7.021     5.123     1.000     0.0806      0.0000      0.0000      0.0000
733     D         B          263           ALA           84.70           375    189      0     7.021     5.123     1.000     0.0804      0.0000      0.0000      0.0000
734     D         B          264           GLY           85.40           375    189      0     7.021     5.123     1.000     0.0777      0.0000      0.0000      0.0000
735     D         B          265           PHE           89.00           375    189      0     7.021     5.123     1.000     0.0742      0.0000      0.0000      0.0000
736     D         B          266           ASN           85.98           375    189      0     7.021     5.123     1.000     0.0752      0.0000      0.0000      0.0000
737     D         B          267           LEU           87.55           375    189      0     7.021     5.123     1.000     0.0754      0.0000      0.0000      0.0000
738     D         B          268           LEU           87.57           375    189      0     7.021     5.123     1.000     0.0749      0.0000      0.0000      0.0000
739     D         B          269           MET           84.36           375    189      0     7.021     5.123     1.000     0.0682      0.0000      0.0000      0.0000
740     D         B          270           THR           85.23           375    189      0     7.021     5.123     1.000     0.0708      0.0000      0.0000      0.0000
741     D         B          271           LEU           86.96           375    189      0     7.021     5.123     1.000     0.0672      0.0000      0.0000      0.0000
742     D         B          272           ARG           87.20           375    189      0     7.021     5.123     1.000     0.0643      0.0000      0.0000      0.0000
743     D         B          273           LEU           81.16           375    189      0     7.021     5.123     1.000     0.0639      0.0000      0.0000      0.0000
744     D         B          274           TRP           82.89           375    189      0     7.021     5.123     1.000     0.0583      0.0000      0.0000      0.0000
745     D         B          275           SER           82.88           375    189      0     7.021     5.123     1.000     0.0528      0.0000      0.0000      0.0000
746     D         B          276           SER           66.62           375    189      0     7.021     5.123     1.000     0.0494      0.0000      0.0000      0.0000
471     D         C            1           MET           21.02           285    135      0     6.214     4.316     1.000     0.0376      0.0000      0.0000      0.0000
472     D         C            2           ALA           24.01           285    135      0     6.214     4.316     1.000     0.0378      0.0000      0.0000      0.0000
473     D         C            3           CYS           23.20           285    135      0     6.214     4.316     1.000     0.0381      0.0000      0.0000      0.0000
474     D         C            4           PRO           29.26           285    135      0     6.214     4.316     1.000     0.0384      0.0000      0.0000      0.0000
475     D         C            5           GLY           30.54           285    135      0     6.214     4.316     1.000     0.0384      0.0000      0.0000      0.0000
476     D         C            6           PHE           21.99           285    135      0     6.214     4.316     1.000     0.0388      0.0000      0.0000      0.0000
477     D         C            7           LEU           26.41           285    135      0     6.214     4.316     1.000     0.0395      0.0000      0.0000      0.0000
478     D         C            8           TRP           29.17           285    135      0     6.214     4.316     1.000     0.0400      0.0000      0.0000      0.0000
479     D         C            9           ALA           33.52           285    135      0     6.214     4.316     1.000     0.0408      0.0000      0.0000      0.0000
480     D         C           10           LEU           30.69           285    135      0     6.214     4.316     1.000     0.0412      0.0000      0.0000      0.0000
481     D         C           11           VAL           30.50           285    135      0     6.214     4.316     1.000     0.0423      0.0000      0.0000      0.0000
482     D         C           12           ILE           30.85           285    135      0     6.214     4.316     1.000     0.0428      0.0000      0.0000      0.0000
483     D         C           13           SER           28.65           285    135      0     6.214     4.316     1.000     0.0431      0.0000      0.0000      0.0000
484     D         C           14           THR           26.51           285    135      0     6.214     4.316     1.000     0.0430      0.0000      0.0000      0.0000
485     D         C           15           CYS           29.09           285    135      0     6.214     4.316     1.000     0.0437      0.0000      0.0000      0.0000
486     D         C           16           LEU           28.07           285    135      0     6.214     4.316     1.000     0.0441      0.0000      0.0000      0.0000
487     D         C           17           GLU           31.05           285    135      0     6.214     4.316     1.000     0.0462      0.0000      0.0000      0.0000
488     D         C           18           PHE           31.34           285    135      0     6.214     4.316     1.000     0.0467      0.0000      0.0000      0.0000
489     D         C           19           SER           38.03           285    135      0     6.214     4.316     1.000     0.0488      0.0000      0.0000      0.0000
490     D         C           20           MET           39.65           285    135      0     6.214     4.316     1.000     0.0501      0.0000      0.0000      0.0000
491     D         C           21           ALA           50.81           285    135      0     6.214     4.316     1.000     0.0513      0.0000      0.0000      0.0000
492     D         C           22           GLN           55.19           285    135      0     6.214     4.316     1.000     0.0606      0.0000      0.0000      0.0000
493     D         C           23           THR           82.87           285    135      0     6.214     4.316     1.000     0.0714      0.0000      0.0000      0.0000
494     D         C           24           VAL           94.25           285    135      8     6.214     4.316     1.000     0.3654      0.3832      0.2335      0.0165
495     D         C           25           THR           95.72           285    135      9     6.214     4.316     1.000     0.5866      0.5866      0.4090      0.0366
496     D         C           26           GLN           96.05           285    135      9     6.214     4.316     1.000     0.5598      0.5598      0.3819      0.0325
497     D         C           27           SER           93.96           285    135      9     6.214     4.316     1.000     0.4340      0.4340      0.2710      0.0197
498     D         C           28           GLN           93.96           285    135      9     6.214     4.316     1.000     0.3612      0.3612      0.2147      0.0145
499     D         C           29           PRO           93.95           285    135      9     6.214     4.316     1.000     0.3777      0.3777      0.2269      0.0156
500     D         C           30           GLU           95.05           285    135      9     6.214     4.316     1.000     0.3995      0.3995      0.2434      0.0170
501     D         C           31           MET           96.60           285    135      9     6.214     4.316     1.000     0.4575      0.4575      0.2899      0.0216
502     D         C           32           SER           95.60           285    135      9     6.214     4.316     1.000     0.4194      0.4194      0.2589      0.0185
503     D         C           33           VAL           96.42           285    135      9     6.214     4.316     1.000     0.4415      0.4415      0.2767      0.0202
504     D         C           34           GLN           95.94           285    135      9     6.214     4.316     1.000     0.4224      0.4224      0.2613      0.0187
505     D         C           35           GLU           95.36           285    135      9     6.214     4.316     1.000     0.3913      0.3913      0.2372      0.0165
506     D         C           36           ALA           95.85           285    135      9     6.214     4.316     1.000     0.3714      0.3714      0.2222      0.0151
507     D         C           37           GLU           96.48           285    135      9     6.214     4.316     1.000     0.4039      0.4039      0.2469      0.0174
508     D         C           38           THR           97.29           285    135      9     6.214     4.316     1.000     0.4950      0.4950      0.3221      0.0251
509     D         C           39           VAL           97.31           285    135      9     6.214     4.316     1.000     0.5113      0.5113      0.3366      0.0267
510     D         C           40           THR           97.37           285    135      9     6.214     4.316     1.000     0.5783      0.5783      0.3996      0.0349
511     D         C           41           LEU           97.66           285    135      9     6.214     4.316     1.000     0.6005      0.6005      0.4225      0.0384
512     D         C           42           SER           96.69           285    135      9     6.214     4.316     1.000     0.5230      0.5230      0.3477      0.0282
513     D         C           43           CYS           97.09           285    135      9     6.214     4.316     1.000     0.5536      0.5536      0.3757      0.0316
514     D         C           44           THR           96.88           285    135      9     6.214     4.316     1.000     0.6259      0.6259      0.4489      0.0427
515     D         C           45           TYR           96.07           285    135      9     6.214     4.316     1.000     0.6259      0.6259      0.4494      0.0430
516     D         C           46           ASP           93.66           285    135      9     6.214     4.316     1.000     0.5590      0.5590      0.3821      0.0328
517     D         C           47           THR           91.26           285    135      9     6.214     4.316     1.000     0.5631      0.5631      0.3864      0.0335
518     D         C           48           SER           85.50           285    135      9     6.214     4.316     1.000     0.5390      0.5390      0.3644      0.0307
519     D         C           49           GLU           83.80           285    135      9     6.214     4.316     1.000     0.5799      0.5799      0.4043      0.0365
520     D         C           50           SER           81.29           285    135      9     6.214     4.316     1.000     0.6186      0.6186      0.4448      0.0437
521     D         C           51           ASP           85.46           285    135      9     6.214     4.316     1.000     0.6632      0.6632      0.4928      0.0526
522     D         C           52           TYR           91.29           285    135      9     6.214     4.316     1.000     0.7174      0.7174      0.5555      0.0662
523     D         C           53           TYR           93.26           285    135      9     6.214     4.316     1.000     0.7432      0.7432      0.5861      0.0734
524     D         C           54           LEU           95.28           285    135      9     6.214     4.316     1.000     0.7195      0.7195      0.5576      0.0667
525     D         C           55           PHE           96.03           285    135      9     6.214     4.316     1.000     0.7148      0.7148      0.5515      0.0648
526     D         C           56           TRP           97.23           285    135      9     6.214     4.316     1.000     0.6952      0.6952      0.5260      0.0574
527     D         C           57           TYR           96.99           285    135      9     6.214     4.316     1.000     0.6899      0.6899      0.5210      0.0570
528     D         C           58           LYS           96.98           285    135      9     6.214     4.316     1.000     0.6436      0.6436      0.4686      0.0464
529     D         C           59           GLN           96.71           285    135      9     6.214     4.316     1.000     0.6168      0.6168      0.4398      0.0413
530     D         C           60           PRO           94.88           285    135      9     6.214     4.316     1.000     0.5160      0.5160      0.3415      0.0275
531     D         C           61           PRO           91.05           285    135      9     6.214     4.316     1.000     0.3791      0.3791      0.2281      0.0157
532     D         C           62           SER           87.70           285    135      5     6.214     4.316     1.000     0.2786      0.2991      0.1708      0.0109
533     D         C           63           ARG           90.09           285    135      8     6.214     4.316     1.000     0.3471      0.3567      0.2116      0.0143
534     D         C           64           GLN           92.62           285    135      9     6.214     4.316     1.000     0.4825      0.4825      0.3127      0.0243
535     D         C           65           MET           95.47           285    135      9     6.214     4.316     1.000     0.5931      0.5931      0.4157      0.0376
536     D         C           66           ILE           95.61           285    135      9     6.214     4.316     1.000     0.6327      0.6327      0.4566      0.0441
537     D         C           67           LEU           95.98           285    135      9     6.214     4.316     1.000     0.6446      0.6446      0.4697      0.0466
538     D         C           68           VAL           96.36           285    135      9     6.214     4.316     1.000     0.6223      0.6223      0.4460      0.0425
539     D         C           69           ILE           96.14           285    135      9     6.214     4.316     1.000     0.6160      0.6160      0.4393      0.0414
540     D         C           70           ARG           94.60           285    135      9     6.214     4.316     1.000     0.6224      0.6224      0.4462      0.0426
541     D         C           71           GLN           94.37           285    135      9     6.214     4.316     1.000     0.6581      0.6581      0.4855      0.0500
542     D         C           72           GLU           90.42           285    135      9     6.214     4.316     1.000     0.6361      0.6361      0.4605      0.0449
543     D         C           73           ALA           88.01           285    135      9     6.214     4.316     1.000     0.6132      0.6132      0.4381      0.0418
544     D         C           74           TYR           84.60           285    135      9     6.214     4.316     1.000     0.5600      0.5600      0.3859      0.0340
545     D         C           75           LYS           81.61           285    135      9     6.214     4.316     1.000     0.4501      0.4501      0.2876      0.0220
546     D         C           76           GLN           78.76           285    135      6     6.214     4.316     1.000     0.3173      0.3548      0.2104      0.0142
547     D         C           77           GLN           85.56           285    135      7     6.214     4.316     1.000     0.3309      0.3516      0.2080      0.0140
548     D         C           78           ASN           90.45           285    135      9     6.214     4.316     1.000     0.4088      0.4088      0.2511      0.0178
549     D         C           79           ALA           88.65           285    135      9     6.214     4.316     1.000     0.3774      0.3774      0.2271      0.0156
550     D         C           80           THR           89.84           285    135      9     6.214     4.316     1.000     0.3798      0.3798      0.2288      0.0158
551     D         C           81           GLU           88.80           285    135      7     6.214     4.316     1.000     0.3247      0.3395      0.1991      0.0132
552     D         C           82           ASN           91.01           285    135      6     6.214     4.316     1.000     0.3137      0.3399      0.1993      0.0132
553     D         C           83           ARG           95.87           285    135      9     6.214     4.316     1.000     0.4162      0.4162      0.2571      0.0184
554     D         C           84           PHE           96.64           285    135      9     6.214     4.316     1.000     0.5428      0.5428      0.3660      0.0305
555     D         C           85           SER           96.39           285    135      9     6.214     4.316     1.000     0.5222      0.5222      0.3471      0.0281
556     D         C           86           VAL           96.40           285    135      9     6.214     4.316     1.000     0.5292      0.5292      0.3532      0.0288
557     D         C           87           ASN           96.24           285    135      9     6.214     4.316     1.000     0.5868      0.5868      0.4083      0.0362
558     D         C           88           PHE           95.81           285    135      9     6.214     4.316     1.000     0.6069      0.6069      0.4293      0.0397
559     D         C           89           GLN           95.32           285    135      9     6.214     4.316     1.000     0.5972      0.5972      0.4189      0.0379
560     D         C           90           LYS           93.27           285    135      9     6.214     4.316     1.000     0.6007      0.6007      0.4233      0.0389
561     D         C           91           ALA           93.23           285    135      9     6.214     4.316     1.000     0.5708      0.5708      0.3927      0.0341
562     D         C           92           ALA           95.08           285    135      9     6.214     4.316     1.000     0.5323      0.5323      0.3562      0.0293
563     D         C           93           LYS           95.29           285    135      9     6.214     4.316     1.000     0.5870      0.5870      0.4088      0.0365
564     D         C           94           SER           96.30           285    135      9     6.214     4.316     1.000     0.5829      0.5829      0.4047      0.0358
565     D         C           95           PHE           96.92           285    135      9     6.214     4.316     1.000     0.6153      0.6153      0.4380      0.0410
566     D         C           96           SER           96.84           285    135      9     6.214     4.316     1.000     0.5888      0.5888      0.4102      0.0365
567     D         C           97           LEU           97.58           285    135      9     6.214     4.316     1.000     0.6155      0.6155      0.4383      0.0410
568     D         C           98           LYS           97.29           285    135      9     6.214     4.316     1.000     0.6014      0.6014      0.4231      0.0384
569     D         C           99           ILE           97.53           285    135      9     6.214     4.316     1.000     0.5791      0.5791      0.4009      0.0352
570     D         C          100           SER           96.30           285    135      9     6.214     4.316     1.000     0.4465      0.4465      0.2811      0.0207
571     D         C          101           ASP           96.49           285    135      9     6.214     4.316     1.000     0.4168      0.4168      0.2570      0.0183
572     D         C          102           SER           96.70           285    135      9     6.214     4.316     1.000     0.4518      0.4518      0.2854      0.0211
573     D         C          103           GLN           95.75           285    135      9     6.214     4.316     1.000     0.4521      0.4521      0.2855      0.0211
574     D         C          104           LEU           94.58           285    135      9     6.214     4.316     1.000     0.4854      0.4854      0.3136      0.0241
575     D         C          105           GLY           94.34           285    135      9     6.214     4.316     1.000     0.4780      0.4780      0.3075      0.0235
576     D         C          106           ASP           96.55           285    135      9     6.214     4.316     1.000     0.5359      0.5359      0.3594      0.0296
577     D         C          107           ALA           95.99           285    135      9     6.214     4.316     1.000     0.5320      0.5320      0.3556      0.0291
578     D         C          108           ALA           96.72           285    135      9     6.214     4.316     1.000     0.5372      0.5372      0.3608      0.0298
579     D         C          109           MET           96.97           285    135      9     6.214     4.316     1.000     0.6167      0.6167      0.4396      0.0413
580     D         C          110           TYR           97.60           285    135      9     6.214     4.316     1.000     0.6588      0.6588      0.4853      0.0494
581     D         C          111           PHE           97.14           285    135      9     6.214     4.316     1.000     0.6675      0.6675      0.4951      0.0515
582     D         C          112           CYS           96.99           285    135      9     6.214     4.316     1.000     0.6539      0.6539      0.4791      0.0480
583     D         C          113           ALA           96.08           285    135      9     6.214     4.316     1.000     0.6943      0.6943      0.5265      0.0585
584     D         C          114           TYR           94.76           285    135      9     6.214     4.316     1.000     0.7080      0.7080      0.5434      0.0629
585     D         C          115           ARG           92.93           285    135      9     6.214     4.316     1.000     0.7034      0.7034      0.5368      0.0605
586     D         C          116           SER           89.56           285    135      9     6.214     4.316     1.000     0.7341      0.7341      0.5747      0.0704
587     D         C          117           ALA           88.26           285    135      9     6.214     4.316     1.000     0.7454      0.7454      0.5909      0.0775
588     D         C          118           LEU           85.34           285    135      9     6.214     4.316     1.000     0.6849      0.6849      0.5189      0.0586
589     D         C          119           SER           82.39           285    135      9     6.214     4.316     1.000     0.5399      0.5399      0.3705      0.0333
590     D         C          120           TYR           75.31           285    135      9     6.214     4.316     1.000     0.4398      0.4398      0.2790      0.0211
591     D         C          121           ASN           75.19           285    135      5     6.214     4.316     1.000     0.2908      0.3351      0.1971      0.0132
592     D         C          122           ASP           78.39           285    135      1     6.214     4.316     1.000     0.2238      0.3430      0.2012      0.0133
593     D         C          123           MET           88.51           285    135      7     6.214     4.316     1.000     0.3620      0.3911      0.2381      0.0167
594     D         C          124           ARG           93.08           285    135      9     6.214     4.316     1.000     0.6148      0.6148      0.4380      0.0411
595     D         C          125           PHE           95.07           285    135      9     6.214     4.316     1.000     0.6675      0.6675      0.4953      0.0517
596     D         C          126           GLY           95.15           285    135      9     6.214     4.316     1.000     0.6010      0.6010      0.4234      0.0387
597     D         C          127           ALA           95.09           285    135      9     6.214     4.316     1.000     0.5479      0.5479      0.3711      0.0312
598     D         C          128           GLY           96.00           285    135      9     6.214     4.316     1.000     0.5154      0.5154      0.3406      0.0273
599     D         C          129           THR           97.03           285    135      9     6.214     4.316     1.000     0.5880      0.5880      0.4096      0.0364
600     D         C          130           ARG           96.61           285    135      9     6.214     4.316     1.000     0.5918      0.5918      0.4131      0.0369
601     D         C          131           LEU           97.23           285    135      9     6.214     4.316     1.000     0.5638      0.5638      0.3858      0.0330
602     D         C          132           THR           95.59           285    135      9     6.214     4.316     1.000     0.5203      0.5203      0.3446      0.0277
603     D         C          133           VAL           96.00           285    135      9     6.214     4.316     1.000     0.4775      0.4775      0.3068      0.0233
604     D         C          134           LYS           95.22           285    135      9     6.214     4.316     1.000     0.4394      0.4394      0.2750      0.0201
605     D         C          135           PRO           94.56           285    135      8     6.214     4.316     1.000     0.3318      0.3389      0.1985      0.0131
606     D         C          136           ASN           92.84           285    135      0     6.214     4.316     1.000     0.2583      0.0000      0.0000      0.0000
607     D         C          137           ILE           90.92           285    135      0     6.214     4.316     1.000     0.2294      0.0000      0.0000      0.0000
608     D         C          138           GLN           86.98           285    135      0     6.214     4.316     1.000     0.1350      0.0000      0.0000      0.0000
609     D         C          139           ASN           88.81           285    135      0     6.214     4.316     1.000     0.1112      0.0000      0.0000      0.0000
610     D         C          140           PRO           89.66           285    135      0     6.214     4.316     1.000     0.1494      0.0000      0.0000      0.0000
611     D         C          141           ASP           91.85           285    135      0     6.214     4.316     1.000     0.1593      0.0000      0.0000      0.0000
612     D         C          142           PRO           92.04           285    135      0     6.214     4.316     1.000     0.1991      0.0000      0.0000      0.0000
613     D         C          143           ALA           91.86           285    135      0     6.214     4.316     1.000     0.1886      0.0000      0.0000      0.0000
614     D         C          144           VAL           92.38           285    135      0     6.214     4.316     1.000     0.2565      0.0000      0.0000      0.0000
615     D         C          145           TYR           92.62           285    135      5     6.214     4.316     1.000     0.2721      0.2868      0.1625      0.0103
616     D         C          146           GLN           90.05           285    135      0     6.214     4.316     1.000     0.2153      0.0000      0.0000      0.0000
617     D         C          147           LEU           88.72           285    135      0     6.214     4.316     1.000     0.1643      0.0000      0.0000      0.0000
618     D         C          148           ARG           81.56           285    135      0     6.214     4.316     1.000     0.0590      0.0000      0.0000      0.0000
619     D         C          149           ASP           70.67           285    135      0     6.214     4.316     1.000     0.0474      0.0000      0.0000      0.0000
620     D         C          150           SER           63.13           285    135      0     6.214     4.316     1.000     0.0453      0.0000      0.0000      0.0000
621     D         C          151           LYS           72.22           285    135      0     6.214     4.316     1.000     0.0459      0.0000      0.0000      0.0000
622     D         C          152           SER           61.08           285    135      0     6.214     4.316     1.000     0.0453      0.0000      0.0000      0.0000
623     D         C          153           SER           60.30           285    135      0     6.214     4.316     1.000     0.0471      0.0000      0.0000      0.0000
624     D         C          154           ASP           66.21           285    135      0     6.214     4.316     1.000     0.0464      0.0000      0.0000      0.0000
625     D         C          155           LYS           71.53           285    135      0     6.214     4.316     1.000     0.0517      0.0000      0.0000      0.0000
626     D         C          156           SER           81.99           285    135      0     6.214     4.316     1.000     0.0627      0.0000      0.0000      0.0000
627     D         C          157           VAL           90.78           285    135      0     6.214     4.316     1.000     0.1754      0.0000      0.0000      0.0000
628     D         C          158           CYS           92.07           285    135      4     6.214     4.316     1.000     0.2662      0.2858      0.1618      0.0103
629     D         C          159           LEU           93.83           285    135      9     6.214     4.316     1.000     0.3294      0.3294      0.1918      0.0126
630     D         C          160           PHE           93.73           285    135      8     6.214     4.316     1.000     0.3140      0.3204      0.1854      0.0121
631     D         C          161           THR           92.66           285    135      0     6.214     4.316     1.000     0.2162      0.0000      0.0000      0.0000
632     D         C          162           ASP           90.22           285    135      0     6.214     4.316     1.000     0.1844      0.0000      0.0000      0.0000
633     D         C          163           PHE           91.64           285    135      0     6.214     4.316     1.000     0.2069      0.0000      0.0000      0.0000
634     D         C          164           ASP           89.44           285    135      0     6.214     4.316     1.000     0.1698      0.0000      0.0000      0.0000
635     D         C          165           SER           88.80           285    135      0     6.214     4.316     1.000     0.1687      0.0000      0.0000      0.0000
636     D         C          166           GLN           86.88           285    135      0     6.214     4.316     1.000     0.1652      0.0000      0.0000      0.0000
637     D         C          167           THR           86.38           285    135      0     6.214     4.316     1.000     0.1660      0.0000      0.0000      0.0000
638     D         C          168           ASN           86.44           285    135      0     6.214     4.316     1.000     0.1604      0.0000      0.0000      0.0000
639     D         C          169           VAL           85.97           285    135      0     6.214     4.316     1.000     0.1639      0.0000      0.0000      0.0000
640     D         C          170           SER           83.99           285    135      0     6.214     4.316     1.000     0.1150      0.0000      0.0000      0.0000
641     D         C          171           GLN           83.84           285    135      0     6.214     4.316     1.000     0.1213      0.0000      0.0000      0.0000
642     D         C          172           SER           81.95           285    135      0     6.214     4.316     1.000     0.0980      0.0000      0.0000      0.0000
643     D         C          173           LYS           80.22           285    135      0     6.214     4.316     1.000     0.0906      0.0000      0.0000      0.0000
644     D         C          174           ASP           82.23           285    135      0     6.214     4.316     1.000     0.0966      0.0000      0.0000      0.0000
645     D         C          175           SER           83.05           285    135      0     6.214     4.316     1.000     0.1041      0.0000      0.0000      0.0000
646     D         C          176           ASP           86.41           285    135      0     6.214     4.316     1.000     0.1176      0.0000      0.0000      0.0000
647     D         C          177           VAL           88.52           285    135      0     6.214     4.316     1.000     0.2123      0.0000      0.0000      0.0000
648     D         C          178           TYR           90.92           285    135      0     6.214     4.316     1.000     0.2567      0.0000      0.0000      0.0000
649     D         C          179           ILE           91.55           285    135      7     6.214     4.316     1.000     0.2892      0.2992      0.1708      0.0109
650     D         C          180           THR           91.40           285    135      4     6.214     4.316     1.000     0.2698      0.2889      0.1639      0.0104
651     D         C          181           ASP           90.41           285    135      0     6.214     4.316     1.000     0.2392      0.0000      0.0000      0.0000
652     D         C          182           LYS           91.86           285    135      0     6.214     4.316     1.000     0.2385      0.0000      0.0000      0.0000
653     D         C          183           THR           92.79           285    135      3     6.214     4.316     1.000     0.2684      0.2896      0.1644      0.0104
654     D         C          184           VAL           93.58           285    135      7     6.214     4.316     1.000     0.2977      0.3065      0.1758      0.0113
655     D         C          185           LEU           92.48           285    135      0     6.214     4.316     1.000     0.2446      0.0000      0.0000      0.0000
656     D         C          186           ASP           92.76           285    135      0     6.214     4.316     1.000     0.2334      0.0000      0.0000      0.0000
657     D         C          187           MET           91.66           285    135      0     6.214     4.316     1.000     0.2260      0.0000      0.0000      0.0000
658     D         C          188           ARG           89.52           285    135      0     6.214     4.316     1.000     0.1758      0.0000      0.0000      0.0000
659     D         C          189           SER           89.49           285    135      0     6.214     4.316     1.000     0.1477      0.0000      0.0000      0.0000
660     D         C          190           MET           89.19           285    135      0     6.214     4.316     1.000     0.1501      0.0000      0.0000      0.0000
661     D         C          191           ASP           90.46           285    135      0     6.214     4.316     1.000     0.1696      0.0000      0.0000      0.0000
662     D         C          192           PHE           92.76           285    135      0     6.214     4.316     1.000     0.2200      0.0000      0.0000      0.0000
663     D         C          193           LYS           93.03           285    135      0     6.214     4.316     1.000     0.2539      0.0000      0.0000      0.0000
664     D         C          194           SER           93.89           285    135      0     6.214     4.316     1.000     0.2539      0.0000      0.0000      0.0000
665     D         C          195           ASN           94.24           285    135      8     6.214     4.316     1.000     0.3135      0.3194      0.1847      0.0120
666     D         C          196           SER           93.66           285    135      2     6.214     4.316     1.000     0.2612      0.2827      0.1597      0.0101
667     D         C          197           ALA           93.84           285    135      8     6.214     4.316     1.000     0.3100      0.3164      0.1826      0.0119
668     D         C          198           VAL           94.11           285    135      8     6.214     4.316     1.000     0.3211      0.3278      0.1906      0.0125
669     D         C          199           ALA           92.72           285    135      7     6.214     4.316     1.000     0.2962      0.3071      0.1762      0.0114
670     D         C          200           TRP           92.07           285    135      5     6.214     4.316     1.000     0.2693      0.2877      0.1630      0.0103
671     D         C          201           SER           88.51           285    135      0     6.214     4.316     1.000     0.1707      0.0000      0.0000      0.0000
672     D         C          202           ASN           84.41           285    135      0     6.214     4.316     1.000     0.1266      0.0000      0.0000      0.0000
673     D         C          203           LYS           81.38           285    135      0     6.214     4.316     1.000     0.1050      0.0000      0.0000      0.0000
674     D         C          204           SER           79.08           285    135      0     6.214     4.316     1.000     0.0849      0.0000      0.0000      0.0000
675     D         C          205           ASP           81.26           285    135      0     6.214     4.316     1.000     0.0808      0.0000      0.0000      0.0000
676     D         C          206           PHE           83.32           285    135      0     6.214     4.316     1.000     0.1160      0.0000      0.0000      0.0000
677     D         C          207           ALA           85.39           285    135      0     6.214     4.316     1.000     0.1203      0.0000      0.0000      0.0000
678     D         C          208           CYS           86.51           285    135      0     6.214     4.316     1.000     0.1285      0.0000      0.0000      0.0000
679     D         C          209           ALA           85.85           285    135      0     6.214     4.316     1.000     0.1216      0.0000      0.0000      0.0000
680     D         C          210           ASN           84.86           285    135      0     6.214     4.316     1.000     0.1087      0.0000      0.0000      0.0000
681     D         C          211           ALA           82.17           285    135      0     6.214     4.316     1.000     0.1301      0.0000      0.0000      0.0000
682     D         C          212           PHE           86.03           285    135      0     6.214     4.316     1.000     0.1485      0.0000      0.0000      0.0000
683     D         C          213           ASN           83.83           285    135      0     6.214     4.316     1.000     0.1083      0.0000      0.0000      0.0000
684     D         C          214           ASN           83.75           285    135      0     6.214     4.316     1.000     0.1004      0.0000      0.0000      0.0000
685     D         C          215           SER           81.67           285    135      0     6.214     4.316     1.000     0.1008      0.0000      0.0000      0.0000
686     D         C          216           ILE           81.24           285    135      0     6.214     4.316     1.000     0.0966      0.0000      0.0000      0.0000
687     D         C          217           ILE           81.74           285    135      0     6.214     4.316     1.000     0.0832      0.0000      0.0000      0.0000
688     D         C          218           PRO           82.47           285    135      0     6.214     4.316     1.000     0.0950      0.0000      0.0000      0.0000
689     D         C          219           GLU           81.55           285    135      0     6.214     4.316     1.000     0.0796      0.0000      0.0000      0.0000
690     D         C          220           ASP           85.28           285    135      0     6.214     4.316     1.000     0.0755      0.0000      0.0000      0.0000
691     D         C          221           THR           83.97           285    135      0     6.214     4.316     1.000     0.1118      0.0000      0.0000      0.0000
692     D         C          222           PHE           88.94           285    135      0     6.214     4.316     1.000     0.1258      0.0000      0.0000      0.0000
693     D         C          223           PHE           85.88           285    135      0     6.214     4.316     1.000     0.1236      0.0000      0.0000      0.0000
694     D         C          224           PRO           80.78           285    135      0     6.214     4.316     1.000     0.0842      0.0000      0.0000      0.0000
695     D         C          225           SER           76.63           285    135      0     6.214     4.316     1.000     0.0680      0.0000      0.0000      0.0000
696     D         C          226           PRO           70.03           285    135      0     6.214     4.316     1.000     0.0541      0.0000      0.0000      0.0000
697     D         C          227           GLU           60.41           285    135      0     6.214     4.316     1.000     0.0510      0.0000      0.0000      0.0000
698     D         C          228           SER           61.43           285    135      0     6.214     4.316     1.000     0.0430      0.0000      0.0000      0.0000
699     D         C          229           SER           67.70           285    135      0     6.214     4.316     1.000     0.0443      0.0000      0.0000      0.0000
700     D         C          230           CYS           74.57           285    135      0     6.214     4.316     1.000     0.0581      0.0000      0.0000      0.0000
701     D         C          231           ASP           79.47           285    135      0     6.214     4.316     1.000     0.0893      0.0000      0.0000      0.0000
702     D         C          232           VAL           81.87           285    135      0     6.214     4.316     1.000     0.1091      0.0000      0.0000      0.0000
703     D         C          233           LYS           80.13           285    135      0     6.214     4.316     1.000     0.1152      0.0000      0.0000      0.0000
704     D         C          234           LEU           79.91           285    135      0     6.214     4.316     1.000     0.1199      0.0000      0.0000      0.0000
705     D         C          235           VAL           82.34           285    135      0     6.214     4.316     1.000     0.1270      0.0000      0.0000      0.0000
706     D         C          236           GLU           79.28           285    135      0     6.214     4.316     1.000     0.1202      0.0000      0.0000      0.0000
707     D         C          237           LYS           82.82           285    135      0     6.214     4.316     1.000     0.1180      0.0000      0.0000      0.0000
708     D         C          238           SER           79.94           285    135      0     6.214     4.316     1.000     0.1145      0.0000      0.0000      0.0000
709     D         C          239           PHE           81.44           285    135      0     6.214     4.316     1.000     0.1227      0.0000      0.0000      0.0000
710     D         C          240           GLU           80.38           285    135      0     6.214     4.316     1.000     0.1008      0.0000      0.0000      0.0000
711     D         C          241           THR           81.91           285    135      0     6.214     4.316     1.000     0.1081      0.0000      0.0000      0.0000
712     D         C          242           ASP           82.75           285    135      0     6.214     4.316     1.000     0.1036      0.0000      0.0000      0.0000
713     D         C          243           THR           85.15           285    135      0     6.214     4.316     1.000     0.1051      0.0000      0.0000      0.0000
714     D         C          244           ASN           83.82           285    135      0     6.214     4.316     1.000     0.1032      0.0000      0.0000      0.0000
715     D         C          245           LEU           82.44           285    135      0     6.214     4.316     1.000     0.1139      0.0000      0.0000      0.0000
716     D         C          246           ASN           82.28           285    135      0     6.214     4.316     1.000     0.1036      0.0000      0.0000      0.0000
717     D         C          247           PHE           82.59           285    135      0     6.214     4.316     1.000     0.1010      0.0000      0.0000      0.0000
718     D         C          248           GLN           81.55           285    135      0     6.214     4.316     1.000     0.1025      0.0000      0.0000      0.0000
719     D         C          249           ASN           82.40           285    135      0     6.214     4.316     1.000     0.1020      0.0000      0.0000      0.0000
720     D         C          250           LEU           82.37           285    135      0     6.214     4.316     1.000     0.0974      0.0000      0.0000      0.0000
721     D         C          251           SER           85.49           285    135      0     6.214     4.316     1.000     0.0929      0.0000      0.0000      0.0000
722     D         C          252           VAL           86.31           285    135      0     6.214     4.316     1.000     0.0932      0.0000      0.0000      0.0000
723     D         C          253           ILE           85.84           285    135      0     6.214     4.316     1.000     0.0907      0.0000      0.0000      0.0000
724     D         C          254           GLY           83.18           285    135      0     6.214     4.316     1.000     0.0858      0.0000      0.0000      0.0000
725     D         C          255           PHE           86.89           285    135      0     6.214     4.316     1.000     0.0863      0.0000      0.0000      0.0000
726     D         C          256           ARG           85.65           285    135      0     6.214     4.316     1.000     0.0883      0.0000      0.0000      0.0000
727     D         C          257           ILE           85.85           285    135      0     6.214     4.316     1.000     0.0838      0.0000      0.0000      0.0000
728     D         C          258           LEU           87.46           285    135      0     6.214     4.316     1.000     0.0844      0.0000      0.0000      0.0000
729     D         C          259           LEU           86.08           285    135      0     6.214     4.316     1.000     0.0815      0.0000      0.0000      0.0000
730     D         C          260           LEU           86.23           285    135      0     6.214     4.316     1.000     0.0814      0.0000      0.0000      0.0000
731     D         C          261           LYS           85.98           285    135      0     6.214     4.316     1.000     0.0817      0.0000      0.0000      0.0000
732     D         C          262           VAL           86.14           285    135      0     6.214     4.316     1.000     0.0799      0.0000      0.0000      0.0000
733     D         C          263           ALA           84.70           285    135      0     6.214     4.316     1.000     0.0770      0.0000      0.0000      0.0000
734     D         C          264           GLY           85.40           285    135      0     6.214     4.316     1.000     0.0736      0.0000      0.0000      0.0000
735     D         C          265           PHE           89.00           285    135      0     6.214     4.316     1.000     0.0747      0.0000      0.0000      0.0000
736     D         C          266           ASN           85.98           285    135      0     6.214     4.316     1.000     0.0740      0.0000      0.0000      0.0000
737     D         C          267           LEU           87.55           285    135      0     6.214     4.316     1.000     0.0715      0.0000      0.0000      0.0000
738     D         C          268           LEU           87.57           285    135      0     6.214     4.316     1.000     0.0727      0.0000      0.0000      0.0000
739     D         C          269           MET           84.36           285    135      0     6.214     4.316     1.000     0.0683      0.0000      0.0000      0.0000
740     D         C          270           THR           85.23           285    135      0     6.214     4.316     1.000     0.0695      0.0000      0.0000      0.0000
741     D         C          271           LEU           86.96           285    135      0     6.214     4.316     1.000     0.0676      0.0000      0.0000      0.0000
742     D         C          272           ARG           87.20           285    135      0     6.214     4.316     1.000     0.0668      0.0000      0.0000      0.0000
743     D         C          273           LEU           81.16           285    135      0     6.214     4.316     1.000     0.0646      0.0000      0.0000      0.0000
744     D         C          274           TRP           82.89           285    135      0     6.214     4.316     1.000     0.0570      0.0000      0.0000      0.0000
745     D         C          275           SER           82.88           285    135      0     6.214     4.316     1.000     0.0488      0.0000      0.0000      0.0000
746     D         C          276           SER           66.62           285    135      0     6.214     4.316     1.000     0.0418      0.0000      0.0000      0.0000
471     D         E            1           MET           21.02           588    548      0     8.499     8.254     1.000     0.0678      0.0000      0.0000      0.0000
472     D         E            2           ALA           24.01           588    548      0     8.499     8.254     1.000     0.0680      0.0000      0.0000      0.0000
473     D         E            3           CYS           23.20           588    548      0     8.499     8.254     1.000     0.0682      0.0000      0.0000      0.0000
474     D         E            4           PRO           29.26           588    548      0     8.499     8.254     1.000     0.0686      0.0000      0.0000      0.0000
475     D         E            5           GLY           30.54           588    548      0     8.499     8.254     1.000     0.0686      0.0000      0.0000      0.0000
476     D         E            6           PHE           21.99           588    548      0     8.499     8.254     1.000     0.0691      0.0000      0.0000      0.0000
477     D         E            7           LEU           26.41           588    548      0     8.499     8.254     1.000     0.0699      0.0000      0.0000      0.0000
478     D         E            8           TRP           29.17           588    548      0     8.499     8.254     1.000     0.0706      0.0000      0.0000      0.0000
479     D         E            9           ALA           33.52           588    548      0     8.499     8.254     1.000     0.0711      0.0000      0.0000      0.0000
480     D         E           10           LEU           30.69           588    548      0     8.499     8.254     1.000     0.0715      0.0000      0.0000      0.0000
481     D         E           11           VAL           30.50           588    548      0     8.499     8.254     1.000     0.0725      0.0000      0.0000      0.0000
482     D         E           12           ILE           30.85           588    548      0     8.499     8.254     1.000     0.0732      0.0000      0.0000      0.0000
483     D         E           13           SER           28.65           588    548      0     8.499     8.254     1.000     0.0733      0.0000      0.0000      0.0000
484     D         E           14           THR           26.51           588    548      0     8.499     8.254     1.000     0.0744      0.0000      0.0000      0.0000
485     D         E           15           CYS           29.09           588    548      0     8.499     8.254     1.000     0.0746      0.0000      0.0000      0.0000
486     D         E           16           LEU           28.07           588    548      0     8.499     8.254     1.000     0.0765      0.0000      0.0000      0.0000
487     D         E           17           GLU           31.05           588    548      0     8.499     8.254     1.000     0.0770      0.0000      0.0000      0.0000
488     D         E           18           PHE           31.34           588    548      0     8.499     8.254     1.000     0.0782      0.0000      0.0000      0.0000
489     D         E           19           SER           38.03           588    548      0     8.499     8.254     1.000     0.0799      0.0000      0.0000      0.0000
490     D         E           20           MET           39.65           588    548      0     8.499     8.254     1.000     0.0829      0.0000      0.0000      0.0000
491     D         E           21           ALA           50.81           588    548      0     8.499     8.254     1.000     0.0870      0.0000      0.0000      0.0000
492     D         E           22           GLN           55.19           588    548      0     8.499     8.254     1.000     0.1017      0.0000      0.0000      0.0000
493     D         E           23           THR           82.87           588    548      0     8.499     8.254     1.000     0.1241      0.0000      0.0000      0.0000
494     D         E           24           VAL           94.25           588    548    234     8.499     8.254     5.674     0.4928      0.5871      0.5734      0.3973
495     D         E           25           THR           95.72           588    548    248     8.499     8.254     5.830     0.6462      0.7557      0.7452      0.6017
496     D         E           26           GLN           96.05           588    548    248     8.499     8.254     5.830     0.6335      0.7388      0.7278      0.5797
497     D         E           27           SER           93.96           588    548    234     8.499     8.254     5.674     0.5042      0.6032      0.5897      0.4127
498     D         E           28           GLN           93.96           588    548    241     8.499     8.254     5.753     0.5273      0.6232      0.6098      0.4376
499     D         E           29           PRO           93.95           588    548    246     8.499     8.254     5.808     0.5767      0.6757      0.6631      0.4995
500     D         E           30           GLU           95.05           588    548    248     8.499     8.254     5.830     0.5983      0.6978      0.6857      0.5271
501     D         E           31           MET           96.60           588    548    254     8.499     8.254     5.895     0.6549      0.7547      0.7441      0.6045
502     D         E           32           SER           95.60           588    548    254     8.499     8.254     5.895     0.6331      0.7284      0.7170      0.5701
503     D         E           33           VAL           96.42           588    548    256     8.499     8.254     5.917     0.6576      0.7533      0.7427      0.6039
504     D         E           34           GLN           95.94           588    548    257     8.499     8.254     5.927     0.6297      0.7189      0.7074      0.5608
505     D         E           35           GLU           95.36           588    548    253     8.499     8.254     5.884     0.6013      0.6910      0.6787      0.5232
506     D         E           36           ALA           95.85           588    548    254     8.499     8.254     5.895     0.5792      0.6629      0.6502      0.4924
507     D         E           37           GLU           96.48           588    548    251     8.499     8.254     5.863     0.5734      0.6610      0.6481      0.4869
508     D         E           38           THR           97.29           588    548    256     8.499     8.254     5.917     0.6422      0.7348      0.7237      0.5807
509     D         E           39           VAL           97.31           588    548    257     8.499     8.254     5.927     0.6463      0.7379      0.7269      0.5853
510     D         E           40           THR           97.37           588    548    258     8.499     8.254     5.938     0.6735      0.7687      0.7586      0.6278
511     D         E           41           LEU           97.66           588    548    260     8.499     8.254     5.959     0.7001      0.7961      0.7870      0.6676
512     D         E           42           SER           96.69           588    548    248     8.499     8.254     5.830     0.5974      0.6966      0.6846      0.5264
513     D         E           43           CYS           97.09           588    548    251     8.499     8.254     5.863     0.6572      0.7626      0.7523      0.6128
514     D         E           44           THR           96.88           588    548    254     8.499     8.254     5.895     0.6649      0.7657      0.7556      0.6207
515     D         E           45           TYR           96.07           588    548    253     8.499     8.254     5.884     0.6742      0.7784      0.7687      0.6377
516     D         E           46           ASP           93.66           588    548    245     8.499     8.254     5.797     0.5821      0.6850      0.6728      0.5122
517     D         E           47           THR           91.26           588    548    240     8.499     8.254     5.742     0.5276      0.6281      0.6150      0.4458
518     D         E           48           SER           85.50           588    548    208     8.499     8.254     5.366     0.4739      0.5897      0.5762      0.3751
519     D         E           49           GLU           83.80           588    548    186     8.499     8.254     5.083     0.4478      0.5760      0.5623      0.3381
520     D         E           50           SER           81.29           588    548    185     8.499     8.254     5.069     0.4404      0.5662      0.5525      0.3292
521     D         E           51           ASP           85.46           588    548    239     8.499     8.254     5.731     0.5325      0.6376      0.6248      0.4582
522     D         E           52           TYR           91.29           588    548    248     8.499     8.254     5.830     0.6502      0.7601      0.7500      0.6115
523     D         E           53           TYR           93.26           588    548    256     8.499     8.254     5.917     0.7004      0.8034      0.7947      0.6773
524     D         E           54           LEU           95.28           588    548    263     8.499     8.254     5.991     0.7318      0.8250      0.8171      0.7143
525     D         E           55           PHE           96.03           588    548    262     8.499     8.254     5.980     0.7395      0.8364      0.8289      0.7302
526     D         E           56           TRP           97.23           588    548    265     8.499     8.254     6.012     0.7624      0.8555      0.8488      0.7612
527     D         E           57           TYR           96.99           588    548    263     8.499     8.254     5.991     0.7605      0.8586      0.8520      0.7640
528     D         E           58           LYS           96.98           588    548    261     8.499     8.254     5.970     0.7324      0.8329      0.8253      0.7235
529     D         E           59           GLN           96.71           588    548    260     8.499     8.254     5.959     0.7374      0.8403      0.8330      0.7339
530     D         E           60           PRO           94.88           588    548    254     8.499     8.254     5.895     0.6880      0.7949      0.7858      0.6613
531     D         E           61           PRO           91.05           588    548    251     8.499     8.254     5.863     0.6524      0.7590      0.7486      0.6089
532     D         E           62           SER           87.70           588    548    244     8.499     8.254     5.786     0.5603      0.6613      0.6487      0.4859
533     D         E           63           ARG           90.09           588    548    245     8.499     8.254     5.797     0.5716      0.6775      0.6653      0.5067
534     D         E           64           GLN           92.62           588    548    245     8.499     8.254     5.797     0.6190      0.7316      0.7206      0.5706
535     D         E           65           MET           95.47           588    548    254     8.499     8.254     5.895     0.6989      0.8086      0.8001      0.6837
536     D         E           66           ILE           95.61           588    548    258     8.499     8.254     5.938     0.7216      0.8258      0.8180      0.7114
537     D         E           67           LEU           95.98           588    548    260     8.499     8.254     5.959     0.7214      0.8221      0.8141      0.7085
538     D         E           68           VAL           96.36           588    548    257     8.499     8.254     5.927     0.7049      0.8088      0.8002      0.6849
539     D         E           69           ILE           96.14           588    548    254     8.499     8.254     5.895     0.6605      0.7614      0.7512      0.6162
540     D         E           70           ARG           94.60           588    548    248     8.499     8.254     5.830     0.6234      0.7264      0.7151      0.5653
541     D         E           71           GLN           94.37           588    548    250     8.499     8.254     5.852     0.6515      0.7566      0.7462      0.6061
542     D         E           72           GLU           90.42           588    548    245     8.499     8.254     5.797     0.5831      0.6856      0.6735      0.5147
543     D         E           73           ALA           88.01           588    548    238     8.499     8.254     5.720     0.5194      0.6191      0.6060      0.4362
544     D         E           74           TYR           84.60           588    548    207     8.499     8.254     5.354     0.4678      0.5850      0.5714      0.3696
545     D         E           75           LYS           81.61           588    548     84     8.499     8.254     3.286     0.3375      0.5255      0.5113      0.1494
546     D         E           76           GLN           78.76           588    548     11     8.499     8.254     1.000     0.2325      0.5384      0.5242      0.0171
547     D         E           77           GLN           85.56           588    548     52     8.499     8.254     2.332     0.3200      0.4823      0.4679      0.0676
548     D         E           78           ASN           90.45           588    548    219     8.499     8.254     5.500     0.4352      0.5180      0.5036      0.3137
549     D         E           79           ALA           88.65           588    548    212     8.499     8.254     5.415     0.4337      0.5204      0.5060      0.3089
550     D         E           80           THR           89.84           588    548    203     8.499     8.254     5.304     0.4230      0.5123      0.4979      0.2939
551     D         E           81           GLU           88.80           588    548    183     8.499     8.254     5.042     0.4083      0.5068      0.4924      0.2687
552     D         E           82           ASN           91.01           588    548    118     8.499     8.254     4.013     0.3711      0.4941      0.4796      0.1819
553     D         E           83           ARG           95.87           588    548    244     8.499     8.254     5.786     0.5130      0.5958      0.5821      0.4117
554     D         E           84           PHE           96.64           588    548    254     8.499     8.254     5.895     0.6308      0.7247      0.7134      0.5664
555     D         E           85           SER           96.39           588    548    254     8.499     8.254     5.895     0.5976      0.6849      0.6725      0.5182
556     D         E           86           VAL           96.40           588    548    251     8.499     8.254     5.863     0.6163      0.7118      0.7000      0.5473
557     D         E           87           ASN           96.24           588    548    254     8.499     8.254     5.895     0.6377      0.7338      0.7226      0.5781
558     D         E           88           PHE           95.81           588    548    252     8.499     8.254     5.874     0.6544      0.7562      0.7458      0.6061
559     D         E           89           GLN           95.32           588    548    249     8.499     8.254     5.841     0.6200      0.7213      0.7098      0.5575
560     D         E           90           LYS           93.27           588    548    247     8.499     8.254     5.819     0.6098      0.7129      0.7012      0.5455
561     D         E           91           ALA           93.23           588    548    244     8.499     8.254     5.786     0.5486      0.6425      0.6294      0.4618
562     D         E           92           ALA           95.08           588    548    245     8.499     8.254     5.797     0.5594      0.6553      0.6425      0.4772
563     D         E           93           LYS           95.29           588    548    249     8.499     8.254     5.841     0.6318      0.7356      0.7245      0.5758
564     D         E           94           SER           96.30           588    548    249     8.499     8.254     5.841     0.6184      0.7184      0.7069      0.5540
565     D         E           95           PHE           96.92           588    548    256     8.499     8.254     5.917     0.6752      0.7751      0.7653      0.6356
566     D         E           96           SER           96.84           588    548    256     8.499     8.254     5.917     0.6421      0.7350      0.7239      0.5814
567     D         E           97           LEU           97.58           588    548    260     8.499     8.254     5.959     0.7043      0.8007      0.7917      0.6740
568     D         E           98           LYS           97.29           588    548    260     8.499     8.254     5.959     0.6788      0.7701      0.7601      0.6311
569     D         E           99           ILE           97.53           588    548    260     8.499     8.254     5.959     0.6980      0.7933      0.7841      0.6625
570     D         E          100           SER           96.30           588    548    253     8.499     8.254     5.884     0.5864      0.6727      0.6601      0.5025
571     D         E          101           ASP           96.49           588    548    254     8.499     8.254     5.895     0.6037      0.6912      0.6790      0.5250
572     D         E          102           SER           96.70           588    548    258     8.499     8.254     5.938     0.6495      0.7393      0.7283      0.5877
573     D         E          103           GLN           95.75           588    548    258     8.499     8.254     5.938     0.6811      0.7767      0.7668      0.6371
574     D         E          104           LEU           94.58           588    548    260     8.499     8.254     5.959     0.7006      0.7964      0.7872      0.6668
575     D         E          105           GLY           94.34           588    548    257     8.499     8.254     5.927     0.6858      0.7849      0.7753      0.6481
576     D         E          106           ASP           96.55           588    548    261     8.499     8.254     5.970     0.7226      0.8212      0.8130      0.7046
577     D         E          107           ALA           95.99           588    548    261     8.499     8.254     5.970     0.7250      0.8227      0.8146      0.7063
578     D         E          108           ALA           96.72           588    548    260     8.499     8.254     5.959     0.7202      0.8202      0.8120      0.7029
579     D         E          109           MET           96.97           588    548    261     8.499     8.254     5.970     0.7397      0.8400      0.8326      0.7333
580     D         E          110           TYR           97.60           588    548    263     8.499     8.254     5.991     0.7632      0.8617      0.8553      0.7687
581     D         E          111           PHE           97.14           588    548    262     8.499     8.254     5.980     0.7566      0.8565      0.8499      0.7600
582     D         E          112           CYS           96.99           588    548    261     8.499     8.254     5.970     0.7183      0.8145      0.8062      0.6970
583     D         E          113           ALA           96.08           588    548    258     8.499     8.254     5.938     0.7122      0.8124      0.8040      0.6914
584     D         E          114           TYR           94.76           588    548    257     8.499     8.254     5.927     0.7134      0.8163      0.8081      0.6973
585     D         E          115           ARG           92.93           588    548    247     8.499     8.254     5.819     0.6526      0.7646      0.7546      0.6169
586     D         E          116           SER           89.56           588    548    245     8.499     8.254     5.797     0.6130      0.7271      0.7162      0.5692
587     D         E          117           ALA           88.26           588    548    243     8.499     8.254     5.775     0.5660      0.6730      0.6610      0.5047
588     D         E          118           LEU           85.34           588    548    190     8.499     8.254     5.136     0.4652      0.6025      0.5895      0.3768
589     D         E          119           SER           82.39           588    548     91     8.499     8.254     3.452     0.3265      0.5867      0.5732      0.2049
590     D         E          120           TYR           75.31           588    548     66     8.499     8.254     2.798     0.3005      0.5851      0.5716      0.1471
591     D         E          121           ASN           75.19           588    548     43     8.499     8.254     1.965     0.2478      0.5725      0.5586      0.0719
592     D         E          122           ASP           78.39           588    548     48     8.499     8.254     2.177     0.2649      0.5591      0.5450      0.0814
593     D         E          123           MET           88.51           588    548    149     8.499     8.254     4.545     0.4366      0.6470      0.6346      0.3692
594     D         E          124           ARG           93.08           588    548    245     8.499     8.254     5.797     0.6225      0.7379      0.7273      0.5827
595     D         E          125           PHE           95.07           588    548    253     8.499     8.254     5.884     0.6967      0.8075      0.7989      0.6818
596     D         E          126           GLY           95.15           588    548    248     8.499     8.254     5.830     0.6435      0.7536      0.7433      0.6028
597     D         E          127           ALA           95.09           588    548    248     8.499     8.254     5.830     0.6400      0.7482      0.7375      0.5934
598     D         E          128           GLY           96.00           588    548    248     8.499     8.254     5.830     0.6256      0.7313      0.7202      0.5710
599     D         E          129           THR           97.03           588    548    259     8.499     8.254     5.949     0.7178      0.8188      0.8105      0.6994
600     D         E          130           ARG           96.61           588    548    260     8.499     8.254     5.959     0.7271      0.8281      0.8202      0.7136
601     D         E          131           LEU           97.23           588    548    261     8.499     8.254     5.970     0.7354      0.8359      0.8283      0.7266
602     D         E          132           THR           95.59           588    548    258     8.499     8.254     5.938     0.7122      0.8142      0.8057      0.6901
603     D         E          133           VAL           96.00           588    548    260     8.499     8.254     5.959     0.7093      0.8065      0.7977      0.6813
604     D         E          134           LYS           95.22           588    548    258     8.499     8.254     5.938     0.6558      0.7477      0.7370      0.5987
605     D         E          135           PRO           94.56           588    548    253     8.499     8.254     5.884     0.5856      0.6722      0.6596      0.5024
606     D         E          136           ASN           92.84           588    548    245     8.499     8.254     5.797     0.5123      0.5916      0.5779      0.4099
607     D         E          137           ILE           90.92           588    548    215     8.499     8.254     5.452     0.4591      0.5460      0.5319      0.3374
608     D         E          138           GLN           86.98           588    548     61     8.499     8.254     2.643     0.3257      0.5194      0.5051      0.0989
609     D         E          139           ASN           88.81           588    548     44     8.499     8.254     2.010     0.3009      0.5368      0.5227      0.0654
610     D         E          140           PRO           89.66           588    548    113     8.499     8.254     3.917     0.3957      0.5600      0.5462      0.2258
611     D         E          141           ASP           91.85           588    548    160     8.499     8.254     4.714     0.4413      0.5773      0.5637      0.3107
612     D         E          142           PRO           92.04           588    548    236     8.499     8.254     5.697     0.5273      0.6115      0.5985      0.4300
613     D         E          143           ALA           91.86           588    548    232     8.499     8.254     5.651     0.5290      0.6179      0.6050      0.4333
614     D         E          144           VAL           92.38           588    548    262     8.499     8.254     5.980     0.6364      0.7136      0.7024      0.5681
615     D         E          145           TYR           92.62           588    548    262     8.499     8.254     5.980     0.6459      0.7245      0.7136      0.5812
616     D         E          146           GLN           90.05           588    548    260     8.499     8.254     5.959     0.5972      0.6713      0.6594      0.5186
617     D         E          147           LEU           88.72           588    548    213     8.499     8.254     5.427     0.5222      0.6330      0.6205      0.4346
618     D         E          148           ARG           81.56           588    548     36     8.499     8.254     1.621     0.2293      0.5470      0.5330      0.0467
619     D         E          149           ASP           70.67           588    548     14     8.499     8.254     1.000     0.1653      0.5281      0.5137      0.0159
620     D         E          150           SER           63.13           588    548      5     8.499     8.254     1.000     0.1420      0.5264      0.5120      0.0156
621     D         E          151           LYS           72.22           588    548     10     8.499     8.254     1.000     0.1571      0.4889      0.4744      0.0133
622     D         E          152           SER           61.08           588    548      3     8.499     8.254     1.000     0.1299      0.4745      0.4600      0.0125
623     D         E          153           SER           60.30           588    548      2     8.499     8.254     1.000     0.1296      0.4293      0.4150      0.0103
624     D         E          154           ASP           66.21           588    548      2     8.499     8.254     1.000     0.1443      0.5445      0.5300      0.0166
625     D         E          155           LYS           71.53           588    548     19     8.499     8.254     1.000     0.1986      0.5199      0.5056      0.0156
626     D         E          156           SER           81.99           588    548     64     8.499     8.254     2.738     0.2739      0.5496      0.5356      0.1200
627     D         E          157           VAL           90.78           588    548    218     8.499     8.254     5.488     0.5298      0.6396      0.6272      0.4462
628     D         E          158           CYS           92.07           588    548    261     8.499     8.254     5.970     0.6587      0.7419      0.7315      0.6038
629     D         E          159           LEU           93.83           588    548    264     8.499     8.254     6.001     0.6982      0.7820      0.7726      0.6562
630     D         E          160           PHE           93.73           588    548    263     8.499     8.254     5.991     0.6819      0.7657      0.7559      0.6335
631     D         E          161           THR           92.66           588    548    249     8.499     8.254     5.841     0.5478      0.6280      0.6154      0.4608
632     D         E          162           ASP           90.22           588    548    199     8.499     8.254     5.253     0.4805      0.5910      0.5777      0.3723
633     D         E          163           PHE           91.64           588    548    234     8.499     8.254     5.674     0.5225      0.6108      0.5977      0.4256
634     D         E          164           ASP           89.44           588    548    146     8.499     8.254     4.498     0.4191      0.5506      0.5366      0.2649
635     D         E          165           SER           88.80           588    548    172     8.499     8.254     4.889     0.4344      0.5453      0.5312      0.2919
636     D         E          166           GLN           86.88           588    548    161     8.499     8.254     4.729     0.4248      0.5424      0.5283      0.2754
637     D         E          167           THR           86.38           588    548    174     8.499     8.254     4.918     0.4298      0.5390      0.5247      0.2868
638     D         E          168           ASN           86.44           588    548    182     8.499     8.254     5.029     0.4356      0.5455      0.5314      0.3031
639     D         E          169           VAL           85.97           588    548    185     8.499     8.254     5.069     0.4388      0.5466      0.5326      0.3078
640     D         E          170           SER           83.99           588    548    108     8.499     8.254     3.818     0.3687      0.5302      0.5160      0.1928
641     D         E          171           GLN           83.84           588    548    123     8.499     8.254     4.105     0.3828      0.5359      0.5218      0.2207
642     D         E          172           SER           81.95           588    548     74     8.499     8.254     3.027     0.3300      0.5253      0.5111      0.1291
643     D         E          173           LYS           80.22           588    548     57     8.499     8.254     2.510     0.3056      0.5228      0.5086      0.0917
644     D         E          174           ASP           82.23           588    548     69     8.499     8.254     2.887     0.3344      0.5386      0.5245      0.1277
645     D         E          175           SER           83.05           588    548    108     8.499     8.254     3.818     0.3652      0.5427      0.5287      0.2041
646     D         E          176           ASP           86.41           588    548    159     8.499     8.254     4.699     0.4299      0.5807      0.5671      0.3106
647     D         E          177           VAL           88.52           588    548    255     8.499     8.254     5.906     0.5816      0.6639      0.6517      0.5032
648     D         E          178           TYR           90.92           588    548    258     8.499     8.254     5.938     0.6275      0.7150      0.7038      0.5641
649     D         E          179           ILE           91.55           588    548    260     8.499     8.254     5.959     0.6603      0.7491      0.7387      0.6080
650     D         E          180           THR           91.40           588    548    256     8.499     8.254     5.917     0.6246      0.7149      0.7036      0.5610
651     D         E          181           ASP           90.41           588    548    252     8.499     8.254     5.874     0.5876      0.6774      0.6652      0.5132
652     D         E          182           LYS           91.86           588    548    253     8.499     8.254     5.884     0.5791      0.6638      0.6515      0.4996
653     D         E          183           THR           92.79           588    548    257     8.499     8.254     5.927     0.6082      0.6923      0.6805      0.5356
654     D         E          184           VAL           93.58           588    548    261     8.499     8.254     5.970     0.6420      0.7246      0.7136      0.5774
655     D         E          185           LEU           92.48           588    548    257     8.499     8.254     5.927     0.5857      0.6633      0.6510      0.5031
656     D         E          186           ASP           92.76           588    548    258     8.499     8.254     5.938     0.5782      0.6534      0.6409      0.4933
657     D         E          187           MET           91.66           588    548    258     8.499     8.254     5.938     0.5765      0.6492      0.6368      0.4895
658     D         E          188           ARG           89.52           588    548    230     8.499     8.254     5.629     0.5235      0.6121      0.5992      0.4263
659     D         E          189           SER           89.49           588    548    166     8.499     8.254     4.803     0.4450      0.5725      0.5590      0.3164
660     D         E          190           MET           89.19           588    548    152     8.499     8.254     4.592     0.4437      0.5821      0.5687      0.3072
661     D         E          191           ASP           90.46           588    548    194     8.499     8.254     5.188     0.4754      0.5789      0.5655      0.3544
662     D         E          192           PHE           92.76           588    548    256     8.499     8.254     5.917     0.5636      0.6364      0.6237      0.4733
663     D         E          193           LYS           93.03           588    548    259     8.499     8.254     5.949     0.6068      0.6846      0.6728      0.5299
664     D         E          194           SER           93.89           588    548    258     8.499     8.254     5.938     0.5976      0.6772      0.6652      0.5212
665     D         E          195           ASN           94.24           588    548    261     8.499     8.254     5.970     0.6509      0.7357      0.7250      0.5933
666     D         E          196           SER           93.66           588    548    257     8.499     8.254     5.927     0.6062      0.6898      0.6782      0.5368
667     D         E          197           ALA           93.84           588    548    261     8.499     8.254     5.970     0.6732      0.7608      0.7509      0.6264
668     D         E          198           VAL           94.11           588    548    262     8.499     8.254     5.980     0.6875      0.7748      0.7653      0.6451
669     D         E          199           ALA           92.72           588    548    262     8.499     8.254     5.980     0.6766      0.7621      0.7522      0.6288
670     D         E          200           TRP           92.07           588    548    260     8.499     8.254     5.959     0.6500      0.7354      0.7248      0.5929
671     D         E          201           SER           88.51           588    548    216     8.499     8.254     5.464     0.5203      0.6289      0.6161      0.4287
672     D         E          202           ASN           84.41           588    548    162     8.499     8.254     4.744     0.4387      0.5884      0.5748      0.3216
673     D         E          203           LYS           81.38           588    548    120     8.499     8.254     4.050     0.3760      0.5411      0.5271      0.2210
674     D         E          204           SER           79.08           588    548     59     8.499     8.254     2.578     0.3070      0.5216      0.5072      0.0941
675     D         E          205           ASP           81.26           588    548     56     8.499     8.254     2.476     0.2934      0.5056      0.4911      0.0815
676     D         E          206           PHE           83.32           588    548    118     8.499     8.254     4.013     0.3806      0.5431      0.5289      0.2163
677     D         E          207           ALA           85.39           588    548    117     8.499     8.254     3.994     0.3893      0.5619      0.5479      0.2295
678     D         E          208           CYS           86.51           588    548    159     8.499     8.254     4.699     0.4366      0.5785      0.5648      0.3078
679     D         E          209           ALA           85.85           588    548    127     8.499     8.254     4.177     0.4044      0.5747      0.5609      0.2558
680     D         E          210           ASN           84.86           588    548    103     8.499     8.254     3.715     0.3619      0.5371      0.5229      0.1871
681     D         E          211           ALA           82.17           588    548    139     8.499     8.254     4.383     0.4086      0.5507      0.5366      0.2536
682     D         E          212           PHE           86.03           588    548    173     8.499     8.254     4.904     0.4403      0.5614      0.5474      0.3079
683     D         E          213           ASN           83.83           588    548    102     8.499     8.254     3.694     0.3599      0.5339      0.5197      0.1832
684     D         E          214           ASN           83.75           588    548     51     8.499     8.254     2.294     0.3051      0.4855      0.4710      0.0653
685     D         E          215           SER           81.67           588    548     32     8.499     8.254     1.388     0.2860      0.4664      0.4519      0.0229
686     D         E          216           ILE           81.24           588    548     20     8.499     8.254     1.000     0.2677      0.4566      0.4421      0.0115
687     D         E          217           ILE           81.74           588    548     11     8.499     8.254     1.000     0.2463      0.4493      0.4348      0.0112
688     D         E          218           PRO           82.47           588    548     17     8.499     8.254     1.000     0.2579      0.4557      0.4413      0.0115
689     D         E          219           GLU           81.55           588    548      6     8.499     8.254     1.000     0.2291      0.4927      0.4782      0.0134
690     D         E          220           ASP           85.28           588    548     16     8.499     8.254     1.000     0.2393      0.5055      0.4911      0.0145
691     D         E          221           THR           83.97           588    548     46     8.499     8.254     2.095     0.3122      0.5320      0.5178      0.0689
692     D         E          222           PHE           88.94           588    548     70     8.499     8.254     2.916     0.3375      0.5211      0.5069      0.1208
693     D         E          223           PHE           85.88           588    548     75     8.499     8.254     3.054     0.3422      0.5234      0.5092      0.1318
694     D         E          224           PRO           80.78           588    548     19     8.499     8.254     1.000     0.2448      0.5323      0.5183      0.0172
695     D         E          225           SER           76.63           588    548      8     8.499     8.254     1.000     0.1885      0.5604      0.5462      0.0184
696     D         E          226           PRO           70.03           588    548      8     8.499     8.254     1.000     0.1612      0.5113      0.4969      0.0148
697     D         E          227           GLU           60.41           588    548      4     8.499     8.254     1.000     0.1319      0.4772      0.4627      0.0126
698     D         E          228           SER           61.43           588    548      4     8.499     8.254     1.000     0.1136      0.4451      0.4307      0.0110
699     D         E          229           SER           67.70           588    548      7     8.499     8.254     1.000     0.1292      0.5168      0.5025      0.0154
700     D         E          230           CYS           74.57           588    548     21     8.499     8.254     1.000     0.1994      0.5381      0.5240      0.0173
701     D         E          231           ASP           79.47           588    548     49     8.499     8.254     2.217     0.2873      0.5833      0.5695      0.0944
702     D         E          232           VAL           81.87           588    548     72     8.499     8.254     2.972     0.3369      0.5689      0.5551      0.1493
703     D         E          233           LYS           80.13           588    548     81     8.499     8.254     3.211     0.3499      0.5772      0.5636      0.1761
704     D         E          234           LEU           79.91           588    548     87     8.499     8.254     3.359     0.3644      0.5881      0.5745      0.1972
705     D         E          235           VAL           82.34           588    548     94     8.499     8.254     3.521     0.3888      0.6047      0.5915      0.2278
706     D         E          236           GLU           79.28           588    548     89     8.499     8.254     3.406     0.3721      0.5973      0.5839      0.2076
707     D         E          237           LYS           82.82           588    548     88     8.499     8.254     3.382     0.3686      0.5842      0.5705      0.1952
708     D         E          238           SER           79.94           588    548     83     8.499     8.254     3.261     0.3562      0.5957      0.5822      0.1944
709     D         E          239           PHE           81.44           588    548     93     8.499     8.254     3.498     0.3775      0.5954      0.5819      0.2145
710     D         E          240           GLU           80.38           588    548     77     8.499     8.254     3.108     0.3294      0.5912      0.5778      0.1775
711     D         E          241           THR           81.91           588    548     82     8.499     8.254     3.236     0.3424      0.5770      0.5633      0.1779
712     D         E          242           ASP           82.75           588    548     71     8.499     8.254     2.944     0.3183      0.5522      0.5382      0.1374
713     D         E          243           THR           85.15           588    548     91     8.499     8.254     3.452     0.3538      0.5630      0.5491      0.1866
714     D         E          244           ASN           83.82           588    548     89     8.499     8.254     3.406     0.3500      0.5774      0.5637      0.1947
715     D         E          245           LEU           82.44           588    548     93     8.499     8.254     3.498     0.3584      0.5878      0.5743      0.2097
716     D         E          246           ASN           82.28           588    548     97     8.499     8.254     3.587     0.3627      0.5866      0.5731      0.2170
717     D         E          247           PHE           82.59           588    548     92     8.499     8.254     3.475     0.3558      0.5866      0.5732      0.2083
718     D         E          248           GLN           81.55           588    548     93     8.499     8.254     3.498     0.3563      0.5914      0.5780      0.2141
719     D         E          249           ASN           82.40           588    548     92     8.499     8.254     3.475     0.3528      0.5858      0.5723      0.2079
720     D         E          250           LEU           82.37           588    548     88     8.499     8.254     3.382     0.3508      0.5933      0.5799      0.2063
721     D         E          251           SER           85.49           588    548     79     8.499     8.254     3.160     0.3393      0.6211      0.6083      0.2108
722     D         E          252           VAL           86.31           588    548     82     8.499     8.254     3.236     0.3373      0.6111      0.5982      0.2105
723     D         E          253           ILE           85.84           588    548     80     8.499     8.254     3.186     0.3316      0.6069      0.5939      0.1999
724     D         E          254           GLY           83.18           588    548     74     8.499     8.254     3.027     0.3231      0.6150      0.6022      0.1940
725     D         E          255           PHE           86.89           588    548     70     8.499     8.254     2.916     0.3193      0.6403      0.6279      0.2029
726     D         E          256           ARG           85.65           588    548     71     8.499     8.254     2.944     0.3244      0.6384      0.6260      0.2036
727     D         E          257           ILE           85.85           588    548     66     8.499     8.254     2.798     0.3118      0.6410      0.6285      0.1880
728     D         E          258           LEU           87.46           588    548     63     8.499     8.254     2.706     0.3118      0.6612      0.6491      0.1931
729     D         E          259           LEU           86.08           588    548     59     8.499     8.254     2.578     0.3097      0.6962      0.6848      0.2061
730     D         E          260           LEU           86.23           588    548     61     8.499     8.254     2.643     0.3073      0.6725      0.6607      0.1953
731     D         E          261           LYS           85.98           588    548     58     8.499     8.254     2.544     0.3001      0.6703      0.6583      0.1796
732     D         E          262           VAL           86.14           588    548     55     8.499     8.254     2.441     0.2906      0.6843      0.6726      0.1801
733     D         E          263           ALA           84.70           588    548     54     8.499     8.254     2.405     0.2864      0.6815      0.6697      0.1711
734     D         E          264           GLY           85.40           588    548     48     8.499     8.254     2.177     0.2768      0.7113      0.6998      0.1592
735     D         E          265           PHE           89.00           588    548     47     8.499     8.254     2.137     0.2738      0.7151      0.7037      0.1566
736     D         E          266           ASN           85.98           588    548     48     8.499     8.254     2.177     0.2745      0.7159      0.7045      0.1644
737     D         E          267           LEU           87.55           588    548     48     8.499     8.254     2.177     0.2715      0.7040      0.6923      0.1532
738     D         E          268           LEU           87.57           588    548     48     8.499     8.254     2.177     0.2711      0.7086      0.6971      0.1586
739     D         E          269           MET           84.36           588    548     47     8.499     8.254     2.137     0.2580      0.7158      0.7045      0.1623
740     D         E          270           THR           85.23           588    548     48     8.499     8.254     2.177     0.2576      0.6930      0.6812      0.1526
741     D         E          271           LEU           86.96           588    548     47     8.499     8.254     2.137     0.2561      0.6900      0.6782      0.1441
742     D         E          272           ARG           87.20           588    548     47     8.499     8.254     2.137     0.2423      0.6695      0.6573      0.1318
743     D         E          273           LEU           81.16           588    548     43     8.499     8.254     1.965     0.2342      0.6580      0.6457      0.1109
744     D         E          274           TRP           82.89           588    548     33     8.499     8.254     1.450     0.1996      0.6309      0.6180      0.0553
745     D         E          275           SER           82.88           588    548     20     8.499     8.254     1.000     0.1462      0.5168      0.5026      0.0158
746     D         E          276           SER           66.62           588    548      1     8.499     8.254     1.000     0.0990      0.4243      0.4101      0.0101
747     E         A            1           MET           24.51           674    441      0     8.991     7.530     1.000     0.0747      0.0000      0.0000      0.0000
748     E         A            2           SER           27.09           674    441      0     8.991     7.530     1.000     0.0748      0.0000      0.0000      0.0000
749     E         A            3           ILE           31.00           674    441      0     8.991     7.530     1.000     0.0751      0.0000      0.0000      0.0000
750     E         A            4           GLY           31.30           674    441      0     8.991     7.530     1.000     0.0750      0.0000      0.0000      0.0000
751     E         A            5           LEU           30.18           674    441      0     8.991     7.530     1.000     0.0755      0.0000      0.0000      0.0000
752     E         A            6           LEU           28.57           674    441      0     8.991     7.530     1.000     0.0756      0.0000      0.0000      0.0000
753     E         A            7           CYS           30.75           674    441      0     8.991     7.530     1.000     0.0759      0.0000      0.0000      0.0000
754     E         A            8           CYS           29.82           674    441      0     8.991     7.530     1.000     0.0764      0.0000      0.0000      0.0000
755     E         A            9           ALA           32.18           674    441      0     8.991     7.530     1.000     0.0769      0.0000      0.0000      0.0000
756     E         A           10           ALA           31.95           674    441      0     8.991     7.530     1.000     0.0767      0.0000      0.0000      0.0000
757     E         A           11           LEU           28.39           674    441      0     8.991     7.530     1.000     0.0771      0.0000      0.0000      0.0000
758     E         A           12           SER           29.18           674    441      0     8.991     7.530     1.000     0.0775      0.0000      0.0000      0.0000
759     E         A           13           LEU           27.05           674    441      0     8.991     7.530     1.000     0.0776      0.0000      0.0000      0.0000
760     E         A           14           LEU           29.00           674    441      0     8.991     7.530     1.000     0.0778      0.0000      0.0000      0.0000
761     E         A           15           TRP           29.38           674    441      0     8.991     7.530     1.000     0.0782      0.0000      0.0000      0.0000
762     E         A           16           ALA           33.66           674    441      0     8.991     7.530     1.000     0.0786      0.0000      0.0000      0.0000
763     E         A           17           GLY           32.83           674    441      0     8.991     7.530     1.000     0.0793      0.0000      0.0000      0.0000
764     E         A           18           PRO           31.83           674    441      0     8.991     7.530     1.000     0.0801      0.0000      0.0000      0.0000
765     E         A           19           VAL           38.60           674    441      0     8.991     7.530     1.000     0.0811      0.0000      0.0000      0.0000
766     E         A           20           ASN           45.30           674    441      0     8.991     7.530     1.000     0.0833      0.0000      0.0000      0.0000
767     E         A           21           ALA           56.86           674    441      0     8.991     7.530     1.000     0.0873      0.0000      0.0000      0.0000
768     E         A           22           GLY           86.93           674    441      0     8.991     7.530     1.000     0.1228      0.0000      0.0000      0.0000
769     E         A           23           VAL           95.53           674    441    156     8.991     7.530     4.654     0.3766      0.5489      0.4617      0.2490
770     E         A           24           THR           96.33           674    441    184     8.991     7.530     5.056     0.4236      0.5927      0.5075      0.3217
771     E         A           25           GLN           96.66           674    441    187     8.991     7.530     5.096     0.4226      0.5864      0.5005      0.3183
772     E         A           26           THR           95.55           674    441    148     8.991     7.530     4.530     0.3717      0.5444      0.4572      0.2360
773     E         A           27           PRO           95.67           674    441    118     8.991     7.530     4.013     0.3383      0.5063      0.4190      0.1709
774     E         A           28           LYS           95.45           674    441    163     8.991     7.530     4.759     0.3903      0.5608      0.4736      0.2667
775     E         A           29           PHE           96.54           674    441    179     8.991     7.530     4.987     0.4070      0.5753      0.4887      0.2982
776     E         A           30           GLN           96.84           674    441    174     8.991     7.530     4.918     0.4001      0.5701      0.4832      0.2875
777     E         A           31           VAL           96.21           674    441    178     8.991     7.530     4.974     0.4000      0.5668      0.4798      0.2891
778     E         A           32           LEU           95.53           674    441    174     8.991     7.530     4.918     0.3981      0.5658      0.4785      0.2831
779     E         A           33           LYS           95.00           674    441    154     8.991     7.530     4.623     0.3654      0.5304      0.4428      0.2318
780     E         A           34           THR           95.53           674    441    153     8.991     7.530     4.608     0.3629      0.5265      0.4389      0.2277
781     E         A           35           GLY           95.17           674    441     60     8.991     7.530     2.611     0.2976      0.4881      0.4011      0.0748
782     E         A           36           GLN           93.93           674    441    112     8.991     7.530     3.897     0.3307      0.5075      0.4202      0.1637
783     E         A           37           SER           94.74           674    441    139     8.991     7.530     4.383     0.3527      0.5296      0.4422      0.2135
784     E         A           38           MET           95.73           674    441    137     8.991     7.530     4.350     0.3494      0.5354      0.4483      0.2157
785     E         A           39           THR           96.99           674    441    201     8.991     7.530     5.278     0.4403      0.6045      0.5198      0.3517
786     E         A           40           LEU           97.33           674    441    217     8.991     7.530     5.476     0.4630      0.6227      0.5395      0.3876
787     E         A           41           GLN           97.15           674    441    203     8.991     7.530     5.304     0.4448      0.6074      0.5232      0.3577
788     E         A           42           CYS           97.18           674    441    198     8.991     7.530     5.240     0.4359      0.5980      0.5128      0.3416
789     E         A           43           ALA           96.95           674    441    188     8.991     7.530     5.109     0.4317      0.6005      0.5157      0.3337
790     E         A           44           GLN           96.06           674    441    172     8.991     7.530     4.889     0.4033      0.5774      0.4911      0.2927
791     E         A           45           ASP           93.39           674    441    152     8.991     7.530     4.592     0.3830      0.5772      0.4911      0.2683
792     E         A           46           MET           91.86           674    441    183     8.991     7.530     5.042     0.4202      0.5963      0.5114      0.3246
793     E         A           47           ASN           89.45           674    441    183     8.991     7.530     5.042     0.4227      0.5963      0.5119      0.3260
794     E         A           48           HIS           90.49           674    441    212     8.991     7.530     5.415     0.4609      0.6204      0.5374      0.3814
795     E         A           49           GLU           87.63           674    441    209     8.991     7.530     5.378     0.4586      0.6173      0.5343      0.3758
796     E         A           50           TYR           91.80           674    441    234     8.991     7.530     5.674     0.4861      0.6316      0.5500      0.4164
797     E         A           51           MET           94.15           674    441    235     8.991     7.530     5.686     0.4840      0.6283      0.5462      0.4131
798     E         A           52           SER           95.33           674    441    219     8.991     7.530     5.500     0.4692      0.6214      0.5384      0.3891
799     E         A           53           TRP           96.67           674    441    256     8.991     7.530     5.917     0.5095      0.6461      0.5652      0.4505
800     E         A           54           TYR           96.66           674    441    258     8.991     7.530     5.938     0.5076      0.6399      0.5584      0.4452
801     E         A           55           ARG           96.41           674    441    223     8.991     7.530     5.547     0.4679      0.6199      0.5365      0.3908
802     E         A           56           GLN           96.34           674    441    209     8.991     7.530     5.378     0.4489      0.6094      0.5250      0.3649
803     E         A           57           ASP           94.72           674    441    167     8.991     7.530     4.818     0.3917      0.5617      0.4748      0.2726
804     E         A           58           PRO           90.85           674    441     50     8.991     7.530     2.256     0.2955      0.4940      0.4069      0.0584
805     E         A           59           GLY           87.35           674    441      8     8.991     7.530     1.000     0.2500      0.4750      0.3884      0.0111
806     E         A           60           MET           88.54           674    441      8     8.991     7.530     1.000     0.2496      0.4724      0.3859      0.0110
807     E         A           61           GLY           88.87           674    441     26     8.991     7.530     1.000     0.2718      0.4897      0.4028      0.0119
808     E         A           62           LEU           93.86           674    441    182     8.991     7.530     5.029     0.4083      0.5705      0.4839      0.2979
809     E         A           63           ARG           94.91           674    441    229     8.991     7.530     5.617     0.4763      0.6241      0.5412      0.4014
810     E         A           64           LEU           94.16           674    441    232     8.991     7.530     5.651     0.4814      0.6266      0.5440      0.4073
811     E         A           65           ILE           95.59           674    441    228     8.991     7.530     5.605     0.4800      0.6307      0.5483      0.4075
812     E         A           66           HIS           95.04           674    441    219     8.991     7.530     5.500     0.4638      0.6172      0.5340      0.3852
813     E         A           67           TYR           93.07           674    441    217     8.991     7.530     5.476     0.4654      0.6176      0.5347      0.3845
814     E         A           68           SER           92.10           674    441    211     8.991     7.530     5.403     0.4594      0.6164      0.5336      0.3775
815     E         A           69           VAL           85.39           674    441    191     8.991     7.530     5.149     0.4399      0.6103      0.5272      0.3506
816     E         A           70           GLY           84.28           674    441    158     8.991     7.530     4.684     0.3950      0.5875      0.5029      0.2885
817     E         A           71           ALA           84.00           674    441    151     8.991     7.530     4.577     0.3856      0.5771      0.4916      0.2687
818     E         A           72           GLY           81.95           674    441    140     8.991     7.530     4.400     0.3729      0.5699      0.4842      0.2482
819     E         A           73           ILE           83.02           674    441    157     8.991     7.530     4.669     0.3924      0.5778      0.4926      0.2779
820     E         A           74           THR           87.54           674    441    176     8.991     7.530     4.946     0.4127      0.5891      0.5043      0.3108
821     E         A           75           ASP           87.57           674    441    171     8.991     7.530     4.875     0.4063      0.5813      0.4959      0.2972
822     E         A           76           GLN           90.39           674    441    170     8.991     7.530     4.861     0.4010      0.5750      0.4891      0.2898
823     E         A           77           GLY           90.02           674    441    163     8.991     7.530     4.759     0.3873      0.5614      0.4750      0.2691
824     E         A           78           GLU           90.49           674    441    169     8.991     7.530     4.847     0.3955      0.5676      0.4812      0.2811
825     E         A           79           VAL           93.28           674    441    172     8.991     7.530     4.889     0.3986      0.5715      0.4849      0.2871
826     E         A           80           PRO           93.62           674    441    160     8.991     7.530     4.714     0.3740      0.5390      0.4519      0.2467
827     E         A           81           ASN           93.92           674    441    122     8.991     7.530     4.087     0.3492      0.5291      0.4420      0.1915
828     E         A           82           GLY           94.45           674    441    125     8.991     7.530     4.141     0.3442      0.5243      0.4373      0.1926
829     E         A           83           TYR           96.62           674    441    194     8.991     7.530     5.188     0.4320      0.6020      0.5169      0.3408
830     E         A           84           ASN           96.01           674    441    166     8.991     7.530     4.803     0.3875      0.5630      0.4766      0.2742
831     E         A           85           VAL           95.44           674    441    161     8.991     7.530     4.729     0.3834      0.5620      0.4753      0.2666
832     E         A           86           SER           93.44           674    441    129     8.991     7.530     4.213     0.3531      0.5516      0.4651      0.2180
833     E         A           87           ARG           93.53           674    441    160     8.991     7.530     4.714     0.3830      0.5693      0.4830      0.2721
834     E         A           88           SER           91.78           674    441    140     8.991     7.530     4.400     0.3640      0.5599      0.4735      0.2388
835     E         A           89           THR           91.36           674    441    154     8.991     7.530     4.623     0.3839      0.5772      0.4913      0.2714
836     E         A           90           THR           91.22           674    441    186     8.991     7.530     5.083     0.4214      0.5877      0.5023      0.3194
837     E         A           91           GLU           94.43           674    441    170     8.991     7.530     4.861     0.4114      0.5946      0.5094      0.3068
838     E         A           92           ASP           96.01           674    441    173     8.991     7.530     4.904     0.4144      0.5956      0.5104      0.3112
839     E         A           93           PHE           96.87           674    441    217     8.991     7.530     5.476     0.4612      0.6139      0.5303      0.3790
840     E         A           94           PRO           97.25           674    441    201     8.991     7.530     5.278     0.4490      0.6133      0.5296      0.3617
841     E         A           95           LEU           97.57           674    441    217     8.991     7.530     5.476     0.4630      0.6203      0.5371      0.3856
842     E         A           96           ARG           97.06           674    441    182     8.991     7.530     5.029     0.4186      0.5941      0.5090      0.3208
843     E         A           97           LEU           96.19           674    441    161     8.991     7.530     4.729     0.3854      0.5660      0.4791      0.2690
844     E         A           98           LEU           92.51           674    441     44     8.991     7.530     2.010     0.2834      0.5000      0.4128      0.0481
845     E         A           99           SER           95.73           674    441     64     8.991     7.530     2.738     0.3058      0.4997      0.4125      0.0855
846     E         A          100           ALA           95.99           674    441    128     8.991     7.530     4.195     0.3396      0.5114      0.4240      0.1872
847     E         A          101           ALA           96.49           674    441    156     8.991     7.530     4.654     0.3645      0.5262      0.4387      0.2315
848     E         A          102           PRO           95.68           674    441    169     8.991     7.530     4.847     0.3844      0.5501      0.4627      0.2647
849     E         A          103           SER           96.16           674    441    185     8.991     7.530     5.069     0.4094      0.5731      0.4864      0.3028
850     E         A          104           GLN           96.62           674    441    198     8.991     7.530     5.240     0.4303      0.5911      0.5052      0.3340
851     E         A          105           THR           96.17           674    441    201     8.991     7.530     5.278     0.4329      0.5933      0.5076      0.3396
852     E         A          106           SER           96.57           674    441    183     8.991     7.530     5.042     0.4096      0.5770      0.4904      0.3041
853     E         A          107           VAL           96.96           674    441    216     8.991     7.530     5.464     0.4625      0.6205      0.5367      0.3833
854     E         A          108           TYR           97.58           674    441    250     8.991     7.530     5.852     0.4999      0.6383      0.5565      0.4360
855     E         A          109           PHE           97.15           674    441    242     8.991     7.530     5.764     0.4933      0.6366      0.5545      0.4266
856     E         A          110           CYS           96.82           674    441    217     8.991     7.530     5.476     0.4584      0.6109      0.5270      0.3756
857     E         A          111           ALA           95.75           674    441    226     8.991     7.530     5.582     0.4728      0.6196      0.5366      0.3944
858     E         A          112           SER           94.61           674    441    185     8.991     7.530     5.069     0.4343      0.6037      0.5195      0.3348
859     E         A          113           GLN           91.95           674    441    184     8.991     7.530     5.056     0.4376      0.6125      0.5290      0.3431
860     E         A          114           LYS           87.68           674    441    183     8.991     7.530     5.042     0.4292      0.6037      0.5198      0.3338
861     E         A          115           SER           83.07           674    441    141     8.991     7.530     4.416     0.3725      0.5771      0.4921      0.2576
862     E         A          116           GLY           80.50           674    441    141     8.991     7.530     4.416     0.3730      0.5834      0.4986      0.2623
863     E         A          117           SER           85.22           674    441    187     8.991     7.530     5.096     0.4314      0.6072      0.5235      0.3415
864     E         A          118           SER           83.42           674    441    187     8.991     7.530     5.096     0.4262      0.5935      0.5089      0.3276
865     E         A          119           TYR           86.96           674    441    198     8.991     7.530     5.240     0.4408      0.6033      0.5189      0.3484
866     E         A          120           ASN           87.76           674    441    204     8.991     7.530     5.316     0.4552      0.6190      0.5358      0.3712
867     E         A          121           GLU           89.50           674    441    193     8.991     7.530     5.175     0.4405      0.6087      0.5247      0.3486
868     E         A          122           GLN           92.94           674    441    203     8.991     7.530     5.304     0.4475      0.6055      0.5212      0.3558
869     E         A          123           PHE           95.18           674    441    234     8.991     7.530     5.674     0.4863      0.6320      0.5497      0.4148
870     E         A          124           PHE           96.18           674    441    251     8.991     7.530     5.863     0.4965      0.6311      0.5491      0.4299
871     E         A          125           GLY           96.11           674    441    196     8.991     7.530     5.214     0.4364      0.5992      0.5144      0.3415
872     E         A          126           PRO           95.59           674    441    180     8.991     7.530     5.001     0.4238      0.5980      0.5131      0.3223
873     E         A          127           GLY           96.31           674    441    161     8.991     7.530     4.729     0.3887      0.5623      0.4755      0.2664
874     E         A          128           THR           96.96           674    441    203     8.991     7.530     5.304     0.4409      0.6002      0.5151      0.3490
875     E         A          129           ARG           96.83           674    441    182     8.991     7.530     5.029     0.4151      0.5869      0.5009      0.3125
876     E         A          130           LEU           97.16           674    441    205     8.991     7.530     5.329     0.4395      0.5982      0.5127      0.3484
877     E         A          131           THR           96.42           674    441    192     8.991     7.530     5.162     0.4254      0.5927      0.5068      0.3287
878     E         A          132           VAL           96.51           674    441    204     8.991     7.530     5.316     0.4362      0.5943      0.5085      0.3432
879     E         A          133           LEU           95.40           674    441    152     8.991     7.530     4.592     0.3654      0.5364      0.4489      0.2340
880     E         A          134           GLU           94.08           674    441     55     8.991     7.530     2.441     0.3035      0.4869      0.3999      0.0657
881     E         A          135           ASP           92.21           674    441      0     8.991     7.530     1.000     0.2394      0.0000      0.0000      0.0000
882     E         A          136           LEU           93.45           674    441     27     8.991     7.530     1.039     0.2915      0.4708      0.3843      0.0118
883     E         A          137           LYS           93.45           674    441      0     8.991     7.530     1.000     0.2595      0.0000      0.0000      0.0000
884     E         A          138           ASN           93.35           674    441      0     8.991     7.530     1.000     0.2583      0.0000      0.0000      0.0000
885     E         A          139           VAL           95.58           674    441    128     8.991     7.530     4.195     0.3367      0.4901      0.4030      0.1736
886     E         A          140           PHE           96.31           674    441    103     8.991     7.530     3.715     0.3262      0.4823      0.3955      0.1377
887     E         A          141           PRO           96.27           674    441     46     8.991     7.530     2.095     0.3060      0.4749      0.3883      0.0469
888     E         A          142           PRO           96.60           674    441     53     8.991     7.530     2.369     0.3066      0.4773      0.3907      0.0598
889     E         A          143           GLU           94.68           674    441     42     8.991     7.530     1.920     0.3086      0.4744      0.3878      0.0396
890     E         A          144           VAL           94.81           674    441    108     8.991     7.530     3.818     0.3293      0.4807      0.3939      0.1435
891     E         A          145           ALA           93.61           674    441     19     8.991     7.530     1.000     0.2886      0.4641      0.3780      0.0106
892     E         A          146           VAL           94.30           674    441    110     8.991     7.530     3.858     0.3288      0.4820      0.3951      0.1467
893     E         A          147           PHE           94.73           674    441    139     8.991     7.530     4.383     0.3478      0.4927      0.4055      0.1881
894     E         A          148           GLU           93.01           674    441      0     8.991     7.530     1.000     0.2707      0.0000      0.0000      0.0000
895     E         A          149           PRO           92.72           674    441      0     8.991     7.530     1.000     0.2568      0.0000      0.0000      0.0000
896     E         A          150           SER           90.63           674    441      0     8.991     7.530     1.000     0.2222      0.0000      0.0000      0.0000
897     E         A          151           GLU           89.54           674    441      0     8.991     7.530     1.000     0.2276      0.0000      0.0000      0.0000
898     E         A          152           ALA           89.57           674    441      0     8.991     7.530     1.000     0.2418      0.0000      0.0000      0.0000
899     E         A          153           GLU           92.02           674    441      1     8.991     7.530     1.000     0.2851      0.4520      0.3665      0.0101
900     E         A          154           ILE           91.01           674    441      0     8.991     7.530     1.000     0.2765      0.0000      0.0000      0.0000
901     E         A          155           SER           89.74           674    441      0     8.991     7.530     1.000     0.2249      0.0000      0.0000      0.0000
902     E         A          156           HIS           89.89           674    441      0     8.991     7.530     1.000     0.2262      0.0000      0.0000      0.0000
903     E         A          157           THR           90.04           674    441      0     8.991     7.530     1.000     0.2004      0.0000      0.0000      0.0000
904     E         A          158           GLN           91.93           674    441      0     8.991     7.530     1.000     0.2307      0.0000      0.0000      0.0000
905     E         A          159           LYS           93.18           674    441      0     8.991     7.530     1.000     0.2687      0.0000      0.0000      0.0000
906     E         A          160           ALA           94.07           674    441     12     8.991     7.530     1.000     0.2867      0.4579      0.3721      0.0103
907     E         A          161           THR           95.18           674    441    108     8.991     7.530     3.818     0.3293      0.4789      0.3922      0.1426
908     E         A          162           LEU           95.66           674    441    163     8.991     7.530     4.759     0.3680      0.5167      0.4289      0.2313
909     E         A          163           VAL           95.95           674    441    161     8.991     7.530     4.729     0.3690      0.5175      0.4297      0.2297
910     E         A          164           CYS           95.89           674    441    133     8.991     7.530     4.282     0.3439      0.4962      0.4089      0.1833
911     E         A          165           LEU           95.14           674    441     94     8.991     7.530     3.521     0.3271      0.4788      0.3921      0.1238
912     E         A          166           ALA           96.09           674    441    143     8.991     7.530     4.449     0.3491      0.4967      0.4094      0.1953
913     E         A          167           THR           94.79           674    441     41     8.991     7.530     1.873     0.3039      0.4749      0.3883      0.0379
914     E         A          168           GLY           94.69           674    441      5     8.991     7.530     1.000     0.2723      0.4560      0.3703      0.0103
915     E         A          169           PHE           96.71           674    441    154     8.991     7.530     4.623     0.3633      0.5172      0.4295      0.2217
916     E         A          170           TYR           96.59           674    441    134     8.991     7.530     4.299     0.3456      0.4960      0.4088      0.1845
917     E         A          171           PRO           95.85           674    441     49     8.991     7.530     2.217     0.3061      0.4773      0.3906      0.0527
918     E         A          172           ASP           94.73           674    441     21     8.991     7.530     1.000     0.2800      0.4675      0.3812      0.0108
919     E         A          173           HIS           96.17           674    441     68     8.991     7.530     2.858     0.3143      0.4871      0.4002      0.0881
920     E         A          174           VAL           96.56           674    441    134     8.991     7.530     4.299     0.3425      0.5028      0.4155      0.1889
921     E         A          175           GLU           96.63           674    441    152     8.991     7.530     4.592     0.3569      0.5083      0.4207      0.2134
922     E         A          176           LEU           96.83           674    441    151     8.991     7.530     4.577     0.3529      0.5092      0.4216      0.2129
923     E         A          177           SER           96.96           674    441    117     8.991     7.530     3.994     0.3331      0.4912      0.4041      0.1607
924     E         A          178           TRP           97.37           674    441    166     8.991     7.530     4.803     0.3755      0.5326      0.4447      0.2466
925     E         A          179           TRP           97.27           674    441    141     8.991     7.530     4.416     0.3484      0.4970      0.4097      0.1931
926     E         A          180           VAL           96.53           674    441     77     8.991     7.530     3.108     0.3196      0.4760      0.3893      0.0981
927     E         A          181           ASN           95.54           674    441      0     8.991     7.530     1.000     0.2664      0.0000      0.0000      0.0000
928     E         A          182           GLY           95.14           674    441      0     8.991     7.530     1.000     0.2194      0.0000      0.0000      0.0000
929     E         A          183           LYS           96.45           674    441      0     8.991     7.530     1.000     0.2648      0.0000      0.0000      0.0000
930     E         A          184           GLU           96.84           674    441     67     8.991     7.530     2.828     0.3158      0.4718      0.3853      0.0814
931     E         A          185           VAL           96.16           674    441     29     8.991     7.530     1.189     0.2969      0.4731      0.3865      0.0155
932     E         A          186           HIS           94.14           674    441     34     8.991     7.530     1.509     0.2993      0.4708      0.3843      0.0245
933     E         A          187           SER           93.27           674    441      0     8.991     7.530     1.000     0.2626      0.0000      0.0000      0.0000
934     E         A          188           GLY           93.91           674    441      0     8.991     7.530     1.000     0.2327      0.0000      0.0000      0.0000
935     E         A          189           VAL           95.88           674    441     55     8.991     7.530     2.441     0.3104      0.4778      0.3911      0.0634
936     E         A          190           SER           95.45           674    441     35     8.991     7.530     1.566     0.2981      0.4759      0.3892      0.0269
937     E         A          191           THR           95.17           674    441    149     8.991     7.530     4.545     0.3515      0.5034      0.4160      0.2067
938     E         A          192           ASP           94.60           674    441    131     8.991     7.530     4.247     0.3434      0.4980      0.4108      0.1822
939     E         A          193           PRO           92.01           674    441     41     8.991     7.530     1.873     0.2986      0.4812      0.3944      0.0388
940     E         A          194           GLN           91.94           674    441     26     8.991     7.530     1.000     0.2891      0.4729      0.3863      0.0110
941     E         A          195           PRO           94.21           674    441     47     8.991     7.530     2.137     0.3079      0.4768      0.3901      0.0491
942     E         A          196           LEU           93.06           674    441     21     8.991     7.530     1.000     0.2902      0.4652      0.3790      0.0107
943     E         A          197           LYS           92.55           674    441     38     8.991     7.530     1.726     0.3066      0.4719      0.3854      0.0320
944     E         A          198           GLU           91.28           674    441      0     8.991     7.530     1.000     0.2621      0.0000      0.0000      0.0000
945     E         A          199           GLN           89.49           674    441      0     8.991     7.530     1.000     0.1967      0.0000      0.0000      0.0000
946     E         A          200           PRO           86.84           674    441      0     8.991     7.530     1.000     0.1735      0.0000      0.0000      0.0000
947     E         A          201           ALA           87.26           674    441      0     8.991     7.530     1.000     0.1568      0.0000      0.0000      0.0000
948     E         A          202           LEU           87.40           674    441      0     8.991     7.530     1.000     0.1554      0.0000      0.0000      0.0000
949     E         A          203           ASN           85.48           674    441      0     8.991     7.530     1.000     0.1576      0.0000      0.0000      0.0000
950     E         A          204           ASP           88.24           674    441      0     8.991     7.530     1.000     0.1545      0.0000      0.0000      0.0000
951     E         A          205           SER           92.39           674    441      0     8.991     7.530     1.000     0.2104      0.0000      0.0000      0.0000
952     E         A          206           ARG           95.31           674    441     57     8.991     7.530     2.510     0.3095      0.4757      0.3890      0.0662
953     E         A          207           TYR           96.18           674    441    159     8.991     7.530     4.699     0.3681      0.5231      0.4353      0.2317
954     E         A          208           CYS           95.61           674    441    125     8.991     7.530     4.141     0.3385      0.4911      0.4040      0.1706
955     E         A          209           LEU           96.60           674    441    159     8.991     7.530     4.699     0.3665      0.5185      0.4307      0.2283
956     E         A          210           SER           96.26           674    441    118     8.991     7.530     4.013     0.3344      0.4900      0.4029      0.1613
957     E         A          211           SER           96.71           674    441    139     8.991     7.530     4.383     0.3469      0.4957      0.4084      0.1901
958     E         A          212           ARG           96.25           674    441    100     8.991     7.530     3.652     0.3305      0.4856      0.3987      0.1353
959     E         A          213           LEU           96.48           674    441    165     8.991     7.530     4.788     0.3674      0.5157      0.4279      0.2328
960     E         A          214           ARG           96.10           674    441     83     8.991     7.530     3.261     0.3218      0.4775      0.3908      0.1076
961     E         A          215           VAL           95.25           674    441     32     8.991     7.530     1.388     0.2997      0.4709      0.3844      0.0208
962     E         A          216           SER           94.18           674    441      0     8.991     7.530     1.000     0.2717      0.0000      0.0000      0.0000
963     E         A          217           ALA           92.51           674    441      0     8.991     7.530     1.000     0.2547      0.0000      0.0000      0.0000
964     E         A          218           THR           91.97           674    441      0     8.991     7.530     1.000     0.2495      0.0000      0.0000      0.0000
965     E         A          219           PHE           93.80           674    441     15     8.991     7.530     1.000     0.2975      0.4591      0.3732      0.0104
966     E         A          220           TRP           93.59           674    441     70     8.991     7.530     2.916     0.3193      0.4712      0.3847      0.0858
967     E         A          221           GLN           90.87           674    441      0     8.991     7.530     1.000     0.2659      0.0000      0.0000      0.0000
968     E         A          222           ASN           91.57           674    441      0     8.991     7.530     1.000     0.2450      0.0000      0.0000      0.0000
969     E         A          223           PRO           89.96           674    441      0     8.991     7.530     1.000     0.2119      0.0000      0.0000      0.0000
970     E         A          224           ARG           90.49           674    441      0     8.991     7.530     1.000     0.2149      0.0000      0.0000      0.0000
971     E         A          225           ASN           93.63           674    441      0     8.991     7.530     1.000     0.2608      0.0000      0.0000      0.0000
972     E         A          226           HIS           95.57           674    441     33     8.991     7.530     1.450     0.3044      0.4719      0.3854      0.0227
973     E         A          227           PHE           96.00           674    441    147     8.991     7.530     4.514     0.3472      0.4974      0.4101      0.2003
974     E         A          228           ARG           96.40           674    441    131     8.991     7.530     4.247     0.3406      0.4889      0.4018      0.1764
975     E         A          229           CYS           96.35           674    441    126     8.991     7.530     4.159     0.3375      0.4953      0.4080      0.1743
976     E         A          230           GLN           97.41           674    441    130     8.991     7.530     4.230     0.3410      0.4895      0.4024      0.1757
977     E         A          231           VAL           97.26           674    441    161     8.991     7.530     4.729     0.3729      0.5281      0.4403      0.2377
978     E         A          232           GLN           97.56           674    441    161     8.991     7.530     4.729     0.3703      0.5219      0.4342      0.2331
979     E         A          233           PHE           97.31           674    441    171     8.991     7.530     4.875     0.3877      0.5475      0.4598      0.2642
980     E         A          234           TYR           96.67           674    441    170     8.991     7.530     4.861     0.3811      0.5350      0.4472      0.2532
981     E         A          235           GLY           94.41           674    441      5     8.991     7.530     1.000     0.2622      0.4643      0.3781      0.0106
982     E         A          236           LEU           94.25           674    441      7     8.991     7.530     1.000     0.2752      0.4636      0.3775      0.0106
983     E         A          237           SER           91.46           674    441      0     8.991     7.530     1.000     0.2012      0.0000      0.0000      0.0000
984     E         A          238           GLU           89.06           674    441      0     8.991     7.530     1.000     0.1788      0.0000      0.0000      0.0000
985     E         A          239           ASN           88.43           674    441      0     8.991     7.530     1.000     0.1708      0.0000      0.0000      0.0000
986     E         A          240           ASP           89.47           674    441      0     8.991     7.530     1.000     0.1922      0.0000      0.0000      0.0000
987     E         A          241           GLU           88.90           674    441      0     8.991     7.530     1.000     0.1809      0.0000      0.0000      0.0000
988     E         A          242           TRP           92.02           674    441      0     8.991     7.530     1.000     0.2119      0.0000      0.0000      0.0000
989     E         A          243           THR           90.22           674    441      0     8.991     7.530     1.000     0.1584      0.0000      0.0000      0.0000
990     E         A          244           GLN           90.40           674    441      0     8.991     7.530     1.000     0.1609      0.0000      0.0000      0.0000
991     E         A          245           ASP           92.05           674    441      0     8.991     7.530     1.000     0.1510      0.0000      0.0000      0.0000
992     E         A          246           ARG           92.43           674    441      0     8.991     7.530     1.000     0.1851      0.0000      0.0000      0.0000
993     E         A          247           ALA           93.26           674    441      0     8.991     7.530     1.000     0.2248      0.0000      0.0000      0.0000
994     E         A          248           LYS           94.25           674    441      0     8.991     7.530     1.000     0.2619      0.0000      0.0000      0.0000
995     E         A          249           PRO           94.34           674    441      0     8.991     7.530     1.000     0.2405      0.0000      0.0000      0.0000
996     E         A          250           VAL           93.64           674    441      0     8.991     7.530     1.000     0.2582      0.0000      0.0000      0.0000
997     E         A          251           THR           94.49           674    441     20     8.991     7.530     1.000     0.3028      0.4672      0.3809      0.0107
998     E         A          252           GLN           95.79           674    441      5     8.991     7.530     1.000     0.2741      0.4580      0.3722      0.0103
999     E         A          253           ILE           95.49           674    441     22     8.991     7.530     1.000     0.2975      0.4672      0.3809      0.0107
1000    E         A          254           VAL           94.77           674    441     10     8.991     7.530     1.000     0.2825      0.4648      0.3787      0.0106
1001    E         A          255           SER           93.33           674    441      0     8.991     7.530     1.000     0.2243      0.0000      0.0000      0.0000
1002    E         A          256           ALA           92.23           674    441      0     8.991     7.530     1.000     0.2320      0.0000      0.0000      0.0000
1003    E         A          257           GLU           92.70           674    441      0     8.991     7.530     1.000     0.1940      0.0000      0.0000      0.0000
1004    E         A          258           ALA           91.63           674    441      0     8.991     7.530     1.000     0.2140      0.0000      0.0000      0.0000
1005    E         A          259           TRP           91.72           674    441      0     8.991     7.530     1.000     0.2328      0.0000      0.0000      0.0000
1006    E         A          260           GLY           87.92           674    441      0     8.991     7.530     1.000     0.1938      0.0000      0.0000      0.0000
1007    E         A          261           ARG           87.70           674    441      0     8.991     7.530     1.000     0.1456      0.0000      0.0000      0.0000
1008    E         A          262           ALA           80.26           674    441      0     8.991     7.530     1.000     0.1307      0.0000      0.0000      0.0000
1009    E         A          263           ASP           77.39           674    441      0     8.991     7.530     1.000     0.1122      0.0000      0.0000      0.0000
1010    E         A          264           CYS           78.70           674    441      0     8.991     7.530     1.000     0.1058      0.0000      0.0000      0.0000
1011    E         A          265           GLY           69.92           674    441      0     8.991     7.530     1.000     0.0989      0.0000      0.0000      0.0000
1012    E         A          266           PHE           70.19           674    441      0     8.991     7.530     1.000     0.1103      0.0000      0.0000      0.0000
1013    E         A          267           THR           75.56           674    441      0     8.991     7.530     1.000     0.1206      0.0000      0.0000      0.0000
1014    E         A          268           SER           73.36           674    441      0     8.991     7.530     1.000     0.1179      0.0000      0.0000      0.0000
1015    E         A          269           GLU           76.41           674    441      0     8.991     7.530     1.000     0.1278      0.0000      0.0000      0.0000
1016    E         A          270           SER           77.61           674    441      0     8.991     7.530     1.000     0.1329      0.0000      0.0000      0.0000
1017    E         A          271           TYR           79.73           674    441      0     8.991     7.530     1.000     0.1505      0.0000      0.0000      0.0000
1018    E         A          272           GLN           77.42           674    441      0     8.991     7.530     1.000     0.1387      0.0000      0.0000      0.0000
1019    E         A          273           GLN           76.34           674    441      0     8.991     7.530     1.000     0.1386      0.0000      0.0000      0.0000
1020    E         A          274           GLY           77.13           674    441      0     8.991     7.530     1.000     0.1346      0.0000      0.0000      0.0000
1021    E         A          275           VAL           82.80           674    441      0     8.991     7.530     1.000     0.1429      0.0000      0.0000      0.0000
1022    E         A          276           LEU           79.94           674    441      0     8.991     7.530     1.000     0.1339      0.0000      0.0000      0.0000
1023    E         A          277           SER           80.23           674    441      0     8.991     7.530     1.000     0.1277      0.0000      0.0000      0.0000
1024    E         A          278           ALA           80.99           674    441      0     8.991     7.530     1.000     0.1328      0.0000      0.0000      0.0000
1025    E         A          279           THR           85.14           674    441      0     8.991     7.530     1.000     0.1305      0.0000      0.0000      0.0000
1026    E         A          280           ILE           83.89           674    441      0     8.991     7.530     1.000     0.1255      0.0000      0.0000      0.0000
1027    E         A          281           LEU           83.70           674    441      0     8.991     7.530     1.000     0.1245      0.0000      0.0000      0.0000
1028    E         A          282           TYR           82.48           674    441      0     8.991     7.530     1.000     0.1321      0.0000      0.0000      0.0000
1029    E         A          283           GLU           84.42           674    441      0     8.991     7.530     1.000     0.1208      0.0000      0.0000      0.0000
1030    E         A          284           ILE           82.98           674    441      0     8.991     7.530     1.000     0.1204      0.0000      0.0000      0.0000
1031    E         A          285           LEU           82.87           674    441      0     8.991     7.530     1.000     0.1209      0.0000      0.0000      0.0000
1032    E         A          286           LEU           84.13           674    441      0     8.991     7.530     1.000     0.1215      0.0000      0.0000      0.0000
1033    E         A          287           GLY           84.55           674    441      0     8.991     7.530     1.000     0.1171      0.0000      0.0000      0.0000
1034    E         A          288           LYS           83.26           674    441      0     8.991     7.530     1.000     0.1164      0.0000      0.0000      0.0000
1035    E         A          289           ALA           83.11           674    441      0     8.991     7.530     1.000     0.1166      0.0000      0.0000      0.0000
1036    E         A          290           THR           87.41           674    441      0     8.991     7.530     1.000     0.1109      0.0000      0.0000      0.0000
1037    E         A          291           LEU           86.13           674    441      0     8.991     7.530     1.000     0.1112      0.0000      0.0000      0.0000
1038    E         A          292           TYR           85.61           674    441      0     8.991     7.530     1.000     0.1119      0.0000      0.0000      0.0000
1039    E         A          293           ALA           85.15           674    441      0     8.991     7.530     1.000     0.1089      0.0000      0.0000      0.0000
1040    E         A          294           VAL           90.22           674    441      0     8.991     7.530     1.000     0.1055      0.0000      0.0000      0.0000
1041    E         A          295           LEU           86.39           674    441      0     8.991     7.530     1.000     0.1080      0.0000      0.0000      0.0000
1042    E         A          296           VAL           86.39           674    441      0     8.991     7.530     1.000     0.1037      0.0000      0.0000      0.0000
1043    E         A          297           SER           88.13           674    441      0     8.991     7.530     1.000     0.0997      0.0000      0.0000      0.0000
1044    E         A          298           ALA           87.24           674    441      0     8.991     7.530     1.000     0.0999      0.0000      0.0000      0.0000
1045    E         A          299           LEU           85.14           674    441      0     8.991     7.530     1.000     0.1010      0.0000      0.0000      0.0000
1046    E         A          300           VAL           84.98           674    441      0     8.991     7.530     1.000     0.0976      0.0000      0.0000      0.0000
1047    E         A          301           LEU           86.79           674    441      0     8.991     7.530     1.000     0.0945      0.0000      0.0000      0.0000
1048    E         A          302           MET           86.01           674    441      0     8.991     7.530     1.000     0.0941      0.0000      0.0000      0.0000
1049    E         A          303           ALA           82.44           674    441      0     8.991     7.530     1.000     0.0915      0.0000      0.0000      0.0000
1050    E         A          304           MET           83.94           674    441      0     8.991     7.530     1.000     0.0883      0.0000      0.0000      0.0000
1051    E         A          305           VAL           85.79           674    441      0     8.991     7.530     1.000     0.0910      0.0000      0.0000      0.0000
1052    E         A          306           LYS           84.26           674    441      0     8.991     7.530     1.000     0.0875      0.0000      0.0000      0.0000
1053    E         A          307           ARG           82.26           674    441      0     8.991     7.530     1.000     0.0855      0.0000      0.0000      0.0000
1054    E         A          308           LYS           80.47           674    441      0     8.991     7.530     1.000     0.0859      0.0000      0.0000      0.0000
1055    E         A          309           ASP           81.08           674    441      0     8.991     7.530     1.000     0.0855      0.0000      0.0000      0.0000
1056    E         A          310           SER           79.05           674    441      0     8.991     7.530     1.000     0.0837      0.0000      0.0000      0.0000
1057    E         A          311           ARG           71.20           674    441      0     8.991     7.530     1.000     0.0801      0.0000      0.0000      0.0000
1058    E         A          312           GLY           54.19           674    441      0     8.991     7.530     1.000     0.0770      0.0000      0.0000      0.0000
747     E         B            1           MET           24.51           411    228      0     7.306     5.605     1.000     0.0505      0.0000      0.0000      0.0000
748     E         B            2           SER           27.09           411    228      0     7.306     5.605     1.000     0.0506      0.0000      0.0000      0.0000
749     E         B            3           ILE           31.00           411    228      0     7.306     5.605     1.000     0.0508      0.0000      0.0000      0.0000
750     E         B            4           GLY           31.30           411    228      0     7.306     5.605     1.000     0.0507      0.0000      0.0000      0.0000
751     E         B            5           LEU           30.18           411    228      0     7.306     5.605     1.000     0.0509      0.0000      0.0000      0.0000
752     E         B            6           LEU           28.57           411    228      0     7.306     5.605     1.000     0.0510      0.0000      0.0000      0.0000
753     E         B            7           CYS           30.75           411    228      0     7.306     5.605     1.000     0.0512      0.0000      0.0000      0.0000
754     E         B            8           CYS           29.82           411    228      0     7.306     5.605     1.000     0.0514      0.0000      0.0000      0.0000
755     E         B            9           ALA           32.18           411    228      0     7.306     5.605     1.000     0.0517      0.0000      0.0000      0.0000
756     E         B           10           ALA           31.95           411    228      0     7.306     5.605     1.000     0.0516      0.0000      0.0000      0.0000
757     E         B           11           LEU           28.39           411    228      0     7.306     5.605     1.000     0.0519      0.0000      0.0000      0.0000
758     E         B           12           SER           29.18           411    228      0     7.306     5.605     1.000     0.0521      0.0000      0.0000      0.0000
759     E         B           13           LEU           27.05           411    228      0     7.306     5.605     1.000     0.0522      0.0000      0.0000      0.0000
760     E         B           14           LEU           29.00           411    228      0     7.306     5.605     1.000     0.0524      0.0000      0.0000      0.0000
761     E         B           15           TRP           29.38           411    228      0     7.306     5.605     1.000     0.0524      0.0000      0.0000      0.0000
762     E         B           16           ALA           33.66           411    228      0     7.306     5.605     1.000     0.0529      0.0000      0.0000      0.0000
763     E         B           17           GLY           32.83           411    228      0     7.306     5.605     1.000     0.0529      0.0000      0.0000      0.0000
764     E         B           18           PRO           31.83           411    228      0     7.306     5.605     1.000     0.0533      0.0000      0.0000      0.0000
765     E         B           19           VAL           38.60           411    228      0     7.306     5.605     1.000     0.0538      0.0000      0.0000      0.0000
766     E         B           20           ASN           45.30           411    228      0     7.306     5.605     1.000     0.0547      0.0000      0.0000      0.0000
767     E         B           21           ALA           56.86           411    228      0     7.306     5.605     1.000     0.0579      0.0000      0.0000      0.0000
768     E         B           22           GLY           86.93           411    228      0     7.306     5.605     1.000     0.0813      0.0000      0.0000      0.0000
769     E         B           23           VAL           95.53           411    228     18     7.306     5.605     1.000     0.2922      0.3834      0.2682      0.0116
770     E         B           24           THR           96.33           411    228     48     7.306     5.605     2.177     0.3501      0.4045      0.2863      0.0574
771     E         B           25           GLN           96.66           411    228     46     7.306     5.605     2.095     0.3502      0.4025      0.2845      0.0529
772     E         B           26           THR           95.55           411    228     15     7.306     5.605     1.000     0.2937      0.3755      0.2615      0.0112
773     E         B           27           PRO           95.67           411    228      1     7.306     5.605     1.000     0.2662      0.3526      0.2428      0.0101
774     E         B           28           LYS           95.45           411    228     30     7.306     5.605     1.258     0.3137      0.3903      0.2740      0.0187
775     E         B           29           PHE           96.54           411    228     39     7.306     5.605     1.777     0.3297      0.3991      0.2816      0.0381
776     E         B           30           GLN           96.84           411    228     37     7.306     5.605     1.675     0.3285      0.3975      0.2801      0.0337
777     E         B           31           VAL           96.21           411    228     37     7.306     5.605     1.675     0.3310      0.3984      0.2809      0.0338
778     E         B           32           LEU           95.53           411    228     41     7.306     5.605     1.873     0.3361      0.3949      0.2779      0.0414
779     E         B           33           LYS           95.00           411    228     24     7.306     5.605     1.000     0.3031      0.3744      0.2607      0.0111
780     E         B           34           THR           95.53           411    228     20     7.306     5.605     1.000     0.3002      0.3763      0.2622      0.0112
781     E         B           35           GLY           95.17           411    228      0     7.306     5.605     1.000     0.2410      0.0000      0.0000      0.0000
782     E         B           36           GLN           93.93           411    228      5     7.306     5.605     1.000     0.2642      0.3573      0.2465      0.0103
783     E         B           37           SER           94.74           411    228     13     7.306     5.605     1.000     0.2897      0.3754      0.2614      0.0112
784     E         B           38           MET           95.73           411    228     11     7.306     5.605     1.000     0.2773      0.3755      0.2615      0.0112
785     E         B           39           THR           96.99           411    228     70     7.306     5.605     2.916     0.3903      0.4227      0.3022      0.1056
786     E         B           40           LEU           97.33           411    228     78     7.306     5.605     3.134     0.4123      0.4401      0.3177      0.1282
787     E         B           41           GLN           97.15           411    228     67     7.306     5.605     2.828     0.3844      0.4206      0.3004      0.0992
788     E         B           42           CYS           97.18           411    228     69     7.306     5.605     2.887     0.3784      0.4094      0.2906      0.0985
789     E         B           43           ALA           96.95           411    228     50     7.306     5.605     2.256     0.3614      0.4139      0.2944      0.0637
790     E         B           44           GLN           96.06           411    228     28     7.306     5.605     1.116     0.3127      0.3936      0.2767      0.0150
791     E         B           45           ASP           93.39           411    228     23     7.306     5.605     1.000     0.2930      0.3845      0.2691      0.0116
792     E         B           46           MET           91.86           411    228     31     7.306     5.605     1.325     0.3249      0.4100      0.2909      0.0226
793     E         B           47           ASN           89.45           411    228     35     7.306     5.605     1.566     0.3352      0.4096      0.2908      0.0313
794     E         B           48           HIS           90.49           411    228     50     7.306     5.605     2.256     0.3745      0.4340      0.3123      0.0693
795     E         B           49           GLU           87.63           411    228     64     7.306     5.605     2.738     0.3901      0.4277      0.3068      0.0965
796     E         B           50           TYR           91.80           411    228     88     7.306     5.605     3.382     0.4361      0.4494      0.3265      0.1518
797     E         B           51           MET           94.15           411    228     88     7.306     5.605     3.382     0.4348      0.4478      0.3248      0.1505
798     E         B           52           SER           95.33           411    228     78     7.306     5.605     3.134     0.4114      0.4340      0.3124      0.1256
799     E         B           53           TRP           96.67           411    228     96     7.306     5.605     3.565     0.4803      0.4848      0.3587      0.1865
800     E         B           54           TYR           96.66           411    228     95     7.306     5.605     3.543     0.4744      0.4800      0.3543      0.1818
801     E         B           55           ARG           96.41           411    228     81     7.306     5.605     3.211     0.4169      0.4388      0.3164      0.1328
802     E         B           56           GLN           96.34           411    228     64     7.306     5.605     2.738     0.3843      0.4262      0.3053      0.0957
803     E         B           57           ASP           94.72           411    228     31     7.306     5.605     1.325     0.3188      0.3897      0.2735      0.0206
804     E         B           58           PRO           90.85           411    228      0     7.306     5.605     1.000     0.2173      0.0000      0.0000      0.0000
805     E         B           59           GLY           87.35           411    228      0     7.306     5.605     1.000     0.1699      0.0000      0.0000      0.0000
806     E         B           60           MET           88.54           411    228      0     7.306     5.605     1.000     0.1744      0.0000      0.0000      0.0000
807     E         B           61           GLY           88.87           411    228      0     7.306     5.605     1.000     0.1949      0.0000      0.0000      0.0000
808     E         B           62           LEU           93.86           411    228     39     7.306     5.605     1.777     0.3369      0.3986      0.2812      0.0380
809     E         B           63           ARG           94.91           411    228     88     7.306     5.605     3.382     0.4263      0.4384      0.3163      0.1453
810     E         B           64           LEU           94.16           411    228     81     7.306     5.605     3.211     0.4256      0.4463      0.3234      0.1369
811     E         B           65           ILE           95.59           411    228     92     7.306     5.605     3.475     0.4378      0.4465      0.3236      0.1566
812     E         B           66           HIS           95.04           411    228     80     7.306     5.605     3.186     0.4128      0.4334      0.3116      0.1285
813     E         B           67           TYR           93.07           411    228     74     7.306     5.605     3.027     0.4069      0.4343      0.3127      0.1183
814     E         B           68           SER           92.10           411    228     70     7.306     5.605     2.916     0.3992      0.4304      0.3095      0.1095
815     E         B           69           VAL           85.39           411    228     48     7.306     5.605     2.177     0.3676      0.4307      0.3093      0.0640
816     E         B           70           GLY           84.28           411    228     25     7.306     5.605     1.000     0.3033      0.4011      0.2831      0.0125
817     E         B           71           ALA           84.00           411    228     26     7.306     5.605     1.000     0.3144      0.3949      0.2779      0.0121
818     E         B           72           GLY           81.95           411    228     22     7.306     5.605     1.000     0.2990      0.3860      0.2704      0.0117
819     E         B           73           ILE           83.02           411    228     27     7.306     5.605     1.039     0.3200      0.3945      0.2775      0.0131
820     E         B           74           THR           87.54           411    228     45     7.306     5.605     2.053     0.3513      0.4031      0.2851      0.0511
821     E         B           75           ASP           87.57           411    228     37     7.306     5.605     1.675     0.3376      0.3970      0.2798      0.0337
822     E         B           76           GLN           90.39           411    228     40     7.306     5.605     1.826     0.3362      0.3881      0.2722      0.0383
823     E         B           77           GLY           90.02           411    228     24     7.306     5.605     1.000     0.3148      0.3877      0.2718      0.0118
824     E         B           78           GLU           90.49           411    228     28     7.306     5.605     1.116     0.3221      0.3893      0.2731      0.0147
825     E         B           79           VAL           93.28           411    228     28     7.306     5.605     1.116     0.3236      0.3906      0.2743      0.0148
826     E         B           80           PRO           93.62           411    228     18     7.306     5.605     1.000     0.3057      0.3773      0.2630      0.0112
827     E         B           81           ASN           93.92           411    228      8     7.306     5.605     1.000     0.2854      0.3663      0.2539      0.0107
828     E         B           82           GLY           94.45           411    228      4     7.306     5.605     1.000     0.2803      0.3656      0.2533      0.0107
829     E         B           83           TYR           96.62           411    228     67     7.306     5.605     2.828     0.3806      0.4144      0.2949      0.0969
830     E         B           84           ASN           96.01           411    228     38     7.306     5.605     1.726     0.3345      0.3923      0.2757      0.0350
831     E         B           85           VAL           95.44           411    228     31     7.306     5.605     1.325     0.3191      0.3945      0.2776      0.0211
832     E         B           86           SER           93.44           411    228     13     7.306     5.605     1.000     0.2877      0.3845      0.2690      0.0116
833     E         B           87           ARG           93.53           411    228     25     7.306     5.605     1.000     0.3061      0.3940      0.2771      0.0121
834     E         B           88           SER           91.78           411    228     22     7.306     5.605     1.000     0.2989      0.3779      0.2636      0.0113
835     E         B           89           THR           91.36           411    228     25     7.306     5.605     1.000     0.3105      0.3910      0.2745      0.0119
836     E         B           90           THR           91.22           411    228     39     7.306     5.605     1.777     0.3395      0.4046      0.2864      0.0390
837     E         B           91           GLU           94.43           411    228     40     7.306     5.605     1.826     0.3349      0.4045      0.2863      0.0411
838     E         B           92           ASP           96.01           411    228     40     7.306     5.605     1.826     0.3422      0.4051      0.2867      0.0411
839     E         B           93           PHE           96.87           411    228     66     7.306     5.605     2.798     0.3918      0.4299      0.3088      0.1012
840     E         B           94           PRO           97.25           411    228     71     7.306     5.605     2.944     0.3922      0.4217      0.3014      0.1072
841     E         B           95           LEU           97.57           411    228     80     7.306     5.605     3.186     0.4142      0.4370      0.3151      0.1306
842     E         B           96           ARG           97.06           411    228     58     7.306     5.605     2.544     0.3660      0.4080      0.2894      0.0779
843     E         B           97           LEU           96.19           411    228     34     7.306     5.605     1.509     0.3262      0.3966      0.2793      0.0274
844     E         B           98           LEU           92.51           411    228      0     7.306     5.605     1.000     0.2235      0.0000      0.0000      0.0000
845     E         B           99           SER           95.73           411    228      0     7.306     5.605     1.000     0.2551      0.0000      0.0000      0.0000
846     E         B          100           ALA           95.99           411    228      9     7.306     5.605     1.000     0.2803      0.3647      0.2526      0.0106
847     E         B          101           ALA           96.49           411    228     18     7.306     5.605     1.000     0.3040      0.3746      0.2608      0.0111
848     E         B          102           PRO           95.68           411    228     30     7.306     5.605     1.258     0.3192      0.3865      0.2708      0.0184
849     E         B          103           SER           96.16           411    228     45     7.306     5.605     2.053     0.3467      0.3986      0.2811      0.0500
850     E         B          104           GLN           96.62           411    228     64     7.306     5.605     2.738     0.3784      0.4144      0.2948      0.0912
851     E         B          105           THR           96.17           411    228     58     7.306     5.605     2.544     0.3709      0.4173      0.2974      0.0808
852     E         B          106           SER           96.57           411    228     43     7.306     5.605     1.965     0.3403      0.4009      0.2831      0.0465
853     E         B          107           VAL           96.96           411    228     74     7.306     5.605     3.027     0.4051      0.4388      0.3168      0.1204
854     E         B          108           TYR           97.58           411    228     94     7.306     5.605     3.521     0.4683      0.4757      0.3501      0.1771
855     E         B          109           PHE           97.15           411    228     88     7.306     5.605     3.382     0.4511      0.4668      0.3421      0.1610
856     E         B          110           CYS           96.82           411    228     79     7.306     5.605     3.160     0.4062      0.4288      0.3073      0.1242
857     E         B          111           ALA           95.75           411    228     81     7.306     5.605     3.211     0.4121      0.4315      0.3102      0.1298
858     E         B          112           SER           94.61           411    228     43     7.306     5.605     1.965     0.3547      0.4076      0.2889      0.0479
859     E         B          113           GLN           91.95           411    228     39     7.306     5.605     1.777     0.3472      0.4139      0.2946      0.0406
860     E         B          114           LYS           87.68           411    228     36     7.306     5.605     1.621     0.3403      0.4127      0.2935      0.0339
861     E         B          115           SER           83.07           411    228     13     7.306     5.605     1.000     0.2647      0.3823      0.2672      0.0115
862     E         B          116           GLY           80.50           411    228     14     7.306     5.605     1.000     0.2675      0.3819      0.2668      0.0115
863     E         B          117           SER           85.22           411    228     30     7.306     5.605     1.258     0.3348      0.4239      0.3030      0.0216
864     E         B          118           SER           83.42           411    228     31     7.306     5.605     1.325     0.3363      0.4097      0.2909      0.0226
865     E         B          119           TYR           86.96           411    228     46     7.306     5.605     2.095     0.3611      0.4108      0.2919      0.0550
866     E         B          120           ASN           87.76           411    228     49     7.306     5.605     2.217     0.3698      0.4201      0.3003      0.0637
867     E         B          121           GLU           89.50           411    228     44     7.306     5.605     2.010     0.3561      0.4147      0.2952      0.0516
868     E         B          122           GLN           92.94           411    228     50     7.306     5.605     2.256     0.3673      0.4196      0.2994      0.0652
869     E         B          123           PHE           95.18           411    228     83     7.306     5.605     3.261     0.4177      0.4368      0.3150      0.1360
870     E         B          124           PHE           96.18           411    228     88     7.306     5.605     3.382     0.4381      0.4520      0.3288      0.1530
871     E         B          125           GLY           96.11           411    228     48     7.306     5.605     2.177     0.3559      0.4097      0.2908      0.0587
872     E         B          126           PRO           95.59           411    228     34     7.306     5.605     1.509     0.3350      0.4117      0.2924      0.0293
873     E         B          127           GLY           96.31           411    228     20     7.306     5.605     1.000     0.2983      0.3800      0.2653      0.0114
874     E         B          128           THR           96.96           411    228     57     7.306     5.605     2.510     0.3729      0.4204      0.3001      0.0798
875     E         B          129           ARG           96.83           411    228     44     7.306     5.605     2.010     0.3379      0.4025      0.2845      0.0489
876     E         B          130           LEU           97.16           411    228     62     7.306     5.605     2.675     0.3800      0.4221      0.3015      0.0901
877     E         B          131           THR           96.42           411    228     47     7.306     5.605     2.137     0.3559      0.4183      0.2981      0.0585
878     E         B          132           VAL           96.51           411    228     64     7.306     5.605     2.738     0.3818      0.4200      0.2997      0.0932
879     E         B          133           LEU           95.40           411    228     18     7.306     5.605     1.000     0.2923      0.3754      0.2614      0.0112
880     E         B          134           GLU           94.08           411    228      0     7.306     5.605     1.000     0.2337      0.0000      0.0000      0.0000
881     E         B          135           ASP           92.21           411    228      0     7.306     5.605     1.000     0.1797      0.0000      0.0000      0.0000
882     E         B          136           LEU           93.45           411    228      0     7.306     5.605     1.000     0.2229      0.0000      0.0000      0.0000
883     E         B          137           LYS           93.45           411    228      0     7.306     5.605     1.000     0.1975      0.0000      0.0000      0.0000
884     E         B          138           ASN           93.35           411    228      0     7.306     5.605     1.000     0.1940      0.0000      0.0000      0.0000
885     E         B          139           VAL           95.58           411    228      3     7.306     5.605     1.000     0.2639      0.3526      0.2428      0.0101
886     E         B          140           PHE           96.31           411    228      0     7.306     5.605     1.000     0.2527      0.0000      0.0000      0.0000
887     E         B          141           PRO           96.27           411    228      0     7.306     5.605     1.000     0.2359      0.0000      0.0000      0.0000
888     E         B          142           PRO           96.60           411    228      0     7.306     5.605     1.000     0.2293      0.0000      0.0000      0.0000
889     E         B          143           GLU           94.68           411    228      0     7.306     5.605     1.000     0.2369      0.0000      0.0000      0.0000
890     E         B          144           VAL           94.81           411    228      0     7.306     5.605     1.000     0.2558      0.0000      0.0000      0.0000
891     E         B          145           ALA           93.61           411    228      0     7.306     5.605     1.000     0.2170      0.0000      0.0000      0.0000
892     E         B          146           VAL           94.30           411    228      0     7.306     5.605     1.000     0.2521      0.0000      0.0000      0.0000
893     E         B          147           PHE           94.73           411    228      9     7.306     5.605     1.000     0.2770      0.3642      0.2522      0.0106
894     E         B          148           GLU           93.01           411    228      0     7.306     5.605     1.000     0.2029      0.0000      0.0000      0.0000
895     E         B          149           PRO           92.72           411    228      0     7.306     5.605     1.000     0.1952      0.0000      0.0000      0.0000
896     E         B          150           SER           90.63           411    228      0     7.306     5.605     1.000     0.1635      0.0000      0.0000      0.0000
897     E         B          151           GLU           89.54           411    228      0     7.306     5.605     1.000     0.1687      0.0000      0.0000      0.0000
898     E         B          152           ALA           89.57           411    228      0     7.306     5.605     1.000     0.1844      0.0000      0.0000      0.0000
899     E         B          153           GLU           92.02           411    228      0     7.306     5.605     1.000     0.2248      0.0000      0.0000      0.0000
900     E         B          154           ILE           91.01           411    228      0     7.306     5.605     1.000     0.2137      0.0000      0.0000      0.0000
901     E         B          155           SER           89.74           411    228      0     7.306     5.605     1.000     0.1683      0.0000      0.0000      0.0000
902     E         B          156           HIS           89.89           411    228      0     7.306     5.605     1.000     0.1696      0.0000      0.0000      0.0000
903     E         B          157           THR           90.04           411    228      0     7.306     5.605     1.000     0.1456      0.0000      0.0000      0.0000
904     E         B          158           GLN           91.93           411    228      0     7.306     5.605     1.000     0.1704      0.0000      0.0000      0.0000
905     E         B          159           LYS           93.18           411    228      0     7.306     5.605     1.000     0.2083      0.0000      0.0000      0.0000
906     E         B          160           ALA           94.07           411    228      0     7.306     5.605     1.000     0.2248      0.0000      0.0000      0.0000
907     E         B          161           THR           95.18           411    228      0     7.306     5.605     1.000     0.2614      0.0000      0.0000      0.0000
908     E         B          162           LEU           95.66           411    228     23     7.306     5.605     1.000     0.3015      0.3755      0.2615      0.0112
909     E         B          163           VAL           95.95           411    228     21     7.306     5.605     1.000     0.3003      0.3753      0.2614      0.0112
910     E         B          164           CYS           95.89           411    228      7     7.306     5.605     1.000     0.2737      0.3559      0.2455      0.0102
911     E         B          165           LEU           95.14           411    228      0     7.306     5.605     1.000     0.2546      0.0000      0.0000      0.0000
912     E         B          166           ALA           96.09           411    228      7     7.306     5.605     1.000     0.2763      0.3607      0.2493      0.0105
913     E         B          167           THR           94.79           411    228      0     7.306     5.605     1.000     0.2303      0.0000      0.0000      0.0000
914     E         B          168           GLY           94.69           411    228      0     7.306     5.605     1.000     0.2057      0.0000      0.0000      0.0000
915     E         B          169           PHE           96.71           411    228     17     7.306     5.605     1.000     0.2916      0.3699      0.2569      0.0109
916     E         B          170           TYR           96.59           411    228      4     7.306     5.605     1.000     0.2760      0.3584      0.2475      0.0104
917     E         B          171           PRO           95.85           411    228      0     7.306     5.605     1.000     0.2360      0.0000      0.0000      0.0000
918     E         B          172           ASP           94.73           411    228      0     7.306     5.605     1.000     0.2058      0.0000      0.0000      0.0000
919     E         B          173           HIS           96.17           411    228      0     7.306     5.605     1.000     0.2388      0.0000      0.0000      0.0000
920     E         B          174           VAL           96.56           411    228      4     7.306     5.605     1.000     0.2611      0.3584      0.2475      0.0104
921     E         B          175           GLU           96.63           411    228     10     7.306     5.605     1.000     0.2817      0.3684      0.2556      0.0108
922     E         B          176           LEU           96.83           411    228     10     7.306     5.605     1.000     0.2770      0.3679      0.2552      0.0108
923     E         B          177           SER           96.96           411    228      0     7.306     5.605     1.000     0.2629      0.0000      0.0000      0.0000
924     E         B          178           TRP           97.37           411    228     26     7.306     5.605     1.000     0.3078      0.3851      0.2696      0.0116
925     E         B          179           TRP           97.27           411    228     11     7.306     5.605     1.000     0.2832      0.3604      0.2491      0.0105
926     E         B          180           VAL           96.53           411    228      0     7.306     5.605     1.000     0.2523      0.0000      0.0000      0.0000
927     E         B          181           ASN           95.54           411    228      0     7.306     5.605     1.000     0.2005      0.0000      0.0000      0.0000
928     E         B          182           GLY           95.14           411    228      0     7.306     5.605     1.000     0.1587      0.0000      0.0000      0.0000
929     E         B          183           LYS           96.45           411    228      0     7.306     5.605     1.000     0.2023      0.0000      0.0000      0.0000
930     E         B          184           GLU           96.84           411    228      0     7.306     5.605     1.000     0.2481      0.0000      0.0000      0.0000
931     E         B          185           VAL           96.16           411    228      0     7.306     5.605     1.000     0.2227      0.0000      0.0000      0.0000
932     E         B          186           HIS           94.14           411    228      0     7.306     5.605     1.000     0.2255      0.0000      0.0000      0.0000
933     E         B          187           SER           93.27           411    228      0     7.306     5.605     1.000     0.1989      0.0000      0.0000      0.0000
934     E         B          188           GLY           93.91           411    228      0     7.306     5.605     1.000     0.1681      0.0000      0.0000      0.0000
935     E         B          189           VAL           95.88           411    228      0     7.306     5.605     1.000     0.2371      0.0000      0.0000      0.0000
936     E         B          190           SER           95.45           411    228      0     7.306     5.605     1.000     0.2278      0.0000      0.0000      0.0000
937     E         B          191           THR           95.17           411    228      6     7.306     5.605     1.000     0.2773      0.3652      0.2530      0.0107
938     E         B          192           ASP           94.60           411    228      4     7.306     5.605     1.000     0.2713      0.3572      0.2465      0.0103
939     E         B          193           PRO           92.01           411    228      0     7.306     5.605     1.000     0.2206      0.0000      0.0000      0.0000
940     E         B          194           GLN           91.94           411    228      0     7.306     5.605     1.000     0.2136      0.0000      0.0000      0.0000
941     E         B          195           PRO           94.21           411    228      0     7.306     5.605     1.000     0.2367      0.0000      0.0000      0.0000
942     E         B          196           LEU           93.06           411    228      0     7.306     5.605     1.000     0.2177      0.0000      0.0000      0.0000
943     E         B          197           LYS           92.55           411    228      0     7.306     5.605     1.000     0.2368      0.0000      0.0000      0.0000
944     E         B          198           GLU           91.28           411    228      0     7.306     5.605     1.000     0.1992      0.0000      0.0000      0.0000
945     E         B          199           GLN           89.49           411    228      0     7.306     5.605     1.000     0.1426      0.0000      0.0000      0.0000
946     E         B          200           PRO           86.84           411    228      0     7.306     5.605     1.000     0.1231      0.0000      0.0000      0.0000
947     E         B          201           ALA           87.26           411    228      0     7.306     5.605     1.000     0.1112      0.0000      0.0000      0.0000
948     E         B          202           LEU           87.40           411    228      0     7.306     5.605     1.000     0.1114      0.0000      0.0000      0.0000
949     E         B          203           ASN           85.48           411    228      0     7.306     5.605     1.000     0.1123      0.0000      0.0000      0.0000
950     E         B          204           ASP           88.24           411    228      0     7.306     5.605     1.000     0.1091      0.0000      0.0000      0.0000
951     E         B          205           SER           92.39           411    228      0     7.306     5.605     1.000     0.1528      0.0000      0.0000      0.0000
952     E         B          206           ARG           95.31           411    228      0     7.306     5.605     1.000     0.2353      0.0000      0.0000      0.0000
953     E         B          207           TYR           96.18           411    228     21     7.306     5.605     1.000     0.2945      0.3732      0.2596      0.0110
954     E         B          208           CYS           95.61           411    228      1     7.306     5.605     1.000     0.2648      0.3526      0.2428      0.0101
955     E         B          209           LEU           96.60           411    228     18     7.306     5.605     1.000     0.2961      0.3706      0.2574      0.0109
956     E         B          210           SER           96.26           411    228      0     7.306     5.605     1.000     0.2604      0.0000      0.0000      0.0000
957     E         B          211           SER           96.71           411    228      6     7.306     5.605     1.000     0.2783      0.3604      0.2491      0.0104
958     E         B          212           ARG           96.25           411    228      0     7.306     5.605     1.000     0.2597      0.0000      0.0000      0.0000
959     E         B          213           LEU           96.48           411    228     23     7.306     5.605     1.000     0.3024      0.3726      0.2591      0.0110
960     E         B          214           ARG           96.10           411    228      0     7.306     5.605     1.000     0.2540      0.0000      0.0000      0.0000
961     E         B          215           VAL           95.25           411    228      0     7.306     5.605     1.000     0.2339      0.0000      0.0000      0.0000
962     E         B          216           SER           94.18           411    228      0     7.306     5.605     1.000     0.2111      0.0000      0.0000      0.0000
963     E         B          217           ALA           92.51           411    228      0     7.306     5.605     1.000     0.1920      0.0000      0.0000      0.0000
964     E         B          218           THR           91.97           411    228      0     7.306     5.605     1.000     0.1879      0.0000      0.0000      0.0000
965     E         B          219           PHE           93.80           411    228      0     7.306     5.605     1.000     0.2402      0.0000      0.0000      0.0000
966     E         B          220           TRP           93.59           411    228      0     7.306     5.605     1.000     0.2539      0.0000      0.0000      0.0000
967     E         B          221           GLN           90.87           411    228      0     7.306     5.605     1.000     0.2036      0.0000      0.0000      0.0000
968     E         B          222           ASN           91.57           411    228      0     7.306     5.605     1.000     0.1880      0.0000      0.0000      0.0000
969     E         B          223           PRO           89.96           411    228      0     7.306     5.605     1.000     0.1553      0.0000      0.0000      0.0000
970     E         B          224           ARG           90.49           411    228      0     7.306     5.605     1.000     0.1590      0.0000      0.0000      0.0000
971     E         B          225           ASN           93.63           411    228      0     7.306     5.605     1.000     0.2001      0.0000      0.0000      0.0000
972     E         B          226           HIS           95.57           411    228      0     7.306     5.605     1.000     0.2388      0.0000      0.0000      0.0000
973     E         B          227           PHE           96.00           411    228      8     7.306     5.605     1.000     0.2778      0.3686      0.2558      0.0108
974     E         B          228           ARG           96.40           411    228      7     7.306     5.605     1.000     0.2745      0.3587      0.2477      0.0104
975     E         B          229           CYS           96.35           411    228      4     7.306     5.605     1.000     0.2646      0.3561      0.2456      0.0103
976     E         B          230           GLN           97.41           411    228      7     7.306     5.605     1.000     0.2736      0.3580      0.2471      0.0103
977     E         B          231           VAL           97.26           411    228     24     7.306     5.605     1.000     0.2973      0.3748      0.2610      0.0111
978     E         B          232           GLN           97.56           411    228     25     7.306     5.605     1.000     0.3028      0.3762      0.2621      0.0112
979     E         B          233           PHE           97.31           411    228     30     7.306     5.605     1.258     0.3140      0.3901      0.2738      0.0187
980     E         B          234           TYR           96.67           411    228     28     7.306     5.605     1.116     0.3093      0.3852      0.2697      0.0144
981     E         B          235           GLY           94.41           411    228      0     7.306     5.605     1.000     0.1949      0.0000      0.0000      0.0000
982     E         B          236           LEU           94.25           411    228      0     7.306     5.605     1.000     0.2101      0.0000      0.0000      0.0000
983     E         B          237           SER           91.46           411    228      0     7.306     5.605     1.000     0.1453      0.0000      0.0000      0.0000
984     E         B          238           GLU           89.06           411    228      0     7.306     5.605     1.000     0.1266      0.0000      0.0000      0.0000
985     E         B          239           ASN           88.43           411    228      0     7.306     5.605     1.000     0.1233      0.0000      0.0000      0.0000
986     E         B          240           ASP           89.47           411    228      0     7.306     5.605     1.000     0.1431      0.0000      0.0000      0.0000
987     E         B          241           GLU           88.90           411    228      0     7.306     5.605     1.000     0.1342      0.0000      0.0000      0.0000
988     E         B          242           TRP           92.02           411    228      0     7.306     5.605     1.000     0.1572      0.0000      0.0000      0.0000
989     E         B          243           THR           90.22           411    228      0     7.306     5.605     1.000     0.1154      0.0000      0.0000      0.0000
990     E         B          244           GLN           90.40           411    228      0     7.306     5.605     1.000     0.1151      0.0000      0.0000      0.0000
991     E         B          245           ASP           92.05           411    228      0     7.306     5.605     1.000     0.1085      0.0000      0.0000      0.0000
992     E         B          246           ARG           92.43           411    228      0     7.306     5.605     1.000     0.1312      0.0000      0.0000      0.0000
993     E         B          247           ALA           93.26           411    228      0     7.306     5.605     1.000     0.1673      0.0000      0.0000      0.0000
994     E         B          248           LYS           94.25           411    228      0     7.306     5.605     1.000     0.2029      0.0000      0.0000      0.0000
995     E         B          249           PRO           94.34           411    228      0     7.306     5.605     1.000     0.1847      0.0000      0.0000      0.0000
996     E         B          250           VAL           93.64           411    228      0     7.306     5.605     1.000     0.2033      0.0000      0.0000      0.0000
997     E         B          251           THR           94.49           411    228      0     7.306     5.605     1.000     0.2443      0.0000      0.0000      0.0000
998     E         B          252           GLN           95.79           411    228      0     7.306     5.605     1.000     0.2182      0.0000      0.0000      0.0000
999     E         B          253           ILE           95.49           411    228      0     7.306     5.605     1.000     0.2391      0.0000      0.0000      0.0000
1000    E         B          254           VAL           94.77           411    228      0     7.306     5.605     1.000     0.2225      0.0000      0.0000      0.0000
1001    E         B          255           SER           93.33           411    228      0     7.306     5.605     1.000     0.1691      0.0000      0.0000      0.0000
1002    E         B          256           ALA           92.23           411    228      0     7.306     5.605     1.000     0.1751      0.0000      0.0000      0.0000
1003    E         B          257           GLU           92.70           411    228      0     7.306     5.605     1.000     0.1405      0.0000      0.0000      0.0000
1004    E         B          258           ALA           91.63           411    228      0     7.306     5.605     1.000     0.1571      0.0000      0.0000      0.0000
1005    E         B          259           TRP           91.72           411    228      0     7.306     5.605     1.000     0.1757      0.0000      0.0000      0.0000
1006    E         B          260           GLY           87.92           411    228      0     7.306     5.605     1.000     0.1411      0.0000      0.0000      0.0000
1007    E         B          261           ARG           87.70           411    228      0     7.306     5.605     1.000     0.1011      0.0000      0.0000      0.0000
1008    E         B          262           ALA           80.26           411    228      0     7.306     5.605     1.000     0.0909      0.0000      0.0000      0.0000
1009    E         B          263           ASP           77.39           411    228      0     7.306     5.605     1.000     0.0768      0.0000      0.0000      0.0000
1010    E         B          264           CYS           78.70           411    228      0     7.306     5.605     1.000     0.0722      0.0000      0.0000      0.0000
1011    E         B          265           GLY           69.92           411    228      0     7.306     5.605     1.000     0.0666      0.0000      0.0000      0.0000
1012    E         B          266           PHE           70.19           411    228      0     7.306     5.605     1.000     0.0748      0.0000      0.0000      0.0000
1013    E         B          267           THR           75.56           411    228      0     7.306     5.605     1.000     0.0844      0.0000      0.0000      0.0000
1014    E         B          268           SER           73.36           411    228      0     7.306     5.605     1.000     0.0816      0.0000      0.0000      0.0000
1015    E         B          269           GLU           76.41           411    228      0     7.306     5.605     1.000     0.0893      0.0000      0.0000      0.0000
1016    E         B          270           SER           77.61           411    228      0     7.306     5.605     1.000     0.0922      0.0000      0.0000      0.0000
1017    E         B          271           TYR           79.73           411    228      0     7.306     5.605     1.000     0.1092      0.0000      0.0000      0.0000
1018    E         B          272           GLN           77.42           411    228      0     7.306     5.605     1.000     0.0979      0.0000      0.0000      0.0000
1019    E         B          273           GLN           76.34           411    228      0     7.306     5.605     1.000     0.0980      0.0000      0.0000      0.0000
1020    E         B          274           GLY           77.13           411    228      0     7.306     5.605     1.000     0.0935      0.0000      0.0000      0.0000
1021    E         B          275           VAL           82.80           411    228      0     7.306     5.605     1.000     0.1007      0.0000      0.0000      0.0000
1022    E         B          276           LEU           79.94           411    228      0     7.306     5.605     1.000     0.0930      0.0000      0.0000      0.0000
1023    E         B          277           SER           80.23           411    228      0     7.306     5.605     1.000     0.0885      0.0000      0.0000      0.0000
1024    E         B          278           ALA           80.99           411    228      0     7.306     5.605     1.000     0.0939      0.0000      0.0000      0.0000
1025    E         B          279           THR           85.14           411    228      0     7.306     5.605     1.000     0.0921      0.0000      0.0000      0.0000
1026    E         B          280           ILE           83.89           411    228      0     7.306     5.605     1.000     0.0875      0.0000      0.0000      0.0000
1027    E         B          281           LEU           83.70           411    228      0     7.306     5.605     1.000     0.0861      0.0000      0.0000      0.0000
1028    E         B          282           TYR           82.48           411    228      0     7.306     5.605     1.000     0.0914      0.0000      0.0000      0.0000
1029    E         B          283           GLU           84.42           411    228      0     7.306     5.605     1.000     0.0840      0.0000      0.0000      0.0000
1030    E         B          284           ILE           82.98           411    228      0     7.306     5.605     1.000     0.0830      0.0000      0.0000      0.0000
1031    E         B          285           LEU           82.87           411    228      0     7.306     5.605     1.000     0.0838      0.0000      0.0000      0.0000
1032    E         B          286           LEU           84.13           411    228      0     7.306     5.605     1.000     0.0852      0.0000      0.0000      0.0000
1033    E         B          287           GLY           84.55           411    228      0     7.306     5.605     1.000     0.0811      0.0000      0.0000      0.0000
1034    E         B          288           LYS           83.26           411    228      0     7.306     5.605     1.000     0.0786      0.0000      0.0000      0.0000
1035    E         B          289           ALA           83.11           411    228      0     7.306     5.605     1.000     0.0798      0.0000      0.0000      0.0000
1036    E         B          290           THR           87.41           411    228      0     7.306     5.605     1.000     0.0760      0.0000      0.0000      0.0000
1037    E         B          291           LEU           86.13           411    228      0     7.306     5.605     1.000     0.0761      0.0000      0.0000      0.0000
1038    E         B          292           TYR           85.61           411    228      0     7.306     5.605     1.000     0.0759      0.0000      0.0000      0.0000
1039    E         B          293           ALA           85.15           411    228      0     7.306     5.605     1.000     0.0745      0.0000      0.0000      0.0000
1040    E         B          294           VAL           90.22           411    228      0     7.306     5.605     1.000     0.0717      0.0000      0.0000      0.0000
1041    E         B          295           LEU           86.39           411    228      0     7.306     5.605     1.000     0.0728      0.0000      0.0000      0.0000
1042    E         B          296           VAL           86.39           411    228      0     7.306     5.605     1.000     0.0699      0.0000      0.0000      0.0000
1043    E         B          297           SER           88.13           411    228      0     7.306     5.605     1.000     0.0664      0.0000      0.0000      0.0000
1044    E         B          298           ALA           87.24           411    228      0     7.306     5.605     1.000     0.0664      0.0000      0.0000      0.0000
1045    E         B          299           LEU           85.14           411    228      0     7.306     5.605     1.000     0.0670      0.0000      0.0000      0.0000
1046    E         B          300           VAL           84.98           411    228      0     7.306     5.605     1.000     0.0657      0.0000      0.0000      0.0000
1047    E         B          301           LEU           86.79           411    228      0     7.306     5.605     1.000     0.0628      0.0000      0.0000      0.0000
1048    E         B          302           MET           86.01           411    228      0     7.306     5.605     1.000     0.0623      0.0000      0.0000      0.0000
1049    E         B          303           ALA           82.44           411    228      0     7.306     5.605     1.000     0.0611      0.0000      0.0000      0.0000
1050    E         B          304           MET           83.94           411    228      0     7.306     5.605     1.000     0.0588      0.0000      0.0000      0.0000
1051    E         B          305           VAL           85.79           411    228      0     7.306     5.605     1.000     0.0601      0.0000      0.0000      0.0000
1052    E         B          306           LYS           84.26           411    228      0     7.306     5.605     1.000     0.0579      0.0000      0.0000      0.0000
1053    E         B          307           ARG           82.26           411    228      0     7.306     5.605     1.000     0.0570      0.0000      0.0000      0.0000
1054    E         B          308           LYS           80.47           411    228      0     7.306     5.605     1.000     0.0572      0.0000      0.0000      0.0000
1055    E         B          309           ASP           81.08           411    228      0     7.306     5.605     1.000     0.0567      0.0000      0.0000      0.0000
1056    E         B          310           SER           79.05           411    228      0     7.306     5.605     1.000     0.0555      0.0000      0.0000      0.0000
1057    E         B          311           ARG           71.20           411    228      0     7.306     5.605     1.000     0.0536      0.0000      0.0000      0.0000
1058    E         B          312           GLY           54.19           411    228      0     7.306     5.605     1.000     0.0518      0.0000      0.0000      0.0000
747     E         C            1           MET           24.51           321    200      0     6.556     5.266     1.000     0.0414      0.0000      0.0000      0.0000
748     E         C            2           SER           27.09           321    200      0     6.556     5.266     1.000     0.0417      0.0000      0.0000      0.0000
749     E         C            3           ILE           31.00           321    200      0     6.556     5.266     1.000     0.0420      0.0000      0.0000      0.0000
750     E         C            4           GLY           31.30           321    200      0     6.556     5.266     1.000     0.0419      0.0000      0.0000      0.0000
751     E         C            5           LEU           30.18           321    200      0     6.556     5.266     1.000     0.0425      0.0000      0.0000      0.0000
752     E         C            6           LEU           28.57           321    200      0     6.556     5.266     1.000     0.0428      0.0000      0.0000      0.0000
753     E         C            7           CYS           30.75           321    200      0     6.556     5.266     1.000     0.0432      0.0000      0.0000      0.0000
754     E         C            8           CYS           29.82           321    200      0     6.556     5.266     1.000     0.0437      0.0000      0.0000      0.0000
755     E         C            9           ALA           32.18           321    200      0     6.556     5.266     1.000     0.0444      0.0000      0.0000      0.0000
756     E         C           10           ALA           31.95           321    200      0     6.556     5.266     1.000     0.0442      0.0000      0.0000      0.0000
757     E         C           11           LEU           28.39           321    200      0     6.556     5.266     1.000     0.0449      0.0000      0.0000      0.0000
758     E         C           12           SER           29.18           321    200      0     6.556     5.266     1.000     0.0452      0.0000      0.0000      0.0000
759     E         C           13           LEU           27.05           321    200      0     6.556     5.266     1.000     0.0452      0.0000      0.0000      0.0000
760     E         C           14           LEU           29.00           321    200      0     6.556     5.266     1.000     0.0454      0.0000      0.0000      0.0000
761     E         C           15           TRP           29.38           321    200      0     6.556     5.266     1.000     0.0460      0.0000      0.0000      0.0000
762     E         C           16           ALA           33.66           321    200      0     6.556     5.266     1.000     0.0464      0.0000      0.0000      0.0000
763     E         C           17           GLY           32.83           321    200      0     6.556     5.266     1.000     0.0482      0.0000      0.0000      0.0000
764     E         C           18           PRO           31.83           321    200      0     6.556     5.266     1.000     0.0499      0.0000      0.0000      0.0000
765     E         C           19           VAL           38.60           321    200      0     6.556     5.266     1.000     0.0531      0.0000      0.0000      0.0000
766     E         C           20           ASN           45.30           321    200      0     6.556     5.266     1.000     0.0567      0.0000      0.0000      0.0000
767     E         C           21           ALA           56.86           321    200      0     6.556     5.266     1.000     0.0591      0.0000      0.0000      0.0000
768     E         C           22           GLY           86.93           321    200      0     6.556     5.266     1.000     0.1072      0.0000      0.0000      0.0000
769     E         C           23           VAL           95.53           321    200      9     6.556     5.266     1.000     0.5113      0.5113      0.4048      0.0245
770     E         C           24           THR           96.33           321    200      9     6.556     5.266     1.000     0.5921      0.5921      0.4860      0.0342
771     E         C           25           GLN           96.66           321    200      9     6.556     5.266     1.000     0.5719      0.5719      0.4647      0.0311
772     E         C           26           THR           95.55           321    200      9     6.556     5.266     1.000     0.4836      0.4836      0.3784      0.0220
773     E         C           27           PRO           95.67           321    200      9     6.556     5.266     1.000     0.3997      0.3997      0.3011      0.0154
774     E         C           28           LYS           95.45           321    200      9     6.556     5.266     1.000     0.5008      0.5008      0.3941      0.0233
775     E         C           29           PHE           96.54           321    200      9     6.556     5.266     1.000     0.5341      0.5341      0.4263      0.0265
776     E         C           30           GLN           96.84           321    200      9     6.556     5.266     1.000     0.5109      0.5109      0.4038      0.0243
777     E         C           31           VAL           96.21           321    200      9     6.556     5.266     1.000     0.5024      0.5024      0.3953      0.0233
778     E         C           32           LEU           95.53           321    200      9     6.556     5.266     1.000     0.4942      0.4942      0.3875      0.0226
779     E         C           33           LYS           95.00           321    200      9     6.556     5.266     1.000     0.4451      0.4451      0.3417      0.0185
780     E         C           34           THR           95.53           321    200      9     6.556     5.266     1.000     0.4354      0.4354      0.3330      0.0179
781     E         C           35           GLY           95.17           321    200      7     6.556     5.266     1.000     0.3357      0.3503      0.2582      0.0124
782     E         C           36           GLN           93.93           321    200      9     6.556     5.266     1.000     0.4038      0.4038      0.3049      0.0157
783     E         C           37           SER           94.74           321    200      9     6.556     5.266     1.000     0.4418      0.4418      0.3389      0.0184
784     E         C           38           MET           95.73           321    200      9     6.556     5.266     1.000     0.4633      0.4633      0.3588      0.0201
785     E         C           39           THR           96.99           321    200      9     6.556     5.266     1.000     0.5942      0.5942      0.4878      0.0342
786     E         C           40           LEU           97.33           321    200      9     6.556     5.266     1.000     0.6289      0.6289      0.5244      0.0395
787     E         C           41           GLN           97.15           321    200      9     6.556     5.266     1.000     0.6155      0.6155      0.5106      0.0378
788     E         C           42           CYS           97.18           321    200      9     6.556     5.266     1.000     0.5898      0.5898      0.4830      0.0335
789     E         C           43           ALA           96.95           321    200      9     6.556     5.266     1.000     0.6011      0.6011      0.4956      0.0356
790     E         C           44           GLN           96.06           321    200      9     6.556     5.266     1.000     0.5586      0.5586      0.4515      0.0297
791     E         C           45           ASP           93.39           321    200      9     6.556     5.266     1.000     0.5263      0.5263      0.4206      0.0266
792     E         C           46           MET           91.86           321    200      9     6.556     5.266     1.000     0.6084      0.6084      0.5030      0.0366
793     E         C           47           ASN           89.45           321    200      9     6.556     5.266     1.000     0.6209      0.6209      0.5168      0.0390
794     E         C           48           HIS           90.49           321    200      9     6.556     5.266     1.000     0.6818      0.6818      0.5827      0.0502
795     E         C           49           GLU           87.63           321    200      9     6.556     5.266     1.000     0.6725      0.6725      0.5725      0.0484
796     E         C           50           TYR           91.80           321    200      9     6.556     5.266     1.000     0.7158      0.7158      0.6215      0.0588
797     E         C           51           MET           94.15           321    200      9     6.556     5.266     1.000     0.6849      0.6849      0.5868      0.0518
798     E         C           52           SER           95.33           321    200      9     6.556     5.266     1.000     0.6669      0.6669      0.5663      0.0472
799     E         C           53           TRP           96.67           321    200      9     6.556     5.266     1.000     0.6875      0.6875      0.5884      0.0508
800     E         C           54           TYR           96.66           321    200      9     6.556     5.266     1.000     0.6947      0.6947      0.5980      0.0542
801     E         C           55           ARG           96.41           321    200      9     6.556     5.266     1.000     0.6410      0.6410      0.5375      0.0418
802     E         C           56           GLN           96.34           321    200      9     6.556     5.266     1.000     0.6162      0.6162      0.5106      0.0373
803     E         C           57           ASP           94.72           321    200      9     6.556     5.266     1.000     0.5231      0.5231      0.4160      0.0257
804     E         C           58           PRO           90.85           321    200      8     6.556     5.266     1.000     0.3656      0.3758      0.2800      0.0139
805     E         C           59           GLY           87.35           321    200      5     6.556     5.266     1.000     0.2989      0.3248      0.2369      0.0111
806     E         C           60           MET           88.54           321    200      5     6.556     5.266     1.000     0.3061      0.3373      0.2472      0.0117
807     E         C           61           GLY           88.87           321    200      7     6.556     5.266     1.000     0.3548      0.3748      0.2795      0.0139
808     E         C           62           LEU           93.86           321    200      9     6.556     5.266     1.000     0.5677      0.5677      0.4604      0.0306
809     E         C           63           ARG           94.91           321    200      9     6.556     5.266     1.000     0.6476      0.6476      0.5442      0.0425
810     E         C           64           LEU           94.16           321    200      9     6.556     5.266     1.000     0.6772      0.6772      0.5773      0.0490
811     E         C           65           ILE           95.59           321    200      9     6.556     5.266     1.000     0.6541      0.6541      0.5517      0.0441
812     E         C           66           HIS           95.04           321    200      9     6.556     5.266     1.000     0.6481      0.6481      0.5453      0.0431
813     E         C           67           TYR           93.07           321    200      9     6.556     5.266     1.000     0.6685      0.6685      0.5674      0.0468
814     E         C           68           SER           92.10           321    200      9     6.556     5.266     1.000     0.6481      0.6481      0.5453      0.0432
815     E         C           69           VAL           85.39           321    200      9     6.556     5.266     1.000     0.6527      0.6527      0.5507      0.0444
816     E         C           70           GLY           84.28           321    200      9     6.556     5.266     1.000     0.5675      0.5675      0.4605      0.0308
817     E         C           71           ALA           84.00           321    200      9     6.556     5.266     1.000     0.5397      0.5397      0.4327      0.0276
818     E         C           72           GLY           81.95           321    200      9     6.556     5.266     1.000     0.5082      0.5082      0.4015      0.0241
819     E         C           73           ILE           83.02           321    200      9     6.556     5.266     1.000     0.5541      0.5541      0.4466      0.0290
820     E         C           74           THR           87.54           321    200      9     6.556     5.266     1.000     0.5700      0.5700      0.4623      0.0307
821     E         C           75           ASP           87.57           321    200      9     6.556     5.266     1.000     0.5652      0.5652      0.4578      0.0303
822     E         C           76           GLN           90.39           321    200      9     6.556     5.266     1.000     0.5385      0.5385      0.4306      0.0270
823     E         C           77           GLY           90.02           321    200      9     6.556     5.266     1.000     0.5186      0.5186      0.4109      0.0249
824     E         C           78           GLU           90.49           321    200      9     6.556     5.266     1.000     0.5270      0.5270      0.4194      0.0258
825     E         C           79           VAL           93.28           321    200      9     6.556     5.266     1.000     0.5272      0.5272      0.4196      0.0259
826     E         C           80           PRO           93.62           321    200      9     6.556     5.266     1.000     0.4795      0.4795      0.3737      0.0213
827     E         C           81           ASN           93.92           321    200      9     6.556     5.266     1.000     0.4484      0.4484      0.3451      0.0189
828     E         C           82           GLY           94.45           321    200      9     6.556     5.266     1.000     0.4388      0.4388      0.3363      0.0182
829     E         C           83           TYR           96.62           321    200      9     6.556     5.266     1.000     0.5765      0.5765      0.4693      0.0317
830     E         C           84           ASN           96.01           321    200      9     6.556     5.266     1.000     0.5173      0.5173      0.4102      0.0250
831     E         C           85           VAL           95.44           321    200      9     6.556     5.266     1.000     0.5103      0.5103      0.4034      0.0242
832     E         C           86           SER           93.44           321    200      9     6.556     5.266     1.000     0.4736      0.4736      0.3688      0.0211
833     E         C           87           ARG           93.53           321    200      9     6.556     5.266     1.000     0.5398      0.5398      0.4325      0.0274
834     E         C           88           SER           91.78           321    200      9     6.556     5.266     1.000     0.4824      0.4824      0.3769      0.0218
835     E         C           89           THR           91.36           321    200      9     6.556     5.266     1.000     0.5358      0.5358      0.4290      0.0272
836     E         C           90           THR           91.22           321    200      9     6.556     5.266     1.000     0.5787      0.5787      0.4716      0.0320
837     E         C           91           GLU           94.43           321    200      9     6.556     5.266     1.000     0.5702      0.5702      0.4636      0.0313
838     E         C           92           ASP           96.01           321    200      9     6.556     5.266     1.000     0.5702      0.5702      0.4631      0.0310
839     E         C           93           PHE           96.87           321    200      9     6.556     5.266     1.000     0.6306      0.6306      0.5262      0.0398
840     E         C           94           PRO           97.25           321    200      9     6.556     5.266     1.000     0.6198      0.6198      0.5147      0.0381
841     E         C           95           LEU           97.57           321    200      9     6.556     5.266     1.000     0.6360      0.6360      0.5320      0.0407
842     E         C           96           ARG           97.06           321    200      9     6.556     5.266     1.000     0.5750      0.5750      0.4680      0.0316
843     E         C           97           LEU           96.19           321    200      9     6.556     5.266     1.000     0.5052      0.5052      0.3985      0.0238
844     E         C           98           LEU           92.51           321    200      7     6.556     5.266     1.000     0.3433      0.3605      0.2671      0.0130
845     E         C           99           SER           95.73           321    200      8     6.556     5.266     1.000     0.3505      0.3597      0.2663      0.0130
846     E         C          100           ALA           95.99           321    200      9     6.556     5.266     1.000     0.4057      0.4057      0.3062      0.0158
847     E         C          101           ALA           96.49           321    200      9     6.556     5.266     1.000     0.4422      0.4422      0.3390      0.0183
848     E         C          102           PRO           95.68           321    200      9     6.556     5.266     1.000     0.4849      0.4849      0.3787      0.0217
849     E         C          103           SER           96.16           321    200      9     6.556     5.266     1.000     0.5192      0.5192      0.4118      0.0250
850     E         C          104           GLN           96.62           321    200      9     6.556     5.266     1.000     0.5542      0.5542      0.4464      0.0288
851     E         C          105           THR           96.17           321    200      9     6.556     5.266     1.000     0.5710      0.5710      0.4632      0.0307
852     E         C          106           SER           96.57           321    200      9     6.556     5.266     1.000     0.5382      0.5382      0.4306      0.0271
853     E         C          107           VAL           96.96           321    200      9     6.556     5.266     1.000     0.6291      0.6291      0.5241      0.0392
854     E         C          108           TYR           97.58           321    200      9     6.556     5.266     1.000     0.6771      0.6771      0.5770      0.0486
855     E         C          109           PHE           97.15           321    200      9     6.556     5.266     1.000     0.6695      0.6695      0.5682      0.0467
856     E         C          110           CYS           96.82           321    200      9     6.556     5.266     1.000     0.6518      0.6518      0.5498      0.0442
857     E         C          111           ALA           95.75           321    200      9     6.556     5.266     1.000     0.6778      0.6778      0.5788      0.0499
858     E         C          112           SER           94.61           321    200      9     6.556     5.266     1.000     0.6463      0.6463      0.5446      0.0440
859     E         C          113           GLN           91.95           321    200      9     6.556     5.266     1.000     0.6716      0.6716      0.5720      0.0486
860     E         C          114           LYS           87.68           321    200      9     6.556     5.266     1.000     0.6591      0.6591      0.5593      0.0476
861     E         C          115           SER           83.07           321    200      9     6.556     5.266     1.000     0.6266      0.6266      0.5259      0.0427
862     E         C          116           GLY           80.50           321    200      9     6.556     5.266     1.000     0.6503      0.6503      0.5504      0.0463
863     E         C          117           SER           85.22           321    200      9     6.556     5.266     1.000     0.6893      0.6893      0.5919      0.0533
864     E         C          118           SER           83.42           321    200      9     6.556     5.266     1.000     0.6667      0.6667      0.5666      0.0477
865     E         C          119           TYR           86.96           321    200      9     6.556     5.266     1.000     0.6657      0.6657      0.5658      0.0479
866     E         C          120           ASN           87.76           321    200      9     6.556     5.266     1.000     0.6835      0.6835      0.5845      0.0506
867     E         C          121           GLU           89.50           321    200      9     6.556     5.266     1.000     0.6650      0.6650      0.5644      0.0470
868     E         C          122           GLN           92.94           321    200      9     6.556     5.266     1.000     0.6671      0.6671      0.5665      0.0472
869     E         C          123           PHE           95.18           321    200      9     6.556     5.266     1.000     0.7013      0.7013      0.6043      0.0544
870     E         C          124           PHE           96.18           321    200      9     6.556     5.266     1.000     0.6954      0.6954      0.5982      0.0536
871     E         C          125           GLY           96.11           321    200      9     6.556     5.266     1.000     0.6246      0.6246      0.5196      0.0387
872     E         C          126           PRO           95.59           321    200      9     6.556     5.266     1.000     0.5997      0.5997      0.4940      0.0354
873     E         C          127           GLY           96.31           321    200      9     6.556     5.266     1.000     0.5458      0.5458      0.4387      0.0282
874     E         C          128           THR           96.96           321    200      9     6.556     5.266     1.000     0.6007      0.6007      0.4944      0.0351
875     E         C          129           ARG           96.83           321    200      9     6.556     5.266     1.000     0.5601      0.5601      0.4524      0.0295
876     E         C          130           LEU           97.16           321    200      9     6.556     5.266     1.000     0.5739      0.5739      0.4662      0.0312
877     E         C          131           THR           96.42           321    200      9     6.556     5.266     1.000     0.5623      0.5623      0.4544      0.0296
878     E         C          132           VAL           96.51           321    200      9     6.556     5.266     1.000     0.5500      0.5500      0.4419      0.0282
879     E         C          133           LEU           95.40           321    200      9     6.556     5.266     1.000     0.4662      0.4662      0.3613      0.0202
880     E         C          134           GLU           94.08           321    200      8     6.556     5.266     1.000     0.3580      0.3677      0.2731      0.0134
881     E         C          135           ASP           92.21           321    200      0     6.556     5.266     1.000     0.2528      0.0000      0.0000      0.0000
882     E         C          136           LEU           93.45           321    200      6     6.556     5.266     1.000     0.3197      0.3363      0.2464      0.0117
883     E         C          137           LYS           93.45           321    200      1     6.556     5.266     1.000     0.2734      0.3048      0.2205      0.0101
884     E         C          138           ASN           93.35           321    200      1     6.556     5.266     1.000     0.2762      0.3048      0.2205      0.0101
885     E         C          139           VAL           95.58           321    200      9     6.556     5.266     1.000     0.3785      0.3785      0.2824      0.0141
886     E         C          140           PHE           96.31           321    200      9     6.556     5.266     1.000     0.3698      0.3698      0.2749      0.0135
887     E         C          141           PRO           96.27           321    200      8     6.556     5.266     1.000     0.3385      0.3458      0.2544      0.0122
888     E         C          142           PRO           96.60           321    200      8     6.556     5.266     1.000     0.3443      0.3527      0.2603      0.0126
889     E         C          143           GLU           94.68           321    200      8     6.556     5.266     1.000     0.3364      0.3424      0.2515      0.0120
890     E         C          144           VAL           94.81           321    200      8     6.556     5.266     1.000     0.3627      0.3704      0.2753      0.0135
891     E         C          145           ALA           93.61           321    200      6     6.556     5.266     1.000     0.3120      0.3276      0.2391      0.0112
892     E         C          146           VAL           94.30           321    200      8     6.556     5.266     1.000     0.3671      0.3754      0.2796      0.0138
893     E         C          147           PHE           94.73           321    200      9     6.556     5.266     1.000     0.3801      0.3801      0.2837      0.0141
894     E         C          148           GLU           93.01           321    200      1     6.556     5.266     1.000     0.2791      0.3092      0.2240      0.0103
895     E         C          149           PRO           92.72           321    200      0     6.556     5.266     1.000     0.2591      0.0000      0.0000      0.0000
896     E         C          150           SER           90.63           321    200      0     6.556     5.266     1.000     0.2153      0.0000      0.0000      0.0000
897     E         C          151           GLU           89.54           321    200      0     6.556     5.266     1.000     0.2213      0.0000      0.0000      0.0000
898     E         C          152           ALA           89.57           321    200      0     6.556     5.266     1.000     0.2371      0.0000      0.0000      0.0000
899     E         C          153           GLU           92.02           321    200      2     6.556     5.266     1.000     0.2837      0.3070      0.2223      0.0102
900     E         C          154           ILE           91.01           321    200      0     6.556     5.266     1.000     0.2776      0.0000      0.0000      0.0000
901     E         C          155           SER           89.74           321    200      0     6.556     5.266     1.000     0.2185      0.0000      0.0000      0.0000
902     E         C          156           HIS           89.89           321    200      0     6.556     5.266     1.000     0.2194      0.0000      0.0000      0.0000
903     E         C          157           THR           90.04           321    200      0     6.556     5.266     1.000     0.1863      0.0000      0.0000      0.0000
904     E         C          158           GLN           91.93           321    200      0     6.556     5.266     1.000     0.2251      0.0000      0.0000      0.0000
905     E         C          159           LYS           93.18           321    200      2     6.556     5.266     1.000     0.2794      0.3070      0.2223      0.0102
906     E         C          160           ALA           94.07           321    200      5     6.556     5.266     1.000     0.3049      0.3237      0.2359      0.0110
907     E         C          161           THR           95.18           321    200      8     6.556     5.266     1.000     0.3646      0.3726      0.2772      0.0137
908     E         C          162           LEU           95.66           321    200      9     6.556     5.266     1.000     0.4205      0.4205      0.3192      0.0167
909     E         C          163           VAL           95.95           321    200      9     6.556     5.266     1.000     0.4173      0.4173      0.3165      0.0165
910     E         C          164           CYS           95.89           321    200      9     6.556     5.266     1.000     0.3922      0.3922      0.2944      0.0149
911     E         C          165           LEU           95.14           321    200      8     6.556     5.266     1.000     0.3617      0.3693      0.2744      0.0135
912     E         C          166           ALA           96.09           321    200      9     6.556     5.266     1.000     0.3905      0.3905      0.2928      0.0148
913     E         C          167           THR           94.79           321    200      8     6.556     5.266     1.000     0.3391      0.3469      0.2553      0.0122
914     E         C          168           GLY           94.69           321    200      4     6.556     5.266     1.000     0.2890      0.3104      0.2251      0.0104
915     E         C          169           PHE           96.71           321    200      9     6.556     5.266     1.000     0.4203      0.4203      0.3190      0.0167
916     E         C          170           TYR           96.59           321    200      9     6.556     5.266     1.000     0.3978      0.3978      0.2991      0.0152
917     E         C          171           PRO           95.85           321    200      8     6.556     5.266     1.000     0.3451      0.3517      0.2593      0.0125
918     E         C          172           ASP           94.73           321    200      6     6.556     5.266     1.000     0.3129      0.3301      0.2413      0.0114
919     E         C          173           HIS           96.17           321    200      9     6.556     5.266     1.000     0.3646      0.3646      0.2705      0.0133
920     E         C          174           VAL           96.56           321    200      9     6.556     5.266     1.000     0.4075      0.4075      0.3079      0.0159
921     E         C          175           GLU           96.63           321    200      9     6.556     5.266     1.000     0.4129      0.4129      0.3125      0.0162
922     E         C          176           LEU           96.83           321    200      9     6.556     5.266     1.000     0.4164      0.4164      0.3156      0.0165
923     E         C          177           SER           96.96           321    200      9     6.556     5.266     1.000     0.3855      0.3855      0.2885      0.0145
924     E         C          178           TRP           97.37           321    200      9     6.556     5.266     1.000     0.4384      0.4384      0.3354      0.0180
925     E         C          179           TRP           97.27           321    200      9     6.556     5.266     1.000     0.3913      0.3913      0.2934      0.0148
926     E         C          180           VAL           96.53           321    200      8     6.556     5.266     1.000     0.3475      0.3550      0.2621      0.0127
927     E         C          181           ASN           95.54           321    200      0     6.556     5.266     1.000     0.2727      0.0000      0.0000      0.0000
928     E         C          182           GLY           95.14           321    200      0     6.556     5.266     1.000     0.2182      0.0000      0.0000      0.0000
929     E         C          183           LYS           96.45           321    200      1     6.556     5.266     1.000     0.2734      0.3048      0.2205      0.0101
930     E         C          184           GLU           96.84           321    200      8     6.556     5.266     1.000     0.3416      0.3478      0.2560      0.0123
931     E         C          185           VAL           96.16           321    200      8     6.556     5.266     1.000     0.3238      0.3302      0.2414      0.0114
932     E         C          186           HIS           94.14           321    200      7     6.556     5.266     1.000     0.3227      0.3319      0.2428      0.0114
933     E         C          187           SER           93.27           321    200      0     6.556     5.266     1.000     0.2656      0.0000      0.0000      0.0000
934     E         C          188           GLY           93.91           321    200      0     6.556     5.266     1.000     0.2350      0.0000      0.0000      0.0000
935     E         C          189           VAL           95.88           321    200      8     6.556     5.266     1.000     0.3441      0.3510      0.2588      0.0125
936     E         C          190           SER           95.45           321    200      8     6.556     5.266     1.000     0.3287      0.3357      0.2460      0.0116
937     E         C          191           THR           95.17           321    200      9     6.556     5.266     1.000     0.4099      0.4099      0.3098      0.0160
938     E         C          192           ASP           94.60           321    200      9     6.556     5.266     1.000     0.4048      0.4048      0.3053      0.0157
939     E         C          193           PRO           92.01           321    200      8     6.556     5.266     1.000     0.3468      0.3530      0.2606      0.0126
940     E         C          194           GLN           91.94           321    200      6     6.556     5.266     1.000     0.3253      0.3437      0.2525      0.0120
941     E         C          195           PRO           94.21           321    200      8     6.556     5.266     1.000     0.3432      0.3506      0.2585      0.0124
942     E         C          196           LEU           93.06           321    200      6     6.556     5.266     1.000     0.3152      0.3292      0.2405      0.0113
943     E         C          197           LYS           92.55           321    200      8     6.556     5.266     1.000     0.3337      0.3404      0.2499      0.0119
944     E         C          198           GLU           91.28           321    200      0     6.556     5.266     1.000     0.2659      0.0000      0.0000      0.0000
945     E         C          199           GLN           89.49           321    200      0     6.556     5.266     1.000     0.1816      0.0000      0.0000      0.0000
946     E         C          200           PRO           86.84           321    200      0     6.556     5.266     1.000     0.1481      0.0000      0.0000      0.0000
947     E         C          201           ALA           87.26           321    200      0     6.556     5.266     1.000     0.1297      0.0000      0.0000      0.0000
948     E         C          202           LEU           87.40           321    200      0     6.556     5.266     1.000     0.1305      0.0000      0.0000      0.0000
949     E         C          203           ASN           85.48           321    200      0     6.556     5.266     1.000     0.1346      0.0000      0.0000      0.0000
950     E         C          204           ASP           88.24           321    200      0     6.556     5.266     1.000     0.1324      0.0000      0.0000      0.0000
951     E         C          205           SER           92.39           321    200      0     6.556     5.266     1.000     0.2008      0.0000      0.0000      0.0000
952     E         C          206           ARG           95.31           321    200      8     6.556     5.266     1.000     0.3442      0.3512      0.2590      0.0125
953     E         C          207           TYR           96.18           321    200      9     6.556     5.266     1.000     0.4256      0.4256      0.3238      0.0171
954     E         C          208           CYS           95.61           321    200      9     6.556     5.266     1.000     0.3828      0.3828      0.2861      0.0143
955     E         C          209           LEU           96.60           321    200      9     6.556     5.266     1.000     0.4226      0.4226      0.3211      0.0169
956     E         C          210           SER           96.26           321    200      9     6.556     5.266     1.000     0.3847      0.3847      0.2877      0.0144
957     E         C          211           SER           96.71           321    200      9     6.556     5.266     1.000     0.3922      0.3922      0.2943      0.0149
958     E         C          212           ARG           96.25           321    200      9     6.556     5.266     1.000     0.3736      0.3736      0.2782      0.0138
959     E         C          213           LEU           96.48           321    200      9     6.556     5.266     1.000     0.4166      0.4166      0.3157      0.0164
960     E         C          214           ARG           96.10           321    200      8     6.556     5.266     1.000     0.3614      0.3690      0.2741      0.0135
961     E         C          215           VAL           95.25           321    200      7     6.556     5.266     1.000     0.3278      0.3407      0.2501      0.0119
962     E         C          216           SER           94.18           321    200      2     6.556     5.266     1.000     0.2823      0.3092      0.2240      0.0103
963     E         C          217           ALA           92.51           321    200      0     6.556     5.266     1.000     0.2582      0.0000      0.0000      0.0000
964     E         C          218           THR           91.97           321    200      0     6.556     5.266     1.000     0.2491      0.0000      0.0000      0.0000
965     E         C          219           PHE           93.80           321    200      7     6.556     5.266     1.000     0.3119      0.3235      0.2358      0.0110
966     E         C          220           TRP           93.59           321    200      8     6.556     5.266     1.000     0.3385      0.3467      0.2552      0.0122
967     E         C          221           GLN           90.87           321    200      0     6.556     5.266     1.000     0.2674      0.0000      0.0000      0.0000
968     E         C          222           ASN           91.57           321    200      0     6.556     5.266     1.000     0.2381      0.0000      0.0000      0.0000
969     E         C          223           PRO           89.96           321    200      0     6.556     5.266     1.000     0.2037      0.0000      0.0000      0.0000
970     E         C          224           ARG           90.49           321    200      0     6.556     5.266     1.000     0.2159      0.0000      0.0000      0.0000
971     E         C          225           ASN           93.63           321    200      1     6.556     5.266     1.000     0.2649      0.3048      0.2205      0.0101
972     E         C          226           HIS           95.57           321    200      7     6.556     5.266     1.000     0.3281      0.3421      0.2513      0.0120
973     E         C          227           PHE           96.00           321    200      9     6.556     5.266     1.000     0.3920      0.3920      0.2942      0.0149
974     E         C          228           ARG           96.40           321    200      9     6.556     5.266     1.000     0.3813      0.3813      0.2848      0.0142
975     E         C          229           CYS           96.35           321    200      9     6.556     5.266     1.000     0.3941      0.3941      0.2960      0.0150
976     E         C          230           GLN           97.41           321    200      9     6.556     5.266     1.000     0.3858      0.3858      0.2887      0.0145
977     E         C          231           VAL           97.26           321    200      9     6.556     5.266     1.000     0.4328      0.4328      0.3304      0.0176
978     E         C          232           GLN           97.56           321    200      9     6.556     5.266     1.000     0.4332      0.4332      0.3307      0.0176
979     E         C          233           PHE           97.31           321    200      9     6.556     5.266     1.000     0.4548      0.4548      0.3503      0.0192
980     E         C          234           TYR           96.67           321    200      9     6.556     5.266     1.000     0.4519      0.4519      0.3477      0.0190
981     E         C          235           GLY           94.41           321    200      3     6.556     5.266     1.000     0.2929      0.3251      0.2372      0.0111
982     E         C          236           LEU           94.25           321    200      4     6.556     5.266     1.000     0.2947      0.3171      0.2305      0.0107
983     E         C          237           SER           91.46           321    200      0     6.556     5.266     1.000     0.2040      0.0000      0.0000      0.0000
984     E         C          238           GLU           89.06           321    200      0     6.556     5.266     1.000     0.1686      0.0000      0.0000      0.0000
985     E         C          239           ASN           88.43           321    200      0     6.556     5.266     1.000     0.1567      0.0000      0.0000      0.0000
986     E         C          240           ASP           89.47           321    200      0     6.556     5.266     1.000     0.1767      0.0000      0.0000      0.0000
987     E         C          241           GLU           88.90           321    200      0     6.556     5.266     1.000     0.1707      0.0000      0.0000      0.0000
988     E         C          242           TRP           92.02           321    200      0     6.556     5.266     1.000     0.2025      0.0000      0.0000      0.0000
989     E         C          243           THR           90.22           321    200      0     6.556     5.266     1.000     0.1411      0.0000      0.0000      0.0000
990     E         C          244           GLN           90.40           321    200      0     6.556     5.266     1.000     0.1405      0.0000      0.0000      0.0000
991     E         C          245           ASP           92.05           321    200      0     6.556     5.266     1.000     0.1236      0.0000      0.0000      0.0000
992     E         C          246           ARG           92.43           321    200      0     6.556     5.266     1.000     0.1732      0.0000      0.0000      0.0000
993     E         C          247           ALA           93.26           321    200      0     6.556     5.266     1.000     0.2244      0.0000      0.0000      0.0000
994     E         C          248           LYS           94.25           321    200      1     6.556     5.266     1.000     0.2722      0.3048      0.2205      0.0101
995     E         C          249           PRO           94.34           321    200      0     6.556     5.266     1.000     0.2467      0.0000      0.0000      0.0000
996     E         C          250           VAL           93.64           321    200      0     6.556     5.266     1.000     0.2662      0.0000      0.0000      0.0000
997     E         C          251           THR           94.49           321    200      7     6.556     5.266     1.000     0.3141      0.3242      0.2364      0.0110
998     E         C          252           GLN           95.79           321    200      3     6.556     5.266     1.000     0.2898      0.3122      0.2265      0.0105
999     E         C          253           ILE           95.49           321    200      7     6.556     5.266     1.000     0.3169      0.3282      0.2397      0.0113
1000    E         C          254           VAL           94.77           321    200      6     6.556     5.266     1.000     0.3040      0.3199      0.2328      0.0108
1001    E         C          255           SER           93.33           321    200      0     6.556     5.266     1.000     0.2302      0.0000      0.0000      0.0000
1002    E         C          256           ALA           92.23           321    200      0     6.556     5.266     1.000     0.2374      0.0000      0.0000      0.0000
1003    E         C          257           GLU           92.70           321    200      0     6.556     5.266     1.000     0.1859      0.0000      0.0000      0.0000
1004    E         C          258           ALA           91.63           321    200      0     6.556     5.266     1.000     0.2148      0.0000      0.0000      0.0000
1005    E         C          259           TRP           91.72           321    200      0     6.556     5.266     1.000     0.2327      0.0000      0.0000      0.0000
1006    E         C          260           GLY           87.92           321    200      0     6.556     5.266     1.000     0.1775      0.0000      0.0000      0.0000
1007    E         C          261           ARG           87.70           321    200      0     6.556     5.266     1.000     0.1326      0.0000      0.0000      0.0000
1008    E         C          262           ALA           80.26           321    200      0     6.556     5.266     1.000     0.1093      0.0000      0.0000      0.0000
1009    E         C          263           ASP           77.39           321    200      0     6.556     5.266     1.000     0.0850      0.0000      0.0000      0.0000
1010    E         C          264           CYS           78.70           321    200      0     6.556     5.266     1.000     0.0781      0.0000      0.0000      0.0000
1011    E         C          265           GLY           69.92           321    200      0     6.556     5.266     1.000     0.0708      0.0000      0.0000      0.0000
1012    E         C          266           PHE           70.19           321    200      0     6.556     5.266     1.000     0.0829      0.0000      0.0000      0.0000
1013    E         C          267           THR           75.56           321    200      0     6.556     5.266     1.000     0.0892      0.0000      0.0000      0.0000
1014    E         C          268           SER           73.36           321    200      0     6.556     5.266     1.000     0.0906      0.0000      0.0000      0.0000
1015    E         C          269           GLU           76.41           321    200      0     6.556     5.266     1.000     0.0946      0.0000      0.0000      0.0000
1016    E         C          270           SER           77.61           321    200      0     6.556     5.266     1.000     0.0982      0.0000      0.0000      0.0000
1017    E         C          271           TYR           79.73           321    200      0     6.556     5.266     1.000     0.1126      0.0000      0.0000      0.0000
1018    E         C          272           GLN           77.42           321    200      0     6.556     5.266     1.000     0.1041      0.0000      0.0000      0.0000
1019    E         C          273           GLN           76.34           321    200      0     6.556     5.266     1.000     0.1013      0.0000      0.0000      0.0000
1020    E         C          274           GLY           77.13           321    200      0     6.556     5.266     1.000     0.1003      0.0000      0.0000      0.0000
1021    E         C          275           VAL           82.80           321    200      0     6.556     5.266     1.000     0.1070      0.0000      0.0000      0.0000
1022    E         C          276           LEU           79.94           321    200      0     6.556     5.266     1.000     0.0981      0.0000      0.0000      0.0000
1023    E         C          277           SER           80.23           321    200      0     6.556     5.266     1.000     0.0915      0.0000      0.0000      0.0000
1024    E         C          278           ALA           80.99           321    200      0     6.556     5.266     1.000     0.0973      0.0000      0.0000      0.0000
1025    E         C          279           THR           85.14           321    200      0     6.556     5.266     1.000     0.0932      0.0000      0.0000      0.0000
1026    E         C          280           ILE           83.89           321    200      0     6.556     5.266     1.000     0.0895      0.0000      0.0000      0.0000
1027    E         C          281           LEU           83.70           321    200      0     6.556     5.266     1.000     0.0870      0.0000      0.0000      0.0000
1028    E         C          282           TYR           82.48           321    200      0     6.556     5.266     1.000     0.0935      0.0000      0.0000      0.0000
1029    E         C          283           GLU           84.42           321    200      0     6.556     5.266     1.000     0.0826      0.0000      0.0000      0.0000
1030    E         C          284           ILE           82.98           321    200      0     6.556     5.266     1.000     0.0816      0.0000      0.0000      0.0000
1031    E         C          285           LEU           82.87           321    200      0     6.556     5.266     1.000     0.0822      0.0000      0.0000      0.0000
1032    E         C          286           LEU           84.13           321    200      0     6.556     5.266     1.000     0.0839      0.0000      0.0000      0.0000
1033    E         C          287           GLY           84.55           321    200      0     6.556     5.266     1.000     0.0790      0.0000      0.0000      0.0000
1034    E         C          288           LYS           83.26           321    200      0     6.556     5.266     1.000     0.0777      0.0000      0.0000      0.0000
1035    E         C          289           ALA           83.11           321    200      0     6.556     5.266     1.000     0.0793      0.0000      0.0000      0.0000
1036    E         C          290           THR           87.41           321    200      0     6.556     5.266     1.000     0.0769      0.0000      0.0000      0.0000
1037    E         C          291           LEU           86.13           321    200      0     6.556     5.266     1.000     0.0756      0.0000      0.0000      0.0000
1038    E         C          292           TYR           85.61           321    200      0     6.556     5.266     1.000     0.0750      0.0000      0.0000      0.0000
1039    E         C          293           ALA           85.15           321    200      0     6.556     5.266     1.000     0.0741      0.0000      0.0000      0.0000
1040    E         C          294           VAL           90.22           321    200      0     6.556     5.266     1.000     0.0726      0.0000      0.0000      0.0000
1041    E         C          295           LEU           86.39           321    200      0     6.556     5.266     1.000     0.0741      0.0000      0.0000      0.0000
1042    E         C          296           VAL           86.39           321    200      0     6.556     5.266     1.000     0.0696      0.0000      0.0000      0.0000
1043    E         C          297           SER           88.13           321    200      0     6.556     5.266     1.000     0.0683      0.0000      0.0000      0.0000
1044    E         C          298           ALA           87.24           321    200      0     6.556     5.266     1.000     0.0692      0.0000      0.0000      0.0000
1045    E         C          299           LEU           85.14           321    200      0     6.556     5.266     1.000     0.0700      0.0000      0.0000      0.0000
1046    E         C          300           VAL           84.98           321    200      0     6.556     5.266     1.000     0.0664      0.0000      0.0000      0.0000
1047    E         C          301           LEU           86.79           321    200      0     6.556     5.266     1.000     0.0651      0.0000      0.0000      0.0000
1048    E         C          302           MET           86.01           321    200      0     6.556     5.266     1.000     0.0641      0.0000      0.0000      0.0000
1049    E         C          303           ALA           82.44           321    200      0     6.556     5.266     1.000     0.0617      0.0000      0.0000      0.0000
1050    E         C          304           MET           83.94           321    200      0     6.556     5.266     1.000     0.0587      0.0000      0.0000      0.0000
1051    E         C          305           VAL           85.79           321    200      0     6.556     5.266     1.000     0.0590      0.0000      0.0000      0.0000
1052    E         C          306           LYS           84.26           321    200      0     6.556     5.266     1.000     0.0562      0.0000      0.0000      0.0000
1053    E         C          307           ARG           82.26           321    200      0     6.556     5.266     1.000     0.0542      0.0000      0.0000      0.0000
1054    E         C          308           LYS           80.47           321    200      0     6.556     5.266     1.000     0.0533      0.0000      0.0000      0.0000
1055    E         C          309           ASP           81.08           321    200      0     6.556     5.266     1.000     0.0524      0.0000      0.0000      0.0000
1056    E         C          310           SER           79.05           321    200      0     6.556     5.266     1.000     0.0506      0.0000      0.0000      0.0000
1057    E         C          311           ARG           71.20           321    200      0     6.556     5.266     1.000     0.0465      0.0000      0.0000      0.0000
1058    E         C          312           GLY           54.19           321    200      0     6.556     5.266     1.000     0.0443      0.0000      0.0000      0.0000
747     E         D            1           MET           24.51           588    545      0     8.499     8.235     1.000     0.0680      0.0000      0.0000      0.0000
748     E         D            2           SER           27.09           588    545      0     8.499     8.235     1.000     0.0685      0.0000      0.0000      0.0000
749     E         D            3           ILE           31.00           588    545      0     8.499     8.235     1.000     0.0691      0.0000      0.0000      0.0000
750     E         D            4           GLY           31.30           588    545      0     8.499     8.235     1.000     0.0690      0.0000      0.0000      0.0000
751     E         D            5           LEU           30.18           588    545      0     8.499     8.235     1.000     0.0700      0.0000      0.0000      0.0000
752     E         D            6           LEU           28.57           588    545      0     8.499     8.235     1.000     0.0701      0.0000      0.0000      0.0000
753     E         D            7           CYS           30.75           588    545      0     8.499     8.235     1.000     0.0705      0.0000      0.0000      0.0000
754     E         D            8           CYS           29.82           588    545      0     8.499     8.235     1.000     0.0713      0.0000      0.0000      0.0000
755     E         D            9           ALA           32.18           588    545      0     8.499     8.235     1.000     0.0722      0.0000      0.0000      0.0000
756     E         D           10           ALA           31.95           588    545      0     8.499     8.235     1.000     0.0720      0.0000      0.0000      0.0000
757     E         D           11           LEU           28.39           588    545      0     8.499     8.235     1.000     0.0725      0.0000      0.0000      0.0000
758     E         D           12           SER           29.18           588    545      0     8.499     8.235     1.000     0.0737      0.0000      0.0000      0.0000
759     E         D           13           LEU           27.05           588    545      0     8.499     8.235     1.000     0.0736      0.0000      0.0000      0.0000
760     E         D           14           LEU           29.00           588    545      0     8.499     8.235     1.000     0.0745      0.0000      0.0000      0.0000
761     E         D           15           TRP           29.38           588    545      0     8.499     8.235     1.000     0.0760      0.0000      0.0000      0.0000
762     E         D           16           ALA           33.66           588    545      0     8.499     8.235     1.000     0.0767      0.0000      0.0000      0.0000
763     E         D           17           GLY           32.83           588    545      0     8.499     8.235     1.000     0.0780      0.0000      0.0000      0.0000
764     E         D           18           PRO           31.83           588    545      0     8.499     8.235     1.000     0.0796      0.0000      0.0000      0.0000
765     E         D           19           VAL           38.60           588    545      0     8.499     8.235     1.000     0.0827      0.0000      0.0000      0.0000
766     E         D           20           ASN           45.30           588    545      0     8.499     8.235     1.000     0.0846      0.0000      0.0000      0.0000
767     E         D           21           ALA           56.86           588    545      0     8.499     8.235     1.000     0.0955      0.0000      0.0000      0.0000
768     E         D           22           GLY           86.93           588    545      2     8.499     8.235     1.000     0.1499      0.4778      0.4621      0.0126
769     E         D           23           VAL           95.53           588    545    206     8.499     8.235     5.341     0.5726      0.6780      0.6647      0.4672
770     E         D           24           THR           96.33           588    545    227     8.499     8.235     5.594     0.6185      0.7021      0.6897      0.5213
771     E         D           25           GLN           96.66           588    545    228     8.499     8.235     5.605     0.6196      0.7018      0.6894      0.5221
772     E         D           26           THR           95.55           588    545    210     8.499     8.235     5.391     0.5513      0.6421      0.6281      0.4300
773     E         D           27           PRO           95.67           588    545    207     8.499     8.235     5.354     0.5449      0.6379      0.6237      0.4199
774     E         D           28           LYS           95.45           588    545    228     8.499     8.235     5.605     0.6411      0.7269      0.7150      0.5509
775     E         D           29           PHE           96.54           588    545    232     8.499     8.235     5.651     0.6694      0.7524      0.7413      0.5891
776     E         D           30           GLN           96.84           588    545    233     8.499     8.235     5.663     0.6521      0.7302      0.7184      0.5594
777     E         D           31           VAL           96.21           588    545    235     8.499     8.235     5.686     0.6641      0.7391      0.7276      0.5723
778     E         D           32           LEU           95.53           588    545    232     8.499     8.235     5.651     0.6482      0.7266      0.7146      0.5530
779     E         D           33           LYS           95.00           588    545    230     8.499     8.235     5.629     0.6077      0.6814      0.6681      0.4926
780     E         D           34           THR           95.53           588    545    228     8.499     8.235     5.605     0.5956      0.6711      0.6576      0.4785
781     E         D           35           GLY           95.17           588    545    200     8.499     8.235     5.266     0.4649      0.5466      0.5312      0.3202
782     E         D           36           GLN           93.93           588    545    203     8.499     8.235     5.304     0.5055      0.5951      0.5801      0.3694
783     E         D           37           SER           94.74           588    545    201     8.499     8.235     5.278     0.5075      0.5996      0.5848      0.3735
784     E         D           38           MET           95.73           588    545    201     8.499     8.235     5.278     0.5000      0.5925      0.5777      0.3676
785     E         D           39           THR           96.99           588    545    230     8.499     8.235     5.629     0.6330      0.7121      0.6999      0.5357
786     E         D           40           LEU           97.33           588    545    234     8.499     8.235     5.674     0.6702      0.7488      0.7377      0.5872
787     E         D           41           GLN           97.15           588    545    231     8.499     8.235     5.640     0.6375      0.7159      0.7037      0.5404
788     E         D           42           CYS           97.18           588    545    231     8.499     8.235     5.640     0.6501      0.7319      0.7204      0.5646
789     E         D           43           ALA           96.95           588    545    230     8.499     8.235     5.629     0.6155      0.6928      0.6801      0.5123
790     E         D           44           GLN           96.06           588    545    208     8.499     8.235     5.366     0.5636      0.6618      0.6483      0.4523
791     E         D           45           ASP           93.39           588    545    192     8.499     8.235     5.162     0.5089      0.6151      0.6009      0.3838
792     E         D           46           MET           91.86           588    545    202     8.499     8.235     5.291     0.5532      0.6610      0.6477      0.4479
793     E         D           47           ASN           89.45           588    545    202     8.499     8.235     5.291     0.5496      0.6549      0.6415      0.4409
794     E         D           48           HIS           90.49           588    545    210     8.499     8.235     5.391     0.6027      0.7092      0.6972      0.5179
795     E         D           49           GLU           87.63           588    545    216     8.499     8.235     5.464     0.6046      0.7037      0.6915      0.5169
796     E         D           50           TYR           91.80           588    545    229     8.499     8.235     5.617     0.6589      0.7475      0.7367      0.5874
797     E         D           51           MET           94.15           588    545    231     8.499     8.235     5.640     0.6806      0.7670      0.7568      0.6156
798     E         D           52           SER           95.33           588    545    227     8.499     8.235     5.594     0.6466      0.7358      0.7245      0.5682
799     E         D           53           TRP           96.67           588    545    237     8.499     8.235     5.708     0.7242      0.8049      0.7960      0.6743
800     E         D           54           TYR           96.66           588    545    237     8.499     8.235     5.708     0.7268      0.8078      0.7990      0.6783
801     E         D           55           ARG           96.41           588    545    231     8.499     8.235     5.640     0.6946      0.7838      0.7741      0.6384
802     E         D           56           GLN           96.34           588    545    227     8.499     8.235     5.594     0.6741      0.7694      0.7592      0.6144
803     E         D           57           ASP           94.72           588    545    216     8.499     8.235     5.464     0.6385      0.7485      0.7374      0.5712
804     E         D           58           PRO           90.85           588    545    203     8.499     8.235     5.304     0.5337      0.6487      0.6351      0.4338
805     E         D           59           GLY           87.35           588    545    169     8.499     8.235     4.847     0.4670      0.6099      0.5958      0.3559
806     E         D           60           MET           88.54           588    545    155     8.499     8.235     4.639     0.4461      0.6067      0.5927      0.3371
807     E         D           61           GLY           88.87           588    545    149     8.499     8.235     4.545     0.4542      0.6297      0.6161      0.3542
808     E         D           62           LEU           93.86           588    545    206     8.499     8.235     5.341     0.6199      0.7454      0.7343      0.5603
809     E         D           63           ARG           94.91           588    545    230     8.499     8.235     5.629     0.6985      0.7898      0.7804      0.6476
810     E         D           64           LEU           94.16           588    545    232     8.499     8.235     5.651     0.6944      0.7807      0.7710      0.6365
811     E         D           65           ILE           95.59           588    545    233     8.499     8.235     5.663     0.6976      0.7814      0.7717      0.6369
812     E         D           66           HIS           95.04           588    545    228     8.499     8.235     5.605     0.6529      0.7403      0.7292      0.5759
813     E         D           67           TYR           93.07           588    545    231     8.499     8.235     5.640     0.6619      0.7458      0.7349      0.5865
814     E         D           68           SER           92.10           588    545    220     8.499     8.235     5.511     0.6273      0.7228      0.7112      0.5457
815     E         D           69           VAL           85.39           588    545    205     8.499     8.235     5.329     0.5846      0.6974      0.6849      0.4948
816     E         D           70           GLY           84.28           588    545    179     8.499     8.235     4.987     0.5008      0.6301      0.6163      0.3888
817     E         D           71           ALA           84.00           588    545    183     8.499     8.235     5.042     0.4946      0.6115      0.5973      0.3718
818     E         D           72           GLY           81.95           588    545    142     8.499     8.235     4.433     0.4367      0.5809      0.5662      0.2859
819     E         D           73           ILE           83.02           588    545    191     8.499     8.235     5.149     0.5112      0.6271      0.6132      0.3981
820     E         D           74           THR           87.54           588    545    202     8.499     8.235     5.291     0.5479      0.6560      0.6426      0.4430
821     E         D           75           ASP           87.57           588    545    203     8.499     8.235     5.304     0.5596      0.6750      0.6621      0.4666
822     E         D           76           GLN           90.39           588    545    203     8.499     8.235     5.304     0.5546      0.6680      0.6548      0.4577
823     E         D           77           GLY           90.02           588    545    197     8.499     8.235     5.227     0.5204      0.6340      0.6202      0.4136
824     E         D           78           GLU           90.49           588    545    204     8.499     8.235     5.316     0.5463      0.6545      0.6411      0.4440
825     E         D           79           VAL           93.28           588    545    204     8.499     8.235     5.316     0.5711      0.6819      0.6690      0.4748
826     E         D           80           PRO           93.62           588    545    197     8.499     8.235     5.227     0.5308      0.6459      0.6323      0.4255
827     E         D           81           ASN           93.92           588    545    182     8.499     8.235     5.029     0.4900      0.6117      0.5976      0.3720
828     E         D           82           GLY           94.45           588    545    196     8.499     8.235     5.214     0.4873      0.5832      0.5685      0.3558
829     E         D           83           TYR           96.62           588    545    225     8.499     8.235     5.570     0.6182      0.7027      0.6903      0.5197
830     E         D           84           ASN           96.01           588    545    205     8.499     8.235     5.329     0.5303      0.6255      0.6113      0.4071
831     E         D           85           VAL           95.44           588    545    199     8.499     8.235     5.253     0.5238      0.6276      0.6134      0.4034
832     E         D           86           SER           93.44           588    545    150     8.499     8.235     4.561     0.4376      0.5716      0.5567      0.2884
833     E         D           87           ARG           93.53           588    545    184     8.499     8.235     5.056     0.4892      0.5997      0.5852      0.3588
834     E         D           88           SER           91.78           588    545    168     8.499     8.235     4.832     0.4498      0.5613      0.5463      0.3019
835     E         D           89           THR           91.36           588    545    188     8.499     8.235     5.109     0.5030      0.6107      0.5963      0.3739
836     E         D           90           THR           91.22           588    545    210     8.499     8.235     5.391     0.5777      0.6759      0.6628      0.4713
837     E         D           91           GLU           94.43           588    545    210     8.499     8.235     5.391     0.5648      0.6600      0.6464      0.4512
838     E         D           92           ASP           96.01           588    545    216     8.499     8.235     5.464     0.5825      0.6717      0.6584      0.4711
839     E         D           93           PHE           96.87           588    545    233     8.499     8.235     5.663     0.6559      0.7342      0.7228      0.5701
840     E         D           94           PRO           97.25           588    545    230     8.499     8.235     5.629     0.6301      0.7078      0.6955      0.5302
841     E         D           95           LEU           97.57           588    545    232     8.499     8.235     5.651     0.6647      0.7458      0.7346      0.5824
842     E         D           96           ARG           97.06           588    545    217     8.499     8.235     5.476     0.5839      0.6723      0.6590      0.4734
843     E         D           97           LEU           96.19           588    545    206     8.499     8.235     5.341     0.5426      0.6358      0.6215      0.4164
844     E         D           98           LEU           92.51           588    545    134     8.499     8.235     4.299     0.4031      0.5257      0.5104      0.2274
845     E         D           99           SER           95.73           588    545    195     8.499     8.235     5.201     0.4563      0.5397      0.5242      0.3087
846     E         D          100           ALA           95.99           588    545    206     8.499     8.235     5.341     0.5418      0.6362      0.6219      0.4148
847     E         D          101           ALA           96.49           588    545    213     8.499     8.235     5.427     0.5874      0.6841      0.6709      0.4788
848     E         D          102           PRO           95.68           588    545    228     8.499     8.235     5.605     0.6333      0.7159      0.7037      0.5368
849     E         D          103           SER           96.16           588    545    227     8.499     8.235     5.594     0.6404      0.7279      0.7161      0.5530
850     E         D          104           GLN           96.62           588    545    233     8.499     8.235     5.663     0.6759      0.7569      0.7460      0.5977
851     E         D          105           THR           96.17           588    545    234     8.499     8.235     5.674     0.6970      0.7792      0.7692      0.6297
852     E         D          106           SER           96.57           588    545    230     8.499     8.235     5.629     0.6652      0.7518      0.7410      0.5906
853     E         D          107           VAL           96.96           588    545    236     8.499     8.235     5.697     0.7084      0.7891      0.7796      0.6486
854     E         D          108           TYR           97.58           588    545    241     8.499     8.235     5.753     0.7366      0.8112      0.8025      0.6858
855     E         D          109           PHE           97.15           588    545    235     8.499     8.235     5.686     0.7197      0.8046      0.7956      0.6715
856     E         D          110           CYS           96.82           588    545    228     8.499     8.235     5.605     0.6649      0.7539      0.7432      0.5933
857     E         D          111           ALA           95.75           588    545    228     8.499     8.235     5.605     0.6573      0.7462      0.7353      0.5841
858     E         D          112           SER           94.61           588    545    205     8.499     8.235     5.329     0.5896      0.7023      0.6900      0.5020
859     E         D          113           GLN           91.95           588    545    201     8.499     8.235     5.278     0.5525      0.6664      0.6534      0.4565
860     E         D          114           LYS           87.68           588    545    199     8.499     8.235     5.253     0.5611      0.6789      0.6663      0.4705
861     E         D          115           SER           83.07           588    545    122     8.499     8.235     4.087     0.4111      0.5954      0.5808      0.2683
862     E         D          116           GLY           80.50           588    545    108     8.499     8.235     3.818     0.3838      0.5933      0.5787      0.2415
863     E         D          117           SER           85.22           588    545    156     8.499     8.235     4.654     0.4751      0.6378      0.6242      0.3680
864     E         D          118           SER           83.42           588    545    163     8.499     8.235     4.759     0.4875      0.6454      0.6320      0.3880
865     E         D          119           TYR           86.96           588    545    191     8.499     8.235     5.149     0.5491      0.6810      0.6686      0.4683
866     E         D          120           ASN           87.76           588    545    200     8.499     8.235     5.266     0.5817      0.7057      0.6937      0.5056
867     E         D          121           GLU           89.50           588    545    204     8.499     8.235     5.316     0.5934      0.7133      0.7016      0.5212
868     E         D          122           GLN           92.94           588    545    215     8.499     8.235     5.452     0.6235      0.7300      0.7188      0.5547
869     E         D          123           PHE           95.18           588    545    230     8.499     8.235     5.629     0.6953      0.7865      0.7770      0.6428
870     E         D          124           PHE           96.18           588    545    232     8.499     8.235     5.651     0.6950      0.7833      0.7737      0.6404
871     E         D          125           GLY           96.11           588    545    227     8.499     8.235     5.594     0.6320      0.7185      0.7069      0.5473
872     E         D          126           PRO           95.59           588    545    225     8.499     8.235     5.570     0.6257      0.7146      0.7026      0.5369
873     E         D          127           GLY           96.31           588    545    214     8.499     8.235     5.439     0.5980      0.6973      0.6847      0.5024
874     E         D          128           THR           96.96           588    545    233     8.499     8.235     5.663     0.6779      0.7599      0.7491      0.6022
875     E         D          129           ARG           96.83           588    545    231     8.499     8.235     5.640     0.6640      0.7481      0.7369      0.5831
876     E         D          130           LEU           97.16           588    545    234     8.499     8.235     5.674     0.6908      0.7723      0.7619      0.6191
877     E         D          131           THR           96.42           588    545    237     8.499     8.235     5.708     0.6995      0.7769      0.7666      0.6275
878     E         D          132           VAL           96.51           588    545    237     8.499     8.235     5.708     0.6944      0.7703      0.7598      0.6175
879     E         D          133           LEU           95.40           588    545    230     8.499     8.235     5.629     0.6241      0.7023      0.6897      0.5201
880     E         D          134           GLU           94.08           588    545    208     8.499     8.235     5.366     0.5413      0.6315      0.6170      0.4117
881     E         D          135           ASP           92.21           588    545    172     8.499     8.235     4.889     0.4318      0.5181      0.5026      0.2653
882     E         D          136           LEU           93.45           588    545    227     8.499     8.235     5.594     0.5389      0.6038      0.5890      0.4034
883     E         D          137           LYS           93.45           588    545    215     8.499     8.235     5.452     0.5014      0.5691      0.5541      0.3584
884     E         D          138           ASN           93.35           588    545    225     8.499     8.235     5.570     0.5322      0.6004      0.5857      0.4003
885     E         D          139           VAL           95.58           588    545    239     8.499     8.235     5.731     0.6533      0.7191      0.7069      0.5490
886     E         D          140           PHE           96.31           588    545    238     8.499     8.235     5.720     0.6537      0.7207      0.7085      0.5503
887     E         D          141           PRO           96.27           588    545    239     8.499     8.235     5.731     0.6346      0.6971      0.6843      0.5227
888     E         D          142           PRO           96.60           588    545    236     8.499     8.235     5.697     0.6323      0.6990      0.6863      0.5216
889     E         D          143           GLU           94.68           588    545    240     8.499     8.235     5.742     0.6546      0.7187      0.7066      0.5522
890     E         D          144           VAL           94.81           588    545    241     8.499     8.235     5.753     0.6888      0.7555      0.7445      0.6005
891     E         D          145           ALA           93.61           588    545    239     8.499     8.235     5.731     0.6554      0.7218      0.7099      0.5570
892     E         D          146           VAL           94.30           588    545    240     8.499     8.235     5.742     0.6893      0.7580      0.7470      0.6040
893     E         D          147           PHE           94.73           588    545    242     8.499     8.235     5.764     0.7138      0.7817      0.7716      0.6383
894     E         D          148           GLU           93.01           588    545    237     8.499     8.235     5.708     0.6252      0.6902      0.6778      0.5207
895     E         D          149           PRO           92.72           588    545    234     8.499     8.235     5.674     0.6137      0.6809      0.6682      0.5064
896     E         D          150           SER           90.63           588    545    208     8.499     8.235     5.366     0.5689      0.6606      0.6475      0.4573
897     E         D          151           GLU           89.54           588    545    212     8.499     8.235     5.415     0.5740      0.6619      0.6488      0.4627
898     E         D          152           ALA           89.57           588    545    231     8.499     8.235     5.640     0.6065      0.6763      0.6635      0.4986
899     E         D          153           GLU           92.02           588    545    240     8.499     8.235     5.742     0.6424      0.7049      0.6928      0.5410
900     E         D          154           ILE           91.01           588    545    239     8.499     8.235     5.731     0.6390      0.7029      0.6907      0.5365
901     E         D          155           SER           89.74           588    545    213     8.499     8.235     5.427     0.5765      0.6637      0.6505      0.4646
902     E         D          156           HIS           89.89           588    545    217     8.499     8.235     5.476     0.5791      0.6614      0.6482      0.4664
903     E         D          157           THR           90.04           588    545    180     8.499     8.235     5.001     0.5175      0.6355      0.6217      0.3944
904     E         D          158           GLN           91.93           588    545    214     8.499     8.235     5.439     0.5780      0.6636      0.6505      0.4650
905     E         D          159           LYS           93.18           588    545    237     8.499     8.235     5.708     0.6394      0.7071      0.6949      0.5398
906     E         D          160           ALA           94.07           588    545    238     8.499     8.235     5.720     0.6629      0.7318      0.7203      0.5716
907     E         D          161           THR           95.18           588    545    241     8.499     8.235     5.753     0.7035      0.7721      0.7617      0.6255
908     E         D          162           LEU           95.66           588    545    244     8.499     8.235     5.786     0.7269      0.7929      0.7833      0.6569
909     E         D          163           VAL           95.95           588    545    243     8.499     8.235     5.775     0.7335      0.8020      0.7927      0.6687
910     E         D          164           CYS           95.89           588    545    243     8.499     8.235     5.775     0.7181      0.7851      0.7752      0.6447
911     E         D          165           LEU           95.14           588    545    240     8.499     8.235     5.742     0.6938      0.7636      0.7530      0.6129
912     E         D          166           ALA           96.09           588    545    242     8.499     8.235     5.764     0.7084      0.7762      0.7659      0.6311
913     E         D          167           THR           94.79           588    545    237     8.499     8.235     5.708     0.6627      0.7338      0.7221      0.5698
914     E         D          168           GLY           94.69           588    545    232     8.499     8.235     5.651     0.6020      0.6712      0.6581      0.4898
915     E         D          169           PHE           96.71           588    545    238     8.499     8.235     5.720     0.6940      0.7671      0.7564      0.6127
916     E         D          170           TYR           96.59           588    545    237     8.499     8.235     5.708     0.6648      0.7362      0.7245      0.5702
917     E         D          171           PRO           95.85           588    545    230     8.499     8.235     5.629     0.5995      0.6721      0.6587      0.4837
918     E         D          172           ASP           94.73           588    545    227     8.499     8.235     5.594     0.5710      0.6459      0.6320      0.4514
919     E         D          173           HIS           96.17           588    545    232     8.499     8.235     5.651     0.6103      0.6831      0.6699      0.4981
920     E         D          174           VAL           96.56           588    545    238     8.499     8.235     5.720     0.6662      0.7365      0.7248      0.5711
921     E         D          175           GLU           96.63           588    545    240     8.499     8.235     5.742     0.6916      0.7611      0.7502      0.6060
922     E         D          176           LEU           96.83           588    545    242     8.499     8.235     5.764     0.7041      0.7713      0.7608      0.6219
923     E         D          177           SER           96.96           588    545    241     8.499     8.235     5.753     0.6907      0.7579      0.7468      0.6019
924     E         D          178           TRP           97.37           588    545    246     8.499     8.235     5.808     0.7313      0.7944      0.7848      0.6590
925     E         D          179           TRP           97.27           588    545    248     8.499     8.235     5.830     0.7210      0.7792      0.7689      0.6376
926     E         D          180           VAL           96.53           588    545    243     8.499     8.235     5.775     0.6842      0.7461      0.7346      0.5871
927     E         D          181           ASN           95.54           588    545    240     8.499     8.235     5.742     0.6193      0.6786      0.6654      0.5015
928     E         D          182           GLY           95.14           588    545    226     8.499     8.235     5.582     0.5340      0.5943      0.5795      0.3946
929     E         D          183           LYS           96.45           588    545    241     8.499     8.235     5.753     0.6189      0.6771      0.6638      0.4996
930     E         D          184           GLU           96.84           588    545    243     8.499     8.235     5.775     0.6833      0.7461      0.7346      0.5882
931     E         D          185           VAL           96.16           588    545    240     8.499     8.235     5.742     0.6613      0.7263      0.7143      0.5610
932     E         D          186           HIS           94.14           588    545    239     8.499     8.235     5.731     0.6687      0.7378      0.7263      0.5764
933     E         D          187           SER           93.27           588    545    234     8.499     8.235     5.674     0.6140      0.6834      0.6706      0.5064
934     E         D          188           GLY           93.91           588    545    227     8.499     8.235     5.594     0.5974      0.6744      0.6615      0.4921
935     E         D          189           VAL           95.88           588    545    238     8.499     8.235     5.720     0.6942      0.7679      0.7574      0.6173
936     E         D          190           SER           95.45           588    545    236     8.499     8.235     5.697     0.6821      0.7589      0.7480      0.6030
937     E         D          191           THR           95.17           588    545    241     8.499     8.235     5.753     0.7234      0.7957      0.7862      0.6587
938     E         D          192           ASP           94.60           588    545    239     8.499     8.235     5.731     0.7134      0.7884      0.7786      0.6463
939     E         D          193           PRO           92.01           588    545    230     8.499     8.235     5.629     0.6741      0.7628      0.7520      0.6017
940     E         D          194           GLN           91.94           588    545    228     8.499     8.235     5.605     0.6519      0.7406      0.7292      0.5709
941     E         D          195           PRO           94.21           588    545    231     8.499     8.235     5.640     0.6648      0.7477      0.7365      0.5827
942     E         D          196           LEU           93.06           588    545    230     8.499     8.235     5.629     0.6510      0.7340      0.7224      0.5637
943     E         D          197           LYS           92.55           588    545    232     8.499     8.235     5.651     0.6628      0.7442      0.7329      0.5782
944     E         D          198           GLU           91.28           588    545    226     8.499     8.235     5.582     0.5947      0.6741      0.6610      0.4868
945     E         D          199           GLN           89.49           588    545    176     8.499     8.235     4.946     0.4854      0.5965      0.5820      0.3480
946     E         D          200           PRO           86.84           588    545    142     8.499     8.235     4.433     0.4270      0.5602      0.5452      0.2685
947     E         D          201           ALA           87.26           588    545    119     8.499     8.235     4.031     0.3915      0.5472      0.5322      0.2245
948     E         D          202           LEU           87.40           588    545    102     8.499     8.235     3.694     0.3693      0.5162      0.5009      0.1740
949     E         D          203           ASN           85.48           588    545    107     8.499     8.235     3.798     0.3729      0.5172      0.5017      0.1811
950     E         D          204           ASP           88.24           588    545    114     8.499     8.235     3.936     0.3876      0.5304      0.5150      0.2006
951     E         D          205           SER           92.39           588    545    207     8.499     8.235     5.354     0.5083      0.5873      0.5725      0.3698
952     E         D          206           ARG           95.31           588    545    236     8.499     8.235     5.697     0.6565      0.7277      0.7159      0.5602
953     E         D          207           TYR           96.18           588    545    239     8.499     8.235     5.731     0.7195      0.7953      0.7857      0.6545
954     E         D          208           CYS           95.61           588    545    239     8.499     8.235     5.731     0.6977      0.7702      0.7597      0.6207
955     E         D          209           LEU           96.60           588    545    241     8.499     8.235     5.753     0.7250      0.7977      0.7882      0.6610
956     E         D          210           SER           96.26           588    545    239     8.499     8.235     5.731     0.7078      0.7818      0.7718      0.6372
957     E         D          211           SER           96.71           588    545    241     8.499     8.235     5.753     0.7234      0.7954      0.7859      0.6581
958     E         D          212           ARG           96.25           588    545    239     8.499     8.235     5.731     0.7028      0.7758      0.7655      0.6284
959     E         D          213           LEU           96.48           588    545    247     8.499     8.235     5.819     0.7352      0.7966      0.7872      0.6651
960     E         D          214           ARG           96.10           588    545    242     8.499     8.235     5.764     0.7027      0.7697      0.7593      0.6231
961     E         D          215           VAL           95.25           588    545    242     8.499     8.235     5.764     0.6901      0.7558      0.7449      0.6045
962     E         D          216           SER           94.18           588    545    240     8.499     8.235     5.742     0.6497      0.7130      0.7008      0.5472
963     E         D          217           ALA           92.51           588    545    240     8.499     8.235     5.742     0.6389      0.7011      0.6887      0.5335
964     E         D          218           THR           91.97           588    545    239     8.499     8.235     5.731     0.6126      0.6726      0.6595      0.4976
965     E         D          219           PHE           93.80           588    545    246     8.499     8.235     5.808     0.6771      0.7340      0.7223      0.5767
966     E         D          220           TRP           93.59           588    545    246     8.499     8.235     5.808     0.6855      0.7428      0.7314      0.5875
967     E         D          221           GLN           90.87           588    545    245     8.499     8.235     5.797     0.6371      0.6909      0.6782      0.5243
968     E         D          222           ASN           91.57           588    545    237     8.499     8.235     5.708     0.5940      0.6521      0.6385      0.4706
969     E         D          223           PRO           89.96           588    545    205     8.499     8.235     5.329     0.5350      0.6178      0.6035      0.3993
970     E         D          224           ARG           90.49           588    545    215     8.499     8.235     5.452     0.5346      0.6047      0.5901      0.3953
971     E         D          225           ASN           93.63           588    545    243     8.499     8.235     5.775     0.6085      0.6614      0.6479      0.4849
972     E         D          226           HIS           95.57           588    545    246     8.499     8.235     5.808     0.6683      0.7243      0.7122      0.5625
973     E         D          227           PHE           96.00           588    545    246     8.499     8.235     5.808     0.7117      0.7720      0.7614      0.6254
974     E         D          228           ARG           96.40           588    545    246     8.499     8.235     5.808     0.6988      0.7578      0.7467      0.6058
975     E         D          229           CYS           96.35           588    545    246     8.499     8.235     5.808     0.7020      0.7615      0.7506      0.6110
976     E         D          230           GLN           97.41           588    545    244     8.499     8.235     5.786     0.6989      0.7617      0.7508      0.6097
977     E         D          231           VAL           97.26           588    545    245     8.499     8.235     5.797     0.7177      0.7807      0.7704      0.6370
978     E         D          232           GLN           97.56           588    545    243     8.499     8.235     5.775     0.7065      0.7722      0.7617      0.6231
979     E         D          233           PHE           97.31           588    545    245     8.499     8.235     5.797     0.7111      0.7740      0.7636      0.6279
980     E         D          234           TYR           96.67           588    545    241     8.499     8.235     5.753     0.6923      0.7608      0.7499      0.6054
981     E         D          235           GLY           94.41           588    545    227     8.499     8.235     5.594     0.5272      0.5918      0.5770      0.3935
982     E         D          236           LEU           94.25           588    545    228     8.499     8.235     5.605     0.5479      0.6138      0.5992      0.4156
983     E         D          237           SER           91.46           588    545    167     8.499     8.235     4.818     0.4223      0.5179      0.5024      0.2602
984     E         D          238           GLU           89.06           588    545    102     8.499     8.235     3.694     0.3686      0.4848      0.4693      0.1533
985     E         D          239           ASN           88.43           588    545     17     8.499     8.235     1.000     0.3045      0.4713      0.4557      0.0124
986     E         D          240           ASP           89.47           588    545     25     8.499     8.235     1.000     0.3234      0.4641      0.4485      0.0120
987     E         D          241           GLU           88.90           588    545     19     8.499     8.235     1.000     0.2993      0.4572      0.4416      0.0116
988     E         D          242           TRP           92.02           588    545     81     8.499     8.235     3.211     0.3624      0.4663      0.4507      0.1117
989     E         D          243           THR           90.22           588    545      4     8.499     8.235     1.000     0.2650      0.4449      0.4294      0.0110
990     E         D          244           GLN           90.40           588    545      9     8.499     8.235     1.000     0.2819      0.4403      0.4248      0.0108
991     E         D          245           ASP           92.05           588    545     12     8.499     8.235     1.000     0.2685      0.4494      0.4338      0.0112
992     E         D          246           ARG           92.43           588    545     47     8.499     8.235     2.137     0.3373      0.4715      0.4559      0.0539
993     E         D          247           ALA           93.26           588    545    154     8.499     8.235     4.623     0.4172      0.4984      0.4828      0.2297
994     E         D          248           LYS           94.25           588    545    227     8.499     8.235     5.594     0.4940      0.5486      0.5333      0.3489
995     E         D          249           PRO           94.34           588    545    193     8.499     8.235     5.175     0.4526      0.5208      0.5052      0.2902
996     E         D          250           VAL           93.64           588    545    220     8.499     8.235     5.511     0.4889      0.5480      0.5326      0.3419
997     E         D          251           THR           94.49           588    545    236     8.499     8.235     5.697     0.5842      0.6440      0.6298      0.4547
998     E         D          252           GLN           95.79           588    545    235     8.499     8.235     5.686     0.5664      0.6244      0.6100      0.4334
999     E         D          253           ILE           95.49           588    545    239     8.499     8.235     5.731     0.6224      0.6839      0.6706      0.5047
1000    E         D          254           VAL           94.77           588    545    238     8.499     8.235     5.720     0.6094      0.6696      0.6560      0.4877
1001    E         D          255           SER           93.33           588    545    215     8.499     8.235     5.452     0.5300      0.6003      0.5856      0.3900
1002    E         D          256           ALA           92.23           588    545    230     8.499     8.235     5.629     0.5467      0.6058      0.5912      0.4112
1003    E         D          257           GLU           92.70           588    545    187     8.499     8.235     5.096     0.4921      0.5839      0.5690      0.3439
1004    E         D          258           ALA           91.63           588    545    209     8.499     8.235     5.378     0.5187      0.5917      0.5769      0.3754
1005    E         D          259           TRP           91.72           588    545    225     8.499     8.235     5.570     0.5574      0.6213      0.6070      0.4233
1006    E         D          260           GLY           87.92           588    545    163     8.499     8.235     4.759     0.4594      0.5641      0.5490      0.2969
1007    E         D          261           ARG           87.70           588    545     75     8.499     8.235     3.054     0.3494      0.5274      0.5122      0.1331
1008    E         D          262           ALA           80.26           588    545     40     8.499     8.235     1.826     0.3014      0.5263      0.5110      0.0519
1009    E         D          263           ASP           77.39           588    545     23     8.499     8.235     1.000     0.2501      0.5542      0.5391      0.0187
1010    E         D          264           CYS           78.70           588    545     20     8.499     8.235     1.000     0.2326      0.5589      0.5441      0.0203
1011    E         D          265           GLY           69.92           588    545     14     8.499     8.235     1.000     0.2038      0.5481      0.5329      0.0176
1012    E         D          266           PHE           70.19           588    545     22     8.499     8.235     1.000     0.2364      0.5646      0.5497      0.0200
1013    E         D          267           THR           75.56           588    545     37     8.499     8.235     1.675     0.2762      0.5761      0.5614      0.0565
1014    E         D          268           SER           73.36           588    545     36     8.499     8.235     1.621     0.2767      0.5923      0.5775      0.0549
1015    E         D          269           GLU           76.41           588    545     46     8.499     8.235     2.095     0.3046      0.5993      0.5849      0.0939
1016    E         D          270           SER           77.61           588    545     41     8.499     8.235     1.873     0.3062      0.6149      0.6004      0.0777
1017    E         D          271           TYR           79.73           588    545     59     8.499     8.235     2.578     0.3432      0.5931      0.5787      0.1323
1018    E         D          272           GLN           77.42           588    545     49     8.499     8.235     2.217     0.3250      0.6287      0.6145      0.1132
1019    E         D          273           GLN           76.34           588    545     48     8.499     8.235     2.177     0.3260      0.6502      0.6363      0.1191
1020    E         D          274           GLY           77.13           588    545     46     8.499     8.235     2.095     0.3146      0.6410      0.6269      0.1083
1021    E         D          275           VAL           82.80           588    545     57     8.499     8.235     2.510     0.3382      0.6302      0.6163      0.1460
1022    E         D          276           LEU           79.94           588    545     49     8.499     8.235     2.217     0.3251      0.6814      0.6681      0.1403
1023    E         D          277           SER           80.23           588    545     48     8.499     8.235     2.177     0.3097      0.6644      0.6507      0.1260
1024    E         D          278           ALA           80.99           588    545     48     8.499     8.235     2.177     0.3128      0.6681      0.6546      0.1303
1025    E         D          279           THR           85.14           588    545     48     8.499     8.235     2.177     0.3148      0.6876      0.6744      0.1386
1026    E         D          280           ILE           83.89           588    545     48     8.499     8.235     2.177     0.3143      0.7136      0.7012      0.1576
1027    E         D          281           LEU           83.70           588    545     48     8.499     8.235     2.177     0.3027      0.6872      0.6742      0.1417
1028    E         D          282           TYR           82.48           588    545     48     8.499     8.235     2.177     0.3115      0.7091      0.6965      0.1540
1029    E         D          283           GLU           84.42           588    545     48     8.499     8.235     2.177     0.3073      0.7365      0.7248      0.1803
1030    E         D          284           ILE           82.98           588    545     48     8.499     8.235     2.177     0.3034      0.7212      0.7091      0.1671
1031    E         D          285           LEU           82.87           588    545     48     8.499     8.235     2.177     0.2975      0.7152      0.7030      0.1646
1032    E         D          286           LEU           84.13           588    545     48     8.499     8.235     2.177     0.2899      0.6955      0.6828      0.1508
1033    E         D          287           GLY           84.55           588    545     47     8.499     8.235     2.137     0.2911      0.7281      0.7165      0.1766
1034    E         D          288           LYS           83.26           588    545     46     8.499     8.235     2.095     0.2821      0.7093      0.6972      0.1571
1035    E         D          289           ALA           83.11           588    545     47     8.499     8.235     2.137     0.2795      0.6998      0.6876      0.1587
1036    E         D          290           THR           87.41           588    545     45     8.499     8.235     2.053     0.2765      0.7149      0.7030      0.1568
1037    E         D          291           LEU           86.13           588    545     45     8.499     8.235     2.053     0.2815      0.7188      0.7071      0.1617
1038    E         D          292           TYR           85.61           588    545     44     8.499     8.235     2.010     0.2683      0.6952      0.6829      0.1438
1039    E         D          293           ALA           85.15           588    545     44     8.499     8.235     2.010     0.2612      0.6862      0.6737      0.1358
1040    E         D          294           VAL           90.22           588    545     41     8.499     8.235     1.873     0.2644      0.7232      0.7115      0.1396
1041    E         D          295           LEU           86.39           588    545     41     8.499     8.235     1.873     0.2633      0.7149      0.7032      0.1396
1042    E         D          296           VAL           86.39           588    545     39     8.499     8.235     1.777     0.2497      0.7044      0.6925      0.1245
1043    E         D          297           SER           88.13           588    545     38     8.499     8.235     1.726     0.2401      0.6880      0.6754      0.1050
1044    E         D          298           ALA           87.24           588    545     38     8.499     8.235     1.726     0.2406      0.6906      0.6782      0.1056
1045    E         D          299           LEU           85.14           588    545     35     8.499     8.235     1.566     0.2342      0.6849      0.6722      0.0850
1046    E         D          300           VAL           84.98           588    545     33     8.499     8.235     1.450     0.2258      0.6705      0.6575      0.0709
1047    E         D          301           LEU           86.79           588    545     33     8.499     8.235     1.450     0.2158      0.6476      0.6342      0.0620
1048    E         D          302           MET           86.01           588    545     29     8.499     8.235     1.189     0.2026      0.6436      0.6300      0.0403
1049    E         D          303           ALA           82.44           588    545     25     8.499     8.235     1.000     0.1909      0.6149      0.6006      0.0247
1050    E         D          304           MET           83.94           588    545     21     8.499     8.235     1.000     0.1765      0.5998      0.5851      0.0225
1051    E         D          305           VAL           85.79           588    545     21     8.499     8.235     1.000     0.1712      0.6029      0.5883      0.0225
1052    E         D          306           LYS           84.26           588    545     15     8.499     8.235     1.000     0.1493      0.5401      0.5246      0.0165
1053    E         D          307           ARG           82.26           588    545      8     8.499     8.235     1.000     0.1352      0.5004      0.4847      0.0139
1054    E         D          308           LYS           80.47           588    545      7     8.499     8.235     1.000     0.1291      0.5043      0.4886      0.0141
1055    E         D          309           ASP           81.08           588    545      5     8.499     8.235     1.000     0.1233      0.4623      0.4467      0.0118
1056    E         D          310           SER           79.05           588    545      0     8.499     8.235     1.000     0.1068      0.0000      0.0000      0.0000
1057    E         D          311           ARG           71.20           588    545      0     8.499     8.235     1.000     0.0929      0.0000      0.0000      0.0000
1058    E         D          312           GLY           54.19           588    545      0     8.499     8.235     1.000     0.0793      0.0000      0.0000      0.0000
