pdb_id,chain_from,chain_to,residue_from,residue_to,resid_from,resid_to,atom_from,atom_to,dist
tcr_18_4,D,A,E,D,17,85,N,OD2,9.945763
tcr_18_4,D,A,E,D,17,85,CA,OD1,9.864002
tcr_18_4,D,A,E,D,17,85,CA,OD2,8.726274
tcr_18_4,D,A,E,D,17,85,CA,CG,9.526172
tcr_18_4,D,A,E,D,17,85,C,OD2,9.259886
tcr_18_4,D,A,E,D,17,85,CB,OD1,9.262643
tcr_18_4,D,A,E,D,17,85,CB,OD2,8.396125
tcr_18_4,D,A,E,D,17,85,CB,CG,9.027221
tcr_18_4,D,A,E,D,17,85,CB,CB,9.7766
tcr_18_4,D,A,E,Q,17,89,CB,NE2,9.723858
tcr_18_4,D,A,E,D,17,85,CG,OD1,8.526576
tcr_18_4,D,A,E,D,17,85,CG,OD2,7.922202
tcr_18_4,D,A,E,R,17,68,CG,NH1,8.849576
tcr_18_4,D,A,E,D,17,85,CG,CG,8.480831
tcr_18_4,D,A,E,D,17,85,CG,CB,9.394261
tcr_18_4,D,A,E,Q,17,89,CG,NE2,9.83616
tcr_18_4,D,A,E,R,17,68,CD,NH2,9.701004
tcr_18_4,D,A,E,D,17,85,CD,OD1,8.135345
tcr_18_4,D,A,E,D,17,85,CD,OD2,7.8839045
tcr_18_4,D,A,E,R,17,68,CD,CZ,9.443887
tcr_18_4,D,A,E,R,17,68,CD,NH1,8.246849
tcr_18_4,D,A,E,D,17,85,CD,CG,8.224228
tcr_18_4,D,A,E,D,17,85,CD,CB,9.057351
tcr_18_4,D,A,E,Q,17,89,CD,NE2,9.014528
tcr_18_4,D,A,E,R,17,68,OE1,NH2,8.797004
tcr_18_4,D,A,E,D,17,85,OE1,OD1,7.466517
tcr_18_4,D,A,E,D,17,85,OE1,OD2,7.4905796
tcr_18_4,D,A,E,R,17,68,OE1,NE,9.443801
tcr_18_4,D,A,E,R,17,68,OE1,CD,9.596176
tcr_18_4,D,A,E,R,17,68,OE1,CZ,8.432808
tcr_18_4,D,A,E,R,17,68,OE1,NH1,7.196723
tcr_18_4,D,A,E,D,17,85,OE1,CG,7.728915
tcr_18_4,D,A,E,D,17,85,OE1,CB,8.66481
tcr_18_4,D,A,E,D,17,85,OE1,CA,9.622301
tcr_18_4,D,A,E,Q,17,89,OE1,NE2,9.07103
tcr_18_4,D,A,E,K,17,92,OE1,NZ,9.31236
tcr_18_4,D,A,E,D,17,85,OE2,OD1,8.755103
tcr_18_4,D,A,E,D,17,85,OE2,OD2,8.5350065
tcr_18_4,D,A,E,R,17,68,OE2,NH1,9.00885
tcr_18_4,D,A,E,D,17,85,OE2,CG,8.795077
tcr_18_4,D,A,E,D,17,85,OE2,CB,9.455481
tcr_18_4,D,A,E,Q,17,89,OE2,NE2,8.585835
tcr_18_4,D,A,E,Q,17,89,OE2,CD,9.808117
tcr_18_4,D,A,F,D,18,85,N,OD2,9.178684
tcr_18_4,D,A,F,E,18,82,N,OE1,9.8627615
tcr_18_4,D,A,F,D,18,85,CA,OD2,9.414809
tcr_18_4,D,A,F,E,18,82,CA,CG,9.801735
tcr_18_4,D,A,F,E,18,82,CA,CD,9.924474
tcr_18_4,D,A,F,E,18,82,CA,OE1,9.130931
tcr_18_4,D,A,F,D,18,85,C,OD2,8.343016
tcr_18_4,D,A,F,E,18,82,C,CG,8.818027
tcr_18_4,D,A,F,E,18,82,C,OE2,9.975375
tcr_18_4,D,A,F,E,18,82,C,CD,8.995759
tcr_18_4,D,A,F,E,18,82,C,OE1,8.328287
tcr_18_4,D,A,F,E,18,82,C,CB,9.970358
tcr_18_4,D,A,F,D,18,85,C,CG,9.235599
tcr_18_4,D,A,F,D,18,85,C,CB,9.565657
tcr_18_4,D,A,F,Q,18,89,C,NE2,9.673516
tcr_18_4,D,A,F,D,18,85,O,OD1,9.382542
tcr_18_4,D,A,F,D,18,85,O,OD2,7.553581
tcr_18_4,D,A,F,P,18,81,O,CB,9.896231
tcr_18_4,D,A,F,P,18,81,O,C,9.906178
tcr_18_4,D,A,F,P,18,81,O,CG,9.8558
tcr_18_4,D,A,F,E,18,82,O,N,9.394881
tcr_18_4,D,A,F,E,18,82,O,CG,7.6095366
tcr_18_4,D,A,F,E,18,82,O,OE2,8.767548
tcr_18_4,D,A,F,E,18,82,O,CD,7.7760625
tcr_18_4,D,A,F,E,18,82,O,OE1,7.1183367
tcr_18_4,D,A,F,E,18,82,O,CA,9.001254
tcr_18_4,D,A,F,E,18,82,O,CB,8.786375
tcr_18_4,D,A,F,D,18,85,O,CG,8.495066
tcr_18_4,D,A,F,D,18,85,O,CB,8.7799835
tcr_18_4,D,A,F,Q,18,89,O,NE2,9.3838
tcr_18_4,D,A,F,D,18,85,CB,OD2,9.706962
tcr_18_4,D,A,F,E,18,82,CB,CG,9.385334
tcr_18_4,D,A,F,E,18,82,CB,CD,9.375245
tcr_18_4,D,A,F,E,18,82,CB,OE1,8.450201
tcr_18_4,D,A,F,E,18,82,CG,OE1,9.516367
tcr_18_4,D,A,F,E,18,82,CD1,OE1,9.925
tcr_18_4,D,A,S,D,19,85,N,OD2,8.518818
tcr_18_4,D,A,S,E,19,82,N,CG,9.497141
tcr_18_4,D,A,S,E,19,82,N,CD,9.739157
tcr_18_4,D,A,S,E,19,82,N,OE1,9.185403
tcr_18_4,D,A,S,D,19,85,N,CG,9.274221
tcr_18_4,D,A,S,D,19,85,N,CB,9.520427
tcr_18_4,D,A,S,Q,19,89,N,NE2,8.890211
tcr_18_4,D,A,S,D,19,85,CA,OD1,9.919397
tcr_18_4,D,A,S,D,19,85,CA,OD2,8.481284
tcr_18_4,D,A,S,E,19,82,CA,CG,9.278142
tcr_18_4,D,A,S,E,19,82,CA,CD,9.465865
tcr_18_4,D,A,S,E,19,82,CA,OE1,9.019606
tcr_18_4,D,A,S,D,19,85,CA,CG,9.115677
tcr_18_4,D,A,S,D,19,85,CA,CB,9.131845
tcr_18_4,D,A,S,Q,19,89,CA,NE2,7.8770995
tcr_18_4,D,A,S,Q,19,89,CA,CD,9.048387
tcr_18_4,D,A,S,Q,19,89,CA,OE1,9.334721
tcr_18_4,D,A,S,D,19,85,C,OD2,9.37462
tcr_18_4,D,A,S,E,19,82,C,CG,9.270534
tcr_18_4,D,A,S,E,19,82,C,OE2,9.92697
tcr_18_4,D,A,S,E,19,82,C,CD,9.209213
tcr_18_4,D,A,S,E,19,82,C,OE1,8.649792
tcr_18_4,D,A,S,D,19,85,C,CB,9.986845
tcr_18_4,D,A,S,Q,19,89,C,NE2,8.773383
tcr_18_4,D,A,S,Q,19,89,C,CD,9.859002
tcr_18_4,D,A,S,Q,19,89,C,OE1,9.980139
tcr_18_4,D,A,S,E,19,82,O,OE1,9.569109
tcr_18_4,D,A,S,Q,19,89,O,NE2,9.746023
tcr_18_4,D,A,S,D,19,85,CB,OD2,9.298272
tcr_18_4,D,A,S,D,19,85,CB,CG,9.785792
tcr_18_4,D,A,S,D,19,85,CB,CB,9.743643
tcr_18_4,D,A,S,Q,19,89,CB,NE2,7.568322
tcr_18_4,D,A,S,Q,19,89,CB,CG,9.963981
tcr_18_4,D,A,S,Q,19,89,CB,CD,8.797591
tcr_18_4,D,A,S,Q,19,89,CB,OE1,9.108117
tcr_18_4,D,A,S,D,19,85,OG,OD2,9.671106
tcr_18_4,D,A,S,D,19,85,OG,CB,9.786711
tcr_18_4,D,A,S,Q,19,89,OG,NE2,6.9281187
tcr_18_4,D,A,S,Q,19,89,OG,CG,9.376425
tcr_18_4,D,A,S,Q,19,89,OG,CD,8.092275
tcr_18_4,D,A,S,Q,19,89,OG,OE1,8.2586975
tcr_18_4,D,A,M,D,20,85,N,OD2,8.960568
tcr_18_4,D,A,M,E,20,82,N,CG,8.186454
tcr_18_4,D,A,M,E,20,82,N,OE2,8.67997
tcr_18_4,D,A,M,E,20,82,N,CD,8.007789
tcr_18_4,D,A,M,E,20,82,N,OE1,7.4400406
tcr_18_4,D,A,M,E,20,82,N,CA,9.640493
tcr_18_4,D,A,M,E,20,82,N,CB,9.192396
tcr_18_4,D,A,M,R,20,86,N,CG,9.8995495
tcr_18_4,D,A,M,D,20,85,N,CG,9.688333
tcr_18_4,D,A,M,D,20,85,N,CB,9.522211
tcr_18_4,D,A,M,Q,20,89,N,NE2,8.768088
tcr_18_4,D,A,M,Q,20,89,N,CD,9.744519
tcr_18_4,D,A,M,Q,20,89,N,OE1,9.774442
tcr_18_4,D,A,M,E,20,82,CA,CG,8.440468
tcr_18_4,D,A,M,E,20,82,CA,OE2,8.54633
tcr_18_4,D,A,M,E,20,82,CA,CD,7.994568
tcr_18_4,D,A,M,E,20,82,CA,OE1,7.338643
tcr_18_4,D,A,M,E,20,82,CA,CB,9.480935
tcr_18_4,D,A,M,Q,20,89,CA,NE2,9.766309
tcr_18_4,D,A,M,E,20,82,C,CG,9.524531
tcr_18_4,D,A,M,E,20,82,C,OE2,9.464781
tcr_18_4,D,A,M,E,20,82,C,CD,9.053913
tcr_18_4,D,A,M,E,20,82,C,OE1,8.5051155
tcr_18_4,D,A,M,Q,20,89,C,NE2,9.626762
tcr_18_4,D,A,M,E,20,82,O,CG,9.394039
tcr_18_4,D,A,M,E,20,82,O,OE2,9.239851
tcr_18_4,D,A,M,E,20,82,O,CD,8.948105
tcr_18_4,D,A,M,E,20,82,O,OE1,8.555265
tcr_18_4,D,A,M,R,20,86,O,CG,9.668433
tcr_18_4,D,A,M,Q,20,89,O,NE2,8.852153
tcr_18_4,D,A,M,R,20,86,O,CD,9.653237
tcr_18_4,D,A,M,Q,20,89,O,CD,9.62165
tcr_18_4,D,A,M,Q,20,89,O,OE1,9.303823
tcr_18_4,D,A,M,D,20,85,CB,OD2,9.62938
tcr_18_4,D,A,M,E,20,82,CB,N,9.986128
tcr_18_4,D,A,M,E,20,82,CB,CG,7.2879014
tcr_18_4,D,A,M,R,20,86,CB,NH2,9.479598
tcr_18_4,D,A,M,E,20,82,CB,OE2,7.144338
tcr_18_4,D,A,M,E,20,82,CB,CD,6.6794424
tcr_18_4,D,A,M,E,20,82,CB,OE1,6.0349426
tcr_18_4,D,A,M,R,20,86,CB,CZ,9.325455
tcr_18_4,D,A,M,E,20,82,CB,O,9.8576355
tcr_18_4,D,A,M,R,20,86,CB,NE,9.298527
tcr_18_4,D,A,M,E,20,82,CB,CA,9.127728
tcr_18_4,D,A,M,E,20,82,CB,CB,8.319301
tcr_18_4,D,A,M,R,20,86,CB,CG,9.441266
tcr_18_4,D,A,M,Q,20,89,CB,NE2,9.874925
tcr_18_4,D,A,M,R,20,86,CB,NH1,9.4520035
tcr_18_4,D,A,M,R,20,86,CB,CD,9.295851
tcr_18_4,D,A,M,D,20,85,CG,OD2,9.461019
tcr_18_4,D,A,M,E,20,82,CG,N,9.490218
tcr_18_4,D,A,M,E,20,82,CG,CG,6.699703
tcr_18_4,D,A,M,R,20,86,CG,NH2,9.4461775
tcr_18_4,D,A,M,E,20,82,CG,OE2,6.6284676
tcr_18_4,D,A,M,E,20,82,CG,CD,6.0161905
tcr_18_4,D,A,M,E,20,82,CG,OE1,5.1525216
tcr_18_4,D,A,M,R,20,86,CG,CZ,9.501144
tcr_18_4,D,A,M,E,20,82,CG,C,9.909047
tcr_18_4,D,A,M,E,20,82,CG,O,9.882745
tcr_18_4,D,A,M,R,20,86,CG,NE,9.559145
tcr_18_4,D,A,M,E,20,82,CG,CA,8.807785
tcr_18_4,D,A,M,E,20,82,CG,CB,7.9217496
tcr_18_4,D,A,M,R,20,86,CG,CG,9.963674
tcr_18_4,D,A,M,R,20,86,CG,NH1,9.742732
tcr_18_4,D,A,M,R,20,86,CG,CD,9.781259
tcr_18_4,D,A,M,E,20,82,SD,N,9.3706
tcr_18_4,D,A,M,E,20,82,SD,CG,6.357076
tcr_18_4,D,A,M,R,20,86,SD,NH2,8.663808
tcr_18_4,D,A,M,E,20,82,SD,OE2,5.720438
tcr_18_4,D,A,M,E,20,82,SD,CD,5.314569
tcr_18_4,D,A,M,E,20,82,SD,OE1,4.3887243
tcr_18_4,D,A,M,R,20,86,SD,CZ,8.86455
tcr_18_4,D,A,M,E,20,82,SD,C,9.729488
tcr_18_4,D,A,M,E,20,82,SD,O,9.788963
tcr_18_4,D,A,M,R,20,86,SD,NE,9.165125
tcr_18_4,D,A,M,E,20,82,SD,CA,8.685608
tcr_18_4,D,A,M,E,20,82,SD,CB,7.5508423
tcr_18_4,D,A,M,R,20,86,SD,NH1,9.018181
tcr_18_4,D,A,M,R,20,86,SD,CD,9.5695915
tcr_18_4,D,A,M,P,20,81,CE,N,9.845065
tcr_18_4,D,A,M,P,20,81,CE,CD,9.701061
tcr_18_4,D,A,M,P,20,81,CE,CA,9.771872
tcr_18_4,D,A,M,D,20,85,CE,OD2,8.834818
tcr_18_4,D,A,M,P,20,81,CE,CB,9.614149
tcr_18_4,D,A,M,P,20,81,CE,C,8.843551
tcr_18_4,D,A,M,P,20,81,CE,CG,9.040198
tcr_18_4,D,A,M,E,20,82,CE,N,7.6744876
tcr_18_4,D,A,M,P,20,81,CE,O,9.376466
tcr_18_4,D,A,M,E,20,82,CE,CG,4.6284237
tcr_18_4,D,A,M,R,20,86,CE,NH2,6.987511
tcr_18_4,D,A,M,E,20,82,CE,OE2,3.9770446
tcr_18_4,D,A,M,E,20,82,CE,CD,3.564305
tcr_18_4,D,A,M,E,20,82,CE,OE1,2.7881613
tcr_18_4,D,A,M,R,20,86,CE,CZ,7.2547398
tcr_18_4,D,A,M,Y,20,83,CE,N,8.903263
tcr_18_4,D,A,M,E,20,82,CE,C,7.953412
tcr_18_4,D,A,M,E,20,82,CE,O,8.050813
tcr_18_4,D,A,M,R,20,86,CE,NE,7.533682
tcr_18_4,D,A,M,E,20,82,CE,CA,6.93967
tcr_18_4,D,A,M,E,20,82,CE,CB,5.761138
tcr_18_4,D,A,M,R,20,86,CE,CG,8.509595
tcr_18_4,D,A,M,D,20,85,CE,CG,9.670766
tcr_18_4,D,A,M,D,20,85,CE,CB,9.344774
tcr_18_4,D,A,M,R,20,86,CE,CB,9.855654
tcr_18_4,D,A,M,R,20,86,CE,NH1,7.553697
tcr_18_4,D,A,M,R,20,86,CE,CD,8.065851
tcr_18_4,D,A,A,E,21,82,N,OE1,9.665921
tcr_18_4,D,A,Q,Q,22,89,CB,OE1,9.945959
tcr_18_4,D,A,Q,R,22,86,CG,CZ,9.922408
tcr_18_4,D,A,Q,R,22,86,CG,NE,9.835396
tcr_18_4,D,A,Q,R,22,86,CG,CG,9.363646
tcr_18_4,D,A,Q,Q,22,89,CG,NE2,9.280947
tcr_18_4,D,A,Q,R,22,86,CG,NH1,9.400171
tcr_18_4,D,A,Q,R,22,86,CG,CD,9.061975
tcr_18_4,D,A,Q,Q,22,89,CG,CD,9.610934
tcr_18_4,D,A,Q,Q,22,89,CG,OE1,8.845214
tcr_18_4,D,A,Q,R,22,86,CD,CZ,9.596661
tcr_18_4,D,A,Q,R,22,86,CD,NE,9.395257
tcr_18_4,D,A,Q,R,22,86,CD,CG,8.6694975
tcr_18_4,D,A,Q,Q,22,89,CD,NE2,8.480341
tcr_18_4,D,A,Q,R,22,86,CD,NH1,9.045063
tcr_18_4,D,A,Q,R,22,86,CD,CD,8.440545
tcr_18_4,D,A,Q,Q,22,89,CD,CD,8.65756
tcr_18_4,D,A,Q,Q,22,89,CD,OE1,7.783801
tcr_18_4,D,A,Q,R,22,86,OE1,CG,9.371628
tcr_18_4,D,A,Q,Q,22,89,OE1,NE2,8.622333
tcr_18_4,D,A,Q,R,22,86,OE1,NH1,9.982548
tcr_18_4,D,A,Q,R,22,86,OE1,CD,9.230678
tcr_18_4,D,A,Q,Q,22,89,OE1,CD,8.767354
tcr_18_4,D,A,Q,Q,22,89,OE1,OE1,7.865016
tcr_18_4,D,A,Q,R,22,86,NE2,NH2,9.376456
tcr_18_4,D,A,Q,E,22,82,NE2,OE2,9.78508
tcr_18_4,D,A,Q,R,22,86,NE2,CZ,8.376425
tcr_18_4,D,A,Q,R,22,86,NE2,NE,8.145632
tcr_18_4,D,A,Q,R,22,86,NE2,CG,7.4209013
tcr_18_4,D,A,Q,R,22,86,NE2,N,9.9132595
tcr_18_4,D,A,Q,Q,22,89,NE2,NE2,7.856264
tcr_18_4,D,A,Q,R,22,86,NE2,CB,8.754015
tcr_18_4,D,A,Q,R,22,86,NE2,CA,9.251508
tcr_18_4,D,A,Q,R,22,86,NE2,NH1,7.8306184
tcr_18_4,D,A,Q,R,22,86,NE2,CD,7.155317
tcr_18_4,D,A,Q,Q,22,89,NE2,CG,9.32966
tcr_18_4,D,A,Q,Q,22,89,NE2,CD,7.9071198
tcr_18_4,D,A,Q,Q,22,89,NE2,OE1,6.9798303
tcr_18_4,D,A,Q,Q,22,89,NE2,CB,9.557875
tcr_18_4,D,A,T,R,47,86,N,NH1,9.304893
tcr_18_4,D,A,T,R,47,86,CA,NH2,9.37252
tcr_18_4,D,A,T,E,47,82,CA,OE2,9.131993
tcr_18_4,D,A,T,E,47,82,CA,CD,9.700243
tcr_18_4,D,A,T,E,47,82,CA,OE1,9.644566
tcr_18_4,D,A,T,R,47,86,CA,CZ,8.846688
tcr_18_4,D,A,T,R,47,86,CA,NE,9.372702
tcr_18_4,D,A,T,R,47,86,CA,NH1,7.990135
tcr_18_4,D,A,T,R,47,86,CA,CD,9.075677
tcr_18_4,D,A,T,E,47,82,C,CG,9.842704
tcr_18_4,D,A,T,R,47,86,C,NH2,8.203194
tcr_18_4,D,A,T,E,47,82,C,OE2,8.010952
tcr_18_4,D,A,T,E,47,82,C,CD,8.696455
tcr_18_4,D,A,T,E,47,82,C,OE1,8.704145
tcr_18_4,D,A,T,R,47,86,C,CZ,7.800162
tcr_18_4,D,A,T,R,47,86,C,NE,8.482245
tcr_18_4,D,A,T,R,47,86,C,CG,9.475213
tcr_18_4,D,A,T,R,47,86,C,NH1,6.9297476
tcr_18_4,D,A,T,R,47,86,C,CD,8.382168
tcr_18_4,D,A,T,R,47,86,O,NH2,8.521151
tcr_18_4,D,A,T,E,47,82,O,OE2,8.362415
tcr_18_4,D,A,T,E,47,82,O,CD,9.131465
tcr_18_4,D,A,T,E,47,82,O,OE1,9.126457
tcr_18_4,D,A,T,R,47,86,O,CZ,8.2366295
tcr_18_4,D,A,T,R,47,86,O,NE,9.062568
tcr_18_4,D,A,T,R,47,86,O,NH1,7.3115945
tcr_18_4,D,A,T,R,47,86,O,CD,9.088842
tcr_18_4,D,A,T,R,47,86,CB,NH2,9.74031
tcr_18_4,D,A,T,R,47,86,CB,CZ,9.052828
tcr_18_4,D,A,T,R,47,86,CB,NE,9.516735
tcr_18_4,D,A,T,R,47,86,CB,CG,9.990929
tcr_18_4,D,A,T,R,47,86,CB,NH1,8.0768175
tcr_18_4,D,A,T,R,47,86,CB,CD,9.036173
tcr_18_4,D,A,T,R,47,86,OG1,NH2,8.803821
tcr_18_4,D,A,T,E,47,82,OG1,OE2,9.409048
tcr_18_4,D,A,T,R,47,86,OG1,CZ,7.9973226
tcr_18_4,D,A,T,R,47,86,OG1,NE,8.362627
tcr_18_4,D,A,T,R,47,86,OG1,CG,8.700208
tcr_18_4,D,A,T,R,47,86,OG1,NH1,7.0245123
tcr_18_4,D,A,T,R,47,86,OG1,CD,7.7721124
tcr_18_4,D,A,T,R,47,86,CG2,CZ,9.515615
tcr_18_4,D,A,T,R,47,86,CG2,NH1,8.414514
tcr_18_4,D,A,T,R,47,86,CG2,CD,9.690285
tcr_18_4,D,A,S,E,48,82,N,CG,8.611793
tcr_18_4,D,A,S,R,48,86,N,NH2,7.0067024
tcr_18_4,D,A,S,E,48,82,N,OE2,6.842981
tcr_18_4,D,A,S,E,48,82,N,CD,7.5311317
tcr_18_4,D,A,S,E,48,82,N,OE1,7.6291747
tcr_18_4,D,A,S,R,48,86,N,CZ,6.586437
tcr_18_4,D,A,S,E,48,82,N,O,9.615065
tcr_18_4,D,A,S,R,48,86,N,NE,7.2242475
tcr_18_4,D,A,S,E,48,82,N,CA,9.9431
tcr_18_4,D,A,S,E,48,82,N,CB,8.771465
tcr_18_4,D,A,S,R,48,86,N,CG,8.235562
tcr_18_4,D,A,S,R,48,86,N,CB,9.621747
tcr_18_4,D,A,S,R,48,86,N,NH1,5.8016095
tcr_18_4,D,A,S,R,48,86,N,CD,7.1598186
tcr_18_4,D,A,S,E,48,82,CA,CG,7.8219876
tcr_18_4,D,A,S,R,48,86,CA,NH2,5.7632775
tcr_18_4,D,A,S,E,48,82,CA,OE2,5.854616
tcr_18_4,D,A,S,E,48,82,CA,CD,6.711726
tcr_18_4,D,A,S,E,48,82,CA,OE1,6.961281
tcr_18_4,D,A,S,R,48,86,CA,CZ,5.4683223
tcr_18_4,D,A,S,Y,48,83,CA,N,9.84453
tcr_18_4,D,A,S,E,48,82,CA,C,9.1436
tcr_18_4,D,A,S,E,48,82,CA,O,8.752888
tcr_18_4,D,A,S,R,48,86,CA,NE,6.2839513
tcr_18_4,D,A,S,E,48,82,CA,CA,9.0806
tcr_18_4,D,A,S,E,48,82,CA,CB,7.8477106
tcr_18_4,D,A,S,R,48,86,CA,CG,7.664807
tcr_18_4,D,A,S,R,48,86,CA,CB,8.961266
tcr_18_4,D,A,S,R,48,86,CA,NH1,4.6714873
tcr_18_4,D,A,S,R,48,86,CA,CD,6.4467554
tcr_18_4,D,A,S,E,48,82,C,CG,8.2329035
tcr_18_4,D,A,S,R,48,86,C,NH2,5.2795043
tcr_18_4,D,A,S,E,48,82,C,OE2,6.324137
tcr_18_4,D,A,S,E,48,82,C,CD,7.2981014
tcr_18_4,D,A,S,E,48,82,C,OE1,7.774719
tcr_18_4,D,A,S,R,48,86,C,CZ,4.766253
tcr_18_4,D,A,S,Y,48,83,C,CA,9.826994
tcr_18_4,D,A,S,Y,48,83,C,N,9.506068
tcr_18_4,D,A,S,E,48,82,C,C,8.886636
tcr_18_4,D,A,S,E,48,82,C,O,8.375852
tcr_18_4,D,A,S,R,48,86,C,NE,5.600302
tcr_18_4,D,A,S,E,48,82,C,CA,9.082071
tcr_18_4,D,A,S,E,48,82,C,CB,7.9719787
tcr_18_4,D,A,S,R,48,86,C,CG,6.979959
tcr_18_4,D,A,S,R,48,86,C,N,9.999748
tcr_18_4,D,A,S,R,48,86,C,CB,8.15214
tcr_18_4,D,A,S,R,48,86,C,CA,9.458946
tcr_18_4,D,A,S,R,48,86,C,NH1,3.7179549
tcr_18_4,D,A,S,W,48,191,C,CZ2,9.407058
tcr_18_4,D,A,S,R,48,86,C,CD,5.6386886
tcr_18_4,D,A,S,E,48,82,O,N,9.941215
tcr_18_4,D,A,S,E,48,82,O,CG,8.0070915
tcr_18_4,D,A,S,R,48,86,O,NH2,4.485571
tcr_18_4,D,A,S,E,48,82,O,OE2,6.0169587
tcr_18_4,D,A,S,E,48,82,O,CD,7.1127844
tcr_18_4,D,A,S,E,48,82,O,OE1,7.72656
tcr_18_4,D,A,S,R,48,86,O,CZ,4.0816016
tcr_18_4,D,A,S,W,48,191,O,CH2,8.938345
tcr_18_4,D,A,S,Y,48,83,O,CB,9.759324
tcr_18_4,D,A,S,Y,48,83,O,CA,9.085936
tcr_18_4,D,A,S,Y,48,83,O,N,8.852466
tcr_18_4,D,A,S,E,48,82,O,C,8.3790455
tcr_18_4,D,A,S,E,48,82,O,O,7.9321713
tcr_18_4,D,A,S,R,48,86,O,NE,5.0980325
tcr_18_4,D,A,S,E,48,82,O,CA,8.694001
tcr_18_4,D,A,S,E,48,82,O,CB,7.5824885
tcr_18_4,D,A,S,R,48,86,O,CG,6.8000474
tcr_18_4,D,A,S,R,48,86,O,N,9.750608
tcr_18_4,D,A,S,R,48,86,O,CB,7.8184075
tcr_18_4,D,A,S,R,48,86,O,CA,9.220239
tcr_18_4,D,A,S,W,48,191,O,NE1,9.086441
tcr_18_4,D,A,S,W,48,191,O,CE2,9.100515
tcr_18_4,D,A,S,R,48,86,O,NH1,2.966244
tcr_18_4,D,A,S,W,48,191,O,CZ2,8.231723
tcr_18_4,D,A,S,R,48,86,O,CD,5.350588
tcr_18_4,D,A,S,K,48,90,O,NZ,9.680702
tcr_18_4,D,A,S,K,48,90,O,CE,9.8188715
tcr_18_4,D,A,S,E,48,82,CB,N,8.906058
tcr_18_4,D,A,S,E,48,82,CB,CG,6.325102
tcr_18_4,D,A,S,R,48,86,CB,NH2,4.919664
tcr_18_4,D,A,S,E,48,82,CB,OE2,4.423736
tcr_18_4,D,A,S,E,48,82,CB,CD,5.2078066
tcr_18_4,D,A,S,E,48,82,CB,OE1,5.457343
tcr_18_4,D,A,S,R,48,86,CB,CZ,4.7827797
tcr_18_4,D,A,S,Y,48,83,CB,CA,9.381173
tcr_18_4,D,A,S,Y,48,83,CB,N,8.70194
tcr_18_4,D,A,S,E,48,82,CB,C,7.94201
tcr_18_4,D,A,S,E,48,82,CB,O,7.6481533
tcr_18_4,D,A,S,R,48,86,CB,NE,5.52359
tcr_18_4,D,A,S,E,48,82,CB,CA,7.7269444
tcr_18_4,D,A,S,E,48,82,CB,CB,6.4563994
tcr_18_4,D,A,S,R,48,86,CB,CG,6.9699836
tcr_18_4,D,A,S,R,48,86,CB,N,9.643366
tcr_18_4,D,A,S,R,48,86,CB,CB,8.30549
tcr_18_4,D,A,S,R,48,86,CB,CA,9.46053
tcr_18_4,D,A,S,R,48,86,CB,NH1,4.3298106
tcr_18_4,D,A,S,R,48,86,CB,CD,5.8723474
tcr_18_4,D,A,S,D,48,85,OG,OD2,9.790171
tcr_18_4,D,A,S,P,48,81,OG,C,9.607963
tcr_18_4,D,A,S,E,48,82,OG,N,8.445192
tcr_18_4,D,A,S,P,48,81,OG,O,9.78584
tcr_18_4,D,A,S,E,48,82,OG,CG,5.9712086
tcr_18_4,D,A,S,R,48,86,OG,NH2,4.9135923
tcr_18_4,D,A,S,E,48,82,OG,OE2,4.5190573
tcr_18_4,D,A,S,E,48,82,OG,CD,5.109241
tcr_18_4,D,A,S,E,48,82,OG,OE1,5.4234786
tcr_18_4,D,A,S,R,48,86,OG,CZ,4.527904
tcr_18_4,D,A,S,Y,48,83,OG,CA,8.983175
tcr_18_4,D,A,S,Y,48,83,OG,N,8.297149
tcr_18_4,D,A,S,E,48,82,OG,C,7.3822684
tcr_18_4,D,A,S,E,48,82,OG,O,6.945088
tcr_18_4,D,A,S,R,48,86,OG,NE,4.947094
tcr_18_4,D,A,S,E,48,82,OG,CA,7.170497
tcr_18_4,D,A,S,E,48,82,OG,CB,6.0745163
tcr_18_4,D,A,S,R,48,86,OG,CG,5.972002
tcr_18_4,D,A,S,Y,48,83,OG,O,9.828837
tcr_18_4,D,A,S,Y,48,83,OG,C,9.815262
tcr_18_4,D,A,S,R,48,86,OG,C,9.797242
tcr_18_4,D,A,S,D,48,85,OG,CB,9.208849
tcr_18_4,D,A,S,R,48,86,OG,N,8.624367
tcr_18_4,D,A,S,D,48,85,OG,C,9.536698
tcr_18_4,D,A,S,Q,48,89,OG,NE2,9.697689
tcr_18_4,D,A,S,R,48,86,OG,CB,7.4056563
tcr_18_4,D,A,S,R,48,86,OG,CA,8.438573
tcr_18_4,D,A,S,R,48,86,OG,NH1,4.219302
tcr_18_4,D,A,S,R,48,86,OG,CD,5.058593
tcr_18_4,D,A,S,Q,48,89,OG,CD,9.763978
tcr_18_4,D,A,S,Q,48,89,OG,OE1,9.163441
tcr_18_4,D,A,E,E,49,82,N,CG,9.11041
tcr_18_4,D,A,E,R,49,86,N,NH2,6.1192713
tcr_18_4,D,A,E,E,49,82,N,OE2,7.386634
tcr_18_4,D,A,E,E,49,82,N,CD,8.289849
tcr_18_4,D,A,E,E,49,82,N,OE1,8.773092
tcr_18_4,D,A,E,R,49,86,N,CZ,5.370814
tcr_18_4,D,A,E,E,49,82,N,C,9.504893
tcr_18_4,D,A,E,E,49,82,N,O,8.84751
tcr_18_4,D,A,E,R,49,86,N,NE,5.9963784
tcr_18_4,D,A,E,E,49,82,N,CA,9.784733
tcr_18_4,D,A,E,E,49,82,N,CB,8.803237
tcr_18_4,D,A,E,R,49,86,N,CG,6.965206
tcr_18_4,D,A,E,R,49,86,N,CB,8.135699
tcr_18_4,D,A,E,R,49,86,N,CA,9.37832
tcr_18_4,D,A,E,R,49,86,N,NH1,4.2537184
tcr_18_4,D,A,E,W,49,191,N,CZ2,9.923017
tcr_18_4,D,A,E,R,49,86,N,CD,5.705158
tcr_18_4,D,A,E,K,49,90,N,NZ,9.922881
tcr_18_4,D,A,E,Q,49,89,N,OE1,9.937646
tcr_18_4,D,A,E,K,49,90,N,CE,9.770444
tcr_18_4,D,A,E,E,49,82,CA,CG,9.787782
tcr_18_4,D,A,E,R,49,86,CA,NH2,6.2763286
tcr_18_4,D,A,E,E,49,82,CA,OE2,8.179708
tcr_18_4,D,A,E,E,49,82,CA,CD,9.123745
tcr_18_4,D,A,E,E,49,82,CA,OE1,9.747308
tcr_18_4,D,A,E,R,49,86,CA,CZ,5.357178
tcr_18_4,D,A,E,E,49,82,CA,C,9.614359
tcr_18_4,D,A,E,E,49,82,CA,O,8.851912
tcr_18_4,D,A,E,R,49,86,CA,NE,5.880207
tcr_18_4,D,A,E,E,49,82,CA,CB,9.273773
tcr_18_4,D,A,E,R,49,86,CA,CG,6.674151
tcr_18_4,D,A,E,R,49,86,CA,C,9.784991
tcr_18_4,D,A,E,R,49,86,CA,N,9.794636
tcr_18_4,D,A,E,R,49,86,CA,CB,7.661029
tcr_18_4,D,A,E,R,49,86,CA,CA,8.928763
tcr_18_4,D,A,E,W,49,191,CA,NE1,9.544691
tcr_18_4,D,A,E,W,49,191,CA,CE2,9.847001
tcr_18_4,D,A,E,R,49,86,CA,NH1,4.144699
tcr_18_4,D,A,E,W,49,191,CA,CZ2,9.280387
tcr_18_4,D,A,E,R,49,86,CA,CD,5.4025006
tcr_18_4,D,A,E,T,49,187,CA,CG2,9.977776
tcr_18_4,D,A,E,K,49,90,CA,NZ,8.7434635
tcr_18_4,D,A,E,T,49,187,CA,OG1,9.802658
tcr_18_4,D,A,E,Q,49,89,CA,OE1,9.614002
tcr_18_4,D,A,E,R,49,86,CA,O,9.9700575
tcr_18_4,D,A,E,K,49,90,CA,CE,8.604559
tcr_18_4,D,A,E,R,49,86,C,NH2,7.002959
tcr_18_4,D,A,E,E,49,82,C,OE2,9.108049
tcr_18_4,D,A,E,R,49,86,C,CZ,6.2073593
tcr_18_4,D,A,E,E,49,82,C,O,9.922992
tcr_18_4,D,A,E,R,49,86,C,NE,6.8878584
tcr_18_4,D,A,E,R,49,86,C,CG,7.8833833
tcr_18_4,D,A,E,R,49,86,C,CB,8.711949
tcr_18_4,D,A,E,E,49,190,C,OE2,9.969031
tcr_18_4,D,A,E,W,49,191,C,NE1,8.945014
tcr_18_4,D,A,E,W,49,191,C,CE2,9.412661
tcr_18_4,D,A,E,R,49,86,C,NH1,4.912752
tcr_18_4,D,A,E,W,49,191,C,CZ2,8.9868555
tcr_18_4,D,A,E,R,49,86,C,CD,6.5396733
tcr_18_4,D,A,E,T,49,187,C,CG2,9.292394
tcr_18_4,D,A,E,K,49,90,C,NZ,8.991976
tcr_18_4,D,A,E,T,49,187,C,CB,9.853448
tcr_18_4,D,A,E,T,49,187,C,OG1,8.876471
tcr_18_4,D,A,E,K,49,90,C,CE,9.028665
tcr_18_4,D,A,E,R,49,86,O,NH2,7.841121
tcr_18_4,D,A,E,E,49,82,O,OE2,9.644806
tcr_18_4,D,A,E,R,49,86,O,CZ,7.1602507
tcr_18_4,D,A,E,R,49,86,O,NE,7.927937
tcr_18_4,D,A,E,R,49,86,O,CG,9.004379
tcr_18_4,D,A,E,R,49,86,O,CB,9.8926
tcr_18_4,D,A,E,W,49,191,O,NE1,9.670537
tcr_18_4,D,A,E,R,49,86,O,NH1,5.8668404
tcr_18_4,D,A,E,W,49,191,O,CZ2,9.778166
tcr_18_4,D,A,E,R,49,86,O,CD,7.652533
tcr_18_4,D,A,E,T,49,187,O,OG1,9.438563
tcr_18_4,D,A,E,R,49,86,CB,NH2,7.328408
tcr_18_4,D,A,E,E,49,82,CB,OE2,9.168938
tcr_18_4,D,A,E,E,49,82,CB,CD,9.997339
tcr_18_4,D,A,E,R,49,86,CB,CZ,6.2622824
tcr_18_4,D,A,E,E,49,82,CB,O,9.338564
tcr_18_4,D,A,E,R,49,86,CB,NE,6.5040774
tcr_18_4,D,A,E,R,49,86,CB,CG,6.7301807
tcr_18_4,D,A,E,R,49,86,CB,C,9.616578
tcr_18_4,D,A,E,R,49,86,CB,N,9.798481
tcr_18_4,D,A,E,R,49,86,CB,CB,7.7202
tcr_18_4,D,A,E,R,49,86,CB,CA,8.8195095
tcr_18_4,D,A,E,R,49,86,CB,NH1,5.172286
tcr_18_4,D,A,E,R,49,86,CB,CD,5.6993003
tcr_18_4,D,A,E,K,49,90,CB,NZ,8.678948
tcr_18_4,D,A,E,Q,49,89,CB,CD,9.858373
tcr_18_4,D,A,E,Q,49,89,CB,OE1,8.783027
tcr_18_4,D,A,E,R,49,86,CB,O,9.624028
tcr_18_4,D,A,E,K,49,90,CB,CG,9.719799
tcr_18_4,D,A,E,K,49,90,CB,CE,8.305234
tcr_18_4,D,A,E,K,49,90,CB,CD,9.66136
tcr_18_4,D,A,E,E,49,82,CG,CG,9.79836
tcr_18_4,D,A,E,R,49,86,CG,NH2,7.122162
tcr_18_4,D,A,E,E,49,82,CG,OE2,8.70756
tcr_18_4,D,A,E,E,49,82,CG,CD,9.387193
tcr_18_4,D,A,E,E,49,82,CG,OE1,9.966991
tcr_18_4,D,A,E,R,49,86,CG,CZ,5.9829955
tcr_18_4,D,A,E,E,49,82,CG,C,9.498723
tcr_18_4,D,A,E,E,49,82,CG,O,8.544867
tcr_18_4,D,A,E,R,49,86,CG,NE,5.962255
tcr_18_4,D,A,E,E,49,82,CG,CA,9.935379
tcr_18_4,D,A,E,E,49,82,CG,CB,9.353331
tcr_18_4,D,A,E,R,49,86,CG,CG,5.768651
tcr_18_4,D,A,E,E,49,87,CG,N,9.742041
tcr_18_4,D,A,E,R,49,86,CG,C,8.737051
tcr_18_4,D,A,E,D,49,85,CG,O,9.949672
tcr_18_4,D,A,E,R,49,86,CG,N,8.762206
tcr_18_4,D,A,E,D,49,85,CG,C,9.724351
tcr_18_4,D,A,E,Q,49,89,CG,NE2,8.838742
tcr_18_4,D,A,E,R,49,86,CG,CB,6.890743
tcr_18_4,D,A,E,R,49,86,CG,CA,7.8353853
tcr_18_4,D,A,E,R,49,86,CG,NH1,5.1249905
tcr_18_4,D,A,E,R,49,86,CG,CD,4.975306
tcr_18_4,D,A,E,K,49,90,CG,NZ,8.637225
tcr_18_4,D,A,E,E,49,87,CG,OE1,9.950026
tcr_18_4,D,A,E,Q,49,89,CG,CG,9.525724
tcr_18_4,D,A,E,Q,49,89,CG,CD,8.435146
tcr_18_4,D,A,E,Q,49,89,CG,OE1,7.3798428
tcr_18_4,D,A,E,R,49,86,CG,O,8.727769
tcr_18_4,D,A,E,Q,49,89,CG,CB,9.296648
tcr_18_4,D,A,E,K,49,90,CG,CG,9.174518
tcr_18_4,D,A,E,K,49,90,CG,CE,8.072561
tcr_18_4,D,A,E,K,49,90,CG,CD,9.309423
tcr_18_4,D,A,E,R,49,93,CG,NH1,9.752314
tcr_18_4,D,A,E,E,49,82,CD,CG,8.74087
tcr_18_4,D,A,E,R,49,86,CD,NH2,5.9368467
tcr_18_4,D,A,E,E,49,82,CD,OE2,7.815747
tcr_18_4,D,A,E,E,49,82,CD,CD,8.492322
tcr_18_4,D,A,E,E,49,82,CD,OE1,9.211549
tcr_18_4,D,A,E,R,49,86,CD,CZ,4.7188
tcr_18_4,D,A,E,Y,49,83,CD,CA,8.914196
tcr_18_4,D,A,E,Y,49,83,CD,N,8.8849535
tcr_18_4,D,A,E,E,49,82,CD,C,8.0733385
tcr_18_4,D,A,E,E,49,82,CD,O,7.083579
tcr_18_4,D,A,E,R,49,86,CD,NE,4.532312
tcr_18_4,D,A,E,E,49,82,CD,CA,8.615339
tcr_18_4,D,A,E,E,49,82,CD,CB,8.141991
tcr_18_4,D,A,E,R,49,86,CD,CG,4.276411
tcr_18_4,D,A,E,Y,49,83,CD,O,8.76981
tcr_18_4,D,A,E,E,49,87,CD,N,8.288023
tcr_18_4,D,A,E,Y,49,83,CD,C,9.313911
tcr_18_4,D,A,E,E,49,87,CD,CA,9.41254
tcr_18_4,D,A,E,R,49,86,CD,C,7.3313513
tcr_18_4,D,A,E,Q,49,89,CD,N,9.867921
tcr_18_4,D,A,E,D,49,85,CD,CB,9.215344
tcr_18_4,D,A,E,D,49,85,CD,CA,9.4311075
tcr_18_4,D,A,E,D,49,85,CD,O,8.636817
tcr_18_4,D,A,E,D,49,85,CD,N,9.888213
tcr_18_4,D,A,E,R,49,86,CD,N,7.3158784
tcr_18_4,D,A,E,D,49,85,CD,C,8.340245
tcr_18_4,D,A,E,Q,49,89,CD,NE2,8.122869
tcr_18_4,D,A,E,R,49,86,CD,CB,5.3805356
tcr_18_4,D,A,E,R,49,86,CD,CA,6.3968873
tcr_18_4,D,A,E,R,49,86,CD,NH1,4.026802
tcr_18_4,D,A,E,W,49,191,CD,CZ2,9.795945
tcr_18_4,D,A,E,R,49,86,CD,CD,3.4582598
tcr_18_4,D,A,E,K,49,90,CD,NZ,7.556006
tcr_18_4,D,A,E,E,49,87,CD,OE1,8.607136
tcr_18_4,D,A,E,E,49,87,CD,CD,9.744551
tcr_18_4,D,A,E,Q,49,89,CD,CA,9.620773
tcr_18_4,D,A,E,Q,49,89,CD,CG,8.600314
tcr_18_4,D,A,E,Q,49,89,CD,CD,7.6404967
tcr_18_4,D,A,E,Q,49,89,CD,OE1,6.66005
tcr_18_4,D,A,E,K,49,90,CD,CB,9.592587
tcr_18_4,D,A,E,K,49,90,CD,N,9.418244
tcr_18_4,D,A,E,R,49,86,CD,O,7.4308314
tcr_18_4,D,A,E,Q,49,89,CD,CB,8.33893
tcr_18_4,D,A,E,Q,49,89,CD,C,9.8426075
tcr_18_4,D,A,E,K,49,90,CD,CA,9.972448
tcr_18_4,D,A,E,K,49,90,CD,CG,8.182344
tcr_18_4,D,A,E,K,49,90,CD,CE,7.031193
tcr_18_4,D,A,E,K,49,90,CD,CD,8.255256
tcr_18_4,D,A,E,R,49,93,CD,NH1,9.829925
tcr_18_4,D,A,E,D,49,85,OE1,OD2,9.623189
tcr_18_4,D,A,E,P,49,81,OE1,C,9.935387
tcr_18_4,D,A,E,E,49,82,OE1,N,9.100474
tcr_18_4,D,A,E,P,49,81,OE1,O,9.646736
tcr_18_4,D,A,E,E,49,82,OE1,CG,7.7041397
tcr_18_4,D,A,E,R,49,86,OE1,NH2,5.483484
tcr_18_4,D,A,E,E,49,82,OE1,OE2,6.9742203
tcr_18_4,D,A,E,E,49,82,OE1,CD,7.5298214
tcr_18_4,D,A,E,E,49,82,OE1,OE1,8.226376
tcr_18_4,D,A,E,R,49,86,OE1,CZ,4.3200502
tcr_18_4,D,A,E,Y,49,83,OE1,CB,9.5873
tcr_18_4,D,A,E,Y,49,83,OE1,CA,8.338867
tcr_18_4,D,A,E,Y,49,83,OE1,N,8.153546
tcr_18_4,D,A,E,E,49,82,OE1,C,7.225238
tcr_18_4,D,A,E,E,49,82,OE1,O,6.251553
tcr_18_4,D,A,E,R,49,86,OE1,NE,3.9711595
tcr_18_4,D,A,E,E,49,82,OE1,CA,7.634044
tcr_18_4,D,A,E,E,49,82,OE1,CB,7.186347
tcr_18_4,D,A,E,R,49,86,OE1,CG,3.577121
tcr_18_4,D,A,E,E,49,87,OE1,CG,9.910105
tcr_18_4,D,A,E,W,49,84,OE1,C,9.784439
tcr_18_4,D,A,E,E,49,87,OE1,C,9.958234
tcr_18_4,D,A,E,Y,49,83,OE1,O,8.253829
tcr_18_4,D,A,E,E,49,87,OE1,N,7.9354925
tcr_18_4,D,A,E,Y,49,83,OE1,C,8.715794
tcr_18_4,D,A,E,E,49,87,OE1,CA,9.174317
tcr_18_4,D,A,E,W,49,84,OE1,N,9.71036
tcr_18_4,D,A,E,R,49,86,OE1,C,6.96567
tcr_18_4,D,A,E,D,49,85,OE1,CG,9.513123
tcr_18_4,D,A,E,Q,49,89,OE1,N,9.419636
tcr_18_4,D,A,E,D,49,85,OE1,CB,8.179196
tcr_18_4,D,A,E,D,49,85,OE1,CA,8.527216
tcr_18_4,D,A,E,D,49,85,OE1,O,7.9045334
tcr_18_4,D,A,E,D,49,85,OE1,N,9.033621
tcr_18_4,D,A,E,R,49,86,OE1,N,6.5726414
tcr_18_4,D,A,E,D,49,85,OE1,C,7.5391684
tcr_18_4,D,A,E,Q,49,89,OE1,NE2,7.339449
tcr_18_4,D,A,E,R,49,86,OE1,CB,4.9068193
tcr_18_4,D,A,E,R,49,86,OE1,CA,5.8388224
tcr_18_4,D,A,E,R,49,86,OE1,NH1,3.9162045
tcr_18_4,D,A,E,R,49,86,OE1,CD,2.92915
tcr_18_4,D,A,E,K,49,90,OE1,NZ,8.04085
tcr_18_4,D,A,E,E,49,87,OE1,OE1,8.731002
tcr_18_4,D,A,E,E,49,87,OE1,CD,9.78775
tcr_18_4,D,A,E,Q,49,89,OE1,CA,9.25086
tcr_18_4,D,A,E,Q,49,89,OE1,CG,7.998433
tcr_18_4,D,A,E,Q,49,89,OE1,CD,6.98894
tcr_18_4,D,A,E,Q,49,89,OE1,OE1,6.1252904
tcr_18_4,D,A,E,K,49,90,OE1,CB,9.769897
tcr_18_4,D,A,E,K,49,90,OE1,N,9.334839
tcr_18_4,D,A,E,R,49,86,OE1,O,7.182334
tcr_18_4,D,A,E,Q,49,89,OE1,CB,7.927381
tcr_18_4,D,A,E,Q,49,89,OE1,C,9.661399
tcr_18_4,D,A,E,K,49,90,OE1,CG,8.451124
tcr_18_4,D,A,E,K,49,90,OE1,CE,7.4877005
tcr_18_4,D,A,E,K,49,90,OE1,CD,8.605236
tcr_18_4,D,A,E,E,49,82,OE2,CG,9.079623
tcr_18_4,D,A,E,R,49,86,OE2,NH2,5.700751
tcr_18_4,D,A,E,E,49,82,OE2,OE2,8.122311
tcr_18_4,D,A,E,E,49,82,OE2,CD,8.89345
tcr_18_4,D,A,E,E,49,82,OE2,OE1,9.730134
tcr_18_4,D,A,E,R,49,86,OE2,CZ,4.43709
tcr_18_4,D,A,E,W,49,191,OE2,CH2,9.514433
tcr_18_4,D,A,E,Y,49,83,OE2,CD2,9.552432
tcr_18_4,D,A,E,Y,49,83,OE2,CG,9.91255
tcr_18_4,D,A,E,Y,49,83,OE2,CB,9.528001
tcr_18_4,D,A,E,Y,49,83,OE2,CA,8.456415
tcr_18_4,D,A,E,Y,49,83,OE2,N,8.617908
tcr_18_4,D,A,E,E,49,82,OE2,C,7.9578466
tcr_18_4,D,A,E,E,49,82,OE2,O,6.9529443
tcr_18_4,D,A,E,R,49,86,OE2,NE,4.273126
tcr_18_4,D,A,E,E,49,82,OE2,CA,8.700496
tcr_18_4,D,A,E,E,49,82,OE2,CB,8.292906
tcr_18_4,D,A,E,R,49,86,OE2,CG,4.158736
tcr_18_4,D,A,E,E,49,87,OE2,CG,9.216856
tcr_18_4,D,A,E,E,49,87,OE2,CB,9.67867
tcr_18_4,D,A,E,E,49,87,OE2,C,9.705682
tcr_18_4,D,A,E,Y,49,83,OE2,O,8.246329
tcr_18_4,D,A,E,E,49,87,OE2,N,7.7259855
tcr_18_4,D,A,E,Y,49,83,OE2,C,8.858118
tcr_18_4,D,A,E,E,49,87,OE2,CA,8.754672
tcr_18_4,D,A,E,R,49,86,OE2,C,6.8675957
tcr_18_4,D,A,E,Q,49,89,OE2,N,9.677151
tcr_18_4,D,A,E,D,49,85,OE2,CB,9.405521
tcr_18_4,D,A,E,D,49,85,OE2,CA,9.437165
tcr_18_4,D,A,E,D,49,85,OE2,O,8.588176
tcr_18_4,D,A,E,D,49,85,OE2,N,9.766573
tcr_18_4,D,A,E,R,49,86,OE2,N,7.1622624
tcr_18_4,D,A,E,D,49,85,OE2,C,8.282282
tcr_18_4,D,A,E,Q,49,89,OE2,NE2,8.662469
tcr_18_4,D,A,E,R,49,86,OE2,CB,4.9689703
tcr_18_4,D,A,E,R,49,86,OE2,CA,6.1163483
tcr_18_4,D,A,E,W,49,191,OE2,NE1,9.20435
tcr_18_4,D,A,E,W,49,191,OE2,CE2,9.341389
tcr_18_4,D,A,E,R,49,86,OE2,NH1,3.681761
tcr_18_4,D,A,E,W,49,191,OE2,CZ2,8.794065
tcr_18_4,D,A,E,R,49,86,OE2,CD,3.205191
tcr_18_4,D,A,E,T,49,187,OE2,CG2,9.29502
tcr_18_4,D,A,E,K,49,90,OE2,NZ,6.422967
tcr_18_4,D,A,E,T,49,187,OE2,OG1,9.614259
tcr_18_4,D,A,E,E,49,87,OE2,OE1,7.6064105
tcr_18_4,D,A,E,E,49,87,OE2,CD,8.785236
tcr_18_4,D,A,E,E,49,87,OE2,OE2,9.747057
tcr_18_4,D,A,E,Q,49,89,OE2,CA,9.500465
tcr_18_4,D,A,E,Q,49,89,OE2,CG,8.800999
tcr_18_4,D,A,E,Q,49,89,OE2,CD,8.022917
tcr_18_4,D,A,E,Q,49,89,OE2,OE1,7.043909
tcr_18_4,D,A,E,K,49,90,OE2,CB,8.887641
tcr_18_4,D,A,E,K,49,90,OE2,N,9.002415
tcr_18_4,D,A,E,R,49,86,OE2,O,6.9654403
tcr_18_4,D,A,E,Q,49,89,OE2,CB,8.345287
tcr_18_4,D,A,E,Q,49,89,OE2,C,9.58362
tcr_18_4,D,A,E,K,49,90,OE2,CA,9.43207
tcr_18_4,D,A,E,K,49,90,OE2,CG,7.431668
tcr_18_4,D,A,E,K,49,90,OE2,CE,6.014376
tcr_18_4,D,A,E,K,49,90,OE2,CD,7.3297215
tcr_18_4,D,A,E,R,49,93,OE2,NH1,9.66462
tcr_18_4,D,A,S,R,50,86,N,NH2,6.9864006
tcr_18_4,D,A,S,E,50,82,N,OE2,9.537634
tcr_18_4,D,A,S,R,50,86,N,CZ,6.172081
tcr_18_4,D,A,S,W,50,191,N,CH2,9.182137
tcr_18_4,D,A,S,E,50,82,N,O,9.849468
tcr_18_4,D,A,S,R,50,86,N,NE,6.8242645
tcr_18_4,D,A,S,R,50,86,N,CG,7.830492
tcr_18_4,D,A,S,R,50,86,N,CB,8.442733
tcr_18_4,D,A,S,R,50,86,N,CA,9.810023
tcr_18_4,D,A,S,E,50,190,N,OE2,8.892207
tcr_18_4,D,A,S,W,50,191,N,NE1,7.791115
tcr_18_4,D,A,S,W,50,191,N,CE2,8.349343
tcr_18_4,D,A,S,R,50,86,N,NH1,4.8985877
tcr_18_4,D,A,S,W,50,191,N,CZ2,8.055286
tcr_18_4,D,A,S,W,50,191,N,CD2,9.688592
tcr_18_4,D,A,S,W,50,191,N,CG,9.935699
tcr_18_4,D,A,S,R,50,86,N,CD,6.484175
tcr_18_4,D,A,S,T,50,187,N,CG2,7.978457
tcr_18_4,D,A,S,K,50,90,N,NZ,8.030149
tcr_18_4,D,A,S,W,50,191,N,CD1,8.839373
tcr_18_4,D,A,S,T,50,187,N,CA,9.397718
tcr_18_4,D,A,S,T,50,187,N,CB,8.544855
tcr_18_4,D,A,S,T,50,187,N,OG1,7.5942664
tcr_18_4,D,A,S,E,50,87,N,OE1,9.64585
tcr_18_4,D,A,S,K,50,90,N,CE,8.202865
tcr_18_4,D,A,S,K,50,90,N,CD,9.712211
tcr_18_4,D,A,S,R,50,86,CA,NH2,8.024825
tcr_18_4,D,A,S,R,50,86,CA,CZ,7.3159456
tcr_18_4,D,A,S,W,50,191,CA,CH2,9.290029
tcr_18_4,D,A,S,R,50,86,CA,NE,8.028504
tcr_18_4,D,A,S,R,50,86,CA,CG,9.108519
tcr_18_4,D,A,S,R,50,86,CA,CB,9.588058
tcr_18_4,D,A,S,E,50,190,CA,CB,9.939396
tcr_18_4,D,A,S,E,50,190,CA,OE2,7.7031927
tcr_18_4,D,A,S,E,50,190,CA,OE1,9.151343
tcr_18_4,D,A,S,E,50,190,CA,CD,8.824627
tcr_18_4,D,A,S,G,50,186,CA,C,9.843045
tcr_18_4,D,A,S,W,50,191,CA,NE1,7.3838606
tcr_18_4,D,A,S,W,50,191,CA,CE2,8.137298
tcr_18_4,D,A,S,R,50,86,CA,NH1,6.0664372
tcr_18_4,D,A,S,W,50,191,CA,CZ2,8.043034
tcr_18_4,D,A,S,W,50,191,CA,CD2,9.44651
tcr_18_4,D,A,S,W,50,191,CA,CG,9.5202465
tcr_18_4,D,A,S,R,50,86,CA,CD,7.763047
tcr_18_4,D,A,S,T,50,187,CA,CG2,7.3600044
tcr_18_4,D,A,S,K,50,90,CA,NZ,8.448505
tcr_18_4,D,A,S,W,50,191,CA,CD1,8.319539
tcr_18_4,D,A,S,T,50,187,CA,O,9.8634205
tcr_18_4,D,A,S,T,50,187,CA,C,9.705025
tcr_18_4,D,A,S,T,50,187,CA,CA,8.448212
tcr_18_4,D,A,S,T,50,187,CA,CB,7.72283
tcr_18_4,D,A,S,T,50,187,CA,OG1,6.6750045
tcr_18_4,D,A,S,T,50,187,CA,N,8.930684
tcr_18_4,D,A,S,K,50,90,CA,CE,8.77653
tcr_18_4,D,A,S,R,50,86,C,NH2,9.339402
tcr_18_4,D,A,S,R,50,86,C,CZ,8.522502
tcr_18_4,D,A,S,R,50,86,C,NE,9.094137
tcr_18_4,D,A,S,R,50,86,C,CG,9.86185
tcr_18_4,D,A,S,E,50,190,C,OE2,8.020494
tcr_18_4,D,A,S,E,50,190,C,OE1,9.260244
tcr_18_4,D,A,S,E,50,190,C,CD,9.045612
tcr_18_4,D,A,S,G,50,186,C,CA,9.908423
tcr_18_4,D,A,S,G,50,186,C,C,9.544421
tcr_18_4,D,A,S,W,50,191,C,NE1,8.168188
tcr_18_4,D,A,S,W,50,191,C,CE2,9.063192
tcr_18_4,D,A,S,R,50,86,C,NH1,7.2875986
tcr_18_4,D,A,S,W,50,191,C,CZ2,9.139726
tcr_18_4,D,A,S,R,50,86,C,CD,8.63221
tcr_18_4,D,A,S,T,50,187,C,CG2,7.3612957
tcr_18_4,D,A,S,K,50,90,C,NZ,8.6343355
tcr_18_4,D,A,S,W,50,191,C,CD1,8.925934
tcr_18_4,D,A,S,T,50,187,C,C,9.664161
tcr_18_4,D,A,S,A,50,182,C,O,9.476952
tcr_18_4,D,A,S,Y,50,183,C,CD2,9.664281
tcr_18_4,D,A,S,T,50,187,C,CA,8.307274
tcr_18_4,D,A,S,T,50,187,C,CB,7.488387
tcr_18_4,D,A,S,Y,50,183,C,CA,9.822562
tcr_18_4,D,A,S,T,50,187,C,OG1,6.2754784
tcr_18_4,D,A,S,T,50,187,C,N,8.598842
tcr_18_4,D,A,S,A,50,182,C,C,9.89773
tcr_18_4,D,A,S,A,50,182,C,CB,9.906458
tcr_18_4,D,A,S,K,50,90,C,CE,8.849702
tcr_18_4,D,A,S,R,50,86,O,CZ,9.644977
tcr_18_4,D,A,S,E,50,190,O,OE2,7.774235
tcr_18_4,D,A,S,E,50,190,O,OE1,8.747831
tcr_18_4,D,A,S,E,50,190,O,CD,8.694041
tcr_18_4,D,A,S,G,50,186,O,CA,9.478164
tcr_18_4,D,A,S,G,50,186,O,C,9.283273
tcr_18_4,D,A,S,W,50,191,O,NE1,8.720329
tcr_18_4,D,A,S,W,50,191,O,CE2,9.709998
tcr_18_4,D,A,S,R,50,86,O,NH1,8.395246
tcr_18_4,D,A,S,W,50,191,O,CZ2,9.877188
tcr_18_4,D,A,S,R,50,86,O,CD,9.849036
tcr_18_4,D,A,S,T,50,187,O,CG2,7.7796297
tcr_18_4,D,A,S,K,50,90,O,NZ,9.659555
tcr_18_4,D,A,S,W,50,191,O,CD1,9.386048
tcr_18_4,D,A,S,T,50,187,O,C,9.794664
tcr_18_4,D,A,S,A,50,182,O,O,9.071607
tcr_18_4,D,A,S,T,50,187,O,CA,8.356459
tcr_18_4,D,A,S,T,50,187,O,CB,7.681188
tcr_18_4,D,A,S,Y,50,183,O,CA,9.754909
tcr_18_4,D,A,S,T,50,187,O,OG1,6.3811474
tcr_18_4,D,A,S,T,50,187,O,N,8.449362
tcr_18_4,D,A,S,A,50,182,O,C,9.532054
tcr_18_4,D,A,S,Y,50,183,O,N,9.827404
tcr_18_4,D,A,S,A,50,182,O,CB,9.380923
tcr_18_4,D,A,S,K,50,90,O,CE,9.915815
tcr_18_4,D,A,S,R,50,86,CB,NH2,7.7540793
tcr_18_4,D,A,S,R,50,86,CB,CZ,7.139542
tcr_18_4,D,A,S,W,50,191,CB,CE3,9.088851
tcr_18_4,D,A,S,W,50,191,CB,CZ3,9.101641
tcr_18_4,D,A,S,W,50,191,CB,CH2,8.01653
tcr_18_4,D,A,S,R,50,86,CB,NE,7.8670425
tcr_18_4,D,A,S,R,50,86,CB,CG,9.08519
tcr_18_4,D,A,S,R,50,86,CB,CB,9.350535
tcr_18_4,D,A,S,E,50,190,CB,CB,8.545603
tcr_18_4,D,A,S,E,50,190,CB,OE2,6.476286
tcr_18_4,D,A,S,E,50,190,CB,OE1,8.129867
tcr_18_4,D,A,S,E,50,190,CB,CD,7.652732
tcr_18_4,D,A,S,E,50,190,CB,CG,8.793328
tcr_18_4,D,A,S,W,50,191,CB,CB,9.318493
tcr_18_4,D,A,S,W,50,191,CB,N,9.642773
tcr_18_4,D,A,S,E,50,190,CB,CA,9.912247
tcr_18_4,D,A,S,C,50,188,CB,N,9.4620285
tcr_18_4,D,A,S,G,50,186,CB,CA,9.390036
tcr_18_4,D,A,S,G,50,186,CB,O,9.187996
tcr_18_4,D,A,S,G,50,186,CB,C,8.700722
tcr_18_4,D,A,S,W,50,191,CB,NE1,5.8757367
tcr_18_4,D,A,S,W,50,191,CB,CE2,6.68945
tcr_18_4,D,A,S,R,50,86,CB,NH1,6.0032206
tcr_18_4,D,A,S,W,50,191,CB,CZ2,6.712126
tcr_18_4,D,A,S,W,50,191,CB,CD2,7.973847
tcr_18_4,D,A,S,W,50,191,CB,CG,8.005529
tcr_18_4,D,A,S,R,50,86,CB,CD,7.743596
tcr_18_4,D,A,S,T,50,187,CB,CG2,6.065684
tcr_18_4,D,A,S,K,50,90,CB,NZ,7.710478
tcr_18_4,D,A,S,W,50,191,CB,CD1,6.7953115
tcr_18_4,D,A,S,T,50,187,CB,O,8.4289255
tcr_18_4,D,A,S,T,50,187,CB,C,8.355642
tcr_18_4,D,A,S,A,50,182,CB,O,9.698751
tcr_18_4,D,A,S,Y,50,183,CB,CD2,9.240984
tcr_18_4,D,A,S,T,50,187,CB,CA,7.172536
tcr_18_4,D,A,S,T,50,187,CB,CB,6.526073
tcr_18_4,D,A,S,Y,50,183,CB,CA,9.871903
tcr_18_4,D,A,S,T,50,187,CB,OG1,5.6241903
tcr_18_4,D,A,S,T,50,187,CB,N,7.7901654
tcr_18_4,D,A,S,E,50,87,CB,OE1,9.365608
tcr_18_4,D,A,S,Y,50,183,CB,CE2,9.600363
tcr_18_4,D,A,S,K,50,90,CB,CE,8.275585
tcr_18_4,D,A,S,K,50,90,CB,CD,9.767172
tcr_18_4,D,A,S,R,50,86,OG,NH2,7.503575
tcr_18_4,D,A,S,R,50,86,OG,CZ,6.75865
tcr_18_4,D,A,S,W,50,191,OG,CE3,8.520082
tcr_18_4,D,A,S,W,50,191,OG,CZ3,8.581461
tcr_18_4,D,A,S,W,50,191,OG,CH2,7.5736084
tcr_18_4,D,A,S,Y,50,83,OG,CE2,9.691458
tcr_18_4,D,A,S,Y,50,83,OG,CD2,9.479697
tcr_18_4,D,A,S,R,50,86,OG,NE,7.289048
tcr_18_4,D,A,S,R,50,86,OG,CG,8.260879
tcr_18_4,D,A,S,R,50,86,OG,C,9.92593
tcr_18_4,D,A,S,R,50,86,OG,CB,8.364831
tcr_18_4,D,A,S,R,50,86,OG,CA,9.724115
tcr_18_4,D,A,S,E,50,190,OG,CB,8.641009
tcr_18_4,D,A,S,E,50,190,OG,OE2,6.896741
tcr_18_4,D,A,S,E,50,190,OG,OE1,8.6880045
tcr_18_4,D,A,S,E,50,190,OG,CD,8.08017
tcr_18_4,D,A,S,E,50,190,OG,CG,9.059003
tcr_18_4,D,A,S,W,50,191,OG,CB,8.71353
tcr_18_4,D,A,S,W,50,191,OG,CA,9.585694
tcr_18_4,D,A,S,W,50,191,OG,N,9.330369
tcr_18_4,D,A,S,E,50,190,OG,CA,9.891326
tcr_18_4,D,A,S,E,50,190,OG,C,9.891632
tcr_18_4,D,A,S,C,50,188,OG,N,8.824663
tcr_18_4,D,A,S,G,50,186,OG,CA,9.323628
tcr_18_4,D,A,S,G,50,186,OG,O,9.031472
tcr_18_4,D,A,S,G,50,186,OG,C,8.523483
tcr_18_4,D,A,S,W,50,191,OG,NE1,5.415275
tcr_18_4,D,A,S,W,50,191,OG,CE2,6.207564
tcr_18_4,D,A,S,R,50,86,OG,NH1,5.7305417
tcr_18_4,D,A,S,W,50,191,OG,CZ2,6.298935
tcr_18_4,D,A,S,W,50,191,OG,CD2,7.4186687
tcr_18_4,D,A,S,W,50,191,OG,CG,7.430428
tcr_18_4,D,A,S,R,50,86,OG,CD,7.0340676
tcr_18_4,D,A,S,T,50,187,OG,CG2,5.178765
tcr_18_4,D,A,S,K,50,90,OG,NZ,6.31433
tcr_18_4,D,A,S,W,50,191,OG,CD1,6.276541
tcr_18_4,D,A,S,T,50,187,OG,O,7.881471
tcr_18_4,D,A,S,T,50,187,OG,C,7.7873745
tcr_18_4,D,A,S,Y,50,183,OG,CB,9.354578
tcr_18_4,D,A,S,A,50,182,OG,O,9.387638
tcr_18_4,D,A,S,Y,50,183,OG,CD2,8.179469
tcr_18_4,D,A,S,T,50,187,OG,CA,6.703143
tcr_18_4,D,A,S,T,50,187,OG,CB,5.82582
tcr_18_4,D,A,S,Y,50,183,OG,C,9.986201
tcr_18_4,D,A,S,Y,50,183,OG,CA,9.176599
tcr_18_4,D,A,S,T,50,187,OG,OG1,5.032602
tcr_18_4,D,A,S,T,50,187,OG,N,7.4681735
tcr_18_4,D,A,S,Y,50,183,OG,O,9.539261
tcr_18_4,D,A,S,A,50,182,OG,C,9.910483
tcr_18_4,D,A,S,Y,50,183,OG,N,9.820731
tcr_18_4,D,A,S,E,50,87,OG,OE1,8.080076
tcr_18_4,D,A,S,E,50,87,OG,CD,9.247323
tcr_18_4,D,A,S,Y,50,183,OG,CE2,8.472065
tcr_18_4,D,A,S,E,50,87,OG,OE2,9.814905
tcr_18_4,D,A,S,Y,50,183,OG,CZ,9.821321
tcr_18_4,D,A,S,Y,50,183,OG,CG,9.300676
tcr_18_4,D,A,S,K,50,90,OG,CG,9.256284
tcr_18_4,D,A,S,K,50,90,OG,CE,6.8882456
tcr_18_4,D,A,S,K,50,90,OG,CD,8.3704405
tcr_18_4,D,A,D,R,51,86,N,NH2,9.412587
tcr_18_4,D,A,D,R,51,86,N,CZ,8.456153
tcr_18_4,D,A,D,R,51,86,N,NE,8.842442
tcr_18_4,D,A,D,R,51,86,N,CG,9.2818365
tcr_18_4,D,A,D,R,51,86,N,CB,9.672662
tcr_18_4,D,A,D,E,51,190,N,OE2,8.869867
tcr_18_4,D,A,D,E,51,190,N,CD,9.896755
tcr_18_4,D,A,D,G,51,186,N,C,9.887071
tcr_18_4,D,A,D,W,51,191,N,NE1,8.5160265
tcr_18_4,D,A,D,W,51,191,N,CE2,9.378643
tcr_18_4,D,A,D,R,51,86,N,NH1,7.2767215
tcr_18_4,D,A,D,W,51,191,N,CZ2,9.468099
tcr_18_4,D,A,D,R,51,86,N,CD,8.185331
tcr_18_4,D,A,D,T,51,187,N,CG2,7.2903066
tcr_18_4,D,A,D,K,51,90,N,NZ,7.8921437
tcr_18_4,D,A,D,W,51,191,N,CD1,9.225232
tcr_18_4,D,A,D,T,51,187,N,C,9.800379
tcr_18_4,D,A,D,Y,51,183,N,CB,9.6202345
tcr_18_4,D,A,D,A,51,182,N,O,9.448223
tcr_18_4,D,A,D,Y,51,183,N,CD2,9.140355
tcr_18_4,D,A,D,T,51,187,N,CA,8.493949
tcr_18_4,D,A,D,T,51,187,N,CB,7.471364
tcr_18_4,D,A,D,Y,51,183,N,CA,9.4878645
tcr_18_4,D,A,D,T,51,187,N,OG1,6.2803154
tcr_18_4,D,A,D,T,51,187,N,N,8.826669
tcr_18_4,D,A,D,A,51,182,N,C,9.719321
tcr_18_4,D,A,D,Y,51,183,N,N,9.710668
tcr_18_4,D,A,D,A,51,182,N,CB,9.662821
tcr_18_4,D,A,D,Y,51,183,N,CE2,9.819282
tcr_18_4,D,A,D,Y,51,183,N,CG,9.999159
tcr_18_4,D,A,D,K,51,90,N,CG,9.848847
tcr_18_4,D,A,D,K,51,90,N,CE,7.938939
tcr_18_4,D,A,D,K,51,90,N,CD,9.352398
tcr_18_4,D,A,D,R,51,86,CA,CZ,9.712857
tcr_18_4,D,A,D,R,51,86,CA,NE,9.985542
tcr_18_4,D,A,D,E,51,190,CA,OE2,9.54042
tcr_18_4,D,A,D,G,51,186,CA,C,9.958297
tcr_18_4,D,A,D,W,51,191,CA,NE1,9.480106
tcr_18_4,D,A,D,R,51,86,CA,NH1,8.572149
tcr_18_4,D,A,D,R,51,86,CA,CD,9.194235
tcr_18_4,D,A,D,T,51,187,CA,CG2,7.655578
tcr_18_4,D,A,D,K,51,90,CA,NZ,8.300732
tcr_18_4,D,A,D,Y,51,183,CA,CB,9.01582
tcr_18_4,D,A,D,A,51,182,CA,O,8.892359
tcr_18_4,D,A,D,Y,51,183,CA,CD2,8.866548
tcr_18_4,D,A,D,T,51,187,CA,CA,8.722802
tcr_18_4,D,A,D,T,51,187,CA,CB,7.6299367
tcr_18_4,D,A,D,Y,51,183,CA,CA,8.930123
tcr_18_4,D,A,D,T,51,187,CA,OG1,6.368145
tcr_18_4,D,A,D,T,51,187,CA,N,8.88379
tcr_18_4,D,A,D,A,51,182,CA,C,9.009202
tcr_18_4,D,A,D,A,51,182,CA,CA,9.600002
tcr_18_4,D,A,D,Y,51,183,CA,N,8.984777
tcr_18_4,D,A,D,A,51,182,CA,CB,8.675168
tcr_18_4,D,A,D,Q,51,179,CA,O,9.398011
tcr_18_4,D,A,D,Y,51,183,CA,CE2,9.708289
tcr_18_4,D,A,D,Y,51,183,CA,CG,9.570743
tcr_18_4,D,A,D,K,51,90,CA,CG,9.92523
tcr_18_4,D,A,D,K,51,90,CA,CE,8.219591
tcr_18_4,D,A,D,K,51,90,CA,CD,9.522255
tcr_18_4,D,A,D,R,51,93,CA,NH1,9.77899
tcr_18_4,D,A,D,R,51,86,C,CZ,9.941685
tcr_18_4,D,A,D,R,51,86,C,NH1,8.826439
tcr_18_4,D,A,D,R,51,86,C,CD,9.157402
tcr_18_4,D,A,D,T,51,187,C,CG2,8.950995
tcr_18_4,D,A,D,K,51,90,C,NZ,8.783991
tcr_18_4,D,A,D,Y,51,183,C,CB,9.945665
tcr_18_4,D,A,D,Y,51,183,C,CD2,9.844807
tcr_18_4,D,A,D,T,51,187,C,CB,8.99561
tcr_18_4,D,A,D,T,51,187,C,OG1,7.778178
tcr_18_4,D,A,D,Y,51,183,C,N,9.999394
tcr_18_4,D,A,D,A,51,182,C,CB,9.5255575
tcr_18_4,D,A,D,Q,51,179,C,O,9.98394
tcr_18_4,D,A,D,K,51,90,C,CG,9.847945
tcr_18_4,D,A,D,K,51,90,C,CE,8.447605
tcr_18_4,D,A,D,K,51,90,C,CD,9.680178
tcr_18_4,D,A,D,R,51,93,C,NH1,8.825305
tcr_18_4,D,A,D,Q,51,179,C,OE1,9.637301
tcr_18_4,D,A,D,R,51,86,O,CZ,9.226122
tcr_18_4,D,A,D,R,51,86,O,NE,9.26904
tcr_18_4,D,A,D,R,51,86,O,CG,8.976848
tcr_18_4,D,A,D,R,51,86,O,CB,9.473485
tcr_18_4,D,A,D,R,51,86,O,NH1,8.179028
tcr_18_4,D,A,D,R,51,86,O,CD,8.227504
tcr_18_4,D,A,D,T,51,187,O,CG2,9.173033
tcr_18_4,D,A,D,K,51,90,O,NZ,8.216947
tcr_18_4,D,A,D,T,51,187,O,CB,9.400776
tcr_18_4,D,A,D,T,51,187,O,OG1,8.288021
tcr_18_4,D,A,D,Q,51,89,O,OE1,9.864347
tcr_18_4,D,A,D,K,51,90,O,CG,8.993788
tcr_18_4,D,A,D,K,51,90,O,CE,7.7325563
tcr_18_4,D,A,D,K,51,90,O,CD,8.945642
tcr_18_4,D,A,D,R,51,93,O,NH2,9.6687765
tcr_18_4,D,A,D,R,51,93,O,NH1,8.042148
tcr_18_4,D,A,D,R,51,93,O,CZ,9.289036
tcr_18_4,D,A,D,Q,51,179,O,OE1,9.931647
tcr_18_4,D,A,D,E,51,190,CB,OE2,9.27326
tcr_18_4,D,A,D,C,51,188,CB,N,9.589127
tcr_18_4,D,A,D,G,51,186,CB,CA,9.34528
tcr_18_4,D,A,D,G,51,186,CB,C,9.075172
tcr_18_4,D,A,D,W,51,191,CB,NE1,9.000909
tcr_18_4,D,A,D,W,51,191,CB,CE2,9.99364
tcr_18_4,D,A,D,R,51,86,CB,NH1,9.022543
tcr_18_4,D,A,D,R,51,86,CB,CD,9.400294
tcr_18_4,D,A,D,T,51,187,CB,CG2,6.6228175
tcr_18_4,D,A,D,K,51,90,CB,NZ,7.411114
tcr_18_4,D,A,D,W,51,191,CB,CD1,9.389333
tcr_18_4,D,A,D,T,51,187,CB,O,9.667389
tcr_18_4,D,A,D,T,51,187,CB,C,9.022025
tcr_18_4,D,A,D,Y,51,183,CB,CB,7.538726
tcr_18_4,D,A,D,A,51,182,CB,O,7.81578
tcr_18_4,D,A,D,Y,51,183,CB,CD2,7.399801
tcr_18_4,D,A,D,T,51,187,CB,CA,7.750899
tcr_18_4,D,A,D,T,51,187,CB,CB,6.5362177
tcr_18_4,D,A,D,Y,51,183,CB,C,8.868104
tcr_18_4,D,A,D,Y,51,183,CB,CA,7.555379
tcr_18_4,D,A,D,T,51,187,CB,OG1,5.334497
tcr_18_4,D,A,D,T,51,187,CB,N,7.9209094
tcr_18_4,D,A,D,Y,51,183,CB,O,8.975434
tcr_18_4,D,A,D,A,51,182,CB,N,9.576122
tcr_18_4,D,A,D,A,51,182,CB,C,7.850068
tcr_18_4,D,A,D,A,51,182,CB,CA,8.541916
tcr_18_4,D,A,D,Y,51,183,CB,N,7.6821632
tcr_18_4,D,A,D,A,51,182,CB,CB,7.7137113
tcr_18_4,D,A,D,Q,51,179,CB,O,8.107068
tcr_18_4,D,A,D,Q,51,179,CB,CG,9.363564
tcr_18_4,D,A,D,Q,51,179,CB,CA,9.10235
tcr_18_4,D,A,D,E,51,87,CB,OE1,9.962311
tcr_18_4,D,A,D,Y,51,183,CB,CE2,8.288526
tcr_18_4,D,A,D,Y,51,183,CB,CZ,9.664295
tcr_18_4,D,A,D,Y,51,183,CB,CD1,9.487289
tcr_18_4,D,A,D,Y,51,183,CB,CG,8.078786
tcr_18_4,D,A,D,K,51,90,CB,CG,9.086659
tcr_18_4,D,A,D,K,51,90,CB,CE,7.3817387
tcr_18_4,D,A,D,K,51,90,CB,CD,8.59489
tcr_18_4,D,A,D,R,51,93,CB,NH1,9.266743
tcr_18_4,D,A,D,Q,51,179,CB,C,9.005416
tcr_18_4,D,A,D,Q,51,179,CB,OE1,9.152639
tcr_18_4,D,A,D,Q,51,179,CB,CD,9.814174
tcr_18_4,D,A,D,Q,51,179,CB,CB,9.061075
tcr_18_4,D,A,D,E,51,190,CG,OE2,9.965207
tcr_18_4,D,A,D,C,51,188,CG,N,9.80487
tcr_18_4,D,A,D,G,51,186,CG,CA,9.23631
tcr_18_4,D,A,D,G,51,186,CG,N,9.746395
tcr_18_4,D,A,D,G,51,186,CG,C,9.174684
tcr_18_4,D,A,D,T,51,187,CG,CG2,7.3053966
tcr_18_4,D,A,D,K,51,90,CG,NZ,8.358449
tcr_18_4,D,A,D,T,51,187,CG,C,9.410268
tcr_18_4,D,A,D,Y,51,183,CG,CB,6.9986672
tcr_18_4,D,A,D,A,51,182,CG,O,7.2036285
tcr_18_4,D,A,D,Y,51,183,CG,CD2,7.3591113
tcr_18_4,D,A,D,T,51,187,CG,CA,8.134608
tcr_18_4,D,A,D,T,51,187,CG,CB,6.950397
tcr_18_4,D,A,D,Y,51,183,CG,C,8.441753
tcr_18_4,D,A,D,Y,51,183,CG,CA,7.019211
tcr_18_4,D,A,D,T,51,187,CG,OG1,5.736643
tcr_18_4,D,A,D,T,51,187,CG,N,8.070541
tcr_18_4,D,A,D,L,51,184,CG,N,9.465271
tcr_18_4,D,A,D,Y,51,183,CG,O,8.7423725
tcr_18_4,D,A,D,R,51,181,CG,O,9.916568
tcr_18_4,D,A,D,R,51,181,CG,C,9.5939455
tcr_18_4,D,A,D,A,51,182,CG,N,8.49418
tcr_18_4,D,A,D,A,51,182,CG,C,7.0485926
tcr_18_4,D,A,D,A,51,182,CG,CA,7.5376287
tcr_18_4,D,A,D,Y,51,183,CG,N,6.8938785
tcr_18_4,D,A,D,A,51,182,CG,CB,6.5548635
tcr_18_4,D,A,D,Q,51,179,CG,O,6.9081464
tcr_18_4,D,A,D,E,51,178,CG,O,9.019938
tcr_18_4,D,A,D,Q,51,179,CG,CG,7.886194
tcr_18_4,D,A,D,Q,51,179,CG,CA,7.691367
tcr_18_4,D,A,D,Q,51,179,CG,N,9.015294
tcr_18_4,D,A,D,E,51,178,CG,C,9.529763
tcr_18_4,D,A,D,Y,51,183,CG,CE2,8.433767
tcr_18_4,D,A,D,Y,51,183,CG,CZ,9.736942
tcr_18_4,D,A,D,Y,51,183,CG,CD1,9.185755
tcr_18_4,D,A,D,R,51,180,CG,CA,9.412717
tcr_18_4,D,A,D,Y,51,183,CG,CG,7.7861147
tcr_18_4,D,A,D,R,51,180,CG,C,9.6609535
tcr_18_4,D,A,D,R,51,180,CG,O,9.478124
tcr_18_4,D,A,D,K,51,90,CG,CG,9.734859
tcr_18_4,D,A,D,K,51,90,CG,CE,8.2597275
tcr_18_4,D,A,D,K,51,90,CG,CD,9.315547
tcr_18_4,D,A,D,R,51,93,CG,NH1,9.098406
tcr_18_4,D,A,D,Q,51,179,CG,C,7.7264924
tcr_18_4,D,A,D,R,51,180,CG,N,8.908915
tcr_18_4,D,A,D,Q,51,179,CG,OE1,7.808906
tcr_18_4,D,A,D,Q,51,179,CG,CD,8.397323
tcr_18_4,D,A,D,Q,51,179,CG,NE2,9.699714
tcr_18_4,D,A,D,Q,51,179,CG,CB,7.649081
tcr_18_4,D,A,D,G,51,186,OD1,CA,9.557221
tcr_18_4,D,A,D,G,51,186,OD1,C,9.664953
tcr_18_4,D,A,D,T,51,187,OD1,CG2,8.295383
tcr_18_4,D,A,D,K,51,90,OD1,NZ,9.575098
tcr_18_4,D,A,D,Y,51,183,OD1,CB,7.797896
tcr_18_4,D,A,D,A,51,182,OD1,O,7.4764953
tcr_18_4,D,A,D,Y,51,183,OD1,CD2,8.408038
tcr_18_4,D,A,D,T,51,187,OD1,CA,8.882118
tcr_18_4,D,A,D,T,51,187,OD1,CB,7.8242245
tcr_18_4,D,A,D,Y,51,183,OD1,C,9.094324
tcr_18_4,D,A,D,Y,51,183,OD1,CA,7.676581
tcr_18_4,D,A,D,T,51,187,OD1,OG1,6.5324483
tcr_18_4,D,A,D,T,51,187,OD1,N,8.664994
tcr_18_4,D,A,D,Y,51,183,OD1,O,9.4331665
tcr_18_4,D,A,D,R,51,181,OD1,C,9.766361
tcr_18_4,D,A,D,A,51,182,OD1,N,8.580578
tcr_18_4,D,A,D,A,51,182,OD1,C,7.316057
tcr_18_4,D,A,D,A,51,182,OD1,CA,7.5820265
tcr_18_4,D,A,D,Y,51,183,OD1,N,7.3427463
tcr_18_4,D,A,D,A,51,182,OD1,CB,6.4292893
tcr_18_4,D,A,D,Q,51,179,OD1,O,7.200166
tcr_18_4,D,A,D,E,51,178,OD1,O,8.842494
tcr_18_4,D,A,D,Q,51,179,OD1,CG,7.713502
tcr_18_4,D,A,D,Q,51,179,OD1,CA,7.6894126
tcr_18_4,D,A,D,Q,51,179,OD1,N,8.910663
tcr_18_4,D,A,D,E,51,178,OD1,C,9.355643
tcr_18_4,D,A,D,Y,51,183,OD1,CE2,9.540226
tcr_18_4,D,A,D,R,51,180,OD1,CA,9.843974
tcr_18_4,D,A,D,Y,51,183,OD1,CG,8.723644
tcr_18_4,D,A,D,R,51,180,OD1,O,9.968141
tcr_18_4,D,A,D,K,51,90,OD1,CE,9.453935
tcr_18_4,D,A,D,R,51,93,OD1,NH1,9.668659
tcr_18_4,D,A,D,Q,51,179,OD1,C,7.9372516
tcr_18_4,D,A,D,R,51,180,OD1,N,9.192299
tcr_18_4,D,A,D,Q,51,179,OD1,OE1,7.7713165
tcr_18_4,D,A,D,Q,51,179,OD1,CD,8.278368
tcr_18_4,D,A,D,Q,51,179,OD1,NE2,9.550495
tcr_18_4,D,A,D,Q,51,179,OD1,CB,7.686892
tcr_18_4,D,A,D,C,51,188,OD2,N,9.344192
tcr_18_4,D,A,D,G,51,186,OD2,CA,9.090479
tcr_18_4,D,A,D,G,51,186,OD2,N,9.437738
tcr_18_4,D,A,D,G,51,186,OD2,C,9.012152
tcr_18_4,D,A,D,T,51,187,OD2,CG2,7.0755763
tcr_18_4,D,A,D,K,51,90,OD2,NZ,8.020542
tcr_18_4,D,A,D,T,51,187,OD2,O,9.959911
tcr_18_4,D,A,D,T,51,187,OD2,C,9.098213
tcr_18_4,D,A,D,Y,51,183,OD2,CB,6.008539
tcr_18_4,D,A,D,A,51,182,OD2,O,6.7676487
tcr_18_4,D,A,D,Y,51,183,OD2,CD2,6.486853
tcr_18_4,D,A,D,T,51,187,OD2,CA,7.936705
tcr_18_4,D,A,D,T,51,187,OD2,CB,6.6748505
tcr_18_4,D,A,D,Y,51,183,OD2,C,7.6888523
tcr_18_4,D,A,D,Y,51,183,OD2,CA,6.2112246
tcr_18_4,D,A,D,T,51,187,OD2,OG1,5.607044
tcr_18_4,D,A,D,T,51,187,OD2,N,7.868139
tcr_18_4,D,A,D,L,51,184,OD2,N,8.645643
tcr_18_4,D,A,D,Y,51,183,OD2,O,8.10198
tcr_18_4,D,A,D,R,51,181,OD2,O,9.232514
tcr_18_4,D,A,D,R,51,181,OD2,CA,9.816899
tcr_18_4,D,A,D,R,51,181,OD2,C,8.8514595
tcr_18_4,D,A,D,A,51,182,OD2,N,7.792274
tcr_18_4,D,A,D,A,51,182,OD2,C,6.455178
tcr_18_4,D,A,D,A,51,182,OD2,CA,6.9837956
tcr_18_4,D,A,D,Y,51,183,OD2,N,6.108202
tcr_18_4,D,A,D,A,51,182,OD2,CB,6.0772395
tcr_18_4,D,A,D,Q,51,179,OD2,O,5.901909
tcr_18_4,D,A,D,E,51,178,OD2,O,8.320747
tcr_18_4,D,A,D,Q,51,179,OD2,CG,7.101635
tcr_18_4,D,A,D,Q,51,179,OD2,CA,6.7889714
tcr_18_4,D,A,D,Q,51,179,OD2,N,8.174067
tcr_18_4,D,A,D,E,51,178,OD2,C,8.770358
tcr_18_4,D,A,D,Y,51,183,OD2,CE2,7.6161976
tcr_18_4,D,A,D,Y,51,183,OD2,CZ,8.865515
tcr_18_4,D,A,D,Y,51,183,OD2,CD1,8.196882
tcr_18_4,D,A,D,Y,51,183,OD2,CE1,9.12155
tcr_18_4,D,A,D,R,51,180,OD2,CA,8.2987
tcr_18_4,D,A,D,Y,51,183,OD2,CG,6.821468
tcr_18_4,D,A,D,R,51,180,OD2,C,8.634763
tcr_18_4,D,A,D,R,51,180,OD2,O,8.470031
tcr_18_4,D,A,D,K,51,90,OD2,CG,9.234504
tcr_18_4,D,A,D,K,51,90,OD2,CE,7.901894
tcr_18_4,D,A,D,K,51,90,OD2,CD,8.808619
tcr_18_4,D,A,D,R,51,93,OD2,NH1,8.641187
tcr_18_4,D,A,D,R,51,93,OD2,CZ,9.685692
tcr_18_4,D,A,D,R,51,181,OD2,N,9.28137
tcr_18_4,D,A,D,Q,51,179,OD2,C,6.7116675
tcr_18_4,D,A,D,R,51,180,OD2,N,7.8380365
tcr_18_4,D,A,D,R,51,180,OD2,CG,9.599991
tcr_18_4,D,A,D,R,51,180,OD2,CB,9.629236
tcr_18_4,D,A,D,E,51,176,OD2,O,9.918181
tcr_18_4,D,A,D,Q,51,179,OD2,OE1,7.01175
tcr_18_4,D,A,D,Q,51,179,OD2,CD,7.6031313
tcr_18_4,D,A,D,Q,51,179,OD2,NE2,8.915351
tcr_18_4,D,A,D,Q,51,179,OD2,CB,6.701662
tcr_18_4,D,A,Y,R,52,86,N,NH1,9.958282
tcr_18_4,D,A,Y,T,52,187,N,CG2,9.981262
tcr_18_4,D,A,Y,T,52,187,N,CB,9.878844
tcr_18_4,D,A,Y,T,52,187,N,OG1,8.597156
tcr_18_4,D,A,Y,A,52,182,N,CB,9.433405
tcr_18_4,D,A,Y,Q,52,179,N,CG,9.816937
tcr_18_4,D,A,Y,K,52,90,N,CE,9.679773
tcr_18_4,D,A,Y,R,52,93,N,NH1,9.172842
tcr_18_4,D,A,Y,Q,52,179,N,OE1,9.315097
tcr_18_4,D,A,Y,R,52,93,CA,NH2,9.881715
tcr_18_4,D,A,Y,R,52,93,CA,NH1,8.784632
tcr_18_4,D,A,Y,R,52,93,CA,CZ,9.872537
tcr_18_4,D,A,Y,Q,52,179,CA,OE1,9.315812
tcr_18_4,D,A,Y,Q,52,179,C,CG,9.486228
tcr_18_4,D,A,Y,R,52,93,C,NH1,9.44579
tcr_18_4,D,A,Y,Q,52,179,C,OE1,8.885641
tcr_18_4,D,A,Y,Q,52,179,C,CD,9.547959
tcr_18_4,D,A,Y,A,52,182,O,CB,9.354529
tcr_18_4,D,A,Y,Q,52,179,O,CG,9.141113
tcr_18_4,D,A,Y,Q,52,179,O,OE1,8.855036
tcr_18_4,D,A,Y,Q,52,179,O,CD,9.382054
tcr_18_4,D,A,Y,Q,52,179,O,CB,9.747418
tcr_18_4,D,A,Y,R,52,93,CB,NH1,9.481668
tcr_18_4,D,A,Y,R,52,86,CD1,NH1,8.883039
tcr_18_4,D,A,Y,R,52,86,CD1,CD,9.866832
tcr_18_4,D,A,Y,R,52,86,CE1,NH1,9.156218
tcr_18_4,D,A,Y,Q,53,179,N,CG,9.716329
tcr_18_4,D,A,Y,R,53,93,N,NH2,9.828012
tcr_18_4,D,A,Y,R,53,93,N,NH1,9.249713
tcr_18_4,D,A,Y,Q,53,179,N,OE1,8.90963
tcr_18_4,D,A,Y,Q,53,179,N,CD,9.60303
tcr_18_4,D,A,Y,Q,53,179,CA,CG,9.633073
tcr_18_4,D,A,Y,Q,53,179,CA,OE1,8.930762
tcr_18_4,D,A,Y,Q,53,179,CA,CD,9.505496
tcr_18_4,D,A,Y,Q,53,179,CB,CG,8.752537
tcr_18_4,D,A,Y,R,53,93,CB,NH2,9.46279
tcr_18_4,D,A,Y,R,53,93,CB,NH1,9.414153
tcr_18_4,D,A,Y,Q,53,179,CB,OE1,7.859381
tcr_18_4,D,A,Y,Q,53,179,CB,CD,8.447516
tcr_18_4,D,A,Y,Q,53,179,CB,NE2,9.127249
tcr_18_4,D,A,Y,Q,53,179,CB,CB,9.779098
tcr_18_4,D,A,Y,Q,53,179,CG,CG,7.295223
tcr_18_4,D,A,Y,Q,53,179,CG,CA,9.022885
tcr_18_4,D,A,Y,Q,53,179,CG,N,9.82981
tcr_18_4,D,A,Y,R,53,93,CG,NH2,8.868329
tcr_18_4,D,A,Y,R,53,93,CG,NH1,8.747663
tcr_18_4,D,A,Y,R,53,93,CG,CZ,9.385828
tcr_18_4,D,A,Y,Q,53,179,CG,OE1,6.4293394
tcr_18_4,D,A,Y,Q,53,179,CG,CD,7.0250664
tcr_18_4,D,A,Y,Q,53,179,CG,NE2,7.789224
tcr_18_4,D,A,Y,Q,53,179,CG,CB,8.278949
tcr_18_4,D,A,Y,A,53,182,CD1,CB,9.113171
tcr_18_4,D,A,Y,Q,53,179,CD1,O,9.302458
tcr_18_4,D,A,Y,E,53,178,CD1,O,9.568678
tcr_18_4,D,A,Y,Q,53,179,CD1,CG,6.412721
tcr_18_4,D,A,Y,Q,53,179,CD1,CA,8.11773
tcr_18_4,D,A,Y,Q,53,179,CD1,N,8.80149
tcr_18_4,D,A,Y,E,53,178,CD1,C,9.45973
tcr_18_4,D,A,Y,E,53,178,CD1,CG,9.539684
tcr_18_4,D,A,Y,E,53,178,CD1,CD,9.406991
tcr_18_4,D,A,Y,E,53,178,CD1,OE2,8.841766
tcr_18_4,D,A,Y,E,53,178,CD1,CB,9.859906
tcr_18_4,D,A,Y,R,53,93,CD1,NH2,9.746185
tcr_18_4,D,A,Y,R,53,93,CD1,NH1,9.658241
tcr_18_4,D,A,Y,Q,53,179,CD1,C,9.258808
tcr_18_4,D,A,Y,A,53,174,CD1,O,9.220283
tcr_18_4,D,A,Y,Q,53,179,CD1,OE1,5.951795
tcr_18_4,D,A,Y,Q,53,179,CD1,CD,6.3301225
tcr_18_4,D,A,Y,Q,53,179,CD1,NE2,7.076842
tcr_18_4,D,A,Y,Q,53,179,CD1,CB,7.49495
tcr_18_4,D,A,Y,R,53,175,CD1,O,9.433206
tcr_18_4,D,A,Y,R,53,175,CD1,CB,9.917036
tcr_18_4,D,A,Y,A,53,182,CD2,CB,9.899518
tcr_18_4,D,A,Y,Q,53,179,CD2,O,9.5426445
tcr_18_4,D,A,Y,Q,53,179,CD2,CG,7.048314
tcr_18_4,D,A,Y,Q,53,179,CD2,CA,8.710927
tcr_18_4,D,A,Y,Q,53,179,CD2,N,9.666279
tcr_18_4,D,A,Y,R,53,93,CD2,NH2,7.6531563
tcr_18_4,D,A,Y,R,53,93,CD2,NH1,7.390909
tcr_18_4,D,A,Y,R,53,93,CD2,CZ,8.081368
tcr_18_4,D,A,Y,R,53,93,CD2,NE,9.345445
tcr_18_4,D,A,Y,Q,53,179,CD2,C,9.601941
tcr_18_4,D,A,Y,Q,53,179,CD2,OE1,5.8719573
tcr_18_4,D,A,Y,Q,53,179,CD2,CD,6.664777
tcr_18_4,D,A,Y,Q,53,179,CD2,NE2,7.5244317
tcr_18_4,D,A,Y,Q,53,179,CD2,CB,7.8548193
tcr_18_4,D,A,Y,A,53,182,CE1,N,9.801362
tcr_18_4,D,A,Y,A,53,182,CE1,C,9.900231
tcr_18_4,D,A,Y,A,53,182,CE1,CA,9.410659
tcr_18_4,D,A,Y,Y,53,183,CE1,N,9.855602
tcr_18_4,D,A,Y,A,53,182,CE1,CB,7.9390025
tcr_18_4,D,A,Y,Q,53,179,CE1,O,7.933804
tcr_18_4,D,A,Y,E,53,178,CE1,O,8.27233
tcr_18_4,D,A,Y,Q,53,179,CE1,CG,5.0779915
tcr_18_4,D,A,Y,Q,53,179,CE1,CA,6.7233014
tcr_18_4,D,A,Y,Q,53,179,CE1,N,7.448065
tcr_18_4,D,A,Y,E,53,178,CE1,C,8.147637
tcr_18_4,D,A,Y,E,53,178,CE1,CA,9.151933
tcr_18_4,D,A,Y,E,53,178,CE1,CG,8.4772215
tcr_18_4,D,A,Y,E,53,178,CE1,CD,8.509018
tcr_18_4,D,A,Y,R,53,175,CE1,CG,9.964766
tcr_18_4,D,A,Y,E,53,178,CE1,OE1,9.248931
tcr_18_4,D,A,Y,E,53,178,CE1,OE2,8.004494
tcr_18_4,D,A,Y,R,53,175,CE1,CD,9.512173
tcr_18_4,D,A,Y,E,53,178,CE1,CB,8.713645
tcr_18_4,D,A,Y,R,53,93,CE1,NH2,9.571924
tcr_18_4,D,A,Y,R,53,93,CE1,NH1,9.408131
tcr_18_4,D,A,Y,Q,53,179,CE1,C,7.8608823
tcr_18_4,D,A,Y,R,53,180,CE1,N,8.974255
tcr_18_4,D,A,Y,E,53,178,CE1,N,9.850946
tcr_18_4,D,A,Y,E,53,176,CE1,O,9.384523
tcr_18_4,D,A,Y,R,53,175,CE1,C,9.144272
tcr_18_4,D,A,Y,A,53,174,CE1,O,8.4096365
tcr_18_4,D,A,Y,Q,53,179,CE1,OE1,4.7930393
tcr_18_4,D,A,Y,Q,53,179,CE1,CD,5.116224
tcr_18_4,D,A,Y,Q,53,179,CE1,NE2,5.9809413
tcr_18_4,D,A,Y,Q,53,179,CE1,CB,6.109584
tcr_18_4,D,A,Y,R,53,175,CE1,O,8.279333
tcr_18_4,D,A,Y,E,53,176,CE1,CA,9.651318
tcr_18_4,D,A,Y,E,53,176,CE1,N,9.7986765
tcr_18_4,D,A,Y,E,53,176,CE1,C,9.948753
tcr_18_4,D,A,Y,E,53,176,CE1,OE2,9.316438
tcr_18_4,D,A,Y,E,53,176,CE1,CD,9.957831
tcr_18_4,D,A,Y,R,53,175,CE1,CA,9.752003
tcr_18_4,D,A,Y,A,53,174,CE1,C,9.616086
tcr_18_4,D,A,Y,R,53,175,CE1,CB,9.038936
tcr_18_4,D,A,Y,A,53,182,CE2,CB,8.82632
tcr_18_4,D,A,Y,Q,53,179,CE2,O,8.207854
tcr_18_4,D,A,Y,E,53,178,CE2,O,9.48395
tcr_18_4,D,A,Y,Q,53,179,CE2,CG,5.8596854
tcr_18_4,D,A,Y,Q,53,179,CE2,CA,7.425779
tcr_18_4,D,A,Y,Q,53,179,CE2,N,8.451628
tcr_18_4,D,A,Y,E,53,178,CE2,C,9.360185
tcr_18_4,D,A,Y,R,53,93,CE2,NH2,7.4217772
tcr_18_4,D,A,Y,R,53,93,CE2,NH1,7.049302
tcr_18_4,D,A,Y,R,53,93,CE2,CD,9.723099
tcr_18_4,D,A,Y,R,53,93,CE2,CZ,7.7432837
tcr_18_4,D,A,Y,R,53,93,CE2,NE,8.935336
tcr_18_4,D,A,Y,Q,53,179,CE2,C,8.25739
tcr_18_4,D,A,Y,R,53,180,CE2,N,9.297786
tcr_18_4,D,A,Y,E,53,176,CE2,O,9.89322
tcr_18_4,D,A,Y,A,53,174,CE2,O,9.355985
tcr_18_4,D,A,Y,Q,53,179,CE2,OE1,4.691123
tcr_18_4,D,A,Y,Q,53,179,CE2,CD,5.52461
tcr_18_4,D,A,Y,Q,53,179,CE2,NE2,6.505951
tcr_18_4,D,A,Y,Q,53,179,CE2,CB,6.542894
tcr_18_4,D,A,Y,R,53,175,CE2,O,9.44409
tcr_18_4,D,A,Y,E,53,176,CE2,OE2,9.120457
tcr_18_4,D,A,Y,E,53,176,CE2,OE1,9.564892
tcr_18_4,D,A,Y,E,53,176,CE2,CD,9.7093315
tcr_18_4,D,A,Y,Y,53,183,CZ,CB,9.658377
tcr_18_4,D,A,Y,Y,53,183,CZ,CA,9.969203
tcr_18_4,D,A,Y,A,53,182,CZ,N,9.52115
tcr_18_4,D,A,Y,A,53,182,CZ,C,9.471896
tcr_18_4,D,A,Y,A,53,182,CZ,CA,9.158774
tcr_18_4,D,A,Y,Y,53,183,CZ,N,9.259646
tcr_18_4,D,A,Y,A,53,182,CZ,CB,7.7700605
tcr_18_4,D,A,Y,Q,53,179,CZ,O,7.303095
tcr_18_4,D,A,Y,E,53,178,CZ,O,8.222601
tcr_18_4,D,A,Y,Q,53,179,CZ,CG,4.735404
tcr_18_4,D,A,Y,Q,53,179,CZ,CA,6.3112493
tcr_18_4,D,A,Y,Q,53,179,CZ,N,7.24419
tcr_18_4,D,A,Y,E,53,178,CZ,C,8.090676
tcr_18_4,D,A,Y,E,53,178,CZ,CA,9.222298
tcr_18_4,D,A,Y,E,53,178,CZ,CG,8.924821
tcr_18_4,D,A,Y,E,53,178,CZ,CD,9.169291
tcr_18_4,D,A,Y,E,53,178,CZ,OE2,8.718267
tcr_18_4,D,A,Y,E,53,178,CZ,CB,8.999089
tcr_18_4,D,A,Y,R,53,180,CZ,CA,9.512314
tcr_18_4,D,A,Y,R,53,93,CZ,NH2,8.46887
tcr_18_4,D,A,Y,R,53,93,CZ,NH1,8.16888
tcr_18_4,D,A,Y,R,53,93,CZ,CZ,8.8013735
tcr_18_4,D,A,Y,R,53,93,CZ,NE,9.934524
tcr_18_4,D,A,Y,Q,53,179,CZ,C,7.28153
tcr_18_4,D,A,Y,R,53,180,CZ,N,8.362984
tcr_18_4,D,A,Y,E,53,178,CZ,N,9.805668
tcr_18_4,D,A,Y,E,53,176,CZ,O,8.920709
tcr_18_4,D,A,Y,R,53,175,CZ,C,9.141799
tcr_18_4,D,A,Y,A,53,174,CZ,O,8.492227
tcr_18_4,D,A,Y,Q,53,179,CZ,OE1,4.0385427
tcr_18_4,D,A,Y,Q,53,179,CZ,CD,4.631764
tcr_18_4,D,A,Y,Q,53,179,CZ,NE2,5.6544175
tcr_18_4,D,A,Y,Q,53,179,CZ,CB,5.5379605
tcr_18_4,D,A,Y,R,53,175,CZ,O,8.290941
tcr_18_4,D,A,Y,E,53,176,CZ,CA,9.286012
tcr_18_4,D,A,Y,E,53,176,CZ,N,9.630353
tcr_18_4,D,A,Y,E,53,176,CZ,C,9.574808
tcr_18_4,D,A,Y,E,53,176,CZ,OE2,8.622687
tcr_18_4,D,A,Y,E,53,176,CZ,OE1,9.15941
tcr_18_4,D,A,Y,E,53,176,CZ,CD,9.192576
tcr_18_4,D,A,Y,R,53,175,CZ,CA,9.930067
tcr_18_4,D,A,Y,A,53,174,CZ,C,9.710233
tcr_18_4,D,A,Y,R,53,175,CZ,CB,9.418205
tcr_18_4,D,A,Y,Y,53,183,OH,CB,8.474968
tcr_18_4,D,A,Y,A,53,182,OH,O,9.213257
tcr_18_4,D,A,Y,Y,53,183,OH,CD2,9.831266
tcr_18_4,D,A,Y,Y,53,183,OH,CA,8.842598
tcr_18_4,D,A,Y,T,53,187,OH,OG1,9.9300585
tcr_18_4,D,A,Y,R,53,181,OH,C,9.587147
tcr_18_4,D,A,Y,A,53,182,OH,N,8.369588
tcr_18_4,D,A,Y,A,53,182,OH,C,8.416373
tcr_18_4,D,A,Y,A,53,182,OH,CA,8.113813
tcr_18_4,D,A,Y,Y,53,183,OH,N,8.113536
tcr_18_4,D,A,Y,A,53,182,OH,CB,6.8009033
tcr_18_4,D,A,Y,Q,53,179,OH,O,5.989757
tcr_18_4,D,A,Y,E,53,178,OH,O,7.1176877
tcr_18_4,D,A,Y,Q,53,179,OH,CG,3.642201
tcr_18_4,D,A,Y,Q,53,179,OH,CA,5.032907
tcr_18_4,D,A,Y,Q,53,179,OH,N,6.062744
tcr_18_4,D,A,Y,E,53,178,OH,C,6.972438
tcr_18_4,D,A,Y,E,53,178,OH,CA,8.177673
tcr_18_4,D,A,Y,E,53,178,OH,CG,8.167278
tcr_18_4,D,A,Y,E,53,178,OH,CD,8.611038
tcr_18_4,D,A,Y,E,53,178,OH,OE1,9.520436
tcr_18_4,D,A,Y,E,53,178,OH,OE2,8.251235
tcr_18_4,D,A,Y,R,53,175,OH,CD,9.919913
tcr_18_4,D,A,Y,E,53,178,OH,CB,8.124572
tcr_18_4,D,A,Y,R,53,180,OH,CA,8.14573
tcr_18_4,D,A,Y,Y,53,183,OH,CG,9.634469
tcr_18_4,D,A,Y,R,53,180,OH,C,8.914401
tcr_18_4,D,A,Y,R,53,180,OH,O,9.383972
tcr_18_4,D,A,Y,R,53,93,OH,NH2,8.623503
tcr_18_4,D,A,Y,R,53,93,OH,NH1,8.237926
tcr_18_4,D,A,Y,R,53,93,OH,CZ,8.846583
tcr_18_4,D,A,Y,R,53,93,OH,NE,9.871244
tcr_18_4,D,A,Y,A,53,177,OH,O,9.48939
tcr_18_4,D,A,Y,R,53,181,OH,N,9.212254
tcr_18_4,D,A,Y,Q,53,179,OH,C,5.941974
tcr_18_4,D,A,Y,A,53,177,OH,C,9.326157
tcr_18_4,D,A,Y,R,53,180,OH,N,7.0096087
tcr_18_4,D,A,Y,E,53,178,OH,N,8.707657
tcr_18_4,D,A,Y,R,53,180,OH,CG,8.848269
tcr_18_4,D,A,Y,A,53,177,OH,N,9.550278
tcr_18_4,D,A,Y,R,53,180,OH,CB,9.197844
tcr_18_4,D,A,Y,E,53,176,OH,O,7.691943
tcr_18_4,D,A,Y,R,53,175,OH,C,8.301974
tcr_18_4,D,A,Y,A,53,174,OH,O,8.020457
tcr_18_4,D,A,Y,Q,53,179,OH,OE1,3.1662927
tcr_18_4,D,A,Y,Q,53,179,OH,CD,3.7115276
tcr_18_4,D,A,Y,Q,53,179,OH,NE2,4.896085
tcr_18_4,D,A,Y,Q,53,179,OH,CB,4.246969
tcr_18_4,D,A,Y,R,53,175,OH,O,7.4003224
tcr_18_4,D,A,Y,E,53,176,OH,CA,8.253034
tcr_18_4,D,A,Y,E,53,176,OH,N,8.723864
tcr_18_4,D,A,Y,E,53,176,OH,C,8.424851
tcr_18_4,D,A,Y,E,53,176,OH,OE2,7.707526
tcr_18_4,D,A,Y,E,53,176,OH,CB,9.297761
tcr_18_4,D,A,Y,E,53,176,OH,CG,9.177289
tcr_18_4,D,A,Y,E,53,176,OH,OE1,8.076103
tcr_18_4,D,A,Y,E,53,176,OH,CD,8.152387
tcr_18_4,D,A,Y,R,53,175,OH,CA,9.243747
tcr_18_4,D,A,Y,A,53,174,OH,C,9.206428
tcr_18_4,D,A,Y,R,53,175,OH,CB,8.861972
tcr_18_4,D,A,Y,R,53,175,OH,N,9.775546
tcr_18_4,D,A,F,Q,55,179,CE1,OE1,9.649666
tcr_18_4,D,A,F,Q,55,179,CE1,CD,9.985601
tcr_18_4,D,A,F,R,55,93,CE2,NH2,9.961473
tcr_18_4,D,A,F,Q,55,179,CE2,OE1,9.896513
tcr_18_4,D,A,F,R,55,93,CZ,NH2,9.8710785
tcr_18_4,D,A,F,Q,55,179,CZ,OE1,9.023226
tcr_18_4,D,A,F,Q,55,179,CZ,CD,9.508532
tcr_18_4,D,A,F,Q,55,179,CZ,NE2,9.724252
tcr_18_4,D,A,R,R,70,175,N,NH1,9.845489
tcr_18_4,D,A,R,R,70,175,CA,NH1,9.627906
tcr_18_4,D,A,R,R,70,175,C,NH1,9.324758
tcr_18_4,D,A,R,R,70,175,O,NH1,8.604308
tcr_18_4,D,A,R,R,70,175,O,NH2,9.859196
tcr_18_4,D,A,R,E,70,178,O,OE2,9.829835
tcr_18_4,D,A,R,R,70,175,O,CZ,9.530555
tcr_18_4,D,A,R,R,70,175,CB,NH1,8.700049
tcr_18_4,D,A,R,R,70,175,CB,NH2,9.704278
tcr_18_4,D,A,R,R,70,175,CB,CD,9.75143
tcr_18_4,D,A,R,R,70,175,CB,NE,9.796236
tcr_18_4,D,A,R,R,70,175,CB,CZ,9.322107
tcr_18_4,D,A,R,Q,70,179,CG,CG,9.542366
tcr_18_4,D,A,R,R,70,175,CG,NH1,8.589589
tcr_18_4,D,A,R,R,70,175,CG,NH2,9.846744
tcr_18_4,D,A,R,E,70,178,CG,OE2,9.263441
tcr_18_4,D,A,R,R,70,175,CG,CD,9.330951
tcr_18_4,D,A,R,R,70,175,CG,NE,9.604246
tcr_18_4,D,A,R,R,70,175,CG,CZ,9.269855
tcr_18_4,D,A,R,A,70,174,CG,O,9.894603
tcr_18_4,D,A,R,Q,70,179,CG,OE1,9.366685
tcr_18_4,D,A,R,Q,70,179,CG,CD,9.347426
tcr_18_4,D,A,R,Q,70,179,CG,NE2,9.467524
tcr_18_4,D,A,R,Q,70,179,CD,CG,8.535037
tcr_18_4,D,A,R,E,70,178,CD,CD,9.545908
tcr_18_4,D,A,R,R,70,175,CD,CG,9.100375
tcr_18_4,D,A,R,R,70,175,CD,NH1,7.9488935
tcr_18_4,D,A,R,R,70,175,CD,NH2,9.137553
tcr_18_4,D,A,R,E,70,178,CD,OE2,8.569267
tcr_18_4,D,A,R,R,70,175,CD,CD,8.295653
tcr_18_4,D,A,R,R,70,175,CD,NE,8.647536
tcr_18_4,D,A,R,R,70,175,CD,CZ,8.489883
tcr_18_4,D,A,R,A,70,174,CD,O,8.447624
tcr_18_4,D,A,R,Q,70,179,CD,OE1,8.25758
tcr_18_4,D,A,R,Q,70,179,CD,CD,8.199039
tcr_18_4,D,A,R,Q,70,179,CD,NE2,8.187318
tcr_18_4,D,A,R,R,70,175,CD,O,9.873368
tcr_18_4,D,A,R,A,70,174,CD,C,9.401509
tcr_18_4,D,A,R,R,70,175,CD,CB,8.998179
tcr_18_4,D,A,R,Q,70,179,NE,CG,8.329594
tcr_18_4,D,A,R,E,70,178,NE,CG,9.478127
tcr_18_4,D,A,R,E,70,178,NE,CD,8.562929
tcr_18_4,D,A,R,R,70,175,NE,CG,7.886427
tcr_18_4,D,A,R,E,70,178,NE,OE1,9.036091
tcr_18_4,D,A,R,R,70,175,NE,NH1,6.513849
tcr_18_4,D,A,R,R,70,175,NE,NH2,7.661174
tcr_18_4,D,A,R,E,70,178,NE,OE2,7.523164
tcr_18_4,D,A,R,R,70,175,NE,CD,6.9861374
tcr_18_4,D,A,R,R,70,175,NE,NE,7.2398534
tcr_18_4,D,A,R,R,70,175,NE,CZ,7.031683
tcr_18_4,D,A,R,E,70,178,NE,CB,9.734205
tcr_18_4,D,A,R,R,70,175,NE,C,9.505216
tcr_18_4,D,A,R,A,70,174,NE,O,7.747181
tcr_18_4,D,A,R,Q,70,179,NE,OE1,8.369719
tcr_18_4,D,A,R,Q,70,179,NE,CD,8.097756
tcr_18_4,D,A,R,Q,70,179,NE,NE2,7.938375
tcr_18_4,D,A,R,Q,70,179,NE,CB,9.846247
tcr_18_4,D,A,R,R,70,175,NE,O,9.127055
tcr_18_4,D,A,R,A,70,173,NE,O,9.501398
tcr_18_4,D,A,R,R,70,175,NE,CA,9.123961
tcr_18_4,D,A,R,A,70,174,NE,CA,9.302537
tcr_18_4,D,A,R,A,70,174,NE,C,8.60053
tcr_18_4,D,A,R,R,70,175,NE,CB,7.9380493
tcr_18_4,D,A,R,R,70,175,NE,N,9.174131
tcr_18_4,D,A,R,Q,70,179,CZ,CG,8.280055
tcr_18_4,D,A,R,E,70,178,CZ,CG,9.448048
tcr_18_4,D,A,R,E,70,178,CZ,CD,8.51784
tcr_18_4,D,A,R,R,70,175,CZ,CG,6.9988623
tcr_18_4,D,A,R,E,70,178,CZ,OE1,9.070816
tcr_18_4,D,A,R,R,70,175,CZ,NH1,6.027979
tcr_18_4,D,A,R,R,70,175,CZ,NH2,6.9142046
tcr_18_4,D,A,R,E,70,178,CZ,OE2,7.379456
tcr_18_4,D,A,R,R,70,175,CZ,CD,6.212937
tcr_18_4,D,A,R,R,70,175,CZ,NE,6.3971467
tcr_18_4,D,A,R,R,70,175,CZ,CZ,6.3208294
tcr_18_4,D,A,R,E,70,178,CZ,CB,9.529899
tcr_18_4,D,A,R,R,70,175,CZ,C,8.828281
tcr_18_4,D,A,R,A,70,174,CZ,O,6.858185
tcr_18_4,D,A,R,Q,70,179,CZ,OE1,8.293028
tcr_18_4,D,A,R,Q,70,179,CZ,CD,7.9322596
tcr_18_4,D,A,R,Q,70,179,CZ,NE2,7.561495
tcr_18_4,D,A,R,Q,70,179,CZ,CB,9.813736
tcr_18_4,D,A,R,R,70,175,CZ,O,8.6045265
tcr_18_4,D,A,R,E,70,176,CZ,N,9.748432
tcr_18_4,D,A,R,A,70,174,CZ,CB,9.0499735
tcr_18_4,D,A,R,A,70,174,CZ,N,9.236673
tcr_18_4,D,A,R,A,70,173,CZ,O,8.246609
tcr_18_4,D,A,R,R,70,175,CZ,CA,8.307705
tcr_18_4,D,A,R,A,70,174,CZ,CA,8.213674
tcr_18_4,D,A,R,A,70,174,CZ,C,7.613545
tcr_18_4,D,A,R,R,70,175,CZ,CB,7.174078
tcr_18_4,D,A,R,R,70,175,CZ,N,8.211851
tcr_18_4,D,A,R,A,70,173,CZ,C,9.192924
tcr_18_4,D,A,R,Q,70,179,NH1,CG,8.231478
tcr_18_4,D,A,R,E,70,178,NH1,CD,9.255126
tcr_18_4,D,A,R,R,70,175,NH1,CG,7.160516
tcr_18_4,D,A,R,E,70,178,NH1,OE1,9.9279
tcr_18_4,D,A,R,R,70,175,NH1,NH1,6.9018674
tcr_18_4,D,A,R,R,70,175,NH1,NH2,7.6037903
tcr_18_4,D,A,R,E,70,178,NH1,OE2,8.085698
tcr_18_4,D,A,R,R,70,175,NH1,CD,6.6321282
tcr_18_4,D,A,R,R,70,175,NH1,NE,6.885294
tcr_18_4,D,A,R,R,70,175,NH1,CZ,7.0149007
tcr_18_4,D,A,R,E,70,178,NH1,CB,9.967655
tcr_18_4,D,A,R,R,70,175,NH1,C,8.693802
tcr_18_4,D,A,R,A,70,174,NH1,O,6.3769317
tcr_18_4,D,A,R,Q,70,179,NH1,OE1,7.9167376
tcr_18_4,D,A,R,Q,70,179,NH1,CD,7.650813
tcr_18_4,D,A,R,Q,70,179,NH1,NE2,7.1782885
tcr_18_4,D,A,R,Q,70,179,NH1,CB,9.75645
tcr_18_4,D,A,R,R,70,175,NH1,O,8.584366
tcr_18_4,D,A,R,E,70,176,NH1,N,9.477029
tcr_18_4,D,A,R,A,70,174,NH1,CB,8.267516
tcr_18_4,D,A,R,A,70,174,NH1,N,8.640924
tcr_18_4,D,A,R,A,70,173,NH1,O,7.7184896
tcr_18_4,D,A,R,R,70,175,NH1,CA,8.211631
tcr_18_4,D,A,R,A,70,174,NH1,CA,7.5566297
tcr_18_4,D,A,R,A,70,174,NH1,C,7.1429195
tcr_18_4,D,A,R,R,70,175,NH1,CB,7.266105
tcr_18_4,D,A,R,R,70,175,NH1,N,7.9188147
tcr_18_4,D,A,R,A,70,173,NH1,C,8.654153
tcr_18_4,D,A,R,Q,70,179,NH2,CG,8.604006
tcr_18_4,D,A,R,E,70,178,NH2,CG,9.056144
tcr_18_4,D,A,R,E,70,178,NH2,CD,7.9923887
tcr_18_4,D,A,R,R,70,175,NH2,CG,6.204079
tcr_18_4,D,A,R,E,70,178,NH2,OE1,8.473069
tcr_18_4,D,A,R,R,70,175,NH2,NH1,4.886876
tcr_18_4,D,A,R,R,70,175,NH2,NH2,5.631059
tcr_18_4,D,A,R,E,70,178,NH2,OE2,6.8238783
tcr_18_4,D,A,R,R,70,175,NH2,CD,5.2924833
tcr_18_4,D,A,R,R,70,175,NH2,NE,5.277993
tcr_18_4,D,A,R,R,70,175,NH2,CZ,5.107696
tcr_18_4,D,A,R,E,70,178,NH2,CB,9.144053
tcr_18_4,D,A,R,R,70,175,NH2,C,8.550108
tcr_18_4,D,A,R,A,70,174,NH2,O,6.7536445
tcr_18_4,D,A,R,Q,70,179,NH2,OE1,8.896437
tcr_18_4,D,A,R,Q,70,179,NH2,CD,8.375027
tcr_18_4,D,A,R,Q,70,179,NH2,NE2,7.8992076
tcr_18_4,D,A,R,R,70,175,NH2,O,8.389833
tcr_18_4,D,A,R,E,70,176,NH2,N,9.546226
tcr_18_4,D,A,R,A,70,174,NH2,CB,9.011285
tcr_18_4,D,A,R,A,70,174,NH2,N,8.858887
tcr_18_4,D,A,R,A,70,173,NH2,O,7.686451
tcr_18_4,D,A,R,R,70,175,NH2,CA,7.8420906
tcr_18_4,D,A,R,A,70,174,NH2,CA,7.990524
tcr_18_4,D,A,R,A,70,174,NH2,C,7.3509984
tcr_18_4,D,A,R,R,70,175,NH2,CB,6.610415
tcr_18_4,D,A,R,R,70,175,NH2,N,7.7795715
tcr_18_4,D,A,R,A,70,173,NH2,C,8.674174
tcr_18_4,D,A,R,E,70,172,NH2,O,9.684383
tcr_18_4,D,A,R,A,70,173,NH2,CA,9.952355
tcr_18_4,D,A,Q,E,71,178,C,OE2,9.687614
tcr_18_4,D,A,Q,E,71,178,NE2,OE1,9.823982
tcr_18_4,D,A,E,A,72,182,N,CB,9.747182
tcr_18_4,D,A,E,Q,72,179,N,CG,9.23923
tcr_18_4,D,A,E,E,72,178,N,CG,9.540086
tcr_18_4,D,A,E,E,72,178,N,CD,8.951571
tcr_18_4,D,A,E,E,72,178,N,OE1,9.002096
tcr_18_4,D,A,E,R,72,175,N,NH1,9.521183
tcr_18_4,D,A,E,E,72,178,N,OE2,8.634247
tcr_18_4,D,A,E,Q,72,179,N,OE1,9.803467
tcr_18_4,D,A,E,Q,72,179,N,CD,9.731615
tcr_18_4,D,A,E,A,72,182,CA,CB,8.516163
tcr_18_4,D,A,E,E,72,178,CA,O,9.534787
tcr_18_4,D,A,E,Q,72,179,CA,CG,8.346901
tcr_18_4,D,A,E,Q,72,179,CA,CA,9.236108
tcr_18_4,D,A,E,Q,72,179,CA,N,9.675229
tcr_18_4,D,A,E,E,72,178,CA,C,9.796783
tcr_18_4,D,A,E,E,72,178,CA,CG,9.00268
tcr_18_4,D,A,E,E,72,178,CA,CD,8.639952
tcr_18_4,D,A,E,E,72,178,CA,OE1,8.791849
tcr_18_4,D,A,E,R,72,175,CA,NH1,9.934833
tcr_18_4,D,A,E,E,72,178,CA,OE2,8.419595
tcr_18_4,D,A,E,E,72,178,CA,CB,9.917725
tcr_18_4,D,A,E,Q,72,179,CA,OE1,8.934624
tcr_18_4,D,A,E,Q,72,179,CA,CD,8.920677
tcr_18_4,D,A,E,Q,72,179,CA,NE2,9.687684
tcr_18_4,D,A,E,Q,72,179,CA,CB,9.280976
tcr_18_4,D,A,E,A,72,182,C,CA,9.878768
tcr_18_4,D,A,E,A,72,182,C,CB,8.451089
tcr_18_4,D,A,E,E,72,178,C,O,9.979392
tcr_18_4,D,A,E,Q,72,179,C,CG,9.285377
tcr_18_4,D,A,E,Q,72,179,C,CA,9.855357
tcr_18_4,D,A,E,E,72,178,C,CG,9.718741
tcr_18_4,D,A,E,E,72,178,C,CD,9.467431
tcr_18_4,D,A,E,E,72,178,C,OE1,9.515103
tcr_18_4,D,A,E,E,72,178,C,OE2,9.417035
tcr_18_4,D,A,E,Q,72,179,C,OE1,9.935925
tcr_18_4,D,A,E,Q,72,179,C,CD,9.968284
tcr_18_4,D,A,E,A,72,182,O,CB,8.6699505
tcr_18_4,D,A,E,E,72,178,O,CG,9.808463
tcr_18_4,D,A,E,E,72,178,O,CD,9.493251
tcr_18_4,D,A,E,E,72,178,O,OE1,9.380594
tcr_18_4,D,A,E,E,72,178,O,OE2,9.546611
tcr_18_4,D,A,E,A,72,182,CB,N,9.508938
tcr_18_4,D,A,E,A,72,182,CB,C,9.683929
tcr_18_4,D,A,E,A,72,182,CB,CA,8.864291
tcr_18_4,D,A,E,A,72,182,CB,CB,7.3669257
tcr_18_4,D,A,E,Q,72,179,CB,O,9.019583
tcr_18_4,D,A,E,E,72,178,CB,O,8.09859
tcr_18_4,D,A,E,Q,72,179,CB,CG,7.2036204
tcr_18_4,D,A,E,Q,72,179,CB,CA,7.966998
tcr_18_4,D,A,E,Q,72,179,CB,N,8.29266
tcr_18_4,D,A,E,E,72,178,CB,C,8.344267
tcr_18_4,D,A,E,R,72,181,CB,NH2,9.896672
tcr_18_4,D,A,E,E,72,178,CB,CA,9.122601
tcr_18_4,D,A,E,E,72,178,CB,CG,7.4735546
tcr_18_4,D,A,E,E,72,178,CB,CD,7.1496367
tcr_18_4,D,A,E,E,72,178,CB,OE1,7.341245
tcr_18_4,D,A,E,R,72,175,CB,NH1,8.871571
tcr_18_4,D,A,E,E,72,178,CB,OE2,6.9800005
tcr_18_4,D,A,E,R,72,175,CB,CD,9.432696
tcr_18_4,D,A,E,R,72,175,CB,CZ,9.984434
tcr_18_4,D,A,E,E,72,178,CB,CB,8.406174
tcr_18_4,D,A,E,Q,72,179,CB,C,9.10734
tcr_18_4,D,A,E,Q,72,179,CB,OE1,8.114794
tcr_18_4,D,A,E,Q,72,179,CB,CD,7.9367967
tcr_18_4,D,A,E,Q,72,179,CB,NE2,8.6793165
tcr_18_4,D,A,E,Q,72,179,CB,CB,8.126418
tcr_18_4,D,A,E,R,72,175,CB,O,9.512312
tcr_18_4,D,A,E,R,72,175,CB,CB,9.752408
tcr_18_4,D,A,E,A,72,182,CG,N,9.742869
tcr_18_4,D,A,E,A,72,182,CG,CA,9.315898
tcr_18_4,D,A,E,A,72,182,CG,CB,7.820704
tcr_18_4,D,A,E,Q,72,179,CG,O,9.022266
tcr_18_4,D,A,E,E,72,178,CG,O,7.890312
tcr_18_4,D,A,E,Q,72,179,CG,CG,6.4637628
tcr_18_4,D,A,E,Q,72,179,CG,CA,7.5966816
tcr_18_4,D,A,E,Q,72,179,CG,N,7.767863
tcr_18_4,D,A,E,E,72,178,CG,C,7.911434
tcr_18_4,D,A,E,R,72,181,CG,NH2,9.734436
tcr_18_4,D,A,E,E,72,178,CG,CA,8.540986
tcr_18_4,D,A,E,E,72,178,CG,CG,6.883542
tcr_18_4,D,A,E,E,72,178,CG,CD,6.403772
tcr_18_4,D,A,E,R,72,175,CG,CG,9.017156
tcr_18_4,D,A,E,E,72,178,CG,OE1,6.730139
tcr_18_4,D,A,E,R,72,175,CG,NH1,7.6025863
tcr_18_4,D,A,E,R,72,175,CG,NH2,9.664789
tcr_18_4,D,A,E,E,72,178,CG,OE2,5.999704
tcr_18_4,D,A,E,R,72,175,CG,CD,8.0628
tcr_18_4,D,A,E,R,72,175,CG,NE,8.861396
tcr_18_4,D,A,E,R,72,175,CG,CZ,8.649002
tcr_18_4,D,A,E,E,72,178,CG,CB,7.6680574
tcr_18_4,D,A,E,Q,72,179,CG,C,8.9020605
tcr_18_4,D,A,E,E,72,178,CG,N,9.580252
tcr_18_4,D,A,E,R,72,175,CG,C,9.395497
tcr_18_4,D,A,E,A,72,174,CG,O,9.0763445
tcr_18_4,D,A,E,Q,72,179,CG,OE1,7.3499923
tcr_18_4,D,A,E,Q,72,179,CG,CD,7.06677
tcr_18_4,D,A,E,Q,72,179,CG,NE2,7.6351423
tcr_18_4,D,A,E,Q,72,179,CG,CB,7.5972924
tcr_18_4,D,A,E,R,72,175,CG,O,8.454508
tcr_18_4,D,A,E,R,72,175,CG,CA,9.616289
tcr_18_4,D,A,E,R,72,175,CG,CB,8.449152
tcr_18_4,D,A,E,A,72,182,CD,CB,8.706208
tcr_18_4,D,A,E,E,72,178,CD,O,8.406217
tcr_18_4,D,A,E,Q,72,179,CD,CG,7.3184805
tcr_18_4,D,A,E,Q,72,179,CD,CA,8.443844
tcr_18_4,D,A,E,Q,72,179,CD,N,8.367134
tcr_18_4,D,A,E,E,72,178,CD,C,8.365947
tcr_18_4,D,A,E,R,72,181,CD,NH2,9.54441
tcr_18_4,D,A,E,E,72,178,CD,CA,8.739937
tcr_18_4,D,A,E,E,72,178,CD,CG,6.77199
tcr_18_4,D,A,E,E,72,178,CD,CD,5.969265
tcr_18_4,D,A,E,R,72,175,CD,CG,8.505314
tcr_18_4,D,A,E,E,72,178,CD,OE1,6.1125007
tcr_18_4,D,A,E,R,72,175,CD,NH1,6.4418783
tcr_18_4,D,A,E,R,72,175,CD,NH2,8.48839
tcr_18_4,D,A,E,E,72,178,CD,OE2,5.493839
tcr_18_4,D,A,E,R,72,175,CD,CD,7.3598833
tcr_18_4,D,A,E,R,72,175,CD,NE,7.961724
tcr_18_4,D,A,E,R,72,175,CD,CZ,7.564871
tcr_18_4,D,A,E,E,72,178,CD,CB,7.6547375
tcr_18_4,D,A,E,Q,72,179,CD,C,9.809044
tcr_18_4,D,A,E,E,72,178,CD,N,9.78967
tcr_18_4,D,A,E,R,72,175,CD,C,9.513097
tcr_18_4,D,A,E,A,72,174,CD,O,9.173742
tcr_18_4,D,A,E,Q,72,179,CD,OE1,8.363588
tcr_18_4,D,A,E,Q,72,179,CD,CD,7.926398
tcr_18_4,D,A,E,Q,72,179,CD,NE2,8.293827
tcr_18_4,D,A,E,Q,72,179,CD,CB,8.519778
tcr_18_4,D,A,E,R,72,175,CD,O,8.650999
tcr_18_4,D,A,E,R,72,175,CD,CA,9.500184
tcr_18_4,D,A,E,R,72,175,CD,CB,8.179873
tcr_18_4,D,A,E,A,72,182,OE1,CB,8.890797
tcr_18_4,D,A,E,Q,72,179,OE1,O,9.953921
tcr_18_4,D,A,E,E,72,178,OE1,O,8.082373
tcr_18_4,D,A,E,Q,72,179,OE1,CG,6.9332843
tcr_18_4,D,A,E,Q,72,179,OE1,CA,8.1546
tcr_18_4,D,A,E,Q,72,179,OE1,N,7.8951397
tcr_18_4,D,A,E,E,72,178,OE1,C,7.8901224
tcr_18_4,D,A,E,R,72,181,OE1,NH2,9.086454
tcr_18_4,D,A,E,E,72,178,OE1,CA,8.0853615
tcr_18_4,D,A,E,E,72,178,OE1,CG,6.1039195
tcr_18_4,D,A,E,E,72,178,OE1,CD,5.15861
tcr_18_4,D,A,E,R,72,175,OE1,CG,7.2918835
tcr_18_4,D,A,E,E,72,178,OE1,OE1,5.3849273
tcr_18_4,D,A,E,R,72,175,OE1,NH1,5.2575545
tcr_18_4,D,A,E,R,72,175,OE1,NH2,7.317689
tcr_18_4,D,A,E,E,72,178,OE1,OE2,4.51093
tcr_18_4,D,A,E,R,72,175,OE1,CD,6.1165423
tcr_18_4,D,A,E,R,72,175,OE1,NE,6.7126036
tcr_18_4,D,A,E,R,72,175,OE1,CZ,6.350731
tcr_18_4,D,A,E,E,72,178,OE1,CB,6.8780465
tcr_18_4,D,A,E,Q,72,179,OE1,C,9.587811
tcr_18_4,D,A,E,E,72,178,OE1,N,9.048565
tcr_18_4,D,A,E,R,72,175,OE1,C,8.554984
tcr_18_4,D,A,E,A,72,174,OE1,O,8.213996
tcr_18_4,D,A,E,Q,72,179,OE1,OE1,8.088535
tcr_18_4,D,A,E,Q,72,179,OE1,CD,7.5094914
tcr_18_4,D,A,E,Q,72,179,OE1,NE2,7.703667
tcr_18_4,D,A,E,Q,72,179,OE1,CB,8.201993
tcr_18_4,D,A,E,R,72,175,OE1,O,7.7657843
tcr_18_4,D,A,E,E,72,176,OE1,N,9.729698
tcr_18_4,D,A,E,R,72,175,OE1,CA,8.419828
tcr_18_4,D,A,E,A,72,174,OE1,C,9.056307
tcr_18_4,D,A,E,R,72,175,OE1,CB,7.048468
tcr_18_4,D,A,E,R,72,175,OE1,N,9.137628
tcr_18_4,D,A,E,A,72,182,OE2,CB,9.383897
tcr_18_4,D,A,E,E,72,178,OE2,O,9.296954
tcr_18_4,D,A,E,Q,72,179,OE2,CG,8.526157
tcr_18_4,D,A,E,Q,72,179,OE2,CA,9.531209
tcr_18_4,D,A,E,Q,72,179,OE2,N,9.446519
tcr_18_4,D,A,E,E,72,178,OE2,C,9.347697
tcr_18_4,D,A,E,E,72,178,OE2,CA,9.686494
tcr_18_4,D,A,E,E,72,178,OE2,CG,7.5638266
tcr_18_4,D,A,E,E,72,178,OE2,CD,6.6714005
tcr_18_4,D,A,E,R,72,175,OE2,CG,9.417351
tcr_18_4,D,A,E,E,72,178,OE2,OE1,6.599463
tcr_18_4,D,A,E,R,72,175,OE2,NH1,6.85995
tcr_18_4,D,A,E,R,72,175,OE2,NH2,8.848187
tcr_18_4,D,A,E,E,72,178,OE2,OE2,6.2974977
tcr_18_4,D,A,E,R,72,175,OE2,CD,8.169613
tcr_18_4,D,A,E,R,72,175,OE2,NE,8.614878
tcr_18_4,D,A,E,R,72,175,OE2,CZ,8.048775
tcr_18_4,D,A,E,E,72,178,OE2,CB,8.578743
tcr_18_4,D,A,E,Q,72,179,OE2,OE1,9.5721855
tcr_18_4,D,A,E,Q,72,179,OE2,CD,9.160089
tcr_18_4,D,A,E,Q,72,179,OE2,NE2,9.537517
tcr_18_4,D,A,E,Q,72,179,OE2,CB,9.685046
tcr_18_4,D,A,E,R,72,175,OE2,O,9.800766
tcr_18_4,D,A,E,R,72,175,OE2,CB,9.20892
tcr_18_4,D,A,A,A,73,182,N,CA,9.844699
tcr_18_4,D,A,A,A,73,182,N,CB,8.444993
tcr_18_4,D,A,A,Q,73,179,N,CG,9.455132
tcr_18_4,D,A,A,Q,73,179,N,CA,9.964598
tcr_18_4,D,A,A,Q,73,179,N,OE1,9.907774
tcr_18_4,D,A,A,A,73,182,CA,CB,8.815453
tcr_18_4,D,A,A,A,73,182,C,O,9.124032
tcr_18_4,D,A,A,T,73,187,C,OG1,9.285255
tcr_18_4,D,A,A,A,73,182,C,C,9.318756
tcr_18_4,D,A,A,A,73,182,C,CA,9.082335
tcr_18_4,D,A,A,A,73,182,C,CB,7.904858
tcr_18_4,D,A,A,E,73,190,O,OE1,9.920389
tcr_18_4,D,A,A,A,73,182,O,O,9.446088
tcr_18_4,D,A,A,T,73,187,O,OG1,9.477513
tcr_18_4,D,A,A,A,73,182,O,C,9.784079
tcr_18_4,D,A,A,A,73,182,O,CA,9.604766
tcr_18_4,D,A,A,A,73,182,O,CB,8.553411
tcr_18_4,D,A,A,T,73,187,CB,OG1,9.643032
tcr_18_4,D,A,A,A,73,182,CB,CB,9.298462
tcr_18_4,D,A,Y,G,74,186,N,CA,9.480329
tcr_18_4,D,A,Y,A,74,182,N,O,7.980885
tcr_18_4,D,A,Y,T,74,187,N,CB,9.953869
tcr_18_4,D,A,Y,Y,74,183,N,CA,9.602877
tcr_18_4,D,A,Y,T,74,187,N,OG1,8.593423
tcr_18_4,D,A,Y,T,74,187,N,N,9.671668
tcr_18_4,D,A,Y,A,74,182,N,N,8.994847
tcr_18_4,D,A,Y,A,74,182,N,C,8.09851
tcr_18_4,D,A,Y,A,74,182,N,CA,7.792741
tcr_18_4,D,A,Y,Y,74,183,N,N,8.83638
tcr_18_4,D,A,Y,A,74,182,N,CB,6.5859737
tcr_18_4,D,A,Y,Q,74,179,N,O,9.118349
tcr_18_4,D,A,Y,E,74,178,N,O,9.072221
tcr_18_4,D,A,Y,Q,74,179,N,CG,9.4754925
tcr_18_4,D,A,Y,Q,74,179,N,CA,9.239438
tcr_18_4,D,A,Y,Q,74,179,N,N,9.938325
tcr_18_4,D,A,Y,E,74,178,N,C,9.822799
tcr_18_4,D,A,Y,E,74,178,N,CG,9.699499
tcr_18_4,D,A,Y,E,74,178,N,CD,9.8909445
tcr_18_4,D,A,Y,E,74,178,N,OE1,9.924187
tcr_18_4,D,A,Y,Q,74,179,N,C,9.765845
tcr_18_4,D,A,Y,Q,74,179,N,CB,9.754087
tcr_18_4,D,A,Y,E,74,190,CA,OE2,9.568404
tcr_18_4,D,A,Y,E,74,190,CA,OE1,9.206411
tcr_18_4,D,A,Y,E,74,190,CA,CD,9.769077
tcr_18_4,D,A,Y,G,74,186,CA,CA,8.278463
tcr_18_4,D,A,Y,G,74,186,CA,N,8.866228
tcr_18_4,D,A,Y,E,74,185,CA,C,9.770641
tcr_18_4,D,A,Y,G,74,186,CA,C,9.07213
tcr_18_4,D,A,Y,Y,74,183,CA,CB,9.792881
tcr_18_4,D,A,Y,A,74,182,CA,O,6.9469337
tcr_18_4,D,A,Y,T,74,187,CA,CA,9.6003065
tcr_18_4,D,A,Y,T,74,187,CA,CB,9.332713
tcr_18_4,D,A,Y,Y,74,183,CA,C,9.83321
tcr_18_4,D,A,Y,Y,74,183,CA,CA,8.867365
tcr_18_4,D,A,Y,T,74,187,CA,OG1,8.0378065
tcr_18_4,D,A,Y,T,74,187,CA,N,8.733306
tcr_18_4,D,A,Y,R,74,181,CA,O,9.400257
tcr_18_4,D,A,Y,E,74,185,CA,OE2,9.962481
tcr_18_4,D,A,Y,R,74,181,CA,C,9.239106
tcr_18_4,D,A,Y,A,74,182,CA,N,8.115371
tcr_18_4,D,A,Y,A,74,182,CA,C,7.1744704
tcr_18_4,D,A,Y,A,74,182,CA,CA,6.845559
tcr_18_4,D,A,Y,Y,74,183,CA,N,8.065228
tcr_18_4,D,A,Y,A,74,182,CA,CB,5.8015113
tcr_18_4,D,A,Y,Q,74,179,CA,O,8.702635
tcr_18_4,D,A,Y,E,74,178,CA,O,8.505705
tcr_18_4,D,A,Y,Q,74,179,CA,CG,9.646535
tcr_18_4,D,A,Y,Q,74,179,CA,CA,9.033425
tcr_18_4,D,A,Y,Q,74,179,CA,N,9.664432
tcr_18_4,D,A,Y,E,74,178,CA,C,9.39024
tcr_18_4,D,A,Y,E,74,178,CA,CG,9.300908
tcr_18_4,D,A,Y,E,74,178,CA,CD,9.61806
tcr_18_4,D,A,Y,E,74,178,CA,OE1,9.576425
tcr_18_4,D,A,Y,Q,74,179,CA,C,9.418949
tcr_18_4,D,A,Y,Q,74,179,CA,CB,9.760442
tcr_18_4,D,A,Y,E,74,190,C,OE1,9.715278
tcr_18_4,D,A,Y,G,74,186,C,CA,8.79345
tcr_18_4,D,A,Y,G,74,186,C,N,9.281851
tcr_18_4,D,A,Y,G,74,186,C,C,9.773105
tcr_18_4,D,A,Y,A,74,182,C,O,7.5632215
tcr_18_4,D,A,Y,Y,74,183,C,CA,9.734627
tcr_18_4,D,A,Y,T,74,187,C,OG1,9.261036
tcr_18_4,D,A,Y,T,74,187,C,N,9.611425
tcr_18_4,D,A,Y,R,74,181,C,O,9.63303
tcr_18_4,D,A,Y,E,74,185,C,OE2,9.576609
tcr_18_4,D,A,Y,R,74,181,C,C,9.468835
tcr_18_4,D,A,Y,A,74,182,C,N,8.396249
tcr_18_4,D,A,Y,A,74,182,C,C,7.780288
tcr_18_4,D,A,Y,A,74,182,C,CA,7.2128077
tcr_18_4,D,A,Y,Y,74,183,C,N,8.8014
tcr_18_4,D,A,Y,A,74,182,C,CB,6.236192
tcr_18_4,D,A,Y,Q,74,179,C,O,9.380965
tcr_18_4,D,A,Y,E,74,178,C,O,8.600806
tcr_18_4,D,A,Y,Q,74,179,C,CA,9.525851
tcr_18_4,D,A,Y,Q,74,179,C,N,9.943643
tcr_18_4,D,A,Y,E,74,178,C,C,9.497987
tcr_18_4,D,A,Y,R,74,181,C,NH2,9.405131
tcr_18_4,D,A,Y,E,74,178,C,CG,8.950014
tcr_18_4,D,A,Y,E,74,178,C,CD,9.123458
tcr_18_4,D,A,Y,E,74,178,C,OE1,8.891962
tcr_18_4,D,A,Y,E,74,178,C,OE2,9.676039
tcr_18_4,D,A,Y,Q,74,179,C,C,9.998097
tcr_18_4,D,A,Y,E,74,190,O,OE2,9.965076
tcr_18_4,D,A,Y,E,74,190,O,OE1,9.066632
tcr_18_4,D,A,Y,E,74,190,O,CD,9.868565
tcr_18_4,D,A,Y,G,74,186,O,CA,8.201095
tcr_18_4,D,A,Y,G,74,186,O,N,8.679318
tcr_18_4,D,A,Y,E,74,185,O,C,9.305752
tcr_18_4,D,A,Y,E,74,185,O,O,9.578845
tcr_18_4,D,A,Y,G,74,186,O,C,9.286339
tcr_18_4,D,A,Y,A,74,182,O,O,7.3045444
tcr_18_4,D,A,Y,Y,74,183,O,CA,9.700547
tcr_18_4,D,A,Y,T,74,187,O,OG1,9.291042
tcr_18_4,D,A,Y,T,74,187,O,N,9.287392
tcr_18_4,D,A,Y,R,74,181,O,O,9.270232
tcr_18_4,D,A,Y,E,74,185,O,CA,9.97716
tcr_18_4,D,A,Y,E,74,185,O,CB,9.275015
tcr_18_4,D,A,Y,E,74,185,O,OE2,8.82287
tcr_18_4,D,A,Y,E,74,185,O,CD,9.975485
tcr_18_4,D,A,Y,R,74,181,O,C,9.227661
tcr_18_4,D,A,Y,A,74,182,O,N,8.274281
tcr_18_4,D,A,Y,A,74,182,O,C,7.6435876
tcr_18_4,D,A,Y,A,74,182,O,CA,7.0738964
tcr_18_4,D,A,Y,Y,74,183,O,N,8.777737
tcr_18_4,D,A,Y,A,74,182,O,CB,6.3215365
tcr_18_4,D,A,Y,Q,74,179,O,O,9.660678
tcr_18_4,D,A,Y,E,74,178,O,O,8.749141
tcr_18_4,D,A,Y,Q,74,179,O,CA,9.962221
tcr_18_4,D,A,Y,E,74,178,O,C,9.735131
tcr_18_4,D,A,Y,R,74,181,O,NH2,9.122634
tcr_18_4,D,A,Y,R,74,181,O,CZ,9.928741
tcr_18_4,D,A,Y,R,74,181,O,NE,9.599375
tcr_18_4,D,A,Y,E,74,178,O,CG,9.166988
tcr_18_4,D,A,Y,E,74,178,O,CD,9.409399
tcr_18_4,D,A,Y,E,74,178,O,OE1,9.0823145
tcr_18_4,D,A,Y,E,74,190,CB,OE2,9.351563
tcr_18_4,D,A,Y,E,74,190,CB,OE1,9.105491
tcr_18_4,D,A,Y,E,74,190,CB,CD,9.5482025
tcr_18_4,D,A,Y,G,74,186,CB,CA,7.4012804
tcr_18_4,D,A,Y,G,74,186,CB,O,9.347276
tcr_18_4,D,A,Y,G,74,186,CB,N,7.834682
tcr_18_4,D,A,Y,E,74,185,CB,C,8.7846
tcr_18_4,D,A,Y,E,74,185,CB,O,9.381002
tcr_18_4,D,A,Y,G,74,186,CB,C,8.197795
tcr_18_4,D,A,Y,T,74,187,CB,CG2,9.452629
tcr_18_4,D,A,Y,Y,74,183,CB,CB,8.336934
tcr_18_4,D,A,Y,A,74,182,CB,O,5.6112924
tcr_18_4,D,A,Y,Y,74,183,CB,CD2,9.695903
tcr_18_4,D,A,Y,T,74,187,CB,CA,8.693851
tcr_18_4,D,A,Y,T,74,187,CB,CB,8.352335
tcr_18_4,D,A,Y,Y,74,183,CB,C,8.446791
tcr_18_4,D,A,Y,Y,74,183,CB,CA,7.432763
tcr_18_4,D,A,Y,T,74,187,CB,OG1,7.1109157
tcr_18_4,D,A,Y,T,74,187,CB,N,7.7828813
tcr_18_4,D,A,Y,L,74,184,CB,N,9.179369
tcr_18_4,D,A,Y,Y,74,183,CB,O,8.759028
tcr_18_4,D,A,Y,R,74,181,CB,O,8.02289
tcr_18_4,D,A,Y,E,74,185,CB,N,9.336527
tcr_18_4,D,A,Y,E,74,185,CB,CA,9.387148
tcr_18_4,D,A,Y,E,74,185,CB,CB,8.980726
tcr_18_4,D,A,Y,E,74,185,CB,OE2,8.991597
tcr_18_4,D,A,Y,R,74,181,CB,CG,9.717378
tcr_18_4,D,A,Y,E,74,185,CB,CD,9.986281
tcr_18_4,D,A,Y,R,74,181,CB,CA,9.117679
tcr_18_4,D,A,Y,R,74,181,CB,CB,9.467086
tcr_18_4,D,A,Y,R,74,181,CB,C,7.814075
tcr_18_4,D,A,Y,A,74,182,CB,N,6.663101
tcr_18_4,D,A,Y,A,74,182,CB,C,5.7218328
tcr_18_4,D,A,Y,A,74,182,CB,CA,5.396
tcr_18_4,D,A,Y,Y,74,183,CB,N,6.5723033
tcr_18_4,D,A,Y,A,74,182,CB,CB,4.3146234
tcr_18_4,D,A,Y,Q,74,179,CB,O,7.191412
tcr_18_4,D,A,Y,E,74,178,CB,O,7.1791105
tcr_18_4,D,A,Y,Q,74,179,CB,CG,8.4925375
tcr_18_4,D,A,Y,Q,74,179,CB,CA,7.6581497
tcr_18_4,D,A,Y,Q,74,179,CB,N,8.345693
tcr_18_4,D,A,Y,E,74,178,CB,C,8.095647
tcr_18_4,D,A,Y,R,74,181,CB,NH2,9.180748
tcr_18_4,D,A,Y,R,74,181,CB,CZ,9.861775
tcr_18_4,D,A,Y,R,74,181,CB,NE,9.423636
tcr_18_4,D,A,Y,E,74,178,CB,CA,9.273368
tcr_18_4,D,A,Y,E,74,178,CB,CG,8.366004
tcr_18_4,D,A,Y,E,74,178,CB,CD,8.886828
tcr_18_4,D,A,Y,E,74,178,CB,OE1,8.983627
tcr_18_4,D,A,Y,E,74,178,CB,OE2,9.3946705
tcr_18_4,D,A,Y,E,74,178,CB,CB,9.347425
tcr_18_4,D,A,Y,R,74,180,CB,CA,9.851453
tcr_18_4,D,A,Y,Y,74,183,CB,CG,9.565034
tcr_18_4,D,A,Y,R,74,180,CB,C,9.440018
tcr_18_4,D,A,Y,R,74,180,CB,O,9.380617
tcr_18_4,D,A,Y,R,74,181,CB,N,9.33496
tcr_18_4,D,A,Y,Q,74,179,CB,C,7.9453197
tcr_18_4,D,A,Y,R,74,180,CB,N,9.19977
tcr_18_4,D,A,Y,Q,74,179,CB,OE1,9.755605
tcr_18_4,D,A,Y,Q,74,179,CB,CD,9.672222
tcr_18_4,D,A,Y,Q,74,179,CB,CB,8.453793
tcr_18_4,D,A,Y,G,74,186,CG,CA,8.266795
tcr_18_4,D,A,Y,G,74,186,CG,N,8.468881
tcr_18_4,D,A,Y,E,74,185,CG,C,9.363683
tcr_18_4,D,A,Y,G,74,186,CG,C,9.112975
tcr_18_4,D,A,Y,Y,74,183,CG,CB,8.278227
tcr_18_4,D,A,Y,A,74,182,CG,O,5.9243145
tcr_18_4,D,A,Y,Y,74,183,CG,CD2,9.911886
tcr_18_4,D,A,Y,T,74,187,CG,CA,9.588511
tcr_18_4,D,A,Y,T,74,187,CG,CB,9.134677
tcr_18_4,D,A,Y,Y,74,183,CG,C,8.629898
tcr_18_4,D,A,Y,Y,74,183,CG,CA,7.5206237
tcr_18_4,D,A,Y,T,74,187,CG,OG1,7.9486756
tcr_18_4,D,A,Y,T,74,187,CG,N,8.656934
tcr_18_4,D,A,Y,L,74,184,CG,N,9.212163
tcr_18_4,D,A,Y,Y,74,183,CG,O,9.139659
tcr_18_4,D,A,Y,R,74,181,CG,O,7.819199
tcr_18_4,D,A,Y,E,74,185,CG,N,9.5572195
tcr_18_4,D,A,Y,E,74,185,CG,CA,9.739735
tcr_18_4,D,A,Y,E,74,185,CG,CB,9.212053
tcr_18_4,D,A,Y,E,74,185,CG,OE2,8.888362
tcr_18_4,D,A,Y,R,74,181,CG,CG,9.17115
tcr_18_4,D,A,Y,E,74,185,CG,CD,9.897533
tcr_18_4,D,A,Y,R,74,181,CG,CA,8.53224
tcr_18_4,D,A,Y,R,74,181,CG,CB,8.765337
tcr_18_4,D,A,Y,R,74,181,CG,C,7.3883924
tcr_18_4,D,A,Y,A,74,182,CG,N,6.1337247
tcr_18_4,D,A,Y,A,74,182,CG,C,5.7193737
tcr_18_4,D,A,Y,A,74,182,CG,CA,5.0904064
tcr_18_4,D,A,Y,Y,74,183,CG,N,6.4665475
tcr_18_4,D,A,Y,A,74,182,CG,CB,3.7444587
tcr_18_4,D,A,Y,Q,74,179,CG,O,6.433203
tcr_18_4,D,A,Y,E,74,178,CG,O,6.0603647
tcr_18_4,D,A,Y,Q,74,179,CG,CG,7.174838
tcr_18_4,D,A,Y,Q,74,179,CG,CA,6.4997053
tcr_18_4,D,A,Y,Q,74,179,CG,N,7.0919075
tcr_18_4,D,A,Y,E,74,178,CG,C,6.8688784
tcr_18_4,D,A,Y,R,74,181,CG,CD,9.685926
tcr_18_4,D,A,Y,R,74,181,CG,NH2,8.25107
tcr_18_4,D,A,Y,R,74,181,CG,CZ,9.005352
tcr_18_4,D,A,Y,R,74,181,CG,NE,8.707251
tcr_18_4,D,A,Y,E,74,178,CG,CA,8.009366
tcr_18_4,D,A,Y,E,74,178,CG,CG,7.0125055
tcr_18_4,D,A,Y,E,74,178,CG,CD,7.493973
tcr_18_4,D,A,Y,E,74,178,CG,OE1,7.6784105
tcr_18_4,D,A,Y,E,74,178,CG,OE2,7.935668
tcr_18_4,D,A,Y,E,74,178,CG,CB,7.9748034
tcr_18_4,D,A,Y,R,74,180,CG,CA,9.098674
tcr_18_4,D,A,Y,Y,74,183,CG,CG,9.630804
tcr_18_4,D,A,Y,R,74,180,CG,C,8.807543
tcr_18_4,D,A,Y,R,74,180,CG,O,8.937371
tcr_18_4,D,A,Y,A,74,177,CG,O,9.570875
tcr_18_4,D,A,Y,R,74,181,CG,N,8.617671
tcr_18_4,D,A,Y,Q,74,179,CG,C,7.004563
tcr_18_4,D,A,Y,A,74,177,CG,C,9.929945
tcr_18_4,D,A,Y,R,74,180,CG,N,8.273561
tcr_18_4,D,A,Y,E,74,178,CG,N,9.290107
tcr_18_4,D,A,Y,Q,74,179,CG,OE1,8.571361
tcr_18_4,D,A,Y,Q,74,179,CG,CD,8.386485
tcr_18_4,D,A,Y,Q,74,179,CG,NE2,9.435973
tcr_18_4,D,A,Y,Q,74,179,CG,CB,7.2710633
tcr_18_4,D,A,Y,R,74,175,CG,O,9.767036
tcr_18_4,D,A,Y,G,74,186,CD1,CA,9.008997
tcr_18_4,D,A,Y,G,74,186,CD1,N,9.180137
tcr_18_4,D,A,Y,G,74,186,CD1,C,9.70037
tcr_18_4,D,A,Y,Y,74,183,CD1,CB,7.9918346
tcr_18_4,D,A,Y,A,74,182,CD1,O,6.3858743
tcr_18_4,D,A,Y,Y,74,183,CD1,CD2,9.584473
tcr_18_4,D,A,Y,T,74,187,CD1,CA,9.859691
tcr_18_4,D,A,Y,T,74,187,CD1,CB,9.194538
tcr_18_4,D,A,Y,Y,74,183,CD1,C,8.758802
tcr_18_4,D,A,Y,Y,74,183,CD1,CA,7.4840913
tcr_18_4,D,A,Y,T,74,187,CD1,OG1,7.99684
tcr_18_4,D,A,Y,T,74,187,CD1,N,9.074057
tcr_18_4,D,A,Y,L,74,184,CD1,N,9.361251
tcr_18_4,D,A,Y,Y,74,183,CD1,O,9.352877
tcr_18_4,D,A,Y,R,74,181,CD1,O,8.240949
tcr_18_4,D,A,Y,E,74,185,CD1,OE2,9.79864
tcr_18_4,D,A,Y,R,74,181,CD1,CG,9.6538315
tcr_18_4,D,A,Y,R,74,181,CD1,CA,8.704917
tcr_18_4,D,A,Y,R,74,181,CD1,CB,9.033502
tcr_18_4,D,A,Y,R,74,181,CD1,C,7.6791644
tcr_18_4,D,A,Y,A,74,182,CD1,N,6.362597
tcr_18_4,D,A,Y,A,74,182,CD1,C,6.0012445
tcr_18_4,D,A,Y,A,74,182,CD1,CA,5.468675
tcr_18_4,D,A,Y,Y,74,183,CD1,N,6.480581
tcr_18_4,D,A,Y,A,74,182,CD1,CB,3.9889507
tcr_18_4,D,A,Y,Q,74,179,CD1,O,5.9347005
tcr_18_4,D,A,Y,E,74,178,CD1,O,5.97117
tcr_18_4,D,A,Y,Q,74,179,CD1,CG,6.143006
tcr_18_4,D,A,Y,Q,74,179,CD1,CA,5.8053813
tcr_18_4,D,A,Y,Q,74,179,CD1,N,6.5583835
tcr_18_4,D,A,Y,E,74,178,CD1,C,6.5948963
tcr_18_4,D,A,Y,R,74,181,CD1,NH2,8.818052
tcr_18_4,D,A,Y,R,74,181,CD1,CZ,9.552991
tcr_18_4,D,A,Y,R,74,181,CD1,NE,9.30456
tcr_18_4,D,A,Y,E,74,178,CD1,CA,7.8289647
tcr_18_4,D,A,Y,E,74,178,CD1,CG,7.0141497
tcr_18_4,D,A,Y,E,74,178,CD1,CD,7.4962296
tcr_18_4,D,A,Y,E,74,178,CD1,OE1,7.88034
tcr_18_4,D,A,Y,E,74,178,CD1,OE2,7.7449036
tcr_18_4,D,A,Y,E,74,178,CD1,CB,7.7806826
tcr_18_4,D,A,Y,R,74,180,CD1,CA,8.668321
tcr_18_4,D,A,Y,Y,74,183,CD1,CG,9.342865
tcr_18_4,D,A,Y,R,74,180,CD1,C,8.612586
tcr_18_4,D,A,Y,R,74,180,CD1,O,8.814987
tcr_18_4,D,A,Y,A,74,177,CD1,O,9.399407
tcr_18_4,D,A,Y,R,74,181,CD1,N,8.550126
tcr_18_4,D,A,Y,Q,74,179,CD1,C,6.4311366
tcr_18_4,D,A,Y,A,74,177,CD1,C,9.651776
tcr_18_4,D,A,Y,R,74,180,CD1,N,7.7443104
tcr_18_4,D,A,Y,E,74,178,CD1,N,8.992253
tcr_18_4,D,A,Y,E,74,176,CD1,O,9.393533
tcr_18_4,D,A,Y,Q,74,179,CD1,OE1,7.31425
tcr_18_4,D,A,Y,Q,74,179,CD1,CD,7.2335753
tcr_18_4,D,A,Y,Q,74,179,CD1,NE2,8.334354
tcr_18_4,D,A,Y,Q,74,179,CD1,CB,6.3307548
tcr_18_4,D,A,Y,R,74,175,CD1,O,9.088313
tcr_18_4,D,A,Y,G,74,186,CD2,CA,8.598676
tcr_18_4,D,A,Y,G,74,186,CD2,N,8.6304655
tcr_18_4,D,A,Y,E,74,185,CD2,C,9.361942
tcr_18_4,D,A,Y,G,74,186,CD2,C,9.618721
tcr_18_4,D,A,Y,Y,74,183,CD2,CB,8.822876
tcr_18_4,D,A,Y,A,74,182,CD2,O,6.2074995
tcr_18_4,D,A,Y,Y,74,183,CD2,C,8.982255
tcr_18_4,D,A,Y,Y,74,183,CD2,CA,7.9967155
tcr_18_4,D,A,Y,T,74,187,CD2,OG1,8.947363
tcr_18_4,D,A,Y,T,74,187,CD2,N,9.311997
tcr_18_4,D,A,Y,L,74,184,CD2,N,9.38625
tcr_18_4,D,A,Y,Y,74,183,CD2,O,9.565087
tcr_18_4,D,A,Y,R,74,181,CD2,O,7.5422287
tcr_18_4,D,A,Y,E,74,185,CD2,N,9.481911
tcr_18_4,D,A,Y,E,74,185,CD2,CA,9.587435
tcr_18_4,D,A,Y,E,74,185,CD2,CB,8.85243
tcr_18_4,D,A,Y,E,74,185,CD2,OE2,8.115913
tcr_18_4,D,A,Y,R,74,181,CD2,CG,8.417358
tcr_18_4,D,A,Y,E,74,185,CD2,CD,9.194316
tcr_18_4,D,A,Y,E,74,185,CD2,CG,9.578673
tcr_18_4,D,A,Y,R,74,181,CD2,CA,8.101087
tcr_18_4,D,A,Y,R,74,181,CD2,CB,8.09792
tcr_18_4,D,A,Y,R,74,181,CD2,C,7.0507526
tcr_18_4,D,A,Y,A,74,182,CD2,N,5.838079
tcr_18_4,D,A,Y,A,74,182,CD2,C,5.9241657
tcr_18_4,D,A,Y,A,74,182,CD2,CA,4.9665146
tcr_18_4,D,A,Y,Y,74,183,CD2,N,6.782378
tcr_18_4,D,A,Y,A,74,182,CD2,CB,3.69868
tcr_18_4,D,A,Y,Q,74,179,CD2,O,6.6003537
tcr_18_4,D,A,Y,E,74,178,CD2,O,5.4480734
tcr_18_4,D,A,Y,Q,74,179,CD2,CG,7.1954083
tcr_18_4,D,A,Y,Q,74,179,CD2,CA,6.4182777
tcr_18_4,D,A,Y,Q,74,179,CD2,N,6.7224984
tcr_18_4,D,A,Y,E,74,178,CD2,C,6.2780437
tcr_18_4,D,A,Y,R,74,181,CD2,CD,8.747555
tcr_18_4,D,A,Y,R,74,181,CD2,NH2,6.9997926
tcr_18_4,D,A,Y,R,74,181,CD2,CZ,7.840233
tcr_18_4,D,A,Y,R,74,181,CD2,NH1,9.045035
tcr_18_4,D,A,Y,R,74,181,CD2,NE,7.6499424
tcr_18_4,D,A,Y,E,74,178,CD2,CA,7.2287345
tcr_18_4,D,A,Y,E,74,178,CD2,CG,5.9622946
tcr_18_4,D,A,Y,E,74,178,CD2,CD,6.3830466
tcr_18_4,D,A,Y,E,74,178,CD2,OE1,6.4401407
tcr_18_4,D,A,Y,E,74,178,CD2,OE2,6.9504986
tcr_18_4,D,A,Y,E,74,178,CD2,CB,7.084708
tcr_18_4,D,A,Y,R,74,180,CD2,CA,9.0855055
tcr_18_4,D,A,Y,R,74,180,CD2,C,8.696071
tcr_18_4,D,A,Y,R,74,180,CD2,O,8.9379225
tcr_18_4,D,A,Y,A,74,177,CD2,O,8.979242
tcr_18_4,D,A,Y,R,74,181,CD2,N,8.297247
tcr_18_4,D,A,Y,Q,74,179,CD2,C,7.0190725
tcr_18_4,D,A,Y,A,74,177,CD2,C,9.313919
tcr_18_4,D,A,Y,R,74,180,CD2,N,8.2063265
tcr_18_4,D,A,Y,E,74,178,CD2,N,8.599185
tcr_18_4,D,A,Y,E,74,176,CD2,O,9.800437
tcr_18_4,D,A,Y,Q,74,179,CD2,OE1,8.890238
tcr_18_4,D,A,Y,Q,74,179,CD2,CD,8.514485
tcr_18_4,D,A,Y,Q,74,179,CD2,NE2,9.435328
tcr_18_4,D,A,Y,Q,74,179,CD2,CB,7.350386
tcr_18_4,D,A,Y,R,74,175,CD2,O,9.270218
tcr_18_4,D,A,Y,G,74,186,CE1,CA,9.968014
tcr_18_4,D,A,Y,G,74,186,CE1,N,9.972141
tcr_18_4,D,A,Y,Y,74,183,CE1,CB,8.279012
tcr_18_4,D,A,Y,A,74,182,CE1,O,7.0599303
tcr_18_4,D,A,Y,Y,74,183,CE1,C,9.226787
tcr_18_4,D,A,Y,Y,74,183,CE1,CA,7.9268274
tcr_18_4,D,A,Y,T,74,187,CE1,OG1,9.018394
tcr_18_4,D,A,Y,L,74,184,CE1,N,9.678352
tcr_18_4,D,A,Y,Y,74,183,CE1,O,9.963964
tcr_18_4,D,A,Y,R,74,181,CE1,O,8.398806
tcr_18_4,D,A,Y,E,74,185,CE1,OE2,9.999991
tcr_18_4,D,A,Y,R,74,181,CE1,CG,9.449142
tcr_18_4,D,A,Y,R,74,181,CE1,CA,8.474711
tcr_18_4,D,A,Y,R,74,181,CE1,CB,8.684183
tcr_18_4,D,A,Y,R,74,181,CE1,C,7.657341
tcr_18_4,D,A,Y,A,74,182,CE1,N,6.3206425
tcr_18_4,D,A,Y,A,74,182,CE1,C,6.4586306
tcr_18_4,D,A,Y,A,74,182,CE1,CA,5.7206354
tcr_18_4,D,A,Y,Y,74,183,CE1,N,6.8115187
tcr_18_4,D,A,Y,A,74,182,CE1,CB,4.1879725
tcr_18_4,D,A,Y,Q,74,179,CE1,O,5.604836
tcr_18_4,D,A,Y,E,74,178,CE1,O,5.273904
tcr_18_4,D,A,Y,Q,74,179,CE1,CG,4.961758
tcr_18_4,D,A,Y,Q,74,179,CE1,CA,4.9383655
tcr_18_4,D,A,Y,Q,74,179,CE1,N,5.56529
tcr_18_4,D,A,Y,E,74,178,CE1,C,5.6900434
tcr_18_4,D,A,Y,R,74,181,CE1,CD,9.939596
tcr_18_4,D,A,Y,R,74,181,CE1,NH2,8.288325
tcr_18_4,D,A,Y,R,74,181,CE1,CZ,9.063837
tcr_18_4,D,A,Y,R,74,181,CE1,NE,8.963343
tcr_18_4,D,A,Y,E,74,178,CE1,CA,6.8524117
tcr_18_4,D,A,Y,E,74,178,CE1,CG,5.9981627
tcr_18_4,D,A,Y,E,74,178,CE1,CD,6.420363
tcr_18_4,D,A,Y,E,74,178,CE1,OE1,6.9393497
tcr_18_4,D,A,Y,R,74,175,CE1,NH1,9.808265
tcr_18_4,D,A,Y,E,74,178,CE1,OE2,6.539818
tcr_18_4,D,A,Y,R,74,175,CE1,CD,9.493193
tcr_18_4,D,A,Y,E,74,178,CE1,CB,6.672049
tcr_18_4,D,A,Y,R,74,180,CE1,CA,8.217838
tcr_18_4,D,A,Y,Y,74,183,CE1,CG,9.6926985
tcr_18_4,D,A,Y,R,74,180,CE1,C,8.310964
tcr_18_4,D,A,Y,R,74,180,CE1,O,8.701963
tcr_18_4,D,A,Y,A,74,177,CE1,CA,9.983477
tcr_18_4,D,A,Y,A,74,177,CE1,O,8.63403
tcr_18_4,D,A,Y,R,74,181,CE1,N,8.173122
tcr_18_4,D,A,Y,Q,74,179,CE1,C,5.8402424
tcr_18_4,D,A,Y,A,74,177,CE1,C,8.736908
tcr_18_4,D,A,Y,R,74,180,CE1,N,7.1196737
tcr_18_4,D,A,Y,E,74,178,CE1,N,7.970792
tcr_18_4,D,A,Y,R,74,180,CE1,CG,9.855085
tcr_18_4,D,A,Y,A,74,177,CE1,N,9.911942
tcr_18_4,D,A,Y,R,74,180,CE1,CB,9.55813
tcr_18_4,D,A,Y,E,74,176,CE1,O,8.401611
tcr_18_4,D,A,Y,R,74,175,CE1,C,8.972143
tcr_18_4,D,A,Y,A,74,174,CE1,O,9.580699
tcr_18_4,D,A,Y,Q,74,179,CE1,OE1,6.27839
tcr_18_4,D,A,Y,Q,74,179,CE1,CD,6.069694
tcr_18_4,D,A,Y,Q,74,179,CE1,NE2,7.0928984
tcr_18_4,D,A,Y,Q,74,179,CE1,CB,5.3622055
tcr_18_4,D,A,Y,R,74,175,CE1,O,7.8020215
tcr_18_4,D,A,Y,E,74,176,CE1,CA,9.527444
tcr_18_4,D,A,Y,E,74,176,CE1,N,9.768171
tcr_18_4,D,A,Y,E,74,176,CE1,C,9.1845255
tcr_18_4,D,A,Y,R,74,175,CE1,CA,9.746469
tcr_18_4,D,A,Y,R,74,175,CE1,CB,8.988135
tcr_18_4,D,A,Y,G,74,186,CE2,CA,9.604619
tcr_18_4,D,A,Y,G,74,186,CE2,N,9.474116
tcr_18_4,D,A,Y,Y,74,183,CE2,CB,9.09307
tcr_18_4,D,A,Y,A,74,182,CE2,O,6.905832
tcr_18_4,D,A,Y,Y,74,183,CE2,C,9.447204
tcr_18_4,D,A,Y,Y,74,183,CE2,CA,8.421197
tcr_18_4,D,A,Y,T,74,187,CE2,OG1,9.880221
tcr_18_4,D,A,Y,L,74,184,CE2,N,9.709851
tcr_18_4,D,A,Y,R,74,181,CE2,O,7.7188263
tcr_18_4,D,A,Y,E,74,185,CE2,N,9.967823
tcr_18_4,D,A,Y,E,74,185,CE2,CB,9.37515
tcr_18_4,D,A,Y,E,74,185,CE2,OE2,8.357252
tcr_18_4,D,A,Y,R,74,181,CE2,CG,8.182299
tcr_18_4,D,A,Y,E,74,185,CE2,CD,9.408166
tcr_18_4,D,A,Y,E,74,185,CE2,CG,9.907407
tcr_18_4,D,A,Y,R,74,181,CE2,CA,7.856807
tcr_18_4,D,A,Y,R,74,181,CE2,CB,7.707763
tcr_18_4,D,A,Y,R,74,181,CE2,C,7.0312266
tcr_18_4,D,A,Y,A,74,182,CE2,N,5.7969604
tcr_18_4,D,A,Y,A,74,182,CE2,C,6.3941293
tcr_18_4,D,A,Y,A,74,182,CE2,CA,5.248082
tcr_18_4,D,A,Y,Y,74,183,CE2,N,7.1072683
tcr_18_4,D,A,Y,A,74,182,CE2,CB,3.91846
tcr_18_4,D,A,Y,Q,74,179,CE2,O,6.312901
tcr_18_4,D,A,Y,E,74,178,CE2,O,4.6748323
tcr_18_4,D,A,Y,Q,74,179,CE2,CG,6.2212973
tcr_18_4,D,A,Y,Q,74,179,CE2,CA,5.651284
tcr_18_4,D,A,Y,Q,74,179,CE2,N,5.7604566
tcr_18_4,D,A,Y,E,74,178,CE2,C,5.320589
tcr_18_4,D,A,Y,R,74,181,CE2,CD,8.395796
tcr_18_4,D,A,Y,R,74,181,CE2,NH2,6.312902
tcr_18_4,D,A,Y,R,74,181,CE2,CZ,7.2313967
tcr_18_4,D,A,Y,R,74,181,CE2,NH1,8.348026
tcr_18_4,D,A,Y,R,74,181,CE2,NE,7.2279263
tcr_18_4,D,A,Y,E,74,178,CE2,CA,6.1564636
tcr_18_4,D,A,Y,E,74,178,CE2,CG,4.7190075
tcr_18_4,D,A,Y,E,74,178,CE2,CD,5.0677385
tcr_18_4,D,A,Y,R,74,175,CE2,CG,9.803783
tcr_18_4,D,A,Y,E,74,178,CE2,OE1,5.2362576
tcr_18_4,D,A,Y,R,74,175,CE2,NH1,9.025896
tcr_18_4,D,A,Y,E,74,178,CE2,OE2,5.568305
tcr_18_4,D,A,Y,R,74,175,CE2,CD,9.083059
tcr_18_4,D,A,Y,E,74,178,CE2,CB,5.841841
tcr_18_4,D,A,Y,R,74,180,CE2,CA,8.663228
tcr_18_4,D,A,Y,R,74,180,CE2,C,8.403433
tcr_18_4,D,A,Y,R,74,180,CE2,O,8.833185
tcr_18_4,D,A,Y,A,74,177,CE2,CA,9.785871
tcr_18_4,D,A,Y,A,74,177,CE2,O,8.176267
tcr_18_4,D,A,Y,R,74,181,CE2,N,7.912673
tcr_18_4,D,A,Y,Q,74,179,CE2,C,6.488373
tcr_18_4,D,A,Y,A,74,177,CE2,C,8.363133
tcr_18_4,D,A,Y,R,74,180,CE2,N,7.625525
tcr_18_4,D,A,Y,E,74,178,CE2,N,7.5242596
tcr_18_4,D,A,Y,A,74,177,CE2,N,9.962534
tcr_18_4,D,A,Y,R,74,180,CE2,CB,9.973774
tcr_18_4,D,A,Y,E,74,176,CE2,O,8.857738
tcr_18_4,D,A,Y,R,74,175,CE2,C,9.205843
tcr_18_4,D,A,Y,Q,74,179,CE2,OE1,8.06469
tcr_18_4,D,A,Y,Q,74,179,CE2,CD,7.5547347
tcr_18_4,D,A,Y,Q,74,179,CE2,NE2,8.361884
tcr_18_4,D,A,Y,Q,74,179,CE2,CB,6.5401998
tcr_18_4,D,A,Y,R,74,175,CE2,O,8.012922
tcr_18_4,D,A,Y,E,74,176,CE2,C,9.539651
tcr_18_4,D,A,Y,R,74,175,CE2,CA,9.807021
tcr_18_4,D,A,Y,R,74,175,CE2,CB,8.904463
tcr_18_4,D,A,Y,Y,74,183,CZ,CB,8.826019
tcr_18_4,D,A,Y,A,74,182,CZ,O,7.2976823
tcr_18_4,D,A,Y,Y,74,183,CZ,C,9.557393
tcr_18_4,D,A,Y,Y,74,183,CZ,CA,8.380835
tcr_18_4,D,A,Y,T,74,187,CZ,OG1,9.9069195
tcr_18_4,D,A,Y,L,74,184,CZ,N,9.845232
tcr_18_4,D,A,Y,R,74,181,CZ,O,8.142889
tcr_18_4,D,A,Y,E,74,185,CZ,OE2,9.319056
tcr_18_4,D,A,Y,R,74,181,CZ,CG,8.722466
tcr_18_4,D,A,Y,R,74,181,CZ,CA,8.044954
tcr_18_4,D,A,Y,R,74,181,CZ,CB,8.014867
tcr_18_4,D,A,Y,R,74,181,CZ,C,7.335038
tcr_18_4,D,A,Y,A,74,182,CZ,N,6.037722
tcr_18_4,D,A,Y,A,74,182,CZ,C,6.641017
tcr_18_4,D,A,Y,A,74,182,CZ,CA,5.6121354
tcr_18_4,D,A,Y,Y,74,183,CZ,N,7.1137614
tcr_18_4,D,A,Y,A,74,182,CZ,CB,4.1498685
tcr_18_4,D,A,Y,Q,74,179,CZ,O,5.803367
tcr_18_4,D,A,Y,E,74,178,CZ,O,4.5669565
tcr_18_4,D,A,Y,Q,74,179,CZ,CG,5.0062585
tcr_18_4,D,A,Y,Q,74,179,CZ,CA,4.8429933
tcr_18_4,D,A,Y,Q,74,179,CZ,N,5.0991015
tcr_18_4,D,A,Y,E,74,178,CZ,C,4.9724307
tcr_18_4,D,A,Y,R,74,181,CZ,CD,9.030828
tcr_18_4,D,A,Y,R,74,181,CZ,NH2,7.0481515
tcr_18_4,D,A,Y,R,74,181,CZ,CZ,7.9116406
tcr_18_4,D,A,Y,R,74,181,CZ,NH1,8.938281
tcr_18_4,D,A,Y,R,74,181,CZ,NE,7.9435396
tcr_18_4,D,A,Y,E,74,178,CZ,CA,5.9323893
tcr_18_4,D,A,Y,E,74,178,CZ,CG,4.7391243
tcr_18_4,D,A,Y,E,74,178,CZ,CD,5.0908093
tcr_18_4,D,A,Y,R,74,175,CZ,CG,9.151322
tcr_18_4,D,A,Y,E,74,178,CZ,OE1,5.5467453
tcr_18_4,D,A,Y,R,74,175,CZ,NH1,8.729105
tcr_18_4,D,A,Y,E,74,178,CZ,OE2,5.3136096
tcr_18_4,D,A,Y,R,74,175,CZ,CD,8.520331
tcr_18_4,D,A,Y,R,74,175,CZ,NE,9.659917
tcr_18_4,D,A,Y,R,74,175,CZ,CZ,9.71997
tcr_18_4,D,A,Y,E,74,178,CZ,CB,5.5900736
tcr_18_4,D,A,Y,R,74,180,CZ,CA,8.210811
tcr_18_4,D,A,Y,R,74,180,CZ,C,8.198745
tcr_18_4,D,A,Y,R,74,180,CZ,O,8.707062
tcr_18_4,D,A,Y,A,74,177,CZ,CA,9.357882
tcr_18_4,D,A,Y,A,74,177,CZ,O,7.9821887
tcr_18_4,D,A,Y,R,74,181,CZ,N,7.840743
tcr_18_4,D,A,Y,Q,74,179,CZ,C,5.8670797
tcr_18_4,D,A,Y,A,74,177,CZ,C,8.04015
tcr_18_4,D,A,Y,R,74,180,CZ,N,7.050652
tcr_18_4,D,A,Y,E,74,178,CZ,N,7.1648765
tcr_18_4,D,A,Y,R,74,180,CZ,CG,9.899821
tcr_18_4,D,A,Y,A,74,177,CZ,N,9.352148
tcr_18_4,D,A,Y,R,74,180,CZ,CB,9.48725
tcr_18_4,D,A,Y,E,74,176,CZ,O,8.100888
tcr_18_4,D,A,Y,R,74,175,CZ,C,8.367939
tcr_18_4,D,A,Y,A,74,174,CZ,O,9.202151
tcr_18_4,D,A,Y,Q,74,179,CZ,OE1,6.719814
tcr_18_4,D,A,Y,Q,74,179,CZ,CD,6.2591867
tcr_18_4,D,A,Y,Q,74,179,CZ,NE2,7.1060357
tcr_18_4,D,A,Y,Q,74,179,CZ,CB,5.4821815
tcr_18_4,D,A,Y,R,74,175,CZ,O,7.1842437
tcr_18_4,D,A,Y,E,74,176,CZ,CA,9.193908
tcr_18_4,D,A,Y,E,74,176,CZ,N,9.281775
tcr_18_4,D,A,Y,E,74,176,CZ,C,8.780596
tcr_18_4,D,A,Y,R,74,175,CZ,CA,9.025183
tcr_18_4,D,A,Y,R,74,175,CZ,CB,8.168076
tcr_18_4,D,A,Y,Y,74,183,OH,CB,9.389465
tcr_18_4,D,A,Y,A,74,182,OH,O,8.235267
tcr_18_4,D,A,Y,Y,74,183,OH,CA,9.088702
tcr_18_4,D,A,Y,R,74,181,OH,O,8.631907
tcr_18_4,D,A,Y,E,74,185,OH,OE2,9.815974
tcr_18_4,D,A,Y,R,74,181,OH,CG,8.823045
tcr_18_4,D,A,Y,R,74,181,OH,CA,8.152616
tcr_18_4,D,A,Y,R,74,181,OH,CB,7.986454
tcr_18_4,D,A,Y,R,74,181,OH,C,7.6883955
tcr_18_4,D,A,Y,A,74,182,OH,N,6.4491897
tcr_18_4,D,A,Y,A,74,182,OH,C,7.4409733
tcr_18_4,D,A,Y,A,74,182,OH,CA,6.3194833
tcr_18_4,D,A,Y,Y,74,183,OH,N,7.78436
tcr_18_4,D,A,Y,A,74,182,OH,CB,4.9514756
tcr_18_4,D,A,Y,Q,74,179,OH,O,5.970029
tcr_18_4,D,A,Y,E,74,178,OH,O,4.3413587
tcr_18_4,D,A,Y,Q,74,179,OH,CG,4.2361474
tcr_18_4,D,A,Y,Q,74,179,OH,CA,4.475402
tcr_18_4,D,A,Y,Q,74,179,OH,N,4.4598055
tcr_18_4,D,A,Y,E,74,178,OH,C,4.4165883
tcr_18_4,D,A,Y,R,74,181,OH,CD,9.014441
tcr_18_4,D,A,Y,R,74,181,OH,NH2,6.8137975
tcr_18_4,D,A,Y,R,74,181,OH,CZ,7.699449
tcr_18_4,D,A,Y,R,74,181,OH,NH1,8.584115
tcr_18_4,D,A,Y,R,74,181,OH,NE,7.9120083
tcr_18_4,D,A,Y,E,74,178,OH,CA,5.177075
tcr_18_4,D,A,Y,E,74,178,OH,CG,3.8968623
tcr_18_4,D,A,Y,E,74,178,OH,CD,4.1156025
tcr_18_4,D,A,Y,R,74,175,OH,CG,7.785504
tcr_18_4,D,A,Y,E,74,178,OH,OE1,4.774073
tcr_18_4,D,A,Y,R,74,175,OH,NH1,7.5657287
tcr_18_4,D,A,Y,R,74,175,OH,NH2,9.7205715
tcr_18_4,D,A,Y,E,74,178,OH,OE2,4.1319585
tcr_18_4,D,A,Y,R,74,175,OH,CD,7.1786003
tcr_18_4,D,A,Y,R,74,175,OH,NE,8.353123
tcr_18_4,D,A,Y,R,74,175,OH,CZ,8.486928
tcr_18_4,D,A,Y,E,74,178,OH,CB,4.606529
tcr_18_4,D,A,Y,R,74,180,OH,CA,8.1003475
tcr_18_4,D,A,Y,R,74,180,OH,C,8.237482
tcr_18_4,D,A,Y,R,74,180,OH,O,8.916854
tcr_18_4,D,A,Y,A,74,177,OH,CA,8.57212
tcr_18_4,D,A,Y,A,74,177,OH,O,7.4708843
tcr_18_4,D,A,Y,R,74,181,OH,N,7.80573
tcr_18_4,D,A,Y,Q,74,179,OH,C,5.7449737
tcr_18_4,D,A,Y,A,74,177,OH,C,7.334111
tcr_18_4,D,A,Y,R,74,180,OH,N,6.803111
tcr_18_4,D,A,Y,E,74,178,OH,N,6.3248096
tcr_18_4,D,A,Y,R,74,180,OH,CG,9.547987
tcr_18_4,D,A,Y,A,74,177,OH,N,8.434985
tcr_18_4,D,A,Y,R,74,180,OH,CB,9.230484
tcr_18_4,D,A,Y,E,74,176,OH,O,7.3479424
tcr_18_4,D,A,Y,R,74,175,OH,C,7.151564
tcr_18_4,D,A,Y,A,74,174,OH,O,7.9283166
tcr_18_4,D,A,Y,Q,74,179,OH,OE1,6.092953
tcr_18_4,D,A,Y,Q,74,179,OH,CD,5.4548225
tcr_18_4,D,A,Y,Q,74,179,OH,NE2,6.1215076
tcr_18_4,D,A,Y,Q,74,179,OH,CB,4.9674606
tcr_18_4,D,A,Y,R,74,175,OH,O,6.001172
tcr_18_4,D,A,Y,E,74,176,OH,CA,8.185564
tcr_18_4,D,A,Y,E,74,176,OH,N,8.133651
tcr_18_4,D,A,Y,E,74,176,OH,C,7.884951
tcr_18_4,D,A,Y,E,74,176,OH,OE2,9.474378
tcr_18_4,D,A,Y,E,74,176,OH,CB,9.669863
tcr_18_4,D,A,Y,E,74,176,OH,CD,9.789944
tcr_18_4,D,A,Y,A,74,177,OH,CB,9.582752
tcr_18_4,D,A,Y,R,74,175,OH,CA,7.71872
tcr_18_4,D,A,Y,A,74,174,OH,C,8.843326
tcr_18_4,D,A,Y,R,74,175,OH,CB,6.813902
tcr_18_4,D,A,Y,R,74,175,OH,N,8.792505
tcr_18_4,D,A,K,A,75,182,N,O,8.651303
tcr_18_4,D,A,K,A,75,182,N,N,9.091827
tcr_18_4,D,A,K,A,75,182,N,C,8.742293
tcr_18_4,D,A,K,A,75,182,N,CA,8.030301
tcr_18_4,D,A,K,Y,75,183,N,N,9.716528
tcr_18_4,D,A,K,A,75,182,N,CB,6.928948
tcr_18_4,D,A,K,Q,75,179,N,O,9.930454
tcr_18_4,D,A,K,E,75,178,N,O,8.863882
tcr_18_4,D,A,K,Q,75,179,N,CA,9.7587805
tcr_18_4,D,A,K,E,75,178,N,C,9.645049
tcr_18_4,D,A,K,R,75,181,N,NH2,9.456135
tcr_18_4,D,A,K,E,75,178,N,CG,8.738645
tcr_18_4,D,A,K,E,75,178,N,CD,8.690537
tcr_18_4,D,A,K,E,75,178,N,OE1,8.396904
tcr_18_4,D,A,K,E,75,178,N,OE2,9.145544
tcr_18_4,D,A,K,A,75,182,CA,O,9.573037
tcr_18_4,D,A,K,A,75,182,CA,N,9.774414
tcr_18_4,D,A,K,A,75,182,CA,C,9.661328
tcr_18_4,D,A,K,A,75,182,CA,CA,8.809991
tcr_18_4,D,A,K,A,75,182,CA,CB,7.7980585
tcr_18_4,D,A,K,E,75,178,CA,O,9.391807
tcr_18_4,D,A,K,R,75,181,CA,NH2,9.257814
tcr_18_4,D,A,K,E,75,178,CA,CG,8.830489
tcr_18_4,D,A,K,E,75,178,CA,CD,8.609126
tcr_18_4,D,A,K,E,75,178,CA,OE1,8.1153755
tcr_18_4,D,A,K,E,75,178,CA,OE2,9.115031
tcr_18_4,D,A,K,A,75,182,C,CB,9.157938
tcr_18_4,D,A,K,E,75,178,C,OE1,9.485311
tcr_18_4,D,A,K,A,75,182,O,CB,9.84
tcr_18_4,D,A,K,A,75,182,CB,CA,9.2339735
tcr_18_4,D,A,K,A,75,182,CB,CB,8.1219225
tcr_18_4,D,A,K,E,75,178,CB,O,9.166579
tcr_18_4,D,A,K,E,75,178,CB,C,9.774084
tcr_18_4,D,A,K,R,75,181,CB,NH2,8.874331
tcr_18_4,D,A,K,E,75,178,CB,CG,8.105096
tcr_18_4,D,A,K,E,75,178,CB,CD,7.6543436
tcr_18_4,D,A,K,E,75,178,CB,OE1,7.11859
tcr_18_4,D,A,K,R,75,175,CB,NH1,9.830248
tcr_18_4,D,A,K,E,75,178,CB,OE2,8.049078
tcr_18_4,D,A,K,E,75,178,CB,CB,9.531776
tcr_18_4,D,A,K,A,75,182,CG,O,9.564349
tcr_18_4,D,A,K,E,75,185,CG,OE2,9.867695
tcr_18_4,D,A,K,R,75,181,CG,C,9.927855
tcr_18_4,D,A,K,A,75,182,CG,N,8.842704
tcr_18_4,D,A,K,A,75,182,CG,C,9.340049
tcr_18_4,D,A,K,A,75,182,CG,CA,8.200694
tcr_18_4,D,A,K,A,75,182,CG,CB,7.085297
tcr_18_4,D,A,K,Q,75,179,CG,O,9.803202
tcr_18_4,D,A,K,E,75,178,CG,O,7.754067
tcr_18_4,D,A,K,Q,75,179,CG,CG,9.224256
tcr_18_4,D,A,K,Q,75,179,CG,CA,9.0295105
tcr_18_4,D,A,K,Q,75,179,CG,N,8.91471
tcr_18_4,D,A,K,E,75,178,CG,C,8.322157
tcr_18_4,D,A,K,R,75,181,CG,NH2,7.4648314
tcr_18_4,D,A,K,R,75,181,CG,CZ,8.644162
tcr_18_4,D,A,K,R,75,181,CG,NH1,9.689589
tcr_18_4,D,A,K,R,75,181,CG,NE,8.908526
tcr_18_4,D,A,K,E,75,178,CG,CA,8.736103
tcr_18_4,D,A,K,E,75,178,CG,CG,6.569239
tcr_18_4,D,A,K,E,75,178,CG,CD,6.158438
tcr_18_4,D,A,K,E,75,178,CG,OE1,5.657552
tcr_18_4,D,A,K,R,75,175,CG,NH1,8.776246
tcr_18_4,D,A,K,E,75,178,CG,OE2,6.619747
tcr_18_4,D,A,K,R,75,175,CG,CD,9.890889
tcr_18_4,D,A,K,E,75,178,CG,CB,8.005975
tcr_18_4,D,A,K,Q,75,179,CG,C,9.950067
tcr_18_4,D,A,K,Q,75,179,CG,CB,9.82252
tcr_18_4,D,A,K,A,75,182,CD,N,9.487498
tcr_18_4,D,A,K,A,75,182,CD,CA,9.041869
tcr_18_4,D,A,K,A,75,182,CD,CB,7.892662
tcr_18_4,D,A,K,E,75,178,CD,O,7.926148
tcr_18_4,D,A,K,Q,75,179,CD,CG,9.046893
tcr_18_4,D,A,K,Q,75,179,CD,CA,9.1401
tcr_18_4,D,A,K,Q,75,179,CD,N,8.8520775
tcr_18_4,D,A,K,E,75,178,CD,C,8.289273
tcr_18_4,D,A,K,R,75,181,CD,NH2,7.413766
tcr_18_4,D,A,K,R,75,181,CD,CZ,8.669866
tcr_18_4,D,A,K,R,75,181,CD,NH1,9.574799
tcr_18_4,D,A,K,R,75,181,CD,NE,9.144949
tcr_18_4,D,A,K,E,75,178,CD,CA,8.498227
tcr_18_4,D,A,K,E,75,178,CD,CG,6.125597
tcr_18_4,D,A,K,E,75,178,CD,CD,5.3845
tcr_18_4,D,A,K,R,75,175,CD,CG,9.903633
tcr_18_4,D,A,K,E,75,178,CD,OE1,4.8220077
tcr_18_4,D,A,K,R,75,175,CD,NH1,7.3421073
tcr_18_4,D,A,K,R,75,175,CD,NH2,9.482912
tcr_18_4,D,A,K,E,75,178,CD,OE2,5.6778955
tcr_18_4,D,A,K,R,75,175,CD,CD,8.679855
tcr_18_4,D,A,K,R,75,175,CD,NE,9.208361
tcr_18_4,D,A,K,R,75,175,CD,CZ,8.628968
tcr_18_4,D,A,K,E,75,178,CD,CB,7.5339713
tcr_18_4,D,A,K,E,75,178,CD,N,9.842021
tcr_18_4,D,A,K,Q,75,179,CD,CB,9.823776
tcr_18_4,D,A,K,R,75,175,CD,O,9.893176
tcr_18_4,D,A,K,R,75,175,CD,CB,9.603244
tcr_18_4,D,A,K,E,75,185,CE,OE2,9.918563
tcr_18_4,D,A,K,R,75,181,CE,CG,9.783347
tcr_18_4,D,A,K,R,75,181,CE,CB,9.4669895
tcr_18_4,D,A,K,R,75,181,CE,C,9.592118
tcr_18_4,D,A,K,A,75,182,CE,N,8.5453825
tcr_18_4,D,A,K,A,75,182,CE,C,9.644318
tcr_18_4,D,A,K,A,75,182,CE,CA,8.304029
tcr_18_4,D,A,K,A,75,182,CE,CB,7.1958785
tcr_18_4,D,A,K,Q,75,179,CE,O,9.277962
tcr_18_4,D,A,K,E,75,178,CE,O,6.6809697
tcr_18_4,D,A,K,Q,75,179,CE,CG,7.967689
tcr_18_4,D,A,K,Q,75,179,CE,CA,7.995121
tcr_18_4,D,A,K,Q,75,179,CE,N,7.55205
tcr_18_4,D,A,K,E,75,178,CE,C,6.9435024
tcr_18_4,D,A,K,R,75,181,CE,CD,9.437934
tcr_18_4,D,A,K,R,75,181,CE,NH2,6.2074614
tcr_18_4,D,A,K,R,75,181,CE,CZ,7.461583
tcr_18_4,D,A,K,R,75,181,CE,NH1,8.308559
tcr_18_4,D,A,K,R,75,181,CE,NE,8.016801
tcr_18_4,D,A,K,E,75,178,CE,CA,7.0377975
tcr_18_4,D,A,K,E,75,178,CE,CG,4.6181874
tcr_18_4,D,A,K,E,75,178,CE,CD,3.85952
tcr_18_4,D,A,K,R,75,175,CE,CG,8.603836
tcr_18_4,D,A,K,E,75,178,CE,OE1,3.3654873
tcr_18_4,D,A,K,R,75,175,CE,NH1,6.4404297
tcr_18_4,D,A,K,R,75,175,CE,NH2,8.638679
tcr_18_4,D,A,K,E,75,178,CE,OE2,4.2229824
tcr_18_4,D,A,K,R,75,175,CE,CD,7.461997
tcr_18_4,D,A,K,R,75,175,CE,NE,8.111309
tcr_18_4,D,A,K,R,75,175,CE,CZ,7.6728334
tcr_18_4,D,A,K,E,75,178,CE,CB,6.0228543
tcr_18_4,D,A,K,A,75,177,CE,O,9.6093645
tcr_18_4,D,A,K,Q,75,179,CE,C,9.116786
tcr_18_4,D,A,K,A,75,177,CE,C,9.492219
tcr_18_4,D,A,K,E,75,178,CE,N,8.360588
tcr_18_4,D,A,K,R,75,175,CE,C,9.472545
tcr_18_4,D,A,K,Q,75,179,CE,OE1,9.838116
tcr_18_4,D,A,K,Q,75,179,CE,CD,9.104673
tcr_18_4,D,A,K,Q,75,179,CE,NE2,9.492762
tcr_18_4,D,A,K,Q,75,179,CE,CB,8.720302
tcr_18_4,D,A,K,R,75,175,CE,O,8.483283
tcr_18_4,D,A,K,R,75,175,CE,CA,9.515487
tcr_18_4,D,A,K,R,75,175,CE,CB,8.239141
tcr_18_4,D,A,K,A,75,182,NZ,N,9.386435
tcr_18_4,D,A,K,A,75,182,NZ,CA,9.312217
tcr_18_4,D,A,K,A,75,182,NZ,CB,8.191375
tcr_18_4,D,A,K,Q,75,179,NZ,O,9.845706
tcr_18_4,D,A,K,E,75,178,NZ,O,7.141075
tcr_18_4,D,A,K,Q,75,179,NZ,CG,7.8825564
tcr_18_4,D,A,K,Q,75,179,NZ,CA,8.253998
tcr_18_4,D,A,K,Q,75,179,NZ,N,7.6644316
tcr_18_4,D,A,K,E,75,178,NZ,C,7.1530113
tcr_18_4,D,A,K,R,75,181,NZ,NH2,6.643286
tcr_18_4,D,A,K,R,75,181,NZ,CZ,7.8945265
tcr_18_4,D,A,K,R,75,181,NZ,NH1,8.559279
tcr_18_4,D,A,K,R,75,181,NZ,NE,8.622567
tcr_18_4,D,A,K,E,75,178,NZ,CA,7.0365343
tcr_18_4,D,A,K,E,75,178,NZ,CG,4.5568733
tcr_18_4,D,A,K,E,75,178,NZ,CD,3.3975933
tcr_18_4,D,A,K,R,75,175,NZ,CG,7.444356
tcr_18_4,D,A,K,E,75,178,NZ,OE1,2.970404
tcr_18_4,D,A,K,R,75,175,NZ,NH1,4.976847
tcr_18_4,D,A,K,R,75,175,NZ,NH2,7.1761785
tcr_18_4,D,A,K,E,75,178,NZ,OE2,3.401154
tcr_18_4,D,A,K,R,75,175,NZ,CD,6.193296
tcr_18_4,D,A,K,R,75,175,NZ,NE,6.7291536
tcr_18_4,D,A,K,R,75,175,NZ,CZ,6.2262287
tcr_18_4,D,A,K,E,75,178,NZ,CB,5.78661
tcr_18_4,D,A,K,A,75,177,NZ,O,9.74838
tcr_18_4,D,A,K,Q,75,179,NZ,C,9.512093
tcr_18_4,D,A,K,A,75,177,NZ,C,9.44689
tcr_18_4,D,A,K,E,75,178,NZ,N,8.215009
tcr_18_4,D,A,K,R,75,175,NZ,C,8.810573
tcr_18_4,D,A,K,A,75,174,NZ,O,9.40729
tcr_18_4,D,A,K,Q,75,179,NZ,OE1,9.677813
tcr_18_4,D,A,K,Q,75,179,NZ,CD,8.870952
tcr_18_4,D,A,K,Q,75,179,NZ,NE2,9.066702
tcr_18_4,D,A,K,Q,75,179,NZ,CB,8.811789
tcr_18_4,D,A,K,R,75,175,NZ,O,7.943614
tcr_18_4,D,A,K,R,75,175,NZ,CA,8.646732
tcr_18_4,D,A,K,R,75,175,NZ,CB,7.2659793
tcr_18_4,D,A,K,R,75,175,NZ,N,9.699218
tcr_18_4,D,A,Q,A,76,182,N,CB,9.742639
tcr_18_4,D,A,Q,E,76,190,NE2,OE1,8.984241
tcr_18_4,D,A,Q,E,77,178,O,OE1,9.75373
tcr_18_4,D,A,Q,E,77,178,CB,OE1,9.648154
tcr_18_4,D,A,Q,E,77,178,OE1,OE1,8.980428
tcr_18_4,D,A,A,R,79,175,CA,NH1,9.919041
tcr_18_4,D,A,A,R,79,175,CB,NH1,9.396409
tcr_18_4,D,A,T,R,80,175,O,NH1,9.602822
tcr_18_4,D,A,T,R,80,175,O,NH2,9.709398
tcr_18_4,D,A,E,R,81,175,CG,NH1,9.609335
tcr_18_4,D,A,E,R,81,175,CG,NH2,9.415556
tcr_18_4,D,A,E,R,81,175,CG,CZ,9.976169
tcr_18_4,D,A,E,R,81,175,CD,NH1,9.021302
tcr_18_4,D,A,E,R,81,175,CD,NH2,8.510811
tcr_18_4,D,A,E,R,81,175,CD,CZ,9.229253
tcr_18_4,D,A,E,R,81,175,OE1,NH1,7.812569
tcr_18_4,D,A,E,R,81,175,OE1,NH2,7.275524
tcr_18_4,D,A,E,R,81,175,OE1,NE,9.074153
tcr_18_4,D,A,E,R,81,175,OE1,CZ,7.988342
tcr_18_4,D,A,E,R,81,175,OE2,NH1,9.898449
tcr_18_4,D,A,E,R,81,175,OE2,NH2,9.175188
tcr_18_4,D,A,K,E,90,190,CD,OE2,9.444482
tcr_18_4,D,A,K,E,90,190,CD,OE1,9.339247
tcr_18_4,D,A,K,E,90,190,CD,CD,9.912283
tcr_18_4,D,A,K,E,90,190,CE,OE2,8.51239
tcr_18_4,D,A,K,E,90,190,CE,OE1,8.726282
tcr_18_4,D,A,K,E,90,190,CE,CD,9.13065
tcr_18_4,D,A,K,T,90,187,CE,OG1,9.042936
tcr_18_4,D,A,K,E,90,190,NZ,OE2,7.620679
tcr_18_4,D,A,K,E,90,190,NZ,OE1,7.8144946
tcr_18_4,D,A,K,E,90,190,NZ,CD,8.206681
tcr_18_4,D,A,K,E,90,190,NZ,CG,9.707855
tcr_18_4,D,A,K,G,90,186,NZ,CA,9.221002
tcr_18_4,D,A,K,G,90,186,NZ,C,9.412065
tcr_18_4,D,A,K,T,90,187,NZ,CG2,9.525193
tcr_18_4,D,A,K,A,90,182,NZ,O,9.237048
tcr_18_4,D,A,K,T,90,187,NZ,CA,9.279779
tcr_18_4,D,A,K,T,90,187,NZ,CB,9.055283
tcr_18_4,D,A,K,T,90,187,NZ,OG1,7.755727
tcr_18_4,D,A,K,T,90,187,NZ,N,8.970571
tcr_18_4,D,A,K,A,90,182,NZ,C,9.854089
tcr_18_4,D,A,K,A,90,182,NZ,CB,9.43788
tcr_18_4,D,A,K,E,93,82,NZ,OE2,9.941136
tcr_18_4,D,A,K,R,93,86,NZ,NH1,9.708992
tcr_18_4,D,A,Y,Q,114,89,CE1,OE1,9.724353
tcr_18_4,D,A,Y,R,114,86,CZ,NH1,9.636837
tcr_18_4,D,A,Y,R,114,86,CZ,CD,9.7240505
tcr_18_4,D,A,Y,R,114,86,OH,CZ,9.280133
tcr_18_4,D,A,Y,R,114,86,OH,NE,9.375932
tcr_18_4,D,A,Y,R,114,86,OH,CG,9.113225
tcr_18_4,D,A,Y,R,114,86,OH,NH1,8.312818
tcr_18_4,D,A,Y,R,114,86,OH,CD,8.423428
tcr_18_4,D,A,Y,Q,114,89,OH,OE1,9.385927
tcr_18_4,D,A,R,R,115,93,N,NH2,9.839383
tcr_18_4,D,A,R,R,115,93,N,NH1,9.646337
tcr_18_4,D,A,R,R,115,93,CA,NH2,8.415667
tcr_18_4,D,A,R,R,115,93,CA,NH1,8.250447
tcr_18_4,D,A,R,R,115,93,CA,CZ,8.878454
tcr_18_4,D,A,R,R,115,93,C,NH2,7.9445987
tcr_18_4,D,A,R,R,115,93,C,NH1,7.425333
tcr_18_4,D,A,R,R,115,93,C,CZ,8.226735
tcr_18_4,D,A,R,R,115,93,C,NE,9.446235
tcr_18_4,D,A,R,R,115,93,O,NH2,8.111292
tcr_18_4,D,A,R,R,115,93,O,NH1,7.5186276
tcr_18_4,D,A,R,R,115,93,O,CZ,8.381432
tcr_18_4,D,A,R,R,115,93,O,NE,9.6385975
tcr_18_4,D,A,R,Q,115,179,O,OE1,9.644229
tcr_18_4,D,A,R,R,115,93,CB,NH2,7.8048897
tcr_18_4,D,A,R,R,115,93,CB,NH1,7.9959335
tcr_18_4,D,A,R,R,115,93,CB,CZ,8.460793
tcr_18_4,D,A,R,R,115,93,CB,NE,9.704697
tcr_18_4,D,A,R,R,115,93,CG,NH2,6.4432344
tcr_18_4,D,A,R,R,115,93,CG,NH1,6.821158
tcr_18_4,D,A,R,R,115,93,CG,CD,9.3708315
tcr_18_4,D,A,R,R,115,93,CG,CZ,7.156311
tcr_18_4,D,A,R,R,115,93,CG,NE,8.3643675
tcr_18_4,D,A,R,Q,115,179,CG,OE1,9.9028
tcr_18_4,D,A,R,R,115,93,CD,NH2,6.230231
tcr_18_4,D,A,R,R,115,93,CD,NH1,7.0545936
tcr_18_4,D,A,R,R,115,93,CD,CD,9.52673
tcr_18_4,D,A,R,R,115,93,CD,CZ,7.16419
tcr_18_4,D,A,R,R,115,93,CD,NE,8.350394
tcr_18_4,D,A,R,Q,115,179,CD,OE1,9.356522
tcr_18_4,D,A,R,R,115,93,NE,NH2,5.264416
tcr_18_4,D,A,R,R,115,93,NE,NH1,6.4157953
tcr_18_4,D,A,R,R,115,93,NE,CD,8.626215
tcr_18_4,D,A,R,R,115,93,NE,CZ,6.296987
tcr_18_4,D,A,R,R,115,93,NE,NE,7.381249
tcr_18_4,D,A,R,R,115,93,NE,CG,9.65747
tcr_18_4,D,A,R,Q,115,179,NE,OE1,9.486959
tcr_18_4,D,A,R,R,115,93,CZ,NH2,5.2836227
tcr_18_4,D,A,R,R,115,93,CZ,NH1,6.8087773
tcr_18_4,D,A,R,R,115,93,CZ,CD,8.801281
tcr_18_4,D,A,R,R,115,93,CZ,CZ,6.463663
tcr_18_4,D,A,R,R,115,93,CZ,NE,7.44708
tcr_18_4,D,A,R,R,115,93,CZ,CG,9.706808
tcr_18_4,D,A,R,Q,115,179,CZ,OE1,9.341465
tcr_18_4,D,A,R,R,115,93,NH1,NH2,6.1179633
tcr_18_4,D,A,R,R,115,93,NH1,NH1,7.684137
tcr_18_4,D,A,R,R,115,93,NH1,CD,9.734096
tcr_18_4,D,A,R,R,115,93,NH1,CZ,7.3403826
tcr_18_4,D,A,R,R,115,93,NH1,NE,8.336896
tcr_18_4,D,A,R,Q,115,179,NH1,OE1,8.973803
tcr_18_4,D,A,R,Q,115,179,NH1,CD,9.797063
tcr_18_4,D,A,R,Q,115,179,NH1,NE2,9.808258
tcr_18_4,D,A,R,R,115,93,NH2,NH2,4.8688703
tcr_18_4,D,A,R,R,115,93,NH2,NH1,6.638796
tcr_18_4,D,A,R,R,115,93,NH2,CD,8.264533
tcr_18_4,D,A,R,R,115,93,NH2,CZ,6.076666
tcr_18_4,D,A,R,R,115,93,NH2,NE,6.8887086
tcr_18_4,D,A,R,R,115,93,NH2,CG,9.00877
tcr_18_4,D,A,R,Q,115,179,NH2,OE1,9.831053
tcr_18_4,D,A,S,Q,116,89,N,CD,9.9820595
tcr_18_4,D,A,S,Q,116,89,N,OE1,8.850453
tcr_18_4,D,A,S,R,116,93,N,NH2,7.637637
tcr_18_4,D,A,S,R,116,93,N,NH1,6.8950224
tcr_18_4,D,A,S,R,116,93,N,CD,9.403071
tcr_18_4,D,A,S,R,116,93,N,CZ,7.75646
tcr_18_4,D,A,S,R,116,93,N,NE,8.896299
tcr_18_4,D,A,S,R,116,86,CA,CG,9.491869
tcr_18_4,D,A,S,Q,116,89,CA,NE2,9.70465
tcr_18_4,D,A,S,R,116,86,CA,CD,9.282263
tcr_18_4,D,A,S,Q,116,89,CA,CD,9.187268
tcr_18_4,D,A,S,Q,116,89,CA,OE1,8.005178
tcr_18_4,D,A,S,Q,116,89,CA,CB,9.811565
tcr_18_4,D,A,S,K,116,90,CA,CG,9.712887
tcr_18_4,D,A,S,K,116,90,CA,CE,9.519451
tcr_18_4,D,A,S,R,116,93,CA,NH2,7.4102554
tcr_18_4,D,A,S,R,116,93,CA,NH1,6.276215
tcr_18_4,D,A,S,R,116,93,CA,CD,8.719778
tcr_18_4,D,A,S,R,116,93,CA,CZ,7.303994
tcr_18_4,D,A,S,R,116,93,CA,NE,8.391644
tcr_18_4,D,A,S,R,116,86,C,CG,9.795962
tcr_18_4,D,A,S,R,116,86,C,CD,9.661835
tcr_18_4,D,A,S,K,116,90,C,NZ,9.950816
tcr_18_4,D,A,S,Q,116,89,C,CD,9.336582
tcr_18_4,D,A,S,Q,116,89,C,OE1,8.153889
tcr_18_4,D,A,S,Q,116,89,C,CB,9.578208
tcr_18_4,D,A,S,K,116,90,C,CG,8.940277
tcr_18_4,D,A,S,K,116,90,C,CE,8.885374
tcr_18_4,D,A,S,K,116,90,C,CD,9.585717
tcr_18_4,D,A,S,R,116,93,C,NH2,6.15423
tcr_18_4,D,A,S,R,116,93,C,NH1,4.968683
tcr_18_4,D,A,S,R,116,93,C,CD,7.568117
tcr_18_4,D,A,S,R,116,93,C,CZ,6.034127
tcr_18_4,D,A,S,R,116,93,C,NE,7.1717544
tcr_18_4,D,A,S,R,116,93,C,CG,9.037317
tcr_18_4,D,A,S,R,116,93,C,CB,9.648491
tcr_18_4,D,A,S,Q,116,179,C,OE1,9.254652
tcr_18_4,D,A,S,Q,116,89,O,CD,9.446386
tcr_18_4,D,A,S,Q,116,89,O,OE1,8.315363
tcr_18_4,D,A,S,Q,116,89,O,CB,9.616654
tcr_18_4,D,A,S,K,116,90,O,CA,9.96711
tcr_18_4,D,A,S,K,116,90,O,CG,9.176234
tcr_18_4,D,A,S,K,116,90,O,CE,9.4232855
tcr_18_4,D,A,S,K,116,90,O,CD,9.9563265
tcr_18_4,D,A,S,R,116,93,O,NH2,5.0813346
tcr_18_4,D,A,S,R,116,93,O,NH1,4.1931276
tcr_18_4,D,A,S,R,116,93,O,CD,6.8805976
tcr_18_4,D,A,S,R,116,93,O,CZ,5.113019
tcr_18_4,D,A,S,R,116,93,O,NE,6.3062944
tcr_18_4,D,A,S,R,116,93,O,CG,8.321136
tcr_18_4,D,A,S,R,116,93,O,CB,9.074039
tcr_18_4,D,A,S,Q,116,179,O,OE1,8.885779
tcr_18_4,D,A,S,R,116,86,CB,NE,9.609068
tcr_18_4,D,A,S,R,116,86,CB,CG,8.330747
tcr_18_4,D,A,S,R,116,86,CB,C,9.989862
tcr_18_4,D,A,S,Q,116,89,CB,NE2,8.222073
tcr_18_4,D,A,S,R,116,86,CB,CB,9.1474085
tcr_18_4,D,A,S,R,116,86,CB,CA,9.448075
tcr_18_4,D,A,S,R,116,86,CB,NH1,9.397326
tcr_18_4,D,A,S,R,116,86,CB,CD,8.263327
tcr_18_4,D,A,S,Q,116,89,CB,CA,9.901604
tcr_18_4,D,A,S,Q,116,89,CB,CG,8.89166
tcr_18_4,D,A,S,Q,116,89,CB,CD,7.7605433
tcr_18_4,D,A,S,Q,116,89,CB,OE1,6.590381
tcr_18_4,D,A,S,K,116,90,CB,N,9.808565
tcr_18_4,D,A,S,R,116,86,CB,O,9.435652
tcr_18_4,D,A,S,Q,116,89,CB,CB,8.582814
tcr_18_4,D,A,S,Q,116,89,CB,C,9.809796
tcr_18_4,D,A,S,K,116,90,CB,CG,9.1038685
tcr_18_4,D,A,S,K,116,90,CB,CE,9.04597
tcr_18_4,D,A,S,K,116,90,CB,CD,9.819385
tcr_18_4,D,A,S,R,116,93,CB,NH2,7.6673374
tcr_18_4,D,A,S,R,116,93,CB,NH1,6.359207
tcr_18_4,D,A,S,R,116,93,CB,CD,8.439495
tcr_18_4,D,A,S,R,116,93,CB,CZ,7.3844504
tcr_18_4,D,A,S,R,116,93,CB,NE,8.312933
tcr_18_4,D,A,S,R,116,93,CB,CG,9.775101
tcr_18_4,D,A,S,R,116,86,OG,CZ,8.919829
tcr_18_4,D,A,S,R,116,86,OG,NE,8.44306
tcr_18_4,D,A,S,R,116,86,OG,CG,7.1408925
tcr_18_4,D,A,S,E,116,87,OG,N,9.936749
tcr_18_4,D,A,S,R,116,86,OG,C,8.724562
tcr_18_4,D,A,S,Q,116,89,OG,N,9.864014
tcr_18_4,D,A,S,D,116,85,OG,O,9.783432
tcr_18_4,D,A,S,R,116,86,OG,N,9.38561
tcr_18_4,D,A,S,Q,116,89,OG,NE2,7.747929
tcr_18_4,D,A,S,R,116,86,OG,CB,7.86817
tcr_18_4,D,A,S,R,116,86,OG,CA,8.228507
tcr_18_4,D,A,S,R,116,86,OG,NH1,8.308127
tcr_18_4,D,A,S,R,116,86,OG,CD,7.0644403
tcr_18_4,D,A,S,K,116,90,OG,NZ,8.750051
tcr_18_4,D,A,S,Q,116,89,OG,CA,9.010052
tcr_18_4,D,A,S,Q,116,89,OG,CG,8.160174
tcr_18_4,D,A,S,Q,116,89,OG,CD,7.133205
tcr_18_4,D,A,S,Q,116,89,OG,OE1,5.9217486
tcr_18_4,D,A,S,K,116,90,OG,CB,9.125237
tcr_18_4,D,A,S,K,116,90,OG,N,8.753678
tcr_18_4,D,A,S,R,116,86,OG,O,8.193423
tcr_18_4,D,A,S,Q,116,89,OG,CB,7.7192335
tcr_18_4,D,A,S,Q,116,89,OG,C,8.885838
tcr_18_4,D,A,S,K,116,90,OG,CA,9.054933
tcr_18_4,D,A,S,Q,116,89,OG,O,9.234263
tcr_18_4,D,A,S,K,116,90,OG,CG,7.8583765
tcr_18_4,D,A,S,K,116,90,OG,CE,7.677896
tcr_18_4,D,A,S,K,116,90,OG,CD,8.5007
tcr_18_4,D,A,S,R,116,93,OG,NH2,7.797781
tcr_18_4,D,A,S,R,116,93,OG,NH1,6.1585207
tcr_18_4,D,A,S,R,116,93,OG,CD,8.034419
tcr_18_4,D,A,S,R,116,93,OG,CZ,7.2987857
tcr_18_4,D,A,S,R,116,93,OG,NE,8.122079
tcr_18_4,D,A,S,R,116,93,OG,CG,9.3730955
tcr_18_4,D,A,S,R,116,93,OG,CB,9.5489435
tcr_18_4,D,A,A,R,117,86,N,CG,9.423584
tcr_18_4,D,A,A,R,117,86,N,CB,9.841581
tcr_18_4,D,A,A,R,117,86,N,CD,9.189404
tcr_18_4,D,A,A,K,117,90,N,NZ,8.914446
tcr_18_4,D,A,A,Q,117,89,N,CD,9.594795
tcr_18_4,D,A,A,Q,117,89,N,OE1,8.395362
tcr_18_4,D,A,A,K,117,90,N,CB,9.477129
tcr_18_4,D,A,A,K,117,90,N,N,9.732024
tcr_18_4,D,A,A,R,117,86,N,O,9.711254
tcr_18_4,D,A,A,Q,117,89,N,CB,9.582607
tcr_18_4,D,A,A,K,117,90,N,CA,9.561428
tcr_18_4,D,A,A,K,117,90,N,CG,8.232431
tcr_18_4,D,A,A,K,117,90,N,CE,7.938438
tcr_18_4,D,A,A,K,117,90,N,CD,8.717521
tcr_18_4,D,A,A,R,117,93,N,NH2,6.4844666
tcr_18_4,D,A,A,R,117,93,N,NH1,5.029124
tcr_18_4,D,A,A,R,117,93,N,CD,7.574542
tcr_18_4,D,A,A,R,117,93,N,CZ,6.213647
tcr_18_4,D,A,A,R,117,93,N,NE,7.304332
tcr_18_4,D,A,A,R,117,93,N,CG,9.078884
tcr_18_4,D,A,A,R,117,93,N,CB,9.624361
tcr_18_4,D,A,A,Q,117,179,N,OE1,8.685305
tcr_18_4,D,A,A,Q,117,179,N,CD,9.772108
tcr_18_4,D,A,A,R,117,86,CA,CG,9.794962
tcr_18_4,D,A,A,R,117,86,CA,CB,9.991765
tcr_18_4,D,A,A,R,117,86,CA,CD,9.647278
tcr_18_4,D,A,A,K,117,90,CA,NZ,8.37613
tcr_18_4,D,A,A,Q,117,179,CA,O,9.960591
tcr_18_4,D,A,A,Q,117,179,CA,CG,9.167063
tcr_18_4,D,A,A,Q,117,89,CA,CD,9.853596
tcr_18_4,D,A,A,Q,117,89,CA,OE1,8.695569
tcr_18_4,D,A,A,K,117,90,CA,CB,8.681183
tcr_18_4,D,A,A,K,117,90,CA,N,9.171468
tcr_18_4,D,A,A,R,117,86,CA,O,9.4645195
tcr_18_4,D,A,A,Q,117,89,CA,CB,9.469169
tcr_18_4,D,A,A,Q,117,89,CA,C,9.5676985
tcr_18_4,D,A,A,K,117,90,CA,CA,8.801107
tcr_18_4,D,A,A,Q,117,89,CA,O,9.627092
tcr_18_4,D,A,A,K,117,90,CA,CG,7.5225654
tcr_18_4,D,A,A,K,117,90,CA,CE,7.376305
tcr_18_4,D,A,A,K,117,90,CA,CD,8.003827
tcr_18_4,D,A,A,K,117,90,CA,O,9.967652
tcr_18_4,D,A,A,R,117,93,CA,NH2,5.7078114
tcr_18_4,D,A,A,R,117,93,CA,NH1,4.146444
tcr_18_4,D,A,A,R,117,93,CA,CD,6.6696763
tcr_18_4,D,A,A,R,117,93,CA,CZ,5.3477116
tcr_18_4,D,A,A,R,117,93,CA,NE,6.4024158
tcr_18_4,D,A,A,R,117,93,CA,CG,8.183946
tcr_18_4,D,A,A,R,117,93,CA,CB,8.788782
tcr_18_4,D,A,A,Q,117,179,CA,OE1,7.605138
tcr_18_4,D,A,A,Q,117,179,CA,CD,8.724959
tcr_18_4,D,A,A,Q,117,179,CA,NE2,9.75757
tcr_18_4,D,A,A,Q,117,179,CA,CB,9.220754
tcr_18_4,D,A,A,R,117,86,C,CG,8.999307
tcr_18_4,D,A,A,R,117,86,C,C,9.0561285
tcr_18_4,D,A,A,Q,117,89,C,N,9.807338
tcr_18_4,D,A,A,Q,117,89,C,NE2,9.682817
tcr_18_4,D,A,A,R,117,86,C,CB,9.059538
tcr_18_4,D,A,A,R,117,86,C,CA,9.238691
tcr_18_4,D,A,A,R,117,86,C,CD,9.059692
tcr_18_4,D,A,A,K,117,90,C,NZ,7.585429
tcr_18_4,D,A,A,Y,117,183,C,CD2,9.951767
tcr_18_4,D,A,A,Q,117,179,C,CG,9.962503
tcr_18_4,D,A,A,E,117,87,C,OE1,9.744268
tcr_18_4,D,A,A,Q,117,89,C,CA,8.838108
tcr_18_4,D,A,A,Q,117,89,C,CG,9.104376
tcr_18_4,D,A,A,Q,117,89,C,CD,8.671155
tcr_18_4,D,A,A,Q,117,89,C,OE1,7.563422
tcr_18_4,D,A,A,K,117,90,C,CB,7.284135
tcr_18_4,D,A,A,K,117,90,C,N,7.668733
tcr_18_4,D,A,A,R,117,86,C,O,8.168572
tcr_18_4,D,A,A,Q,117,89,C,CB,8.071133
tcr_18_4,D,A,A,Q,117,89,C,C,8.045999
tcr_18_4,D,A,A,K,117,90,C,CA,7.3060827
tcr_18_4,D,A,A,Q,117,89,C,O,8.091154
tcr_18_4,D,A,A,Y,117,91,C,N,9.717405
tcr_18_4,D,A,A,K,117,90,C,C,8.515893
tcr_18_4,D,A,A,K,117,90,C,CG,6.1985884
tcr_18_4,D,A,A,K,117,90,C,CE,6.4191127
tcr_18_4,D,A,A,Q,117,94,C,OE1,9.823794
tcr_18_4,D,A,A,K,117,90,C,CD,6.860225
tcr_18_4,D,A,A,Q,117,94,C,N,9.607311
tcr_18_4,D,A,A,K,117,90,C,O,8.492717
tcr_18_4,D,A,A,R,117,93,C,C,9.438038
tcr_18_4,D,A,A,R,117,93,C,O,9.94909
tcr_18_4,D,A,A,R,117,93,C,NH2,5.1656566
tcr_18_4,D,A,A,R,117,93,C,NH1,3.2106872
tcr_18_4,D,A,A,R,117,93,C,CD,5.3821487
tcr_18_4,D,A,A,R,117,93,C,CZ,4.4957047
tcr_18_4,D,A,A,R,117,93,C,NE,5.359373
tcr_18_4,D,A,A,R,117,93,C,CA,8.884321
tcr_18_4,D,A,A,R,117,93,C,CG,6.8770704
tcr_18_4,D,A,A,R,117,93,C,N,9.526391
tcr_18_4,D,A,A,R,117,93,C,CB,7.3546357
tcr_18_4,D,A,A,Q,117,179,C,OE1,8.279287
tcr_18_4,D,A,A,Q,117,179,C,CD,9.439272
tcr_18_4,D,A,A,Q,117,179,C,CB,9.857859
tcr_18_4,D,A,A,R,117,86,O,CG,9.597518
tcr_18_4,D,A,A,R,117,86,O,C,9.170379
tcr_18_4,D,A,A,Q,117,89,O,N,9.669246
tcr_18_4,D,A,A,R,117,86,O,CB,9.479256
tcr_18_4,D,A,A,R,117,86,O,CA,9.5438595
tcr_18_4,D,A,A,R,117,86,O,CD,9.756314
tcr_18_4,D,A,A,K,117,90,O,NZ,7.5349474
tcr_18_4,D,A,A,Y,117,183,O,CB,9.933038
tcr_18_4,D,A,A,Y,117,183,O,CD2,9.534908
tcr_18_4,D,A,A,Q,117,179,O,CG,9.514404
tcr_18_4,D,A,A,E,117,87,O,OE1,9.68647
tcr_18_4,D,A,A,Q,117,89,O,CA,8.679126
tcr_18_4,D,A,A,Q,117,89,O,CG,9.266631
tcr_18_4,D,A,A,Q,117,89,O,CD,9.021295
tcr_18_4,D,A,A,Q,117,89,O,OE1,7.9954424
tcr_18_4,D,A,A,K,117,90,O,CB,6.745157
tcr_18_4,D,A,A,K,117,90,O,N,7.2983613
tcr_18_4,D,A,A,R,117,86,O,O,8.189824
tcr_18_4,D,A,A,Q,117,89,O,CB,8.108344
tcr_18_4,D,A,A,Q,117,89,O,C,7.708732
tcr_18_4,D,A,A,K,117,90,O,CA,6.7355666
tcr_18_4,D,A,A,E,117,87,O,O,9.879032
tcr_18_4,D,A,A,Q,117,89,O,O,7.635267
tcr_18_4,D,A,A,Y,117,91,O,N,9.066858
tcr_18_4,D,A,A,K,117,90,O,C,7.81126
tcr_18_4,D,A,A,K,117,90,O,CG,5.832574
tcr_18_4,D,A,A,K,117,90,O,CE,6.3447957
tcr_18_4,D,A,A,Q,117,94,O,OE1,8.62834
tcr_18_4,D,A,A,Q,117,94,O,CD,9.760727
tcr_18_4,D,A,A,K,117,90,O,CD,6.547133
tcr_18_4,D,A,A,Q,117,94,O,CB,9.491455
tcr_18_4,D,A,A,Q,117,94,O,N,8.610992
tcr_18_4,D,A,A,K,117,90,O,O,7.656332
tcr_18_4,D,A,A,Q,117,94,O,CA,9.363374
tcr_18_4,D,A,A,R,117,93,O,C,8.480942
tcr_18_4,D,A,A,T,117,97,O,OG1,8.981759
tcr_18_4,D,A,A,R,117,93,O,O,8.956053
tcr_18_4,D,A,A,R,117,93,O,NH2,4.6076236
tcr_18_4,D,A,A,R,117,93,O,NH1,2.6006882
tcr_18_4,D,A,A,R,117,93,O,CD,4.5425196
tcr_18_4,D,A,A,R,117,93,O,CZ,3.8096523
tcr_18_4,D,A,A,R,117,93,O,NE,4.550489
tcr_18_4,D,A,A,R,117,93,O,CA,8.068135
tcr_18_4,D,A,A,R,117,93,O,CG,6.019775
tcr_18_4,D,A,A,R,117,93,O,N,8.794924
tcr_18_4,D,A,A,R,117,93,O,CB,6.56509
tcr_18_4,D,A,A,Q,117,179,O,OE1,7.750923
tcr_18_4,D,A,A,Q,117,179,O,CD,8.920107
tcr_18_4,D,A,A,Q,117,179,O,NE2,9.859535
tcr_18_4,D,A,A,Q,117,179,O,CB,9.312775
tcr_18_4,D,A,A,E,117,176,O,OE1,9.703105
tcr_18_4,D,A,A,R,117,86,CB,CD,9.69937
tcr_18_4,D,A,A,T,117,187,CB,CG2,9.427776
tcr_18_4,D,A,A,K,117,90,CB,NZ,7.8086524
tcr_18_4,D,A,A,Y,117,183,CB,CB,8.902494
tcr_18_4,D,A,A,Y,117,183,CB,CD2,8.838869
tcr_18_4,D,A,A,T,117,187,CB,CB,9.54337
tcr_18_4,D,A,A,Y,117,183,CB,CA,9.529162
tcr_18_4,D,A,A,T,117,187,CB,OG1,8.641853
tcr_18_4,D,A,A,Y,117,183,CB,N,9.578256
tcr_18_4,D,A,A,A,117,182,CB,CB,9.613027
tcr_18_4,D,A,A,Q,117,179,CB,O,8.699462
tcr_18_4,D,A,A,Q,117,179,CB,CG,8.375476
tcr_18_4,D,A,A,Q,117,179,CB,CA,9.029539
tcr_18_4,D,A,A,Y,117,183,CB,CE2,9.646321
tcr_18_4,D,A,A,Y,117,183,CB,CG,9.390831
tcr_18_4,D,A,A,Q,117,89,CB,OE1,9.669136
tcr_18_4,D,A,A,K,117,90,CB,CB,8.810748
tcr_18_4,D,A,A,K,117,90,CB,N,9.669199
tcr_18_4,D,A,A,R,117,86,CB,O,9.764462
tcr_18_4,D,A,A,K,117,90,CB,CA,9.178804
tcr_18_4,D,A,A,K,117,90,CB,CG,7.584796
tcr_18_4,D,A,A,K,117,90,CB,CE,7.0249104
tcr_18_4,D,A,A,K,117,90,CB,CD,7.7812133
tcr_18_4,D,A,A,R,117,93,CB,NH2,6.84824
tcr_18_4,D,A,A,R,117,93,CB,NH1,5.282501
tcr_18_4,D,A,A,R,117,93,CB,CD,7.6113067
tcr_18_4,D,A,A,R,117,93,CB,CZ,6.455408
tcr_18_4,D,A,A,R,117,93,CB,NE,7.4329133
tcr_18_4,D,A,A,R,117,93,CB,CG,9.096069
tcr_18_4,D,A,A,R,117,93,CB,CB,9.638643
tcr_18_4,D,A,A,Q,117,179,CB,C,9.175812
tcr_18_4,D,A,A,Q,117,179,CB,OE1,7.138002
tcr_18_4,D,A,A,Q,117,179,CB,CD,8.165271
tcr_18_4,D,A,A,Q,117,179,CB,NE2,9.314803
tcr_18_4,D,A,A,Q,117,179,CB,CB,8.30725
tcr_18_4,D,A,L,R,118,86,N,NE,9.427774
tcr_18_4,D,A,L,R,118,86,N,CG,7.8580093
tcr_18_4,D,A,L,E,118,87,N,C,9.852483
tcr_18_4,D,A,L,E,118,87,N,N,9.206762
tcr_18_4,D,A,L,E,118,87,N,CA,9.600172
tcr_18_4,D,A,L,R,118,86,N,C,8.097604
tcr_18_4,D,A,L,Q,118,89,N,N,8.874938
tcr_18_4,D,A,L,D,118,85,N,O,9.624865
tcr_18_4,D,A,L,R,118,86,N,N,9.508825
tcr_18_4,D,A,L,Q,118,89,N,NE2,8.419732
tcr_18_4,D,A,L,R,118,86,N,CB,8.009919
tcr_18_4,D,A,L,R,118,86,N,CA,8.150011
tcr_18_4,D,A,L,T,118,88,N,C,9.948962
tcr_18_4,D,A,L,R,118,86,N,NH1,9.559736
tcr_18_4,D,A,L,R,118,86,N,CD,8.003242
tcr_18_4,D,A,L,K,118,90,N,NZ,7.309814
tcr_18_4,D,A,L,E,118,87,N,OE1,9.240226
tcr_18_4,D,A,L,Q,118,89,N,CA,7.919792
tcr_18_4,D,A,L,Q,118,89,N,CG,7.9540834
tcr_18_4,D,A,L,Q,118,89,N,CD,7.432392
tcr_18_4,D,A,L,Q,118,89,N,OE1,6.296648
tcr_18_4,D,A,L,K,118,90,N,CB,6.9326916
tcr_18_4,D,A,L,K,118,90,N,N,6.998705
tcr_18_4,D,A,L,R,118,86,N,O,7.252177
tcr_18_4,D,A,L,Q,118,89,N,CB,7.0116663
tcr_18_4,D,A,L,Q,118,89,N,C,7.303372
tcr_18_4,D,A,L,K,118,90,N,CA,6.878195
tcr_18_4,D,A,L,E,118,87,N,O,9.584281
tcr_18_4,D,A,L,Q,118,89,N,O,7.464251
tcr_18_4,D,A,L,Y,118,91,N,N,9.321951
tcr_18_4,D,A,L,K,118,90,N,C,8.198891
tcr_18_4,D,A,L,K,118,90,N,CG,5.785483
tcr_18_4,D,A,L,K,118,90,N,CE,6.0616736
tcr_18_4,D,A,L,K,118,90,N,CD,6.5528455
tcr_18_4,D,A,L,Q,118,94,N,N,9.664775
tcr_18_4,D,A,L,K,118,90,N,O,8.329942
tcr_18_4,D,A,L,R,118,93,N,C,9.474288
tcr_18_4,D,A,L,R,118,93,N,NH2,5.7385387
tcr_18_4,D,A,L,R,118,93,N,NH1,3.7022648
tcr_18_4,D,A,L,R,118,93,N,CD,5.5053887
tcr_18_4,D,A,L,R,118,93,N,CZ,4.965738
tcr_18_4,D,A,L,R,118,93,N,NE,5.6944027
tcr_18_4,D,A,L,R,118,93,N,CA,8.734198
tcr_18_4,D,A,L,R,118,93,N,CG,6.9337406
tcr_18_4,D,A,L,R,118,93,N,N,9.21477
tcr_18_4,D,A,L,R,118,93,N,CB,7.2040253
tcr_18_4,D,A,L,Q,118,179,N,OE1,9.609156
tcr_18_4,D,A,L,R,118,86,CA,CZ,9.757437
tcr_18_4,D,A,L,R,118,86,CA,NE,8.963801
tcr_18_4,D,A,L,R,118,86,CA,CG,7.1363635
tcr_18_4,D,A,L,E,118,87,CA,CB,9.7835045
tcr_18_4,D,A,L,E,118,87,CA,C,8.511841
tcr_18_4,D,A,L,E,118,87,CA,N,8.024619
tcr_18_4,D,A,L,E,118,87,CA,CA,8.375258
tcr_18_4,D,A,L,T,118,88,CA,N,9.121977
tcr_18_4,D,A,L,R,118,86,CA,C,6.8979583
tcr_18_4,D,A,L,Q,118,89,CA,N,7.428957
tcr_18_4,D,A,L,D,118,85,CA,O,8.340167
tcr_18_4,D,A,L,R,118,86,CA,N,8.403675
tcr_18_4,D,A,L,D,118,85,CA,C,8.901627
tcr_18_4,D,A,L,Q,118,89,CA,NE2,7.409112
tcr_18_4,D,A,L,R,118,86,CA,CB,7.126769
tcr_18_4,D,A,L,R,118,86,CA,CA,7.0585175
tcr_18_4,D,A,L,T,118,88,CA,C,8.490955
tcr_18_4,D,A,L,T,118,88,CA,O,8.800015
tcr_18_4,D,A,L,T,118,88,CA,CA,9.544575
tcr_18_4,D,A,L,R,118,86,CA,NH1,9.438387
tcr_18_4,D,A,L,R,118,86,CA,CD,7.526657
tcr_18_4,D,A,L,K,118,90,CA,NZ,6.762599
tcr_18_4,D,A,L,E,118,87,CA,OE1,8.395863
tcr_18_4,D,A,L,E,118,87,CA,CD,9.31739
tcr_18_4,D,A,L,E,118,87,CA,OE2,9.838882
tcr_18_4,D,A,L,Q,118,89,CA,CA,6.46923
tcr_18_4,D,A,L,Q,118,89,CA,CG,6.6644645
tcr_18_4,D,A,L,Q,118,89,CA,CD,6.313999
tcr_18_4,D,A,L,Q,118,89,CA,OE1,5.2552195
tcr_18_4,D,A,L,K,118,90,CA,CB,5.7233725
tcr_18_4,D,A,L,K,118,90,CA,N,5.563954
tcr_18_4,D,A,L,R,118,86,CA,O,5.9680324
tcr_18_4,D,A,L,Q,118,89,CA,CB,5.6218514
tcr_18_4,D,A,L,Q,118,89,CA,C,5.8455935
tcr_18_4,D,A,L,K,118,90,CA,CA,5.5450053
tcr_18_4,D,A,L,E,118,87,CA,O,8.223203
tcr_18_4,D,A,L,Q,118,89,CA,O,6.056939
tcr_18_4,D,A,L,K,118,92,CA,CB,9.72454
tcr_18_4,D,A,L,Y,118,91,CA,N,7.976169
tcr_18_4,D,A,L,Y,118,91,CA,CA,9.309598
tcr_18_4,D,A,L,K,118,92,CA,N,9.290105
tcr_18_4,D,A,L,Y,118,91,CA,C,9.5812845
tcr_18_4,D,A,L,K,118,90,CA,C,6.8985267
tcr_18_4,D,A,L,K,118,92,CA,C,9.263193
tcr_18_4,D,A,L,K,118,92,CA,CA,9.772375
tcr_18_4,D,A,L,K,118,90,CA,CG,4.6684527
tcr_18_4,D,A,L,K,118,90,CA,CE,5.3807435
tcr_18_4,D,A,L,Q,118,94,CA,OE1,9.771712
tcr_18_4,D,A,L,K,118,90,CA,CD,5.650598
tcr_18_4,D,A,L,Q,118,94,CA,CB,9.813262
tcr_18_4,D,A,L,Q,118,94,CA,N,8.640105
tcr_18_4,D,A,L,K,118,90,CA,O,7.1202602
tcr_18_4,D,A,L,Q,118,94,CA,CA,9.697964
tcr_18_4,D,A,L,R,118,93,CA,C,8.492882
tcr_18_4,D,A,L,R,118,93,CA,O,9.225683
tcr_18_4,D,A,L,R,118,93,CA,NH2,6.005965
tcr_18_4,D,A,L,R,118,93,CA,NH1,3.8732595
tcr_18_4,D,A,L,R,118,93,CA,CD,4.867099
tcr_18_4,D,A,L,R,118,93,CA,CZ,5.0053997
tcr_18_4,D,A,L,R,118,93,CA,NE,5.4118743
tcr_18_4,D,A,L,R,118,93,CA,CA,7.6608577
tcr_18_4,D,A,L,R,118,93,CA,CG,6.150916
tcr_18_4,D,A,L,R,118,93,CA,N,7.9894967
tcr_18_4,D,A,L,R,118,93,CA,CB,6.160382
tcr_18_4,D,A,L,R,118,86,C,NE,9.96662
tcr_18_4,D,A,L,R,118,86,C,CG,7.9179144
tcr_18_4,D,A,L,E,118,87,C,C,8.672364
tcr_18_4,D,A,L,E,118,87,C,N,8.514962
tcr_18_4,D,A,L,E,118,87,C,CA,8.801022
tcr_18_4,D,A,L,T,118,88,C,N,9.162488
tcr_18_4,D,A,L,R,118,86,C,C,7.353829
tcr_18_4,D,A,L,Q,118,89,C,N,7.0875316
tcr_18_4,D,A,L,D,118,85,C,O,8.338872
tcr_18_4,D,A,L,R,118,86,C,N,8.790241
tcr_18_4,D,A,L,D,118,85,C,C,9.071924
tcr_18_4,D,A,L,Q,118,89,C,NE2,6.902479
tcr_18_4,D,A,L,R,118,86,C,CB,7.897562
tcr_18_4,D,A,L,R,118,86,C,CA,7.556345
tcr_18_4,D,A,L,T,118,88,C,C,8.125058
tcr_18_4,D,A,L,T,118,88,C,O,8.276026
tcr_18_4,D,A,L,T,118,88,C,CA,9.350127
tcr_18_4,D,A,L,K,118,92,C,CG,9.894228
tcr_18_4,D,A,L,R,118,86,C,CD,8.518566
tcr_18_4,D,A,L,K,118,90,C,NZ,7.924708
tcr_18_4,D,A,L,E,118,87,C,OE1,9.32136
tcr_18_4,D,A,L,Q,118,89,C,CA,5.9116096
tcr_18_4,D,A,L,Q,118,89,C,CG,6.111979
tcr_18_4,D,A,L,Q,118,89,C,CD,5.8334584
tcr_18_4,D,A,L,Q,118,89,C,OE1,4.891532
tcr_18_4,D,A,L,K,118,90,C,CB,5.9483967
tcr_18_4,D,A,L,K,118,90,C,N,5.319661
tcr_18_4,D,A,L,R,118,86,C,O,6.320281
tcr_18_4,D,A,L,Q,118,89,C,CB,5.1266804
tcr_18_4,D,A,L,Q,118,89,C,C,5.2798066
tcr_18_4,D,A,L,K,118,90,C,CA,5.3756766
tcr_18_4,D,A,L,E,118,87,C,O,8.282947
tcr_18_4,D,A,L,Q,118,89,C,O,5.2409034
tcr_18_4,D,A,L,K,118,92,C,CB,8.7079315
tcr_18_4,D,A,L,Y,118,91,C,N,7.668714
tcr_18_4,D,A,L,Y,118,91,C,CA,8.906136
tcr_18_4,D,A,L,K,118,92,C,N,8.533821
tcr_18_4,D,A,L,Y,118,91,C,C,8.941327
tcr_18_4,D,A,L,K,118,90,C,C,6.5652957
tcr_18_4,D,A,L,K,118,92,C,C,8.204063
tcr_18_4,D,A,L,Y,118,91,C,O,9.524078
tcr_18_4,D,A,L,K,118,92,C,CA,8.819973
tcr_18_4,D,A,L,K,118,90,C,CG,5.2268696
tcr_18_4,D,A,L,K,118,90,C,CE,6.4798384
tcr_18_4,D,A,L,Q,118,94,C,OE1,9.481715
tcr_18_4,D,A,L,K,118,90,C,CD,6.4625206
tcr_18_4,D,A,L,Q,118,94,C,CB,9.331944
tcr_18_4,D,A,L,Q,118,94,C,N,7.8401203
tcr_18_4,D,A,L,K,118,90,C,O,6.659336
tcr_18_4,D,A,L,Q,118,94,C,CA,9.003625
tcr_18_4,D,A,L,R,118,93,C,C,7.503792
tcr_18_4,D,A,L,T,118,97,C,OG1,9.215141
tcr_18_4,D,A,L,R,118,93,C,O,8.180416
tcr_18_4,D,A,L,R,118,93,C,NH2,5.1888027
tcr_18_4,D,A,L,R,118,93,C,NH1,3.260181
tcr_18_4,D,A,L,R,118,93,C,CD,3.7999277
tcr_18_4,D,A,L,R,118,93,C,CZ,4.14476
tcr_18_4,D,A,L,R,118,93,C,NE,4.37738
tcr_18_4,D,A,L,R,118,93,C,CA,6.5418363
tcr_18_4,D,A,L,R,118,93,C,CG,5.0013056
tcr_18_4,D,A,L,R,118,93,C,N,6.9416943
tcr_18_4,D,A,L,R,118,93,C,CB,5.0585127
tcr_18_4,D,A,L,Q,118,96,C,OE1,9.120954
tcr_18_4,D,A,L,Q,118,96,C,CD,9.970037
tcr_18_4,D,A,L,K,118,92,C,O,9.031706
tcr_18_4,D,A,L,R,118,86,O,CG,8.220074
tcr_18_4,D,A,L,E,118,87,O,CB,9.76321
tcr_18_4,D,A,L,E,118,87,O,C,7.985222
tcr_18_4,D,A,L,E,118,87,O,N,8.15697
tcr_18_4,D,A,L,E,118,87,O,CA,8.280654
tcr_18_4,D,A,L,T,118,88,O,N,8.485194
tcr_18_4,D,A,L,R,118,86,O,C,7.067889
tcr_18_4,D,A,L,Q,118,89,O,N,6.3498287
tcr_18_4,D,A,L,D,118,85,O,O,7.989277
tcr_18_4,D,A,L,R,118,86,O,N,8.666975
tcr_18_4,D,A,L,D,118,85,O,C,8.832241
tcr_18_4,D,A,L,Q,118,89,O,NE2,6.9303317
tcr_18_4,D,A,L,R,118,86,O,CB,8.000166
tcr_18_4,D,A,L,R,118,86,O,CA,7.47316
tcr_18_4,D,A,L,Y,118,91,O,CD2,9.935528
tcr_18_4,D,A,L,T,118,88,O,C,7.2740393
tcr_18_4,D,A,L,T,118,88,O,CB,9.541949
tcr_18_4,D,A,L,T,118,88,O,CG2,9.958545
tcr_18_4,D,A,L,T,118,88,O,O,7.3005238
tcr_18_4,D,A,L,T,118,88,O,CA,8.559698
tcr_18_4,D,A,L,K,118,92,O,CD,9.119379
tcr_18_4,D,A,L,K,118,92,O,CG,8.8307085
tcr_18_4,D,A,L,R,118,86,O,CD,8.96507
tcr_18_4,D,A,L,K,118,90,O,NZ,7.8862386
tcr_18_4,D,A,L,E,118,87,O,OE1,9.085299
tcr_18_4,D,A,L,E,118,87,O,CD,9.763671
tcr_18_4,D,A,L,Y,118,91,O,CD1,9.963927
tcr_18_4,D,A,L,Y,118,91,O,CG,9.541108
tcr_18_4,D,A,L,Q,118,89,O,CA,5.1245203
tcr_18_4,D,A,L,Q,118,89,O,CG,5.7531443
tcr_18_4,D,A,L,Q,118,89,O,CD,5.7803717
tcr_18_4,D,A,L,Q,118,89,O,OE1,5.029591
tcr_18_4,D,A,L,K,118,90,O,CB,5.1705747
tcr_18_4,D,A,L,K,118,90,O,N,4.408165
tcr_18_4,D,A,L,R,118,86,O,O,5.9363117
tcr_18_4,D,A,L,Q,118,89,O,CB,4.6116343
tcr_18_4,D,A,L,Q,118,89,O,C,4.3036685
tcr_18_4,D,A,L,K,118,90,O,CA,4.3914285
tcr_18_4,D,A,L,E,118,87,O,O,7.4737477
tcr_18_4,D,A,L,Q,118,89,O,O,4.1252184
tcr_18_4,D,A,L,K,118,92,O,CB,7.605337
tcr_18_4,D,A,L,Y,118,91,O,N,6.5838842
tcr_18_4,D,A,L,Y,118,91,O,CA,7.7665224
tcr_18_4,D,A,L,K,118,92,O,N,7.348984
tcr_18_4,D,A,L,Y,118,91,O,C,7.7414885
tcr_18_4,D,A,L,K,118,90,O,C,5.463985
tcr_18_4,D,A,L,Y,118,91,O,CB,8.978289
tcr_18_4,D,A,L,K,118,92,O,C,7.006949
tcr_18_4,D,A,L,Y,118,91,O,O,8.303981
tcr_18_4,D,A,L,K,118,92,O,CA,7.635727
tcr_18_4,D,A,L,K,118,90,O,CG,4.731058
tcr_18_4,D,A,L,Q,118,94,O,CG,9.493827
tcr_18_4,D,A,L,K,118,90,O,CE,6.414885
tcr_18_4,D,A,L,Q,118,94,O,OE1,8.59956
tcr_18_4,D,A,L,Q,118,94,O,CD,9.437446
tcr_18_4,D,A,L,K,118,90,O,CD,6.111852
tcr_18_4,D,A,L,Q,118,94,O,CB,8.226999
tcr_18_4,D,A,L,Q,118,94,O,N,6.6719165
tcr_18_4,D,A,L,K,118,90,O,O,5.5070643
tcr_18_4,D,A,L,Q,118,94,O,CA,7.8776307
tcr_18_4,D,A,L,R,118,93,O,C,6.3601756
tcr_18_4,D,A,L,T,118,97,O,OG1,8.375239
tcr_18_4,D,A,L,R,118,93,O,O,7.107359
tcr_18_4,D,A,L,R,118,93,O,NH2,5.321726
tcr_18_4,D,A,L,R,118,93,O,NH1,3.514817
tcr_18_4,D,A,L,R,118,93,O,CD,3.0577295
tcr_18_4,D,A,L,R,118,93,O,CZ,4.1368823
tcr_18_4,D,A,L,R,118,93,O,NE,3.993108
tcr_18_4,D,A,L,R,118,93,O,CA,5.3793254
tcr_18_4,D,A,L,R,118,93,O,CG,4.057341
tcr_18_4,D,A,L,R,118,93,O,N,5.735282
tcr_18_4,D,A,L,R,118,93,O,CB,3.9086277
tcr_18_4,D,A,L,Q,118,96,O,OE1,8.282472
tcr_18_4,D,A,L,A,118,95,O,N,9.3606205
tcr_18_4,D,A,L,Q,118,94,O,O,9.954096
tcr_18_4,D,A,L,Q,118,94,O,C,9.115431
tcr_18_4,D,A,L,Q,118,96,O,NE2,9.650022
tcr_18_4,D,A,L,Q,118,96,O,N,9.931363
tcr_18_4,D,A,L,Q,118,96,O,CB,9.441253
tcr_18_4,D,A,L,Q,118,96,O,CG,9.65502
tcr_18_4,D,A,L,Q,118,96,O,CD,9.062271
tcr_18_4,D,A,L,K,118,92,O,O,7.8527427
tcr_18_4,D,A,L,T,118,97,O,CB,9.606511
tcr_18_4,D,A,L,T,118,97,O,N,9.90497
tcr_18_4,D,A,L,R,118,86,CB,NH2,9.672965
tcr_18_4,D,A,L,R,118,86,CB,CZ,8.400358
tcr_18_4,D,A,L,E,118,82,CB,O,8.886235
tcr_18_4,D,A,L,R,118,86,CB,NE,7.557802
tcr_18_4,D,A,L,R,118,86,CB,CG,5.666601
tcr_18_4,D,A,L,E,118,87,CB,CG,9.26489
tcr_18_4,D,A,L,E,118,87,CB,CB,9.050672
tcr_18_4,D,A,L,E,118,87,CB,C,7.883458
tcr_18_4,D,A,L,Y,118,83,CB,O,9.134982
tcr_18_4,D,A,L,E,118,87,CB,N,7.062149
tcr_18_4,D,A,L,E,118,87,CB,CA,7.6408024
tcr_18_4,D,A,L,W,118,84,CB,O,9.897544
tcr_18_4,D,A,L,T,118,88,CB,N,8.377916
tcr_18_4,D,A,L,R,118,86,CB,C,5.859722
tcr_18_4,D,A,L,Q,118,89,CB,N,6.791677
tcr_18_4,D,A,L,D,118,85,CB,CB,9.482382
tcr_18_4,D,A,L,D,118,85,CB,CA,9.144111
tcr_18_4,D,A,L,D,118,85,CB,O,7.215103
tcr_18_4,D,A,L,D,118,85,CB,N,9.931118
tcr_18_4,D,A,L,R,118,86,CB,N,7.0988293
tcr_18_4,D,A,L,D,118,85,CB,C,7.661526
tcr_18_4,D,A,L,Q,118,89,CB,NE2,6.3842683
tcr_18_4,D,A,L,R,118,86,CB,CB,5.7923017
tcr_18_4,D,A,L,R,118,86,CB,CA,5.783476
tcr_18_4,D,A,L,T,118,88,CB,C,7.9634695
tcr_18_4,D,A,L,T,118,88,CB,CB,9.736331
tcr_18_4,D,A,L,T,118,88,CB,O,8.466428
tcr_18_4,D,A,L,T,118,88,CB,CA,8.899513
tcr_18_4,D,A,L,R,118,86,CB,NH1,8.159485
tcr_18_4,D,A,L,R,118,86,CB,CD,6.103807
tcr_18_4,D,A,L,K,118,90,CB,NZ,6.423291
tcr_18_4,D,A,L,E,118,87,CB,OE1,7.7674975
tcr_18_4,D,A,L,E,118,87,CB,CD,8.720753
tcr_18_4,D,A,L,E,118,87,CB,OE2,9.409296
tcr_18_4,D,A,L,Q,118,89,CB,CA,5.9915843
tcr_18_4,D,A,L,Q,118,89,CB,CG,5.8152976
tcr_18_4,D,A,L,Q,118,89,CB,CD,5.3213205
tcr_18_4,D,A,L,Q,118,89,CB,OE1,4.208167
tcr_18_4,D,A,L,K,118,90,CB,CB,5.825913
tcr_18_4,D,A,L,K,118,90,CB,N,5.405067
tcr_18_4,D,A,L,R,118,86,CB,O,5.0903153
tcr_18_4,D,A,L,Q,118,89,CB,CB,4.9239407
tcr_18_4,D,A,L,Q,118,89,CB,C,5.687775
tcr_18_4,D,A,L,K,118,90,CB,CA,5.7262564
tcr_18_4,D,A,L,E,118,87,CB,O,7.8081765
tcr_18_4,D,A,L,Q,118,89,CB,O,6.166239
tcr_18_4,D,A,L,K,118,92,CB,CB,9.787372
tcr_18_4,D,A,L,Y,118,91,CB,N,8.090598
tcr_18_4,D,A,L,Y,118,91,CB,CA,9.498746
tcr_18_4,D,A,L,K,118,92,CB,N,9.454766
tcr_18_4,D,A,L,Y,118,91,CB,C,9.854356
tcr_18_4,D,A,L,K,118,90,CB,C,7.191541
tcr_18_4,D,A,L,K,118,92,CB,C,9.709702
tcr_18_4,D,A,L,K,118,90,CB,CG,4.655513
tcr_18_4,D,A,L,K,118,90,CB,CE,5.0910687
tcr_18_4,D,A,L,K,118,90,CB,CD,5.5461473
tcr_18_4,D,A,L,Q,118,94,CB,N,9.478057
tcr_18_4,D,A,L,K,118,90,CB,O,7.6488886
tcr_18_4,D,A,L,R,118,93,CB,C,9.382539
tcr_18_4,D,A,L,R,118,93,CB,NH2,7.4092407
tcr_18_4,D,A,L,R,118,93,CB,NH1,5.339878
tcr_18_4,D,A,L,R,118,93,CB,CD,6.100648
tcr_18_4,D,A,L,R,118,93,CB,CZ,6.4289775
tcr_18_4,D,A,L,R,118,93,CB,NE,6.7676587
tcr_18_4,D,A,L,R,118,93,CB,CA,8.421951
tcr_18_4,D,A,L,R,118,93,CB,CG,7.2390757
tcr_18_4,D,A,L,R,118,93,CB,N,8.511801
tcr_18_4,D,A,L,R,118,93,CB,CB,7.0035067
tcr_18_4,D,A,L,R,118,86,CG,NH2,8.496517
tcr_18_4,D,A,L,R,118,86,CG,CZ,7.2099357
tcr_18_4,D,A,L,Y,118,83,CG,CA,9.642031
tcr_18_4,D,A,L,E,118,82,CG,C,9.388164
tcr_18_4,D,A,L,E,118,82,CG,O,8.188268
tcr_18_4,D,A,L,R,118,86,CG,NE,6.49149
tcr_18_4,D,A,L,R,118,86,CG,CG,4.9524946
tcr_18_4,D,A,L,E,118,87,CG,CG,8.643483
tcr_18_4,D,A,L,E,118,87,CG,CB,8.675272
tcr_18_4,D,A,L,E,118,87,CG,C,7.9356833
tcr_18_4,D,A,L,Y,118,83,CG,O,8.497654
tcr_18_4,D,A,L,E,118,87,CG,N,6.7371883
tcr_18_4,D,A,L,Y,118,83,CG,C,9.466311
tcr_18_4,D,A,L,E,118,87,CG,CA,7.3989177
tcr_18_4,D,A,L,W,118,84,CG,O,9.804417
tcr_18_4,D,A,L,T,118,88,CG,N,8.522795
tcr_18_4,D,A,L,R,118,86,CG,C,5.6391277
tcr_18_4,D,A,L,Q,118,89,CG,N,7.4123435
tcr_18_4,D,A,L,D,118,85,CG,CB,9.450272
tcr_18_4,D,A,L,D,118,85,CG,CA,9.1187105
tcr_18_4,D,A,L,D,118,85,CG,O,7.4383445
tcr_18_4,D,A,L,D,118,85,CG,N,9.723086
tcr_18_4,D,A,L,R,118,86,CG,N,6.858373
tcr_18_4,D,A,L,D,118,85,CG,C,7.6592183
tcr_18_4,D,A,L,Q,118,89,CG,NE2,7.228534
tcr_18_4,D,A,L,R,118,86,CG,CB,5.1015515
tcr_18_4,D,A,L,R,118,86,CG,CA,5.4802604
tcr_18_4,D,A,L,T,118,88,CG,C,8.548852
tcr_18_4,D,A,L,T,118,88,CG,O,9.18465
tcr_18_4,D,A,L,T,118,88,CG,CA,9.271888
tcr_18_4,D,A,L,R,118,86,CG,NH1,6.8644805
tcr_18_4,D,A,L,R,118,86,CG,CD,5.075338
tcr_18_4,D,A,L,T,118,187,CG,CG2,9.714385
tcr_18_4,D,A,L,K,118,90,CG,NZ,5.4432673
tcr_18_4,D,A,L,E,118,87,CG,OE1,6.9496574
tcr_18_4,D,A,L,E,118,87,CG,CD,8.024884
tcr_18_4,D,A,L,E,118,87,CG,OE2,8.769774
tcr_18_4,D,A,L,Q,118,89,CG,CA,6.8674664
tcr_18_4,D,A,L,Q,118,89,CG,CG,6.715502
tcr_18_4,D,A,L,Q,118,89,CG,CD,6.2147346
tcr_18_4,D,A,L,Q,118,89,CG,OE1,5.1261134
tcr_18_4,D,A,L,K,118,90,CG,CB,6.0498533
tcr_18_4,D,A,L,K,118,90,CG,N,6.0624857
tcr_18_4,D,A,L,R,118,86,CG,O,5.090747
tcr_18_4,D,A,L,Q,118,89,CG,CB,5.8414288
tcr_18_4,D,A,L,Q,118,89,CG,C,6.5919003
tcr_18_4,D,A,L,K,118,90,CG,CA,6.3180785
tcr_18_4,D,A,L,E,118,87,CG,O,7.9926405
tcr_18_4,D,A,L,Q,118,89,CG,O,7.2333207
tcr_18_4,D,A,L,Y,118,91,CG,N,8.656208
tcr_18_4,D,A,L,K,118,90,CG,C,7.8340025
tcr_18_4,D,A,L,K,118,90,CG,CG,4.6531267
tcr_18_4,D,A,L,K,118,90,CG,CE,4.2967043
tcr_18_4,D,A,L,K,118,90,CG,CD,5.134955
tcr_18_4,D,A,L,K,118,90,CG,O,8.39023
tcr_18_4,D,A,L,R,118,93,CG,NH2,8.512767
tcr_18_4,D,A,L,R,118,93,CG,NH1,6.3798695
tcr_18_4,D,A,L,R,118,93,CG,CD,7.3204756
tcr_18_4,D,A,L,R,118,93,CG,CZ,7.561306
tcr_18_4,D,A,L,R,118,93,CG,NE,7.9751215
tcr_18_4,D,A,L,R,118,93,CG,CA,9.637902
tcr_18_4,D,A,L,R,118,93,CG,CG,8.492289
tcr_18_4,D,A,L,R,118,93,CG,N,9.673263
tcr_18_4,D,A,L,R,118,93,CG,CB,8.2281065
tcr_18_4,D,A,L,E,118,82,CD1,CG,9.762387
tcr_18_4,D,A,L,R,118,86,CD1,NH2,7.2160463
tcr_18_4,D,A,L,E,118,82,CD1,OE2,9.488874
tcr_18_4,D,A,L,E,118,82,CD1,CD,9.9908
tcr_18_4,D,A,L,R,118,86,CD1,CZ,5.9408026
tcr_18_4,D,A,L,Y,118,83,CD1,CD2,9.812908
tcr_18_4,D,A,L,Y,118,83,CD1,CG,9.958519
tcr_18_4,D,A,L,Y,118,83,CD1,CB,9.719176
tcr_18_4,D,A,L,Y,118,83,CD1,CA,8.4521885
tcr_18_4,D,A,L,Y,118,83,CD1,N,8.740724
tcr_18_4,D,A,L,E,118,82,CD1,C,7.9878063
tcr_18_4,D,A,L,E,118,82,CD1,O,6.7910223
tcr_18_4,D,A,L,R,118,86,CD1,NE,5.132723
tcr_18_4,D,A,L,E,118,82,CD1,CA,8.830813
tcr_18_4,D,A,L,E,118,82,CD1,CB,8.898683
tcr_18_4,D,A,L,R,118,86,CD1,CG,3.5013866
tcr_18_4,D,A,L,E,118,87,CD1,CG,8.155158
tcr_18_4,D,A,L,W,118,84,CD1,C,8.955319
tcr_18_4,D,A,L,E,118,87,CD1,CB,8.200577
tcr_18_4,D,A,L,E,118,87,CD1,C,7.5934386
tcr_18_4,D,A,L,Y,118,83,CD1,O,7.4729123
tcr_18_4,D,A,L,E,118,87,CD1,N,6.0512986
tcr_18_4,D,A,L,Y,118,83,CD1,C,8.344884
tcr_18_4,D,A,L,E,118,87,CD1,CA,6.970404
tcr_18_4,D,A,L,W,118,84,CD1,CA,9.760099
tcr_18_4,D,A,L,W,118,84,CD1,N,9.379913
tcr_18_4,D,A,L,W,118,84,CD1,O,8.892606
tcr_18_4,D,A,L,T,118,88,CD1,N,8.015927
tcr_18_4,D,A,L,R,118,86,CD1,C,4.922785
tcr_18_4,D,A,L,D,118,85,CD1,CG,9.674131
tcr_18_4,D,A,L,Q,118,89,CD1,N,7.074692
tcr_18_4,D,A,L,D,118,85,CD1,CB,8.1609535
tcr_18_4,D,A,L,D,118,85,CD1,CA,7.9546843
tcr_18_4,D,A,L,D,118,85,CD1,O,6.520823
tcr_18_4,D,A,L,D,118,85,CD1,N,8.54642
tcr_18_4,D,A,L,R,118,86,CD1,N,5.6902947
tcr_18_4,D,A,L,D,118,85,CD1,C,6.5693645
tcr_18_4,D,A,L,Q,118,89,CD1,NE2,6.5057263
tcr_18_4,D,A,L,R,118,86,CD1,CB,3.9005191
tcr_18_4,D,A,L,R,118,86,CD1,CA,4.4120555
tcr_18_4,D,A,L,T,118,88,CD1,C,8.264716
tcr_18_4,D,A,L,T,118,88,CD1,CB,9.515446
tcr_18_4,D,A,L,T,118,88,CD1,O,9.063733
tcr_18_4,D,A,L,T,118,88,CD1,CA,8.838154
tcr_18_4,D,A,L,R,118,86,CD1,NH1,5.7356563
tcr_18_4,D,A,L,R,118,86,CD1,CD,3.6781266
tcr_18_4,D,A,L,K,118,90,CD1,NZ,5.704047
tcr_18_4,D,A,L,E,118,87,CD1,OE1,6.7152305
tcr_18_4,D,A,L,E,118,87,CD1,CD,7.768798
tcr_18_4,D,A,L,E,118,87,CD1,OE2,8.680702
tcr_18_4,D,A,L,Q,118,89,CD1,CA,6.7305536
tcr_18_4,D,A,L,Q,118,89,CD1,CG,6.2153153
tcr_18_4,D,A,L,Q,118,89,CD1,CD,5.611216
tcr_18_4,D,A,L,Q,118,89,CD1,OE1,4.6022544
tcr_18_4,D,A,L,K,118,90,CD1,CB,6.57586
tcr_18_4,D,A,L,K,118,90,CD1,N,6.303399
tcr_18_4,D,A,L,R,118,86,CD1,O,4.659658
tcr_18_4,D,A,L,Q,118,89,CD1,CB,5.5826635
tcr_18_4,D,A,L,Q,118,89,CD1,C,6.774515
tcr_18_4,D,A,L,K,118,90,CD1,CA,6.8457046
tcr_18_4,D,A,L,E,118,87,CD1,O,7.87768
tcr_18_4,D,A,L,Q,118,89,CD1,O,7.590467
tcr_18_4,D,A,L,Y,118,91,CD1,N,9.00234
tcr_18_4,D,A,L,K,118,90,CD1,C,8.365709
tcr_18_4,D,A,L,K,118,90,CD1,CG,5.240685
tcr_18_4,D,A,L,K,118,90,CD1,CE,4.728626
tcr_18_4,D,A,L,K,118,90,CD1,CD,5.6249943
tcr_18_4,D,A,L,K,118,90,CD1,O,9.085355
tcr_18_4,D,A,L,R,118,93,CD1,NH2,9.81553
tcr_18_4,D,A,L,R,118,93,CD1,NH1,7.725909
tcr_18_4,D,A,L,R,118,93,CD1,CD,8.467434
tcr_18_4,D,A,L,R,118,93,CD1,CZ,8.860582
tcr_18_4,D,A,L,R,118,93,CD1,NE,9.206917
tcr_18_4,D,A,L,R,118,93,CD1,CG,9.524386
tcr_18_4,D,A,L,R,118,93,CD1,CB,9.093498
tcr_18_4,D,A,L,R,118,86,CD2,NH2,8.596695
tcr_18_4,D,A,L,R,118,86,CD2,CZ,7.3572774
tcr_18_4,D,A,L,Y,118,83,CD2,CD2,9.878648
tcr_18_4,D,A,L,Y,118,83,CD2,CA,9.308679
tcr_18_4,D,A,L,Y,118,83,CD2,N,9.938665
tcr_18_4,D,A,L,E,118,82,CD2,C,9.444836
tcr_18_4,D,A,L,E,118,82,CD2,O,8.2725
tcr_18_4,D,A,L,R,118,86,CD2,NE,6.6566896
tcr_18_4,D,A,L,R,118,86,CD2,CG,5.2907224
tcr_18_4,D,A,L,E,118,87,CD2,CG,7.6579523
tcr_18_4,D,A,L,W,118,84,CD2,C,9.77761
tcr_18_4,D,A,L,E,118,87,CD2,CB,7.7942023
tcr_18_4,D,A,L,E,118,87,CD2,C,7.2648807
tcr_18_4,D,A,L,Y,118,83,CD2,O,8.03917
tcr_18_4,D,A,L,E,118,87,CD2,N,6.1680264
tcr_18_4,D,A,L,Y,118,83,CD2,C,9.084936
tcr_18_4,D,A,L,E,118,87,CD2,CA,6.610728
tcr_18_4,D,A,L,W,118,84,CD2,O,9.51169
tcr_18_4,D,A,L,T,118,88,CD2,N,8.051305
tcr_18_4,D,A,L,R,118,86,CD2,C,5.262295
tcr_18_4,D,A,L,Q,118,89,CD2,N,7.3158107
tcr_18_4,D,A,L,D,118,85,CD2,CB,9.799382
tcr_18_4,D,A,L,D,118,85,CD2,CA,9.255693
tcr_18_4,D,A,L,D,118,85,CD2,O,7.5673537
tcr_18_4,D,A,L,D,118,85,CD2,N,9.688812
tcr_18_4,D,A,L,R,118,86,CD2,N,6.9092507
tcr_18_4,D,A,L,D,118,85,CD2,C,7.773993
tcr_18_4,D,A,L,Q,118,89,CD2,NE2,8.187534
tcr_18_4,D,A,L,R,118,86,CD2,CB,5.0267577
tcr_18_4,D,A,L,R,118,86,CD2,CA,5.4521146
tcr_18_4,D,A,L,Y,118,91,CD2,CD2,9.920281
tcr_18_4,D,A,L,T,118,88,CD2,C,8.298106
tcr_18_4,D,A,L,T,118,88,CD2,CB,9.9262085
tcr_18_4,D,A,L,T,118,88,CD2,O,8.907703
tcr_18_4,D,A,L,T,118,88,CD2,CA,8.911014
tcr_18_4,D,A,L,W,118,191,CD2,NE1,9.782399
tcr_18_4,D,A,L,R,118,86,CD2,NH1,7.0526156
tcr_18_4,D,A,L,W,118,191,CD2,CZ2,9.884083
tcr_18_4,D,A,L,R,118,86,CD2,CD,5.373221
tcr_18_4,D,A,L,T,118,187,CD2,CG2,8.500711
tcr_18_4,D,A,L,K,118,90,CD2,NZ,4.015084
tcr_18_4,D,A,L,Y,118,183,CD2,CD2,8.906622
tcr_18_4,D,A,L,T,118,187,CD2,CB,9.423719
tcr_18_4,D,A,L,T,118,187,CD2,OG1,9.055068
tcr_18_4,D,A,L,E,118,87,CD2,OE1,5.7624636
tcr_18_4,D,A,L,E,118,87,CD2,CD,6.853441
tcr_18_4,D,A,L,Y,118,183,CD2,CE2,8.951248
tcr_18_4,D,A,L,E,118,87,CD2,OE2,7.4913344
tcr_18_4,D,A,L,Y,118,91,CD2,CG,9.995773
tcr_18_4,D,A,L,Q,118,89,CD2,CA,6.9196153
tcr_18_4,D,A,L,Q,118,89,CD2,CG,7.274303
tcr_18_4,D,A,L,Q,118,89,CD2,CD,7.0632987
tcr_18_4,D,A,L,Q,118,89,CD2,OE1,6.097491
tcr_18_4,D,A,L,K,118,90,CD2,CB,5.0463953
tcr_18_4,D,A,L,K,118,90,CD2,N,5.618873
tcr_18_4,D,A,L,R,118,86,CD2,O,4.6775126
tcr_18_4,D,A,L,Q,118,89,CD2,CB,6.1766143
tcr_18_4,D,A,L,Q,118,89,CD2,C,6.4216633
tcr_18_4,D,A,L,K,118,90,CD2,CA,5.625631
tcr_18_4,D,A,L,E,118,87,CD2,O,7.244811
tcr_18_4,D,A,L,Q,118,89,CD2,O,7.102909
tcr_18_4,D,A,L,Y,118,91,CD2,N,7.920791
tcr_18_4,D,A,L,Y,118,91,CD2,CA,9.356881
tcr_18_4,D,A,L,K,118,92,CD2,N,9.954498
tcr_18_4,D,A,L,K,118,90,CD2,C,7.11316
tcr_18_4,D,A,L,K,118,90,CD2,CG,3.544404
tcr_18_4,D,A,L,K,118,90,CD2,CE,2.8340235
tcr_18_4,D,A,L,K,118,90,CD2,CD,3.7596784
tcr_18_4,D,A,L,Q,118,94,CD2,N,9.912061
tcr_18_4,D,A,L,K,118,90,CD2,O,7.6893406
tcr_18_4,D,A,L,R,118,93,CD2,NH2,8.820466
tcr_18_4,D,A,L,R,118,93,CD2,NH1,6.6198173
tcr_18_4,D,A,L,R,118,93,CD2,CD,7.3088627
tcr_18_4,D,A,L,R,118,93,CD2,CZ,7.779941
tcr_18_4,D,A,L,R,118,93,CD2,NE,8.083761
tcr_18_4,D,A,L,R,118,93,CD2,CA,9.451997
tcr_18_4,D,A,L,R,118,93,CD2,CG,8.422882
tcr_18_4,D,A,L,R,118,93,CD2,N,9.458918
tcr_18_4,D,A,L,R,118,93,CD2,CB,8.082978
tcr_18_4,D,A,S,R,119,86,N,CG,8.513535
tcr_18_4,D,A,S,E,119,87,N,C,9.759017
tcr_18_4,D,A,S,E,119,87,N,N,9.542969
tcr_18_4,D,A,S,E,119,87,N,CA,9.928313
tcr_18_4,D,A,S,R,119,86,N,C,8.322752
tcr_18_4,D,A,S,Q,119,89,N,N,7.8741207
tcr_18_4,D,A,S,D,119,85,N,O,8.989164
tcr_18_4,D,A,S,R,119,86,N,N,9.50371
tcr_18_4,D,A,S,D,119,85,N,C,9.726858
tcr_18_4,D,A,S,Q,119,89,N,NE2,6.7915564
tcr_18_4,D,A,S,R,119,86,N,CB,8.692964
tcr_18_4,D,A,S,R,119,86,N,CA,8.352687
tcr_18_4,D,A,S,T,119,88,N,C,8.961797
tcr_18_4,D,A,S,T,119,88,N,O,9.091903
tcr_18_4,D,A,S,R,119,86,N,CD,9.093865
tcr_18_4,D,A,S,K,119,90,N,NZ,9.129463
tcr_18_4,D,A,S,Q,119,89,N,CA,6.6151223
tcr_18_4,D,A,S,Q,119,89,N,CG,6.413024
tcr_18_4,D,A,S,Q,119,89,N,CD,5.9038887
tcr_18_4,D,A,S,Q,119,89,N,OE1,4.9447727
tcr_18_4,D,A,S,K,119,90,N,CB,7.240925
tcr_18_4,D,A,S,K,119,90,N,N,6.404029
tcr_18_4,D,A,S,R,119,86,N,O,7.3465314
tcr_18_4,D,A,S,Q,119,89,N,CB,5.693872
tcr_18_4,D,A,S,Q,119,89,N,C,6.1649933
tcr_18_4,D,A,S,K,119,90,N,CA,6.5711417
tcr_18_4,D,A,S,E,119,87,N,O,9.412792
tcr_18_4,D,A,S,Q,119,89,N,O,6.02822
tcr_18_4,D,A,S,K,119,92,N,CB,9.207321
tcr_18_4,D,A,S,Y,119,91,N,N,8.771331
tcr_18_4,D,A,S,Y,119,91,N,CA,9.958035
tcr_18_4,D,A,S,K,119,92,N,N,9.338822
tcr_18_4,D,A,S,Y,119,91,N,C,9.8524685
tcr_18_4,D,A,S,K,119,90,N,C,7.6894703
tcr_18_4,D,A,S,K,119,92,N,C,8.764561
tcr_18_4,D,A,S,K,119,92,N,CA,9.450612
tcr_18_4,D,A,S,K,119,90,N,CG,6.5405035
tcr_18_4,D,A,S,K,119,90,N,CE,7.7042284
tcr_18_4,D,A,S,K,119,90,N,CD,7.7665334
tcr_18_4,D,A,S,Q,119,94,N,N,8.617879
tcr_18_4,D,A,S,K,119,90,N,O,7.7250175
tcr_18_4,D,A,S,Q,119,94,N,CA,9.814859
tcr_18_4,D,A,S,R,119,93,N,C,8.103166
tcr_18_4,D,A,S,T,119,97,N,OG1,9.596656
tcr_18_4,D,A,S,R,119,93,N,O,8.654359
tcr_18_4,D,A,S,R,119,93,N,NH2,4.8175545
tcr_18_4,D,A,S,R,119,93,N,NH1,3.2493653
tcr_18_4,D,A,S,R,119,93,N,CD,4.1991625
tcr_18_4,D,A,S,R,119,93,N,CZ,4.0136313
tcr_18_4,D,A,S,R,119,93,N,NE,4.4279714
tcr_18_4,D,A,S,R,119,93,N,CA,7.060499
tcr_18_4,D,A,S,R,119,93,N,CG,5.3799
tcr_18_4,D,A,S,R,119,93,N,N,7.5473614
tcr_18_4,D,A,S,R,119,93,N,CB,5.6371055
tcr_18_4,D,A,S,Q,119,96,N,OE1,8.958275
tcr_18_4,D,A,S,Q,119,96,N,CD,9.882169
tcr_18_4,D,A,S,K,119,92,N,O,9.502994
tcr_18_4,D,A,S,R,119,86,CA,CG,9.38726
tcr_18_4,D,A,S,R,119,86,CA,C,9.001582
tcr_18_4,D,A,S,Q,119,89,CA,N,7.940321
tcr_18_4,D,A,S,D,119,85,CA,O,9.246172
tcr_18_4,D,A,S,Q,119,89,CA,NE2,6.5737767
tcr_18_4,D,A,S,R,119,86,CA,CB,9.56655
tcr_18_4,D,A,S,R,119,86,CA,CA,9.037258
tcr_18_4,D,A,S,T,119,88,CA,C,8.975259
tcr_18_4,D,A,S,T,119,88,CA,O,8.972844
tcr_18_4,D,A,S,K,119,92,CA,CD,9.804938
tcr_18_4,D,A,S,K,119,92,CA,CG,9.831844
tcr_18_4,D,A,S,Q,119,89,CA,CA,6.562762
tcr_18_4,D,A,S,Q,119,89,CA,CG,6.2679954
tcr_18_4,D,A,S,Q,119,89,CA,CD,5.8146815
tcr_18_4,D,A,S,Q,119,89,CA,OE1,5.062208
tcr_18_4,D,A,S,K,119,90,CA,CB,7.900067
tcr_18_4,D,A,S,K,119,90,CA,N,6.724539
tcr_18_4,D,A,S,R,119,86,CA,O,7.9994884
tcr_18_4,D,A,S,Q,119,89,CA,CB,5.7302136
tcr_18_4,D,A,S,Q,119,89,CA,C,6.2059402
tcr_18_4,D,A,S,K,119,90,CA,CA,6.9824996
tcr_18_4,D,A,S,E,119,87,CA,O,9.81436
tcr_18_4,D,A,S,Q,119,89,CA,O,5.859172
tcr_18_4,D,A,S,K,119,92,CA,CB,8.583673
tcr_18_4,D,A,S,Y,119,91,CA,N,8.944094
tcr_18_4,D,A,S,K,119,92,CA,N,9.046099
tcr_18_4,D,A,S,Y,119,91,CA,C,9.682325
tcr_18_4,D,A,S,K,119,90,CA,C,7.911526
tcr_18_4,D,A,S,K,119,92,CA,C,8.177858
tcr_18_4,D,A,S,K,119,92,CA,CA,8.934964
tcr_18_4,D,A,S,K,119,90,CA,CG,7.4314957
tcr_18_4,D,A,S,K,119,90,CA,CE,8.87578
tcr_18_4,D,A,S,K,119,90,CA,CD,8.776084
tcr_18_4,D,A,S,Q,119,94,CA,N,8.396276
tcr_18_4,D,A,S,K,119,90,CA,O,7.8579497
tcr_18_4,D,A,S,Q,119,94,CA,CA,9.66217
tcr_18_4,D,A,S,R,119,93,CA,C,7.6917405
tcr_18_4,D,A,S,T,119,97,CA,OG1,9.245583
tcr_18_4,D,A,S,R,119,93,CA,O,8.150669
tcr_18_4,D,A,S,R,119,93,CA,NH2,4.721783
tcr_18_4,D,A,S,R,119,93,CA,NH1,3.7243426
tcr_18_4,D,A,S,R,119,93,CA,CD,4.0719204
tcr_18_4,D,A,S,R,119,93,CA,CZ,4.041102
tcr_18_4,D,A,S,R,119,93,CA,NE,4.223804
tcr_18_4,D,A,S,R,119,93,CA,CA,6.5299826
tcr_18_4,D,A,S,R,119,93,CA,CG,4.967376
tcr_18_4,D,A,S,R,119,93,CA,N,7.049794
tcr_18_4,D,A,S,R,119,93,CA,CB,5.265102
tcr_18_4,D,A,S,Q,119,96,CA,OE1,7.7835984
tcr_18_4,D,A,S,Q,119,96,CA,NE2,9.122995
tcr_18_4,D,A,S,Q,119,96,CA,CB,9.632616
tcr_18_4,D,A,S,Q,119,96,CA,CG,9.695143
tcr_18_4,D,A,S,Q,119,96,CA,CD,8.723054
tcr_18_4,D,A,S,K,119,92,CA,O,8.813233
tcr_18_4,D,A,S,Q,119,89,C,N,9.387892
tcr_18_4,D,A,S,Q,119,89,C,NE2,7.8677626
tcr_18_4,D,A,S,Q,119,89,C,CA,7.98079
tcr_18_4,D,A,S,Q,119,89,C,CG,7.7112775
tcr_18_4,D,A,S,Q,119,89,C,CD,7.223506
tcr_18_4,D,A,S,Q,119,89,C,OE1,6.4939394
tcr_18_4,D,A,S,K,119,90,C,CB,9.095175
tcr_18_4,D,A,S,K,119,90,C,N,8.0683775
tcr_18_4,D,A,S,R,119,86,C,O,9.486088
tcr_18_4,D,A,S,Q,119,89,C,CB,7.2222877
tcr_18_4,D,A,S,Q,119,89,C,C,7.5452175
tcr_18_4,D,A,S,K,119,90,C,CA,8.177066
tcr_18_4,D,A,S,Q,119,89,C,O,7.0537653
tcr_18_4,D,A,S,K,119,92,C,CB,9.522269
tcr_18_4,D,A,S,K,119,90,C,C,8.993909
tcr_18_4,D,A,S,K,119,92,C,C,8.872881
tcr_18_4,D,A,S,K,119,92,C,CA,9.805879
tcr_18_4,D,A,S,K,119,90,C,CG,8.650644
tcr_18_4,D,A,S,K,119,90,C,CD,9.963139
tcr_18_4,D,A,S,Q,119,94,C,N,8.890214
tcr_18_4,D,A,S,K,119,90,C,O,8.771846
tcr_18_4,D,A,S,R,119,93,C,C,8.048952
tcr_18_4,D,A,S,T,119,97,C,OG1,8.987355
tcr_18_4,D,A,S,R,119,93,C,O,8.287407
tcr_18_4,D,A,S,R,119,93,C,NH2,3.7708068
tcr_18_4,D,A,S,R,119,93,C,NH1,3.4745903
tcr_18_4,D,A,S,R,119,93,C,CD,4.2556963
tcr_18_4,D,A,S,R,119,93,C,CZ,3.4835238
tcr_18_4,D,A,S,R,119,93,C,NE,3.874805
tcr_18_4,D,A,S,R,119,93,C,CA,7.0174193
tcr_18_4,D,A,S,R,119,93,C,CG,5.150768
tcr_18_4,D,A,S,R,119,93,C,N,7.7731357
tcr_18_4,D,A,S,R,119,93,C,CB,5.8291383
tcr_18_4,D,A,S,Q,119,96,C,OE1,7.604849
tcr_18_4,D,A,S,Q,119,96,C,NE2,9.122392
tcr_18_4,D,A,S,Q,119,96,C,CB,9.533856
tcr_18_4,D,A,S,Q,119,96,C,CG,9.705257
tcr_18_4,D,A,S,Q,119,96,C,CD,8.668246
tcr_18_4,D,A,S,K,119,92,C,O,9.334673
tcr_18_4,D,A,S,Q,119,89,O,NE2,8.657418
tcr_18_4,D,A,S,Q,119,89,O,CA,8.944414
tcr_18_4,D,A,S,Q,119,89,O,CG,8.630169
tcr_18_4,D,A,S,Q,119,89,O,CD,8.02779
tcr_18_4,D,A,S,Q,119,89,O,OE1,7.1794486
tcr_18_4,D,A,S,K,119,90,O,CB,9.653058
tcr_18_4,D,A,S,K,119,90,O,N,8.858857
tcr_18_4,D,A,S,Q,119,89,O,CB,8.112637
tcr_18_4,D,A,S,Q,119,89,O,C,8.466846
tcr_18_4,D,A,S,K,119,90,O,CA,8.880439
tcr_18_4,D,A,S,Q,119,89,O,O,8.042323
tcr_18_4,D,A,S,K,119,90,O,C,9.771325
tcr_18_4,D,A,S,K,119,92,O,C,9.944615
tcr_18_4,D,A,S,K,119,90,O,CG,9.066998
tcr_18_4,D,A,S,Q,119,94,O,N,9.679765
tcr_18_4,D,A,S,K,119,90,O,O,9.535357
tcr_18_4,D,A,S,R,119,93,O,C,8.88485
tcr_18_4,D,A,S,T,119,97,O,OG1,9.439999
tcr_18_4,D,A,S,R,119,93,O,O,9.072002
tcr_18_4,D,A,S,R,119,93,O,NH2,3.4143996
tcr_18_4,D,A,S,R,119,93,O,NH1,3.2351165
tcr_18_4,D,A,S,R,119,93,O,CD,4.8116293
tcr_18_4,D,A,S,R,119,93,O,CZ,3.4023302
tcr_18_4,D,A,S,R,119,93,O,NE,4.1740546
tcr_18_4,D,A,S,R,119,93,O,CA,7.971492
tcr_18_4,D,A,S,R,119,93,O,CG,5.8954096
tcr_18_4,D,A,S,R,119,93,O,N,8.801759
tcr_18_4,D,A,S,R,119,93,O,CB,6.714475
tcr_18_4,D,A,S,Q,119,96,O,OE1,8.60691
tcr_18_4,D,A,S,Q,119,96,O,CD,9.713669
tcr_18_4,D,A,S,R,119,86,CB,CG,8.942961
tcr_18_4,D,A,S,R,119,86,CB,C,8.852458
tcr_18_4,D,A,S,Q,119,89,CB,N,7.6856117
tcr_18_4,D,A,S,D,119,85,CB,O,8.659224
tcr_18_4,D,A,S,R,119,86,CB,N,9.5441675
tcr_18_4,D,A,S,D,119,85,CB,C,9.487667
tcr_18_4,D,A,S,Q,119,89,CB,NE2,5.3500547
tcr_18_4,D,A,S,R,119,86,CB,CB,9.278326
tcr_18_4,D,A,S,R,119,86,CB,CA,8.680408
tcr_18_4,D,A,S,T,119,88,CB,C,8.802438
tcr_18_4,D,A,S,T,119,88,CB,O,8.898088
tcr_18_4,D,A,S,K,119,92,CB,CD,9.419643
tcr_18_4,D,A,S,K,119,92,CB,CG,9.683563
tcr_18_4,D,A,S,R,119,86,CB,CD,9.754918
tcr_18_4,D,A,S,Q,119,89,CB,CA,6.347097
tcr_18_4,D,A,S,Q,119,89,CB,CG,5.4883156
tcr_18_4,D,A,S,Q,119,89,CB,CD,4.8032093
tcr_18_4,D,A,S,Q,119,89,CB,OE1,4.1363206
tcr_18_4,D,A,S,K,119,90,CB,CB,8.538481
tcr_18_4,D,A,S,K,119,90,CB,N,7.0302434
tcr_18_4,D,A,S,R,119,86,CB,O,7.9701495
tcr_18_4,D,A,S,Q,119,89,CB,CB,5.316774
tcr_18_4,D,A,S,Q,119,89,CB,C,6.355886
tcr_18_4,D,A,S,K,119,90,CB,CA,7.58027
tcr_18_4,D,A,S,E,119,87,CB,O,9.9905615
tcr_18_4,D,A,S,Q,119,89,CB,O,6.143019
tcr_18_4,D,A,S,K,119,92,CB,CB,8.581034
tcr_18_4,D,A,S,Y,119,91,CB,N,9.427814
tcr_18_4,D,A,S,K,119,92,CB,N,9.351716
tcr_18_4,D,A,S,K,119,90,CB,C,8.54458
tcr_18_4,D,A,S,K,119,92,CB,C,8.606693
tcr_18_4,D,A,S,K,119,92,CB,CA,9.183334
tcr_18_4,D,A,S,K,119,90,CB,CG,8.0565405
tcr_18_4,D,A,S,K,119,90,CB,CE,9.43595
tcr_18_4,D,A,S,K,119,90,CB,CD,9.400604
tcr_18_4,D,A,S,Q,119,94,CB,N,9.340052
tcr_18_4,D,A,S,K,119,90,CB,O,8.647197
tcr_18_4,D,A,S,R,119,93,CB,C,8.624333
tcr_18_4,D,A,S,R,119,93,CB,O,9.142471
tcr_18_4,D,A,S,R,119,93,CB,NH2,6.1505065
tcr_18_4,D,A,S,R,119,93,CB,NH1,5.230077
tcr_18_4,D,A,S,R,119,93,CB,CD,5.437203
tcr_18_4,D,A,S,R,119,93,CB,CZ,5.554616
tcr_18_4,D,A,S,R,119,93,CB,NE,5.6880126
tcr_18_4,D,A,S,R,119,93,CB,CA,7.3120236
tcr_18_4,D,A,S,R,119,93,CB,CG,6.137067
tcr_18_4,D,A,S,R,119,93,CB,N,7.6011567
tcr_18_4,D,A,S,R,119,93,CB,CB,6.1952677
tcr_18_4,D,A,S,Q,119,96,CB,OE1,8.201768
tcr_18_4,D,A,S,Q,119,96,CB,NE2,9.23151
tcr_18_4,D,A,S,Q,119,96,CB,CD,9.046216
tcr_18_4,D,A,S,K,119,92,CB,O,9.288091
tcr_18_4,D,A,S,R,119,86,OG,CG,9.44399
tcr_18_4,D,A,S,R,119,86,OG,C,9.836879
tcr_18_4,D,A,S,Q,119,89,OG,N,8.925078
tcr_18_4,D,A,S,D,119,85,OG,O,9.621462
tcr_18_4,D,A,S,Q,119,89,OG,NE2,5.902938
tcr_18_4,D,A,S,R,119,86,OG,CB,9.970489
tcr_18_4,D,A,S,R,119,86,OG,CA,9.509815
tcr_18_4,D,A,S,Q,119,89,OG,CA,7.635051
tcr_18_4,D,A,S,Q,119,89,OG,CG,6.511518
tcr_18_4,D,A,S,Q,119,89,OG,CD,5.583888
tcr_18_4,D,A,S,Q,119,89,OG,OE1,4.8543887
tcr_18_4,D,A,S,K,119,90,OG,CB,9.7491865
tcr_18_4,D,A,S,K,119,90,OG,N,8.336864
tcr_18_4,D,A,S,R,119,86,OG,O,9.032771
tcr_18_4,D,A,S,Q,119,89,OG,CB,6.4996953
tcr_18_4,D,A,S,Q,119,89,OG,C,7.710158
tcr_18_4,D,A,S,K,119,90,OG,CA,8.876012
tcr_18_4,D,A,S,Q,119,89,OG,O,7.5357695
tcr_18_4,D,A,S,K,119,92,OG,CB,9.907725
tcr_18_4,D,A,S,K,119,90,OG,C,9.890058
tcr_18_4,D,A,S,K,119,92,OG,C,9.94022
tcr_18_4,D,A,S,K,119,90,OG,CG,9.141531
tcr_18_4,D,A,S,K,119,90,OG,O,9.981424
tcr_18_4,D,A,S,R,119,93,OG,C,9.852169
tcr_18_4,D,A,S,R,119,93,OG,NH2,6.4004617
tcr_18_4,D,A,S,R,119,93,OG,NH1,5.691929
tcr_18_4,D,A,S,R,119,93,OG,CD,6.4241667
tcr_18_4,D,A,S,R,119,93,OG,CZ,6.0460134
tcr_18_4,D,A,S,R,119,93,OG,NE,6.413259
tcr_18_4,D,A,S,R,119,93,OG,CA,8.579656
tcr_18_4,D,A,S,R,119,93,OG,CG,7.2265854
tcr_18_4,D,A,S,R,119,93,OG,N,8.944768
tcr_18_4,D,A,S,R,119,93,OG,CB,7.452847
tcr_18_4,D,A,S,Q,119,96,OG,OE1,9.079224
tcr_18_4,D,A,S,Q,119,96,OG,CD,9.979947
tcr_18_4,D,A,Y,Q,120,89,N,N,9.727541
tcr_18_4,D,A,Y,Q,120,89,N,NE2,8.3050165
tcr_18_4,D,A,Y,Q,120,89,N,CA,8.275703
tcr_18_4,D,A,Y,Q,120,89,N,CG,8.091388
tcr_18_4,D,A,Y,Q,120,89,N,CD,7.732768
tcr_18_4,D,A,Y,Q,120,89,N,OE1,7.174646
tcr_18_4,D,A,Y,K,120,90,N,CB,9.678261
tcr_18_4,D,A,Y,K,120,90,N,N,8.512358
tcr_18_4,D,A,Y,Q,120,89,N,CB,7.6748085
tcr_18_4,D,A,Y,Q,120,89,N,C,7.84254
tcr_18_4,D,A,Y,K,120,90,N,CA,8.613511
tcr_18_4,D,A,Y,Q,120,89,N,O,7.1787996
tcr_18_4,D,A,Y,K,120,92,N,CB,9.174741
tcr_18_4,D,A,Y,K,120,92,N,N,9.900386
tcr_18_4,D,A,Y,K,120,90,N,C,9.240835
tcr_18_4,D,A,Y,K,120,92,N,C,8.448187
tcr_18_4,D,A,Y,K,120,92,N,CA,9.472695
tcr_18_4,D,A,Y,K,120,90,N,CG,9.4183655
tcr_18_4,D,A,Y,Q,120,94,N,N,8.655932
tcr_18_4,D,A,Y,K,120,90,N,O,8.911995
tcr_18_4,D,A,Y,Q,120,94,N,CA,9.829858
tcr_18_4,D,A,Y,R,120,93,N,C,7.666182
tcr_18_4,D,A,Y,T,120,97,N,OG1,8.503201
tcr_18_4,D,A,Y,R,120,93,N,O,7.767314
tcr_18_4,D,A,Y,R,120,93,N,NH2,3.9327605
tcr_18_4,D,A,Y,R,120,93,N,NH1,4.204792
tcr_18_4,D,A,Y,R,120,93,N,CD,4.3601723
tcr_18_4,D,A,Y,R,120,93,N,CZ,3.8028226
tcr_18_4,D,A,Y,R,120,93,N,NE,3.8903074
tcr_18_4,D,A,Y,R,120,93,N,CA,6.6326203
tcr_18_4,D,A,Y,R,120,93,N,CG,4.9068465
tcr_18_4,D,A,Y,R,120,93,N,N,7.458806
tcr_18_4,D,A,Y,R,120,93,N,CB,5.6636505
tcr_18_4,D,A,Y,Q,120,96,N,OE1,6.510162
tcr_18_4,D,A,Y,Q,120,96,N,NE2,8.039623
tcr_18_4,D,A,Y,Q,120,96,N,CB,8.589424
tcr_18_4,D,A,Y,Q,120,96,N,CG,8.720677
tcr_18_4,D,A,Y,Q,120,96,N,CD,7.606782
tcr_18_4,D,A,Y,K,120,92,N,O,8.762187
tcr_18_4,D,A,Y,T,120,97,N,CB,9.8866825
tcr_18_4,D,A,Y,Q,120,96,N,CA,9.913179
tcr_18_4,D,A,Y,T,120,97,N,N,9.758634
tcr_18_4,D,A,Y,Q,120,89,CA,NE2,9.60983
tcr_18_4,D,A,Y,Q,120,89,CA,CA,9.694049
tcr_18_4,D,A,Y,Q,120,89,CA,CG,9.506169
tcr_18_4,D,A,Y,Q,120,89,CA,CD,9.118133
tcr_18_4,D,A,Y,Q,120,89,CA,OE1,8.570706
tcr_18_4,D,A,Y,K,120,90,CA,N,9.896014
tcr_18_4,D,A,Y,Q,120,89,CA,CB,9.129045
tcr_18_4,D,A,Y,Q,120,89,CA,C,9.228651
tcr_18_4,D,A,Y,K,120,90,CA,CA,9.912394
tcr_18_4,D,A,Y,Q,120,89,CA,O,8.495544
tcr_18_4,D,A,Y,K,120,92,CA,C,9.36967
tcr_18_4,D,A,Y,Q,120,94,CA,N,9.44301
tcr_18_4,D,A,Y,R,120,93,CA,C,8.36748
tcr_18_4,D,A,Y,T,120,97,CA,OG1,8.614556
tcr_18_4,D,A,Y,R,120,93,CA,O,8.262857
tcr_18_4,D,A,Y,R,120,93,CA,NH2,3.8692243
tcr_18_4,D,A,Y,R,120,93,CA,NH1,4.8379517
tcr_18_4,D,A,Y,R,120,93,CA,CD,5.2161684
tcr_18_4,D,A,Y,R,120,93,CA,CZ,4.1984687
tcr_18_4,D,A,Y,R,120,93,CA,NE,4.3924994
tcr_18_4,D,A,Y,R,120,93,CA,CA,7.4839797
tcr_18_4,D,A,Y,R,120,93,CA,CG,5.671485
tcr_18_4,D,A,Y,R,120,93,CA,N,8.448039
tcr_18_4,D,A,Y,R,120,93,CA,CB,6.6465254
tcr_18_4,D,A,Y,Q,120,96,CA,OE1,6.6567407
tcr_18_4,D,A,Y,Q,120,96,CA,NE2,8.274797
tcr_18_4,D,A,Y,Q,120,96,CA,CB,8.753939
tcr_18_4,D,A,Y,Q,120,96,CA,CG,8.971088
tcr_18_4,D,A,Y,Q,120,96,CA,CD,7.821851
tcr_18_4,D,A,Y,K,120,92,CA,O,9.523456
tcr_18_4,D,A,Y,T,120,97,CA,CB,9.986309
tcr_18_4,D,A,Y,T,120,97,CA,N,9.878731
tcr_18_4,D,A,Y,Q,120,89,C,NE2,9.721498
tcr_18_4,D,A,Y,Q,120,89,C,CG,9.992351
tcr_18_4,D,A,Y,Q,120,89,C,CD,9.417536
tcr_18_4,D,A,Y,Q,120,89,C,OE1,8.881811
tcr_18_4,D,A,Y,Q,120,89,C,CB,9.818643
tcr_18_4,D,A,Y,Q,120,89,C,O,9.587872
tcr_18_4,D,A,Y,R,120,93,C,C,9.808442
tcr_18_4,D,A,Y,R,120,93,C,O,9.71429
tcr_18_4,D,A,Y,R,120,93,C,NH2,5.09233
tcr_18_4,D,A,Y,R,120,93,C,NH1,6.009684
tcr_18_4,D,A,Y,R,120,93,C,CD,6.667091
tcr_18_4,D,A,Y,R,120,93,C,CZ,5.5338316
tcr_18_4,D,A,Y,R,120,93,C,NE,5.8709807
tcr_18_4,D,A,Y,R,120,93,C,CA,8.84887
tcr_18_4,D,A,Y,R,120,93,C,CG,7.1516333
tcr_18_4,D,A,Y,R,120,93,C,N,9.71656
tcr_18_4,D,A,Y,R,120,93,C,CB,8.034387
tcr_18_4,D,A,Y,Q,120,96,C,OE1,7.6336875
tcr_18_4,D,A,Y,Q,120,96,C,NE2,9.027414
tcr_18_4,D,A,Y,Q,120,96,C,CB,9.937034
tcr_18_4,D,A,Y,Q,120,96,C,CD,8.752069
tcr_18_4,D,A,Y,R,120,93,O,NH2,5.4268
tcr_18_4,D,A,Y,R,120,93,O,NH1,6.630161
tcr_18_4,D,A,Y,R,120,93,O,CD,7.527942
tcr_18_4,D,A,Y,R,120,93,O,CZ,6.1080046
tcr_18_4,D,A,Y,R,120,93,O,NE,6.561417
tcr_18_4,D,A,Y,R,120,93,O,CA,9.836098
tcr_18_4,D,A,Y,R,120,93,O,CG,8.0394335
tcr_18_4,D,A,Y,R,120,93,O,CB,9.038545
tcr_18_4,D,A,Y,Q,120,96,O,OE1,8.40034
tcr_18_4,D,A,Y,Q,120,96,O,NE2,9.834281
tcr_18_4,D,A,Y,Q,120,96,O,CD,9.5381155
tcr_18_4,D,A,Y,Q,120,89,CB,CA,9.953998
tcr_18_4,D,A,Y,Q,120,89,CB,CG,9.974345
tcr_18_4,D,A,Y,Q,120,89,CB,CD,9.775849
tcr_18_4,D,A,Y,Q,120,89,CB,OE1,9.376954
tcr_18_4,D,A,Y,Q,120,89,CB,CB,9.594899
tcr_18_4,D,A,Y,Q,120,89,CB,C,9.442465
tcr_18_4,D,A,Y,Q,120,89,CB,O,8.5562
tcr_18_4,D,A,Y,K,120,92,CB,CB,9.809616
tcr_18_4,D,A,Y,K,120,92,CB,C,8.787025
tcr_18_4,D,A,Y,Q,120,94,CB,N,8.974912
tcr_18_4,D,A,Y,K,120,90,CB,O,9.948502
tcr_18_4,D,A,Y,Q,120,94,CB,CA,9.991567
tcr_18_4,D,A,Y,R,120,93,CB,C,7.7869954
tcr_18_4,D,A,Y,T,120,97,CB,OG1,7.885299
tcr_18_4,D,A,Y,R,120,93,CB,O,7.5182686
tcr_18_4,D,A,Y,R,120,93,CB,NH2,4.4679418
tcr_18_4,D,A,Y,R,120,93,CB,NH1,5.6811066
tcr_18_4,D,A,Y,R,120,93,CB,CD,5.3848953
tcr_18_4,D,A,Y,R,120,93,CB,CZ,4.7820497
tcr_18_4,D,A,Y,R,120,93,CB,NE,4.6053047
tcr_18_4,D,A,Y,R,120,93,CB,CA,6.98635
tcr_18_4,D,A,Y,R,120,93,CB,CG,5.437237
tcr_18_4,D,A,Y,R,120,93,CB,N,8.010708
tcr_18_4,D,A,Y,R,120,93,CB,CB,6.436455
tcr_18_4,D,A,Y,Q,120,96,CB,OE1,5.4053793
tcr_18_4,D,A,Y,Q,120,96,CB,NE2,7.073787
tcr_18_4,D,A,Y,Q,120,96,CB,N,9.514858
tcr_18_4,D,A,Y,Q,120,96,CB,CB,7.5319443
tcr_18_4,D,A,Y,Q,120,96,CB,CG,7.7503805
tcr_18_4,D,A,Y,Q,120,96,CB,CD,6.5893126
tcr_18_4,D,A,Y,K,120,92,CB,O,8.758338
tcr_18_4,D,A,Y,T,120,97,CB,CB,9.192846
tcr_18_4,D,A,Y,Q,120,96,CB,C,9.037848
tcr_18_4,D,A,Y,Q,120,96,CB,O,9.580527
tcr_18_4,D,A,Y,T,120,97,CB,CG2,9.899804
tcr_18_4,D,A,Y,T,120,97,CB,CA,9.315647
tcr_18_4,D,A,Y,Q,120,96,CB,CA,8.919277
tcr_18_4,D,A,Y,T,120,97,CB,N,8.834643
tcr_18_4,D,A,Y,Q,120,89,CG,CA,9.71952
tcr_18_4,D,A,Y,Q,120,89,CG,OE1,9.724776
tcr_18_4,D,A,Y,K,120,90,CG,N,9.686704
tcr_18_4,D,A,Y,Q,120,89,CG,CB,9.551567
tcr_18_4,D,A,Y,Q,120,89,CG,C,9.007302
tcr_18_4,D,A,Y,K,120,90,CG,CA,9.470915
tcr_18_4,D,A,Y,Q,120,89,CG,O,8.02765
tcr_18_4,D,A,Y,K,120,92,CG,CB,9.273234
tcr_18_4,D,A,Y,K,120,92,CG,N,9.914304
tcr_18_4,D,A,Y,K,120,90,CG,C,9.655321
tcr_18_4,D,A,Y,K,120,92,CG,C,7.918466
tcr_18_4,D,A,Y,K,120,92,CG,CA,9.252128
tcr_18_4,D,A,Y,Q,120,94,CG,OE1,9.884811
tcr_18_4,D,A,Y,Q,120,94,CG,CB,9.897202
tcr_18_4,D,A,Y,Q,120,94,CG,N,7.7420273
tcr_18_4,D,A,Y,K,120,90,CG,O,8.973174
tcr_18_4,D,A,Y,Q,120,94,CG,CA,8.659736
tcr_18_4,D,A,Y,R,120,93,CG,C,6.548985
tcr_18_4,D,A,Y,T,120,97,CG,OG1,6.3747163
tcr_18_4,D,A,Y,R,120,93,CG,O,6.1732144
tcr_18_4,D,A,Y,R,120,93,CG,NH2,3.9382958
tcr_18_4,D,A,Y,R,120,93,CG,NH1,5.2374926
tcr_18_4,D,A,Y,R,120,93,CG,CD,4.467851
tcr_18_4,D,A,Y,R,120,93,CG,CZ,4.1384845
tcr_18_4,D,A,Y,R,120,93,CG,NE,3.6615784
tcr_18_4,D,A,Y,R,120,93,CG,CA,5.945797
tcr_18_4,D,A,Y,R,120,93,CG,CG,4.321349
tcr_18_4,D,A,Y,R,120,93,CG,N,7.127128
tcr_18_4,D,A,Y,R,120,93,CG,CB,5.4779377
tcr_18_4,D,A,Y,Q,120,96,CG,OE1,4.711126
tcr_18_4,D,A,Y,A,120,95,CG,N,9.580334
tcr_18_4,D,A,Y,Q,120,94,CG,O,9.437549
tcr_18_4,D,A,Y,Q,120,94,CG,C,9.212324
tcr_18_4,D,A,Y,A,120,95,CG,C,9.577397
tcr_18_4,D,A,Y,Q,120,96,CG,NE2,6.6676197
tcr_18_4,D,A,Y,Q,120,96,CG,N,8.305547
tcr_18_4,D,A,Y,Q,120,96,CG,CB,6.428743
tcr_18_4,D,A,Y,Q,120,96,CG,CG,6.8784847
tcr_18_4,D,A,Y,Q,120,96,CG,CD,5.931955
tcr_18_4,D,A,Y,K,120,92,CG,O,7.8133197
tcr_18_4,D,A,Y,V,120,100,CG,CG2,9.037262
tcr_18_4,D,A,Y,T,120,97,CG,CB,7.6826634
tcr_18_4,D,A,Y,Q,120,96,CG,C,7.7155647
tcr_18_4,D,A,Y,Q,120,96,CG,O,8.288563
tcr_18_4,D,A,Y,T,120,97,CG,C,9.353545
tcr_18_4,D,A,Y,T,120,97,CG,O,9.923971
tcr_18_4,D,A,Y,T,120,97,CG,CG2,8.395592
tcr_18_4,D,A,Y,T,120,97,CG,CA,7.842201
tcr_18_4,D,A,Y,Q,120,96,CG,CA,7.7199116
tcr_18_4,D,A,Y,T,120,97,CG,N,7.417433
tcr_18_4,D,A,Y,V,120,100,CG,CB,9.980721
tcr_18_4,D,A,Y,Q,120,89,CD1,C,9.781353
tcr_18_4,D,A,Y,K,120,90,CD1,CA,9.92225
tcr_18_4,D,A,Y,Q,120,89,CD1,O,8.813293
tcr_18_4,D,A,Y,K,120,92,CD1,C,8.661091
tcr_18_4,D,A,Y,Q,120,94,CD1,OE1,9.48051
tcr_18_4,D,A,Y,Q,120,94,CD1,CB,9.894049
tcr_18_4,D,A,Y,Q,120,94,CD1,N,7.9483404
tcr_18_4,D,A,Y,K,120,90,CD1,O,9.31516
tcr_18_4,D,A,Y,Q,120,94,CD1,CA,8.683026
tcr_18_4,D,A,Y,R,120,93,CD1,C,6.82923
tcr_18_4,D,A,Y,T,120,97,CD1,OG1,5.855977
tcr_18_4,D,A,Y,R,120,93,CD1,O,6.3200483
tcr_18_4,D,A,Y,R,120,93,CD1,NH2,3.2989295
tcr_18_4,D,A,Y,R,120,93,CD1,NH1,5.0289807
tcr_18_4,D,A,Y,R,120,93,CD1,CD,4.6010118
tcr_18_4,D,A,Y,R,120,93,CD1,CZ,3.797354
tcr_18_4,D,A,Y,R,120,93,CD1,NE,3.469288
tcr_18_4,D,A,Y,R,120,93,CD1,CA,6.5016813
tcr_18_4,D,A,Y,R,120,93,CD1,CG,4.601598
tcr_18_4,D,A,Y,R,120,93,CD1,N,7.819543
tcr_18_4,D,A,Y,R,120,93,CD1,CB,5.9779763
tcr_18_4,D,A,Y,Q,120,96,CD1,OE1,5.6268125
tcr_18_4,D,A,Y,A,120,95,CD1,N,9.830998
tcr_18_4,D,A,Y,Q,120,94,CD1,O,9.374258
tcr_18_4,D,A,Y,Q,120,94,CD1,C,9.2835045
tcr_18_4,D,A,Y,A,120,95,CD1,C,9.838884
tcr_18_4,D,A,Y,Q,120,96,CD1,NE2,7.7056212
tcr_18_4,D,A,Y,Q,120,96,CD1,N,8.633531
tcr_18_4,D,A,Y,Q,120,96,CD1,CB,6.87032
tcr_18_4,D,A,Y,Q,120,96,CD1,CG,7.5798817
tcr_18_4,D,A,Y,Q,120,96,CD1,CD,6.8320794
tcr_18_4,D,A,Y,K,120,92,CD1,O,8.512059
tcr_18_4,D,A,Y,V,120,100,CD1,CG2,8.621516
tcr_18_4,D,A,Y,T,120,97,CD1,CB,7.1636796
tcr_18_4,D,A,Y,Q,120,96,CD1,C,7.7195725
tcr_18_4,D,A,Y,Q,120,96,CD1,O,8.203865
tcr_18_4,D,A,Y,T,120,97,CD1,C,8.937116
tcr_18_4,D,A,Y,T,120,97,CD1,O,9.40809
tcr_18_4,D,A,Y,D,120,98,CD1,N,9.811821
tcr_18_4,D,A,Y,T,120,97,CD1,CG2,7.6478853
tcr_18_4,D,A,Y,T,120,97,CD1,CA,7.441376
tcr_18_4,D,A,Y,Q,120,96,CD1,CA,7.9973154
tcr_18_4,D,A,Y,T,120,97,CD1,N,7.282352
tcr_18_4,D,A,Y,V,120,100,CD1,CG1,9.854304
tcr_18_4,D,A,Y,V,120,100,CD1,CB,9.427563
tcr_18_4,D,A,Y,K,120,92,CD2,CD,9.830769
tcr_18_4,D,A,Y,K,120,92,CD2,CG,9.471756
tcr_18_4,D,A,Y,Q,120,89,CD2,CA,8.860591
tcr_18_4,D,A,Y,Q,120,89,CD2,CG,9.486911
tcr_18_4,D,A,Y,Q,120,89,CD2,CD,9.676675
tcr_18_4,D,A,Y,Q,120,89,CD2,OE1,9.408585
tcr_18_4,D,A,Y,K,120,90,CD2,CB,9.927148
tcr_18_4,D,A,Y,K,120,90,CD2,N,8.871982
tcr_18_4,D,A,Y,Q,120,89,CD2,CB,8.879085
tcr_18_4,D,A,Y,Q,120,89,CD2,C,8.123638
tcr_18_4,D,A,Y,K,120,90,CD2,CA,8.667618
tcr_18_4,D,A,Y,Q,120,89,CD2,O,7.056224
tcr_18_4,D,A,Y,K,120,92,CD2,CB,7.987752
tcr_18_4,D,A,Y,Y,120,91,CD2,N,9.671674
tcr_18_4,D,A,Y,K,120,92,CD2,N,8.660953
tcr_18_4,D,A,Y,Y,120,91,CD2,C,9.128266
tcr_18_4,D,A,Y,K,120,90,CD2,C,8.694297
tcr_18_4,D,A,Y,K,120,92,CD2,C,6.5751376
tcr_18_4,D,A,Y,Y,120,91,CD2,O,8.983743
tcr_18_4,D,A,Y,K,120,92,CD2,CA,7.92728
tcr_18_4,D,A,Y,Q,120,94,CD2,CG,9.93536
tcr_18_4,D,A,Y,Q,120,94,CD2,OE1,9.209716
tcr_18_4,D,A,Y,Q,120,94,CD2,CD,9.642271
tcr_18_4,D,A,Y,Q,120,94,CD2,CB,8.891035
tcr_18_4,D,A,Y,Q,120,94,CD2,N,6.625969
tcr_18_4,D,A,Y,K,120,90,CD2,O,7.98755
tcr_18_4,D,A,Y,Q,120,94,CD2,CA,7.6028786
tcr_18_4,D,A,Y,R,120,93,CD2,C,5.3769264
tcr_18_4,D,A,Y,T,120,97,CD2,OG1,5.7423587
tcr_18_4,D,A,Y,R,120,93,CD2,O,5.029221
tcr_18_4,D,A,Y,R,120,93,CD2,NH2,4.73241
tcr_18_4,D,A,Y,R,120,93,CD2,NH1,5.6305394
tcr_18_4,D,A,Y,R,120,93,CD2,CD,4.105056
tcr_18_4,D,A,Y,R,120,93,CD2,CZ,4.5803547
tcr_18_4,D,A,Y,R,120,93,CD2,NE,3.733726
tcr_18_4,D,A,Y,R,120,93,CD2,CA,4.7178226
tcr_18_4,D,A,Y,R,120,93,CD2,CG,3.525175
tcr_18_4,D,A,Y,R,120,93,CD2,N,5.867012
tcr_18_4,D,A,Y,R,120,93,CD2,CB,4.485333
tcr_18_4,D,A,Y,Q,120,96,CD2,OE1,3.4766424
tcr_18_4,D,A,Y,A,120,95,CD2,N,8.324972
tcr_18_4,D,A,Y,Q,120,94,CD2,O,8.35356
tcr_18_4,D,A,Y,Q,120,94,CD2,C,8.063102
tcr_18_4,D,A,Y,A,120,95,CD2,C,8.307913
tcr_18_4,D,A,Y,Q,120,96,CD2,NE2,5.493355
tcr_18_4,D,A,Y,Q,120,96,CD2,N,7.0201216
tcr_18_4,D,A,Y,Q,120,96,CD2,CB,5.18991
tcr_18_4,D,A,Y,Q,120,96,CD2,CG,5.5786414
tcr_18_4,D,A,Y,Q,120,96,CD2,CD,4.678836
tcr_18_4,D,A,Y,A,120,95,CD2,CB,9.493333
tcr_18_4,D,A,Y,A,120,95,CD2,CA,8.988271
tcr_18_4,D,A,Y,K,120,92,CD2,O,6.4242115
tcr_18_4,D,A,Y,A,120,95,CD2,O,9.079085
tcr_18_4,D,A,Y,V,120,100,CD2,CG2,8.583171
tcr_18_4,D,A,Y,T,120,97,CD2,CB,6.9984727
tcr_18_4,D,A,Y,Q,120,96,CD2,C,6.676873
tcr_18_4,D,A,Y,Q,120,96,CD2,O,7.362129
tcr_18_4,D,A,Y,T,120,97,CD2,C,8.564256
tcr_18_4,D,A,Y,T,120,97,CD2,O,9.242746
tcr_18_4,D,A,Y,D,120,98,CD2,N,9.205953
tcr_18_4,D,A,Y,T,120,97,CD2,CG2,7.9252152
tcr_18_4,D,A,Y,T,120,97,CD2,CA,7.0648894
tcr_18_4,D,A,Y,Q,120,96,CD2,CA,6.5146527
tcr_18_4,D,A,Y,T,120,97,CD2,N,6.43525
tcr_18_4,D,A,Y,V,120,100,CD2,CB,9.543767
tcr_18_4,D,A,Y,Q,120,89,CE1,C,9.759314
tcr_18_4,D,A,Y,K,120,90,CE1,CA,9.635768
tcr_18_4,D,A,Y,Q,120,89,CE1,O,8.74126
tcr_18_4,D,A,Y,K,120,90,CE1,C,9.648436
tcr_18_4,D,A,Y,K,120,92,CE1,C,8.249085
tcr_18_4,D,A,Y,K,120,92,CE1,CA,9.717619
tcr_18_4,D,A,Y,Q,120,94,CE1,CG,9.592184
tcr_18_4,D,A,Y,Q,120,94,CE1,OE1,8.334376
tcr_18_4,D,A,Y,Q,120,94,CE1,CD,8.883269
tcr_18_4,D,A,Y,Q,120,94,CE1,CB,8.90121
tcr_18_4,D,A,Y,Q,120,94,CE1,N,7.1141224
tcr_18_4,D,A,Y,K,120,90,CE1,O,8.749454
tcr_18_4,D,A,Y,Q,120,94,CE1,CA,7.673327
tcr_18_4,D,A,Y,R,120,93,CE1,C,6.050182
tcr_18_4,D,A,Y,T,120,97,CE1,OG1,4.5246305
tcr_18_4,D,A,Y,R,120,93,CE1,O,5.3989263
tcr_18_4,D,A,Y,R,120,93,CE1,NH2,3.6285636
tcr_18_4,D,A,Y,R,120,93,CE1,NH1,5.241883
tcr_18_4,D,A,Y,R,120,93,CE1,CD,4.4012356
tcr_18_4,D,A,Y,R,120,93,CE1,CZ,3.9519627
tcr_18_4,D,A,Y,R,120,93,CE1,NE,3.3576477
tcr_18_4,D,A,Y,R,120,93,CE1,CA,6.02142
tcr_18_4,D,A,Y,R,120,93,CE1,CG,4.1891055
tcr_18_4,D,A,Y,R,120,93,CE1,N,7.436209
tcr_18_4,D,A,Y,R,120,93,CE1,CB,5.631869
tcr_18_4,D,A,Y,Q,120,96,CE1,OE1,5.575057
tcr_18_4,D,A,Y,A,120,95,CE1,N,8.906011
tcr_18_4,D,A,Y,D,120,98,CE1,CA,9.972183
tcr_18_4,D,A,Y,Q,120,94,CE1,NE2,9.1015
tcr_18_4,D,A,Y,Q,120,94,CE1,O,8.227205
tcr_18_4,D,A,Y,Q,120,94,CE1,C,8.241792
tcr_18_4,D,A,Y,A,120,95,CE1,C,8.912437
tcr_18_4,D,A,Y,Q,120,96,CE1,NE2,7.7507405
tcr_18_4,D,A,Y,Q,120,96,CE1,N,7.7851834
tcr_18_4,D,A,Y,Q,120,96,CE1,CB,6.2305155
tcr_18_4,D,A,Y,Q,120,96,CE1,CG,7.1782017
tcr_18_4,D,A,Y,Q,120,96,CE1,CD,6.7043734
tcr_18_4,D,A,Y,A,120,95,CE1,CA,9.654667
tcr_18_4,D,A,Y,K,120,92,CE1,O,8.017136
tcr_18_4,D,A,Y,A,120,95,CE1,O,9.491063
tcr_18_4,D,A,Y,V,120,100,CE1,CG2,7.688982
tcr_18_4,D,A,Y,T,120,97,CE1,CB,5.812939
tcr_18_4,D,A,Y,Q,120,96,CE1,C,6.70038
tcr_18_4,D,A,Y,Q,120,96,CE1,O,7.1828394
tcr_18_4,D,A,Y,T,120,97,CE1,C,7.6395874
tcr_18_4,D,A,Y,T,120,97,CE1,O,8.107397
tcr_18_4,D,A,Y,D,120,98,CE1,N,8.538425
tcr_18_4,D,A,Y,T,120,97,CE1,CG2,6.248694
tcr_18_4,D,A,Y,T,120,97,CE1,CA,6.154136
tcr_18_4,D,A,Y,Q,120,96,CE1,CA,7.1654696
tcr_18_4,D,A,Y,T,120,97,CE1,N,6.1354666
tcr_18_4,D,A,Y,V,120,100,CE1,CA,9.656966
tcr_18_4,D,A,Y,V,120,100,CE1,N,9.570558
tcr_18_4,D,A,Y,V,120,100,CE1,CG1,8.826889
tcr_18_4,D,A,Y,V,120,100,CE1,CB,8.353527
tcr_18_4,D,A,Y,T,120,88,CE2,O,9.989367
tcr_18_4,D,A,Y,K,120,92,CE2,CD,9.88307
tcr_18_4,D,A,Y,K,120,92,CE2,CG,9.312732
tcr_18_4,D,A,Y,Q,120,89,CE2,CA,9.01151
tcr_18_4,D,A,Y,Q,120,89,CE2,CG,9.992859
tcr_18_4,D,A,Y,K,120,90,CE2,CB,9.558788
tcr_18_4,D,A,Y,K,120,90,CE2,N,8.733773
tcr_18_4,D,A,Y,Q,120,89,CE2,CB,9.224995
tcr_18_4,D,A,Y,Q,120,89,CE2,C,8.092215
tcr_18_4,D,A,Y,K,120,90,CE2,CA,8.333532
tcr_18_4,D,A,Y,Q,120,89,CE2,O,6.9606786
tcr_18_4,D,A,Y,K,120,92,CE2,CB,7.7981033
tcr_18_4,D,A,Y,Y,120,91,CE2,N,9.149536
tcr_18_4,D,A,Y,Y,120,91,CE2,CA,9.409623
tcr_18_4,D,A,Y,K,120,92,CE2,N,8.168085
tcr_18_4,D,A,Y,Y,120,91,CE2,C,8.459229
tcr_18_4,D,A,Y,K,120,90,CE2,C,8.169348
tcr_18_4,D,A,Y,K,120,92,CE2,C,6.014265
tcr_18_4,D,A,Y,Y,120,91,CE2,O,8.164327
tcr_18_4,D,A,Y,K,120,92,CE2,CA,7.4745917
tcr_18_4,D,A,Y,K,120,90,CE2,CG,9.963203
tcr_18_4,D,A,Y,Q,120,94,CE2,CG,8.716413
tcr_18_4,D,A,Y,Q,120,94,CE2,OE1,8.021099
tcr_18_4,D,A,Y,Q,120,94,CE2,CD,8.384024
tcr_18_4,D,A,Y,Q,120,94,CE2,CB,7.7651253
tcr_18_4,D,A,Y,Q,120,94,CE2,N,5.5911403
tcr_18_4,D,A,Y,K,120,90,CE2,O,7.3141627
tcr_18_4,D,A,Y,Q,120,94,CE2,CA,6.419219
tcr_18_4,D,A,Y,R,120,93,CE2,C,4.3372607
tcr_18_4,D,A,Y,T,120,97,CE2,OG1,4.3730145
tcr_18_4,D,A,Y,R,120,93,CE2,O,3.8000062
tcr_18_4,D,A,Y,R,120,93,CE2,NH2,4.9715323
tcr_18_4,D,A,Y,R,120,93,CE2,NH1,5.8232803
tcr_18_4,D,A,Y,R,120,93,CE2,CD,3.8779855
tcr_18_4,D,A,Y,R,120,93,CE2,CZ,4.711523
tcr_18_4,D,A,Y,R,120,93,CE2,NE,3.6309063
tcr_18_4,D,A,Y,R,120,93,CE2,CA,4.022602
tcr_18_4,D,A,Y,R,120,93,CE2,CG,2.9618042
tcr_18_4,D,A,Y,R,120,93,CE2,N,5.3380075
tcr_18_4,D,A,Y,R,120,93,CE2,CB,4.0065355
tcr_18_4,D,A,Y,Q,120,96,CE2,OE1,3.3860857
tcr_18_4,D,A,Y,D,120,98,CE2,CB,9.895783
tcr_18_4,D,A,Y,A,120,95,CE2,N,7.2018476
tcr_18_4,D,A,Y,D,120,98,CE2,CA,9.27434
tcr_18_4,D,A,Y,Q,120,94,CE2,NE2,8.764136
tcr_18_4,D,A,Y,D,120,98,CE2,OD1,9.773854
tcr_18_4,D,A,Y,Q,120,94,CE2,O,7.0357957
tcr_18_4,D,A,Y,Q,120,94,CE2,C,6.8310547
tcr_18_4,D,A,Y,A,120,95,CE2,C,7.1794596
tcr_18_4,D,A,Y,Q,120,96,CE2,NE2,5.5509048
tcr_18_4,D,A,Y,Q,120,96,CE2,N,5.9383144
tcr_18_4,D,A,Y,Q,120,96,CE2,CB,4.3001313
tcr_18_4,D,A,Y,Q,120,96,CE2,CG,5.012193
tcr_18_4,D,A,Y,Q,120,96,CE2,CD,4.4839387
tcr_18_4,D,A,Y,A,120,95,CE2,CB,8.539274
tcr_18_4,D,A,Y,A,120,95,CE2,CA,7.8792295
tcr_18_4,D,A,Y,K,120,92,CE2,O,5.744219
tcr_18_4,D,A,Y,A,120,95,CE2,O,7.9195867
tcr_18_4,D,A,Y,V,120,100,CE2,CG2,7.6444197
tcr_18_4,D,A,Y,T,120,97,CE2,CB,5.604315
tcr_18_4,D,A,Y,Q,120,96,CE2,C,5.460782
tcr_18_4,D,A,Y,Q,120,96,CE2,O,6.199267
tcr_18_4,D,A,Y,T,120,97,CE2,C,7.195689
tcr_18_4,D,A,Y,T,120,97,CE2,O,7.911587
tcr_18_4,D,A,Y,D,120,98,CE2,N,7.829733
tcr_18_4,D,A,Y,T,120,97,CE2,CG2,6.5829344
tcr_18_4,D,A,Y,T,120,97,CE2,CA,5.688931
tcr_18_4,D,A,Y,Q,120,96,CE2,CA,5.4545584
tcr_18_4,D,A,Y,T,120,97,CE2,N,5.0956116
tcr_18_4,D,A,Y,V,120,100,CE2,CA,9.535919
tcr_18_4,D,A,Y,V,120,100,CE2,N,9.101717
tcr_18_4,D,A,Y,R,120,99,CE2,N,9.197004
tcr_18_4,D,A,Y,D,120,98,CE2,C,9.787418
tcr_18_4,D,A,Y,R,120,99,CE2,CB,9.354318
tcr_18_4,D,A,Y,R,120,99,CE2,CA,9.865749
tcr_18_4,D,A,Y,V,120,100,CE2,CG1,9.317398
tcr_18_4,D,A,Y,V,120,100,CE2,CB,8.482911
tcr_18_4,D,A,Y,Q,120,89,CZ,CA,9.998149
tcr_18_4,D,A,Y,K,120,90,CZ,CB,9.937327
tcr_18_4,D,A,Y,K,120,90,CZ,N,9.435949
tcr_18_4,D,A,Y,Q,120,89,CZ,C,8.954841
tcr_18_4,D,A,Y,K,120,90,CZ,CA,8.853759
tcr_18_4,D,A,Y,Q,120,89,CZ,O,7.863137
tcr_18_4,D,A,Y,K,120,92,CZ,CB,8.949437
tcr_18_4,D,A,Y,Y,120,91,CZ,N,9.754478
tcr_18_4,D,A,Y,K,120,92,CZ,N,9.043027
tcr_18_4,D,A,Y,Y,120,91,CZ,C,9.16051
tcr_18_4,D,A,Y,K,120,90,CZ,C,8.692954
tcr_18_4,D,A,Y,K,120,92,CZ,C,6.9732966
tcr_18_4,D,A,Y,Y,120,91,CZ,O,8.776372
tcr_18_4,D,A,Y,K,120,92,CZ,CA,8.469167
tcr_18_4,D,A,Y,Q,120,94,CZ,CG,8.524836
tcr_18_4,D,A,Y,Q,120,94,CZ,OE1,7.5297055
tcr_18_4,D,A,Y,Q,120,94,CZ,CD,7.9560103
tcr_18_4,D,A,Y,Q,120,94,CZ,CB,7.774234
tcr_18_4,D,A,Y,Q,120,94,CZ,N,5.8868713
tcr_18_4,D,A,Y,K,120,90,CZ,O,7.7421017
tcr_18_4,D,A,Y,Q,120,94,CZ,CA,6.4639435
tcr_18_4,D,A,Y,R,120,93,CZ,C,4.7633095
tcr_18_4,D,A,Y,T,120,97,CZ,OG1,3.58739
tcr_18_4,D,A,Y,R,120,93,CZ,O,4.047961
tcr_18_4,D,A,Y,R,120,93,CZ,NH2,4.483348
tcr_18_4,D,A,Y,R,120,93,CZ,NH1,5.6408725
tcr_18_4,D,A,Y,R,120,93,CZ,CD,4.040399
tcr_18_4,D,A,Y,R,120,93,CZ,CZ,4.4191494
tcr_18_4,D,A,Y,R,120,93,CZ,NE,3.4442563
tcr_18_4,D,A,Y,R,120,93,CZ,CA,4.818286
tcr_18_4,D,A,Y,R,120,93,CZ,CG,3.3700066
tcr_18_4,D,A,Y,R,120,93,CZ,N,6.2433443
tcr_18_4,D,A,Y,R,120,93,CZ,CB,4.6786156
tcr_18_4,D,A,Y,Q,120,96,CZ,OE1,4.5782576
tcr_18_4,D,A,Y,D,120,98,CZ,CB,9.65213
tcr_18_4,D,A,Y,A,120,95,CZ,N,7.543971
tcr_18_4,D,A,Y,D,120,98,CZ,CA,8.893692
tcr_18_4,D,A,Y,Q,120,94,CZ,NE2,8.206574
tcr_18_4,D,A,Y,D,120,98,CZ,OD1,9.316206
tcr_18_4,D,A,Y,D,120,98,CZ,CG,9.872079
tcr_18_4,D,A,Y,Q,120,94,CZ,O,6.962597
tcr_18_4,D,A,Y,Q,120,94,CZ,C,6.939244
tcr_18_4,D,A,Y,A,120,95,CZ,C,7.534473
tcr_18_4,D,A,Y,Q,120,96,CZ,NE2,6.764906
tcr_18_4,D,A,Y,Q,120,96,CZ,N,6.3985233
tcr_18_4,D,A,Y,Q,120,96,CZ,CB,4.9427648
tcr_18_4,D,A,Y,Q,120,96,CZ,CG,5.943728
tcr_18_4,D,A,Y,Q,120,96,CZ,CD,5.624534
tcr_18_4,D,A,Y,A,120,95,CZ,CB,9.1333885
tcr_18_4,D,A,Y,A,120,95,CZ,CA,8.26608
tcr_18_4,D,A,Y,K,120,92,CZ,O,6.673521
tcr_18_4,D,A,Y,A,120,95,CZ,O,8.158159
tcr_18_4,D,A,Y,V,120,100,CZ,CG2,7.1487274
tcr_18_4,D,A,Y,T,120,97,CZ,CB,4.879531
tcr_18_4,D,A,Y,Q,120,96,CZ,C,5.474262
tcr_18_4,D,A,Y,Q,120,96,CZ,O,6.0914416
tcr_18_4,D,A,Y,T,120,97,CZ,C,6.6537385
tcr_18_4,D,A,Y,T,120,97,CZ,O,7.2607307
tcr_18_4,D,A,Y,D,120,98,CZ,N,7.441713
tcr_18_4,D,A,Y,T,120,97,CZ,CG2,5.6072435
tcr_18_4,D,A,Y,T,120,97,CZ,CA,5.1314893
tcr_18_4,D,A,Y,Q,120,96,CZ,CA,5.848342
tcr_18_4,D,A,Y,T,120,97,CZ,N,4.90676
tcr_18_4,D,A,Y,V,120,100,CZ,CA,8.994843
tcr_18_4,D,A,Y,V,120,100,CZ,N,8.721282
tcr_18_4,D,A,Y,R,120,99,CZ,N,9.0304575
tcr_18_4,D,A,Y,D,120,98,CZ,C,9.473242
tcr_18_4,D,A,Y,R,120,99,CZ,CB,9.4436655
tcr_18_4,D,A,Y,R,120,99,CZ,CA,9.7546215
tcr_18_4,D,A,Y,R,120,99,CZ,C,9.778422
tcr_18_4,D,A,Y,S,120,101,CZ,OG,9.506998
tcr_18_4,D,A,Y,S,120,101,CZ,N,9.718954
tcr_18_4,D,A,Y,V,120,100,CZ,CG1,8.525882
tcr_18_4,D,A,Y,V,120,100,CZ,CB,7.8262687
tcr_18_4,D,A,Y,V,120,100,CZ,C,9.922891
tcr_18_4,D,A,Y,K,120,90,OH,CB,9.886839
tcr_18_4,D,A,Y,K,120,90,OH,N,9.624468
tcr_18_4,D,A,Y,Q,120,89,OH,C,9.253634
tcr_18_4,D,A,Y,K,120,90,OH,CA,8.877632
tcr_18_4,D,A,Y,Q,120,89,OH,O,8.150359
tcr_18_4,D,A,Y,K,120,92,OH,CB,9.113454
tcr_18_4,D,A,Y,Y,120,91,OH,N,9.568245
tcr_18_4,D,A,Y,Y,120,91,OH,CA,9.678154
tcr_18_4,D,A,Y,K,120,92,OH,N,8.922775
tcr_18_4,D,A,Y,Y,120,91,OH,C,8.8534155
tcr_18_4,D,A,Y,K,120,90,OH,C,8.537763
tcr_18_4,D,A,Y,K,120,92,OH,C,6.898823
tcr_18_4,D,A,Y,Y,120,91,OH,O,8.3213625
tcr_18_4,D,A,Y,K,120,92,OH,CA,8.415225
tcr_18_4,D,A,Y,Q,120,94,OH,CG,7.5108457
tcr_18_4,D,A,Y,Q,120,94,OH,OE1,6.527553
tcr_18_4,D,A,Y,Q,120,94,OH,CD,6.860412
tcr_18_4,D,A,Y,Q,120,94,OH,CB,6.9324393
tcr_18_4,D,A,Y,Q,120,94,OH,N,5.309049
tcr_18_4,D,A,Y,K,120,90,OH,O,7.4714923
tcr_18_4,D,A,Y,Q,120,94,OH,CA,5.6089773
tcr_18_4,D,A,Y,R,120,93,OH,C,4.3201213
tcr_18_4,D,A,Y,T,120,97,OH,OG1,2.2606432
tcr_18_4,D,A,Y,R,120,93,OH,O,3.4048095
tcr_18_4,D,A,Y,R,120,93,OH,NH2,5.3000264
tcr_18_4,D,A,Y,R,120,93,OH,NH1,6.3059072
tcr_18_4,D,A,Y,R,120,93,OH,CD,4.512375
tcr_18_4,D,A,Y,R,120,93,OH,CZ,5.1458664
tcr_18_4,D,A,Y,R,120,93,OH,NE,4.1099386
tcr_18_4,D,A,Y,R,120,93,OH,CA,4.8075995
tcr_18_4,D,A,Y,R,120,93,OH,CG,3.686326
tcr_18_4,D,A,Y,R,120,93,OH,N,6.249215
tcr_18_4,D,A,Y,R,120,93,OH,CB,4.87393
tcr_18_4,D,A,Y,Q,120,96,OH,OE1,5.103774
tcr_18_4,D,A,Y,E,120,176,OH,OE2,9.948399
tcr_18_4,D,A,Y,E,120,176,OH,OE1,9.516343
tcr_18_4,D,A,Y,D,120,98,OH,CB,8.428067
tcr_18_4,D,A,Y,A,120,95,OH,N,6.7647996
tcr_18_4,D,A,Y,D,120,98,OH,CA,7.634506
tcr_18_4,D,A,Y,Q,120,94,OH,NE2,6.9876356
tcr_18_4,D,A,Y,D,120,98,OH,OD1,8.016386
tcr_18_4,D,A,Y,D,120,98,OH,CG,8.615879
tcr_18_4,D,A,Y,Q,120,94,OH,O,5.8759303
tcr_18_4,D,A,Y,D,120,98,OH,OD2,9.609496
tcr_18_4,D,A,Y,Q,120,94,OH,C,6.008849
tcr_18_4,D,A,Y,A,120,95,OH,C,6.7467136
tcr_18_4,D,A,Y,Q,120,96,OH,NE2,7.216588
tcr_18_4,D,A,Y,Q,120,96,OH,N,5.748327
tcr_18_4,D,A,Y,Q,120,96,OH,CB,4.6808014
tcr_18_4,D,A,Y,Q,120,96,OH,CG,5.932488
tcr_18_4,D,A,Y,Q,120,96,OH,CD,5.9661784
tcr_18_4,D,A,Y,A,120,95,OH,CB,8.514654
tcr_18_4,D,A,Y,A,120,95,OH,CA,7.478367
tcr_18_4,D,A,Y,K,120,92,OH,O,6.5032125
tcr_18_4,D,A,Y,A,120,95,OH,O,7.2875814
tcr_18_4,D,A,Y,V,120,100,OH,CG2,6.4676666
tcr_18_4,D,A,Y,T,120,97,OH,CB,3.5252917
tcr_18_4,D,A,Y,Q,120,96,OH,C,4.613677
tcr_18_4,D,A,Y,Q,120,96,OH,O,5.235318
tcr_18_4,D,A,Y,T,120,97,OH,C,5.382011
tcr_18_4,D,A,Y,T,120,97,OH,O,6.0123153
tcr_18_4,D,A,Y,D,120,98,OH,N,6.1867657
tcr_18_4,D,A,Y,T,120,97,OH,CG2,4.265012
tcr_18_4,D,A,Y,T,120,97,OH,CA,3.8656273
tcr_18_4,D,A,Y,Q,120,96,OH,CA,5.2495065
tcr_18_4,D,A,Y,T,120,97,OH,N,3.8401613
tcr_18_4,D,A,Y,V,120,100,OH,CA,8.049745
tcr_18_4,D,A,Y,V,120,100,OH,N,7.7472343
tcr_18_4,D,A,Y,R,120,99,OH,N,7.9577413
tcr_18_4,D,A,Y,D,120,98,OH,C,8.2882395
tcr_18_4,D,A,Y,R,120,99,OH,CB,8.635397
tcr_18_4,D,A,Y,R,120,99,OH,CA,8.783395
tcr_18_4,D,A,Y,R,120,99,OH,CD,9.960215
tcr_18_4,D,A,Y,D,120,98,OH,O,9.270423
tcr_18_4,D,A,Y,R,120,99,OH,C,8.809847
tcr_18_4,D,A,Y,R,120,99,OH,CG,9.826807
tcr_18_4,D,A,Y,R,120,99,OH,O,9.947678
tcr_18_4,D,A,Y,S,120,101,OH,CB,9.220136
tcr_18_4,D,A,Y,S,120,101,OH,OG,8.19863
tcr_18_4,D,A,Y,S,120,101,OH,CA,9.543606
tcr_18_4,D,A,Y,K,120,170,OH,NZ,9.855022
tcr_18_4,D,A,Y,S,120,101,OH,N,8.551158
tcr_18_4,D,A,Y,V,120,100,OH,CG1,7.7151337
tcr_18_4,D,A,Y,V,120,100,OH,CB,6.942262
tcr_18_4,D,A,Y,V,120,100,OH,C,8.866203
tcr_18_4,D,A,Y,V,120,100,OH,O,9.98479
tcr_18_4,D,A,N,Q,121,89,N,NE2,8.731701
tcr_18_4,D,A,N,Q,121,89,N,CG,9.22922
tcr_18_4,D,A,N,Q,121,89,N,CD,8.562565
tcr_18_4,D,A,N,Q,121,89,N,OE1,8.098773
tcr_18_4,D,A,N,Q,121,89,N,CB,9.236431
tcr_18_4,D,A,N,Q,121,89,N,C,9.939021
tcr_18_4,D,A,N,Q,121,89,N,O,9.367675
tcr_18_4,D,A,N,R,121,93,N,NH2,6.0624533
tcr_18_4,D,A,N,R,121,93,N,NH1,6.6136484
tcr_18_4,D,A,N,R,121,93,N,CD,7.13514
tcr_18_4,D,A,N,R,121,93,N,CZ,6.2992096
tcr_18_4,D,A,N,R,121,93,N,NE,6.572162
tcr_18_4,D,A,N,R,121,93,N,CA,9.052808
tcr_18_4,D,A,N,R,121,93,N,CG,7.5877905
tcr_18_4,D,A,N,R,121,93,N,N,9.745472
tcr_18_4,D,A,N,R,121,93,N,CB,8.253657
tcr_18_4,D,A,N,Q,121,96,N,OE1,7.8408246
tcr_18_4,D,A,N,Q,121,96,N,NE2,8.977712
tcr_18_4,D,A,N,Q,121,96,N,CD,8.869807
tcr_18_4,D,A,N,Q,121,89,CA,NE2,9.049868
tcr_18_4,D,A,N,Q,121,89,CA,CG,9.881159
tcr_18_4,D,A,N,Q,121,89,CA,CD,9.083881
tcr_18_4,D,A,N,Q,121,89,CA,OE1,8.6799135
tcr_18_4,D,A,N,R,121,93,CA,NH2,7.4154234
tcr_18_4,D,A,N,R,121,93,CA,NH1,7.9631705
tcr_18_4,D,A,N,R,121,93,CA,CD,8.575944
tcr_18_4,D,A,N,R,121,93,CA,CZ,7.7093425
tcr_18_4,D,A,N,R,121,93,CA,NE,8.026612
tcr_18_4,D,A,N,R,121,93,CA,CG,9.012221
tcr_18_4,D,A,N,R,121,93,CA,CB,9.615048
tcr_18_4,D,A,N,Q,121,96,CA,OE1,8.855495
tcr_18_4,D,A,N,Q,121,96,CA,NE2,9.771408
tcr_18_4,D,A,N,Q,121,96,CA,CD,9.816896
tcr_18_4,D,A,N,Q,121,89,C,NE2,8.86529
tcr_18_4,D,A,N,Q,121,89,C,CG,9.968768
tcr_18_4,D,A,N,Q,121,89,C,CD,8.973245
tcr_18_4,D,A,N,Q,121,89,C,OE1,8.462179
tcr_18_4,D,A,N,R,121,93,C,NH2,7.91298
tcr_18_4,D,A,N,R,121,93,C,NH1,8.219452
tcr_18_4,D,A,N,R,121,93,C,CD,9.211016
tcr_18_4,D,A,N,R,121,93,C,CZ,8.188308
tcr_18_4,D,A,N,R,121,93,C,NE,8.684652
tcr_18_4,D,A,N,R,121,93,C,CG,9.839636
tcr_18_4,D,A,N,Q,121,89,O,NE2,9.566952
tcr_18_4,D,A,N,Q,121,89,O,CD,9.802584
tcr_18_4,D,A,N,Q,121,89,O,OE1,9.327683
tcr_18_4,D,A,N,R,121,93,O,NH2,9.013634
tcr_18_4,D,A,N,R,121,93,O,NH1,9.37217
tcr_18_4,D,A,N,R,121,93,O,CZ,9.351091
tcr_18_4,D,A,N,R,121,93,O,NE,9.878341
tcr_18_4,D,A,N,Q,121,89,CB,NE2,8.58614
tcr_18_4,D,A,N,Q,121,89,CB,CG,9.497694
tcr_18_4,D,A,N,Q,121,89,CB,CD,8.76804
tcr_18_4,D,A,N,Q,121,89,CB,OE1,8.56736
tcr_18_4,D,A,N,Q,121,89,CB,CB,9.879197
tcr_18_4,D,A,N,R,121,93,CB,NH2,8.468564
tcr_18_4,D,A,N,R,121,93,CB,NH1,8.914171
tcr_18_4,D,A,N,R,121,93,CB,CD,9.113714
tcr_18_4,D,A,N,R,121,93,CB,CZ,8.624347
tcr_18_4,D,A,N,R,121,93,CB,NE,8.748048
tcr_18_4,D,A,N,R,121,93,CB,CG,9.351879
tcr_18_4,D,A,N,R,121,93,CB,CB,9.7712555
tcr_18_4,D,A,N,Q,121,96,CB,OE1,8.507896
tcr_18_4,D,A,N,Q,121,96,CB,NE2,9.093514
tcr_18_4,D,A,N,Q,121,96,CB,CD,9.335084
tcr_18_4,D,A,N,Q,121,89,CG,NE2,7.107835
tcr_18_4,D,A,N,Q,121,89,CG,CA,9.44312
tcr_18_4,D,A,N,Q,121,89,CG,CG,8.087734
tcr_18_4,D,A,N,Q,121,89,CG,CD,7.345254
tcr_18_4,D,A,N,Q,121,89,CG,OE1,7.232216
tcr_18_4,D,A,N,Q,121,89,CG,CB,8.579305
tcr_18_4,D,A,N,Q,121,89,CG,C,9.790871
tcr_18_4,D,A,N,Q,121,89,CG,O,9.365278
tcr_18_4,D,A,N,R,121,93,CG,NH2,8.649099
tcr_18_4,D,A,N,R,121,93,CG,NH1,8.739188
tcr_18_4,D,A,N,R,121,93,CG,CD,8.748892
tcr_18_4,D,A,N,R,121,93,CG,CZ,8.579826
tcr_18_4,D,A,N,R,121,93,CG,NE,8.622301
tcr_18_4,D,A,N,R,121,93,CG,CA,9.776659
tcr_18_4,D,A,N,R,121,93,CG,CG,8.974757
tcr_18_4,D,A,N,R,121,93,CG,CB,9.175799
tcr_18_4,D,A,N,Q,121,96,CG,OE1,8.3618355
tcr_18_4,D,A,N,Q,121,96,CG,NE2,8.802504
tcr_18_4,D,A,N,Q,121,96,CG,CD,9.102367
tcr_18_4,D,A,N,Q,121,89,OD1,N,9.767509
tcr_18_4,D,A,N,Q,121,89,OD1,NE2,6.31281
tcr_18_4,D,A,N,Q,121,89,OD1,CA,8.457945
tcr_18_4,D,A,N,Q,121,89,OD1,CG,7.1593227
tcr_18_4,D,A,N,Q,121,89,OD1,CD,6.402015
tcr_18_4,D,A,N,Q,121,89,OD1,OE1,6.1879716
tcr_18_4,D,A,N,K,121,90,OD1,N,9.705914
tcr_18_4,D,A,N,Q,121,89,OD1,CB,7.5434203
tcr_18_4,D,A,N,Q,121,89,OD1,C,8.755667
tcr_18_4,D,A,N,Q,121,89,OD1,O,8.374774
tcr_18_4,D,A,N,K,121,92,OD1,CB,9.680509
tcr_18_4,D,A,N,K,121,92,OD1,C,9.9664345
tcr_18_4,D,A,N,R,121,93,OD1,NH2,7.862359
tcr_18_4,D,A,N,R,121,93,OD1,NH1,7.7374825
tcr_18_4,D,A,N,R,121,93,OD1,CD,7.777603
tcr_18_4,D,A,N,R,121,93,OD1,CZ,7.6754704
tcr_18_4,D,A,N,R,121,93,OD1,NE,7.7342014
tcr_18_4,D,A,N,R,121,93,OD1,CA,8.980394
tcr_18_4,D,A,N,R,121,93,OD1,CG,8.099522
tcr_18_4,D,A,N,R,121,93,OD1,N,9.260486
tcr_18_4,D,A,N,R,121,93,OD1,CB,8.261691
tcr_18_4,D,A,N,Q,121,96,OD1,OE1,8.11292
tcr_18_4,D,A,N,Q,121,96,OD1,NE2,8.716112
tcr_18_4,D,A,N,Q,121,96,OD1,CD,8.894752
tcr_18_4,D,A,N,Q,121,89,ND2,NE2,6.8956633
tcr_18_4,D,A,N,Q,121,89,ND2,CA,9.588696
tcr_18_4,D,A,N,Q,121,89,ND2,CG,8.0535965
tcr_18_4,D,A,N,Q,121,89,ND2,CD,7.334455
tcr_18_4,D,A,N,Q,121,89,ND2,OE1,7.415534
tcr_18_4,D,A,N,Q,121,89,ND2,CB,8.753011
tcr_18_4,D,A,N,Q,121,89,ND2,O,9.736635
tcr_18_4,D,A,N,R,121,93,ND2,NH2,9.877155
tcr_18_4,D,A,N,R,121,93,ND2,NH1,9.883612
tcr_18_4,D,A,N,R,121,93,ND2,CD,9.703325
tcr_18_4,D,A,N,R,121,93,ND2,CZ,9.740448
tcr_18_4,D,A,N,R,121,93,ND2,NE,9.699556
tcr_18_4,D,A,N,R,121,93,ND2,CG,9.821724
tcr_18_4,D,A,N,R,121,93,ND2,CB,9.867077
tcr_18_4,D,A,N,Q,121,96,ND2,OE1,8.7931185
tcr_18_4,D,A,N,Q,121,96,ND2,NE2,8.914628
tcr_18_4,D,A,N,Q,121,96,ND2,CD,9.389644
tcr_18_4,D,A,D,Q,122,89,N,NE2,8.255972
tcr_18_4,D,A,D,Q,122,89,N,CG,9.320956
tcr_18_4,D,A,D,Q,122,89,N,CD,8.261655
tcr_18_4,D,A,D,Q,122,89,N,OE1,7.6138477
tcr_18_4,D,A,D,Q,122,89,N,CB,9.489487
tcr_18_4,D,A,D,R,122,93,N,NH2,7.3380103
tcr_18_4,D,A,D,R,122,93,N,NH1,7.369257
tcr_18_4,D,A,D,R,122,93,N,CD,8.587316
tcr_18_4,D,A,D,R,122,93,N,CZ,7.5166764
tcr_18_4,D,A,D,R,122,93,N,NE,8.115651
tcr_18_4,D,A,D,R,122,93,N,CG,9.374018
tcr_18_4,D,A,D,R,122,93,N,CB,9.9089
tcr_18_4,D,A,D,Q,122,89,CA,NE2,8.360056
tcr_18_4,D,A,D,Q,122,89,CA,CG,9.647553
tcr_18_4,D,A,D,Q,122,89,CA,CD,8.431538
tcr_18_4,D,A,D,Q,122,89,CA,OE1,7.6937785
tcr_18_4,D,A,D,Q,122,89,CA,CB,9.863367
tcr_18_4,D,A,D,R,122,93,CA,NH2,8.166415
tcr_18_4,D,A,D,R,122,93,CA,NH1,7.966011
tcr_18_4,D,A,D,R,122,93,CA,CD,9.459325
tcr_18_4,D,A,D,R,122,93,CA,CZ,8.311933
tcr_18_4,D,A,D,R,122,93,CA,NE,9.031774
tcr_18_4,D,A,D,Q,122,89,C,NE2,9.80046
tcr_18_4,D,A,D,Q,122,89,C,CD,9.820015
tcr_18_4,D,A,D,Q,122,89,C,OE1,9.003709
tcr_18_4,D,A,D,R,122,93,C,NH2,8.339619
tcr_18_4,D,A,D,R,122,93,C,NH1,8.312666
tcr_18_4,D,A,D,R,122,93,C,CZ,8.667696
tcr_18_4,D,A,D,R,122,93,C,NE,9.543296
tcr_18_4,D,A,D,Q,122,89,O,OE1,9.185697
tcr_18_4,D,A,D,R,122,93,O,NH2,8.563389
tcr_18_4,D,A,D,R,122,93,O,NH1,8.361455
tcr_18_4,D,A,D,R,122,93,O,CZ,8.864698
tcr_18_4,D,A,D,R,122,93,O,NE,9.840454
tcr_18_4,D,A,D,Q,122,89,CB,NE2,7.38127
tcr_18_4,D,A,D,Q,122,89,CB,CG,8.63351
tcr_18_4,D,A,D,Q,122,89,CB,CD,7.3620076
tcr_18_4,D,A,D,Q,122,89,CB,OE1,6.510683
tcr_18_4,D,A,D,Q,122,89,CB,CB,8.795266
tcr_18_4,D,A,D,R,122,93,CB,NH2,8.031612
tcr_18_4,D,A,D,R,122,93,CB,NH1,7.4202075
tcr_18_4,D,A,D,R,122,93,CB,CD,8.947404
tcr_18_4,D,A,D,R,122,93,CB,CZ,7.9709706
tcr_18_4,D,A,D,R,122,93,CB,NE,8.695761
tcr_18_4,D,A,D,R,122,93,CB,CG,9.958533
tcr_18_4,D,A,D,R,122,86,CG,CG,9.182768
tcr_18_4,D,A,D,Q,122,89,CG,NE2,5.999082
tcr_18_4,D,A,D,R,122,86,CG,CA,9.87762
tcr_18_4,D,A,D,R,122,86,CG,CD,9.6591835
tcr_18_4,D,A,D,Q,122,89,CG,CA,9.222544
tcr_18_4,D,A,D,Q,122,89,CG,CG,7.478353
tcr_18_4,D,A,D,Q,122,89,CG,CD,6.1305428
tcr_18_4,D,A,D,Q,122,89,CG,OE1,5.394099
tcr_18_4,D,A,D,Q,122,89,CG,CB,7.8393793
tcr_18_4,D,A,D,Q,122,89,CG,C,9.607727
tcr_18_4,D,A,D,Q,122,89,CG,O,9.697981
tcr_18_4,D,A,D,R,122,93,CG,NH2,8.765092
tcr_18_4,D,A,D,R,122,93,CG,NH1,7.968918
tcr_18_4,D,A,D,R,122,93,CG,CD,9.094672
tcr_18_4,D,A,D,R,122,93,CG,CZ,8.523038
tcr_18_4,D,A,D,R,122,93,CG,NE,9.069501
tcr_18_4,D,A,D,R,122,93,CG,CG,9.983127
tcr_18_4,D,A,D,R,122,86,OD1,CG,9.85888
tcr_18_4,D,A,D,Q,122,89,OD1,NE2,6.0149503
tcr_18_4,D,A,D,Q,122,89,OD1,CA,9.665448
tcr_18_4,D,A,D,Q,122,89,OD1,CG,7.7439137
tcr_18_4,D,A,D,Q,122,89,OD1,CD,6.3868985
tcr_18_4,D,A,D,Q,122,89,OD1,OE1,5.857839
tcr_18_4,D,A,D,Q,122,89,OD1,CB,8.309928
tcr_18_4,D,A,D,R,122,93,OD1,NH2,9.613933
tcr_18_4,D,A,D,R,122,93,OD1,NH1,8.966828
tcr_18_4,D,A,D,R,122,93,OD1,CD,9.89612
tcr_18_4,D,A,D,R,122,93,OD1,CZ,9.412296
tcr_18_4,D,A,D,R,122,93,OD1,NE,9.876791
tcr_18_4,D,A,D,R,122,86,OD2,NE,9.790304
tcr_18_4,D,A,D,R,122,86,OD2,CG,7.96904
tcr_18_4,D,A,D,R,122,86,OD2,C,9.371451
tcr_18_4,D,A,D,Q,122,89,OD2,N,9.24572
tcr_18_4,D,A,D,D,122,85,OD2,O,9.057753
tcr_18_4,D,A,D,R,122,86,OD2,N,9.354838
tcr_18_4,D,A,D,D,122,85,OD2,C,9.5074215
tcr_18_4,D,A,D,Q,122,89,OD2,NE2,5.149943
tcr_18_4,D,A,D,R,122,86,OD2,CB,8.8612
tcr_18_4,D,A,D,R,122,86,OD2,CA,8.646758
tcr_18_4,D,A,D,R,122,86,OD2,CD,8.482737
tcr_18_4,D,A,D,Q,122,89,OD2,CA,8.240644
tcr_18_4,D,A,D,Q,122,89,OD2,CG,6.5123677
tcr_18_4,D,A,D,Q,122,89,OD2,CD,5.144291
tcr_18_4,D,A,D,Q,122,89,OD2,OE1,4.2980747
tcr_18_4,D,A,D,K,122,90,OD2,N,9.11117
tcr_18_4,D,A,D,R,122,86,OD2,O,8.864268
tcr_18_4,D,A,D,Q,122,89,OD2,CB,6.8099804
tcr_18_4,D,A,D,Q,122,89,OD2,C,8.643626
tcr_18_4,D,A,D,K,122,90,OD2,CA,9.87331
tcr_18_4,D,A,D,Q,122,89,OD2,O,8.843518
tcr_18_4,D,A,D,K,122,90,OD2,CG,9.626004
tcr_18_4,D,A,D,R,122,93,OD2,NH2,8.671207
tcr_18_4,D,A,D,R,122,93,OD2,NH1,7.587668
tcr_18_4,D,A,D,R,122,93,OD2,CD,8.604828
tcr_18_4,D,A,D,R,122,93,OD2,CZ,8.257298
tcr_18_4,D,A,D,R,122,93,OD2,NE,8.750139
tcr_18_4,D,A,D,R,122,93,OD2,CG,9.519911
tcr_18_4,D,A,D,R,122,93,OD2,CB,9.525281
tcr_18_4,D,A,M,R,123,93,N,NH2,8.56796
tcr_18_4,D,A,M,R,123,93,N,NH1,8.869375
tcr_18_4,D,A,M,R,123,93,N,CZ,9.06127
tcr_18_4,D,A,M,R,123,93,N,NE,9.923952
tcr_18_4,D,A,M,R,123,93,CA,NH2,9.332469
tcr_18_4,D,A,M,R,123,93,CA,NH1,9.7533455
tcr_18_4,D,A,M,R,123,93,CA,CZ,9.947378
tcr_18_4,D,A,M,R,123,93,CB,NH2,9.06983
tcr_18_4,D,A,M,R,123,93,CB,NH1,9.824563
tcr_18_4,D,A,M,R,123,93,CB,CZ,9.852782
tcr_18_4,D,A,M,R,123,93,CG,NH2,9.961972
tcr_18_4,D,A,M,R,123,93,SD,NH2,9.800593
tcr_18_4,D,A,R,Q,124,89,NH2,NE2,9.058079
tcr_18_4,D,A,R,Q,124,89,NH2,CD,9.901598
tcr_18_4,D,A,R,Q,124,89,NH2,OE1,9.696993
tcr_18_4,E,A,Q,R,44,103,NE2,NH2,9.952619
tcr_18_4,E,A,M,A,46,173,O,CB,9.751317
tcr_18_4,E,A,M,K,46,170,O,NZ,9.947761
tcr_18_4,E,A,M,K,46,170,O,CE,9.245072
tcr_18_4,E,A,M,K,46,170,O,CD,9.525797
tcr_18_4,E,A,M,K,46,170,O,CG,9.245543
tcr_18_4,E,A,M,K,46,170,O,CB,9.9723625
tcr_18_4,E,A,N,R,47,103,CA,NH2,9.893506
tcr_18_4,E,A,N,K,47,170,CA,NZ,9.418739
tcr_18_4,E,A,N,K,47,170,CA,CE,9.127641
tcr_18_4,E,A,N,K,47,170,CA,CD,9.541802
tcr_18_4,E,A,N,K,47,170,CA,CG,9.712611
tcr_18_4,E,A,N,R,47,103,C,NH2,9.181338
tcr_18_4,E,A,N,Y,47,108,C,OH,9.776329
tcr_18_4,E,A,N,K,47,170,C,NZ,8.277614
tcr_18_4,E,A,N,K,47,170,C,CE,7.978403
tcr_18_4,E,A,N,K,47,170,C,CD,8.566413
tcr_18_4,E,A,N,N,47,104,C,ND2,9.274349
tcr_18_4,E,A,N,N,47,104,C,CG,9.797916
tcr_18_4,E,A,N,N,47,104,C,OD1,9.491648
tcr_18_4,E,A,N,K,47,170,C,CG,8.768692
tcr_18_4,E,A,N,K,47,170,C,CB,9.73533
tcr_18_4,E,A,N,K,47,170,O,O,9.839942
tcr_18_4,E,A,N,K,47,170,O,CA,9.299206
tcr_18_4,E,A,N,R,47,103,O,NH2,8.614033
tcr_18_4,E,A,N,Y,47,108,O,OH,8.638957
tcr_18_4,E,A,N,K,47,170,O,NZ,7.085518
tcr_18_4,E,A,N,K,47,170,O,CE,6.7897825
tcr_18_4,E,A,N,V,47,100,O,CG1,9.301683
tcr_18_4,E,A,N,K,47,170,O,CD,7.360539
tcr_18_4,E,A,N,N,47,104,O,ND2,8.202323
tcr_18_4,E,A,N,N,47,104,O,CG,8.787187
tcr_18_4,E,A,N,N,47,104,O,CB,9.945892
tcr_18_4,E,A,N,N,47,104,O,OD1,8.580858
tcr_18_4,E,A,N,Y,47,108,O,CZ,9.78776
tcr_18_4,E,A,N,R,47,103,O,CZ,9.8332
tcr_18_4,E,A,N,K,47,170,O,CG,7.6261277
tcr_18_4,E,A,N,K,47,170,O,CB,8.608021
tcr_18_4,E,A,N,I,47,166,O,CG2,9.996214
tcr_18_4,E,A,N,Y,47,108,O,CE1,9.868908
tcr_18_4,E,A,N,Y,47,108,CB,OH,9.426667
tcr_18_4,E,A,N,K,47,170,CB,NZ,9.2360735
tcr_18_4,E,A,N,K,47,170,CB,CE,8.915529
tcr_18_4,E,A,N,K,47,170,CB,CD,9.093057
tcr_18_4,E,A,N,N,47,104,CB,ND2,9.882646
tcr_18_4,E,A,N,N,47,104,CB,OD1,9.891832
tcr_18_4,E,A,N,K,47,170,CB,CG,9.243624
tcr_18_4,E,A,N,K,47,170,CB,CB,9.85037
tcr_18_4,E,A,N,I,47,166,CB,CG2,9.954158
tcr_18_4,E,A,N,R,47,103,CG,NH2,9.077784
tcr_18_4,E,A,N,Y,47,108,CG,OH,8.421253
tcr_18_4,E,A,N,K,47,170,CG,NZ,8.741518
tcr_18_4,E,A,N,K,47,170,CG,CE,8.631362
tcr_18_4,E,A,N,K,47,170,CG,CD,8.777408
tcr_18_4,E,A,N,N,47,104,CG,ND2,8.872304
tcr_18_4,E,A,N,N,47,104,CG,CG,9.030781
tcr_18_4,E,A,N,N,47,104,CG,CB,9.936081
tcr_18_4,E,A,N,N,47,104,CG,OD1,8.676227
tcr_18_4,E,A,N,Y,47,108,CG,CZ,9.239767
tcr_18_4,E,A,N,K,47,170,CG,CG,9.151513
tcr_18_4,E,A,N,K,47,170,CG,CB,9.716566
tcr_18_4,E,A,N,Y,47,108,CG,CD1,9.966248
tcr_18_4,E,A,N,I,47,166,CG,CG2,9.200427
tcr_18_4,E,A,N,Y,47,108,CG,CE1,8.860038
tcr_18_4,E,A,N,R,47,103,OD1,NH2,8.137363
tcr_18_4,E,A,N,Y,47,108,OD1,OH,8.545737
tcr_18_4,E,A,N,K,47,170,OD1,NZ,8.786169
tcr_18_4,E,A,N,K,47,170,OD1,CE,8.858954
tcr_18_4,E,A,N,K,47,170,OD1,CD,9.149685
tcr_18_4,E,A,N,N,47,104,OD1,ND2,8.516296
tcr_18_4,E,A,N,N,47,104,OD1,CG,8.58822
tcr_18_4,E,A,N,N,47,104,OD1,CB,9.581538
tcr_18_4,E,A,N,N,47,104,OD1,OD1,8.08943
tcr_18_4,E,A,N,Y,47,108,OD1,CZ,9.33645
tcr_18_4,E,A,N,R,47,103,OD1,NH1,9.8790455
tcr_18_4,E,A,N,R,47,103,OD1,CZ,9.102184
tcr_18_4,E,A,N,R,47,103,OD1,NE,9.469223
tcr_18_4,E,A,N,K,47,170,OD1,CG,9.685231
tcr_18_4,E,A,N,I,47,166,OD1,CG2,9.762879
tcr_18_4,E,A,N,Y,47,108,OD1,CE1,8.931997
tcr_18_4,E,A,N,K,47,170,ND2,CA,9.903097
tcr_18_4,E,A,N,Y,47,108,ND2,CE2,9.75239
tcr_18_4,E,A,N,R,47,103,ND2,NH2,9.40602
tcr_18_4,E,A,N,Y,47,108,ND2,OH,7.634738
tcr_18_4,E,A,N,K,47,170,ND2,NZ,8.59355
tcr_18_4,E,A,N,K,47,170,ND2,CE,8.472524
tcr_18_4,E,A,N,K,47,170,ND2,CD,8.401445
tcr_18_4,E,A,N,N,47,104,ND2,ND2,8.656123
tcr_18_4,E,A,N,N,47,104,ND2,CG,8.751781
tcr_18_4,E,A,N,N,47,104,ND2,CB,9.483599
tcr_18_4,E,A,N,N,47,104,ND2,OD1,8.499908
tcr_18_4,E,A,N,Y,47,108,ND2,CZ,8.358311
tcr_18_4,E,A,N,K,47,170,ND2,CG,8.77388
tcr_18_4,E,A,N,K,47,170,ND2,CB,9.152934
tcr_18_4,E,A,N,I,47,166,ND2,O,9.852488
tcr_18_4,E,A,N,I,47,166,ND2,CB,9.586197
tcr_18_4,E,A,N,Y,47,108,ND2,CD1,8.957638
tcr_18_4,E,A,N,I,47,166,ND2,CG2,8.072676
tcr_18_4,E,A,N,Y,47,108,ND2,CE1,7.896911
tcr_18_4,E,A,N,I,47,166,ND2,CG1,9.994576
tcr_18_4,E,A,N,I,47,166,ND2,CD1,9.768621
tcr_18_4,E,A,H,R,48,103,N,NH2,9.510805
tcr_18_4,E,A,H,K,48,170,N,NZ,8.811767
tcr_18_4,E,A,H,K,48,170,N,CE,8.498689
tcr_18_4,E,A,H,K,48,170,N,CD,9.246793
tcr_18_4,E,A,H,N,48,104,N,ND2,9.946236
tcr_18_4,E,A,H,K,48,170,N,CG,9.407453
tcr_18_4,E,A,H,R,48,103,CA,NH2,9.231332
tcr_18_4,E,A,H,K,48,170,CA,NZ,8.204216
tcr_18_4,E,A,H,K,48,170,CA,CE,7.8950853
tcr_18_4,E,A,H,V,48,100,CA,CG1,9.669988
tcr_18_4,E,A,H,K,48,170,CA,CD,8.827106
tcr_18_4,E,A,H,N,48,104,CA,ND2,9.592162
tcr_18_4,E,A,H,K,48,170,CA,CG,9.0049095
tcr_18_4,E,A,H,V,48,100,C,CG2,9.573209
tcr_18_4,E,A,H,R,48,103,C,NH2,7.8918605
tcr_18_4,E,A,H,K,48,170,C,NZ,7.825926
tcr_18_4,E,A,H,K,48,170,C,CE,7.7872477
tcr_18_4,E,A,H,V,48,100,C,CG1,8.462736
tcr_18_4,E,A,H,V,48,100,C,CB,9.742395
tcr_18_4,E,A,H,K,48,170,C,CD,8.863344
tcr_18_4,E,A,H,N,48,104,C,ND2,8.767559
tcr_18_4,E,A,H,N,48,104,C,CG,9.436952
tcr_18_4,E,A,H,N,48,104,C,OD1,9.061775
tcr_18_4,E,A,H,R,48,103,C,NH1,9.453923
tcr_18_4,E,A,H,R,48,103,C,CZ,9.093784
tcr_18_4,E,A,H,K,48,170,C,CG,9.283576
tcr_18_4,E,A,H,V,48,100,O,CG2,9.6302805
tcr_18_4,E,A,H,R,48,103,O,NH2,7.646234
tcr_18_4,E,A,H,K,48,170,O,NZ,8.72162
tcr_18_4,E,A,H,K,48,170,O,CE,8.815836
tcr_18_4,E,A,H,V,48,100,O,CG1,8.69413
tcr_18_4,E,A,H,V,48,100,O,CB,9.93036
tcr_18_4,E,A,H,K,48,170,O,CD,9.896838
tcr_18_4,E,A,H,N,48,104,O,ND2,9.229704
tcr_18_4,E,A,H,N,48,104,O,CG,9.77192
tcr_18_4,E,A,H,N,48,104,O,OD1,9.251968
tcr_18_4,E,A,H,R,48,103,O,NH1,8.998744
tcr_18_4,E,A,H,R,48,103,O,CZ,8.763728
tcr_18_4,E,A,H,R,48,103,O,NE,9.790193
tcr_18_4,E,A,H,K,48,170,CB,NZ,9.354544
tcr_18_4,E,A,H,K,48,170,CB,CE,8.954625
tcr_18_4,E,A,H,K,48,170,CB,CD,9.933153
tcr_18_4,E,A,H,K,48,170,CB,CG,9.97594
tcr_18_4,E,A,H,K,48,170,CG,NZ,9.816659
tcr_18_4,E,A,H,K,48,170,CG,CE,9.1990595
tcr_18_4,E,A,H,K,48,170,CG,CG,9.866019
tcr_18_4,E,A,H,A,48,174,CD2,CB,9.711659
tcr_18_4,E,A,H,A,48,173,CD2,O,9.745542
tcr_18_4,E,A,H,A,48,173,CD2,CB,9.522313
tcr_18_4,E,A,H,K,48,170,CD2,O,9.845784
tcr_18_4,E,A,H,K,48,170,CD2,NZ,9.442699
tcr_18_4,E,A,H,K,48,170,CD2,CE,8.672213
tcr_18_4,E,A,H,K,48,170,CD2,CD,9.361444
tcr_18_4,E,A,H,K,48,170,CD2,CG,9.0257
tcr_18_4,E,A,H,A,48,173,CE1,O,9.923927
tcr_18_4,E,A,H,A,48,174,NE2,CB,9.612434
tcr_18_4,E,A,H,A,48,174,NE2,N,9.865448
tcr_18_4,E,A,H,A,48,173,NE2,O,9.167289
tcr_18_4,E,A,H,A,48,174,NE2,CA,9.772636
tcr_18_4,E,A,H,A,48,173,NE2,C,9.607106
tcr_18_4,E,A,H,A,48,173,NE2,CB,9.211656
tcr_18_4,E,A,H,K,48,170,NE2,O,9.949732
tcr_18_4,E,A,H,K,48,170,NE2,CE,9.507914
tcr_18_4,E,A,H,K,48,170,NE2,CG,9.603157
tcr_18_4,E,A,E,V,49,100,N,CG2,8.490824
tcr_18_4,E,A,E,V,49,100,N,CA,9.830811
tcr_18_4,E,A,E,R,49,103,N,NH2,7.262835
tcr_18_4,E,A,E,Y,49,108,N,OH,9.788368
tcr_18_4,E,A,E,K,49,170,N,NZ,6.7000275
tcr_18_4,E,A,E,K,49,170,N,CE,6.7421803
tcr_18_4,E,A,E,V,49,100,N,CG1,7.337139
tcr_18_4,E,A,E,V,49,100,N,CB,8.601213
tcr_18_4,E,A,E,K,49,170,N,CD,7.9310646
tcr_18_4,E,A,E,N,49,104,N,ND2,7.7683735
tcr_18_4,E,A,E,N,49,104,N,CG,8.541984
tcr_18_4,E,A,E,N,49,104,N,CB,9.963988
tcr_18_4,E,A,E,N,49,104,N,OD1,8.261202
tcr_18_4,E,A,E,R,49,103,N,NH1,8.925193
tcr_18_4,E,A,E,R,49,103,N,CZ,8.511065
tcr_18_4,E,A,E,R,49,103,N,NE,9.475372
tcr_18_4,E,A,E,K,49,170,N,CG,8.449036
tcr_18_4,E,A,E,K,49,170,N,CB,9.809078
tcr_18_4,E,A,E,V,49,100,CA,CG2,7.143095
tcr_18_4,E,A,E,V,49,100,CA,CA,8.596066
tcr_18_4,E,A,E,V,49,100,CA,N,9.783487
tcr_18_4,E,A,E,R,49,103,CA,NH2,6.0876436
tcr_18_4,E,A,E,Y,49,108,CA,OH,9.722066
tcr_18_4,E,A,E,K,49,170,CA,NZ,6.606741
tcr_18_4,E,A,E,K,49,170,CA,CE,6.9502664
tcr_18_4,E,A,E,S,49,101,CA,N,9.789728
tcr_18_4,E,A,E,V,49,100,CA,CG1,6.1699266
tcr_18_4,E,A,E,V,49,100,CA,CB,7.368571
tcr_18_4,E,A,E,K,49,170,CA,CD,8.236241
tcr_18_4,E,A,E,N,49,104,CA,ND2,7.135696
tcr_18_4,E,A,E,V,49,100,CA,C,9.066218
tcr_18_4,E,A,E,N,49,104,CA,CG,7.853448
tcr_18_4,E,A,E,V,49,100,CA,O,9.059115
tcr_18_4,E,A,E,N,49,104,CA,CB,9.337626
tcr_18_4,E,A,E,N,49,104,CA,OD1,7.484194
tcr_18_4,E,A,E,R,49,103,CA,NH1,7.636108
tcr_18_4,E,A,E,R,49,103,CA,CZ,7.3057265
tcr_18_4,E,A,E,R,49,103,CA,NE,8.346707
tcr_18_4,E,A,E,K,49,170,CA,CG,8.969254
tcr_18_4,E,A,E,R,49,103,CA,CD,9.753355
tcr_18_4,E,A,E,V,49,100,C,CG2,7.049264
tcr_18_4,E,A,E,V,49,100,C,CA,8.873146
tcr_18_4,E,A,E,V,49,100,C,N,9.908187
tcr_18_4,E,A,E,R,49,103,C,NH2,6.66566
tcr_18_4,E,A,E,K,49,170,C,NZ,7.693264
tcr_18_4,E,A,E,K,49,170,C,CE,8.048539
tcr_18_4,E,A,E,V,49,100,C,CG1,6.599237
tcr_18_4,E,A,E,V,49,100,C,CB,7.5667477
tcr_18_4,E,A,E,K,49,170,C,CD,9.42472
tcr_18_4,E,A,E,N,49,104,C,ND2,8.216272
tcr_18_4,E,A,E,V,49,100,C,C,9.562966
tcr_18_4,E,A,E,N,49,104,C,CG,8.935087
tcr_18_4,E,A,E,V,49,100,C,O,9.700991
tcr_18_4,E,A,E,N,49,104,C,OD1,8.53117
tcr_18_4,E,A,E,R,49,103,C,NH1,7.863774
tcr_18_4,E,A,E,R,49,103,C,CZ,7.7715735
tcr_18_4,E,A,E,R,49,103,C,NE,8.9349785
tcr_18_4,E,A,E,V,49,100,O,CG2,6.6773577
tcr_18_4,E,A,E,Q,49,96,O,O,9.660158
tcr_18_4,E,A,E,V,49,100,O,CA,8.61241
tcr_18_4,E,A,E,V,49,100,O,N,9.581789
tcr_18_4,E,A,E,R,49,103,O,NH2,6.2203736
tcr_18_4,E,A,E,K,49,170,O,NZ,8.475792
tcr_18_4,E,A,E,K,49,170,O,CE,8.98068
tcr_18_4,E,A,E,V,49,100,O,CG1,6.5380306
tcr_18_4,E,A,E,V,49,100,O,CB,7.384972
tcr_18_4,E,A,E,N,49,104,O,ND2,8.515471
tcr_18_4,E,A,E,V,49,100,O,C,9.448106
tcr_18_4,E,A,E,N,49,104,O,CG,9.103911
tcr_18_4,E,A,E,V,49,100,O,O,9.587182
tcr_18_4,E,A,E,N,49,104,O,OD1,8.572194
tcr_18_4,E,A,E,R,49,103,O,NH1,7.1155534
tcr_18_4,E,A,E,R,49,103,O,CZ,7.2024007
tcr_18_4,E,A,E,R,49,103,O,NE,8.440428
tcr_18_4,E,A,E,R,49,103,O,CD,9.684587
tcr_18_4,E,A,E,T,49,97,CB,OG1,9.641377
tcr_18_4,E,A,E,V,49,100,CB,CG2,6.154084
tcr_18_4,E,A,E,T,49,97,CB,CB,9.682455
tcr_18_4,E,A,E,Q,49,96,CB,O,9.2589445
tcr_18_4,E,A,E,T,49,97,CB,C,9.541229
tcr_18_4,E,A,E,T,49,97,CB,O,8.762459
tcr_18_4,E,A,E,T,49,97,CB,CG2,9.07758
tcr_18_4,E,A,E,T,49,97,CB,CA,9.187056
tcr_18_4,E,A,E,V,49,100,CB,CA,7.455129
tcr_18_4,E,A,E,V,49,100,CB,N,8.655633
tcr_18_4,E,A,E,R,49,99,CB,C,9.839927
tcr_18_4,E,A,E,S,49,101,CB,CB,9.98356
tcr_18_4,E,A,E,S,49,101,CB,OG,9.259048
tcr_18_4,E,A,E,R,49,103,CB,NH2,5.666527
tcr_18_4,E,A,E,S,49,101,CB,CA,9.173374
tcr_18_4,E,A,E,Y,49,108,CB,OH,8.707533
tcr_18_4,E,A,E,K,49,170,CB,NZ,5.2740626
tcr_18_4,E,A,E,K,49,170,CB,CE,5.7690487
tcr_18_4,E,A,E,S,49,101,CB,N,8.444438
tcr_18_4,E,A,E,V,49,100,CB,CG1,4.949896
tcr_18_4,E,A,E,V,49,100,CB,CB,6.1804166
tcr_18_4,E,A,E,K,49,170,CB,CD,7.1254764
tcr_18_4,E,A,E,N,49,104,CB,ND2,5.9146166
tcr_18_4,E,A,E,V,49,100,CB,C,7.8248405
tcr_18_4,E,A,E,N,49,104,CB,CG,6.7696357
tcr_18_4,E,A,E,V,49,100,CB,O,7.888318
tcr_18_4,E,A,E,N,49,104,CB,CB,8.224445
tcr_18_4,E,A,E,N,49,104,CB,OD1,6.56699
tcr_18_4,E,A,E,Y,49,108,CB,CZ,9.900087
tcr_18_4,E,A,E,R,49,103,CB,NH1,7.391575
tcr_18_4,E,A,E,R,49,103,CB,CZ,6.9203944
tcr_18_4,E,A,E,R,49,103,CB,NE,7.8652234
tcr_18_4,E,A,E,N,49,104,CB,N,9.433283
tcr_18_4,E,A,E,N,49,104,CB,CA,9.28784
tcr_18_4,E,A,E,K,49,170,CB,CG,7.989195
tcr_18_4,E,A,E,K,49,170,CB,CB,9.384005
tcr_18_4,E,A,E,R,49,103,CB,CB,9.860611
tcr_18_4,E,A,E,R,49,103,CB,CD,9.290298
tcr_18_4,E,A,E,W,49,171,CG,CD1,9.930982
tcr_18_4,E,A,E,W,49,171,CG,NE1,9.697951
tcr_18_4,E,A,E,K,49,170,CG,CA,9.591561
tcr_18_4,E,A,E,V,49,100,CG,CG2,6.445105
tcr_18_4,E,A,E,Q,49,96,CG,O,9.653639
tcr_18_4,E,A,E,T,49,97,CG,C,9.652446
tcr_18_4,E,A,E,T,49,97,CG,O,8.732237
tcr_18_4,E,A,E,T,49,97,CG,CG2,9.299541
tcr_18_4,E,A,E,T,49,97,CG,CA,9.528913
tcr_18_4,E,A,E,V,49,100,CG,CA,7.231232
tcr_18_4,E,A,E,V,49,100,CG,N,8.564822
tcr_18_4,E,A,E,R,49,99,CG,C,9.680714
tcr_18_4,E,A,E,R,49,99,CG,O,9.79399
tcr_18_4,E,A,E,S,49,101,CG,CB,9.406588
tcr_18_4,E,A,E,S,49,101,CG,OG,8.786412
tcr_18_4,E,A,E,Y,49,108,CG,CE2,9.368801
tcr_18_4,E,A,E,S,49,101,CG,C,9.486112
tcr_18_4,E,A,E,S,49,101,CG,O,9.537299
tcr_18_4,E,A,E,R,49,103,CG,NH2,5.1996317
tcr_18_4,E,A,E,S,49,101,CG,CA,8.505555
tcr_18_4,E,A,E,Y,49,108,CG,OH,7.259707
tcr_18_4,E,A,E,K,49,170,CG,NZ,4.350688
tcr_18_4,E,A,E,K,49,170,CG,CE,4.952308
tcr_18_4,E,A,E,S,49,101,CG,N,7.9597197
tcr_18_4,E,A,E,V,49,100,CG,CG1,4.714093
tcr_18_4,E,A,E,V,49,100,CG,CB,6.144043
tcr_18_4,E,A,E,K,49,170,CG,CD,6.1470885
tcr_18_4,E,A,E,N,49,104,CG,ND2,4.73835
tcr_18_4,E,A,E,V,49,100,CG,C,7.3293195
tcr_18_4,E,A,E,N,49,104,CG,CG,5.565816
tcr_18_4,E,A,E,V,49,100,CG,O,7.1994157
tcr_18_4,E,A,E,N,49,104,CG,CB,6.9893084
tcr_18_4,E,A,E,N,49,104,CG,OD1,5.4123416
tcr_18_4,E,A,E,Y,49,108,CG,CZ,8.442404
tcr_18_4,E,A,E,R,49,103,CG,NH1,7.2125406
tcr_18_4,E,A,E,R,49,103,CG,CZ,6.498255
tcr_18_4,E,A,E,R,49,103,CG,NE,7.2506533
tcr_18_4,E,A,E,N,49,104,CG,C,9.40754
tcr_18_4,E,A,E,N,49,104,CG,N,8.383032
tcr_18_4,E,A,E,N,49,104,CG,CA,8.072359
tcr_18_4,E,A,E,K,49,170,CG,CG,7.138387
tcr_18_4,E,A,E,K,49,170,CG,CB,8.421914
tcr_18_4,E,A,E,Y,49,108,CG,CE1,8.922146
tcr_18_4,E,A,E,R,49,103,CG,CA,9.888181
tcr_18_4,E,A,E,R,49,103,CG,CB,9.172125
tcr_18_4,E,A,E,R,49,103,CG,CD,8.7146845
tcr_18_4,E,A,E,R,49,103,CG,CG,9.359761
tcr_18_4,E,A,E,R,49,103,CG,O,9.981356
tcr_18_4,E,A,E,R,49,103,CG,C,9.340117
tcr_18_4,E,A,E,N,49,104,CG,O,9.949711
tcr_18_4,E,A,E,T,49,97,CD,OG1,9.252448
tcr_18_4,E,A,E,W,49,171,CD,CD1,8.730105
tcr_18_4,E,A,E,W,49,171,CD,CE2,9.535195
tcr_18_4,E,A,E,W,49,171,CD,NE1,8.376832
tcr_18_4,E,A,E,A,49,174,CD,CB,9.905283
tcr_18_4,E,A,E,K,49,170,CD,C,9.297004
tcr_18_4,E,A,E,K,49,170,CD,O,9.356378
tcr_18_4,E,A,E,K,49,170,CD,CA,8.881425
tcr_18_4,E,A,E,W,49,171,CD,N,9.882629
tcr_18_4,E,A,E,V,49,100,CD,CG2,5.925591
tcr_18_4,E,A,E,T,49,97,CD,CB,8.963654
tcr_18_4,E,A,E,Q,49,96,CD,C,9.7112255
tcr_18_4,E,A,E,Q,49,96,CD,O,8.905464
tcr_18_4,E,A,E,T,49,97,CD,C,8.522429
tcr_18_4,E,A,E,T,49,97,CD,O,7.559971
tcr_18_4,E,A,E,D,49,98,CD,N,9.760416
tcr_18_4,E,A,E,T,49,97,CD,CG2,8.106111
tcr_18_4,E,A,E,T,49,97,CD,CA,8.516089
tcr_18_4,E,A,E,T,49,97,CD,N,9.596195
tcr_18_4,E,A,E,V,49,100,CD,CA,6.3845897
tcr_18_4,E,A,E,V,49,100,CD,N,7.7076154
tcr_18_4,E,A,E,D,49,98,CD,O,9.936474
tcr_18_4,E,A,E,R,49,99,CD,C,8.842575
tcr_18_4,E,A,E,R,49,99,CD,O,9.00657
tcr_18_4,E,A,E,S,49,101,CD,CB,8.000434
tcr_18_4,E,A,E,S,49,101,CD,OG,7.338261
tcr_18_4,E,A,E,T,49,167,CD,OG1,9.359058
tcr_18_4,E,A,E,T,49,167,CD,CB,9.9234915
tcr_18_4,E,A,E,T,49,167,CD,CG2,9.673776
tcr_18_4,E,A,E,Y,49,108,CD,CE2,8.320722
tcr_18_4,E,A,E,S,49,101,CD,C,8.245113
tcr_18_4,E,A,E,S,49,101,CD,O,8.319672
tcr_18_4,E,A,E,Y,49,108,CD,CD2,9.591055
tcr_18_4,E,A,E,L,49,105,CD,N,9.092779
tcr_18_4,E,A,E,R,49,103,CD,NH2,5.369773
tcr_18_4,E,A,E,S,49,101,CD,CA,7.184826
tcr_18_4,E,A,E,Y,49,108,CD,OH,6.354369
tcr_18_4,E,A,E,K,49,170,CD,NZ,3.0584912
tcr_18_4,E,A,E,K,49,170,CD,CE,3.9562397
tcr_18_4,E,A,E,S,49,101,CD,N,6.7489204
tcr_18_4,E,A,E,V,49,100,CD,CG1,3.9096286
tcr_18_4,E,A,E,V,49,100,CD,CB,5.324032
tcr_18_4,E,A,E,K,49,170,CD,CD,5.1802883
tcr_18_4,E,A,E,N,49,104,CD,ND2,3.6115112
tcr_18_4,E,A,E,V,49,100,CD,C,6.285349
tcr_18_4,E,A,E,N,49,104,CD,CG,4.6618643
tcr_18_4,E,A,E,V,49,100,CD,O,6.225457
tcr_18_4,E,A,E,N,49,104,CD,CB,5.993837
tcr_18_4,E,A,E,N,49,104,CD,OD1,4.801838
tcr_18_4,E,A,E,Y,49,108,CD,CZ,7.5485816
tcr_18_4,E,A,E,L,49,102,CD,N,9.218808
tcr_18_4,E,A,E,R,49,103,CD,NH1,7.432608
tcr_18_4,E,A,E,R,49,103,CD,CZ,6.602233
tcr_18_4,E,A,E,R,49,103,CD,NE,7.1868644
tcr_18_4,E,A,E,N,49,104,CD,C,8.5018425
tcr_18_4,E,A,E,N,49,104,CD,N,7.550549
tcr_18_4,E,A,E,N,49,104,CD,CA,7.2317667
tcr_18_4,E,A,E,T,49,167,CD,CA,9.602441
tcr_18_4,E,A,E,T,49,167,CD,O,9.989171
tcr_18_4,E,A,E,K,49,170,CD,CG,6.3509817
tcr_18_4,E,A,E,K,49,170,CD,CB,7.607269
tcr_18_4,E,A,E,I,49,166,CD,O,9.883194
tcr_18_4,E,A,E,Y,49,108,CD,CD1,9.505876
tcr_18_4,E,A,E,I,49,166,CD,CG2,9.525474
tcr_18_4,E,A,E,Y,49,108,CD,CE1,8.218468
tcr_18_4,E,A,E,R,49,103,CD,CA,9.191176
tcr_18_4,E,A,E,R,49,103,CD,N,9.276508
tcr_18_4,E,A,E,R,49,103,CD,CB,8.64054
tcr_18_4,E,A,E,R,49,103,CD,CD,8.609224
tcr_18_4,E,A,E,R,49,103,CD,CG,9.046783
tcr_18_4,E,A,E,R,49,103,CD,O,9.362766
tcr_18_4,E,A,E,R,49,103,CD,C,8.628562
tcr_18_4,E,A,E,N,49,104,CD,O,9.149014
tcr_18_4,E,A,E,T,49,97,OE1,OG1,9.812383
tcr_18_4,E,A,E,W,49,171,OE1,CG,9.781449
tcr_18_4,E,A,E,W,49,171,OE1,CD1,8.526632
tcr_18_4,E,A,E,W,49,171,OE1,CE2,9.231586
tcr_18_4,E,A,E,W,49,171,OE1,NE1,8.142582
tcr_18_4,E,A,E,K,49,170,OE1,C,9.073471
tcr_18_4,E,A,E,K,49,170,OE1,O,9.289334
tcr_18_4,E,A,E,K,49,170,OE1,CA,8.51148
tcr_18_4,E,A,E,W,49,171,OE1,N,9.609429
tcr_18_4,E,A,E,V,49,100,OE1,CG2,6.329652
tcr_18_4,E,A,E,T,49,97,OE1,CB,9.358811
tcr_18_4,E,A,E,Q,49,96,OE1,O,9.269982
tcr_18_4,E,A,E,T,49,97,OE1,C,8.677417
tcr_18_4,E,A,E,T,49,97,OE1,O,7.6154013
tcr_18_4,E,A,E,D,49,98,OE1,N,9.841713
tcr_18_4,E,A,E,T,49,97,OE1,CG2,8.432009
tcr_18_4,E,A,E,T,49,97,OE1,CA,8.883472
tcr_18_4,E,A,E,V,49,100,OE1,CA,6.29341
tcr_18_4,E,A,E,V,49,100,OE1,N,7.6785927
tcr_18_4,E,A,E,D,49,98,OE1,C,9.884039
tcr_18_4,E,A,E,D,49,98,OE1,O,9.638343
tcr_18_4,E,A,E,R,49,99,OE1,C,8.712025
tcr_18_4,E,A,E,R,49,99,OE1,O,8.747923
tcr_18_4,E,A,E,S,49,101,OE1,CB,7.5115433
tcr_18_4,E,A,E,W,49,171,OE1,CZ2,9.670583
tcr_18_4,E,A,E,S,49,101,OE1,OG,6.9920835
tcr_18_4,E,A,E,T,49,167,OE1,OG1,8.400067
tcr_18_4,E,A,E,T,49,167,OE1,CB,9.064366
tcr_18_4,E,A,E,T,49,167,OE1,CG2,8.94975
tcr_18_4,E,A,E,Y,49,108,OE1,CE2,7.1136904
tcr_18_4,E,A,E,S,49,101,OE1,C,7.544803
tcr_18_4,E,A,E,S,49,101,OE1,O,7.468348
tcr_18_4,E,A,E,Y,49,108,OE1,CD2,8.369788
tcr_18_4,E,A,E,L,49,105,OE1,CG,9.423823
tcr_18_4,E,A,E,L,49,102,OE1,CA,9.670494
tcr_18_4,E,A,E,L,49,105,OE1,N,8.000405
tcr_18_4,E,A,E,R,49,103,OE1,NH2,5.274255
tcr_18_4,E,A,E,S,49,101,OE1,CA,6.6111016
tcr_18_4,E,A,E,Y,49,108,OE1,OH,5.154637
tcr_18_4,E,A,E,K,49,170,OE1,NZ,2.690249
tcr_18_4,E,A,E,K,49,170,OE1,CE,3.7863796
tcr_18_4,E,A,E,S,49,101,OE1,N,6.375325
tcr_18_4,E,A,E,V,49,100,OE1,CG1,4.031035
tcr_18_4,E,A,E,V,49,100,OE1,CB,5.484173
tcr_18_4,E,A,E,K,49,170,OE1,CD,4.727612
tcr_18_4,E,A,E,N,49,104,OE1,ND2,2.5723405
tcr_18_4,E,A,E,V,49,100,OE1,C,5.9229255
tcr_18_4,E,A,E,N,49,104,OE1,CG,3.6217875
tcr_18_4,E,A,E,V,49,100,OE1,O,5.673465
tcr_18_4,E,A,E,N,49,104,OE1,CB,4.8834977
tcr_18_4,E,A,E,N,49,104,OE1,OD1,3.9004204
tcr_18_4,E,A,E,Y,49,108,OE1,CZ,6.3192744
tcr_18_4,E,A,E,L,49,102,OE1,N,8.600949
tcr_18_4,E,A,E,R,49,103,OE1,NH1,7.4394627
tcr_18_4,E,A,E,R,49,103,OE1,CZ,6.443761
tcr_18_4,E,A,E,R,49,103,OE1,NE,6.810543
tcr_18_4,E,A,E,N,49,104,OE1,C,7.367902
tcr_18_4,E,A,E,N,49,104,OE1,N,6.6259193
tcr_18_4,E,A,E,N,49,104,OE1,CA,6.156922
tcr_18_4,E,A,E,T,49,167,OE1,N,9.1923
tcr_18_4,E,A,E,T,49,167,OE1,CA,8.76289
tcr_18_4,E,A,E,T,49,167,OE1,O,9.394152
tcr_18_4,E,A,E,K,49,170,OE1,CG,6.0525174
tcr_18_4,E,A,E,T,49,167,OE1,C,9.711266
tcr_18_4,E,A,E,K,49,170,OE1,CB,7.1354933
tcr_18_4,E,A,E,I,49,166,OE1,C,9.311677
tcr_18_4,E,A,E,I,49,166,OE1,O,9.057284
tcr_18_4,E,A,E,K,49,170,OE1,N,9.520029
tcr_18_4,E,A,E,I,49,166,OE1,CB,9.619203
tcr_18_4,E,A,E,Y,49,108,OE1,CG,8.895145
tcr_18_4,E,A,E,Y,49,108,OE1,CD1,8.262931
tcr_18_4,E,A,E,I,49,166,OE1,CG2,8.464482
tcr_18_4,E,A,E,Y,49,108,OE1,CE1,6.9836307
tcr_18_4,E,A,E,L,49,105,OE1,CA,9.3032
tcr_18_4,E,A,E,L,49,105,OE1,CB,9.916184
tcr_18_4,E,A,E,R,49,103,OE1,CA,8.465845
tcr_18_4,E,A,E,R,49,103,OE1,N,8.5936775
tcr_18_4,E,A,E,R,49,103,OE1,CB,8.069979
tcr_18_4,E,A,E,L,49,102,OE1,C,9.339476
tcr_18_4,E,A,E,L,49,102,OE1,O,9.944449
tcr_18_4,E,A,E,R,49,103,OE1,CD,8.205332
tcr_18_4,E,A,E,R,49,103,OE1,CG,8.469572
tcr_18_4,E,A,E,R,49,103,OE1,O,8.425301
tcr_18_4,E,A,E,R,49,103,OE1,C,7.752798
tcr_18_4,E,A,E,N,49,104,OE1,O,7.9715667
tcr_18_4,E,A,E,T,49,97,OE2,OG1,8.132484
tcr_18_4,E,A,E,E,49,176,OE2,OE2,9.737504
tcr_18_4,E,A,E,W,49,171,OE2,CG,9.461864
tcr_18_4,E,A,E,W,49,171,OE2,CD1,8.123841
tcr_18_4,E,A,E,W,49,171,OE2,CD2,9.900948
tcr_18_4,E,A,E,W,49,171,OE2,CE2,8.871548
tcr_18_4,E,A,E,W,49,171,OE2,NE1,7.707158
tcr_18_4,E,A,E,A,49,174,OE2,CB,9.2695
tcr_18_4,E,A,E,K,49,170,OE2,C,9.065558
tcr_18_4,E,A,E,K,49,170,OE2,O,9.065646
tcr_18_4,E,A,E,K,49,170,OE2,CA,8.854309
tcr_18_4,E,A,E,W,49,171,OE2,N,9.566224
tcr_18_4,E,A,E,D,49,98,OE2,CA,9.602012
tcr_18_4,E,A,E,V,49,100,OE2,CG2,5.576686
tcr_18_4,E,A,E,T,49,97,OE2,CB,7.9158382
tcr_18_4,E,A,E,Q,49,96,OE2,C,8.943073
tcr_18_4,E,A,E,Q,49,96,OE2,O,8.25025
tcr_18_4,E,A,E,T,49,97,OE2,C,7.727953
tcr_18_4,E,A,E,T,49,97,OE2,O,6.863781
tcr_18_4,E,A,E,D,49,98,OE2,N,8.997665
tcr_18_4,E,A,E,T,49,97,OE2,CG2,7.028902
tcr_18_4,E,A,E,T,49,97,OE2,CA,7.591992
tcr_18_4,E,A,E,T,49,97,OE2,N,8.708273
tcr_18_4,E,A,E,V,49,100,OE2,CA,6.232976
tcr_18_4,E,A,E,V,49,100,OE2,N,7.421513
tcr_18_4,E,A,E,R,49,99,OE2,N,9.684465
tcr_18_4,E,A,E,D,49,98,OE2,C,9.548298
tcr_18_4,E,A,E,R,49,99,OE2,CA,9.828336
tcr_18_4,E,A,E,D,49,98,OE2,O,9.574592
tcr_18_4,E,A,E,R,49,99,OE2,C,8.640375
tcr_18_4,E,A,E,R,49,99,OE2,O,8.9712715
tcr_18_4,E,A,E,S,49,101,OE2,CB,7.6070666
tcr_18_4,E,A,E,W,49,171,OE2,CZ2,9.321739
tcr_18_4,E,A,E,S,49,101,OE2,OG,6.76918
tcr_18_4,E,A,E,T,49,167,OE2,OG1,9.403612
tcr_18_4,E,A,E,T,49,167,OE2,CB,9.869215
tcr_18_4,E,A,E,T,49,167,OE2,CG2,9.430192
tcr_18_4,E,A,E,Y,49,108,OE2,CE2,8.826026
tcr_18_4,E,A,E,S,49,101,OE2,C,8.213229
tcr_18_4,E,A,E,S,49,101,OE2,O,8.4360485
tcr_18_4,E,A,E,L,49,105,OE2,N,9.541222
tcr_18_4,E,A,E,R,49,103,OE2,NH2,6.0903363
tcr_18_4,E,A,E,S,49,101,OE2,CA,6.9880667
tcr_18_4,E,A,E,Y,49,108,OE2,OH,7.0019355
tcr_18_4,E,A,E,K,49,170,OE2,NZ,2.919029
tcr_18_4,E,A,E,K,49,170,OE2,CE,3.7820718
tcr_18_4,E,A,E,S,49,101,OE2,N,6.495759
tcr_18_4,E,A,E,V,49,100,OE2,CG1,3.8066418
tcr_18_4,E,A,E,V,49,100,OE2,CB,5.005236
tcr_18_4,E,A,E,K,49,170,OE2,CD,5.1804843
tcr_18_4,E,A,E,N,49,104,OE2,ND2,4.1492047
tcr_18_4,E,A,E,V,49,100,OE2,C,6.2116437
tcr_18_4,E,A,E,N,49,104,OE2,CG,5.325185
tcr_18_4,E,A,E,V,49,100,OE2,O,6.3900757
tcr_18_4,E,A,E,N,49,104,OE2,CB,6.564506
tcr_18_4,E,A,E,N,49,104,OE2,OD1,5.6045866
tcr_18_4,E,A,E,Y,49,108,OE2,CZ,8.208262
tcr_18_4,E,A,E,L,49,102,OE2,N,9.155569
tcr_18_4,E,A,E,R,49,103,OE2,NH1,7.995015
tcr_18_4,E,A,E,R,49,103,OE2,CZ,7.264715
tcr_18_4,E,A,E,R,49,103,OE2,NE,7.890811
tcr_18_4,E,A,E,N,49,104,OE2,C,9.104366
tcr_18_4,E,A,E,N,49,104,OE2,N,8.085975
tcr_18_4,E,A,E,N,49,104,OE2,CA,7.8746104
tcr_18_4,E,A,E,T,49,167,OE2,CA,9.631203
tcr_18_4,E,A,E,T,49,167,OE2,O,9.82685
tcr_18_4,E,A,E,K,49,170,OE2,CG,6.2879844
tcr_18_4,E,A,E,K,49,170,OE2,CB,7.6312733
tcr_18_4,E,A,E,Y,49,108,OE2,CE1,9.0246315
tcr_18_4,E,A,E,R,49,103,OE2,CA,9.642856
tcr_18_4,E,A,E,R,49,103,OE2,N,9.54825
tcr_18_4,E,A,E,R,49,103,OE2,CB,9.109835
tcr_18_4,E,A,E,R,49,103,OE2,CD,9.261822
tcr_18_4,E,A,E,R,49,103,OE2,CG,9.679853
tcr_18_4,E,A,E,R,49,103,OE2,C,9.200048
tcr_18_4,E,A,E,N,49,104,OE2,O,9.854948
tcr_18_4,E,A,Y,V,50,100,N,CG2,7.715939
tcr_18_4,E,A,Y,V,50,100,N,CA,9.651966
tcr_18_4,E,A,Y,R,50,103,N,NH2,7.895272
tcr_18_4,E,A,Y,K,50,170,N,NZ,7.9770427
tcr_18_4,E,A,Y,K,50,170,N,CE,8.152323
tcr_18_4,E,A,Y,V,50,100,N,CG1,7.3747354
tcr_18_4,E,A,Y,V,50,100,N,CB,8.250566
tcr_18_4,E,A,Y,K,50,170,N,CD,9.567846
tcr_18_4,E,A,Y,N,50,104,N,ND2,9.015751
tcr_18_4,E,A,Y,N,50,104,N,CG,9.853999
tcr_18_4,E,A,Y,N,50,104,N,OD1,9.564026
tcr_18_4,E,A,Y,R,50,103,N,NH1,9.085576
tcr_18_4,E,A,Y,R,50,103,N,CZ,9.004542
tcr_18_4,E,A,Y,R,50,93,CA,NH2,9.736379
tcr_18_4,E,A,Y,V,50,100,CA,CG2,8.087722
tcr_18_4,E,A,Y,R,50,103,CA,NH2,8.776467
tcr_18_4,E,A,Y,K,50,170,CA,NZ,9.179722
tcr_18_4,E,A,Y,K,50,170,CA,CE,9.362273
tcr_18_4,E,A,Y,V,50,100,CA,CG1,8.158824
tcr_18_4,E,A,Y,V,50,100,CA,CB,8.828626
tcr_18_4,E,A,Y,R,50,103,CA,NH1,9.697847
tcr_18_4,E,A,Y,R,50,103,CA,CZ,9.785316
tcr_18_4,E,A,Y,V,50,100,C,CG2,9.417093
tcr_18_4,E,A,Y,R,50,103,C,NH2,9.667033
tcr_18_4,E,A,Y,V,50,100,C,CG1,9.493317
tcr_18_4,E,A,Y,T,50,97,CB,OG1,9.5868845
tcr_18_4,E,A,Y,R,50,93,CB,NH2,8.344516
tcr_18_4,E,A,Y,R,50,93,CB,CZ,9.396722
tcr_18_4,E,A,Y,R,50,93,CB,NE,9.424017
tcr_18_4,E,A,Y,Q,50,96,CB,OE1,9.936929
tcr_18_4,E,A,Y,V,50,100,CB,CG2,8.385754
tcr_18_4,E,A,Y,R,50,103,CB,NH2,9.746065
tcr_18_4,E,A,Y,K,50,170,CB,NZ,9.161605
tcr_18_4,E,A,Y,K,50,170,CB,CE,9.234913
tcr_18_4,E,A,Y,V,50,100,CB,CG1,8.527436
tcr_18_4,E,A,Y,V,50,100,CB,CB,9.076787
tcr_18_4,E,A,Y,T,50,97,CG,OG1,9.76775
tcr_18_4,E,A,Y,R,50,93,CG,NH2,7.6993117
tcr_18_4,E,A,Y,R,50,93,CG,NH1,9.864849
tcr_18_4,E,A,Y,R,50,93,CG,CZ,8.767648
tcr_18_4,E,A,Y,R,50,93,CG,NE,8.862008
tcr_18_4,E,A,Y,Q,50,96,CG,OE1,9.388855
tcr_18_4,E,A,Y,V,50,100,CG,CG2,9.070104
tcr_18_4,E,A,Y,V,50,100,CG,CG1,9.548871
tcr_18_4,E,A,Y,V,50,100,CG,CB,9.9140625
tcr_18_4,E,A,Y,R,50,93,CD1,NH2,8.299236
tcr_18_4,E,A,Y,R,50,93,CD1,CZ,9.429938
tcr_18_4,E,A,Y,R,50,93,CD1,NE,9.667642
tcr_18_4,E,A,Y,T,50,97,CD2,OG1,8.821145
tcr_18_4,E,A,Y,R,50,93,CD2,O,9.877862
tcr_18_4,E,A,Y,R,50,93,CD2,NH2,6.7634654
tcr_18_4,E,A,Y,R,50,93,CD2,NH1,8.86895
tcr_18_4,E,A,Y,R,50,93,CD2,CD,8.95631
tcr_18_4,E,A,Y,R,50,93,CD2,CZ,7.735889
tcr_18_4,E,A,Y,R,50,93,CD2,NE,7.729399
tcr_18_4,E,A,Y,R,50,93,CD2,CG,8.88578
tcr_18_4,E,A,Y,Q,50,96,CD2,OE1,8.049062
tcr_18_4,E,A,Y,Q,50,96,CD2,NE2,9.747768
tcr_18_4,E,A,Y,Q,50,96,CD2,CB,9.252815
tcr_18_4,E,A,Y,Q,50,96,CD2,CG,9.9065075
tcr_18_4,E,A,Y,Q,50,96,CD2,CD,9.1058655
tcr_18_4,E,A,Y,V,50,100,CD2,CG2,8.560127
tcr_18_4,E,A,Y,T,50,97,CD2,CB,9.794417
tcr_18_4,E,A,Y,Q,50,96,CD2,C,9.827542
tcr_18_4,E,A,Y,Q,50,96,CD2,O,9.776412
tcr_18_4,E,A,Y,T,50,97,CD2,CG2,9.916485
tcr_18_4,E,A,Y,T,50,97,CD2,CA,9.656296
tcr_18_4,E,A,Y,T,50,97,CD2,N,9.748645
tcr_18_4,E,A,Y,V,50,100,CD2,CG1,9.352038
tcr_18_4,E,A,Y,V,50,100,CD2,CB,9.500663
tcr_18_4,E,A,Y,R,50,93,CE1,NH2,8.075533
tcr_18_4,E,A,Y,R,50,93,CE1,CZ,9.179383
tcr_18_4,E,A,Y,R,50,93,CE1,NE,9.481745
tcr_18_4,E,A,Y,T,50,97,CE2,OG1,9.31875
tcr_18_4,E,A,Y,R,50,93,CE2,NH2,6.469977
tcr_18_4,E,A,Y,R,50,93,CE2,NH1,8.459906
tcr_18_4,E,A,Y,R,50,93,CE2,CD,8.664547
tcr_18_4,E,A,Y,R,50,93,CE2,CZ,7.4112587
tcr_18_4,E,A,Y,R,50,93,CE2,NE,7.477989
tcr_18_4,E,A,Y,R,50,93,CE2,CG,8.680103
tcr_18_4,E,A,Y,R,50,93,CE2,CB,9.940391
tcr_18_4,E,A,Y,Q,50,96,CE2,OE1,7.809847
tcr_18_4,E,A,Y,Q,50,96,CE2,NE2,9.4188385
tcr_18_4,E,A,Y,Q,50,96,CE2,CB,9.403629
tcr_18_4,E,A,Y,Q,50,96,CE2,CG,9.883588
tcr_18_4,E,A,Y,Q,50,96,CE2,CD,8.902856
tcr_18_4,E,A,Y,V,50,100,CE2,CG2,9.512347
tcr_18_4,E,A,Y,R,50,93,CZ,NH2,7.184739
tcr_18_4,E,A,Y,R,50,93,CZ,NH1,9.12573
tcr_18_4,E,A,Y,R,50,93,CZ,CD,9.642288
tcr_18_4,E,A,Y,R,50,93,CZ,CZ,8.1958475
tcr_18_4,E,A,Y,R,50,93,CZ,NE,8.428652
tcr_18_4,E,A,Y,R,50,93,CZ,CG,9.789373
tcr_18_4,E,A,Y,Q,50,96,CZ,OE1,8.98156
tcr_18_4,E,A,Y,R,50,93,OH,NH2,7.317331
tcr_18_4,E,A,Y,R,50,93,OH,NH1,9.060149
tcr_18_4,E,A,Y,R,50,93,OH,CD,9.68276
tcr_18_4,E,A,Y,R,50,93,OH,CZ,8.252833
tcr_18_4,E,A,Y,R,50,93,OH,NE,8.5487
tcr_18_4,E,A,Y,R,50,93,OH,CG,9.906605
tcr_18_4,E,A,Y,Q,50,96,OH,OE1,9.104417
tcr_18_4,E,A,M,V,51,100,N,CG2,9.635244
tcr_18_4,E,A,M,R,51,103,N,NH2,9.886585
tcr_18_4,E,A,M,V,51,100,N,CG1,9.972011
tcr_18_4,E,A,Y,Q,67,96,N,OE1,9.483388
tcr_18_4,E,A,Y,Q,67,96,N,NE2,9.674456
tcr_18_4,E,A,Y,Q,67,96,CA,OE1,9.008532
tcr_18_4,E,A,Y,Q,67,96,CA,NE2,9.47927
tcr_18_4,E,A,Y,Q,67,96,CA,CD,9.650426
tcr_18_4,E,A,Y,Q,67,96,C,OE1,8.267629
tcr_18_4,E,A,Y,Q,67,96,C,NE2,8.673241
tcr_18_4,E,A,Y,Q,67,96,C,CG,9.902962
tcr_18_4,E,A,Y,Q,67,96,C,CD,8.811656
tcr_18_4,E,A,Y,Q,67,96,O,OE1,7.928489
tcr_18_4,E,A,Y,Q,67,96,O,NE2,8.041521
tcr_18_4,E,A,Y,Q,67,96,O,CB,9.716068
tcr_18_4,E,A,Y,Q,67,96,O,CG,9.402812
tcr_18_4,E,A,Y,Q,67,96,O,CD,8.320765
tcr_18_4,E,A,Y,R,67,93,CB,NH2,9.820107
tcr_18_4,E,A,Y,Q,67,96,CB,OE1,8.420998
tcr_18_4,E,A,Y,Q,67,96,CB,NE2,9.148278
tcr_18_4,E,A,Y,Q,67,96,CB,CD,9.211321
tcr_18_4,E,A,Y,R,67,93,CG,NH2,9.098176
tcr_18_4,E,A,Y,R,67,93,CG,CZ,9.62879
tcr_18_4,E,A,Y,R,67,93,CG,NE,9.437526
tcr_18_4,E,A,Y,R,67,93,CG,CG,9.878709
tcr_18_4,E,A,Y,Q,67,96,CG,OE1,7.127466
tcr_18_4,E,A,Y,Q,67,96,CG,NE2,7.8103795
tcr_18_4,E,A,Y,Q,67,96,CG,CB,9.456197
tcr_18_4,E,A,Y,Q,67,96,CG,CG,9.2579565
tcr_18_4,E,A,Y,Q,67,96,CG,CD,7.918283
tcr_18_4,E,A,Y,R,67,93,CD1,NH2,9.529167
tcr_18_4,E,A,Y,R,67,93,CD1,CZ,9.942736
tcr_18_4,E,A,Y,R,67,93,CD1,NE,9.762438
tcr_18_4,E,A,Y,Q,67,96,CD1,OE1,7.340014
tcr_18_4,E,A,Y,Q,67,96,CD1,NE2,7.7709036
tcr_18_4,E,A,Y,Q,67,96,CD1,CB,9.884915
tcr_18_4,E,A,Y,Q,67,96,CD1,CG,9.50123
tcr_18_4,E,A,Y,Q,67,96,CD1,CD,8.060526
tcr_18_4,E,A,Y,R,67,93,CD2,O,9.705069
tcr_18_4,E,A,Y,R,67,93,CD2,NH2,8.240525
tcr_18_4,E,A,Y,R,67,93,CD2,NH1,9.70951
tcr_18_4,E,A,Y,R,67,93,CD2,CD,9.106776
tcr_18_4,E,A,Y,R,67,93,CD2,CZ,8.720813
tcr_18_4,E,A,Y,R,67,93,CD2,NE,8.405784
tcr_18_4,E,A,Y,R,67,93,CD2,CA,9.559045
tcr_18_4,E,A,Y,R,67,93,CD2,CG,8.724948
tcr_18_4,E,A,Y,R,67,93,CD2,CB,9.548822
tcr_18_4,E,A,Y,Q,67,96,CD2,OE1,5.914322
tcr_18_4,E,A,Y,Q,67,96,CD2,NE2,6.8184247
tcr_18_4,E,A,Y,Q,67,96,CD2,CB,8.13714
tcr_18_4,E,A,Y,Q,67,96,CD2,CG,8.044648
tcr_18_4,E,A,Y,Q,67,96,CD2,CD,6.766641
tcr_18_4,E,A,Y,V,67,100,CD2,CG2,9.66208
tcr_18_4,E,A,Y,Q,67,96,CD2,C,9.760695
tcr_18_4,E,A,Y,Q,67,96,CD2,O,9.897086
tcr_18_4,E,A,Y,Q,67,96,CD2,CA,9.55521
tcr_18_4,E,A,Y,R,67,93,CE1,NH2,9.177897
tcr_18_4,E,A,Y,R,67,93,CE1,CD,9.546725
tcr_18_4,E,A,Y,R,67,93,CE1,CZ,9.416591
tcr_18_4,E,A,Y,R,67,93,CE1,NE,9.136868
tcr_18_4,E,A,Y,R,67,93,CE1,CA,9.812008
tcr_18_4,E,A,Y,R,67,93,CE1,CG,9.244376
tcr_18_4,E,A,Y,R,67,93,CE1,CB,9.732185
tcr_18_4,E,A,Y,Q,67,96,CE1,OE1,6.435618
tcr_18_4,E,A,Y,Q,67,96,CE1,NE2,6.750324
tcr_18_4,E,A,Y,Q,67,96,CE1,CB,9.117176
tcr_18_4,E,A,Y,Q,67,96,CE1,CG,8.612929
tcr_18_4,E,A,Y,Q,67,96,CE1,CD,7.116352
tcr_18_4,E,A,Y,K,67,92,CE2,C,9.477638
tcr_18_4,E,A,Y,R,67,93,CE2,C,9.140705
tcr_18_4,E,A,Y,T,67,97,CE2,OG1,9.370101
tcr_18_4,E,A,Y,R,67,93,CE2,O,8.692822
tcr_18_4,E,A,Y,R,67,93,CE2,NH2,7.824823
tcr_18_4,E,A,Y,R,67,93,CE2,NH1,9.061299
tcr_18_4,E,A,Y,R,67,93,CE2,CD,8.178761
tcr_18_4,E,A,Y,R,67,93,CE2,CZ,8.107925
tcr_18_4,E,A,Y,R,67,93,CE2,NE,7.6604695
tcr_18_4,E,A,Y,R,67,93,CE2,CA,8.354335
tcr_18_4,E,A,Y,R,67,93,CE2,CG,7.7032294
tcr_18_4,E,A,Y,R,67,93,CE2,N,9.15365
tcr_18_4,E,A,Y,R,67,93,CE2,CB,8.389956
tcr_18_4,E,A,Y,Q,67,96,CE2,OE1,4.7283435
tcr_18_4,E,A,Y,Q,67,96,CE2,NE2,5.613102
tcr_18_4,E,A,Y,Q,67,96,CE2,N,9.544264
tcr_18_4,E,A,Y,Q,67,96,CE2,CB,7.1686516
tcr_18_4,E,A,Y,Q,67,96,CE2,CG,6.9573097
tcr_18_4,E,A,Y,Q,67,96,CE2,CD,5.592597
tcr_18_4,E,A,Y,K,67,92,CE2,O,9.128768
tcr_18_4,E,A,Y,V,67,100,CE2,CG2,9.55177
tcr_18_4,E,A,Y,Q,67,96,CE2,C,9.010208
tcr_18_4,E,A,Y,Q,67,96,CE2,O,9.286906
tcr_18_4,E,A,Y,Q,67,96,CE2,CA,8.649638
tcr_18_4,E,A,Y,T,67,97,CE2,N,9.313347
tcr_18_4,E,A,Y,Q,67,89,CZ,O,9.90112
tcr_18_4,E,A,Y,K,67,92,CZ,CB,9.825918
tcr_18_4,E,A,Y,K,67,92,CZ,C,9.421627
tcr_18_4,E,A,Y,R,67,93,CZ,C,9.480363
tcr_18_4,E,A,Y,R,67,93,CZ,O,9.196849
tcr_18_4,E,A,Y,R,67,93,CZ,NH2,8.33215
tcr_18_4,E,A,Y,R,67,93,CZ,NH1,9.30083
tcr_18_4,E,A,Y,R,67,93,CZ,CD,8.42966
tcr_18_4,E,A,Y,R,67,93,CZ,CZ,8.490781
tcr_18_4,E,A,Y,R,67,93,CZ,NE,8.071336
tcr_18_4,E,A,Y,R,67,93,CZ,CA,8.504407
tcr_18_4,E,A,Y,R,67,93,CZ,CG,8.004547
tcr_18_4,E,A,Y,R,67,93,CZ,N,9.120416
tcr_18_4,E,A,Y,R,67,93,CZ,CB,8.499184
tcr_18_4,E,A,Y,Q,67,96,CZ,OE1,5.060993
tcr_18_4,E,A,Y,Q,67,96,CZ,NE2,5.5751524
tcr_18_4,E,A,Y,Q,67,96,CZ,CB,7.739633
tcr_18_4,E,A,Y,Q,67,96,CZ,CG,7.293294
tcr_18_4,E,A,Y,Q,67,96,CZ,CD,5.809241
tcr_18_4,E,A,Y,K,67,92,CZ,O,9.190094
tcr_18_4,E,A,Y,Q,67,96,CZ,C,9.806236
tcr_18_4,E,A,Y,Q,67,96,CZ,CA,9.262453
tcr_18_4,E,A,Y,Q,67,89,OH,NE2,9.497842
tcr_18_4,E,A,Y,K,67,92,OH,CD,9.341372
tcr_18_4,E,A,Y,K,67,92,OH,CG,9.627702
tcr_18_4,E,A,Y,Q,67,89,OH,CA,9.670839
tcr_18_4,E,A,Y,Q,67,89,OH,CG,9.378813
tcr_18_4,E,A,Y,Q,67,89,OH,CD,9.368212
tcr_18_4,E,A,Y,Q,67,89,OH,OE1,9.466998
tcr_18_4,E,A,Y,Q,67,89,OH,CB,9.4908495
tcr_18_4,E,A,Y,Q,67,89,OH,C,9.62758
tcr_18_4,E,A,Y,Q,67,89,OH,O,8.7250395
tcr_18_4,E,A,Y,K,67,92,OH,CB,8.52453
tcr_18_4,E,A,Y,K,67,92,OH,C,8.286887
tcr_18_4,E,A,Y,K,67,92,OH,CA,9.178636
tcr_18_4,E,A,Y,Q,67,94,OH,N,9.888124
tcr_18_4,E,A,Y,R,67,93,OH,C,8.647381
tcr_18_4,E,A,Y,T,67,97,OH,OG1,9.881769
tcr_18_4,E,A,Y,R,67,93,OH,O,8.498137
tcr_18_4,E,A,Y,R,67,93,OH,NH2,8.287605
tcr_18_4,E,A,Y,R,67,93,OH,NH1,8.967803
tcr_18_4,E,A,Y,R,67,93,OH,CD,7.823213
tcr_18_4,E,A,Y,R,67,93,OH,CZ,8.234901
tcr_18_4,E,A,Y,R,67,93,OH,NE,7.6974144
tcr_18_4,E,A,Y,R,67,93,OH,CA,7.5545435
tcr_18_4,E,A,Y,R,67,93,OH,CG,7.313763
tcr_18_4,E,A,Y,R,67,93,OH,N,8.022856
tcr_18_4,E,A,Y,R,67,93,OH,CB,7.5995955
tcr_18_4,E,A,Y,Q,67,96,OH,OE1,4.3661275
tcr_18_4,E,A,Y,Q,67,96,OH,NE2,4.713983
tcr_18_4,E,A,Y,Q,67,96,OH,N,9.285901
tcr_18_4,E,A,Y,Q,67,96,OH,CB,7.1570206
tcr_18_4,E,A,Y,Q,67,96,OH,CG,6.5615807
tcr_18_4,E,A,Y,Q,67,96,OH,CD,5.0355134
tcr_18_4,E,A,Y,K,67,92,OH,O,8.132151
tcr_18_4,E,A,Y,Q,67,96,OH,C,9.392336
tcr_18_4,E,A,Y,Q,67,96,OH,O,9.904947
tcr_18_4,E,A,Y,Q,67,96,OH,CA,8.689263
tcr_18_4,E,A,Y,T,67,97,OH,N,9.685761
tcr_18_4,E,A,S,Q,68,96,N,OE1,8.332756
tcr_18_4,E,A,S,Q,68,96,N,NE2,8.9705925
tcr_18_4,E,A,S,Q,68,96,N,CB,9.856891
tcr_18_4,E,A,S,Q,68,96,N,CG,9.891279
tcr_18_4,E,A,S,Q,68,96,N,CD,8.929441
tcr_18_4,E,A,S,V,68,100,N,CG2,9.294321
tcr_18_4,E,A,S,Q,68,96,CA,OE1,7.940932
tcr_18_4,E,A,S,Q,68,96,CA,NE2,8.5661955
tcr_18_4,E,A,S,Q,68,96,CA,CB,9.105332
tcr_18_4,E,A,S,Q,68,96,CA,CG,9.219231
tcr_18_4,E,A,S,Q,68,96,CA,CD,8.43914
tcr_18_4,E,A,S,R,68,99,CA,NH1,9.898381
tcr_18_4,E,A,S,V,68,100,CA,CG2,8.040137
tcr_18_4,E,A,S,Q,68,96,CA,O,9.6145735
tcr_18_4,E,A,S,R,68,103,CA,NH2,9.308793
tcr_18_4,E,A,S,V,68,100,CA,CG1,9.428066
tcr_18_4,E,A,S,V,68,100,CA,CB,9.42942
tcr_18_4,E,A,S,R,68,103,CA,NH1,8.903521
tcr_18_4,E,A,S,R,68,103,CA,CZ,9.684557
tcr_18_4,E,A,S,T,68,97,C,OG1,9.977645
tcr_18_4,E,A,S,Q,68,96,C,OE1,7.562095
tcr_18_4,E,A,S,Q,68,96,C,NE2,8.538314
tcr_18_4,E,A,S,Q,68,96,C,CB,8.498364
tcr_18_4,E,A,S,Q,68,96,C,CG,8.852893
tcr_18_4,E,A,S,Q,68,96,C,CD,8.180471
tcr_18_4,E,A,S,V,68,100,C,CG2,7.009919
tcr_18_4,E,A,S,Q,68,96,C,C,9.164128
tcr_18_4,E,A,S,Q,68,96,C,O,8.748206
tcr_18_4,E,A,S,T,68,97,C,CA,9.82587
tcr_18_4,E,A,S,Q,68,96,C,CA,9.459682
tcr_18_4,E,A,S,T,68,97,C,N,9.656885
tcr_18_4,E,A,S,V,68,100,C,CA,9.478437
tcr_18_4,E,A,S,V,68,100,C,N,9.8654995
tcr_18_4,E,A,S,R,68,103,C,NH2,8.538171
tcr_18_4,E,A,S,V,68,100,C,CG1,8.253924
tcr_18_4,E,A,S,V,68,100,C,CB,8.322934
tcr_18_4,E,A,S,R,68,103,C,NH1,8.447265
tcr_18_4,E,A,S,R,68,103,C,CZ,9.063536
tcr_18_4,E,A,S,Q,68,96,O,OE1,8.432512
tcr_18_4,E,A,S,Q,68,96,O,NE2,9.57676
tcr_18_4,E,A,S,Q,68,96,O,CB,9.327643
tcr_18_4,E,A,S,Q,68,96,O,CG,9.802864
tcr_18_4,E,A,S,Q,68,96,O,CD,9.143127
tcr_18_4,E,A,S,V,68,100,O,CG2,7.41588
tcr_18_4,E,A,S,Q,68,96,O,C,9.825094
tcr_18_4,E,A,S,Q,68,96,O,O,9.398958
tcr_18_4,E,A,S,V,68,100,O,CA,9.847478
tcr_18_4,E,A,S,R,68,103,O,NH2,8.618337
tcr_18_4,E,A,S,V,68,100,O,CG1,8.334219
tcr_18_4,E,A,S,V,68,100,O,CB,8.595346
tcr_18_4,E,A,S,R,68,103,O,NH1,8.805526
tcr_18_4,E,A,S,R,68,103,O,CZ,9.292528
tcr_18_4,E,A,S,Q,68,96,CB,OE1,9.258444
tcr_18_4,E,A,S,Q,68,96,CB,NE2,9.754963
tcr_18_4,E,A,S,Q,68,96,CB,CD,9.659033
tcr_18_4,E,A,S,V,68,100,CB,CG2,8.427958
tcr_18_4,E,A,S,R,68,103,CB,NH2,8.852328
tcr_18_4,E,A,S,V,68,100,CB,CG1,9.607953
tcr_18_4,E,A,S,V,68,100,CB,CB,9.762067
tcr_18_4,E,A,S,R,68,103,CB,NH1,8.354368
tcr_18_4,E,A,S,R,68,103,CB,CZ,9.184297
tcr_18_4,E,A,S,Q,68,96,OG,OE1,9.27082
tcr_18_4,E,A,S,Q,68,96,OG,NE2,9.758122
tcr_18_4,E,A,S,Q,68,96,OG,CB,9.824097
tcr_18_4,E,A,S,Q,68,96,OG,CD,9.5760355
tcr_18_4,E,A,S,R,68,99,OG,NH1,9.348788
tcr_18_4,E,A,S,R,68,99,OG,CZ,9.699177
tcr_18_4,E,A,S,R,68,99,OG,NH2,9.921236
tcr_18_4,E,A,S,V,68,100,OG,CG2,7.4290085
tcr_18_4,E,A,S,Q,68,96,OG,O,9.623615
tcr_18_4,E,A,S,V,68,100,OG,CA,9.572138
tcr_18_4,E,A,S,R,68,103,OG,NH2,7.5288296
tcr_18_4,E,A,S,V,68,100,OG,CG1,8.54535
tcr_18_4,E,A,S,V,68,100,OG,CB,8.72828
tcr_18_4,E,A,S,R,68,103,OG,NH1,6.94773
tcr_18_4,E,A,S,R,68,103,OG,CZ,7.8020463
tcr_18_4,E,A,S,R,68,103,OG,NE,9.093497
tcr_18_4,E,A,S,R,68,103,OG,CD,9.802886
tcr_18_4,E,A,V,T,69,97,N,OG1,8.834722
tcr_18_4,E,A,V,R,69,93,N,O,9.36285
tcr_18_4,E,A,V,R,69,93,N,NH2,9.698829
tcr_18_4,E,A,V,R,69,93,N,NE,9.676395
tcr_18_4,E,A,V,R,69,93,N,CG,9.707573
tcr_18_4,E,A,V,Q,69,96,N,OE1,6.5056396
tcr_18_4,E,A,V,Q,69,96,N,NE2,7.5568933
tcr_18_4,E,A,V,Q,69,96,N,N,9.512117
tcr_18_4,E,A,V,Q,69,96,N,CB,7.2237554
tcr_18_4,E,A,V,Q,69,96,N,CG,7.6492443
tcr_18_4,E,A,V,Q,69,96,N,CD,7.0897336
tcr_18_4,E,A,V,R,69,99,N,NH1,9.096719
tcr_18_4,E,A,V,R,69,99,N,CZ,9.645547
tcr_18_4,E,A,V,V,69,100,N,CG2,5.8868637
tcr_18_4,E,A,V,T,69,97,N,CB,9.398163
tcr_18_4,E,A,V,Q,69,96,N,C,7.8390017
tcr_18_4,E,A,V,Q,69,96,N,O,7.429217
tcr_18_4,E,A,V,T,69,97,N,C,9.51423
tcr_18_4,E,A,V,T,69,97,N,O,9.397748
tcr_18_4,E,A,V,T,69,97,N,CG2,9.849028
tcr_18_4,E,A,V,T,69,97,N,CA,8.57541
tcr_18_4,E,A,V,Q,69,96,N,CA,8.1436405
tcr_18_4,E,A,V,T,69,97,N,N,8.361021
tcr_18_4,E,A,V,V,69,100,N,CA,8.3914795
tcr_18_4,E,A,V,V,69,100,N,N,8.677501
tcr_18_4,E,A,V,R,69,99,N,CB,9.600326
tcr_18_4,E,A,V,R,69,99,N,CD,9.413096
tcr_18_4,E,A,V,R,69,99,N,C,9.64349
tcr_18_4,E,A,V,R,69,99,N,CG,9.779783
tcr_18_4,E,A,V,R,69,99,N,NE,9.79821
tcr_18_4,E,A,V,R,69,103,N,NH2,8.036533
tcr_18_4,E,A,V,V,69,100,N,CG1,7.3598475
tcr_18_4,E,A,V,V,69,100,N,CB,7.255105
tcr_18_4,E,A,V,V,69,100,N,C,9.714473
tcr_18_4,E,A,V,R,69,103,N,NH1,7.910378
tcr_18_4,E,A,V,R,69,103,N,CZ,8.508904
tcr_18_4,E,A,V,R,69,103,N,NE,9.748847
tcr_18_4,E,A,V,R,69,93,CA,C,9.598458
tcr_18_4,E,A,V,T,69,97,CA,OG1,7.6639934
tcr_18_4,E,A,V,R,69,93,CA,O,8.55793
tcr_18_4,E,A,V,R,69,93,CA,NH2,8.939302
tcr_18_4,E,A,V,R,69,93,CA,CD,9.72303
tcr_18_4,E,A,V,R,69,93,CA,CZ,9.492945
tcr_18_4,E,A,V,R,69,93,CA,NE,8.9095545
tcr_18_4,E,A,V,R,69,93,CA,CA,9.7147875
tcr_18_4,E,A,V,R,69,93,CA,CG,9.00634
tcr_18_4,E,A,V,Q,69,96,CA,OE1,6.4544625
tcr_18_4,E,A,V,A,69,95,CA,C,9.973748
tcr_18_4,E,A,V,Q,69,96,CA,NE2,7.8218517
tcr_18_4,E,A,V,Q,69,96,CA,N,8.933082
tcr_18_4,E,A,V,Q,69,96,CA,CB,6.793488
tcr_18_4,E,A,V,Q,69,96,CA,CG,7.5008955
tcr_18_4,E,A,V,Q,69,96,CA,CD,7.1210318
tcr_18_4,E,A,V,A,69,95,CA,O,9.978196
tcr_18_4,E,A,V,R,69,99,CA,NH1,9.426751
tcr_18_4,E,A,V,R,69,99,CA,CZ,9.881881
tcr_18_4,E,A,V,V,69,100,CA,CG2,4.927689
tcr_18_4,E,A,V,T,69,97,CA,CB,8.191966
tcr_18_4,E,A,V,Q,69,96,CA,C,7.0428085
tcr_18_4,E,A,V,Q,69,96,CA,O,6.619639
tcr_18_4,E,A,V,T,69,97,CA,C,8.383542
tcr_18_4,E,A,V,T,69,97,CA,O,8.223511
tcr_18_4,E,A,V,D,69,98,CA,N,9.505678
tcr_18_4,E,A,V,T,69,97,CA,CG2,8.5202875
tcr_18_4,E,A,V,T,69,97,CA,CA,7.4390264
tcr_18_4,E,A,V,Q,69,96,CA,CA,7.583855
tcr_18_4,E,A,V,T,69,97,CA,N,7.4106445
tcr_18_4,E,A,V,V,69,100,CA,CA,7.448336
tcr_18_4,E,A,V,V,69,100,CA,N,7.811563
tcr_18_4,E,A,V,R,69,99,CA,N,9.656654
tcr_18_4,E,A,V,R,69,99,CA,CB,9.093764
tcr_18_4,E,A,V,R,69,99,CA,CA,9.552466
tcr_18_4,E,A,V,R,69,99,CA,CD,9.289789
tcr_18_4,E,A,V,R,69,99,CA,C,8.895887
tcr_18_4,E,A,V,R,69,99,CA,CG,9.447425
tcr_18_4,E,A,V,R,69,99,CA,NE,9.8379965
tcr_18_4,E,A,V,R,69,99,CA,O,9.557998
tcr_18_4,E,A,V,R,69,103,CA,NH2,7.483345
tcr_18_4,E,A,V,K,69,170,CA,NZ,9.635478
tcr_18_4,E,A,V,S,69,101,CA,N,9.265068
tcr_18_4,E,A,V,V,69,100,CA,CG1,6.2363834
tcr_18_4,E,A,V,V,69,100,CA,CB,6.1733336
tcr_18_4,E,A,V,N,69,104,CA,ND2,9.527271
tcr_18_4,E,A,V,V,69,100,CA,C,8.682693
tcr_18_4,E,A,V,V,69,100,CA,O,9.310864
tcr_18_4,E,A,V,N,69,104,CA,OD1,9.826647
tcr_18_4,E,A,V,R,69,103,CA,NH1,7.693567
tcr_18_4,E,A,V,R,69,103,CA,CZ,8.089704
tcr_18_4,E,A,V,R,69,103,CA,NE,9.280278
tcr_18_4,E,A,V,T,69,97,C,OG1,7.9443135
tcr_18_4,E,A,V,R,69,93,C,O,9.141906
tcr_18_4,E,A,V,R,69,93,C,NH2,9.991543
tcr_18_4,E,A,V,R,69,93,C,NE,9.937313
tcr_18_4,E,A,V,R,69,93,C,CG,9.968859
tcr_18_4,E,A,V,Q,69,96,C,OE1,7.5098257
tcr_18_4,E,A,V,Q,69,96,C,NE2,8.795241
tcr_18_4,E,A,V,Q,69,96,C,N,9.255627
tcr_18_4,E,A,V,Q,69,96,C,CB,7.3441734
tcr_18_4,E,A,V,Q,69,96,C,CG,8.177083
tcr_18_4,E,A,V,Q,69,96,C,CD,8.044837
tcr_18_4,E,A,V,A,69,95,C,O,9.976423
tcr_18_4,E,A,V,R,69,99,C,NH1,9.3429575
tcr_18_4,E,A,V,R,69,99,C,CZ,9.599146
tcr_18_4,E,A,V,V,69,100,C,CG2,4.0165944
tcr_18_4,E,A,V,T,69,97,C,CB,8.23333
tcr_18_4,E,A,V,Q,69,96,C,C,7.1178665
tcr_18_4,E,A,V,Q,69,96,C,O,6.4614825
tcr_18_4,E,A,V,T,69,97,C,C,8.06888
tcr_18_4,E,A,V,T,69,97,C,O,7.6932545
tcr_18_4,E,A,V,D,69,98,C,N,9.241452
tcr_18_4,E,A,V,T,69,97,C,CG2,8.392752
tcr_18_4,E,A,V,T,69,97,C,CA,7.361752
tcr_18_4,E,A,V,Q,69,96,C,CA,7.860483
tcr_18_4,E,A,V,T,69,97,C,N,7.5291157
tcr_18_4,E,A,V,V,69,100,C,CA,6.4239907
tcr_18_4,E,A,V,V,69,100,C,N,7.012056
tcr_18_4,E,A,V,R,69,99,C,N,9.1915045
tcr_18_4,E,A,V,D,69,98,C,C,9.830396
tcr_18_4,E,A,V,R,69,99,C,CB,8.672968
tcr_18_4,E,A,V,R,69,99,C,CA,8.971522
tcr_18_4,E,A,V,R,69,99,C,CD,8.964451
tcr_18_4,E,A,V,R,69,99,C,C,8.110192
tcr_18_4,E,A,V,R,69,99,C,CG,8.940082
tcr_18_4,E,A,V,R,69,99,C,NE,9.44235
tcr_18_4,E,A,V,R,69,99,C,O,8.636938
tcr_18_4,E,A,V,S,69,101,C,OG,9.682447
tcr_18_4,E,A,V,R,69,103,C,NH2,5.9851475
tcr_18_4,E,A,V,S,69,101,C,CA,9.561584
tcr_18_4,E,A,V,K,69,170,C,NZ,8.610489
tcr_18_4,E,A,V,K,69,170,C,CE,9.446494
tcr_18_4,E,A,V,S,69,101,C,N,8.300303
tcr_18_4,E,A,V,V,69,100,C,CG1,4.9935994
tcr_18_4,E,A,V,V,69,100,C,CB,5.1601405
tcr_18_4,E,A,V,N,69,104,C,ND2,8.188683
tcr_18_4,E,A,V,V,69,100,C,C,7.592303
tcr_18_4,E,A,V,N,69,104,C,CG,8.77262
tcr_18_4,E,A,V,V,69,100,C,O,8.090619
tcr_18_4,E,A,V,N,69,104,C,OD1,8.363863
tcr_18_4,E,A,V,R,69,103,C,NH1,6.3710446
tcr_18_4,E,A,V,R,69,103,C,CZ,6.662455
tcr_18_4,E,A,V,R,69,103,C,NE,7.858431
tcr_18_4,E,A,V,R,69,103,C,CB,9.551121
tcr_18_4,E,A,V,R,69,103,C,CD,8.879904
tcr_18_4,E,A,V,R,69,103,C,CG,9.935802
tcr_18_4,E,A,V,T,69,97,O,OG1,7.36763
tcr_18_4,E,A,V,R,69,93,O,O,8.924326
tcr_18_4,E,A,V,R,69,93,O,NH2,9.798079
tcr_18_4,E,A,V,R,69,93,O,NE,9.757789
tcr_18_4,E,A,V,R,69,93,O,CG,9.850618
tcr_18_4,E,A,V,Q,69,96,O,OE1,7.9649043
tcr_18_4,E,A,V,D,69,98,O,CA,9.56431
tcr_18_4,E,A,V,Q,69,96,O,NE2,9.408458
tcr_18_4,E,A,V,Q,69,96,O,N,9.192641
tcr_18_4,E,A,V,Q,69,96,O,CB,7.4990153
tcr_18_4,E,A,V,Q,69,96,O,CG,8.518597
tcr_18_4,E,A,V,Q,69,96,O,CD,8.528701
tcr_18_4,E,A,V,A,69,95,O,O,9.794649
tcr_18_4,E,A,V,R,69,99,O,NH1,9.914973
tcr_18_4,E,A,V,V,69,100,O,CG2,3.5440047
tcr_18_4,E,A,V,T,69,97,O,CB,7.561412
tcr_18_4,E,A,V,Q,69,96,O,C,6.9025307
tcr_18_4,E,A,V,Q,69,96,O,O,6.217321
tcr_18_4,E,A,V,T,69,97,O,C,7.40019
tcr_18_4,E,A,V,T,69,97,O,O,6.9274297
tcr_18_4,E,A,V,D,69,98,O,N,8.637742
tcr_18_4,E,A,V,T,69,97,O,CG2,7.5389566
tcr_18_4,E,A,V,T,69,97,O,CA,6.765456
tcr_18_4,E,A,V,Q,69,96,O,CA,7.853866
tcr_18_4,E,A,V,T,69,97,O,N,7.1591573
tcr_18_4,E,A,V,V,69,100,O,CA,5.804186
tcr_18_4,E,A,V,V,69,100,O,N,6.529006
tcr_18_4,E,A,V,R,69,99,O,N,8.77985
tcr_18_4,E,A,V,D,69,98,O,C,9.271942
tcr_18_4,E,A,V,R,69,99,O,CB,8.5694
tcr_18_4,E,A,V,R,69,99,O,CA,8.662964
tcr_18_4,E,A,V,R,69,99,O,CD,9.185773
tcr_18_4,E,A,V,D,69,98,O,O,9.671157
tcr_18_4,E,A,V,R,69,99,O,C,7.7201757
tcr_18_4,E,A,V,R,69,99,O,CG,8.963277
tcr_18_4,E,A,V,R,69,99,O,NE,9.7663355
tcr_18_4,E,A,V,R,69,99,O,O,8.256051
tcr_18_4,E,A,V,S,69,101,O,CB,9.333534
tcr_18_4,E,A,V,S,69,101,O,OG,8.668739
tcr_18_4,E,A,V,S,69,101,O,C,9.746446
tcr_18_4,E,A,V,R,69,103,O,NH2,5.6379905
tcr_18_4,E,A,V,S,69,101,O,CA,8.638265
tcr_18_4,E,A,V,K,69,170,O,NZ,7.407175
tcr_18_4,E,A,V,K,69,170,O,CE,8.261964
tcr_18_4,E,A,V,S,69,101,O,N,7.4539576
tcr_18_4,E,A,V,V,69,100,O,CG1,4.079106
tcr_18_4,E,A,V,V,69,100,O,CB,4.4112515
tcr_18_4,E,A,V,K,69,170,O,CD,9.705495
tcr_18_4,E,A,V,N,69,104,O,ND2,7.1527543
tcr_18_4,E,A,V,V,69,100,O,C,6.820226
tcr_18_4,E,A,V,N,69,104,O,CG,7.8418527
tcr_18_4,E,A,V,V,69,100,O,O,7.324778
tcr_18_4,E,A,V,N,69,104,O,CB,9.229943
tcr_18_4,E,A,V,N,69,104,O,OD1,7.5508876
tcr_18_4,E,A,V,R,69,103,O,NH1,6.4055586
tcr_18_4,E,A,V,R,69,103,O,CZ,6.4580398
tcr_18_4,E,A,V,R,69,103,O,NE,7.5692935
tcr_18_4,E,A,V,N,69,104,O,N,9.68168
tcr_18_4,E,A,V,R,69,103,O,CB,9.140913
tcr_18_4,E,A,V,R,69,103,O,CD,8.691578
tcr_18_4,E,A,V,R,69,103,O,CG,9.617896
tcr_18_4,E,A,V,K,69,92,CB,C,9.5937395
tcr_18_4,E,A,V,Q,69,94,CB,N,9.269685
tcr_18_4,E,A,V,Q,69,94,CB,CA,9.60222
tcr_18_4,E,A,V,R,69,93,CB,C,8.069217
tcr_18_4,E,A,V,T,69,97,CB,OG1,6.3435044
tcr_18_4,E,A,V,R,69,93,CB,O,7.0340586
tcr_18_4,E,A,V,R,69,93,CB,NH2,8.107531
tcr_18_4,E,A,V,R,69,93,CB,NH1,9.766114
tcr_18_4,E,A,V,R,69,93,CB,CD,8.4432955
tcr_18_4,E,A,V,R,69,93,CB,CZ,8.492085
tcr_18_4,E,A,V,R,69,93,CB,NE,7.763872
tcr_18_4,E,A,V,R,69,93,CB,CA,8.20216
tcr_18_4,E,A,V,R,69,93,CB,CG,7.613029
tcr_18_4,E,A,V,R,69,93,CB,N,9.385112
tcr_18_4,E,A,V,R,69,93,CB,CB,8.615512
tcr_18_4,E,A,V,Q,69,96,CB,OE1,5.1211104
tcr_18_4,E,A,V,A,69,95,CB,N,9.796151
tcr_18_4,E,A,V,D,69,98,CB,CA,9.496731
tcr_18_4,E,A,V,Q,69,94,CB,O,9.048992
tcr_18_4,E,A,V,Q,69,94,CB,C,9.413312
tcr_18_4,E,A,V,A,69,95,CB,C,8.572852
tcr_18_4,E,A,V,Q,69,96,CB,NE2,6.666852
tcr_18_4,E,A,V,Q,69,96,CB,N,7.4885716
tcr_18_4,E,A,V,Q,69,96,CB,CB,5.3446274
tcr_18_4,E,A,V,Q,69,96,CB,CG,6.140602
tcr_18_4,E,A,V,Q,69,96,CB,CD,5.822814
tcr_18_4,E,A,V,A,69,95,CB,CA,9.873107
tcr_18_4,E,A,V,K,69,92,CB,O,8.822258
tcr_18_4,E,A,V,A,69,95,CB,O,8.672545
tcr_18_4,E,A,V,R,69,99,CB,NH1,8.883901
tcr_18_4,E,A,V,R,69,99,CB,CZ,9.414098
tcr_18_4,E,A,V,V,69,100,CB,CG2,4.5309544
tcr_18_4,E,A,V,T,69,97,CB,CB,6.929768
tcr_18_4,E,A,V,Q,69,96,CB,C,5.6991773
tcr_18_4,E,A,V,Q,69,96,CB,O,5.444648
tcr_18_4,E,A,V,T,69,97,CB,C,7.2581525
tcr_18_4,E,A,V,T,69,97,CB,O,7.277578
tcr_18_4,E,A,V,D,69,98,CB,N,8.313727
tcr_18_4,E,A,V,T,69,97,CB,CG2,7.4406147
tcr_18_4,E,A,V,T,69,97,CB,CA,6.190139
tcr_18_4,E,A,V,Q,69,96,CB,CA,6.1892295
tcr_18_4,E,A,V,T,69,97,CB,N,6.0239706
tcr_18_4,E,A,V,V,69,100,CB,CA,7.0297995
tcr_18_4,E,A,V,V,69,100,CB,N,7.1462483
tcr_18_4,E,A,V,R,69,99,CB,N,8.638213
tcr_18_4,E,A,V,D,69,98,CB,C,9.372412
tcr_18_4,E,A,V,R,69,99,CB,CB,8.188258
tcr_18_4,E,A,V,R,69,99,CB,CA,8.686851
tcr_18_4,E,A,V,R,69,99,CB,CD,8.559037
tcr_18_4,E,A,V,R,69,99,CB,C,8.224455
tcr_18_4,E,A,V,R,69,99,CB,CG,8.72344
tcr_18_4,E,A,V,R,69,99,CB,NE,9.2947645
tcr_18_4,E,A,V,R,69,99,CB,O,9.041527
tcr_18_4,E,A,V,S,69,101,CB,OG,9.730358
tcr_18_4,E,A,V,R,69,103,CB,NH2,8.074551
tcr_18_4,E,A,V,K,69,170,CB,NZ,9.77652
tcr_18_4,E,A,V,S,69,101,CB,N,8.717504
tcr_18_4,E,A,V,V,69,100,CB,CG1,6.1907134
tcr_18_4,E,A,V,V,69,100,CB,CB,5.7901025
tcr_18_4,E,A,V,N,69,104,CB,ND2,9.672502
tcr_18_4,E,A,V,V,69,100,CB,C,8.298516
tcr_18_4,E,A,V,V,69,100,CB,O,9.096614
tcr_18_4,E,A,V,R,69,103,CB,NH1,8.218245
tcr_18_4,E,A,V,R,69,103,CB,CZ,8.589144
tcr_18_4,E,A,V,R,69,103,CB,NE,9.673791
tcr_18_4,E,A,V,K,69,92,CG1,C,8.990892
tcr_18_4,E,A,V,Q,69,94,CG1,N,8.90367
tcr_18_4,E,A,V,Q,69,94,CG1,CA,9.452888
tcr_18_4,E,A,V,R,69,93,CG1,C,7.633554
tcr_18_4,E,A,V,T,69,97,CG1,OG1,6.4493303
tcr_18_4,E,A,V,R,69,93,CG1,O,6.751761
tcr_18_4,E,A,V,R,69,93,CG1,NH2,7.1080713
tcr_18_4,E,A,V,R,69,93,CG1,NH1,8.714954
tcr_18_4,E,A,V,R,69,93,CG1,CD,7.4849467
tcr_18_4,E,A,V,R,69,93,CG1,CZ,7.47492
tcr_18_4,E,A,V,R,69,93,CG1,NE,6.792467
tcr_18_4,E,A,V,R,69,93,CG1,CA,7.5059137
tcr_18_4,E,A,V,R,69,93,CG1,CG,6.7515388
tcr_18_4,E,A,V,R,69,93,CG1,N,8.673767
tcr_18_4,E,A,V,R,69,93,CG1,CB,7.763225
tcr_18_4,E,A,V,Q,69,96,CG1,OE1,4.329287
tcr_18_4,E,A,V,A,69,95,CG1,N,9.756962
tcr_18_4,E,A,V,Q,69,94,CG1,O,9.261372
tcr_18_4,E,A,V,Q,69,94,CG1,C,9.434245
tcr_18_4,E,A,V,A,69,95,CG1,C,8.798334
tcr_18_4,E,A,V,Q,69,96,CG1,NE2,6.0184264
tcr_18_4,E,A,V,Q,69,96,CG1,N,7.588566
tcr_18_4,E,A,V,Q,69,96,CG1,CB,5.297509
tcr_18_4,E,A,V,Q,69,96,CG1,CG,5.898621
tcr_18_4,E,A,V,Q,69,96,CG1,CD,5.2448587
tcr_18_4,E,A,V,A,69,95,CG1,CA,9.975334
tcr_18_4,E,A,V,K,69,92,CG1,O,8.359323
tcr_18_4,E,A,V,A,69,95,CG1,O,9.1011095
tcr_18_4,E,A,V,R,69,99,CG1,NH1,9.466357
tcr_18_4,E,A,V,V,69,100,CG1,CG2,5.9454336
tcr_18_4,E,A,V,T,69,97,CG1,CB,7.2918916
tcr_18_4,E,A,V,Q,69,96,CG1,C,6.1958427
tcr_18_4,E,A,V,Q,69,96,CG1,O,6.223723
tcr_18_4,E,A,V,T,69,97,CG1,C,8.011952
tcr_18_4,E,A,V,T,69,97,CG1,O,8.2258005
tcr_18_4,E,A,V,D,69,98,CG1,N,8.97815
tcr_18_4,E,A,V,T,69,97,CG1,CG2,7.933888
tcr_18_4,E,A,V,T,69,97,CG1,CA,6.7591763
tcr_18_4,E,A,V,Q,69,96,CG1,CA,6.4324865
tcr_18_4,E,A,V,T,69,97,CG1,N,6.4123054
tcr_18_4,E,A,V,V,69,100,CG1,CA,8.389424
tcr_18_4,E,A,V,V,69,100,CG1,N,8.36359
tcr_18_4,E,A,V,R,69,99,CG1,N,9.522746
tcr_18_4,E,A,V,R,69,99,CG1,CB,9.079444
tcr_18_4,E,A,V,R,69,99,CG1,CA,9.6863785
tcr_18_4,E,A,V,R,69,99,CG1,CD,9.368303
tcr_18_4,E,A,V,R,69,99,CG1,C,9.400849
tcr_18_4,E,A,V,R,69,99,CG1,CG,9.680112
tcr_18_4,E,A,V,R,69,103,CG1,NH2,9.595604
tcr_18_4,E,A,V,S,69,101,CG1,N,9.963185
tcr_18_4,E,A,V,V,69,100,CG1,CG1,7.6436157
tcr_18_4,E,A,V,V,69,100,CG1,CB,7.1722946
tcr_18_4,E,A,V,V,69,100,CG1,C,9.650247
tcr_18_4,E,A,V,R,69,103,CG1,NH1,9.671895
tcr_18_4,E,A,V,K,69,92,CG2,C,9.01265
tcr_18_4,E,A,V,Q,69,94,CG2,N,8.96621
tcr_18_4,E,A,V,Q,69,94,CG2,CA,9.259348
tcr_18_4,E,A,V,R,69,93,CG2,C,7.7859125
tcr_18_4,E,A,V,T,69,97,CG2,OG1,6.4448843
tcr_18_4,E,A,V,R,69,93,CG2,O,6.7340374
tcr_18_4,E,A,V,R,69,93,CG2,NH2,9.130082
tcr_18_4,E,A,V,R,69,93,CG2,CD,8.90484
tcr_18_4,E,A,V,R,69,93,CG2,CZ,9.340943
tcr_18_4,E,A,V,R,69,93,CG2,NE,8.455761
tcr_18_4,E,A,V,R,69,93,CG2,CA,7.968452
tcr_18_4,E,A,V,R,69,93,CG2,CG,7.86018
tcr_18_4,E,A,V,R,69,93,CG2,N,9.010738
tcr_18_4,E,A,V,R,69,93,CG2,CB,8.641656
tcr_18_4,E,A,V,Q,69,96,CG2,OE1,4.577331
tcr_18_4,E,A,V,D,69,98,CG2,CB,9.844482
tcr_18_4,E,A,V,A,69,95,CG2,N,9.082398
tcr_18_4,E,A,V,D,69,98,CG2,CA,8.778205
tcr_18_4,E,A,V,Q,69,94,CG2,O,8.464778
tcr_18_4,E,A,V,Q,69,94,CG2,C,8.848718
tcr_18_4,E,A,V,A,69,95,CG2,C,7.57303
tcr_18_4,E,A,V,Q,69,96,CG2,NE2,5.8045115
tcr_18_4,E,A,V,Q,69,96,CG2,N,6.535666
tcr_18_4,E,A,V,Q,69,96,CG2,CB,4.390757
tcr_18_4,E,A,V,Q,69,96,CG2,CG,5.0955973
tcr_18_4,E,A,V,Q,69,96,CG2,CD,4.9897885
tcr_18_4,E,A,V,A,69,95,CG2,CB,9.685347
tcr_18_4,E,A,V,A,69,95,CG2,CA,8.962903
tcr_18_4,E,A,V,K,69,92,CG2,O,8.106558
tcr_18_4,E,A,V,A,69,95,CG2,O,7.5823503
tcr_18_4,E,A,V,E,69,43,CG2,OE2,9.599942
tcr_18_4,E,A,V,R,69,99,CG2,NH1,7.3745704
tcr_18_4,E,A,V,R,69,99,CG2,CZ,7.9109936
tcr_18_4,E,A,V,E,69,43,CG2,OE1,9.201117
tcr_18_4,E,A,V,E,69,43,CG2,CD,9.708685
tcr_18_4,E,A,V,R,69,99,CG2,NH2,8.832365
tcr_18_4,E,A,V,V,69,100,CG2,CG2,3.9142814
tcr_18_4,E,A,V,T,69,97,CG2,CB,6.836958
tcr_18_4,E,A,V,Q,69,96,CG2,C,4.806247
tcr_18_4,E,A,V,Q,69,96,CG2,O,4.448934
tcr_18_4,E,A,V,T,69,97,CG2,C,6.751778
tcr_18_4,E,A,V,T,69,97,CG2,O,6.806464
tcr_18_4,E,A,V,D,69,98,CG2,N,7.6803927
tcr_18_4,E,A,V,T,69,97,CG2,CG2,7.54257
tcr_18_4,E,A,V,T,69,97,CG2,CA,5.831052
tcr_18_4,E,A,V,Q,69,96,CG2,CA,5.1401653
tcr_18_4,E,A,V,T,69,97,CG2,N,5.4336925
tcr_18_4,E,A,V,V,69,100,CG2,CA,6.329512
tcr_18_4,E,A,V,V,69,100,CG2,N,6.234969
tcr_18_4,E,A,V,R,69,99,CG2,N,7.6120377
tcr_18_4,E,A,V,D,69,98,CG2,C,8.493197
tcr_18_4,E,A,V,R,69,99,CG2,CB,6.874026
tcr_18_4,E,A,V,R,69,99,CG2,CA,7.530664
tcr_18_4,E,A,V,R,69,99,CG2,CD,7.0683317
tcr_18_4,E,A,V,D,69,98,CG2,O,9.236171
tcr_18_4,E,A,V,R,69,99,CG2,C,7.1724124
tcr_18_4,E,A,V,R,69,99,CG2,CG,7.326324
tcr_18_4,E,A,V,R,69,99,CG2,NE,7.799145
tcr_18_4,E,A,V,R,69,99,CG2,O,7.9922776
tcr_18_4,E,A,V,S,69,101,CG2,OG,9.527982
tcr_18_4,E,A,V,R,69,103,CG2,NH2,7.758387
tcr_18_4,E,A,V,S,69,101,CG2,CA,9.606874
tcr_18_4,E,A,V,S,69,101,CG2,N,8.206754
tcr_18_4,E,A,V,V,69,100,CG2,CG1,6.019275
tcr_18_4,E,A,V,V,69,100,CG2,CB,5.3355474
tcr_18_4,E,A,V,N,69,104,CG2,ND2,9.698228
tcr_18_4,E,A,V,V,69,100,CG2,C,7.7298656
tcr_18_4,E,A,V,V,69,100,CG2,O,8.55491
tcr_18_4,E,A,V,N,69,104,CG2,OD1,9.931437
tcr_18_4,E,A,V,R,69,103,CG2,NH1,7.5636754
tcr_18_4,E,A,V,R,69,103,CG2,CZ,8.054095
tcr_18_4,E,A,V,R,69,103,CG2,NE,9.069322
tcr_18_4,E,A,V,R,69,103,CG2,CB,9.981393
tcr_18_4,E,A,V,R,69,103,CG2,CD,9.74541
tcr_18_4,E,A,G,T,70,97,N,OG1,9.068573
tcr_18_4,E,A,G,Q,70,96,N,OE1,8.158301
tcr_18_4,E,A,G,Q,70,96,N,NE2,9.173187
tcr_18_4,E,A,G,Q,70,96,N,N,9.87651
tcr_18_4,E,A,G,Q,70,96,N,CB,7.970639
tcr_18_4,E,A,G,Q,70,96,N,CG,8.663166
tcr_18_4,E,A,G,Q,70,96,N,CD,8.554949
tcr_18_4,E,A,G,R,70,99,N,NH1,8.899698
tcr_18_4,E,A,G,R,70,99,N,CZ,9.083065
tcr_18_4,E,A,G,R,70,99,N,NH2,9.614123
tcr_18_4,E,A,G,V,70,100,N,CG2,4.3252687
tcr_18_4,E,A,G,T,70,97,N,CB,9.262025
tcr_18_4,E,A,G,Q,70,96,N,C,7.7784877
tcr_18_4,E,A,G,Q,70,96,N,O,7.0006647
tcr_18_4,E,A,G,T,70,97,N,C,8.823108
tcr_18_4,E,A,G,T,70,97,N,O,8.3725
tcr_18_4,E,A,G,D,70,98,N,N,9.943
tcr_18_4,E,A,G,T,70,97,N,CG2,9.452965
tcr_18_4,E,A,G,T,70,97,N,CA,8.258153
tcr_18_4,E,A,G,Q,70,96,N,CA,8.4323845
tcr_18_4,E,A,G,T,70,97,N,N,8.356397
tcr_18_4,E,A,G,V,70,100,N,CA,6.5732446
tcr_18_4,E,A,G,V,70,100,N,N,7.209273
tcr_18_4,E,A,G,R,70,99,N,N,9.534985
tcr_18_4,E,A,G,R,70,99,N,CB,8.744342
tcr_18_4,E,A,G,R,70,99,N,CA,9.11224
tcr_18_4,E,A,G,R,70,99,N,CD,8.741505
tcr_18_4,E,A,G,R,70,99,N,C,8.179708
tcr_18_4,E,A,G,R,70,99,N,CG,8.782405
tcr_18_4,E,A,G,R,70,99,N,NE,9.01686
tcr_18_4,E,A,G,R,70,99,N,O,8.551937
tcr_18_4,E,A,G,R,70,103,N,NH2,5.352784
tcr_18_4,E,A,G,S,70,101,N,CA,9.93874
tcr_18_4,E,A,G,K,70,170,N,NZ,9.233414
tcr_18_4,E,A,G,S,70,101,N,N,8.658416
tcr_18_4,E,A,G,V,70,100,N,CG1,5.2770953
tcr_18_4,E,A,G,V,70,100,N,CB,5.51364
tcr_18_4,E,A,G,N,70,104,N,ND2,8.3765545
tcr_18_4,E,A,G,V,70,100,N,C,7.7817726
tcr_18_4,E,A,G,N,70,104,N,CG,8.785935
tcr_18_4,E,A,G,V,70,100,N,O,8.133959
tcr_18_4,E,A,G,N,70,104,N,OD1,8.203943
tcr_18_4,E,A,G,R,70,103,N,NH1,5.456175
tcr_18_4,E,A,G,R,70,103,N,CZ,5.914119
tcr_18_4,E,A,G,R,70,103,N,NE,7.178757
tcr_18_4,E,A,G,R,70,103,N,CB,9.1188965
tcr_18_4,E,A,G,R,70,103,N,CD,8.140716
tcr_18_4,E,A,G,R,70,103,N,CG,9.3274
tcr_18_4,E,A,G,T,70,97,CA,OG1,9.79151
tcr_18_4,E,A,G,Q,70,96,CA,OE1,9.357469
tcr_18_4,E,A,G,Q,70,96,CA,CB,8.860551
tcr_18_4,E,A,G,Q,70,96,CA,CG,9.604788
tcr_18_4,E,A,G,Q,70,96,CA,CD,9.660465
tcr_18_4,E,A,G,R,70,99,CA,NH1,9.109575
tcr_18_4,E,A,G,R,70,99,CA,CZ,9.088826
tcr_18_4,E,A,G,R,70,99,CA,NH2,9.50603
tcr_18_4,E,A,G,V,70,100,CA,CG2,4.2893653
tcr_18_4,E,A,G,T,70,97,CA,CB,9.801215
tcr_18_4,E,A,G,Q,70,96,CA,C,8.349522
tcr_18_4,E,A,G,Q,70,96,CA,O,7.4168577
tcr_18_4,E,A,G,T,70,97,CA,C,9.064681
tcr_18_4,E,A,G,T,70,97,CA,O,8.439319
tcr_18_4,E,A,G,T,70,97,CA,CG2,9.863629
tcr_18_4,E,A,G,T,70,97,CA,CA,8.728517
tcr_18_4,E,A,G,Q,70,96,CA,CA,9.113451
tcr_18_4,E,A,G,T,70,97,CA,N,8.9574175
tcr_18_4,E,A,G,V,70,100,CA,CA,6.1346116
tcr_18_4,E,A,G,V,70,100,CA,N,6.9775286
tcr_18_4,E,A,G,R,70,99,CA,N,9.546286
tcr_18_4,E,A,G,R,70,99,CA,CB,8.766562
tcr_18_4,E,A,G,R,70,99,CA,CA,8.989325
tcr_18_4,E,A,G,R,70,99,CA,CD,8.786314
tcr_18_4,E,A,G,R,70,99,CA,C,7.879484
tcr_18_4,E,A,G,R,70,99,CA,CG,8.671012
tcr_18_4,E,A,G,R,70,99,CA,NE,8.939447
tcr_18_4,E,A,G,R,70,99,CA,O,8.0563345
tcr_18_4,E,A,G,R,70,103,CA,NH2,3.9998012
tcr_18_4,E,A,G,S,70,101,CA,CA,9.445709
tcr_18_4,E,A,G,K,70,170,CA,NZ,8.7790165
tcr_18_4,E,A,G,K,70,170,CA,CE,9.745296
tcr_18_4,E,A,G,S,70,101,CA,N,8.235491
tcr_18_4,E,A,G,V,70,100,CA,CG1,4.743053
tcr_18_4,E,A,G,V,70,100,CA,CB,5.238087
tcr_18_4,E,A,G,N,70,104,CA,ND2,7.506009
tcr_18_4,E,A,G,V,70,100,CA,C,7.218497
tcr_18_4,E,A,G,N,70,104,CA,CG,7.773346
tcr_18_4,E,A,G,V,70,100,CA,O,7.3666415
tcr_18_4,E,A,G,N,70,104,CA,CB,9.2122965
tcr_18_4,E,A,G,N,70,104,CA,OD1,7.067235
tcr_18_4,E,A,G,R,70,103,CA,NH1,4.2307
tcr_18_4,E,A,G,R,70,103,CA,CZ,4.6067824
tcr_18_4,E,A,G,R,70,103,CA,NE,5.9004
tcr_18_4,E,A,G,N,70,104,CA,N,9.217052
tcr_18_4,E,A,G,N,70,104,CA,CA,9.712221
tcr_18_4,E,A,G,R,70,103,CA,CA,9.40826
tcr_18_4,E,A,G,R,70,103,CA,N,9.700029
tcr_18_4,E,A,G,R,70,103,CA,CB,8.092871
tcr_18_4,E,A,G,R,70,103,CA,CD,6.9344816
tcr_18_4,E,A,G,R,70,103,CA,CG,8.159535
tcr_18_4,E,A,G,R,70,103,CA,C,9.633463
tcr_18_4,E,A,G,Q,70,96,C,OE1,9.971714
tcr_18_4,E,A,G,Q,70,96,C,CB,9.531106
tcr_18_4,E,A,G,R,70,99,C,NH1,8.652294
tcr_18_4,E,A,G,R,70,99,C,CZ,8.57013
tcr_18_4,E,A,G,R,70,99,C,NH2,8.7967825
tcr_18_4,E,A,G,V,70,100,C,CG2,5.228759
tcr_18_4,E,A,G,Q,70,96,C,C,9.166111
tcr_18_4,E,A,G,Q,70,96,C,O,8.188763
tcr_18_4,E,A,G,T,70,97,C,O,9.466157
tcr_18_4,E,A,G,T,70,97,C,CA,9.831474
tcr_18_4,E,A,G,Q,70,96,C,CA,9.774406
tcr_18_4,E,A,G,T,70,97,C,N,9.928917
tcr_18_4,E,A,G,V,70,100,C,CA,6.8343186
tcr_18_4,E,A,G,V,70,100,C,N,7.59611
tcr_18_4,E,A,G,R,70,99,C,CB,9.040708
tcr_18_4,E,A,G,R,70,99,C,CA,9.390895
tcr_18_4,E,A,G,R,70,99,C,CD,8.668868
tcr_18_4,E,A,G,R,70,99,C,C,8.301272
tcr_18_4,E,A,G,R,70,99,C,CG,8.686956
tcr_18_4,E,A,G,R,70,99,C,NE,8.568884
tcr_18_4,E,A,G,R,70,99,C,O,8.326599
tcr_18_4,E,A,G,R,70,103,C,NH2,4.0982265
tcr_18_4,E,A,G,S,70,101,C,N,9.081027
tcr_18_4,E,A,G,V,70,100,C,CG1,5.8136535
tcr_18_4,E,A,G,V,70,100,C,CB,6.215058
tcr_18_4,E,A,G,N,70,104,C,ND2,8.411984
tcr_18_4,E,A,G,V,70,100,C,C,7.952082
tcr_18_4,E,A,G,N,70,104,C,CG,8.469831
tcr_18_4,E,A,G,V,70,100,C,O,7.978864
tcr_18_4,E,A,G,N,70,104,C,CB,9.859986
tcr_18_4,E,A,G,N,70,104,C,OD1,7.600665
tcr_18_4,E,A,G,R,70,103,C,NH1,3.6376734
tcr_18_4,E,A,G,R,70,103,C,CZ,4.362351
tcr_18_4,E,A,G,R,70,103,C,NE,5.6690507
tcr_18_4,E,A,G,N,70,104,C,N,9.569565
tcr_18_4,E,A,G,R,70,103,C,CA,9.474165
tcr_18_4,E,A,G,R,70,103,C,N,9.9218645
tcr_18_4,E,A,G,R,70,103,C,CB,8.047557
tcr_18_4,E,A,G,R,70,103,C,CD,6.5035367
tcr_18_4,E,A,G,R,70,103,C,CG,7.8862133
tcr_18_4,E,A,G,R,70,103,C,C,9.789639
tcr_18_4,E,A,G,Q,70,96,O,OE1,9.437414
tcr_18_4,E,A,G,Q,70,96,O,NE2,9.879894
tcr_18_4,E,A,G,Q,70,96,O,CB,9.186591
tcr_18_4,E,A,G,Q,70,96,O,CG,9.572631
tcr_18_4,E,A,G,Q,70,96,O,CD,9.537023
tcr_18_4,E,A,G,R,70,99,O,NH1,7.8933396
tcr_18_4,E,A,G,R,70,99,O,CZ,7.924136
tcr_18_4,E,A,G,R,70,99,O,NH2,8.114244
tcr_18_4,E,A,G,V,70,100,O,CG2,5.6354156
tcr_18_4,E,A,G,Q,70,96,O,C,9.112758
tcr_18_4,E,A,G,Q,70,96,O,O,8.198138
tcr_18_4,E,A,G,T,70,97,O,O,9.884551
tcr_18_4,E,A,G,Q,70,96,O,CA,9.5330925
tcr_18_4,E,A,G,T,70,97,O,N,9.9751215
tcr_18_4,E,A,G,V,70,100,O,CA,7.365751
tcr_18_4,E,A,G,V,70,100,O,N,7.923742
tcr_18_4,E,A,G,R,70,99,O,CB,8.941583
tcr_18_4,E,A,G,R,70,99,O,CA,9.487637
tcr_18_4,E,A,G,R,70,99,O,CD,8.274997
tcr_18_4,E,A,G,R,70,99,O,C,8.54608
tcr_18_4,E,A,G,R,70,99,O,CG,8.506035
tcr_18_4,E,A,G,R,70,99,O,NE,8.09187
tcr_18_4,E,A,G,R,70,99,O,O,8.624243
tcr_18_4,E,A,G,R,70,103,O,NH2,5.1308026
tcr_18_4,E,A,G,S,70,101,O,N,9.716091
tcr_18_4,E,A,G,V,70,100,O,CG1,6.6412125
tcr_18_4,E,A,G,V,70,100,O,CB,6.807021
tcr_18_4,E,A,G,N,70,104,O,ND2,9.480509
tcr_18_4,E,A,G,V,70,100,O,C,8.611582
tcr_18_4,E,A,G,N,70,104,O,CG,9.522523
tcr_18_4,E,A,G,V,70,100,O,O,8.728369
tcr_18_4,E,A,G,N,70,104,O,OD1,8.660506
tcr_18_4,E,A,G,R,70,103,O,NH1,4.2351804
tcr_18_4,E,A,G,R,70,103,O,CZ,5.1825433
tcr_18_4,E,A,G,R,70,103,O,NE,6.43466
tcr_18_4,E,A,G,R,70,103,O,CB,8.623728
tcr_18_4,E,A,G,R,70,103,O,CD,7.0667224
tcr_18_4,E,A,G,R,70,103,O,CG,8.477325
tcr_18_4,E,A,A,R,71,99,N,NH1,9.334021
tcr_18_4,E,A,A,R,71,99,N,CZ,9.09201
tcr_18_4,E,A,A,R,71,99,N,NH2,9.180051
tcr_18_4,E,A,A,V,71,100,N,CG2,5.962803
tcr_18_4,E,A,A,Q,71,96,N,O,9.091858
tcr_18_4,E,A,A,V,71,100,N,CA,7.1749563
tcr_18_4,E,A,A,V,71,100,N,N,8.071
tcr_18_4,E,A,A,R,71,99,N,CB,9.654122
tcr_18_4,E,A,A,R,71,99,N,CA,9.888548
tcr_18_4,E,A,A,R,71,99,N,CD,9.27755
tcr_18_4,E,A,A,R,71,99,N,C,8.688283
tcr_18_4,E,A,A,R,71,99,N,CG,9.187704
tcr_18_4,E,A,A,R,71,99,N,NE,9.0509815
tcr_18_4,E,A,A,R,71,99,N,O,8.531568
tcr_18_4,E,A,A,R,71,103,N,NH2,3.502599
tcr_18_4,E,A,A,S,71,101,N,N,9.334264
tcr_18_4,E,A,A,V,71,100,N,CG1,6.1232877
tcr_18_4,E,A,A,V,71,100,N,CB,6.7154307
tcr_18_4,E,A,A,N,71,104,N,ND2,8.204452
tcr_18_4,E,A,A,V,71,100,N,C,8.124024
tcr_18_4,E,A,A,N,71,104,N,CG,8.109758
tcr_18_4,E,A,A,V,71,100,N,O,7.9457994
tcr_18_4,E,A,A,N,71,104,N,CB,9.477652
tcr_18_4,E,A,A,N,71,104,N,OD1,7.1195803
tcr_18_4,E,A,A,R,71,103,N,NH1,3.05449
tcr_18_4,E,A,A,R,71,103,N,CZ,3.712083
tcr_18_4,E,A,A,R,71,103,N,NE,4.9827566
tcr_18_4,E,A,A,N,71,104,N,N,9.1430025
tcr_18_4,E,A,A,N,71,104,N,CA,9.644701
tcr_18_4,E,A,A,R,71,103,N,CA,9.084033
tcr_18_4,E,A,A,R,71,103,N,N,9.715076
tcr_18_4,E,A,A,R,71,103,N,CB,7.659696
tcr_18_4,E,A,A,R,71,103,N,CD,5.8361855
tcr_18_4,E,A,A,R,71,103,N,CG,7.271221
tcr_18_4,E,A,A,R,71,103,N,O,9.828816
tcr_18_4,E,A,A,R,71,103,N,C,9.287671
tcr_18_4,E,A,A,R,71,99,CA,NH1,9.293345
tcr_18_4,E,A,A,R,71,99,CA,CZ,8.981519
tcr_18_4,E,A,A,R,71,99,CA,NH2,8.863736
tcr_18_4,E,A,A,V,71,100,CA,CG2,7.0999613
tcr_18_4,E,A,A,V,71,100,CA,CA,8.126994
tcr_18_4,E,A,A,V,71,100,CA,N,8.933429
tcr_18_4,E,A,A,R,71,99,CA,CD,9.525046
tcr_18_4,E,A,A,R,71,99,CA,C,9.380184
tcr_18_4,E,A,A,R,71,99,CA,CG,9.540809
tcr_18_4,E,A,A,R,71,99,CA,NE,9.071429
tcr_18_4,E,A,A,R,71,99,CA,O,9.099952
tcr_18_4,E,A,A,R,71,103,CA,NH2,4.321278
tcr_18_4,E,A,A,V,71,100,CA,CG1,7.3608904
tcr_18_4,E,A,A,V,71,100,CA,CB,7.863823
tcr_18_4,E,A,A,N,71,104,CA,ND2,9.28882
tcr_18_4,E,A,A,V,71,100,CA,C,9.069779
tcr_18_4,E,A,A,N,71,104,CA,CG,9.034644
tcr_18_4,E,A,A,V,71,100,CA,O,8.805407
tcr_18_4,E,A,A,N,71,104,CA,OD1,7.9538507
tcr_18_4,E,A,A,R,71,103,CA,NH1,3.2715068
tcr_18_4,E,A,A,R,71,103,CA,CZ,4.1609344
tcr_18_4,E,A,A,R,71,103,CA,NE,5.261353
tcr_18_4,E,A,A,N,71,104,CA,N,9.735903
tcr_18_4,E,A,A,R,71,103,CA,CA,9.419761
tcr_18_4,E,A,A,R,71,103,CA,CB,7.951352
tcr_18_4,E,A,A,R,71,103,CA,CD,5.822188
tcr_18_4,E,A,A,R,71,103,CA,CG,7.337185
tcr_18_4,E,A,A,R,71,103,CA,C,9.694023
tcr_18_4,E,A,A,R,71,99,C,NH1,7.9565783
tcr_18_4,E,A,A,R,71,99,C,CZ,7.5787854
tcr_18_4,E,A,A,R,71,99,C,NH2,7.3778596
tcr_18_4,E,A,A,V,71,100,C,CG2,6.9175487
tcr_18_4,E,A,A,Q,71,96,C,O,9.503788
tcr_18_4,E,A,A,V,71,100,C,CA,7.7962995
tcr_18_4,E,A,A,V,71,100,C,N,8.399246
tcr_18_4,E,A,A,R,71,99,C,CB,9.26303
tcr_18_4,E,A,A,R,71,99,C,CA,9.7090435
tcr_18_4,E,A,A,R,71,99,C,CD,8.32159
tcr_18_4,E,A,A,R,71,99,C,C,8.669265
tcr_18_4,E,A,A,R,71,99,C,CG,8.436653
tcr_18_4,E,A,A,R,71,99,C,NE,7.7293015
tcr_18_4,E,A,A,R,71,99,C,O,8.34982
tcr_18_4,E,A,A,R,71,103,C,NH2,4.69928
tcr_18_4,E,A,A,V,71,100,C,CG1,7.522989
tcr_18_4,E,A,A,V,71,100,C,CB,7.751781
tcr_18_4,E,A,A,N,71,104,C,ND2,9.707154
tcr_18_4,E,A,A,V,71,100,C,C,8.832501
tcr_18_4,E,A,A,N,71,104,C,CG,9.358716
tcr_18_4,E,A,A,V,71,100,C,O,8.620379
tcr_18_4,E,A,A,N,71,104,C,OD1,8.288257
tcr_18_4,E,A,A,R,71,103,C,NH1,2.9504337
tcr_18_4,E,A,A,R,71,103,C,CZ,4.15056
tcr_18_4,E,A,A,R,71,103,C,NE,5.104341
tcr_18_4,E,A,A,N,71,104,C,N,9.621413
tcr_18_4,E,A,A,R,71,103,C,CA,8.929289
tcr_18_4,E,A,A,R,71,103,C,N,9.643931
tcr_18_4,E,A,A,R,71,103,C,CB,7.410372
tcr_18_4,E,A,A,R,71,106,C,NH2,9.664418
tcr_18_4,E,A,A,R,71,103,C,CD,5.3192763
tcr_18_4,E,A,A,R,71,103,C,CG,6.836345
tcr_18_4,E,A,A,R,71,103,C,O,9.888794
tcr_18_4,E,A,A,R,71,103,C,C,9.431809
tcr_18_4,E,A,A,R,71,99,O,NH1,7.286887
tcr_18_4,E,A,A,R,71,99,O,CZ,6.795565
tcr_18_4,E,A,A,E,71,43,O,OE1,9.787258
tcr_18_4,E,A,A,R,71,99,O,NH2,6.6773424
tcr_18_4,E,A,A,V,71,100,O,CG2,6.1094704
tcr_18_4,E,A,A,Q,71,96,O,C,9.72724
tcr_18_4,E,A,A,Q,71,96,O,O,8.612446
tcr_18_4,E,A,A,T,71,97,O,O,9.955577
tcr_18_4,E,A,A,V,71,100,O,CA,6.7469873
tcr_18_4,E,A,A,V,71,100,O,N,7.305755
tcr_18_4,E,A,A,R,71,99,O,N,9.680396
tcr_18_4,E,A,A,R,71,99,O,CB,8.17012
tcr_18_4,E,A,A,R,71,99,O,CA,8.557556
tcr_18_4,E,A,A,R,71,99,O,CD,7.3345213
tcr_18_4,E,A,A,R,71,99,O,C,7.5037556
tcr_18_4,E,A,A,R,71,99,O,CG,7.3303328
tcr_18_4,E,A,A,R,71,99,O,NE,6.7881446
tcr_18_4,E,A,A,R,71,99,O,O,7.141668
tcr_18_4,E,A,A,R,71,103,O,NH2,4.110804
tcr_18_4,E,A,A,S,71,101,O,N,9.045269
tcr_18_4,E,A,A,V,71,100,O,CG1,6.745378
tcr_18_4,E,A,A,V,71,100,O,CB,6.8589606
tcr_18_4,E,A,A,N,71,104,O,ND2,8.984077
tcr_18_4,E,A,A,V,71,100,O,C,7.7749047
tcr_18_4,E,A,A,N,71,104,O,CG,8.584318
tcr_18_4,E,A,A,V,71,100,O,O,7.569715
tcr_18_4,E,A,A,N,71,104,O,CB,9.685156
tcr_18_4,E,A,A,N,71,104,O,OD1,7.549071
tcr_18_4,E,A,A,R,71,103,O,NH1,2.0631328
tcr_18_4,E,A,A,R,71,103,O,CZ,3.360695
tcr_18_4,E,A,A,R,71,103,O,NE,4.231423
tcr_18_4,E,A,A,N,71,104,O,N,8.631881
tcr_18_4,E,A,A,N,71,104,O,CA,9.486344
tcr_18_4,E,A,A,R,71,103,O,CA,7.8195925
tcr_18_4,E,A,A,R,71,106,O,NH1,9.546506
tcr_18_4,E,A,A,R,71,103,O,N,8.478593
tcr_18_4,E,A,A,R,71,106,O,CZ,9.548694
tcr_18_4,E,A,A,R,71,103,O,CB,6.2906375
tcr_18_4,E,A,A,L,71,102,O,C,9.810436
tcr_18_4,E,A,A,R,71,106,O,NH2,8.901414
tcr_18_4,E,A,A,R,71,103,O,CD,4.353863
tcr_18_4,E,A,A,R,71,103,O,CG,5.831554
tcr_18_4,E,A,A,R,71,103,O,O,8.939094
tcr_18_4,E,A,A,R,71,103,O,C,8.415357
tcr_18_4,E,A,A,E,71,113,O,OE1,9.414687
tcr_18_4,E,A,A,R,71,99,CB,CZ,9.990482
tcr_18_4,E,A,A,R,71,99,CB,NH2,9.781938
tcr_18_4,E,A,A,V,71,100,CB,CG2,7.9947147
tcr_18_4,E,A,A,V,71,100,CB,CA,8.68163
tcr_18_4,E,A,A,V,71,100,CB,N,9.61902
tcr_18_4,E,A,A,R,71,99,CB,NE,9.997938
tcr_18_4,E,A,A,R,71,99,CB,O,9.57672
tcr_18_4,E,A,A,R,71,103,CB,NH2,4.2546363
tcr_18_4,E,A,A,V,71,100,CB,CG1,7.8424153
tcr_18_4,E,A,A,V,71,100,CB,CB,8.526614
tcr_18_4,E,A,A,N,71,104,CB,ND2,9.166082
tcr_18_4,E,A,A,V,71,100,CB,C,9.415605
tcr_18_4,E,A,A,N,71,104,CB,CG,8.773685
tcr_18_4,E,A,A,V,71,100,CB,O,8.957002
tcr_18_4,E,A,A,N,71,104,CB,CB,9.993472
tcr_18_4,E,A,A,N,71,104,CB,OD1,7.6162376
tcr_18_4,E,A,A,R,71,103,CB,NH1,3.4936018
tcr_18_4,E,A,A,R,71,103,CB,CZ,4.072268
tcr_18_4,E,A,A,R,71,103,CB,NE,4.9565053
tcr_18_4,E,A,A,N,71,104,CB,N,9.427996
tcr_18_4,E,A,A,N,71,104,CB,CA,9.854428
tcr_18_4,E,A,A,R,71,103,CB,CA,9.223255
tcr_18_4,E,A,A,R,71,103,CB,CB,7.834003
tcr_18_4,E,A,A,R,71,106,CB,NH2,9.611269
tcr_18_4,E,A,A,R,71,103,CB,CD,5.515136
tcr_18_4,E,A,A,R,71,103,CB,CG,6.9828453
tcr_18_4,E,A,A,R,71,103,CB,O,9.574008
tcr_18_4,E,A,A,R,71,103,CB,C,9.324922
tcr_18_4,E,A,G,R,72,99,N,NH1,7.777506
tcr_18_4,E,A,G,R,72,99,N,CZ,7.4669333
tcr_18_4,E,A,G,R,72,99,N,NH2,7.1035805
tcr_18_4,E,A,G,V,72,100,N,CG2,7.9232755
tcr_18_4,E,A,G,V,72,100,N,CA,8.881703
tcr_18_4,E,A,G,V,72,100,N,N,9.347301
tcr_18_4,E,A,G,R,72,99,N,CB,9.84302
tcr_18_4,E,A,G,R,72,99,N,CD,8.586989
tcr_18_4,E,A,G,R,72,99,N,C,9.533876
tcr_18_4,E,A,G,R,72,99,N,CG,8.907564
tcr_18_4,E,A,G,R,72,99,N,NE,7.8341966
tcr_18_4,E,A,G,R,72,99,N,O,9.229439
tcr_18_4,E,A,G,R,72,103,N,NH2,6.030652
tcr_18_4,E,A,G,V,72,100,N,CG1,8.74546
tcr_18_4,E,A,G,V,72,100,N,CB,8.865439
tcr_18_4,E,A,G,V,72,100,N,C,9.981888
tcr_18_4,E,A,G,V,72,100,N,O,9.811702
tcr_18_4,E,A,G,N,72,104,N,OD1,9.598809
tcr_18_4,E,A,G,R,72,103,N,NH1,4.193609
tcr_18_4,E,A,G,R,72,103,N,CZ,5.4256015
tcr_18_4,E,A,G,R,72,103,N,NE,6.287703
tcr_18_4,E,A,G,R,72,103,N,CA,9.940337
tcr_18_4,E,A,G,R,72,103,N,CB,8.418278
tcr_18_4,E,A,G,R,72,103,N,CD,6.308801
tcr_18_4,E,A,G,R,72,103,N,CG,7.80064
tcr_18_4,E,A,G,R,72,99,CA,NH1,6.721005
tcr_18_4,E,A,G,R,72,99,CA,CZ,6.377788
tcr_18_4,E,A,G,E,72,43,CA,OE1,8.900092
tcr_18_4,E,A,G,E,72,43,CA,CD,9.849299
tcr_18_4,E,A,G,R,72,99,CA,NH2,5.864871
tcr_18_4,E,A,G,V,72,100,CA,CG2,8.264112
tcr_18_4,E,A,G,V,72,100,CA,CA,9.098997
tcr_18_4,E,A,G,V,72,100,CA,N,9.350776
tcr_18_4,E,A,G,R,72,99,CA,CB,9.369992
tcr_18_4,E,A,G,R,72,99,CA,CD,7.812358
tcr_18_4,E,A,G,R,72,99,CA,C,9.367634
tcr_18_4,E,A,G,R,72,99,CA,CG,8.292556
tcr_18_4,E,A,G,R,72,99,CA,NE,6.888993
tcr_18_4,E,A,G,R,72,99,CA,O,9.054608
tcr_18_4,E,A,G,R,72,103,CA,NH2,6.9152865
tcr_18_4,E,A,G,V,72,100,CA,CG1,9.348583
tcr_18_4,E,A,G,V,72,100,CA,CB,9.246441
tcr_18_4,E,A,G,R,72,103,CA,NH1,4.843483
tcr_18_4,E,A,G,R,72,103,CA,CZ,6.1305046
tcr_18_4,E,A,G,R,72,103,CA,NE,6.8327947
tcr_18_4,E,A,G,R,72,103,CA,CB,8.51694
tcr_18_4,E,A,G,R,72,103,CA,CD,6.5772758
tcr_18_4,E,A,G,R,72,103,CA,CG,7.9686904
tcr_18_4,E,A,G,E,72,113,CA,OE1,9.934848
tcr_18_4,E,A,G,Q,72,96,C,NE2,9.874643
tcr_18_4,E,A,G,Q,72,96,C,CB,9.860706
tcr_18_4,E,A,G,Q,72,96,C,CG,9.756352
tcr_18_4,E,A,G,Q,72,96,C,CD,9.913794
tcr_18_4,E,A,G,E,72,43,C,OE2,9.441193
tcr_18_4,E,A,G,R,72,99,C,NH1,5.457001
tcr_18_4,E,A,G,R,72,99,C,CZ,5.329601
tcr_18_4,E,A,G,E,72,43,C,OE1,7.615764
tcr_18_4,E,A,G,E,72,43,C,CD,8.611753
tcr_18_4,E,A,G,R,72,99,C,NH2,4.9732943
tcr_18_4,E,A,G,E,72,43,C,CG,8.95867
tcr_18_4,E,A,G,V,72,100,C,CG2,7.708806
tcr_18_4,E,A,G,Q,72,96,C,O,9.179344
tcr_18_4,E,A,G,V,72,100,C,CA,8.757517
tcr_18_4,E,A,G,V,72,100,C,N,8.81867
tcr_18_4,E,A,G,R,72,99,C,CB,8.516847
tcr_18_4,E,A,G,R,72,99,C,CA,9.43117
tcr_18_4,E,A,G,R,72,99,C,CD,6.8213964
tcr_18_4,E,A,G,R,72,99,C,C,8.8545685
tcr_18_4,E,A,G,R,72,99,C,CG,7.502964
tcr_18_4,E,A,G,R,72,99,C,NE,5.9756866
tcr_18_4,E,A,G,R,72,99,C,O,8.717409
tcr_18_4,E,A,G,R,72,103,C,NH2,7.353523
tcr_18_4,E,A,G,V,72,100,C,CG1,9.157338
tcr_18_4,E,A,G,V,72,100,C,CB,8.84588
tcr_18_4,E,A,G,R,72,103,C,NH1,5.344099
tcr_18_4,E,A,G,R,72,103,C,CZ,6.6436567
tcr_18_4,E,A,G,R,72,103,C,NE,7.4157796
tcr_18_4,E,A,G,R,72,103,C,CB,8.821768
tcr_18_4,E,A,G,R,72,103,C,CD,7.209323
tcr_18_4,E,A,G,R,72,103,C,CG,8.529899
tcr_18_4,E,A,G,Q,72,96,O,NE2,9.644242
tcr_18_4,E,A,G,Q,72,96,O,CB,9.846529
tcr_18_4,E,A,G,Q,72,96,O,CG,9.58795
tcr_18_4,E,A,G,Q,72,96,O,CD,9.794008
tcr_18_4,E,A,G,E,72,43,O,OE2,8.587385
tcr_18_4,E,A,G,R,72,99,O,NH1,4.675701
tcr_18_4,E,A,G,R,72,99,O,CZ,4.569126
tcr_18_4,E,A,G,E,72,43,O,OE1,6.6476803
tcr_18_4,E,A,G,E,72,43,O,CD,7.6789536
tcr_18_4,E,A,G,E,72,43,O,CB,9.156232
tcr_18_4,E,A,G,R,72,99,O,NH2,4.0574203
tcr_18_4,E,A,G,P,72,44,O,CD,9.710125
tcr_18_4,E,A,G,E,72,43,O,CG,7.9856224
tcr_18_4,E,A,G,V,72,100,O,CG2,8.30764
tcr_18_4,E,A,G,Q,72,96,O,O,9.351314
tcr_18_4,E,A,G,Q,72,96,O,CA,9.965628
tcr_18_4,E,A,G,V,72,100,O,CA,9.234694
tcr_18_4,E,A,G,V,72,100,O,N,9.1154
tcr_18_4,E,A,G,R,72,99,O,CB,8.3735285
tcr_18_4,E,A,G,R,72,99,O,CA,9.409885
tcr_18_4,E,A,G,R,72,99,O,CD,6.404886
tcr_18_4,E,A,G,R,72,99,O,C,9.009014
tcr_18_4,E,A,G,R,72,99,O,CG,7.260517
tcr_18_4,E,A,G,R,72,99,O,NE,5.409318
tcr_18_4,E,A,G,R,72,99,O,O,8.880513
tcr_18_4,E,A,G,E,72,43,O,CA,9.508029
tcr_18_4,E,A,G,E,72,43,O,N,9.886329
tcr_18_4,E,A,G,R,72,103,O,NH2,8.311108
tcr_18_4,E,A,G,V,72,100,O,CG1,9.908414
tcr_18_4,E,A,G,V,72,100,O,CB,9.442459
tcr_18_4,E,A,G,R,72,103,O,NH1,6.2348814
tcr_18_4,E,A,G,R,72,103,O,CZ,7.5137258
tcr_18_4,E,A,G,R,72,103,O,NE,8.164839
tcr_18_4,E,A,G,R,72,103,O,CB,9.225826
tcr_18_4,E,A,G,R,72,103,O,CD,7.7889237
tcr_18_4,E,A,G,R,72,103,O,CG,8.996997
tcr_18_4,E,A,I,Q,73,96,N,OE1,9.272883
tcr_18_4,E,A,I,Q,73,96,N,NE2,9.026626
tcr_18_4,E,A,I,Q,73,96,N,CB,8.983503
tcr_18_4,E,A,I,Q,73,96,N,CG,8.944791
tcr_18_4,E,A,I,Q,73,96,N,CD,8.999994
tcr_18_4,E,A,I,E,73,43,N,OE2,9.456722
tcr_18_4,E,A,I,R,73,99,N,NH1,5.55802
tcr_18_4,E,A,I,R,73,99,N,CZ,5.6324706
tcr_18_4,E,A,I,E,73,43,N,OE1,7.784265
tcr_18_4,E,A,I,E,73,43,N,CD,8.77027
tcr_18_4,E,A,I,R,73,99,N,NH2,5.569299
tcr_18_4,E,A,I,E,73,43,N,CG,9.297774
tcr_18_4,E,A,I,V,73,100,N,CG2,6.8702254
tcr_18_4,E,A,I,Q,73,96,N,C,9.271087
tcr_18_4,E,A,I,Q,73,96,N,O,8.423057
tcr_18_4,E,A,I,Q,73,96,N,CA,9.266423
tcr_18_4,E,A,I,V,73,100,N,CA,8.241774
tcr_18_4,E,A,I,V,73,100,N,N,8.339222
tcr_18_4,E,A,I,R,73,99,N,CB,8.244296
tcr_18_4,E,A,I,R,73,99,N,CA,9.157226
tcr_18_4,E,A,I,R,73,99,N,CD,6.772711
tcr_18_4,E,A,I,R,73,99,N,C,8.556667
tcr_18_4,E,A,I,R,73,99,N,CG,7.4352865
tcr_18_4,E,A,I,R,73,99,N,NE,6.1916294
tcr_18_4,E,A,I,R,73,99,N,O,8.572854
tcr_18_4,E,A,I,R,73,103,N,NH2,6.9734163
tcr_18_4,E,A,I,V,73,100,N,CG1,8.427394
tcr_18_4,E,A,I,V,73,100,N,CB,8.123814
tcr_18_4,E,A,I,V,73,100,N,C,9.606596
tcr_18_4,E,A,I,V,73,100,N,O,9.784566
tcr_18_4,E,A,I,R,73,103,N,NH1,5.212635
tcr_18_4,E,A,I,R,73,103,N,CZ,6.467979
tcr_18_4,E,A,I,R,73,103,N,NE,7.407999
tcr_18_4,E,A,I,R,73,103,N,CB,8.94265
tcr_18_4,E,A,I,R,73,103,N,CD,7.443928
tcr_18_4,E,A,I,R,73,103,N,CG,8.788564
tcr_18_4,E,A,I,Q,73,96,CA,OE1,7.9316244
tcr_18_4,E,A,I,Q,73,96,CA,NE2,7.589156
tcr_18_4,E,A,I,Q,73,96,CA,N,9.594573
tcr_18_4,E,A,I,Q,73,96,CA,CB,7.825239
tcr_18_4,E,A,I,Q,73,96,CA,CG,7.6580462
tcr_18_4,E,A,I,Q,73,96,CA,CD,7.625126
tcr_18_4,E,A,I,A,73,95,CA,O,9.959728
tcr_18_4,E,A,I,E,73,43,CA,OE2,8.504331
tcr_18_4,E,A,I,R,73,99,CA,NH1,4.8465447
tcr_18_4,E,A,I,R,73,99,CA,CZ,5.2372465
tcr_18_4,E,A,I,E,73,43,CA,OE1,6.9322
tcr_18_4,E,A,I,E,73,43,CA,CD,7.9353285
tcr_18_4,E,A,I,E,73,43,CA,CB,9.716401
tcr_18_4,E,A,I,R,73,99,CA,NH2,5.4198327
tcr_18_4,E,A,I,E,73,43,CA,CG,8.666397
tcr_18_4,E,A,I,V,73,100,CA,CG2,6.666904
tcr_18_4,E,A,I,Q,73,96,CA,C,8.416419
tcr_18_4,E,A,I,Q,73,96,CA,O,7.7085743
tcr_18_4,E,A,I,Q,73,96,CA,CA,8.246647
tcr_18_4,E,A,I,T,73,97,CA,N,9.563196
tcr_18_4,E,A,I,V,73,100,CA,CA,8.256754
tcr_18_4,E,A,I,V,73,100,CA,N,8.161955
tcr_18_4,E,A,I,R,73,99,CA,N,9.714529
tcr_18_4,E,A,I,R,73,99,CA,CB,7.7672186
tcr_18_4,E,A,I,R,73,99,CA,CA,8.830934
tcr_18_4,E,A,I,R,73,99,CA,CD,6.263497
tcr_18_4,E,A,I,R,73,99,CA,C,8.421871
tcr_18_4,E,A,I,R,73,99,CA,CG,7.107571
tcr_18_4,E,A,I,R,73,99,CA,NE,5.8742456
tcr_18_4,E,A,I,R,73,99,CA,O,8.634059
tcr_18_4,E,A,I,R,73,103,CA,NH2,7.7644444
tcr_18_4,E,A,I,V,73,100,CA,CG1,8.550217
tcr_18_4,E,A,I,V,73,100,CA,CB,8.049122
tcr_18_4,E,A,I,V,73,100,CA,C,9.715499
tcr_18_4,E,A,I,R,73,103,CA,NH1,6.177514
tcr_18_4,E,A,I,R,73,103,CA,CZ,7.355405
tcr_18_4,E,A,I,R,73,103,CA,NE,8.307994
tcr_18_4,E,A,I,R,73,103,CA,CB,9.578327
tcr_18_4,E,A,I,R,73,103,CA,CD,8.385312
tcr_18_4,E,A,I,R,73,103,CA,CG,9.63458
tcr_18_4,E,A,I,Q,73,96,C,OE1,7.7615027
tcr_18_4,E,A,I,Q,73,96,C,NE2,7.4760814
tcr_18_4,E,A,I,Q,73,96,C,CB,8.172946
tcr_18_4,E,A,I,Q,73,96,C,CG,7.9384947
tcr_18_4,E,A,I,Q,73,96,C,CD,7.6072006
tcr_18_4,E,A,I,E,73,43,C,OE2,9.399219
tcr_18_4,E,A,I,R,73,99,C,NH1,6.040098
tcr_18_4,E,A,I,R,73,99,C,CZ,6.6050453
tcr_18_4,E,A,I,E,73,43,C,OE1,7.857816
tcr_18_4,E,A,I,E,73,43,C,CD,8.9140835
tcr_18_4,E,A,I,R,73,99,C,NH2,6.8012753
tcr_18_4,E,A,I,E,73,43,C,CG,9.793274
tcr_18_4,E,A,I,V,73,100,C,CG2,7.37377
tcr_18_4,E,A,I,Q,73,96,C,C,9.048471
tcr_18_4,E,A,I,Q,73,96,C,O,8.456689
tcr_18_4,E,A,I,Q,73,96,C,CA,8.842695
tcr_18_4,E,A,I,V,73,100,C,CA,9.257358
tcr_18_4,E,A,I,V,73,100,C,N,9.228444
tcr_18_4,E,A,I,R,73,99,C,CB,8.971177
tcr_18_4,E,A,I,R,73,99,C,CD,7.5795083
tcr_18_4,E,A,I,R,73,99,C,C,9.628655
tcr_18_4,E,A,I,R,73,99,C,CG,8.453519
tcr_18_4,E,A,I,R,73,99,C,NE,7.2933154
tcr_18_4,E,A,I,R,73,99,C,O,9.92703
tcr_18_4,E,A,I,R,73,103,C,NH2,8.530854
tcr_18_4,E,A,I,V,73,100,C,CG1,9.235339
tcr_18_4,E,A,I,V,73,100,C,CB,8.83199
tcr_18_4,E,A,I,R,73,103,C,NH1,7.154803
tcr_18_4,E,A,I,R,73,103,C,CZ,8.29833
tcr_18_4,E,A,I,R,73,103,C,NE,9.367455
tcr_18_4,E,A,I,R,73,103,C,CD,9.591794
tcr_18_4,E,A,I,Q,73,96,O,OE1,7.9679437
tcr_18_4,E,A,I,Q,73,96,O,NE2,7.9858317
tcr_18_4,E,A,I,Q,73,96,O,CB,8.471216
tcr_18_4,E,A,I,Q,73,96,O,CG,8.401639
tcr_18_4,E,A,I,Q,73,96,O,CD,7.9962206
tcr_18_4,E,A,I,R,73,99,O,NH1,7.0854683
tcr_18_4,E,A,I,R,73,99,O,CZ,7.5839953
tcr_18_4,E,A,I,E,73,43,O,OE1,8.99599
tcr_18_4,E,A,I,R,73,99,O,NH2,7.814345
tcr_18_4,E,A,I,V,73,100,O,CG2,7.1586604
tcr_18_4,E,A,I,Q,73,96,O,C,9.23875
tcr_18_4,E,A,I,Q,73,96,O,O,8.622786
tcr_18_4,E,A,I,Q,73,96,O,CA,9.193227
tcr_18_4,E,A,I,V,73,100,O,CA,9.19829
tcr_18_4,E,A,I,V,73,100,O,N,9.336117
tcr_18_4,E,A,I,R,73,99,O,CB,9.478293
tcr_18_4,E,A,I,R,73,99,O,CD,8.340007
tcr_18_4,E,A,I,R,73,99,O,C,9.878312
tcr_18_4,E,A,I,R,73,99,O,CG,9.063861
tcr_18_4,E,A,I,R,73,99,O,NE,8.147558
tcr_18_4,E,A,I,R,73,103,O,NH2,8.092063
tcr_18_4,E,A,I,V,73,100,O,CG1,8.840992
tcr_18_4,E,A,I,V,73,100,O,CB,8.608064
tcr_18_4,E,A,I,R,73,103,O,NH1,6.9568963
tcr_18_4,E,A,I,R,73,103,O,CZ,8.027028
tcr_18_4,E,A,I,R,73,103,O,NE,9.193126
tcr_18_4,E,A,I,R,73,103,O,CD,9.591951
tcr_18_4,E,A,I,T,73,97,CB,OG1,9.939225
tcr_18_4,E,A,I,R,73,93,CB,O,9.758169
tcr_18_4,E,A,I,Q,73,96,CB,OE1,6.907626
tcr_18_4,E,A,I,A,73,95,CB,C,8.935837
tcr_18_4,E,A,I,Q,73,96,CB,NE2,6.8206015
tcr_18_4,E,A,I,Q,73,96,CB,N,8.215114
tcr_18_4,E,A,I,Q,73,96,CB,CB,6.4835777
tcr_18_4,E,A,I,Q,73,96,CB,CG,6.505378
tcr_18_4,E,A,I,Q,73,96,CB,CD,6.6314964
tcr_18_4,E,A,I,A,73,95,CB,O,8.5747175
tcr_18_4,E,A,I,E,73,43,CB,OE2,7.9952083
tcr_18_4,E,A,I,R,73,99,CB,NH1,4.516035
tcr_18_4,E,A,I,R,73,99,CB,CZ,4.902263
tcr_18_4,E,A,I,E,73,43,CB,OE1,6.7554584
tcr_18_4,E,A,I,E,73,43,CB,CD,7.587915
tcr_18_4,E,A,I,E,73,43,CB,CB,9.211082
tcr_18_4,E,A,I,R,73,99,CB,NH2,5.418137
tcr_18_4,E,A,I,P,73,44,CB,CD,9.381069
tcr_18_4,E,A,I,E,73,43,CB,CG,8.352324
tcr_18_4,E,A,I,V,73,100,CB,CG2,5.2678385
tcr_18_4,E,A,I,T,73,97,CB,CB,9.969543
tcr_18_4,E,A,I,Q,73,96,CB,C,6.902263
tcr_18_4,E,A,I,Q,73,96,CB,O,6.172094
tcr_18_4,E,A,I,T,73,97,CB,C,8.982718
tcr_18_4,E,A,I,T,73,97,CB,O,8.830919
tcr_18_4,E,A,I,D,73,98,CB,N,9.636223
tcr_18_4,E,A,I,T,73,97,CB,CA,8.612082
tcr_18_4,E,A,I,Q,73,96,CB,CA,6.827999
tcr_18_4,E,A,I,T,73,97,CB,N,8.039408
tcr_18_4,E,A,I,V,73,100,CB,CA,6.929391
tcr_18_4,E,A,I,V,73,100,CB,N,6.763513
tcr_18_4,E,A,I,R,73,99,CB,N,8.294803
tcr_18_4,E,A,I,D,73,98,CB,C,9.432715
tcr_18_4,E,A,I,R,73,99,CB,CB,6.482454
tcr_18_4,E,A,I,R,73,99,CB,CA,7.5054116
tcr_18_4,E,A,I,R,73,99,CB,CD,5.3121176
tcr_18_4,E,A,I,D,73,98,CB,O,9.915878
tcr_18_4,E,A,I,R,73,99,CB,C,7.1107335
tcr_18_4,E,A,I,R,73,99,CB,CG,6.0222535
tcr_18_4,E,A,I,R,73,99,CB,NE,5.2486095
tcr_18_4,E,A,I,R,73,99,CB,O,7.456721
tcr_18_4,E,A,I,E,73,43,CB,CA,9.919779
tcr_18_4,E,A,I,R,73,103,CB,NH2,7.144729
tcr_18_4,E,A,I,S,73,101,CB,N,9.311871
tcr_18_4,E,A,I,V,73,100,CB,CG1,7.3230643
tcr_18_4,E,A,I,V,73,100,CB,CB,6.680417
tcr_18_4,E,A,I,V,73,100,CB,C,8.42653
tcr_18_4,E,A,I,V,73,100,CB,O,8.90008
tcr_18_4,E,A,I,R,73,103,CB,NH1,5.793162
tcr_18_4,E,A,I,R,73,103,CB,CZ,6.8227577
tcr_18_4,E,A,I,R,73,103,CB,NE,7.7585588
tcr_18_4,E,A,I,R,73,103,CB,CB,8.792112
tcr_18_4,E,A,I,R,73,103,CB,CD,7.9354897
tcr_18_4,E,A,I,R,73,103,CB,CG,9.067806
tcr_18_4,E,A,I,T,73,97,CG1,OG1,9.93264
tcr_18_4,E,A,I,R,73,93,CG1,O,9.844074
tcr_18_4,E,A,I,Q,73,96,CG1,OE1,7.6310196
tcr_18_4,E,A,I,D,73,98,CG1,CA,9.427497
tcr_18_4,E,A,I,L,73,102,CG1,CB,9.908966
tcr_18_4,E,A,I,A,73,95,CG1,C,8.471872
tcr_18_4,E,A,I,Q,73,96,CG1,NE2,7.53474
tcr_18_4,E,A,I,Q,73,96,CG1,N,7.961074
tcr_18_4,E,A,I,Q,73,96,CG1,CB,6.6310368
tcr_18_4,E,A,I,Q,73,96,CG1,CG,6.782394
tcr_18_4,E,A,I,Q,73,96,CG1,CD,7.2383432
tcr_18_4,E,A,I,A,73,95,CG1,CA,9.993723
tcr_18_4,E,A,I,A,73,95,CG1,O,7.915905
tcr_18_4,E,A,I,E,73,43,CG1,OE2,7.559769
tcr_18_4,E,A,I,R,73,99,CG1,NH1,3.9011712
tcr_18_4,E,A,I,R,73,99,CG1,CZ,3.9179676
tcr_18_4,E,A,I,E,73,43,CG1,OE1,6.390063
tcr_18_4,E,A,I,E,73,43,CG1,CD,7.081393
tcr_18_4,E,A,I,P,73,44,CG1,CB,9.884571
tcr_18_4,E,A,I,E,73,43,CG1,CB,8.345738
tcr_18_4,E,A,I,R,73,99,CG1,NH2,4.467108
tcr_18_4,E,A,I,P,73,44,CG1,CD,8.126899
tcr_18_4,E,A,I,E,73,43,CG1,CG,7.6124735
tcr_18_4,E,A,I,V,73,100,CG1,CG2,4.7941227
tcr_18_4,E,A,I,T,73,97,CG1,CB,9.743925
tcr_18_4,E,A,I,Q,73,96,CG1,C,6.584965
tcr_18_4,E,A,I,Q,73,96,CG1,O,5.693813
tcr_18_4,E,A,I,T,73,97,CG1,C,8.396811
tcr_18_4,E,A,I,T,73,97,CG1,O,8.150465
tcr_18_4,E,A,I,D,73,98,CG1,N,8.960959
tcr_18_4,E,A,I,T,73,97,CG1,CA,8.285841
tcr_18_4,E,A,I,Q,73,96,CG1,CA,6.6194324
tcr_18_4,E,A,I,T,73,97,CG1,N,7.7842746
tcr_18_4,E,A,I,V,73,100,CG1,CA,5.950831
tcr_18_4,E,A,I,V,73,100,CG1,N,5.718817
tcr_18_4,E,A,I,R,73,99,CG1,N,7.280236
tcr_18_4,E,A,I,D,73,98,CG1,C,8.409773
tcr_18_4,E,A,I,R,73,99,CG1,CB,5.35398
tcr_18_4,E,A,I,R,73,99,CG1,CA,6.3171115
tcr_18_4,E,A,I,R,73,99,CG1,CD,4.154954
tcr_18_4,E,A,I,D,73,98,CG1,O,8.776838
tcr_18_4,E,A,I,R,73,99,CG1,C,5.8757553
tcr_18_4,E,A,I,R,73,99,CG1,CG,4.7043405
tcr_18_4,E,A,I,R,73,99,CG1,NE,4.0148244
tcr_18_4,E,A,I,R,73,99,CG1,O,6.0916834
tcr_18_4,E,A,I,P,73,44,CG1,CG,8.681813
tcr_18_4,E,A,I,P,73,44,CG1,N,9.3840685
tcr_18_4,E,A,I,E,73,43,CG1,CA,8.881805
tcr_18_4,E,A,I,E,73,43,CG1,C,9.786611
tcr_18_4,E,A,I,E,73,43,CG1,N,9.768653
tcr_18_4,E,A,I,R,73,103,CG1,NH2,6.4954925
tcr_18_4,E,A,I,S,73,101,CG1,CA,9.741213
tcr_18_4,E,A,I,S,73,101,CG1,N,8.331509
tcr_18_4,E,A,I,V,73,100,CG1,CG1,6.75415
tcr_18_4,E,A,I,V,73,100,CG1,CB,6.0167336
tcr_18_4,E,A,I,V,73,100,CG1,C,7.400946
tcr_18_4,E,A,I,N,73,104,CG1,CG,9.958901
tcr_18_4,E,A,I,V,73,100,CG1,O,7.812453
tcr_18_4,E,A,I,N,73,104,CG1,OD1,9.288179
tcr_18_4,E,A,I,L,73,102,CG1,N,9.70304
tcr_18_4,E,A,I,R,73,103,CG1,NH1,4.985906
tcr_18_4,E,A,I,R,73,103,CG1,CZ,5.975919
tcr_18_4,E,A,I,R,73,103,CG1,NE,6.7283196
tcr_18_4,E,A,I,N,73,104,CG1,N,9.866092
tcr_18_4,E,A,I,R,73,103,CG1,CA,8.794445
tcr_18_4,E,A,I,R,73,103,CG1,N,8.795805
tcr_18_4,E,A,I,R,73,103,CG1,CB,7.4299555
tcr_18_4,E,A,I,L,73,102,CG1,C,9.975933
tcr_18_4,E,A,I,R,73,103,CG1,CD,6.736982
tcr_18_4,E,A,I,R,73,103,CG1,CG,7.7610235
tcr_18_4,E,A,I,R,73,103,CG1,C,9.7903595
tcr_18_4,E,A,I,K,73,92,CG2,C,9.781756
tcr_18_4,E,A,I,R,73,93,CG2,C,9.620936
tcr_18_4,E,A,I,T,73,97,CG2,OG1,9.32166
tcr_18_4,E,A,I,R,73,93,CG2,O,8.747636
tcr_18_4,E,A,I,R,73,93,CG2,CA,9.642631
tcr_18_4,E,A,I,Q,73,96,CG2,OE1,5.552778
tcr_18_4,E,A,I,Q,73,94,CG2,O,9.980409
tcr_18_4,E,A,I,A,73,95,CG2,C,8.025475
tcr_18_4,E,A,I,Q,73,96,CG2,NE2,5.292688
tcr_18_4,E,A,I,Q,73,96,CG2,N,7.1970215
tcr_18_4,E,A,I,Q,73,96,CG2,CB,5.3396144
tcr_18_4,E,A,I,Q,73,96,CG2,CG,5.1411457
tcr_18_4,E,A,I,Q,73,96,CG2,CD,5.179591
tcr_18_4,E,A,I,A,73,95,CG2,CB,9.746695
tcr_18_4,E,A,I,A,73,95,CG2,CA,9.472634
tcr_18_4,E,A,I,K,73,92,CG2,O,8.714
tcr_18_4,E,A,I,A,73,95,CG2,O,7.8335757
tcr_18_4,E,A,I,E,73,43,CG2,OE2,7.072289
tcr_18_4,E,A,I,R,73,99,CG2,NH1,4.17042
tcr_18_4,E,A,I,R,73,99,CG2,CZ,4.9114823
tcr_18_4,E,A,I,E,73,43,CG2,OE1,6.0452347
tcr_18_4,E,A,I,E,73,43,CG2,CD,6.8423843
tcr_18_4,E,A,I,E,73,43,CG2,CB,8.671074
tcr_18_4,E,A,I,R,73,99,CG2,NH2,5.650943
tcr_18_4,E,A,I,P,73,44,CG2,CD,9.186167
tcr_18_4,E,A,I,E,73,43,CG2,CG,7.8294163
tcr_18_4,E,A,I,V,73,100,CG2,CG2,5.68915
tcr_18_4,E,A,I,T,73,97,CG2,CB,9.465544
tcr_18_4,E,A,I,Q,73,96,CG2,C,6.226101
tcr_18_4,E,A,I,Q,73,96,CG2,O,5.737634
tcr_18_4,E,A,I,T,73,97,CG2,C,8.694484
tcr_18_4,E,A,I,T,73,97,CG2,O,8.756031
tcr_18_4,E,A,I,D,73,98,CG2,N,9.25174
tcr_18_4,E,A,I,T,73,97,CG2,CA,8.16988
tcr_18_4,E,A,I,Q,73,96,CG2,CA,5.8733754
tcr_18_4,E,A,I,T,73,97,CG2,N,7.37734
tcr_18_4,E,A,I,V,73,100,CG2,CA,7.437881
tcr_18_4,E,A,I,V,73,100,CG2,N,7.024668
tcr_18_4,E,A,I,R,73,99,CG2,N,8.096096
tcr_18_4,E,A,I,D,73,98,CG2,C,9.300676
tcr_18_4,E,A,I,R,73,99,CG2,CB,6.2948046
tcr_18_4,E,A,I,R,73,99,CG2,CA,7.4826717
tcr_18_4,E,A,I,R,73,99,CG2,CD,5.129366
tcr_18_4,E,A,I,D,73,98,CG2,O,9.951001
tcr_18_4,E,A,I,R,73,99,CG2,C,7.3696594
tcr_18_4,E,A,I,R,73,99,CG2,CG,6.041601
tcr_18_4,E,A,I,R,73,99,CG2,NE,5.3149967
tcr_18_4,E,A,I,R,73,99,CG2,O,7.914755
tcr_18_4,E,A,I,P,73,44,CG2,CG,9.89654
tcr_18_4,E,A,I,E,73,43,CG2,CA,9.583769
tcr_18_4,E,A,I,R,73,103,CG2,NH2,8.413735
tcr_18_4,E,A,I,S,73,101,CG2,N,9.678172
tcr_18_4,E,A,I,V,73,100,CG2,CG1,7.987409
tcr_18_4,E,A,I,V,73,100,CG2,CB,7.137943
tcr_18_4,E,A,I,V,73,100,CG2,C,8.964153
tcr_18_4,E,A,I,V,73,100,CG2,O,9.606801
tcr_18_4,E,A,I,R,73,103,CG2,NH1,7.199943
tcr_18_4,E,A,I,R,73,103,CG2,CZ,8.1491165
tcr_18_4,E,A,I,R,73,103,CG2,NE,9.041241
tcr_18_4,E,A,I,R,73,103,CG2,CB,9.78042
tcr_18_4,E,A,I,R,73,103,CG2,CD,9.20443
tcr_18_4,E,A,I,R,73,93,CD1,C,9.749247
tcr_18_4,E,A,I,T,73,97,CD1,OG1,8.62025
tcr_18_4,E,A,I,R,73,93,CD1,O,8.695324
tcr_18_4,E,A,I,Q,73,96,CD1,OE1,7.159484
tcr_18_4,E,A,I,D,73,98,CD1,CB,8.944639
tcr_18_4,E,A,I,A,73,95,CD1,N,9.579991
tcr_18_4,E,A,I,D,73,98,CD1,CA,7.935775
tcr_18_4,E,A,I,Q,73,94,CD1,O,8.954908
tcr_18_4,E,A,I,Q,73,94,CD1,C,9.59381
tcr_18_4,E,A,I,L,73,102,CD1,CG,9.666291
tcr_18_4,E,A,I,L,73,102,CD1,CD1,9.450589
tcr_18_4,E,A,I,L,73,102,CD1,CB,8.772564
tcr_18_4,E,A,I,A,73,95,CD1,C,7.2998486
tcr_18_4,E,A,I,Q,73,96,CD1,NE2,7.3612714
tcr_18_4,E,A,I,Q,73,96,CD1,N,6.8476453
tcr_18_4,E,A,I,Q,73,96,CD1,CB,5.7160735
tcr_18_4,E,A,I,Q,73,96,CD1,CG,6.15328
tcr_18_4,E,A,I,Q,73,96,CD1,CD,6.8213215
tcr_18_4,E,A,I,A,73,95,CD1,CB,9.446673
tcr_18_4,E,A,I,A,73,95,CD1,CA,8.838487
tcr_18_4,E,A,I,K,73,92,CD1,O,9.306286
tcr_18_4,E,A,I,A,73,95,CD1,O,6.6914635
tcr_18_4,E,A,I,E,73,43,CD1,OE2,7.5544634
tcr_18_4,E,A,I,R,73,99,CD1,NH1,4.4077377
tcr_18_4,E,A,I,R,73,99,CD1,CZ,4.3567443
tcr_18_4,E,A,I,E,73,43,CD1,OE1,6.808398
tcr_18_4,E,A,I,E,73,43,CD1,CD,7.2684746
tcr_18_4,E,A,I,P,73,44,CD1,CB,9.045905
tcr_18_4,E,A,I,E,73,43,CD1,CB,8.249859
tcr_18_4,E,A,I,R,73,99,CD1,NH2,5.1767993
tcr_18_4,E,A,I,P,73,44,CD1,CD,7.5641108
tcr_18_4,E,A,I,E,73,43,CD1,CG,7.778726
tcr_18_4,E,A,I,V,73,100,CD1,CG2,3.5319643
tcr_18_4,E,A,I,T,73,97,CD1,CB,8.327682
tcr_18_4,E,A,I,Q,73,96,CD1,C,5.251735
tcr_18_4,E,A,I,Q,73,96,CD1,O,4.264912
tcr_18_4,E,A,I,T,73,97,CD1,C,6.882513
tcr_18_4,E,A,I,T,73,97,CD1,O,6.6268363
tcr_18_4,E,A,I,D,73,98,CD1,N,7.4611087
tcr_18_4,E,A,I,T,73,97,CD1,CG2,9.023275
tcr_18_4,E,A,I,T,73,97,CD1,CA,6.843264
tcr_18_4,E,A,I,Q,73,96,CD1,CA,5.4956126
tcr_18_4,E,A,I,T,73,97,CD1,N,6.4212637
tcr_18_4,E,A,I,V,73,100,CD1,CA,4.6036925
tcr_18_4,E,A,I,V,73,100,CD1,N,4.259291
tcr_18_4,E,A,I,R,73,99,CD1,N,5.8629427
tcr_18_4,E,A,I,D,73,98,CD1,C,6.9578643
tcr_18_4,E,A,I,R,73,99,CD1,CB,4.165259
tcr_18_4,E,A,I,R,73,99,CD1,CA,4.999485
tcr_18_4,E,A,I,R,73,99,CD1,CD,3.6514697
tcr_18_4,E,A,I,D,73,98,CD1,O,7.363977
tcr_18_4,E,A,I,R,73,99,CD1,C,4.528474
tcr_18_4,E,A,I,R,73,99,CD1,CG,3.8353682
tcr_18_4,E,A,I,R,73,99,CD1,NE,4.0096993
tcr_18_4,E,A,I,R,73,99,CD1,O,4.923644
tcr_18_4,E,A,I,P,73,44,CD1,CG,7.9109383
tcr_18_4,E,A,I,P,73,44,CD1,CA,9.759042
tcr_18_4,E,A,I,P,73,44,CD1,N,8.884818
tcr_18_4,E,A,I,E,73,43,CD1,CA,8.7787485
tcr_18_4,E,A,I,E,73,43,CD1,C,9.471392
tcr_18_4,E,A,I,E,73,43,CD1,N,9.84219
tcr_18_4,E,A,I,S,73,101,CD1,CB,9.182184
tcr_18_4,E,A,I,S,73,101,CD1,OG,9.257235
tcr_18_4,E,A,I,S,73,101,CD1,C,8.791225
tcr_18_4,E,A,I,S,73,101,CD1,O,9.622484
tcr_18_4,E,A,I,L,73,102,CD1,CA,9.056076
tcr_18_4,E,A,I,R,73,103,CD1,NH2,6.1498685
tcr_18_4,E,A,I,S,73,101,CD1,CA,8.355891
tcr_18_4,E,A,I,S,73,101,CD1,N,6.924712
tcr_18_4,E,A,I,V,73,100,CD1,CG1,5.63346
tcr_18_4,E,A,I,V,73,100,CD1,CB,4.6927943
tcr_18_4,E,A,I,N,73,104,CD1,ND2,9.037508
tcr_18_4,E,A,I,V,73,100,CD1,C,6.0903225
tcr_18_4,E,A,I,N,73,104,CD1,CG,9.00863
tcr_18_4,E,A,I,V,73,100,CD1,O,6.646404
tcr_18_4,E,A,I,N,73,104,CD1,CB,9.949396
tcr_18_4,E,A,I,N,73,104,CD1,OD1,8.482825
tcr_18_4,E,A,I,L,73,102,CD1,N,8.412092
tcr_18_4,E,A,I,R,73,103,CD1,NH1,5.0385265
tcr_18_4,E,A,I,R,73,103,CD1,CZ,5.7519546
tcr_18_4,E,A,I,R,73,103,CD1,NE,6.420355
tcr_18_4,E,A,I,N,73,104,CD1,N,8.950624
tcr_18_4,E,A,I,R,73,103,CD1,CA,8.016159
tcr_18_4,E,A,I,R,73,103,CD1,N,7.8240986
tcr_18_4,E,A,I,R,73,103,CD1,CB,6.7700667
tcr_18_4,E,A,I,L,73,102,CD1,C,8.9467
tcr_18_4,E,A,I,R,73,103,CD1,CD,6.5479674
tcr_18_4,E,A,I,R,73,103,CD1,CG,7.375158
tcr_18_4,E,A,I,R,73,103,CD1,O,9.98505
tcr_18_4,E,A,I,R,73,103,CD1,C,8.9998
tcr_18_4,E,A,T,Q,74,96,N,OE1,7.7264724
tcr_18_4,E,A,T,Q,74,96,N,NE2,7.135764
tcr_18_4,E,A,T,Q,74,96,N,CB,8.44572
tcr_18_4,E,A,T,Q,74,96,N,CG,7.9740133
tcr_18_4,E,A,T,Q,74,96,N,CD,7.4946833
tcr_18_4,E,A,T,E,74,43,N,OE2,9.159134
tcr_18_4,E,A,T,R,74,99,N,NH1,6.1214895
tcr_18_4,E,A,T,R,74,99,N,CZ,6.867628
tcr_18_4,E,A,T,E,74,43,N,OE1,7.557801
tcr_18_4,E,A,T,E,74,43,N,CD,8.683252
tcr_18_4,E,A,T,R,74,99,N,NH2,7.025043
tcr_18_4,E,A,T,E,74,43,N,CG,9.663913
tcr_18_4,E,A,T,V,74,100,N,CG2,8.476497
tcr_18_4,E,A,T,Q,74,96,N,C,9.631606
tcr_18_4,E,A,T,Q,74,96,N,O,9.167839
tcr_18_4,E,A,T,Q,74,96,N,CA,9.226585
tcr_18_4,E,A,T,R,74,99,N,CB,9.61802
tcr_18_4,E,A,T,R,74,99,N,CD,8.0446
tcr_18_4,E,A,T,R,74,99,N,CG,9.091739
tcr_18_4,E,A,T,R,74,99,N,NE,7.7228293
tcr_18_4,E,A,T,R,74,103,N,NH2,9.859857
tcr_18_4,E,A,T,V,74,100,N,CB,9.95851
tcr_18_4,E,A,T,R,74,103,N,NH1,8.425665
tcr_18_4,E,A,T,R,74,103,N,CZ,9.591371
tcr_18_4,E,A,T,Q,74,96,CA,OE1,7.8971024
tcr_18_4,E,A,T,Q,74,96,CA,NE2,7.342175
tcr_18_4,E,A,T,Q,74,96,CA,CB,9.061179
tcr_18_4,E,A,T,Q,74,96,CA,CG,8.529443
tcr_18_4,E,A,T,Q,74,96,CA,CD,7.8010697
tcr_18_4,E,A,T,R,74,99,CA,NH1,7.4265375
tcr_18_4,E,A,T,R,74,99,CA,CZ,8.255915
tcr_18_4,E,A,T,E,74,43,CA,OE1,8.631854
tcr_18_4,E,A,T,E,74,43,CA,CD,9.760627
tcr_18_4,E,A,T,R,74,99,CA,NH2,8.429506
tcr_18_4,E,A,T,V,74,100,CA,CG2,9.428322
tcr_18_4,E,A,T,R,74,99,CA,CD,9.370026
tcr_18_4,E,A,T,R,74,99,CA,NE,9.1217985
tcr_18_4,E,A,T,R,74,103,CA,NH1,9.58277
tcr_18_4,E,A,T,Q,74,96,C,OE1,7.201869
tcr_18_4,E,A,T,Q,74,96,C,NE2,6.3904676
tcr_18_4,E,A,T,Q,74,96,C,CB,8.660954
tcr_18_4,E,A,T,Q,74,96,C,CG,7.9222646
tcr_18_4,E,A,T,Q,74,96,C,CD,7.0452485
tcr_18_4,E,A,T,E,74,43,C,OE2,9.620411
tcr_18_4,E,A,T,R,74,99,C,NH1,7.4484696
tcr_18_4,E,A,T,R,74,99,C,CZ,8.454189
tcr_18_4,E,A,T,E,74,43,C,OE1,8.258041
tcr_18_4,E,A,T,E,74,43,C,CD,9.3506775
tcr_18_4,E,A,T,R,74,99,C,NH2,8.735796
tcr_18_4,E,A,T,Q,74,96,C,CA,9.730409
tcr_18_4,E,A,T,R,74,99,C,CD,9.495533
tcr_18_4,E,A,T,R,74,99,C,NE,9.356802
tcr_18_4,E,A,T,Q,74,96,O,OE1,7.2045946
tcr_18_4,E,A,T,Q,74,96,O,NE2,6.053702
tcr_18_4,E,A,T,Q,74,96,O,CB,8.517132
tcr_18_4,E,A,T,Q,74,96,O,CG,7.6209464
tcr_18_4,E,A,T,Q,74,96,O,CD,6.8460093
tcr_18_4,E,A,T,E,74,43,O,OE2,8.6555395
tcr_18_4,E,A,T,R,74,99,O,NH1,6.7203536
tcr_18_4,E,A,T,R,74,99,O,CZ,7.7936635
tcr_18_4,E,A,T,E,74,43,O,OE1,7.2558427
tcr_18_4,E,A,T,E,74,43,O,CD,8.36368
tcr_18_4,E,A,T,R,74,99,O,NH2,8.054857
tcr_18_4,E,A,T,E,74,43,O,CG,9.589325
tcr_18_4,E,A,T,Q,74,96,O,CA,9.509385
tcr_18_4,E,A,T,R,74,99,O,CD,8.971316
tcr_18_4,E,A,T,R,74,99,O,NE,8.778878
tcr_18_4,E,A,T,Q,74,96,CB,OE1,9.3973055
tcr_18_4,E,A,T,Q,74,96,CB,NE2,8.746568
tcr_18_4,E,A,T,Q,74,96,CB,CD,9.2827015
tcr_18_4,E,A,T,R,74,99,CB,NH1,8.352669
tcr_18_4,E,A,T,R,74,99,CB,CZ,9.105486
tcr_18_4,E,A,T,E,74,43,CB,OE1,9.461165
tcr_18_4,E,A,T,R,74,99,CB,NH2,9.081228
tcr_18_4,E,A,T,Q,74,96,OG1,OE1,9.91892
tcr_18_4,E,A,T,Q,74,96,OG1,NE2,8.981018
tcr_18_4,E,A,T,Q,74,96,OG1,CD,9.638608
tcr_18_4,E,A,T,R,74,99,OG1,NH1,7.94624
tcr_18_4,E,A,T,R,74,99,OG1,CZ,8.701286
tcr_18_4,E,A,T,E,74,43,OG1,OE1,8.808392
tcr_18_4,E,A,T,R,74,99,OG1,NH2,8.546182
tcr_18_4,E,A,T,R,74,99,OG1,NE,9.782737
tcr_18_4,E,A,T,Q,74,96,CG2,NE2,9.863235
tcr_18_4,E,A,T,R,74,99,CG2,NH1,8.834231
tcr_18_4,E,A,T,R,74,99,CG2,CZ,9.404498
tcr_18_4,E,A,T,R,74,99,CG2,NH2,9.273961
tcr_18_4,E,A,T,R,74,103,CG2,NH1,9.475507
tcr_18_4,E,A,D,Q,75,96,N,OE1,7.019017
tcr_18_4,E,A,D,Q,75,96,N,NE2,6.3697934
tcr_18_4,E,A,D,Q,75,96,N,CB,8.845028
tcr_18_4,E,A,D,Q,75,96,N,CG,8.115884
tcr_18_4,E,A,D,Q,75,96,N,CD,7.034766
tcr_18_4,E,A,D,R,75,99,N,NH1,8.541967
tcr_18_4,E,A,D,R,75,99,N,CZ,9.589213
tcr_18_4,E,A,D,E,75,43,N,OE1,9.264938
tcr_18_4,E,A,D,R,75,99,N,NH2,9.953274
tcr_18_4,E,A,D,Q,75,96,CA,OE1,6.770376
tcr_18_4,E,A,D,Q,75,96,CA,NE2,5.918614
tcr_18_4,E,A,D,Q,75,96,CA,CB,8.872193
tcr_18_4,E,A,D,Q,75,96,CA,CG,7.9778347
tcr_18_4,E,A,D,Q,75,96,CA,CD,6.759746
tcr_18_4,E,A,D,R,75,99,CA,NH1,9.042494
tcr_18_4,E,A,D,E,75,43,CA,OE1,9.4124
tcr_18_4,E,A,D,Q,75,96,C,OE1,7.8173523
tcr_18_4,E,A,D,Q,75,96,C,NE2,7.1129565
tcr_18_4,E,A,D,Q,75,96,C,CG,9.259477
tcr_18_4,E,A,D,Q,75,96,C,CD,7.941804
tcr_18_4,E,A,D,Q,75,96,O,OE1,8.469585
tcr_18_4,E,A,D,Q,75,96,O,NE2,8.00528
tcr_18_4,E,A,D,Q,75,96,O,CD,8.711661
tcr_18_4,E,A,D,K,75,92,CB,CB,9.947703
tcr_18_4,E,A,D,K,75,92,CB,C,9.802012
tcr_18_4,E,A,D,R,75,93,CB,CA,9.61958
tcr_18_4,E,A,D,R,75,93,CB,CG,9.916224
tcr_18_4,E,A,D,R,75,93,CB,N,9.960793
tcr_18_4,E,A,D,Q,75,96,CB,OE1,5.3271585
tcr_18_4,E,A,D,Q,75,96,CB,NE2,4.589684
tcr_18_4,E,A,D,Q,75,96,CB,N,9.812577
tcr_18_4,E,A,D,Q,75,96,CB,CB,7.598166
tcr_18_4,E,A,D,Q,75,96,CB,CG,6.7076416
tcr_18_4,E,A,D,Q,75,96,CB,CD,5.388433
tcr_18_4,E,A,D,K,75,92,CB,O,9.300252
tcr_18_4,E,A,D,E,75,43,CB,OE2,9.819473
tcr_18_4,E,A,D,R,75,99,CB,NH1,8.765652
tcr_18_4,E,A,D,R,75,99,CB,CZ,9.949165
tcr_18_4,E,A,D,E,75,43,CB,OE1,9.128555
tcr_18_4,E,A,D,E,75,43,CB,CD,9.961821
tcr_18_4,E,A,D,Q,75,96,CB,C,9.778244
tcr_18_4,E,A,D,Q,75,96,CB,O,9.971379
tcr_18_4,E,A,D,Q,75,96,CB,CA,8.963999
tcr_18_4,E,A,D,K,75,92,CG,CD,9.155507
tcr_18_4,E,A,D,K,75,92,CG,CG,9.591378
tcr_18_4,E,A,D,K,75,92,CG,CB,8.864582
tcr_18_4,E,A,D,K,75,92,CG,C,9.03928
tcr_18_4,E,A,D,K,75,92,CG,CA,9.655962
tcr_18_4,E,A,D,R,75,93,CG,O,9.929661
tcr_18_4,E,A,D,R,75,93,CG,CA,9.15539
tcr_18_4,E,A,D,R,75,93,CG,CG,9.725977
tcr_18_4,E,A,D,R,75,93,CG,N,9.283855
tcr_18_4,E,A,D,R,75,93,CG,CB,9.696272
tcr_18_4,E,A,D,Q,75,96,CG,OE1,5.2205477
tcr_18_4,E,A,D,Q,75,96,CG,NE2,4.05168
tcr_18_4,E,A,D,Q,75,96,CG,N,9.537333
tcr_18_4,E,A,D,Q,75,96,CG,CB,7.5367804
tcr_18_4,E,A,D,Q,75,96,CG,CG,6.4269996
tcr_18_4,E,A,D,Q,75,96,CG,CD,5.095652
tcr_18_4,E,A,D,K,75,92,CG,O,8.6283655
tcr_18_4,E,A,D,E,75,43,CG,OE2,9.276082
tcr_18_4,E,A,D,R,75,99,CG,NH1,8.86757
tcr_18_4,E,A,D,E,75,43,CG,OE1,8.822764
tcr_18_4,E,A,D,E,75,43,CG,CD,9.549364
tcr_18_4,E,A,D,Q,75,96,CG,C,9.892302
tcr_18_4,E,A,D,Q,75,96,CG,CA,8.887259
tcr_18_4,E,A,D,K,75,92,OD1,CD,9.326065
tcr_18_4,E,A,D,K,75,92,OD1,CG,9.934613
tcr_18_4,E,A,D,K,75,92,OD1,CB,9.366469
tcr_18_4,E,A,D,K,75,92,OD1,C,9.827664
tcr_18_4,E,A,D,Q,75,96,OD1,OE1,6.385417
tcr_18_4,E,A,D,Q,75,96,OD1,NE2,5.050818
tcr_18_4,E,A,D,Q,75,96,OD1,CB,8.664154
tcr_18_4,E,A,D,Q,75,96,OD1,CG,7.47073
tcr_18_4,E,A,D,Q,75,96,OD1,CD,6.1885214
tcr_18_4,E,A,D,K,75,92,OD1,O,9.482635
tcr_18_4,E,A,D,E,75,43,OD1,OE2,9.730307
tcr_18_4,E,A,D,R,75,99,OD1,NH1,9.521418
tcr_18_4,E,A,D,E,75,43,OD1,OE1,9.229339
tcr_18_4,E,A,D,E,75,43,OD1,CD,9.976375
tcr_18_4,E,A,D,Q,75,96,OD1,CA,9.976956
tcr_18_4,E,A,D,K,75,92,OD2,NZ,9.298048
tcr_18_4,E,A,D,K,75,92,OD2,CD,8.114248
tcr_18_4,E,A,D,K,75,92,OD2,CE,9.196533
tcr_18_4,E,A,D,K,75,92,OD2,CG,8.450531
tcr_18_4,E,A,D,Q,75,89,OD2,O,9.264353
tcr_18_4,E,A,D,K,75,92,OD2,CB,7.665971
tcr_18_4,E,A,D,K,75,92,OD2,N,9.74136
tcr_18_4,E,A,D,K,75,92,OD2,C,7.7860203
tcr_18_4,E,A,D,K,75,92,OD2,CA,8.414684
tcr_18_4,E,A,D,R,75,93,OD2,C,8.951673
tcr_18_4,E,A,D,R,75,93,OD2,O,8.800372
tcr_18_4,E,A,D,R,75,93,OD2,CD,9.623946
tcr_18_4,E,A,D,R,75,93,OD2,NE,9.823194
tcr_18_4,E,A,D,R,75,93,OD2,CA,7.9699326
tcr_18_4,E,A,D,R,75,93,OD2,CG,8.696072
tcr_18_4,E,A,D,R,75,93,OD2,N,8.055199
tcr_18_4,E,A,D,R,75,93,OD2,CB,8.576492
tcr_18_4,E,A,D,Q,75,96,OD2,OE1,4.194652
tcr_18_4,E,A,D,A,75,95,OD2,C,9.583062
tcr_18_4,E,A,D,Q,75,96,OD2,NE2,2.9219508
tcr_18_4,E,A,D,Q,75,96,OD2,N,8.419299
tcr_18_4,E,A,D,Q,75,96,OD2,CB,6.5117617
tcr_18_4,E,A,D,Q,75,96,OD2,CG,5.3504453
tcr_18_4,E,A,D,Q,75,96,OD2,CD,4.000219
tcr_18_4,E,A,D,K,75,92,OD2,O,7.381501
tcr_18_4,E,A,D,E,75,43,OD2,OE2,8.605995
tcr_18_4,E,A,D,R,75,99,OD2,NH1,8.511123
tcr_18_4,E,A,D,R,75,99,OD2,CZ,9.768049
tcr_18_4,E,A,D,E,75,43,OD2,OE1,8.418127
tcr_18_4,E,A,D,E,75,43,OD2,CD,9.0137415
tcr_18_4,E,A,D,Q,75,96,OD2,C,8.938729
tcr_18_4,E,A,D,Q,75,96,OD2,O,9.376088
tcr_18_4,E,A,D,Q,75,96,OD2,CA,7.8664927
tcr_18_4,E,A,D,T,75,97,OD2,N,9.593345
tcr_18_4,E,A,D,R,75,99,OD2,CD,9.878651
tcr_18_4,E,A,Q,Q,76,96,N,OE1,8.24923
tcr_18_4,E,A,Q,Q,76,96,N,NE2,7.3754206
tcr_18_4,E,A,Q,Q,76,96,N,CG,9.679598
tcr_18_4,E,A,Q,Q,76,96,N,CD,8.321889
tcr_18_4,E,A,Q,Q,76,96,CA,OE1,9.467522
tcr_18_4,E,A,Q,Q,76,96,CA,NE2,8.6785145
tcr_18_4,E,A,Q,Q,76,96,CA,CD,9.610667
tcr_18_4,E,A,Q,Q,76,96,C,OE1,9.360599
tcr_18_4,E,A,Q,Q,76,96,C,NE2,8.854085
tcr_18_4,E,A,Q,Q,76,96,C,CD,9.671544
tcr_18_4,E,A,Q,Q,76,96,O,OE1,8.536073
tcr_18_4,E,A,Q,Q,76,96,O,NE2,8.109189
tcr_18_4,E,A,Q,Q,76,96,O,CD,8.890743
tcr_18_4,E,A,Q,Q,76,96,CB,NE2,9.2440815
tcr_18_4,E,A,Q,Q,76,96,CG,NE2,9.619758
tcr_18_4,E,A,R,R,87,103,N,NH1,9.2047825
tcr_18_4,E,A,R,R,87,103,CA,NH2,9.5618305
tcr_18_4,E,A,R,R,87,103,CA,NH1,8.348186
tcr_18_4,E,A,R,R,87,103,CA,CZ,9.374398
tcr_18_4,E,A,R,R,87,103,C,NH2,8.889725
tcr_18_4,E,A,R,R,87,103,C,NH1,7.5369053
tcr_18_4,E,A,R,R,87,103,C,CZ,8.558092
tcr_18_4,E,A,R,R,87,103,C,NE,9.435806
tcr_18_4,E,A,R,R,87,103,C,CD,9.572278
tcr_18_4,E,A,R,R,87,99,O,NH1,9.895396
tcr_18_4,E,A,R,R,87,99,O,CZ,9.704251
tcr_18_4,E,A,R,R,87,99,O,NH2,9.195959
tcr_18_4,E,A,R,R,87,103,O,NH2,7.9445963
tcr_18_4,E,A,R,R,87,103,O,NH1,6.441081
tcr_18_4,E,A,R,R,87,103,O,CZ,7.5205703
tcr_18_4,E,A,R,R,87,103,O,NE,8.380502
tcr_18_4,E,A,R,R,87,103,O,CD,8.463014
tcr_18_4,E,A,R,R,87,103,O,CG,9.961755
tcr_18_4,E,A,R,R,87,103,CB,NH2,8.763978
tcr_18_4,E,A,R,R,87,103,CB,NH1,7.730755
tcr_18_4,E,A,R,R,87,103,CB,CZ,8.723845
tcr_18_4,E,A,R,R,87,103,CB,NE,9.839854
tcr_18_4,E,A,R,R,87,103,CG,NH2,8.056598
tcr_18_4,E,A,R,R,87,103,CG,NH1,7.3586984
tcr_18_4,E,A,R,R,87,103,CG,CZ,8.181302
tcr_18_4,E,A,R,R,87,103,CG,NE,9.316247
tcr_18_4,E,A,R,R,87,103,CG,CD,9.90368
tcr_18_4,E,A,R,V,87,100,CD,CG2,9.309898
tcr_18_4,E,A,R,R,87,103,CD,NH2,7.714144
tcr_18_4,E,A,R,V,87,100,CD,CG1,9.787099
tcr_18_4,E,A,R,R,87,103,CD,NH1,7.309093
tcr_18_4,E,A,R,R,87,103,CD,CZ,8.038076
tcr_18_4,E,A,R,R,87,103,CD,NE,9.269131
tcr_18_4,E,A,R,V,87,100,NE,CG2,9.37395
tcr_18_4,E,A,R,R,87,103,NE,NH2,7.3667145
tcr_18_4,E,A,R,V,87,100,NE,CG1,9.494152
tcr_18_4,E,A,R,R,87,103,NE,NH1,7.3670535
tcr_18_4,E,A,R,R,87,103,NE,CZ,7.8784
tcr_18_4,E,A,R,R,87,103,NE,NE,9.0914
tcr_18_4,E,A,R,V,87,100,CZ,CG2,8.681843
tcr_18_4,E,A,R,R,87,103,CZ,NH2,6.918416
tcr_18_4,E,A,R,V,87,100,CZ,CG1,8.658982
tcr_18_4,E,A,R,V,87,100,CZ,CB,9.49383
tcr_18_4,E,A,R,N,87,104,CZ,OD1,9.870545
tcr_18_4,E,A,R,R,87,103,CZ,NH1,7.260232
tcr_18_4,E,A,R,R,87,103,CZ,CZ,7.616854
tcr_18_4,E,A,R,R,87,103,CZ,NE,8.856576
tcr_18_4,E,A,R,R,87,103,CZ,CD,9.91106
tcr_18_4,E,A,R,V,87,100,NH1,CG2,7.749755
tcr_18_4,E,A,R,V,87,100,NH1,CA,9.697865
tcr_18_4,E,A,R,R,87,103,NH1,NH2,6.727327
tcr_18_4,E,A,R,V,87,100,NH1,CG1,7.937461
tcr_18_4,E,A,R,V,87,100,NH1,CB,8.657852
tcr_18_4,E,A,R,N,87,104,NH1,OD1,9.677027
tcr_18_4,E,A,R,R,87,103,NH1,NH1,7.0632153
tcr_18_4,E,A,R,R,87,103,NH1,CZ,7.453251
tcr_18_4,E,A,R,R,87,103,NH1,NE,8.744809
tcr_18_4,E,A,R,R,87,103,NH1,CD,9.815143
tcr_18_4,E,A,R,V,87,100,NH2,CG2,9.121614
tcr_18_4,E,A,R,R,87,103,NH2,NH2,7.007293
tcr_18_4,E,A,R,V,87,100,NH2,CG1,8.757664
tcr_18_4,E,A,R,V,87,100,NH2,CB,9.760064
tcr_18_4,E,A,R,N,87,104,NH2,OD1,9.613645
tcr_18_4,E,A,R,R,87,103,NH2,NH1,7.6897764
tcr_18_4,E,A,R,R,87,103,NH2,CZ,7.84362
tcr_18_4,E,A,R,R,87,103,NH2,NE,9.015208
tcr_18_4,E,A,S,R,88,103,N,NH2,9.59246
tcr_18_4,E,A,S,R,88,103,N,NH1,8.285226
tcr_18_4,E,A,S,R,88,103,N,CZ,9.229526
tcr_18_4,E,A,S,R,88,103,CA,NH2,9.417076
tcr_18_4,E,A,S,R,88,103,CA,NH1,8.053208
tcr_18_4,E,A,S,R,88,103,CA,CZ,8.930969
tcr_18_4,E,A,S,R,88,103,CA,NE,9.536141
tcr_18_4,E,A,S,R,88,103,CA,CD,9.475588
tcr_18_4,E,A,S,R,88,103,C,NH2,8.560754
tcr_18_4,E,A,S,R,88,103,C,NH1,7.455055
tcr_18_4,E,A,S,R,88,103,C,CZ,8.159866
tcr_18_4,E,A,S,R,88,103,C,NE,8.720866
tcr_18_4,E,A,S,R,88,103,C,CD,8.7767935
tcr_18_4,E,A,S,R,88,103,O,NH2,8.034495
tcr_18_4,E,A,S,R,88,103,O,NH1,6.902469
tcr_18_4,E,A,S,R,88,103,O,CZ,7.5273123
tcr_18_4,E,A,S,R,88,103,O,NE,7.9356127
tcr_18_4,E,A,S,R,88,106,O,NH2,9.9996605
tcr_18_4,E,A,S,R,88,103,O,CD,7.8893094
tcr_18_4,E,A,S,R,88,103,O,CG,9.177879
tcr_18_4,E,A,S,E,88,113,O,OE1,9.571736
tcr_18_4,E,A,S,R,88,103,CB,NH1,9.473423
tcr_18_4,E,A,T,R,89,103,N,NH2,8.640298
tcr_18_4,E,A,T,R,89,103,N,NH1,7.828091
tcr_18_4,E,A,T,R,89,103,N,CZ,8.436643
tcr_18_4,E,A,T,R,89,103,N,NE,9.095241
tcr_18_4,E,A,T,R,89,103,N,CD,9.350494
tcr_18_4,E,A,T,R,89,103,CA,NH2,8.192363
tcr_18_4,E,A,T,R,89,103,CA,NH1,7.7380123
tcr_18_4,E,A,T,R,89,103,CA,CZ,8.131175
tcr_18_4,E,A,T,R,89,103,CA,NE,8.744093
tcr_18_4,E,A,T,R,89,103,CA,CD,9.145817
tcr_18_4,E,A,T,R,89,103,C,NH2,7.382094
tcr_18_4,E,A,T,R,89,103,C,NH1,7.198004
tcr_18_4,E,A,T,R,89,103,C,CZ,7.53116
tcr_18_4,E,A,T,R,89,103,C,NE,8.301423
tcr_18_4,E,A,T,R,89,103,C,CD,8.924524
tcr_18_4,E,A,T,R,89,103,O,NH2,7.359848
tcr_18_4,E,A,T,R,89,103,O,NH1,7.0722666
tcr_18_4,E,A,T,R,89,103,O,CZ,7.544554
tcr_18_4,E,A,T,R,89,103,O,NE,8.463468
tcr_18_4,E,A,T,R,89,103,O,CD,9.12066
tcr_18_4,E,A,T,R,89,103,CB,NH2,9.508568
tcr_18_4,E,A,T,R,89,103,CB,NH1,9.203031
tcr_18_4,E,A,T,R,89,103,CB,CZ,9.510279
tcr_18_4,E,A,T,R,89,103,OG1,NH1,9.979893
tcr_18_4,E,A,T,R,89,103,CG2,NH1,9.9908085
tcr_18_4,E,A,T,R,90,103,N,NH2,6.98738
tcr_18_4,E,A,T,N,90,104,N,OD1,9.488401
tcr_18_4,E,A,T,R,90,103,N,NH1,7.188332
tcr_18_4,E,A,T,R,90,103,N,CZ,7.2919445
tcr_18_4,E,A,T,R,90,103,N,NE,8.004246
tcr_18_4,E,A,T,R,90,103,N,CD,8.76707
tcr_18_4,E,A,T,R,90,103,CA,NH2,6.653564
tcr_18_4,E,A,T,V,90,100,CA,CG1,9.735103
tcr_18_4,E,A,T,N,90,104,CA,OD1,9.036932
tcr_18_4,E,A,T,R,90,103,CA,NH1,7.2115436
tcr_18_4,E,A,T,R,90,103,CA,CZ,7.2067566
tcr_18_4,E,A,T,R,90,103,CA,NE,8.033882
tcr_18_4,E,A,T,R,90,103,CA,CD,8.999116
tcr_18_4,E,A,T,R,90,103,C,NH2,8.008742
tcr_18_4,E,A,T,R,90,103,C,NH1,8.603436
tcr_18_4,E,A,T,R,90,103,C,CZ,8.634261
tcr_18_4,E,A,T,R,90,103,C,NE,9.511024
tcr_18_4,E,A,T,R,90,103,O,NH2,8.21183
tcr_18_4,E,A,T,R,90,103,O,NH1,8.879935
tcr_18_4,E,A,T,R,90,103,O,CZ,8.940138
tcr_18_4,E,A,T,R,90,103,O,NE,9.921182
tcr_18_4,E,A,T,R,90,103,CB,NH2,6.228265
tcr_18_4,E,A,T,V,90,100,CB,CG1,9.23167
tcr_18_4,E,A,T,N,90,104,CB,ND2,9.123399
tcr_18_4,E,A,T,N,90,104,CB,CG,8.998281
tcr_18_4,E,A,T,N,90,104,CB,OD1,8.060291
tcr_18_4,E,A,T,R,90,103,CB,NH1,7.193898
tcr_18_4,E,A,T,R,90,103,CB,CZ,6.911232
tcr_18_4,E,A,T,R,90,103,CB,NE,7.599575
tcr_18_4,E,A,T,R,90,103,CB,CD,8.6710615
tcr_18_4,E,A,T,R,90,103,CB,CG,9.744148
tcr_18_4,E,A,T,V,90,100,OG1,CG2,9.536448
tcr_18_4,E,A,T,V,90,100,OG1,CA,9.977583
tcr_18_4,E,A,T,R,90,103,OG1,NH2,5.0782633
tcr_18_4,E,A,T,Y,90,108,OG1,OH,9.998441
tcr_18_4,E,A,T,K,90,170,OG1,NZ,9.860024
tcr_18_4,E,A,T,V,90,100,OG1,CG1,8.359548
tcr_18_4,E,A,T,V,90,100,OG1,CB,9.593443
tcr_18_4,E,A,T,N,90,104,OG1,ND2,8.1853695
tcr_18_4,E,A,T,N,90,104,OG1,CG,7.9185443
tcr_18_4,E,A,T,V,90,100,OG1,O,9.559656
tcr_18_4,E,A,T,N,90,104,OG1,CB,9.133693
tcr_18_4,E,A,T,N,90,104,OG1,OD1,6.9034777
tcr_18_4,E,A,T,R,90,103,OG1,NH1,6.052844
tcr_18_4,E,A,T,R,90,103,OG1,CZ,5.6748586
tcr_18_4,E,A,T,R,90,103,OG1,NE,6.2630067
tcr_18_4,E,A,T,N,90,104,OG1,N,9.4401245
tcr_18_4,E,A,T,N,90,104,OG1,CA,9.238836
tcr_18_4,E,A,T,R,90,103,OG1,CB,9.190051
tcr_18_4,E,A,T,R,90,103,OG1,CD,7.313018
tcr_18_4,E,A,T,R,90,103,OG1,CG,8.351436
tcr_18_4,E,A,T,R,90,103,OG1,O,9.712573
tcr_18_4,E,A,T,R,90,103,OG1,C,9.6677475
tcr_18_4,E,A,T,V,90,100,CG2,CG2,9.919623
tcr_18_4,E,A,T,R,90,103,CG2,NH2,6.246092
tcr_18_4,E,A,T,K,90,170,CG2,NZ,9.218968
tcr_18_4,E,A,T,K,90,170,CG2,CE,9.604447
tcr_18_4,E,A,T,V,90,100,CG2,CG1,8.670709
tcr_18_4,E,A,T,N,90,104,CG2,ND2,8.499677
tcr_18_4,E,A,T,N,90,104,CG2,CG,8.583291
tcr_18_4,E,A,T,N,90,104,CG2,CB,9.903962
tcr_18_4,E,A,T,N,90,104,CG2,OD1,7.790553
tcr_18_4,E,A,T,R,90,103,CG2,NH1,7.5529075
tcr_18_4,E,A,T,R,90,103,CG2,CZ,7.1638203
tcr_18_4,E,A,T,R,90,103,CG2,NE,7.9287033
tcr_18_4,E,A,T,R,90,103,CG2,CD,9.161201
tcr_18_4,E,A,E,R,91,103,N,NH2,9.0774145
tcr_18_4,E,A,E,R,91,103,N,NH1,9.596615
tcr_18_4,E,A,E,R,91,103,N,CZ,9.627102
tcr_18_4,E,A,E,R,91,103,OE1,NH2,9.696843
tcr_18_4,E,A,E,R,91,103,OE2,NH2,9.553591
tcr_18_4,E,A,E,R,91,103,OE2,CZ,9.917459
tcr_18_4,E,A,Q,A,113,174,CA,CB,9.574485
tcr_18_4,E,A,Q,K,113,170,CA,CE,9.793257
tcr_18_4,E,A,Q,A,113,174,C,CB,8.692492
tcr_18_4,E,A,Q,A,113,174,C,N,9.988937
tcr_18_4,E,A,Q,A,113,173,C,O,9.975209
tcr_18_4,E,A,Q,A,113,174,C,CA,9.345434
tcr_18_4,E,A,Q,K,113,170,C,NZ,8.88865
tcr_18_4,E,A,Q,K,113,170,C,CE,8.298004
tcr_18_4,E,A,Q,K,113,170,C,CD,9.448587
tcr_18_4,E,A,Q,K,113,170,C,CG,9.293518
tcr_18_4,E,A,Q,A,113,174,O,CB,9.229268
tcr_18_4,E,A,Q,K,113,170,O,NZ,8.331404
tcr_18_4,E,A,Q,K,113,170,O,CE,7.9252715
tcr_18_4,E,A,Q,V,113,100,O,CG1,9.640772
tcr_18_4,E,A,Q,K,113,170,O,CD,9.16822
tcr_18_4,E,A,Q,K,113,170,O,CG,9.212609
tcr_18_4,E,A,Q,R,113,93,CB,NH2,9.620568
tcr_18_4,E,A,Q,A,113,174,CB,CB,9.370288
tcr_18_4,E,A,Q,A,113,174,CB,CA,9.881252
tcr_18_4,E,A,Q,R,113,93,CG,NH2,8.363058
tcr_18_4,E,A,Q,R,113,93,CG,CZ,9.618296
tcr_18_4,E,A,Q,A,113,174,CG,CB,9.614239
tcr_18_4,E,A,Q,K,113,170,CG,CE,9.974254
tcr_18_4,E,A,Q,R,113,93,CD,NH2,7.1900425
tcr_18_4,E,A,Q,R,113,93,CD,NH1,9.250044
tcr_18_4,E,A,Q,R,113,93,CD,CZ,8.473635
tcr_18_4,E,A,Q,R,113,93,CD,NE,9.084275
tcr_18_4,E,A,Q,Q,113,179,CD,OE1,9.83347
tcr_18_4,E,A,Q,A,113,174,CD,CB,9.686065
tcr_18_4,E,A,Q,R,113,93,OE1,NH2,7.3755746
tcr_18_4,E,A,Q,R,113,93,OE1,NH1,9.333579
tcr_18_4,E,A,Q,R,113,93,OE1,CZ,8.666713
tcr_18_4,E,A,Q,R,113,93,OE1,NE,9.386545
tcr_18_4,E,A,Q,T,113,97,NE2,OG1,9.87626
tcr_18_4,E,A,Q,R,113,93,NE2,NH2,6.1373878
tcr_18_4,E,A,Q,R,113,93,NE2,NH1,8.199211
tcr_18_4,E,A,Q,R,113,93,NE2,CD,9.486607
tcr_18_4,E,A,Q,R,113,93,NE2,CZ,7.4067187
tcr_18_4,E,A,Q,R,113,93,NE2,NE,8.011723
tcr_18_4,E,A,Q,A,113,174,NE2,O,9.587839
tcr_18_4,E,A,Q,Q,113,179,NE2,OE1,8.7528105
tcr_18_4,E,A,Q,Q,113,179,NE2,CD,9.453111
tcr_18_4,E,A,Q,Q,113,179,NE2,NE2,9.109064
tcr_18_4,E,A,Q,E,113,176,NE2,OE2,9.419271
tcr_18_4,E,A,Q,A,113,174,NE2,CB,9.003146
tcr_18_4,E,A,Q,A,113,174,NE2,CA,9.793469
tcr_18_4,E,A,K,A,114,174,N,O,9.154035
tcr_18_4,E,A,K,A,114,174,N,CB,7.4899926
tcr_18_4,E,A,K,A,114,174,N,N,8.68418
tcr_18_4,E,A,K,A,114,173,N,O,8.658977
tcr_18_4,E,A,K,A,114,174,N,CA,8.086537
tcr_18_4,E,A,K,A,114,174,N,C,9.247811
tcr_18_4,E,A,K,A,114,173,N,C,8.950171
tcr_18_4,E,A,K,A,114,173,N,CA,9.931729
tcr_18_4,E,A,K,A,114,173,N,CB,9.363767
tcr_18_4,E,A,K,K,114,170,N,C,9.658545
tcr_18_4,E,A,K,K,114,170,N,O,8.777163
tcr_18_4,E,A,K,K,114,170,N,CA,9.849037
tcr_18_4,E,A,K,K,114,170,N,NZ,8.390153
tcr_18_4,E,A,K,K,114,170,N,CE,7.6117854
tcr_18_4,E,A,K,K,114,170,N,CD,8.645796
tcr_18_4,E,A,K,K,114,170,N,CG,8.322633
tcr_18_4,E,A,K,K,114,170,N,CB,9.68
tcr_18_4,E,A,K,A,114,174,CA,O,8.854506
tcr_18_4,E,A,K,E,114,176,CA,OE2,9.693898
tcr_18_4,E,A,K,W,114,171,CA,CD1,9.626932
tcr_18_4,E,A,K,A,114,174,CA,CB,6.7881575
tcr_18_4,E,A,K,A,114,174,CA,N,7.95735
tcr_18_4,E,A,K,A,114,173,CA,O,8.170994
tcr_18_4,E,A,K,A,114,174,CA,CA,7.5123763
tcr_18_4,E,A,K,A,114,174,CA,C,8.798868
tcr_18_4,E,A,K,R,114,175,CA,N,9.963988
tcr_18_4,E,A,K,A,114,173,CA,C,8.280777
tcr_18_4,E,A,K,A,114,173,CA,CA,9.134164
tcr_18_4,E,A,K,A,114,173,CA,N,9.941669
tcr_18_4,E,A,K,A,114,173,CA,CB,8.463581
tcr_18_4,E,A,K,W,114,171,CA,CA,9.845332
tcr_18_4,E,A,K,K,114,170,CA,C,8.430235
tcr_18_4,E,A,K,K,114,170,CA,O,7.6372986
tcr_18_4,E,A,K,K,114,170,CA,CA,8.518584
tcr_18_4,E,A,K,W,114,171,CA,N,9.461369
tcr_18_4,E,A,K,K,114,170,CA,NZ,7.0753202
tcr_18_4,E,A,K,K,114,170,CA,CE,6.2324033
tcr_18_4,E,A,K,K,114,170,CA,CD,7.2162204
tcr_18_4,E,A,K,N,114,104,CA,ND2,9.962319
tcr_18_4,E,A,K,K,114,170,CA,CG,6.9104095
tcr_18_4,E,A,K,K,114,170,CA,CB,8.273287
tcr_18_4,E,A,K,K,114,170,CA,N,9.930354
tcr_18_4,E,A,K,A,114,174,C,O,9.028207
tcr_18_4,E,A,K,E,114,176,C,OE2,9.041618
tcr_18_4,E,A,K,W,114,171,C,CD1,8.879696
tcr_18_4,E,A,K,W,114,171,C,NE1,9.173858
tcr_18_4,E,A,K,A,114,174,C,CB,6.8046594
tcr_18_4,E,A,K,A,114,174,C,N,8.310836
tcr_18_4,E,A,K,A,114,173,C,O,8.901209
tcr_18_4,E,A,K,A,114,174,C,CA,7.796561
tcr_18_4,E,A,K,A,114,174,C,C,9.026808
tcr_18_4,E,A,K,A,114,173,C,C,8.844458
tcr_18_4,E,A,K,A,114,173,C,CA,9.6965475
tcr_18_4,E,A,K,A,114,173,C,CB,9.0822315
tcr_18_4,E,A,K,W,114,171,C,CA,9.5488405
tcr_18_4,E,A,K,K,114,170,C,C,8.279912
tcr_18_4,E,A,K,K,114,170,C,O,7.623691
tcr_18_4,E,A,K,K,114,170,C,CA,8.384452
tcr_18_4,E,A,K,W,114,171,C,N,9.186922
tcr_18_4,E,A,K,V,114,100,C,CG2,9.7859535
tcr_18_4,E,A,K,K,114,170,C,NZ,5.9187865
tcr_18_4,E,A,K,K,114,170,C,CE,5.268058
tcr_18_4,E,A,K,V,114,100,C,CG1,8.598371
tcr_18_4,E,A,K,V,114,100,C,CB,9.653993
tcr_18_4,E,A,K,K,114,170,C,CD,6.4667225
tcr_18_4,E,A,K,N,114,104,C,ND2,8.7419615
tcr_18_4,E,A,K,N,114,104,C,CG,9.892379
tcr_18_4,E,A,K,K,114,170,C,CG,6.4312353
tcr_18_4,E,A,K,K,114,170,C,CB,7.90732
tcr_18_4,E,A,K,K,114,170,C,N,9.825818
tcr_18_4,E,A,K,A,114,174,O,O,9.807312
tcr_18_4,E,A,K,E,114,176,O,OE2,9.470583
tcr_18_4,E,A,K,W,114,171,O,CG,9.967045
tcr_18_4,E,A,K,W,114,171,O,CD1,8.716171
tcr_18_4,E,A,K,W,114,171,O,NE1,8.920714
tcr_18_4,E,A,K,A,114,174,O,CB,7.3558908
tcr_18_4,E,A,K,A,114,174,O,N,8.796669
tcr_18_4,E,A,K,A,114,173,O,O,9.52195
tcr_18_4,E,A,K,A,114,174,O,CA,8.4254875
tcr_18_4,E,A,K,A,114,174,O,C,9.71238
tcr_18_4,E,A,K,A,114,173,O,C,9.343645
tcr_18_4,E,A,K,A,114,173,O,CB,9.313594
tcr_18_4,E,A,K,W,114,171,O,CA,9.59124
tcr_18_4,E,A,K,K,114,170,O,C,8.178873
tcr_18_4,E,A,K,K,114,170,O,O,7.6834145
tcr_18_4,E,A,K,K,114,170,O,CA,8.096614
tcr_18_4,E,A,K,W,114,171,O,N,9.083823
tcr_18_4,E,A,K,V,114,100,O,CG2,9.062691
tcr_18_4,E,A,K,T,114,97,O,CG2,9.834798
tcr_18_4,E,A,K,R,114,103,O,NH2,9.018926
tcr_18_4,E,A,K,Y,114,108,O,OH,9.090109
tcr_18_4,E,A,K,K,114,170,O,NZ,5.026344
tcr_18_4,E,A,K,K,114,170,O,CE,4.5243945
tcr_18_4,E,A,K,V,114,100,O,CG1,7.6865654
tcr_18_4,E,A,K,V,114,100,O,CB,8.847978
tcr_18_4,E,A,K,K,114,170,O,CD,5.7669706
tcr_18_4,E,A,K,N,114,104,O,ND2,7.6344166
tcr_18_4,E,A,K,N,114,104,O,CG,8.749263
tcr_18_4,E,A,K,N,114,104,O,CB,9.9494705
tcr_18_4,E,A,K,N,114,104,O,OD1,8.928343
tcr_18_4,E,A,K,K,114,170,O,CG,5.953573
tcr_18_4,E,A,K,K,114,170,O,CB,7.434114
tcr_18_4,E,A,K,K,114,170,O,N,9.498137
tcr_18_4,E,A,K,A,114,174,CB,O,7.571338
tcr_18_4,E,A,K,Q,114,179,CB,NE2,9.456874
tcr_18_4,E,A,K,E,114,176,CB,N,9.86776
tcr_18_4,E,A,K,E,114,176,CB,OE2,8.891323
tcr_18_4,E,A,K,E,114,176,CB,CB,9.954328
tcr_18_4,E,A,K,E,114,176,CB,CD,9.988561
tcr_18_4,E,A,K,W,114,171,CB,CG,9.817551
tcr_18_4,E,A,K,W,114,171,CB,CD1,8.811505
tcr_18_4,E,A,K,W,114,171,CB,NE1,9.465825
tcr_18_4,E,A,K,E,114,172,CB,N,9.803466
tcr_18_4,E,A,K,W,114,171,CB,CB,9.890465
tcr_18_4,E,A,K,A,114,174,CB,CB,5.4773335
tcr_18_4,E,A,K,A,114,174,CB,N,6.4646206
tcr_18_4,E,A,K,A,114,173,CB,O,6.6457005
tcr_18_4,E,A,K,R,114,175,CB,CA,9.9023
tcr_18_4,E,A,K,A,114,174,CB,CA,6.0774946
tcr_18_4,E,A,K,A,114,174,CB,C,7.4149566
tcr_18_4,E,A,K,R,114,175,CB,N,8.538691
tcr_18_4,E,A,K,A,114,173,CB,C,6.750911
tcr_18_4,E,A,K,E,114,172,CB,O,9.687549
tcr_18_4,E,A,K,E,114,172,CB,C,9.43619
tcr_18_4,E,A,K,A,114,173,CB,CA,7.6298103
tcr_18_4,E,A,K,W,114,171,CB,O,8.981664
tcr_18_4,E,A,K,A,114,173,CB,N,8.469489
tcr_18_4,E,A,K,A,114,173,CB,CB,7.0259495
tcr_18_4,E,A,K,W,114,171,CB,CA,8.660418
tcr_18_4,E,A,K,W,114,171,CB,C,9.115352
tcr_18_4,E,A,K,K,114,170,CB,C,7.265605
tcr_18_4,E,A,K,R,114,169,CB,O,8.918163
tcr_18_4,E,A,K,K,114,170,CB,O,6.3644557
tcr_18_4,E,A,K,K,114,170,CB,CA,7.4762216
tcr_18_4,E,A,K,W,114,171,CB,N,8.323081
tcr_18_4,E,A,K,R,114,169,CB,C,9.433146
tcr_18_4,E,A,K,K,114,170,CB,NZ,7.156237
tcr_18_4,E,A,K,K,114,170,CB,CE,6.0613723
tcr_18_4,E,A,K,K,114,170,CB,CD,6.8145175
tcr_18_4,E,A,K,K,114,170,CB,CG,6.205865
tcr_18_4,E,A,K,K,114,170,CB,CB,7.458763
tcr_18_4,E,A,K,K,114,170,CB,N,8.876789
tcr_18_4,E,A,K,A,114,174,CG,O,7.8827915
tcr_18_4,E,A,K,E,114,176,CG,OE2,9.9322195
tcr_18_4,E,A,K,W,114,171,CG,CD1,9.755666
tcr_18_4,E,A,K,E,114,172,CG,N,9.973409
tcr_18_4,E,A,K,A,114,174,CG,CB,6.0033097
tcr_18_4,E,A,K,A,114,174,CG,N,6.441244
tcr_18_4,E,A,K,A,114,173,CG,O,6.133472
tcr_18_4,E,A,K,A,114,174,CG,CA,6.246124
tcr_18_4,E,A,K,A,114,174,CG,C,7.61471
tcr_18_4,E,A,K,R,114,175,CG,N,8.644887
tcr_18_4,E,A,K,A,114,173,CG,C,6.4179087
tcr_18_4,E,A,K,E,114,172,CG,O,9.461944
tcr_18_4,E,A,K,E,114,172,CG,C,9.270092
tcr_18_4,E,A,K,A,114,173,CG,CA,7.198839
tcr_18_4,E,A,K,W,114,171,CG,O,9.301198
tcr_18_4,E,A,K,A,114,173,CG,N,8.234893
tcr_18_4,E,A,K,A,114,173,CG,CB,6.4867344
tcr_18_4,E,A,K,W,114,171,CG,CA,9.187403
tcr_18_4,E,A,K,W,114,171,CG,C,9.443498
tcr_18_4,E,A,K,K,114,170,CG,C,7.6308985
tcr_18_4,E,A,K,R,114,169,CG,O,8.780575
tcr_18_4,E,A,K,K,114,170,CG,O,6.6646934
tcr_18_4,E,A,K,K,114,170,CG,CA,7.756604
tcr_18_4,E,A,K,W,114,171,CG,N,8.788319
tcr_18_4,E,A,K,R,114,169,CG,C,9.431623
tcr_18_4,E,A,K,K,114,170,CG,NZ,8.326261
tcr_18_4,E,A,K,K,114,170,CG,CE,7.151657
tcr_18_4,E,A,K,K,114,170,CG,CD,7.6894245
tcr_18_4,E,A,K,K,114,170,CG,CG,6.898782
tcr_18_4,E,A,K,K,114,170,CG,CB,7.959979
tcr_18_4,E,A,K,K,114,170,CG,N,9.053496
tcr_18_4,E,A,K,R,114,175,CD,CG,8.927943
tcr_18_4,E,A,K,R,114,175,CD,CD,9.786529
tcr_18_4,E,A,K,R,114,175,CD,NE,9.894394
tcr_18_4,E,A,K,R,114,175,CD,C,9.508673
tcr_18_4,E,A,K,A,114,174,CD,O,6.8710775
tcr_18_4,E,A,K,Q,114,179,CD,NE2,9.518164
tcr_18_4,E,A,K,E,114,176,CD,N,9.326982
tcr_18_4,E,A,K,E,114,176,CD,OE2,9.460217
tcr_18_4,E,A,K,E,114,176,CD,CB,9.9271555
tcr_18_4,E,A,K,W,114,171,CD,CD1,9.269984
tcr_18_4,E,A,K,E,114,172,CD,N,8.787312
tcr_18_4,E,A,K,E,114,172,CD,CA,9.056754
tcr_18_4,E,A,K,E,114,172,CD,CB,9.945993
tcr_18_4,E,A,K,W,114,171,CD,CB,9.703462
tcr_18_4,E,A,K,A,114,174,CD,CB,5.1088953
tcr_18_4,E,A,K,A,114,174,CD,N,5.1223836
tcr_18_4,E,A,K,A,114,173,CD,O,4.633957
tcr_18_4,E,A,K,R,114,175,CD,CA,8.811223
tcr_18_4,E,A,K,A,114,174,CD,CA,5.0738916
tcr_18_4,E,A,K,A,114,174,CD,C,6.4600387
tcr_18_4,E,A,K,R,114,175,CD,CB,9.202216
tcr_18_4,E,A,K,R,114,175,CD,N,7.3859158
tcr_18_4,E,A,K,A,114,173,CD,C,4.9574924
tcr_18_4,E,A,K,E,114,172,CD,O,8.015246
tcr_18_4,E,A,K,E,114,172,CD,C,7.874294
tcr_18_4,E,A,K,A,114,173,CD,CA,5.7464933
tcr_18_4,E,A,K,W,114,171,CD,O,8.150385
tcr_18_4,E,A,K,A,114,173,CD,N,6.8583927
tcr_18_4,E,A,K,A,114,173,CD,CB,5.125428
tcr_18_4,E,A,K,W,114,171,CD,CA,8.274094
tcr_18_4,E,A,K,W,114,171,CD,C,8.335693
tcr_18_4,E,A,K,K,114,170,CD,C,6.7872458
tcr_18_4,E,A,K,R,114,169,CD,O,7.6961517
tcr_18_4,E,A,K,K,114,170,CD,O,5.7241015
tcr_18_4,E,A,K,K,114,170,CD,CA,7.046079
tcr_18_4,E,A,K,W,114,171,CD,N,7.938439
tcr_18_4,E,A,K,R,114,169,CD,C,8.475976
tcr_18_4,E,A,K,K,114,170,CD,NZ,8.738921
tcr_18_4,E,A,K,K,114,170,CD,CE,7.417527
tcr_18_4,E,A,K,K,114,170,CD,CD,7.7126446
tcr_18_4,E,A,K,K,114,170,CD,CG,6.665309
tcr_18_4,E,A,K,K,114,170,CD,CB,7.525169
tcr_18_4,E,A,K,K,114,170,CD,N,8.264898
tcr_18_4,E,A,K,R,114,169,CD,CA,9.955279
tcr_18_4,E,A,K,R,114,175,CE,CG,9.0864
tcr_18_4,E,A,K,R,114,175,CE,CD,9.840702
tcr_18_4,E,A,K,R,114,175,CE,NE,9.720335
tcr_18_4,E,A,K,A,114,174,CE,O,7.665477
tcr_18_4,E,A,K,E,114,172,CE,N,9.339208
tcr_18_4,E,A,K,E,114,172,CE,CA,9.405951
tcr_18_4,E,A,K,A,114,174,CE,CB,6.218882
tcr_18_4,E,A,K,A,114,174,CE,N,5.7049356
tcr_18_4,E,A,K,A,114,173,CE,O,4.645621
tcr_18_4,E,A,K,R,114,175,CE,CA,9.351129
tcr_18_4,E,A,K,A,114,174,CE,CA,5.868586
tcr_18_4,E,A,K,A,114,174,CE,C,7.173038
tcr_18_4,E,A,K,R,114,175,CE,CB,9.602214
tcr_18_4,E,A,K,R,114,175,CE,N,7.947354
tcr_18_4,E,A,K,A,114,173,CE,C,5.178902
tcr_18_4,E,A,K,E,114,172,CE,O,8.167995
tcr_18_4,E,A,K,E,114,172,CE,C,8.100548
tcr_18_4,E,A,K,A,114,173,CE,CA,5.766475
tcr_18_4,E,A,K,W,114,171,CE,O,8.885515
tcr_18_4,E,A,K,A,114,173,CE,N,7.0536942
tcr_18_4,E,A,K,A,114,173,CE,CB,5.0501738
tcr_18_4,E,A,K,W,114,171,CE,CA,9.186676
tcr_18_4,E,A,K,W,114,171,CE,C,9.066388
tcr_18_4,E,A,K,K,114,170,CE,C,7.6101336
tcr_18_4,E,A,K,R,114,169,CE,O,7.953491
tcr_18_4,E,A,K,K,114,170,CE,O,6.5660586
tcr_18_4,E,A,K,K,114,170,CE,CA,7.7613063
tcr_18_4,E,A,K,W,114,171,CE,N,8.7992325
tcr_18_4,E,A,K,R,114,169,CE,C,8.844518
tcr_18_4,E,A,K,K,114,170,CE,CE,8.688877
tcr_18_4,E,A,K,K,114,170,CE,CD,8.84738
tcr_18_4,E,A,K,K,114,170,CE,CG,7.726583
tcr_18_4,E,A,K,K,114,170,CE,CB,8.4012785
tcr_18_4,E,A,K,K,114,170,CE,N,8.821448
tcr_18_4,E,A,K,R,114,175,NZ,CG,7.970897
tcr_18_4,E,A,K,R,114,175,NZ,NH2,9.408625
tcr_18_4,E,A,K,R,114,175,NZ,CD,8.731586
tcr_18_4,E,A,K,R,114,175,NZ,NE,8.513685
tcr_18_4,E,A,K,R,114,175,NZ,CZ,9.377912
tcr_18_4,E,A,K,R,114,175,NZ,C,9.488766
tcr_18_4,E,A,K,A,114,174,NZ,O,7.1148834
tcr_18_4,E,A,K,E,114,176,NZ,N,9.53258
tcr_18_4,E,A,K,E,114,172,NZ,N,8.536484
tcr_18_4,E,A,K,E,114,172,NZ,CA,8.409734
tcr_18_4,E,A,K,E,114,172,NZ,CB,9.106561
tcr_18_4,E,A,K,A,114,174,NZ,CB,5.9735465
tcr_18_4,E,A,K,A,114,174,NZ,N,4.9313927
tcr_18_4,E,A,K,A,114,173,NZ,O,3.4811633
tcr_18_4,E,A,K,R,114,175,NZ,CA,8.443715
tcr_18_4,E,A,K,A,114,174,NZ,CA,5.2953596
tcr_18_4,E,A,K,A,114,174,NZ,C,6.4898763
tcr_18_4,E,A,K,R,114,175,NZ,CB,8.639307
tcr_18_4,E,A,K,R,114,175,NZ,N,7.07654
tcr_18_4,E,A,K,A,114,173,NZ,C,4.139019
tcr_18_4,E,A,K,E,114,172,NZ,O,6.987022
tcr_18_4,E,A,K,E,114,172,NZ,C,7.015482
tcr_18_4,E,A,K,A,114,173,NZ,CA,4.6443224
tcr_18_4,E,A,K,W,114,171,NZ,O,8.154605
tcr_18_4,E,A,K,A,114,173,NZ,N,6.032683
tcr_18_4,E,A,K,A,114,173,NZ,CB,4.0948014
tcr_18_4,E,A,K,W,114,171,NZ,CA,8.733992
tcr_18_4,E,A,K,W,114,171,NZ,C,8.384031
tcr_18_4,E,A,K,K,114,170,NZ,C,7.3061914
tcr_18_4,E,A,K,R,114,169,NZ,O,7.289111
tcr_18_4,E,A,K,K,114,170,NZ,O,6.2333574
tcr_18_4,E,A,K,K,114,170,NZ,CA,7.576287
tcr_18_4,E,A,K,W,114,171,NZ,N,8.429621
tcr_18_4,E,A,K,R,114,169,NZ,C,8.309655
tcr_18_4,E,A,K,K,114,170,NZ,CE,9.310449
tcr_18_4,E,A,K,K,114,170,NZ,CD,9.283145
tcr_18_4,E,A,K,K,114,170,NZ,CG,8.000428
tcr_18_4,E,A,K,K,114,170,NZ,CB,8.459879
tcr_18_4,E,A,K,K,114,170,NZ,N,8.490339
tcr_18_4,E,A,K,R,114,169,NZ,CA,9.637844
tcr_18_4,E,A,S,T,115,97,N,OG1,9.726575
tcr_18_4,E,A,S,R,115,93,N,NH2,9.218794
tcr_18_4,E,A,S,A,115,174,N,O,8.540703
tcr_18_4,E,A,S,Q,115,179,N,OE1,9.834689
tcr_18_4,E,A,S,Q,115,179,N,NE2,9.29463
tcr_18_4,E,A,S,E,115,176,N,OE2,8.233777
tcr_18_4,E,A,S,E,115,176,N,OE1,9.746908
tcr_18_4,E,A,S,E,115,176,N,CD,9.260234
tcr_18_4,E,A,S,W,115,171,N,CG,9.906637
tcr_18_4,E,A,S,W,115,171,N,CD1,8.695817
tcr_18_4,E,A,S,W,115,171,N,NE1,8.910415
tcr_18_4,E,A,S,A,115,174,N,CB,6.5591593
tcr_18_4,E,A,S,A,115,174,N,N,8.357539
tcr_18_4,E,A,S,A,115,173,N,O,9.066076
tcr_18_4,E,A,S,A,115,174,N,CA,7.634594
tcr_18_4,E,A,S,A,115,174,N,C,8.703847
tcr_18_4,E,A,S,R,115,175,N,N,9.939034
tcr_18_4,E,A,S,A,115,173,N,C,9.02409
tcr_18_4,E,A,S,A,115,173,N,CB,9.597374
tcr_18_4,E,A,S,W,115,171,N,CA,9.518293
tcr_18_4,E,A,S,K,115,170,N,C,8.574178
tcr_18_4,E,A,S,K,115,170,N,O,7.8839207
tcr_18_4,E,A,S,K,115,170,N,CA,8.883898
tcr_18_4,E,A,S,W,115,171,N,N,9.347734
tcr_18_4,E,A,S,V,115,100,N,CG2,9.516187
tcr_18_4,E,A,S,T,115,97,N,CG2,9.305819
tcr_18_4,E,A,S,K,115,170,N,NZ,6.2163935
tcr_18_4,E,A,S,K,115,170,N,CE,5.646962
tcr_18_4,E,A,S,V,115,100,N,CG1,8.56996
tcr_18_4,E,A,S,V,115,100,N,CB,9.45228
tcr_18_4,E,A,S,K,115,170,N,CD,6.932117
tcr_18_4,E,A,S,N,115,104,N,ND2,9.102874
tcr_18_4,E,A,S,K,115,170,N,CG,6.9192266
tcr_18_4,E,A,S,K,115,170,N,CB,8.420552
tcr_18_4,E,A,S,T,115,97,CA,OG1,8.290139
tcr_18_4,E,A,S,R,115,93,CA,NH2,8.353563
tcr_18_4,E,A,S,R,115,93,CA,CZ,9.284981
tcr_18_4,E,A,S,R,115,93,CA,NE,9.322574
tcr_18_4,E,A,S,A,115,174,CA,O,9.017216
tcr_18_4,E,A,S,Q,115,179,CA,OE1,9.639486
tcr_18_4,E,A,S,Q,115,179,CA,NE2,9.318194
tcr_18_4,E,A,S,E,115,176,CA,OE2,7.855487
tcr_18_4,E,A,S,E,115,176,CA,CB,9.850631
tcr_18_4,E,A,S,E,115,176,CA,CG,9.748555
tcr_18_4,E,A,S,E,115,176,CA,OE1,9.100237
tcr_18_4,E,A,S,E,115,176,CA,CD,8.774462
tcr_18_4,E,A,S,W,115,171,CA,CG,9.622197
tcr_18_4,E,A,S,W,115,171,CA,CD1,8.354795
tcr_18_4,E,A,S,W,115,171,CA,CE2,9.620625
tcr_18_4,E,A,S,W,115,171,CA,NE1,8.347404
tcr_18_4,E,A,S,A,115,174,CA,CB,7.0369987
tcr_18_4,E,A,S,A,115,174,CA,N,9.0553665
tcr_18_4,E,A,S,A,115,174,CA,CA,8.284449
tcr_18_4,E,A,S,A,115,174,CA,C,9.243943
tcr_18_4,E,A,S,A,115,173,CA,C,9.870515
tcr_18_4,E,A,S,W,115,171,CA,CA,9.617644
tcr_18_4,E,A,S,K,115,170,CA,C,8.88733
tcr_18_4,E,A,S,K,115,170,CA,O,8.335348
tcr_18_4,E,A,S,K,115,170,CA,CA,9.226104
tcr_18_4,E,A,S,W,115,171,CA,N,9.504248
tcr_18_4,E,A,S,V,115,100,CA,CG2,8.265438
tcr_18_4,E,A,S,T,115,97,CA,CB,8.730881
tcr_18_4,E,A,S,T,115,97,CA,C,9.708771
tcr_18_4,E,A,S,T,115,97,CA,O,9.2979555
tcr_18_4,E,A,S,T,115,97,CA,CG2,7.903316
tcr_18_4,E,A,S,T,115,97,CA,CA,8.95828
tcr_18_4,E,A,S,T,115,97,CA,N,9.907904
tcr_18_4,E,A,S,V,115,100,CA,CA,9.684823
tcr_18_4,E,A,S,S,115,101,CA,OG,9.54471
tcr_18_4,E,A,S,R,115,103,CA,NH2,9.7509575
tcr_18_4,E,A,S,K,115,170,CA,NZ,5.6816053
tcr_18_4,E,A,S,K,115,170,CA,CE,5.400255
tcr_18_4,E,A,S,S,115,101,CA,N,9.995709
tcr_18_4,E,A,S,V,115,100,CA,CG1,7.459399
tcr_18_4,E,A,S,V,115,100,CA,CB,8.209862
tcr_18_4,E,A,S,K,115,170,CA,CD,6.8198414
tcr_18_4,E,A,S,N,115,104,CA,ND2,8.357294
tcr_18_4,E,A,S,V,115,100,CA,C,9.942817
tcr_18_4,E,A,S,N,115,104,CA,CG,9.582118
tcr_18_4,E,A,S,N,115,104,CA,OD1,9.86794
tcr_18_4,E,A,S,K,115,170,CA,CG,7.062392
tcr_18_4,E,A,S,K,115,170,CA,CB,8.586948
tcr_18_4,E,A,S,T,115,97,C,OG1,7.727418
tcr_18_4,E,A,S,R,115,93,C,NH2,6.962989
tcr_18_4,E,A,S,R,115,93,C,NH1,9.01487
tcr_18_4,E,A,S,R,115,93,C,CD,9.363406
tcr_18_4,E,A,S,R,115,93,C,CZ,7.9535074
tcr_18_4,E,A,S,R,115,93,C,NE,8.0503235
tcr_18_4,E,A,S,R,115,93,C,CG,9.460023
tcr_18_4,E,A,S,A,115,174,C,O,9.3754835
tcr_18_4,E,A,S,Q,115,179,C,OE1,9.194395
tcr_18_4,E,A,S,Q,115,179,C,CD,9.765403
tcr_18_4,E,A,S,Q,115,179,C,NE2,9.202954
tcr_18_4,E,A,S,E,115,176,C,OE2,8.059234
tcr_18_4,E,A,S,E,115,176,C,OE1,9.170842
tcr_18_4,E,A,S,E,115,176,C,CD,8.986961
tcr_18_4,E,A,S,W,115,171,C,CD1,9.308612
tcr_18_4,E,A,S,W,115,171,C,NE1,9.220002
tcr_18_4,E,A,S,A,115,174,C,CB,7.802669
tcr_18_4,E,A,S,A,115,174,C,N,9.945191
tcr_18_4,E,A,S,A,115,174,C,CA,9.004299
tcr_18_4,E,A,S,A,115,174,C,C,9.787371
tcr_18_4,E,A,S,K,115,170,C,O,9.527141
tcr_18_4,E,A,S,V,115,100,C,CG2,8.332569
tcr_18_4,E,A,S,T,115,97,C,CB,8.394812
tcr_18_4,E,A,S,Q,115,96,C,C,9.998216
tcr_18_4,E,A,S,Q,115,96,C,O,9.866866
tcr_18_4,E,A,S,T,115,97,C,C,9.640627
tcr_18_4,E,A,S,T,115,97,C,O,9.406217
tcr_18_4,E,A,S,T,115,97,C,CG2,7.7699785
tcr_18_4,E,A,S,T,115,97,C,CA,8.681795
tcr_18_4,E,A,S,T,115,97,C,N,9.466889
tcr_18_4,E,A,S,K,115,170,C,NZ,6.9859037
tcr_18_4,E,A,S,K,115,170,C,CE,6.8151784
tcr_18_4,E,A,S,V,115,100,C,CG1,7.9724607
tcr_18_4,E,A,S,V,115,100,C,CB,8.49683
tcr_18_4,E,A,S,K,115,170,C,CD,8.241768
tcr_18_4,E,A,S,N,115,104,C,ND2,9.413614
tcr_18_4,E,A,S,K,115,170,C,CG,8.484686
tcr_18_4,E,A,S,K,115,170,C,CB,9.993842
tcr_18_4,E,A,S,T,115,97,O,OG1,8.592698
tcr_18_4,E,A,S,R,115,93,O,NH2,6.7843523
tcr_18_4,E,A,S,R,115,93,O,NH1,8.890351
tcr_18_4,E,A,S,R,115,93,O,CD,9.567311
tcr_18_4,E,A,S,R,115,93,O,CZ,7.8991632
tcr_18_4,E,A,S,R,115,93,O,NE,8.172755
tcr_18_4,E,A,S,R,115,93,O,CG,9.812528
tcr_18_4,E,A,S,A,115,174,O,O,9.255378
tcr_18_4,E,A,S,Q,115,179,O,OE1,9.034414
tcr_18_4,E,A,S,Q,115,179,O,CD,9.627397
tcr_18_4,E,A,S,Q,115,179,O,NE2,9.093388
tcr_18_4,E,A,S,E,115,176,O,OE2,8.4665
tcr_18_4,E,A,S,E,115,176,O,OE1,9.70629
tcr_18_4,E,A,S,E,115,176,O,CD,9.481056
tcr_18_4,E,A,S,A,115,174,O,CB,7.9630356
tcr_18_4,E,A,S,A,115,174,O,CA,9.017518
tcr_18_4,E,A,S,A,115,174,O,C,9.74952
tcr_18_4,E,A,S,K,115,170,O,O,9.9678545
tcr_18_4,E,A,S,V,115,100,O,CG2,9.3712845
tcr_18_4,E,A,S,T,115,97,O,CB,9.375645
tcr_18_4,E,A,S,T,115,97,O,CG2,8.818585
tcr_18_4,E,A,S,T,115,97,O,CA,9.706207
tcr_18_4,E,A,S,K,115,170,O,NZ,8.064808
tcr_18_4,E,A,S,K,115,170,O,CE,7.768032
tcr_18_4,E,A,S,V,115,100,O,CG1,9.113292
tcr_18_4,E,A,S,V,115,100,O,CB,9.632556
tcr_18_4,E,A,S,K,115,170,O,CD,9.14609
tcr_18_4,E,A,S,K,115,170,O,CG,9.240739
tcr_18_4,E,A,S,T,115,97,CB,OG1,7.7786484
tcr_18_4,E,A,S,R,115,93,CB,NH2,8.460602
tcr_18_4,E,A,S,R,115,93,CB,CZ,9.265302
tcr_18_4,E,A,S,R,115,93,CB,NE,9.262213
tcr_18_4,E,A,S,A,115,174,CB,O,8.187113
tcr_18_4,E,A,S,Q,115,179,CB,OE1,8.856971
tcr_18_4,E,A,S,Q,115,179,CB,CD,9.188026
tcr_18_4,E,A,S,Q,115,179,CB,NE2,8.4241705
tcr_18_4,E,A,S,E,115,176,CB,CA,9.195796
tcr_18_4,E,A,S,E,115,176,CB,N,9.415111
tcr_18_4,E,A,S,E,115,176,CB,OE2,6.5323696
tcr_18_4,E,A,S,E,115,176,CB,CB,8.458726
tcr_18_4,E,A,S,E,115,176,CB,CG,8.303008
tcr_18_4,E,A,S,E,115,176,CB,OE1,7.7336183
tcr_18_4,E,A,S,E,115,176,CB,CD,7.385281
tcr_18_4,E,A,S,R,115,180,CB,NH2,9.426332
tcr_18_4,E,A,S,W,115,171,CB,CG,8.142255
tcr_18_4,E,A,S,W,115,171,CB,CD1,6.875869
tcr_18_4,E,A,S,W,115,171,CB,CD2,8.855426
tcr_18_4,E,A,S,W,115,171,CB,CE2,8.1055765
tcr_18_4,E,A,S,W,115,171,CB,NE1,6.8434043
tcr_18_4,E,A,S,W,115,171,CB,CB,8.889988
tcr_18_4,E,A,S,A,115,174,CB,CB,6.0821285
tcr_18_4,E,A,S,A,115,174,CB,N,8.216258
tcr_18_4,E,A,S,A,115,173,CB,O,9.479715
tcr_18_4,E,A,S,A,115,174,CB,CA,7.4654856
tcr_18_4,E,A,S,A,115,174,CB,C,8.365846
tcr_18_4,E,A,S,R,115,175,CB,N,9.510434
tcr_18_4,E,A,S,A,115,173,CB,C,9.167276
tcr_18_4,E,A,S,W,115,171,CB,O,9.216375
tcr_18_4,E,A,S,A,115,173,CB,CB,9.85707
tcr_18_4,E,A,S,W,115,171,CB,CA,8.296504
tcr_18_4,E,A,S,W,115,171,CB,C,9.302063
tcr_18_4,E,A,S,K,115,170,CB,C,7.7758517
tcr_18_4,E,A,S,K,115,170,CB,O,7.3083653
tcr_18_4,E,A,S,K,115,170,CB,CA,8.227939
tcr_18_4,E,A,S,W,115,171,CB,N,8.256166
tcr_18_4,E,A,S,V,115,100,CB,CG2,8.378133
tcr_18_4,E,A,S,T,115,97,CB,CB,8.089923
tcr_18_4,E,A,S,T,115,97,CB,C,9.12324
tcr_18_4,E,A,S,T,115,97,CB,O,8.707836
tcr_18_4,E,A,S,T,115,97,CB,CG2,7.0642557
tcr_18_4,E,A,S,T,115,97,CB,CA,8.483117
tcr_18_4,E,A,S,T,115,97,CB,N,9.58254
tcr_18_4,E,A,S,V,115,100,CB,CA,9.477975
tcr_18_4,E,A,S,S,115,101,CB,CB,9.829756
tcr_18_4,E,A,S,W,115,171,CB,CZ2,8.856749
tcr_18_4,E,A,S,S,115,101,CB,OG,8.577214
tcr_18_4,E,A,S,T,115,167,CB,CG2,9.964142
tcr_18_4,E,A,S,S,115,101,CB,CA,9.795996
tcr_18_4,E,A,S,Y,115,108,CB,OH,9.778792
tcr_18_4,E,A,S,K,115,170,CB,NZ,4.88263
tcr_18_4,E,A,S,K,115,170,CB,CE,4.519138
tcr_18_4,E,A,S,S,115,101,CB,N,9.415711
tcr_18_4,E,A,S,V,115,100,CB,CG1,7.386434
tcr_18_4,E,A,S,V,115,100,CB,CB,8.079803
tcr_18_4,E,A,S,K,115,170,CB,CD,5.8686275
tcr_18_4,E,A,S,N,115,104,CB,ND2,7.9262233
tcr_18_4,E,A,S,V,115,100,CB,C,9.5454235
tcr_18_4,E,A,S,N,115,104,CB,CG,9.216492
tcr_18_4,E,A,S,N,115,104,CB,OD1,9.685286
tcr_18_4,E,A,S,T,115,167,CB,O,9.605516
tcr_18_4,E,A,S,K,115,170,CB,CG,6.094477
tcr_18_4,E,A,S,K,115,170,CB,CB,7.5757494
tcr_18_4,E,A,S,K,115,170,CB,N,9.646336
tcr_18_4,E,A,S,Q,115,179,OG,CG,9.272129
tcr_18_4,E,A,S,T,115,97,OG,OG1,7.887176
tcr_18_4,E,A,S,R,115,93,OG,NH2,7.806137
tcr_18_4,E,A,S,R,115,93,OG,NH1,9.495553
tcr_18_4,E,A,S,R,115,93,OG,CD,9.969819
tcr_18_4,E,A,S,R,115,93,OG,CZ,8.624965
tcr_18_4,E,A,S,R,115,93,OG,NE,8.774295
tcr_18_4,E,A,S,R,115,180,OG,NE,9.81501
tcr_18_4,E,A,S,R,115,180,OG,CZ,9.911543
tcr_18_4,E,A,S,E,115,176,OG,O,9.852437
tcr_18_4,E,A,S,R,115,175,OG,C,9.054207
tcr_18_4,E,A,S,A,115,174,OG,O,7.055672
tcr_18_4,E,A,S,Q,115,179,OG,OE1,7.4666038
tcr_18_4,E,A,S,Q,115,179,OG,CD,7.8020287
tcr_18_4,E,A,S,Q,115,179,OG,NE2,7.059656
tcr_18_4,E,A,S,Q,115,179,OG,CB,9.740005
tcr_18_4,E,A,S,R,115,175,OG,O,9.55664
tcr_18_4,E,A,S,E,115,176,OG,CA,8.139877
tcr_18_4,E,A,S,E,115,176,OG,N,8.376979
tcr_18_4,E,A,S,E,115,176,OG,C,9.539697
tcr_18_4,E,A,S,E,115,176,OG,OE2,5.4512362
tcr_18_4,E,A,S,E,115,176,OG,CB,7.5631285
tcr_18_4,E,A,S,E,115,176,OG,CG,7.439747
tcr_18_4,E,A,S,E,115,176,OG,OE1,6.796488
tcr_18_4,E,A,S,E,115,176,OG,CD,6.413204
tcr_18_4,E,A,S,R,115,180,OG,NH2,8.927174
tcr_18_4,E,A,S,W,115,171,OG,CG,7.865813
tcr_18_4,E,A,S,W,115,171,OG,CD1,6.707222
tcr_18_4,E,A,S,W,115,171,OG,CD2,8.60995
tcr_18_4,E,A,S,W,115,171,OG,CE2,7.979087
tcr_18_4,E,A,S,W,115,171,OG,NE1,6.78148
tcr_18_4,E,A,S,W,115,171,OG,CE3,9.923153
tcr_18_4,E,A,S,E,115,172,OG,N,9.924221
tcr_18_4,E,A,S,W,115,171,OG,CB,8.509614
tcr_18_4,E,A,S,A,115,174,OG,CB,5.298131
tcr_18_4,E,A,S,A,115,174,OG,N,7.5918984
tcr_18_4,E,A,S,A,115,173,OG,O,8.868058
tcr_18_4,E,A,S,R,115,175,OG,CA,9.494843
tcr_18_4,E,A,S,A,115,174,OG,CA,6.6542683
tcr_18_4,E,A,S,A,115,174,OG,C,7.375165
tcr_18_4,E,A,S,R,115,175,OG,N,8.555821
tcr_18_4,E,A,S,A,115,173,OG,C,8.60859
tcr_18_4,E,A,S,A,115,173,OG,CA,9.696458
tcr_18_4,E,A,S,W,115,171,OG,O,8.526116
tcr_18_4,E,A,S,A,115,173,OG,N,9.933005
tcr_18_4,E,A,S,A,115,173,OG,CB,9.643853
tcr_18_4,E,A,S,W,115,171,OG,CA,7.9086456
tcr_18_4,E,A,S,W,115,171,OG,C,8.779339
tcr_18_4,E,A,S,K,115,170,OG,C,7.7131786
tcr_18_4,E,A,S,K,115,170,OG,O,7.1250863
tcr_18_4,E,A,S,K,115,170,OG,CA,8.410032
tcr_18_4,E,A,S,W,115,171,OG,N,8.102307
tcr_18_4,E,A,S,V,115,100,OG,CG2,9.444988
tcr_18_4,E,A,S,T,115,97,OG,CB,8.325876
tcr_18_4,E,A,S,T,115,97,OG,C,9.678285
tcr_18_4,E,A,S,T,115,97,OG,O,9.401071
tcr_18_4,E,A,S,T,115,97,OG,CG2,7.2910395
tcr_18_4,E,A,S,T,115,97,OG,CA,8.944808
tcr_18_4,E,A,S,W,115,171,OG,CZ2,8.775558
tcr_18_4,E,A,S,S,115,101,OG,OG,9.222323
tcr_18_4,E,A,S,K,115,170,OG,NZ,5.946671
tcr_18_4,E,A,S,K,115,170,OG,CE,5.4154453
tcr_18_4,E,A,S,V,115,100,OG,CG1,8.603947
tcr_18_4,E,A,S,V,115,100,OG,CB,9.166623
tcr_18_4,E,A,S,K,115,170,OG,CD,6.590517
tcr_18_4,E,A,S,N,115,104,OG,ND2,9.154917
tcr_18_4,E,A,S,T,115,167,OG,O,9.729483
tcr_18_4,E,A,S,K,115,170,OG,CG,6.570617
tcr_18_4,E,A,S,K,115,170,OG,CB,7.9645925
tcr_18_4,E,A,S,K,115,170,OG,N,9.820446
tcr_18_4,E,A,G,R,116,93,N,C,9.620627
tcr_18_4,E,A,G,T,116,97,N,OG1,6.4618382
tcr_18_4,E,A,G,R,116,93,N,O,8.720837
tcr_18_4,E,A,G,R,116,93,N,NH2,6.185457
tcr_18_4,E,A,G,R,116,93,N,NH1,8.193082
tcr_18_4,E,A,G,R,116,93,N,CD,8.249057
tcr_18_4,E,A,G,R,116,93,N,CZ,7.0591345
tcr_18_4,E,A,G,R,116,93,N,NE,6.99982
tcr_18_4,E,A,G,R,116,93,N,CG,8.241381
tcr_18_4,E,A,G,R,116,93,N,CB,9.714657
tcr_18_4,E,A,G,Q,116,96,N,OE1,9.232388
tcr_18_4,E,A,G,Q,116,179,N,OE1,9.24413
tcr_18_4,E,A,G,Q,116,179,N,CD,9.91744
tcr_18_4,E,A,G,Q,116,179,N,NE2,9.48355
tcr_18_4,E,A,G,E,116,176,N,OE2,8.076786
tcr_18_4,E,A,G,E,116,176,N,OE1,8.885129
tcr_18_4,E,A,G,E,116,176,N,CD,8.877832
tcr_18_4,E,A,G,W,116,171,N,CD1,9.418652
tcr_18_4,E,A,G,W,116,171,N,NE1,9.14149
tcr_18_4,E,A,G,A,116,174,N,CB,8.535266
tcr_18_4,E,A,G,A,116,174,N,CA,9.820933
tcr_18_4,E,A,G,Q,116,96,N,CB,9.254973
tcr_18_4,E,A,G,V,116,100,N,CG2,7.4684396
tcr_18_4,E,A,G,T,116,97,N,CB,7.186621
tcr_18_4,E,A,G,Q,116,96,N,C,8.755541
tcr_18_4,E,A,G,Q,116,96,N,O,8.694248
tcr_18_4,E,A,G,T,116,97,N,C,8.51471
tcr_18_4,E,A,G,T,116,97,N,O,8.377869
tcr_18_4,E,A,G,D,116,98,N,N,9.737497
tcr_18_4,E,A,G,T,116,97,N,CG2,6.6842136
tcr_18_4,E,A,G,T,116,97,N,CA,7.4724607
tcr_18_4,E,A,G,Q,116,96,N,CA,9.786108
tcr_18_4,E,A,G,T,116,97,N,N,8.200317
tcr_18_4,E,A,G,V,116,100,N,CA,9.214071
tcr_18_4,E,A,G,V,116,100,N,N,9.775942
tcr_18_4,E,A,G,S,116,101,N,OG,9.294471
tcr_18_4,E,A,G,K,116,170,N,NZ,7.100251
tcr_18_4,E,A,G,K,116,170,N,CE,7.1585793
tcr_18_4,E,A,G,S,116,101,N,N,9.711763
tcr_18_4,E,A,G,V,116,100,N,CG1,7.379653
tcr_18_4,E,A,G,V,116,100,N,CB,7.6942277
tcr_18_4,E,A,G,K,116,170,N,CD,8.613563
tcr_18_4,E,A,G,N,116,104,N,ND2,9.209525
tcr_18_4,E,A,G,V,116,100,N,C,9.733791
tcr_18_4,E,A,G,K,116,170,N,CG,9.019827
tcr_18_4,E,A,G,Q,116,94,CA,OE1,9.848345
tcr_18_4,E,A,G,Q,116,94,CA,N,9.738469
tcr_18_4,E,A,G,Q,116,94,CA,CA,9.984152
tcr_18_4,E,A,G,R,116,93,CA,C,8.822157
tcr_18_4,E,A,G,T,116,97,CA,OG1,6.1177964
tcr_18_4,E,A,G,R,116,93,CA,O,8.025603
tcr_18_4,E,A,G,R,116,93,CA,NH2,4.837136
tcr_18_4,E,A,G,R,116,93,CA,NH1,6.907116
tcr_18_4,E,A,G,R,116,93,CA,CD,7.038959
tcr_18_4,E,A,G,R,116,93,CA,CZ,5.7457943
tcr_18_4,E,A,G,R,116,93,CA,NE,5.728752
tcr_18_4,E,A,G,R,116,93,CA,CA,9.046017
tcr_18_4,E,A,G,R,116,93,CA,CG,7.1232986
tcr_18_4,E,A,G,R,116,93,CA,CB,8.622552
tcr_18_4,E,A,G,Q,116,96,CA,OE1,8.333609
tcr_18_4,E,A,G,Q,116,179,CA,OE1,9.054414
tcr_18_4,E,A,G,Q,116,179,CA,CD,9.872764
tcr_18_4,E,A,G,Q,116,179,CA,NE2,9.620961
tcr_18_4,E,A,G,E,116,176,CA,OE2,8.515681
tcr_18_4,E,A,G,E,116,176,CA,OE1,9.1490755
tcr_18_4,E,A,G,E,116,176,CA,CD,9.283115
tcr_18_4,E,A,G,A,116,174,CA,CB,9.441695
tcr_18_4,E,A,G,Q,116,96,CA,CB,8.683683
tcr_18_4,E,A,G,Q,116,96,CA,CG,9.789646
tcr_18_4,E,A,G,Q,116,96,CA,CD,9.414855
tcr_18_4,E,A,G,V,116,100,CA,CG2,7.900405
tcr_18_4,E,A,G,T,116,97,CA,CB,7.0835223
tcr_18_4,E,A,G,Q,116,96,CA,C,8.534762
tcr_18_4,E,A,G,Q,116,96,CA,O,8.647387
tcr_18_4,E,A,G,T,116,97,CA,C,8.672786
tcr_18_4,E,A,G,T,116,97,CA,O,8.733413
tcr_18_4,E,A,G,D,116,98,CA,N,9.81795
tcr_18_4,E,A,G,T,116,97,CA,CG2,6.834972
tcr_18_4,E,A,G,T,116,97,CA,CA,7.4448967
tcr_18_4,E,A,G,Q,116,96,CA,CA,9.388857
tcr_18_4,E,A,G,T,116,97,CA,N,7.959441
tcr_18_4,E,A,G,V,116,100,CA,CA,9.807332
tcr_18_4,E,A,G,S,116,101,CA,OG,9.982475
tcr_18_4,E,A,G,K,116,170,CA,NZ,8.462912
tcr_18_4,E,A,G,K,116,170,CA,CE,8.561785
tcr_18_4,E,A,G,V,116,100,CA,CG1,8.221151
tcr_18_4,E,A,G,V,116,100,CA,CB,8.308652
tcr_18_4,E,A,G,K,116,170,CA,CD,9.999258
tcr_18_4,E,A,G,Q,116,94,C,OE1,9.512526
tcr_18_4,E,A,G,Q,116,94,C,N,9.6977415
tcr_18_4,E,A,G,Q,116,94,C,CA,9.98385
tcr_18_4,E,A,G,R,116,93,C,C,8.890496
tcr_18_4,E,A,G,T,116,97,C,OG1,6.395416
tcr_18_4,E,A,G,R,116,93,C,O,8.256887
tcr_18_4,E,A,G,R,116,93,C,NH2,3.8331232
tcr_18_4,E,A,G,R,116,93,C,NH1,5.853498
tcr_18_4,E,A,G,R,116,93,C,CD,6.4837666
tcr_18_4,E,A,G,R,116,93,C,CZ,4.8298655
tcr_18_4,E,A,G,R,116,93,C,NE,5.0894876
tcr_18_4,E,A,G,R,116,93,C,CA,9.061591
tcr_18_4,E,A,G,R,116,93,C,CG,6.8769994
tcr_18_4,E,A,G,R,116,93,C,CB,8.400538
tcr_18_4,E,A,G,Q,116,96,C,OE1,9.00475
tcr_18_4,E,A,G,A,116,174,C,O,9.733528
tcr_18_4,E,A,G,Q,116,179,C,OE1,7.668392
tcr_18_4,E,A,G,Q,116,179,C,CD,8.5528555
tcr_18_4,E,A,G,Q,116,179,C,NE2,8.413918
tcr_18_4,E,A,G,E,116,176,C,OE2,7.6900826
tcr_18_4,E,A,G,E,116,176,C,CG,9.9103775
tcr_18_4,E,A,G,E,116,176,C,OE1,8.329529
tcr_18_4,E,A,G,E,116,176,C,CD,8.487777
tcr_18_4,E,A,G,A,116,174,C,CB,8.963631
tcr_18_4,E,A,G,Q,116,96,C,CB,9.447918
tcr_18_4,E,A,G,V,116,100,C,CG2,9.215653
tcr_18_4,E,A,G,T,116,97,C,CB,7.4636126
tcr_18_4,E,A,G,Q,116,96,C,C,9.35399
tcr_18_4,E,A,G,Q,116,96,C,O,9.617656
tcr_18_4,E,A,G,T,116,97,C,C,9.362065
tcr_18_4,E,A,G,T,116,97,C,O,9.534868
tcr_18_4,E,A,G,T,116,97,C,CG2,7.166074
tcr_18_4,E,A,G,T,116,97,C,CA,8.098855
tcr_18_4,E,A,G,T,116,97,C,N,8.618788
tcr_18_4,E,A,G,K,116,170,C,NZ,9.215036
tcr_18_4,E,A,G,K,116,170,C,CE,9.151378
tcr_18_4,E,A,G,V,116,100,C,CG1,9.49648
tcr_18_4,E,A,G,V,116,100,C,CB,9.532162
tcr_18_4,E,A,G,Q,116,94,O,OE1,9.64198
tcr_18_4,E,A,G,Q,116,94,O,N,9.504784
tcr_18_4,E,A,G,Q,116,94,O,CA,9.955861
tcr_18_4,E,A,G,R,116,93,O,C,8.669004
tcr_18_4,E,A,G,T,116,97,O,OG1,6.6998
tcr_18_4,E,A,G,R,116,93,O,O,8.168189
tcr_18_4,E,A,G,R,116,93,O,NH2,2.7455955
tcr_18_4,E,A,G,R,116,93,O,NH1,4.8640304
tcr_18_4,E,A,G,R,116,93,O,CD,5.7719865
tcr_18_4,E,A,G,R,116,93,O,CZ,3.870414
tcr_18_4,E,A,G,R,116,93,O,NE,4.311929
tcr_18_4,E,A,G,R,116,93,O,CA,8.648749
tcr_18_4,E,A,G,R,116,93,O,CG,6.336601
tcr_18_4,E,A,G,R,116,93,O,CB,7.8463297
tcr_18_4,E,A,G,Q,116,96,O,OE1,8.696382
tcr_18_4,E,A,G,Q,116,179,O,OE1,7.7459908
tcr_18_4,E,A,G,Q,116,179,O,CD,8.736803
tcr_18_4,E,A,G,Q,116,179,O,NE2,8.762152
tcr_18_4,E,A,G,E,116,176,O,OE2,8.386687
tcr_18_4,E,A,G,E,116,176,O,OE1,8.904389
tcr_18_4,E,A,G,E,116,176,O,CD,9.150579
tcr_18_4,E,A,G,A,116,174,O,CB,9.880535
tcr_18_4,E,A,G,Q,116,96,O,CB,9.4431095
tcr_18_4,E,A,G,Q,116,96,O,CD,9.866817
tcr_18_4,E,A,G,V,116,100,O,CG2,9.909091
tcr_18_4,E,A,G,T,116,97,O,CB,7.9044294
tcr_18_4,E,A,G,Q,116,96,O,C,9.641993
tcr_18_4,E,A,G,T,116,97,O,C,9.928688
tcr_18_4,E,A,G,T,116,97,O,CG2,7.7948313
tcr_18_4,E,A,G,T,116,97,O,CA,8.571871
tcr_18_4,E,A,G,T,116,97,O,N,8.916706
tcr_18_4,E,A,S,Q,117,179,N,CG,8.872519
tcr_18_4,E,A,S,Q,117,94,N,OE1,9.3812275
tcr_18_4,E,A,S,R,117,93,N,C,9.485171
tcr_18_4,E,A,S,T,117,97,N,OG1,6.716263
tcr_18_4,E,A,S,R,117,93,N,O,8.865448
tcr_18_4,E,A,S,R,117,93,N,NH2,4.539458
tcr_18_4,E,A,S,R,117,93,N,NH1,6.3222547
tcr_18_4,E,A,S,R,117,93,N,CD,7.1255035
tcr_18_4,E,A,S,R,117,93,N,CZ,5.4539695
tcr_18_4,E,A,S,R,117,93,N,NE,5.7930017
tcr_18_4,E,A,S,R,117,93,N,CA,9.796274
tcr_18_4,E,A,S,R,117,93,N,CG,7.599521
tcr_18_4,E,A,S,R,117,93,N,CB,9.1002445
tcr_18_4,E,A,S,A,117,174,N,O,8.443318
tcr_18_4,E,A,S,Q,117,179,N,OE1,6.5867825
tcr_18_4,E,A,S,Q,117,179,N,CD,7.389322
tcr_18_4,E,A,S,Q,117,179,N,NE2,7.164766
tcr_18_4,E,A,S,Q,117,179,N,CB,9.305553
tcr_18_4,E,A,S,E,117,176,N,CA,9.356383
tcr_18_4,E,A,S,E,117,176,N,N,9.843884
tcr_18_4,E,A,S,E,117,176,N,OE2,6.4149632
tcr_18_4,E,A,S,E,117,176,N,CB,9.1071825
tcr_18_4,E,A,S,E,117,176,N,CG,8.680915
tcr_18_4,E,A,S,E,117,176,N,OE1,7.215642
tcr_18_4,E,A,S,E,117,176,N,CD,7.274546
tcr_18_4,E,A,S,R,117,180,N,NH2,9.713203
tcr_18_4,E,A,S,W,117,171,N,CD1,9.217436
tcr_18_4,E,A,S,W,117,171,N,NE1,9.056806
tcr_18_4,E,A,S,A,117,174,N,CB,7.7132907
tcr_18_4,E,A,S,A,117,174,N,CA,8.868506
tcr_18_4,E,A,S,A,117,174,N,C,9.1638565
tcr_18_4,E,A,S,V,117,100,N,CG2,9.749847
tcr_18_4,E,A,S,T,117,97,N,CB,7.657471
tcr_18_4,E,A,S,Q,117,96,N,C,9.97823
tcr_18_4,E,A,S,T,117,97,N,C,9.586946
tcr_18_4,E,A,S,T,117,97,N,O,9.700537
tcr_18_4,E,A,S,T,117,97,N,CG2,7.116777
tcr_18_4,E,A,S,T,117,97,N,CA,8.439659
tcr_18_4,E,A,S,T,117,97,N,N,9.136514
tcr_18_4,E,A,S,K,117,170,N,NZ,8.704277
tcr_18_4,E,A,S,K,117,170,N,CE,8.48314
tcr_18_4,E,A,S,V,117,100,N,CG1,9.737221
tcr_18_4,E,A,S,V,117,100,N,CB,9.86788
tcr_18_4,E,A,S,K,117,170,N,CD,9.733483
tcr_18_4,E,A,S,K,117,170,N,CG,9.824814
tcr_18_4,E,A,S,Q,117,179,CA,CG,7.5516872
tcr_18_4,E,A,S,Q,117,179,CA,CA,9.540995
tcr_18_4,E,A,S,Q,117,94,CA,OE1,9.321215
tcr_18_4,E,A,S,R,117,93,CA,C,9.8532915
tcr_18_4,E,A,S,T,117,97,CA,OG1,7.354893
tcr_18_4,E,A,S,R,117,93,CA,O,9.386642
tcr_18_4,E,A,S,R,117,93,CA,NH2,4.3773584
tcr_18_4,E,A,S,R,117,93,CA,NH1,5.8279605
tcr_18_4,E,A,S,R,117,93,CA,CD,7.0824494
tcr_18_4,E,A,S,R,117,93,CA,CZ,5.222374
tcr_18_4,E,A,S,R,117,93,CA,NE,5.7961674
tcr_18_4,E,A,S,R,117,93,CA,CG,7.8037863
tcr_18_4,E,A,S,R,117,93,CA,CB,9.252813
tcr_18_4,E,A,S,R,117,180,CA,NE,9.773169
tcr_18_4,E,A,S,E,117,176,CA,O,9.493231
tcr_18_4,E,A,S,R,117,175,CA,C,9.471303
tcr_18_4,E,A,S,A,117,174,CA,O,7.7390966
tcr_18_4,E,A,S,Q,117,179,CA,OE1,5.213188
tcr_18_4,E,A,S,Q,117,179,CA,CD,6.0947223
tcr_18_4,E,A,S,Q,117,179,CA,NE2,6.0192957
tcr_18_4,E,A,S,Q,117,179,CA,CB,8.01236
tcr_18_4,E,A,S,R,117,175,CA,O,9.458385
tcr_18_4,E,A,S,E,117,176,CA,CA,8.575976
tcr_18_4,E,A,S,E,117,176,CA,N,9.100386
tcr_18_4,E,A,S,E,117,176,CA,C,9.658411
tcr_18_4,E,A,S,E,117,176,CA,OE2,5.7912683
tcr_18_4,E,A,S,E,117,176,CA,CB,8.53095
tcr_18_4,E,A,S,E,117,176,CA,CG,8.122158
tcr_18_4,E,A,S,E,117,176,CA,OE1,6.5836306
tcr_18_4,E,A,S,E,117,176,CA,CD,6.660934
tcr_18_4,E,A,S,R,117,180,CA,NH2,9.429749
tcr_18_4,E,A,S,W,117,171,CA,CD1,9.323365
tcr_18_4,E,A,S,W,117,171,CA,NE1,9.244186
tcr_18_4,E,A,S,A,117,174,CA,CB,7.5119114
tcr_18_4,E,A,S,A,117,174,CA,N,9.854927
tcr_18_4,E,A,S,A,117,174,CA,CA,8.541822
tcr_18_4,E,A,S,A,117,174,CA,C,8.596876
tcr_18_4,E,A,S,R,117,175,CA,N,9.762053
tcr_18_4,E,A,S,T,117,97,CA,CB,8.324932
tcr_18_4,E,A,S,T,117,97,CA,CG2,7.76547
tcr_18_4,E,A,S,T,117,97,CA,CA,9.2926855
tcr_18_4,E,A,S,T,117,97,CA,N,9.975389
tcr_18_4,E,A,S,K,117,170,CA,NZ,9.664952
tcr_18_4,E,A,S,K,117,170,CA,CE,9.323434
tcr_18_4,E,A,S,Q,117,179,C,CG,7.6125097
tcr_18_4,E,A,S,Q,117,179,C,CA,9.772881
tcr_18_4,E,A,S,T,117,97,C,OG1,8.589664
tcr_18_4,E,A,S,R,117,93,C,NH2,4.2767625
tcr_18_4,E,A,S,R,117,93,C,NH1,5.7429576
tcr_18_4,E,A,S,R,117,93,C,CD,7.5029764
tcr_18_4,E,A,S,R,117,93,C,CZ,5.300202
tcr_18_4,E,A,S,R,117,93,C,NE,6.1456876
tcr_18_4,E,A,S,R,117,93,C,CG,8.397807
tcr_18_4,E,A,S,R,117,93,C,CB,9.836563
tcr_18_4,E,A,S,R,117,175,C,C,9.875367
tcr_18_4,E,A,S,A,117,174,C,O,7.937759
tcr_18_4,E,A,S,Q,117,179,C,OE1,5.27279
tcr_18_4,E,A,S,Q,117,179,C,CD,6.199322
tcr_18_4,E,A,S,Q,117,179,C,NE2,6.217467
tcr_18_4,E,A,S,Q,117,179,C,CB,8.28174
tcr_18_4,E,A,S,R,117,175,C,O,9.770504
tcr_18_4,E,A,S,E,117,176,C,CA,9.306358
tcr_18_4,E,A,S,E,117,176,C,N,9.695746
tcr_18_4,E,A,S,E,117,176,C,OE2,6.826548
tcr_18_4,E,A,S,E,117,176,C,CB,9.46604
tcr_18_4,E,A,S,E,117,176,C,CG,9.201272
tcr_18_4,E,A,S,E,117,176,C,OE1,7.7553134
tcr_18_4,E,A,S,E,117,176,C,CD,7.7666845
tcr_18_4,E,A,S,A,117,174,C,CB,8.089865
tcr_18_4,E,A,S,A,117,174,C,CA,8.917249
tcr_18_4,E,A,S,A,117,174,C,C,8.899
tcr_18_4,E,A,S,T,117,97,C,CB,9.654352
tcr_18_4,E,A,S,T,117,97,C,CG2,9.200281
tcr_18_4,E,A,S,Q,117,179,O,CG,8.085314
tcr_18_4,E,A,S,T,117,97,O,OG1,9.447494
tcr_18_4,E,A,S,R,117,93,O,NH2,5.141523
tcr_18_4,E,A,S,R,117,93,O,NH1,6.7561216
tcr_18_4,E,A,S,R,117,93,O,CD,8.529573
tcr_18_4,E,A,S,R,117,93,O,CZ,6.2757044
tcr_18_4,E,A,S,R,117,93,O,NE,7.1219735
tcr_18_4,E,A,S,R,117,93,O,CG,9.374466
tcr_18_4,E,A,S,R,117,175,O,C,9.988689
tcr_18_4,E,A,S,A,117,174,O,O,7.7464485
tcr_18_4,E,A,S,Q,117,179,O,OE1,5.868945
tcr_18_4,E,A,S,Q,117,179,O,CD,6.656608
tcr_18_4,E,A,S,Q,117,179,O,NE2,6.5085382
tcr_18_4,E,A,S,Q,117,179,O,CB,8.923219
tcr_18_4,E,A,S,R,117,175,O,O,9.958778
tcr_18_4,E,A,S,E,117,176,O,CA,9.663846
tcr_18_4,E,A,S,E,117,176,O,N,9.877346
tcr_18_4,E,A,S,E,117,176,O,OE2,7.34432
tcr_18_4,E,A,S,E,117,176,O,CB,9.846822
tcr_18_4,E,A,S,E,117,176,O,CG,9.750449
tcr_18_4,E,A,S,E,117,176,O,OE1,8.534183
tcr_18_4,E,A,S,E,117,176,O,CD,8.3931465
tcr_18_4,E,A,S,A,117,174,O,CB,7.8489923
tcr_18_4,E,A,S,A,117,174,O,N,9.94739
tcr_18_4,E,A,S,A,117,174,O,CA,8.579623
tcr_18_4,E,A,S,A,117,174,O,C,8.672642
tcr_18_4,E,A,S,R,117,175,O,N,9.9247265
tcr_18_4,E,A,S,T,117,97,O,CG2,9.981902
tcr_18_4,E,A,S,Q,117,179,CB,O,9.87245
tcr_18_4,E,A,S,Q,117,179,CB,CG,6.4782476
tcr_18_4,E,A,S,Q,117,179,CB,CA,8.505307
tcr_18_4,E,A,S,Q,117,179,CB,N,9.034515
tcr_18_4,E,A,S,Q,117,94,CB,OE1,9.523359
tcr_18_4,E,A,S,T,117,97,CB,OG1,7.991743
tcr_18_4,E,A,S,R,117,93,CB,NH2,5.809343
tcr_18_4,E,A,S,R,117,93,CB,NH1,7.0299706
tcr_18_4,E,A,S,R,117,93,CB,CD,8.250957
tcr_18_4,E,A,S,R,117,93,CB,CZ,6.5380015
tcr_18_4,E,A,S,R,117,93,CB,NE,7.070943
tcr_18_4,E,A,S,R,117,93,CB,CG,8.947288
tcr_18_4,E,A,S,Q,117,179,CB,C,9.200909
tcr_18_4,E,A,S,R,117,180,CB,N,9.361998
tcr_18_4,E,A,S,R,117,180,CB,CG,9.190041
tcr_18_4,E,A,S,A,117,177,CB,N,9.480996
tcr_18_4,E,A,S,R,117,180,CB,NE,8.768321
tcr_18_4,E,A,S,R,117,180,CB,CD,9.709513
tcr_18_4,E,A,S,R,117,180,CB,CZ,9.229949
tcr_18_4,E,A,S,E,117,176,CB,O,8.164798
tcr_18_4,E,A,S,R,117,175,CB,C,7.977553
tcr_18_4,E,A,S,A,117,174,CB,O,6.3111424
tcr_18_4,E,A,S,Q,117,179,CB,OE1,4.2968435
tcr_18_4,E,A,S,Q,117,179,CB,CD,4.9782047
tcr_18_4,E,A,S,Q,117,179,CB,NE2,4.7043877
tcr_18_4,E,A,S,Q,117,179,CB,CB,6.972896
tcr_18_4,E,A,S,R,117,175,CB,O,8.022771
tcr_18_4,E,A,S,E,117,176,CB,CA,7.098821
tcr_18_4,E,A,S,E,117,176,CB,N,7.581391
tcr_18_4,E,A,S,E,117,176,CB,C,8.241009
tcr_18_4,E,A,S,E,117,176,CB,OE2,4.405504
tcr_18_4,E,A,S,E,117,176,CB,CB,7.077379
tcr_18_4,E,A,S,E,117,176,CB,CG,6.7899427
tcr_18_4,E,A,S,E,117,176,CB,OE1,5.506431
tcr_18_4,E,A,S,E,117,176,CB,CD,5.387195
tcr_18_4,E,A,S,R,117,180,CB,NH2,8.5575485
tcr_18_4,E,A,S,W,117,171,CB,CG,8.942382
tcr_18_4,E,A,S,W,117,171,CB,CD1,8.132117
tcr_18_4,E,A,S,W,117,171,CB,CD2,9.501601
tcr_18_4,E,A,S,W,117,171,CB,CE2,9.042442
tcr_18_4,E,A,S,W,117,171,CB,NE1,8.196985
tcr_18_4,E,A,S,W,117,171,CB,CB,9.435379
tcr_18_4,E,A,S,A,117,174,CB,CB,6.1292253
tcr_18_4,E,A,S,A,117,174,CB,N,8.470731
tcr_18_4,E,A,S,A,117,173,CB,O,9.651707
tcr_18_4,E,A,S,R,117,175,CB,CA,8.744659
tcr_18_4,E,A,S,A,117,174,CB,CA,7.1538386
tcr_18_4,E,A,S,A,117,174,CB,C,7.146551
tcr_18_4,E,A,S,R,117,175,CB,CB,9.189607
tcr_18_4,E,A,S,R,117,175,CB,N,8.280988
tcr_18_4,E,A,S,A,117,173,CB,C,9.557522
tcr_18_4,E,A,S,W,117,171,CB,O,8.934777
tcr_18_4,E,A,S,W,117,171,CB,CA,9.037207
tcr_18_4,E,A,S,W,117,171,CB,C,9.5769825
tcr_18_4,E,A,S,K,117,170,CB,C,9.662918
tcr_18_4,E,A,S,K,117,170,CB,O,8.96883
tcr_18_4,E,A,S,W,117,171,CB,N,9.751591
tcr_18_4,E,A,S,T,117,97,CB,CB,8.776961
tcr_18_4,E,A,S,T,117,97,CB,CG2,7.9805765
tcr_18_4,E,A,S,T,117,97,CB,CA,9.817973
tcr_18_4,E,A,S,W,117,171,CB,CZ2,9.679981
tcr_18_4,E,A,S,K,117,170,CB,NZ,9.173065
tcr_18_4,E,A,S,K,117,170,CB,CE,8.660797
tcr_18_4,E,A,S,K,117,170,CB,CD,9.631691
tcr_18_4,E,A,S,K,117,170,CB,CG,9.413576
tcr_18_4,E,A,S,Q,117,179,OG,O,8.743836
tcr_18_4,E,A,S,E,117,178,OG,O,9.926828
tcr_18_4,E,A,S,Q,117,179,OG,CG,5.196019
tcr_18_4,E,A,S,Q,117,179,OG,CA,7.3130407
tcr_18_4,E,A,S,Q,117,179,OG,N,7.89298
tcr_18_4,E,A,S,E,117,178,OG,C,9.169185
tcr_18_4,E,A,S,E,117,178,OG,CA,9.879932
tcr_18_4,E,A,S,R,117,175,OG,CG,9.522134
tcr_18_4,E,A,S,E,117,178,OG,CB,9.843191
tcr_18_4,E,A,S,R,117,180,OG,CA,9.442121
tcr_18_4,E,A,S,Q,117,94,OG,OE1,9.919895
tcr_18_4,E,A,S,T,117,97,OG,OG1,8.950756
tcr_18_4,E,A,S,R,117,93,OG,NH2,6.1882133
tcr_18_4,E,A,S,R,117,93,OG,NH1,7.0750175
tcr_18_4,E,A,S,R,117,93,OG,CD,8.638227
tcr_18_4,E,A,S,R,117,93,OG,CZ,6.8346367
tcr_18_4,E,A,S,R,117,93,OG,NE,7.530114
tcr_18_4,E,A,S,R,117,93,OG,CG,9.510982
tcr_18_4,E,A,S,A,117,177,OG,CA,9.9975395
tcr_18_4,E,A,S,Q,117,179,OG,C,8.102445
tcr_18_4,E,A,S,R,117,180,OG,N,8.399189
tcr_18_4,E,A,S,E,117,178,OG,N,9.6022625
tcr_18_4,E,A,S,R,117,180,OG,CG,8.61829
tcr_18_4,E,A,S,A,117,177,OG,N,8.862901
tcr_18_4,E,A,S,R,117,180,OG,CB,9.701267
tcr_18_4,E,A,S,R,117,180,OG,NE,8.574909
tcr_18_4,E,A,S,R,117,180,OG,CD,9.333985
tcr_18_4,E,A,S,R,117,180,OG,CZ,9.22083
tcr_18_4,E,A,S,E,117,176,OG,O,7.405601
tcr_18_4,E,A,S,R,117,175,OG,C,7.2841935
tcr_18_4,E,A,S,A,117,174,OG,O,5.8093004
tcr_18_4,E,A,S,Q,117,179,OG,OE1,2.9466243
tcr_18_4,E,A,S,Q,117,179,OG,CD,3.70737
tcr_18_4,E,A,S,Q,117,179,OG,NE2,3.6296484
tcr_18_4,E,A,S,Q,117,179,OG,CB,5.788927
tcr_18_4,E,A,S,R,117,175,OG,O,7.147291
tcr_18_4,E,A,S,E,117,176,OG,CA,6.5787635
tcr_18_4,E,A,S,E,117,176,OG,N,7.060448
tcr_18_4,E,A,S,E,117,176,OG,C,7.5951405
tcr_18_4,E,A,S,E,117,176,OG,OE2,4.3017254
tcr_18_4,E,A,S,E,117,176,OG,CB,6.8473864
tcr_18_4,E,A,S,E,117,176,OG,CG,6.6374397
tcr_18_4,E,A,S,E,117,176,OG,OE1,5.3929567
tcr_18_4,E,A,S,E,117,176,OG,CD,5.2570353
tcr_18_4,E,A,S,R,117,180,OG,NH2,8.730182
tcr_18_4,E,A,S,W,117,171,OG,CG,9.284068
tcr_18_4,E,A,S,W,117,171,OG,CD1,8.647931
tcr_18_4,E,A,S,W,117,171,OG,CD2,9.838555
tcr_18_4,E,A,S,W,117,171,OG,CE2,9.53563
tcr_18_4,E,A,S,W,117,171,OG,NE1,8.810045
tcr_18_4,E,A,S,W,117,171,OG,CB,9.626724
tcr_18_4,E,A,S,A,117,174,OG,CB,6.298185
tcr_18_4,E,A,S,A,117,174,OG,N,8.491157
tcr_18_4,E,A,S,A,117,173,OG,O,9.587245
tcr_18_4,E,A,S,R,117,175,OG,CA,8.119028
tcr_18_4,E,A,S,A,117,174,OG,CA,7.101015
tcr_18_4,E,A,S,A,117,174,OG,C,6.8009763
tcr_18_4,E,A,S,R,117,175,OG,CB,8.412906
tcr_18_4,E,A,S,R,117,175,OG,N,7.8575225
tcr_18_4,E,A,S,A,117,173,OG,C,9.555489
tcr_18_4,E,A,S,W,117,171,OG,O,8.8146105
tcr_18_4,E,A,S,W,117,171,OG,CA,9.250699
tcr_18_4,E,A,S,W,117,171,OG,C,9.600651
tcr_18_4,E,A,S,K,117,170,OG,O,9.377046
tcr_18_4,E,A,S,T,117,97,OG,CB,9.757401
tcr_18_4,E,A,S,T,117,97,OG,CG2,8.98462
tcr_18_4,E,A,S,K,117,170,OG,CE,9.75917
tcr_18_4,E,A,S,Q,118,179,N,CG,7.4282365
tcr_18_4,E,A,S,Q,118,179,N,CA,9.476622
tcr_18_4,E,A,S,T,118,97,N,OG1,8.890924
tcr_18_4,E,A,S,R,118,93,N,NH2,3.7551217
tcr_18_4,E,A,S,R,118,93,N,NH1,4.850586
tcr_18_4,E,A,S,R,118,93,N,CD,6.9861207
tcr_18_4,E,A,S,R,118,93,N,CZ,4.6686954
tcr_18_4,E,A,S,R,118,93,N,NE,5.7043905
tcr_18_4,E,A,S,R,118,93,N,CG,8.068797
tcr_18_4,E,A,S,R,118,93,N,CB,9.427055
tcr_18_4,E,A,S,A,118,174,N,O,8.600643
tcr_18_4,E,A,S,Q,118,179,N,OE1,5.0869284
tcr_18_4,E,A,S,Q,118,179,N,CD,6.15159
tcr_18_4,E,A,S,Q,118,179,N,NE2,6.4426775
tcr_18_4,E,A,S,Q,118,179,N,CB,8.042784
tcr_18_4,E,A,S,E,118,176,N,CA,9.744425
tcr_18_4,E,A,S,E,118,176,N,OE2,7.389884
tcr_18_4,E,A,S,E,118,176,N,CG,9.68985
tcr_18_4,E,A,S,E,118,176,N,OE1,8.082159
tcr_18_4,E,A,S,E,118,176,N,CD,8.223357
tcr_18_4,E,A,S,A,118,174,N,CB,9.087994
tcr_18_4,E,A,S,A,118,174,N,CA,9.837787
tcr_18_4,E,A,S,A,118,174,N,C,9.648377
tcr_18_4,E,A,S,T,118,97,N,CG2,9.712584
tcr_18_4,E,A,S,Q,118,179,CA,CG,7.872272
tcr_18_4,E,A,S,Q,118,179,CA,CA,9.972147
tcr_18_4,E,A,S,R,118,93,CA,NH2,4.334743
tcr_18_4,E,A,S,R,118,93,CA,NH1,5.235651
tcr_18_4,E,A,S,R,118,93,CA,CD,7.701464
tcr_18_4,E,A,S,R,118,93,CA,CZ,5.264536
tcr_18_4,E,A,S,R,118,93,CA,NE,6.449923
tcr_18_4,E,A,S,R,118,93,CA,CG,8.888538
tcr_18_4,E,A,S,A,118,174,CA,O,9.197701
tcr_18_4,E,A,S,Q,118,179,CA,OE1,5.696454
tcr_18_4,E,A,S,Q,118,179,CA,CD,6.7247624
tcr_18_4,E,A,S,Q,118,179,CA,NE2,7.09811
tcr_18_4,E,A,S,Q,118,179,CA,CB,8.628384
tcr_18_4,E,A,S,E,118,176,CA,OE2,8.58582
tcr_18_4,E,A,S,E,118,176,CA,OE1,9.348651
tcr_18_4,E,A,S,E,118,176,CA,CD,9.446885
tcr_18_4,E,A,S,A,118,174,CA,CB,9.965978
tcr_18_4,E,A,S,Q,118,179,C,CG,7.2055864
tcr_18_4,E,A,S,Q,118,179,C,CA,9.459366
tcr_18_4,E,A,S,R,118,93,C,NH2,5.8523397
tcr_18_4,E,A,S,R,118,93,C,NH1,6.6616917
tcr_18_4,E,A,S,R,118,93,C,CD,9.166318
tcr_18_4,E,A,S,R,118,93,C,CZ,6.7589145
tcr_18_4,E,A,S,R,118,93,C,NE,7.936601
tcr_18_4,E,A,S,A,118,174,C,O,8.348486
tcr_18_4,E,A,S,Q,118,179,C,OE1,5.2678986
tcr_18_4,E,A,S,Q,118,179,C,CD,6.128982
tcr_18_4,E,A,S,Q,118,179,C,NE2,6.446414
tcr_18_4,E,A,S,Q,118,179,C,CB,8.181879
tcr_18_4,E,A,S,R,118,175,C,O,9.868522
tcr_18_4,E,A,S,E,118,176,C,OE2,8.530564
tcr_18_4,E,A,S,E,118,176,C,OE1,9.536679
tcr_18_4,E,A,S,E,118,176,C,CD,9.46971
tcr_18_4,E,A,S,A,118,174,C,CB,9.454017
tcr_18_4,E,A,S,A,118,174,C,CA,9.835212
tcr_18_4,E,A,S,A,118,174,C,C,9.487122
tcr_18_4,E,A,S,Q,118,179,O,CG,7.99642
tcr_18_4,E,A,S,R,118,93,O,NH2,6.6388965
tcr_18_4,E,A,S,R,118,93,O,NH1,7.436653
tcr_18_4,E,A,S,R,118,93,O,CZ,7.577805
tcr_18_4,E,A,S,R,118,93,O,NE,8.794171
tcr_18_4,E,A,S,A,118,174,O,O,8.976142
tcr_18_4,E,A,S,Q,118,179,O,OE1,6.2537303
tcr_18_4,E,A,S,Q,118,179,O,CD,7.021499
tcr_18_4,E,A,S,Q,118,179,O,NE2,7.3163705
tcr_18_4,E,A,S,Q,118,179,O,CB,9.068023
tcr_18_4,E,A,S,E,118,176,O,OE2,9.627906
tcr_18_4,E,A,S,Q,118,179,CB,CG,8.119658
tcr_18_4,E,A,S,Q,118,179,CB,CA,9.970689
tcr_18_4,E,A,S,R,118,93,CB,NH2,4.2133517
tcr_18_4,E,A,S,R,118,93,CB,NH1,4.474491
tcr_18_4,E,A,S,R,118,93,CB,CD,7.2136154
tcr_18_4,E,A,S,R,118,93,CB,CZ,4.8581195
tcr_18_4,E,A,S,R,118,93,CB,NE,6.1430984
tcr_18_4,E,A,S,R,118,93,CB,CG,8.549978
tcr_18_4,E,A,S,R,118,93,CB,CB,9.707128
tcr_18_4,E,A,S,Q,118,179,CB,OE1,6.0567126
tcr_18_4,E,A,S,Q,118,179,CB,CD,7.1649814
tcr_18_4,E,A,S,Q,118,179,CB,NE2,7.779072
tcr_18_4,E,A,S,Q,118,179,CB,CB,8.728908
tcr_18_4,E,A,S,E,118,176,CB,OE2,9.33482
tcr_18_4,E,A,S,E,118,176,CB,OE1,9.813205
tcr_18_4,E,A,S,Q,118,179,OG,CG,9.088992
tcr_18_4,E,A,S,K,118,90,OG,CG,9.782306
tcr_18_4,E,A,S,T,118,97,OG,OG1,9.587062
tcr_18_4,E,A,S,R,118,93,OG,NH2,3.0671122
tcr_18_4,E,A,S,R,118,93,OG,NH1,3.2150245
tcr_18_4,E,A,S,R,118,93,OG,CD,5.9663405
tcr_18_4,E,A,S,R,118,93,OG,CZ,3.6151567
tcr_18_4,E,A,S,R,118,93,OG,NE,4.923555
tcr_18_4,E,A,S,R,118,93,OG,CA,9.780983
tcr_18_4,E,A,S,R,118,93,OG,CG,7.3117204
tcr_18_4,E,A,S,R,118,93,OG,CB,8.437718
tcr_18_4,E,A,S,Q,118,179,OG,OE1,6.934838
tcr_18_4,E,A,S,Q,118,179,OG,CD,8.103709
tcr_18_4,E,A,S,Q,118,179,OG,NE2,8.71941
tcr_18_4,E,A,S,Q,118,179,OG,CB,9.530694
tcr_18_4,E,A,S,E,118,176,OG,OE2,9.802767
tcr_18_4,E,A,Y,Q,119,179,N,O,9.795055
tcr_18_4,E,A,Y,Q,119,179,N,CG,5.9921365
tcr_18_4,E,A,Y,Q,119,179,N,CA,8.33342
tcr_18_4,E,A,Y,Q,119,179,N,N,8.984075
tcr_18_4,E,A,Y,R,119,93,N,NH2,6.4532685
tcr_18_4,E,A,Y,R,119,93,N,NH1,7.2108045
tcr_18_4,E,A,Y,R,119,93,N,CD,9.585566
tcr_18_4,E,A,Y,R,119,93,N,CZ,7.289307
tcr_18_4,E,A,Y,R,119,93,N,NE,8.389848
tcr_18_4,E,A,Y,Q,119,179,N,C,9.387119
tcr_18_4,E,A,Y,E,119,176,N,O,9.570849
tcr_18_4,E,A,Y,R,119,175,N,C,8.919713
tcr_18_4,E,A,Y,A,119,174,N,O,7.1047263
tcr_18_4,E,A,Y,Q,119,179,N,OE1,4.1023736
tcr_18_4,E,A,Y,Q,119,179,N,CD,4.87381
tcr_18_4,E,A,Y,Q,119,179,N,NE2,5.1393123
tcr_18_4,E,A,Y,Q,119,179,N,CB,7.037114
tcr_18_4,E,A,Y,R,119,175,N,O,8.544536
tcr_18_4,E,A,Y,E,119,176,N,CA,8.977651
tcr_18_4,E,A,Y,E,119,176,N,N,9.151809
tcr_18_4,E,A,Y,E,119,176,N,C,9.851913
tcr_18_4,E,A,Y,E,119,176,N,OE2,7.4369597
tcr_18_4,E,A,Y,E,119,176,N,CB,9.628467
tcr_18_4,E,A,Y,E,119,176,N,CG,9.658793
tcr_18_4,E,A,Y,E,119,176,N,OE1,8.550762
tcr_18_4,E,A,Y,E,119,176,N,CD,8.393466
tcr_18_4,E,A,Y,A,119,174,N,CB,8.374022
tcr_18_4,E,A,Y,R,119,175,N,CA,9.465853
tcr_18_4,E,A,Y,A,119,174,N,CA,8.70938
tcr_18_4,E,A,Y,A,119,174,N,C,8.2664175
tcr_18_4,E,A,Y,R,119,175,N,CB,9.202314
tcr_18_4,E,A,Y,R,119,175,N,N,9.321939
tcr_18_4,E,A,Y,Q,119,179,CA,O,9.757794
tcr_18_4,E,A,Y,Q,119,179,CA,CG,5.607991
tcr_18_4,E,A,Y,Q,119,179,CA,CA,8.056239
tcr_18_4,E,A,Y,Q,119,179,CA,N,8.521912
tcr_18_4,E,A,Y,E,119,178,CA,C,9.512964
tcr_18_4,E,A,Y,E,119,178,CA,CG,9.912478
tcr_18_4,E,A,Y,E,119,178,CA,CD,9.79811
tcr_18_4,E,A,Y,R,119,175,CA,CG,8.940381
tcr_18_4,E,A,Y,R,119,175,CA,NH1,9.935059
tcr_18_4,E,A,Y,E,119,178,CA,OE2,8.912719
tcr_18_4,E,A,Y,R,119,175,CA,CD,8.851242
tcr_18_4,E,A,Y,R,119,175,CA,NE,9.787795
tcr_18_4,E,A,Y,E,119,178,CA,CB,9.644552
tcr_18_4,E,A,Y,R,119,93,CA,NH2,7.9098697
tcr_18_4,E,A,Y,R,119,93,CA,NH1,8.642948
tcr_18_4,E,A,Y,R,119,93,CA,CZ,8.745417
tcr_18_4,E,A,Y,R,119,93,CA,NE,9.8352995
tcr_18_4,E,A,Y,Q,119,179,CA,C,9.278403
tcr_18_4,E,A,Y,E,119,176,CA,O,9.344758
tcr_18_4,E,A,Y,R,119,175,CA,C,8.235252
tcr_18_4,E,A,Y,A,119,174,CA,O,6.3469996
tcr_18_4,E,A,Y,Q,119,179,CA,OE1,4.1985955
tcr_18_4,E,A,Y,Q,119,179,CA,CD,4.6370487
tcr_18_4,E,A,Y,Q,119,179,CA,NE2,4.765828
tcr_18_4,E,A,Y,Q,119,179,CA,CB,6.8781543
tcr_18_4,E,A,Y,R,119,175,CA,O,7.842682
tcr_18_4,E,A,Y,E,119,176,CA,CA,8.676608
tcr_18_4,E,A,Y,E,119,176,CA,N,8.645921
tcr_18_4,E,A,Y,E,119,176,CA,C,9.5424795
tcr_18_4,E,A,Y,E,119,176,CA,OE2,7.621563
tcr_18_4,E,A,Y,E,119,176,CA,CB,9.48356
tcr_18_4,E,A,Y,E,119,176,CA,CG,9.732883
tcr_18_4,E,A,Y,E,119,176,CA,OE1,8.951475
tcr_18_4,E,A,Y,E,119,176,CA,CD,8.622876
tcr_18_4,E,A,Y,A,119,174,CA,CB,7.995043
tcr_18_4,E,A,Y,A,119,174,CA,N,9.522799
tcr_18_4,E,A,Y,A,119,173,CA,O,9.735409
tcr_18_4,E,A,Y,R,119,175,CA,CA,8.617535
tcr_18_4,E,A,Y,A,119,174,CA,CA,8.079094
tcr_18_4,E,A,Y,A,119,174,CA,C,7.52432
tcr_18_4,E,A,Y,R,119,175,CA,CB,8.173795
tcr_18_4,E,A,Y,R,119,175,CA,N,8.519824
tcr_18_4,E,A,Y,Q,119,179,C,CG,6.6488886
tcr_18_4,E,A,Y,Q,119,179,C,CA,9.173642
tcr_18_4,E,A,Y,Q,119,179,C,N,9.463458
tcr_18_4,E,A,Y,R,119,175,C,CG,8.663681
tcr_18_4,E,A,Y,R,119,175,C,NH1,9.643743
tcr_18_4,E,A,Y,E,119,178,C,OE2,9.263073
tcr_18_4,E,A,Y,R,119,175,C,CD,8.589702
tcr_18_4,E,A,Y,R,119,175,C,NE,9.356681
tcr_18_4,E,A,Y,R,119,175,C,CZ,9.8173685
tcr_18_4,E,A,Y,R,119,93,C,NH2,8.54261
tcr_18_4,E,A,Y,R,119,93,C,NH1,9.576447
tcr_18_4,E,A,Y,R,119,93,C,CZ,9.520068
tcr_18_4,E,A,Y,R,119,175,C,C,8.446146
tcr_18_4,E,A,Y,A,119,174,C,O,6.1125994
tcr_18_4,E,A,Y,Q,119,179,C,OE1,5.3352375
tcr_18_4,E,A,Y,Q,119,179,C,CD,5.6061635
tcr_18_4,E,A,Y,Q,119,179,C,NE2,5.399371
tcr_18_4,E,A,Y,Q,119,179,C,CB,7.992212
tcr_18_4,E,A,Y,R,119,175,C,O,8.23925
tcr_18_4,E,A,Y,E,119,176,C,CA,9.091275
tcr_18_4,E,A,Y,E,119,176,C,N,8.8618765
tcr_18_4,E,A,Y,E,119,176,C,OE2,8.061264
tcr_18_4,E,A,Y,E,119,176,C,CB,9.815517
tcr_18_4,E,A,Y,E,119,176,C,OE1,9.6455765
tcr_18_4,E,A,Y,E,119,176,C,CD,9.176147
tcr_18_4,E,A,Y,A,119,174,C,CB,7.5409307
tcr_18_4,E,A,Y,A,119,174,C,N,8.931922
tcr_18_4,E,A,Y,A,119,173,C,O,8.893202
tcr_18_4,E,A,Y,R,119,175,C,CA,8.5838
tcr_18_4,E,A,Y,A,119,174,C,CA,7.531228
tcr_18_4,E,A,Y,A,119,174,C,C,7.1865788
tcr_18_4,E,A,Y,R,119,175,C,CB,8.1180725
tcr_18_4,E,A,Y,R,119,175,C,N,8.270357
tcr_18_4,E,A,Y,A,119,173,C,C,9.460112
tcr_18_4,E,A,Y,Q,119,179,O,CG,7.1844215
tcr_18_4,E,A,Y,Q,119,179,O,CA,9.675362
tcr_18_4,E,A,Y,Q,119,179,O,N,9.850398
tcr_18_4,E,A,Y,R,119,175,O,CG,8.38733
tcr_18_4,E,A,Y,R,119,175,O,NH1,8.898262
tcr_18_4,E,A,Y,R,119,175,O,NH2,9.880683
tcr_18_4,E,A,Y,E,119,178,O,OE2,8.953221
tcr_18_4,E,A,Y,R,119,175,O,CD,8.138578
tcr_18_4,E,A,Y,R,119,175,O,NE,8.763102
tcr_18_4,E,A,Y,R,119,175,O,CZ,9.097042
tcr_18_4,E,A,Y,R,119,93,O,NH2,9.681492
tcr_18_4,E,A,Y,R,119,175,O,C,8.720744
tcr_18_4,E,A,Y,A,119,174,O,O,6.3591022
tcr_18_4,E,A,Y,Q,119,179,O,OE1,6.203956
tcr_18_4,E,A,Y,Q,119,179,O,CD,6.3140783
tcr_18_4,E,A,Y,Q,119,179,O,NE2,6.0638733
tcr_18_4,E,A,Y,Q,119,179,O,CB,8.618885
tcr_18_4,E,A,Y,R,119,175,O,O,8.509734
tcr_18_4,E,A,Y,E,119,176,O,CA,9.663359
tcr_18_4,E,A,Y,E,119,176,O,N,9.276881
tcr_18_4,E,A,Y,E,119,176,O,OE2,8.956283
tcr_18_4,E,A,Y,A,119,174,O,CB,7.9907646
tcr_18_4,E,A,Y,A,119,174,O,N,9.086926
tcr_18_4,E,A,Y,A,119,173,O,O,8.754795
tcr_18_4,E,A,Y,R,119,175,O,CA,8.675673
tcr_18_4,E,A,Y,A,119,174,O,CA,7.7558565
tcr_18_4,E,A,Y,A,119,174,O,C,7.3763666
tcr_18_4,E,A,Y,R,119,175,O,CB,8.024941
tcr_18_4,E,A,Y,R,119,175,O,N,8.383631
tcr_18_4,E,A,Y,A,119,173,O,C,9.4563055
tcr_18_4,E,A,Y,A,119,182,CB,CB,9.69563
tcr_18_4,E,A,Y,Q,119,179,CB,O,8.522963
tcr_18_4,E,A,Y,E,119,178,CB,O,8.704153
tcr_18_4,E,A,Y,Q,119,179,CB,CG,4.166274
tcr_18_4,E,A,Y,Q,119,179,CB,CA,6.672693
tcr_18_4,E,A,Y,Q,119,179,CB,N,7.049972
tcr_18_4,E,A,Y,E,119,178,CB,C,8.057774
tcr_18_4,E,A,Y,E,119,178,CB,CA,8.702419
tcr_18_4,E,A,Y,E,119,178,CB,CG,8.566223
tcr_18_4,E,A,Y,E,119,178,CB,CD,8.555168
tcr_18_4,E,A,Y,R,119,175,CB,CG,7.8000937
tcr_18_4,E,A,Y,E,119,178,CB,OE1,9.5807295
tcr_18_4,E,A,Y,R,119,175,CB,NH1,9.135627
tcr_18_4,E,A,Y,E,119,178,CB,OE2,7.702173
tcr_18_4,E,A,Y,R,119,175,CB,CD,7.8019285
tcr_18_4,E,A,Y,R,119,175,CB,NE,8.880589
tcr_18_4,E,A,Y,R,119,175,CB,CZ,9.44194
tcr_18_4,E,A,Y,E,119,178,CB,CB,8.200625
tcr_18_4,E,A,Y,R,119,180,CB,CA,9.968415
tcr_18_4,E,A,Y,R,119,93,CB,NH2,8.506303
tcr_18_4,E,A,Y,R,119,93,CB,NH1,9.10462
tcr_18_4,E,A,Y,R,119,93,CB,CZ,9.22133
tcr_18_4,E,A,Y,Q,119,179,CB,C,7.9443045
tcr_18_4,E,A,Y,A,119,177,CB,C,9.71978
tcr_18_4,E,A,Y,R,119,180,CB,N,8.629723
tcr_18_4,E,A,Y,E,119,178,CB,N,8.878776
tcr_18_4,E,A,Y,R,119,180,CB,CG,9.958732
tcr_18_4,E,A,Y,A,119,177,CB,N,9.138191
tcr_18_4,E,A,Y,E,119,176,CB,O,7.862015
tcr_18_4,E,A,Y,R,119,175,CB,C,6.7922077
tcr_18_4,E,A,Y,A,119,174,CB,O,5.2031317
tcr_18_4,E,A,Y,Q,119,179,CB,OE1,3.0184174
tcr_18_4,E,A,Y,Q,119,179,CB,CD,3.2099543
tcr_18_4,E,A,Y,Q,119,179,CB,NE2,3.3170514
tcr_18_4,E,A,Y,Q,119,179,CB,CB,5.500182
tcr_18_4,E,A,Y,R,119,175,CB,O,6.341486
tcr_18_4,E,A,Y,E,119,176,CB,CA,7.2504487
tcr_18_4,E,A,Y,E,119,176,CB,N,7.2323484
tcr_18_4,E,A,Y,E,119,176,CB,C,8.056566
tcr_18_4,E,A,Y,E,119,176,CB,OE2,6.508533
tcr_18_4,E,A,Y,E,119,176,CB,CB,8.157922
tcr_18_4,E,A,Y,E,119,176,CB,CG,8.466179
tcr_18_4,E,A,Y,E,119,176,CB,OE1,7.8612747
tcr_18_4,E,A,Y,E,119,176,CB,CD,7.4591093
tcr_18_4,E,A,Y,A,119,174,CB,CB,7.1363306
tcr_18_4,E,A,Y,A,119,174,CB,N,8.610445
tcr_18_4,E,A,Y,A,119,173,CB,O,9.006611
tcr_18_4,E,A,Y,R,119,175,CB,CA,7.278002
tcr_18_4,E,A,Y,A,119,174,CB,CA,7.174675
tcr_18_4,E,A,Y,A,119,174,CB,C,6.421695
tcr_18_4,E,A,Y,R,119,175,CB,CB,6.8838344
tcr_18_4,E,A,Y,R,119,175,CB,N,7.315645
tcr_18_4,E,A,Y,A,119,173,CB,C,9.345845
tcr_18_4,E,A,Y,W,119,171,CB,O,9.35565
tcr_18_4,E,A,Y,A,119,182,CG,CB,9.59082
tcr_18_4,E,A,Y,Q,119,179,CG,O,8.725867
tcr_18_4,E,A,Y,E,119,178,CG,O,8.283231
tcr_18_4,E,A,Y,Q,119,179,CG,CG,4.191658
tcr_18_4,E,A,Y,Q,119,179,CG,CA,6.647342
tcr_18_4,E,A,Y,Q,119,179,CG,N,6.7397904
tcr_18_4,E,A,Y,E,119,178,CG,C,7.587853
tcr_18_4,E,A,Y,E,119,178,CG,CA,8.031005
tcr_18_4,E,A,Y,E,119,178,CG,CG,7.6064973
tcr_18_4,E,A,Y,E,119,178,CG,CD,7.399344
tcr_18_4,E,A,Y,R,119,175,CG,CG,6.533414
tcr_18_4,E,A,Y,E,119,178,CG,OE1,8.390204
tcr_18_4,E,A,Y,R,119,175,CG,NH1,7.6299863
tcr_18_4,E,A,Y,R,119,175,CG,NH2,9.028354
tcr_18_4,E,A,Y,E,119,178,CG,OE2,6.447722
tcr_18_4,E,A,Y,R,119,175,CG,CD,6.392136
tcr_18_4,E,A,Y,R,119,175,CG,NE,7.434766
tcr_18_4,E,A,Y,R,119,175,CG,CZ,7.949943
tcr_18_4,E,A,Y,E,119,178,CG,CB,7.304912
tcr_18_4,E,A,Y,R,119,93,CG,NH2,9.9997835
tcr_18_4,E,A,Y,A,119,177,CG,CA,9.736853
tcr_18_4,E,A,Y,A,119,177,CG,O,9.957121
tcr_18_4,E,A,Y,Q,119,179,CG,C,8.064462
tcr_18_4,E,A,Y,A,119,177,CG,C,9.263417
tcr_18_4,E,A,Y,R,119,180,CG,N,8.738374
tcr_18_4,E,A,Y,E,119,178,CG,N,8.274782
tcr_18_4,E,A,Y,A,119,177,CG,N,8.771026
tcr_18_4,E,A,Y,E,119,176,CG,O,7.773459
tcr_18_4,E,A,Y,R,119,175,CG,C,6.1198297
tcr_18_4,E,A,Y,A,119,174,CG,O,4.5469327
tcr_18_4,E,A,Y,Q,119,179,CG,OE1,3.8701468
tcr_18_4,E,A,Y,Q,119,179,CG,CD,3.577475
tcr_18_4,E,A,Y,Q,119,179,CG,NE2,3.4276042
tcr_18_4,E,A,Y,Q,119,179,CG,CB,5.692061
tcr_18_4,E,A,Y,R,119,175,CG,O,5.664001
tcr_18_4,E,A,Y,E,119,176,CG,CA,7.074325
tcr_18_4,E,A,Y,E,119,176,CG,N,6.787528
tcr_18_4,E,A,Y,E,119,176,CG,C,7.8433704
tcr_18_4,E,A,Y,E,119,176,CG,OE2,6.9645686
tcr_18_4,E,A,Y,E,119,176,CG,CB,8.136252
tcr_18_4,E,A,Y,E,119,176,CG,CG,8.694146
tcr_18_4,E,A,Y,E,119,176,CG,OE1,8.484787
tcr_18_4,E,A,Y,E,119,176,CG,CD,7.911615
tcr_18_4,E,A,Y,A,119,174,CG,CB,6.9214272
tcr_18_4,E,A,Y,A,119,174,CG,N,8.004138
tcr_18_4,E,A,Y,A,119,173,CG,O,8.162411
tcr_18_4,E,A,Y,R,119,175,CG,CA,6.3743877
tcr_18_4,E,A,Y,A,119,174,CG,CA,6.641448
tcr_18_4,E,A,Y,A,119,174,CG,C,5.733327
tcr_18_4,E,A,Y,R,119,175,CG,CB,5.7426896
tcr_18_4,E,A,Y,R,119,175,CG,N,6.4952207
tcr_18_4,E,A,Y,A,119,173,CG,C,8.59665
tcr_18_4,E,A,Y,E,119,172,CG,O,9.524445
tcr_18_4,E,A,Y,W,119,171,CG,O,8.866983
tcr_18_4,E,A,Y,W,119,171,CG,C,9.998304
tcr_18_4,E,A,Y,Q,119,179,CD1,O,9.407112
tcr_18_4,E,A,Y,E,119,178,CD1,O,8.694249
tcr_18_4,E,A,Y,Q,119,179,CD1,CG,4.758708
tcr_18_4,E,A,Y,Q,119,179,CD1,CA,7.1781626
tcr_18_4,E,A,Y,Q,119,179,CD1,N,7.029151
tcr_18_4,E,A,Y,E,119,178,CD1,C,7.8500633
tcr_18_4,E,A,Y,E,119,178,CD1,CA,8.045949
tcr_18_4,E,A,Y,E,119,178,CD1,CG,7.703019
tcr_18_4,E,A,Y,E,119,178,CD1,CD,7.398081
tcr_18_4,E,A,Y,R,119,175,CD1,CG,5.485933
tcr_18_4,E,A,Y,E,119,178,CD1,OE1,8.418135
tcr_18_4,E,A,Y,R,119,175,CD1,NH1,7.0412245
tcr_18_4,E,A,Y,R,119,175,CD1,NH2,8.180599
tcr_18_4,E,A,Y,E,119,178,CD1,OE2,6.3296432
tcr_18_4,E,A,Y,R,119,175,CD1,CD,5.5073214
tcr_18_4,E,A,Y,R,119,175,CD1,NE,6.495084
tcr_18_4,E,A,Y,R,119,175,CD1,CZ,7.1485667
tcr_18_4,E,A,Y,E,119,178,CD1,CB,7.2281413
tcr_18_4,E,A,Y,A,119,177,CD1,CA,9.439677
tcr_18_4,E,A,Y,A,119,177,CD1,O,9.958886
tcr_18_4,E,A,Y,Q,119,179,CD1,C,8.602076
tcr_18_4,E,A,Y,A,119,177,CD1,C,9.124629
tcr_18_4,E,A,Y,R,119,180,CD1,N,9.105569
tcr_18_4,E,A,Y,E,119,178,CD1,N,8.111359
tcr_18_4,E,A,Y,A,119,177,CD1,N,8.359842
tcr_18_4,E,A,Y,E,119,176,CD1,O,7.6831074
tcr_18_4,E,A,Y,R,119,175,CD1,C,5.410304
tcr_18_4,E,A,Y,A,119,174,CD1,O,3.3904238
tcr_18_4,E,A,Y,Q,119,179,CD1,OE1,4.5548196
tcr_18_4,E,A,Y,Q,119,179,CD1,CD,4.056478
tcr_18_4,E,A,Y,Q,119,179,CD1,NE2,3.4306514
tcr_18_4,E,A,Y,Q,119,179,CD1,CB,6.224684
tcr_18_4,E,A,Y,R,119,175,CD1,O,5.205624
tcr_18_4,E,A,Y,E,119,176,CD1,CA,6.597431
tcr_18_4,E,A,Y,E,119,176,CD1,N,6.077219
tcr_18_4,E,A,Y,E,119,176,CD1,C,7.531693
tcr_18_4,E,A,Y,E,119,176,CD1,OE2,6.6703153
tcr_18_4,E,A,Y,E,119,176,CD1,CB,7.586752
tcr_18_4,E,A,Y,E,119,176,CD1,CG,8.337381
tcr_18_4,E,A,Y,E,119,176,CD1,OE1,8.444505
tcr_18_4,E,A,Y,E,119,176,CD1,CD,7.6957965
tcr_18_4,E,A,Y,E,119,172,CD1,N,9.903661
tcr_18_4,E,A,Y,E,119,172,CD1,CA,9.868664
tcr_18_4,E,A,Y,A,119,174,CD1,CB,5.7950106
tcr_18_4,E,A,Y,A,119,174,CD1,N,6.694994
tcr_18_4,E,A,Y,A,119,173,CD1,O,6.75837
tcr_18_4,E,A,Y,R,119,175,CD1,CA,5.419175
tcr_18_4,E,A,Y,A,119,174,CD1,CA,5.361333
tcr_18_4,E,A,Y,A,119,174,CD1,C,4.5148964
tcr_18_4,E,A,Y,R,119,175,CD1,CB,4.8320127
tcr_18_4,E,A,Y,R,119,175,CD1,N,5.3392496
tcr_18_4,E,A,Y,A,119,173,CD1,C,7.2245693
tcr_18_4,E,A,Y,E,119,172,CD1,O,8.291945
tcr_18_4,E,A,Y,E,119,172,CD1,C,9.0056
tcr_18_4,E,A,Y,A,119,173,CD1,CA,8.714116
tcr_18_4,E,A,Y,W,119,171,CD1,O,7.8359647
tcr_18_4,E,A,Y,A,119,173,CD1,N,9.218458
tcr_18_4,E,A,Y,A,119,173,CD1,CB,9.664232
tcr_18_4,E,A,Y,W,119,171,CD1,CA,9.402717
tcr_18_4,E,A,Y,W,119,171,CD1,C,8.952615
tcr_18_4,E,A,Y,K,119,170,CD1,O,9.097548
tcr_18_4,E,A,Y,A,119,182,CD2,CB,8.90744
tcr_18_4,E,A,Y,Q,119,179,CD2,O,8.557127
tcr_18_4,E,A,Y,E,119,178,CD2,O,7.812316
tcr_18_4,E,A,Y,Q,119,179,CD2,CG,4.338983
tcr_18_4,E,A,Y,Q,119,179,CD2,CA,6.53211
tcr_18_4,E,A,Y,Q,119,179,CD2,N,6.5995083
tcr_18_4,E,A,Y,E,119,178,CD2,C,7.262342
tcr_18_4,E,A,Y,E,119,178,CD2,CA,7.7342334
tcr_18_4,E,A,Y,E,119,178,CD2,CG,6.9198575
tcr_18_4,E,A,Y,E,119,178,CD2,CD,6.5965595
tcr_18_4,E,A,Y,R,119,175,CD2,CG,6.6568656
tcr_18_4,E,A,Y,E,119,178,CD2,OE1,7.4754386
tcr_18_4,E,A,Y,R,119,175,CD2,NH1,7.0129356
tcr_18_4,E,A,Y,R,119,175,CD2,NH2,8.650728
tcr_18_4,E,A,Y,E,119,178,CD2,OE2,5.698906
tcr_18_4,E,A,Y,R,119,175,CD2,CD,6.2182164
tcr_18_4,E,A,Y,R,119,175,CD2,NE,7.229724
tcr_18_4,E,A,Y,R,119,175,CD2,CZ,7.547947
tcr_18_4,E,A,Y,E,119,178,CD2,CB,6.894303
tcr_18_4,E,A,Y,A,119,177,CD2,CA,9.96885
tcr_18_4,E,A,Y,A,119,177,CD2,O,9.898335
tcr_18_4,E,A,Y,Q,119,179,CD2,C,8.002038
tcr_18_4,E,A,Y,A,119,177,CD2,C,9.293488
tcr_18_4,E,A,Y,R,119,180,CD2,N,8.817123
tcr_18_4,E,A,Y,E,119,178,CD2,N,8.218729
tcr_18_4,E,A,Y,A,119,177,CD2,N,9.162907
tcr_18_4,E,A,Y,E,119,176,CD2,O,8.166223
tcr_18_4,E,A,Y,R,119,175,CD2,C,6.604105
tcr_18_4,E,A,Y,A,119,174,CD2,O,5.4751325
tcr_18_4,E,A,Y,Q,119,179,CD2,OE1,4.5683227
tcr_18_4,E,A,Y,Q,119,179,CD2,CD,4.198446
tcr_18_4,E,A,Y,Q,119,179,CD2,NE2,4.30944
tcr_18_4,E,A,Y,Q,119,179,CD2,CB,5.849398
tcr_18_4,E,A,Y,R,119,175,CD2,O,5.9626503
tcr_18_4,E,A,Y,E,119,176,CD2,CA,7.769296
tcr_18_4,E,A,Y,E,119,176,CD2,N,7.4500422
tcr_18_4,E,A,Y,E,119,176,CD2,C,8.324091
tcr_18_4,E,A,Y,E,119,176,CD2,OE2,8.029849
tcr_18_4,E,A,Y,E,119,176,CD2,CB,8.982788
tcr_18_4,E,A,Y,E,119,176,CD2,CG,9.567533
tcr_18_4,E,A,Y,E,119,176,CD2,OE1,9.405045
tcr_18_4,E,A,Y,E,119,176,CD2,CD,8.870954
tcr_18_4,E,A,Y,A,119,174,CD2,CB,8.0966015
tcr_18_4,E,A,Y,A,119,174,CD2,N,8.943883
tcr_18_4,E,A,Y,A,119,173,CD2,O,8.948799
tcr_18_4,E,A,Y,R,119,175,CD2,CA,6.814265
tcr_18_4,E,A,Y,A,119,174,CD2,CA,7.661465
tcr_18_4,E,A,Y,A,119,174,CD2,C,6.605574
tcr_18_4,E,A,Y,R,119,175,CD2,CB,5.9312286
tcr_18_4,E,A,Y,R,119,175,CD2,N,7.1662807
tcr_18_4,E,A,Y,A,119,173,CD2,C,9.440226
tcr_18_4,E,A,Y,W,119,171,CD2,O,9.676963
tcr_18_4,E,A,Y,Q,119,179,CE1,O,9.890689
tcr_18_4,E,A,Y,E,119,178,CE1,O,8.662038
tcr_18_4,E,A,Y,Q,119,179,CE1,CG,5.377645
tcr_18_4,E,A,Y,Q,119,179,CE1,CA,7.5691495
tcr_18_4,E,A,Y,Q,119,179,CE1,N,7.177488
tcr_18_4,E,A,Y,E,119,178,CE1,C,7.8023167
tcr_18_4,E,A,Y,E,119,178,CE1,CA,7.7707114
tcr_18_4,E,A,Y,E,119,178,CE1,CG,7.141524
tcr_18_4,E,A,Y,E,119,178,CE1,CD,6.6094003
tcr_18_4,E,A,Y,R,119,175,CE1,CG,4.3941193
tcr_18_4,E,A,Y,E,119,178,CE1,OE1,7.5547566
tcr_18_4,E,A,Y,R,119,175,CE1,NH1,5.675307
tcr_18_4,E,A,Y,R,119,175,CE1,NH2,6.782643
tcr_18_4,E,A,Y,E,119,178,CE1,OE2,5.445794
tcr_18_4,E,A,Y,R,119,175,CE1,CD,4.221456
tcr_18_4,E,A,Y,R,119,175,CE1,NE,5.133428
tcr_18_4,E,A,Y,R,119,175,CE1,CZ,5.75121
tcr_18_4,E,A,Y,E,119,178,CE1,CB,6.739968
tcr_18_4,E,A,Y,A,119,177,CE1,CA,9.3800745
tcr_18_4,E,A,Y,A,119,177,CE1,O,9.902909
tcr_18_4,E,A,Y,Q,119,179,CE1,C,9.047824
tcr_18_4,E,A,Y,A,119,177,CE1,C,9.016372
tcr_18_4,E,A,Y,R,119,180,CE1,N,9.526042
tcr_18_4,E,A,Y,E,119,178,CE1,N,7.8900437
tcr_18_4,E,A,Y,A,119,177,CE1,N,8.358231
tcr_18_4,E,A,Y,E,119,176,CE1,O,7.988985
tcr_18_4,E,A,Y,R,119,175,CE1,C,5.223517
tcr_18_4,E,A,Y,A,119,174,CE1,O,3.4097357
tcr_18_4,E,A,Y,Q,119,179,CE1,OE1,5.680685
tcr_18_4,E,A,Y,Q,119,179,CE1,CD,4.9846845
tcr_18_4,E,A,Y,Q,119,179,CE1,NE2,4.305416
tcr_18_4,E,A,Y,Q,119,179,CE1,CB,6.8424644
tcr_18_4,E,A,Y,R,119,175,CE1,O,5.0618134
tcr_18_4,E,A,Y,E,119,176,CE1,CA,6.8746257
tcr_18_4,E,A,Y,E,119,176,CE1,N,6.10062
tcr_18_4,E,A,Y,E,119,176,CE1,C,7.7238193
tcr_18_4,E,A,Y,E,119,176,CE1,OE2,7.501655
tcr_18_4,E,A,Y,E,119,176,CE1,CB,7.9566455
tcr_18_4,E,A,Y,E,119,176,CE1,CG,8.9007225
tcr_18_4,E,A,Y,E,119,176,CE1,OE1,9.319462
tcr_18_4,E,A,Y,E,119,176,CE1,CD,8.471222
tcr_18_4,E,A,Y,E,119,172,CE1,N,9.651988
tcr_18_4,E,A,Y,E,119,172,CE1,CA,9.413844
tcr_18_4,E,A,Y,A,119,174,CE1,CB,6.070299
tcr_18_4,E,A,Y,A,119,174,CE1,N,6.445135
tcr_18_4,E,A,Y,A,119,173,CE1,O,6.1875215
tcr_18_4,E,A,Y,R,119,175,CE1,CA,4.897563
tcr_18_4,E,A,Y,A,119,174,CE1,CA,5.2890477
tcr_18_4,E,A,Y,A,119,174,CE1,C,4.3228354
tcr_18_4,E,A,Y,R,119,175,CE1,CB,4.0052633
tcr_18_4,E,A,Y,R,119,175,CE1,N,4.9049907
tcr_18_4,E,A,Y,A,119,173,CE1,C,6.7662277
tcr_18_4,E,A,Y,E,119,172,CE1,O,7.6077332
tcr_18_4,E,A,Y,E,119,172,CE1,C,8.459622
tcr_18_4,E,A,Y,A,119,173,CE1,CA,8.192477
tcr_18_4,E,A,Y,W,119,171,CE1,O,7.6946816
tcr_18_4,E,A,Y,A,119,173,CE1,N,8.74976
tcr_18_4,E,A,Y,A,119,173,CE1,CB,9.248191
tcr_18_4,E,A,Y,W,119,171,CE1,CA,9.504907
tcr_18_4,E,A,Y,W,119,171,CE1,C,8.844214
tcr_18_4,E,A,Y,K,119,170,CE1,O,9.146659
tcr_18_4,E,A,Y,A,119,182,CE2,CB,9.139039
tcr_18_4,E,A,Y,Q,119,179,CE2,O,9.087256
tcr_18_4,E,A,Y,E,119,178,CE2,O,7.776614
tcr_18_4,E,A,Y,Q,119,179,CE2,CG,5.0126324
tcr_18_4,E,A,Y,Q,119,179,CE2,CA,6.961169
tcr_18_4,E,A,Y,Q,119,179,CE2,N,6.7591143
tcr_18_4,E,A,Y,E,119,178,CE2,C,7.2117
tcr_18_4,E,A,Y,R,119,181,CE2,NH2,9.90462
tcr_18_4,E,A,Y,E,119,178,CE2,CA,7.4487
tcr_18_4,E,A,Y,E,119,178,CE2,CG,6.2877464
tcr_18_4,E,A,Y,E,119,178,CE2,CD,5.6959014
tcr_18_4,E,A,Y,R,119,175,CE2,CG,5.7928166
tcr_18_4,E,A,Y,E,119,178,CE2,OE1,6.4848266
tcr_18_4,E,A,Y,R,119,175,CE2,NH1,5.637634
tcr_18_4,E,A,Y,R,119,175,CE2,NH2,7.3415728
tcr_18_4,E,A,Y,E,119,178,CE2,OE2,4.6959143
tcr_18_4,E,A,Y,R,119,175,CE2,CD,5.1151896
tcr_18_4,E,A,Y,R,119,175,CE2,NE,6.0363755
tcr_18_4,E,A,Y,R,119,175,CE2,CZ,6.239493
tcr_18_4,E,A,Y,E,119,178,CE2,CB,6.381255
tcr_18_4,E,A,Y,A,119,177,CE2,CA,9.916011
tcr_18_4,E,A,Y,A,119,177,CE2,O,9.844294
tcr_18_4,E,A,Y,Q,119,179,CE2,C,8.481213
tcr_18_4,E,A,Y,A,119,177,CE2,C,9.189947
tcr_18_4,E,A,Y,R,119,180,CE2,N,9.253248
tcr_18_4,E,A,Y,E,119,178,CE2,N,8.002769
tcr_18_4,E,A,Y,A,119,177,CE2,N,9.165639
tcr_18_4,E,A,Y,E,119,176,CE2,O,8.458664
tcr_18_4,E,A,Y,R,119,175,CE2,C,6.4565225
tcr_18_4,E,A,Y,A,119,174,CE2,O,5.4925647
tcr_18_4,E,A,Y,Q,119,179,CE2,OE1,5.695036
tcr_18_4,E,A,Y,Q,119,179,CE2,CD,5.104656
tcr_18_4,E,A,Y,Q,119,179,CE2,NE2,5.038514
tcr_18_4,E,A,Y,Q,119,179,CE2,CB,6.5055585
tcr_18_4,E,A,Y,R,119,175,CE2,O,5.8414316
tcr_18_4,E,A,Y,E,119,176,CE2,CA,8.011134
tcr_18_4,E,A,Y,E,119,176,CE2,N,7.474237
tcr_18_4,E,A,Y,E,119,176,CE2,C,8.502766
tcr_18_4,E,A,Y,E,119,176,CE2,OE2,8.7384
tcr_18_4,E,A,Y,E,119,176,CE2,CB,9.302858
tcr_18_4,E,A,Y,E,119,176,CE2,CD,9.556959
tcr_18_4,E,A,Y,A,119,174,CE2,CB,8.301864
tcr_18_4,E,A,Y,A,119,174,CE2,N,8.763852
tcr_18_4,E,A,Y,A,119,173,CE2,O,8.530429
tcr_18_4,E,A,Y,R,119,175,CE2,CA,6.4115562
tcr_18_4,E,A,Y,A,119,174,CE2,CA,7.6166544
tcr_18_4,E,A,Y,A,119,174,CE2,C,6.481198
tcr_18_4,E,A,Y,R,119,175,CE2,CB,5.2827816
tcr_18_4,E,A,Y,R,119,175,CE2,N,6.853789
tcr_18_4,E,A,Y,A,119,173,CE2,C,9.099218
tcr_18_4,E,A,Y,E,119,172,CE2,O,9.5320015
tcr_18_4,E,A,Y,W,119,171,CE2,O,9.568409
tcr_18_4,E,A,Y,Q,119,179,CZ,O,9.739575
tcr_18_4,E,A,Y,E,119,178,CZ,O,8.213893
tcr_18_4,E,A,Y,Q,119,179,CZ,CG,5.490532
tcr_18_4,E,A,Y,Q,119,179,CZ,CA,7.466487
tcr_18_4,E,A,Y,Q,119,179,CZ,N,7.046094
tcr_18_4,E,A,Y,E,119,178,CZ,C,7.487536
tcr_18_4,E,A,Y,E,119,178,CZ,CA,7.466844
tcr_18_4,E,A,Y,E,119,178,CZ,CG,6.4105215
tcr_18_4,E,A,Y,E,119,178,CZ,CD,5.7037125
tcr_18_4,E,A,Y,R,119,175,CZ,CG,4.5859804
tcr_18_4,E,A,Y,E,119,178,CZ,OE1,6.5315394
tcr_18_4,E,A,Y,R,119,175,CZ,NH1,4.8269095
tcr_18_4,E,A,Y,R,119,175,CZ,NH2,6.2834344
tcr_18_4,E,A,Y,E,119,178,CZ,OE2,4.543232
tcr_18_4,E,A,Y,R,119,175,CZ,CD,3.9659107
tcr_18_4,E,A,Y,R,119,175,CZ,NE,4.844404
tcr_18_4,E,A,Y,R,119,175,CZ,CZ,5.194242
tcr_18_4,E,A,Y,E,119,178,CZ,CB,6.2975826
tcr_18_4,E,A,Y,A,119,177,CZ,CA,9.622785
tcr_18_4,E,A,Y,A,119,177,CZ,O,9.845523
tcr_18_4,E,A,Y,Q,119,179,CZ,C,8.990163
tcr_18_4,E,A,Y,A,119,177,CZ,C,9.0495205
tcr_18_4,E,A,Y,R,119,180,CZ,N,9.596666
tcr_18_4,E,A,Y,E,119,178,CZ,N,7.834315
tcr_18_4,E,A,Y,A,119,177,CZ,N,8.770468
tcr_18_4,E,A,Y,E,119,176,CZ,O,8.371349
tcr_18_4,E,A,Y,R,119,175,CZ,C,5.7867866
tcr_18_4,E,A,Y,A,119,174,CZ,O,4.5772386
tcr_18_4,E,A,Y,Q,119,179,CZ,OE1,6.1722074
tcr_18_4,E,A,Y,Q,119,179,CZ,CD,5.443616
tcr_18_4,E,A,Y,Q,119,179,CZ,NE2,5.03298
tcr_18_4,E,A,Y,Q,119,179,CZ,CB,6.9710493
tcr_18_4,E,A,Y,R,119,175,CZ,O,5.3969464
tcr_18_4,E,A,Y,E,119,176,CZ,CA,7.5882573
tcr_18_4,E,A,Y,E,119,176,CZ,N,6.832167
tcr_18_4,E,A,Y,E,119,176,CZ,C,8.21218
tcr_18_4,E,A,Y,E,119,176,CZ,OE2,8.496948
tcr_18_4,E,A,Y,E,119,176,CZ,CB,8.82024
tcr_18_4,E,A,Y,E,119,176,CZ,CG,9.754101
tcr_18_4,E,A,Y,E,119,176,CZ,CD,9.370641
tcr_18_4,E,A,Y,A,119,174,CZ,CB,7.3829103
tcr_18_4,E,A,Y,A,119,174,CZ,N,7.5844193
tcr_18_4,E,A,Y,A,119,173,CZ,O,7.1987586
tcr_18_4,E,A,Y,R,119,175,CZ,CA,5.4635706
tcr_18_4,E,A,Y,A,119,174,CZ,CA,6.5267663
tcr_18_4,E,A,Y,A,119,174,CZ,C,5.4302926
tcr_18_4,E,A,Y,R,119,175,CZ,CB,4.279496
tcr_18_4,E,A,Y,R,119,175,CZ,N,5.769357
tcr_18_4,E,A,Y,A,119,173,CZ,C,7.8150616
tcr_18_4,E,A,Y,E,119,172,CZ,O,8.302271
tcr_18_4,E,A,Y,E,119,172,CZ,C,9.26576
tcr_18_4,E,A,Y,A,119,173,CZ,CA,9.160587
tcr_18_4,E,A,Y,W,119,171,CZ,O,8.61873
tcr_18_4,E,A,Y,A,119,173,CZ,N,9.683984
tcr_18_4,E,A,Y,W,119,171,CZ,C,9.806756
tcr_18_4,E,A,Y,E,119,178,OH,O,8.525656
tcr_18_4,E,A,Y,Q,119,179,OH,CG,6.4819717
tcr_18_4,E,A,Y,Q,119,179,OH,CA,8.193948
tcr_18_4,E,A,Y,Q,119,179,OH,N,7.580729
tcr_18_4,E,A,Y,E,119,178,OH,C,7.816455
tcr_18_4,E,A,Y,R,119,181,OH,NH2,9.698737
tcr_18_4,E,A,Y,E,119,178,OH,CA,7.5674915
tcr_18_4,E,A,Y,E,119,178,OH,CG,6.220839
tcr_18_4,E,A,Y,E,119,178,OH,CD,5.2416563
tcr_18_4,E,A,Y,R,119,175,OH,CG,4.02757
tcr_18_4,E,A,Y,E,119,178,OH,OE1,5.909393
tcr_18_4,E,A,Y,R,119,175,OH,NH1,3.4685657
tcr_18_4,E,A,Y,R,119,175,OH,NH2,4.974207
tcr_18_4,E,A,Y,E,119,178,OH,OE2,4.0251346
tcr_18_4,E,A,Y,R,119,175,OH,CD,3.0374372
tcr_18_4,E,A,Y,R,119,175,OH,NE,3.7027993
tcr_18_4,E,A,Y,R,119,175,OH,CZ,3.8824425
tcr_18_4,E,A,Y,E,119,178,OH,CB,6.2251005
tcr_18_4,E,A,Y,A,119,177,OH,CA,9.863744
tcr_18_4,E,A,Y,Q,119,179,OH,C,9.709812
tcr_18_4,E,A,Y,A,119,177,OH,C,9.260674
tcr_18_4,E,A,Y,E,119,178,OH,N,7.980599
tcr_18_4,E,A,Y,A,119,177,OH,N,9.092728
tcr_18_4,E,A,Y,E,119,176,OH,O,8.9744
tcr_18_4,E,A,Y,R,119,175,OH,C,6.1073585
tcr_18_4,E,A,Y,A,119,174,OH,O,5.177855
tcr_18_4,E,A,Y,Q,119,179,OH,OE1,7.422109
tcr_18_4,E,A,Y,Q,119,179,OH,CD,6.600604
tcr_18_4,E,A,Y,Q,119,179,OH,NE2,6.1382585
tcr_18_4,E,A,Y,Q,119,179,OH,CB,7.8889623
tcr_18_4,E,A,Y,R,119,175,OH,O,5.782429
tcr_18_4,E,A,Y,E,119,176,OH,CA,8.185218
tcr_18_4,E,A,Y,E,119,176,OH,N,7.260701
tcr_18_4,E,A,Y,E,119,176,OH,C,8.722383
tcr_18_4,E,A,Y,E,119,176,OH,OE2,9.458813
tcr_18_4,E,A,Y,E,119,176,OH,CB,9.443963
tcr_18_4,E,A,Y,A,119,174,OH,CB,7.9647274
tcr_18_4,E,A,Y,A,119,174,OH,N,7.749465
tcr_18_4,E,A,Y,A,119,173,OH,O,7.0939083
tcr_18_4,E,A,Y,R,119,175,OH,CA,5.5081434
tcr_18_4,E,A,Y,A,119,174,OH,CA,6.897804
tcr_18_4,E,A,Y,A,119,174,OH,C,5.793537
tcr_18_4,E,A,Y,R,119,175,OH,CB,4.112424
tcr_18_4,E,A,Y,R,119,175,OH,N,5.8890877
tcr_18_4,E,A,Y,A,119,173,OH,C,7.7809143
tcr_18_4,E,A,Y,E,119,172,OH,O,8.003157
tcr_18_4,E,A,Y,E,119,172,OH,C,9.071711
tcr_18_4,E,A,Y,A,119,173,OH,CA,9.002211
tcr_18_4,E,A,Y,W,119,171,OH,O,8.826368
tcr_18_4,E,A,Y,A,119,173,OH,N,9.555342
tcr_18_4,E,A,N,Q,120,179,N,CG,7.203994
tcr_18_4,E,A,N,Q,120,179,N,CA,9.74527
tcr_18_4,E,A,N,R,120,175,N,CG,8.996683
tcr_18_4,E,A,N,R,120,175,N,CD,9.117158
tcr_18_4,E,A,N,R,120,175,N,NE,9.863935
tcr_18_4,E,A,N,R,120,93,N,NH2,8.030492
tcr_18_4,E,A,N,R,120,93,N,NH1,9.320844
tcr_18_4,E,A,N,R,120,93,N,CZ,9.088796
tcr_18_4,E,A,N,R,120,175,N,C,8.595208
tcr_18_4,E,A,N,A,120,174,N,O,6.0360403
tcr_18_4,E,A,N,Q,120,179,N,OE1,5.6350756
tcr_18_4,E,A,N,Q,120,179,N,CD,5.9686255
tcr_18_4,E,A,N,Q,120,179,N,NE2,5.5904927
tcr_18_4,E,A,N,Q,120,179,N,CB,8.450921
tcr_18_4,E,A,N,R,120,175,N,O,8.549552
tcr_18_4,E,A,N,E,120,176,N,CA,9.043579
tcr_18_4,E,A,N,E,120,176,N,N,8.840392
tcr_18_4,E,A,N,E,120,176,N,OE2,7.6751256
tcr_18_4,E,A,N,E,120,176,N,CB,9.572653
tcr_18_4,E,A,N,E,120,176,N,CG,9.931314
tcr_18_4,E,A,N,E,120,176,N,OE1,9.330738
tcr_18_4,E,A,N,E,120,176,N,CD,8.848405
tcr_18_4,E,A,N,A,120,174,N,CB,6.9316125
tcr_18_4,E,A,N,A,120,174,N,N,8.498006
tcr_18_4,E,A,N,A,120,173,N,O,8.5623665
tcr_18_4,E,A,N,R,120,175,N,CA,8.728662
tcr_18_4,E,A,N,A,120,174,N,CA,7.1091185
tcr_18_4,E,A,N,A,120,174,N,C,7.017385
tcr_18_4,E,A,N,R,120,175,N,CB,8.462432
tcr_18_4,E,A,N,R,120,175,N,N,8.218098
tcr_18_4,E,A,N,A,120,173,N,C,9.071145
tcr_18_4,E,A,N,Q,120,179,CA,CG,8.280226
tcr_18_4,E,A,N,R,120,175,CA,CG,8.959074
tcr_18_4,E,A,N,R,120,175,CA,CD,9.127705
tcr_18_4,E,A,N,R,120,175,CA,NE,9.70284
tcr_18_4,E,A,N,R,120,93,CA,NH2,8.9586
tcr_18_4,E,A,N,R,120,175,CA,C,8.964815
tcr_18_4,E,A,N,A,120,174,CA,O,6.1319532
tcr_18_4,E,A,N,Q,120,179,CA,OE1,6.8451347
tcr_18_4,E,A,N,Q,120,179,CA,CD,7.044881
tcr_18_4,E,A,N,Q,120,179,CA,NE2,6.4578395
tcr_18_4,E,A,N,Q,120,179,CA,CB,9.552763
tcr_18_4,E,A,N,R,120,175,CA,O,9.088461
tcr_18_4,E,A,N,E,120,176,CA,CA,9.559502
tcr_18_4,E,A,N,E,120,176,CA,N,9.191189
tcr_18_4,E,A,N,E,120,176,CA,OE2,8.269988
tcr_18_4,E,A,N,E,120,176,CA,CB,9.991703
tcr_18_4,E,A,N,E,120,176,CA,CD,9.496377
tcr_18_4,E,A,N,A,120,174,CA,CB,6.6724505
tcr_18_4,E,A,N,A,120,174,CA,N,8.047889
tcr_18_4,E,A,N,A,120,173,CA,O,7.870573
tcr_18_4,E,A,N,R,120,175,CA,CA,8.881925
tcr_18_4,E,A,N,A,120,174,CA,CA,6.76709
tcr_18_4,E,A,N,A,120,174,CA,C,6.9324317
tcr_18_4,E,A,N,R,120,175,CA,CB,8.6364155
tcr_18_4,E,A,N,R,120,175,CA,N,8.171778
tcr_18_4,E,A,N,A,120,173,CA,C,8.4741125
tcr_18_4,E,A,N,A,120,173,CA,CA,9.971632
tcr_18_4,E,A,N,K,120,170,CA,O,9.747133
tcr_18_4,E,A,N,Q,120,179,C,CG,9.504198
tcr_18_4,E,A,N,R,120,175,C,CG,9.977946
tcr_18_4,E,A,N,R,120,175,C,CD,9.986039
tcr_18_4,E,A,N,R,120,93,C,NH2,9.458883
tcr_18_4,E,A,N,A,120,174,C,O,7.500987
tcr_18_4,E,A,N,Q,120,179,C,OE1,8.088285
tcr_18_4,E,A,N,Q,120,179,C,CD,8.3400135
tcr_18_4,E,A,N,Q,120,179,C,NE2,7.8488574
tcr_18_4,E,A,N,E,120,176,C,OE2,9.787082
tcr_18_4,E,A,N,A,120,174,C,CB,8.070824
tcr_18_4,E,A,N,A,120,174,C,N,9.275952
tcr_18_4,E,A,N,A,120,173,C,O,8.829727
tcr_18_4,E,A,N,A,120,174,C,CA,8.070713
tcr_18_4,E,A,N,A,120,174,C,C,8.267463
tcr_18_4,E,A,N,R,120,175,C,CB,9.793548
tcr_18_4,E,A,N,R,120,175,C,N,9.468796
tcr_18_4,E,A,N,A,120,173,C,C,9.558314
tcr_18_4,E,A,N,Q,120,179,O,CG,9.960796
tcr_18_4,E,A,N,R,120,93,O,NH2,8.826577
tcr_18_4,E,A,N,A,120,174,O,O,8.493595
tcr_18_4,E,A,N,Q,120,179,O,OE1,8.380296
tcr_18_4,E,A,N,Q,120,179,O,CD,8.786188
tcr_18_4,E,A,N,Q,120,179,O,NE2,8.446722
tcr_18_4,E,A,N,A,120,174,O,CB,9.0568
tcr_18_4,E,A,N,A,120,174,O,CA,9.161317
tcr_18_4,E,A,N,A,120,174,O,C,9.324018
tcr_18_4,E,A,N,Q,120,179,CB,CG,8.820099
tcr_18_4,E,A,N,R,120,175,CB,CG,9.486433
tcr_18_4,E,A,N,R,120,175,CB,CD,9.8767
tcr_18_4,E,A,N,R,120,93,CB,NH2,8.582223
tcr_18_4,E,A,N,R,120,93,CB,CZ,9.735857
tcr_18_4,E,A,N,R,120,175,CB,C,9.155523
tcr_18_4,E,A,N,A,120,174,CB,O,6.27663
tcr_18_4,E,A,N,Q,120,179,CB,OE1,7.203529
tcr_18_4,E,A,N,Q,120,179,CB,CD,7.4528975
tcr_18_4,E,A,N,Q,120,179,CB,NE2,6.7549486
tcr_18_4,E,A,N,Q,120,179,CB,CB,9.95281
tcr_18_4,E,A,N,R,120,175,CB,O,9.426995
tcr_18_4,E,A,N,E,120,176,CB,CA,9.468653
tcr_18_4,E,A,N,E,120,176,CB,N,9.171673
tcr_18_4,E,A,N,E,120,176,CB,OE2,7.8353024
tcr_18_4,E,A,N,E,120,176,CB,CB,9.664479
tcr_18_4,E,A,N,E,120,176,CB,OE1,9.661912
tcr_18_4,E,A,N,E,120,176,CB,CD,9.07273
tcr_18_4,E,A,N,A,120,174,CB,CB,6.1120877
tcr_18_4,E,A,N,A,120,174,CB,N,7.7053556
tcr_18_4,E,A,N,A,120,173,CB,O,7.759329
tcr_18_4,E,A,N,R,120,175,CB,CA,9.12105
tcr_18_4,E,A,N,A,120,174,CB,CA,6.48764
tcr_18_4,E,A,N,A,120,174,CB,C,6.9341545
tcr_18_4,E,A,N,R,120,175,CB,CB,9.124075
tcr_18_4,E,A,N,R,120,175,CB,N,8.244423
tcr_18_4,E,A,N,A,120,173,CB,C,8.219061
tcr_18_4,E,A,N,A,120,173,CB,CA,9.654296
tcr_18_4,E,A,N,W,120,171,CB,O,9.80499
tcr_18_4,E,A,N,A,120,173,CB,CB,9.814323
tcr_18_4,E,A,N,K,120,170,CB,O,8.968628
tcr_18_4,E,A,N,K,120,170,CB,CE,9.43123
tcr_18_4,E,A,N,K,120,170,CB,CG,9.791551
tcr_18_4,E,A,N,Q,120,179,CG,CG,8.075309
tcr_18_4,E,A,N,R,120,175,CG,CG,8.650693
tcr_18_4,E,A,N,R,120,175,CG,CD,9.2389555
tcr_18_4,E,A,N,R,120,175,CG,NE,9.940504
tcr_18_4,E,A,N,R,120,93,CG,NH2,8.754503
tcr_18_4,E,A,N,R,120,93,CG,CZ,9.80865
tcr_18_4,E,A,N,E,120,176,CG,O,9.897383
tcr_18_4,E,A,N,R,120,175,CG,C,7.963459
tcr_18_4,E,A,N,A,120,174,CG,O,5.14002
tcr_18_4,E,A,N,Q,120,179,CG,OE1,6.5492196
tcr_18_4,E,A,N,Q,120,179,CG,CD,6.6777716
tcr_18_4,E,A,N,Q,120,179,CG,NE2,5.8182087
tcr_18_4,E,A,N,Q,120,179,CG,CB,9.111834
tcr_18_4,E,A,N,R,120,175,CG,O,8.338336
tcr_18_4,E,A,N,E,120,176,CG,CA,8.134629
tcr_18_4,E,A,N,E,120,176,CG,N,7.853941
tcr_18_4,E,A,N,E,120,176,CG,C,9.553054
tcr_18_4,E,A,N,E,120,176,CG,OE2,6.4976754
tcr_18_4,E,A,N,E,120,176,CG,CB,8.232176
tcr_18_4,E,A,N,E,120,176,CG,CG,8.669809
tcr_18_4,E,A,N,E,120,176,CG,OE1,8.415406
tcr_18_4,E,A,N,E,120,176,CG,CD,7.7426853
tcr_18_4,E,A,N,W,120,171,CG,CG,9.741441
tcr_18_4,E,A,N,W,120,171,CG,CD1,8.912273
tcr_18_4,E,A,N,W,120,171,CG,NE1,9.481072
tcr_18_4,E,A,N,W,120,171,CG,CB,9.803284
tcr_18_4,E,A,N,A,120,174,CG,CB,4.670057
tcr_18_4,E,A,N,A,120,174,CG,N,6.456896
tcr_18_4,E,A,N,A,120,173,CG,O,6.8394003
tcr_18_4,E,A,N,R,120,175,CG,CA,7.9879165
tcr_18_4,E,A,N,A,120,174,CG,CA,5.2145424
tcr_18_4,E,A,N,A,120,174,CG,C,5.7251663
tcr_18_4,E,A,N,R,120,175,CG,CB,8.188869
tcr_18_4,E,A,N,R,120,175,CG,N,7.054894
tcr_18_4,E,A,N,A,120,173,CG,C,7.1234245
tcr_18_4,E,A,N,E,120,172,CG,O,9.486694
tcr_18_4,E,A,N,E,120,172,CG,C,9.651501
tcr_18_4,E,A,N,A,120,173,CG,CA,8.545369
tcr_18_4,E,A,N,W,120,171,CG,O,8.384284
tcr_18_4,E,A,N,A,120,173,CG,N,9.222053
tcr_18_4,E,A,N,A,120,173,CG,CB,8.749532
tcr_18_4,E,A,N,W,120,171,CG,CA,8.808323
tcr_18_4,E,A,N,W,120,171,CG,C,9.0360565
tcr_18_4,E,A,N,K,120,170,CG,C,8.620513
tcr_18_4,E,A,N,K,120,170,CG,O,7.5807343
tcr_18_4,E,A,N,K,120,170,CG,CA,9.530905
tcr_18_4,E,A,N,W,120,171,CG,N,9.203102
tcr_18_4,E,A,N,K,120,170,CG,NZ,9.227107
tcr_18_4,E,A,N,K,120,170,CG,CE,8.271307
tcr_18_4,E,A,N,K,120,170,CG,CD,9.127875
tcr_18_4,E,A,N,K,120,170,CG,CG,8.495358
tcr_18_4,E,A,N,K,120,170,CG,CB,9.690068
tcr_18_4,E,A,N,Q,120,179,OD1,CG,7.21294
tcr_18_4,E,A,N,Q,120,179,OD1,CA,9.605414
tcr_18_4,E,A,N,Q,120,179,OD1,N,9.561361
tcr_18_4,E,A,N,R,120,175,OD1,CG,7.46305
tcr_18_4,E,A,N,E,120,178,OD1,OE2,9.833235
tcr_18_4,E,A,N,R,120,175,OD1,CD,8.075451
tcr_18_4,E,A,N,R,120,175,OD1,NE,8.8289175
tcr_18_4,E,A,N,R,120,175,OD1,CZ,9.72814
tcr_18_4,E,A,N,R,120,93,OD1,NH2,9.379145
tcr_18_4,E,A,N,A,120,177,OD1,N,9.488081
tcr_18_4,E,A,N,E,120,176,OD1,O,8.970725
tcr_18_4,E,A,N,R,120,175,OD1,C,6.8193083
tcr_18_4,E,A,N,A,120,174,OD1,O,3.9485018
tcr_18_4,E,A,N,Q,120,179,OD1,OE1,5.958784
tcr_18_4,E,A,N,Q,120,179,OD1,CD,5.895022
tcr_18_4,E,A,N,Q,120,179,OD1,NE2,4.918551
tcr_18_4,E,A,N,Q,120,179,OD1,CB,8.299509
tcr_18_4,E,A,N,R,120,175,OD1,O,7.202007
tcr_18_4,E,A,N,E,120,176,OD1,CA,7.1777744
tcr_18_4,E,A,N,E,120,176,OD1,N,6.791245
tcr_18_4,E,A,N,E,120,176,OD1,C,8.582258
tcr_18_4,E,A,N,E,120,176,OD1,OE2,5.9226136
tcr_18_4,E,A,N,E,120,176,OD1,CB,7.4037547
tcr_18_4,E,A,N,E,120,176,OD1,CG,7.9855156
tcr_18_4,E,A,N,E,120,176,OD1,OE1,7.954938
tcr_18_4,E,A,N,E,120,176,OD1,CD,7.1730013
tcr_18_4,E,A,N,W,120,171,OD1,CG,9.204332
tcr_18_4,E,A,N,W,120,171,OD1,CD1,8.512073
tcr_18_4,E,A,N,W,120,171,OD1,NE1,9.200005
tcr_18_4,E,A,N,E,120,172,OD1,N,9.211228
tcr_18_4,E,A,N,E,120,172,OD1,CA,9.595334
tcr_18_4,E,A,N,W,120,171,OD1,CB,9.122244
tcr_18_4,E,A,N,A,120,174,OD1,CB,3.873869
tcr_18_4,E,A,N,A,120,174,OD1,N,5.5696845
tcr_18_4,E,A,N,A,120,173,OD1,O,5.983583
tcr_18_4,E,A,N,R,120,175,OD1,CA,6.801601
tcr_18_4,E,A,N,A,120,174,OD1,CA,4.236171
tcr_18_4,E,A,N,A,120,174,OD1,C,4.5843973
tcr_18_4,E,A,N,R,120,175,OD1,CB,6.9772816
tcr_18_4,E,A,N,R,120,175,OD1,N,5.9073505
tcr_18_4,E,A,N,A,120,173,OD1,C,6.2652464
tcr_18_4,E,A,N,E,120,172,OD1,O,8.452357
tcr_18_4,E,A,N,E,120,172,OD1,C,8.696883
tcr_18_4,E,A,N,A,120,173,OD1,CA,7.740585
tcr_18_4,E,A,N,W,120,171,OD1,O,7.434282
tcr_18_4,E,A,N,A,120,173,OD1,N,8.376675
tcr_18_4,E,A,N,A,120,173,OD1,CB,8.122147
tcr_18_4,E,A,N,W,120,171,OD1,CA,8.106332
tcr_18_4,E,A,N,W,120,171,OD1,C,8.181961
tcr_18_4,E,A,N,K,120,170,OD1,C,8.113191
tcr_18_4,E,A,N,K,120,170,OD1,O,7.034378
tcr_18_4,E,A,N,K,120,170,OD1,CA,9.154136
tcr_18_4,E,A,N,W,120,171,OD1,N,8.62316
tcr_18_4,E,A,N,K,120,170,OD1,NZ,9.561708
tcr_18_4,E,A,N,K,120,170,OD1,CE,8.507088
tcr_18_4,E,A,N,K,120,170,OD1,CD,9.195051
tcr_18_4,E,A,N,K,120,170,OD1,CG,8.412682
tcr_18_4,E,A,N,K,120,170,OD1,CB,9.471413
tcr_18_4,E,A,N,Q,120,179,ND2,CG,8.664403
tcr_18_4,E,A,N,R,120,175,ND2,CG,9.42347
tcr_18_4,E,A,N,R,120,93,ND2,NH2,8.499683
tcr_18_4,E,A,N,R,120,93,ND2,CZ,9.527373
tcr_18_4,E,A,N,R,120,175,ND2,C,8.381332
tcr_18_4,E,A,N,A,120,174,ND2,O,5.7277393
tcr_18_4,E,A,N,Q,120,179,ND2,OE1,7.018292
tcr_18_4,E,A,N,Q,120,179,ND2,CD,7.210986
tcr_18_4,E,A,N,Q,120,179,ND2,NE2,6.3410897
tcr_18_4,E,A,N,Q,120,179,ND2,CB,9.537033
tcr_18_4,E,A,N,R,120,175,ND2,O,8.846562
tcr_18_4,E,A,N,E,120,176,ND2,CA,8.226991
tcr_18_4,E,A,N,E,120,176,ND2,N,8.069315
tcr_18_4,E,A,N,E,120,176,ND2,C,9.688059
tcr_18_4,E,A,N,E,120,176,ND2,OE2,6.241103
tcr_18_4,E,A,N,E,120,176,ND2,CB,8.082991
tcr_18_4,E,A,N,E,120,176,ND2,CG,8.390533
tcr_18_4,E,A,N,E,120,176,ND2,OE1,8.068552
tcr_18_4,E,A,N,E,120,176,ND2,CD,7.4443245
tcr_18_4,E,A,N,W,120,171,ND2,CG,9.136491
tcr_18_4,E,A,N,W,120,171,ND2,CD1,8.180006
tcr_18_4,E,A,N,W,120,171,ND2,CE2,9.832454
tcr_18_4,E,A,N,W,120,171,ND2,NE1,8.644106
tcr_18_4,E,A,N,E,120,172,ND2,N,9.919562
tcr_18_4,E,A,N,W,120,171,ND2,CB,9.358741
tcr_18_4,E,A,N,A,120,174,ND2,CB,4.592935
tcr_18_4,E,A,N,A,120,174,ND2,N,6.589083
tcr_18_4,E,A,N,A,120,173,ND2,O,7.252629
tcr_18_4,E,A,N,R,120,175,ND2,CA,8.496633
tcr_18_4,E,A,N,A,120,174,ND2,CA,5.464297
tcr_18_4,E,A,N,A,120,174,ND2,C,6.170376
tcr_18_4,E,A,N,R,120,175,ND2,CB,8.905182
tcr_18_4,E,A,N,R,120,175,ND2,N,7.48718
tcr_18_4,E,A,N,A,120,173,ND2,C,7.357044
tcr_18_4,E,A,N,E,120,172,ND2,O,9.768867
tcr_18_4,E,A,N,E,120,172,ND2,C,9.770371
tcr_18_4,E,A,N,A,120,173,ND2,CA,8.669497
tcr_18_4,E,A,N,W,120,171,ND2,O,8.357062
tcr_18_4,E,A,N,A,120,173,ND2,N,9.249978
tcr_18_4,E,A,N,A,120,173,ND2,CB,8.721377
tcr_18_4,E,A,N,W,120,171,ND2,CA,8.419824
tcr_18_4,E,A,N,W,120,171,ND2,C,8.860351
tcr_18_4,E,A,N,K,120,170,ND2,C,8.099201
tcr_18_4,E,A,N,K,120,170,ND2,O,7.1597924
tcr_18_4,E,A,N,K,120,170,ND2,CA,8.907828
tcr_18_4,E,A,N,W,120,171,ND2,N,8.695652
tcr_18_4,E,A,N,T,120,97,ND2,CG2,9.949485
tcr_18_4,E,A,N,K,120,170,ND2,NZ,7.9962926
tcr_18_4,E,A,N,K,120,170,ND2,CE,7.1137066
tcr_18_4,E,A,N,K,120,170,ND2,CD,8.075641
tcr_18_4,E,A,N,K,120,170,ND2,CG,7.5917244
tcr_18_4,E,A,N,K,120,170,ND2,CB,8.88529
tcr_18_4,E,A,E,R,121,175,N,CG,9.798119
tcr_18_4,E,A,E,R,121,175,N,CD,9.74624
tcr_18_4,E,A,E,R,121,175,N,NE,9.987089
tcr_18_4,E,A,E,A,121,174,N,O,7.728308
tcr_18_4,E,A,E,Q,121,179,N,OE1,9.042767
tcr_18_4,E,A,E,Q,121,179,N,CD,9.158114
tcr_18_4,E,A,E,Q,121,179,N,NE2,8.565132
tcr_18_4,E,A,E,A,121,174,N,CB,8.28663
tcr_18_4,E,A,E,A,121,174,N,N,9.172777
tcr_18_4,E,A,E,A,121,173,N,O,8.417974
tcr_18_4,E,A,E,A,121,174,N,CA,8.094899
tcr_18_4,E,A,E,A,121,174,N,C,8.36733
tcr_18_4,E,A,E,R,121,175,N,CB,9.819866
tcr_18_4,E,A,E,R,121,175,N,N,9.509901
tcr_18_4,E,A,E,A,121,173,N,C,9.269977
tcr_18_4,E,A,E,A,121,174,CA,O,9.115584
tcr_18_4,E,A,E,Q,121,179,CA,NE2,9.982974
tcr_18_4,E,A,E,A,121,174,CA,CB,9.628799
tcr_18_4,E,A,E,A,121,173,CA,O,9.456277
tcr_18_4,E,A,E,A,121,174,CA,CA,9.39466
tcr_18_4,E,A,E,A,121,174,CA,C,9.711131
tcr_18_4,E,A,E,A,121,174,C,O,9.978739
tcr_18_4,E,A,E,A,121,174,O,O,9.71586
tcr_18_4,E,A,E,A,121,174,O,CB,9.478869
tcr_18_4,E,A,E,A,121,173,O,O,9.662009
tcr_18_4,E,A,E,A,121,174,O,CA,9.51678
tcr_18_4,E,A,E,A,121,174,CB,O,9.317179
tcr_18_4,E,A,E,A,121,174,CB,CB,9.87556
tcr_18_4,E,A,E,A,121,173,CB,O,9.041242
tcr_18_4,E,A,E,A,121,174,CB,CA,9.435263
tcr_18_4,E,A,E,A,121,174,CB,C,9.780146
tcr_18_4,E,A,E,R,121,175,OE2,NH2,9.869687
tcr_18_4,E,A,E,A,121,173,OE2,O,9.2771225
tcr_18_4,E,A,Q,R,122,93,CG,NH2,9.868469
tcr_18_4,E,A,Q,R,122,93,CD,NH2,9.641284
tcr_18_4,E,A,Q,R,122,93,NE2,NH2,8.641714
tcr_18_4,E,A,Q,R,122,93,NE2,CZ,9.827182
tcr_18_4,E,A,F,A,123,173,CE2,O,9.108267
tcr_18_4,E,A,F,A,123,173,CZ,O,9.164099
tcr_18_4,D,C,S,L,48,1,C,CD1,9.585015
tcr_18_4,D,C,S,L,48,1,O,CD2,9.65883
tcr_18_4,D,C,S,L,48,1,O,CG,9.887469
tcr_18_4,D,C,S,L,48,1,O,CD1,8.639065
tcr_18_4,D,C,E,L,49,1,N,CD1,9.629564
tcr_18_4,D,C,E,L,49,1,CA,CD2,9.885586
tcr_18_4,D,C,E,L,49,1,CA,CG,9.941243
tcr_18_4,D,C,E,L,49,1,CA,CD1,8.575504
tcr_18_4,D,C,E,P,49,4,CA,CB,9.48468
tcr_18_4,D,C,E,P,49,4,CA,CG,9.984048
tcr_18_4,D,C,E,L,49,1,C,CD2,9.984366
tcr_18_4,D,C,E,L,49,1,C,CG,9.820436
tcr_18_4,D,C,E,L,49,1,C,CD1,8.362039
tcr_18_4,D,C,E,P,49,4,C,CB,9.547806
tcr_18_4,D,C,E,P,49,4,C,CG,9.814643
tcr_18_4,D,C,E,L,49,1,O,CD1,9.368484
tcr_18_4,D,C,E,L,49,1,CB,CD1,9.150618
tcr_18_4,D,C,E,P,49,4,CB,CA,9.987531
tcr_18_4,D,C,E,P,49,4,CB,CB,8.712283
tcr_18_4,D,C,E,P,49,4,CB,CG,9.318277
tcr_18_4,D,C,E,L,49,1,CG,CD1,9.576224
tcr_18_4,D,C,E,P,49,4,CG,CA,9.958088
tcr_18_4,D,C,E,P,49,4,CG,CB,8.825327
tcr_18_4,D,C,E,P,49,4,CG,CG,9.655179
tcr_18_4,D,C,E,L,49,1,CD,CD2,9.268095
tcr_18_4,D,C,E,L,49,1,CD,CG,9.655495
tcr_18_4,D,C,E,L,49,1,CD,CD1,8.547486
tcr_18_4,D,C,E,P,49,4,CD,CA,9.511101
tcr_18_4,D,C,E,P,49,4,CD,CB,8.515983
tcr_18_4,D,C,E,P,49,4,CD,CG,9.423658
tcr_18_4,D,C,E,L,49,1,OE1,CD2,9.493776
tcr_18_4,D,C,E,L,49,1,OE1,CD1,9.06635
tcr_18_4,D,C,E,P,49,4,OE1,CB,9.399539
tcr_18_4,D,C,E,L,49,1,OE2,CD2,8.164914
tcr_18_4,D,C,E,L,49,1,OE2,CG,8.472922
tcr_18_4,D,C,E,L,49,1,OE2,CB,9.05455
tcr_18_4,D,C,E,L,49,1,OE2,CD1,7.341233
tcr_18_4,D,C,E,F,49,2,OE2,O,9.29487
tcr_18_4,D,C,E,P,49,4,OE2,CA,8.6452465
tcr_18_4,D,C,E,P,49,4,OE2,CB,7.643384
tcr_18_4,D,C,E,P,49,4,OE2,N,9.369823
tcr_18_4,D,C,E,S,49,5,OE2,N,9.777416
tcr_18_4,D,C,E,P,49,4,OE2,CG,8.479625
tcr_18_4,D,C,E,P,49,4,OE2,C,9.736838
tcr_18_4,D,C,E,P,49,4,OE2,CD,9.194231
tcr_18_4,D,C,S,L,50,1,N,CD2,8.995873
tcr_18_4,D,C,S,L,50,1,N,CG,8.706076
tcr_18_4,D,C,S,L,50,1,N,CB,9.417463
tcr_18_4,D,C,S,L,50,1,N,CD1,7.2166057
tcr_18_4,D,C,S,P,50,4,N,CB,8.724479
tcr_18_4,D,C,S,P,50,4,N,CG,8.879965
tcr_18_4,D,C,S,P,50,4,N,CD,9.664015
tcr_18_4,D,C,S,L,50,1,CA,CD2,9.281202
tcr_18_4,D,C,S,L,50,1,CA,CG,8.760522
tcr_18_4,D,C,S,L,50,1,CA,CB,9.414041
tcr_18_4,D,C,S,L,50,1,CA,CD1,7.2335057
tcr_18_4,D,C,S,P,50,4,CA,CB,8.907873
tcr_18_4,D,C,S,P,50,4,CA,CG,8.811328
tcr_18_4,D,C,S,P,50,4,CA,CD,9.561748
tcr_18_4,D,C,S,L,50,1,C,CG,9.367293
tcr_18_4,D,C,S,L,50,1,C,CB,9.799559
tcr_18_4,D,C,S,L,50,1,C,CD1,7.8510394
tcr_18_4,D,C,S,P,50,4,C,CA,9.672503
tcr_18_4,D,C,S,P,50,4,C,CB,8.213933
tcr_18_4,D,C,S,P,50,4,C,N,9.904159
tcr_18_4,D,C,S,P,50,4,C,CG,7.9945445
tcr_18_4,D,C,S,P,50,4,C,CD,8.888876
tcr_18_4,D,C,S,L,50,1,O,CD1,8.706508
tcr_18_4,D,C,S,P,50,4,O,CB,8.941219
tcr_18_4,D,C,S,P,50,4,O,CG,8.559412
tcr_18_4,D,C,S,P,50,4,O,CD,9.471303
tcr_18_4,D,C,S,L,50,1,CB,CA,9.700182
tcr_18_4,D,C,S,L,50,1,CB,CD2,8.117709
tcr_18_4,D,C,S,L,50,1,CB,CG,7.4791408
tcr_18_4,D,C,S,L,50,1,CB,CB,8.175527
tcr_18_4,D,C,S,L,50,1,CB,CD1,5.958532
tcr_18_4,D,C,S,F,50,2,CB,O,9.593833
tcr_18_4,D,C,S,P,50,4,CB,CB,8.762469
tcr_18_4,D,C,S,P,50,4,CB,CG,8.5625305
tcr_18_4,D,C,S,P,50,4,CB,CD,9.08778
tcr_18_4,D,C,S,L,50,1,OG,CA,8.5194235
tcr_18_4,D,C,S,L,50,1,OG,N,9.224036
tcr_18_4,D,C,S,L,50,1,OG,CD2,7.0452743
tcr_18_4,D,C,S,L,50,1,OG,CG,6.411181
tcr_18_4,D,C,S,L,50,1,OG,C,9.1423025
tcr_18_4,D,C,S,L,50,1,OG,CB,6.994105
tcr_18_4,D,C,S,L,50,1,OG,CD1,4.884274
tcr_18_4,D,C,S,F,50,2,OG,N,9.575955
tcr_18_4,D,C,S,L,50,1,OG,O,9.398362
tcr_18_4,D,C,S,F,50,2,OG,O,8.218054
tcr_18_4,D,C,S,P,50,4,OG,CA,8.751363
tcr_18_4,D,C,S,P,50,4,OG,CB,7.540788
tcr_18_4,D,C,S,P,50,4,OG,N,8.746901
tcr_18_4,D,C,S,P,50,4,OG,CG,7.4061236
tcr_18_4,D,C,S,P,50,4,OG,CD,7.852874
tcr_18_4,D,C,S,F,50,2,OG,C,9.432097
tcr_18_4,D,C,S,M,50,3,OG,CA,9.865359
tcr_18_4,D,C,S,M,50,3,OG,C,9.599399
tcr_18_4,D,C,D,L,51,1,N,CD2,9.777183
tcr_18_4,D,C,D,L,51,1,N,CG,9.196489
tcr_18_4,D,C,D,L,51,1,N,CB,9.486203
tcr_18_4,D,C,D,L,51,1,N,CD1,7.722686
tcr_18_4,D,C,D,F,51,2,N,O,9.559138
tcr_18_4,D,C,D,P,51,4,N,CA,8.513052
tcr_18_4,D,C,D,P,51,4,N,CB,7.0309005
tcr_18_4,D,C,D,P,51,4,N,N,8.85729
tcr_18_4,D,C,D,S,51,5,N,N,9.3275385
tcr_18_4,D,C,D,P,51,4,N,CG,6.9168463
tcr_18_4,D,C,D,P,51,4,N,C,9.568557
tcr_18_4,D,C,D,P,51,4,N,CD,7.915903
tcr_18_4,D,C,D,L,51,1,CA,CG,9.970238
tcr_18_4,D,C,D,L,51,1,CA,CD1,8.558708
tcr_18_4,D,C,D,F,51,2,CA,O,9.605559
tcr_18_4,D,C,D,P,51,4,CA,CA,8.004381
tcr_18_4,D,C,D,P,51,4,CA,CB,6.4751673
tcr_18_4,D,C,D,P,51,4,CA,N,8.392965
tcr_18_4,D,C,D,S,51,5,CA,N,8.512486
tcr_18_4,D,C,D,P,51,4,CA,CG,6.241951
tcr_18_4,D,C,D,P,51,4,CA,C,8.900351
tcr_18_4,D,C,D,P,51,4,CA,CD,7.4024673
tcr_18_4,D,C,D,M,51,3,CA,C,9.62801
tcr_18_4,D,C,D,S,51,5,CA,CA,9.596989
tcr_18_4,D,C,D,S,51,5,CA,O,9.980863
tcr_18_4,D,C,D,S,51,5,CA,CB,9.2121
tcr_18_4,D,C,D,L,51,1,C,CD1,9.554625
tcr_18_4,D,C,D,P,51,4,C,CA,8.018065
tcr_18_4,D,C,D,P,51,4,C,CB,6.494615
tcr_18_4,D,C,D,P,51,4,C,N,8.654594
tcr_18_4,D,C,D,S,51,5,C,N,8.181004
tcr_18_4,D,C,D,P,51,4,C,CG,6.5203195
tcr_18_4,D,C,D,P,51,4,C,C,8.73644
tcr_18_4,D,C,D,P,51,4,C,CD,7.8437915
tcr_18_4,D,C,D,M,51,3,C,C,9.934133
tcr_18_4,D,C,D,P,51,4,C,O,9.967405
tcr_18_4,D,C,D,S,51,5,C,CA,9.127945
tcr_18_4,D,C,D,S,51,5,C,O,9.712364
tcr_18_4,D,C,D,S,51,5,C,OG,9.6772375
tcr_18_4,D,C,D,S,51,5,C,CB,8.547983
tcr_18_4,D,C,D,L,51,1,O,CD1,9.334314
tcr_18_4,D,C,D,F,51,2,O,O,9.860737
tcr_18_4,D,C,D,P,51,4,O,CA,7.570939
tcr_18_4,D,C,D,P,51,4,O,CB,6.0983095
tcr_18_4,D,C,D,P,51,4,O,N,8.353811
tcr_18_4,D,C,D,S,51,5,O,N,7.7632008
tcr_18_4,D,C,D,P,51,4,O,CG,6.408787
tcr_18_4,D,C,D,P,51,4,O,C,8.290455
tcr_18_4,D,C,D,P,51,4,O,CD,7.7253656
tcr_18_4,D,C,D,M,51,3,O,C,9.602027
tcr_18_4,D,C,D,P,51,4,O,O,9.503437
tcr_18_4,D,C,D,S,51,5,O,CA,8.716434
tcr_18_4,D,C,D,S,51,5,O,O,9.594601
tcr_18_4,D,C,D,S,51,5,O,C,9.780403
tcr_18_4,D,C,D,S,51,5,O,OG,9.28612
tcr_18_4,D,C,D,S,51,5,O,CB,8.153411
tcr_18_4,D,C,D,L,51,1,CB,CD2,9.965015
tcr_18_4,D,C,D,L,51,1,CB,CG,9.208227
tcr_18_4,D,C,D,L,51,1,CB,CB,9.094235
tcr_18_4,D,C,D,L,51,1,CB,CD1,7.8932657
tcr_18_4,D,C,D,F,51,2,CB,O,8.338192
tcr_18_4,D,C,D,P,51,4,CB,CA,6.77432
tcr_18_4,D,C,D,P,51,4,CB,CB,5.2709355
tcr_18_4,D,C,D,P,51,4,CB,N,7.0238113
tcr_18_4,D,C,D,S,51,5,CB,N,7.4166083
tcr_18_4,D,C,D,P,51,4,CB,CG,4.8381457
tcr_18_4,D,C,D,P,51,4,CB,C,7.7105303
tcr_18_4,D,C,D,P,51,4,CB,CD,5.947848
tcr_18_4,D,C,D,F,51,2,CB,C,9.448983
tcr_18_4,D,C,D,M,51,3,CB,N,9.703616
tcr_18_4,D,C,D,M,51,3,CB,O,9.123891
tcr_18_4,D,C,D,M,51,3,CB,CB,9.702255
tcr_18_4,D,C,D,M,51,3,CB,CA,8.785567
tcr_18_4,D,C,D,M,51,3,CB,C,8.254008
tcr_18_4,D,C,D,P,51,4,CB,O,8.904993
tcr_18_4,D,C,D,M,51,3,CB,CG,9.080615
tcr_18_4,D,C,D,S,51,5,CB,CA,8.573857
tcr_18_4,D,C,D,S,51,5,CB,O,8.8159685
tcr_18_4,D,C,D,S,51,5,CB,C,9.265873
tcr_18_4,D,C,D,S,51,5,CB,OG,9.643543
tcr_18_4,D,C,D,S,51,5,CB,CB,8.363124
tcr_18_4,D,C,D,L,51,1,CG,CD1,9.060105
tcr_18_4,D,C,D,F,51,2,CG,O,8.816167
tcr_18_4,D,C,D,P,51,4,CG,CA,6.785694
tcr_18_4,D,C,D,P,51,4,CG,CB,5.3325243
tcr_18_4,D,C,D,P,51,4,CG,N,7.0021257
tcr_18_4,D,C,D,S,51,5,CG,N,7.0394526
tcr_18_4,D,C,D,P,51,4,CG,CG,4.645654
tcr_18_4,D,C,D,P,51,4,CG,C,7.4906588
tcr_18_4,D,C,D,P,51,4,CG,CD,5.856583
tcr_18_4,D,C,D,F,51,2,CG,C,9.82306
tcr_18_4,D,C,D,M,51,3,CG,N,9.872908
tcr_18_4,D,C,D,M,51,3,CG,O,9.200068
tcr_18_4,D,C,D,M,51,3,CG,CB,9.48352
tcr_18_4,D,C,D,M,51,3,CG,CA,8.78289
tcr_18_4,D,C,D,M,51,3,CG,C,8.277653
tcr_18_4,D,C,D,P,51,4,CG,O,8.672621
tcr_18_4,D,C,D,M,51,3,CG,CG,8.643605
tcr_18_4,D,C,D,S,51,5,CG,CA,8.052639
tcr_18_4,D,C,D,M,51,3,CG,SD,9.785072
tcr_18_4,D,C,D,S,51,5,CG,O,7.9565344
tcr_18_4,D,C,D,S,51,5,CG,C,8.565529
tcr_18_4,D,C,D,T,51,6,CG,N,9.874678
tcr_18_4,D,C,D,S,51,5,CG,OG,8.958912
tcr_18_4,D,C,D,S,51,5,CG,CB,7.7509174
tcr_18_4,D,C,D,P,51,4,OD1,CA,7.896013
tcr_18_4,D,C,D,P,51,4,OD1,CB,6.451273
tcr_18_4,D,C,D,P,51,4,OD1,N,8.158212
tcr_18_4,D,C,D,S,51,5,OD1,N,7.898029
tcr_18_4,D,C,D,P,51,4,OD1,CG,5.778735
tcr_18_4,D,C,D,P,51,4,OD1,C,8.478888
tcr_18_4,D,C,D,P,51,4,OD1,CD,7.020045
tcr_18_4,D,C,D,M,51,3,OD1,CA,9.947581
tcr_18_4,D,C,D,M,51,3,OD1,C,9.444699
tcr_18_4,D,C,D,P,51,4,OD1,O,9.660298
tcr_18_4,D,C,D,M,51,3,OD1,CG,9.6385565
tcr_18_4,D,C,D,S,51,5,OD1,CA,8.77512
tcr_18_4,D,C,D,S,51,5,OD1,O,8.559139
tcr_18_4,D,C,D,S,51,5,OD1,C,9.243239
tcr_18_4,D,C,D,S,51,5,OD1,OG,9.402141
tcr_18_4,D,C,D,S,51,5,OD1,CB,8.29828
tcr_18_4,D,C,D,L,51,1,OD2,CB,9.660319
tcr_18_4,D,C,D,L,51,1,OD2,CD1,9.025796
tcr_18_4,D,C,D,F,51,2,OD2,O,8.082189
tcr_18_4,D,C,D,P,51,4,OD2,CA,5.8985815
tcr_18_4,D,C,D,P,51,4,OD2,CB,4.5472884
tcr_18_4,D,C,D,P,51,4,OD2,N,6.0167713
tcr_18_4,D,C,D,S,51,5,OD2,N,6.1252184
tcr_18_4,D,C,D,P,51,4,OD2,CG,3.6479998
tcr_18_4,D,C,D,P,51,4,OD2,C,6.5362067
tcr_18_4,D,C,D,P,51,4,OD2,CD,4.8399105
tcr_18_4,D,C,D,F,51,2,OD2,C,9.0042515
tcr_18_4,D,C,D,M,51,3,OD2,N,8.929823
tcr_18_4,D,C,D,M,51,3,OD2,O,8.242612
tcr_18_4,D,C,D,M,51,3,OD2,CB,8.360382
tcr_18_4,D,C,D,M,51,3,OD2,CA,7.7599673
tcr_18_4,D,C,D,M,51,3,OD2,C,7.2845817
tcr_18_4,D,C,D,P,51,4,OD2,O,7.677181
tcr_18_4,D,C,D,M,51,3,OD2,CG,7.45395
tcr_18_4,D,C,D,S,51,5,OD2,CA,7.1439524
tcr_18_4,D,C,D,M,51,3,OD2,CE,9.329064
tcr_18_4,D,C,D,T,51,6,OD2,CG2,9.685614
tcr_18_4,D,C,D,M,51,3,OD2,SD,8.55542
tcr_18_4,D,C,D,T,51,6,OD2,CA,9.644673
tcr_18_4,D,C,D,S,51,5,OD2,O,6.8795986
tcr_18_4,D,C,D,S,51,5,OD2,C,7.532711
tcr_18_4,D,C,D,T,51,6,OD2,N,8.824924
tcr_18_4,D,C,D,S,51,5,OD2,OG,8.208589
tcr_18_4,D,C,D,S,51,5,OD2,CB,6.9805937
tcr_18_4,D,C,Y,P,52,4,N,CA,8.873413
tcr_18_4,D,C,Y,P,52,4,N,CB,7.3652453
tcr_18_4,D,C,Y,P,52,4,N,N,9.534109
tcr_18_4,D,C,Y,S,52,5,N,N,8.732191
tcr_18_4,D,C,Y,P,52,4,N,CG,7.3062835
tcr_18_4,D,C,Y,P,52,4,N,C,9.432958
tcr_18_4,D,C,Y,P,52,4,N,CD,8.697149
tcr_18_4,D,C,Y,S,52,5,N,CA,9.527797
tcr_18_4,D,C,Y,S,52,5,N,O,9.956342
tcr_18_4,D,C,Y,S,52,5,N,OG,9.789702
tcr_18_4,D,C,Y,S,52,5,N,CB,8.776605
tcr_18_4,D,C,Y,P,52,4,CA,CA,9.429545
tcr_18_4,D,C,Y,P,52,4,CA,CB,7.9859366
tcr_18_4,D,C,Y,S,52,5,CA,N,8.977766
tcr_18_4,D,C,Y,P,52,4,CA,CG,8.096885
tcr_18_4,D,C,Y,P,52,4,CA,C,9.813554
tcr_18_4,D,C,Y,P,52,4,CA,CD,9.55628
tcr_18_4,D,C,Y,S,52,5,CA,CA,9.597757
tcr_18_4,D,C,Y,S,52,5,CA,OG,9.523892
tcr_18_4,D,C,Y,S,52,5,CA,CB,8.658342
tcr_18_4,D,C,Y,P,52,4,C,CB,8.904603
tcr_18_4,D,C,Y,S,52,5,C,N,9.616011
tcr_18_4,D,C,Y,P,52,4,C,CG,8.8631
tcr_18_4,D,C,Y,S,52,5,C,OG,9.758395
tcr_18_4,D,C,Y,S,52,5,C,CB,9.029514
tcr_18_4,D,C,Y,P,52,4,O,CB,9.291604
tcr_18_4,D,C,Y,P,52,4,O,CG,9.050673
tcr_18_4,D,C,Y,S,52,5,O,CB,9.608351
tcr_18_4,D,C,Y,P,52,4,CB,CB,8.97402
tcr_18_4,D,C,Y,P,52,4,CB,CG,9.22902
tcr_18_4,D,C,Y,S,52,5,CB,CB,9.78254
tcr_18_4,D,C,Y,P,52,4,CG,CB,9.988133
tcr_18_4,D,C,Y,P,52,4,CD1,CB,9.9246855
tcr_18_4,D,C,Y,P,53,4,N,CB,9.5308275
tcr_18_4,D,C,Y,S,53,5,N,N,9.910369
tcr_18_4,D,C,Y,P,53,4,N,CG,9.602081
tcr_18_4,D,C,Y,S,53,5,N,OG,9.576445
tcr_18_4,D,C,Y,S,53,5,N,CB,9.013472
tcr_18_4,D,C,Y,S,53,5,CA,CB,9.686994
tcr_18_4,D,C,Y,S,53,5,CB,OG,9.084282
tcr_18_4,D,C,Y,S,53,5,CB,CB,8.837938
tcr_18_4,D,C,Y,P,53,4,CG,CB,9.3612
tcr_18_4,D,C,Y,S,53,5,CG,N,9.054671
tcr_18_4,D,C,Y,P,53,4,CG,CG,9.238973
tcr_18_4,D,C,Y,S,53,5,CG,CA,9.039287
tcr_18_4,D,C,Y,S,53,5,CG,O,8.919061
tcr_18_4,D,C,Y,S,53,5,CG,C,9.497341
tcr_18_4,D,C,Y,S,53,5,CG,OG,8.054875
tcr_18_4,D,C,Y,S,53,5,CG,CB,7.745676
tcr_18_4,D,C,Y,P,53,4,CD1,CB,9.758201
tcr_18_4,D,C,Y,S,53,5,CD1,N,9.460452
tcr_18_4,D,C,Y,P,53,4,CD1,CG,9.421478
tcr_18_4,D,C,Y,S,53,5,CD1,CA,9.444293
tcr_18_4,D,C,Y,S,53,5,CD1,O,8.966972
tcr_18_4,D,C,Y,S,53,5,CD1,C,9.699703
tcr_18_4,D,C,Y,S,53,5,CD1,OG,8.544709
tcr_18_4,D,C,Y,S,53,5,CD1,CB,8.238943
tcr_18_4,D,C,Y,P,53,4,CD2,CA,9.17446
tcr_18_4,D,C,Y,P,53,4,CD2,CB,8.083415
tcr_18_4,D,C,Y,S,53,5,CD2,N,7.7137194
tcr_18_4,D,C,Y,P,53,4,CD2,CG,8.073853
tcr_18_4,D,C,Y,P,53,4,CD2,C,8.902837
tcr_18_4,D,C,Y,P,53,4,CD2,CD,9.551202
tcr_18_4,D,C,Y,P,53,4,CD2,O,9.923471
tcr_18_4,D,C,Y,S,53,5,CD2,CA,7.7224107
tcr_18_4,D,C,Y,S,53,5,CD2,O,7.7903705
tcr_18_4,D,C,Y,S,53,5,CD2,C,8.282674
tcr_18_4,D,C,Y,T,53,6,CD2,N,9.43721
tcr_18_4,D,C,Y,S,53,5,CD2,OG,6.8281507
tcr_18_4,D,C,Y,S,53,5,CD2,CB,6.4320803
tcr_18_4,D,C,Y,P,53,4,CE1,CB,8.995746
tcr_18_4,D,C,Y,S,53,5,CE1,N,8.659142
tcr_18_4,D,C,Y,P,53,4,CE1,CG,8.50858
tcr_18_4,D,C,Y,P,53,4,CE1,C,9.769532
tcr_18_4,D,C,Y,P,53,4,CE1,CD,9.838742
tcr_18_4,D,C,Y,S,53,5,CE1,CA,8.664672
tcr_18_4,D,C,Y,S,53,5,CE1,O,7.9299884
tcr_18_4,D,C,Y,S,53,5,CE1,C,8.768202
tcr_18_4,D,C,Y,T,53,6,CE1,N,9.910462
tcr_18_4,D,C,Y,S,53,5,CE1,OG,7.9559717
tcr_18_4,D,C,Y,S,53,5,CE1,CB,7.585524
tcr_18_4,D,C,Y,P,53,4,CE2,CA,8.166403
tcr_18_4,D,C,Y,P,53,4,CE2,CB,7.1287413
tcr_18_4,D,C,Y,P,53,4,CE2,N,8.948865
tcr_18_4,D,C,Y,S,53,5,CE2,N,6.6928263
tcr_18_4,D,C,Y,P,53,4,CE2,CG,6.972064
tcr_18_4,D,C,Y,P,53,4,CE2,C,7.863544
tcr_18_4,D,C,Y,P,53,4,CE2,CD,8.405819
tcr_18_4,D,C,Y,P,53,4,CE2,O,8.8701105
tcr_18_4,D,C,Y,S,53,5,CE2,CA,6.7343683
tcr_18_4,D,C,Y,T,53,6,CE2,CA,9.07112
tcr_18_4,D,C,Y,S,53,5,CE2,O,6.560125
tcr_18_4,D,C,Y,S,53,5,CE2,C,7.158722
tcr_18_4,D,C,Y,T,53,6,CE2,N,8.351663
tcr_18_4,D,C,Y,T,53,6,CE2,O,9.569588
tcr_18_4,D,C,Y,T,53,6,CE2,C,9.4517
tcr_18_4,D,C,Y,S,53,5,CE2,OG,6.0660696
tcr_18_4,D,C,Y,S,53,7,CE2,OG,9.678345
tcr_18_4,D,C,Y,S,53,7,CE2,N,9.909501
tcr_18_4,D,C,Y,S,53,5,CE2,CB,5.558672
tcr_18_4,D,C,Y,P,53,4,CZ,CA,8.66683
tcr_18_4,D,C,Y,P,53,4,CZ,CB,7.6589375
tcr_18_4,D,C,Y,P,53,4,CZ,N,9.255946
tcr_18_4,D,C,Y,S,53,5,CZ,N,7.2542176
tcr_18_4,D,C,Y,P,53,4,CZ,CG,7.2286787
tcr_18_4,D,C,Y,P,53,4,CZ,C,8.36816
tcr_18_4,D,C,Y,P,53,4,CZ,CD,8.573262
tcr_18_4,D,C,Y,P,53,4,CZ,O,9.334796
tcr_18_4,D,C,Y,S,53,5,CZ,CA,7.292466
tcr_18_4,D,C,Y,T,53,6,CZ,CA,9.162536
tcr_18_4,D,C,Y,S,53,5,CZ,O,6.651157
tcr_18_4,D,C,Y,S,53,5,CZ,C,7.4502783
tcr_18_4,D,C,Y,T,53,6,CZ,N,8.629888
tcr_18_4,D,C,Y,T,53,6,CZ,O,9.854422
tcr_18_4,D,C,Y,T,53,6,CZ,C,9.574805
tcr_18_4,D,C,Y,S,53,5,CZ,OG,6.7262745
tcr_18_4,D,C,Y,S,53,7,CZ,OG,9.461519
tcr_18_4,D,C,Y,S,53,7,CZ,N,9.875991
tcr_18_4,D,C,Y,S,53,5,CZ,CB,6.251013
tcr_18_4,D,C,Y,P,53,4,OH,CA,7.988915
tcr_18_4,D,C,Y,P,53,4,OH,CB,7.084714
tcr_18_4,D,C,Y,P,53,4,OH,N,8.416631
tcr_18_4,D,C,Y,S,53,5,OH,N,6.643035
tcr_18_4,D,C,Y,P,53,4,OH,CG,6.461452
tcr_18_4,D,C,Y,P,53,4,OH,C,7.6725774
tcr_18_4,D,C,Y,P,53,4,OH,CD,7.6881256
tcr_18_4,D,C,Y,M,53,3,OH,C,9.609165
tcr_18_4,D,C,Y,P,53,4,OH,O,8.585979
tcr_18_4,D,C,Y,M,53,3,OH,CG,9.012655
tcr_18_4,D,C,Y,S,53,5,OH,CA,6.7211947
tcr_18_4,D,C,Y,T,53,6,OH,CG2,9.383041
tcr_18_4,D,C,Y,M,53,3,OH,SD,9.402301
tcr_18_4,D,C,Y,T,53,6,OH,CB,9.520969
tcr_18_4,D,C,Y,T,53,6,OH,CA,8.286272
tcr_18_4,D,C,Y,S,53,5,OH,O,5.739255
tcr_18_4,D,C,Y,S,53,5,OH,C,6.6733484
tcr_18_4,D,C,Y,T,53,6,OH,N,7.8523917
tcr_18_4,D,C,Y,T,53,6,OH,O,9.247045
tcr_18_4,D,C,Y,T,53,6,OH,C,8.823909
tcr_18_4,D,C,Y,S,53,5,OH,OG,6.454077
tcr_18_4,D,C,Y,S,53,7,OH,OG,8.844699
tcr_18_4,D,C,Y,S,53,7,OH,N,9.083887
tcr_18_4,D,C,Y,S,53,5,OH,CB,5.8979173
tcr_18_4,D,C,Y,S,53,7,OH,CB,9.962504
tcr_18_4,D,C,F,S,55,5,CZ,OG,9.970549
tcr_18_4,D,C,Y,P,74,4,CB,CG,9.176733
tcr_18_4,D,C,Y,P,74,4,CB,CD,9.969188
tcr_18_4,D,C,Y,P,74,4,CG,CG,9.07096
tcr_18_4,D,C,Y,P,74,4,CG,CD,9.916777
tcr_18_4,D,C,Y,P,74,4,CD1,CB,9.207698
tcr_18_4,D,C,Y,P,74,4,CD1,CG,8.128812
tcr_18_4,D,C,Y,P,74,4,CD1,CD,9.097328
tcr_18_4,D,C,Y,S,74,5,CD1,O,9.555561
tcr_18_4,D,C,Y,P,74,4,CE1,CB,9.431469
tcr_18_4,D,C,Y,S,74,5,CE1,N,9.869974
tcr_18_4,D,C,Y,P,74,4,CE1,CG,8.369001
tcr_18_4,D,C,Y,P,74,4,CE1,CD,9.350929
tcr_18_4,D,C,Y,S,74,5,CE1,O,9.007109
tcr_18_4,D,C,Y,S,74,5,CE1,CB,9.707003
tcr_18_4,D,C,Y,P,74,4,CZ,CG,9.503165
tcr_18_4,D,C,Y,S,74,5,CZ,O,9.771638
tcr_18_4,D,C,Y,P,74,4,OH,CG,9.998207
tcr_18_4,D,C,Y,S,74,5,OH,O,9.553384
tcr_18_4,D,C,R,S,115,5,CA,OG,9.666964
tcr_18_4,D,C,R,S,115,5,CA,CB,9.474009
tcr_18_4,D,C,R,P,115,4,C,CB,9.641899
tcr_18_4,D,C,R,S,115,5,C,N,9.671773
tcr_18_4,D,C,R,S,115,5,C,CA,9.81579
tcr_18_4,D,C,R,S,115,5,C,OG,8.958681
tcr_18_4,D,C,R,S,115,5,C,CB,8.573709
tcr_18_4,D,C,R,P,115,4,O,CB,9.116124
tcr_18_4,D,C,R,S,115,5,O,N,9.252305
tcr_18_4,D,C,R,P,115,4,O,CG,9.629445
tcr_18_4,D,C,R,S,115,5,O,CA,9.457871
tcr_18_4,D,C,R,S,115,5,O,OG,8.688664
tcr_18_4,D,C,R,S,115,5,O,CB,8.217017
tcr_18_4,D,C,R,S,115,5,CB,OG,8.981478
tcr_18_4,D,C,R,S,115,5,CB,CB,8.972352
tcr_18_4,D,C,R,S,115,5,CG,N,9.791953
tcr_18_4,D,C,R,S,115,5,CG,CA,9.467971
tcr_18_4,D,C,R,S,115,5,CG,OG,7.932667
tcr_18_4,D,C,R,S,115,5,CG,CB,8.04939
tcr_18_4,D,C,R,S,115,5,CD,N,9.956639
tcr_18_4,D,C,R,S,115,5,CD,CA,9.431101
tcr_18_4,D,C,R,S,115,5,CD,OG,7.599266
tcr_18_4,D,C,R,S,115,5,CD,CB,7.951959
tcr_18_4,D,C,R,S,115,5,NE,N,9.6669235
tcr_18_4,D,C,R,S,115,5,NE,CA,8.991839
tcr_18_4,D,C,R,S,115,5,NE,C,9.840166
tcr_18_4,D,C,R,S,115,5,NE,OG,7.0302005
tcr_18_4,D,C,R,S,115,5,NE,CB,7.564642
tcr_18_4,D,C,R,S,115,5,CZ,N,9.953583
tcr_18_4,D,C,R,S,115,5,CZ,CA,9.108658
tcr_18_4,D,C,R,S,115,5,CZ,C,9.801655
tcr_18_4,D,C,R,T,115,6,CZ,O,9.614186
tcr_18_4,D,C,R,S,115,5,CZ,OG,6.945869
tcr_18_4,D,C,R,S,115,5,CZ,CB,7.6993823
tcr_18_4,D,C,R,S,115,5,NH1,CA,9.557394
tcr_18_4,D,C,R,T,115,6,NH1,O,9.805278
tcr_18_4,D,C,R,S,115,5,NH1,OG,7.305426
tcr_18_4,D,C,R,S,115,7,NH1,OG,9.786817
tcr_18_4,D,C,R,S,115,5,NH1,CB,8.113289
tcr_18_4,D,C,R,S,115,5,NH2,CA,9.053532
tcr_18_4,D,C,R,S,115,5,NH2,C,9.738484
tcr_18_4,D,C,R,T,115,6,NH2,O,9.162463
tcr_18_4,D,C,R,S,115,5,NH2,OG,6.865213
tcr_18_4,D,C,R,S,115,5,NH2,CB,7.7497663
tcr_18_4,D,C,S,P,116,4,N,CB,9.2277
tcr_18_4,D,C,S,S,116,5,N,N,9.355752
tcr_18_4,D,C,S,S,116,5,N,CA,9.571145
tcr_18_4,D,C,S,S,116,5,N,OG,8.893778
tcr_18_4,D,C,S,S,116,5,N,CB,8.441085
tcr_18_4,D,C,S,P,116,4,CA,CA,9.027564
tcr_18_4,D,C,S,P,116,4,CA,CB,7.966257
tcr_18_4,D,C,S,S,116,5,CA,N,8.36502
tcr_18_4,D,C,S,P,116,4,CA,CG,8.8419
tcr_18_4,D,C,S,P,116,4,CA,C,9.177718
tcr_18_4,D,C,S,S,116,5,CA,CA,8.756109
tcr_18_4,D,C,S,S,116,5,CA,OG,8.425817
tcr_18_4,D,C,S,S,116,5,CA,CB,7.778091
tcr_18_4,D,C,S,P,116,4,C,CA,7.8033752
tcr_18_4,D,C,S,P,116,4,C,CB,6.801206
tcr_18_4,D,C,S,P,116,4,C,N,9.08772
tcr_18_4,D,C,S,S,116,5,C,N,6.9300084
tcr_18_4,D,C,S,P,116,4,C,CG,7.6735916
tcr_18_4,D,C,S,P,116,4,C,C,7.8200865
tcr_18_4,D,C,S,P,116,4,C,CD,9.0518
tcr_18_4,D,C,S,P,116,4,C,O,8.832019
tcr_18_4,D,C,S,S,116,5,C,CA,7.26039
tcr_18_4,D,C,S,S,116,5,C,O,8.726505
tcr_18_4,D,C,S,S,116,5,C,C,8.562171
tcr_18_4,D,C,S,T,116,6,C,N,9.59032
tcr_18_4,D,C,S,S,116,5,C,OG,6.923968
tcr_18_4,D,C,S,S,116,5,C,CB,6.252687
tcr_18_4,D,C,S,P,116,4,O,CA,7.937023
tcr_18_4,D,C,S,P,116,4,O,CB,7.108571
tcr_18_4,D,C,S,P,116,4,O,N,9.281885
tcr_18_4,D,C,S,S,116,5,O,N,6.7310476
tcr_18_4,D,C,S,P,116,4,O,CG,8.021121
tcr_18_4,D,C,S,P,116,4,O,C,7.7172904
tcr_18_4,D,C,S,P,116,4,O,CD,9.372368
tcr_18_4,D,C,S,P,116,4,O,O,8.631222
tcr_18_4,D,C,S,S,116,5,O,CA,6.8174458
tcr_18_4,D,C,S,S,116,5,O,O,8.34561
tcr_18_4,D,C,S,S,116,5,O,C,8.105565
tcr_18_4,D,C,S,T,116,6,O,N,9.042491
tcr_18_4,D,C,S,S,116,5,O,OG,6.150649
tcr_18_4,D,C,S,S,116,5,O,CB,5.686941
tcr_18_4,D,C,S,P,116,4,CB,CA,9.127495
tcr_18_4,D,C,S,P,116,4,CB,CB,8.188228
tcr_18_4,D,C,S,S,116,5,CB,N,8.693902
tcr_18_4,D,C,S,P,116,4,CB,CG,9.245072
tcr_18_4,D,C,S,P,116,4,CB,C,9.353526
tcr_18_4,D,C,S,S,116,5,CB,CA,9.142767
tcr_18_4,D,C,S,S,116,5,CB,OG,8.993269
tcr_18_4,D,C,S,S,116,5,CB,CB,8.326584
tcr_18_4,D,C,S,P,116,4,OG,CA,8.115929
tcr_18_4,D,C,S,P,116,4,OG,CB,7.180851
tcr_18_4,D,C,S,P,116,4,OG,N,9.366068
tcr_18_4,D,C,S,S,116,5,OG,N,8.00145
tcr_18_4,D,C,S,P,116,4,OG,CG,8.294127
tcr_18_4,D,C,S,P,116,4,OG,C,8.506661
tcr_18_4,D,C,S,P,116,4,OG,CD,9.447899
tcr_18_4,D,C,S,P,116,4,OG,O,9.465572
tcr_18_4,D,C,S,S,116,5,OG,CA,8.632907
tcr_18_4,D,C,S,S,116,5,OG,OG,8.854367
tcr_18_4,D,C,S,S,116,5,OG,CB,8.020332
tcr_18_4,D,C,A,P,117,4,N,CA,6.791395
tcr_18_4,D,C,A,P,117,4,N,CB,5.6617517
tcr_18_4,D,C,A,P,117,4,N,N,7.9978557
tcr_18_4,D,C,A,S,117,5,N,N,6.129059
tcr_18_4,D,C,A,P,117,4,N,CG,6.4535155
tcr_18_4,D,C,A,P,117,4,N,C,6.957453
tcr_18_4,D,C,A,P,117,4,N,CD,7.852704
tcr_18_4,D,C,A,M,117,3,N,O,9.447475
tcr_18_4,D,C,A,M,117,3,N,C,9.199058
tcr_18_4,D,C,A,P,117,4,N,O,8.05259
tcr_18_4,D,C,A,S,117,5,N,CA,6.668654
tcr_18_4,D,C,A,S,117,5,N,O,8.013202
tcr_18_4,D,C,A,S,117,5,N,C,7.9336963
tcr_18_4,D,C,A,T,117,6,N,N,9.049463
tcr_18_4,D,C,A,S,117,5,N,OG,6.699302
tcr_18_4,D,C,A,S,117,5,N,CB,5.8047566
tcr_18_4,D,C,A,F,117,2,CA,O,9.321399
tcr_18_4,D,C,A,P,117,4,CA,CA,5.551955
tcr_18_4,D,C,A,P,117,4,CA,CB,4.5063114
tcr_18_4,D,C,A,P,117,4,CA,N,6.7780313
tcr_18_4,D,C,A,S,117,5,CA,N,4.697308
tcr_18_4,D,C,A,P,117,4,CA,CG,5.30549
tcr_18_4,D,C,A,P,117,4,CA,C,5.5874295
tcr_18_4,D,C,A,P,117,4,CA,CD,6.699525
tcr_18_4,D,C,A,M,117,3,CA,O,8.234126
tcr_18_4,D,C,A,M,117,3,CA,CA,9.25151
tcr_18_4,D,C,A,M,117,3,CA,C,7.9814754
tcr_18_4,D,C,A,P,117,4,CA,O,6.685511
tcr_18_4,D,C,A,M,117,3,CA,CG,9.438444
tcr_18_4,D,C,A,S,117,5,CA,CA,5.2462845
tcr_18_4,D,C,A,T,117,6,CA,CG2,9.793065
tcr_18_4,D,C,A,T,117,6,CA,CB,9.995523
tcr_18_4,D,C,A,T,117,6,CA,CA,8.8997965
tcr_18_4,D,C,A,S,117,5,CA,O,6.580114
tcr_18_4,D,C,A,S,117,5,CA,C,6.492908
tcr_18_4,D,C,A,T,117,6,CA,N,7.6272607
tcr_18_4,D,C,A,T,117,6,CA,O,9.322983
tcr_18_4,D,C,A,T,117,6,CA,C,9.518715
tcr_18_4,D,C,A,S,117,5,CA,OG,5.4614367
tcr_18_4,D,C,A,S,117,5,CA,CB,4.447106
tcr_18_4,D,C,A,F,117,2,C,O,8.55266
tcr_18_4,D,C,A,P,117,4,C,CA,4.750119
tcr_18_4,D,C,A,P,117,4,C,CB,4.004223
tcr_18_4,D,C,A,P,117,4,C,N,6.12135
tcr_18_4,D,C,A,S,117,5,C,N,4.0444307
tcr_18_4,D,C,A,P,117,4,C,CG,5.1632686
tcr_18_4,D,C,A,P,117,4,C,C,4.754301
tcr_18_4,D,C,A,P,117,4,C,CD,6.3541417
tcr_18_4,D,C,A,F,117,2,C,C,9.356516
tcr_18_4,D,C,A,F,117,2,C,CD1,9.721122
tcr_18_4,D,C,A,M,117,3,C,N,9.443387
tcr_18_4,D,C,A,M,117,3,C,O,7.249821
tcr_18_4,D,C,A,M,117,3,C,CB,9.3903265
tcr_18_4,D,C,A,M,117,3,C,CA,8.578079
tcr_18_4,D,C,A,M,117,3,C,C,7.190572
tcr_18_4,D,C,A,P,117,4,C,O,5.750848
tcr_18_4,D,C,A,M,117,3,C,CG,9.023748
tcr_18_4,D,C,A,S,117,5,C,CA,4.648253
tcr_18_4,D,C,A,T,117,6,C,OG1,9.585021
tcr_18_4,D,C,A,T,117,6,C,CG2,9.202386
tcr_18_4,D,C,A,T,117,6,C,CB,9.417498
tcr_18_4,D,C,A,T,117,6,C,CA,8.450627
tcr_18_4,D,C,A,S,117,5,C,O,6.423914
tcr_18_4,D,C,A,S,117,5,C,C,6.071086
tcr_18_4,D,C,A,T,117,6,C,N,7.0669827
tcr_18_4,D,C,A,T,117,6,C,O,8.813679
tcr_18_4,D,C,A,T,117,6,C,C,9.103445
tcr_18_4,D,C,A,S,117,5,C,OG,5.1943483
tcr_18_4,D,C,A,S,117,5,C,CB,4.145758
tcr_18_4,D,C,A,F,117,2,O,O,8.086902
tcr_18_4,D,C,A,P,117,4,O,CA,3.968696
tcr_18_4,D,C,A,P,117,4,O,CB,3.5434196
tcr_18_4,D,C,A,P,117,4,O,N,5.3875804
tcr_18_4,D,C,A,S,117,5,O,N,2.9383173
tcr_18_4,D,C,A,P,117,4,O,CG,4.7392983
tcr_18_4,D,C,A,P,117,4,O,C,3.694679
tcr_18_4,D,C,A,P,117,4,O,CD,5.802873
tcr_18_4,D,C,A,F,117,2,O,CA,9.954503
tcr_18_4,D,C,A,F,117,2,O,CB,9.785871
tcr_18_4,D,C,A,F,117,2,O,CG,9.89339
tcr_18_4,D,C,A,F,117,2,O,C,8.767019
tcr_18_4,D,C,A,F,117,2,O,CD1,8.871819
tcr_18_4,D,C,A,F,117,2,O,CE1,9.330213
tcr_18_4,D,C,A,M,117,3,O,N,8.722841
tcr_18_4,D,C,A,M,117,3,O,O,6.3690395
tcr_18_4,D,C,A,M,117,3,O,CB,8.515194
tcr_18_4,D,C,A,M,117,3,O,CA,7.8177247
tcr_18_4,D,C,A,M,117,3,O,C,6.385379
tcr_18_4,D,C,A,P,117,4,O,O,4.620323
tcr_18_4,D,C,A,M,117,3,O,CG,8.150191
tcr_18_4,D,C,A,S,117,5,O,CA,3.4793406
tcr_18_4,D,C,A,T,117,6,O,OG1,8.360224
tcr_18_4,D,C,A,T,117,6,O,CG2,8.033065
tcr_18_4,D,C,A,M,117,3,O,SD,9.411158
tcr_18_4,D,C,A,T,117,6,O,CB,8.221721
tcr_18_4,D,C,A,T,117,6,O,CA,7.2906933
tcr_18_4,D,C,A,S,117,5,O,O,5.4118166
tcr_18_4,D,C,A,S,117,5,O,C,4.942212
tcr_18_4,D,C,A,T,117,6,O,N,5.8839626
tcr_18_4,D,C,A,T,117,6,O,O,7.6925597
tcr_18_4,D,C,A,T,117,6,O,C,7.972038
tcr_18_4,D,C,A,S,117,5,O,OG,4.277128
tcr_18_4,D,C,A,S,117,7,O,N,9.099657
tcr_18_4,D,C,A,S,117,5,O,CB,3.1666317
tcr_18_4,D,C,A,F,117,2,CB,O,8.572104
tcr_18_4,D,C,A,P,117,4,CB,CA,5.0587354
tcr_18_4,D,C,A,P,117,4,CB,CB,3.756567
tcr_18_4,D,C,A,P,117,4,CB,N,6.058831
tcr_18_4,D,C,A,S,117,5,CB,N,4.542759
tcr_18_4,D,C,A,P,117,4,CB,CG,4.2114472
tcr_18_4,D,C,A,P,117,4,CB,C,5.3298016
tcr_18_4,D,C,A,P,117,4,CB,CD,5.6910176
tcr_18_4,D,C,A,F,117,2,CB,C,9.491498
tcr_18_4,D,C,A,M,117,3,CB,N,9.521385
tcr_18_4,D,C,A,M,117,3,CB,O,7.819567
tcr_18_4,D,C,A,M,117,3,CB,CB,9.217354
tcr_18_4,D,C,A,M,117,3,CB,CA,8.464327
tcr_18_4,D,C,A,M,117,3,CB,C,7.352066
tcr_18_4,D,C,A,P,117,4,CB,O,6.5299187
tcr_18_4,D,C,A,M,117,3,CB,CG,8.56587
tcr_18_4,D,C,A,S,117,5,CB,CA,5.353224
tcr_18_4,D,C,A,T,117,6,CB,CG2,9.472844
tcr_18_4,D,C,A,M,117,3,CB,SD,9.823579
tcr_18_4,D,C,A,T,117,6,CB,CB,9.858612
tcr_18_4,D,C,A,T,117,6,CB,CA,8.832454
tcr_18_4,D,C,A,S,117,5,CB,O,6.2613378
tcr_18_4,D,C,A,S,117,5,CB,C,6.3980117
tcr_18_4,D,C,A,T,117,6,CB,N,7.644758
tcr_18_4,D,C,A,T,117,6,CB,O,9.627332
tcr_18_4,D,C,A,T,117,6,CB,C,9.6289835
tcr_18_4,D,C,A,S,117,5,CB,OG,5.9527082
tcr_18_4,D,C,A,S,117,5,CB,CB,4.763057
tcr_18_4,D,C,L,F,118,2,N,O,8.705674
tcr_18_4,D,C,L,P,118,4,N,CA,5.351274
tcr_18_4,D,C,L,P,118,4,N,CB,4.671941
tcr_18_4,D,C,L,P,118,4,N,N,6.7239957
tcr_18_4,D,C,L,S,118,5,N,N,5.049453
tcr_18_4,D,C,L,P,118,4,N,CG,5.969849
tcr_18_4,D,C,L,P,118,4,N,C,5.538012
tcr_18_4,D,C,L,P,118,4,N,CD,7.0419416
tcr_18_4,D,C,L,F,118,2,N,C,9.550832
tcr_18_4,D,C,L,F,118,2,N,CD1,9.843795
tcr_18_4,D,C,L,M,118,3,N,N,9.799385
tcr_18_4,D,C,L,M,118,3,N,O,7.645782
tcr_18_4,D,C,L,M,118,3,N,CA,9.100791
tcr_18_4,D,C,L,M,118,3,N,C,7.6946054
tcr_18_4,D,C,L,P,118,4,N,O,6.45198
tcr_18_4,D,C,L,M,118,3,N,CG,9.854179
tcr_18_4,D,C,L,S,118,5,N,CA,5.6976743
tcr_18_4,D,C,L,T,118,6,N,CA,9.5016985
tcr_18_4,D,C,L,S,118,5,N,O,7.626641
tcr_18_4,D,C,L,S,118,5,N,C,7.174035
tcr_18_4,D,C,L,T,118,6,N,N,8.075755
tcr_18_4,D,C,L,T,118,6,N,O,9.772103
tcr_18_4,D,C,L,S,118,5,N,OG,6.2809105
tcr_18_4,D,C,L,S,118,5,N,CB,5.3151603
tcr_18_4,D,C,L,F,118,2,CA,O,8.229758
tcr_18_4,D,C,L,P,118,4,CA,CA,5.2142334
tcr_18_4,D,C,L,P,118,4,CA,CB,4.8843994
tcr_18_4,D,C,L,P,118,4,CA,N,6.585922
tcr_18_4,D,C,L,S,118,5,CA,N,5.2332187
tcr_18_4,D,C,L,P,118,4,CA,CG,6.344753
tcr_18_4,D,C,L,P,118,4,CA,C,5.4353166
tcr_18_4,D,C,L,P,118,4,CA,CD,7.1575923
tcr_18_4,D,C,L,F,118,2,CA,CA,9.87805
tcr_18_4,D,C,L,F,118,2,CA,CB,9.48044
tcr_18_4,D,C,L,F,118,2,CA,CG,9.825105
tcr_18_4,D,C,L,F,118,2,CA,C,8.99578
tcr_18_4,D,C,L,F,118,2,CA,CD1,8.948945
tcr_18_4,D,C,L,F,118,2,CA,CE1,9.621387
tcr_18_4,D,C,L,M,118,3,CA,N,9.318681
tcr_18_4,D,C,L,M,118,3,CA,O,7.1010265
tcr_18_4,D,C,L,M,118,3,CA,CB,9.813533
tcr_18_4,D,C,L,M,118,3,CA,CA,8.799963
tcr_18_4,D,C,L,M,118,3,CA,C,7.351897
tcr_18_4,D,C,L,P,118,4,CA,O,6.1587453
tcr_18_4,D,C,L,M,118,3,CA,CG,9.828939
tcr_18_4,D,C,L,S,118,5,CA,CA,5.8971124
tcr_18_4,D,C,L,T,118,6,CA,CA,9.591564
tcr_18_4,D,C,L,S,118,5,CA,O,8.02796
tcr_18_4,D,C,L,S,118,5,CA,C,7.396757
tcr_18_4,D,C,L,T,118,6,CA,N,8.129046
tcr_18_4,D,C,L,T,118,6,CA,O,9.826399
tcr_18_4,D,C,L,S,118,5,CA,OG,6.737963
tcr_18_4,D,C,L,S,118,5,CA,CB,5.818861
tcr_18_4,D,C,L,F,118,2,C,O,9.193964
tcr_18_4,D,C,L,P,118,4,C,CA,6.0175977
tcr_18_4,D,C,L,P,118,4,C,CB,5.962836
tcr_18_4,D,C,L,P,118,4,C,N,7.4316397
tcr_18_4,D,C,L,S,118,5,C,N,5.6510396
tcr_18_4,D,C,L,P,118,4,C,CG,7.436248
tcr_18_4,D,C,L,P,118,4,C,C,5.908536
tcr_18_4,D,C,L,P,118,4,C,CD,8.183387
tcr_18_4,D,C,L,F,118,2,C,C,9.821748
tcr_18_4,D,C,L,F,118,2,C,CD1,9.227187
tcr_18_4,D,C,L,F,118,2,C,CE1,9.730826
tcr_18_4,D,C,L,M,118,3,C,O,7.626937
tcr_18_4,D,C,L,M,118,3,C,CA,9.570951
tcr_18_4,D,C,L,M,118,3,C,C,8.065694
tcr_18_4,D,C,L,P,118,4,C,O,6.4099946
tcr_18_4,D,C,L,S,118,5,C,CA,5.9791327
tcr_18_4,D,C,L,T,118,6,C,OG1,9.901002
tcr_18_4,D,C,L,T,118,6,C,CA,9.477609
tcr_18_4,D,C,L,S,118,5,C,O,8.277708
tcr_18_4,D,C,L,S,118,5,C,C,7.4857006
tcr_18_4,D,C,L,T,118,6,C,N,8.02543
tcr_18_4,D,C,L,T,118,6,C,O,9.36282
tcr_18_4,D,C,L,T,118,6,C,C,9.961797
tcr_18_4,D,C,L,S,118,5,C,OG,6.503977
tcr_18_4,D,C,L,S,118,5,C,CB,5.856849
tcr_18_4,D,C,L,F,118,2,O,O,8.919916
tcr_18_4,D,C,L,P,118,4,O,CA,5.9068794
tcr_18_4,D,C,L,P,118,4,O,CB,6.1624036
tcr_18_4,D,C,L,P,118,4,O,N,7.2660604
tcr_18_4,D,C,L,S,118,5,O,N,5.6228347
tcr_18_4,D,C,L,P,118,4,O,CG,7.65578
tcr_18_4,D,C,L,P,118,4,O,C,5.6922016
tcr_18_4,D,C,L,P,118,4,O,CD,8.206453
tcr_18_4,D,C,L,F,118,2,O,CB,9.407348
tcr_18_4,D,C,L,F,118,2,O,CG,9.464368
tcr_18_4,D,C,L,F,118,2,O,C,9.414648
tcr_18_4,D,C,L,F,118,2,O,CD1,8.419093
tcr_18_4,D,C,L,F,118,2,O,CE1,8.838682
tcr_18_4,D,C,L,M,118,3,O,N,9.614364
tcr_18_4,D,C,L,M,118,3,O,O,7.1074014
tcr_18_4,D,C,L,M,118,3,O,CA,9.223726
tcr_18_4,D,C,L,M,118,3,O,C,7.7136493
tcr_18_4,D,C,L,P,118,4,O,O,5.968763
tcr_18_4,D,C,L,S,118,5,O,CA,5.8745866
tcr_18_4,D,C,L,T,118,6,O,OG1,9.250779
tcr_18_4,D,C,L,T,118,6,O,CG2,9.62468
tcr_18_4,D,C,L,T,118,6,O,CB,9.69195
tcr_18_4,D,C,L,T,118,6,O,CA,9.110556
tcr_18_4,D,C,L,S,118,5,O,O,8.23375
tcr_18_4,D,C,L,S,118,5,O,C,7.314763
tcr_18_4,D,C,L,T,118,6,O,N,7.676822
tcr_18_4,D,C,L,T,118,6,O,O,8.958256
tcr_18_4,D,C,L,T,118,6,O,C,9.593362
tcr_18_4,D,C,L,S,118,5,O,OG,6.576388
tcr_18_4,D,C,L,S,118,5,O,CB,6.0050898
tcr_18_4,D,C,L,L,118,1,CB,CD2,9.840909
tcr_18_4,D,C,L,L,118,1,CB,CD1,9.529811
tcr_18_4,D,C,L,F,118,2,CB,O,8.418049
tcr_18_4,D,C,L,P,118,4,CB,CA,6.131905
tcr_18_4,D,C,L,P,118,4,CB,CB,5.719056
tcr_18_4,D,C,L,P,118,4,CB,N,7.3724604
tcr_18_4,D,C,L,S,118,5,CB,N,6.5728917
tcr_18_4,D,C,L,P,118,4,CB,CG,7.1479664
tcr_18_4,D,C,L,P,118,4,CB,C,6.620097
tcr_18_4,D,C,L,P,118,4,CB,CD,7.8766956
tcr_18_4,D,C,L,F,118,2,CB,CA,9.997277
tcr_18_4,D,C,L,F,118,2,CB,CB,9.584162
tcr_18_4,D,C,L,F,118,2,CB,C,9.2627945
tcr_18_4,D,C,L,F,118,2,CB,CD1,9.401159
tcr_18_4,D,C,L,M,118,3,CB,N,9.786102
tcr_18_4,D,C,L,M,118,3,CB,O,7.8288584
tcr_18_4,D,C,L,M,118,3,CB,CA,9.43755
tcr_18_4,D,C,L,M,118,3,CB,C,8.0737095
tcr_18_4,D,C,L,P,118,4,CB,O,7.334012
tcr_18_4,D,C,L,S,118,5,CB,CA,7.356559
tcr_18_4,D,C,L,S,118,5,CB,O,9.436274
tcr_18_4,D,C,L,S,118,5,CB,C,8.834467
tcr_18_4,D,C,L,T,118,6,CB,N,9.567896
tcr_18_4,D,C,L,S,118,5,CB,OG,8.267185
tcr_18_4,D,C,L,S,118,5,CB,CB,7.3238707
tcr_18_4,D,C,L,L,118,1,CG,CA,9.951366
tcr_18_4,D,C,L,L,118,1,CG,CD2,8.686372
tcr_18_4,D,C,L,L,118,1,CG,CG,8.998781
tcr_18_4,D,C,L,L,118,1,CG,C,9.974305
tcr_18_4,D,C,L,L,118,1,CG,CB,9.011556
tcr_18_4,D,C,L,L,118,1,CG,CD1,8.194393
tcr_18_4,D,C,L,F,118,2,CG,N,9.398556
tcr_18_4,D,C,L,F,118,2,CG,O,7.746804
tcr_18_4,D,C,L,P,118,4,CG,CA,5.9798956
tcr_18_4,D,C,L,P,118,4,CG,CB,5.3272314
tcr_18_4,D,C,L,P,118,4,CG,N,7.04639
tcr_18_4,D,C,L,S,118,5,CG,N,6.825619
tcr_18_4,D,C,L,P,118,4,CG,CG,6.6158676
tcr_18_4,D,C,L,P,118,4,CG,C,6.781392
tcr_18_4,D,C,L,P,118,4,CG,CD,7.3302364
tcr_18_4,D,C,L,F,118,2,CG,CA,9.481872
tcr_18_4,D,C,L,F,118,2,CG,CB,9.262728
tcr_18_4,D,C,L,F,118,2,CG,CG,9.984508
tcr_18_4,D,C,L,F,118,2,CG,C,8.725411
tcr_18_4,D,C,L,F,118,2,CG,CD1,9.431119
tcr_18_4,D,C,L,M,118,3,CG,N,9.364857
tcr_18_4,D,C,L,M,118,3,CG,O,7.7557025
tcr_18_4,D,C,L,M,118,3,CG,CA,9.041073
tcr_18_4,D,C,L,M,118,3,CG,C,7.812784
tcr_18_4,D,C,L,P,118,4,CG,O,7.6192775
tcr_18_4,D,C,L,S,118,5,CG,CA,7.8364854
tcr_18_4,D,C,L,S,118,5,CG,O,9.692839
tcr_18_4,D,C,L,S,118,5,CG,C,9.238957
tcr_18_4,D,C,L,S,118,5,CG,OG,8.964249
tcr_18_4,D,C,L,S,118,5,CG,CB,7.861958
tcr_18_4,D,C,L,L,118,1,CD1,CD2,8.330223
tcr_18_4,D,C,L,L,118,1,CD1,CG,8.844915
tcr_18_4,D,C,L,L,118,1,CD1,CB,9.085419
tcr_18_4,D,C,L,L,118,1,CD1,CD1,8.064607
tcr_18_4,D,C,L,F,118,2,CD1,N,9.68729
tcr_18_4,D,C,L,F,118,2,CD1,O,8.398446
tcr_18_4,D,C,L,P,118,4,CD1,CA,7.2813053
tcr_18_4,D,C,L,P,118,4,CD1,CB,6.672269
tcr_18_4,D,C,L,P,118,4,CD1,N,8.233046
tcr_18_4,D,C,L,S,118,5,CD1,N,8.302323
tcr_18_4,D,C,L,P,118,4,CD1,CG,7.8993998
tcr_18_4,D,C,L,P,118,4,CD1,C,8.169702
tcr_18_4,D,C,L,P,118,4,CD1,CD,8.50207
tcr_18_4,D,C,L,F,118,2,CD1,CA,9.960561
tcr_18_4,D,C,L,F,118,2,CD1,CB,9.70042
tcr_18_4,D,C,L,F,118,2,CD1,C,9.389708
tcr_18_4,D,C,L,M,118,3,CD1,O,8.7997055
tcr_18_4,D,C,L,M,118,3,CD1,C,8.893076
tcr_18_4,D,C,L,P,118,4,CD1,O,8.946146
tcr_18_4,D,C,L,S,118,5,CD1,CA,9.322849
tcr_18_4,D,C,L,S,118,5,CD1,CB,9.372263
tcr_18_4,D,C,L,L,118,1,CD2,CA,8.551834
tcr_18_4,D,C,L,L,118,1,CD2,N,9.950335
tcr_18_4,D,C,L,L,118,1,CD2,CD2,7.55866
tcr_18_4,D,C,L,L,118,1,CD2,CG,7.781379
tcr_18_4,D,C,L,L,118,1,CD2,C,8.499459
tcr_18_4,D,C,L,L,118,1,CD2,CB,7.647905
tcr_18_4,D,C,L,L,118,1,CD2,CD1,7.069963
tcr_18_4,D,C,L,F,118,2,CD2,N,7.9284124
tcr_18_4,D,C,L,L,118,1,CD2,O,9.154664
tcr_18_4,D,C,L,F,118,2,CD2,O,6.2273088
tcr_18_4,D,C,L,P,118,4,CD2,CA,4.8528857
tcr_18_4,D,C,L,P,118,4,CD2,CB,4.3086076
tcr_18_4,D,C,L,P,118,4,CD2,N,5.7611
tcr_18_4,D,C,L,S,118,5,CD2,N,6.150692
tcr_18_4,D,C,L,P,118,4,CD2,CG,5.569783
tcr_18_4,D,C,L,P,118,4,CD2,C,5.8692484
tcr_18_4,D,C,L,P,118,4,CD2,CD,6.073196
tcr_18_4,D,C,L,F,118,2,CD2,CA,7.996087
tcr_18_4,D,C,L,F,118,2,CD2,CB,7.85494
tcr_18_4,D,C,L,F,118,2,CD2,CG,8.619854
tcr_18_4,D,C,L,F,118,2,CD2,C,7.217575
tcr_18_4,D,C,L,F,118,2,CD2,CD1,8.136106
tcr_18_4,D,C,L,F,118,2,CD2,CE1,9.174984
tcr_18_4,D,C,L,M,118,3,CD2,N,7.886632
tcr_18_4,D,C,L,M,118,3,CD2,O,6.448068
tcr_18_4,D,C,L,M,118,3,CD2,CB,8.945638
tcr_18_4,D,C,L,M,118,3,CD2,CA,7.616317
tcr_18_4,D,C,L,M,118,3,CD2,C,6.456051
tcr_18_4,D,C,L,P,118,4,CD2,O,6.677657
tcr_18_4,D,C,L,M,118,3,CD2,CG,9.1806
tcr_18_4,D,C,L,S,118,5,CD2,CA,7.327188
tcr_18_4,D,C,L,S,118,5,CD2,O,9.047271
tcr_18_4,D,C,L,S,118,5,CD2,C,8.6182785
tcr_18_4,D,C,L,T,118,6,CD2,N,9.453394
tcr_18_4,D,C,L,S,118,5,CD2,OG,8.818498
tcr_18_4,D,C,L,S,118,5,CD2,CB,7.6123896
tcr_18_4,D,C,S,P,119,4,N,CA,7.133489
tcr_18_4,D,C,S,P,119,4,N,CB,6.9579663
tcr_18_4,D,C,S,P,119,4,N,N,8.576343
tcr_18_4,D,C,S,S,119,5,N,N,6.4630003
tcr_18_4,D,C,S,P,119,4,N,CG,8.371139
tcr_18_4,D,C,S,P,119,4,N,C,6.9149837
tcr_18_4,D,C,S,P,119,4,N,CD,9.2490225
tcr_18_4,D,C,S,M,119,3,N,O,8.8698015
tcr_18_4,D,C,S,M,119,3,N,C,9.276949
tcr_18_4,D,C,S,P,119,4,N,O,7.439732
tcr_18_4,D,C,S,S,119,5,N,CA,6.60218
tcr_18_4,D,C,S,S,119,5,N,O,8.862095
tcr_18_4,D,C,S,S,119,5,N,C,8.102302
tcr_18_4,D,C,S,T,119,6,N,N,8.642926
tcr_18_4,D,C,S,T,119,6,N,O,9.694598
tcr_18_4,D,C,S,S,119,5,N,OG,6.6576915
tcr_18_4,D,C,S,S,119,5,N,CB,6.198553
tcr_18_4,D,C,S,P,119,4,CA,CA,8.238976
tcr_18_4,D,C,S,P,119,4,CA,CB,8.222603
tcr_18_4,D,C,S,P,119,4,CA,N,9.67647
tcr_18_4,D,C,S,S,119,5,CA,N,7.3980374
tcr_18_4,D,C,S,P,119,4,CA,CG,9.6369505
tcr_18_4,D,C,S,P,119,4,CA,C,7.851165
tcr_18_4,D,C,S,M,119,3,CA,O,9.7473135
tcr_18_4,D,C,S,P,119,4,CA,O,8.20817
tcr_18_4,D,C,S,S,119,5,CA,CA,7.307208
tcr_18_4,D,C,S,S,119,5,CA,O,9.598137
tcr_18_4,D,C,S,S,119,5,CA,C,8.742164
tcr_18_4,D,C,S,T,119,6,CA,N,9.10695
tcr_18_4,D,C,S,T,119,6,CA,O,9.784094
tcr_18_4,D,C,S,S,119,5,CA,OG,7.0837193
tcr_18_4,D,C,S,S,119,5,CA,CB,6.8885784
tcr_18_4,D,C,S,P,119,4,C,CA,8.846241
tcr_18_4,D,C,S,P,119,4,C,CB,8.793763
tcr_18_4,D,C,S,S,119,5,C,N,7.5998187
tcr_18_4,D,C,S,P,119,4,C,C,8.256962
tcr_18_4,D,C,S,P,119,4,C,O,8.609177
tcr_18_4,D,C,S,S,119,5,C,CA,7.2561793
tcr_18_4,D,C,S,S,119,5,C,O,9.414356
tcr_18_4,D,C,S,S,119,5,C,C,8.601457
tcr_18_4,D,C,S,T,119,6,C,N,8.936298
tcr_18_4,D,C,S,T,119,6,C,O,9.266863
tcr_18_4,D,C,S,S,119,5,C,OG,6.528945
tcr_18_4,D,C,S,S,119,5,C,CB,6.593731
tcr_18_4,D,C,S,P,119,4,O,CA,8.773175
tcr_18_4,D,C,S,P,119,4,O,CB,8.55079
tcr_18_4,D,C,S,S,119,5,O,N,7.3719606
tcr_18_4,D,C,S,P,119,4,O,CG,9.766289
tcr_18_4,D,C,S,P,119,4,O,C,8.184783
tcr_18_4,D,C,S,P,119,4,O,O,8.666532
tcr_18_4,D,C,S,S,119,5,O,CA,7.0191493
tcr_18_4,D,C,S,S,119,5,O,O,9.032571
tcr_18_4,D,C,S,S,119,5,O,C,8.347005
tcr_18_4,D,C,S,T,119,6,O,N,8.812836
tcr_18_4,D,C,S,T,119,6,O,O,9.180289
tcr_18_4,D,C,S,S,119,5,O,OG,6.0758834
tcr_18_4,D,C,S,S,119,5,O,CB,6.1372957
tcr_18_4,D,C,S,P,119,4,CB,CA,9.413409
tcr_18_4,D,C,S,P,119,4,CB,CB,9.333725
tcr_18_4,D,C,S,S,119,5,CB,N,8.789942
tcr_18_4,D,C,S,P,119,4,CB,C,9.172389
tcr_18_4,D,C,S,P,119,4,CB,O,9.544412
tcr_18_4,D,C,S,S,119,5,CB,CA,8.79214
tcr_18_4,D,C,S,S,119,5,CB,OG,8.598782
tcr_18_4,D,C,S,S,119,5,CB,CB,8.379102
tcr_18_4,D,C,S,P,119,4,OG,CB,9.937787
tcr_18_4,D,C,S,S,119,5,OG,N,9.434466
tcr_18_4,D,C,S,P,119,4,OG,C,9.9578905
tcr_18_4,D,C,S,S,119,5,OG,CA,9.40825
tcr_18_4,D,C,S,S,119,5,OG,OG,8.962679
tcr_18_4,D,C,S,S,119,5,OG,CB,8.78931
tcr_18_4,D,C,Y,P,120,4,N,CA,9.687556
tcr_18_4,D,C,Y,P,120,4,N,CB,9.783681
tcr_18_4,D,C,Y,S,120,5,N,N,8.331105
tcr_18_4,D,C,Y,P,120,4,N,C,8.961832
tcr_18_4,D,C,Y,P,120,4,N,O,9.161085
tcr_18_4,D,C,Y,S,120,5,N,CA,7.810035
tcr_18_4,D,C,Y,S,120,5,N,O,9.932097
tcr_18_4,D,C,Y,S,120,5,N,C,9.046489
tcr_18_4,D,C,Y,T,120,6,N,N,9.204202
tcr_18_4,D,C,Y,T,120,6,N,O,9.17524
tcr_18_4,D,C,Y,S,120,5,N,OG,6.9110923
tcr_18_4,D,C,Y,S,120,5,N,CB,7.1991916
tcr_18_4,D,C,Y,S,120,5,CA,N,8.988002
tcr_18_4,D,C,Y,P,120,4,CA,C,9.74619
tcr_18_4,D,C,Y,P,120,4,CA,O,9.9282
tcr_18_4,D,C,Y,S,120,5,CA,CA,8.280202
tcr_18_4,D,C,Y,S,120,5,CA,C,9.381544
tcr_18_4,D,C,Y,T,120,6,CA,N,9.486825
tcr_18_4,D,C,Y,T,120,6,CA,O,9.083451
tcr_18_4,D,C,Y,S,120,5,CA,OG,6.9746537
tcr_18_4,D,C,Y,S,120,5,CA,CB,7.5068493
tcr_18_4,D,C,Y,S,120,5,C,CA,9.573342
tcr_18_4,D,C,Y,S,120,5,C,OG,8.171646
tcr_18_4,D,C,Y,S,120,5,C,CB,8.67951
tcr_18_4,D,C,Y,S,120,5,O,OG,8.399247
tcr_18_4,D,C,Y,S,120,5,O,CB,9.020881
tcr_18_4,D,C,Y,S,120,5,CB,N,9.6035385
tcr_18_4,D,C,Y,S,120,5,CB,CA,8.76077
tcr_18_4,D,C,Y,S,120,5,CB,C,9.724577
tcr_18_4,D,C,Y,T,120,6,CB,N,9.620188
tcr_18_4,D,C,Y,T,120,6,CB,O,8.869623
tcr_18_4,D,C,Y,S,120,5,CB,OG,7.444232
tcr_18_4,D,C,Y,S,120,5,CB,CB,8.1365185
tcr_18_4,D,C,Y,S,120,5,CG,N,8.781556
tcr_18_4,D,C,Y,P,120,4,CG,C,9.395903
tcr_18_4,D,C,Y,P,120,4,CG,O,9.263187
tcr_18_4,D,C,Y,S,120,5,CG,CA,7.8353357
tcr_18_4,D,C,Y,T,120,6,CG,OG1,9.48211
tcr_18_4,D,C,Y,T,120,6,CG,CA,9.312815
tcr_18_4,D,C,Y,S,120,5,CG,O,9.655173
tcr_18_4,D,C,Y,S,120,5,CG,C,8.680176
tcr_18_4,D,C,Y,T,120,6,CG,N,8.429768
tcr_18_4,D,C,Y,T,120,6,CG,O,7.5592804
tcr_18_4,D,C,Y,T,120,6,CG,C,8.729521
tcr_18_4,D,C,Y,S,120,5,CG,OG,6.6122603
tcr_18_4,D,C,Y,S,120,7,CG,N,9.695656
tcr_18_4,D,C,Y,S,120,5,CG,CB,7.3797593
tcr_18_4,D,C,Y,S,120,7,CG,CA,9.693372
tcr_18_4,D,C,Y,S,120,8,CG,N,9.772031
tcr_18_4,D,C,Y,S,120,5,CD1,N,8.283568
tcr_18_4,D,C,Y,P,120,4,CD1,C,9.004897
tcr_18_4,D,C,Y,P,120,4,CD1,O,8.868842
tcr_18_4,D,C,Y,S,120,5,CD1,CA,7.179218
tcr_18_4,D,C,Y,T,120,6,CD1,OG1,8.713317
tcr_18_4,D,C,Y,T,120,6,CD1,CB,9.283588
tcr_18_4,D,C,Y,T,120,6,CD1,CA,8.343803
tcr_18_4,D,C,Y,S,120,5,CD1,O,8.767311
tcr_18_4,D,C,Y,S,120,5,CD1,C,7.8601995
tcr_18_4,D,C,Y,T,120,6,CD1,N,7.577902
tcr_18_4,D,C,Y,T,120,6,CD1,O,6.4604774
tcr_18_4,D,C,Y,T,120,6,CD1,C,7.6340837
tcr_18_4,D,C,Y,S,120,5,CD1,OG,5.6818
tcr_18_4,D,C,Y,S,120,7,CD1,OG,9.275965
tcr_18_4,D,C,Y,S,120,7,CD1,N,8.517353
tcr_18_4,D,C,Y,S,120,5,CD1,CB,6.638576
tcr_18_4,D,C,Y,S,120,7,CD1,CA,8.448054
tcr_18_4,D,C,Y,S,120,7,CD1,CB,9.498405
tcr_18_4,D,C,Y,S,120,7,CD1,O,9.906203
tcr_18_4,D,C,Y,S,120,7,CD1,C,8.973793
tcr_18_4,D,C,Y,S,120,8,CD1,CA,9.484149
tcr_18_4,D,C,Y,S,120,8,CD1,N,8.624582
tcr_18_4,D,C,Y,S,120,8,CD1,OG,8.991718
tcr_18_4,D,C,Y,S,120,8,CD1,CB,9.117682
tcr_18_4,D,C,Y,S,120,5,CD2,N,8.855363
tcr_18_4,D,C,Y,P,120,4,CD2,C,9.282948
tcr_18_4,D,C,Y,P,120,4,CD2,O,9.009415
tcr_18_4,D,C,Y,S,120,5,CD2,CA,7.9781
tcr_18_4,D,C,Y,T,120,6,CD2,OG1,9.1509905
tcr_18_4,D,C,Y,T,120,6,CD2,CB,9.984039
tcr_18_4,D,C,Y,T,120,6,CD2,CA,9.332944
tcr_18_4,D,C,Y,S,120,5,CD2,O,9.888299
tcr_18_4,D,C,Y,S,120,5,CD2,C,8.812524
tcr_18_4,D,C,Y,T,120,6,CD2,N,8.439193
tcr_18_4,D,C,Y,T,120,6,CD2,O,7.6623664
tcr_18_4,D,C,Y,T,120,6,CD2,C,8.833027
tcr_18_4,D,C,Y,S,120,5,CD2,OG,7.126506
tcr_18_4,D,C,Y,S,120,7,CD2,N,9.8672495
tcr_18_4,D,C,Y,S,120,5,CD2,CB,7.7841845
tcr_18_4,D,C,Y,S,120,7,CD2,CA,9.914708
tcr_18_4,D,C,Y,S,120,8,CD2,N,9.8000965
tcr_18_4,D,C,Y,P,120,4,CE1,CA,9.800128
tcr_18_4,D,C,Y,S,120,5,CE1,N,7.847953
tcr_18_4,D,C,Y,P,120,4,CE1,C,8.484563
tcr_18_4,D,C,Y,P,120,4,CE1,O,8.191218
tcr_18_4,D,C,Y,S,120,5,CE1,CA,6.640972
tcr_18_4,D,C,Y,T,120,6,CE1,OG1,7.4852395
tcr_18_4,D,C,Y,T,120,6,CE1,CG2,9.167246
tcr_18_4,D,C,Y,T,120,6,CE1,CB,8.126959
tcr_18_4,D,C,Y,T,120,6,CE1,CA,7.287295
tcr_18_4,D,C,Y,S,120,5,CE1,O,8.077778
tcr_18_4,D,C,Y,S,120,5,CE1,C,7.1216364
tcr_18_4,D,C,Y,T,120,6,CE1,N,6.6442523
tcr_18_4,D,C,Y,T,120,6,CE1,O,5.298228
tcr_18_4,D,C,Y,T,120,6,CE1,C,6.5089464
tcr_18_4,D,C,Y,S,120,5,CE1,OG,5.2917495
tcr_18_4,D,C,Y,S,120,7,CE1,OG,8.38179
tcr_18_4,D,C,Y,S,120,7,CE1,N,7.3920913
tcr_18_4,D,C,Y,S,120,5,CE1,CB,6.3184757
tcr_18_4,D,C,Y,S,120,7,CE1,CA,7.300847
tcr_18_4,D,C,Y,S,120,7,CE1,CB,8.450152
tcr_18_4,D,C,Y,S,120,7,CE1,O,8.605645
tcr_18_4,D,C,Y,S,120,7,CE1,C,7.7090397
tcr_18_4,D,C,Y,S,120,8,CE1,C,9.62841
tcr_18_4,D,C,Y,S,120,8,CE1,CA,8.172274
tcr_18_4,D,C,Y,S,120,8,CE1,N,7.3498664
tcr_18_4,D,C,Y,S,120,8,CE1,OG,7.8447366
tcr_18_4,D,C,Y,S,120,8,CE1,CB,7.8593154
tcr_18_4,D,C,Y,P,120,4,CE2,CA,9.935806
tcr_18_4,D,C,Y,S,120,5,CE2,N,8.449476
tcr_18_4,D,C,Y,P,120,4,CE2,C,8.778289
tcr_18_4,D,C,Y,P,120,4,CE2,O,8.341663
tcr_18_4,D,C,Y,S,120,5,CE2,CA,7.4981055
tcr_18_4,D,C,Y,T,120,6,CE2,OG1,7.9887342
tcr_18_4,D,C,Y,T,120,6,CE2,CG2,9.770535
tcr_18_4,D,C,Y,T,120,6,CE2,CB,8.917873
tcr_18_4,D,C,Y,T,120,6,CE2,CA,8.401997
tcr_18_4,D,C,Y,S,120,5,CE2,O,9.283581
tcr_18_4,D,C,Y,S,120,5,CE2,C,8.161294
tcr_18_4,D,C,Y,T,120,6,CE2,N,7.612056
tcr_18_4,D,C,Y,T,120,6,CE2,O,6.7125406
tcr_18_4,D,C,Y,T,120,6,CE2,C,7.881807
tcr_18_4,D,C,Y,S,120,5,CE2,OG,6.8222675
tcr_18_4,D,C,Y,S,120,7,CE2,N,8.915282
tcr_18_4,D,C,Y,S,120,5,CE2,CB,7.51504
tcr_18_4,D,C,Y,S,120,7,CE2,CA,8.958966
tcr_18_4,D,C,Y,S,120,7,CE2,O,9.7916765
tcr_18_4,D,C,Y,S,120,7,CE2,C,9.0889225
tcr_18_4,D,C,Y,S,120,8,CE2,CA,9.252223
tcr_18_4,D,C,Y,S,120,8,CE2,N,8.700108
tcr_18_4,D,C,Y,S,120,8,CE2,OG,9.161159
tcr_18_4,D,C,Y,S,120,8,CE2,CB,8.875689
tcr_18_4,D,C,Y,P,120,4,CZ,CA,9.658938
tcr_18_4,D,C,Y,S,120,5,CZ,N,7.938567
tcr_18_4,D,C,Y,P,120,4,CZ,C,8.367617
tcr_18_4,D,C,Y,P,120,4,CZ,O,7.911759
tcr_18_4,D,C,Y,S,120,5,CZ,CA,6.817194
tcr_18_4,D,C,Y,T,120,6,CZ,OG1,7.0695467
tcr_18_4,D,C,Y,T,120,6,CZ,CG2,8.905827
tcr_18_4,D,C,Y,T,120,6,CZ,CB,7.919947
tcr_18_4,D,C,Y,T,120,6,CZ,CA,7.321276
tcr_18_4,D,C,Y,S,120,5,CZ,O,8.36303
tcr_18_4,D,C,Y,S,120,5,CZ,C,7.290796
tcr_18_4,D,C,Y,T,120,6,CZ,N,6.6649656
tcr_18_4,D,C,Y,T,120,6,CZ,O,5.452224
tcr_18_4,D,C,Y,T,120,6,CZ,C,6.654843
tcr_18_4,D,C,Y,S,120,5,CZ,OG,5.9291306
tcr_18_4,D,C,Y,S,120,7,CZ,OG,9.01527
tcr_18_4,D,C,Y,S,120,7,CZ,N,7.622671
tcr_18_4,D,C,Y,S,120,5,CZ,CB,6.7939563
tcr_18_4,D,C,Y,S,120,7,CZ,CA,7.598148
tcr_18_4,D,C,Y,S,120,7,CZ,CB,8.894819
tcr_18_4,D,C,Y,S,120,7,CZ,O,8.538397
tcr_18_4,D,C,Y,S,120,7,CZ,C,7.77451
tcr_18_4,D,C,Y,S,120,8,CZ,C,9.548578
tcr_18_4,D,C,Y,S,120,8,CZ,CA,8.035459
tcr_18_4,D,C,Y,S,120,8,CZ,N,7.3918705
tcr_18_4,D,C,Y,S,120,8,CZ,OG,7.938699
tcr_18_4,D,C,Y,S,120,8,CZ,CB,7.716122
tcr_18_4,D,C,Y,P,120,4,OH,CA,9.547243
tcr_18_4,D,C,Y,S,120,5,OH,N,7.877242
tcr_18_4,D,C,Y,P,120,4,OH,C,8.187843
tcr_18_4,D,C,Y,F,120,2,OH,CE1,9.938648
tcr_18_4,D,C,Y,M,120,3,OH,O,9.750062
tcr_18_4,D,C,Y,P,120,4,OH,O,7.5635147
tcr_18_4,D,C,Y,S,120,5,OH,CA,6.713308
tcr_18_4,D,C,Y,T,120,6,OH,OG1,6.0316806
tcr_18_4,D,C,Y,T,120,6,OH,CG2,8.048712
tcr_18_4,D,C,Y,T,120,6,OH,CB,6.9933963
tcr_18_4,D,C,Y,T,120,6,OH,CA,6.5809736
tcr_18_4,D,C,Y,S,120,5,OH,O,8.029483
tcr_18_4,D,C,Y,S,120,5,OH,C,6.943355
tcr_18_4,D,C,Y,T,120,6,OH,N,6.1070514
tcr_18_4,D,C,Y,T,120,6,OH,O,4.706987
tcr_18_4,D,C,Y,T,120,6,OH,C,5.877489
tcr_18_4,D,C,Y,S,120,5,OH,OG,6.0648894
tcr_18_4,D,C,Y,S,120,7,OH,OG,8.462549
tcr_18_4,D,C,Y,S,120,7,OH,N,6.8127313
tcr_18_4,D,C,Y,S,120,5,OH,CB,6.924529
tcr_18_4,D,C,Y,S,120,7,OH,CA,6.770832
tcr_18_4,D,C,Y,S,120,7,OH,CB,8.154592
tcr_18_4,D,C,Y,M,120,9,OH,N,9.157553
tcr_18_4,D,C,Y,S,120,7,OH,O,7.426891
tcr_18_4,D,C,Y,S,120,7,OH,C,6.751543
tcr_18_4,D,C,Y,S,120,8,OH,C,8.428585
tcr_18_4,D,C,Y,S,120,8,OH,O,9.061064
tcr_18_4,D,C,Y,S,120,8,OH,CA,6.902639
tcr_18_4,D,C,Y,S,120,8,OH,N,6.3613815
tcr_18_4,D,C,Y,S,120,8,OH,OG,7.0574393
tcr_18_4,D,C,Y,S,120,8,OH,CB,6.6586304
tcr_18_4,D,C,N,S,121,5,N,OG,9.133549
tcr_18_4,D,C,N,S,121,5,N,CB,9.500963
tcr_18_4,E,C,N,S,47,8,C,OG,9.547859
tcr_18_4,E,C,N,S,47,8,O,O,9.799548
tcr_18_4,E,C,N,M,47,9,O,O,9.392658
tcr_18_4,E,C,N,S,47,8,O,OG,8.498306
tcr_18_4,E,C,N,S,47,8,O,CB,9.798303
tcr_18_4,E,C,N,M,47,9,ND2,O,9.809018
tcr_18_4,E,C,H,S,48,8,N,OG,9.758307
tcr_18_4,E,C,H,S,48,8,CA,OG,8.834654
tcr_18_4,E,C,H,S,48,8,C,OG,8.110187
tcr_18_4,E,C,H,S,48,8,C,CB,9.401774
tcr_18_4,E,C,H,S,48,8,O,OG,8.854314
tcr_18_4,E,C,H,S,48,8,CB,OG,9.765262
tcr_18_4,E,C,E,S,49,7,N,OG,9.996907
tcr_18_4,E,C,E,S,49,7,N,CB,9.895367
tcr_18_4,E,C,E,S,49,8,N,C,9.459319
tcr_18_4,E,C,E,S,49,8,N,O,9.081358
tcr_18_4,E,C,E,S,49,8,N,CA,9.173349
tcr_18_4,E,C,E,M,49,9,N,O,9.246195
tcr_18_4,E,C,E,S,49,8,N,N,9.040899
tcr_18_4,E,C,E,S,49,8,N,OG,6.8031273
tcr_18_4,E,C,E,S,49,8,N,CB,8.095694
tcr_18_4,E,C,E,S,49,7,CA,CA,9.89456
tcr_18_4,E,C,E,S,49,7,CA,CB,9.92306
tcr_18_4,E,C,E,M,49,9,CA,N,9.883535
tcr_18_4,E,C,E,M,49,9,CA,C,9.853814
tcr_18_4,E,C,E,S,49,7,CA,C,9.769906
tcr_18_4,E,C,E,S,49,8,CA,C,9.077825
tcr_18_4,E,C,E,S,49,8,CA,O,8.88963
tcr_18_4,E,C,E,S,49,8,CA,CA,8.63859
tcr_18_4,E,C,E,M,49,9,CA,O,8.871399
tcr_18_4,E,C,E,S,49,8,CA,N,8.620633
tcr_18_4,E,C,E,S,49,8,CA,OG,6.244525
tcr_18_4,E,C,E,S,49,8,CA,CB,7.410061
tcr_18_4,E,C,E,S,49,8,C,C,9.807631
tcr_18_4,E,C,E,S,49,8,C,O,9.703622
tcr_18_4,E,C,E,S,49,8,C,CA,9.154837
tcr_18_4,E,C,E,M,49,9,C,O,9.949164
tcr_18_4,E,C,E,S,49,8,C,N,9.010967
tcr_18_4,E,C,E,S,49,8,C,OG,6.843261
tcr_18_4,E,C,E,S,49,8,C,CB,7.9199605
tcr_18_4,E,C,E,S,49,8,O,CA,9.696489
tcr_18_4,E,C,E,S,49,8,O,N,9.649533
tcr_18_4,E,C,E,S,49,8,O,OG,7.4348593
tcr_18_4,E,C,E,S,49,8,O,CB,8.370398
tcr_18_4,E,C,E,T,49,6,CB,O,9.559634
tcr_18_4,E,C,E,S,49,7,CB,OG,9.050751
tcr_18_4,E,C,E,S,49,7,CB,N,9.935482
tcr_18_4,E,C,E,S,49,7,CB,CA,8.593058
tcr_18_4,E,C,E,S,49,7,CB,CB,8.685358
tcr_18_4,E,C,E,M,49,9,CB,N,8.379711
tcr_18_4,E,C,E,M,49,9,CB,OXT,9.132926
tcr_18_4,E,C,E,S,49,7,CB,O,9.365471
tcr_18_4,E,C,E,M,49,9,CB,CA,9.130105
tcr_18_4,E,C,E,M,49,9,CB,C,8.473135
tcr_18_4,E,C,E,S,49,7,CB,C,8.354603
tcr_18_4,E,C,E,S,49,8,CB,C,7.576434
tcr_18_4,E,C,E,S,49,8,CB,O,7.444778
tcr_18_4,E,C,E,S,49,8,CB,CA,7.125529
tcr_18_4,E,C,E,M,49,9,CB,O,7.502715
tcr_18_4,E,C,E,S,49,8,CB,N,7.169839
tcr_18_4,E,C,E,S,49,8,CB,OG,4.728763
tcr_18_4,E,C,E,S,49,8,CB,CB,5.8906837
tcr_18_4,E,C,E,S,49,7,CG,OG,9.243439
tcr_18_4,E,C,E,S,49,7,CG,CA,8.747883
tcr_18_4,E,C,E,S,49,7,CG,CB,8.721108
tcr_18_4,E,C,E,M,49,9,CG,N,7.697187
tcr_18_4,E,C,E,M,49,9,CG,OXT,7.964376
tcr_18_4,E,C,E,S,49,7,CG,O,9.224053
tcr_18_4,E,C,E,M,49,9,CG,CB,9.478944
tcr_18_4,E,C,E,M,49,9,CG,CA,8.251584
tcr_18_4,E,C,E,M,49,9,CG,C,7.405983
tcr_18_4,E,C,E,S,49,7,CG,C,8.331784
tcr_18_4,E,C,E,S,49,8,CG,C,7.032902
tcr_18_4,E,C,E,S,49,8,CG,O,6.8528113
tcr_18_4,E,C,E,S,49,8,CG,CA,6.863854
tcr_18_4,E,C,E,M,49,9,CG,O,6.4016523
tcr_18_4,E,C,E,S,49,8,CG,N,7.132315
tcr_18_4,E,C,E,S,49,8,CG,OG,4.5037
tcr_18_4,E,C,E,S,49,8,CG,CB,5.6504073
tcr_18_4,E,C,E,T,49,6,CD,O,9.089385
tcr_18_4,E,C,E,T,49,6,CD,C,9.60692
tcr_18_4,E,C,E,S,49,7,CD,OG,8.385829
tcr_18_4,E,C,E,S,49,7,CD,N,9.0672
tcr_18_4,E,C,E,S,49,7,CD,CA,7.654347
tcr_18_4,E,C,E,S,49,7,CD,CB,7.6851387
tcr_18_4,E,C,E,M,49,9,CD,N,6.1771626
tcr_18_4,E,C,E,M,49,9,CD,OXT,6.6521854
tcr_18_4,E,C,E,S,49,7,CD,O,7.8775887
tcr_18_4,E,C,E,M,49,9,CD,CG,9.062115
tcr_18_4,E,C,E,M,49,9,CD,CB,7.987075
tcr_18_4,E,C,E,M,49,9,CD,CA,6.761647
tcr_18_4,E,C,E,M,49,9,CD,C,5.9919853
tcr_18_4,E,C,E,S,49,7,CD,C,7.0697227
tcr_18_4,E,C,E,S,49,8,CD,C,5.547316
tcr_18_4,E,C,E,S,49,8,CD,O,5.4399896
tcr_18_4,E,C,E,S,49,8,CD,CA,5.441978
tcr_18_4,E,C,E,M,49,9,CD,O,4.997961
tcr_18_4,E,C,E,S,49,8,CD,N,5.8510914
tcr_18_4,E,C,E,S,49,8,CD,OG,3.1629245
tcr_18_4,E,C,E,S,49,8,CD,CB,4.2585053
tcr_18_4,E,C,E,T,49,6,OE1,O,9.698076
tcr_18_4,E,C,E,S,49,7,OE1,OG,8.8793745
tcr_18_4,E,C,E,S,49,7,OE1,N,9.488077
tcr_18_4,E,C,E,S,49,7,OE1,CA,8.075639
tcr_18_4,E,C,E,S,49,7,OE1,CB,8.046432
tcr_18_4,E,C,E,M,49,9,OE1,N,5.716958
tcr_18_4,E,C,E,M,49,9,OE1,OXT,5.7041173
tcr_18_4,E,C,E,S,49,7,OE1,O,7.9740257
tcr_18_4,E,C,E,M,49,9,OE1,SD,9.873157
tcr_18_4,E,C,E,M,49,9,OE1,CG,8.445683
tcr_18_4,E,C,E,M,49,9,OE1,CB,7.2406645
tcr_18_4,E,C,E,M,49,9,OE1,CA,6.0823174
tcr_18_4,E,C,E,M,49,9,OE1,C,5.119799
tcr_18_4,E,C,E,S,49,7,OE1,C,7.3228884
tcr_18_4,E,C,E,S,49,8,OE1,C,5.3077917
tcr_18_4,E,C,E,S,49,8,OE1,O,5.215978
tcr_18_4,E,C,E,S,49,8,OE1,CA,5.4897203
tcr_18_4,E,C,E,M,49,9,OE1,O,4.063231
tcr_18_4,E,C,E,S,49,8,OE1,N,6.138066
tcr_18_4,E,C,E,S,49,8,OE1,OG,3.5238173
tcr_18_4,E,C,E,S,49,8,OE1,CB,4.3952436
tcr_18_4,E,C,E,T,49,6,OE2,OG1,9.872316
tcr_18_4,E,C,E,T,49,6,OE2,CA,9.8842745
tcr_18_4,E,C,E,T,49,6,OE2,O,7.845195
tcr_18_4,E,C,E,T,49,6,OE2,C,8.39196
tcr_18_4,E,C,E,S,49,7,OE2,OG,7.352069
tcr_18_4,E,C,E,S,49,7,OE2,N,7.902841
tcr_18_4,E,C,E,S,49,7,OE2,CA,6.5114045
tcr_18_4,E,C,E,S,49,7,OE2,CB,6.654613
tcr_18_4,E,C,E,M,49,9,OE2,N,5.647322
tcr_18_4,E,C,E,M,49,9,OE2,OXT,6.734548
tcr_18_4,E,C,E,S,49,7,OE2,O,6.8628974
tcr_18_4,E,C,E,M,49,9,OE2,CG,8.620066
tcr_18_4,E,C,E,M,49,9,OE2,CB,7.7130656
tcr_18_4,E,C,E,M,49,9,OE2,CA,6.446269
tcr_18_4,E,C,E,M,49,9,OE2,C,5.946403
tcr_18_4,E,C,E,S,49,7,OE2,C,5.9785547
tcr_18_4,E,C,E,S,49,8,OE2,C,4.8413696
tcr_18_4,E,C,E,S,49,8,OE2,O,4.7822037
tcr_18_4,E,C,E,S,49,8,OE2,CA,4.5041075
tcr_18_4,E,C,E,M,49,9,OE2,O,5.067616
tcr_18_4,E,C,E,S,49,8,OE2,N,4.747611
tcr_18_4,E,C,E,S,49,8,OE2,OG,2.115385
tcr_18_4,E,C,E,S,49,8,OE2,CB,3.349642
tcr_18_4,E,C,Y,S,50,7,N,OG,9.818153
tcr_18_4,E,C,Y,S,50,7,N,CA,9.730845
tcr_18_4,E,C,Y,S,50,7,N,CB,9.865321
tcr_18_4,E,C,Y,S,50,7,N,C,9.910897
tcr_18_4,E,C,Y,S,50,8,N,C,9.961815
tcr_18_4,E,C,Y,S,50,8,N,O,9.78214
tcr_18_4,E,C,Y,S,50,8,N,CA,9.250705
tcr_18_4,E,C,Y,S,50,8,N,N,8.896084
tcr_18_4,E,C,Y,S,50,8,N,OG,7.0304317
tcr_18_4,E,C,Y,S,50,8,N,CB,8.155977
tcr_18_4,E,C,Y,S,50,8,CA,N,9.548515
tcr_18_4,E,C,Y,S,50,8,CA,OG,7.9279666
tcr_18_4,E,C,Y,S,50,8,CA,CB,8.946639
tcr_18_4,E,C,Y,S,50,8,C,OG,9.356935
tcr_18_4,E,C,Y,S,50,8,O,OG,9.774425
tcr_18_4,E,C,Y,T,50,6,CB,O,9.163945
tcr_18_4,E,C,Y,S,50,5,CB,OG,9.611276
tcr_18_4,E,C,Y,S,50,7,CB,OG,9.294614
tcr_18_4,E,C,Y,S,50,7,CB,CA,9.300189
tcr_18_4,E,C,Y,S,50,7,CB,CB,9.578295
tcr_18_4,E,C,Y,S,50,7,CB,C,9.7583275
tcr_18_4,E,C,Y,S,50,8,CB,CA,9.5946665
tcr_18_4,E,C,Y,S,50,8,CB,N,8.939287
tcr_18_4,E,C,Y,S,50,8,CB,OG,7.7261925
tcr_18_4,E,C,Y,S,50,8,CB,CB,8.712531
tcr_18_4,E,C,Y,T,50,6,CG,O,9.498059
tcr_18_4,E,C,Y,S,50,5,CG,OG,9.390832
tcr_18_4,E,C,Y,S,50,8,CG,N,9.834139
tcr_18_4,E,C,Y,S,50,8,CG,OG,8.87064
tcr_18_4,E,C,Y,S,50,8,CG,CB,9.737125
tcr_18_4,E,C,Y,T,50,6,CD2,O,8.931762
tcr_18_4,E,C,Y,S,50,5,CD2,OG,8.724308
tcr_18_4,E,C,Y,S,50,5,CD2,CB,9.950573
tcr_18_4,E,C,Y,S,50,7,CD2,CA,9.812138
tcr_18_4,E,C,Y,S,50,8,CD2,N,9.608977
tcr_18_4,E,C,Y,S,50,8,CD2,OG,8.844386
tcr_18_4,E,C,Y,S,50,8,CD2,CB,9.53236
tcr_18_4,E,C,Y,T,50,6,CE2,O,9.550266
tcr_18_4,E,C,Y,S,50,5,CE2,OG,8.821033
tcr_18_4,E,C,Y,S,50,5,CE2,CB,9.935059
tcr_18_4,E,C,Y,S,50,5,CZ,OG,9.579994
tcr_18_4,E,C,Y,S,50,5,OH,OG,9.95538
tcr_18_4,E,C,S,S,68,8,C,OG,9.592465
tcr_18_4,E,C,S,S,68,8,O,OG,9.282545
tcr_18_4,E,C,S,S,68,8,O,CB,9.956254
tcr_18_4,E,C,V,S,69,8,N,OG,8.856623
tcr_18_4,E,C,V,S,69,8,N,CB,9.225123
tcr_18_4,E,C,V,T,69,6,CA,O,9.313617
tcr_18_4,E,C,V,S,69,7,CA,C,9.905006
tcr_18_4,E,C,V,S,69,8,CA,CA,9.000107
tcr_18_4,E,C,V,S,69,8,CA,N,8.853586
tcr_18_4,E,C,V,S,69,8,CA,OG,7.4247074
tcr_18_4,E,C,V,S,69,8,CA,CB,7.798099
tcr_18_4,E,C,V,T,69,6,C,O,9.535966
tcr_18_4,E,C,V,S,69,7,C,CA,9.8650055
tcr_18_4,E,C,V,S,69,7,C,C,9.580721
tcr_18_4,E,C,V,S,69,8,C,C,9.455061
tcr_18_4,E,C,V,S,69,8,C,O,9.841168
tcr_18_4,E,C,V,S,69,8,C,CA,8.366857
tcr_18_4,E,C,V,S,69,8,C,N,8.412758
tcr_18_4,E,C,V,S,69,8,C,OG,6.5986195
tcr_18_4,E,C,V,S,69,8,C,CB,7.024392
tcr_18_4,E,C,V,T,69,6,O,O,8.705478
tcr_18_4,E,C,V,T,69,6,O,C,9.723683
tcr_18_4,E,C,V,S,69,7,O,OG,9.944403
tcr_18_4,E,C,V,S,69,7,O,N,9.847095
tcr_18_4,E,C,V,S,69,7,O,CA,8.814919
tcr_18_4,E,C,V,S,69,7,O,CB,9.514102
tcr_18_4,E,C,V,M,69,9,O,N,8.944631
tcr_18_4,E,C,V,S,69,7,O,O,9.440109
tcr_18_4,E,C,V,M,69,9,O,C,9.84008
tcr_18_4,E,C,V,S,69,7,O,C,8.476344
tcr_18_4,E,C,V,S,69,8,O,C,8.255178
tcr_18_4,E,C,V,S,69,8,O,O,8.620888
tcr_18_4,E,C,V,S,69,8,O,CA,7.20537
tcr_18_4,E,C,V,M,69,9,O,O,8.839797
tcr_18_4,E,C,V,S,69,8,O,N,7.276722
tcr_18_4,E,C,V,S,69,8,O,OG,5.377123
tcr_18_4,E,C,V,S,69,8,O,CB,5.8509345
tcr_18_4,E,C,V,T,69,6,CB,O,8.430259
tcr_18_4,E,C,V,T,69,6,CB,C,9.615533
tcr_18_4,E,C,V,S,69,5,CB,OG,9.711326
tcr_18_4,E,C,V,S,69,7,CB,CA,9.460415
tcr_18_4,E,C,V,S,69,7,CB,C,9.2974205
tcr_18_4,E,C,V,S,69,8,CB,C,9.830972
tcr_18_4,E,C,V,S,69,8,CB,CA,8.485934
tcr_18_4,E,C,V,S,69,8,CB,N,8.325545
tcr_18_4,E,C,V,S,69,8,CB,OG,7.2774925
tcr_18_4,E,C,V,S,69,8,CB,CB,7.404333
tcr_18_4,E,C,V,T,69,6,CG1,O,8.442259
tcr_18_4,E,C,V,T,69,6,CG1,C,9.6684265
tcr_18_4,E,C,V,S,69,5,CG1,OG,9.095487
tcr_18_4,E,C,V,S,69,7,CG1,CA,9.82877
tcr_18_4,E,C,V,S,69,7,CG1,C,9.849569
tcr_18_4,E,C,V,S,69,8,CG1,CA,9.371779
tcr_18_4,E,C,V,S,69,8,CG1,N,9.025813
tcr_18_4,E,C,V,S,69,8,CG1,OG,8.334742
tcr_18_4,E,C,V,S,69,8,CG1,CB,8.452017
tcr_18_4,E,C,V,T,69,6,CG2,O,9.170515
tcr_18_4,E,C,V,S,69,7,CG2,C,9.895231
tcr_18_4,E,C,V,S,69,8,CG2,CA,8.839826
tcr_18_4,E,C,V,S,69,8,CG2,N,8.891661
tcr_18_4,E,C,V,S,69,8,CG2,OG,7.804374
tcr_18_4,E,C,V,S,69,8,CG2,CB,7.710306
tcr_18_4,E,C,G,S,70,8,N,CA,9.294814
tcr_18_4,E,C,G,S,70,8,N,N,9.472634
tcr_18_4,E,C,G,S,70,8,N,OG,7.4516435
tcr_18_4,E,C,G,S,70,8,N,CB,7.8734083
tcr_18_4,E,C,G,S,70,8,CA,CA,9.27648
tcr_18_4,E,C,G,M,70,9,CA,O,9.822393
tcr_18_4,E,C,G,S,70,8,CA,N,9.629902
tcr_18_4,E,C,G,S,70,8,CA,OG,7.332199
tcr_18_4,E,C,G,S,70,8,CA,CB,7.7809176
tcr_18_4,E,C,G,S,70,8,C,OG,8.748306
tcr_18_4,E,C,G,S,70,8,C,CB,9.138513
tcr_18_4,E,C,G,S,70,8,O,OG,9.627389
tcr_18_4,E,C,G,S,70,8,O,CB,9.936817
tcr_18_4,E,C,A,S,71,8,N,OG,9.148815
tcr_18_4,E,C,A,S,71,8,N,CB,9.583539
tcr_18_4,E,C,I,S,73,8,CG1,CB,9.966311
tcr_18_4,E,C,I,S,73,8,CD1,CA,9.931105
tcr_18_4,E,C,I,S,73,8,CD1,OG,9.065393
tcr_18_4,E,C,I,S,73,8,CD1,CB,8.655494
tcr_18_4,E,C,R,S,87,8,NH1,OG,9.443048
tcr_18_4,E,C,R,S,87,8,NH2,OG,9.986167
tcr_18_4,E,C,T,S,90,8,CG2,OG,9.803366
tcr_18_4,E,C,Q,S,113,7,CA,OG,9.71986
tcr_18_4,E,C,Q,S,113,7,C,OG,8.76117
tcr_18_4,E,C,Q,S,113,7,C,CA,9.765327
tcr_18_4,E,C,Q,S,113,7,C,CB,9.332491
tcr_18_4,E,C,Q,S,113,8,C,N,9.863497
tcr_18_4,E,C,Q,S,113,8,C,OG,8.744304
tcr_18_4,E,C,Q,S,113,7,O,OG,8.883791
tcr_18_4,E,C,Q,S,113,7,O,CA,9.591423
tcr_18_4,E,C,Q,S,113,7,O,CB,9.294162
tcr_18_4,E,C,Q,S,113,8,O,N,9.411034
tcr_18_4,E,C,Q,S,113,8,O,OG,8.040992
tcr_18_4,E,C,Q,S,113,8,O,CB,9.354382
tcr_18_4,E,C,Q,S,113,7,CB,OG,9.216055
tcr_18_4,E,C,Q,T,113,6,CG,O,9.692216
tcr_18_4,E,C,Q,S,113,5,CG,OG,9.215306
tcr_18_4,E,C,Q,S,113,7,CG,OG,8.77081
tcr_18_4,E,C,Q,S,113,7,CG,CA,9.628073
tcr_18_4,E,C,Q,S,113,7,CG,CB,9.52444
tcr_18_4,E,C,Q,S,113,8,CG,OG,9.451731
tcr_18_4,E,C,Q,T,113,6,CD,O,9.164192
tcr_18_4,E,C,Q,T,113,6,CD,C,9.891656
tcr_18_4,E,C,Q,S,113,5,CD,OG,8.129551
tcr_18_4,E,C,Q,S,113,7,CD,OG,8.549715
tcr_18_4,E,C,Q,S,113,7,CD,N,9.980721
tcr_18_4,E,C,Q,S,113,5,CD,CB,9.324606
tcr_18_4,E,C,Q,S,113,7,CD,CA,9.427581
tcr_18_4,E,C,Q,S,113,7,CD,CB,9.4191885
tcr_18_4,E,C,Q,S,113,8,CD,OG,9.909276
tcr_18_4,E,C,Q,T,113,6,OE1,O,9.998859
tcr_18_4,E,C,Q,S,113,5,OE1,OG,8.523809
tcr_18_4,E,C,Q,S,113,7,OE1,OG,9.497041
tcr_18_4,E,C,Q,S,113,5,OE1,CB,9.616508
tcr_18_4,E,C,Q,S,113,5,NE2,CA,9.27138
tcr_18_4,E,C,Q,T,113,6,NE2,CA,9.655312
tcr_18_4,E,C,Q,S,113,5,NE2,O,9.607515
tcr_18_4,E,C,Q,S,113,5,NE2,C,9.407176
tcr_18_4,E,C,Q,T,113,6,NE2,N,9.439364
tcr_18_4,E,C,Q,T,113,6,NE2,O,7.8904023
tcr_18_4,E,C,Q,T,113,6,NE2,C,8.609502
tcr_18_4,E,C,Q,S,113,5,NE2,OG,6.866183
tcr_18_4,E,C,Q,S,113,7,NE2,OG,7.4604826
tcr_18_4,E,C,Q,S,113,7,NE2,N,8.740962
tcr_18_4,E,C,Q,S,113,5,NE2,CB,8.093387
tcr_18_4,E,C,Q,S,113,7,NE2,CA,8.262627
tcr_18_4,E,C,Q,S,113,7,NE2,CB,8.332255
tcr_18_4,E,C,Q,S,113,7,NE2,C,9.340899
tcr_18_4,E,C,Q,S,113,8,NE2,N,9.09774
tcr_18_4,E,C,Q,S,113,8,NE2,OG,9.13007
tcr_18_4,E,C,K,S,114,7,N,OG,7.996229
tcr_18_4,E,C,K,S,114,7,N,CA,9.228402
tcr_18_4,E,C,K,S,114,7,N,CB,8.613266
tcr_18_4,E,C,K,S,114,7,N,C,9.974501
tcr_18_4,E,C,K,S,114,8,N,O,9.8217535
tcr_18_4,E,C,K,S,114,8,N,N,9.478299
tcr_18_4,E,C,K,S,114,8,N,OG,8.533526
tcr_18_4,E,C,K,S,114,8,N,CB,9.874247
tcr_18_4,E,C,K,T,114,6,CA,O,9.983062
tcr_18_4,E,C,K,S,114,7,CA,OG,7.378525
tcr_18_4,E,C,K,S,114,7,CA,N,9.707499
tcr_18_4,E,C,K,S,114,7,CA,CA,8.529499
tcr_18_4,E,C,K,S,114,7,CA,CB,7.8227277
tcr_18_4,E,C,K,S,114,7,CA,C,9.136448
tcr_18_4,E,C,K,S,114,8,CA,C,9.435287
tcr_18_4,E,C,K,S,114,8,CA,O,8.631311
tcr_18_4,E,C,K,S,114,8,CA,CA,9.316359
tcr_18_4,E,C,K,S,114,8,CA,N,8.6004505
tcr_18_4,E,C,K,S,114,8,CA,OG,7.5388603
tcr_18_4,E,C,K,S,114,8,CA,CB,8.912604
tcr_18_4,E,C,K,T,114,6,C,O,8.768761
tcr_18_4,E,C,K,T,114,6,C,C,9.204548
tcr_18_4,E,C,K,S,114,7,C,OG,6.5629063
tcr_18_4,E,C,K,S,114,7,C,N,8.609981
tcr_18_4,E,C,K,S,114,7,C,CA,7.368083
tcr_18_4,E,C,K,S,114,7,C,CB,6.83279
tcr_18_4,E,C,K,M,114,9,C,N,9.305327
tcr_18_4,E,C,K,M,114,9,C,OXT,9.883897
tcr_18_4,E,C,K,S,114,7,C,O,8.977244
tcr_18_4,E,C,K,M,114,9,C,CA,9.94635
tcr_18_4,E,C,K,M,114,9,C,C,9.516774
tcr_18_4,E,C,K,S,114,7,C,C,7.8628616
tcr_18_4,E,C,K,S,114,8,C,C,8.134007
tcr_18_4,E,C,K,S,114,8,C,O,7.43374
tcr_18_4,E,C,K,S,114,8,C,CA,7.9063916
tcr_18_4,E,C,K,M,114,9,C,O,9.04237
tcr_18_4,E,C,K,S,114,8,C,N,7.2240305
tcr_18_4,E,C,K,S,114,8,C,OG,6.0699077
tcr_18_4,E,C,K,S,114,8,C,CB,7.437215
tcr_18_4,E,C,K,T,114,6,O,O,8.985983
tcr_18_4,E,C,K,T,114,6,O,C,9.434097
tcr_18_4,E,C,K,S,114,7,O,OG,6.961962
tcr_18_4,E,C,K,S,114,7,O,N,8.805262
tcr_18_4,E,C,K,S,114,7,O,CA,7.4634004
tcr_18_4,E,C,K,S,114,7,O,CB,6.9878073
tcr_18_4,E,C,K,M,114,9,O,N,8.639069
tcr_18_4,E,C,K,M,114,9,O,OXT,9.038135
tcr_18_4,E,C,K,S,114,7,O,O,8.791903
tcr_18_4,E,C,K,M,114,9,O,CA,9.225835
tcr_18_4,E,C,K,M,114,9,O,C,8.669099
tcr_18_4,E,C,K,S,114,7,O,C,7.7201066
tcr_18_4,E,C,K,S,114,8,O,C,7.5510073
tcr_18_4,E,C,K,S,114,8,O,O,6.893265
tcr_18_4,E,C,K,S,114,8,O,CA,7.4027452
tcr_18_4,E,C,K,M,114,9,O,O,8.105426
tcr_18_4,E,C,K,S,114,8,O,N,6.9322243
tcr_18_4,E,C,K,S,114,8,O,OG,5.3853536
tcr_18_4,E,C,K,S,114,8,O,CB,6.7919793
tcr_18_4,E,C,K,T,114,6,CB,O,9.988683
tcr_18_4,E,C,K,S,114,7,CB,OG,6.7993727
tcr_18_4,E,C,K,S,114,7,CB,N,9.400502
tcr_18_4,E,C,K,S,114,7,CB,CA,8.280737
tcr_18_4,E,C,K,S,114,7,CB,CB,7.339869
tcr_18_4,E,C,K,S,114,7,CB,O,9.98137
tcr_18_4,E,C,K,S,114,7,CB,C,8.980896
tcr_18_4,E,C,K,S,114,8,CB,C,9.371774
tcr_18_4,E,C,K,S,114,8,CB,O,8.429033
tcr_18_4,E,C,K,S,114,8,CB,CA,9.419187
tcr_18_4,E,C,K,S,114,8,CB,N,8.631662
tcr_18_4,E,C,K,S,114,8,CB,OG,7.921263
tcr_18_4,E,C,K,S,114,8,CB,CB,9.247856
tcr_18_4,E,C,K,S,114,7,CG,OG,8.045306
tcr_18_4,E,C,K,S,114,7,CG,CA,9.681254
tcr_18_4,E,C,K,S,114,7,CG,CB,8.6429
tcr_18_4,E,C,K,S,114,8,CG,O,9.691025
tcr_18_4,E,C,K,S,114,8,CG,OG,9.347318
tcr_18_4,E,C,K,S,114,7,CD,OG,7.896651
tcr_18_4,E,C,K,S,114,7,CD,CA,9.758035
tcr_18_4,E,C,K,S,114,7,CD,CB,8.552931
tcr_18_4,E,C,K,S,114,8,CD,O,9.807574
tcr_18_4,E,C,K,S,114,8,CD,OG,9.951484
tcr_18_4,E,C,K,S,114,7,CE,OG,9.341647
tcr_18_4,E,C,K,S,114,7,NZ,OG,9.5891
tcr_18_4,E,C,S,T,115,6,N,CA,9.5769205
tcr_18_4,E,C,S,T,115,6,N,O,7.6626782
tcr_18_4,E,C,S,T,115,6,N,C,8.148135
tcr_18_4,E,C,S,S,115,5,N,OG,8.908445
tcr_18_4,E,C,S,S,115,7,N,OG,5.722228
tcr_18_4,E,C,S,S,115,7,N,N,7.659289
tcr_18_4,E,C,S,S,115,7,N,CA,6.5151157
tcr_18_4,E,C,S,S,115,7,N,CB,6.1113396
tcr_18_4,E,C,S,M,115,9,N,N,9.143143
tcr_18_4,E,C,S,S,115,7,N,O,8.332811
tcr_18_4,E,C,S,M,115,9,N,CA,9.931813
tcr_18_4,E,C,S,M,115,9,N,C,9.701152
tcr_18_4,E,C,S,S,115,7,N,C,7.1668315
tcr_18_4,E,C,S,S,115,8,N,C,7.900728
tcr_18_4,E,C,S,S,115,8,N,O,7.2801013
tcr_18_4,E,C,S,S,115,8,N,CA,7.4830794
tcr_18_4,E,C,S,M,115,9,N,O,9.272285
tcr_18_4,E,C,S,S,115,8,N,N,6.616464
tcr_18_4,E,C,S,S,115,8,N,OG,5.843761
tcr_18_4,E,C,S,S,115,8,N,CB,7.114665
tcr_18_4,E,C,S,T,115,6,CA,OG1,9.518725
tcr_18_4,E,C,S,T,115,6,CA,CB,9.530789
tcr_18_4,E,C,S,T,115,6,CA,CA,8.568193
tcr_18_4,E,C,S,S,115,5,CA,O,9.822769
tcr_18_4,E,C,S,S,115,5,CA,C,9.566577
tcr_18_4,E,C,S,T,115,6,CA,N,9.007658
tcr_18_4,E,C,S,T,115,6,CA,O,6.498046
tcr_18_4,E,C,S,T,115,6,CA,C,7.09689
tcr_18_4,E,C,S,S,115,5,CA,OG,8.081456
tcr_18_4,E,C,S,S,115,7,CA,OG,5.2660346
tcr_18_4,E,C,S,S,115,7,CA,N,6.7182846
tcr_18_4,E,C,S,S,115,5,CA,CB,9.45951
tcr_18_4,E,C,S,S,115,7,CA,CA,5.5549326
tcr_18_4,E,C,S,S,115,7,CA,CB,5.4513245
tcr_18_4,E,C,S,M,115,9,CA,N,8.1835785
tcr_18_4,E,C,S,M,115,9,CA,OXT,9.653766
tcr_18_4,E,C,S,S,115,7,CA,O,7.2980833
tcr_18_4,E,C,S,M,115,9,CA,CA,9.121376
tcr_18_4,E,C,S,M,115,9,CA,C,9.0175495
tcr_18_4,E,C,S,S,115,7,CA,C,6.0956306
tcr_18_4,E,C,S,S,115,8,CA,C,6.938771
tcr_18_4,E,C,S,S,115,8,CA,O,6.4963
tcr_18_4,E,C,S,S,115,8,CA,CA,6.319603
tcr_18_4,E,C,S,M,115,9,CA,O,8.547392
tcr_18_4,E,C,S,S,115,8,CA,N,5.4459844
tcr_18_4,E,C,S,S,115,8,CA,OG,4.7221456
tcr_18_4,E,C,S,S,115,8,CA,CB,5.9024
tcr_18_4,E,C,S,S,115,5,C,CA,9.131316
tcr_18_4,E,C,S,T,115,6,C,OG1,9.2161
tcr_18_4,E,C,S,T,115,6,C,CB,9.279984
tcr_18_4,E,C,S,T,115,6,C,CA,8.198158
tcr_18_4,E,C,S,S,115,5,C,O,9.197137
tcr_18_4,E,C,S,S,115,5,C,C,8.855422
tcr_18_4,E,C,S,T,115,6,C,N,8.395152
tcr_18_4,E,C,S,T,115,6,C,O,6.044057
tcr_18_4,E,C,S,T,115,6,C,C,6.808288
tcr_18_4,E,C,S,S,115,5,C,OG,7.0400033
tcr_18_4,E,C,S,S,115,7,C,OG,5.5869274
tcr_18_4,E,C,S,S,115,7,C,N,6.6995506
tcr_18_4,E,C,S,S,115,5,C,CB,8.436743
tcr_18_4,E,C,S,S,115,7,C,CA,5.771331
tcr_18_4,E,C,S,S,115,7,C,CB,5.935455
tcr_18_4,E,C,S,M,115,9,C,N,9.026199
tcr_18_4,E,C,S,S,115,7,C,O,7.6940603
tcr_18_4,E,C,S,S,115,7,C,C,6.470189
tcr_18_4,E,C,S,S,115,8,C,C,7.7793584
tcr_18_4,E,C,S,S,115,8,C,O,7.487184
tcr_18_4,E,C,S,S,115,8,C,CA,6.9173574
tcr_18_4,E,C,S,M,115,9,C,O,9.671139
tcr_18_4,E,C,S,S,115,8,C,N,5.916628
tcr_18_4,E,C,S,S,115,8,C,OG,5.543294
tcr_18_4,E,C,S,S,115,8,C,CB,6.522261
tcr_18_4,E,C,S,S,115,5,O,CA,9.308406
tcr_18_4,E,C,S,T,115,6,O,OG1,9.997976
tcr_18_4,E,C,S,T,115,6,O,CB,9.9821005
tcr_18_4,E,C,S,T,115,6,O,CA,8.781084
tcr_18_4,E,C,S,S,115,5,O,O,9.426663
tcr_18_4,E,C,S,S,115,5,O,C,9.1505375
tcr_18_4,E,C,S,T,115,6,O,N,8.858238
tcr_18_4,E,C,S,T,115,6,O,O,6.7442
tcr_18_4,E,C,S,T,115,6,O,C,7.4847283
tcr_18_4,E,C,S,S,115,5,O,OG,7.058326
tcr_18_4,E,C,S,S,115,7,O,OG,6.1157107
tcr_18_4,E,C,S,S,115,7,O,N,7.4255543
tcr_18_4,E,C,S,S,115,5,O,CB,8.43161
tcr_18_4,E,C,S,S,115,7,O,CA,6.628167
tcr_18_4,E,C,S,S,115,7,O,CB,6.695239
tcr_18_4,E,C,S,S,115,7,O,O,8.700779
tcr_18_4,E,C,S,S,115,7,O,C,7.4870925
tcr_18_4,E,C,S,S,115,8,O,C,8.943756
tcr_18_4,E,C,S,S,115,8,O,O,8.5918045
tcr_18_4,E,C,S,S,115,8,O,CA,8.107313
tcr_18_4,E,C,S,S,115,8,O,N,7.0446796
tcr_18_4,E,C,S,S,115,8,O,OG,6.7668405
tcr_18_4,E,C,S,S,115,8,O,CB,7.7547584
tcr_18_4,E,C,S,S,115,5,CB,CA,9.405432
tcr_18_4,E,C,S,T,115,6,CB,OG1,8.431555
tcr_18_4,E,C,S,T,115,6,CB,CG2,9.799319
tcr_18_4,E,C,S,T,115,6,CB,CB,8.348433
tcr_18_4,E,C,S,T,115,6,CB,CA,7.4642777
tcr_18_4,E,C,S,S,115,5,CB,O,8.916802
tcr_18_4,E,C,S,S,115,5,CB,C,8.727462
tcr_18_4,E,C,S,T,115,6,CB,N,8.094136
tcr_18_4,E,C,S,T,115,6,CB,O,5.5609097
tcr_18_4,E,C,S,T,115,6,CB,C,5.9762387
tcr_18_4,E,C,S,S,115,5,CB,OG,7.6555305
tcr_18_4,E,C,S,S,115,7,CB,OG,3.9282153
tcr_18_4,E,C,S,S,115,7,CB,N,5.41782
tcr_18_4,E,C,S,S,115,5,CB,CB,8.976075
tcr_18_4,E,C,S,S,115,7,CB,CA,4.165997
tcr_18_4,E,C,S,S,115,7,CB,CB,3.9569256
tcr_18_4,E,C,S,M,115,9,CB,N,7.002346
tcr_18_4,E,C,S,M,115,9,CB,OXT,8.588227
tcr_18_4,E,C,S,S,115,7,CB,O,5.8942194
tcr_18_4,E,C,S,M,115,9,CB,CG,9.721277
tcr_18_4,E,C,S,M,115,9,CB,CB,9.341466
tcr_18_4,E,C,S,M,115,9,CB,CA,7.9219065
tcr_18_4,E,C,S,M,115,9,CB,C,7.9611583
tcr_18_4,E,C,S,S,115,7,CB,C,4.717965
tcr_18_4,E,C,S,S,115,8,CB,C,5.711364
tcr_18_4,E,C,S,S,115,8,CB,O,5.1913495
tcr_18_4,E,C,S,S,115,8,CB,CA,5.1956253
tcr_18_4,E,C,S,M,115,9,CB,O,7.652348
tcr_18_4,E,C,S,S,115,8,CB,N,4.2011375
tcr_18_4,E,C,S,S,115,8,CB,OG,4.001247
tcr_18_4,E,C,S,S,115,8,CB,CB,5.086612
tcr_18_4,E,C,S,S,115,5,OG,N,9.87385
tcr_18_4,E,C,S,S,115,5,OG,CA,8.467501
tcr_18_4,E,C,S,T,115,6,OG,OG1,8.004072
tcr_18_4,E,C,S,T,115,6,OG,CG2,9.099544
tcr_18_4,E,C,S,T,115,6,OG,CB,7.731439
tcr_18_4,E,C,S,T,115,6,OG,CA,6.681493
tcr_18_4,E,C,S,S,115,5,OG,O,7.8259254
tcr_18_4,E,C,S,S,115,5,OG,C,7.7603445
tcr_18_4,E,C,S,T,115,6,OG,N,7.2785926
tcr_18_4,E,C,S,T,115,6,OG,O,5.004474
tcr_18_4,E,C,S,T,115,6,OG,C,5.286492
tcr_18_4,E,C,S,S,115,5,OG,OG,6.6736455
tcr_18_4,E,C,S,S,115,7,OG,OG,2.8894815
tcr_18_4,E,C,S,S,115,7,OG,N,4.7210383
tcr_18_4,E,C,S,S,115,5,OG,CB,7.9531817
tcr_18_4,E,C,S,S,115,7,OG,CA,3.6982589
tcr_18_4,E,C,S,S,115,7,OG,CB,3.354014
tcr_18_4,E,C,S,M,115,9,OG,N,7.617703
tcr_18_4,E,C,S,M,115,9,OG,OXT,9.336384
tcr_18_4,E,C,S,S,115,7,OG,O,5.8128605
tcr_18_4,E,C,S,M,115,9,OG,CB,9.92303
tcr_18_4,E,C,S,M,115,9,OG,CA,8.535392
tcr_18_4,E,C,S,M,115,9,OG,C,8.751385
tcr_18_4,E,C,S,S,115,7,OG,C,4.6737247
tcr_18_4,E,C,S,S,115,8,OG,C,6.3008943
tcr_18_4,E,C,S,S,115,8,OG,O,5.7330866
tcr_18_4,E,C,S,S,115,8,OG,CA,5.7824984
tcr_18_4,E,C,S,M,115,9,OG,O,8.6010895
tcr_18_4,E,C,S,S,115,8,OG,N,4.5429025
tcr_18_4,E,C,S,S,115,8,OG,OG,5.0835767
tcr_18_4,E,C,S,S,115,8,OG,CB,5.976632
tcr_18_4,E,C,G,S,116,5,N,N,9.799687
tcr_18_4,E,C,G,S,116,5,N,CA,8.355224
tcr_18_4,E,C,G,T,116,6,N,OG1,8.2807455
tcr_18_4,E,C,G,T,116,6,N,CG2,9.877891
tcr_18_4,E,C,G,T,116,6,N,CB,8.494269
tcr_18_4,E,C,G,T,116,6,N,CA,7.483167
tcr_18_4,E,C,G,S,116,5,N,O,8.638309
tcr_18_4,E,C,G,S,116,5,N,C,8.144724
tcr_18_4,E,C,G,T,116,6,N,N,7.5878615
tcr_18_4,E,C,G,T,116,6,N,O,5.191014
tcr_18_4,E,C,G,T,116,6,N,C,6.1111035
tcr_18_4,E,C,G,S,116,5,N,OG,6.397279
tcr_18_4,E,C,G,S,116,7,N,OG,5.6979146
tcr_18_4,E,C,G,S,116,7,N,N,6.1994095
tcr_18_4,E,C,G,S,116,5,N,CB,7.789123
tcr_18_4,E,C,G,S,116,7,N,CA,5.3693337
tcr_18_4,E,C,G,S,116,7,N,CB,5.871529
tcr_18_4,E,C,G,M,116,9,N,N,8.605972
tcr_18_4,E,C,G,S,116,7,N,O,7.1547823
tcr_18_4,E,C,G,M,116,9,N,CA,9.804225
tcr_18_4,E,C,G,M,116,9,N,C,9.981734
tcr_18_4,E,C,G,S,116,7,N,C,5.9503026
tcr_18_4,E,C,G,S,116,8,N,C,7.408043
tcr_18_4,E,C,G,S,116,8,N,O,7.3181067
tcr_18_4,E,C,G,S,116,8,N,CA,6.339409
tcr_18_4,E,C,G,M,116,9,N,O,9.48587
tcr_18_4,E,C,G,S,116,8,N,N,5.3580704
tcr_18_4,E,C,G,S,116,8,N,OG,5.171068
tcr_18_4,E,C,G,S,116,8,N,CB,5.925145
tcr_18_4,E,C,G,S,116,5,CA,N,8.952298
tcr_18_4,E,C,G,P,116,4,CA,C,9.836862
tcr_18_4,E,C,G,P,116,4,CA,O,9.647627
tcr_18_4,E,C,G,S,116,5,CA,CA,7.5529795
tcr_18_4,E,C,G,T,116,6,CA,OG1,8.151042
tcr_18_4,E,C,G,T,116,6,CA,CG2,9.694248
tcr_18_4,E,C,G,T,116,6,CA,CB,8.419681
tcr_18_4,E,C,G,T,116,6,CA,CA,7.332309
tcr_18_4,E,C,G,S,116,5,CA,O,8.18604
tcr_18_4,E,C,G,S,116,5,CA,C,7.5914307
tcr_18_4,E,C,G,T,116,6,CA,N,7.152854
tcr_18_4,E,C,G,T,116,6,CA,O,5.089668
tcr_18_4,E,C,G,T,116,6,CA,C,6.133983
tcr_18_4,E,C,G,S,116,5,CA,OG,5.537566
tcr_18_4,E,C,G,S,116,7,CA,OG,6.3784013
tcr_18_4,E,C,G,S,116,7,CA,N,6.5078387
tcr_18_4,E,C,G,S,116,5,CA,CB,6.902176
tcr_18_4,E,C,G,S,116,7,CA,CA,5.97264
tcr_18_4,E,C,G,S,116,7,CA,CB,6.6625752
tcr_18_4,E,C,G,M,116,9,CA,N,9.590496
tcr_18_4,E,C,G,S,116,7,CA,O,7.7941318
tcr_18_4,E,C,G,S,116,7,CA,C,6.648374
tcr_18_4,E,C,G,S,116,8,CA,C,8.429333
tcr_18_4,E,C,G,S,116,8,CA,O,8.44586
tcr_18_4,E,C,G,S,116,8,CA,CA,7.2260623
tcr_18_4,E,C,G,S,116,8,CA,N,6.1978183
tcr_18_4,E,C,G,S,116,8,CA,OG,6.331336
tcr_18_4,E,C,G,S,116,8,CA,CB,6.879778
tcr_18_4,E,C,G,S,116,5,C,N,7.7495003
tcr_18_4,E,C,G,P,116,4,C,C,8.740377
tcr_18_4,E,C,G,P,116,4,C,O,8.692086
tcr_18_4,E,C,G,S,116,5,C,CA,6.3745136
tcr_18_4,E,C,G,T,116,6,C,OG1,7.722255
tcr_18_4,E,C,G,T,116,6,C,CG2,8.955238
tcr_18_4,E,C,G,T,116,6,C,CB,7.799568
tcr_18_4,E,C,G,T,116,6,C,CA,6.5391893
tcr_18_4,E,C,G,S,116,5,C,O,6.9643526
tcr_18_4,E,C,G,S,116,5,C,C,6.462239
tcr_18_4,E,C,G,T,116,6,C,N,6.2341466
tcr_18_4,E,C,G,T,116,6,C,O,4.574887
tcr_18_4,E,C,G,T,116,6,C,C,5.507483
tcr_18_4,E,C,G,S,116,5,C,OG,4.1848044
tcr_18_4,E,C,G,S,116,7,C,OG,5.83892
tcr_18_4,E,C,G,S,116,7,C,N,5.9689035
tcr_18_4,E,C,G,S,116,5,C,CB,5.5598965
tcr_18_4,E,C,G,S,116,7,C,CA,5.7161202
tcr_18_4,E,C,G,S,116,7,C,CB,6.3626957
tcr_18_4,E,C,G,S,116,7,C,O,7.7597017
tcr_18_4,E,C,G,S,116,7,C,C,6.673819
tcr_18_4,E,C,G,S,116,8,C,C,8.898356
tcr_18_4,E,C,G,S,116,8,C,O,8.842541
tcr_18_4,E,C,G,S,116,8,C,CA,7.7439528
tcr_18_4,E,C,G,S,116,8,C,N,6.5266943
tcr_18_4,E,C,G,S,116,8,C,OG,7.2074885
tcr_18_4,E,C,G,S,116,8,C,CB,7.68328
tcr_18_4,E,C,G,P,116,4,O,CA,9.608256
tcr_18_4,E,C,G,P,116,4,O,CB,9.788578
tcr_18_4,E,C,G,S,116,5,O,N,7.2772284
tcr_18_4,E,C,G,P,116,4,O,C,8.310167
tcr_18_4,E,C,G,P,116,4,O,O,8.376926
tcr_18_4,E,C,G,S,116,5,O,CA,6.0027227
tcr_18_4,E,C,G,T,116,6,O,OG1,8.082607
tcr_18_4,E,C,G,T,116,6,O,CG2,9.191874
tcr_18_4,E,C,G,T,116,6,O,CB,8.177565
tcr_18_4,E,C,G,T,116,6,O,CA,6.883816
tcr_18_4,E,C,G,S,116,5,O,O,6.924764
tcr_18_4,E,C,G,S,116,5,O,C,6.3720613
tcr_18_4,E,C,G,T,116,6,O,N,6.3223214
tcr_18_4,E,C,G,T,116,6,O,O,5.133162
tcr_18_4,E,C,G,T,116,6,O,C,6.070896
tcr_18_4,E,C,G,S,116,5,O,OG,3.7790754
tcr_18_4,E,C,G,S,116,7,O,OG,6.7804136
tcr_18_4,E,C,G,S,116,7,O,N,6.709118
tcr_18_4,E,C,G,S,116,5,O,CB,5.0484924
tcr_18_4,E,C,G,S,116,7,O,CA,6.6614227
tcr_18_4,E,C,G,S,116,7,O,CB,7.3691134
tcr_18_4,E,C,G,S,116,7,O,O,8.664494
tcr_18_4,E,C,G,S,116,7,O,C,7.642543
tcr_18_4,E,C,G,S,116,8,O,C,9.983924
tcr_18_4,E,C,G,S,116,8,O,O,9.978436
tcr_18_4,E,C,G,S,116,8,O,CA,8.777203
tcr_18_4,E,C,G,S,116,8,O,N,7.56798
tcr_18_4,E,C,G,S,116,8,O,OG,8.339068
tcr_18_4,E,C,G,S,116,8,O,CB,8.731744
tcr_18_4,E,C,S,P,117,4,N,CA,9.936991
tcr_18_4,E,C,S,S,117,5,N,N,7.510202
tcr_18_4,E,C,S,P,117,4,N,C,8.53249
tcr_18_4,E,C,S,P,117,4,N,O,8.500333
tcr_18_4,E,C,S,S,117,5,N,CA,6.1115355
tcr_18_4,E,C,S,T,117,6,N,OG1,7.302767
tcr_18_4,E,C,S,T,117,6,N,CG2,8.339072
tcr_18_4,E,C,S,T,117,6,N,CB,7.1690507
tcr_18_4,E,C,S,T,117,6,N,CA,5.8329062
tcr_18_4,E,C,S,S,117,5,N,O,6.247554
tcr_18_4,E,C,S,S,117,5,N,C,5.9323235
tcr_18_4,E,C,S,T,117,6,N,N,5.732419
tcr_18_4,E,C,S,T,117,6,N,O,4.047139
tcr_18_4,E,C,S,T,117,6,N,C,4.7574277
tcr_18_4,E,C,S,S,117,5,N,OG,3.9277723
tcr_18_4,E,C,S,S,117,7,N,OG,4.589665
tcr_18_4,E,C,S,S,117,7,N,N,5.0281854
tcr_18_4,E,C,S,S,117,5,N,CB,5.311904
tcr_18_4,E,C,S,S,117,7,N,CA,4.788828
tcr_18_4,E,C,S,S,117,7,N,CB,5.257601
tcr_18_4,E,C,S,M,117,9,N,N,9.565807
tcr_18_4,E,C,S,S,117,7,N,O,7.0121813
tcr_18_4,E,C,S,S,117,7,N,C,5.940161
tcr_18_4,E,C,S,S,117,8,N,C,8.324517
tcr_18_4,E,C,S,S,117,8,N,O,8.139372
tcr_18_4,E,C,S,S,117,8,N,CA,7.3144426
tcr_18_4,E,C,S,S,117,8,N,N,5.975035
tcr_18_4,E,C,S,S,117,8,N,OG,6.95161
tcr_18_4,E,C,S,S,117,8,N,CB,7.4652696
tcr_18_4,E,C,S,P,117,4,CA,CA,9.030252
tcr_18_4,E,C,S,P,117,4,CA,CB,9.141564
tcr_18_4,E,C,S,P,117,4,CA,N,9.927753
tcr_18_4,E,C,S,S,117,5,CA,N,6.5787234
tcr_18_4,E,C,S,P,117,4,CA,CG,9.439691
tcr_18_4,E,C,S,P,117,4,CA,C,7.6972466
tcr_18_4,E,C,S,P,117,4,CA,O,7.825608
tcr_18_4,E,C,S,S,117,5,CA,CA,5.265561
tcr_18_4,E,C,S,T,117,6,CA,OG1,7.2077284
tcr_18_4,E,C,S,T,117,6,CA,CG2,7.834225
tcr_18_4,E,C,S,T,117,6,CA,CB,6.846138
tcr_18_4,E,C,S,T,117,6,CA,CA,5.373612
tcr_18_4,E,C,S,S,117,5,CA,O,5.2016897
tcr_18_4,E,C,S,S,117,5,CA,C,5.079452
tcr_18_4,E,C,S,T,117,6,CA,N,5.169678
tcr_18_4,E,C,S,T,117,6,CA,O,4.1533246
tcr_18_4,E,C,S,T,117,6,CA,C,4.5930967
tcr_18_4,E,C,S,S,117,5,CA,OG,3.0305698
tcr_18_4,E,C,S,S,117,7,CA,OG,4.495022
tcr_18_4,E,C,S,S,117,7,CA,N,4.9125295
tcr_18_4,E,C,S,S,117,5,CA,CB,4.3068066
tcr_18_4,E,C,S,S,117,7,CA,CA,5.034841
tcr_18_4,E,C,S,S,117,7,CA,CB,5.396696
tcr_18_4,E,C,S,S,117,7,CA,O,7.3129807
tcr_18_4,E,C,S,S,117,7,CA,C,6.3773437
tcr_18_4,E,C,S,S,117,8,CA,C,9.041132
tcr_18_4,E,C,S,S,117,8,CA,O,8.803782
tcr_18_4,E,C,S,S,117,8,CA,CA,8.114739
tcr_18_4,E,C,S,S,117,8,CA,N,6.6963444
tcr_18_4,E,C,S,S,117,8,CA,OG,8.057664
tcr_18_4,E,C,S,S,117,8,CA,CB,8.486251
tcr_18_4,E,C,S,P,117,4,C,CA,9.418916
tcr_18_4,E,C,S,P,117,4,C,CB,9.295298
tcr_18_4,E,C,S,S,117,5,C,N,6.996817
tcr_18_4,E,C,S,P,117,4,C,CG,9.62149
tcr_18_4,E,C,S,P,117,4,C,C,8.22684
tcr_18_4,E,C,S,P,117,4,C,O,8.553001
tcr_18_4,E,C,S,S,117,5,C,CA,5.8522058
tcr_18_4,E,C,S,T,117,6,C,OG1,8.568294
tcr_18_4,E,C,S,T,117,6,C,CG2,9.0292635
tcr_18_4,E,C,S,T,117,6,C,CB,8.1728325
tcr_18_4,E,C,S,T,117,6,C,CA,6.663448
tcr_18_4,E,C,S,S,117,5,C,O,5.959953
tcr_18_4,E,C,S,S,117,5,C,C,5.937377
tcr_18_4,E,C,S,T,117,6,C,N,6.285291
tcr_18_4,E,C,S,T,117,6,C,O,5.617377
tcr_18_4,E,C,S,T,117,6,C,C,6.0427985
tcr_18_4,E,C,S,S,117,5,C,OG,3.5086958
tcr_18_4,E,C,S,S,117,7,C,OG,5.6974645
tcr_18_4,E,C,S,S,117,7,C,N,6.378708
tcr_18_4,E,C,S,S,117,5,C,CB,4.5892386
tcr_18_4,E,C,S,S,117,7,C,CA,6.5238905
tcr_18_4,E,C,S,S,117,7,C,CB,6.7483544
tcr_18_4,E,C,S,S,117,7,C,O,8.827868
tcr_18_4,E,C,S,S,117,7,C,C,7.8891296
tcr_18_4,E,C,S,S,117,8,C,CA,9.586761
tcr_18_4,E,C,S,S,117,8,C,N,8.177674
tcr_18_4,E,C,S,S,117,8,C,OG,9.361022
tcr_18_4,E,C,S,S,117,8,C,CB,9.8792305
tcr_18_4,E,C,S,S,117,5,O,N,8.210882
tcr_18_4,E,C,S,P,117,4,O,C,9.45033
tcr_18_4,E,C,S,P,117,4,O,O,9.783251
tcr_18_4,E,C,S,S,117,5,O,CA,7.082235
tcr_18_4,E,C,S,T,117,6,O,OG1,9.612969
tcr_18_4,E,C,S,T,117,6,O,CB,9.214318
tcr_18_4,E,C,S,T,117,6,O,CA,7.7158003
tcr_18_4,E,C,S,S,117,5,O,O,7.100073
tcr_18_4,E,C,S,S,117,5,O,C,7.133683
tcr_18_4,E,C,S,T,117,6,O,N,7.443402
tcr_18_4,E,C,S,T,117,6,O,O,6.5421877
tcr_18_4,E,C,S,T,117,6,O,C,6.974232
tcr_18_4,E,C,S,S,117,5,O,OG,4.735459
tcr_18_4,E,C,S,S,117,7,O,OG,6.01689
tcr_18_4,E,C,S,S,117,7,O,N,7.155691
tcr_18_4,E,C,S,S,117,5,O,CB,5.8019924
tcr_18_4,E,C,S,S,117,7,O,CA,7.104526
tcr_18_4,E,C,S,S,117,7,O,CB,7.1402397
tcr_18_4,E,C,S,S,117,7,O,O,9.470788
tcr_18_4,E,C,S,S,117,7,O,C,8.464139
tcr_18_4,E,C,S,S,117,8,O,N,8.649458
tcr_18_4,E,C,S,S,117,8,O,OG,9.549223
tcr_18_4,E,C,S,P,117,4,CB,CA,9.3701
tcr_18_4,E,C,S,P,117,4,CB,CB,9.480343
tcr_18_4,E,C,S,S,117,5,CB,N,6.9748335
tcr_18_4,E,C,S,P,117,4,CB,CG,9.540173
tcr_18_4,E,C,S,P,117,4,CB,C,8.049216
tcr_18_4,E,C,S,P,117,4,CB,O,8.155522
tcr_18_4,E,C,S,S,117,5,CB,CA,5.717596
tcr_18_4,E,C,S,T,117,6,CB,OG1,7.1418705
tcr_18_4,E,C,S,T,117,6,CB,CG2,7.524259
tcr_18_4,E,C,S,T,117,6,CB,CB,6.5382133
tcr_18_4,E,C,S,T,117,6,CB,CA,5.080194
tcr_18_4,E,C,S,S,117,5,CB,O,4.978041
tcr_18_4,E,C,S,S,117,5,CB,C,5.152453
tcr_18_4,E,C,S,T,117,6,CB,N,5.2313504
tcr_18_4,E,C,S,T,117,6,CB,O,4.241321
tcr_18_4,E,C,S,T,117,6,CB,C,4.2951937
tcr_18_4,E,C,S,S,117,5,CB,OG,3.8521116
tcr_18_4,E,C,S,S,117,7,CB,OG,3.2664678
tcr_18_4,E,C,S,S,117,7,CB,N,4.2476554
tcr_18_4,E,C,S,S,117,5,CB,CB,4.9275665
tcr_18_4,E,C,S,S,117,7,CB,CA,4.374627
tcr_18_4,E,C,S,S,117,7,CB,CB,4.385158
tcr_18_4,E,C,S,M,117,9,CB,N,9.770603
tcr_18_4,E,C,S,S,117,7,CB,O,6.717791
tcr_18_4,E,C,S,S,117,7,CB,C,5.858554
tcr_18_4,E,C,S,S,117,8,CB,C,8.533902
tcr_18_4,E,C,S,S,117,8,CB,O,8.142021
tcr_18_4,E,C,S,S,117,8,CB,CA,7.8282766
tcr_18_4,E,C,S,S,117,8,CB,N,6.367159
tcr_18_4,E,C,S,S,117,8,CB,OG,7.931744
tcr_18_4,E,C,S,S,117,8,CB,CB,8.39495
tcr_18_4,E,C,S,P,117,4,OG,CA,8.901034
tcr_18_4,E,C,S,P,117,4,OG,CB,8.832066
tcr_18_4,E,C,S,P,117,4,OG,N,9.556979
tcr_18_4,E,C,S,S,117,5,OG,N,6.582577
tcr_18_4,E,C,S,P,117,4,OG,CG,8.741395
tcr_18_4,E,C,S,P,117,4,OG,C,7.7144566
tcr_18_4,E,C,S,P,117,4,OG,CD,9.609793
tcr_18_4,E,C,S,P,117,4,OG,O,7.9955707
tcr_18_4,E,C,S,M,117,3,OG,CG,9.693417
tcr_18_4,E,C,S,S,117,5,OG,CA,5.5229893
tcr_18_4,E,C,S,T,117,6,OG,OG1,7.597459
tcr_18_4,E,C,S,T,117,6,OG,CG2,7.5474796
tcr_18_4,E,C,S,M,117,3,OG,SD,9.589788
tcr_18_4,E,C,S,T,117,6,OG,CB,6.802297
tcr_18_4,E,C,S,T,117,6,OG,CA,5.312909
tcr_18_4,E,C,S,S,117,5,OG,O,4.505546
tcr_18_4,E,C,S,S,117,5,OG,C,4.9676547
tcr_18_4,E,C,S,T,117,6,OG,N,5.366759
tcr_18_4,E,C,S,T,117,6,OG,O,5.072946
tcr_18_4,E,C,S,T,117,6,OG,C,4.9006677
tcr_18_4,E,C,S,S,117,5,OG,OG,3.891154
tcr_18_4,E,C,S,S,117,7,OG,OG,3.9813137
tcr_18_4,E,C,S,S,117,7,OG,N,4.8843203
tcr_18_4,E,C,S,S,117,5,OG,CB,4.6396985
tcr_18_4,E,C,S,S,117,7,OG,CA,5.3041277
tcr_18_4,E,C,S,S,117,7,OG,CB,5.1985364
tcr_18_4,E,C,S,S,117,7,OG,O,7.5277667
tcr_18_4,E,C,S,S,117,7,OG,C,6.8207216
tcr_18_4,E,C,S,S,117,8,OG,C,9.5902
tcr_18_4,E,C,S,S,117,8,OG,O,9.163807
tcr_18_4,E,C,S,S,117,8,OG,CA,8.961786
tcr_18_4,E,C,S,S,117,8,OG,N,7.497972
tcr_18_4,E,C,S,S,117,8,OG,OG,9.237693
tcr_18_4,E,C,S,S,117,8,OG,CB,9.647824
tcr_18_4,E,C,S,P,118,4,N,CA,8.541004
tcr_18_4,E,C,S,P,118,4,N,CB,8.274958
tcr_18_4,E,C,S,P,118,4,N,N,9.601319
tcr_18_4,E,C,S,S,118,5,N,N,6.1923227
tcr_18_4,E,C,S,P,118,4,N,CG,8.654638
tcr_18_4,E,C,S,P,118,4,N,C,7.4738545
tcr_18_4,E,C,S,P,118,4,N,CD,9.781965
tcr_18_4,E,C,S,P,118,4,N,O,7.95657
tcr_18_4,E,C,S,S,118,5,N,CA,5.2250576
tcr_18_4,E,C,S,T,118,6,N,OG1,8.708513
tcr_18_4,E,C,S,T,118,6,N,CG2,8.95791
tcr_18_4,E,C,S,T,118,6,N,CB,8.293325
tcr_18_4,E,C,S,T,118,6,N,CA,6.7809205
tcr_18_4,E,C,S,S,118,5,N,O,5.5864506
tcr_18_4,E,C,S,S,118,5,N,C,5.57215
tcr_18_4,E,C,S,T,118,6,N,N,6.157592
tcr_18_4,E,C,S,T,118,6,N,O,6.0544305
tcr_18_4,E,C,S,T,118,6,N,C,6.4398093
tcr_18_4,E,C,S,S,118,5,N,OG,3.0113933
tcr_18_4,E,C,S,S,118,7,N,OG,6.636728
tcr_18_4,E,C,S,S,118,7,N,N,6.9551783
tcr_18_4,E,C,S,S,118,5,N,CB,3.7977397
tcr_18_4,E,C,S,S,118,7,N,CA,7.335595
tcr_18_4,E,C,S,S,118,7,N,CB,7.668684
tcr_18_4,E,C,S,S,118,7,N,O,9.541291
tcr_18_4,E,C,S,S,118,7,N,C,8.694445
tcr_18_4,E,C,S,S,118,8,N,N,9.076828
tcr_18_4,E,C,S,P,118,4,CA,CA,9.133177
tcr_18_4,E,C,S,P,118,4,CA,CB,8.646545
tcr_18_4,E,C,S,S,118,5,CA,N,6.939672
tcr_18_4,E,C,S,P,118,4,CA,CG,9.046366
tcr_18_4,E,C,S,P,118,4,CA,C,8.245382
tcr_18_4,E,C,S,P,118,4,CA,O,8.87822
tcr_18_4,E,C,S,S,118,5,CA,CA,6.1937804
tcr_18_4,E,C,S,T,118,6,CA,CB,9.651247
tcr_18_4,E,C,S,T,118,6,CA,CA,8.144576
tcr_18_4,E,C,S,S,118,5,CA,O,6.666021
tcr_18_4,E,C,S,S,118,5,CA,C,6.719099
tcr_18_4,E,C,S,T,118,6,CA,N,7.4395475
tcr_18_4,E,C,S,T,118,6,CA,O,7.5059
tcr_18_4,E,C,S,T,118,6,CA,C,7.8847737
tcr_18_4,E,C,S,S,118,5,CA,OG,4.1909113
tcr_18_4,E,C,S,S,118,7,CA,OG,7.9279146
tcr_18_4,E,C,S,S,118,7,CA,N,8.395781
tcr_18_4,E,C,S,S,118,5,CA,CB,4.681645
tcr_18_4,E,C,S,S,118,7,CA,CA,8.774198
tcr_18_4,E,C,S,S,118,7,CA,CB,9.031878
tcr_18_4,E,C,S,P,118,4,C,CA,9.9863205
tcr_18_4,E,C,S,P,118,4,C,CB,9.376038
tcr_18_4,E,C,S,S,118,5,C,N,7.851779
tcr_18_4,E,C,S,P,118,4,C,CG,9.564923
tcr_18_4,E,C,S,P,118,4,C,C,9.169453
tcr_18_4,E,C,S,P,118,4,C,O,9.85973
tcr_18_4,E,C,S,S,118,5,C,CA,7.184364
tcr_18_4,E,C,S,T,118,6,C,CA,8.853536
tcr_18_4,E,C,S,S,118,5,C,O,7.2341366
tcr_18_4,E,C,S,S,118,5,C,C,7.520915
tcr_18_4,E,C,S,T,118,6,C,N,8.305911
tcr_18_4,E,C,S,T,118,6,C,O,8.383325
tcr_18_4,E,C,S,T,118,6,C,C,8.601678
tcr_18_4,E,C,S,S,118,5,C,OG,5.2995863
tcr_18_4,E,C,S,S,118,7,C,OG,8.052268
tcr_18_4,E,C,S,S,118,7,C,N,8.9279375
tcr_18_4,E,C,S,S,118,5,C,CB,5.7037964
tcr_18_4,E,C,S,S,118,7,C,CA,9.277987
tcr_18_4,E,C,S,S,118,7,C,CB,9.294182
tcr_18_4,E,C,S,S,118,5,O,N,8.883202
tcr_18_4,E,C,S,S,118,5,O,CA,8.292397
tcr_18_4,E,C,S,S,118,5,O,O,8.413
tcr_18_4,E,C,S,S,118,5,O,C,8.702554
tcr_18_4,E,C,S,T,118,6,O,N,9.508737
tcr_18_4,E,C,S,T,118,6,O,O,9.563388
tcr_18_4,E,C,S,T,118,6,O,C,9.811839
tcr_18_4,E,C,S,S,118,5,O,OG,6.4363203
tcr_18_4,E,C,S,S,118,7,O,OG,9.115068
tcr_18_4,E,C,S,S,118,5,O,CB,6.792223
tcr_18_4,E,C,S,P,118,4,CB,CA,8.21484
tcr_18_4,E,C,S,P,118,4,CB,CB,7.5772557
tcr_18_4,E,C,S,P,118,4,CB,N,9.393489
tcr_18_4,E,C,S,S,118,5,CB,N,6.2359934
tcr_18_4,E,C,S,P,118,4,CB,CG,8.073906
tcr_18_4,E,C,S,P,118,4,CB,C,7.517161
tcr_18_4,E,C,S,P,118,4,CB,CD,9.41396
tcr_18_4,E,C,S,P,118,4,CB,O,8.294444
tcr_18_4,E,C,S,S,118,5,CB,CA,5.7690177
tcr_18_4,E,C,S,T,118,6,CB,CB,9.8116045
tcr_18_4,E,C,S,T,118,6,CB,CA,8.367819
tcr_18_4,E,C,S,S,118,5,CB,O,6.549588
tcr_18_4,E,C,S,S,118,5,CB,C,6.5639863
tcr_18_4,E,C,S,T,118,6,CB,N,7.4512954
tcr_18_4,E,C,S,T,118,6,CB,O,8.004
tcr_18_4,E,C,S,T,118,6,CB,C,8.357921
tcr_18_4,E,C,S,S,118,5,CB,OG,4.209702
tcr_18_4,E,C,S,S,118,7,CB,OG,8.953585
tcr_18_4,E,C,S,S,118,7,CB,N,9.031228
tcr_18_4,E,C,S,S,118,5,CB,CB,4.2642446
tcr_18_4,E,C,S,S,118,7,CB,CA,9.599274
tcr_18_4,E,C,S,S,118,7,CB,CB,9.991193
tcr_18_4,E,C,S,P,118,4,OG,CA,7.718092
tcr_18_4,E,C,S,P,118,4,OG,CB,7.219993
tcr_18_4,E,C,S,P,118,4,OG,N,9.012737
tcr_18_4,E,C,S,S,118,5,OG,N,5.779752
tcr_18_4,E,C,S,P,118,4,OG,CG,7.9608407
tcr_18_4,E,C,S,P,118,4,OG,C,6.9892774
tcr_18_4,E,C,S,P,118,4,OG,CD,9.226252
tcr_18_4,E,C,S,P,118,4,OG,O,7.697974
tcr_18_4,E,C,S,S,118,5,OG,CA,5.294744
tcr_18_4,E,C,S,T,118,6,OG,OG1,9.767283
tcr_18_4,E,C,S,T,118,6,OG,CG2,9.919064
tcr_18_4,E,C,S,T,118,6,OG,CB,9.540155
tcr_18_4,E,C,S,T,118,6,OG,CA,8.171807
tcr_18_4,E,C,S,S,118,5,OG,O,6.559372
tcr_18_4,E,C,S,S,118,5,OG,C,6.3164916
tcr_18_4,E,C,S,T,118,6,OG,N,7.105709
tcr_18_4,E,C,S,T,118,6,OG,O,7.664312
tcr_18_4,E,C,S,T,118,6,OG,C,8.169181
tcr_18_4,E,C,S,S,118,5,OG,OG,3.8253846
tcr_18_4,E,C,S,S,118,7,OG,OG,9.277593
tcr_18_4,E,C,S,S,118,7,OG,N,9.0021
tcr_18_4,E,C,S,S,118,5,OG,CB,3.875956
tcr_18_4,E,C,S,S,118,7,OG,CA,9.577269
tcr_18_4,E,C,Y,P,119,4,N,CA,9.873327
tcr_18_4,E,C,Y,P,119,4,N,CB,9.30803
tcr_18_4,E,C,Y,S,119,5,N,N,7.7187657
tcr_18_4,E,C,Y,P,119,4,N,CG,9.308653
tcr_18_4,E,C,Y,P,119,4,N,C,9.017448
tcr_18_4,E,C,Y,P,119,4,N,O,9.670325
tcr_18_4,E,C,Y,S,119,5,N,CA,7.024607
tcr_18_4,E,C,Y,T,119,6,N,CB,9.786424
tcr_18_4,E,C,Y,T,119,6,N,CA,8.264548
tcr_18_4,E,C,Y,S,119,5,N,O,6.645556
tcr_18_4,E,C,Y,S,119,5,N,C,7.1063943
tcr_18_4,E,C,Y,T,119,6,N,N,7.887743
tcr_18_4,E,C,Y,T,119,6,N,O,7.9875045
tcr_18_4,E,C,Y,T,119,6,N,C,8.035559
tcr_18_4,E,C,Y,S,119,5,N,OG,5.251218
tcr_18_4,E,C,Y,S,119,7,N,OG,7.175691
tcr_18_4,E,C,Y,S,119,7,N,N,8.219786
tcr_18_4,E,C,Y,S,119,5,N,CB,5.650861
tcr_18_4,E,C,Y,S,119,7,N,CA,8.602246
tcr_18_4,E,C,Y,S,119,7,N,CB,8.474995
tcr_18_4,E,C,Y,S,119,5,CA,N,8.848641
tcr_18_4,E,C,Y,S,119,5,CA,CA,8.218741
tcr_18_4,E,C,Y,T,119,6,CA,CA,9.165516
tcr_18_4,E,C,Y,S,119,5,CA,O,7.5341487
tcr_18_4,E,C,Y,S,119,5,CA,C,8.152928
tcr_18_4,E,C,Y,T,119,6,CA,N,8.939764
tcr_18_4,E,C,Y,T,119,6,CA,O,9.015982
tcr_18_4,E,C,Y,T,119,6,CA,C,8.937024
tcr_18_4,E,C,Y,S,119,5,CA,OG,6.5730004
tcr_18_4,E,C,Y,S,119,7,CA,OG,7.552419
tcr_18_4,E,C,Y,S,119,7,CA,N,8.946886
tcr_18_4,E,C,Y,S,119,5,CA,CB,6.920824
tcr_18_4,E,C,Y,S,119,7,CA,CA,9.279031
tcr_18_4,E,C,Y,S,119,7,CA,CB,8.925683
tcr_18_4,E,C,Y,S,119,5,C,CA,9.347871
tcr_18_4,E,C,Y,T,119,6,C,CA,9.984333
tcr_18_4,E,C,Y,S,119,5,C,O,8.673717
tcr_18_4,E,C,Y,S,119,5,C,C,9.227887
tcr_18_4,E,C,Y,T,119,6,C,N,9.872652
tcr_18_4,E,C,Y,T,119,6,C,O,9.552526
tcr_18_4,E,C,Y,T,119,6,C,C,9.544692
tcr_18_4,E,C,Y,S,119,5,C,OG,7.480215
tcr_18_4,E,C,Y,S,119,7,C,OG,7.6382875
tcr_18_4,E,C,Y,S,119,7,C,N,9.427176
tcr_18_4,E,C,Y,S,119,5,C,CB,8.036915
tcr_18_4,E,C,Y,S,119,7,C,CA,9.528805
tcr_18_4,E,C,Y,S,119,7,C,CB,9.034024
tcr_18_4,E,C,Y,S,119,5,O,O,9.78333
tcr_18_4,E,C,Y,S,119,5,O,OG,8.688036
tcr_18_4,E,C,Y,S,119,7,O,OG,8.611407
tcr_18_4,E,C,Y,S,119,5,O,CB,9.195894
tcr_18_4,E,C,Y,S,119,5,CB,N,8.60541
tcr_18_4,E,C,Y,P,119,4,CB,CG,9.6619835
tcr_18_4,E,C,Y,P,119,4,CB,C,9.804142
tcr_18_4,E,C,Y,S,119,5,CB,CA,8.007389
tcr_18_4,E,C,Y,T,119,6,CB,CB,9.951261
tcr_18_4,E,C,Y,T,119,6,CB,CA,8.526534
tcr_18_4,E,C,Y,S,119,5,CB,O,6.901645
tcr_18_4,E,C,Y,S,119,5,CB,C,7.693854
tcr_18_4,E,C,Y,T,119,6,CB,N,8.47108
tcr_18_4,E,C,Y,T,119,6,CB,O,8.67699
tcr_18_4,E,C,Y,T,119,6,CB,C,8.394579
tcr_18_4,E,C,Y,S,119,5,CB,OG,6.6321535
tcr_18_4,E,C,Y,S,119,7,CB,OG,6.8572874
tcr_18_4,E,C,Y,S,119,7,CB,N,8.274612
tcr_18_4,E,C,Y,S,119,5,CB,CB,6.898343
tcr_18_4,E,C,Y,S,119,7,CB,CA,8.696523
tcr_18_4,E,C,Y,S,119,7,CB,CB,8.225344
tcr_18_4,E,C,Y,S,119,5,CG,N,9.925014
tcr_18_4,E,C,Y,S,119,5,CG,CA,9.373184
tcr_18_4,E,C,Y,T,119,6,CG,CA,9.613285
tcr_18_4,E,C,Y,S,119,5,CG,O,8.0668335
tcr_18_4,E,C,Y,S,119,5,CG,C,8.950112
tcr_18_4,E,C,Y,T,119,6,CG,N,9.696957
tcr_18_4,E,C,Y,T,119,6,CG,O,9.8508415
tcr_18_4,E,C,Y,T,119,6,CG,C,9.472283
tcr_18_4,E,C,Y,S,119,5,CG,OG,8.086696
tcr_18_4,E,C,Y,S,119,7,CG,OG,7.496542
tcr_18_4,E,C,Y,S,119,7,CG,N,9.19334
tcr_18_4,E,C,Y,S,119,5,CG,CB,8.335633
tcr_18_4,E,C,Y,S,119,7,CG,CA,9.546557
tcr_18_4,E,C,Y,S,119,7,CG,CB,8.870761
tcr_18_4,E,C,Y,T,119,6,CD1,CA,9.873997
tcr_18_4,E,C,Y,S,119,5,CD1,O,8.683167
tcr_18_4,E,C,Y,S,119,5,CD1,C,9.546847
tcr_18_4,E,C,Y,T,119,6,CD1,O,9.976819
tcr_18_4,E,C,Y,T,119,6,CD1,C,9.572984
tcr_18_4,E,C,Y,S,119,5,CD1,OG,8.725299
tcr_18_4,E,C,Y,S,119,7,CD1,OG,7.055375
tcr_18_4,E,C,Y,S,119,7,CD1,N,9.114338
tcr_18_4,E,C,Y,S,119,5,CD1,CB,9.135462
tcr_18_4,E,C,Y,S,119,7,CD1,CA,9.288947
tcr_18_4,E,C,Y,S,119,7,CD1,CB,8.422041
tcr_18_4,E,C,Y,S,119,5,CD2,O,8.793828
tcr_18_4,E,C,Y,S,119,5,CD2,C,9.742576
tcr_18_4,E,C,Y,S,119,5,CD2,OG,8.998099
tcr_18_4,E,C,Y,S,119,7,CD2,OG,8.799804
tcr_18_4,E,C,Y,S,119,5,CD2,CB,9.070272
tcr_18_4,E,C,Y,S,119,5,CE1,O,9.882888
tcr_18_4,E,C,Y,S,119,7,CE1,OG,8.023269
tcr_18_4,E,C,Y,S,119,7,CE1,CB,9.340862
tcr_18_4,E,C,Y,S,119,5,CE2,O,9.9839945
tcr_18_4,E,C,Y,S,119,7,CE2,OG,9.599295
tcr_18_4,E,C,Y,S,119,7,CZ,OG,9.24897
tcr_18_4,E,C,N,S,120,5,N,CA,9.166629
tcr_18_4,E,C,N,T,120,6,N,CA,9.539196
tcr_18_4,E,C,N,S,120,5,N,O,8.569979
tcr_18_4,E,C,N,S,120,5,N,C,9.003345
tcr_18_4,E,C,N,T,120,6,N,N,9.491498
tcr_18_4,E,C,N,T,120,6,N,O,8.829243
tcr_18_4,E,C,N,T,120,6,N,C,8.918628
tcr_18_4,E,C,N,S,120,5,N,OG,7.1124268
tcr_18_4,E,C,N,S,120,7,N,OG,6.8541803
tcr_18_4,E,C,N,S,120,7,N,N,8.7642145
tcr_18_4,E,C,N,S,120,5,N,CB,7.879565
tcr_18_4,E,C,N,S,120,7,N,CA,8.70367
tcr_18_4,E,C,N,S,120,7,N,CB,8.217398
tcr_18_4,E,C,N,S,120,5,CA,O,9.750381
tcr_18_4,E,C,N,T,120,6,CA,O,9.527618
tcr_18_4,E,C,N,T,120,6,CA,C,9.659318
tcr_18_4,E,C,N,S,120,5,CA,OG,8.229987
tcr_18_4,E,C,N,S,120,7,CA,OG,7.1685133
tcr_18_4,E,C,N,S,120,7,CA,N,9.380187
tcr_18_4,E,C,N,S,120,5,CA,CB,9.115739
tcr_18_4,E,C,N,S,120,7,CA,CA,9.104139
tcr_18_4,E,C,N,S,120,7,CA,CB,8.484499
tcr_18_4,E,C,N,S,120,5,C,OG,9.152179
tcr_18_4,E,C,N,S,120,7,C,OG,8.622842
tcr_18_4,E,C,N,S,120,7,C,CB,9.909206
tcr_18_4,E,C,N,S,120,5,O,OG,8.867557
tcr_18_4,E,C,N,S,120,7,O,OG,9.145931
tcr_18_4,E,C,N,S,120,5,O,CB,9.705683
tcr_18_4,E,C,N,T,120,6,CB,CA,9.88298
tcr_18_4,E,C,N,S,120,5,CB,O,9.598978
tcr_18_4,E,C,N,S,120,5,CB,C,9.86554
tcr_18_4,E,C,N,T,120,6,CB,O,8.702302
tcr_18_4,E,C,N,T,120,6,CB,C,8.922772
tcr_18_4,E,C,N,S,120,5,CB,OG,7.9432516
tcr_18_4,E,C,N,S,120,7,CB,OG,6.3124304
tcr_18_4,E,C,N,S,120,7,CB,N,8.591371
tcr_18_4,E,C,N,S,120,5,CB,CB,9.003025
tcr_18_4,E,C,N,S,120,7,CB,CA,8.12414
tcr_18_4,E,C,N,S,120,7,CB,CB,7.523366
tcr_18_4,E,C,N,S,120,7,CB,C,9.420987
tcr_18_4,E,C,N,S,120,8,CB,N,9.496767
tcr_18_4,E,C,N,S,120,8,CB,OG,9.87694
tcr_18_4,E,C,N,S,120,5,CG,CA,9.727332
tcr_18_4,E,C,N,T,120,6,CG,CA,8.946934
tcr_18_4,E,C,N,S,120,5,CG,O,8.894081
tcr_18_4,E,C,N,S,120,5,CG,C,9.2184725
tcr_18_4,E,C,N,T,120,6,CG,N,9.294794
tcr_18_4,E,C,N,T,120,6,CG,O,7.8721013
tcr_18_4,E,C,N,T,120,6,CG,C,7.9520774
tcr_18_4,E,C,N,S,120,5,CG,OG,7.659418
tcr_18_4,E,C,N,S,120,7,CG,OG,4.9595547
tcr_18_4,E,C,N,S,120,7,CG,N,7.4549417
tcr_18_4,E,C,N,S,120,5,CG,CB,8.73022
tcr_18_4,E,C,N,S,120,7,CG,CA,6.9401517
tcr_18_4,E,C,N,S,120,7,CG,CB,6.1802893
tcr_18_4,E,C,N,S,120,7,CG,O,9.215374
tcr_18_4,E,C,N,S,120,7,CG,C,8.235824
tcr_18_4,E,C,N,S,120,8,CG,O,9.224474
tcr_18_4,E,C,N,S,120,8,CG,CA,9.676562
tcr_18_4,E,C,N,S,120,8,CG,N,8.395512
tcr_18_4,E,C,N,S,120,8,CG,OG,8.945207
tcr_18_4,E,C,N,S,120,8,CG,CB,9.930007
tcr_18_4,E,C,N,S,120,5,OD1,CA,9.822937
tcr_18_4,E,C,N,T,120,6,OD1,CA,8.901588
tcr_18_4,E,C,N,S,120,5,OD1,O,8.723233
tcr_18_4,E,C,N,S,120,5,OD1,C,9.197782
tcr_18_4,E,C,N,T,120,6,OD1,N,9.338012
tcr_18_4,E,C,N,T,120,6,OD1,O,8.128925
tcr_18_4,E,C,N,T,120,6,OD1,C,8.025159
tcr_18_4,E,C,N,S,120,5,OD1,OG,7.929668
tcr_18_4,E,C,N,S,120,7,OD1,OG,4.80343
tcr_18_4,E,C,N,S,120,7,OD1,N,7.4253287
tcr_18_4,E,C,N,S,120,5,OD1,CB,8.880412
tcr_18_4,E,C,N,S,120,7,OD1,CA,7.0239773
tcr_18_4,E,C,N,S,120,7,OD1,CB,6.0992064
tcr_18_4,E,C,N,S,120,7,OD1,O,9.230992
tcr_18_4,E,C,N,S,120,7,OD1,C,8.361928
tcr_18_4,E,C,N,S,120,8,OD1,O,9.334788
tcr_18_4,E,C,N,S,120,8,OD1,CA,9.975963
tcr_18_4,E,C,N,S,120,8,OD1,N,8.680896
tcr_18_4,E,C,N,S,120,8,OD1,OG,9.464323
tcr_18_4,E,C,N,S,120,5,ND2,CA,9.530912
tcr_18_4,E,C,N,T,120,6,ND2,CB,9.690714
tcr_18_4,E,C,N,T,120,6,ND2,CA,8.430758
tcr_18_4,E,C,N,S,120,5,ND2,O,8.770707
tcr_18_4,E,C,N,S,120,5,ND2,C,8.966013
tcr_18_4,E,C,N,T,120,6,ND2,N,8.860674
tcr_18_4,E,C,N,T,120,6,ND2,O,7.1190996
tcr_18_4,E,C,N,T,120,6,ND2,C,7.280077
tcr_18_4,E,C,N,S,120,5,ND2,OG,7.470973
tcr_18_4,E,C,N,S,120,7,ND2,OG,4.272711
tcr_18_4,E,C,N,S,120,7,ND2,N,6.7419233
tcr_18_4,E,C,N,S,120,5,ND2,CB,8.654839
tcr_18_4,E,C,N,S,120,7,ND2,CA,6.0364757
tcr_18_4,E,C,N,S,120,7,ND2,CB,5.3281612
tcr_18_4,E,C,N,S,120,7,ND2,O,8.26687
tcr_18_4,E,C,N,S,120,7,ND2,C,7.22698
tcr_18_4,E,C,N,S,120,8,ND2,C,8.84723
tcr_18_4,E,C,N,S,120,8,ND2,O,8.093941
tcr_18_4,E,C,N,S,120,8,ND2,CA,8.495377
tcr_18_4,E,C,N,S,120,8,ND2,N,7.260375
tcr_18_4,E,C,N,S,120,8,ND2,OG,7.656331
tcr_18_4,E,C,N,S,120,8,ND2,CB,8.6746855
tcr_18_4,E,C,E,S,121,7,N,OG,9.407293
tcr_18_4,C,A,L,E,1,79,N,CB,9.438244
tcr_18_4,C,A,L,V,1,76,N,CG1,9.660061
tcr_18_4,C,A,L,V,1,76,N,CB,8.9909115
tcr_18_4,C,A,L,W,1,84,N,CH2,9.400163
tcr_18_4,C,A,L,R,1,194,N,CB,8.352443
tcr_18_4,C,A,L,R,1,194,N,CA,9.2083645
tcr_18_4,C,A,L,R,1,194,N,CG,8.707329
tcr_18_4,C,A,L,R,1,194,N,CD,8.111772
tcr_18_4,C,A,L,R,1,194,N,NE,8.705779
tcr_18_4,C,A,L,R,1,194,N,CZ,9.817595
tcr_18_4,C,A,L,Y,1,195,N,C,9.829819
tcr_18_4,C,A,L,R,1,194,N,C,9.13554
tcr_18_4,C,A,L,Y,1,195,N,CA,8.459745
tcr_18_4,C,A,L,Y,1,195,N,N,8.23126
tcr_18_4,C,A,L,Y,1,195,N,CD1,6.0919447
tcr_18_4,C,A,L,Y,1,195,N,CB,7.416764
tcr_18_4,C,A,L,Y,1,195,N,CG,6.042275
tcr_18_4,C,A,L,E,1,79,N,OE2,9.052446
tcr_18_4,C,A,L,W,1,191,N,CE3,4.599034
tcr_18_4,C,A,L,Y,1,195,N,CE1,5.1039314
tcr_18_4,C,A,L,W,1,191,N,CZ3,5.5179696
tcr_18_4,C,A,L,E,1,79,N,CD,8.613757
tcr_18_4,C,A,L,E,1,79,N,CG,8.562337
tcr_18_4,C,A,L,E,1,79,N,OE1,8.471375
tcr_18_4,C,A,L,W,1,191,N,CH2,6.2480197
tcr_18_4,C,A,L,Y,1,83,N,CE2,5.2039976
tcr_18_4,C,A,L,Y,1,83,N,CD2,6.417363
tcr_18_4,C,A,L,Y,1,83,N,CG,7.531914
tcr_18_4,C,A,L,Y,1,83,N,CB,8.861709
tcr_18_4,C,A,L,Y,1,83,N,CA,9.317509
tcr_18_4,C,A,L,V,1,52,N,CB,9.452129
tcr_18_4,C,A,L,V,1,52,N,CG2,7.951465
tcr_18_4,C,A,L,W,1,75,N,CE3,9.56681
tcr_18_4,C,A,L,W,1,75,N,CH2,8.706372
tcr_18_4,C,A,L,F,1,57,N,CG,7.5491934
tcr_18_4,C,A,L,F,1,57,N,CB,8.949403
tcr_18_4,C,A,L,Y,1,195,N,CD2,4.949027
tcr_18_4,C,A,L,F,1,57,N,CE1,6.3142715
tcr_18_4,C,A,L,W,1,75,N,CZ3,8.419589
tcr_18_4,C,A,L,F,1,57,N,CZ,5.0867863
tcr_18_4,C,A,L,Y,1,195,N,CE2,3.657744
tcr_18_4,C,A,L,F,1,57,N,CD2,6.5532417
tcr_18_4,C,A,L,F,1,57,N,CE2,5.239772
tcr_18_4,C,A,L,Y,1,195,N,OH,3.0016267
tcr_18_4,C,A,L,Y,1,83,N,OH,4.5159345
tcr_18_4,C,A,L,Y,1,195,N,CZ,3.7618062
tcr_18_4,C,A,L,V,1,76,N,CG2,7.6940613
tcr_18_4,C,A,L,W,1,84,N,CZ3,9.293523
tcr_18_4,C,A,L,Y,1,83,N,CZ,5.3290825
tcr_18_4,C,A,L,Y,1,83,N,CE1,6.621901
tcr_18_4,C,A,L,E,1,87,N,CG,6.109213
tcr_18_4,C,A,L,W,1,84,N,CE3,9.822643
tcr_18_4,C,A,L,Y,1,83,N,CD1,7.6093903
tcr_18_4,C,A,L,E,1,87,N,CB,7.409015
tcr_18_4,C,A,L,E,1,87,N,C,9.419483
tcr_18_4,C,A,L,Y,1,83,N,O,8.732281
tcr_18_4,C,A,L,E,1,87,N,N,8.770445
tcr_18_4,C,A,L,Y,1,83,N,C,9.297352
tcr_18_4,C,A,L,E,1,87,N,CA,8.187502
tcr_18_4,C,A,L,R,1,86,N,C,9.567348
tcr_18_4,C,A,L,R,1,86,N,CB,9.79654
tcr_18_4,C,A,L,V,1,52,N,N,9.558556
tcr_18_4,C,A,L,V,1,58,N,CA,9.327514
tcr_18_4,C,A,L,F,1,57,N,CD1,7.4394493
tcr_18_4,C,A,L,F,1,57,N,CA,9.929439
tcr_18_4,C,A,L,V,1,58,N,N,9.343423
tcr_18_4,C,A,L,V,1,58,N,CG1,7.2268023
tcr_18_4,C,A,L,F,1,57,N,O,9.796982
tcr_18_4,C,A,L,V,1,58,N,CB,7.9510536
tcr_18_4,C,A,L,F,1,57,N,C,9.580289
tcr_18_4,C,A,L,G,1,50,N,C,8.824758
tcr_18_4,C,A,L,G,1,50,N,O,9.396344
tcr_18_4,C,A,L,G,1,50,N,N,9.209119
tcr_18_4,C,A,L,Y,1,91,N,CE2,8.725427
tcr_18_4,C,A,L,V,1,58,N,CG2,8.273096
tcr_18_4,C,A,L,Y,1,91,N,OH,7.0086155
tcr_18_4,C,A,L,Y,1,91,N,CD2,9.866645
tcr_18_4,C,A,L,E,1,190,N,CB,8.827572
tcr_18_4,C,A,L,E,1,190,N,OE2,9.997553
tcr_18_4,C,A,L,L,1,192,N,CD2,9.533761
tcr_18_4,C,A,L,L,1,192,N,CD1,8.72648
tcr_18_4,C,A,L,L,1,192,N,CG,8.871785
tcr_18_4,C,A,L,L,1,192,N,O,8.780017
tcr_18_4,C,A,L,R,1,193,N,N,8.94918
tcr_18_4,C,A,L,L,1,192,N,C,8.2993355
tcr_18_4,C,A,L,L,1,192,N,N,6.1887794
tcr_18_4,C,A,L,L,1,192,N,CB,7.679739
tcr_18_4,C,A,L,R,1,194,N,N,9.13315
tcr_18_4,C,A,L,L,1,192,N,CA,7.077748
tcr_18_4,C,A,L,V,1,189,N,O,9.014694
tcr_18_4,C,A,L,C,1,188,N,O,6.406831
tcr_18_4,C,A,L,W,1,191,N,O,6.053378
tcr_18_4,C,A,L,V,1,189,N,CA,9.044511
tcr_18_4,C,A,L,V,1,189,N,C,8.770365
tcr_18_4,C,A,L,W,1,191,N,CB,3.9920654
tcr_18_4,C,A,L,W,1,191,N,CA,5.4070983
tcr_18_4,C,A,L,W,1,191,N,C,5.7330146
tcr_18_4,C,A,L,E,1,190,N,N,8.544726
tcr_18_4,C,A,L,W,1,191,N,N,6.325434
tcr_18_4,C,A,L,E,1,190,N,CA,8.639362
tcr_18_4,C,A,L,E,1,190,N,O,8.162773
tcr_18_4,C,A,L,E,1,190,N,C,7.620332
tcr_18_4,C,A,L,C,1,188,N,CA,6.2856197
tcr_18_4,C,A,L,C,1,188,N,C,6.8739767
tcr_18_4,C,A,L,V,1,189,N,N,8.111569
tcr_18_4,C,A,L,C,1,188,N,N,6.6505136
tcr_18_4,C,A,L,C,1,188,N,CB,7.1767936
tcr_18_4,C,A,L,G,1,186,N,O,9.124645
tcr_18_4,C,A,L,G,1,186,N,C,9.4116125
tcr_18_4,C,A,L,W,1,191,N,NE1,5.6202164
tcr_18_4,C,A,L,W,1,191,N,CE2,5.3876615
tcr_18_4,C,A,L,W,1,191,N,CZ2,6.2076554
tcr_18_4,C,A,L,W,1,191,N,CD2,4.5067983
tcr_18_4,C,A,L,W,1,191,N,CG,4.248173
tcr_18_4,C,A,L,T,1,187,N,CG2,5.7071357
tcr_18_4,C,A,L,K,1,90,N,NZ,5.9482203
tcr_18_4,C,A,L,W,1,191,N,CD1,5.012139
tcr_18_4,C,A,L,T,1,187,N,O,5.7115054
tcr_18_4,C,A,L,T,1,187,N,C,6.3646555
tcr_18_4,C,A,L,Y,1,183,N,CB,9.485332
tcr_18_4,C,A,L,Y,1,183,N,CD2,7.0123024
tcr_18_4,C,A,L,T,1,187,N,CA,7.262942
tcr_18_4,C,A,L,T,1,187,N,CB,6.8999333
tcr_18_4,C,A,L,Y,1,183,N,C,9.602712
tcr_18_4,C,A,L,Y,1,183,N,CA,9.859754
tcr_18_4,C,A,L,T,1,187,N,OG1,8.04091
tcr_18_4,C,A,L,T,1,187,N,N,8.632156
tcr_18_4,C,A,L,Y,1,183,N,O,8.835
tcr_18_4,C,A,L,M,1,29,N,CA,8.390538
tcr_18_4,C,A,L,V,1,52,N,CA,9.8210535
tcr_18_4,C,A,L,M,1,29,N,N,9.518134
tcr_18_4,C,A,L,R,1,30,N,N,8.768232
tcr_18_4,C,A,L,M,1,29,N,CB,7.0496097
tcr_18_4,C,A,L,M,1,29,N,SD,4.2681727
tcr_18_4,C,A,L,M,1,29,N,CE,4.262923
tcr_18_4,C,A,L,Y,1,51,N,O,8.443778
tcr_18_4,C,A,L,M,1,29,N,O,9.098517
tcr_18_4,C,A,L,M,1,29,N,CG,5.886012
tcr_18_4,C,A,L,M,1,29,N,C,8.689652
tcr_18_4,C,A,L,R,1,30,N,CA,9.313945
tcr_18_4,C,A,L,Y,1,51,N,C,9.091443
tcr_18_4,C,A,L,Y,1,51,N,CA,9.724369
tcr_18_4,C,A,L,R,1,30,N,C,8.744191
tcr_18_4,C,A,L,Y,1,51,N,N,8.928953
tcr_18_4,C,A,L,Y,1,31,N,CA,8.888088
tcr_18_4,C,A,L,R,1,30,N,O,8.640324
tcr_18_4,C,A,L,G,1,50,N,CA,8.222601
tcr_18_4,C,A,L,Y,1,31,N,N,8.740521
tcr_18_4,C,A,L,C,1,125,N,N,9.941596
tcr_18_4,C,A,L,C,1,188,N,SG,7.2465005
tcr_18_4,C,A,L,G,1,124,N,CA,9.468455
tcr_18_4,C,A,L,C,1,125,N,SG,8.557872
tcr_18_4,C,A,L,F,1,123,N,O,9.594012
tcr_18_4,C,A,L,Y,1,31,N,CZ,4.197632
tcr_18_4,C,A,L,Y,1,31,N,CE2,4.2565465
tcr_18_4,C,A,L,E,1,87,N,OE1,5.312542
tcr_18_4,C,A,L,E,1,87,N,CD,5.1220055
tcr_18_4,C,A,L,Y,1,183,N,CE2,5.755924
tcr_18_4,C,A,L,Y,1,31,N,OH,3.2525363
tcr_18_4,C,A,L,E,1,87,N,OE2,4.539761
tcr_18_4,C,A,L,Y,1,183,N,OH,4.9216223
tcr_18_4,C,A,L,Y,1,31,N,CD2,5.5833354
tcr_18_4,C,A,L,F,1,123,N,CE2,7.401517
tcr_18_4,C,A,L,Y,1,31,N,CE1,5.4909763
tcr_18_4,C,A,L,F,1,123,N,CZ,7.84766
tcr_18_4,C,A,L,Y,1,31,N,CG,6.6121473
tcr_18_4,C,A,L,Y,1,91,N,CZ,8.022288
tcr_18_4,C,A,L,Y,1,31,N,CD1,6.56777
tcr_18_4,C,A,L,F,1,123,N,CE1,9.210858
tcr_18_4,C,A,L,Y,1,91,N,CE1,8.600599
tcr_18_4,C,A,L,Y,1,31,N,CB,8.0209255
tcr_18_4,C,A,L,V,1,49,N,C,9.983809
tcr_18_4,C,A,L,Y,1,91,N,CD1,9.756276
tcr_18_4,C,A,L,V,1,49,N,O,9.942494
tcr_18_4,C,A,L,F,1,123,N,CD2,8.443639
tcr_18_4,C,A,L,Y,1,183,N,CZ,5.8429666
tcr_18_4,C,A,L,Y,1,183,N,CD1,8.193548
tcr_18_4,C,A,L,Y,1,183,N,CE1,7.1539083
tcr_18_4,C,A,L,Y,1,183,N,CG,8.142374
tcr_18_4,C,A,L,F,1,123,N,CG,9.725095
tcr_18_4,C,A,L,K,1,90,N,CB,9.244091
tcr_18_4,C,A,L,R,1,86,N,O,9.850384
tcr_18_4,C,A,L,E,1,87,N,O,9.576867
tcr_18_4,C,A,L,K,1,90,N,CG,8.935561
tcr_18_4,C,A,L,K,1,90,N,CE,7.3169346
tcr_18_4,C,A,L,K,1,90,N,CD,7.454162
tcr_18_4,C,A,L,E,1,79,CA,CB,9.643313
tcr_18_4,C,A,L,V,1,76,CA,CB,9.706321
tcr_18_4,C,A,L,W,1,84,CA,CH2,9.423436
tcr_18_4,C,A,L,R,1,194,CA,CB,9.462594
tcr_18_4,C,A,L,R,1,194,CA,CG,9.722355
tcr_18_4,C,A,L,R,1,194,CA,CD,8.950168
tcr_18_4,C,A,L,R,1,194,CA,NE,9.426788
tcr_18_4,C,A,L,R,1,86,CA,CZ,9.934223
tcr_18_4,C,A,L,Y,1,195,CA,CA,9.83424
tcr_18_4,C,A,L,Y,1,195,CA,N,9.586274
tcr_18_4,C,A,L,Y,1,195,CA,CD1,7.3227987
tcr_18_4,C,A,L,Y,1,195,CA,CB,8.825329
tcr_18_4,C,A,L,Y,1,195,CA,CG,7.41164
tcr_18_4,C,A,L,E,1,79,CA,OE2,9.379902
tcr_18_4,C,A,L,W,1,191,CA,CE3,5.27659
tcr_18_4,C,A,L,Y,1,195,CA,CE1,6.1990776
tcr_18_4,C,A,L,W,1,191,CA,CZ3,5.9662886
tcr_18_4,C,A,L,E,1,79,CA,CD,9.081353
tcr_18_4,C,A,L,E,1,79,CA,CG,8.97291
tcr_18_4,C,A,L,E,1,79,CA,OE1,9.120744
tcr_18_4,C,A,L,W,1,191,CA,CH2,6.429158
tcr_18_4,C,A,L,Y,1,83,CA,CE2,5.1499352
tcr_18_4,C,A,L,Y,1,83,CA,CD2,6.213473
tcr_18_4,C,A,L,Y,1,83,CA,CG,7.2428336
tcr_18_4,C,A,L,Y,1,83,CA,CB,8.490918
tcr_18_4,C,A,L,Y,1,83,CA,CA,8.712189
tcr_18_4,C,A,L,R,1,86,CA,NE,9.669895
tcr_18_4,C,A,L,R,1,86,CA,CG,9.848233
tcr_18_4,C,A,L,V,1,52,CA,CG2,9.290298
tcr_18_4,C,A,L,W,1,75,CA,CH2,9.894482
tcr_18_4,C,A,L,F,1,57,CA,CG,8.427706
tcr_18_4,C,A,L,F,1,57,CA,CB,9.826506
tcr_18_4,C,A,L,Y,1,195,CA,CD2,6.372781
tcr_18_4,C,A,L,F,1,57,CA,CE1,7.245219
tcr_18_4,C,A,L,W,1,75,CA,CZ3,9.595028
tcr_18_4,C,A,L,F,1,57,CA,CZ,5.956327
tcr_18_4,C,A,L,Y,1,195,CA,CE2,5.0370364
tcr_18_4,C,A,L,F,1,57,CA,CD2,7.3453197
tcr_18_4,C,A,L,F,1,57,CA,CE2,6.020942
tcr_18_4,C,A,L,Y,1,195,CA,OH,3.8864467
tcr_18_4,C,A,L,Y,1,83,CA,OH,4.7005963
tcr_18_4,C,A,L,Y,1,195,CA,CZ,4.9272437
tcr_18_4,C,A,L,V,1,76,CA,CG2,8.325251
tcr_18_4,C,A,L,W,1,84,CA,CZ3,9.111209
tcr_18_4,C,A,L,Y,1,83,CA,CZ,5.305922
tcr_18_4,C,A,L,Y,1,83,CA,CE1,6.474653
tcr_18_4,C,A,L,E,1,87,CA,CG,5.1491
tcr_18_4,C,A,L,W,1,84,CA,CE3,9.476404
tcr_18_4,C,A,L,Y,1,83,CA,CD1,7.347118
tcr_18_4,C,A,L,E,1,87,CA,CB,6.388468
tcr_18_4,C,A,L,E,1,87,CA,C,8.217574
tcr_18_4,C,A,L,Y,1,83,CA,O,7.8729973
tcr_18_4,C,A,L,E,1,87,CA,N,7.573635
tcr_18_4,C,A,L,Y,1,83,CA,C,8.58529
tcr_18_4,C,A,L,E,1,87,CA,CA,6.985885
tcr_18_4,C,A,L,W,1,84,CA,CA,9.860952
tcr_18_4,C,A,L,W,1,84,CA,N,9.56114
tcr_18_4,C,A,L,T,1,88,CA,N,9.352019
tcr_18_4,C,A,L,R,1,86,CA,C,8.285775
tcr_18_4,C,A,L,R,1,86,CA,N,9.987868
tcr_18_4,C,A,L,R,1,86,CA,CB,8.614006
tcr_18_4,C,A,L,R,1,86,CA,CA,9.200176
tcr_18_4,C,A,L,V,1,58,CA,CA,9.530933
tcr_18_4,C,A,L,F,1,57,CA,CD1,8.376969
tcr_18_4,C,A,L,V,1,58,CA,N,9.764137
tcr_18_4,C,A,L,V,1,58,CA,CG1,7.3233914
tcr_18_4,C,A,L,V,1,58,CA,CB,8.060694
tcr_18_4,C,A,L,G,1,50,CA,C,9.420121
tcr_18_4,C,A,L,G,1,50,CA,N,9.430919
tcr_18_4,C,A,L,Y,1,91,CA,CE2,7.8581567
tcr_18_4,C,A,L,V,1,58,CA,CG2,8.12904
tcr_18_4,C,A,L,Y,1,91,CA,OH,6.3967633
tcr_18_4,C,A,L,Y,1,91,CA,CD2,8.88624
tcr_18_4,C,A,L,E,1,190,CA,CB,9.487635
tcr_18_4,C,A,L,L,1,192,CA,C,9.700097
tcr_18_4,C,A,L,L,1,192,CA,N,7.508264
tcr_18_4,C,A,L,L,1,192,CA,CB,9.013231
tcr_18_4,C,A,L,L,1,192,CA,CA,8.471302
tcr_18_4,C,A,L,C,1,188,CA,O,7.421774
tcr_18_4,C,A,L,W,1,191,CA,O,7.4101057
tcr_18_4,C,A,L,V,1,189,CA,CA,9.955151
tcr_18_4,C,A,L,V,1,189,CA,C,9.743719
tcr_18_4,C,A,L,W,1,191,CA,CB,5.021202
tcr_18_4,C,A,L,W,1,191,CA,CA,6.519198
tcr_18_4,C,A,L,W,1,191,CA,C,7.039923
tcr_18_4,C,A,L,E,1,190,CA,N,9.394992
tcr_18_4,C,A,L,W,1,191,CA,N,7.3035183
tcr_18_4,C,A,L,E,1,190,CA,CA,9.499798
tcr_18_4,C,A,L,E,1,190,CA,O,9.217587
tcr_18_4,C,A,L,E,1,190,CA,C,8.597068
tcr_18_4,C,A,L,C,1,188,CA,CA,6.8775887
tcr_18_4,C,A,L,C,1,188,CA,C,7.699978
tcr_18_4,C,A,L,V,1,189,CA,N,8.894968
tcr_18_4,C,A,L,C,1,188,CA,N,7.0203314
tcr_18_4,C,A,L,C,1,188,CA,CB,7.675737
tcr_18_4,C,A,L,G,1,186,CA,O,9.577435
tcr_18_4,C,A,L,G,1,186,CA,C,9.685853
tcr_18_4,C,A,L,W,1,191,CA,NE1,5.774297
tcr_18_4,C,A,L,W,1,191,CA,CE2,5.611877
tcr_18_4,C,A,L,W,1,191,CA,CZ2,6.2814603
tcr_18_4,C,A,L,W,1,191,CA,CD2,5.067133
tcr_18_4,C,A,L,W,1,191,CA,CG,4.9321594
tcr_18_4,C,A,L,R,1,86,CA,CD,9.651111
tcr_18_4,C,A,L,T,1,187,CA,CG2,5.4213877
tcr_18_4,C,A,L,K,1,90,CA,NZ,4.5391793
tcr_18_4,C,A,L,W,1,191,CA,CD1,5.4005632
tcr_18_4,C,A,L,T,1,187,CA,O,6.252317
tcr_18_4,C,A,L,T,1,187,CA,C,6.7151737
tcr_18_4,C,A,L,Y,1,183,CA,CB,9.02297
tcr_18_4,C,A,L,Y,1,183,CA,CD2,6.487328
tcr_18_4,C,A,L,T,1,187,CA,CA,7.377029
tcr_18_4,C,A,L,T,1,187,CA,CB,6.7142797
tcr_18_4,C,A,L,Y,1,183,CA,C,9.516324
tcr_18_4,C,A,L,Y,1,183,CA,CA,9.552252
tcr_18_4,C,A,L,T,1,187,CA,OG1,7.7040834
tcr_18_4,C,A,L,T,1,187,CA,N,8.743328
tcr_18_4,C,A,L,Y,1,183,CA,O,8.880566
tcr_18_4,C,A,L,M,1,29,CA,CA,9.479177
tcr_18_4,C,A,L,R,1,30,CA,N,9.595744
tcr_18_4,C,A,L,M,1,29,CA,CB,8.194773
tcr_18_4,C,A,L,M,1,29,CA,SD,5.508001
tcr_18_4,C,A,L,M,1,29,CA,CE,5.2607927
tcr_18_4,C,A,L,Y,1,51,CA,O,9.460182
tcr_18_4,C,A,L,M,1,29,CA,O,9.923101
tcr_18_4,C,A,L,M,1,29,CA,CG,6.9920993
tcr_18_4,C,A,L,M,1,29,CA,C,9.598718
tcr_18_4,C,A,L,R,1,30,CA,CA,9.952662
tcr_18_4,C,A,L,R,1,30,CA,C,9.25325
tcr_18_4,C,A,L,Y,1,51,CA,N,9.644784
tcr_18_4,C,A,L,Y,1,31,CA,CA,9.014008
tcr_18_4,C,A,L,R,1,30,CA,O,9.202083
tcr_18_4,C,A,L,G,1,50,CA,CA,8.60929
tcr_18_4,C,A,L,Y,1,31,CA,N,9.0513115
tcr_18_4,C,A,L,C,1,188,CA,SG,7.9100957
tcr_18_4,C,A,L,G,1,124,CA,CA,9.923442
tcr_18_4,C,A,L,C,1,125,CA,SG,9.442391
tcr_18_4,C,A,L,F,1,123,CA,O,9.839595
tcr_18_4,C,A,L,Y,1,31,CA,CZ,4.270688
tcr_18_4,C,A,L,Y,1,31,CA,CE2,4.4677515
tcr_18_4,C,A,L,E,1,87,CA,OE1,4.01024
tcr_18_4,C,A,L,E,1,87,CA,CD,3.948385
tcr_18_4,C,A,L,Y,1,183,CA,CE2,5.283151
tcr_18_4,C,A,L,Y,1,31,CA,OH,3.4136782
tcr_18_4,C,A,L,E,1,87,CA,OE2,3.3934145
tcr_18_4,C,A,L,Y,1,183,CA,OH,4.8140273
tcr_18_4,C,A,L,Y,1,31,CA,CD2,5.697828
tcr_18_4,C,A,L,F,1,123,CA,CE2,7.0629473
tcr_18_4,C,A,L,Y,1,31,CA,CE1,5.3904614
tcr_18_4,C,A,L,F,1,123,CA,CZ,7.3460946
tcr_18_4,C,A,L,Y,1,31,CA,CG,6.5765185
tcr_18_4,C,A,L,Y,1,91,CA,CZ,7.2285905
tcr_18_4,C,A,L,Y,1,31,CA,CD1,6.4431844
tcr_18_4,C,A,L,F,1,123,CA,CE1,8.715197
tcr_18_4,C,A,L,Y,1,91,CA,CE1,7.755438
tcr_18_4,C,A,L,Y,1,31,CA,CB,7.9497757
tcr_18_4,C,A,L,Y,1,91,CA,CD1,8.795355
tcr_18_4,C,A,L,Y,1,91,CA,CG,9.318259
tcr_18_4,C,A,L,F,1,123,CA,CD2,8.236731
tcr_18_4,C,A,L,Y,1,183,CA,CZ,5.5872545
tcr_18_4,C,A,L,Y,1,183,CA,CD1,7.9196086
tcr_18_4,C,A,L,Y,1,183,CA,CE1,6.9748807
tcr_18_4,C,A,L,Y,1,183,CA,CG,7.7198267
tcr_18_4,C,A,L,F,1,123,CA,CG,9.480371
tcr_18_4,C,A,L,F,1,123,CA,CD1,9.684894
tcr_18_4,C,A,L,K,1,90,CA,CB,7.82016
tcr_18_4,C,A,L,K,1,90,CA,N,9.790743
tcr_18_4,C,A,L,R,1,86,CA,O,8.488372
tcr_18_4,C,A,L,K,1,90,CA,CA,9.323498
tcr_18_4,C,A,L,E,1,87,CA,O,8.332311
tcr_18_4,C,A,L,Y,1,91,CA,N,9.825931
tcr_18_4,C,A,L,K,1,90,CA,C,9.872644
tcr_18_4,C,A,L,K,1,90,CA,CG,7.4680996
tcr_18_4,C,A,L,K,1,90,CA,CE,5.8720684
tcr_18_4,C,A,L,K,1,90,CA,CD,5.983938
tcr_18_4,C,A,L,Y,1,195,C,CD1,8.46047
tcr_18_4,C,A,L,Y,1,195,C,CB,9.718286
tcr_18_4,C,A,L,Y,1,195,C,CG,8.37825
tcr_18_4,C,A,L,W,1,191,C,CE3,6.738153
tcr_18_4,C,A,L,Y,1,195,C,CE1,7.4225354
tcr_18_4,C,A,L,W,1,191,C,CZ3,7.4793987
tcr_18_4,C,A,L,W,1,191,C,CH2,7.9229045
tcr_18_4,C,A,L,Y,1,83,C,CE2,6.5016065
tcr_18_4,C,A,L,Y,1,83,C,CD2,7.556584
tcr_18_4,C,A,L,Y,1,83,C,CG,8.477638
tcr_18_4,C,A,L,Y,1,83,C,CB,9.720159
tcr_18_4,C,A,L,Y,1,83,C,CA,9.814246
tcr_18_4,C,A,L,V,1,52,C,CG2,9.590113
tcr_18_4,C,A,L,F,1,57,C,CG,8.755312
tcr_18_4,C,A,L,Y,1,195,C,CD2,7.200207
tcr_18_4,C,A,L,F,1,57,C,CE1,7.279288
tcr_18_4,C,A,L,F,1,57,C,CZ,6.1020684
tcr_18_4,C,A,L,Y,1,195,C,CE2,5.9393826
tcr_18_4,C,A,L,F,1,57,C,CD2,7.7990203
tcr_18_4,C,A,L,F,1,57,C,CE2,6.418384
tcr_18_4,C,A,L,Y,1,195,C,OH,5.1391788
tcr_18_4,C,A,L,Y,1,83,C,OH,5.768754
tcr_18_4,C,A,L,Y,1,195,C,CZ,6.0744877
tcr_18_4,C,A,L,V,1,76,C,CG2,9.344622
tcr_18_4,C,A,L,W,1,84,C,CZ3,9.710576
tcr_18_4,C,A,L,Y,1,83,C,CZ,6.4830117
tcr_18_4,C,A,L,Y,1,83,C,CE1,7.529547
tcr_18_4,C,A,L,E,1,87,C,CG,5.679803
tcr_18_4,C,A,L,Y,1,83,C,CD1,8.456849
tcr_18_4,C,A,L,E,1,87,C,CB,6.657428
tcr_18_4,C,A,L,E,1,87,C,C,8.152568
tcr_18_4,C,A,L,Y,1,83,C,O,8.685296
tcr_18_4,C,A,L,E,1,87,C,N,7.9006186
tcr_18_4,C,A,L,Y,1,83,C,C,9.52153
tcr_18_4,C,A,L,E,1,87,C,CA,7.1126857
tcr_18_4,C,A,L,T,1,88,C,N,9.38302
tcr_18_4,C,A,L,R,1,86,C,C,8.539862
tcr_18_4,C,A,L,R,1,86,C,CB,9.189756
tcr_18_4,C,A,L,R,1,86,C,CA,9.616256
tcr_18_4,C,A,L,V,1,58,C,CA,9.57191
tcr_18_4,C,A,L,F,1,57,C,CD1,8.520521
tcr_18_4,C,A,L,V,1,58,C,N,9.846981
tcr_18_4,C,A,L,V,1,58,C,CG1,7.1592045
tcr_18_4,C,A,L,V,1,58,C,CB,8.1268835
tcr_18_4,C,A,L,G,1,50,C,C,9.010181
tcr_18_4,C,A,L,G,1,50,C,O,9.737557
tcr_18_4,C,A,L,G,1,50,C,N,8.827295
tcr_18_4,C,A,L,Y,1,91,C,CE2,7.4720073
tcr_18_4,C,A,L,V,1,58,C,CG2,8.204338
tcr_18_4,C,A,L,Y,1,91,C,OH,5.9160757
tcr_18_4,C,A,L,Y,1,91,C,CD2,8.422891
tcr_18_4,C,A,L,L,1,192,C,N,8.151068
tcr_18_4,C,A,L,L,1,192,C,CB,9.335423
tcr_18_4,C,A,L,L,1,192,C,CA,9.028493
tcr_18_4,C,A,L,C,1,188,C,O,7.607661
tcr_18_4,C,A,L,W,1,191,C,O,8.3782425
tcr_18_4,C,A,L,W,1,191,C,CB,6.0121017
tcr_18_4,C,A,L,W,1,191,C,CA,7.4811807
tcr_18_4,C,A,L,W,1,191,C,C,7.902711
tcr_18_4,C,A,L,E,1,190,C,N,9.909524
tcr_18_4,C,A,L,W,1,191,C,N,8.125266
tcr_18_4,C,A,L,E,1,190,C,C,9.445428
tcr_18_4,C,A,L,C,1,188,C,CA,6.7332554
tcr_18_4,C,A,L,C,1,188,C,C,7.7582865
tcr_18_4,C,A,L,V,1,189,C,N,8.971911
tcr_18_4,C,A,L,C,1,188,C,N,6.943073
tcr_18_4,C,A,L,C,1,188,C,CB,7.2445955
tcr_18_4,C,A,L,G,1,186,C,O,9.8082695
tcr_18_4,C,A,L,G,1,186,C,C,9.811735
tcr_18_4,C,A,L,W,1,191,C,NE1,6.942424
tcr_18_4,C,A,L,W,1,191,C,CE2,6.962093
tcr_18_4,C,A,L,W,1,191,C,CZ2,7.6969137
tcr_18_4,C,A,L,W,1,191,C,CD2,6.4414287
tcr_18_4,C,A,L,W,1,191,C,CG,6.0994735
tcr_18_4,C,A,L,T,1,187,C,CG2,5.7011647
tcr_18_4,C,A,L,K,1,90,C,NZ,4.5761743
tcr_18_4,C,A,L,W,1,191,C,CD1,6.4489317
tcr_18_4,C,A,L,T,1,187,C,O,6.6602135
tcr_18_4,C,A,L,T,1,187,C,C,6.89719
tcr_18_4,C,A,L,Y,1,183,C,CB,8.226299
tcr_18_4,C,A,L,Y,1,183,C,CD2,5.7159634
tcr_18_4,C,A,L,T,1,187,C,CA,7.5864005
tcr_18_4,C,A,L,T,1,187,C,CB,6.802651
tcr_18_4,C,A,L,Y,1,183,C,C,8.926327
tcr_18_4,C,A,L,Y,1,183,C,CA,8.944021
tcr_18_4,C,A,L,T,1,187,C,OG1,7.8083777
tcr_18_4,C,A,L,T,1,187,C,N,8.829211
tcr_18_4,C,A,L,L,1,184,C,N,9.719065
tcr_18_4,C,A,L,Y,1,183,C,O,8.440363
tcr_18_4,C,A,L,M,1,29,C,CA,9.110929
tcr_18_4,C,A,L,R,1,30,C,N,8.922994
tcr_18_4,C,A,L,M,1,29,C,CB,7.9445724
tcr_18_4,C,A,L,M,1,29,C,SD,5.5177183
tcr_18_4,C,A,L,M,1,29,C,CE,5.0372953
tcr_18_4,C,A,L,Y,1,51,C,O,9.149512
tcr_18_4,C,A,L,M,1,29,C,O,9.222088
tcr_18_4,C,A,L,M,1,29,C,CG,6.7278614
tcr_18_4,C,A,L,M,1,29,C,C,8.996084
tcr_18_4,C,A,L,R,1,30,C,CA,9.086512
tcr_18_4,C,A,L,Y,1,51,C,C,9.879744
tcr_18_4,C,A,L,R,1,30,C,C,8.332135
tcr_18_4,C,A,L,Y,1,51,C,N,9.201169
tcr_18_4,C,A,L,Y,1,31,C,CA,7.8593755
tcr_18_4,C,A,L,R,1,30,C,O,8.402877
tcr_18_4,C,A,L,G,1,50,C,CA,8.047414
tcr_18_4,C,A,L,Y,1,31,C,C,9.178836
tcr_18_4,C,A,L,Y,1,31,C,N,7.9615755
tcr_18_4,C,A,L,Y,1,31,C,O,9.692918
tcr_18_4,C,A,L,C,1,125,C,N,9.915063
tcr_18_4,C,A,L,C,1,188,C,SG,7.373676
tcr_18_4,C,A,L,G,1,124,C,CA,8.921303
tcr_18_4,C,A,L,C,1,125,C,SG,9.101085
tcr_18_4,C,A,L,G,1,124,C,C,9.866384
tcr_18_4,C,A,L,L,1,184,C,CD2,9.719352
tcr_18_4,C,A,L,G,1,124,C,N,9.346826
tcr_18_4,C,A,L,F,1,123,C,CA,9.944698
tcr_18_4,C,A,L,F,1,123,C,C,9.17095
tcr_18_4,C,A,L,F,1,123,C,O,8.631869
tcr_18_4,C,A,L,Y,1,31,C,CZ,3.5386932
tcr_18_4,C,A,L,Y,1,31,C,CE2,3.5352461
tcr_18_4,C,A,L,E,1,87,C,OE1,4.4428062
tcr_18_4,C,A,L,E,1,87,C,CD,4.328818
tcr_18_4,C,A,L,Y,1,183,C,CE2,4.4289637
tcr_18_4,C,A,L,Y,1,31,C,OH,3.157705
tcr_18_4,C,A,L,E,1,87,C,OE2,3.4729357
tcr_18_4,C,A,L,Y,1,183,C,OH,3.7175534
tcr_18_4,C,A,L,Y,1,31,C,CD2,4.566057
tcr_18_4,C,A,L,F,1,123,C,CE2,5.6082287
tcr_18_4,C,A,L,Y,1,31,C,CE1,4.5784144
tcr_18_4,C,A,L,F,1,123,C,CZ,5.839163
tcr_18_4,C,A,L,Y,1,31,C,CG,5.405745
tcr_18_4,C,A,L,Y,1,91,C,CZ,6.6542544
tcr_18_4,C,A,L,Y,1,31,C,CD1,5.4106607
tcr_18_4,C,A,L,F,1,123,C,CE1,7.209145
tcr_18_4,C,A,L,Y,1,91,C,CE1,6.930049
tcr_18_4,C,A,L,Y,1,31,C,CB,6.6844845
tcr_18_4,C,A,L,V,1,49,C,C,9.311403
tcr_18_4,C,A,L,Y,1,91,C,CD1,7.947543
tcr_18_4,C,A,L,V,1,49,C,O,9.107839
tcr_18_4,C,A,L,Y,1,91,C,CG,8.640946
tcr_18_4,C,A,L,F,1,123,C,CD2,6.8350782
tcr_18_4,C,A,L,Y,1,183,C,CZ,4.5564055
tcr_18_4,C,A,L,Y,1,183,C,CD1,6.9199915
tcr_18_4,C,A,L,Y,1,183,C,CE1,5.908902
tcr_18_4,C,A,L,Y,1,183,C,CG,6.8496385
tcr_18_4,C,A,L,F,1,123,C,CG,8.039794
tcr_18_4,C,A,L,F,1,123,C,CB,9.363296
tcr_18_4,C,A,L,W,1,121,C,CH2,9.122591
tcr_18_4,C,A,L,F,1,123,C,CD1,8.194241
tcr_18_4,C,A,L,W,1,121,C,CZ2,9.833579
tcr_18_4,C,A,L,W,1,121,C,CZ3,9.364858
tcr_18_4,C,A,L,K,1,90,C,CB,7.186157
tcr_18_4,C,A,L,K,1,90,C,N,9.359726
tcr_18_4,C,A,L,R,1,86,C,O,8.536197
tcr_18_4,C,A,L,K,1,90,C,CA,8.691841
tcr_18_4,C,A,L,E,1,87,C,O,8.041873
tcr_18_4,C,A,L,Y,1,91,C,N,9.10895
tcr_18_4,C,A,L,Y,1,91,C,CA,9.819569
tcr_18_4,C,A,L,K,1,90,C,C,9.098422
tcr_18_4,C,A,L,Y,1,91,C,CB,9.867851
tcr_18_4,C,A,L,K,1,90,C,CG,7.000789
tcr_18_4,C,A,L,K,1,90,C,CE,5.726591
tcr_18_4,C,A,L,K,1,90,C,CD,5.5587263
tcr_18_4,C,A,L,K,1,90,C,O,9.694215
tcr_18_4,C,A,L,F,1,32,C,N,9.858893
tcr_18_4,C,A,L,A,1,48,C,CB,9.839293
tcr_18_4,C,A,L,Y,1,195,O,CD1,8.743733
tcr_18_4,C,A,L,Y,1,195,O,CB,9.711222
tcr_18_4,C,A,L,Y,1,195,O,CG,8.47554
tcr_18_4,C,A,L,W,1,191,O,CE3,7.1663036
tcr_18_4,C,A,L,Y,1,195,O,CE1,7.848281
tcr_18_4,C,A,L,W,1,191,O,CZ3,8.077031
tcr_18_4,C,A,L,W,1,191,O,CH2,8.562289
tcr_18_4,C,A,L,Y,1,83,O,CE2,7.4924903
tcr_18_4,C,A,L,Y,1,83,O,CD2,8.581469
tcr_18_4,C,A,L,Y,1,83,O,CG,9.572318
tcr_18_4,C,A,L,V,1,52,O,CG2,9.3504095
tcr_18_4,C,A,L,F,1,57,O,CG,9.066591
tcr_18_4,C,A,L,Y,1,195,O,CD2,7.204156
tcr_18_4,C,A,L,F,1,57,O,CE1,7.3293314
tcr_18_4,C,A,L,F,1,57,O,CZ,6.298808
tcr_18_4,C,A,L,Y,1,195,O,CE2,6.077536
tcr_18_4,C,A,L,F,1,57,O,CD2,8.250301
tcr_18_4,C,A,L,F,1,57,O,CE2,6.8479333
tcr_18_4,C,A,L,Y,1,195,O,OH,5.732281
tcr_18_4,C,A,L,Y,1,83,O,OH,6.7141695
tcr_18_4,C,A,L,Y,1,195,O,CZ,6.464002
tcr_18_4,C,A,L,Y,1,83,O,CZ,7.511915
tcr_18_4,C,A,L,Y,1,83,O,CE1,8.619514
tcr_18_4,C,A,L,E,1,87,O,CG,6.905794
tcr_18_4,C,A,L,Y,1,83,O,CD1,9.580324
tcr_18_4,C,A,L,E,1,87,O,CB,7.858552
tcr_18_4,C,A,L,E,1,87,O,C,9.260486
tcr_18_4,C,A,L,Y,1,83,O,O,9.891746
tcr_18_4,C,A,L,E,1,87,O,N,9.071263
tcr_18_4,C,A,L,E,1,87,O,CA,8.273192
tcr_18_4,C,A,L,R,1,86,O,C,9.653643
tcr_18_4,C,A,L,F,1,57,O,CD1,8.653388
tcr_18_4,C,A,L,V,1,58,O,CG1,7.749552
tcr_18_4,C,A,L,V,1,58,O,CB,8.839471
tcr_18_4,C,A,L,G,1,50,O,C,9.005206
tcr_18_4,C,A,L,G,1,50,O,O,9.842572
tcr_18_4,C,A,L,G,1,50,O,N,8.987931
tcr_18_4,C,A,L,Y,1,91,O,CE2,8.41758
tcr_18_4,C,A,L,V,1,58,O,CG2,9.063017
tcr_18_4,C,A,L,Y,1,91,O,OH,6.7292843
tcr_18_4,C,A,L,Y,1,91,O,CD2,9.346675
tcr_18_4,C,A,L,E,1,190,O,CB,9.811403
tcr_18_4,C,A,L,L,1,192,O,CD1,9.796117
tcr_18_4,C,A,L,L,1,192,O,CG,9.784366
tcr_18_4,C,A,L,L,1,192,O,C,9.9179325
tcr_18_4,C,A,L,L,1,192,O,N,7.6498218
tcr_18_4,C,A,L,L,1,192,O,CB,8.630336
tcr_18_4,C,A,L,L,1,192,O,CA,8.498499
tcr_18_4,C,A,L,V,1,189,O,O,9.934617
tcr_18_4,C,A,L,C,1,188,O,O,6.7527175
tcr_18_4,C,A,L,W,1,191,O,O,8.1953335
tcr_18_4,C,A,L,V,1,189,O,CA,9.265074
tcr_18_4,C,A,L,V,1,189,O,C,9.423707
tcr_18_4,C,A,L,W,1,191,O,CB,5.833987
tcr_18_4,C,A,L,W,1,191,O,CA,7.228098
tcr_18_4,C,A,L,W,1,191,O,C,7.5873504
tcr_18_4,C,A,L,E,1,190,O,N,9.244476
tcr_18_4,C,A,L,W,1,191,O,N,7.7250557
tcr_18_4,C,A,L,E,1,190,O,CA,9.709011
tcr_18_4,C,A,L,E,1,190,O,O,9.8533125
tcr_18_4,C,A,L,E,1,190,O,C,9.044237
tcr_18_4,C,A,L,C,1,188,O,CA,5.7204213
tcr_18_4,C,A,L,C,1,188,O,C,6.8217955
tcr_18_4,C,A,L,V,1,189,O,N,8.033985
tcr_18_4,C,A,L,C,1,188,O,N,6.023266
tcr_18_4,C,A,L,L,1,184,O,CA,8.863155
tcr_18_4,C,A,L,C,1,188,O,CB,6.101549
tcr_18_4,C,A,L,L,1,184,O,C,9.662168
tcr_18_4,C,A,L,G,1,186,O,O,9.041195
tcr_18_4,C,A,L,L,1,184,O,O,9.568277
tcr_18_4,C,A,L,G,1,186,O,C,9.041773
tcr_18_4,C,A,L,W,1,191,O,NE1,7.1225014
tcr_18_4,C,A,L,W,1,191,O,CE2,7.321094
tcr_18_4,C,A,L,W,1,191,O,CZ2,8.229498
tcr_18_4,C,A,L,W,1,191,O,CD2,6.730715
tcr_18_4,C,A,L,W,1,191,O,CG,6.1264043
tcr_18_4,C,A,L,T,1,187,O,CG2,5.3747396
tcr_18_4,C,A,L,K,1,90,O,NZ,5.3324156
tcr_18_4,C,A,L,W,1,191,O,CD1,6.4234586
tcr_18_4,C,A,L,T,1,187,O,O,6.034236
tcr_18_4,C,A,L,T,1,187,O,C,6.160334
tcr_18_4,C,A,L,Y,1,183,O,CB,7.3719516
tcr_18_4,C,A,L,Y,1,183,O,CD2,4.916761
tcr_18_4,C,A,L,T,1,187,O,CA,6.9622493
tcr_18_4,C,A,L,T,1,187,O,CB,6.2634163
tcr_18_4,C,A,L,Y,1,183,O,C,7.9206142
tcr_18_4,C,A,L,Y,1,183,O,CA,8.062478
tcr_18_4,C,A,L,T,1,187,O,OG1,7.373062
tcr_18_4,C,A,L,T,1,187,O,N,8.111535
tcr_18_4,C,A,L,L,1,184,O,N,8.642463
tcr_18_4,C,A,L,Y,1,183,O,O,7.438931
tcr_18_4,C,A,L,Y,1,183,O,N,9.493431
tcr_18_4,C,A,L,M,1,29,O,CA,8.311145
tcr_18_4,C,A,L,M,1,29,O,N,9.46759
tcr_18_4,C,A,L,C,1,125,O,CA,9.755876
tcr_18_4,C,A,L,R,1,30,O,N,8.170238
tcr_18_4,C,A,L,M,1,29,O,CB,7.1474576
tcr_18_4,C,A,L,M,1,29,O,SD,4.9436707
tcr_18_4,C,A,L,M,1,29,O,CE,4.1515865
tcr_18_4,C,A,L,Y,1,51,O,O,8.716589
tcr_18_4,C,A,L,M,1,29,O,O,8.25078
tcr_18_4,C,A,L,M,1,29,O,CG,6.0547075
tcr_18_4,C,A,L,M,1,29,O,C,8.136644
tcr_18_4,C,A,L,R,1,30,O,CA,8.328961
tcr_18_4,C,A,L,Y,1,51,O,C,9.565825
tcr_18_4,C,A,L,R,1,30,O,C,7.71765
tcr_18_4,C,A,L,Y,1,51,O,N,9.027908
tcr_18_4,C,A,L,Y,1,31,O,CA,7.4011245
tcr_18_4,C,A,L,R,1,30,O,O,7.9373527
tcr_18_4,C,A,L,R,1,30,O,CB,9.84399
tcr_18_4,C,A,L,G,1,50,O,CA,8.094912
tcr_18_4,C,A,L,Y,1,31,O,C,8.715382
tcr_18_4,C,A,L,Y,1,31,O,N,7.330374
tcr_18_4,C,A,L,Y,1,31,O,O,9.111159
tcr_18_4,C,A,L,C,1,125,O,N,8.754551
tcr_18_4,C,A,L,C,1,188,O,SG,6.2019253
tcr_18_4,C,A,L,G,1,124,O,O,9.496106
tcr_18_4,C,A,L,G,1,124,O,CA,7.791571
tcr_18_4,C,A,L,C,1,125,O,SG,7.9933376
tcr_18_4,C,A,L,L,1,184,O,CG,9.375207
tcr_18_4,C,A,L,C,1,125,O,CB,9.252573
tcr_18_4,C,A,L,L,1,184,O,CB,9.815746
tcr_18_4,C,A,L,G,1,124,O,C,8.689837
tcr_18_4,C,A,L,L,1,184,O,CD2,8.522848
tcr_18_4,C,A,L,G,1,124,O,N,8.2467785
tcr_18_4,C,A,L,F,1,123,O,CA,8.985896
tcr_18_4,C,A,L,F,1,123,O,N,9.535337
tcr_18_4,C,A,L,F,1,123,O,C,8.1635275
tcr_18_4,C,A,L,F,1,123,O,O,7.699068
tcr_18_4,C,A,L,Y,1,31,O,CZ,3.6822717
tcr_18_4,C,A,L,Y,1,31,O,CE2,3.1905396
tcr_18_4,C,A,L,E,1,87,O,OE1,5.592629
tcr_18_4,C,A,L,E,1,87,O,CD,5.545028
tcr_18_4,C,A,L,Y,1,183,O,CE2,3.5452294
tcr_18_4,C,A,L,Y,1,31,O,OH,3.618662
tcr_18_4,C,A,L,E,1,87,O,OE2,4.6728754
tcr_18_4,C,A,L,Y,1,183,O,OH,2.5232358
tcr_18_4,C,A,L,Y,1,31,O,CD2,4.0525093
tcr_18_4,C,A,L,F,1,123,O,CE2,4.7819867
tcr_18_4,C,A,L,Y,1,31,O,CE1,4.8184876
tcr_18_4,C,A,L,F,1,123,O,CZ,5.267026
tcr_18_4,C,A,L,Y,1,31,O,CG,5.1003566
tcr_18_4,C,A,L,Y,1,91,O,CZ,7.4795413
tcr_18_4,C,A,L,Y,1,31,O,CD1,5.422538
tcr_18_4,C,A,L,F,1,123,O,CE1,6.6683865
tcr_18_4,C,A,L,Y,1,91,O,CE1,7.598645
tcr_18_4,C,A,L,Y,1,31,O,CB,6.264017
tcr_18_4,C,A,L,V,1,49,O,C,9.419613
tcr_18_4,C,A,L,Y,1,91,O,CD1,8.619041
tcr_18_4,C,A,L,V,1,49,O,O,9.07749
tcr_18_4,C,A,L,Y,1,91,O,CG,9.441331
tcr_18_4,C,A,L,F,1,123,O,CD2,5.894721
tcr_18_4,C,A,L,Y,1,183,O,CZ,3.4534442
tcr_18_4,C,A,L,Y,1,183,O,CD1,5.8668566
tcr_18_4,C,A,L,Y,1,183,O,CE1,4.782649
tcr_18_4,C,A,L,Y,1,183,O,CG,5.9336433
tcr_18_4,C,A,L,F,1,123,O,CG,7.1764092
tcr_18_4,C,A,L,F,1,123,O,CB,8.41915
tcr_18_4,C,A,L,W,1,121,O,CH2,8.658184
tcr_18_4,C,A,L,F,1,123,O,CD1,7.5009375
tcr_18_4,C,A,L,W,1,121,O,CZ2,9.223336
tcr_18_4,C,A,L,W,1,121,O,CZ3,9.032502
tcr_18_4,C,A,L,W,1,121,O,CE3,9.933605
tcr_18_4,C,A,L,K,1,90,O,CB,7.9333434
tcr_18_4,C,A,L,R,1,86,O,O,9.581457
tcr_18_4,C,A,L,K,1,90,O,CA,9.430745
tcr_18_4,C,A,L,E,1,87,O,O,9.065465
tcr_18_4,C,A,L,Y,1,91,O,N,9.872737
tcr_18_4,C,A,L,K,1,90,O,C,9.7841835
tcr_18_4,C,A,L,K,1,90,O,CG,7.7468147
tcr_18_4,C,A,L,K,1,90,O,CE,6.46393
tcr_18_4,C,A,L,K,1,90,O,CD,6.323378
tcr_18_4,C,A,L,F,1,32,O,N,9.530984
tcr_18_4,C,A,L,E,1,79,CB,CB,9.874899
tcr_18_4,C,A,L,R,1,194,CB,CB,9.301827
tcr_18_4,C,A,L,R,1,194,CB,CG,9.573735
tcr_18_4,C,A,L,R,1,194,CB,CD,8.651379
tcr_18_4,C,A,L,R,1,194,CB,NE,9.160112
tcr_18_4,C,A,L,R,1,86,CB,NH2,9.414933
tcr_18_4,C,A,L,R,1,86,CB,CZ,8.940904
tcr_18_4,C,A,L,Y,1,195,CB,N,9.918456
tcr_18_4,C,A,L,Y,1,195,CB,CD1,7.9430003
tcr_18_4,C,A,L,Y,1,195,CB,CB,9.520983
tcr_18_4,C,A,L,Y,1,195,CB,CG,8.118846
tcr_18_4,C,A,L,E,1,79,CB,OE2,9.257697
tcr_18_4,C,A,L,W,1,191,CB,CE3,5.0037813
tcr_18_4,C,A,L,Y,1,195,CB,CE1,6.8075624
tcr_18_4,C,A,L,W,1,191,CB,CZ3,5.6456857
tcr_18_4,C,A,L,E,1,79,CB,CD,9.1468
tcr_18_4,C,A,L,E,1,79,CB,CG,9.248426
tcr_18_4,C,A,L,E,1,79,CB,OE1,9.206266
tcr_18_4,C,A,L,W,1,191,CB,CH2,5.81248
tcr_18_4,C,A,L,Y,1,83,CB,CE2,5.35475
tcr_18_4,C,A,L,Y,1,83,CB,CD2,6.1712914
tcr_18_4,C,A,L,Y,1,83,CB,CG,7.3049464
tcr_18_4,C,A,L,Y,1,83,CB,CB,8.373208
tcr_18_4,C,A,L,Y,1,83,CB,CA,8.485183
tcr_18_4,C,A,L,Y,1,83,CB,N,9.811545
tcr_18_4,C,A,L,E,1,82,CB,O,9.779454
tcr_18_4,C,A,L,R,1,86,CB,NE,8.78591
tcr_18_4,C,A,L,R,1,86,CB,CG,9.111643
tcr_18_4,C,A,L,F,1,57,CB,CG,9.810988
tcr_18_4,C,A,L,Y,1,195,CB,CD2,7.179346
tcr_18_4,C,A,L,F,1,57,CB,CE1,8.67732
tcr_18_4,C,A,L,F,1,57,CB,CZ,7.3973184
tcr_18_4,C,A,L,Y,1,195,CB,CE2,5.896601
tcr_18_4,C,A,L,F,1,57,CB,CD2,8.696088
tcr_18_4,C,A,L,F,1,57,CB,CE2,7.4118977
tcr_18_4,C,A,L,Y,1,195,CB,OH,4.6401944
tcr_18_4,C,A,L,Y,1,83,CB,OH,5.5678964
tcr_18_4,C,A,L,Y,1,195,CB,CZ,5.672486
tcr_18_4,C,A,L,V,1,76,CB,CG2,9.229847
tcr_18_4,C,A,L,Y,1,83,CB,CZ,5.8683968
tcr_18_4,C,A,L,Y,1,83,CB,CE1,7.046686
tcr_18_4,C,A,L,E,1,87,CB,CG,5.5536265
tcr_18_4,C,A,L,Y,1,83,CB,CD1,7.682826
tcr_18_4,C,A,L,E,1,87,CB,CB,6.848828
tcr_18_4,C,A,L,E,1,87,CB,C,8.536949
tcr_18_4,C,A,L,Y,1,83,CB,O,7.8250213
tcr_18_4,C,A,L,E,1,87,CB,N,7.5493956
tcr_18_4,C,A,L,Y,1,83,CB,C,8.544196
tcr_18_4,C,A,L,E,1,87,CB,CA,7.208284
tcr_18_4,C,A,L,W,1,84,CB,N,9.65681
tcr_18_4,C,A,L,T,1,88,CB,N,9.659603
tcr_18_4,C,A,L,R,1,86,CB,C,8.072057
tcr_18_4,C,A,L,R,1,86,CB,N,9.714998
tcr_18_4,C,A,L,R,1,86,CB,CB,8.03162
tcr_18_4,C,A,L,R,1,86,CB,CA,8.816327
tcr_18_4,C,A,L,F,1,57,CB,CD1,9.795641
tcr_18_4,C,A,L,V,1,58,CB,CG1,8.792806
tcr_18_4,C,A,L,V,1,58,CB,CB,9.459417
tcr_18_4,C,A,L,Y,1,91,CB,CE2,8.799944
tcr_18_4,C,A,L,V,1,58,CB,CG2,9.4197645
tcr_18_4,C,A,L,Y,1,91,CB,OH,7.614992
tcr_18_4,C,A,L,Y,1,91,CB,CD2,9.700837
tcr_18_4,C,A,L,E,1,190,CB,CB,8.6591625
tcr_18_4,C,A,L,E,1,190,CB,OE2,9.131195
tcr_18_4,C,A,L,E,1,190,CB,CD,9.998757
tcr_18_4,C,A,L,E,1,190,CB,CG,9.8906
tcr_18_4,C,A,L,L,1,192,CB,C,9.970706
tcr_18_4,C,A,L,L,1,192,CB,N,7.6661873
tcr_18_4,C,A,L,L,1,192,CB,CB,9.392292
tcr_18_4,C,A,L,L,1,192,CB,CA,8.816355
tcr_18_4,C,A,L,V,1,189,CB,O,9.8986
tcr_18_4,C,A,L,C,1,188,CB,O,7.4213805
tcr_18_4,C,A,L,W,1,191,CB,O,7.6096497
tcr_18_4,C,A,L,V,1,189,CB,CA,9.694773
tcr_18_4,C,A,L,V,1,189,CB,C,9.413101
tcr_18_4,C,A,L,W,1,191,CB,CB,4.7748766
tcr_18_4,C,A,L,W,1,191,CB,CA,6.2926164
tcr_18_4,C,A,L,W,1,191,CB,C,7.121019
tcr_18_4,C,A,L,E,1,190,CB,N,8.870968
tcr_18_4,C,A,L,W,1,191,CB,N,6.883504
tcr_18_4,C,A,L,E,1,190,CB,CA,8.897645
tcr_18_4,C,A,L,E,1,190,CB,O,8.820407
tcr_18_4,C,A,L,E,1,190,CB,C,8.124586
tcr_18_4,C,A,L,C,1,188,CB,CA,6.6714544
tcr_18_4,C,A,L,C,1,188,CB,C,7.539619
tcr_18_4,C,A,L,V,1,189,CB,N,8.607812
tcr_18_4,C,A,L,C,1,188,CB,N,6.498339
tcr_18_4,C,A,L,C,1,188,CB,CB,7.605099
tcr_18_4,C,A,L,G,1,186,CB,O,8.792771
tcr_18_4,C,A,L,G,1,186,CB,C,8.8030615
tcr_18_4,C,A,L,W,1,191,CB,NE1,4.642263
tcr_18_4,C,A,L,W,1,191,CB,CE2,4.6787195
tcr_18_4,C,A,L,R,1,86,CB,NH1,8.923349
tcr_18_4,C,A,L,W,1,191,CB,CZ2,5.3773055
tcr_18_4,C,A,L,W,1,191,CB,CD2,4.466219
tcr_18_4,C,A,L,W,1,191,CB,CG,4.3106265
tcr_18_4,C,A,L,R,1,86,CB,CD,8.732563
tcr_18_4,C,A,L,T,1,187,CB,CG2,4.1893125
tcr_18_4,C,A,L,K,1,90,CB,NZ,3.7350416
tcr_18_4,C,A,L,W,1,191,CB,CD1,4.436144
tcr_18_4,C,A,L,T,1,187,CB,O,5.592833
tcr_18_4,C,A,L,T,1,187,CB,C,5.9876523
tcr_18_4,C,A,L,Y,1,183,CB,CB,8.401292
tcr_18_4,C,A,L,Y,1,183,CB,CD2,5.9147816
tcr_18_4,C,A,L,T,1,187,CB,CA,6.38368
tcr_18_4,C,A,L,T,1,187,CB,CB,5.6034036
tcr_18_4,C,A,L,Y,1,183,CB,C,8.932798
tcr_18_4,C,A,L,Y,1,183,CB,CA,8.821205
tcr_18_4,C,A,L,T,1,187,CB,OG1,6.4515
tcr_18_4,C,A,L,T,1,187,CB,N,7.7779984
tcr_18_4,C,A,L,L,1,184,CB,N,9.972253
tcr_18_4,C,A,L,Y,1,183,CB,O,8.285023
tcr_18_4,C,A,L,M,1,29,CB,CB,9.100805
tcr_18_4,C,A,L,M,1,29,CB,SD,6.46819
tcr_18_4,C,A,L,M,1,29,CB,CE,5.9439507
tcr_18_4,C,A,L,M,1,29,CB,CG,8.050711
tcr_18_4,C,A,L,C,1,188,CB,SG,8.18462
tcr_18_4,C,A,L,C,1,125,CB,SG,9.722953
tcr_18_4,C,A,L,Y,1,31,CB,CZ,5.7344728
tcr_18_4,C,A,L,Y,1,31,CB,CE2,5.7867017
tcr_18_4,C,A,L,E,1,87,CB,OE1,3.8866894
tcr_18_4,C,A,L,E,1,87,CB,CD,4.2867537
tcr_18_4,C,A,L,Y,1,183,CB,CE2,4.9326982
tcr_18_4,C,A,L,Y,1,31,CB,OH,4.9420686
tcr_18_4,C,A,L,E,1,87,CB,OE2,4.0982676
tcr_18_4,C,A,L,Y,1,183,CB,OH,5.1690855
tcr_18_4,C,A,L,Y,1,31,CB,CD2,6.918492
tcr_18_4,C,A,L,F,1,123,CB,CE2,7.702301
tcr_18_4,C,A,L,Y,1,31,CB,CE1,6.833895
tcr_18_4,C,A,L,F,1,123,CB,CZ,8.072556
tcr_18_4,C,A,L,Y,1,31,CB,CG,7.8501225
tcr_18_4,C,A,L,Y,1,91,CB,CZ,8.297051
tcr_18_4,C,A,L,Y,1,31,CB,CD1,7.8117824
tcr_18_4,C,A,L,F,1,123,CB,CE1,9.459883
tcr_18_4,C,A,L,Y,1,91,CB,CE1,8.781783
tcr_18_4,C,A,L,Y,1,31,CB,CB,9.141196
tcr_18_4,C,A,L,Y,1,91,CB,CD1,9.683839
tcr_18_4,C,A,L,F,1,123,CB,CD2,8.823361
tcr_18_4,C,A,L,Y,1,183,CB,CZ,5.596659
tcr_18_4,C,A,L,Y,1,183,CB,CD1,7.7110796
tcr_18_4,C,A,L,Y,1,183,CB,CE1,6.994129
tcr_18_4,C,A,L,Y,1,183,CB,CG,7.2538905
tcr_18_4,C,A,L,K,1,90,CB,CB,7.8257985
tcr_18_4,C,A,L,K,1,90,CB,N,9.757978
tcr_18_4,C,A,L,R,1,86,CB,O,8.26961
tcr_18_4,C,A,L,K,1,90,CB,CA,9.332218
tcr_18_4,C,A,L,E,1,87,CB,O,8.700593
tcr_18_4,C,A,L,K,1,90,CB,CG,7.1844325
tcr_18_4,C,A,L,K,1,90,CB,CE,5.1892633
tcr_18_4,C,A,L,K,1,90,CB,CD,5.671152
tcr_18_4,C,A,L,E,1,79,CG,CB,8.766062
tcr_18_4,C,A,L,R,1,194,CG,NH1,9.265623
tcr_18_4,C,A,L,R,1,194,CG,CB,8.443107
tcr_18_4,C,A,L,R,1,194,CG,CA,9.684238
tcr_18_4,C,A,L,R,1,194,CG,CG,8.5501375
tcr_18_4,C,A,L,R,1,194,CG,CD,7.482547
tcr_18_4,C,A,L,R,1,194,CG,NE,7.8831983
tcr_18_4,C,A,L,R,1,194,CG,CZ,8.694592
tcr_18_4,C,A,L,R,1,194,CG,NH2,9.162688
tcr_18_4,C,A,L,R,1,86,CG,NH2,8.134188
tcr_18_4,C,A,L,R,1,86,CG,CZ,7.7858233
tcr_18_4,C,A,L,R,1,194,CG,C,9.944929
tcr_18_4,C,A,L,Y,1,195,CG,CA,9.9271555
tcr_18_4,C,A,L,Y,1,195,CG,N,9.397811
tcr_18_4,C,A,L,Y,1,195,CG,CD1,7.4422374
tcr_18_4,C,A,L,Y,1,195,CG,CB,9.268997
tcr_18_4,C,A,L,Y,1,195,CG,CG,7.8429046
tcr_18_4,C,A,L,E,1,79,CG,OE2,7.9134502
tcr_18_4,C,A,L,W,1,191,CG,CE3,3.8990726
tcr_18_4,C,A,L,Y,1,195,CG,CE1,6.2482777
tcr_18_4,C,A,L,W,1,191,CG,CZ3,4.3293514
tcr_18_4,C,A,L,E,1,79,CG,CD,7.9180117
tcr_18_4,C,A,L,E,1,79,CG,CG,8.160465
tcr_18_4,C,A,L,E,1,79,CG,OE1,8.020297
tcr_18_4,C,A,L,W,1,191,CG,CH2,4.3308496
tcr_18_4,C,A,L,Y,1,83,CG,CE2,4.395108
tcr_18_4,C,A,L,Y,1,83,CG,CD2,5.0312486
tcr_18_4,C,A,L,Y,1,83,CG,CG,6.269112
tcr_18_4,C,A,L,Y,1,83,CG,CB,7.2357244
tcr_18_4,C,A,L,Y,1,83,CG,CA,7.4344497
tcr_18_4,C,A,L,Y,1,83,CG,N,8.709652
tcr_18_4,C,A,L,E,1,82,CG,C,9.293224
tcr_18_4,C,A,L,E,1,82,CG,O,8.831196
tcr_18_4,C,A,L,R,1,86,CG,NE,7.7647085
tcr_18_4,C,A,L,R,1,86,CG,CG,8.447367
tcr_18_4,C,A,L,Y,1,195,CG,CD2,7.132501
tcr_18_4,C,A,L,F,1,57,CG,CE1,9.248502
tcr_18_4,C,A,L,F,1,57,CG,CZ,7.9281197
tcr_18_4,C,A,L,Y,1,195,CG,CE2,5.8771772
tcr_18_4,C,A,L,F,1,57,CG,CD2,8.875014
tcr_18_4,C,A,L,F,1,57,CG,CE2,7.715293
tcr_18_4,C,A,L,Y,1,195,CG,OH,4.2943306
tcr_18_4,C,A,L,Y,1,83,CG,OH,5.2115893
tcr_18_4,C,A,L,Y,1,195,CG,CZ,5.351094
tcr_18_4,C,A,L,V,1,76,CG,CG2,8.731225
tcr_18_4,C,A,L,W,1,84,CG,CZ3,9.798593
tcr_18_4,C,A,L,Y,1,83,CG,CZ,5.2204742
tcr_18_4,C,A,L,Y,1,83,CG,CE1,6.419302
tcr_18_4,C,A,L,E,1,87,CG,CG,5.4618716
tcr_18_4,C,A,L,W,1,84,CG,CE3,9.899891
tcr_18_4,C,A,L,Y,1,83,CG,CD1,6.8663015
tcr_18_4,C,A,L,E,1,87,CG,CB,6.8985877
tcr_18_4,C,A,L,E,1,87,CG,C,8.763037
tcr_18_4,C,A,L,Y,1,83,CG,O,7.1552677
tcr_18_4,C,A,L,E,1,87,CG,N,7.391741
tcr_18_4,C,A,L,Y,1,83,CG,C,7.721727
tcr_18_4,C,A,L,E,1,87,CG,CA,7.3109193
tcr_18_4,C,A,L,W,1,84,CG,CA,9.534928
tcr_18_4,C,A,L,W,1,84,CG,N,8.880654
tcr_18_4,C,A,L,T,1,88,CG,N,9.754584
tcr_18_4,C,A,L,R,1,86,CG,C,7.924633
tcr_18_4,C,A,L,R,1,86,CG,N,9.227658
tcr_18_4,C,A,L,R,1,86,CG,CB,7.4770865
tcr_18_4,C,A,L,R,1,86,CG,CA,8.440346
tcr_18_4,C,A,L,V,1,58,CG,CG1,9.38866
tcr_18_4,C,A,L,V,1,58,CG,CB,9.838205
tcr_18_4,C,A,L,Y,1,91,CG,CE2,9.395903
tcr_18_4,C,A,L,V,1,58,CG,CG2,9.742367
tcr_18_4,C,A,L,Y,1,91,CG,OH,8.380223
tcr_18_4,C,A,L,E,1,190,CG,CB,8.2881
tcr_18_4,C,A,L,E,1,190,CG,OE2,8.635027
tcr_18_4,C,A,L,E,1,190,CG,CD,9.593932
tcr_18_4,C,A,L,E,1,190,CG,CG,9.562588
tcr_18_4,C,A,L,L,1,192,CG,C,9.900211
tcr_18_4,C,A,L,L,1,192,CG,N,7.712034
tcr_18_4,C,A,L,L,1,192,CG,CB,9.71356
tcr_18_4,C,A,L,R,1,194,CG,N,9.80891
tcr_18_4,C,A,L,L,1,192,CG,CA,8.925642
tcr_18_4,C,A,L,V,1,189,CG,O,9.928268
tcr_18_4,C,A,L,C,1,188,CG,O,7.9036384
tcr_18_4,C,A,L,W,1,191,CG,O,7.29281
tcr_18_4,C,A,L,V,1,189,CG,C,9.523702
tcr_18_4,C,A,L,W,1,191,CG,CB,4.5289917
tcr_18_4,C,A,L,W,1,191,CG,CA,5.958191
tcr_18_4,C,A,L,W,1,191,CG,C,6.935369
tcr_18_4,C,A,L,E,1,190,CG,N,8.861936
tcr_18_4,C,A,L,W,1,191,CG,N,6.6356196
tcr_18_4,C,A,L,E,1,190,CG,CA,8.635924
tcr_18_4,C,A,L,E,1,190,CG,O,8.330582
tcr_18_4,C,A,L,E,1,190,CG,C,7.7704887
tcr_18_4,C,A,L,C,1,188,CG,CA,7.446207
tcr_18_4,C,A,L,C,1,188,CG,C,8.106193
tcr_18_4,C,A,L,V,1,189,CG,N,9.091674
tcr_18_4,C,A,L,C,1,188,CG,N,7.176185
tcr_18_4,C,A,L,C,1,188,CG,CB,8.570062
tcr_18_4,C,A,L,G,1,186,CG,O,9.013882
tcr_18_4,C,A,L,G,1,186,CG,C,9.098733
tcr_18_4,C,A,L,W,1,191,CG,NE1,3.6316745
tcr_18_4,C,A,L,W,1,191,CG,CE2,3.394568
tcr_18_4,C,A,L,R,1,86,CG,NH1,7.806179
tcr_18_4,C,A,L,W,1,191,CG,CZ2,3.9021442
tcr_18_4,C,A,L,W,1,191,CG,CD2,3.400141
tcr_18_4,C,A,L,W,1,191,CG,CG,3.6722305
tcr_18_4,C,A,L,R,1,86,CG,CD,7.9176855
tcr_18_4,C,A,L,T,1,187,CG,CG2,4.5227776
tcr_18_4,C,A,L,K,1,90,CG,NZ,4.1717997
tcr_18_4,C,A,L,W,1,191,CG,CD1,3.8014421
tcr_18_4,C,A,L,T,1,187,CG,O,5.844748
tcr_18_4,C,A,L,T,1,187,CG,C,6.4193015
tcr_18_4,C,A,L,Y,1,183,CG,CB,9.490293
tcr_18_4,C,A,L,Y,1,183,CG,CD2,7.096438
tcr_18_4,C,A,L,T,1,187,CG,CA,6.6810493
tcr_18_4,C,A,L,T,1,187,CG,CB,6.033449
tcr_18_4,C,A,L,Y,1,183,CG,C,9.888569
tcr_18_4,C,A,L,Y,1,183,CG,CA,9.754957
tcr_18_4,C,A,L,T,1,187,CG,OG1,6.7410936
tcr_18_4,C,A,L,T,1,187,CG,N,8.1285305
tcr_18_4,C,A,L,Y,1,183,CG,O,9.152152
tcr_18_4,C,A,L,M,1,29,CG,CB,9.932606
tcr_18_4,C,A,L,M,1,29,CG,SD,7.211623
tcr_18_4,C,A,L,M,1,29,CG,CE,6.8801208
tcr_18_4,C,A,L,M,1,29,CG,CG,8.917236
tcr_18_4,C,A,L,C,1,188,CG,SG,9.23097
tcr_18_4,C,A,L,Y,1,31,CG,CZ,6.838358
tcr_18_4,C,A,L,Y,1,31,CG,CE2,7.030848
tcr_18_4,C,A,L,E,1,87,CG,OE1,3.9787328
tcr_18_4,C,A,L,E,1,87,CG,CD,4.4814444
tcr_18_4,C,A,L,Y,1,183,CG,CE2,6.249355
tcr_18_4,C,A,L,Y,1,31,CG,OH,5.839482
tcr_18_4,C,A,L,E,1,87,CG,OE2,4.654061
tcr_18_4,C,A,L,Y,1,183,CG,OH,6.6105638
tcr_18_4,C,A,L,Y,1,31,CG,CD2,8.253506
tcr_18_4,C,A,L,F,1,123,CG,CE2,9.230427
tcr_18_4,C,A,L,Y,1,31,CG,CE1,7.9249654
tcr_18_4,C,A,L,F,1,123,CG,CZ,9.5923395
tcr_18_4,C,A,L,Y,1,31,CG,CG,9.172065
tcr_18_4,C,A,L,Y,1,91,CG,CZ,9.075917
tcr_18_4,C,A,L,Y,1,31,CG,CD1,9.023848
tcr_18_4,C,A,L,Y,1,91,CG,CE1,9.728768
tcr_18_4,C,A,L,Y,1,183,CG,CZ,6.9956784
tcr_18_4,C,A,L,Y,1,183,CG,CD1,9.013615
tcr_18_4,C,A,L,Y,1,183,CG,CE1,8.370925
tcr_18_4,C,A,L,Y,1,183,CG,CG,8.456665
tcr_18_4,C,A,L,K,1,90,CG,CB,8.555169
tcr_18_4,C,A,L,R,1,86,CG,O,8.318838
tcr_18_4,C,A,L,E,1,87,CG,O,9.126045
tcr_18_4,C,A,L,K,1,90,CG,CG,7.7833967
tcr_18_4,C,A,L,K,1,90,CG,CE,5.6165137
tcr_18_4,C,A,L,K,1,90,CG,CD,6.3355303
tcr_18_4,C,A,L,E,1,79,CD1,CB,9.533374
tcr_18_4,C,A,L,R,1,194,CD1,NH1,9.264442
tcr_18_4,C,A,L,R,1,194,CD1,CB,8.86852
tcr_18_4,C,A,L,R,1,194,CD1,CG,8.993883
tcr_18_4,C,A,L,R,1,194,CD1,CD,7.8096895
tcr_18_4,C,A,L,R,1,194,CD1,NE,8.22564
tcr_18_4,C,A,L,R,1,194,CD1,CZ,8.875547
tcr_18_4,C,A,L,R,1,194,CD1,NH2,9.381339
tcr_18_4,C,A,L,R,1,86,CD1,NH2,7.468592
tcr_18_4,C,A,L,R,1,86,CD1,CZ,7.0141087
tcr_18_4,C,A,L,Y,1,195,CD1,CD1,8.609861
tcr_18_4,C,A,L,Y,1,195,CD1,CG,9.032456
tcr_18_4,C,A,L,E,1,79,CD1,OE2,8.385197
tcr_18_4,C,A,L,W,1,191,CD1,CE3,4.575642
tcr_18_4,C,A,L,Y,1,195,CD1,CE1,7.469159
tcr_18_4,C,A,L,W,1,191,CD1,CZ3,4.8764257
tcr_18_4,C,A,L,E,1,79,CD1,CD,8.593138
tcr_18_4,C,A,L,E,1,79,CD1,CG,9.014046
tcr_18_4,C,A,L,E,1,79,CD1,OE1,8.722688
tcr_18_4,C,A,L,W,1,191,CD1,CH2,4.460372
tcr_18_4,C,A,L,Y,1,83,CD1,CE2,5.41174
tcr_18_4,C,A,L,Y,1,83,CD1,CD2,5.726446
tcr_18_4,C,A,L,Y,1,83,CD1,CG,6.9423738
tcr_18_4,C,A,L,Y,1,83,CD1,CB,7.6525226
tcr_18_4,C,A,L,Y,1,83,CD1,CA,7.68188
tcr_18_4,C,A,L,Y,1,83,CD1,N,8.8091545
tcr_18_4,C,A,L,E,1,82,CD1,C,9.241048
tcr_18_4,C,A,L,E,1,82,CD1,O,8.69905
tcr_18_4,C,A,L,R,1,86,CD1,NE,7.130929
tcr_18_4,C,A,L,R,1,86,CD1,CG,7.9487395
tcr_18_4,C,A,L,Y,1,195,CD1,CD2,8.3819275
tcr_18_4,C,A,L,F,1,57,CD1,CZ,9.432832
tcr_18_4,C,A,L,Y,1,195,CD1,CE2,7.20744
tcr_18_4,C,A,L,F,1,57,CD1,CE2,9.241799
tcr_18_4,C,A,L,Y,1,195,CD1,OH,5.7121277
tcr_18_4,C,A,L,Y,1,83,CD1,OH,6.5958676
tcr_18_4,C,A,L,Y,1,195,CD1,CZ,6.6881566
tcr_18_4,C,A,L,Y,1,83,CD1,CZ,6.4155154
tcr_18_4,C,A,L,Y,1,83,CD1,CE1,7.520033
tcr_18_4,C,A,L,E,1,87,CD1,CG,6.331054
tcr_18_4,C,A,L,Y,1,83,CD1,CD1,7.74513
tcr_18_4,C,A,L,E,1,87,CD1,CB,7.6884556
tcr_18_4,C,A,L,E,1,87,CD1,C,9.302236
tcr_18_4,C,A,L,Y,1,83,CD1,O,7.5519595
tcr_18_4,C,A,L,E,1,87,CD1,N,7.7134633
tcr_18_4,C,A,L,Y,1,83,CD1,C,8.125857
tcr_18_4,C,A,L,E,1,87,CD1,CA,7.8447328
tcr_18_4,C,A,L,W,1,84,CD1,N,9.377044
tcr_18_4,C,A,L,R,1,86,CD1,C,8.01277
tcr_18_4,C,A,L,R,1,86,CD1,N,9.238149
tcr_18_4,C,A,L,R,1,86,CD1,CB,7.203827
tcr_18_4,C,A,L,R,1,86,CD1,CA,8.339863
tcr_18_4,C,A,L,Y,1,91,CD1,OH,9.593013
tcr_18_4,C,A,L,E,1,190,CD1,CB,7.890568
tcr_18_4,C,A,L,E,1,190,CD1,OE2,7.76559
tcr_18_4,C,A,L,E,1,190,CD1,OE1,9.902833
tcr_18_4,C,A,L,E,1,190,CD1,CD,8.82217
tcr_18_4,C,A,L,E,1,190,CD1,CG,9.019869
tcr_18_4,C,A,L,L,1,192,CD1,N,8.3858385
tcr_18_4,C,A,L,L,1,192,CD1,CA,9.710705
tcr_18_4,C,A,L,C,1,188,CD1,O,8.35285
tcr_18_4,C,A,L,W,1,191,CD1,O,8.078537
tcr_18_4,C,A,L,V,1,189,CD1,C,9.62407
tcr_18_4,C,A,L,W,1,191,CD1,CB,5.1024594
tcr_18_4,C,A,L,W,1,191,CD1,CA,6.4118395
tcr_18_4,C,A,L,W,1,191,CD1,C,7.6115165
tcr_18_4,C,A,L,E,1,190,CD1,N,8.786161
tcr_18_4,C,A,L,W,1,191,CD1,N,6.8189397
tcr_18_4,C,A,L,E,1,190,CD1,CA,8.500631
tcr_18_4,C,A,L,E,1,190,CD1,O,8.467284
tcr_18_4,C,A,L,E,1,190,CD1,C,7.835211
tcr_18_4,C,A,L,C,1,188,CD1,CA,7.678681
tcr_18_4,C,A,L,C,1,188,CD1,C,8.379211
tcr_18_4,C,A,L,V,1,189,CD1,N,9.20447
tcr_18_4,C,A,L,C,1,188,CD1,N,7.11774
tcr_18_4,C,A,L,G,1,186,CD1,CA,9.881872
tcr_18_4,C,A,L,C,1,188,CD1,CB,8.838639
tcr_18_4,C,A,L,G,1,186,CD1,O,8.599402
tcr_18_4,C,A,L,G,1,186,CD1,C,8.550676
tcr_18_4,C,A,L,W,1,191,CD1,NE1,3.0444148
tcr_18_4,C,A,L,W,1,191,CD1,CE2,3.1768904
tcr_18_4,C,A,L,R,1,86,CD1,NH1,6.813407
tcr_18_4,C,A,L,W,1,191,CD1,CZ2,3.6167839
tcr_18_4,C,A,L,W,1,191,CD1,CD2,3.7511346
tcr_18_4,C,A,L,W,1,191,CD1,CG,3.9618428
tcr_18_4,C,A,L,R,1,86,CD1,CD,7.211193
tcr_18_4,C,A,L,T,1,187,CD1,CG2,3.8410208
tcr_18_4,C,A,L,K,1,90,CD1,NZ,3.9688468
tcr_18_4,C,A,L,W,1,191,CD1,CD1,3.5649588
tcr_18_4,C,A,L,T,1,187,CD1,O,5.78091
tcr_18_4,C,A,L,T,1,187,CD1,C,6.2107725
tcr_18_4,C,A,L,Y,1,183,CD1,CB,9.110751
tcr_18_4,C,A,L,Y,1,183,CD1,CD2,6.9026175
tcr_18_4,C,A,L,T,1,187,CD1,CA,6.1194386
tcr_18_4,C,A,L,T,1,187,CD1,CB,5.3550735
tcr_18_4,C,A,L,Y,1,183,CD1,C,9.571396
tcr_18_4,C,A,L,Y,1,183,CD1,CA,9.2722435
tcr_18_4,C,A,L,T,1,187,CD1,OG1,5.789982
tcr_18_4,C,A,L,T,1,187,CD1,N,7.5120378
tcr_18_4,C,A,L,Y,1,183,CD1,O,8.87069
tcr_18_4,C,A,L,M,1,29,CD1,SD,8.388501
tcr_18_4,C,A,L,M,1,29,CD1,CE,7.834678
tcr_18_4,C,A,L,C,1,188,CD1,SG,9.765355
tcr_18_4,C,A,L,Y,1,31,CD1,CZ,8.17172
tcr_18_4,C,A,L,Y,1,31,CD1,CE2,8.258658
tcr_18_4,C,A,L,E,1,87,CD1,OE1,4.520391
tcr_18_4,C,A,L,E,1,87,CD1,CD,5.3380475
tcr_18_4,C,A,L,Y,1,183,CD1,CE2,6.334449
tcr_18_4,C,A,L,Y,1,31,CD1,OH,7.262698
tcr_18_4,C,A,L,E,1,87,CD1,OE2,5.6892314
tcr_18_4,C,A,L,Y,1,183,CD1,OH,7.2155104
tcr_18_4,C,A,L,Y,1,31,CD1,CD2,9.393587
tcr_18_4,C,A,L,F,1,123,CD1,CE2,9.90557
tcr_18_4,C,A,L,Y,1,31,CD1,CE1,9.242218
tcr_18_4,C,A,L,Y,1,183,CD1,CZ,7.3213367
tcr_18_4,C,A,L,Y,1,183,CD1,CD1,9.051017
tcr_18_4,C,A,L,Y,1,183,CD1,CE1,8.633597
tcr_18_4,C,A,L,Y,1,183,CD1,CG,8.280528
tcr_18_4,C,A,L,K,1,90,CD1,CB,8.743724
tcr_18_4,C,A,L,R,1,86,CD1,O,8.359555
tcr_18_4,C,A,L,E,1,87,CD1,O,9.666195
tcr_18_4,C,A,L,K,1,90,CD1,CG,7.741984
tcr_18_4,C,A,L,K,1,90,CD1,CE,5.33435
tcr_18_4,C,A,L,K,1,90,CD1,CD,6.3661394
tcr_18_4,C,A,L,E,1,79,CD2,CB,7.6442294
tcr_18_4,C,A,L,E,1,79,CD2,CA,9.018168
tcr_18_4,C,A,L,V,1,76,CD2,CB,9.456106
tcr_18_4,C,A,L,V,1,76,CD2,O,9.66203
tcr_18_4,C,A,L,W,1,84,CD2,CZ2,9.088054
tcr_18_4,C,A,L,W,1,84,CD2,CD2,8.790767
tcr_18_4,C,A,L,E,1,79,CD2,C,9.569372
tcr_18_4,C,A,L,W,1,84,CD2,NE1,9.589822
tcr_18_4,C,A,L,G,1,80,CD2,N,9.609181
tcr_18_4,C,A,L,W,1,84,CD2,CE2,9.079743
tcr_18_4,C,A,L,G,1,80,CD2,O,9.068641
tcr_18_4,C,A,L,W,1,84,CD2,CG,9.163186
tcr_18_4,C,A,L,W,1,84,CD2,CD1,9.626922
tcr_18_4,C,A,L,W,1,84,CD2,CB,9.27607
tcr_18_4,C,A,L,W,1,84,CD2,CH2,8.805335
tcr_18_4,C,A,L,R,1,194,CD2,NH1,9.243484
tcr_18_4,C,A,L,R,1,194,CD2,CB,8.969898
tcr_18_4,C,A,L,R,1,194,CD2,CG,8.827232
tcr_18_4,C,A,L,R,1,194,CD2,CD,7.680486
tcr_18_4,C,A,L,R,1,194,CD2,NE,7.8026075
tcr_18_4,C,A,L,R,1,194,CD2,CZ,8.535053
tcr_18_4,C,A,L,R,1,194,CD2,NH2,8.790864
tcr_18_4,C,A,L,R,1,86,CD2,NH2,7.295736
tcr_18_4,C,A,L,R,1,86,CD2,CZ,6.998036
tcr_18_4,C,A,L,Y,1,195,CD2,N,9.829579
tcr_18_4,C,A,L,Y,1,195,CD2,CD1,7.4780345
tcr_18_4,C,A,L,Y,1,195,CD2,CB,9.576204
tcr_18_4,C,A,L,Y,1,195,CD2,CG,8.088348
tcr_18_4,C,A,L,E,1,79,CD2,OE2,7.132772
tcr_18_4,C,A,L,W,1,191,CD2,CE3,4.1841927
tcr_18_4,C,A,L,Y,1,195,CD2,CE1,6.1500854
tcr_18_4,C,A,L,W,1,191,CD2,CZ3,4.1701403
tcr_18_4,C,A,L,E,1,79,CD2,CD,7.17142
tcr_18_4,C,A,L,E,1,79,CD2,CG,7.23456
tcr_18_4,C,A,L,E,1,79,CD2,OE1,7.487401
tcr_18_4,C,A,L,W,1,191,CD2,CH2,4.1162767
tcr_18_4,C,A,L,Y,1,83,CD2,CE2,3.2132955
tcr_18_4,C,A,L,Y,1,83,CD2,CD2,3.734416
tcr_18_4,C,A,L,Y,1,83,CD2,CG,4.8630586
tcr_18_4,C,A,L,Y,1,83,CD2,CB,5.8433356
tcr_18_4,C,A,L,Y,1,83,CD2,CA,5.998561
tcr_18_4,C,A,L,Y,1,83,CD2,N,7.3235307
tcr_18_4,C,A,L,E,1,82,CD2,C,7.941644
tcr_18_4,C,A,L,E,1,82,CD2,O,7.513819
tcr_18_4,C,A,L,R,1,86,CD2,NE,6.8280907
tcr_18_4,C,A,L,E,1,82,CD2,CA,9.434792
tcr_18_4,C,A,L,E,1,82,CD2,CB,9.676482
tcr_18_4,C,A,L,R,1,86,CD2,CG,7.448769
tcr_18_4,C,A,L,F,1,57,CD2,CG,9.795046
tcr_18_4,C,A,L,Y,1,195,CD2,CD2,7.508551
tcr_18_4,C,A,L,F,1,57,CD2,CE1,9.280012
tcr_18_4,C,A,L,F,1,57,CD2,CZ,7.896099
tcr_18_4,C,A,L,Y,1,195,CD2,CE2,6.1901207
tcr_18_4,C,A,L,F,1,57,CD2,CD2,8.494126
tcr_18_4,C,A,L,F,1,57,CD2,CE2,7.443996
tcr_18_4,C,A,L,Y,1,195,CD2,OH,4.1421084
tcr_18_4,C,A,L,Y,1,83,CD2,OH,4.3086576
tcr_18_4,C,A,L,Y,1,195,CD2,CZ,5.3893204
tcr_18_4,C,A,L,V,1,76,CD2,CG2,7.940004
tcr_18_4,C,A,L,W,1,84,CD2,CZ3,8.525766
tcr_18_4,C,A,L,Y,1,83,CD2,CZ,4.044289
tcr_18_4,C,A,L,Y,1,83,CD2,CE1,5.102783
tcr_18_4,C,A,L,E,1,87,CD2,CG,4.1680617
tcr_18_4,C,A,L,W,1,84,CD2,CE3,8.514746
tcr_18_4,C,A,L,Y,1,83,CD2,CD1,5.442455
tcr_18_4,C,A,L,W,1,84,CD2,C,8.553505
tcr_18_4,C,A,L,E,1,87,CD2,CB,5.65388
tcr_18_4,C,A,L,E,1,87,CD2,C,7.655496
tcr_18_4,C,A,L,Y,1,83,CD2,O,5.6652513
tcr_18_4,C,A,L,E,1,87,CD2,N,6.147764
tcr_18_4,C,A,L,Y,1,83,CD2,C,6.213651
tcr_18_4,C,A,L,E,1,87,CD2,CA,6.155623
tcr_18_4,C,A,L,W,1,84,CD2,CA,8.015047
tcr_18_4,C,A,L,W,1,84,CD2,N,7.358484
tcr_18_4,C,A,L,W,1,84,CD2,O,8.702555
tcr_18_4,C,A,L,T,1,88,CD2,N,8.541965
tcr_18_4,C,A,L,R,1,86,CD2,C,6.796552
tcr_18_4,C,A,L,D,1,85,CD2,CA,9.808968
tcr_18_4,C,A,L,D,1,85,CD2,O,9.559881
tcr_18_4,C,A,L,D,1,85,CD2,N,9.08026
tcr_18_4,C,A,L,R,1,86,CD2,N,7.930199
tcr_18_4,C,A,L,D,1,85,CD2,C,9.032586
tcr_18_4,C,A,L,R,1,86,CD2,CB,6.378529
tcr_18_4,C,A,L,R,1,86,CD2,CA,7.280088
tcr_18_4,C,A,L,V,1,58,CD2,CG1,8.842193
tcr_18_4,C,A,L,V,1,58,CD2,CB,9.102456
tcr_18_4,C,A,L,Y,1,91,CD2,CE2,8.502194
tcr_18_4,C,A,L,V,1,58,CD2,CG2,8.835346
tcr_18_4,C,A,L,Y,1,91,CD2,OH,7.731685
tcr_18_4,C,A,L,Y,1,91,CD2,CD2,9.406247
tcr_18_4,C,A,L,T,1,88,CD2,CA,9.982452
tcr_18_4,C,A,L,E,1,190,CD2,CB,9.597155
tcr_18_4,C,A,L,E,1,190,CD2,OE2,9.887259
tcr_18_4,C,A,L,L,1,192,CD2,N,8.774384
tcr_18_4,C,A,L,L,1,192,CD2,CA,9.896376
tcr_18_4,C,A,L,C,1,188,CD2,O,9.237002
tcr_18_4,C,A,L,W,1,191,CD2,O,8.059951
tcr_18_4,C,A,L,W,1,191,CD2,CB,5.6668916
tcr_18_4,C,A,L,W,1,191,CD2,CA,7.0341234
tcr_18_4,C,A,L,W,1,191,CD2,C,7.9011793
tcr_18_4,C,A,L,W,1,191,CD2,N,7.8728156
tcr_18_4,C,A,L,E,1,190,CD2,CA,9.936243
tcr_18_4,C,A,L,E,1,190,CD2,O,9.393524
tcr_18_4,C,A,L,E,1,190,CD2,C,8.967677
tcr_18_4,C,A,L,C,1,188,CD2,CA,8.886918
tcr_18_4,C,A,L,C,1,188,CD2,C,9.524857
tcr_18_4,C,A,L,C,1,188,CD2,N,8.680696
tcr_18_4,C,A,L,C,1,188,CD2,CB,9.969708
tcr_18_4,C,A,L,W,1,191,CD2,NE1,4.6689744
tcr_18_4,C,A,L,W,1,191,CD2,CE2,4.067627
tcr_18_4,C,A,L,R,1,86,CD2,NH1,7.252406
tcr_18_4,C,A,L,W,1,191,CD2,CZ2,4.0725355
tcr_18_4,C,A,L,W,1,191,CD2,CD2,4.1371284
tcr_18_4,C,A,L,W,1,191,CD2,CG,4.805652
tcr_18_4,C,A,L,R,1,86,CD2,CD,7.06964
tcr_18_4,C,A,L,T,1,187,CD2,CG2,5.9666295
tcr_18_4,C,A,L,K,1,90,CD2,NZ,4.1380525
tcr_18_4,C,A,L,W,1,191,CD2,CD1,5.07892
tcr_18_4,C,A,L,T,1,187,CD2,O,7.3395376
tcr_18_4,C,A,L,T,1,187,CD2,C,7.943483
tcr_18_4,C,A,L,Y,1,183,CD2,CD2,8.316139
tcr_18_4,C,A,L,T,1,187,CD2,CA,8.188719
tcr_18_4,C,A,L,T,1,187,CD2,CB,7.4903765
tcr_18_4,C,A,L,T,1,187,CD2,OG1,8.10446
tcr_18_4,C,A,L,T,1,187,CD2,N,9.630743
tcr_18_4,C,A,L,M,1,29,CD2,SD,7.9901166
tcr_18_4,C,A,L,M,1,29,CD2,CE,7.910855
tcr_18_4,C,A,L,M,1,29,CD2,CG,9.648355
tcr_18_4,C,A,L,Y,1,31,CD2,CZ,6.961641
tcr_18_4,C,A,L,Y,1,31,CD2,CE2,7.445118
tcr_18_4,C,A,L,E,1,87,CD2,OE1,3.061918
tcr_18_4,C,A,L,E,1,87,CD2,CD,3.4682057
tcr_18_4,C,A,L,Y,1,183,CD2,CE2,7.433087
tcr_18_4,C,A,L,Y,1,31,CD2,OH,5.8372335
tcr_18_4,C,A,L,E,1,87,CD2,OE2,3.9363596
tcr_18_4,C,A,L,Y,1,183,CD2,OH,7.6465387
tcr_18_4,C,A,L,Y,1,31,CD2,CD2,8.709714
tcr_18_4,C,A,L,F,1,123,CD2,CE2,9.949413
tcr_18_4,C,A,L,Y,1,31,CD2,CE1,7.873343
tcr_18_4,C,A,L,Y,1,31,CD2,CG,9.45273
tcr_18_4,C,A,L,Y,1,91,CD2,CZ,8.374366
tcr_18_4,C,A,L,Y,1,31,CD2,CD1,9.076578
tcr_18_4,C,A,L,Y,1,91,CD2,CE1,9.183495
tcr_18_4,C,A,L,Y,1,183,CD2,CZ,8.1367035
tcr_18_4,C,A,L,Y,1,183,CD2,CE1,9.537959
tcr_18_4,C,A,L,Y,1,183,CD2,CG,9.693567
tcr_18_4,C,A,L,K,1,90,CD2,CB,8.092989
tcr_18_4,C,A,L,K,1,90,CD2,N,9.504876
tcr_18_4,C,A,L,R,1,86,CD2,O,7.3455653
tcr_18_4,C,A,L,K,1,90,CD2,CA,9.465689
tcr_18_4,C,A,L,E,1,87,CD2,O,8.168567
tcr_18_4,C,A,L,K,1,90,CD2,CG,7.3898063
tcr_18_4,C,A,L,K,1,90,CD2,CE,5.425861
tcr_18_4,C,A,L,K,1,90,CD2,CD,6.0497265
tcr_18_4,C,A,F,W,2,84,N,CH2,9.874513
tcr_18_4,C,A,F,Y,2,195,N,CD1,9.356807
tcr_18_4,C,A,F,Y,2,195,N,CG,9.356721
tcr_18_4,C,A,F,W,2,191,N,CE3,7.687286
tcr_18_4,C,A,F,Y,2,195,N,CE1,8.247288
tcr_18_4,C,A,F,W,2,191,N,CZ3,8.260774
tcr_18_4,C,A,F,W,2,191,N,CH2,8.6255455
tcr_18_4,C,A,F,Y,2,83,N,CE2,6.765497
tcr_18_4,C,A,F,Y,2,83,N,CD2,7.7348804
tcr_18_4,C,A,F,Y,2,83,N,CG,8.476792
tcr_18_4,C,A,F,Y,2,83,N,CB,9.676967
tcr_18_4,C,A,F,Y,2,83,N,CA,9.612878
tcr_18_4,C,A,F,R,2,86,N,CG,9.980981
tcr_18_4,C,A,F,F,2,57,N,CG,9.058735
tcr_18_4,C,A,F,Y,2,195,N,CD2,8.213679
tcr_18_4,C,A,F,F,2,57,N,CE1,7.6942616
tcr_18_4,C,A,F,F,2,57,N,CZ,6.5128055
tcr_18_4,C,A,F,Y,2,195,N,CE2,6.9173436
tcr_18_4,C,A,F,F,2,57,N,CD2,8.074322
tcr_18_4,C,A,F,F,2,57,N,CE2,6.741739
tcr_18_4,C,A,F,Y,2,195,N,OH,5.8858852
tcr_18_4,C,A,F,Y,2,83,N,OH,5.9602294
tcr_18_4,C,A,F,Y,2,195,N,CZ,6.937043
tcr_18_4,C,A,F,V,2,76,N,CG2,9.632893
tcr_18_4,C,A,F,W,2,84,N,CZ3,9.267067
tcr_18_4,C,A,F,Y,2,83,N,CZ,6.598725
tcr_18_4,C,A,F,Y,2,83,N,CE1,7.447772
tcr_18_4,C,A,F,E,2,87,N,CG,5.042181
tcr_18_4,C,A,F,W,2,84,N,CE3,9.591767
tcr_18_4,C,A,F,Y,2,83,N,CD1,8.339492
tcr_18_4,C,A,F,E,2,87,N,CB,5.7778187
tcr_18_4,C,A,F,E,2,87,N,C,7.0294356
tcr_18_4,C,A,F,Y,2,83,N,O,8.194409
tcr_18_4,C,A,F,E,2,87,N,N,7.050956
tcr_18_4,C,A,F,Y,2,83,N,C,9.132474
tcr_18_4,C,A,F,E,2,87,N,CA,6.1244974
tcr_18_4,C,A,F,W,2,84,N,CA,9.999524
tcr_18_4,C,A,F,W,2,84,N,O,9.773764
tcr_18_4,C,A,F,T,2,88,N,N,8.2948265
tcr_18_4,C,A,F,R,2,86,N,C,7.6755495
tcr_18_4,C,A,F,Q,2,89,N,N,9.798232
tcr_18_4,C,A,F,R,2,86,N,N,9.774317
tcr_18_4,C,A,F,R,2,86,N,CB,8.63526
tcr_18_4,C,A,F,R,2,86,N,CA,8.875275
tcr_18_4,C,A,F,V,2,58,N,CA,9.217885
tcr_18_4,C,A,F,F,2,57,N,CD1,8.8838625
tcr_18_4,C,A,F,V,2,58,N,N,9.6742325
tcr_18_4,C,A,F,V,2,58,N,CG1,6.7777486
tcr_18_4,C,A,F,V,2,58,N,CB,7.751129
tcr_18_4,C,A,F,G,2,50,N,C,9.043327
tcr_18_4,C,A,F,G,2,50,N,O,9.746243
tcr_18_4,C,A,F,V,2,58,N,C,9.659509
tcr_18_4,C,A,F,G,2,50,N,N,8.495982
tcr_18_4,C,A,F,V,2,58,N,O,9.814569
tcr_18_4,C,A,F,V,2,49,N,CA,9.803184
tcr_18_4,C,A,F,Y,2,91,N,CE2,6.3214374
tcr_18_4,C,A,F,V,2,58,N,CG2,7.6350684
tcr_18_4,C,A,F,Y,2,91,N,OH,4.9544663
tcr_18_4,C,A,F,G,2,69,N,CA,9.737051
tcr_18_4,C,A,F,Y,2,91,N,CD2,7.1867776
tcr_18_4,C,A,F,F,2,60,N,CB,9.962557
tcr_18_4,C,A,F,T,2,88,N,C,9.715001
tcr_18_4,C,A,F,T,2,88,N,CA,9.390226
tcr_18_4,C,A,F,L,2,192,N,N,9.461698
tcr_18_4,C,A,F,C,2,188,N,O,8.9102545
tcr_18_4,C,A,F,W,2,191,N,O,9.610209
tcr_18_4,C,A,F,W,2,191,N,CB,7.2913847
tcr_18_4,C,A,F,W,2,191,N,CA,8.773808
tcr_18_4,C,A,F,W,2,191,N,C,9.192848
tcr_18_4,C,A,F,W,2,191,N,N,9.440041
tcr_18_4,C,A,F,C,2,188,N,CA,7.9326034
tcr_18_4,C,A,F,C,2,188,N,C,9.025872
tcr_18_4,C,A,F,C,2,188,N,N,8.095918
tcr_18_4,C,A,F,C,2,188,N,CB,8.322097
tcr_18_4,C,A,F,W,2,191,N,NE1,7.9281945
tcr_18_4,C,A,F,W,2,191,N,CE2,7.885802
tcr_18_4,C,A,F,W,2,191,N,CZ2,8.460044
tcr_18_4,C,A,F,W,2,191,N,CD2,7.476982
tcr_18_4,C,A,F,W,2,191,N,CG,7.2784038
tcr_18_4,C,A,F,T,2,187,N,CG2,6.62241
tcr_18_4,C,A,F,K,2,90,N,NZ,4.2051387
tcr_18_4,C,A,F,W,2,191,N,CD1,7.581869
tcr_18_4,C,A,F,T,2,187,N,O,7.91813
tcr_18_4,C,A,F,T,2,187,N,C,8.079777
tcr_18_4,C,A,F,Y,2,183,N,CB,8.679931
tcr_18_4,C,A,F,Y,2,183,N,CD2,6.236549
tcr_18_4,C,A,F,T,2,187,N,CA,8.658367
tcr_18_4,C,A,F,T,2,187,N,CB,7.7273607
tcr_18_4,C,A,F,Y,2,183,N,C,9.690842
tcr_18_4,C,A,F,Y,2,183,N,CA,9.568478
tcr_18_4,C,A,F,T,2,187,N,OG1,8.605028
tcr_18_4,C,A,F,T,2,187,N,N,9.863307
tcr_18_4,C,A,F,Y,2,183,N,O,9.336355
tcr_18_4,C,A,F,M,2,29,N,CA,9.9575
tcr_18_4,C,A,F,R,2,30,N,N,9.481412
tcr_18_4,C,A,F,M,2,29,N,CB,8.906507
tcr_18_4,C,A,F,M,2,29,N,SD,6.5756617
tcr_18_4,C,A,F,M,2,29,N,CE,6.1844254
tcr_18_4,C,A,F,Y,2,51,N,O,9.70591
tcr_18_4,C,A,F,M,2,29,N,O,9.941544
tcr_18_4,C,A,F,M,2,29,N,CG,7.615342
tcr_18_4,C,A,F,M,2,29,N,C,9.706867
tcr_18_4,C,A,F,R,2,30,N,CA,9.474518
tcr_18_4,C,A,F,R,2,30,N,C,8.553088
tcr_18_4,C,A,F,Y,2,51,N,N,9.380721
tcr_18_4,C,A,F,Y,2,31,N,CA,7.705435
tcr_18_4,C,A,F,R,2,30,N,O,8.588458
tcr_18_4,C,A,F,G,2,50,N,CA,7.9174094
tcr_18_4,C,A,F,Y,2,31,N,C,8.922189
tcr_18_4,C,A,F,Y,2,31,N,N,8.046751
tcr_18_4,C,A,F,Y,2,31,N,O,9.482891
tcr_18_4,C,A,F,C,2,188,N,SG,8.406125
tcr_18_4,C,A,F,G,2,124,N,CA,9.511128
tcr_18_4,C,A,F,G,2,124,N,N,9.763885
tcr_18_4,C,A,F,F,2,123,N,C,9.427652
tcr_18_4,C,A,F,F,2,123,N,O,8.865352
tcr_18_4,C,A,F,Y,2,31,N,CZ,3.5366244
tcr_18_4,C,A,F,Y,2,31,N,CE2,3.8305323
tcr_18_4,C,A,F,E,2,87,N,OE1,3.8922718
tcr_18_4,C,A,F,E,2,87,N,CD,3.6605952
tcr_18_4,C,A,F,Y,2,183,N,CE2,5.0382943
tcr_18_4,C,A,F,Y,2,31,N,OH,3.3181381
tcr_18_4,C,A,F,E,2,87,N,OE2,2.667778
tcr_18_4,C,A,F,Y,2,183,N,OH,4.42064
tcr_18_4,C,A,F,Y,2,31,N,CD2,4.6786733
tcr_18_4,C,A,F,F,2,123,N,CE2,5.557919
tcr_18_4,C,A,F,Y,2,31,N,CE1,4.2048264
tcr_18_4,C,A,F,F,2,123,N,CZ,5.465996
tcr_18_4,C,A,F,Y,2,31,N,CG,5.19304
tcr_18_4,C,A,F,Y,2,91,N,CZ,5.518613
tcr_18_4,C,A,F,Y,2,31,N,CD1,4.9889517
tcr_18_4,C,A,F,F,2,123,N,CE1,6.753024
tcr_18_4,C,A,F,Y,2,91,N,CE1,5.7278795
tcr_18_4,C,A,F,Y,2,31,N,CB,6.41513
tcr_18_4,C,A,F,V,2,49,N,C,8.864712
tcr_18_4,C,A,F,Y,2,91,N,CD1,6.6724687
tcr_18_4,C,A,F,V,2,49,N,O,8.6875
tcr_18_4,C,A,F,Y,2,91,N,CG,7.346346
tcr_18_4,C,A,F,F,2,123,N,CD2,6.9033303
tcr_18_4,C,A,F,Y,2,183,N,CZ,5.184216
tcr_18_4,C,A,F,Y,2,183,N,CD1,7.4300804
tcr_18_4,C,A,F,Y,2,183,N,CE1,6.4649696
tcr_18_4,C,A,F,Y,2,183,N,CG,7.3429666
tcr_18_4,C,A,F,F,2,123,N,CG,7.965222
tcr_18_4,C,A,F,F,2,123,N,CB,9.386416
tcr_18_4,C,A,F,W,2,121,N,CH2,8.523201
tcr_18_4,C,A,F,F,2,123,N,CD1,7.892239
tcr_18_4,C,A,F,W,2,121,N,CZ2,9.380145
tcr_18_4,C,A,F,W,2,121,N,CZ3,8.616535
tcr_18_4,C,A,F,W,2,121,N,CE3,9.56291
tcr_18_4,C,A,F,K,2,90,N,CB,5.993549
tcr_18_4,C,A,F,K,2,90,N,N,8.166533
tcr_18_4,C,A,F,R,2,86,N,O,7.5710654
tcr_18_4,C,A,F,Q,2,89,N,C,9.4855385
tcr_18_4,C,A,F,K,2,90,N,CA,7.4735856
tcr_18_4,C,A,F,E,2,87,N,O,6.816562
tcr_18_4,C,A,F,Y,2,91,N,N,7.7816176
tcr_18_4,C,A,F,Y,2,91,N,CA,8.479756
tcr_18_4,C,A,F,Y,2,91,N,C,9.947019
tcr_18_4,C,A,F,K,2,90,N,C,7.8068132
tcr_18_4,C,A,F,Y,2,91,N,CB,8.544132
tcr_18_4,C,A,F,K,2,90,N,CG,5.9809723
tcr_18_4,C,A,F,Q,2,94,N,CG,9.991186
tcr_18_4,C,A,F,K,2,90,N,CE,5.1027675
tcr_18_4,C,A,F,Q,2,94,N,OE1,9.905439
tcr_18_4,C,A,F,K,2,90,N,CD,4.6324954
tcr_18_4,C,A,F,Q,2,94,N,CB,9.670705
tcr_18_4,C,A,F,K,2,90,N,O,8.420643
tcr_18_4,C,A,F,F,2,32,N,N,9.482387
tcr_18_4,C,A,F,A,2,48,N,CA,9.998688
tcr_18_4,C,A,F,A,2,48,N,C,9.862271
tcr_18_4,C,A,F,V,2,49,N,N,9.743536
tcr_18_4,C,A,F,A,2,48,N,CB,8.802599
tcr_18_4,C,A,F,W,2,191,CA,CE3,9.093696
tcr_18_4,C,A,F,Y,2,195,CA,CE1,9.603286
tcr_18_4,C,A,F,W,2,191,CA,CZ3,9.697985
tcr_18_4,C,A,F,Y,2,83,CA,CE2,8.170384
tcr_18_4,C,A,F,Y,2,83,CA,CD2,9.10118
tcr_18_4,C,A,F,Y,2,83,CA,CG,9.770609
tcr_18_4,C,A,F,F,2,57,CA,CG,9.867273
tcr_18_4,C,A,F,Y,2,195,CA,CD2,9.355825
tcr_18_4,C,A,F,F,2,57,CA,CE1,8.339315
tcr_18_4,C,A,F,F,2,57,CA,CZ,7.2965226
tcr_18_4,C,A,F,Y,2,195,CA,CE2,8.12231
tcr_18_4,C,A,F,F,2,57,CA,CD2,8.997627
tcr_18_4,C,A,F,F,2,57,CA,CE2,7.6800313
tcr_18_4,C,A,F,Y,2,195,CA,OH,7.274594
tcr_18_4,C,A,F,Y,2,83,CA,OH,7.2847633
tcr_18_4,C,A,F,Y,2,195,CA,CZ,8.265284
tcr_18_4,C,A,F,Y,2,83,CA,CZ,7.9418664
tcr_18_4,C,A,F,Y,2,83,CA,CE1,8.694236
tcr_18_4,C,A,F,E,2,87,CA,CG,5.983363
tcr_18_4,C,A,F,Y,2,83,CA,CD1,9.576424
tcr_18_4,C,A,F,E,2,87,CA,CB,6.4249606
tcr_18_4,C,A,F,E,2,87,CA,C,7.2098365
tcr_18_4,C,A,F,Y,2,83,CA,O,9.146689
tcr_18_4,C,A,F,E,2,87,CA,N,7.6038404
tcr_18_4,C,A,F,E,2,87,CA,CA,6.5605745
tcr_18_4,C,A,F,T,2,88,CA,N,8.52094
tcr_18_4,C,A,F,R,2,86,CA,C,8.100841
tcr_18_4,C,A,F,Q,2,89,CA,N,9.743554
tcr_18_4,C,A,F,R,2,86,CA,CB,9.304224
tcr_18_4,C,A,F,R,2,86,CA,CA,9.397638
tcr_18_4,C,A,F,V,2,58,CA,CA,9.7152
tcr_18_4,C,A,F,F,2,57,CA,CD1,9.565472
tcr_18_4,C,A,F,V,2,58,CA,CG1,7.2022333
tcr_18_4,C,A,F,V,2,58,CA,CB,8.31937
tcr_18_4,C,A,F,G,2,50,CA,C,9.21607
tcr_18_4,C,A,F,V,2,58,CA,C,9.942535
tcr_18_4,C,A,F,G,2,50,CA,N,8.432131
tcr_18_4,C,A,F,V,2,58,CA,O,9.982359
tcr_18_4,C,A,F,V,2,49,CA,CA,9.480164
tcr_18_4,C,A,F,Y,2,91,CA,CE2,6.304011
tcr_18_4,C,A,F,V,2,58,CA,CG2,8.173414
tcr_18_4,C,A,F,Y,2,91,CA,OH,5.0411654
tcr_18_4,C,A,F,Y,2,91,CA,CD2,6.989399
tcr_18_4,C,A,F,F,2,60,CA,CB,9.633639
tcr_18_4,C,A,F,A,2,48,CA,O,9.687345
tcr_18_4,C,A,F,T,2,88,CA,C,9.610486
tcr_18_4,C,A,F,T,2,88,CA,O,9.842826
tcr_18_4,C,A,F,T,2,88,CA,CA,9.452268
tcr_18_4,C,A,F,C,2,188,CA,O,9.541851
tcr_18_4,C,A,F,W,2,191,CA,CB,8.440839
tcr_18_4,C,A,F,W,2,191,CA,CA,9.898726
tcr_18_4,C,A,F,C,2,188,CA,CA,8.315157
tcr_18_4,C,A,F,C,2,188,CA,C,9.538368
tcr_18_4,C,A,F,C,2,188,CA,N,8.480393
tcr_18_4,C,A,F,C,2,188,CA,CB,8.4536085
tcr_18_4,C,A,F,W,2,191,CA,NE1,9.100171
tcr_18_4,C,A,F,W,2,191,CA,CE2,9.179646
tcr_18_4,C,A,F,W,2,191,CA,CZ2,9.791938
tcr_18_4,C,A,F,W,2,191,CA,CD2,8.808495
tcr_18_4,C,A,F,W,2,191,CA,CG,8.49507
tcr_18_4,C,A,F,T,2,187,CA,CG2,7.2405562
tcr_18_4,C,A,F,K,2,90,CA,NZ,4.6964674
tcr_18_4,C,A,F,W,2,191,CA,CD1,8.70248
tcr_18_4,C,A,F,T,2,187,CA,O,8.659206
tcr_18_4,C,A,F,T,2,187,CA,C,8.6419325
tcr_18_4,C,A,F,Y,2,183,CA,CB,8.239955
tcr_18_4,C,A,F,Y,2,183,CA,CD2,5.9792514
tcr_18_4,C,A,F,T,2,187,CA,CA,9.180472
tcr_18_4,C,A,F,T,2,187,CA,CB,8.159928
tcr_18_4,C,A,F,Y,2,183,CA,C,9.496904
tcr_18_4,C,A,F,Y,2,183,CA,CA,9.309689
tcr_18_4,C,A,F,T,2,187,CA,OG1,8.981272
tcr_18_4,C,A,F,Y,2,183,CA,O,9.317084
tcr_18_4,C,A,F,R,2,30,CA,N,9.436054
tcr_18_4,C,A,F,M,2,29,CA,CB,9.278035
tcr_18_4,C,A,F,M,2,29,CA,SD,7.2566137
tcr_18_4,C,A,F,M,2,29,CA,CE,6.700553
tcr_18_4,C,A,F,Y,2,51,CA,O,9.999201
tcr_18_4,C,A,F,M,2,29,CA,O,9.848369
tcr_18_4,C,A,F,M,2,29,CA,CG,8.037335
tcr_18_4,C,A,F,M,2,29,CA,C,9.726649
tcr_18_4,C,A,F,R,2,30,CA,CA,9.21143
tcr_18_4,C,A,F,R,2,30,CA,C,8.246047
tcr_18_4,C,A,F,Y,2,51,CA,N,9.530002
tcr_18_4,C,A,F,Y,2,31,CA,CA,7.077059
tcr_18_4,C,A,F,R,2,30,CA,O,8.410805
tcr_18_4,C,A,F,G,2,50,CA,CA,7.961787
tcr_18_4,C,A,F,Y,2,31,CA,C,8.138055
tcr_18_4,C,A,F,Y,2,31,CA,N,7.5374846
tcr_18_4,C,A,F,Y,2,31,CA,O,8.606818
tcr_18_4,C,A,F,C,2,188,CA,SG,8.482839
tcr_18_4,C,A,F,G,2,124,CA,CA,9.073799
tcr_18_4,C,A,F,L,2,184,CA,CD2,9.743431
tcr_18_4,C,A,F,G,2,124,CA,N,9.118011
tcr_18_4,C,A,F,F,2,123,CA,CA,9.106068
tcr_18_4,C,A,F,F,2,123,CA,N,9.339616
tcr_18_4,C,A,F,F,2,123,CA,C,8.673781
tcr_18_4,C,A,F,F,2,123,CA,O,8.181374
tcr_18_4,C,A,F,Y,2,31,CA,CZ,3.8619583
tcr_18_4,C,A,F,Y,2,31,CA,CE2,3.957649
tcr_18_4,C,A,F,E,2,87,CA,OE1,4.8160458
tcr_18_4,C,A,F,E,2,87,CA,CD,4.625957
tcr_18_4,C,A,F,Y,2,183,CA,CE2,4.8692484
tcr_18_4,C,A,F,Y,2,31,CA,OH,4.1281095
tcr_18_4,C,A,F,E,2,87,CA,OE2,3.6249456
tcr_18_4,C,A,F,Y,2,183,CA,OH,4.232786
tcr_18_4,C,A,F,Y,2,31,CA,CD2,4.3740926
tcr_18_4,C,A,F,F,2,123,CA,CE2,4.5512094
tcr_18_4,C,A,F,Y,2,31,CA,CE1,4.218214
tcr_18_4,C,A,F,F,2,123,CA,CZ,4.2464514
tcr_18_4,C,A,F,Y,2,31,CA,CG,4.677264
tcr_18_4,C,A,F,Y,2,91,CA,CZ,5.3669624
tcr_18_4,C,A,F,Y,2,31,CA,CD1,4.6116133
tcr_18_4,C,A,F,F,2,123,CA,CE1,5.47254
tcr_18_4,C,A,F,Y,2,91,CA,CE1,5.211241
tcr_18_4,C,A,F,Y,2,31,CA,CB,5.656895
tcr_18_4,C,A,F,V,2,49,CA,C,8.584111
tcr_18_4,C,A,F,Y,2,91,CA,CD1,6.0262785
tcr_18_4,C,A,F,V,2,49,CA,O,8.257708
tcr_18_4,C,A,F,Y,2,91,CA,CG,6.8676224
tcr_18_4,C,A,F,F,2,123,CA,CD2,5.9431443
tcr_18_4,C,A,F,Y,2,183,CA,CZ,4.8783526
tcr_18_4,C,A,F,Y,2,183,CA,CD1,6.9134574
tcr_18_4,C,A,F,Y,2,183,CA,CE1,5.9867835
tcr_18_4,C,A,F,Y,2,183,CA,CG,6.9215174
tcr_18_4,C,A,F,F,2,123,CA,CG,6.8776617
tcr_18_4,C,A,F,F,2,123,CA,CB,8.345559
tcr_18_4,C,A,F,W,2,121,CA,CH2,7.1026893
tcr_18_4,C,A,F,F,2,123,CA,CD1,6.670689
tcr_18_4,C,A,F,W,2,121,CA,CZ2,8.006131
tcr_18_4,C,A,F,W,2,121,CA,CZ3,7.1650677
tcr_18_4,C,A,F,W,2,121,CA,NE1,9.983569
tcr_18_4,C,A,F,W,2,121,CA,CE3,8.129899
tcr_18_4,C,A,F,W,2,121,CA,CD2,8.955508
tcr_18_4,C,A,F,W,2,121,CA,CE2,8.879986
tcr_18_4,C,A,F,K,2,90,CA,CB,5.4904456
tcr_18_4,C,A,F,K,2,90,CA,N,7.8181334
tcr_18_4,C,A,F,R,2,86,CA,O,7.78209
tcr_18_4,C,A,F,Q,2,89,CA,C,9.115197
tcr_18_4,C,A,F,K,2,90,CA,CA,6.90768
tcr_18_4,C,A,F,E,2,87,CA,O,6.7506814
tcr_18_4,C,A,F,Q,2,89,CA,O,9.654598
tcr_18_4,C,A,F,Y,2,91,CA,N,7.1422844
tcr_18_4,C,A,F,Y,2,91,CA,CA,7.737831
tcr_18_4,C,A,F,K,2,92,CA,N,9.979182
tcr_18_4,C,A,F,Y,2,91,CA,C,9.158303
tcr_18_4,C,A,F,K,2,90,CA,C,7.0711627
tcr_18_4,C,A,F,Y,2,91,CA,CB,7.9658318
tcr_18_4,C,A,F,Y,2,91,CA,O,9.640362
tcr_18_4,C,A,F,K,2,90,CA,CG,5.6854486
tcr_18_4,C,A,F,Q,2,94,CA,CG,8.639416
tcr_18_4,C,A,F,K,2,90,CA,CE,5.2764525
tcr_18_4,C,A,F,Q,2,94,CA,OE1,8.52519
tcr_18_4,C,A,F,Q,2,94,CA,CD,9.026625
tcr_18_4,C,A,F,K,2,90,CA,CD,4.5186524
tcr_18_4,C,A,F,Q,2,94,CA,CB,8.417163
tcr_18_4,C,A,F,Q,2,94,CA,N,9.752499
tcr_18_4,C,A,F,K,2,90,CA,O,7.5157137
tcr_18_4,C,A,F,Q,2,94,CA,CA,9.728017
tcr_18_4,C,A,F,F,2,32,CA,CA,9.846537
tcr_18_4,C,A,F,F,2,32,CA,N,8.710515
tcr_18_4,C,A,F,F,2,32,CA,O,9.649925
tcr_18_4,C,A,F,A,2,48,CA,CA,9.271612
tcr_18_4,C,A,F,A,2,48,CA,C,9.327257
tcr_18_4,C,A,F,V,2,49,CA,N,9.229346
tcr_18_4,C,A,F,S,2,33,CA,CB,9.236786
tcr_18_4,C,A,F,S,2,33,CA,N,9.846432
tcr_18_4,C,A,F,F,2,32,CA,C,9.685499
tcr_18_4,C,A,F,S,2,33,CA,OG,9.659925
tcr_18_4,C,A,F,F,2,46,CA,CE1,9.368135
tcr_18_4,C,A,F,F,2,46,CA,CZ,8.997582
tcr_18_4,C,A,F,A,2,48,CA,CB,8.006441
tcr_18_4,C,A,F,W,2,191,C,CE3,9.503918
tcr_18_4,C,A,F,Y,2,83,C,CE2,8.948453
tcr_18_4,C,A,F,Y,2,83,C,CD2,9.769828
tcr_18_4,C,A,F,F,2,57,C,CE1,9.634628
tcr_18_4,C,A,F,F,2,57,C,CZ,8.603055
tcr_18_4,C,A,F,Y,2,195,C,CE2,8.994661
tcr_18_4,C,A,F,F,2,57,C,CE2,9.026418
tcr_18_4,C,A,F,Y,2,195,C,OH,8.164301
tcr_18_4,C,A,F,Y,2,83,C,OH,8.386635
tcr_18_4,C,A,F,Y,2,195,C,CZ,9.154496
tcr_18_4,C,A,F,Y,2,83,C,CZ,8.924693
tcr_18_4,C,A,F,Y,2,83,C,CE1,9.732556
tcr_18_4,C,A,F,E,2,87,C,CG,6.832952
tcr_18_4,C,A,F,E,2,87,C,CB,7.2963834
tcr_18_4,C,A,F,E,2,87,C,C,7.83365
tcr_18_4,C,A,F,Y,2,83,C,O,9.738947
tcr_18_4,C,A,F,E,2,87,C,N,8.044605
tcr_18_4,C,A,F,E,2,87,C,CA,7.1665115
tcr_18_4,C,A,F,T,2,88,C,N,9.164411
tcr_18_4,C,A,F,R,2,86,C,C,8.315467
tcr_18_4,C,A,F,R,2,86,C,CB,9.331188
tcr_18_4,C,A,F,R,2,86,C,CA,9.524664
tcr_18_4,C,A,F,V,2,58,C,CG1,8.737957
tcr_18_4,C,A,F,V,2,58,C,CB,9.844045
tcr_18_4,C,A,F,G,2,50,C,N,9.851119
tcr_18_4,C,A,F,Y,2,91,C,CE2,7.4816446
tcr_18_4,C,A,F,V,2,58,C,CG2,9.661518
tcr_18_4,C,A,F,Y,2,91,C,OH,6.4792185
tcr_18_4,C,A,F,Y,2,91,C,CD2,7.9886246
tcr_18_4,C,A,F,C,2,188,C,O,9.499374
tcr_18_4,C,A,F,W,2,191,C,CB,8.617785
tcr_18_4,C,A,F,C,2,188,C,CA,7.949036
tcr_18_4,C,A,F,C,2,188,C,C,9.303241
tcr_18_4,C,A,F,C,2,188,C,N,7.8966384
tcr_18_4,C,A,F,L,2,184,C,CA,9.695492
tcr_18_4,C,A,F,C,2,188,C,CB,8.026724
tcr_18_4,C,A,F,W,2,191,C,NE1,8.918856
tcr_18_4,C,A,F,W,2,191,C,CE2,9.20609
tcr_18_4,C,A,F,W,2,191,C,CZ2,9.876711
tcr_18_4,C,A,F,W,2,191,C,CD2,9.001496
tcr_18_4,C,A,F,W,2,191,C,CG,8.566981
tcr_18_4,C,A,F,T,2,187,C,CG2,6.4821525
tcr_18_4,C,A,F,K,2,90,C,NZ,4.2172475
tcr_18_4,C,A,F,W,2,191,C,CD1,8.539247
tcr_18_4,C,A,F,T,2,187,C,O,8.285799
tcr_18_4,C,A,F,T,2,187,C,C,8.075887
tcr_18_4,C,A,F,Y,2,183,C,CB,6.9361615
tcr_18_4,C,A,F,Y,2,183,C,CD2,4.7748165
tcr_18_4,C,A,F,T,2,187,C,CA,8.42062
tcr_18_4,C,A,F,T,2,187,C,CB,7.258427
tcr_18_4,C,A,F,Y,2,183,C,C,8.431635
tcr_18_4,C,A,F,Y,2,183,C,CA,8.074213
tcr_18_4,C,A,F,T,2,187,C,OG1,7.9428844
tcr_18_4,C,A,F,T,2,187,C,N,9.381171
tcr_18_4,C,A,F,L,2,184,C,N,9.108627
tcr_18_4,C,A,F,Y,2,183,C,O,8.370521
tcr_18_4,C,A,F,Y,2,183,C,N,9.303827
tcr_18_4,C,A,F,M,2,29,C,CB,9.86783
tcr_18_4,C,A,F,M,2,29,C,SD,7.94919
tcr_18_4,C,A,F,M,2,29,C,CE,7.0716486
tcr_18_4,C,A,F,M,2,29,C,CG,8.779724
tcr_18_4,C,A,F,R,2,30,C,CA,9.9269905
tcr_18_4,C,A,F,R,2,30,C,C,9.106473
tcr_18_4,C,A,F,Y,2,31,C,CA,7.9599714
tcr_18_4,C,A,F,R,2,30,C,O,9.43489
tcr_18_4,C,A,F,G,2,50,C,CA,9.345869
tcr_18_4,C,A,F,Y,2,31,C,C,8.921973
tcr_18_4,C,A,F,Y,2,31,C,N,8.311558
tcr_18_4,C,A,F,Y,2,31,C,O,9.206491
tcr_18_4,C,A,F,C,2,188,C,SG,8.325679
tcr_18_4,C,A,F,G,2,124,C,CA,9.09877
tcr_18_4,C,A,F,L,2,184,C,CG,9.708019
tcr_18_4,C,A,F,L,2,184,C,CD2,9.101063
tcr_18_4,C,A,F,G,2,124,C,N,9.061052
tcr_18_4,C,A,F,F,2,123,C,CA,9.054594
tcr_18_4,C,A,F,F,2,123,C,N,9.450618
tcr_18_4,C,A,F,F,2,123,C,C,8.73755
tcr_18_4,C,A,F,F,2,123,C,O,8.454996
tcr_18_4,C,A,F,Y,2,31,C,CZ,5.2154336
tcr_18_4,C,A,F,Y,2,31,C,CE2,5.026542
tcr_18_4,C,A,F,E,2,87,C,OE1,5.1965504
tcr_18_4,C,A,F,E,2,87,C,CD,5.3626223
tcr_18_4,C,A,F,Y,2,183,C,CE2,3.8829768
tcr_18_4,C,A,F,Y,2,31,C,OH,5.4696164
tcr_18_4,C,A,F,E,2,87,C,OE2,4.6030717
tcr_18_4,C,A,F,Y,2,183,C,OH,3.9593384
tcr_18_4,C,A,F,Y,2,31,C,CD2,5.2994385
tcr_18_4,C,A,F,F,2,123,C,CE2,4.4232826
tcr_18_4,C,A,F,Y,2,31,C,CE1,5.667657
tcr_18_4,C,A,F,F,2,123,C,CZ,4.288517
tcr_18_4,C,A,F,Y,2,31,C,CG,5.729639
tcr_18_4,C,A,F,Y,2,91,C,CZ,6.6474686
tcr_18_4,C,A,F,Y,2,31,C,CD1,5.910484
tcr_18_4,C,A,F,F,2,123,C,CE1,5.507535
tcr_18_4,C,A,F,Y,2,91,C,CE1,6.360972
tcr_18_4,C,A,F,Y,2,31,C,CB,6.4977107
tcr_18_4,C,A,F,V,2,49,C,C,9.93226
tcr_18_4,C,A,F,Y,2,91,C,CD1,6.9543915
tcr_18_4,C,A,F,V,2,49,C,O,9.501241
tcr_18_4,C,A,F,Y,2,91,C,CG,7.7460265
tcr_18_4,C,A,F,F,2,123,C,CD2,5.7164207
tcr_18_4,C,A,F,Y,2,183,C,CZ,4.164136
tcr_18_4,C,A,F,Y,2,183,C,CD1,5.9061656
tcr_18_4,C,A,F,Y,2,183,C,CE1,5.2194433
tcr_18_4,C,A,F,Y,2,183,C,CG,5.72539
tcr_18_4,C,A,F,F,2,123,C,CG,6.6840506
tcr_18_4,C,A,F,R,2,180,C,O,9.742169
tcr_18_4,C,A,F,D,2,138,C,OD2,9.901861
tcr_18_4,C,A,F,F,2,123,C,CB,8.089202
tcr_18_4,C,A,F,W,2,121,C,CH2,6.495083
tcr_18_4,C,A,F,F,2,123,C,CD1,6.5877166
tcr_18_4,C,A,F,W,2,121,C,CZ2,7.3881564
tcr_18_4,C,A,F,W,2,121,C,CZ3,6.797892
tcr_18_4,C,A,F,W,2,121,C,NE1,9.569923
tcr_18_4,C,A,F,W,2,121,C,CE3,7.9318395
tcr_18_4,C,A,F,W,2,121,C,CD2,8.706791
tcr_18_4,C,A,F,W,2,121,C,CE2,8.44415
tcr_18_4,C,A,F,K,2,90,C,CB,5.3370547
tcr_18_4,C,A,F,K,2,90,C,N,7.7823496
tcr_18_4,C,A,F,R,2,86,C,O,7.8696995
tcr_18_4,C,A,F,Q,2,89,C,C,9.076566
tcr_18_4,C,A,F,K,2,90,C,CA,6.7576227
tcr_18_4,C,A,F,E,2,87,C,O,7.325646
tcr_18_4,C,A,F,Q,2,89,C,O,9.542399
tcr_18_4,C,A,F,Y,2,91,C,N,7.4407687
tcr_18_4,C,A,F,Y,2,91,C,CA,8.167274
tcr_18_4,C,A,F,Y,2,91,C,C,9.474759
tcr_18_4,C,A,F,K,2,90,C,C,7.0904336
tcr_18_4,C,A,F,Y,2,91,C,CB,8.653273
tcr_18_4,C,A,F,Y,2,91,C,O,9.905993
tcr_18_4,C,A,F,K,2,90,C,CG,5.270732
tcr_18_4,C,A,F,Q,2,94,C,CG,8.497097
tcr_18_4,C,A,F,K,2,90,C,CE,4.6920857
tcr_18_4,C,A,F,Q,2,94,C,OE1,7.9582553
tcr_18_4,C,A,F,Q,2,94,C,CD,8.635571
tcr_18_4,C,A,F,K,2,90,C,CD,4.107522
tcr_18_4,C,A,F,Q,2,94,C,CB,8.292513
tcr_18_4,C,A,F,Q,2,94,C,N,9.511983
tcr_18_4,C,A,F,K,2,90,C,O,7.40269
tcr_18_4,C,A,F,Q,2,94,C,CA,9.502073
tcr_18_4,C,A,F,F,2,32,C,N,9.60706
tcr_18_4,C,A,F,S,2,33,C,CB,9.786972
tcr_18_4,C,A,F,F,2,46,C,CE1,9.994718
tcr_18_4,C,A,F,F,2,46,C,CZ,9.5048275
tcr_18_4,C,A,F,A,2,48,C,CB,9.04673
tcr_18_4,C,A,F,Q,2,94,C,NE2,9.737213
tcr_18_4,C,A,F,W,2,191,O,CE3,8.966824
tcr_18_4,C,A,F,W,2,191,O,CZ3,9.543148
tcr_18_4,C,A,F,W,2,191,O,CH2,9.573465
tcr_18_4,C,A,F,Y,2,83,O,CE2,8.524617
tcr_18_4,C,A,F,Y,2,83,O,CD2,9.227342
tcr_18_4,C,A,F,R,2,86,O,CG,9.624506
tcr_18_4,C,A,F,F,2,57,O,CZ,9.126712
tcr_18_4,C,A,F,Y,2,195,O,CE2,9.036912
tcr_18_4,C,A,F,F,2,57,O,CE2,9.435044
tcr_18_4,C,A,F,Y,2,195,O,OH,8.023585
tcr_18_4,C,A,F,Y,2,83,O,OH,8.29981
tcr_18_4,C,A,F,Y,2,195,O,CZ,9.074823
tcr_18_4,C,A,F,Y,2,83,O,CZ,8.681115
tcr_18_4,C,A,F,Y,2,83,O,CE1,9.52045
tcr_18_4,C,A,F,E,2,87,O,CG,6.575427
tcr_18_4,C,A,F,E,2,87,O,CB,7.1585674
tcr_18_4,C,A,F,E,2,87,O,C,7.7383294
tcr_18_4,C,A,F,Y,2,83,O,O,9.214311
tcr_18_4,C,A,F,E,2,87,O,N,7.5986123
tcr_18_4,C,A,F,E,2,87,O,CA,6.9194326
tcr_18_4,C,A,F,T,2,88,O,N,9.048529
tcr_18_4,C,A,F,R,2,86,O,C,7.7653728
tcr_18_4,C,A,F,Q,2,89,O,N,9.782733
tcr_18_4,C,A,F,R,2,86,O,CB,8.512032
tcr_18_4,C,A,F,R,2,86,O,CA,8.850043
tcr_18_4,C,A,F,V,2,58,O,CG1,9.417892
tcr_18_4,C,A,F,Y,2,91,O,CE2,7.948765
tcr_18_4,C,A,F,Y,2,91,O,OH,7.127477
tcr_18_4,C,A,F,Y,2,91,O,CD2,8.428772
tcr_18_4,C,A,F,T,2,88,O,C,9.973727
tcr_18_4,C,A,F,C,2,188,O,O,9.43372
tcr_18_4,C,A,F,W,2,191,O,CB,8.225702
tcr_18_4,C,A,F,W,2,191,O,CA,9.697227
tcr_18_4,C,A,F,C,2,188,O,CA,7.842922
tcr_18_4,C,A,F,C,2,188,O,C,9.190333
tcr_18_4,C,A,F,C,2,188,O,N,7.5874186
tcr_18_4,C,A,F,L,2,184,O,CA,9.740267
tcr_18_4,C,A,F,C,2,188,O,CB,8.093465
tcr_18_4,C,A,F,G,2,186,O,C,9.96831
tcr_18_4,C,A,F,W,2,191,O,NE1,8.066798
tcr_18_4,C,A,F,W,2,191,O,CE2,8.409197
tcr_18_4,C,A,F,W,2,191,O,CZ2,9.034131
tcr_18_4,C,A,F,W,2,191,O,CD2,8.367872
tcr_18_4,C,A,F,W,2,191,O,CG,7.982547
tcr_18_4,C,A,F,R,2,86,O,CD,9.614955
tcr_18_4,C,A,F,T,2,187,O,CG2,5.6309366
tcr_18_4,C,A,F,K,2,90,O,NZ,3.1500027
tcr_18_4,C,A,F,W,2,191,O,CD1,7.8133473
tcr_18_4,C,A,F,T,2,187,O,O,7.8109818
tcr_18_4,C,A,F,T,2,187,O,C,7.5946884
tcr_18_4,C,A,F,Y,2,183,O,CB,6.678805
tcr_18_4,C,A,F,Y,2,183,O,CD2,4.447259
tcr_18_4,C,A,F,T,2,187,O,CA,7.761051
tcr_18_4,C,A,F,T,2,187,O,CB,6.4986773
tcr_18_4,C,A,F,Y,2,183,O,C,8.20884
tcr_18_4,C,A,F,Y,2,183,O,CA,7.717841
tcr_18_4,C,A,F,T,2,187,O,OG1,7.059146
tcr_18_4,C,A,F,T,2,187,O,N,8.762091
tcr_18_4,C,A,F,L,2,184,O,N,9.035236
tcr_18_4,C,A,F,Y,2,183,O,O,8.102306
tcr_18_4,C,A,F,A,2,182,O,C,9.973253
tcr_18_4,C,A,F,Y,2,183,O,N,8.927251
tcr_18_4,C,A,F,Q,2,179,O,O,9.756134
tcr_18_4,C,A,F,M,2,29,O,SD,8.318406
tcr_18_4,C,A,F,M,2,29,O,CE,7.383506
tcr_18_4,C,A,F,M,2,29,O,CG,9.348111
tcr_18_4,C,A,F,Y,2,31,O,CA,9.124131
tcr_18_4,C,A,F,Y,2,31,O,N,9.408542
tcr_18_4,C,A,F,C,2,188,O,SG,8.633867
tcr_18_4,C,A,F,G,2,124,O,CA,9.866969
tcr_18_4,C,A,F,L,2,184,O,CD2,9.547168
tcr_18_4,C,A,F,G,2,124,O,N,9.910849
tcr_18_4,C,A,F,F,2,123,O,C,9.703819
tcr_18_4,C,A,F,F,2,123,O,O,9.473397
tcr_18_4,C,A,F,Y,2,31,O,CZ,5.9829636
tcr_18_4,C,A,F,Y,2,31,O,CE2,5.8420043
tcr_18_4,C,A,F,E,2,87,O,OE1,4.6135263
tcr_18_4,C,A,F,E,2,87,O,CD,5.05423
tcr_18_4,C,A,F,Y,2,183,O,CE2,3.715816
tcr_18_4,C,A,F,Y,2,31,O,OH,5.988364
tcr_18_4,C,A,F,E,2,87,O,OE2,4.5445642
tcr_18_4,C,A,F,Y,2,183,O,OH,4.40197
tcr_18_4,C,A,F,Y,2,31,O,CD2,6.2956266
tcr_18_4,C,A,F,F,2,123,O,CE2,5.4570227
tcr_18_4,C,A,F,Y,2,31,O,CE1,6.567858
tcr_18_4,C,A,F,F,2,123,O,CZ,5.4595575
tcr_18_4,C,A,F,Y,2,31,O,CG,6.8404346
tcr_18_4,C,A,F,Y,2,91,O,CZ,7.284195
tcr_18_4,C,A,F,Y,2,31,O,CD1,6.973488
tcr_18_4,C,A,F,F,2,123,O,CE1,6.6766133
tcr_18_4,C,A,F,Y,2,91,O,CE1,7.1434894
tcr_18_4,C,A,F,Y,2,31,O,CB,7.684851
tcr_18_4,C,A,F,Y,2,91,O,CD1,7.676862
tcr_18_4,C,A,F,Y,2,91,O,CG,8.299757
tcr_18_4,C,A,F,F,2,123,O,CD2,6.672323
tcr_18_4,C,A,F,Y,2,183,O,CZ,4.3963947
tcr_18_4,C,A,F,Y,2,183,O,CD1,6.0505548
tcr_18_4,C,A,F,Y,2,183,O,CE1,5.5437546
tcr_18_4,C,A,F,Y,2,183,O,CG,5.5886765
tcr_18_4,C,A,F,F,2,123,O,CG,7.7037582
tcr_18_4,C,A,F,R,2,180,O,O,9.764877
tcr_18_4,C,A,F,F,2,123,O,CB,9.048435
tcr_18_4,C,A,F,W,2,121,O,CH2,7.3622904
tcr_18_4,C,A,F,F,2,123,O,CD1,7.6981487
tcr_18_4,C,A,F,W,2,121,O,CZ2,8.253839
tcr_18_4,C,A,F,W,2,121,O,CZ3,7.7533326
tcr_18_4,C,A,F,W,2,121,O,CE3,8.960366
tcr_18_4,C,A,F,W,2,121,O,CD2,9.736708
tcr_18_4,C,A,F,W,2,121,O,CE2,9.399434
tcr_18_4,C,A,F,Q,2,89,O,CA,9.910981
tcr_18_4,C,A,F,K,2,90,O,CB,5.2105026
tcr_18_4,C,A,F,K,2,90,O,N,7.5872774
tcr_18_4,C,A,F,R,2,86,O,O,7.3578815
tcr_18_4,C,A,F,Q,2,89,O,C,8.893129
tcr_18_4,C,A,F,K,2,90,O,CA,6.676818
tcr_18_4,C,A,F,E,2,87,O,O,7.353463
tcr_18_4,C,A,F,Q,2,89,O,O,9.437684
tcr_18_4,C,A,F,Y,2,91,O,N,7.7134576
tcr_18_4,C,A,F,Y,2,91,O,CA,8.62072
tcr_18_4,C,A,F,Y,2,91,O,C,9.895018
tcr_18_4,C,A,F,K,2,90,O,C,7.269145
tcr_18_4,C,A,F,Y,2,91,O,CB,9.149876
tcr_18_4,C,A,F,K,2,90,O,CG,4.7933354
tcr_18_4,C,A,F,Q,2,94,O,CG,9.274422
tcr_18_4,C,A,F,K,2,90,O,CE,3.7291322
tcr_18_4,C,A,F,Q,2,94,O,OE1,8.56022
tcr_18_4,C,A,F,Q,2,94,O,CD,9.344016
tcr_18_4,C,A,F,K,2,90,O,CD,3.489075
tcr_18_4,C,A,F,Q,2,94,O,CB,8.9376
tcr_18_4,C,A,F,Q,2,94,O,N,9.8906355
tcr_18_4,C,A,F,K,2,90,O,O,7.6621914
tcr_18_4,C,A,F,R,2,93,O,CD,9.863451
tcr_18_4,C,A,F,W,2,191,CB,CE3,9.994587
tcr_18_4,C,A,F,Y,2,83,CB,CE2,8.445896
tcr_18_4,C,A,F,Y,2,83,CB,CD2,9.284349
tcr_18_4,C,A,F,Y,2,83,CB,CG,9.746329
tcr_18_4,C,A,F,F,2,57,CB,CE1,8.8178425
tcr_18_4,C,A,F,F,2,57,CB,CZ,7.782508
tcr_18_4,C,A,F,Y,2,195,CB,CE2,9.036366
tcr_18_4,C,A,F,F,2,57,CB,CD2,9.23347
tcr_18_4,C,A,F,F,2,57,CB,CE2,8.021811
tcr_18_4,C,A,F,Y,2,195,CB,OH,7.9757795
tcr_18_4,C,A,F,Y,2,83,CB,OH,7.4933524
tcr_18_4,C,A,F,Y,2,195,CB,CZ,9.048139
tcr_18_4,C,A,F,W,2,84,CB,CZ3,9.569241
tcr_18_4,C,A,F,Y,2,83,CB,CZ,8.0623255
tcr_18_4,C,A,F,Y,2,83,CB,CE1,8.583719
tcr_18_4,C,A,F,E,2,87,CB,CG,5.536961
tcr_18_4,C,A,F,W,2,84,CB,CE3,9.802507
tcr_18_4,C,A,F,Y,2,83,CB,CD1,9.41376
tcr_18_4,C,A,F,E,2,87,CB,CB,5.6184344
tcr_18_4,C,A,F,E,2,87,CB,C,6.043938
tcr_18_4,C,A,F,Y,2,83,CB,O,8.688368
tcr_18_4,C,A,F,E,2,87,CB,N,6.8453436
tcr_18_4,C,A,F,Y,2,83,CB,C,9.762002
tcr_18_4,C,A,F,E,2,87,CB,CA,5.648388
tcr_18_4,C,A,F,W,2,84,CB,O,9.407917
tcr_18_4,C,A,F,T,2,88,CB,N,7.344638
tcr_18_4,C,A,F,R,2,86,CB,C,7.347467
tcr_18_4,C,A,F,Q,2,89,CB,N,8.531396
tcr_18_4,C,A,F,D,2,85,CB,O,9.87097
tcr_18_4,C,A,F,R,2,86,CB,N,9.673754
tcr_18_4,C,A,F,R,2,86,CB,CB,8.9056
tcr_18_4,C,A,F,R,2,86,CB,CA,8.756202
tcr_18_4,C,A,F,V,2,58,CB,CA,9.266962
tcr_18_4,C,A,F,F,2,57,CB,CD1,9.931575
tcr_18_4,C,A,F,V,2,58,CB,N,9.968907
tcr_18_4,C,A,F,V,2,58,CB,CG1,6.8579707
tcr_18_4,C,A,F,V,2,58,CB,CB,7.8977103
tcr_18_4,C,A,F,G,2,50,CB,C,9.341327
tcr_18_4,C,A,F,V,2,58,CB,C,9.347824
tcr_18_4,C,A,F,R,2,59,CB,N,9.56184
tcr_18_4,C,A,F,G,2,50,CB,N,8.180912
tcr_18_4,C,A,F,V,2,58,CB,O,9.453075
tcr_18_4,C,A,F,V,2,49,CB,CA,8.90311
tcr_18_4,C,A,F,Y,2,91,CB,CE2,5.004672
tcr_18_4,C,A,F,V,2,58,CB,CG2,7.527528
tcr_18_4,C,A,F,Y,2,91,CB,OH,4.1100864
tcr_18_4,C,A,F,R,2,59,CB,O,9.290414
tcr_18_4,C,A,F,G,2,69,CB,N,9.535746
tcr_18_4,C,A,F,G,2,69,CB,CA,8.885253
tcr_18_4,C,A,F,Y,2,91,CB,CD2,5.552349
tcr_18_4,C,A,F,R,2,59,CB,C,9.263939
tcr_18_4,C,A,F,R,2,59,CB,CA,9.703689
tcr_18_4,C,A,F,F,2,60,CB,CB,8.259317
tcr_18_4,C,A,F,F,2,60,CB,CG,8.808532
tcr_18_4,C,A,F,F,2,60,CB,CA,9.474631
tcr_18_4,C,A,F,F,2,60,CB,CD1,9.323021
tcr_18_4,C,A,F,F,2,60,CB,N,9.218597
tcr_18_4,C,A,F,A,2,48,CB,O,8.706464
tcr_18_4,C,A,F,T,2,88,CB,C,8.286162
tcr_18_4,C,A,F,T,2,88,CB,CB,9.600936
tcr_18_4,C,A,F,T,2,88,CB,O,8.43881
tcr_18_4,C,A,F,T,2,88,CB,OG1,9.800831
tcr_18_4,C,A,F,T,2,88,CB,CA,8.150413
tcr_18_4,C,A,F,F,2,60,CB,CE2,9.913501
tcr_18_4,C,A,F,F,2,60,CB,CD2,9.134443
tcr_18_4,C,A,F,W,2,191,CB,CB,9.713564
tcr_18_4,C,A,F,C,2,188,CB,CA,9.845957
tcr_18_4,C,A,F,C,2,188,CB,CB,9.965034
tcr_18_4,C,A,F,W,2,191,CB,CD2,9.837767
tcr_18_4,C,A,F,W,2,191,CB,CG,9.689072
tcr_18_4,C,A,F,T,2,187,CB,CG2,8.5503
tcr_18_4,C,A,F,K,2,90,CB,NZ,5.009622
tcr_18_4,C,A,F,W,2,191,CB,CD1,9.924907
tcr_18_4,C,A,F,Y,2,183,CB,CB,9.440524
tcr_18_4,C,A,F,Y,2,183,CB,CD2,7.2912483
tcr_18_4,C,A,F,T,2,187,CB,CB,9.524439
tcr_18_4,C,A,F,M,2,29,CB,SD,8.435816
tcr_18_4,C,A,F,M,2,29,CB,CE,8.063732
tcr_18_4,C,A,F,M,2,29,CB,CG,9.124307
tcr_18_4,C,A,F,R,2,30,CB,CA,9.95261
tcr_18_4,C,A,F,R,2,30,CB,C,8.825854
tcr_18_4,C,A,F,Y,2,51,CB,N,9.833906
tcr_18_4,C,A,F,Y,2,31,CB,CA,7.336225
tcr_18_4,C,A,F,R,2,30,CB,O,8.883767
tcr_18_4,C,A,F,G,2,50,CB,CA,7.973138
tcr_18_4,C,A,F,Y,2,31,CB,C,8.252275
tcr_18_4,C,A,F,Y,2,31,CB,N,8.058014
tcr_18_4,C,A,F,Y,2,31,CB,O,8.812956
tcr_18_4,C,A,F,C,2,188,CB,SG,9.9311905
tcr_18_4,C,A,F,F,2,123,CB,CA,9.803675
tcr_18_4,C,A,F,F,2,123,CB,N,9.837684
tcr_18_4,C,A,F,F,2,123,CB,C,9.516499
tcr_18_4,C,A,F,F,2,123,CB,O,8.968071
tcr_18_4,C,A,F,Y,2,31,CB,CZ,4.3906007
tcr_18_4,C,A,F,Y,2,31,CB,CE2,4.8373833
tcr_18_4,C,A,F,E,2,87,CB,OE1,4.739568
tcr_18_4,C,A,F,E,2,87,CB,CD,4.376502
tcr_18_4,C,A,F,Y,2,183,CB,CE2,6.2859097
tcr_18_4,C,A,F,Y,2,31,CB,OH,4.6706624
tcr_18_4,C,A,F,E,2,87,CB,OE2,3.4124904
tcr_18_4,C,A,F,Y,2,183,CB,OH,5.7024374
tcr_18_4,C,A,F,Y,2,31,CB,CD2,5.1380267
tcr_18_4,C,A,F,F,2,123,CB,CE2,5.4202285
tcr_18_4,C,A,F,Y,2,31,CB,CE1,4.2859063
tcr_18_4,C,A,F,F,2,123,CB,CZ,4.7342563
tcr_18_4,C,A,F,Y,2,31,CB,CG,5.0336504
tcr_18_4,C,A,F,Y,2,91,CB,CZ,4.1220636
tcr_18_4,C,A,F,Y,2,31,CB,CD1,4.626735
tcr_18_4,C,A,F,F,2,123,CB,CE1,5.704478
tcr_18_4,C,A,F,Y,2,91,CB,CE1,3.8562038
tcr_18_4,C,A,F,Y,2,31,CB,CB,5.9078174
tcr_18_4,C,A,F,V,2,49,CB,C,8.223802
tcr_18_4,C,A,F,Y,2,91,CB,CD1,4.54903
tcr_18_4,C,A,F,V,2,49,CB,O,7.9933457
tcr_18_4,C,A,F,Y,2,91,CB,CG,5.3541355
tcr_18_4,C,A,F,F,2,123,CB,CD2,6.817536
tcr_18_4,C,A,F,Y,2,183,CB,CZ,6.3177705
tcr_18_4,C,A,F,Y,2,183,CB,CD1,8.2084
tcr_18_4,C,A,F,Y,2,183,CB,CE1,7.337348
tcr_18_4,C,A,F,Y,2,183,CB,CG,8.198684
tcr_18_4,C,A,F,F,2,123,CB,CG,7.5295753
tcr_18_4,C,A,F,F,2,123,CB,CB,9.040647
tcr_18_4,C,A,F,W,2,121,CB,CH2,7.1342783
tcr_18_4,C,A,F,F,2,123,CB,CD1,7.0419555
tcr_18_4,C,A,F,W,2,121,CB,CZ2,8.205907
tcr_18_4,C,A,F,W,2,121,CB,CZ3,6.9242516
tcr_18_4,C,A,F,W,2,121,CB,CE3,7.8461747
tcr_18_4,C,A,F,W,2,121,CB,CD2,8.855658
tcr_18_4,C,A,F,W,2,121,CB,CE2,8.996901
tcr_18_4,C,A,F,Q,2,89,CB,CA,8.930128
tcr_18_4,C,A,F,K,2,90,CB,CB,4.466133
tcr_18_4,C,A,F,K,2,90,CB,N,6.6706724
tcr_18_4,C,A,F,R,2,86,CB,O,6.941863
tcr_18_4,C,A,F,Q,2,89,CB,CB,9.605055
tcr_18_4,C,A,F,Q,2,89,CB,C,7.924121
tcr_18_4,C,A,F,K,2,90,CB,CA,5.773383
tcr_18_4,C,A,F,E,2,87,CB,O,5.447853
tcr_18_4,C,A,F,Q,2,89,CB,O,8.43715
tcr_18_4,C,A,F,Y,2,91,CB,N,5.703407
tcr_18_4,C,A,F,Y,2,91,CB,CA,6.2416825
tcr_18_4,C,A,F,K,2,92,CB,N,8.516506
tcr_18_4,C,A,F,Y,2,91,CB,C,7.6883936
tcr_18_4,C,A,F,K,2,90,CB,C,5.76417
tcr_18_4,C,A,F,Y,2,91,CB,CB,6.4334226
tcr_18_4,C,A,F,Y,2,91,CB,O,8.207446
tcr_18_4,C,A,F,K,2,92,CB,CA,9.911469
tcr_18_4,C,A,F,K,2,90,CB,CG,5.011631
tcr_18_4,C,A,F,Q,2,94,CB,CG,7.704599
tcr_18_4,C,A,F,K,2,90,CB,CE,5.245393
tcr_18_4,C,A,F,Q,2,94,CB,OE1,7.886728
tcr_18_4,C,A,F,Q,2,94,CB,CD,8.287992
tcr_18_4,C,A,F,K,2,90,CB,CD,4.1314893
tcr_18_4,C,A,F,Q,2,94,CB,CB,7.326564
tcr_18_4,C,A,F,Q,2,94,CB,N,8.591044
tcr_18_4,C,A,F,K,2,90,CB,O,6.268608
tcr_18_4,C,A,F,Q,2,94,CB,CA,8.6308775
tcr_18_4,C,A,F,R,2,93,CB,C,9.715556
tcr_18_4,C,A,F,R,2,93,CB,CA,9.926729
tcr_18_4,C,A,F,R,2,93,CB,N,9.520583
tcr_18_4,C,A,F,R,2,93,CB,CB,9.444492
tcr_18_4,C,A,F,F,2,32,CB,CA,9.635994
tcr_18_4,C,A,F,F,2,32,CB,N,8.613816
tcr_18_4,C,A,F,F,2,32,CB,O,9.089538
tcr_18_4,C,A,F,A,2,48,CB,CA,8.262659
tcr_18_4,C,A,F,A,2,48,CB,C,8.415906
tcr_18_4,C,A,F,V,2,49,CB,N,8.510637
tcr_18_4,C,A,F,S,2,33,CB,CB,8.472815
tcr_18_4,C,A,F,S,2,33,CB,N,9.35255
tcr_18_4,C,A,F,S,2,33,CB,CA,9.441894
tcr_18_4,C,A,F,F,2,32,CB,C,9.245766
tcr_18_4,C,A,F,S,2,33,CB,OG,8.9907875
tcr_18_4,C,A,F,F,2,46,CB,CE2,8.943235
tcr_18_4,C,A,F,A,2,48,CB,N,9.296848
tcr_18_4,C,A,F,F,2,46,CB,CE1,8.012052
tcr_18_4,C,A,F,F,2,46,CB,CD1,9.372739
tcr_18_4,C,A,F,F,2,46,CB,CZ,7.761761
tcr_18_4,C,A,F,A,2,48,CB,CB,6.907234
tcr_18_4,C,A,F,A,2,95,CB,N,9.998458
tcr_18_4,C,A,F,Q,2,94,CB,NE2,9.471399
tcr_18_4,C,A,F,Q,2,94,CB,C,9.76188
tcr_18_4,C,A,F,Y,2,83,CG,CE2,9.905143
tcr_18_4,C,A,F,F,2,57,CG,CE1,9.437271
tcr_18_4,C,A,F,F,2,57,CG,CZ,8.559911
tcr_18_4,C,A,F,F,2,57,CG,CE2,8.927645
tcr_18_4,C,A,F,Y,2,195,CG,OH,9.317265
tcr_18_4,C,A,F,Y,2,83,CG,OH,8.823821
tcr_18_4,C,A,F,Y,2,83,CG,CZ,9.447559
tcr_18_4,C,A,F,Y,2,83,CG,CE1,9.900899
tcr_18_4,C,A,F,E,2,87,CG,CG,6.8384576
tcr_18_4,C,A,F,E,2,87,CG,CB,6.6931233
tcr_18_4,C,A,F,E,2,87,CG,C,6.6993494
tcr_18_4,C,A,F,Y,2,83,CG,O,9.932381
tcr_18_4,C,A,F,E,2,87,CG,N,7.874564
tcr_18_4,C,A,F,E,2,87,CG,CA,6.610214
tcr_18_4,C,A,F,T,2,88,CG,N,7.9534893
tcr_18_4,C,A,F,R,2,86,CG,C,8.286659
tcr_18_4,C,A,F,Q,2,89,CG,N,8.875735
tcr_18_4,C,A,F,R,2,86,CG,CA,9.743209
tcr_18_4,C,A,F,V,2,58,CG,CA,9.712335
tcr_18_4,C,A,F,V,2,58,CG,CG1,7.3316693
tcr_18_4,C,A,F,V,2,58,CG,CB,8.475011
tcr_18_4,C,A,F,G,2,50,CG,C,9.464831
tcr_18_4,C,A,F,V,2,58,CG,C,9.562157
tcr_18_4,C,A,F,R,2,59,CG,N,9.726267
tcr_18_4,C,A,F,G,2,50,CG,N,8.073318
tcr_18_4,C,A,F,V,2,58,CG,O,9.53287
tcr_18_4,C,A,F,V,2,49,CG,CA,8.459233
tcr_18_4,C,A,F,V,2,49,CG,CB,9.955824
tcr_18_4,C,A,F,Y,2,91,CG,CE2,5.2922254
tcr_18_4,C,A,F,V,2,58,CG,CG2,8.122754
tcr_18_4,C,A,F,Y,2,91,CG,OH,4.5391035
tcr_18_4,C,A,F,R,2,59,CG,O,9.384296
tcr_18_4,C,A,F,G,2,69,CG,N,9.867375
tcr_18_4,C,A,F,G,2,69,CG,CA,9.306031
tcr_18_4,C,A,F,Y,2,91,CG,CD2,5.609809
tcr_18_4,C,A,F,R,2,59,CG,C,9.197928
tcr_18_4,C,A,F,R,2,59,CG,CA,9.656042
tcr_18_4,C,A,F,F,2,60,CG,CB,7.900677
tcr_18_4,C,A,F,F,2,60,CG,CG,8.3935795
tcr_18_4,C,A,F,F,2,60,CG,CA,9.147191
tcr_18_4,C,A,F,F,2,60,CG,CD1,8.700475
tcr_18_4,C,A,F,F,2,60,CG,N,8.948789
tcr_18_4,C,A,F,A,2,48,CG,O,8.172069
tcr_18_4,C,A,F,F,2,60,CG,O,9.794991
tcr_18_4,C,A,F,F,2,60,CG,C,9.9865885
tcr_18_4,C,A,F,T,2,88,CG,C,8.522334
tcr_18_4,C,A,F,T,2,88,CG,O,8.455312
tcr_18_4,C,A,F,T,2,88,CG,CA,8.52798
tcr_18_4,C,A,F,F,2,60,CG,CE2,9.629852
tcr_18_4,C,A,F,F,2,60,CG,CD2,8.895023
tcr_18_4,C,A,F,F,2,60,CG,CZ,9.891773
tcr_18_4,C,A,F,F,2,60,CG,CE1,9.455698
tcr_18_4,C,A,F,T,2,187,CG,CG2,9.610082
tcr_18_4,C,A,F,K,2,90,CG,NZ,6.2215896
tcr_18_4,C,A,F,Y,2,183,CG,CB,9.650891
tcr_18_4,C,A,F,Y,2,183,CG,CD2,7.753814
tcr_18_4,C,A,F,M,2,29,CG,SD,9.211265
tcr_18_4,C,A,F,M,2,29,CG,CE,8.785758
tcr_18_4,C,A,F,M,2,29,CG,CG,9.649481
tcr_18_4,C,A,F,R,2,30,CG,CA,9.783763
tcr_18_4,C,A,F,R,2,30,CG,C,8.611574
tcr_18_4,C,A,F,Y,2,51,CG,N,9.942191
tcr_18_4,C,A,F,Y,2,31,CG,CA,6.804237
tcr_18_4,C,A,F,R,2,30,CG,O,8.755194
tcr_18_4,C,A,F,G,2,50,CG,CA,8.013419
tcr_18_4,C,A,F,Y,2,31,CG,C,7.4845943
tcr_18_4,C,A,F,Y,2,31,CG,N,7.6809235
tcr_18_4,C,A,F,Y,2,31,CG,O,7.9707937
tcr_18_4,C,A,F,G,2,124,CG,N,9.754074
tcr_18_4,C,A,F,F,2,123,CG,CA,9.095718
tcr_18_4,C,A,F,F,2,123,CG,N,8.986744
tcr_18_4,C,A,F,M,2,122,CG,C,9.893906
tcr_18_4,C,A,F,F,2,123,CG,C,9.014107
tcr_18_4,C,A,F,F,2,123,CG,O,8.50822
tcr_18_4,C,A,F,Y,2,31,CG,CZ,5.0308337
tcr_18_4,C,A,F,Y,2,31,CG,CE2,5.335744
tcr_18_4,C,A,F,E,2,87,CG,OE1,6.156566
tcr_18_4,C,A,F,E,2,87,CG,CD,5.7884946
tcr_18_4,C,A,F,Y,2,183,CG,CE2,6.8456655
tcr_18_4,C,A,F,Y,2,31,CG,OH,5.634606
tcr_18_4,C,A,F,E,2,87,CG,OE2,4.8465443
tcr_18_4,C,A,F,Y,2,183,CG,OH,6.1615562
tcr_18_4,C,A,F,Y,2,31,CG,CD2,5.2393885
tcr_18_4,C,A,F,F,2,123,CG,CE2,5.0133924
tcr_18_4,C,A,F,Y,2,31,CG,CE1,4.62369
tcr_18_4,C,A,F,F,2,123,CG,CZ,4.007256
tcr_18_4,C,A,F,Y,2,31,CG,CG,4.8308487
tcr_18_4,C,A,F,Y,2,91,CG,CZ,4.292071
tcr_18_4,C,A,F,Y,2,31,CG,CD1,4.518058
tcr_18_4,C,A,F,F,2,123,CG,CE1,4.686397
tcr_18_4,C,A,F,Y,2,91,CG,CE1,3.5283625
tcr_18_4,C,A,F,Y,2,31,CG,CB,5.3438606
tcr_18_4,C,A,F,V,2,49,CG,C,7.8726115
tcr_18_4,C,A,F,Y,2,91,CG,CD1,3.9971538
tcr_18_4,C,A,F,V,2,49,CG,O,7.5059314
tcr_18_4,C,A,F,Y,2,91,CG,CG,5.0464044
tcr_18_4,C,A,F,F,2,123,CG,CD2,6.333014
tcr_18_4,C,A,F,Y,2,183,CG,CZ,6.705331
tcr_18_4,C,A,F,Y,2,183,CG,CD1,8.327508
tcr_18_4,C,A,F,Y,2,183,CG,CE1,7.495609
tcr_18_4,C,A,F,Y,2,183,CG,CG,8.455555
tcr_18_4,C,A,F,F,2,123,CG,CG,6.7899013
tcr_18_4,C,A,F,F,2,123,CG,CB,8.29787
tcr_18_4,C,A,F,W,2,121,CG,CH2,5.9810963
tcr_18_4,C,A,F,F,2,123,CG,CD1,6.0750327
tcr_18_4,C,A,F,W,2,121,CG,CZ2,7.107637
tcr_18_4,C,A,F,W,2,121,CG,CZ3,5.590464
tcr_18_4,C,A,F,W,2,121,CG,NE1,9.015425
tcr_18_4,C,A,F,W,2,121,CG,CE3,6.445379
tcr_18_4,C,A,F,W,2,121,CG,CD2,7.52352
tcr_18_4,C,A,F,W,2,121,CG,CE2,7.7952447
tcr_18_4,C,A,F,Q,2,89,CG,CA,9.148569
tcr_18_4,C,A,F,K,2,90,CG,CB,4.6919494
tcr_18_4,C,A,F,K,2,90,CG,N,6.8443866
tcr_18_4,C,A,F,R,2,86,CG,O,7.7242074
tcr_18_4,C,A,F,Q,2,89,CG,CB,9.962487
tcr_18_4,C,A,F,Q,2,89,CG,C,7.994507
tcr_18_4,C,A,F,K,2,90,CG,CA,5.7532763
tcr_18_4,C,A,F,E,2,87,CG,O,5.8768888
tcr_18_4,C,A,F,Q,2,89,CG,O,8.300298
tcr_18_4,C,A,F,Y,2,91,CG,N,5.377624
tcr_18_4,C,A,F,Y,2,91,CG,CA,5.646394
tcr_18_4,C,A,F,K,2,92,CG,N,8.003925
tcr_18_4,C,A,F,Y,2,91,CG,C,7.0085735
tcr_18_4,C,A,F,K,2,90,CG,C,5.4051104
tcr_18_4,C,A,F,Y,2,91,CG,CB,5.9784465
tcr_18_4,C,A,F,K,2,92,CG,C,9.483481
tcr_18_4,C,A,F,Y,2,91,CG,O,7.330765
tcr_18_4,C,A,F,K,2,92,CG,CA,9.341064
tcr_18_4,C,A,F,K,2,90,CG,CG,5.5284076
tcr_18_4,C,A,F,Q,2,94,CG,CG,6.321077
tcr_18_4,C,A,F,K,2,90,CG,CE,6.237605
tcr_18_4,C,A,F,Q,2,94,CG,OE1,6.6640215
tcr_18_4,C,A,F,Q,2,94,CG,CD,6.9502015
tcr_18_4,C,A,F,K,2,90,CG,CD,4.9692893
tcr_18_4,C,A,F,Q,2,94,CG,CB,6.0931315
tcr_18_4,C,A,F,Q,2,94,CG,N,7.639212
tcr_18_4,C,A,F,K,2,90,CG,O,5.655709
tcr_18_4,C,A,F,Q,2,94,CG,CA,7.486719
tcr_18_4,C,A,F,R,2,93,CG,C,8.843247
tcr_18_4,C,A,F,R,2,93,CG,O,9.774342
tcr_18_4,C,A,F,R,2,93,CG,CD,9.718589
tcr_18_4,C,A,F,R,2,93,CG,CA,9.253716
tcr_18_4,C,A,F,R,2,93,CG,CG,9.739521
tcr_18_4,C,A,F,R,2,93,CG,N,8.917594
tcr_18_4,C,A,F,R,2,93,CG,CB,8.925869
tcr_18_4,C,A,F,F,2,32,CG,CA,8.659394
tcr_18_4,C,A,F,F,2,32,CG,N,7.785207
tcr_18_4,C,A,F,F,2,32,CG,O,8.081221
tcr_18_4,C,A,F,A,2,48,CG,CA,7.351365
tcr_18_4,C,A,F,A,2,48,CG,C,7.7286005
tcr_18_4,C,A,F,V,2,49,CG,N,7.854034
tcr_18_4,C,A,F,S,2,33,CG,CB,7.0744877
tcr_18_4,C,A,F,S,2,33,CG,N,8.11977
tcr_18_4,C,A,F,S,2,33,CG,CA,8.131865
tcr_18_4,C,A,F,F,2,32,CG,C,8.158736
tcr_18_4,C,A,F,S,2,33,CG,C,9.533868
tcr_18_4,C,A,F,S,2,33,CG,OG,7.5279226
tcr_18_4,C,A,F,W,2,121,CG,C,9.679885
tcr_18_4,C,A,F,W,2,121,CG,O,9.0116625
tcr_18_4,C,A,F,W,2,121,CG,CG,8.738331
tcr_18_4,C,A,F,W,2,121,CG,CB,9.283336
tcr_18_4,C,A,F,W,2,121,CG,CD1,9.518632
tcr_18_4,C,A,F,I,2,47,CG,O,9.194453
tcr_18_4,C,A,F,F,2,46,CG,CE2,7.568464
tcr_18_4,C,A,F,A,2,48,CG,N,8.369387
tcr_18_4,C,A,F,F,2,46,CG,CE1,6.8757205
tcr_18_4,C,A,F,F,2,46,CG,CD1,8.267631
tcr_18_4,C,A,F,F,2,46,CG,CG,9.165121
tcr_18_4,C,A,F,F,2,46,CG,CZ,6.4596205
tcr_18_4,C,A,F,A,2,48,CG,CB,5.9458394
tcr_18_4,C,A,F,I,2,47,CG,C,9.203355
tcr_18_4,C,A,F,F,2,46,CG,CD2,8.849721
tcr_18_4,C,A,F,A,2,95,CG,N,8.852581
tcr_18_4,C,A,F,Q,2,94,CG,NE2,8.097976
tcr_18_4,C,A,F,Q,2,94,CG,O,9.364959
tcr_18_4,C,A,F,D,2,98,CG,OD2,9.908824
tcr_18_4,C,A,F,Q,2,94,CG,C,8.552877
tcr_18_4,C,A,F,F,2,57,CD1,CZ,9.957702
tcr_18_4,C,A,F,Y,2,83,CD1,OH,9.967368
tcr_18_4,C,A,F,E,2,87,CD1,CG,7.5427165
tcr_18_4,C,A,F,E,2,87,CD1,CB,7.2534914
tcr_18_4,C,A,F,E,2,87,CD1,C,6.800755
tcr_18_4,C,A,F,E,2,87,CD1,N,8.060221
tcr_18_4,C,A,F,E,2,87,CD1,CA,6.877396
tcr_18_4,C,A,F,T,2,88,CD1,N,8.030398
tcr_18_4,C,A,F,R,2,86,CD1,C,8.260785
tcr_18_4,C,A,F,Q,2,89,CD1,N,8.484669
tcr_18_4,C,A,F,R,2,86,CD1,CA,9.696993
tcr_18_4,C,A,F,V,2,58,CD1,CG1,8.628599
tcr_18_4,C,A,F,V,2,58,CD1,CB,9.717487
tcr_18_4,C,A,F,G,2,50,CD1,N,9.293758
tcr_18_4,C,A,F,V,2,49,CD1,CA,9.450499
tcr_18_4,C,A,F,Y,2,91,CD1,CE2,5.915124
tcr_18_4,C,A,F,V,2,58,CD1,CG2,9.248007
tcr_18_4,C,A,F,Y,2,91,CD1,OH,5.639154
tcr_18_4,C,A,F,G,2,69,CD1,CA,9.890169
tcr_18_4,C,A,F,Y,2,91,CD1,CD2,5.9140034
tcr_18_4,C,A,F,R,2,59,CD1,C,9.987621
tcr_18_4,C,A,F,F,2,60,CD1,CB,8.261845
tcr_18_4,C,A,F,F,2,60,CD1,CG,8.52037
tcr_18_4,C,A,F,F,2,60,CD1,CA,9.612992
tcr_18_4,C,A,F,F,2,60,CD1,CD1,8.65864
tcr_18_4,C,A,F,F,2,60,CD1,N,9.601795
tcr_18_4,C,A,F,A,2,48,CD1,O,8.912526
tcr_18_4,C,A,F,T,2,88,CD1,C,8.210344
tcr_18_4,C,A,F,T,2,88,CD1,CB,9.996818
tcr_18_4,C,A,F,T,2,88,CD1,O,8.028001
tcr_18_4,C,A,F,T,2,88,CD1,CA,8.466412
tcr_18_4,C,A,F,F,2,60,CD1,CE2,9.533517
tcr_18_4,C,A,F,F,2,60,CD1,CD2,8.982641
tcr_18_4,C,A,F,F,2,60,CD1,CZ,9.651107
tcr_18_4,C,A,F,F,2,60,CD1,CE1,9.23405
tcr_18_4,C,A,F,K,2,90,CD1,NZ,6.3658643
tcr_18_4,C,A,F,Y,2,183,CD1,CB,9.568329
tcr_18_4,C,A,F,Y,2,183,CD1,CD2,7.902866
tcr_18_4,C,A,F,M,2,29,CD1,CE,9.872255
tcr_18_4,C,A,F,R,2,30,CD1,C,9.712311
tcr_18_4,C,A,F,Y,2,31,CD1,CA,7.791031
tcr_18_4,C,A,F,R,2,30,CD1,O,9.941745
tcr_18_4,C,A,F,G,2,50,CD1,CA,9.312954
tcr_18_4,C,A,F,Y,2,31,CD1,C,8.289618
tcr_18_4,C,A,F,Y,2,31,CD1,N,8.687261
tcr_18_4,C,A,F,Y,2,31,CD1,O,8.642786
tcr_18_4,C,A,F,F,2,123,CD1,CA,9.484793
tcr_18_4,C,A,F,F,2,123,CD1,N,9.379024
tcr_18_4,C,A,F,F,2,123,CD1,C,9.598524
tcr_18_4,C,A,F,F,2,123,CD1,O,9.233893
tcr_18_4,C,A,F,Y,2,31,CD1,CZ,6.4133244
tcr_18_4,C,A,F,Y,2,31,CD1,CE2,6.628899
tcr_18_4,C,A,F,E,2,87,CD1,OE1,6.677266
tcr_18_4,C,A,F,E,2,87,CD1,CD,6.492365
tcr_18_4,C,A,F,Y,2,183,CD1,CE2,7.2090178
tcr_18_4,C,A,F,Y,2,31,CD1,OH,6.9909606
tcr_18_4,C,A,F,E,2,87,CD1,OE2,5.7308865
tcr_18_4,C,A,F,Y,2,183,CD1,OH,6.896301
tcr_18_4,C,A,F,Y,2,31,CD1,CD2,6.4430866
tcr_18_4,C,A,F,F,2,123,CD1,CE2,5.535638
tcr_18_4,C,A,F,Y,2,31,CD1,CE1,6.0158367
tcr_18_4,C,A,F,F,2,123,CD1,CZ,4.4626365
tcr_18_4,C,A,F,Y,2,31,CD1,CG,6.028047
tcr_18_4,C,A,F,Y,2,91,CD1,CZ,5.12298
tcr_18_4,C,A,F,Y,2,31,CD1,CD1,5.8162937
tcr_18_4,C,A,F,F,2,123,CD1,CE1,4.9138923
tcr_18_4,C,A,F,Y,2,91,CD1,CE1,4.20188
tcr_18_4,C,A,F,Y,2,31,CD1,CB,6.3228054
tcr_18_4,C,A,F,V,2,49,CD1,C,8.978944
tcr_18_4,C,A,F,Y,2,91,CD1,CD1,4.209119
tcr_18_4,C,A,F,V,2,49,CD1,O,8.563491
tcr_18_4,C,A,F,Y,2,91,CD1,CG,5.1296177
tcr_18_4,C,A,F,F,2,123,CD1,CD2,6.7512684
tcr_18_4,C,A,F,Y,2,183,CD1,CZ,7.1980247
tcr_18_4,C,A,F,Y,2,183,CD1,CD1,8.506918
tcr_18_4,C,A,F,Y,2,183,CD1,CE1,7.8729405
tcr_18_4,C,A,F,Y,2,183,CD1,CG,8.530258
tcr_18_4,C,A,F,F,2,123,CD1,CG,7.064745
tcr_18_4,C,A,F,F,2,123,CD1,CB,8.523413
tcr_18_4,C,A,F,W,2,121,CD1,CH2,5.344502
tcr_18_4,C,A,F,F,2,123,CD1,CD1,6.2505946
tcr_18_4,C,A,F,W,2,121,CD1,CZ2,6.6125646
tcr_18_4,C,A,F,W,2,121,CD1,CZ3,4.913302
tcr_18_4,C,A,F,W,2,121,CD1,NE1,8.686227
tcr_18_4,C,A,F,W,2,121,CD1,CE3,5.910573
tcr_18_4,C,A,F,W,2,121,CD1,CD2,7.100024
tcr_18_4,C,A,F,W,2,121,CD1,CE2,7.381248
tcr_18_4,C,A,F,Q,2,89,CD1,CA,8.544614
tcr_18_4,C,A,F,K,2,90,CD1,CB,4.033496
tcr_18_4,C,A,F,K,2,90,CD1,N,6.172898
tcr_18_4,C,A,F,R,2,86,CD1,O,7.5156317
tcr_18_4,C,A,F,Q,2,89,CD1,CB,9.348531
tcr_18_4,C,A,F,Q,2,89,CD1,C,7.2527475
tcr_18_4,C,A,F,K,2,90,CD1,CA,4.909862
tcr_18_4,C,A,F,E,2,87,CD1,O,5.8342977
tcr_18_4,C,A,F,Q,2,89,CD1,O,7.4021163
tcr_18_4,C,A,F,K,2,92,CD1,CB,9.575058
tcr_18_4,C,A,F,Y,2,91,CD1,N,4.735218
tcr_18_4,C,A,F,Y,2,91,CD1,CA,5.0524426
tcr_18_4,C,A,F,K,2,92,CD1,N,7.2581296
tcr_18_4,C,A,F,Y,2,91,CD1,C,6.2588744
tcr_18_4,C,A,F,K,2,90,CD1,C,4.495893
tcr_18_4,C,A,F,Y,2,91,CD1,CB,5.729191
tcr_18_4,C,A,F,K,2,92,CD1,C,8.467786
tcr_18_4,C,A,F,Y,2,91,CD1,O,6.4946876
tcr_18_4,C,A,F,K,2,92,CD1,CA,8.504282
tcr_18_4,C,A,F,K,2,90,CD1,CG,4.966035
tcr_18_4,C,A,F,Q,2,94,CD1,CG,5.23569
tcr_18_4,C,A,F,K,2,90,CD1,CE,6.082246
tcr_18_4,C,A,F,Q,2,94,CD1,OE1,5.396831
tcr_18_4,C,A,F,Q,2,94,CD1,CD,5.7728944
tcr_18_4,C,A,F,K,2,90,CD1,CD,4.726865
tcr_18_4,C,A,F,Q,2,94,CD1,CB,4.910471
tcr_18_4,C,A,F,Q,2,94,CD1,N,6.3829126
tcr_18_4,C,A,F,K,2,90,CD1,O,4.537111
tcr_18_4,C,A,F,Q,2,94,CD1,CA,6.244055
tcr_18_4,C,A,F,R,2,93,CD1,C,7.563035
tcr_18_4,C,A,F,T,2,97,CD1,OG1,9.396949
tcr_18_4,C,A,F,R,2,93,CD1,O,8.463696
tcr_18_4,C,A,F,R,2,93,CD1,NH1,9.841126
tcr_18_4,C,A,F,R,2,93,CD1,CD,8.420204
tcr_18_4,C,A,F,R,2,93,CD1,NE,9.579524
tcr_18_4,C,A,F,R,2,93,CD1,CA,8.025049
tcr_18_4,C,A,F,R,2,93,CD1,CG,8.414717
tcr_18_4,C,A,F,R,2,93,CD1,N,7.8209558
tcr_18_4,C,A,F,R,2,93,CD1,CB,7.6731505
tcr_18_4,C,A,F,F,2,32,CD1,CA,9.28863
tcr_18_4,C,A,F,F,2,32,CD1,N,8.574508
tcr_18_4,C,A,F,F,2,32,CD1,O,8.669446
tcr_18_4,C,A,F,A,2,48,CD1,CA,7.837231
tcr_18_4,C,A,F,A,2,48,CD1,C,8.441509
tcr_18_4,C,A,F,V,2,49,CD1,N,8.685319
tcr_18_4,C,A,F,S,2,33,CD1,CB,7.0257916
tcr_18_4,C,A,F,S,2,33,CD1,N,8.4221115
tcr_18_4,C,A,F,S,2,33,CD1,CA,8.268665
tcr_18_4,C,A,F,F,2,32,CD1,C,8.67122
tcr_18_4,C,A,F,S,2,33,CD1,C,9.55978
tcr_18_4,C,A,F,S,2,33,CD1,OG,7.2900953
tcr_18_4,C,A,F,W,2,121,CD1,C,9.735784
tcr_18_4,C,A,F,W,2,121,CD1,O,9.172649
tcr_18_4,C,A,F,W,2,121,CD1,CG,8.403894
tcr_18_4,C,A,F,W,2,121,CD1,CB,8.974073
tcr_18_4,C,A,F,W,2,121,CD1,CD1,9.224348
tcr_18_4,C,A,F,I,2,47,CD1,O,9.350901
tcr_18_4,C,A,F,F,2,46,CD1,CE2,7.0279303
tcr_18_4,C,A,F,A,2,48,CD1,N,8.708594
tcr_18_4,C,A,F,F,2,46,CD1,CE1,6.5168653
tcr_18_4,C,A,F,F,2,46,CD1,CD1,7.8785853
tcr_18_4,C,A,F,F,2,46,CD1,CG,8.684505
tcr_18_4,C,A,F,F,2,46,CD1,CZ,6.0089035
tcr_18_4,C,A,F,A,2,48,CD1,CB,6.3599615
tcr_18_4,C,A,F,I,2,47,CD1,C,9.408328
tcr_18_4,C,A,F,F,2,46,CD1,CD2,8.304224
tcr_18_4,C,A,F,A,2,95,CD1,N,7.8127847
tcr_18_4,C,A,F,Q,2,94,CD1,NE2,6.9809184
tcr_18_4,C,A,F,D,2,98,CD1,OD1,9.048754
tcr_18_4,C,A,F,D,2,98,CD1,CG,9.418616
tcr_18_4,C,A,F,Q,2,94,CD1,O,8.21769
tcr_18_4,C,A,F,D,2,98,CD1,OD2,9.1428995
tcr_18_4,C,A,F,Q,2,94,CD1,C,7.412703
tcr_18_4,C,A,F,A,2,95,CD1,CB,9.534276
tcr_18_4,C,A,F,A,2,95,CD1,CA,9.131466
tcr_18_4,C,A,F,K,2,92,CD1,O,9.221098
tcr_18_4,C,A,F,T,2,97,CD1,CB,9.596856
tcr_18_4,C,A,F,F,2,57,CD2,CE1,8.792174
tcr_18_4,C,A,F,F,2,57,CD2,CZ,8.083365
tcr_18_4,C,A,F,F,2,57,CD2,CD2,9.682642
tcr_18_4,C,A,F,F,2,57,CD2,CE2,8.5782995
tcr_18_4,C,A,F,Y,2,195,CD2,OH,9.555285
tcr_18_4,C,A,F,Y,2,83,CD2,OH,9.096145
tcr_18_4,C,A,F,Y,2,83,CD2,CZ,9.872698
tcr_18_4,C,A,F,E,2,87,CD2,CG,7.597802
tcr_18_4,C,A,F,E,2,87,CD2,CB,7.438161
tcr_18_4,C,A,F,E,2,87,CD2,C,7.5663905
tcr_18_4,C,A,F,E,2,87,CD2,N,8.900443
tcr_18_4,C,A,F,E,2,87,CD2,CA,7.556485
tcr_18_4,C,A,F,T,2,88,CD2,N,8.753265
tcr_18_4,C,A,F,R,2,86,CD2,C,9.42588
tcr_18_4,C,A,F,Q,2,89,CD2,N,9.852114
tcr_18_4,C,A,F,V,2,58,CD2,CA,9.098003
tcr_18_4,C,A,F,F,2,57,CD2,CD1,9.871867
tcr_18_4,C,A,F,V,2,58,CD2,N,9.749901
tcr_18_4,C,A,F,V,2,58,CD2,CG1,6.727054
tcr_18_4,C,A,F,V,2,58,CD2,CB,7.9957757
tcr_18_4,C,A,F,G,2,50,CD2,C,8.426936
tcr_18_4,C,A,F,G,2,50,CD2,O,9.247913
tcr_18_4,C,A,F,V,2,58,CD2,C,8.812363
tcr_18_4,C,A,F,R,2,59,CD2,N,9.050556
tcr_18_4,C,A,F,G,2,50,CD2,N,6.9459653
tcr_18_4,C,A,F,V,2,58,CD2,O,8.632527
tcr_18_4,C,A,F,V,2,49,CD2,CA,7.239704
tcr_18_4,C,A,F,V,2,49,CD2,CB,8.7031765
tcr_18_4,C,A,F,V,2,49,CD2,CG1,9.558225
tcr_18_4,C,A,F,Y,2,91,CD2,CE2,5.4470696
tcr_18_4,C,A,F,V,2,58,CD2,CG2,7.809682
tcr_18_4,C,A,F,Y,2,91,CD2,OH,4.3373
tcr_18_4,C,A,F,R,2,59,CD2,O,8.955893
tcr_18_4,C,A,F,G,2,69,CD2,CA,9.395727
tcr_18_4,C,A,F,Y,2,91,CD2,CD2,5.866276
tcr_18_4,C,A,F,R,2,59,CD2,C,8.602484
tcr_18_4,C,A,F,R,2,59,CD2,CA,8.90946
tcr_18_4,C,A,F,F,2,60,CD2,CB,7.5413847
tcr_18_4,C,A,F,F,2,60,CD2,CG,8.204906
tcr_18_4,C,A,F,F,2,60,CD2,CA,8.653658
tcr_18_4,C,A,F,F,2,60,CD2,CD1,8.462044
tcr_18_4,C,A,F,F,2,60,CD2,N,8.310433
tcr_18_4,C,A,F,A,2,48,CD2,O,7.1721034
tcr_18_4,C,A,F,F,2,60,CD2,O,9.072989
tcr_18_4,C,A,F,F,2,60,CD2,C,9.401626
tcr_18_4,C,A,F,T,2,88,CD2,C,9.349355
tcr_18_4,C,A,F,T,2,88,CD2,O,9.198964
tcr_18_4,C,A,F,T,2,88,CD2,CA,9.246029
tcr_18_4,C,A,F,F,2,60,CD2,CE2,9.749758
tcr_18_4,C,A,F,F,2,60,CD2,CD2,8.899409
tcr_18_4,C,A,F,F,2,60,CD2,CZ,9.960407
tcr_18_4,C,A,F,F,2,60,CD2,CE1,9.356891
tcr_18_4,C,A,F,K,2,90,CD2,NZ,7.4731345
tcr_18_4,C,A,F,Y,2,183,CD2,CD2,8.40995
tcr_18_4,C,A,F,R,2,30,CD2,N,9.425828
tcr_18_4,C,A,F,M,2,29,CD2,SD,8.931477
tcr_18_4,C,A,F,M,2,29,CD2,CE,8.63812
tcr_18_4,C,A,F,M,2,29,CD2,CG,9.121383
tcr_18_4,C,A,F,R,2,30,CD2,CA,8.77224
tcr_18_4,C,A,F,R,2,30,CD2,C,7.5246043
tcr_18_4,C,A,F,Y,2,51,CD2,N,8.893173
tcr_18_4,C,A,F,Y,2,31,CD2,CA,5.5616183
tcr_18_4,C,A,F,R,2,30,CD2,O,7.6439734
tcr_18_4,C,A,F,R,2,30,CD2,CB,9.847445
tcr_18_4,C,A,F,G,2,50,CD2,CA,6.947079
tcr_18_4,C,A,F,Y,2,31,CD2,C,6.170052
tcr_18_4,C,A,F,Y,2,31,CD2,N,6.5650196
tcr_18_4,C,A,F,Y,2,31,CD2,O,6.7256103
tcr_18_4,C,A,F,G,2,124,CD2,CA,9.434512
tcr_18_4,C,A,F,G,2,124,CD2,N,9.110198
tcr_18_4,C,A,F,F,2,123,CD2,CA,8.322361
tcr_18_4,C,A,F,F,2,123,CD2,N,8.04892
tcr_18_4,C,A,F,M,2,122,CD2,C,8.929998
tcr_18_4,C,A,F,F,2,123,CD2,C,8.243285
tcr_18_4,C,A,F,F,2,123,CD2,O,7.6312895
tcr_18_4,C,A,F,M,2,122,CD2,O,9.881508
tcr_18_4,C,A,F,Y,2,31,CD2,CZ,4.607548
tcr_18_4,C,A,F,Y,2,31,CD2,CE2,4.8881364
tcr_18_4,C,A,F,E,2,87,CD2,OE1,7.1962843
tcr_18_4,C,A,F,E,2,87,CD2,CD,6.6608977
tcr_18_4,C,A,F,Y,2,183,CD2,CE2,7.416992
tcr_18_4,C,A,F,Y,2,31,CD2,OH,5.4789085
tcr_18_4,C,A,F,E,2,87,CD2,OE2,5.594003
tcr_18_4,C,A,F,Y,2,183,CD2,OH,6.3072557
tcr_18_4,C,A,F,Y,2,31,CD2,CD2,4.5302525
tcr_18_4,C,A,F,F,2,123,CD2,CE2,4.6790204
tcr_18_4,C,A,F,Y,2,31,CD2,CE1,3.9273965
tcr_18_4,C,A,F,F,2,123,CD2,CZ,3.5268452
tcr_18_4,C,A,F,Y,2,31,CD2,CG,3.8156419
tcr_18_4,C,A,F,Y,2,91,CD2,CZ,4.2243834
tcr_18_4,C,A,F,Y,2,31,CD2,CD1,3.4794555
tcr_18_4,C,A,F,F,2,123,CD2,CE1,4.0053806
tcr_18_4,C,A,F,Y,2,91,CD2,CE1,3.3007517
tcr_18_4,C,A,F,Y,2,31,CD2,CB,4.158134
tcr_18_4,C,A,F,V,2,49,CD2,C,6.628088
tcr_18_4,C,A,F,Y,2,91,CD2,CD1,3.9644685
tcr_18_4,C,A,F,V,2,49,CD2,O,6.180721
tcr_18_4,C,A,F,Y,2,91,CD2,CG,5.242412
tcr_18_4,C,A,F,F,2,123,CD2,CD2,5.911692
tcr_18_4,C,A,F,Y,2,183,CD2,CZ,7.0140095
tcr_18_4,C,A,F,Y,2,183,CD2,CD1,8.638054
tcr_18_4,C,A,F,Y,2,183,CD2,CE1,7.6797094
tcr_18_4,C,A,F,Y,2,183,CD2,CG,8.982897
tcr_18_4,C,A,F,F,2,123,CD2,CG,6.21606
tcr_18_4,C,A,F,F,2,123,CD2,CB,7.700876
tcr_18_4,C,A,F,W,2,121,CD2,CH2,5.919324
tcr_18_4,C,A,F,F,2,123,CD2,CD1,5.3919673
tcr_18_4,C,A,F,W,2,121,CD2,CZ2,6.915042
tcr_18_4,C,A,F,W,2,121,CD2,CZ3,5.3749614
tcr_18_4,C,A,F,W,2,121,CD2,NE1,8.503363
tcr_18_4,C,A,F,W,2,121,CD2,CE3,5.960935
tcr_18_4,C,A,F,W,2,121,CD2,CD2,6.9663615
tcr_18_4,C,A,F,W,2,121,CD2,CE2,7.374467
tcr_18_4,C,A,F,K,2,90,CD2,CB,5.979413
tcr_18_4,C,A,F,K,2,90,CD2,N,7.98555
tcr_18_4,C,A,F,R,2,86,CD2,O,8.921708
tcr_18_4,C,A,F,Q,2,89,CD2,C,9.067499
tcr_18_4,C,A,F,K,2,90,CD2,CA,6.920626
tcr_18_4,C,A,F,E,2,87,CD2,O,6.746069
tcr_18_4,C,A,F,Q,2,89,CD2,O,9.316462
tcr_18_4,C,A,F,Y,2,91,CD2,N,6.1613545
tcr_18_4,C,A,F,Y,2,91,CD2,CA,6.1231823
tcr_18_4,C,A,F,K,2,92,CD2,N,8.564311
tcr_18_4,C,A,F,Y,2,91,CD2,C,7.4541006
tcr_18_4,C,A,F,K,2,90,CD2,C,6.3591323
tcr_18_4,C,A,F,Y,2,91,CD2,CB,6.2616353
tcr_18_4,C,A,F,Y,2,91,CD2,O,7.6416016
tcr_18_4,C,A,F,K,2,92,CD2,CA,9.884802
tcr_18_4,C,A,F,K,2,90,CD2,CG,6.9047112
tcr_18_4,C,A,F,Q,2,94,CD2,CG,6.3516335
tcr_18_4,C,A,F,K,2,90,CD2,CE,7.594653
tcr_18_4,C,A,F,Q,2,94,CD2,OE1,7.0106683
tcr_18_4,C,A,F,Q,2,94,CD2,CD,7.090124
tcr_18_4,C,A,F,K,2,90,CD2,CD,6.3501463
tcr_18_4,C,A,F,Q,2,94,CD2,CB,6.3743653
tcr_18_4,C,A,F,Q,2,94,CD2,N,8.214519
tcr_18_4,C,A,F,K,2,90,CD2,O,6.521749
tcr_18_4,C,A,F,Q,2,94,CD2,CA,7.8629436
tcr_18_4,C,A,F,R,2,93,CD2,C,9.48766
tcr_18_4,C,A,F,R,2,93,CD2,N,9.663084
tcr_18_4,C,A,F,R,2,93,CD2,CB,9.877046
tcr_18_4,C,A,F,F,2,32,CD2,CA,7.2756085
tcr_18_4,C,A,F,F,2,32,CD2,CG,9.361468
tcr_18_4,C,A,F,F,2,32,CD2,N,6.401149
tcr_18_4,C,A,F,V,2,49,CD2,CG2,9.010531
tcr_18_4,C,A,F,F,2,32,CD2,CD2,9.354112
tcr_18_4,C,A,F,F,2,32,CD2,CB,8.606727
tcr_18_4,C,A,F,M,2,122,CD2,CA,8.990021
tcr_18_4,C,A,F,M,2,122,CD2,N,9.168395
tcr_18_4,C,A,F,F,2,32,CD2,O,6.7177153
tcr_18_4,C,A,F,A,2,48,CD2,CA,6.256154
tcr_18_4,C,A,F,A,2,48,CD2,C,6.603266
tcr_18_4,C,A,F,V,2,49,CD2,N,6.610537
tcr_18_4,C,A,F,S,2,33,CD2,CB,6.0256295
tcr_18_4,C,A,F,T,2,34,CD2,N,9.052023
tcr_18_4,C,A,F,S,2,33,CD2,N,6.8339095
tcr_18_4,C,A,F,S,2,33,CD2,CA,6.9445825
tcr_18_4,C,A,F,F,2,32,CD2,C,6.7937193
tcr_18_4,C,A,F,S,2,33,CD2,C,8.395098
tcr_18_4,C,A,F,S,2,33,CD2,O,9.063471
tcr_18_4,C,A,F,S,2,33,CD2,OG,6.5982013
tcr_18_4,C,A,F,W,2,121,CD2,C,8.611164
tcr_18_4,C,A,F,W,2,121,CD2,O,7.8512335
tcr_18_4,C,A,F,W,2,121,CD2,CG,8.034449
tcr_18_4,C,A,F,W,2,121,CD2,CB,8.461019
tcr_18_4,C,A,F,W,2,121,CD2,N,9.850499
tcr_18_4,C,A,F,W,2,121,CD2,CA,9.250208
tcr_18_4,C,A,F,W,2,121,CD2,CD1,8.854509
tcr_18_4,C,A,F,I,2,47,CD2,O,8.139783
tcr_18_4,C,A,F,F,2,46,CD2,CE2,7.055314
tcr_18_4,C,A,F,A,2,48,CD2,N,7.392828
tcr_18_4,C,A,F,F,2,46,CD2,CE1,6.4850955
tcr_18_4,C,A,F,F,2,46,CD2,CD1,7.8830285
tcr_18_4,C,A,F,F,2,46,CD2,CG,8.726631
tcr_18_4,C,A,F,F,2,46,CD2,CZ,5.989393
tcr_18_4,C,A,F,A,2,48,CD2,CB,4.952765
tcr_18_4,C,A,F,I,2,47,CD2,C,8.21775
tcr_18_4,C,A,F,F,2,46,CD2,CD2,8.355967
tcr_18_4,C,A,F,I,2,47,CD2,CA,9.54582
tcr_18_4,C,A,F,I,2,47,CD2,N,9.915295
tcr_18_4,C,A,F,A,2,95,CD2,N,9.018894
tcr_18_4,C,A,F,Q,2,94,CD2,NE2,8.118232
tcr_18_4,C,A,F,D,2,98,CD2,OD1,9.791153
tcr_18_4,C,A,F,Q,2,94,CD2,O,9.4831915
tcr_18_4,C,A,F,D,2,98,CD2,OD2,9.446838
tcr_18_4,C,A,F,Q,2,94,CD2,C,8.749181
tcr_18_4,C,A,F,E,2,87,CE1,CG,8.823683
tcr_18_4,C,A,F,E,2,87,CE1,CB,8.418656
tcr_18_4,C,A,F,E,2,87,CE1,C,7.7447762
tcr_18_4,C,A,F,E,2,87,CE1,N,9.22339
tcr_18_4,C,A,F,E,2,87,CE1,CA,8.016071
tcr_18_4,C,A,F,T,2,88,CE1,N,8.892704
tcr_18_4,C,A,F,R,2,86,CE1,C,9.378076
tcr_18_4,C,A,F,Q,2,89,CE1,N,9.140882
tcr_18_4,C,A,F,V,2,58,CE1,CG1,9.301546
tcr_18_4,C,A,F,G,2,50,CE1,N,9.515206
tcr_18_4,C,A,F,V,2,49,CE1,CA,9.375031
tcr_18_4,C,A,F,Y,2,91,CE1,CE2,6.6046515
tcr_18_4,C,A,F,V,2,58,CE1,CG2,9.9982395
tcr_18_4,C,A,F,Y,2,91,CE1,OH,6.4145427
tcr_18_4,C,A,F,Y,2,91,CE1,CD2,6.438439
tcr_18_4,C,A,F,F,2,60,CE1,CB,8.283787
tcr_18_4,C,A,F,F,2,60,CE1,CG,8.468781
tcr_18_4,C,A,F,F,2,60,CE1,CA,9.614089
tcr_18_4,C,A,F,F,2,60,CE1,CD1,8.3848
tcr_18_4,C,A,F,F,2,60,CE1,N,9.660416
tcr_18_4,C,A,F,A,2,48,CE1,O,8.761896
tcr_18_4,C,A,F,F,2,60,CE1,O,9.83072
tcr_18_4,C,A,F,T,2,88,CE1,C,8.777658
tcr_18_4,C,A,F,T,2,88,CE1,O,8.405084
tcr_18_4,C,A,F,T,2,88,CE1,CA,9.134547
tcr_18_4,C,A,F,F,2,60,CE1,CE2,9.565796
tcr_18_4,C,A,F,F,2,60,CE1,CD2,9.0794935
tcr_18_4,C,A,F,F,2,60,CE1,CZ,9.485892
tcr_18_4,C,A,F,F,2,60,CE1,CE1,8.913566
tcr_18_4,C,A,F,K,2,90,CE1,NZ,7.7054877
tcr_18_4,C,A,F,Y,2,183,CE1,CD2,8.675391
tcr_18_4,C,A,F,R,2,30,CE1,C,9.839749
tcr_18_4,C,A,F,Y,2,31,CE1,CA,7.7244816
tcr_18_4,C,A,F,G,2,50,CE1,CA,9.652022
tcr_18_4,C,A,F,Y,2,31,CE1,C,7.9645877
tcr_18_4,C,A,F,Y,2,31,CE1,N,8.714347
tcr_18_4,C,A,F,Y,2,31,CE1,O,8.218304
tcr_18_4,C,A,F,F,2,123,CE1,CA,9.147487
tcr_18_4,C,A,F,F,2,123,CE1,N,8.89816
tcr_18_4,C,A,F,M,2,122,CE1,C,9.547061
tcr_18_4,C,A,F,F,2,123,CE1,C,9.466693
tcr_18_4,C,A,F,F,2,123,CE1,O,9.159119
tcr_18_4,C,A,F,Y,2,31,CE1,CZ,7.261558
tcr_18_4,C,A,F,Y,2,31,CE1,CE2,7.3952103
tcr_18_4,C,A,F,E,2,87,CE1,OE1,8.064052
tcr_18_4,C,A,F,E,2,87,CE1,CD,7.844402
tcr_18_4,C,A,F,Y,2,183,CE1,CE2,8.06748
tcr_18_4,C,A,F,Y,2,31,CE1,OH,8.006218
tcr_18_4,C,A,F,E,2,87,CE1,OE2,7.0629544
tcr_18_4,C,A,F,Y,2,183,CE1,OH,7.669468
tcr_18_4,C,A,F,Y,2,31,CE1,CD2,6.966065
tcr_18_4,C,A,F,F,2,123,CE1,CE2,5.7315636
tcr_18_4,C,A,F,Y,2,31,CE1,CE1,6.7037024
tcr_18_4,C,A,F,F,2,123,CE1,CZ,4.4862494
tcr_18_4,C,A,F,Y,2,31,CE1,CG,6.361792
tcr_18_4,C,A,F,Y,2,91,CE1,CZ,5.785523
tcr_18_4,C,A,F,Y,2,31,CE1,CD1,6.2336473
tcr_18_4,C,A,F,F,2,123,CE1,CE1,4.5188217
tcr_18_4,C,A,F,Y,2,91,CE1,CE1,4.617489
tcr_18_4,C,A,F,Y,2,31,CE1,CB,6.330492
tcr_18_4,C,A,F,V,2,49,CE1,C,9.008778
tcr_18_4,C,A,F,Y,2,91,CE1,CD1,4.3874454
tcr_18_4,C,A,F,V,2,49,CE1,O,8.493518
tcr_18_4,C,A,F,Y,2,91,CE1,CG,5.4072666
tcr_18_4,C,A,F,F,2,123,CE1,CD2,6.7700067
tcr_18_4,C,A,F,Y,2,183,CE1,CZ,7.9219084
tcr_18_4,C,A,F,Y,2,183,CE1,CD1,8.974191
tcr_18_4,C,A,F,Y,2,183,CE1,CE1,8.3932495
tcr_18_4,C,A,F,Y,2,183,CE1,CG,9.116382
tcr_18_4,C,A,F,F,2,123,CE1,CG,6.7992387
tcr_18_4,C,A,F,D,2,138,CE1,OD2,9.672032
tcr_18_4,C,A,F,F,2,123,CE1,CB,8.177179
tcr_18_4,C,A,F,W,2,121,CE1,CH2,4.549987
tcr_18_4,C,A,F,F,2,123,CE1,CD1,5.780146
tcr_18_4,C,A,F,W,2,121,CE1,CZ2,5.8576083
tcr_18_4,C,A,F,R,2,180,CE1,NH1,9.715761
tcr_18_4,C,A,F,W,2,121,CE1,CZ3,3.843191
tcr_18_4,C,A,F,W,2,121,CE1,NE1,7.79423
tcr_18_4,C,A,F,W,2,121,CE1,CE3,4.7370634
tcr_18_4,C,A,F,W,2,121,CE1,CD2,6.021883
tcr_18_4,C,A,F,W,2,121,CE1,CE2,6.4740496
tcr_18_4,C,A,F,Q,2,89,CE1,CA,9.095011
tcr_18_4,C,A,F,K,2,90,CE1,CB,4.9294634
tcr_18_4,C,A,F,K,2,90,CE1,N,6.8089604
tcr_18_4,C,A,F,R,2,86,CE1,O,8.557343
tcr_18_4,C,A,F,Q,2,89,CE1,CB,9.999011
tcr_18_4,C,A,F,Q,2,89,CE1,C,7.7270412
tcr_18_4,C,A,F,K,2,90,CE1,CA,5.476104
tcr_18_4,C,A,F,E,2,87,CE1,O,6.673256
tcr_18_4,C,A,F,Q,2,89,CE1,O,7.6637254
tcr_18_4,C,A,F,K,2,92,CE1,CB,9.477134
tcr_18_4,C,A,F,Y,2,91,CE1,N,5.006847
tcr_18_4,C,A,F,Y,2,91,CE1,CA,4.990851
tcr_18_4,C,A,F,K,2,92,CE1,N,7.12472
tcr_18_4,C,A,F,Y,2,91,CE1,C,5.986717
tcr_18_4,C,A,F,K,2,90,CE1,C,4.747724
tcr_18_4,C,A,F,Y,2,91,CE1,CB,5.785953
tcr_18_4,C,A,F,K,2,92,CE1,C,8.090804
tcr_18_4,C,A,F,Y,2,91,CE1,O,5.956018
tcr_18_4,C,A,F,K,2,92,CE1,CA,8.250204
tcr_18_4,C,A,F,K,2,90,CE1,CG,5.990119
tcr_18_4,C,A,F,Q,2,94,CE1,CG,3.9302113
tcr_18_4,C,A,F,K,2,90,CE1,CE,7.3339562
tcr_18_4,C,A,F,Q,2,94,CE1,OE1,4.3312917
tcr_18_4,C,A,F,Q,2,94,CE1,CD,4.5286875
tcr_18_4,C,A,F,K,2,90,CE1,CD,5.965812
tcr_18_4,C,A,F,Q,2,94,CE1,CB,3.8460455
tcr_18_4,C,A,F,Q,2,94,CE1,N,5.6978884
tcr_18_4,C,A,F,K,2,90,CE1,O,4.457043
tcr_18_4,C,A,F,Q,2,94,CE1,CA,5.284593
tcr_18_4,C,A,F,R,2,93,CE1,C,6.9466553
tcr_18_4,C,A,F,T,2,97,CE1,OG1,8.519619
tcr_18_4,C,A,F,R,2,93,CE1,O,7.730012
tcr_18_4,C,A,F,R,2,93,CE1,CD,8.358458
tcr_18_4,C,A,F,R,2,93,CE1,NE,9.461645
tcr_18_4,C,A,F,R,2,93,CE1,CA,7.6489644
tcr_18_4,C,A,F,R,2,93,CE1,CG,8.1649885
tcr_18_4,C,A,F,R,2,93,CE1,N,7.542179
tcr_18_4,C,A,F,R,2,93,CE1,CB,7.494921
tcr_18_4,C,A,F,R,2,180,CE1,CZ,9.761879
tcr_18_4,C,A,F,R,2,180,CE1,NH2,9.729794
tcr_18_4,C,A,F,F,2,32,CE1,CA,8.691756
tcr_18_4,C,A,F,F,2,32,CE1,N,8.172385
tcr_18_4,C,A,F,M,2,122,CE1,CA,9.652929
tcr_18_4,C,A,F,M,2,122,CE1,N,9.438394
tcr_18_4,C,A,F,F,2,32,CE1,O,8.055325
tcr_18_4,C,A,F,A,2,48,CE1,CA,7.3469834
tcr_18_4,C,A,F,A,2,48,CE1,C,8.166858
tcr_18_4,C,A,F,V,2,49,CE1,N,8.438617
tcr_18_4,C,A,F,S,2,33,CE1,CB,5.922206
tcr_18_4,C,A,F,T,2,34,CE1,N,9.035728
tcr_18_4,C,A,F,S,2,33,CE1,N,7.536474
tcr_18_4,C,A,F,S,2,33,CE1,CA,7.2693977
tcr_18_4,C,A,F,F,2,32,CE1,C,7.966432
tcr_18_4,C,A,F,S,2,33,CE1,C,8.463783
tcr_18_4,C,A,F,S,2,33,CE1,O,9.058577
tcr_18_4,C,A,F,S,2,33,CE1,OG,6.053643
tcr_18_4,C,A,F,W,2,121,CE1,C,8.742324
tcr_18_4,C,A,F,W,2,121,CE1,O,8.221318
tcr_18_4,C,A,F,W,2,121,CE1,CG,7.2952266
tcr_18_4,C,A,F,W,2,121,CE1,CB,7.7753987
tcr_18_4,C,A,F,W,2,121,CE1,N,9.5312395
tcr_18_4,C,A,F,W,2,121,CE1,CA,8.934458
tcr_18_4,C,A,F,W,2,121,CE1,CD1,8.2152815
tcr_18_4,C,A,F,I,2,47,CE1,O,8.498046
tcr_18_4,C,A,F,F,2,46,CE1,CE2,5.848716
tcr_18_4,C,A,F,A,2,48,CE1,N,8.145817
tcr_18_4,C,A,F,F,2,46,CE1,CE1,5.711222
tcr_18_4,C,A,F,F,2,46,CE1,CD1,7.056055
tcr_18_4,C,A,F,F,2,46,CE1,CG,7.6968446
tcr_18_4,C,A,F,F,2,46,CE1,CZ,4.9806895
tcr_18_4,C,A,F,A,2,48,CE1,CB,5.8990407
tcr_18_4,C,A,F,I,2,47,CE1,C,8.67821
tcr_18_4,C,A,F,F,2,46,CE1,CD2,7.1660542
tcr_18_4,C,A,F,F,2,46,CE1,CB,9.184951
tcr_18_4,C,A,F,I,2,47,CE1,CA,9.839261
tcr_18_4,C,A,F,I,2,47,CE1,N,9.798999
tcr_18_4,C,A,F,F,2,46,CE1,C,9.986769
tcr_18_4,C,A,F,D,2,98,CE1,CB,9.223422
tcr_18_4,C,A,F,A,2,95,CE1,N,6.8522058
tcr_18_4,C,A,F,D,2,98,CE1,CA,9.969201
tcr_18_4,C,A,F,Q,2,94,CE1,NE2,5.695897
tcr_18_4,C,A,F,D,2,98,CE1,OD1,7.6758184
tcr_18_4,C,A,F,D,2,98,CE1,CG,8.045562
tcr_18_4,C,A,F,Q,2,94,CE1,O,7.0623674
tcr_18_4,C,A,F,D,2,98,CE1,OD2,7.7680097
tcr_18_4,C,A,F,Q,2,94,CE1,C,6.3565054
tcr_18_4,C,A,F,S,2,35,CE1,OG,9.579213
tcr_18_4,C,A,F,A,2,95,CE1,C,9.264886
tcr_18_4,C,A,F,Q,2,96,CE1,N,9.472146
tcr_18_4,C,A,F,A,2,95,CE1,CB,8.6735115
tcr_18_4,C,A,F,A,2,95,CE1,CA,8.13271
tcr_18_4,C,A,F,K,2,92,CE1,O,8.686328
tcr_18_4,C,A,F,T,2,97,CE1,CB,8.559568
tcr_18_4,C,A,F,D,2,98,CE1,N,9.394523
tcr_18_4,C,A,F,T,2,97,CE1,CG2,9.105186
tcr_18_4,C,A,F,T,2,97,CE1,CA,9.667762
tcr_18_4,C,A,F,T,2,97,CE1,N,9.526723
tcr_18_4,C,A,F,F,2,57,CE2,CE1,9.679676
tcr_18_4,C,A,F,F,2,57,CE2,CZ,9.113632
tcr_18_4,C,A,F,F,2,57,CE2,CE2,9.681758
tcr_18_4,C,A,F,E,2,87,CE2,CG,8.869975
tcr_18_4,C,A,F,E,2,87,CE2,CB,8.577745
tcr_18_4,C,A,F,E,2,87,CE2,C,8.425115
tcr_18_4,C,A,F,E,2,87,CE2,N,9.9652815
tcr_18_4,C,A,F,E,2,87,CE2,CA,8.605406
tcr_18_4,C,A,F,T,2,88,CE2,N,9.550402
tcr_18_4,C,A,F,V,2,58,CE2,CA,9.81592
tcr_18_4,C,A,F,V,2,58,CE2,CG1,7.571601
tcr_18_4,C,A,F,V,2,58,CE2,CB,8.859902
tcr_18_4,C,A,F,G,2,50,CE2,C,8.888205
tcr_18_4,C,A,F,G,2,50,CE2,O,9.739425
tcr_18_4,C,A,F,V,2,58,CE2,C,9.334558
tcr_18_4,C,A,F,R,2,59,CE2,N,9.515723
tcr_18_4,C,A,F,G,2,50,CE2,N,7.241767
tcr_18_4,C,A,F,V,2,58,CE2,O,9.03587
tcr_18_4,C,A,F,V,2,49,CE2,CA,7.1440277
tcr_18_4,C,A,F,V,2,49,CE2,CB,8.523627
tcr_18_4,C,A,F,V,2,49,CE2,CG1,9.317851
tcr_18_4,C,A,F,Y,2,91,CE2,CE2,6.1902075
tcr_18_4,C,A,F,V,2,58,CE2,CG2,8.685158
tcr_18_4,C,A,F,Y,2,91,CE2,OH,5.3079247
tcr_18_4,C,A,F,R,2,59,CE2,O,9.356141
tcr_18_4,C,A,F,Y,2,91,CE2,CD2,6.39619
tcr_18_4,C,A,F,R,2,59,CE2,C,8.864129
tcr_18_4,C,A,F,R,2,59,CE2,CA,9.176378
tcr_18_4,C,A,F,F,2,60,CE2,CB,7.567707
tcr_18_4,C,A,F,F,2,60,CE2,CG,8.15358
tcr_18_4,C,A,F,F,2,60,CE2,CA,8.656911
tcr_18_4,C,A,F,F,2,60,CE2,CD1,8.184459
tcr_18_4,C,A,F,F,2,60,CE2,N,8.380087
tcr_18_4,C,A,F,A,2,48,CE2,O,6.987278
tcr_18_4,C,A,F,F,2,60,CE2,O,8.715961
tcr_18_4,C,A,F,F,2,60,CE2,C,9.189051
tcr_18_4,C,A,F,T,2,88,CE2,C,9.851759
tcr_18_4,C,A,F,T,2,88,CE2,O,9.530761
tcr_18_4,C,A,F,T,2,88,CE2,CA,9.861682
tcr_18_4,C,A,F,F,2,60,CE2,CE2,9.782918
tcr_18_4,C,A,F,F,2,60,CE2,CD2,8.998782
tcr_18_4,C,A,F,F,2,60,CE2,CZ,9.802485
tcr_18_4,C,A,F,F,2,60,CE2,CE1,9.043434
tcr_18_4,C,A,F,I,2,47,CE2,CG2,9.936708
tcr_18_4,C,A,F,K,2,90,CE2,NZ,8.642395
tcr_18_4,C,A,F,Y,2,183,CE2,CD2,9.140474
tcr_18_4,C,A,F,R,2,30,CE2,N,9.779324
tcr_18_4,C,A,F,M,2,29,CE2,SD,9.927727
tcr_18_4,C,A,F,M,2,29,CE2,CE,9.595103
tcr_18_4,C,A,F,M,2,29,CE2,CG,9.920398
tcr_18_4,C,A,F,R,2,30,CE2,CA,8.938086
tcr_18_4,C,A,F,R,2,30,CE2,C,7.6910224
tcr_18_4,C,A,F,Y,2,51,CE2,N,9.323905
tcr_18_4,C,A,F,Y,2,31,CE2,CA,5.4723716
tcr_18_4,C,A,F,R,2,30,CE2,O,7.891771
tcr_18_4,C,A,F,R,2,30,CE2,CB,9.85503
tcr_18_4,C,A,F,G,2,50,CE2,CA,7.397241
tcr_18_4,C,A,F,Y,2,31,CE2,C,5.731065
tcr_18_4,C,A,F,Y,2,31,CE2,N,6.6042433
tcr_18_4,C,A,F,Y,2,31,CE2,O,6.175825
tcr_18_4,C,A,F,G,2,124,CE2,CA,9.603965
tcr_18_4,C,A,F,G,2,124,CE2,N,9.083956
tcr_18_4,C,A,F,F,2,123,CE2,CA,7.9398737
tcr_18_4,C,A,F,F,2,123,CE2,N,7.4877625
tcr_18_4,C,A,F,M,2,122,CE2,C,8.208984
tcr_18_4,C,A,F,F,2,123,CE2,C,8.092814
tcr_18_4,C,A,F,F,2,123,CE2,O,7.5440683
tcr_18_4,C,A,F,M,2,122,CE2,O,9.149816
tcr_18_4,C,A,F,Y,2,31,CE2,CZ,5.7308607
tcr_18_4,C,A,F,Y,2,31,CE2,CE2,5.8870907
tcr_18_4,C,A,F,E,2,87,CE2,OE1,8.498073
tcr_18_4,C,A,F,E,2,87,CE2,CD,7.9838324
tcr_18_4,C,A,F,Y,2,183,CE2,CE2,8.2546215
tcr_18_4,C,A,F,Y,2,31,CE2,OH,6.726704
tcr_18_4,C,A,F,E,2,87,CE2,OE2,6.952118
tcr_18_4,C,A,F,Y,2,183,CE2,OH,7.1456866
tcr_18_4,C,A,F,Y,2,31,CE2,CD2,5.2500405
tcr_18_4,C,A,F,F,2,123,CE2,CE2,4.913335
tcr_18_4,C,A,F,Y,2,31,CE2,CE1,4.9187446
tcr_18_4,C,A,F,F,2,123,CE2,CZ,3.5628684
tcr_18_4,C,A,F,Y,2,31,CE2,CG,4.3275604
tcr_18_4,C,A,F,Y,2,91,CE2,CZ,5.009282
tcr_18_4,C,A,F,Y,2,31,CE2,CD1,4.14317
tcr_18_4,C,A,F,F,2,123,CE2,CE1,3.517189
tcr_18_4,C,A,F,Y,2,91,CE2,CE1,3.819673
tcr_18_4,C,A,F,Y,2,31,CE2,CB,4.1751237
tcr_18_4,C,A,F,V,2,49,CE2,C,6.6714973
tcr_18_4,C,A,F,Y,2,91,CE2,CD1,4.157415
tcr_18_4,C,A,F,V,2,49,CE2,O,6.087168
tcr_18_4,C,A,F,Y,2,91,CE2,CG,5.517046
tcr_18_4,C,A,F,F,2,123,CE2,CD2,5.936973
tcr_18_4,C,A,F,Y,2,183,CE2,CZ,7.7562995
tcr_18_4,C,A,F,Y,2,183,CE2,CD1,9.10009
tcr_18_4,C,A,F,Y,2,183,CE2,CE1,8.213857
tcr_18_4,C,A,F,Y,2,183,CE2,CG,9.542363
tcr_18_4,C,A,F,F,2,123,CE2,CG,5.917318
tcr_18_4,C,A,F,D,2,138,CE2,OD2,9.880476
tcr_18_4,C,A,F,F,2,123,CE2,CB,7.3201075
tcr_18_4,C,A,F,W,2,121,CE2,CH2,5.219317
tcr_18_4,C,A,F,F,2,123,CE2,CD1,4.8449597
tcr_18_4,C,A,F,W,2,121,CE2,CZ2,6.202636
tcr_18_4,C,A,F,W,2,121,CE2,CZ3,4.4257073
tcr_18_4,C,A,F,W,2,121,CE2,NE1,7.595436
tcr_18_4,C,A,F,W,2,121,CE2,CE3,4.8075867
tcr_18_4,C,A,F,W,2,121,CE2,CD2,5.8705654
tcr_18_4,C,A,F,W,2,121,CE2,CE2,6.472311
tcr_18_4,C,A,F,K,2,90,CE2,CB,6.618283
tcr_18_4,C,A,F,K,2,90,CE2,N,8.487712
tcr_18_4,C,A,F,R,2,86,CE2,O,9.81498
tcr_18_4,C,A,F,Q,2,89,CE2,C,9.452046
tcr_18_4,C,A,F,K,2,90,CE2,CA,7.3347225
tcr_18_4,C,A,F,E,2,87,CE2,O,7.484138
tcr_18_4,C,A,F,Q,2,89,CE2,O,9.5269375
tcr_18_4,C,A,F,Y,2,91,CE2,N,6.374815
tcr_18_4,C,A,F,Y,2,91,CE2,CA,6.075577
tcr_18_4,C,A,F,K,2,92,CE2,N,8.453864
tcr_18_4,C,A,F,Y,2,91,CE2,C,7.230126
tcr_18_4,C,A,F,K,2,90,CE2,C,6.541973
tcr_18_4,C,A,F,Y,2,91,CE2,CB,6.3163214
tcr_18_4,C,A,F,K,2,92,CE2,C,9.771942
tcr_18_4,C,A,F,Y,2,91,CE2,O,7.193046
tcr_18_4,C,A,F,K,2,92,CE2,CA,9.669364
tcr_18_4,C,A,F,K,2,90,CE2,CG,7.674966
tcr_18_4,C,A,F,Q,2,94,CE2,CG,5.333618
tcr_18_4,C,A,F,K,2,90,CE2,CE,8.629556
tcr_18_4,C,A,F,Q,2,94,CE2,OE1,6.2330503
tcr_18_4,C,A,F,Q,2,94,CE2,CD,6.1258187
tcr_18_4,C,A,F,K,2,90,CE2,CD,7.3196964
tcr_18_4,C,A,F,Q,2,94,CE2,CB,5.6012673
tcr_18_4,C,A,F,Q,2,94,CE2,N,7.698092
tcr_18_4,C,A,F,K,2,90,CE2,O,6.469321
tcr_18_4,C,A,F,Q,2,94,CE2,CA,7.1295505
tcr_18_4,C,A,F,R,2,93,CE2,C,9.007285
tcr_18_4,C,A,F,R,2,93,CE2,O,9.770652
tcr_18_4,C,A,F,R,2,93,CE2,CA,9.740847
tcr_18_4,C,A,F,R,2,93,CE2,N,9.441285
tcr_18_4,C,A,F,R,2,93,CE2,CB,9.741427
tcr_18_4,C,A,F,F,2,32,CE2,CA,6.5018444
tcr_18_4,C,A,F,F,2,32,CE2,CG,8.789112
tcr_18_4,C,A,F,F,2,32,CE2,N,5.8567834
tcr_18_4,C,A,F,V,2,49,CE2,CG2,8.652408
tcr_18_4,C,A,F,F,2,32,CE2,CD2,8.984097
tcr_18_4,C,A,F,F,2,32,CE2,CB,7.908747
tcr_18_4,C,A,F,F,2,32,CE2,CD1,9.675116
tcr_18_4,C,A,F,M,2,122,CE2,CG,9.858393
tcr_18_4,C,A,F,M,2,122,CE2,CB,9.484829
tcr_18_4,C,A,F,M,2,122,CE2,CA,8.138312
tcr_18_4,C,A,F,M,2,122,CE2,N,8.150748
tcr_18_4,C,A,F,F,2,32,CE2,O,5.9097233
tcr_18_4,C,A,F,A,2,48,CE2,CA,5.635029
tcr_18_4,C,A,F,A,2,48,CE2,C,6.2524066
tcr_18_4,C,A,F,V,2,49,CE2,N,6.286965
tcr_18_4,C,A,F,S,2,33,CE2,CB,4.700699
tcr_18_4,C,A,F,T,2,34,CE2,N,7.813181
tcr_18_4,C,A,F,S,2,33,CE2,N,5.713802
tcr_18_4,C,A,F,S,2,33,CE2,CA,5.7255244
tcr_18_4,C,A,F,F,2,32,CE2,C,5.8737855
tcr_18_4,C,A,F,S,2,33,CE2,C,7.128511
tcr_18_4,C,A,F,S,2,33,CE2,O,7.770752
tcr_18_4,C,A,F,S,2,33,CE2,OG,5.2077966
tcr_18_4,C,A,F,W,2,121,CE2,C,7.4757776
tcr_18_4,C,A,F,W,2,121,CE2,O,6.7217174
tcr_18_4,C,A,F,Q,2,120,CE2,C,9.779928
tcr_18_4,C,A,F,W,2,121,CE2,CG,6.8728943
tcr_18_4,C,A,F,W,2,121,CE2,CB,7.183816
tcr_18_4,C,A,F,W,2,121,CE2,N,8.549021
tcr_18_4,C,A,F,W,2,121,CE2,CA,8.00883
tcr_18_4,C,A,F,W,2,121,CE2,CD1,7.803569
tcr_18_4,C,A,F,T,2,34,CE2,CA,9.203637
tcr_18_4,C,A,F,I,2,47,CE2,O,7.1492023
tcr_18_4,C,A,F,F,2,46,CE2,CE2,5.888133
tcr_18_4,C,A,F,A,2,48,CE2,N,6.7253833
tcr_18_4,C,A,F,F,2,46,CE2,CE1,5.680419
tcr_18_4,C,A,F,F,2,46,CE2,CD1,7.065786
tcr_18_4,C,A,F,F,2,46,CE2,CG,7.7493415
tcr_18_4,C,A,F,F,2,46,CE2,CZ,4.963883
tcr_18_4,C,A,F,A,2,48,CE2,CB,4.3512053
tcr_18_4,C,A,F,I,2,47,CE2,C,7.3754787
tcr_18_4,C,A,F,F,2,46,CE2,CD2,7.231634
tcr_18_4,C,A,F,F,2,46,CE2,CB,9.258165
tcr_18_4,C,A,F,I,2,47,CE2,CA,8.730743
tcr_18_4,C,A,F,I,2,47,CE2,N,8.980972
tcr_18_4,C,A,F,F,2,46,CE2,C,9.455291
tcr_18_4,C,A,F,F,2,46,CE2,O,9.803292
tcr_18_4,C,A,F,F,2,46,CE2,CA,9.868326
tcr_18_4,C,A,F,I,2,47,CE2,CB,9.91074
tcr_18_4,C,A,F,T,2,34,CE2,O,9.555016
tcr_18_4,C,A,F,A,2,95,CE2,N,8.205212
tcr_18_4,C,A,F,Q,2,94,CE2,NE2,7.04968
tcr_18_4,C,A,F,D,2,98,CE2,OD1,8.544198
tcr_18_4,C,A,F,D,2,98,CE2,CG,8.72866
tcr_18_4,C,A,F,Q,2,94,CE2,O,8.506463
tcr_18_4,C,A,F,D,2,98,CE2,OD2,8.129615
tcr_18_4,C,A,F,Q,2,94,CE2,C,7.8790407
tcr_18_4,C,A,F,S,2,35,CE2,OG,9.702126
tcr_18_4,C,A,F,T,2,34,CE2,C,9.56332
tcr_18_4,C,A,F,A,2,95,CE2,CB,9.657116
tcr_18_4,C,A,F,A,2,95,CE2,CA,9.264156
tcr_18_4,C,A,F,E,2,87,CZ,CG,9.422866
tcr_18_4,C,A,F,E,2,87,CZ,CB,9.022035
tcr_18_4,C,A,F,E,2,87,CZ,C,8.508223
tcr_18_4,C,A,F,E,2,87,CZ,CA,8.813489
tcr_18_4,C,A,F,T,2,88,CZ,N,9.61697
tcr_18_4,C,A,F,V,2,58,CZ,CG1,8.830588
tcr_18_4,C,A,F,G,2,50,CZ,N,8.578208
tcr_18_4,C,A,F,V,2,49,CZ,CA,8.292381
tcr_18_4,C,A,F,V,2,49,CZ,CB,9.637402
tcr_18_4,C,A,F,Y,2,91,CZ,CE2,6.7318573
tcr_18_4,C,A,F,V,2,58,CZ,CG2,9.744026
tcr_18_4,C,A,F,Y,2,91,CZ,OH,6.273791
tcr_18_4,C,A,F,Y,2,91,CZ,CD2,6.667378
tcr_18_4,C,A,F,R,2,59,CZ,C,9.681464
tcr_18_4,C,A,F,F,2,60,CZ,CB,7.9468775
tcr_18_4,C,A,F,F,2,60,CZ,CG,8.287962
tcr_18_4,C,A,F,F,2,60,CZ,CA,9.149904
tcr_18_4,C,A,F,F,2,60,CZ,CD1,8.144786
tcr_18_4,C,A,F,F,2,60,CZ,N,9.075288
tcr_18_4,C,A,F,A,2,48,CZ,O,7.840912
tcr_18_4,C,A,F,F,2,60,CZ,O,9.117103
tcr_18_4,C,A,F,F,2,60,CZ,C,9.57747
tcr_18_4,C,A,F,T,2,88,CZ,C,9.587273
tcr_18_4,C,A,F,T,2,88,CZ,O,9.158672
tcr_18_4,C,A,F,T,2,88,CZ,CA,9.811751
tcr_18_4,C,A,F,F,2,60,CZ,CE2,9.692651
tcr_18_4,C,A,F,F,2,60,CZ,CD2,9.089249
tcr_18_4,C,A,F,F,2,60,CZ,CZ,9.5648775
tcr_18_4,C,A,F,F,2,60,CZ,CE1,8.816905
tcr_18_4,C,A,F,K,2,90,CZ,NZ,8.746386
tcr_18_4,C,A,F,Y,2,183,CZ,CD2,9.264826
tcr_18_4,C,A,F,R,2,30,CZ,C,8.901539
tcr_18_4,C,A,F,Y,2,31,CZ,CA,6.6556945
tcr_18_4,C,A,F,R,2,30,CZ,O,9.185782
tcr_18_4,C,A,F,G,2,50,CZ,CA,8.784516
tcr_18_4,C,A,F,Y,2,31,CZ,C,6.7455354
tcr_18_4,C,A,F,Y,2,31,CZ,N,7.7472377
tcr_18_4,C,A,F,Y,2,31,CZ,O,7.0188375
tcr_18_4,C,A,F,G,2,124,CZ,N,9.7042885
tcr_18_4,C,A,F,F,2,123,CZ,CA,8.37968
tcr_18_4,C,A,F,F,2,123,CZ,N,7.951611
tcr_18_4,C,A,F,M,2,122,CZ,C,8.546683
tcr_18_4,C,A,F,F,2,123,CZ,C,8.735156
tcr_18_4,C,A,F,F,2,123,CZ,O,8.349724
tcr_18_4,C,A,F,M,2,122,CZ,O,9.367977
tcr_18_4,C,A,F,Y,2,31,CZ,CZ,6.9719477
tcr_18_4,C,A,F,Y,2,31,CZ,CE2,7.075779
tcr_18_4,C,A,F,E,2,87,CZ,OE1,8.88177
tcr_18_4,C,A,F,E,2,87,CZ,CD,8.507005
tcr_18_4,C,A,F,Y,2,183,CZ,CE2,8.555451
tcr_18_4,C,A,F,Y,2,31,CZ,OH,7.893813
tcr_18_4,C,A,F,E,2,87,CZ,OE2,7.593757
tcr_18_4,C,A,F,Y,2,183,CZ,OH,7.784196
tcr_18_4,C,A,F,Y,2,31,CZ,CD2,6.447256
tcr_18_4,C,A,F,F,2,123,CZ,CE2,5.4420104
tcr_18_4,C,A,F,Y,2,31,CZ,CE1,6.241946
tcr_18_4,C,A,F,F,2,123,CZ,CZ,4.06596
tcr_18_4,C,A,F,Y,2,31,CZ,CG,5.628718
tcr_18_4,C,A,F,Y,2,91,CZ,CZ,5.737973
tcr_18_4,C,A,F,Y,2,31,CZ,CD1,5.526623
tcr_18_4,C,A,F,F,2,123,CZ,CE1,3.813789
tcr_18_4,C,A,F,Y,2,91,CZ,CE1,4.4512844
tcr_18_4,C,A,F,Y,2,31,CZ,CB,5.3677907
tcr_18_4,C,A,F,V,2,49,CZ,C,7.9442863
tcr_18_4,C,A,F,Y,2,91,CZ,CD1,4.3657894
tcr_18_4,C,A,F,V,2,49,CZ,O,7.3490276
tcr_18_4,C,A,F,Y,2,91,CZ,CG,5.59742
tcr_18_4,C,A,F,F,2,123,CZ,CD2,6.3780503
tcr_18_4,C,A,F,Y,2,183,CZ,CZ,8.182541
tcr_18_4,C,A,F,Y,2,183,CZ,CD1,9.261702
tcr_18_4,C,A,F,Y,2,183,CZ,CE1,8.556211
tcr_18_4,C,A,F,Y,2,183,CZ,CG,9.606206
tcr_18_4,C,A,F,F,2,123,CZ,CG,6.2282524
tcr_18_4,C,A,F,D,2,138,CZ,OD2,9.509694
tcr_18_4,C,A,F,F,2,123,CZ,CB,7.5723066
tcr_18_4,C,A,F,D,2,138,CZ,CG,9.945531
tcr_18_4,C,A,F,W,2,121,CZ,CH2,4.47846
tcr_18_4,C,A,F,F,2,123,CZ,CD1,5.061789
tcr_18_4,C,A,F,W,2,121,CZ,CZ2,5.6300163
tcr_18_4,C,A,F,R,2,180,CZ,NH1,9.587753
tcr_18_4,C,A,F,W,2,121,CZ,CZ3,3.536694
tcr_18_4,C,A,F,W,2,121,CZ,NE1,7.2024055
tcr_18_4,C,A,F,W,2,121,CZ,CE3,4.066922
tcr_18_4,C,A,F,W,2,121,CZ,CD2,5.319527
tcr_18_4,C,A,F,W,2,121,CZ,CE2,5.9687185
tcr_18_4,C,A,F,D,2,138,CZ,OD1,9.859156
tcr_18_4,C,A,F,K,2,90,CZ,CB,6.1728487
tcr_18_4,C,A,F,K,2,90,CZ,N,7.9607286
tcr_18_4,C,A,F,R,2,86,CZ,O,9.654049
tcr_18_4,C,A,F,Q,2,89,CZ,C,8.838626
tcr_18_4,C,A,F,K,2,90,CZ,CA,6.6987143
tcr_18_4,C,A,F,E,2,87,CZ,O,7.453764
tcr_18_4,C,A,F,Q,2,89,CZ,O,8.761375
tcr_18_4,C,A,F,Y,2,91,CZ,N,5.849065
tcr_18_4,C,A,F,Y,2,91,CZ,CA,5.534719
tcr_18_4,C,A,F,K,2,92,CZ,N,7.7583094
tcr_18_4,C,A,F,Y,2,91,CZ,C,6.5133543
tcr_18_4,C,A,F,K,2,90,CZ,C,5.819698
tcr_18_4,C,A,F,Y,2,91,CZ,CB,6.08644
tcr_18_4,C,A,F,K,2,92,CZ,C,8.797234
tcr_18_4,C,A,F,Y,2,91,CZ,O,6.34691
tcr_18_4,C,A,F,K,2,92,CZ,CA,8.870726
tcr_18_4,C,A,F,K,2,90,CZ,CG,7.2831626
tcr_18_4,C,A,F,Q,2,94,CZ,CG,3.9980052
tcr_18_4,C,A,F,K,2,90,CZ,CE,8.518648
tcr_18_4,C,A,F,Q,2,94,CZ,OE1,4.8625903
tcr_18_4,C,A,F,Q,2,94,CZ,CD,4.756932
tcr_18_4,C,A,F,K,2,90,CZ,CD,7.1587687
tcr_18_4,C,A,F,Q,2,94,CZ,CB,4.295009
tcr_18_4,C,A,F,Q,2,94,CZ,N,6.461879
tcr_18_4,C,A,F,K,2,90,CZ,O,5.5256205
tcr_18_4,C,A,F,Q,2,94,CZ,CA,5.8201528
tcr_18_4,C,A,F,R,2,93,CZ,C,7.762386
tcr_18_4,C,A,F,T,2,97,CZ,OG1,9.192175
tcr_18_4,C,A,F,R,2,93,CZ,O,8.4676075
tcr_18_4,C,A,F,R,2,93,CZ,CD,9.60962
tcr_18_4,C,A,F,R,2,93,CZ,CA,8.58983
tcr_18_4,C,A,F,R,2,93,CZ,CG,9.302075
tcr_18_4,C,A,F,R,2,93,CZ,N,8.420657
tcr_18_4,C,A,F,R,2,93,CZ,CB,8.615244
tcr_18_4,C,A,F,R,2,180,CZ,CZ,9.816167
tcr_18_4,C,A,F,R,2,180,CZ,NH2,9.830671
tcr_18_4,C,A,F,F,2,32,CZ,CA,7.3174205
tcr_18_4,C,A,F,F,2,32,CZ,CG,9.724042
tcr_18_4,C,A,F,F,2,32,CZ,N,6.868844
tcr_18_4,C,A,F,V,2,49,CZ,CG2,9.712629
tcr_18_4,C,A,F,F,2,32,CZ,CB,8.772162
tcr_18_4,C,A,F,M,2,122,CZ,CB,9.92929
tcr_18_4,C,A,F,M,2,122,CZ,CA,8.50675
tcr_18_4,C,A,F,M,2,122,CZ,N,8.300383
tcr_18_4,C,A,F,F,2,32,CZ,O,6.6914377
tcr_18_4,C,A,F,A,2,48,CZ,CA,6.257486
tcr_18_4,C,A,F,A,2,48,CZ,C,7.1152425
tcr_18_4,C,A,F,V,2,49,CZ,N,7.2983384
tcr_18_4,C,A,F,S,2,33,CZ,CB,4.6311865
tcr_18_4,C,A,F,T,2,34,CZ,N,7.8008447
tcr_18_4,C,A,F,S,2,33,CZ,N,6.136678
tcr_18_4,C,A,F,S,2,33,CZ,CA,5.9206333
tcr_18_4,C,A,F,F,2,32,CZ,C,6.5667543
tcr_18_4,C,A,F,S,2,33,CZ,C,7.165888
tcr_18_4,C,A,F,S,2,33,CZ,O,7.764638
tcr_18_4,C,A,F,S,2,33,CZ,OG,4.862228
tcr_18_4,C,A,F,W,2,121,CZ,C,7.5482755
tcr_18_4,C,A,F,W,2,121,CZ,O,6.9362054
tcr_18_4,C,A,F,Q,2,120,CZ,C,9.515635
tcr_18_4,C,A,F,W,2,121,CZ,CG,6.4443264
tcr_18_4,C,A,F,W,2,121,CZ,CB,6.7819433
tcr_18_4,C,A,F,W,2,121,CZ,N,8.362695
tcr_18_4,C,A,F,W,2,121,CZ,CA,7.8241725
tcr_18_4,C,A,F,W,2,121,CZ,CD1,7.442852
tcr_18_4,C,A,F,T,2,34,CZ,CA,9.100353
tcr_18_4,C,A,F,I,2,47,CZ,O,7.3525586
tcr_18_4,C,A,F,F,2,46,CZ,CE2,5.1828337
tcr_18_4,C,A,F,A,2,48,CZ,N,7.1457973
tcr_18_4,C,A,F,F,2,46,CZ,CE1,5.2475734
tcr_18_4,C,A,F,F,2,46,CZ,CD1,6.613188
tcr_18_4,C,A,F,F,2,46,CZ,CG,7.181521
tcr_18_4,C,A,F,F,2,46,CZ,CZ,4.36941
tcr_18_4,C,A,F,A,2,48,CZ,CB,4.9047213
tcr_18_4,C,A,F,I,2,47,CZ,C,7.632945
tcr_18_4,C,A,F,F,2,46,CZ,CD2,6.560125
tcr_18_4,C,A,F,F,2,46,CZ,CB,8.697666
tcr_18_4,C,A,F,I,2,47,CZ,CA,8.890608
tcr_18_4,C,A,F,I,2,47,CZ,N,8.915217
tcr_18_4,C,A,F,F,2,46,CZ,C,9.2584
tcr_18_4,C,A,F,F,2,46,CZ,O,9.656681
tcr_18_4,C,A,F,F,2,46,CZ,CA,9.466835
tcr_18_4,C,A,F,T,2,34,CZ,O,9.3272505
tcr_18_4,C,A,F,D,2,98,CZ,CB,8.918027
tcr_18_4,C,A,F,A,2,95,CZ,N,7.0796022
tcr_18_4,C,A,F,D,2,98,CZ,CA,9.814852
tcr_18_4,C,A,F,Q,2,94,CZ,NE2,5.7395573
tcr_18_4,C,A,F,D,2,98,CZ,OD1,7.3818665
tcr_18_4,C,A,F,D,2,98,CZ,CG,7.6473546
tcr_18_4,C,A,F,Q,2,94,CZ,O,7.2327976
tcr_18_4,C,A,F,D,2,98,CZ,OD2,7.1833763
tcr_18_4,C,A,F,Q,2,94,CZ,C,6.632852
tcr_18_4,C,A,F,S,2,35,CZ,OG,8.931999
tcr_18_4,C,A,F,S,2,35,CZ,N,9.754712
tcr_18_4,C,A,F,T,2,34,CZ,C,9.298325
tcr_18_4,C,A,F,A,2,95,CZ,C,9.429704
tcr_18_4,C,A,F,Q,2,96,CZ,N,9.826261
tcr_18_4,C,A,F,A,2,95,CZ,CB,8.742648
tcr_18_4,C,A,F,A,2,95,CZ,CA,8.208833
tcr_18_4,C,A,F,K,2,92,CZ,O,9.294683
tcr_18_4,C,A,F,T,2,97,CZ,CB,9.027826
tcr_18_4,C,A,F,D,2,98,CZ,N,9.440924
tcr_18_4,C,A,F,T,2,97,CZ,CG2,9.525681
tcr_18_4,C,A,F,T,2,97,CZ,N,9.953899
tcr_18_4,C,A,M,F,3,57,N,CZ,9.322876
tcr_18_4,C,A,M,Y,3,195,N,CE2,9.908608
tcr_18_4,C,A,M,F,3,57,N,CE2,9.8881035
tcr_18_4,C,A,M,Y,3,195,N,OH,9.289524
tcr_18_4,C,A,M,Y,3,83,N,OH,9.597561
tcr_18_4,C,A,M,E,3,87,N,CG,8.080484
tcr_18_4,C,A,M,E,3,87,N,CB,8.436144
tcr_18_4,C,A,M,E,3,87,N,C,8.751079
tcr_18_4,C,A,M,E,3,87,N,N,9.156537
tcr_18_4,C,A,M,E,3,87,N,CA,8.236565
tcr_18_4,C,A,M,R,3,86,N,C,9.352321
tcr_18_4,C,A,M,V,3,58,N,CG1,9.439766
tcr_18_4,C,A,M,Y,3,91,N,CE2,8.211861
tcr_18_4,C,A,M,Y,3,91,N,OH,7.204727
tcr_18_4,C,A,M,Y,3,91,N,CD2,8.613823
tcr_18_4,C,A,M,C,3,188,N,O,9.809987
tcr_18_4,C,A,M,W,3,191,N,CB,9.459208
tcr_18_4,C,A,M,C,3,188,N,CA,8.080639
tcr_18_4,C,A,M,C,3,188,N,C,9.507459
tcr_18_4,C,A,M,C,3,188,N,N,8.051473
tcr_18_4,C,A,M,L,3,184,N,CA,9.141402
tcr_18_4,C,A,M,C,3,188,N,CB,7.911008
tcr_18_4,C,A,M,W,3,191,N,NE1,9.904172
tcr_18_4,C,A,M,W,3,191,N,CG,9.511528
tcr_18_4,C,A,M,T,3,187,N,CG2,7.0639586
tcr_18_4,C,A,M,K,3,90,N,NZ,5.3194103
tcr_18_4,C,A,M,W,3,191,N,CD1,9.432457
tcr_18_4,C,A,M,T,3,187,N,O,8.776519
tcr_18_4,C,A,M,T,3,187,N,C,8.414742
tcr_18_4,C,A,M,Y,3,183,N,CB,6.363845
tcr_18_4,C,A,M,Y,3,183,N,CD2,4.5271792
tcr_18_4,C,A,M,T,3,187,N,CA,8.75306
tcr_18_4,C,A,M,T,3,187,N,CB,7.5978785
tcr_18_4,C,A,M,Y,3,183,N,C,8.015565
tcr_18_4,C,A,M,Y,3,183,N,CA,7.6457114
tcr_18_4,C,A,M,T,3,187,N,OG1,8.252043
tcr_18_4,C,A,M,T,3,187,N,N,9.547862
tcr_18_4,C,A,M,L,3,184,N,N,8.541623
tcr_18_4,C,A,M,Y,3,183,N,O,8.124452
tcr_18_4,C,A,M,Y,3,183,N,N,8.799229
tcr_18_4,C,A,M,Q,3,179,N,O,9.279849
tcr_18_4,C,A,M,M,3,29,N,SD,8.421444
tcr_18_4,C,A,M,M,3,29,N,CE,7.400459
tcr_18_4,C,A,M,M,3,29,N,CG,9.040972
tcr_18_4,C,A,M,R,3,30,N,CA,9.662275
tcr_18_4,C,A,M,R,3,30,N,C,8.899182
tcr_18_4,C,A,M,Y,3,31,N,CA,7.6296873
tcr_18_4,C,A,M,R,3,30,N,O,9.37301
tcr_18_4,C,A,M,G,3,50,N,CA,9.631911
tcr_18_4,C,A,M,Y,3,31,N,C,8.432687
tcr_18_4,C,A,M,Y,3,31,N,N,7.9714937
tcr_18_4,C,A,M,Y,3,31,N,O,8.561829
tcr_18_4,C,A,M,C,3,188,N,SG,8.163571
tcr_18_4,C,A,M,G,3,124,N,CA,8.51351
tcr_18_4,C,A,M,L,3,184,N,CG,8.859367
tcr_18_4,C,A,M,L,3,184,N,CB,9.733256
tcr_18_4,C,A,M,G,3,124,N,C,9.568183
tcr_18_4,C,A,M,L,3,184,N,CD2,8.288317
tcr_18_4,C,A,M,G,3,124,N,N,8.296331
tcr_18_4,C,A,M,Y,3,137,N,O,9.582833
tcr_18_4,C,A,M,F,3,123,N,CA,8.091618
tcr_18_4,C,A,M,F,3,123,N,N,8.507063
tcr_18_4,C,A,M,M,3,122,N,C,9.536648
tcr_18_4,C,A,M,F,3,123,N,C,7.940419
tcr_18_4,C,A,M,F,3,123,N,O,7.7877874
tcr_18_4,C,A,M,L,3,184,N,CD1,9.883548
tcr_18_4,C,A,M,Y,3,31,N,CZ,5.8013697
tcr_18_4,C,A,M,Y,3,31,N,CE2,5.3964624
tcr_18_4,C,A,M,E,3,87,N,OE1,6.4849873
tcr_18_4,C,A,M,E,3,87,N,CD,6.6388755
tcr_18_4,C,A,M,Y,3,183,N,CE2,3.8120797
tcr_18_4,C,A,M,Y,3,31,N,OH,6.3082685
tcr_18_4,C,A,M,E,3,87,N,OE2,5.842631
tcr_18_4,C,A,M,Y,3,183,N,OH,3.885763
tcr_18_4,C,A,M,Y,3,31,N,CD2,5.33143
tcr_18_4,C,A,M,F,3,123,N,CE2,3.5739446
tcr_18_4,C,A,M,Y,3,31,N,CE1,6.137758
tcr_18_4,C,A,M,F,3,123,N,CZ,3.4033453
tcr_18_4,C,A,M,Y,3,31,N,CG,5.677645
tcr_18_4,C,A,M,Y,3,91,N,CZ,7.2852263
tcr_18_4,C,A,M,Y,3,31,N,CD1,6.079992
tcr_18_4,C,A,M,F,3,123,N,CE1,4.5208025
tcr_18_4,C,A,M,Y,3,91,N,CE1,6.760857
tcr_18_4,C,A,M,Y,3,31,N,CB,6.1513114
tcr_18_4,C,A,M,Y,3,91,N,CD1,7.2495975
tcr_18_4,C,A,M,V,3,49,N,O,9.471701
tcr_18_4,C,A,M,Y,3,91,N,CG,8.169539
tcr_18_4,C,A,M,F,3,123,N,CD2,4.775083
tcr_18_4,C,A,M,Y,3,183,N,CZ,3.8795397
tcr_18_4,C,A,M,Y,3,183,N,CD1,5.23127
tcr_18_4,C,A,M,Y,3,183,N,CE1,4.6328516
tcr_18_4,C,A,M,R,3,180,N,CA,9.07419
tcr_18_4,C,A,M,Y,3,183,N,CG,5.1950636
tcr_18_4,C,A,M,R,3,180,N,C,9.565505
tcr_18_4,C,A,M,F,3,123,N,CG,5.630919
tcr_18_4,C,A,M,R,3,180,N,O,8.870371
tcr_18_4,C,A,M,D,3,138,N,OD2,8.615503
tcr_18_4,C,A,M,F,3,123,N,CB,7.0106726
tcr_18_4,C,A,M,D,3,138,N,CG,9.430201
tcr_18_4,C,A,M,W,3,121,N,CH2,5.23427
tcr_18_4,C,A,M,F,3,123,N,CD1,5.517146
tcr_18_4,C,A,M,W,3,121,N,CZ2,6.085604
tcr_18_4,C,A,M,R,3,180,N,NH1,9.795896
tcr_18_4,C,A,M,W,3,121,N,CZ3,5.660044
tcr_18_4,C,A,M,W,3,121,N,NE1,8.304875
tcr_18_4,C,A,M,W,3,121,N,CE3,6.824594
tcr_18_4,C,A,M,W,3,121,N,CD2,7.525545
tcr_18_4,C,A,M,W,3,121,N,CE2,7.1810436
tcr_18_4,C,A,M,D,3,138,N,OD1,9.948019
tcr_18_4,C,A,M,K,3,90,N,CB,5.8395
tcr_18_4,C,A,M,K,3,90,N,N,8.306108
tcr_18_4,C,A,M,R,3,86,N,O,8.789943
tcr_18_4,C,A,M,Q,3,89,N,C,9.541383
tcr_18_4,C,A,M,K,3,90,N,CA,7.1203504
tcr_18_4,C,A,M,E,3,87,N,O,8.105385
tcr_18_4,C,A,M,Q,3,89,N,O,9.851055
tcr_18_4,C,A,M,Y,3,91,N,N,7.7538543
tcr_18_4,C,A,M,Y,3,91,N,CA,8.351565
tcr_18_4,C,A,M,Y,3,91,N,C,9.563538
tcr_18_4,C,A,M,K,3,90,N,C,7.2989373
tcr_18_4,C,A,M,Y,3,91,N,CB,8.971462
tcr_18_4,C,A,M,Y,3,91,N,O,9.836742
tcr_18_4,C,A,M,K,3,90,N,CG,5.8948617
tcr_18_4,C,A,M,Q,3,94,N,CG,7.777041
tcr_18_4,C,A,M,K,3,90,N,CE,5.6121106
tcr_18_4,C,A,M,Q,3,94,N,OE1,7.0692763
tcr_18_4,C,A,M,Q,3,94,N,CD,7.760351
tcr_18_4,C,A,M,K,3,90,N,CD,4.9547133
tcr_18_4,C,A,M,Q,3,94,N,CB,7.7677436
tcr_18_4,C,A,M,Q,3,94,N,N,9.168278
tcr_18_4,C,A,M,K,3,90,N,O,7.3928237
tcr_18_4,C,A,M,Q,3,94,N,CA,8.991314
tcr_18_4,C,A,M,R,3,93,N,CD,9.8766985
tcr_18_4,C,A,M,R,3,93,N,CB,9.917827
tcr_18_4,C,A,M,Q,3,179,N,C,9.923497
tcr_18_4,C,A,M,R,3,180,N,N,9.89081
tcr_18_4,C,A,M,R,3,180,N,CG,9.060624
tcr_18_4,C,A,M,R,3,180,N,CB,9.409647
tcr_18_4,C,A,M,R,3,180,N,NE,9.601025
tcr_18_4,C,A,M,R,3,180,N,CD,9.464023
tcr_18_4,C,A,M,R,3,180,N,CZ,9.774256
tcr_18_4,C,A,M,F,3,32,N,N,9.18402
tcr_18_4,C,A,M,S,3,33,N,CB,9.154854
tcr_18_4,C,A,M,S,3,33,N,N,9.924943
tcr_18_4,C,A,M,S,3,33,N,OG,9.214666
tcr_18_4,C,A,M,W,3,121,N,O,9.930653
tcr_18_4,C,A,M,W,3,121,N,CG,8.864988
tcr_18_4,C,A,M,W,3,121,N,CB,9.864943
tcr_18_4,C,A,M,W,3,121,N,CD1,9.228356
tcr_18_4,C,A,M,F,3,46,N,CE1,9.807708
tcr_18_4,C,A,M,F,3,46,N,CZ,9.146015
tcr_18_4,C,A,M,A,3,48,N,CB,8.979168
tcr_18_4,C,A,M,Q,3,94,N,NE2,8.779213
tcr_18_4,C,A,M,E,3,87,CA,CG,9.105472
tcr_18_4,C,A,M,E,3,87,CA,CB,9.457192
tcr_18_4,C,A,M,E,3,87,CA,C,9.583802
tcr_18_4,C,A,M,E,3,87,CA,N,9.871182
tcr_18_4,C,A,M,E,3,87,CA,CA,9.082815
tcr_18_4,C,A,M,R,3,86,CA,C,9.889597
tcr_18_4,C,A,M,Y,3,91,CA,CE2,9.4216
tcr_18_4,C,A,M,Y,3,91,CA,OH,8.589247
tcr_18_4,C,A,M,Y,3,91,CA,CD2,9.697671
tcr_18_4,C,A,M,C,3,188,CA,CA,8.224073
tcr_18_4,C,A,M,C,3,188,CA,C,9.72234
tcr_18_4,C,A,M,C,3,188,CA,N,7.991296
tcr_18_4,C,A,M,L,3,184,CA,CA,8.619292
tcr_18_4,C,A,M,C,3,188,CA,CB,7.9711914
tcr_18_4,C,A,M,L,3,184,CA,C,9.887826
tcr_18_4,C,A,M,T,3,187,CA,CG2,6.9437714
tcr_18_4,C,A,M,K,3,90,CA,NZ,5.613679
tcr_18_4,C,A,M,W,3,191,CA,CD1,9.760471
tcr_18_4,C,A,M,T,3,187,CA,O,8.922016
tcr_18_4,C,A,M,T,3,187,CA,C,8.379764
tcr_18_4,C,A,M,Y,3,183,CA,CB,5.350676
tcr_18_4,C,A,M,A,3,182,CA,O,9.392023
tcr_18_4,C,A,M,Y,3,183,CA,CD2,3.9074745
tcr_18_4,C,A,M,T,3,187,CA,CA,8.509999
tcr_18_4,C,A,M,T,3,187,CA,CB,7.261436
tcr_18_4,C,A,M,Y,3,183,CA,C,7.3152676
tcr_18_4,C,A,M,Y,3,183,CA,CA,6.735279
tcr_18_4,C,A,M,T,3,187,CA,OG1,7.725867
tcr_18_4,C,A,M,T,3,187,CA,N,9.136226
tcr_18_4,C,A,M,L,3,184,CA,N,7.8359723
tcr_18_4,C,A,M,Y,3,183,CA,O,7.601751
tcr_18_4,C,A,M,A,3,182,CA,C,8.986922
tcr_18_4,C,A,M,Y,3,183,CA,N,7.7533536
tcr_18_4,C,A,M,Q,3,179,CA,O,7.947308
tcr_18_4,C,A,M,Q,3,179,CA,CA,9.677921
tcr_18_4,C,A,M,M,3,29,CA,SD,9.412097
tcr_18_4,C,A,M,M,3,29,CA,CE,8.1975355
tcr_18_4,C,A,M,R,3,30,CA,C,9.966978
tcr_18_4,C,A,M,Y,3,31,CA,CA,8.735533
tcr_18_4,C,A,M,Y,3,31,CA,C,9.426846
tcr_18_4,C,A,M,Y,3,31,CA,N,8.996147
tcr_18_4,C,A,M,Y,3,31,CA,O,9.400728
tcr_18_4,C,A,M,C,3,188,CA,SG,8.458174
tcr_18_4,C,A,M,G,3,124,CA,CA,8.900578
tcr_18_4,C,A,M,L,3,184,CA,CG,8.306783
tcr_18_4,C,A,M,L,3,184,CA,CB,9.175829
tcr_18_4,C,A,M,G,3,124,CA,C,9.81789
tcr_18_4,C,A,M,L,3,184,CA,CD2,7.9762697
tcr_18_4,C,A,M,G,3,124,CA,N,8.588137
tcr_18_4,C,A,M,Y,3,137,CA,O,9.4581175
tcr_18_4,C,A,M,F,3,123,CA,CA,8.355886
tcr_18_4,C,A,M,F,3,123,CA,N,8.903262
tcr_18_4,C,A,M,M,3,122,CA,C,9.855977
tcr_18_4,C,A,M,F,3,123,CA,C,8.350947
tcr_18_4,C,A,M,F,3,123,CA,O,8.406368
tcr_18_4,C,A,M,L,3,184,CA,CD1,9.28384
tcr_18_4,C,A,M,Y,3,31,CA,CZ,7.209804
tcr_18_4,C,A,M,Y,3,31,CA,CE2,6.70101
tcr_18_4,C,A,M,E,3,87,CA,OE1,7.2804394
tcr_18_4,C,A,M,E,3,87,CA,CD,7.6329865
tcr_18_4,C,A,M,Y,3,183,CA,CE2,3.660512
tcr_18_4,C,A,M,Y,3,31,CA,OH,7.6825304
tcr_18_4,C,A,M,E,3,87,CA,OE2,6.984601
tcr_18_4,C,A,M,Y,3,183,CA,OH,4.4545093
tcr_18_4,C,A,M,Y,3,31,CA,CD2,6.5752287
tcr_18_4,C,A,M,F,3,123,CA,CE2,4.1927996
tcr_18_4,C,A,M,Y,3,31,CA,CE1,7.588443
tcr_18_4,C,A,M,F,3,123,CA,CZ,4.1871834
tcr_18_4,C,A,M,Y,3,31,CA,CG,6.970573
tcr_18_4,C,A,M,Y,3,91,CA,CZ,8.575672
tcr_18_4,C,A,M,Y,3,31,CA,CD1,7.476544
tcr_18_4,C,A,M,F,3,123,CA,CE1,5.099719
tcr_18_4,C,A,M,Y,3,91,CA,CE1,7.9914403
tcr_18_4,C,A,M,Y,3,31,CA,CB,7.2878847
tcr_18_4,C,A,M,Y,3,91,CA,CD1,8.3209095
tcr_18_4,C,A,M,Y,3,91,CA,CG,9.177568
tcr_18_4,C,A,M,D,3,138,CA,CB,9.588336
tcr_18_4,C,A,M,F,3,123,CA,CD2,5.105907
tcr_18_4,C,A,M,Y,3,183,CA,CZ,3.9741657
tcr_18_4,C,A,M,Y,3,183,CA,CD1,4.669821
tcr_18_4,C,A,M,Y,3,183,CA,CE1,4.4712515
tcr_18_4,C,A,M,R,3,180,CA,CA,7.8599954
tcr_18_4,C,A,M,Y,3,183,CA,CG,4.417813
tcr_18_4,C,A,M,R,3,180,CA,C,8.449561
tcr_18_4,C,A,M,F,3,123,CA,CG,5.8812995
tcr_18_4,C,A,M,R,3,180,CA,O,7.851796
tcr_18_4,C,A,M,D,3,138,CA,OD2,7.9168224
tcr_18_4,C,A,M,F,3,123,CA,CB,7.099184
tcr_18_4,C,A,M,D,3,138,CA,CG,8.86474
tcr_18_4,C,A,M,W,3,121,CA,CH2,4.931333
tcr_18_4,C,A,M,F,3,123,CA,CD1,5.8722534
tcr_18_4,C,A,M,W,3,121,CA,CZ2,5.7178316
tcr_18_4,C,A,M,R,3,180,CA,NH1,9.036269
tcr_18_4,C,A,M,W,3,121,CA,CZ3,5.630524
tcr_18_4,C,A,M,W,3,121,CA,NE1,8.094621
tcr_18_4,C,A,M,W,3,121,CA,CE3,6.9121103
tcr_18_4,C,A,M,W,3,121,CA,CD2,7.523439
tcr_18_4,C,A,M,W,3,121,CA,CE2,6.983923
tcr_18_4,C,A,M,D,3,138,CA,OD1,9.442449
tcr_18_4,C,A,M,K,3,90,CA,CB,6.203235
tcr_18_4,C,A,M,K,3,90,CA,N,8.618594
tcr_18_4,C,A,M,R,3,86,CA,O,9.234004
tcr_18_4,C,A,M,Q,3,89,CA,C,9.797579
tcr_18_4,C,A,M,K,3,90,CA,CA,7.3762193
tcr_18_4,C,A,M,E,3,87,CA,O,8.912434
tcr_18_4,C,A,M,Y,3,91,CA,N,8.337862
tcr_18_4,C,A,M,Y,3,91,CA,CA,9.007902
tcr_18_4,C,A,M,K,3,90,CA,C,7.668633
tcr_18_4,C,A,M,Y,3,91,CA,CB,9.815039
tcr_18_4,C,A,M,K,3,90,CA,CG,6.06264
tcr_18_4,C,A,M,Q,3,94,CA,CG,7.88482
tcr_18_4,C,A,M,K,3,90,CA,CE,5.7414746
tcr_18_4,C,A,M,Q,3,94,CA,OE1,6.735321
tcr_18_4,C,A,M,Q,3,94,CA,CD,7.592678
tcr_18_4,C,A,M,K,3,90,CA,CD,5.2711143
tcr_18_4,C,A,M,Q,3,94,CA,CB,7.9094005
tcr_18_4,C,A,M,Q,3,94,CA,N,9.156757
tcr_18_4,C,A,M,K,3,90,CA,O,7.618176
tcr_18_4,C,A,M,Q,3,94,CA,CA,8.982283
tcr_18_4,C,A,M,R,3,93,CA,NH1,9.542814
tcr_18_4,C,A,M,R,3,93,CA,CD,9.310837
tcr_18_4,C,A,M,R,3,93,CA,CG,9.888173
tcr_18_4,C,A,M,R,3,93,CA,CB,9.695465
tcr_18_4,C,A,M,R,3,181,CA,N,9.752505
tcr_18_4,C,A,M,Q,3,179,CA,C,8.559084
tcr_18_4,C,A,M,R,3,180,CA,N,8.572978
tcr_18_4,C,A,M,R,3,180,CA,CG,7.8831854
tcr_18_4,C,A,M,R,3,180,CA,CB,8.274457
tcr_18_4,C,A,M,R,3,180,CA,NE,8.558123
tcr_18_4,C,A,M,R,3,180,CA,CD,8.4225025
tcr_18_4,C,A,M,R,3,180,CA,CZ,8.864408
tcr_18_4,C,A,M,Q,3,179,CA,CB,9.45641
tcr_18_4,C,A,M,E,3,176,CA,OE1,9.099413
tcr_18_4,C,A,M,R,3,180,CA,NH2,9.297975
tcr_18_4,C,A,M,S,3,33,CA,CB,9.879111
tcr_18_4,C,A,M,S,3,33,CA,OG,9.748674
tcr_18_4,C,A,M,W,3,121,CA,CG,8.913466
tcr_18_4,C,A,M,W,3,121,CA,CD1,9.159512
tcr_18_4,C,A,M,F,3,46,CA,CZ,9.8235035
tcr_18_4,C,A,M,Q,3,94,CA,NE2,8.543922
tcr_18_4,C,A,M,E,3,87,C,CG,8.906289
tcr_18_4,C,A,M,E,3,87,C,CB,9.103088
tcr_18_4,C,A,M,E,3,87,C,C,8.893741
tcr_18_4,C,A,M,E,3,87,C,N,9.188162
tcr_18_4,C,A,M,E,3,87,C,CA,8.493705
tcr_18_4,C,A,M,R,3,86,C,C,9.031859
tcr_18_4,C,A,M,Y,3,91,C,CE2,9.22573
tcr_18_4,C,A,M,Y,3,91,C,OH,8.785604
tcr_18_4,C,A,M,Y,3,91,C,CD2,9.312342
tcr_18_4,C,A,M,C,3,188,C,CA,9.478864
tcr_18_4,C,A,M,C,3,188,C,N,9.105324
tcr_18_4,C,A,M,L,3,184,C,CA,9.850729
tcr_18_4,C,A,M,C,3,188,C,CB,9.334609
tcr_18_4,C,A,M,T,3,187,C,CG2,7.5010395
tcr_18_4,C,A,M,K,3,90,C,NZ,5.1755548
tcr_18_4,C,A,M,T,3,187,C,O,9.876194
tcr_18_4,C,A,M,T,3,187,C,C,9.345823
tcr_18_4,C,A,M,Y,3,183,C,CB,6.15097
tcr_18_4,C,A,M,Y,3,183,C,CD2,4.887926
tcr_18_4,C,A,M,T,3,187,C,CA,9.289139
tcr_18_4,C,A,M,T,3,187,C,CB,7.910291
tcr_18_4,C,A,M,Y,3,183,C,C,8.335443
tcr_18_4,C,A,M,Y,3,183,C,CA,7.531622
tcr_18_4,C,A,M,T,3,187,C,OG1,8.155076
tcr_18_4,C,A,M,T,3,187,C,N,9.929219
tcr_18_4,C,A,M,L,3,184,C,N,8.931851
tcr_18_4,C,A,M,Y,3,183,C,O,8.666716
tcr_18_4,C,A,M,A,3,182,C,C,9.607551
tcr_18_4,C,A,M,Y,3,183,C,N,8.408945
tcr_18_4,C,A,M,Q,3,179,C,O,8.236716
tcr_18_4,C,A,M,Q,3,179,C,CA,9.713161
tcr_18_4,C,A,M,M,3,29,C,CE,9.515207
tcr_18_4,C,A,M,Y,3,31,C,CA,9.861402
tcr_18_4,C,A,M,C,3,188,C,SG,9.923283
tcr_18_4,C,A,M,L,3,184,C,CG,9.573842
tcr_18_4,C,A,M,L,3,184,C,CD2,9.368512
tcr_18_4,C,A,M,F,3,123,C,CA,9.674844
tcr_18_4,C,A,M,F,3,123,C,C,9.772764
tcr_18_4,C,A,M,F,3,123,C,O,9.815779
tcr_18_4,C,A,M,Y,3,31,C,CZ,8.112565
tcr_18_4,C,A,M,Y,3,31,C,CE2,7.8134346
tcr_18_4,C,A,M,E,3,87,C,OE1,7.022457
tcr_18_4,C,A,M,E,3,87,C,CD,7.4950004
tcr_18_4,C,A,M,Y,3,183,C,CE2,4.83296
tcr_18_4,C,A,M,Y,3,31,C,OH,8.47157
tcr_18_4,C,A,M,E,3,87,C,OE2,7.030077
tcr_18_4,C,A,M,Y,3,183,C,OH,5.868408
tcr_18_4,C,A,M,Y,3,31,C,CD2,7.772258
tcr_18_4,C,A,M,F,3,123,C,CE2,5.5826354
tcr_18_4,C,A,M,Y,3,31,C,CE1,8.37801
tcr_18_4,C,A,M,F,3,123,C,CZ,5.33062
tcr_18_4,C,A,M,Y,3,31,C,CG,8.031043
tcr_18_4,C,A,M,Y,3,91,C,CZ,8.56571
tcr_18_4,C,A,M,Y,3,31,C,CD1,8.340146
tcr_18_4,C,A,M,F,3,123,C,CE1,6.084784
tcr_18_4,C,A,M,Y,3,91,C,CE1,7.9688587
tcr_18_4,C,A,M,Y,3,31,C,CB,8.369821
tcr_18_4,C,A,M,Y,3,91,C,CD1,8.074217
tcr_18_4,C,A,M,Y,3,91,C,CG,8.756021
tcr_18_4,C,A,M,F,3,123,C,CD2,6.518161
tcr_18_4,C,A,M,Y,3,183,C,CZ,5.3880944
tcr_18_4,C,A,M,Y,3,183,C,CD1,5.9655623
tcr_18_4,C,A,M,Y,3,183,C,CE1,5.9273715
tcr_18_4,C,A,M,R,3,180,C,CA,8.420771
tcr_18_4,C,A,M,Y,3,183,C,CG,5.4801965
tcr_18_4,C,A,M,R,3,180,C,C,9.177876
tcr_18_4,C,A,M,F,3,123,C,CG,7.1525664
tcr_18_4,C,A,M,R,3,180,C,O,8.719862
tcr_18_4,C,A,M,D,3,138,C,OD2,8.742907
tcr_18_4,C,A,M,F,3,123,C,CB,8.369085
tcr_18_4,C,A,M,D,3,138,C,CG,9.750016
tcr_18_4,C,A,M,W,3,121,C,CH2,5.32712
tcr_18_4,C,A,M,F,3,123,C,CD1,6.952333
tcr_18_4,C,A,M,W,3,121,C,CZ2,6.316383
tcr_18_4,C,A,M,R,3,180,C,NH1,9.450894
tcr_18_4,C,A,M,W,3,121,C,CZ3,5.880267
tcr_18_4,C,A,M,W,3,121,C,NE1,8.819694
tcr_18_4,C,A,M,W,3,121,C,CE3,7.2520375
tcr_18_4,C,A,M,W,3,121,C,CD2,8.037762
tcr_18_4,C,A,M,W,3,121,C,CE2,7.611728
tcr_18_4,C,A,M,Q,3,89,C,CA,9.872526
tcr_18_4,C,A,M,K,3,90,C,CB,5.138072
tcr_18_4,C,A,M,K,3,90,C,N,7.445655
tcr_18_4,C,A,M,R,3,86,C,O,8.255552
tcr_18_4,C,A,M,Q,3,89,C,C,8.567349
tcr_18_4,C,A,M,K,3,90,C,CA,6.1920424
tcr_18_4,C,A,M,E,3,87,C,O,8.183332
tcr_18_4,C,A,M,Q,3,89,C,O,8.735374
tcr_18_4,C,A,M,Y,3,91,C,N,7.449233
tcr_18_4,C,A,M,Y,3,91,C,CA,8.248665
tcr_18_4,C,A,M,K,3,92,C,N,9.9273205
tcr_18_4,C,A,M,Y,3,91,C,C,9.2097025
tcr_18_4,C,A,M,K,3,90,C,C,6.6147995
tcr_18_4,C,A,M,Y,3,91,C,CB,9.207425
tcr_18_4,C,A,M,Y,3,91,C,O,9.460929
tcr_18_4,C,A,M,K,3,90,C,CG,4.911709
tcr_18_4,C,A,M,Q,3,94,C,CG,7.3981433
tcr_18_4,C,A,M,K,3,90,C,CE,4.9237714
tcr_18_4,C,A,M,Q,3,94,C,OE1,6.101345
tcr_18_4,C,A,M,Q,3,94,C,CD,7.0776935
tcr_18_4,C,A,M,K,3,90,C,CD,4.3935723
tcr_18_4,C,A,M,Q,3,94,C,CB,7.1912303
tcr_18_4,C,A,M,Q,3,94,C,N,8.099123
tcr_18_4,C,A,M,K,3,90,C,O,6.532269
tcr_18_4,C,A,M,Q,3,94,C,CA,8.09759
tcr_18_4,C,A,M,R,3,93,C,C,8.9083185
tcr_18_4,C,A,M,T,3,97,C,OG1,9.665888
tcr_18_4,C,A,M,R,3,93,C,O,9.606551
tcr_18_4,C,A,M,R,3,93,C,NH2,9.6796
tcr_18_4,C,A,M,R,3,93,C,NH1,8.053691
tcr_18_4,C,A,M,R,3,93,C,CD,7.8293457
tcr_18_4,C,A,M,R,3,93,C,CZ,8.682425
tcr_18_4,C,A,M,R,3,93,C,NE,8.566632
tcr_18_4,C,A,M,R,3,93,C,CA,9.245221
tcr_18_4,C,A,M,R,3,93,C,CG,8.476098
tcr_18_4,C,A,M,R,3,93,C,N,9.534087
tcr_18_4,C,A,M,R,3,93,C,CB,8.319375
tcr_18_4,C,A,M,Q,3,179,C,C,8.782405
tcr_18_4,C,A,M,R,3,180,C,N,8.908792
tcr_18_4,C,A,M,R,3,180,C,CG,8.293643
tcr_18_4,C,A,M,R,3,180,C,CB,8.874701
tcr_18_4,C,A,M,R,3,180,C,NE,8.811764
tcr_18_4,C,A,M,R,3,180,C,CD,8.882556
tcr_18_4,C,A,M,R,3,180,C,CZ,9.109465
tcr_18_4,C,A,M,Q,3,179,C,OE1,9.61803
tcr_18_4,C,A,M,Q,3,179,C,CB,9.281099
tcr_18_4,C,A,M,E,3,176,C,OE1,8.810742
tcr_18_4,C,A,M,E,3,176,C,CD,9.970208
tcr_18_4,C,A,M,R,3,180,C,NH2,9.354341
tcr_18_4,C,A,M,W,3,121,C,CG,9.486743
tcr_18_4,C,A,M,W,3,121,C,CD1,9.846964
tcr_18_4,C,A,M,F,3,46,C,CZ,9.571233
tcr_18_4,C,A,M,Q,3,94,C,NE2,8.116922
tcr_18_4,C,A,M,Q,3,94,C,C,9.549934
tcr_18_4,C,A,M,E,3,87,O,CG,8.584524
tcr_18_4,C,A,M,E,3,87,O,CB,8.581326
tcr_18_4,C,A,M,E,3,87,O,C,8.1173115
tcr_18_4,C,A,M,E,3,87,O,N,8.685978
tcr_18_4,C,A,M,E,3,87,O,CA,7.9009166
tcr_18_4,C,A,M,T,3,88,O,N,9.366929
tcr_18_4,C,A,M,R,3,86,O,C,8.5248785
tcr_18_4,C,A,M,Q,3,89,O,N,9.256091
tcr_18_4,C,A,M,R,3,86,O,CB,9.779612
tcr_18_4,C,A,M,R,3,86,O,CA,9.710059
tcr_18_4,C,A,M,Y,3,91,O,CE2,8.403923
tcr_18_4,C,A,M,Y,3,91,O,OH,8.179286
tcr_18_4,C,A,M,Y,3,91,O,CD2,8.363037
tcr_18_4,C,A,M,T,3,88,O,C,9.414775
tcr_18_4,C,A,M,T,3,88,O,O,9.371911
tcr_18_4,C,A,M,T,3,88,O,CA,9.944467
tcr_18_4,C,A,M,T,3,187,O,CG2,8.494706
tcr_18_4,C,A,M,K,3,90,O,NZ,5.389775
tcr_18_4,C,A,M,Y,3,183,O,CB,7.350141
tcr_18_4,C,A,M,Y,3,183,O,CD2,6.053257
tcr_18_4,C,A,M,T,3,187,O,CB,9.016218
tcr_18_4,C,A,M,Y,3,183,O,C,9.520744
tcr_18_4,C,A,M,Y,3,183,O,CA,8.749303
tcr_18_4,C,A,M,T,3,187,O,OG1,9.281504
tcr_18_4,C,A,M,Y,3,183,O,O,9.839854
tcr_18_4,C,A,M,Y,3,183,O,N,9.616267
tcr_18_4,C,A,M,Q,3,179,O,O,9.29759
tcr_18_4,C,A,M,Y,3,31,O,CA,9.724595
tcr_18_4,C,A,M,F,3,123,O,CA,9.956662
tcr_18_4,C,A,M,Y,3,31,O,CZ,8.077523
tcr_18_4,C,A,M,Y,3,31,O,CE2,7.945063
tcr_18_4,C,A,M,E,3,87,O,OE1,6.9157343
tcr_18_4,C,A,M,E,3,87,O,CD,7.274915
tcr_18_4,C,A,M,Y,3,183,O,CE2,5.8577075
tcr_18_4,C,A,M,Y,3,31,O,OH,8.474204
tcr_18_4,C,A,M,E,3,87,O,OE2,6.802838
tcr_18_4,C,A,M,Y,3,183,O,OH,6.5769725
tcr_18_4,C,A,M,Y,3,31,O,CD2,7.863069
tcr_18_4,C,A,M,F,3,123,O,CE2,5.8902555
tcr_18_4,C,A,M,Y,3,31,O,CE1,8.146708
tcr_18_4,C,A,M,F,3,123,O,CZ,5.343078
tcr_18_4,C,A,M,Y,3,31,O,CG,7.9154234
tcr_18_4,C,A,M,Y,3,91,O,CZ,7.7979903
tcr_18_4,C,A,M,Y,3,31,O,CD1,8.068974
tcr_18_4,C,A,M,F,3,123,O,CE1,5.955758
tcr_18_4,C,A,M,Y,3,91,O,CE1,7.1098695
tcr_18_4,C,A,M,Y,3,31,O,CB,8.214221
tcr_18_4,C,A,M,Y,3,91,O,CD1,7.0672426
tcr_18_4,C,A,M,Y,3,91,O,CG,7.7141595
tcr_18_4,C,A,M,F,3,123,O,CD2,6.908247
tcr_18_4,C,A,M,Y,3,183,O,CZ,6.2899127
tcr_18_4,C,A,M,Y,3,183,O,CD1,7.0172553
tcr_18_4,C,A,M,Y,3,183,O,CE1,6.8561354
tcr_18_4,C,A,M,R,3,180,O,CA,9.347083
tcr_18_4,C,A,M,Y,3,183,O,CG,6.6442633
tcr_18_4,C,A,M,F,3,123,O,CG,7.397792
tcr_18_4,C,A,M,R,3,180,O,O,9.778989
tcr_18_4,C,A,M,D,3,138,O,OD2,9.198338
tcr_18_4,C,A,M,F,3,123,O,CB,8.686276
tcr_18_4,C,A,M,W,3,121,O,CH2,5.1351576
tcr_18_4,C,A,M,F,3,123,O,CD1,6.9637885
tcr_18_4,C,A,M,W,3,121,O,CZ2,6.3089685
tcr_18_4,C,A,M,R,3,180,O,NH1,9.616557
tcr_18_4,C,A,M,W,3,121,O,CZ3,5.4082775
tcr_18_4,C,A,M,W,3,121,O,NE1,8.796963
tcr_18_4,C,A,M,W,3,121,O,CE3,6.766283
tcr_18_4,C,A,M,W,3,121,O,CD2,7.7245555
tcr_18_4,C,A,M,W,3,121,O,CE2,7.5067196
tcr_18_4,C,A,M,Q,3,89,O,CA,8.968166
tcr_18_4,C,A,M,K,3,90,O,CB,4.2383013
tcr_18_4,C,A,M,K,3,90,O,N,6.518693
tcr_18_4,C,A,M,R,3,86,O,O,7.666321
tcr_18_4,C,A,M,Q,3,89,O,CB,9.332234
tcr_18_4,C,A,M,Q,3,89,O,C,7.6066046
tcr_18_4,C,A,M,K,3,90,O,CA,5.184983
tcr_18_4,C,A,M,E,3,87,O,O,7.3003507
tcr_18_4,C,A,M,Q,3,89,O,O,7.711538
tcr_18_4,C,A,M,Y,3,91,O,N,6.306336
tcr_18_4,C,A,M,Y,3,91,O,CA,7.06086
tcr_18_4,C,A,M,K,3,92,O,N,8.733144
tcr_18_4,C,A,M,Y,3,91,O,C,7.9917116
tcr_18_4,C,A,M,K,3,90,O,C,5.463879
tcr_18_4,C,A,M,Y,3,91,O,CB,8.073117
tcr_18_4,C,A,M,K,3,92,O,C,9.383821
tcr_18_4,C,A,M,Y,3,91,O,O,8.229558
tcr_18_4,C,A,M,K,3,92,O,CA,9.781099
tcr_18_4,C,A,M,K,3,90,O,CG,4.311658
tcr_18_4,C,A,M,Q,3,94,O,CG,6.371305
tcr_18_4,C,A,M,K,3,90,O,CE,4.924594
tcr_18_4,C,A,M,Q,3,94,O,OE1,5.2645545
tcr_18_4,C,A,M,Q,3,94,O,CD,6.189168
tcr_18_4,C,A,M,K,3,90,O,CD,4.055808
tcr_18_4,C,A,M,Q,3,94,O,CB,6.045858
tcr_18_4,C,A,M,Q,3,94,O,N,6.942904
tcr_18_4,C,A,M,K,3,90,O,O,5.334798
tcr_18_4,C,A,M,Q,3,94,O,CA,6.9700065
tcr_18_4,C,A,M,R,3,93,O,C,7.8038206
tcr_18_4,C,A,M,T,3,97,O,OG1,8.846099
tcr_18_4,C,A,M,R,3,93,O,O,8.555053
tcr_18_4,C,A,M,R,3,93,O,NH2,9.33958
tcr_18_4,C,A,M,R,3,93,O,NH1,7.7395635
tcr_18_4,C,A,M,R,3,93,O,CD,7.107707
tcr_18_4,C,A,M,R,3,93,O,CZ,8.267334
tcr_18_4,C,A,M,R,3,93,O,NE,7.9835854
tcr_18_4,C,A,M,R,3,93,O,CA,8.156923
tcr_18_4,C,A,M,R,3,93,O,CG,7.598196
tcr_18_4,C,A,M,R,3,93,O,N,8.389125
tcr_18_4,C,A,M,R,3,93,O,CB,7.3198113
tcr_18_4,C,A,M,Q,3,179,O,C,9.757877
tcr_18_4,C,A,M,R,3,180,O,N,9.821425
tcr_18_4,C,A,M,R,3,180,O,CG,8.951231
tcr_18_4,C,A,M,R,3,180,O,CB,9.669867
tcr_18_4,C,A,M,R,3,180,O,NE,9.157604
tcr_18_4,C,A,M,R,3,180,O,CD,9.392333
tcr_18_4,C,A,M,R,3,180,O,CZ,9.298927
tcr_18_4,C,A,M,E,3,176,O,OE1,9.0642605
tcr_18_4,C,A,M,R,3,180,O,NH2,9.406606
tcr_18_4,C,A,M,S,3,33,O,CB,9.388363
tcr_18_4,C,A,M,S,3,33,O,OG,9.286992
tcr_18_4,C,A,M,W,3,121,O,CG,9.181571
tcr_18_4,C,A,M,W,3,121,O,CD1,9.699909
tcr_18_4,C,A,M,F,3,46,O,CE2,9.26042
tcr_18_4,C,A,M,F,3,46,O,CE1,9.100952
tcr_18_4,C,A,M,F,3,46,O,CZ,8.4757395
tcr_18_4,C,A,M,A,3,48,O,CB,9.378576
tcr_18_4,C,A,M,A,3,95,O,N,9.114712
tcr_18_4,C,A,M,Q,3,94,O,NE2,7.3200088
tcr_18_4,C,A,M,D,3,98,O,OD1,9.901156
tcr_18_4,C,A,M,Q,3,94,O,O,9.0763855
tcr_18_4,C,A,M,Q,3,94,O,C,8.420025
tcr_18_4,C,A,M,T,3,97,O,CB,9.333322
tcr_18_4,C,A,M,T,3,97,O,CG2,9.630123
tcr_18_4,C,A,M,Y,3,91,CB,OH,9.399887
tcr_18_4,C,A,M,C,3,188,CB,CA,8.579862
tcr_18_4,C,A,M,C,3,188,CB,N,8.442632
tcr_18_4,C,A,M,L,3,184,CB,CA,8.195187
tcr_18_4,C,A,M,C,3,188,CB,CB,8.051531
tcr_18_4,C,A,M,L,3,184,CB,C,9.589503
tcr_18_4,C,A,M,T,3,187,CB,CG2,7.9852133
tcr_18_4,C,A,M,K,3,90,CB,NZ,7.1508512
tcr_18_4,C,A,M,T,3,187,CB,O,9.676684
tcr_18_4,C,A,M,T,3,187,CB,C,9.031945
tcr_18_4,C,A,M,Y,3,183,CB,CB,5.2157917
tcr_18_4,C,A,M,A,3,182,CB,O,9.445927
tcr_18_4,C,A,M,Y,3,183,CB,CD2,4.3750205
tcr_18_4,C,A,M,T,3,187,CB,CA,9.219175
tcr_18_4,C,A,M,T,3,187,CB,CB,8.074517
tcr_18_4,C,A,M,Y,3,183,CB,C,7.202707
tcr_18_4,C,A,M,Y,3,183,CB,CA,6.700836
tcr_18_4,C,A,M,T,3,187,CB,OG1,8.551084
tcr_18_4,C,A,M,T,3,187,CB,N,9.665
tcr_18_4,C,A,M,L,3,184,CB,N,7.46886
tcr_18_4,C,A,M,Y,3,183,CB,O,7.672547
tcr_18_4,C,A,M,R,3,181,CB,O,9.940134
tcr_18_4,C,A,M,R,3,181,CB,CA,9.829137
tcr_18_4,C,A,M,R,3,181,CB,C,9.741677
tcr_18_4,C,A,M,A,3,182,CB,N,9.686367
tcr_18_4,C,A,M,A,3,182,CB,C,8.892522
tcr_18_4,C,A,M,A,3,182,CB,CA,9.890201
tcr_18_4,C,A,M,Y,3,183,CB,N,7.59011
tcr_18_4,C,A,M,Q,3,179,CB,O,7.461961
tcr_18_4,C,A,M,Q,3,179,CB,CA,9.104591
tcr_18_4,C,A,M,M,3,29,CB,SD,9.913877
tcr_18_4,C,A,M,M,3,29,CB,CE,8.628886
tcr_18_4,C,A,M,R,3,30,CB,C,9.72235
tcr_18_4,C,A,M,Y,3,31,CB,CA,8.429052
tcr_18_4,C,A,M,Y,3,31,CB,C,8.92297
tcr_18_4,C,A,M,Y,3,31,CB,N,8.651341
tcr_18_4,C,A,M,Y,3,31,CB,O,8.712544
tcr_18_4,C,A,M,C,3,188,CB,SG,8.407985
tcr_18_4,C,A,M,G,3,124,CB,O,9.353413
tcr_18_4,C,A,M,G,3,124,CB,CA,8.280617
tcr_18_4,C,A,M,L,3,184,CB,CG,7.4528136
tcr_18_4,C,A,M,L,3,184,CB,CB,8.506025
tcr_18_4,C,A,M,G,3,124,CB,C,9.196207
tcr_18_4,C,A,M,L,3,184,CB,CD2,7.151411
tcr_18_4,C,A,M,G,3,124,CB,N,7.753565
tcr_18_4,C,A,M,Y,3,137,CB,O,8.2881365
tcr_18_4,C,A,M,F,3,123,CB,CA,7.274545
tcr_18_4,C,A,M,F,3,123,CB,N,7.8405766
tcr_18_4,C,A,M,M,3,122,CB,C,8.695277
tcr_18_4,C,A,M,F,3,123,CB,C,7.484229
tcr_18_4,C,A,M,F,3,123,CB,O,7.702305
tcr_18_4,C,A,M,M,3,122,CB,O,9.038174
tcr_18_4,C,A,M,Y,3,137,CB,C,9.367424
tcr_18_4,C,A,M,L,3,184,CB,CD1,8.249893
tcr_18_4,C,A,M,D,3,138,CB,N,9.646739
tcr_18_4,C,A,M,D,3,138,CB,CA,8.842619
tcr_18_4,C,A,M,D,3,138,CB,C,9.9395075
tcr_18_4,C,A,M,Y,3,31,CB,CZ,7.846755
tcr_18_4,C,A,M,Y,3,31,CB,CE2,7.1761293
tcr_18_4,C,A,M,E,3,87,CB,OE1,8.751639
tcr_18_4,C,A,M,E,3,87,CB,CD,9.021533
tcr_18_4,C,A,M,Y,3,183,CB,CE2,4.2998285
tcr_18_4,C,A,M,Y,3,31,CB,OH,8.526909
tcr_18_4,C,A,M,E,3,87,CB,OE2,8.283416
tcr_18_4,C,A,M,Y,3,183,CB,OH,4.820782
tcr_18_4,C,A,M,Y,3,31,CB,CD2,6.755654
tcr_18_4,C,A,M,F,3,123,CB,CE2,3.69548
tcr_18_4,C,A,M,Y,3,31,CB,CE1,8.12315
tcr_18_4,C,A,M,F,3,123,CB,CZ,3.7103522
tcr_18_4,C,A,M,Y,3,31,CB,CG,7.055816
tcr_18_4,C,A,M,Y,3,91,CB,CZ,9.3601465
tcr_18_4,C,A,M,Y,3,31,CB,CD1,7.752913
tcr_18_4,C,A,M,F,3,123,CB,CE1,4.3114805
tcr_18_4,C,A,M,Y,3,91,CB,CE1,8.602183
tcr_18_4,C,A,M,Y,3,31,CB,CB,7.05773
tcr_18_4,C,A,M,Y,3,91,CB,CD1,8.880983
tcr_18_4,C,A,M,Y,3,91,CB,CG,9.862165
tcr_18_4,C,A,M,D,3,138,CB,CB,8.14647
tcr_18_4,C,A,M,F,3,123,CB,CD2,4.2807903
tcr_18_4,C,A,M,Y,3,183,CB,CZ,4.2446046
tcr_18_4,C,A,M,Y,3,183,CB,CD1,4.3331122
tcr_18_4,C,A,M,Y,3,183,CB,CE1,4.2603097
tcr_18_4,C,A,M,R,3,180,CB,CA,6.89389
tcr_18_4,C,A,M,Y,3,183,CB,CG,4.397102
tcr_18_4,C,A,M,R,3,180,CB,C,7.583069
tcr_18_4,C,A,M,F,3,123,CB,CG,4.814838
tcr_18_4,C,A,M,R,3,180,CB,O,7.076334
tcr_18_4,C,A,M,D,3,138,CB,OD2,6.4140534
tcr_18_4,C,A,M,F,3,123,CB,CB,5.905357
tcr_18_4,C,A,M,D,3,138,CB,CG,7.357007
tcr_18_4,C,A,M,W,3,121,CB,CH2,3.6725712
tcr_18_4,C,A,M,F,3,123,CB,CD1,4.823281
tcr_18_4,C,A,M,W,3,121,CB,CZ2,4.282074
tcr_18_4,C,A,M,R,3,180,CB,NH1,7.5327516
tcr_18_4,C,A,M,W,3,121,CB,CZ3,4.614988
tcr_18_4,C,A,M,W,3,121,CB,NE1,6.6516647
tcr_18_4,C,A,M,W,3,121,CB,CE3,5.8520412
tcr_18_4,C,A,M,W,3,121,CB,CD2,6.2805076
tcr_18_4,C,A,M,W,3,121,CB,CE2,5.591049
tcr_18_4,C,A,M,D,3,138,CB,OD1,7.9128075
tcr_18_4,C,A,M,K,3,90,CB,CB,7.2835736
tcr_18_4,C,A,M,K,3,90,CB,N,9.643533
tcr_18_4,C,A,M,K,3,90,CB,CA,8.303534
tcr_18_4,C,A,M,Y,3,91,CB,N,9.081086
tcr_18_4,C,A,M,Y,3,91,CB,CA,9.568869
tcr_18_4,C,A,M,K,3,90,CB,C,8.393798
tcr_18_4,C,A,M,K,3,90,CB,CG,7.3097897
tcr_18_4,C,A,M,Q,3,94,CB,CG,7.469126
tcr_18_4,C,A,M,K,3,90,CB,CE,7.225228
tcr_18_4,C,A,M,Q,3,94,CB,OE1,6.180432
tcr_18_4,C,A,M,Q,3,94,CB,CD,6.9901977
tcr_18_4,C,A,M,K,3,90,CB,CD,6.672768
tcr_18_4,C,A,M,Q,3,94,CB,CB,7.778101
tcr_18_4,C,A,M,Q,3,94,CB,N,9.253942
tcr_18_4,C,A,M,K,3,90,CB,O,8.144187
tcr_18_4,C,A,M,Q,3,94,CB,CA,8.854509
tcr_18_4,C,A,M,R,3,93,CB,CD,9.7087
tcr_18_4,C,A,M,R,3,181,CB,N,8.90174
tcr_18_4,C,A,M,Q,3,179,CB,C,7.916034
tcr_18_4,C,A,M,R,3,180,CB,N,7.714609
tcr_18_4,C,A,M,R,3,180,CB,CG,6.631716
tcr_18_4,C,A,M,R,3,180,CB,CB,7.0901794
tcr_18_4,C,A,M,R,3,180,CB,NE,7.1678944
tcr_18_4,C,A,M,R,3,180,CB,CD,7.024797
tcr_18_4,C,A,M,R,3,180,CB,CZ,7.425949
tcr_18_4,C,A,M,E,3,176,CB,O,9.585602
tcr_18_4,C,A,M,Q,3,179,CB,OE1,9.87084
tcr_18_4,C,A,M,Q,3,179,CB,CB,8.886518
tcr_18_4,C,A,M,E,3,176,CB,CG,9.809414
tcr_18_4,C,A,M,E,3,176,CB,OE1,8.04846
tcr_18_4,C,A,M,E,3,176,CB,CD,9.202075
tcr_18_4,C,A,M,R,3,180,CB,NH2,7.9286723
tcr_18_4,C,A,M,F,3,32,CB,N,9.790328
tcr_18_4,C,A,M,M,3,122,CB,CA,9.558754
tcr_18_4,C,A,M,M,3,122,CB,N,9.634947
tcr_18_4,C,A,M,S,3,33,CB,CB,9.325493
tcr_18_4,C,A,M,S,3,33,CB,OG,9.012092
tcr_18_4,C,A,M,W,3,121,CB,C,9.578644
tcr_18_4,C,A,M,W,3,121,CB,O,9.523146
tcr_18_4,C,A,M,W,3,121,CB,CG,7.6465864
tcr_18_4,C,A,M,W,3,121,CB,CB,8.870921
tcr_18_4,C,A,M,W,3,121,CB,CA,9.929742
tcr_18_4,C,A,M,W,3,121,CB,CD1,7.781697
tcr_18_4,C,A,M,F,3,46,CB,CZ,9.688478
tcr_18_4,C,A,M,Q,3,94,CB,NE2,7.768471
tcr_18_4,C,A,M,C,3,188,CG,CA,8.812721
tcr_18_4,C,A,M,C,3,188,CG,N,8.494323
tcr_18_4,C,A,M,L,3,184,CG,CA,7.685333
tcr_18_4,C,A,M,C,3,188,CG,CB,8.211416
tcr_18_4,C,A,M,L,3,184,CG,C,9.09416
tcr_18_4,C,A,M,L,3,184,CG,O,9.808471
tcr_18_4,C,A,M,T,3,187,CG,CG2,8.102799
tcr_18_4,C,A,M,K,3,90,CG,NZ,7.83189
tcr_18_4,C,A,M,T,3,187,CG,O,9.908691
tcr_18_4,C,A,M,T,3,187,CG,C,9.107891
tcr_18_4,C,A,M,Y,3,183,CG,CB,4.339012
tcr_18_4,C,A,M,A,3,182,CG,O,8.546104
tcr_18_4,C,A,M,Y,3,183,CG,CD2,4.242687
tcr_18_4,C,A,M,T,3,187,CG,CA,9.104404
tcr_18_4,C,A,M,T,3,187,CG,CB,7.9470906
tcr_18_4,C,A,M,Y,3,183,CG,C,6.5717053
tcr_18_4,C,A,M,Y,3,183,CG,CA,5.8735194
tcr_18_4,C,A,M,T,3,187,CG,OG1,8.234068
tcr_18_4,C,A,M,T,3,187,CG,N,9.341117
tcr_18_4,C,A,M,L,3,184,CG,N,6.7799797
tcr_18_4,C,A,M,Y,3,183,CG,O,7.2432117
tcr_18_4,C,A,M,R,3,181,CG,O,8.917795
tcr_18_4,C,A,M,E,3,185,CG,N,9.636698
tcr_18_4,C,A,M,R,3,181,CG,CA,8.642265
tcr_18_4,C,A,M,R,3,181,CG,C,8.584176
tcr_18_4,C,A,M,A,3,182,CG,N,8.437639
tcr_18_4,C,A,M,A,3,182,CG,C,7.853202
tcr_18_4,C,A,M,A,3,182,CG,CA,8.70795
tcr_18_4,C,A,M,Y,3,183,CG,N,6.5384107
tcr_18_4,C,A,M,A,3,182,CG,CB,8.90257
tcr_18_4,C,A,M,Q,3,179,CG,O,6.02248
tcr_18_4,C,A,M,E,3,178,CG,O,9.442707
tcr_18_4,C,A,M,Q,3,179,CG,CG,8.72284
tcr_18_4,C,A,M,Q,3,179,CG,CA,7.5819244
tcr_18_4,C,A,M,Q,3,179,CG,N,8.706789
tcr_18_4,C,A,M,E,3,178,CG,C,9.501444
tcr_18_4,C,A,M,M,3,29,CG,CE,9.471184
tcr_18_4,C,A,M,Y,3,31,CG,CA,9.728668
tcr_18_4,C,A,M,Y,3,31,CG,N,9.842073
tcr_18_4,C,A,M,Y,3,31,CG,O,9.821271
tcr_18_4,C,A,M,C,3,188,CG,SG,8.788066
tcr_18_4,C,A,M,G,3,124,CG,O,9.511159
tcr_18_4,C,A,M,G,3,124,CG,CA,8.810326
tcr_18_4,C,A,M,L,3,184,CG,CG,6.9183154
tcr_18_4,C,A,M,L,3,184,CG,CB,7.9292936
tcr_18_4,C,A,M,G,3,124,CG,C,9.532055
tcr_18_4,C,A,M,L,3,184,CG,CD2,6.933142
tcr_18_4,C,A,M,G,3,124,CG,N,8.23625
tcr_18_4,C,A,M,Y,3,137,CG,O,8.295039
tcr_18_4,C,A,M,F,3,123,CG,CA,7.8233376
tcr_18_4,C,A,M,F,3,123,CG,N,8.538051
tcr_18_4,C,A,M,M,3,122,CG,C,9.298994
tcr_18_4,C,A,M,F,3,123,CG,C,8.135604
tcr_18_4,C,A,M,F,3,123,CG,O,8.55017
tcr_18_4,C,A,M,M,3,122,CG,O,9.450762
tcr_18_4,C,A,M,Y,3,137,CG,C,9.292018
tcr_18_4,C,A,M,L,3,184,CG,CD1,7.6310277
tcr_18_4,C,A,M,D,3,138,CG,N,9.48662
tcr_18_4,C,A,M,D,3,138,CG,CA,8.676718
tcr_18_4,C,A,M,D,3,138,CG,C,9.774497
tcr_18_4,C,A,M,Y,3,31,CG,CZ,9.254895
tcr_18_4,C,A,M,Y,3,31,CG,CE2,8.508717
tcr_18_4,C,A,M,E,3,87,CG,OE1,9.748225
tcr_18_4,C,A,M,Y,3,183,CG,CE2,4.6482687
tcr_18_4,C,A,M,Y,3,31,CG,OH,9.883078
tcr_18_4,C,A,M,E,3,87,CG,OE2,9.520114
tcr_18_4,C,A,M,Y,3,183,CG,OH,5.67073
tcr_18_4,C,A,M,Y,3,31,CG,CD2,8.099193
tcr_18_4,C,A,M,F,3,123,CG,CE2,4.860964
tcr_18_4,C,A,M,Y,3,31,CG,CE1,9.607658
tcr_18_4,C,A,M,F,3,123,CG,CZ,5.0686336
tcr_18_4,C,A,M,Y,3,31,CG,CG,8.482015
tcr_18_4,C,A,M,Y,3,31,CG,CD1,9.245074
tcr_18_4,C,A,M,F,3,123,CG,CE1,5.5147285
tcr_18_4,C,A,M,Y,3,31,CG,CB,8.422372
tcr_18_4,C,A,M,D,3,138,CG,CB,7.7472606
tcr_18_4,C,A,M,F,3,123,CG,CD2,5.121681
tcr_18_4,C,A,M,Y,3,183,CG,CZ,4.7733707
tcr_18_4,C,A,M,Y,3,183,CG,CD1,4.086843
tcr_18_4,C,A,M,Y,3,183,CG,CE1,4.5081806
tcr_18_4,C,A,M,R,3,180,CG,CA,5.5202866
tcr_18_4,C,A,M,Y,3,183,CG,CG,3.945424
tcr_18_4,C,A,M,R,3,180,CG,C,6.3279076
tcr_18_4,C,A,M,F,3,123,CG,CG,5.5657387
tcr_18_4,C,A,M,R,3,180,CG,O,5.9610605
tcr_18_4,C,A,M,D,3,138,CG,OD2,5.8355513
tcr_18_4,C,A,M,F,3,123,CG,CB,6.361031
tcr_18_4,C,A,M,D,3,138,CG,CG,6.932651
tcr_18_4,C,A,M,W,3,121,CG,CH2,4.1716146
tcr_18_4,C,A,M,F,3,123,CG,CD1,5.7474165
tcr_18_4,C,A,M,W,3,121,CG,CZ2,4.5162573
tcr_18_4,C,A,M,R,3,180,CG,NH1,6.950357
tcr_18_4,C,A,M,W,3,121,CG,CZ3,5.3490067
tcr_18_4,C,A,M,W,3,121,CG,NE1,6.8413563
tcr_18_4,C,A,M,W,3,121,CG,CE3,6.5703955
tcr_18_4,C,A,M,W,3,121,CG,CD2,6.8223844
tcr_18_4,C,A,M,W,3,121,CG,CE2,5.911329
tcr_18_4,C,A,M,D,3,138,CG,OD1,7.588316
tcr_18_4,C,A,M,K,3,90,CG,CB,8.178015
tcr_18_4,C,A,M,K,3,90,CG,CA,9.109068
tcr_18_4,C,A,M,K,3,90,CG,C,9.307217
tcr_18_4,C,A,M,K,3,90,CG,CG,8.028416
tcr_18_4,C,A,M,Q,3,94,CG,CG,8.216702
tcr_18_4,C,A,M,K,3,90,CG,CE,7.8360763
tcr_18_4,C,A,M,Q,3,94,CG,OE1,6.5526114
tcr_18_4,C,A,M,Q,3,94,CG,CD,7.480844
tcr_18_4,C,A,M,K,3,90,CG,CD,7.4799585
tcr_18_4,C,A,M,Q,3,94,CG,CB,8.557208
tcr_18_4,C,A,M,Q,3,94,CG,N,9.847463
tcr_18_4,C,A,M,K,3,90,CG,O,8.968826
tcr_18_4,C,A,M,Q,3,94,CG,CA,9.457585
tcr_18_4,C,A,M,R,3,93,CG,NH1,9.675516
tcr_18_4,C,A,M,R,3,93,CG,CD,9.721631
tcr_18_4,C,A,M,A,3,177,CG,O,9.42507
tcr_18_4,C,A,M,R,3,181,CG,N,7.6266093
tcr_18_4,C,A,M,Q,3,179,CG,C,6.4159813
tcr_18_4,C,A,M,A,3,177,CG,C,9.905441
tcr_18_4,C,A,M,R,3,180,CG,N,6.236349
tcr_18_4,C,A,M,R,3,180,CG,CG,5.3504024
tcr_18_4,C,A,M,R,3,180,CG,CB,5.821814
tcr_18_4,C,A,M,L,3,150,CG,CD2,9.34067
tcr_18_4,C,A,M,R,3,180,CG,NE,6.172721
tcr_18_4,C,A,M,R,3,180,CG,CD,5.961423
tcr_18_4,C,A,M,R,3,180,CG,CZ,6.655963
tcr_18_4,C,A,M,W,3,157,CG,CH2,9.356808
tcr_18_4,C,A,M,E,3,176,CG,O,8.135391
tcr_18_4,C,A,M,Q,3,179,CG,OE1,8.495194
tcr_18_4,C,A,M,Q,3,179,CG,CD,8.905224
tcr_18_4,C,A,M,Q,3,179,CG,NE2,9.759585
tcr_18_4,C,A,M,Q,3,179,CG,CB,7.3655744
tcr_18_4,C,A,M,E,3,176,CG,CA,9.754512
tcr_18_4,C,A,M,E,3,176,CG,C,9.195751
tcr_18_4,C,A,M,E,3,176,CG,OE2,8.794275
tcr_18_4,C,A,M,E,3,176,CG,CB,9.851503
tcr_18_4,C,A,M,E,3,176,CG,CG,8.588161
tcr_18_4,C,A,M,E,3,176,CG,OE1,6.8886895
tcr_18_4,C,A,M,E,3,176,CG,CD,7.981943
tcr_18_4,C,A,M,R,3,180,CG,NH2,7.21529
tcr_18_4,C,A,M,W,3,121,CG,CG,8.146575
tcr_18_4,C,A,M,W,3,121,CG,CB,9.47562
tcr_18_4,C,A,M,W,3,121,CG,CD1,8.101577
tcr_18_4,C,A,M,Q,3,94,CG,NE2,8.124474
tcr_18_4,C,A,M,C,3,188,SD,CA,9.515095
tcr_18_4,C,A,M,C,3,188,SD,N,9.30012
tcr_18_4,C,A,M,L,3,184,SD,CA,7.486862
tcr_18_4,C,A,M,C,3,188,SD,CB,8.653699
tcr_18_4,C,A,M,L,3,184,SD,C,8.981013
tcr_18_4,C,A,M,L,3,184,SD,O,9.767003
tcr_18_4,C,A,M,T,3,187,SD,CG2,9.494716
tcr_18_4,C,A,M,K,3,90,SD,NZ,9.6357
tcr_18_4,C,A,M,Y,3,183,SD,CB,4.8444667
tcr_18_4,C,A,M,A,3,182,SD,O,8.876248
tcr_18_4,C,A,M,Y,3,183,SD,CD2,5.424923
tcr_18_4,C,A,M,T,3,187,SD,CB,9.142109
tcr_18_4,C,A,M,Y,3,183,SD,C,6.840122
tcr_18_4,C,A,M,Y,3,183,SD,CA,6.2964945
tcr_18_4,C,A,M,T,3,187,SD,OG1,9.441626
tcr_18_4,C,A,M,L,3,184,SD,N,6.6965604
tcr_18_4,C,A,M,Y,3,183,SD,O,7.6911874
tcr_18_4,C,A,M,R,3,181,SD,O,8.542005
tcr_18_4,C,A,M,E,3,185,SD,N,9.507808
tcr_18_4,C,A,M,R,3,181,SD,CA,7.841577
tcr_18_4,C,A,M,R,3,181,SD,CB,9.142398
tcr_18_4,C,A,M,R,3,181,SD,C,8.095725
tcr_18_4,C,A,M,A,3,182,SD,N,8.099178
tcr_18_4,C,A,M,A,3,182,SD,C,8.031065
tcr_18_4,C,A,M,A,3,182,SD,CA,8.667815
tcr_18_4,C,A,M,Y,3,183,SD,N,6.7202244
tcr_18_4,C,A,M,A,3,182,SD,CB,8.964674
tcr_18_4,C,A,M,Q,3,179,SD,O,5.775882
tcr_18_4,C,A,M,E,3,178,SD,O,8.868433
tcr_18_4,C,A,M,Q,3,179,SD,CG,8.385131
tcr_18_4,C,A,M,Q,3,179,SD,CA,7.1167903
tcr_18_4,C,A,M,Q,3,179,SD,N,8.013722
tcr_18_4,C,A,M,E,3,178,SD,C,8.787247
tcr_18_4,C,A,M,E,3,178,SD,CA,9.831997
tcr_18_4,C,A,M,Y,3,31,SD,CA,9.914894
tcr_18_4,C,A,M,Y,3,31,SD,N,9.950741
tcr_18_4,C,A,M,Y,3,31,SD,O,9.580633
tcr_18_4,C,A,M,Y,3,137,SD,N,9.454418
tcr_18_4,C,A,M,C,3,188,SD,SG,9.086387
tcr_18_4,C,A,M,G,3,124,SD,O,8.928098
tcr_18_4,C,A,M,G,3,124,SD,CA,8.512878
tcr_18_4,C,A,M,L,3,184,SD,CG,6.173031
tcr_18_4,C,A,M,L,3,184,SD,CB,7.375916
tcr_18_4,C,A,M,G,3,124,SD,C,9.150436
tcr_18_4,C,A,M,L,3,184,SD,CD2,6.3121448
tcr_18_4,C,A,M,G,3,124,SD,N,7.712994
tcr_18_4,C,A,M,Y,3,137,SD,O,7.194006
tcr_18_4,C,A,M,Y,3,137,SD,CA,9.42968
tcr_18_4,C,A,M,F,3,123,SD,CA,7.0605583
tcr_18_4,C,A,M,F,3,123,SD,N,7.815404
tcr_18_4,C,A,M,M,3,122,SD,C,8.39572
tcr_18_4,C,A,M,F,3,123,SD,C,7.6350937
tcr_18_4,C,A,M,F,3,123,SD,O,8.264041
tcr_18_4,C,A,M,M,3,122,SD,O,8.343469
tcr_18_4,C,A,M,Y,3,137,SD,C,8.056385
tcr_18_4,C,A,M,L,3,184,SD,CD1,6.5572877
tcr_18_4,C,A,M,L,3,150,SD,CG,8.964844
tcr_18_4,C,A,M,L,3,150,SD,CB,8.890526
tcr_18_4,C,A,M,D,3,138,SD,N,8.074691
tcr_18_4,C,A,M,D,3,138,SD,CA,7.1752925
tcr_18_4,C,A,M,D,3,138,SD,C,8.197507
tcr_18_4,C,A,M,D,3,138,SD,O,8.813906
tcr_18_4,C,A,M,Y,3,31,SD,CE2,9.433541
tcr_18_4,C,A,M,Y,3,183,SD,CE2,5.8984127
tcr_18_4,C,A,M,Y,3,183,SD,OH,6.618451
tcr_18_4,C,A,M,Y,3,31,SD,CD2,8.799436
tcr_18_4,C,A,M,F,3,123,SD,CE2,5.2588487
tcr_18_4,C,A,M,F,3,123,SD,CZ,5.519943
tcr_18_4,C,A,M,Y,3,31,SD,CG,9.1065235
tcr_18_4,C,A,M,F,3,123,SD,CE1,5.5881886
tcr_18_4,C,A,M,Y,3,31,SD,CB,8.76435
tcr_18_4,C,A,M,D,3,138,SD,CB,6.1324763
tcr_18_4,C,A,M,F,3,123,SD,CD2,5.0525723
tcr_18_4,C,A,M,Y,3,183,SD,CZ,5.7218604
tcr_18_4,C,A,M,Y,3,183,SD,CD1,4.4694705
tcr_18_4,C,A,M,Y,3,183,SD,CE1,5.031816
tcr_18_4,C,A,M,R,3,180,SD,CA,4.482257
tcr_18_4,C,A,M,Y,3,183,SD,CG,4.6950655
tcr_18_4,C,A,M,R,3,180,SD,C,5.437629
tcr_18_4,C,A,M,F,3,123,SD,CG,5.1280985
tcr_18_4,C,A,M,R,3,180,SD,O,5.271326
tcr_18_4,C,A,M,D,3,138,SD,OD2,4.0862403
tcr_18_4,C,A,M,F,3,123,SD,CB,5.539566
tcr_18_4,C,A,M,D,3,138,SD,CG,5.233679
tcr_18_4,C,A,M,W,3,121,SD,CH2,3.772075
tcr_18_4,C,A,M,F,3,123,SD,CD1,5.398385
tcr_18_4,C,A,M,W,3,121,SD,CZ2,3.5783668
tcr_18_4,C,A,M,R,3,180,SD,NH1,5.2747626
tcr_18_4,C,A,M,W,3,121,SD,CZ3,5.1486835
tcr_18_4,C,A,M,W,3,121,SD,NE1,5.5902157
tcr_18_4,C,A,M,W,3,121,SD,CE3,6.140409
tcr_18_4,C,A,M,W,3,121,SD,CD2,6.0459504
tcr_18_4,C,A,M,W,3,121,SD,CE2,4.894368
tcr_18_4,C,A,M,D,3,138,SD,OD1,5.9078035
tcr_18_4,C,A,M,K,3,90,SD,CB,9.710702
tcr_18_4,C,A,M,K,3,90,SD,CG,9.685632
tcr_18_4,C,A,M,Q,3,94,SD,CG,8.458185
tcr_18_4,C,A,M,K,3,90,SD,CE,9.634138
tcr_18_4,C,A,M,Q,3,94,SD,OE1,6.7244425
tcr_18_4,C,A,M,Q,3,94,SD,CD,7.534288
tcr_18_4,C,A,M,K,3,90,SD,CD,9.217188
tcr_18_4,C,A,M,Q,3,94,SD,CB,9.079525
tcr_18_4,C,A,M,Q,3,94,SD,CA,9.933426
tcr_18_4,C,A,M,A,3,177,SD,CA,8.6427355
tcr_18_4,C,A,M,A,3,177,SD,O,8.236198
tcr_18_4,C,A,M,R,3,181,SD,N,6.701781
tcr_18_4,C,A,M,Q,3,179,SD,C,5.890648
tcr_18_4,C,A,M,A,3,177,SD,C,8.679532
tcr_18_4,C,A,M,R,3,180,SD,N,5.3548565
tcr_18_4,C,A,M,E,3,178,SD,N,9.442045
tcr_18_4,C,A,M,R,3,180,SD,CG,3.8150744
tcr_18_4,C,A,M,A,3,177,SD,N,8.746861
tcr_18_4,C,A,M,R,3,180,SD,CB,4.3848305
tcr_18_4,C,A,M,L,3,150,SD,CD2,7.770852
tcr_18_4,C,A,M,L,3,150,SD,CD1,9.287897
tcr_18_4,C,A,M,R,3,180,SD,NE,4.5381603
tcr_18_4,C,A,M,W,3,157,SD,CE2,9.692965
tcr_18_4,C,A,M,R,3,180,SD,CD,4.2240644
tcr_18_4,C,A,M,W,3,157,SD,CZ2,8.290194
tcr_18_4,C,A,M,R,3,180,SD,CZ,5.044285
tcr_18_4,C,A,M,W,3,157,SD,CZ3,8.426586
tcr_18_4,C,A,M,W,3,157,SD,CE3,9.813644
tcr_18_4,C,A,M,W,3,157,SD,CH2,7.5796328
tcr_18_4,C,A,M,E,3,176,SD,O,6.9493737
tcr_18_4,C,A,M,Q,3,179,SD,OE1,8.380692
tcr_18_4,C,A,M,Q,3,179,SD,CD,8.589278
tcr_18_4,C,A,M,Q,3,179,SD,NE2,9.266482
tcr_18_4,C,A,M,Q,3,179,SD,CB,6.950137
tcr_18_4,C,A,M,E,3,176,SD,CA,8.584823
tcr_18_4,C,A,M,E,3,176,SD,C,7.9352045
tcr_18_4,C,A,M,E,3,176,SD,OE2,7.897878
tcr_18_4,C,A,M,E,3,176,SD,CB,8.564966
tcr_18_4,C,A,M,E,3,176,SD,CG,7.276823
tcr_18_4,C,A,M,E,3,176,SD,OE1,5.8829904
tcr_18_4,C,A,M,E,3,176,SD,CD,6.920689
tcr_18_4,C,A,M,R,3,180,SD,NH2,5.78141
tcr_18_4,C,A,M,W,3,171,SD,CD2,9.779092
tcr_18_4,C,A,M,W,3,171,SD,CE2,9.579299
tcr_18_4,C,A,M,W,3,171,SD,CE3,9.489685
tcr_18_4,C,A,M,A,3,177,SD,CB,9.957719
tcr_18_4,C,A,M,M,3,122,SD,CA,9.476743
tcr_18_4,C,A,M,Q,3,139,SD,C,9.922563
tcr_18_4,C,A,M,M,3,122,SD,N,9.394084
tcr_18_4,C,A,M,S,3,33,SD,OG,9.787064
tcr_18_4,C,A,M,W,3,121,SD,C,9.555146
tcr_18_4,C,A,M,W,3,121,SD,O,9.860383
tcr_18_4,C,A,M,W,3,121,SD,CG,7.216631
tcr_18_4,C,A,M,W,3,121,SD,CB,8.64543
tcr_18_4,C,A,M,W,3,121,SD,CA,9.685903
tcr_18_4,C,A,M,Q,3,139,SD,O,9.508906
tcr_18_4,C,A,M,W,3,121,SD,CD1,6.9369783
tcr_18_4,C,A,M,Q,3,139,SD,N,8.6538515
tcr_18_4,C,A,M,Q,3,139,SD,CA,9.890049
tcr_18_4,C,A,M,S,3,140,SD,OG,9.229796
tcr_18_4,C,A,M,Q,3,94,SD,NE2,7.8991036
tcr_18_4,C,A,M,T,3,97,SD,CG2,9.993832
tcr_18_4,C,A,M,W,3,171,SD,CZ2,9.093342
tcr_18_4,C,A,M,W,3,171,SD,CZ3,8.998839
tcr_18_4,C,A,M,W,3,171,SD,CH2,8.793185
tcr_18_4,C,A,M,C,3,188,CE,CA,8.290903
tcr_18_4,C,A,M,C,3,188,CE,C,9.703212
tcr_18_4,C,A,M,C,3,188,CE,N,8.261446
tcr_18_4,C,A,M,L,3,184,CE,CA,6.1102877
tcr_18_4,C,A,M,C,3,188,CE,CB,7.2589602
tcr_18_4,C,A,M,L,3,184,CE,C,7.6403565
tcr_18_4,C,A,M,L,3,184,CE,O,8.330178
tcr_18_4,C,A,M,G,3,186,CE,N,9.7774515
tcr_18_4,C,A,M,T,3,187,CE,CG2,9.127951
tcr_18_4,C,A,M,T,3,187,CE,C,9.212434
tcr_18_4,C,A,M,Y,3,183,CE,CB,4.4741826
tcr_18_4,C,A,M,A,3,182,CE,O,8.371898
tcr_18_4,C,A,M,Y,3,183,CE,CD2,5.017954
tcr_18_4,C,A,M,T,3,187,CE,CA,9.472667
tcr_18_4,C,A,M,T,3,187,CE,CB,8.683095
tcr_18_4,C,A,M,Y,3,183,CE,C,5.9137793
tcr_18_4,C,A,M,Y,3,183,CE,CA,5.766089
tcr_18_4,C,A,M,T,3,187,CE,OG1,9.191305
tcr_18_4,C,A,M,T,3,187,CE,N,9.473788
tcr_18_4,C,A,M,L,3,184,CE,N,5.581493
tcr_18_4,C,A,M,Y,3,183,CE,O,6.6987195
tcr_18_4,C,A,M,R,3,181,CE,O,7.735795
tcr_18_4,C,A,M,E,3,185,CE,N,8.322164
tcr_18_4,C,A,M,E,3,185,CE,CA,9.787067
tcr_18_4,C,A,M,R,3,181,CE,CG,9.627815
tcr_18_4,C,A,M,R,3,181,CE,CA,7.2085185
tcr_18_4,C,A,M,R,3,181,CE,CB,8.590839
tcr_18_4,C,A,M,R,3,181,CE,C,7.4900727
tcr_18_4,C,A,M,A,3,182,CE,N,7.7652664
tcr_18_4,C,A,M,A,3,182,CE,C,7.6325035
tcr_18_4,C,A,M,A,3,182,CE,CA,8.380102
tcr_18_4,C,A,M,Y,3,183,CE,N,6.349199
tcr_18_4,C,A,M,A,3,182,CE,CB,8.975971
tcr_18_4,C,A,M,Q,3,179,CE,O,6.107117
tcr_18_4,C,A,M,E,3,178,CE,O,9.025015
tcr_18_4,C,A,M,Q,3,179,CE,CG,9.448688
tcr_18_4,C,A,M,Q,3,179,CE,CA,7.779593
tcr_18_4,C,A,M,Q,3,179,CE,N,8.557973
tcr_18_4,C,A,M,E,3,178,CE,C,9.099753
tcr_18_4,C,A,M,C,3,125,CE,CA,9.265832
tcr_18_4,C,A,M,G,3,136,CE,O,9.428913
tcr_18_4,C,A,M,M,3,29,CE,CE,9.043355
tcr_18_4,C,A,M,M,3,29,CE,O,9.611633
tcr_18_4,C,A,M,R,3,30,CE,CA,9.948077
tcr_18_4,C,A,M,R,3,30,CE,C,9.846653
tcr_18_4,C,A,M,Y,3,31,CE,CA,9.008889
tcr_18_4,C,A,M,Y,3,31,CE,C,9.279726
tcr_18_4,C,A,M,Y,3,31,CE,N,8.818821
tcr_18_4,C,A,M,Y,3,31,CE,O,8.669323
tcr_18_4,C,A,M,Y,3,137,CE,N,7.772305
tcr_18_4,C,A,M,C,3,125,CE,N,8.395282
tcr_18_4,C,A,M,C,3,188,CE,SG,7.536116
tcr_18_4,C,A,M,G,3,124,CE,O,7.134962
tcr_18_4,C,A,M,G,3,124,CE,CA,6.812168
tcr_18_4,C,A,M,C,3,125,CE,SG,9.345103
tcr_18_4,C,A,M,L,3,184,CE,CG,4.612511
tcr_18_4,C,A,M,C,3,125,CE,CB,9.123659
tcr_18_4,C,A,M,L,3,184,CE,CB,5.912015
tcr_18_4,C,A,M,G,3,124,CE,C,7.3764243
tcr_18_4,C,A,M,L,3,184,CE,CD2,4.5667577
tcr_18_4,C,A,M,G,3,124,CE,N,6.0475945
tcr_18_4,C,A,M,Y,3,137,CE,O,5.587363
tcr_18_4,C,A,M,Y,3,137,CE,CA,7.8376017
tcr_18_4,C,A,M,F,3,123,CE,CA,5.701584
tcr_18_4,C,A,M,Y,3,137,CE,CB,8.663177
tcr_18_4,C,A,M,F,3,123,CE,N,6.6763463
tcr_18_4,C,A,M,M,3,122,CE,C,7.3742948
tcr_18_4,C,A,M,F,3,123,CE,C,6.1297703
tcr_18_4,C,A,M,F,3,123,CE,O,6.855223
tcr_18_4,C,A,M,M,3,122,CE,O,7.3075266
tcr_18_4,C,A,M,Y,3,137,CE,C,6.535222
tcr_18_4,C,A,M,L,3,154,CE,CB,9.68589
tcr_18_4,C,A,M,L,3,154,CE,CD1,9.415586
tcr_18_4,C,A,M,L,3,154,CE,CG,9.671321
tcr_18_4,C,A,M,G,3,136,CE,C,8.601894
tcr_18_4,C,A,M,L,3,184,CE,CD1,5.0887337
tcr_18_4,C,A,M,L,3,154,CE,CD2,8.832536
tcr_18_4,C,A,M,G,3,136,CE,CA,8.747123
tcr_18_4,C,A,M,L,3,150,CE,CG,8.221479
tcr_18_4,C,A,M,L,3,150,CE,CB,8.139426
tcr_18_4,C,A,M,D,3,138,CE,N,6.7488084
tcr_18_4,C,A,M,L,3,150,CE,CA,9.56955
tcr_18_4,C,A,M,D,3,138,CE,CA,6.0619173
tcr_18_4,C,A,M,L,3,150,CE,N,9.664757
tcr_18_4,C,A,M,D,3,138,CE,C,7.296502
tcr_18_4,C,A,M,D,3,138,CE,O,7.9963493
tcr_18_4,C,A,M,Y,3,31,CE,CZ,9.68075
tcr_18_4,C,A,M,Y,3,31,CE,CE2,8.63125
tcr_18_4,C,A,M,Y,3,183,CE,CE2,5.3400435
tcr_18_4,C,A,M,Y,3,183,CE,OH,5.674374
tcr_18_4,C,A,M,Y,3,31,CE,CD2,7.9269967
tcr_18_4,C,A,M,F,3,123,CE,CE2,4.3999186
tcr_18_4,C,A,M,F,3,123,CE,CZ,5.0485463
tcr_18_4,C,A,M,Y,3,31,CE,CG,8.381046
tcr_18_4,C,A,M,Y,3,31,CE,CD1,9.46895
tcr_18_4,C,A,M,F,3,123,CE,CE1,5.2062573
tcr_18_4,C,A,M,Y,3,31,CE,CB,8.006879
tcr_18_4,C,A,M,D,3,138,CE,CB,5.1352963
tcr_18_4,C,A,M,F,3,123,CE,CD2,3.8458507
tcr_18_4,C,A,M,Y,3,183,CE,CZ,4.8141727
tcr_18_4,C,A,M,Y,3,183,CE,CD1,3.3534155
tcr_18_4,C,A,M,Y,3,183,CE,CE1,3.812889
tcr_18_4,C,A,M,R,3,180,CE,CA,4.514394
tcr_18_4,C,A,M,Y,3,183,CE,CG,4.0729103
tcr_18_4,C,A,M,R,3,180,CE,C,5.013691
tcr_18_4,C,A,M,F,3,123,CE,CG,4.0494227
tcr_18_4,C,A,M,R,3,180,CE,O,4.556758
tcr_18_4,C,A,M,D,3,138,CE,OD2,3.6349757
tcr_18_4,C,A,M,F,3,123,CE,CB,4.2574253
tcr_18_4,C,A,M,D,3,138,CE,CG,4.6193495
tcr_18_4,C,A,M,W,3,121,CE,CH2,4.4464045
tcr_18_4,C,A,M,F,3,123,CE,CD1,4.7504616
tcr_18_4,C,A,M,W,3,121,CE,CZ2,3.9282365
tcr_18_4,C,A,M,R,3,180,CE,NH1,5.7349763
tcr_18_4,C,A,M,W,3,121,CE,CZ3,5.7785606
tcr_18_4,C,A,M,W,3,121,CE,NE1,5.432655
tcr_18_4,C,A,M,W,3,121,CE,CE3,6.5605664
tcr_18_4,C,A,M,W,3,121,CE,CD2,6.240597
tcr_18_4,C,A,M,W,3,121,CE,CE2,5.0018587
tcr_18_4,C,A,M,D,3,138,CE,OD1,5.5194316
tcr_18_4,C,A,M,Q,3,94,CE,CG,9.493168
tcr_18_4,C,A,M,Q,3,94,CE,OE1,8.057546
tcr_18_4,C,A,M,Q,3,94,CE,CD,8.7286
tcr_18_4,C,A,M,K,3,90,CE,CD,9.916651
tcr_18_4,C,A,M,A,3,177,CE,CA,8.863334
tcr_18_4,C,A,M,A,3,177,CE,O,8.185088
tcr_18_4,C,A,M,R,3,181,CE,N,6.2883344
tcr_18_4,C,A,M,Q,3,179,CE,C,6.366456
tcr_18_4,C,A,M,A,3,177,CE,C,8.83505
tcr_18_4,C,A,M,R,3,180,CE,N,5.741487
tcr_18_4,C,A,M,E,3,178,CE,N,9.742014
tcr_18_4,C,A,M,R,3,180,CE,CG,4.363114
tcr_18_4,C,A,M,A,3,177,CE,N,9.247745
tcr_18_4,C,A,M,R,3,180,CE,CB,4.3783946
tcr_18_4,C,A,M,L,3,150,CE,CD2,6.941067
tcr_18_4,C,A,M,L,3,150,CE,CD1,8.811639
tcr_18_4,C,A,M,R,3,180,CE,NE,5.374875
tcr_18_4,C,A,M,W,3,157,CE,CE2,9.907142
tcr_18_4,C,A,M,R,3,180,CE,CD,4.651192
tcr_18_4,C,A,M,W,3,157,CE,CZ2,8.563589
tcr_18_4,C,A,M,R,3,180,CE,CZ,5.845512
tcr_18_4,C,A,M,W,3,157,CE,CZ3,8.388747
tcr_18_4,C,A,M,W,3,157,CE,CE3,9.7599745
tcr_18_4,C,A,M,W,3,157,CE,CH2,7.720225
tcr_18_4,C,A,M,E,3,176,CE,O,7.6497474
tcr_18_4,C,A,M,Q,3,179,CE,OE1,9.784495
tcr_18_4,C,A,M,Q,3,179,CE,CD,9.868689
tcr_18_4,C,A,M,Q,3,179,CE,CB,7.939128
tcr_18_4,C,A,M,E,3,176,CE,CA,9.533813
tcr_18_4,C,A,M,E,3,176,CE,C,8.647356
tcr_18_4,C,A,M,E,3,176,CE,OE2,9.310728
tcr_18_4,C,A,M,E,3,176,CE,CB,9.567191
tcr_18_4,C,A,M,E,3,176,CE,CG,8.366847
tcr_18_4,C,A,M,E,3,176,CE,OE1,7.333099
tcr_18_4,C,A,M,E,3,176,CE,CD,8.264567
tcr_18_4,C,A,M,R,3,180,CE,NH2,6.8096333
tcr_18_4,C,A,M,M,3,122,CE,CB,9.88857
tcr_18_4,C,A,M,M,3,122,CE,CA,8.609669
tcr_18_4,C,A,M,Q,3,139,CE,C,9.402159
tcr_18_4,C,A,M,M,3,122,CE,N,8.767191
tcr_18_4,C,A,M,W,3,121,CE,C,9.132876
tcr_18_4,C,A,M,W,3,121,CE,O,9.4409275
tcr_18_4,C,A,M,W,3,121,CE,CG,7.2367673
tcr_18_4,C,A,M,W,3,121,CE,CB,8.695573
tcr_18_4,C,A,M,W,3,121,CE,CA,9.500893
tcr_18_4,C,A,M,Q,3,139,CE,O,8.987002
tcr_18_4,C,A,M,W,3,121,CE,CD1,6.778899
tcr_18_4,C,A,M,Q,3,139,CE,N,7.815788
tcr_18_4,C,A,M,Q,3,139,CE,CA,9.1711035
tcr_18_4,C,A,M,S,3,140,CE,OG,9.339157
tcr_18_4,C,A,M,Q,3,94,CE,NE2,9.075357
tcr_18_4,C,A,M,W,3,171,CE,CZ3,9.532559
tcr_18_4,C,A,M,W,3,171,CE,CH2,9.4754925
tcr_18_4,C,A,P,E,4,87,N,CG,9.364593
tcr_18_4,C,A,P,E,4,87,N,CB,9.623156
tcr_18_4,C,A,P,E,4,87,N,C,9.375333
tcr_18_4,C,A,P,E,4,87,N,N,9.400209
tcr_18_4,C,A,P,E,4,87,N,CA,8.898769
tcr_18_4,C,A,P,R,4,86,N,C,9.093415
tcr_18_4,C,A,P,R,4,86,N,CB,9.804554
tcr_18_4,C,A,P,Y,4,91,N,OH,9.832195
tcr_18_4,C,A,P,C,4,188,N,CA,9.651078
tcr_18_4,C,A,P,C,4,188,N,N,9.078559
tcr_18_4,C,A,P,L,4,184,N,CA,9.862354
tcr_18_4,C,A,P,C,4,188,N,CB,9.587298
tcr_18_4,C,A,P,T,4,187,N,CG2,7.158831
tcr_18_4,C,A,P,K,4,90,N,NZ,5.0644193
tcr_18_4,C,A,P,T,4,187,N,O,9.819152
tcr_18_4,C,A,P,T,4,187,N,C,9.216045
tcr_18_4,C,A,P,Y,4,183,N,CB,5.7947154
tcr_18_4,C,A,P,A,4,182,N,O,9.436735
tcr_18_4,C,A,P,Y,4,183,N,CD2,4.7800746
tcr_18_4,C,A,P,T,4,187,N,CA,8.941572
tcr_18_4,C,A,P,T,4,187,N,CB,7.4856977
tcr_18_4,C,A,P,Y,4,183,N,C,8.099025
tcr_18_4,C,A,P,Y,4,183,N,CA,7.0961666
tcr_18_4,C,A,P,T,4,187,N,OG1,7.508265
tcr_18_4,C,A,P,T,4,187,N,N,9.504614
tcr_18_4,C,A,P,L,4,184,N,N,8.79451
tcr_18_4,C,A,P,Y,4,183,N,O,8.472245
tcr_18_4,C,A,P,A,4,182,N,C,8.978503
tcr_18_4,C,A,P,A,4,182,N,CA,9.958786
tcr_18_4,C,A,P,Y,4,183,N,N,7.8480725
tcr_18_4,C,A,P,A,4,182,N,CB,9.788372
tcr_18_4,C,A,P,Q,4,179,N,O,7.558971
tcr_18_4,C,A,P,Q,4,179,N,CG,9.493454
tcr_18_4,C,A,P,Q,4,179,N,CA,8.94506
tcr_18_4,C,A,P,L,4,184,N,CG,9.786767
tcr_18_4,C,A,P,L,4,184,N,CD2,9.768351
tcr_18_4,C,A,P,Y,4,31,N,CZ,9.146885
tcr_18_4,C,A,P,Y,4,31,N,CE2,8.833104
tcr_18_4,C,A,P,E,4,87,N,OE1,7.2881994
tcr_18_4,C,A,P,E,4,87,N,CD,7.9540057
tcr_18_4,C,A,P,Y,4,183,N,CE2,5.0397725
tcr_18_4,C,A,P,Y,4,31,N,OH,9.380988
tcr_18_4,C,A,P,E,4,87,N,OE2,7.6644006
tcr_18_4,C,A,P,Y,4,183,N,OH,6.5402117
tcr_18_4,C,A,P,Y,4,31,N,CD2,8.88793
tcr_18_4,C,A,P,F,4,123,N,CE2,6.6656046
tcr_18_4,C,A,P,Y,4,31,N,CE1,9.515271
tcr_18_4,C,A,P,F,4,123,N,CZ,6.562122
tcr_18_4,C,A,P,Y,4,31,N,CG,9.2497635
tcr_18_4,C,A,P,Y,4,91,N,CZ,9.605914
tcr_18_4,C,A,P,Y,4,31,N,CD1,9.566215
tcr_18_4,C,A,P,F,4,123,N,CE1,7.3238854
tcr_18_4,C,A,P,Y,4,91,N,CE1,9.093334
tcr_18_4,C,A,P,Y,4,31,N,CB,9.634424
tcr_18_4,C,A,P,Y,4,91,N,CD1,9.150327
tcr_18_4,C,A,P,Y,4,91,N,CG,9.708758
tcr_18_4,C,A,P,F,4,123,N,CD2,7.5055532
tcr_18_4,C,A,P,Y,4,183,N,CZ,5.861055
tcr_18_4,C,A,P,Y,4,183,N,CD1,6.165041
tcr_18_4,C,A,P,Y,4,183,N,CE1,6.3753915
tcr_18_4,C,A,P,R,4,180,N,CA,8.146794
tcr_18_4,C,A,P,Y,4,183,N,CG,5.398786
tcr_18_4,C,A,P,R,4,180,N,C,8.912223
tcr_18_4,C,A,P,F,4,123,N,CG,8.183666
tcr_18_4,C,A,P,R,4,180,N,O,8.518504
tcr_18_4,C,A,P,D,4,138,N,OD2,9.214496
tcr_18_4,C,A,P,F,4,123,N,CB,9.300644
tcr_18_4,C,A,P,W,4,121,N,CH2,6.289876
tcr_18_4,C,A,P,F,4,123,N,CD1,8.095081
tcr_18_4,C,A,P,W,4,121,N,CZ2,7.1905966
tcr_18_4,C,A,P,R,4,180,N,NH1,9.901831
tcr_18_4,C,A,P,W,4,121,N,CZ3,6.9537983
tcr_18_4,C,A,P,W,4,121,N,NE1,9.710374
tcr_18_4,C,A,P,W,4,121,N,CE3,8.345971
tcr_18_4,C,A,P,W,4,121,N,CD2,9.076229
tcr_18_4,C,A,P,W,4,121,N,CE2,8.547678
tcr_18_4,C,A,P,Q,4,89,N,CA,9.991103
tcr_18_4,C,A,P,K,4,90,N,CB,5.535247
tcr_18_4,C,A,P,K,4,90,N,N,7.666587
tcr_18_4,C,A,P,R,4,86,N,O,8.30995
tcr_18_4,C,A,P,Q,4,89,N,C,8.73782
tcr_18_4,C,A,P,K,4,90,N,CA,6.5159945
tcr_18_4,C,A,P,E,4,87,N,O,8.74838
tcr_18_4,C,A,P,Q,4,89,N,O,8.916297
tcr_18_4,C,A,P,Y,4,91,N,N,8.123622
tcr_18_4,C,A,P,Y,4,91,N,CA,9.056867
tcr_18_4,C,A,P,Y,4,91,N,C,9.932446
tcr_18_4,C,A,P,K,4,90,N,C,7.1702633
tcr_18_4,C,A,P,K,4,90,N,CG,4.972656
tcr_18_4,C,A,P,Q,4,94,N,CG,8.321944
tcr_18_4,C,A,P,K,4,90,N,CE,4.7060437
tcr_18_4,C,A,P,Q,4,94,N,OE1,6.791457
tcr_18_4,C,A,P,Q,4,94,N,CD,7.8723416
tcr_18_4,C,A,P,K,4,90,N,CD,4.5317597
tcr_18_4,C,A,P,Q,4,94,N,CB,8.025727
tcr_18_4,C,A,P,Q,4,94,N,N,8.623817
tcr_18_4,C,A,P,K,4,90,N,O,7.1003036
tcr_18_4,C,A,P,Q,4,94,N,CA,8.75295
tcr_18_4,C,A,P,R,4,93,N,C,9.273354
tcr_18_4,C,A,P,T,4,97,N,OG1,9.86276
tcr_18_4,C,A,P,R,4,93,N,O,9.930907
tcr_18_4,C,A,P,R,4,93,N,NH2,8.98396
tcr_18_4,C,A,P,R,4,93,N,NH1,7.2997913
tcr_18_4,C,A,P,R,4,93,N,CD,7.5332613
tcr_18_4,C,A,P,R,4,93,N,CZ,8.048963
tcr_18_4,C,A,P,R,4,93,N,NE,8.125069
tcr_18_4,C,A,P,R,4,93,N,CA,9.486276
tcr_18_4,C,A,P,R,4,93,N,CG,8.394444
tcr_18_4,C,A,P,R,4,93,N,N,9.878604
tcr_18_4,C,A,P,R,4,93,N,CB,8.393407
tcr_18_4,C,A,P,Q,4,179,N,C,8.143149
tcr_18_4,C,A,P,R,4,180,N,N,8.446943
tcr_18_4,C,A,P,R,4,180,N,CG,8.228253
tcr_18_4,C,A,P,R,4,180,N,CB,8.78062
tcr_18_4,C,A,P,R,4,180,N,NE,8.958261
tcr_18_4,C,A,P,R,4,180,N,CD,9.00931
tcr_18_4,C,A,P,R,4,180,N,CZ,9.410505
tcr_18_4,C,A,P,Q,4,179,N,OE1,8.6902075
tcr_18_4,C,A,P,Q,4,179,N,CD,9.468973
tcr_18_4,C,A,P,Q,4,179,N,CB,8.480373
tcr_18_4,C,A,P,E,4,176,N,OE1,8.594126
tcr_18_4,C,A,P,E,4,176,N,CD,9.683601
tcr_18_4,C,A,P,R,4,180,N,NH2,9.640553
tcr_18_4,C,A,P,Q,4,94,N,NE2,8.872516
tcr_18_4,C,A,P,R,4,86,CA,CG,9.927197
tcr_18_4,C,A,P,E,4,87,CA,CG,9.520933
tcr_18_4,C,A,P,E,4,87,CA,CB,9.638763
tcr_18_4,C,A,P,E,4,87,CA,C,9.083301
tcr_18_4,C,A,P,E,4,87,CA,N,9.0733795
tcr_18_4,C,A,P,E,4,87,CA,CA,8.710194
tcr_18_4,C,A,P,R,4,86,CA,C,8.575157
tcr_18_4,C,A,P,Q,4,89,CA,N,9.633394
tcr_18_4,C,A,P,R,4,86,CA,CB,9.264893
tcr_18_4,C,A,P,R,4,86,CA,CA,9.420057
tcr_18_4,C,A,P,T,4,187,CA,CG2,8.023321
tcr_18_4,C,A,P,K,4,90,CA,NZ,5.211532
tcr_18_4,C,A,P,Y,4,183,CA,CB,6.94299
tcr_18_4,C,A,P,Y,4,183,CA,CD2,6.083277
tcr_18_4,C,A,P,T,4,187,CA,CA,9.920548
tcr_18_4,C,A,P,T,4,187,CA,CB,8.413846
tcr_18_4,C,A,P,Y,4,183,CA,C,9.298565
tcr_18_4,C,A,P,Y,4,183,CA,CA,8.174241
tcr_18_4,C,A,P,T,4,187,CA,OG1,8.2531395
tcr_18_4,C,A,P,Y,4,183,CA,O,9.688472
tcr_18_4,C,A,P,A,4,182,CA,C,9.846678
tcr_18_4,C,A,P,Y,4,183,CA,N,8.788487
tcr_18_4,C,A,P,Q,4,179,CA,O,8.207984
tcr_18_4,C,A,P,Q,4,179,CA,CG,9.460743
tcr_18_4,C,A,P,Q,4,179,CA,CA,9.296953
tcr_18_4,C,A,P,E,4,87,CA,OE1,7.468632
tcr_18_4,C,A,P,E,4,87,CA,CD,8.222258
tcr_18_4,C,A,P,Y,4,183,CA,CE2,6.398125
tcr_18_4,C,A,P,E,4,87,CA,OE2,8.111395
tcr_18_4,C,A,P,Y,4,183,CA,OH,7.936168
tcr_18_4,C,A,P,F,4,123,CA,CE2,8.010631
tcr_18_4,C,A,P,F,4,123,CA,CZ,7.7713304
tcr_18_4,C,A,P,Y,4,91,CA,CZ,9.963849
tcr_18_4,C,A,P,F,4,123,CA,CE1,8.443666
tcr_18_4,C,A,P,Y,4,91,CA,CE1,9.467173
tcr_18_4,C,A,P,Y,4,91,CA,CD1,9.34097
tcr_18_4,C,A,P,Y,4,91,CA,CG,9.716949
tcr_18_4,C,A,P,F,4,123,CA,CD2,8.876819
tcr_18_4,C,A,P,Y,4,183,CA,CZ,7.2912574
tcr_18_4,C,A,P,Y,4,183,CA,CD1,7.567676
tcr_18_4,C,A,P,Y,4,183,CA,CE1,7.830221
tcr_18_4,C,A,P,R,4,180,CA,CA,9.011649
tcr_18_4,C,A,P,Y,4,183,CA,CG,6.7191505
tcr_18_4,C,A,P,R,4,180,CA,C,9.881927
tcr_18_4,C,A,P,F,4,123,CA,CG,9.475153
tcr_18_4,C,A,P,R,4,180,CA,O,9.603966
tcr_18_4,C,A,P,W,4,121,CA,CH2,7.1122293
tcr_18_4,C,A,P,F,4,123,CA,CD1,9.269009
tcr_18_4,C,A,P,W,4,121,CA,CZ2,8.107649
tcr_18_4,C,A,P,W,4,121,CA,CZ3,7.6438856
tcr_18_4,C,A,P,W,4,121,CA,CE3,9.04311
tcr_18_4,C,A,P,W,4,121,CA,CD2,9.877141
tcr_18_4,C,A,P,W,4,121,CA,CE2,9.442565
tcr_18_4,C,A,P,Q,4,89,CA,CA,9.090953
tcr_18_4,C,A,P,Q,4,89,CA,OE1,9.821909
tcr_18_4,C,A,P,K,4,90,CA,CB,5.081691
tcr_18_4,C,A,P,K,4,90,CA,N,6.898944
tcr_18_4,C,A,P,R,4,86,CA,O,7.69059
tcr_18_4,C,A,P,Q,4,89,CA,CB,9.01088
tcr_18_4,C,A,P,Q,4,89,CA,C,7.853519
tcr_18_4,C,A,P,K,4,90,CA,CA,5.828478
tcr_18_4,C,A,P,E,4,87,CA,O,8.457853
tcr_18_4,C,A,P,Q,4,89,CA,O,7.9769144
tcr_18_4,C,A,P,Y,4,91,CA,N,7.732504
tcr_18_4,C,A,P,Y,4,91,CA,CA,8.771576
tcr_18_4,C,A,P,K,4,92,CA,N,9.932653
tcr_18_4,C,A,P,Y,4,91,CA,C,9.49605
tcr_18_4,C,A,P,K,4,90,CA,C,6.643308
tcr_18_4,C,A,P,Y,4,91,CA,CB,9.902574
tcr_18_4,C,A,P,Y,4,91,CA,O,9.830314
tcr_18_4,C,A,P,K,4,90,CA,CG,4.375346
tcr_18_4,C,A,P,Q,4,94,CA,CG,8.354518
tcr_18_4,C,A,P,K,4,90,CA,CE,4.46537
tcr_18_4,C,A,P,Q,4,94,CA,OE1,6.761047
tcr_18_4,C,A,P,Q,4,94,CA,CD,7.8936863
tcr_18_4,C,A,P,K,4,90,CA,CD,4.336293
tcr_18_4,C,A,P,Q,4,94,CA,CB,7.84958
tcr_18_4,C,A,P,Q,4,94,CA,N,8.027833
tcr_18_4,C,A,P,K,4,90,CA,O,6.5520988
tcr_18_4,C,A,P,Q,4,94,CA,CA,8.354899
tcr_18_4,C,A,P,R,4,93,CA,C,8.508178
tcr_18_4,C,A,P,T,4,97,CA,OG1,9.193122
tcr_18_4,C,A,P,R,4,93,CA,O,9.164037
tcr_18_4,C,A,P,R,4,93,CA,NH2,7.6692324
tcr_18_4,C,A,P,R,4,93,CA,NH1,5.8893075
tcr_18_4,C,A,P,R,4,93,CA,CD,6.2724676
tcr_18_4,C,A,P,R,4,93,CA,CZ,6.701253
tcr_18_4,C,A,P,R,4,93,CA,NE,6.8381844
tcr_18_4,C,A,P,R,4,93,CA,CA,8.563784
tcr_18_4,C,A,P,R,4,93,CA,CG,7.2655044
tcr_18_4,C,A,P,R,4,93,CA,N,9.027861
tcr_18_4,C,A,P,R,4,93,CA,CB,7.3428035
tcr_18_4,C,A,P,Q,4,179,CA,C,8.709994
tcr_18_4,C,A,P,R,4,180,CA,N,9.109553
tcr_18_4,C,A,P,R,4,180,CA,CG,8.974883
tcr_18_4,C,A,P,R,4,180,CA,CB,9.657602
tcr_18_4,C,A,P,R,4,180,CA,NE,9.557352
tcr_18_4,C,A,P,R,4,180,CA,CD,9.772557
tcr_18_4,C,A,P,R,4,180,CA,CZ,9.992997
tcr_18_4,C,A,P,Q,4,179,CA,OE1,8.338463
tcr_18_4,C,A,P,Q,4,179,CA,CD,9.256675
tcr_18_4,C,A,P,Q,4,179,CA,CB,8.642165
tcr_18_4,C,A,P,E,4,176,CA,OE1,8.699726
tcr_18_4,C,A,P,E,4,176,CA,CD,9.753116
tcr_18_4,C,A,P,Q,4,94,CA,NE2,8.922409
tcr_18_4,C,A,P,Q,4,94,CA,C,9.882569
tcr_18_4,C,A,P,T,4,97,CA,CB,9.997839
tcr_18_4,C,A,P,E,4,87,C,C,9.801227
tcr_18_4,C,A,P,E,4,87,C,CA,9.638177
tcr_18_4,C,A,P,R,4,86,C,C,9.493494
tcr_18_4,C,A,P,T,4,187,C,CG2,9.423433
tcr_18_4,C,A,P,K,4,90,C,NZ,6.658251
tcr_18_4,C,A,P,Y,4,183,C,CB,7.5688753
tcr_18_4,C,A,P,Y,4,183,C,CD2,7.085315
tcr_18_4,C,A,P,T,4,187,C,CB,9.694741
tcr_18_4,C,A,P,Y,4,183,C,CA,8.883061
tcr_18_4,C,A,P,T,4,187,C,OG1,9.499132
tcr_18_4,C,A,P,Y,4,183,C,N,9.334835
tcr_18_4,C,A,P,Q,4,179,C,O,8.237465
tcr_18_4,C,A,P,Q,4,179,C,CG,8.886332
tcr_18_4,C,A,P,Q,4,179,C,CA,8.999116
tcr_18_4,C,A,P,E,4,87,C,OE1,8.768557
tcr_18_4,C,A,P,E,4,87,C,CD,9.440871
tcr_18_4,C,A,P,Y,4,183,C,CE2,7.4804125
tcr_18_4,C,A,P,E,4,87,C,OE2,9.279758
tcr_18_4,C,A,P,Y,4,183,C,OH,8.906772
tcr_18_4,C,A,P,F,4,123,C,CE2,8.484837
tcr_18_4,C,A,P,F,4,123,C,CZ,8.11962
tcr_18_4,C,A,P,F,4,123,C,CE1,8.554248
tcr_18_4,C,A,P,Y,4,91,C,CE1,9.922575
tcr_18_4,C,A,P,Y,4,91,C,CD1,9.625344
tcr_18_4,C,A,P,F,4,123,C,CD2,9.232286
tcr_18_4,C,A,P,Y,4,183,C,CZ,8.227767
tcr_18_4,C,A,P,Y,4,183,C,CD1,8.225335
tcr_18_4,C,A,P,Y,4,183,C,CE1,8.5743
tcr_18_4,C,A,P,R,4,180,C,CA,8.833588
tcr_18_4,C,A,P,Y,4,183,C,CG,7.4845824
tcr_18_4,C,A,P,R,4,180,C,C,9.895999
tcr_18_4,C,A,P,F,4,123,C,CG,9.621214
tcr_18_4,C,A,P,R,4,180,C,O,9.788499
tcr_18_4,C,A,P,D,4,138,C,OD2,9.838127
tcr_18_4,C,A,P,W,4,121,C,CH2,6.6498914
tcr_18_4,C,A,P,F,4,123,C,CD1,9.296932
tcr_18_4,C,A,P,W,4,121,C,CZ2,7.649904
tcr_18_4,C,A,P,R,4,180,C,NH1,9.803427
tcr_18_4,C,A,P,W,4,121,C,CZ3,7.1497416
tcr_18_4,C,A,P,W,4,121,C,CE3,8.521872
tcr_18_4,C,A,P,W,4,121,C,CD2,9.353243
tcr_18_4,C,A,P,W,4,121,C,CE2,8.949061
tcr_18_4,C,A,P,Q,4,89,C,CA,9.30294
tcr_18_4,C,A,P,K,4,90,C,CB,5.5959425
tcr_18_4,C,A,P,K,4,90,C,N,7.181164
tcr_18_4,C,A,P,R,4,86,C,O,8.492417
tcr_18_4,C,A,P,Q,4,89,C,CB,9.2941675
tcr_18_4,C,A,P,Q,4,89,C,C,7.962988
tcr_18_4,C,A,P,K,4,90,C,CA,6.012271
tcr_18_4,C,A,P,E,4,87,C,O,9.044044
tcr_18_4,C,A,P,Q,4,89,C,O,7.8480763
tcr_18_4,C,A,P,Y,4,91,C,N,7.8244534
tcr_18_4,C,A,P,Y,4,91,C,CA,8.7310505
tcr_18_4,C,A,P,K,4,92,C,N,9.706026
tcr_18_4,C,A,P,Y,4,91,C,C,9.249959
tcr_18_4,C,A,P,K,4,90,C,C,6.624551
tcr_18_4,C,A,P,K,4,92,C,C,9.660128
tcr_18_4,C,A,P,Y,4,91,C,O,9.422345
tcr_18_4,C,A,P,K,4,90,C,CG,5.16812
tcr_18_4,C,A,P,Q,4,94,C,CG,7.5943274
tcr_18_4,C,A,P,K,4,90,C,CE,5.794426
tcr_18_4,C,A,P,Q,4,94,C,OE1,5.7501583
tcr_18_4,C,A,P,Q,4,94,C,CD,6.9407773
tcr_18_4,C,A,P,K,4,90,C,CD,5.4569163
tcr_18_4,C,A,P,Q,4,94,C,CB,7.1452074
tcr_18_4,C,A,P,Q,4,94,C,N,7.209852
tcr_18_4,C,A,P,K,4,90,C,O,6.2614975
tcr_18_4,C,A,P,Q,4,94,C,CA,7.4656453
tcr_18_4,C,A,P,R,4,93,C,C,7.5848007
tcr_18_4,C,A,P,T,4,97,C,OG1,7.8163404
tcr_18_4,C,A,P,R,4,93,C,O,8.089295
tcr_18_4,C,A,P,R,4,93,C,NH2,6.5802174
tcr_18_4,C,A,P,R,4,93,C,NH1,5.0685267
tcr_18_4,C,A,P,R,4,93,C,CD,5.327394
tcr_18_4,C,A,P,R,4,93,C,CZ,5.669657
tcr_18_4,C,A,P,R,4,93,C,NE,5.739564
tcr_18_4,C,A,P,R,4,93,C,CA,7.77514
tcr_18_4,C,A,P,R,4,93,C,CG,6.2798114
tcr_18_4,C,A,P,R,4,93,C,N,8.449596
tcr_18_4,C,A,P,R,4,93,C,CB,6.591167
tcr_18_4,C,A,P,Q,4,179,C,C,8.527655
tcr_18_4,C,A,P,R,4,180,C,N,8.824063
tcr_18_4,C,A,P,R,4,180,C,CG,8.430979
tcr_18_4,C,A,P,R,4,180,C,CB,9.321107
tcr_18_4,C,A,P,R,4,180,C,NE,8.716052
tcr_18_4,C,A,P,R,4,180,C,CD,9.131425
tcr_18_4,C,A,P,R,4,180,C,CZ,9.08637
tcr_18_4,C,A,P,Q,4,179,C,OE1,7.5145345
tcr_18_4,C,A,P,Q,4,179,C,CD,8.474597
tcr_18_4,C,A,P,Q,4,179,C,NE2,9.380728
tcr_18_4,C,A,P,Q,4,179,C,CB,8.1384735
tcr_18_4,C,A,P,E,4,176,C,OE2,8.858061
tcr_18_4,C,A,P,E,4,176,C,CG,9.846948
tcr_18_4,C,A,P,E,4,176,C,OE1,7.5468225
tcr_18_4,C,A,P,E,4,176,C,CD,8.605538
tcr_18_4,C,A,P,R,4,180,C,NH2,8.997258
tcr_18_4,C,A,P,A,4,95,C,N,9.827023
tcr_18_4,C,A,P,Q,4,94,C,NE2,7.87501
tcr_18_4,C,A,P,Q,4,94,C,O,9.478783
tcr_18_4,C,A,P,Q,4,94,C,C,8.976601
tcr_18_4,C,A,P,T,4,97,C,CB,8.64431
tcr_18_4,C,A,P,T,4,97,C,CG2,8.769898
tcr_18_4,C,A,P,E,4,87,O,C,9.658591
tcr_18_4,C,A,P,E,4,87,O,CA,9.641693
tcr_18_4,C,A,P,R,4,86,O,C,9.726901
tcr_18_4,C,A,P,Q,4,89,O,N,9.902057
tcr_18_4,C,A,P,K,4,90,O,NZ,7.1660852
tcr_18_4,C,A,P,Y,4,183,O,CB,8.0224
tcr_18_4,C,A,P,Y,4,183,O,CD2,7.496166
tcr_18_4,C,A,P,Y,4,183,O,CA,9.430378
tcr_18_4,C,A,P,Y,4,183,O,N,9.926627
tcr_18_4,C,A,P,Q,4,179,O,O,8.759472
tcr_18_4,C,A,P,Q,4,179,O,CG,9.432359
tcr_18_4,C,A,P,Q,4,179,O,CA,9.507423
tcr_18_4,C,A,P,E,4,87,O,OE1,9.023353
tcr_18_4,C,A,P,E,4,87,O,CD,9.55045
tcr_18_4,C,A,P,Y,4,183,O,CE2,7.7578273
tcr_18_4,C,A,P,E,4,87,O,OE2,9.275542
tcr_18_4,C,A,P,Y,4,183,O,OH,8.895485
tcr_18_4,C,A,P,F,4,123,O,CE2,8.031343
tcr_18_4,C,A,P,F,4,123,O,CZ,7.5055256
tcr_18_4,C,A,P,F,4,123,O,CE1,7.7843366
tcr_18_4,C,A,P,Y,4,91,O,CE1,9.270756
tcr_18_4,C,A,P,Y,4,91,O,CD1,8.899947
tcr_18_4,C,A,P,Y,4,91,O,CG,9.361587
tcr_18_4,C,A,P,F,4,123,O,CD2,8.7671795
tcr_18_4,C,A,P,Y,4,183,O,CZ,8.319011
tcr_18_4,C,A,P,Y,4,183,O,CD1,8.36523
tcr_18_4,C,A,P,Y,4,183,O,CE1,8.606332
tcr_18_4,C,A,P,R,4,180,O,CA,8.982204
tcr_18_4,C,A,P,Y,4,183,O,CG,7.8153305
tcr_18_4,C,A,P,F,4,123,O,CG,9.012081
tcr_18_4,C,A,P,D,4,138,O,OD2,9.335552
tcr_18_4,C,A,P,W,4,121,O,CH2,5.713717
tcr_18_4,C,A,P,F,4,123,O,CD1,8.542986
tcr_18_4,C,A,P,W,4,121,O,CZ2,6.8005323
tcr_18_4,C,A,P,R,4,180,O,NH1,9.102428
tcr_18_4,C,A,P,W,4,121,O,CZ3,6.08472
tcr_18_4,C,A,P,W,4,121,O,NE1,9.276827
tcr_18_4,C,A,P,W,4,121,O,CE3,7.431896
tcr_18_4,C,A,P,W,4,121,O,CD2,8.324707
tcr_18_4,C,A,P,W,4,121,O,CE2,8.030344
tcr_18_4,C,A,P,Q,4,89,O,CA,9.210506
tcr_18_4,C,A,P,K,4,90,O,CB,5.405451
tcr_18_4,C,A,P,K,4,90,O,N,7.0248895
tcr_18_4,C,A,P,R,4,86,O,O,8.681767
tcr_18_4,C,A,P,Q,4,89,O,CB,9.395668
tcr_18_4,C,A,P,Q,4,89,O,C,7.7780924
tcr_18_4,C,A,P,K,4,90,O,CA,5.7208147
tcr_18_4,C,A,P,E,4,87,O,O,8.783717
tcr_18_4,C,A,P,Q,4,89,O,O,7.549534
tcr_18_4,C,A,P,Y,4,91,O,N,7.239148
tcr_18_4,C,A,P,Y,4,91,O,CA,7.9877677
tcr_18_4,C,A,P,K,4,92,O,N,9.031308
tcr_18_4,C,A,P,Y,4,91,O,C,8.463034
tcr_18_4,C,A,P,K,4,90,O,C,6.0584393
tcr_18_4,C,A,P,Y,4,91,O,CB,9.307279
tcr_18_4,C,A,P,K,4,92,O,C,8.944466
tcr_18_4,C,A,P,Y,4,91,O,O,8.520877
tcr_18_4,C,A,P,K,4,92,O,CA,9.7344475
tcr_18_4,C,A,P,K,4,90,O,CG,5.323447
tcr_18_4,C,A,P,Q,4,94,O,CG,6.380953
tcr_18_4,C,A,P,K,4,90,O,CE,6.3141403
tcr_18_4,C,A,P,Q,4,94,O,OE1,4.5231876
tcr_18_4,C,A,P,Q,4,94,O,CD,5.709683
tcr_18_4,C,A,P,K,4,90,O,CD,5.6885767
tcr_18_4,C,A,P,Q,4,94,O,CB,6.00269
tcr_18_4,C,A,P,Q,4,94,O,N,6.2550006
tcr_18_4,C,A,P,K,4,90,O,O,5.5339465
tcr_18_4,C,A,P,Q,4,94,O,CA,6.3681984
tcr_18_4,C,A,P,R,4,93,O,C,6.73373
tcr_18_4,C,A,P,T,4,97,O,OG1,6.9261174
tcr_18_4,C,A,P,R,4,93,O,O,7.2144523
tcr_18_4,C,A,P,R,4,93,O,NH2,6.820439
tcr_18_4,C,A,P,R,4,93,O,NH1,5.512444
tcr_18_4,C,A,P,R,4,93,O,CD,5.161788
tcr_18_4,C,A,P,R,4,93,O,CZ,5.8783307
tcr_18_4,C,A,P,R,4,93,O,NE,5.6869717
tcr_18_4,C,A,P,R,4,93,O,CA,7.114448
tcr_18_4,C,A,P,R,4,93,O,CG,5.847078
tcr_18_4,C,A,P,R,4,93,O,N,7.8016825
tcr_18_4,C,A,P,R,4,93,O,CB,6.0996847
tcr_18_4,C,A,P,Q,4,179,O,C,8.959711
tcr_18_4,C,A,P,R,4,180,O,N,9.081293
tcr_18_4,C,A,P,R,4,180,O,CG,8.271827
tcr_18_4,C,A,P,R,4,180,O,CB,9.274621
tcr_18_4,C,A,P,R,4,180,O,NE,8.244895
tcr_18_4,C,A,P,R,4,180,O,CD,8.77765
tcr_18_4,C,A,P,R,4,180,O,CZ,8.451085
tcr_18_4,C,A,P,Q,4,179,O,OE1,8.037237
tcr_18_4,C,A,P,Q,4,179,O,CD,8.950028
tcr_18_4,C,A,P,Q,4,179,O,NE2,9.740997
tcr_18_4,C,A,P,Q,4,179,O,CB,8.6167345
tcr_18_4,C,A,P,E,4,176,O,OE2,8.723981
tcr_18_4,C,A,P,E,4,176,O,CG,9.582551
tcr_18_4,C,A,P,E,4,176,O,OE1,7.2443013
tcr_18_4,C,A,P,E,4,176,O,CD,8.378046
tcr_18_4,C,A,P,R,4,180,O,NH2,8.287325
tcr_18_4,C,A,P,W,4,121,O,CG,9.7595415
tcr_18_4,C,A,P,F,4,46,O,CE2,9.900916
tcr_18_4,C,A,P,F,4,46,O,CZ,9.390451
tcr_18_4,C,A,P,A,4,95,O,N,8.765651
tcr_18_4,C,A,P,Q,4,94,O,NE2,6.6610255
tcr_18_4,C,A,P,D,4,98,O,OD1,9.35203
tcr_18_4,C,A,P,Q,4,94,O,O,8.33926
tcr_18_4,C,A,P,Q,4,94,O,C,7.867565
tcr_18_4,C,A,P,K,4,92,O,O,9.508909
tcr_18_4,C,A,P,T,4,97,O,CB,7.6451826
tcr_18_4,C,A,P,T,4,97,O,CG2,7.8034725
tcr_18_4,C,A,P,T,4,97,O,CA,9.077954
tcr_18_4,C,A,P,T,4,97,O,N,9.250752
tcr_18_4,C,A,P,R,4,86,CB,CG,9.51035
tcr_18_4,C,A,P,E,4,87,CB,CG,9.891755
tcr_18_4,C,A,P,E,4,87,CB,C,9.745984
tcr_18_4,C,A,P,E,4,87,CB,N,9.357375
tcr_18_4,C,A,P,E,4,87,CB,CA,9.211093
tcr_18_4,C,A,P,R,4,86,CB,C,8.768998
tcr_18_4,C,A,P,R,4,86,CB,CB,9.03774
tcr_18_4,C,A,P,R,4,86,CB,CA,9.400753
tcr_18_4,C,A,P,R,4,86,CB,CD,9.407987
tcr_18_4,C,A,P,T,4,187,CB,CG2,7.430048
tcr_18_4,C,A,P,K,4,90,CB,NZ,5.1450486
tcr_18_4,C,A,P,T,4,187,CB,C,9.903187
tcr_18_4,C,A,P,Y,4,183,CB,CB,6.743973
tcr_18_4,C,A,P,A,4,182,CB,O,9.614361
tcr_18_4,C,A,P,Y,4,183,CB,CD2,6.026654
tcr_18_4,C,A,P,T,4,187,CB,CA,9.289775
tcr_18_4,C,A,P,T,4,187,CB,CB,7.759616
tcr_18_4,C,A,P,Y,4,183,CB,C,9.018471
tcr_18_4,C,A,P,Y,4,183,CB,CA,7.7717724
tcr_18_4,C,A,P,T,4,187,CB,OG1,7.373655
tcr_18_4,C,A,P,T,4,187,CB,N,9.79759
tcr_18_4,C,A,P,L,4,184,CB,N,9.875558
tcr_18_4,C,A,P,Y,4,183,CB,O,9.370927
tcr_18_4,C,A,P,A,4,182,CB,C,9.208743
tcr_18_4,C,A,P,Y,4,183,CB,N,8.29028
tcr_18_4,C,A,P,A,4,182,CB,CB,9.563296
tcr_18_4,C,A,P,Q,4,179,CB,O,7.8333797
tcr_18_4,C,A,P,Q,4,179,CB,CG,9.012396
tcr_18_4,C,A,P,Q,4,179,CB,CA,8.897394
tcr_18_4,C,A,P,E,4,87,CB,OE1,7.674089
tcr_18_4,C,A,P,E,4,87,CB,CD,8.600091
tcr_18_4,C,A,P,Y,4,183,CB,CE2,6.5404134
tcr_18_4,C,A,P,E,4,87,CB,OE2,8.643712
tcr_18_4,C,A,P,Y,4,183,CB,OH,8.405356
tcr_18_4,C,A,P,F,4,123,CB,CE2,8.974234
tcr_18_4,C,A,P,F,4,123,CB,CZ,8.913419
tcr_18_4,C,A,P,F,4,123,CB,CE1,9.687904
tcr_18_4,C,A,P,F,4,123,CB,CD2,9.797069
tcr_18_4,C,A,P,Y,4,183,CB,CZ,7.640468
tcr_18_4,C,A,P,Y,4,183,CB,CD1,7.797731
tcr_18_4,C,A,P,Y,4,183,CB,CE1,8.208598
tcr_18_4,C,A,P,R,4,180,CB,CA,9.098336
tcr_18_4,C,A,P,Y,4,183,CB,CG,6.728893
tcr_18_4,C,A,P,R,4,180,CB,C,9.858699
tcr_18_4,C,A,P,R,4,180,CB,O,9.581989
tcr_18_4,C,A,P,W,4,121,CB,CH2,8.433829
tcr_18_4,C,A,P,W,4,121,CB,CZ2,9.322279
tcr_18_4,C,A,P,W,4,121,CB,CZ3,9.072174
tcr_18_4,C,A,P,Q,4,89,CB,CA,9.653206
tcr_18_4,C,A,P,Q,4,89,CB,OE1,9.729312
tcr_18_4,C,A,P,K,4,90,CB,CB,6.0219417
tcr_18_4,C,A,P,K,4,90,CB,N,7.6437373
tcr_18_4,C,A,P,R,4,86,CB,O,7.9833274
tcr_18_4,C,A,P,Q,4,89,CB,CB,9.337914
tcr_18_4,C,A,P,Q,4,89,CB,C,8.565732
tcr_18_4,C,A,P,K,4,90,CB,CA,6.781973
tcr_18_4,C,A,P,E,4,87,CB,O,9.27659
tcr_18_4,C,A,P,Q,4,89,CB,O,8.784616
tcr_18_4,C,A,P,Y,4,91,CB,N,8.878515
tcr_18_4,C,A,P,K,4,90,CB,C,7.7982774
tcr_18_4,C,A,P,K,4,90,CB,CG,4.989872
tcr_18_4,C,A,P,Q,4,94,CB,CG,9.875228
tcr_18_4,C,A,P,K,4,90,CB,CE,4.4727063
tcr_18_4,C,A,P,Q,4,94,CB,OE1,8.220007
tcr_18_4,C,A,P,Q,4,94,CB,CD,9.376231
tcr_18_4,C,A,P,K,4,90,CB,CD,4.8451824
tcr_18_4,C,A,P,Q,4,94,CB,CB,9.336293
tcr_18_4,C,A,P,Q,4,94,CB,N,9.34373
tcr_18_4,C,A,P,K,4,90,CB,O,7.813055
tcr_18_4,C,A,P,Q,4,94,CB,CA,9.765704
tcr_18_4,C,A,P,R,4,93,CB,C,9.709303
tcr_18_4,C,A,P,R,4,93,CB,NH2,7.773478
tcr_18_4,C,A,P,R,4,93,CB,NH1,5.9126406
tcr_18_4,C,A,P,R,4,93,CB,CD,6.9236274
tcr_18_4,C,A,P,R,4,93,CB,CZ,6.916729
tcr_18_4,C,A,P,R,4,93,CB,NE,7.3187866
tcr_18_4,C,A,P,R,4,93,CB,CA,9.619125
tcr_18_4,C,A,P,R,4,93,CB,CG,8.111973
tcr_18_4,C,A,P,R,4,93,CB,CB,8.281017
tcr_18_4,C,A,P,Q,4,179,CB,C,8.437193
tcr_18_4,C,A,P,R,4,180,CB,N,9.048324
tcr_18_4,C,A,P,R,4,180,CB,CG,9.4101515
tcr_18_4,C,A,P,R,4,180,CB,CB,9.952246
tcr_18_4,C,A,P,Q,4,179,CB,OE1,7.9869666
tcr_18_4,C,A,P,Q,4,179,CB,CD,8.916007
tcr_18_4,C,A,P,Q,4,179,CB,CB,8.314755
tcr_18_4,C,A,P,E,4,176,CB,OE1,9.253571
tcr_18_4,C,A,P,R,4,86,CG,C,9.969411
tcr_18_4,C,A,P,C,4,188,CG,CA,9.816766
tcr_18_4,C,A,P,C,4,188,CG,N,8.92364
tcr_18_4,C,A,P,L,4,184,CG,CA,9.714179
tcr_18_4,C,A,P,C,4,188,CG,CB,9.874408
tcr_18_4,C,A,P,G,4,186,CG,C,9.884251
tcr_18_4,C,A,P,T,4,187,CG,CG2,6.6750646
tcr_18_4,C,A,P,K,4,90,CG,NZ,5.709876
tcr_18_4,C,A,P,T,4,187,CG,O,9.632821
tcr_18_4,C,A,P,T,4,187,CG,C,8.898806
tcr_18_4,C,A,P,Y,4,183,CG,CB,5.300899
tcr_18_4,C,A,P,A,4,182,CG,O,8.145565
tcr_18_4,C,A,P,Y,4,183,CG,CD2,4.891616
tcr_18_4,C,A,P,T,4,187,CG,CA,8.242924
tcr_18_4,C,A,P,T,4,187,CG,CB,6.747733
tcr_18_4,C,A,P,Y,4,183,CG,C,7.5935454
tcr_18_4,C,A,P,Y,4,183,CG,CA,6.2975225
tcr_18_4,C,A,P,T,4,187,CG,OG1,6.3377686
tcr_18_4,C,A,P,T,4,187,CG,N,8.601632
tcr_18_4,C,A,P,L,4,184,CG,N,8.438398
tcr_18_4,C,A,P,Y,4,183,CG,O,8.016192
tcr_18_4,C,A,P,R,4,181,CG,C,9.67431
tcr_18_4,C,A,P,A,4,182,CG,N,8.95675
tcr_18_4,C,A,P,A,4,182,CG,C,7.701469
tcr_18_4,C,A,P,A,4,182,CG,CA,8.559673
tcr_18_4,C,A,P,Y,4,183,CG,N,6.7708607
tcr_18_4,C,A,P,A,4,182,CG,CB,8.120044
tcr_18_4,C,A,P,Q,4,179,CG,O,6.411662
tcr_18_4,C,A,P,E,4,178,CG,O,9.723197
tcr_18_4,C,A,P,Q,4,179,CG,CG,8.090013
tcr_18_4,C,A,P,Q,4,179,CG,CA,7.6642814
tcr_18_4,C,A,P,Q,4,179,CG,N,9.114955
tcr_18_4,C,A,P,E,4,178,CG,C,9.95791
tcr_18_4,C,A,P,E,4,87,CG,OE1,8.325154
tcr_18_4,C,A,P,E,4,87,CG,CD,9.231394
tcr_18_4,C,A,P,Y,4,183,CG,CE2,5.6513996
tcr_18_4,C,A,P,E,4,87,CG,OE2,9.1583
tcr_18_4,C,A,P,Y,4,183,CG,OH,7.721056
tcr_18_4,C,A,P,F,4,123,CG,CE2,8.46249
tcr_18_4,C,A,P,F,4,123,CG,CZ,8.617026
tcr_18_4,C,A,P,F,4,123,CG,CE1,9.419131
tcr_18_4,C,A,P,F,4,123,CG,CD2,9.13191
tcr_18_4,C,A,P,Y,4,183,CG,CZ,6.773375
tcr_18_4,C,A,P,Y,4,183,CG,CD1,6.6039596
tcr_18_4,C,A,P,Y,4,183,CG,CE1,7.1912045
tcr_18_4,C,A,P,R,4,180,CG,CA,7.7817
tcr_18_4,C,A,P,Y,4,183,CG,CG,5.4501553
tcr_18_4,C,A,P,R,4,180,CG,C,8.445704
tcr_18_4,C,A,P,F,4,123,CG,CG,9.894756
tcr_18_4,C,A,P,R,4,180,CG,O,8.145302
tcr_18_4,C,A,P,W,4,121,CG,CH2,8.198935
tcr_18_4,C,A,P,W,4,121,CG,CZ2,8.897712
tcr_18_4,C,A,P,W,4,121,CG,CZ3,9.039001
tcr_18_4,C,A,P,K,4,90,CG,CB,7.196118
tcr_18_4,C,A,P,K,4,90,CG,N,9.014823
tcr_18_4,C,A,P,R,4,86,CG,O,9.262342
tcr_18_4,C,A,P,Q,4,89,CG,C,9.991333
tcr_18_4,C,A,P,K,4,90,CG,CA,8.077252
tcr_18_4,C,A,P,K,4,90,CG,C,8.987264
tcr_18_4,C,A,P,K,4,90,CG,CG,6.236956
tcr_18_4,C,A,P,K,4,90,CG,CE,5.3937454
tcr_18_4,C,A,P,Q,4,94,CG,OE1,8.657667
tcr_18_4,C,A,P,Q,4,94,CG,CD,9.821396
tcr_18_4,C,A,P,K,4,90,CG,CD,5.830976
tcr_18_4,C,A,P,K,4,90,CG,O,8.952193
tcr_18_4,C,A,P,R,4,93,CG,NH2,8.731867
tcr_18_4,C,A,P,R,4,93,CG,NH1,7.0609994
tcr_18_4,C,A,P,R,4,93,CG,CD,8.177839
tcr_18_4,C,A,P,R,4,93,CG,CZ,8.0025215
tcr_18_4,C,A,P,R,4,93,CG,NE,8.453884
tcr_18_4,C,A,P,R,4,93,CG,CG,9.335421
tcr_18_4,C,A,P,R,4,93,CG,CB,9.577898
tcr_18_4,C,A,P,R,4,181,CG,N,9.48852
tcr_18_4,C,A,P,Q,4,179,CG,C,7.1052475
tcr_18_4,C,A,P,R,4,180,CG,N,7.757874
tcr_18_4,C,A,P,R,4,180,CG,CG,8.364801
tcr_18_4,C,A,P,R,4,180,CG,CB,8.745989
tcr_18_4,C,A,P,R,4,180,CG,NE,9.535134
tcr_18_4,C,A,P,R,4,180,CG,CD,9.459959
tcr_18_4,C,A,P,E,4,176,CG,O,9.765496
tcr_18_4,C,A,P,Q,4,179,CG,OE1,7.429142
tcr_18_4,C,A,P,Q,4,179,CG,CD,8.213294
tcr_18_4,C,A,P,Q,4,179,CG,NE2,9.397684
tcr_18_4,C,A,P,Q,4,179,CG,CB,7.2613626
tcr_18_4,C,A,P,E,4,176,CG,OE2,9.906266
tcr_18_4,C,A,P,E,4,176,CG,OE1,8.738825
tcr_18_4,C,A,P,E,4,176,CG,CD,9.6354475
tcr_18_4,C,A,P,E,4,87,CD,CG,9.9278145
tcr_18_4,C,A,P,E,4,87,CD,CA,9.732515
tcr_18_4,C,A,P,R,4,86,CD,C,9.819728
tcr_18_4,C,A,P,C,4,188,CD,CA,8.785281
tcr_18_4,C,A,P,C,4,188,CD,N,8.055225
tcr_18_4,C,A,P,L,4,184,CD,CA,8.868086
tcr_18_4,C,A,P,C,4,188,CD,CB,8.766502
tcr_18_4,C,A,P,L,4,184,CD,C,9.94929
tcr_18_4,C,A,P,G,4,186,CD,C,9.473633
tcr_18_4,C,A,P,W,4,191,CD,NE1,9.635966
tcr_18_4,C,A,P,T,4,187,CD,CG2,6.136739
tcr_18_4,C,A,P,K,4,90,CD,NZ,5.2425585
tcr_18_4,C,A,P,W,4,191,CD,CD1,9.444962
tcr_18_4,C,A,P,T,4,187,CD,O,8.860762
tcr_18_4,C,A,P,T,4,187,CD,C,8.159076
tcr_18_4,C,A,P,Y,4,183,CD,CB,4.633007
tcr_18_4,C,A,P,A,4,182,CD,O,8.036707
tcr_18_4,C,A,P,Y,4,183,CD,CD2,3.7904396
tcr_18_4,C,A,P,T,4,187,CD,CA,7.7427998
tcr_18_4,C,A,P,T,4,187,CD,CB,6.2787147
tcr_18_4,C,A,P,Y,4,183,CD,C,6.9182773
tcr_18_4,C,A,P,Y,4,183,CD,CA,5.8163586
tcr_18_4,C,A,P,T,4,187,CD,OG1,6.1904526
tcr_18_4,C,A,P,T,4,187,CD,N,8.204299
tcr_18_4,C,A,P,L,4,184,CD,N,7.7122884
tcr_18_4,C,A,P,Y,4,183,CD,O,7.2931266
tcr_18_4,C,A,P,R,4,181,CD,O,9.691231
tcr_18_4,C,A,P,R,4,181,CD,C,9.444623
tcr_18_4,C,A,P,A,4,182,CD,N,8.920889
tcr_18_4,C,A,P,A,4,182,CD,C,7.618363
tcr_18_4,C,A,P,A,4,182,CD,CA,8.631059
tcr_18_4,C,A,P,Y,4,183,CD,N,6.545868
tcr_18_4,C,A,P,A,4,182,CD,CB,8.456386
tcr_18_4,C,A,P,Q,4,179,CD,O,6.510077
tcr_18_4,C,A,P,Q,4,179,CD,CG,8.822463
tcr_18_4,C,A,P,Q,4,179,CD,CA,8.066406
tcr_18_4,C,A,P,Q,4,179,CD,N,9.468815
tcr_18_4,C,A,P,M,4,29,CD,CE,9.792744
tcr_18_4,C,A,P,C,4,188,CD,SG,9.7830305
tcr_18_4,C,A,P,L,4,184,CD,CG,9.069039
tcr_18_4,C,A,P,L,4,184,CD,CB,9.619661
tcr_18_4,C,A,P,L,4,184,CD,CD2,9.189095
tcr_18_4,C,A,P,Y,4,31,CD,CZ,9.55465
tcr_18_4,C,A,P,Y,4,31,CD,CE2,9.103727
tcr_18_4,C,A,P,E,4,87,CD,OE1,7.6952586
tcr_18_4,C,A,P,E,4,87,CD,CD,8.466809
tcr_18_4,C,A,P,Y,4,183,CD,CE2,4.368734
tcr_18_4,C,A,P,Y,4,31,CD,OH,9.714865
tcr_18_4,C,A,P,E,4,87,CD,OE2,8.219549
tcr_18_4,C,A,P,Y,4,183,CD,OH,6.2910566
tcr_18_4,C,A,P,Y,4,31,CD,CD2,9.228062
tcr_18_4,C,A,P,F,4,123,CD,CE2,6.95791
tcr_18_4,C,A,P,F,4,123,CD,CZ,7.142054
tcr_18_4,C,A,P,Y,4,31,CD,CG,9.785851
tcr_18_4,C,A,P,F,4,123,CD,CE1,8.00275
tcr_18_4,C,A,P,F,4,123,CD,CD2,7.668783
tcr_18_4,C,A,P,Y,4,183,CD,CZ,5.3926964
tcr_18_4,C,A,P,Y,4,183,CD,CD1,5.4302077
tcr_18_4,C,A,P,Y,4,183,CD,CE1,5.8549933
tcr_18_4,C,A,P,R,4,180,CD,CA,7.4331026
tcr_18_4,C,A,P,Y,4,183,CD,CG,4.4206705
tcr_18_4,C,A,P,R,4,180,CD,C,8.0405855
tcr_18_4,C,A,P,F,4,123,CD,CG,8.4786625
tcr_18_4,C,A,P,R,4,180,CD,O,7.5950017
tcr_18_4,C,A,P,D,4,138,CD,OD2,9.2212
tcr_18_4,C,A,P,F,4,123,CD,CB,9.476052
tcr_18_4,C,A,P,W,4,121,CD,CH2,7.0993114
tcr_18_4,C,A,P,F,4,123,CD,CD1,8.626816
tcr_18_4,C,A,P,W,4,121,CD,CZ2,7.7958007
tcr_18_4,C,A,P,W,4,121,CD,CZ3,7.9461246
tcr_18_4,C,A,P,W,4,121,CD,CE3,9.312142
tcr_18_4,C,A,P,W,4,121,CD,CD2,9.886153
tcr_18_4,C,A,P,W,4,121,CD,CE2,9.188467
tcr_18_4,C,A,P,K,4,90,CD,CB,6.754416
tcr_18_4,C,A,P,K,4,90,CD,N,8.854166
tcr_18_4,C,A,P,R,4,86,CD,O,9.145381
tcr_18_4,C,A,P,Q,4,89,CD,C,9.94017
tcr_18_4,C,A,P,K,4,90,CD,CA,7.802365
tcr_18_4,C,A,P,E,4,87,CD,O,9.863044
tcr_18_4,C,A,P,Y,4,91,CD,N,9.484169
tcr_18_4,C,A,P,K,4,90,CD,C,8.555712
tcr_18_4,C,A,P,K,4,90,CD,CG,5.9910903
tcr_18_4,C,A,P,Q,4,94,CD,CG,9.681207
tcr_18_4,C,A,P,K,4,90,CD,CE,5.1492743
tcr_18_4,C,A,P,Q,4,94,CD,OE1,8.059089
tcr_18_4,C,A,P,Q,4,94,CD,CD,9.154279
tcr_18_4,C,A,P,K,4,90,CD,CD,5.3565187
tcr_18_4,C,A,P,Q,4,94,CD,CB,9.458095
tcr_18_4,C,A,P,K,4,90,CD,O,8.538565
tcr_18_4,C,A,P,R,4,93,CD,NH2,9.644406
tcr_18_4,C,A,P,R,4,93,CD,NH1,7.9738235
tcr_18_4,C,A,P,R,4,93,CD,CD,8.626554
tcr_18_4,C,A,P,R,4,93,CD,CZ,8.819304
tcr_18_4,C,A,P,R,4,93,CD,NE,9.074905
tcr_18_4,C,A,P,R,4,93,CD,CG,9.609784
tcr_18_4,C,A,P,R,4,93,CD,CB,9.696629
tcr_18_4,C,A,P,R,4,181,CD,N,9.1992
tcr_18_4,C,A,P,Q,4,179,CD,C,7.2425356
tcr_18_4,C,A,P,R,4,180,CD,N,7.6941266
tcr_18_4,C,A,P,R,4,180,CD,CG,7.943536
tcr_18_4,C,A,P,R,4,180,CD,CB,8.280704
tcr_18_4,C,A,P,R,4,180,CD,NE,9.064484
tcr_18_4,C,A,P,R,4,180,CD,CD,8.915866
tcr_18_4,C,A,P,R,4,180,CD,CZ,9.694366
tcr_18_4,C,A,P,E,4,176,CD,O,9.848166
tcr_18_4,C,A,P,Q,4,179,CD,OE1,8.314883
tcr_18_4,C,A,P,Q,4,179,CD,CD,9.006071
tcr_18_4,C,A,P,Q,4,179,CD,CB,7.7856493
tcr_18_4,C,A,P,E,4,176,CD,OE1,8.762514
tcr_18_4,C,A,P,E,4,176,CD,CD,9.758497
tcr_18_4,C,A,S,K,5,90,N,NZ,7.532518
tcr_18_4,C,A,S,Y,5,183,N,CB,7.9649873
tcr_18_4,C,A,S,Y,5,183,N,CD2,7.804821
tcr_18_4,C,A,S,Y,5,183,N,CA,9.193029
tcr_18_4,C,A,S,T,5,187,N,OG1,9.844328
tcr_18_4,C,A,S,Y,5,183,N,N,9.456177
tcr_18_4,C,A,S,Q,5,179,N,O,8.04578
tcr_18_4,C,A,S,Q,5,179,N,CG,8.061578
tcr_18_4,C,A,S,Q,5,179,N,CA,8.496017
tcr_18_4,C,A,S,Q,5,179,N,N,9.810869
tcr_18_4,C,A,S,E,5,87,N,OE1,9.760607
tcr_18_4,C,A,S,Y,5,183,N,CE2,8.374088
tcr_18_4,C,A,S,Y,5,183,N,OH,9.975437
tcr_18_4,C,A,S,F,5,123,N,CE2,9.63239
tcr_18_4,C,A,S,F,5,123,N,CZ,9.324473
tcr_18_4,C,A,S,F,5,123,N,CE1,9.712222
tcr_18_4,C,A,S,Y,5,183,N,CZ,9.191528
tcr_18_4,C,A,S,Y,5,183,N,CD1,8.952101
tcr_18_4,C,A,S,Y,5,183,N,CE1,9.458436
tcr_18_4,C,A,S,R,5,180,N,CA,8.869245
tcr_18_4,C,A,S,Y,5,183,N,CG,8.115402
tcr_18_4,C,A,S,R,5,180,N,C,9.9900055
tcr_18_4,C,A,S,W,5,121,N,CH2,7.5596237
tcr_18_4,C,A,S,W,5,121,N,CZ2,8.46215
tcr_18_4,C,A,S,W,5,121,N,CZ3,8.1174965
tcr_18_4,C,A,S,W,5,121,N,CE3,9.457497
tcr_18_4,C,A,S,W,5,121,N,CE2,9.75903
tcr_18_4,C,A,S,Q,5,89,N,CA,9.816736
tcr_18_4,C,A,S,K,5,90,N,CB,6.5874643
tcr_18_4,C,A,S,K,5,90,N,N,7.889712
tcr_18_4,C,A,S,R,5,86,N,O,9.195138
tcr_18_4,C,A,S,Q,5,89,N,CB,9.661895
tcr_18_4,C,A,S,Q,5,89,N,C,8.53249
tcr_18_4,C,A,S,K,5,90,N,CA,6.8347626
tcr_18_4,C,A,S,Q,5,89,N,O,8.341578
tcr_18_4,C,A,S,Y,5,91,N,N,8.774848
tcr_18_4,C,A,S,Y,5,91,N,CA,9.700762
tcr_18_4,C,A,S,K,5,90,N,C,7.5149417
tcr_18_4,C,A,S,K,5,90,N,CG,6.04399
tcr_18_4,C,A,S,Q,5,94,N,CG,8.430452
tcr_18_4,C,A,S,K,5,90,N,CE,6.6066203
tcr_18_4,C,A,S,Q,5,94,N,OE1,6.431256
tcr_18_4,C,A,S,Q,5,94,N,CD,7.643001
tcr_18_4,C,A,S,K,5,90,N,CD,6.4492416
tcr_18_4,C,A,S,Q,5,94,N,CB,7.9723973
tcr_18_4,C,A,S,Q,5,94,N,N,7.7652736
tcr_18_4,C,A,S,K,5,90,N,O,7.0976973
tcr_18_4,C,A,S,Q,5,94,N,CA,8.081843
tcr_18_4,C,A,S,R,5,93,N,C,7.9359746
tcr_18_4,C,A,S,T,5,97,N,OG1,7.774043
tcr_18_4,C,A,S,R,5,93,N,O,8.309495
tcr_18_4,C,A,S,R,5,93,N,NH2,5.6107717
tcr_18_4,C,A,S,R,5,93,N,NH1,4.2288938
tcr_18_4,C,A,S,R,5,93,N,CD,5.0813136
tcr_18_4,C,A,S,R,5,93,N,CZ,4.8550396
tcr_18_4,C,A,S,R,5,93,N,NE,5.168473
tcr_18_4,C,A,S,R,5,93,N,CA,8.057723
tcr_18_4,C,A,S,R,5,93,N,CG,6.2129297
tcr_18_4,C,A,S,R,5,93,N,N,8.88528
tcr_18_4,C,A,S,R,5,93,N,CB,6.790421
tcr_18_4,C,A,S,Q,5,179,N,C,8.242756
tcr_18_4,C,A,S,R,5,180,N,N,8.64053
tcr_18_4,C,A,S,R,5,180,N,CG,8.486383
tcr_18_4,C,A,S,R,5,180,N,CB,9.414079
tcr_18_4,C,A,S,R,5,180,N,NE,8.807484
tcr_18_4,C,A,S,R,5,180,N,CD,9.277781
tcr_18_4,C,A,S,R,5,180,N,CZ,9.269021
tcr_18_4,C,A,S,E,5,176,N,O,9.662928
tcr_18_4,C,A,S,Q,5,179,N,OE1,6.492321
tcr_18_4,C,A,S,Q,5,179,N,CD,7.5331426
tcr_18_4,C,A,S,Q,5,179,N,NE2,8.436489
tcr_18_4,C,A,S,Q,5,179,N,CB,7.500302
tcr_18_4,C,A,S,E,5,176,N,OE2,8.212097
tcr_18_4,C,A,S,E,5,176,N,CG,9.467689
tcr_18_4,C,A,S,E,5,176,N,OE1,7.1852794
tcr_18_4,C,A,S,E,5,176,N,CD,8.130756
tcr_18_4,C,A,S,R,5,180,N,NH2,9.107582
tcr_18_4,C,A,S,Q,5,94,N,NE2,8.461504
tcr_18_4,C,A,S,Q,5,94,N,O,9.980591
tcr_18_4,C,A,S,Q,5,94,N,C,9.556887
tcr_18_4,C,A,S,T,5,97,N,CB,8.717753
tcr_18_4,C,A,S,T,5,97,N,CG2,8.748901
tcr_18_4,C,A,S,K,5,90,CA,NZ,8.915012
tcr_18_4,C,A,S,Y,5,183,CA,CB,8.924416
tcr_18_4,C,A,S,Y,5,183,CA,CD2,8.998567
tcr_18_4,C,A,S,Q,5,179,CA,O,8.512724
tcr_18_4,C,A,S,Q,5,179,CA,CG,7.8411007
tcr_18_4,C,A,S,Q,5,179,CA,CA,8.604033
tcr_18_4,C,A,S,Q,5,179,CA,N,9.804622
tcr_18_4,C,A,S,Y,5,183,CA,CE2,9.595172
tcr_18_4,C,A,S,Y,5,183,CA,CD1,9.904767
tcr_18_4,C,A,S,R,5,180,CA,CA,9.140648
tcr_18_4,C,A,S,Y,5,183,CA,CG,9.16087
tcr_18_4,C,A,S,W,5,121,CA,CH2,7.6972914
tcr_18_4,C,A,S,W,5,121,CA,CZ2,8.554343
tcr_18_4,C,A,S,R,5,180,CA,NH1,9.773347
tcr_18_4,C,A,S,W,5,121,CA,CZ3,8.192656
tcr_18_4,C,A,S,W,5,121,CA,CE3,9.445684
tcr_18_4,C,A,S,W,5,121,CA,CE2,9.764436
tcr_18_4,C,A,S,K,5,90,CA,CB,7.4163876
tcr_18_4,C,A,S,K,5,90,CA,N,8.481116
tcr_18_4,C,A,S,Q,5,89,CA,C,8.951492
tcr_18_4,C,A,S,K,5,90,CA,CA,7.4141107
tcr_18_4,C,A,S,Q,5,89,CA,O,8.563782
tcr_18_4,C,A,S,Y,5,91,CA,N,9.215614
tcr_18_4,C,A,S,K,5,90,CA,C,7.9174604
tcr_18_4,C,A,S,K,5,92,CA,C,9.902834
tcr_18_4,C,A,S,K,5,90,CA,CG,7.063233
tcr_18_4,C,A,S,Q,5,94,CA,CG,8.193069
tcr_18_4,C,A,S,K,5,90,CA,CE,7.92467
tcr_18_4,C,A,S,Q,5,94,CA,OE1,6.057586
tcr_18_4,C,A,S,Q,5,94,CA,CD,7.246975
tcr_18_4,C,A,S,K,5,90,CA,CD,7.643342
tcr_18_4,C,A,S,Q,5,94,CA,CB,7.793694
tcr_18_4,C,A,S,Q,5,94,CA,N,7.4197803
tcr_18_4,C,A,S,K,5,90,CA,O,7.305199
tcr_18_4,C,A,S,Q,5,94,CA,CA,7.674468
tcr_18_4,C,A,S,R,5,93,CA,C,7.427665
tcr_18_4,C,A,S,T,5,97,CA,OG1,6.686297
tcr_18_4,C,A,S,R,5,93,CA,O,7.5990996
tcr_18_4,C,A,S,R,5,93,CA,NH2,4.6741514
tcr_18_4,C,A,S,R,5,93,CA,NH1,3.8177364
tcr_18_4,C,A,S,R,5,93,CA,CD,4.5814176
tcr_18_4,C,A,S,R,5,93,CA,CZ,4.087895
tcr_18_4,C,A,S,R,5,93,CA,NE,4.361054
tcr_18_4,C,A,S,R,5,93,CA,CA,7.6577525
tcr_18_4,C,A,S,R,5,93,CA,CG,5.6243896
tcr_18_4,C,A,S,R,5,93,CA,N,8.679662
tcr_18_4,C,A,S,R,5,93,CA,CB,6.4781957
tcr_18_4,C,A,S,Q,5,179,CA,C,8.501014
tcr_18_4,C,A,S,R,5,180,CA,N,8.797782
tcr_18_4,C,A,S,R,5,180,CA,CG,8.428551
tcr_18_4,C,A,S,R,5,180,CA,CB,9.525559
tcr_18_4,C,A,S,R,5,180,CA,NE,8.432495
tcr_18_4,C,A,S,R,5,180,CA,CD,9.10286
tcr_18_4,C,A,S,R,5,180,CA,CZ,8.818991
tcr_18_4,C,A,S,E,5,176,CA,O,9.355368
tcr_18_4,C,A,S,Q,5,179,CA,OE1,5.9930525
tcr_18_4,C,A,S,Q,5,179,CA,CD,7.0650787
tcr_18_4,C,A,S,Q,5,179,CA,NE2,7.793318
tcr_18_4,C,A,S,Q,5,179,CA,CB,7.41923
tcr_18_4,C,A,S,E,5,176,CA,CA,9.717504
tcr_18_4,C,A,S,E,5,176,CA,OE2,7.2727203
tcr_18_4,C,A,S,E,5,176,CA,CB,9.766515
tcr_18_4,C,A,S,E,5,176,CA,CG,8.732005
tcr_18_4,C,A,S,E,5,176,CA,OE1,6.4150023
tcr_18_4,C,A,S,E,5,176,CA,CD,7.306388
tcr_18_4,C,A,S,R,5,180,CA,NH2,8.4780245
tcr_18_4,C,A,S,Q,5,94,CA,NE2,7.910575
tcr_18_4,C,A,S,Q,5,94,CA,O,9.352024
tcr_18_4,C,A,S,Q,5,94,CA,C,9.064337
tcr_18_4,C,A,S,T,5,97,CA,CB,7.672743
tcr_18_4,C,A,S,T,5,97,CA,CG2,7.610966
tcr_18_4,C,A,S,T,5,97,CA,CA,9.056355
tcr_18_4,C,A,S,T,5,97,CA,N,9.3791065
tcr_18_4,C,A,S,K,5,90,C,NZ,9.753358
tcr_18_4,C,A,S,Y,5,183,C,CB,8.487499
tcr_18_4,C,A,S,Y,5,183,C,CD2,8.864349
tcr_18_4,C,A,S,Y,5,183,C,CA,9.786847
tcr_18_4,C,A,S,Y,5,183,C,N,9.830499
tcr_18_4,C,A,S,Q,5,179,C,O,7.7626886
tcr_18_4,C,A,S,Q,5,179,C,CG,7.056169
tcr_18_4,C,A,S,Q,5,179,C,CA,7.734587
tcr_18_4,C,A,S,Q,5,179,C,N,8.833374
tcr_18_4,C,A,S,Y,5,183,C,CE2,9.523639
tcr_18_4,C,A,S,F,5,123,C,CE2,9.99654
tcr_18_4,C,A,S,F,5,123,C,CZ,9.647087
tcr_18_4,C,A,S,F,5,123,C,CE1,9.707332
tcr_18_4,C,A,S,Y,5,183,C,CD1,9.407631
tcr_18_4,C,A,S,R,5,180,C,CA,8.053957
tcr_18_4,C,A,S,Y,5,183,C,CG,8.798519
tcr_18_4,C,A,S,R,5,180,C,C,9.406554
tcr_18_4,C,A,S,R,5,180,C,O,9.685135
tcr_18_4,C,A,S,D,5,138,C,OD2,9.105452
tcr_18_4,C,A,S,W,5,121,C,CH2,6.8847957
tcr_18_4,C,A,S,W,5,121,C,CZ2,7.5709405
tcr_18_4,C,A,S,R,5,180,C,NH1,8.365138
tcr_18_4,C,A,S,W,5,121,C,CZ3,7.5097737
tcr_18_4,C,A,S,W,5,121,C,NE1,9.762742
tcr_18_4,C,A,S,W,5,121,C,CE3,8.69525
tcr_18_4,C,A,S,W,5,121,C,CD2,9.272789
tcr_18_4,C,A,S,W,5,121,C,CE2,8.750206
tcr_18_4,C,A,S,K,5,90,C,CB,8.337353
tcr_18_4,C,A,S,K,5,90,C,N,9.599914
tcr_18_4,C,A,S,K,5,90,C,CA,8.412627
tcr_18_4,C,A,S,Q,5,89,C,O,9.678066
tcr_18_4,C,A,S,Y,5,91,C,N,9.977933
tcr_18_4,C,A,S,K,5,90,C,C,8.726192
tcr_18_4,C,A,S,K,5,90,C,CG,8.11755
tcr_18_4,C,A,S,Q,5,94,C,CG,7.9646554
tcr_18_4,C,A,S,K,5,90,C,CE,8.906656
tcr_18_4,C,A,S,Q,5,94,C,OE1,5.6374707
tcr_18_4,C,A,S,Q,5,94,C,CD,6.813785
tcr_18_4,C,A,S,K,5,90,C,CD,8.554319
tcr_18_4,C,A,S,Q,5,94,C,CB,7.8529506
tcr_18_4,C,A,S,Q,5,94,C,N,7.8255634
tcr_18_4,C,A,S,K,5,90,C,O,8.003037
tcr_18_4,C,A,S,Q,5,94,C,CA,7.7997956
tcr_18_4,C,A,S,R,5,93,C,C,7.9245725
tcr_18_4,C,A,S,T,5,97,C,OG1,6.552631
tcr_18_4,C,A,S,R,5,93,C,O,7.952819
tcr_18_4,C,A,S,R,5,93,C,NH2,5.652848
tcr_18_4,C,A,S,R,5,93,C,NH1,5.2022862
tcr_18_4,C,A,S,R,5,93,C,CD,5.7188015
tcr_18_4,C,A,S,R,5,93,C,CZ,5.2627687
tcr_18_4,C,A,S,R,5,93,C,NE,5.425116
tcr_18_4,C,A,S,R,5,93,C,CA,8.41484
tcr_18_4,C,A,S,R,5,93,C,CG,6.528759
tcr_18_4,C,A,S,R,5,93,C,N,9.48715
tcr_18_4,C,A,S,R,5,93,C,CB,7.4177575
tcr_18_4,C,A,S,Q,5,179,C,C,7.5914135
tcr_18_4,C,A,S,R,5,180,C,N,7.717637
tcr_18_4,C,A,S,R,5,180,C,CG,7.0921154
tcr_18_4,C,A,S,R,5,180,C,CB,8.286167
tcr_18_4,C,A,S,R,5,180,C,NE,6.9596596
tcr_18_4,C,A,S,R,5,180,C,CD,7.6933045
tcr_18_4,C,A,S,R,5,180,C,CZ,7.359582
tcr_18_4,C,A,S,E,5,176,C,O,8.048675
tcr_18_4,C,A,S,A,5,174,C,O,9.840116
tcr_18_4,C,A,S,Q,5,179,C,OE1,5.3372912
tcr_18_4,C,A,S,Q,5,179,C,CD,6.269242
tcr_18_4,C,A,S,Q,5,179,C,NE2,6.889547
tcr_18_4,C,A,S,Q,5,179,C,CB,6.5159626
tcr_18_4,C,A,S,R,5,175,C,O,9.687801
tcr_18_4,C,A,S,E,5,176,C,CA,8.378408
tcr_18_4,C,A,S,E,5,176,C,N,9.539875
tcr_18_4,C,A,S,E,5,176,C,C,8.740184
tcr_18_4,C,A,S,E,5,176,C,OE2,5.926338
tcr_18_4,C,A,S,E,5,176,C,CB,8.343689
tcr_18_4,C,A,S,E,5,176,C,CG,7.250391
tcr_18_4,C,A,S,E,5,176,C,OE1,4.9114656
tcr_18_4,C,A,S,E,5,176,C,CD,5.851212
tcr_18_4,C,A,S,R,5,180,C,NH2,7.016944
tcr_18_4,C,A,S,W,5,171,C,CD1,9.872615
tcr_18_4,C,A,S,W,5,171,C,CE2,9.582493
tcr_18_4,C,A,S,W,5,171,C,NE1,9.390809
tcr_18_4,C,A,S,Q,5,94,C,NE2,7.289669
tcr_18_4,C,A,S,D,5,98,C,OD1,9.861529
tcr_18_4,C,A,S,Q,5,94,C,O,9.235979
tcr_18_4,C,A,S,Q,5,94,C,C,9.116635
tcr_18_4,C,A,S,T,5,97,C,CB,7.335741
tcr_18_4,C,A,S,T,5,97,C,C,9.766952
tcr_18_4,C,A,S,T,5,97,C,CG2,6.9989986
tcr_18_4,C,A,S,T,5,97,C,CA,8.795745
tcr_18_4,C,A,S,T,5,97,C,N,9.33923
tcr_18_4,C,A,S,W,5,171,C,CZ2,9.533023
tcr_18_4,C,A,S,Y,5,183,O,CB,7.7578263
tcr_18_4,C,A,S,Y,5,183,O,CD2,8.445839
tcr_18_4,C,A,S,Y,5,183,O,CA,8.984285
tcr_18_4,C,A,S,A,5,182,O,N,9.893577
tcr_18_4,C,A,S,A,5,182,O,C,9.915258
tcr_18_4,C,A,S,Y,5,183,O,N,8.893805
tcr_18_4,C,A,S,A,5,182,O,CB,9.534689
tcr_18_4,C,A,S,Q,5,179,O,O,6.6479473
tcr_18_4,C,A,S,E,5,178,O,O,9.280716
tcr_18_4,C,A,S,Q,5,179,O,CG,5.8740053
tcr_18_4,C,A,S,Q,5,179,O,CA,6.5141525
tcr_18_4,C,A,S,Q,5,179,O,N,7.616571
tcr_18_4,C,A,S,E,5,178,O,C,8.866679
tcr_18_4,C,A,S,E,5,178,O,CA,9.98021
tcr_18_4,C,A,S,Y,5,183,O,CE2,9.254509
tcr_18_4,C,A,S,F,5,123,O,CZ,9.840407
tcr_18_4,C,A,S,F,5,123,O,CE1,9.942131
tcr_18_4,C,A,S,Y,5,183,O,CZ,9.840571
tcr_18_4,C,A,S,Y,5,183,O,CD1,8.90009
tcr_18_4,C,A,S,Y,5,183,O,CE1,9.673958
tcr_18_4,C,A,S,R,5,180,O,CA,7.0541296
tcr_18_4,C,A,S,Y,5,183,O,CG,8.248374
tcr_18_4,C,A,S,R,5,180,O,C,8.404762
tcr_18_4,C,A,S,R,5,180,O,O,8.755391
tcr_18_4,C,A,S,D,5,138,O,OD2,8.648111
tcr_18_4,C,A,S,D,5,138,O,CG,9.807842
tcr_18_4,C,A,S,W,5,121,O,CH2,7.1456413
tcr_18_4,C,A,S,W,5,121,O,CZ2,7.650399
tcr_18_4,C,A,S,R,5,180,O,NH1,8.095206
tcr_18_4,C,A,S,W,5,121,O,CZ3,7.9599934
tcr_18_4,C,A,S,W,5,121,O,NE1,9.781016
tcr_18_4,C,A,S,W,5,121,O,CE3,9.137608
tcr_18_4,C,A,S,W,5,121,O,CD2,9.562733
tcr_18_4,C,A,S,W,5,121,O,CE2,8.871654
tcr_18_4,C,A,S,K,5,90,O,CB,9.167862
tcr_18_4,C,A,S,K,5,90,O,CA,9.378895
tcr_18_4,C,A,S,K,5,90,O,C,9.756759
tcr_18_4,C,A,S,K,5,90,O,CG,8.830548
tcr_18_4,C,A,S,Q,5,94,O,CG,8.89998
tcr_18_4,C,A,S,K,5,90,O,CE,9.317982
tcr_18_4,C,A,S,Q,5,94,O,OE1,6.534125
tcr_18_4,C,A,S,Q,5,94,O,CD,7.6998963
tcr_18_4,C,A,S,K,5,90,O,CD,9.108713
tcr_18_4,C,A,S,Q,5,94,O,CB,8.897429
tcr_18_4,C,A,S,Q,5,94,O,N,9.010968
tcr_18_4,C,A,S,K,5,90,O,O,9.088332
tcr_18_4,C,A,S,Q,5,94,O,CA,8.929039
tcr_18_4,C,A,S,R,5,93,O,C,9.14328
tcr_18_4,C,A,S,T,5,97,O,OG1,7.628181
tcr_18_4,C,A,S,R,5,93,O,O,9.160351
tcr_18_4,C,A,S,R,5,93,O,NH2,6.3891
tcr_18_4,C,A,S,R,5,93,O,NH1,5.9714274
tcr_18_4,C,A,S,R,5,93,O,CD,6.8393006
tcr_18_4,C,A,S,R,5,93,O,CZ,6.1358504
tcr_18_4,C,A,S,R,5,93,O,NE,6.464975
tcr_18_4,C,A,S,R,5,93,O,CA,9.635466
tcr_18_4,C,A,S,R,5,93,O,CG,7.7207623
tcr_18_4,C,A,S,R,5,93,O,CB,8.613219
tcr_18_4,C,A,S,A,5,177,O,CA,9.695869
tcr_18_4,C,A,S,A,5,177,O,O,9.795009
tcr_18_4,C,A,S,R,5,181,O,N,9.284756
tcr_18_4,C,A,S,Q,5,179,O,C,6.4253726
tcr_18_4,C,A,S,A,5,177,O,C,9.659723
tcr_18_4,C,A,S,R,5,180,O,N,6.602863
tcr_18_4,C,A,S,E,5,178,O,N,9.727654
tcr_18_4,C,A,S,R,5,180,O,CG,6.2585874
tcr_18_4,C,A,S,A,5,177,O,N,9.023628
tcr_18_4,C,A,S,R,5,180,O,CB,7.379112
tcr_18_4,C,A,S,R,5,180,O,NE,6.431565
tcr_18_4,C,A,S,R,5,180,O,CD,7.028462
tcr_18_4,C,A,S,W,5,157,O,CZ2,9.93345
tcr_18_4,C,A,S,R,5,180,O,CZ,7.0318475
tcr_18_4,C,A,S,W,5,157,O,CH2,9.886868
tcr_18_4,C,A,S,E,5,176,O,O,6.9782877
tcr_18_4,C,A,S,R,5,175,O,C,9.025634
tcr_18_4,C,A,S,A,5,174,O,O,8.985228
tcr_18_4,C,A,S,Q,5,179,O,OE1,4.314761
tcr_18_4,C,A,S,Q,5,179,O,CD,5.1827574
tcr_18_4,C,A,S,Q,5,179,O,NE2,5.887344
tcr_18_4,C,A,S,Q,5,179,O,CB,5.2917676
tcr_18_4,C,A,S,R,5,175,O,O,8.587091
tcr_18_4,C,A,S,E,5,176,O,CA,7.431956
tcr_18_4,C,A,S,E,5,176,O,N,8.588257
tcr_18_4,C,A,S,E,5,176,O,C,7.721715
tcr_18_4,C,A,S,E,5,176,O,OE2,5.268687
tcr_18_4,C,A,S,E,5,176,O,CB,7.559016
tcr_18_4,C,A,S,E,5,176,O,CG,6.553962
tcr_18_4,C,A,S,E,5,176,O,OE1,4.3328176
tcr_18_4,C,A,S,E,5,176,O,CD,5.190644
tcr_18_4,C,A,S,R,5,180,O,NH2,6.832919
tcr_18_4,C,A,S,W,5,171,O,CG,9.957099
tcr_18_4,C,A,S,W,5,171,O,CD1,9.576357
tcr_18_4,C,A,S,W,5,171,O,CD2,9.859152
tcr_18_4,C,A,S,W,5,171,O,CE2,9.398262
tcr_18_4,C,A,S,W,5,171,O,NE1,9.236409
tcr_18_4,C,A,S,A,5,174,O,CB,9.509217
tcr_18_4,C,A,S,A,5,174,O,C,9.866256
tcr_18_4,C,A,S,Q,5,94,O,NE2,8.102777
tcr_18_4,C,A,S,T,5,97,O,CB,8.338976
tcr_18_4,C,A,S,T,5,97,O,CG2,7.848788
tcr_18_4,C,A,S,T,5,97,O,CA,9.807047
tcr_18_4,C,A,S,W,5,171,O,CZ2,9.456017
tcr_18_4,C,A,S,W,5,171,O,CH2,9.970879
tcr_18_4,C,A,S,K,5,90,CB,NZ,9.71934
tcr_18_4,C,A,S,Y,5,183,CB,CB,9.65589
tcr_18_4,C,A,S,Y,5,183,CB,CD2,9.912735
tcr_18_4,C,A,S,Q,5,179,CB,O,8.793737
tcr_18_4,C,A,S,Q,5,179,CB,CG,7.4189405
tcr_18_4,C,A,S,Q,5,179,CB,CA,8.571435
tcr_18_4,C,A,S,Q,5,179,CB,N,9.738425
tcr_18_4,C,A,S,R,5,180,CB,CA,9.729052
tcr_18_4,C,A,S,W,5,121,CB,CH2,9.15287
tcr_18_4,C,A,S,W,5,121,CB,CZ2,9.941728
tcr_18_4,C,A,S,W,5,121,CB,CZ3,9.680306
tcr_18_4,C,A,S,K,5,90,CB,CB,8.452914
tcr_18_4,C,A,S,K,5,90,CB,N,9.260736
tcr_18_4,C,A,S,Q,5,89,CB,C,9.61065
tcr_18_4,C,A,S,K,5,90,CB,CA,8.356629
tcr_18_4,C,A,S,Q,5,89,CB,O,9.210206
tcr_18_4,C,A,S,K,5,90,CB,C,8.985457
tcr_18_4,C,A,S,K,5,90,CB,CG,7.9433203
tcr_18_4,C,A,S,Q,5,94,CB,CG,9.5556135
tcr_18_4,C,A,S,K,5,90,CB,CE,8.680964
tcr_18_4,C,A,S,Q,5,94,CB,OE1,7.431502
tcr_18_4,C,A,S,Q,5,94,CB,CD,8.58937
tcr_18_4,C,A,S,K,5,90,CB,CD,8.587985
tcr_18_4,C,A,S,Q,5,94,CB,CB,9.094378
tcr_18_4,C,A,S,Q,5,94,CB,N,8.443198
tcr_18_4,C,A,S,K,5,90,CB,O,8.414836
tcr_18_4,C,A,S,Q,5,94,CB,CA,8.815369
tcr_18_4,C,A,S,R,5,93,CB,C,8.250923
tcr_18_4,C,A,S,T,5,97,CB,OG1,7.3198767
tcr_18_4,C,A,S,R,5,93,CB,O,8.333451
tcr_18_4,C,A,S,R,5,93,CB,NH2,3.7559202
tcr_18_4,C,A,S,R,5,93,CB,NH1,3.1848154
tcr_18_4,C,A,S,R,5,93,CB,CD,4.809501
tcr_18_4,C,A,S,R,5,93,CB,CZ,3.494225
tcr_18_4,C,A,S,R,5,93,CB,NE,4.1865096
tcr_18_4,C,A,S,R,5,93,CB,CA,8.318287
tcr_18_4,C,A,S,R,5,93,CB,CG,6.022917
tcr_18_4,C,A,S,R,5,93,CB,N,9.412479
tcr_18_4,C,A,S,R,5,93,CB,CB,7.0630646
tcr_18_4,C,A,S,Q,5,179,CB,C,8.728828
tcr_18_4,C,A,S,R,5,180,CB,N,9.170742
tcr_18_4,C,A,S,R,5,180,CB,CG,9.153848
tcr_18_4,C,A,S,R,5,180,CB,NE,9.265505
tcr_18_4,C,A,S,R,5,180,CB,CD,9.931982
tcr_18_4,C,A,S,R,5,180,CB,CZ,9.74817
tcr_18_4,C,A,S,E,5,176,CB,O,9.546124
tcr_18_4,C,A,S,Q,5,179,CB,OE1,5.342345
tcr_18_4,C,A,S,Q,5,179,CB,CD,6.5136275
tcr_18_4,C,A,S,Q,5,179,CB,NE2,7.230044
tcr_18_4,C,A,S,Q,5,179,CB,CB,7.292663
tcr_18_4,C,A,S,E,5,176,CB,CA,9.706852
tcr_18_4,C,A,S,E,5,176,CB,OE2,7.2687473
tcr_18_4,C,A,S,E,5,176,CB,CB,9.879461
tcr_18_4,C,A,S,E,5,176,CB,CG,9.037238
tcr_18_4,C,A,S,E,5,176,CB,OE1,6.861074
tcr_18_4,C,A,S,E,5,176,CB,CD,7.5496144
tcr_18_4,C,A,S,R,5,180,CB,NH2,9.366993
tcr_18_4,C,A,S,Q,5,94,CB,NE2,9.177771
tcr_18_4,C,A,S,T,5,97,CB,CB,8.422649
tcr_18_4,C,A,S,T,5,97,CB,CG2,8.313487
tcr_18_4,C,A,S,T,5,97,CB,CA,9.709985
tcr_18_4,C,A,S,Q,5,179,OG,O,9.573017
tcr_18_4,C,A,S,Q,5,179,OG,CG,7.6333747
tcr_18_4,C,A,S,Q,5,179,OG,CA,9.063626
tcr_18_4,C,A,S,W,5,121,OG,CH2,9.6177635
tcr_18_4,C,A,S,K,5,90,OG,CB,9.356234
tcr_18_4,C,A,S,K,5,90,OG,N,9.976046
tcr_18_4,C,A,S,K,5,90,OG,CA,9.08432
tcr_18_4,C,A,S,Q,5,89,OG,O,9.630847
tcr_18_4,C,A,S,K,5,90,OG,C,9.570509
tcr_18_4,C,A,S,K,5,90,OG,CG,8.98867
tcr_18_4,C,A,S,Q,5,94,OG,CG,9.667892
tcr_18_4,C,A,S,K,5,90,OG,CE,9.935794
tcr_18_4,C,A,S,Q,5,94,OG,OE1,7.5349073
tcr_18_4,C,A,S,Q,5,94,OG,CD,8.614026
tcr_18_4,C,A,S,K,5,90,OG,CD,9.744679
tcr_18_4,C,A,S,Q,5,94,OG,CB,9.253545
tcr_18_4,C,A,S,Q,5,94,OG,N,8.451297
tcr_18_4,C,A,S,K,5,90,OG,O,8.8716345
tcr_18_4,C,A,S,Q,5,94,OG,CA,8.775765
tcr_18_4,C,A,S,R,5,93,OG,C,8.098542
tcr_18_4,C,A,S,T,5,97,OG,OG1,6.6343517
tcr_18_4,C,A,S,R,5,93,OG,O,7.98011
tcr_18_4,C,A,S,R,5,93,OG,NH2,3.1068895
tcr_18_4,C,A,S,R,5,93,OG,NH1,3.4245512
tcr_18_4,C,A,S,R,5,93,OG,CD,4.8239956
tcr_18_4,C,A,S,R,5,93,OG,CZ,3.226991
tcr_18_4,C,A,S,R,5,93,OG,NE,3.8666556
tcr_18_4,C,A,S,R,5,93,OG,CA,8.237676
tcr_18_4,C,A,S,R,5,93,OG,CG,5.8622413
tcr_18_4,C,A,S,R,5,93,OG,N,9.470938
tcr_18_4,C,A,S,R,5,93,OG,CB,7.113067
tcr_18_4,C,A,S,Q,5,179,OG,C,9.34548
tcr_18_4,C,A,S,R,5,180,OG,N,9.691853
tcr_18_4,C,A,S,R,5,180,OG,CG,9.496141
tcr_18_4,C,A,S,R,5,180,OG,NE,9.326295
tcr_18_4,C,A,S,R,5,180,OG,CZ,9.725108
tcr_18_4,C,A,S,E,5,176,OG,O,9.637439
tcr_18_4,C,A,S,A,5,174,OG,O,9.640813
tcr_18_4,C,A,S,Q,5,179,OG,OE1,5.3630414
tcr_18_4,C,A,S,Q,5,179,OG,CD,6.5039144
tcr_18_4,C,A,S,Q,5,179,OG,NE2,6.985865
tcr_18_4,C,A,S,Q,5,179,OG,CB,7.6637964
tcr_18_4,C,A,S,E,5,176,OG,CA,9.453488
tcr_18_4,C,A,S,E,5,176,OG,OE2,6.7569213
tcr_18_4,C,A,S,E,5,176,OG,CB,9.5018835
tcr_18_4,C,A,S,E,5,176,OG,CG,8.7220745
tcr_18_4,C,A,S,E,5,176,OG,OE1,6.621039
tcr_18_4,C,A,S,E,5,176,OG,CD,7.19095
tcr_18_4,C,A,S,R,5,180,OG,NH2,9.183424
tcr_18_4,C,A,S,A,5,174,OG,CB,9.837643
tcr_18_4,C,A,S,Q,5,94,OG,NE2,9.046364
tcr_18_4,C,A,S,Q,5,94,OG,C,9.981903
tcr_18_4,C,A,S,T,5,97,OG,CB,7.7617764
tcr_18_4,C,A,S,T,5,97,OG,CG2,7.566347
tcr_18_4,C,A,S,T,5,97,OG,CA,8.96497
tcr_18_4,C,A,S,T,5,97,OG,N,9.378265
tcr_18_4,C,A,T,Y,6,183,N,CB,9.272626
tcr_18_4,C,A,T,Y,6,183,N,CD2,9.599315
tcr_18_4,C,A,T,Q,6,179,N,O,8.606816
tcr_18_4,C,A,T,Q,6,179,N,CG,7.8649306
tcr_18_4,C,A,T,Q,6,179,N,CA,8.532614
tcr_18_4,C,A,T,Q,6,179,N,N,9.5158415
tcr_18_4,C,A,T,F,6,123,N,CZ,9.519539
tcr_18_4,C,A,T,F,6,123,N,CE1,9.397959
tcr_18_4,C,A,T,Y,6,183,N,CD1,9.925237
tcr_18_4,C,A,T,R,6,180,N,CA,8.513274
tcr_18_4,C,A,T,Y,6,183,N,CG,9.479043
tcr_18_4,C,A,T,R,6,180,N,C,9.929629
tcr_18_4,C,A,T,D,6,138,N,OD2,8.849537
tcr_18_4,C,A,T,D,6,138,N,CG,9.875028
tcr_18_4,C,A,T,W,6,121,N,CH2,6.3611073
tcr_18_4,C,A,T,F,6,123,N,CD1,9.771183
tcr_18_4,C,A,T,W,6,121,N,CZ2,7.058813
tcr_18_4,C,A,T,R,6,180,N,NH1,7.7459497
tcr_18_4,C,A,T,W,6,121,N,CZ3,6.8405232
tcr_18_4,C,A,T,W,6,121,N,NE1,9.118041
tcr_18_4,C,A,T,W,6,121,N,CE3,7.918328
tcr_18_4,C,A,T,W,6,121,N,CD2,8.510219
tcr_18_4,C,A,T,W,6,121,N,CE2,8.107959
tcr_18_4,C,A,T,D,6,138,N,OD1,9.947026
tcr_18_4,C,A,T,K,6,90,N,CB,8.505039
tcr_18_4,C,A,T,K,6,90,N,N,9.697834
tcr_18_4,C,A,T,K,6,90,N,CA,8.451967
tcr_18_4,C,A,T,Q,6,89,N,O,9.582846
tcr_18_4,C,A,T,Y,6,91,N,N,9.752302
tcr_18_4,C,A,T,K,6,90,N,C,8.537316
tcr_18_4,C,A,T,K,6,90,N,CG,8.519836
tcr_18_4,C,A,T,Q,6,94,N,CG,7.03029
tcr_18_4,C,A,T,K,6,90,N,CE,9.583218
tcr_18_4,C,A,T,Q,6,94,N,OE1,4.66687
tcr_18_4,C,A,T,Q,6,94,N,CD,5.77783
tcr_18_4,C,A,T,K,6,90,N,CD,9.0390625
tcr_18_4,C,A,T,Q,6,94,N,CB,7.035258
tcr_18_4,C,A,T,Q,6,94,N,N,7.0850735
tcr_18_4,C,A,T,K,6,90,N,O,7.6698866
tcr_18_4,C,A,T,Q,6,94,N,CA,6.8962145
tcr_18_4,C,A,T,R,6,93,N,C,7.1882277
tcr_18_4,C,A,T,T,6,97,N,OG1,5.432641
tcr_18_4,C,A,T,R,6,93,N,O,7.0881443
tcr_18_4,C,A,T,R,6,93,N,NH2,5.8987546
tcr_18_4,C,A,T,R,6,93,N,NH1,5.721033
tcr_18_4,C,A,T,R,6,93,N,CD,5.652855
tcr_18_4,C,A,T,R,6,93,N,CZ,5.5143285
tcr_18_4,C,A,T,R,6,93,N,NE,5.396564
tcr_18_4,C,A,T,R,6,93,N,CA,7.8747325
tcr_18_4,C,A,T,R,6,93,N,CG,6.1699038
tcr_18_4,C,A,T,R,6,93,N,N,9.0038185
tcr_18_4,C,A,T,R,6,93,N,CB,7.0787425
tcr_18_4,C,A,T,Q,6,179,N,C,8.3367
tcr_18_4,C,A,T,R,6,180,N,N,8.272887
tcr_18_4,C,A,T,R,6,180,N,CG,7.180277
tcr_18_4,C,A,T,R,6,180,N,CB,8.512394
tcr_18_4,C,A,T,R,6,180,N,NE,6.5882297
tcr_18_4,C,A,T,R,6,180,N,CD,7.5223846
tcr_18_4,C,A,T,R,6,180,N,CZ,6.7670197
tcr_18_4,C,A,T,E,6,176,N,O,8.310852
tcr_18_4,C,A,T,Q,6,179,N,OE1,6.152491
tcr_18_4,C,A,T,Q,6,179,N,CD,6.9897475
tcr_18_4,C,A,T,Q,6,179,N,NE2,7.4136667
tcr_18_4,C,A,T,Q,6,179,N,CB,7.298436
tcr_18_4,C,A,T,E,6,176,N,CA,8.449603
tcr_18_4,C,A,T,E,6,176,N,N,9.643707
tcr_18_4,C,A,T,E,6,176,N,C,8.890178
tcr_18_4,C,A,T,E,6,176,N,OE2,5.7551413
tcr_18_4,C,A,T,E,6,176,N,CB,8.17203
tcr_18_4,C,A,T,E,6,176,N,CG,6.9697123
tcr_18_4,C,A,T,E,6,176,N,OE1,4.591997
tcr_18_4,C,A,T,E,6,176,N,CD,5.598715
tcr_18_4,C,A,T,R,6,180,N,NH2,6.24608
tcr_18_4,C,A,T,W,6,171,N,CG,9.71818
tcr_18_4,C,A,T,W,6,171,N,CD1,9.147891
tcr_18_4,C,A,T,W,6,171,N,CD2,9.4748535
tcr_18_4,C,A,T,W,6,171,N,CE2,8.715415
tcr_18_4,C,A,T,W,6,171,N,NE1,8.525915
tcr_18_4,C,A,T,A,6,174,N,CB,9.937418
tcr_18_4,C,A,T,W,6,121,N,CG,9.740874
tcr_18_4,C,A,T,A,6,95,N,N,9.2812195
tcr_18_4,C,A,T,Q,6,94,N,NE2,6.1284885
tcr_18_4,C,A,T,D,6,98,N,OD1,8.625395
tcr_18_4,C,A,T,D,6,98,N,CG,9.702234
tcr_18_4,C,A,T,Q,6,94,N,O,8.124078
tcr_18_4,C,A,T,Q,6,94,N,C,8.117925
tcr_18_4,C,A,T,T,6,97,N,CB,6.103888
tcr_18_4,C,A,T,Q,6,96,N,C,9.49247
tcr_18_4,C,A,T,T,6,97,N,C,8.494638
tcr_18_4,C,A,T,T,6,97,N,O,9.087955
tcr_18_4,C,A,T,D,6,98,N,N,8.924684
tcr_18_4,C,A,T,T,6,97,N,CG2,5.70399
tcr_18_4,C,A,T,T,6,97,N,CA,7.585765
tcr_18_4,C,A,T,T,6,97,N,N,8.215771
tcr_18_4,C,A,T,W,6,171,N,CZ2,8.576416
tcr_18_4,C,A,T,S,6,101,N,OG,9.417308
tcr_18_4,C,A,T,W,6,171,N,CZ3,9.935748
tcr_18_4,C,A,T,W,6,171,N,CH2,9.220042
tcr_18_4,C,A,T,Y,6,183,CA,CB,9.494223
tcr_18_4,C,A,T,Q,6,179,CA,O,8.514777
tcr_18_4,C,A,T,Q,6,179,CA,CG,7.6374235
tcr_18_4,C,A,T,Q,6,179,CA,CA,8.262083
tcr_18_4,C,A,T,Q,6,179,CA,N,9.068618
tcr_18_4,C,A,T,F,6,123,CA,CZ,9.696793
tcr_18_4,C,A,T,F,6,123,CA,CE1,9.405894
tcr_18_4,C,A,T,R,6,180,CA,CA,8.039902
tcr_18_4,C,A,T,Y,6,183,CA,CG,9.763325
tcr_18_4,C,A,T,R,6,180,CA,C,9.523379
tcr_18_4,C,A,T,R,6,180,CA,O,9.95201
tcr_18_4,C,A,T,D,6,138,CA,OD2,8.01916
tcr_18_4,C,A,T,D,6,138,CA,CG,8.985107
tcr_18_4,C,A,T,W,6,121,CA,CH2,6.138601
tcr_18_4,C,A,T,F,6,123,CA,CD1,9.582983
tcr_18_4,C,A,T,W,6,121,CA,CZ2,6.594048
tcr_18_4,C,A,T,R,6,180,CA,NH1,6.594719
tcr_18_4,C,A,T,W,6,121,CA,CZ3,6.6896405
tcr_18_4,C,A,T,W,6,121,CA,NE1,8.37908
tcr_18_4,C,A,T,W,6,121,CA,CE3,7.603865
tcr_18_4,C,A,T,W,6,121,CA,CD2,7.993022
tcr_18_4,C,A,T,W,6,121,CA,CE2,7.518304
tcr_18_4,C,A,T,D,6,138,CA,OD1,8.970143
tcr_18_4,C,A,T,K,6,90,CA,CB,9.713068
tcr_18_4,C,A,T,K,6,90,CA,CA,9.685854
tcr_18_4,C,A,T,K,6,90,CA,C,9.631282
tcr_18_4,C,A,T,K,6,90,CA,CG,9.813804
tcr_18_4,C,A,T,Q,6,94,CA,CG,7.22942
tcr_18_4,C,A,T,Q,6,94,CA,OE1,4.8457427
tcr_18_4,C,A,T,Q,6,94,CA,CD,5.810889
tcr_18_4,C,A,T,Q,6,94,CA,CB,7.521077
tcr_18_4,C,A,T,Q,6,94,CA,N,7.8290043
tcr_18_4,C,A,T,K,6,90,CA,O,8.695312
tcr_18_4,C,A,T,Q,6,94,CA,CA,7.397535
tcr_18_4,C,A,T,R,6,93,CA,C,7.9664054
tcr_18_4,C,A,T,T,6,97,CA,OG1,5.6154256
tcr_18_4,C,A,T,R,6,93,CA,O,7.7099404
tcr_18_4,C,A,T,R,6,93,CA,NH2,6.968098
tcr_18_4,C,A,T,R,6,93,CA,NH1,7.0647097
tcr_18_4,C,A,T,R,6,93,CA,CD,6.931709
tcr_18_4,C,A,T,R,6,93,CA,CZ,6.7455864
tcr_18_4,C,A,T,R,6,93,CA,NE,6.5956683
tcr_18_4,C,A,T,R,6,93,CA,CA,8.835185
tcr_18_4,C,A,T,R,6,93,CA,CG,7.282144
tcr_18_4,C,A,T,R,6,93,CA,N,9.991303
tcr_18_4,C,A,T,R,6,93,CA,CB,8.211729
tcr_18_4,C,A,T,A,6,177,CA,CA,9.922209
tcr_18_4,C,A,T,Q,6,179,CA,C,8.067812
tcr_18_4,C,A,T,R,6,180,CA,N,7.8038554
tcr_18_4,C,A,T,R,6,180,CA,CG,6.373304
tcr_18_4,C,A,T,A,6,177,CA,N,9.113437
tcr_18_4,C,A,T,R,6,180,CA,CB,7.8146534
tcr_18_4,C,A,T,R,6,180,CA,NE,5.436709
tcr_18_4,C,A,T,R,6,180,CA,CD,6.526754
tcr_18_4,C,A,T,W,6,157,CA,CZ2,9.109059
tcr_18_4,C,A,T,R,6,180,CA,CZ,5.543648
tcr_18_4,C,A,T,W,6,157,CA,CZ3,9.961555
tcr_18_4,C,A,T,W,6,157,CA,CH2,8.919614
tcr_18_4,C,A,T,E,6,176,CA,O,7.445743
tcr_18_4,C,A,T,R,6,175,CA,C,9.430981
tcr_18_4,C,A,T,A,6,174,CA,O,9.332384
tcr_18_4,C,A,T,Q,6,179,CA,OE1,6.113165
tcr_18_4,C,A,T,Q,6,179,CA,CD,6.7467422
tcr_18_4,C,A,T,Q,6,179,CA,NE2,6.967824
tcr_18_4,C,A,T,Q,6,179,CA,CB,7.031068
tcr_18_4,C,A,T,R,6,175,CA,O,9.331436
tcr_18_4,C,A,T,E,6,176,CA,CA,7.416061
tcr_18_4,C,A,T,E,6,176,CA,N,8.64025
tcr_18_4,C,A,T,E,6,176,CA,C,7.9031777
tcr_18_4,C,A,T,E,6,176,CA,OE2,4.6722226
tcr_18_4,C,A,T,E,6,176,CA,CB,6.960632
tcr_18_4,C,A,T,E,6,176,CA,CG,5.694075
tcr_18_4,C,A,T,E,6,176,CA,OE1,3.3572168
tcr_18_4,C,A,T,E,6,176,CA,CD,4.3864675
tcr_18_4,C,A,T,R,6,180,CA,NH2,4.9133935
tcr_18_4,C,A,T,W,6,171,CA,CG,8.282917
tcr_18_4,C,A,T,W,6,171,CA,CD1,7.7365427
tcr_18_4,C,A,T,W,6,171,CA,CD2,8.011619
tcr_18_4,C,A,T,W,6,171,CA,CE2,7.2549624
tcr_18_4,C,A,T,W,6,171,CA,NE1,7.0958548
tcr_18_4,C,A,T,W,6,171,CA,CE3,8.611838
tcr_18_4,C,A,T,W,6,171,CA,CB,9.248303
tcr_18_4,C,A,T,A,6,174,CA,CB,8.97557
tcr_18_4,C,A,T,A,6,174,CA,C,9.952
tcr_18_4,C,A,T,W,6,171,CA,CA,9.67574
tcr_18_4,C,A,T,W,6,121,CA,CG,9.098074
tcr_18_4,C,A,T,W,6,121,CA,CD1,9.266126
tcr_18_4,C,A,T,A,6,95,CA,N,9.710531
tcr_18_4,C,A,T,D,6,98,CA,CA,9.644005
tcr_18_4,C,A,T,Q,6,94,CA,NE2,5.862588
tcr_18_4,C,A,T,D,6,98,CA,OD1,8.2198305
tcr_18_4,C,A,T,D,6,98,CA,CG,9.383502
tcr_18_4,C,A,T,Q,6,94,CA,O,8.267212
tcr_18_4,C,A,T,Q,6,94,CA,C,8.460256
tcr_18_4,C,A,T,T,6,97,CA,CB,6.009074
tcr_18_4,C,A,T,Q,6,96,CA,C,9.631311
tcr_18_4,C,A,T,T,6,97,CA,C,8.195792
tcr_18_4,C,A,T,T,6,97,CA,O,8.637022
tcr_18_4,C,A,T,D,6,98,CA,N,8.670677
tcr_18_4,C,A,T,T,6,97,CA,CG2,5.2669754
tcr_18_4,C,A,T,T,6,97,CA,CA,7.4840064
tcr_18_4,C,A,T,T,6,97,CA,N,8.343844
tcr_18_4,C,A,T,S,6,101,CA,CB,9.84259
tcr_18_4,C,A,T,W,6,171,CA,CZ2,7.146602
tcr_18_4,C,A,T,S,6,101,CA,OG,8.516703
tcr_18_4,C,A,T,W,6,171,CA,CZ3,8.51605
tcr_18_4,C,A,T,W,6,171,CA,CH2,7.8146515
tcr_18_4,C,A,T,K,6,170,CA,NZ,9.8000345
tcr_18_4,C,A,T,K,6,170,CA,CE,9.805102
tcr_18_4,C,A,T,Q,6,179,C,O,9.619649
tcr_18_4,C,A,T,Q,6,179,C,CG,8.07495
tcr_18_4,C,A,T,Q,6,179,C,CA,9.048121
tcr_18_4,C,A,T,Q,6,179,C,N,9.715773
tcr_18_4,C,A,T,R,6,180,C,CA,9.142692
tcr_18_4,C,A,T,D,6,138,C,OD2,9.045737
tcr_18_4,C,A,T,D,6,138,C,CG,9.927843
tcr_18_4,C,A,T,W,6,121,C,CH2,7.353251
tcr_18_4,C,A,T,W,6,121,C,CZ2,7.756369
tcr_18_4,C,A,T,R,6,180,C,NH1,7.2380004
tcr_18_4,C,A,T,W,6,121,C,CZ3,7.7631135
tcr_18_4,C,A,T,W,6,121,C,NE1,9.290614
tcr_18_4,C,A,T,W,6,121,C,CE3,8.527273
tcr_18_4,C,A,T,W,6,121,C,CD2,8.890506
tcr_18_4,C,A,T,W,6,121,C,CE2,8.51938
tcr_18_4,C,A,T,D,6,138,C,OD1,9.787968
tcr_18_4,C,A,T,Q,6,94,C,CG,7.799876
tcr_18_4,C,A,T,Q,6,94,C,OE1,5.5550017
tcr_18_4,C,A,T,Q,6,94,C,CD,6.3550377
tcr_18_4,C,A,T,Q,6,94,C,CB,8.076956
tcr_18_4,C,A,T,Q,6,94,C,N,8.11275
tcr_18_4,C,A,T,K,6,90,C,O,9.385066
tcr_18_4,C,A,T,Q,6,94,C,CA,7.686377
tcr_18_4,C,A,T,R,6,93,C,C,8.041225
tcr_18_4,C,A,T,T,6,97,C,OG1,5.065146
tcr_18_4,C,A,T,R,6,93,C,O,7.5649776
tcr_18_4,C,A,T,R,6,93,C,NH2,6.7072315
tcr_18_4,C,A,T,R,6,93,C,NH1,7.2743587
tcr_18_4,C,A,T,R,6,93,C,CD,7.0972834
tcr_18_4,C,A,T,R,6,93,C,CZ,6.712382
tcr_18_4,C,A,T,R,6,93,C,NE,6.5298433
tcr_18_4,C,A,T,R,6,93,C,CA,8.931184
tcr_18_4,C,A,T,R,6,93,C,CG,7.3171854
tcr_18_4,C,A,T,R,6,93,C,CB,8.420892
tcr_18_4,C,A,T,Q,6,179,C,C,9.049165
tcr_18_4,C,A,T,R,6,180,C,N,8.771547
tcr_18_4,C,A,T,R,6,180,C,CG,7.3481965
tcr_18_4,C,A,T,A,6,177,C,N,9.377166
tcr_18_4,C,A,T,R,6,180,C,CB,8.832095
tcr_18_4,C,A,T,R,6,180,C,NE,6.146268
tcr_18_4,C,A,T,R,6,180,C,CD,7.3834167
tcr_18_4,C,A,T,W,6,157,C,CZ2,9.378754
tcr_18_4,C,A,T,R,6,180,C,CZ,6.136873
tcr_18_4,C,A,T,W,6,157,C,CH2,9.318586
tcr_18_4,C,A,T,E,6,176,C,O,7.9378977
tcr_18_4,C,A,T,R,6,175,C,C,9.356111
tcr_18_4,C,A,T,A,6,174,C,O,8.868609
tcr_18_4,C,A,T,Q,6,179,C,OE1,6.3659506
tcr_18_4,C,A,T,Q,6,179,C,CD,6.9714193
tcr_18_4,C,A,T,Q,6,179,C,NE2,6.9443254
tcr_18_4,C,A,T,Q,6,179,C,CB,7.707565
tcr_18_4,C,A,T,R,6,175,C,O,9.425696
tcr_18_4,C,A,T,E,6,176,C,CA,7.432767
tcr_18_4,C,A,T,E,6,176,C,N,8.506652
tcr_18_4,C,A,T,E,6,176,C,C,8.185642
tcr_18_4,C,A,T,E,6,176,C,OE2,4.3583946
tcr_18_4,C,A,T,E,6,176,C,CB,6.820383
tcr_18_4,C,A,T,E,6,176,C,CG,5.700227
tcr_18_4,C,A,T,E,6,176,C,OE1,3.6412942
tcr_18_4,C,A,T,E,6,176,C,CD,4.357127
tcr_18_4,C,A,T,R,6,180,C,NH2,5.260343
tcr_18_4,C,A,T,W,6,171,C,CG,7.726799
tcr_18_4,C,A,T,W,6,171,C,CD1,6.9699173
tcr_18_4,C,A,T,W,6,171,C,CD2,7.617249
tcr_18_4,C,A,T,W,6,171,C,CE2,6.752237
tcr_18_4,C,A,T,W,6,171,C,NE1,6.337361
tcr_18_4,C,A,T,W,6,171,C,CE3,8.436689
tcr_18_4,C,A,T,W,6,171,C,CB,8.751124
tcr_18_4,C,A,T,A,6,174,C,CB,8.115527
tcr_18_4,C,A,T,A,6,174,C,CA,9.437334
tcr_18_4,C,A,T,A,6,174,C,C,9.417031
tcr_18_4,C,A,T,W,6,171,C,O,9.680296
tcr_18_4,C,A,T,W,6,171,C,CA,9.02743
tcr_18_4,C,A,T,W,6,171,C,C,9.986266
tcr_18_4,C,A,T,K,6,170,C,O,9.881974
tcr_18_4,C,A,T,W,6,171,C,N,9.734921
tcr_18_4,C,A,T,W,6,121,C,CG,9.867036
tcr_18_4,C,A,T,D,6,98,C,CB,9.94928
tcr_18_4,C,A,T,A,6,95,C,N,9.829689
tcr_18_4,C,A,T,D,6,98,C,CA,9.223167
tcr_18_4,C,A,T,Q,6,94,C,NE2,6.194237
tcr_18_4,C,A,T,D,6,98,C,OD1,8.206442
tcr_18_4,C,A,T,D,6,98,C,CG,9.370145
tcr_18_4,C,A,T,Q,6,94,C,O,8.226005
tcr_18_4,C,A,T,Q,6,94,C,C,8.571163
tcr_18_4,C,A,T,V,6,100,C,CG2,9.933982
tcr_18_4,C,A,T,T,6,97,C,CB,5.4524856
tcr_18_4,C,A,T,Q,6,96,C,C,9.008552
tcr_18_4,C,A,T,Q,6,96,C,O,9.428705
tcr_18_4,C,A,T,T,6,97,C,C,7.5336523
tcr_18_4,C,A,T,T,6,97,C,O,7.818995
tcr_18_4,C,A,T,D,6,98,C,N,8.212454
tcr_18_4,C,A,T,T,6,97,C,CG2,4.516069
tcr_18_4,C,A,T,T,6,97,C,CA,6.796808
tcr_18_4,C,A,T,T,6,97,C,N,7.788101
tcr_18_4,C,A,T,S,6,101,C,CB,9.096178
tcr_18_4,C,A,T,W,6,171,C,CZ2,6.8008723
tcr_18_4,C,A,T,S,6,101,C,OG,7.712948
tcr_18_4,C,A,T,W,6,171,C,CZ3,8.469586
tcr_18_4,C,A,T,T,6,167,C,CG2,9.897731
tcr_18_4,C,A,T,W,6,171,C,CH2,7.705131
tcr_18_4,C,A,T,S,6,101,C,CA,9.931535
tcr_18_4,C,A,T,K,6,170,C,NZ,8.411776
tcr_18_4,C,A,T,K,6,170,C,CE,8.427781
tcr_18_4,C,A,T,S,6,101,C,N,9.739075
tcr_18_4,C,A,T,V,6,100,C,CG1,9.727724
tcr_18_4,C,A,T,V,6,100,C,CB,9.515119
tcr_18_4,C,A,T,K,6,170,C,CD,9.266982
tcr_18_4,C,A,T,K,6,170,C,CG,9.529214
tcr_18_4,C,A,T,Q,6,179,O,CG,8.869335
tcr_18_4,C,A,T,W,6,121,O,CH2,8.036749
tcr_18_4,C,A,T,W,6,121,O,CZ2,8.58456
tcr_18_4,C,A,T,R,6,180,O,NH1,8.333872
tcr_18_4,C,A,T,W,6,121,O,CZ3,8.283525
tcr_18_4,C,A,T,W,6,121,O,CE3,9.048327
tcr_18_4,C,A,T,W,6,121,O,CD2,9.5516205
tcr_18_4,C,A,T,W,6,121,O,CE2,9.323611
tcr_18_4,C,A,T,Q,6,94,O,CG,7.7100263
tcr_18_4,C,A,T,Q,6,94,O,OE1,5.601242
tcr_18_4,C,A,T,Q,6,94,O,CD,6.3580513
tcr_18_4,C,A,T,Q,6,94,O,CB,7.808416
tcr_18_4,C,A,T,Q,6,94,O,N,7.500676
tcr_18_4,C,A,T,K,6,90,O,O,8.958858
tcr_18_4,C,A,T,Q,6,94,O,CA,7.206842
tcr_18_4,C,A,T,R,6,93,O,C,7.2560234
tcr_18_4,C,A,T,T,6,97,O,OG1,4.1592636
tcr_18_4,C,A,T,R,6,93,O,O,6.6967235
tcr_18_4,C,A,T,R,6,93,O,NH2,5.846964
tcr_18_4,C,A,T,R,6,93,O,NH1,6.6238666
tcr_18_4,C,A,T,R,6,93,O,CD,6.273884
tcr_18_4,C,A,T,R,6,93,O,CZ,5.895678
tcr_18_4,C,A,T,R,6,93,O,NE,5.6159315
tcr_18_4,C,A,T,R,6,93,O,CA,8.079667
tcr_18_4,C,A,T,R,6,93,O,CG,6.4042783
tcr_18_4,C,A,T,R,6,93,O,N,9.422292
tcr_18_4,C,A,T,R,6,93,O,CB,7.6045556
tcr_18_4,C,A,T,Q,6,96,O,OE1,9.778038
tcr_18_4,C,A,T,R,6,180,O,N,9.88004
tcr_18_4,C,A,T,R,6,180,O,CG,8.552041
tcr_18_4,C,A,T,R,6,180,O,NE,7.3569355
tcr_18_4,C,A,T,R,6,180,O,CD,8.600323
tcr_18_4,C,A,T,R,6,180,O,CZ,7.282372
tcr_18_4,C,A,T,E,6,176,O,O,9.082756
tcr_18_4,C,A,T,A,6,174,O,O,9.490542
tcr_18_4,C,A,T,Q,6,179,O,OE1,6.946911
tcr_18_4,C,A,T,Q,6,179,O,CD,7.670204
tcr_18_4,C,A,T,Q,6,179,O,NE2,7.6439805
tcr_18_4,C,A,T,Q,6,179,O,CB,8.621238
tcr_18_4,C,A,T,E,6,176,O,CA,8.47905
tcr_18_4,C,A,T,E,6,176,O,N,9.4666605
tcr_18_4,C,A,T,E,6,176,O,C,9.312679
tcr_18_4,C,A,T,E,6,176,O,OE2,5.319092
tcr_18_4,C,A,T,E,6,176,O,CB,7.877159
tcr_18_4,C,A,T,E,6,176,O,CG,6.8399997
tcr_18_4,C,A,T,E,6,176,O,OE1,4.848771
tcr_18_4,C,A,T,E,6,176,O,CD,5.4808903
tcr_18_4,C,A,T,R,6,180,O,NH2,6.3474607
tcr_18_4,C,A,T,W,6,171,O,CG,8.595148
tcr_18_4,C,A,T,W,6,171,O,CD1,7.7087336
tcr_18_4,C,A,T,W,6,171,O,CD2,8.541115
tcr_18_4,C,A,T,W,6,171,O,CE2,7.582503
tcr_18_4,C,A,T,W,6,171,O,NE1,7.045574
tcr_18_4,C,A,T,W,6,171,O,CE3,9.438117
tcr_18_4,C,A,T,W,6,171,O,CB,9.652558
tcr_18_4,C,A,T,A,6,174,O,CB,8.613082
tcr_18_4,C,A,T,A,6,174,O,CA,9.970643
tcr_18_4,C,A,T,W,6,171,O,CA,9.827736
tcr_18_4,C,A,T,D,6,98,O,CB,9.6374
tcr_18_4,C,A,T,A,6,95,O,N,9.251072
tcr_18_4,C,A,T,D,6,98,O,CA,8.842818
tcr_18_4,C,A,T,Q,6,94,O,NE2,6.2492275
tcr_18_4,C,A,T,D,6,98,O,OD1,8.123788
tcr_18_4,C,A,T,D,6,98,O,CG,9.214997
tcr_18_4,C,A,T,Q,6,94,O,O,7.716926
tcr_18_4,C,A,T,Q,6,94,O,C,8.044055
tcr_18_4,C,A,T,A,6,95,O,C,9.8836355
tcr_18_4,C,A,T,Q,6,96,O,N,9.333942
tcr_18_4,C,A,T,Q,6,96,O,CB,9.063401
tcr_18_4,C,A,T,V,6,100,O,CG2,9.032759
tcr_18_4,C,A,T,T,6,97,O,CB,4.7534156
tcr_18_4,C,A,T,Q,6,96,O,C,8.105276
tcr_18_4,C,A,T,Q,6,96,O,O,8.532696
tcr_18_4,C,A,T,T,6,97,O,C,6.9347086
tcr_18_4,C,A,T,T,6,97,O,O,7.2569027
tcr_18_4,C,A,T,D,6,98,O,N,7.7082934
tcr_18_4,C,A,T,T,6,97,O,CG2,3.989705
tcr_18_4,C,A,T,T,6,97,O,CA,6.0189104
tcr_18_4,C,A,T,Q,6,96,O,CA,9.150385
tcr_18_4,C,A,T,T,6,97,O,N,6.930832
tcr_18_4,C,A,T,V,6,100,O,CA,9.879783
tcr_18_4,C,A,T,V,6,100,O,N,9.951011
tcr_18_4,C,A,T,D,6,98,O,C,9.902528
tcr_18_4,C,A,T,S,6,101,O,CB,8.972683
tcr_18_4,C,A,T,W,6,171,O,CZ2,7.6200285
tcr_18_4,C,A,T,S,6,101,O,OG,7.6005573
tcr_18_4,C,A,T,W,6,171,O,CZ3,9.462387
tcr_18_4,C,A,T,W,6,171,O,CH2,8.611713
tcr_18_4,C,A,T,S,6,101,O,CA,9.687943
tcr_18_4,C,A,T,K,6,170,O,NZ,8.282301
tcr_18_4,C,A,T,K,6,170,O,CE,8.412421
tcr_18_4,C,A,T,S,6,101,O,N,9.319735
tcr_18_4,C,A,T,V,6,100,O,CG1,9.025351
tcr_18_4,C,A,T,V,6,100,O,CB,8.76006
tcr_18_4,C,A,T,K,6,170,O,CD,9.416548
tcr_18_4,C,A,T,K,6,170,O,CG,9.787747
tcr_18_4,C,A,T,Y,6,183,CB,CB,9.464885
tcr_18_4,C,A,T,Y,6,183,CB,CD2,9.904312
tcr_18_4,C,A,T,Q,6,179,CB,O,8.907005
tcr_18_4,C,A,T,Q,6,179,CB,CG,8.660177
tcr_18_4,C,A,T,Q,6,179,CB,CA,8.923413
tcr_18_4,C,A,T,Q,6,179,CB,N,9.687994
tcr_18_4,C,A,T,F,6,123,CB,CE2,9.17902
tcr_18_4,C,A,T,F,6,123,CB,CZ,8.640891
tcr_18_4,C,A,T,F,6,123,CB,CE1,8.193646
tcr_18_4,C,A,T,D,6,138,CB,CB,9.393595
tcr_18_4,C,A,T,F,6,123,CB,CD2,9.284255
tcr_18_4,C,A,T,Y,6,183,CB,CD1,9.645331
tcr_18_4,C,A,T,R,6,180,CB,CA,8.018035
tcr_18_4,C,A,T,Y,6,183,CB,CG,9.547955
tcr_18_4,C,A,T,R,6,180,CB,C,9.468205
tcr_18_4,C,A,T,F,6,123,CB,CG,8.87368
tcr_18_4,C,A,T,R,6,180,CB,O,9.814022
tcr_18_4,C,A,T,D,6,138,CB,OD2,7.07641
tcr_18_4,C,A,T,F,6,123,CB,CB,9.358954
tcr_18_4,C,A,T,D,6,138,CB,CG,7.9455075
tcr_18_4,C,A,T,W,6,121,CB,CH2,4.8368196
tcr_18_4,C,A,T,F,6,123,CB,CD1,8.317203
tcr_18_4,C,A,T,W,6,121,CB,CZ2,5.2679796
tcr_18_4,C,A,T,R,6,180,CB,NH1,5.5280833
tcr_18_4,C,A,T,W,6,121,CB,CZ3,5.3154726
tcr_18_4,C,A,T,W,6,121,CB,NE1,6.9686666
tcr_18_4,C,A,T,W,6,121,CB,CE3,6.132538
tcr_18_4,C,A,T,W,6,121,CB,CD2,6.4915214
tcr_18_4,C,A,T,W,6,121,CB,CE2,6.086526
tcr_18_4,C,A,T,D,6,138,CB,OD1,7.8182244
tcr_18_4,C,A,T,K,6,90,CB,CB,9.547155
tcr_18_4,C,A,T,K,6,90,CB,CA,9.57961
tcr_18_4,C,A,T,K,6,90,CB,C,9.3270645
tcr_18_4,C,A,T,K,6,90,CB,CG,9.838903
tcr_18_4,C,A,T,Q,6,94,CB,CG,6.1430316
tcr_18_4,C,A,T,Q,6,94,CB,OE1,3.8198905
tcr_18_4,C,A,T,Q,6,94,CB,CD,4.671004
tcr_18_4,C,A,T,Q,6,94,CB,CB,6.687333
tcr_18_4,C,A,T,Q,6,94,CB,N,7.4295473
tcr_18_4,C,A,T,K,6,90,CB,O,8.355504
tcr_18_4,C,A,T,Q,6,94,CB,CA,6.7517014
tcr_18_4,C,A,T,R,6,93,CB,C,7.7745767
tcr_18_4,C,A,T,T,6,97,CB,OG1,5.562121
tcr_18_4,C,A,T,R,6,93,CB,O,7.549844
tcr_18_4,C,A,T,R,6,93,CB,NH2,8.160666
tcr_18_4,C,A,T,R,6,93,CB,NH1,8.104604
tcr_18_4,C,A,T,R,6,93,CB,CD,7.5351186
tcr_18_4,C,A,T,R,6,93,CB,CZ,7.7912054
tcr_18_4,C,A,T,R,6,93,CB,NE,7.4461584
tcr_18_4,C,A,T,R,6,93,CB,CA,8.827463
tcr_18_4,C,A,T,R,6,93,CB,CG,7.6686172
tcr_18_4,C,A,T,R,6,93,CB,N,9.872058
tcr_18_4,C,A,T,R,6,93,CB,CB,8.390056
tcr_18_4,C,A,T,Q,6,179,CB,C,8.498337
tcr_18_4,C,A,T,R,6,180,CB,N,8.047938
tcr_18_4,C,A,T,R,6,180,CB,CG,6.1257505
tcr_18_4,C,A,T,A,6,177,CB,N,9.366468
tcr_18_4,C,A,T,R,6,180,CB,CB,7.589095
tcr_18_4,C,A,T,R,6,180,CB,NE,4.841243
tcr_18_4,C,A,T,R,6,180,CB,CD,5.990607
tcr_18_4,C,A,T,W,6,157,CB,CZ2,8.780464
tcr_18_4,C,A,T,R,6,180,CB,CZ,4.659919
tcr_18_4,C,A,T,W,6,157,CB,CZ3,9.268172
tcr_18_4,C,A,T,W,6,157,CB,CH2,8.370612
tcr_18_4,C,A,T,E,6,176,CB,O,7.801996
tcr_18_4,C,A,T,Q,6,179,CB,OE1,7.3999844
tcr_18_4,C,A,T,Q,6,179,CB,CD,7.923098
tcr_18_4,C,A,T,Q,6,179,CB,NE2,8.130237
tcr_18_4,C,A,T,Q,6,179,CB,CB,7.856363
tcr_18_4,C,A,T,E,6,176,CB,CA,7.9483094
tcr_18_4,C,A,T,E,6,176,CB,N,9.264147
tcr_18_4,C,A,T,E,6,176,CB,C,8.266408
tcr_18_4,C,A,T,E,6,176,CB,OE2,5.4641957
tcr_18_4,C,A,T,E,6,176,CB,CB,7.3236785
tcr_18_4,C,A,T,E,6,176,CB,CG,5.8923626
tcr_18_4,C,A,T,E,6,176,CB,OE1,3.7203681
tcr_18_4,C,A,T,E,6,176,CB,CD,4.8705387
tcr_18_4,C,A,T,R,6,180,CB,NH2,4.015491
tcr_18_4,C,A,T,W,6,171,CB,CG,8.197899
tcr_18_4,C,A,T,W,6,171,CB,CD1,7.7488556
tcr_18_4,C,A,T,W,6,171,CB,CD2,7.6629224
tcr_18_4,C,A,T,W,6,171,CB,CE2,6.822505
tcr_18_4,C,A,T,W,6,171,CB,NE1,6.910191
tcr_18_4,C,A,T,W,6,171,CB,CE3,8.094506
tcr_18_4,C,A,T,W,6,171,CB,CB,9.2832365
tcr_18_4,C,A,T,A,6,174,CB,CB,9.861821
tcr_18_4,C,A,T,W,6,171,CB,CA,9.928931
tcr_18_4,C,A,T,S,6,33,CB,OG,9.31252
tcr_18_4,C,A,T,W,6,121,CB,CG,7.5767565
tcr_18_4,C,A,T,W,6,121,CB,CB,8.534103
tcr_18_4,C,A,T,W,6,121,CB,CA,9.984493
tcr_18_4,C,A,T,W,6,121,CB,CD1,7.7913027
tcr_18_4,C,A,T,S,6,140,CB,OG,8.688371
tcr_18_4,C,A,T,S,6,140,CB,CB,9.981482
tcr_18_4,C,A,T,F,6,46,CB,CE2,9.806209
tcr_18_4,C,A,T,F,6,46,CB,CZ,9.945708
tcr_18_4,C,A,T,D,6,98,CB,CB,9.125092
tcr_18_4,C,A,T,A,6,95,CB,N,9.023525
tcr_18_4,C,A,T,D,6,98,CB,CA,8.748115
tcr_18_4,C,A,T,Q,6,94,CB,NE2,4.620762
tcr_18_4,C,A,T,D,6,98,CB,OD1,7.028183
tcr_18_4,C,A,T,D,6,98,CB,CG,8.21162
tcr_18_4,C,A,T,Q,6,94,CB,O,7.490218
tcr_18_4,C,A,T,D,6,98,CB,OD2,8.888432
tcr_18_4,C,A,T,Q,6,94,CB,C,7.7390833
tcr_18_4,C,A,T,L,6,119,CB,CD2,9.669242
tcr_18_4,C,A,T,T,6,97,CB,CB,5.643045
tcr_18_4,C,A,T,Q,6,96,CB,C,9.349032
tcr_18_4,C,A,T,Q,6,96,CB,O,9.926182
tcr_18_4,C,A,T,T,6,97,CB,C,7.632223
tcr_18_4,C,A,T,T,6,97,CB,O,8.116381
tcr_18_4,C,A,T,D,6,98,CB,N,7.9205656
tcr_18_4,C,A,T,T,6,97,CB,CG2,4.89489
tcr_18_4,C,A,T,T,6,97,CB,CA,7.1441326
tcr_18_4,C,A,T,T,6,97,CB,N,8.032052
tcr_18_4,C,A,T,S,6,101,CB,CB,9.032939
tcr_18_4,C,A,T,W,6,171,CB,CZ2,6.43027
tcr_18_4,C,A,T,S,6,101,CB,OG,7.79188
tcr_18_4,C,A,T,W,6,171,CB,CZ3,7.761989
tcr_18_4,C,A,T,T,6,167,CB,CG2,9.9943695
tcr_18_4,C,A,T,W,6,171,CB,CH2,6.9485703
tcr_18_4,C,A,T,K,6,170,CB,NZ,9.972133
tcr_18_4,C,A,T,Q,6,179,OG1,CG,9.947774
tcr_18_4,C,A,T,F,6,123,OG1,CE2,9.445532
tcr_18_4,C,A,T,F,6,123,OG1,CZ,8.713109
tcr_18_4,C,A,T,F,6,123,OG1,CE1,8.187399
tcr_18_4,C,A,T,F,6,123,OG1,CD2,9.670433
tcr_18_4,C,A,T,R,6,180,OG1,CA,9.336798
tcr_18_4,C,A,T,F,6,123,OG1,CG,9.20468
tcr_18_4,C,A,T,D,6,138,OG1,OD2,7.987194
tcr_18_4,C,A,T,F,6,123,OG1,CB,9.803613
tcr_18_4,C,A,T,D,6,138,OG1,CG,8.751808
tcr_18_4,C,A,T,W,6,121,OG1,CH2,4.9320183
tcr_18_4,C,A,T,F,6,123,OG1,CD1,8.451687
tcr_18_4,C,A,T,W,6,121,OG1,CZ2,5.5845485
tcr_18_4,C,A,T,R,6,180,OG1,NH1,6.305167
tcr_18_4,C,A,T,W,6,121,OG1,CZ3,5.0308437
tcr_18_4,C,A,T,W,6,121,OG1,NE1,7.226334
tcr_18_4,C,A,T,W,6,121,OG1,CE3,5.762786
tcr_18_4,C,A,T,W,6,121,OG1,CD2,6.3410525
tcr_18_4,C,A,T,W,6,121,OG1,CE2,6.246282
tcr_18_4,C,A,T,D,6,138,OG1,OD1,8.493159
tcr_18_4,C,A,T,K,6,90,OG1,CB,9.05134
tcr_18_4,C,A,T,K,6,90,OG1,CA,8.915932
tcr_18_4,C,A,T,Q,6,89,OG1,O,9.998876
tcr_18_4,C,A,T,Y,6,91,OG1,N,9.4976015
tcr_18_4,C,A,T,Y,6,91,OG1,CA,9.55947
tcr_18_4,C,A,T,Y,6,91,OG1,C,9.543082
tcr_18_4,C,A,T,K,6,90,OG1,C,8.497078
tcr_18_4,C,A,T,K,6,92,OG1,C,9.50954
tcr_18_4,C,A,T,Y,6,91,OG1,O,8.967169
tcr_18_4,C,A,T,K,6,90,OG1,CG,9.525162
tcr_18_4,C,A,T,Q,6,94,OG1,CG,4.9948483
tcr_18_4,C,A,T,Q,6,94,OG1,OE1,2.7495966
tcr_18_4,C,A,T,Q,6,94,OG1,CD,3.5059404
tcr_18_4,C,A,T,Q,6,94,OG1,CB,5.5117645
tcr_18_4,C,A,T,Q,6,94,OG1,N,6.2044625
tcr_18_4,C,A,T,K,6,90,OG1,O,7.437325
tcr_18_4,C,A,T,Q,6,94,OG1,CA,5.4483814
tcr_18_4,C,A,T,R,6,93,OG1,C,6.549692
tcr_18_4,C,A,T,T,6,97,OG1,OG1,4.3653154
tcr_18_4,C,A,T,R,6,93,OG1,O,6.275734
tcr_18_4,C,A,T,R,6,93,OG1,NH2,7.9893947
tcr_18_4,C,A,T,R,6,93,OG1,NH1,7.968755
tcr_18_4,C,A,T,R,6,93,OG1,CD,6.918396
tcr_18_4,C,A,T,R,6,93,OG1,CZ,7.5306387
tcr_18_4,C,A,T,R,6,93,OG1,NE,6.9614987
tcr_18_4,C,A,T,R,6,93,OG1,CA,7.7077374
tcr_18_4,C,A,T,R,6,93,OG1,CG,6.803081
tcr_18_4,C,A,T,R,6,93,OG1,N,8.744834
tcr_18_4,C,A,T,R,6,93,OG1,CB,7.446715
tcr_18_4,C,A,T,Q,6,179,OG1,C,9.853334
tcr_18_4,C,A,T,R,6,180,OG1,N,9.423702
tcr_18_4,C,A,T,R,6,180,OG1,CG,7.4410405
tcr_18_4,C,A,T,R,6,180,OG1,CB,8.888652
tcr_18_4,C,A,T,R,6,180,OG1,NE,6.013062
tcr_18_4,C,A,T,R,6,180,OG1,CD,7.195189
tcr_18_4,C,A,T,W,6,157,OG1,CZ2,9.911777
tcr_18_4,C,A,T,R,6,180,OG1,CZ,5.6100783
tcr_18_4,C,A,T,W,6,157,OG1,CH2,9.430037
tcr_18_4,C,A,T,E,6,176,OG1,O,9.193235
tcr_18_4,C,A,T,Q,6,179,OG1,OE1,8.523986
tcr_18_4,C,A,T,Q,6,179,OG1,CD,9.133765
tcr_18_4,C,A,T,Q,6,179,OG1,NE2,9.321722
tcr_18_4,C,A,T,Q,6,179,OG1,CB,9.1956415
tcr_18_4,C,A,T,E,6,176,OG1,CA,9.236543
tcr_18_4,C,A,T,E,6,176,OG1,C,9.618336
tcr_18_4,C,A,T,E,6,176,OG1,OE2,6.59825
tcr_18_4,C,A,T,E,6,176,OG1,CB,8.519958
tcr_18_4,C,A,T,E,6,176,OG1,CG,7.1016936
tcr_18_4,C,A,T,E,6,176,OG1,OE1,5.0147467
tcr_18_4,C,A,T,E,6,176,OG1,CD,6.0950575
tcr_18_4,C,A,T,R,6,180,OG1,NH2,4.8350687
tcr_18_4,C,A,T,W,6,171,OG1,CG,8.965785
tcr_18_4,C,A,T,W,6,171,OG1,CD1,8.393347
tcr_18_4,C,A,T,W,6,171,OG1,CD2,8.377307
tcr_18_4,C,A,T,W,6,171,OG1,CE2,7.3598537
tcr_18_4,C,A,T,W,6,171,OG1,NE1,7.4045696
tcr_18_4,C,A,T,W,6,171,OG1,CE3,8.851262
tcr_18_4,C,A,T,S,6,33,OG1,CB,9.482112
tcr_18_4,C,A,T,S,6,33,OG1,OG,8.558129
tcr_18_4,C,A,T,W,6,121,OG1,CG,7.4113927
tcr_18_4,C,A,T,W,6,121,OG1,CB,8.166718
tcr_18_4,C,A,T,W,6,121,OG1,CA,9.672279
tcr_18_4,C,A,T,W,6,121,OG1,CD1,7.853917
tcr_18_4,C,A,T,S,6,140,OG1,OG,8.719206
tcr_18_4,C,A,T,S,6,140,OG1,CB,9.956317
tcr_18_4,C,A,T,F,6,46,OG1,CE2,8.657264
tcr_18_4,C,A,T,F,6,46,OG1,CE1,9.920193
tcr_18_4,C,A,T,F,6,46,OG1,CZ,8.853178
tcr_18_4,C,A,T,F,6,46,OG1,CD2,9.562326
tcr_18_4,C,A,T,D,6,98,OG1,CB,7.8525686
tcr_18_4,C,A,T,A,6,95,OG1,N,7.6620626
tcr_18_4,C,A,T,D,6,98,OG1,CA,7.496811
tcr_18_4,C,A,T,Q,6,94,OG1,NE2,3.4444592
tcr_18_4,C,A,T,D,6,98,OG1,OD1,5.856201
tcr_18_4,C,A,T,D,6,98,OG1,CG,7.0019503
tcr_18_4,C,A,T,Q,6,94,OG1,O,6.090472
tcr_18_4,C,A,T,D,6,98,OG1,OD2,7.7241707
tcr_18_4,C,A,T,Q,6,94,OG1,C,6.3658543
tcr_18_4,C,A,T,L,6,119,OG1,CD2,8.807238
tcr_18_4,C,A,T,L,6,119,OG1,CG,9.774803
tcr_18_4,C,A,T,A,6,95,OG1,C,8.832002
tcr_18_4,C,A,T,Q,6,96,OG1,N,8.666441
tcr_18_4,C,A,T,Q,6,96,OG1,CB,9.275229
tcr_18_4,C,A,T,A,6,95,OG1,CA,8.74626
tcr_18_4,C,A,T,K,6,92,OG1,O,9.480983
tcr_18_4,C,A,T,A,6,95,OG1,O,9.254898
tcr_18_4,C,A,T,T,6,97,OG1,CB,4.3599396
tcr_18_4,C,A,T,Q,6,96,OG1,C,8.024673
tcr_18_4,C,A,T,Q,6,96,OG1,O,8.646573
tcr_18_4,C,A,T,T,6,97,OG1,C,6.378981
tcr_18_4,C,A,T,T,6,97,OG1,O,6.9746785
tcr_18_4,C,A,T,D,6,98,OG1,N,6.608098
tcr_18_4,C,A,T,T,6,97,OG1,CG2,3.80098
tcr_18_4,C,A,T,T,6,97,OG1,CA,5.875219
tcr_18_4,C,A,T,Q,6,96,OG1,CA,8.957791
tcr_18_4,C,A,T,T,6,97,OG1,N,6.7009983
tcr_18_4,C,A,T,R,6,99,OG1,N,9.410439
tcr_18_4,C,A,T,D,6,98,OG1,C,8.872201
tcr_18_4,C,A,T,D,6,98,OG1,O,9.58318
tcr_18_4,C,A,T,S,6,101,OG1,CB,8.20183
tcr_18_4,C,A,T,W,6,171,OG1,CZ2,6.8234787
tcr_18_4,C,A,T,S,6,101,OG1,OG,7.0128875
tcr_18_4,C,A,T,W,6,171,OG1,CZ3,8.405742
tcr_18_4,C,A,T,W,6,171,OG1,CH2,7.4122515
tcr_18_4,C,A,T,S,6,101,OG1,CA,9.33247
tcr_18_4,C,A,T,K,6,170,OG1,NZ,9.851847
tcr_18_4,C,A,T,S,6,101,OG1,N,9.204829
tcr_18_4,C,A,T,V,6,100,OG1,CB,9.579327
tcr_18_4,C,A,T,Y,6,183,CG2,CB,8.167136
tcr_18_4,C,A,T,Y,6,183,CG2,CD2,8.482139
tcr_18_4,C,A,T,Y,6,183,CG2,CA,9.643808
tcr_18_4,C,A,T,Y,6,183,CG2,N,9.885672
tcr_18_4,C,A,T,Q,6,179,CG2,O,8.080465
tcr_18_4,C,A,T,Q,6,179,CG2,CG,8.613686
tcr_18_4,C,A,T,Q,6,179,CG2,CA,8.481508
tcr_18_4,C,A,T,Q,6,179,CG2,N,9.349922
tcr_18_4,C,A,T,L,6,184,CG2,CG,9.983176
tcr_18_4,C,A,T,F,6,123,CG2,CA,9.564256
tcr_18_4,C,A,T,F,6,123,CG2,N,9.816883
tcr_18_4,C,A,T,D,6,138,CG2,CA,9.438689
tcr_18_4,C,A,T,D,6,138,CG2,C,9.957177
tcr_18_4,C,A,T,Y,6,183,CG2,CE2,8.865306
tcr_18_4,C,A,T,Y,6,183,CG2,OH,9.590155
tcr_18_4,C,A,T,F,6,123,CG2,CE2,7.7099233
tcr_18_4,C,A,T,F,6,123,CG2,CZ,7.245424
tcr_18_4,C,A,T,F,6,123,CG2,CE1,6.901438
tcr_18_4,C,A,T,D,6,138,CG2,CB,8.499026
tcr_18_4,C,A,T,F,6,123,CG2,CD2,7.837288
tcr_18_4,C,A,T,Y,6,183,CG2,CZ,8.916524
tcr_18_4,C,A,T,Y,6,183,CG2,CD1,8.184598
tcr_18_4,C,A,T,Y,6,183,CG2,CE1,8.582507
tcr_18_4,C,A,T,R,6,180,CG2,CA,7.145769
tcr_18_4,C,A,T,Y,6,183,CG2,CG,8.133426
tcr_18_4,C,A,T,R,6,180,CG2,C,8.509933
tcr_18_4,C,A,T,F,6,123,CG2,CG,7.5245414
tcr_18_4,C,A,T,R,6,180,CG2,O,8.709141
tcr_18_4,C,A,T,D,6,138,CG2,OD2,6.1716437
tcr_18_4,C,A,T,F,6,123,CG2,CB,8.092133
tcr_18_4,C,A,T,D,6,138,CG2,CG,7.1201115
tcr_18_4,C,A,T,W,6,121,CG2,CH2,3.6380272
tcr_18_4,C,A,T,F,6,123,CG2,CD1,7.0489016
tcr_18_4,C,A,T,W,6,121,CG2,CZ2,4.134728
tcr_18_4,C,A,T,R,6,180,CG2,NH1,5.2176986
tcr_18_4,C,A,T,W,6,121,CG2,CZ3,4.3652062
tcr_18_4,C,A,T,W,6,121,CG2,NE1,6.1775527
tcr_18_4,C,A,T,W,6,121,CG2,CE3,5.3769307
tcr_18_4,C,A,T,W,6,121,CG2,CD2,5.7426825
tcr_18_4,C,A,T,W,6,121,CG2,CE2,5.186267
tcr_18_4,C,A,T,D,6,138,CG2,OD1,7.1520414
tcr_18_4,C,A,T,K,6,90,CG2,CB,8.829534
tcr_18_4,C,A,T,K,6,90,CG2,CA,9.088501
tcr_18_4,C,A,T,Y,6,91,CG2,N,9.88648
tcr_18_4,C,A,T,K,6,90,CG2,C,8.893306
tcr_18_4,C,A,T,K,6,90,CG2,CG,9.081251
tcr_18_4,C,A,T,Q,6,94,CG2,CG,5.992128
tcr_18_4,C,A,T,K,6,90,CG2,CE,9.958793
tcr_18_4,C,A,T,Q,6,94,CG2,OE1,3.722444
tcr_18_4,C,A,T,Q,6,94,CG2,CD,4.6701846
tcr_18_4,C,A,T,K,6,90,CG2,CD,9.241063
tcr_18_4,C,A,T,Q,6,94,CG2,CB,6.5585303
tcr_18_4,C,A,T,Q,6,94,CG2,N,7.6100054
tcr_18_4,C,A,T,K,6,90,CG2,O,8.046006
tcr_18_4,C,A,T,Q,6,94,CG2,CA,6.9474654
tcr_18_4,C,A,T,R,6,93,CG2,C,8.158913
tcr_18_4,C,A,T,T,6,97,CG2,OG1,6.6095552
tcr_18_4,C,A,T,R,6,93,CG2,O,8.151807
tcr_18_4,C,A,T,R,6,93,CG2,NH2,8.802725
tcr_18_4,C,A,T,R,6,93,CG2,NH1,8.371538
tcr_18_4,C,A,T,R,6,93,CG2,CD,7.866652
tcr_18_4,C,A,T,R,6,93,CG2,CZ,8.277275
tcr_18_4,C,A,T,R,6,93,CG2,NE,7.9795895
tcr_18_4,C,A,T,R,6,93,CG2,CA,9.15163
tcr_18_4,C,A,T,R,6,93,CG2,CG,8.107371
tcr_18_4,C,A,T,R,6,93,CG2,CB,8.628522
tcr_18_4,C,A,T,A,6,177,CG2,CA,9.867227
tcr_18_4,C,A,T,R,6,181,CG2,N,9.588669
tcr_18_4,C,A,T,Q,6,179,CG2,C,7.8306985
tcr_18_4,C,A,T,R,6,180,CG2,N,7.381731
tcr_18_4,C,A,T,R,6,180,CG2,CG,5.4625025
tcr_18_4,C,A,T,A,6,177,CG2,N,9.38712
tcr_18_4,C,A,T,R,6,180,CG2,CB,6.800374
tcr_18_4,C,A,T,R,6,180,CG2,NE,4.5699296
tcr_18_4,C,A,T,R,6,180,CG2,CD,5.43609
tcr_18_4,C,A,T,W,6,157,CG2,CZ2,8.785897
tcr_18_4,C,A,T,R,6,180,CG2,CZ,4.520866
tcr_18_4,C,A,T,W,6,157,CG2,CZ3,9.126091
tcr_18_4,C,A,T,W,6,157,CG2,CH2,8.240594
tcr_18_4,C,A,T,E,6,176,CG2,O,7.672749
tcr_18_4,C,A,T,Q,6,179,CG2,OE1,7.6114793
tcr_18_4,C,A,T,Q,6,179,CG2,CD,8.115125
tcr_18_4,C,A,T,Q,6,179,CG2,NE2,8.513503
tcr_18_4,C,A,T,Q,6,179,CG2,CB,7.601423
tcr_18_4,C,A,T,E,6,176,CG2,CA,8.274621
tcr_18_4,C,A,T,E,6,176,CG2,N,9.672963
tcr_18_4,C,A,T,E,6,176,CG2,C,8.321525
tcr_18_4,C,A,T,E,6,176,CG2,OE2,6.21362
tcr_18_4,C,A,T,E,6,176,CG2,CB,7.815116
tcr_18_4,C,A,T,E,6,176,CG2,CG,6.3460374
tcr_18_4,C,A,T,E,6,176,CG2,OE1,4.2199225
tcr_18_4,C,A,T,E,6,176,CG2,CD,5.4614234
tcr_18_4,C,A,T,R,6,180,CG2,NH2,4.280677
tcr_18_4,C,A,T,W,6,171,CG2,CG,9.0218725
tcr_18_4,C,A,T,W,6,171,CG2,CD1,8.761326
tcr_18_4,C,A,T,W,6,171,CG2,CD2,8.376476
tcr_18_4,C,A,T,W,6,171,CG2,CE2,7.6831765
tcr_18_4,C,A,T,W,6,171,CG2,NE1,7.9671464
tcr_18_4,C,A,T,W,6,171,CG2,CE3,8.582793
tcr_18_4,C,A,T,S,6,33,CG2,CB,9.675558
tcr_18_4,C,A,T,S,6,33,CG2,OG,8.818335
tcr_18_4,C,A,T,W,6,121,CG2,C,9.883347
tcr_18_4,C,A,T,W,6,121,CG2,CG,6.975145
tcr_18_4,C,A,T,W,6,121,CG2,CB,8.07874
tcr_18_4,C,A,T,W,6,121,CG2,CA,9.48544
tcr_18_4,C,A,T,W,6,121,CG2,CD1,7.1524916
tcr_18_4,C,A,T,S,6,140,CG2,OG,8.609945
tcr_18_4,C,A,T,S,6,140,CG2,CB,9.978769
tcr_18_4,C,A,T,F,6,46,CG2,CE2,9.608929
tcr_18_4,C,A,T,F,6,46,CG2,CZ,9.592373
tcr_18_4,C,A,T,D,6,98,CG2,CB,9.694035
tcr_18_4,C,A,T,A,6,95,CG2,N,9.28861
tcr_18_4,C,A,T,D,6,98,CG2,CA,9.53896
tcr_18_4,C,A,T,Q,6,94,CG2,NE2,4.8808093
tcr_18_4,C,A,T,D,6,98,CG2,OD1,7.484422
tcr_18_4,C,A,T,D,6,98,CG2,CG,8.611255
tcr_18_4,C,A,T,Q,6,94,CG2,O,7.9799795
tcr_18_4,C,A,T,D,6,98,CG2,OD2,9.098187
tcr_18_4,C,A,T,Q,6,94,CG2,C,8.064525
tcr_18_4,C,A,T,T,6,97,CG2,CB,6.7049184
tcr_18_4,C,A,T,T,6,97,CG2,C,8.678091
tcr_18_4,C,A,T,T,6,97,CG2,O,9.266474
tcr_18_4,C,A,T,D,6,98,CG2,N,8.781956
tcr_18_4,C,A,T,T,6,97,CG2,CG2,6.151235
tcr_18_4,C,A,T,T,6,97,CG2,CA,8.224766
tcr_18_4,C,A,T,T,6,97,CG2,N,8.970727
tcr_18_4,C,A,T,W,6,171,CG2,CZ2,7.1869326
tcr_18_4,C,A,T,S,6,101,CG2,OG,8.934466
tcr_18_4,C,A,T,W,6,171,CG2,CZ3,8.138401
tcr_18_4,C,A,T,W,6,171,CG2,CH2,7.439005
tcr_18_4,C,A,S,Q,7,179,N,O,9.646827
tcr_18_4,C,A,S,Q,7,179,N,CG,7.833159
tcr_18_4,C,A,S,Q,7,179,N,CA,8.848534
tcr_18_4,C,A,S,Q,7,179,N,N,9.3284235
tcr_18_4,C,A,S,R,7,180,N,CA,8.976222
tcr_18_4,C,A,S,D,7,138,N,OD2,8.83011
tcr_18_4,C,A,S,D,7,138,N,CG,9.650008
tcr_18_4,C,A,S,W,7,121,N,CH2,7.865698
tcr_18_4,C,A,S,W,7,121,N,CZ2,8.051642
tcr_18_4,C,A,S,R,7,180,N,NH1,6.811248
tcr_18_4,C,A,S,W,7,121,N,CZ3,8.3526325
tcr_18_4,C,A,S,W,7,121,N,NE1,9.304206
tcr_18_4,C,A,S,W,7,121,N,CE3,8.988738
tcr_18_4,C,A,S,W,7,121,N,CD2,9.161926
tcr_18_4,C,A,S,W,7,121,N,CE2,8.707152
tcr_18_4,C,A,S,D,7,138,N,OD1,9.463672
tcr_18_4,C,A,S,Q,7,94,N,CG,8.679317
tcr_18_4,C,A,S,Q,7,94,N,OE1,6.4918804
tcr_18_4,C,A,S,Q,7,94,N,CD,7.181791
tcr_18_4,C,A,S,Q,7,94,N,CB,9.111961
tcr_18_4,C,A,S,Q,7,94,N,N,9.271803
tcr_18_4,C,A,S,Q,7,94,N,CA,8.740074
tcr_18_4,C,A,S,R,7,93,N,C,9.203306
tcr_18_4,C,A,S,T,7,97,N,OG1,5.958268
tcr_18_4,C,A,S,R,7,93,N,O,8.646122
tcr_18_4,C,A,S,R,7,93,N,NH2,7.7107882
tcr_18_4,C,A,S,R,7,93,N,NH1,8.429701
tcr_18_4,C,A,S,R,7,93,N,CD,8.37754
tcr_18_4,C,A,S,R,7,93,N,CZ,7.8519573
tcr_18_4,C,A,S,R,7,93,N,NE,7.733034
tcr_18_4,C,A,S,R,7,93,N,CG,8.574454
tcr_18_4,C,A,S,R,7,93,N,CB,9.699396
tcr_18_4,C,A,S,A,7,177,N,CA,9.556013
tcr_18_4,C,A,S,Q,7,179,N,C,8.929527
tcr_18_4,C,A,S,R,7,180,N,N,8.539091
tcr_18_4,C,A,S,R,7,180,N,CG,7.0321913
tcr_18_4,C,A,S,A,7,177,N,N,8.49078
tcr_18_4,C,A,S,R,7,180,N,CB,8.529937
tcr_18_4,C,A,S,R,7,180,N,NE,5.6538095
tcr_18_4,C,A,S,W,7,157,N,CE2,9.44085
tcr_18_4,C,A,S,R,7,180,N,CD,6.9562993
tcr_18_4,C,A,S,W,7,157,N,CZ2,8.436156
tcr_18_4,C,A,S,R,7,180,N,CZ,5.644283
tcr_18_4,C,A,S,W,7,157,N,CZ3,9.503954
tcr_18_4,C,A,S,W,7,157,N,CH2,8.486727
tcr_18_4,C,A,S,E,7,176,N,O,7.2834477
tcr_18_4,C,A,S,R,7,175,N,C,8.44989
tcr_18_4,C,A,S,A,7,174,N,O,7.9962835
tcr_18_4,C,A,S,Q,7,179,N,OE1,6.318426
tcr_18_4,C,A,S,Q,7,179,N,CD,6.7177634
tcr_18_4,C,A,S,Q,7,179,N,NE2,6.4693484
tcr_18_4,C,A,S,Q,7,179,N,CB,7.5233393
tcr_18_4,C,A,S,R,7,175,N,O,8.654138
tcr_18_4,C,A,S,E,7,176,N,CA,6.494419
tcr_18_4,C,A,S,E,7,176,N,N,7.511162
tcr_18_4,C,A,S,E,7,176,N,C,7.360683
tcr_18_4,C,A,S,E,7,176,N,OE2,3.3985946
tcr_18_4,C,A,S,E,7,176,N,CB,5.73152
tcr_18_4,C,A,S,E,7,176,N,CG,4.685444
tcr_18_4,C,A,S,E,7,176,N,OE1,2.9847496
tcr_18_4,C,A,S,E,7,176,N,CD,3.4341528
tcr_18_4,C,A,S,R,7,180,N,NH2,4.6948156
tcr_18_4,C,A,S,W,7,171,N,CG,6.451459
tcr_18_4,C,A,S,W,7,171,N,CD1,5.6742635
tcr_18_4,C,A,S,W,7,171,N,CD2,6.439328
tcr_18_4,C,A,S,W,7,171,N,CE2,5.6292753
tcr_18_4,C,A,S,W,7,171,N,NE1,5.12482
tcr_18_4,C,A,S,W,7,171,N,CE3,7.349965
tcr_18_4,C,A,S,E,7,172,N,N,9.990797
tcr_18_4,C,A,S,W,7,157,N,NE1,9.943639
tcr_18_4,C,A,S,W,7,171,N,CB,7.465364
tcr_18_4,C,A,S,A,7,174,N,CB,7.020173
tcr_18_4,C,A,S,A,7,174,N,N,9.283794
tcr_18_4,C,A,S,R,7,175,N,CA,9.546337
tcr_18_4,C,A,S,A,7,174,N,CA,8.3774
tcr_18_4,C,A,S,A,7,174,N,C,8.423404
tcr_18_4,C,A,S,R,7,175,N,N,9.193126
tcr_18_4,C,A,S,W,7,171,N,O,8.461932
tcr_18_4,C,A,S,W,7,171,N,CA,7.71886
tcr_18_4,C,A,S,W,7,171,N,C,8.713193
tcr_18_4,C,A,S,K,7,170,N,C,8.769881
tcr_18_4,C,A,S,K,7,170,N,O,8.610618
tcr_18_4,C,A,S,K,7,170,N,CA,9.757277
tcr_18_4,C,A,S,W,7,171,N,N,8.413639
tcr_18_4,C,A,S,D,7,98,N,CA,9.568841
tcr_18_4,C,A,S,Q,7,94,N,NE2,6.825745
tcr_18_4,C,A,S,D,7,98,N,OD1,8.617728
tcr_18_4,C,A,S,D,7,98,N,CG,9.819957
tcr_18_4,C,A,S,Q,7,94,N,O,9.042563
tcr_18_4,C,A,S,Q,7,94,N,C,9.512515
tcr_18_4,C,A,S,T,7,97,N,CB,6.147453
tcr_18_4,C,A,S,Q,7,96,N,C,9.700335
tcr_18_4,C,A,S,Q,7,96,N,O,9.981585
tcr_18_4,C,A,S,T,7,97,N,C,7.943759
tcr_18_4,C,A,S,T,7,97,N,O,8.040755
tcr_18_4,C,A,S,D,7,98,N,N,8.682823
tcr_18_4,C,A,S,T,7,97,N,CG2,4.963437
tcr_18_4,C,A,S,T,7,97,N,CA,7.382644
tcr_18_4,C,A,S,T,7,97,N,N,8.524602
tcr_18_4,C,A,S,S,7,101,N,CB,8.871058
tcr_18_4,C,A,S,W,7,171,N,CZ2,5.862823
tcr_18_4,C,A,S,S,7,101,N,OG,7.469115
tcr_18_4,C,A,S,W,7,171,N,CZ3,7.522839
tcr_18_4,C,A,S,T,7,167,N,CG2,8.809089
tcr_18_4,C,A,S,W,7,171,N,CH2,6.8436313
tcr_18_4,C,A,S,S,7,101,N,CA,9.670959
tcr_18_4,C,A,S,K,7,170,N,NZ,7.5475316
tcr_18_4,C,A,S,K,7,170,N,CE,7.431353
tcr_18_4,C,A,S,S,7,101,N,N,9.619971
tcr_18_4,C,A,S,V,7,100,N,CG1,9.5877695
tcr_18_4,C,A,S,V,7,100,N,CB,9.554346
tcr_18_4,C,A,S,K,7,170,N,CD,8.158293
tcr_18_4,C,A,S,T,7,167,N,O,9.363992
tcr_18_4,C,A,S,K,7,170,N,CG,8.336582
tcr_18_4,C,A,S,K,7,170,N,CB,9.260799
tcr_18_4,C,A,S,Q,7,179,CA,CG,8.6941595
tcr_18_4,C,A,S,Q,7,179,CA,CA,9.909259
tcr_18_4,C,A,S,D,7,138,CA,OD2,9.892174
tcr_18_4,C,A,S,W,7,121,CA,CH2,9.050802
tcr_18_4,C,A,S,W,7,121,CA,CZ2,9.198403
tcr_18_4,C,A,S,R,7,180,CA,NH1,7.6180778
tcr_18_4,C,A,S,W,7,121,CA,CZ3,9.425808
tcr_18_4,C,A,S,W,7,121,CA,CE3,9.929688
tcr_18_4,C,A,S,W,7,121,CA,CE2,9.711113
tcr_18_4,C,A,S,Q,7,94,CA,CG,9.4141035
tcr_18_4,C,A,S,Q,7,94,CA,OE1,7.4009094
tcr_18_4,C,A,S,Q,7,94,CA,CD,7.939417
tcr_18_4,C,A,S,Q,7,94,CA,CB,9.856776
tcr_18_4,C,A,S,Q,7,94,CA,N,9.860708
tcr_18_4,C,A,S,Q,7,94,CA,CA,9.31414
tcr_18_4,C,A,S,R,7,93,CA,C,9.655943
tcr_18_4,C,A,S,T,7,97,CA,OG1,6.0469556
tcr_18_4,C,A,S,R,7,93,CA,O,8.936443
tcr_18_4,C,A,S,R,7,93,CA,NH2,8.118542
tcr_18_4,C,A,S,R,7,93,CA,NH1,9.1560755
tcr_18_4,C,A,S,R,7,93,CA,CD,9.025847
tcr_18_4,C,A,S,R,7,93,CA,CZ,8.4198065
tcr_18_4,C,A,S,R,7,93,CA,NE,8.260254
tcr_18_4,C,A,S,R,7,93,CA,CG,9.092395
tcr_18_4,C,A,S,R,7,180,CA,N,9.695097
tcr_18_4,C,A,S,R,7,180,CA,CG,8.181297
tcr_18_4,C,A,S,A,7,177,CA,N,9.022383
tcr_18_4,C,A,S,R,7,180,CA,CB,9.669476
tcr_18_4,C,A,S,R,7,180,CA,NE,6.6307154
tcr_18_4,C,A,S,W,7,157,CA,CE2,9.72574
tcr_18_4,C,A,S,R,7,180,CA,CD,7.9868455
tcr_18_4,C,A,S,W,7,157,CA,CZ2,8.885577
tcr_18_4,C,A,S,R,7,180,CA,CZ,6.4971805
tcr_18_4,C,A,S,W,7,157,CA,CZ3,9.97664
tcr_18_4,C,A,S,W,7,157,CA,CH2,9.03756
tcr_18_4,C,A,S,E,7,176,CA,O,8.103132
tcr_18_4,C,A,S,R,7,175,CA,C,8.722815
tcr_18_4,C,A,S,A,7,174,CA,O,7.9363494
tcr_18_4,C,A,S,Q,7,179,CA,OE1,7.145955
tcr_18_4,C,A,S,Q,7,179,CA,CD,7.474985
tcr_18_4,C,A,S,Q,7,179,CA,NE2,7.0062995
tcr_18_4,C,A,S,Q,7,179,CA,CB,8.558829
tcr_18_4,C,A,S,R,7,175,CA,O,9.105776
tcr_18_4,C,A,S,E,7,176,CA,CA,6.9200506
tcr_18_4,C,A,S,E,7,176,CA,N,7.735425
tcr_18_4,C,A,S,E,7,176,CA,C,7.979322
tcr_18_4,C,A,S,E,7,176,CA,OE2,3.8610706
tcr_18_4,C,A,S,E,7,176,CA,CB,5.9989996
tcr_18_4,C,A,S,E,7,176,CA,CG,5.187817
tcr_18_4,C,A,S,E,7,176,CA,OE1,4.0491395
tcr_18_4,C,A,S,E,7,176,CA,CD,4.1372757
tcr_18_4,C,A,S,R,7,180,CA,NH2,5.415323
tcr_18_4,C,A,S,W,7,171,CA,CG,6.0581613
tcr_18_4,C,A,S,W,7,171,CA,CD1,5.0431824
tcr_18_4,C,A,S,W,7,171,CA,CD2,6.223069
tcr_18_4,C,A,S,W,7,171,CA,CE2,5.3206005
tcr_18_4,C,A,S,W,7,171,CA,NE1,4.5160575
tcr_18_4,C,A,S,W,7,171,CA,CE3,7.3336887
tcr_18_4,C,A,S,E,7,172,CA,N,9.574795
tcr_18_4,C,A,S,W,7,171,CA,CB,7.125192
tcr_18_4,C,A,S,A,7,174,CA,CB,6.4519963
tcr_18_4,C,A,S,A,7,174,CA,N,8.727177
tcr_18_4,C,A,S,R,7,175,CA,CA,9.63987
tcr_18_4,C,A,S,A,7,174,CA,CA,7.916814
tcr_18_4,C,A,S,A,7,174,CA,C,8.227465
tcr_18_4,C,A,S,R,7,175,CA,N,9.071282
tcr_18_4,C,A,S,A,7,173,CA,C,9.993239
tcr_18_4,C,A,S,W,7,171,CA,O,8.212795
tcr_18_4,C,A,S,W,7,171,CA,CA,7.2184587
tcr_18_4,C,A,S,W,7,171,CA,C,8.33828
tcr_18_4,C,A,S,K,7,170,CA,C,7.9005485
tcr_18_4,C,A,S,K,7,170,CA,O,7.7555346
tcr_18_4,C,A,S,K,7,170,CA,CA,8.749596
tcr_18_4,C,A,S,W,7,171,CA,N,7.6935225
tcr_18_4,C,A,S,D,7,98,CA,CA,9.381264
tcr_18_4,C,A,S,Q,7,94,CA,NE2,7.4216037
tcr_18_4,C,A,S,D,7,98,CA,OD1,8.823607
tcr_18_4,C,A,S,D,7,98,CA,CG,9.991102
tcr_18_4,C,A,S,Q,7,94,CA,O,9.3031025
tcr_18_4,C,A,S,Q,7,94,CA,C,9.9048195
tcr_18_4,C,A,S,V,7,100,CA,CG2,9.230736
tcr_18_4,C,A,S,T,7,97,CA,CB,6.1364727
tcr_18_4,C,A,S,Q,7,96,CA,C,9.452572
tcr_18_4,C,A,S,Q,7,96,CA,O,9.560409
tcr_18_4,C,A,S,T,7,97,CA,C,7.633585
tcr_18_4,C,A,S,T,7,97,CA,O,7.5265746
tcr_18_4,C,A,S,D,7,98,CA,N,8.530506
tcr_18_4,C,A,S,T,7,97,CA,CG2,4.8210063
tcr_18_4,C,A,S,T,7,97,CA,CA,7.1431785
tcr_18_4,C,A,S,T,7,97,CA,N,8.3889885
tcr_18_4,C,A,S,V,7,100,CA,CA,9.705655
tcr_18_4,C,A,S,S,7,101,CA,CB,8.263817
tcr_18_4,C,A,S,W,7,171,CA,CZ2,5.7266855
tcr_18_4,C,A,S,S,7,101,CA,OG,6.8526483
tcr_18_4,C,A,S,T,7,167,CA,OG1,9.704416
tcr_18_4,C,A,S,W,7,171,CA,CZ3,7.624583
tcr_18_4,C,A,S,T,7,167,CA,CB,9.429172
tcr_18_4,C,A,S,T,7,167,CA,CG2,8.1780815
tcr_18_4,C,A,S,W,7,171,CA,CH2,6.9076176
tcr_18_4,C,A,S,S,7,101,CA,CA,8.880442
tcr_18_4,C,A,S,K,7,170,CA,NZ,6.133176
tcr_18_4,C,A,S,K,7,170,CA,CE,6.018913
tcr_18_4,C,A,S,S,7,101,CA,N,8.81257
tcr_18_4,C,A,S,V,7,100,CA,CG1,8.469997
tcr_18_4,C,A,S,V,7,100,CA,CB,8.611786
tcr_18_4,C,A,S,K,7,170,CA,CD,6.840701
tcr_18_4,C,A,S,N,7,104,CA,ND2,8.893156
tcr_18_4,C,A,S,V,7,100,CA,C,9.500493
tcr_18_4,C,A,S,T,7,167,CA,CA,9.53182
tcr_18_4,C,A,S,T,7,167,CA,O,8.621337
tcr_18_4,C,A,S,K,7,170,CA,CG,7.1037436
tcr_18_4,C,A,S,T,7,167,CA,C,9.493715
tcr_18_4,C,A,S,K,7,170,CA,CB,8.138648
tcr_18_4,C,A,S,K,7,170,CA,N,9.88846
tcr_18_4,C,A,S,D,7,138,C,OD2,9.858943
tcr_18_4,C,A,S,W,7,121,C,CH2,8.835906
tcr_18_4,C,A,S,W,7,121,C,CZ2,8.948304
tcr_18_4,C,A,S,R,7,180,C,NH1,7.3136263
tcr_18_4,C,A,S,W,7,121,C,CZ3,9.040854
tcr_18_4,C,A,S,W,7,121,C,NE1,9.705352
tcr_18_4,C,A,S,W,7,121,C,CE3,9.350782
tcr_18_4,C,A,S,W,7,121,C,CD2,9.4579935
tcr_18_4,C,A,S,W,7,121,C,CE2,9.256141
tcr_18_4,C,A,S,D,7,138,C,OD1,9.967982
tcr_18_4,C,A,S,Q,7,94,C,CG,8.831161
tcr_18_4,C,A,S,Q,7,94,C,OE1,7.068993
tcr_18_4,C,A,S,Q,7,94,C,CD,7.3831797
tcr_18_4,C,A,S,Q,7,94,C,CB,9.420742
tcr_18_4,C,A,S,Q,7,94,C,N,9.575585
tcr_18_4,C,A,S,Q,7,94,C,CA,8.85772
tcr_18_4,C,A,S,R,7,93,C,C,9.422001
tcr_18_4,C,A,S,T,7,97,C,OG1,5.6629624
tcr_18_4,C,A,S,R,7,93,C,O,8.617583
tcr_18_4,C,A,S,R,7,93,C,NH2,9.040741
tcr_18_4,C,A,S,R,7,93,C,CD,9.499233
tcr_18_4,C,A,S,R,7,93,C,CZ,9.237868
tcr_18_4,C,A,S,R,7,93,C,NE,8.878974
tcr_18_4,C,A,S,R,7,93,C,CG,9.3318205
tcr_18_4,C,A,S,R,7,180,C,CG,8.68742
tcr_18_4,C,A,S,A,7,177,C,N,9.739116
tcr_18_4,C,A,S,R,7,180,C,NE,6.793009
tcr_18_4,C,A,S,W,7,157,C,CE2,9.811181
tcr_18_4,C,A,S,R,7,180,C,CD,8.237312
tcr_18_4,C,A,S,W,7,157,C,CZ2,9.027253
tcr_18_4,C,A,S,R,7,180,C,CZ,6.361538
tcr_18_4,C,A,S,W,7,157,C,CZ3,9.789414
tcr_18_4,C,A,S,W,7,157,C,CH2,9.02771
tcr_18_4,C,A,S,E,7,176,C,O,8.971707
tcr_18_4,C,A,S,R,7,175,C,C,9.776705
tcr_18_4,C,A,S,A,7,174,C,O,9.171244
tcr_18_4,C,A,S,Q,7,179,C,OE1,8.586234
tcr_18_4,C,A,S,Q,7,179,C,CD,8.884392
tcr_18_4,C,A,S,Q,7,179,C,NE2,8.413786
tcr_18_4,C,A,S,Q,7,179,C,CB,9.770845
tcr_18_4,C,A,S,E,7,176,C,CA,7.836697
tcr_18_4,C,A,S,E,7,176,C,N,8.685632
tcr_18_4,C,A,S,E,7,176,C,C,8.806219
tcr_18_4,C,A,S,E,7,176,C,OE2,5.0087876
tcr_18_4,C,A,S,E,7,176,C,CB,6.7101192
tcr_18_4,C,A,S,E,7,176,C,CG,5.7947426
tcr_18_4,C,A,S,E,7,176,C,OE1,4.832742
tcr_18_4,C,A,S,E,7,176,C,CD,5.019474
tcr_18_4,C,A,S,R,7,180,C,NH2,5.1337576
tcr_18_4,C,A,S,W,7,171,C,CG,5.9205213
tcr_18_4,C,A,S,W,7,171,C,CD1,4.853298
tcr_18_4,C,A,S,W,7,171,C,CD2,5.854522
tcr_18_4,C,A,S,W,7,171,C,CE2,4.6984735
tcr_18_4,C,A,S,W,7,171,C,NE1,3.9712605
tcr_18_4,C,A,S,W,7,171,C,CE3,6.9420695
tcr_18_4,C,A,S,E,7,172,C,N,9.916229
tcr_18_4,C,A,S,W,7,171,C,CB,7.1988897
tcr_18_4,C,A,S,A,7,174,C,CB,7.4161844
tcr_18_4,C,A,S,A,7,174,C,N,9.547523
tcr_18_4,C,A,S,A,7,174,C,CA,8.914949
tcr_18_4,C,A,S,A,7,174,C,C,9.327849
tcr_18_4,C,A,S,W,7,171,C,O,8.837141
tcr_18_4,C,A,S,W,7,171,C,CA,7.4731317
tcr_18_4,C,A,S,W,7,171,C,C,8.762657
tcr_18_4,C,A,S,K,7,170,C,C,8.043461
tcr_18_4,C,A,S,K,7,170,C,O,8.115702
tcr_18_4,C,A,S,K,7,170,C,CA,8.70218
tcr_18_4,C,A,S,W,7,171,C,N,7.768695
tcr_18_4,C,A,S,S,7,140,C,OG,9.422195
tcr_18_4,C,A,S,I,7,148,C,CG2,9.706805
tcr_18_4,C,A,S,D,7,98,C,CB,9.173703
tcr_18_4,C,A,S,D,7,98,C,CA,8.124831
tcr_18_4,C,A,S,Q,7,94,C,NE2,6.655482
tcr_18_4,C,A,S,D,7,98,C,OD1,7.687019
tcr_18_4,C,A,S,D,7,98,C,CG,8.837021
tcr_18_4,C,A,S,Q,7,94,C,O,8.502202
tcr_18_4,C,A,S,D,7,98,C,OD2,9.903736
tcr_18_4,C,A,S,Q,7,94,C,C,9.248899
tcr_18_4,C,A,S,L,7,119,C,CD2,9.026647
tcr_18_4,C,A,S,V,7,100,C,CG2,8.37474
tcr_18_4,C,A,S,T,7,97,C,CB,5.4135275
tcr_18_4,C,A,S,Q,7,96,C,C,8.682577
tcr_18_4,C,A,S,Q,7,96,C,O,8.694783
tcr_18_4,C,A,S,T,7,97,C,C,6.532342
tcr_18_4,C,A,S,T,7,97,C,O,6.3103566
tcr_18_4,C,A,S,D,7,98,C,N,7.408276
tcr_18_4,C,A,S,T,7,97,C,CG2,3.9427168
tcr_18_4,C,A,S,T,7,97,C,CA,6.2931595
tcr_18_4,C,A,S,T,7,97,C,N,7.6561303
tcr_18_4,C,A,S,V,7,100,C,CA,8.531999
tcr_18_4,C,A,S,V,7,100,C,N,8.9437895
tcr_18_4,C,A,S,R,7,99,C,N,9.61444
tcr_18_4,C,A,S,D,7,98,C,C,9.012159
tcr_18_4,C,A,S,D,7,98,C,O,9.32467
tcr_18_4,C,A,S,S,7,101,C,CB,6.753732
tcr_18_4,C,A,S,W,7,171,C,CZ2,4.8749485
tcr_18_4,C,A,S,S,7,101,C,OG,5.347812
tcr_18_4,C,A,S,T,7,167,C,OG1,8.604815
tcr_18_4,C,A,S,W,7,171,C,CZ3,7.052647
tcr_18_4,C,A,S,T,7,167,C,CB,8.479933
tcr_18_4,C,A,S,T,7,167,C,CG2,7.2344837
tcr_18_4,C,A,S,W,7,171,C,CH2,6.135486
tcr_18_4,C,A,S,S,7,101,C,C,8.878153
tcr_18_4,C,A,S,S,7,101,C,O,9.396784
tcr_18_4,C,A,S,S,7,101,C,CA,7.406013
tcr_18_4,C,A,S,Y,7,108,C,OH,9.460006
tcr_18_4,C,A,S,K,7,170,C,NZ,5.416582
tcr_18_4,C,A,S,K,7,170,C,CE,5.6068482
tcr_18_4,C,A,S,S,7,101,C,N,7.4257507
tcr_18_4,C,A,S,V,7,100,C,CG1,7.4870644
tcr_18_4,C,A,S,V,7,100,C,CB,7.5767274
tcr_18_4,C,A,S,K,7,170,C,CD,6.369788
tcr_18_4,C,A,S,N,7,104,C,ND2,7.767798
tcr_18_4,C,A,S,V,7,100,C,C,8.194345
tcr_18_4,C,A,S,N,7,104,C,CG,8.972912
tcr_18_4,C,A,S,V,7,100,C,O,8.918201
tcr_18_4,C,A,S,N,7,104,C,CB,9.405796
tcr_18_4,C,A,S,N,7,104,C,OD1,9.834312
tcr_18_4,C,A,S,L,7,102,C,N,9.727418
tcr_18_4,C,A,S,T,7,167,C,CA,8.744487
tcr_18_4,C,A,S,T,7,167,C,O,8.183059
tcr_18_4,C,A,S,K,7,170,C,CG,6.9173245
tcr_18_4,C,A,S,T,7,167,C,C,8.904017
tcr_18_4,C,A,S,K,7,170,C,CB,7.875241
tcr_18_4,C,A,S,K,7,170,C,N,9.749291
tcr_18_4,C,A,S,D,7,138,O,OD2,8.878129
tcr_18_4,C,A,S,D,7,138,O,CG,9.381269
tcr_18_4,C,A,S,W,7,121,O,CH2,8.021922
tcr_18_4,C,A,S,W,7,121,O,CZ2,8.018727
tcr_18_4,C,A,S,R,7,180,O,NH1,6.227245
tcr_18_4,C,A,S,W,7,121,O,CZ3,8.233202
tcr_18_4,C,A,S,W,7,121,O,NE1,8.591446
tcr_18_4,C,A,S,W,7,121,O,CE3,8.437569
tcr_18_4,C,A,S,W,7,121,O,CD2,8.432229
tcr_18_4,C,A,S,W,7,121,O,CE2,8.221203
tcr_18_4,C,A,S,D,7,138,O,OD1,8.845535
tcr_18_4,C,A,S,Q,7,94,O,CG,8.361777
tcr_18_4,C,A,S,Q,7,94,O,OE1,6.661353
tcr_18_4,C,A,S,Q,7,94,O,CD,6.893386
tcr_18_4,C,A,S,Q,7,94,O,CB,9.127246
tcr_18_4,C,A,S,Q,7,94,O,N,9.594895
tcr_18_4,C,A,S,Q,7,94,O,CA,8.72916
tcr_18_4,C,A,S,R,7,93,O,C,9.604033
tcr_18_4,C,A,S,T,7,97,O,OG1,6.020873
tcr_18_4,C,A,S,R,7,93,O,O,8.866315
tcr_18_4,C,A,S,R,7,93,O,NH2,9.842363
tcr_18_4,C,A,S,R,7,93,O,CD,9.980752
tcr_18_4,C,A,S,R,7,93,O,CZ,9.915974
tcr_18_4,C,A,S,R,7,93,O,NE,9.508409
tcr_18_4,C,A,S,R,7,93,O,CG,9.78143
tcr_18_4,C,A,S,R,7,180,O,CG,8.048558
tcr_18_4,C,A,S,A,7,177,O,N,9.383321
tcr_18_4,C,A,S,R,7,180,O,CB,9.5625105
tcr_18_4,C,A,S,R,7,180,O,NE,5.962624
tcr_18_4,C,A,S,W,7,157,O,CE2,9.087535
tcr_18_4,C,A,S,R,7,180,O,CD,7.4314294
tcr_18_4,C,A,S,W,7,157,O,CZ2,8.27475
tcr_18_4,C,A,S,W,7,157,O,CD2,9.728111
tcr_18_4,C,A,S,R,7,180,O,CZ,5.3700676
tcr_18_4,C,A,S,W,7,157,O,CZ3,8.814016
tcr_18_4,C,A,S,W,7,157,O,CE3,9.586126
tcr_18_4,C,A,S,W,7,157,O,CH2,8.136966
tcr_18_4,C,A,S,E,7,176,O,O,8.663676
tcr_18_4,C,A,S,R,7,175,O,C,9.83223
tcr_18_4,C,A,S,A,7,174,O,O,9.600885
tcr_18_4,C,A,S,Q,7,179,O,OE1,8.953681
tcr_18_4,C,A,S,Q,7,179,O,CD,9.181606
tcr_18_4,C,A,S,Q,7,179,O,NE2,8.760713
tcr_18_4,C,A,S,Q,7,179,O,CB,9.765381
tcr_18_4,C,A,S,E,7,176,O,CA,7.7161
tcr_18_4,C,A,S,E,7,176,O,N,8.676148
tcr_18_4,C,A,S,E,7,176,O,C,8.522639
tcr_18_4,C,A,S,E,7,176,O,OE2,5.146452
tcr_18_4,C,A,S,E,7,176,O,CB,6.498035
tcr_18_4,C,A,S,E,7,176,O,CG,5.4264393
tcr_18_4,C,A,S,E,7,176,O,OE1,4.557974
tcr_18_4,C,A,S,E,7,176,O,CD,4.8594975
tcr_18_4,C,A,S,R,7,180,O,NH2,4.0994487
tcr_18_4,C,A,S,W,7,171,O,CG,5.4803157
tcr_18_4,C,A,S,W,7,171,O,CD1,4.5880365
tcr_18_4,C,A,S,W,7,171,O,CD2,5.136176
tcr_18_4,C,A,S,W,7,171,O,CE2,3.8951547
tcr_18_4,C,A,S,W,7,171,O,NE1,3.4860651
tcr_18_4,C,A,S,W,7,171,O,CE3,6.079209
tcr_18_4,C,A,S,E,7,172,O,N,9.806008
tcr_18_4,C,A,S,W,7,157,O,NE1,9.688737
tcr_18_4,C,A,S,W,7,171,O,CB,6.8526025
tcr_18_4,C,A,S,A,7,174,O,CB,7.9379687
tcr_18_4,C,A,S,A,7,174,O,N,9.9403925
tcr_18_4,C,A,S,A,7,174,O,CA,9.391863
tcr_18_4,C,A,S,A,7,174,O,C,9.70648
tcr_18_4,C,A,S,W,7,171,O,O,8.828467
tcr_18_4,C,A,S,W,7,171,O,CA,7.372383
tcr_18_4,C,A,S,W,7,171,O,C,8.687065
tcr_18_4,C,A,S,K,7,170,O,C,8.187415
tcr_18_4,C,A,S,K,7,170,O,O,8.4012985
tcr_18_4,C,A,S,K,7,170,O,CA,8.861096
tcr_18_4,C,A,S,W,7,171,O,N,7.7265134
tcr_18_4,C,A,S,W,7,121,O,CG,8.921829
tcr_18_4,C,A,S,W,7,121,O,CB,9.527152
tcr_18_4,C,A,S,W,7,121,O,CD1,8.996515
tcr_18_4,C,A,S,Y,7,147,O,CD1,9.788512
tcr_18_4,C,A,S,S,7,140,O,OG,8.204902
tcr_18_4,C,A,S,I,7,148,O,CG2,8.618903
tcr_18_4,C,A,S,S,7,140,O,CB,9.123035
tcr_18_4,C,A,S,I,7,148,O,CB,9.943165
tcr_18_4,C,A,S,I,7,148,O,CD1,9.334708
tcr_18_4,C,A,S,D,7,98,O,CB,8.753261
tcr_18_4,C,A,S,D,7,98,O,CA,7.817489
tcr_18_4,C,A,S,Q,7,94,O,NE2,6.064134
tcr_18_4,C,A,S,D,7,98,O,OD1,7.0764904
tcr_18_4,C,A,S,D,7,98,O,CG,8.267882
tcr_18_4,C,A,S,Q,7,94,O,O,8.326507
tcr_18_4,C,A,S,D,7,98,O,OD2,9.266393
tcr_18_4,C,A,S,Q,7,94,O,C,9.101606
tcr_18_4,C,A,S,L,7,119,O,CD2,8.240302
tcr_18_4,C,A,S,L,7,119,O,CG,9.349799
tcr_18_4,C,A,S,V,7,100,O,CG2,8.965468
tcr_18_4,C,A,S,T,7,97,O,CB,5.57109
tcr_18_4,C,A,S,Q,7,96,O,C,8.973862
tcr_18_4,C,A,S,Q,7,96,O,O,9.022195
tcr_18_4,C,A,S,T,7,97,O,C,6.554184
tcr_18_4,C,A,S,T,7,97,O,O,6.3647966
tcr_18_4,C,A,S,D,7,98,O,N,7.255548
tcr_18_4,C,A,S,T,7,97,O,CG2,4.072291
tcr_18_4,C,A,S,T,7,97,O,CA,6.520375
tcr_18_4,C,A,S,T,7,97,O,N,7.9008393
tcr_18_4,C,A,S,V,7,100,O,CA,8.821842
tcr_18_4,C,A,S,V,7,100,O,N,9.144089
tcr_18_4,C,A,S,R,7,99,O,N,9.549408
tcr_18_4,C,A,S,D,7,98,O,C,8.805763
tcr_18_4,C,A,S,D,7,98,O,O,9.062953
tcr_18_4,C,A,S,S,7,101,O,CB,6.344219
tcr_18_4,C,A,S,W,7,171,O,CZ2,3.8243337
tcr_18_4,C,A,S,S,7,101,O,OG,4.9797907
tcr_18_4,C,A,S,T,7,167,O,OG1,8.061915
tcr_18_4,C,A,S,W,7,171,O,CZ3,6.023091
tcr_18_4,C,A,S,T,7,167,O,CB,7.8933163
tcr_18_4,C,A,S,T,7,167,O,CG2,6.54951
tcr_18_4,C,A,S,W,7,171,O,CH2,5.0231423
tcr_18_4,C,A,S,Y,7,147,O,CE1,9.312435
tcr_18_4,C,A,S,L,7,119,O,CD1,9.331209
tcr_18_4,C,A,S,S,7,101,O,C,8.601957
tcr_18_4,C,A,S,S,7,101,O,O,9.10691
tcr_18_4,C,A,S,L,7,105,O,CD1,9.680836
tcr_18_4,C,A,S,L,7,105,O,CG,9.966278
tcr_18_4,C,A,S,S,7,101,O,CA,7.2000837
tcr_18_4,C,A,S,Y,7,108,O,OH,9.506725
tcr_18_4,C,A,S,K,7,170,O,NZ,5.9654803
tcr_18_4,C,A,S,K,7,170,O,CE,6.199275
tcr_18_4,C,A,S,S,7,101,O,N,7.4122376
tcr_18_4,C,A,S,V,7,100,O,CG1,8.050344
tcr_18_4,C,A,S,V,7,100,O,CB,8.045981
tcr_18_4,C,A,S,K,7,170,O,CD,6.7280846
tcr_18_4,C,A,S,N,7,104,O,ND2,8.080347
tcr_18_4,C,A,S,V,7,100,O,C,8.3332405
tcr_18_4,C,A,S,N,7,104,O,CG,9.213357
tcr_18_4,C,A,S,V,7,100,O,O,9.051609
tcr_18_4,C,A,S,N,7,104,O,CB,9.45376
tcr_18_4,C,A,S,L,7,102,O,N,9.438003
tcr_18_4,C,A,S,Q,7,168,O,N,9.563232
tcr_18_4,C,A,S,T,7,167,O,N,9.695213
tcr_18_4,C,A,S,T,7,167,O,CA,8.332368
tcr_18_4,C,A,S,T,7,167,O,O,7.8409557
tcr_18_4,C,A,S,K,7,170,O,CG,7.2829437
tcr_18_4,C,A,S,T,7,167,O,C,8.474027
tcr_18_4,C,A,S,K,7,170,O,CB,8.040339
tcr_18_4,C,A,S,K,7,170,O,N,9.76474
tcr_18_4,C,A,S,Q,7,179,CB,CG,8.213331
tcr_18_4,C,A,S,Q,7,179,CB,CA,9.53852
tcr_18_4,C,A,S,Q,7,179,CB,N,9.683058
tcr_18_4,C,A,S,W,7,121,CB,CZ2,9.980849
tcr_18_4,C,A,S,R,7,180,CB,NH1,7.834001
tcr_18_4,C,A,S,Q,7,94,CB,OE1,8.77715
tcr_18_4,C,A,S,Q,7,94,CB,CD,9.323372
tcr_18_4,C,A,S,T,7,97,CB,OG1,7.550759
tcr_18_4,C,A,S,R,7,93,CB,NH2,9.051768
tcr_18_4,C,A,S,R,7,93,CB,CZ,9.481671
tcr_18_4,C,A,S,R,7,93,CB,NE,9.467993
tcr_18_4,C,A,S,A,7,177,CB,CA,9.380187
tcr_18_4,C,A,S,Q,7,179,CB,C,9.890039
tcr_18_4,C,A,S,R,7,180,CB,N,9.445643
tcr_18_4,C,A,S,R,7,180,CB,CG,8.110679
tcr_18_4,C,A,S,A,7,177,CB,N,8.0992
tcr_18_4,C,A,S,R,7,180,CB,CB,9.520193
tcr_18_4,C,A,S,R,7,180,CB,NE,6.66047
tcr_18_4,C,A,S,W,7,157,CB,CE2,8.89748
tcr_18_4,C,A,S,R,7,180,CB,CD,7.936837
tcr_18_4,C,A,S,W,7,157,CB,CZ2,8.197383
tcr_18_4,C,A,S,W,7,157,CB,CD2,9.868683
tcr_18_4,C,A,S,R,7,180,CB,CZ,6.6660986
tcr_18_4,C,A,S,W,7,157,CB,CZ3,9.541328
tcr_18_4,C,A,S,W,7,157,CB,CH2,8.565219
tcr_18_4,C,A,S,E,7,176,CB,O,7.4585247
tcr_18_4,C,A,S,R,7,175,CB,C,7.555475
tcr_18_4,C,A,S,A,7,174,CB,O,6.6872435
tcr_18_4,C,A,S,Q,7,179,CB,OE1,6.8948894
tcr_18_4,C,A,S,Q,7,179,CB,CD,7.002778
tcr_18_4,C,A,S,Q,7,179,CB,NE2,6.300737
tcr_18_4,C,A,S,Q,7,179,CB,CB,8.221272
tcr_18_4,C,A,S,R,7,175,CB,O,8.079302
tcr_18_4,C,A,S,E,7,176,CB,CA,5.918028
tcr_18_4,C,A,S,E,7,176,CB,N,6.5460663
tcr_18_4,C,A,S,E,7,176,CB,C,7.1372066
tcr_18_4,C,A,S,E,7,176,CB,OE2,3.1152215
tcr_18_4,C,A,S,E,7,176,CB,CB,4.954653
tcr_18_4,C,A,S,E,7,176,CB,CG,4.4724503
tcr_18_4,C,A,S,E,7,176,CB,OE1,4.012808
tcr_18_4,C,A,S,E,7,176,CB,CD,3.6319618
tcr_18_4,C,A,S,R,7,180,CB,NH2,5.6818295
tcr_18_4,C,A,S,W,7,171,CB,CG,5.038234
tcr_18_4,C,A,S,W,7,171,CB,CD1,4.006986
tcr_18_4,C,A,S,W,7,171,CB,CD2,5.5134444
tcr_18_4,C,A,S,W,7,171,CB,CE2,4.8676853
tcr_18_4,C,A,S,W,7,171,CB,NE1,3.8744123
tcr_18_4,C,A,S,W,7,171,CB,CE3,6.7349467
tcr_18_4,C,A,S,E,7,172,CB,N,8.151418
tcr_18_4,C,A,S,W,7,157,CB,NE1,9.10662
tcr_18_4,C,A,S,E,7,172,CB,CA,9.307906
tcr_18_4,C,A,S,Q,7,168,CB,O,9.248894
tcr_18_4,C,A,S,W,7,171,CB,CB,5.930782
tcr_18_4,C,A,S,A,7,174,CB,CB,4.9895997
tcr_18_4,C,A,S,A,7,174,CB,N,7.218916
tcr_18_4,C,A,S,A,7,173,CB,O,9.116799
tcr_18_4,C,A,S,R,7,175,CB,CA,8.349072
tcr_18_4,C,A,S,A,7,174,CB,CA,6.4680614
tcr_18_4,C,A,S,A,7,174,CB,C,6.853443
tcr_18_4,C,A,S,R,7,175,CB,CB,9.436443
tcr_18_4,C,A,S,R,7,175,CB,N,7.681749
tcr_18_4,C,A,S,A,7,173,CB,C,8.488546
tcr_18_4,C,A,S,E,7,172,CB,O,9.712653
tcr_18_4,C,A,S,E,7,172,CB,C,9.328022
tcr_18_4,C,A,S,A,7,173,CB,CA,9.359559
tcr_18_4,C,A,S,W,7,171,CB,O,6.7834387
tcr_18_4,C,A,S,A,7,173,CB,N,9.097726
tcr_18_4,C,A,S,A,7,173,CB,CB,9.568601
tcr_18_4,C,A,S,W,7,171,CB,CA,5.8374953
tcr_18_4,C,A,S,W,7,171,CB,C,6.9140825
tcr_18_4,C,A,S,K,7,170,CB,C,6.491244
tcr_18_4,C,A,S,R,7,169,CB,O,9.512495
tcr_18_4,C,A,S,K,7,170,CB,O,6.2767987
tcr_18_4,C,A,S,K,7,170,CB,CA,7.4362555
tcr_18_4,C,A,S,W,7,171,CB,N,6.331037
tcr_18_4,C,A,S,R,7,169,CB,C,9.477964
tcr_18_4,C,A,S,Q,7,94,CB,NE2,8.761946
tcr_18_4,C,A,S,T,7,97,CB,CB,7.612856
tcr_18_4,C,A,S,T,7,97,CB,C,8.947295
tcr_18_4,C,A,S,T,7,97,CB,O,8.711979
tcr_18_4,C,A,S,D,7,98,CB,N,9.86822
tcr_18_4,C,A,S,T,7,97,CB,CG2,6.250466
tcr_18_4,C,A,S,T,7,97,CB,CA,8.543819
tcr_18_4,C,A,S,T,7,97,CB,N,9.82592
tcr_18_4,C,A,S,S,7,101,CB,CB,9.056919
tcr_18_4,C,A,S,W,7,171,CB,CZ2,5.6309404
tcr_18_4,C,A,S,S,7,101,CB,OG,7.6852965
tcr_18_4,C,A,S,T,7,167,CB,OG1,9.291012
tcr_18_4,C,A,S,W,7,171,CB,CZ3,7.2959023
tcr_18_4,C,A,S,T,7,167,CB,CB,8.862441
tcr_18_4,C,A,S,T,7,167,CB,CG2,7.684904
tcr_18_4,C,A,S,W,7,171,CB,CH2,6.813596
tcr_18_4,C,A,S,S,7,101,CB,CA,9.59315
tcr_18_4,C,A,S,K,7,170,CB,NZ,5.8251324
tcr_18_4,C,A,S,K,7,170,CB,CE,5.3600698
tcr_18_4,C,A,S,S,7,101,CB,N,9.652737
tcr_18_4,C,A,S,V,7,100,CB,CG1,9.142063
tcr_18_4,C,A,S,V,7,100,CB,CB,9.501719
tcr_18_4,C,A,S,K,7,170,CB,CD,6.0112176
tcr_18_4,C,A,S,N,7,104,CB,ND2,9.054735
tcr_18_4,C,A,S,Q,7,168,CB,N,9.67821
tcr_18_4,C,A,S,T,7,167,CB,CA,8.762047
tcr_18_4,C,A,S,T,7,167,CB,O,7.582451
tcr_18_4,C,A,S,K,7,170,CB,CG,5.996638
tcr_18_4,C,A,S,T,7,167,CB,C,8.564308
tcr_18_4,C,A,S,K,7,170,CB,CB,6.9881988
tcr_18_4,C,A,S,Q,7,168,CB,CA,9.964071
tcr_18_4,C,A,S,I,7,166,CB,O,9.961873
tcr_18_4,C,A,S,K,7,170,CB,N,8.599592
tcr_18_4,C,A,S,Q,7,168,CB,C,9.818585
tcr_18_4,C,A,S,Q,7,179,OG,CG,7.188619
tcr_18_4,C,A,S,Q,7,179,OG,CA,8.785923
tcr_18_4,C,A,S,Q,7,179,OG,N,8.938817
tcr_18_4,C,A,S,R,7,175,OG,CG,9.491881
tcr_18_4,C,A,S,R,7,180,OG,CA,9.84079
tcr_18_4,C,A,S,R,7,180,OG,NH1,8.5849495
tcr_18_4,C,A,S,Q,7,94,OG,OE1,9.408456
tcr_18_4,C,A,S,T,7,97,OG,OG1,8.159714
tcr_18_4,C,A,S,R,7,93,OG,NH2,8.514202
tcr_18_4,C,A,S,R,7,93,OG,NH1,9.666312
tcr_18_4,C,A,S,R,7,93,OG,CZ,9.057792
tcr_18_4,C,A,S,R,7,93,OG,NE,9.23609
tcr_18_4,C,A,S,A,7,177,OG,CA,9.142673
tcr_18_4,C,A,S,Q,7,179,OG,C,9.319592
tcr_18_4,C,A,S,A,7,177,OG,C,9.781853
tcr_18_4,C,A,S,R,7,180,OG,N,9.034136
tcr_18_4,C,A,S,E,7,178,OG,N,9.64428
tcr_18_4,C,A,S,R,7,180,OG,CG,8.144707
tcr_18_4,C,A,S,A,7,177,OG,N,7.812658
tcr_18_4,C,A,S,R,7,180,OG,CB,9.47171
tcr_18_4,C,A,S,R,7,180,OG,NE,7.0912113
tcr_18_4,C,A,S,W,7,157,OG,CE2,9.255234
tcr_18_4,C,A,S,R,7,180,OG,CD,8.224284
tcr_18_4,C,A,S,W,7,157,OG,CZ2,8.540324
tcr_18_4,C,A,S,R,7,180,OG,CZ,7.339966
tcr_18_4,C,A,S,W,7,157,OG,CH2,9.046691
tcr_18_4,C,A,S,E,7,176,OG,O,7.0578556
tcr_18_4,C,A,S,R,7,175,OG,C,6.786658
tcr_18_4,C,A,S,A,7,174,OG,O,5.5845475
tcr_18_4,C,A,S,Q,7,179,OG,OE1,5.7729483
tcr_18_4,C,A,S,Q,7,179,OG,CD,5.8814907
tcr_18_4,C,A,S,Q,7,179,OG,NE2,5.121995
tcr_18_4,C,A,S,Q,7,179,OG,CB,7.401425
tcr_18_4,C,A,S,R,7,175,OG,O,7.2417493
tcr_18_4,C,A,S,E,7,176,OG,CA,5.4453144
tcr_18_4,C,A,S,E,7,176,OG,N,5.9459224
tcr_18_4,C,A,S,E,7,176,OG,C,6.7657585
tcr_18_4,C,A,S,E,7,176,OG,OE2,2.6050746
tcr_18_4,C,A,S,E,7,176,OG,CB,4.8104177
tcr_18_4,C,A,S,E,7,176,OG,CG,4.5733075
tcr_18_4,C,A,S,E,7,176,OG,OE1,4.0822244
tcr_18_4,C,A,S,E,7,176,OG,CD,3.5444176
tcr_18_4,C,A,S,R,7,180,OG,NH2,6.5135694
tcr_18_4,C,A,S,W,7,171,OG,CG,5.7737694
tcr_18_4,C,A,S,W,7,171,OG,CD1,4.88185
tcr_18_4,C,A,S,W,7,171,OG,CD2,6.4228354
tcr_18_4,C,A,S,W,7,171,OG,CE2,5.9975843
tcr_18_4,C,A,S,W,7,171,OG,NE1,5.0372186
tcr_18_4,C,A,S,W,7,171,OG,CE3,7.5975127
tcr_18_4,C,A,S,E,7,172,OG,N,8.162039
tcr_18_4,C,A,S,W,7,157,OG,NE1,9.34702
tcr_18_4,C,A,S,E,7,172,OG,CA,9.157688
tcr_18_4,C,A,S,Q,7,168,OG,O,9.652697
tcr_18_4,C,A,S,W,7,171,OG,CB,6.3817506
tcr_18_4,C,A,S,A,7,174,OG,CB,4.2348127
tcr_18_4,C,A,S,A,7,174,OG,N,6.6087856
tcr_18_4,C,A,S,A,7,173,OG,O,8.341792
tcr_18_4,C,A,S,R,7,175,OG,CA,7.5392385
tcr_18_4,C,A,S,A,7,174,OG,CA,5.636859
tcr_18_4,C,A,S,A,7,174,OG,C,5.919806
tcr_18_4,C,A,S,R,7,175,OG,CB,8.477341
tcr_18_4,C,A,S,R,7,175,OG,N,6.8773227
tcr_18_4,C,A,S,A,7,173,OG,C,7.860252
tcr_18_4,C,A,S,E,7,172,OG,O,9.217214
tcr_18_4,C,A,S,E,7,172,OG,C,8.995011
tcr_18_4,C,A,S,A,7,173,OG,CA,8.912175
tcr_18_4,C,A,S,W,7,171,OG,O,6.525739
tcr_18_4,C,A,S,A,7,173,OG,N,8.803074
tcr_18_4,C,A,S,A,7,173,OG,CB,9.232866
tcr_18_4,C,A,S,W,7,171,OG,CA,6.0626855
tcr_18_4,C,A,S,W,7,171,OG,C,6.885582
tcr_18_4,C,A,S,K,7,170,OG,C,6.735161
tcr_18_4,C,A,S,R,7,169,OG,O,9.639191
tcr_18_4,C,A,S,K,7,170,OG,O,6.271196
tcr_18_4,C,A,S,K,7,170,OG,CA,7.812814
tcr_18_4,C,A,S,W,7,171,OG,N,6.6909018
tcr_18_4,C,A,S,R,7,169,OG,C,9.783131
tcr_18_4,C,A,S,Q,7,94,OG,NE2,9.67421
tcr_18_4,C,A,S,T,7,97,OG,CB,8.436005
tcr_18_4,C,A,S,T,7,97,OG,C,9.981896
tcr_18_4,C,A,S,T,7,97,OG,O,9.817898
tcr_18_4,C,A,S,T,7,97,OG,CG2,7.1930547
tcr_18_4,C,A,S,T,7,97,OG,CA,9.414649
tcr_18_4,C,A,S,W,7,171,OG,CZ2,6.840196
tcr_18_4,C,A,S,S,7,101,OG,OG,9.023309
tcr_18_4,C,A,S,W,7,171,OG,CZ3,8.270504
tcr_18_4,C,A,S,T,7,167,OG,CG2,8.869701
tcr_18_4,C,A,S,W,7,171,OG,CH2,7.932049
tcr_18_4,C,A,S,K,7,170,OG,NZ,6.7660475
tcr_18_4,C,A,S,K,7,170,OG,CE,6.1182237
tcr_18_4,C,A,S,K,7,170,OG,CD,6.8078756
tcr_18_4,C,A,S,T,7,167,OG,CA,9.783462
tcr_18_4,C,A,S,T,7,167,OG,O,8.378826
tcr_18_4,C,A,S,K,7,170,OG,CG,6.554794
tcr_18_4,C,A,S,T,7,167,OG,C,9.450925
tcr_18_4,C,A,S,K,7,170,OG,CB,7.585946
tcr_18_4,C,A,S,K,7,170,OG,N,9.036029
tcr_18_4,C,A,S,W,8,121,N,CH2,9.809003
tcr_18_4,C,A,S,W,8,121,N,CZ2,9.992562
tcr_18_4,C,A,S,R,8,180,N,NH1,8.468571
tcr_18_4,C,A,S,W,8,121,N,CZ3,9.870213
tcr_18_4,C,A,S,Q,8,94,N,CG,9.174056
tcr_18_4,C,A,S,Q,8,94,N,OE1,7.628363
tcr_18_4,C,A,S,Q,8,94,N,CD,7.8199973
tcr_18_4,C,A,S,Q,8,94,N,CB,9.692504
tcr_18_4,C,A,S,Q,8,94,N,N,9.633175
tcr_18_4,C,A,S,Q,8,94,N,CA,8.951071
tcr_18_4,C,A,S,R,8,93,N,C,9.34257
tcr_18_4,C,A,S,T,8,97,N,OG1,5.423045
tcr_18_4,C,A,S,R,8,93,N,O,8.409741
tcr_18_4,C,A,S,R,8,93,N,NH2,9.168269
tcr_18_4,C,A,S,R,8,93,N,CD,9.657477
tcr_18_4,C,A,S,R,8,93,N,CZ,9.433701
tcr_18_4,C,A,S,R,8,93,N,NE,8.991818
tcr_18_4,C,A,S,R,8,93,N,CG,9.343943
tcr_18_4,C,A,S,R,8,180,N,NE,8.088178
tcr_18_4,C,A,S,R,8,180,N,CD,9.540832
tcr_18_4,C,A,S,R,8,180,N,CZ,7.588789
tcr_18_4,C,A,S,A,8,174,N,O,9.900987
tcr_18_4,C,A,S,Q,8,179,N,OE1,9.551579
tcr_18_4,C,A,S,Q,8,179,N,CD,9.894877
tcr_18_4,C,A,S,Q,8,179,N,NE2,9.37323
tcr_18_4,C,A,S,E,8,176,N,CA,8.955834
tcr_18_4,C,A,S,E,8,176,N,N,9.693525
tcr_18_4,C,A,S,E,8,176,N,OE2,6.123989
tcr_18_4,C,A,S,E,8,176,N,CB,7.8125634
tcr_18_4,C,A,S,E,8,176,N,CG,7.0131984
tcr_18_4,C,A,S,E,8,176,N,OE1,6.1357594
tcr_18_4,C,A,S,E,8,176,N,CD,6.2619514
tcr_18_4,C,A,S,R,8,180,N,NH2,6.330731
tcr_18_4,C,A,S,W,8,171,N,CG,6.660244
tcr_18_4,C,A,S,W,8,171,N,CD1,5.465034
tcr_18_4,C,A,S,W,8,171,N,CD2,6.6718187
tcr_18_4,C,A,S,W,8,171,N,CE2,5.4551854
tcr_18_4,C,A,S,W,8,171,N,NE1,4.592854
tcr_18_4,C,A,S,W,8,171,N,CE3,7.825148
tcr_18_4,C,A,S,W,8,171,N,CB,7.947706
tcr_18_4,C,A,S,A,8,174,N,CB,7.8949876
tcr_18_4,C,A,S,A,8,174,N,CA,9.425009
tcr_18_4,C,A,S,W,8,171,N,O,9.60193
tcr_18_4,C,A,S,W,8,171,N,CA,8.100233
tcr_18_4,C,A,S,W,8,171,N,C,9.448612
tcr_18_4,C,A,S,K,8,170,N,C,8.293855
tcr_18_4,C,A,S,K,8,170,N,O,8.379032
tcr_18_4,C,A,S,K,8,170,N,CA,8.75179
tcr_18_4,C,A,S,W,8,171,N,N,8.179611
tcr_18_4,C,A,S,D,8,98,N,CB,8.863498
tcr_18_4,C,A,S,D,8,98,N,CA,7.6605144
tcr_18_4,C,A,S,Q,8,94,N,NE2,7.037071
tcr_18_4,C,A,S,D,8,98,N,OD1,7.6932206
tcr_18_4,C,A,S,D,8,98,N,CG,8.748944
tcr_18_4,C,A,S,Q,8,94,N,O,8.340742
tcr_18_4,C,A,S,D,8,98,N,OD2,9.897065
tcr_18_4,C,A,S,Q,8,94,N,C,9.168956
tcr_18_4,C,A,S,L,8,119,N,CD2,8.872541
tcr_18_4,C,A,S,Q,8,96,N,N,9.922776
tcr_18_4,C,A,S,Q,8,96,N,CB,9.7216215
tcr_18_4,C,A,S,V,8,100,N,CG2,7.170787
tcr_18_4,C,A,S,T,8,97,N,CB,5.108484
tcr_18_4,C,A,S,Q,8,96,N,C,7.980742
tcr_18_4,C,A,S,Q,8,96,N,O,7.8438387
tcr_18_4,C,A,S,T,8,97,N,C,5.9065137
tcr_18_4,C,A,S,T,8,97,N,O,5.5175314
tcr_18_4,C,A,S,D,8,98,N,N,6.9333673
tcr_18_4,C,A,S,T,8,97,N,CG2,3.6814928
tcr_18_4,C,A,S,T,8,97,N,CA,5.696776
tcr_18_4,C,A,S,Q,8,96,N,CA,9.419984
tcr_18_4,C,A,S,T,8,97,N,N,7.090929
tcr_18_4,C,A,S,V,8,100,N,CA,7.3834147
tcr_18_4,C,A,S,V,8,100,N,N,7.907869
tcr_18_4,C,A,S,R,8,99,N,N,8.880599
tcr_18_4,C,A,S,D,8,98,N,C,8.363442
tcr_18_4,C,A,S,R,8,99,N,CA,9.706071
tcr_18_4,C,A,S,D,8,98,N,O,8.640794
tcr_18_4,C,A,S,R,8,99,N,C,9.06943
tcr_18_4,C,A,S,R,8,99,N,O,9.789898
tcr_18_4,C,A,S,S,8,101,N,CB,6.155754
tcr_18_4,C,A,S,W,8,171,N,CZ2,5.6280003
tcr_18_4,C,A,S,S,8,101,N,OG,4.77343
tcr_18_4,C,A,S,T,8,167,N,OG1,8.489309
tcr_18_4,C,A,S,W,8,171,N,CZ3,7.936572
tcr_18_4,C,A,S,T,8,167,N,CB,8.555488
tcr_18_4,C,A,S,T,8,167,N,CG2,7.4588513
tcr_18_4,C,A,S,W,8,171,N,CH2,6.9542174
tcr_18_4,C,A,S,Y,8,108,N,CE2,9.707943
tcr_18_4,C,A,S,S,8,101,N,C,8.083723
tcr_18_4,C,A,S,S,8,101,N,O,8.606583
tcr_18_4,C,A,S,L,8,105,N,CD1,9.987748
tcr_18_4,C,A,S,R,8,103,N,NH2,9.8737135
tcr_18_4,C,A,S,S,8,101,N,CA,6.5793457
tcr_18_4,C,A,S,Y,8,108,N,OH,8.717605
tcr_18_4,C,A,S,K,8,170,N,NZ,4.5132017
tcr_18_4,C,A,S,K,8,170,N,CE,4.9514203
tcr_18_4,C,A,S,S,8,101,N,N,6.461718
tcr_18_4,C,A,S,V,8,100,N,CG1,6.1890845
tcr_18_4,C,A,S,V,8,100,N,CB,6.3614216
tcr_18_4,C,A,S,K,8,170,N,CD,5.9107966
tcr_18_4,C,A,S,N,8,104,N,ND2,6.6324883
tcr_18_4,C,A,S,V,8,100,N,C,7.1005306
tcr_18_4,C,A,S,N,8,104,N,CG,7.848971
tcr_18_4,C,A,S,V,8,100,N,O,7.802892
tcr_18_4,C,A,S,N,8,104,N,CB,8.40787
tcr_18_4,C,A,S,N,8,104,N,OD1,8.643703
tcr_18_4,C,A,S,Y,8,108,N,CZ,9.742102
tcr_18_4,C,A,S,L,8,102,N,N,8.949051
tcr_18_4,C,A,S,N,8,104,N,N,9.89825
tcr_18_4,C,A,S,N,8,104,N,CA,9.820416
tcr_18_4,C,A,S,T,8,167,N,N,9.986873
tcr_18_4,C,A,S,T,8,167,N,CA,8.774147
tcr_18_4,C,A,S,T,8,167,N,O,8.467554
tcr_18_4,C,A,S,K,8,170,N,CG,6.681889
tcr_18_4,C,A,S,T,8,167,N,C,9.125293
tcr_18_4,C,A,S,K,8,170,N,CB,7.7625375
tcr_18_4,C,A,S,K,8,170,N,N,9.849822
tcr_18_4,C,A,S,R,8,180,CA,NH1,8.735019
tcr_18_4,C,A,S,Q,8,94,CA,CG,9.183356
tcr_18_4,C,A,S,Q,8,94,CA,OE1,7.9584947
tcr_18_4,C,A,S,Q,8,94,CA,CD,7.9246445
tcr_18_4,C,A,S,Q,8,94,CA,CB,9.815924
tcr_18_4,C,A,S,Q,8,94,CA,N,9.869306
tcr_18_4,C,A,S,Q,8,94,CA,CA,9.057097
tcr_18_4,C,A,S,R,8,93,CA,C,9.613774
tcr_18_4,C,A,S,T,8,97,CA,OG1,5.7439213
tcr_18_4,C,A,S,R,8,93,CA,O,8.615846
tcr_18_4,C,A,S,R,8,93,CA,NE,9.964596
tcr_18_4,C,A,S,R,8,180,CA,NE,8.720934
tcr_18_4,C,A,S,R,8,180,CA,CZ,8.029831
tcr_18_4,C,A,S,E,8,176,CA,CA,9.985693
tcr_18_4,C,A,S,E,8,176,CA,OE2,7.3399262
tcr_18_4,C,A,S,E,8,176,CA,CB,8.725025
tcr_18_4,C,A,S,E,8,176,CA,CG,7.9093776
tcr_18_4,C,A,S,E,8,176,CA,OE1,7.204236
tcr_18_4,C,A,S,E,8,176,CA,CD,7.3500524
tcr_18_4,C,A,S,R,8,180,CA,NH2,6.738518
tcr_18_4,C,A,S,W,8,171,CA,CG,6.9659653
tcr_18_4,C,A,S,W,8,171,CA,CD1,5.7970567
tcr_18_4,C,A,S,W,8,171,CA,CD2,6.8246026
tcr_18_4,C,A,S,W,8,171,CA,CE2,5.4984465
tcr_18_4,C,A,S,W,8,171,CA,NE1,4.755871
tcr_18_4,C,A,S,W,8,171,CA,CE3,7.9147325
tcr_18_4,C,A,S,W,8,171,CA,CB,8.344574
tcr_18_4,C,A,S,A,8,174,CA,CB,8.916867
tcr_18_4,C,A,S,W,8,171,CA,CA,8.604993
tcr_18_4,C,A,S,K,8,170,CA,C,8.645115
tcr_18_4,C,A,S,K,8,170,CA,O,8.907057
tcr_18_4,C,A,S,K,8,170,CA,CA,8.8913
tcr_18_4,C,A,S,W,8,171,CA,N,8.504632
tcr_18_4,C,A,S,S,8,140,CA,OG,9.621023
tcr_18_4,C,A,S,I,8,148,CA,CG2,9.817037
tcr_18_4,C,A,S,D,8,98,CA,CB,8.057993
tcr_18_4,C,A,S,D,8,98,CA,CA,6.770794
tcr_18_4,C,A,S,Q,8,94,CA,NE2,6.9703913
tcr_18_4,C,A,S,D,8,98,CA,OD1,7.0950193
tcr_18_4,C,A,S,D,8,98,CA,CG,8.06786
tcr_18_4,C,A,S,Q,8,94,CA,O,8.073637
tcr_18_4,C,A,S,D,8,98,CA,OD2,9.242404
tcr_18_4,C,A,S,Q,8,94,CA,C,9.041142
tcr_18_4,C,A,S,L,8,119,CA,CD2,7.771898
tcr_18_4,C,A,S,L,8,119,CA,CG,9.11909
tcr_18_4,C,A,S,L,8,102,CA,CB,9.849714
tcr_18_4,C,A,S,A,8,95,CA,C,9.822742
tcr_18_4,C,A,S,Q,8,96,CA,N,9.656601
tcr_18_4,C,A,S,Q,8,96,CA,CB,9.62127
tcr_18_4,C,A,S,A,8,95,CA,O,9.565546
tcr_18_4,C,A,S,V,8,100,CA,CG2,6.5225186
tcr_18_4,C,A,S,T,8,97,CA,CB,5.0986714
tcr_18_4,C,A,S,Q,8,96,CA,C,7.6197863
tcr_18_4,C,A,S,Q,8,96,CA,O,7.323832
tcr_18_4,C,A,S,T,8,97,CA,C,5.2479887
tcr_18_4,C,A,S,T,8,97,CA,O,4.627065
tcr_18_4,C,A,S,D,8,98,CA,N,6.2520905
tcr_18_4,C,A,S,T,8,97,CA,CG2,3.7013118
tcr_18_4,C,A,S,T,8,97,CA,CA,5.395482
tcr_18_4,C,A,S,Q,8,96,CA,CA,9.1260395
tcr_18_4,C,A,S,T,8,97,CA,N,6.852592
tcr_18_4,C,A,S,V,8,100,CA,CA,6.3062134
tcr_18_4,C,A,S,V,8,100,CA,N,6.888134
tcr_18_4,C,A,S,R,8,99,CA,N,7.94509
tcr_18_4,C,A,S,D,8,98,CA,C,7.337868
tcr_18_4,C,A,S,R,8,99,CA,CB,9.629341
tcr_18_4,C,A,S,R,8,99,CA,CA,8.702058
tcr_18_4,C,A,S,D,8,98,CA,O,7.468885
tcr_18_4,C,A,S,R,8,99,CA,C,7.9845376
tcr_18_4,C,A,S,R,8,99,CA,O,8.614604
tcr_18_4,C,A,S,S,8,101,CA,CB,4.795869
tcr_18_4,C,A,S,W,8,171,CA,CZ2,5.478099
tcr_18_4,C,A,S,S,8,101,CA,OG,3.4633336
tcr_18_4,C,A,S,T,8,167,CA,OG1,7.6013827
tcr_18_4,C,A,S,W,8,171,CA,CZ3,7.8898964
tcr_18_4,C,A,S,T,8,167,CA,CB,7.8743043
tcr_18_4,C,A,S,T,8,167,CA,CG2,6.8801274
tcr_18_4,C,A,S,W,8,171,CA,CH2,6.7914214
tcr_18_4,C,A,S,Y,8,147,CA,OH,9.488135
tcr_18_4,C,A,S,Y,8,147,CA,CE1,9.278687
tcr_18_4,C,A,S,L,8,119,CA,CD1,9.18731
tcr_18_4,C,A,S,Y,8,147,CA,CZ,9.8835745
tcr_18_4,C,A,S,Y,8,108,CA,CE2,8.554439
tcr_18_4,C,A,S,S,8,101,CA,C,6.640809
tcr_18_4,C,A,S,S,8,101,CA,O,7.1420774
tcr_18_4,C,A,S,L,8,105,CA,CD1,8.6243725
tcr_18_4,C,A,S,Y,8,108,CA,CD2,9.71938
tcr_18_4,C,A,S,L,8,105,CA,CG,8.675093
tcr_18_4,C,A,S,L,8,102,CA,CA,8.985978
tcr_18_4,C,A,S,L,8,105,CA,N,9.036692
tcr_18_4,C,A,S,L,8,105,CA,CD2,9.249284
tcr_18_4,C,A,S,R,8,103,CA,NH2,9.009937
tcr_18_4,C,A,S,S,8,101,CA,CA,5.148734
tcr_18_4,C,A,S,Y,8,108,CA,OH,7.7278194
tcr_18_4,C,A,S,K,8,170,CA,NZ,4.0701184
tcr_18_4,C,A,S,K,8,170,CA,CE,4.878376
tcr_18_4,C,A,S,S,8,101,CA,N,5.1357574
tcr_18_4,C,A,S,V,8,100,CA,CG1,5.3088226
tcr_18_4,C,A,S,V,8,100,CA,CB,5.476454
tcr_18_4,C,A,S,K,8,170,CA,CD,5.718174
tcr_18_4,C,A,S,N,8,104,CA,ND2,5.4903884
tcr_18_4,C,A,S,V,8,100,CA,C,5.8303432
tcr_18_4,C,A,S,N,8,104,CA,CG,6.6337776
tcr_18_4,C,A,S,V,8,100,CA,O,6.4856024
tcr_18_4,C,A,S,N,8,104,CA,CB,7.0859904
tcr_18_4,C,A,S,N,8,104,CA,OD1,7.489836
tcr_18_4,C,A,S,Y,8,108,CA,CZ,8.653944
tcr_18_4,C,A,S,L,8,102,CA,N,7.5507493
tcr_18_4,C,A,S,R,8,103,CA,CZ,9.824208
tcr_18_4,C,A,S,N,8,104,CA,C,9.229105
tcr_18_4,C,A,S,N,8,104,CA,N,8.513149
tcr_18_4,C,A,S,N,8,104,CA,CA,8.464071
tcr_18_4,C,A,S,T,8,167,CA,N,9.352793
tcr_18_4,C,A,S,T,8,167,CA,CA,8.225304
tcr_18_4,C,A,S,T,8,167,CA,O,8.318515
tcr_18_4,C,A,S,K,8,170,CA,CG,6.7571774
tcr_18_4,C,A,S,T,8,167,CA,C,8.799089
tcr_18_4,C,A,S,K,8,170,CA,CB,7.7227216
tcr_18_4,C,A,S,I,8,166,CA,O,9.901652
tcr_18_4,C,A,S,K,8,170,CA,N,9.877337
tcr_18_4,C,A,S,Y,8,108,CA,CE1,9.895906
tcr_18_4,C,A,S,L,8,105,CA,CA,9.996294
tcr_18_4,C,A,S,L,8,105,CA,CB,9.771729
tcr_18_4,C,A,S,R,8,103,CA,CA,9.98623
tcr_18_4,C,A,S,R,8,103,CA,N,9.261433
tcr_18_4,C,A,S,R,8,103,CA,CB,9.947061
tcr_18_4,C,A,S,L,8,102,CA,C,9.548283
tcr_18_4,C,A,S,R,8,103,CA,C,9.7232685
tcr_18_4,C,A,S,R,8,180,C,NH1,8.474333
tcr_18_4,C,A,S,Q,8,94,C,OE1,8.960645
tcr_18_4,C,A,S,Q,8,94,C,CD,8.888946
tcr_18_4,C,A,S,T,8,97,C,OG1,7.2192817
tcr_18_4,C,A,S,R,8,180,C,NE,8.574471
tcr_18_4,C,A,S,W,8,157,C,CZ2,9.92388
tcr_18_4,C,A,S,R,8,180,C,CZ,7.838167
tcr_18_4,C,A,S,W,8,157,C,CH2,9.8941145
tcr_18_4,C,A,S,E,8,176,C,CA,9.656083
tcr_18_4,C,A,S,E,8,176,C,OE2,7.3747745
tcr_18_4,C,A,S,E,8,176,C,CB,8.278594
tcr_18_4,C,A,S,E,8,176,C,CG,7.5931654
tcr_18_4,C,A,S,E,8,176,C,OE1,7.3517914
tcr_18_4,C,A,S,E,8,176,C,CD,7.322376
tcr_18_4,C,A,S,R,8,180,C,NH2,6.5793257
tcr_18_4,C,A,S,W,8,171,C,CG,5.9287553
tcr_18_4,C,A,S,W,8,171,C,CD1,4.789536
tcr_18_4,C,A,S,W,8,171,C,CD2,5.7985616
tcr_18_4,C,A,S,W,8,171,C,CE2,4.512676
tcr_18_4,C,A,S,W,8,171,C,NE1,3.7467883
tcr_18_4,C,A,S,W,8,171,C,CE3,6.9121895
tcr_18_4,C,A,S,Q,8,168,C,O,9.773677
tcr_18_4,C,A,S,W,8,171,C,CB,7.3152585
tcr_18_4,C,A,S,A,8,174,C,CB,8.54825
tcr_18_4,C,A,S,W,8,171,C,O,9.588133
tcr_18_4,C,A,S,W,8,171,C,CA,7.626735
tcr_18_4,C,A,S,W,8,171,C,C,9.124877
tcr_18_4,C,A,S,K,8,170,C,C,7.5823336
tcr_18_4,C,A,S,K,8,170,C,O,8.011365
tcr_18_4,C,A,S,K,8,170,C,CA,7.7192106
tcr_18_4,C,A,S,W,8,171,C,N,7.384195
tcr_18_4,C,A,S,R,8,169,C,C,9.828266
tcr_18_4,C,A,S,Y,8,147,C,CD1,8.850688
tcr_18_4,C,A,S,S,8,140,C,OG,9.141719
tcr_18_4,C,A,S,I,8,148,C,CG2,8.727344
tcr_18_4,C,A,S,S,8,140,C,CB,9.659345
tcr_18_4,C,A,S,I,8,148,C,CB,9.875029
tcr_18_4,C,A,S,I,8,148,C,CD1,9.241203
tcr_18_4,C,A,S,D,8,98,C,CB,8.83605
tcr_18_4,C,A,S,D,8,98,C,CA,7.583218
tcr_18_4,C,A,S,Q,8,94,C,NE2,7.8376975
tcr_18_4,C,A,S,D,8,98,C,OD1,7.810633
tcr_18_4,C,A,S,D,8,98,C,CG,8.785096
tcr_18_4,C,A,S,Q,8,94,C,O,9.260651
tcr_18_4,C,A,S,D,8,98,C,OD2,9.903715
tcr_18_4,C,A,S,L,8,119,C,CD2,7.7976656
tcr_18_4,C,A,S,L,8,119,C,CG,9.027477
tcr_18_4,C,A,S,V,8,100,C,CG2,7.5638957
tcr_18_4,C,A,S,T,8,97,C,CB,6.497497
tcr_18_4,C,A,S,Q,8,96,C,C,8.970668
tcr_18_4,C,A,S,Q,8,96,C,O,8.59825
tcr_18_4,C,A,S,T,8,97,C,C,6.4185424
tcr_18_4,C,A,S,T,8,97,C,O,5.676624
tcr_18_4,C,A,S,D,8,98,C,N,7.307127
tcr_18_4,C,A,S,T,8,97,C,CG2,5.0690413
tcr_18_4,C,A,S,T,8,97,C,CA,6.7772627
tcr_18_4,C,A,S,T,8,97,C,N,8.244501
tcr_18_4,C,A,S,V,8,100,C,CA,7.006409
tcr_18_4,C,A,S,V,8,100,C,N,7.722976
tcr_18_4,C,A,S,R,8,99,C,N,8.837917
tcr_18_4,C,A,S,D,8,98,C,C,8.087907
tcr_18_4,C,A,S,R,8,99,C,CA,9.530819
tcr_18_4,C,A,S,D,8,98,C,O,8.009028
tcr_18_4,C,A,S,R,8,99,C,C,8.720455
tcr_18_4,C,A,S,R,8,99,C,O,9.186482
tcr_18_4,C,A,S,S,8,101,C,CB,4.8441553
tcr_18_4,C,A,S,W,8,171,C,CZ2,4.617971
tcr_18_4,C,A,S,S,8,101,C,OG,3.680114
tcr_18_4,C,A,S,T,8,167,C,OG1,6.1182284
tcr_18_4,C,A,S,W,8,171,C,CZ3,6.968764
tcr_18_4,C,A,S,T,8,167,C,CB,6.3658414
tcr_18_4,C,A,S,T,8,167,C,CG2,5.4318542
tcr_18_4,C,A,S,W,8,171,C,CH2,5.957894
tcr_18_4,C,A,S,Y,8,147,C,OH,8.139729
tcr_18_4,C,A,S,Y,8,147,C,CE1,8.021834
tcr_18_4,C,A,S,L,8,119,C,CD1,8.840841
tcr_18_4,C,A,S,Y,8,147,C,CZ,8.598593
tcr_18_4,C,A,S,Y,8,108,C,CE2,7.304455
tcr_18_4,C,A,S,S,8,101,C,C,6.519858
tcr_18_4,C,A,S,S,8,101,C,O,6.7785373
tcr_18_4,C,A,S,L,8,105,C,CD1,7.9510255
tcr_18_4,C,A,S,Y,8,108,C,CD2,8.4935255
tcr_18_4,C,A,S,L,8,105,C,CG,7.851367
tcr_18_4,C,A,S,L,8,102,C,CA,8.96143
tcr_18_4,C,A,S,L,8,105,C,N,8.3315735
tcr_18_4,C,A,S,Y,8,147,C,CE2,9.868006
tcr_18_4,C,A,S,L,8,105,C,CD2,8.228425
tcr_18_4,C,A,S,R,8,103,C,NH2,9.334541
tcr_18_4,C,A,S,S,8,101,C,CA,5.1676903
tcr_18_4,C,A,S,Y,8,108,C,OH,6.564263
tcr_18_4,C,A,S,K,8,170,C,NZ,3.41683
tcr_18_4,C,A,S,K,8,170,C,CE,4.1475954
tcr_18_4,C,A,S,S,8,101,C,N,5.5313697
tcr_18_4,C,A,S,V,8,100,C,CG1,5.963564
tcr_18_4,C,A,S,V,8,100,C,CB,6.356634
tcr_18_4,C,A,S,K,8,170,C,CD,4.639282
tcr_18_4,C,A,S,N,8,104,C,ND2,5.1079016
tcr_18_4,C,A,S,V,8,100,C,C,6.238706
tcr_18_4,C,A,S,N,8,104,C,CG,6.241126
tcr_18_4,C,A,S,V,8,100,C,O,6.6559043
tcr_18_4,C,A,S,N,8,104,C,CB,6.4789743
tcr_18_4,C,A,S,N,8,104,C,OD1,7.25236
tcr_18_4,C,A,S,Y,8,108,C,CZ,7.4685497
tcr_18_4,C,A,S,L,8,102,C,N,7.604961
tcr_18_4,C,A,S,N,8,104,C,C,8.5172615
tcr_18_4,C,A,S,N,8,104,C,N,8.203669
tcr_18_4,C,A,S,N,8,104,C,CA,7.922023
tcr_18_4,C,A,S,Q,8,168,C,N,8.558026
tcr_18_4,C,A,S,T,8,167,C,N,7.8241878
tcr_18_4,C,A,S,A,8,164,C,O,9.836558
tcr_18_4,C,A,S,T,8,167,C,CA,6.696963
tcr_18_4,C,A,S,T,8,167,C,O,6.9051995
tcr_18_4,C,A,S,K,8,170,C,CG,5.7195883
tcr_18_4,C,A,S,T,8,167,C,C,7.317488
tcr_18_4,C,A,S,K,8,170,C,CB,6.4950056
tcr_18_4,C,A,S,I,8,166,C,C,8.551744
tcr_18_4,C,A,S,Q,8,168,C,CA,9.479243
tcr_18_4,C,A,S,I,8,166,C,O,8.439239
tcr_18_4,C,A,S,K,8,170,C,N,8.589684
tcr_18_4,C,A,S,Q,8,168,C,C,9.768409
tcr_18_4,C,A,S,I,8,166,C,CB,9.853778
tcr_18_4,C,A,S,Y,8,108,C,CG,9.6727085
tcr_18_4,C,A,S,Y,8,108,C,CD1,9.784845
tcr_18_4,C,A,S,I,8,166,C,CG2,9.36089
tcr_18_4,C,A,S,Y,8,108,C,CE1,8.775317
tcr_18_4,C,A,S,I,8,166,C,CA,9.872659
tcr_18_4,C,A,S,L,8,105,C,CA,9.189648
tcr_18_4,C,A,S,L,8,105,C,CB,9.03174
tcr_18_4,C,A,S,R,8,103,C,CA,9.954064
tcr_18_4,C,A,S,R,8,103,C,N,9.28937
tcr_18_4,C,A,S,L,8,102,C,C,9.456745
tcr_18_4,C,A,S,R,8,103,C,C,9.481608
tcr_18_4,C,A,S,N,8,104,C,O,9.425246
tcr_18_4,C,A,S,R,8,180,O,NH1,8.6199875
tcr_18_4,C,A,S,Q,8,94,O,OE1,9.743038
tcr_18_4,C,A,S,Q,8,94,O,CD,9.783275
tcr_18_4,C,A,S,T,8,97,O,OG1,8.030654
tcr_18_4,C,A,S,R,8,180,O,NE,8.492459
tcr_18_4,C,A,S,W,8,157,O,CE2,9.791646
tcr_18_4,C,A,S,R,8,180,O,CD,9.892435
tcr_18_4,C,A,S,W,8,157,O,CZ2,9.429368
tcr_18_4,C,A,S,R,8,180,O,CZ,7.8899307
tcr_18_4,C,A,S,W,8,157,O,CH2,9.565428
tcr_18_4,C,A,S,A,8,174,O,O,9.942181
tcr_18_4,C,A,S,E,8,176,O,CA,8.91178
tcr_18_4,C,A,S,E,8,176,O,N,9.424849
tcr_18_4,C,A,S,E,8,176,O,C,9.982641
tcr_18_4,C,A,S,E,8,176,O,OE2,6.799518
tcr_18_4,C,A,S,E,8,176,O,CB,7.534291
tcr_18_4,C,A,S,E,8,176,O,CG,7.0455227
tcr_18_4,C,A,S,E,8,176,O,OE1,7.0959086
tcr_18_4,C,A,S,E,8,176,O,CD,6.862105
tcr_18_4,C,A,S,R,8,180,O,NH2,6.683689
tcr_18_4,C,A,S,W,8,171,O,CG,5.1012616
tcr_18_4,C,A,S,W,8,171,O,CD1,3.8663154
tcr_18_4,C,A,S,W,8,171,O,CD2,5.2381163
tcr_18_4,C,A,S,W,8,171,O,CE2,4.1253614
tcr_18_4,C,A,S,W,8,171,O,NE1,3.0812557
tcr_18_4,C,A,S,W,8,171,O,CE3,6.488579
tcr_18_4,C,A,S,E,8,172,O,N,8.91653
tcr_18_4,C,A,S,Q,8,168,O,O,8.772093
tcr_18_4,C,A,S,W,8,171,O,CB,6.391174
tcr_18_4,C,A,S,A,8,174,O,CB,7.4617076
tcr_18_4,C,A,S,A,8,174,O,N,9.087629
tcr_18_4,C,A,S,A,8,174,O,CA,8.916779
tcr_18_4,C,A,S,A,8,174,O,C,9.709692
tcr_18_4,C,A,S,W,8,171,O,O,8.526649
tcr_18_4,C,A,S,W,8,171,O,CA,6.5510507
tcr_18_4,C,A,S,W,8,171,O,C,8.043256
tcr_18_4,C,A,S,K,8,170,O,C,6.375467
tcr_18_4,C,A,S,R,8,169,O,O,9.197095
tcr_18_4,C,A,S,K,8,170,O,O,6.784649
tcr_18_4,C,A,S,K,8,170,O,CA,6.535285
tcr_18_4,C,A,S,W,8,171,O,N,6.2466397
tcr_18_4,C,A,S,R,8,169,O,C,8.695295
tcr_18_4,C,A,S,Y,8,147,O,CD1,9.128917
tcr_18_4,C,A,S,S,8,140,O,OG,9.678255
tcr_18_4,C,A,S,I,8,148,O,CG2,8.772505
tcr_18_4,C,A,S,I,8,148,O,CG1,9.945344
tcr_18_4,C,A,S,I,8,148,O,CB,9.80949
tcr_18_4,C,A,S,I,8,148,O,CD1,8.86058
tcr_18_4,C,A,S,D,8,98,O,CA,8.8136
tcr_18_4,C,A,S,Q,8,94,O,NE2,8.784576
tcr_18_4,C,A,S,D,8,98,O,OD1,8.955248
tcr_18_4,C,A,S,D,8,98,O,CG,9.965605
tcr_18_4,C,A,S,L,8,119,O,CD2,8.912822
tcr_18_4,C,A,S,V,8,100,O,CG2,8.368421
tcr_18_4,C,A,S,T,8,97,O,CB,7.4546323
tcr_18_4,C,A,S,Q,8,96,O,O,9.635959
tcr_18_4,C,A,S,T,8,97,O,C,7.569568
tcr_18_4,C,A,S,T,8,97,O,O,6.842446
tcr_18_4,C,A,S,D,8,98,O,N,8.495903
tcr_18_4,C,A,S,T,8,97,O,CG2,5.992322
tcr_18_4,C,A,S,T,8,97,O,CA,7.809649
tcr_18_4,C,A,S,T,8,97,O,N,9.2681
tcr_18_4,C,A,S,V,8,100,O,CA,7.971808
tcr_18_4,C,A,S,V,8,100,O,N,8.790479
tcr_18_4,C,A,S,D,8,98,O,C,9.313325
tcr_18_4,C,A,S,D,8,98,O,O,9.222006
tcr_18_4,C,A,S,R,8,99,O,C,9.821993
tcr_18_4,C,A,S,S,8,101,O,CB,6.012766
tcr_18_4,C,A,S,W,8,171,O,CZ2,4.607295
tcr_18_4,C,A,S,S,8,101,O,OG,4.9003778
tcr_18_4,C,A,S,T,8,167,O,OG1,5.9265847
tcr_18_4,C,A,S,W,8,171,O,CZ3,6.791873
tcr_18_4,C,A,S,T,8,167,O,CB,5.988321
tcr_18_4,C,A,S,T,8,167,O,CG2,5.101881
tcr_18_4,C,A,S,W,8,171,O,CH2,5.983712
tcr_18_4,C,A,S,Y,8,147,O,OH,8.22578
tcr_18_4,C,A,S,Y,8,147,O,CE1,8.218885
tcr_18_4,C,A,S,L,8,119,O,CD1,9.782159
tcr_18_4,C,A,S,Y,8,147,O,CZ,8.782097
tcr_18_4,C,A,S,Y,8,108,O,CE2,7.2864847
tcr_18_4,C,A,S,S,8,101,O,C,7.54064
tcr_18_4,C,A,S,S,8,101,O,O,7.6706243
tcr_18_4,C,A,S,L,8,105,O,CD1,8.759085
tcr_18_4,C,A,S,Y,8,108,O,CD2,8.556196
tcr_18_4,C,A,S,L,8,105,O,CG,8.525239
tcr_18_4,C,A,S,L,8,105,O,N,8.918724
tcr_18_4,C,A,S,L,8,105,O,CD2,8.734316
tcr_18_4,C,A,S,R,8,103,O,NH2,9.768372
tcr_18_4,C,A,S,S,8,101,O,CA,6.250265
tcr_18_4,C,A,S,Y,8,108,O,OH,6.3174415
tcr_18_4,C,A,S,K,8,170,O,NZ,2.8530474
tcr_18_4,C,A,S,K,8,170,O,CE,3.1965022
tcr_18_4,C,A,S,S,8,101,O,N,6.6306734
tcr_18_4,C,A,S,V,8,100,O,CG1,6.636769
tcr_18_4,C,A,S,V,8,100,O,CB,7.224778
tcr_18_4,C,A,S,K,8,170,O,CD,3.5926373
tcr_18_4,C,A,S,N,8,104,O,ND2,5.430459
tcr_18_4,C,A,S,V,8,100,O,C,7.2249527
tcr_18_4,C,A,S,N,8,104,O,CG,6.629444
tcr_18_4,C,A,S,V,8,100,O,O,7.5327063
tcr_18_4,C,A,S,N,8,104,O,CB,6.913321
tcr_18_4,C,A,S,N,8,104,O,OD1,7.6359363
tcr_18_4,C,A,S,Y,8,108,O,CZ,7.3393736
tcr_18_4,C,A,S,L,8,102,O,N,8.687901
tcr_18_4,C,A,S,N,8,104,O,C,8.990092
tcr_18_4,C,A,S,N,8,104,O,N,8.868869
tcr_18_4,C,A,S,N,8,104,O,CA,8.415911
tcr_18_4,C,A,S,Q,8,168,O,N,7.8317337
tcr_18_4,C,A,S,T,8,167,O,N,7.224825
tcr_18_4,C,A,S,A,8,164,O,O,9.386072
tcr_18_4,C,A,S,T,8,167,O,CA,6.0677533
tcr_18_4,C,A,S,T,8,167,O,O,6.006073
tcr_18_4,C,A,S,K,8,170,O,CG,4.541447
tcr_18_4,C,A,S,T,8,167,O,C,6.551993
tcr_18_4,C,A,S,K,8,170,O,CB,5.358167
tcr_18_4,C,A,S,I,8,166,O,C,7.832708
tcr_18_4,C,A,S,Q,8,168,O,CA,8.679187
tcr_18_4,C,A,S,I,8,166,O,O,7.578005
tcr_18_4,C,A,S,K,8,170,O,N,7.4701943
tcr_18_4,C,A,S,Q,8,168,O,C,8.824647
tcr_18_4,C,A,S,R,8,169,O,CA,9.677712
tcr_18_4,C,A,S,R,8,169,O,N,9.219612
tcr_18_4,C,A,S,I,8,166,O,CB,9.311798
tcr_18_4,C,A,S,Y,8,108,O,CG,9.712858
tcr_18_4,C,A,S,Y,8,108,O,CD1,9.737437
tcr_18_4,C,A,S,I,8,166,O,CG2,8.762509
tcr_18_4,C,A,S,Y,8,108,O,CE1,8.645725
tcr_18_4,C,A,S,A,8,163,O,O,9.771403
tcr_18_4,C,A,S,I,8,166,O,CA,9.213845
tcr_18_4,C,A,S,L,8,105,O,CA,9.753455
tcr_18_4,C,A,S,L,8,105,O,CB,9.717742
tcr_18_4,C,A,S,N,8,104,O,O,9.787029
tcr_18_4,C,A,S,Q,8,94,CB,CG,9.8264675
tcr_18_4,C,A,S,Q,8,94,CB,OE1,8.794759
tcr_18_4,C,A,S,Q,8,94,CB,CD,8.697279
tcr_18_4,C,A,S,Q,8,94,CB,CA,9.37336
tcr_18_4,C,A,S,R,8,93,CB,C,9.65557
tcr_18_4,C,A,S,T,8,97,CB,OG1,5.816811
tcr_18_4,C,A,S,R,8,93,CB,O,8.551111
tcr_18_4,C,A,S,R,8,180,CB,CZ,9.5502205
tcr_18_4,C,A,S,E,8,176,CB,OE2,8.524703
tcr_18_4,C,A,S,E,8,176,CB,CG,9.295798
tcr_18_4,C,A,S,E,8,176,CB,OE1,8.555751
tcr_18_4,C,A,S,E,8,176,CB,CD,8.669915
tcr_18_4,C,A,S,R,8,180,CB,NH2,8.258461
tcr_18_4,C,A,S,W,8,171,CB,CG,8.211786
tcr_18_4,C,A,S,W,8,171,CB,CD1,6.975275
tcr_18_4,C,A,S,W,8,171,CB,CD2,8.183624
tcr_18_4,C,A,S,W,8,171,CB,CE2,6.890894
tcr_18_4,C,A,S,W,8,171,CB,NE1,6.0544453
tcr_18_4,C,A,S,W,8,171,CB,CE3,9.315835
tcr_18_4,C,A,S,W,8,171,CB,CB,9.53316
tcr_18_4,C,A,S,A,8,174,CB,CB,9.63068
tcr_18_4,C,A,S,W,8,171,CB,CA,9.642424
tcr_18_4,C,A,S,K,8,170,CB,C,9.348765
tcr_18_4,C,A,S,K,8,170,CB,O,9.563557
tcr_18_4,C,A,S,K,8,170,CB,CA,9.41882
tcr_18_4,C,A,S,W,8,171,CB,N,9.388627
tcr_18_4,C,A,S,D,8,98,CB,CB,8.134651
tcr_18_4,C,A,S,D,8,98,CB,CA,6.707591
tcr_18_4,C,A,S,Q,8,94,CB,NE2,7.7832823
tcr_18_4,C,A,S,D,8,98,CB,OD1,7.6064024
tcr_18_4,C,A,S,D,8,98,CB,CG,8.423216
tcr_18_4,C,A,S,Q,8,94,CB,O,8.204734
tcr_18_4,C,A,S,D,8,98,CB,OD2,9.651224
tcr_18_4,C,A,S,Q,8,94,CB,C,9.200003
tcr_18_4,C,A,S,L,8,119,CB,CD2,8.210661
tcr_18_4,C,A,S,L,8,119,CB,CG,9.644578
tcr_18_4,C,A,S,L,8,102,CB,CG,9.84745
tcr_18_4,C,A,S,L,8,102,CB,CB,9.380243
tcr_18_4,C,A,S,A,8,95,CB,C,9.525047
tcr_18_4,C,A,S,Q,8,96,CB,N,9.278613
tcr_18_4,C,A,S,Q,8,96,CB,CB,8.989224
tcr_18_4,C,A,S,A,8,95,CB,O,9.182867
tcr_18_4,C,A,S,V,8,100,CB,CG2,5.172736
tcr_18_4,C,A,S,T,8,97,CB,CB,5.215472
tcr_18_4,C,A,S,Q,8,96,CB,C,7.0228567
tcr_18_4,C,A,S,Q,8,96,CB,O,6.5327225
tcr_18_4,C,A,S,T,8,97,CB,C,4.986054
tcr_18_4,C,A,S,T,8,97,CB,O,4.1754537
tcr_18_4,C,A,S,D,8,98,CB,N,6.1507974
tcr_18_4,C,A,S,T,8,97,CB,CG2,4.1000175
tcr_18_4,C,A,S,T,8,97,CB,CA,5.1068926
tcr_18_4,C,A,S,Q,8,96,CB,CA,8.543254
tcr_18_4,C,A,S,T,8,97,CB,N,6.4818974
tcr_18_4,C,A,S,V,8,100,CB,CA,5.121961
tcr_18_4,C,A,S,V,8,100,CB,N,5.8869963
tcr_18_4,C,A,S,R,8,99,CB,N,7.407377
tcr_18_4,C,A,S,D,8,98,CB,C,6.9882994
tcr_18_4,C,A,S,R,8,99,CB,CB,8.796215
tcr_18_4,C,A,S,R,8,99,CB,CA,7.9551353
tcr_18_4,C,A,S,D,8,98,CB,O,7.1017127
tcr_18_4,C,A,S,R,8,99,CB,C,7.0683002
tcr_18_4,C,A,S,R,8,99,CB,CG,9.757901
tcr_18_4,C,A,S,R,8,99,CB,O,7.6483197
tcr_18_4,C,A,S,S,8,101,CB,CB,4.8290553
tcr_18_4,C,A,S,W,8,171,CB,CZ2,6.914675
tcr_18_4,C,A,S,S,8,101,CB,OG,3.704564
tcr_18_4,C,A,S,T,8,167,CB,OG1,8.20333
tcr_18_4,C,A,S,W,8,171,CB,CZ3,9.3234005
tcr_18_4,C,A,S,T,8,167,CB,CB,8.661169
tcr_18_4,C,A,S,T,8,167,CB,CG2,7.8630304
tcr_18_4,C,A,S,W,8,171,CB,CH2,8.22593
tcr_18_4,C,A,S,Y,8,147,CB,OH,9.957185
tcr_18_4,C,A,S,L,8,119,CB,CD1,9.805358
tcr_18_4,C,A,S,Y,8,108,CB,CE2,8.47209
tcr_18_4,C,A,S,S,8,101,CB,C,6.234744
tcr_18_4,C,A,S,S,8,101,CB,O,6.7530828
tcr_18_4,C,A,S,L,8,105,CB,CD1,8.8345585
tcr_18_4,C,A,S,Y,8,108,CB,CD2,9.647498
tcr_18_4,C,A,S,L,8,105,CB,CG,8.757454
tcr_18_4,C,A,S,L,8,102,CB,CA,8.531906
tcr_18_4,C,A,S,L,8,105,CB,N,8.612911
tcr_18_4,C,A,S,L,8,105,CB,CD2,9.489651
tcr_18_4,C,A,S,R,8,103,CB,NH2,7.533316
tcr_18_4,C,A,S,S,8,101,CB,CA,4.7488217
tcr_18_4,C,A,S,Y,8,108,CB,OH,7.429444
tcr_18_4,C,A,S,K,8,170,CB,NZ,3.7202098
tcr_18_4,C,A,S,K,8,170,CB,CE,4.8129025
tcr_18_4,C,A,S,S,8,101,CB,N,4.4135427
tcr_18_4,C,A,S,V,8,100,CB,CG1,3.8240733
tcr_18_4,C,A,S,V,8,100,CB,CB,4.1409206
tcr_18_4,C,A,S,K,8,170,CB,CD,5.8674107
tcr_18_4,C,A,S,N,8,104,CB,ND2,4.5034647
tcr_18_4,C,A,S,V,8,100,CB,C,4.8120813
tcr_18_4,C,A,S,N,8,104,CB,CG,5.6450014
tcr_18_4,C,A,S,V,8,100,CB,O,5.445519
tcr_18_4,C,A,S,N,8,104,CB,CB,6.352266
tcr_18_4,C,A,S,N,8,104,CB,OD1,6.341781
tcr_18_4,C,A,S,Y,8,108,CB,CZ,8.390694
tcr_18_4,C,A,S,L,8,102,CB,N,7.11157
tcr_18_4,C,A,S,R,8,103,CB,NH1,9.0796
tcr_18_4,C,A,S,R,8,103,CB,CZ,8.368579
tcr_18_4,C,A,S,R,8,103,CB,NE,8.71211
tcr_18_4,C,A,S,N,8,104,CB,C,8.655785
tcr_18_4,C,A,S,N,8,104,CB,N,7.644776
tcr_18_4,C,A,S,N,8,104,CB,CA,7.6866255
tcr_18_4,C,A,S,T,8,167,CB,N,9.891253
tcr_18_4,C,A,S,T,8,167,CB,CA,8.917718
tcr_18_4,C,A,S,T,8,167,CB,O,9.20549
tcr_18_4,C,A,S,K,8,170,CB,CG,7.0656157
tcr_18_4,C,A,S,T,8,167,CB,C,9.641771
tcr_18_4,C,A,S,K,8,170,CB,CB,8.15288
tcr_18_4,C,A,S,Y,8,108,CB,CE1,9.507471
tcr_18_4,C,A,S,L,8,105,CB,CA,9.735937
tcr_18_4,C,A,S,L,8,105,CB,CB,9.660292
tcr_18_4,C,A,S,R,8,103,CB,CA,9.03323
tcr_18_4,C,A,S,R,8,103,CB,N,8.437731
tcr_18_4,C,A,S,R,8,103,CB,CB,8.819664
tcr_18_4,C,A,S,L,8,102,CB,C,8.914685
tcr_18_4,C,A,S,L,8,102,CB,O,9.832161
tcr_18_4,C,A,S,R,8,103,CB,CD,9.800845
tcr_18_4,C,A,S,R,8,103,CB,CG,9.854473
tcr_18_4,C,A,S,R,8,103,CB,O,9.862208
tcr_18_4,C,A,S,R,8,103,CB,C,8.814638
tcr_18_4,C,A,S,N,8,104,CB,O,9.661141
tcr_18_4,C,A,S,Q,8,94,OG,OE1,9.812615
tcr_18_4,C,A,S,Q,8,94,OG,CD,9.834065
tcr_18_4,C,A,S,T,8,97,OG,OG1,6.6086054
tcr_18_4,C,A,S,R,8,93,OG,O,9.379172
tcr_18_4,C,A,S,E,8,176,OG,OE2,8.35794
tcr_18_4,C,A,S,E,8,176,OG,CB,9.874344
tcr_18_4,C,A,S,E,8,176,OG,CG,9.338299
tcr_18_4,C,A,S,E,8,176,OG,OE1,8.747924
tcr_18_4,C,A,S,E,8,176,OG,CD,8.692712
tcr_18_4,C,A,S,R,8,180,OG,NH2,8.902068
tcr_18_4,C,A,S,W,8,171,OG,CG,8.155031
tcr_18_4,C,A,S,W,8,171,OG,CD1,6.8393154
tcr_18_4,C,A,S,W,8,171,OG,CD2,8.376411
tcr_18_4,C,A,S,W,8,171,OG,CE2,7.212543
tcr_18_4,C,A,S,W,8,171,OG,NE1,6.1666155
tcr_18_4,C,A,S,W,8,171,OG,CE3,9.627308
tcr_18_4,C,A,S,W,8,171,OG,CB,9.345152
tcr_18_4,C,A,S,A,8,174,OG,CB,8.820968
tcr_18_4,C,A,S,W,8,171,OG,CA,9.231431
tcr_18_4,C,A,S,K,8,170,OG,C,8.672069
tcr_18_4,C,A,S,K,8,170,OG,O,8.774971
tcr_18_4,C,A,S,K,8,170,OG,CA,8.695793
tcr_18_4,C,A,S,W,8,171,OG,N,8.8939495
tcr_18_4,C,A,S,D,8,98,OG,CB,9.508717
tcr_18_4,C,A,S,D,8,98,OG,CA,8.067803
tcr_18_4,C,A,S,Q,8,94,OG,NE2,8.990994
tcr_18_4,C,A,S,D,8,98,OG,OD1,8.9855175
tcr_18_4,C,A,S,D,8,98,OG,CG,9.81481
tcr_18_4,C,A,S,Q,8,94,OG,O,9.405269
tcr_18_4,C,A,S,L,8,119,OG,CD2,9.572094
tcr_18_4,C,A,S,Q,8,96,OG,CB,9.6821165
tcr_18_4,C,A,S,V,8,100,OG,CG2,5.5350995
tcr_18_4,C,A,S,T,8,97,OG,CB,6.2460594
tcr_18_4,C,A,S,Q,8,96,OG,C,7.9330907
tcr_18_4,C,A,S,Q,8,96,OG,O,7.4066963
tcr_18_4,C,A,S,T,8,97,OG,C,6.228641
tcr_18_4,C,A,S,T,8,97,OG,O,5.439664
tcr_18_4,C,A,S,D,8,98,OG,N,7.4500103
tcr_18_4,C,A,S,T,8,97,OG,CG2,5.1581616
tcr_18_4,C,A,S,T,8,97,OG,CA,6.1577473
tcr_18_4,C,A,S,Q,8,96,OG,CA,9.41311
tcr_18_4,C,A,S,T,8,97,OG,N,7.452579
tcr_18_4,C,A,S,V,8,100,OG,CA,5.853443
tcr_18_4,C,A,S,V,8,100,OG,N,6.798094
tcr_18_4,C,A,S,R,8,99,OG,N,8.594835
tcr_18_4,C,A,S,D,8,98,OG,C,8.27495
tcr_18_4,C,A,S,R,8,99,OG,CB,9.764266
tcr_18_4,C,A,S,R,8,99,OG,CA,9.022416
tcr_18_4,C,A,S,D,8,98,OG,O,8.372883
tcr_18_4,C,A,S,R,8,99,OG,C,8.026149
tcr_18_4,C,A,S,R,8,99,OG,O,8.531424
tcr_18_4,C,A,S,S,8,101,OG,CB,6.1110806
tcr_18_4,C,A,S,W,8,171,OG,CZ2,7.500234
tcr_18_4,C,A,S,S,8,101,OG,OG,5.047268
tcr_18_4,C,A,S,T,8,167,OG,OG1,8.478251
tcr_18_4,C,A,S,W,8,171,OG,CZ3,9.834551
tcr_18_4,C,A,S,T,8,167,OG,CB,8.86438
tcr_18_4,C,A,S,T,8,167,OG,CG2,8.166618
tcr_18_4,C,A,S,W,8,171,OG,CH2,8.871048
tcr_18_4,C,A,S,Y,8,108,OG,CE2,8.591742
tcr_18_4,C,A,S,S,8,101,OG,C,7.2706003
tcr_18_4,C,A,S,S,8,101,OG,O,7.648725
tcr_18_4,C,A,S,L,8,105,OG,CD1,9.852901
tcr_18_4,C,A,S,Y,8,108,OG,CD2,9.862385
tcr_18_4,C,A,S,L,8,105,OG,CG,9.606201
tcr_18_4,C,A,S,L,8,102,OG,CA,9.586052
tcr_18_4,C,A,S,L,8,105,OG,N,9.185825
tcr_18_4,C,A,S,R,8,103,OG,NH2,7.2925997
tcr_18_4,C,A,S,S,8,101,OG,CA,5.8585515
tcr_18_4,C,A,S,Y,8,108,OG,OH,7.1854315
tcr_18_4,C,A,S,K,8,170,OG,NZ,2.847436
tcr_18_4,C,A,S,K,8,170,OG,CE,3.8185518
tcr_18_4,C,A,S,S,8,101,OG,N,5.5024123
tcr_18_4,C,A,S,V,8,100,OG,CG1,3.9820082
tcr_18_4,C,A,S,V,8,100,OG,CB,4.693676
tcr_18_4,C,A,S,K,8,170,OG,CD,5.0921926
tcr_18_4,C,A,S,N,8,104,OG,ND2,4.4185123
tcr_18_4,C,A,S,V,8,100,OG,C,5.649975
tcr_18_4,C,A,S,N,8,104,OG,CG,5.677158
tcr_18_4,C,A,S,V,8,100,OG,O,6.1063433
tcr_18_4,C,A,S,N,8,104,OG,CB,6.5889697
tcr_18_4,C,A,S,N,8,104,OG,OD1,6.2791424
tcr_18_4,C,A,S,Y,8,108,OG,CZ,8.301681
tcr_18_4,C,A,S,L,8,102,OG,N,8.213702
tcr_18_4,C,A,S,R,8,103,OG,NH1,9.020395
tcr_18_4,C,A,S,R,8,103,OG,CZ,8.292018
tcr_18_4,C,A,S,R,8,103,OG,NE,8.756835
tcr_18_4,C,A,S,N,8,104,OG,C,9.040386
tcr_18_4,C,A,S,N,8,104,OG,N,8.102367
tcr_18_4,C,A,S,N,8,104,OG,CA,7.9870386
tcr_18_4,C,A,S,T,8,167,OG,N,9.797697
tcr_18_4,C,A,S,T,8,167,OG,CA,8.877129
tcr_18_4,C,A,S,T,8,167,OG,O,9.004195
tcr_18_4,C,A,S,K,8,170,OG,CG,6.2258873
tcr_18_4,C,A,S,T,8,167,OG,C,9.5396
tcr_18_4,C,A,S,K,8,170,OG,CB,7.4676304
tcr_18_4,C,A,S,I,8,166,OG,O,9.941212
tcr_18_4,C,A,S,K,8,170,OG,N,9.843954
tcr_18_4,C,A,S,Y,8,108,OG,CE1,9.3549385
tcr_18_4,C,A,S,R,8,103,OG,CA,9.635013
tcr_18_4,C,A,S,R,8,103,OG,N,9.226566
tcr_18_4,C,A,S,R,8,103,OG,CB,9.312237
tcr_18_4,C,A,S,L,8,102,OG,C,9.802545
tcr_18_4,C,A,S,R,8,103,OG,CD,9.982406
tcr_18_4,C,A,S,R,8,103,OG,C,9.292089
tcr_18_4,C,A,S,N,8,104,OG,O,9.938778
tcr_18_4,C,A,M,R,9,180,N,NH1,8.439409
tcr_18_4,C,A,M,Q,9,94,N,OE1,9.1682205
tcr_18_4,C,A,M,Q,9,94,N,CD,8.934174
tcr_18_4,C,A,M,T,9,97,N,OG1,7.7424035
tcr_18_4,C,A,M,R,9,180,N,NE,8.88365
tcr_18_4,C,A,M,R,9,180,N,CZ,7.993482
tcr_18_4,C,A,M,W,9,157,N,CH2,9.972127
tcr_18_4,C,A,M,E,9,176,N,OE2,8.347107
tcr_18_4,C,A,M,E,9,176,N,CB,9.005074
tcr_18_4,C,A,M,E,9,176,N,CG,8.264725
tcr_18_4,C,A,M,E,9,176,N,OE1,8.112746
tcr_18_4,C,A,M,E,9,176,N,CD,8.146567
tcr_18_4,C,A,M,R,9,180,N,NH2,6.7679625
tcr_18_4,C,A,M,W,9,171,N,CG,6.3031673
tcr_18_4,C,A,M,W,9,171,N,CD1,5.335477
tcr_18_4,C,A,M,W,9,171,N,CD2,5.942983
tcr_18_4,C,A,M,W,9,171,N,CE2,4.6308374
tcr_18_4,C,A,M,W,9,171,N,NE1,4.1804314
tcr_18_4,C,A,M,W,9,171,N,CE3,6.8823986
tcr_18_4,C,A,M,Q,9,168,N,O,9.958974
tcr_18_4,C,A,M,W,9,171,N,CB,7.730204
tcr_18_4,C,A,M,A,9,174,N,CB,9.624163
tcr_18_4,C,A,M,W,9,171,N,CA,8.212235
tcr_18_4,C,A,M,W,9,171,N,C,9.735209
tcr_18_4,C,A,M,K,9,170,N,C,8.19993
tcr_18_4,C,A,M,K,9,170,N,O,8.783386
tcr_18_4,C,A,M,K,9,170,N,CA,8.210517
tcr_18_4,C,A,M,W,9,171,N,N,7.8981247
tcr_18_4,C,A,M,Y,9,147,N,CD1,7.7473097
tcr_18_4,C,A,M,S,9,140,N,OG,8.403146
tcr_18_4,C,A,M,I,9,148,N,CG2,8.003291
tcr_18_4,C,A,M,S,9,140,N,CB,8.776884
tcr_18_4,C,A,M,I,9,148,N,CG1,9.631941
tcr_18_4,C,A,M,I,9,148,N,CB,9.1527405
tcr_18_4,C,A,M,I,9,148,N,CD1,8.79082
tcr_18_4,C,A,M,Y,9,147,N,CB,9.984685
tcr_18_4,C,A,M,Y,9,147,N,CG,8.933031
tcr_18_4,C,A,M,Y,9,147,N,CD2,9.351862
tcr_18_4,C,A,M,D,9,98,N,CB,8.299626
tcr_18_4,C,A,M,D,9,98,N,CA,7.0898995
tcr_18_4,C,A,M,Q,9,94,N,NE2,7.773245
tcr_18_4,C,A,M,D,9,98,N,OD1,7.3625307
tcr_18_4,C,A,M,D,9,98,N,CG,8.26246
tcr_18_4,C,A,M,Q,9,94,N,O,9.2003975
tcr_18_4,C,A,M,D,9,98,N,OD2,9.335542
tcr_18_4,C,A,M,L,9,119,N,CD2,6.774509
tcr_18_4,C,A,M,L,9,119,N,CG,7.9528685
tcr_18_4,C,A,M,L,9,102,N,CG,9.284429
tcr_18_4,C,A,M,L,9,119,N,CB,9.090088
tcr_18_4,C,A,M,L,9,102,N,CB,9.044283
tcr_18_4,C,A,M,V,9,100,N,CG2,7.770802
tcr_18_4,C,A,M,T,9,97,N,CB,6.8186216
tcr_18_4,C,A,M,Q,9,96,N,C,9.097009
tcr_18_4,C,A,M,Q,9,96,N,O,8.6710825
tcr_18_4,C,A,M,T,9,97,N,C,6.336337
tcr_18_4,C,A,M,T,9,97,N,O,5.5145087
tcr_18_4,C,A,M,D,9,98,N,N,7.066671
tcr_18_4,C,A,M,T,9,97,N,CG2,5.4703193
tcr_18_4,C,A,M,T,9,97,N,CA,6.9800806
tcr_18_4,C,A,M,T,9,97,N,N,8.431359
tcr_18_4,C,A,M,V,9,100,N,CA,6.7781167
tcr_18_4,C,A,M,V,9,100,N,N,7.4450293
tcr_18_4,C,A,M,R,9,99,N,N,8.414488
tcr_18_4,C,A,M,D,9,98,N,C,7.5315423
tcr_18_4,C,A,M,R,9,99,N,CA,9.088388
tcr_18_4,C,A,M,D,9,98,N,O,7.293281
tcr_18_4,C,A,M,R,9,99,N,C,8.292992
tcr_18_4,C,A,M,R,9,99,N,O,8.663937
tcr_18_4,C,A,M,L,9,102,N,CD2,9.982502
tcr_18_4,C,A,M,S,9,101,N,CB,3.8838172
tcr_18_4,C,A,M,W,9,171,N,CZ2,4.450628
tcr_18_4,C,A,M,S,9,101,N,OG,2.92955
tcr_18_4,C,A,M,T,9,167,N,OG1,5.318245
tcr_18_4,C,A,M,W,9,171,N,CZ3,6.749335
tcr_18_4,C,A,M,T,9,167,N,CB,5.754619
tcr_18_4,C,A,M,T,9,167,N,CG2,4.8894
tcr_18_4,C,A,M,W,9,171,N,CH2,5.6533127
tcr_18_4,C,A,M,Y,9,147,N,OH,7.0747776
tcr_18_4,C,A,M,Y,9,147,N,CE1,6.92831
tcr_18_4,C,A,M,L,9,119,N,CD1,7.67739
tcr_18_4,C,A,M,Y,9,147,N,CZ,7.4721994
tcr_18_4,C,A,M,Y,9,108,N,CE2,6.4905457
tcr_18_4,C,A,M,S,9,101,N,C,5.5136237
tcr_18_4,C,A,M,S,9,101,N,O,5.7025723
tcr_18_4,C,A,M,L,9,105,N,CD1,6.643091
tcr_18_4,C,A,M,Y,9,108,N,CD2,7.569973
tcr_18_4,C,A,M,L,9,105,N,CG,6.5704374
tcr_18_4,C,A,M,L,9,102,N,CA,7.9393244
tcr_18_4,C,A,M,L,9,105,N,N,7.274066
tcr_18_4,C,A,M,Y,9,147,N,CE2,8.6928005
tcr_18_4,C,A,M,L,9,105,N,CD2,6.9602404
tcr_18_4,C,A,M,R,9,103,N,NH2,9.36787
tcr_18_4,C,A,M,S,9,101,N,CA,4.2850404
tcr_18_4,C,A,M,Y,9,108,N,OH,6.1443353
tcr_18_4,C,A,M,K,9,170,N,NZ,4.091848
tcr_18_4,C,A,M,K,9,170,N,CE,4.971203
tcr_18_4,C,A,M,S,9,101,N,N,4.94777
tcr_18_4,C,A,M,V,9,100,N,CG1,6.1176496
tcr_18_4,C,A,M,V,9,100,N,CB,6.416959
tcr_18_4,C,A,M,K,9,170,N,CD,5.197562
tcr_18_4,C,A,M,N,9,104,N,ND2,4.897619
tcr_18_4,C,A,M,V,9,100,N,C,5.781047
tcr_18_4,C,A,M,N,9,104,N,CG,5.8450994
tcr_18_4,C,A,M,V,9,100,N,O,6.116615
tcr_18_4,C,A,M,N,9,104,N,CB,5.799156
tcr_18_4,C,A,M,N,9,104,N,OD1,6.9463763
tcr_18_4,C,A,M,Y,9,108,N,CZ,6.8501735
tcr_18_4,C,A,M,L,9,102,N,N,6.639524
tcr_18_4,C,A,M,N,9,104,N,C,7.5968037
tcr_18_4,C,A,M,N,9,104,N,N,7.435627
tcr_18_4,C,A,M,N,9,104,N,CA,7.1618533
tcr_18_4,C,A,M,Q,9,168,N,N,8.301576
tcr_18_4,C,A,M,T,9,167,N,N,7.385479
tcr_18_4,C,A,M,A,9,164,N,O,9.225996
tcr_18_4,C,A,M,T,9,167,N,CA,6.327751
tcr_18_4,C,A,M,T,9,167,N,O,6.930776
tcr_18_4,C,A,M,K,9,170,N,CG,6.37389
tcr_18_4,C,A,M,T,9,167,N,C,7.126602
tcr_18_4,C,A,M,K,9,170,N,CB,6.9188004
tcr_18_4,C,A,M,I,9,166,N,C,8.248872
tcr_18_4,C,A,M,Q,9,168,N,CA,9.343752
tcr_18_4,C,A,M,I,9,166,N,O,8.327872
tcr_18_4,C,A,M,K,9,170,N,N,8.900904
tcr_18_4,C,A,M,Q,9,168,N,C,9.810968
tcr_18_4,C,A,M,I,9,166,N,CB,9.381258
tcr_18_4,C,A,M,Y,9,108,N,CG,8.800157
tcr_18_4,C,A,M,Y,9,108,N,CD1,9.058099
tcr_18_4,C,A,M,A,9,164,N,C,9.911114
tcr_18_4,C,A,M,I,9,166,N,CG2,9.027394
tcr_18_4,C,A,M,Y,9,108,N,CE1,8.18101
tcr_18_4,C,A,M,A,9,163,N,O,9.226413
tcr_18_4,C,A,M,A,9,164,N,CA,9.638692
tcr_18_4,C,A,M,I,9,166,N,CA,9.486739
tcr_18_4,C,A,M,L,9,105,N,CA,8.040028
tcr_18_4,C,A,M,L,9,105,N,CB,7.7928143
tcr_18_4,C,A,M,L,9,105,N,C,9.527334
tcr_18_4,C,A,M,R,9,103,N,CA,9.192444
tcr_18_4,C,A,M,R,9,103,N,N,8.456815
tcr_18_4,C,A,M,R,9,103,N,CB,9.50203
tcr_18_4,C,A,M,L,9,102,N,C,8.483437
tcr_18_4,C,A,M,L,9,102,N,O,9.153995
tcr_18_4,C,A,M,R,9,103,N,O,9.615087
tcr_18_4,C,A,M,R,9,103,N,C,8.69916
tcr_18_4,C,A,M,N,9,104,N,O,8.534255
tcr_18_4,C,A,M,R,9,180,CA,NH1,8.63698
tcr_18_4,C,A,M,T,9,97,CA,OG1,9.179427
tcr_18_4,C,A,M,R,9,180,CA,NE,9.224415
tcr_18_4,C,A,M,W,9,157,CA,CZ2,9.890006
tcr_18_4,C,A,M,R,9,180,CA,CZ,8.305917
tcr_18_4,C,A,M,W,9,157,CA,CZ3,9.844186
tcr_18_4,C,A,M,W,9,157,CA,CH2,9.7594595
tcr_18_4,C,A,M,E,9,176,CA,OE2,8.931168
tcr_18_4,C,A,M,E,9,176,CA,CB,9.154079
tcr_18_4,C,A,M,E,9,176,CA,CG,8.546257
tcr_18_4,C,A,M,E,9,176,CA,OE1,8.767967
tcr_18_4,C,A,M,E,9,176,CA,CD,8.678763
tcr_18_4,C,A,M,R,9,180,CA,NH2,7.1768622
tcr_18_4,C,A,M,W,9,171,CA,CG,5.963922
tcr_18_4,C,A,M,W,9,171,CA,CD1,5.1640553
tcr_18_4,C,A,M,W,9,171,CA,CD2,5.577087
tcr_18_4,C,A,M,W,9,171,CA,CE2,4.436977
tcr_18_4,C,A,M,W,9,171,CA,NE1,4.1356797
tcr_18_4,C,A,M,W,9,171,CA,CE3,6.425402
tcr_18_4,C,A,M,Q,9,168,CA,O,9.108371
tcr_18_4,C,A,M,W,9,171,CA,CB,7.319835
tcr_18_4,C,A,M,A,9,174,CA,CB,9.847818
tcr_18_4,C,A,M,W,9,171,CA,CA,7.866859
tcr_18_4,C,A,M,W,9,171,CA,C,9.39066
tcr_18_4,C,A,M,K,9,170,CA,C,7.7589808
tcr_18_4,C,A,M,K,9,170,CA,O,8.515573
tcr_18_4,C,A,M,K,9,170,CA,CA,7.6084204
tcr_18_4,C,A,M,W,9,171,CA,N,7.395178
tcr_18_4,C,A,M,R,9,169,CA,C,9.35266
tcr_18_4,C,A,M,I,9,148,CA,CA,9.464647
tcr_18_4,C,A,M,I,9,148,CA,N,9.420718
tcr_18_4,C,A,M,Y,9,147,CA,C,9.770528
tcr_18_4,C,A,M,Y,9,147,CA,CD1,6.652827
tcr_18_4,C,A,M,S,9,140,CA,CA,9.915812
tcr_18_4,C,A,M,S,9,140,CA,OG,8.222588
tcr_18_4,C,A,M,I,9,148,CA,CG2,7.1574607
tcr_18_4,C,A,M,S,9,140,CA,CB,8.407041
tcr_18_4,C,A,M,A,9,164,CA,CB,9.031396
tcr_18_4,C,A,M,I,9,148,CA,CG1,8.652995
tcr_18_4,C,A,M,I,9,148,CA,CB,8.160212
tcr_18_4,C,A,M,I,9,148,CA,CD1,7.7729697
tcr_18_4,C,A,M,Y,9,147,CA,CB,9.009965
tcr_18_4,C,A,M,Y,9,142,CA,CB,9.893254
tcr_18_4,C,A,M,Y,9,147,CA,CG,7.8491507
tcr_18_4,C,A,M,Y,9,147,CA,CD2,8.188068
tcr_18_4,C,A,M,D,9,98,CA,CB,9.212767
tcr_18_4,C,A,M,D,9,98,CA,CA,8.072718
tcr_18_4,C,A,M,Q,9,94,CA,NE2,8.843371
tcr_18_4,C,A,M,D,9,98,CA,OD1,8.292839
tcr_18_4,C,A,M,D,9,98,CA,CG,9.144852
tcr_18_4,C,A,M,L,9,119,CA,CD2,7.0607758
tcr_18_4,C,A,M,L,9,119,CA,CG,8.0584545
tcr_18_4,C,A,M,L,9,102,CA,CG,9.562197
tcr_18_4,C,A,M,L,9,119,CA,CB,9.183098
tcr_18_4,C,A,M,L,9,102,CA,CB,9.309031
tcr_18_4,C,A,M,V,9,100,CA,CG2,8.886963
tcr_18_4,C,A,M,T,9,97,CA,CB,8.222863
tcr_18_4,C,A,M,Q,9,96,CA,O,9.935387
tcr_18_4,C,A,M,T,9,97,CA,C,7.6042385
tcr_18_4,C,A,M,T,9,97,CA,O,6.734087
tcr_18_4,C,A,M,D,9,98,CA,N,8.236637
tcr_18_4,C,A,M,T,9,97,CA,CG2,6.883712
tcr_18_4,C,A,M,T,9,97,CA,CA,8.359105
tcr_18_4,C,A,M,T,9,97,CA,N,9.794011
tcr_18_4,C,A,M,V,9,100,CA,CA,7.6668115
tcr_18_4,C,A,M,V,9,100,CA,N,8.406918
tcr_18_4,C,A,M,R,9,99,CA,N,9.393348
tcr_18_4,C,A,M,D,9,98,CA,C,8.429326
tcr_18_4,C,A,M,R,9,99,CA,CA,9.987094
tcr_18_4,C,A,M,D,9,98,CA,O,8.015253
tcr_18_4,C,A,M,R,9,99,CA,C,9.138195
tcr_18_4,C,A,M,R,9,99,CA,O,9.351105
tcr_18_4,C,A,M,S,9,101,CA,CB,4.459572
tcr_18_4,C,A,M,W,9,171,CA,CZ2,4.32123
tcr_18_4,C,A,M,S,9,101,CA,OG,3.8777661
tcr_18_4,C,A,M,T,9,167,CA,OG1,3.866431
tcr_18_4,C,A,M,W,9,171,CA,CZ3,6.3314567
tcr_18_4,C,A,M,T,9,167,CA,CB,4.3908324
tcr_18_4,C,A,M,T,9,167,CA,CG2,3.7042837
tcr_18_4,C,A,M,W,9,171,CA,CH2,5.3802195
tcr_18_4,C,A,M,Y,9,147,CA,OH,5.6918907
tcr_18_4,C,A,M,Y,9,147,CA,CE1,5.6962037
tcr_18_4,C,A,M,L,9,119,CA,CD1,7.515819
tcr_18_4,C,A,M,Y,9,147,CA,CZ,6.1665707
tcr_18_4,C,A,M,Y,9,108,CA,CE2,5.3177176
tcr_18_4,C,A,M,S,9,101,CA,C,5.6920705
tcr_18_4,C,A,M,S,9,101,CA,O,5.58462
tcr_18_4,C,A,M,L,9,105,CA,CD1,6.0724163
tcr_18_4,C,A,M,Y,9,108,CA,CD2,6.3708277
tcr_18_4,C,A,M,L,9,105,CA,CG,5.8066096
tcr_18_4,C,A,M,L,9,102,CA,CA,8.061327
tcr_18_4,C,A,M,L,9,105,CA,N,6.672677
tcr_18_4,C,A,M,Y,9,147,CA,CE2,7.438627
tcr_18_4,C,A,M,L,9,105,CA,CD2,5.9380426
tcr_18_4,C,A,M,R,9,103,CA,NH2,9.88225
tcr_18_4,C,A,M,S,9,101,CA,CA,4.7636366
tcr_18_4,C,A,M,Y,9,108,CA,OH,5.255291
tcr_18_4,C,A,M,K,9,170,CA,NZ,4.3592663
tcr_18_4,C,A,M,K,9,170,CA,CE,5.0997705
tcr_18_4,C,A,M,S,9,101,CA,N,5.711659
tcr_18_4,C,A,M,V,9,100,CA,CG1,7.03032
tcr_18_4,C,A,M,V,9,100,CA,CB,7.464789
tcr_18_4,C,A,M,K,9,170,CA,CD,4.899953
tcr_18_4,C,A,M,N,9,104,CA,ND2,5.0314813
tcr_18_4,C,A,M,V,9,100,CA,C,6.487058
tcr_18_4,C,A,M,N,9,104,CA,CG,5.830812
tcr_18_4,C,A,M,V,9,100,CA,O,6.583759
tcr_18_4,C,A,M,N,9,104,CA,CB,5.489072
tcr_18_4,C,A,M,N,9,104,CA,OD1,7.02405
tcr_18_4,C,A,M,Y,9,108,CA,CZ,5.8273826
tcr_18_4,C,A,M,L,9,102,CA,N,6.918797
tcr_18_4,C,A,M,N,9,104,CA,C,7.0087314
tcr_18_4,C,A,M,N,9,104,CA,N,7.3229403
tcr_18_4,C,A,M,N,9,104,CA,CA,6.8197813
tcr_18_4,C,A,M,Q,9,168,CA,N,7.1127005
tcr_18_4,C,A,M,T,9,167,CA,N,6.0367517
tcr_18_4,C,A,M,A,9,164,CA,O,7.850313
tcr_18_4,C,A,M,T,9,167,CA,CA,5.0421524
tcr_18_4,C,A,M,T,9,167,CA,O,5.974175
tcr_18_4,C,A,M,K,9,170,CA,CG,6.051308
tcr_18_4,C,A,M,T,9,167,CA,C,5.982327
tcr_18_4,C,A,M,K,9,170,CA,CB,6.292629
tcr_18_4,C,A,M,I,9,166,CA,C,6.9726176
tcr_18_4,C,A,M,Q,9,168,CA,CA,8.258721
tcr_18_4,C,A,M,I,9,166,CA,O,7.17782
tcr_18_4,C,A,M,K,9,170,CA,N,8.097285
tcr_18_4,C,A,M,Q,9,168,CA,C,8.816844
tcr_18_4,C,A,M,Q,9,165,CA,O,9.758612
tcr_18_4,C,A,M,Q,9,168,CA,CB,9.444902
tcr_18_4,C,A,M,R,9,169,CA,CA,9.961723
tcr_18_4,C,A,M,R,9,169,CA,N,9.173133
tcr_18_4,C,A,M,I,9,166,CA,CB,8.070658
tcr_18_4,C,A,M,Y,9,108,CA,CG,7.6625986
tcr_18_4,C,A,M,Y,9,108,CA,CD1,8.012871
tcr_18_4,C,A,M,A,9,164,CA,C,8.492698
tcr_18_4,C,A,M,A,9,163,CA,C,8.580185
tcr_18_4,C,A,M,A,9,163,CA,CA,9.685804
tcr_18_4,C,A,M,I,9,166,CA,CG2,7.848532
tcr_18_4,C,A,M,A,9,164,CA,N,8.832334
tcr_18_4,C,A,M,Y,9,108,CA,CE1,7.208506
tcr_18_4,C,A,M,A,9,163,CA,O,7.778489
tcr_18_4,C,A,M,A,9,164,CA,CA,8.216607
tcr_18_4,C,A,M,Q,9,165,CA,N,9.600041
tcr_18_4,C,A,M,I,9,166,CA,CA,8.166442
tcr_18_4,C,A,M,I,9,166,CA,N,8.733283
tcr_18_4,C,A,M,I,9,166,CA,CG1,9.492401
tcr_18_4,C,A,M,I,9,166,CA,CD1,9.7727165
tcr_18_4,C,A,M,Q,9,165,CA,C,9.425029
tcr_18_4,C,A,M,R,9,106,CA,N,9.438152
tcr_18_4,C,A,M,L,9,105,CA,CA,7.2749496
tcr_18_4,C,A,M,Y,9,142,CA,CD2,9.681572
tcr_18_4,C,A,M,L,9,105,CA,CB,7.098064
tcr_18_4,C,A,M,L,9,105,CA,C,8.787828
tcr_18_4,C,A,M,L,9,105,CA,O,9.484935
tcr_18_4,C,A,M,Y,9,108,CA,CB,8.844454
tcr_18_4,C,A,M,A,9,163,CA,CB,9.732924
tcr_18_4,C,A,M,R,9,103,CA,CA,9.283491
tcr_18_4,C,A,M,R,9,103,CA,N,8.625322
tcr_18_4,C,A,M,R,9,103,CA,CB,9.770246
tcr_18_4,C,A,M,L,9,102,CA,C,8.515983
tcr_18_4,C,A,M,L,9,102,CA,O,9.007023
tcr_18_4,C,A,M,R,9,103,CA,O,9.380264
tcr_18_4,C,A,M,R,9,103,CA,C,8.59852
tcr_18_4,C,A,M,N,9,104,CA,O,7.825033
tcr_18_4,C,A,M,R,9,180,C,CZ,9.700437
tcr_18_4,C,A,M,E,9,176,C,OE2,9.776616
tcr_18_4,C,A,M,E,9,176,C,CB,9.951251
tcr_18_4,C,A,M,E,9,176,C,CG,9.529282
tcr_18_4,C,A,M,E,9,176,C,OE1,9.888197
tcr_18_4,C,A,M,E,9,176,C,CD,9.671629
tcr_18_4,C,A,M,R,9,180,C,NH2,8.579119
tcr_18_4,C,A,M,W,9,171,C,CG,6.60376
tcr_18_4,C,A,M,W,9,171,C,CD1,5.7408037
tcr_18_4,C,A,M,W,9,171,C,CD2,6.4799037
tcr_18_4,C,A,M,W,9,171,C,CE2,5.5134273
tcr_18_4,C,A,M,W,9,171,C,NE1,4.996138
tcr_18_4,C,A,M,W,9,171,C,CE3,7.410343
tcr_18_4,C,A,M,Q,9,168,C,O,9.094507
tcr_18_4,C,A,M,W,9,171,C,CB,7.8055806
tcr_18_4,C,A,M,A,9,174,C,CB,9.9995165
tcr_18_4,C,A,M,W,9,171,C,CA,8.130325
tcr_18_4,C,A,M,W,9,171,C,C,9.63509
tcr_18_4,C,A,M,K,9,170,C,C,7.55386
tcr_18_4,C,A,M,R,9,169,C,O,9.731523
tcr_18_4,C,A,M,K,9,170,C,O,8.334254
tcr_18_4,C,A,M,K,9,170,C,CA,7.118835
tcr_18_4,C,A,M,W,9,171,C,N,7.402629
tcr_18_4,C,A,M,R,9,169,C,C,8.895754
tcr_18_4,C,A,M,Y,9,147,C,CD1,7.256312
tcr_18_4,C,A,M,S,9,140,C,OG,9.608797
tcr_18_4,C,A,M,I,9,148,C,CG2,8.136294
tcr_18_4,C,A,M,S,9,140,C,CB,9.676825
tcr_18_4,C,A,M,A,9,164,C,CB,9.114879
tcr_18_4,C,A,M,I,9,148,C,CG1,9.383508
tcr_18_4,C,A,M,I,9,148,C,CB,8.947733
tcr_18_4,C,A,M,I,9,148,C,CD1,8.384322
tcr_18_4,C,A,M,Y,9,147,C,CB,9.664432
tcr_18_4,C,A,M,Y,9,147,C,CG,8.362613
tcr_18_4,C,A,M,Y,9,147,C,CD2,8.462917
tcr_18_4,C,A,M,D,9,98,C,CA,8.935427
tcr_18_4,C,A,M,D,9,98,C,OD1,9.511853
tcr_18_4,C,A,M,L,9,119,C,CD2,8.081927
tcr_18_4,C,A,M,L,9,119,C,CG,9.088683
tcr_18_4,C,A,M,L,9,102,C,CG,9.974054
tcr_18_4,C,A,M,L,9,102,C,CB,9.500747
tcr_18_4,C,A,M,V,9,100,C,CG2,8.834831
tcr_18_4,C,A,M,T,9,97,C,CB,9.1609335
tcr_18_4,C,A,M,T,9,97,C,C,8.376773
tcr_18_4,C,A,M,T,9,97,C,O,7.36989
tcr_18_4,C,A,M,D,9,98,C,N,9.109844
tcr_18_4,C,A,M,T,9,97,C,CG2,7.870723
tcr_18_4,C,A,M,T,9,97,C,CA,9.119635
tcr_18_4,C,A,M,V,9,100,C,CA,7.6018043
tcr_18_4,C,A,M,V,9,100,C,N,8.557732
tcr_18_4,C,A,M,R,9,99,C,N,9.932142
tcr_18_4,C,A,M,D,9,98,C,C,9.065826
tcr_18_4,C,A,M,D,9,98,C,O,8.552887
tcr_18_4,C,A,M,R,9,99,C,C,9.289944
tcr_18_4,C,A,M,R,9,99,C,O,9.346092
tcr_18_4,C,A,M,S,9,101,C,CB,5.156334
tcr_18_4,C,A,M,W,9,171,C,CZ2,5.6455507
tcr_18_4,C,A,M,S,9,101,C,OG,4.770619
tcr_18_4,C,A,M,T,9,167,C,OG1,3.6149516
tcr_18_4,C,A,M,W,9,171,C,CZ3,7.4953313
tcr_18_4,C,A,M,T,9,167,C,CB,4.376847
tcr_18_4,C,A,M,T,9,167,C,CG2,4.1784897
tcr_18_4,C,A,M,W,9,171,C,CH2,6.695118
tcr_18_4,C,A,M,Y,9,147,C,OH,5.460208
tcr_18_4,C,A,M,Y,9,147,C,CE1,6.098474
tcr_18_4,C,A,M,L,9,119,C,CD1,8.5097685
tcr_18_4,C,A,M,Y,9,147,C,CZ,6.2469835
tcr_18_4,C,A,M,Y,9,108,C,CE2,4.1378546
tcr_18_4,C,A,M,S,9,101,C,C,5.778249
tcr_18_4,C,A,M,S,9,101,C,O,5.435233
tcr_18_4,C,A,M,L,9,105,C,CD1,6.389786
tcr_18_4,C,A,M,Y,9,108,C,CD2,5.351092
tcr_18_4,C,A,M,L,9,105,C,CG,5.7634354
tcr_18_4,C,A,M,L,9,102,C,CA,8.137919
tcr_18_4,C,A,M,L,9,105,C,N,5.991987
tcr_18_4,C,A,M,Y,9,147,C,CE2,7.498926
tcr_18_4,C,A,M,L,9,105,C,CD2,5.8652906
tcr_18_4,C,A,M,R,9,103,C,NH2,9.053308
tcr_18_4,C,A,M,S,9,101,C,CA,5.0041037
tcr_18_4,C,A,M,Y,9,108,C,OH,3.7446947
tcr_18_4,C,A,M,K,9,170,C,NZ,3.647014
tcr_18_4,C,A,M,K,9,170,C,CE,4.4688115
tcr_18_4,C,A,M,S,9,101,C,N,5.895341
tcr_18_4,C,A,M,V,9,100,C,CG1,6.7025332
tcr_18_4,C,A,M,V,9,100,C,CB,7.408638
tcr_18_4,C,A,M,K,9,170,C,CD,4.133914
tcr_18_4,C,A,M,N,9,104,C,ND2,4.012179
tcr_18_4,C,A,M,V,9,100,C,C,6.3880672
tcr_18_4,C,A,M,N,9,104,C,CG,4.766932
tcr_18_4,C,A,M,V,9,100,C,O,6.2275376
tcr_18_4,C,A,M,N,9,104,C,CB,4.4325347
tcr_18_4,C,A,M,N,9,104,C,OD1,5.9692507
tcr_18_4,C,A,M,Y,9,108,C,CZ,4.4244437
tcr_18_4,C,A,M,L,9,102,C,N,7.0956664
tcr_18_4,C,A,M,R,9,103,C,CZ,9.80451
tcr_18_4,C,A,M,R,9,103,C,NE,9.589692
tcr_18_4,C,A,M,N,9,104,C,C,6.074349
tcr_18_4,C,A,M,N,9,104,C,N,6.563595
tcr_18_4,C,A,M,N,9,104,C,CA,5.83345
tcr_18_4,C,A,M,Q,9,168,C,N,7.034629
tcr_18_4,C,A,M,T,9,167,C,N,5.4265003
tcr_18_4,C,A,M,A,9,164,C,O,7.7382016
tcr_18_4,C,A,M,T,9,167,C,CA,4.7038617
tcr_18_4,C,A,M,T,9,167,C,O,5.926854
tcr_18_4,C,A,M,K,9,170,C,CG,5.4534297
tcr_18_4,C,A,M,T,9,167,C,C,5.8611245
tcr_18_4,C,A,M,K,9,170,C,CB,5.671436
tcr_18_4,C,A,M,I,9,166,C,C,6.1887503
tcr_18_4,C,A,M,Q,9,168,C,CA,8.283873
tcr_18_4,C,A,M,I,9,166,C,O,6.394665
tcr_18_4,C,A,M,K,9,170,C,N,7.5940485
tcr_18_4,C,A,M,Q,9,168,C,C,8.7009735
tcr_18_4,C,A,M,Q,9,165,C,O,9.182371
tcr_18_4,C,A,M,R,9,169,C,CB,9.93067
tcr_18_4,C,A,M,Q,9,168,C,CB,9.463107
tcr_18_4,C,A,M,R,9,169,C,CA,9.512525
tcr_18_4,C,A,M,R,9,169,C,N,8.834147
tcr_18_4,C,A,M,I,9,166,C,CB,6.9952154
tcr_18_4,C,A,M,Y,9,108,C,CG,6.5385914
tcr_18_4,C,A,M,Y,9,108,C,CD1,6.7104044
tcr_18_4,C,A,M,A,9,164,C,C,8.295235
tcr_18_4,C,A,M,A,9,163,C,C,8.047904
tcr_18_4,C,A,M,A,9,163,C,CA,9.032298
tcr_18_4,C,A,M,I,9,166,C,CG2,6.598934
tcr_18_4,C,A,M,A,9,164,C,N,8.519291
tcr_18_4,C,A,M,Y,9,108,C,CE1,5.7930346
tcr_18_4,C,A,M,A,9,163,C,O,7.1405573
tcr_18_4,C,A,M,A,9,164,C,CA,8.089716
tcr_18_4,C,A,M,Q,9,165,C,N,9.262861
tcr_18_4,C,A,M,I,9,166,C,CA,7.2772603
tcr_18_4,C,A,M,I,9,166,C,N,8.022061
tcr_18_4,C,A,M,Q,9,165,C,CA,9.714052
tcr_18_4,C,A,M,I,9,166,C,CG1,8.394985
tcr_18_4,C,A,M,I,9,166,C,CD1,8.58644
tcr_18_4,C,A,M,Q,9,165,C,C,8.855518
tcr_18_4,C,A,M,R,9,106,C,N,8.834933
tcr_18_4,C,A,M,L,9,105,C,CA,6.709563
tcr_18_4,C,A,M,L,9,105,C,CB,6.858352
tcr_18_4,C,A,M,L,9,105,C,C,8.161478
tcr_18_4,C,A,M,L,9,105,C,O,8.796954
tcr_18_4,C,A,M,Y,9,109,C,CE2,9.796278
tcr_18_4,C,A,M,Y,9,108,C,CA,9.041356
tcr_18_4,C,A,M,Y,9,108,C,CB,7.844839
tcr_18_4,C,A,M,A,9,163,C,CB,9.136366
tcr_18_4,C,A,M,R,9,103,C,CA,8.746445
tcr_18_4,C,A,M,R,9,103,C,N,8.317164
tcr_18_4,C,A,M,R,9,103,C,CB,9.203805
tcr_18_4,C,A,M,L,9,102,C,C,8.31456
tcr_18_4,C,A,M,L,9,102,C,O,8.705225
tcr_18_4,C,A,M,R,9,103,C,O,8.539522
tcr_18_4,C,A,M,R,9,103,C,C,7.870952
tcr_18_4,C,A,M,G,9,107,C,C,9.955488
tcr_18_4,C,A,M,Y,9,108,C,N,8.914859
tcr_18_4,C,A,M,N,9,104,C,O,6.773206
tcr_18_4,C,A,M,G,9,107,C,N,9.692279
tcr_18_4,C,A,M,T,9,97,O,OG1,9.761514
tcr_18_4,C,A,M,R,9,180,O,NH2,9.367137
tcr_18_4,C,A,M,W,9,171,O,CG,7.5745826
tcr_18_4,C,A,M,W,9,171,O,CD1,6.586555
tcr_18_4,C,A,M,W,9,171,O,CD2,7.5362782
tcr_18_4,C,A,M,W,9,171,O,CE2,6.506468
tcr_18_4,C,A,M,W,9,171,O,NE1,5.855099
tcr_18_4,C,A,M,W,9,171,O,CE3,8.5345335
tcr_18_4,C,A,M,W,9,171,O,CB,8.768729
tcr_18_4,C,A,M,W,9,171,O,CA,8.960451
tcr_18_4,C,A,M,K,9,170,O,C,8.191428
tcr_18_4,C,A,M,K,9,170,O,O,8.864421
tcr_18_4,C,A,M,K,9,170,O,CA,7.6894875
tcr_18_4,C,A,M,W,9,171,O,N,8.200088
tcr_18_4,C,A,M,R,9,169,O,C,9.608588
tcr_18_4,C,A,M,Y,9,147,O,CD1,8.259729
tcr_18_4,C,A,M,I,9,148,O,CG2,9.315775
tcr_18_4,C,A,M,I,9,148,O,CD1,9.624826
tcr_18_4,C,A,M,Y,9,147,O,CG,9.286868
tcr_18_4,C,A,M,Y,9,147,O,CD2,9.296085
tcr_18_4,C,A,M,D,9,98,O,CB,9.974124
tcr_18_4,C,A,M,D,9,98,O,CA,8.635761
tcr_18_4,C,A,M,D,9,98,O,OD1,9.556518
tcr_18_4,C,A,M,L,9,119,O,CD2,8.26164
tcr_18_4,C,A,M,L,9,119,O,CG,9.385781
tcr_18_4,C,A,M,L,9,102,O,CG,9.653037
tcr_18_4,C,A,M,L,9,102,O,CB,9.021031
tcr_18_4,C,A,M,V,9,100,O,CG2,7.8289347
tcr_18_4,C,A,M,T,9,97,O,CB,8.877065
tcr_18_4,C,A,M,Q,9,96,O,O,9.663811
tcr_18_4,C,A,M,T,9,97,O,C,7.937728
tcr_18_4,C,A,M,T,9,97,O,O,6.8463144
tcr_18_4,C,A,M,D,9,98,O,N,8.761336
tcr_18_4,C,A,M,T,9,97,O,CG2,7.6868196
tcr_18_4,C,A,M,T,9,97,O,CA,8.658337
tcr_18_4,C,A,M,V,9,100,O,CA,6.629382
tcr_18_4,C,A,M,V,9,100,O,N,7.7027154
tcr_18_4,C,A,M,R,9,99,O,N,9.350686
tcr_18_4,C,A,M,D,9,98,O,C,8.605076
tcr_18_4,C,A,M,R,9,99,O,CA,9.613096
tcr_18_4,C,A,M,D,9,98,O,O,8.094713
tcr_18_4,C,A,M,R,9,99,O,C,8.470979
tcr_18_4,C,A,M,R,9,99,O,O,8.48286
tcr_18_4,C,A,M,S,9,101,O,CB,4.9595075
tcr_18_4,C,A,M,W,9,171,O,CZ2,6.634471
tcr_18_4,C,A,M,S,9,101,O,OG,4.629668
tcr_18_4,C,A,M,T,9,167,O,OG1,4.699406
tcr_18_4,C,A,M,W,9,171,O,CZ3,8.619832
tcr_18_4,C,A,M,T,9,167,O,CB,5.55339
tcr_18_4,C,A,M,T,9,167,O,CG2,5.417644
tcr_18_4,C,A,M,W,9,171,O,CH2,7.751591
tcr_18_4,C,A,M,Y,9,147,O,OH,6.284087
tcr_18_4,C,A,M,Y,9,147,O,CE1,7.1078553
tcr_18_4,C,A,M,L,9,119,O,CD1,8.958134
tcr_18_4,C,A,M,Y,9,147,O,CZ,7.1317234
tcr_18_4,C,A,M,Y,9,108,O,CE2,4.285991
tcr_18_4,C,A,M,S,9,101,O,C,5.293899
tcr_18_4,C,A,M,S,9,101,O,O,4.9839077
tcr_18_4,C,A,M,L,9,105,O,CD1,6.634406
tcr_18_4,C,A,M,Y,9,108,O,CD2,5.5254617
tcr_18_4,C,A,M,L,9,105,O,CG,5.944407
tcr_18_4,C,A,M,L,9,102,O,CA,7.6703334
tcr_18_4,C,A,M,L,9,105,O,N,5.601063
tcr_18_4,C,A,M,Y,9,147,O,CE2,8.29369
tcr_18_4,C,A,M,L,9,105,O,CD2,6.2946906
tcr_18_4,C,A,M,R,9,103,O,NH2,7.81308
tcr_18_4,C,A,M,S,9,101,O,CA,4.4815335
tcr_18_4,C,A,M,Y,9,108,O,OH,3.4943345
tcr_18_4,C,A,M,K,9,170,O,NZ,3.1516533
tcr_18_4,C,A,M,K,9,170,O,CE,4.2870946
tcr_18_4,C,A,M,S,9,101,O,N,5.1759777
tcr_18_4,C,A,M,V,9,100,O,CG1,5.5985584
tcr_18_4,C,A,M,V,9,100,O,CB,6.417944
tcr_18_4,C,A,M,K,9,170,O,CD,4.2676444
tcr_18_4,C,A,M,N,9,104,O,ND2,2.7762883
tcr_18_4,C,A,M,V,9,100,O,C,5.467034
tcr_18_4,C,A,M,N,9,104,O,CG,3.6077485
tcr_18_4,C,A,M,V,9,100,O,O,5.231759
tcr_18_4,C,A,M,N,9,104,O,CB,3.5124865
tcr_18_4,C,A,M,N,9,104,O,OD1,4.788996
tcr_18_4,C,A,M,Y,9,108,O,CZ,4.2922
tcr_18_4,C,A,M,L,9,102,O,N,6.6072516
tcr_18_4,C,A,M,R,9,103,O,NH1,9.707543
tcr_18_4,C,A,M,R,9,103,O,CZ,8.579213
tcr_18_4,C,A,M,R,9,103,O,NE,8.39934
tcr_18_4,C,A,M,N,9,104,O,C,5.5173573
tcr_18_4,C,A,M,N,9,104,O,N,5.680377
tcr_18_4,C,A,M,N,9,104,O,CA,5.0041614
tcr_18_4,C,A,M,Q,9,168,O,N,8.139067
tcr_18_4,C,A,M,T,9,167,O,N,6.345658
tcr_18_4,C,A,M,A,9,164,O,O,8.83606
tcr_18_4,C,A,M,T,9,167,O,CA,5.7633076
tcr_18_4,C,A,M,T,9,167,O,O,6.9562116
tcr_18_4,C,A,M,K,9,170,O,CG,5.741791
tcr_18_4,C,A,M,T,9,167,O,C,6.943258
tcr_18_4,C,A,M,K,9,170,O,CB,6.184003
tcr_18_4,C,A,M,I,9,166,O,C,6.964648
tcr_18_4,C,A,M,Q,9,168,O,CA,9.388559
tcr_18_4,C,A,M,I,9,166,O,O,7.118466
tcr_18_4,C,A,M,K,9,170,O,N,8.286475
tcr_18_4,C,A,M,Q,9,168,O,C,9.705475
tcr_18_4,C,A,M,R,9,169,O,N,9.749838
tcr_18_4,C,A,M,I,9,166,O,CB,7.4933734
tcr_18_4,C,A,M,Y,9,108,O,CG,6.55077
tcr_18_4,C,A,M,Y,9,108,O,CD1,6.543599
tcr_18_4,C,A,M,A,9,164,O,C,9.332332
tcr_18_4,C,A,M,A,9,163,O,C,8.809871
tcr_18_4,C,A,M,A,9,163,O,CA,9.652413
tcr_18_4,C,A,M,I,9,166,O,CG2,6.9003005
tcr_18_4,C,A,M,A,9,164,O,N,9.394344
tcr_18_4,C,A,M,Y,9,108,O,CE1,5.5386133
tcr_18_4,C,A,M,A,9,163,O,O,7.899874
tcr_18_4,C,A,M,A,9,164,O,CA,9.094916
tcr_18_4,C,A,M,I,9,166,O,CA,7.955311
tcr_18_4,C,A,M,I,9,166,O,N,8.819052
tcr_18_4,C,A,M,I,9,166,O,CG1,8.824531
tcr_18_4,C,A,M,I,9,166,O,CD1,8.854084
tcr_18_4,C,A,M,Q,9,165,O,C,9.737212
tcr_18_4,C,A,M,R,9,106,O,N,8.45623
tcr_18_4,C,A,M,L,9,105,O,CA,6.552188
tcr_18_4,C,A,M,L,9,105,O,CB,6.8368597
tcr_18_4,C,A,M,L,9,105,O,C,7.9311376
tcr_18_4,C,A,M,R,9,106,O,CA,9.791232
tcr_18_4,C,A,M,L,9,105,O,O,8.653332
tcr_18_4,C,A,M,Y,9,108,O,CA,8.946484
tcr_18_4,C,A,M,Y,9,108,O,CB,7.902993
tcr_18_4,C,A,M,A,9,163,O,CB,9.674597
tcr_18_4,C,A,M,R,9,103,O,CA,7.8668857
tcr_18_4,C,A,M,R,9,103,O,N,7.538213
tcr_18_4,C,A,M,R,9,103,O,CB,8.192327
tcr_18_4,C,A,M,L,9,102,O,C,7.7058363
tcr_18_4,C,A,M,L,9,102,O,O,8.160122
tcr_18_4,C,A,M,R,9,103,O,CD,9.4303665
tcr_18_4,C,A,M,R,9,103,O,CG,9.026419
tcr_18_4,C,A,M,R,9,103,O,O,7.7179637
tcr_18_4,C,A,M,R,9,103,O,C,7.006963
tcr_18_4,C,A,M,R,9,106,O,C,9.996616
tcr_18_4,C,A,M,G,9,107,O,C,9.563512
tcr_18_4,C,A,M,Y,9,108,O,N,8.636324
tcr_18_4,C,A,M,N,9,104,O,O,6.2797403
tcr_18_4,C,A,M,G,9,107,O,N,9.149461
tcr_18_4,C,A,M,G,9,107,O,CA,9.49021
tcr_18_4,C,A,M,R,9,180,CB,NH1,8.514532
tcr_18_4,C,A,M,Q,9,94,CB,CD,9.895145
tcr_18_4,C,A,M,T,9,97,CB,OG1,9.620767
tcr_18_4,C,A,M,R,9,180,CB,NE,9.474323
tcr_18_4,C,A,M,R,9,180,CB,CZ,8.411519
tcr_18_4,C,A,M,W,9,157,CB,CZ3,9.775431
tcr_18_4,C,A,M,W,9,157,CB,CH2,9.876433
tcr_18_4,C,A,M,E,9,176,CB,OE2,9.931307
tcr_18_4,C,A,M,E,9,176,CB,CG,9.3035755
tcr_18_4,C,A,M,E,9,176,CB,OE1,9.486806
tcr_18_4,C,A,M,E,9,176,CB,CD,9.520687
tcr_18_4,C,A,M,R,9,180,CB,NH2,7.3631325
tcr_18_4,C,A,M,W,9,171,CB,CG,6.7923865
tcr_18_4,C,A,M,W,9,171,CB,CD1,6.2137623
tcr_18_4,C,A,M,W,9,171,CB,CD2,6.121506
tcr_18_4,C,A,M,W,9,171,CB,CE2,5.0129533
tcr_18_4,C,A,M,W,9,171,CB,NE1,5.09855
tcr_18_4,C,A,M,W,9,171,CB,CE3,6.677016
tcr_18_4,C,A,M,Q,9,168,CB,O,9.818403
tcr_18_4,C,A,M,W,9,171,CB,CB,8.154836
tcr_18_4,C,A,M,W,9,171,CB,CA,8.89964
tcr_18_4,C,A,M,K,9,170,CB,C,8.9736595
tcr_18_4,C,A,M,K,9,170,CB,O,9.810549
tcr_18_4,C,A,M,K,9,170,CB,CA,8.806413
tcr_18_4,C,A,M,W,9,171,CB,N,8.478982
tcr_18_4,C,A,M,W,9,121,CB,CG,9.803605
tcr_18_4,C,A,M,Q,9,120,CB,O,9.318492
tcr_18_4,C,A,M,W,9,121,CB,CB,9.737978
tcr_18_4,C,A,M,W,9,121,CB,CD1,9.826552
tcr_18_4,C,A,M,L,9,119,CB,C,9.7410345
tcr_18_4,C,A,M,Q,9,120,CB,N,9.880641
tcr_18_4,C,A,M,A,9,141,CB,O,9.002511
tcr_18_4,C,A,M,A,9,141,CB,N,9.316311
tcr_18_4,C,A,M,A,9,141,CB,C,9.261541
tcr_18_4,C,A,M,S,9,140,CB,O,9.341041
tcr_18_4,C,A,M,I,9,148,CB,C,9.380711
tcr_18_4,C,A,M,S,9,140,CB,N,9.546205
tcr_18_4,C,A,M,I,9,148,CB,O,9.168858
tcr_18_4,C,A,M,S,9,140,CB,C,9.085102
tcr_18_4,C,A,M,I,9,148,CB,CA,8.633327
tcr_18_4,C,A,M,I,9,148,CB,N,8.396153
tcr_18_4,C,A,M,Y,9,147,CB,C,8.699219
tcr_18_4,C,A,M,Y,9,147,CB,CD1,5.4482574
tcr_18_4,C,A,M,S,9,140,CB,CA,8.7491045
tcr_18_4,C,A,M,S,9,140,CB,OG,7.257524
tcr_18_4,C,A,M,I,9,148,CB,CG2,6.4342246
tcr_18_4,C,A,M,S,9,140,CB,CB,7.270027
tcr_18_4,C,A,M,A,9,164,CB,CB,8.289103
tcr_18_4,C,A,M,Y,9,147,CB,O,9.159076
tcr_18_4,C,A,M,I,9,148,CB,CG1,8.213524
tcr_18_4,C,A,M,I,9,148,CB,CB,7.4724603
tcr_18_4,C,A,M,I,9,148,CB,CD1,7.564386
tcr_18_4,C,A,M,Y,9,142,CB,N,9.366493
tcr_18_4,C,A,M,Y,9,147,CB,N,9.96686
tcr_18_4,C,A,M,Y,9,147,CB,CB,7.681726
tcr_18_4,C,A,M,Y,9,142,CB,CA,9.330283
tcr_18_4,C,A,M,A,9,141,CB,CA,9.856669
tcr_18_4,C,A,M,Y,9,142,CB,CB,8.3848
tcr_18_4,C,A,M,Y,9,147,CB,CG,6.5622597
tcr_18_4,C,A,M,Y,9,147,CB,CA,8.863394
tcr_18_4,C,A,M,Y,9,147,CB,CD2,6.922464
tcr_18_4,C,A,M,Y,9,109,CB,OH,9.473609
tcr_18_4,C,A,M,D,9,98,CB,CB,8.605263
tcr_18_4,C,A,M,D,9,98,CB,CA,7.612976
tcr_18_4,C,A,M,Q,9,94,CB,NE2,8.624561
tcr_18_4,C,A,M,D,9,98,CB,OD1,7.739795
tcr_18_4,C,A,M,D,9,98,CB,CG,8.492643
tcr_18_4,C,A,M,D,9,98,CB,OD2,9.379147
tcr_18_4,C,A,M,L,9,119,CB,CD2,5.898431
tcr_18_4,C,A,M,L,9,119,CB,CG,6.752899
tcr_18_4,C,A,M,L,9,119,CB,CA,8.990645
tcr_18_4,C,A,M,L,9,102,CB,CG,8.552774
tcr_18_4,C,A,M,L,9,119,CB,CB,7.859247
tcr_18_4,C,A,M,L,9,102,CB,CD1,9.845726
tcr_18_4,C,A,M,L,9,102,CB,CB,8.442676
tcr_18_4,C,A,M,V,9,100,CB,CG2,9.391684
tcr_18_4,C,A,M,T,9,97,CB,CB,8.511274
tcr_18_4,C,A,M,T,9,97,CB,C,7.625601
tcr_18_4,C,A,M,T,9,97,CB,O,6.793608
tcr_18_4,C,A,M,D,9,98,CB,N,8.031062
tcr_18_4,C,A,M,T,9,97,CB,CG2,7.287651
tcr_18_4,C,A,M,T,9,97,CB,CA,8.598332
tcr_18_4,C,A,M,T,9,97,CB,N,9.9720545
tcr_18_4,C,A,M,V,9,100,CB,CA,7.8358173
tcr_18_4,C,A,M,V,9,100,CB,N,8.40769
tcr_18_4,C,A,M,R,9,99,CB,N,9.055277
tcr_18_4,C,A,M,D,9,98,CB,C,7.958809
tcr_18_4,C,A,M,R,9,99,CB,CA,9.673746
tcr_18_4,C,A,M,D,9,98,CB,O,7.4157004
tcr_18_4,C,A,M,R,9,99,CB,C,8.943589
tcr_18_4,C,A,M,R,9,99,CB,O,9.095408
tcr_18_4,C,A,M,L,9,102,CB,CD2,8.89607
tcr_18_4,C,A,M,S,9,101,CB,CB,3.8699138
tcr_18_4,C,A,M,W,9,171,CB,CZ2,4.5035305
tcr_18_4,C,A,M,S,9,101,CB,OG,3.6818392
tcr_18_4,C,A,M,T,9,167,CB,OG1,3.7219977
tcr_18_4,C,A,M,W,9,171,CB,CZ3,6.2893944
tcr_18_4,C,A,M,T,9,167,CB,CB,4.4374213
tcr_18_4,C,A,M,T,9,167,CB,CG2,3.82112
tcr_18_4,C,A,M,W,9,171,CB,CH2,5.2540774
tcr_18_4,C,A,M,Y,9,147,CB,OH,4.887819
tcr_18_4,C,A,M,Y,9,147,CB,CE1,4.6095657
tcr_18_4,C,A,M,L,9,119,CB,CD1,6.085853
tcr_18_4,C,A,M,Y,9,147,CB,CZ,5.121819
tcr_18_4,C,A,M,Y,9,108,CB,CE2,5.26769
tcr_18_4,C,A,M,S,9,101,CB,C,5.029936
tcr_18_4,C,A,M,S,9,101,CB,O,4.8748026
tcr_18_4,C,A,M,L,9,105,CB,CD1,4.6744432
tcr_18_4,C,A,M,Y,9,108,CB,CD2,6.039672
tcr_18_4,C,A,M,L,9,105,CB,CG,4.5865636
tcr_18_4,C,A,M,L,9,102,CB,CA,7.2022467
tcr_18_4,C,A,M,L,9,105,CB,N,6.0440288
tcr_18_4,C,A,M,Y,9,147,CB,CE2,6.290693
tcr_18_4,C,A,M,L,9,105,CB,CD2,4.7116933
tcr_18_4,C,A,M,S,9,101,CB,CA,4.386073
tcr_18_4,C,A,M,Y,9,108,CB,OH,5.84911
tcr_18_4,C,A,M,K,9,170,CB,NZ,5.806603
tcr_18_4,C,A,M,K,9,170,CB,CE,6.613667
tcr_18_4,C,A,M,S,9,101,CB,N,5.60128
tcr_18_4,C,A,M,V,9,100,CB,CG1,7.680763
tcr_18_4,C,A,M,V,9,100,CB,CB,7.9125466
tcr_18_4,C,A,M,K,9,170,CB,CD,6.338389
tcr_18_4,C,A,M,N,9,104,CB,ND2,5.743248
tcr_18_4,C,A,M,V,9,100,CB,C,6.5228286
tcr_18_4,C,A,M,N,9,104,CB,CG,6.2763257
tcr_18_4,C,A,M,V,9,100,CB,O,6.5990686
tcr_18_4,C,A,M,N,9,104,CB,CB,5.6171775
tcr_18_4,C,A,M,N,9,104,CB,OD1,7.4739594
tcr_18_4,C,A,M,Y,9,108,CB,CZ,6.088391
tcr_18_4,C,A,M,L,9,102,CB,N,6.181918
tcr_18_4,C,A,M,N,9,104,CB,C,6.648165
tcr_18_4,C,A,M,N,9,104,CB,N,7.1168737
tcr_18_4,C,A,M,N,9,104,CB,CA,6.716586
tcr_18_4,C,A,M,Q,9,168,CB,N,7.4400377
tcr_18_4,C,A,M,T,9,167,CB,N,6.3499727
tcr_18_4,C,A,M,A,9,164,CB,O,7.6651807
tcr_18_4,C,A,M,T,9,167,CB,CA,5.4683213
tcr_18_4,C,A,M,T,9,167,CB,O,6.7081313
tcr_18_4,C,A,M,K,9,170,CB,CG,7.460967
tcr_18_4,C,A,M,T,9,167,CB,C,6.487456
tcr_18_4,C,A,M,K,9,170,CB,CB,7.53192
tcr_18_4,C,A,M,I,9,166,CB,C,7.4501014
tcr_18_4,C,A,M,Q,9,168,CB,CA,8.638265
tcr_18_4,C,A,M,I,9,166,CB,O,7.876041
tcr_18_4,C,A,M,K,9,170,CB,N,9.119477
tcr_18_4,C,A,M,Q,9,168,CB,C,9.420218
tcr_18_4,C,A,M,Q,9,168,CB,CB,9.65295
tcr_18_4,C,A,M,R,9,169,CB,N,9.819153
tcr_18_4,C,A,M,I,9,166,CB,CB,8.345371
tcr_18_4,C,A,M,Y,9,108,CB,CG,7.3896546
tcr_18_4,C,A,M,Y,9,108,CB,CD1,7.9869876
tcr_18_4,C,A,M,A,9,164,CB,C,8.165744
tcr_18_4,C,A,M,A,9,163,CB,C,8.075643
tcr_18_4,C,A,M,A,9,163,CB,CA,9.145118
tcr_18_4,C,A,M,I,9,166,CB,CG2,8.352032
tcr_18_4,C,A,M,A,9,164,CB,N,8.206421
tcr_18_4,C,A,M,Y,9,108,CB,CE1,7.426016
tcr_18_4,C,A,M,A,9,163,CB,O,7.460552
tcr_18_4,C,A,M,A,9,164,CB,CA,7.6320815
tcr_18_4,C,A,M,Q,9,165,CB,N,9.345926
tcr_18_4,C,A,M,I,9,166,CB,CA,8.505095
tcr_18_4,C,A,M,I,9,166,CB,N,8.8623295
tcr_18_4,C,A,M,I,9,166,CB,CG1,9.661172
tcr_18_4,C,A,M,I,9,166,CB,CD1,9.846642
tcr_18_4,C,A,M,Q,9,165,CB,C,9.573126
tcr_18_4,C,A,M,R,9,106,CB,N,8.635658
tcr_18_4,C,A,M,L,9,105,CB,CA,6.4247727
tcr_18_4,C,A,M,Y,9,142,CB,CD2,8.225633
tcr_18_4,C,A,M,L,9,105,CB,CB,5.9970756
tcr_18_4,C,A,M,Y,9,142,CB,CG,8.536714
tcr_18_4,C,A,M,Y,9,142,CB,CE2,8.683384
tcr_18_4,C,A,M,L,9,105,CB,C,7.9527287
tcr_18_4,C,A,M,Y,9,142,CB,CE1,9.687955
tcr_18_4,C,A,M,Y,9,142,CB,CZ,9.398557
tcr_18_4,C,A,M,Y,9,142,CB,CD1,9.285265
tcr_18_4,C,A,M,Y,9,109,CB,CD2,9.485677
tcr_18_4,C,A,M,L,9,105,CB,O,8.655297
tcr_18_4,C,A,M,Y,9,109,CB,CE2,8.902657
tcr_18_4,C,A,M,Y,9,109,CB,CZ,9.724144
tcr_18_4,C,A,M,Y,9,108,CB,CA,9.692729
tcr_18_4,C,A,M,Y,9,108,CB,CB,8.376018
tcr_18_4,C,A,M,A,9,163,CB,CB,9.008003
tcr_18_4,C,A,M,R,9,103,CB,CA,8.922489
tcr_18_4,C,A,M,R,9,103,CB,N,8.128645
tcr_18_4,C,A,M,R,9,103,CB,CB,9.610571
tcr_18_4,C,A,M,L,9,102,CB,C,7.7972713
tcr_18_4,C,A,M,L,9,102,CB,O,8.213596
tcr_18_4,C,A,M,R,9,103,CB,O,9.064633
tcr_18_4,C,A,M,R,9,103,CB,C,8.298896
tcr_18_4,C,A,M,Y,9,108,CB,N,9.603621
tcr_18_4,C,A,M,N,9,104,CB,O,7.5017076
tcr_18_4,C,A,M,D,9,138,CG,CG,9.871018
tcr_18_4,C,A,M,W,9,121,CG,CH2,9.872034
tcr_18_4,C,A,M,W,9,121,CG,CZ2,9.468069
tcr_18_4,C,A,M,R,9,180,CG,NH1,7.1298785
tcr_18_4,C,A,M,W,9,121,CG,CZ3,9.728692
tcr_18_4,C,A,M,W,9,121,CG,NE1,8.635165
tcr_18_4,C,A,M,W,9,121,CG,CE3,9.155118
tcr_18_4,C,A,M,W,9,121,CG,CD2,8.692306
tcr_18_4,C,A,M,W,9,121,CG,CE2,8.863184
tcr_18_4,C,A,M,D,9,138,CG,OD1,8.831203
tcr_18_4,C,A,M,Q,9,94,CG,CG,9.984085
tcr_18_4,C,A,M,Q,9,94,CG,OE1,9.32215
tcr_18_4,C,A,M,Q,9,94,CG,CD,8.900317
tcr_18_4,C,A,M,T,9,97,CG,OG1,9.290983
tcr_18_4,C,A,M,R,9,180,CG,NE,8.283955
tcr_18_4,C,A,M,W,9,157,CG,CE2,9.592604
tcr_18_4,C,A,M,R,9,180,CG,CD,9.532493
tcr_18_4,C,A,M,W,9,157,CG,CZ2,9.255563
tcr_18_4,C,A,M,W,9,157,CG,CD2,9.493475
tcr_18_4,C,A,M,R,9,180,CG,CZ,7.1424165
tcr_18_4,C,A,M,W,9,157,CG,CZ3,8.652045
tcr_18_4,C,A,M,W,9,157,CG,CE3,9.016166
tcr_18_4,C,A,M,W,9,157,CG,CH2,8.781692
tcr_18_4,C,A,M,E,9,176,CG,OE2,9.401452
tcr_18_4,C,A,M,E,9,176,CG,CB,9.444428
tcr_18_4,C,A,M,E,9,176,CG,CG,8.5656
tcr_18_4,C,A,M,E,9,176,CG,OE1,8.664534
tcr_18_4,C,A,M,E,9,176,CG,CD,8.823881
tcr_18_4,C,A,M,R,9,180,CG,NH2,6.1596856
tcr_18_4,C,A,M,W,9,171,CG,CG,6.477738
tcr_18_4,C,A,M,W,9,171,CG,CD1,6.073626
tcr_18_4,C,A,M,W,9,171,CG,CD2,5.536613
tcr_18_4,C,A,M,W,9,171,CG,CE2,4.39646
tcr_18_4,C,A,M,W,9,171,CG,NE1,4.830013
tcr_18_4,C,A,M,W,9,171,CG,CE3,5.879397
tcr_18_4,C,A,M,Q,9,168,CG,O,9.893494
tcr_18_4,C,A,M,W,9,171,CG,CB,7.887527
tcr_18_4,C,A,M,W,9,171,CG,CA,8.832743
tcr_18_4,C,A,M,K,9,170,CG,C,9.319871
tcr_18_4,C,A,M,K,9,170,CG,CA,9.376425
tcr_18_4,C,A,M,W,9,171,CG,N,8.648472
tcr_18_4,C,A,M,Q,9,139,CG,C,9.027835
tcr_18_4,C,A,M,Q,9,120,CG,C,8.8994875
tcr_18_4,C,A,M,W,9,121,CG,CG,8.323442
tcr_18_4,C,A,M,Q,9,120,CG,O,8.097435
tcr_18_4,C,A,M,W,9,121,CG,CB,8.325231
tcr_18_4,C,A,M,W,9,121,CG,N,9.377249
tcr_18_4,C,A,M,W,9,121,CG,CA,9.132431
tcr_18_4,C,A,M,Q,9,139,CG,O,9.233591
tcr_18_4,C,A,M,W,9,121,CG,CD1,8.30544
tcr_18_4,C,A,M,Q,9,120,CG,CA,9.677484
tcr_18_4,C,A,M,L,9,119,CG,C,8.932454
tcr_18_4,C,A,M,Q,9,120,CG,N,8.950174
tcr_18_4,C,A,M,A,9,141,CG,O,8.209874
tcr_18_4,C,A,M,A,9,141,CG,N,8.240909
tcr_18_4,C,A,M,A,9,141,CG,C,8.502101
tcr_18_4,C,A,M,S,9,140,CG,O,8.279373
tcr_18_4,C,A,M,I,9,148,CG,C,8.344579
tcr_18_4,C,A,M,A,9,149,CG,N,9.421327
tcr_18_4,C,A,M,S,9,140,CG,N,8.198218
tcr_18_4,C,A,M,I,9,148,CG,O,8.00424
tcr_18_4,C,A,M,S,9,140,CG,C,7.938785
tcr_18_4,C,A,M,I,9,148,CG,CA,7.7900267
tcr_18_4,C,A,M,I,9,148,CG,N,7.5941467
tcr_18_4,C,A,M,Y,9,147,CG,C,8.092598
tcr_18_4,C,A,M,Y,9,147,CG,CD1,5.05038
tcr_18_4,C,A,M,S,9,140,CG,CA,7.44179
tcr_18_4,C,A,M,S,9,140,CG,OG,5.7909646
tcr_18_4,C,A,M,I,9,148,CG,CG2,5.4656534
tcr_18_4,C,A,M,S,9,140,CG,CB,5.9325857
tcr_18_4,C,A,M,A,9,164,CG,CB,8.313316
tcr_18_4,C,A,M,Y,9,147,CG,O,8.68992
tcr_18_4,C,A,M,I,9,148,CG,CG1,7.497384
tcr_18_4,C,A,M,I,9,148,CG,CB,6.7030954
tcr_18_4,C,A,M,I,9,148,CG,CD1,7.0286674
tcr_18_4,C,A,M,Y,9,142,CG,N,8.797322
tcr_18_4,C,A,M,Y,9,147,CG,N,9.272215
tcr_18_4,C,A,M,Y,9,147,CG,CB,7.1278615
tcr_18_4,C,A,M,Y,9,142,CG,CA,8.952879
tcr_18_4,C,A,M,A,9,141,CG,CA,8.949903
tcr_18_4,C,A,M,Y,9,142,CG,CB,8.20693
tcr_18_4,C,A,M,Y,9,147,CG,CG,6.233912
tcr_18_4,C,A,M,Y,9,147,CG,CA,8.304311
tcr_18_4,C,A,M,Y,9,147,CG,CD2,6.888101
tcr_18_4,C,A,M,Y,9,109,CG,OH,9.78508
tcr_18_4,C,A,M,D,9,98,CG,CB,8.155612
tcr_18_4,C,A,M,D,9,98,CG,CA,7.3572536
tcr_18_4,C,A,M,Q,9,94,CG,NE2,7.6346564
tcr_18_4,C,A,M,D,9,98,CG,OD1,6.9441857
tcr_18_4,C,A,M,D,9,98,CG,CG,7.784838
tcr_18_4,C,A,M,Q,9,94,CG,O,9.689679
tcr_18_4,C,A,M,D,9,98,CG,OD2,8.576799
tcr_18_4,C,A,M,L,9,119,CG,CD2,5.3053093
tcr_18_4,C,A,M,L,9,119,CG,CG,6.0361567
tcr_18_4,C,A,M,L,9,119,CG,O,9.567001
tcr_18_4,C,A,M,L,9,119,CG,CA,8.384939
tcr_18_4,C,A,M,L,9,102,CG,CG,8.704318
tcr_18_4,C,A,M,L,9,119,CG,CB,7.332734
tcr_18_4,C,A,M,L,9,102,CG,CD1,9.903606
tcr_18_4,C,A,M,L,9,102,CG,CB,8.855525
tcr_18_4,C,A,M,T,9,97,CG,CB,8.170019
tcr_18_4,C,A,M,T,9,97,CG,C,7.5268364
tcr_18_4,C,A,M,T,9,97,CG,O,6.904139
tcr_18_4,C,A,M,D,9,98,CG,N,7.7723284
tcr_18_4,C,A,M,T,9,97,CG,CG2,6.946245
tcr_18_4,C,A,M,T,9,97,CG,CA,8.472786
tcr_18_4,C,A,M,T,9,97,CG,N,9.82717
tcr_18_4,C,A,M,V,9,100,CG,CA,8.567212
tcr_18_4,C,A,M,V,9,100,CG,N,8.927263
tcr_18_4,C,A,M,R,9,99,CG,N,9.142341
tcr_18_4,C,A,M,D,9,98,CG,C,7.965648
tcr_18_4,C,A,M,R,9,99,CG,CA,9.956785
tcr_18_4,C,A,M,D,9,98,CG,O,7.5461717
tcr_18_4,C,A,M,R,9,99,CG,C,9.438802
tcr_18_4,C,A,M,R,9,99,CG,O,9.728017
tcr_18_4,C,A,M,L,9,119,CG,N,9.579734
tcr_18_4,C,A,M,L,9,102,CG,CD2,9.00964
tcr_18_4,C,A,M,S,9,101,CG,CB,4.1313686
tcr_18_4,C,A,M,W,9,171,CG,CZ2,3.5183134
tcr_18_4,C,A,M,S,9,101,CG,OG,3.8013265
tcr_18_4,C,A,M,T,9,167,CG,OG1,4.4826665
tcr_18_4,C,A,M,W,9,171,CG,CZ3,5.240401
tcr_18_4,C,A,M,T,9,167,CG,CB,4.8551607
tcr_18_4,C,A,M,T,9,167,CG,CG2,3.8783863
tcr_18_4,C,A,M,W,9,171,CG,CH2,4.069024
tcr_18_4,C,A,M,Y,9,147,CG,OH,5.549498
tcr_18_4,C,A,M,Y,9,147,CG,CE1,4.559807
tcr_18_4,C,A,M,L,9,119,CG,CD1,5.357851
tcr_18_4,C,A,M,Y,9,147,CG,CZ,5.431084
tcr_18_4,C,A,M,Y,9,108,CG,CE2,6.6570683
tcr_18_4,C,A,M,S,9,101,CG,C,5.781377
tcr_18_4,C,A,M,S,9,101,CG,O,5.831184
tcr_18_4,C,A,M,L,9,105,CG,CD1,5.0161643
tcr_18_4,C,A,M,Y,9,108,CG,CD2,7.325966
tcr_18_4,C,A,M,L,9,105,CG,CG,5.335167
tcr_18_4,C,A,M,L,9,102,CG,CA,7.7824116
tcr_18_4,C,A,M,L,9,105,CG,N,7.267569
tcr_18_4,C,A,M,Y,9,147,CG,CE2,6.5455675
tcr_18_4,C,A,M,L,9,105,CG,CD2,5.3897943
tcr_18_4,C,A,M,S,9,101,CG,CA,5.0928793
tcr_18_4,C,A,M,Y,9,108,CG,OH,7.3185716
tcr_18_4,C,A,M,K,9,170,CG,NZ,6.8096275
tcr_18_4,C,A,M,K,9,170,CG,CE,7.4879813
tcr_18_4,C,A,M,S,9,101,CG,N,6.2502575
tcr_18_4,C,A,M,V,9,100,CG,CG1,8.587472
tcr_18_4,C,A,M,V,9,100,CG,CB,8.618952
tcr_18_4,C,A,M,K,9,170,CG,CD,7.2481384
tcr_18_4,C,A,M,N,9,104,CG,ND2,7.0991855
tcr_18_4,C,A,M,V,9,100,CG,C,7.349241
tcr_18_4,C,A,M,N,9,104,CG,CG,7.6848655
tcr_18_4,C,A,M,V,9,100,CG,O,7.6177773
tcr_18_4,C,A,M,N,9,104,CG,CB,7.068255
tcr_18_4,C,A,M,N,9,104,CG,OD1,8.858699
tcr_18_4,C,A,M,Y,9,108,CG,CZ,7.551639
tcr_18_4,C,A,M,L,9,102,CG,N,6.7463207
tcr_18_4,C,A,M,N,9,104,CG,C,8.005335
tcr_18_4,C,A,M,N,9,104,CG,N,8.383144
tcr_18_4,C,A,M,N,9,104,CG,CA,8.114365
tcr_18_4,C,A,M,Q,9,168,CG,N,7.6466064
tcr_18_4,C,A,M,T,9,167,CG,N,7.0944395
tcr_18_4,C,A,M,A,9,164,CG,O,7.8908663
tcr_18_4,C,A,M,T,9,167,CG,CA,6.048943
tcr_18_4,C,A,M,T,9,167,CG,O,6.96502
tcr_18_4,C,A,M,K,9,170,CG,CG,8.202556
tcr_18_4,C,A,M,T,9,167,CG,C,6.8033934
tcr_18_4,C,A,M,K,9,170,CG,CB,8.249985
tcr_18_4,C,A,M,I,9,166,CG,C,8.275712
tcr_18_4,C,A,M,Q,9,168,CG,CA,8.692038
tcr_18_4,C,A,M,I,9,166,CG,O,8.677085
tcr_18_4,C,A,M,K,9,170,CG,N,9.6671915
tcr_18_4,C,A,M,Q,9,168,CG,C,9.58923
tcr_18_4,C,A,M,Q,9,168,CG,CB,9.664147
tcr_18_4,C,A,M,I,9,166,CG,CB,9.418447
tcr_18_4,C,A,M,Y,9,108,CG,CG,8.706266
tcr_18_4,C,A,M,Y,9,108,CG,CD1,9.399661
tcr_18_4,C,A,M,A,9,164,CG,C,8.462653
tcr_18_4,C,A,M,A,9,163,CG,C,8.755488
tcr_18_4,C,A,M,A,9,163,CG,CA,9.922112
tcr_18_4,C,A,M,I,9,166,CG,CG2,9.551337
tcr_18_4,C,A,M,A,9,164,CG,N,8.663638
tcr_18_4,C,A,M,Y,9,108,CG,CE1,8.894391
tcr_18_4,C,A,M,A,9,163,CG,O,8.2450285
tcr_18_4,C,A,M,A,9,164,CG,CA,7.9069166
tcr_18_4,C,A,M,Q,9,165,CG,N,9.73211
tcr_18_4,C,A,M,I,9,166,CG,CA,9.39693
tcr_18_4,C,A,M,I,9,166,CG,N,9.5987
tcr_18_4,C,A,M,R,9,106,CG,N,9.682848
tcr_18_4,C,A,M,L,9,105,CG,CA,7.5067677
tcr_18_4,C,A,M,Y,9,142,CG,CD2,8.285678
tcr_18_4,C,A,M,L,9,105,CG,CB,6.8288274
tcr_18_4,C,A,M,Y,9,142,CG,CG,8.580875
tcr_18_4,C,A,M,Y,9,142,CG,CE2,8.937556
tcr_18_4,C,A,M,L,9,105,CG,C,9.012772
tcr_18_4,C,A,M,Y,9,142,CG,CZ,9.80248
tcr_18_4,C,A,M,Y,9,142,CG,CD1,9.499379
tcr_18_4,C,A,M,L,9,105,CG,O,9.710497
tcr_18_4,C,A,M,Y,9,109,CG,CE2,9.46295
tcr_18_4,C,A,M,Y,9,108,CG,CB,9.585846
tcr_18_4,C,A,M,A,9,163,CG,CB,9.779922
tcr_18_4,C,A,M,R,9,103,CG,CA,9.985566
tcr_18_4,C,A,M,R,9,103,CG,N,9.038021
tcr_18_4,C,A,M,L,9,102,CG,C,8.612115
tcr_18_4,C,A,M,L,9,102,CG,O,9.079653
tcr_18_4,C,A,M,R,9,103,CG,C,9.50869
tcr_18_4,C,A,M,N,9,104,CG,O,8.881882
tcr_18_4,C,A,M,D,9,138,SD,CG,9.840141
tcr_18_4,C,A,M,W,9,121,SD,CH2,9.892996
tcr_18_4,C,A,M,W,9,121,SD,CZ2,9.436822
tcr_18_4,C,A,M,R,9,180,SD,NH1,7.4654107
tcr_18_4,C,A,M,W,9,121,SD,CZ3,9.598864
tcr_18_4,C,A,M,W,9,121,SD,NE1,8.249643
tcr_18_4,C,A,M,W,9,121,SD,CE3,8.792258
tcr_18_4,C,A,M,W,9,121,SD,CD2,8.242513
tcr_18_4,C,A,M,W,9,121,SD,CE2,8.597924
tcr_18_4,C,A,M,D,9,138,SD,OD1,8.690939
tcr_18_4,C,A,M,Q,9,94,SD,CG,9.918453
tcr_18_4,C,A,M,Q,9,94,SD,OE1,9.6336
tcr_18_4,C,A,M,Q,9,94,SD,CD,9.032943
tcr_18_4,C,A,M,R,9,180,SD,NE,9.020562
tcr_18_4,C,A,M,R,9,180,SD,CZ,7.7716985
tcr_18_4,C,A,M,W,9,157,SD,CZ3,9.028512
tcr_18_4,C,A,M,W,9,157,SD,CE3,9.400509
tcr_18_4,C,A,M,W,9,157,SD,CH2,9.373755
tcr_18_4,C,A,M,E,9,176,SD,CG,9.841323
tcr_18_4,C,A,M,E,9,176,SD,OE1,9.877381
tcr_18_4,C,A,M,R,9,180,SD,NH2,6.9598603
tcr_18_4,C,A,M,W,9,171,SD,CG,7.920662
tcr_18_4,C,A,M,W,9,171,SD,CD1,7.690366
tcr_18_4,C,A,M,W,9,171,SD,CD2,6.812061
tcr_18_4,C,A,M,W,9,171,SD,CE2,5.8130918
tcr_18_4,C,A,M,W,9,171,SD,NE1,6.467092
tcr_18_4,C,A,M,W,9,171,SD,CE3,6.839
tcr_18_4,C,A,M,W,9,171,SD,CB,9.270934
tcr_18_4,C,A,M,Q,9,139,SD,C,8.03093
tcr_18_4,C,A,M,M,9,122,SD,N,9.83658
tcr_18_4,C,A,M,A,9,141,SD,CB,8.703776
tcr_18_4,C,A,M,S,9,33,SD,OG,9.531384
tcr_18_4,C,A,M,W,9,121,SD,C,9.416179
tcr_18_4,C,A,M,Q,9,120,SD,C,7.398181
tcr_18_4,C,A,M,W,9,121,SD,CG,7.6116977
tcr_18_4,C,A,M,Q,9,120,SD,O,6.554434
tcr_18_4,C,A,M,W,9,121,SD,CB,7.3552814
tcr_18_4,C,A,M,W,9,121,SD,N,8.031929
tcr_18_4,C,A,M,W,9,121,SD,CA,7.957378
tcr_18_4,C,A,M,Q,9,139,SD,O,8.195127
tcr_18_4,C,A,M,W,9,121,SD,CD1,7.6465516
tcr_18_4,C,A,M,Q,9,120,SD,CA,8.087427
tcr_18_4,C,A,M,Q,9,120,SD,CB,9.239673
tcr_18_4,C,A,M,L,9,119,SD,C,7.3397098
tcr_18_4,C,A,M,Q,9,120,SD,N,7.2902527
tcr_18_4,C,A,M,A,9,141,SD,O,6.4148006
tcr_18_4,C,A,M,A,9,141,SD,N,6.6161914
tcr_18_4,C,A,M,D,9,143,SD,N,9.396571
tcr_18_4,C,A,M,A,9,141,SD,C,6.7288647
tcr_18_4,C,A,M,Q,9,139,SD,N,9.704481
tcr_18_4,C,A,M,A,9,149,SD,CA,9.791928
tcr_18_4,C,A,M,Q,9,139,SD,CA,9.169533
tcr_18_4,C,A,M,S,9,140,SD,O,6.8986206
tcr_18_4,C,A,M,I,9,148,SD,C,7.7439313
tcr_18_4,C,A,M,A,9,149,SD,N,8.9525175
tcr_18_4,C,A,M,S,9,140,SD,N,7.1110377
tcr_18_4,C,A,M,I,9,148,SD,O,7.2641325
tcr_18_4,C,A,M,S,9,140,SD,C,6.4726477
tcr_18_4,C,A,M,I,9,148,SD,CA,7.213663
tcr_18_4,C,A,M,I,9,148,SD,N,6.72515
tcr_18_4,C,A,M,Y,9,147,SD,C,7.175473
tcr_18_4,C,A,M,Y,9,147,SD,CD1,4.1544895
tcr_18_4,C,A,M,S,9,140,SD,CA,6.1426554
tcr_18_4,C,A,M,S,9,140,SD,OG,4.8659334
tcr_18_4,C,A,M,I,9,148,SD,CG2,5.192773
tcr_18_4,C,A,M,S,9,140,SD,CB,4.7099843
tcr_18_4,C,A,M,A,9,164,SD,CB,7.988583
tcr_18_4,C,A,M,Y,9,147,SD,O,7.9488387
tcr_18_4,C,A,M,I,9,148,SD,CG1,7.522507
tcr_18_4,C,A,M,I,9,148,SD,CB,6.424894
tcr_18_4,C,A,M,I,9,148,SD,CD1,7.39947
tcr_18_4,C,A,M,Y,9,142,SD,N,7.055855
tcr_18_4,C,A,M,Y,9,142,SD,O,9.452151
tcr_18_4,C,A,M,Y,9,147,SD,N,7.9674125
tcr_18_4,C,A,M,Y,9,147,SD,CB,5.804382
tcr_18_4,C,A,M,Y,9,142,SD,CA,7.2316227
tcr_18_4,C,A,M,A,9,141,SD,CA,7.2518597
tcr_18_4,C,A,M,Y,9,142,SD,C,8.745074
tcr_18_4,C,A,M,Y,9,142,SD,CB,6.6047506
tcr_18_4,C,A,M,K,9,145,SD,O,9.15216
tcr_18_4,C,A,M,Y,9,147,SD,CG,5.1069517
tcr_18_4,C,A,M,Y,9,147,SD,CA,7.1254582
tcr_18_4,C,A,M,D,9,146,SD,O,9.70282
tcr_18_4,C,A,M,Y,9,147,SD,CD2,5.8476243
tcr_18_4,C,A,M,Y,9,109,SD,OH,8.82532
tcr_18_4,C,A,M,D,9,146,SD,C,9.174921
tcr_18_4,C,A,M,D,9,98,SD,CB,7.757187
tcr_18_4,C,A,M,D,9,98,SD,CA,7.226307
tcr_18_4,C,A,M,Q,9,94,SD,NE2,7.7492075
tcr_18_4,C,A,M,D,9,98,SD,OD1,6.6543894
tcr_18_4,C,A,M,D,9,98,SD,CG,7.311741
tcr_18_4,C,A,M,Q,9,94,SD,O,9.761611
tcr_18_4,C,A,M,D,9,98,SD,OD2,7.9020066
tcr_18_4,C,A,M,L,9,119,SD,CD2,4.2101154
tcr_18_4,C,A,M,S,9,35,SD,OG,9.568151
tcr_18_4,C,A,M,L,9,119,SD,CG,4.59095
tcr_18_4,C,A,M,L,9,119,SD,O,8.086069
tcr_18_4,C,A,M,L,9,119,SD,CA,6.776521
tcr_18_4,C,A,M,S,9,35,SD,CB,9.2229395
tcr_18_4,C,A,M,L,9,102,SD,CG,7.842637
tcr_18_4,C,A,M,L,9,119,SD,CB,5.880712
tcr_18_4,C,A,M,L,9,102,SD,CD1,9.051924
tcr_18_4,C,A,M,L,9,102,SD,CB,8.228189
tcr_18_4,C,A,M,T,9,97,SD,CB,8.869045
tcr_18_4,C,A,M,T,9,97,SD,C,7.970207
tcr_18_4,C,A,M,T,9,97,SD,O,7.4404535
tcr_18_4,C,A,M,D,9,98,SD,N,7.9286275
tcr_18_4,C,A,M,T,9,97,SD,CG2,7.8441596
tcr_18_4,C,A,M,T,9,97,SD,CA,9.1004925
tcr_18_4,C,A,M,V,9,100,SD,CA,9.139709
tcr_18_4,C,A,M,V,9,100,SD,N,9.300743
tcr_18_4,C,A,M,R,9,99,SD,N,9.093499
tcr_18_4,C,A,M,D,9,98,SD,C,7.8125515
tcr_18_4,C,A,M,R,9,99,SD,CA,9.919901
tcr_18_4,C,A,M,D,9,98,SD,O,7.278402
tcr_18_4,C,A,M,R,9,99,SD,C,9.577828
tcr_18_4,C,A,M,R,9,99,SD,O,9.801514
tcr_18_4,C,A,M,S,9,35,SD,O,9.879395
tcr_18_4,C,A,M,L,9,119,SD,N,8.009377
tcr_18_4,C,A,M,T,9,118,SD,C,8.675248
tcr_18_4,C,A,M,T,9,118,SD,O,8.348178
tcr_18_4,C,A,M,L,9,102,SD,CD2,7.9119053
tcr_18_4,C,A,M,S,9,101,SD,CB,4.331931
tcr_18_4,C,A,M,W,9,171,SD,CZ2,4.7119956
tcr_18_4,C,A,M,S,9,101,SD,OG,4.4819927
tcr_18_4,C,A,M,T,9,167,SD,OG1,5.274808
tcr_18_4,C,A,M,W,9,171,SD,CZ3,5.9191456
tcr_18_4,C,A,M,T,9,167,SD,CB,5.7542
tcr_18_4,C,A,M,T,9,167,SD,CG2,4.9808693
tcr_18_4,C,A,M,W,9,171,SD,CH2,4.7940197
tcr_18_4,C,A,M,Y,9,147,SD,OH,5.481935
tcr_18_4,C,A,M,Y,9,147,SD,CE1,4.073415
tcr_18_4,C,A,M,L,9,119,SD,CD1,3.6813834
tcr_18_4,C,A,M,Y,9,147,SD,CZ,4.9808817
tcr_18_4,C,A,M,Y,9,108,SD,CE2,7.271538
tcr_18_4,C,A,M,S,9,101,SD,C,5.7276278
tcr_18_4,C,A,M,S,9,101,SD,O,5.7693505
tcr_18_4,C,A,M,L,9,105,SD,CD1,3.973553
tcr_18_4,C,A,M,Y,9,108,SD,CD2,7.628874
tcr_18_4,C,A,M,L,9,105,SD,CG,4.701319
tcr_18_4,C,A,M,L,9,102,SD,CA,7.266107
tcr_18_4,C,A,M,L,9,105,SD,N,7.21451
tcr_18_4,C,A,M,Y,9,147,SD,CE2,5.7987776
tcr_18_4,C,A,M,L,9,105,SD,CD2,4.7461386
tcr_18_4,C,A,M,S,9,101,SD,CA,5.4275537
tcr_18_4,C,A,M,Y,9,108,SD,OH,8.386829
tcr_18_4,C,A,M,K,9,170,SD,NZ,8.471032
tcr_18_4,C,A,M,K,9,170,SD,CE,9.22639
tcr_18_4,C,A,M,S,9,101,SD,N,6.7023454
tcr_18_4,C,A,M,V,9,100,SD,CG1,9.60489
tcr_18_4,C,A,M,V,9,100,SD,CB,9.453233
tcr_18_4,C,A,M,K,9,170,SD,CD,8.948055
tcr_18_4,C,A,M,N,9,104,SD,ND2,8.217254
tcr_18_4,C,A,M,V,9,100,SD,C,7.8682075
tcr_18_4,C,A,M,N,9,104,SD,CG,8.57999
tcr_18_4,C,A,M,V,9,100,SD,O,8.115681
tcr_18_4,C,A,M,N,9,104,SD,CB,7.748635
tcr_18_4,C,A,M,N,9,104,SD,OD1,9.71149
tcr_18_4,C,A,M,Y,9,108,SD,CZ,8.359881
tcr_18_4,C,A,M,L,9,102,SD,N,6.457649
tcr_18_4,C,A,M,N,9,104,SD,C,8.187117
tcr_18_4,C,A,M,N,9,104,SD,N,8.659542
tcr_18_4,C,A,M,N,9,104,SD,CA,8.526061
tcr_18_4,C,A,M,Q,9,168,SD,N,8.575578
tcr_18_4,C,A,M,T,9,167,SD,N,8.02538
tcr_18_4,C,A,M,A,9,164,SD,O,8.285958
tcr_18_4,C,A,M,T,9,167,SD,CA,7.146009
tcr_18_4,C,A,M,T,9,167,SD,O,8.277824
tcr_18_4,C,A,M,K,9,170,SD,CG,9.915536
tcr_18_4,C,A,M,T,9,167,SD,C,7.932961
tcr_18_4,C,A,M,K,9,170,SD,CB,9.856648
tcr_18_4,C,A,M,I,9,166,SD,C,9.288806
tcr_18_4,C,A,M,Q,9,168,SD,CA,9.624096
tcr_18_4,C,A,M,I,9,166,SD,O,9.862999
tcr_18_4,C,A,M,Y,9,108,SD,CG,8.97411
tcr_18_4,C,A,M,Y,9,108,SD,CD1,9.871958
tcr_18_4,C,A,M,A,9,164,SD,C,8.669823
tcr_18_4,C,A,M,A,9,163,SD,C,8.76476
tcr_18_4,C,A,M,A,9,163,SD,CA,9.8356
tcr_18_4,C,A,M,A,9,164,SD,N,8.516717
tcr_18_4,C,A,M,Y,9,108,SD,CE1,9.605246
tcr_18_4,C,A,M,A,9,163,SD,O,8.497627
tcr_18_4,C,A,M,A,9,164,SD,CA,7.839548
tcr_18_4,C,A,M,Q,9,165,SD,N,9.965511
tcr_18_4,C,A,M,R,9,106,SD,N,9.246106
tcr_18_4,C,A,M,L,9,105,SD,CA,7.175262
tcr_18_4,C,A,M,Y,9,142,SD,CD2,6.810563
tcr_18_4,C,A,M,L,9,105,SD,CB,6.18941
tcr_18_4,C,A,M,Y,9,142,SD,CG,7.0865865
tcr_18_4,C,A,M,Y,9,142,SD,CE2,7.6208982
tcr_18_4,C,A,M,L,9,105,SD,C,8.588485
tcr_18_4,C,A,M,Y,9,142,SD,CE1,8.815501
tcr_18_4,C,A,M,Y,9,142,SD,CZ,8.580098
tcr_18_4,C,A,M,Y,9,142,SD,CD1,8.128659
tcr_18_4,C,A,M,Y,9,142,SD,OH,9.50479
tcr_18_4,C,A,M,Y,9,109,SD,CD2,9.366007
tcr_18_4,C,A,M,L,9,105,SD,O,9.265498
tcr_18_4,C,A,M,Y,9,109,SD,CE2,8.556597
tcr_18_4,C,A,M,Y,9,109,SD,CZ,9.294883
tcr_18_4,C,A,M,Y,9,108,SD,CB,9.599964
tcr_18_4,C,A,M,A,9,163,SD,CB,9.475929
tcr_18_4,C,A,M,R,9,103,SD,CA,9.993892
tcr_18_4,C,A,M,R,9,103,SD,N,8.923271
tcr_18_4,C,A,M,L,9,102,SD,C,8.259225
tcr_18_4,C,A,M,L,9,102,SD,O,8.628525
tcr_18_4,C,A,M,R,9,103,SD,C,9.626385
tcr_18_4,C,A,M,N,9,104,SD,O,9.0589
tcr_18_4,C,A,M,M,9,122,CE,C,9.705361
tcr_18_4,C,A,M,M,9,122,CE,O,9.245353
tcr_18_4,C,A,M,D,9,138,CE,CA,9.378591
tcr_18_4,C,A,M,L,9,150,CE,N,9.432222
tcr_18_4,C,A,M,D,9,138,CE,C,8.488969
tcr_18_4,C,A,M,D,9,138,CE,O,8.558929
tcr_18_4,C,A,M,A,9,149,CE,C,9.221544
tcr_18_4,C,A,M,A,9,149,CE,O,9.813409
tcr_18_4,C,A,M,D,9,138,CE,CB,9.320682
tcr_18_4,C,A,M,D,9,138,CE,OD2,8.50964
tcr_18_4,C,A,M,D,9,138,CE,CG,8.129111
tcr_18_4,C,A,M,W,9,121,CE,CH2,8.492194
tcr_18_4,C,A,M,W,9,121,CE,CZ2,7.89915
tcr_18_4,C,A,M,R,9,180,CE,NH1,5.944705
tcr_18_4,C,A,M,W,9,121,CE,CZ3,8.294479
tcr_18_4,C,A,M,W,9,121,CE,NE1,6.534486
tcr_18_4,C,A,M,W,9,121,CE,CE3,7.4531603
tcr_18_4,C,A,M,W,9,121,CE,CD2,6.7337365
tcr_18_4,C,A,M,W,9,121,CE,CE2,6.990516
tcr_18_4,C,A,M,D,9,138,CE,OD1,6.960326
tcr_18_4,C,A,M,Q,9,94,CE,CG,9.235841
tcr_18_4,C,A,M,Q,9,94,CE,OE1,8.862026
tcr_18_4,C,A,M,Q,9,94,CE,CD,8.324362
tcr_18_4,C,A,M,R,9,180,CE,NE,7.7306385
tcr_18_4,C,A,M,W,9,157,CE,CE2,9.415991
tcr_18_4,C,A,M,R,9,180,CE,CD,8.747156
tcr_18_4,C,A,M,W,9,157,CE,CZ2,8.959396
tcr_18_4,C,A,M,W,9,157,CE,CD2,9.109145
tcr_18_4,C,A,M,R,9,180,CE,CZ,6.439003
tcr_18_4,C,A,M,W,9,157,CE,CZ3,7.730543
tcr_18_4,C,A,M,W,9,157,CE,CE3,8.259342
tcr_18_4,C,A,M,W,9,157,CE,CH2,8.1125765
tcr_18_4,C,A,M,E,9,176,CE,CG,9.057748
tcr_18_4,C,A,M,E,9,176,CE,OE1,9.055783
tcr_18_4,C,A,M,E,9,176,CE,CD,9.440925
tcr_18_4,C,A,M,R,9,180,CE,NH2,5.8147216
tcr_18_4,C,A,M,W,9,171,CE,CG,7.67162
tcr_18_4,C,A,M,W,9,171,CE,CD1,7.646444
tcr_18_4,C,A,M,W,9,171,CE,CD2,6.3726993
tcr_18_4,C,A,M,W,9,171,CE,CE2,5.4960175
tcr_18_4,C,A,M,W,9,171,CE,NE1,6.4309216
tcr_18_4,C,A,M,W,9,171,CE,CE3,6.1265883
tcr_18_4,C,A,M,W,9,171,CE,CB,8.978321
tcr_18_4,C,A,M,M,9,122,CE,CA,9.621582
tcr_18_4,C,A,M,Q,9,139,CE,C,6.4191394
tcr_18_4,C,A,M,M,9,122,CE,N,8.270462
tcr_18_4,C,A,M,A,9,141,CE,CB,8.092876
tcr_18_4,C,A,M,S,9,33,CE,CB,9.926017
tcr_18_4,C,A,M,S,9,33,CE,O,9.232977
tcr_18_4,C,A,M,S,9,33,CE,OG,8.52105
tcr_18_4,C,A,M,W,9,121,CE,C,7.957292
tcr_18_4,C,A,M,W,9,121,CE,O,8.88831
tcr_18_4,C,A,M,Q,9,120,CE,C,6.4185987
tcr_18_4,C,A,M,W,9,121,CE,CG,6.0484138
tcr_18_4,C,A,M,Q,9,120,CE,O,5.5323524
tcr_18_4,C,A,M,W,9,121,CE,CB,5.962103
tcr_18_4,C,A,M,W,9,121,CE,N,6.8844943
tcr_18_4,C,A,M,W,9,121,CE,CA,6.5695467
tcr_18_4,C,A,M,Q,9,139,CE,O,6.5577455
tcr_18_4,C,A,M,W,9,121,CE,CD1,5.9457235
tcr_18_4,C,A,M,Q,9,120,CE,CG,9.694483
tcr_18_4,C,A,M,Q,9,120,CE,CA,7.3817115
tcr_18_4,C,A,M,Q,9,120,CE,CB,8.514226
tcr_18_4,C,A,M,L,9,119,CE,C,7.163077
tcr_18_4,C,A,M,Q,9,120,CE,N,6.878892
tcr_18_4,C,A,M,A,9,141,CE,O,6.217108
tcr_18_4,C,A,M,A,9,141,CE,N,5.7803574
tcr_18_4,C,A,M,D,9,143,CE,N,9.83254
tcr_18_4,C,A,M,A,9,141,CE,C,6.52319
tcr_18_4,C,A,M,Q,9,139,CE,N,7.9817204
tcr_18_4,C,A,M,A,9,149,CE,CA,8.492728
tcr_18_4,C,A,M,Q,9,139,CE,CB,8.804851
tcr_18_4,C,A,M,Q,9,139,CE,CA,7.538537
tcr_18_4,C,A,M,A,9,149,CE,CB,9.613394
tcr_18_4,C,A,M,S,9,140,CE,O,5.970657
tcr_18_4,C,A,M,I,9,148,CE,C,6.66916
tcr_18_4,C,A,M,A,9,149,CE,N,7.83941
tcr_18_4,C,A,M,S,9,140,CE,N,5.620398
tcr_18_4,C,A,M,I,9,148,CE,O,6.0162377
tcr_18_4,C,A,M,S,9,140,CE,C,5.440352
tcr_18_4,C,A,M,I,9,148,CE,CA,6.461601
tcr_18_4,C,A,M,I,9,148,CE,N,6.117983
tcr_18_4,C,A,M,Y,9,147,CE,C,6.8596683
tcr_18_4,C,A,M,Y,9,147,CE,CD1,4.4896245
tcr_18_4,C,A,M,S,9,140,CE,CA,4.780808
tcr_18_4,C,A,M,S,9,140,CE,OG,3.1539984
tcr_18_4,C,A,M,I,9,148,CE,CG2,4.3756514
tcr_18_4,C,A,M,S,9,140,CE,CB,3.2747233
tcr_18_4,C,A,M,A,9,164,CE,CB,8.349858
tcr_18_4,C,A,M,Y,9,147,CE,O,7.7497225
tcr_18_4,C,A,M,I,9,148,CE,CG1,6.865021
tcr_18_4,C,A,M,I,9,148,CE,CB,5.801904
tcr_18_4,C,A,M,I,9,148,CE,CD1,6.960163
tcr_18_4,C,A,M,T,9,158,CE,O,9.723956
tcr_18_4,C,A,M,D,9,146,CE,CA,9.57306
tcr_18_4,C,A,M,Y,9,142,CE,N,7.1286955
tcr_18_4,C,A,M,Y,9,142,CE,O,9.798238
tcr_18_4,C,A,M,Y,9,147,CE,N,7.583641
tcr_18_4,C,A,M,Y,9,147,CE,CB,5.7915325
tcr_18_4,C,A,M,Y,9,142,CE,CA,7.6161194
tcr_18_4,C,A,M,A,9,141,CE,CA,6.7175775
tcr_18_4,C,A,M,Y,9,142,CE,C,9.138183
tcr_18_4,C,A,M,Y,9,142,CE,CB,7.279552
tcr_18_4,C,A,M,K,9,145,CE,O,8.969595
tcr_18_4,C,A,M,Y,9,147,CE,CG,5.4668517
tcr_18_4,C,A,M,Y,9,147,CE,CA,6.959269
tcr_18_4,C,A,M,D,9,146,CE,O,9.573693
tcr_18_4,C,A,M,Y,9,147,CE,CD2,6.526721
tcr_18_4,C,A,M,Y,9,109,CE,OH,9.737474
tcr_18_4,C,A,M,D,9,146,CE,C,8.852444
tcr_18_4,C,A,M,D,9,98,CE,CB,8.012836
tcr_18_4,C,A,M,D,9,98,CE,CA,7.7149215
tcr_18_4,C,A,M,Q,9,94,CE,NE2,7.1205096
tcr_18_4,C,A,M,D,9,98,CE,OD1,6.4700904
tcr_18_4,C,A,M,D,9,98,CE,CG,7.2389665
tcr_18_4,C,A,M,Q,9,94,CE,O,9.685953
tcr_18_4,C,A,M,D,9,98,CE,OD2,7.6739597
tcr_18_4,C,A,M,L,9,119,CE,CD2,4.6766596
tcr_18_4,C,A,M,S,9,35,CE,OG,9.625868
tcr_18_4,C,A,M,L,9,119,CE,CG,4.7976837
tcr_18_4,C,A,M,L,9,119,CE,O,7.8657093
tcr_18_4,C,A,M,S,9,35,CE,N,9.9907875
tcr_18_4,C,A,M,L,9,119,CE,CA,6.9644933
tcr_18_4,C,A,M,S,9,35,CE,CB,9.409333
tcr_18_4,C,A,M,L,9,102,CE,CG,8.900446
tcr_18_4,C,A,M,L,9,119,CE,CB,6.2645245
tcr_18_4,C,A,M,L,9,102,CE,CD1,9.949455
tcr_18_4,C,A,M,L,9,102,CE,CB,9.495696
tcr_18_4,C,A,M,T,9,97,CE,CB,8.967925
tcr_18_4,C,A,M,T,9,97,CE,C,8.466645
tcr_18_4,C,A,M,T,9,97,CE,O,8.165712
tcr_18_4,C,A,M,D,9,98,CE,N,8.309352
tcr_18_4,C,A,M,T,9,97,CE,CG2,7.9531994
tcr_18_4,C,A,M,T,9,97,CE,CA,9.460978
tcr_18_4,C,A,M,R,9,99,CE,N,9.8616085
tcr_18_4,C,A,M,D,9,98,CE,C,8.575482
tcr_18_4,C,A,M,D,9,98,CE,O,8.230578
tcr_18_4,C,A,M,L,9,119,CE,N,8.344019
tcr_18_4,C,A,M,T,9,118,CE,C,9.094075
tcr_18_4,C,A,M,T,9,118,CE,O,8.785834
tcr_18_4,C,A,M,L,9,102,CE,CD2,8.955158
tcr_18_4,C,A,M,S,9,101,CE,CB,5.5451894
tcr_18_4,C,A,M,W,9,171,CE,CZ2,4.174433
tcr_18_4,C,A,M,S,9,101,CE,OG,5.4403076
tcr_18_4,C,A,M,T,9,167,CE,OG1,6.3139467
tcr_18_4,C,A,M,W,9,171,CE,CZ3,4.9632883
tcr_18_4,C,A,M,T,9,167,CE,CB,6.434655
tcr_18_4,C,A,M,T,9,167,CE,CG2,5.406524
tcr_18_4,C,A,M,W,9,171,CE,CH2,3.8446145
tcr_18_4,C,A,M,Y,9,147,CE,OH,6.6906857
tcr_18_4,C,A,M,Y,9,147,CE,CE1,4.810818
tcr_18_4,C,A,M,L,9,119,CE,CD1,3.9653742
tcr_18_4,C,A,M,Y,9,147,CE,CZ,5.9957356
tcr_18_4,C,A,M,Y,9,108,CE,CE2,8.836496
tcr_18_4,C,A,M,S,9,101,CE,C,7.2709723
tcr_18_4,C,A,M,S,9,101,CE,O,7.450116
tcr_18_4,C,A,M,L,9,105,CE,CD1,5.521172
tcr_18_4,C,A,M,Y,9,108,CE,CD2,9.215435
tcr_18_4,C,A,M,L,9,105,CE,CG,6.389568
tcr_18_4,C,A,M,L,9,102,CE,CA,8.707285
tcr_18_4,C,A,M,L,9,105,CE,N,8.991255
tcr_18_4,C,A,M,Y,9,147,CE,CE2,6.761397
tcr_18_4,C,A,M,L,9,105,CE,CD2,6.3106503
tcr_18_4,C,A,M,S,9,101,CE,CA,6.842348
tcr_18_4,C,A,M,Y,9,108,CE,OH,9.866701
tcr_18_4,C,A,M,K,9,170,CE,NZ,9.472043
tcr_18_4,C,A,M,S,9,101,CE,N,7.9742794
tcr_18_4,C,A,M,K,9,170,CE,CD,9.795987
tcr_18_4,C,A,M,N,9,104,CE,ND2,9.700774
tcr_18_4,C,A,M,V,9,100,CE,C,9.218582
tcr_18_4,C,A,M,V,9,100,CE,O,9.611672
tcr_18_4,C,A,M,N,9,104,CE,CB,9.443631
tcr_18_4,C,A,M,Y,9,108,CE,CZ,9.918141
tcr_18_4,C,A,M,L,9,102,CE,N,7.8750443
tcr_18_4,C,A,M,N,9,104,CE,C,9.967145
tcr_18_4,C,A,M,Q,9,168,CE,N,8.845715
tcr_18_4,C,A,M,T,9,167,CE,N,8.859489
tcr_18_4,C,A,M,A,9,164,CE,O,8.693691
tcr_18_4,C,A,M,T,9,167,CE,CA,7.832475
tcr_18_4,C,A,M,T,9,167,CE,O,8.565361
tcr_18_4,C,A,M,T,9,167,CE,C,8.31911
tcr_18_4,C,A,M,Q,9,168,CE,CA,9.679735
tcr_18_4,C,A,M,A,9,164,CE,C,9.183464
tcr_18_4,C,A,M,A,9,163,CE,C,9.767815
tcr_18_4,C,A,M,A,9,164,CE,N,9.325244
tcr_18_4,C,A,M,A,9,163,CE,O,9.545854
tcr_18_4,C,A,M,A,9,164,CE,CA,8.44549
tcr_18_4,C,A,M,L,9,105,CE,CA,8.906199
tcr_18_4,C,A,M,Y,9,142,CE,CD2,7.832783
tcr_18_4,C,A,M,L,9,105,CE,CB,7.85585
tcr_18_4,C,A,M,Y,9,142,CE,CG,8.030724
tcr_18_4,C,A,M,Y,9,142,CE,CE2,8.809765
tcr_18_4,C,A,M,Y,9,142,CE,CZ,9.851252
tcr_18_4,C,A,M,Y,9,142,CE,CD1,9.1791315
tcr_18_4,C,A,M,Y,9,109,CE,CE2,9.800001
tcr_18_4,C,A,M,L,9,102,CE,C,9.824776
tcr_18_4,C,A,M,E,9,176,OXT,CB,9.977346
tcr_18_4,C,A,M,E,9,176,OXT,CG,9.712188
tcr_18_4,C,A,M,R,9,180,OXT,NH2,9.052948
tcr_18_4,C,A,M,W,9,171,OXT,CG,6.3893056
tcr_18_4,C,A,M,W,9,171,OXT,CD1,5.6753893
tcr_18_4,C,A,M,W,9,171,OXT,CD2,6.3629417
tcr_18_4,C,A,M,W,9,171,OXT,CE2,5.6357274
tcr_18_4,C,A,M,W,9,171,OXT,NE1,5.1657767
tcr_18_4,C,A,M,W,9,171,OXT,CE3,7.240845
tcr_18_4,C,A,M,E,9,172,OXT,N,9.557478
tcr_18_4,C,A,M,Q,9,168,OXT,O,8.2366905
tcr_18_4,C,A,M,W,9,171,OXT,CB,7.4329877
tcr_18_4,C,A,M,A,9,174,OXT,CB,9.952141
tcr_18_4,C,A,M,W,9,171,OXT,CA,7.724573
tcr_18_4,C,A,M,W,9,171,OXT,C,9.178652
tcr_18_4,C,A,M,K,9,170,OXT,C,6.995266
tcr_18_4,C,A,M,R,9,169,OXT,O,8.888318
tcr_18_4,C,A,M,K,9,170,OXT,O,7.893985
tcr_18_4,C,A,M,K,9,170,OXT,CA,6.3960013
tcr_18_4,C,A,M,W,9,171,OXT,N,6.8447785
tcr_18_4,C,A,M,R,9,169,OXT,C,7.9692655
tcr_18_4,C,A,M,I,9,148,OXT,CA,9.873082
tcr_18_4,C,A,M,I,9,148,OXT,N,9.865463
tcr_18_4,C,A,M,Y,9,147,OXT,C,9.962418
tcr_18_4,C,A,M,Y,9,147,OXT,CD1,6.9731636
tcr_18_4,C,A,M,S,9,140,OXT,OG,9.945528
tcr_18_4,C,A,M,I,9,148,OXT,CG2,7.8878026
tcr_18_4,C,A,M,S,9,140,OXT,CB,9.915291
tcr_18_4,C,A,M,A,9,164,OXT,CB,8.280227
tcr_18_4,C,A,M,I,9,148,OXT,CG1,8.845476
tcr_18_4,C,A,M,I,9,148,OXT,CB,8.503593
tcr_18_4,C,A,M,I,9,148,OXT,CD1,7.7620926
tcr_18_4,C,A,M,Q,9,168,OXT,CG,9.808483
tcr_18_4,C,A,M,Y,9,147,OXT,CB,9.445763
tcr_18_4,C,A,M,Y,9,147,OXT,CG,8.070158
tcr_18_4,C,A,M,Y,9,147,OXT,CD2,8.084464
tcr_18_4,C,A,M,L,9,119,OXT,CD2,8.956589
tcr_18_4,C,A,M,L,9,119,OXT,CG,9.833398
tcr_18_4,C,A,M,V,9,100,OXT,CG2,9.992267
tcr_18_4,C,A,M,T,9,97,OXT,C,9.636383
tcr_18_4,C,A,M,T,9,97,OXT,O,8.63389
tcr_18_4,C,A,M,T,9,97,OXT,CG2,9.048563
tcr_18_4,C,A,M,V,9,100,OXT,CA,8.750185
tcr_18_4,C,A,M,V,9,100,OXT,N,9.746978
tcr_18_4,C,A,M,D,9,98,OXT,O,9.678093
tcr_18_4,C,A,M,S,9,101,OXT,CB,6.274196
tcr_18_4,C,A,M,W,9,171,OXT,CZ2,5.924158
tcr_18_4,C,A,M,S,9,101,OXT,OG,5.968594
tcr_18_4,C,A,M,T,9,167,OXT,OG1,2.7077572
tcr_18_4,C,A,M,W,9,171,OXT,CZ3,7.4531603
tcr_18_4,C,A,M,T,9,167,OXT,CB,3.470931
tcr_18_4,C,A,M,T,9,167,OXT,CG2,3.6422057
tcr_18_4,C,A,M,W,9,171,OXT,CH2,6.8566446
tcr_18_4,C,A,M,Y,9,147,OXT,OH,4.7878156
tcr_18_4,C,A,M,Y,9,147,OXT,CE1,5.6994567
tcr_18_4,C,A,M,L,9,119,OXT,CD1,9.091351
tcr_18_4,C,A,M,Y,9,147,OXT,CZ,5.730446
tcr_18_4,C,A,M,Y,9,108,OXT,CE2,3.4557927
tcr_18_4,C,A,M,S,9,101,OXT,C,6.7134905
tcr_18_4,C,A,M,S,9,101,OXT,O,6.196632
tcr_18_4,C,A,M,L,9,105,OXT,CD1,6.7909245
tcr_18_4,C,A,M,Y,9,108,OXT,CD2,4.7096157
tcr_18_4,C,A,M,L,9,105,OXT,CG,5.996954
tcr_18_4,C,A,M,L,9,102,OXT,CA,8.961848
tcr_18_4,C,A,M,L,9,105,OXT,N,6.238639
tcr_18_4,C,A,M,Y,9,147,OXT,CE2,7.019822
tcr_18_4,C,A,M,L,9,105,OXT,CD2,5.798648
tcr_18_4,C,A,M,R,9,103,OXT,NH2,9.800129
tcr_18_4,C,A,M,S,9,101,OXT,CA,6.1118827
tcr_18_4,C,A,M,Y,9,108,OXT,OH,3.1548545
tcr_18_4,C,A,M,K,9,170,OXT,NZ,4.1420255
tcr_18_4,C,A,M,K,9,170,OXT,CE,4.653788
tcr_18_4,C,A,M,S,9,101,OXT,N,7.0710216
tcr_18_4,C,A,M,V,9,100,OXT,CG1,7.777035
tcr_18_4,C,A,M,V,9,100,OXT,CB,8.578311
tcr_18_4,C,A,M,K,9,170,OXT,CD,3.904983
tcr_18_4,C,A,M,N,9,104,OXT,ND2,4.736373
tcr_18_4,C,A,M,V,9,100,OXT,C,7.5060425
tcr_18_4,C,A,M,N,9,104,OXT,CG,5.366038
tcr_18_4,C,A,M,V,9,100,OXT,O,7.222086
tcr_18_4,C,A,M,N,9,104,OXT,CB,4.8904157
tcr_18_4,C,A,M,N,9,104,OXT,OD1,6.54445
tcr_18_4,C,A,M,Y,9,108,OXT,CZ,3.7718346
tcr_18_4,C,A,M,L,9,102,OXT,N,8.041523
tcr_18_4,C,A,M,N,9,104,OXT,C,6.2409277
tcr_18_4,C,A,M,N,9,104,OXT,N,7.142597
tcr_18_4,C,A,M,N,9,104,OXT,CA,6.2019114
tcr_18_4,C,A,M,Q,9,168,OXT,N,6.018526
tcr_18_4,C,A,M,T,9,167,OXT,N,4.1954293
tcr_18_4,C,A,M,A,9,164,OXT,O,6.6858687
tcr_18_4,C,A,M,T,9,167,OXT,CA,3.6053817
tcr_18_4,C,A,M,T,9,167,OXT,O,5.088115
tcr_18_4,C,A,M,K,9,170,OXT,CG,5.0692544
tcr_18_4,C,A,M,T,9,167,OXT,C,4.881264
tcr_18_4,C,A,M,K,9,170,OXT,CB,4.97271
tcr_18_4,C,A,M,I,9,166,OXT,C,4.935016
tcr_18_4,C,A,M,Q,9,168,OXT,CA,7.327248
tcr_18_4,C,A,M,I,9,166,OXT,O,5.204201
tcr_18_4,C,A,M,K,9,170,OXT,N,6.6869984
tcr_18_4,C,A,M,Q,9,168,OXT,C,7.7329135
tcr_18_4,C,A,M,Q,9,165,OXT,O,7.946247
tcr_18_4,C,A,M,R,9,169,OXT,CB,8.812768
tcr_18_4,C,A,M,Q,9,168,OXT,CB,8.456621
tcr_18_4,C,A,M,R,9,169,OXT,CA,8.473438
tcr_18_4,C,A,M,R,9,169,OXT,NE,9.972554
tcr_18_4,C,A,M,R,9,169,OXT,CG,9.997784
tcr_18_4,C,A,M,R,9,169,OXT,N,7.7678123
tcr_18_4,C,A,M,I,9,166,OXT,CB,5.775174
tcr_18_4,C,A,M,Y,9,108,OXT,CG,5.9036064
tcr_18_4,C,A,M,Y,9,108,OXT,CD1,6.077555
tcr_18_4,C,A,M,A,9,164,OXT,C,7.2322173
tcr_18_4,C,A,M,A,9,163,OXT,C,7.03388
tcr_18_4,C,A,M,A,9,163,OXT,CA,8.054673
tcr_18_4,C,A,M,I,9,166,OXT,CG2,5.4493194
tcr_18_4,C,A,M,A,9,164,OXT,N,7.5593348
tcr_18_4,C,A,M,Y,9,108,OXT,CE1,5.171631
tcr_18_4,C,A,M,A,9,163,OXT,O,6.048856
tcr_18_4,C,A,M,A,9,164,OXT,CA,7.145284
tcr_18_4,C,A,M,Q,9,165,OXT,N,8.129162
tcr_18_4,C,A,M,I,9,166,OXT,CA,6.010402
tcr_18_4,C,A,M,I,9,166,OXT,N,6.7687263
tcr_18_4,C,A,M,Q,9,165,OXT,CA,8.520755
tcr_18_4,C,A,M,I,9,166,OXT,CG1,7.2069583
tcr_18_4,C,A,M,T,9,162,OXT,C,9.804435
tcr_18_4,C,A,M,I,9,166,OXT,CD1,7.5043983
tcr_18_4,C,A,M,Q,9,165,OXT,C,7.615744
tcr_18_4,C,A,M,T,9,162,OXT,O,9.251818
tcr_18_4,C,A,M,Q,9,165,OXT,CB,9.855745
tcr_18_4,C,A,M,R,9,106,OXT,N,9.017475
tcr_18_4,C,A,M,L,9,105,OXT,CA,6.7908783
tcr_18_4,C,A,M,L,9,105,OXT,CB,7.071879
tcr_18_4,C,A,M,L,9,105,OXT,C,8.199224
tcr_18_4,C,A,M,Y,9,109,OXT,CD2,9.854082
tcr_18_4,C,A,M,L,9,105,OXT,O,8.670179
tcr_18_4,C,A,M,Y,9,109,OXT,CE2,9.435107
tcr_18_4,C,A,M,Y,9,108,OXT,CA,8.490285
tcr_18_4,C,A,M,Y,9,108,OXT,CB,7.233363
tcr_18_4,C,A,M,A,9,163,OXT,CB,8.31474
tcr_18_4,C,A,M,Y,9,108,OXT,C,9.72747
tcr_18_4,C,A,M,A,9,163,OXT,N,9.363514
tcr_18_4,C,A,M,R,9,103,OXT,CA,9.441921
tcr_18_4,C,A,M,R,9,103,OXT,N,9.11686
tcr_18_4,C,A,M,R,9,103,OXT,CB,9.977856
tcr_18_4,C,A,M,L,9,102,OXT,C,9.049811
tcr_18_4,C,A,M,L,9,102,OXT,O,9.295312
tcr_18_4,C,A,M,R,9,103,OXT,O,8.937339
tcr_18_4,C,A,M,R,9,103,OXT,C,8.418823
tcr_18_4,C,A,M,G,9,107,OXT,C,9.644139
tcr_18_4,C,A,M,Y,9,108,OXT,N,8.547958
tcr_18_4,C,A,M,N,9,104,OXT,O,6.735541
tcr_18_4,C,A,M,G,9,107,OXT,N,9.695894
tcr_18_4,C,A,M,G,9,107,OXT,CA,9.914459
