pdb_id,chain_from,chain_to,residue_from,residue_to,resid_from,resid_to,atom_from,atom_to,dist
tcr_20_4,D,A,E,D,17,85,CG,OD2,9.732437
tcr_20_4,D,A,E,D,17,85,CD,OD2,9.361197
tcr_20_4,D,A,E,D,17,85,CD,CG,9.991639
tcr_20_4,D,A,E,D,17,85,OE1,OD1,9.2890215
tcr_20_4,D,A,E,R,17,68,OE1,NH1,9.69936
tcr_20_4,D,A,E,D,17,85,OE1,OD2,8.623507
tcr_20_4,D,A,E,D,17,85,OE1,CG,9.202398
tcr_20_4,D,A,S,Q,19,89,OG,NE2,9.869126
tcr_20_4,D,A,M,E,20,82,N,OE1,9.214567
tcr_20_4,D,A,M,E,20,82,N,CD,9.755884
tcr_20_4,D,A,M,E,20,82,CA,OE1,9.036462
tcr_20_4,D,A,M,E,20,82,CA,CD,9.688877
tcr_20_4,D,A,M,E,20,82,C,OE1,9.470836
tcr_20_4,D,A,M,E,20,82,O,OE1,8.784841
tcr_20_4,D,A,M,E,20,82,O,CD,9.663796
tcr_20_4,D,A,M,E,20,82,CB,CB,9.892107
tcr_20_4,D,A,M,E,20,82,CB,CG,8.934914
tcr_20_4,D,A,M,E,20,82,CB,OE2,8.811402
tcr_20_4,D,A,M,E,20,82,CB,OE1,7.6871758
tcr_20_4,D,A,M,E,20,82,CB,CD,8.343471
tcr_20_4,D,A,M,E,20,82,CG,CB,9.654041
tcr_20_4,D,A,M,E,20,82,CG,CG,8.881927
tcr_20_4,D,A,M,E,20,82,CG,OE2,8.5013685
tcr_20_4,D,A,M,E,20,82,CG,OE1,7.7488046
tcr_20_4,D,A,M,E,20,82,CG,CD,8.229459
tcr_20_4,D,A,M,E,20,82,SD,CB,8.783542
tcr_20_4,D,A,M,E,20,82,SD,CA,9.914433
tcr_20_4,D,A,M,E,20,82,SD,CG,8.025672
tcr_20_4,D,A,M,E,20,82,SD,OE2,7.232891
tcr_20_4,D,A,M,E,20,82,SD,OE1,6.6699843
tcr_20_4,D,A,M,E,20,82,SD,CD,7.134197
tcr_20_4,D,A,M,E,20,82,CE,CB,9.205167
tcr_20_4,D,A,M,E,20,82,CE,CG,8.71999
tcr_20_4,D,A,M,E,20,82,CE,OE2,7.692149
tcr_20_4,D,A,M,E,20,82,CE,OE1,7.6238585
tcr_20_4,D,A,M,E,20,82,CE,CD,7.8408966
tcr_20_4,D,A,Q,E,22,82,CG,OE1,9.25534
tcr_20_4,D,A,Q,Q,22,89,CD,NE2,9.625648
tcr_20_4,D,A,Q,Q,22,89,CD,OE1,9.395177
tcr_20_4,D,A,Q,E,22,82,CD,OE1,8.765017
tcr_20_4,D,A,Q,E,22,82,CD,CD,9.883203
tcr_20_4,D,A,Q,Q,22,89,OE1,NE2,9.258325
tcr_20_4,D,A,Q,Q,22,89,OE1,CD,9.85236
tcr_20_4,D,A,Q,Q,22,89,OE1,OE1,9.298212
tcr_20_4,D,A,Q,E,22,82,OE1,OE1,9.623946
tcr_20_4,D,A,Q,E,22,82,NE2,CG,9.007616
tcr_20_4,D,A,Q,Q,22,89,NE2,NE2,9.00416
tcr_20_4,D,A,Q,Q,22,89,NE2,CD,9.3179455
tcr_20_4,D,A,Q,Q,22,89,NE2,OE1,8.535596
tcr_20_4,D,A,Q,E,22,82,NE2,OE2,9.583681
tcr_20_4,D,A,Q,R,22,86,NE2,CD,9.596701
tcr_20_4,D,A,Q,R,22,86,NE2,NH1,9.964563
tcr_20_4,D,A,Q,E,22,82,NE2,OE1,7.5122147
tcr_20_4,D,A,Q,E,22,82,NE2,CD,8.620149
tcr_20_4,D,A,T,E,47,82,N,OE1,9.821944
tcr_20_4,D,A,T,E,47,82,CA,OE1,8.557989
tcr_20_4,D,A,T,E,47,82,CA,CD,9.732731
tcr_20_4,D,A,T,E,47,82,C,CG,9.883577
tcr_20_4,D,A,T,E,47,82,C,OE2,9.010107
tcr_20_4,D,A,T,E,47,82,C,OE1,7.5417438
tcr_20_4,D,A,T,E,47,82,C,CD,8.671433
tcr_20_4,D,A,T,E,47,82,O,OE2,9.336414
tcr_20_4,D,A,T,E,47,82,O,OE1,8.06626
tcr_20_4,D,A,T,E,47,82,O,CD,9.137424
tcr_20_4,D,A,T,E,47,82,CB,OE1,8.923236
tcr_20_4,D,A,T,E,47,82,OG1,OE2,9.846062
tcr_20_4,D,A,T,R,47,86,OG1,CD,9.987789
tcr_20_4,D,A,T,R,47,86,OG1,NH1,9.229293
tcr_20_4,D,A,T,E,47,82,OG1,OE1,7.9308453
tcr_20_4,D,A,T,E,47,82,OG1,CD,9.179576
tcr_20_4,D,A,T,E,47,82,CG2,OE1,9.541686
tcr_20_4,D,A,S,E,48,82,N,CB,9.910699
tcr_20_4,D,A,S,E,48,82,N,CG,8.586049
tcr_20_4,D,A,S,E,48,82,N,OE2,7.7902822
tcr_20_4,D,A,S,R,48,86,N,NH1,9.104367
tcr_20_4,D,A,S,E,48,82,N,OE1,6.26509
tcr_20_4,D,A,S,E,48,82,N,CD,7.4005322
tcr_20_4,D,A,S,E,48,82,CA,CB,8.868629
tcr_20_4,D,A,S,E,48,82,CA,CG,7.609488
tcr_20_4,D,A,S,E,48,82,CA,OE2,6.5761766
tcr_20_4,D,A,S,R,48,86,CA,CZ,9.253045
tcr_20_4,D,A,S,R,48,86,CA,NH2,9.877708
tcr_20_4,D,A,S,R,48,86,CA,NE,9.882574
tcr_20_4,D,A,S,R,48,86,CA,CD,9.572851
tcr_20_4,D,A,S,R,48,86,CA,NH1,8.169949
tcr_20_4,D,A,S,E,48,82,CA,OE1,5.2326565
tcr_20_4,D,A,S,E,48,82,CA,CD,6.308239
tcr_20_4,D,A,S,E,48,82,C,O,9.714113
tcr_20_4,D,A,S,E,48,82,C,CB,8.530833
tcr_20_4,D,A,S,E,48,82,C,C,9.906108
tcr_20_4,D,A,S,E,48,82,C,CA,9.75776
tcr_20_4,D,A,S,E,48,82,C,CG,7.2069654
tcr_20_4,D,A,S,R,48,86,C,CG,9.577954
tcr_20_4,D,A,S,R,48,86,C,CB,9.875646
tcr_20_4,D,A,S,E,48,82,C,OE2,6.3482614
tcr_20_4,D,A,S,R,48,86,C,CZ,7.9581995
tcr_20_4,D,A,S,R,48,86,C,NH2,8.619123
tcr_20_4,D,A,S,R,48,86,C,NE,8.629836
tcr_20_4,D,A,S,R,48,86,C,CD,8.347028
tcr_20_4,D,A,S,R,48,86,C,NH1,6.8101625
tcr_20_4,D,A,S,E,48,82,C,OE1,4.846706
tcr_20_4,D,A,S,E,48,82,C,CD,5.976035
tcr_20_4,D,A,S,Y,48,83,O,N,9.842775
tcr_20_4,D,A,S,E,48,82,O,O,9.23494
tcr_20_4,D,A,S,E,48,82,O,CB,7.9943876
tcr_20_4,D,A,S,E,48,82,O,C,9.342074
tcr_20_4,D,A,S,E,48,82,O,CA,9.264223
tcr_20_4,D,A,S,E,48,82,O,CG,6.764442
tcr_20_4,D,A,S,R,48,86,O,CG,9.261938
tcr_20_4,D,A,S,R,48,86,O,CB,9.522937
tcr_20_4,D,A,S,E,48,82,O,OE2,5.707039
tcr_20_4,D,A,S,R,48,86,O,CZ,7.2296104
tcr_20_4,D,A,S,R,48,86,O,NH2,7.7558446
tcr_20_4,D,A,S,R,48,86,O,NE,8.035302
tcr_20_4,D,A,S,R,48,86,O,CD,7.9509134
tcr_20_4,D,A,S,R,48,86,O,NH1,6.097846
tcr_20_4,D,A,S,E,48,82,O,OE1,4.4666967
tcr_20_4,D,A,S,E,48,82,O,CD,5.4713616
tcr_20_4,D,A,S,E,48,82,CB,O,9.540373
tcr_20_4,D,A,S,E,48,82,CB,CB,7.720106
tcr_20_4,D,A,S,E,48,82,CB,C,9.563942
tcr_20_4,D,A,S,E,48,82,CB,CA,9.031013
tcr_20_4,D,A,S,E,48,82,CB,CG,6.527641
tcr_20_4,D,A,S,E,48,82,CB,OE2,5.4813275
tcr_20_4,D,A,S,R,48,86,CB,CZ,9.12164
tcr_20_4,D,A,S,R,48,86,CB,NH2,9.702346
tcr_20_4,D,A,S,R,48,86,CB,NE,9.674499
tcr_20_4,D,A,S,R,48,86,CB,CD,9.389227
tcr_20_4,D,A,S,R,48,86,CB,NH1,8.184267
tcr_20_4,D,A,S,E,48,82,CB,OE1,4.240512
tcr_20_4,D,A,S,E,48,82,CB,CD,5.2302823
tcr_20_4,D,A,S,Y,48,83,OG,N,9.83313
tcr_20_4,D,A,S,E,48,82,OG,O,8.792334
tcr_20_4,D,A,S,E,48,82,OG,CB,7.255514
tcr_20_4,D,A,S,E,48,82,OG,C,8.943426
tcr_20_4,D,A,S,E,48,82,OG,CA,8.42145
tcr_20_4,D,A,S,E,48,82,OG,N,9.561021
tcr_20_4,D,A,S,E,48,82,OG,CG,5.942717
tcr_20_4,D,A,S,R,48,86,OG,CG,9.553238
tcr_20_4,D,A,S,R,48,86,OG,CB,9.48397
tcr_20_4,D,A,S,E,48,82,OG,OE2,5.423608
tcr_20_4,D,A,S,R,48,86,OG,CZ,8.741447
tcr_20_4,D,A,S,R,48,86,OG,NH2,9.452671
tcr_20_4,D,A,S,R,48,86,OG,NE,9.115404
tcr_20_4,D,A,S,R,48,86,OG,CD,8.662521
tcr_20_4,D,A,S,R,48,86,OG,NH1,7.8704605
tcr_20_4,D,A,S,E,48,82,OG,OE1,3.7831976
tcr_20_4,D,A,S,E,48,82,OG,CD,4.8770566
tcr_20_4,D,A,E,E,49,82,N,O,9.898387
tcr_20_4,D,A,E,E,49,82,N,CB,9.121276
tcr_20_4,D,A,E,E,49,82,N,CG,7.7006607
tcr_20_4,D,A,E,R,49,86,N,CG,9.182055
tcr_20_4,D,A,E,R,49,86,N,CB,9.645062
tcr_20_4,D,A,E,E,49,82,N,OE2,7.2033467
tcr_20_4,D,A,E,R,49,86,N,CZ,7.881986
tcr_20_4,D,A,E,R,49,86,N,NH2,8.696456
tcr_20_4,D,A,E,R,49,86,N,NE,8.440844
tcr_20_4,D,A,E,R,49,86,N,CD,7.980008
tcr_20_4,D,A,E,R,49,86,N,NH1,6.686128
tcr_20_4,D,A,E,E,49,82,N,OE1,5.4435196
tcr_20_4,D,A,E,E,49,82,N,CD,6.647303
tcr_20_4,D,A,E,E,49,82,CA,O,9.506916
tcr_20_4,D,A,E,E,49,82,CA,CB,9.167237
tcr_20_4,D,A,E,E,49,82,CA,C,9.956167
tcr_20_4,D,A,E,E,49,82,CA,CG,7.7363286
tcr_20_4,D,A,E,R,49,86,CA,CG,8.233119
tcr_20_4,D,A,E,R,49,86,CA,CB,8.870267
tcr_20_4,D,A,E,E,49,82,CA,OE2,7.478452
tcr_20_4,D,A,E,R,49,86,CA,CZ,6.888829
tcr_20_4,D,A,E,R,49,86,CA,NH2,7.769724
tcr_20_4,D,A,E,R,49,86,CA,NE,7.4401555
tcr_20_4,D,A,E,R,49,86,CA,CD,6.966178
tcr_20_4,D,A,E,R,49,86,CA,NH1,5.6453
tcr_20_4,D,A,E,E,49,82,CA,OE1,5.679441
tcr_20_4,D,A,E,E,49,82,CA,CD,6.840174
tcr_20_4,D,A,E,E,49,82,C,CG,8.814306
tcr_20_4,D,A,E,R,49,86,C,CG,8.9949665
tcr_20_4,D,A,E,R,49,86,C,CB,9.7483835
tcr_20_4,D,A,E,E,49,82,C,OE2,8.34272
tcr_20_4,D,A,E,R,49,86,C,CZ,7.213834
tcr_20_4,D,A,E,R,49,86,C,NH2,7.973246
tcr_20_4,D,A,E,R,49,86,C,NE,7.9259996
tcr_20_4,D,A,E,R,49,86,C,CD,7.6210732
tcr_20_4,D,A,E,R,49,86,C,NH1,5.9106216
tcr_20_4,D,A,E,E,49,82,C,OE1,6.7776337
tcr_20_4,D,A,E,E,49,82,C,CD,7.851636
tcr_20_4,D,A,E,E,49,82,O,CG,9.794671
tcr_20_4,D,A,E,E,49,82,O,OE2,9.133998
tcr_20_4,D,A,E,R,49,86,O,CZ,8.391652
tcr_20_4,D,A,E,R,49,86,O,NH2,9.0935335
tcr_20_4,D,A,E,R,49,86,O,NE,9.141643
tcr_20_4,D,A,E,R,49,86,O,CD,8.8533125
tcr_20_4,D,A,E,R,49,86,O,NH1,7.0855927
tcr_20_4,D,A,E,E,49,82,O,OE1,7.64665
tcr_20_4,D,A,E,E,49,82,O,CD,8.73095
tcr_20_4,D,A,E,E,49,82,CB,O,9.720547
tcr_20_4,D,A,E,E,49,82,CB,CB,9.773937
tcr_20_4,D,A,E,E,49,82,CB,CG,8.279252
tcr_20_4,D,A,E,R,49,86,CB,CG,7.902389
tcr_20_4,D,A,E,R,49,86,CB,CA,9.778899
tcr_20_4,D,A,E,R,49,86,CB,CB,8.676255
tcr_20_4,D,A,E,Q,49,89,CB,OE1,9.405581
tcr_20_4,D,A,E,E,49,82,CB,OE2,8.412003
tcr_20_4,D,A,E,R,49,86,CB,CZ,7.2207932
tcr_20_4,D,A,E,R,49,86,CB,NH2,8.269204
tcr_20_4,D,A,E,R,49,86,CB,NE,7.533872
tcr_20_4,D,A,E,R,49,86,CB,CD,6.788992
tcr_20_4,D,A,E,R,49,86,CB,NH1,6.0479727
tcr_20_4,D,A,E,E,49,82,CB,OE1,6.414964
tcr_20_4,D,A,E,E,49,82,CB,CD,7.602055
tcr_20_4,D,A,E,E,49,82,CG,O,8.914745
tcr_20_4,D,A,E,E,49,82,CG,CB,9.041898
tcr_20_4,D,A,E,E,49,82,CG,C,9.588995
tcr_20_4,D,A,E,E,49,82,CG,CA,9.756224
tcr_20_4,D,A,E,E,49,82,CG,CG,7.5094166
tcr_20_4,D,A,E,R,49,86,CG,CG,7.3065124
tcr_20_4,D,A,E,R,49,86,CG,CA,8.900181
tcr_20_4,D,A,E,R,49,86,CG,N,9.582223
tcr_20_4,D,A,E,R,49,86,CG,CB,7.9388304
tcr_20_4,D,A,E,Q,49,89,CG,NE2,9.424045
tcr_20_4,D,A,E,Q,49,89,CG,CD,9.204616
tcr_20_4,D,A,E,Q,49,89,CG,OE1,8.158028
tcr_20_4,D,A,E,E,49,82,CG,OE2,7.956151
tcr_20_4,D,A,E,R,49,86,CG,CZ,7.2129865
tcr_20_4,D,A,E,R,49,86,CG,NH2,8.337433
tcr_20_4,D,A,E,R,49,86,CG,NE,7.316797
tcr_20_4,D,A,E,R,49,86,CG,CD,6.3961153
tcr_20_4,D,A,E,R,49,86,CG,NH1,6.1924634
tcr_20_4,D,A,E,E,49,82,CG,OE1,5.8067427
tcr_20_4,D,A,E,E,49,82,CG,CD,7.0009623
tcr_20_4,D,A,E,E,49,82,CD,O,9.409935
tcr_20_4,D,A,E,E,49,82,CD,CB,9.937671
tcr_20_4,D,A,E,E,49,82,CD,CG,8.413705
tcr_20_4,D,A,E,R,49,86,CD,O,9.748419
tcr_20_4,D,A,E,R,49,86,CD,C,9.817021
tcr_20_4,D,A,E,R,49,86,CD,CG,7.2694535
tcr_20_4,D,A,E,Q,49,89,CD,CB,9.756748
tcr_20_4,D,A,E,R,49,86,CD,CA,8.7964525
tcr_20_4,D,A,E,R,49,86,CD,N,9.588976
tcr_20_4,D,A,E,R,49,86,CD,CB,8.025233
tcr_20_4,D,A,E,Q,49,89,CD,CG,9.531298
tcr_20_4,D,A,E,Q,49,89,CD,NE2,8.386779
tcr_20_4,D,A,E,Q,49,89,CD,CD,8.272246
tcr_20_4,D,A,E,Q,49,89,CD,OE1,7.3277564
tcr_20_4,D,A,E,R,49,93,CD,NH1,8.855692
tcr_20_4,D,A,E,E,49,82,CD,OE2,9.169129
tcr_20_4,D,A,E,R,49,86,CD,CZ,7.8445287
tcr_20_4,D,A,E,R,49,86,CD,NH2,9.063999
tcr_20_4,D,A,E,R,49,86,CD,NE,7.7253833
tcr_20_4,D,A,E,R,49,86,CD,CD,6.589596
tcr_20_4,D,A,E,R,49,86,CD,NH1,6.939462
tcr_20_4,D,A,E,E,49,82,CD,OE1,6.9808087
tcr_20_4,D,A,E,E,49,82,CD,CD,8.121397
tcr_20_4,D,A,E,E,49,82,OE1,O,9.051495
tcr_20_4,D,A,E,E,49,82,OE1,CB,9.707805
tcr_20_4,D,A,E,E,49,82,OE1,C,9.921957
tcr_20_4,D,A,E,E,49,82,OE1,CG,8.20848
tcr_20_4,D,A,E,R,49,86,OE1,O,9.24432
tcr_20_4,D,A,E,R,49,86,OE1,C,9.336633
tcr_20_4,D,A,E,D,49,85,OE1,O,9.766865
tcr_20_4,D,A,E,R,49,86,OE1,CG,7.051038
tcr_20_4,D,A,E,Q,49,89,OE1,CB,8.876156
tcr_20_4,D,A,E,R,49,86,OE1,CA,8.270946
tcr_20_4,D,A,E,R,49,86,OE1,N,8.994667
tcr_20_4,D,A,E,D,49,85,OE1,C,9.660776
tcr_20_4,D,A,E,R,49,86,OE1,CB,7.682078
tcr_20_4,D,A,E,Q,49,89,OE1,CG,8.562652
tcr_20_4,D,A,E,Q,49,89,OE1,NE2,7.270936
tcr_20_4,D,A,E,Q,49,89,OE1,CD,7.2322326
tcr_20_4,D,A,E,K,49,90,OE1,CG,9.829993
tcr_20_4,D,A,E,Q,49,89,OE1,OE1,6.3178897
tcr_20_4,D,A,E,R,49,93,OE1,NH1,8.376266
tcr_20_4,D,A,E,R,49,93,OE1,CZ,9.641014
tcr_20_4,D,A,E,E,49,82,OE1,OE2,9.222597
tcr_20_4,D,A,E,R,49,86,OE1,CZ,8.143057
tcr_20_4,D,A,E,R,49,86,OE1,NH2,9.384929
tcr_20_4,D,A,E,R,49,86,OE1,NE,7.8533125
tcr_20_4,D,A,E,R,49,86,OE1,CD,6.6091332
tcr_20_4,D,A,E,R,49,86,OE1,NH1,7.38779
tcr_20_4,D,A,E,E,49,82,OE1,OE1,7.0193067
tcr_20_4,D,A,E,E,49,82,OE1,CD,8.096018
tcr_20_4,D,A,E,E,49,82,OE2,CG,9.515365
tcr_20_4,D,A,E,R,49,86,OE2,CG,7.7689834
tcr_20_4,D,A,E,R,49,86,OE2,CA,9.472244
tcr_20_4,D,A,E,R,49,86,OE2,CB,8.701312
tcr_20_4,D,A,E,Q,49,89,OE2,CG,9.943556
tcr_20_4,D,A,E,Q,49,89,OE2,NE2,8.840187
tcr_20_4,D,A,E,Q,49,89,OE2,CD,8.751341
tcr_20_4,D,A,E,Q,49,89,OE2,OE1,7.888348
tcr_20_4,D,A,E,R,49,93,OE2,NH1,8.456293
tcr_20_4,D,A,E,R,49,93,OE2,CZ,9.712578
tcr_20_4,D,A,E,R,49,86,OE2,CZ,8.311496
tcr_20_4,D,A,E,R,49,86,OE2,NH2,9.539951
tcr_20_4,D,A,E,R,49,86,OE2,NE,8.206295
tcr_20_4,D,A,E,R,49,86,OE2,CD,7.0689187
tcr_20_4,D,A,E,R,49,86,OE2,NH1,7.36951
tcr_20_4,D,A,E,E,49,82,OE2,OE1,8.065047
tcr_20_4,D,A,E,E,49,82,OE2,CD,9.205312
tcr_20_4,D,A,S,E,50,82,N,CG,8.833026
tcr_20_4,D,A,S,R,50,86,N,CG,8.411113
tcr_20_4,D,A,S,R,50,86,N,CB,9.254487
tcr_20_4,D,A,S,E,50,82,N,OE2,8.452019
tcr_20_4,D,A,S,T,50,187,N,CG2,9.964138
tcr_20_4,D,A,S,W,50,191,N,NE1,9.376933
tcr_20_4,D,A,S,W,50,191,N,CE2,9.713867
tcr_20_4,D,A,S,R,50,86,N,CZ,6.368519
tcr_20_4,D,A,S,R,50,86,N,NH2,7.0773787
tcr_20_4,D,A,S,R,50,86,N,NE,7.148336
tcr_20_4,D,A,S,W,50,191,N,CZ2,9.108136
tcr_20_4,D,A,S,R,50,86,N,CD,6.974067
tcr_20_4,D,A,S,R,50,86,N,NH1,5.068479
tcr_20_4,D,A,S,E,50,82,N,OE1,7.012048
tcr_20_4,D,A,S,E,50,82,N,CD,7.975033
tcr_20_4,D,A,S,T,50,187,N,OG1,9.999591
tcr_20_4,D,A,S,R,50,86,CA,CG,9.298491
tcr_20_4,D,A,S,E,50,82,CA,OE2,9.55026
tcr_20_4,D,A,S,T,50,187,CA,CB,9.973646
tcr_20_4,D,A,S,T,50,187,CA,CG2,9.319336
tcr_20_4,D,A,S,W,50,191,CA,NE1,8.957346
tcr_20_4,D,A,S,W,50,191,CA,CE2,9.448101
tcr_20_4,D,A,S,R,50,86,CA,CZ,7.0058627
tcr_20_4,D,A,S,R,50,86,CA,NH2,7.5697093
tcr_20_4,D,A,S,R,50,86,CA,NE,7.870605
tcr_20_4,D,A,S,W,50,191,CA,CZ2,9.006996
tcr_20_4,D,A,S,R,50,86,CA,CD,7.838816
tcr_20_4,D,A,S,R,50,86,CA,NH1,5.761414
tcr_20_4,D,A,S,E,50,82,CA,OE1,8.288208
tcr_20_4,D,A,S,E,50,82,CA,CD,9.174115
tcr_20_4,D,A,S,E,50,190,CA,OE2,9.293572
tcr_20_4,D,A,S,T,50,187,CA,OG1,9.121588
tcr_20_4,D,A,S,R,50,86,C,CG,9.613051
tcr_20_4,D,A,S,T,50,187,C,CB,9.521513
tcr_20_4,D,A,S,T,50,187,C,CG2,9.027748
tcr_20_4,D,A,S,W,50,191,C,NE1,9.316247
tcr_20_4,D,A,S,W,50,191,C,CE2,9.981465
tcr_20_4,D,A,S,R,50,86,C,CZ,7.714327
tcr_20_4,D,A,S,R,50,86,C,NH2,8.379999
tcr_20_4,D,A,S,R,50,86,C,NE,8.424854
tcr_20_4,D,A,S,W,50,191,C,CZ2,9.716722
tcr_20_4,D,A,S,R,50,86,C,CD,8.2421055
tcr_20_4,D,A,S,R,50,86,C,NH1,6.5258975
tcr_20_4,D,A,S,E,50,82,C,OE1,9.447771
tcr_20_4,D,A,S,E,50,190,C,OE2,9.327164
tcr_20_4,D,A,S,T,50,187,C,OG1,8.517794
tcr_20_4,D,A,S,T,50,187,O,CB,9.660458
tcr_20_4,D,A,S,T,50,187,O,CG2,9.349523
tcr_20_4,D,A,S,W,50,191,O,NE1,9.878675
tcr_20_4,D,A,S,R,50,86,O,CZ,8.846098
tcr_20_4,D,A,S,R,50,86,O,NH2,9.446569
tcr_20_4,D,A,S,R,50,86,O,NE,9.581244
tcr_20_4,D,A,S,R,50,86,O,CD,9.429987
tcr_20_4,D,A,S,R,50,86,O,NH1,7.680203
tcr_20_4,D,A,S,E,50,190,O,OE2,9.173442
tcr_20_4,D,A,S,T,50,187,O,OG1,8.552957
tcr_20_4,D,A,S,E,50,82,CB,CG,9.854048
tcr_20_4,D,A,S,R,50,86,CB,CG,8.960534
tcr_20_4,D,A,S,R,50,86,CB,CB,9.85465
tcr_20_4,D,A,S,W,50,191,CB,CZ3,9.987104
tcr_20_4,D,A,S,W,50,191,CB,CH2,8.711403
tcr_20_4,D,A,S,E,50,82,CB,OE2,9.339361
tcr_20_4,D,A,S,T,50,187,CB,CB,8.900432
tcr_20_4,D,A,S,W,50,191,CB,CG,9.741061
tcr_20_4,D,A,S,T,50,187,CB,CG2,8.175976
tcr_20_4,D,A,S,W,50,191,CB,CD2,9.39763
tcr_20_4,D,A,S,W,50,191,CB,CD1,8.661702
tcr_20_4,D,A,S,W,50,191,CB,NE1,7.5225186
tcr_20_4,D,A,S,W,50,191,CB,CE2,8.008943
tcr_20_4,D,A,S,R,50,86,CB,CZ,6.239671
tcr_20_4,D,A,S,R,50,86,CB,NH2,6.6024046
tcr_20_4,D,A,S,R,50,86,CB,NE,7.23342
tcr_20_4,D,A,S,W,50,191,CB,CZ2,7.60635
tcr_20_4,D,A,S,R,50,86,CB,CD,7.4650807
tcr_20_4,D,A,S,R,50,86,CB,NH1,5.102766
tcr_20_4,D,A,S,E,50,82,CB,OE1,8.336005
tcr_20_4,D,A,S,E,50,82,CB,CD,9.054598
tcr_20_4,D,A,S,E,50,190,CB,OE2,7.9996514
tcr_20_4,D,A,S,E,50,190,CB,CD,9.15003
tcr_20_4,D,A,S,E,50,190,CB,OE1,9.519673
tcr_20_4,D,A,S,T,50,187,CB,CA,9.48039
tcr_20_4,D,A,S,T,50,187,CB,OG1,8.177573
tcr_20_4,D,A,S,E,50,82,OG,O,9.877263
tcr_20_4,D,A,S,E,50,82,OG,CG,9.294517
tcr_20_4,D,A,S,K,50,90,OG,CE,9.654777
tcr_20_4,D,A,S,R,50,86,OG,CG,7.7035093
tcr_20_4,D,A,S,R,50,86,OG,CB,8.66655
tcr_20_4,D,A,S,K,50,90,OG,CD,9.654893
tcr_20_4,D,A,S,W,50,191,OG,CE3,9.44606
tcr_20_4,D,A,S,W,50,191,OG,CZ3,9.156515
tcr_20_4,D,A,S,W,50,191,OG,CH2,7.888113
tcr_20_4,D,A,S,Y,50,83,OG,CD2,9.668557
tcr_20_4,D,A,S,E,50,82,OG,OE2,9.092215
tcr_20_4,D,A,S,T,50,187,OG,CB,8.113518
tcr_20_4,D,A,S,W,50,191,OG,CG,8.883493
tcr_20_4,D,A,S,T,50,187,OG,CG2,7.2430844
tcr_20_4,D,A,S,W,50,191,OG,CD2,8.532238
tcr_20_4,D,A,S,W,50,191,OG,CD1,7.8107166
tcr_20_4,D,A,S,K,50,90,OG,NZ,9.073747
tcr_20_4,D,A,S,E,50,87,OG,OE1,9.6329775
tcr_20_4,D,A,S,W,50,191,OG,NE1,6.64649
tcr_20_4,D,A,S,W,50,191,OG,CE2,7.132664
tcr_20_4,D,A,S,R,50,86,OG,CZ,5.0843225
tcr_20_4,D,A,S,R,50,86,OG,NH2,5.535508
tcr_20_4,D,A,S,R,50,86,OG,NE,5.999069
tcr_20_4,D,A,S,W,50,191,OG,CZ2,6.747808
tcr_20_4,D,A,S,R,50,86,OG,CD,6.2333064
tcr_20_4,D,A,S,R,50,86,OG,NH1,4.011997
tcr_20_4,D,A,S,E,50,82,OG,OE1,8.0301
tcr_20_4,D,A,S,E,50,82,OG,CD,8.693176
tcr_20_4,D,A,S,E,50,190,OG,OE2,7.9562435
tcr_20_4,D,A,S,E,50,190,OG,CB,9.905592
tcr_20_4,D,A,S,E,50,190,OG,CD,9.166596
tcr_20_4,D,A,S,E,50,190,OG,OE1,9.678613
tcr_20_4,D,A,S,T,50,187,OG,O,9.755499
tcr_20_4,D,A,S,T,50,187,OG,CA,8.8390875
tcr_20_4,D,A,S,T,50,187,OG,N,9.636131
tcr_20_4,D,A,S,T,50,187,OG,OG1,7.4882345
tcr_20_4,D,A,S,T,50,187,OG,C,9.846928
tcr_20_4,D,A,D,R,51,86,N,CG,8.730106
tcr_20_4,D,A,D,R,51,86,N,CB,9.917207
tcr_20_4,D,A,D,T,51,187,N,CB,9.281179
tcr_20_4,D,A,D,T,51,187,N,CG2,8.731779
tcr_20_4,D,A,D,W,51,191,N,NE1,9.2764015
tcr_20_4,D,A,D,W,51,191,N,CE2,9.951313
tcr_20_4,D,A,D,R,51,86,N,CZ,7.2764726
tcr_20_4,D,A,D,R,51,86,N,NH2,8.092292
tcr_20_4,D,A,D,R,51,86,N,NE,7.806122
tcr_20_4,D,A,D,W,51,191,N,CZ2,9.707624
tcr_20_4,D,A,D,R,51,86,N,CD,7.4516554
tcr_20_4,D,A,D,R,51,86,N,NH1,6.142014
tcr_20_4,D,A,D,E,51,82,N,OE1,9.324201
tcr_20_4,D,A,D,E,51,190,N,OE2,9.821882
tcr_20_4,D,A,D,T,51,187,N,OG1,8.291266
tcr_20_4,D,A,D,R,51,86,CA,CG,9.1630335
tcr_20_4,D,A,D,T,51,187,CA,CB,9.044268
tcr_20_4,D,A,D,T,51,187,CA,CG2,8.653455
tcr_20_4,D,A,D,W,51,191,CA,NE1,9.792357
tcr_20_4,D,A,D,R,51,86,CA,CZ,8.134223
tcr_20_4,D,A,D,R,51,86,CA,NH2,9.000384
tcr_20_4,D,A,D,R,51,86,CA,NE,8.503451
tcr_20_4,D,A,D,R,51,86,CA,CD,8.029827
tcr_20_4,D,A,D,R,51,86,CA,NH1,7.1096153
tcr_20_4,D,A,D,T,51,187,CA,OG1,7.94852
tcr_20_4,D,A,D,R,51,86,C,CG,9.331742
tcr_20_4,D,A,D,R,51,93,C,NH1,9.731348
tcr_20_4,D,A,D,T,51,187,C,CG2,9.925551
tcr_20_4,D,A,D,R,51,86,C,CZ,8.811763
tcr_20_4,D,A,D,R,51,86,C,NH2,9.811096
tcr_20_4,D,A,D,R,51,86,C,NE,9.029657
tcr_20_4,D,A,D,R,51,86,C,CD,8.326244
tcr_20_4,D,A,D,R,51,86,C,NH1,7.7825775
tcr_20_4,D,A,D,T,51,187,C,OG1,9.238124
tcr_20_4,D,A,D,R,51,86,O,CG,8.474412
tcr_20_4,D,A,D,R,51,86,O,CB,9.760372
tcr_20_4,D,A,D,K,51,90,O,CD,9.662612
tcr_20_4,D,A,D,K,51,90,O,CG,9.980372
tcr_20_4,D,A,D,Q,51,89,O,OE1,9.977069
tcr_20_4,D,A,D,R,51,93,O,NH1,8.7756195
tcr_20_4,D,A,D,R,51,93,O,CZ,9.915002
tcr_20_4,D,A,D,R,51,86,O,CZ,8.332834
tcr_20_4,D,A,D,R,51,86,O,NH2,9.429957
tcr_20_4,D,A,D,R,51,86,O,NE,8.416841
tcr_20_4,D,A,D,R,51,86,O,CD,7.562855
tcr_20_4,D,A,D,R,51,86,O,NH1,7.3465405
tcr_20_4,D,A,D,E,51,82,O,OE1,9.979426
tcr_20_4,D,A,D,T,51,187,O,OG1,9.787086
tcr_20_4,D,A,D,K,51,90,CB,CE,9.464826
tcr_20_4,D,A,D,R,51,86,CB,CG,8.447849
tcr_20_4,D,A,D,R,51,86,CB,CB,9.843672
tcr_20_4,D,A,D,K,51,90,CB,CD,8.794112
tcr_20_4,D,A,D,K,51,90,CB,CG,9.5382805
tcr_20_4,D,A,D,R,51,93,CB,NH1,9.821243
tcr_20_4,D,A,D,Y,51,183,CB,CE2,9.863146
tcr_20_4,D,A,D,Y,51,183,CB,CB,9.68479
tcr_20_4,D,A,D,Y,51,183,CB,CA,9.709735
tcr_20_4,D,A,D,Y,51,183,CB,CD2,9.189125
tcr_20_4,D,A,D,T,51,187,CB,CB,7.8296995
tcr_20_4,D,A,D,T,51,187,CB,CG2,7.413426
tcr_20_4,D,A,D,W,51,191,CB,CD1,9.641557
tcr_20_4,D,A,D,K,51,90,CB,NZ,9.152238
tcr_20_4,D,A,D,W,51,191,CB,NE1,8.877679
tcr_20_4,D,A,D,W,51,191,CB,CE2,9.739644
tcr_20_4,D,A,D,R,51,86,CB,CZ,7.600754
tcr_20_4,D,A,D,R,51,86,CB,NH2,8.448936
tcr_20_4,D,A,D,R,51,86,CB,NE,7.8525267
tcr_20_4,D,A,D,W,51,191,CB,CZ2,9.772968
tcr_20_4,D,A,D,R,51,86,CB,CD,7.4148517
tcr_20_4,D,A,D,R,51,86,CB,NH1,6.7559843
tcr_20_4,D,A,D,E,51,190,CB,OE2,9.615664
tcr_20_4,D,A,D,A,51,182,CB,O,9.870415
tcr_20_4,D,A,D,T,51,187,CB,CA,9.000467
tcr_20_4,D,A,D,T,51,187,CB,N,9.438669
tcr_20_4,D,A,D,T,51,187,CB,OG1,6.7906566
tcr_20_4,D,A,D,Y,51,183,CB,N,9.950119
tcr_20_4,D,A,D,A,51,182,CB,CB,9.931993
tcr_20_4,D,A,D,K,51,90,CG,CE,9.577782
tcr_20_4,D,A,D,R,51,86,CG,CG,8.969523
tcr_20_4,D,A,D,K,51,90,CG,CD,9.030135
tcr_20_4,D,A,D,K,51,90,CG,CG,9.975851
tcr_20_4,D,A,D,Y,51,183,CG,CG,9.132695
tcr_20_4,D,A,D,Y,51,183,CG,CE2,8.981701
tcr_20_4,D,A,D,Y,51,183,CG,CB,8.766777
tcr_20_4,D,A,D,Y,51,183,CG,CA,8.621505
tcr_20_4,D,A,D,Y,51,183,CG,CD2,8.277435
tcr_20_4,D,A,D,T,51,187,CG,CB,6.504829
tcr_20_4,D,A,D,W,51,191,CG,CG,9.806569
tcr_20_4,D,A,D,T,51,187,CG,CG2,6.1978807
tcr_20_4,D,A,D,W,51,191,CG,CD1,8.518598
tcr_20_4,D,A,D,K,51,90,CG,NZ,9.035271
tcr_20_4,D,A,D,W,51,191,CG,NE1,7.8558455
tcr_20_4,D,A,D,W,51,191,CG,CE2,8.843465
tcr_20_4,D,A,D,R,51,86,CG,CZ,7.667364
tcr_20_4,D,A,D,R,51,86,CG,NH2,8.315917
tcr_20_4,D,A,D,R,51,86,CG,NE,8.054831
tcr_20_4,D,A,D,W,51,191,CG,CZ2,9.03739
tcr_20_4,D,A,D,R,51,86,CG,CD,7.8806033
tcr_20_4,D,A,D,R,51,86,CG,NH1,6.9040976
tcr_20_4,D,A,D,Q,51,179,CG,O,9.803409
tcr_20_4,D,A,D,E,51,190,CG,OE2,8.154099
tcr_20_4,D,A,D,E,51,190,CG,CD,9.185904
tcr_20_4,D,A,D,E,51,190,CG,OE1,9.494586
tcr_20_4,D,A,D,T,51,187,CG,O,9.275629
tcr_20_4,D,A,D,Y,51,183,CG,C,9.748218
tcr_20_4,D,A,D,Y,51,183,CG,O,9.616211
tcr_20_4,D,A,D,A,51,182,CG,O,8.61615
tcr_20_4,D,A,D,T,51,187,CG,CA,7.589017
tcr_20_4,D,A,D,T,51,187,CG,N,7.986552
tcr_20_4,D,A,D,A,51,182,CG,C,8.925782
tcr_20_4,D,A,D,T,51,187,CG,OG1,5.409346
tcr_20_4,D,A,D,A,51,182,CG,CA,9.7253
tcr_20_4,D,A,D,C,51,188,CG,N,9.663417
tcr_20_4,D,A,D,Y,51,183,CG,N,8.903419
tcr_20_4,D,A,D,T,51,187,CG,C,8.857026
tcr_20_4,D,A,D,G,51,186,CG,CA,9.536275
tcr_20_4,D,A,D,G,51,186,CG,C,9.094261
tcr_20_4,D,A,D,G,51,186,CG,O,9.907259
tcr_20_4,D,A,D,A,51,182,CG,CB,9.009248
tcr_20_4,D,A,D,Y,51,183,OD1,CG,9.441185
tcr_20_4,D,A,D,Y,51,183,OD1,CE2,9.518727
tcr_20_4,D,A,D,Y,51,183,OD1,CB,8.924973
tcr_20_4,D,A,D,Y,51,183,OD1,CA,8.588437
tcr_20_4,D,A,D,Y,51,183,OD1,CD2,8.706534
tcr_20_4,D,A,D,T,51,187,OD1,CB,6.6580815
tcr_20_4,D,A,D,T,51,187,OD1,CG2,6.5920496
tcr_20_4,D,A,D,W,51,191,OD1,CD1,8.963191
tcr_20_4,D,A,D,W,51,191,OD1,NE1,8.376469
tcr_20_4,D,A,D,W,51,191,OD1,CE2,9.436098
tcr_20_4,D,A,D,R,51,86,OD1,CZ,8.692165
tcr_20_4,D,A,D,R,51,86,OD1,NH2,9.261081
tcr_20_4,D,A,D,R,51,86,OD1,NE,9.174457
tcr_20_4,D,A,D,W,51,191,OD1,CZ2,9.696386
tcr_20_4,D,A,D,R,51,86,OD1,CD,9.057889
tcr_20_4,D,A,D,R,51,86,OD1,NH1,7.8774657
tcr_20_4,D,A,D,Q,51,179,OD1,O,9.718103
tcr_20_4,D,A,D,E,51,190,OD1,OE2,7.802547
tcr_20_4,D,A,D,E,51,190,OD1,CD,8.746305
tcr_20_4,D,A,D,E,51,190,OD1,OE1,8.90039
tcr_20_4,D,A,D,T,51,187,OD1,O,9.452521
tcr_20_4,D,A,D,Y,51,183,OD1,C,9.698327
tcr_20_4,D,A,D,Y,51,183,OD1,O,9.580498
tcr_20_4,D,A,D,A,51,182,OD1,O,8.190431
tcr_20_4,D,A,D,T,51,187,OD1,CA,7.5841103
tcr_20_4,D,A,D,T,51,187,OD1,N,7.7783966
tcr_20_4,D,A,D,A,51,182,OD1,C,8.558429
tcr_20_4,D,A,D,T,51,187,OD1,OG1,5.417636
tcr_20_4,D,A,D,A,51,182,OD1,CA,9.241069
tcr_20_4,D,A,D,C,51,188,OD1,N,9.777819
tcr_20_4,D,A,D,Y,51,183,OD1,N,8.715621
tcr_20_4,D,A,D,T,51,187,OD1,C,8.967679
tcr_20_4,D,A,D,G,51,186,OD1,CA,9.056246
tcr_20_4,D,A,D,G,51,186,OD1,C,8.781485
tcr_20_4,D,A,D,G,51,186,OD1,O,9.648534
tcr_20_4,D,A,D,G,51,186,OD1,N,9.985465
tcr_20_4,D,A,D,A,51,182,OD1,CB,8.473043
tcr_20_4,D,A,D,K,51,90,OD2,CE,8.613837
tcr_20_4,D,A,D,R,51,86,OD2,CG,8.312863
tcr_20_4,D,A,D,R,51,86,OD2,CB,9.670731
tcr_20_4,D,A,D,K,51,90,OD2,CD,8.168668
tcr_20_4,D,A,D,K,51,90,OD2,CG,9.23445
tcr_20_4,D,A,D,Y,51,183,OD2,CZ,9.338476
tcr_20_4,D,A,D,Y,51,183,OD2,CD1,9.656953
tcr_20_4,D,A,D,Y,51,183,OD2,CG,8.302878
tcr_20_4,D,A,D,W,51,191,OD2,CH2,9.341236
tcr_20_4,D,A,D,Y,51,183,OD2,CE2,7.9274745
tcr_20_4,D,A,D,Y,51,183,OD2,CB,8.108077
tcr_20_4,D,A,D,Y,51,183,OD2,CA,8.020602
tcr_20_4,D,A,D,Y,51,183,OD2,CD2,7.3355803
tcr_20_4,D,A,D,T,51,187,OD2,CB,5.543533
tcr_20_4,D,A,D,W,51,191,OD2,CB,9.79778
tcr_20_4,D,A,D,W,51,191,OD2,CG,8.649133
tcr_20_4,D,A,D,T,51,187,OD2,CG2,5.072196
tcr_20_4,D,A,D,W,51,191,OD2,CD2,8.877881
tcr_20_4,D,A,D,W,51,191,OD2,CD1,7.377688
tcr_20_4,D,A,D,K,51,90,OD2,NZ,7.961247
tcr_20_4,D,A,D,E,51,87,OD2,OE1,9.371715
tcr_20_4,D,A,D,W,51,191,OD2,NE1,6.7410936
tcr_20_4,D,A,D,W,51,191,OD2,CE2,7.7434273
tcr_20_4,D,A,D,R,51,86,OD2,CZ,6.9301324
tcr_20_4,D,A,D,R,51,86,OD2,NH2,7.491971
tcr_20_4,D,A,D,R,51,86,OD2,NE,7.295164
tcr_20_4,D,A,D,W,51,191,OD2,CZ2,8.007312
tcr_20_4,D,A,D,R,51,86,OD2,CD,7.2597494
tcr_20_4,D,A,D,R,51,86,OD2,NH1,6.3279285
tcr_20_4,D,A,D,Q,51,179,OD2,O,9.614078
tcr_20_4,D,A,D,E,51,190,OD2,OE2,7.582162
tcr_20_4,D,A,D,E,51,190,OD2,CB,9.444012
tcr_20_4,D,A,D,E,51,190,OD2,CG,9.69715
tcr_20_4,D,A,D,E,51,190,OD2,CD,8.657392
tcr_20_4,D,A,D,E,51,190,OD2,OE1,9.112108
tcr_20_4,D,A,D,T,51,187,OD2,O,8.226895
tcr_20_4,D,A,D,C,51,188,OD2,CA,9.927001
tcr_20_4,D,A,D,Y,51,183,OD2,C,9.063165
tcr_20_4,D,A,D,Y,51,183,OD2,O,8.847178
tcr_20_4,D,A,D,A,51,182,OD2,O,8.270031
tcr_20_4,D,A,D,T,51,187,OD2,CA,6.6919293
tcr_20_4,D,A,D,T,51,187,OD2,N,7.2589555
tcr_20_4,D,A,D,A,51,182,OD2,C,8.620052
tcr_20_4,D,A,D,T,51,187,OD2,OG1,4.605269
tcr_20_4,D,A,D,A,51,182,OD2,CA,9.58581
tcr_20_4,D,A,D,C,51,188,OD2,N,8.685352
tcr_20_4,D,A,D,Y,51,183,OD2,N,8.49181
tcr_20_4,D,A,D,T,51,187,OD2,C,7.8634205
tcr_20_4,D,A,D,G,51,186,OD2,CA,9.034006
tcr_20_4,D,A,D,G,51,186,OD2,C,8.426069
tcr_20_4,D,A,D,G,51,186,OD2,O,9.168181
tcr_20_4,D,A,D,G,51,186,OD2,N,9.914942
tcr_20_4,D,A,D,A,51,182,OD2,CB,9.039756
tcr_20_4,D,A,Y,R,52,86,N,CD,9.638268
tcr_20_4,D,A,Y,R,52,86,N,NH1,9.069278
tcr_20_4,D,A,Y,T,52,187,N,OG1,9.889547
tcr_20_4,D,A,Y,R,52,86,CD1,NH1,9.299673
tcr_20_4,D,A,Y,R,52,86,CE1,NH1,9.793628
tcr_20_4,D,A,Y,Q,53,179,CG,OE1,8.972774
tcr_20_4,D,A,Y,Q,53,179,CG,NE2,8.975408
tcr_20_4,D,A,Y,Q,53,179,CG,CD,9.041311
tcr_20_4,D,A,Y,Q,53,179,CG,CG,9.492553
tcr_20_4,D,A,Y,Q,53,179,CD1,OE1,8.35463
tcr_20_4,D,A,Y,Q,53,179,CD1,NE2,8.256176
tcr_20_4,D,A,Y,Q,53,179,CD1,CD,8.286443
tcr_20_4,D,A,Y,Q,53,179,CD1,CG,8.562213
tcr_20_4,D,A,Y,Q,53,179,CD1,CB,9.226535
tcr_20_4,D,A,Y,Q,53,179,CD1,CA,9.7652855
tcr_20_4,D,A,Y,R,53,93,CD2,NH2,8.677519
tcr_20_4,D,A,Y,R,53,93,CD2,NH1,8.73776
tcr_20_4,D,A,Y,R,53,93,CD2,CZ,9.30932
tcr_20_4,D,A,Y,Q,53,179,CD2,OE1,8.595639
tcr_20_4,D,A,Y,Q,53,179,CD2,NE2,8.8911495
tcr_20_4,D,A,Y,Q,53,179,CD2,CD,8.851628
tcr_20_4,D,A,Y,Q,53,179,CD2,CG,9.416586
tcr_20_4,D,A,Y,Q,53,179,CD2,CB,9.914728
tcr_20_4,D,A,Y,Q,53,179,CE1,OE1,7.2895246
tcr_20_4,D,A,Y,Q,53,179,CE1,NE2,7.416672
tcr_20_4,D,A,Y,Q,53,179,CE1,CD,7.2709756
tcr_20_4,D,A,Y,Q,53,179,CE1,CG,7.461874
tcr_20_4,D,A,Y,Q,53,179,CE1,CB,7.995418
tcr_20_4,D,A,Y,Q,53,179,CE1,O,9.105456
tcr_20_4,D,A,Y,Q,53,179,CE1,CA,8.502749
tcr_20_4,D,A,Y,Q,53,179,CE1,N,9.435388
tcr_20_4,D,A,Y,Q,53,179,CE1,C,9.37822
tcr_20_4,D,A,Y,E,53,178,CE1,O,9.943566
tcr_20_4,D,A,Y,A,53,182,CE1,CB,8.871051
tcr_20_4,D,A,Y,R,53,93,CE2,NH2,8.1249275
tcr_20_4,D,A,Y,R,53,93,CE2,NH1,8.204275
tcr_20_4,D,A,Y,R,53,93,CE2,CZ,8.752947
tcr_20_4,D,A,Y,Q,53,179,CE2,OE1,7.569899
tcr_20_4,D,A,Y,Q,53,179,CE2,NE2,8.125642
tcr_20_4,D,A,Y,Q,53,179,CE2,CD,7.9160104
tcr_20_4,D,A,Y,Q,53,179,CE2,CG,8.43577
tcr_20_4,D,A,Y,Q,53,179,CE2,CB,8.786262
tcr_20_4,D,A,Y,Q,53,179,CE2,O,9.856787
tcr_20_4,D,A,Y,Q,53,179,CE2,CA,9.538764
tcr_20_4,D,A,Y,R,53,93,CZ,NH2,9.055219
tcr_20_4,D,A,Y,R,53,93,CZ,NH1,9.213648
tcr_20_4,D,A,Y,R,53,93,CZ,CZ,9.714201
tcr_20_4,D,A,Y,Q,53,179,CZ,OE1,6.8737803
tcr_20_4,D,A,Y,Q,53,179,CZ,NE2,7.3723063
tcr_20_4,D,A,Y,Q,53,179,CZ,CD,7.087957
tcr_20_4,D,A,Y,Q,53,179,CZ,CG,7.412613
tcr_20_4,D,A,Y,Q,53,179,CZ,CB,7.76388
tcr_20_4,D,A,Y,Q,53,179,CZ,O,8.763899
tcr_20_4,D,A,Y,Q,53,179,CZ,CA,8.389873
tcr_20_4,D,A,Y,Q,53,179,CZ,N,9.470994
tcr_20_4,D,A,Y,Q,53,179,CZ,C,9.105666
tcr_20_4,D,A,Y,A,53,182,CZ,CB,8.966141
tcr_20_4,D,A,Y,R,53,93,OH,NH2,8.900653
tcr_20_4,D,A,Y,R,53,93,OH,NH1,9.049903
tcr_20_4,D,A,Y,R,53,93,OH,CZ,9.521308
tcr_20_4,D,A,Y,Y,53,183,OH,CB,9.0626545
tcr_20_4,D,A,Y,Y,53,183,OH,CA,9.388423
tcr_20_4,D,A,Y,Y,53,183,OH,CD2,9.857626
tcr_20_4,D,A,Y,Q,53,179,OH,OE1,6.1591253
tcr_20_4,D,A,Y,E,53,176,OH,OE2,9.846157
tcr_20_4,D,A,Y,R,53,180,OH,CZ,9.612282
tcr_20_4,D,A,Y,R,53,180,OH,NH1,9.403391
tcr_20_4,D,A,Y,R,53,180,OH,NH2,9.596323
tcr_20_4,D,A,Y,Q,53,179,OH,NE2,6.980036
tcr_20_4,D,A,Y,Q,53,179,OH,CD,6.468913
tcr_20_4,D,A,Y,Q,53,179,OH,CG,6.6817527
tcr_20_4,D,A,Y,Q,53,179,OH,CB,6.8078275
tcr_20_4,D,A,Y,Q,53,179,OH,O,7.5393934
tcr_20_4,D,A,Y,Q,53,179,OH,CA,7.382429
tcr_20_4,D,A,Y,Q,53,179,OH,N,8.567507
tcr_20_4,D,A,Y,Q,53,179,OH,C,7.958001
tcr_20_4,D,A,Y,R,53,180,OH,N,9.145011
tcr_20_4,D,A,Y,A,53,182,OH,O,9.713038
tcr_20_4,D,A,Y,A,53,182,OH,C,9.214178
tcr_20_4,D,A,Y,T,53,187,OH,OG1,9.091125
tcr_20_4,D,A,Y,A,53,182,OH,CA,9.24366
tcr_20_4,D,A,Y,Y,53,183,OH,N,8.959207
tcr_20_4,D,A,Y,A,53,182,OH,N,9.846274
tcr_20_4,D,A,Y,E,53,178,OH,C,9.314923
tcr_20_4,D,A,Y,E,53,178,OH,O,9.181
tcr_20_4,D,A,Y,A,53,182,OH,CB,7.9435077
tcr_20_4,D,A,R,Q,70,179,CD,NE2,9.321289
tcr_20_4,D,A,R,Q,70,179,NE,NE2,8.753176
tcr_20_4,D,A,R,Q,70,179,NE,CD,9.759067
tcr_20_4,D,A,R,A,70,174,NE,O,9.064234
tcr_20_4,D,A,R,A,70,174,NE,C,9.889013
tcr_20_4,D,A,R,R,70,175,NE,CB,9.80684
tcr_20_4,D,A,R,E,70,178,NE,OE2,9.684416
tcr_20_4,D,A,R,R,70,175,NE,CG,9.785765
tcr_20_4,D,A,R,R,70,175,NE,CZ,9.372651
tcr_20_4,D,A,R,R,70,175,NE,NE,9.324244
tcr_20_4,D,A,R,R,70,175,NE,NH2,9.853199
tcr_20_4,D,A,R,R,70,175,NE,NH1,9.203443
tcr_20_4,D,A,R,R,70,175,NE,CD,9.084901
tcr_20_4,D,A,R,Q,70,179,CZ,OE1,9.824267
tcr_20_4,D,A,R,Q,70,179,CZ,NE2,7.9616632
tcr_20_4,D,A,R,Q,70,179,CZ,CD,9.063752
tcr_20_4,D,A,R,Q,70,179,CZ,CG,9.547807
tcr_20_4,D,A,R,A,70,174,CZ,CB,9.64657
tcr_20_4,D,A,R,A,70,174,CZ,CA,9.077787
tcr_20_4,D,A,R,A,70,174,CZ,O,7.9795895
tcr_20_4,D,A,R,A,70,174,CZ,C,8.764067
tcr_20_4,D,A,R,A,70,173,CZ,O,9.209664
tcr_20_4,D,A,R,R,70,175,CZ,CA,9.898521
tcr_20_4,D,A,R,R,70,175,CZ,N,9.595092
tcr_20_4,D,A,R,R,70,175,CZ,CB,8.961228
tcr_20_4,D,A,R,E,70,178,CZ,OE2,9.334958
tcr_20_4,D,A,R,R,70,175,CZ,CG,8.935772
tcr_20_4,D,A,R,R,70,175,CZ,CZ,8.874845
tcr_20_4,D,A,R,R,70,175,CZ,NE,8.665887
tcr_20_4,D,A,R,R,70,175,CZ,NH2,9.383407
tcr_20_4,D,A,R,R,70,175,CZ,NH1,8.85301
tcr_20_4,D,A,R,R,70,175,CZ,CD,8.391075
tcr_20_4,D,A,R,Q,70,179,NH1,OE1,9.328926
tcr_20_4,D,A,R,Q,70,179,NH1,NE2,7.5570517
tcr_20_4,D,A,R,Q,70,179,NH1,CD,8.690352
tcr_20_4,D,A,R,Q,70,179,NH1,CG,9.367294
tcr_20_4,D,A,R,A,70,174,NH1,CB,9.1628895
tcr_20_4,D,A,R,A,70,174,NH1,CA,8.781154
tcr_20_4,D,A,R,A,70,174,NH1,N,9.9599905
tcr_20_4,D,A,R,A,70,174,NH1,O,7.7873344
tcr_20_4,D,A,R,A,70,174,NH1,C,8.605362
tcr_20_4,D,A,R,A,70,173,NH1,O,9.17007
tcr_20_4,D,A,R,R,70,175,NH1,CA,9.993919
tcr_20_4,D,A,R,R,70,175,NH1,N,9.574475
tcr_20_4,D,A,R,R,70,175,NH1,CB,9.22651
tcr_20_4,D,A,R,E,70,178,NH1,OE2,9.960708
tcr_20_4,D,A,R,R,70,175,NH1,CG,9.320922
tcr_20_4,D,A,R,R,70,175,NH1,CZ,9.710554
tcr_20_4,D,A,R,R,70,175,NH1,NE,9.35272
tcr_20_4,D,A,R,R,70,175,NH1,NH1,9.759913
tcr_20_4,D,A,R,R,70,175,NH1,CD,8.970439
tcr_20_4,D,A,R,Q,70,179,NH2,OE1,9.854679
tcr_20_4,D,A,R,Q,70,179,NH2,NE2,7.84502
tcr_20_4,D,A,R,Q,70,179,NH2,CD,8.990739
tcr_20_4,D,A,R,Q,70,179,NH2,CG,9.386375
tcr_20_4,D,A,R,R,70,175,NH2,O,9.478382
tcr_20_4,D,A,R,A,70,174,NH2,CB,9.034994
tcr_20_4,D,A,R,A,70,174,NH2,CA,8.298651
tcr_20_4,D,A,R,A,70,174,NH2,N,9.317163
tcr_20_4,D,A,R,A,70,173,NH2,C,9.200622
tcr_20_4,D,A,R,A,70,174,NH2,O,7.288102
tcr_20_4,D,A,R,A,70,174,NH2,C,7.96313
tcr_20_4,D,A,R,A,70,173,NH2,O,8.174428
tcr_20_4,D,A,R,R,70,175,NH2,CA,9.019588
tcr_20_4,D,A,R,R,70,175,NH2,N,8.702019
tcr_20_4,D,A,R,R,70,175,NH2,C,9.566223
tcr_20_4,D,A,R,R,70,175,NH2,CB,8.029265
tcr_20_4,D,A,R,E,70,178,NH2,OE2,8.568569
tcr_20_4,D,A,R,E,70,178,NH2,CD,9.684493
tcr_20_4,D,A,R,R,70,175,NH2,CG,7.8555064
tcr_20_4,D,A,R,R,70,175,NH2,CZ,7.6784286
tcr_20_4,D,A,R,R,70,175,NH2,NE,7.461573
tcr_20_4,D,A,R,R,70,175,NH2,NH2,8.14746
tcr_20_4,D,A,R,R,70,175,NH2,NH1,7.7484436
tcr_20_4,D,A,R,R,70,175,NH2,CD,7.285014
tcr_20_4,D,A,E,A,72,182,CA,CB,9.670354
tcr_20_4,D,A,E,A,72,182,C,CB,9.897038
tcr_20_4,D,A,E,Q,72,179,CB,OE1,9.760854
tcr_20_4,D,A,E,Q,72,179,CB,NE2,9.344771
tcr_20_4,D,A,E,Q,72,179,CB,CD,9.269903
tcr_20_4,D,A,E,Q,72,179,CB,CG,8.836507
tcr_20_4,D,A,E,Q,72,179,CB,CB,9.464086
tcr_20_4,D,A,E,Q,72,179,CB,CA,9.353022
tcr_20_4,D,A,E,Q,72,179,CB,N,9.868073
tcr_20_4,D,A,E,A,72,182,CB,CA,9.785225
tcr_20_4,D,A,E,E,72,178,CB,C,9.932733
tcr_20_4,D,A,E,E,72,178,CB,O,9.580759
tcr_20_4,D,A,E,A,72,182,CB,CB,8.307885
tcr_20_4,D,A,E,E,72,178,CB,OE2,9.514038
tcr_20_4,D,A,E,Q,72,179,CG,OE1,8.743565
tcr_20_4,D,A,E,Q,72,179,CG,NE2,8.097056
tcr_20_4,D,A,E,Q,72,179,CG,CD,8.170114
tcr_20_4,D,A,E,Q,72,179,CG,CG,7.8400965
tcr_20_4,D,A,E,Q,72,179,CG,CB,8.658622
tcr_20_4,D,A,E,Q,72,179,CG,O,9.773904
tcr_20_4,D,A,E,Q,72,179,CG,CA,8.701159
tcr_20_4,D,A,E,Q,72,179,CG,N,9.131256
tcr_20_4,D,A,E,Q,72,179,CG,C,9.858556
tcr_20_4,D,A,E,A,72,182,CG,CA,9.9113245
tcr_20_4,D,A,E,E,72,178,CG,C,9.29807
tcr_20_4,D,A,E,E,72,178,CG,O,9.127839
tcr_20_4,D,A,E,A,72,182,CG,CB,8.388652
tcr_20_4,D,A,E,E,72,178,CG,CB,9.230251
tcr_20_4,D,A,E,E,72,178,CG,OE2,8.553032
tcr_20_4,D,A,E,E,72,178,CG,CD,9.681224
tcr_20_4,D,A,E,Q,72,179,CD,OE1,7.9824486
tcr_20_4,D,A,E,Q,72,179,CD,NE2,7.249671
tcr_20_4,D,A,E,Q,72,179,CD,CD,7.276607
tcr_20_4,D,A,E,Q,72,179,CD,CG,6.746522
tcr_20_4,D,A,E,Q,72,179,CD,CB,7.5807257
tcr_20_4,D,A,E,Q,72,179,CD,O,8.735469
tcr_20_4,D,A,E,R,72,175,CD,O,8.919911
tcr_20_4,D,A,E,Q,72,179,CD,CA,7.4983864
tcr_20_4,D,A,E,Q,72,179,CD,N,7.7895904
tcr_20_4,D,A,E,Q,72,179,CD,C,8.718273
tcr_20_4,D,A,E,R,72,180,CD,N,9.889684
tcr_20_4,D,A,E,A,72,174,CD,O,9.544324
tcr_20_4,D,A,E,R,72,175,CD,C,9.89425
tcr_20_4,D,A,E,A,72,182,CD,C,9.69278
tcr_20_4,D,A,E,A,72,182,CD,CA,8.839944
tcr_20_4,D,A,E,A,72,182,CD,N,9.364155
tcr_20_4,D,A,E,E,72,178,CD,C,7.877171
tcr_20_4,D,A,E,E,72,178,CD,O,7.735828
tcr_20_4,D,A,E,E,72,178,CD,CA,8.584381
tcr_20_4,D,A,E,A,72,182,CD,CB,7.328575
tcr_20_4,D,A,E,R,72,181,CD,NH2,9.7445965
tcr_20_4,D,A,E,E,72,178,CD,N,9.662353
tcr_20_4,D,A,E,E,72,178,CD,CG,8.662238
tcr_20_4,D,A,E,E,72,178,CD,OE1,9.117891
tcr_20_4,D,A,E,E,72,178,CD,CB,7.713287
tcr_20_4,D,A,E,R,72,175,CD,CB,9.31182
tcr_20_4,D,A,E,E,72,178,CD,OE2,7.0872893
tcr_20_4,D,A,E,E,72,178,CD,CD,8.188674
tcr_20_4,D,A,E,R,72,175,CD,NH1,9.391619
tcr_20_4,D,A,E,R,72,175,CD,CD,9.319798
tcr_20_4,D,A,E,Q,72,179,OE1,OE1,6.7439866
tcr_20_4,D,A,E,Q,72,179,OE1,NE2,6.079608
tcr_20_4,D,A,E,Q,72,179,OE1,CD,6.0465755
tcr_20_4,D,A,E,E,72,176,OE1,CA,9.7205
tcr_20_4,D,A,E,E,72,176,OE1,C,9.733333
tcr_20_4,D,A,E,E,72,176,OE1,O,9.203165
tcr_20_4,D,A,E,Q,72,179,OE1,CG,5.5344973
tcr_20_4,D,A,E,Q,72,179,OE1,CB,6.384653
tcr_20_4,D,A,E,Q,72,179,OE1,O,7.7360454
tcr_20_4,D,A,E,R,72,175,OE1,O,7.9338574
tcr_20_4,D,A,E,Q,72,179,OE1,CA,6.406716
tcr_20_4,D,A,E,Q,72,179,OE1,N,6.762253
tcr_20_4,D,A,E,Q,72,179,OE1,C,7.6617846
tcr_20_4,D,A,E,R,72,180,OE1,N,8.82
tcr_20_4,D,A,E,A,72,174,OE1,O,8.601135
tcr_20_4,D,A,E,A,72,174,OE1,C,9.736038
tcr_20_4,D,A,E,R,72,175,OE1,CA,9.445897
tcr_20_4,D,A,E,R,72,175,OE1,C,8.911609
tcr_20_4,D,A,E,E,72,176,OE1,N,9.743822
tcr_20_4,D,A,E,A,72,182,OE1,O,9.735869
tcr_20_4,D,A,E,A,72,182,OE1,C,9.1120825
tcr_20_4,D,A,E,A,72,182,OE1,CA,8.282394
tcr_20_4,D,A,E,Y,72,183,OE1,N,9.397064
tcr_20_4,D,A,E,A,72,182,OE1,N,8.69351
tcr_20_4,D,A,E,E,72,178,OE1,C,6.990672
tcr_20_4,D,A,E,E,72,178,OE1,O,6.9429393
tcr_20_4,D,A,E,E,72,178,OE1,CA,7.7778177
tcr_20_4,D,A,E,A,72,177,OE1,O,9.936669
tcr_20_4,D,A,E,A,72,182,OE1,CB,6.764725
tcr_20_4,D,A,E,A,72,177,OE1,C,9.758972
tcr_20_4,D,A,E,R,72,181,OE1,NH2,9.429987
tcr_20_4,D,A,E,E,72,178,OE1,N,8.767867
tcr_20_4,D,A,E,E,72,178,OE1,CG,8.080189
tcr_20_4,D,A,E,E,72,178,OE1,OE1,8.798886
tcr_20_4,D,A,E,E,72,178,OE1,CB,7.001597
tcr_20_4,D,A,E,R,72,175,OE1,CB,8.562
tcr_20_4,D,A,E,E,72,178,OE1,OE2,6.6842003
tcr_20_4,D,A,E,E,72,178,OE1,CD,7.763285
tcr_20_4,D,A,E,R,72,175,OE1,CG,9.466326
tcr_20_4,D,A,E,R,72,175,OE1,NE,9.933147
tcr_20_4,D,A,E,R,72,175,OE1,NH1,9.29885
tcr_20_4,D,A,E,R,72,175,OE1,CD,8.864134
tcr_20_4,D,A,E,Q,72,179,OE2,OE1,8.771334
tcr_20_4,D,A,E,Q,72,179,OE2,NE2,7.9262834
tcr_20_4,D,A,E,Q,72,179,OE2,CD,7.9648128
tcr_20_4,D,A,E,Q,72,179,OE2,CG,7.2685084
tcr_20_4,D,A,E,Q,72,179,OE2,CB,8.089587
tcr_20_4,D,A,E,Q,72,179,OE2,O,9.100742
tcr_20_4,D,A,E,R,72,175,OE2,O,8.995776
tcr_20_4,D,A,E,Q,72,179,OE2,CA,7.819429
tcr_20_4,D,A,E,Q,72,179,OE2,N,7.923956
tcr_20_4,D,A,E,Q,72,179,OE2,C,9.042905
tcr_20_4,D,A,E,A,72,174,OE2,O,9.838384
tcr_20_4,D,A,E,R,72,175,OE2,C,9.992703
tcr_20_4,D,A,E,A,72,182,OE2,C,9.768785
tcr_20_4,D,A,E,A,72,182,OE2,CA,8.78163
tcr_20_4,D,A,E,A,72,182,OE2,N,9.288451
tcr_20_4,D,A,E,E,72,178,OE2,C,7.8138595
tcr_20_4,D,A,E,E,72,178,OE2,O,7.621172
tcr_20_4,D,A,E,E,72,178,OE2,CA,8.368474
tcr_20_4,D,A,E,A,72,182,OE2,CB,7.3305006
tcr_20_4,D,A,E,R,72,181,OE2,NH2,9.027898
tcr_20_4,D,A,E,E,72,178,OE2,N,9.535604
tcr_20_4,D,A,E,E,72,178,OE2,CG,8.187856
tcr_20_4,D,A,E,E,72,178,OE2,OE1,8.42173
tcr_20_4,D,A,E,E,72,178,OE2,CB,7.3938694
tcr_20_4,D,A,E,R,72,175,OE2,CB,9.196376
tcr_20_4,D,A,E,E,72,178,OE2,OE2,6.524445
tcr_20_4,D,A,E,E,72,178,OE2,CD,7.594992
tcr_20_4,D,A,E,R,72,175,OE2,CG,9.865896
tcr_20_4,D,A,E,R,72,175,OE2,CZ,9.699111
tcr_20_4,D,A,E,R,72,175,OE2,NE,9.829305
tcr_20_4,D,A,E,R,72,175,OE2,NH1,8.718093
tcr_20_4,D,A,E,R,72,175,OE2,CD,8.962683
tcr_20_4,D,A,A,A,73,182,C,CB,9.907511
tcr_20_4,D,A,Y,A,74,182,N,O,9.518503
tcr_20_4,D,A,Y,A,74,182,N,C,9.793114
tcr_20_4,D,A,Y,T,74,187,N,OG1,8.966555
tcr_20_4,D,A,Y,A,74,182,N,CA,9.710973
tcr_20_4,D,A,Y,A,74,182,N,CB,8.57908
tcr_20_4,D,A,Y,T,74,187,CA,CB,9.592728
tcr_20_4,D,A,Y,E,74,190,CA,OE2,9.234906
tcr_20_4,D,A,Y,E,74,190,CA,CD,9.630109
tcr_20_4,D,A,Y,E,74,190,CA,OE1,9.091302
tcr_20_4,D,A,Y,A,74,182,CA,O,8.520883
tcr_20_4,D,A,Y,T,74,187,CA,CA,9.96301
tcr_20_4,D,A,Y,T,74,187,CA,N,9.402498
tcr_20_4,D,A,Y,A,74,182,CA,C,8.9151945
tcr_20_4,D,A,Y,T,74,187,CA,OG1,8.213651
tcr_20_4,D,A,Y,A,74,182,CA,CA,8.854603
tcr_20_4,D,A,Y,Y,74,183,CA,N,9.699648
tcr_20_4,D,A,Y,G,74,186,CA,CA,9.354457
tcr_20_4,D,A,Y,G,74,186,CA,C,9.86676
tcr_20_4,D,A,Y,A,74,182,CA,CB,7.8663106
tcr_20_4,D,A,Y,E,74,190,C,OE2,9.913371
tcr_20_4,D,A,Y,E,74,190,C,OE1,9.433825
tcr_20_4,D,A,Y,A,74,182,C,O,8.805015
tcr_20_4,D,A,Y,A,74,182,C,C,9.18933
tcr_20_4,D,A,Y,T,74,187,C,OG1,9.167717
tcr_20_4,D,A,Y,A,74,182,C,CA,8.915395
tcr_20_4,D,A,Y,G,74,186,C,CA,9.592515
tcr_20_4,D,A,Y,A,74,182,C,CB,7.9521446
tcr_20_4,D,A,Y,E,74,190,O,OE2,9.397611
tcr_20_4,D,A,Y,E,74,190,O,CD,9.4873085
tcr_20_4,D,A,Y,E,74,190,O,OE1,8.681254
tcr_20_4,D,A,Y,A,74,182,O,O,8.647606
tcr_20_4,D,A,Y,T,74,187,O,N,9.702924
tcr_20_4,D,A,Y,A,74,182,O,C,9.152953
tcr_20_4,D,A,Y,T,74,187,O,OG1,9.184556
tcr_20_4,D,A,Y,A,74,182,O,CA,8.894826
tcr_20_4,D,A,Y,G,74,186,O,CA,9.05677
tcr_20_4,D,A,Y,G,74,186,O,C,9.852834
tcr_20_4,D,A,Y,G,74,186,O,N,9.839213
tcr_20_4,D,A,Y,A,74,182,O,CB,8.10528
tcr_20_4,D,A,Y,Y,74,183,CB,CB,9.549065
tcr_20_4,D,A,Y,Y,74,183,CB,CA,8.721012
tcr_20_4,D,A,Y,T,74,187,CB,CB,8.265064
tcr_20_4,D,A,Y,T,74,187,CB,CG2,8.95479
tcr_20_4,D,A,Y,Q,74,179,CB,O,9.17096
tcr_20_4,D,A,Y,Q,74,179,CB,CA,9.720608
tcr_20_4,D,A,Y,Q,74,179,CB,C,9.977501
tcr_20_4,D,A,Y,E,74,190,CB,OE2,8.53673
tcr_20_4,D,A,Y,E,74,190,CB,CD,8.956348
tcr_20_4,D,A,Y,E,74,190,CB,OE1,8.528565
tcr_20_4,D,A,Y,R,74,181,CB,C,9.934588
tcr_20_4,D,A,Y,Y,74,183,CB,C,9.736299
tcr_20_4,D,A,Y,Y,74,183,CB,O,9.830228
tcr_20_4,D,A,Y,A,74,182,CB,O,7.099543
tcr_20_4,D,A,Y,T,74,187,CB,CA,8.709248
tcr_20_4,D,A,Y,T,74,187,CB,N,8.129672
tcr_20_4,D,A,Y,A,74,182,CB,C,7.4602976
tcr_20_4,D,A,Y,T,74,187,CB,OG1,6.8709507
tcr_20_4,D,A,Y,A,74,182,CB,CA,7.4848614
tcr_20_4,D,A,Y,Y,74,183,CB,N,8.195224
tcr_20_4,D,A,Y,G,74,186,CB,CA,8.19966
tcr_20_4,D,A,Y,G,74,186,CB,C,8.680573
tcr_20_4,D,A,Y,G,74,186,CB,O,9.734612
tcr_20_4,D,A,Y,G,74,186,CB,N,8.960914
tcr_20_4,D,A,Y,A,74,182,CB,N,8.831716
tcr_20_4,D,A,Y,E,74,178,CB,O,9.475351
tcr_20_4,D,A,Y,A,74,182,CB,CB,6.5176716
tcr_20_4,D,A,Y,Y,74,183,CG,CB,9.060571
tcr_20_4,D,A,Y,Y,74,183,CG,CA,8.283003
tcr_20_4,D,A,Y,T,74,187,CG,CB,8.599163
tcr_20_4,D,A,Y,T,74,187,CG,CG2,9.417703
tcr_20_4,D,A,Y,Q,74,179,CG,CG,9.168911
tcr_20_4,D,A,Y,Q,74,179,CG,CB,9.059088
tcr_20_4,D,A,Y,Q,74,179,CG,O,8.124432
tcr_20_4,D,A,Y,Q,74,179,CG,CA,8.427407
tcr_20_4,D,A,Y,Q,74,179,CG,N,9.170304
tcr_20_4,D,A,Y,Q,74,179,CG,C,8.818403
tcr_20_4,D,A,Y,E,74,190,CG,OE2,9.531364
tcr_20_4,D,A,Y,E,74,190,CG,CD,9.883935
tcr_20_4,D,A,Y,E,74,190,CG,OE1,9.460704
tcr_20_4,D,A,Y,R,74,181,CG,C,9.034063
tcr_20_4,D,A,Y,R,74,181,CG,O,9.273483
tcr_20_4,D,A,Y,Y,74,183,CG,C,9.3836565
tcr_20_4,D,A,Y,Y,74,183,CG,O,9.662067
tcr_20_4,D,A,Y,A,74,182,CG,O,6.6827703
tcr_20_4,D,A,Y,T,74,187,CG,CA,9.121132
tcr_20_4,D,A,Y,T,74,187,CG,N,8.42452
tcr_20_4,D,A,Y,A,74,182,CG,C,6.8194437
tcr_20_4,D,A,Y,T,74,187,CG,OG1,7.2155213
tcr_20_4,D,A,Y,A,74,182,CG,CA,6.60237
tcr_20_4,D,A,Y,Y,74,183,CG,N,7.5482273
tcr_20_4,D,A,Y,G,74,186,CG,CA,8.376543
tcr_20_4,D,A,Y,G,74,186,CG,C,8.989475
tcr_20_4,D,A,Y,G,74,186,CG,N,8.906862
tcr_20_4,D,A,Y,E,74,185,CG,C,9.943966
tcr_20_4,D,A,Y,A,74,182,CG,N,7.8463807
tcr_20_4,D,A,Y,E,74,178,CG,C,8.995269
tcr_20_4,D,A,Y,E,74,178,CG,O,8.155661
tcr_20_4,D,A,Y,A,74,182,CG,CB,5.4499116
tcr_20_4,D,A,Y,E,74,178,CG,CB,9.973591
tcr_20_4,D,A,Y,Y,74,183,CD1,CB,8.912991
tcr_20_4,D,A,Y,Y,74,183,CD1,CA,8.353819
tcr_20_4,D,A,Y,T,74,187,CD1,CB,8.913366
tcr_20_4,D,A,Y,T,74,187,CD1,CG2,9.636699
tcr_20_4,D,A,Y,Q,74,179,CD1,OE1,9.147277
tcr_20_4,D,A,Y,Q,74,179,CD1,NE2,9.510323
tcr_20_4,D,A,Y,Q,74,179,CD1,CD,8.914756
tcr_20_4,D,A,Y,Q,74,179,CD1,CG,8.20422
tcr_20_4,D,A,Y,Q,74,179,CD1,CB,8.195074
tcr_20_4,D,A,Y,Q,74,179,CD1,O,7.6512
tcr_20_4,D,A,Y,Q,74,179,CD1,CA,7.763527
tcr_20_4,D,A,Y,Q,74,179,CD1,N,8.590787
tcr_20_4,D,A,Y,Q,74,179,CD1,C,8.278095
tcr_20_4,D,A,Y,R,74,180,CD1,N,9.5925255
tcr_20_4,D,A,Y,R,74,181,CD1,C,9.213974
tcr_20_4,D,A,Y,R,74,181,CD1,O,9.598203
tcr_20_4,D,A,Y,Y,74,183,CD1,C,9.606718
tcr_20_4,D,A,Y,Y,74,183,CD1,O,9.995199
tcr_20_4,D,A,Y,A,74,182,CD1,O,7.1468797
tcr_20_4,D,A,Y,T,74,187,CD1,CA,9.638626
tcr_20_4,D,A,Y,T,74,187,CD1,N,9.051717
tcr_20_4,D,A,Y,A,74,182,CD1,C,7.0781775
tcr_20_4,D,A,Y,T,74,187,CD1,OG1,7.5293903
tcr_20_4,D,A,Y,A,74,182,CD1,CA,6.840462
tcr_20_4,D,A,Y,Y,74,183,CD1,N,7.606193
tcr_20_4,D,A,Y,G,74,186,CD1,CA,9.242932
tcr_20_4,D,A,Y,G,74,186,CD1,C,9.758168
tcr_20_4,D,A,Y,G,74,186,CD1,N,9.680197
tcr_20_4,D,A,Y,A,74,182,CD1,N,7.9487433
tcr_20_4,D,A,Y,E,74,178,CD1,C,8.595761
tcr_20_4,D,A,Y,E,74,178,CD1,O,7.9026575
tcr_20_4,D,A,Y,E,74,178,CD1,CA,9.79099
tcr_20_4,D,A,Y,A,74,182,CD1,CB,5.5156684
tcr_20_4,D,A,Y,E,74,178,CD1,CB,9.573912
tcr_20_4,D,A,Y,R,74,180,CD2,O,9.984141
tcr_20_4,D,A,Y,Y,74,183,CD2,CB,9.05728
tcr_20_4,D,A,Y,Y,74,183,CD2,CA,8.138831
tcr_20_4,D,A,Y,T,74,187,CD2,CB,8.915762
tcr_20_4,D,A,Y,T,74,187,CD2,CG2,9.912881
tcr_20_4,D,A,Y,R,74,180,CD2,C,9.99448
tcr_20_4,D,A,Y,Q,74,179,CD2,CG,9.049717
tcr_20_4,D,A,Y,Q,74,179,CD2,CB,8.935273
tcr_20_4,D,A,Y,Q,74,179,CD2,O,7.9028764
tcr_20_4,D,A,Y,Q,74,179,CD2,CA,8.112486
tcr_20_4,D,A,Y,Q,74,179,CD2,N,8.672066
tcr_20_4,D,A,Y,Q,74,179,CD2,C,8.517675
tcr_20_4,D,A,Y,R,74,180,CD2,N,9.735201
tcr_20_4,D,A,Y,E,74,190,CD2,OE2,9.759695
tcr_20_4,D,A,Y,E,74,190,CD2,CD,9.941406
tcr_20_4,D,A,Y,E,74,190,CD2,OE1,9.411742
tcr_20_4,D,A,Y,L,74,184,CD2,N,9.786806
tcr_20_4,D,A,Y,R,74,181,CD2,C,8.252973
tcr_20_4,D,A,Y,R,74,181,CD2,O,8.49308
tcr_20_4,D,A,Y,Y,74,183,CD2,C,9.122031
tcr_20_4,D,A,Y,Y,74,183,CD2,O,9.45597
tcr_20_4,D,A,Y,A,74,182,CD2,O,6.2182097
tcr_20_4,D,A,Y,T,74,187,CD2,CA,9.277836
tcr_20_4,D,A,Y,T,74,187,CD2,N,8.384491
tcr_20_4,D,A,Y,A,74,182,CD2,C,6.3377056
tcr_20_4,D,A,Y,T,74,187,CD2,OG1,7.6036797
tcr_20_4,D,A,Y,A,74,182,CD2,CA,5.882948
tcr_20_4,D,A,Y,Y,74,183,CD2,N,7.2374787
tcr_20_4,D,A,Y,G,74,186,CD2,CA,7.9585276
tcr_20_4,D,A,Y,G,74,186,CD2,C,8.785439
tcr_20_4,D,A,Y,E,74,185,CD2,N,9.841611
tcr_20_4,D,A,Y,G,74,186,CD2,O,9.936761
tcr_20_4,D,A,Y,G,74,186,CD2,N,8.349833
tcr_20_4,D,A,Y,E,74,185,CD2,C,9.264733
tcr_20_4,D,A,Y,E,74,185,CD2,CA,9.838523
tcr_20_4,D,A,Y,E,74,185,CD2,CB,9.325927
tcr_20_4,D,A,Y,E,74,185,CD2,O,9.849166
tcr_20_4,D,A,Y,E,74,185,CD2,OE2,9.103293
tcr_20_4,D,A,Y,A,74,182,CD2,N,7.09938
tcr_20_4,D,A,Y,E,74,178,CD2,C,8.310307
tcr_20_4,D,A,Y,E,74,178,CD2,O,7.3991423
tcr_20_4,D,A,Y,R,74,181,CD2,CA,9.513924
tcr_20_4,D,A,Y,R,74,181,CD2,N,9.777455
tcr_20_4,D,A,Y,E,74,178,CD2,CA,9.3462305
tcr_20_4,D,A,Y,A,74,182,CD2,CB,4.7908454
tcr_20_4,D,A,Y,R,74,181,CD2,CB,9.736455
tcr_20_4,D,A,Y,R,74,181,CD2,CZ,9.912045
tcr_20_4,D,A,Y,R,74,181,CD2,NE,9.647313
tcr_20_4,D,A,Y,R,74,181,CD2,CG,9.963877
tcr_20_4,D,A,Y,R,74,181,CD2,NH2,9.229207
tcr_20_4,D,A,Y,E,74,178,CD2,CB,9.161326
tcr_20_4,D,A,Y,E,74,178,CD2,OE2,9.692289
tcr_20_4,D,A,Y,R,74,180,CE1,O,9.770845
tcr_20_4,D,A,Y,Y,74,183,CE1,CB,8.768075
tcr_20_4,D,A,Y,Y,74,183,CE1,CA,8.291227
tcr_20_4,D,A,Y,T,74,187,CE1,CB,9.514812
tcr_20_4,D,A,Y,R,74,180,CE1,C,9.585302
tcr_20_4,D,A,Y,Q,74,179,CE1,OE1,8.084687
tcr_20_4,D,A,Y,Q,74,179,CE1,NE2,8.281626
tcr_20_4,D,A,Y,Q,74,179,CE1,CD,7.7345214
tcr_20_4,D,A,Y,Q,74,179,CE1,CG,6.9688845
tcr_20_4,D,A,Y,Q,74,179,CE1,CB,7.086359
tcr_20_4,D,A,Y,R,74,180,CE1,CA,9.624499
tcr_20_4,D,A,Y,Q,74,179,CE1,O,6.907301
tcr_20_4,D,A,Y,R,74,175,CE1,O,9.874827
tcr_20_4,D,A,Y,Q,74,179,CE1,CA,6.6723104
tcr_20_4,D,A,Y,Q,74,179,CE1,N,7.406723
tcr_20_4,D,A,Y,Q,74,179,CE1,C,7.3680806
tcr_20_4,D,A,Y,R,74,180,CE1,N,8.675574
tcr_20_4,D,A,Y,R,74,181,CE1,C,8.655934
tcr_20_4,D,A,Y,R,74,181,CE1,O,9.19949
tcr_20_4,D,A,Y,Y,74,183,CE1,C,9.584044
tcr_20_4,D,A,Y,A,74,182,CE1,O,7.186153
tcr_20_4,D,A,Y,T,74,187,CE1,N,9.606946
tcr_20_4,D,A,Y,A,74,182,CE1,C,6.8931336
tcr_20_4,D,A,Y,T,74,187,CE1,OG1,8.191129
tcr_20_4,D,A,Y,A,74,182,CE1,CA,6.4178233
tcr_20_4,D,A,Y,Y,74,183,CE1,N,7.368868
tcr_20_4,D,A,Y,G,74,186,CE1,CA,9.694162
tcr_20_4,D,A,Y,G,74,186,CE1,N,9.930689
tcr_20_4,D,A,Y,A,74,182,CE1,N,7.338479
tcr_20_4,D,A,Y,E,74,178,CE1,C,7.4336386
tcr_20_4,D,A,Y,E,74,178,CE1,O,6.8453093
tcr_20_4,D,A,Y,R,74,181,CE1,CA,9.673941
tcr_20_4,D,A,Y,R,74,181,CE1,N,9.516471
tcr_20_4,D,A,Y,E,74,178,CE1,CA,8.580188
tcr_20_4,D,A,Y,A,74,182,CE1,CB,4.954507
tcr_20_4,D,A,Y,R,74,181,CE1,CB,9.9671545
tcr_20_4,D,A,Y,R,74,181,CE1,NH2,9.629001
tcr_20_4,D,A,Y,E,74,178,CE1,N,9.756356
tcr_20_4,D,A,Y,E,74,178,CE1,CG,9.513639
tcr_20_4,D,A,Y,E,74,178,CE1,CB,8.281499
tcr_20_4,D,A,Y,E,74,178,CE1,OE2,8.743067
tcr_20_4,D,A,Y,E,74,178,CE1,CD,9.549956
tcr_20_4,D,A,Y,R,74,180,CE2,O,9.424919
tcr_20_4,D,A,Y,Y,74,183,CE2,CB,8.925617
tcr_20_4,D,A,Y,Y,74,183,CE2,CA,8.084809
tcr_20_4,D,A,Y,T,74,187,CE2,CB,9.528765
tcr_20_4,D,A,Y,R,74,180,CE2,C,9.277719
tcr_20_4,D,A,Y,Q,74,179,CE2,OE1,9.540945
tcr_20_4,D,A,Y,Q,74,179,CE2,NE2,9.62802
tcr_20_4,D,A,Y,Q,74,179,CE2,CD,9.039749
tcr_20_4,D,A,Y,Q,74,179,CE2,CG,7.951294
tcr_20_4,D,A,Y,Q,74,179,CE2,CB,7.936738
tcr_20_4,D,A,Y,R,74,180,CE2,CA,9.67493
tcr_20_4,D,A,Y,Q,74,179,CE2,O,7.193384
tcr_20_4,D,A,Y,Q,74,179,CE2,CA,7.0806875
tcr_20_4,D,A,Y,Q,74,179,CE2,N,7.5038056
tcr_20_4,D,A,Y,Q,74,179,CE2,C,7.643059
tcr_20_4,D,A,Y,R,74,180,CE2,N,8.839254
tcr_20_4,D,A,Y,L,74,184,CE2,N,9.617789
tcr_20_4,D,A,Y,R,74,181,CE2,C,7.6290355
tcr_20_4,D,A,Y,R,74,181,CE2,O,8.044143
tcr_20_4,D,A,Y,Y,74,183,CE2,C,9.107392
tcr_20_4,D,A,Y,Y,74,183,CE2,O,9.610224
tcr_20_4,D,A,Y,A,74,182,CE2,O,6.2714033
tcr_20_4,D,A,Y,T,74,187,CE2,CA,9.94612
tcr_20_4,D,A,Y,T,74,187,CE2,N,8.990598
tcr_20_4,D,A,Y,A,74,182,CE2,C,6.138449
tcr_20_4,D,A,Y,T,74,187,CE2,OG1,8.271406
tcr_20_4,D,A,Y,A,74,182,CE2,CA,5.391394
tcr_20_4,D,A,Y,Y,74,183,CE2,N,6.9968505
tcr_20_4,D,A,Y,G,74,186,CE2,CA,8.484966
tcr_20_4,D,A,Y,G,74,186,CE2,C,9.391902
tcr_20_4,D,A,Y,E,74,185,CE2,N,9.757389
tcr_20_4,D,A,Y,G,74,186,CE2,N,8.644968
tcr_20_4,D,A,Y,E,74,185,CE2,C,9.486432
tcr_20_4,D,A,Y,E,74,185,CE2,CA,9.845367
tcr_20_4,D,A,Y,E,74,185,CE2,CB,9.200321
tcr_20_4,D,A,Y,E,74,185,CE2,CD,9.733726
tcr_20_4,D,A,Y,E,74,185,CE2,OE2,8.646652
tcr_20_4,D,A,Y,A,74,182,CE2,N,6.4132986
tcr_20_4,D,A,Y,E,74,178,CE2,C,7.1029387
tcr_20_4,D,A,Y,E,74,178,CE2,O,6.258882
tcr_20_4,D,A,Y,R,74,181,CE2,CA,8.754907
tcr_20_4,D,A,Y,R,74,181,CE2,N,8.953914
tcr_20_4,D,A,Y,E,74,178,CE2,CA,8.068155
tcr_20_4,D,A,Y,A,74,177,CE2,O,9.758475
tcr_20_4,D,A,Y,A,74,182,CE2,CB,4.1388636
tcr_20_4,D,A,Y,R,74,181,CE2,CB,8.845259
tcr_20_4,D,A,Y,R,74,181,CE2,CZ,8.807143
tcr_20_4,D,A,Y,R,74,181,CE2,NE,8.671704
tcr_20_4,D,A,Y,R,74,181,CE2,CD,9.645932
tcr_20_4,D,A,Y,R,74,181,CE2,CG,9.164992
tcr_20_4,D,A,Y,R,74,181,CE2,NH2,8.068896
tcr_20_4,D,A,Y,R,74,181,CE2,NH1,9.864244
tcr_20_4,D,A,Y,E,74,178,CE2,N,9.428029
tcr_20_4,D,A,Y,E,74,178,CE2,CG,8.836217
tcr_20_4,D,A,Y,E,74,178,CE2,OE1,9.778504
tcr_20_4,D,A,Y,E,74,178,CE2,CB,7.798116
tcr_20_4,D,A,Y,E,74,178,CE2,OE2,8.286525
tcr_20_4,D,A,Y,E,74,178,CE2,CD,8.888804
tcr_20_4,D,A,Y,R,74,180,CZ,O,9.314168
tcr_20_4,D,A,Y,Y,74,183,CZ,CB,8.779897
tcr_20_4,D,A,Y,Y,74,183,CZ,CA,8.161565
tcr_20_4,D,A,Y,T,74,187,CZ,CB,9.811764
tcr_20_4,D,A,Y,R,74,180,CZ,C,9.061447
tcr_20_4,D,A,Y,Q,74,179,CZ,OE1,8.314414
tcr_20_4,D,A,Y,Q,74,179,CZ,NE2,8.353681
tcr_20_4,D,A,Y,Q,74,179,CZ,CD,7.8116803
tcr_20_4,D,A,Y,E,74,176,CZ,O,9.722426
tcr_20_4,D,A,Y,Q,74,179,CZ,CG,6.825739
tcr_20_4,D,A,Y,Q,74,179,CZ,CB,6.9434686
tcr_20_4,D,A,Y,R,74,180,CZ,CA,9.240447
tcr_20_4,D,A,Y,Q,74,179,CZ,O,6.6627235
tcr_20_4,D,A,Y,R,74,175,CZ,O,9.289889
tcr_20_4,D,A,Y,Q,74,179,CZ,CA,6.2866244
tcr_20_4,D,A,Y,Q,74,179,CZ,N,6.7955065
tcr_20_4,D,A,Y,Q,74,179,CZ,C,7.0225024
tcr_20_4,D,A,Y,R,74,180,CZ,N,8.271592
tcr_20_4,D,A,Y,L,74,184,CZ,N,9.844492
tcr_20_4,D,A,Y,R,74,181,CZ,C,7.8510814
tcr_20_4,D,A,Y,R,74,181,CZ,O,8.425113
tcr_20_4,D,A,Y,Y,74,183,CZ,C,9.341526
tcr_20_4,D,A,Y,Y,74,183,CZ,O,9.948356
tcr_20_4,D,A,Y,A,74,182,CZ,O,6.768271
tcr_20_4,D,A,Y,T,74,187,CZ,N,9.580681
tcr_20_4,D,A,Y,A,74,182,CZ,C,6.4308276
tcr_20_4,D,A,Y,T,74,187,CZ,OG1,8.544445
tcr_20_4,D,A,Y,A,74,182,CZ,CA,5.689201
tcr_20_4,D,A,Y,Y,74,183,CZ,N,7.0652747
tcr_20_4,D,A,Y,G,74,186,CZ,CA,9.34273
tcr_20_4,D,A,Y,G,74,186,CZ,N,9.44308
tcr_20_4,D,A,Y,E,74,185,CZ,OE2,9.459399
tcr_20_4,D,A,Y,A,74,182,CZ,N,6.548316
tcr_20_4,D,A,Y,E,74,178,CZ,C,6.602828
tcr_20_4,D,A,Y,E,74,178,CZ,O,5.9386516
tcr_20_4,D,A,Y,R,74,181,CZ,CA,8.844678
tcr_20_4,D,A,Y,R,74,181,CZ,N,8.814826
tcr_20_4,D,A,Y,E,74,178,CZ,CA,7.634743
tcr_20_4,D,A,Y,A,74,177,CZ,O,9.413188
tcr_20_4,D,A,Y,A,74,182,CZ,CB,4.234819
tcr_20_4,D,A,Y,A,74,177,CZ,C,9.662683
tcr_20_4,D,A,Y,R,74,181,CZ,CB,8.975853
tcr_20_4,D,A,Y,R,74,181,CZ,CZ,9.045636
tcr_20_4,D,A,Y,R,74,181,CZ,NE,9.046286
tcr_20_4,D,A,Y,R,74,181,CZ,CG,9.5142145
tcr_20_4,D,A,Y,R,74,181,CZ,NH2,8.302938
tcr_20_4,D,A,Y,R,74,181,CZ,NH1,9.97948
tcr_20_4,D,A,Y,E,74,178,CZ,N,8.911134
tcr_20_4,D,A,Y,E,74,178,CZ,CG,8.441546
tcr_20_4,D,A,Y,E,74,178,CZ,OE1,9.46062
tcr_20_4,D,A,Y,E,74,178,CZ,CB,7.2936444
tcr_20_4,D,A,Y,E,74,178,CZ,OE2,7.744602
tcr_20_4,D,A,Y,E,74,178,CZ,CD,8.471836
tcr_20_4,D,A,Y,R,74,180,OH,O,9.053862
tcr_20_4,D,A,Y,Y,74,183,OH,CB,8.975324
tcr_20_4,D,A,Y,Y,74,183,OH,CA,8.456802
tcr_20_4,D,A,Y,A,74,177,OH,CA,9.969145
tcr_20_4,D,A,Y,R,74,180,OH,C,8.628439
tcr_20_4,D,A,Y,Q,74,179,OH,OE1,7.5644207
tcr_20_4,D,A,Y,Q,74,179,OH,NE2,7.3729544
tcr_20_4,D,A,Y,Q,74,179,OH,CD,6.911544
tcr_20_4,D,A,Y,E,74,176,OH,CA,9.876337
tcr_20_4,D,A,Y,E,74,176,OH,C,9.436426
tcr_20_4,D,A,Y,E,74,176,OH,O,8.734742
tcr_20_4,D,A,Y,Q,74,179,OH,CG,5.8472395
tcr_20_4,D,A,Y,Q,74,179,OH,CB,6.13143
tcr_20_4,D,A,Y,R,74,180,OH,CA,8.720689
tcr_20_4,D,A,Y,Q,74,179,OH,O,6.3038926
tcr_20_4,D,A,Y,R,74,175,OH,O,8.024224
tcr_20_4,D,A,Y,Q,74,179,OH,CA,5.480398
tcr_20_4,D,A,Y,Q,74,179,OH,N,5.792779
tcr_20_4,D,A,Y,Q,74,179,OH,C,6.429293
tcr_20_4,D,A,Y,R,74,180,OH,N,7.616467
tcr_20_4,D,A,Y,A,74,174,OH,O,9.802551
tcr_20_4,D,A,Y,R,74,175,OH,CA,9.906467
tcr_20_4,D,A,Y,R,74,175,OH,C,9.192907
tcr_20_4,D,A,Y,L,74,184,OH,N,9.974407
tcr_20_4,D,A,Y,R,74,181,OH,C,7.599213
tcr_20_4,D,A,Y,R,74,181,OH,O,8.33701
tcr_20_4,D,A,Y,Y,74,183,OH,C,9.63145
tcr_20_4,D,A,Y,A,74,182,OH,O,7.2240644
tcr_20_4,D,A,Y,A,74,182,OH,C,6.68402
tcr_20_4,D,A,Y,T,74,187,OH,OG1,9.436934
tcr_20_4,D,A,Y,A,74,182,OH,CA,5.719184
tcr_20_4,D,A,Y,Y,74,183,OH,N,7.2345185
tcr_20_4,D,A,Y,G,74,186,OH,N,9.988718
tcr_20_4,D,A,Y,E,74,185,OH,OE2,9.3438835
tcr_20_4,D,A,Y,A,74,182,OH,N,6.2932577
tcr_20_4,D,A,Y,E,74,178,OH,C,5.589798
tcr_20_4,D,A,Y,E,74,178,OH,O,5.0854564
tcr_20_4,D,A,Y,R,74,181,OH,CA,8.396318
tcr_20_4,D,A,Y,R,74,181,OH,N,8.27432
tcr_20_4,D,A,Y,E,74,178,OH,CA,6.5106635
tcr_20_4,D,A,Y,A,74,177,OH,O,8.501812
tcr_20_4,D,A,Y,A,74,182,OH,CB,4.2425365
tcr_20_4,D,A,Y,A,74,177,OH,C,8.627813
tcr_20_4,D,A,Y,R,74,181,OH,CB,8.379043
tcr_20_4,D,A,Y,R,74,181,OH,CZ,8.2114935
tcr_20_4,D,A,Y,R,74,181,OH,NE,8.377016
tcr_20_4,D,A,Y,R,74,181,OH,CD,9.4151
tcr_20_4,D,A,Y,R,74,181,OH,CG,9.021986
tcr_20_4,D,A,Y,R,74,181,OH,NH2,7.424928
tcr_20_4,D,A,Y,R,74,181,OH,NH1,9.048194
tcr_20_4,D,A,Y,E,74,178,OH,N,7.775885
tcr_20_4,D,A,Y,E,74,178,OH,CG,7.1761303
tcr_20_4,D,A,Y,E,74,178,OH,OE1,8.192547
tcr_20_4,D,A,Y,E,74,178,OH,CB,6.037205
tcr_20_4,D,A,Y,R,74,175,OH,CB,9.089553
tcr_20_4,D,A,Y,E,74,178,OH,OE2,6.412099
tcr_20_4,D,A,Y,E,74,178,OH,CD,7.1705375
tcr_20_4,D,A,Y,R,74,175,OH,NH1,9.767236
tcr_20_4,D,A,Y,R,74,175,OH,CD,9.507709
tcr_20_4,D,A,K,A,75,182,N,O,9.53339
tcr_20_4,D,A,K,A,75,182,N,C,9.777342
tcr_20_4,D,A,K,A,75,182,N,CA,9.326903
tcr_20_4,D,A,K,A,75,182,N,CB,8.233639
tcr_20_4,D,A,K,A,75,182,CA,CA,9.853768
tcr_20_4,D,A,K,A,75,182,CA,CB,8.812517
tcr_20_4,D,A,K,A,75,182,CB,CA,9.909039
tcr_20_4,D,A,K,A,75,182,CB,CB,8.759567
tcr_20_4,D,A,K,Q,75,179,CG,CA,9.835333
tcr_20_4,D,A,K,Q,75,179,CG,N,9.951988
tcr_20_4,D,A,K,A,75,182,CG,O,9.571628
tcr_20_4,D,A,K,A,75,182,CG,C,9.523877
tcr_20_4,D,A,K,A,75,182,CG,CA,8.617935
tcr_20_4,D,A,K,A,75,182,CG,N,9.49262
tcr_20_4,D,A,K,E,75,178,CG,C,9.446567
tcr_20_4,D,A,K,E,75,178,CG,O,8.800503
tcr_20_4,D,A,K,A,75,182,CG,CB,7.4605145
tcr_20_4,D,A,K,R,75,181,CG,NH2,9.167088
tcr_20_4,D,A,K,E,75,178,CG,CG,9.889096
tcr_20_4,D,A,K,E,75,178,CG,OE1,9.98702
tcr_20_4,D,A,K,E,75,178,CG,CB,9.259343
tcr_20_4,D,A,K,E,75,178,CG,OE2,8.648883
tcr_20_4,D,A,K,E,75,178,CG,CD,9.394554
tcr_20_4,D,A,K,Q,75,179,CD,CG,9.6560135
tcr_20_4,D,A,K,Q,75,179,CD,CA,9.610169
tcr_20_4,D,A,K,Q,75,179,CD,N,9.563694
tcr_20_4,D,A,K,A,75,182,CD,CA,9.075674
tcr_20_4,D,A,K,A,75,182,CD,N,9.753764
tcr_20_4,D,A,K,E,75,178,CD,C,9.069517
tcr_20_4,D,A,K,E,75,178,CD,O,8.5930195
tcr_20_4,D,A,K,E,75,178,CD,CA,9.462073
tcr_20_4,D,A,K,A,75,182,CD,CB,7.8611484
tcr_20_4,D,A,K,R,75,181,CD,CZ,9.858645
tcr_20_4,D,A,K,R,75,181,CD,NH2,8.711864
tcr_20_4,D,A,K,E,75,178,CD,CG,9.024755
tcr_20_4,D,A,K,E,75,178,CD,OE1,8.885851
tcr_20_4,D,A,K,E,75,178,CD,CB,8.520025
tcr_20_4,D,A,K,E,75,178,CD,OE2,7.5287504
tcr_20_4,D,A,K,E,75,178,CD,CD,8.348927
tcr_20_4,D,A,K,R,75,175,CD,NH1,9.436329
tcr_20_4,D,A,K,Q,75,179,CE,NE2,9.705608
tcr_20_4,D,A,K,Q,75,179,CE,CD,9.583295
tcr_20_4,D,A,K,Q,75,179,CE,CG,8.53076
tcr_20_4,D,A,K,Q,75,179,CE,CB,9.096806
tcr_20_4,D,A,K,Q,75,179,CE,O,9.4399805
tcr_20_4,D,A,K,R,75,175,CE,O,9.571995
tcr_20_4,D,A,K,Q,75,179,CE,CA,8.369741
tcr_20_4,D,A,K,Q,75,179,CE,N,8.199347
tcr_20_4,D,A,K,Q,75,179,CE,C,9.408382
tcr_20_4,D,A,K,R,75,181,CE,C,9.677068
tcr_20_4,D,A,K,A,75,182,CE,O,9.557583
tcr_20_4,D,A,K,A,75,182,CE,C,9.217525
tcr_20_4,D,A,K,A,75,182,CE,CA,8.030696
tcr_20_4,D,A,K,E,75,185,CE,OE2,9.941473
tcr_20_4,D,A,K,A,75,182,CE,N,8.552545
tcr_20_4,D,A,K,E,75,178,CE,C,7.6350937
tcr_20_4,D,A,K,E,75,178,CE,O,7.191478
tcr_20_4,D,A,K,E,75,178,CE,CA,7.9598594
tcr_20_4,D,A,K,A,75,182,CE,CB,6.8441157
tcr_20_4,D,A,K,R,75,181,CE,CB,9.941964
tcr_20_4,D,A,K,R,75,181,CE,CZ,8.413596
tcr_20_4,D,A,K,R,75,181,CE,NE,8.786598
tcr_20_4,D,A,K,R,75,181,CE,NH2,7.2714696
tcr_20_4,D,A,K,R,75,181,CE,NH1,9.329823
tcr_20_4,D,A,K,E,75,178,CE,N,9.323319
tcr_20_4,D,A,K,E,75,178,CE,CG,7.5258026
tcr_20_4,D,A,K,E,75,178,CE,OE1,7.51645
tcr_20_4,D,A,K,E,75,178,CE,CB,7.0195403
tcr_20_4,D,A,K,R,75,175,CE,CB,9.725623
tcr_20_4,D,A,K,E,75,178,CE,OE2,6.1608233
tcr_20_4,D,A,K,E,75,178,CE,CD,6.9243464
tcr_20_4,D,A,K,R,75,175,CE,CZ,9.660831
tcr_20_4,D,A,K,R,75,175,CE,NH1,8.469236
tcr_20_4,D,A,K,R,75,175,CE,CD,9.248222
tcr_20_4,D,A,K,Q,75,179,NZ,OE1,9.883933
tcr_20_4,D,A,K,Q,75,179,NZ,NE2,8.862852
tcr_20_4,D,A,K,Q,75,179,NZ,CD,8.909463
tcr_20_4,D,A,K,Q,75,179,NZ,CG,7.940151
tcr_20_4,D,A,K,Q,75,179,NZ,CB,8.715947
tcr_20_4,D,A,K,Q,75,179,NZ,O,9.553357
tcr_20_4,D,A,K,R,75,175,NZ,O,8.658915
tcr_20_4,D,A,K,Q,75,179,NZ,CA,8.140425
tcr_20_4,D,A,K,Q,75,179,NZ,N,7.832387
tcr_20_4,D,A,K,Q,75,179,NZ,C,9.345729
tcr_20_4,D,A,K,A,75,174,NZ,O,9.973261
tcr_20_4,D,A,K,R,75,175,NZ,CA,9.788775
tcr_20_4,D,A,K,R,75,175,NZ,C,9.657233
tcr_20_4,D,A,K,A,75,182,NZ,C,9.917911
tcr_20_4,D,A,K,A,75,182,NZ,CA,8.665138
tcr_20_4,D,A,K,A,75,182,NZ,N,8.98712
tcr_20_4,D,A,K,E,75,178,NZ,C,7.3591948
tcr_20_4,D,A,K,E,75,178,NZ,O,7.1538963
tcr_20_4,D,A,K,E,75,178,NZ,CA,7.5242286
tcr_20_4,D,A,K,A,75,182,NZ,CB,7.4346933
tcr_20_4,D,A,K,A,75,177,NZ,C,9.951689
tcr_20_4,D,A,K,R,75,181,NZ,CZ,8.4115505
tcr_20_4,D,A,K,R,75,181,NZ,NE,8.985283
tcr_20_4,D,A,K,R,75,181,NZ,NH2,7.2340236
tcr_20_4,D,A,K,R,75,181,NZ,NH1,9.161117
tcr_20_4,D,A,K,E,75,178,NZ,N,8.782766
tcr_20_4,D,A,K,E,75,178,NZ,CG,6.7896695
tcr_20_4,D,A,K,E,75,178,NZ,OE1,6.5861354
tcr_20_4,D,A,K,E,75,178,NZ,CB,6.3783646
tcr_20_4,D,A,K,R,75,175,NZ,CB,8.523969
tcr_20_4,D,A,K,E,75,178,NZ,OE2,5.0829053
tcr_20_4,D,A,K,E,75,178,NZ,CD,5.9942145
tcr_20_4,D,A,K,R,75,175,NZ,CG,9.005952
tcr_20_4,D,A,K,R,75,175,NZ,CZ,8.298354
tcr_20_4,D,A,K,R,75,175,NZ,NE,8.639822
tcr_20_4,D,A,K,R,75,175,NZ,NH2,9.284366
tcr_20_4,D,A,K,R,75,175,NZ,NH1,7.141907
tcr_20_4,D,A,K,R,75,175,NZ,CD,7.9073606
tcr_20_4,D,A,Q,E,76,190,NE2,OE1,9.548451
tcr_20_4,D,A,E,R,81,175,OE1,CZ,9.788452
tcr_20_4,D,A,E,R,81,175,OE1,NH2,9.351636
tcr_20_4,D,A,E,R,81,175,OE1,NH1,9.74978
tcr_20_4,D,A,E,R,81,175,OE2,NH1,9.928188
tcr_20_4,D,A,K,E,90,190,CE,OE2,9.957188
tcr_20_4,D,A,K,E,90,190,NZ,OE2,8.776014
tcr_20_4,D,A,K,E,90,190,NZ,CD,9.478447
tcr_20_4,D,A,K,E,90,190,NZ,OE1,9.160802
tcr_20_4,D,A,K,T,90,187,NZ,OG1,9.2780075
tcr_20_4,D,A,Y,R,114,86,OH,CD,9.83215
tcr_20_4,D,A,Y,R,114,86,OH,NH1,9.586288
tcr_20_4,D,A,Y,E,114,82,OH,OE1,9.441633
tcr_20_4,D,A,R,R,115,93,CA,NH2,9.802612
tcr_20_4,D,A,R,R,115,93,CA,NH1,9.346035
tcr_20_4,D,A,R,R,115,93,C,NH2,9.229835
tcr_20_4,D,A,R,R,115,93,C,NH1,8.557736
tcr_20_4,D,A,R,R,115,93,C,CZ,9.417964
tcr_20_4,D,A,R,R,115,93,O,NH2,9.4546795
tcr_20_4,D,A,R,R,115,93,O,NH1,8.837766
tcr_20_4,D,A,R,R,115,93,O,CZ,9.70525
tcr_20_4,D,A,R,R,115,93,CB,NH2,9.25701
tcr_20_4,D,A,R,R,115,93,CB,NH1,9.147651
tcr_20_4,D,A,R,R,115,93,CB,CZ,9.717169
tcr_20_4,D,A,R,R,115,93,CG,NH2,7.807766
tcr_20_4,D,A,R,R,115,93,CG,NH1,7.798422
tcr_20_4,D,A,R,R,115,93,CG,NE,9.43667
tcr_20_4,D,A,R,R,115,93,CG,CZ,8.289581
tcr_20_4,D,A,R,R,115,93,CD,NH2,7.4939075
tcr_20_4,D,A,R,R,115,93,CD,NH1,7.912114
tcr_20_4,D,A,R,R,115,93,CD,NE,9.340307
tcr_20_4,D,A,R,R,115,93,CD,CZ,8.192348
tcr_20_4,D,A,R,R,115,93,NE,NH2,8.282501
tcr_20_4,D,A,R,R,115,93,NE,NH1,8.88244
tcr_20_4,D,A,R,R,115,93,NE,CZ,9.027901
tcr_20_4,D,A,R,R,115,93,CZ,NH2,8.712664
tcr_20_4,D,A,R,R,115,93,CZ,NH1,9.589683
tcr_20_4,D,A,R,R,115,93,CZ,CZ,9.590624
tcr_20_4,D,A,R,R,115,93,NH1,NH2,8.655782
tcr_20_4,D,A,R,R,115,93,NH1,NH1,9.677185
tcr_20_4,D,A,R,R,115,93,NH1,CZ,9.636983
tcr_20_4,D,A,R,Q,115,179,NH1,NE2,9.882186
tcr_20_4,D,A,R,R,115,93,NH2,NH2,9.444969
tcr_20_4,D,A,S,Q,116,89,N,NE2,9.628133
tcr_20_4,D,A,S,Q,116,89,N,OE1,9.62153
tcr_20_4,D,A,S,R,116,93,N,NH2,8.702361
tcr_20_4,D,A,S,R,116,93,N,NH1,7.78283
tcr_20_4,D,A,S,R,116,93,N,NE,9.843565
tcr_20_4,D,A,S,R,116,93,N,CZ,8.726811
tcr_20_4,D,A,S,R,116,86,CA,CG,9.77571
tcr_20_4,D,A,S,Q,116,89,CA,NE2,8.918733
tcr_20_4,D,A,S,Q,116,89,CA,CD,9.126838
tcr_20_4,D,A,S,R,116,93,CA,CD,9.552889
tcr_20_4,D,A,S,Q,116,89,CA,OE1,8.642957
tcr_20_4,D,A,S,R,116,93,CA,NH2,8.21176
tcr_20_4,D,A,S,R,116,93,CA,NH1,7.0449853
tcr_20_4,D,A,S,R,116,93,CA,NE,9.224274
tcr_20_4,D,A,S,R,116,93,CA,CZ,8.111269
tcr_20_4,D,A,S,R,116,86,CA,CD,9.399724
tcr_20_4,D,A,S,R,116,86,C,CG,9.528031
tcr_20_4,D,A,S,Q,116,89,C,CG,9.915704
tcr_20_4,D,A,S,Q,116,89,C,NE2,8.912591
tcr_20_4,D,A,S,Q,116,89,C,CD,9.016723
tcr_20_4,D,A,S,R,116,93,C,CD,8.683278
tcr_20_4,D,A,S,K,116,90,C,CG,9.823554
tcr_20_4,D,A,S,Q,116,89,C,OE1,8.609067
tcr_20_4,D,A,S,R,116,93,C,NH2,6.999988
tcr_20_4,D,A,S,R,116,93,C,NH1,5.9972415
tcr_20_4,D,A,S,R,116,93,C,NE,8.207312
tcr_20_4,D,A,S,R,116,93,C,CZ,7.0128818
tcr_20_4,D,A,S,R,116,86,C,CD,9.2390375
tcr_20_4,D,A,S,R,116,93,O,CG,9.584562
tcr_20_4,D,A,S,Q,116,89,O,CG,9.805786
tcr_20_4,D,A,S,Q,116,89,O,NE2,8.801295
tcr_20_4,D,A,S,Q,116,89,O,CD,8.995325
tcr_20_4,D,A,S,R,116,93,O,CD,8.0935955
tcr_20_4,D,A,S,K,116,90,O,CG,9.923222
tcr_20_4,D,A,S,Q,116,89,O,OE1,8.749695
tcr_20_4,D,A,S,R,116,93,O,NH2,6.1048975
tcr_20_4,D,A,S,R,116,93,O,NH1,5.3732896
tcr_20_4,D,A,S,R,116,93,O,NE,7.4731636
tcr_20_4,D,A,S,R,116,93,O,CZ,6.2502284
tcr_20_4,D,A,S,R,116,86,CB,CG,8.971237
tcr_20_4,D,A,S,Q,116,89,CB,CB,9.703199
tcr_20_4,D,A,S,R,116,86,CB,CB,9.920683
tcr_20_4,D,A,S,Q,116,89,CB,CG,9.004729
tcr_20_4,D,A,S,Q,116,89,CB,NE2,7.566879
tcr_20_4,D,A,S,Q,116,89,CB,CD,7.8217597
tcr_20_4,D,A,S,R,116,93,CB,CD,8.876163
tcr_20_4,D,A,S,Q,116,89,CB,OE1,7.3221745
tcr_20_4,D,A,S,R,116,93,CB,NH2,8.108675
tcr_20_4,D,A,S,R,116,93,CB,NH1,6.6503534
tcr_20_4,D,A,S,R,116,93,CB,NE,8.75927
tcr_20_4,D,A,S,R,116,93,CB,CZ,7.785727
tcr_20_4,D,A,S,R,116,86,CB,CD,8.725215
tcr_20_4,D,A,S,R,116,86,CB,NH1,9.749987
tcr_20_4,D,A,S,R,116,86,OG,O,9.207606
tcr_20_4,D,A,S,R,116,86,OG,C,9.655768
tcr_20_4,D,A,S,Q,116,89,OG,CA,9.935341
tcr_20_4,D,A,S,R,116,86,OG,CG,7.580991
tcr_20_4,D,A,S,Q,116,89,OG,CB,8.641102
tcr_20_4,D,A,S,R,116,86,OG,CA,8.968689
tcr_20_4,D,A,S,R,116,86,OG,N,9.988524
tcr_20_4,D,A,S,R,116,86,OG,CB,8.573887
tcr_20_4,D,A,S,R,116,93,OG,CG,9.663699
tcr_20_4,D,A,S,Q,116,89,OG,CG,8.099399
tcr_20_4,D,A,S,Q,116,89,OG,C,9.859045
tcr_20_4,D,A,S,Q,116,89,OG,NE2,6.934162
tcr_20_4,D,A,S,Q,116,89,OG,CD,6.975485
tcr_20_4,D,A,S,R,116,93,OG,CD,8.204548
tcr_20_4,D,A,S,K,116,90,OG,CD,9.270974
tcr_20_4,D,A,S,K,116,90,OG,N,9.814306
tcr_20_4,D,A,S,K,116,90,OG,CG,8.874019
tcr_20_4,D,A,S,Q,116,89,OG,OE1,6.36042
tcr_20_4,D,A,S,R,116,93,OG,NH2,7.756152
tcr_20_4,D,A,S,R,116,93,OG,NH1,6.058658
tcr_20_4,D,A,S,R,116,93,OG,NE,8.2141285
tcr_20_4,D,A,S,R,116,93,OG,CZ,7.290105
tcr_20_4,D,A,S,R,116,86,OG,CZ,9.18995
tcr_20_4,D,A,S,R,116,86,OG,NE,8.7232065
tcr_20_4,D,A,S,R,116,86,OG,CD,7.3591247
tcr_20_4,D,A,S,R,116,86,OG,NH1,8.532322
tcr_20_4,D,A,S,E,116,82,OG,OE1,9.5676
tcr_20_4,D,A,A,R,117,86,N,CG,8.819525
tcr_20_4,D,A,A,Q,117,89,N,CG,9.994297
tcr_20_4,D,A,A,Q,117,89,N,NE2,9.2690735
tcr_20_4,D,A,A,Q,117,89,N,CD,9.185415
tcr_20_4,D,A,A,R,117,93,N,CD,8.795945
tcr_20_4,D,A,A,K,117,90,N,CD,9.246999
tcr_20_4,D,A,A,K,117,90,N,CG,9.128138
tcr_20_4,D,A,A,Q,117,89,N,OE1,8.678501
tcr_20_4,D,A,A,R,117,93,N,NH2,7.1577125
tcr_20_4,D,A,A,R,117,93,N,NH1,6.0860906
tcr_20_4,D,A,A,R,117,93,N,NE,8.347316
tcr_20_4,D,A,A,R,117,93,N,CZ,7.1452255
tcr_20_4,D,A,A,R,117,86,N,CZ,9.9478035
tcr_20_4,D,A,A,R,117,86,N,NE,9.613194
tcr_20_4,D,A,A,R,117,86,N,CD,8.4307575
tcr_20_4,D,A,A,R,117,86,N,NH1,9.232592
tcr_20_4,D,A,A,K,117,90,CA,CE,9.574293
tcr_20_4,D,A,A,R,117,86,CA,O,9.990472
tcr_20_4,D,A,A,R,117,86,CA,CG,8.665527
tcr_20_4,D,A,A,R,117,93,CA,CG,9.637035
tcr_20_4,D,A,A,Q,117,89,CA,CG,9.815525
tcr_20_4,D,A,A,Q,117,89,CA,NE2,9.411381
tcr_20_4,D,A,A,Q,117,89,CA,CD,9.214295
tcr_20_4,D,A,A,R,117,93,CA,CD,8.132139
tcr_20_4,D,A,A,K,117,90,CA,CB,9.6060505
tcr_20_4,D,A,A,K,117,90,CA,CA,9.819014
tcr_20_4,D,A,A,K,117,90,CA,CD,8.360499
tcr_20_4,D,A,A,K,117,90,CA,CG,8.2775545
tcr_20_4,D,A,A,Q,117,89,CA,OE1,8.783929
tcr_20_4,D,A,A,R,117,93,CA,NH2,6.2672195
tcr_20_4,D,A,A,R,117,93,CA,NH1,5.3767056
tcr_20_4,D,A,A,R,117,93,CA,NE,7.5729175
tcr_20_4,D,A,A,R,117,93,CA,CZ,6.3436275
tcr_20_4,D,A,A,R,117,86,CA,CZ,9.946194
tcr_20_4,D,A,A,R,117,86,CA,NE,9.527978
tcr_20_4,D,A,A,R,117,86,CA,CD,8.390377
tcr_20_4,D,A,A,R,117,86,CA,NH1,9.364991
tcr_20_4,D,A,A,Q,117,179,CA,OE1,9.741571
tcr_20_4,D,A,A,K,117,90,C,CE,8.5915985
tcr_20_4,D,A,A,R,117,86,C,O,8.777015
tcr_20_4,D,A,A,R,117,86,C,C,9.5663595
tcr_20_4,D,A,A,Q,117,89,C,CA,9.628557
tcr_20_4,D,A,A,R,117,86,C,CG,7.8532233
tcr_20_4,D,A,A,Q,117,89,C,CB,8.791085
tcr_20_4,D,A,A,R,117,86,C,CA,9.487181
tcr_20_4,D,A,A,R,117,86,C,CB,9.206021
tcr_20_4,D,A,A,K,117,90,C,O,9.697559
tcr_20_4,D,A,A,Q,117,89,C,O,9.035102
tcr_20_4,D,A,A,R,117,93,C,CG,8.131831
tcr_20_4,D,A,A,Q,117,89,C,CG,8.397156
tcr_20_4,D,A,A,R,117,93,C,CB,8.570363
tcr_20_4,D,A,A,Q,117,89,C,C,8.952329
tcr_20_4,D,A,A,Q,117,89,C,NE2,8.15555
tcr_20_4,D,A,A,Q,117,89,C,CD,7.906723
tcr_20_4,D,A,A,R,117,93,C,CD,6.628169
tcr_20_4,D,A,A,K,117,90,C,C,9.665015
tcr_20_4,D,A,A,K,117,90,C,CB,8.300879
tcr_20_4,D,A,A,K,117,90,C,CA,8.394215
tcr_20_4,D,A,A,K,117,90,C,CD,7.321931
tcr_20_4,D,A,A,K,117,90,C,N,8.6361265
tcr_20_4,D,A,A,K,117,90,C,CG,7.0368137
tcr_20_4,D,A,A,Q,117,89,C,OE1,7.5658393
tcr_20_4,D,A,A,R,117,93,C,NH2,5.0955315
tcr_20_4,D,A,A,R,117,93,C,NH1,3.9373274
tcr_20_4,D,A,A,R,117,93,C,NE,6.152454
tcr_20_4,D,A,A,R,117,93,C,CZ,4.9808154
tcr_20_4,D,A,A,K,117,90,C,NZ,9.207603
tcr_20_4,D,A,A,R,117,86,C,CZ,9.666416
tcr_20_4,D,A,A,R,117,86,C,NE,9.058287
tcr_20_4,D,A,A,R,117,86,C,CD,7.8349433
tcr_20_4,D,A,A,R,117,86,C,NH1,9.258205
tcr_20_4,D,A,A,K,117,90,O,CE,8.410563
tcr_20_4,D,A,A,R,117,86,O,O,8.780705
tcr_20_4,D,A,A,R,117,86,O,C,9.681973
tcr_20_4,D,A,A,Q,117,89,O,CA,9.439804
tcr_20_4,D,A,A,R,117,86,O,CG,8.272233
tcr_20_4,D,A,A,Q,117,89,O,CB,8.773548
tcr_20_4,D,A,A,R,117,86,O,CA,9.786527
tcr_20_4,D,A,A,R,117,86,O,CB,9.630283
tcr_20_4,D,A,A,Q,117,94,O,N,9.967538
tcr_20_4,D,A,A,K,117,90,O,O,8.914276
tcr_20_4,D,A,A,Q,117,89,O,O,8.558211
tcr_20_4,D,A,A,R,117,93,O,N,9.920416
tcr_20_4,D,A,A,R,117,93,O,CA,9.264415
tcr_20_4,D,A,A,R,117,93,O,C,9.802274
tcr_20_4,D,A,A,R,117,93,O,CG,7.4498477
tcr_20_4,D,A,A,Q,117,89,O,CG,8.377395
tcr_20_4,D,A,A,R,117,93,O,CB,7.738006
tcr_20_4,D,A,A,Q,117,89,O,C,8.596279
tcr_20_4,D,A,A,Q,117,89,O,NE2,8.375005
tcr_20_4,D,A,A,Q,117,89,O,CD,8.094745
tcr_20_4,D,A,A,R,117,93,O,CD,5.995374
tcr_20_4,D,A,A,K,117,90,O,C,9.008947
tcr_20_4,D,A,A,K,117,90,O,CB,7.8061438
tcr_20_4,D,A,A,K,117,90,O,CA,7.8505573
tcr_20_4,D,A,A,K,117,90,O,CD,7.026175
tcr_20_4,D,A,A,K,117,90,O,N,8.264538
tcr_20_4,D,A,A,K,117,90,O,CG,6.6727533
tcr_20_4,D,A,A,Q,117,89,O,OE1,7.8951993
tcr_20_4,D,A,A,R,117,93,O,NH2,4.147264
tcr_20_4,D,A,A,R,117,93,O,NH1,3.310206
tcr_20_4,D,A,A,R,117,93,O,NE,5.3537903
tcr_20_4,D,A,A,R,117,93,O,CZ,4.15952
tcr_20_4,D,A,A,K,117,90,O,NZ,9.067629
tcr_20_4,D,A,A,R,117,86,O,NE,9.588864
tcr_20_4,D,A,A,R,117,86,O,CD,8.406522
tcr_20_4,D,A,A,R,117,86,O,NH1,9.98837
tcr_20_4,D,A,A,Q,117,179,O,OE1,9.19923
tcr_20_4,D,A,A,R,117,180,O,NH1,9.63298
tcr_20_4,D,A,A,R,117,180,O,NH2,9.915059
tcr_20_4,D,A,A,K,117,90,CB,CE,9.05558
tcr_20_4,D,A,A,R,117,86,CB,O,9.937609
tcr_20_4,D,A,A,R,117,86,CB,CG,8.354879
tcr_20_4,D,A,A,R,117,86,CB,CB,9.819676
tcr_20_4,D,A,A,Q,117,89,CB,CD,9.977466
tcr_20_4,D,A,A,R,117,93,CB,CD,9.007846
tcr_20_4,D,A,A,K,117,90,CB,CB,9.505937
tcr_20_4,D,A,A,K,117,90,CB,CA,9.953133
tcr_20_4,D,A,A,K,117,90,CB,CD,7.91498
tcr_20_4,D,A,A,K,117,90,CB,CG,8.112567
tcr_20_4,D,A,A,Q,117,89,CB,OE1,9.432473
tcr_20_4,D,A,A,R,117,93,CB,NH2,7.2803226
tcr_20_4,D,A,A,R,117,93,CB,NH1,6.3842072
tcr_20_4,D,A,A,R,117,93,CB,NE,8.509076
tcr_20_4,D,A,A,R,117,93,CB,CZ,7.334162
tcr_20_4,D,A,A,T,117,187,CB,CG2,9.647309
tcr_20_4,D,A,A,K,117,90,CB,NZ,9.278296
tcr_20_4,D,A,A,R,117,86,CB,CZ,9.17081
tcr_20_4,D,A,A,R,117,86,CB,NE,8.875173
tcr_20_4,D,A,A,R,117,86,CB,CD,7.9052196
tcr_20_4,D,A,A,R,117,86,CB,NH1,8.569033
tcr_20_4,D,A,A,Q,117,179,CB,OE1,9.472698
tcr_20_4,D,A,A,T,117,187,CB,OG1,9.179645
tcr_20_4,D,A,L,E,118,87,N,N,9.899361
tcr_20_4,D,A,L,K,118,90,N,CE,8.266965
tcr_20_4,D,A,L,R,118,86,N,O,7.979636
tcr_20_4,D,A,L,Q,118,89,N,N,9.6975765
tcr_20_4,D,A,L,R,118,86,N,C,8.710261
tcr_20_4,D,A,L,D,118,85,N,O,9.993633
tcr_20_4,D,A,L,Q,118,89,N,CA,8.768906
tcr_20_4,D,A,L,R,118,86,N,CG,6.986505
tcr_20_4,D,A,L,Q,118,89,N,CB,7.7953424
tcr_20_4,D,A,L,R,118,86,N,CA,8.490429
tcr_20_4,D,A,L,R,118,86,N,N,9.765335
tcr_20_4,D,A,L,R,118,86,N,CB,8.247849
tcr_20_4,D,A,L,K,118,90,N,O,9.529465
tcr_20_4,D,A,L,Q,118,89,N,O,8.44141
tcr_20_4,D,A,L,R,118,93,N,CA,9.906259
tcr_20_4,D,A,L,R,118,93,N,CG,7.7901177
tcr_20_4,D,A,L,Q,118,89,N,CG,7.382555
tcr_20_4,D,A,L,R,118,93,N,CB,8.398396
tcr_20_4,D,A,L,Q,118,89,N,C,8.266286
tcr_20_4,D,A,L,Q,118,89,N,NE2,7.006747
tcr_20_4,D,A,L,Q,118,89,N,CD,6.756011
tcr_20_4,D,A,L,R,118,93,N,CD,6.2776246
tcr_20_4,D,A,L,K,118,90,N,C,9.366546
tcr_20_4,D,A,L,K,118,90,N,CB,7.9996014
tcr_20_4,D,A,L,K,118,90,N,CA,8.012644
tcr_20_4,D,A,L,K,118,90,N,CD,7.1165004
tcr_20_4,D,A,L,K,118,90,N,N,8.0346155
tcr_20_4,D,A,L,K,118,90,N,CG,6.705327
tcr_20_4,D,A,L,Q,118,89,N,OE1,6.341335
tcr_20_4,D,A,L,R,118,93,N,NH2,5.4527664
tcr_20_4,D,A,L,R,118,93,N,NH1,3.818088
tcr_20_4,D,A,L,R,118,93,N,NE,6.07508
tcr_20_4,D,A,L,R,118,93,N,CZ,5.042396
tcr_20_4,D,A,L,K,118,90,N,NZ,8.995741
tcr_20_4,D,A,L,R,118,86,N,CZ,9.027019
tcr_20_4,D,A,L,R,118,86,N,NE,8.357462
tcr_20_4,D,A,L,R,118,86,N,CD,7.0339303
tcr_20_4,D,A,L,R,118,86,N,NH1,8.635736
tcr_20_4,D,A,L,T,118,88,CA,O,9.845709
tcr_20_4,D,A,L,E,118,87,CA,O,9.415881
tcr_20_4,D,A,L,E,118,87,CA,N,8.995272
tcr_20_4,D,A,L,E,118,87,CA,CA,9.577745
tcr_20_4,D,A,L,T,118,88,CA,C,9.510472
tcr_20_4,D,A,L,E,118,87,CA,C,9.673664
tcr_20_4,D,A,L,K,118,90,CA,CE,7.674416
tcr_20_4,D,A,L,R,118,86,CA,O,6.9509206
tcr_20_4,D,A,L,Q,118,89,CA,N,8.365465
tcr_20_4,D,A,L,R,118,86,CA,C,7.762709
tcr_20_4,D,A,L,D,118,85,CA,O,8.830413
tcr_20_4,D,A,L,Q,118,89,CA,CA,7.3699465
tcr_20_4,D,A,L,R,118,86,CA,CG,6.461357
tcr_20_4,D,A,L,Q,118,89,CA,CB,6.41236
tcr_20_4,D,A,L,R,118,86,CA,CA,7.603139
tcr_20_4,D,A,L,R,118,86,CA,N,8.846614
tcr_20_4,D,A,L,D,118,85,CA,C,9.321678
tcr_20_4,D,A,L,R,118,86,CA,CB,7.5992756
tcr_20_4,D,A,L,Q,118,94,CA,N,9.842837
tcr_20_4,D,A,L,Y,118,91,CA,N,9.271546
tcr_20_4,D,A,L,K,118,90,CA,O,8.412253
tcr_20_4,D,A,L,Q,118,89,CA,O,7.049754
tcr_20_4,D,A,L,R,118,93,CA,N,9.008444
tcr_20_4,D,A,L,R,118,93,CA,CA,8.682051
tcr_20_4,D,A,L,R,118,93,CA,C,9.6018095
tcr_20_4,D,A,L,R,118,93,CA,CG,6.5140295
tcr_20_4,D,A,L,Q,118,89,CA,CG,5.950029
tcr_20_4,D,A,L,R,118,93,CA,CB,7.207199
tcr_20_4,D,A,L,Q,118,89,CA,C,6.8937907
tcr_20_4,D,A,L,Q,118,89,CA,NE2,5.728326
tcr_20_4,D,A,L,Q,118,89,CA,CD,5.416116
tcr_20_4,D,A,L,R,118,93,CA,CD,5.028914
tcr_20_4,D,A,L,K,118,90,CA,C,8.2116
tcr_20_4,D,A,L,K,118,90,CA,CB,7.0398555
tcr_20_4,D,A,L,K,118,90,CA,CA,6.8650737
tcr_20_4,D,A,L,K,118,90,CA,CD,6.5458517
tcr_20_4,D,A,L,K,118,90,CA,N,6.773417
tcr_20_4,D,A,L,K,118,90,CA,CG,5.862664
tcr_20_4,D,A,L,Q,118,89,CA,OE1,5.111133
tcr_20_4,D,A,L,R,118,93,CA,NH2,4.9666576
tcr_20_4,D,A,L,R,118,93,CA,NH1,2.956241
tcr_20_4,D,A,L,R,118,93,CA,NE,5.0692463
tcr_20_4,D,A,L,R,118,93,CA,CZ,4.2459865
tcr_20_4,D,A,L,K,118,90,CA,NZ,8.604777
tcr_20_4,D,A,L,R,118,86,CA,CZ,9.04459
tcr_20_4,D,A,L,R,118,86,CA,NE,8.1985235
tcr_20_4,D,A,L,R,118,86,CA,CD,6.8167734
tcr_20_4,D,A,L,R,118,86,CA,NH1,8.832053
tcr_20_4,D,A,L,T,118,88,C,O,9.928354
tcr_20_4,D,A,L,E,118,87,C,N,9.85533
tcr_20_4,D,A,L,T,118,88,C,C,9.707884
tcr_20_4,D,A,L,K,118,90,C,CE,8.829638
tcr_20_4,D,A,L,R,118,86,C,O,7.7242208
tcr_20_4,D,A,L,Q,118,89,C,N,8.564493
tcr_20_4,D,A,L,R,118,86,C,C,8.5835
tcr_20_4,D,A,L,D,118,85,C,O,9.207248
tcr_20_4,D,A,L,Q,118,89,C,CA,7.3928227
tcr_20_4,D,A,L,R,118,86,C,CG,7.607785
tcr_20_4,D,A,L,Q,118,89,C,CB,6.430813
tcr_20_4,D,A,L,R,118,86,C,CA,8.397404
tcr_20_4,D,A,L,R,118,86,C,N,9.525707
tcr_20_4,D,A,L,D,118,85,C,C,9.819411
tcr_20_4,D,A,L,R,118,86,C,CB,8.58809
tcr_20_4,D,A,L,Q,118,94,C,N,9.666135
tcr_20_4,D,A,L,Y,118,91,C,N,9.593645
tcr_20_4,D,A,L,K,118,90,C,O,8.613982
tcr_20_4,D,A,L,Q,118,89,C,O,6.93078
tcr_20_4,D,A,L,R,118,93,C,N,8.627122
tcr_20_4,D,A,L,K,118,92,C,C,9.84435
tcr_20_4,D,A,L,R,118,93,C,CA,8.204323
tcr_20_4,D,A,L,R,118,93,C,C,9.225724
tcr_20_4,D,A,L,R,118,93,C,CG,5.8386354
tcr_20_4,D,A,L,Q,118,89,C,CG,5.6233625
tcr_20_4,D,A,L,R,118,93,C,CB,6.766719
tcr_20_4,D,A,L,Q,118,89,C,C,6.9785433
tcr_20_4,D,A,L,Q,118,89,C,NE2,5.0332212
tcr_20_4,D,A,L,Q,118,89,C,CD,5.038766
tcr_20_4,D,A,L,R,118,93,C,CD,4.3528433
tcr_20_4,D,A,L,K,118,90,C,C,8.521252
tcr_20_4,D,A,L,K,118,90,C,CB,7.7681804
tcr_20_4,D,A,L,K,118,90,C,CA,7.304509
tcr_20_4,D,A,L,K,118,90,C,CD,7.691102
tcr_20_4,D,A,L,K,118,90,C,N,7.133755
tcr_20_4,D,A,L,K,118,90,C,CG,6.794638
tcr_20_4,D,A,L,Q,118,89,C,OE1,5.0224323
tcr_20_4,D,A,L,R,118,93,C,NH2,4.3361435
tcr_20_4,D,A,L,R,118,93,C,NH1,2.354469
tcr_20_4,D,A,L,R,118,93,C,NE,4.3454833
tcr_20_4,D,A,L,R,118,93,C,O,9.815303
tcr_20_4,D,A,L,R,118,93,C,CZ,3.568219
tcr_20_4,D,A,L,K,118,90,C,NZ,9.873262
tcr_20_4,D,A,L,R,118,86,C,NE,9.504547
tcr_20_4,D,A,L,R,118,86,C,CD,8.08476
tcr_20_4,D,A,L,T,118,88,O,O,8.985123
tcr_20_4,D,A,L,E,118,87,O,O,9.381187
tcr_20_4,D,A,L,E,118,87,O,N,9.524589
tcr_20_4,D,A,L,T,118,88,O,C,8.849411
tcr_20_4,D,A,L,E,118,87,O,C,9.748874
tcr_20_4,D,A,L,K,118,90,O,CE,8.741158
tcr_20_4,D,A,L,R,118,86,O,O,7.3357487
tcr_20_4,D,A,L,Q,118,89,O,N,7.743899
tcr_20_4,D,A,L,R,118,86,O,C,8.260074
tcr_20_4,D,A,L,D,118,85,O,O,8.634855
tcr_20_4,D,A,L,Q,118,89,O,CA,6.47994
tcr_20_4,D,A,L,R,118,86,O,CG,7.726367
tcr_20_4,D,A,L,Q,118,89,O,CB,5.606345
tcr_20_4,D,A,L,R,118,86,O,CA,8.164096
tcr_20_4,D,A,L,R,118,86,O,N,9.225627
tcr_20_4,D,A,L,D,118,85,O,C,9.369231
tcr_20_4,D,A,L,R,118,86,O,CB,8.571894
tcr_20_4,D,A,L,Q,118,96,O,OE1,9.141813
tcr_20_4,D,A,L,Y,118,91,O,C,9.838753
tcr_20_4,D,A,L,Q,118,94,O,N,8.791274
tcr_20_4,D,A,L,Y,118,91,O,CA,9.983973
tcr_20_4,D,A,L,Y,118,91,O,N,8.806911
tcr_20_4,D,A,L,K,118,90,O,O,7.8427706
tcr_20_4,D,A,L,K,118,92,O,CA,9.359571
tcr_20_4,D,A,L,K,118,92,O,CB,9.0420265
tcr_20_4,D,A,L,K,118,92,O,O,9.503011
tcr_20_4,D,A,L,Q,118,89,O,O,5.918187
tcr_20_4,D,A,L,R,118,93,O,N,7.5466423
tcr_20_4,D,A,L,K,118,92,O,C,8.730935
tcr_20_4,D,A,L,R,118,93,O,CA,7.1705165
tcr_20_4,D,A,L,R,118,93,O,C,8.286646
tcr_20_4,D,A,L,K,118,92,O,N,9.273229
tcr_20_4,D,A,L,R,118,93,O,CG,4.7428203
tcr_20_4,D,A,L,Q,118,89,O,CG,4.6652045
tcr_20_4,D,A,L,R,118,93,O,CB,5.793263
tcr_20_4,D,A,L,Q,118,89,O,C,6.072416
tcr_20_4,D,A,L,Q,118,89,O,NE2,4.2392817
tcr_20_4,D,A,L,Q,118,89,O,CD,4.263222
tcr_20_4,D,A,L,R,118,93,O,CD,3.317927
tcr_20_4,D,A,L,K,118,90,O,C,7.7668056
tcr_20_4,D,A,L,K,118,90,O,CB,7.3194056
tcr_20_4,D,A,L,K,118,90,O,CA,6.64394
tcr_20_4,D,A,L,K,118,90,O,CD,7.6381917
tcr_20_4,D,A,L,K,118,90,O,N,6.396094
tcr_20_4,D,A,L,K,118,90,O,CG,6.5442533
tcr_20_4,D,A,L,Q,118,89,O,OE1,4.5014305
tcr_20_4,D,A,L,R,118,93,O,NH2,4.1586475
tcr_20_4,D,A,L,R,118,93,O,NH1,2.1223688
tcr_20_4,D,A,L,R,118,93,O,NE,3.5745544
tcr_20_4,D,A,L,R,118,93,O,O,8.895593
tcr_20_4,D,A,L,R,118,93,O,CZ,3.134826
tcr_20_4,D,A,L,K,118,90,O,NZ,9.911358
tcr_20_4,D,A,L,R,118,86,O,NE,9.824801
tcr_20_4,D,A,L,R,118,86,O,CD,8.415524
tcr_20_4,D,A,L,T,118,88,CB,O,9.309919
tcr_20_4,D,A,L,E,118,87,CB,O,8.812248
tcr_20_4,D,A,L,E,118,82,CB,O,8.982735
tcr_20_4,D,A,L,E,118,82,CB,CG,9.876329
tcr_20_4,D,A,L,E,118,87,CB,N,7.961303
tcr_20_4,D,A,L,T,118,88,CB,N,9.303533
tcr_20_4,D,A,L,E,118,87,CB,CA,8.721264
tcr_20_4,D,A,L,T,118,88,CB,C,8.809347
tcr_20_4,D,A,L,E,118,87,CB,C,8.892027
tcr_20_4,D,A,L,K,118,90,CB,CE,7.2033186
tcr_20_4,D,A,L,T,118,88,CB,CA,9.7704115
tcr_20_4,D,A,L,R,118,86,CB,O,6.031079
tcr_20_4,D,A,L,Q,118,89,CB,N,7.5849214
tcr_20_4,D,A,L,Y,118,83,CB,O,9.6497555
tcr_20_4,D,A,L,R,118,86,CB,C,6.6874294
tcr_20_4,D,A,L,D,118,85,CB,O,7.632938
tcr_20_4,D,A,L,Q,118,89,CB,CA,6.7308807
tcr_20_4,D,A,L,R,118,86,CB,CG,5.2554626
tcr_20_4,D,A,L,Q,118,89,CB,CB,5.586072
tcr_20_4,D,A,L,R,118,86,CB,CA,6.3209033
tcr_20_4,D,A,L,R,118,86,CB,N,7.5052476
tcr_20_4,D,A,L,D,118,85,CB,C,8.019912
tcr_20_4,D,A,L,R,118,86,CB,CB,6.2806034
tcr_20_4,D,A,L,D,118,85,CB,CB,9.539632
tcr_20_4,D,A,L,D,118,85,CB,CA,9.420149
tcr_20_4,D,A,L,Y,118,91,CB,N,9.119689
tcr_20_4,D,A,L,K,118,90,CB,O,8.62904
tcr_20_4,D,A,L,Q,118,89,CB,O,6.9142437
tcr_20_4,D,A,L,R,118,93,CB,N,9.257618
tcr_20_4,D,A,L,R,118,93,CB,CA,9.168332
tcr_20_4,D,A,L,R,118,93,CB,CG,7.01692
tcr_20_4,D,A,L,Q,118,89,CB,CG,5.29038
tcr_20_4,D,A,L,R,118,93,CB,CB,7.7832184
tcr_20_4,D,A,L,Q,118,89,CB,C,6.5249925
tcr_20_4,D,A,L,Q,118,89,CB,NE2,5.04415
tcr_20_4,D,A,L,Q,118,89,CB,CD,4.5684037
tcr_20_4,D,A,L,R,118,93,CB,CD,5.652534
tcr_20_4,D,A,L,K,118,90,CB,C,8.215772
tcr_20_4,D,A,L,K,118,90,CB,CB,6.8902354
tcr_20_4,D,A,L,K,118,90,CB,CA,6.771979
tcr_20_4,D,A,L,K,118,90,CB,CD,6.3207192
tcr_20_4,D,A,L,K,118,90,CB,N,6.402342
tcr_20_4,D,A,L,K,118,90,CB,CG,5.6567984
tcr_20_4,D,A,L,Q,118,89,CB,OE1,3.9855626
tcr_20_4,D,A,L,R,118,93,CB,NH2,6.330445
tcr_20_4,D,A,L,R,118,93,CB,NH1,4.1881485
tcr_20_4,D,A,L,R,118,93,CB,NE,6.0426188
tcr_20_4,D,A,L,R,118,93,CB,CZ,5.4487853
tcr_20_4,D,A,L,K,118,90,CB,NZ,8.161902
tcr_20_4,D,A,L,E,118,87,CB,OE1,9.351658
tcr_20_4,D,A,L,R,118,86,CB,CZ,7.9668097
tcr_20_4,D,A,L,R,118,86,CB,NH2,9.221639
tcr_20_4,D,A,L,R,118,86,CB,NE,7.085638
tcr_20_4,D,A,L,R,118,86,CB,CD,5.6451716
tcr_20_4,D,A,L,R,118,86,CB,NH1,7.788837
tcr_20_4,D,A,L,E,118,82,CB,OE1,9.662372
tcr_20_4,D,A,L,T,118,88,CG,O,9.27962
tcr_20_4,D,A,L,E,118,87,CG,O,8.245139
tcr_20_4,D,A,L,E,118,87,CG,CD,8.8871975
tcr_20_4,D,A,L,E,118,87,CG,OE2,9.482438
tcr_20_4,D,A,L,E,118,87,CG,CG,9.357238
tcr_20_4,D,A,L,W,118,84,CG,C,9.999417
tcr_20_4,D,A,L,Y,118,83,CG,N,9.923179
tcr_20_4,D,A,L,D,118,85,CG,N,9.632668
tcr_20_4,D,A,L,Y,118,83,CG,C,9.464835
tcr_20_4,D,A,L,Y,118,83,CG,CA,9.581047
tcr_20_4,D,A,L,E,118,82,CG,O,8.05773
tcr_20_4,D,A,L,E,118,82,CG,C,9.211846
tcr_20_4,D,A,L,E,118,82,CG,CG,9.066501
tcr_20_4,D,A,L,W,118,84,CG,O,9.857497
tcr_20_4,D,A,L,E,118,87,CG,N,7.040644
tcr_20_4,D,A,L,T,118,88,CG,N,8.759003
tcr_20_4,D,A,L,E,118,87,CG,CA,7.8306136
tcr_20_4,D,A,L,E,118,87,CG,CB,9.192651
tcr_20_4,D,A,L,T,118,88,CG,C,8.661824
tcr_20_4,D,A,L,E,118,87,CG,C,8.233842
tcr_20_4,D,A,L,K,118,90,CG,CE,6.071027
tcr_20_4,D,A,L,T,118,88,CG,CA,9.4367075
tcr_20_4,D,A,L,R,118,86,CG,O,5.307268
tcr_20_4,D,A,L,Q,118,89,CG,N,7.482888
tcr_20_4,D,A,L,Y,118,83,CG,O,8.5699
tcr_20_4,D,A,L,R,118,86,CG,C,5.847529
tcr_20_4,D,A,L,D,118,85,CG,O,7.3040557
tcr_20_4,D,A,L,Q,118,89,CG,CA,6.8804126
tcr_20_4,D,A,L,R,118,86,CG,CG,3.994382
tcr_20_4,D,A,L,Q,118,89,CG,CB,5.822056
tcr_20_4,D,A,L,R,118,86,CG,CA,5.5108433
tcr_20_4,D,A,L,R,118,86,CG,N,6.806263
tcr_20_4,D,A,L,D,118,85,CG,C,7.5299535
tcr_20_4,D,A,L,R,118,86,CG,CB,5.212185
tcr_20_4,D,A,L,D,118,85,CG,CB,9.170136
tcr_20_4,D,A,L,D,118,85,CG,CA,8.954478
tcr_20_4,D,A,L,Y,118,91,CG,N,8.898478
tcr_20_4,D,A,L,K,118,90,CG,O,8.606794
tcr_20_4,D,A,L,Q,118,89,CG,O,7.2345104
tcr_20_4,D,A,L,R,118,93,CG,N,9.745945
tcr_20_4,D,A,L,R,118,93,CG,CA,9.76596
tcr_20_4,D,A,L,R,118,93,CG,CG,7.8534565
tcr_20_4,D,A,L,Q,118,89,CG,CG,5.9229302
tcr_20_4,D,A,L,R,118,93,CG,CB,8.408345
tcr_20_4,D,A,L,Q,118,89,CG,C,6.6472726
tcr_20_4,D,A,L,Q,118,89,CG,NE2,6.081328
tcr_20_4,D,A,L,Q,118,89,CG,CD,5.353133
tcr_20_4,D,A,L,R,118,93,CG,CD,6.5646853
tcr_20_4,D,A,L,K,118,90,CG,C,8.070344
tcr_20_4,D,A,L,K,118,90,CG,CB,6.3488092
tcr_20_4,D,A,L,K,118,90,CG,CA,6.55667
tcr_20_4,D,A,L,K,118,90,CG,CD,5.315963
tcr_20_4,D,A,L,K,118,90,CG,N,6.2439213
tcr_20_4,D,A,L,K,118,90,CG,CG,4.951249
tcr_20_4,D,A,L,Q,118,89,CG,OE1,4.5666966
tcr_20_4,D,A,L,R,118,93,CG,NH2,7.2615027
tcr_20_4,D,A,L,R,118,93,CG,NH1,5.2017465
tcr_20_4,D,A,L,R,118,93,CG,NE,6.988263
tcr_20_4,D,A,L,R,118,93,CG,CZ,6.417685
tcr_20_4,D,A,L,K,118,90,CG,NZ,6.8904934
tcr_20_4,D,A,L,E,118,87,CG,OE1,8.049574
tcr_20_4,D,A,L,R,118,86,CG,CZ,6.529146
tcr_20_4,D,A,L,R,118,86,CG,NH2,7.770948
tcr_20_4,D,A,L,R,118,86,CG,NE,5.655146
tcr_20_4,D,A,L,R,118,86,CG,CD,4.2517943
tcr_20_4,D,A,L,R,118,86,CG,NH1,6.400179
tcr_20_4,D,A,L,E,118,82,CG,OE1,8.895329
tcr_20_4,D,A,L,E,118,82,CG,CD,9.544538
tcr_20_4,D,A,L,T,118,88,CD1,O,9.235447
tcr_20_4,D,A,L,T,118,88,CD1,CB,9.624716
tcr_20_4,D,A,L,E,118,87,CD1,O,8.199653
tcr_20_4,D,A,L,E,118,87,CD1,CD,8.657965
tcr_20_4,D,A,L,E,118,87,CD1,OE2,9.41872
tcr_20_4,D,A,L,E,118,87,CD1,CG,8.917598
tcr_20_4,D,A,L,W,118,84,CD1,C,9.008891
tcr_20_4,D,A,L,W,118,84,CD1,CA,9.826531
tcr_20_4,D,A,L,Y,118,83,CD1,N,8.643665
tcr_20_4,D,A,L,D,118,85,CD1,N,8.51276
tcr_20_4,D,A,L,Y,118,83,CD1,C,8.404659
tcr_20_4,D,A,L,W,118,84,CD1,N,9.404648
tcr_20_4,D,A,L,Y,118,83,CD1,CA,8.4464245
tcr_20_4,D,A,L,P,118,81,CD1,O,9.88201
tcr_20_4,D,A,L,E,118,82,CD1,O,6.710269
tcr_20_4,D,A,L,E,118,82,CD1,CB,8.769056
tcr_20_4,D,A,L,E,118,82,CD1,C,7.848865
tcr_20_4,D,A,L,D,118,85,CD1,OD2,9.867655
tcr_20_4,D,A,L,E,118,82,CD1,CA,8.627645
tcr_20_4,D,A,L,D,118,85,CD1,CG,9.417708
tcr_20_4,D,A,L,E,118,82,CD1,CG,7.5819964
tcr_20_4,D,A,L,W,118,84,CD1,O,9.011996
tcr_20_4,D,A,L,E,118,87,CD1,N,6.4543185
tcr_20_4,D,A,L,T,118,88,CD1,N,8.3310995
tcr_20_4,D,A,L,E,118,87,CD1,CA,7.4766736
tcr_20_4,D,A,L,E,118,87,CD1,CB,8.772217
tcr_20_4,D,A,L,T,118,88,CD1,C,8.456463
tcr_20_4,D,A,L,E,118,87,CD1,C,7.967175
tcr_20_4,D,A,L,K,118,90,CD1,CE,6.3018494
tcr_20_4,D,A,L,T,118,88,CD1,CA,9.077052
tcr_20_4,D,A,L,R,118,86,CD1,O,5.006171
tcr_20_4,D,A,L,Q,118,89,CD1,N,7.2296147
tcr_20_4,D,A,L,Y,118,83,CD1,O,7.6242986
tcr_20_4,D,A,L,R,118,86,CD1,C,5.2545996
tcr_20_4,D,A,L,D,118,85,CD1,O,6.4761515
tcr_20_4,D,A,L,Q,118,89,CD1,CA,6.817787
tcr_20_4,D,A,L,R,118,86,CD1,CG,3.1462612
tcr_20_4,D,A,L,Q,118,89,CD1,CB,5.6102133
tcr_20_4,D,A,L,R,118,86,CD1,CA,4.5647035
tcr_20_4,D,A,L,R,118,86,CD1,N,5.7250524
tcr_20_4,D,A,L,D,118,85,CD1,C,6.518282
tcr_20_4,D,A,L,R,118,86,CD1,CB,4.1338305
tcr_20_4,D,A,L,D,118,85,CD1,CB,7.9254336
tcr_20_4,D,A,L,D,118,85,CD1,CA,7.8508186
tcr_20_4,D,A,L,Y,118,91,CD1,N,9.302455
tcr_20_4,D,A,L,K,118,90,CD1,O,9.348684
tcr_20_4,D,A,L,Q,118,89,CD1,O,7.6621523
tcr_20_4,D,A,L,R,118,93,CD1,CG,8.694554
tcr_20_4,D,A,L,Q,118,89,CD1,CG,5.8701987
tcr_20_4,D,A,L,R,118,93,CD1,CB,9.336009
tcr_20_4,D,A,L,Q,118,89,CD1,C,6.9028935
tcr_20_4,D,A,L,Q,118,89,CD1,NE2,5.9244266
tcr_20_4,D,A,L,Q,118,89,CD1,CD,5.130426
tcr_20_4,D,A,L,R,118,93,CD1,CD,7.5169992
tcr_20_4,D,A,L,K,118,90,CD1,C,8.653036
tcr_20_4,D,A,L,K,118,90,CD1,CB,6.9114933
tcr_20_4,D,A,L,K,118,90,CD1,CA,7.1328483
tcr_20_4,D,A,L,K,118,90,CD1,CD,5.895104
tcr_20_4,D,A,L,K,118,90,CD1,N,6.5520377
tcr_20_4,D,A,L,K,118,90,CD1,CG,5.58163
tcr_20_4,D,A,L,Q,118,89,CD1,OE1,4.0980463
tcr_20_4,D,A,L,R,118,93,CD1,NH2,8.612835
tcr_20_4,D,A,L,R,118,93,CD1,NH1,6.4763117
tcr_20_4,D,A,L,R,118,93,CD1,NE,8.135041
tcr_20_4,D,A,L,R,118,93,CD1,CZ,7.6856017
tcr_20_4,D,A,L,Y,118,83,CD1,CD2,9.833691
tcr_20_4,D,A,L,Y,118,83,CD1,CB,9.733468
tcr_20_4,D,A,L,E,118,82,CD1,OE2,9.270842
tcr_20_4,D,A,L,K,118,90,CD1,NZ,7.093782
tcr_20_4,D,A,L,E,118,87,CD1,OE1,7.824571
tcr_20_4,D,A,L,R,118,86,CD1,CZ,5.716275
tcr_20_4,D,A,L,R,118,86,CD1,NH2,6.970453
tcr_20_4,D,A,L,R,118,86,CD1,NE,4.8376207
tcr_20_4,D,A,L,R,118,86,CD1,CD,3.3659112
tcr_20_4,D,A,L,R,118,86,CD1,NH1,5.605546
tcr_20_4,D,A,L,E,118,82,CD1,OE1,7.493648
tcr_20_4,D,A,L,E,118,82,CD1,CD,8.104268
tcr_20_4,D,A,L,T,118,88,CD2,O,8.260959
tcr_20_4,D,A,L,T,118,88,CD2,CB,9.366772
tcr_20_4,D,A,L,Y,118,91,CD2,CD2,9.772907
tcr_20_4,D,A,L,Y,118,91,CD2,CG,9.84318
tcr_20_4,D,A,L,Y,118,91,CD2,CB,9.822513
tcr_20_4,D,A,L,E,118,87,CD2,O,6.9763937
tcr_20_4,D,A,L,E,118,87,CD2,CD,7.730745
tcr_20_4,D,A,L,E,118,87,CD2,OE2,8.207916
tcr_20_4,D,A,L,E,118,87,CD2,CG,8.303465
tcr_20_4,D,A,L,W,118,84,CD2,C,9.458154
tcr_20_4,D,A,L,Y,118,83,CD2,N,9.84368
tcr_20_4,D,A,L,D,118,85,CD2,N,9.284745
tcr_20_4,D,A,L,Y,118,83,CD2,C,9.021253
tcr_20_4,D,A,L,Y,118,83,CD2,CA,9.302698
tcr_20_4,D,A,L,E,118,82,CD2,O,8.087427
tcr_20_4,D,A,L,E,118,82,CD2,C,9.264422
tcr_20_4,D,A,L,E,118,82,CD2,CG,9.613572
tcr_20_4,D,A,L,W,118,84,CD2,O,9.178359
tcr_20_4,D,A,L,E,118,87,CD2,N,6.137798
tcr_20_4,D,A,L,T,118,88,CD2,N,7.7620277
tcr_20_4,D,A,L,E,118,87,CD2,CA,6.712067
tcr_20_4,D,A,L,E,118,87,CD2,CB,8.094637
tcr_20_4,D,A,L,T,118,88,CD2,C,7.7011175
tcr_20_4,D,A,L,E,118,87,CD2,C,7.0855436
tcr_20_4,D,A,L,K,118,90,CD2,CE,4.7108645
tcr_20_4,D,A,L,T,118,88,CD2,CA,8.465517
tcr_20_4,D,A,L,R,118,86,CD2,O,4.2915626
tcr_20_4,D,A,L,Q,118,89,CD2,N,6.636402
tcr_20_4,D,A,L,Y,118,83,CD2,O,8.000946
tcr_20_4,D,A,L,R,118,86,CD2,C,5.0210204
tcr_20_4,D,A,L,D,118,85,CD2,O,6.8575363
tcr_20_4,D,A,L,Q,118,89,CD2,CA,6.1055503
tcr_20_4,D,A,L,R,118,86,CD2,CG,3.6824958
tcr_20_4,D,A,L,Q,118,89,CD2,CB,5.326541
tcr_20_4,D,A,L,R,118,86,CD2,CA,5.0806413
tcr_20_4,D,A,L,R,118,86,CD2,N,6.4902964
tcr_20_4,D,A,L,D,118,85,CD2,C,7.187065
tcr_20_4,D,A,L,R,118,86,CD2,CB,4.960598
tcr_20_4,D,A,L,D,118,85,CD2,CB,9.15569
tcr_20_4,D,A,L,D,118,85,CD2,CA,8.686204
tcr_20_4,D,A,L,Y,118,91,CD2,C,9.548909
tcr_20_4,D,A,L,Q,118,94,CD2,N,9.511511
tcr_20_4,D,A,L,Y,118,91,CD2,CA,8.977663
tcr_20_4,D,A,L,Y,118,91,CD2,N,7.5355887
tcr_20_4,D,A,L,K,118,90,CD2,O,7.2615495
tcr_20_4,D,A,L,K,118,92,CD2,CB,9.980761
tcr_20_4,D,A,L,Q,118,89,CD2,O,6.2667413
tcr_20_4,D,A,L,R,118,93,CD2,N,8.754664
tcr_20_4,D,A,L,K,118,92,CD2,C,9.910364
tcr_20_4,D,A,L,R,118,93,CD2,CA,8.831014
tcr_20_4,D,A,L,R,118,93,CD2,C,9.655354
tcr_20_4,D,A,L,K,118,92,CD2,N,9.304563
tcr_20_4,D,A,L,R,118,93,CD2,CG,7.198788
tcr_20_4,D,A,L,Q,118,89,CD2,CG,5.667951
tcr_20_4,D,A,L,R,118,93,CD2,CB,7.521455
tcr_20_4,D,A,L,Q,118,89,CD2,C,5.6447687
tcr_20_4,D,A,L,Q,118,89,CD2,NE2,6.4236975
tcr_20_4,D,A,L,Q,118,89,CD2,CD,5.5010467
tcr_20_4,D,A,L,R,118,93,CD2,CD,6.037975
tcr_20_4,D,A,L,K,118,90,CD2,C,6.7004223
tcr_20_4,D,A,L,K,118,90,CD2,CB,4.8519464
tcr_20_4,D,A,L,K,118,90,CD2,CA,5.1847024
tcr_20_4,D,A,L,K,118,90,CD2,CD,3.8490386
tcr_20_4,D,A,L,K,118,90,CD2,N,5.0338
tcr_20_4,D,A,L,K,118,90,CD2,CG,3.42652
tcr_20_4,D,A,L,Q,118,89,CD2,OE1,4.8661127
tcr_20_4,D,A,L,R,118,93,CD2,NH2,7.0061584
tcr_20_4,D,A,L,R,118,93,CD2,NH1,5.0582294
tcr_20_4,D,A,L,R,118,93,CD2,NE,6.527325
tcr_20_4,D,A,L,R,118,93,CD2,CZ,6.1146364
tcr_20_4,D,A,L,K,118,90,CD2,NZ,5.6480603
tcr_20_4,D,A,L,E,118,87,CD2,OE1,6.970182
tcr_20_4,D,A,L,R,118,86,CD2,CZ,6.5511236
tcr_20_4,D,A,L,R,118,86,CD2,NH2,7.679968
tcr_20_4,D,A,L,R,118,86,CD2,NE,5.5226526
tcr_20_4,D,A,L,R,118,86,CD2,CD,4.27888
tcr_20_4,D,A,L,R,118,86,CD2,NH1,6.6868086
tcr_20_4,D,A,L,E,118,82,CD2,OE1,9.734157
tcr_20_4,D,A,S,R,119,86,N,O,8.990811
tcr_20_4,D,A,S,Q,119,89,N,N,9.79285
tcr_20_4,D,A,S,R,119,86,N,C,9.803206
tcr_20_4,D,A,S,Q,119,89,N,CA,8.596102
tcr_20_4,D,A,S,R,119,86,N,CG,8.644099
tcr_20_4,D,A,S,Q,119,89,N,CB,7.5824604
tcr_20_4,D,A,S,R,119,86,N,CA,9.515979
tcr_20_4,D,A,S,R,119,86,N,CB,9.627658
tcr_20_4,D,A,S,K,119,90,N,O,9.818531
tcr_20_4,D,A,S,Q,119,89,N,O,8.129762
tcr_20_4,D,A,S,R,119,93,N,N,9.652152
tcr_20_4,D,A,S,R,119,93,N,CA,9.124637
tcr_20_4,D,A,S,R,119,93,N,CG,6.7127686
tcr_20_4,D,A,S,Q,119,89,N,CG,6.6556087
tcr_20_4,D,A,S,R,119,93,N,CB,7.7049527
tcr_20_4,D,A,S,Q,119,89,N,C,8.23592
tcr_20_4,D,A,S,Q,119,89,N,NE2,5.666373
tcr_20_4,D,A,S,Q,119,89,N,CD,5.9169497
tcr_20_4,D,A,S,R,119,93,N,CD,5.256853
tcr_20_4,D,A,S,K,119,90,N,C,9.787376
tcr_20_4,D,A,S,K,119,90,N,CB,9.06941
tcr_20_4,D,A,S,K,119,90,N,CA,8.604869
tcr_20_4,D,A,S,K,119,90,N,CD,8.903091
tcr_20_4,D,A,S,K,119,90,N,N,8.443621
tcr_20_4,D,A,S,K,119,90,N,CG,8.073887
tcr_20_4,D,A,S,Q,119,89,N,OE1,5.9125566
tcr_20_4,D,A,S,R,119,93,N,NH2,4.589243
tcr_20_4,D,A,S,R,119,93,N,NH1,3.071737
tcr_20_4,D,A,S,R,119,93,N,NE,5.025322
tcr_20_4,D,A,S,R,119,93,N,CZ,4.1139736
tcr_20_4,D,A,S,R,119,86,N,CD,8.9771595
tcr_20_4,D,A,S,R,119,86,CA,O,9.973143
tcr_20_4,D,A,S,Q,119,89,CA,CA,9.070015
tcr_20_4,D,A,S,R,119,86,CA,CG,9.871075
tcr_20_4,D,A,S,Q,119,89,CA,CB,8.097298
tcr_20_4,D,A,S,Q,119,89,CA,O,8.505019
tcr_20_4,D,A,S,R,119,93,CA,N,9.72902
tcr_20_4,D,A,S,R,119,93,CA,CA,9.120757
tcr_20_4,D,A,S,R,119,93,CA,CG,6.6647406
tcr_20_4,D,A,S,Q,119,89,CA,CG,6.9550943
tcr_20_4,D,A,S,R,119,93,CA,CB,7.8010554
tcr_20_4,D,A,S,Q,119,89,CA,C,8.76538
tcr_20_4,D,A,S,Q,119,89,CA,NE2,5.689213
tcr_20_4,D,A,S,Q,119,89,CA,CD,6.223894
tcr_20_4,D,A,S,R,119,93,CA,CD,5.351904
tcr_20_4,D,A,S,K,119,90,CA,CA,9.361988
tcr_20_4,D,A,S,K,119,90,CA,N,9.158692
tcr_20_4,D,A,S,K,119,90,CA,CG,9.15239
tcr_20_4,D,A,S,Q,119,89,CA,OE1,6.443615
tcr_20_4,D,A,S,R,119,93,CA,NH2,4.6632433
tcr_20_4,D,A,S,R,119,93,CA,NH1,3.58847
tcr_20_4,D,A,S,R,119,93,CA,NE,5.0526576
tcr_20_4,D,A,S,R,119,93,CA,CZ,4.288339
tcr_20_4,D,A,S,Q,119,89,C,CB,9.407635
tcr_20_4,D,A,S,Q,119,89,C,O,9.443826
tcr_20_4,D,A,S,R,119,93,C,CA,9.536323
tcr_20_4,D,A,S,R,119,93,C,CG,7.2181754
tcr_20_4,D,A,S,Q,119,89,C,CG,8.274934
tcr_20_4,D,A,S,R,119,93,C,CB,8.218198
tcr_20_4,D,A,S,Q,119,89,C,C,9.814976
tcr_20_4,D,A,S,Q,119,89,C,NE2,7.1330614
tcr_20_4,D,A,S,Q,119,89,C,CD,7.6619325
tcr_20_4,D,A,S,R,119,93,C,CD,5.9463215
tcr_20_4,D,A,S,K,119,90,C,CG,9.972016
tcr_20_4,D,A,S,Q,119,89,C,OE1,7.914991
tcr_20_4,D,A,S,R,119,93,C,NH2,4.2958465
tcr_20_4,D,A,S,R,119,93,C,NH1,3.9461448
tcr_20_4,D,A,S,R,119,93,C,NE,5.277439
tcr_20_4,D,A,S,R,119,93,C,CZ,4.357103
tcr_20_4,D,A,S,R,119,93,O,CG,8.418502
tcr_20_4,D,A,S,Q,119,89,O,CG,9.329868
tcr_20_4,D,A,S,R,119,93,O,CB,9.3733015
tcr_20_4,D,A,S,Q,119,89,O,NE2,8.074122
tcr_20_4,D,A,S,Q,119,89,O,CD,8.614055
tcr_20_4,D,A,S,R,119,93,O,CD,7.121971
tcr_20_4,D,A,S,Q,119,89,O,OE1,8.760407
tcr_20_4,D,A,S,R,119,93,O,NH2,5.1615586
tcr_20_4,D,A,S,R,119,93,O,NH1,4.925852
tcr_20_4,D,A,S,R,119,93,O,NE,6.3978877
tcr_20_4,D,A,S,R,119,93,O,CZ,5.3845563
tcr_20_4,D,A,S,Q,119,89,CB,CA,9.610741
tcr_20_4,D,A,S,Q,119,89,CB,CB,8.489789
tcr_20_4,D,A,S,Q,119,89,CB,O,9.354148
tcr_20_4,D,A,S,R,119,93,CB,CG,7.722741
tcr_20_4,D,A,S,Q,119,89,CB,CG,7.2844563
tcr_20_4,D,A,S,R,119,93,CB,CB,8.982525
tcr_20_4,D,A,S,Q,119,89,CB,C,9.5326395
tcr_20_4,D,A,S,Q,119,89,CB,NE2,5.558144
tcr_20_4,D,A,S,Q,119,89,CB,CD,6.3025675
tcr_20_4,D,A,S,R,119,93,CB,CD,6.5028095
tcr_20_4,D,A,S,Q,119,89,CB,OE1,6.4648743
tcr_20_4,D,A,S,R,119,93,CB,NH2,6.1698403
tcr_20_4,D,A,S,R,119,93,CB,NH1,5.0196724
tcr_20_4,D,A,S,R,119,93,CB,NE,6.395031
tcr_20_4,D,A,S,R,119,93,CB,CZ,5.7499104
tcr_20_4,D,A,S,Q,119,89,OG,CB,9.077582
tcr_20_4,D,A,S,Q,119,89,OG,O,9.770401
tcr_20_4,D,A,S,R,119,93,OG,CG,7.8505425
tcr_20_4,D,A,S,Q,119,89,OG,CG,7.734506
tcr_20_4,D,A,S,R,119,93,OG,CB,9.187279
tcr_20_4,D,A,S,Q,119,89,OG,NE2,5.8959618
tcr_20_4,D,A,S,Q,119,89,OG,CD,6.8342366
tcr_20_4,D,A,S,R,119,93,OG,CD,6.8155937
tcr_20_4,D,A,S,Q,119,89,OG,OE1,7.194285
tcr_20_4,D,A,S,R,119,93,OG,NH2,6.560641
tcr_20_4,D,A,S,R,119,93,OG,NH1,5.7289777
tcr_20_4,D,A,S,R,119,93,OG,NE,6.685523
tcr_20_4,D,A,S,R,119,93,OG,CZ,6.206614
tcr_20_4,D,A,Y,Q,120,89,N,CB,9.510191
tcr_20_4,D,A,Y,Q,120,96,N,OE1,9.316241
tcr_20_4,D,A,Y,Q,120,89,N,O,9.085455
tcr_20_4,D,A,Y,R,120,93,N,N,9.615192
tcr_20_4,D,A,Y,R,120,93,N,CA,8.6855
tcr_20_4,D,A,Y,R,120,93,N,C,9.486846
tcr_20_4,D,A,Y,R,120,93,N,CG,6.512127
tcr_20_4,D,A,Y,Q,120,89,N,CG,8.359269
tcr_20_4,D,A,Y,R,120,93,N,CB,7.423595
tcr_20_4,D,A,Y,Q,120,89,N,C,9.606556
tcr_20_4,D,A,Y,Q,120,89,N,NE2,7.4792824
tcr_20_4,D,A,Y,Q,120,89,N,CD,7.9749284
tcr_20_4,D,A,Y,R,120,93,N,CD,5.364115
tcr_20_4,D,A,Y,K,120,90,N,CA,9.892369
tcr_20_4,D,A,Y,K,120,90,N,N,9.9866495
tcr_20_4,D,A,Y,K,120,90,N,CG,9.922253
tcr_20_4,D,A,Y,Q,120,89,N,OE1,8.37581
tcr_20_4,D,A,Y,R,120,93,N,NH2,3.3855138
tcr_20_4,D,A,Y,R,120,93,N,NH1,3.6357493
tcr_20_4,D,A,Y,R,120,93,N,NE,4.4810205
tcr_20_4,D,A,Y,R,120,93,N,O,9.583696
tcr_20_4,D,A,Y,R,120,93,N,CZ,3.6427453
tcr_20_4,D,A,Y,Q,120,96,CA,OE1,9.7662945
tcr_20_4,D,A,Y,R,120,93,CA,CA,9.257715
tcr_20_4,D,A,Y,R,120,93,CA,C,9.868889
tcr_20_4,D,A,Y,R,120,93,CA,CG,7.3232613
tcr_20_4,D,A,Y,Q,120,89,CA,CG,9.689183
tcr_20_4,D,A,Y,R,120,93,CA,CB,8.042866
tcr_20_4,D,A,Y,Q,120,89,CA,NE2,8.918431
tcr_20_4,D,A,Y,Q,120,89,CA,CD,9.385766
tcr_20_4,D,A,Y,R,120,93,CA,CD,6.2767363
tcr_20_4,D,A,Y,Q,120,89,CA,OE1,9.787663
tcr_20_4,D,A,Y,R,120,93,CA,NH2,3.5700665
tcr_20_4,D,A,Y,R,120,93,CA,NH1,4.5263047
tcr_20_4,D,A,Y,R,120,93,CA,NE,5.1489377
tcr_20_4,D,A,Y,R,120,93,CA,O,9.8166485
tcr_20_4,D,A,Y,R,120,93,CA,CZ,4.2756577
tcr_20_4,D,A,Y,R,120,93,C,CG,8.544474
tcr_20_4,D,A,Y,R,120,93,C,CB,9.344368
tcr_20_4,D,A,Y,Q,120,89,C,NE2,9.742485
tcr_20_4,D,A,Y,R,120,93,C,CD,7.584363
tcr_20_4,D,A,Y,R,120,93,C,NH2,5.071471
tcr_20_4,D,A,Y,R,120,93,C,NH1,5.9729047
tcr_20_4,D,A,Y,R,120,93,C,NE,6.5246863
tcr_20_4,D,A,Y,R,120,93,C,CZ,5.74773
tcr_20_4,D,A,Y,R,120,93,O,CG,9.635291
tcr_20_4,D,A,Y,R,120,93,O,CD,8.653089
tcr_20_4,D,A,Y,R,120,93,O,NH2,5.8402524
tcr_20_4,D,A,Y,R,120,93,O,NH1,6.8660994
tcr_20_4,D,A,Y,R,120,93,O,NE,7.517516
tcr_20_4,D,A,Y,R,120,93,O,CZ,6.6576467
tcr_20_4,D,A,Y,Q,120,96,CB,CD,9.944298
tcr_20_4,D,A,Y,Q,120,96,CB,OE1,8.73939
tcr_20_4,D,A,Y,Q,120,96,CB,CB,9.95318
tcr_20_4,D,A,Y,Q,120,94,CB,N,9.60637
tcr_20_4,D,A,Y,Q,120,89,CB,O,9.646123
tcr_20_4,D,A,Y,R,120,93,CB,N,9.481446
tcr_20_4,D,A,Y,R,120,93,CB,CA,8.282908
tcr_20_4,D,A,Y,R,120,93,CB,C,8.750887
tcr_20_4,D,A,Y,R,120,93,CB,CG,6.6317544
tcr_20_4,D,A,Y,Q,120,89,CB,CG,9.731082
tcr_20_4,D,A,Y,R,120,93,CB,CB,7.1780252
tcr_20_4,D,A,Y,Q,120,89,CB,NE2,9.266863
tcr_20_4,D,A,Y,Q,120,89,CB,CD,9.664647
tcr_20_4,D,A,Y,R,120,93,CB,CD,5.8042874
tcr_20_4,D,A,Y,R,120,93,CB,NH2,2.989981
tcr_20_4,D,A,Y,R,120,93,CB,NH1,4.5564866
tcr_20_4,D,A,Y,R,120,93,CB,NE,4.5214114
tcr_20_4,D,A,Y,A,120,97,CB,CB,9.154864
tcr_20_4,D,A,Y,R,120,93,CB,O,8.574406
tcr_20_4,D,A,Y,A,120,97,CB,N,9.94781
tcr_20_4,D,A,Y,A,120,97,CB,CA,9.909614
tcr_20_4,D,A,Y,R,120,93,CB,CZ,3.881482
tcr_20_4,D,A,Y,Q,120,96,CG,OE1,9.556464
tcr_20_4,D,A,Y,R,120,93,CG,CA,8.990876
tcr_20_4,D,A,Y,R,120,93,CG,C,9.226591
tcr_20_4,D,A,Y,R,120,93,CG,CG,7.634089
tcr_20_4,D,A,Y,R,120,93,CG,CB,7.937623
tcr_20_4,D,A,Y,R,120,93,CG,CD,6.877794
tcr_20_4,D,A,Y,R,120,93,CG,NH2,3.6630292
tcr_20_4,D,A,Y,R,120,93,CG,NH1,5.5568314
tcr_20_4,D,A,Y,R,120,93,CG,NE,5.477925
tcr_20_4,D,A,Y,A,120,97,CG,CB,8.945915
tcr_20_4,D,A,Y,R,120,93,CG,O,8.932059
tcr_20_4,D,A,Y,A,120,97,CG,CA,9.773362
tcr_20_4,D,A,Y,R,120,93,CG,CZ,4.809872
tcr_20_4,D,A,Y,Q,120,179,CG,OE1,9.405443
tcr_20_4,D,A,Y,R,120,93,CD1,CG,8.778869
tcr_20_4,D,A,Y,R,120,93,CD1,CB,9.099424
tcr_20_4,D,A,Y,R,120,93,CD1,CD,8.120171
tcr_20_4,D,A,Y,R,120,93,CD1,NH2,5.048387
tcr_20_4,D,A,Y,R,120,93,CD1,NH1,6.904008
tcr_20_4,D,A,Y,R,120,93,CD1,NE,6.750945
tcr_20_4,D,A,Y,A,120,97,CD1,CB,9.529813
tcr_20_4,D,A,Y,R,120,93,CD1,O,9.81318
tcr_20_4,D,A,Y,R,120,93,CD1,CZ,6.160772
tcr_20_4,D,A,Y,Q,120,179,CD1,OE1,9.839319
tcr_20_4,D,A,Y,Q,120,94,CD2,N,9.557938
tcr_20_4,D,A,Y,R,120,93,CD2,CA,8.846684
tcr_20_4,D,A,Y,R,120,93,CD2,C,8.922814
tcr_20_4,D,A,Y,R,120,93,CD2,CG,7.6744423
tcr_20_4,D,A,Y,R,120,93,CD2,CB,7.743636
tcr_20_4,D,A,Y,R,120,93,CD2,CD,6.884502
tcr_20_4,D,A,Y,Q,120,94,CD2,OE1,9.620856
tcr_20_4,D,A,Y,R,120,93,CD2,NH2,3.3927693
tcr_20_4,D,A,Y,R,120,93,CD2,NH1,5.4295816
tcr_20_4,D,A,Y,R,120,93,CD2,NE,5.420598
tcr_20_4,D,A,Y,A,120,97,CD2,CB,8.474636
tcr_20_4,D,A,Y,R,120,93,CD2,O,8.672449
tcr_20_4,D,A,Y,A,120,97,CD2,N,9.845149
tcr_20_4,D,A,Y,A,120,97,CD2,CA,9.478484
tcr_20_4,D,A,Y,R,120,93,CD2,CZ,4.6719823
tcr_20_4,D,A,Y,Q,120,179,CD2,OE1,8.112903
tcr_20_4,D,A,Y,E,120,176,CD2,OE2,9.236968
tcr_20_4,D,A,Y,R,120,180,CD2,CZ,9.64152
tcr_20_4,D,A,Y,E,120,176,CD2,CD,9.88191
tcr_20_4,D,A,Y,R,120,180,CD2,NH1,9.696982
tcr_20_4,D,A,Y,E,120,176,CD2,OE1,9.503461
tcr_20_4,D,A,Y,R,120,180,CD2,NH2,8.650224
tcr_20_4,D,A,Y,Q,120,179,CD2,NE2,8.981182
tcr_20_4,D,A,Y,Q,120,179,CD2,CD,9.02286
tcr_20_4,D,A,Y,R,120,93,CE1,CG,9.810399
tcr_20_4,D,A,Y,R,120,93,CE1,CB,9.966153
tcr_20_4,D,A,Y,R,120,93,CE1,CD,9.192468
tcr_20_4,D,A,Y,R,120,93,CE1,NH2,5.966917
tcr_20_4,D,A,Y,R,120,93,CE1,NH1,7.9388566
tcr_20_4,D,A,Y,R,120,93,CE1,NE,7.7710357
tcr_20_4,D,A,Y,A,120,97,CE1,CB,9.648774
tcr_20_4,D,A,Y,R,120,93,CE1,CZ,7.169403
tcr_20_4,D,A,Y,Q,120,179,CE1,OE1,9.101465
tcr_20_4,D,A,Y,E,120,176,CE1,OE2,9.739657
tcr_20_4,D,A,Y,Q,120,179,CE1,NE2,9.353882
tcr_20_4,D,A,Y,Q,120,179,CE1,CD,9.772659
tcr_20_4,D,A,Y,R,120,93,CE2,CA,9.7659025
tcr_20_4,D,A,Y,R,120,93,CE2,C,9.657935
tcr_20_4,D,A,Y,R,120,93,CE2,CG,8.832283
tcr_20_4,D,A,Y,R,120,93,CE2,CB,8.741345
tcr_20_4,D,A,Y,R,120,93,CE2,CD,8.1181135
tcr_20_4,D,A,Y,Q,120,94,CE2,OE1,9.708802
tcr_20_4,D,A,Y,R,120,93,CE2,NH2,4.6474676
tcr_20_4,D,A,Y,R,120,93,CE2,NH1,6.6931934
tcr_20_4,D,A,Y,R,120,93,CE2,NE,6.6445932
tcr_20_4,D,A,Y,A,120,97,CE2,CB,8.60398
tcr_20_4,D,A,Y,R,120,93,CE2,O,9.314298
tcr_20_4,D,A,Y,A,120,97,CE2,CA,9.647331
tcr_20_4,D,A,Y,R,120,93,CE2,CZ,5.935775
tcr_20_4,D,A,Y,Q,120,179,CE2,OE1,7.197141
tcr_20_4,D,A,Y,R,120,180,CE2,NE,9.991923
tcr_20_4,D,A,Y,E,120,176,CE2,OE2,8.07961
tcr_20_4,D,A,Y,R,120,180,CE2,CZ,9.054976
tcr_20_4,D,A,Y,E,120,176,CE2,CD,8.809954
tcr_20_4,D,A,Y,R,120,180,CE2,NH1,9.28604
tcr_20_4,D,A,Y,E,120,176,CE2,OE1,8.554183
tcr_20_4,D,A,Y,R,120,180,CE2,NH2,8.000017
tcr_20_4,D,A,Y,Q,120,179,CE2,NE2,7.89974
tcr_20_4,D,A,Y,Q,120,179,CE2,CD,8.048142
tcr_20_4,D,A,Y,Q,120,179,CE2,CG,9.474915
tcr_20_4,D,A,Y,Q,120,179,CE2,CB,9.829314
tcr_20_4,D,A,Y,A,120,174,CE2,CB,9.942713
tcr_20_4,D,A,Y,R,120,93,CZ,CG,9.828705
tcr_20_4,D,A,Y,R,120,93,CZ,CB,9.798343
tcr_20_4,D,A,Y,R,120,93,CZ,CD,9.187006
tcr_20_4,D,A,Y,R,120,93,CZ,NH2,5.797888
tcr_20_4,D,A,Y,R,120,93,CZ,NH1,7.8458257
tcr_20_4,D,A,Y,R,120,93,CZ,NE,7.7202606
tcr_20_4,D,A,Y,A,120,97,CZ,CB,9.194036
tcr_20_4,D,A,Y,R,120,93,CZ,CZ,7.07021
tcr_20_4,D,A,Y,Q,120,179,CZ,OE1,7.768822
tcr_20_4,D,A,Y,E,120,176,CZ,OE2,8.369559
tcr_20_4,D,A,Y,R,120,180,CZ,CZ,9.988623
tcr_20_4,D,A,Y,E,120,176,CZ,CD,9.218695
tcr_20_4,D,A,Y,E,120,176,CZ,OE1,9.129593
tcr_20_4,D,A,Y,R,120,180,CZ,NH2,8.877232
tcr_20_4,D,A,Y,Q,120,179,CZ,NE2,8.11658
tcr_20_4,D,A,Y,Q,120,179,CZ,CD,8.478115
tcr_20_4,D,A,Y,Q,120,179,CZ,CG,9.959572
tcr_20_4,D,A,Y,A,120,174,CZ,CB,9.518323
tcr_20_4,D,A,Y,R,120,93,OH,NH2,7.0011573
tcr_20_4,D,A,Y,R,120,93,OH,NH1,9.061597
tcr_20_4,D,A,Y,R,120,93,OH,NE,8.912545
tcr_20_4,D,A,Y,A,120,97,OH,CB,9.572895
tcr_20_4,D,A,Y,R,120,93,OH,CZ,8.282342
tcr_20_4,D,A,Y,K,120,104,OH,NZ,9.607934
tcr_20_4,D,A,Y,E,120,176,OH,CG,9.784185
tcr_20_4,D,A,Y,Q,120,179,OH,OE1,7.2516236
tcr_20_4,D,A,Y,E,120,176,OH,OE2,7.494515
tcr_20_4,D,A,Y,R,120,180,OH,CZ,9.727625
tcr_20_4,D,A,Y,E,120,176,OH,CD,8.4295435
tcr_20_4,D,A,Y,E,120,176,OH,OE1,8.497498
tcr_20_4,D,A,Y,R,120,180,OH,NH2,8.5883255
tcr_20_4,D,A,Y,Q,120,179,OH,NE2,7.353244
tcr_20_4,D,A,Y,Q,120,179,OH,CD,7.8503184
tcr_20_4,D,A,Y,Q,120,179,OH,CG,9.36236
tcr_20_4,D,A,Y,Q,120,179,OH,CB,9.99342
tcr_20_4,D,A,Y,W,120,171,OH,NE1,9.942381
tcr_20_4,D,A,Y,A,120,174,OH,CB,8.224911
tcr_20_4,D,A,Y,A,120,174,OH,CA,9.356762
tcr_20_4,D,A,Y,A,120,174,OH,O,9.055542
tcr_20_4,D,A,Y,A,120,174,OH,C,9.760582
tcr_20_4,D,A,N,Q,121,96,N,OE1,9.966082
tcr_20_4,D,A,N,R,121,93,N,CG,8.536565
tcr_20_4,D,A,N,R,121,93,N,CB,9.492154
tcr_20_4,D,A,N,Q,121,89,N,NE2,9.33404
tcr_20_4,D,A,N,R,121,93,N,CD,7.6812887
tcr_20_4,D,A,N,R,121,93,N,NH2,5.728927
tcr_20_4,D,A,N,R,121,93,N,NH1,6.411285
tcr_20_4,D,A,N,R,121,93,N,NE,6.791814
tcr_20_4,D,A,N,R,121,93,N,CZ,6.195701
tcr_20_4,D,A,N,R,121,93,CA,CG,9.790235
tcr_20_4,D,A,N,R,121,93,CA,CD,9.017124
tcr_20_4,D,A,N,R,121,93,CA,NH2,7.1636806
tcr_20_4,D,A,N,R,121,93,CA,NH1,7.8520837
tcr_20_4,D,A,N,R,121,93,CA,NE,8.173849
tcr_20_4,D,A,N,R,121,93,CA,CZ,7.635941
tcr_20_4,D,A,N,R,121,93,C,CD,9.6901655
tcr_20_4,D,A,N,R,121,93,C,NH2,8.104051
tcr_20_4,D,A,N,R,121,93,C,NH1,8.439135
tcr_20_4,D,A,N,R,121,93,C,NE,9.0018635
tcr_20_4,D,A,N,R,121,93,C,CZ,8.427813
tcr_20_4,D,A,N,R,121,93,O,NH2,9.253234
tcr_20_4,D,A,N,R,121,93,O,NH1,9.62847
tcr_20_4,D,A,N,R,121,93,O,CZ,9.62306
tcr_20_4,D,A,N,Q,121,96,CB,OE1,9.880092
tcr_20_4,D,A,N,R,121,93,CB,CG,9.720163
tcr_20_4,D,A,N,R,121,93,CB,CD,9.170444
tcr_20_4,D,A,N,R,121,93,CB,NH2,7.6407657
tcr_20_4,D,A,N,R,121,93,CB,NH1,8.45822
tcr_20_4,D,A,N,R,121,93,CB,NE,8.381
tcr_20_4,D,A,N,R,121,93,CB,CZ,8.067372
tcr_20_4,D,A,N,Q,121,96,CG,OE1,9.639719
tcr_20_4,D,A,N,R,121,93,CG,CG,9.784934
tcr_20_4,D,A,N,R,121,93,CG,CD,9.344474
tcr_20_4,D,A,N,R,121,93,CG,NH2,7.5484757
tcr_20_4,D,A,N,R,121,93,CG,NH1,8.7292185
tcr_20_4,D,A,N,R,121,93,CG,NE,8.407071
tcr_20_4,D,A,N,R,121,93,CG,CZ,8.143377
tcr_20_4,D,A,N,R,121,93,OD1,CD,9.67662
tcr_20_4,D,A,N,R,121,93,OD1,NH2,7.449283
tcr_20_4,D,A,N,R,121,93,OD1,NH1,8.813734
tcr_20_4,D,A,N,R,121,93,OD1,NE,8.600052
tcr_20_4,D,A,N,R,121,93,OD1,CZ,8.211217
tcr_20_4,D,A,N,Q,121,96,ND2,CD,9.964516
tcr_20_4,D,A,N,Q,121,96,ND2,OE1,8.8552685
tcr_20_4,D,A,N,R,121,93,ND2,CG,9.66398
tcr_20_4,D,A,N,R,121,93,ND2,CD,9.427823
tcr_20_4,D,A,N,R,121,93,ND2,NH2,7.956134
tcr_20_4,D,A,N,R,121,93,ND2,NH1,9.197336
tcr_20_4,D,A,N,R,121,93,ND2,NE,8.55588
tcr_20_4,D,A,N,R,121,93,ND2,CZ,8.487718
tcr_20_4,D,A,D,Q,122,89,N,NE2,9.056675
tcr_20_4,D,A,D,R,122,93,N,CD,9.090327
tcr_20_4,D,A,D,R,122,93,N,NH2,7.8359575
tcr_20_4,D,A,D,R,122,93,N,NH1,7.8308764
tcr_20_4,D,A,D,R,122,93,N,NE,8.553888
tcr_20_4,D,A,D,R,122,93,N,CZ,7.9794936
tcr_20_4,D,A,D,Q,122,89,CA,NE2,9.196292
tcr_20_4,D,A,D,R,122,93,CA,NH2,8.989127
tcr_20_4,D,A,D,R,122,93,CA,NH1,8.715695
tcr_20_4,D,A,D,R,122,93,CA,NE,9.605625
tcr_20_4,D,A,D,R,122,93,CA,CZ,9.021724
tcr_20_4,D,A,D,R,122,93,C,NH2,9.46538
tcr_20_4,D,A,D,R,122,93,C,NH1,9.178731
tcr_20_4,D,A,D,R,122,93,C,CZ,9.590437
tcr_20_4,D,A,D,Q,122,89,O,NE2,9.698484
tcr_20_4,D,A,D,R,122,93,O,NH2,9.175961
tcr_20_4,D,A,D,R,122,93,O,NH1,8.713442
tcr_20_4,D,A,D,R,122,93,O,CZ,9.263994
tcr_20_4,D,A,D,Q,122,89,CB,NE2,7.9382377
tcr_20_4,D,A,D,Q,122,89,CB,CD,9.01792
tcr_20_4,D,A,D,R,122,93,CB,CD,9.449989
tcr_20_4,D,A,D,Q,122,89,CB,OE1,9.314439
tcr_20_4,D,A,D,R,122,93,CB,NH2,8.960174
tcr_20_4,D,A,D,R,122,93,CB,NH1,8.342891
tcr_20_4,D,A,D,R,122,93,CB,NE,9.271156
tcr_20_4,D,A,D,R,122,93,CB,CZ,8.773443
tcr_20_4,D,A,D,Q,122,89,CG,NE2,8.478397
tcr_20_4,D,A,D,Q,122,89,CG,CD,9.596326
tcr_20_4,D,A,D,Q,122,89,CG,OE1,9.808406
tcr_20_4,D,A,D,R,122,93,CG,NH1,9.620943
tcr_20_4,D,A,D,Q,122,89,OD1,NE2,9.708615
tcr_20_4,D,A,D,Q,122,89,OD2,NE2,7.845088
tcr_20_4,D,A,D,Q,122,89,OD2,CD,8.95634
tcr_20_4,D,A,D,Q,122,89,OD2,OE1,9.094232
tcr_20_4,D,A,D,R,122,93,OD2,NH1,9.677563
tcr_20_4,D,A,R,Q,124,89,NH2,NE2,9.774291
tcr_20_4,E,A,M,K,46,170,CA,CE,9.932346
tcr_20_4,E,A,M,K,46,170,C,CD,9.368424
tcr_20_4,E,A,M,K,46,170,C,CE,8.546117
tcr_20_4,E,A,M,K,46,170,C,NZ,8.631555
tcr_20_4,E,A,M,K,46,170,C,CG,9.547026
tcr_20_4,E,A,M,K,46,104,O,NZ,9.621818
tcr_20_4,E,A,M,K,46,104,O,CE,9.962731
tcr_20_4,E,A,M,K,46,170,O,CD,8.359195
tcr_20_4,E,A,M,K,46,170,O,CE,7.6546707
tcr_20_4,E,A,M,K,46,170,O,NZ,7.8466744
tcr_20_4,E,A,M,K,46,170,O,CG,8.463839
tcr_20_4,E,A,M,K,46,170,O,CB,9.379863
tcr_20_4,E,A,M,K,46,170,O,CA,9.852605
tcr_20_4,E,A,N,K,47,104,N,NZ,9.765063
tcr_20_4,E,A,N,K,47,104,N,CE,9.822437
tcr_20_4,E,A,N,K,47,170,N,CD,9.482724
tcr_20_4,E,A,N,K,47,170,N,CE,8.51981
tcr_20_4,E,A,N,K,47,170,N,NZ,8.409557
tcr_20_4,E,A,N,K,47,170,N,CG,9.8487215
tcr_20_4,E,A,N,K,47,104,CA,CD,9.553161
tcr_20_4,E,A,N,K,47,104,CA,NZ,8.400842
tcr_20_4,E,A,N,K,47,104,CA,CE,8.387945
tcr_20_4,E,A,N,Y,47,108,CA,OH,9.67563
tcr_20_4,E,A,N,K,47,170,CA,CD,8.5421915
tcr_20_4,E,A,N,K,47,170,CA,CE,7.5166745
tcr_20_4,E,A,N,K,47,170,CA,NZ,7.225579
tcr_20_4,E,A,N,K,47,170,CA,CG,9.097114
tcr_20_4,E,A,N,V,47,100,C,CG1,9.728203
tcr_20_4,E,A,N,K,47,104,C,CD,8.918637
tcr_20_4,E,A,N,K,47,104,C,NZ,7.450321
tcr_20_4,E,A,N,K,47,104,C,CE,7.6398816
tcr_20_4,E,A,N,K,47,104,C,CG,9.547275
tcr_20_4,E,A,N,Y,47,108,C,OH,9.462248
tcr_20_4,E,A,N,K,47,170,C,CD,8.083808
tcr_20_4,E,A,N,K,47,170,C,CE,7.2524543
tcr_20_4,E,A,N,K,47,170,C,NZ,6.8574038
tcr_20_4,E,A,N,K,47,170,C,CG,8.715396
tcr_20_4,E,A,N,K,47,170,C,CB,9.638101
tcr_20_4,E,A,N,V,47,100,O,CG1,8.983969
tcr_20_4,E,A,N,K,47,104,O,CD,7.8945885
tcr_20_4,E,A,N,K,47,104,O,NZ,6.3544817
tcr_20_4,E,A,N,K,47,104,O,CB,9.918084
tcr_20_4,E,A,N,K,47,104,O,CE,6.6425996
tcr_20_4,E,A,N,K,47,104,O,CG,8.632507
tcr_20_4,E,A,N,Y,47,108,O,CZ,9.673795
tcr_20_4,E,A,N,Y,47,108,O,OH,8.428416
tcr_20_4,E,A,N,K,47,170,O,CD,6.976851
tcr_20_4,E,A,N,K,47,170,O,CE,6.212618
tcr_20_4,E,A,N,Y,47,108,O,CE1,9.966434
tcr_20_4,E,A,N,K,47,170,O,NZ,5.7629585
tcr_20_4,E,A,N,K,47,170,O,CG,7.692237
tcr_20_4,E,A,N,K,47,170,O,CB,8.575236
tcr_20_4,E,A,N,K,47,170,O,CA,9.532098
tcr_20_4,E,A,N,K,47,104,CB,CD,9.091048
tcr_20_4,E,A,N,K,47,104,CB,NZ,8.2055025
tcr_20_4,E,A,N,K,47,104,CB,CE,8.107964
tcr_20_4,E,A,N,K,47,104,CB,CG,9.481328
tcr_20_4,E,A,N,Y,47,108,CB,CZ,9.680463
tcr_20_4,E,A,N,Y,47,108,CB,OH,8.62884
tcr_20_4,E,A,N,K,47,170,CB,CD,7.608507
tcr_20_4,E,A,N,K,47,170,CB,CE,6.449865
tcr_20_4,E,A,N,I,47,166,CB,CG2,9.766742
tcr_20_4,E,A,N,Y,47,108,CB,CE1,9.59938
tcr_20_4,E,A,N,K,47,170,CB,NZ,6.2851954
tcr_20_4,E,A,N,K,47,170,CB,CG,8.123096
tcr_20_4,E,A,N,K,47,170,CB,CB,9.350538
tcr_20_4,E,A,N,Y,47,108,CG,CE2,9.862121
tcr_20_4,E,A,N,Y,47,108,CG,CD1,9.593783
tcr_20_4,E,A,N,V,47,100,CG,CG1,9.67
tcr_20_4,E,A,N,K,47,104,CG,CA,9.966762
tcr_20_4,E,A,N,K,47,104,CG,CD,7.9144487
tcr_20_4,E,A,N,K,47,104,CG,NZ,7.332658
tcr_20_4,E,A,N,K,47,104,CG,CB,9.282256
tcr_20_4,E,A,N,K,47,104,CG,CE,7.0192833
tcr_20_4,E,A,N,K,47,104,CG,CG,8.157831
tcr_20_4,E,A,N,Y,47,108,CG,CZ,8.525426
tcr_20_4,E,A,N,Y,47,108,CG,OH,7.5476103
tcr_20_4,E,A,N,K,47,170,CG,CD,7.231178
tcr_20_4,E,A,N,K,47,170,CG,CE,5.9305153
tcr_20_4,E,A,N,I,47,166,CG,CG2,9.035624
tcr_20_4,E,A,N,Y,47,108,CG,CE1,8.367629
tcr_20_4,E,A,N,K,47,170,CG,NZ,5.5106554
tcr_20_4,E,A,N,K,47,170,CG,CG,7.9736824
tcr_20_4,E,A,N,K,47,170,CG,CB,9.26374
tcr_20_4,E,A,N,Y,47,108,OD1,CE2,9.863776
tcr_20_4,E,A,N,Y,47,108,OD1,CD1,9.616803
tcr_20_4,E,A,N,V,47,100,OD1,CG1,8.697612
tcr_20_4,E,A,N,K,47,104,OD1,CA,9.392399
tcr_20_4,E,A,N,K,47,104,OD1,CD,7.3496995
tcr_20_4,E,A,N,K,47,104,OD1,NZ,6.7940106
tcr_20_4,E,A,N,K,47,104,OD1,CB,8.74862
tcr_20_4,E,A,N,K,47,104,OD1,CE,6.3604507
tcr_20_4,E,A,N,K,47,104,OD1,CG,7.51608
tcr_20_4,E,A,N,Y,47,108,OD1,CZ,8.554639
tcr_20_4,E,A,N,Y,47,108,OD1,OH,7.5963254
tcr_20_4,E,A,N,K,47,170,OD1,CD,7.683036
tcr_20_4,E,A,N,K,47,170,OD1,CE,6.4147635
tcr_20_4,E,A,N,I,47,166,OD1,CG2,9.575952
tcr_20_4,E,A,N,Y,47,108,OD1,CE1,8.410188
tcr_20_4,E,A,N,K,47,170,OD1,NZ,5.724069
tcr_20_4,E,A,N,K,47,170,OD1,CG,8.597036
tcr_20_4,E,A,N,K,47,170,OD1,CB,9.821752
tcr_20_4,E,A,N,Y,47,108,ND2,CE2,9.022564
tcr_20_4,E,A,N,Y,47,108,ND2,CD1,8.572646
tcr_20_4,E,A,N,Y,47,108,ND2,CG,9.825898
tcr_20_4,E,A,N,I,47,166,ND2,CD1,9.770687
tcr_20_4,E,A,N,I,47,166,ND2,CB,9.458344
tcr_20_4,E,A,N,K,47,104,ND2,CA,9.500181
tcr_20_4,E,A,N,K,47,104,ND2,CD,7.760128
tcr_20_4,E,A,N,K,47,104,ND2,NZ,7.4935107
tcr_20_4,E,A,N,K,47,104,ND2,CB,8.8756275
tcr_20_4,E,A,N,K,47,104,ND2,CE,7.0940666
tcr_20_4,E,A,N,K,47,104,ND2,CG,7.9172297
tcr_20_4,E,A,N,Y,47,108,ND2,CZ,7.65112
tcr_20_4,E,A,N,Y,47,108,ND2,OH,6.7690883
tcr_20_4,E,A,N,K,47,170,ND2,CD,6.7189856
tcr_20_4,E,A,N,K,47,170,ND2,CE,5.297884
tcr_20_4,E,A,N,I,47,166,ND2,CG2,7.934791
tcr_20_4,E,A,N,Y,47,108,ND2,CE1,7.3841405
tcr_20_4,E,A,N,I,47,166,ND2,O,9.61931
tcr_20_4,E,A,N,K,47,170,ND2,NZ,4.9970374
tcr_20_4,E,A,N,K,47,170,ND2,CG,7.4278827
tcr_20_4,E,A,N,K,47,170,ND2,CB,8.823354
tcr_20_4,E,A,N,K,47,170,ND2,CA,9.8032875
tcr_20_4,E,A,H,K,48,104,N,CD,9.766498
tcr_20_4,E,A,H,K,48,104,N,NZ,8.117967
tcr_20_4,E,A,H,K,48,104,N,CE,8.397421
tcr_20_4,E,A,H,K,48,170,N,CD,9.127943
tcr_20_4,E,A,H,K,48,170,N,CE,8.413365
tcr_20_4,E,A,H,K,48,170,N,NZ,8.003531
tcr_20_4,E,A,H,K,48,170,N,CG,9.725774
tcr_20_4,E,A,H,V,48,100,CA,CG1,9.662815
tcr_20_4,E,A,H,K,48,104,CA,CD,9.672355
tcr_20_4,E,A,H,K,48,104,CA,NZ,7.76921
tcr_20_4,E,A,H,K,48,104,CA,CE,8.2369
tcr_20_4,E,A,H,K,48,170,CA,CD,9.274045
tcr_20_4,E,A,H,K,48,170,CA,CE,8.7557
tcr_20_4,E,A,H,K,48,170,CA,NZ,8.276076
tcr_20_4,E,A,H,K,48,170,CA,CG,9.911862
tcr_20_4,E,A,H,V,48,100,C,CG2,9.5639305
tcr_20_4,E,A,H,V,48,100,C,CB,9.615231
tcr_20_4,E,A,H,V,48,100,C,CG1,8.454454
tcr_20_4,E,A,H,K,48,104,C,CD,9.014848
tcr_20_4,E,A,H,K,48,104,C,NZ,7.148882
tcr_20_4,E,A,H,K,48,104,C,CE,7.518362
tcr_20_4,E,A,H,K,48,104,C,CG,9.7500105
tcr_20_4,E,A,H,K,48,170,C,CD,9.668532
tcr_20_4,E,A,H,K,48,170,C,CE,9.121113
tcr_20_4,E,A,H,K,48,170,C,NZ,8.4039955
tcr_20_4,E,A,H,V,48,100,O,CG2,9.503141
tcr_20_4,E,A,H,V,48,100,O,CB,9.695988
tcr_20_4,E,A,H,V,48,100,O,CG1,8.536726
tcr_20_4,E,A,H,K,48,104,O,CD,9.462295
tcr_20_4,E,A,H,K,48,104,O,NZ,7.784167
tcr_20_4,E,A,H,K,48,104,O,CE,7.9627976
tcr_20_4,E,A,H,K,48,170,O,CE,9.955317
tcr_20_4,E,A,H,K,48,170,O,NZ,9.163993
tcr_20_4,E,A,H,K,48,104,CB,NZ,9.135329
tcr_20_4,E,A,H,K,48,104,CB,CE,9.678856
tcr_20_4,E,A,H,K,48,170,CB,NZ,9.681048
tcr_20_4,E,A,H,K,48,104,CG,NZ,9.872856
tcr_20_4,E,A,H,K,48,170,CG,NZ,9.928689
tcr_20_4,E,A,H,K,48,104,CD2,NZ,9.606769
tcr_20_4,E,A,H,K,48,170,CD2,CD,9.429027
tcr_20_4,E,A,H,K,48,170,CD2,CE,9.162423
tcr_20_4,E,A,H,K,48,170,CD2,NZ,9.164749
tcr_20_4,E,A,H,K,48,170,CD2,CG,9.6028805
tcr_20_4,E,A,H,A,48,174,CD2,CB,9.569828
tcr_20_4,E,A,H,K,48,170,NE2,CE,9.970545
tcr_20_4,E,A,H,A,48,174,NE2,CB,9.384393
tcr_20_4,E,A,H,A,48,174,NE2,CA,9.866255
tcr_20_4,E,A,E,V,49,100,N,CG2,8.621333
tcr_20_4,E,A,E,V,49,100,N,CB,8.624999
tcr_20_4,E,A,E,V,49,100,N,CG1,7.54111
tcr_20_4,E,A,E,K,49,104,N,CD,8.216025
tcr_20_4,E,A,E,K,49,104,N,NZ,6.189419
tcr_20_4,E,A,E,K,49,104,N,CE,6.710512
tcr_20_4,E,A,E,K,49,104,N,CG,9.0695505
tcr_20_4,E,A,E,K,49,170,N,CD,9.187279
tcr_20_4,E,A,E,K,49,170,N,CE,8.781796
tcr_20_4,E,A,E,K,49,170,N,NZ,7.976424
tcr_20_4,E,A,E,V,49,100,CA,N,9.871196
tcr_20_4,E,A,E,V,49,100,CA,CG2,7.2776675
tcr_20_4,E,A,E,V,49,100,CA,CA,8.846756
tcr_20_4,E,A,E,V,49,100,CA,CB,7.4157147
tcr_20_4,E,A,E,V,49,100,CA,CG1,6.421295
tcr_20_4,E,A,E,V,49,100,CA,C,9.304111
tcr_20_4,E,A,E,V,49,100,CA,O,9.466279
tcr_20_4,E,A,E,A,49,97,CA,O,9.61261
tcr_20_4,E,A,E,A,49,97,CA,CB,9.932033
tcr_20_4,E,A,E,A,49,97,CA,CA,9.721356
tcr_20_4,E,A,E,N,49,101,CA,OD1,9.440777
tcr_20_4,E,A,E,N,49,101,CA,N,9.838572
tcr_20_4,E,A,E,K,49,104,CA,CD,7.7797365
tcr_20_4,E,A,E,K,49,104,CA,NZ,5.852594
tcr_20_4,E,A,E,K,49,104,CA,CE,6.2654877
tcr_20_4,E,A,E,K,49,104,CA,CG,8.554448
tcr_20_4,E,A,E,K,49,170,CA,CD,9.787722
tcr_20_4,E,A,E,K,49,170,CA,CE,9.383175
tcr_20_4,E,A,E,K,49,170,CA,NZ,8.395267
tcr_20_4,E,A,E,V,49,100,C,CG2,7.4648633
tcr_20_4,E,A,E,V,49,100,C,CA,9.365032
tcr_20_4,E,A,E,V,49,100,C,CB,7.878272
tcr_20_4,E,A,E,V,49,100,C,CG1,7.105435
tcr_20_4,E,A,E,A,49,97,C,O,9.962272
tcr_20_4,E,A,E,A,49,97,C,CB,9.953752
tcr_20_4,E,A,E,A,49,97,C,CA,9.737591
tcr_20_4,E,A,E,K,49,104,C,CD,9.043661
tcr_20_4,E,A,E,K,49,104,C,NZ,7.1164184
tcr_20_4,E,A,E,K,49,104,C,CE,7.554289
tcr_20_4,E,A,E,K,49,104,C,CG,9.792798
tcr_20_4,E,A,E,K,49,170,C,NZ,9.895714
tcr_20_4,E,A,E,V,49,100,O,N,9.799877
tcr_20_4,E,A,E,Q,49,96,O,O,9.556071
tcr_20_4,E,A,E,V,49,100,O,CG2,6.921557
tcr_20_4,E,A,E,V,49,100,O,CA,9.002565
tcr_20_4,E,A,E,V,49,100,O,CB,7.544246
tcr_20_4,E,A,E,V,49,100,O,CG1,6.873114
tcr_20_4,E,A,E,V,49,100,O,C,9.814544
tcr_20_4,E,A,E,A,49,97,O,O,9.801155
tcr_20_4,E,A,E,A,49,97,O,CB,9.917319
tcr_20_4,E,A,E,A,49,97,O,CA,9.540835
tcr_20_4,E,A,E,K,49,104,O,CD,9.337107
tcr_20_4,E,A,E,K,49,104,O,NZ,7.612771
tcr_20_4,E,A,E,K,49,104,O,CE,7.883924
tcr_20_4,E,A,E,K,49,104,O,CG,9.944535
tcr_20_4,E,A,E,Q,49,96,CB,C,9.685217
tcr_20_4,E,A,E,V,49,100,CB,N,8.802963
tcr_20_4,E,A,E,Q,49,96,CB,O,9.151025
tcr_20_4,E,A,E,V,49,100,CB,CG2,6.4028883
tcr_20_4,E,A,E,V,49,100,CB,CA,7.8066683
tcr_20_4,E,A,E,V,49,100,CB,CB,6.35562
tcr_20_4,E,A,E,V,49,100,CB,CG1,5.4358454
tcr_20_4,E,A,E,V,49,100,CB,C,8.164991
tcr_20_4,E,A,E,V,49,100,CB,O,8.413784
tcr_20_4,E,A,E,N,49,101,CB,ND2,9.443921
tcr_20_4,E,A,E,A,49,97,CB,O,8.267942
tcr_20_4,E,A,E,A,49,97,CB,C,8.927333
tcr_20_4,E,A,E,A,49,97,CB,CB,8.570881
tcr_20_4,E,A,E,A,49,97,CB,N,9.395084
tcr_20_4,E,A,E,A,49,97,CB,CA,8.425396
tcr_20_4,E,A,E,N,49,101,CB,CA,9.265195
tcr_20_4,E,A,E,N,49,101,CB,CG,8.932071
tcr_20_4,E,A,E,N,49,101,CB,OD1,7.9660444
tcr_20_4,E,A,E,N,49,101,CB,N,8.569411
tcr_20_4,E,A,E,N,49,101,CB,CB,9.831126
tcr_20_4,E,A,E,K,49,104,CB,CD,6.7219567
tcr_20_4,E,A,E,K,49,104,CB,NZ,4.654081
tcr_20_4,E,A,E,K,49,104,CB,CB,9.045734
tcr_20_4,E,A,E,K,49,104,CB,CE,5.2569394
tcr_20_4,E,A,E,K,49,104,CB,CG,7.643827
tcr_20_4,E,A,E,Y,49,108,CB,OH,9.610351
tcr_20_4,E,A,E,K,49,170,CB,CD,9.057184
tcr_20_4,E,A,E,K,49,170,CB,CE,8.803484
tcr_20_4,E,A,E,K,49,170,CB,NZ,7.7442956
tcr_20_4,E,A,E,Y,49,108,CG,CE2,9.9888935
tcr_20_4,E,A,E,V,49,100,CG,N,8.585145
tcr_20_4,E,A,E,R,49,99,CG,C,9.826724
tcr_20_4,E,A,E,Q,49,96,CG,O,9.4722595
tcr_20_4,E,A,E,V,49,100,CG,CG2,6.5151496
tcr_20_4,E,A,E,V,49,100,CG,CA,7.437852
tcr_20_4,E,A,E,V,49,100,CG,CB,6.129013
tcr_20_4,E,A,E,V,49,100,CG,CG1,4.991974
tcr_20_4,E,A,E,V,49,100,CG,C,7.533628
tcr_20_4,E,A,E,V,49,100,CG,O,7.6177216
tcr_20_4,E,A,E,K,49,104,CG,N,9.16197
tcr_20_4,E,A,E,K,49,104,CG,CA,8.922733
tcr_20_4,E,A,E,N,49,101,CG,ND2,8.934867
tcr_20_4,E,A,E,A,49,97,CG,O,8.083755
tcr_20_4,E,A,E,A,49,97,CG,C,8.89527
tcr_20_4,E,A,E,A,49,97,CG,CB,8.788351
tcr_20_4,E,A,E,A,49,97,CG,N,9.757373
tcr_20_4,E,A,E,A,49,97,CG,CA,8.638594
tcr_20_4,E,A,E,N,49,101,CG,CA,8.452319
tcr_20_4,E,A,E,N,49,101,CG,CG,8.266654
tcr_20_4,E,A,E,N,49,101,CG,OD1,7.2052784
tcr_20_4,E,A,E,N,49,101,CG,N,7.934718
tcr_20_4,E,A,E,N,49,101,CG,CB,9.101754
tcr_20_4,E,A,E,K,49,104,CG,CD,5.389654
tcr_20_4,E,A,E,K,49,104,CG,NZ,3.3073256
tcr_20_4,E,A,E,N,49,101,CG,C,9.627896
tcr_20_4,E,A,E,N,49,101,CG,O,9.798844
tcr_20_4,E,A,E,K,49,104,CG,CB,7.755673
tcr_20_4,E,A,E,K,49,104,CG,CE,3.9060025
tcr_20_4,E,A,E,K,49,104,CG,CG,6.367884
tcr_20_4,E,A,E,Y,49,108,CG,CZ,9.24678
tcr_20_4,E,A,E,Y,49,108,CG,OH,8.081574
tcr_20_4,E,A,E,K,49,170,CG,CD,7.691468
tcr_20_4,E,A,E,K,49,170,CG,CE,7.3709326
tcr_20_4,E,A,E,Y,49,108,CG,CE1,9.88592
tcr_20_4,E,A,E,K,49,170,CG,NZ,6.24946
tcr_20_4,E,A,E,K,49,170,CG,CG,8.908743
tcr_20_4,E,A,E,W,49,171,CG,NE1,9.696783
tcr_20_4,E,A,E,K,49,170,CG,CB,9.339307
tcr_20_4,E,A,E,Y,49,108,CD,CE2,9.638348
tcr_20_4,E,A,E,V,49,100,CD,N,9.733655
tcr_20_4,E,A,E,V,49,100,CD,CG2,7.88231
tcr_20_4,E,A,E,V,49,100,CD,CA,8.5849495
tcr_20_4,E,A,E,V,49,100,CD,CB,7.346237
tcr_20_4,E,A,E,V,49,100,CD,CG1,6.2243834
tcr_20_4,E,A,E,V,49,100,CD,C,8.477472
tcr_20_4,E,A,E,V,49,100,CD,O,8.509312
tcr_20_4,E,A,E,K,49,104,CD,N,9.811048
tcr_20_4,E,A,E,K,49,104,CD,CA,9.367589
tcr_20_4,E,A,E,N,49,101,CD,ND2,9.261541
tcr_20_4,E,A,E,A,49,97,CD,O,8.932786
tcr_20_4,E,A,E,A,49,97,CD,C,9.7241535
tcr_20_4,E,A,E,A,49,97,CD,CB,9.423437
tcr_20_4,E,A,E,A,49,97,CD,CA,9.483767
tcr_20_4,E,A,E,N,49,101,CD,CA,9.03316
tcr_20_4,E,A,E,N,49,101,CD,CG,8.62242
tcr_20_4,E,A,E,N,49,101,CD,OD1,7.4719715
tcr_20_4,E,A,E,N,49,101,CD,N,8.732353
tcr_20_4,E,A,E,N,49,101,CD,CB,9.565746
tcr_20_4,E,A,E,K,49,104,CD,CD,5.6581125
tcr_20_4,E,A,E,K,49,104,CD,NZ,3.3858566
tcr_20_4,E,A,E,K,49,104,CD,CB,8.086005
tcr_20_4,E,A,E,K,49,104,CD,CE,4.298697
tcr_20_4,E,A,E,K,49,104,CD,CG,6.815629
tcr_20_4,E,A,E,Y,49,108,CD,CZ,8.881899
tcr_20_4,E,A,E,Y,49,108,CD,OH,7.609234
tcr_20_4,E,A,E,K,49,170,CD,CD,6.5097356
tcr_20_4,E,A,E,K,49,170,CD,CE,6.3159976
tcr_20_4,E,A,E,Y,49,108,CD,CE1,9.602541
tcr_20_4,E,A,E,K,49,170,CD,NZ,5.396364
tcr_20_4,E,A,E,K,49,170,CD,CG,7.6102667
tcr_20_4,E,A,E,W,49,171,CD,CE2,9.92823
tcr_20_4,E,A,E,W,49,171,CD,CD1,9.027625
tcr_20_4,E,A,E,W,49,171,CD,NE1,8.719821
tcr_20_4,E,A,E,K,49,170,CD,C,9.55583
tcr_20_4,E,A,E,K,49,170,CD,CB,7.9941974
tcr_20_4,E,A,E,K,49,170,CD,CA,9.227368
tcr_20_4,E,A,E,A,49,174,CD,CB,9.570838
tcr_20_4,E,A,E,K,49,170,CD,O,9.465979
tcr_20_4,E,A,E,K,49,104,OE1,C,9.635612
tcr_20_4,E,A,E,Y,49,108,OE1,CD2,9.79662
tcr_20_4,E,A,E,Y,49,108,OE1,CE2,8.457674
tcr_20_4,E,A,E,Y,49,108,OE1,CD1,9.795736
tcr_20_4,E,A,E,T,49,167,OE1,OG1,9.181686
tcr_20_4,E,A,E,I,49,166,OE1,C,9.881648
tcr_20_4,E,A,E,T,49,167,OE1,CB,9.677055
tcr_20_4,E,A,E,T,49,167,OE1,N,9.847472
tcr_20_4,E,A,E,V,49,100,OE1,N,9.77026
tcr_20_4,E,A,E,V,49,100,OE1,CG2,8.2298565
tcr_20_4,E,A,E,V,49,100,OE1,CA,8.562664
tcr_20_4,E,A,E,V,49,100,OE1,CB,7.480118
tcr_20_4,E,A,E,V,49,100,OE1,CG1,6.300642
tcr_20_4,E,A,E,V,49,100,OE1,C,8.238367
tcr_20_4,E,A,E,V,49,100,OE1,O,8.149741
tcr_20_4,E,A,E,K,49,104,OE1,N,9.163987
tcr_20_4,E,A,E,K,49,104,OE1,CA,8.574822
tcr_20_4,E,A,E,N,49,101,OE1,ND2,8.972804
tcr_20_4,E,A,E,A,49,97,OE1,O,8.963768
tcr_20_4,E,A,E,A,49,97,OE1,C,9.83525
tcr_20_4,E,A,E,A,49,97,OE1,CB,9.703071
tcr_20_4,E,A,E,A,49,97,OE1,CA,9.773422
tcr_20_4,E,A,E,N,49,101,OE1,CA,8.561862
tcr_20_4,E,A,E,N,49,101,OE1,CG,8.235065
tcr_20_4,E,A,E,N,49,101,OE1,OD1,7.0379624
tcr_20_4,E,A,E,N,49,101,OE1,N,8.445796
tcr_20_4,E,A,E,N,49,101,OE1,CB,9.118034
tcr_20_4,E,A,E,K,49,104,OE1,CD,4.86162
tcr_20_4,E,A,E,T,49,167,OE1,CG2,9.423275
tcr_20_4,E,A,E,K,49,104,OE1,NZ,2.7173738
tcr_20_4,E,A,E,N,49,101,OE1,C,9.667692
tcr_20_4,E,A,E,N,49,101,OE1,O,9.606198
tcr_20_4,E,A,E,K,49,104,OE1,CB,7.2478805
tcr_20_4,E,A,E,K,49,104,OE1,CE,3.657795
tcr_20_4,E,A,E,K,49,104,OE1,CG,6.0785227
tcr_20_4,E,A,E,T,49,167,OE1,CA,9.277971
tcr_20_4,E,A,E,Y,49,108,OE1,CZ,7.695578
tcr_20_4,E,A,E,Y,49,108,OE1,OH,6.4008584
tcr_20_4,E,A,E,K,49,170,OE1,CD,5.349389
tcr_20_4,E,A,E,K,49,170,OE1,CE,5.138457
tcr_20_4,E,A,E,I,49,166,OE1,CG2,9.268022
tcr_20_4,E,A,E,Y,49,108,OE1,CE1,8.452751
tcr_20_4,E,A,E,I,49,166,OE1,O,9.405146
tcr_20_4,E,A,E,K,49,170,OE1,NZ,4.1763864
tcr_20_4,E,A,E,K,49,170,OE1,CG,6.5378523
tcr_20_4,E,A,E,W,49,171,OE1,CE2,9.175467
tcr_20_4,E,A,E,W,49,171,OE1,CZ2,9.709314
tcr_20_4,E,A,E,W,49,171,OE1,N,9.360638
tcr_20_4,E,A,E,W,49,171,OE1,CD1,8.275683
tcr_20_4,E,A,E,W,49,171,OE1,CG,9.594153
tcr_20_4,E,A,E,W,49,171,OE1,NE1,7.9804487
tcr_20_4,E,A,E,T,49,167,OE1,O,9.508873
tcr_20_4,E,A,E,K,49,170,OE1,N,9.428591
tcr_20_4,E,A,E,K,49,170,OE1,C,8.745657
tcr_20_4,E,A,E,K,49,170,OE1,CB,6.9950275
tcr_20_4,E,A,E,K,49,170,OE1,CA,8.3053
tcr_20_4,E,A,E,A,49,174,OE1,CB,9.289627
tcr_20_4,E,A,E,K,49,170,OE1,O,8.785258
tcr_20_4,E,A,E,V,49,100,OE2,CG2,8.72536
tcr_20_4,E,A,E,V,49,100,OE2,CA,9.610738
tcr_20_4,E,A,E,V,49,100,OE2,CB,8.301329
tcr_20_4,E,A,E,V,49,100,OE2,CG1,7.274174
tcr_20_4,E,A,E,V,49,100,OE2,C,9.565021
tcr_20_4,E,A,E,V,49,100,OE2,O,9.670839
tcr_20_4,E,A,E,N,49,101,OE2,ND2,9.950234
tcr_20_4,E,A,E,A,49,97,OE2,O,9.701178
tcr_20_4,E,A,E,A,49,97,OE2,CB,9.80061
tcr_20_4,E,A,E,A,49,97,OE2,CA,9.996764
tcr_20_4,E,A,E,N,49,101,OE2,CG,9.43493
tcr_20_4,E,A,E,N,49,101,OE2,OD1,8.296479
tcr_20_4,E,A,E,N,49,101,OE2,N,9.757243
tcr_20_4,E,A,E,K,49,104,OE2,CD,6.8542557
tcr_20_4,E,A,E,K,49,104,OE2,NZ,4.51954
tcr_20_4,E,A,E,K,49,104,OE2,CB,9.293061
tcr_20_4,E,A,E,K,49,104,OE2,CE,5.530219
tcr_20_4,E,A,E,K,49,104,OE2,CG,8.051675
tcr_20_4,E,A,E,Y,49,108,OE2,CZ,9.879461
tcr_20_4,E,A,E,Y,49,108,OE2,OH,8.567096
tcr_20_4,E,A,E,K,49,170,OE2,CD,6.905526
tcr_20_4,E,A,E,K,49,170,OE2,CE,6.8494525
tcr_20_4,E,A,E,K,49,170,OE2,NZ,6.1471777
tcr_20_4,E,A,E,K,49,170,OE2,CG,7.8144116
tcr_20_4,E,A,E,E,49,176,OE2,OE2,9.905862
tcr_20_4,E,A,E,W,49,171,OE2,CD1,9.025004
tcr_20_4,E,A,E,W,49,171,OE2,NE1,8.840213
tcr_20_4,E,A,E,K,49,170,OE2,C,9.37014
tcr_20_4,E,A,E,K,49,170,OE2,CB,8.077502
tcr_20_4,E,A,E,K,49,170,OE2,CA,9.170275
tcr_20_4,E,A,E,A,49,174,OE2,CB,8.875895
tcr_20_4,E,A,E,K,49,170,OE2,O,9.121951
tcr_20_4,E,A,Y,V,50,100,N,CG2,8.495555
tcr_20_4,E,A,Y,V,50,100,N,CB,8.900269
tcr_20_4,E,A,Y,V,50,100,N,CG1,8.205134
tcr_20_4,E,A,Y,K,50,104,N,CD,9.958663
tcr_20_4,E,A,Y,K,50,104,N,NZ,7.8623595
tcr_20_4,E,A,Y,K,50,104,N,CE,8.477279
tcr_20_4,E,A,Y,V,50,100,CA,CG2,9.066067
tcr_20_4,E,A,Y,V,50,100,CA,CB,9.651531
tcr_20_4,E,A,Y,V,50,100,CA,CG1,9.127627
tcr_20_4,E,A,Y,K,50,104,CA,NZ,9.1434555
tcr_20_4,E,A,Y,K,50,104,CA,CE,9.767658
tcr_20_4,E,A,Y,V,50,100,CB,CG2,9.674971
tcr_20_4,E,A,Y,V,50,100,CB,CG1,9.792868
tcr_20_4,E,A,Y,R,50,93,CB,NH2,8.811981
tcr_20_4,E,A,Y,R,50,93,CB,NE,9.923985
tcr_20_4,E,A,Y,R,50,93,CB,CZ,9.7626915
tcr_20_4,E,A,Y,K,50,104,CB,NZ,9.525609
tcr_20_4,E,A,Y,Q,50,96,CG,OE1,9.517002
tcr_20_4,E,A,Y,Q,50,96,CG,O,9.984647
tcr_20_4,E,A,Y,V,50,100,CG,CG2,8.819319
tcr_20_4,E,A,Y,V,50,100,CG,CB,9.287607
tcr_20_4,E,A,Y,V,50,100,CG,CG1,9.042872
tcr_20_4,E,A,Y,R,50,93,CG,CD,9.903632
tcr_20_4,E,A,Y,R,50,93,CG,NH2,7.61157
tcr_20_4,E,A,Y,R,50,93,CG,NH1,9.592419
tcr_20_4,E,A,Y,R,50,93,CG,NE,8.664856
tcr_20_4,E,A,Y,A,50,97,CG,CB,8.811776
tcr_20_4,E,A,Y,R,50,93,CG,O,9.809913
tcr_20_4,E,A,Y,A,50,97,CG,N,9.573958
tcr_20_4,E,A,Y,A,50,97,CG,CA,9.067558
tcr_20_4,E,A,Y,R,50,93,CG,CZ,8.565406
tcr_20_4,E,A,Y,K,50,104,CG,NZ,8.864414
tcr_20_4,E,A,Y,K,50,104,CG,CE,9.757479
tcr_20_4,E,A,Y,Q,50,96,CD1,CD,9.528237
tcr_20_4,E,A,Y,Q,50,96,CD1,OE1,8.421718
tcr_20_4,E,A,Y,Q,50,96,CD1,CB,9.235351
tcr_20_4,E,A,Y,Q,50,96,CD1,C,9.4413595
tcr_20_4,E,A,Y,Q,50,96,CD1,O,9.547627
tcr_20_4,E,A,Y,V,50,100,CD1,CG2,8.905116
tcr_20_4,E,A,Y,V,50,100,CD1,CB,9.497337
tcr_20_4,E,A,Y,V,50,100,CD1,CG1,9.473669
tcr_20_4,E,A,Y,R,50,93,CD1,CA,9.563749
tcr_20_4,E,A,Y,R,50,93,CD1,C,9.648909
tcr_20_4,E,A,Y,R,50,93,CD1,CG,8.777695
tcr_20_4,E,A,Y,R,50,93,CD1,CB,9.047713
tcr_20_4,E,A,Y,R,50,93,CD1,CD,8.6308365
tcr_20_4,E,A,Y,A,50,97,CD1,C,9.978004
tcr_20_4,E,A,Y,R,50,93,CD1,NH2,6.533371
tcr_20_4,E,A,Y,R,50,93,CD1,NH1,8.413381
tcr_20_4,E,A,Y,R,50,93,CD1,NE,7.4416013
tcr_20_4,E,A,Y,A,50,97,CD1,CB,8.40714
tcr_20_4,E,A,Y,R,50,93,CD1,O,8.939991
tcr_20_4,E,A,Y,A,50,97,CD1,N,9.008837
tcr_20_4,E,A,Y,A,50,97,CD1,CA,8.687485
tcr_20_4,E,A,Y,R,50,93,CD1,CZ,7.390858
tcr_20_4,E,A,Y,K,50,104,CD1,NZ,9.706581
tcr_20_4,E,A,Y,Q,50,96,CD2,OE1,9.829907
tcr_20_4,E,A,Y,Q,50,96,CD2,C,9.601502
tcr_20_4,E,A,Y,Q,50,96,CD2,O,9.532854
tcr_20_4,E,A,Y,V,50,100,CD2,CG2,8.227285
tcr_20_4,E,A,Y,V,50,100,CD2,CB,8.486881
tcr_20_4,E,A,Y,V,50,100,CD2,CG1,8.1743145
tcr_20_4,E,A,Y,A,50,97,CD2,O,9.25208
tcr_20_4,E,A,Y,A,50,97,CD2,C,9.422171
tcr_20_4,E,A,Y,R,50,93,CD2,NH2,7.79267
tcr_20_4,E,A,Y,R,50,93,CD2,NH1,9.899269
tcr_20_4,E,A,Y,R,50,93,CD2,NE,8.881611
tcr_20_4,E,A,Y,A,50,97,CD2,CB,8.051329
tcr_20_4,E,A,Y,R,50,93,CD2,O,9.496814
tcr_20_4,E,A,Y,A,50,97,CD2,N,9.06548
tcr_20_4,E,A,Y,A,50,97,CD2,CA,8.372421
tcr_20_4,E,A,Y,R,50,93,CD2,CZ,8.80661
tcr_20_4,E,A,Y,N,50,101,CD2,OD1,9.472983
tcr_20_4,E,A,Y,K,50,104,CD2,CD,9.868027
tcr_20_4,E,A,Y,K,50,104,CD2,NZ,7.5998225
tcr_20_4,E,A,Y,K,50,104,CD2,CE,8.584557
tcr_20_4,E,A,Y,Q,50,96,CE1,NE2,9.656765
tcr_20_4,E,A,Y,Q,50,96,CE1,CG,9.220128
tcr_20_4,E,A,Y,Q,50,96,CE1,CD,8.704742
tcr_20_4,E,A,Y,Q,50,96,CE1,OE1,7.595005
tcr_20_4,E,A,Y,Q,50,96,CE1,CB,8.228122
tcr_20_4,E,A,Y,Q,50,96,CE1,CA,9.085975
tcr_20_4,E,A,Y,Q,50,96,CE1,N,9.868662
tcr_20_4,E,A,Y,Q,50,96,CE1,C,8.390481
tcr_20_4,E,A,Y,Q,50,96,CE1,O,8.617167
tcr_20_4,E,A,Y,V,50,100,CE1,CG2,8.431392
tcr_20_4,E,A,Y,V,50,100,CE1,CB,8.96012
tcr_20_4,E,A,Y,V,50,100,CE1,CG1,9.116266
tcr_20_4,E,A,Y,Q,50,94,CE1,N,9.323554
tcr_20_4,E,A,Y,Q,50,94,CE1,CA,9.768996
tcr_20_4,E,A,Y,R,50,93,CE1,N,9.683623
tcr_20_4,E,A,Y,R,50,93,CE1,CA,8.277643
tcr_20_4,E,A,Y,R,50,93,CE1,C,8.305009
tcr_20_4,E,A,Y,R,50,93,CE1,CG,7.608474
tcr_20_4,E,A,Y,R,50,93,CE1,CB,7.756205
tcr_20_4,E,A,Y,R,50,93,CE1,CD,7.514733
tcr_20_4,E,A,Y,D,50,98,CE1,N,9.998783
tcr_20_4,E,A,Y,A,50,97,CE1,O,9.08797
tcr_20_4,E,A,Y,A,50,97,CE1,C,8.901079
tcr_20_4,E,A,Y,R,50,93,CE1,NH2,5.5133305
tcr_20_4,E,A,Y,R,50,93,CE1,NH1,7.465131
tcr_20_4,E,A,Y,R,50,93,CE1,NE,6.3027596
tcr_20_4,E,A,Y,A,50,97,CE1,CB,7.1619897
tcr_20_4,E,A,Y,R,50,93,CE1,O,7.6154294
tcr_20_4,E,A,Y,A,50,97,CE1,N,7.8500805
tcr_20_4,E,A,Y,A,50,97,CE1,CA,7.551459
tcr_20_4,E,A,Y,R,50,93,CE1,CZ,6.3464704
tcr_20_4,E,A,Y,K,50,104,CE1,NZ,9.4492445
tcr_20_4,E,A,Y,Q,50,96,CE2,OE1,9.1315365
tcr_20_4,E,A,Y,Q,50,96,CE2,CB,9.090734
tcr_20_4,E,A,Y,Q,50,96,CE2,CA,9.600616
tcr_20_4,E,A,Y,Q,50,96,CE2,C,8.562758
tcr_20_4,E,A,Y,V,50,100,CE2,N,9.772342
tcr_20_4,E,A,Y,Q,50,96,CE2,O,8.5911875
tcr_20_4,E,A,Y,V,50,100,CE2,CG2,7.697037
tcr_20_4,E,A,Y,V,50,100,CE2,CA,9.338913
tcr_20_4,E,A,Y,V,50,100,CE2,CB,7.865171
tcr_20_4,E,A,Y,V,50,100,CE2,CG1,7.7401247
tcr_20_4,E,A,Y,V,50,100,CE2,C,9.814412
tcr_20_4,E,A,Y,Q,50,94,CE2,N,9.956917
tcr_20_4,E,A,Y,R,50,93,CE2,CA,9.4627075
tcr_20_4,E,A,Y,R,50,93,CE2,C,9.107944
tcr_20_4,E,A,Y,R,50,93,CE2,CG,9.267826
tcr_20_4,E,A,Y,R,50,93,CE2,CB,9.064567
tcr_20_4,E,A,Y,R,50,93,CE2,CD,9.248287
tcr_20_4,E,A,Y,N,50,101,CE2,ND2,9.065574
tcr_20_4,E,A,Y,Q,50,94,CE2,NE2,9.857452
tcr_20_4,E,A,Y,D,50,98,CE2,N,9.476433
tcr_20_4,E,A,Y,A,50,97,CE2,O,8.181784
tcr_20_4,E,A,Y,Q,50,94,CE2,OE1,9.988429
tcr_20_4,E,A,Y,A,50,97,CE2,C,8.263096
tcr_20_4,E,A,Y,R,50,93,CE2,NH2,6.9734616
tcr_20_4,E,A,Y,R,50,93,CE2,NH1,9.120678
tcr_20_4,E,A,Y,R,50,93,CE2,NE,7.9625874
tcr_20_4,E,A,Y,A,50,97,CE2,CB,6.734734
tcr_20_4,E,A,Y,R,50,93,CE2,O,8.261522
tcr_20_4,E,A,Y,A,50,97,CE2,N,7.908404
tcr_20_4,E,A,Y,A,50,97,CE2,CA,7.1784205
tcr_20_4,E,A,Y,R,50,93,CE2,CZ,7.9632382
tcr_20_4,E,A,Y,N,50,101,CE2,CG,9.165934
tcr_20_4,E,A,Y,N,50,101,CE2,OD1,8.470288
tcr_20_4,E,A,Y,N,50,101,CE2,N,9.741124
tcr_20_4,E,A,Y,K,50,104,CE2,CD,9.455364
tcr_20_4,E,A,Y,K,50,104,CE2,NZ,7.251975
tcr_20_4,E,A,Y,K,50,104,CE2,CE,8.307808
tcr_20_4,E,A,Y,E,50,176,CE2,OE2,9.897091
tcr_20_4,E,A,Y,R,50,180,CE2,NH2,9.848174
tcr_20_4,E,A,Y,Q,50,96,CZ,CG,9.317798
tcr_20_4,E,A,Y,Q,50,96,CZ,CD,9.028781
tcr_20_4,E,A,Y,Q,50,96,CZ,OE1,7.9973693
tcr_20_4,E,A,Y,Q,50,96,CZ,CB,8.150485
tcr_20_4,E,A,Y,Q,50,96,CZ,CA,8.792907
tcr_20_4,E,A,Y,Q,50,96,CZ,N,9.528705
tcr_20_4,E,A,Y,Q,50,96,CZ,C,7.9085703
tcr_20_4,E,A,Y,V,50,100,CZ,N,9.786671
tcr_20_4,E,A,Y,Q,50,96,CZ,O,8.101537
tcr_20_4,E,A,Y,V,50,100,CZ,CG2,7.816555
tcr_20_4,E,A,Y,V,50,100,CZ,CA,9.558667
tcr_20_4,E,A,Y,V,50,100,CZ,CB,8.133504
tcr_20_4,E,A,Y,V,50,100,CZ,CG1,8.259414
tcr_20_4,E,A,Y,Q,50,94,CZ,C,9.70142
tcr_20_4,E,A,Y,Q,50,94,CZ,N,8.906376
tcr_20_4,E,A,Y,Q,50,94,CZ,CA,9.156816
tcr_20_4,E,A,Y,R,50,93,CZ,N,9.678773
tcr_20_4,E,A,Y,R,50,93,CZ,CA,8.222388
tcr_20_4,E,A,Y,R,50,93,CZ,C,7.9969654
tcr_20_4,E,A,Y,R,50,93,CZ,CG,7.8961215
tcr_20_4,E,A,Y,R,50,93,CZ,CB,7.7687387
tcr_20_4,E,A,Y,R,50,93,CZ,CD,7.8753467
tcr_20_4,E,A,Y,N,50,101,CZ,ND2,9.143041
tcr_20_4,E,A,Y,Q,50,94,CZ,CD,9.715718
tcr_20_4,E,A,Y,Q,50,94,CZ,NE2,9.400894
tcr_20_4,E,A,Y,D,50,98,CZ,N,9.110128
tcr_20_4,E,A,Y,A,50,97,CZ,O,8.098499
tcr_20_4,E,A,Y,Q,50,94,CZ,OE1,9.397568
tcr_20_4,E,A,Y,Q,50,94,CZ,O,9.468003
tcr_20_4,E,A,Y,A,50,97,CZ,C,7.97751
tcr_20_4,E,A,Y,R,50,93,CZ,NH2,5.777501
tcr_20_4,E,A,Y,R,50,93,CZ,NH1,7.870438
tcr_20_4,E,A,Y,R,50,93,CZ,NE,6.6151915
tcr_20_4,E,A,Y,A,50,97,CZ,CB,6.218932
tcr_20_4,E,A,Y,R,50,93,CZ,O,7.2255583
tcr_20_4,E,A,Y,A,50,97,CZ,N,7.2364926
tcr_20_4,E,A,Y,A,50,97,CZ,CA,6.715636
tcr_20_4,E,A,Y,R,50,93,CZ,CZ,6.6849184
tcr_20_4,E,A,Y,N,50,101,CZ,CG,9.4060135
tcr_20_4,E,A,Y,N,50,101,CZ,OD1,8.870927
tcr_20_4,E,A,Y,K,50,104,CZ,NZ,8.275866
tcr_20_4,E,A,Y,K,50,104,CZ,CE,9.282565
tcr_20_4,E,A,Y,R,50,180,CZ,NH2,9.808315
tcr_20_4,E,A,Y,Q,50,96,OH,NE2,9.691902
tcr_20_4,E,A,Y,A,50,95,OH,O,9.821085
tcr_20_4,E,A,Y,Q,50,96,OH,CG,8.679613
tcr_20_4,E,A,Y,Q,50,96,OH,CD,8.536141
tcr_20_4,E,A,Y,Q,50,96,OH,OE1,7.5502
tcr_20_4,E,A,Y,Q,50,96,OH,CB,7.4311204
tcr_20_4,E,A,Y,Q,50,96,OH,CA,7.9713254
tcr_20_4,E,A,Y,Q,50,96,OH,N,8.5580845
tcr_20_4,E,A,Y,A,50,95,OH,C,9.434466
tcr_20_4,E,A,Y,Q,50,96,OH,C,7.083213
tcr_20_4,E,A,Y,V,50,100,OH,N,9.291884
tcr_20_4,E,A,Y,Q,50,96,OH,O,7.4195776
tcr_20_4,E,A,Y,R,50,99,OH,N,9.985596
tcr_20_4,E,A,Y,V,50,100,OH,CG2,7.6764655
tcr_20_4,E,A,Y,V,50,100,OH,CA,9.210728
tcr_20_4,E,A,Y,V,50,100,OH,CB,7.8925886
tcr_20_4,E,A,Y,V,50,100,OH,CG1,8.216724
tcr_20_4,E,A,Y,V,50,100,OH,C,9.73549
tcr_20_4,E,A,Y,A,50,95,OH,N,9.355954
tcr_20_4,E,A,Y,Q,50,94,OH,C,8.44884
tcr_20_4,E,A,Y,Q,50,94,OH,N,7.638803
tcr_20_4,E,A,Y,Q,50,94,OH,CA,7.8422475
tcr_20_4,E,A,Y,Q,50,94,OH,CG,9.35838
tcr_20_4,E,A,Y,Q,50,94,OH,CB,8.9433775
tcr_20_4,E,A,Y,K,50,90,OH,O,9.548744
tcr_20_4,E,A,Y,K,50,92,OH,O,9.147401
tcr_20_4,E,A,Y,R,50,93,OH,N,8.6202135
tcr_20_4,E,A,Y,K,50,92,OH,C,9.430226
tcr_20_4,E,A,Y,R,50,93,OH,CA,7.1509542
tcr_20_4,E,A,Y,R,50,93,OH,C,6.804868
tcr_20_4,E,A,Y,R,50,93,OH,CG,7.0395913
tcr_20_4,E,A,Y,R,50,93,OH,CB,6.7130947
tcr_20_4,E,A,Y,R,50,93,OH,CD,7.092993
tcr_20_4,E,A,Y,N,50,101,OH,ND2,8.186366
tcr_20_4,E,A,Y,D,50,98,OH,CA,9.418672
tcr_20_4,E,A,Y,D,50,98,OH,OD1,9.638201
tcr_20_4,E,A,Y,Q,50,94,OH,CD,8.369018
tcr_20_4,E,A,Y,Q,50,94,OH,NE2,8.102121
tcr_20_4,E,A,Y,D,50,98,OH,N,8.094946
tcr_20_4,E,A,Y,A,50,97,OH,O,7.3072796
tcr_20_4,E,A,Y,Q,50,94,OH,OE1,8.048382
tcr_20_4,E,A,Y,Q,50,94,OH,O,8.245496
tcr_20_4,E,A,Y,A,50,97,OH,C,7.045851
tcr_20_4,E,A,Y,R,50,93,OH,NH2,5.2112145
tcr_20_4,E,A,Y,R,50,93,OH,NH1,7.2838964
tcr_20_4,E,A,Y,R,50,93,OH,NE,5.85836
tcr_20_4,E,A,Y,A,50,97,OH,CB,5.056858
tcr_20_4,E,A,Y,R,50,93,OH,O,6.05792
tcr_20_4,E,A,Y,A,50,97,OH,N,6.2598853
tcr_20_4,E,A,Y,A,50,97,OH,CA,5.7393727
tcr_20_4,E,A,Y,R,50,93,OH,CZ,6.040715
tcr_20_4,E,A,Y,N,50,101,OH,CG,8.599334
tcr_20_4,E,A,Y,N,50,101,OH,OD1,8.189806
tcr_20_4,E,A,Y,N,50,101,OH,N,9.438739
tcr_20_4,E,A,Y,N,50,101,OH,CB,9.866005
tcr_20_4,E,A,Y,K,50,104,OH,NZ,8.326617
tcr_20_4,E,A,Y,K,50,104,OH,CE,9.356963
tcr_20_4,E,A,Y,E,50,176,OH,OE2,9.956124
tcr_20_4,E,A,Y,E,50,176,OH,OE1,9.878114
tcr_20_4,E,A,Y,R,50,180,OH,NH2,8.887654
tcr_20_4,E,A,Y,Q,67,96,CA,OE1,9.865017
tcr_20_4,E,A,Y,Q,67,96,C,NE2,9.580999
tcr_20_4,E,A,Y,Q,67,96,C,CD,9.63545
tcr_20_4,E,A,Y,Q,67,96,C,OE1,8.905266
tcr_20_4,E,A,Y,Q,67,96,O,NE2,8.895855
tcr_20_4,E,A,Y,Q,67,96,O,CD,9.087463
tcr_20_4,E,A,Y,Q,67,96,O,OE1,8.477119
tcr_20_4,E,A,Y,Q,67,96,CB,OE1,9.482348
tcr_20_4,E,A,Y,Q,67,96,CG,NE2,9.216171
tcr_20_4,E,A,Y,Q,67,96,CG,CD,9.223301
tcr_20_4,E,A,Y,Q,67,96,CG,OE1,8.292434
tcr_20_4,E,A,Y,R,67,93,CG,CG,9.956875
tcr_20_4,E,A,Y,R,67,93,CG,CD,9.93193
tcr_20_4,E,A,Y,R,67,93,CG,NH2,9.680628
tcr_20_4,E,A,Y,R,67,93,CG,NE,9.554384
tcr_20_4,E,A,Y,R,67,93,CG,CZ,9.760109
tcr_20_4,E,A,Y,Q,67,96,CD1,NE2,9.326038
tcr_20_4,E,A,Y,Q,67,96,CD1,CD,9.481638
tcr_20_4,E,A,Y,Q,67,96,CD1,OE1,8.604986
tcr_20_4,E,A,Y,R,67,93,CD1,NE,9.818094
tcr_20_4,E,A,Y,Q,67,96,CD2,NE2,8.173645
tcr_20_4,E,A,Y,Q,67,96,CD2,CG,9.345956
tcr_20_4,E,A,Y,Q,67,96,CD2,CD,8.050309
tcr_20_4,E,A,Y,Q,67,96,CD2,OE1,7.0635853
tcr_20_4,E,A,Y,Q,67,96,CD2,CB,9.309009
tcr_20_4,E,A,Y,R,67,93,CD2,CG,8.784981
tcr_20_4,E,A,Y,R,67,93,CD2,CB,9.794059
tcr_20_4,E,A,Y,R,67,93,CD2,CD,8.844948
tcr_20_4,E,A,Y,R,67,93,CD2,NH2,8.641467
tcr_20_4,E,A,Y,R,67,93,CD2,NH1,9.37108
tcr_20_4,E,A,Y,R,67,93,CD2,NE,8.430121
tcr_20_4,E,A,Y,R,67,93,CD2,CZ,8.726152
tcr_20_4,E,A,Y,Q,67,96,CE1,NE2,8.438397
tcr_20_4,E,A,Y,Q,67,96,CE1,CD,8.647297
tcr_20_4,E,A,Y,Q,67,96,CE1,OE1,7.7927938
tcr_20_4,E,A,Y,R,67,93,CE1,CG,9.08588
tcr_20_4,E,A,Y,Q,67,89,CE1,NE2,8.8637905
tcr_20_4,E,A,Y,R,67,93,CE1,CD,9.065638
tcr_20_4,E,A,Y,R,67,93,CE1,NH2,9.572018
tcr_20_4,E,A,Y,R,67,93,CE1,NH1,9.665059
tcr_20_4,E,A,Y,R,67,93,CE1,NE,9.030158
tcr_20_4,E,A,Y,R,67,93,CE1,CZ,9.334762
tcr_20_4,E,A,Y,Q,67,96,CE2,NE2,7.134334
tcr_20_4,E,A,Y,Q,67,96,CE2,CG,8.398141
tcr_20_4,E,A,Y,Q,67,96,CE2,CD,7.037102
tcr_20_4,E,A,Y,Q,67,96,CE2,OE1,6.0354695
tcr_20_4,E,A,Y,Q,67,96,CE2,CB,8.464713
tcr_20_4,E,A,Y,Q,67,96,CE2,CA,9.932195
tcr_20_4,E,A,Y,R,67,93,CE2,N,9.793126
tcr_20_4,E,A,Y,R,67,93,CE2,CA,8.981919
tcr_20_4,E,A,Y,R,67,93,CE2,C,9.877069
tcr_20_4,E,A,Y,R,67,93,CE2,CG,7.6096497
tcr_20_4,E,A,Y,Q,67,89,CE2,CG,9.925249
tcr_20_4,E,A,Y,R,67,93,CE2,CB,8.700346
tcr_20_4,E,A,Y,Q,67,89,CE2,NE2,8.991016
tcr_20_4,E,A,Y,Q,67,89,CE2,CD,9.9293165
tcr_20_4,E,A,Y,R,67,93,CE2,CD,7.733761
tcr_20_4,E,A,Y,R,67,93,CE2,NH2,8.003456
tcr_20_4,E,A,Y,R,67,93,CE2,NH1,8.518253
tcr_20_4,E,A,Y,R,67,93,CE2,NE,7.4876566
tcr_20_4,E,A,Y,R,67,93,CE2,O,9.536962
tcr_20_4,E,A,Y,R,67,93,CE2,CZ,7.9059
tcr_20_4,E,A,Y,Q,67,96,CZ,NE2,7.2890954
tcr_20_4,E,A,Y,Q,67,96,CZ,CG,8.8406105
tcr_20_4,E,A,Y,Q,67,96,CZ,CD,7.384522
tcr_20_4,E,A,Y,Q,67,96,CZ,OE1,6.469889
tcr_20_4,E,A,Y,Q,67,96,CZ,CB,9.104781
tcr_20_4,E,A,Y,R,67,93,CZ,N,9.975733
tcr_20_4,E,A,Y,R,67,93,CZ,CA,9.338164
tcr_20_4,E,A,Y,R,67,93,CZ,CG,7.7837305
tcr_20_4,E,A,Y,Q,67,89,CZ,CG,9.386797
tcr_20_4,E,A,Y,R,67,93,CZ,CB,9.030598
tcr_20_4,E,A,Y,Q,67,89,CZ,NE2,8.22665
tcr_20_4,E,A,Y,Q,67,89,CZ,CD,9.2701645
tcr_20_4,E,A,Y,R,67,93,CZ,CD,7.8591847
tcr_20_4,E,A,Y,R,67,93,CZ,NH2,8.513554
tcr_20_4,E,A,Y,R,67,93,CZ,NH1,8.678371
tcr_20_4,E,A,Y,R,67,93,CZ,NE,7.8277216
tcr_20_4,E,A,Y,R,67,93,CZ,CZ,8.2436695
tcr_20_4,E,A,Y,Q,67,89,OH,CB,9.643099
tcr_20_4,E,A,Y,Q,67,96,OH,NE2,6.5865
tcr_20_4,E,A,Y,Q,67,96,OH,CG,8.217017
tcr_20_4,E,A,Y,Q,67,96,OH,CD,6.7365355
tcr_20_4,E,A,Y,Q,67,96,OH,OE1,5.8711433
tcr_20_4,E,A,Y,Q,67,96,OH,CB,8.603479
tcr_20_4,E,A,Y,K,67,92,OH,CB,9.556721
tcr_20_4,E,A,Y,K,67,92,OH,O,9.443393
tcr_20_4,E,A,Y,Q,67,89,OH,O,9.253428
tcr_20_4,E,A,Y,R,67,93,OH,N,8.989001
tcr_20_4,E,A,Y,K,67,92,OH,C,9.435289
tcr_20_4,E,A,Y,R,67,93,OH,CA,8.498504
tcr_20_4,E,A,Y,R,67,93,OH,C,9.672812
tcr_20_4,E,A,Y,R,67,93,OH,CG,6.8888445
tcr_20_4,E,A,Y,Q,67,89,OH,CG,8.148956
tcr_20_4,E,A,Y,R,67,93,OH,CB,8.215171
tcr_20_4,E,A,Y,Q,67,89,OH,NE2,7.0613956
tcr_20_4,E,A,Y,Q,67,89,OH,CD,8.087675
tcr_20_4,E,A,Y,R,67,93,OH,CD,7.0314264
tcr_20_4,E,A,Y,Q,67,89,OH,OE1,9.131255
tcr_20_4,E,A,Y,R,67,93,OH,NH2,8.230835
tcr_20_4,E,A,Y,R,67,93,OH,NH1,8.126487
tcr_20_4,E,A,Y,R,67,93,OH,NE,7.230614
tcr_20_4,E,A,Y,R,67,93,OH,O,9.603051
tcr_20_4,E,A,Y,R,67,93,OH,CZ,7.7637334
tcr_20_4,E,A,S,Q,68,96,N,NE2,9.720913
tcr_20_4,E,A,S,Q,68,96,N,CD,9.612775
tcr_20_4,E,A,S,Q,68,96,N,OE1,8.841632
tcr_20_4,E,A,S,Q,68,96,CA,NE2,9.056044
tcr_20_4,E,A,S,Q,68,96,CA,CG,9.79506
tcr_20_4,E,A,S,Q,68,96,CA,CD,8.878658
tcr_20_4,E,A,S,Q,68,96,CA,OE1,8.187087
tcr_20_4,E,A,S,Q,68,96,CA,CB,9.570038
tcr_20_4,E,A,S,V,68,100,CA,CG2,8.855317
tcr_20_4,E,A,S,Q,68,96,C,NE2,8.982456
tcr_20_4,E,A,S,Q,68,96,C,CG,9.389403
tcr_20_4,E,A,S,Q,68,96,C,CD,8.587457
tcr_20_4,E,A,S,Q,68,96,C,OE1,7.795032
tcr_20_4,E,A,S,Q,68,96,C,CB,8.944154
tcr_20_4,E,A,S,Q,68,96,C,CA,9.9599695
tcr_20_4,E,A,S,Q,68,96,C,C,9.540754
tcr_20_4,E,A,S,Q,68,96,C,O,9.259279
tcr_20_4,E,A,S,V,68,100,C,CG2,7.9657784
tcr_20_4,E,A,S,V,68,100,C,CB,9.135423
tcr_20_4,E,A,S,V,68,100,C,CG1,9.110978
tcr_20_4,E,A,S,A,68,97,C,N,9.777863
tcr_20_4,E,A,S,A,68,97,C,CA,9.806763
tcr_20_4,E,A,S,Q,68,96,O,CD,9.541046
tcr_20_4,E,A,S,Q,68,96,O,OE1,8.674355
tcr_20_4,E,A,S,Q,68,96,O,CB,9.756414
tcr_20_4,E,A,S,Q,68,96,O,O,9.93265
tcr_20_4,E,A,S,V,68,100,O,CG2,8.439909
tcr_20_4,E,A,S,V,68,100,O,CB,9.469821
tcr_20_4,E,A,S,V,68,100,O,CG1,9.294546
tcr_20_4,E,A,S,Q,68,96,CB,CD,9.914531
tcr_20_4,E,A,S,Q,68,96,CB,OE1,9.332988
tcr_20_4,E,A,S,V,68,100,CB,CG2,8.916972
tcr_20_4,E,A,S,Q,68,96,OG,NE2,9.774218
tcr_20_4,E,A,S,Q,68,96,OG,CD,9.561571
tcr_20_4,E,A,S,Q,68,96,OG,OE1,9.081109
tcr_20_4,E,A,S,Q,68,96,OG,CB,9.878333
tcr_20_4,E,A,S,R,68,99,OG,NH1,9.681869
tcr_20_4,E,A,S,R,68,103,OG,NH1,9.21532
tcr_20_4,E,A,S,Q,68,96,OG,O,9.694776
tcr_20_4,E,A,S,V,68,100,OG,CG2,7.7163777
tcr_20_4,E,A,S,V,68,100,OG,CB,8.994933
tcr_20_4,E,A,S,V,68,100,OG,CG1,8.831628
tcr_20_4,E,A,V,Q,69,96,N,NE2,7.9506326
tcr_20_4,E,A,V,Q,69,96,N,CG,8.166275
tcr_20_4,E,A,V,Q,69,96,N,CD,7.461334
tcr_20_4,E,A,V,Q,69,96,N,OE1,6.6996036
tcr_20_4,E,A,V,Q,69,96,N,CB,7.661235
tcr_20_4,E,A,V,Q,69,96,N,CA,8.642188
tcr_20_4,E,A,V,Q,69,96,N,N,9.92518
tcr_20_4,E,A,V,R,69,99,N,NH1,9.741253
tcr_20_4,E,A,V,R,69,99,N,CD,9.982941
tcr_20_4,E,A,V,Q,69,96,N,C,8.216016
tcr_20_4,E,A,V,V,69,100,N,N,9.568407
tcr_20_4,E,A,V,Q,69,96,N,O,7.94058
tcr_20_4,E,A,V,V,69,100,N,CG2,6.867528
tcr_20_4,E,A,V,V,69,100,N,CA,9.388949
tcr_20_4,E,A,V,V,69,100,N,CB,8.078539
tcr_20_4,E,A,V,V,69,100,N,CG1,8.212935
tcr_20_4,E,A,V,R,69,93,N,CG,9.794018
tcr_20_4,E,A,V,A,69,97,N,O,9.610083
tcr_20_4,E,A,V,A,69,97,N,C,9.646565
tcr_20_4,E,A,V,R,69,93,N,NH2,9.766184
tcr_20_4,E,A,V,R,69,93,N,NE,9.624
tcr_20_4,E,A,V,A,69,97,N,CB,9.092633
tcr_20_4,E,A,V,R,69,93,N,O,9.274195
tcr_20_4,E,A,V,A,69,97,N,N,8.482848
tcr_20_4,E,A,V,A,69,97,N,CA,8.557051
tcr_20_4,E,A,V,Q,69,96,CA,NE2,8.11284
tcr_20_4,E,A,V,Q,69,96,CA,CG,7.916939
tcr_20_4,E,A,V,Q,69,96,CA,CD,7.40058
tcr_20_4,E,A,V,Q,69,96,CA,OE1,6.5841436
tcr_20_4,E,A,V,Q,69,96,CA,CB,7.1565785
tcr_20_4,E,A,V,Q,69,96,CA,CA,8.011967
tcr_20_4,E,A,V,Q,69,96,CA,N,9.248042
tcr_20_4,E,A,V,R,69,99,CA,NH1,9.971751
tcr_20_4,E,A,V,R,69,99,CA,CD,9.791342
tcr_20_4,E,A,V,R,69,99,CA,CB,9.665068
tcr_20_4,E,A,V,Q,69,96,CA,C,7.3873096
tcr_20_4,E,A,V,V,69,100,CA,N,8.713687
tcr_20_4,E,A,V,R,69,99,CA,C,9.777695
tcr_20_4,E,A,V,Q,69,96,CA,O,7.1378436
tcr_20_4,E,A,V,V,69,100,CA,CG2,6.0440154
tcr_20_4,E,A,V,V,69,100,CA,CA,8.490474
tcr_20_4,E,A,V,V,69,100,CA,CB,7.0984454
tcr_20_4,E,A,V,V,69,100,CA,CG1,7.2349772
tcr_20_4,E,A,V,V,69,100,CA,C,9.609224
tcr_20_4,E,A,V,R,69,93,CA,CA,9.316161
tcr_20_4,E,A,V,R,69,93,CA,C,9.309181
tcr_20_4,E,A,V,R,69,93,CA,CG,9.231379
tcr_20_4,E,A,V,R,69,93,CA,CB,9.418755
tcr_20_4,E,A,V,R,69,93,CA,CD,9.705927
tcr_20_4,E,A,V,D,69,98,CA,N,9.649527
tcr_20_4,E,A,V,A,69,97,CA,O,8.445644
tcr_20_4,E,A,V,A,69,97,CA,C,8.501716
tcr_20_4,E,A,V,R,69,93,CA,NH2,8.946395
tcr_20_4,E,A,V,R,69,93,CA,NE,8.922405
tcr_20_4,E,A,V,A,69,97,CA,CB,7.8324614
tcr_20_4,E,A,V,R,69,93,CA,O,8.347569
tcr_20_4,E,A,V,A,69,97,CA,N,7.486774
tcr_20_4,E,A,V,A,69,97,CA,CA,7.39524
tcr_20_4,E,A,V,R,69,93,CA,CZ,9.418598
tcr_20_4,E,A,V,N,69,101,CA,N,9.99031
tcr_20_4,E,A,V,K,69,104,CA,NZ,9.124483
tcr_20_4,E,A,V,K,69,104,CA,CE,9.500711
tcr_20_4,E,A,V,Q,69,96,C,NE2,8.738514
tcr_20_4,E,A,V,Q,69,96,C,CG,8.231608
tcr_20_4,E,A,V,Q,69,96,C,CD,7.971495
tcr_20_4,E,A,V,Q,69,96,C,OE1,7.3113847
tcr_20_4,E,A,V,Q,69,96,C,CB,7.3437796
tcr_20_4,E,A,V,Q,69,96,C,CA,7.9360185
tcr_20_4,E,A,V,Q,69,96,C,N,9.236968
tcr_20_4,E,A,V,R,69,103,C,NH2,9.853182
tcr_20_4,E,A,V,R,69,99,C,NH1,9.562113
tcr_20_4,E,A,V,R,69,99,C,NE,9.822251
tcr_20_4,E,A,V,R,69,103,C,CZ,9.5980425
tcr_20_4,E,A,V,R,69,99,C,CD,9.126179
tcr_20_4,E,A,V,R,69,99,C,CG,9.308709
tcr_20_4,E,A,V,R,69,103,C,NH1,9.050022
tcr_20_4,E,A,V,R,69,99,C,O,9.394238
tcr_20_4,E,A,V,R,69,99,C,CB,8.909681
tcr_20_4,E,A,V,Q,69,96,C,C,7.1061716
tcr_20_4,E,A,V,V,69,100,C,N,7.624618
tcr_20_4,E,A,V,R,69,99,C,CA,9.355962
tcr_20_4,E,A,V,R,69,99,C,C,8.719435
tcr_20_4,E,A,V,Q,69,96,C,O,6.6316395
tcr_20_4,E,A,V,R,69,99,C,N,9.396355
tcr_20_4,E,A,V,V,69,100,C,CG2,4.8049183
tcr_20_4,E,A,V,V,69,100,C,CA,7.23313
tcr_20_4,E,A,V,V,69,100,C,CB,5.8153954
tcr_20_4,E,A,V,V,69,100,C,CG1,5.8078046
tcr_20_4,E,A,V,V,69,100,C,C,8.331235
tcr_20_4,E,A,V,V,69,100,C,O,8.973406
tcr_20_4,E,A,V,R,69,93,C,CA,9.920353
tcr_20_4,E,A,V,R,69,93,C,C,9.69521
tcr_20_4,E,A,V,D,69,98,C,N,9.074069
tcr_20_4,E,A,V,A,69,97,C,O,7.611738
tcr_20_4,E,A,V,A,69,97,C,C,7.8672805
tcr_20_4,E,A,V,R,69,93,C,NH2,9.936869
tcr_20_4,E,A,V,R,69,93,C,NE,9.931321
tcr_20_4,E,A,V,A,69,97,C,CB,7.5684085
tcr_20_4,E,A,V,R,69,93,C,O,8.6197195
tcr_20_4,E,A,V,A,69,97,C,N,7.258692
tcr_20_4,E,A,V,A,69,97,C,CA,6.9760504
tcr_20_4,E,A,V,N,69,101,C,CG,9.821255
tcr_20_4,E,A,V,N,69,101,C,OD1,9.332122
tcr_20_4,E,A,V,N,69,101,C,N,8.823104
tcr_20_4,E,A,V,K,69,104,C,CD,9.330296
tcr_20_4,E,A,V,K,69,104,C,NZ,7.899925
tcr_20_4,E,A,V,K,69,104,C,CE,8.13888
tcr_20_4,E,A,V,K,69,104,C,CG,9.872053
tcr_20_4,E,A,V,Q,69,96,O,NE2,9.179431
tcr_20_4,E,A,V,A,69,95,O,O,9.667792
tcr_20_4,E,A,V,Q,69,96,O,CG,8.359562
tcr_20_4,E,A,V,Q,69,96,O,CD,8.278645
tcr_20_4,E,A,V,Q,69,96,O,OE1,7.6257076
tcr_20_4,E,A,V,Q,69,96,O,CB,7.2879586
tcr_20_4,E,A,V,Q,69,96,O,CA,7.703155
tcr_20_4,E,A,V,Q,69,96,O,N,8.936054
tcr_20_4,E,A,V,A,69,95,O,C,9.77516
tcr_20_4,E,A,V,R,69,103,O,NH2,9.930471
tcr_20_4,E,A,V,R,69,99,O,NH1,9.927642
tcr_20_4,E,A,V,R,69,99,O,NE,9.938625
tcr_20_4,E,A,V,R,69,103,O,CZ,9.583041
tcr_20_4,E,A,V,R,69,99,O,CD,9.133644
tcr_20_4,E,A,V,R,69,99,O,CG,9.122601
tcr_20_4,E,A,V,R,69,103,O,NE,9.936953
tcr_20_4,E,A,V,R,69,103,O,CD,9.785757
tcr_20_4,E,A,V,R,69,103,O,NH1,9.109654
tcr_20_4,E,A,V,R,69,99,O,O,8.859924
tcr_20_4,E,A,V,R,69,99,O,CB,8.593008
tcr_20_4,E,A,V,Q,69,96,O,C,6.6827693
tcr_20_4,E,A,V,V,69,100,O,N,6.9700537
tcr_20_4,E,A,V,R,69,99,O,CA,8.853564
tcr_20_4,E,A,V,R,69,99,O,C,8.155495
tcr_20_4,E,A,V,D,69,98,O,C,9.28408
tcr_20_4,E,A,V,Q,69,96,O,O,6.199878
tcr_20_4,E,A,V,D,69,98,O,O,9.840225
tcr_20_4,E,A,V,R,69,99,O,N,8.789475
tcr_20_4,E,A,V,V,69,100,O,CG2,4.240656
tcr_20_4,E,A,V,V,69,100,O,CA,6.4980125
tcr_20_4,E,A,V,V,69,100,O,CB,5.006376
tcr_20_4,E,A,V,V,69,100,O,CG1,4.9584937
tcr_20_4,E,A,V,V,69,100,O,C,7.4623384
tcr_20_4,E,A,V,V,69,100,O,O,8.1225195
tcr_20_4,E,A,V,R,69,93,O,CA,9.690205
tcr_20_4,E,A,V,R,69,93,O,C,9.297663
tcr_20_4,E,A,V,R,69,93,O,CB,9.919309
tcr_20_4,E,A,V,N,69,101,O,ND2,8.9398575
tcr_20_4,E,A,V,D,69,98,O,CA,9.322887
tcr_20_4,E,A,V,D,69,98,O,N,8.280154
tcr_20_4,E,A,V,A,69,97,O,O,6.6906753
tcr_20_4,E,A,V,Q,69,94,O,O,9.695527
tcr_20_4,E,A,V,A,69,97,O,C,7.0183487
tcr_20_4,E,A,V,R,69,93,O,NH2,9.692817
tcr_20_4,E,A,V,R,69,93,O,NE,9.77844
tcr_20_4,E,A,V,A,69,97,O,CB,6.709199
tcr_20_4,E,A,V,R,69,93,O,O,8.178909
tcr_20_4,E,A,V,A,69,97,O,N,6.682216
tcr_20_4,E,A,V,A,69,97,O,CA,6.1891484
tcr_20_4,E,A,V,N,69,101,O,CA,9.008799
tcr_20_4,E,A,V,N,69,101,O,CG,8.700205
tcr_20_4,E,A,V,N,69,101,O,OD1,8.164208
tcr_20_4,E,A,V,N,69,101,O,N,7.870719
tcr_20_4,E,A,V,N,69,101,O,CB,9.451712
tcr_20_4,E,A,V,K,69,104,O,CD,8.289459
tcr_20_4,E,A,V,K,69,104,O,NZ,6.7945623
tcr_20_4,E,A,V,K,69,104,O,CE,7.1232905
tcr_20_4,E,A,V,K,69,104,O,CG,8.931198
tcr_20_4,E,A,V,Q,69,96,CB,NE2,6.9858813
tcr_20_4,E,A,V,A,69,95,CB,O,9.310918
tcr_20_4,E,A,V,Q,69,96,CB,CG,6.666733
tcr_20_4,E,A,V,Q,69,96,CB,CD,6.1530848
tcr_20_4,E,A,V,Q,69,96,CB,OE1,5.2582374
tcr_20_4,E,A,V,Q,69,96,CB,CB,5.860515
tcr_20_4,E,A,V,Q,69,96,CB,CA,6.8102493
tcr_20_4,E,A,V,Q,69,96,CB,N,7.95681
tcr_20_4,E,A,V,A,69,95,CB,C,9.079276
tcr_20_4,E,A,V,R,69,99,CB,NH1,9.642448
tcr_20_4,E,A,V,R,69,99,CB,CD,9.343741
tcr_20_4,E,A,V,R,69,99,CB,CG,9.693919
tcr_20_4,E,A,V,R,69,99,CB,CB,9.058005
tcr_20_4,E,A,V,Q,69,96,CB,C,6.286028
tcr_20_4,E,A,V,V,69,100,CB,N,8.368515
tcr_20_4,E,A,V,R,69,99,CB,CA,9.660862
tcr_20_4,E,A,V,R,69,99,CB,C,9.40541
tcr_20_4,E,A,V,Q,69,96,CB,O,6.2485194
tcr_20_4,E,A,V,R,69,99,CB,N,9.434081
tcr_20_4,E,A,V,V,69,100,CB,CG2,6.026652
tcr_20_4,E,A,V,V,69,100,CB,CA,8.374182
tcr_20_4,E,A,V,V,69,100,CB,CB,7.057766
tcr_20_4,E,A,V,V,69,100,CB,CG1,7.4829226
tcr_20_4,E,A,V,V,69,100,CB,C,9.490666
tcr_20_4,E,A,V,A,69,95,CB,N,9.959924
tcr_20_4,E,A,V,Q,69,94,CB,C,9.519034
tcr_20_4,E,A,V,Q,69,94,CB,N,9.0364
tcr_20_4,E,A,V,Q,69,94,CB,CA,9.4802475
tcr_20_4,E,A,V,K,69,92,CB,O,8.786273
tcr_20_4,E,A,V,R,69,93,CB,N,9.026517
tcr_20_4,E,A,V,K,69,92,CB,C,9.405028
tcr_20_4,E,A,V,R,69,93,CB,CA,7.7780633
tcr_20_4,E,A,V,R,69,93,CB,C,7.8134794
tcr_20_4,E,A,V,R,69,93,CB,CG,7.7391634
tcr_20_4,E,A,V,R,69,93,CB,CB,7.900324
tcr_20_4,E,A,V,R,69,93,CB,CD,8.291708
tcr_20_4,E,A,V,D,69,98,CB,CA,9.989513
tcr_20_4,E,A,V,D,69,98,CB,N,8.702051
tcr_20_4,E,A,V,A,69,97,CB,O,7.7869706
tcr_20_4,E,A,V,Q,69,94,CB,O,9.306443
tcr_20_4,E,A,V,A,69,97,CB,C,7.639241
tcr_20_4,E,A,V,R,69,93,CB,NH2,7.8363733
tcr_20_4,E,A,V,R,69,93,CB,NH1,9.364128
tcr_20_4,E,A,V,R,69,93,CB,NE,7.5788407
tcr_20_4,E,A,V,A,69,97,CB,CB,6.7513027
tcr_20_4,E,A,V,R,69,93,CB,O,6.89293
tcr_20_4,E,A,V,A,69,97,CB,N,6.3128943
tcr_20_4,E,A,V,A,69,97,CB,CA,6.384247
tcr_20_4,E,A,V,R,69,93,CB,CZ,8.192325
tcr_20_4,E,A,V,N,69,101,CB,OD1,9.944968
tcr_20_4,E,A,V,N,69,101,CB,N,9.702108
tcr_20_4,E,A,V,K,69,104,CB,NZ,9.464821
tcr_20_4,E,A,V,K,69,104,CB,CE,9.927398
tcr_20_4,E,A,V,Q,69,96,CG1,NE2,6.8524218
tcr_20_4,E,A,V,Q,69,96,CG1,CG,6.897654
tcr_20_4,E,A,V,Q,69,96,CG1,CD,6.1091084
tcr_20_4,E,A,V,Q,69,96,CG1,OE1,5.0389028
tcr_20_4,E,A,V,Q,69,96,CG1,CB,6.269543
tcr_20_4,E,A,V,Q,69,96,CG1,CA,7.432252
tcr_20_4,E,A,V,Q,69,96,CG1,N,8.433862
tcr_20_4,E,A,V,A,69,95,CG1,C,9.647685
tcr_20_4,E,A,V,Q,69,96,CG1,C,7.125419
tcr_20_4,E,A,V,V,69,100,CG1,N,9.739521
tcr_20_4,E,A,V,Q,69,96,CG1,O,7.2987947
tcr_20_4,E,A,V,V,69,100,CG1,CG2,7.521937
tcr_20_4,E,A,V,V,69,100,CG1,CA,9.828184
tcr_20_4,E,A,V,V,69,100,CG1,CB,8.532336
tcr_20_4,E,A,V,V,69,100,CG1,CG1,8.983404
tcr_20_4,E,A,V,Q,69,94,CG1,C,9.882062
tcr_20_4,E,A,V,Q,69,94,CG1,N,9.018422
tcr_20_4,E,A,V,Q,69,94,CG1,CA,9.667163
tcr_20_4,E,A,V,K,69,92,CG1,O,8.7260895
tcr_20_4,E,A,V,R,69,93,CG1,N,8.67209
tcr_20_4,E,A,V,K,69,92,CG1,C,9.177182
tcr_20_4,E,A,V,R,69,93,CG1,CA,7.4589157
tcr_20_4,E,A,V,R,69,93,CG1,C,7.762029
tcr_20_4,E,A,V,R,69,93,CG1,CG,6.947135
tcr_20_4,E,A,V,R,69,93,CG1,CB,7.366548
tcr_20_4,E,A,V,R,69,93,CG1,CD,7.3347335
tcr_20_4,E,A,V,D,69,98,CG1,N,9.643211
tcr_20_4,E,A,V,A,69,97,CG1,O,8.955665
tcr_20_4,E,A,V,Q,69,94,CG1,O,9.848165
tcr_20_4,E,A,V,A,69,97,CG1,C,8.66223
tcr_20_4,E,A,V,R,69,93,CG1,NH2,6.8951793
tcr_20_4,E,A,V,R,69,93,CG1,NH1,8.271163
tcr_20_4,E,A,V,R,69,93,CG1,NE,6.6372786
tcr_20_4,E,A,V,A,69,97,CG1,CB,7.443687
tcr_20_4,E,A,V,R,69,93,CG1,O,7.0293365
tcr_20_4,E,A,V,A,69,97,CG1,N,7.065868
tcr_20_4,E,A,V,A,69,97,CG1,CA,7.2822037
tcr_20_4,E,A,V,R,69,93,CG1,CZ,7.1843143
tcr_20_4,E,A,V,E,69,43,CG2,OE1,9.186911
tcr_20_4,E,A,V,Q,69,96,CG2,NE2,5.733183
tcr_20_4,E,A,V,A,69,95,CG2,O,8.214379
tcr_20_4,E,A,V,Q,69,96,CG2,CG,5.360216
tcr_20_4,E,A,V,Q,69,96,CG2,CD,4.9206924
tcr_20_4,E,A,V,Q,69,96,CG2,OE1,4.205313
tcr_20_4,E,A,V,Q,69,96,CG2,CB,4.6614747
tcr_20_4,E,A,V,Q,69,96,CG2,CA,5.639311
tcr_20_4,E,A,V,Q,69,96,CG2,N,6.88591
tcr_20_4,E,A,V,A,69,95,CG2,C,8.022106
tcr_20_4,E,A,V,R,69,99,CG2,CZ,8.942091
tcr_20_4,E,A,V,R,69,103,CG2,NH2,9.866309
tcr_20_4,E,A,V,R,69,99,CG2,NH1,8.186132
tcr_20_4,E,A,V,R,69,99,CG2,NE,8.855166
tcr_20_4,E,A,V,R,69,103,CG2,CZ,9.984979
tcr_20_4,E,A,V,R,69,99,CG2,CD,7.9669976
tcr_20_4,E,A,V,R,69,99,CG2,CG,8.431434
tcr_20_4,E,A,V,R,69,103,CG2,NH1,9.758252
tcr_20_4,E,A,V,R,69,99,CG2,O,9.404789
tcr_20_4,E,A,V,R,69,99,CG2,CB,7.8471694
tcr_20_4,E,A,V,Q,69,96,CG2,C,5.2879906
tcr_20_4,E,A,V,V,69,100,CG2,N,7.586242
tcr_20_4,E,A,V,R,69,99,CG2,CA,8.608585
tcr_20_4,E,A,V,R,69,99,CG2,C,8.488618
tcr_20_4,E,A,V,D,69,98,CG2,C,9.296828
tcr_20_4,E,A,V,Q,69,96,CG2,O,5.209769
tcr_20_4,E,A,V,R,69,99,CG2,N,8.466969
tcr_20_4,E,A,V,V,69,100,CG2,CG2,5.4520097
tcr_20_4,E,A,V,V,69,100,CG2,CA,7.7942333
tcr_20_4,E,A,V,V,69,100,CG2,CB,6.6541605
tcr_20_4,E,A,V,V,69,100,CG2,CG1,7.321139
tcr_20_4,E,A,V,V,69,100,CG2,C,9.042165
tcr_20_4,E,A,V,V,69,100,CG2,O,9.968439
tcr_20_4,E,A,V,A,69,95,CG2,N,9.160571
tcr_20_4,E,A,V,A,69,95,CG2,CA,9.275326
tcr_20_4,E,A,V,Q,69,94,CG2,C,8.875861
tcr_20_4,E,A,V,Q,69,94,CG2,N,8.598829
tcr_20_4,E,A,V,Q,69,94,CG2,CA,9.04354
tcr_20_4,E,A,V,K,69,92,CG2,O,7.8723106
tcr_20_4,E,A,V,R,69,93,CG2,N,8.440342
tcr_20_4,E,A,V,K,69,92,CG2,C,8.621242
tcr_20_4,E,A,V,R,69,93,CG2,CA,7.31938
tcr_20_4,E,A,V,R,69,93,CG2,C,7.350015
tcr_20_4,E,A,V,R,69,93,CG2,CG,7.610237
tcr_20_4,E,A,V,R,69,93,CG2,CB,7.7219057
tcr_20_4,E,A,V,R,69,93,CG2,CD,8.417405
tcr_20_4,E,A,V,N,69,101,CG2,ND2,9.994061
tcr_20_4,E,A,V,D,69,98,CG2,CA,9.295952
tcr_20_4,E,A,V,D,69,98,CG2,N,8.044836
tcr_20_4,E,A,V,A,69,97,CG2,O,7.317779
tcr_20_4,E,A,V,Q,69,94,CG2,O,8.668622
tcr_20_4,E,A,V,A,69,97,CG2,C,7.098659
tcr_20_4,E,A,V,R,69,93,CG2,NH2,8.5810795
tcr_20_4,E,A,V,R,69,93,CG2,NH1,9.911268
tcr_20_4,E,A,V,R,69,93,CG2,NE,7.936027
tcr_20_4,E,A,V,A,69,97,CG2,CB,6.559812
tcr_20_4,E,A,V,R,69,93,CG2,O,6.399563
tcr_20_4,E,A,V,A,69,97,CG2,N,5.585435
tcr_20_4,E,A,V,A,69,97,CG2,CA,5.91512
tcr_20_4,E,A,V,R,69,93,CG2,CZ,8.747786
tcr_20_4,E,A,V,N,69,101,CG2,OD1,9.965026
tcr_20_4,E,A,V,N,69,101,CG2,N,9.285121
tcr_20_4,E,A,V,K,69,104,CG2,NZ,9.923124
tcr_20_4,E,A,G,Q,70,96,N,NE2,9.061928
tcr_20_4,E,A,G,Q,70,96,N,CG,8.679923
tcr_20_4,E,A,G,Q,70,96,N,CD,8.428806
tcr_20_4,E,A,G,Q,70,96,N,OE1,7.8992686
tcr_20_4,E,A,G,Q,70,96,N,CB,7.922724
tcr_20_4,E,A,G,Q,70,96,N,CA,8.464801
tcr_20_4,E,A,G,Q,70,96,N,N,9.845083
tcr_20_4,E,A,G,R,70,99,N,CZ,9.471472
tcr_20_4,E,A,G,R,70,103,N,NH2,9.100361
tcr_20_4,E,A,G,R,70,99,N,NH1,9.069367
tcr_20_4,E,A,G,R,70,99,N,NE,9.34794
tcr_20_4,E,A,G,R,70,103,N,CZ,8.824224
tcr_20_4,E,A,G,R,70,99,N,CD,8.833663
tcr_20_4,E,A,G,R,70,99,N,CG,9.083447
tcr_20_4,E,A,G,R,70,103,N,NE,9.440312
tcr_20_4,E,A,G,R,70,103,N,CD,9.436561
tcr_20_4,E,A,G,R,70,103,N,NH1,8.153862
tcr_20_4,E,A,G,R,70,99,N,O,9.229819
tcr_20_4,E,A,G,R,70,99,N,CB,8.902646
tcr_20_4,E,A,G,Q,70,96,N,C,7.69186
tcr_20_4,E,A,G,V,70,100,N,N,7.6964526
tcr_20_4,E,A,G,R,70,99,N,CA,9.418615
tcr_20_4,E,A,G,R,70,99,N,C,8.694474
tcr_20_4,E,A,G,Q,70,96,N,O,7.0591006
tcr_20_4,E,A,G,R,70,99,N,N,9.6625185
tcr_20_4,E,A,G,V,70,100,N,CG2,4.7807474
tcr_20_4,E,A,G,V,70,100,N,CA,7.2324157
tcr_20_4,E,A,G,V,70,100,N,CB,5.917047
tcr_20_4,E,A,G,V,70,100,N,CG1,5.7949905
tcr_20_4,E,A,G,V,70,100,N,C,8.412591
tcr_20_4,E,A,G,V,70,100,N,O,8.938185
tcr_20_4,E,A,G,D,70,98,N,N,9.705789
tcr_20_4,E,A,G,A,70,97,N,O,8.175964
tcr_20_4,E,A,G,A,70,97,N,C,8.531171
tcr_20_4,E,A,G,A,70,97,N,CB,8.551127
tcr_20_4,E,A,G,R,70,93,N,O,9.598973
tcr_20_4,E,A,G,A,70,97,N,N,8.026061
tcr_20_4,E,A,G,A,70,97,N,CA,7.7914166
tcr_20_4,E,A,G,N,70,101,N,OD1,9.954185
tcr_20_4,E,A,G,N,70,101,N,N,9.082267
tcr_20_4,E,A,G,K,70,104,N,CD,9.47518
tcr_20_4,E,A,G,K,70,104,N,NZ,8.261255
tcr_20_4,E,A,G,K,70,104,N,CE,8.279315
tcr_20_4,E,A,G,K,70,104,N,CG,9.833285
tcr_20_4,E,A,G,Q,70,96,CA,NE2,9.932926
tcr_20_4,E,A,G,Q,70,96,CA,CG,9.3472595
tcr_20_4,E,A,G,Q,70,96,CA,CD,9.288918
tcr_20_4,E,A,G,Q,70,96,CA,OE1,8.887573
tcr_20_4,E,A,G,Q,70,96,CA,CB,8.536839
tcr_20_4,E,A,G,Q,70,96,CA,CA,8.849149
tcr_20_4,E,A,G,R,70,99,CA,NH2,9.863895
tcr_20_4,E,A,G,R,70,99,CA,CZ,9.161299
tcr_20_4,E,A,G,R,70,103,CA,NH2,8.261765
tcr_20_4,E,A,G,R,70,99,CA,NH1,8.956308
tcr_20_4,E,A,G,R,70,99,CA,NE,8.937219
tcr_20_4,E,A,G,R,70,103,CA,CB,9.165365
tcr_20_4,E,A,G,R,70,103,CA,CZ,7.823622
tcr_20_4,E,A,G,R,70,103,CA,CG,9.288515
tcr_20_4,E,A,G,R,70,99,CA,CD,8.518708
tcr_20_4,E,A,G,R,70,99,CA,CG,8.615912
tcr_20_4,E,A,G,R,70,103,CA,NE,8.382738
tcr_20_4,E,A,G,R,70,103,CA,CD,8.248856
tcr_20_4,E,A,G,R,70,103,CA,NH1,7.0724015
tcr_20_4,E,A,G,R,70,99,CA,O,8.417931
tcr_20_4,E,A,G,R,70,99,CA,CB,8.561417
tcr_20_4,E,A,G,Q,70,96,CA,C,7.953499
tcr_20_4,E,A,G,V,70,100,CA,N,7.0749397
tcr_20_4,E,A,G,R,70,99,CA,CA,8.95105
tcr_20_4,E,A,G,R,70,99,CA,C,8.040685
tcr_20_4,E,A,G,D,70,98,CA,C,9.988209
tcr_20_4,E,A,G,Q,70,96,CA,O,7.136441
tcr_20_4,E,A,G,R,70,99,CA,N,9.33857
tcr_20_4,E,A,G,V,70,100,CA,CG2,4.148206
tcr_20_4,E,A,G,V,70,100,CA,CA,6.4161816
tcr_20_4,E,A,G,V,70,100,CA,CB,5.1795893
tcr_20_4,E,A,G,V,70,100,CA,CG1,4.8312244
tcr_20_4,E,A,G,V,70,100,CA,C,7.553792
tcr_20_4,E,A,G,V,70,100,CA,O,7.928374
tcr_20_4,E,A,G,D,70,98,CA,N,9.638924
tcr_20_4,E,A,G,A,70,97,CA,O,7.9197598
tcr_20_4,E,A,G,A,70,97,CA,C,8.463535
tcr_20_4,E,A,G,A,70,97,CA,CB,8.846153
tcr_20_4,E,A,G,A,70,97,CA,N,8.34209
tcr_20_4,E,A,G,A,70,97,CA,CA,7.971751
tcr_20_4,E,A,G,N,70,101,CA,CA,9.613169
tcr_20_4,E,A,G,N,70,101,CA,OD1,9.497255
tcr_20_4,E,A,G,N,70,101,CA,N,8.375563
tcr_20_4,E,A,G,K,70,104,CA,CD,8.5021715
tcr_20_4,E,A,G,K,70,104,CA,NZ,7.5400877
tcr_20_4,E,A,G,K,70,104,CA,CE,7.3368216
tcr_20_4,E,A,G,K,70,104,CA,CG,8.707768
tcr_20_4,E,A,G,Q,70,96,C,CG,9.794006
tcr_20_4,E,A,G,Q,70,96,C,CD,9.713438
tcr_20_4,E,A,G,Q,70,96,C,OE1,9.444124
tcr_20_4,E,A,G,Q,70,96,C,CB,9.169333
tcr_20_4,E,A,G,Q,70,96,C,CA,9.475665
tcr_20_4,E,A,G,R,70,99,C,NH2,9.090836
tcr_20_4,E,A,G,R,70,99,C,CZ,8.55414
tcr_20_4,E,A,G,R,70,103,C,NH2,7.5171266
tcr_20_4,E,A,G,R,70,99,C,NH1,8.403383
tcr_20_4,E,A,G,R,70,99,C,NE,8.470544
tcr_20_4,E,A,G,R,70,103,C,CB,9.074851
tcr_20_4,E,A,G,R,70,103,C,CZ,7.1130695
tcr_20_4,E,A,G,R,70,103,C,CG,9.043106
tcr_20_4,E,A,G,R,70,99,C,CD,8.301944
tcr_20_4,E,A,G,R,70,99,C,CG,8.533953
tcr_20_4,E,A,G,R,70,103,C,NE,7.8491516
tcr_20_4,E,A,G,R,70,103,C,CD,7.8244147
tcr_20_4,E,A,G,R,70,103,C,NH1,6.2130184
tcr_20_4,E,A,G,R,70,99,C,O,8.5681505
tcr_20_4,E,A,G,R,70,99,C,CB,8.746971
tcr_20_4,E,A,G,Q,70,96,C,C,8.721412
tcr_20_4,E,A,G,V,70,100,C,N,7.5687013
tcr_20_4,E,A,G,R,70,99,C,CA,9.263596
tcr_20_4,E,A,G,R,70,99,C,C,8.348234
tcr_20_4,E,A,G,Q,70,96,C,O,7.8198805
tcr_20_4,E,A,G,R,70,99,C,N,9.860888
tcr_20_4,E,A,G,V,70,100,C,CG2,4.8208075
tcr_20_4,E,A,G,V,70,100,C,CA,6.9490485
tcr_20_4,E,A,G,V,70,100,C,CB,5.95154
tcr_20_4,E,A,G,V,70,100,C,CG1,5.620393
tcr_20_4,E,A,G,V,70,100,C,C,8.166476
tcr_20_4,E,A,G,V,70,100,C,O,8.431541
tcr_20_4,E,A,G,A,70,97,C,O,8.884433
tcr_20_4,E,A,G,A,70,97,C,C,9.443783
tcr_20_4,E,A,G,A,70,97,C,N,9.291077
tcr_20_4,E,A,G,A,70,97,C,CA,9.049105
tcr_20_4,E,A,G,N,70,101,C,N,9.129086
tcr_20_4,E,A,G,K,70,104,C,CD,9.334751
tcr_20_4,E,A,G,K,70,104,C,NZ,8.65241
tcr_20_4,E,A,G,K,70,104,C,CE,8.243355
tcr_20_4,E,A,G,K,70,104,C,CG,9.31483
tcr_20_4,E,A,G,Q,70,96,O,NE2,9.56325
tcr_20_4,E,A,G,Q,70,96,O,CG,9.433684
tcr_20_4,E,A,G,Q,70,96,O,CD,9.223901
tcr_20_4,E,A,G,Q,70,96,O,OE1,8.99151
tcr_20_4,E,A,G,Q,70,96,O,CB,8.987311
tcr_20_4,E,A,G,Q,70,96,O,CA,9.429511
tcr_20_4,E,A,G,R,70,99,O,NH2,8.642024
tcr_20_4,E,A,G,R,70,99,O,CZ,8.1493635
tcr_20_4,E,A,G,R,70,103,O,NH2,7.524599
tcr_20_4,E,A,G,R,70,99,O,NH1,7.8680615
tcr_20_4,E,A,G,R,70,99,O,NE,8.249012
tcr_20_4,E,A,G,R,70,103,O,CB,9.863706
tcr_20_4,E,A,G,R,70,103,O,CZ,7.3138537
tcr_20_4,E,A,G,R,70,103,O,CG,9.66882
tcr_20_4,E,A,G,R,70,99,O,CD,8.168749
tcr_20_4,E,A,G,R,70,99,O,CG,8.618741
tcr_20_4,E,A,G,R,70,103,O,NE,8.20343
tcr_20_4,E,A,G,R,70,103,O,CD,8.380271
tcr_20_4,E,A,G,R,70,103,O,NH1,6.4360957
tcr_20_4,E,A,G,R,70,99,O,O,9.100173
tcr_20_4,E,A,G,R,70,99,O,CB,8.907799
tcr_20_4,E,A,G,Q,70,96,O,C,8.861081
tcr_20_4,E,A,G,V,70,100,O,N,8.154679
tcr_20_4,E,A,G,R,70,99,O,CA,9.610492
tcr_20_4,E,A,G,R,70,99,O,C,8.843959
tcr_20_4,E,A,G,Q,70,96,O,O,8.020674
tcr_20_4,E,A,G,V,70,100,O,CG2,5.4947276
tcr_20_4,E,A,G,V,70,100,O,CA,7.716834
tcr_20_4,E,A,G,V,70,100,O,CB,6.783687
tcr_20_4,E,A,G,V,70,100,O,CG1,6.6466246
tcr_20_4,E,A,G,V,70,100,O,C,9.033062
tcr_20_4,E,A,G,V,70,100,O,O,9.369259
tcr_20_4,E,A,G,A,70,97,O,O,9.515917
tcr_20_4,E,A,G,A,70,97,O,C,9.956543
tcr_20_4,E,A,G,A,70,97,O,N,9.529253
tcr_20_4,E,A,G,A,70,97,O,CA,9.468655
tcr_20_4,E,A,G,N,70,101,O,N,9.967025
tcr_20_4,E,A,G,K,70,104,O,NZ,9.809769
tcr_20_4,E,A,G,K,70,104,O,CE,9.436357
tcr_20_4,E,A,A,R,71,99,N,NH2,9.1724825
tcr_20_4,E,A,A,R,71,99,N,CZ,8.7569275
tcr_20_4,E,A,A,R,71,103,N,NH2,7.174206
tcr_20_4,E,A,A,R,71,99,N,NH1,8.794094
tcr_20_4,E,A,A,R,71,99,N,NE,8.606924
tcr_20_4,E,A,A,R,71,103,N,CB,8.328148
tcr_20_4,E,A,A,R,71,103,N,CZ,6.590072
tcr_20_4,E,A,A,R,71,103,N,CG,8.362577
tcr_20_4,E,A,A,R,71,99,N,CD,8.568295
tcr_20_4,E,A,A,R,71,99,N,CG,8.668205
tcr_20_4,E,A,A,R,71,103,N,NE,7.277544
tcr_20_4,E,A,A,R,71,103,N,CD,7.1027517
tcr_20_4,E,A,A,R,71,103,N,NH1,5.556425
tcr_20_4,E,A,A,R,71,99,N,O,8.3799
tcr_20_4,E,A,A,R,71,99,N,CB,9.013543
tcr_20_4,E,A,A,Q,71,96,N,C,9.464393
tcr_20_4,E,A,A,V,71,100,N,N,7.6413045
tcr_20_4,E,A,A,R,71,99,N,CA,9.407856
tcr_20_4,E,A,A,R,71,99,N,C,8.345236
tcr_20_4,E,A,A,Q,71,96,N,O,8.463381
tcr_20_4,E,A,A,V,71,100,N,CG2,5.095174
tcr_20_4,E,A,A,V,71,100,N,CA,6.8585095
tcr_20_4,E,A,A,V,71,100,N,CB,6.019582
tcr_20_4,E,A,A,V,71,100,N,CG1,5.4690156
tcr_20_4,E,A,A,V,71,100,N,C,7.968268
tcr_20_4,E,A,A,V,71,100,N,O,8.042588
tcr_20_4,E,A,A,K,71,104,N,N,9.728984
tcr_20_4,E,A,A,R,71,103,N,CA,9.723808
tcr_20_4,E,A,A,A,71,97,N,O,9.224381
tcr_20_4,E,A,A,A,71,97,N,C,9.917803
tcr_20_4,E,A,A,A,71,97,N,CA,9.707008
tcr_20_4,E,A,A,N,71,101,N,N,9.052956
tcr_20_4,E,A,A,K,71,104,N,CD,8.900745
tcr_20_4,E,A,A,K,71,104,N,NZ,8.473973
tcr_20_4,E,A,A,K,71,104,N,CE,7.863697
tcr_20_4,E,A,A,K,71,104,N,CG,8.707798
tcr_20_4,E,A,A,R,71,99,CA,NH2,8.721953
tcr_20_4,E,A,A,R,71,99,CA,CZ,8.507797
tcr_20_4,E,A,A,R,71,103,CA,NH2,6.7459393
tcr_20_4,E,A,A,R,71,99,CA,NH1,8.6301565
tcr_20_4,E,A,A,R,71,99,CA,NE,8.485106
tcr_20_4,E,A,A,R,71,103,CA,CB,8.470868
tcr_20_4,E,A,A,R,71,103,CA,CZ,6.1929126
tcr_20_4,E,A,A,R,71,103,CA,CG,8.352992
tcr_20_4,E,A,A,R,71,99,CA,CD,8.696091
tcr_20_4,E,A,A,R,71,99,CA,CG,8.894003
tcr_20_4,E,A,A,R,71,103,CA,NE,7.029719
tcr_20_4,E,A,A,R,71,103,CA,CD,6.958788
tcr_20_4,E,A,A,R,71,103,CA,NH1,5.017052
tcr_20_4,E,A,A,R,71,99,CA,O,8.790998
tcr_20_4,E,A,A,R,71,99,CA,CB,9.468382
tcr_20_4,E,A,A,V,71,100,CA,N,8.384818
tcr_20_4,E,A,A,R,71,99,CA,CA,9.945621
tcr_20_4,E,A,A,R,71,99,CA,C,8.905606
tcr_20_4,E,A,A,Q,71,96,CA,O,9.3414955
tcr_20_4,E,A,A,V,71,100,CA,CG2,6.1084914
tcr_20_4,E,A,A,V,71,100,CA,CA,7.6647916
tcr_20_4,E,A,A,V,71,100,CA,CB,7.0473123
tcr_20_4,E,A,A,V,71,100,CA,CG1,6.5508027
tcr_20_4,E,A,A,V,71,100,CA,C,8.788105
tcr_20_4,E,A,A,V,71,100,CA,O,8.766021
tcr_20_4,E,A,A,R,71,103,CA,CA,9.946681
tcr_20_4,E,A,A,N,71,101,CA,N,9.951628
tcr_20_4,E,A,A,K,71,104,CA,CD,9.879551
tcr_20_4,E,A,A,K,71,104,CA,NZ,9.683629
tcr_20_4,E,A,A,K,71,104,CA,CE,8.938921
tcr_20_4,E,A,A,K,71,104,CA,CG,9.501225
tcr_20_4,E,A,A,E,71,43,C,OE1,9.942461
tcr_20_4,E,A,A,G,71,42,C,O,9.72371
tcr_20_4,E,A,A,R,71,99,C,NH2,7.2137866
tcr_20_4,E,A,A,R,71,99,C,CZ,7.055551
tcr_20_4,E,A,A,R,71,103,C,NH2,5.481978
tcr_20_4,E,A,A,R,71,99,C,NH1,7.198917
tcr_20_4,E,A,A,R,71,99,C,NE,7.127304
tcr_20_4,E,A,A,R,71,103,C,CB,8.230125
tcr_20_4,E,A,A,R,71,103,C,CZ,5.133702
tcr_20_4,E,A,A,R,71,103,C,CG,7.8413534
tcr_20_4,E,A,A,R,71,99,C,CD,7.472603
tcr_20_4,E,A,A,R,71,99,C,CG,7.8162446
tcr_20_4,E,A,A,R,71,103,C,NE,6.1490307
tcr_20_4,E,A,A,R,71,103,C,CD,6.377949
tcr_20_4,E,A,A,R,71,103,C,NH1,4.0251675
tcr_20_4,E,A,A,R,71,99,C,O,8.1539955
tcr_20_4,E,A,A,R,71,99,C,CB,8.541406
tcr_20_4,E,A,A,Q,71,96,C,C,9.812192
tcr_20_4,E,A,A,V,71,100,C,N,7.936042
tcr_20_4,E,A,A,R,71,99,C,CA,9.177436
tcr_20_4,E,A,A,R,71,99,C,C,8.280977
tcr_20_4,E,A,A,Q,71,96,C,O,8.755117
tcr_20_4,E,A,A,V,71,100,C,CG2,5.939242
tcr_20_4,E,A,A,V,71,100,C,CA,7.449359
tcr_20_4,E,A,A,V,71,100,C,CB,7.027795
tcr_20_4,E,A,A,V,71,100,C,CG1,6.8413706
tcr_20_4,E,A,A,V,71,100,C,C,8.70404
tcr_20_4,E,A,A,V,71,100,C,O,8.774348
tcr_20_4,E,A,A,R,71,103,C,CA,9.737309
tcr_20_4,E,A,A,N,71,101,C,N,9.855432
tcr_20_4,E,A,A,K,71,104,C,CE,9.688406
tcr_20_4,E,A,A,E,71,43,O,CG,9.900669
tcr_20_4,E,A,A,E,71,43,O,OE1,9.144749
tcr_20_4,E,A,A,Q,71,96,O,CG,9.934463
tcr_20_4,E,A,A,Q,71,96,O,CB,9.5286875
tcr_20_4,E,A,A,Q,71,96,O,CA,9.488376
tcr_20_4,E,A,A,G,71,42,O,O,8.697218
tcr_20_4,E,A,A,G,71,42,O,C,9.844216
tcr_20_4,E,A,A,R,71,99,O,NH2,6.4114194
tcr_20_4,E,A,A,R,71,99,O,CZ,6.15776
tcr_20_4,E,A,A,R,71,103,O,NH2,4.4326897
tcr_20_4,E,A,A,R,71,99,O,NH1,6.406568
tcr_20_4,E,A,A,R,71,99,O,NE,6.07896
tcr_20_4,E,A,A,R,71,103,O,CB,7.266448
tcr_20_4,E,A,A,R,71,103,O,CZ,4.0671234
tcr_20_4,E,A,A,R,71,103,O,CG,6.7933364
tcr_20_4,E,A,A,R,71,99,O,CD,6.372942
tcr_20_4,E,A,A,R,71,99,O,CG,6.625087
tcr_20_4,E,A,A,R,71,103,O,NE,5.0529094
tcr_20_4,E,A,A,R,71,103,O,CD,5.357481
tcr_20_4,E,A,A,R,71,103,O,NH1,3.075395
tcr_20_4,E,A,A,R,71,99,O,O,6.9517946
tcr_20_4,E,A,A,R,71,99,O,CB,7.3710217
tcr_20_4,E,A,A,Q,71,96,O,C,8.911707
tcr_20_4,E,A,A,V,71,100,O,N,6.8229384
tcr_20_4,E,A,A,R,71,99,O,CA,7.9817786
tcr_20_4,E,A,A,R,71,99,O,C,7.093801
tcr_20_4,E,A,A,D,71,98,O,C,9.889373
tcr_20_4,E,A,A,Q,71,96,O,O,7.806556
tcr_20_4,E,A,A,D,71,98,O,O,9.998951
tcr_20_4,E,A,A,R,71,99,O,N,9.005204
tcr_20_4,E,A,A,V,71,100,O,CG2,5.078599
tcr_20_4,E,A,A,V,71,100,O,CA,6.4183326
tcr_20_4,E,A,A,V,71,100,O,CB,6.1497235
tcr_20_4,E,A,A,V,71,100,O,CG1,6.1297684
tcr_20_4,E,A,A,V,71,100,O,C,7.7078443
tcr_20_4,E,A,A,V,71,100,O,O,7.821769
tcr_20_4,E,A,A,K,71,104,O,N,9.487503
tcr_20_4,E,A,A,R,71,103,O,N,9.121073
tcr_20_4,E,A,A,R,71,103,O,C,9.438179
tcr_20_4,E,A,A,R,71,103,O,CA,8.757218
tcr_20_4,E,A,A,A,71,97,O,O,9.113697
tcr_20_4,E,A,A,A,71,97,O,C,9.725378
tcr_20_4,E,A,A,A,71,97,O,N,9.803007
tcr_20_4,E,A,A,A,71,97,O,CA,9.734812
tcr_20_4,E,A,A,N,71,101,O,N,8.851528
tcr_20_4,E,A,A,K,71,104,O,CD,9.902801
tcr_20_4,E,A,A,K,71,104,O,CE,9.229869
tcr_20_4,E,A,A,K,71,104,O,CG,9.410297
tcr_20_4,E,A,A,R,71,99,CB,NH2,9.342639
tcr_20_4,E,A,A,R,71,99,CB,CZ,9.228053
tcr_20_4,E,A,A,R,71,103,CB,NH2,6.909626
tcr_20_4,E,A,A,R,71,99,CB,NH1,9.53578
tcr_20_4,E,A,A,R,71,99,CB,NE,9.093554
tcr_20_4,E,A,A,R,71,103,CB,CB,7.847112
tcr_20_4,E,A,A,R,71,103,CB,CZ,6.131234
tcr_20_4,E,A,A,R,71,103,CB,CG,7.861168
tcr_20_4,E,A,A,R,71,99,CB,CD,9.3771515
tcr_20_4,E,A,A,R,71,99,CB,CG,9.390255
tcr_20_4,E,A,A,R,71,103,CB,NE,6.8119645
tcr_20_4,E,A,A,R,71,103,CB,CD,6.4999137
tcr_20_4,E,A,A,R,71,103,CB,NH1,4.876046
tcr_20_4,E,A,A,R,71,99,CB,O,8.857955
tcr_20_4,E,A,A,V,71,100,CB,N,8.693685
tcr_20_4,E,A,A,R,71,99,CB,C,9.153667
tcr_20_4,E,A,A,V,71,100,CB,CG2,6.6792927
tcr_20_4,E,A,A,V,71,100,CB,CA,7.8102136
tcr_20_4,E,A,A,V,71,100,CB,CB,7.3484173
tcr_20_4,E,A,A,V,71,100,CB,CG1,6.6408377
tcr_20_4,E,A,A,V,71,100,CB,C,8.745025
tcr_20_4,E,A,A,V,71,100,CB,O,8.508739
tcr_20_4,E,A,A,K,71,104,CB,N,9.527148
tcr_20_4,E,A,A,R,71,103,CB,O,9.991565
tcr_20_4,E,A,A,R,71,103,CB,C,9.543761
tcr_20_4,E,A,A,R,71,103,CB,CA,9.313255
tcr_20_4,E,A,A,N,71,101,CB,N,9.987002
tcr_20_4,E,A,A,K,71,104,CB,CD,9.453528
tcr_20_4,E,A,A,K,71,104,CB,NZ,9.521932
tcr_20_4,E,A,A,K,71,104,CB,CE,8.600354
tcr_20_4,E,A,A,K,71,104,CB,CG,8.903209
tcr_20_4,E,A,G,E,72,43,N,OE1,9.828182
tcr_20_4,E,A,G,G,72,42,N,O,9.851746
tcr_20_4,E,A,G,R,72,99,N,NH2,7.034494
tcr_20_4,E,A,G,R,72,99,N,CZ,7.0353513
tcr_20_4,E,A,G,R,72,103,N,NH2,5.8552194
tcr_20_4,E,A,G,R,72,99,N,NH1,7.0874863
tcr_20_4,E,A,G,R,72,99,N,NE,7.3474846
tcr_20_4,E,A,G,R,72,103,N,CB,9.326402
tcr_20_4,E,A,G,R,72,103,N,CZ,5.734833
tcr_20_4,E,A,G,R,72,103,N,CG,8.805524
tcr_20_4,E,A,G,R,72,99,N,CD,7.8610606
tcr_20_4,E,A,G,R,72,99,N,CG,8.4166355
tcr_20_4,E,A,G,R,72,103,N,NE,6.892312
tcr_20_4,E,A,G,R,72,103,N,CD,7.303721
tcr_20_4,E,A,G,R,72,103,N,NH1,4.671935
tcr_20_4,E,A,G,R,72,99,N,O,9.140217
tcr_20_4,E,A,G,R,72,99,N,CB,9.242785
tcr_20_4,E,A,G,V,72,100,N,N,8.9995775
tcr_20_4,E,A,G,R,72,99,N,C,9.260697
tcr_20_4,E,A,G,Q,72,96,N,O,9.537073
tcr_20_4,E,A,G,V,72,100,N,CG2,7.061607
tcr_20_4,E,A,G,V,72,100,N,CA,8.635511
tcr_20_4,E,A,G,V,72,100,N,CB,8.239512
tcr_20_4,E,A,G,V,72,100,N,CG1,8.137341
tcr_20_4,E,A,G,V,72,100,N,C,9.935985
tcr_20_4,E,A,G,E,72,43,CA,CG,9.75191
tcr_20_4,E,A,G,E,72,43,CA,CD,9.782528
tcr_20_4,E,A,G,E,72,43,CA,OE1,8.733844
tcr_20_4,E,A,G,G,72,42,CA,O,8.862379
tcr_20_4,E,A,G,G,72,42,CA,C,9.828879
tcr_20_4,E,A,G,R,72,99,CA,NH2,5.8424473
tcr_20_4,E,A,G,R,72,99,CA,CZ,5.974139
tcr_20_4,E,A,G,R,72,103,CA,NH2,5.270996
tcr_20_4,E,A,G,R,72,99,CA,NH1,6.0026307
tcr_20_4,E,A,G,R,72,99,CA,NE,6.483017
tcr_20_4,E,A,G,R,72,103,CA,CB,9.656792
tcr_20_4,E,A,G,R,72,103,CA,CZ,5.4646773
tcr_20_4,E,A,G,R,72,103,CA,CG,8.917567
tcr_20_4,E,A,G,R,72,99,CA,CD,7.1728024
tcr_20_4,E,A,G,R,72,99,CA,CG,7.921911
tcr_20_4,E,A,G,R,72,103,CA,NE,6.738619
tcr_20_4,E,A,G,R,72,103,CA,CD,7.428679
tcr_20_4,E,A,G,R,72,103,CA,NH1,4.6151366
tcr_20_4,E,A,G,R,72,99,CA,O,9.120006
tcr_20_4,E,A,G,R,72,99,CA,CB,8.879713
tcr_20_4,E,A,G,V,72,100,CA,N,9.14459
tcr_20_4,E,A,G,R,72,99,CA,CA,9.822797
tcr_20_4,E,A,G,R,72,99,CA,C,9.237881
tcr_20_4,E,A,G,Q,72,96,CA,O,9.4727955
tcr_20_4,E,A,G,V,72,100,CA,CG2,7.5129457
tcr_20_4,E,A,G,V,72,100,CA,CA,9.00047
tcr_20_4,E,A,G,V,72,100,CA,CB,8.759759
tcr_20_4,E,A,G,V,72,100,CA,CG1,8.884234
tcr_20_4,E,A,G,E,72,43,C,CG,8.875263
tcr_20_4,E,A,G,E,72,43,C,CD,8.711508
tcr_20_4,E,A,G,E,72,43,C,OE2,9.794093
tcr_20_4,E,A,G,E,72,43,C,OE1,7.589802
tcr_20_4,E,A,G,Q,72,96,C,NE2,8.910748
tcr_20_4,E,A,G,Q,72,96,C,CG,9.101737
tcr_20_4,E,A,G,Q,72,96,C,CD,9.0161
tcr_20_4,E,A,G,Q,72,96,C,OE1,9.289153
tcr_20_4,E,A,G,Q,72,96,C,CB,9.209143
tcr_20_4,E,A,G,Q,72,96,C,CA,9.527762
tcr_20_4,E,A,G,G,72,42,C,CA,9.949872
tcr_20_4,E,A,G,G,72,42,C,O,8.547005
tcr_20_4,E,A,G,G,72,42,C,C,9.458163
tcr_20_4,E,A,G,R,72,99,C,NH2,5.35158
tcr_20_4,E,A,G,R,72,99,C,CZ,5.2762
tcr_20_4,E,A,G,R,72,103,C,NH2,5.4826617
tcr_20_4,E,A,G,R,72,99,C,NH1,5.0080853
tcr_20_4,E,A,G,R,72,99,C,NE,5.9088254
tcr_20_4,E,A,G,R,72,103,C,CZ,5.9035363
tcr_20_4,E,A,G,R,72,103,C,CG,9.382744
tcr_20_4,E,A,G,R,72,99,C,CD,6.455789
tcr_20_4,E,A,G,R,72,99,C,CG,7.4042974
tcr_20_4,E,A,G,R,72,103,C,NE,7.1574807
tcr_20_4,E,A,G,R,72,103,C,CD,7.978286
tcr_20_4,E,A,G,R,72,103,C,NH1,5.2988176
tcr_20_4,E,A,G,R,72,99,C,O,9.018952
tcr_20_4,E,A,G,R,72,99,C,CB,8.243796
tcr_20_4,E,A,G,Q,72,96,C,C,9.4663315
tcr_20_4,E,A,G,V,72,100,C,N,8.83084
tcr_20_4,E,A,G,R,72,99,C,CA,9.344875
tcr_20_4,E,A,G,R,72,99,C,C,8.950724
tcr_20_4,E,A,G,Q,72,96,C,O,8.604951
tcr_20_4,E,A,G,V,72,100,C,CG2,7.186763
tcr_20_4,E,A,G,V,72,100,C,CA,8.8800335
tcr_20_4,E,A,G,V,72,100,C,CB,8.569923
tcr_20_4,E,A,G,V,72,100,C,CG1,8.907775
tcr_20_4,E,A,G,E,72,43,O,CG,7.9546766
tcr_20_4,E,A,G,E,72,43,O,N,9.417484
tcr_20_4,E,A,G,E,72,43,O,CB,9.279159
tcr_20_4,E,A,G,E,72,43,O,CD,7.782876
tcr_20_4,E,A,G,E,72,43,O,CA,9.467315
tcr_20_4,E,A,G,E,72,43,O,OE2,8.882352
tcr_20_4,E,A,G,E,72,43,O,OE1,6.6525593
tcr_20_4,E,A,G,Q,72,96,O,NE2,8.527923
tcr_20_4,E,A,G,Q,72,96,O,CG,8.811697
tcr_20_4,E,A,G,Q,72,96,O,CD,8.763246
tcr_20_4,E,A,G,Q,72,96,O,OE1,9.18207
tcr_20_4,E,A,G,Q,72,96,O,CB,9.094218
tcr_20_4,E,A,G,Q,72,96,O,CA,9.389359
tcr_20_4,E,A,G,G,72,42,O,CA,9.060181
tcr_20_4,E,A,G,G,72,42,O,O,7.8124657
tcr_20_4,E,A,G,G,72,42,O,C,8.627942
tcr_20_4,E,A,G,R,72,99,O,NH2,4.469814
tcr_20_4,E,A,G,R,72,99,O,CZ,4.497187
tcr_20_4,E,A,G,R,72,103,O,NH2,5.3458695
tcr_20_4,E,A,G,R,72,99,O,NH1,4.1472607
tcr_20_4,E,A,G,R,72,99,O,NE,5.3430486
tcr_20_4,E,A,G,R,72,103,O,CZ,6.018532
tcr_20_4,E,A,G,R,72,103,O,CG,9.633684
tcr_20_4,E,A,G,R,72,99,O,CD,6.0291996
tcr_20_4,E,A,G,R,72,99,O,CG,7.148262
tcr_20_4,E,A,G,R,72,103,O,NE,7.285451
tcr_20_4,E,A,G,R,72,103,O,CD,8.287418
tcr_20_4,E,A,G,R,72,103,O,NH1,5.637978
tcr_20_4,E,A,G,R,72,99,O,O,9.148755
tcr_20_4,E,A,G,R,72,99,O,CB,8.073392
tcr_20_4,E,A,G,Q,72,96,O,C,9.504333
tcr_20_4,E,A,G,V,72,100,O,N,9.0986395
tcr_20_4,E,A,G,R,72,99,O,CA,9.29081
tcr_20_4,E,A,G,R,72,99,O,C,9.073968
tcr_20_4,E,A,G,Q,72,96,O,O,8.698184
tcr_20_4,E,A,G,V,72,100,O,CG2,7.767044
tcr_20_4,E,A,G,V,72,100,O,CA,9.325063
tcr_20_4,E,A,G,V,72,100,O,CB,9.148856
tcr_20_4,E,A,G,V,72,100,O,CG1,9.642914
tcr_20_4,E,A,I,E,73,43,N,CG,9.338161
tcr_20_4,E,A,I,E,73,43,N,CD,9.014933
tcr_20_4,E,A,I,E,73,43,N,OE1,7.862319
tcr_20_4,E,A,I,Q,73,96,N,NE2,8.252098
tcr_20_4,E,A,I,Q,73,96,N,CG,8.475586
tcr_20_4,E,A,I,Q,73,96,N,CD,8.271629
tcr_20_4,E,A,I,Q,73,96,N,OE1,8.400427
tcr_20_4,E,A,I,Q,73,96,N,CB,8.495112
tcr_20_4,E,A,I,Q,73,96,N,CA,8.9503565
tcr_20_4,E,A,I,G,73,42,N,O,9.31026
tcr_20_4,E,A,I,R,73,99,N,NH2,6.221222
tcr_20_4,E,A,I,R,73,99,N,CZ,5.9004636
tcr_20_4,E,A,I,R,73,103,N,NH2,6.227612
tcr_20_4,E,A,I,R,73,99,N,NH1,5.4586835
tcr_20_4,E,A,I,R,73,99,N,NE,6.413564
tcr_20_4,E,A,I,R,73,103,N,CZ,6.5373144
tcr_20_4,E,A,I,R,73,103,N,CG,9.752227
tcr_20_4,E,A,I,R,73,99,N,CD,6.675756
tcr_20_4,E,A,I,R,73,99,N,CG,7.5818005
tcr_20_4,E,A,I,R,73,103,N,NE,7.6983013
tcr_20_4,E,A,I,R,73,103,N,CD,8.392698
tcr_20_4,E,A,I,R,73,103,N,NH1,5.9107695
tcr_20_4,E,A,I,R,73,99,N,O,9.080311
tcr_20_4,E,A,I,R,73,99,N,CB,8.194132
tcr_20_4,E,A,I,Q,73,96,N,C,8.832745
tcr_20_4,E,A,I,V,73,100,N,N,8.562831
tcr_20_4,E,A,I,R,73,99,N,CA,9.273855
tcr_20_4,E,A,I,R,73,99,N,C,8.864134
tcr_20_4,E,A,I,Q,73,96,N,O,8.033511
tcr_20_4,E,A,I,V,73,100,N,CG2,6.599504
tcr_20_4,E,A,I,V,73,100,N,CA,8.574496
tcr_20_4,E,A,I,V,73,100,N,CB,8.053779
tcr_20_4,E,A,I,V,73,100,N,CG1,8.378354
tcr_20_4,E,A,I,A,73,97,N,N,9.8229885
tcr_20_4,E,A,I,E,73,43,CA,CG,8.956752
tcr_20_4,E,A,I,E,73,43,CA,CD,8.409915
tcr_20_4,E,A,I,E,73,43,CA,OE2,9.290187
tcr_20_4,E,A,I,E,73,43,CA,OE1,7.215799
tcr_20_4,E,A,I,Q,73,96,CA,NE2,6.87741
tcr_20_4,E,A,I,Q,73,96,CA,CG,7.3080497
tcr_20_4,E,A,I,Q,73,96,CA,CD,6.957566
tcr_20_4,E,A,I,Q,73,96,CA,OE1,7.0745
tcr_20_4,E,A,I,Q,73,96,CA,CB,7.4500546
tcr_20_4,E,A,I,Q,73,96,CA,CA,8.085381
tcr_20_4,E,A,I,Q,73,96,CA,N,9.4883375
tcr_20_4,E,A,I,G,73,42,CA,O,9.49616
tcr_20_4,E,A,I,R,73,99,CA,NH2,6.441178
tcr_20_4,E,A,I,R,73,99,CA,CZ,5.9301734
tcr_20_4,E,A,I,R,73,103,CA,NH2,6.9699183
tcr_20_4,E,A,I,R,73,99,CA,NH1,5.198234
tcr_20_4,E,A,I,R,73,99,CA,NE,6.494596
tcr_20_4,E,A,I,R,73,103,CA,CZ,7.4112315
tcr_20_4,E,A,I,R,73,99,CA,CD,6.5496845
tcr_20_4,E,A,I,R,73,99,CA,CG,7.5880566
tcr_20_4,E,A,I,R,73,103,CA,NE,8.505642
tcr_20_4,E,A,I,R,73,103,CA,CD,9.264174
tcr_20_4,E,A,I,R,73,103,CA,NH1,6.966968
tcr_20_4,E,A,I,R,73,99,CA,O,9.384239
tcr_20_4,E,A,I,R,73,99,CA,CB,8.014789
tcr_20_4,E,A,I,Q,73,96,CA,C,8.133659
tcr_20_4,E,A,I,V,73,100,CA,N,8.64763
tcr_20_4,E,A,I,R,73,99,CA,CA,9.204729
tcr_20_4,E,A,I,R,73,99,CA,C,8.989074
tcr_20_4,E,A,I,Q,73,96,CA,O,7.498263
tcr_20_4,E,A,I,R,73,99,CA,N,9.871701
tcr_20_4,E,A,I,V,73,100,CA,CG2,6.718949
tcr_20_4,E,A,I,V,73,100,CA,CA,8.833745
tcr_20_4,E,A,I,V,73,100,CA,CB,8.239455
tcr_20_4,E,A,I,V,73,100,CA,CG1,8.745346
tcr_20_4,E,A,I,A,73,97,CA,N,9.121067
tcr_20_4,E,A,I,A,73,97,CA,CA,9.619376
tcr_20_4,E,A,I,E,73,43,C,CD,9.60649
tcr_20_4,E,A,I,E,73,43,C,OE1,8.386129
tcr_20_4,E,A,I,Q,73,96,C,NE2,7.129535
tcr_20_4,E,A,I,Q,73,96,C,CG,7.9012146
tcr_20_4,E,A,I,Q,73,96,C,CD,7.2726936
tcr_20_4,E,A,I,Q,73,96,C,OE1,7.19523
tcr_20_4,E,A,I,Q,73,96,C,CB,8.068999
tcr_20_4,E,A,I,Q,73,96,C,CA,8.915199
tcr_20_4,E,A,I,R,73,99,C,NH2,7.8864827
tcr_20_4,E,A,I,R,73,99,C,CZ,7.4105616
tcr_20_4,E,A,I,R,73,103,C,NH2,8.4437
tcr_20_4,E,A,I,R,73,99,C,NH1,6.6019254
tcr_20_4,E,A,I,R,73,99,C,NE,8.009003
tcr_20_4,E,A,I,R,73,103,C,CZ,8.818719
tcr_20_4,E,A,I,R,73,99,C,CD,8.012467
tcr_20_4,E,A,I,R,73,99,C,CG,9.038973
tcr_20_4,E,A,I,R,73,103,C,NE,9.913907
tcr_20_4,E,A,I,R,73,103,C,NH1,8.267319
tcr_20_4,E,A,I,R,73,99,C,CB,9.358206
tcr_20_4,E,A,I,Q,73,96,C,C,8.97358
tcr_20_4,E,A,I,V,73,100,C,N,9.820523
tcr_20_4,E,A,I,Q,73,96,C,O,8.454879
tcr_20_4,E,A,I,V,73,100,C,CG2,7.6354938
tcr_20_4,E,A,I,V,73,100,C,CA,9.924015
tcr_20_4,E,A,I,V,73,100,C,CB,9.15275
tcr_20_4,E,A,I,V,73,100,C,CG1,9.541746
tcr_20_4,E,A,I,A,73,97,C,N,9.841807
tcr_20_4,E,A,I,E,73,43,O,OE1,9.43787
tcr_20_4,E,A,I,Q,73,96,O,NE2,7.8137097
tcr_20_4,E,A,I,Q,73,96,O,CG,8.461711
tcr_20_4,E,A,I,Q,73,96,O,CD,7.810853
tcr_20_4,E,A,I,Q,73,96,O,OE1,7.560452
tcr_20_4,E,A,I,Q,73,96,O,CB,8.445727
tcr_20_4,E,A,I,Q,73,96,O,CA,9.305989
tcr_20_4,E,A,I,R,73,99,O,NH2,8.806302
tcr_20_4,E,A,I,R,73,99,O,CZ,8.301441
tcr_20_4,E,A,I,R,73,103,O,NH2,8.951472
tcr_20_4,E,A,I,R,73,99,O,NH1,7.576865
tcr_20_4,E,A,I,R,73,99,O,NE,8.776468
tcr_20_4,E,A,I,R,73,103,O,CZ,9.162147
tcr_20_4,E,A,I,R,73,99,O,CD,8.701392
tcr_20_4,E,A,I,R,73,99,O,CG,9.585238
tcr_20_4,E,A,I,R,73,103,O,NH1,8.495075
tcr_20_4,E,A,I,R,73,99,O,CB,9.820593
tcr_20_4,E,A,I,Q,73,96,O,C,9.194912
tcr_20_4,E,A,I,V,73,100,O,N,9.89754
tcr_20_4,E,A,I,Q,73,96,O,O,8.660106
tcr_20_4,E,A,I,V,73,100,O,CG2,7.4531007
tcr_20_4,E,A,I,V,73,100,O,CA,9.844104
tcr_20_4,E,A,I,V,73,100,O,CB,8.925367
tcr_20_4,E,A,I,V,73,100,O,CG1,9.152719
tcr_20_4,E,A,I,A,73,97,O,N,9.942355
tcr_20_4,E,A,I,E,73,43,CB,CG,8.52348
tcr_20_4,E,A,I,E,73,43,CB,CB,9.598447
tcr_20_4,E,A,I,E,73,43,CB,CD,7.9428973
tcr_20_4,E,A,I,E,73,43,CB,OE2,8.742696
tcr_20_4,E,A,I,E,73,43,CB,OE1,6.831666
tcr_20_4,E,A,I,Q,73,96,CB,NE2,6.062993
tcr_20_4,E,A,I,A,73,95,CB,O,8.784593
tcr_20_4,E,A,I,Q,73,96,CB,CG,6.107089
tcr_20_4,E,A,I,Q,73,96,CB,CD,5.897323
tcr_20_4,E,A,I,Q,73,96,CB,OE1,5.973495
tcr_20_4,E,A,I,Q,73,96,CB,CB,6.0596585
tcr_20_4,E,A,I,Q,73,96,CB,CA,6.657666
tcr_20_4,E,A,I,Q,73,96,CB,N,8.087991
tcr_20_4,E,A,I,A,73,95,CB,C,8.981483
tcr_20_4,E,A,I,G,73,42,CB,O,9.194965
tcr_20_4,E,A,I,R,73,99,CB,NH2,6.5070934
tcr_20_4,E,A,I,R,73,99,CB,CZ,5.722646
tcr_20_4,E,A,I,R,73,103,CB,NH2,6.7858906
tcr_20_4,E,A,I,R,73,99,CB,NH1,4.988196
tcr_20_4,E,A,I,R,73,99,CB,NE,6.026326
tcr_20_4,E,A,I,R,73,103,CB,CZ,7.166657
tcr_20_4,E,A,I,R,73,103,CB,CG,9.91294
tcr_20_4,E,A,I,R,73,99,CB,CD,5.7513037
tcr_20_4,E,A,I,R,73,99,CB,CG,6.665948
tcr_20_4,E,A,I,R,73,103,CB,NE,8.097572
tcr_20_4,E,A,I,R,73,103,CB,CD,8.791457
tcr_20_4,E,A,I,R,73,103,CB,NH1,6.867654
tcr_20_4,E,A,I,R,73,99,CB,O,8.371585
tcr_20_4,E,A,I,R,73,99,CB,CB,6.8594193
tcr_20_4,E,A,I,Q,73,96,CB,C,6.6222105
tcr_20_4,E,A,I,V,73,100,CB,N,7.40109
tcr_20_4,E,A,I,R,73,99,CB,CA,8.006013
tcr_20_4,E,A,I,R,73,99,CB,C,7.8340554
tcr_20_4,E,A,I,D,73,98,CB,C,9.678455
tcr_20_4,E,A,I,Q,73,96,CB,O,6.0031986
tcr_20_4,E,A,I,R,73,99,CB,N,8.541961
tcr_20_4,E,A,I,V,73,100,CB,CG2,5.4925013
tcr_20_4,E,A,I,V,73,100,CB,CA,7.6676064
tcr_20_4,E,A,I,V,73,100,CB,CB,7.0231066
tcr_20_4,E,A,I,V,73,100,CB,CG1,7.67831
tcr_20_4,E,A,I,V,73,100,CB,C,9.1808
tcr_20_4,E,A,I,V,73,100,CB,O,9.876869
tcr_20_4,E,A,I,K,73,92,CB,O,9.593853
tcr_20_4,E,A,I,D,73,98,CB,N,9.42952
tcr_20_4,E,A,I,A,73,97,CB,O,8.666112
tcr_20_4,E,A,I,A,73,97,CB,C,8.694996
tcr_20_4,E,A,I,A,73,97,CB,CB,9.262802
tcr_20_4,E,A,I,R,73,93,CB,O,9.158692
tcr_20_4,E,A,I,A,73,97,CB,N,7.583277
tcr_20_4,E,A,I,A,73,97,CB,CA,8.078283
tcr_20_4,E,A,I,N,73,101,CB,N,9.844715
tcr_20_4,E,A,I,P,73,44,CG1,N,9.749028
tcr_20_4,E,A,I,P,73,44,CG1,CG,9.345952
tcr_20_4,E,A,I,E,73,43,CG1,C,9.872716
tcr_20_4,E,A,I,P,73,44,CG1,CD,8.629266
tcr_20_4,E,A,I,E,73,43,CG1,CG,7.4425464
tcr_20_4,E,A,I,E,73,43,CG1,N,9.216116
tcr_20_4,E,A,I,E,73,43,CG1,CB,8.431932
tcr_20_4,E,A,I,E,73,43,CG1,CD,7.066753
tcr_20_4,E,A,I,E,73,43,CG1,CA,8.709786
tcr_20_4,E,A,I,E,73,43,CG1,OE2,7.9529934
tcr_20_4,E,A,I,E,73,43,CG1,OE1,6.0543995
tcr_20_4,E,A,I,Q,73,96,CG1,NE2,6.443365
tcr_20_4,E,A,I,A,73,95,CG1,O,7.8654976
tcr_20_4,E,A,I,Q,73,96,CG1,CG,6.004483
tcr_20_4,E,A,I,Q,73,96,CG1,CD,6.1818113
tcr_20_4,E,A,I,Q,73,96,CG1,OE1,6.454569
tcr_20_4,E,A,I,Q,73,96,CG1,CB,5.8635592
tcr_20_4,E,A,I,Q,73,96,CG1,CA,6.10794
tcr_20_4,E,A,I,Q,73,96,CG1,N,7.534337
tcr_20_4,E,A,I,A,73,95,CG1,C,8.244712
tcr_20_4,E,A,I,G,73,42,CG1,CA,9.733365
tcr_20_4,E,A,I,G,73,42,CG1,O,7.80562
tcr_20_4,E,A,I,G,73,42,CG1,C,8.761243
tcr_20_4,E,A,I,R,73,99,CG1,NH2,5.358346
tcr_20_4,E,A,I,R,73,99,CG1,CZ,4.477869
tcr_20_4,E,A,I,R,73,103,CG1,NH2,5.3942995
tcr_20_4,E,A,I,R,73,99,CG1,NH1,3.954998
tcr_20_4,E,A,I,R,73,99,CG1,NE,4.595338
tcr_20_4,E,A,I,R,73,103,CG1,CB,9.205108
tcr_20_4,E,A,I,R,73,103,CG1,CZ,5.814091
tcr_20_4,E,A,I,R,73,103,CG1,CG,8.522475
tcr_20_4,E,A,I,R,73,99,CG1,CD,4.3027587
tcr_20_4,E,A,I,R,73,99,CG1,CG,5.1625066
tcr_20_4,E,A,I,R,73,103,CG1,NE,6.685366
tcr_20_4,E,A,I,R,73,103,CG1,CD,7.4570355
tcr_20_4,E,A,I,R,73,103,CG1,NH1,5.6916084
tcr_20_4,E,A,I,R,73,99,CG1,O,6.9449415
tcr_20_4,E,A,I,R,73,99,CG1,CB,5.4821396
tcr_20_4,E,A,I,Q,73,96,CG1,C,6.0004535
tcr_20_4,E,A,I,V,73,100,CG1,N,6.191002
tcr_20_4,E,A,I,R,73,99,CG1,CA,6.640738
tcr_20_4,E,A,I,R,73,99,CG1,C,6.4714103
tcr_20_4,E,A,I,D,73,98,CG1,C,8.493936
tcr_20_4,E,A,I,Q,73,96,CG1,O,5.1980724
tcr_20_4,E,A,I,D,73,98,CG1,O,9.075072
tcr_20_4,E,A,I,R,73,99,CG1,N,7.325663
tcr_20_4,E,A,I,V,73,100,CG1,CG2,4.693834
tcr_20_4,E,A,I,V,73,100,CG1,CA,6.5608974
tcr_20_4,E,A,I,V,73,100,CG1,CB,6.1710443
tcr_20_4,E,A,I,V,73,100,CG1,CG1,6.965056
tcr_20_4,E,A,I,V,73,100,CG1,C,8.089353
tcr_20_4,E,A,I,V,73,100,CG1,O,8.771707
tcr_20_4,E,A,I,A,73,95,CG1,CA,9.765555
tcr_20_4,E,A,I,K,73,92,CG1,O,9.4395895
tcr_20_4,E,A,I,D,73,98,CG1,CA,9.2603245
tcr_20_4,E,A,I,D,73,98,CG1,N,8.56108
tcr_20_4,E,A,I,A,73,97,CG1,O,7.8225183
tcr_20_4,E,A,I,Q,73,94,CG1,O,9.961441
tcr_20_4,E,A,I,A,73,97,CG1,C,7.9207067
tcr_20_4,E,A,I,A,73,97,CG1,CB,8.886807
tcr_20_4,E,A,I,R,73,93,CG1,O,9.025134
tcr_20_4,E,A,I,A,73,97,CG1,N,7.0840063
tcr_20_4,E,A,I,A,73,97,CG1,CA,7.55086
tcr_20_4,E,A,I,N,73,101,CG1,N,8.7870035
tcr_20_4,E,A,I,E,73,43,CG2,CG,8.315708
tcr_20_4,E,A,I,E,73,43,CG2,CB,9.376547
tcr_20_4,E,A,I,E,73,43,CG2,CD,7.488426
tcr_20_4,E,A,I,E,73,43,CG2,OE2,8.1157055
tcr_20_4,E,A,I,E,73,43,CG2,OE1,6.3827243
tcr_20_4,E,A,I,Q,73,96,CG2,NE2,4.5772076
tcr_20_4,E,A,I,A,73,95,CG2,O,8.307687
tcr_20_4,E,A,I,Q,73,96,CG2,CG,4.9122787
tcr_20_4,E,A,I,Q,73,96,CG2,CD,4.4861593
tcr_20_4,E,A,I,Q,73,96,CG2,OE1,4.5752277
tcr_20_4,E,A,I,Q,73,96,CG2,CB,5.081593
tcr_20_4,E,A,I,Q,73,96,CG2,CA,5.9400034
tcr_20_4,E,A,I,Q,73,96,CG2,N,7.290182
tcr_20_4,E,A,I,A,73,95,CG2,C,8.312036
tcr_20_4,E,A,I,G,73,42,CG2,O,9.59128
tcr_20_4,E,A,I,R,73,99,CG2,NH2,7.0393686
tcr_20_4,E,A,I,R,73,99,CG2,CZ,6.1430283
tcr_20_4,E,A,I,R,73,103,CG2,NH2,7.8357058
tcr_20_4,E,A,I,R,73,99,CG2,NH1,5.16885
tcr_20_4,E,A,I,R,73,99,CG2,NE,6.4980865
tcr_20_4,E,A,I,R,73,103,CG2,CZ,8.339776
tcr_20_4,E,A,I,R,73,99,CG2,CD,6.0407877
tcr_20_4,E,A,I,R,73,99,CG2,CG,7.0629296
tcr_20_4,E,A,I,R,73,103,CG2,NE,9.206202
tcr_20_4,E,A,I,R,73,103,CG2,CD,9.964216
tcr_20_4,E,A,I,R,73,103,CG2,NH1,8.192012
tcr_20_4,E,A,I,R,73,99,CG2,O,9.05691
tcr_20_4,E,A,I,R,73,99,CG2,CB,7.050236
tcr_20_4,E,A,I,Q,73,96,CG2,C,6.1815352
tcr_20_4,E,A,I,V,73,100,CG2,N,7.93722
tcr_20_4,E,A,I,R,73,99,CG2,CA,8.287563
tcr_20_4,E,A,I,R,73,99,CG2,C,8.363467
tcr_20_4,E,A,I,D,73,98,CG2,C,9.797495
tcr_20_4,E,A,I,Q,73,96,CG2,O,5.834723
tcr_20_4,E,A,I,R,73,99,CG2,N,8.631103
tcr_20_4,E,A,I,V,73,100,CG2,CG2,6.2521477
tcr_20_4,E,A,I,V,73,100,CG2,CA,8.400424
tcr_20_4,E,A,I,V,73,100,CG2,CB,7.743118
tcr_20_4,E,A,I,V,73,100,CG2,CG1,8.56469
tcr_20_4,E,A,I,V,73,100,CG2,C,9.890845
tcr_20_4,E,A,I,A,73,95,CG2,CA,9.710407
tcr_20_4,E,A,I,K,73,92,CG2,O,8.413769
tcr_20_4,E,A,I,R,73,93,CG2,N,9.656881
tcr_20_4,E,A,I,K,73,92,CG2,C,9.365584
tcr_20_4,E,A,I,R,73,93,CG2,CA,8.973554
tcr_20_4,E,A,I,R,73,93,CG2,C,9.132041
tcr_20_4,E,A,I,R,73,93,CG2,CG,9.569106
tcr_20_4,E,A,I,R,73,93,CG2,CB,9.785042
tcr_20_4,E,A,I,D,73,98,CG2,N,9.274753
tcr_20_4,E,A,I,A,73,97,CG2,O,8.819697
tcr_20_4,E,A,I,A,73,97,CG2,C,8.632827
tcr_20_4,E,A,I,A,73,97,CG2,CB,8.930328
tcr_20_4,E,A,I,R,73,93,CG2,O,8.287943
tcr_20_4,E,A,I,A,73,97,CG2,N,7.1243567
tcr_20_4,E,A,I,A,73,97,CG2,CA,7.8418965
tcr_20_4,E,A,I,P,73,44,CD1,N,9.102776
tcr_20_4,E,A,I,P,73,44,CD1,CB,9.861503
tcr_20_4,E,A,I,P,73,44,CD1,CG,8.377688
tcr_20_4,E,A,I,E,73,43,CD1,C,9.414616
tcr_20_4,E,A,I,P,73,44,CD1,CD,7.867514
tcr_20_4,E,A,I,E,73,43,CD1,CG,7.422994
tcr_20_4,E,A,I,E,73,43,CD1,N,9.14305
tcr_20_4,E,A,I,E,73,43,CD1,CB,8.177561
tcr_20_4,E,A,I,E,73,43,CD1,CD,7.0619254
tcr_20_4,E,A,I,E,73,43,CD1,CA,8.42651
tcr_20_4,E,A,I,E,73,43,CD1,OE2,7.8247795
tcr_20_4,E,A,I,E,73,43,CD1,OE1,6.2247934
tcr_20_4,E,A,I,Q,73,96,CD1,NE2,6.2559085
tcr_20_4,E,A,I,A,73,95,CD1,O,6.5742702
tcr_20_4,E,A,I,Q,73,96,CD1,CG,5.271995
tcr_20_4,E,A,I,Q,73,96,CD1,CD,5.708244
tcr_20_4,E,A,I,Q,73,96,CD1,OE1,5.9384193
tcr_20_4,E,A,I,Q,73,96,CD1,CB,4.8159175
tcr_20_4,E,A,I,Q,73,96,CD1,CA,4.865881
tcr_20_4,E,A,I,A,73,95,CD1,CB,9.173563
tcr_20_4,E,A,I,Q,73,96,CD1,N,6.3094454
tcr_20_4,E,A,I,A,73,95,CD1,C,6.9782124
tcr_20_4,E,A,I,G,73,42,CD1,CA,9.977578
tcr_20_4,E,A,I,G,73,42,CD1,O,7.853042
tcr_20_4,E,A,I,G,73,42,CD1,C,8.830182
tcr_20_4,E,A,I,R,73,99,CD1,NH2,6.0005245
tcr_20_4,E,A,I,R,73,99,CD1,CZ,4.9195123
tcr_20_4,E,A,I,R,73,103,CD1,NH2,5.6759386
tcr_20_4,E,A,I,R,73,99,CD1,NH1,4.50961
tcr_20_4,E,A,I,R,73,99,CD1,NE,4.6569943
tcr_20_4,E,A,I,R,73,103,CD1,CB,8.638242
tcr_20_4,E,A,I,R,73,103,CD1,CZ,5.9673615
tcr_20_4,E,A,I,R,73,103,CD1,CG,8.06665
tcr_20_4,E,A,I,R,73,99,CD1,CD,3.9073627
tcr_20_4,E,A,I,R,73,99,CD1,CG,4.4557314
tcr_20_4,E,A,I,R,73,103,CD1,NE,6.5696774
tcr_20_4,E,A,I,R,73,103,CD1,CD,7.212832
tcr_20_4,E,A,I,R,73,103,CD1,NH1,6.020891
tcr_20_4,E,A,I,R,73,99,CD1,O,5.994468
tcr_20_4,E,A,I,R,73,99,CD1,CB,4.402282
tcr_20_4,E,A,I,Q,73,96,CD1,C,4.559525
tcr_20_4,E,A,I,V,73,100,CD1,N,4.925149
tcr_20_4,E,A,I,R,73,99,CD1,CA,5.454925
tcr_20_4,E,A,I,R,73,99,CD1,C,5.328129
tcr_20_4,E,A,I,D,73,98,CD1,C,7.1033545
tcr_20_4,E,A,I,Q,73,96,CD1,O,3.6932077
tcr_20_4,E,A,I,D,73,98,CD1,O,7.753201
tcr_20_4,E,A,I,R,73,99,CD1,N,5.9717603
tcr_20_4,E,A,I,L,73,102,CD1,N,9.378021
tcr_20_4,E,A,I,V,73,100,CD1,CG2,3.5995007
tcr_20_4,E,A,I,V,73,100,CD1,CA,5.4239197
tcr_20_4,E,A,I,V,73,100,CD1,CB,5.021248
tcr_20_4,E,A,I,V,73,100,CD1,CG1,6.029164
tcr_20_4,E,A,I,V,73,100,CD1,C,6.9329915
tcr_20_4,E,A,I,V,73,100,CD1,O,7.749027
tcr_20_4,E,A,I,R,73,103,CD1,N,9.350022
tcr_20_4,E,A,I,R,73,103,CD1,CA,9.735076
tcr_20_4,E,A,I,A,73,95,CD1,N,9.060399
tcr_20_4,E,A,I,A,73,95,CD1,CA,8.509885
tcr_20_4,E,A,I,Q,73,94,CD1,C,9.026713
tcr_20_4,E,A,I,Q,73,94,CD1,N,9.819606
tcr_20_4,E,A,I,Q,73,94,CD1,CA,9.86006
tcr_20_4,E,A,I,K,73,92,CD1,O,8.456923
tcr_20_4,E,A,I,R,73,93,CD1,N,9.948187
tcr_20_4,E,A,I,K,73,92,CD1,C,9.579728
tcr_20_4,E,A,I,R,73,93,CD1,CA,9.167789
tcr_20_4,E,A,I,R,73,93,CD1,C,8.809537
tcr_20_4,E,A,I,N,73,101,CD1,ND2,9.634852
tcr_20_4,E,A,I,D,73,98,CD1,CB,8.885104
tcr_20_4,E,A,I,D,73,98,CD1,CA,7.785245
tcr_20_4,E,A,I,D,73,98,CD1,N,7.0442533
tcr_20_4,E,A,I,A,73,97,CD1,O,6.3289046
tcr_20_4,E,A,I,Q,73,94,CD1,O,8.509344
tcr_20_4,E,A,I,A,73,97,CD1,C,6.390738
tcr_20_4,E,A,I,A,73,97,CD1,CB,7.4163947
tcr_20_4,E,A,I,R,73,93,CD1,O,7.7509828
tcr_20_4,E,A,I,A,73,97,CD1,N,5.6221066
tcr_20_4,E,A,I,A,73,97,CD1,CA,6.0459995
tcr_20_4,E,A,I,N,73,101,CD1,CA,8.950983
tcr_20_4,E,A,I,N,73,101,CD1,CG,9.452201
tcr_20_4,E,A,I,N,73,101,CD1,OD1,9.561092
tcr_20_4,E,A,I,N,73,101,CD1,N,7.4943504
tcr_20_4,E,A,I,N,73,101,CD1,CB,9.47489
tcr_20_4,E,A,I,N,73,101,CD1,C,9.682481
tcr_20_4,E,A,I,K,73,104,CD1,CE,9.746297
tcr_20_4,E,A,T,E,74,43,N,CD,9.622599
tcr_20_4,E,A,T,E,74,43,N,OE1,8.375754
tcr_20_4,E,A,T,Q,74,96,N,NE2,6.9146204
tcr_20_4,E,A,T,Q,74,96,N,CG,8.078104
tcr_20_4,E,A,T,Q,74,96,N,CD,7.284268
tcr_20_4,E,A,T,Q,74,96,N,OE1,7.2579746
tcr_20_4,E,A,T,Q,74,96,N,CB,8.471021
tcr_20_4,E,A,T,Q,74,96,N,CA,9.430386
tcr_20_4,E,A,T,R,74,99,N,NH2,8.23969
tcr_20_4,E,A,T,R,74,99,N,CZ,7.831954
tcr_20_4,E,A,T,R,74,103,N,NH2,9.275928
tcr_20_4,E,A,T,R,74,99,N,NH1,6.892717
tcr_20_4,E,A,T,R,74,99,N,NE,8.585244
tcr_20_4,E,A,T,R,74,103,N,CZ,9.778514
tcr_20_4,E,A,T,R,74,99,N,CD,8.645994
tcr_20_4,E,A,T,R,74,99,N,CG,9.806312
tcr_20_4,E,A,T,R,74,103,N,NH1,9.288696
tcr_20_4,E,A,T,Q,74,96,N,C,9.679396
tcr_20_4,E,A,T,Q,74,96,N,O,9.272074
tcr_20_4,E,A,T,V,74,100,N,CG2,8.834245
tcr_20_4,E,A,T,E,74,43,CA,OE1,9.606408
tcr_20_4,E,A,T,Q,74,96,CA,NE2,7.488418
tcr_20_4,E,A,T,Q,74,96,CA,CG,8.902909
tcr_20_4,E,A,T,Q,74,96,CA,CD,7.9136443
tcr_20_4,E,A,T,Q,74,96,CA,OE1,7.737729
tcr_20_4,E,A,T,Q,74,96,CA,CB,9.31984
tcr_20_4,E,A,T,R,74,99,CA,NH2,9.66704
tcr_20_4,E,A,T,R,74,99,CA,CZ,9.276506
tcr_20_4,E,A,T,R,74,99,CA,NH1,8.30332
tcr_20_4,E,A,T,V,74,100,CA,CG2,9.93647
tcr_20_4,E,A,T,E,74,43,C,OE1,9.4336815
tcr_20_4,E,A,T,Q,74,96,C,NE2,6.743991
tcr_20_4,E,A,T,Q,74,96,C,CG,8.48911
tcr_20_4,E,A,T,Q,74,96,C,CD,7.3407154
tcr_20_4,E,A,T,Q,74,96,C,OE1,7.1838965
tcr_20_4,E,A,T,Q,74,96,C,CB,9.092676
tcr_20_4,E,A,T,R,74,99,C,CZ,9.677679
tcr_20_4,E,A,T,R,74,99,C,NH1,8.575152
tcr_20_4,E,A,T,E,74,43,O,CD,9.742109
tcr_20_4,E,A,T,E,74,43,O,OE1,8.54524
tcr_20_4,E,A,T,Q,74,96,O,NE2,6.2007875
tcr_20_4,E,A,T,Q,74,96,O,CG,8.071675
tcr_20_4,E,A,T,Q,74,96,O,CD,6.967311
tcr_20_4,E,A,T,Q,74,96,O,OE1,7.0025353
tcr_20_4,E,A,T,Q,74,96,O,CB,8.849749
tcr_20_4,E,A,T,R,74,99,O,NH2,9.490333
tcr_20_4,E,A,T,R,74,99,O,CZ,9.072399
tcr_20_4,E,A,T,R,74,99,O,NH1,7.9142857
tcr_20_4,E,A,T,R,74,99,O,NE,9.959929
tcr_20_4,E,A,T,R,74,99,O,CD,9.95432
tcr_20_4,E,A,T,Q,74,96,CB,NE2,8.874849
tcr_20_4,E,A,T,Q,74,96,CB,CD,9.375776
tcr_20_4,E,A,T,Q,74,96,CB,OE1,9.247977
tcr_20_4,E,A,T,R,74,99,CB,CZ,9.965667
tcr_20_4,E,A,T,R,74,99,CB,NH1,9.068169
tcr_20_4,E,A,T,E,74,43,OG1,OE1,9.941707
tcr_20_4,E,A,T,Q,74,96,OG1,NE2,8.939971
tcr_20_4,E,A,T,Q,74,96,OG1,CD,9.586473
tcr_20_4,E,A,T,Q,74,96,OG1,OE1,9.629741
tcr_20_4,E,A,T,R,74,99,OG1,NH2,9.600434
tcr_20_4,E,A,T,R,74,99,OG1,CZ,9.520141
tcr_20_4,E,A,T,R,74,99,OG1,NH1,8.617062
tcr_20_4,E,A,T,Q,74,96,CG2,NE2,9.8775015
tcr_20_4,E,A,T,R,74,99,CG2,NH1,9.312419
tcr_20_4,E,A,D,Q,75,96,N,NE2,7.103013
tcr_20_4,E,A,D,Q,75,96,N,CG,8.944107
tcr_20_4,E,A,D,Q,75,96,N,CD,7.660838
tcr_20_4,E,A,D,Q,75,96,N,OE1,7.3343716
tcr_20_4,E,A,D,Q,75,96,N,CB,9.510001
tcr_20_4,E,A,D,R,75,99,N,NH1,9.752658
tcr_20_4,E,A,D,Q,75,96,CA,NE2,6.927764
tcr_20_4,E,A,D,Q,75,96,CA,CG,9.007368
tcr_20_4,E,A,D,Q,75,96,CA,CD,7.612502
tcr_20_4,E,A,D,Q,75,96,CA,OE1,7.290025
tcr_20_4,E,A,D,Q,75,96,CA,CB,9.712743
tcr_20_4,E,A,D,Q,75,96,C,NE2,8.324054
tcr_20_4,E,A,D,Q,75,96,C,CD,8.986078
tcr_20_4,E,A,D,Q,75,96,C,OE1,8.576636
tcr_20_4,E,A,D,Q,75,96,O,NE2,9.204461
tcr_20_4,E,A,D,Q,75,96,O,CD,9.760594
tcr_20_4,E,A,D,Q,75,96,O,OE1,9.268725
tcr_20_4,E,A,D,Q,75,96,CB,NE2,5.885103
tcr_20_4,E,A,D,Q,75,96,CB,CG,7.9442487
tcr_20_4,E,A,D,Q,75,96,CB,CD,6.4774246
tcr_20_4,E,A,D,Q,75,96,CB,OE1,6.0388327
tcr_20_4,E,A,D,Q,75,96,CB,CB,8.617813
tcr_20_4,E,A,D,R,75,93,CB,CG,9.255441
tcr_20_4,E,A,D,R,75,93,CB,CD,9.817936
tcr_20_4,E,A,D,K,75,92,CG,CD,9.982122
tcr_20_4,E,A,D,Q,75,96,CG,NE2,5.5255
tcr_20_4,E,A,D,Q,75,96,CG,CG,7.789663
tcr_20_4,E,A,D,Q,75,96,CG,CD,6.290601
tcr_20_4,E,A,D,Q,75,96,CG,OE1,5.974932
tcr_20_4,E,A,D,Q,75,96,CG,CB,8.653046
tcr_20_4,E,A,D,K,75,92,CG,CB,9.797057
tcr_20_4,E,A,D,K,75,92,CG,O,9.795883
tcr_20_4,E,A,D,R,75,93,CG,CA,9.817778
tcr_20_4,E,A,D,R,75,93,CG,CG,8.884267
tcr_20_4,E,A,D,Q,75,89,CG,CG,9.890947
tcr_20_4,E,A,D,Q,75,89,CG,NE2,9.104185
tcr_20_4,E,A,D,R,75,93,CG,CD,9.485801
tcr_20_4,E,A,D,R,75,93,CG,NE,9.914732
tcr_20_4,E,A,D,Q,75,96,OD1,NE2,6.3615885
tcr_20_4,E,A,D,Q,75,96,OD1,CG,8.726834
tcr_20_4,E,A,D,Q,75,96,OD1,CD,7.2629766
tcr_20_4,E,A,D,Q,75,96,OD1,OE1,7.0666127
tcr_20_4,E,A,D,Q,75,96,OD1,CB,9.6971855
tcr_20_4,E,A,D,R,75,93,OD1,CG,9.896598
tcr_20_4,E,A,D,Q,75,89,OD1,NE2,9.543603
tcr_20_4,E,A,D,K,75,92,OD2,CE,9.985884
tcr_20_4,E,A,D,K,75,92,OD2,NZ,9.875027
tcr_20_4,E,A,D,K,75,92,OD2,CG,9.414223
tcr_20_4,E,A,D,K,75,92,OD2,CD,8.876863
tcr_20_4,E,A,D,E,75,43,OD2,OE1,9.974839
tcr_20_4,E,A,D,Q,75,96,OD2,NE2,4.707623
tcr_20_4,E,A,D,Q,75,96,OD2,CG,6.9227853
tcr_20_4,E,A,D,Q,75,96,OD2,CD,5.405473
tcr_20_4,E,A,D,Q,75,96,OD2,OE1,5.052522
tcr_20_4,E,A,D,Q,75,96,OD2,CB,7.790481
tcr_20_4,E,A,D,Q,75,96,OD2,CA,9.274
tcr_20_4,E,A,D,Q,75,96,OD2,N,9.876966
tcr_20_4,E,A,D,K,75,92,OD2,CA,9.479056
tcr_20_4,E,A,D,K,75,92,OD2,CB,8.59622
tcr_20_4,E,A,D,K,75,92,OD2,O,8.658987
tcr_20_4,E,A,D,Q,75,89,OD2,O,9.513035
tcr_20_4,E,A,D,R,75,93,OD2,N,8.823975
tcr_20_4,E,A,D,K,75,92,OD2,C,8.84057
tcr_20_4,E,A,D,R,75,93,OD2,CA,8.646797
tcr_20_4,E,A,D,R,75,93,OD2,C,9.79803
tcr_20_4,E,A,D,R,75,93,OD2,CG,7.714654
tcr_20_4,E,A,D,Q,75,89,OD2,CG,8.7583065
tcr_20_4,E,A,D,R,75,93,OD2,CB,8.8688345
tcr_20_4,E,A,D,Q,75,89,OD2,NE2,8.144324
tcr_20_4,E,A,D,Q,75,89,OD2,CD,9.033661
tcr_20_4,E,A,D,R,75,93,OD2,CD,8.369873
tcr_20_4,E,A,D,R,75,93,OD2,NE,8.884971
tcr_20_4,E,A,D,R,75,93,OD2,O,9.710658
tcr_20_4,E,A,D,R,75,93,OD2,CZ,9.737675
tcr_20_4,E,A,Q,Q,76,96,N,NE2,8.7029085
tcr_20_4,E,A,Q,Q,76,96,N,CD,9.466205
tcr_20_4,E,A,Q,Q,76,96,N,OE1,9.105789
tcr_20_4,E,A,Q,Q,76,96,O,NE2,9.837637
tcr_20_4,E,A,Q,Q,76,96,O,OE1,9.844887
tcr_20_4,E,A,Q,Q,76,89,O,NE2,9.562874
tcr_20_4,E,A,R,R,87,103,N,NH1,9.675095
tcr_20_4,E,A,R,R,87,103,CA,NH1,9.11148
tcr_20_4,E,A,R,R,87,103,C,NH2,9.355866
tcr_20_4,E,A,R,R,87,103,C,CZ,9.163736
tcr_20_4,E,A,R,R,87,103,C,NH1,7.9790363
tcr_20_4,E,A,R,R,87,99,O,NH2,9.147065
tcr_20_4,E,A,R,R,87,99,O,CZ,9.338223
tcr_20_4,E,A,R,R,87,103,O,NH2,8.148192
tcr_20_4,E,A,R,R,87,99,O,NH1,9.339246
tcr_20_4,E,A,R,R,87,99,O,NE,9.789924
tcr_20_4,E,A,R,R,87,103,O,CZ,7.9747214
tcr_20_4,E,A,R,R,87,103,O,NE,9.109007
tcr_20_4,E,A,R,R,87,103,O,CD,9.389496
tcr_20_4,E,A,R,R,87,103,O,NH1,6.8098736
tcr_20_4,E,A,R,V,87,100,O,CG2,9.37709
tcr_20_4,E,A,R,R,87,103,CB,NH1,8.958786
tcr_20_4,E,A,R,V,87,100,CB,CG2,9.847299
tcr_20_4,E,A,R,R,87,103,CG,NH1,8.967457
tcr_20_4,E,A,R,V,87,100,CG,CG2,9.529386
tcr_20_4,E,A,R,V,87,100,CG,CG1,9.997286
tcr_20_4,E,A,R,R,87,103,CD,NH1,9.334769
tcr_20_4,E,A,R,V,87,100,CD,CG2,8.911624
tcr_20_4,E,A,R,V,87,100,CD,CB,9.952223
tcr_20_4,E,A,R,V,87,100,CD,CG1,9.372819
tcr_20_4,E,A,R,R,87,103,NE,NH1,9.703851
tcr_20_4,E,A,R,V,87,100,NE,CG2,8.923933
tcr_20_4,E,A,R,V,87,100,NE,CB,9.781641
tcr_20_4,E,A,R,V,87,100,NE,CG1,9.00697
tcr_20_4,E,A,R,R,87,103,CZ,NH1,9.971751
tcr_20_4,E,A,R,V,87,100,CZ,CG2,8.394913
tcr_20_4,E,A,R,V,87,100,CZ,CB,9.163023
tcr_20_4,E,A,R,V,87,100,CZ,CG1,8.347661
tcr_20_4,E,A,R,K,87,104,CZ,NZ,9.560138
tcr_20_4,E,A,R,K,87,104,CZ,CE,9.419586
tcr_20_4,E,A,R,R,87,103,NH1,NH1,9.907847
tcr_20_4,E,A,R,V,87,100,NH1,CG2,7.7183
tcr_20_4,E,A,R,V,87,100,NH1,CA,9.88487
tcr_20_4,E,A,R,V,87,100,NH1,CB,8.572444
tcr_20_4,E,A,R,V,87,100,NH1,CG1,7.911999
tcr_20_4,E,A,R,K,87,104,NH1,NZ,9.272956
tcr_20_4,E,A,R,K,87,104,NH1,CE,9.261707
tcr_20_4,E,A,R,V,87,100,NH2,CG2,8.791872
tcr_20_4,E,A,R,V,87,100,NH2,CB,9.366019
tcr_20_4,E,A,R,V,87,100,NH2,CG1,8.3842325
tcr_20_4,E,A,R,K,87,104,NH2,NZ,9.029678
tcr_20_4,E,A,R,K,87,104,NH2,CE,8.920453
tcr_20_4,E,A,S,R,88,103,N,NH2,9.972737
tcr_20_4,E,A,S,R,88,103,N,CZ,9.712552
tcr_20_4,E,A,S,R,88,103,N,NH1,8.499453
tcr_20_4,E,A,S,R,88,103,CA,NH2,9.440692
tcr_20_4,E,A,S,R,88,103,CA,CZ,9.10297
tcr_20_4,E,A,S,R,88,103,CA,NH1,7.889274
tcr_20_4,E,A,S,R,88,103,C,NH2,9.337145
tcr_20_4,E,A,S,R,88,103,C,CZ,8.798225
tcr_20_4,E,A,S,R,88,103,C,NE,9.671856
tcr_20_4,E,A,S,R,88,103,C,CD,9.569003
tcr_20_4,E,A,S,R,88,103,C,NH1,7.5281463
tcr_20_4,E,A,S,R,88,103,O,NH2,8.579819
tcr_20_4,E,A,S,R,88,103,O,CZ,7.9541073
tcr_20_4,E,A,S,R,88,103,O,CG,9.974501
tcr_20_4,E,A,S,R,88,103,O,NE,8.747481
tcr_20_4,E,A,S,R,88,103,O,CD,8.585729
tcr_20_4,E,A,S,R,88,103,O,NH1,6.7008753
tcr_20_4,E,A,S,R,88,103,CB,NH1,9.053783
tcr_20_4,E,A,T,R,89,103,N,CZ,9.655841
tcr_20_4,E,A,T,R,89,103,N,NH1,8.358309
tcr_20_4,E,A,T,R,89,103,CA,CZ,9.851902
tcr_20_4,E,A,T,R,89,103,CA,NH1,8.553868
tcr_20_4,E,A,T,R,89,103,C,CZ,9.906198
tcr_20_4,E,A,T,R,89,103,C,NH1,8.615846
tcr_20_4,E,A,T,V,89,100,C,CG1,9.595733
tcr_20_4,E,A,T,R,89,103,O,CZ,9.96311
tcr_20_4,E,A,T,R,89,103,O,NH1,8.679755
tcr_20_4,E,A,T,V,89,100,O,CG2,9.773808
tcr_20_4,E,A,T,V,89,100,O,CG1,9.544208
tcr_20_4,E,A,T,R,89,103,CB,NH1,9.960318
tcr_20_4,E,A,T,R,90,103,N,CD,9.9782095
tcr_20_4,E,A,T,R,90,103,N,NH1,8.863688
tcr_20_4,E,A,T,V,90,100,N,CG2,9.869641
tcr_20_4,E,A,T,V,90,100,N,CG1,9.094555
tcr_20_4,E,A,T,K,90,104,N,CE,9.507249
tcr_20_4,E,A,T,R,90,103,CA,NH1,9.384893
tcr_20_4,E,A,T,V,90,100,CA,CG2,9.456941
tcr_20_4,E,A,T,V,90,100,CA,CB,9.788966
tcr_20_4,E,A,T,V,90,100,CA,CG1,8.573909
tcr_20_4,E,A,T,K,90,104,CA,CD,9.933756
tcr_20_4,E,A,T,K,90,104,CA,NZ,9.398448
tcr_20_4,E,A,T,K,90,104,CA,CE,8.743199
tcr_20_4,E,A,T,K,90,104,CA,CG,9.73499
tcr_20_4,E,A,T,V,90,100,C,CG1,9.822469
tcr_20_4,E,A,T,K,90,104,C,CE,9.772031
tcr_20_4,E,A,T,V,90,100,O,CG1,9.8857155
tcr_20_4,E,A,T,K,90,104,O,CE,9.858246
tcr_20_4,E,A,T,R,90,103,CB,NH1,9.488756
tcr_20_4,E,A,T,V,90,100,CB,CG2,9.191069
tcr_20_4,E,A,T,V,90,100,CB,CB,9.284326
tcr_20_4,E,A,T,V,90,100,CB,CG1,7.9354844
tcr_20_4,E,A,T,K,90,104,CB,CD,8.719893
tcr_20_4,E,A,T,K,90,104,CB,NZ,8.275108
tcr_20_4,E,A,T,K,90,104,CB,CB,9.952073
tcr_20_4,E,A,T,K,90,104,CB,CE,7.5696607
tcr_20_4,E,A,T,K,90,104,CB,CG,8.5292845
tcr_20_4,E,A,T,K,90,170,CB,NZ,9.216619
tcr_20_4,E,A,T,R,90,103,OG1,CB,8.835025
tcr_20_4,E,A,T,R,90,103,OG1,CZ,9.359876
tcr_20_4,E,A,T,R,90,103,OG1,CG,9.553408
tcr_20_4,E,A,T,R,90,103,OG1,NE,9.55772
tcr_20_4,E,A,T,R,90,103,OG1,CD,8.661631
tcr_20_4,E,A,T,R,90,103,OG1,NH1,8.276
tcr_20_4,E,A,T,V,90,100,OG1,CG2,8.20287
tcr_20_4,E,A,T,V,90,100,OG1,CA,8.920365
tcr_20_4,E,A,T,V,90,100,OG1,CB,8.230834
tcr_20_4,E,A,T,V,90,100,OG1,CG1,6.8871446
tcr_20_4,E,A,T,V,90,100,OG1,C,9.278724
tcr_20_4,E,A,T,V,90,100,OG1,O,8.76268
tcr_20_4,E,A,T,K,90,104,OG1,N,9.131335
tcr_20_4,E,A,T,K,90,104,OG1,CA,9.063897
tcr_20_4,E,A,T,R,90,103,OG1,O,9.736916
tcr_20_4,E,A,T,R,90,103,OG1,C,9.494347
tcr_20_4,E,A,T,R,90,103,OG1,CA,9.937063
tcr_20_4,E,A,T,K,90,104,OG1,CD,7.7874
tcr_20_4,E,A,T,K,90,104,OG1,NZ,7.6340384
tcr_20_4,E,A,T,K,90,104,OG1,CB,8.838753
tcr_20_4,E,A,T,K,90,104,OG1,CE,6.749579
tcr_20_4,E,A,T,K,90,104,OG1,CG,7.441654
tcr_20_4,E,A,T,Y,90,108,OG1,OH,9.897139
tcr_20_4,E,A,T,K,90,170,OG1,NZ,8.887354
tcr_20_4,E,A,T,V,90,100,CG2,CG2,8.952739
tcr_20_4,E,A,T,V,90,100,CG2,CA,9.946592
tcr_20_4,E,A,T,V,90,100,CG2,CB,8.971255
tcr_20_4,E,A,T,V,90,100,CG2,CG1,7.586701
tcr_20_4,E,A,T,V,90,100,CG2,O,9.88968
tcr_20_4,E,A,T,K,90,104,CG2,CD,8.163306
tcr_20_4,E,A,T,K,90,104,CG2,NZ,7.352269
tcr_20_4,E,A,T,K,90,104,CG2,CB,9.710468
tcr_20_4,E,A,T,K,90,104,CG2,CE,6.874953
tcr_20_4,E,A,T,K,90,104,CG2,CG,8.236648
tcr_20_4,E,A,T,Y,90,108,CG2,OH,9.976385
tcr_20_4,E,A,T,K,90,170,CG2,CE,9.29307
tcr_20_4,E,A,T,K,90,170,CG2,NZ,8.300883
tcr_20_4,E,A,Q,K,113,104,C,NZ,9.642955
tcr_20_4,E,A,Q,A,113,174,C,CB,9.666092
tcr_20_4,E,A,Q,K,113,104,O,NZ,8.804499
tcr_20_4,E,A,Q,K,113,104,O,CE,9.725432
tcr_20_4,E,A,Q,R,113,93,CG,NH2,9.878814
tcr_20_4,E,A,Q,Q,113,179,CG,NE2,9.709347
tcr_20_4,E,A,Q,A,113,174,CG,CB,9.851993
tcr_20_4,E,A,Q,R,113,93,CD,NH2,8.908335
tcr_20_4,E,A,Q,Q,113,179,CD,OE1,9.967201
tcr_20_4,E,A,Q,Q,113,179,CD,NE2,9.467061
tcr_20_4,E,A,Q,R,113,93,OE1,NH2,8.943486
tcr_20_4,E,A,Q,R,113,93,NE2,NH2,8.221341
tcr_20_4,E,A,Q,R,113,93,NE2,NH1,9.86985
tcr_20_4,E,A,Q,R,113,93,NE2,CZ,9.4285345
tcr_20_4,E,A,Q,Q,113,179,NE2,OE1,8.710467
tcr_20_4,E,A,Q,E,113,176,NE2,OE2,9.919473
tcr_20_4,E,A,Q,Q,113,179,NE2,NE2,8.286092
tcr_20_4,E,A,Q,Q,113,179,NE2,CD,9.013529
tcr_20_4,E,A,Q,A,113,174,NE2,CB,9.792018
tcr_20_4,E,A,Q,A,113,174,NE2,O,9.993588
tcr_20_4,E,A,K,K,114,104,N,NZ,9.494773
tcr_20_4,E,A,K,A,114,174,N,CB,8.437865
tcr_20_4,E,A,K,A,114,174,N,CA,9.287197
tcr_20_4,E,A,K,K,114,104,CA,NZ,8.278815
tcr_20_4,E,A,K,K,114,104,CA,CE,9.404828
tcr_20_4,E,A,K,K,114,170,CA,CD,8.948282
tcr_20_4,E,A,K,K,114,170,CA,CE,9.197012
tcr_20_4,E,A,K,K,114,170,CA,NZ,9.0317955
tcr_20_4,E,A,K,K,114,170,CA,CG,9.2621565
tcr_20_4,E,A,K,E,114,176,CA,OE2,9.296173
tcr_20_4,E,A,K,Q,114,179,CA,NE2,9.62651
tcr_20_4,E,A,K,W,114,171,CA,CD1,9.917805
tcr_20_4,E,A,K,K,114,170,CA,C,9.568319
tcr_20_4,E,A,K,K,114,170,CA,CB,9.194718
tcr_20_4,E,A,K,K,114,170,CA,CA,9.7521105
tcr_20_4,E,A,K,A,114,174,CA,CB,7.443126
tcr_20_4,E,A,K,K,114,170,CA,O,8.843054
tcr_20_4,E,A,K,A,114,174,CA,CA,8.438632
tcr_20_4,E,A,K,A,114,174,CA,N,9.162394
tcr_20_4,E,A,K,A,114,173,CA,C,9.80498
tcr_20_4,E,A,K,A,114,174,CA,O,9.296688
tcr_20_4,E,A,K,A,114,174,CA,C,9.503663
tcr_20_4,E,A,K,A,114,173,CA,O,9.84428
tcr_20_4,E,A,K,K,114,104,C,NZ,7.939019
tcr_20_4,E,A,K,K,114,104,C,CE,9.181219
tcr_20_4,E,A,K,K,114,170,C,CD,9.161249
tcr_20_4,E,A,K,K,114,170,C,CE,9.560721
tcr_20_4,E,A,K,K,114,170,C,NZ,9.284239
tcr_20_4,E,A,K,K,114,170,C,CG,9.57519
tcr_20_4,E,A,K,Q,114,179,C,OE1,9.239287
tcr_20_4,E,A,K,E,114,176,C,OE2,8.334294
tcr_20_4,E,A,K,E,114,176,C,CD,9.324964
tcr_20_4,E,A,K,E,114,176,C,OE1,9.712747
tcr_20_4,E,A,K,Q,114,179,C,NE2,8.787991
tcr_20_4,E,A,K,Q,114,179,C,CD,9.57212
tcr_20_4,E,A,K,W,114,171,C,CD1,9.381651
tcr_20_4,E,A,K,W,114,171,C,NE1,9.454592
tcr_20_4,E,A,K,K,114,170,C,C,9.6271715
tcr_20_4,E,A,K,K,114,170,C,CB,9.335027
tcr_20_4,E,A,K,K,114,170,C,CA,9.964234
tcr_20_4,E,A,K,A,114,174,C,CB,7.2950387
tcr_20_4,E,A,K,K,114,170,C,O,8.946889
tcr_20_4,E,A,K,A,114,174,C,CA,8.435424
tcr_20_4,E,A,K,A,114,174,C,N,9.301007
tcr_20_4,E,A,K,A,114,174,C,O,8.999721
tcr_20_4,E,A,K,A,114,174,C,C,9.336231
tcr_20_4,E,A,K,R,114,93,O,NH2,9.341148
tcr_20_4,E,A,K,K,114,104,O,NZ,8.9416485
tcr_20_4,E,A,K,Q,114,179,O,OE1,8.480989
tcr_20_4,E,A,K,E,114,176,O,OE2,8.059682
tcr_20_4,E,A,K,E,114,176,O,CD,9.104951
tcr_20_4,E,A,K,E,114,176,O,OE1,9.456722
tcr_20_4,E,A,K,Q,114,179,O,NE2,8.030795
tcr_20_4,E,A,K,Q,114,179,O,CD,8.817256
tcr_20_4,E,A,K,W,114,171,O,CD1,9.765363
tcr_20_4,E,A,K,W,114,171,O,NE1,9.853478
tcr_20_4,E,A,K,A,114,174,O,CB,7.324847
tcr_20_4,E,A,K,K,114,170,O,O,9.386452
tcr_20_4,E,A,K,A,114,174,O,CA,8.395564
tcr_20_4,E,A,K,A,114,174,O,N,9.414524
tcr_20_4,E,A,K,A,114,174,O,O,8.642512
tcr_20_4,E,A,K,A,114,174,O,C,9.130501
tcr_20_4,E,A,K,K,114,104,CB,NZ,8.749746
tcr_20_4,E,A,K,K,114,104,CB,CE,9.905333
tcr_20_4,E,A,K,K,114,170,CB,CD,8.3613825
tcr_20_4,E,A,K,K,114,170,CB,CE,8.72508
tcr_20_4,E,A,K,K,114,170,CB,NZ,8.806898
tcr_20_4,E,A,K,K,114,170,CB,CG,8.438819
tcr_20_4,E,A,K,E,114,176,CB,OE2,8.78565
tcr_20_4,E,A,K,E,114,176,CB,CD,9.850555
tcr_20_4,E,A,K,Q,114,179,CB,NE2,9.045366
tcr_20_4,E,A,K,W,114,171,CB,N,9.383892
tcr_20_4,E,A,K,W,114,171,CB,CD1,9.260531
tcr_20_4,E,A,K,W,114,171,CB,NE1,9.671268
tcr_20_4,E,A,K,K,114,170,CB,C,8.44402
tcr_20_4,E,A,K,K,114,170,CB,CB,8.297614
tcr_20_4,E,A,K,K,114,170,CB,CA,8.667674
tcr_20_4,E,A,K,A,114,174,CB,CB,6.243353
tcr_20_4,E,A,K,K,114,170,CB,O,7.625514
tcr_20_4,E,A,K,A,114,174,CB,CA,7.1212845
tcr_20_4,E,A,K,A,114,173,CB,CB,8.797797
tcr_20_4,E,A,K,W,114,171,CB,CA,9.623634
tcr_20_4,E,A,K,A,114,174,CB,N,7.775353
tcr_20_4,E,A,K,A,114,173,CB,C,8.34241
tcr_20_4,E,A,K,A,114,173,CB,CA,9.31511
tcr_20_4,E,A,K,A,114,174,CB,O,8.175098
tcr_20_4,E,A,K,A,114,174,CB,C,8.273414
tcr_20_4,E,A,K,A,114,173,CB,O,8.359646
tcr_20_4,E,A,K,R,114,175,CB,N,9.502696
tcr_20_4,E,A,K,K,114,104,CG,CD,9.930633
tcr_20_4,E,A,K,K,114,104,CG,NZ,7.733605
tcr_20_4,E,A,K,K,114,104,CG,CE,8.916338
tcr_20_4,E,A,K,K,114,170,CG,CD,6.8724375
tcr_20_4,E,A,K,K,114,170,CG,CE,7.3281355
tcr_20_4,E,A,K,K,114,170,CG,NZ,7.4692373
tcr_20_4,E,A,K,K,114,170,CG,CG,6.9584084
tcr_20_4,E,A,K,E,114,176,CG,CG,9.675004
tcr_20_4,E,A,K,W,114,171,CG,CE2,9.702829
tcr_20_4,E,A,K,E,114,176,CG,CB,9.338485
tcr_20_4,E,A,K,Q,114,179,CG,OE1,9.858338
tcr_20_4,E,A,K,E,114,176,CG,OE2,8.084531
tcr_20_4,E,A,K,E,114,176,CG,CD,9.05691
tcr_20_4,E,A,K,E,114,176,CG,OE1,9.764777
tcr_20_4,E,A,K,Q,114,179,CG,NE2,8.99089
tcr_20_4,E,A,K,Q,114,179,CG,CD,9.91578
tcr_20_4,E,A,K,E,114,176,CG,CA,9.869344
tcr_20_4,E,A,K,W,114,171,CG,N,8.028929
tcr_20_4,E,A,K,W,114,171,CG,CD1,7.92178
tcr_20_4,E,A,K,W,114,171,CG,CB,9.411359
tcr_20_4,E,A,K,W,114,171,CG,CG,9.071303
tcr_20_4,E,A,K,E,114,172,CG,N,9.889711
tcr_20_4,E,A,K,W,114,171,CG,NE1,8.351195
tcr_20_4,E,A,K,T,114,167,CG,O,9.740566
tcr_20_4,E,A,K,K,114,170,CG,N,8.702797
tcr_20_4,E,A,K,R,114,169,CG,C,9.487074
tcr_20_4,E,A,K,R,114,169,CG,O,9.181581
tcr_20_4,E,A,K,K,114,170,CG,C,7.092939
tcr_20_4,E,A,K,K,114,170,CG,CB,6.7981477
tcr_20_4,E,A,K,K,114,170,CG,CA,7.2513647
tcr_20_4,E,A,K,W,114,171,CG,C,9.093853
tcr_20_4,E,A,K,A,114,174,CG,CB,5.469438
tcr_20_4,E,A,K,K,114,170,CG,O,6.3795586
tcr_20_4,E,A,K,A,114,174,CG,CA,6.5048738
tcr_20_4,E,A,K,A,114,173,CG,CB,7.919314
tcr_20_4,E,A,K,W,114,171,CG,CA,8.371531
tcr_20_4,E,A,K,W,114,171,CG,O,9.056708
tcr_20_4,E,A,K,A,114,174,CG,N,6.9948745
tcr_20_4,E,A,K,A,114,173,CG,C,7.6601496
tcr_20_4,E,A,K,A,114,173,CG,CA,8.497246
tcr_20_4,E,A,K,A,114,174,CG,O,7.8206067
tcr_20_4,E,A,K,A,114,174,CG,C,7.758616
tcr_20_4,E,A,K,A,114,173,CG,N,9.079197
tcr_20_4,E,A,K,A,114,173,CG,O,7.891236
tcr_20_4,E,A,K,R,114,175,CG,N,8.906225
tcr_20_4,E,A,K,E,114,172,CG,C,9.961247
tcr_20_4,E,A,K,E,114,176,CG,N,9.665983
tcr_20_4,E,A,K,K,114,104,CD,NZ,8.613221
tcr_20_4,E,A,K,K,114,104,CD,CE,9.765254
tcr_20_4,E,A,K,K,114,170,CD,CD,6.5869193
tcr_20_4,E,A,K,K,114,170,CD,CE,7.163598
tcr_20_4,E,A,K,I,114,166,CD,O,9.653706
tcr_20_4,E,A,K,K,114,170,CD,NZ,7.6056576
tcr_20_4,E,A,K,K,114,170,CD,CG,6.3389773
tcr_20_4,E,A,K,E,114,176,CD,CG,9.387592
tcr_20_4,E,A,K,W,114,171,CD,CD2,9.800323
tcr_20_4,E,A,K,W,114,171,CD,CE2,9.577754
tcr_20_4,E,A,K,E,114,176,CD,CB,8.8275795
tcr_20_4,E,A,K,Q,114,179,CD,OE1,9.9268055
tcr_20_4,E,A,K,E,114,176,CD,OE2,7.9915266
tcr_20_4,E,A,K,E,114,176,CD,CD,8.967864
tcr_20_4,E,A,K,E,114,176,CD,OE1,9.830662
tcr_20_4,E,A,K,Q,114,179,CD,NE2,8.821361
tcr_20_4,E,A,K,Q,114,179,CD,CD,9.815102
tcr_20_4,E,A,K,E,114,176,CD,CA,9.312086
tcr_20_4,E,A,K,Q,114,168,CD,O,9.998293
tcr_20_4,E,A,K,W,114,171,CD,N,7.1233215
tcr_20_4,E,A,K,W,114,171,CD,CD1,7.579122
tcr_20_4,E,A,K,W,114,171,CD,CB,8.7093525
tcr_20_4,E,A,K,W,114,171,CD,CG,8.596188
tcr_20_4,E,A,K,E,114,172,CD,N,8.759569
tcr_20_4,E,A,K,W,114,171,CD,NE1,8.246493
tcr_20_4,E,A,K,E,114,172,CD,CA,9.458139
tcr_20_4,E,A,K,T,114,167,CD,O,9.079975
tcr_20_4,E,A,K,K,114,170,CD,N,7.6962667
tcr_20_4,E,A,K,R,114,169,CD,C,8.339154
tcr_20_4,E,A,K,R,114,169,CD,O,7.911229
tcr_20_4,E,A,K,R,114,169,CD,CA,9.858096
tcr_20_4,E,A,K,K,114,170,CD,C,6.0756917
tcr_20_4,E,A,K,K,114,170,CD,CB,6.0916467
tcr_20_4,E,A,K,K,114,170,CD,CA,6.264251
tcr_20_4,E,A,K,W,114,171,CD,C,8.06867
tcr_20_4,E,A,K,A,114,174,CD,CB,4.536187
tcr_20_4,E,A,K,K,114,170,CD,O,5.243592
tcr_20_4,E,A,K,A,114,174,CD,CA,5.376985
tcr_20_4,E,A,K,A,114,173,CD,CB,6.4223657
tcr_20_4,E,A,K,W,114,171,CD,CA,7.510925
tcr_20_4,E,A,K,W,114,171,CD,O,8.041492
tcr_20_4,E,A,K,A,114,174,CD,N,5.6946993
tcr_20_4,E,A,K,A,114,173,CD,C,6.2467394
tcr_20_4,E,A,K,A,114,173,CD,CA,7.0324845
tcr_20_4,E,A,K,A,114,174,CD,O,7.0003877
tcr_20_4,E,A,K,A,114,174,CD,C,6.757746
tcr_20_4,E,A,K,A,114,173,CD,N,7.6921043
tcr_20_4,E,A,K,A,114,173,CD,O,6.4888067
tcr_20_4,E,A,K,R,114,175,CD,CA,9.1940975
tcr_20_4,E,A,K,R,114,175,CD,N,7.831622
tcr_20_4,E,A,K,E,114,172,CD,O,8.9805155
tcr_20_4,E,A,K,E,114,172,CD,C,8.630081
tcr_20_4,E,A,K,R,114,175,CD,C,9.433472
tcr_20_4,E,A,K,E,114,176,CD,N,8.910194
tcr_20_4,E,A,K,R,114,175,CD,CB,9.887183
tcr_20_4,E,A,K,I,114,166,CE,C,9.186716
tcr_20_4,E,A,K,T,114,167,CE,CB,9.753017
tcr_20_4,E,A,K,T,114,167,CE,N,9.509022
tcr_20_4,E,A,K,Q,114,168,CE,N,9.732574
tcr_20_4,E,A,K,K,114,104,CE,CD,9.7708845
tcr_20_4,E,A,K,T,114,167,CE,CG2,9.401588
tcr_20_4,E,A,K,K,114,104,CE,NZ,7.9313674
tcr_20_4,E,A,K,K,114,104,CE,CE,9.06095
tcr_20_4,E,A,K,T,114,167,CE,CA,8.7853775
tcr_20_4,E,A,K,Y,114,108,CE,OH,9.095397
tcr_20_4,E,A,K,K,114,170,CE,CD,5.1820064
tcr_20_4,E,A,K,K,114,170,CE,CE,5.9108977
tcr_20_4,E,A,K,I,114,166,CE,CG2,9.7365265
tcr_20_4,E,A,K,I,114,166,CE,O,8.149605
tcr_20_4,E,A,K,K,114,170,CE,NZ,6.4763613
tcr_20_4,E,A,K,K,114,170,CE,CG,4.870478
tcr_20_4,E,A,K,E,114,176,CE,CG,8.707829
tcr_20_4,E,A,K,W,114,171,CE,CD2,8.6189375
tcr_20_4,E,A,K,W,114,171,CE,CE2,8.429616
tcr_20_4,E,A,K,W,114,171,CE,CE3,9.990959
tcr_20_4,E,A,K,W,114,171,CE,CZ2,9.625337
tcr_20_4,E,A,K,E,114,176,CE,CB,8.158419
tcr_20_4,E,A,K,E,114,176,CE,OE2,7.6465425
tcr_20_4,E,A,K,E,114,176,CE,CD,8.475876
tcr_20_4,E,A,K,E,114,176,CE,OE1,9.364637
tcr_20_4,E,A,K,Q,114,179,CE,NE2,9.136521
tcr_20_4,E,A,K,E,114,176,CE,CA,8.844986
tcr_20_4,E,A,K,Q,114,168,CE,O,8.676066
tcr_20_4,E,A,K,W,114,171,CE,N,5.816086
tcr_20_4,E,A,K,T,114,167,CE,C,8.627377
tcr_20_4,E,A,K,W,114,171,CE,CD1,6.389087
tcr_20_4,E,A,K,W,114,171,CE,CB,7.5362496
tcr_20_4,E,A,K,W,114,171,CE,CG,7.402121
tcr_20_4,E,A,K,E,114,172,CE,N,7.710463
tcr_20_4,E,A,K,W,114,171,CE,NE1,7.102474
tcr_20_4,E,A,K,E,114,172,CE,CA,8.543901
tcr_20_4,E,A,K,T,114,167,CE,O,7.6105075
tcr_20_4,E,A,K,Q,114,168,CE,C,9.138137
tcr_20_4,E,A,K,E,114,172,CE,CB,9.468384
tcr_20_4,E,A,K,K,114,170,CE,N,6.270371
tcr_20_4,E,A,K,R,114,169,CE,C,7.013999
tcr_20_4,E,A,K,R,114,169,CE,CB,9.047457
tcr_20_4,E,A,K,R,114,169,CE,O,6.720024
tcr_20_4,E,A,K,R,114,169,CE,N,9.074291
tcr_20_4,E,A,K,R,114,169,CE,CA,8.516038
tcr_20_4,E,A,K,K,114,170,CE,C,4.7522764
tcr_20_4,E,A,K,K,114,170,CE,CB,4.570367
tcr_20_4,E,A,K,K,114,170,CE,CA,4.8265877
tcr_20_4,E,A,K,W,114,171,CE,C,7.0751114
tcr_20_4,E,A,K,A,114,174,CE,CB,4.264677
tcr_20_4,E,A,K,K,114,170,CE,O,4.0914493
tcr_20_4,E,A,K,A,114,174,CE,CA,5.231359
tcr_20_4,E,A,K,A,114,173,CE,CB,5.7947717
tcr_20_4,E,A,K,W,114,171,CE,CA,6.3727293
tcr_20_4,E,A,K,W,114,171,CE,O,7.2423086
tcr_20_4,E,A,K,A,114,174,CE,N,5.275388
tcr_20_4,E,A,K,A,114,173,CE,C,5.9288125
tcr_20_4,E,A,K,A,114,173,CE,CA,6.4810343
tcr_20_4,E,A,K,A,114,174,CE,O,7.0874224
tcr_20_4,E,A,K,A,114,174,CE,C,6.660388
tcr_20_4,E,A,K,A,114,173,CE,N,6.9116545
tcr_20_4,E,A,K,A,114,173,CE,O,6.449437
tcr_20_4,E,A,K,R,114,175,CE,CA,8.948067
tcr_20_4,E,A,K,R,114,175,CE,N,7.5782585
tcr_20_4,E,A,K,E,114,172,CE,O,8.418626
tcr_20_4,E,A,K,E,114,172,CE,C,7.8865604
tcr_20_4,E,A,K,R,114,175,CE,C,9.152338
tcr_20_4,E,A,K,E,114,176,CE,N,8.474846
tcr_20_4,E,A,K,R,114,175,CE,CB,9.840348
tcr_20_4,E,A,K,I,114,166,NZ,C,8.726162
tcr_20_4,E,A,K,I,114,166,NZ,CA,9.891942
tcr_20_4,E,A,K,T,114,167,NZ,CB,9.638936
tcr_20_4,E,A,K,T,114,167,NZ,N,9.17263
tcr_20_4,E,A,K,Q,114,168,NZ,N,9.153777
tcr_20_4,E,A,K,Q,114,168,NZ,CA,9.275175
tcr_20_4,E,A,K,R,114,169,NZ,CG,9.411521
tcr_20_4,E,A,K,T,114,167,NZ,CG2,9.387906
tcr_20_4,E,A,K,K,114,104,NZ,NZ,9.047487
tcr_20_4,E,A,K,T,114,167,NZ,CA,8.525743
tcr_20_4,E,A,K,Y,114,108,NZ,OH,9.465584
tcr_20_4,E,A,K,K,114,170,NZ,CD,5.3090987
tcr_20_4,E,A,K,K,114,170,NZ,CE,6.1321683
tcr_20_4,E,A,K,I,114,166,NZ,CG2,9.487234
tcr_20_4,E,A,K,I,114,166,NZ,O,7.5955896
tcr_20_4,E,A,K,K,114,170,NZ,NZ,6.989452
tcr_20_4,E,A,K,K,114,170,NZ,CG,4.570557
tcr_20_4,E,A,K,E,114,176,NZ,CG,8.732245
tcr_20_4,E,A,K,W,114,171,NZ,CD2,8.5454235
tcr_20_4,E,A,K,W,114,171,NZ,CE2,8.592653
tcr_20_4,E,A,K,W,114,171,NZ,CE3,9.84521
tcr_20_4,E,A,K,W,114,171,NZ,CZ2,9.889059
tcr_20_4,E,A,K,E,114,176,NZ,CB,7.962435
tcr_20_4,E,A,K,E,114,176,NZ,OE2,7.9388633
tcr_20_4,E,A,K,E,114,176,NZ,CD,8.7262745
tcr_20_4,E,A,K,E,114,176,NZ,OE1,9.734754
tcr_20_4,E,A,K,Q,114,179,NZ,NE2,9.339564
tcr_20_4,E,A,K,E,114,176,NZ,CA,8.598227
tcr_20_4,E,A,K,R,114,175,NZ,O,9.686254
tcr_20_4,E,A,K,Q,114,168,NZ,O,7.720975
tcr_20_4,E,A,K,W,114,171,NZ,N,5.0934224
tcr_20_4,E,A,K,T,114,167,NZ,C,8.175005
tcr_20_4,E,A,K,W,114,171,NZ,CD1,6.40368
tcr_20_4,E,A,K,W,114,171,NZ,CB,7.0601683
tcr_20_4,E,A,K,W,114,171,NZ,CG,7.207516
tcr_20_4,E,A,K,E,114,172,NZ,N,6.679622
tcr_20_4,E,A,K,W,114,171,NZ,NE1,7.347645
tcr_20_4,E,A,K,E,114,172,NZ,CA,7.385031
tcr_20_4,E,A,K,T,114,167,NZ,O,7.1293325
tcr_20_4,E,A,K,E,114,172,NZ,CG,9.440359
tcr_20_4,E,A,K,Q,114,168,NZ,C,8.240915
tcr_20_4,E,A,K,E,114,172,NZ,CB,8.224956
tcr_20_4,E,A,K,K,114,170,NZ,N,5.3399453
tcr_20_4,E,A,K,R,114,169,NZ,C,5.8834634
tcr_20_4,E,A,K,R,114,169,NZ,CB,7.9459357
tcr_20_4,E,A,K,R,114,169,NZ,O,5.436221
tcr_20_4,E,A,K,R,114,169,NZ,N,8.117705
tcr_20_4,E,A,K,R,114,169,NZ,CA,7.404445
tcr_20_4,E,A,K,K,114,170,NZ,C,3.886534
tcr_20_4,E,A,K,K,114,170,NZ,CB,4.160326
tcr_20_4,E,A,K,K,114,170,NZ,CA,3.964916
tcr_20_4,E,A,K,W,114,171,NZ,C,6.2188363
tcr_20_4,E,A,K,A,114,174,NZ,CB,3.9104366
tcr_20_4,E,A,K,K,114,170,NZ,O,3.1051211
tcr_20_4,E,A,K,A,114,174,NZ,CA,4.545471
tcr_20_4,E,A,K,A,114,173,NZ,CB,4.327306
tcr_20_4,E,A,K,W,114,171,NZ,CA,5.735785
tcr_20_4,E,A,K,W,114,171,NZ,O,6.4402595
tcr_20_4,E,A,K,A,114,174,NZ,N,4.240741
tcr_20_4,E,A,K,A,114,173,NZ,C,4.7241716
tcr_20_4,E,A,K,A,114,173,NZ,CA,5.099997
tcr_20_4,E,A,K,A,114,174,NZ,O,6.704681
tcr_20_4,E,A,K,A,114,174,NZ,C,6.0547967
tcr_20_4,E,A,K,A,114,173,NZ,N,5.5770407
tcr_20_4,E,A,K,A,114,173,NZ,O,5.3346314
tcr_20_4,E,A,K,R,114,175,NZ,CA,8.233995
tcr_20_4,E,A,K,R,114,175,NZ,N,6.806263
tcr_20_4,E,A,K,E,114,172,NZ,O,7.2169094
tcr_20_4,E,A,K,E,114,172,NZ,C,6.6427283
tcr_20_4,E,A,K,R,114,175,NZ,C,8.637524
tcr_20_4,E,A,K,E,114,176,NZ,N,8.022065
tcr_20_4,E,A,K,R,114,175,NZ,CB,9.136075
tcr_20_4,E,A,K,R,114,175,NZ,CG,9.203436
tcr_20_4,E,A,S,V,115,100,N,CB,9.897603
tcr_20_4,E,A,S,V,115,100,N,CG1,9.225382
tcr_20_4,E,A,S,R,115,93,N,NH2,9.850056
tcr_20_4,E,A,S,A,115,97,N,CB,9.616441
tcr_20_4,E,A,S,N,115,101,N,OD1,9.271071
tcr_20_4,E,A,S,K,115,104,N,CD,9.143434
tcr_20_4,E,A,S,K,115,104,N,NZ,6.699238
tcr_20_4,E,A,S,K,115,104,N,CE,7.975228
tcr_20_4,E,A,S,K,115,170,N,CD,8.428918
tcr_20_4,E,A,S,K,115,170,N,CE,8.82366
tcr_20_4,E,A,S,K,115,170,N,NZ,8.405849
tcr_20_4,E,A,S,K,115,170,N,CG,9.013681
tcr_20_4,E,A,S,E,115,176,N,CG,9.950287
tcr_20_4,E,A,S,W,115,171,N,CE2,9.876923
tcr_20_4,E,A,S,Q,115,179,N,OE1,9.34507
tcr_20_4,E,A,S,E,115,176,N,OE2,8.071038
tcr_20_4,E,A,S,E,115,176,N,CD,8.939583
tcr_20_4,E,A,S,E,115,176,N,OE1,9.242326
tcr_20_4,E,A,S,R,115,180,N,NH2,9.800698
tcr_20_4,E,A,S,Q,115,179,N,NE2,9.13295
tcr_20_4,E,A,S,Q,115,179,N,CD,9.788248
tcr_20_4,E,A,S,W,115,171,N,N,9.943045
tcr_20_4,E,A,S,W,115,171,N,CD1,8.712833
tcr_20_4,E,A,S,W,115,171,N,CG,9.985969
tcr_20_4,E,A,S,W,115,171,N,NE1,8.633457
tcr_20_4,E,A,S,K,115,170,N,C,9.323868
tcr_20_4,E,A,S,K,115,170,N,CB,8.797873
tcr_20_4,E,A,S,K,115,170,N,CA,9.595931
tcr_20_4,E,A,S,A,115,174,N,CB,7.4653635
tcr_20_4,E,A,S,K,115,170,N,O,8.793238
tcr_20_4,E,A,S,A,115,174,N,CA,8.752713
tcr_20_4,E,A,S,A,115,174,N,N,9.537311
tcr_20_4,E,A,S,A,115,174,N,O,9.392563
tcr_20_4,E,A,S,A,115,174,N,C,9.6671295
tcr_20_4,E,A,S,V,115,100,CA,CG2,9.635088
tcr_20_4,E,A,S,V,115,100,CA,CB,9.32796
tcr_20_4,E,A,S,V,115,100,CA,CG1,8.856443
tcr_20_4,E,A,S,N,115,101,CA,ND2,9.369965
tcr_20_4,E,A,S,A,115,97,CA,O,9.528924
tcr_20_4,E,A,S,A,115,97,CA,C,9.806401
tcr_20_4,E,A,S,R,115,93,CA,NH2,8.685392
tcr_20_4,E,A,S,A,115,97,CA,CB,8.349008
tcr_20_4,E,A,S,A,115,97,CA,CA,9.052458
tcr_20_4,E,A,S,R,115,93,CA,CZ,9.864558
tcr_20_4,E,A,S,N,115,101,CA,CG,9.359459
tcr_20_4,E,A,S,N,115,101,CA,OD1,8.420521
tcr_20_4,E,A,S,K,115,104,CA,CD,8.991181
tcr_20_4,E,A,S,K,115,104,CA,NZ,6.57945
tcr_20_4,E,A,S,K,115,104,CA,CE,7.932575
tcr_20_4,E,A,S,K,115,170,CA,CD,8.819151
tcr_20_4,E,A,S,K,115,170,CA,CE,9.341605
tcr_20_4,E,A,S,K,115,170,CA,NZ,8.8319235
tcr_20_4,E,A,S,K,115,170,CA,CG,9.485386
tcr_20_4,E,A,S,E,115,176,CA,CG,9.269481
tcr_20_4,E,A,S,W,115,171,CA,CE2,9.238923
tcr_20_4,E,A,S,W,115,171,CA,CZ2,9.771566
tcr_20_4,E,A,S,E,115,176,CA,CB,9.624281
tcr_20_4,E,A,S,Q,115,179,CA,OE1,8.584156
tcr_20_4,E,A,S,E,115,176,CA,OE2,7.3772545
tcr_20_4,E,A,S,R,115,180,CA,CZ,9.858708
tcr_20_4,E,A,S,E,115,176,CA,CD,8.148282
tcr_20_4,E,A,S,E,115,176,CA,OE1,8.285394
tcr_20_4,E,A,S,R,115,180,CA,NH2,8.587798
tcr_20_4,E,A,S,Q,115,179,CA,NE2,8.698758
tcr_20_4,E,A,S,Q,115,179,CA,CD,9.179844
tcr_20_4,E,A,S,W,115,171,CA,CD1,8.351595
tcr_20_4,E,A,S,W,115,171,CA,CG,9.60863
tcr_20_4,E,A,S,W,115,171,CA,NE1,8.094174
tcr_20_4,E,A,S,K,115,170,CA,C,9.579796
tcr_20_4,E,A,S,K,115,170,CA,CB,9.120736
tcr_20_4,E,A,S,K,115,170,CA,CA,9.97345
tcr_20_4,E,A,S,A,115,174,CA,CB,7.688352
tcr_20_4,E,A,S,K,115,170,CA,O,9.127294
tcr_20_4,E,A,S,A,115,174,CA,CA,9.064401
tcr_20_4,E,A,S,W,115,171,CA,CA,9.9996605
tcr_20_4,E,A,S,A,115,174,CA,N,9.927447
tcr_20_4,E,A,S,A,115,174,CA,O,9.446191
tcr_20_4,E,A,S,A,115,174,CA,C,9.810811
tcr_20_4,E,A,S,V,115,100,C,CG1,9.811194
tcr_20_4,E,A,S,N,115,101,C,ND2,9.327687
tcr_20_4,E,A,S,A,115,97,C,O,9.98243
tcr_20_4,E,A,S,R,115,93,C,NH2,8.678852
tcr_20_4,E,A,S,A,115,97,C,CB,8.589598
tcr_20_4,E,A,S,A,115,97,C,CA,9.493517
tcr_20_4,E,A,S,R,115,93,C,CZ,9.883274
tcr_20_4,E,A,S,N,115,101,C,CG,9.432141
tcr_20_4,E,A,S,N,115,101,C,OD1,8.529782
tcr_20_4,E,A,S,K,115,104,C,CD,9.524003
tcr_20_4,E,A,S,K,115,104,C,NZ,7.2050385
tcr_20_4,E,A,S,K,115,104,C,CE,8.644952
tcr_20_4,E,A,S,K,115,170,C,CD,8.6902075
tcr_20_4,E,A,S,K,115,170,C,CE,9.445719
tcr_20_4,E,A,S,K,115,170,C,NZ,9.1009865
tcr_20_4,E,A,S,K,115,170,C,CG,9.201083
tcr_20_4,E,A,S,E,115,176,C,CG,7.820954
tcr_20_4,E,A,S,W,115,171,C,CD2,9.02214
tcr_20_4,E,A,S,W,115,171,C,CE2,8.219976
tcr_20_4,E,A,S,W,115,171,C,CZ2,8.816596
tcr_20_4,E,A,S,E,115,176,C,CB,8.172557
tcr_20_4,E,A,S,Q,115,179,C,OE1,7.153007
tcr_20_4,E,A,S,R,115,180,C,NE,9.140249
tcr_20_4,E,A,S,E,115,176,C,OE2,5.8586016
tcr_20_4,E,A,S,R,115,180,C,CZ,8.569886
tcr_20_4,E,A,S,E,115,176,C,CD,6.665965
tcr_20_4,E,A,S,R,115,180,C,NH1,9.349491
tcr_20_4,E,A,S,E,115,176,C,OE1,6.849315
tcr_20_4,E,A,S,R,115,180,C,NH2,7.328229
tcr_20_4,E,A,S,Q,115,179,C,NE2,7.299049
tcr_20_4,E,A,S,Q,115,179,C,CD,7.7372513
tcr_20_4,E,A,S,E,115,176,C,CA,8.715663
tcr_20_4,E,A,S,E,115,176,C,C,9.980766
tcr_20_4,E,A,S,Q,115,179,C,CG,9.197099
tcr_20_4,E,A,S,Q,115,179,C,CB,9.687598
tcr_20_4,E,A,S,W,115,171,C,N,9.052648
tcr_20_4,E,A,S,W,115,171,C,CD1,7.2996144
tcr_20_4,E,A,S,W,115,171,C,CB,9.304283
tcr_20_4,E,A,S,W,115,171,C,CG,8.482228
tcr_20_4,E,A,S,W,115,171,C,NE1,7.113911
tcr_20_4,E,A,S,K,115,170,C,C,8.726837
tcr_20_4,E,A,S,K,115,170,C,CB,8.599267
tcr_20_4,E,A,S,K,115,170,C,CA,9.322471
tcr_20_4,E,A,S,W,115,171,C,C,9.828984
tcr_20_4,E,A,S,A,115,174,C,CB,6.551889
tcr_20_4,E,A,S,K,115,170,C,O,8.240722
tcr_20_4,E,A,S,A,115,174,C,CA,7.951834
tcr_20_4,E,A,S,W,115,171,C,CA,8.8626
tcr_20_4,E,A,S,W,115,171,C,O,9.612918
tcr_20_4,E,A,S,A,115,174,C,N,8.891636
tcr_20_4,E,A,S,A,115,173,C,C,9.997578
tcr_20_4,E,A,S,A,115,174,C,O,8.14932
tcr_20_4,E,A,S,A,115,174,C,C,8.560537
tcr_20_4,E,A,S,R,115,175,C,N,9.703732
tcr_20_4,E,A,S,R,115,175,C,C,9.918648
tcr_20_4,E,A,S,E,115,176,C,N,9.184371
tcr_20_4,E,A,S,R,115,93,O,NH2,9.687245
tcr_20_4,E,A,S,A,115,97,O,CB,9.66499
tcr_20_4,E,A,S,N,115,101,O,OD1,9.13325
tcr_20_4,E,A,S,K,115,104,O,CD,9.847673
tcr_20_4,E,A,S,K,115,104,O,NZ,7.5641437
tcr_20_4,E,A,S,K,115,104,O,CE,9.011504
tcr_20_4,E,A,S,K,115,170,O,CD,8.140539
tcr_20_4,E,A,S,K,115,170,O,CE,8.982348
tcr_20_4,E,A,S,K,115,170,O,NZ,8.826795
tcr_20_4,E,A,S,K,115,170,O,CG,8.472445
tcr_20_4,E,A,S,E,115,176,O,CG,7.2884455
tcr_20_4,E,A,S,W,115,171,O,CH2,9.938851
tcr_20_4,E,A,S,W,115,171,O,CD2,8.547898
tcr_20_4,E,A,S,W,115,171,O,CE2,7.903328
tcr_20_4,E,A,S,W,115,171,O,CE3,9.847517
tcr_20_4,E,A,S,W,115,171,O,CZ2,8.676278
tcr_20_4,E,A,S,E,115,176,O,CB,7.4338303
tcr_20_4,E,A,S,Q,115,179,O,OE1,6.8549914
tcr_20_4,E,A,S,R,115,180,O,NE,9.112187
tcr_20_4,E,A,S,E,115,176,O,OE2,5.3250175
tcr_20_4,E,A,S,R,115,180,O,CZ,8.709522
tcr_20_4,E,A,S,E,115,176,O,CD,6.2501545
tcr_20_4,E,A,S,R,115,180,O,NH1,9.6052
tcr_20_4,E,A,S,E,115,176,O,OE1,6.6510086
tcr_20_4,E,A,S,R,115,180,O,NH2,7.5271964
tcr_20_4,E,A,S,Q,115,179,O,NE2,6.6897726
tcr_20_4,E,A,S,Q,115,179,O,CD,7.2672725
tcr_20_4,E,A,S,E,115,176,O,CA,7.9444714
tcr_20_4,E,A,S,E,115,176,O,C,9.297678
tcr_20_4,E,A,S,E,115,176,O,O,9.519448
tcr_20_4,E,A,S,Q,115,179,O,CG,8.695426
tcr_20_4,E,A,S,Q,115,179,O,CB,9.310819
tcr_20_4,E,A,S,R,115,175,O,O,9.460119
tcr_20_4,E,A,S,W,115,171,O,N,8.122571
tcr_20_4,E,A,S,W,115,171,O,CD1,6.690401
tcr_20_4,E,A,S,W,115,171,O,CB,8.515181
tcr_20_4,E,A,S,W,115,171,O,CG,7.840839
tcr_20_4,E,A,S,E,115,172,O,N,9.952484
tcr_20_4,E,A,S,W,115,171,O,NE1,6.7295732
tcr_20_4,E,A,S,T,115,167,O,O,9.693735
tcr_20_4,E,A,S,K,115,170,O,N,9.78909
tcr_20_4,E,A,S,K,115,170,O,C,7.7284565
tcr_20_4,E,A,S,K,115,170,O,CB,7.7978697
tcr_20_4,E,A,S,K,115,170,O,CA,8.384538
tcr_20_4,E,A,S,W,115,171,O,C,8.816839
tcr_20_4,E,A,S,A,115,174,O,CB,5.3604302
tcr_20_4,E,A,S,K,115,170,O,O,7.151793
tcr_20_4,E,A,S,A,115,174,O,CA,6.750526
tcr_20_4,E,A,S,A,115,173,O,CB,9.760984
tcr_20_4,E,A,S,W,115,171,O,CA,7.931818
tcr_20_4,E,A,S,W,115,171,O,O,8.57636
tcr_20_4,E,A,S,A,115,174,O,N,7.68288
tcr_20_4,E,A,S,A,115,173,O,C,8.773534
tcr_20_4,E,A,S,A,115,173,O,CA,9.836238
tcr_20_4,E,A,S,A,115,174,O,O,7.0779133
tcr_20_4,E,A,S,A,115,174,O,C,7.425348
tcr_20_4,E,A,S,A,115,173,O,O,9.116005
tcr_20_4,E,A,S,R,115,175,O,CA,9.47996
tcr_20_4,E,A,S,R,115,175,O,N,8.583751
tcr_20_4,E,A,S,R,115,175,O,C,8.975341
tcr_20_4,E,A,S,E,115,176,O,N,8.266841
tcr_20_4,E,A,S,Q,115,96,CB,C,9.771862
tcr_20_4,E,A,S,V,115,100,CB,N,9.89533
tcr_20_4,E,A,S,Q,115,96,CB,O,9.658424
tcr_20_4,E,A,S,V,115,100,CB,CG2,8.242515
tcr_20_4,E,A,S,V,115,100,CB,CA,9.187111
tcr_20_4,E,A,S,V,115,100,CB,CB,7.8477807
tcr_20_4,E,A,S,V,115,100,CB,CG1,7.381851
tcr_20_4,E,A,S,V,115,100,CB,C,9.194116
tcr_20_4,E,A,S,V,115,100,CB,O,9.680896
tcr_20_4,E,A,S,N,115,101,CB,ND2,8.081197
tcr_20_4,E,A,S,Q,115,94,CB,NE2,9.673943
tcr_20_4,E,A,S,D,115,98,CB,N,9.689084
tcr_20_4,E,A,S,A,115,97,CB,O,8.117584
tcr_20_4,E,A,S,Q,115,94,CB,OE1,9.960201
tcr_20_4,E,A,S,A,115,97,CB,C,8.485617
tcr_20_4,E,A,S,R,115,93,CB,NH2,8.989243
tcr_20_4,E,A,S,A,115,97,CB,CB,7.2680335
tcr_20_4,E,A,S,R,115,93,CB,O,9.7345705
tcr_20_4,E,A,S,A,115,97,CB,N,8.979566
tcr_20_4,E,A,S,A,115,97,CB,CA,7.8433447
tcr_20_4,E,A,S,N,115,101,CB,CA,9.341851
tcr_20_4,E,A,S,N,115,101,CB,CG,7.9799085
tcr_20_4,E,A,S,N,115,101,CB,OD1,7.022875
tcr_20_4,E,A,S,N,115,101,CB,N,9.010037
tcr_20_4,E,A,S,N,115,101,CB,CB,9.309386
tcr_20_4,E,A,S,K,115,104,CB,CD,7.6100717
tcr_20_4,E,A,S,K,115,104,CB,NZ,5.2327805
tcr_20_4,E,A,S,K,115,104,CB,CE,6.5732236
tcr_20_4,E,A,S,K,115,104,CB,CG,8.988732
tcr_20_4,E,A,S,Y,115,108,CB,OH,9.911432
tcr_20_4,E,A,S,K,115,170,CB,CD,8.306473
tcr_20_4,E,A,S,K,115,170,CB,CE,8.7401495
tcr_20_4,E,A,S,K,115,170,CB,NZ,8.032331
tcr_20_4,E,A,S,K,115,170,CB,CG,9.186395
tcr_20_4,E,A,S,E,115,176,CB,CG,9.515679
tcr_20_4,E,A,S,W,115,171,CB,CD2,9.861394
tcr_20_4,E,A,S,W,115,171,CB,CE2,8.81763
tcr_20_4,E,A,S,W,115,171,CB,CZ2,9.20503
tcr_20_4,E,A,S,Q,115,179,CB,OE1,9.484007
tcr_20_4,E,A,S,E,115,176,CB,OE2,7.8918037
tcr_20_4,E,A,S,R,115,180,CB,CZ,9.942653
tcr_20_4,E,A,S,E,115,176,CB,CD,8.477924
tcr_20_4,E,A,S,E,115,176,CB,OE1,8.508166
tcr_20_4,E,A,S,R,115,180,CB,NH2,8.646615
tcr_20_4,E,A,S,Q,115,179,CB,NE2,9.794251
tcr_20_4,E,A,S,W,115,171,CB,CD1,8.180345
tcr_20_4,E,A,S,W,115,171,CB,CG,9.48273
tcr_20_4,E,A,S,W,115,171,CB,NE1,7.7184286
tcr_20_4,E,A,S,K,115,170,CB,C,9.7207575
tcr_20_4,E,A,S,K,115,170,CB,CB,8.928514
tcr_20_4,E,A,S,K,115,170,CB,CA,9.971201
tcr_20_4,E,A,S,A,115,174,CB,CB,8.482306
tcr_20_4,E,A,S,K,115,170,CB,O,9.453514
tcr_20_4,E,A,S,A,115,174,CB,CA,9.934409
tcr_20_4,E,A,S,T,115,167,OG,OG1,9.869045
tcr_20_4,E,A,S,V,115,100,OG,N,9.92241
tcr_20_4,E,A,S,V,115,100,OG,CG2,8.47342
tcr_20_4,E,A,S,V,115,100,OG,CA,9.084108
tcr_20_4,E,A,S,V,115,100,OG,CB,7.853796
tcr_20_4,E,A,S,V,115,100,OG,CG1,7.221632
tcr_20_4,E,A,S,V,115,100,OG,C,8.880653
tcr_20_4,E,A,S,V,115,100,OG,O,9.225399
tcr_20_4,E,A,S,N,115,101,OG,ND2,7.8462257
tcr_20_4,E,A,S,Q,115,94,OG,NE2,9.903376
tcr_20_4,E,A,S,D,115,98,OG,N,9.910697
tcr_20_4,E,A,S,A,115,97,OG,O,8.214611
tcr_20_4,E,A,S,A,115,97,OG,C,8.733919
tcr_20_4,E,A,S,A,115,97,OG,CB,7.799015
tcr_20_4,E,A,S,A,115,97,OG,N,9.585577
tcr_20_4,E,A,S,A,115,97,OG,CA,8.326778
tcr_20_4,E,A,S,N,115,101,OG,CA,8.843752
tcr_20_4,E,A,S,N,115,101,OG,CG,7.586961
tcr_20_4,E,A,S,N,115,101,OG,OD1,6.5137615
tcr_20_4,E,A,S,N,115,101,OG,N,8.689976
tcr_20_4,E,A,S,N,115,101,OG,CB,8.873583
tcr_20_4,E,A,S,K,115,104,OG,CD,6.682253
tcr_20_4,E,A,S,T,115,167,OG,CG2,9.335998
tcr_20_4,E,A,S,K,115,104,OG,NZ,4.3049073
tcr_20_4,E,A,S,K,115,104,OG,CB,9.081347
tcr_20_4,E,A,S,K,115,104,OG,CE,5.7271185
tcr_20_4,E,A,S,K,115,104,OG,CG,8.123322
tcr_20_4,E,A,S,T,115,167,OG,CA,9.898376
tcr_20_4,E,A,S,Y,115,108,OG,CZ,9.852157
tcr_20_4,E,A,S,Y,115,108,OG,OH,8.61257
tcr_20_4,E,A,S,K,115,170,OG,CD,6.90597
tcr_20_4,E,A,S,K,115,170,OG,CE,7.3726306
tcr_20_4,E,A,S,K,115,170,OG,NZ,6.7021036
tcr_20_4,E,A,S,K,115,170,OG,CG,7.8176045
tcr_20_4,E,A,S,E,115,176,OG,CG,9.005755
tcr_20_4,E,A,S,W,115,171,OG,CH2,9.746939
tcr_20_4,E,A,S,W,115,171,OG,CD2,8.912135
tcr_20_4,E,A,S,W,115,171,OG,CE2,7.890091
tcr_20_4,E,A,S,W,115,171,OG,CZ2,8.366191
tcr_20_4,E,A,S,E,115,176,OG,CB,9.430942
tcr_20_4,E,A,S,Q,115,179,OG,OE1,9.728528
tcr_20_4,E,A,S,E,115,176,OG,OE2,7.6204085
tcr_20_4,E,A,S,R,115,180,OG,CZ,9.998971
tcr_20_4,E,A,S,E,115,176,OG,CD,8.152816
tcr_20_4,E,A,S,E,115,176,OG,OE1,8.301842
tcr_20_4,E,A,S,R,115,180,OG,NH2,8.723487
tcr_20_4,E,A,S,Q,115,179,OG,NE2,9.922639
tcr_20_4,E,A,S,W,115,171,OG,N,8.946157
tcr_20_4,E,A,S,W,115,171,OG,CD1,7.1446605
tcr_20_4,E,A,S,W,115,171,OG,CB,9.508219
tcr_20_4,E,A,S,W,115,171,OG,CG,8.480743
tcr_20_4,E,A,S,W,115,171,OG,NE1,6.722582
tcr_20_4,E,A,S,T,115,167,OG,O,9.591105
tcr_20_4,E,A,S,K,115,170,OG,N,9.994405
tcr_20_4,E,A,S,K,115,170,OG,C,8.562335
tcr_20_4,E,A,S,K,115,170,OG,CB,7.599152
tcr_20_4,E,A,S,K,115,170,OG,CA,8.709651
tcr_20_4,E,A,S,A,115,174,OG,CB,7.8505096
tcr_20_4,E,A,S,K,115,170,OG,O,8.393961
tcr_20_4,E,A,S,A,115,174,OG,CA,9.327282
tcr_20_4,E,A,S,W,115,171,OG,CA,9.166039
tcr_20_4,E,A,S,A,115,174,OG,N,9.895896
tcr_20_4,E,A,G,V,116,100,N,CG1,9.95732
tcr_20_4,E,A,G,N,116,101,N,ND2,8.727725
tcr_20_4,E,A,G,Q,116,94,N,CD,9.6053295
tcr_20_4,E,A,G,Q,116,94,N,NE2,9.274015
tcr_20_4,E,A,G,A,116,97,N,O,9.515236
tcr_20_4,E,A,G,Q,116,94,N,OE1,8.9233
tcr_20_4,E,A,G,A,116,97,N,C,9.588983
tcr_20_4,E,A,G,R,116,93,N,NH2,7.7405066
tcr_20_4,E,A,G,R,116,93,N,NH1,9.848001
tcr_20_4,E,A,G,R,116,93,N,NE,9.288806
tcr_20_4,E,A,G,A,116,97,N,CB,7.784418
tcr_20_4,E,A,G,R,116,93,N,O,9.8524065
tcr_20_4,E,A,G,A,116,97,N,N,9.880371
tcr_20_4,E,A,G,A,116,97,N,CA,8.835151
tcr_20_4,E,A,G,R,116,93,N,CZ,8.9130535
tcr_20_4,E,A,G,N,116,101,N,CG,9.005589
tcr_20_4,E,A,G,N,116,101,N,OD1,8.22916
tcr_20_4,E,A,G,K,116,104,N,CD,9.86768
tcr_20_4,E,A,G,K,116,104,N,NZ,7.6572227
tcr_20_4,E,A,G,K,116,104,N,CE,9.101284
tcr_20_4,E,A,G,K,116,170,N,CD,9.4522505
tcr_20_4,E,A,G,K,116,170,N,NZ,9.888542
tcr_20_4,E,A,G,K,116,170,N,CG,9.99846
tcr_20_4,E,A,G,E,116,176,N,CG,7.390761
tcr_20_4,E,A,G,W,116,171,N,CH2,9.622653
tcr_20_4,E,A,G,W,116,171,N,CD2,8.835279
tcr_20_4,E,A,G,W,116,171,N,CE2,7.974306
tcr_20_4,E,A,G,W,116,171,N,CZ2,8.414626
tcr_20_4,E,A,G,R,116,180,N,CD,9.59108
tcr_20_4,E,A,G,E,116,176,N,CB,7.9525676
tcr_20_4,E,A,G,Q,116,179,N,OE1,6.4979177
tcr_20_4,E,A,G,R,116,180,N,NE,8.169877
tcr_20_4,E,A,G,E,116,176,N,OE2,5.4230456
tcr_20_4,E,A,G,R,116,180,N,CZ,7.4850655
tcr_20_4,E,A,G,E,116,176,N,CD,6.1047993
tcr_20_4,E,A,G,R,116,180,N,NH1,8.17976
tcr_20_4,E,A,G,E,116,176,N,OE1,6.075692
tcr_20_4,E,A,G,R,116,180,N,NH2,6.2301774
tcr_20_4,E,A,G,Q,116,179,N,NE2,7.0234437
tcr_20_4,E,A,G,Q,116,179,N,CD,7.249788
tcr_20_4,E,A,G,E,116,176,N,CA,8.471634
tcr_20_4,E,A,G,E,116,176,N,C,9.602949
tcr_20_4,E,A,G,E,116,176,N,O,9.565645
tcr_20_4,E,A,G,Q,116,179,N,CG,8.689537
tcr_20_4,E,A,G,Q,116,179,N,CB,9.009816
tcr_20_4,E,A,G,W,116,171,N,N,9.468014
tcr_20_4,E,A,G,W,116,171,N,CD1,7.367109
tcr_20_4,E,A,G,W,116,171,N,CB,9.383634
tcr_20_4,E,A,G,W,116,171,N,CG,8.4736805
tcr_20_4,E,A,G,W,116,171,N,NE1,7.022755
tcr_20_4,E,A,G,K,116,170,N,C,9.313589
tcr_20_4,E,A,G,K,116,170,N,CB,9.286006
tcr_20_4,E,A,G,A,116,174,N,CB,7.110887
tcr_20_4,E,A,G,K,116,170,N,O,8.891778
tcr_20_4,E,A,G,A,116,174,N,CA,8.5111
tcr_20_4,E,A,G,W,116,171,N,CA,9.126784
tcr_20_4,E,A,G,W,116,171,N,O,9.844137
tcr_20_4,E,A,G,A,116,174,N,N,9.510222
tcr_20_4,E,A,G,A,116,174,N,O,8.415939
tcr_20_4,E,A,G,A,116,174,N,C,8.922965
tcr_20_4,E,A,G,R,116,175,N,C,9.888347
tcr_20_4,E,A,G,E,116,176,N,N,9.1314945
tcr_20_4,E,A,G,R,116,121,CA,NH1,9.870373
tcr_20_4,E,A,G,N,116,101,CA,ND2,8.78916
tcr_20_4,E,A,G,Q,116,94,CA,CD,9.243686
tcr_20_4,E,A,G,Q,116,94,CA,NE2,9.011258
tcr_20_4,E,A,G,Q,116,94,CA,OE1,8.444051
tcr_20_4,E,A,G,R,116,93,CA,NH2,7.9986773
tcr_20_4,E,A,G,R,116,93,CA,NH1,9.971039
tcr_20_4,E,A,G,R,116,93,CA,NE,9.572183
tcr_20_4,E,A,G,A,116,97,CA,CB,8.149218
tcr_20_4,E,A,G,A,116,97,CA,CA,9.349853
tcr_20_4,E,A,G,R,116,93,CA,CZ,9.132151
tcr_20_4,E,A,G,N,116,101,CA,CG,9.188889
tcr_20_4,E,A,G,N,116,101,CA,OD1,8.495203
tcr_20_4,E,A,G,K,116,104,CA,NZ,8.464045
tcr_20_4,E,A,G,K,116,104,CA,CE,9.927399
tcr_20_4,E,A,G,K,116,170,CA,CD,9.704243
tcr_20_4,E,A,G,R,116,121,CA,NH2,9.769507
tcr_20_4,E,A,G,E,116,176,CA,CG,6.1046157
tcr_20_4,E,A,G,W,116,171,CA,CH2,8.732737
tcr_20_4,E,A,G,W,116,171,CA,CD2,7.9526567
tcr_20_4,E,A,G,W,116,171,CA,CE2,7.1884866
tcr_20_4,E,A,G,W,116,171,CA,CE3,9.030121
tcr_20_4,E,A,G,W,116,171,CA,CZ2,7.6257887
tcr_20_4,E,A,G,W,116,171,CA,CZ3,9.371785
tcr_20_4,E,A,G,F,116,140,CA,CZ,9.981242
tcr_20_4,E,A,G,R,116,180,CA,CD,8.167075
tcr_20_4,E,A,G,W,116,157,CA,CZ2,9.925242
tcr_20_4,E,A,G,R,116,180,CA,CG,8.789037
tcr_20_4,E,A,G,A,116,177,CA,N,9.491776
tcr_20_4,E,A,G,E,116,176,CA,CB,6.7573905
tcr_20_4,E,A,G,Q,116,179,CA,OE1,5.2757974
tcr_20_4,E,A,G,R,116,180,CA,NE,6.7617693
tcr_20_4,E,A,G,E,116,176,CA,OE2,4.1132565
tcr_20_4,E,A,G,R,116,180,CA,CZ,6.138369
tcr_20_4,E,A,G,E,116,176,CA,CD,4.741571
tcr_20_4,E,A,G,R,116,180,CA,NH1,6.9051733
tcr_20_4,E,A,G,E,116,176,CA,OE1,4.6616282
tcr_20_4,E,A,G,R,116,180,CA,NH2,4.91628
tcr_20_4,E,A,G,Q,116,179,CA,NE2,6.0187483
tcr_20_4,E,A,G,Q,116,179,CA,CD,6.080445
tcr_20_4,E,A,G,E,116,176,CA,CA,7.228698
tcr_20_4,E,A,G,E,116,176,CA,C,8.270822
tcr_20_4,E,A,G,E,116,176,CA,O,8.16862
tcr_20_4,E,A,G,Q,116,179,CA,CG,7.4569917
tcr_20_4,E,A,G,Q,116,179,CA,CB,7.6674995
tcr_20_4,E,A,G,R,116,175,CA,O,9.011766
tcr_20_4,E,A,G,Q,116,179,CA,CA,9.162818
tcr_20_4,E,A,G,Q,116,179,CA,N,9.709297
tcr_20_4,E,A,G,Q,116,179,CA,C,9.566769
tcr_20_4,E,A,G,R,116,180,CA,N,9.570332
tcr_20_4,E,A,G,W,116,171,CA,N,8.935036
tcr_20_4,E,A,G,W,116,171,CA,CD1,6.694979
tcr_20_4,E,A,G,W,116,171,CA,CB,8.535267
tcr_20_4,E,A,G,W,116,171,CA,CG,7.6575613
tcr_20_4,E,A,G,W,116,171,CA,NE1,6.3738246
tcr_20_4,E,A,G,K,116,170,CA,C,8.948736
tcr_20_4,E,A,G,K,116,170,CA,CB,9.219328
tcr_20_4,E,A,G,K,116,170,CA,CA,9.824424
tcr_20_4,E,A,G,W,116,171,CA,C,9.31747
tcr_20_4,E,A,G,A,116,174,CA,CB,6.6370316
tcr_20_4,E,A,G,K,116,170,CA,O,8.546746
tcr_20_4,E,A,G,A,116,174,CA,CA,8.001964
tcr_20_4,E,A,G,W,116,171,CA,CA,8.397674
tcr_20_4,E,A,G,W,116,171,CA,O,8.979509
tcr_20_4,E,A,G,A,116,174,CA,N,9.038097
tcr_20_4,E,A,G,A,116,174,CA,O,7.6514773
tcr_20_4,E,A,G,A,116,174,CA,C,8.205513
tcr_20_4,E,A,G,R,116,175,CA,CA,9.714256
tcr_20_4,E,A,G,R,116,175,CA,N,9.197238
tcr_20_4,E,A,G,R,116,175,CA,C,8.793435
tcr_20_4,E,A,G,E,116,176,CA,N,8.016473
tcr_20_4,E,A,G,R,116,121,C,NH1,9.9601345
tcr_20_4,E,A,G,N,116,101,C,ND2,9.966196
tcr_20_4,E,A,G,Q,116,94,C,CD,9.69386
tcr_20_4,E,A,G,Q,116,94,C,NE2,9.658824
tcr_20_4,E,A,G,Q,116,94,C,OE1,8.763476
tcr_20_4,E,A,G,R,116,93,C,NH2,7.416283
tcr_20_4,E,A,G,R,116,93,C,NH1,9.252267
tcr_20_4,E,A,G,R,116,93,C,NE,9.191888
tcr_20_4,E,A,G,A,116,97,C,CB,8.96478
tcr_20_4,E,A,G,R,116,93,C,CZ,8.569278
tcr_20_4,E,A,G,N,116,101,C,OD1,9.867583
tcr_20_4,E,A,G,K,116,104,C,NZ,9.958596
tcr_20_4,E,A,G,R,116,121,C,NH2,9.732199
tcr_20_4,E,A,G,E,116,176,C,CG,6.3111424
tcr_20_4,E,A,G,W,116,171,C,CH2,9.608317
tcr_20_4,E,A,G,W,116,171,C,CD2,8.811203
tcr_20_4,E,A,G,W,116,171,C,CE2,8.192609
tcr_20_4,E,A,G,W,116,171,C,CE3,9.78476
tcr_20_4,E,A,G,W,116,171,C,CZ2,8.626939
tcr_20_4,E,A,G,R,116,180,C,CD,7.8235626
tcr_20_4,E,A,G,R,116,180,C,CG,8.496159
tcr_20_4,E,A,G,R,116,180,C,CB,9.7480545
tcr_20_4,E,A,G,A,116,177,C,N,9.286428
tcr_20_4,E,A,G,E,116,176,C,CB,6.9078526
tcr_20_4,E,A,G,Q,116,179,C,OE1,4.091377
tcr_20_4,E,A,G,R,116,180,C,NE,6.530932
tcr_20_4,E,A,G,E,116,176,C,OE2,4.098187
tcr_20_4,E,A,G,R,116,180,C,CZ,5.8867383
tcr_20_4,E,A,G,E,116,176,C,CD,4.8240685
tcr_20_4,E,A,G,R,116,180,C,NH1,6.534631
tcr_20_4,E,A,G,E,116,176,C,OE1,4.6928096
tcr_20_4,E,A,G,R,116,180,C,NH2,4.8084373
tcr_20_4,E,A,G,Q,116,179,C,NE2,5.000409
tcr_20_4,E,A,G,Q,116,179,C,CD,4.9809337
tcr_20_4,E,A,G,E,116,176,C,CA,7.0620875
tcr_20_4,E,A,G,E,116,176,C,C,7.994857
tcr_20_4,E,A,G,E,116,176,C,O,7.7360826
tcr_20_4,E,A,G,Q,116,179,C,CG,6.3982086
tcr_20_4,E,A,G,Q,116,179,C,CB,6.6485558
tcr_20_4,E,A,G,R,116,180,C,CA,9.657424
tcr_20_4,E,A,G,Q,116,179,C,O,9.118494
tcr_20_4,E,A,G,R,116,175,C,O,8.496521
tcr_20_4,E,A,G,Q,116,179,C,CA,8.166826
tcr_20_4,E,A,G,Q,116,179,C,N,8.838518
tcr_20_4,E,A,G,Q,116,179,C,C,8.647538
tcr_20_4,E,A,G,R,116,180,C,N,8.836622
tcr_20_4,E,A,G,W,116,171,C,N,9.771306
tcr_20_4,E,A,G,W,116,171,C,CD1,7.6916857
tcr_20_4,E,A,G,W,116,171,C,CB,9.23223
tcr_20_4,E,A,G,W,116,171,C,CG,8.504222
tcr_20_4,E,A,G,W,116,171,C,NE1,7.485042
tcr_20_4,E,A,G,K,116,170,C,C,9.807045
tcr_20_4,E,A,G,W,116,171,C,C,9.795579
tcr_20_4,E,A,G,A,116,174,C,CB,6.9293656
tcr_20_4,E,A,G,K,116,170,C,O,9.287466
tcr_20_4,E,A,G,A,116,174,C,CA,8.124962
tcr_20_4,E,A,G,W,116,171,C,CA,9.067542
tcr_20_4,E,A,G,W,116,171,C,O,9.2777405
tcr_20_4,E,A,G,A,116,174,C,N,9.317135
tcr_20_4,E,A,G,A,116,174,C,O,7.342108
tcr_20_4,E,A,G,A,116,174,C,C,8.095348
tcr_20_4,E,A,G,R,116,175,C,CA,9.456998
tcr_20_4,E,A,G,R,116,175,C,N,9.097037
tcr_20_4,E,A,G,R,116,175,C,C,8.469218
tcr_20_4,E,A,G,E,116,176,C,N,7.8687134
tcr_20_4,E,A,G,R,116,121,O,NH1,9.067271
tcr_20_4,E,A,G,Q,116,94,O,CD,9.238176
tcr_20_4,E,A,G,Q,116,94,O,NE2,9.330522
tcr_20_4,E,A,G,Q,116,94,O,OE1,8.219797
tcr_20_4,E,A,G,R,116,93,O,NH2,7.420441
tcr_20_4,E,A,G,R,116,93,O,NH1,9.07384
tcr_20_4,E,A,G,R,116,93,O,NE,9.125251
tcr_20_4,E,A,G,A,116,97,O,CB,9.096741
tcr_20_4,E,A,G,R,116,93,O,CZ,8.482451
tcr_20_4,E,A,G,R,116,121,O,NH2,8.726556
tcr_20_4,E,A,G,R,116,121,O,CZ,9.293438
tcr_20_4,E,A,G,E,116,176,O,CG,5.8937097
tcr_20_4,E,A,G,W,116,171,O,CH2,9.300457
tcr_20_4,E,A,G,W,116,171,O,CD2,8.693454
tcr_20_4,E,A,G,W,116,171,O,CE2,8.129442
tcr_20_4,E,A,G,W,116,171,O,CE3,9.52333
tcr_20_4,E,A,G,W,116,171,O,CZ2,8.457223
tcr_20_4,E,A,G,W,116,171,O,CZ3,9.797909
tcr_20_4,E,A,G,F,116,140,O,CZ,9.975964
tcr_20_4,E,A,G,N,116,138,O,ND2,9.654589
tcr_20_4,E,A,G,R,116,180,O,CD,6.75458
tcr_20_4,E,A,G,W,116,157,O,CH2,9.824735
tcr_20_4,E,A,G,W,116,157,O,CZ2,9.574183
tcr_20_4,E,A,G,R,116,180,O,CG,7.51648
tcr_20_4,E,A,G,R,116,180,O,CB,8.724604
tcr_20_4,E,A,G,A,116,177,O,N,8.753868
tcr_20_4,E,A,G,A,116,177,O,CA,9.731289
tcr_20_4,E,A,G,R,116,180,O,C,9.991081
tcr_20_4,E,A,G,E,116,176,O,CB,6.6389203
tcr_20_4,E,A,G,Q,116,179,O,OE1,3.4007385
tcr_20_4,E,A,G,R,116,180,O,NE,5.515285
tcr_20_4,E,A,G,E,116,176,O,OE2,3.8434248
tcr_20_4,E,A,G,R,116,180,O,CZ,4.831304
tcr_20_4,E,A,G,E,116,176,O,CD,4.3612013
tcr_20_4,E,A,G,R,116,180,O,NH1,5.4165797
tcr_20_4,E,A,G,E,116,176,O,OE1,4.0125976
tcr_20_4,E,A,G,R,116,180,O,NH2,3.8572872
tcr_20_4,E,A,G,Q,116,179,O,NE2,4.799102
tcr_20_4,E,A,G,Q,116,179,O,CD,4.462733
tcr_20_4,E,A,G,E,116,176,O,CA,6.702706
tcr_20_4,E,A,G,E,116,176,O,C,7.4343977
tcr_20_4,E,A,G,E,116,176,O,O,7.016742
tcr_20_4,E,A,G,Q,116,179,O,CG,5.7511106
tcr_20_4,E,A,G,Q,116,179,O,CB,5.771712
tcr_20_4,E,A,G,R,116,180,O,CA,8.574884
tcr_20_4,E,A,G,Q,116,179,O,O,8.020803
tcr_20_4,E,A,G,R,116,175,O,O,8.150546
tcr_20_4,E,A,G,Q,116,179,O,CA,7.258382
tcr_20_4,E,A,G,Q,116,179,O,N,8.041051
tcr_20_4,E,A,G,Q,116,179,O,C,7.6123185
tcr_20_4,E,A,G,R,116,180,O,N,7.812984
tcr_20_4,E,A,G,W,116,171,O,CD1,7.864565
tcr_20_4,E,A,G,W,116,171,O,CB,9.245443
tcr_20_4,E,A,G,W,116,171,O,CG,8.525438
tcr_20_4,E,A,G,W,116,171,O,NE1,7.608872
tcr_20_4,E,A,G,W,116,171,O,C,9.909782
tcr_20_4,E,A,G,A,116,174,O,CB,7.4418316
tcr_20_4,E,A,G,K,116,170,O,O,9.789201
tcr_20_4,E,A,G,A,116,174,O,CA,8.5608835
tcr_20_4,E,A,G,W,116,171,O,CA,9.235082
tcr_20_4,E,A,G,W,116,171,O,O,9.342884
tcr_20_4,E,A,G,A,116,174,O,N,9.752086
tcr_20_4,E,A,G,A,116,174,O,O,7.53518
tcr_20_4,E,A,G,A,116,174,O,C,8.333618
tcr_20_4,E,A,G,R,116,175,O,CA,9.3927355
tcr_20_4,E,A,G,R,116,175,O,N,9.217707
tcr_20_4,E,A,G,R,116,175,O,C,8.256506
tcr_20_4,E,A,G,E,116,176,O,N,7.670493
tcr_20_4,E,A,G,E,116,178,O,C,9.353123
tcr_20_4,E,A,G,A,116,177,O,C,9.882099
tcr_20_4,E,A,G,E,116,178,O,N,9.819042
tcr_20_4,E,A,S,Q,117,94,N,OE1,9.83801
tcr_20_4,E,A,S,R,117,93,N,NH2,7.241109
tcr_20_4,E,A,S,R,117,93,N,NH1,9.080808
tcr_20_4,E,A,S,R,117,93,N,NE,9.210475
tcr_20_4,E,A,S,A,117,97,N,CB,9.744481
tcr_20_4,E,A,S,R,117,93,N,CZ,8.465142
tcr_20_4,E,A,S,E,117,176,N,CG,7.288494
tcr_20_4,E,A,S,W,117,171,N,CD2,9.8889
tcr_20_4,E,A,S,W,117,171,N,CE2,9.328099
tcr_20_4,E,A,S,W,117,171,N,CZ2,9.850233
tcr_20_4,E,A,S,R,117,180,N,CD,8.882916
tcr_20_4,E,A,S,R,117,180,N,CG,9.508513
tcr_20_4,E,A,S,A,117,177,N,N,9.951112
tcr_20_4,E,A,S,E,117,176,N,CB,7.68372
tcr_20_4,E,A,S,Q,117,179,N,OE1,4.282416
tcr_20_4,E,A,S,R,117,180,N,NE,7.6666374
tcr_20_4,E,A,S,E,117,176,N,OE2,4.9407835
tcr_20_4,E,A,S,R,117,180,N,CZ,7.0550494
tcr_20_4,E,A,S,E,117,176,N,CD,5.8384714
tcr_20_4,E,A,S,R,117,180,N,NH1,7.63818
tcr_20_4,E,A,S,E,117,176,N,OE1,5.8475013
tcr_20_4,E,A,S,R,117,180,N,NH2,6.0492234
tcr_20_4,E,A,S,Q,117,179,N,NE2,4.8029685
tcr_20_4,E,A,S,Q,117,179,N,CD,5.0223875
tcr_20_4,E,A,S,E,117,176,N,CA,7.6693425
tcr_20_4,E,A,S,E,117,176,N,C,8.665023
tcr_20_4,E,A,S,E,117,176,N,O,8.43029
tcr_20_4,E,A,S,Q,117,179,N,CG,6.515469
tcr_20_4,E,A,S,Q,117,179,N,CB,7.004241
tcr_20_4,E,A,S,Q,117,179,N,O,9.620575
tcr_20_4,E,A,S,R,117,175,N,O,8.739162
tcr_20_4,E,A,S,Q,117,179,N,CA,8.525007
tcr_20_4,E,A,S,Q,117,179,N,N,9.192052
tcr_20_4,E,A,S,Q,117,179,N,C,9.178527
tcr_20_4,E,A,S,R,117,180,N,N,9.516764
tcr_20_4,E,A,S,W,117,171,N,CD1,8.6084175
tcr_20_4,E,A,S,W,117,171,N,CG,9.447672
tcr_20_4,E,A,S,W,117,171,N,NE1,8.528242
tcr_20_4,E,A,S,A,117,174,N,CB,7.0027537
tcr_20_4,E,A,S,K,117,170,N,O,9.635889
tcr_20_4,E,A,S,A,117,174,N,CA,8.091884
tcr_20_4,E,A,S,W,117,171,N,CA,9.725075
tcr_20_4,E,A,S,W,117,171,N,O,9.752922
tcr_20_4,E,A,S,A,117,174,N,N,9.374853
tcr_20_4,E,A,S,A,117,174,N,O,7.2424784
tcr_20_4,E,A,S,A,117,174,N,C,8.087812
tcr_20_4,E,A,S,R,117,175,N,CA,9.603701
tcr_20_4,E,A,S,R,117,175,N,N,9.191618
tcr_20_4,E,A,S,R,117,175,N,C,8.744412
tcr_20_4,E,A,S,E,117,176,N,N,8.300701
tcr_20_4,E,A,S,R,117,93,CA,NH2,7.057451
tcr_20_4,E,A,S,R,117,93,CA,NH1,8.670616
tcr_20_4,E,A,S,R,117,93,CA,NE,9.161682
tcr_20_4,E,A,S,R,117,93,CA,CZ,8.250451
tcr_20_4,E,A,S,E,117,176,CA,CG,7.909509
tcr_20_4,E,A,S,R,117,180,CA,CD,8.987738
tcr_20_4,E,A,S,R,117,180,CA,CG,9.632864
tcr_20_4,E,A,S,E,117,176,CA,CB,8.246312
tcr_20_4,E,A,S,Q,117,179,CA,OE1,3.7924128
tcr_20_4,E,A,S,R,117,180,CA,NE,7.9278708
tcr_20_4,E,A,S,E,117,176,CA,OE2,5.5727744
tcr_20_4,E,A,S,R,117,180,CA,CZ,7.3337827
tcr_20_4,E,A,S,E,117,176,CA,CD,6.457594
tcr_20_4,E,A,S,R,117,180,CA,NH1,7.7767444
tcr_20_4,E,A,S,E,117,176,CA,OE1,6.428782
tcr_20_4,E,A,S,R,117,180,CA,NH2,6.5108366
tcr_20_4,E,A,S,Q,117,179,CA,NE2,4.3536997
tcr_20_4,E,A,S,Q,117,179,CA,CD,4.50347
tcr_20_4,E,A,S,E,117,176,CA,CA,7.971263
tcr_20_4,E,A,S,E,117,176,CA,C,8.826743
tcr_20_4,E,A,S,E,117,176,CA,O,8.461897
tcr_20_4,E,A,S,Q,117,179,CA,CG,5.9355936
tcr_20_4,E,A,S,Q,117,179,CA,CB,6.4810295
tcr_20_4,E,A,S,Q,117,179,CA,O,9.010966
tcr_20_4,E,A,S,R,117,175,CA,O,8.646089
tcr_20_4,E,A,S,Q,117,179,CA,CA,7.948813
tcr_20_4,E,A,S,Q,117,179,CA,N,8.725666
tcr_20_4,E,A,S,Q,117,179,CA,C,8.679357
tcr_20_4,E,A,S,R,117,180,CA,N,9.210473
tcr_20_4,E,A,S,W,117,171,CA,CD1,9.731708
tcr_20_4,E,A,S,W,117,171,CA,NE1,9.712222
tcr_20_4,E,A,S,A,117,174,CA,CB,7.71145
tcr_20_4,E,A,S,A,117,174,CA,CA,8.605656
tcr_20_4,E,A,S,A,117,174,CA,N,9.976792
tcr_20_4,E,A,S,A,117,174,CA,O,7.398023
tcr_20_4,E,A,S,A,117,174,CA,C,8.393966
tcr_20_4,E,A,S,R,117,175,CA,CA,9.720976
tcr_20_4,E,A,S,R,117,175,CA,N,9.466734
tcr_20_4,E,A,S,R,117,175,CA,C,8.8379135
tcr_20_4,E,A,S,E,117,176,CA,N,8.582038
tcr_20_4,E,A,S,E,117,178,CA,C,9.957768
tcr_20_4,E,A,S,R,117,175,CA,CB,9.996736
tcr_20_4,E,A,S,R,117,93,C,NH2,6.671042
tcr_20_4,E,A,S,R,117,93,C,NH1,8.239194
tcr_20_4,E,A,S,R,117,93,C,NE,8.89191
tcr_20_4,E,A,S,R,117,93,C,CZ,7.8900747
tcr_20_4,E,A,S,E,117,176,C,CG,9.389308
tcr_20_4,E,A,S,E,117,176,C,CB,9.654922
tcr_20_4,E,A,S,Q,117,179,C,OE1,5.08668
tcr_20_4,E,A,S,R,117,180,C,NE,9.394916
tcr_20_4,E,A,S,E,117,176,C,OE2,7.024347
tcr_20_4,E,A,S,R,117,180,C,CZ,8.747632
tcr_20_4,E,A,S,E,117,176,C,CD,7.9524403
tcr_20_4,E,A,S,R,117,180,C,NH1,9.094857
tcr_20_4,E,A,S,E,117,176,C,OE1,7.9407063
tcr_20_4,E,A,S,R,117,180,C,NH2,7.9235716
tcr_20_4,E,A,S,Q,117,179,C,NE2,5.3568163
tcr_20_4,E,A,S,Q,117,179,C,CD,5.6587358
tcr_20_4,E,A,S,E,117,176,C,CA,9.335022
tcr_20_4,E,A,S,E,117,176,C,O,9.864669
tcr_20_4,E,A,S,Q,117,179,C,CG,7.032801
tcr_20_4,E,A,S,Q,117,179,C,CB,7.686894
tcr_20_4,E,A,S,R,117,175,C,O,9.785265
tcr_20_4,E,A,S,Q,117,179,C,CA,9.093336
tcr_20_4,E,A,S,Q,117,179,C,N,9.888119
tcr_20_4,E,A,S,Q,117,179,C,C,9.888755
tcr_20_4,E,A,S,A,117,174,C,CB,8.611019
tcr_20_4,E,A,S,A,117,174,C,CA,9.431597
tcr_20_4,E,A,S,A,117,174,C,O,8.275647
tcr_20_4,E,A,S,A,117,174,C,C,9.29671
tcr_20_4,E,A,S,R,117,175,C,C,9.990055
tcr_20_4,E,A,S,E,117,176,C,N,9.831831
tcr_20_4,E,A,S,R,117,93,O,NH2,7.43377
tcr_20_4,E,A,S,R,117,93,O,NH1,9.067029
tcr_20_4,E,A,S,R,117,93,O,NE,9.654877
tcr_20_4,E,A,S,R,117,93,O,CZ,8.680147
tcr_20_4,E,A,S,E,117,176,O,CG,9.851434
tcr_20_4,E,A,S,E,117,176,O,CB,9.969205
tcr_20_4,E,A,S,Q,117,179,O,OE1,5.8004427
tcr_20_4,E,A,S,E,117,176,O,OE2,7.4436927
tcr_20_4,E,A,S,R,117,180,O,CZ,9.701344
tcr_20_4,E,A,S,E,117,176,O,CD,8.4786215
tcr_20_4,E,A,S,E,117,176,O,OE1,8.613028
tcr_20_4,E,A,S,R,117,180,O,NH2,8.82563
tcr_20_4,E,A,S,Q,117,179,O,NE2,5.6377487
tcr_20_4,E,A,S,Q,117,179,O,CD,6.191199
tcr_20_4,E,A,S,E,117,176,O,CA,9.660618
tcr_20_4,E,A,S,Q,117,179,O,CG,7.5884123
tcr_20_4,E,A,S,Q,117,179,O,CB,8.417113
tcr_20_4,E,A,S,Q,117,179,O,CA,9.821222
tcr_20_4,E,A,S,A,117,174,O,CB,8.298402
tcr_20_4,E,A,S,A,117,174,O,CA,9.066613
tcr_20_4,E,A,S,A,117,174,O,O,8.082543
tcr_20_4,E,A,S,A,117,174,O,C,9.062918
tcr_20_4,E,A,S,E,117,176,O,N,9.996224
tcr_20_4,E,A,S,R,117,93,CB,NH2,8.481555
tcr_20_4,E,A,S,R,117,93,CB,NH1,9.97322
tcr_20_4,E,A,S,R,117,93,CB,CZ,9.643736
tcr_20_4,E,A,S,E,117,176,CB,CG,7.4258523
tcr_20_4,E,A,S,R,117,180,CB,CD,8.765021
tcr_20_4,E,A,S,R,117,180,CB,CG,9.200293
tcr_20_4,E,A,S,A,117,177,CB,N,9.14482
tcr_20_4,E,A,S,E,117,176,CB,CB,7.5325723
tcr_20_4,E,A,S,Q,117,179,CB,OE1,2.906438
tcr_20_4,E,A,S,R,117,180,CB,NE,7.8343277
tcr_20_4,E,A,S,E,117,176,CB,OE2,5.113861
tcr_20_4,E,A,S,R,117,180,CB,CZ,7.4787316
tcr_20_4,E,A,S,E,117,176,CB,CD,6.0988474
tcr_20_4,E,A,S,R,117,180,CB,NH1,8.035701
tcr_20_4,E,A,S,E,117,176,CB,OE1,6.283308
tcr_20_4,E,A,S,R,117,180,CB,NH2,6.8036585
tcr_20_4,E,A,S,Q,117,179,CB,NE2,2.9395027
tcr_20_4,E,A,S,Q,117,179,CB,CD,3.289787
tcr_20_4,E,A,S,E,117,176,CB,CA,7.0338216
tcr_20_4,E,A,S,E,117,176,CB,C,7.885604
tcr_20_4,E,A,S,E,117,176,CB,O,7.569677
tcr_20_4,E,A,S,Q,117,179,CB,CG,4.724185
tcr_20_4,E,A,S,Q,117,179,CB,CB,5.5273046
tcr_20_4,E,A,S,R,117,180,CB,CA,9.616626
tcr_20_4,E,A,S,Q,117,179,CB,O,8.331117
tcr_20_4,E,A,S,R,117,175,CB,O,7.354685
tcr_20_4,E,A,S,Q,117,179,CB,CA,6.9606338
tcr_20_4,E,A,S,Q,117,179,CB,N,7.6022635
tcr_20_4,E,A,S,Q,117,179,CB,C,7.890998
tcr_20_4,E,A,S,R,117,180,CB,N,8.467711
tcr_20_4,E,A,S,W,117,171,CB,CD1,9.542615
tcr_20_4,E,A,S,W,117,171,CB,NE1,9.719215
tcr_20_4,E,A,S,A,117,174,CB,CB,6.9263716
tcr_20_4,E,A,S,A,117,174,CB,CA,7.620259
tcr_20_4,E,A,S,W,117,171,CB,O,9.454318
tcr_20_4,E,A,S,A,117,174,CB,N,9.038969
tcr_20_4,E,A,S,A,117,174,CB,O,6.1540127
tcr_20_4,E,A,S,A,117,174,CB,C,7.2335343
tcr_20_4,E,A,S,A,117,173,CB,O,9.987542
tcr_20_4,E,A,S,R,117,175,CB,CA,8.4401865
tcr_20_4,E,A,S,R,117,175,CB,N,8.269067
tcr_20_4,E,A,S,R,117,175,CB,C,7.605896
tcr_20_4,E,A,S,E,117,176,CB,N,7.5049005
tcr_20_4,E,A,S,E,117,178,CB,C,8.789251
tcr_20_4,E,A,S,E,117,178,CB,O,9.439022
tcr_20_4,E,A,S,E,117,178,CB,CA,9.570747
tcr_20_4,E,A,S,E,117,178,CB,N,9.500521
tcr_20_4,E,A,S,E,117,178,CB,CB,9.370529
tcr_20_4,E,A,S,R,117,175,CB,CB,8.600728
tcr_20_4,E,A,S,E,117,178,CB,OE2,9.948484
tcr_20_4,E,A,S,R,117,175,CB,CG,9.738926
tcr_20_4,E,A,S,R,117,93,OG,NH2,8.659904
tcr_20_4,E,A,S,R,117,93,OG,NH1,9.896557
tcr_20_4,E,A,S,R,117,93,OG,CZ,9.748961
tcr_20_4,E,A,S,E,117,176,OG,CG,8.265532
tcr_20_4,E,A,S,R,117,180,OG,CD,9.055541
tcr_20_4,E,A,S,R,117,180,OG,CG,9.498963
tcr_20_4,E,A,S,A,117,177,OG,N,9.53045
tcr_20_4,E,A,S,E,117,176,OG,CB,8.342764
tcr_20_4,E,A,S,Q,117,179,OG,OE1,3.071775
tcr_20_4,E,A,S,R,117,180,OG,NE,8.303529
tcr_20_4,E,A,S,E,117,176,OG,OE2,6.0947137
tcr_20_4,E,A,S,R,117,180,OG,CZ,7.9739237
tcr_20_4,E,A,S,E,117,176,OG,CD,6.98797
tcr_20_4,E,A,S,R,117,180,OG,NH1,8.385317
tcr_20_4,E,A,S,E,117,176,OG,OE1,7.108165
tcr_20_4,E,A,S,R,117,180,OG,NH2,7.4781184
tcr_20_4,E,A,S,Q,117,179,OG,NE2,3.12918
tcr_20_4,E,A,S,Q,117,179,OG,CD,3.3027363
tcr_20_4,E,A,S,E,117,176,OG,CA,7.6358385
tcr_20_4,E,A,S,E,117,176,OG,C,8.29873
tcr_20_4,E,A,S,E,117,176,OG,O,7.8547235
tcr_20_4,E,A,S,Q,117,179,OG,CG,4.468881
tcr_20_4,E,A,S,Q,117,179,OG,CB,5.295028
tcr_20_4,E,A,S,R,117,180,OG,CA,9.534816
tcr_20_4,E,A,S,Q,117,179,OG,O,7.8808227
tcr_20_4,E,A,S,R,117,175,OG,O,7.5495176
tcr_20_4,E,A,S,Q,117,179,OG,CA,6.5836105
tcr_20_4,E,A,S,Q,117,179,OG,N,7.3311234
tcr_20_4,E,A,S,Q,117,179,OG,C,7.576021
tcr_20_4,E,A,S,R,117,180,OG,N,8.348642
tcr_20_4,E,A,S,A,117,174,OG,CB,7.9606876
tcr_20_4,E,A,S,A,117,174,OG,CA,8.4692
tcr_20_4,E,A,S,A,117,174,OG,N,9.912081
tcr_20_4,E,A,S,A,117,174,OG,O,6.7308497
tcr_20_4,E,A,S,A,117,174,OG,C,7.897969
tcr_20_4,E,A,S,R,117,175,OG,CA,8.840118
tcr_20_4,E,A,S,R,117,175,OG,N,8.848326
tcr_20_4,E,A,S,R,117,175,OG,C,7.997993
tcr_20_4,E,A,S,E,117,176,OG,N,8.083997
tcr_20_4,E,A,S,E,117,178,OG,C,8.430682
tcr_20_4,E,A,S,E,117,178,OG,O,8.937962
tcr_20_4,E,A,S,E,117,178,OG,CA,9.323807
tcr_20_4,E,A,S,A,117,182,OG,CB,9.517925
tcr_20_4,E,A,S,E,117,178,OG,N,9.4690695
tcr_20_4,E,A,S,E,117,178,OG,CB,9.058627
tcr_20_4,E,A,S,R,117,175,OG,CB,8.793583
tcr_20_4,E,A,S,E,117,178,OG,OE2,9.560791
tcr_20_4,E,A,S,R,117,175,OG,CG,9.942754
tcr_20_4,E,A,S,R,118,93,N,CD,9.536084
tcr_20_4,E,A,S,R,118,93,N,NH2,5.9310355
tcr_20_4,E,A,S,R,118,93,N,NH1,7.267784
tcr_20_4,E,A,S,R,118,93,N,NE,8.185573
tcr_20_4,E,A,S,R,118,93,N,CZ,7.077905
tcr_20_4,E,A,S,Q,118,179,N,OE1,5.603669
tcr_20_4,E,A,S,R,118,180,N,NE,9.778464
tcr_20_4,E,A,S,E,118,176,N,OE2,7.9524074
tcr_20_4,E,A,S,R,118,180,N,CZ,9.046267
tcr_20_4,E,A,S,E,118,176,N,CD,8.781508
tcr_20_4,E,A,S,R,118,180,N,NH1,9.213596
tcr_20_4,E,A,S,E,118,176,N,OE1,8.633346
tcr_20_4,E,A,S,R,118,180,N,NH2,8.315866
tcr_20_4,E,A,S,Q,118,179,N,NE2,6.1272745
tcr_20_4,E,A,S,Q,118,179,N,CD,6.245046
tcr_20_4,E,A,S,Q,118,179,N,CG,7.487771
tcr_20_4,E,A,S,Q,118,179,N,CB,8.012706
tcr_20_4,E,A,S,Q,118,179,N,CA,9.336135
tcr_20_4,E,A,S,A,118,174,N,CB,9.862512
tcr_20_4,E,A,S,A,118,174,N,O,9.352352
tcr_20_4,E,A,S,R,118,93,CA,CD,9.675965
tcr_20_4,E,A,S,R,118,93,CA,NH2,6.1240854
tcr_20_4,E,A,S,R,118,93,CA,NH1,7.2424035
tcr_20_4,E,A,S,R,118,93,CA,NE,8.378435
tcr_20_4,E,A,S,R,118,93,CA,CZ,7.198866
tcr_20_4,E,A,S,Q,118,179,CA,OE1,6.8864336
tcr_20_4,E,A,S,E,118,176,CA,OE2,9.352191
tcr_20_4,E,A,S,R,118,180,CA,NH2,9.755692
tcr_20_4,E,A,S,Q,118,179,CA,NE2,7.206782
tcr_20_4,E,A,S,Q,118,179,CA,CD,7.413236
tcr_20_4,E,A,S,Q,118,179,CA,CG,8.579648
tcr_20_4,E,A,S,Q,118,179,CA,CB,9.180199
tcr_20_4,E,A,S,R,118,93,C,NH2,7.638757
tcr_20_4,E,A,S,R,118,93,C,NH1,8.637192
tcr_20_4,E,A,S,R,118,93,C,NE,9.881384
tcr_20_4,E,A,S,R,118,93,C,CZ,8.679389
tcr_20_4,E,A,S,Q,118,179,C,OE1,7.0518928
tcr_20_4,E,A,S,E,118,176,C,OE2,9.717244
tcr_20_4,E,A,S,Q,118,179,C,NE2,6.9702125
tcr_20_4,E,A,S,Q,118,179,C,CD,7.3357654
tcr_20_4,E,A,S,Q,118,179,C,CG,8.40202
tcr_20_4,E,A,S,Q,118,179,C,CB,9.196522
tcr_20_4,E,A,S,A,118,174,C,O,9.926484
tcr_20_4,E,A,S,R,118,93,O,NH2,8.219416
tcr_20_4,E,A,S,R,118,93,O,NH1,9.107119
tcr_20_4,E,A,S,R,118,93,O,CZ,9.208601
tcr_20_4,E,A,S,Q,118,179,O,OE1,8.226691
tcr_20_4,E,A,S,Q,118,179,O,NE2,8.000884
tcr_20_4,E,A,S,Q,118,179,O,CD,8.442887
tcr_20_4,E,A,S,Q,118,179,O,CG,9.471026
tcr_20_4,E,A,S,R,118,93,CB,CD,8.86035
tcr_20_4,E,A,S,R,118,93,CB,NH2,5.52508
tcr_20_4,E,A,S,R,118,93,CB,NH1,6.2269773
tcr_20_4,E,A,S,R,118,93,CB,NE,7.6859245
tcr_20_4,E,A,S,R,118,93,CB,CZ,6.420171
tcr_20_4,E,A,S,Q,118,179,CB,OE1,7.5705786
tcr_20_4,E,A,S,Q,118,179,CB,NE2,8.174578
tcr_20_4,E,A,S,Q,118,179,CB,CD,8.182321
tcr_20_4,E,A,S,Q,118,179,CB,CG,9.213904
tcr_20_4,E,A,S,Q,118,179,CB,CB,9.63511
tcr_20_4,E,A,S,R,118,93,OG,CG,8.779889
tcr_20_4,E,A,S,R,118,93,OG,CB,9.059764
tcr_20_4,E,A,S,R,118,93,OG,CD,7.493363
tcr_20_4,E,A,S,K,118,90,OG,CG,9.810455
tcr_20_4,E,A,S,R,118,93,OG,NH2,4.1539035
tcr_20_4,E,A,S,R,118,93,OG,NH1,4.90362
tcr_20_4,E,A,S,R,118,93,OG,NE,6.3082976
tcr_20_4,E,A,S,R,118,93,OG,CZ,5.0430574
tcr_20_4,E,A,S,Q,118,179,OG,OE1,7.7049603
tcr_20_4,E,A,S,R,118,180,OG,NH1,9.971735
tcr_20_4,E,A,S,R,118,180,OG,NH2,9.516555
tcr_20_4,E,A,S,Q,118,179,OG,NE2,8.620118
tcr_20_4,E,A,S,Q,118,179,OG,CD,8.490294
tcr_20_4,E,A,S,Q,118,179,OG,CG,9.554327
tcr_20_4,E,A,S,Q,118,179,OG,CB,9.79064
tcr_20_4,E,A,Y,R,119,93,N,NH2,8.440358
tcr_20_4,E,A,Y,R,119,93,N,NH1,9.468513
tcr_20_4,E,A,Y,R,119,93,N,CZ,9.498686
tcr_20_4,E,A,Y,Q,119,179,N,OE1,6.1041045
tcr_20_4,E,A,Y,E,119,176,N,OE2,8.936569
tcr_20_4,E,A,Y,E,119,176,N,CD,9.901194
tcr_20_4,E,A,Y,Q,119,179,N,NE2,5.836249
tcr_20_4,E,A,Y,Q,119,179,N,CD,6.241383
tcr_20_4,E,A,Y,Q,119,179,N,CG,7.2381063
tcr_20_4,E,A,Y,Q,119,179,N,CB,8.12838
tcr_20_4,E,A,Y,Q,119,179,N,CA,9.251853
tcr_20_4,E,A,Y,A,119,174,N,CB,9.974756
tcr_20_4,E,A,Y,A,119,174,N,O,8.842177
tcr_20_4,E,A,Y,A,119,174,N,C,9.997823
tcr_20_4,E,A,Y,R,119,93,CA,NH2,9.896475
tcr_20_4,E,A,Y,Q,119,179,CA,OE1,6.616741
tcr_20_4,E,A,Y,E,119,176,CA,OE2,9.450821
tcr_20_4,E,A,Y,Q,119,179,CA,NE2,5.9082985
tcr_20_4,E,A,Y,Q,119,179,CA,CD,6.483238
tcr_20_4,E,A,Y,Q,119,179,CA,CG,7.3239923
tcr_20_4,E,A,Y,Q,119,179,CA,CB,8.396404
tcr_20_4,E,A,Y,R,119,175,CA,O,9.946907
tcr_20_4,E,A,Y,Q,119,179,CA,CA,9.400951
tcr_20_4,E,A,Y,A,119,174,CA,CB,9.953283
tcr_20_4,E,A,Y,A,119,174,CA,O,8.547789
tcr_20_4,E,A,Y,A,119,174,CA,C,9.705637
tcr_20_4,E,A,Y,Q,119,179,C,OE1,7.072173
tcr_20_4,E,A,Y,E,119,176,C,OE2,9.416078
tcr_20_4,E,A,Y,Q,119,179,C,NE2,5.993063
tcr_20_4,E,A,Y,Q,119,179,C,CD,6.8309746
tcr_20_4,E,A,Y,Q,119,179,C,CG,7.772357
tcr_20_4,E,A,Y,Q,119,179,C,CB,8.993806
tcr_20_4,E,A,Y,R,119,175,C,O,9.877619
tcr_20_4,E,A,Y,A,119,174,C,CB,9.188898
tcr_20_4,E,A,Y,A,119,174,C,CA,9.331529
tcr_20_4,E,A,Y,A,119,174,C,O,7.969512
tcr_20_4,E,A,Y,A,119,174,C,C,9.048477
tcr_20_4,E,A,Y,R,119,175,C,CB,9.954904
tcr_20_4,E,A,Y,Q,119,179,O,OE1,7.983849
tcr_20_4,E,A,Y,Q,119,179,O,NE2,6.6829486
tcr_20_4,E,A,Y,Q,119,179,O,CD,7.600073
tcr_20_4,E,A,Y,Q,119,179,O,CG,8.416778
tcr_20_4,E,A,Y,Q,119,179,O,CB,9.722607
tcr_20_4,E,A,Y,A,119,174,O,CB,9.575279
tcr_20_4,E,A,Y,A,119,174,O,CA,9.5426235
tcr_20_4,E,A,Y,A,119,174,O,O,8.224265
tcr_20_4,E,A,Y,A,119,174,O,C,9.256628
tcr_20_4,E,A,Y,R,119,175,O,CB,9.9847145
tcr_20_4,E,A,Y,Q,119,179,CB,OE1,5.871426
tcr_20_4,E,A,Y,E,119,176,CB,OE2,8.956489
tcr_20_4,E,A,Y,E,119,176,CB,CD,9.914741
tcr_20_4,E,A,Y,Q,119,179,CB,NE2,5.0717773
tcr_20_4,E,A,Y,Q,119,179,CB,CD,5.5582457
tcr_20_4,E,A,Y,E,119,176,CB,CA,9.809834
tcr_20_4,E,A,Y,Q,119,179,CB,CG,6.1655097
tcr_20_4,E,A,Y,Q,119,179,CB,CB,7.2732477
tcr_20_4,E,A,Y,Q,119,179,CB,O,9.575928
tcr_20_4,E,A,Y,R,119,175,CB,O,8.838635
tcr_20_4,E,A,Y,Q,119,179,CB,CA,8.143344
tcr_20_4,E,A,Y,Q,119,179,CB,N,8.701891
tcr_20_4,E,A,Y,Q,119,179,CB,C,9.372802
tcr_20_4,E,A,Y,A,119,174,CB,CB,9.655222
tcr_20_4,E,A,Y,A,119,174,CB,CA,9.729322
tcr_20_4,E,A,Y,A,119,174,CB,O,7.867921
tcr_20_4,E,A,Y,A,119,174,CB,C,9.068557
tcr_20_4,E,A,Y,R,119,175,CB,CA,9.885758
tcr_20_4,E,A,Y,R,119,175,CB,N,9.964964
tcr_20_4,E,A,Y,R,119,175,CB,C,9.406352
tcr_20_4,E,A,Y,E,119,176,CB,N,9.88655
tcr_20_4,E,A,Y,E,119,178,CB,C,9.473675
tcr_20_4,E,A,Y,E,119,178,CB,O,9.810689
tcr_20_4,E,A,Y,E,119,178,CB,CB,9.560987
tcr_20_4,E,A,Y,R,119,175,CB,CB,9.330719
tcr_20_4,E,A,Y,E,119,178,CB,OE2,9.225509
tcr_20_4,E,A,Y,R,119,175,CB,CD,9.959785
tcr_20_4,E,A,Y,Q,119,179,CG,OE1,6.817447
tcr_20_4,E,A,Y,E,119,176,CG,OE2,9.7845745
tcr_20_4,E,A,Y,Q,119,179,CG,NE2,5.680248
tcr_20_4,E,A,Y,Q,119,179,CG,CD,6.2715335
tcr_20_4,E,A,Y,Q,119,179,CG,CG,6.6398973
tcr_20_4,E,A,Y,Q,119,179,CG,CB,7.864044
tcr_20_4,E,A,Y,R,119,175,CG,O,8.87141
tcr_20_4,E,A,Y,Q,119,179,CG,CA,8.547429
tcr_20_4,E,A,Y,Q,119,179,CG,N,8.918373
tcr_20_4,E,A,Y,Q,119,179,CG,C,9.884354
tcr_20_4,E,A,Y,A,119,174,CG,CB,9.989909
tcr_20_4,E,A,Y,A,119,174,CG,CA,9.832444
tcr_20_4,E,A,Y,A,119,174,CG,O,7.931104
tcr_20_4,E,A,Y,A,119,174,CG,C,9.094798
tcr_20_4,E,A,Y,R,119,175,CG,CA,9.76251
tcr_20_4,E,A,Y,R,119,175,CG,N,9.900135
tcr_20_4,E,A,Y,R,119,175,CG,C,9.465049
tcr_20_4,E,A,Y,E,119,178,CG,C,9.523499
tcr_20_4,E,A,Y,E,119,178,CG,O,9.840383
tcr_20_4,E,A,Y,E,119,178,CG,CB,9.2753105
tcr_20_4,E,A,Y,R,119,175,CG,CB,8.993395
tcr_20_4,E,A,Y,E,119,178,CG,OE2,8.5341015
tcr_20_4,E,A,Y,E,119,178,CG,CD,9.729975
tcr_20_4,E,A,Y,R,119,175,CG,CG,9.6841755
tcr_20_4,E,A,Y,R,119,175,CG,CD,9.260715
tcr_20_4,E,A,Y,Q,119,179,CD1,OE1,6.715783
tcr_20_4,E,A,Y,E,119,176,CD1,OE2,9.36558
tcr_20_4,E,A,Y,Q,119,179,CD1,NE2,5.2122188
tcr_20_4,E,A,Y,Q,119,179,CD1,CD,5.9600053
tcr_20_4,E,A,Y,E,119,176,CD1,CA,9.470374
tcr_20_4,E,A,Y,E,119,176,CD1,O,9.885614
tcr_20_4,E,A,Y,Q,119,179,CD1,CG,6.2250023
tcr_20_4,E,A,Y,Q,119,179,CD1,CB,7.5904284
tcr_20_4,E,A,Y,R,119,175,CD1,O,7.901738
tcr_20_4,E,A,Y,Q,119,179,CD1,CA,8.220096
tcr_20_4,E,A,Y,Q,119,179,CD1,N,8.36733
tcr_20_4,E,A,Y,Q,119,179,CD1,C,9.654792
tcr_20_4,E,A,Y,A,119,174,CD1,CB,9.132
tcr_20_4,E,A,Y,A,119,174,CD1,CA,8.807891
tcr_20_4,E,A,Y,A,119,174,CD1,O,6.8890586
tcr_20_4,E,A,Y,A,119,174,CD1,C,8.009903
tcr_20_4,E,A,Y,A,119,173,CD1,O,9.87485
tcr_20_4,E,A,Y,R,119,175,CD1,CA,8.604226
tcr_20_4,E,A,Y,R,119,175,CD1,N,8.750234
tcr_20_4,E,A,Y,R,119,175,CD1,C,8.449121
tcr_20_4,E,A,Y,E,119,176,CD1,N,9.195834
tcr_20_4,E,A,Y,E,119,178,CD1,C,8.911448
tcr_20_4,E,A,Y,E,119,178,CD1,O,9.337182
tcr_20_4,E,A,Y,E,119,178,CD1,CA,9.3591585
tcr_20_4,E,A,Y,E,119,178,CD1,N,9.915875
tcr_20_4,E,A,Y,E,119,178,CD1,CG,9.171466
tcr_20_4,E,A,Y,E,119,178,CD1,OE1,9.502545
tcr_20_4,E,A,Y,E,119,178,CD1,CB,8.355667
tcr_20_4,E,A,Y,R,119,175,CD1,CB,7.7437024
tcr_20_4,E,A,Y,E,119,178,CD1,OE2,7.3798437
tcr_20_4,E,A,Y,E,119,178,CD1,CD,8.586456
tcr_20_4,E,A,Y,R,119,175,CD1,CG,8.348646
tcr_20_4,E,A,Y,R,119,175,CD1,CZ,9.076566
tcr_20_4,E,A,Y,R,119,175,CD1,NE,8.744419
tcr_20_4,E,A,Y,R,119,175,CD1,NH1,8.69051
tcr_20_4,E,A,Y,R,119,175,CD1,CD,7.884028
tcr_20_4,E,A,Y,Q,119,179,CD2,OE1,8.088217
tcr_20_4,E,A,Y,Q,119,179,CD2,NE2,7.0561967
tcr_20_4,E,A,Y,Q,119,179,CD2,CD,7.5730667
tcr_20_4,E,A,Y,Q,119,179,CD2,CG,7.8361707
tcr_20_4,E,A,Y,Q,119,179,CD2,CB,8.98656
tcr_20_4,E,A,Y,Q,119,179,CD2,CA,9.547665
tcr_20_4,E,A,Y,Q,119,179,CD2,N,9.946718
tcr_20_4,E,A,Y,A,119,174,CD2,O,9.253553
tcr_20_4,E,A,Y,E,119,178,CD2,OE2,9.268446
tcr_20_4,E,A,Y,Q,119,179,CE1,OE1,7.8883004
tcr_20_4,E,A,Y,Q,119,179,CE1,NE2,6.2697678
tcr_20_4,E,A,Y,Q,119,179,CE1,CD,7.0250707
tcr_20_4,E,A,Y,Q,119,179,CE1,CG,7.0939918
tcr_20_4,E,A,Y,Q,119,179,CE1,CB,8.472191
tcr_20_4,E,A,Y,R,119,175,CE1,O,8.307471
tcr_20_4,E,A,Y,Q,119,179,CE1,CA,8.923315
tcr_20_4,E,A,Y,Q,119,179,CE1,N,8.909542
tcr_20_4,E,A,Y,A,119,174,CE1,CB,9.789923
tcr_20_4,E,A,Y,A,119,174,CE1,CA,9.2631445
tcr_20_4,E,A,Y,A,119,174,CE1,O,7.39041
tcr_20_4,E,A,Y,A,119,174,CE1,C,8.418654
tcr_20_4,E,A,Y,A,119,173,CE1,O,9.965085
tcr_20_4,E,A,Y,R,119,175,CE1,CA,8.82903
tcr_20_4,E,A,Y,R,119,175,CE1,N,9.03431
tcr_20_4,E,A,Y,R,119,175,CE1,C,8.860885
tcr_20_4,E,A,Y,E,119,176,CE1,N,9.745133
tcr_20_4,E,A,Y,E,119,178,CE1,C,9.277963
tcr_20_4,E,A,Y,E,119,178,CE1,O,9.666683
tcr_20_4,E,A,Y,E,119,178,CE1,CA,9.574401
tcr_20_4,E,A,Y,E,119,178,CE1,CG,9.043792
tcr_20_4,E,A,Y,E,119,178,CE1,OE1,9.035816
tcr_20_4,E,A,Y,E,119,178,CE1,CB,8.408703
tcr_20_4,E,A,Y,R,119,175,CE1,CB,7.7707334
tcr_20_4,E,A,Y,E,119,178,CE1,OE2,7.003353
tcr_20_4,E,A,Y,E,119,178,CE1,CD,8.248241
tcr_20_4,E,A,Y,R,119,175,CE1,CG,8.172887
tcr_20_4,E,A,Y,R,119,175,CE1,CZ,8.325141
tcr_20_4,E,A,Y,R,119,175,CE1,NE,8.173658
tcr_20_4,E,A,Y,R,119,175,CE1,NH2,9.198598
tcr_20_4,E,A,Y,R,119,175,CE1,NH1,7.861709
tcr_20_4,E,A,Y,R,119,175,CE1,CD,7.4754944
tcr_20_4,E,A,Y,Q,119,179,CE2,OE1,9.090516
tcr_20_4,E,A,Y,Q,119,179,CE2,NE2,7.8748918
tcr_20_4,E,A,Y,Q,119,179,CE2,CD,8.442487
tcr_20_4,E,A,Y,Q,119,179,CE2,CG,8.549142
tcr_20_4,E,A,Y,Q,119,179,CE2,CB,9.749206
tcr_20_4,E,A,Y,A,119,174,CE2,O,9.637295
tcr_20_4,E,A,Y,E,119,178,CE2,OE2,8.978046
tcr_20_4,E,A,Y,R,119,175,CE2,NH1,9.9405775
tcr_20_4,E,A,Y,R,119,175,CE2,CD,9.841698
tcr_20_4,E,A,Y,Q,119,179,CZ,OE1,8.999188
tcr_20_4,E,A,Y,Q,119,179,CZ,NE2,7.5325594
tcr_20_4,E,A,Y,Q,119,179,CZ,CD,8.198656
tcr_20_4,E,A,Y,Q,119,179,CZ,CG,8.213397
tcr_20_4,E,A,Y,Q,119,179,CZ,CB,9.510289
tcr_20_4,E,A,Y,R,119,175,CZ,O,9.594675
tcr_20_4,E,A,Y,Q,119,179,CZ,CA,9.8714
tcr_20_4,E,A,Y,Q,119,179,CZ,N,9.926196
tcr_20_4,E,A,Y,A,119,174,CZ,O,8.795774
tcr_20_4,E,A,Y,A,119,174,CZ,C,9.813053
tcr_20_4,E,A,Y,E,119,178,CZ,CG,9.996272
tcr_20_4,E,A,Y,E,119,178,CZ,OE1,9.856496
tcr_20_4,E,A,Y,E,119,178,CZ,CB,9.379509
tcr_20_4,E,A,Y,R,119,175,CZ,CB,9.046053
tcr_20_4,E,A,Y,E,119,178,CZ,OE2,7.87779
tcr_20_4,E,A,Y,E,119,178,CZ,CD,9.130498
tcr_20_4,E,A,Y,R,119,175,CZ,CG,9.383112
tcr_20_4,E,A,Y,R,119,175,CZ,CZ,9.133428
tcr_20_4,E,A,Y,R,119,175,CZ,NE,9.145698
tcr_20_4,E,A,Y,R,119,175,CZ,NH2,9.921973
tcr_20_4,E,A,Y,R,119,175,CZ,NH1,8.568948
tcr_20_4,E,A,Y,R,119,175,CZ,CD,8.557562
tcr_20_4,E,A,Y,Q,119,179,OH,NE2,8.623601
tcr_20_4,E,A,Y,Q,119,179,OH,CD,9.296731
tcr_20_4,E,A,Y,Q,119,179,OH,CG,9.187088
tcr_20_4,E,A,Y,A,119,174,OH,O,9.501877
tcr_20_4,E,A,Y,E,119,178,OH,OE1,9.712667
tcr_20_4,E,A,Y,E,119,178,OH,CB,9.71667
tcr_20_4,E,A,Y,R,119,175,OH,CB,9.385113
tcr_20_4,E,A,Y,E,119,178,OH,OE2,7.899876
tcr_20_4,E,A,Y,E,119,178,OH,CD,9.133998
tcr_20_4,E,A,Y,R,119,175,OH,CG,9.5445795
tcr_20_4,E,A,Y,R,119,175,OH,CZ,8.747384
tcr_20_4,E,A,Y,R,119,175,OH,NE,8.95041
tcr_20_4,E,A,Y,R,119,175,OH,NH2,9.423543
tcr_20_4,E,A,Y,R,119,175,OH,NH1,8.113134
tcr_20_4,E,A,Y,R,119,175,OH,CD,8.54137
tcr_20_4,E,A,N,Q,120,179,N,OE1,6.7506065
tcr_20_4,E,A,N,E,120,176,N,OE2,8.675822
tcr_20_4,E,A,N,E,120,176,N,CD,9.830732
tcr_20_4,E,A,N,Q,120,179,N,NE2,5.6962714
tcr_20_4,E,A,N,Q,120,179,N,CD,6.6100903
tcr_20_4,E,A,N,Q,120,179,N,CG,7.742256
tcr_20_4,E,A,N,Q,120,179,N,CB,8.943416
tcr_20_4,E,A,N,R,120,175,N,O,9.691247
tcr_20_4,E,A,N,A,120,174,N,CB,8.320032
tcr_20_4,E,A,N,A,120,174,N,CA,8.6158695
tcr_20_4,E,A,N,A,120,174,N,O,7.484078
tcr_20_4,E,A,N,A,120,174,N,C,8.504471
tcr_20_4,E,A,N,R,120,175,N,N,9.685429
tcr_20_4,E,A,N,R,120,175,N,C,9.844842
tcr_20_4,E,A,N,R,120,175,N,CB,9.8211
tcr_20_4,E,A,N,Q,120,179,CA,OE1,7.5600977
tcr_20_4,E,A,N,E,120,176,CA,OE2,8.939156
tcr_20_4,E,A,N,Q,120,179,CA,NE2,6.267573
tcr_20_4,E,A,N,Q,120,179,CA,CD,7.3406944
tcr_20_4,E,A,N,Q,120,179,CA,CG,8.499642
tcr_20_4,E,A,N,Q,120,179,CA,CB,9.77651
tcr_20_4,E,A,N,R,120,175,CA,O,9.923305
tcr_20_4,E,A,N,A,120,174,CA,CB,7.8026624
tcr_20_4,E,A,N,A,120,174,CA,CA,8.048163
tcr_20_4,E,A,N,A,120,174,CA,N,9.368579
tcr_20_4,E,A,N,A,120,173,CA,C,9.871128
tcr_20_4,E,A,N,A,120,174,CA,O,7.268592
tcr_20_4,E,A,N,A,120,174,CA,C,8.1516695
tcr_20_4,E,A,N,A,120,173,CA,O,9.333211
tcr_20_4,E,A,N,R,120,175,CA,CA,9.993127
tcr_20_4,E,A,N,R,120,175,CA,N,9.383
tcr_20_4,E,A,N,R,120,175,CA,C,9.913094
tcr_20_4,E,A,N,R,120,175,CA,CB,9.733378
tcr_20_4,E,A,N,Q,120,179,C,OE1,9.033698
tcr_20_4,E,A,N,Q,120,179,C,NE2,7.7699313
tcr_20_4,E,A,N,Q,120,179,C,CD,8.827206
tcr_20_4,E,A,N,Q,120,179,C,CG,9.950758
tcr_20_4,E,A,N,A,120,174,C,CB,9.07709
tcr_20_4,E,A,N,A,120,174,C,CA,9.264802
tcr_20_4,E,A,N,A,120,174,C,O,8.630898
tcr_20_4,E,A,N,A,120,174,C,C,9.454994
tcr_20_4,E,A,N,Q,120,179,O,OE1,9.486821
tcr_20_4,E,A,N,Q,120,179,O,NE2,8.43837
tcr_20_4,E,A,N,Q,120,179,O,CD,9.390512
tcr_20_4,E,A,N,A,120,174,O,O,9.6799135
tcr_20_4,E,A,N,Q,120,179,CB,OE1,7.353695
tcr_20_4,E,A,N,E,120,176,CB,OE2,8.170647
tcr_20_4,E,A,N,E,120,176,CB,CD,9.3873
tcr_20_4,E,A,N,E,120,176,CB,OE1,9.918242
tcr_20_4,E,A,N,Q,120,179,CB,NE2,6.208634
tcr_20_4,E,A,N,Q,120,179,CB,CD,7.2709527
tcr_20_4,E,A,N,E,120,176,CB,CA,9.8320055
tcr_20_4,E,A,N,Q,120,179,CB,CG,8.578209
tcr_20_4,E,A,N,Q,120,179,CB,CB,9.768879
tcr_20_4,E,A,N,R,120,175,CB,O,9.844712
tcr_20_4,E,A,N,A,120,174,CB,CB,6.969402
tcr_20_4,E,A,N,K,120,170,CB,O,9.897419
tcr_20_4,E,A,N,A,120,174,CB,CA,7.453437
tcr_20_4,E,A,N,A,120,174,CB,N,8.732707
tcr_20_4,E,A,N,A,120,173,CB,C,9.341554
tcr_20_4,E,A,N,A,120,174,CB,O,6.993016
tcr_20_4,E,A,N,A,120,174,CB,C,7.7706594
tcr_20_4,E,A,N,A,120,173,CB,O,8.955821
tcr_20_4,E,A,N,R,120,175,CB,CA,9.822049
tcr_20_4,E,A,N,R,120,175,CB,N,9.0679
tcr_20_4,E,A,N,R,120,175,CB,C,9.693669
tcr_20_4,E,A,N,E,120,176,CB,N,9.700594
tcr_20_4,E,A,N,R,120,175,CB,CB,9.794832
tcr_20_4,E,A,N,E,120,176,CG,CG,8.983846
tcr_20_4,E,A,N,E,120,176,CG,CB,8.627533
tcr_20_4,E,A,N,Q,120,179,CG,OE1,6.2183332
tcr_20_4,E,A,N,E,120,176,CG,OE2,6.7218637
tcr_20_4,E,A,N,E,120,176,CG,CD,7.952209
tcr_20_4,E,A,N,E,120,176,CG,OE1,8.555606
tcr_20_4,E,A,N,R,120,180,CG,NH2,9.628527
tcr_20_4,E,A,N,Q,120,179,CG,NE2,5.0036874
tcr_20_4,E,A,N,Q,120,179,CG,CD,6.098284
tcr_20_4,E,A,N,E,120,176,CG,CA,8.342393
tcr_20_4,E,A,N,E,120,176,CG,C,9.624041
tcr_20_4,E,A,N,E,120,176,CG,O,9.778407
tcr_20_4,E,A,N,Q,120,179,CG,CG,7.429523
tcr_20_4,E,A,N,Q,120,179,CG,CB,8.6057415
tcr_20_4,E,A,N,R,120,175,CG,O,8.493818
tcr_20_4,E,A,N,Q,120,179,CG,CA,9.957017
tcr_20_4,E,A,N,W,120,171,CG,CD1,9.671434
tcr_20_4,E,A,N,K,120,170,CG,C,9.636873
tcr_20_4,E,A,N,W,120,171,CG,C,9.9338255
tcr_20_4,E,A,N,A,120,174,CG,CB,5.586269
tcr_20_4,E,A,N,K,120,170,CG,O,8.617431
tcr_20_4,E,A,N,A,120,174,CG,CA,6.1563034
tcr_20_4,E,A,N,A,120,173,CG,CB,9.905514
tcr_20_4,E,A,N,W,120,171,CG,CA,9.705172
tcr_20_4,E,A,N,W,120,171,CG,O,9.233356
tcr_20_4,E,A,N,A,120,174,CG,N,7.483803
tcr_20_4,E,A,N,A,120,173,CG,C,8.215235
tcr_20_4,E,A,N,A,120,173,CG,CA,9.660164
tcr_20_4,E,A,N,A,120,174,CG,O,5.6488833
tcr_20_4,E,A,N,A,120,174,CG,C,6.4308095
tcr_20_4,E,A,N,A,120,173,CG,O,7.948156
tcr_20_4,E,A,N,R,120,175,CG,CA,8.486489
tcr_20_4,E,A,N,R,120,175,CG,N,7.7334747
tcr_20_4,E,A,N,R,120,175,CG,C,8.29118
tcr_20_4,E,A,N,E,120,176,CG,N,8.228683
tcr_20_4,E,A,N,R,120,175,CG,CB,8.5901165
tcr_20_4,E,A,N,R,120,175,CG,CG,9.219757
tcr_20_4,E,A,N,R,120,175,CG,CD,9.723511
tcr_20_4,E,A,N,E,120,176,OD1,CG,8.521012
tcr_20_4,E,A,N,A,120,177,OD1,N,9.817154
tcr_20_4,E,A,N,E,120,176,OD1,CB,8.029771
tcr_20_4,E,A,N,Q,120,179,OD1,OE1,5.6685
tcr_20_4,E,A,N,E,120,176,OD1,OE2,6.347889
tcr_20_4,E,A,N,E,120,176,OD1,CD,7.5855203
tcr_20_4,E,A,N,E,120,176,OD1,OE1,8.277135
tcr_20_4,E,A,N,R,120,180,OD1,NH2,9.529946
tcr_20_4,E,A,N,Q,120,179,OD1,NE2,4.133509
tcr_20_4,E,A,N,Q,120,179,OD1,CD,5.337941
tcr_20_4,E,A,N,E,120,176,OD1,CA,7.574562
tcr_20_4,E,A,N,E,120,176,OD1,C,8.813436
tcr_20_4,E,A,N,E,120,176,OD1,O,8.989686
tcr_20_4,E,A,N,Q,120,179,OD1,CG,6.553377
tcr_20_4,E,A,N,Q,120,179,OD1,CB,7.8338027
tcr_20_4,E,A,N,R,120,175,OD1,O,7.4478025
tcr_20_4,E,A,N,Q,120,179,OD1,CA,9.107572
tcr_20_4,E,A,N,Q,120,179,OD1,N,9.211364
tcr_20_4,E,A,N,W,120,171,OD1,N,9.868391
tcr_20_4,E,A,N,W,120,171,OD1,CD1,9.540158
tcr_20_4,E,A,N,K,120,170,OD1,C,9.396048
tcr_20_4,E,A,N,W,120,171,OD1,C,9.347045
tcr_20_4,E,A,N,A,120,174,OD1,CB,5.1103787
tcr_20_4,E,A,N,K,120,170,OD1,O,8.33466
tcr_20_4,E,A,N,A,120,174,OD1,CA,5.4656186
tcr_20_4,E,A,N,A,120,173,OD1,CB,9.479293
tcr_20_4,E,A,N,W,120,171,OD1,CA,9.28108
tcr_20_4,E,A,N,W,120,171,OD1,O,8.540977
tcr_20_4,E,A,N,A,120,174,OD1,N,6.862011
tcr_20_4,E,A,N,A,120,173,OD1,C,7.567612
tcr_20_4,E,A,N,A,120,173,OD1,CA,9.065043
tcr_20_4,E,A,N,A,120,174,OD1,O,4.6437483
tcr_20_4,E,A,N,A,120,174,OD1,C,5.5242777
tcr_20_4,E,A,N,A,120,173,OD1,N,9.68544
tcr_20_4,E,A,N,A,120,173,OD1,O,7.2420874
tcr_20_4,E,A,N,R,120,175,OD1,CA,7.452913
tcr_20_4,E,A,N,R,120,175,OD1,N,6.791043
tcr_20_4,E,A,N,E,120,172,OD1,O,9.546931
tcr_20_4,E,A,N,E,120,172,OD1,C,9.892371
tcr_20_4,E,A,N,R,120,175,OD1,C,7.294021
tcr_20_4,E,A,N,E,120,176,OD1,N,7.3613596
tcr_20_4,E,A,N,E,120,178,OD1,CB,9.889989
tcr_20_4,E,A,N,R,120,175,OD1,CB,7.457266
tcr_20_4,E,A,N,E,120,178,OD1,OE2,9.58989
tcr_20_4,E,A,N,R,120,175,OD1,CG,8.1040535
tcr_20_4,E,A,N,R,120,175,OD1,NE,9.442653
tcr_20_4,E,A,N,R,120,175,OD1,CD,8.558584
tcr_20_4,E,A,N,E,120,176,ND2,CG,8.34678
tcr_20_4,E,A,N,E,120,176,ND2,CB,8.116393
tcr_20_4,E,A,N,Q,120,179,ND2,OE1,6.164211
tcr_20_4,E,A,N,E,120,176,ND2,OE2,6.0839143
tcr_20_4,E,A,N,R,120,180,ND2,CZ,9.87607
tcr_20_4,E,A,N,E,120,176,ND2,CD,7.283423
tcr_20_4,E,A,N,E,120,176,ND2,OE1,7.8503523
tcr_20_4,E,A,N,R,120,180,ND2,NH2,8.889801
tcr_20_4,E,A,N,Q,120,179,ND2,NE2,5.256698
tcr_20_4,E,A,N,Q,120,179,ND2,CD,6.223524
tcr_20_4,E,A,N,E,120,176,ND2,CA,8.054687
tcr_20_4,E,A,N,E,120,176,ND2,C,9.3941345
tcr_20_4,E,A,N,E,120,176,ND2,O,9.573373
tcr_20_4,E,A,N,Q,120,179,ND2,CG,7.6421576
tcr_20_4,E,A,N,Q,120,179,ND2,CB,8.667644
tcr_20_4,E,A,N,R,120,175,ND2,O,8.636628
tcr_20_4,E,A,N,W,120,171,ND2,N,9.438057
tcr_20_4,E,A,N,W,120,171,ND2,CD1,8.70654
tcr_20_4,E,A,N,W,120,171,ND2,CB,9.890644
tcr_20_4,E,A,N,W,120,171,ND2,CG,9.616336
tcr_20_4,E,A,N,W,120,171,ND2,NE1,9.076283
tcr_20_4,E,A,N,K,120,170,ND2,C,8.919452
tcr_20_4,E,A,N,K,120,170,ND2,CB,9.612645
tcr_20_4,E,A,N,K,120,170,ND2,CA,9.77284
tcr_20_4,E,A,N,W,120,171,ND2,C,9.4585495
tcr_20_4,E,A,N,A,120,174,ND2,CB,5.1856985
tcr_20_4,E,A,N,K,120,170,ND2,O,7.9908323
tcr_20_4,E,A,N,A,120,174,ND2,CA,6.0558724
tcr_20_4,E,A,N,A,120,173,ND2,CB,9.675332
tcr_20_4,E,A,N,W,120,171,ND2,CA,9.04374
tcr_20_4,E,A,N,W,120,171,ND2,O,8.87739
tcr_20_4,E,A,N,A,120,174,ND2,N,7.3099046
tcr_20_4,E,A,N,A,120,173,ND2,C,8.173257
tcr_20_4,E,A,N,A,120,173,ND2,CA,9.533427
tcr_20_4,E,A,N,A,120,174,ND2,O,5.8312235
tcr_20_4,E,A,N,A,120,174,ND2,C,6.492604
tcr_20_4,E,A,N,A,120,173,ND2,O,8.094295
tcr_20_4,E,A,N,R,120,175,ND2,CA,8.628082
tcr_20_4,E,A,N,R,120,175,ND2,N,7.799027
tcr_20_4,E,A,N,R,120,175,ND2,C,8.333711
tcr_20_4,E,A,N,E,120,176,ND2,N,8.065736
tcr_20_4,E,A,N,R,120,175,ND2,CB,8.957538
tcr_20_4,E,A,N,R,120,175,ND2,CG,9.656312
tcr_20_4,E,A,E,Q,121,179,N,OE1,9.922031
tcr_20_4,E,A,E,Q,121,179,N,NE2,8.459716
tcr_20_4,E,A,E,Q,121,179,N,CD,9.606505
tcr_20_4,E,A,E,A,121,174,N,CB,9.134168
tcr_20_4,E,A,E,A,121,174,N,CA,9.173909
tcr_20_4,E,A,E,A,121,174,N,O,8.753161
tcr_20_4,E,A,E,A,121,174,N,C,9.462342
tcr_20_4,E,A,E,A,121,173,N,O,9.832778
tcr_20_4,E,A,E,Q,121,179,CA,NE2,9.900806
tcr_20_4,D,C,S,Y,48,1,C,OH,9.972137
tcr_20_4,D,C,S,Y,48,1,O,OH,9.409692
tcr_20_4,D,C,E,Y,49,1,N,OH,9.486489
tcr_20_4,D,C,E,Y,49,1,CA,OH,8.132447
tcr_20_4,D,C,E,Y,49,1,CA,CZ,9.347925
tcr_20_4,D,C,E,Y,49,1,CA,CE2,9.59026
tcr_20_4,D,C,E,H,49,4,CA,ND1,9.827236
tcr_20_4,D,C,E,H,49,4,CA,CE1,9.822927
tcr_20_4,D,C,E,Y,49,1,C,OH,8.015354
tcr_20_4,D,C,E,Y,49,1,C,CZ,9.2107
tcr_20_4,D,C,E,Y,49,1,C,CE2,9.5247965
tcr_20_4,D,C,E,H,49,4,C,ND1,9.639061
tcr_20_4,D,C,E,H,49,4,C,NE2,9.767622
tcr_20_4,D,C,E,H,49,4,C,CE1,9.446886
tcr_20_4,D,C,E,Y,49,1,O,OH,9.076634
tcr_20_4,D,C,E,Y,49,1,CB,OH,8.028253
tcr_20_4,D,C,E,Y,49,1,CB,CZ,9.32968
tcr_20_4,D,C,E,Y,49,1,CB,CE2,9.736966
tcr_20_4,D,C,E,H,49,4,CB,CB,9.676642
tcr_20_4,D,C,E,H,49,4,CB,ND1,9.2577095
tcr_20_4,D,C,E,H,49,4,CB,CG,9.365368
tcr_20_4,D,C,E,H,49,4,CB,NE2,9.40686
tcr_20_4,D,C,E,H,49,4,CB,CD2,9.456814
tcr_20_4,D,C,E,H,49,4,CB,CE1,9.278119
tcr_20_4,D,C,E,Y,49,1,CG,OH,8.375182
tcr_20_4,D,C,E,Y,49,1,CG,CZ,9.643924
tcr_20_4,D,C,E,Y,49,1,CG,CE2,9.973599
tcr_20_4,D,C,E,H,49,4,CG,CB,9.667781
tcr_20_4,D,C,E,H,49,4,CG,ND1,9.6296215
tcr_20_4,D,C,E,H,49,4,CG,CG,9.593878
tcr_20_4,D,C,E,H,49,4,CG,NE2,9.953673
tcr_20_4,D,C,E,H,49,4,CG,CD2,9.796011
tcr_20_4,D,C,E,H,49,4,CG,CE1,9.840797
tcr_20_4,D,C,E,Y,49,1,CD,OH,8.538772
tcr_20_4,D,C,E,Y,49,1,CD,CZ,9.837776
tcr_20_4,D,C,E,H,49,4,CD,CB,9.012126
tcr_20_4,D,C,E,H,49,4,CD,ND1,9.284572
tcr_20_4,D,C,E,H,49,4,CD,CG,9.036493
tcr_20_4,D,C,E,H,49,4,CD,NE2,9.472828
tcr_20_4,D,C,E,H,49,4,CD,CD2,9.15433
tcr_20_4,D,C,E,H,49,4,CD,CE1,9.532593
tcr_20_4,D,C,E,Y,49,1,OE1,OH,9.012005
tcr_20_4,D,C,E,H,49,4,OE1,CB,9.135952
tcr_20_4,D,C,E,H,49,4,OE1,ND1,9.722425
tcr_20_4,D,C,E,H,49,4,OE1,CG,9.358654
tcr_20_4,D,C,E,H,49,4,OE1,CD2,9.556729
tcr_20_4,D,C,E,Y,49,1,OE2,OH,8.456417
tcr_20_4,D,C,E,Y,49,1,OE2,CZ,9.800458
tcr_20_4,D,C,E,H,49,4,OE2,O,9.956039
tcr_20_4,D,C,E,H,49,4,OE2,CB,8.601769
tcr_20_4,D,C,E,H,49,4,OE2,ND1,8.797813
tcr_20_4,D,C,E,H,49,4,OE2,CG,8.497957
tcr_20_4,D,C,E,H,49,4,OE2,NE2,8.724078
tcr_20_4,D,C,E,H,49,4,OE2,CD2,8.447165
tcr_20_4,D,C,E,H,49,4,OE2,CE1,8.917559
tcr_20_4,D,C,S,Y,50,1,N,OH,6.8761625
tcr_20_4,D,C,S,Y,50,1,N,CZ,8.0386305
tcr_20_4,D,C,S,Y,50,1,N,CE2,8.380515
tcr_20_4,D,C,S,Y,50,1,N,CE1,9.0853
tcr_20_4,D,C,S,Y,50,1,N,CD2,9.66757
tcr_20_4,D,C,S,H,50,4,N,CB,9.824524
tcr_20_4,D,C,S,H,50,4,N,ND1,8.603049
tcr_20_4,D,C,S,H,50,4,N,CG,9.163091
tcr_20_4,D,C,S,H,50,4,N,NE2,8.819165
tcr_20_4,D,C,S,H,50,4,N,CD2,9.292399
tcr_20_4,D,C,S,H,50,4,N,CE1,8.387923
tcr_20_4,D,C,S,Y,50,1,CA,OH,6.9649663
tcr_20_4,D,C,S,Y,50,1,CA,CZ,8.051943
tcr_20_4,D,C,S,Y,50,1,CA,CE2,8.475767
tcr_20_4,D,C,S,Y,50,1,CA,CE1,8.960161
tcr_20_4,D,C,S,Y,50,1,CA,CD2,9.691157
tcr_20_4,D,C,S,H,50,4,CA,ND1,8.519226
tcr_20_4,D,C,S,H,50,4,CA,CG,9.21168
tcr_20_4,D,C,S,H,50,4,CA,NE2,8.559076
tcr_20_4,D,C,S,H,50,4,CA,CD2,9.237896
tcr_20_4,D,C,S,H,50,4,CA,CE1,8.105343
tcr_20_4,D,C,S,Y,50,1,C,OH,6.9429646
tcr_20_4,D,C,S,Y,50,1,C,CZ,8.093976
tcr_20_4,D,C,S,Y,50,1,C,CE2,8.753611
tcr_20_4,D,C,S,Y,50,1,C,CE1,8.824992
tcr_20_4,D,C,S,Y,50,1,C,CD2,9.985225
tcr_20_4,D,C,S,H,50,4,C,CB,9.451359
tcr_20_4,D,C,S,H,50,4,C,ND1,7.859115
tcr_20_4,D,C,S,H,50,4,C,CG,8.473088
tcr_20_4,D,C,S,H,50,4,C,NE2,7.5544486
tcr_20_4,D,C,S,H,50,4,C,CD2,8.30169
tcr_20_4,D,C,S,H,50,4,C,CE1,7.276478
tcr_20_4,D,C,S,Y,50,1,O,OH,7.847025
tcr_20_4,D,C,S,Y,50,1,O,CZ,8.9383745
tcr_20_4,D,C,S,Y,50,1,O,CE2,9.647623
tcr_20_4,D,C,S,Y,50,1,O,CE1,9.549684
tcr_20_4,D,C,S,H,50,4,O,ND1,8.493177
tcr_20_4,D,C,S,H,50,4,O,CG,9.123898
tcr_20_4,D,C,S,H,50,4,O,NE2,7.940353
tcr_20_4,D,C,S,H,50,4,O,CD2,8.811741
tcr_20_4,D,C,S,H,50,4,O,CE1,7.7470684
tcr_20_4,D,C,S,R,50,5,O,NH2,9.803501
tcr_20_4,D,C,S,Y,50,1,CB,OH,6.160499
tcr_20_4,D,C,S,Y,50,1,CB,CZ,7.0819216
tcr_20_4,D,C,S,Y,50,1,CB,CE2,7.3949704
tcr_20_4,D,C,S,Y,50,1,CB,CE1,7.9900036
tcr_20_4,D,C,S,Y,50,1,CB,CD2,8.517617
tcr_20_4,D,C,S,Y,50,1,CB,CD1,9.033825
tcr_20_4,D,C,S,Y,50,1,CB,CG,9.275292
tcr_20_4,D,C,S,H,50,4,CB,CB,9.844617
tcr_20_4,D,C,S,H,50,4,CB,ND1,8.091265
tcr_20_4,D,C,S,H,50,4,CB,CG,8.96949
tcr_20_4,D,C,S,H,50,4,CB,NE2,8.388594
tcr_20_4,D,C,S,H,50,4,CB,CD2,9.142228
tcr_20_4,D,C,S,H,50,4,CB,CE1,7.7188907
tcr_20_4,D,C,S,Y,50,1,OG,OH,4.7638774
tcr_20_4,D,C,S,Y,50,1,OG,CZ,5.726392
tcr_20_4,D,C,S,F,50,2,OG,O,9.9593115
tcr_20_4,D,C,S,Y,50,1,OG,CE2,6.087817
tcr_20_4,D,C,S,Y,50,1,OG,CB,9.361284
tcr_20_4,D,C,S,Y,50,1,OG,CE1,6.680481
tcr_20_4,D,C,S,Y,50,1,OG,CD2,7.272218
tcr_20_4,D,C,S,Y,50,1,OG,CD1,7.7705317
tcr_20_4,D,C,S,Y,50,1,OG,CG,8.036995
tcr_20_4,D,C,S,H,50,4,OG,CA,9.982626
tcr_20_4,D,C,S,H,50,4,OG,CB,8.568181
tcr_20_4,D,C,S,H,50,4,OG,ND1,6.860342
tcr_20_4,D,C,S,H,50,4,OG,CG,7.7581058
tcr_20_4,D,C,S,H,50,4,OG,NE2,7.3925543
tcr_20_4,D,C,S,H,50,4,OG,CD2,8.060844
tcr_20_4,D,C,S,H,50,4,OG,CE1,6.6263356
tcr_20_4,D,C,D,Y,51,1,N,OH,6.2213135
tcr_20_4,D,C,D,Y,51,1,N,CZ,7.4678354
tcr_20_4,D,C,D,Y,51,1,N,CE2,8.248085
tcr_20_4,D,C,D,Y,51,1,N,CE1,8.172444
tcr_20_4,D,C,D,Y,51,1,N,CD2,9.537723
tcr_20_4,D,C,D,Y,51,1,N,CD1,9.470055
tcr_20_4,D,C,D,H,51,4,N,CA,9.730903
tcr_20_4,D,C,D,H,51,4,N,CB,8.261598
tcr_20_4,D,C,D,H,51,4,N,ND1,6.843141
tcr_20_4,D,C,D,H,51,4,N,CG,7.3309083
tcr_20_4,D,C,D,H,51,4,N,NE2,6.517874
tcr_20_4,D,C,D,H,51,4,N,CD2,7.146004
tcr_20_4,D,C,D,H,51,4,N,CE1,6.328656
tcr_20_4,D,C,D,R,51,5,N,NE,9.696244
tcr_20_4,D,C,D,R,51,5,N,NH2,9.285174
tcr_20_4,D,C,D,Y,51,1,CA,OH,6.462533
tcr_20_4,D,C,D,Y,51,1,CA,CZ,7.7047324
tcr_20_4,D,C,D,Y,51,1,CA,CE2,8.679059
tcr_20_4,D,C,D,Y,51,1,CA,CE1,8.200831
tcr_20_4,D,C,D,Y,51,1,CA,CD2,9.940962
tcr_20_4,D,C,D,Y,51,1,CA,CD1,9.525337
tcr_20_4,D,C,D,H,51,4,CA,N,9.444615
tcr_20_4,D,C,D,R,51,5,CA,N,9.767909
tcr_20_4,D,C,D,H,51,4,CA,O,9.799286
tcr_20_4,D,C,D,H,51,4,CA,C,9.484465
tcr_20_4,D,C,D,H,51,4,CA,CA,9.098965
tcr_20_4,D,C,D,H,51,4,CA,CB,7.695068
tcr_20_4,D,C,D,H,51,4,CA,ND1,6.305474
tcr_20_4,D,C,D,H,51,4,CA,CG,6.655106
tcr_20_4,D,C,D,H,51,4,CA,NE2,5.5659866
tcr_20_4,D,C,D,H,51,4,CA,CD2,6.2322726
tcr_20_4,D,C,D,H,51,4,CA,CE1,5.6299086
tcr_20_4,D,C,D,R,51,5,CA,CZ,8.630956
tcr_20_4,D,C,D,R,51,5,CA,NE,8.337902
tcr_20_4,D,C,D,R,51,5,CA,NH1,9.846494
tcr_20_4,D,C,D,R,51,5,CA,NH2,7.8680406
tcr_20_4,D,C,D,R,51,5,CA,CG,9.102917
tcr_20_4,D,C,D,R,51,5,CA,CD,9.397503
tcr_20_4,D,C,D,Y,51,1,C,OH,7.330698
tcr_20_4,D,C,D,Y,51,1,C,CZ,8.640068
tcr_20_4,D,C,D,Y,51,1,C,CE2,9.630863
tcr_20_4,D,C,D,Y,51,1,C,CE1,9.156215
tcr_20_4,D,C,D,H,51,4,C,N,9.766576
tcr_20_4,D,C,D,R,51,5,C,N,9.751099
tcr_20_4,D,C,D,H,51,4,C,O,9.545204
tcr_20_4,D,C,D,H,51,4,C,C,9.412654
tcr_20_4,D,C,D,H,51,4,C,CA,9.209081
tcr_20_4,D,C,D,H,51,4,C,CB,7.810837
tcr_20_4,D,C,D,H,51,4,C,ND1,6.879571
tcr_20_4,D,C,D,H,51,4,C,CG,6.931553
tcr_20_4,D,C,D,H,51,4,C,NE2,5.9974256
tcr_20_4,D,C,D,H,51,4,C,CD2,6.40041
tcr_20_4,D,C,D,H,51,4,C,CE1,6.3182063
tcr_20_4,D,C,D,R,51,5,C,CZ,8.597387
tcr_20_4,D,C,D,R,51,5,C,NE,8.25287
tcr_20_4,D,C,D,R,51,5,C,NH1,9.858755
tcr_20_4,D,C,D,R,51,5,C,NH2,7.835001
tcr_20_4,D,C,D,R,51,5,C,CG,8.968935
tcr_20_4,D,C,D,R,51,5,C,CD,9.322285
tcr_20_4,D,C,D,Y,51,1,O,OH,7.087308
tcr_20_4,D,C,D,Y,51,1,O,CZ,8.439407
tcr_20_4,D,C,D,Y,51,1,O,CE2,9.390691
tcr_20_4,D,C,D,Y,51,1,O,CE1,9.037427
tcr_20_4,D,C,D,H,51,4,O,N,9.417729
tcr_20_4,D,C,D,R,51,5,O,N,9.40213
tcr_20_4,D,C,D,H,51,4,O,O,8.934084
tcr_20_4,D,C,D,H,51,4,O,C,8.920781
tcr_20_4,D,C,D,H,51,4,O,CA,8.712253
tcr_20_4,D,C,D,H,51,4,O,CB,7.282191
tcr_20_4,D,C,D,H,51,4,O,ND1,6.711744
tcr_20_4,D,C,D,H,51,4,O,CG,6.6102724
tcr_20_4,D,C,D,H,51,4,O,NE2,6.0590825
tcr_20_4,D,C,D,H,51,4,O,CD2,6.203409
tcr_20_4,D,C,D,H,51,4,O,CE1,6.3783054
tcr_20_4,D,C,D,R,51,5,O,CZ,8.996337
tcr_20_4,D,C,D,R,51,5,O,NE,8.490086
tcr_20_4,D,C,D,R,51,5,O,NH2,8.365469
tcr_20_4,D,C,D,R,51,5,O,CG,8.889986
tcr_20_4,D,C,D,R,51,5,O,CD,9.428404
tcr_20_4,D,C,D,Y,51,1,CB,OH,5.3270125
tcr_20_4,D,C,D,Y,51,1,CB,CZ,6.518055
tcr_20_4,D,C,D,F,51,2,CB,O,9.279642
tcr_20_4,D,C,D,Y,51,1,CB,CE2,7.6223216
tcr_20_4,D,C,D,Y,51,1,CB,CE1,6.868342
tcr_20_4,D,C,D,Y,51,1,CB,CD2,8.837245
tcr_20_4,D,C,D,Y,51,1,CB,CD1,8.196024
tcr_20_4,D,C,D,Y,51,1,CB,CG,9.097813
tcr_20_4,D,C,D,Q,51,3,CB,CA,9.68615
tcr_20_4,D,C,D,Q,51,3,CB,CG,9.744531
tcr_20_4,D,C,D,Q,51,3,CB,C,9.250126
tcr_20_4,D,C,D,H,51,4,CB,N,7.973405
tcr_20_4,D,C,D,R,51,5,CB,CA,9.295542
tcr_20_4,D,C,D,R,51,5,CB,N,8.418978
tcr_20_4,D,C,D,H,51,4,CB,O,8.595617
tcr_20_4,D,C,D,H,51,4,CB,C,8.169038
tcr_20_4,D,C,D,H,51,4,CB,CA,7.720789
tcr_20_4,D,C,D,H,51,4,CB,CB,6.3581696
tcr_20_4,D,C,D,H,51,4,CB,ND1,4.8040423
tcr_20_4,D,C,D,H,51,4,CB,CG,5.223348
tcr_20_4,D,C,D,H,51,4,CB,NE2,4.1068277
tcr_20_4,D,C,D,H,51,4,CB,CD2,4.8405704
tcr_20_4,D,C,D,H,51,4,CB,CE1,4.0969334
tcr_20_4,D,C,D,R,51,5,CB,CZ,7.780699
tcr_20_4,D,C,D,R,51,5,CB,NE,7.3646984
tcr_20_4,D,C,D,R,51,5,CB,NH1,8.984678
tcr_20_4,D,C,D,R,51,5,CB,NH2,7.185544
tcr_20_4,D,C,D,R,51,5,CB,CB,9.177812
tcr_20_4,D,C,D,R,51,5,CB,CG,7.930839
tcr_20_4,D,C,D,R,51,5,CB,CD,8.298918
tcr_20_4,D,C,D,Y,51,1,CG,OH,5.0770283
tcr_20_4,D,C,D,Y,51,1,CG,CZ,6.0682945
tcr_20_4,D,C,D,F,51,2,CG,O,8.966703
tcr_20_4,D,C,D,Y,51,1,CG,CE2,7.171865
tcr_20_4,D,C,D,Y,51,1,CG,CB,9.744427
tcr_20_4,D,C,D,Y,51,1,CG,CE1,6.272241
tcr_20_4,D,C,D,Y,51,1,CG,CD2,8.25977
tcr_20_4,D,C,D,Y,51,1,CG,CD1,7.491735
tcr_20_4,D,C,D,Y,51,1,CG,CG,8.404322
tcr_20_4,D,C,D,Q,51,3,CG,NE2,9.914892
tcr_20_4,D,C,D,Q,51,3,CG,CA,9.364835
tcr_20_4,D,C,D,Q,51,3,CG,CG,9.388773
tcr_20_4,D,C,D,Q,51,3,CG,C,9.171181
tcr_20_4,D,C,D,H,51,4,CG,N,7.9831004
tcr_20_4,D,C,D,R,51,5,CG,CA,9.647838
tcr_20_4,D,C,D,R,51,5,CG,N,8.701131
tcr_20_4,D,C,D,H,51,4,CG,O,9.193064
tcr_20_4,D,C,D,H,51,4,CG,C,8.581311
tcr_20_4,D,C,D,H,51,4,CG,CA,8.010773
tcr_20_4,D,C,D,H,51,4,CG,CB,6.7578125
tcr_20_4,D,C,D,H,51,4,CG,ND1,4.710602
tcr_20_4,D,C,D,H,51,4,CG,CG,5.466913
tcr_20_4,D,C,D,H,51,4,CG,NE2,4.10955
tcr_20_4,D,C,D,H,51,4,CG,CD2,5.1600914
tcr_20_4,D,C,D,H,51,4,CG,CE1,3.7971396
tcr_20_4,D,C,D,R,51,5,CG,CZ,7.840217
tcr_20_4,D,C,D,R,51,5,CG,NE,7.5409193
tcr_20_4,D,C,D,R,51,5,CG,NH1,8.937055
tcr_20_4,D,C,D,R,51,5,CG,NH2,7.2520256
tcr_20_4,D,C,D,R,51,5,CG,CB,9.417021
tcr_20_4,D,C,D,R,51,5,CG,CG,8.227842
tcr_20_4,D,C,D,R,51,5,CG,CD,8.456425
tcr_20_4,D,C,D,Y,51,1,OD1,OH,6.1926775
tcr_20_4,D,C,D,Y,51,1,OD1,CZ,7.0921025
tcr_20_4,D,C,D,F,51,2,OD1,O,9.960818
tcr_20_4,D,C,D,Y,51,1,OD1,CE2,8.154337
tcr_20_4,D,C,D,Y,51,1,OD1,CE1,7.219013
tcr_20_4,D,C,D,Y,51,1,OD1,CD2,9.17009
tcr_20_4,D,C,D,Y,51,1,OD1,CD1,8.348623
tcr_20_4,D,C,D,Y,51,1,OD1,CG,9.258284
tcr_20_4,D,C,D,H,51,4,OD1,N,8.960546
tcr_20_4,D,C,D,R,51,5,OD1,N,9.54317
tcr_20_4,D,C,D,H,51,4,OD1,C,9.545032
tcr_20_4,D,C,D,H,51,4,OD1,CA,9.058671
tcr_20_4,D,C,D,H,51,4,OD1,CB,7.872813
tcr_20_4,D,C,D,H,51,4,OD1,ND1,5.761618
tcr_20_4,D,C,D,H,51,4,OD1,CG,6.5182905
tcr_20_4,D,C,D,H,51,4,OD1,NE2,4.8971033
tcr_20_4,D,C,D,H,51,4,OD1,CD2,6.0665507
tcr_20_4,D,C,D,H,51,4,OD1,CE1,4.70266
tcr_20_4,D,C,D,R,51,5,OD1,CZ,7.815277
tcr_20_4,D,C,D,R,51,5,OD1,NE,7.7267213
tcr_20_4,D,C,D,R,51,5,OD1,NH1,8.847306
tcr_20_4,D,C,D,R,51,5,OD1,NH2,7.07709
tcr_20_4,D,C,D,R,51,5,OD1,CG,8.752773
tcr_20_4,D,C,D,R,51,5,OD1,CD,8.772816
tcr_20_4,D,C,D,Y,51,1,OD2,O,9.368516
tcr_20_4,D,C,D,Y,51,1,OD2,C,9.519407
tcr_20_4,D,C,D,Q,51,3,OD2,N,9.267591
tcr_20_4,D,C,D,F,51,2,OD2,N,9.89578
tcr_20_4,D,C,D,F,51,2,OD2,C,8.961407
tcr_20_4,D,C,D,Y,51,1,OD2,CA,9.604459
tcr_20_4,D,C,D,Y,51,1,OD2,OH,4.0296164
tcr_20_4,D,C,D,Y,51,1,OD2,CZ,4.906133
tcr_20_4,D,C,D,F,51,2,OD2,O,7.877979
tcr_20_4,D,C,D,Y,51,1,OD2,CE2,6.034514
tcr_20_4,D,C,D,Y,51,1,OD2,CB,8.499929
tcr_20_4,D,C,D,Y,51,1,OD2,CE1,5.05648
tcr_20_4,D,C,D,Y,51,1,OD2,CD2,7.0687284
tcr_20_4,D,C,D,Y,51,1,OD2,CD1,6.2546735
tcr_20_4,D,C,D,Y,51,1,OD2,CG,7.1673117
tcr_20_4,D,C,D,Q,51,3,OD2,NE2,9.396077
tcr_20_4,D,C,D,Q,51,3,OD2,CB,9.260411
tcr_20_4,D,C,D,Q,51,3,OD2,CD,9.656901
tcr_20_4,D,C,D,Q,51,3,OD2,O,9.430294
tcr_20_4,D,C,D,Q,51,3,OD2,CA,8.436098
tcr_20_4,D,C,D,Q,51,3,OD2,CG,8.669808
tcr_20_4,D,C,D,Q,51,3,OD2,C,8.340279
tcr_20_4,D,C,D,H,51,4,OD2,N,7.2077065
tcr_20_4,D,C,D,R,51,5,OD2,CA,9.354734
tcr_20_4,D,C,D,R,51,5,OD2,N,8.278299
tcr_20_4,D,C,D,H,51,4,OD2,O,8.832467
tcr_20_4,D,C,D,H,51,4,OD2,C,8.123546
tcr_20_4,D,C,D,H,51,4,OD2,CA,7.3767014
tcr_20_4,D,C,D,H,51,4,OD2,CB,6.1700206
tcr_20_4,D,C,D,H,51,4,OD2,ND1,3.91077
tcr_20_4,D,C,D,H,51,4,OD2,CG,4.898394
tcr_20_4,D,C,D,H,51,4,OD2,NE2,3.8087864
tcr_20_4,D,C,D,H,51,4,OD2,CD2,4.852865
tcr_20_4,D,C,D,H,51,4,OD2,CE1,3.1124644
tcr_20_4,D,C,D,R,51,5,OD2,CZ,8.18229
tcr_20_4,D,C,D,R,51,5,OD2,NE,7.7740483
tcr_20_4,D,C,D,R,51,5,OD2,NH1,9.226786
tcr_20_4,D,C,D,R,51,5,OD2,NH2,7.7623568
tcr_20_4,D,C,D,R,51,5,OD2,CB,9.216962
tcr_20_4,D,C,D,R,51,5,OD2,CG,8.176206
tcr_20_4,D,C,D,R,51,5,OD2,CD,8.510923
tcr_20_4,D,C,Y,Y,52,1,N,OH,8.573411
tcr_20_4,D,C,Y,Y,52,1,N,CZ,9.856608
tcr_20_4,D,C,Y,H,52,4,N,CB,8.782005
tcr_20_4,D,C,Y,H,52,4,N,ND1,7.8657126
tcr_20_4,D,C,Y,H,52,4,N,CG,7.8539433
tcr_20_4,D,C,Y,H,52,4,N,NE2,6.695053
tcr_20_4,D,C,Y,H,52,4,N,CD2,7.145534
tcr_20_4,D,C,Y,H,52,4,N,CE1,7.1785545
tcr_20_4,D,C,Y,R,52,5,N,CZ,8.411807
tcr_20_4,D,C,Y,R,52,5,N,NE,8.23015
tcr_20_4,D,C,Y,R,52,5,N,NH1,9.64033
tcr_20_4,D,C,Y,R,52,5,N,NH2,7.5160294
tcr_20_4,D,C,Y,R,52,5,N,CG,9.239201
tcr_20_4,D,C,Y,R,52,5,N,CD,9.422826
tcr_20_4,D,C,Y,Y,52,1,CA,OH,9.6829605
tcr_20_4,D,C,Y,H,52,4,CA,CB,9.375721
tcr_20_4,D,C,Y,H,52,4,CA,ND1,8.795591
tcr_20_4,D,C,Y,H,52,4,CA,CG,8.58466
tcr_20_4,D,C,Y,H,52,4,CA,NE2,7.5496445
tcr_20_4,D,C,Y,H,52,4,CA,CD2,7.8090353
tcr_20_4,D,C,Y,H,52,4,CA,CE1,8.187552
tcr_20_4,D,C,Y,R,52,5,CA,CZ,8.710403
tcr_20_4,D,C,Y,R,52,5,CA,NE,8.523511
tcr_20_4,D,C,Y,R,52,5,CA,NH1,9.92881
tcr_20_4,D,C,Y,R,52,5,CA,NH2,7.8292723
tcr_20_4,D,C,Y,R,52,5,CA,CG,9.509047
tcr_20_4,D,C,Y,R,52,5,CA,CD,9.703865
tcr_20_4,D,C,Y,H,52,4,C,ND1,9.6235485
tcr_20_4,D,C,Y,H,52,4,C,CG,9.385866
tcr_20_4,D,C,Y,H,52,4,C,NE2,8.105422
tcr_20_4,D,C,Y,H,52,4,C,CD2,8.443864
tcr_20_4,D,C,Y,H,52,4,C,CE1,8.877589
tcr_20_4,D,C,Y,R,52,5,C,CZ,8.274284
tcr_20_4,D,C,Y,R,52,5,C,NE,8.290253
tcr_20_4,D,C,Y,R,52,5,C,NH1,9.407425
tcr_20_4,D,C,Y,R,52,5,C,NH2,7.281497
tcr_20_4,D,C,Y,R,52,5,C,CG,9.597385
tcr_20_4,D,C,Y,R,52,5,C,CD,9.572369
tcr_20_4,D,C,Y,H,52,4,O,ND1,9.711079
tcr_20_4,D,C,Y,H,52,4,O,CG,9.597907
tcr_20_4,D,C,Y,H,52,4,O,NE2,8.081206
tcr_20_4,D,C,Y,H,52,4,O,CD2,8.604854
tcr_20_4,D,C,Y,H,52,4,O,CE1,8.824998
tcr_20_4,D,C,Y,R,52,5,O,CZ,7.938036
tcr_20_4,D,C,Y,R,52,5,O,NE,8.123458
tcr_20_4,D,C,Y,R,52,5,O,NH1,9.009669
tcr_20_4,D,C,Y,R,52,5,O,NH2,6.830356
tcr_20_4,D,C,Y,R,52,5,O,CG,9.683109
tcr_20_4,D,C,Y,R,52,5,O,CD,9.492312
tcr_20_4,D,C,Y,H,52,4,CB,ND1,9.846853
tcr_20_4,D,C,Y,H,52,4,CB,CG,9.666665
tcr_20_4,D,C,Y,H,52,4,CB,NE2,8.817185
tcr_20_4,D,C,Y,H,52,4,CB,CD2,9.024485
tcr_20_4,D,C,Y,H,52,4,CB,CE1,9.33926
tcr_20_4,D,C,Y,R,52,5,CB,NH2,9.365417
tcr_20_4,D,C,Y,H,52,4,CG,NE2,9.592374
tcr_20_4,D,C,Y,H,52,4,CG,CD2,9.970386
tcr_20_4,D,C,Y,H,52,4,CG,CE1,9.995057
tcr_20_4,D,C,Y,H,52,4,CD1,NE2,9.560978
tcr_20_4,D,C,Y,H,52,4,CD1,CE1,9.774507
tcr_20_4,D,C,Y,H,53,4,N,NE2,8.917873
tcr_20_4,D,C,Y,H,53,4,N,CD2,9.107872
tcr_20_4,D,C,Y,H,53,4,N,CE1,9.791724
tcr_20_4,D,C,Y,R,53,5,N,CZ,8.62676
tcr_20_4,D,C,Y,R,53,5,N,NE,8.635614
tcr_20_4,D,C,Y,R,53,5,N,NH1,9.715013
tcr_20_4,D,C,Y,R,53,5,N,NH2,7.6940904
tcr_20_4,D,C,Y,R,53,5,N,CG,9.889804
tcr_20_4,D,C,Y,R,53,5,N,CD,9.867384
tcr_20_4,D,C,Y,H,53,4,CA,NE2,9.818776
tcr_20_4,D,C,Y,R,53,5,CA,CZ,8.711967
tcr_20_4,D,C,Y,R,53,5,CA,NE,8.891604
tcr_20_4,D,C,Y,R,53,5,CA,NH1,9.675387
tcr_20_4,D,C,Y,R,53,5,CA,NH2,7.7373695
tcr_20_4,D,C,Y,R,53,5,C,NH2,9.226059
tcr_20_4,D,C,Y,H,53,4,CB,NE2,9.645162
tcr_20_4,D,C,Y,H,53,4,CB,CD2,9.743139
tcr_20_4,D,C,Y,R,53,5,CB,CZ,7.9550447
tcr_20_4,D,C,Y,R,53,5,CB,NE,8.116528
tcr_20_4,D,C,Y,R,53,5,CB,NH1,8.851993
tcr_20_4,D,C,Y,R,53,5,CB,NH2,7.109304
tcr_20_4,D,C,Y,R,53,5,CB,CG,9.532497
tcr_20_4,D,C,Y,R,53,5,CB,CD,9.296793
tcr_20_4,D,C,Y,H,53,4,CG,CG,9.643027
tcr_20_4,D,C,Y,H,53,4,CG,NE2,8.320289
tcr_20_4,D,C,Y,H,53,4,CG,CD2,8.43485
tcr_20_4,D,C,Y,H,53,4,CG,CE1,9.457205
tcr_20_4,D,C,Y,R,53,5,CG,CZ,6.471686
tcr_20_4,D,C,Y,R,53,5,CG,NE,6.6102695
tcr_20_4,D,C,Y,R,53,5,CG,NH1,7.40958
tcr_20_4,D,C,Y,R,53,5,CG,NH2,5.6590395
tcr_20_4,D,C,Y,R,53,5,CG,CB,9.506091
tcr_20_4,D,C,Y,R,53,5,CG,CG,8.081068
tcr_20_4,D,C,Y,R,53,5,CG,CD,7.807618
tcr_20_4,D,C,Y,H,53,4,CD1,CG,9.688062
tcr_20_4,D,C,Y,H,53,4,CD1,NE2,8.112925
tcr_20_4,D,C,Y,H,53,4,CD1,CD2,8.4135475
tcr_20_4,D,C,Y,H,53,4,CD1,CE1,9.246562
tcr_20_4,D,C,Y,R,53,5,CD1,CZ,5.664977
tcr_20_4,D,C,Y,R,53,5,CD1,NE,6.0534
tcr_20_4,D,C,Y,R,53,5,CD1,NH1,6.512114
tcr_20_4,D,C,Y,R,53,5,CD1,NH2,4.7048216
tcr_20_4,D,C,Y,R,53,5,CD1,CB,9.33551
tcr_20_4,D,C,Y,R,53,5,CD1,CG,7.87726
tcr_20_4,D,C,Y,R,53,5,CD1,CD,7.364218
tcr_20_4,D,C,Y,R,53,5,CD2,CA,8.986663
tcr_20_4,D,C,Y,R,53,5,CD2,N,9.192357
tcr_20_4,D,C,Y,H,53,4,CD2,O,9.094667
tcr_20_4,D,C,Y,H,53,4,CD2,C,9.293314
tcr_20_4,D,C,Y,H,53,4,CD2,CB,9.232513
tcr_20_4,D,C,Y,H,53,4,CD2,ND1,9.2360115
tcr_20_4,D,C,Y,H,53,4,CD2,CG,8.556405
tcr_20_4,D,C,Y,H,53,4,CD2,NE2,7.45223
tcr_20_4,D,C,Y,H,53,4,CD2,CD2,7.388883
tcr_20_4,D,C,Y,H,53,4,CD2,CE1,8.615982
tcr_20_4,D,C,Y,R,53,5,CD2,CZ,6.1593523
tcr_20_4,D,C,Y,R,53,5,CD2,NE,6.019783
tcr_20_4,D,C,Y,R,53,5,CD2,NH1,7.2077556
tcr_20_4,D,C,Y,R,53,5,CD2,NH2,5.540559
tcr_20_4,D,C,Y,R,53,5,CD2,CB,8.527703
tcr_20_4,D,C,Y,R,53,5,CD2,CG,7.1374736
tcr_20_4,D,C,Y,R,53,5,CD2,CD,7.090514
tcr_20_4,D,C,Y,R,53,5,CE1,CA,9.042736
tcr_20_4,D,C,Y,R,53,5,CE1,N,9.246116
tcr_20_4,D,C,Y,H,53,4,CE1,O,9.804021
tcr_20_4,D,C,Y,H,53,4,CE1,C,9.671851
tcr_20_4,D,C,Y,H,53,4,CE1,CB,9.666664
tcr_20_4,D,C,Y,H,53,4,CE1,ND1,9.074334
tcr_20_4,D,C,Y,H,53,4,CE1,CG,8.655133
tcr_20_4,D,C,Y,H,53,4,CE1,NE2,6.974155
tcr_20_4,D,C,Y,H,53,4,CE1,CD2,7.340252
tcr_20_4,D,C,Y,H,53,4,CE1,CE1,8.135302
tcr_20_4,D,C,Y,R,53,5,CE1,CZ,4.315401
tcr_20_4,D,C,Y,R,53,5,CE1,NE,4.734157
tcr_20_4,D,C,Y,R,53,5,CE1,NH1,5.227046
tcr_20_4,D,C,Y,R,53,5,CE1,NH2,3.3284786
tcr_20_4,D,C,Y,R,53,5,CE1,CB,8.171908
tcr_20_4,D,C,Y,R,53,5,CE1,CG,6.6940584
tcr_20_4,D,C,Y,R,53,5,CE1,CD,6.1002398
tcr_20_4,D,C,Y,H,53,4,CE2,N,9.50801
tcr_20_4,D,C,Y,R,53,5,CE2,CA,7.7448506
tcr_20_4,D,C,Y,R,53,5,CE2,N,7.9145446
tcr_20_4,D,C,Y,H,53,4,CE2,O,8.002835
tcr_20_4,D,C,Y,H,53,4,CE2,C,8.093928
tcr_20_4,D,C,Y,H,53,4,CE2,CA,8.816816
tcr_20_4,D,C,Y,H,53,4,CE2,CB,8.097912
tcr_20_4,D,C,Y,H,53,4,CE2,ND1,8.043972
tcr_20_4,D,C,Y,H,53,4,CE2,CG,7.3559
tcr_20_4,D,C,Y,H,53,4,CE2,NE2,6.1843505
tcr_20_4,D,C,Y,H,53,4,CE2,CD2,6.128911
tcr_20_4,D,C,Y,H,53,4,CE2,CE1,7.4018583
tcr_20_4,D,C,Y,E,53,6,CE2,OE1,9.642879
tcr_20_4,D,C,Y,E,53,6,CE2,CD,9.793517
tcr_20_4,D,C,Y,E,53,6,CE2,OE2,9.177965
tcr_20_4,D,C,Y,E,53,6,CE2,N,9.589986
tcr_20_4,D,C,Y,R,53,5,CE2,CZ,4.9496574
tcr_20_4,D,C,Y,R,53,5,CE2,NE,4.6912236
tcr_20_4,D,C,Y,R,53,5,CE2,NH1,6.076705
tcr_20_4,D,C,Y,R,53,5,CE2,NH2,4.435372
tcr_20_4,D,C,Y,R,53,5,CE2,CB,7.2322583
tcr_20_4,D,C,Y,R,53,5,CE2,CG,5.801873
tcr_20_4,D,C,Y,R,53,5,CE2,CD,5.766595
tcr_20_4,D,C,Y,R,53,5,CE2,C,9.180285
tcr_20_4,D,C,Y,Q,53,3,CZ,NE2,9.586776
tcr_20_4,D,C,Y,R,53,5,CZ,O,9.911628
tcr_20_4,D,C,Y,H,53,4,CZ,N,9.489957
tcr_20_4,D,C,Y,R,53,5,CZ,CA,7.7920547
tcr_20_4,D,C,Y,R,53,5,CZ,N,7.95592
tcr_20_4,D,C,Y,H,53,4,CZ,O,8.41975
tcr_20_4,D,C,Y,H,53,4,CZ,C,8.320276
tcr_20_4,D,C,Y,H,53,4,CZ,CA,9.002684
tcr_20_4,D,C,Y,H,53,4,CZ,CB,8.346433
tcr_20_4,D,C,Y,H,53,4,CZ,ND1,7.9448924
tcr_20_4,D,C,Y,H,53,4,CZ,CG,7.4101295
tcr_20_4,D,C,Y,H,53,4,CZ,NE2,5.8926034
tcr_20_4,D,C,Y,H,53,4,CZ,CD2,6.0971227
tcr_20_4,D,C,Y,H,53,4,CZ,CE1,7.116362
tcr_20_4,D,C,Y,E,53,6,CZ,OE2,9.770237
tcr_20_4,D,C,Y,E,53,6,CZ,N,9.800948
tcr_20_4,D,C,Y,R,53,5,CZ,CZ,3.8652883
tcr_20_4,D,C,Y,R,53,5,CZ,NE,3.8990345
tcr_20_4,D,C,Y,R,53,5,CZ,NH1,4.976043
tcr_20_4,D,C,Y,R,53,5,CZ,NH2,3.146542
tcr_20_4,D,C,Y,R,53,5,CZ,CB,7.040283
tcr_20_4,D,C,Y,R,53,5,CZ,CG,5.546117
tcr_20_4,D,C,Y,R,53,5,CZ,CD,5.1860833
tcr_20_4,D,C,Y,R,53,5,CZ,C,9.232379
tcr_20_4,D,C,Y,Y,53,1,OH,OH,9.697052
tcr_20_4,D,C,Y,Q,53,3,OH,NE2,8.266017
tcr_20_4,D,C,Y,Q,53,3,OH,CD,9.083162
tcr_20_4,D,C,Y,R,53,5,OH,O,8.86241
tcr_20_4,D,C,Y,Q,53,3,OH,CG,8.751766
tcr_20_4,D,C,Y,Q,53,3,OH,C,9.418121
tcr_20_4,D,C,Y,H,53,4,OH,N,8.382781
tcr_20_4,D,C,Y,R,53,5,OH,CA,6.8329167
tcr_20_4,D,C,Y,R,53,5,OH,N,6.9227414
tcr_20_4,D,C,Y,H,53,4,OH,O,7.6513534
tcr_20_4,D,C,Y,H,53,4,OH,C,7.394022
tcr_20_4,D,C,Y,H,53,4,OH,CA,8.03376
tcr_20_4,D,C,Y,H,53,4,OH,CB,7.464987
tcr_20_4,D,C,Y,H,53,4,OH,ND1,6.9271345
tcr_20_4,D,C,Y,H,53,4,OH,CG,6.4381576
tcr_20_4,D,C,Y,H,53,4,OH,NE2,4.7992735
tcr_20_4,D,C,Y,H,53,4,OH,CD2,5.0864615
tcr_20_4,D,C,Y,H,53,4,OH,CE1,6.0525966
tcr_20_4,D,C,Y,E,53,6,OH,CD,9.951806
tcr_20_4,D,C,Y,E,53,6,OH,OE2,9.279147
tcr_20_4,D,C,Y,E,53,6,OH,N,8.9809265
tcr_20_4,D,C,Y,E,53,6,OH,O,9.6181
tcr_20_4,D,C,Y,R,53,5,OH,CZ,2.8064866
tcr_20_4,D,C,Y,R,53,5,OH,NE,2.709661
tcr_20_4,D,C,Y,R,53,5,OH,NH1,4.0441065
tcr_20_4,D,C,Y,R,53,5,OH,NH2,2.237052
tcr_20_4,D,C,Y,R,53,5,OH,CB,5.9968815
tcr_20_4,D,C,Y,R,53,5,OH,CG,4.4744787
tcr_20_4,D,C,Y,R,53,5,OH,CD,4.06247
tcr_20_4,D,C,Y,R,53,5,OH,C,8.282296
tcr_20_4,D,C,L,R,54,5,N,NH2,9.703583
tcr_20_4,D,C,F,R,55,5,CE1,NH2,9.871589
tcr_20_4,D,C,F,R,55,5,CE2,NH2,9.852669
tcr_20_4,D,C,F,R,55,5,CZ,CZ,9.776186
tcr_20_4,D,C,F,R,55,5,CZ,NE,9.975328
tcr_20_4,D,C,F,R,55,5,CZ,NH2,9.200774
tcr_20_4,D,C,R,R,70,5,CD,NH2,9.87351
tcr_20_4,D,C,R,R,70,5,NE,NH2,9.964408
tcr_20_4,D,C,R,R,70,5,CZ,NH1,9.94292
tcr_20_4,D,C,R,R,70,5,CZ,NH2,9.900249
tcr_20_4,D,C,R,R,70,5,NH1,CZ,9.907102
tcr_20_4,D,C,R,R,70,5,NH1,NH1,9.692427
tcr_20_4,D,C,R,R,70,5,NH1,NH2,9.687983
tcr_20_4,D,C,Q,R,71,5,CA,NH2,9.667303
tcr_20_4,D,C,Q,R,71,5,C,CZ,9.518083
tcr_20_4,D,C,Q,R,71,5,C,NH2,8.338875
tcr_20_4,D,C,Q,R,71,5,O,CZ,9.362573
tcr_20_4,D,C,Q,R,71,5,O,NH2,8.203615
tcr_20_4,D,C,E,R,72,5,N,CZ,8.803028
tcr_20_4,D,C,E,R,72,5,N,NE,9.678039
tcr_20_4,D,C,E,R,72,5,N,NH1,9.259631
tcr_20_4,D,C,E,R,72,5,N,NH2,7.589383
tcr_20_4,D,C,E,R,72,5,CA,CZ,7.7406015
tcr_20_4,D,C,E,R,72,5,CA,NE,8.568088
tcr_20_4,D,C,E,R,72,5,CA,NH1,8.303118
tcr_20_4,D,C,E,R,72,5,CA,NH2,6.479088
tcr_20_4,D,C,E,R,72,5,C,CZ,8.550179
tcr_20_4,D,C,E,R,72,5,C,NE,9.305452
tcr_20_4,D,C,E,R,72,5,C,NH1,9.197418
tcr_20_4,D,C,E,R,72,5,C,NH2,7.2557735
tcr_20_4,D,C,E,R,72,5,O,CZ,9.389947
tcr_20_4,D,C,E,R,72,5,O,NH1,9.94444
tcr_20_4,D,C,E,R,72,5,O,NH2,8.0998125
tcr_20_4,D,C,E,H,72,4,CB,NE2,9.667781
tcr_20_4,D,C,E,R,72,5,CB,CZ,6.8010035
tcr_20_4,D,C,E,R,72,5,CB,NE,7.77927
tcr_20_4,D,C,E,R,72,5,CB,NH1,7.2038393
tcr_20_4,D,C,E,R,72,5,CB,NH2,5.563396
tcr_20_4,D,C,E,R,72,5,CB,CD,9.201598
tcr_20_4,D,C,E,H,72,4,CG,NE2,9.881928
tcr_20_4,D,C,E,R,72,5,CG,CZ,6.236505
tcr_20_4,D,C,E,R,72,5,CG,NE,7.285046
tcr_20_4,D,C,E,R,72,5,CG,NH1,6.4867873
tcr_20_4,D,C,E,R,72,5,CG,NH2,5.1191244
tcr_20_4,D,C,E,R,72,5,CG,CG,9.685102
tcr_20_4,D,C,E,R,72,5,CG,CD,8.631943
tcr_20_4,D,C,E,H,72,4,CD,NE2,9.938744
tcr_20_4,D,C,E,R,72,5,CD,CZ,5.7792835
tcr_20_4,D,C,E,R,72,5,CD,NE,6.981286
tcr_20_4,D,C,E,R,72,5,CD,NH1,5.746201
tcr_20_4,D,C,E,R,72,5,CD,NH2,4.8092427
tcr_20_4,D,C,E,R,72,5,CD,CG,9.444428
tcr_20_4,D,C,E,R,72,5,CD,CD,8.224347
tcr_20_4,D,C,E,H,72,4,OE1,NE2,9.2599535
tcr_20_4,D,C,E,H,72,4,OE1,CD2,9.931324
tcr_20_4,D,C,E,R,72,5,OE1,CZ,4.703835
tcr_20_4,D,C,E,R,72,5,OE1,NE,5.943055
tcr_20_4,D,C,E,R,72,5,OE1,NH1,4.561314
tcr_20_4,D,C,E,R,72,5,OE1,NH2,3.8769362
tcr_20_4,D,C,E,R,72,5,OE1,CB,9.59824
tcr_20_4,D,C,E,R,72,5,OE1,CG,8.390264
tcr_20_4,D,C,E,R,72,5,OE1,CD,7.111012
tcr_20_4,D,C,E,R,72,5,OE2,CZ,6.7414694
tcr_20_4,D,C,E,R,72,5,OE2,NE,7.992137
tcr_20_4,D,C,E,R,72,5,OE2,NH1,6.5702853
tcr_20_4,D,C,E,R,72,5,OE2,NH2,5.8225365
tcr_20_4,D,C,E,R,72,5,OE2,CD,9.189132
tcr_20_4,D,C,A,H,73,4,N,NE2,9.45514
tcr_20_4,D,C,A,R,73,5,N,CZ,8.534665
tcr_20_4,D,C,A,R,73,5,N,NE,9.125492
tcr_20_4,D,C,A,R,73,5,N,NH1,9.338395
tcr_20_4,D,C,A,R,73,5,N,NH2,7.252772
tcr_20_4,D,C,A,H,73,4,CA,NE2,9.836211
tcr_20_4,D,C,A,R,73,5,CA,CZ,9.5931225
tcr_20_4,D,C,A,R,73,5,CA,NH2,8.32874
tcr_20_4,D,C,A,H,73,4,C,NE2,9.701376
tcr_20_4,D,C,A,R,73,5,C,CZ,9.645698
tcr_20_4,D,C,A,R,73,5,C,NH2,8.403144
tcr_20_4,D,C,A,R,73,5,O,NH2,9.557235
tcr_20_4,D,C,A,H,73,4,CB,NE2,9.287789
tcr_20_4,D,C,A,H,73,4,CB,CE1,9.678551
tcr_20_4,D,C,A,R,73,5,CB,CZ,9.752364
tcr_20_4,D,C,A,R,73,5,CB,NH2,8.549619
tcr_20_4,D,C,Y,H,74,4,N,NE2,8.827404
tcr_20_4,D,C,Y,H,74,4,N,CD2,9.95967
tcr_20_4,D,C,Y,H,74,4,N,CE1,9.1512
tcr_20_4,D,C,Y,R,74,5,N,CZ,8.595798
tcr_20_4,D,C,Y,R,74,5,N,NE,9.211449
tcr_20_4,D,C,Y,R,74,5,N,NH1,9.320833
tcr_20_4,D,C,Y,R,74,5,N,NH2,7.3784328
tcr_20_4,D,C,Y,H,74,4,CA,NE2,8.990802
tcr_20_4,D,C,Y,H,74,4,CA,CE1,9.170431
tcr_20_4,D,C,Y,R,74,5,CA,CZ,8.899165
tcr_20_4,D,C,Y,R,74,5,CA,NE,9.552276
tcr_20_4,D,C,Y,R,74,5,CA,NH1,9.517864
tcr_20_4,D,C,Y,R,74,5,CA,NH2,7.7600436
tcr_20_4,D,C,Y,R,74,5,C,CZ,9.59153
tcr_20_4,D,C,Y,R,74,5,C,NH2,8.450164
tcr_20_4,D,C,Y,R,74,5,O,NH2,9.367417
tcr_20_4,D,C,Y,H,74,4,CB,ND1,9.265189
tcr_20_4,D,C,Y,H,74,4,CB,CG,9.909619
tcr_20_4,D,C,Y,H,74,4,CB,NE2,7.801742
tcr_20_4,D,C,Y,H,74,4,CB,CD2,9.095622
tcr_20_4,D,C,Y,H,74,4,CB,CE1,7.9632688
tcr_20_4,D,C,Y,R,74,5,CB,CZ,7.7992725
tcr_20_4,D,C,Y,R,74,5,CB,NE,8.419227
tcr_20_4,D,C,Y,R,74,5,CB,NH1,8.393715
tcr_20_4,D,C,Y,R,74,5,CB,NH2,6.7610464
tcr_20_4,D,C,Y,R,74,5,CB,CD,9.686593
tcr_20_4,D,C,Y,H,74,4,CG,ND1,9.410815
tcr_20_4,D,C,Y,H,74,4,CG,CG,9.919463
tcr_20_4,D,C,Y,H,74,4,CG,NE2,7.721062
tcr_20_4,D,C,Y,H,74,4,CG,CD2,8.96879
tcr_20_4,D,C,Y,H,74,4,CG,CE1,8.0753975
tcr_20_4,D,C,Y,R,74,5,CG,CZ,6.742411
tcr_20_4,D,C,Y,R,74,5,CG,NE,7.530154
tcr_20_4,D,C,Y,R,74,5,CG,NH1,7.1933455
tcr_20_4,D,C,Y,R,74,5,CG,NH2,5.7037477
tcr_20_4,D,C,Y,R,74,5,CG,CG,9.632863
tcr_20_4,D,C,Y,R,74,5,CG,CD,8.803539
tcr_20_4,D,C,Y,Q,74,3,CD1,NE2,9.917136
tcr_20_4,D,C,Y,H,74,4,CD1,ND1,8.861667
tcr_20_4,D,C,Y,H,74,4,CD1,CG,9.194226
tcr_20_4,D,C,Y,H,74,4,CD1,NE2,6.983257
tcr_20_4,D,C,Y,H,74,4,CD1,CD2,8.126814
tcr_20_4,D,C,Y,H,74,4,CD1,CE1,7.5446286
tcr_20_4,D,C,Y,R,74,5,CD1,CZ,5.532775
tcr_20_4,D,C,Y,R,74,5,CD1,NE,6.335071
tcr_20_4,D,C,Y,R,74,5,CD1,NH1,6.075795
tcr_20_4,D,C,Y,R,74,5,CD1,NH2,4.412775
tcr_20_4,D,C,Y,R,74,5,CD1,CB,9.880333
tcr_20_4,D,C,Y,R,74,5,CD1,CG,8.522394
tcr_20_4,D,C,Y,R,74,5,CD1,CD,7.6775336
tcr_20_4,D,C,Y,H,74,4,CD2,NE2,8.680841
tcr_20_4,D,C,Y,H,74,4,CD2,CD2,9.938608
tcr_20_4,D,C,Y,H,74,4,CD2,CE1,9.011145
tcr_20_4,D,C,Y,R,74,5,CD2,CZ,7.2173934
tcr_20_4,D,C,Y,R,74,5,CD2,NE,8.133942
tcr_20_4,D,C,Y,R,74,5,CD2,NH1,7.4301605
tcr_20_4,D,C,Y,R,74,5,CD2,NH2,6.2810464
tcr_20_4,D,C,Y,R,74,5,CD2,CD,9.322299
tcr_20_4,D,C,Y,Q,74,3,CE1,NE2,9.45962
tcr_20_4,D,C,Y,H,74,4,CE1,ND1,9.329409
tcr_20_4,D,C,Y,H,74,4,CE1,CG,9.525043
tcr_20_4,D,C,Y,H,74,4,CE1,NE2,7.3237157
tcr_20_4,D,C,Y,H,74,4,CE1,CD2,8.36425
tcr_20_4,D,C,Y,H,74,4,CE1,CE1,8.036731
tcr_20_4,D,C,Y,R,74,5,CE1,CZ,4.739843
tcr_20_4,D,C,Y,R,74,5,CE1,NE,5.751515
tcr_20_4,D,C,Y,R,74,5,CE1,NH1,5.0655155
tcr_20_4,D,C,Y,R,74,5,CE1,NH2,3.6577346
tcr_20_4,D,C,Y,R,74,5,CE1,CB,9.411324
tcr_20_4,D,C,Y,R,74,5,CE1,CG,8.102719
tcr_20_4,D,C,Y,R,74,5,CE1,CD,7.0621576
tcr_20_4,D,C,Y,H,74,4,CE2,NE2,8.970288
tcr_20_4,D,C,Y,H,74,4,CE2,CE1,9.440512
tcr_20_4,D,C,Y,R,74,5,CE2,CZ,6.638331
tcr_20_4,D,C,Y,R,74,5,CE2,NE,7.698433
tcr_20_4,D,C,Y,R,74,5,CE2,NH1,6.637387
tcr_20_4,D,C,Y,R,74,5,CE2,NH2,5.7846384
tcr_20_4,D,C,Y,R,74,5,CE2,CG,9.957976
tcr_20_4,D,C,Y,R,74,5,CE2,CD,8.832694
tcr_20_4,D,C,Y,Q,74,3,CZ,NE2,9.644065
tcr_20_4,D,C,Y,H,74,4,CZ,NE2,8.340147
tcr_20_4,D,C,Y,H,74,4,CZ,CD2,9.407527
tcr_20_4,D,C,Y,H,74,4,CZ,CE1,8.986826
tcr_20_4,D,C,Y,R,74,5,CZ,CZ,5.4082007
tcr_20_4,D,C,Y,R,74,5,CZ,NE,6.535589
tcr_20_4,D,C,Y,R,74,5,CZ,NH1,5.411753
tcr_20_4,D,C,Y,R,74,5,CZ,NH2,4.5179195
tcr_20_4,D,C,Y,R,74,5,CZ,CG,8.88918
tcr_20_4,D,C,Y,R,74,5,CZ,CD,7.7134404
tcr_20_4,D,C,Y,Q,74,3,OH,NE2,9.507681
tcr_20_4,D,C,Y,H,74,4,OH,NE2,8.960372
tcr_20_4,D,C,Y,H,74,4,OH,CD2,9.916685
tcr_20_4,D,C,Y,H,74,4,OH,CE1,9.707191
tcr_20_4,D,C,Y,R,74,5,OH,CZ,5.215061
tcr_20_4,D,C,Y,R,74,5,OH,NE,6.462927
tcr_20_4,D,C,Y,R,74,5,OH,NH1,4.9187517
tcr_20_4,D,C,Y,R,74,5,OH,NH2,4.508371
tcr_20_4,D,C,Y,R,74,5,OH,CB,9.9449415
tcr_20_4,D,C,Y,R,74,5,OH,CG,8.8449135
tcr_20_4,D,C,Y,R,74,5,OH,CD,7.525167
tcr_20_4,D,C,K,R,75,5,N,CZ,9.487618
tcr_20_4,D,C,K,R,75,5,N,NH1,9.876942
tcr_20_4,D,C,K,R,75,5,N,NH2,8.298986
tcr_20_4,D,C,K,R,75,5,CA,NH2,9.298231
tcr_20_4,D,C,K,R,75,5,CB,NH2,8.932326
tcr_20_4,D,C,K,R,75,5,CG,CZ,9.159495
tcr_20_4,D,C,K,R,75,5,CG,NH1,9.150345
tcr_20_4,D,C,K,R,75,5,CG,NH2,8.115499
tcr_20_4,D,C,K,R,75,5,CD,CZ,9.156767
tcr_20_4,D,C,K,R,75,5,CD,NH1,8.999439
tcr_20_4,D,C,K,R,75,5,CD,NH2,8.182108
tcr_20_4,D,C,K,R,75,5,CE,CZ,8.519619
tcr_20_4,D,C,K,R,75,5,CE,NE,9.799609
tcr_20_4,D,C,K,R,75,5,CE,NH1,8.175221
tcr_20_4,D,C,K,R,75,5,CE,NH2,7.702549
tcr_20_4,D,C,K,R,75,5,NZ,CZ,8.409804
tcr_20_4,D,C,K,R,75,5,NZ,NE,9.721015
tcr_20_4,D,C,K,R,75,5,NZ,NH1,7.93657
tcr_20_4,D,C,K,R,75,5,NZ,NH2,7.6930785
tcr_20_4,D,C,K,H,90,4,NZ,NE2,9.977236
tcr_20_4,D,C,K,H,90,4,NZ,CE1,9.79262
tcr_20_4,D,C,R,H,115,4,C,CD2,9.706372
tcr_20_4,D,C,R,H,115,4,O,CG,9.875667
tcr_20_4,D,C,R,H,115,4,O,NE2,9.299288
tcr_20_4,D,C,R,H,115,4,O,CD2,9.087919
tcr_20_4,D,C,R,R,115,5,O,CZ,9.751767
tcr_20_4,D,C,R,R,115,5,O,NE,9.40699
tcr_20_4,D,C,R,R,115,5,O,NH2,9.108054
tcr_20_4,D,C,R,E,115,6,CG,OE1,9.746576
tcr_20_4,D,C,R,E,115,6,CD,OE1,9.027827
tcr_20_4,D,C,R,E,115,6,CD,CD,9.825405
tcr_20_4,D,C,R,E,115,6,CD,OE2,9.639939
tcr_20_4,D,C,R,R,115,5,CD,CZ,9.93571
tcr_20_4,D,C,R,R,115,5,CD,NE,9.4964905
tcr_20_4,D,C,R,R,115,5,CD,NH2,9.739155
tcr_20_4,D,C,R,R,115,5,CD,CG,9.662057
tcr_20_4,D,C,R,E,115,6,NE,OE1,9.540027
tcr_20_4,D,C,R,E,115,6,CZ,OE1,9.573643
tcr_20_4,D,C,R,E,115,6,NH1,OE1,9.305856
tcr_20_4,D,C,R,R,115,5,NH1,NE,9.810374
tcr_20_4,D,C,R,R,115,5,NH1,NH2,9.9466
tcr_20_4,D,C,S,H,116,4,N,NE2,9.9207735
tcr_20_4,D,C,S,H,116,4,N,CD2,9.455855
tcr_20_4,D,C,S,H,116,4,CA,O,9.16854
tcr_20_4,D,C,S,H,116,4,CA,C,9.708687
tcr_20_4,D,C,S,H,116,4,CA,CA,9.959537
tcr_20_4,D,C,S,H,116,4,CA,CB,8.800823
tcr_20_4,D,C,S,H,116,4,CA,ND1,9.422433
tcr_20_4,D,C,S,H,116,4,CA,CG,8.728318
tcr_20_4,D,C,S,H,116,4,CA,NE2,8.762037
tcr_20_4,D,C,S,H,116,4,CA,CD2,8.282957
tcr_20_4,D,C,S,H,116,4,CA,CE1,9.420408
tcr_20_4,D,C,S,R,116,5,CA,NE,9.905831
tcr_20_4,D,C,S,R,116,5,CA,CG,9.871222
tcr_20_4,D,C,S,Y,116,1,C,OH,9.665723
tcr_20_4,D,C,S,H,116,4,C,N,9.892541
tcr_20_4,D,C,S,R,116,5,C,CA,9.141216
tcr_20_4,D,C,S,R,116,5,C,N,8.928922
tcr_20_4,D,C,S,H,116,4,C,O,7.825085
tcr_20_4,D,C,S,H,116,4,C,C,8.359051
tcr_20_4,D,C,S,H,116,4,C,CA,8.733527
tcr_20_4,D,C,S,H,116,4,C,CB,7.66796
tcr_20_4,D,C,S,H,116,4,C,ND1,8.393123
tcr_20_4,D,C,S,H,116,4,C,CG,7.581035
tcr_20_4,D,C,S,H,116,4,C,NE2,7.600107
tcr_20_4,D,C,S,H,116,4,C,CD2,7.033982
tcr_20_4,D,C,S,H,116,4,C,CE1,8.380768
tcr_20_4,D,C,S,E,116,6,C,OE1,9.627637
tcr_20_4,D,C,S,E,116,6,C,CD,9.881462
tcr_20_4,D,C,S,E,116,6,C,OE2,9.084848
tcr_20_4,D,C,S,R,116,5,C,CZ,9.226115
tcr_20_4,D,C,S,R,116,5,C,NE,8.496956
tcr_20_4,D,C,S,R,116,5,C,NH2,8.907771
tcr_20_4,D,C,S,R,116,5,C,CB,9.451759
tcr_20_4,D,C,S,R,116,5,C,CG,8.370344
tcr_20_4,D,C,S,R,116,5,C,CD,9.131375
tcr_20_4,D,C,S,H,116,4,O,N,9.974581
tcr_20_4,D,C,S,R,116,5,O,CA,8.742667
tcr_20_4,D,C,S,R,116,5,O,N,8.708444
tcr_20_4,D,C,S,H,116,4,O,O,7.527121
tcr_20_4,D,C,S,H,116,4,O,C,8.183616
tcr_20_4,D,C,S,H,116,4,O,CA,8.7541895
tcr_20_4,D,C,S,H,116,4,O,CB,7.8644276
tcr_20_4,D,C,S,H,116,4,O,ND1,8.846001
tcr_20_4,D,C,S,H,116,4,O,CG,7.8874764
tcr_20_4,D,C,S,H,116,4,O,NE2,7.9805374
tcr_20_4,D,C,S,H,116,4,O,CD2,7.282042
tcr_20_4,D,C,S,H,116,4,O,CE1,8.871538
tcr_20_4,D,C,S,E,116,6,O,OE1,8.650521
tcr_20_4,D,C,S,E,116,6,O,CD,9.01001
tcr_20_4,D,C,S,E,116,6,O,OE2,8.313692
tcr_20_4,D,C,S,E,116,6,O,N,9.88646
tcr_20_4,D,C,S,R,116,5,O,CZ,9.113657
tcr_20_4,D,C,S,R,116,5,O,NE,8.34483
tcr_20_4,D,C,S,R,116,5,O,NH2,8.912586
tcr_20_4,D,C,S,R,116,5,O,CB,9.075671
tcr_20_4,D,C,S,R,116,5,O,CG,8.081304
tcr_20_4,D,C,S,R,116,5,O,CD,8.862662
tcr_20_4,D,C,S,R,116,5,O,C,9.965018
tcr_20_4,D,C,S,H,116,4,CB,O,9.171808
tcr_20_4,D,C,S,H,116,4,CB,C,9.798334
tcr_20_4,D,C,S,H,116,4,CB,CA,9.942635
tcr_20_4,D,C,S,H,116,4,CB,CB,8.788529
tcr_20_4,D,C,S,H,116,4,CB,ND1,9.654904
tcr_20_4,D,C,S,H,116,4,CB,CG,8.940012
tcr_20_4,D,C,S,H,116,4,CB,NE2,9.324629
tcr_20_4,D,C,S,H,116,4,CB,CD2,8.712872
tcr_20_4,D,C,S,H,116,4,CB,CE1,9.852177
tcr_20_4,D,C,S,Y,116,1,OG,OH,8.884827
tcr_20_4,D,C,S,R,116,5,OG,N,9.721569
tcr_20_4,D,C,S,H,116,4,OG,O,8.261092
tcr_20_4,D,C,S,H,116,4,OG,C,8.831217
tcr_20_4,D,C,S,H,116,4,OG,CA,8.825545
tcr_20_4,D,C,S,H,116,4,OG,CB,7.622312
tcr_20_4,D,C,S,H,116,4,OG,ND1,8.528059
tcr_20_4,D,C,S,H,116,4,OG,CG,7.8468585
tcr_20_4,D,C,S,H,116,4,OG,NE2,8.43597
tcr_20_4,D,C,S,H,116,4,OG,CD2,7.7786484
tcr_20_4,D,C,S,H,116,4,OG,CE1,8.84275
tcr_20_4,D,C,S,E,116,6,OG,OE2,9.8770485
tcr_20_4,D,C,S,R,116,5,OG,CG,9.963543
tcr_20_4,D,C,A,Y,117,1,N,OH,8.475068
tcr_20_4,D,C,A,Y,117,1,N,CZ,9.73679
tcr_20_4,D,C,A,H,117,4,N,N,8.885425
tcr_20_4,D,C,A,R,117,5,N,CA,8.455455
tcr_20_4,D,C,A,R,117,5,N,N,8.10503
tcr_20_4,D,C,A,H,117,4,N,O,7.191827
tcr_20_4,D,C,A,H,117,4,N,C,7.5640354
tcr_20_4,D,C,A,H,117,4,N,CA,7.8211455
tcr_20_4,D,C,A,H,117,4,N,CB,6.665188
tcr_20_4,D,C,A,H,117,4,N,ND1,7.159037
tcr_20_4,D,C,A,H,117,4,N,CG,6.429683
tcr_20_4,D,C,A,H,117,4,N,NE2,6.350068
tcr_20_4,D,C,A,H,117,4,N,CD2,5.8701587
tcr_20_4,D,C,A,H,117,4,N,CE1,7.094345
tcr_20_4,D,C,A,E,117,6,N,OE1,9.733863
tcr_20_4,D,C,A,E,117,6,N,CD,9.830515
tcr_20_4,D,C,A,E,117,6,N,OE2,8.93254
tcr_20_4,D,C,A,R,117,5,N,CZ,8.403057
tcr_20_4,D,C,A,R,117,5,N,NE,7.6554666
tcr_20_4,D,C,A,R,117,5,N,NH1,9.66096
tcr_20_4,D,C,A,R,117,5,N,NH2,8.070508
tcr_20_4,D,C,A,R,117,5,N,CB,8.716043
tcr_20_4,D,C,A,R,117,5,N,CG,7.5741873
tcr_20_4,D,C,A,R,117,5,N,CD,8.333211
tcr_20_4,D,C,A,R,117,5,N,C,9.818206
tcr_20_4,D,C,A,Y,117,1,CA,OH,7.997849
tcr_20_4,D,C,A,Y,117,1,CA,CZ,9.1634
tcr_20_4,D,C,A,Y,117,1,CA,CE1,9.390667
tcr_20_4,D,C,A,Q,117,3,CA,O,9.267006
tcr_20_4,D,C,A,R,117,5,CA,O,9.352124
tcr_20_4,D,C,A,Q,117,3,CA,CA,9.988569
tcr_20_4,D,C,A,Q,117,3,CA,CG,9.844091
tcr_20_4,D,C,A,Q,117,3,CA,C,8.878782
tcr_20_4,D,C,A,H,117,4,CA,N,7.635663
tcr_20_4,D,C,A,R,117,5,CA,CA,7.0043535
tcr_20_4,D,C,A,R,117,5,CA,N,6.67937
tcr_20_4,D,C,A,H,117,4,CA,O,5.8846493
tcr_20_4,D,C,A,H,117,4,CA,C,6.2112017
tcr_20_4,D,C,A,H,117,4,CA,CA,6.5835605
tcr_20_4,D,C,A,H,117,4,CA,CB,5.544689
tcr_20_4,D,C,A,H,117,4,CA,ND1,6.172614
tcr_20_4,D,C,A,H,117,4,CA,CG,5.2959514
tcr_20_4,D,C,A,H,117,4,CA,NE2,5.2556605
tcr_20_4,D,C,A,H,117,4,CA,CD2,4.6310105
tcr_20_4,D,C,A,H,117,4,CA,CE1,6.128316
tcr_20_4,D,C,A,E,117,6,CA,OE1,8.68655
tcr_20_4,D,C,A,E,117,6,CA,CD,8.679272
tcr_20_4,D,C,A,E,117,6,CA,OE2,7.7471485
tcr_20_4,D,C,A,E,117,6,CA,N,8.619682
tcr_20_4,D,C,A,R,117,5,CA,CZ,7.297389
tcr_20_4,D,C,A,R,117,5,CA,NE,6.426593
tcr_20_4,D,C,A,R,117,5,CA,NH1,8.53667
tcr_20_4,D,C,A,R,117,5,CA,NH2,7.131985
tcr_20_4,D,C,A,R,117,5,CA,CB,7.2591653
tcr_20_4,D,C,A,R,117,5,CA,CG,6.1452804
tcr_20_4,D,C,A,R,117,5,CA,CD,6.9836926
tcr_20_4,D,C,A,R,117,5,CA,C,8.385998
tcr_20_4,D,C,A,Y,117,1,C,OH,7.830879
tcr_20_4,D,C,A,Y,117,1,C,CZ,8.9066305
tcr_20_4,D,C,A,F,117,2,C,O,9.428966
tcr_20_4,D,C,A,Y,117,1,C,CE2,9.994176
tcr_20_4,D,C,A,Y,117,1,C,CE1,9.127304
tcr_20_4,D,C,A,Q,117,3,C,O,8.346046
tcr_20_4,D,C,A,R,117,5,C,O,8.640155
tcr_20_4,D,C,A,Q,117,3,C,CA,9.359578
tcr_20_4,D,C,A,Q,117,3,C,CG,9.442821
tcr_20_4,D,C,A,Q,117,3,C,C,8.108171
tcr_20_4,D,C,A,H,117,4,C,N,6.9284005
tcr_20_4,D,C,A,R,117,5,C,CA,6.367446
tcr_20_4,D,C,A,R,117,5,C,N,5.9956
tcr_20_4,D,C,A,H,117,4,C,O,4.7779155
tcr_20_4,D,C,A,H,117,4,C,C,5.3046007
tcr_20_4,D,C,A,H,117,4,C,CA,5.696057
tcr_20_4,D,C,A,H,117,4,C,CB,4.771496
tcr_20_4,D,C,A,H,117,4,C,ND1,6.0127172
tcr_20_4,D,C,A,H,117,4,C,CG,4.939814
tcr_20_4,D,C,A,H,117,4,C,NE2,5.5223136
tcr_20_4,D,C,A,H,117,4,C,CD2,4.5597315
tcr_20_4,D,C,A,H,117,4,C,CE1,6.2877283
tcr_20_4,D,C,A,E,117,6,C,CG,8.991594
tcr_20_4,D,C,A,E,117,6,C,OE1,7.694493
tcr_20_4,D,C,A,E,117,6,C,CD,7.622221
tcr_20_4,D,C,A,E,117,6,C,CB,9.238798
tcr_20_4,D,C,A,E,117,6,C,OE2,6.6214
tcr_20_4,D,C,A,E,117,6,C,CA,9.055581
tcr_20_4,D,C,A,E,117,6,C,N,7.701571
tcr_20_4,D,C,A,E,117,6,C,C,9.982699
tcr_20_4,D,C,A,E,117,6,C,O,9.690069
tcr_20_4,D,C,A,R,117,5,C,CZ,7.9971642
tcr_20_4,D,C,A,R,117,5,C,NE,6.94936
tcr_20_4,D,C,A,R,117,5,C,NH1,9.172794
tcr_20_4,D,C,A,R,117,5,C,NH2,8.052051
tcr_20_4,D,C,A,R,117,5,C,CB,6.933888
tcr_20_4,D,C,A,R,117,5,C,CG,6.0926137
tcr_20_4,D,C,A,R,117,5,C,CD,7.200073
tcr_20_4,D,C,A,R,117,5,C,C,7.612474
tcr_20_4,D,C,A,Q,117,3,O,N,9.742288
tcr_20_4,D,C,A,F,117,2,O,C,9.824953
tcr_20_4,D,C,A,Y,117,1,O,OH,8.170315
tcr_20_4,D,C,A,Y,117,1,O,CZ,9.117347
tcr_20_4,D,C,A,F,117,2,O,O,9.04924
tcr_20_4,D,C,A,Y,117,1,O,CE1,9.171162
tcr_20_4,D,C,A,Q,117,3,O,NE2,9.625532
tcr_20_4,D,C,A,Q,117,3,O,CB,9.365416
tcr_20_4,D,C,A,Q,117,3,O,CD,9.668163
tcr_20_4,D,C,A,Q,117,3,O,O,7.5252476
tcr_20_4,D,C,A,R,117,5,O,O,7.527386
tcr_20_4,D,C,A,Q,117,3,O,CA,8.70767
tcr_20_4,D,C,A,Q,117,3,O,CG,8.667973
tcr_20_4,D,C,A,Q,117,3,O,C,7.396654
tcr_20_4,D,C,A,H,117,4,O,N,6.308582
tcr_20_4,D,C,A,R,117,5,O,CA,5.261858
tcr_20_4,D,C,A,R,117,5,O,N,5.0249233
tcr_20_4,D,C,A,H,117,4,O,O,3.7511551
tcr_20_4,D,C,A,H,117,4,O,C,4.384897
tcr_20_4,D,C,A,H,117,4,O,CA,5.0361166
tcr_20_4,D,C,A,H,117,4,O,CB,4.40728
tcr_20_4,D,C,A,H,117,4,O,ND1,5.9503217
tcr_20_4,D,C,A,H,117,4,O,CG,4.712052
tcr_20_4,D,C,A,H,117,4,O,NE2,5.427542
tcr_20_4,D,C,A,H,117,4,O,CD2,4.2899895
tcr_20_4,D,C,A,H,117,4,O,CE1,6.283084
tcr_20_4,D,C,A,E,117,6,O,CG,7.791241
tcr_20_4,D,C,A,E,117,6,O,OE1,6.5844316
tcr_20_4,D,C,A,E,117,6,O,CD,6.4485397
tcr_20_4,D,C,A,E,117,6,O,CB,8.036874
tcr_20_4,D,C,A,E,117,6,O,OE2,5.438068
tcr_20_4,D,C,A,E,117,6,O,CA,7.843919
tcr_20_4,D,C,A,E,117,6,O,N,6.4958735
tcr_20_4,D,C,A,E,117,6,O,C,8.759843
tcr_20_4,D,C,A,E,117,6,O,O,8.477048
tcr_20_4,D,C,A,R,117,5,O,CZ,7.5604396
tcr_20_4,D,C,A,R,117,5,O,NE,6.4145155
tcr_20_4,D,C,A,R,117,5,O,NH1,8.65217
tcr_20_4,D,C,A,R,117,5,O,NH2,7.806472
tcr_20_4,D,C,A,R,117,5,O,CB,5.9137597
tcr_20_4,D,C,A,R,117,5,O,CG,5.2267675
tcr_20_4,D,C,A,R,117,5,O,CD,6.4456806
tcr_20_4,D,C,A,R,117,5,O,C,6.4583554
tcr_20_4,D,C,A,Y,117,1,CB,OH,6.8820558
tcr_20_4,D,C,A,Y,117,1,CB,CZ,8.043392
tcr_20_4,D,C,A,F,117,2,CB,O,9.281763
tcr_20_4,D,C,A,Y,117,1,CB,CE2,9.2525835
tcr_20_4,D,C,A,Y,117,1,CB,CE1,8.217818
tcr_20_4,D,C,A,Y,117,1,CB,CD1,9.548081
tcr_20_4,D,C,A,Q,117,3,CB,NE2,9.6910925
tcr_20_4,D,C,A,Q,117,3,CB,CB,9.8754015
tcr_20_4,D,C,A,Q,117,3,CB,CD,9.9845705
tcr_20_4,D,C,A,Q,117,3,CB,O,8.80073
tcr_20_4,D,C,A,R,117,5,CB,O,9.11244
tcr_20_4,D,C,A,Q,117,3,CB,CA,9.1755705
tcr_20_4,D,C,A,Q,117,3,CB,CG,9.016657
tcr_20_4,D,C,A,Q,117,3,CB,C,8.231146
tcr_20_4,D,C,A,H,117,4,CB,N,6.93611
tcr_20_4,D,C,A,R,117,5,CB,CA,6.836679
tcr_20_4,D,C,A,R,117,5,CB,N,6.3119926
tcr_20_4,D,C,A,H,117,4,CB,O,5.9283934
tcr_20_4,D,C,A,H,117,4,CB,C,5.9493394
tcr_20_4,D,C,A,H,117,4,CB,CA,6.10638
tcr_20_4,D,C,A,H,117,4,CB,CB,4.938623
tcr_20_4,D,C,A,H,117,4,CB,ND1,4.9918885
tcr_20_4,D,C,A,H,117,4,CB,CG,4.3322353
tcr_20_4,D,C,A,H,117,4,CB,NE2,3.9365463
tcr_20_4,D,C,A,H,117,4,CB,CD2,3.5849144
tcr_20_4,D,C,A,H,117,4,CB,CE1,4.768697
tcr_20_4,D,C,A,E,117,6,CB,OE1,9.51751
tcr_20_4,D,C,A,E,117,6,CB,CD,9.347317
tcr_20_4,D,C,A,E,117,6,CB,OE2,8.343695
tcr_20_4,D,C,A,E,117,6,CB,N,8.747393
tcr_20_4,D,C,A,R,117,5,CB,CZ,6.610879
tcr_20_4,D,C,A,R,117,5,CB,NE,5.789594
tcr_20_4,D,C,A,R,117,5,CB,NH1,7.887306
tcr_20_4,D,C,A,R,117,5,CB,NH2,6.3714666
tcr_20_4,D,C,A,R,117,5,CB,CB,6.94555
tcr_20_4,D,C,A,R,117,5,CB,CG,5.7280173
tcr_20_4,D,C,A,R,117,5,CB,CD,6.4663906
tcr_20_4,D,C,A,R,117,5,CB,C,8.2928915
tcr_20_4,D,C,L,Y,118,1,N,OH,7.7002473
tcr_20_4,D,C,L,Y,118,1,N,CZ,8.806175
tcr_20_4,D,C,L,F,118,2,N,O,9.56438
tcr_20_4,D,C,L,Y,118,1,N,CE2,9.756658
tcr_20_4,D,C,L,Y,118,1,N,CE1,9.203566
tcr_20_4,D,C,L,Q,118,3,N,O,8.748534
tcr_20_4,D,C,L,R,118,5,N,O,9.472725
tcr_20_4,D,C,L,Q,118,3,N,CA,9.834634
tcr_20_4,D,C,L,Q,118,3,N,C,8.550179
tcr_20_4,D,C,L,H,118,4,N,N,7.383364
tcr_20_4,D,C,L,R,118,5,N,CA,7.3088307
tcr_20_4,D,C,L,R,118,5,N,N,6.8108797
tcr_20_4,D,C,L,H,118,4,N,O,5.321775
tcr_20_4,D,C,L,H,118,4,N,C,5.9216933
tcr_20_4,D,C,L,H,118,4,N,CA,6.0881515
tcr_20_4,D,C,L,H,118,4,N,CB,5.0671473
tcr_20_4,D,C,L,H,118,4,N,ND1,6.4369884
tcr_20_4,D,C,L,H,118,4,N,CG,5.4538593
tcr_20_4,D,C,L,H,118,4,N,NE2,6.330155
tcr_20_4,D,C,L,H,118,4,N,CD2,5.3669267
tcr_20_4,D,C,L,H,118,4,N,CE1,6.8830767
tcr_20_4,D,C,L,E,118,6,N,CG,9.589986
tcr_20_4,D,C,L,E,118,6,N,OE1,8.267202
tcr_20_4,D,C,L,E,118,6,N,CD,8.202004
tcr_20_4,D,C,L,E,118,6,N,CB,9.792715
tcr_20_4,D,C,L,E,118,6,N,OE2,7.175814
tcr_20_4,D,C,L,E,118,6,N,CA,9.741682
tcr_20_4,D,C,L,E,118,6,N,N,8.448618
tcr_20_4,D,C,L,R,118,5,N,CZ,9.2915125
tcr_20_4,D,C,L,R,118,5,N,NE,8.241131
tcr_20_4,D,C,L,R,118,5,N,NH2,9.313213
tcr_20_4,D,C,L,R,118,5,N,CB,8.034155
tcr_20_4,D,C,L,R,118,5,N,CG,7.2965097
tcr_20_4,D,C,L,R,118,5,N,CD,8.465581
tcr_20_4,D,C,L,R,118,5,N,C,8.446542
tcr_20_4,D,C,L,Y,118,1,CA,OH,7.985909
tcr_20_4,D,C,L,Y,118,1,CA,CZ,8.970893
tcr_20_4,D,C,L,F,118,2,CA,O,9.33845
tcr_20_4,D,C,L,Y,118,1,CA,CE2,9.807659
tcr_20_4,D,C,L,Y,118,1,CA,CE1,9.381807
tcr_20_4,D,C,L,Q,118,3,CA,O,8.395294
tcr_20_4,D,C,L,R,118,5,CA,O,9.369255
tcr_20_4,D,C,L,Q,118,3,CA,CA,9.738031
tcr_20_4,D,C,L,Q,118,3,CA,C,8.3626375
tcr_20_4,D,C,L,H,118,4,CA,N,7.3181124
tcr_20_4,D,C,L,R,118,5,CA,CA,7.3954935
tcr_20_4,D,C,L,R,118,5,CA,N,6.873115
tcr_20_4,D,C,L,H,118,4,CA,O,5.042707
tcr_20_4,D,C,L,H,118,4,CA,C,5.808943
tcr_20_4,D,C,L,H,118,4,CA,CA,5.9241767
tcr_20_4,D,C,L,H,118,4,CA,CB,5.0933795
tcr_20_4,D,C,L,H,118,4,CA,ND1,6.8971186
tcr_20_4,D,C,L,H,118,4,CA,CG,5.853228
tcr_20_4,D,C,L,H,118,4,CA,NE2,7.1419425
tcr_20_4,D,C,L,H,118,4,CA,CD2,6.024669
tcr_20_4,D,C,L,H,118,4,CA,CE1,7.574854
tcr_20_4,D,C,L,E,118,6,CA,CG,9.093255
tcr_20_4,D,C,L,E,118,6,CA,OE1,7.847896
tcr_20_4,D,C,L,E,118,6,CA,CD,7.734179
tcr_20_4,D,C,L,E,118,6,CA,CB,9.232666
tcr_20_4,D,C,L,E,118,6,CA,OE2,6.6932254
tcr_20_4,D,C,L,E,118,6,CA,CA,9.350311
tcr_20_4,D,C,L,E,118,6,CA,N,8.171178
tcr_20_4,D,C,L,R,118,5,CA,NE,9.157335
tcr_20_4,D,C,L,R,118,5,CA,CB,8.358121
tcr_20_4,D,C,L,R,118,5,CA,CG,7.869023
tcr_20_4,D,C,L,R,118,5,CA,CD,9.178105
tcr_20_4,D,C,L,R,118,5,CA,C,8.328269
tcr_20_4,D,C,L,Y,118,1,C,OH,9.499206
tcr_20_4,D,C,L,Q,118,3,C,O,9.292486
tcr_20_4,D,C,L,R,118,5,C,O,9.922575
tcr_20_4,D,C,L,Q,118,3,C,C,9.413077
tcr_20_4,D,C,L,H,118,4,C,N,8.46412
tcr_20_4,D,C,L,R,118,5,C,CA,7.9916005
tcr_20_4,D,C,L,R,118,5,C,N,7.6998706
tcr_20_4,D,C,L,H,118,4,C,O,5.722418
tcr_20_4,D,C,L,H,118,4,C,C,6.682465
tcr_20_4,D,C,L,H,118,4,C,CA,7.0190997
tcr_20_4,D,C,L,H,118,4,C,CB,6.3936963
tcr_20_4,D,C,L,H,118,4,C,ND1,8.330709
tcr_20_4,D,C,L,H,118,4,C,CG,7.212741
tcr_20_4,D,C,L,H,118,4,C,NE2,8.447203
tcr_20_4,D,C,L,H,118,4,C,CD2,7.287661
tcr_20_4,D,C,L,H,118,4,C,CE1,8.982311
tcr_20_4,D,C,L,E,118,6,C,CG,8.811963
tcr_20_4,D,C,L,E,118,6,C,OE1,7.2962446
tcr_20_4,D,C,L,E,118,6,C,CD,7.3837953
tcr_20_4,D,C,L,E,118,6,C,CB,9.14878
tcr_20_4,D,C,L,E,118,6,C,OE2,6.5033693
tcr_20_4,D,C,L,E,118,6,C,CA,9.493293
tcr_20_4,D,C,L,E,118,6,C,N,8.430893
tcr_20_4,D,C,L,R,118,5,C,NE,9.919611
tcr_20_4,D,C,L,R,118,5,C,CB,8.990967
tcr_20_4,D,C,L,R,118,5,C,CG,8.585402
tcr_20_4,D,C,L,R,118,5,C,CD,9.882814
tcr_20_4,D,C,L,R,118,5,C,C,8.799501
tcr_20_4,D,C,L,Q,118,3,O,O,9.2235565
tcr_20_4,D,C,L,R,118,5,O,O,9.938427
tcr_20_4,D,C,L,Q,118,3,O,C,9.488124
tcr_20_4,D,C,L,H,118,4,O,N,8.669135
tcr_20_4,D,C,L,R,118,5,O,CA,8.208157
tcr_20_4,D,C,L,R,118,5,O,N,7.9460306
tcr_20_4,D,C,L,H,118,4,O,O,5.820707
tcr_20_4,D,C,L,H,118,4,O,C,6.8692455
tcr_20_4,D,C,L,H,118,4,O,CA,7.207477
tcr_20_4,D,C,L,H,118,4,O,CB,6.7790504
tcr_20_4,D,C,L,H,118,4,O,ND1,8.931751
tcr_20_4,D,C,L,H,118,4,O,CG,7.7858467
tcr_20_4,D,C,L,H,118,4,O,NE2,9.220792
tcr_20_4,D,C,L,H,118,4,O,CD2,7.983935
tcr_20_4,D,C,L,H,118,4,O,CE1,9.700648
tcr_20_4,D,C,L,E,118,6,O,CG,8.424861
tcr_20_4,D,C,L,E,118,6,O,OE1,6.995809
tcr_20_4,D,C,L,E,118,6,O,CD,7.059959
tcr_20_4,D,C,L,E,118,6,O,CB,8.729246
tcr_20_4,D,C,L,E,118,6,O,OE2,6.2309823
tcr_20_4,D,C,L,E,118,6,O,CA,9.236961
tcr_20_4,D,C,L,E,118,6,O,N,8.313997
tcr_20_4,D,C,L,R,118,5,O,CB,9.3467
tcr_20_4,D,C,L,R,118,5,O,CG,9.13068
tcr_20_4,D,C,L,R,118,5,O,C,8.823041
tcr_20_4,D,C,L,Y,118,1,CB,OH,7.5079765
tcr_20_4,D,C,L,Y,118,1,CB,CZ,8.497327
tcr_20_4,D,C,L,F,118,2,CB,O,9.287918
tcr_20_4,D,C,L,Y,118,1,CB,CE2,9.155818
tcr_20_4,D,C,L,Y,118,1,CB,CE1,9.106625
tcr_20_4,D,C,L,Q,118,3,CB,O,8.884138
tcr_20_4,D,C,L,Q,118,3,CB,C,8.798757
tcr_20_4,D,C,L,H,118,4,CB,N,7.7612495
tcr_20_4,D,C,L,R,118,5,CB,CA,8.534767
tcr_20_4,D,C,L,R,118,5,CB,N,7.825568
tcr_20_4,D,C,L,H,118,4,CB,O,6.0235653
tcr_20_4,D,C,L,H,118,4,CB,C,6.6637335
tcr_20_4,D,C,L,H,118,4,CB,CA,6.4480715
tcr_20_4,D,C,L,H,118,4,CB,CB,5.4758058
tcr_20_4,D,C,L,H,118,4,CB,ND1,7.1176443
tcr_20_4,D,C,L,H,118,4,CB,CG,6.283378
tcr_20_4,D,C,L,H,118,4,CB,NE2,7.7110205
tcr_20_4,D,C,L,H,118,4,CB,CD2,6.6982117
tcr_20_4,D,C,L,H,118,4,CB,CE1,7.9036627
tcr_20_4,D,C,L,E,118,6,CB,OE1,9.187954
tcr_20_4,D,C,L,E,118,6,CB,CD,9.013088
tcr_20_4,D,C,L,E,118,6,CB,OE2,7.9424696
tcr_20_4,D,C,L,E,118,6,CB,N,9.309335
tcr_20_4,D,C,L,R,118,5,CB,CB,9.540157
tcr_20_4,D,C,L,R,118,5,CB,CG,9.061458
tcr_20_4,D,C,L,R,118,5,CB,C,9.423745
tcr_20_4,D,C,L,Q,118,3,CG,N,9.701234
tcr_20_4,D,C,L,F,118,2,CG,CD1,9.765569
tcr_20_4,D,C,L,F,118,2,CG,CB,9.860626
tcr_20_4,D,C,L,F,118,2,CG,C,9.161632
tcr_20_4,D,C,L,Y,118,1,CG,OH,6.023808
tcr_20_4,D,C,L,Y,118,1,CG,CZ,7.008797
tcr_20_4,D,C,L,F,118,2,CG,O,8.141566
tcr_20_4,D,C,L,Y,118,1,CG,CE2,7.6402364
tcr_20_4,D,C,L,Y,118,1,CG,CE1,7.688175
tcr_20_4,D,C,L,Y,118,1,CG,CD2,8.814285
tcr_20_4,D,C,L,Y,118,1,CG,CD1,8.8589945
tcr_20_4,D,C,L,Y,118,1,CG,CG,9.389093
tcr_20_4,D,C,L,Q,118,3,CG,O,8.266828
tcr_20_4,D,C,L,Q,118,3,CG,CA,9.211551
tcr_20_4,D,C,L,Q,118,3,CG,C,8.026392
tcr_20_4,D,C,L,H,118,4,CG,N,6.947727
tcr_20_4,D,C,L,R,118,5,CG,CA,8.426077
tcr_20_4,D,C,L,R,118,5,CG,N,7.4951096
tcr_20_4,D,C,L,H,118,4,CG,O,5.9478555
tcr_20_4,D,C,L,H,118,4,CG,C,6.3262568
tcr_20_4,D,C,L,H,118,4,CG,CA,5.790095
tcr_20_4,D,C,L,H,118,4,CG,CB,4.636925
tcr_20_4,D,C,L,H,118,4,CG,ND1,6.0044746
tcr_20_4,D,C,L,H,118,4,CG,CG,5.3750014
tcr_20_4,D,C,L,H,118,4,CG,NE2,6.891945
tcr_20_4,D,C,L,H,118,4,CG,CD2,5.9958
tcr_20_4,D,C,L,H,118,4,CG,CE1,6.864718
tcr_20_4,D,C,L,E,118,6,CG,OE1,9.9778805
tcr_20_4,D,C,L,E,118,6,CG,CD,9.642861
tcr_20_4,D,C,L,E,118,6,CG,OE2,8.482987
tcr_20_4,D,C,L,E,118,6,CG,N,9.424633
tcr_20_4,D,C,L,R,118,5,CG,CB,9.388503
tcr_20_4,D,C,L,R,118,5,CG,CG,8.889624
tcr_20_4,D,C,L,R,118,5,CG,C,9.355038
tcr_20_4,D,C,L,F,118,2,CD1,C,9.778585
tcr_20_4,D,C,L,Y,118,1,CD1,OH,6.137177
tcr_20_4,D,C,L,Y,118,1,CD1,CZ,7.097494
tcr_20_4,D,C,L,F,118,2,CD1,O,8.722997
tcr_20_4,D,C,L,Y,118,1,CD1,CE2,7.4740086
tcr_20_4,D,C,L,Y,118,1,CD1,CE1,7.998579
tcr_20_4,D,C,L,Y,118,1,CD1,CD2,8.6635065
tcr_20_4,D,C,L,Y,118,1,CD1,CD1,9.121573
tcr_20_4,D,C,L,Y,118,1,CD1,CG,9.441169
tcr_20_4,D,C,L,Q,118,3,CD1,O,9.3226595
tcr_20_4,D,C,L,Q,118,3,CD1,C,9.054714
tcr_20_4,D,C,L,H,118,4,CD1,N,8.025831
tcr_20_4,D,C,L,R,118,5,CD1,CA,9.872621
tcr_20_4,D,C,L,R,118,5,CD1,N,8.874892
tcr_20_4,D,C,L,H,118,4,CD1,O,7.3619246
tcr_20_4,D,C,L,H,118,4,CD1,C,7.6874695
tcr_20_4,D,C,L,H,118,4,CD1,CA,6.9862466
tcr_20_4,D,C,L,H,118,4,CD1,CB,5.817145
tcr_20_4,D,C,L,H,118,4,CD1,ND1,6.906882
tcr_20_4,D,C,L,H,118,4,CD1,CG,6.5061817
tcr_20_4,D,C,L,H,118,4,CD1,NE2,7.9902873
tcr_20_4,D,C,L,H,118,4,CD1,CD2,7.2332783
tcr_20_4,D,C,L,H,118,4,CD1,CE1,7.782417
tcr_20_4,D,C,L,E,118,6,CD1,OE2,9.879162
tcr_20_4,D,C,L,F,118,2,CD2,CG,8.92973
tcr_20_4,D,C,L,Y,118,1,CD2,C,9.470664
tcr_20_4,D,C,L,F,118,2,CD2,CA,8.643434
tcr_20_4,D,C,L,Q,118,3,CD2,N,8.329546
tcr_20_4,D,C,L,F,118,2,CD2,CD1,8.239996
tcr_20_4,D,C,L,F,118,2,CD2,CB,8.385839
tcr_20_4,D,C,L,F,118,2,CD2,N,8.780176
tcr_20_4,D,C,L,F,118,2,CD2,C,7.78845
tcr_20_4,D,C,L,Y,118,1,CD2,CA,9.8595915
tcr_20_4,D,C,L,Y,118,1,CD2,OH,5.630831
tcr_20_4,D,C,L,Y,118,1,CD2,CZ,6.386955
tcr_20_4,D,C,L,F,118,2,CD2,O,6.8346496
tcr_20_4,D,C,L,Y,118,1,CD2,CE2,7.031503
tcr_20_4,D,C,L,Y,118,1,CD2,CB,9.815634
tcr_20_4,D,C,L,Y,118,1,CD2,CE1,6.89605
tcr_20_4,D,C,L,Y,118,1,CD2,CD2,8.061056
tcr_20_4,D,C,L,Y,118,1,CD2,CD1,7.947848
tcr_20_4,D,C,L,Y,118,1,CD2,CG,8.499232
tcr_20_4,D,C,L,F,118,2,CD2,CE1,9.104161
tcr_20_4,D,C,L,Q,118,3,CD2,CB,9.194905
tcr_20_4,D,C,L,Q,118,3,CD2,O,6.887896
tcr_20_4,D,C,L,R,118,5,CD2,O,9.1132145
tcr_20_4,D,C,L,Q,118,3,CD2,CA,7.9277496
tcr_20_4,D,C,L,Q,118,3,CD2,CG,9.212378
tcr_20_4,D,C,L,Q,118,3,CD2,C,6.715365
tcr_20_4,D,C,L,H,118,4,CD2,N,5.7445197
tcr_20_4,D,C,L,R,118,5,CD2,CA,7.5786276
tcr_20_4,D,C,L,R,118,5,CD2,N,6.5445275
tcr_20_4,D,C,L,H,118,4,CD2,O,5.00046
tcr_20_4,D,C,L,H,118,4,CD2,C,5.300751
tcr_20_4,D,C,L,H,118,4,CD2,CA,4.6016417
tcr_20_4,D,C,L,H,118,4,CD2,CB,3.6480803
tcr_20_4,D,C,L,H,118,4,CD2,ND1,5.380414
tcr_20_4,D,C,L,H,118,4,CD2,CG,4.6947074
tcr_20_4,D,C,L,H,118,4,CD2,NE2,6.5660105
tcr_20_4,D,C,L,H,118,4,CD2,CD2,5.5493183
tcr_20_4,D,C,L,H,118,4,CD2,CE1,6.4452586
tcr_20_4,D,C,L,E,118,6,CD2,OE1,9.474983
tcr_20_4,D,C,L,E,118,6,CD2,CD,8.970196
tcr_20_4,D,C,L,E,118,6,CD2,CB,9.669084
tcr_20_4,D,C,L,E,118,6,CD2,OE2,7.766298
tcr_20_4,D,C,L,E,118,6,CD2,CA,9.567438
tcr_20_4,D,C,L,E,118,6,CD2,N,8.448139
tcr_20_4,D,C,L,R,118,5,CD2,NE,9.856746
tcr_20_4,D,C,L,R,118,5,CD2,CB,8.664776
tcr_20_4,D,C,L,R,118,5,CD2,CG,8.377199
tcr_20_4,D,C,L,R,118,5,CD2,CD,9.753257
tcr_20_4,D,C,L,R,118,5,CD2,C,8.359624
tcr_20_4,D,C,S,H,119,4,N,N,9.421524
tcr_20_4,D,C,S,R,119,5,N,CA,8.579021
tcr_20_4,D,C,S,R,119,5,N,N,8.427497
tcr_20_4,D,C,S,H,119,4,N,O,6.582079
tcr_20_4,D,C,S,H,119,4,N,C,7.535585
tcr_20_4,D,C,S,H,119,4,N,CA,7.9962363
tcr_20_4,D,C,S,H,119,4,N,CB,7.316773
tcr_20_4,D,C,S,H,119,4,N,ND1,9.064004
tcr_20_4,D,C,S,H,119,4,N,CG,7.9550343
tcr_20_4,D,C,S,H,119,4,N,NE2,8.90831
tcr_20_4,D,C,S,H,119,4,N,CD2,7.8358493
tcr_20_4,D,C,S,H,119,4,N,CE1,9.561175
tcr_20_4,D,C,S,E,119,6,N,CG,9.297553
tcr_20_4,D,C,S,E,119,6,N,OE1,7.5211015
tcr_20_4,D,C,S,E,119,6,N,CD,7.8014493
tcr_20_4,D,C,S,E,119,6,N,CB,9.815612
tcr_20_4,D,C,S,E,119,6,N,OE2,7.0456123
tcr_20_4,D,C,S,E,119,6,N,N,9.091596
tcr_20_4,D,C,S,R,119,5,N,NE,9.978731
tcr_20_4,D,C,S,R,119,5,N,CB,9.4282255
tcr_20_4,D,C,S,R,119,5,N,CG,8.888571
tcr_20_4,D,C,S,R,119,5,N,C,9.467311
tcr_20_4,D,C,S,R,119,5,CA,CA,9.404936
tcr_20_4,D,C,S,R,119,5,CA,N,9.421932
tcr_20_4,D,C,S,H,119,4,CA,O,7.5350757
tcr_20_4,D,C,S,H,119,4,CA,C,8.580994
tcr_20_4,D,C,S,H,119,4,CA,CA,9.169355
tcr_20_4,D,C,S,H,119,4,CA,CB,8.619182
tcr_20_4,D,C,S,H,119,4,CA,CG,9.298781
tcr_20_4,D,C,S,H,119,4,CA,CD2,9.131925
tcr_20_4,D,C,S,E,119,6,CA,CG,9.387665
tcr_20_4,D,C,S,E,119,6,CA,OE1,7.4054112
tcr_20_4,D,C,S,E,119,6,CA,CD,7.886072
tcr_20_4,D,C,S,E,119,6,CA,OE2,7.3267603
tcr_20_4,D,C,S,E,119,6,CA,N,9.65265
tcr_20_4,D,C,S,R,119,5,CA,CG,9.789774
tcr_20_4,D,C,S,R,119,5,C,CA,9.123014
tcr_20_4,D,C,S,R,119,5,C,N,9.353128
tcr_20_4,D,C,S,H,119,4,C,O,7.6496444
tcr_20_4,D,C,S,H,119,4,C,C,8.693262
tcr_20_4,D,C,S,H,119,4,C,CA,9.492663
tcr_20_4,D,C,S,H,119,4,C,CB,9.035654
tcr_20_4,D,C,S,H,119,4,C,CG,9.585775
tcr_20_4,D,C,S,H,119,4,C,CD2,9.217588
tcr_20_4,D,C,S,E,119,6,C,CG,8.934864
tcr_20_4,D,C,S,E,119,6,C,OE1,6.7656484
tcr_20_4,D,C,S,E,119,6,C,CD,7.41509
tcr_20_4,D,C,S,E,119,6,C,CB,9.804901
tcr_20_4,D,C,S,E,119,6,C,OE2,7.0126624
tcr_20_4,D,C,S,E,119,6,C,N,9.368408
tcr_20_4,D,C,S,R,119,5,C,CB,9.8211355
tcr_20_4,D,C,S,R,119,5,C,CG,9.321291
tcr_20_4,D,C,S,R,119,5,C,C,9.914342
tcr_20_4,D,C,S,R,119,5,O,CA,9.562229
tcr_20_4,D,C,S,R,119,5,O,N,9.818727
tcr_20_4,D,C,S,H,119,4,O,O,8.291106
tcr_20_4,D,C,S,H,119,4,O,C,9.250933
tcr_20_4,D,C,S,H,119,4,O,CB,9.502889
tcr_20_4,D,C,S,H,119,4,O,CG,9.879879
tcr_20_4,D,C,S,H,119,4,O,CD2,9.380444
tcr_20_4,D,C,S,E,119,6,O,CG,9.705809
tcr_20_4,D,C,S,E,119,6,O,OE1,7.4944277
tcr_20_4,D,C,S,E,119,6,O,CD,8.184493
tcr_20_4,D,C,S,E,119,6,O,OE2,7.8023834
tcr_20_4,D,C,S,R,119,5,O,CG,9.437748
tcr_20_4,D,C,S,H,119,4,CB,O,8.933869
tcr_20_4,D,C,S,H,119,4,CB,C,9.942524
tcr_20_4,D,C,S,H,119,4,CB,CB,9.741897
tcr_20_4,D,C,S,E,119,6,CB,OE1,8.851478
tcr_20_4,D,C,S,E,119,6,CB,CD,9.373999
tcr_20_4,D,C,S,E,119,6,CB,OE2,8.836941
tcr_20_4,D,C,S,H,119,4,OG,O,9.832579
tcr_20_4,D,C,S,E,119,6,OG,OE1,8.9729395
tcr_20_4,D,C,S,E,119,6,OG,CD,9.627509
tcr_20_4,D,C,S,E,119,6,OG,OE2,9.252056
tcr_20_4,D,C,Y,R,120,5,N,CA,8.618276
tcr_20_4,D,C,Y,R,120,5,N,N,9.005566
tcr_20_4,D,C,Y,H,120,4,N,O,7.304661
tcr_20_4,D,C,Y,H,120,4,N,C,8.41362
tcr_20_4,D,C,Y,H,120,4,N,CA,9.35978
tcr_20_4,D,C,Y,H,120,4,N,CB,9.118175
tcr_20_4,D,C,Y,H,120,4,N,CG,9.750977
tcr_20_4,D,C,Y,H,120,4,N,CD2,9.377929
tcr_20_4,D,C,Y,E,120,6,N,CG,7.82094
tcr_20_4,D,C,Y,E,120,6,N,OE1,5.581109
tcr_20_4,D,C,Y,E,120,6,N,CD,6.3293157
tcr_20_4,D,C,Y,E,120,6,N,CB,8.789401
tcr_20_4,D,C,Y,E,120,6,N,OE2,6.0782666
tcr_20_4,D,C,Y,E,120,6,N,CA,9.40553
tcr_20_4,D,C,Y,E,120,6,N,N,8.57923
tcr_20_4,D,C,Y,E,120,6,N,O,9.956345
tcr_20_4,D,C,Y,R,120,5,N,CB,9.361038
tcr_20_4,D,C,Y,R,120,5,N,CG,9.036955
tcr_20_4,D,C,Y,R,120,5,N,C,9.25313
tcr_20_4,D,C,Y,R,120,5,CA,CA,8.465886
tcr_20_4,D,C,Y,R,120,5,CA,N,9.067229
tcr_20_4,D,C,Y,H,120,4,CA,O,7.6177278
tcr_20_4,D,C,Y,H,120,4,CA,C,8.676637
tcr_20_4,D,C,Y,H,120,4,CA,CA,9.791454
tcr_20_4,D,C,Y,H,120,4,CA,CB,9.654667
tcr_20_4,D,C,Y,H,120,4,CA,CD2,9.62937
tcr_20_4,D,C,Y,E,120,6,CA,CG,7.467383
tcr_20_4,D,C,Y,E,120,6,CA,OE1,5.1100492
tcr_20_4,D,C,Y,E,120,6,CA,CD,6.027004
tcr_20_4,D,C,Y,E,120,6,CA,CB,8.604151
tcr_20_4,D,C,Y,E,120,6,CA,OE2,5.9854794
tcr_20_4,D,C,Y,E,120,6,CA,CA,9.176026
tcr_20_4,D,C,Y,E,120,6,CA,N,8.397613
tcr_20_4,D,C,Y,E,120,6,CA,C,9.775366
tcr_20_4,D,C,Y,E,120,6,CA,O,9.390359
tcr_20_4,D,C,Y,R,120,5,CA,NE,9.738462
tcr_20_4,D,C,Y,R,120,5,CA,CB,9.034394
tcr_20_4,D,C,Y,R,120,5,CA,CG,8.715196
tcr_20_4,D,C,Y,R,120,5,CA,CD,9.602194
tcr_20_4,D,C,Y,R,120,5,CA,C,9.078159
tcr_20_4,D,C,Y,R,120,5,C,CA,9.863932
tcr_20_4,D,C,Y,H,120,4,C,O,9.130491
tcr_20_4,D,C,Y,E,120,6,C,CG,8.6729555
tcr_20_4,D,C,Y,E,120,6,C,OE1,6.2756624
tcr_20_4,D,C,Y,E,120,6,C,CD,7.308115
tcr_20_4,D,C,Y,E,120,6,C,CB,9.908799
tcr_20_4,D,C,Y,E,120,6,C,OE2,7.4001126
tcr_20_4,D,C,Y,E,120,6,C,N,9.795651
tcr_20_4,D,C,Y,R,120,5,C,CG,9.937297
tcr_20_4,D,C,Y,H,120,4,O,O,9.670194
tcr_20_4,D,C,Y,E,120,6,O,CG,9.154388
tcr_20_4,D,C,Y,E,120,6,O,OE1,6.7898626
tcr_20_4,D,C,Y,E,120,6,O,CD,7.839804
tcr_20_4,D,C,Y,E,120,6,O,OE2,7.9820194
tcr_20_4,D,C,Y,R,120,5,O,CG,9.927281
tcr_20_4,D,C,Y,R,120,5,CB,O,9.573025
tcr_20_4,D,C,Y,R,120,5,CB,CA,7.9950566
tcr_20_4,D,C,Y,R,120,5,CB,N,8.74058
tcr_20_4,D,C,Y,H,120,4,CB,O,7.3227334
tcr_20_4,D,C,Y,H,120,4,CB,C,8.416915
tcr_20_4,D,C,Y,H,120,4,CB,CA,9.638511
tcr_20_4,D,C,Y,H,120,4,CB,CB,9.7423
tcr_20_4,D,C,Y,H,120,4,CB,CD2,9.87456
tcr_20_4,D,C,Y,E,120,6,CB,CG,6.1831555
tcr_20_4,D,C,Y,E,120,6,CB,OE1,3.786938
tcr_20_4,D,C,Y,E,120,6,CB,CD,4.829152
tcr_20_4,D,C,Y,E,120,6,CB,CB,7.4207077
tcr_20_4,D,C,Y,F,120,7,CB,N,9.764173
tcr_20_4,D,C,Y,E,120,6,CB,OE2,5.0219812
tcr_20_4,D,C,Y,E,120,6,CB,CA,8.131229
tcr_20_4,D,C,Y,E,120,6,CB,N,7.536945
tcr_20_4,D,C,Y,E,120,6,CB,C,8.685996
tcr_20_4,D,C,Y,E,120,6,CB,O,8.369306
tcr_20_4,D,C,Y,R,120,5,CB,NE,9.863096
tcr_20_4,D,C,Y,R,120,5,CB,CB,8.641105
tcr_20_4,D,C,Y,R,120,5,CB,CG,8.576101
tcr_20_4,D,C,Y,R,120,5,CB,CD,9.502684
tcr_20_4,D,C,Y,R,120,5,CB,C,8.372358
tcr_20_4,D,C,Y,R,120,5,CG,O,9.178354
tcr_20_4,D,C,Y,R,120,5,CG,CA,7.693302
tcr_20_4,D,C,Y,R,120,5,CG,N,8.642526
tcr_20_4,D,C,Y,H,120,4,CG,O,7.559824
tcr_20_4,D,C,Y,H,120,4,CG,C,8.546512
tcr_20_4,D,C,Y,H,120,4,CG,CA,9.899226
tcr_20_4,D,C,Y,H,120,4,CG,CD2,9.968944
tcr_20_4,D,C,Y,S,120,8,CG,N,9.86712
tcr_20_4,D,C,Y,E,120,6,CG,CG,5.823376
tcr_20_4,D,C,Y,F,120,7,CG,O,9.706146
tcr_20_4,D,C,Y,E,120,6,CG,OE1,3.4999607
tcr_20_4,D,C,Y,S,120,8,CG,CB,9.134611
tcr_20_4,D,C,Y,S,120,8,CG,OG,9.769609
tcr_20_4,D,C,Y,E,120,6,CG,CD,4.6224833
tcr_20_4,D,C,Y,E,120,6,CG,CB,7.182665
tcr_20_4,D,C,Y,F,120,7,CG,N,9.1312275
tcr_20_4,D,C,Y,E,120,6,CG,OE2,5.0296307
tcr_20_4,D,C,Y,E,120,6,CG,CA,7.770135
tcr_20_4,D,C,Y,F,120,7,CG,C,9.673176
tcr_20_4,D,C,Y,F,120,7,CG,CA,9.736888
tcr_20_4,D,C,Y,E,120,6,CG,N,7.2334614
tcr_20_4,D,C,Y,E,120,6,CG,C,8.070254
tcr_20_4,D,C,Y,E,120,6,CG,O,7.5936265
tcr_20_4,D,C,Y,R,120,5,CG,NE,9.268264
tcr_20_4,D,C,Y,R,120,5,CG,CB,8.129906
tcr_20_4,D,C,Y,R,120,5,CG,CG,8.1020775
tcr_20_4,D,C,Y,R,120,5,CG,CD,8.854648
tcr_20_4,D,C,Y,R,120,5,CG,C,8.030054
tcr_20_4,D,C,Y,R,120,5,CD1,CA,8.857471
tcr_20_4,D,C,Y,R,120,5,CD1,N,9.887232
tcr_20_4,D,C,Y,H,120,4,CD1,O,8.916784
tcr_20_4,D,C,Y,H,120,4,CD1,C,9.870233
tcr_20_4,D,C,Y,E,120,6,CD1,CG,6.7186775
tcr_20_4,D,C,Y,E,120,6,CD1,OE1,4.516433
tcr_20_4,D,C,Y,S,120,8,CD1,CB,9.12685
tcr_20_4,D,C,Y,S,120,8,CD1,OG,9.612411
tcr_20_4,D,C,Y,E,120,6,CD1,CD,5.702067
tcr_20_4,D,C,Y,E,120,6,CD1,CB,8.168799
tcr_20_4,D,C,Y,F,120,7,CD1,N,9.887922
tcr_20_4,D,C,Y,E,120,6,CD1,OE2,6.270947
tcr_20_4,D,C,Y,E,120,6,CD1,CA,8.780991
tcr_20_4,D,C,Y,E,120,6,CD1,N,8.35397
tcr_20_4,D,C,Y,E,120,6,CD1,C,8.907756
tcr_20_4,D,C,Y,E,120,6,CD1,O,8.357724
tcr_20_4,D,C,Y,R,120,5,CD1,CB,9.160481
tcr_20_4,D,C,Y,R,120,5,CD1,CG,9.114238
tcr_20_4,D,C,Y,R,120,5,CD1,CD,9.707885
tcr_20_4,D,C,Y,R,120,5,CD1,C,9.152238
tcr_20_4,D,C,Y,R,120,5,CD2,O,7.8874874
tcr_20_4,D,C,Y,R,120,5,CD2,CA,6.42379
tcr_20_4,D,C,Y,R,120,5,CD2,N,7.4675746
tcr_20_4,D,C,Y,H,120,4,CD2,O,6.6246867
tcr_20_4,D,C,Y,H,120,4,CD2,C,7.5142264
tcr_20_4,D,C,Y,H,120,4,CD2,CA,8.93889
tcr_20_4,D,C,Y,H,120,4,CD2,CB,9.249212
tcr_20_4,D,C,Y,H,120,4,CD2,CG,9.662696
tcr_20_4,D,C,Y,H,120,4,CD2,CD2,8.992736
tcr_20_4,D,C,Y,S,120,8,CD2,N,8.889954
tcr_20_4,D,C,Y,S,120,8,CD2,CA,9.405027
tcr_20_4,D,C,Y,E,120,6,CD2,CG,4.9643354
tcr_20_4,D,C,Y,F,120,7,CD2,O,8.804929
tcr_20_4,D,C,Y,E,120,6,CD2,OE1,2.859271
tcr_20_4,D,C,Y,S,120,8,CD2,CB,8.430282
tcr_20_4,D,C,Y,S,120,8,CD2,OG,9.231067
tcr_20_4,D,C,Y,E,120,6,CD2,CD,3.7929232
tcr_20_4,D,C,Y,E,120,6,CD2,CB,6.257792
tcr_20_4,D,C,Y,F,120,7,CD2,N,7.9821496
tcr_20_4,D,C,Y,E,120,6,CD2,OE2,4.1579456
tcr_20_4,D,C,Y,E,120,6,CD2,CA,6.6460814
tcr_20_4,D,C,Y,F,120,7,CD2,C,8.664495
tcr_20_4,D,C,Y,F,120,7,CD2,CA,8.585681
tcr_20_4,D,C,Y,E,120,6,CD2,N,6.043608
tcr_20_4,D,C,Y,E,120,6,CD2,C,6.8673706
tcr_20_4,D,C,Y,E,120,6,CD2,O,6.3076015
tcr_20_4,D,C,Y,R,120,5,CD2,CZ,8.982452
tcr_20_4,D,C,Y,R,120,5,CD2,NE,8.0787325
tcr_20_4,D,C,Y,R,120,5,CD2,NH1,9.465233
tcr_20_4,D,C,Y,R,120,5,CD2,NH2,9.638725
tcr_20_4,D,C,Y,R,120,5,CD2,CB,6.782451
tcr_20_4,D,C,Y,R,120,5,CD2,CG,6.8221574
tcr_20_4,D,C,Y,R,120,5,CD2,CD,7.558532
tcr_20_4,D,C,Y,R,120,5,CD2,C,6.764042
tcr_20_4,D,C,Y,R,120,5,CE1,CA,8.940246
tcr_20_4,D,C,Y,H,120,4,CE1,O,9.416572
tcr_20_4,D,C,Y,S,120,8,CE1,N,9.501432
tcr_20_4,D,C,Y,S,120,8,CE1,CA,9.67374
tcr_20_4,D,C,Y,E,120,6,CE1,CG,6.854926
tcr_20_4,D,C,Y,F,120,7,CE1,O,9.835289
tcr_20_4,D,C,Y,E,120,6,CE1,OE1,4.937446
tcr_20_4,D,C,Y,S,120,8,CE1,CB,8.404191
tcr_20_4,D,C,Y,S,120,8,CE1,OG,8.883123
tcr_20_4,D,C,Y,E,120,6,CE1,CD,6.0493274
tcr_20_4,D,C,Y,E,120,6,CE1,CB,8.326379
tcr_20_4,D,C,Y,F,120,7,CE1,N,9.61501
tcr_20_4,D,C,Y,E,120,6,CE1,OE2,6.729866
tcr_20_4,D,C,Y,E,120,6,CE1,CA,8.808627
tcr_20_4,D,C,Y,F,120,7,CE1,C,9.639274
tcr_20_4,D,C,Y,F,120,7,CE1,CA,9.871192
tcr_20_4,D,C,Y,E,120,6,CE1,N,8.453982
tcr_20_4,D,C,Y,E,120,6,CE1,C,8.693679
tcr_20_4,D,C,Y,E,120,6,CE1,O,8.011763
tcr_20_4,D,C,Y,R,120,5,CE1,NE,9.84539
tcr_20_4,D,C,Y,R,120,5,CE1,CB,9.045975
tcr_20_4,D,C,Y,R,120,5,CE1,CG,9.0353365
tcr_20_4,D,C,Y,R,120,5,CE1,CD,9.439889
tcr_20_4,D,C,Y,R,120,5,CE1,C,9.186295
tcr_20_4,D,C,Y,R,120,5,CE2,O,7.813031
tcr_20_4,D,C,Y,R,120,5,CE2,CA,6.53095
tcr_20_4,D,C,Y,R,120,5,CE2,N,7.742472
tcr_20_4,D,C,Y,H,120,4,CE2,O,7.2775664
tcr_20_4,D,C,Y,H,120,4,CE2,C,8.017264
tcr_20_4,D,C,Y,H,120,4,CE2,CA,9.506655
tcr_20_4,D,C,Y,H,120,4,CE2,CB,9.904183
tcr_20_4,D,C,Y,H,120,4,CE2,CD2,9.403967
tcr_20_4,D,C,Y,F,120,7,CE2,CB,9.462748
tcr_20_4,D,C,Y,S,120,8,CE2,N,8.1370735
tcr_20_4,D,C,Y,S,120,8,CE2,CA,8.642617
tcr_20_4,D,C,Y,S,120,8,CE2,C,9.715887
tcr_20_4,D,C,Y,S,120,8,CE2,O,9.602006
tcr_20_4,D,C,Y,E,120,6,CE2,CG,5.14163
tcr_20_4,D,C,Y,F,120,7,CE2,O,8.383668
tcr_20_4,D,C,Y,E,120,6,CE2,OE1,3.4822567
tcr_20_4,D,C,Y,S,120,8,CE2,CB,7.6396856
tcr_20_4,D,C,Y,S,120,8,CE2,OG,8.467495
tcr_20_4,D,C,Y,E,120,6,CE2,CD,4.2918377
tcr_20_4,D,C,Y,E,120,6,CE2,CB,6.455977
tcr_20_4,D,C,Y,F,120,7,CE2,N,7.6353374
tcr_20_4,D,C,Y,E,120,6,CE2,OE2,4.816495
tcr_20_4,D,C,Y,E,120,6,CE2,CA,6.675871
tcr_20_4,D,C,Y,F,120,7,CE2,C,8.084988
tcr_20_4,D,C,Y,F,120,7,CE2,CA,8.023343
tcr_20_4,D,C,Y,E,120,6,CE2,N,6.174262
tcr_20_4,D,C,Y,E,120,6,CE2,C,6.5808916
tcr_20_4,D,C,Y,E,120,6,CE2,O,5.835197
tcr_20_4,D,C,Y,R,120,5,CE2,CZ,8.563563
tcr_20_4,D,C,Y,R,120,5,CE2,NE,7.7837315
tcr_20_4,D,C,Y,R,120,5,CE2,NH1,8.875466
tcr_20_4,D,C,Y,R,120,5,CE2,NH2,9.291162
tcr_20_4,D,C,Y,R,120,5,CE2,CB,6.6209054
tcr_20_4,D,C,Y,R,120,5,CE2,CG,6.711143
tcr_20_4,D,C,Y,R,120,5,CE2,CD,7.206529
tcr_20_4,D,C,Y,R,120,5,CE2,C,6.8031917
tcr_20_4,D,C,Y,R,120,5,CZ,O,9.053042
tcr_20_4,D,C,Y,R,120,5,CZ,CA,7.873673
tcr_20_4,D,C,Y,R,120,5,CZ,N,9.116099
tcr_20_4,D,C,Y,H,120,4,CZ,O,8.681075
tcr_20_4,D,C,Y,H,120,4,CZ,C,9.419593
tcr_20_4,D,C,Y,S,120,8,CZ,N,8.469808
tcr_20_4,D,C,Y,S,120,8,CZ,CA,8.782944
tcr_20_4,D,C,Y,S,120,8,CZ,C,9.742316
tcr_20_4,D,C,Y,S,120,8,CZ,O,9.57733
tcr_20_4,D,C,Y,E,120,6,CZ,CG,6.1266727
tcr_20_4,D,C,Y,F,120,7,CZ,O,8.931917
tcr_20_4,D,C,Y,E,120,6,CZ,OE1,4.4907575
tcr_20_4,D,C,Y,S,120,8,CZ,CB,7.6175814
tcr_20_4,D,C,Y,S,120,8,CZ,OG,8.270995
tcr_20_4,D,C,Y,E,120,6,CZ,CD,5.428266
tcr_20_4,D,C,Y,E,120,6,CZ,CB,7.5294743
tcr_20_4,D,C,Y,F,120,7,CZ,N,8.520445
tcr_20_4,D,C,Y,E,120,6,CZ,OE2,6.095642
tcr_20_4,D,C,Y,E,120,6,CZ,CA,7.8247356
tcr_20_4,D,C,Y,F,120,7,CZ,C,8.613551
tcr_20_4,D,C,Y,F,120,7,CZ,CA,8.727255
tcr_20_4,D,C,Y,E,120,6,CZ,N,7.454111
tcr_20_4,D,C,Y,E,120,6,CZ,C,7.5805717
tcr_20_4,D,C,Y,E,120,6,CZ,O,6.7978253
tcr_20_4,D,C,Y,R,120,5,CZ,CZ,9.386466
tcr_20_4,D,C,Y,R,120,5,CZ,NE,8.746436
tcr_20_4,D,C,Y,R,120,5,CZ,NH1,9.607097
tcr_20_4,D,C,Y,R,120,5,CZ,CB,7.859732
tcr_20_4,D,C,Y,R,120,5,CZ,CG,7.914113
tcr_20_4,D,C,Y,R,120,5,CZ,CD,8.24522
tcr_20_4,D,C,Y,R,120,5,CZ,C,8.098746
tcr_20_4,D,C,Y,R,120,5,OH,O,9.291007
tcr_20_4,D,C,Y,R,120,5,OH,CA,8.306493
tcr_20_4,D,C,Y,R,120,5,OH,N,9.636358
tcr_20_4,D,C,Y,H,120,4,OH,O,9.478314
tcr_20_4,D,C,Y,F,120,7,OH,CB,9.89472
tcr_20_4,D,C,Y,S,120,8,OH,N,8.024847
tcr_20_4,D,C,Y,S,120,8,OH,CA,8.294742
tcr_20_4,D,C,Y,S,120,8,OH,C,9.083263
tcr_20_4,D,C,Y,S,120,8,OH,O,8.783926
tcr_20_4,D,C,Y,E,120,6,OH,CG,6.6770573
tcr_20_4,D,C,Y,F,120,7,OH,O,8.819952
tcr_20_4,D,C,Y,E,120,6,OH,OE1,5.425248
tcr_20_4,D,C,Y,S,120,8,OH,CB,7.1246066
tcr_20_4,D,C,Y,S,120,8,OH,OG,7.763676
tcr_20_4,D,C,Y,E,120,6,OH,CD,6.2284083
tcr_20_4,D,C,Y,E,120,6,OH,CB,8.026027
tcr_20_4,D,C,Y,F,120,7,OH,N,8.518941
tcr_20_4,D,C,Y,E,120,6,OH,OE2,6.9547467
tcr_20_4,D,C,Y,E,120,6,OH,CA,8.182656
tcr_20_4,D,C,Y,F,120,7,OH,C,8.359334
tcr_20_4,D,C,Y,F,120,7,OH,CA,8.502724
tcr_20_4,D,C,Y,E,120,6,OH,N,7.9105067
tcr_20_4,D,C,Y,E,120,6,OH,C,7.6845884
tcr_20_4,D,C,Y,E,120,6,OH,O,6.7855115
tcr_20_4,D,C,Y,R,120,5,OH,CZ,9.330978
tcr_20_4,D,C,Y,R,120,5,OH,NE,8.8307495
tcr_20_4,D,C,Y,R,120,5,OH,NH1,9.3734
tcr_20_4,D,C,Y,R,120,5,OH,CB,8.08666
tcr_20_4,D,C,Y,R,120,5,OH,CG,8.186575
tcr_20_4,D,C,Y,R,120,5,OH,CD,8.2970495
tcr_20_4,D,C,Y,R,120,5,OH,C,8.463803
tcr_20_4,D,C,N,H,121,4,N,O,9.942484
tcr_20_4,D,C,N,E,121,6,N,CG,9.372759
tcr_20_4,D,C,N,E,121,6,N,OE1,6.9842653
tcr_20_4,D,C,N,E,121,6,N,CD,8.033273
tcr_20_4,D,C,N,E,121,6,N,OE2,8.14734
tcr_20_4,D,C,N,E,121,6,CA,OE1,8.207008
tcr_20_4,D,C,N,E,121,6,CA,CD,9.313973
tcr_20_4,D,C,N,E,121,6,CA,OE2,9.513609
tcr_20_4,D,C,N,E,121,6,C,OE1,9.489961
tcr_20_4,D,C,N,E,121,6,CB,OE1,8.327423
tcr_20_4,D,C,N,E,121,6,CB,CD,9.477391
tcr_20_4,D,C,N,E,121,6,CB,OE2,9.818259
tcr_20_4,D,C,N,E,121,6,CG,CG,9.916383
tcr_20_4,D,C,N,E,121,6,CG,OE1,7.6878047
tcr_20_4,D,C,N,E,121,6,CG,CD,8.89869
tcr_20_4,D,C,N,E,121,6,CG,OE2,9.413209
tcr_20_4,D,C,N,E,121,6,OD1,CG,9.632227
tcr_20_4,D,C,N,E,121,6,OD1,OE1,7.399093
tcr_20_4,D,C,N,E,121,6,OD1,CD,8.633928
tcr_20_4,D,C,N,E,121,6,OD1,OE2,9.188066
tcr_20_4,D,C,N,E,121,6,ND2,CG,9.873709
tcr_20_4,D,C,N,E,121,6,ND2,OE1,7.795335
tcr_20_4,D,C,N,E,121,6,ND2,CD,8.994083
tcr_20_4,D,C,N,E,121,6,ND2,OE2,9.611803
tcr_20_4,D,C,D,E,122,6,N,OE1,9.5822315
tcr_20_4,E,C,N,F,47,9,CA,O,9.616595
tcr_20_4,E,C,N,F,47,9,C,C,9.889985
tcr_20_4,E,C,N,F,47,9,C,O,8.839066
tcr_20_4,E,C,N,S,47,8,C,CB,9.974634
tcr_20_4,E,C,N,S,47,8,C,OG,9.017304
tcr_20_4,E,C,N,F,47,9,O,N,9.86153
tcr_20_4,E,C,N,S,47,8,O,C,9.687868
tcr_20_4,E,C,N,S,47,8,O,O,9.529644
tcr_20_4,E,C,N,F,47,9,O,CA,9.943334
tcr_20_4,E,C,N,F,47,9,O,C,8.679909
tcr_20_4,E,C,N,F,47,9,O,O,7.6370406
tcr_20_4,E,C,N,F,47,9,O,OXT,8.880726
tcr_20_4,E,C,N,S,47,8,O,CB,8.862824
tcr_20_4,E,C,N,S,47,8,O,OG,7.905812
tcr_20_4,E,C,N,F,47,9,CB,C,9.950064
tcr_20_4,E,C,N,F,47,9,CB,O,9.036149
tcr_20_4,E,C,N,F,47,9,CB,OXT,9.847844
tcr_20_4,E,C,N,F,47,9,CG,C,9.149151
tcr_20_4,E,C,N,F,47,9,CG,O,8.20945
tcr_20_4,E,C,N,F,47,9,CG,OXT,9.081989
tcr_20_4,E,C,N,S,47,8,CG,OG,9.605997
tcr_20_4,E,C,N,F,47,9,OD1,C,9.07428
tcr_20_4,E,C,N,F,47,9,OD1,O,8.040959
tcr_20_4,E,C,N,F,47,9,OD1,OXT,9.16019
tcr_20_4,E,C,N,S,47,8,OD1,OG,9.147738
tcr_20_4,E,C,N,F,47,9,ND2,C,8.789256
tcr_20_4,E,C,N,F,47,9,ND2,O,7.9669075
tcr_20_4,E,C,N,F,47,9,ND2,OXT,8.5709715
tcr_20_4,E,C,N,S,47,8,ND2,OG,9.866396
tcr_20_4,E,C,H,F,48,9,N,O,9.712713
tcr_20_4,E,C,H,S,48,8,N,OG,9.422459
tcr_20_4,E,C,H,F,48,9,CA,O,9.516607
tcr_20_4,E,C,H,S,48,8,CA,CB,9.468607
tcr_20_4,E,C,H,S,48,8,CA,OG,8.698958
tcr_20_4,E,C,H,F,48,9,C,O,9.265017
tcr_20_4,E,C,H,S,48,8,C,CB,8.96531
tcr_20_4,E,C,H,S,48,8,C,OG,8.110821
tcr_20_4,E,C,H,S,48,8,O,CB,9.830613
tcr_20_4,E,C,H,S,48,8,O,OG,8.906647
tcr_20_4,E,C,H,S,48,8,CB,OG,9.799073
tcr_20_4,E,C,E,S,49,8,N,CA,9.148567
tcr_20_4,E,C,E,F,49,9,N,N,9.810975
tcr_20_4,E,C,E,S,49,8,N,C,9.417953
tcr_20_4,E,C,E,S,49,8,N,O,9.505262
tcr_20_4,E,C,E,F,49,9,N,C,9.559707
tcr_20_4,E,C,E,F,49,9,N,O,8.395539
tcr_20_4,E,C,E,S,49,8,N,CB,7.7146473
tcr_20_4,E,C,E,S,49,8,N,OG,6.898499
tcr_20_4,E,C,E,S,49,8,CA,N,9.781041
tcr_20_4,E,C,E,S,49,8,CA,CA,8.810705
tcr_20_4,E,C,E,F,49,9,CA,N,9.569616
tcr_20_4,E,C,E,S,49,8,CA,C,9.243989
tcr_20_4,E,C,E,S,49,8,CA,O,9.513159
tcr_20_4,E,C,E,F,49,9,CA,C,9.571432
tcr_20_4,E,C,E,F,49,9,CA,O,8.373364
tcr_20_4,E,C,E,E,49,6,CA,OE1,9.644885
tcr_20_4,E,C,E,S,49,8,CA,CB,7.3798757
tcr_20_4,E,C,E,S,49,8,CA,OG,6.504997
tcr_20_4,E,C,E,S,49,8,C,CA,9.592209
tcr_20_4,E,C,E,F,49,9,C,O,9.68529
tcr_20_4,E,C,E,E,49,6,C,OE1,9.14535
tcr_20_4,E,C,E,S,49,8,C,CB,8.120764
tcr_20_4,E,C,E,S,49,8,C,OG,7.4038515
tcr_20_4,E,C,E,E,49,6,O,OE1,9.420533
tcr_20_4,E,C,E,S,49,8,O,CB,8.730922
tcr_20_4,E,C,E,S,49,8,O,OG,7.971859
tcr_20_4,E,C,E,S,49,8,CB,N,8.303854
tcr_20_4,E,C,E,S,49,8,CB,CA,7.317708
tcr_20_4,E,C,E,F,49,9,CB,N,8.157649
tcr_20_4,E,C,E,S,49,8,CB,C,7.8166513
tcr_20_4,E,C,E,S,49,8,CB,O,8.159344
tcr_20_4,E,C,E,F,49,9,CB,CA,8.973564
tcr_20_4,E,C,E,F,49,9,CB,C,8.379373
tcr_20_4,E,C,E,F,49,9,CB,O,7.2079787
tcr_20_4,E,C,E,F,49,9,CB,CB,9.948018
tcr_20_4,E,C,E,F,49,9,CB,OXT,9.265944
tcr_20_4,E,C,E,E,49,6,CB,CG,8.995351
tcr_20_4,E,C,E,F,49,7,CB,O,8.792769
tcr_20_4,E,C,E,E,49,6,CB,OE1,8.680597
tcr_20_4,E,C,E,S,49,8,CB,CB,5.8973413
tcr_20_4,E,C,E,S,49,8,CB,OG,5.020814
tcr_20_4,E,C,E,E,49,6,CB,CD,9.431423
tcr_20_4,E,C,E,F,49,7,CB,C,8.954461
tcr_20_4,E,C,E,S,49,8,CG,N,7.820076
tcr_20_4,E,C,E,S,49,8,CG,CA,6.674615
tcr_20_4,E,C,E,F,49,9,CG,N,7.1138053
tcr_20_4,E,C,E,F,49,9,CG,CG,9.809308
tcr_20_4,E,C,E,S,49,8,CG,C,6.9175224
tcr_20_4,E,C,E,S,49,8,CG,O,7.2505703
tcr_20_4,E,C,E,F,49,9,CG,CA,7.768518
tcr_20_4,E,C,E,F,49,9,CG,C,7.038183
tcr_20_4,E,C,E,F,49,9,CG,O,5.832643
tcr_20_4,E,C,E,F,49,9,CG,CB,8.725153
tcr_20_4,E,C,E,F,49,9,CG,OXT,7.8697767
tcr_20_4,E,C,E,E,49,6,CG,CG,9.492224
tcr_20_4,E,C,E,F,49,7,CG,O,8.525133
tcr_20_4,E,C,E,E,49,6,CG,OE1,9.508579
tcr_20_4,E,C,E,S,49,8,CG,CB,5.3804274
tcr_20_4,E,C,E,S,49,8,CG,OG,4.2811193
tcr_20_4,E,C,E,F,49,7,CG,C,8.623254
tcr_20_4,E,C,E,F,49,7,CG,CA,9.917417
tcr_20_4,E,C,E,S,49,8,CD,N,7.4685726
tcr_20_4,E,C,E,S,49,8,CD,CA,6.397746
tcr_20_4,E,C,E,F,49,9,CD,N,6.7504635
tcr_20_4,E,C,E,F,49,9,CD,CG,9.553163
tcr_20_4,E,C,E,S,49,8,CD,C,6.422618
tcr_20_4,E,C,E,S,49,8,CD,O,6.5070276
tcr_20_4,E,C,E,F,49,9,CD,CA,7.277756
tcr_20_4,E,C,E,F,49,9,CD,C,6.4260435
tcr_20_4,E,C,E,F,49,9,CD,O,5.288061
tcr_20_4,E,C,E,F,49,9,CD,CB,8.417821
tcr_20_4,E,C,E,F,49,9,CD,OXT,7.1205997
tcr_20_4,E,C,E,E,49,6,CD,CG,9.681595
tcr_20_4,E,C,E,F,49,7,CD,O,8.557238
tcr_20_4,E,C,E,E,49,6,CD,OE1,9.720858
tcr_20_4,E,C,E,S,49,8,CD,CB,5.1222677
tcr_20_4,E,C,E,S,49,8,CD,OG,4.1707163
tcr_20_4,E,C,E,F,49,7,CD,C,8.435365
tcr_20_4,E,C,E,F,49,7,CD,CA,9.629529
tcr_20_4,E,C,E,S,49,8,OE1,N,7.199926
tcr_20_4,E,C,E,F,49,9,OE1,CD2,9.265875
tcr_20_4,E,C,E,S,49,8,OE1,CA,6.0415535
tcr_20_4,E,C,E,F,49,9,OE1,N,5.9854264
tcr_20_4,E,C,E,F,49,9,OE1,CG,8.679625
tcr_20_4,E,C,E,S,49,8,OE1,C,5.791752
tcr_20_4,E,C,E,F,49,9,OE1,CD1,9.447389
tcr_20_4,E,C,E,S,49,8,OE1,O,5.8328347
tcr_20_4,E,C,E,F,49,9,OE1,CA,6.3211403
tcr_20_4,E,C,E,F,49,9,OE1,C,5.3309383
tcr_20_4,E,C,E,F,49,9,OE1,O,4.1965523
tcr_20_4,E,C,E,F,49,9,OE1,CB,7.4562287
tcr_20_4,E,C,E,F,49,9,OE1,OXT,5.9437094
tcr_20_4,E,C,E,F,49,7,OE1,O,8.457507
tcr_20_4,E,C,E,S,49,8,OE1,CB,4.9757485
tcr_20_4,E,C,E,S,49,8,OE1,OG,3.9404702
tcr_20_4,E,C,E,F,49,7,OE1,C,8.273512
tcr_20_4,E,C,E,F,49,7,OE1,CA,9.493245
tcr_20_4,E,C,E,S,49,8,OE2,N,7.697194
tcr_20_4,E,C,E,S,49,8,OE2,CA,6.81092
tcr_20_4,E,C,E,F,49,9,OE2,N,7.429274
tcr_20_4,E,C,E,S,49,8,OE2,C,6.905056
tcr_20_4,E,C,E,S,49,8,OE2,O,6.828686
tcr_20_4,E,C,E,F,49,9,OE2,CA,8.001984
tcr_20_4,E,C,E,F,49,9,OE2,C,7.197896
tcr_20_4,E,C,E,F,49,9,OE2,O,6.1501284
tcr_20_4,E,C,E,F,49,9,OE2,CB,9.254399
tcr_20_4,E,C,E,F,49,9,OE2,OXT,7.837496
tcr_20_4,E,C,E,E,49,6,OE2,CG,9.54059
tcr_20_4,E,C,E,F,49,7,OE2,O,8.880386
tcr_20_4,E,C,E,E,49,6,OE2,OE1,9.34546
tcr_20_4,E,C,E,S,49,8,OE2,CB,5.4498405
tcr_20_4,E,C,E,S,49,8,OE2,OG,4.770832
tcr_20_4,E,C,E,F,49,7,OE2,C,8.655343
tcr_20_4,E,C,E,F,49,7,OE2,CA,9.714348
tcr_20_4,E,C,E,E,49,6,OE2,O,9.870466
tcr_20_4,E,C,Y,S,50,8,N,CA,9.869666
tcr_20_4,E,C,Y,E,50,6,N,CG,9.832278
tcr_20_4,E,C,Y,E,50,6,N,OE1,8.704301
tcr_20_4,E,C,Y,S,50,8,N,CB,8.356355
tcr_20_4,E,C,Y,S,50,8,N,OG,7.8247137
tcr_20_4,E,C,Y,E,50,6,N,CD,9.756548
tcr_20_4,E,C,Y,E,50,6,CA,CG,9.885504
tcr_20_4,E,C,Y,E,50,6,CA,OE1,8.4641695
tcr_20_4,E,C,Y,S,50,8,CA,CB,9.27533
tcr_20_4,E,C,Y,S,50,8,CA,OG,8.873938
tcr_20_4,E,C,Y,E,50,6,CA,CD,9.603192
tcr_20_4,E,C,Y,E,50,6,C,OE1,9.813906
tcr_20_4,E,C,Y,E,50,6,CB,CG,8.999457
tcr_20_4,E,C,Y,E,50,6,CB,OE1,7.377063
tcr_20_4,E,C,Y,S,50,8,CB,CB,8.995706
tcr_20_4,E,C,Y,S,50,8,CB,OG,8.825859
tcr_20_4,E,C,Y,E,50,6,CB,CD,8.560128
tcr_20_4,E,C,Y,E,50,6,CB,OE2,9.51958
tcr_20_4,E,C,Y,S,50,8,CG,N,9.642993
tcr_20_4,E,C,Y,S,50,8,CG,CA,9.327423
tcr_20_4,E,C,Y,E,50,6,CG,CG,7.498814
tcr_20_4,E,C,Y,F,50,7,CG,O,9.745716
tcr_20_4,E,C,Y,E,50,6,CG,OE1,5.9460344
tcr_20_4,E,C,Y,S,50,8,CG,CB,7.875909
tcr_20_4,E,C,Y,S,50,8,CG,OG,7.829504
tcr_20_4,E,C,Y,E,50,6,CG,CD,7.1052294
tcr_20_4,E,C,Y,E,50,6,CG,CB,9.025843
tcr_20_4,E,C,Y,E,50,6,CG,OE2,8.107873
tcr_20_4,E,C,Y,E,50,6,CG,CA,9.943356
tcr_20_4,E,C,Y,F,50,7,CG,C,9.86542
tcr_20_4,E,C,Y,E,50,6,CG,C,9.828282
tcr_20_4,E,C,Y,E,50,6,CG,O,9.450834
tcr_20_4,E,C,Y,S,50,8,CD1,N,9.923527
tcr_20_4,E,C,Y,S,50,8,CD1,CA,9.732047
tcr_20_4,E,C,Y,E,50,6,CD1,CG,6.9468966
tcr_20_4,E,C,Y,F,50,7,CD1,O,9.746632
tcr_20_4,E,C,Y,E,50,6,CD1,OE1,5.169321
tcr_20_4,E,C,Y,S,50,8,CD1,CB,8.366652
tcr_20_4,E,C,Y,S,50,8,CD1,OG,8.446087
tcr_20_4,E,C,Y,E,50,6,CD1,CD,6.371837
tcr_20_4,E,C,Y,E,50,6,CD1,CB,8.451599
tcr_20_4,E,C,Y,E,50,6,CD1,OE2,7.2866488
tcr_20_4,E,C,Y,E,50,6,CD1,CA,9.458949
tcr_20_4,E,C,Y,F,50,7,CD1,C,9.959499
tcr_20_4,E,C,Y,E,50,6,CD1,N,9.474919
tcr_20_4,E,C,Y,E,50,6,CD1,C,9.557578
tcr_20_4,E,C,Y,E,50,6,CD1,O,9.275265
tcr_20_4,E,C,Y,S,50,8,CD2,N,8.355419
tcr_20_4,E,C,Y,S,50,8,CD2,CA,7.990559
tcr_20_4,E,C,Y,F,50,9,CD2,N,9.7238245
tcr_20_4,E,C,Y,S,50,8,CD2,C,8.928829
tcr_20_4,E,C,Y,S,50,8,CD2,O,9.1118355
tcr_20_4,E,C,Y,F,50,9,CD2,O,9.66786
tcr_20_4,E,C,Y,E,50,6,CD2,CG,6.861146
tcr_20_4,E,C,Y,F,50,7,CD2,O,8.604216
tcr_20_4,E,C,Y,E,50,6,CD2,OE1,5.672615
tcr_20_4,E,C,Y,S,50,8,CD2,CB,6.518753
tcr_20_4,E,C,Y,S,50,8,CD2,OG,6.471531
tcr_20_4,E,C,Y,E,50,6,CD2,CD,6.712804
tcr_20_4,E,C,Y,E,50,6,CD2,CB,8.3655
tcr_20_4,E,C,Y,F,50,7,CD2,N,9.431253
tcr_20_4,E,C,Y,E,50,6,CD2,OE2,7.8160996
tcr_20_4,E,C,Y,E,50,6,CD2,CA,9.215086
tcr_20_4,E,C,Y,F,50,7,CD2,C,8.669013
tcr_20_4,E,C,Y,F,50,7,CD2,CA,9.449665
tcr_20_4,E,C,Y,E,50,6,CD2,N,9.436504
tcr_20_4,E,C,Y,E,50,6,CD2,C,8.929442
tcr_20_4,E,C,Y,E,50,6,CD2,O,8.534901
tcr_20_4,E,C,Y,R,50,5,CE1,CA,9.516223
tcr_20_4,E,C,Y,H,50,4,CE1,O,9.419934
tcr_20_4,E,C,Y,S,50,8,CE1,N,9.006394
tcr_20_4,E,C,Y,S,50,8,CE1,CA,8.921471
tcr_20_4,E,C,Y,E,50,6,CE1,CG,5.6051555
tcr_20_4,E,C,Y,F,50,7,CE1,O,8.628559
tcr_20_4,E,C,Y,E,50,6,CE1,OE1,3.8876188
tcr_20_4,E,C,Y,S,50,8,CE1,CB,7.6618185
tcr_20_4,E,C,Y,S,50,8,CE1,OG,7.8876224
tcr_20_4,E,C,Y,E,50,6,CE1,CD,5.053611
tcr_20_4,E,C,Y,E,50,6,CE1,CB,7.0889754
tcr_20_4,E,C,Y,F,50,7,CE1,N,9.030089
tcr_20_4,E,C,Y,E,50,6,CE1,OE2,6.0050163
tcr_20_4,E,C,Y,E,50,6,CE1,CA,8.152614
tcr_20_4,E,C,Y,F,50,7,CE1,C,8.9016
tcr_20_4,E,C,Y,F,50,7,CE1,CA,9.477804
tcr_20_4,E,C,Y,E,50,6,CE1,N,8.212627
tcr_20_4,E,C,Y,E,50,6,CE1,C,8.340741
tcr_20_4,E,C,Y,E,50,6,CE1,O,8.157858
tcr_20_4,E,C,Y,R,50,5,CE1,C,9.322328
tcr_20_4,E,C,Y,R,50,5,CE2,CA,9.606138
tcr_20_4,E,C,Y,F,50,7,CE2,CB,9.686685
tcr_20_4,E,C,Y,S,50,8,CE2,N,7.2359414
tcr_20_4,E,C,Y,S,50,8,CE2,CA,6.9710383
tcr_20_4,E,C,Y,F,50,9,CE2,N,8.883592
tcr_20_4,E,C,Y,S,50,8,CE2,C,8.0563345
tcr_20_4,E,C,Y,S,50,8,CE2,O,8.323416
tcr_20_4,E,C,Y,F,50,9,CE2,O,9.193822
tcr_20_4,E,C,Y,E,50,6,CE2,CG,5.5027614
tcr_20_4,E,C,Y,F,50,7,CE2,O,7.3074136
tcr_20_4,E,C,Y,E,50,6,CE2,OE1,4.5460076
tcr_20_4,E,C,Y,S,50,8,CE2,CB,5.5749087
tcr_20_4,E,C,Y,S,50,8,CE2,OG,5.7099147
tcr_20_4,E,C,Y,E,50,6,CE2,CD,5.4858203
tcr_20_4,E,C,Y,E,50,6,CE2,CB,6.9893155
tcr_20_4,E,C,Y,F,50,7,CE2,N,8.098395
tcr_20_4,E,C,Y,E,50,6,CE2,OE2,6.6472363
tcr_20_4,E,C,Y,E,50,6,CE2,CA,7.872471
tcr_20_4,E,C,Y,F,50,7,CE2,C,7.424545
tcr_20_4,E,C,Y,F,50,7,CE2,CA,8.189205
tcr_20_4,E,C,Y,E,50,6,CE2,N,8.17531
tcr_20_4,E,C,Y,E,50,6,CE2,C,7.615391
tcr_20_4,E,C,Y,E,50,6,CE2,O,7.3089314
tcr_20_4,E,C,Y,R,50,5,CE2,CB,9.97644
tcr_20_4,E,C,Y,R,50,5,CE2,C,9.222005
tcr_20_4,E,C,Y,R,50,5,CZ,O,9.511961
tcr_20_4,E,C,Y,R,50,5,CZ,CA,8.952064
tcr_20_4,E,C,Y,H,50,4,CZ,O,9.185674
tcr_20_4,E,C,Y,F,50,7,CZ,CB,9.730255
tcr_20_4,E,C,Y,S,50,8,CZ,N,7.6210337
tcr_20_4,E,C,Y,S,50,8,CZ,CA,7.5204763
tcr_20_4,E,C,Y,F,50,9,CZ,N,9.593853
tcr_20_4,E,C,Y,S,50,8,CZ,C,8.76233
tcr_20_4,E,C,Y,S,50,8,CZ,O,9.108468
tcr_20_4,E,C,Y,E,50,6,CZ,CG,4.738409
tcr_20_4,E,C,Y,F,50,7,CZ,O,7.3271766
tcr_20_4,E,C,Y,E,50,6,CZ,OE1,3.4783266
tcr_20_4,E,C,Y,S,50,8,CZ,CB,6.265764
tcr_20_4,E,C,Y,S,50,8,CZ,OG,6.5471196
tcr_20_4,E,C,Y,E,50,6,CZ,CD,4.506079
tcr_20_4,E,C,Y,E,50,6,CZ,CB,6.244693
tcr_20_4,E,C,Y,F,50,7,CZ,N,7.8685617
tcr_20_4,E,C,Y,E,50,6,CZ,OE2,5.623669
tcr_20_4,E,C,Y,E,50,6,CZ,CA,7.2627544
tcr_20_4,E,C,Y,F,50,7,CZ,C,7.5653176
tcr_20_4,E,C,Y,F,50,7,CZ,CA,8.208265
tcr_20_4,E,C,Y,E,50,6,CZ,N,7.483536
tcr_20_4,E,C,Y,E,50,6,CZ,C,7.274474
tcr_20_4,E,C,Y,E,50,6,CZ,O,7.089749
tcr_20_4,E,C,Y,R,50,5,CZ,CB,9.502784
tcr_20_4,E,C,Y,R,50,5,CZ,C,8.601109
tcr_20_4,E,C,Y,R,50,5,OH,O,8.376858
tcr_20_4,E,C,Y,R,50,5,OH,CA,7.985913
tcr_20_4,E,C,Y,R,50,5,OH,N,9.099047
tcr_20_4,E,C,Y,H,50,4,OH,O,8.204088
tcr_20_4,E,C,Y,H,50,4,OH,C,9.122501
tcr_20_4,E,C,Y,F,50,7,OH,CG,9.194721
tcr_20_4,E,C,Y,F,50,7,OH,CD1,9.571979
tcr_20_4,E,C,Y,F,50,7,OH,CD2,9.576893
tcr_20_4,E,C,Y,F,50,7,OH,CB,8.679115
tcr_20_4,E,C,Y,S,50,8,OH,N,6.8399844
tcr_20_4,E,C,Y,S,50,8,OH,CA,6.888812
tcr_20_4,E,C,Y,F,50,9,OH,N,9.089641
tcr_20_4,E,C,Y,S,50,8,OH,C,8.252129
tcr_20_4,E,C,Y,S,50,8,OH,O,8.676332
tcr_20_4,E,C,Y,E,50,6,OH,CG,3.4299846
tcr_20_4,E,C,Y,F,50,7,OH,O,6.2730513
tcr_20_4,E,C,Y,E,50,6,OH,OE1,2.552212
tcr_20_4,E,C,Y,S,50,8,OH,CB,5.821388
tcr_20_4,E,C,Y,S,50,8,OH,OG,6.2946887
tcr_20_4,E,C,Y,E,50,6,OH,CD,3.3698328
tcr_20_4,E,C,Y,E,50,6,OH,CB,4.908414
tcr_20_4,E,C,Y,F,50,7,OH,N,6.694202
tcr_20_4,E,C,Y,E,50,6,OH,OE2,4.5560327
tcr_20_4,E,C,Y,E,50,6,OH,CA,6.0021796
tcr_20_4,E,C,Y,F,50,7,OH,C,6.5908713
tcr_20_4,E,C,Y,F,50,7,OH,CA,7.1678233
tcr_20_4,E,C,Y,E,50,6,OH,N,6.319381
tcr_20_4,E,C,Y,E,50,6,OH,C,6.112025
tcr_20_4,E,C,Y,E,50,6,OH,O,6.0758057
tcr_20_4,E,C,Y,R,50,5,OH,CB,8.654869
tcr_20_4,E,C,Y,R,50,5,OH,CG,9.350015
tcr_20_4,E,C,Y,R,50,5,OH,C,7.497707
tcr_20_4,E,C,Y,E,67,6,CD2,OE1,8.866977
tcr_20_4,E,C,Y,E,67,6,CD2,CD,9.88239
tcr_20_4,E,C,Y,E,67,6,CE2,OE1,8.455327
tcr_20_4,E,C,Y,E,67,6,CE2,CD,9.359462
tcr_20_4,E,C,Y,E,67,6,CE2,OE2,9.730824
tcr_20_4,E,C,Y,E,67,6,CZ,OE1,9.353065
tcr_20_4,E,C,Y,E,67,6,OH,OE1,9.28327
tcr_20_4,E,C,Y,E,67,6,OH,CD,9.979842
tcr_20_4,E,C,S,E,68,6,C,OE1,9.151549
tcr_20_4,E,C,S,E,68,6,O,OE1,8.955436
tcr_20_4,E,C,V,E,69,6,N,CG,9.619287
tcr_20_4,E,C,V,E,69,6,N,OE1,8.475799
tcr_20_4,E,C,V,S,69,8,N,OG,9.986425
tcr_20_4,E,C,V,E,69,6,N,CD,9.416044
tcr_20_4,E,C,V,E,69,6,CA,CG,8.329928
tcr_20_4,E,C,V,E,69,6,CA,OE1,7.327788
tcr_20_4,E,C,V,S,69,8,CA,CB,8.959173
tcr_20_4,E,C,V,S,69,8,CA,OG,8.57325
tcr_20_4,E,C,V,E,69,6,CA,CD,8.23749
tcr_20_4,E,C,V,E,69,6,CA,CB,9.583602
tcr_20_4,E,C,V,E,69,6,CA,OE2,9.246496
tcr_20_4,E,C,V,S,69,8,C,CA,9.498061
tcr_20_4,E,C,V,E,69,6,C,CG,8.604013
tcr_20_4,E,C,V,F,69,7,C,O,9.706973
tcr_20_4,E,C,V,E,69,6,C,OE1,7.961305
tcr_20_4,E,C,V,S,69,8,C,CB,8.267076
tcr_20_4,E,C,V,S,69,8,C,OG,7.6797376
tcr_20_4,E,C,V,E,69,6,C,CD,8.770005
tcr_20_4,E,C,V,E,69,6,C,CB,9.799711
tcr_20_4,E,C,V,E,69,6,C,OE2,9.872184
tcr_20_4,E,C,V,S,69,8,O,N,9.072138
tcr_20_4,E,C,V,S,69,8,O,CA,8.285868
tcr_20_4,E,C,V,F,69,9,O,N,9.566764
tcr_20_4,E,C,V,S,69,8,O,C,9.290017
tcr_20_4,E,C,V,S,69,8,O,O,9.977053
tcr_20_4,E,C,V,F,69,9,O,O,9.476954
tcr_20_4,E,C,V,E,69,6,O,CG,7.840922
tcr_20_4,E,C,V,F,69,7,O,O,8.589189
tcr_20_4,E,C,V,E,69,6,O,OE1,7.439432
tcr_20_4,E,C,V,S,69,8,O,CB,7.064866
tcr_20_4,E,C,V,S,69,8,O,OG,6.4655867
tcr_20_4,E,C,V,E,69,6,O,CD,8.168128
tcr_20_4,E,C,V,E,69,6,O,CB,9.014637
tcr_20_4,E,C,V,E,69,6,O,OE2,9.328906
tcr_20_4,E,C,V,F,69,7,O,C,9.19133
tcr_20_4,E,C,V,S,69,8,CB,CA,9.859987
tcr_20_4,E,C,V,E,69,6,CB,CG,7.2338886
tcr_20_4,E,C,V,F,69,7,CB,O,9.405364
tcr_20_4,E,C,V,E,69,6,CB,OE1,6.3039527
tcr_20_4,E,C,V,S,69,8,CB,CB,8.726365
tcr_20_4,E,C,V,S,69,8,CB,OG,8.529695
tcr_20_4,E,C,V,E,69,6,CB,CD,7.117545
tcr_20_4,E,C,V,E,69,6,CB,CB,8.400807
tcr_20_4,E,C,V,E,69,6,CB,OE2,8.06259
tcr_20_4,E,C,V,E,69,6,CB,CA,9.807544
tcr_20_4,E,C,V,E,69,6,CG1,CG,7.237725
tcr_20_4,E,C,V,E,69,6,CG1,OE1,5.896334
tcr_20_4,E,C,V,S,69,8,CG1,CB,9.593476
tcr_20_4,E,C,V,S,69,8,CG1,OG,9.564294
tcr_20_4,E,C,V,E,69,6,CG1,CD,6.803104
tcr_20_4,E,C,V,E,69,6,CG1,CB,8.433647
tcr_20_4,E,C,V,E,69,6,CG1,OE2,7.5945473
tcr_20_4,E,C,V,E,69,6,CG1,CA,9.805593
tcr_20_4,E,C,V,E,69,6,CG2,CG,7.7465134
tcr_20_4,E,C,V,F,69,7,CG2,O,9.652547
tcr_20_4,E,C,V,E,69,6,CG2,OE1,7.1360717
tcr_20_4,E,C,V,S,69,8,CG2,CB,9.336648
tcr_20_4,E,C,V,S,69,8,CG2,OG,9.089145
tcr_20_4,E,C,V,E,69,6,CG2,CD,7.7672567
tcr_20_4,E,C,V,E,69,6,CG2,CB,8.710223
tcr_20_4,E,C,V,E,69,6,CG2,OE2,8.647009
tcr_20_4,E,C,G,E,70,6,N,CG,9.877519
tcr_20_4,E,C,G,E,70,6,N,OE1,9.280656
tcr_20_4,E,C,G,S,70,8,N,CB,9.180568
tcr_20_4,E,C,G,S,70,8,N,OG,8.442811
tcr_20_4,E,C,G,S,70,8,CA,CB,9.073892
tcr_20_4,E,C,G,S,70,8,CA,OG,8.153351
tcr_20_4,E,C,G,S,70,8,C,OG,9.51477
tcr_20_4,E,C,A,S,71,8,N,OG,9.704632
tcr_20_4,E,C,I,S,73,8,CD1,OG,9.944611
tcr_20_4,E,C,R,S,87,8,NH1,OG,9.97082
tcr_20_4,E,C,T,F,90,9,OG1,O,9.872891
tcr_20_4,E,C,T,S,90,8,OG1,OG,9.896063
tcr_20_4,E,C,T,F,90,9,CG2,O,9.568147
tcr_20_4,E,C,T,S,90,8,CG2,OG,9.377643
tcr_20_4,E,C,Q,E,113,6,C,OE1,9.662893
tcr_20_4,E,C,Q,S,113,8,C,CB,9.387279
tcr_20_4,E,C,Q,S,113,8,C,OG,9.236627
tcr_20_4,E,C,Q,E,113,6,O,OE1,9.073001
tcr_20_4,E,C,Q,S,113,8,O,CB,8.697165
tcr_20_4,E,C,Q,S,113,8,O,OG,8.454255
tcr_20_4,E,C,Q,E,113,6,CB,OE1,9.505347
tcr_20_4,E,C,Q,E,113,6,CG,OE1,8.97497
tcr_20_4,E,C,Q,E,113,6,CD,OE1,8.415258
tcr_20_4,E,C,Q,E,113,6,CD,CD,9.458962
tcr_20_4,E,C,Q,E,113,6,CD,OE2,9.9841385
tcr_20_4,E,C,Q,E,113,6,OE1,OE1,8.7695265
tcr_20_4,E,C,Q,E,113,6,OE1,CD,9.860741
tcr_20_4,E,C,Q,E,113,6,NE2,CG,9.569997
tcr_20_4,E,C,Q,E,113,6,NE2,OE1,7.7722225
tcr_20_4,E,C,Q,E,113,6,NE2,CD,8.720392
tcr_20_4,E,C,Q,E,113,6,NE2,OE2,9.166033
tcr_20_4,E,C,Q,E,113,6,NE2,O,9.83106
tcr_20_4,E,C,Q,R,113,5,NE2,CZ,9.7812395
tcr_20_4,E,C,Q,R,113,5,NE2,NE,9.5128355
tcr_20_4,E,C,Q,R,113,5,NE2,CB,9.97674
tcr_20_4,E,C,Q,R,113,5,NE2,CG,9.551158
tcr_20_4,E,C,Q,R,113,5,NE2,CD,9.517894
tcr_20_4,E,C,K,E,114,6,N,OE1,9.94279
tcr_20_4,E,C,K,S,114,8,N,CB,9.1198015
tcr_20_4,E,C,K,S,114,8,N,OG,9.03957
tcr_20_4,E,C,K,S,114,8,CA,N,9.557298
tcr_20_4,E,C,K,S,114,8,CA,CA,9.189551
tcr_20_4,E,C,K,S,114,8,CA,C,9.361576
tcr_20_4,E,C,K,S,114,8,CA,O,8.903248
tcr_20_4,E,C,K,F,114,9,CA,O,9.333199
tcr_20_4,E,C,K,E,114,6,CA,OE1,9.529386
tcr_20_4,E,C,K,S,114,8,CA,CB,7.8620925
tcr_20_4,E,C,K,S,114,8,CA,OG,7.7845545
tcr_20_4,E,C,K,S,114,8,C,N,8.425702
tcr_20_4,E,C,K,S,114,8,C,CA,8.1912565
tcr_20_4,E,C,K,F,114,9,C,N,9.529087
tcr_20_4,E,C,K,S,114,8,C,C,8.546959
tcr_20_4,E,C,K,S,114,8,C,O,8.143545
tcr_20_4,E,C,K,F,114,9,C,C,9.78013
tcr_20_4,E,C,K,F,114,9,C,O,9.021609
tcr_20_4,E,C,K,E,114,6,C,CG,8.893061
tcr_20_4,E,C,K,F,114,7,C,O,9.678165
tcr_20_4,E,C,K,E,114,6,C,OE1,8.04749
tcr_20_4,E,C,K,S,114,8,C,CB,6.853601
tcr_20_4,E,C,K,S,114,8,C,OG,6.972079
tcr_20_4,E,C,K,E,114,6,C,CD,8.851578
tcr_20_4,E,C,K,E,114,6,C,OE2,9.803932
tcr_20_4,E,C,K,F,114,7,C,C,9.194468
tcr_20_4,E,C,K,F,114,7,C,CA,9.732784
tcr_20_4,E,C,K,E,114,6,C,C,9.696924
tcr_20_4,E,C,K,E,114,6,C,O,8.856227
tcr_20_4,E,C,K,S,114,8,O,N,8.716976
tcr_20_4,E,C,K,S,114,8,O,CA,8.6748295
tcr_20_4,E,C,K,S,114,8,O,C,9.138231
tcr_20_4,E,C,K,S,114,8,O,O,8.707519
tcr_20_4,E,C,K,F,114,9,O,O,9.959733
tcr_20_4,E,C,K,E,114,6,O,CG,8.618872
tcr_20_4,E,C,K,F,114,7,O,O,9.888873
tcr_20_4,E,C,K,E,114,6,O,OE1,7.574865
tcr_20_4,E,C,K,S,114,8,O,CB,7.3887987
tcr_20_4,E,C,K,S,114,8,O,OG,7.6971154
tcr_20_4,E,C,K,E,114,6,O,CD,8.399693
tcr_20_4,E,C,K,E,114,6,O,CB,9.973718
tcr_20_4,E,C,K,E,114,6,O,OE2,9.248207
tcr_20_4,E,C,K,F,114,7,O,C,9.370418
tcr_20_4,E,C,K,F,114,7,O,CA,9.739883
tcr_20_4,E,C,K,E,114,6,O,C,9.440027
tcr_20_4,E,C,K,E,114,6,O,O,8.528919
tcr_20_4,E,C,K,S,114,8,CB,N,9.799893
tcr_20_4,E,C,K,S,114,8,CB,CA,9.491645
tcr_20_4,E,C,K,S,114,8,CB,C,9.457932
tcr_20_4,E,C,K,S,114,8,CB,O,8.821839
tcr_20_4,E,C,K,F,114,9,CB,O,9.35888
tcr_20_4,E,C,K,S,114,8,CB,CB,8.309591
tcr_20_4,E,C,K,S,114,8,CB,OG,8.297785
tcr_20_4,E,C,K,S,114,8,CG,N,8.848547
tcr_20_4,E,C,K,S,114,8,CG,CA,8.472144
tcr_20_4,E,C,K,F,114,9,CG,N,9.10346
tcr_20_4,E,C,K,S,114,8,CG,C,8.25944
tcr_20_4,E,C,K,S,114,8,CG,O,7.5599174
tcr_20_4,E,C,K,F,114,9,CG,CA,9.419436
tcr_20_4,E,C,K,F,114,9,CG,C,8.630154
tcr_20_4,E,C,K,F,114,9,CG,O,8.026693
tcr_20_4,E,C,K,F,114,9,CG,OXT,8.848358
tcr_20_4,E,C,K,S,114,8,CG,CB,7.4065413
tcr_20_4,E,C,K,S,114,8,CG,OG,7.3611946
tcr_20_4,E,C,K,F,114,7,CG,C,9.925
tcr_20_4,E,C,K,S,114,8,CD,N,9.507468
tcr_20_4,E,C,K,S,114,8,CD,CA,9.197321
tcr_20_4,E,C,K,F,114,9,CD,N,9.59877
tcr_20_4,E,C,K,S,114,8,CD,C,8.781901
tcr_20_4,E,C,K,S,114,8,CD,O,7.925559
tcr_20_4,E,C,K,F,114,9,CD,CA,9.726987
tcr_20_4,E,C,K,F,114,9,CD,C,8.892992
tcr_20_4,E,C,K,F,114,9,CD,O,8.453331
tcr_20_4,E,C,K,F,114,9,CD,OXT,8.9062805
tcr_20_4,E,C,K,S,114,8,CD,CB,8.3127575
tcr_20_4,E,C,K,S,114,8,CD,OG,8.32036
tcr_20_4,E,C,K,S,114,8,CE,N,8.853722
tcr_20_4,E,C,K,S,114,8,CE,CA,8.481541
tcr_20_4,E,C,K,F,114,9,CE,N,8.576771
tcr_20_4,E,C,K,S,114,8,CE,C,7.852469
tcr_20_4,E,C,K,S,114,8,CE,O,6.9325128
tcr_20_4,E,C,K,F,114,9,CE,CA,8.542499
tcr_20_4,E,C,K,F,114,9,CE,C,7.6679807
tcr_20_4,E,C,K,F,114,9,CE,O,7.350519
tcr_20_4,E,C,K,F,114,9,CE,OXT,7.5625224
tcr_20_4,E,C,K,S,114,8,CE,CB,7.7800922
tcr_20_4,E,C,K,S,114,8,CE,OG,7.7527046
tcr_20_4,E,C,K,S,114,8,NZ,N,9.767202
tcr_20_4,E,C,K,S,114,8,NZ,CA,9.462185
tcr_20_4,E,C,K,F,114,9,NZ,N,9.349351
tcr_20_4,E,C,K,S,114,8,NZ,C,8.681304
tcr_20_4,E,C,K,S,114,8,NZ,O,7.6633906
tcr_20_4,E,C,K,F,114,9,NZ,CA,9.133701
tcr_20_4,E,C,K,F,114,9,NZ,C,8.248816
tcr_20_4,E,C,K,F,114,9,NZ,O,8.10586
tcr_20_4,E,C,K,F,114,9,NZ,OXT,7.9321995
tcr_20_4,E,C,K,S,114,8,NZ,CB,8.925975
tcr_20_4,E,C,K,S,114,8,NZ,OG,8.939561
tcr_20_4,E,C,S,S,115,8,N,N,7.315366
tcr_20_4,E,C,S,S,115,8,N,CA,6.9746885
tcr_20_4,E,C,S,F,115,9,N,N,8.311748
tcr_20_4,E,C,S,S,115,8,N,C,7.3659334
tcr_20_4,E,C,S,S,115,8,N,O,7.063763
tcr_20_4,E,C,S,F,115,9,N,CA,9.109154
tcr_20_4,E,C,S,F,115,9,N,C,8.656561
tcr_20_4,E,C,S,F,115,9,N,O,7.864714
tcr_20_4,E,C,S,F,115,9,N,OXT,9.326855
tcr_20_4,E,C,S,E,115,6,N,CG,8.115167
tcr_20_4,E,C,S,F,115,7,N,O,8.536371
tcr_20_4,E,C,S,E,115,6,N,OE1,7.5347075
tcr_20_4,E,C,S,S,115,8,N,CB,5.595246
tcr_20_4,E,C,S,S,115,8,N,OG,5.658364
tcr_20_4,E,C,S,E,115,6,N,CD,8.264354
tcr_20_4,E,C,S,E,115,6,N,CB,9.428796
tcr_20_4,E,C,S,F,115,7,N,N,9.268182
tcr_20_4,E,C,S,E,115,6,N,OE2,9.304521
tcr_20_4,E,C,S,E,115,6,N,CA,9.750395
tcr_20_4,E,C,S,F,115,7,N,C,8.1092005
tcr_20_4,E,C,S,F,115,7,N,CA,8.779553
tcr_20_4,E,C,S,E,115,6,N,N,9.985144
tcr_20_4,E,C,S,E,115,6,N,C,8.909282
tcr_20_4,E,C,S,E,115,6,N,O,8.167845
tcr_20_4,E,C,S,R,115,5,CA,O,9.871447
tcr_20_4,E,C,S,R,115,5,CA,CA,9.598803
tcr_20_4,E,C,S,F,115,7,CA,CG,9.845415
tcr_20_4,E,C,S,F,115,7,CA,CB,8.823681
tcr_20_4,E,C,S,S,115,8,CA,N,6.1956778
tcr_20_4,E,C,S,S,115,8,CA,CA,6.011183
tcr_20_4,E,C,S,F,115,9,CA,N,7.668819
tcr_20_4,E,C,S,S,115,8,CA,C,6.6317387
tcr_20_4,E,C,S,S,115,8,CA,O,6.426838
tcr_20_4,E,C,S,F,115,9,CA,CA,8.63725
tcr_20_4,E,C,S,F,115,9,CA,C,8.426118
tcr_20_4,E,C,S,F,115,9,CA,O,7.7088733
tcr_20_4,E,C,S,F,115,9,CA,OXT,9.226189
tcr_20_4,E,C,S,E,115,6,CA,CG,6.6737523
tcr_20_4,E,C,S,F,115,7,CA,O,7.2653646
tcr_20_4,E,C,S,E,115,6,CA,OE1,6.232032
tcr_20_4,E,C,S,S,115,8,CA,CB,4.648629
tcr_20_4,E,C,S,S,115,8,CA,OG,4.9813643
tcr_20_4,E,C,S,E,115,6,CA,CD,6.879807
tcr_20_4,E,C,S,E,115,6,CA,CB,7.97058
tcr_20_4,E,C,S,F,115,7,CA,N,7.8753433
tcr_20_4,E,C,S,E,115,6,CA,OE2,7.930967
tcr_20_4,E,C,S,E,115,6,CA,CA,8.292913
tcr_20_4,E,C,S,F,115,7,CA,C,6.858206
tcr_20_4,E,C,S,F,115,7,CA,CA,7.480635
tcr_20_4,E,C,S,E,115,6,CA,N,8.554024
tcr_20_4,E,C,S,E,115,6,CA,C,7.4817324
tcr_20_4,E,C,S,E,115,6,CA,O,6.776722
tcr_20_4,E,C,S,R,115,5,CA,CB,9.467306
tcr_20_4,E,C,S,R,115,5,CA,CG,9.992273
tcr_20_4,E,C,S,R,115,5,CA,C,9.271879
tcr_20_4,E,C,S,R,115,5,C,O,8.920284
tcr_20_4,E,C,S,R,115,5,C,CA,8.707213
tcr_20_4,E,C,S,F,115,7,C,CG,9.10633
tcr_20_4,E,C,S,F,115,7,C,CD2,9.469126
tcr_20_4,E,C,S,F,115,7,C,CB,7.9333396
tcr_20_4,E,C,S,S,115,8,C,N,5.608204
tcr_20_4,E,C,S,S,115,8,C,CA,5.7243285
tcr_20_4,E,C,S,F,115,9,C,N,7.447196
tcr_20_4,E,C,S,S,115,8,C,C,6.264433
tcr_20_4,E,C,S,S,115,8,C,O,5.858059
tcr_20_4,E,C,S,F,115,9,C,CA,8.381044
tcr_20_4,E,C,S,F,115,9,C,C,8.311971
tcr_20_4,E,C,S,F,115,9,C,O,7.7999196
tcr_20_4,E,C,S,F,115,9,C,CB,9.799327
tcr_20_4,E,C,S,F,115,9,C,OXT,9.041812
tcr_20_4,E,C,S,E,115,6,C,CG,6.5059776
tcr_20_4,E,C,S,F,115,7,C,O,6.9260435
tcr_20_4,E,C,S,E,115,6,C,OE1,6.309478
tcr_20_4,E,C,S,S,115,8,C,CB,4.6183953
tcr_20_4,E,C,S,S,115,8,C,OG,5.295269
tcr_20_4,E,C,S,E,115,6,C,CD,6.755905
tcr_20_4,E,C,S,E,115,6,C,CB,7.647391
tcr_20_4,E,C,S,F,115,7,C,N,7.14619
tcr_20_4,E,C,S,E,115,6,C,OE2,7.6823754
tcr_20_4,E,C,S,E,115,6,C,CA,7.685858
tcr_20_4,E,C,S,F,115,7,C,C,6.2920446
tcr_20_4,E,C,S,F,115,7,C,CA,6.667205
tcr_20_4,E,C,S,E,115,6,C,N,7.8708844
tcr_20_4,E,C,S,E,115,6,C,C,6.718296
tcr_20_4,E,C,S,E,115,6,C,O,5.8503585
tcr_20_4,E,C,S,R,115,5,C,NE,9.767979
tcr_20_4,E,C,S,R,115,5,C,NH1,9.930899
tcr_20_4,E,C,S,R,115,5,C,CB,8.392582
tcr_20_4,E,C,S,R,115,5,C,CG,8.926608
tcr_20_4,E,C,S,R,115,5,C,CD,8.901
tcr_20_4,E,C,S,R,115,5,C,C,8.415555
tcr_20_4,E,C,S,R,115,5,O,O,9.490768
tcr_20_4,E,C,S,R,115,5,O,CA,9.305152
tcr_20_4,E,C,S,F,115,7,O,CG,9.577898
tcr_20_4,E,C,S,F,115,7,O,CD2,9.926698
tcr_20_4,E,C,S,F,115,7,O,CB,8.31866
tcr_20_4,E,C,S,S,115,8,O,N,6.083797
tcr_20_4,E,C,S,S,115,8,O,CA,6.209578
tcr_20_4,E,C,S,F,115,9,O,N,7.665512
tcr_20_4,E,C,S,S,115,8,O,C,6.480348
tcr_20_4,E,C,S,S,115,8,O,O,5.8571234
tcr_20_4,E,C,S,F,115,9,O,CA,8.424894
tcr_20_4,E,C,S,F,115,9,O,C,8.252332
tcr_20_4,E,C,S,F,115,9,O,O,7.824649
tcr_20_4,E,C,S,F,115,9,O,CB,9.908953
tcr_20_4,E,C,S,F,115,9,O,OXT,8.82715
tcr_20_4,E,C,S,E,115,6,O,CG,7.5865064
tcr_20_4,E,C,S,F,115,7,O,O,7.6742163
tcr_20_4,E,C,S,E,115,6,O,OE1,7.439845
tcr_20_4,E,C,S,S,115,8,O,CB,5.2389617
tcr_20_4,E,C,S,S,115,8,O,OG,5.8698444
tcr_20_4,E,C,S,E,115,6,O,CD,7.8415923
tcr_20_4,E,C,S,E,115,6,O,CB,8.640805
tcr_20_4,E,C,S,F,115,7,O,N,7.825399
tcr_20_4,E,C,S,E,115,6,O,OE2,8.6988945
tcr_20_4,E,C,S,E,115,6,O,CA,8.527456
tcr_20_4,E,C,S,F,115,7,O,C,6.9057803
tcr_20_4,E,C,S,F,115,7,O,CA,7.1961517
tcr_20_4,E,C,S,E,115,6,O,N,8.670614
tcr_20_4,E,C,S,E,115,6,O,C,7.447322
tcr_20_4,E,C,S,E,115,6,O,O,6.4903464
tcr_20_4,E,C,S,R,115,5,O,NE,9.838125
tcr_20_4,E,C,S,R,115,5,O,NH1,9.71861
tcr_20_4,E,C,S,R,115,5,O,CB,8.803205
tcr_20_4,E,C,S,R,115,5,O,CG,9.263552
tcr_20_4,E,C,S,R,115,5,O,CD,9.034482
tcr_20_4,E,C,S,R,115,5,O,C,9.075524
tcr_20_4,E,C,S,R,115,5,CB,O,9.88633
tcr_20_4,E,C,S,R,115,5,CB,CA,9.909811
tcr_20_4,E,C,S,F,115,7,CB,CG,9.10634
tcr_20_4,E,C,S,F,115,7,CB,CD2,9.177331
tcr_20_4,E,C,S,F,115,7,CB,CB,8.2542925
tcr_20_4,E,C,S,S,115,8,CB,N,5.3555646
tcr_20_4,E,C,S,F,115,9,CB,CD2,9.831613
tcr_20_4,E,C,S,S,115,8,CB,CA,4.911095
tcr_20_4,E,C,S,F,115,9,CB,N,6.5243716
tcr_20_4,E,C,S,F,115,9,CB,CG,9.488514
tcr_20_4,E,C,S,S,115,8,CB,C,5.6107516
tcr_20_4,E,C,S,S,115,8,CB,O,5.639325
tcr_20_4,E,C,S,F,115,9,CB,CA,7.566046
tcr_20_4,E,C,S,F,115,9,CB,C,7.3903913
tcr_20_4,E,C,S,F,115,9,CB,O,6.595982
tcr_20_4,E,C,S,F,115,9,CB,CB,8.840975
tcr_20_4,E,C,S,F,115,9,CB,OXT,8.3118515
tcr_20_4,E,C,S,E,115,6,CB,CG,6.315009
tcr_20_4,E,C,S,F,115,7,CB,O,6.2866917
tcr_20_4,E,C,S,E,115,6,CB,OE1,6.2582355
tcr_20_4,E,C,S,S,115,8,CB,CB,3.4339185
tcr_20_4,E,C,S,S,115,8,CB,OG,3.5735812
tcr_20_4,E,C,S,E,115,6,CB,CD,6.801876
tcr_20_4,E,C,S,E,115,6,CB,CB,7.542157
tcr_20_4,E,C,S,F,115,7,CB,N,7.3780665
tcr_20_4,E,C,S,E,115,6,CB,OE2,7.9577584
tcr_20_4,E,C,S,E,115,6,CB,CA,8.017837
tcr_20_4,E,C,S,F,115,7,CB,C,6.039934
tcr_20_4,E,C,S,F,115,7,CB,CA,6.926241
tcr_20_4,E,C,S,E,115,6,CB,N,8.526479
tcr_20_4,E,C,S,E,115,6,CB,C,7.1941314
tcr_20_4,E,C,S,E,115,6,CB,O,6.7028046
tcr_20_4,E,C,S,R,115,5,CB,CB,9.930023
tcr_20_4,E,C,S,R,115,5,CB,C,9.359727
tcr_20_4,E,C,S,F,115,7,OG,CE2,9.870647
tcr_20_4,E,C,S,F,115,7,OG,CG,8.919682
tcr_20_4,E,C,S,F,115,7,OG,CD2,8.844932
tcr_20_4,E,C,S,F,115,7,OG,CB,8.06446
tcr_20_4,E,C,S,F,115,9,OG,CE1,9.966851
tcr_20_4,E,C,S,S,115,8,OG,N,4.986399
tcr_20_4,E,C,S,F,115,9,OG,CE2,9.945626
tcr_20_4,E,C,S,F,115,9,OG,CD2,9.03299
tcr_20_4,E,C,S,S,115,8,OG,CA,4.335022
tcr_20_4,E,C,S,F,115,9,OG,N,5.547482
tcr_20_4,E,C,S,F,115,9,OG,CG,8.545313
tcr_20_4,E,C,S,S,115,8,OG,C,4.689139
tcr_20_4,E,C,S,F,115,9,OG,CD1,9.058507
tcr_20_4,E,C,S,S,115,8,OG,O,4.6108284
tcr_20_4,E,C,S,F,115,9,OG,CA,6.432468
tcr_20_4,E,C,S,F,115,9,OG,C,6.118803
tcr_20_4,E,C,S,F,115,9,OG,O,5.3340216
tcr_20_4,E,C,S,F,115,9,OG,CB,7.7743974
tcr_20_4,E,C,S,F,115,9,OG,OXT,6.9744167
tcr_20_4,E,C,S,E,115,6,OG,CG,7.219922
tcr_20_4,E,C,S,F,115,7,OG,O,6.2861366
tcr_20_4,E,C,S,E,115,6,OG,OE1,7.4732924
tcr_20_4,E,C,S,S,115,8,OG,CB,2.946178
tcr_20_4,E,C,S,S,115,8,OG,OG,2.8812122
tcr_20_4,E,C,S,E,115,6,OG,CD,7.8847103
tcr_20_4,E,C,S,E,115,6,OG,CB,8.286879
tcr_20_4,E,C,S,F,115,7,OG,N,7.6121454
tcr_20_4,E,C,S,E,115,6,OG,OE2,9.021167
tcr_20_4,E,C,S,E,115,6,OG,CA,8.636771
tcr_20_4,E,C,S,F,115,7,OG,C,5.925514
tcr_20_4,E,C,S,F,115,7,OG,CA,6.902607
tcr_20_4,E,C,S,E,115,6,OG,N,9.25675
tcr_20_4,E,C,S,E,115,6,OG,C,7.626108
tcr_20_4,E,C,S,E,115,6,OG,O,7.1342196
tcr_20_4,E,C,G,R,116,5,N,O,7.6203856
tcr_20_4,E,C,G,R,116,5,N,CA,7.439953
tcr_20_4,E,C,G,R,116,5,N,N,8.89388
tcr_20_4,E,C,G,H,116,4,N,O,9.153717
tcr_20_4,E,C,G,H,116,4,N,C,9.5789585
tcr_20_4,E,C,G,F,116,7,N,CE2,9.863413
tcr_20_4,E,C,G,F,116,7,N,CG,8.1574135
tcr_20_4,E,C,G,F,116,7,N,CD1,8.990206
tcr_20_4,E,C,G,F,116,7,N,CD2,8.655231
tcr_20_4,E,C,G,F,116,7,N,CB,6.975172
tcr_20_4,E,C,G,S,116,8,N,N,4.9720254
tcr_20_4,E,C,G,S,116,8,N,CA,5.3660746
tcr_20_4,E,C,G,F,116,9,N,N,7.3672223
tcr_20_4,E,C,G,S,116,8,N,C,6.124557
tcr_20_4,E,C,G,S,116,8,N,O,5.81221
tcr_20_4,E,C,G,F,116,9,N,CA,8.430097
tcr_20_4,E,C,G,F,116,9,N,C,8.597972
tcr_20_4,E,C,G,F,116,9,N,O,8.182539
tcr_20_4,E,C,G,F,116,9,N,CB,9.774352
tcr_20_4,E,C,G,F,116,9,N,OXT,9.409889
tcr_20_4,E,C,G,E,116,6,N,CG,5.365908
tcr_20_4,E,C,G,F,116,7,N,O,6.0840526
tcr_20_4,E,C,G,E,116,6,N,OE1,5.351523
tcr_20_4,E,C,G,S,116,8,N,CB,4.4289017
tcr_20_4,E,C,G,S,116,8,N,OG,5.3809915
tcr_20_4,E,C,G,E,116,6,N,CD,5.6451507
tcr_20_4,E,C,G,E,116,6,N,CB,6.4395857
tcr_20_4,E,C,G,F,116,7,N,N,5.9814706
tcr_20_4,E,C,G,E,116,6,N,OE2,6.518604
tcr_20_4,E,C,G,E,116,6,N,CA,6.400217
tcr_20_4,E,C,G,F,116,7,N,C,5.43865
tcr_20_4,E,C,G,F,116,7,N,CA,5.644948
tcr_20_4,E,C,G,E,116,6,N,N,6.5600176
tcr_20_4,E,C,G,E,116,6,N,C,5.4567323
tcr_20_4,E,C,G,E,116,6,N,O,4.5687957
tcr_20_4,E,C,G,R,116,5,N,CZ,9.4449005
tcr_20_4,E,C,G,R,116,5,N,NE,8.8810215
tcr_20_4,E,C,G,R,116,5,N,NH1,9.220687
tcr_20_4,E,C,G,R,116,5,N,CB,7.1904626
tcr_20_4,E,C,G,R,116,5,N,CG,7.8225927
tcr_20_4,E,C,G,R,116,5,N,CD,7.912399
tcr_20_4,E,C,G,R,116,5,N,C,7.1043897
tcr_20_4,E,C,G,Q,116,3,CA,NE2,9.125932
tcr_20_4,E,C,G,Q,116,3,CA,CD,9.462926
tcr_20_4,E,C,G,Q,116,3,CA,OE1,9.646238
tcr_20_4,E,C,G,R,116,5,CA,O,6.661521
tcr_20_4,E,C,G,Q,116,3,CA,CG,9.8785925
tcr_20_4,E,C,G,R,116,5,CA,CA,6.623081
tcr_20_4,E,C,G,R,116,5,CA,N,8.084157
tcr_20_4,E,C,G,H,116,4,CA,O,8.67177
tcr_20_4,E,C,G,H,116,4,CA,C,8.922417
tcr_20_4,E,C,G,F,116,7,CA,CE2,9.392567
tcr_20_4,E,C,G,F,116,7,CA,CG,7.456012
tcr_20_4,E,C,G,F,116,7,CA,CD1,8.26292
tcr_20_4,E,C,G,F,116,7,CA,CE1,9.527373
tcr_20_4,E,C,G,F,116,7,CA,CD2,8.1047325
tcr_20_4,E,C,G,F,116,7,CA,CB,6.134869
tcr_20_4,E,C,G,S,116,8,CA,N,4.70595
tcr_20_4,E,C,G,S,116,8,CA,CA,5.445061
tcr_20_4,E,C,G,F,116,9,CA,N,7.4224105
tcr_20_4,E,C,G,F,116,9,CA,CG,9.900356
tcr_20_4,E,C,G,S,116,8,CA,C,6.113933
tcr_20_4,E,C,G,F,116,9,CA,CD1,9.850807
tcr_20_4,E,C,G,S,116,8,CA,O,5.6644607
tcr_20_4,E,C,G,F,116,9,CA,CA,8.433707
tcr_20_4,E,C,G,F,116,9,CA,C,8.770913
tcr_20_4,E,C,G,F,116,9,CA,O,8.55845
tcr_20_4,E,C,G,F,116,9,CA,CB,9.758982
tcr_20_4,E,C,G,F,116,9,CA,OXT,9.514965
tcr_20_4,E,C,G,E,116,6,CA,CG,5.487345
tcr_20_4,E,C,G,F,116,7,CA,O,5.948267
tcr_20_4,E,C,G,E,116,6,CA,OE1,5.811101
tcr_20_4,E,C,G,S,116,8,CA,CB,4.8860583
tcr_20_4,E,C,G,S,116,8,CA,OG,6.047816
tcr_20_4,E,C,G,E,116,6,CA,CD,5.8327727
tcr_20_4,E,C,G,E,116,6,CA,CB,6.2813845
tcr_20_4,E,C,G,F,116,7,CA,N,5.3376904
tcr_20_4,E,C,G,E,116,6,CA,OE2,6.5109477
tcr_20_4,E,C,G,E,116,6,CA,CA,5.8950677
tcr_20_4,E,C,G,F,116,7,CA,C,5.0953474
tcr_20_4,E,C,G,F,116,7,CA,CA,4.9416533
tcr_20_4,E,C,G,E,116,6,CA,N,5.9787617
tcr_20_4,E,C,G,E,116,6,CA,C,4.7904243
tcr_20_4,E,C,G,E,116,6,CA,O,3.7288158
tcr_20_4,E,C,G,R,116,5,CA,CZ,8.424155
tcr_20_4,E,C,G,R,116,5,CA,NE,7.8946133
tcr_20_4,E,C,G,R,116,5,CA,NH1,8.099913
tcr_20_4,E,C,G,R,116,5,CA,NH2,9.521992
tcr_20_4,E,C,G,R,116,5,CA,CB,6.176225
tcr_20_4,E,C,G,R,116,5,CA,CG,6.875744
tcr_20_4,E,C,G,R,116,5,CA,CD,6.836337
tcr_20_4,E,C,G,R,116,5,CA,C,6.2927146
tcr_20_4,E,C,G,Q,116,3,C,NE2,8.338207
tcr_20_4,E,C,G,Q,116,3,C,CD,8.793131
tcr_20_4,E,C,G,Q,116,3,C,OE1,9.152585
tcr_20_4,E,C,G,Q,116,3,C,O,9.812984
tcr_20_4,E,C,G,R,116,5,C,O,6.21347
tcr_20_4,E,C,G,Q,116,3,C,CG,9.130302
tcr_20_4,E,C,G,H,116,4,C,N,9.934554
tcr_20_4,E,C,G,R,116,5,C,CA,5.7407823
tcr_20_4,E,C,G,R,116,5,C,N,7.175856
tcr_20_4,E,C,G,H,116,4,C,O,7.850317
tcr_20_4,E,C,G,H,116,4,C,C,8.047286
tcr_20_4,E,C,G,H,116,4,C,CA,9.529329
tcr_20_4,E,C,G,H,116,4,C,NE2,9.991305
tcr_20_4,E,C,G,H,116,4,C,CD2,9.318865
tcr_20_4,E,C,G,F,116,7,C,CG,8.197832
tcr_20_4,E,C,G,F,116,7,C,CD1,8.825663
tcr_20_4,E,C,G,F,116,7,C,CD2,9.03252
tcr_20_4,E,C,G,F,116,7,C,CB,6.840296
tcr_20_4,E,C,G,S,116,8,C,N,5.981514
tcr_20_4,E,C,G,S,116,8,C,CA,6.8624406
tcr_20_4,E,C,G,F,116,9,C,N,8.879004
tcr_20_4,E,C,G,S,116,8,C,C,7.565917
tcr_20_4,E,C,G,S,116,8,C,O,7.0910525
tcr_20_4,E,C,G,F,116,9,C,CA,9.883053
tcr_20_4,E,C,G,E,116,6,C,CG,5.726004
tcr_20_4,E,C,G,F,116,7,C,O,6.995199
tcr_20_4,E,C,G,E,116,6,C,OE1,5.7298884
tcr_20_4,E,C,G,S,116,8,C,CB,6.3549924
tcr_20_4,E,C,G,S,116,8,C,OG,7.5317855
tcr_20_4,E,C,G,E,116,6,C,CD,5.7350163
tcr_20_4,E,C,G,E,116,6,C,CB,6.4713726
tcr_20_4,E,C,G,F,116,7,C,N,5.8413863
tcr_20_4,E,C,G,E,116,6,C,OE2,6.167409
tcr_20_4,E,C,G,E,116,6,C,CA,5.9130664
tcr_20_4,E,C,G,F,116,7,C,C,6.1642365
tcr_20_4,E,C,G,F,116,7,C,CA,5.7106714
tcr_20_4,E,C,G,E,116,6,C,N,5.6241627
tcr_20_4,E,C,G,E,116,6,C,C,5.0194387
tcr_20_4,E,C,G,E,116,6,C,O,3.8281884
tcr_20_4,E,C,G,R,116,5,C,CZ,6.9680543
tcr_20_4,E,C,G,R,116,5,C,NE,6.4369864
tcr_20_4,E,C,G,R,116,5,C,NH1,6.725711
tcr_20_4,E,C,G,R,116,5,C,NH2,8.0368
tcr_20_4,E,C,G,R,116,5,C,CB,5.115501
tcr_20_4,E,C,G,R,116,5,C,CG,5.584572
tcr_20_4,E,C,G,R,116,5,C,CD,5.467733
tcr_20_4,E,C,G,R,116,5,C,C,5.7400475
tcr_20_4,E,C,G,Q,116,3,O,NE2,7.1152873
tcr_20_4,E,C,G,Q,116,3,O,CB,9.107327
tcr_20_4,E,C,G,Q,116,3,O,CD,7.5845385
tcr_20_4,E,C,G,Q,116,3,O,OE1,7.9757886
tcr_20_4,E,C,G,Q,116,3,O,O,8.840972
tcr_20_4,E,C,G,R,116,5,O,O,5.2234735
tcr_20_4,E,C,G,Q,116,3,O,CA,9.7914915
tcr_20_4,E,C,G,Q,116,3,O,CG,7.9441075
tcr_20_4,E,C,G,Q,116,3,O,C,9.063702
tcr_20_4,E,C,G,H,116,4,O,N,8.921044
tcr_20_4,E,C,G,R,116,5,O,CA,4.808672
tcr_20_4,E,C,G,R,116,5,O,N,6.2170444
tcr_20_4,E,C,G,H,116,4,O,O,7.1527247
tcr_20_4,E,C,G,H,116,4,O,C,7.1969776
tcr_20_4,E,C,G,H,116,4,O,CA,8.630733
tcr_20_4,E,C,G,H,116,4,O,CB,9.374734
tcr_20_4,E,C,G,H,116,4,O,CG,9.279692
tcr_20_4,E,C,G,H,116,4,O,NE2,9.037449
tcr_20_4,E,C,G,H,116,4,O,CD2,8.411161
tcr_20_4,E,C,G,F,116,7,O,CG,7.751912
tcr_20_4,E,C,G,F,116,7,O,CD1,8.254108
tcr_20_4,E,C,G,F,116,7,O,CE1,9.591074
tcr_20_4,E,C,G,F,116,7,O,CD2,8.728789
tcr_20_4,E,C,G,F,116,7,O,CB,6.379945
tcr_20_4,E,C,G,S,116,8,O,N,6.133934
tcr_20_4,E,C,G,S,116,8,O,CA,7.213199
tcr_20_4,E,C,G,F,116,9,O,N,9.236175
tcr_20_4,E,C,G,S,116,8,O,C,7.932748
tcr_20_4,E,C,G,S,116,8,O,O,7.472637
tcr_20_4,E,C,G,E,116,6,O,CG,5.72074
tcr_20_4,E,C,G,F,116,7,O,O,7.000875
tcr_20_4,E,C,G,E,116,6,O,OE1,5.9767537
tcr_20_4,E,C,G,S,116,8,O,CB,6.9332304
tcr_20_4,E,C,G,S,116,8,O,OG,8.209855
tcr_20_4,E,C,G,E,116,6,O,CD,5.747651
tcr_20_4,E,C,G,E,116,6,O,CB,6.200907
tcr_20_4,E,C,G,F,116,7,O,N,5.402888
tcr_20_4,E,C,G,E,116,6,O,OE2,5.970747
tcr_20_4,E,C,G,E,116,6,O,CA,5.383352
tcr_20_4,E,C,G,F,116,7,O,C,6.133918
tcr_20_4,E,C,G,F,116,7,O,CA,5.3904667
tcr_20_4,E,C,G,E,116,6,O,N,4.9658403
tcr_20_4,E,C,G,E,116,6,O,C,4.5155163
tcr_20_4,E,C,G,E,116,6,O,O,3.287602
tcr_20_4,E,C,G,R,116,5,O,CZ,6.1785884
tcr_20_4,E,C,G,R,116,5,O,NE,5.580676
tcr_20_4,E,C,G,R,116,5,O,NH1,5.9290853
tcr_20_4,E,C,G,R,116,5,O,NH2,7.334184
tcr_20_4,E,C,G,R,116,5,O,CB,4.03232
tcr_20_4,E,C,G,R,116,5,O,CG,4.601594
tcr_20_4,E,C,G,R,116,5,O,CD,4.4653535
tcr_20_4,E,C,G,R,116,5,O,C,4.85016
tcr_20_4,E,C,S,Q,117,3,N,NE2,9.1473465
tcr_20_4,E,C,S,Q,117,3,N,CD,9.680895
tcr_20_4,E,C,S,R,117,5,N,O,7.160989
tcr_20_4,E,C,S,Q,117,3,N,CG,9.925102
tcr_20_4,E,C,S,R,117,5,N,CA,6.2922287
tcr_20_4,E,C,S,R,117,5,N,N,7.6708508
tcr_20_4,E,C,S,H,117,4,N,O,8.15993
tcr_20_4,E,C,S,H,117,4,N,C,8.446936
tcr_20_4,E,C,S,H,117,4,N,CA,9.934833
tcr_20_4,E,C,S,H,117,4,N,CD2,9.402277
tcr_20_4,E,C,S,F,117,7,N,CG,9.499718
tcr_20_4,E,C,S,F,117,7,N,CB,8.162982
tcr_20_4,E,C,S,S,117,8,N,N,7.1309795
tcr_20_4,E,C,S,S,117,8,N,CA,7.878731
tcr_20_4,E,C,S,F,117,9,N,N,9.878888
tcr_20_4,E,C,S,S,117,8,N,C,8.574746
tcr_20_4,E,C,S,S,117,8,N,O,8.081476
tcr_20_4,E,C,S,E,117,6,N,CG,6.3562174
tcr_20_4,E,C,S,F,117,7,N,O,8.111015
tcr_20_4,E,C,S,E,117,6,N,OE1,5.8421116
tcr_20_4,E,C,S,S,117,8,N,CB,7.1815987
tcr_20_4,E,C,S,S,117,8,N,OG,8.233244
tcr_20_4,E,C,S,E,117,6,N,CD,6.083123
tcr_20_4,E,C,S,E,117,6,N,CB,7.274998
tcr_20_4,E,C,S,F,117,7,N,N,7.0452323
tcr_20_4,E,C,S,E,117,6,N,OE2,6.490432
tcr_20_4,E,C,S,E,117,6,N,CA,6.850273
tcr_20_4,E,C,S,F,117,7,N,C,7.353916
tcr_20_4,E,C,S,F,117,7,N,CA,6.9902887
tcr_20_4,E,C,S,E,117,6,N,N,6.3997784
tcr_20_4,E,C,S,E,117,6,N,C,6.137053
tcr_20_4,E,C,S,E,117,6,N,O,4.982798
tcr_20_4,E,C,S,R,117,5,N,CZ,6.7870035
tcr_20_4,E,C,S,R,117,5,N,NE,6.3337994
tcr_20_4,E,C,S,R,117,5,N,NH1,6.6486073
tcr_20_4,E,C,S,R,117,5,N,NH2,7.708319
tcr_20_4,E,C,S,R,117,5,N,CB,5.658241
tcr_20_4,E,C,S,R,117,5,N,CG,5.7991114
tcr_20_4,E,C,S,R,117,5,N,CD,5.6285243
tcr_20_4,E,C,S,R,117,5,N,C,6.541071
tcr_20_4,E,C,S,Q,117,3,CA,NE2,8.804957
tcr_20_4,E,C,S,Q,117,3,CA,CD,9.436022
tcr_20_4,E,C,S,R,117,5,CA,O,7.241152
tcr_20_4,E,C,S,Q,117,3,CA,CG,9.582656
tcr_20_4,E,C,S,H,117,4,CA,N,9.944913
tcr_20_4,E,C,S,R,117,5,CA,CA,5.972448
tcr_20_4,E,C,S,R,117,5,CA,N,7.219874
tcr_20_4,E,C,S,H,117,4,CA,O,7.7428517
tcr_20_4,E,C,S,H,117,4,CA,C,7.9753966
tcr_20_4,E,C,S,H,117,4,CA,CA,9.402917
tcr_20_4,E,C,S,H,117,4,CA,CB,9.749617
tcr_20_4,E,C,S,H,117,4,CA,CG,9.521751
tcr_20_4,E,C,S,H,117,4,CA,NE2,8.99952
tcr_20_4,E,C,S,H,117,4,CA,CD2,8.440687
tcr_20_4,E,C,S,F,117,7,CA,CB,9.066925
tcr_20_4,E,C,S,S,117,8,CA,N,8.39514
tcr_20_4,E,C,S,S,117,8,CA,CA,9.234894
tcr_20_4,E,C,S,S,117,8,CA,C,9.956405
tcr_20_4,E,C,S,S,117,8,CA,O,9.452967
tcr_20_4,E,C,S,E,117,6,CA,CG,7.0150995
tcr_20_4,E,C,S,F,117,7,CA,O,9.235145
tcr_20_4,E,C,S,E,117,6,CA,OE1,6.2681637
tcr_20_4,E,C,S,S,117,8,CA,CB,8.588063
tcr_20_4,E,C,S,S,117,8,CA,OG,9.663418
tcr_20_4,E,C,S,E,117,6,CA,CD,6.48707
tcr_20_4,E,C,S,E,117,6,CA,CB,7.8489904
tcr_20_4,E,C,S,F,117,7,CA,N,7.8511963
tcr_20_4,E,C,S,E,117,6,CA,OE2,6.6443667
tcr_20_4,E,C,S,E,117,6,CA,CA,7.3223515
tcr_20_4,E,C,S,F,117,7,CA,C,8.496191
tcr_20_4,E,C,S,F,117,7,CA,CA,7.960727
tcr_20_4,E,C,S,E,117,6,CA,N,6.5940604
tcr_20_4,E,C,S,E,117,6,CA,C,6.8090177
tcr_20_4,E,C,S,E,117,6,CA,O,5.6644173
tcr_20_4,E,C,S,R,117,5,CA,CZ,5.588966
tcr_20_4,E,C,S,R,117,5,CA,NE,5.167268
tcr_20_4,E,C,S,R,117,5,CA,NH1,5.6043267
tcr_20_4,E,C,S,R,117,5,CA,NH2,6.4071064
tcr_20_4,E,C,S,R,117,5,CA,CB,5.2095656
tcr_20_4,E,C,S,R,117,5,CA,CG,4.9772463
tcr_20_4,E,C,S,R,117,5,CA,CD,4.708958
tcr_20_4,E,C,S,R,117,5,CA,C,6.5558305
tcr_20_4,E,C,S,Q,117,3,C,NE2,9.99054
tcr_20_4,E,C,S,R,117,5,C,O,8.270823
tcr_20_4,E,C,S,R,117,5,C,CA,6.7147055
tcr_20_4,E,C,S,R,117,5,C,N,7.853749
tcr_20_4,E,C,S,H,117,4,C,O,8.02801
tcr_20_4,E,C,S,H,117,4,C,C,8.4149275
tcr_20_4,E,C,S,H,117,4,C,CA,9.818397
tcr_20_4,E,C,S,H,117,4,C,CB,9.984995
tcr_20_4,E,C,S,H,117,4,C,CG,9.78955
tcr_20_4,E,C,S,H,117,4,C,NE2,9.285799
tcr_20_4,E,C,S,H,117,4,C,CD2,8.689939
tcr_20_4,E,C,S,S,117,8,C,N,9.486312
tcr_20_4,E,C,S,E,117,6,C,CG,7.494867
tcr_20_4,E,C,S,E,117,6,C,OE1,6.26207
tcr_20_4,E,C,S,S,117,8,C,CB,9.395875
tcr_20_4,E,C,S,E,117,6,C,CD,6.7138
tcr_20_4,E,C,S,E,117,6,C,CB,8.485824
tcr_20_4,E,C,S,F,117,7,C,N,8.943375
tcr_20_4,E,C,S,E,117,6,C,OE2,6.854778
tcr_20_4,E,C,S,E,117,6,C,CA,8.160252
tcr_20_4,E,C,S,F,117,7,C,C,9.574434
tcr_20_4,E,C,S,F,117,7,C,CA,9.15448
tcr_20_4,E,C,S,E,117,6,C,N,7.3526554
tcr_20_4,E,C,S,E,117,6,C,C,7.839612
tcr_20_4,E,C,S,E,117,6,C,O,6.780061
tcr_20_4,E,C,S,R,117,5,C,CZ,6.1480675
tcr_20_4,E,C,S,R,117,5,C,NE,5.7327843
tcr_20_4,E,C,S,R,117,5,C,NH1,6.3834176
tcr_20_4,E,C,S,R,117,5,C,NH2,6.724411
tcr_20_4,E,C,S,R,117,5,C,CB,6.139387
tcr_20_4,E,C,S,R,117,5,C,CG,5.6837
tcr_20_4,E,C,S,R,117,5,C,CD,5.565417
tcr_20_4,E,C,S,R,117,5,C,C,7.4333434
tcr_20_4,E,C,S,R,117,5,O,O,9.395587
tcr_20_4,E,C,S,R,117,5,O,CA,7.9135833
tcr_20_4,E,C,S,R,117,5,O,N,9.070353
tcr_20_4,E,C,S,H,117,4,O,O,9.178935
tcr_20_4,E,C,S,H,117,4,O,C,9.611102
tcr_20_4,E,C,S,H,117,4,O,CD2,9.854074
tcr_20_4,E,C,S,S,117,8,O,N,9.935917
tcr_20_4,E,C,S,E,117,6,O,CG,8.25099
tcr_20_4,E,C,S,E,117,6,O,OE1,6.9021072
tcr_20_4,E,C,S,S,117,8,O,CB,9.589656
tcr_20_4,E,C,S,E,117,6,O,CD,7.5024242
tcr_20_4,E,C,S,E,117,6,O,CB,9.355599
tcr_20_4,E,C,S,F,117,7,O,N,9.773565
tcr_20_4,E,C,S,E,117,6,O,OE2,7.7707243
tcr_20_4,E,C,S,E,117,6,O,CA,9.130162
tcr_20_4,E,C,S,F,117,7,O,CA,9.873361
tcr_20_4,E,C,S,E,117,6,O,N,8.418209
tcr_20_4,E,C,S,E,117,6,O,C,8.735104
tcr_20_4,E,C,S,E,117,6,O,O,7.665139
tcr_20_4,E,C,S,R,117,5,O,CZ,7.0342765
tcr_20_4,E,C,S,R,117,5,O,NE,6.766784
tcr_20_4,E,C,S,R,117,5,O,NH1,7.1874714
tcr_20_4,E,C,S,R,117,5,O,NH2,7.5115733
tcr_20_4,E,C,S,R,117,5,O,CB,7.337264
tcr_20_4,E,C,S,R,117,5,O,CG,6.8899226
tcr_20_4,E,C,S,R,117,5,O,CD,6.6832705
tcr_20_4,E,C,S,R,117,5,O,C,8.569705
tcr_20_4,E,C,S,Q,117,3,CB,NE2,8.738004
tcr_20_4,E,C,S,Q,117,3,CB,CD,9.547996
tcr_20_4,E,C,S,R,117,5,CB,O,7.962237
tcr_20_4,E,C,S,Q,117,3,CB,CG,9.856066
tcr_20_4,E,C,S,R,117,5,CB,CA,6.7929106
tcr_20_4,E,C,S,R,117,5,CB,N,7.9619064
tcr_20_4,E,C,S,H,117,4,CB,O,8.771873
tcr_20_4,E,C,S,H,117,4,CB,C,8.840073
tcr_20_4,E,C,S,H,117,4,CB,NE2,9.209046
tcr_20_4,E,C,S,H,117,4,CB,CD2,8.86995
tcr_20_4,E,C,S,F,117,7,CB,CB,9.627381
tcr_20_4,E,C,S,S,117,8,CB,N,9.104537
tcr_20_4,E,C,S,S,117,8,CB,CA,9.974661
tcr_20_4,E,C,S,S,117,8,CB,O,9.854744
tcr_20_4,E,C,S,E,117,6,CB,CG,8.369331
tcr_20_4,E,C,S,E,117,6,CB,OE1,7.768618
tcr_20_4,E,C,S,S,117,8,CB,CB,9.420825
tcr_20_4,E,C,S,E,117,6,CB,CD,7.927579
tcr_20_4,E,C,S,E,117,6,CB,CB,9.096451
tcr_20_4,E,C,S,F,117,7,CB,N,8.726392
tcr_20_4,E,C,S,E,117,6,CB,OE2,8.035758
tcr_20_4,E,C,S,E,117,6,CB,CA,8.411056
tcr_20_4,E,C,S,F,117,7,CB,C,9.3118515
tcr_20_4,E,C,S,F,117,7,CB,CA,8.686181
tcr_20_4,E,C,S,E,117,6,CB,N,7.678055
tcr_20_4,E,C,S,E,117,6,CB,C,7.7677655
tcr_20_4,E,C,S,E,117,6,CB,O,6.5662727
tcr_20_4,E,C,S,R,117,5,CB,CZ,4.9550014
tcr_20_4,E,C,S,R,117,5,CB,NE,4.8919997
tcr_20_4,E,C,S,R,117,5,CB,NH1,4.7265363
tcr_20_4,E,C,S,R,117,5,CB,NH2,5.721401
tcr_20_4,E,C,S,R,117,5,CB,CB,5.748114
tcr_20_4,E,C,S,R,117,5,CB,CG,5.353513
tcr_20_4,E,C,S,R,117,5,CB,CD,4.643118
tcr_20_4,E,C,S,R,117,5,CB,C,7.441926
tcr_20_4,E,C,S,Q,117,3,OG,NE2,8.596218
tcr_20_4,E,C,S,Q,117,3,OG,CD,9.485572
tcr_20_4,E,C,S,R,117,5,OG,O,8.278743
tcr_20_4,E,C,S,Q,117,3,OG,CG,9.701345
tcr_20_4,E,C,S,R,117,5,OG,CA,6.8425603
tcr_20_4,E,C,S,R,117,5,OG,N,7.823373
tcr_20_4,E,C,S,H,117,4,OG,O,8.669033
tcr_20_4,E,C,S,H,117,4,OG,C,8.662788
tcr_20_4,E,C,S,H,117,4,OG,CA,9.8971615
tcr_20_4,E,C,S,H,117,4,OG,CG,9.421028
tcr_20_4,E,C,S,H,117,4,OG,NE2,8.357721
tcr_20_4,E,C,S,H,117,4,OG,CD2,8.160197
tcr_20_4,E,C,S,H,117,4,OG,CE1,9.667635
tcr_20_4,E,C,S,E,117,6,OG,CG,9.13712
tcr_20_4,E,C,S,E,117,6,OG,OE1,8.413947
tcr_20_4,E,C,S,E,117,6,OG,CD,8.53884
tcr_20_4,E,C,S,E,117,6,OG,CB,9.782845
tcr_20_4,E,C,S,F,117,7,OG,N,9.5866375
tcr_20_4,E,C,S,E,117,6,OG,OE2,8.460296
tcr_20_4,E,C,S,E,117,6,OG,CA,9.031734
tcr_20_4,E,C,S,F,117,7,OG,CA,9.675114
tcr_20_4,E,C,S,E,117,6,OG,N,8.115514
tcr_20_4,E,C,S,E,117,6,OG,C,8.5492735
tcr_20_4,E,C,S,E,117,6,OG,O,7.3912177
tcr_20_4,E,C,S,R,117,5,OG,CZ,3.8817918
tcr_20_4,E,C,S,R,117,5,OG,NE,3.9725707
tcr_20_4,E,C,S,R,117,5,OG,NH1,3.8358824
tcr_20_4,E,C,S,R,117,5,OG,NH2,4.468253
tcr_20_4,E,C,S,R,117,5,OG,CB,5.726658
tcr_20_4,E,C,S,R,117,5,OG,CG,4.975787
tcr_20_4,E,C,S,R,117,5,OG,CD,4.1262903
tcr_20_4,E,C,S,R,117,5,OG,C,7.7375607
tcr_20_4,E,C,S,Q,118,3,N,NE2,9.870792
tcr_20_4,E,C,S,R,118,5,N,O,8.130854
tcr_20_4,E,C,S,H,118,4,N,N,9.822084
tcr_20_4,E,C,S,R,118,5,N,CA,6.2848406
tcr_20_4,E,C,S,R,118,5,N,N,7.2605033
tcr_20_4,E,C,S,H,118,4,N,O,7.2537766
tcr_20_4,E,C,S,H,118,4,N,C,7.6821346
tcr_20_4,E,C,S,H,118,4,N,CA,9.019336
tcr_20_4,E,C,S,H,118,4,N,CB,9.036652
tcr_20_4,E,C,S,H,118,4,N,ND1,9.957717
tcr_20_4,E,C,S,H,118,4,N,CG,8.84075
tcr_20_4,E,C,S,H,118,4,N,NE2,8.3777895
tcr_20_4,E,C,S,H,118,4,N,CD2,7.7452025
tcr_20_4,E,C,S,H,118,4,N,CE1,9.686947
tcr_20_4,E,C,S,E,118,6,N,CG,7.5169673
tcr_20_4,E,C,S,E,118,6,N,OE1,6.1053114
tcr_20_4,E,C,S,E,118,6,N,CD,6.5265203
tcr_20_4,E,C,S,E,118,6,N,CB,8.440756
tcr_20_4,E,C,S,F,118,7,N,N,9.246452
tcr_20_4,E,C,S,E,118,6,N,OE2,6.4599223
tcr_20_4,E,C,S,E,118,6,N,CA,8.131087
tcr_20_4,E,C,S,F,118,7,N,CA,9.647816
tcr_20_4,E,C,S,E,118,6,N,N,7.149946
tcr_20_4,E,C,S,E,118,6,N,C,8.047128
tcr_20_4,E,C,S,E,118,6,N,O,7.083323
tcr_20_4,E,C,S,R,118,5,N,CZ,5.837732
tcr_20_4,E,C,S,R,118,5,N,NE,5.2793508
tcr_20_4,E,C,S,R,118,5,N,NH1,6.3353124
tcr_20_4,E,C,S,R,118,5,N,NH2,6.296052
tcr_20_4,E,C,S,R,118,5,N,CB,5.8426795
tcr_20_4,E,C,S,R,118,5,N,CG,5.182514
tcr_20_4,E,C,S,R,118,5,N,CD,5.271339
tcr_20_4,E,C,S,R,118,5,N,C,7.1963096
tcr_20_4,E,C,S,R,118,5,CA,O,9.350446
tcr_20_4,E,C,S,R,118,5,CA,CA,7.351253
tcr_20_4,E,C,S,R,118,5,CA,N,8.171914
tcr_20_4,E,C,S,H,118,4,CA,O,7.901844
tcr_20_4,E,C,S,H,118,4,CA,C,8.4194145
tcr_20_4,E,C,S,H,118,4,CA,CA,9.662003
tcr_20_4,E,C,S,H,118,4,CA,CB,9.47917
tcr_20_4,E,C,S,H,118,4,CA,CG,9.282037
tcr_20_4,E,C,S,H,118,4,CA,NE2,8.802191
tcr_20_4,E,C,S,H,118,4,CA,CD2,8.193795
tcr_20_4,E,C,S,E,118,6,CA,CG,8.479268
tcr_20_4,E,C,S,E,118,6,CA,OE1,6.7673855
tcr_20_4,E,C,S,E,118,6,CA,CD,7.331124
tcr_20_4,E,C,S,E,118,6,CA,CB,9.465129
tcr_20_4,E,C,S,E,118,6,CA,OE2,7.2163095
tcr_20_4,E,C,S,E,118,6,CA,CA,9.28265
tcr_20_4,E,C,S,E,118,6,CA,N,8.25638
tcr_20_4,E,C,S,E,118,6,CA,C,9.328646
tcr_20_4,E,C,S,E,118,6,CA,O,8.427558
tcr_20_4,E,C,S,R,118,5,CA,CZ,6.5921383
tcr_20_4,E,C,S,R,118,5,CA,NE,6.106188
tcr_20_4,E,C,S,R,118,5,CA,NH1,7.2326484
tcr_20_4,E,C,S,R,118,5,CA,NH2,6.793045
tcr_20_4,E,C,S,R,118,5,CA,CB,7.026095
tcr_20_4,E,C,S,R,118,5,CA,CG,6.21065
tcr_20_4,E,C,S,R,118,5,CA,CD,6.3537884
tcr_20_4,E,C,S,R,118,5,CA,C,8.350539
tcr_20_4,E,C,S,R,118,5,C,CA,8.493154
tcr_20_4,E,C,S,R,118,5,C,N,9.272178
tcr_20_4,E,C,S,H,118,4,C,O,9.186933
tcr_20_4,E,C,S,H,118,4,C,C,9.595598
tcr_20_4,E,C,S,H,118,4,C,NE2,9.331246
tcr_20_4,E,C,S,H,118,4,C,CD2,8.927334
tcr_20_4,E,C,S,E,118,6,C,CG,9.918597
tcr_20_4,E,C,S,E,118,6,C,OE1,8.26511
tcr_20_4,E,C,S,E,118,6,C,CD,8.825874
tcr_20_4,E,C,S,E,118,6,C,OE2,8.716774
tcr_20_4,E,C,S,E,118,6,C,N,9.579649
tcr_20_4,E,C,S,E,118,6,C,O,9.579538
tcr_20_4,E,C,S,R,118,5,C,CZ,6.526634
tcr_20_4,E,C,S,R,118,5,C,NE,6.33721
tcr_20_4,E,C,S,R,118,5,C,NH1,7.1124153
tcr_20_4,E,C,S,R,118,5,C,NH2,6.5045586
tcr_20_4,E,C,S,R,118,5,C,CB,7.9671607
tcr_20_4,E,C,S,R,118,5,C,CG,6.9957843
tcr_20_4,E,C,S,R,118,5,C,CD,6.8477793
tcr_20_4,E,C,S,R,118,5,C,C,9.558526
tcr_20_4,E,C,S,R,118,5,O,CA,9.586948
tcr_20_4,E,C,S,H,118,4,O,CD2,9.767432
tcr_20_4,E,C,S,E,118,6,O,OE1,9.012638
tcr_20_4,E,C,S,E,118,6,O,CD,9.668263
tcr_20_4,E,C,S,E,118,6,O,OE2,9.571928
tcr_20_4,E,C,S,R,118,5,O,CZ,7.547944
tcr_20_4,E,C,S,R,118,5,O,NE,7.4116206
tcr_20_4,E,C,S,R,118,5,O,NH1,8.167678
tcr_20_4,E,C,S,R,118,5,O,NH2,7.3829746
tcr_20_4,E,C,S,R,118,5,O,CB,9.128024
tcr_20_4,E,C,S,R,118,5,O,CG,8.12462
tcr_20_4,E,C,S,R,118,5,O,CD,8.008493
tcr_20_4,E,C,S,R,118,5,CB,O,9.203758
tcr_20_4,E,C,S,H,118,4,CB,N,9.759378
tcr_20_4,E,C,S,R,118,5,CB,CA,7.0063424
tcr_20_4,E,C,S,R,118,5,CB,N,7.589196
tcr_20_4,E,C,S,H,118,4,CB,O,7.102111
tcr_20_4,E,C,S,H,118,4,CB,C,7.6487856
tcr_20_4,E,C,S,H,118,4,CB,CA,8.75904
tcr_20_4,E,C,S,H,118,4,CB,CB,8.398886
tcr_20_4,E,C,S,H,118,4,CB,ND1,9.323138
tcr_20_4,E,C,S,H,118,4,CB,CG,8.224663
tcr_20_4,E,C,S,H,118,4,CB,NE2,7.853833
tcr_20_4,E,C,S,H,118,4,CB,CD2,7.197419
tcr_20_4,E,C,S,H,118,4,CB,CE1,9.101001
tcr_20_4,E,C,S,E,118,6,CB,CG,8.578813
tcr_20_4,E,C,S,E,118,6,CB,OE1,6.8228364
tcr_20_4,E,C,S,E,118,6,CB,CD,7.28511
tcr_20_4,E,C,S,E,118,6,CB,CB,9.435127
tcr_20_4,E,C,S,E,118,6,CB,OE2,6.935827
tcr_20_4,E,C,S,E,118,6,CB,CA,9.259427
tcr_20_4,E,C,S,E,118,6,CB,N,8.096773
tcr_20_4,E,C,S,E,118,6,CB,C,9.538459
tcr_20_4,E,C,S,E,118,6,CB,O,8.760111
tcr_20_4,E,C,S,R,118,5,CB,CZ,6.5943656
tcr_20_4,E,C,S,R,118,5,CB,NE,5.9517217
tcr_20_4,E,C,S,R,118,5,CB,NH1,7.4608126
tcr_20_4,E,C,S,R,118,5,CB,NH2,6.688089
tcr_20_4,E,C,S,R,118,5,CB,CB,6.86373
tcr_20_4,E,C,S,R,118,5,CB,CG,5.9194503
tcr_20_4,E,C,S,R,118,5,CB,CD,6.306149
tcr_20_4,E,C,S,R,118,5,CB,C,8.147853
tcr_20_4,E,C,S,Q,118,3,OG,O,9.715794
tcr_20_4,E,C,S,R,118,5,OG,O,8.253003
tcr_20_4,E,C,S,Q,118,3,OG,C,9.7185135
tcr_20_4,E,C,S,H,118,4,OG,N,8.814391
tcr_20_4,E,C,S,R,118,5,OG,CA,6.057447
tcr_20_4,E,C,S,R,118,5,OG,N,6.624778
tcr_20_4,E,C,S,H,118,4,OG,O,5.890876
tcr_20_4,E,C,S,H,118,4,OG,C,6.564151
tcr_20_4,E,C,S,H,118,4,OG,CA,7.720267
tcr_20_4,E,C,S,H,118,4,OG,CB,7.4635787
tcr_20_4,E,C,S,H,118,4,OG,ND1,8.708487
tcr_20_4,E,C,S,H,118,4,OG,CG,7.499833
tcr_20_4,E,C,S,H,118,4,OG,NE2,7.4862247
tcr_20_4,E,C,S,H,118,4,OG,CD2,6.6175056
tcr_20_4,E,C,S,H,118,4,OG,CE1,8.674181
tcr_20_4,E,C,S,E,118,6,OG,CG,7.4105763
tcr_20_4,E,C,S,E,118,6,OG,OE1,5.651758
tcr_20_4,E,C,S,E,118,6,OG,CD,6.0507035
tcr_20_4,E,C,S,E,118,6,OG,CB,8.224411
tcr_20_4,E,C,S,F,118,7,OG,N,9.854597
tcr_20_4,E,C,S,E,118,6,OG,OE2,5.6201243
tcr_20_4,E,C,S,E,118,6,OG,CA,8.132521
tcr_20_4,E,C,S,E,118,6,OG,N,6.967988
tcr_20_4,E,C,S,E,118,6,OG,C,8.560873
tcr_20_4,E,C,S,E,118,6,OG,O,7.9061604
tcr_20_4,E,C,S,R,118,5,OG,CZ,6.92329
tcr_20_4,E,C,S,R,118,5,OG,NE,6.048124
tcr_20_4,E,C,S,R,118,5,OG,NH1,7.798757
tcr_20_4,E,C,S,R,118,5,OG,NH2,7.2005763
tcr_20_4,E,C,S,R,118,5,OG,CB,6.1808205
tcr_20_4,E,C,S,R,118,5,OG,CG,5.434696
tcr_20_4,E,C,S,R,118,5,OG,CD,6.1352506
tcr_20_4,E,C,S,R,118,5,OG,C,7.1276236
tcr_20_4,E,C,Y,R,119,5,N,CA,8.432407
tcr_20_4,E,C,Y,R,119,5,N,N,9.238001
tcr_20_4,E,C,Y,H,119,4,N,O,9.468303
tcr_20_4,E,C,Y,H,119,4,N,C,9.723647
tcr_20_4,E,C,Y,H,119,4,N,NE2,9.125927
tcr_20_4,E,C,Y,H,119,4,N,CD2,8.871523
tcr_20_4,E,C,Y,E,119,6,N,OE1,8.85369
tcr_20_4,E,C,Y,E,119,6,N,CD,9.297504
tcr_20_4,E,C,Y,E,119,6,N,OE2,9.182624
tcr_20_4,E,C,Y,E,119,6,N,N,9.673014
tcr_20_4,E,C,Y,E,119,6,N,O,9.453331
tcr_20_4,E,C,Y,R,119,5,N,CZ,5.6201034
tcr_20_4,E,C,Y,R,119,5,N,NE,5.644763
tcr_20_4,E,C,Y,R,119,5,N,NH1,6.0723968
tcr_20_4,E,C,Y,R,119,5,N,NH2,5.587944
tcr_20_4,E,C,Y,R,119,5,N,CB,7.6810803
tcr_20_4,E,C,Y,R,119,5,N,CG,6.6640916
tcr_20_4,E,C,Y,R,119,5,N,CD,6.237409
tcr_20_4,E,C,Y,R,119,5,N,C,9.508451
tcr_20_4,E,C,Y,R,119,5,CA,CA,9.696869
tcr_20_4,E,C,Y,H,119,4,CA,NE2,9.990829
tcr_20_4,E,C,Y,H,119,4,CA,CD2,9.899473
tcr_20_4,E,C,Y,R,119,5,CA,CZ,6.0497603
tcr_20_4,E,C,Y,R,119,5,CA,NE,6.369618
tcr_20_4,E,C,Y,R,119,5,CA,NH1,6.3663383
tcr_20_4,E,C,Y,R,119,5,CA,NH2,5.8141704
tcr_20_4,E,C,Y,R,119,5,CA,CB,8.823736
tcr_20_4,E,C,Y,R,119,5,CA,CG,7.7557325
tcr_20_4,E,C,Y,R,119,5,CA,CD,7.1185036
tcr_20_4,E,C,Y,R,119,5,C,CZ,7.210033
tcr_20_4,E,C,Y,R,119,5,C,NE,7.564412
tcr_20_4,E,C,Y,R,119,5,C,NH1,7.3230953
tcr_20_4,E,C,Y,R,119,5,C,NH2,7.08796
tcr_20_4,E,C,Y,R,119,5,C,CB,9.74269
tcr_20_4,E,C,Y,R,119,5,C,CG,8.828537
tcr_20_4,E,C,Y,R,119,5,C,CD,8.152462
tcr_20_4,E,C,Y,R,119,5,O,CZ,8.034526
tcr_20_4,E,C,Y,R,119,5,O,NE,8.517028
tcr_20_4,E,C,Y,R,119,5,O,NH1,8.0935955
tcr_20_4,E,C,Y,R,119,5,O,NH2,7.7894855
tcr_20_4,E,C,Y,R,119,5,O,CG,9.9386425
tcr_20_4,E,C,Y,R,119,5,O,CD,9.188832
tcr_20_4,E,C,Y,R,119,5,CB,CA,9.567368
tcr_20_4,E,C,Y,H,119,4,CB,NE2,9.491016
tcr_20_4,E,C,Y,H,119,4,CB,CD2,9.580528
tcr_20_4,E,C,Y,R,119,5,CB,CZ,5.0383224
tcr_20_4,E,C,Y,R,119,5,CB,NE,5.627826
tcr_20_4,E,C,Y,R,119,5,CB,NH1,5.2228513
tcr_20_4,E,C,Y,R,119,5,CB,NH2,4.7160335
tcr_20_4,E,C,Y,R,119,5,CB,CB,8.512014
tcr_20_4,E,C,Y,R,119,5,CB,CG,7.3884096
tcr_20_4,E,C,Y,R,119,5,CB,CD,6.5018535
tcr_20_4,E,C,Y,R,119,5,CG,CZ,5.920851
tcr_20_4,E,C,Y,R,119,5,CG,NE,6.7251964
tcr_20_4,E,C,Y,R,119,5,CG,NH1,5.96335
tcr_20_4,E,C,Y,R,119,5,CG,NH2,5.4138336
tcr_20_4,E,C,Y,R,119,5,CG,CB,9.83266
tcr_20_4,E,C,Y,R,119,5,CG,CG,8.691713
tcr_20_4,E,C,Y,R,119,5,CG,CD,7.6859217
tcr_20_4,E,C,Y,R,119,5,CD1,CZ,6.381261
tcr_20_4,E,C,Y,R,119,5,CD1,NE,7.306254
tcr_20_4,E,C,Y,R,119,5,CD1,NH1,6.1345572
tcr_20_4,E,C,Y,R,119,5,CD1,NH2,6.0047903
tcr_20_4,E,C,Y,R,119,5,CD1,CG,9.293696
tcr_20_4,E,C,Y,R,119,5,CD1,CD,8.144916
tcr_20_4,E,C,Y,R,119,5,CD2,CZ,6.6831226
tcr_20_4,E,C,Y,R,119,5,CD2,NE,7.483689
tcr_20_4,E,C,Y,R,119,5,CD2,NH1,6.890833
tcr_20_4,E,C,Y,R,119,5,CD2,NH2,5.9456797
tcr_20_4,E,C,Y,R,119,5,CD2,CG,9.520711
tcr_20_4,E,C,Y,R,119,5,CD2,CD,8.592155
tcr_20_4,E,C,Y,R,119,5,CE1,CZ,7.4511275
tcr_20_4,E,C,Y,R,119,5,CE1,NE,8.472162
tcr_20_4,E,C,Y,R,119,5,CE1,NH1,7.153171
tcr_20_4,E,C,Y,R,119,5,CE1,NH2,6.958598
tcr_20_4,E,C,Y,R,119,5,CE1,CD,9.368133
tcr_20_4,E,C,Y,R,119,5,CE2,CZ,7.716405
tcr_20_4,E,C,Y,R,119,5,CE2,NE,8.630243
tcr_20_4,E,C,Y,R,119,5,CE2,NH1,7.8172646
tcr_20_4,E,C,Y,R,119,5,CE2,NH2,6.9126844
tcr_20_4,E,C,Y,R,119,5,CE2,CD,9.764144
tcr_20_4,E,C,Y,R,119,5,CZ,CZ,8.054523
tcr_20_4,E,C,Y,R,119,5,CZ,NE,9.070731
tcr_20_4,E,C,Y,R,119,5,CZ,NH1,7.92807
tcr_20_4,E,C,Y,R,119,5,CZ,NH2,7.3635073
tcr_20_4,E,C,Y,R,119,5,OH,CZ,9.2109375
tcr_20_4,E,C,Y,R,119,5,OH,NH1,9.034081
tcr_20_4,E,C,Y,R,119,5,OH,NH2,8.472123
tcr_20_4,E,C,N,E,120,6,N,OE1,9.816036
tcr_20_4,E,C,N,R,120,5,N,CZ,7.5258512
tcr_20_4,E,C,N,R,120,5,N,NE,7.7444973
tcr_20_4,E,C,N,R,120,5,N,NH1,7.5527887
tcr_20_4,E,C,N,R,120,5,N,NH2,7.6240954
tcr_20_4,E,C,N,R,120,5,N,CB,9.433398
tcr_20_4,E,C,N,R,120,5,N,CG,8.699706
tcr_20_4,E,C,N,R,120,5,N,CD,8.098224
tcr_20_4,E,C,N,R,120,5,CA,CZ,8.789252
tcr_20_4,E,C,N,R,120,5,CA,NE,9.035609
tcr_20_4,E,C,N,R,120,5,CA,NH1,8.6863785
tcr_20_4,E,C,N,R,120,5,CA,NH2,8.939823
tcr_20_4,E,C,N,R,120,5,CA,CG,9.904046
tcr_20_4,E,C,N,R,120,5,CA,CD,9.285201
tcr_20_4,E,C,N,R,120,5,C,CZ,9.9707985
tcr_20_4,E,C,N,R,120,5,C,NH1,9.975251
tcr_20_4,E,C,N,R,120,5,C,NH2,9.998838
tcr_20_4,E,C,N,E,120,6,CB,OE1,9.562483
tcr_20_4,E,C,N,E,120,6,CB,O,9.97237
tcr_20_4,E,C,N,R,120,5,CB,CZ,9.155021
tcr_20_4,E,C,N,R,120,5,CB,NE,9.25853
tcr_20_4,E,C,N,R,120,5,CB,NH1,8.98374
tcr_20_4,E,C,N,R,120,5,CB,NH2,9.5076275
tcr_20_4,E,C,N,R,120,5,CB,CG,9.787315
tcr_20_4,E,C,N,R,120,5,CB,CD,9.264796
tcr_20_4,E,C,N,E,120,6,CG,OE1,9.395228
tcr_20_4,E,C,N,S,120,8,CG,CB,9.616833
tcr_20_4,E,C,N,E,120,6,CG,CD,9.948408
tcr_20_4,E,C,N,E,120,6,CG,O,9.064374
tcr_20_4,E,C,N,R,120,5,CG,CZ,8.520901
tcr_20_4,E,C,N,R,120,5,CG,NE,8.658195
tcr_20_4,E,C,N,R,120,5,CG,NH1,8.175474
tcr_20_4,E,C,N,R,120,5,CG,NH2,9.022453
tcr_20_4,E,C,N,R,120,5,CG,CB,9.426379
tcr_20_4,E,C,N,R,120,5,CG,CG,9.157916
tcr_20_4,E,C,N,R,120,5,CG,CD,8.522536
tcr_20_4,E,C,N,E,120,6,OD1,O,9.32545
tcr_20_4,E,C,N,R,120,5,OD1,CZ,7.9794703
tcr_20_4,E,C,N,R,120,5,OD1,NE,8.282551
tcr_20_4,E,C,N,R,120,5,OD1,NH1,7.5078773
tcr_20_4,E,C,N,R,120,5,OD1,NH2,8.447411
tcr_20_4,E,C,N,R,120,5,OD1,CB,9.381877
tcr_20_4,E,C,N,R,120,5,OD1,CG,9.046105
tcr_20_4,E,C,N,R,120,5,OD1,CD,8.226186
tcr_20_4,E,C,N,R,120,5,ND2,CA,9.838489
tcr_20_4,E,C,N,S,120,8,ND2,N,8.927313
tcr_20_4,E,C,N,S,120,8,ND2,CA,9.248097
tcr_20_4,E,C,N,S,120,8,ND2,C,9.514357
tcr_20_4,E,C,N,S,120,8,ND2,O,8.780866
tcr_20_4,E,C,N,E,120,6,ND2,CG,9.367408
tcr_20_4,E,C,N,E,120,6,ND2,OE1,8.622102
tcr_20_4,E,C,N,S,120,8,ND2,CB,8.316786
tcr_20_4,E,C,N,S,120,8,ND2,OG,8.960096
tcr_20_4,E,C,N,E,120,6,ND2,CD,9.158556
tcr_20_4,E,C,N,F,120,7,ND2,N,9.982958
tcr_20_4,E,C,N,E,120,6,ND2,OE2,9.756184
tcr_20_4,E,C,N,F,120,7,ND2,C,9.593179
tcr_20_4,E,C,N,F,120,7,ND2,CA,9.561986
tcr_20_4,E,C,N,E,120,6,ND2,N,9.909522
tcr_20_4,E,C,N,E,120,6,ND2,C,9.310406
tcr_20_4,E,C,N,E,120,6,ND2,O,8.176678
tcr_20_4,E,C,N,R,120,5,ND2,CZ,8.863052
tcr_20_4,E,C,N,R,120,5,ND2,NE,8.85384
tcr_20_4,E,C,N,R,120,5,ND2,NH1,8.493016
tcr_20_4,E,C,N,R,120,5,ND2,NH2,9.519915
tcr_20_4,E,C,N,R,120,5,ND2,CB,9.075471
tcr_20_4,E,C,N,R,120,5,ND2,CG,9.016818
tcr_20_4,E,C,N,R,120,5,ND2,CD,8.500058
tcr_20_4,C,A,Y,W,1,75,N,CE3,9.157896
tcr_20_4,C,A,Y,W,1,75,N,CZ2,9.528954
tcr_20_4,C,A,Y,W,1,75,N,CH2,8.195097
tcr_20_4,C,A,Y,V,1,76,N,CB,8.380083
tcr_20_4,C,A,Y,W,1,75,N,CZ3,7.9785933
tcr_20_4,C,A,Y,V,1,76,N,CG1,8.975687
tcr_20_4,C,A,Y,W,1,84,N,CZ2,9.209705
tcr_20_4,C,A,Y,V,1,76,N,O,9.804063
tcr_20_4,C,A,Y,V,1,76,N,CA,9.468938
tcr_20_4,C,A,Y,E,1,79,N,CB,9.23178
tcr_20_4,C,A,Y,E,1,79,N,OE1,8.413811
tcr_20_4,C,A,Y,E,1,79,N,CD,8.579236
tcr_20_4,C,A,Y,E,1,79,N,CG,8.374947
tcr_20_4,C,A,Y,Y,1,195,N,CA,8.305265
tcr_20_4,C,A,Y,Y,1,195,N,C,9.645594
tcr_20_4,C,A,Y,G,1,50,N,C,8.102482
tcr_20_4,C,A,Y,G,1,50,N,O,8.636644
tcr_20_4,C,A,Y,V,1,49,N,O,9.330738
tcr_20_4,C,A,Y,V,1,49,N,C,9.32075
tcr_20_4,C,A,Y,Y,1,31,N,C,9.949777
tcr_20_4,C,A,Y,Y,1,51,N,CA,9.0665455
tcr_20_4,C,A,Y,V,1,52,N,N,8.961436
tcr_20_4,C,A,Y,Y,1,51,N,C,8.486857
tcr_20_4,C,A,Y,V,1,52,N,CA,9.313183
tcr_20_4,C,A,Y,V,1,52,N,CG1,9.791624
tcr_20_4,C,A,Y,V,1,52,N,CB,8.982415
tcr_20_4,C,A,Y,Y,1,51,N,N,8.251534
tcr_20_4,C,A,Y,Y,1,31,N,N,8.371134
tcr_20_4,C,A,Y,R,1,30,N,O,8.204571
tcr_20_4,C,A,Y,R,1,30,N,C,8.313571
tcr_20_4,C,A,Y,Y,1,51,N,O,7.892196
tcr_20_4,C,A,Y,R,1,30,N,CA,8.836728
tcr_20_4,C,A,Y,R,1,30,N,N,8.280873
tcr_20_4,C,A,Y,M,1,29,N,C,8.222219
tcr_20_4,C,A,Y,M,1,29,N,O,8.592406
tcr_20_4,C,A,Y,M,1,29,N,N,9.207865
tcr_20_4,C,A,Y,M,1,29,N,CA,7.9913154
tcr_20_4,C,A,Y,Y,1,31,N,CA,8.47785
tcr_20_4,C,A,Y,F,1,123,N,O,9.304687
tcr_20_4,C,A,Y,G,1,124,N,CA,9.389518
tcr_20_4,C,A,Y,C,1,125,N,N,9.934721
tcr_20_4,C,A,Y,V,1,58,N,CA,8.60302
tcr_20_4,C,A,Y,V,1,58,N,C,9.472764
tcr_20_4,C,A,Y,F,1,57,N,C,8.879132
tcr_20_4,C,A,Y,V,1,58,N,O,9.612928
tcr_20_4,C,A,Y,V,1,58,N,N,8.62316
tcr_20_4,C,A,Y,F,1,57,N,CA,9.252653
tcr_20_4,C,A,Y,F,1,57,N,N,9.68272
tcr_20_4,C,A,Y,V,1,58,N,CB,7.2402983
tcr_20_4,C,A,Y,F,1,57,N,O,9.0949
tcr_20_4,C,A,Y,V,1,58,N,CG2,7.615303
tcr_20_4,C,A,Y,W,1,84,N,CZ3,8.585531
tcr_20_4,C,A,Y,W,1,84,N,CH2,8.565334
tcr_20_4,C,A,Y,W,1,84,N,CE3,9.23089
tcr_20_4,C,A,Y,W,1,84,N,CE2,9.81694
tcr_20_4,C,A,Y,G,1,50,N,N,8.500965
tcr_20_4,C,A,Y,G,1,50,N,CA,7.517885
tcr_20_4,C,A,Y,Y,1,31,N,CD1,6.0082994
tcr_20_4,C,A,Y,Y,1,91,N,CE1,8.088726
tcr_20_4,C,A,Y,V,1,58,N,CG1,6.4571443
tcr_20_4,C,A,Y,Y,1,91,N,OH,6.3054013
tcr_20_4,C,A,Y,Y,1,91,N,CD1,9.299916
tcr_20_4,C,A,Y,Y,1,91,N,CZ,7.403133
tcr_20_4,C,A,Y,Y,1,91,N,CD2,9.295427
tcr_20_4,C,A,Y,Y,1,91,N,CE2,8.085822
tcr_20_4,C,A,Y,Y,1,91,N,CG,9.853103
tcr_20_4,C,A,Y,E,1,87,N,O,9.315847
tcr_20_4,C,A,Y,E,1,87,N,CD,4.9590645
tcr_20_4,C,A,Y,E,1,87,N,OE2,4.5320053
tcr_20_4,C,A,Y,E,1,87,N,CG,5.98384
tcr_20_4,C,A,Y,W,1,84,N,CD2,9.828273
tcr_20_4,C,A,Y,Y,1,83,N,C,9.257515
tcr_20_4,C,A,Y,Y,1,83,N,CA,9.408982
tcr_20_4,C,A,Y,E,1,87,N,N,8.684003
tcr_20_4,C,A,Y,E,1,87,N,CA,8.002752
tcr_20_4,C,A,Y,E,1,87,N,CB,7.2437134
tcr_20_4,C,A,Y,E,1,87,N,C,9.169419
tcr_20_4,C,A,Y,K,1,90,N,CE,6.9203005
tcr_20_4,C,A,Y,R,1,86,N,O,9.775867
tcr_20_4,C,A,Y,Y,1,83,N,O,8.684151
tcr_20_4,C,A,Y,R,1,86,N,C,9.541119
tcr_20_4,C,A,Y,R,1,86,N,CG,9.764346
tcr_20_4,C,A,Y,K,1,90,N,CB,9.311985
tcr_20_4,C,A,Y,K,1,90,N,CD,8.004103
tcr_20_4,C,A,Y,K,1,90,N,CG,9.284699
tcr_20_4,C,A,Y,Y,1,31,N,CE2,3.9126549
tcr_20_4,C,A,Y,F,1,57,N,CE1,5.621617
tcr_20_4,C,A,Y,F,1,57,N,CZ,4.376677
tcr_20_4,C,A,Y,Y,1,31,N,CZ,3.6101701
tcr_20_4,C,A,Y,F,1,57,N,CD1,6.761439
tcr_20_4,C,A,Y,Y,1,31,N,OH,2.5203373
tcr_20_4,C,A,Y,Y,1,31,N,CE1,4.843877
tcr_20_4,C,A,Y,F,1,57,N,CE2,4.573292
tcr_20_4,C,A,Y,F,1,57,N,CB,8.317839
tcr_20_4,C,A,Y,F,1,57,N,CG,6.8948836
tcr_20_4,C,A,Y,F,1,57,N,CD2,5.9197574
tcr_20_4,C,A,Y,Y,1,195,N,CE2,3.3708522
tcr_20_4,C,A,Y,V,1,52,N,CG2,7.4994903
tcr_20_4,C,A,Y,M,1,29,N,SD,3.9674566
tcr_20_4,C,A,Y,M,1,29,N,CG,5.4582853
tcr_20_4,C,A,Y,Y,1,195,N,CD2,4.689728
tcr_20_4,C,A,Y,Y,1,195,N,CG,5.7998233
tcr_20_4,C,A,Y,Y,1,195,N,N,8.227515
tcr_20_4,C,A,Y,M,1,29,N,CB,6.751213
tcr_20_4,C,A,Y,Y,1,195,N,CB,7.1784363
tcr_20_4,C,A,Y,M,1,29,N,CE,4.3320394
tcr_20_4,C,A,Y,W,1,191,N,O,6.2349343
tcr_20_4,C,A,Y,F,1,123,N,CE2,7.4046636
tcr_20_4,C,A,Y,Y,1,183,N,OH,5.2735295
tcr_20_4,C,A,Y,Y,1,183,N,CZ,6.3415284
tcr_20_4,C,A,Y,Y,1,31,N,CG,6.201128
tcr_20_4,C,A,Y,C,1,188,N,SG,7.4419894
tcr_20_4,C,A,Y,Y,1,31,N,CB,7.660212
tcr_20_4,C,A,Y,Y,1,31,N,CD2,5.2916474
tcr_20_4,C,A,Y,F,1,123,N,CZ,7.6702876
tcr_20_4,C,A,Y,F,1,123,N,CD2,8.475392
tcr_20_4,C,A,Y,Y,1,183,N,CE1,7.618551
tcr_20_4,C,A,Y,F,1,123,N,CE1,8.931625
tcr_20_4,C,A,Y,F,1,123,N,CD1,9.834809
tcr_20_4,C,A,Y,F,1,123,N,CG,9.638435
tcr_20_4,C,A,Y,Y,1,183,N,CD1,8.751416
tcr_20_4,C,A,Y,Y,1,183,N,CG,8.805273
tcr_20_4,C,A,Y,Y,1,83,N,CE1,6.236969
tcr_20_4,C,A,Y,W,1,191,N,CE3,4.9459887
tcr_20_4,C,A,Y,Y,1,83,N,OH,3.9345329
tcr_20_4,C,A,Y,Y,1,195,N,CD1,5.8650837
tcr_20_4,C,A,Y,Y,1,195,N,OH,2.7504754
tcr_20_4,C,A,Y,Y,1,195,N,CE1,4.8796206
tcr_20_4,C,A,Y,V,1,76,N,CG2,7.0824213
tcr_20_4,C,A,Y,Y,1,195,N,CZ,3.5008264
tcr_20_4,C,A,Y,Y,1,83,N,CZ,4.970456
tcr_20_4,C,A,Y,Y,1,83,N,CE2,5.082239
tcr_20_4,C,A,Y,R,1,194,N,CD,8.442269
tcr_20_4,C,A,Y,W,1,191,N,CZ3,5.7885823
tcr_20_4,C,A,Y,Y,1,83,N,CD1,7.3598876
tcr_20_4,C,A,Y,R,1,194,N,NE,8.986319
tcr_20_4,C,A,Y,W,1,191,N,CH2,6.530677
tcr_20_4,C,A,Y,Y,1,83,N,CG,7.4477687
tcr_20_4,C,A,Y,Y,1,83,N,CD2,6.4161053
tcr_20_4,C,A,Y,E,1,79,N,OE2,9.152418
tcr_20_4,C,A,Y,Y,1,83,N,CB,8.863189
tcr_20_4,C,A,Y,W,1,191,N,CA,5.856775
tcr_20_4,C,A,Y,Y,1,183,N,CE2,6.3994865
tcr_20_4,C,A,Y,Y,1,183,N,CD2,7.720403
tcr_20_4,C,A,Y,T,1,187,N,CB,8.081286
tcr_20_4,C,A,Y,W,1,191,N,CB,4.520212
tcr_20_4,C,A,Y,W,1,191,N,CG,4.7757277
tcr_20_4,C,A,Y,T,1,187,N,CG2,7.034266
tcr_20_4,C,A,Y,W,1,191,N,CD2,4.954126
tcr_20_4,C,A,Y,W,1,191,N,CD1,5.5363836
tcr_20_4,C,A,Y,K,1,90,N,NZ,5.6718087
tcr_20_4,C,A,Y,E,1,87,N,OE1,5.027911
tcr_20_4,C,A,Y,W,1,191,N,NE1,6.0890317
tcr_20_4,C,A,Y,W,1,191,N,CE2,5.806562
tcr_20_4,C,A,Y,R,1,86,N,CZ,9.069677
tcr_20_4,C,A,Y,R,1,86,N,NH2,8.441498
tcr_20_4,C,A,Y,R,1,86,N,NE,8.870266
tcr_20_4,C,A,Y,W,1,191,N,CZ2,6.552399
tcr_20_4,C,A,Y,R,1,86,N,CD,9.849686
tcr_20_4,C,A,Y,L,1,192,N,C,8.4206705
tcr_20_4,C,A,Y,L,1,192,N,O,8.789468
tcr_20_4,C,A,Y,L,1,192,N,CA,7.2040553
tcr_20_4,C,A,Y,R,1,193,N,N,9.193116
tcr_20_4,C,A,Y,L,1,192,N,CD1,8.603007
tcr_20_4,C,A,Y,L,1,192,N,CG,8.909381
tcr_20_4,C,A,Y,L,1,192,N,CB,7.821901
tcr_20_4,C,A,Y,C,1,125,N,SG,8.700379
tcr_20_4,C,A,Y,C,1,188,N,C,7.39613
tcr_20_4,C,A,Y,C,1,188,N,O,6.7986627
tcr_20_4,C,A,Y,L,1,192,N,CD2,9.600255
tcr_20_4,C,A,Y,V,1,189,N,CA,9.544756
tcr_20_4,C,A,Y,V,1,189,N,N,8.678777
tcr_20_4,C,A,Y,W,1,191,N,C,6.032431
tcr_20_4,C,A,Y,R,1,194,N,CB,8.63873
tcr_20_4,C,A,Y,R,1,194,N,CG,8.936918
tcr_20_4,C,A,Y,E,1,190,N,O,8.62774
tcr_20_4,C,A,Y,R,1,194,N,C,9.197634
tcr_20_4,C,A,Y,R,1,194,N,N,9.382819
tcr_20_4,C,A,Y,R,1,194,N,CA,9.415367
tcr_20_4,C,A,Y,L,1,192,N,N,6.4636793
tcr_20_4,C,A,Y,E,1,190,N,C,8.175783
tcr_20_4,C,A,Y,E,1,190,N,CA,9.276201
tcr_20_4,C,A,Y,E,1,190,N,CB,9.568905
tcr_20_4,C,A,Y,E,1,190,N,N,9.183448
tcr_20_4,C,A,Y,V,1,189,N,C,9.307927
tcr_20_4,C,A,Y,T,1,187,N,O,6.6537285
tcr_20_4,C,A,Y,W,1,191,N,N,6.895393
tcr_20_4,C,A,Y,V,1,189,N,O,9.47832
tcr_20_4,C,A,Y,C,1,188,N,CB,7.6563735
tcr_20_4,C,A,Y,C,1,188,N,CA,6.903746
tcr_20_4,C,A,Y,Y,1,183,N,O,9.598771
tcr_20_4,C,A,Y,T,1,187,N,CA,8.362349
tcr_20_4,C,A,Y,T,1,187,N,N,9.692135
tcr_20_4,C,A,Y,T,1,187,N,OG1,9.304047
tcr_20_4,C,A,Y,C,1,188,N,N,7.49038
tcr_20_4,C,A,Y,T,1,187,N,C,7.3378873
tcr_20_4,C,A,Y,W,1,75,CA,CH2,9.570153
tcr_20_4,C,A,Y,V,1,76,CA,CB,9.333582
tcr_20_4,C,A,Y,W,1,75,CA,CZ3,9.267949
tcr_20_4,C,A,Y,V,1,76,CA,CG1,9.917363
tcr_20_4,C,A,Y,W,1,84,CA,CZ2,9.609683
tcr_20_4,C,A,Y,E,1,79,CA,CB,9.401633
tcr_20_4,C,A,Y,E,1,79,CA,OE1,8.784692
tcr_20_4,C,A,Y,E,1,79,CA,CD,8.82278
tcr_20_4,C,A,Y,E,1,79,CA,CG,8.698306
tcr_20_4,C,A,Y,Y,1,195,CA,CA,9.427923
tcr_20_4,C,A,Y,G,1,50,CA,C,9.247404
tcr_20_4,C,A,Y,G,1,50,CA,O,9.811482
tcr_20_4,C,A,Y,Y,1,51,CA,C,9.846267
tcr_20_4,C,A,Y,Y,1,51,CA,N,9.454003
tcr_20_4,C,A,Y,Y,1,31,CA,N,9.056518
tcr_20_4,C,A,Y,R,1,30,CA,O,9.183015
tcr_20_4,C,A,Y,R,1,30,CA,C,9.1849375
tcr_20_4,C,A,Y,Y,1,51,CA,O,9.207519
tcr_20_4,C,A,Y,R,1,30,CA,CA,9.744796
tcr_20_4,C,A,Y,R,1,30,CA,N,9.325993
tcr_20_4,C,A,Y,M,1,29,CA,C,9.239251
tcr_20_4,C,A,Y,M,1,29,CA,O,9.464637
tcr_20_4,C,A,Y,M,1,29,CA,CA,9.130135
tcr_20_4,C,A,Y,Y,1,31,CA,CA,9.060695
tcr_20_4,C,A,Y,F,1,123,CA,O,9.738291
tcr_20_4,C,A,Y,G,1,124,CA,CA,9.847125
tcr_20_4,C,A,Y,V,1,58,CA,CA,9.433317
tcr_20_4,C,A,Y,F,1,57,CA,C,9.964035
tcr_20_4,C,A,Y,V,1,58,CA,N,9.637626
tcr_20_4,C,A,Y,V,1,58,CA,CB,7.978083
tcr_20_4,C,A,Y,V,1,58,CA,CG2,8.09489
tcr_20_4,C,A,Y,W,1,84,CA,CZ3,8.835764
tcr_20_4,C,A,Y,W,1,84,CA,CH2,8.996738
tcr_20_4,C,A,Y,W,1,84,CA,CE3,9.283504
tcr_20_4,C,A,Y,G,1,50,CA,N,9.35818
tcr_20_4,C,A,Y,G,1,50,CA,CA,8.4964485
tcr_20_4,C,A,Y,Y,1,31,CA,CD1,6.4543424
tcr_20_4,C,A,Y,Y,1,91,CA,CE1,7.8475294
tcr_20_4,C,A,Y,V,1,58,CA,CG1,7.22062
tcr_20_4,C,A,Y,Y,1,91,CA,OH,6.330754
tcr_20_4,C,A,Y,Y,1,91,CA,CD1,8.923273
tcr_20_4,C,A,Y,Y,1,91,CA,CZ,7.226719
tcr_20_4,C,A,Y,Y,1,91,CA,CD2,8.892506
tcr_20_4,C,A,Y,Y,1,91,CA,CE2,7.81485
tcr_20_4,C,A,Y,Y,1,91,CA,CG,9.403826
tcr_20_4,C,A,Y,E,1,87,CA,O,8.503783
tcr_20_4,C,A,Y,E,1,87,CA,CD,4.146402
tcr_20_4,C,A,Y,E,1,87,CA,OE2,3.8300433
tcr_20_4,C,A,Y,E,1,87,CA,CG,5.39219
tcr_20_4,C,A,Y,W,1,84,CA,CD2,9.8694725
tcr_20_4,C,A,Y,W,1,84,CA,CA,9.847088
tcr_20_4,C,A,Y,Y,1,83,CA,C,8.640941
tcr_20_4,C,A,Y,W,1,84,CA,N,9.573344
tcr_20_4,C,A,Y,Y,1,83,CA,CA,8.772149
tcr_20_4,C,A,Y,E,1,87,CA,N,7.746706
tcr_20_4,C,A,Y,T,1,88,CA,N,9.50138
tcr_20_4,C,A,Y,E,1,87,CA,CA,7.160126
tcr_20_4,C,A,Y,E,1,87,CA,CB,6.636925
tcr_20_4,C,A,Y,E,1,87,CA,C,8.381994
tcr_20_4,C,A,Y,K,1,90,CA,CE,5.6300263
tcr_20_4,C,A,Y,R,1,86,CA,O,8.642319
tcr_20_4,C,A,Y,Y,1,83,CA,O,7.9548287
tcr_20_4,C,A,Y,R,1,86,CA,C,8.470749
tcr_20_4,C,A,Y,R,1,86,CA,CG,8.485277
tcr_20_4,C,A,Y,R,1,86,CA,CA,9.416727
tcr_20_4,C,A,Y,R,1,86,CA,CB,8.90608
tcr_20_4,C,A,Y,K,1,90,CA,CB,8.1802
tcr_20_4,C,A,Y,K,1,90,CA,CA,9.667393
tcr_20_4,C,A,Y,K,1,90,CA,CD,6.6646996
tcr_20_4,C,A,Y,K,1,90,CA,CG,8.007179
tcr_20_4,C,A,Y,Y,1,31,CA,CE2,4.5195346
tcr_20_4,C,A,Y,F,1,57,CA,CE1,6.991889
tcr_20_4,C,A,Y,F,1,57,CA,CZ,5.7169847
tcr_20_4,C,A,Y,Y,1,31,CA,CZ,4.246724
tcr_20_4,C,A,Y,F,1,57,CA,CD1,8.134031
tcr_20_4,C,A,Y,Y,1,31,CA,OH,3.3172302
tcr_20_4,C,A,Y,Y,1,31,CA,CE1,5.3568587
tcr_20_4,C,A,Y,F,1,57,CA,CE2,5.819603
tcr_20_4,C,A,Y,F,1,57,CA,CB,9.617039
tcr_20_4,C,A,Y,F,1,57,CA,CG,8.211101
tcr_20_4,C,A,Y,F,1,57,CA,CD2,7.1530414
tcr_20_4,C,A,Y,Y,1,195,CA,CE2,4.642517
tcr_20_4,C,A,Y,V,1,52,CA,CG2,8.955586
tcr_20_4,C,A,Y,M,1,29,CA,SD,5.1358666
tcr_20_4,C,A,Y,M,1,29,CA,CG,6.6323934
tcr_20_4,C,A,Y,Y,1,195,CA,CD2,5.9774756
tcr_20_4,C,A,Y,Y,1,195,CA,CG,7.000062
tcr_20_4,C,A,Y,Y,1,195,CA,N,9.20509
tcr_20_4,C,A,Y,M,1,29,CA,CB,7.8677454
tcr_20_4,C,A,Y,Y,1,195,CA,CB,8.414594
tcr_20_4,C,A,Y,M,1,29,CA,CE,5.071533
tcr_20_4,C,A,Y,W,1,191,CA,O,7.0669627
tcr_20_4,C,A,Y,F,1,123,CA,CE2,7.2069488
tcr_20_4,C,A,Y,Y,1,183,CA,OH,5.0179076
tcr_20_4,C,A,Y,Y,1,183,CA,CZ,5.882226
tcr_20_4,C,A,Y,Y,1,31,CA,CG,6.6398277
tcr_20_4,C,A,Y,C,1,188,CA,SG,7.780606
tcr_20_4,C,A,Y,Y,1,31,CA,CB,8.0411
tcr_20_4,C,A,Y,Y,1,31,CA,CD2,5.782084
tcr_20_4,C,A,Y,F,1,123,CA,CZ,7.442037
tcr_20_4,C,A,Y,F,1,123,CA,CD2,8.371548
tcr_20_4,C,A,Y,Y,1,183,CA,CE1,7.25201
tcr_20_4,C,A,Y,F,1,123,CA,CE1,8.770077
tcr_20_4,C,A,Y,F,1,123,CA,CD1,9.747257
tcr_20_4,C,A,Y,F,1,123,CA,CG,9.577971
tcr_20_4,C,A,Y,Y,1,183,CA,CD1,8.252001
tcr_20_4,C,A,Y,Y,1,183,CA,CG,8.112694
tcr_20_4,C,A,Y,Y,1,83,CA,CE1,6.258756
tcr_20_4,C,A,Y,W,1,191,CA,CE3,4.9909706
tcr_20_4,C,A,Y,Y,1,83,CA,OH,4.2505713
tcr_20_4,C,A,Y,Y,1,195,CA,CD1,6.910724
tcr_20_4,C,A,Y,Y,1,195,CA,OH,3.5185585
tcr_20_4,C,A,Y,Y,1,195,CA,CE1,5.7971964
tcr_20_4,C,A,Y,V,1,76,CA,CG2,7.9348836
tcr_20_4,C,A,Y,Y,1,195,CA,CZ,4.526208
tcr_20_4,C,A,Y,Y,1,83,CA,CZ,4.983591
tcr_20_4,C,A,Y,Y,1,83,CA,CE2,4.8287253
tcr_20_4,C,A,Y,R,1,194,CA,CD,8.710012
tcr_20_4,C,A,Y,W,1,191,CA,CZ3,5.7001734
tcr_20_4,C,A,Y,Y,1,83,CA,CD1,7.2059755
tcr_20_4,C,A,Y,R,1,194,CA,NE,9.204963
tcr_20_4,C,A,Y,W,1,191,CA,CH2,6.1372323
tcr_20_4,C,A,Y,Y,1,83,CA,CG,7.111015
tcr_20_4,C,A,Y,Y,1,83,CA,CD2,6.0119276
tcr_20_4,C,A,Y,E,1,79,CA,OE2,9.209473
tcr_20_4,C,A,Y,Y,1,83,CA,CB,8.421963
tcr_20_4,C,A,Y,W,1,191,CA,CA,6.2364225
tcr_20_4,C,A,Y,Y,1,183,CA,CE2,5.668043
tcr_20_4,C,A,Y,Y,1,183,CA,CB,9.444499
tcr_20_4,C,A,Y,Y,1,183,CA,CA,9.967008
tcr_20_4,C,A,Y,Y,1,183,CA,CD2,6.909608
tcr_20_4,C,A,Y,T,1,187,CA,CB,7.286298
tcr_20_4,C,A,Y,W,1,191,CA,CB,4.757809
tcr_20_4,C,A,Y,W,1,191,CA,CG,4.611256
tcr_20_4,C,A,Y,T,1,187,CA,CG2,6.1149244
tcr_20_4,C,A,Y,W,1,191,CA,CD2,4.7394195
tcr_20_4,C,A,Y,W,1,191,CA,CD1,5.0554457
tcr_20_4,C,A,Y,K,1,90,CA,NZ,4.300718
tcr_20_4,C,A,Y,E,1,87,CA,OE1,3.947192
tcr_20_4,C,A,Y,W,1,191,CA,NE1,5.408835
tcr_20_4,C,A,Y,W,1,191,CA,CE2,5.2556624
tcr_20_4,C,A,Y,R,1,86,CA,CZ,7.9073544
tcr_20_4,C,A,Y,R,1,86,CA,NH2,7.414955
tcr_20_4,C,A,Y,R,1,86,CA,NE,7.6496053
tcr_20_4,C,A,Y,W,1,191,CA,CZ2,5.946552
tcr_20_4,C,A,Y,R,1,86,CA,CD,8.549783
tcr_20_4,C,A,Y,R,1,86,CA,NH1,8.901138
tcr_20_4,C,A,Y,L,1,192,CA,C,9.368277
tcr_20_4,C,A,Y,L,1,192,CA,O,9.847068
tcr_20_4,C,A,Y,L,1,192,CA,CA,8.159138
tcr_20_4,C,A,Y,R,1,193,CA,N,9.996385
tcr_20_4,C,A,Y,L,1,192,CA,CD1,9.806025
tcr_20_4,C,A,Y,L,1,192,CA,CG,9.960502
tcr_20_4,C,A,Y,L,1,192,CA,CB,8.753502
tcr_20_4,C,A,Y,C,1,125,CA,SG,9.24425
tcr_20_4,C,A,Y,C,1,188,CA,C,7.628426
tcr_20_4,C,A,Y,C,1,188,CA,O,7.233407
tcr_20_4,C,A,Y,V,1,189,CA,CA,9.858139
tcr_20_4,C,A,Y,V,1,189,CA,N,8.863215
tcr_20_4,C,A,Y,W,1,191,CA,C,6.7361774
tcr_20_4,C,A,Y,R,1,194,CA,CB,9.16503
tcr_20_4,C,A,Y,R,1,194,CA,CG,9.417567
tcr_20_4,C,A,Y,E,1,190,CA,O,8.97222
tcr_20_4,C,A,Y,L,1,192,CA,N,7.226157
tcr_20_4,C,A,Y,E,1,190,CA,C,8.409997
tcr_20_4,C,A,Y,E,1,190,CA,CA,9.3917675
tcr_20_4,C,A,Y,E,1,190,CA,CB,9.453373
tcr_20_4,C,A,Y,E,1,190,CA,N,9.322893
tcr_20_4,C,A,Y,V,1,189,CA,C,9.627703
tcr_20_4,C,A,Y,T,1,187,CA,O,6.423166
tcr_20_4,C,A,Y,W,1,191,CA,N,7.111634
tcr_20_4,C,A,Y,V,1,189,CA,O,9.950418
tcr_20_4,C,A,Y,C,1,188,CA,CB,7.703919
tcr_20_4,C,A,Y,C,1,188,CA,CA,6.9204993
tcr_20_4,C,A,Y,Y,1,183,CA,C,9.859563
tcr_20_4,C,A,Y,Y,1,183,CA,O,9.16995
tcr_20_4,C,A,Y,T,1,187,CA,CA,7.7963266
tcr_20_4,C,A,Y,T,1,187,CA,N,9.163106
tcr_20_4,C,A,Y,T,1,187,CA,OG1,8.395067
tcr_20_4,C,A,Y,C,1,188,CA,N,7.2398634
tcr_20_4,C,A,Y,T,1,187,CA,C,6.9872217
tcr_20_4,C,A,Y,G,1,186,CA,O,9.80738
tcr_20_4,C,A,Y,G,1,50,C,C,9.138285
tcr_20_4,C,A,Y,G,1,50,C,O,9.840649
tcr_20_4,C,A,Y,V,1,49,C,O,9.354405
tcr_20_4,C,A,Y,V,1,49,C,C,9.541085
tcr_20_4,C,A,Y,Y,1,31,C,C,9.453516
tcr_20_4,C,A,Y,Y,1,51,C,C,9.937449
tcr_20_4,C,A,Y,Y,1,51,C,N,9.318867
tcr_20_4,C,A,Y,Y,1,31,C,N,8.196389
tcr_20_4,C,A,Y,R,1,30,C,O,8.653627
tcr_20_4,C,A,Y,R,1,30,C,C,8.517867
tcr_20_4,C,A,Y,Y,1,51,C,O,9.206685
tcr_20_4,C,A,Y,R,1,30,C,CA,9.130941
tcr_20_4,C,A,Y,R,1,30,C,N,8.92111
tcr_20_4,C,A,Y,M,1,29,C,C,8.888866
tcr_20_4,C,A,Y,M,1,29,C,O,8.985538
tcr_20_4,C,A,Y,M,1,29,C,CA,9.026813
tcr_20_4,C,A,Y,Y,1,31,C,CA,8.128902
tcr_20_4,C,A,Y,Y,1,31,C,O,9.937972
tcr_20_4,C,A,Y,F,1,123,C,O,8.683797
tcr_20_4,C,A,Y,G,1,124,C,C,9.892271
tcr_20_4,C,A,Y,G,1,124,C,CA,8.975038
tcr_20_4,C,A,Y,G,1,124,C,N,9.4146385
tcr_20_4,C,A,Y,F,1,123,C,C,9.260895
tcr_20_4,C,A,Y,C,1,125,C,N,9.904256
tcr_20_4,C,A,Y,V,1,58,C,CA,9.707594
tcr_20_4,C,A,Y,V,1,58,C,N,9.984799
tcr_20_4,C,A,Y,V,1,58,C,CB,8.260242
tcr_20_4,C,A,Y,V,1,58,C,CG2,8.323691
tcr_20_4,C,A,Y,W,1,84,C,CZ3,9.521014
tcr_20_4,C,A,Y,W,1,84,C,CH2,9.832974
tcr_20_4,C,A,Y,W,1,84,C,CE3,9.976264
tcr_20_4,C,A,Y,G,1,50,C,N,9.0179615
tcr_20_4,C,A,Y,G,1,50,C,CA,8.213641
tcr_20_4,C,A,Y,Y,1,31,C,CD1,5.630034
tcr_20_4,C,A,Y,Y,1,91,C,CE1,7.069426
tcr_20_4,C,A,Y,V,1,58,C,CG1,7.2973976
tcr_20_4,C,A,Y,Y,1,91,C,OH,5.9270296
tcr_20_4,C,A,Y,Y,1,91,C,CD1,8.098757
tcr_20_4,C,A,Y,Y,1,91,C,CZ,6.6998754
tcr_20_4,C,A,Y,Y,1,91,C,CD2,8.432876
tcr_20_4,C,A,Y,Y,1,91,C,CE2,7.454217
tcr_20_4,C,A,Y,Y,1,91,C,CG,8.7289095
tcr_20_4,C,A,Y,Y,1,91,C,CB,9.971105
tcr_20_4,C,A,Y,E,1,87,C,O,8.123158
tcr_20_4,C,A,Y,E,1,87,C,CD,4.4385233
tcr_20_4,C,A,Y,E,1,87,C,OE2,3.8073895
tcr_20_4,C,A,Y,E,1,87,C,CG,5.8580265
tcr_20_4,C,A,Y,Y,1,83,C,C,9.462565
tcr_20_4,C,A,Y,Y,1,83,C,CA,9.732524
tcr_20_4,C,A,Y,E,1,87,C,N,7.913673
tcr_20_4,C,A,Y,T,1,88,C,N,9.446194
tcr_20_4,C,A,Y,E,1,87,C,CA,7.1726727
tcr_20_4,C,A,Y,E,1,87,C,CB,6.850643
tcr_20_4,C,A,Y,E,1,87,C,C,8.222173
tcr_20_4,C,A,Y,K,1,90,C,CE,5.187959
tcr_20_4,C,A,Y,R,1,86,C,O,8.478875
tcr_20_4,C,A,Y,Y,1,83,C,O,8.629585
tcr_20_4,C,A,Y,R,1,86,C,C,8.524012
tcr_20_4,C,A,Y,R,1,86,C,CG,8.658038
tcr_20_4,C,A,Y,R,1,86,C,CA,9.608859
tcr_20_4,C,A,Y,R,1,86,C,CB,9.232513
tcr_20_4,C,A,Y,Y,1,91,C,CA,9.961556
tcr_20_4,C,A,Y,Y,1,91,C,N,9.250519
tcr_20_4,C,A,Y,R,1,121,C,NH1,9.641188
tcr_20_4,C,A,Y,K,1,90,C,O,9.854297
tcr_20_4,C,A,Y,K,1,90,C,C,9.264614
tcr_20_4,C,A,Y,K,1,90,C,CB,7.3853245
tcr_20_4,C,A,Y,K,1,90,C,CA,8.8795185
tcr_20_4,C,A,Y,K,1,90,C,CD,5.989652
tcr_20_4,C,A,Y,K,1,90,C,N,9.531939
tcr_20_4,C,A,Y,K,1,90,C,CG,7.3190827
tcr_20_4,C,A,Y,Y,1,31,C,CE2,3.802528
tcr_20_4,C,A,Y,F,1,57,C,CE1,7.341187
tcr_20_4,C,A,Y,F,1,57,C,CZ,6.1701436
tcr_20_4,C,A,Y,Y,1,31,C,CZ,3.73627
tcr_20_4,C,A,Y,F,1,57,C,CD1,8.589781
tcr_20_4,C,A,Y,Y,1,31,C,OH,3.2741153
tcr_20_4,C,A,Y,Y,1,31,C,CE1,4.7569594
tcr_20_4,C,A,Y,F,1,57,C,CE2,6.4988575
tcr_20_4,C,A,Y,F,1,57,C,CG,8.835237
tcr_20_4,C,A,Y,F,1,57,C,CD2,7.883647
tcr_20_4,C,A,Y,Y,1,195,C,CE2,5.7781577
tcr_20_4,C,A,Y,V,1,52,C,CG2,9.5589485
tcr_20_4,C,A,Y,M,1,29,C,SD,5.3933034
tcr_20_4,C,A,Y,M,1,29,C,CG,6.6359477
tcr_20_4,C,A,Y,Y,1,195,C,CD2,7.046318
tcr_20_4,C,A,Y,Y,1,195,C,CG,8.197943
tcr_20_4,C,A,Y,M,1,29,C,CB,7.8751583
tcr_20_4,C,A,Y,Y,1,195,C,CB,9.5465765
tcr_20_4,C,A,Y,M,1,29,C,CE,5.0225945
tcr_20_4,C,A,Y,W,1,191,C,O,8.169753
tcr_20_4,C,A,Y,F,1,123,C,CE2,5.7964063
tcr_20_4,C,A,Y,Y,1,183,C,OH,3.9211779
tcr_20_4,C,A,Y,Y,1,183,C,CZ,4.7935653
tcr_20_4,C,A,Y,Y,1,31,C,CG,5.673851
tcr_20_4,C,A,Y,C,1,188,C,SG,7.3085456
tcr_20_4,C,A,Y,Y,1,31,C,CB,6.9688773
tcr_20_4,C,A,Y,Y,1,31,C,CD2,4.853852
tcr_20_4,C,A,Y,F,1,123,C,CZ,5.994998
tcr_20_4,C,A,Y,F,1,123,C,CD2,7.0180736
tcr_20_4,C,A,Y,Y,1,183,C,CE1,6.1391444
tcr_20_4,C,A,Y,F,1,123,C,CE1,7.34143
tcr_20_4,C,A,Y,F,1,123,C,CD1,8.337654
tcr_20_4,C,A,Y,F,1,123,C,CG,8.204869
tcr_20_4,C,A,Y,Y,1,183,C,CD1,7.1654844
tcr_20_4,C,A,Y,Y,1,183,C,CG,7.104389
tcr_20_4,C,A,Y,R,1,121,C,NH2,9.901654
tcr_20_4,C,A,Y,L,1,184,C,CD2,9.893393
tcr_20_4,C,A,Y,F,1,123,C,CB,9.5262165
tcr_20_4,C,A,Y,Y,1,83,C,CE1,7.3835063
tcr_20_4,C,A,Y,W,1,191,C,CE3,6.4328423
tcr_20_4,C,A,Y,Y,1,83,C,OH,5.4563694
tcr_20_4,C,A,Y,Y,1,195,C,CD1,8.254579
tcr_20_4,C,A,Y,Y,1,195,C,OH,4.9348617
tcr_20_4,C,A,Y,Y,1,195,C,CE1,7.2059216
tcr_20_4,C,A,Y,V,1,76,C,CG2,9.141104
tcr_20_4,C,A,Y,Y,1,195,C,CZ,5.875404
tcr_20_4,C,A,Y,Y,1,83,C,CZ,6.216064
tcr_20_4,C,A,Y,Y,1,83,C,CE2,6.1429825
tcr_20_4,C,A,Y,W,1,191,C,CZ3,7.1664085
tcr_20_4,C,A,Y,Y,1,83,C,CD1,8.332628
tcr_20_4,C,A,Y,W,1,191,C,CH2,7.4983797
tcr_20_4,C,A,Y,Y,1,83,C,CG,8.288881
tcr_20_4,C,A,Y,Y,1,83,C,CD2,7.260802
tcr_20_4,C,A,Y,Y,1,83,C,CB,9.559214
tcr_20_4,C,A,Y,W,1,191,C,CA,7.221071
tcr_20_4,C,A,Y,Y,1,183,C,CE2,4.683746
tcr_20_4,C,A,Y,Y,1,183,C,CB,8.4819
tcr_20_4,C,A,Y,Y,1,183,C,CA,9.188109
tcr_20_4,C,A,Y,Y,1,183,C,CD2,5.973608
tcr_20_4,C,A,Y,T,1,187,C,CB,7.114895
tcr_20_4,C,A,Y,W,1,191,C,CB,5.7273307
tcr_20_4,C,A,Y,W,1,191,C,CG,5.6692953
tcr_20_4,C,A,Y,T,1,187,C,CG2,6.092535
tcr_20_4,C,A,Y,W,1,191,C,CD2,6.017399
tcr_20_4,C,A,Y,W,1,191,C,CD1,5.8870416
tcr_20_4,C,A,Y,K,1,90,C,NZ,3.938265
tcr_20_4,C,A,Y,E,1,87,C,OE1,4.2980676
tcr_20_4,C,A,Y,W,1,191,C,NE1,6.315621
tcr_20_4,C,A,Y,W,1,191,C,CE2,6.4105115
tcr_20_4,C,A,Y,R,1,86,C,CZ,8.568491
tcr_20_4,C,A,Y,R,1,86,C,NH2,8.278596
tcr_20_4,C,A,Y,R,1,86,C,NE,8.166397
tcr_20_4,C,A,Y,W,1,191,C,CZ2,7.1575875
tcr_20_4,C,A,Y,R,1,86,C,CD,8.84971
tcr_20_4,C,A,Y,R,1,86,C,NH1,9.499982
tcr_20_4,C,A,Y,L,1,192,C,CA,8.878894
tcr_20_4,C,A,Y,L,1,192,C,CB,9.239989
tcr_20_4,C,A,Y,C,1,125,C,SG,8.992063
tcr_20_4,C,A,Y,C,1,188,C,C,7.6921144
tcr_20_4,C,A,Y,C,1,188,C,O,7.466702
tcr_20_4,C,A,Y,V,1,189,C,N,8.931462
tcr_20_4,C,A,Y,W,1,191,C,C,7.6996083
tcr_20_4,C,A,Y,E,1,190,C,O,9.936213
tcr_20_4,C,A,Y,L,1,192,C,N,7.983529
tcr_20_4,C,A,Y,E,1,190,C,C,9.240712
tcr_20_4,C,A,Y,E,1,190,C,N,9.798601
tcr_20_4,C,A,Y,T,1,187,C,O,6.7032166
tcr_20_4,C,A,Y,W,1,191,C,N,7.9144607
tcr_20_4,C,A,Y,L,1,184,C,N,9.960074
tcr_20_4,C,A,Y,C,1,188,C,CB,7.26395
tcr_20_4,C,A,Y,C,1,188,C,CA,6.743064
tcr_20_4,C,A,Y,Y,1,183,C,C,9.147138
tcr_20_4,C,A,Y,Y,1,183,C,O,8.610122
tcr_20_4,C,A,Y,T,1,187,C,CA,7.799017
tcr_20_4,C,A,Y,T,1,187,C,N,9.0630665
tcr_20_4,C,A,Y,T,1,187,C,OG1,8.1902275
tcr_20_4,C,A,Y,C,1,188,C,N,7.057582
tcr_20_4,C,A,Y,T,1,187,C,C,7.021245
tcr_20_4,C,A,Y,G,1,186,C,C,9.99468
tcr_20_4,C,A,Y,G,1,186,C,O,9.916205
tcr_20_4,C,A,Y,G,1,50,O,C,9.345945
tcr_20_4,C,A,Y,V,1,49,O,O,9.477956
tcr_20_4,C,A,Y,V,1,49,O,C,9.807118
tcr_20_4,C,A,Y,F,1,32,O,N,9.958389
tcr_20_4,C,A,Y,Y,1,31,O,C,9.125094
tcr_20_4,C,A,Y,Y,1,51,O,C,9.860974
tcr_20_4,C,A,Y,Y,1,51,O,N,9.367543
tcr_20_4,C,A,Y,Y,1,31,O,N,7.735814
tcr_20_4,C,A,Y,R,1,30,O,O,8.390931
tcr_20_4,C,A,Y,R,1,30,O,C,8.095599
tcr_20_4,C,A,Y,Y,1,51,O,O,9.008108
tcr_20_4,C,A,Y,R,1,30,O,CA,8.55866
tcr_20_4,C,A,Y,R,1,30,O,N,8.375437
tcr_20_4,C,A,Y,M,1,29,O,C,8.225508
tcr_20_4,C,A,Y,M,1,29,O,O,8.182603
tcr_20_4,C,A,Y,M,1,29,O,N,9.583395
tcr_20_4,C,A,Y,M,1,29,O,CA,8.435267
tcr_20_4,C,A,Y,F,1,123,O,CA,9.204242
tcr_20_4,C,A,Y,Y,1,31,O,CA,7.824333
tcr_20_4,C,A,Y,F,1,123,O,N,9.8412285
tcr_20_4,C,A,Y,Y,1,31,O,O,9.479526
tcr_20_4,C,A,Y,F,1,123,O,O,7.8781962
tcr_20_4,C,A,Y,G,1,124,O,C,8.80964
tcr_20_4,C,A,Y,G,1,124,O,CA,7.9556785
tcr_20_4,C,A,Y,G,1,124,O,N,8.40409
tcr_20_4,C,A,Y,F,1,123,O,C,8.352893
tcr_20_4,C,A,Y,G,1,124,O,O,9.592912
tcr_20_4,C,A,Y,C,1,125,O,N,8.8509
tcr_20_4,C,A,Y,C,1,125,O,CA,9.812043
tcr_20_4,C,A,Y,V,1,58,O,CB,9.120662
tcr_20_4,C,A,Y,V,1,58,O,CG2,9.2941265
tcr_20_4,C,A,Y,G,1,50,O,N,9.352803
tcr_20_4,C,A,Y,G,1,50,O,CA,8.454842
tcr_20_4,C,A,Y,Y,1,31,O,CD1,5.769006
tcr_20_4,C,A,Y,Y,1,91,O,CE1,7.7432013
tcr_20_4,C,A,Y,V,1,58,O,CG1,8.03957
tcr_20_4,C,A,Y,Y,1,91,O,OH,6.7814236
tcr_20_4,C,A,Y,Y,1,91,O,CD1,8.759749
tcr_20_4,C,A,Y,Y,1,91,O,CZ,7.5426865
tcr_20_4,C,A,Y,Y,1,91,O,CD2,9.351026
tcr_20_4,C,A,Y,Y,1,91,O,CE2,8.411785
tcr_20_4,C,A,Y,Y,1,91,O,CG,9.51333
tcr_20_4,C,A,Y,E,1,87,O,O,9.090177
tcr_20_4,C,A,Y,E,1,87,O,CD,5.639416
tcr_20_4,C,A,Y,E,1,87,O,OE2,4.982483
tcr_20_4,C,A,Y,E,1,87,O,CG,7.0790734
tcr_20_4,C,A,Y,E,1,87,O,N,9.018485
tcr_20_4,C,A,Y,E,1,87,O,CA,8.284294
tcr_20_4,C,A,Y,E,1,87,O,CB,8.037435
tcr_20_4,C,A,Y,E,1,87,O,C,9.281156
tcr_20_4,C,A,Y,K,1,90,O,CE,5.9798903
tcr_20_4,C,A,Y,R,1,86,O,O,9.416281
tcr_20_4,C,A,Y,Y,1,83,O,O,9.79663
tcr_20_4,C,A,Y,R,1,86,O,C,9.545361
tcr_20_4,C,A,Y,R,1,86,O,CG,9.501919
tcr_20_4,C,A,Y,Y,1,91,O,N,9.94266
tcr_20_4,C,A,Y,R,1,121,O,NH1,9.149872
tcr_20_4,C,A,Y,K,1,90,O,C,9.8569355
tcr_20_4,C,A,Y,K,1,90,O,CB,8.013276
tcr_20_4,C,A,Y,K,1,90,O,CA,9.50598
tcr_20_4,C,A,Y,K,1,90,O,CD,6.5473905
tcr_20_4,C,A,Y,K,1,90,O,CG,7.9128737
tcr_20_4,C,A,Y,Y,1,31,O,CE2,3.6226702
tcr_20_4,C,A,Y,F,1,57,O,CE1,7.625771
tcr_20_4,C,A,Y,F,1,57,O,CZ,6.5954304
tcr_20_4,C,A,Y,Y,1,31,O,CZ,4.010255
tcr_20_4,C,A,Y,F,1,57,O,CD1,8.950497
tcr_20_4,C,A,Y,Y,1,31,O,OH,3.8452964
tcr_20_4,C,A,Y,Y,1,31,O,CE1,5.1195865
tcr_20_4,C,A,Y,F,1,57,O,CE2,7.1349745
tcr_20_4,C,A,Y,F,1,57,O,CG,9.362036
tcr_20_4,C,A,Y,F,1,57,O,CD2,8.537742
tcr_20_4,C,A,Y,Y,1,195,O,CE2,6.09899
tcr_20_4,C,A,Y,V,1,52,O,CG2,9.551646
tcr_20_4,C,A,Y,M,1,29,O,SD,5.024323
tcr_20_4,C,A,Y,M,1,29,O,CG,6.180868
tcr_20_4,C,A,Y,Y,1,195,O,CD2,7.23794
tcr_20_4,C,A,Y,Y,1,195,O,CG,8.473303
tcr_20_4,C,A,Y,M,1,29,O,CB,7.28316
tcr_20_4,C,A,Y,Y,1,195,O,CB,9.723312
tcr_20_4,C,A,Y,M,1,29,O,CE,4.287716
tcr_20_4,C,A,Y,W,1,191,O,O,8.104214
tcr_20_4,C,A,Y,F,1,123,O,CE2,4.9967885
tcr_20_4,C,A,Y,Y,1,183,O,OH,2.7223258
tcr_20_4,C,A,Y,Y,1,183,O,CZ,3.6010475
tcr_20_4,C,A,Y,Y,1,31,O,CG,5.5071154
tcr_20_4,C,A,Y,C,1,188,O,SG,6.196163
tcr_20_4,C,A,Y,Y,1,31,O,CB,6.677165
tcr_20_4,C,A,Y,Y,1,31,O,CD2,4.499194
tcr_20_4,C,A,Y,F,1,123,O,CZ,5.446767
tcr_20_4,C,A,Y,F,1,123,O,CD2,6.1119356
tcr_20_4,C,A,Y,Y,1,183,O,CE1,4.946339
tcr_20_4,C,A,Y,F,1,123,O,CE1,6.8349676
tcr_20_4,C,A,Y,F,1,123,O,CD1,7.686013
tcr_20_4,C,A,Y,F,1,123,O,CG,7.3819547
tcr_20_4,C,A,Y,Y,1,183,O,CD1,6.0018616
tcr_20_4,C,A,Y,Y,1,183,O,CG,6.0198655
tcr_20_4,C,A,Y,L,1,184,O,CG,9.516537
tcr_20_4,C,A,Y,R,1,121,O,NH2,9.164805
tcr_20_4,C,A,Y,L,1,184,O,CD2,8.680963
tcr_20_4,C,A,Y,F,1,123,O,CB,8.625125
tcr_20_4,C,A,Y,R,1,121,O,CZ,9.436241
tcr_20_4,C,A,Y,Y,1,83,O,CE1,8.535656
tcr_20_4,C,A,Y,W,1,191,O,CE3,6.8964477
tcr_20_4,C,A,Y,Y,1,83,O,OH,6.5192137
tcr_20_4,C,A,Y,Y,1,195,O,CD1,8.699254
tcr_20_4,C,A,Y,Y,1,195,O,OH,5.672958
tcr_20_4,C,A,Y,Y,1,195,O,CE1,7.7820554
tcr_20_4,C,A,Y,Y,1,195,O,CZ,6.4256015
tcr_20_4,C,A,Y,Y,1,83,O,CZ,7.3218465
tcr_20_4,C,A,Y,Y,1,83,O,CE2,7.1850543
tcr_20_4,C,A,Y,W,1,191,O,CZ3,7.7921543
tcr_20_4,C,A,Y,Y,1,83,O,CD1,9.489826
tcr_20_4,C,A,Y,W,1,191,O,CH2,8.135033
tcr_20_4,C,A,Y,Y,1,83,O,CG,9.395575
tcr_20_4,C,A,Y,Y,1,83,O,CD2,8.301182
tcr_20_4,C,A,Y,W,1,191,O,CA,7.015285
tcr_20_4,C,A,Y,Y,1,183,O,CE2,3.6119864
tcr_20_4,C,A,Y,Y,1,183,O,CB,7.4423723
tcr_20_4,C,A,Y,Y,1,183,O,CA,8.13372
tcr_20_4,C,A,Y,Y,1,183,O,CD2,4.9669805
tcr_20_4,C,A,Y,T,1,187,O,CB,6.383707
tcr_20_4,C,A,Y,W,1,191,O,CB,5.5664215
tcr_20_4,C,A,Y,W,1,191,O,CG,5.6748443
tcr_20_4,C,A,Y,T,1,187,O,CG2,5.565794
tcr_20_4,C,A,Y,W,1,191,O,CD2,6.306057
tcr_20_4,C,A,Y,W,1,191,O,CD1,5.7833514
tcr_20_4,C,A,Y,K,1,90,O,NZ,4.7231274
tcr_20_4,C,A,Y,E,1,87,O,OE1,5.4243584
tcr_20_4,C,A,Y,W,1,191,O,NE1,6.414921
tcr_20_4,C,A,Y,W,1,191,O,CE2,6.7310185
tcr_20_4,C,A,Y,R,1,86,O,CZ,9.291857
tcr_20_4,C,A,Y,R,1,86,O,NH2,9.028687
tcr_20_4,C,A,Y,R,1,86,O,NE,8.963967
tcr_20_4,C,A,Y,W,1,191,O,CZ2,7.6570587
tcr_20_4,C,A,Y,R,1,86,O,CD,9.606381
tcr_20_4,C,A,Y,L,1,192,O,C,9.88061
tcr_20_4,C,A,Y,L,1,192,O,CA,8.483199
tcr_20_4,C,A,Y,L,1,192,O,CD1,9.873193
tcr_20_4,C,A,Y,L,1,192,O,CG,9.860337
tcr_20_4,C,A,Y,L,1,192,O,CB,8.668397
tcr_20_4,C,A,Y,C,1,125,O,SG,7.965701
tcr_20_4,C,A,Y,C,1,188,O,C,6.772957
tcr_20_4,C,A,Y,C,1,188,O,O,6.66453
tcr_20_4,C,A,Y,V,1,189,O,CA,9.208624
tcr_20_4,C,A,Y,V,1,189,O,N,7.9971557
tcr_20_4,C,A,Y,W,1,191,O,C,7.4790597
tcr_20_4,C,A,Y,E,1,190,O,O,9.65824
tcr_20_4,C,A,Y,L,1,192,O,N,7.5847616
tcr_20_4,C,A,Y,E,1,190,O,C,8.857315
tcr_20_4,C,A,Y,E,1,190,O,CA,9.544741
tcr_20_4,C,A,Y,E,1,190,O,CB,9.620419
tcr_20_4,C,A,Y,E,1,190,O,N,9.125563
tcr_20_4,C,A,Y,V,1,189,O,C,9.342532
tcr_20_4,C,A,Y,T,1,187,O,O,6.0102186
tcr_20_4,C,A,Y,W,1,191,O,N,7.53186
tcr_20_4,C,A,Y,V,1,189,O,O,9.869761
tcr_20_4,C,A,Y,C,1,125,O,CB,9.261591
tcr_20_4,C,A,Y,L,1,184,O,O,9.682269
tcr_20_4,C,A,Y,L,1,184,O,CB,9.965181
tcr_20_4,C,A,Y,L,1,184,O,N,8.779254
tcr_20_4,C,A,Y,L,1,184,O,CA,9.010066
tcr_20_4,C,A,Y,C,1,188,O,CB,6.116702
tcr_20_4,C,A,Y,L,1,184,O,C,9.797905
tcr_20_4,C,A,Y,C,1,188,O,CA,5.7151093
tcr_20_4,C,A,Y,Y,1,183,O,C,8.013457
tcr_20_4,C,A,Y,Y,1,183,O,O,7.4949574
tcr_20_4,C,A,Y,T,1,187,O,CA,7.032214
tcr_20_4,C,A,Y,T,1,187,O,N,8.205933
tcr_20_4,C,A,Y,T,1,187,O,OG1,7.519438
tcr_20_4,C,A,Y,C,1,188,O,N,6.065313
tcr_20_4,C,A,Y,Y,1,183,O,N,9.563169
tcr_20_4,C,A,Y,T,1,187,O,C,6.1901197
tcr_20_4,C,A,Y,G,1,186,O,C,9.11404
tcr_20_4,C,A,Y,G,1,186,O,O,9.0662985
tcr_20_4,C,A,Y,V,1,76,CB,CB,9.952599
tcr_20_4,C,A,Y,W,1,75,CB,CZ3,9.706845
tcr_20_4,C,A,Y,E,1,79,CB,CB,9.457097
tcr_20_4,C,A,Y,R,1,194,CB,NH2,9.890666
tcr_20_4,C,A,Y,E,1,79,CB,OE1,8.417435
tcr_20_4,C,A,Y,E,1,79,CB,CD,8.539626
tcr_20_4,C,A,Y,E,1,79,CB,CG,8.682696
tcr_20_4,C,A,Y,Y,1,195,CB,CA,9.222188
tcr_20_4,C,A,Y,M,1,29,CB,C,9.808174
tcr_20_4,C,A,Y,M,1,29,CB,O,9.93769
tcr_20_4,C,A,Y,M,1,29,CB,CA,9.581081
tcr_20_4,C,A,Y,V,1,58,CB,CB,9.356951
tcr_20_4,C,A,Y,V,1,58,CB,CG2,9.479925
tcr_20_4,C,A,Y,W,1,84,CB,CZ3,9.869238
tcr_20_4,C,A,Y,W,1,84,CB,CH2,9.956852
tcr_20_4,C,A,Y,G,1,50,CB,CA,9.866202
tcr_20_4,C,A,Y,Y,1,31,CB,CD1,7.8557673
tcr_20_4,C,A,Y,Y,1,91,CB,CE1,9.2551
tcr_20_4,C,A,Y,V,1,58,CB,CG1,8.667815
tcr_20_4,C,A,Y,Y,1,91,CB,OH,7.816626
tcr_20_4,C,A,Y,Y,1,91,CB,CZ,8.654762
tcr_20_4,C,A,Y,Y,1,91,CB,CE2,9.166447
tcr_20_4,C,A,Y,E,1,87,CB,O,9.472244
tcr_20_4,C,A,Y,E,1,87,CB,CD,5.0180755
tcr_20_4,C,A,Y,E,1,87,CB,OE2,4.9810123
tcr_20_4,C,A,Y,E,1,87,CB,CG,6.231997
tcr_20_4,C,A,Y,Y,1,83,CB,C,8.897111
tcr_20_4,C,A,Y,W,1,84,CB,N,9.941718
tcr_20_4,C,A,Y,Y,1,83,CB,CA,8.773714
tcr_20_4,C,A,Y,E,1,87,CB,N,8.313743
tcr_20_4,C,A,Y,E,1,87,CB,CA,7.9635496
tcr_20_4,C,A,Y,E,1,87,CB,CB,7.5660443
tcr_20_4,C,A,Y,E,1,87,CB,C,9.289226
tcr_20_4,C,A,Y,K,1,90,CB,CE,6.0808415
tcr_20_4,C,A,Y,R,1,86,CB,O,9.120968
tcr_20_4,C,A,Y,Y,1,83,CB,O,8.288826
tcr_20_4,C,A,Y,R,1,86,CB,C,8.908608
tcr_20_4,C,A,Y,R,1,86,CB,CG,8.393183
tcr_20_4,C,A,Y,R,1,86,CB,CA,9.666514
tcr_20_4,C,A,Y,R,1,86,CB,CB,8.929375
tcr_20_4,C,A,Y,K,1,90,CB,CB,8.871497
tcr_20_4,C,A,Y,K,1,90,CB,CD,6.9977374
tcr_20_4,C,A,Y,K,1,90,CB,CG,8.444618
tcr_20_4,C,A,Y,Y,1,31,CB,CE2,5.6838746
tcr_20_4,C,A,Y,F,1,57,CB,CE1,8.048997
tcr_20_4,C,A,Y,F,1,57,CB,CZ,6.8196344
tcr_20_4,C,A,Y,Y,1,31,CB,CZ,5.632154
tcr_20_4,C,A,Y,F,1,57,CB,CD1,9.169512
tcr_20_4,C,A,Y,Y,1,31,CB,OH,4.737753
tcr_20_4,C,A,Y,Y,1,31,CB,CE1,6.8170314
tcr_20_4,C,A,Y,F,1,57,CB,CE2,6.904414
tcr_20_4,C,A,Y,F,1,57,CB,CG,9.23618
tcr_20_4,C,A,Y,F,1,57,CB,CD2,8.184782
tcr_20_4,C,A,Y,Y,1,195,CB,CE2,4.864253
tcr_20_4,C,A,Y,V,1,52,CB,CG2,9.460616
tcr_20_4,C,A,Y,M,1,29,CB,SD,5.488691
tcr_20_4,C,A,Y,M,1,29,CB,CG,7.1587024
tcr_20_4,C,A,Y,Y,1,195,CB,CD2,6.092315
tcr_20_4,C,A,Y,Y,1,195,CB,CG,7.00504
tcr_20_4,C,A,Y,Y,1,195,CB,N,8.768964
tcr_20_4,C,A,Y,M,1,29,CB,CB,8.194499
tcr_20_4,C,A,Y,Y,1,195,CB,CB,8.382887
tcr_20_4,C,A,Y,M,1,29,CB,CE,5.1587152
tcr_20_4,C,A,Y,W,1,191,CB,O,6.448438
tcr_20_4,C,A,Y,F,1,123,CB,CE2,7.919768
tcr_20_4,C,A,Y,Y,1,183,CB,OH,5.2389555
tcr_20_4,C,A,Y,Y,1,183,CB,CZ,5.8422303
tcr_20_4,C,A,Y,Y,1,31,CB,CG,7.8967967
tcr_20_4,C,A,Y,C,1,188,CB,SG,7.6085253
tcr_20_4,C,A,Y,Y,1,31,CB,CB,9.242746
tcr_20_4,C,A,Y,Y,1,31,CB,CD2,6.9001794
tcr_20_4,C,A,Y,F,1,123,CB,CZ,8.346991
tcr_20_4,C,A,Y,F,1,123,CB,CD2,8.986763
tcr_20_4,C,A,Y,Y,1,183,CB,CE1,7.2237597
tcr_20_4,C,A,Y,F,1,123,CB,CE1,9.726166
tcr_20_4,C,A,Y,Y,1,183,CB,CD1,8.054618
tcr_20_4,C,A,Y,Y,1,183,CB,CG,7.727128
tcr_20_4,C,A,Y,Y,1,83,CB,CE1,6.8010745
tcr_20_4,C,A,Y,W,1,191,CB,CE3,4.098851
tcr_20_4,C,A,Y,Y,1,83,CB,OH,4.9550605
tcr_20_4,C,A,Y,Y,1,195,CB,CD1,6.8715363
tcr_20_4,C,A,Y,Y,1,195,CB,OH,3.8316743
tcr_20_4,C,A,Y,Y,1,195,CB,CE1,5.8117285
tcr_20_4,C,A,Y,V,1,76,CB,CG2,8.540374
tcr_20_4,C,A,Y,Y,1,195,CB,CZ,4.690727
tcr_20_4,C,A,Y,Y,1,83,CB,CZ,5.442069
tcr_20_4,C,A,Y,Y,1,83,CB,CE2,4.9033337
tcr_20_4,C,A,Y,R,1,194,CB,CD,7.803811
tcr_20_4,C,A,Y,W,1,191,CB,CZ3,4.922577
tcr_20_4,C,A,Y,Y,1,83,CB,CD1,7.5652742
tcr_20_4,C,A,Y,R,1,194,CB,NE,8.408747
tcr_20_4,C,A,Y,W,1,191,CB,CH2,5.2204294
tcr_20_4,C,A,Y,Y,1,83,CB,CG,7.1986756
tcr_20_4,C,A,Y,Y,1,83,CB,CD2,5.9266753
tcr_20_4,C,A,Y,E,1,79,CB,OE2,8.803672
tcr_20_4,C,A,Y,Y,1,83,CB,CB,8.384116
tcr_20_4,C,A,Y,R,1,194,CB,NH1,9.769374
tcr_20_4,C,A,Y,R,1,194,CB,CZ,9.288376
tcr_20_4,C,A,Y,W,1,191,CB,CA,5.2095323
tcr_20_4,C,A,Y,Y,1,183,CB,CE2,5.365434
tcr_20_4,C,A,Y,Y,1,183,CB,CB,8.942381
tcr_20_4,C,A,Y,Y,1,183,CB,CA,9.271991
tcr_20_4,C,A,Y,Y,1,183,CB,CD2,6.4494247
tcr_20_4,C,A,Y,T,1,187,CB,CB,6.108883
tcr_20_4,C,A,Y,W,1,191,CB,CB,3.6999402
tcr_20_4,C,A,Y,W,1,191,CB,CG,3.2710543
tcr_20_4,C,A,Y,T,1,187,CB,CG2,4.8579435
tcr_20_4,C,A,Y,W,1,191,CB,CD2,3.510274
tcr_20_4,C,A,Y,W,1,191,CB,CD1,3.5571148
tcr_20_4,C,A,Y,K,1,90,CB,NZ,4.6290846
tcr_20_4,C,A,Y,E,1,87,CB,OE1,4.468189
tcr_20_4,C,A,Y,W,1,191,CB,NE1,3.9151177
tcr_20_4,C,A,Y,W,1,191,CB,CE2,3.9154718
tcr_20_4,C,A,Y,R,1,86,CB,CZ,7.229137
tcr_20_4,C,A,Y,R,1,86,CB,NH2,6.6780987
tcr_20_4,C,A,Y,R,1,86,CB,NE,7.19638
tcr_20_4,C,A,Y,W,1,191,CB,CZ2,4.7865744
tcr_20_4,C,A,Y,R,1,86,CB,CD,8.185395
tcr_20_4,C,A,Y,R,1,86,CB,NH1,8.094811
tcr_20_4,C,A,Y,L,1,192,CB,C,8.834506
tcr_20_4,C,A,Y,L,1,192,CB,O,9.429701
tcr_20_4,C,A,Y,L,1,192,CB,CA,7.7090173
tcr_20_4,C,A,Y,R,1,193,CB,N,9.283141
tcr_20_4,C,A,Y,L,1,192,CB,CD1,9.761692
tcr_20_4,C,A,Y,L,1,192,CB,CG,9.715934
tcr_20_4,C,A,Y,L,1,192,CB,CB,8.372714
tcr_20_4,C,A,Y,C,1,125,CB,SG,8.996215
tcr_20_4,C,A,Y,C,1,188,CB,C,6.8706603
tcr_20_4,C,A,Y,C,1,188,CB,O,6.5548763
tcr_20_4,C,A,Y,V,1,189,CB,CA,8.983588
tcr_20_4,C,A,Y,V,1,189,CB,N,8.011384
tcr_20_4,C,A,Y,W,1,191,CB,C,5.993967
tcr_20_4,C,A,Y,R,1,194,CB,CB,8.276699
tcr_20_4,C,A,Y,R,1,194,CB,CG,8.600507
tcr_20_4,C,A,Y,E,1,190,CB,O,7.8408313
tcr_20_4,C,A,Y,R,1,194,CB,C,9.490021
tcr_20_4,C,A,Y,R,1,194,CB,N,9.27847
tcr_20_4,C,A,Y,R,1,194,CB,CA,9.32979
tcr_20_4,C,A,Y,L,1,192,CB,N,6.5784836
tcr_20_4,C,A,Y,E,1,190,CB,C,7.2248154
tcr_20_4,C,A,Y,E,1,190,CB,CA,8.147436
tcr_20_4,C,A,Y,E,1,190,CB,OE2,8.861648
tcr_20_4,C,A,Y,E,1,190,CB,CB,8.076616
tcr_20_4,C,A,Y,E,1,190,CB,CG,9.416097
tcr_20_4,C,A,Y,E,1,190,CB,N,8.174313
tcr_20_4,C,A,Y,E,1,190,CB,CD,9.675252
tcr_20_4,C,A,Y,V,1,189,CB,C,8.6328335
tcr_20_4,C,A,Y,T,1,187,CB,O,5.220155
tcr_20_4,C,A,Y,W,1,191,CB,N,5.953238
tcr_20_4,C,A,Y,V,1,189,CB,O,9.0184965
tcr_20_4,C,A,Y,C,1,188,CB,CB,7.223632
tcr_20_4,C,A,Y,C,1,188,CB,CA,6.216386
tcr_20_4,C,A,Y,Y,1,183,CB,C,9.185111
tcr_20_4,C,A,Y,Y,1,183,CB,O,8.403149
tcr_20_4,C,A,Y,T,1,187,CB,CA,6.5528564
tcr_20_4,C,A,Y,T,1,187,CB,N,7.972474
tcr_20_4,C,A,Y,T,1,187,CB,OG1,7.201731
tcr_20_4,C,A,Y,C,1,188,CB,N,6.3228235
tcr_20_4,C,A,Y,T,1,187,CB,C,5.8524585
tcr_20_4,C,A,Y,G,1,186,CB,C,8.827593
tcr_20_4,C,A,Y,G,1,186,CB,O,8.6149435
tcr_20_4,C,A,Y,E,1,79,CG,CB,9.725455
tcr_20_4,C,A,Y,E,1,79,CG,OE1,8.916759
tcr_20_4,C,A,Y,E,1,79,CG,CD,8.903309
tcr_20_4,C,A,Y,E,1,79,CG,CG,9.124457
tcr_20_4,C,A,Y,Y,1,31,CG,CD1,8.726511
tcr_20_4,C,A,Y,Y,1,91,CG,CE1,9.486836
tcr_20_4,C,A,Y,V,1,58,CG,CG1,9.626365
tcr_20_4,C,A,Y,Y,1,91,CG,OH,8.294989
tcr_20_4,C,A,Y,Y,1,91,CG,CZ,8.935749
tcr_20_4,C,A,Y,Y,1,91,CG,CE2,9.312001
tcr_20_4,C,A,Y,E,1,87,CG,O,9.035653
tcr_20_4,C,A,Y,E,1,87,CG,CD,4.840617
tcr_20_4,C,A,Y,E,1,87,CG,OE2,5.0181985
tcr_20_4,C,A,Y,E,1,87,CG,CG,6.101777
tcr_20_4,C,A,Y,Y,1,83,CG,N,9.531304
tcr_20_4,C,A,Y,Y,1,83,CG,C,8.435155
tcr_20_4,C,A,Y,W,1,84,CG,N,9.59302
tcr_20_4,C,A,Y,Y,1,83,CG,CA,8.244025
tcr_20_4,C,A,Y,E,1,82,CG,O,9.636169
tcr_20_4,C,A,Y,E,1,87,CG,N,7.6525903
tcr_20_4,C,A,Y,T,1,88,CG,N,9.944843
tcr_20_4,C,A,Y,E,1,87,CG,CA,7.490162
tcr_20_4,C,A,Y,E,1,87,CG,CB,7.3574677
tcr_20_4,C,A,Y,E,1,87,CG,C,8.84611
tcr_20_4,C,A,Y,K,1,90,CG,CE,5.2070446
tcr_20_4,C,A,Y,R,1,86,CG,O,8.228924
tcr_20_4,C,A,Y,Y,1,83,CG,O,7.7574964
tcr_20_4,C,A,Y,R,1,86,CG,C,8.058922
tcr_20_4,C,A,Y,R,1,86,CG,CG,7.175607
tcr_20_4,C,A,Y,R,1,86,CG,CA,8.707214
tcr_20_4,C,A,Y,R,1,86,CG,N,9.638144
tcr_20_4,C,A,Y,R,1,86,CG,CB,7.8667703
tcr_20_4,C,A,Y,K,1,90,CG,CB,8.133581
tcr_20_4,C,A,Y,K,1,90,CG,CA,9.634705
tcr_20_4,C,A,Y,K,1,90,CG,CD,6.006718
tcr_20_4,C,A,Y,K,1,90,CG,CG,7.4868574
tcr_20_4,C,A,Y,Y,1,31,CG,CE2,6.764493
tcr_20_4,C,A,Y,F,1,57,CG,CE1,9.448987
tcr_20_4,C,A,Y,F,1,57,CG,CZ,8.178801
tcr_20_4,C,A,Y,Y,1,31,CG,CZ,6.6798167
tcr_20_4,C,A,Y,Y,1,31,CG,OH,5.8568306
tcr_20_4,C,A,Y,Y,1,31,CG,CE1,7.737885
tcr_20_4,C,A,Y,F,1,57,CG,CE2,8.176164
tcr_20_4,C,A,Y,F,1,57,CG,CD2,9.437228
tcr_20_4,C,A,Y,Y,1,195,CG,CE2,6.2875447
tcr_20_4,C,A,Y,M,1,29,CG,SD,6.9426026
tcr_20_4,C,A,Y,M,1,29,CG,CG,8.579831
tcr_20_4,C,A,Y,Y,1,195,CG,CD2,7.5157237
tcr_20_4,C,A,Y,Y,1,195,CG,CG,8.332572
tcr_20_4,C,A,Y,Y,1,195,CG,N,9.906464
tcr_20_4,C,A,Y,M,1,29,CG,CB,9.586181
tcr_20_4,C,A,Y,Y,1,195,CG,CB,9.72215
tcr_20_4,C,A,Y,M,1,29,CG,CE,6.432325
tcr_20_4,C,A,Y,W,1,191,CG,O,7.6024084
tcr_20_4,C,A,Y,F,1,123,CG,CE2,8.357877
tcr_20_4,C,A,Y,Y,1,183,CG,OH,5.7867913
tcr_20_4,C,A,Y,Y,1,183,CG,CZ,6.1116295
tcr_20_4,C,A,Y,Y,1,31,CG,CG,8.792797
tcr_20_4,C,A,Y,C,1,188,CG,SG,8.490356
tcr_20_4,C,A,Y,Y,1,31,CG,CD2,7.8796153
tcr_20_4,C,A,Y,F,1,123,CG,CZ,8.734333
tcr_20_4,C,A,Y,F,1,123,CG,CD2,9.46704
tcr_20_4,C,A,Y,Y,1,183,CG,CE1,7.497721
tcr_20_4,C,A,Y,Y,1,183,CG,CD1,8.126226
tcr_20_4,C,A,Y,Y,1,183,CG,CG,7.5606127
tcr_20_4,C,A,Y,Y,1,83,CG,CE1,7.1018863
tcr_20_4,C,A,Y,W,1,191,CG,CE3,4.6321673
tcr_20_4,C,A,Y,Y,1,83,CG,OH,5.6560464
tcr_20_4,C,A,Y,Y,1,195,CG,CD1,8.061419
tcr_20_4,C,A,Y,Y,1,195,CG,OH,4.964162
tcr_20_4,C,A,Y,Y,1,195,CG,CE1,6.930053
tcr_20_4,C,A,Y,V,1,76,CG,CG2,9.471416
tcr_20_4,C,A,Y,Y,1,195,CG,CZ,5.943537
tcr_20_4,C,A,Y,Y,1,83,CG,CZ,5.832512
tcr_20_4,C,A,Y,Y,1,83,CG,CE2,5.0565476
tcr_20_4,C,A,Y,R,1,194,CG,CD,8.261047
tcr_20_4,C,A,Y,W,1,191,CG,CZ3,5.179745
tcr_20_4,C,A,Y,Y,1,83,CG,CD1,7.6358275
tcr_20_4,C,A,Y,R,1,194,CG,NE,8.767948
tcr_20_4,C,A,Y,W,1,191,CG,CH2,5.063753
tcr_20_4,C,A,Y,Y,1,83,CG,CG,7.0707135
tcr_20_4,C,A,Y,Y,1,83,CG,CD2,5.7918744
tcr_20_4,C,A,Y,E,1,79,CG,OE2,8.961383
tcr_20_4,C,A,Y,Y,1,83,CG,CB,8.068674
tcr_20_4,C,A,Y,R,1,194,CG,NH1,9.844226
tcr_20_4,C,A,Y,R,1,194,CG,CZ,9.473295
tcr_20_4,C,A,Y,W,1,191,CG,CA,6.0886674
tcr_20_4,C,A,Y,Y,1,183,CG,CE2,5.3209553
tcr_20_4,C,A,Y,Y,1,183,CG,CB,8.62503
tcr_20_4,C,A,Y,Y,1,183,CG,CA,8.982023
tcr_20_4,C,A,Y,Y,1,183,CG,CD2,6.185121
tcr_20_4,C,A,Y,T,1,187,CG,CB,5.6612725
tcr_20_4,C,A,Y,W,1,191,CG,CB,4.6386976
tcr_20_4,C,A,Y,W,1,191,CG,CG,3.7873957
tcr_20_4,C,A,Y,T,1,187,CG,CG2,4.24039
tcr_20_4,C,A,Y,W,1,191,CG,CD2,3.8482227
tcr_20_4,C,A,Y,W,1,191,CG,CD1,3.582915
tcr_20_4,C,A,Y,K,1,90,CG,NZ,3.748378
tcr_20_4,C,A,Y,E,1,87,CG,OE1,3.9679441
tcr_20_4,C,A,Y,W,1,191,CG,NE1,3.502494
tcr_20_4,C,A,Y,W,1,191,CG,CE2,3.6815379
tcr_20_4,C,A,Y,R,1,86,CG,CZ,6.000186
tcr_20_4,C,A,Y,R,1,86,CG,NH2,5.621893
tcr_20_4,C,A,Y,R,1,86,CG,NE,5.955424
tcr_20_4,C,A,Y,W,1,191,CG,CZ2,4.365582
tcr_20_4,C,A,Y,R,1,86,CG,CD,6.8650155
tcr_20_4,C,A,Y,R,1,86,CG,NH1,6.789561
tcr_20_4,C,A,Y,L,1,192,CG,CA,8.968028
tcr_20_4,C,A,Y,L,1,192,CG,CB,9.622837
tcr_20_4,C,A,Y,C,1,125,CG,SG,9.986831
tcr_20_4,C,A,Y,C,1,188,CG,C,7.6346703
tcr_20_4,C,A,Y,C,1,188,CG,O,7.5082326
tcr_20_4,C,A,Y,V,1,189,CG,CA,9.703674
tcr_20_4,C,A,Y,V,1,189,CG,N,8.663231
tcr_20_4,C,A,Y,W,1,191,CG,C,7.1036983
tcr_20_4,C,A,Y,R,1,194,CG,CB,9.017883
tcr_20_4,C,A,Y,R,1,194,CG,CG,9.253173
tcr_20_4,C,A,Y,E,1,190,CG,O,8.502713
tcr_20_4,C,A,Y,L,1,192,CG,N,7.735995
tcr_20_4,C,A,Y,E,1,190,CG,C,7.8299527
tcr_20_4,C,A,Y,E,1,190,CG,CA,8.603773
tcr_20_4,C,A,Y,E,1,190,CG,OE2,8.563036
tcr_20_4,C,A,Y,E,1,190,CG,CB,8.262073
tcr_20_4,C,A,Y,E,1,190,CG,CG,9.492506
tcr_20_4,C,A,Y,E,1,190,CG,N,8.696789
tcr_20_4,C,A,Y,E,1,190,CG,CD,9.508689
tcr_20_4,C,A,Y,V,1,189,CG,C,9.336937
tcr_20_4,C,A,Y,T,1,187,CG,O,5.5493345
tcr_20_4,C,A,Y,W,1,191,CG,N,6.633784
tcr_20_4,C,A,Y,V,1,189,CG,O,9.840234
tcr_20_4,C,A,Y,C,1,188,CG,CB,7.8475738
tcr_20_4,C,A,Y,C,1,188,CG,CA,6.8384185
tcr_20_4,C,A,Y,Y,1,183,CG,C,9.136913
tcr_20_4,C,A,Y,Y,1,183,CG,O,8.4426155
tcr_20_4,C,A,Y,T,1,187,CG,CA,6.3727126
tcr_20_4,C,A,Y,T,1,187,CG,N,7.7956133
tcr_20_4,C,A,Y,T,1,187,CG,OG1,6.5297194
tcr_20_4,C,A,Y,C,1,188,CG,N,6.6295223
tcr_20_4,C,A,Y,T,1,187,CG,C,6.0198755
tcr_20_4,C,A,Y,G,1,186,CG,C,8.796281
tcr_20_4,C,A,Y,G,1,186,CG,O,8.758122
tcr_20_4,C,A,Y,Y,1,31,CD1,CD1,8.906669
tcr_20_4,C,A,Y,Y,1,91,CD1,CE1,9.609038
tcr_20_4,C,A,Y,Y,1,91,CD1,OH,8.733335
tcr_20_4,C,A,Y,Y,1,91,CD1,CZ,9.249311
tcr_20_4,C,A,Y,Y,1,91,CD1,CE2,9.693714
tcr_20_4,C,A,Y,E,1,87,CD1,O,9.177447
tcr_20_4,C,A,Y,E,1,87,CD1,CD,5.5240088
tcr_20_4,C,A,Y,E,1,87,CD1,OE2,5.572589
tcr_20_4,C,A,Y,E,1,87,CD1,CG,6.906482
tcr_20_4,C,A,Y,Y,1,83,CD1,C,9.342615
tcr_20_4,C,A,Y,Y,1,83,CD1,CA,9.195201
tcr_20_4,C,A,Y,E,1,87,CD1,N,8.075395
tcr_20_4,C,A,Y,E,1,87,CD1,CA,7.894522
tcr_20_4,C,A,Y,E,1,87,CD1,CB,7.990938
tcr_20_4,C,A,Y,E,1,87,CD1,C,9.143024
tcr_20_4,C,A,Y,K,1,90,CD1,CE,5.0190773
tcr_20_4,C,A,Y,R,1,86,CD1,O,8.274961
tcr_20_4,C,A,Y,Y,1,83,CD1,O,8.560228
tcr_20_4,C,A,Y,R,1,86,CD1,C,8.2971115
tcr_20_4,C,A,Y,R,1,86,CD1,CG,7.2401757
tcr_20_4,C,A,Y,R,1,86,CD1,CA,8.9739
tcr_20_4,C,A,Y,R,1,86,CD1,CB,8.1621065
tcr_20_4,C,A,Y,K,1,90,CD1,CB,7.742817
tcr_20_4,C,A,Y,K,1,90,CD1,CA,9.245078
tcr_20_4,C,A,Y,K,1,90,CD1,CD,5.474357
tcr_20_4,C,A,Y,K,1,90,CD1,N,9.77683
tcr_20_4,C,A,Y,K,1,90,CD1,CG,7.0034757
tcr_20_4,C,A,Y,Y,1,31,CD1,CE2,6.9755983
tcr_20_4,C,A,Y,F,1,57,CD1,CZ,9.058608
tcr_20_4,C,A,Y,Y,1,31,CD1,CZ,7.075177
tcr_20_4,C,A,Y,Y,1,31,CD1,OH,6.485894
tcr_20_4,C,A,Y,Y,1,31,CD1,CE1,8.09061
tcr_20_4,C,A,Y,F,1,57,CD1,CE2,9.198944
tcr_20_4,C,A,Y,Y,1,195,CD1,CE2,7.389142
tcr_20_4,C,A,Y,M,1,29,CD1,SD,7.4737015
tcr_20_4,C,A,Y,M,1,29,CD1,CG,8.99866
tcr_20_4,C,A,Y,Y,1,195,CD1,CD2,8.576981
tcr_20_4,C,A,Y,Y,1,195,CD1,CG,9.4856
tcr_20_4,C,A,Y,M,1,29,CD1,CB,9.932758
tcr_20_4,C,A,Y,M,1,29,CD1,CE,6.657145
tcr_20_4,C,A,Y,W,1,191,CD1,O,8.518638
tcr_20_4,C,A,Y,F,1,123,CD1,CE2,7.7470536
tcr_20_4,C,A,Y,Y,1,183,CD1,OH,5.2352424
tcr_20_4,C,A,Y,Y,1,183,CD1,CZ,5.287594
tcr_20_4,C,A,Y,Y,1,31,CD1,CG,8.8272705
tcr_20_4,C,A,Y,C,1,188,CD1,SG,8.194645
tcr_20_4,C,A,Y,Y,1,31,CD1,CB,9.9761505
tcr_20_4,C,A,Y,Y,1,31,CD1,CD2,7.910773
tcr_20_4,C,A,Y,F,1,123,CD1,CZ,8.1867285
tcr_20_4,C,A,Y,F,1,123,CD1,CD2,8.811556
tcr_20_4,C,A,Y,Y,1,183,CD1,CE1,6.626537
tcr_20_4,C,A,Y,F,1,123,CD1,CE1,9.571514
tcr_20_4,C,A,Y,Y,1,183,CD1,CD1,7.0955825
tcr_20_4,C,A,Y,Y,1,183,CD1,CG,6.4007673
tcr_20_4,C,A,Y,Y,1,83,CD1,CE1,8.348243
tcr_20_4,C,A,Y,W,1,191,CD1,CE3,5.886251
tcr_20_4,C,A,Y,Y,1,83,CD1,OH,6.9272676
tcr_20_4,C,A,Y,Y,1,195,CD1,CD1,9.324448
tcr_20_4,C,A,Y,Y,1,195,CD1,OH,6.2623644
tcr_20_4,C,A,Y,Y,1,195,CD1,CE1,8.245347
tcr_20_4,C,A,Y,Y,1,195,CD1,CZ,7.200198
tcr_20_4,C,A,Y,Y,1,83,CD1,CZ,7.1265635
tcr_20_4,C,A,Y,Y,1,83,CD1,CE2,6.375787
tcr_20_4,C,A,Y,R,1,194,CD1,CD,9.40312
tcr_20_4,C,A,Y,W,1,191,CD1,CZ3,6.4744473
tcr_20_4,C,A,Y,Y,1,83,CD1,CD1,8.851724
tcr_20_4,C,A,Y,R,1,194,CD1,NE,9.9803915
tcr_20_4,C,A,Y,W,1,191,CD1,CH2,6.2390313
tcr_20_4,C,A,Y,Y,1,83,CD1,CG,8.2684355
tcr_20_4,C,A,Y,Y,1,83,CD1,CD2,7.0305176
tcr_20_4,C,A,Y,Y,1,83,CD1,CB,9.182489
tcr_20_4,C,A,Y,W,1,191,CD1,CA,6.7967668
tcr_20_4,C,A,Y,Y,1,183,CD1,CE2,4.295071
tcr_20_4,C,A,Y,Y,1,183,CD1,CB,7.388387
tcr_20_4,C,A,Y,Y,1,183,CD1,CA,7.8178306
tcr_20_4,C,A,Y,Y,1,183,CD1,CD2,4.998994
tcr_20_4,C,A,Y,T,1,187,CD1,CB,4.7846446
tcr_20_4,C,A,Y,W,1,191,CD1,CB,5.3717093
tcr_20_4,C,A,Y,W,1,191,CD1,CG,4.59075
tcr_20_4,C,A,Y,T,1,187,CD1,CG2,3.4275136
tcr_20_4,C,A,Y,W,1,191,CD1,CD2,4.925192
tcr_20_4,C,A,Y,W,1,191,CD1,CD1,4.049852
tcr_20_4,C,A,Y,K,1,90,CD1,NZ,3.6032164
tcr_20_4,C,A,Y,E,1,87,CD1,OE1,4.602921
tcr_20_4,C,A,Y,W,1,191,CD1,NE1,4.0468445
tcr_20_4,C,A,Y,W,1,191,CD1,CE2,4.6065717
tcr_20_4,C,A,Y,R,1,86,CD1,CZ,6.363379
tcr_20_4,C,A,Y,R,1,86,CD1,NH2,6.2367606
tcr_20_4,C,A,Y,R,1,86,CD1,NE,6.2530403
tcr_20_4,C,A,Y,W,1,191,CD1,CZ2,5.3497486
tcr_20_4,C,A,Y,R,1,86,CD1,CD,6.920657
tcr_20_4,C,A,Y,R,1,86,CD1,NH1,6.978699
tcr_20_4,C,A,Y,L,1,192,CD1,CA,9.599058
tcr_20_4,C,A,Y,C,1,125,CD1,SG,9.839193
tcr_20_4,C,A,Y,C,1,188,CD1,C,7.5196633
tcr_20_4,C,A,Y,C,1,188,CD1,O,7.6126347
tcr_20_4,C,A,Y,V,1,189,CD1,CA,9.652493
tcr_20_4,C,A,Y,V,1,189,CD1,N,8.479748
tcr_20_4,C,A,Y,W,1,191,CD1,C,7.8636165
tcr_20_4,C,A,Y,E,1,190,CD1,O,9.094315
tcr_20_4,C,A,Y,L,1,192,CD1,N,8.336186
tcr_20_4,C,A,Y,E,1,190,CD1,C,8.27309
tcr_20_4,C,A,Y,E,1,190,CD1,CA,8.827794
tcr_20_4,C,A,Y,E,1,190,CD1,OE2,8.414981
tcr_20_4,C,A,Y,E,1,190,CD1,CB,8.377226
tcr_20_4,C,A,Y,E,1,190,CD1,CG,9.459864
tcr_20_4,C,A,Y,E,1,190,CD1,N,8.765876
tcr_20_4,C,A,Y,E,1,190,CD1,CD,9.358394
tcr_20_4,C,A,Y,V,1,189,CD1,C,9.44825
tcr_20_4,C,A,Y,T,1,187,CD1,O,5.4056454
tcr_20_4,C,A,Y,W,1,191,CD1,N,7.0902996
tcr_20_4,C,A,Y,L,1,184,CD1,N,9.24826
tcr_20_4,C,A,Y,L,1,184,CD1,CA,9.850528
tcr_20_4,C,A,Y,C,1,188,CD1,CB,7.3782487
tcr_20_4,C,A,Y,C,1,188,CD1,CA,6.506574
tcr_20_4,C,A,Y,Y,1,183,CD1,C,8.12288
tcr_20_4,C,A,Y,Y,1,183,CD1,O,7.548933
tcr_20_4,C,A,Y,A,1,182,CD1,O,9.455216
tcr_20_4,C,A,Y,T,1,187,CD1,CA,5.7581024
tcr_20_4,C,A,Y,T,1,187,CD1,N,7.094066
tcr_20_4,C,A,Y,A,1,182,CD1,C,9.794003
tcr_20_4,C,A,Y,T,1,187,CD1,OG1,5.550076
tcr_20_4,C,A,Y,C,1,188,CD1,N,6.1115317
tcr_20_4,C,A,Y,Y,1,183,CD1,N,9.109722
tcr_20_4,C,A,Y,T,1,187,CD1,C,5.590083
tcr_20_4,C,A,Y,G,1,186,CD1,CA,9.512175
tcr_20_4,C,A,Y,G,1,186,CD1,C,8.213824
tcr_20_4,C,A,Y,G,1,186,CD1,O,8.356529
tcr_20_4,C,A,Y,E,1,79,CD2,CB,8.787907
tcr_20_4,C,A,Y,R,1,194,CD2,NH2,9.101202
tcr_20_4,C,A,Y,E,1,79,CD2,OE1,8.196477
tcr_20_4,C,A,Y,E,1,79,CD2,CD,8.0481205
tcr_20_4,C,A,Y,E,1,79,CD2,CG,8.319357
tcr_20_4,C,A,Y,W,1,84,CD2,CZ3,9.8844185
tcr_20_4,C,A,Y,W,1,84,CD2,CE3,9.874038
tcr_20_4,C,A,Y,Y,1,31,CD2,CD1,9.655035
tcr_20_4,C,A,Y,Y,1,91,CD2,CE1,9.924936
tcr_20_4,C,A,Y,Y,1,91,CD2,OH,8.671196
tcr_20_4,C,A,Y,Y,1,91,CD2,CZ,9.244276
tcr_20_4,C,A,Y,Y,1,91,CD2,CE2,9.414109
tcr_20_4,C,A,Y,E,1,87,CD2,O,8.833991
tcr_20_4,C,A,Y,E,1,87,CD2,CD,4.5826135
tcr_20_4,C,A,Y,E,1,87,CD2,OE2,5.1020927
tcr_20_4,C,A,Y,E,1,87,CD2,CG,5.6151714
tcr_20_4,C,A,Y,W,1,84,CD2,C,9.6717005
tcr_20_4,C,A,Y,W,1,84,CD2,CA,9.210318
tcr_20_4,C,A,Y,Y,1,83,CD2,N,8.224813
tcr_20_4,C,A,Y,Y,1,83,CD2,C,7.316803
tcr_20_4,C,A,Y,W,1,84,CD2,N,8.523712
tcr_20_4,C,A,Y,Y,1,83,CD2,CA,6.9882174
tcr_20_4,C,A,Y,E,1,82,CD2,O,8.3723345
tcr_20_4,C,A,Y,E,1,82,CD2,C,8.796539
tcr_20_4,C,A,Y,W,1,84,CD2,O,9.801176
tcr_20_4,C,A,Y,E,1,87,CD2,N,6.949796
tcr_20_4,C,A,Y,T,1,88,CD2,N,9.460428
tcr_20_4,C,A,Y,E,1,87,CD2,CA,7.028375
tcr_20_4,C,A,Y,E,1,87,CD2,CB,6.917134
tcr_20_4,C,A,Y,E,1,87,CD2,C,8.476607
tcr_20_4,C,A,Y,K,1,90,CD2,CE,5.1130247
tcr_20_4,C,A,Y,R,1,86,CD2,O,7.6680098
tcr_20_4,C,A,Y,Y,1,83,CD2,O,6.721787
tcr_20_4,C,A,Y,R,1,86,CD2,C,7.3359284
tcr_20_4,C,A,Y,R,1,86,CD2,CG,6.236573
tcr_20_4,C,A,Y,R,1,86,CD2,CA,7.7951303
tcr_20_4,C,A,Y,R,1,86,CD2,N,8.650979
tcr_20_4,C,A,Y,D,1,85,CD2,C,9.8084
tcr_20_4,C,A,Y,R,1,86,CD2,CB,6.819758
tcr_20_4,C,A,Y,K,1,90,CD2,CB,8.195083
tcr_20_4,C,A,Y,K,1,90,CD2,CA,9.630877
tcr_20_4,C,A,Y,K,1,90,CD2,CD,6.0422983
tcr_20_4,C,A,Y,K,1,90,CD2,N,9.816137
tcr_20_4,C,A,Y,K,1,90,CD2,CG,7.4307184
tcr_20_4,C,A,Y,Y,1,31,CD2,CE2,7.8736215
tcr_20_4,C,A,Y,F,1,57,CD2,CZ,8.7874975
tcr_20_4,C,A,Y,Y,1,31,CD2,CZ,7.6021
tcr_20_4,C,A,Y,Y,1,31,CD2,OH,6.638827
tcr_20_4,C,A,Y,Y,1,31,CD2,CE1,8.571234
tcr_20_4,C,A,Y,F,1,57,CD2,CE2,8.5666685
tcr_20_4,C,A,Y,F,1,57,CD2,CD2,9.725036
tcr_20_4,C,A,Y,Y,1,195,CD2,CE2,6.7414317
tcr_20_4,C,A,Y,M,1,29,CD2,SD,7.9854093
tcr_20_4,C,A,Y,M,1,29,CD2,CG,9.674854
tcr_20_4,C,A,Y,Y,1,195,CD2,CD2,7.976879
tcr_20_4,C,A,Y,Y,1,195,CD2,CG,8.599562
tcr_20_4,C,A,Y,M,1,29,CD2,CE,7.652169
tcr_20_4,C,A,Y,W,1,191,CD2,O,8.006165
tcr_20_4,C,A,Y,F,1,123,CD2,CE2,9.647568
tcr_20_4,C,A,Y,Y,1,183,CD2,OH,7.187783
tcr_20_4,C,A,Y,Y,1,183,CD2,CZ,7.495631
tcr_20_4,C,A,Y,Y,1,31,CD2,CG,9.871243
tcr_20_4,C,A,Y,C,1,188,CD2,SG,9.832189
tcr_20_4,C,A,Y,Y,1,31,CD2,CD2,9.043883
tcr_20_4,C,A,Y,F,1,123,CD2,CZ,9.925823
tcr_20_4,C,A,Y,Y,1,183,CD2,CE1,8.875747
tcr_20_4,C,A,Y,Y,1,183,CD2,CD1,9.448351
tcr_20_4,C,A,Y,Y,1,183,CD2,CG,8.795314
tcr_20_4,C,A,Y,Y,1,83,CD2,CE1,6.417399
tcr_20_4,C,A,Y,W,1,191,CD2,CE3,4.299194
tcr_20_4,C,A,Y,Y,1,83,CD2,OH,5.395358
tcr_20_4,C,A,Y,Y,1,195,CD2,CD1,8.100091
tcr_20_4,C,A,Y,Y,1,195,CD2,OH,5.049001
tcr_20_4,C,A,Y,Y,1,195,CD2,CE1,6.8837132
tcr_20_4,C,A,Y,V,1,76,CD2,CG2,9.192152
tcr_20_4,C,A,Y,Y,1,195,CD2,CZ,6.1112194
tcr_20_4,C,A,Y,Y,1,83,CD2,CZ,5.2393775
tcr_20_4,C,A,Y,Y,1,83,CD2,CE2,4.2330575
tcr_20_4,C,A,Y,R,1,194,CD2,CD,7.7809477
tcr_20_4,C,A,Y,W,1,191,CD2,CZ3,4.470065
tcr_20_4,C,A,Y,Y,1,83,CD2,CD1,6.728857
tcr_20_4,C,A,Y,R,1,194,CD2,NE,8.092309
tcr_20_4,C,A,Y,W,1,191,CD2,CH2,4.0763035
tcr_20_4,C,A,Y,Y,1,83,CD2,CG,5.9874873
tcr_20_4,C,A,Y,Y,1,83,CD2,CD2,4.702773
tcr_20_4,C,A,Y,E,1,79,CD2,OE2,7.95987
tcr_20_4,C,A,Y,Y,1,83,CD2,CB,6.847563
tcr_20_4,C,A,Y,R,1,194,CD2,NH1,9.033836
tcr_20_4,C,A,Y,R,1,194,CD2,CZ,8.658042
tcr_20_4,C,A,Y,W,1,191,CD2,CA,6.5671005
tcr_20_4,C,A,Y,Y,1,183,CD2,CE2,6.6391807
tcr_20_4,C,A,Y,Y,1,183,CD2,CB,9.764009
tcr_20_4,C,A,Y,Y,1,183,CD2,CD2,7.3974404
tcr_20_4,C,A,Y,T,1,187,CD2,CB,6.503923
tcr_20_4,C,A,Y,W,1,191,CD2,CB,5.241258
tcr_20_4,C,A,Y,W,1,191,CD2,CG,4.1155705
tcr_20_4,C,A,Y,T,1,187,CD2,CG2,4.9969897
tcr_20_4,C,A,Y,W,1,191,CD2,CD2,3.6816316
tcr_20_4,C,A,Y,W,1,191,CD2,CD1,3.9168
tcr_20_4,C,A,Y,K,1,90,CD2,NZ,3.8077047
tcr_20_4,C,A,Y,E,1,87,CD2,OE1,3.5461128
tcr_20_4,C,A,Y,W,1,191,CD2,NE1,3.3370833
tcr_20_4,C,A,Y,W,1,191,CD2,CE2,3.1697717
tcr_20_4,C,A,Y,R,1,86,CD2,CZ,4.704374
tcr_20_4,C,A,Y,R,1,86,CD2,NH2,4.2377625
tcr_20_4,C,A,Y,R,1,86,CD2,NE,4.7422094
tcr_20_4,C,A,Y,W,1,191,CD2,CZ2,3.4152825
tcr_20_4,C,A,Y,R,1,86,CD2,CD,5.8082376
tcr_20_4,C,A,Y,R,1,86,CD2,NH1,5.5752645
tcr_20_4,C,A,Y,L,1,192,CD2,CA,9.71439
tcr_20_4,C,A,Y,C,1,188,CD2,C,8.746694
tcr_20_4,C,A,Y,C,1,188,CD2,O,8.569493
tcr_20_4,C,A,Y,V,1,189,CD2,N,9.716949
tcr_20_4,C,A,Y,W,1,191,CD2,C,7.6560607
tcr_20_4,C,A,Y,R,1,194,CD2,CB,8.914733
tcr_20_4,C,A,Y,R,1,194,CD2,CG,8.934774
tcr_20_4,C,A,Y,E,1,190,CD2,O,8.81547
tcr_20_4,C,A,Y,L,1,192,CD2,N,8.466686
tcr_20_4,C,A,Y,E,1,190,CD2,C,8.27406
tcr_20_4,C,A,Y,E,1,190,CD2,CA,9.110998
tcr_20_4,C,A,Y,E,1,190,CD2,OE2,8.751342
tcr_20_4,C,A,Y,E,1,190,CD2,CB,8.6529
tcr_20_4,C,A,Y,E,1,190,CD2,CG,9.885081
tcr_20_4,C,A,Y,E,1,190,CD2,N,9.407866
tcr_20_4,C,A,Y,E,1,190,CD2,CD,9.790699
tcr_20_4,C,A,Y,T,1,187,CD2,O,6.4552984
tcr_20_4,C,A,Y,W,1,191,CD2,N,7.1839166
tcr_20_4,C,A,Y,C,1,188,CD2,CB,9.154479
tcr_20_4,C,A,Y,C,1,188,CD2,CA,8.059938
tcr_20_4,C,A,Y,Y,1,183,CD2,O,9.612301
tcr_20_4,C,A,Y,T,1,187,CD2,CA,7.2009788
tcr_20_4,C,A,Y,T,1,187,CD2,N,8.635199
tcr_20_4,C,A,Y,T,1,187,CD2,OG1,7.198529
tcr_20_4,C,A,Y,C,1,188,CD2,N,7.7704344
tcr_20_4,C,A,Y,T,1,187,CD2,C,7.007958
tcr_20_4,C,A,Y,G,1,186,CD2,C,9.627221
tcr_20_4,C,A,Y,G,1,186,CD2,O,9.581189
tcr_20_4,C,A,Y,Y,1,31,CE1,CD1,9.979659
tcr_20_4,C,A,Y,Y,1,91,CE1,OH,9.510094
tcr_20_4,C,A,Y,Y,1,91,CE1,CZ,9.864152
tcr_20_4,C,A,Y,E,1,87,CE1,O,9.161522
tcr_20_4,C,A,Y,E,1,87,CE1,CD,5.957859
tcr_20_4,C,A,Y,E,1,87,CE1,OE2,6.1700516
tcr_20_4,C,A,Y,E,1,87,CE1,CG,7.2712016
tcr_20_4,C,A,Y,Y,1,83,CE1,C,9.29303
tcr_20_4,C,A,Y,Y,1,83,CE1,CA,9.083027
tcr_20_4,C,A,Y,E,1,82,CE1,O,9.827089
tcr_20_4,C,A,Y,E,1,87,CE1,N,7.890266
tcr_20_4,C,A,Y,E,1,87,CE1,CA,7.902792
tcr_20_4,C,A,Y,E,1,87,CE1,CB,8.235563
tcr_20_4,C,A,Y,E,1,87,CE1,C,9.124659
tcr_20_4,C,A,Y,K,1,90,CE1,CE,4.769182
tcr_20_4,C,A,Y,R,1,86,CE1,O,7.8145
tcr_20_4,C,A,Y,Y,1,83,CE1,O,8.482165
tcr_20_4,C,A,Y,R,1,86,CE1,C,7.8950377
tcr_20_4,C,A,Y,R,1,86,CE1,CG,6.4329104
tcr_20_4,C,A,Y,R,1,86,CE1,CA,8.424344
tcr_20_4,C,A,Y,R,1,86,CE1,N,9.603888
tcr_20_4,C,A,Y,R,1,86,CE1,CB,7.5268707
tcr_20_4,C,A,Y,K,1,90,CE1,C,9.88591
tcr_20_4,C,A,Y,K,1,90,CE1,CB,7.4433036
tcr_20_4,C,A,Y,K,1,90,CE1,CA,8.878514
tcr_20_4,C,A,Y,K,1,90,CE1,CD,4.977245
tcr_20_4,C,A,Y,K,1,90,CE1,N,9.35646
tcr_20_4,C,A,Y,K,1,90,CE1,CG,6.4677205
tcr_20_4,C,A,Y,Y,1,31,CE1,CE2,8.224819
tcr_20_4,C,A,Y,Y,1,31,CE1,CZ,8.28321
tcr_20_4,C,A,Y,Y,1,31,CE1,OH,7.7170453
tcr_20_4,C,A,Y,Y,1,31,CE1,CE1,9.201044
tcr_20_4,C,A,Y,Y,1,195,CE1,CE2,8.674245
tcr_20_4,C,A,Y,M,1,29,CE1,SD,8.867131
tcr_20_4,C,A,Y,Y,1,195,CE1,CD2,9.865802
tcr_20_4,C,A,Y,M,1,29,CE1,CE,7.998832
tcr_20_4,C,A,Y,W,1,191,CE1,O,9.645368
tcr_20_4,C,A,Y,F,1,123,CE1,CE2,8.56195
tcr_20_4,C,A,Y,Y,1,183,CE1,OH,6.267624
tcr_20_4,C,A,Y,Y,1,183,CE1,CZ,6.0967164
tcr_20_4,C,A,Y,Y,1,31,CE1,CG,9.929122
tcr_20_4,C,A,Y,C,1,188,CE1,SG,9.283951
tcr_20_4,C,A,Y,Y,1,31,CE1,CD2,9.089701
tcr_20_4,C,A,Y,F,1,123,CE1,CZ,8.944563
tcr_20_4,C,A,Y,F,1,123,CE1,CD2,9.6184845
tcr_20_4,C,A,Y,Y,1,183,CE1,CE1,7.340507
tcr_20_4,C,A,Y,Y,1,183,CE1,CD1,7.589657
tcr_20_4,C,A,Y,Y,1,183,CE1,CG,6.6881967
tcr_20_4,C,A,Y,Y,1,83,CE1,CE1,8.940381
tcr_20_4,C,A,Y,W,1,191,CE1,CE3,6.6818666
tcr_20_4,C,A,Y,Y,1,83,CE1,OH,7.82139
tcr_20_4,C,A,Y,Y,1,195,CE1,OH,7.3829694
tcr_20_4,C,A,Y,Y,1,195,CE1,CE1,9.329051
tcr_20_4,C,A,Y,Y,1,195,CE1,CZ,8.374624
tcr_20_4,C,A,Y,Y,1,83,CE1,CZ,7.81885
tcr_20_4,C,A,Y,Y,1,83,CE1,CE2,6.94328
tcr_20_4,C,A,Y,W,1,191,CE1,CZ3,7.0731497
tcr_20_4,C,A,Y,Y,1,83,CE1,CD1,9.256324
tcr_20_4,C,A,Y,W,1,191,CE1,CH2,6.5672145
tcr_20_4,C,A,Y,Y,1,83,CE1,CG,8.537283
tcr_20_4,C,A,Y,Y,1,83,CE1,CD2,7.3539767
tcr_20_4,C,A,Y,Y,1,83,CE1,CB,9.256838
tcr_20_4,C,A,Y,W,1,191,CE1,CA,7.800115
tcr_20_4,C,A,Y,Y,1,183,CE1,CE2,4.916705
tcr_20_4,C,A,Y,Y,1,183,CE1,CB,7.4484997
tcr_20_4,C,A,Y,Y,1,183,CE1,CA,7.87851
tcr_20_4,C,A,Y,Y,1,183,CE1,CD2,5.292393
tcr_20_4,C,A,Y,T,1,187,CE1,CB,4.8664865
tcr_20_4,C,A,Y,W,1,191,CE1,CB,6.460239
tcr_20_4,C,A,Y,W,1,191,CE1,CG,5.485109
tcr_20_4,C,A,Y,T,1,187,CE1,CG2,3.5059917
tcr_20_4,C,A,Y,W,1,191,CE1,CD2,5.6761827
tcr_20_4,C,A,Y,W,1,191,CE1,CD1,4.710089
tcr_20_4,C,A,Y,K,1,90,CE1,NZ,3.560453
tcr_20_4,C,A,Y,E,1,87,CE1,OE1,4.8753433
tcr_20_4,C,A,Y,W,1,191,CE1,NE1,4.377676
tcr_20_4,C,A,Y,W,1,191,CE1,CE2,5.0223603
tcr_20_4,C,A,Y,R,1,86,CE1,CZ,5.6098995
tcr_20_4,C,A,Y,R,1,86,CE1,NH2,5.728461
tcr_20_4,C,A,Y,R,1,86,CE1,NE,5.4948616
tcr_20_4,C,A,Y,W,1,191,CE1,CZ2,5.5424595
tcr_20_4,C,A,Y,R,1,86,CE1,CD,5.9845557
tcr_20_4,C,A,Y,R,1,86,CE1,NH1,6.0544505
tcr_20_4,C,A,Y,C,1,188,CE1,C,8.505655
tcr_20_4,C,A,Y,C,1,188,CE1,O,8.712986
tcr_20_4,C,A,Y,V,1,189,CE1,N,9.346929
tcr_20_4,C,A,Y,W,1,191,CE1,C,8.98616
tcr_20_4,C,A,Y,E,1,190,CE1,O,9.88971
tcr_20_4,C,A,Y,L,1,192,CE1,N,9.502033
tcr_20_4,C,A,Y,E,1,190,CE1,C,9.05761
tcr_20_4,C,A,Y,E,1,190,CE1,CA,9.490218
tcr_20_4,C,A,Y,E,1,190,CE1,OE2,8.426742
tcr_20_4,C,A,Y,E,1,190,CE1,CB,8.83349
tcr_20_4,C,A,Y,E,1,190,CE1,CG,9.78431
tcr_20_4,C,A,Y,E,1,190,CE1,N,9.494044
tcr_20_4,C,A,Y,E,1,190,CE1,CD,9.461747
tcr_20_4,C,A,Y,T,1,187,CE1,O,6.1675863
tcr_20_4,C,A,Y,W,1,191,CE1,N,7.9711795
tcr_20_4,C,A,Y,L,1,184,CE1,N,9.610435
tcr_20_4,C,A,Y,C,1,188,CE1,CB,8.302545
tcr_20_4,C,A,Y,C,1,188,CE1,CA,7.453086
tcr_20_4,C,A,Y,Y,1,183,CE1,C,8.4229555
tcr_20_4,C,A,Y,Y,1,183,CE1,O,7.9563985
tcr_20_4,C,A,Y,A,1,182,CE1,O,9.377697
tcr_20_4,C,A,Y,T,1,187,CE1,CA,6.0419374
tcr_20_4,C,A,Y,T,1,187,CE1,N,7.2909856
tcr_20_4,C,A,Y,A,1,182,CE1,C,9.680531
tcr_20_4,C,A,Y,T,1,187,CE1,OG1,5.280705
tcr_20_4,C,A,Y,C,1,188,CE1,N,6.831202
tcr_20_4,C,A,Y,Y,1,183,CE1,N,9.039279
tcr_20_4,C,A,Y,T,1,187,CE1,C,6.21701
tcr_20_4,C,A,Y,G,1,186,CE1,CA,9.690747
tcr_20_4,C,A,Y,G,1,186,CE1,C,8.49882
tcr_20_4,C,A,Y,G,1,186,CE1,O,8.795141
tcr_20_4,C,A,Y,E,1,79,CE2,CB,9.37521
tcr_20_4,C,A,Y,R,1,194,CE2,NH2,9.512749
tcr_20_4,C,A,Y,E,1,79,CE2,OE1,8.982235
tcr_20_4,C,A,Y,E,1,79,CE2,CD,8.731645
tcr_20_4,C,A,Y,E,1,79,CE2,CG,9.071499
tcr_20_4,C,A,Y,Y,1,91,CE2,OH,9.459907
tcr_20_4,C,A,Y,Y,1,91,CE2,CZ,9.866769
tcr_20_4,C,A,Y,Y,1,91,CE2,CE2,9.92308
tcr_20_4,C,A,Y,E,1,87,CE2,O,8.824149
tcr_20_4,C,A,Y,E,1,87,CE2,CD,5.1023035
tcr_20_4,C,A,Y,E,1,87,CE2,OE2,5.755036
tcr_20_4,C,A,Y,E,1,87,CE2,CG,6.0614357
tcr_20_4,C,A,Y,W,1,84,CE2,C,9.592957
tcr_20_4,C,A,Y,W,1,84,CE2,CA,9.294678
tcr_20_4,C,A,Y,Y,1,83,CE2,N,7.931497
tcr_20_4,C,A,Y,D,1,85,CE2,N,9.881841
tcr_20_4,C,A,Y,Y,1,83,CE2,C,7.2512245
tcr_20_4,C,A,Y,W,1,84,CE2,N,8.537349
tcr_20_4,C,A,Y,Y,1,83,CE2,CA,6.8356833
tcr_20_4,C,A,Y,E,1,82,CE2,O,7.802421
tcr_20_4,C,A,Y,E,1,82,CE2,CB,9.792015
tcr_20_4,C,A,Y,E,1,82,CE2,C,8.324956
tcr_20_4,C,A,Y,E,1,82,CE2,CA,9.72251
tcr_20_4,C,A,Y,E,1,82,CE2,CG,9.327763
tcr_20_4,C,A,Y,W,1,84,CE2,O,9.757882
tcr_20_4,C,A,Y,E,1,87,CE2,N,6.737299
tcr_20_4,C,A,Y,T,1,88,CE2,N,9.405339
tcr_20_4,C,A,Y,E,1,87,CE2,CA,7.042642
tcr_20_4,C,A,Y,E,1,87,CE2,CB,7.202501
tcr_20_4,C,A,Y,E,1,87,CE2,C,8.462364
tcr_20_4,C,A,Y,K,1,90,CE2,CE,4.8763633
tcr_20_4,C,A,Y,R,1,86,CE2,O,7.173791
tcr_20_4,C,A,Y,Y,1,83,CE2,O,6.621446
tcr_20_4,C,A,Y,R,1,86,CE2,C,6.8816037
tcr_20_4,C,A,Y,D,1,85,CE2,O,9.774836
tcr_20_4,C,A,Y,R,1,86,CE2,CG,5.2795124
tcr_20_4,C,A,Y,R,1,86,CE2,CA,7.157484
tcr_20_4,C,A,Y,R,1,86,CE2,N,8.118512
tcr_20_4,C,A,Y,D,1,85,CE2,C,9.336894
tcr_20_4,C,A,Y,R,1,86,CE2,CB,6.045426
tcr_20_4,C,A,Y,K,1,90,CE2,CB,7.9213996
tcr_20_4,C,A,Y,K,1,90,CE2,CA,9.287877
tcr_20_4,C,A,Y,K,1,90,CE2,CD,5.604779
tcr_20_4,C,A,Y,K,1,90,CE2,N,9.40479
tcr_20_4,C,A,Y,K,1,90,CE2,CG,6.9363985
tcr_20_4,C,A,Y,Y,1,31,CE2,CE2,9.00568
tcr_20_4,C,A,Y,Y,1,31,CE2,CZ,8.744007
tcr_20_4,C,A,Y,Y,1,31,CE2,OH,7.85143
tcr_20_4,C,A,Y,Y,1,31,CE2,CE1,9.633289
tcr_20_4,C,A,Y,F,1,57,CE2,CE2,9.879549
tcr_20_4,C,A,Y,Y,1,195,CE2,CE2,8.129461
tcr_20_4,C,A,Y,M,1,29,CE2,SD,9.305493
tcr_20_4,C,A,Y,Y,1,195,CE2,CD2,9.348109
tcr_20_4,C,A,Y,Y,1,195,CE2,CG,9.924525
tcr_20_4,C,A,Y,M,1,29,CE2,CE,8.847877
tcr_20_4,C,A,Y,W,1,191,CE2,O,9.193031
tcr_20_4,C,A,Y,Y,1,183,CE2,OH,7.9784226
tcr_20_4,C,A,Y,Y,1,183,CE2,CZ,8.0940695
tcr_20_4,C,A,Y,Y,1,183,CE2,CE1,9.428079
tcr_20_4,C,A,Y,Y,1,183,CE2,CD1,9.831945
tcr_20_4,C,A,Y,Y,1,183,CE2,CG,9.013487
tcr_20_4,C,A,Y,Y,1,83,CE2,CE1,7.1694207
tcr_20_4,C,A,Y,W,1,191,CE2,CE3,5.3314037
tcr_20_4,C,A,Y,Y,1,83,CE2,OH,6.503789
tcr_20_4,C,A,Y,Y,1,195,CE2,CD1,9.367398
tcr_20_4,C,A,Y,Y,1,195,CE2,OH,6.385683
tcr_20_4,C,A,Y,Y,1,195,CE2,CE1,8.147791
tcr_20_4,C,A,Y,Y,1,195,CE2,CZ,7.4579396
tcr_20_4,C,A,Y,Y,1,83,CE2,CZ,6.146702
tcr_20_4,C,A,Y,Y,1,83,CE2,CE2,5.0445294
tcr_20_4,C,A,Y,R,1,194,CE2,CD,8.513558
tcr_20_4,C,A,Y,W,1,191,CE2,CZ3,5.2932343
tcr_20_4,C,A,Y,Y,1,83,CE2,CD1,7.2502337
tcr_20_4,C,A,Y,R,1,194,CE2,NE,8.738963
tcr_20_4,C,A,Y,W,1,191,CE2,CH2,4.554009
tcr_20_4,C,A,Y,Y,1,83,CE2,CG,6.3494554
tcr_20_4,C,A,Y,Y,1,83,CE2,CD2,5.169189
tcr_20_4,C,A,Y,E,1,79,CE2,OE2,8.455606
tcr_20_4,C,A,Y,Y,1,83,CE2,CB,6.9417357
tcr_20_4,C,A,Y,R,1,194,CE2,NH1,9.375439
tcr_20_4,C,A,Y,R,1,194,CE2,CZ,9.124268
tcr_20_4,C,A,Y,W,1,191,CE2,CA,7.5979195
tcr_20_4,C,A,Y,Y,1,183,CE2,CE2,7.0644307
tcr_20_4,C,A,Y,Y,1,183,CE2,CB,9.81596
tcr_20_4,C,A,Y,Y,1,183,CE2,CD2,7.6056123
tcr_20_4,C,A,Y,T,1,187,CE2,CB,6.5663834
tcr_20_4,C,A,Y,W,1,191,CE2,CB,6.350456
tcr_20_4,C,A,Y,W,1,191,CE2,CG,5.0908604
tcr_20_4,C,A,Y,T,1,187,CE2,CG2,5.0529165
tcr_20_4,C,A,Y,W,1,191,CE2,CD2,4.633256
tcr_20_4,C,A,Y,W,1,191,CE2,CD1,4.5929456
tcr_20_4,C,A,Y,K,1,90,CE2,NZ,3.776323
tcr_20_4,C,A,Y,E,1,87,CE2,OE1,3.8983312
tcr_20_4,C,A,Y,W,1,191,CE2,NE1,3.7255976
tcr_20_4,C,A,Y,W,1,191,CE2,CE2,3.7411294
tcr_20_4,C,A,Y,R,1,86,CE2,CZ,3.6143212
tcr_20_4,C,A,Y,R,1,86,CE2,NH2,3.4376342
tcr_20_4,C,A,Y,R,1,86,CE2,NE,3.6821947
tcr_20_4,C,A,Y,W,1,191,CE2,CZ2,3.700352
tcr_20_4,C,A,Y,R,1,86,CE2,CD,4.6527224
tcr_20_4,C,A,Y,R,1,86,CE2,NH1,4.3567305
tcr_20_4,C,A,Y,E,1,82,CE2,OE1,9.615469
tcr_20_4,C,A,Y,E,1,82,CE2,CD,9.646673
tcr_20_4,C,A,Y,C,1,188,CE2,C,9.609072
tcr_20_4,C,A,Y,C,1,188,CE2,O,9.561381
tcr_20_4,C,A,Y,W,1,191,CE2,C,8.802852
tcr_20_4,C,A,Y,R,1,194,CE2,CB,9.816657
tcr_20_4,C,A,Y,R,1,194,CE2,CG,9.780981
tcr_20_4,C,A,Y,E,1,190,CE2,O,9.629357
tcr_20_4,C,A,Y,L,1,192,CE2,N,9.615508
tcr_20_4,C,A,Y,E,1,190,CE2,C,9.054769
tcr_20_4,C,A,Y,E,1,190,CE2,CA,9.750806
tcr_20_4,C,A,Y,E,1,190,CE2,OE2,8.758069
tcr_20_4,C,A,Y,E,1,190,CE2,CB,9.091357
tcr_20_4,C,A,Y,E,1,190,CE2,CD,9.885299
tcr_20_4,C,A,Y,T,1,187,CE2,O,7.105656
tcr_20_4,C,A,Y,W,1,191,CE2,N,8.051731
tcr_20_4,C,A,Y,C,1,188,CE2,CB,9.918538
tcr_20_4,C,A,Y,C,1,188,CE2,CA,8.844519
tcr_20_4,C,A,Y,Y,1,183,CE2,O,9.939462
tcr_20_4,C,A,Y,T,1,187,CE2,CA,7.430551
tcr_20_4,C,A,Y,T,1,187,CE2,N,8.79852
tcr_20_4,C,A,Y,T,1,187,CE2,OG1,6.994583
tcr_20_4,C,A,Y,C,1,188,CE2,N,8.350764
tcr_20_4,C,A,Y,T,1,187,CE2,C,7.5187135
tcr_20_4,C,A,Y,G,1,186,CE2,C,9.871703
tcr_20_4,C,A,Y,G,1,186,CE2,O,9.965655
tcr_20_4,C,A,Y,Y,1,91,CZ,OH,9.8671875
tcr_20_4,C,A,Y,E,1,87,CZ,O,9.002915
tcr_20_4,C,A,Y,E,1,87,CZ,CD,5.7817836
tcr_20_4,C,A,Y,E,1,87,CZ,OE2,6.2686577
tcr_20_4,C,A,Y,E,1,87,CZ,CG,6.8985567
tcr_20_4,C,A,Y,Y,1,83,CZ,N,9.016506
tcr_20_4,C,A,Y,Y,1,83,CZ,C,8.316573
tcr_20_4,C,A,Y,W,1,84,CZ,N,9.61379
tcr_20_4,C,A,Y,Y,1,83,CZ,CA,7.9808702
tcr_20_4,C,A,Y,E,1,82,CZ,O,8.617048
tcr_20_4,C,A,Y,E,1,82,CZ,C,9.264291
tcr_20_4,C,A,Y,E,1,87,CZ,N,7.2494335
tcr_20_4,C,A,Y,T,1,88,CZ,N,9.828034
tcr_20_4,C,A,Y,E,1,87,CZ,CA,7.5052595
tcr_20_4,C,A,Y,E,1,87,CZ,CB,7.879008
tcr_20_4,C,A,Y,E,1,87,CZ,C,8.806422
tcr_20_4,C,A,Y,K,1,90,CZ,CE,4.710467
tcr_20_4,C,A,Y,R,1,86,CZ,O,7.26406
tcr_20_4,C,A,Y,Y,1,83,CZ,O,7.5760326
tcr_20_4,C,A,Y,R,1,86,CZ,C,7.196186
tcr_20_4,C,A,Y,R,1,86,CZ,CG,5.4037604
tcr_20_4,C,A,Y,R,1,86,CZ,CA,7.5159354
tcr_20_4,C,A,Y,R,1,86,CZ,N,8.648279
tcr_20_4,C,A,Y,D,1,85,CZ,C,9.839112
tcr_20_4,C,A,Y,R,1,86,CZ,CB,6.460269
tcr_20_4,C,A,Y,K,1,90,CZ,CB,7.551955
tcr_20_4,C,A,Y,K,1,90,CZ,CA,8.915795
tcr_20_4,C,A,Y,K,1,90,CZ,CD,5.063441
tcr_20_4,C,A,Y,K,1,90,CZ,N,9.178724
tcr_20_4,C,A,Y,K,1,90,CZ,CG,6.4454646
tcr_20_4,C,A,Y,Y,1,31,CZ,CE2,9.167767
tcr_20_4,C,A,Y,Y,1,31,CZ,CZ,9.056296
tcr_20_4,C,A,Y,Y,1,31,CZ,OH,8.338162
tcr_20_4,C,A,Y,Y,1,31,CZ,CE1,9.928973
tcr_20_4,C,A,Y,Y,1,195,CZ,CE2,9.003038
tcr_20_4,C,A,Y,M,1,29,CZ,SD,9.698842
tcr_20_4,C,A,Y,M,1,29,CZ,CE,9.000335
tcr_20_4,C,A,Y,W,1,191,CZ,O,9.947059
tcr_20_4,C,A,Y,F,1,123,CZ,CE2,9.835587
tcr_20_4,C,A,Y,Y,1,183,CZ,OH,7.5812483
tcr_20_4,C,A,Y,Y,1,183,CZ,CZ,7.4823494
tcr_20_4,C,A,Y,Y,1,183,CZ,CE1,8.740998
tcr_20_4,C,A,Y,Y,1,183,CZ,CD1,8.986914
tcr_20_4,C,A,Y,Y,1,183,CZ,CG,8.0525465
tcr_20_4,C,A,Y,Y,1,83,CZ,CE1,8.422983
tcr_20_4,C,A,Y,W,1,191,CZ,CE3,6.442318
tcr_20_4,C,A,Y,Y,1,83,CZ,OH,7.646798
tcr_20_4,C,A,Y,Y,1,195,CZ,OH,7.441253
tcr_20_4,C,A,Y,Y,1,195,CZ,CE1,9.289001
tcr_20_4,C,A,Y,Y,1,195,CZ,CZ,8.490697
tcr_20_4,C,A,Y,Y,1,83,CZ,CZ,7.400151
tcr_20_4,C,A,Y,Y,1,83,CZ,CE2,6.379162
tcr_20_4,C,A,Y,R,1,194,CZ,CD,9.61281
tcr_20_4,C,A,Y,W,1,191,CZ,CZ3,6.561483
tcr_20_4,C,A,Y,Y,1,83,CZ,CD1,8.540221
tcr_20_4,C,A,Y,R,1,194,CZ,NE,9.945956
tcr_20_4,C,A,Y,W,1,191,CZ,CH2,5.830144
tcr_20_4,C,A,Y,Y,1,83,CZ,CG,7.6788297
tcr_20_4,C,A,Y,Y,1,83,CZ,CD2,6.5422225
tcr_20_4,C,A,Y,E,1,79,CZ,OE2,9.837588
tcr_20_4,C,A,Y,Y,1,83,CZ,CB,8.228909
tcr_20_4,C,A,Y,W,1,191,CZ,CA,8.155589
tcr_20_4,C,A,Y,Y,1,183,CZ,CE2,6.317803
tcr_20_4,C,A,Y,Y,1,183,CZ,CB,8.735124
tcr_20_4,C,A,Y,Y,1,183,CZ,CA,9.094007
tcr_20_4,C,A,Y,Y,1,183,CZ,CD2,6.664614
tcr_20_4,C,A,Y,T,1,187,CZ,CB,5.8023176
tcr_20_4,C,A,Y,W,1,191,CZ,CB,6.8858004
tcr_20_4,C,A,Y,W,1,191,CZ,CG,5.695629
tcr_20_4,C,A,Y,T,1,187,CZ,CG2,4.3685865
tcr_20_4,C,A,Y,W,1,191,CZ,CD2,5.5468884
tcr_20_4,C,A,Y,W,1,191,CZ,CD1,4.9437604
tcr_20_4,C,A,Y,K,1,90,CZ,NZ,3.6648674
tcr_20_4,C,A,Y,E,1,87,CZ,OE1,4.572479
tcr_20_4,C,A,Y,W,1,191,CZ,NE1,4.221451
tcr_20_4,C,A,Y,W,1,191,CZ,CE2,4.6409116
tcr_20_4,C,A,Y,R,1,86,CZ,CZ,4.2117853
tcr_20_4,C,A,Y,R,1,86,CZ,NH2,4.387712
tcr_20_4,C,A,Y,R,1,86,CZ,NE,4.1770477
tcr_20_4,C,A,Y,W,1,191,CZ,CZ2,4.815277
tcr_20_4,C,A,Y,R,1,86,CZ,CD,4.7675233
tcr_20_4,C,A,Y,R,1,86,CZ,NH1,4.662839
tcr_20_4,C,A,Y,C,1,188,CZ,C,9.494196
tcr_20_4,C,A,Y,C,1,188,CZ,O,9.621195
tcr_20_4,C,A,Y,W,1,191,CZ,C,9.407615
tcr_20_4,C,A,Y,E,1,190,CZ,C,9.414621
tcr_20_4,C,A,Y,E,1,190,CZ,CA,9.920693
tcr_20_4,C,A,Y,E,1,190,CZ,OE2,8.583563
tcr_20_4,C,A,Y,E,1,190,CZ,CB,9.166814
tcr_20_4,C,A,Y,E,1,190,CZ,CD,9.710328
tcr_20_4,C,A,Y,T,1,187,CZ,O,6.9681225
tcr_20_4,C,A,Y,W,1,191,CZ,N,8.407315
tcr_20_4,C,A,Y,C,1,188,CZ,CB,9.53127
tcr_20_4,C,A,Y,C,1,188,CZ,CA,8.568426
tcr_20_4,C,A,Y,Y,1,183,CZ,C,9.674064
tcr_20_4,C,A,Y,Y,1,183,CZ,O,9.169882
tcr_20_4,C,A,Y,T,1,187,CZ,CA,6.882955
tcr_20_4,C,A,Y,T,1,187,CZ,N,8.1553755
tcr_20_4,C,A,Y,T,1,187,CZ,OG1,6.0654716
tcr_20_4,C,A,Y,C,1,188,CZ,N,7.921526
tcr_20_4,C,A,Y,T,1,187,CZ,C,7.1530404
tcr_20_4,C,A,Y,G,1,186,CZ,C,9.327346
tcr_20_4,C,A,Y,G,1,186,CZ,O,9.585176
tcr_20_4,C,A,Y,E,1,87,OH,O,9.350305
tcr_20_4,C,A,Y,E,1,87,OH,CD,6.672953
tcr_20_4,C,A,Y,E,1,87,OH,OE2,7.241365
tcr_20_4,C,A,Y,E,1,87,OH,CG,7.6772714
tcr_20_4,C,A,Y,Y,1,83,OH,N,9.096879
tcr_20_4,C,A,Y,Y,1,83,OH,C,8.628067
tcr_20_4,C,A,Y,W,1,84,OH,N,9.947554
tcr_20_4,C,A,Y,Y,1,83,OH,CA,8.229039
tcr_20_4,C,A,Y,E,1,82,OH,O,8.449473
tcr_20_4,C,A,Y,E,1,82,OH,C,9.168392
tcr_20_4,C,A,Y,E,1,82,OH,CG,9.561612
tcr_20_4,C,A,Y,E,1,87,OH,N,7.4865227
tcr_20_4,C,A,Y,E,1,87,OH,CA,7.9317408
tcr_20_4,C,A,Y,E,1,87,OH,CB,8.508946
tcr_20_4,C,A,Y,E,1,87,OH,C,9.156156
tcr_20_4,C,A,Y,K,1,90,OH,CE,5.1014724
tcr_20_4,C,A,Y,R,1,86,OH,O,7.20728
tcr_20_4,C,A,Y,Y,1,83,OH,O,7.8941503
tcr_20_4,C,A,Y,R,1,86,OH,C,7.1969233
tcr_20_4,C,A,Y,R,1,86,OH,CG,4.9496017
tcr_20_4,C,A,Y,R,1,86,OH,CA,7.3110867
tcr_20_4,C,A,Y,R,1,86,OH,N,8.509414
tcr_20_4,C,A,Y,D,1,85,OH,C,9.718461
tcr_20_4,C,A,Y,R,1,86,OH,CB,6.1759005
tcr_20_4,C,A,Y,K,1,90,OH,CB,7.686976
tcr_20_4,C,A,Y,K,1,90,OH,CA,8.923467
tcr_20_4,C,A,Y,K,1,90,OH,CD,5.176537
tcr_20_4,C,A,Y,K,1,90,OH,N,9.112551
tcr_20_4,C,A,Y,K,1,90,OH,CG,6.39177
tcr_20_4,C,A,Y,Q,1,89,OH,OE1,9.832265
tcr_20_4,C,A,Y,Y,1,31,OH,OH,9.633549
tcr_20_4,C,A,Y,Y,1,183,OH,OH,8.660006
tcr_20_4,C,A,Y,Y,1,183,OH,CZ,8.416274
tcr_20_4,C,A,Y,Y,1,183,OH,CE1,9.591022
tcr_20_4,C,A,Y,Y,1,183,OH,CD1,9.675828
tcr_20_4,C,A,Y,Y,1,183,OH,CG,8.615338
tcr_20_4,C,A,Y,Y,1,83,OH,CE1,9.331627
tcr_20_4,C,A,Y,W,1,191,OH,CE3,7.5383058
tcr_20_4,C,A,Y,Y,1,83,OH,OH,8.799141
tcr_20_4,C,A,Y,Y,1,195,OH,OH,8.728746
tcr_20_4,C,A,Y,Y,1,195,OH,CZ,9.786342
tcr_20_4,C,A,Y,Y,1,83,OH,CZ,8.420904
tcr_20_4,C,A,Y,Y,1,83,OH,CE2,7.348579
tcr_20_4,C,A,Y,W,1,191,OH,CZ3,7.5200257
tcr_20_4,C,A,Y,Y,1,83,OH,CD1,9.284168
tcr_20_4,C,A,Y,W,1,191,OH,CH2,6.606049
tcr_20_4,C,A,Y,Y,1,83,OH,CG,8.328494
tcr_20_4,C,A,Y,Y,1,83,OH,CD2,7.296743
tcr_20_4,C,A,Y,Y,1,83,OH,CB,8.660824
tcr_20_4,C,A,Y,W,1,191,OH,CA,9.282959
tcr_20_4,C,A,Y,Y,1,183,OH,CE2,7.1620646
tcr_20_4,C,A,Y,Y,1,183,OH,CB,9.099288
tcr_20_4,C,A,Y,Y,1,183,OH,CA,9.439082
tcr_20_4,C,A,Y,Y,1,183,OH,CD2,7.2856917
tcr_20_4,C,A,Y,T,1,187,OH,CB,6.3100696
tcr_20_4,C,A,Y,W,1,191,OH,CB,8.091872
tcr_20_4,C,A,Y,W,1,191,OH,CG,6.8348675
tcr_20_4,C,A,Y,T,1,187,OH,CG2,5.0074053
tcr_20_4,C,A,Y,W,1,191,OH,CD2,6.636901
tcr_20_4,C,A,Y,W,1,191,OH,CD1,5.9595
tcr_20_4,C,A,Y,K,1,90,OH,NZ,4.3863783
tcr_20_4,C,A,Y,E,1,87,OH,OE1,5.43664
tcr_20_4,C,A,Y,W,1,191,OH,NE1,5.096004
tcr_20_4,C,A,Y,W,1,191,OH,CE2,5.5607777
tcr_20_4,C,A,Y,R,1,86,OH,CZ,3.827369
tcr_20_4,C,A,Y,R,1,86,OH,NH2,4.357814
tcr_20_4,C,A,Y,R,1,86,OH,NE,3.821307
tcr_20_4,C,A,Y,W,1,191,OH,CZ2,5.5434966
tcr_20_4,C,A,Y,R,1,86,OH,CD,4.1047726
tcr_20_4,C,A,Y,R,1,86,OH,NH1,3.9504395
tcr_20_4,C,A,Y,E,1,82,OH,OE1,9.389585
tcr_20_4,C,A,Y,E,1,82,OH,CD,9.728804
tcr_20_4,C,A,Y,E,1,190,OH,OE2,8.875053
tcr_20_4,C,A,Y,E,1,190,OH,CB,9.832112
tcr_20_4,C,A,Y,T,1,187,OH,O,7.906333
tcr_20_4,C,A,Y,W,1,191,OH,N,9.427872
tcr_20_4,C,A,Y,C,1,188,OH,CA,9.580639
tcr_20_4,C,A,Y,Y,1,183,OH,O,9.780064
tcr_20_4,C,A,Y,T,1,187,OH,CA,7.4774914
tcr_20_4,C,A,Y,T,1,187,OH,N,8.628546
tcr_20_4,C,A,Y,T,1,187,OH,OG1,6.265672
tcr_20_4,C,A,Y,C,1,188,OH,N,8.788781
tcr_20_4,C,A,Y,T,1,187,OH,C,7.983393
tcr_20_4,C,A,Y,G,1,186,OH,C,9.8347845
tcr_20_4,C,A,F,G,2,50,N,C,9.105738
tcr_20_4,C,A,F,G,2,50,N,O,9.778211
tcr_20_4,C,A,F,V,2,49,N,CA,9.999842
tcr_20_4,C,A,F,V,2,49,N,O,8.905618
tcr_20_4,C,A,F,V,2,49,N,C,9.055759
tcr_20_4,C,A,F,V,2,49,N,N,9.962844
tcr_20_4,C,A,F,F,2,32,N,N,9.774048
tcr_20_4,C,A,F,Y,2,31,N,C,9.190317
tcr_20_4,C,A,F,Y,2,51,N,N,9.438432
tcr_20_4,C,A,F,Y,2,31,N,N,8.25759
tcr_20_4,C,A,F,R,2,30,N,O,8.791179
tcr_20_4,C,A,F,R,2,30,N,C,8.70547
tcr_20_4,C,A,F,Y,2,51,N,O,9.70813
tcr_20_4,C,A,F,R,2,30,N,CA,9.501917
tcr_20_4,C,A,F,R,2,30,N,N,9.450727
tcr_20_4,C,A,F,M,2,29,N,C,9.580223
tcr_20_4,C,A,F,M,2,29,N,O,9.701441
tcr_20_4,C,A,F,M,2,29,N,CA,9.8451
tcr_20_4,C,A,F,Y,2,31,N,CA,7.9558263
tcr_20_4,C,A,F,Y,2,31,N,O,9.723911
tcr_20_4,C,A,F,F,2,123,N,O,8.902139
tcr_20_4,C,A,F,G,2,124,N,CA,9.55858
tcr_20_4,C,A,F,G,2,124,N,N,9.834335
tcr_20_4,C,A,F,F,2,123,N,C,9.516785
tcr_20_4,C,A,F,V,2,58,N,CA,9.270506
tcr_20_4,C,A,F,V,2,58,N,C,9.736942
tcr_20_4,C,A,F,V,2,58,N,O,9.860233
tcr_20_4,C,A,F,V,2,58,N,N,9.727073
tcr_20_4,C,A,F,V,2,58,N,CB,7.7965517
tcr_20_4,C,A,F,V,2,58,N,CG2,7.663552
tcr_20_4,C,A,F,W,2,84,N,CZ3,8.972956
tcr_20_4,C,A,F,W,2,84,N,CH2,9.457179
tcr_20_4,C,A,F,W,2,84,N,CE3,9.369323
tcr_20_4,C,A,F,G,2,50,N,N,8.631707
tcr_20_4,C,A,F,G,2,50,N,CA,8.021593
tcr_20_4,C,A,F,A,2,48,N,CB,9.028969
tcr_20_4,C,A,F,Y,2,31,N,CD1,5.1821504
tcr_20_4,C,A,F,Y,2,91,N,CE1,5.856789
tcr_20_4,C,A,F,V,2,58,N,CG1,6.845338
tcr_20_4,C,A,F,Y,2,91,N,OH,4.9147964
tcr_20_4,C,A,F,Y,2,91,N,CD1,6.8217335
tcr_20_4,C,A,F,Y,2,91,N,CZ,5.530635
tcr_20_4,C,A,F,Y,2,91,N,CD2,7.170985
tcr_20_4,C,A,F,Y,2,91,N,CE2,6.264801
tcr_20_4,C,A,F,Y,2,91,N,CG,7.4242587
tcr_20_4,C,A,F,Y,2,91,N,CB,8.644454
tcr_20_4,C,A,F,E,2,87,N,O,6.8807874
tcr_20_4,C,A,F,E,2,87,N,CD,3.7029295
tcr_20_4,C,A,F,E,2,87,N,OE2,2.8648055
tcr_20_4,C,A,F,E,2,87,N,CG,5.148872
tcr_20_4,C,A,F,G,2,69,N,CA,9.705558
tcr_20_4,C,A,F,W,2,84,N,CA,9.894213
tcr_20_4,C,A,F,Y,2,83,N,C,9.019101
tcr_20_4,C,A,F,W,2,84,N,N,9.903296
tcr_20_4,C,A,F,Y,2,83,N,CA,9.475736
tcr_20_4,C,A,F,W,2,84,N,O,9.735699
tcr_20_4,C,A,F,E,2,87,N,N,7.0225224
tcr_20_4,C,A,F,T,2,88,N,N,8.325819
tcr_20_4,C,A,F,E,2,87,N,CA,6.1453595
tcr_20_4,C,A,F,E,2,87,N,CB,5.916708
tcr_20_4,C,A,F,T,2,88,N,C,9.763939
tcr_20_4,C,A,F,E,2,87,N,C,7.069656
tcr_20_4,C,A,F,K,2,90,N,CE,4.285707
tcr_20_4,C,A,F,T,2,88,N,CA,9.441993
tcr_20_4,C,A,F,R,2,86,N,O,7.4920993
tcr_20_4,C,A,F,Q,2,89,N,N,9.845392
tcr_20_4,C,A,F,Y,2,83,N,O,8.083461
tcr_20_4,C,A,F,R,2,86,N,C,7.627236
tcr_20_4,C,A,F,R,2,86,N,CG,8.109204
tcr_20_4,C,A,F,R,2,86,N,CA,8.833019
tcr_20_4,C,A,F,R,2,86,N,N,9.732766
tcr_20_4,C,A,F,R,2,86,N,CB,8.642897
tcr_20_4,C,A,F,Y,2,91,N,CA,8.630154
tcr_20_4,C,A,F,Y,2,91,N,N,7.931427
tcr_20_4,C,A,F,R,2,121,N,NH1,9.042883
tcr_20_4,C,A,F,K,2,90,N,O,8.604234
tcr_20_4,C,A,F,Q,2,89,N,C,9.653705
tcr_20_4,C,A,F,K,2,90,N,C,7.9894123
tcr_20_4,C,A,F,K,2,90,N,CB,6.211538
tcr_20_4,C,A,F,K,2,90,N,CA,7.674436
tcr_20_4,C,A,F,K,2,90,N,CD,5.118556
tcr_20_4,C,A,F,K,2,90,N,N,8.340143
tcr_20_4,C,A,F,K,2,90,N,CG,6.314758
tcr_20_4,C,A,F,Y,2,31,N,CE2,4.038998
tcr_20_4,C,A,F,F,2,57,N,CE1,7.669721
tcr_20_4,C,A,F,F,2,57,N,CZ,6.482084
tcr_20_4,C,A,F,Y,2,31,N,CZ,3.6803534
tcr_20_4,C,A,F,F,2,57,N,CD1,8.867001
tcr_20_4,C,A,F,Y,2,31,N,OH,3.370641
tcr_20_4,C,A,F,Y,2,31,N,CE1,4.3440137
tcr_20_4,C,A,F,F,2,57,N,CE2,6.7145286
tcr_20_4,C,A,F,F,2,57,N,CG,9.045312
tcr_20_4,C,A,F,F,2,57,N,CD2,8.056755
tcr_20_4,C,A,F,Y,2,195,N,CE2,6.683492
tcr_20_4,C,A,F,M,2,29,N,SD,6.416611
tcr_20_4,C,A,F,M,2,29,N,CG,7.4883127
tcr_20_4,C,A,F,Y,2,195,N,CD2,7.9948773
tcr_20_4,C,A,F,Y,2,195,N,CG,9.113272
tcr_20_4,C,A,F,M,2,29,N,CB,8.811604
tcr_20_4,C,A,F,M,2,29,N,CE,6.1600685
tcr_20_4,C,A,F,W,2,191,N,O,9.367784
tcr_20_4,C,A,F,F,2,123,N,CE2,5.7517776
tcr_20_4,C,A,F,Y,2,183,N,OH,4.627167
tcr_20_4,C,A,F,Y,2,183,N,CZ,5.4554787
tcr_20_4,C,A,F,Y,2,31,N,CG,5.4381
tcr_20_4,C,A,F,C,2,188,N,SG,8.346537
tcr_20_4,C,A,F,Y,2,31,N,CB,6.688351
tcr_20_4,C,A,F,Y,2,31,N,CD2,4.9297237
tcr_20_4,C,A,F,F,2,123,N,CZ,5.642083
tcr_20_4,C,A,F,F,2,123,N,CD2,7.0909853
tcr_20_4,C,A,F,Y,2,183,N,CE1,6.7289634
tcr_20_4,C,A,F,F,2,123,N,CE1,6.9103765
tcr_20_4,C,A,F,F,2,123,N,CD1,8.057432
tcr_20_4,C,A,F,F,2,123,N,CG,8.143984
tcr_20_4,C,A,F,Y,2,183,N,CD1,7.7276506
tcr_20_4,C,A,F,Y,2,183,N,CG,7.670023
tcr_20_4,C,A,F,R,2,121,N,NH2,9.585947
tcr_20_4,C,A,F,F,2,123,N,CB,9.561416
tcr_20_4,C,A,F,R,2,121,N,CZ,9.615012
tcr_20_4,C,A,F,Y,2,83,N,CE1,7.244248
tcr_20_4,C,A,F,W,2,191,N,CE3,7.3469553
tcr_20_4,C,A,F,Y,2,83,N,OH,5.5614386
tcr_20_4,C,A,F,Y,2,195,N,CD1,9.084669
tcr_20_4,C,A,F,Y,2,195,N,OH,5.589517
tcr_20_4,C,A,F,Y,2,195,N,CE1,7.9578896
tcr_20_4,C,A,F,V,2,76,N,CG2,9.3413515
tcr_20_4,C,A,F,Y,2,195,N,CZ,6.660423
tcr_20_4,C,A,F,Y,2,83,N,CZ,6.250968
tcr_20_4,C,A,F,Y,2,83,N,CE2,6.3179836
tcr_20_4,C,A,F,W,2,191,N,CZ3,7.9010696
tcr_20_4,C,A,F,Y,2,83,N,CD1,8.165887
tcr_20_4,C,A,F,W,2,191,N,CH2,8.1469555
tcr_20_4,C,A,F,Y,2,83,N,CG,8.226902
tcr_20_4,C,A,F,Y,2,83,N,CD2,7.35932
tcr_20_4,C,A,F,Y,2,83,N,CB,9.463441
tcr_20_4,C,A,F,W,2,191,N,CA,8.498235
tcr_20_4,C,A,F,Y,2,183,N,CE2,5.3565054
tcr_20_4,C,A,F,Y,2,183,N,CB,9.015346
tcr_20_4,C,A,F,Y,2,183,N,CA,9.883006
tcr_20_4,C,A,F,Y,2,183,N,CD2,6.574915
tcr_20_4,C,A,F,T,2,187,N,CB,8.067318
tcr_20_4,C,A,F,W,2,191,N,CB,6.99954
tcr_20_4,C,A,F,W,2,191,N,CG,6.8433876
tcr_20_4,C,A,F,T,2,187,N,CG2,7.0188212
tcr_20_4,C,A,F,W,2,191,N,CD2,7.0304084
tcr_20_4,C,A,F,W,2,191,N,CD1,7.0188417
tcr_20_4,C,A,F,K,2,90,N,NZ,3.285483
tcr_20_4,C,A,F,E,2,87,N,OE1,3.7565856
tcr_20_4,C,A,F,W,2,191,N,NE1,7.281893
tcr_20_4,C,A,F,W,2,191,N,CE2,7.3038974
tcr_20_4,C,A,F,R,2,86,N,CZ,8.584628
tcr_20_4,C,A,F,R,2,86,N,NH2,8.426868
tcr_20_4,C,A,F,R,2,86,N,NE,7.98796
tcr_20_4,C,A,F,W,2,191,N,CZ2,7.8709326
tcr_20_4,C,A,F,R,2,86,N,CD,8.518997
tcr_20_4,C,A,F,R,2,86,N,NH1,9.566772
tcr_20_4,C,A,F,C,2,188,N,C,8.966793
tcr_20_4,C,A,F,C,2,188,N,O,8.767998
tcr_20_4,C,A,F,W,2,191,N,C,8.965825
tcr_20_4,C,A,F,L,2,192,N,N,9.274167
tcr_20_4,C,A,F,T,2,187,N,O,7.965125
tcr_20_4,C,A,F,W,2,191,N,N,9.2223215
tcr_20_4,C,A,F,C,2,188,N,CB,8.357587
tcr_20_4,C,A,F,C,2,188,N,CA,7.953058
tcr_20_4,C,A,F,Y,2,183,N,C,9.971681
tcr_20_4,C,A,F,Y,2,183,N,O,9.554179
tcr_20_4,C,A,F,T,2,187,N,CA,8.8947
tcr_20_4,C,A,F,T,2,187,N,OG1,9.027801
tcr_20_4,C,A,F,C,2,188,N,N,8.226963
tcr_20_4,C,A,F,T,2,187,N,C,8.216707
tcr_20_4,C,A,F,G,2,50,CA,C,9.336281
tcr_20_4,C,A,F,V,2,49,CA,CA,9.718356
tcr_20_4,C,A,F,V,2,49,CA,O,8.531613
tcr_20_4,C,A,F,V,2,49,CA,C,8.822328
tcr_20_4,C,A,F,V,2,49,CA,N,9.488008
tcr_20_4,C,A,F,F,2,32,CA,N,9.074512
tcr_20_4,C,A,F,Y,2,31,CA,C,8.477843
tcr_20_4,C,A,F,F,2,32,CA,O,9.994763
tcr_20_4,C,A,F,Y,2,51,CA,N,9.6558275
tcr_20_4,C,A,F,Y,2,31,CA,N,7.818227
tcr_20_4,C,A,F,R,2,30,CA,O,8.674968
tcr_20_4,C,A,F,R,2,30,CA,C,8.46986
tcr_20_4,C,A,F,R,2,30,CA,CA,9.32336
tcr_20_4,C,A,F,R,2,30,CA,N,9.491694
tcr_20_4,C,A,F,M,2,29,CA,C,9.689281
tcr_20_4,C,A,F,M,2,29,CA,O,9.698671
tcr_20_4,C,A,F,F,2,123,CA,CA,9.318851
tcr_20_4,C,A,F,Y,2,31,CA,CA,7.394297
tcr_20_4,C,A,F,F,2,123,CA,N,9.64572
tcr_20_4,C,A,F,Y,2,31,CA,O,8.915479
tcr_20_4,C,A,F,F,2,123,CA,O,8.272578
tcr_20_4,C,A,F,G,2,124,CA,CA,9.174366
tcr_20_4,C,A,F,G,2,124,CA,N,9.241158
tcr_20_4,C,A,F,F,2,123,CA,C,8.81844
tcr_20_4,C,A,F,F,2,60,CA,CB,9.734962
tcr_20_4,C,A,F,T,2,88,CA,O,9.813865
tcr_20_4,C,A,F,V,2,58,CA,CA,9.781541
tcr_20_4,C,A,F,V,2,58,CA,CB,8.368144
tcr_20_4,C,A,F,V,2,58,CA,CG2,8.173965
tcr_20_4,C,A,F,W,2,84,CA,CZ3,9.826202
tcr_20_4,C,A,F,A,2,48,CA,CA,9.514734
tcr_20_4,C,A,F,G,2,50,CA,N,8.609608
tcr_20_4,C,A,F,A,2,48,CA,C,9.550059
tcr_20_4,C,A,F,G,2,50,CA,CA,8.112876
tcr_20_4,C,A,F,A,2,48,CA,O,9.840761
tcr_20_4,C,A,F,A,2,48,CA,CB,8.246063
tcr_20_4,C,A,F,Y,2,31,CA,CD1,4.8356466
tcr_20_4,C,A,F,Y,2,91,CA,CE1,5.2833266
tcr_20_4,C,A,F,V,2,58,CA,CG1,7.2887473
tcr_20_4,C,A,F,Y,2,91,CA,OH,4.9357743
tcr_20_4,C,A,F,Y,2,91,CA,CD1,6.1254277
tcr_20_4,C,A,F,Y,2,91,CA,CZ,5.311365
tcr_20_4,C,A,F,Y,2,91,CA,CD2,6.9113493
tcr_20_4,C,A,F,Y,2,91,CA,CE2,6.184104
tcr_20_4,C,A,F,Y,2,91,CA,CG,6.888132
tcr_20_4,C,A,F,Y,2,91,CA,CB,8.014601
tcr_20_4,C,A,F,E,2,87,CA,O,6.728661
tcr_20_4,C,A,F,E,2,87,CA,CD,4.60848
tcr_20_4,C,A,F,E,2,87,CA,OE2,3.6461453
tcr_20_4,C,A,F,E,2,87,CA,CG,6.020879
tcr_20_4,C,A,F,G,2,69,CA,CA,9.961015
tcr_20_4,C,A,F,Y,2,83,CA,C,9.982962
tcr_20_4,C,A,F,E,2,87,CA,N,7.480614
tcr_20_4,C,A,F,T,2,88,CA,N,8.474612
tcr_20_4,C,A,F,E,2,87,CA,CA,6.4949102
tcr_20_4,C,A,F,E,2,87,CA,CB,6.487655
tcr_20_4,C,A,F,T,2,88,CA,C,9.579612
tcr_20_4,C,A,F,E,2,87,CA,C,7.1651297
tcr_20_4,C,A,F,K,2,90,CA,CE,4.3590746
tcr_20_4,C,A,F,T,2,88,CA,CA,9.433463
tcr_20_4,C,A,F,R,2,86,CA,O,7.5886927
tcr_20_4,C,A,F,Q,2,89,CA,N,9.700349
tcr_20_4,C,A,F,Y,2,83,CA,O,8.957139
tcr_20_4,C,A,F,R,2,86,CA,C,7.944981
tcr_20_4,C,A,F,R,2,86,CA,CG,8.557638
tcr_20_4,C,A,F,R,2,86,CA,CA,9.244074
tcr_20_4,C,A,F,R,2,86,CA,CB,9.200837
tcr_20_4,C,A,F,Y,2,91,CA,O,9.774062
tcr_20_4,C,A,F,F,2,46,CA,CE1,9.515045
tcr_20_4,C,A,F,Y,2,91,CA,C,9.269883
tcr_20_4,C,A,F,F,2,46,CA,CZ,9.20393
tcr_20_4,C,A,F,Y,2,91,CA,CA,7.832893
tcr_20_4,C,A,F,Q,2,94,CA,CG,9.12078
tcr_20_4,C,A,F,Y,2,91,CA,N,7.219204
tcr_20_4,C,A,F,Q,2,94,CA,CB,8.819582
tcr_20_4,C,A,F,S,2,33,CA,OG,9.931276
tcr_20_4,C,A,F,R,2,121,CA,NH1,7.616368
tcr_20_4,C,A,F,S,2,33,CA,CB,9.593631
tcr_20_4,C,A,F,K,2,90,CA,O,7.6317897
tcr_20_4,C,A,F,Q,2,89,CA,O,9.764891
tcr_20_4,C,A,F,Q,2,89,CA,C,9.192597
tcr_20_4,C,A,F,K,2,90,CA,C,7.1764984
tcr_20_4,C,A,F,K,2,90,CA,CB,5.606485
tcr_20_4,C,A,F,K,2,90,CA,CA,7.014944
tcr_20_4,C,A,F,K,2,90,CA,CD,4.827705
tcr_20_4,C,A,F,K,2,90,CA,N,7.8928437
tcr_20_4,C,A,F,K,2,90,CA,CG,5.8868365
tcr_20_4,C,A,F,R,2,121,CA,CD,9.512346
tcr_20_4,C,A,F,Q,2,94,CA,CD,9.668173
tcr_20_4,C,A,F,Q,2,94,CA,OE1,9.089661
tcr_20_4,C,A,F,Y,2,31,CA,CE2,4.1592865
tcr_20_4,C,A,F,F,2,57,CA,CE1,8.371451
tcr_20_4,C,A,F,F,2,57,CA,CZ,7.312786
tcr_20_4,C,A,F,Y,2,31,CA,CZ,3.9912202
tcr_20_4,C,A,F,F,2,57,CA,CD1,9.603151
tcr_20_4,C,A,F,Y,2,31,CA,OH,4.1571765
tcr_20_4,C,A,F,Y,2,31,CA,CE1,4.3625236
tcr_20_4,C,A,F,F,2,57,CA,CE2,7.6857924
tcr_20_4,C,A,F,F,2,57,CA,CG,9.898301
tcr_20_4,C,A,F,F,2,57,CA,CD2,9.013389
tcr_20_4,C,A,F,Y,2,195,CA,CE2,7.9285445
tcr_20_4,C,A,F,M,2,29,CA,SD,7.1618752
tcr_20_4,C,A,F,M,2,29,CA,CG,7.9880557
tcr_20_4,C,A,F,Y,2,195,CA,CD2,9.185905
tcr_20_4,C,A,F,M,2,29,CA,CB,9.26909
tcr_20_4,C,A,F,M,2,29,CA,CE,6.7281003
tcr_20_4,C,A,F,F,2,123,CA,CE2,4.7586827
tcr_20_4,C,A,F,Y,2,183,CA,OH,4.4143205
tcr_20_4,C,A,F,Y,2,183,CA,CZ,5.128195
tcr_20_4,C,A,F,Y,2,31,CA,CG,4.9658585
tcr_20_4,C,A,F,C,2,188,CA,SG,8.455807
tcr_20_4,C,A,F,Y,2,31,CA,CB,5.991508
tcr_20_4,C,A,F,Y,2,31,CA,CD2,4.6520834
tcr_20_4,C,A,F,F,2,123,CA,CZ,4.464886
tcr_20_4,C,A,F,F,2,123,CA,CD2,6.1497126
tcr_20_4,C,A,F,Y,2,183,CA,CE1,6.2434163
tcr_20_4,C,A,F,F,2,123,CA,CE1,5.690875
tcr_20_4,C,A,F,F,2,123,CA,CD1,6.8950615
tcr_20_4,C,A,F,F,2,123,CA,CG,7.0979314
tcr_20_4,C,A,F,Y,2,183,CA,CD1,7.2010846
tcr_20_4,C,A,F,Y,2,183,CA,CG,7.226391
tcr_20_4,C,A,F,R,2,121,CA,NH2,8.269177
tcr_20_4,C,A,F,R,2,121,CA,NE,9.07589
tcr_20_4,C,A,F,F,2,123,CA,CB,8.5608425
tcr_20_4,C,A,F,R,2,121,CA,CZ,8.238806
tcr_20_4,C,A,F,Y,2,83,CA,CE1,8.4882145
tcr_20_4,C,A,F,W,2,191,CA,CE3,8.745113
tcr_20_4,C,A,F,Y,2,83,CA,OH,6.903728
tcr_20_4,C,A,F,Y,2,195,CA,OH,6.9979444
tcr_20_4,C,A,F,Y,2,195,CA,CE1,9.346038
tcr_20_4,C,A,F,Y,2,195,CA,CZ,8.020756
tcr_20_4,C,A,F,Y,2,83,CA,CZ,7.588637
tcr_20_4,C,A,F,Y,2,83,CA,CE2,7.694458
tcr_20_4,C,A,F,W,2,191,CA,CZ3,9.320336
tcr_20_4,C,A,F,Y,2,83,CA,CD1,9.385708
tcr_20_4,C,A,F,W,2,191,CA,CH2,9.508446
tcr_20_4,C,A,F,Y,2,83,CA,CG,9.480434
tcr_20_4,C,A,F,Y,2,83,CA,CD2,8.676263
tcr_20_4,C,A,F,W,2,191,CA,CA,9.634401
tcr_20_4,C,A,F,Y,2,183,CA,CE2,5.147964
tcr_20_4,C,A,F,Y,2,183,CA,CB,8.548312
tcr_20_4,C,A,F,Y,2,183,CA,CA,9.595836
tcr_20_4,C,A,F,Y,2,183,CA,CD2,6.2816567
tcr_20_4,C,A,F,T,2,187,CA,CB,8.415128
tcr_20_4,C,A,F,W,2,191,CA,CB,8.14337
tcr_20_4,C,A,F,W,2,191,CA,CG,8.036499
tcr_20_4,C,A,F,T,2,187,CA,CG2,7.5273857
tcr_20_4,C,A,F,W,2,191,CA,CD2,8.340172
tcr_20_4,C,A,F,W,2,191,CA,CD1,8.087297
tcr_20_4,C,A,F,K,2,90,CA,NZ,3.6806219
tcr_20_4,C,A,F,E,2,87,CA,OE1,4.7107744
tcr_20_4,C,A,F,W,2,191,CA,NE1,8.386933
tcr_20_4,C,A,F,W,2,191,CA,CE2,8.549662
tcr_20_4,C,A,F,R,2,86,CA,CZ,9.462077
tcr_20_4,C,A,F,R,2,86,CA,NH2,9.461988
tcr_20_4,C,A,F,R,2,86,CA,NE,8.762976
tcr_20_4,C,A,F,W,2,191,CA,CZ2,9.145821
tcr_20_4,C,A,F,R,2,86,CA,CD,9.084185
tcr_20_4,C,A,F,R,2,180,CA,NH1,9.239686
tcr_20_4,C,A,F,C,2,188,CA,C,9.494695
tcr_20_4,C,A,F,C,2,188,CA,O,9.424197
tcr_20_4,C,A,F,T,2,187,CA,O,8.673947
tcr_20_4,C,A,F,C,2,188,CA,CB,8.500937
tcr_20_4,C,A,F,C,2,188,CA,CA,8.335976
tcr_20_4,C,A,F,Y,2,183,CA,C,9.768133
tcr_20_4,C,A,F,Y,2,183,CA,O,9.5218935
tcr_20_4,C,A,F,T,2,187,CA,CA,9.359935
tcr_20_4,C,A,F,T,2,187,CA,OG1,9.294449
tcr_20_4,C,A,F,C,2,188,CA,N,8.588356
tcr_20_4,C,A,F,T,2,187,CA,C,8.740524
tcr_20_4,C,A,F,V,2,49,C,O,9.835652
tcr_20_4,C,A,F,Y,2,31,C,C,9.384541
tcr_20_4,C,A,F,Y,2,31,C,N,8.733912
tcr_20_4,C,A,F,R,2,30,C,O,9.814882
tcr_20_4,C,A,F,R,2,30,C,C,9.466828
tcr_20_4,C,A,F,F,2,123,C,CA,9.470199
tcr_20_4,C,A,F,Y,2,31,C,CA,8.39495
tcr_20_4,C,A,F,F,2,123,C,N,9.947947
tcr_20_4,C,A,F,Y,2,31,C,O,9.655094
tcr_20_4,C,A,F,F,2,123,C,O,8.731696
tcr_20_4,C,A,F,G,2,124,C,CA,9.405963
tcr_20_4,C,A,F,G,2,124,C,N,9.392067
tcr_20_4,C,A,F,F,2,123,C,C,9.082576
tcr_20_4,C,A,F,V,2,58,C,CB,9.8707285
tcr_20_4,C,A,F,V,2,58,C,CG2,9.61878
tcr_20_4,C,A,F,G,2,50,C,CA,9.551927
tcr_20_4,C,A,F,A,2,48,C,CB,9.288846
tcr_20_4,C,A,F,Y,2,31,C,CD1,6.176885
tcr_20_4,C,A,F,Y,2,91,C,CE1,6.3760366
tcr_20_4,C,A,F,V,2,58,C,CG1,8.818625
tcr_20_4,C,A,F,Y,2,91,C,OH,6.335865
tcr_20_4,C,A,F,Y,2,91,C,CD1,6.990892
tcr_20_4,C,A,F,Y,2,91,C,CZ,6.5342655
tcr_20_4,C,A,F,Y,2,91,C,CD2,7.825685
tcr_20_4,C,A,F,Y,2,91,C,CE2,7.2883987
tcr_20_4,C,A,F,Y,2,91,C,CG,7.688958
tcr_20_4,C,A,F,Y,2,91,C,CB,8.62361
tcr_20_4,C,A,F,E,2,87,C,O,7.1715856
tcr_20_4,C,A,F,E,2,87,C,CD,5.318057
tcr_20_4,C,A,F,E,2,87,C,OE2,4.5985274
tcr_20_4,C,A,F,E,2,87,C,CG,6.800335
tcr_20_4,C,A,F,E,2,87,C,N,7.772795
tcr_20_4,C,A,F,T,2,88,C,N,8.993105
tcr_20_4,C,A,F,E,2,87,C,CA,6.976939
tcr_20_4,C,A,F,E,2,87,C,CB,7.2514453
tcr_20_4,C,A,F,T,2,88,C,C,9.888307
tcr_20_4,C,A,F,E,2,87,C,C,7.6605945
tcr_20_4,C,A,F,K,2,90,C,CE,4.074539
tcr_20_4,C,A,F,T,2,88,C,CA,9.943507
tcr_20_4,C,A,F,R,2,86,C,O,7.5155663
tcr_20_4,C,A,F,Q,2,89,C,N,9.832655
tcr_20_4,C,A,F,Y,2,83,C,O,9.374431
tcr_20_4,C,A,F,R,2,86,C,C,7.998311
tcr_20_4,C,A,F,R,2,86,C,CG,8.178578
tcr_20_4,C,A,F,R,2,86,C,CA,9.198352
tcr_20_4,C,A,F,R,2,86,C,CB,9.050726
tcr_20_4,C,A,F,Y,2,91,C,O,9.982888
tcr_20_4,C,A,F,Y,2,91,C,C,9.514925
tcr_20_4,C,A,F,F,2,46,C,CZ,9.70494
tcr_20_4,C,A,F,Q,2,94,C,N,9.8005
tcr_20_4,C,A,F,Y,2,91,C,CA,8.1833105
tcr_20_4,C,A,F,Q,2,94,C,CA,9.892416
tcr_20_4,C,A,F,Q,2,94,C,CG,8.995149
tcr_20_4,C,A,F,Y,2,91,C,N,7.4199686
tcr_20_4,C,A,F,Q,2,94,C,CB,8.677236
tcr_20_4,C,A,F,R,2,121,C,NH1,7.1685367
tcr_20_4,C,A,F,K,2,90,C,O,7.444037
tcr_20_4,C,A,F,Q,2,89,C,O,9.542417
tcr_20_4,C,A,F,Q,2,89,C,C,9.033321
tcr_20_4,C,A,F,K,2,90,C,C,7.100458
tcr_20_4,C,A,F,K,2,90,C,CB,5.3110695
tcr_20_4,C,A,F,K,2,90,C,CA,6.7502623
tcr_20_4,C,A,F,K,2,90,C,CD,4.1200776
tcr_20_4,C,A,F,K,2,90,C,N,7.7318363
tcr_20_4,C,A,F,K,2,90,C,CG,5.3031774
tcr_20_4,C,A,F,R,2,121,C,CD,9.39449
tcr_20_4,C,A,F,Q,2,94,C,CD,9.323351
tcr_20_4,C,A,F,Q,2,94,C,OE1,8.582165
tcr_20_4,C,A,F,Y,2,31,C,CE2,5.3036675
tcr_20_4,C,A,F,F,2,57,C,CE1,9.727497
tcr_20_4,C,A,F,F,2,57,C,CZ,8.667669
tcr_20_4,C,A,F,Y,2,31,C,CZ,5.3817453
tcr_20_4,C,A,F,Y,2,31,C,OH,5.524405
tcr_20_4,C,A,F,Y,2,31,C,CE1,5.834747
tcr_20_4,C,A,F,F,2,57,C,CE2,9.054947
tcr_20_4,C,A,F,Y,2,195,C,CE2,8.835963
tcr_20_4,C,A,F,M,2,29,C,SD,7.948308
tcr_20_4,C,A,F,M,2,29,C,CG,8.851237
tcr_20_4,C,A,F,M,2,29,C,CB,9.998675
tcr_20_4,C,A,F,M,2,29,C,CE,7.203844
tcr_20_4,C,A,F,F,2,123,C,CE2,4.7855744
tcr_20_4,C,A,F,Y,2,183,C,OH,4.265392
tcr_20_4,C,A,F,Y,2,183,C,CZ,4.565972
tcr_20_4,C,A,F,Y,2,31,C,CG,6.099495
tcr_20_4,C,A,F,C,2,188,C,SG,8.452134
tcr_20_4,C,A,F,Y,2,31,C,CB,6.9431496
tcr_20_4,C,A,F,Y,2,31,C,CD2,5.6773734
tcr_20_4,C,A,F,F,2,123,C,CZ,4.6769524
tcr_20_4,C,A,F,F,2,123,C,CD2,6.1003194
tcr_20_4,C,A,F,Y,2,183,C,CE1,5.653163
tcr_20_4,C,A,F,F,2,123,C,CE1,5.929016
tcr_20_4,C,A,F,F,2,123,C,CD1,7.0323467
tcr_20_4,C,A,F,F,2,123,C,CG,7.112517
tcr_20_4,C,A,F,Y,2,183,C,CD1,6.3705263
tcr_20_4,C,A,F,Y,2,183,C,CG,6.183534
tcr_20_4,C,A,F,R,2,121,C,NH2,7.636675
tcr_20_4,C,A,F,R,2,121,C,NE,8.780162
tcr_20_4,C,A,F,L,2,184,C,CD2,9.596651
tcr_20_4,C,A,F,F,2,123,C,CB,8.516288
tcr_20_4,C,A,F,R,2,121,C,CZ,7.783405
tcr_20_4,C,A,F,Y,2,83,C,CE1,9.398785
tcr_20_4,C,A,F,W,2,191,C,CE3,9.090318
tcr_20_4,C,A,F,Y,2,83,C,OH,7.915151
tcr_20_4,C,A,F,Y,2,195,C,OH,7.879331
tcr_20_4,C,A,F,Y,2,195,C,CZ,8.911405
tcr_20_4,C,A,F,Y,2,83,C,CZ,8.449144
tcr_20_4,C,A,F,Y,2,83,C,CE2,8.325199
tcr_20_4,C,A,F,W,2,191,C,CZ3,9.670552
tcr_20_4,C,A,F,W,2,191,C,CH2,9.678451
tcr_20_4,C,A,F,Y,2,83,C,CD2,9.17459
tcr_20_4,C,A,F,W,2,191,C,CA,9.824301
tcr_20_4,C,A,F,Y,2,183,C,CE2,4.2860737
tcr_20_4,C,A,F,Y,2,183,C,CB,7.3832655
tcr_20_4,C,A,F,Y,2,183,C,CA,8.486182
tcr_20_4,C,A,F,Y,2,183,C,CD2,5.202949
tcr_20_4,C,A,F,T,2,187,C,CB,7.5077596
tcr_20_4,C,A,F,W,2,191,C,CB,8.330221
tcr_20_4,C,A,F,W,2,191,C,CG,8.079083
tcr_20_4,C,A,F,T,2,187,C,CG2,6.693354
tcr_20_4,C,A,F,W,2,191,C,CD2,8.472817
tcr_20_4,C,A,F,W,2,191,C,CD1,7.873481
tcr_20_4,C,A,F,K,2,90,C,NZ,3.3890476
tcr_20_4,C,A,F,E,2,87,C,OE1,5.0879
tcr_20_4,C,A,F,W,2,191,C,NE1,8.1128025
tcr_20_4,C,A,F,W,2,191,C,CE2,8.481495
tcr_20_4,C,A,F,R,2,86,C,CZ,9.08988
tcr_20_4,C,A,F,R,2,86,C,NH2,9.240689
tcr_20_4,C,A,F,R,2,86,C,NE,8.415086
tcr_20_4,C,A,F,W,2,191,C,CZ2,9.108691
tcr_20_4,C,A,F,R,2,86,C,CD,8.594474
tcr_20_4,C,A,F,R,2,86,C,NH1,9.850615
tcr_20_4,C,A,F,R,2,180,C,CD,9.842644
tcr_20_4,C,A,F,R,2,180,C,CZ,9.398605
tcr_20_4,C,A,F,R,2,180,C,NH1,8.106749
tcr_20_4,C,A,F,C,2,188,C,C,9.360124
tcr_20_4,C,A,F,C,2,188,C,O,9.477193
tcr_20_4,C,A,F,T,2,187,C,O,8.315609
tcr_20_4,C,A,F,L,2,184,C,N,9.589591
tcr_20_4,C,A,F,C,2,188,C,CB,8.207942
tcr_20_4,C,A,F,C,2,188,C,CA,8.064664
tcr_20_4,C,A,F,Y,2,183,C,C,8.847451
tcr_20_4,C,A,F,Y,2,183,C,O,8.706022
tcr_20_4,C,A,F,T,2,187,C,CA,8.619638
tcr_20_4,C,A,F,T,2,187,C,N,9.662538
tcr_20_4,C,A,F,T,2,187,C,OG1,8.233041
tcr_20_4,C,A,F,C,2,188,C,N,8.078974
tcr_20_4,C,A,F,Y,2,183,C,N,9.725509
tcr_20_4,C,A,F,T,2,187,C,C,8.209968
tcr_20_4,C,A,F,Y,2,31,O,N,9.871834
tcr_20_4,C,A,F,Y,2,31,O,CA,9.573679
tcr_20_4,C,A,F,F,2,123,O,O,9.840137
tcr_20_4,C,A,F,Y,2,31,O,CD1,7.2325797
tcr_20_4,C,A,F,Y,2,91,O,CE1,7.088921
tcr_20_4,C,A,F,V,2,58,O,CG1,9.448252
tcr_20_4,C,A,F,Y,2,91,O,OH,6.9393153
tcr_20_4,C,A,F,Y,2,91,O,CD1,7.6257043
tcr_20_4,C,A,F,Y,2,91,O,CZ,7.1026454
tcr_20_4,C,A,F,Y,2,91,O,CD2,8.157982
tcr_20_4,C,A,F,Y,2,91,O,CE2,7.663915
tcr_20_4,C,A,F,Y,2,91,O,CG,8.138575
tcr_20_4,C,A,F,Y,2,91,O,CB,9.005664
tcr_20_4,C,A,F,E,2,87,O,O,7.0666437
tcr_20_4,C,A,F,E,2,87,O,CD,4.9803634
tcr_20_4,C,A,F,E,2,87,O,OE2,4.5346837
tcr_20_4,C,A,F,E,2,87,O,CG,6.4756308
tcr_20_4,C,A,F,Y,2,83,O,C,9.771824
tcr_20_4,C,A,F,E,2,87,O,N,7.198387
tcr_20_4,C,A,F,T,2,88,O,N,8.744697
tcr_20_4,C,A,F,E,2,87,O,CA,6.610341
tcr_20_4,C,A,F,E,2,87,O,CB,7.0058694
tcr_20_4,C,A,F,T,2,88,O,C,9.695508
tcr_20_4,C,A,F,E,2,87,O,C,7.43534
tcr_20_4,C,A,F,K,2,90,O,CE,3.3294928
tcr_20_4,C,A,F,T,2,88,O,CA,9.781275
tcr_20_4,C,A,F,R,2,86,O,O,6.876994
tcr_20_4,C,A,F,Q,2,89,O,N,9.486616
tcr_20_4,C,A,F,Y,2,83,O,O,8.712099
tcr_20_4,C,A,F,R,2,86,O,C,7.318579
tcr_20_4,C,A,F,Q,2,89,O,CA,9.69407
tcr_20_4,C,A,F,R,2,86,O,CG,7.149797
tcr_20_4,C,A,F,Q,2,89,O,CB,9.934932
tcr_20_4,C,A,F,R,2,86,O,CA,8.395959
tcr_20_4,C,A,F,R,2,86,O,N,9.598138
tcr_20_4,C,A,F,R,2,86,O,CB,8.113242
tcr_20_4,C,A,F,Y,2,91,O,C,9.821874
tcr_20_4,C,A,F,Y,2,91,O,CA,8.5261545
tcr_20_4,C,A,F,Q,2,94,O,CG,9.712973
tcr_20_4,C,A,F,Y,2,91,O,N,7.58148
tcr_20_4,C,A,F,Q,2,94,O,CB,9.252241
tcr_20_4,C,A,F,R,2,121,O,NH1,8.079052
tcr_20_4,C,A,F,K,2,90,O,O,7.6152625
tcr_20_4,C,A,F,Q,2,89,O,O,9.324521
tcr_20_4,C,A,F,Q,2,89,O,C,8.733249
tcr_20_4,C,A,F,K,2,90,O,C,7.17838
tcr_20_4,C,A,F,K,2,90,O,CB,5.0746613
tcr_20_4,C,A,F,K,2,90,O,CA,6.5682726
tcr_20_4,C,A,F,K,2,90,O,CD,3.3506372
tcr_20_4,C,A,F,K,2,90,O,N,7.4242997
tcr_20_4,C,A,F,K,2,90,O,CG,4.7285237
tcr_20_4,C,A,F,Q,2,94,O,CD,9.993508
tcr_20_4,C,A,F,Q,2,94,O,OE1,9.196451
tcr_20_4,C,A,F,R,2,93,O,NH1,9.999739
tcr_20_4,C,A,F,Y,2,31,O,CE2,6.1931834
tcr_20_4,C,A,F,F,2,57,O,CZ,9.202665
tcr_20_4,C,A,F,Y,2,31,O,CZ,6.191046
tcr_20_4,C,A,F,Y,2,31,O,OH,6.092081
tcr_20_4,C,A,F,Y,2,31,O,CE1,6.7364388
tcr_20_4,C,A,F,F,2,57,O,CE2,9.458576
tcr_20_4,C,A,F,Y,2,195,O,CE2,8.933925
tcr_20_4,C,A,F,M,2,29,O,SD,8.408656
tcr_20_4,C,A,F,M,2,29,O,CG,9.503373
tcr_20_4,C,A,F,M,2,29,O,CE,7.640252
tcr_20_4,C,A,F,F,2,123,O,CE2,5.8978553
tcr_20_4,C,A,F,Y,2,183,O,OH,4.893564
tcr_20_4,C,A,F,Y,2,183,O,CZ,5.0233474
tcr_20_4,C,A,F,Y,2,31,O,CG,7.2264323
tcr_20_4,C,A,F,C,2,188,O,SG,8.941349
tcr_20_4,C,A,F,Y,2,31,O,CB,8.140674
tcr_20_4,C,A,F,Y,2,31,O,CD2,6.7292037
tcr_20_4,C,A,F,F,2,123,O,CZ,5.882234
tcr_20_4,C,A,F,F,2,123,O,CD2,7.1590195
tcr_20_4,C,A,F,Y,2,183,O,CE1,6.1919374
tcr_20_4,C,A,F,F,2,123,O,CE1,7.1326914
tcr_20_4,C,A,F,F,2,123,O,CD1,8.205275
tcr_20_4,C,A,F,F,2,123,O,CG,8.2234955
tcr_20_4,C,A,F,Y,2,183,O,CD1,6.7502203
tcr_20_4,C,A,F,Y,2,183,O,CG,6.3102326
tcr_20_4,C,A,F,R,2,121,O,NH2,8.48134
tcr_20_4,C,A,F,R,2,121,O,NE,9.785216
tcr_20_4,C,A,F,F,2,123,O,CB,9.584564
tcr_20_4,C,A,F,R,2,121,O,CZ,8.7168455
tcr_20_4,C,A,F,Y,2,83,O,CE1,9.076789
tcr_20_4,C,A,F,W,2,191,O,CE3,8.581367
tcr_20_4,C,A,F,Y,2,83,O,OH,7.759101
tcr_20_4,C,A,F,Y,2,195,O,OH,7.762288
tcr_20_4,C,A,F,Y,2,195,O,CZ,8.860669
tcr_20_4,C,A,F,Y,2,83,O,CZ,8.114656
tcr_20_4,C,A,F,Y,2,83,O,CE2,7.8109984
tcr_20_4,C,A,F,W,2,191,O,CZ3,9.064801
tcr_20_4,C,A,F,Y,2,83,O,CD1,9.696383
tcr_20_4,C,A,F,W,2,191,O,CH2,8.918535
tcr_20_4,C,A,F,Y,2,83,O,CG,9.451698
tcr_20_4,C,A,F,Y,2,83,O,CD2,8.526799
tcr_20_4,C,A,F,W,2,191,O,CA,9.564597
tcr_20_4,C,A,F,Y,2,183,O,CE2,4.399385
tcr_20_4,C,A,F,Y,2,183,O,CB,7.3873754
tcr_20_4,C,A,F,Y,2,183,O,CA,8.391172
tcr_20_4,C,A,F,Y,2,183,O,CD2,5.1643686
tcr_20_4,C,A,F,T,2,187,O,CB,6.9748597
tcr_20_4,C,A,F,W,2,191,O,CB,8.06373
tcr_20_4,C,A,F,W,2,191,O,CG,7.6006646
tcr_20_4,C,A,F,T,2,187,O,CG2,6.0197783
tcr_20_4,C,A,F,W,2,191,O,CD2,7.896924
tcr_20_4,C,A,F,W,2,191,O,CD1,7.2659006
tcr_20_4,C,A,F,K,2,90,O,NZ,2.4909036
tcr_20_4,C,A,F,E,2,87,O,OE1,4.481532
tcr_20_4,C,A,F,W,2,191,O,NE1,7.3338118
tcr_20_4,C,A,F,W,2,191,O,CE2,7.725197
tcr_20_4,C,A,F,R,2,86,O,CZ,7.952319
tcr_20_4,C,A,F,R,2,86,O,NH2,8.168587
tcr_20_4,C,A,F,R,2,86,O,NE,7.2997465
tcr_20_4,C,A,F,W,2,191,O,CZ2,8.266974
tcr_20_4,C,A,F,R,2,86,O,CD,7.4615054
tcr_20_4,C,A,F,R,2,86,O,NH1,8.663301
tcr_20_4,C,A,F,R,2,180,O,CZ,9.778347
tcr_20_4,C,A,F,R,2,180,O,NH1,8.497089
tcr_20_4,C,A,F,C,2,188,O,C,9.434602
tcr_20_4,C,A,F,C,2,188,O,O,9.580865
tcr_20_4,C,A,F,T,2,187,O,O,8.014849
tcr_20_4,C,A,F,W,2,191,O,N,9.94818
tcr_20_4,C,A,F,L,2,184,O,N,9.7532625
tcr_20_4,C,A,F,C,2,188,O,CB,8.480723
tcr_20_4,C,A,F,C,2,188,O,CA,8.157015
tcr_20_4,C,A,F,Y,2,183,O,C,8.87615
tcr_20_4,C,A,F,Y,2,183,O,O,8.687761
tcr_20_4,C,A,F,T,2,187,O,CA,8.173945
tcr_20_4,C,A,F,T,2,187,O,N,9.272607
tcr_20_4,C,A,F,T,2,187,O,OG1,7.5887504
tcr_20_4,C,A,F,C,2,188,O,N,7.985815
tcr_20_4,C,A,F,Y,2,183,O,N,9.60435
tcr_20_4,C,A,F,T,2,187,O,C,7.931867
tcr_20_4,C,A,F,G,2,50,CB,C,9.324297
tcr_20_4,C,A,F,V,2,49,CB,CA,9.03343
tcr_20_4,C,A,F,V,2,49,CB,O,8.148746
tcr_20_4,C,A,F,V,2,49,CB,C,8.34214
tcr_20_4,C,A,F,V,2,49,CB,N,8.675619
tcr_20_4,C,A,F,F,2,32,CB,CA,9.912894
tcr_20_4,C,A,F,F,2,32,CB,N,8.871873
tcr_20_4,C,A,F,Y,2,31,CB,C,8.47677
tcr_20_4,C,A,F,F,2,32,CB,O,9.352226
tcr_20_4,C,A,F,S,2,33,CB,N,9.6597805
tcr_20_4,C,A,F,S,2,33,CB,CA,9.741216
tcr_20_4,C,A,F,F,2,32,CB,C,9.534314
tcr_20_4,C,A,F,Y,2,51,CB,N,9.823265
tcr_20_4,C,A,F,Y,2,31,CB,N,8.205028
tcr_20_4,C,A,F,R,2,30,CB,O,9.003624
tcr_20_4,C,A,F,R,2,30,CB,C,8.915601
tcr_20_4,C,A,F,R,2,30,CB,CA,9.952355
tcr_20_4,C,A,F,F,2,123,CB,CA,9.927078
tcr_20_4,C,A,F,Y,2,31,CB,CA,7.5219817
tcr_20_4,C,A,F,Y,2,31,CB,O,9.009704
tcr_20_4,C,A,F,F,2,123,CB,O,8.945573
tcr_20_4,C,A,F,F,2,123,CB,C,9.56136
tcr_20_4,C,A,F,F,2,60,CB,CA,9.541557
tcr_20_4,C,A,F,F,2,60,CB,N,9.304887
tcr_20_4,C,A,F,A,2,48,CB,N,9.477384
tcr_20_4,C,A,F,F,2,60,CB,CD1,9.394093
tcr_20_4,C,A,F,F,2,60,CB,CB,8.319344
tcr_20_4,C,A,F,F,2,60,CB,CG,8.84904
tcr_20_4,C,A,F,G,2,69,CB,N,9.436239
tcr_20_4,C,A,F,F,2,60,CB,CD2,9.131358
tcr_20_4,C,A,F,T,2,88,CB,O,8.43635
tcr_20_4,C,A,F,T,2,88,CB,OG1,9.803156
tcr_20_4,C,A,F,T,2,88,CB,CB,9.592957
tcr_20_4,C,A,F,F,2,60,CB,CE2,9.902551
tcr_20_4,C,A,F,V,2,58,CB,CA,9.217437
tcr_20_4,C,A,F,R,2,59,CB,CA,9.766166
tcr_20_4,C,A,F,V,2,58,CB,C,9.329381
tcr_20_4,C,A,F,R,2,59,CB,N,9.582179
tcr_20_4,C,A,F,V,2,58,CB,O,9.4075985
tcr_20_4,C,A,F,V,2,58,CB,N,9.927689
tcr_20_4,C,A,F,V,2,58,CB,CB,7.830356
tcr_20_4,C,A,F,V,2,58,CB,CG2,7.4174433
tcr_20_4,C,A,F,W,2,84,CB,CZ3,9.168861
tcr_20_4,C,A,F,W,2,84,CB,CH2,9.9304285
tcr_20_4,C,A,F,W,2,84,CB,CE3,9.500499
tcr_20_4,C,A,F,G,2,69,CB,C,9.865708
tcr_20_4,C,A,F,A,2,48,CB,CA,8.444177
tcr_20_4,C,A,F,G,2,50,CB,N,8.227973
tcr_20_4,C,A,F,A,2,48,CB,C,8.558444
tcr_20_4,C,A,F,G,2,50,CB,CA,7.9857206
tcr_20_4,C,A,F,R,2,59,CB,C,9.328696
tcr_20_4,C,A,F,A,2,48,CB,O,8.778153
tcr_20_4,C,A,F,A,2,48,CB,CB,7.099431
tcr_20_4,C,A,F,Y,2,31,CB,CD1,4.7214313
tcr_20_4,C,A,F,Y,2,91,CB,CE1,3.8864055
tcr_20_4,C,A,F,V,2,58,CB,CG1,6.8317375
tcr_20_4,C,A,F,R,2,59,CB,O,9.32457
tcr_20_4,C,A,F,Y,2,91,CB,OH,3.918323
tcr_20_4,C,A,F,Y,2,91,CB,CD1,4.634862
tcr_20_4,C,A,F,Y,2,91,CB,CZ,4.0010366
tcr_20_4,C,A,F,Y,2,91,CB,CD2,5.450397
tcr_20_4,C,A,F,Y,2,91,CB,CE2,4.8372054
tcr_20_4,C,A,F,Y,2,91,CB,CG,5.3647494
tcr_20_4,C,A,F,Y,2,91,CB,CB,6.4897957
tcr_20_4,C,A,F,E,2,87,CB,O,5.448194
tcr_20_4,C,A,F,E,2,87,CB,CD,4.3195133
tcr_20_4,C,A,F,E,2,87,CB,OE2,3.2534816
tcr_20_4,C,A,F,E,2,87,CB,CG,5.532214
tcr_20_4,C,A,F,G,2,69,CB,CA,8.743403
tcr_20_4,C,A,F,Y,2,83,CB,C,9.609213
tcr_20_4,C,A,F,W,2,84,CB,O,9.323532
tcr_20_4,C,A,F,E,2,87,CB,N,6.7480426
tcr_20_4,C,A,F,T,2,88,CB,N,7.309859
tcr_20_4,C,A,F,E,2,87,CB,CA,5.5913453
tcr_20_4,C,A,F,E,2,87,CB,CB,5.654501
tcr_20_4,C,A,F,T,2,88,CB,C,8.281144
tcr_20_4,C,A,F,E,2,87,CB,C,6.0119658
tcr_20_4,C,A,F,K,2,90,CB,CE,4.058072
tcr_20_4,C,A,F,T,2,88,CB,CA,8.146189
tcr_20_4,C,A,F,R,2,86,CB,O,6.8025346
tcr_20_4,C,A,F,Q,2,89,CB,N,8.52247
tcr_20_4,C,A,F,Y,2,83,CB,O,8.527284
tcr_20_4,C,A,F,R,2,86,CB,C,7.234683
tcr_20_4,C,A,F,D,2,85,CB,O,9.763401
tcr_20_4,C,A,F,Q,2,89,CB,CA,9.001018
tcr_20_4,C,A,F,R,2,86,CB,CG,8.34657
tcr_20_4,C,A,F,Q,2,89,CB,CB,9.706737
tcr_20_4,C,A,F,R,2,86,CB,CA,8.650434
tcr_20_4,C,A,F,R,2,86,CB,N,9.570264
tcr_20_4,C,A,F,R,2,86,CB,CB,8.85455
tcr_20_4,C,A,F,Y,2,91,CB,O,8.3696165
tcr_20_4,C,A,F,F,2,46,CB,CD1,9.510716
tcr_20_4,C,A,F,F,2,46,CB,CE1,8.164886
tcr_20_4,C,A,F,Y,2,91,CB,C,7.8304667
tcr_20_4,C,A,F,F,2,46,CB,CE2,9.189437
tcr_20_4,C,A,F,F,2,46,CB,CZ,7.9789124
tcr_20_4,C,A,F,Q,2,94,CB,N,8.954432
tcr_20_4,C,A,F,Y,2,91,CB,CA,6.3649764
tcr_20_4,C,A,F,Q,2,94,CB,CA,9.060882
tcr_20_4,C,A,F,Q,2,94,CB,CG,8.197121
tcr_20_4,C,A,F,Y,2,91,CB,N,5.82084
tcr_20_4,C,A,F,Q,2,94,CB,CB,7.764894
tcr_20_4,C,A,F,S,2,33,CB,OG,9.264354
tcr_20_4,C,A,F,R,2,121,CB,NH1,7.558718
tcr_20_4,C,A,F,S,2,33,CB,CB,8.802263
tcr_20_4,C,A,F,K,2,90,CB,O,6.4423103
tcr_20_4,C,A,F,Q,2,89,CB,O,8.605366
tcr_20_4,C,A,F,R,2,93,CB,N,9.774673
tcr_20_4,C,A,F,K,2,92,CB,N,8.638492
tcr_20_4,C,A,F,R,2,93,CB,CB,9.848333
tcr_20_4,C,A,F,Q,2,89,CB,C,8.054953
tcr_20_4,C,A,F,K,2,90,CB,C,5.9248567
tcr_20_4,C,A,F,K,2,90,CB,CB,4.6561656
tcr_20_4,C,A,F,K,2,90,CB,CA,5.9418054
tcr_20_4,C,A,F,K,2,90,CB,CD,4.563196
tcr_20_4,C,A,F,K,2,90,CB,N,6.797631
tcr_20_4,C,A,F,K,2,90,CB,CG,5.2829623
tcr_20_4,C,A,F,R,2,121,CB,CD,9.3906555
tcr_20_4,C,A,F,Q,2,94,CB,CD,8.926495
tcr_20_4,C,A,F,Q,2,94,CB,OE1,8.486527
tcr_20_4,C,A,F,Y,2,31,CB,CE2,4.9088526
tcr_20_4,C,A,F,F,2,57,CB,CE1,8.71936
tcr_20_4,C,A,F,F,2,57,CB,CZ,7.670564
tcr_20_4,C,A,F,Y,2,31,CB,CZ,4.406463
tcr_20_4,C,A,F,F,2,57,CB,CD1,9.840923
tcr_20_4,C,A,F,Y,2,31,CB,OH,4.625676
tcr_20_4,C,A,F,Y,2,31,CB,CE1,4.310162
tcr_20_4,C,A,F,F,2,57,CB,CE2,7.905556
tcr_20_4,C,A,F,F,2,57,CB,CD2,9.129343
tcr_20_4,C,A,F,Y,2,195,CB,CE2,8.775261
tcr_20_4,C,A,F,M,2,29,CB,SD,8.26597
tcr_20_4,C,A,F,M,2,29,CB,CG,8.979039
tcr_20_4,C,A,F,M,2,29,CB,CE,8.034725
tcr_20_4,C,A,F,F,2,123,CB,CE2,5.536733
tcr_20_4,C,A,F,Y,2,183,CB,OH,5.8382215
tcr_20_4,C,A,F,Y,2,183,CB,CZ,6.546894
tcr_20_4,C,A,F,Y,2,31,CB,CG,5.1803584
tcr_20_4,C,A,F,C,2,188,CB,SG,9.855441
tcr_20_4,C,A,F,Y,2,31,CB,CB,6.110122
tcr_20_4,C,A,F,Y,2,31,CB,CD2,5.269817
tcr_20_4,C,A,F,F,2,123,CB,CZ,4.863767
tcr_20_4,C,A,F,F,2,123,CB,CD2,6.9369164
tcr_20_4,C,A,F,Y,2,183,CB,CE1,7.566378
tcr_20_4,C,A,F,F,2,123,CB,CE1,5.8410516
tcr_20_4,C,A,F,F,2,123,CB,CD1,7.181064
tcr_20_4,C,A,F,F,2,123,CB,CG,7.662419
tcr_20_4,C,A,F,Y,2,183,CB,CD1,8.494226
tcr_20_4,C,A,F,Y,2,183,CB,CG,8.535592
tcr_20_4,C,A,F,R,2,121,CB,NH2,8.603038
tcr_20_4,C,A,F,R,2,121,CB,NE,9.162475
tcr_20_4,C,A,F,F,2,123,CB,CB,9.170734
tcr_20_4,C,A,F,R,2,121,CB,CZ,8.365327
tcr_20_4,C,A,F,Y,2,83,CB,CE1,8.38273
tcr_20_4,C,A,F,W,2,191,CB,CE3,9.660312
tcr_20_4,C,A,F,Y,2,83,CB,OH,7.0929832
tcr_20_4,C,A,F,Y,2,195,CB,OH,7.6492596
tcr_20_4,C,A,F,Y,2,195,CB,CZ,8.7490835
tcr_20_4,C,A,F,Y,2,83,CB,CZ,7.7044206
tcr_20_4,C,A,F,Y,2,83,CB,CE2,7.977402
tcr_20_4,C,A,F,Y,2,83,CB,CD1,9.243532
tcr_20_4,C,A,F,Y,2,83,CB,CG,9.479995
tcr_20_4,C,A,F,Y,2,83,CB,CD2,8.877462
tcr_20_4,C,A,F,Y,2,183,CB,CE2,6.5862327
tcr_20_4,C,A,F,Y,2,183,CB,CB,9.799668
tcr_20_4,C,A,F,Y,2,183,CB,CD2,7.640449
tcr_20_4,C,A,F,T,2,187,CB,CB,9.833163
tcr_20_4,C,A,F,W,2,191,CB,CB,9.422676
tcr_20_4,C,A,F,W,2,191,CB,CG,9.259303
tcr_20_4,C,A,F,T,2,187,CB,CG2,8.891242
tcr_20_4,C,A,F,W,2,191,CB,CD2,9.396968
tcr_20_4,C,A,F,W,2,191,CB,CD1,9.356794
tcr_20_4,C,A,F,K,2,90,CB,NZ,3.8813612
tcr_20_4,C,A,F,E,2,87,CB,OE1,4.701221
tcr_20_4,C,A,F,W,2,191,CB,NE1,9.529999
tcr_20_4,C,A,F,W,2,191,CB,CE2,9.56417
tcr_20_4,C,A,F,R,2,86,CB,CZ,9.786633
tcr_20_4,C,A,F,R,2,86,CB,NH2,9.866344
tcr_20_4,C,A,F,R,2,86,CB,NE,8.9232435
tcr_20_4,C,A,F,W,2,191,CB,CZ2,9.991782
tcr_20_4,C,A,F,R,2,86,CB,CD,9.113609
tcr_20_4,C,A,F,R,2,180,CB,NH1,9.622566
tcr_20_4,C,A,F,C,2,188,CB,CB,9.988128
tcr_20_4,C,A,F,C,2,188,CB,CA,9.854032
tcr_20_4,C,A,F,G,2,50,CG,C,9.508076
tcr_20_4,C,A,F,V,2,49,CG,CA,8.645642
tcr_20_4,C,A,F,V,2,49,CG,O,7.713295
tcr_20_4,C,A,F,V,2,49,CG,C,8.044021
tcr_20_4,C,A,F,V,2,49,CG,N,8.072944
tcr_20_4,C,A,F,F,2,32,CG,CA,8.9908495
tcr_20_4,C,A,F,F,2,32,CG,N,8.092964
tcr_20_4,C,A,F,Y,2,31,CG,C,7.745039
tcr_20_4,C,A,F,F,2,32,CG,O,8.401247
tcr_20_4,C,A,F,I,2,47,CG,O,9.442882
tcr_20_4,C,A,F,S,2,33,CG,N,8.47855
tcr_20_4,C,A,F,S,2,33,CG,CA,8.478472
tcr_20_4,C,A,F,S,2,33,CG,C,9.876529
tcr_20_4,C,A,F,F,2,32,CG,C,8.503375
tcr_20_4,C,A,F,R,2,121,CG,O,9.487492
tcr_20_4,C,A,F,R,2,121,CG,CB,9.506441
tcr_20_4,C,A,F,R,2,121,CG,CG,9.056243
tcr_20_4,C,A,F,Y,2,51,CG,N,9.992773
tcr_20_4,C,A,F,Y,2,31,CG,N,7.8504176
tcr_20_4,C,A,F,R,2,30,CG,O,8.905213
tcr_20_4,C,A,F,R,2,30,CG,C,8.73376
tcr_20_4,C,A,F,R,2,30,CG,CA,9.829481
tcr_20_4,C,A,F,F,2,123,CG,CA,9.2067
tcr_20_4,C,A,F,Y,2,31,CG,CA,7.0155606
tcr_20_4,C,A,F,F,2,123,CG,N,9.206895
tcr_20_4,C,A,F,Y,2,31,CG,O,8.19262
tcr_20_4,C,A,F,F,2,123,CG,O,8.482348
tcr_20_4,C,A,F,G,2,124,CG,N,9.771889
tcr_20_4,C,A,F,F,2,123,CG,C,9.048944
tcr_20_4,C,A,F,F,2,60,CG,CA,9.234908
tcr_20_4,C,A,F,F,2,60,CG,N,9.067668
tcr_20_4,C,A,F,A,2,48,CG,N,8.589194
tcr_20_4,C,A,F,F,2,60,CG,CE1,9.499445
tcr_20_4,C,A,F,F,2,60,CG,CD1,8.766546
tcr_20_4,C,A,F,F,2,60,CG,CB,7.968789
tcr_20_4,C,A,F,F,2,60,CG,O,9.9062605
tcr_20_4,C,A,F,F,2,60,CG,CG,8.429753
tcr_20_4,C,A,F,I,2,47,CG,C,9.439361
tcr_20_4,C,A,F,G,2,69,CG,N,9.763173
tcr_20_4,C,A,F,F,2,60,CG,CD2,8.879279
tcr_20_4,C,A,F,F,2,60,CG,CZ,9.890349
tcr_20_4,C,A,F,T,2,88,CG,O,8.407265
tcr_20_4,C,A,F,T,2,88,CG,CB,9.9991665
tcr_20_4,C,A,F,F,2,60,CG,CE2,9.5976925
tcr_20_4,C,A,F,V,2,58,CG,CA,9.715668
tcr_20_4,C,A,F,R,2,59,CG,CA,9.765534
tcr_20_4,C,A,F,V,2,58,CG,C,9.596841
tcr_20_4,C,A,F,R,2,59,CG,N,9.794738
tcr_20_4,C,A,F,V,2,58,CG,O,9.544568
tcr_20_4,C,A,F,V,2,58,CG,CB,8.453385
tcr_20_4,C,A,F,V,2,58,CG,CG2,8.036777
tcr_20_4,C,A,F,A,2,48,CG,CA,7.576218
tcr_20_4,C,A,F,G,2,50,CG,N,8.171708
tcr_20_4,C,A,F,A,2,48,CG,C,7.919195
tcr_20_4,C,A,F,G,2,50,CG,CA,8.075366
tcr_20_4,C,A,F,R,2,59,CG,C,9.29716
tcr_20_4,C,A,F,A,2,48,CG,O,8.290359
tcr_20_4,C,A,F,A,2,48,CG,CB,6.1693234
tcr_20_4,C,A,F,Y,2,31,CG,CD1,4.617899
tcr_20_4,C,A,F,Y,2,91,CG,CE1,3.5027578
tcr_20_4,C,A,F,V,2,58,CG,CG1,7.357065
tcr_20_4,C,A,F,R,2,59,CG,O,9.44551
tcr_20_4,C,A,F,Y,2,91,CG,OH,4.338556
tcr_20_4,C,A,F,Y,2,91,CG,CD1,4.0388265
tcr_20_4,C,A,F,Y,2,91,CG,CZ,4.142517
tcr_20_4,C,A,F,Y,2,91,CG,CD2,5.4889426
tcr_20_4,C,A,F,Y,2,91,CG,CE2,5.116658
tcr_20_4,C,A,F,Y,2,91,CG,CG,5.0225005
tcr_20_4,C,A,F,Y,2,91,CG,CB,6.0058722
tcr_20_4,C,A,F,E,2,87,CG,O,5.830933
tcr_20_4,C,A,F,E,2,87,CG,CD,5.7196903
tcr_20_4,C,A,F,E,2,87,CG,OE2,4.649962
tcr_20_4,C,A,F,E,2,87,CG,CG,6.8182416
tcr_20_4,C,A,F,G,2,69,CG,CA,9.168335
tcr_20_4,C,A,F,E,2,87,CG,N,7.7421722
tcr_20_4,C,A,F,T,2,88,CG,N,7.8903785
tcr_20_4,C,A,F,E,2,87,CG,CA,6.5221353
tcr_20_4,C,A,F,E,2,87,CG,CB,6.7074256
tcr_20_4,C,A,F,T,2,88,CG,C,8.4719095
tcr_20_4,C,A,F,E,2,87,CG,C,6.6311398
tcr_20_4,C,A,F,K,2,90,CG,CE,5.0586057
tcr_20_4,C,A,F,T,2,88,CG,CA,8.496911
tcr_20_4,C,A,F,R,2,86,CG,O,7.5201592
tcr_20_4,C,A,F,Q,2,89,CG,N,8.808965
tcr_20_4,C,A,F,Y,2,83,CG,O,9.763161
tcr_20_4,C,A,F,R,2,86,CG,C,8.121233
tcr_20_4,C,A,F,Q,2,89,CG,CA,9.151753
tcr_20_4,C,A,F,R,2,86,CG,CG,9.373996
tcr_20_4,C,A,F,Q,2,89,CG,CB,9.999491
tcr_20_4,C,A,F,R,2,86,CG,CA,9.580428
tcr_20_4,C,A,F,R,2,86,CG,CB,9.9253235
tcr_20_4,C,A,F,Y,2,91,CG,O,7.4639444
tcr_20_4,C,A,F,F,2,46,CG,CD1,8.398089
tcr_20_4,C,A,F,A,2,95,CG,N,9.130382
tcr_20_4,C,A,F,F,2,46,CG,CG,9.337926
tcr_20_4,C,A,F,F,2,46,CG,CD2,9.071262
tcr_20_4,C,A,F,F,2,46,CG,CE1,7.0155735
tcr_20_4,C,A,F,Y,2,91,CG,C,7.1144
tcr_20_4,C,A,F,Q,2,94,CG,C,8.9073
tcr_20_4,C,A,F,F,2,46,CG,CE2,7.812627
tcr_20_4,C,A,F,F,2,46,CG,CZ,6.6685944
tcr_20_4,C,A,F,Q,2,94,CG,N,7.9416885
tcr_20_4,C,A,F,Y,2,91,CG,CA,5.7249074
tcr_20_4,C,A,F,Q,2,94,CG,CA,7.8704753
tcr_20_4,C,A,F,Q,2,94,CG,CG,6.7881675
tcr_20_4,C,A,F,Y,2,91,CG,N,5.4264336
tcr_20_4,C,A,F,Q,2,94,CG,CB,6.4907146
tcr_20_4,C,A,F,S,2,33,CG,OG,7.8349967
tcr_20_4,C,A,F,R,2,121,CG,NH1,6.296609
tcr_20_4,C,A,F,S,2,33,CG,CB,7.44035
tcr_20_4,C,A,F,K,2,90,CG,O,5.7490783
tcr_20_4,C,A,F,K,2,92,CG,CA,9.446702
tcr_20_4,C,A,F,Q,2,89,CG,O,8.393172
tcr_20_4,C,A,F,R,2,93,CG,N,9.108498
tcr_20_4,C,A,F,K,2,92,CG,C,9.64514
tcr_20_4,C,A,F,R,2,93,CG,CA,9.509085
tcr_20_4,C,A,F,R,2,93,CG,C,9.14062
tcr_20_4,C,A,F,K,2,92,CG,N,8.08684
tcr_20_4,C,A,F,R,2,93,CG,CB,9.227482
tcr_20_4,C,A,F,Q,2,89,CG,C,8.046347
tcr_20_4,C,A,F,K,2,90,CG,C,5.480016
tcr_20_4,C,A,F,K,2,90,CG,CB,4.7642226
tcr_20_4,C,A,F,K,2,90,CG,CA,5.81853
tcr_20_4,C,A,F,K,2,90,CG,CD,5.2094502
tcr_20_4,C,A,F,K,2,90,CG,N,6.879542
tcr_20_4,C,A,F,K,2,90,CG,CG,5.6511326
tcr_20_4,C,A,F,R,2,121,CG,CD,8.040676
tcr_20_4,C,A,F,Q,2,94,CG,CD,7.5427995
tcr_20_4,C,A,F,Q,2,94,CG,NE2,8.819331
tcr_20_4,C,A,F,Q,2,94,CG,OE1,7.1721077
tcr_20_4,C,A,F,Q,2,94,CG,O,9.743643
tcr_20_4,C,A,F,Y,2,31,CG,CE2,5.3730273
tcr_20_4,C,A,F,F,2,57,CG,CE1,9.397872
tcr_20_4,C,A,F,F,2,57,CG,CZ,8.502754
tcr_20_4,C,A,F,Y,2,31,CG,CZ,5.0334125
tcr_20_4,C,A,F,Y,2,31,CG,OH,5.588953
tcr_20_4,C,A,F,Y,2,31,CG,CE1,4.650681
tcr_20_4,C,A,F,F,2,57,CG,CE2,8.864555
tcr_20_4,C,A,F,Y,2,195,CG,CE2,9.975279
tcr_20_4,C,A,F,M,2,29,CG,SD,9.080479
tcr_20_4,C,A,F,M,2,29,CG,CG,9.551432
tcr_20_4,C,A,F,M,2,29,CG,CE,8.77285
tcr_20_4,C,A,F,F,2,123,CG,CE2,5.0593133
tcr_20_4,C,A,F,Y,2,183,CG,OH,6.2240453
tcr_20_4,C,A,F,Y,2,183,CG,CZ,6.8489985
tcr_20_4,C,A,F,Y,2,31,CG,CG,4.9682984
tcr_20_4,C,A,F,Y,2,31,CG,CB,5.553152
tcr_20_4,C,A,F,Y,2,31,CG,CD2,5.3395
tcr_20_4,C,A,F,F,2,123,CG,CZ,4.088648
tcr_20_4,C,A,F,F,2,123,CG,CD2,6.3921347
tcr_20_4,C,A,F,Y,2,183,CG,CE1,7.6441407
tcr_20_4,C,A,F,F,2,123,CG,CE1,4.807342
tcr_20_4,C,A,F,F,2,123,CG,CD1,6.1942935
tcr_20_4,C,A,F,F,2,123,CG,CG,6.8828588
tcr_20_4,C,A,F,Y,2,183,CG,CD1,8.527949
tcr_20_4,C,A,F,Y,2,183,CG,CG,8.698968
tcr_20_4,C,A,F,R,2,121,CG,NH2,7.5774674
tcr_20_4,C,A,F,R,2,121,CG,NE,7.926803
tcr_20_4,C,A,F,F,2,123,CG,CB,8.390104
tcr_20_4,C,A,F,R,2,121,CG,CZ,7.1813846
tcr_20_4,C,A,F,Y,2,83,CG,CE1,9.753636
tcr_20_4,C,A,F,Y,2,83,CG,OH,8.486958
tcr_20_4,C,A,F,Y,2,195,CG,OH,9.025398
tcr_20_4,C,A,F,Y,2,83,CG,CZ,9.139712
tcr_20_4,C,A,F,Y,2,83,CG,CE2,9.468522
tcr_20_4,C,A,F,Y,2,183,CG,CE2,7.048603
tcr_20_4,C,A,F,Y,2,183,CG,CB,9.913822
tcr_20_4,C,A,F,Y,2,183,CG,CD2,8.003345
tcr_20_4,C,A,F,T,2,187,CG,CG2,9.851175
tcr_20_4,C,A,F,K,2,90,CG,NZ,5.119473
tcr_20_4,C,A,F,E,2,87,CG,OE1,6.1357718
tcr_20_4,C,A,F,R,2,180,CG,NH1,8.834821
tcr_20_4,C,A,F,V,2,49,CD1,CA,9.653415
tcr_20_4,C,A,F,V,2,49,CD1,O,8.792128
tcr_20_4,C,A,F,V,2,49,CD1,C,9.165648
tcr_20_4,C,A,F,V,2,49,CD1,N,8.925637
tcr_20_4,C,A,F,F,2,32,CD1,CA,9.674686
tcr_20_4,C,A,F,F,2,32,CD1,N,8.925163
tcr_20_4,C,A,F,Y,2,31,CD1,C,8.590985
tcr_20_4,C,A,F,F,2,32,CD1,O,9.036056
tcr_20_4,C,A,F,I,2,47,CD1,O,9.650466
tcr_20_4,C,A,F,S,2,33,CD1,N,8.84965
tcr_20_4,C,A,F,S,2,33,CD1,CA,8.687097
tcr_20_4,C,A,F,S,2,33,CD1,C,9.980114
tcr_20_4,C,A,F,F,2,32,CD1,C,9.072132
tcr_20_4,C,A,F,R,2,121,CD1,O,9.74074
tcr_20_4,C,A,F,R,2,121,CD1,CB,9.319333
tcr_20_4,C,A,F,R,2,121,CD1,CG,8.871421
tcr_20_4,C,A,F,Y,2,31,CD1,N,8.89093
tcr_20_4,C,A,F,R,2,30,CD1,C,9.867585
tcr_20_4,C,A,F,F,2,123,CD1,CA,9.654334
tcr_20_4,C,A,F,Y,2,31,CD1,CA,8.031121
tcr_20_4,C,A,F,F,2,123,CD1,N,9.665423
tcr_20_4,C,A,F,Y,2,31,CD1,O,8.910569
tcr_20_4,C,A,F,F,2,123,CD1,O,9.251769
tcr_20_4,C,A,F,F,2,123,CD1,C,9.683216
tcr_20_4,C,A,F,F,2,60,CD1,CA,9.695046
tcr_20_4,C,A,F,F,2,60,CD1,N,9.717697
tcr_20_4,C,A,F,A,2,48,CD1,N,8.959547
tcr_20_4,C,A,F,F,2,60,CD1,CE1,9.274988
tcr_20_4,C,A,F,F,2,60,CD1,CD1,8.726016
tcr_20_4,C,A,F,F,2,60,CD1,CB,8.324433
tcr_20_4,C,A,F,F,2,60,CD1,CG,8.547702
tcr_20_4,C,A,F,I,2,47,CD1,C,9.686353
tcr_20_4,C,A,F,F,2,60,CD1,CD2,8.9454365
tcr_20_4,C,A,F,F,2,60,CD1,CZ,9.632992
tcr_20_4,C,A,F,T,2,88,CD1,O,7.946944
tcr_20_4,C,A,F,T,2,88,CD1,CB,9.927005
tcr_20_4,C,A,F,F,2,60,CD1,CE2,9.4756365
tcr_20_4,C,A,F,V,2,58,CD1,CB,9.679597
tcr_20_4,C,A,F,V,2,58,CD1,CG2,9.137296
tcr_20_4,C,A,F,A,2,48,CD1,CA,8.0911665
tcr_20_4,C,A,F,G,2,50,CD1,N,9.401845
tcr_20_4,C,A,F,A,2,48,CD1,C,8.6514845
tcr_20_4,C,A,F,G,2,50,CD1,CA,9.386236
tcr_20_4,C,A,F,A,2,48,CD1,O,9.043632
tcr_20_4,C,A,F,A,2,48,CD1,CB,6.607464
tcr_20_4,C,A,F,Y,2,31,CD1,CD1,5.917625
tcr_20_4,C,A,F,Y,2,91,CD1,CE1,4.150608
tcr_20_4,C,A,F,V,2,58,CD1,CG1,8.647995
tcr_20_4,C,A,F,Y,2,91,CD1,OH,5.441947
tcr_20_4,C,A,F,Y,2,91,CD1,CD1,4.224312
tcr_20_4,C,A,F,Y,2,91,CD1,CZ,4.963034
tcr_20_4,C,A,F,Y,2,91,CD1,CD2,5.7678885
tcr_20_4,C,A,F,Y,2,91,CD1,CE2,5.7231426
tcr_20_4,C,A,F,Y,2,91,CD1,CG,5.0799985
tcr_20_4,C,A,F,Y,2,91,CD1,CB,5.7394743
tcr_20_4,C,A,F,E,2,87,CD1,O,5.7212443
tcr_20_4,C,A,F,E,2,87,CD1,CD,6.416115
tcr_20_4,C,A,F,E,2,87,CD1,OE2,5.498172
tcr_20_4,C,A,F,E,2,87,CD1,CG,7.4887505
tcr_20_4,C,A,F,G,2,69,CD1,CA,9.709827
tcr_20_4,C,A,F,E,2,87,CD1,N,7.856311
tcr_20_4,C,A,F,T,2,88,CD1,N,7.9164443
tcr_20_4,C,A,F,E,2,87,CD1,CA,6.7325764
tcr_20_4,C,A,F,E,2,87,CD1,CB,7.212961
tcr_20_4,C,A,F,T,2,88,CD1,C,8.116825
tcr_20_4,C,A,F,E,2,87,CD1,C,6.6733437
tcr_20_4,C,A,F,K,2,90,CD1,CE,4.9985967
tcr_20_4,C,A,F,T,2,88,CD1,CA,8.393412
tcr_20_4,C,A,F,R,2,86,CD1,O,7.230846
tcr_20_4,C,A,F,Q,2,89,CD1,N,8.364264
tcr_20_4,C,A,F,R,2,86,CD1,C,8.014793
tcr_20_4,C,A,F,Q,2,89,CD1,CA,8.495625
tcr_20_4,C,A,F,R,2,86,CD1,CG,9.201192
tcr_20_4,C,A,F,Q,2,89,CD1,CB,9.336923
tcr_20_4,C,A,F,R,2,86,CD1,CA,9.444659
tcr_20_4,C,A,F,R,2,86,CD1,CB,9.86139
tcr_20_4,C,A,F,A,2,95,CD1,CB,9.727216
tcr_20_4,C,A,F,Y,2,91,CD1,O,6.6387568
tcr_20_4,C,A,F,F,2,46,CD1,CD1,8.045824
tcr_20_4,C,A,F,A,2,95,CD1,N,8.136216
tcr_20_4,C,A,F,A,2,95,CD1,CA,9.433327
tcr_20_4,C,A,F,F,2,46,CD1,CG,8.902344
tcr_20_4,C,A,F,F,2,46,CD1,CD2,8.578914
tcr_20_4,C,A,F,F,2,46,CD1,CE1,6.6933646
tcr_20_4,C,A,F,Y,2,91,CD1,C,6.361471
tcr_20_4,C,A,F,Q,2,94,CD1,C,7.8151865
tcr_20_4,C,A,F,F,2,46,CD1,CE2,7.328877
tcr_20_4,C,A,F,F,2,46,CD1,CZ,6.267005
tcr_20_4,C,A,F,Q,2,94,CD1,N,6.705331
tcr_20_4,C,A,F,Y,2,91,CD1,CA,5.111678
tcr_20_4,C,A,F,Q,2,94,CD1,CA,6.6669445
tcr_20_4,C,A,F,Q,2,94,CD1,CG,5.7555695
tcr_20_4,C,A,F,Y,2,91,CD1,N,4.7390127
tcr_20_4,C,A,F,Q,2,94,CD1,CB,5.3486733
tcr_20_4,C,A,F,S,2,33,CD1,OG,7.7107778
tcr_20_4,C,A,F,R,2,121,CD1,NH1,5.6605234
tcr_20_4,C,A,F,S,2,33,CD1,CB,7.4691586
tcr_20_4,C,A,F,K,2,90,CD1,O,4.604841
tcr_20_4,C,A,F,K,2,92,CD1,CA,8.610991
tcr_20_4,C,A,F,K,2,92,CD1,CB,9.64556
tcr_20_4,C,A,F,K,2,92,CD1,O,9.427584
tcr_20_4,C,A,F,Q,2,89,CD1,O,7.449353
tcr_20_4,C,A,F,R,2,93,CD1,N,8.004597
tcr_20_4,C,A,F,K,2,92,CD1,C,8.634786
tcr_20_4,C,A,F,R,2,93,CD1,CA,8.277992
tcr_20_4,C,A,F,R,2,93,CD1,C,7.877215
tcr_20_4,C,A,F,K,2,92,CD1,N,7.332101
tcr_20_4,C,A,F,R,2,93,CD1,CG,9.071999
tcr_20_4,C,A,F,R,2,93,CD1,CB,7.948051
tcr_20_4,C,A,F,Q,2,89,CD1,C,7.247077
tcr_20_4,C,A,F,R,2,93,CD1,CD,9.099244
tcr_20_4,C,A,F,K,2,90,CD1,C,4.5219975
tcr_20_4,C,A,F,K,2,90,CD1,CB,3.9974337
tcr_20_4,C,A,F,K,2,90,CD1,CA,4.900936
tcr_20_4,C,A,F,K,2,90,CD1,CD,4.7604704
tcr_20_4,C,A,F,K,2,90,CD1,N,6.1360483
tcr_20_4,C,A,F,K,2,90,CD1,CG,4.9496913
tcr_20_4,C,A,F,R,2,121,CD1,CD,7.6898665
tcr_20_4,C,A,F,D,2,98,CD1,OD1,9.973195
tcr_20_4,C,A,F,D,2,98,CD1,OD2,9.570562
tcr_20_4,C,A,F,Q,2,94,CD1,CD,6.416609
tcr_20_4,C,A,F,Q,2,94,CD1,NE2,7.7179523
tcr_20_4,C,A,F,Q,2,94,CD1,OE1,5.979593
tcr_20_4,C,A,F,Q,2,94,CD1,O,8.652223
tcr_20_4,C,A,F,R,2,93,CD1,NH1,9.80275
tcr_20_4,C,A,F,R,2,93,CD1,NE,9.4286785
tcr_20_4,C,A,F,R,2,93,CD1,O,8.823819
tcr_20_4,C,A,F,R,2,93,CD1,CZ,9.75392
tcr_20_4,C,A,F,Y,2,31,CD1,CE2,6.6703696
tcr_20_4,C,A,F,F,2,57,CD1,CZ,9.89928
tcr_20_4,C,A,F,Y,2,31,CD1,CZ,6.4186153
tcr_20_4,C,A,F,Y,2,31,CD1,OH,6.9468894
tcr_20_4,C,A,F,Y,2,31,CD1,CE1,6.0445485
tcr_20_4,C,A,F,M,2,29,CD1,CE,9.859299
tcr_20_4,C,A,F,F,2,123,CD1,CE2,5.5728855
tcr_20_4,C,A,F,Y,2,183,CD1,OH,6.937253
tcr_20_4,C,A,F,Y,2,183,CD1,CZ,7.3254495
tcr_20_4,C,A,F,Y,2,31,CD1,CG,6.1715927
tcr_20_4,C,A,F,Y,2,31,CD1,CB,6.5515966
tcr_20_4,C,A,F,Y,2,31,CD1,CD2,6.5500913
tcr_20_4,C,A,F,F,2,123,CD1,CZ,4.5738325
tcr_20_4,C,A,F,F,2,123,CD1,CD2,6.8200746
tcr_20_4,C,A,F,Y,2,183,CD1,CE1,8.019892
tcr_20_4,C,A,F,F,2,123,CD1,CE1,5.1248493
tcr_20_4,C,A,F,F,2,123,CD1,CD1,6.459527
tcr_20_4,C,A,F,F,2,123,CD1,CG,7.2092805
tcr_20_4,C,A,F,Y,2,183,CD1,CD1,8.713894
tcr_20_4,C,A,F,Y,2,183,CD1,CG,8.777505
tcr_20_4,C,A,F,N,2,138,CD1,OD1,9.839404
tcr_20_4,C,A,F,R,2,121,CD1,NH2,7.115372
tcr_20_4,C,A,F,R,2,121,CD1,NE,7.5645185
tcr_20_4,C,A,F,F,2,123,CD1,CB,8.670397
tcr_20_4,C,A,F,R,2,121,CD1,CZ,6.701986
tcr_20_4,C,A,F,Y,2,83,CD1,OH,9.573308
tcr_20_4,C,A,F,Y,2,183,CD1,CE2,7.390434
tcr_20_4,C,A,F,Y,2,183,CD1,CB,9.84205
tcr_20_4,C,A,F,Y,2,183,CD1,CD2,8.142965
tcr_20_4,C,A,F,K,2,90,CD1,NZ,5.3409195
tcr_20_4,C,A,F,E,2,87,CD1,OE1,6.693952
tcr_20_4,C,A,F,R,2,180,CD1,CZ,9.201885
tcr_20_4,C,A,F,R,2,180,CD1,NH1,8.004216
tcr_20_4,C,A,F,R,2,180,CD1,NH2,9.552414
tcr_20_4,C,A,F,F,2,32,CD2,CB,8.915349
tcr_20_4,C,A,F,F,2,32,CD2,CD2,9.61647
tcr_20_4,C,A,F,F,2,32,CD2,CG,9.647771
tcr_20_4,C,A,F,G,2,50,CD2,C,8.508354
tcr_20_4,C,A,F,G,2,50,CD2,O,9.31302
tcr_20_4,C,A,F,V,2,49,CD2,CG1,9.776055
tcr_20_4,C,A,F,V,2,49,CD2,CB,8.922689
tcr_20_4,C,A,F,V,2,49,CD2,CA,7.4523754
tcr_20_4,C,A,F,V,2,49,CD2,O,6.4059615
tcr_20_4,C,A,F,V,2,49,CD2,CG2,9.247459
tcr_20_4,C,A,F,V,2,49,CD2,C,6.825558
tcr_20_4,C,A,F,V,2,49,CD2,N,6.846285
tcr_20_4,C,A,F,F,2,32,CD2,CA,7.5892015
tcr_20_4,C,A,F,F,2,32,CD2,N,6.698167
tcr_20_4,C,A,F,Y,2,31,CD2,C,6.4073434
tcr_20_4,C,A,F,F,2,32,CD2,O,7.030104
tcr_20_4,C,A,F,I,2,47,CD2,O,8.359692
tcr_20_4,C,A,F,S,2,33,CD2,N,7.1545796
tcr_20_4,C,A,F,S,2,33,CD2,CA,7.2451944
tcr_20_4,C,A,F,S,2,33,CD2,C,8.6855545
tcr_20_4,C,A,F,S,2,33,CD2,O,9.32142
tcr_20_4,C,A,F,T,2,34,CD2,N,9.348618
tcr_20_4,C,A,F,M,2,122,CD2,N,9.53782
tcr_20_4,C,A,F,R,2,121,CD2,C,8.9854555
tcr_20_4,C,A,F,F,2,32,CD2,C,7.1189566
tcr_20_4,C,A,F,R,2,121,CD2,O,8.256054
tcr_20_4,C,A,F,R,2,121,CD2,CA,9.493257
tcr_20_4,C,A,F,R,2,121,CD2,CB,8.571382
tcr_20_4,C,A,F,R,2,121,CD2,CG,8.215357
tcr_20_4,C,A,F,Y,2,51,CD2,N,8.9770975
tcr_20_4,C,A,F,R,2,30,CD2,CB,9.966571
tcr_20_4,C,A,F,Y,2,31,CD2,N,6.708772
tcr_20_4,C,A,F,R,2,30,CD2,O,7.7901745
tcr_20_4,C,A,F,R,2,30,CD2,C,7.636105
tcr_20_4,C,A,F,R,2,30,CD2,CA,8.816379
tcr_20_4,C,A,F,R,2,30,CD2,N,9.41952
tcr_20_4,C,A,F,F,2,123,CD2,CA,8.352484
tcr_20_4,C,A,F,Y,2,31,CD2,CA,5.7525144
tcr_20_4,C,A,F,F,2,123,CD2,N,8.191875
tcr_20_4,C,A,F,M,2,122,CD2,CA,9.299743
tcr_20_4,C,A,F,M,2,122,CD2,C,9.109926
tcr_20_4,C,A,F,Y,2,31,CD2,O,6.908972
tcr_20_4,C,A,F,F,2,123,CD2,O,7.552902
tcr_20_4,C,A,F,G,2,124,CD2,CA,9.371246
tcr_20_4,C,A,F,G,2,124,CD2,N,9.062748
tcr_20_4,C,A,F,F,2,123,CD2,C,8.212232
tcr_20_4,C,A,F,M,2,122,CD2,O,9.967569
tcr_20_4,C,A,F,F,2,60,CD2,CA,8.752904
tcr_20_4,C,A,F,F,2,60,CD2,N,8.44952
tcr_20_4,C,A,F,F,2,60,CD2,C,9.514604
tcr_20_4,C,A,F,I,2,47,CD2,CA,9.748556
tcr_20_4,C,A,F,A,2,48,CD2,N,7.6002645
tcr_20_4,C,A,F,F,2,60,CD2,CE1,9.375022
tcr_20_4,C,A,F,F,2,60,CD2,CD1,8.506438
tcr_20_4,C,A,F,F,2,60,CD2,CB,7.607971
tcr_20_4,C,A,F,F,2,60,CD2,O,9.187329
tcr_20_4,C,A,F,F,2,60,CD2,CG,8.232185
tcr_20_4,C,A,F,I,2,47,CD2,C,8.431849
tcr_20_4,C,A,F,G,2,69,CD2,N,9.9847765
tcr_20_4,C,A,F,F,2,60,CD2,CD2,8.882783
tcr_20_4,C,A,F,F,2,60,CD2,CZ,9.941889
tcr_20_4,C,A,F,T,2,88,CD2,O,9.136965
tcr_20_4,C,A,F,F,2,60,CD2,CE2,9.713123
tcr_20_4,C,A,F,V,2,58,CD2,CA,9.159301
tcr_20_4,C,A,F,R,2,59,CD2,CA,9.0580635
tcr_20_4,C,A,F,V,2,58,CD2,C,8.898096
tcr_20_4,C,A,F,R,2,59,CD2,N,9.1666975
tcr_20_4,C,A,F,V,2,58,CD2,O,8.691927
tcr_20_4,C,A,F,V,2,58,CD2,N,9.828932
tcr_20_4,C,A,F,V,2,58,CD2,CB,8.030869
tcr_20_4,C,A,F,V,2,58,CD2,CG2,7.771123
tcr_20_4,C,A,F,A,2,48,CD2,CA,6.4745398
tcr_20_4,C,A,F,G,2,50,CD2,N,7.0769243
tcr_20_4,C,A,F,A,2,48,CD2,C,6.805466
tcr_20_4,C,A,F,G,2,50,CD2,CA,7.0395975
tcr_20_4,C,A,F,R,2,59,CD2,C,8.733374
tcr_20_4,C,A,F,A,2,48,CD2,O,7.3094177
tcr_20_4,C,A,F,A,2,48,CD2,CB,5.156974
tcr_20_4,C,A,F,Y,2,31,CD2,CD1,3.570687
tcr_20_4,C,A,F,Y,2,91,CD2,CE1,3.2416017
tcr_20_4,C,A,F,V,2,58,CD2,CG1,6.802896
tcr_20_4,C,A,F,R,2,59,CD2,O,9.052505
tcr_20_4,C,A,F,Y,2,91,CD2,OH,4.143743
tcr_20_4,C,A,F,Y,2,91,CD2,CD1,3.9684613
tcr_20_4,C,A,F,Y,2,91,CD2,CZ,4.07634
tcr_20_4,C,A,F,Y,2,91,CD2,CD2,5.757266
tcr_20_4,C,A,F,Y,2,91,CD2,CE2,5.292858
tcr_20_4,C,A,F,Y,2,91,CD2,CG,5.204053
tcr_20_4,C,A,F,Y,2,91,CD2,CB,6.2658024
tcr_20_4,C,A,F,E,2,87,CD2,O,6.7236333
tcr_20_4,C,A,F,E,2,87,CD2,CD,6.5989494
tcr_20_4,C,A,F,E,2,87,CD2,OE2,5.426977
tcr_20_4,C,A,F,E,2,87,CD2,CG,7.603076
tcr_20_4,C,A,F,G,2,69,CD2,CA,9.303015
tcr_20_4,C,A,F,E,2,87,CD2,N,8.813209
tcr_20_4,C,A,F,T,2,88,CD2,N,8.714087
tcr_20_4,C,A,F,E,2,87,CD2,CA,7.5027485
tcr_20_4,C,A,F,E,2,87,CD2,CB,7.489598
tcr_20_4,C,A,F,T,2,88,CD2,C,9.296715
tcr_20_4,C,A,F,E,2,87,CD2,C,7.52583
tcr_20_4,C,A,F,K,2,90,CD2,CE,6.3998413
tcr_20_4,C,A,F,T,2,88,CD2,CA,9.22781
tcr_20_4,C,A,F,R,2,86,CD2,O,8.747069
tcr_20_4,C,A,F,Q,2,89,CD2,N,9.784145
tcr_20_4,C,A,F,R,2,86,CD2,C,9.29936
tcr_20_4,C,A,F,Y,2,91,CD2,O,7.722878
tcr_20_4,C,A,F,F,2,46,CD2,CD1,7.9511275
tcr_20_4,C,A,F,A,2,95,CD2,N,9.222452
tcr_20_4,C,A,F,F,2,46,CD2,CG,8.835322
tcr_20_4,C,A,F,F,2,46,CD2,CD2,8.506405
tcr_20_4,C,A,F,F,2,46,CD2,CE1,6.553578
tcr_20_4,C,A,F,Y,2,91,CD2,C,7.5152407
tcr_20_4,C,A,F,Q,2,94,CD2,C,9.018578
tcr_20_4,C,A,F,F,2,46,CD2,CE2,7.220987
tcr_20_4,C,A,F,F,2,46,CD2,CZ,6.1168227
tcr_20_4,C,A,F,Q,2,94,CD2,N,8.429472
tcr_20_4,C,A,F,Y,2,91,CD2,CA,6.1618333
tcr_20_4,C,A,F,Q,2,94,CD2,CA,8.152677
tcr_20_4,C,A,F,Q,2,94,CD2,CG,6.723298
tcr_20_4,C,A,F,Y,2,91,CD2,N,6.177041
tcr_20_4,C,A,F,Q,2,94,CD2,CB,6.6758413
tcr_20_4,C,A,F,S,2,33,CD2,OG,6.8034964
tcr_20_4,C,A,F,R,2,121,CD2,NH1,6.0931997
tcr_20_4,C,A,F,S,2,33,CD2,CB,6.3250594
tcr_20_4,C,A,F,K,2,90,CD2,O,6.553325
tcr_20_4,C,A,F,K,2,92,CD2,CA,9.946996
tcr_20_4,C,A,F,Q,2,89,CD2,O,9.377259
tcr_20_4,C,A,F,R,2,93,CD2,N,9.792758
tcr_20_4,C,A,F,R,2,93,CD2,C,9.698218
tcr_20_4,C,A,F,K,2,92,CD2,N,8.608617
tcr_20_4,C,A,F,Q,2,89,CD2,C,9.097698
tcr_20_4,C,A,F,K,2,90,CD2,C,6.3886085
tcr_20_4,C,A,F,K,2,90,CD2,CB,6.0388904
tcr_20_4,C,A,F,K,2,90,CD2,CA,6.954468
tcr_20_4,C,A,F,K,2,90,CD2,CD,6.6177163
tcr_20_4,C,A,F,K,2,90,CD2,N,8.002542
tcr_20_4,C,A,F,K,2,90,CD2,CG,7.0238285
tcr_20_4,C,A,F,R,2,121,CD2,CD,7.368647
tcr_20_4,C,A,F,D,2,98,CD2,OD2,9.805156
tcr_20_4,C,A,F,Q,2,94,CD2,CD,7.569741
tcr_20_4,C,A,F,Q,2,94,CD2,NE2,8.777037
tcr_20_4,C,A,F,Q,2,94,CD2,OE1,7.3457847
tcr_20_4,C,A,F,Q,2,94,CD2,O,9.770905
tcr_20_4,C,A,F,Y,2,31,CD2,CE2,4.8913474
tcr_20_4,C,A,F,F,2,57,CD2,CE1,8.803088
tcr_20_4,C,A,F,F,2,57,CD2,CZ,8.079434
tcr_20_4,C,A,F,Y,2,31,CD2,CZ,4.59855
tcr_20_4,C,A,F,F,2,57,CD2,CD1,9.899303
tcr_20_4,C,A,F,Y,2,31,CD2,OH,5.4383554
tcr_20_4,C,A,F,Y,2,31,CD2,CE1,3.9518833
tcr_20_4,C,A,F,F,2,57,CD2,CE2,8.575635
tcr_20_4,C,A,F,F,2,57,CD2,CD2,9.698907
tcr_20_4,C,A,F,M,2,29,CD2,SD,8.844084
tcr_20_4,C,A,F,M,2,29,CD2,CG,9.0558195
tcr_20_4,C,A,F,M,2,29,CD2,CE,8.649765
tcr_20_4,C,A,F,F,2,123,CD2,CE2,4.662263
tcr_20_4,C,A,F,Y,2,183,CD2,OH,6.3398023
tcr_20_4,C,A,F,Y,2,183,CD2,CZ,7.1069374
tcr_20_4,C,A,F,Y,2,31,CD2,CG,3.919889
tcr_20_4,C,A,F,Y,2,31,CD2,CB,4.330368
tcr_20_4,C,A,F,Y,2,31,CD2,CD2,4.5830398
tcr_20_4,C,A,F,F,2,123,CD2,CZ,3.5013728
tcr_20_4,C,A,F,F,2,123,CD2,CD2,5.898034
tcr_20_4,C,A,F,Y,2,183,CD2,CE1,7.7626944
tcr_20_4,C,A,F,F,2,123,CD2,CE1,3.9802701
tcr_20_4,C,A,F,F,2,123,CD2,CD1,5.3749843
tcr_20_4,C,A,F,F,2,123,CD2,CG,6.203793
tcr_20_4,C,A,F,Y,2,183,CD2,CD1,8.760408
tcr_20_4,C,A,F,Y,2,183,CD2,CG,9.146894
tcr_20_4,C,A,F,N,2,138,CD2,OD1,9.604109
tcr_20_4,C,A,F,R,2,121,CD2,NH2,7.4207153
tcr_20_4,C,A,F,R,2,121,CD2,NE,7.4120765
tcr_20_4,C,A,F,F,2,123,CD2,CB,7.691161
tcr_20_4,C,A,F,R,2,121,CD2,CZ,6.8772173
tcr_20_4,C,A,F,Y,2,83,CD2,OH,8.881007
tcr_20_4,C,A,F,Y,2,195,CD2,OH,9.334284
tcr_20_4,C,A,F,Y,2,83,CD2,CZ,9.686858
tcr_20_4,C,A,F,Y,2,183,CD2,CE2,7.566739
tcr_20_4,C,A,F,Y,2,183,CD2,CD2,8.59087
tcr_20_4,C,A,F,K,2,90,CD2,NZ,6.373218
tcr_20_4,C,A,F,E,2,87,CD2,OE1,7.158754
tcr_20_4,C,A,F,R,2,180,CD2,NH1,9.21781
tcr_20_4,C,A,F,V,2,49,CE1,CA,9.619677
tcr_20_4,C,A,F,V,2,49,CE1,O,8.760541
tcr_20_4,C,A,F,V,2,49,CE1,C,9.234354
tcr_20_4,C,A,F,V,2,49,CE1,N,8.718963
tcr_20_4,C,A,F,F,2,32,CE1,CA,9.129598
tcr_20_4,C,A,F,F,2,32,CE1,N,8.564784
tcr_20_4,C,A,F,Y,2,31,CE1,C,8.296325
tcr_20_4,C,A,F,F,2,32,CE1,O,8.473255
tcr_20_4,C,A,F,R,2,121,CE1,N,9.949052
tcr_20_4,C,A,F,I,2,47,CE1,O,8.839686
tcr_20_4,C,A,F,S,2,33,CE1,N,8.020712
tcr_20_4,C,A,F,S,2,33,CE1,CA,7.743789
tcr_20_4,C,A,F,S,2,33,CE1,C,8.940158
tcr_20_4,C,A,F,S,2,33,CE1,O,9.492724
tcr_20_4,C,A,F,T,2,34,CE1,N,9.519742
tcr_20_4,C,A,F,R,2,121,CE1,C,9.348975
tcr_20_4,C,A,F,F,2,32,CE1,C,8.421438
tcr_20_4,C,A,F,R,2,121,CE1,O,8.843231
tcr_20_4,C,A,F,R,2,121,CE1,CA,9.41741
tcr_20_4,C,A,F,R,2,121,CE1,CB,8.170908
tcr_20_4,C,A,F,R,2,121,CE1,CG,7.820397
tcr_20_4,C,A,F,Y,2,31,CE1,N,8.938088
tcr_20_4,C,A,F,F,2,123,CE1,CA,9.3148575
tcr_20_4,C,A,F,Y,2,31,CE1,CA,7.982936
tcr_20_4,C,A,F,F,2,123,CE1,N,9.196453
tcr_20_4,C,A,F,M,2,122,CE1,C,9.895268
tcr_20_4,C,A,F,Y,2,31,CE1,O,8.51171
tcr_20_4,C,A,F,F,2,123,CE1,O,9.186269
tcr_20_4,C,A,F,F,2,123,CE1,C,9.553244
tcr_20_4,C,A,F,F,2,60,CE1,CA,9.704061
tcr_20_4,C,A,F,F,2,60,CE1,N,9.794326
tcr_20_4,C,A,F,A,2,48,CE1,N,8.427008
tcr_20_4,C,A,F,F,2,60,CE1,CE1,8.926747
tcr_20_4,C,A,F,F,2,60,CE1,CD1,8.434666
tcr_20_4,C,A,F,F,2,60,CE1,CB,8.342296
tcr_20_4,C,A,F,F,2,60,CE1,O,9.965811
tcr_20_4,C,A,F,F,2,60,CE1,CG,8.480604
tcr_20_4,C,A,F,I,2,47,CE1,C,8.9916935
tcr_20_4,C,A,F,F,2,60,CE1,CD2,9.020869
tcr_20_4,C,A,F,F,2,60,CE1,CZ,9.433054
tcr_20_4,C,A,F,T,2,88,CE1,O,8.274245
tcr_20_4,C,A,F,F,2,60,CE1,CE2,9.477553
tcr_20_4,C,A,F,V,2,58,CE1,CG2,9.904259
tcr_20_4,C,A,F,A,2,48,CE1,CA,7.6333833
tcr_20_4,C,A,F,G,2,50,CE1,N,9.661504
tcr_20_4,C,A,F,A,2,48,CE1,C,8.411603
tcr_20_4,C,A,F,G,2,50,CE1,CA,9.76318
tcr_20_4,C,A,F,A,2,48,CE1,O,8.927047
tcr_20_4,C,A,F,A,2,48,CE1,CB,6.1623616
tcr_20_4,C,A,F,Y,2,31,CE1,CD1,6.3352194
tcr_20_4,C,A,F,Y,2,91,CE1,CE1,4.5244236
tcr_20_4,C,A,F,V,2,58,CE1,CG1,9.355151
tcr_20_4,C,A,F,Y,2,91,CE1,OH,6.222179
tcr_20_4,C,A,F,Y,2,91,CE1,CD1,4.346847
tcr_20_4,C,A,F,Y,2,91,CE1,CZ,5.6174197
tcr_20_4,C,A,F,Y,2,91,CE1,CD2,6.2804165
tcr_20_4,C,A,F,Y,2,91,CE1,CE2,6.414423
tcr_20_4,C,A,F,Y,2,91,CE1,CG,5.3207874
tcr_20_4,C,A,F,Y,2,91,CE1,CB,5.7538323
tcr_20_4,C,A,F,E,2,87,CE1,O,6.528867
tcr_20_4,C,A,F,E,2,87,CE1,CD,7.7621617
tcr_20_4,C,A,F,E,2,87,CE1,OE2,6.81974
tcr_20_4,C,A,F,E,2,87,CE1,CG,8.762529
tcr_20_4,C,A,F,E,2,87,CE1,N,9.002498
tcr_20_4,C,A,F,T,2,88,CE1,N,8.755877
tcr_20_4,C,A,F,E,2,87,CE1,CA,7.8565154
tcr_20_4,C,A,F,E,2,87,CE1,CB,8.366886
tcr_20_4,C,A,F,T,2,88,CE1,C,8.638997
tcr_20_4,C,A,F,E,2,87,CE1,C,7.5941033
tcr_20_4,C,A,F,K,2,90,CE1,CE,6.293082
tcr_20_4,C,A,F,T,2,88,CE1,CA,9.033862
tcr_20_4,C,A,F,R,2,86,CE1,O,8.236175
tcr_20_4,C,A,F,Q,2,89,CE1,N,8.967113
tcr_20_4,C,A,F,R,2,86,CE1,C,9.102791
tcr_20_4,C,A,F,Q,2,89,CE1,CA,8.977605
tcr_20_4,C,A,F,Q,2,89,CE1,CB,9.922907
tcr_20_4,C,A,F,F,2,46,CE1,CB,9.37933
tcr_20_4,C,A,F,A,2,95,CE1,CB,8.85994
tcr_20_4,C,A,F,Q,2,96,CE1,N,9.798585
tcr_20_4,C,A,F,A,2,95,CE1,C,9.585356
tcr_20_4,C,A,F,Y,2,91,CE1,O,6.0479064
tcr_20_4,C,A,F,F,2,46,CE1,CD1,7.206446
tcr_20_4,C,A,F,A,2,95,CE1,N,7.143939
tcr_20_4,C,A,F,A,2,95,CE1,CA,8.421587
tcr_20_4,C,A,F,F,2,46,CE1,CG,7.9073405
tcr_20_4,C,A,F,S,2,35,CE1,OG,9.829422
tcr_20_4,C,A,F,F,2,46,CE1,CD2,7.439396
tcr_20_4,C,A,F,F,2,46,CE1,CE1,5.8625836
tcr_20_4,C,A,F,Y,2,91,CE1,C,6.0289097
tcr_20_4,C,A,F,Q,2,94,CE1,C,6.7174563
tcr_20_4,C,A,F,F,2,46,CE1,CE2,6.149496
tcr_20_4,C,A,F,F,2,46,CE1,CZ,5.2243104
tcr_20_4,C,A,F,Q,2,94,CE1,N,5.9212008
tcr_20_4,C,A,F,Y,2,91,CE1,CA,4.9794087
tcr_20_4,C,A,F,Q,2,94,CE1,CA,5.633279
tcr_20_4,C,A,F,Q,2,94,CE1,CG,4.4229903
tcr_20_4,C,A,F,Y,2,91,CE1,N,4.923999
tcr_20_4,C,A,F,Q,2,94,CE1,CB,4.213765
tcr_20_4,C,A,F,S,2,33,CE1,OG,6.537586
tcr_20_4,C,A,F,R,2,121,CE1,NH1,4.7005825
tcr_20_4,C,A,F,S,2,33,CE1,CB,6.415525
tcr_20_4,C,A,F,K,2,90,CE1,O,4.3996944
tcr_20_4,C,A,F,K,2,92,CE1,CA,8.30342
tcr_20_4,C,A,F,K,2,92,CE1,CB,9.496872
tcr_20_4,C,A,F,K,2,92,CE1,O,8.834312
tcr_20_4,C,A,F,Q,2,89,CE1,O,7.6210847
tcr_20_4,C,A,F,R,2,93,CE1,N,7.6349444
tcr_20_4,C,A,F,K,2,92,CE1,C,8.190144
tcr_20_4,C,A,F,R,2,93,CE1,CA,7.795005
tcr_20_4,C,A,F,R,2,93,CE1,C,7.1617227
tcr_20_4,C,A,F,K,2,92,CE1,N,7.1400757
tcr_20_4,C,A,F,R,2,93,CE1,CG,8.9108305
tcr_20_4,C,A,F,R,2,93,CE1,CB,7.63022
tcr_20_4,C,A,F,Q,2,89,CE1,C,7.637273
tcr_20_4,C,A,F,R,2,93,CE1,CD,9.098051
tcr_20_4,C,A,F,K,2,90,CE1,C,4.659901
tcr_20_4,C,A,F,K,2,90,CE1,CB,4.795965
tcr_20_4,C,A,F,K,2,90,CE1,CA,5.3574424
tcr_20_4,C,A,F,K,2,90,CE1,CD,5.8927007
tcr_20_4,C,A,F,K,2,90,CE1,N,6.6835804
tcr_20_4,C,A,F,K,2,90,CE1,CG,5.863712
tcr_20_4,C,A,F,R,2,121,CE1,CD,6.597382
tcr_20_4,C,A,F,F,2,140,CE1,CE1,9.371935
tcr_20_4,C,A,F,D,2,98,CE1,CB,9.771053
tcr_20_4,C,A,F,D,2,98,CE1,CG,8.679112
tcr_20_4,C,A,F,D,2,98,CE1,OD1,8.588756
tcr_20_4,C,A,F,D,2,98,CE1,OD2,8.200121
tcr_20_4,C,A,F,Q,2,94,CE1,CD,5.112261
tcr_20_4,C,A,F,Q,2,94,CE1,NE2,6.3981333
tcr_20_4,C,A,F,D,2,98,CE1,N,9.972649
tcr_20_4,C,A,F,Q,2,94,CE1,OE1,4.7782087
tcr_20_4,C,A,F,Q,2,94,CE1,O,7.4615192
tcr_20_4,C,A,F,R,2,93,CE1,NH1,9.98066
tcr_20_4,C,A,F,R,2,93,CE1,NE,9.329043
tcr_20_4,C,A,F,A,2,97,CE1,CB,9.101503
tcr_20_4,C,A,F,R,2,93,CE1,O,7.9993706
tcr_20_4,C,A,F,A,2,97,CE1,N,9.978102
tcr_20_4,C,A,F,R,2,93,CE1,CZ,9.748214
tcr_20_4,C,A,F,Y,2,31,CE1,CE2,7.421404
tcr_20_4,C,A,F,Y,2,31,CE1,CZ,7.264455
tcr_20_4,C,A,F,Y,2,31,CE1,OH,7.9667754
tcr_20_4,C,A,F,Y,2,31,CE1,CE1,6.7364254
tcr_20_4,C,A,F,F,2,123,CE1,CE2,5.715668
tcr_20_4,C,A,F,Y,2,183,CE1,OH,7.6705995
tcr_20_4,C,A,F,Y,2,183,CE1,CZ,7.9928026
tcr_20_4,C,A,F,Y,2,31,CE1,CG,6.4944663
tcr_20_4,C,A,F,Y,2,31,CE1,CB,6.5562005
tcr_20_4,C,A,F,Y,2,31,CE1,CD2,7.053124
tcr_20_4,C,A,F,F,2,123,CE1,CZ,4.551087
tcr_20_4,C,A,F,F,2,123,CE1,CD2,6.7917514
tcr_20_4,C,A,F,Y,2,183,CE1,CE1,8.481208
tcr_20_4,C,A,F,F,2,123,CE1,CE1,4.71738
tcr_20_4,C,A,F,F,2,123,CE1,CD1,5.977327
tcr_20_4,C,A,F,F,2,123,CE1,CG,6.9121013
tcr_20_4,C,A,F,Y,2,183,CE1,CD1,9.113419
tcr_20_4,C,A,F,Y,2,183,CE1,CG,9.288471
tcr_20_4,C,A,F,N,2,138,CE1,OD1,9.140927
tcr_20_4,C,A,F,R,2,121,CE1,NH2,6.45272
tcr_20_4,C,A,F,R,2,121,CE1,NE,6.6284585
tcr_20_4,C,A,F,F,2,123,CE1,CB,8.296454
tcr_20_4,C,A,F,R,2,121,CE1,CZ,5.8454084
tcr_20_4,C,A,F,Y,2,183,CE1,CE2,8.183134
tcr_20_4,C,A,F,Y,2,183,CE1,CD2,8.840046
tcr_20_4,C,A,F,K,2,90,CE1,NZ,6.713303
tcr_20_4,C,A,F,E,2,87,CE1,OE1,8.083519
tcr_20_4,C,A,F,F,2,140,CE1,CZ,9.648194
tcr_20_4,C,A,F,R,2,180,CE1,CD,9.888497
tcr_20_4,C,A,F,R,2,180,CE1,NE,9.669971
tcr_20_4,C,A,F,R,2,180,CE1,CZ,8.66552
tcr_20_4,C,A,F,R,2,180,CE1,NH1,7.556622
tcr_20_4,C,A,F,R,2,180,CE1,NH2,8.926819
tcr_20_4,C,A,F,F,2,32,CE2,CB,8.289731
tcr_20_4,C,A,F,F,2,32,CE2,CD2,9.312045
tcr_20_4,C,A,F,F,2,32,CE2,CG,9.143194
tcr_20_4,C,A,F,T,2,34,CE2,CA,9.530371
tcr_20_4,C,A,F,T,2,34,CE2,O,9.735232
tcr_20_4,C,A,F,T,2,34,CE2,C,9.819619
tcr_20_4,C,A,F,G,2,50,CE2,C,9.025374
tcr_20_4,C,A,F,G,2,50,CE2,O,9.863651
tcr_20_4,C,A,F,V,2,49,CE2,CG1,9.595199
tcr_20_4,C,A,F,V,2,49,CE2,CB,8.803393
tcr_20_4,C,A,F,V,2,49,CE2,CA,7.4075875
tcr_20_4,C,A,F,V,2,49,CE2,O,6.3628106
tcr_20_4,C,A,F,V,2,49,CE2,CG2,8.955541
tcr_20_4,C,A,F,V,2,49,CE2,C,6.91693
tcr_20_4,C,A,F,V,2,49,CE2,N,6.573901
tcr_20_4,C,A,F,F,2,32,CE2,CA,6.883544
tcr_20_4,C,A,F,F,2,32,CE2,N,6.2123976
tcr_20_4,C,A,F,Y,2,31,CE2,C,6.009673
tcr_20_4,C,A,F,F,2,32,CE2,O,6.291851
tcr_20_4,C,A,F,R,2,121,CE2,N,8.786407
tcr_20_4,C,A,F,I,2,47,CE2,O,7.409501
tcr_20_4,C,A,F,S,2,33,CE2,N,6.102665
tcr_20_4,C,A,F,S,2,33,CE2,CA,6.085059
tcr_20_4,C,A,F,S,2,33,CE2,C,7.4702053
tcr_20_4,C,A,F,S,2,33,CE2,O,8.07198
tcr_20_4,C,A,F,T,2,34,CE2,N,8.158639
tcr_20_4,C,A,F,M,2,122,CE2,N,8.553164
tcr_20_4,C,A,F,R,2,121,CE2,C,7.8896804
tcr_20_4,C,A,F,F,2,32,CE2,C,6.271179
tcr_20_4,C,A,F,R,2,121,CE2,O,7.1797647
tcr_20_4,C,A,F,R,2,121,CE2,CA,8.278264
tcr_20_4,C,A,F,R,2,121,CE2,CB,7.3118076
tcr_20_4,C,A,F,R,2,121,CE2,CG,7.0733957
tcr_20_4,C,A,F,Y,2,51,CE2,N,9.467136
tcr_20_4,C,A,F,Y,2,31,CE2,N,6.773782
tcr_20_4,C,A,F,R,2,30,CE2,O,8.069562
tcr_20_4,C,A,F,R,2,30,CE2,C,7.840532
tcr_20_4,C,A,F,R,2,30,CE2,CA,9.038509
tcr_20_4,C,A,F,R,2,30,CE2,N,9.831022
tcr_20_4,C,A,F,F,2,123,CE2,CA,7.9627094
tcr_20_4,C,A,F,Y,2,31,CE2,CA,5.687676
tcr_20_4,C,A,F,M,2,122,CE2,CB,9.84226
tcr_20_4,C,A,F,F,2,123,CE2,N,7.6379323
tcr_20_4,C,A,F,M,2,122,CE2,CA,8.484797
tcr_20_4,C,A,F,M,2,122,CE2,C,8.402246
tcr_20_4,C,A,F,Y,2,31,CE2,O,6.3902287
tcr_20_4,C,A,F,F,2,123,CE2,O,7.4765577
tcr_20_4,C,A,F,G,2,124,CE2,CA,9.545216
tcr_20_4,C,A,F,G,2,124,CE2,N,9.03581
tcr_20_4,C,A,F,F,2,123,CE2,C,8.063002
tcr_20_4,C,A,F,M,2,122,CE2,O,9.236547
tcr_20_4,C,A,F,F,2,60,CE2,CA,8.7598715
tcr_20_4,C,A,F,F,2,60,CE2,N,8.534571
tcr_20_4,C,A,F,F,2,60,CE2,C,9.309987
tcr_20_4,C,A,F,I,2,47,CE2,CA,8.960585
tcr_20_4,C,A,F,A,2,48,CE2,N,6.9637427
tcr_20_4,C,A,F,F,2,60,CE2,CE1,9.028468
tcr_20_4,C,A,F,F,2,60,CE2,CD1,8.204987
tcr_20_4,C,A,F,F,2,60,CE2,CB,7.6245565
tcr_20_4,C,A,F,F,2,60,CE2,O,8.84365
tcr_20_4,C,A,F,F,2,46,CE2,O,9.8513975
tcr_20_4,C,A,F,F,2,60,CE2,CG,8.159656
tcr_20_4,C,A,F,I,2,47,CE2,C,7.623451
tcr_20_4,C,A,F,F,2,60,CE2,CD2,8.955611
tcr_20_4,C,A,F,F,2,60,CE2,CZ,9.745777
tcr_20_4,C,A,F,T,2,88,CE2,O,9.42043
tcr_20_4,C,A,F,F,2,60,CE2,CE2,9.712037
tcr_20_4,C,A,F,V,2,58,CE2,CA,9.912516
tcr_20_4,C,A,F,R,2,59,CE2,CA,9.355419
tcr_20_4,C,A,F,V,2,58,CE2,C,9.457817
tcr_20_4,C,A,F,R,2,59,CE2,N,9.66256
tcr_20_4,C,A,F,V,2,58,CE2,O,9.141419
tcr_20_4,C,A,F,V,2,58,CE2,CB,8.921996
tcr_20_4,C,A,F,V,2,58,CE2,CG2,8.656549
tcr_20_4,C,A,F,A,2,48,CE2,CA,5.891964
tcr_20_4,C,A,F,G,2,50,CE2,N,7.417321
tcr_20_4,C,A,F,A,2,48,CE2,C,6.496649
tcr_20_4,C,A,F,G,2,50,CE2,CA,7.534108
tcr_20_4,C,A,F,R,2,59,CE2,C,9.011591
tcr_20_4,C,A,F,A,2,48,CE2,O,7.1627984
tcr_20_4,C,A,F,A,2,48,CE2,CB,4.5723634
tcr_20_4,C,A,F,Y,2,31,CE2,CD1,4.2274375
tcr_20_4,C,A,F,Y,2,91,CE2,CE1,3.7059646
tcr_20_4,C,A,F,V,2,58,CE2,CG1,7.679287
tcr_20_4,C,A,F,R,2,59,CE2,O,9.461659
tcr_20_4,C,A,F,Y,2,91,CE2,OH,5.122838
tcr_20_4,C,A,F,Y,2,91,CE2,CD1,4.096611
tcr_20_4,C,A,F,Y,2,91,CE2,CZ,4.8489485
tcr_20_4,C,A,F,Y,2,91,CE2,CD2,6.2675343
tcr_20_4,C,A,F,Y,2,91,CE2,CE2,6.030383
tcr_20_4,C,A,F,Y,2,91,CE2,CG,5.436784
tcr_20_4,C,A,F,Y,2,91,CE2,CB,6.276729
tcr_20_4,C,A,F,E,2,87,CE2,O,7.4202905
tcr_20_4,C,A,F,E,2,87,CE2,CD,7.9115767
tcr_20_4,C,A,F,E,2,87,CE2,OE2,6.760274
tcr_20_4,C,A,F,E,2,87,CE2,CG,8.857485
tcr_20_4,C,A,F,G,2,69,CE2,CA,9.956305
tcr_20_4,C,A,F,E,2,87,CE2,N,9.845817
tcr_20_4,C,A,F,T,2,88,CE2,N,9.479921
tcr_20_4,C,A,F,E,2,87,CE2,CA,8.522864
tcr_20_4,C,A,F,E,2,87,CE2,CB,8.603319
tcr_20_4,C,A,F,T,2,88,CE2,C,9.753127
tcr_20_4,C,A,F,E,2,87,CE2,C,8.350149
tcr_20_4,C,A,F,K,2,90,CE2,CE,7.453703
tcr_20_4,C,A,F,T,2,88,CE2,CA,9.810715
tcr_20_4,C,A,F,R,2,86,CE2,O,9.59261
tcr_20_4,C,A,F,F,2,46,CE2,C,9.57967
tcr_20_4,C,A,F,I,2,47,CE2,N,9.189123
tcr_20_4,C,A,F,F,2,46,CE2,CA,9.987535
tcr_20_4,C,A,F,F,2,46,CE2,CB,9.337807
tcr_20_4,C,A,F,A,2,95,CE2,CB,9.711366
tcr_20_4,C,A,F,Y,2,91,CE2,O,7.2207246
tcr_20_4,C,A,F,F,2,46,CE2,CD1,7.100285
tcr_20_4,C,A,F,A,2,95,CE2,N,8.3609295
tcr_20_4,C,A,F,A,2,95,CE2,CA,9.41054
tcr_20_4,C,A,F,F,2,46,CE2,CG,7.8321576
tcr_20_4,C,A,F,S,2,35,CE2,OG,9.74786
tcr_20_4,C,A,F,F,2,46,CE2,CD2,7.3569403
tcr_20_4,C,A,F,F,2,46,CE2,CE1,5.7024612
tcr_20_4,C,A,F,Y,2,91,CE2,C,7.2347355
tcr_20_4,C,A,F,Q,2,94,CE2,C,8.08748
tcr_20_4,C,A,F,F,2,46,CE2,CE2,6.0223947
tcr_20_4,C,A,F,F,2,46,CE2,CZ,5.044491
tcr_20_4,C,A,F,Q,2,94,CE2,N,7.821208
tcr_20_4,C,A,F,Y,2,91,CE2,CA,6.0511436
tcr_20_4,C,A,F,Q,2,94,CE2,CA,7.333372
tcr_20_4,C,A,F,Q,2,94,CE2,CG,5.6282783
tcr_20_4,C,A,F,Y,2,91,CE2,N,6.31859
tcr_20_4,C,A,F,Q,2,94,CE2,CB,5.808687
tcr_20_4,C,A,F,S,2,33,CE2,OG,5.4424543
tcr_20_4,C,A,F,R,2,121,CE2,NH1,5.2199655
tcr_20_4,C,A,F,S,2,33,CE2,CB,5.041099
tcr_20_4,C,A,F,K,2,90,CE2,O,6.410851
tcr_20_4,C,A,F,K,2,92,CE2,CA,9.680608
tcr_20_4,C,A,F,Q,2,89,CE2,O,9.512998
tcr_20_4,C,A,F,R,2,93,CE2,N,9.492546
tcr_20_4,C,A,F,K,2,92,CE2,C,9.813856
tcr_20_4,C,A,F,R,2,93,CE2,CA,9.828628
tcr_20_4,C,A,F,R,2,93,CE2,C,9.127472
tcr_20_4,C,A,F,K,2,92,CE2,N,8.444132
tcr_20_4,C,A,F,R,2,93,CE2,CB,9.85285
tcr_20_4,C,A,F,Q,2,89,CE2,C,9.409837
tcr_20_4,C,A,F,K,2,90,CE2,C,6.4861846
tcr_20_4,C,A,F,K,2,90,CE2,CB,6.593908
tcr_20_4,C,A,F,K,2,90,CE2,CA,7.282496
tcr_20_4,C,A,F,K,2,90,CE2,CD,7.47326
tcr_20_4,C,A,F,K,2,90,CE2,N,8.428138
tcr_20_4,C,A,F,K,2,90,CE2,CG,7.694674
tcr_20_4,C,A,F,R,2,121,CE2,CD,6.2262955
tcr_20_4,C,A,F,F,2,140,CE2,CE1,9.412748
tcr_20_4,C,A,F,D,2,98,CE2,CG,9.242229
tcr_20_4,C,A,F,D,2,98,CE2,OD1,9.312549
tcr_20_4,C,A,F,D,2,98,CE2,OD2,8.475798
tcr_20_4,C,A,F,Q,2,94,CE2,CD,6.504977
tcr_20_4,C,A,F,Q,2,94,CE2,NE2,7.646255
tcr_20_4,C,A,F,Q,2,94,CE2,OE1,6.410186
tcr_20_4,C,A,F,Q,2,94,CE2,O,8.736098
tcr_20_4,C,A,F,R,2,93,CE2,O,9.923348
tcr_20_4,C,A,F,Y,2,31,CE2,CE2,5.875211
tcr_20_4,C,A,F,F,2,57,CE2,CE1,9.7395315
tcr_20_4,C,A,F,F,2,57,CE2,CZ,9.150989
tcr_20_4,C,A,F,Y,2,31,CE2,CZ,5.7198844
tcr_20_4,C,A,F,Y,2,31,CE2,OH,6.6912355
tcr_20_4,C,A,F,Y,2,31,CE2,CE1,4.945161
tcr_20_4,C,A,F,F,2,57,CE2,CE2,9.714894
tcr_20_4,C,A,F,M,2,29,CE2,SD,9.879389
tcr_20_4,C,A,F,M,2,29,CE2,CG,9.904988
tcr_20_4,C,A,F,M,2,29,CE2,CE,9.628586
tcr_20_4,C,A,F,F,2,123,CE2,CE2,4.8369646
tcr_20_4,C,A,F,Y,2,183,CE2,OH,7.1373615
tcr_20_4,C,A,F,Y,2,183,CE2,CZ,7.7959332
tcr_20_4,C,A,F,Y,2,31,CE2,CG,4.4127636
tcr_20_4,C,A,F,Y,2,31,CE2,CB,4.340608
tcr_20_4,C,A,F,Y,2,31,CE2,CD2,5.278905
tcr_20_4,C,A,F,F,2,123,CE2,CZ,3.4776273
tcr_20_4,C,A,F,F,2,123,CE2,CD2,5.870388
tcr_20_4,C,A,F,Y,2,183,CE2,CE1,8.241992
tcr_20_4,C,A,F,F,2,123,CE2,CE1,3.4468148
tcr_20_4,C,A,F,F,2,123,CE2,CD1,4.7910566
tcr_20_4,C,A,F,F,2,123,CE2,CG,5.861509
tcr_20_4,C,A,F,Y,2,183,CE2,CD1,9.161624
tcr_20_4,C,A,F,Y,2,183,CE2,CG,9.641624
tcr_20_4,C,A,F,N,2,138,CE2,OD1,8.893078
tcr_20_4,C,A,F,R,2,121,CE2,NH2,6.7939897
tcr_20_4,C,A,F,R,2,121,CE2,NE,6.4603415
tcr_20_4,C,A,F,F,2,123,CE2,CB,7.272526
tcr_20_4,C,A,F,R,2,121,CE2,CZ,6.0519047
tcr_20_4,C,A,F,Y,2,183,CE2,CE2,8.345174
tcr_20_4,C,A,F,Y,2,183,CE2,CD2,9.25701
tcr_20_4,C,A,F,K,2,90,CE2,NZ,7.5595856
tcr_20_4,C,A,F,E,2,87,CE2,OE1,8.470425
tcr_20_4,C,A,F,N,2,138,CE2,CG,9.997221
tcr_20_4,C,A,F,F,2,140,CE2,CZ,9.782017
tcr_20_4,C,A,F,R,2,180,CE2,CZ,9.924478
tcr_20_4,C,A,F,R,2,180,CE2,NH1,8.836811
tcr_20_4,C,A,F,F,2,32,CZ,CB,9.213193
tcr_20_4,C,A,F,T,2,34,CZ,CA,9.529818
tcr_20_4,C,A,F,T,2,34,CZ,O,9.593198
tcr_20_4,C,A,F,T,2,34,CZ,C,9.652708
tcr_20_4,C,A,F,V,2,49,CZ,CB,9.934448
tcr_20_4,C,A,F,V,2,49,CZ,CA,8.565325
tcr_20_4,C,A,F,V,2,49,CZ,O,7.6378975
tcr_20_4,C,A,F,V,2,49,CZ,C,8.196727
tcr_20_4,C,A,F,V,2,49,CZ,N,7.6010375
tcr_20_4,C,A,F,F,2,32,CZ,CA,7.7609615
tcr_20_4,C,A,F,F,2,32,CZ,N,7.267963
tcr_20_4,C,A,F,Y,2,31,CZ,C,7.0706525
tcr_20_4,C,A,F,F,2,32,CZ,O,7.1235785
tcr_20_4,C,A,F,R,2,121,CZ,N,8.719103
tcr_20_4,C,A,F,I,2,47,CZ,O,7.680046
tcr_20_4,C,A,F,S,2,33,CZ,N,6.6164646
tcr_20_4,C,A,F,S,2,33,CZ,CA,6.381466
tcr_20_4,C,A,F,S,2,33,CZ,C,7.6153727
tcr_20_4,C,A,F,S,2,33,CZ,O,8.167614
tcr_20_4,C,A,F,T,2,34,CZ,N,8.253403
tcr_20_4,C,A,F,M,2,122,CZ,N,8.825354
tcr_20_4,C,A,F,R,2,121,CZ,C,8.095449
tcr_20_4,C,A,F,F,2,32,CZ,C,7.0297236
tcr_20_4,C,A,F,R,2,121,CZ,O,7.5185943
tcr_20_4,C,A,F,R,2,121,CZ,CA,8.231756
tcr_20_4,C,A,F,R,2,121,CZ,CB,7.0756984
tcr_20_4,C,A,F,Q,2,120,CZ,C,9.858793
tcr_20_4,C,A,F,R,2,121,CZ,CG,6.8433275
tcr_20_4,C,A,F,F,2,140,CZ,CD1,9.650024
tcr_20_4,C,A,F,Y,2,31,CZ,N,7.9582243
tcr_20_4,C,A,F,R,2,30,CZ,O,9.389315
tcr_20_4,C,A,F,R,2,30,CZ,C,9.087548
tcr_20_4,C,A,F,F,2,123,CZ,CA,8.479547
tcr_20_4,C,A,F,Y,2,31,CZ,CA,6.904361
tcr_20_4,C,A,F,F,2,123,CZ,N,8.188986
tcr_20_4,C,A,F,M,2,122,CZ,CA,8.957328
tcr_20_4,C,A,F,M,2,122,CZ,C,8.833908
tcr_20_4,C,A,F,Y,2,31,CZ,O,7.2924304
tcr_20_4,C,A,F,F,2,123,CZ,O,8.34132
tcr_20_4,C,A,F,G,2,124,CZ,N,9.718038
tcr_20_4,C,A,F,F,2,123,CZ,C,8.771011
tcr_20_4,C,A,F,M,2,122,CZ,O,9.537384
tcr_20_4,C,A,F,F,2,60,CZ,CA,9.246921
tcr_20_4,C,A,F,F,2,60,CZ,N,9.225064
tcr_20_4,C,A,F,F,2,60,CZ,C,9.701578
tcr_20_4,C,A,F,I,2,47,CZ,CA,9.1697
tcr_20_4,C,A,F,A,2,48,CZ,N,7.4221463
tcr_20_4,C,A,F,F,2,60,CZ,CE1,8.797175
tcr_20_4,C,A,F,F,2,60,CZ,CD1,8.166772
tcr_20_4,C,A,F,F,2,60,CZ,CB,7.9991326
tcr_20_4,C,A,F,F,2,60,CZ,O,9.25416
tcr_20_4,C,A,F,F,2,46,CZ,O,9.741841
tcr_20_4,C,A,F,F,2,60,CZ,CG,8.285436
tcr_20_4,C,A,F,I,2,47,CZ,C,7.9342947
tcr_20_4,C,A,F,F,2,60,CZ,CD2,9.0243435
tcr_20_4,C,A,F,F,2,60,CZ,CZ,9.488793
tcr_20_4,C,A,F,T,2,88,CZ,O,9.014058
tcr_20_4,C,A,F,F,2,60,CZ,CE2,9.594786
tcr_20_4,C,A,F,V,2,58,CZ,CG2,9.686276
tcr_20_4,C,A,F,A,2,48,CZ,CA,6.547245
tcr_20_4,C,A,F,G,2,50,CZ,N,8.755425
tcr_20_4,C,A,F,A,2,48,CZ,C,7.3763433
tcr_20_4,C,A,F,G,2,50,CZ,CA,8.9254
tcr_20_4,C,A,F,R,2,59,CZ,C,9.815451
tcr_20_4,C,A,F,A,2,48,CZ,O,8.026559
tcr_20_4,C,A,F,A,2,48,CZ,CB,5.155609
tcr_20_4,C,A,F,Y,2,31,CZ,CD1,5.6198354
tcr_20_4,C,A,F,Y,2,91,CZ,CE1,4.3275504
tcr_20_4,C,A,F,V,2,58,CZ,CG1,8.923223
tcr_20_4,C,A,F,Y,2,91,CZ,OH,6.086321
tcr_20_4,C,A,F,Y,2,91,CZ,CD1,4.2850723
tcr_20_4,C,A,F,Y,2,91,CZ,CZ,5.5680547
tcr_20_4,C,A,F,Y,2,91,CZ,CD2,6.515332
tcr_20_4,C,A,F,Y,2,91,CZ,CE2,6.5540442
tcr_20_4,C,A,F,Y,2,91,CZ,CG,5.493869
tcr_20_4,C,A,F,Y,2,91,CZ,CB,6.0269322
tcr_20_4,C,A,F,E,2,87,CZ,O,7.335114
tcr_20_4,C,A,F,E,2,87,CZ,CD,8.426547
tcr_20_4,C,A,F,E,2,87,CZ,OE2,7.367676
tcr_20_4,C,A,F,E,2,87,CZ,CG,9.381142
tcr_20_4,C,A,F,E,2,87,CZ,N,9.934178
tcr_20_4,C,A,F,T,2,88,CZ,N,9.501403
tcr_20_4,C,A,F,E,2,87,CZ,CA,8.6838
tcr_20_4,C,A,F,E,2,87,CZ,CB,9.001499
tcr_20_4,C,A,F,T,2,88,CZ,C,9.447449
tcr_20_4,C,A,F,E,2,87,CZ,C,8.383505
tcr_20_4,C,A,F,K,2,90,CZ,CE,7.4117837
tcr_20_4,C,A,F,T,2,88,CZ,CA,9.721769
tcr_20_4,C,A,F,R,2,86,CZ,O,9.366654
tcr_20_4,C,A,F,Q,2,89,CZ,N,9.924712
tcr_20_4,C,A,F,F,2,46,CZ,C,9.432786
tcr_20_4,C,A,F,I,2,47,CZ,N,9.180231
tcr_20_4,C,A,F,F,2,46,CZ,CA,9.64077
tcr_20_4,C,A,F,F,2,46,CZ,CB,8.825328
tcr_20_4,C,A,F,A,2,95,CZ,CB,8.848818
tcr_20_4,C,A,F,A,2,95,CZ,C,9.655443
tcr_20_4,C,A,F,Y,2,91,CZ,O,6.371127
tcr_20_4,C,A,F,F,2,46,CZ,CD1,6.6884227
tcr_20_4,C,A,F,A,2,95,CZ,N,7.2706337
tcr_20_4,C,A,F,A,2,95,CZ,CA,8.406547
tcr_20_4,C,A,F,F,2,46,CZ,CG,7.316309
tcr_20_4,C,A,F,S,2,35,CZ,OG,9.073821
tcr_20_4,C,A,F,F,2,46,CZ,CD2,6.7505064
tcr_20_4,C,A,F,F,2,46,CZ,CE1,5.310494
tcr_20_4,C,A,F,Y,2,91,CZ,C,6.5015564
tcr_20_4,C,A,F,Q,2,94,CZ,C,6.875183
tcr_20_4,C,A,F,F,2,46,CZ,CE2,5.391314
tcr_20_4,C,A,F,F,2,46,CZ,CZ,4.5118303
tcr_20_4,C,A,F,Q,2,94,CZ,N,6.5695252
tcr_20_4,C,A,F,Y,2,91,CZ,CA,5.48012
tcr_20_4,C,A,F,Q,2,94,CZ,CA,6.032355
tcr_20_4,C,A,F,Q,2,94,CZ,CG,4.3395715
tcr_20_4,C,A,F,Y,2,91,CZ,N,5.7430315
tcr_20_4,C,A,F,Q,2,94,CZ,CB,4.507424
tcr_20_4,C,A,F,S,2,33,CZ,OG,5.2731833
tcr_20_4,C,A,F,R,2,121,CZ,NH1,4.440963
tcr_20_4,C,A,F,S,2,33,CZ,CB,5.0943365
tcr_20_4,C,A,F,K,2,90,CZ,O,5.413982
tcr_20_4,C,A,F,K,2,92,CZ,CA,8.871721
tcr_20_4,C,A,F,K,2,92,CZ,O,9.363955
tcr_20_4,C,A,F,Q,2,89,CZ,O,8.694234
tcr_20_4,C,A,F,R,2,93,CZ,N,8.44395
tcr_20_4,C,A,F,K,2,92,CZ,C,8.828101
tcr_20_4,C,A,F,R,2,93,CZ,CA,8.6483755
tcr_20_4,C,A,F,R,2,93,CZ,C,7.868407
tcr_20_4,C,A,F,K,2,92,CZ,N,7.7290044
tcr_20_4,C,A,F,R,2,93,CZ,CB,8.670592
tcr_20_4,C,A,F,Q,2,89,CZ,C,8.737958
tcr_20_4,C,A,F,K,2,90,CZ,C,5.70394
tcr_20_4,C,A,F,K,2,90,CZ,CB,6.064546
tcr_20_4,C,A,F,K,2,90,CZ,CA,6.57488
tcr_20_4,C,A,F,K,2,90,CZ,CD,7.166881
tcr_20_4,C,A,F,K,2,90,CZ,N,7.834481
tcr_20_4,C,A,F,K,2,90,CZ,CG,7.195514
tcr_20_4,C,A,F,R,2,121,CZ,CD,5.7751675
tcr_20_4,C,A,F,F,2,140,CZ,CE1,8.741854
tcr_20_4,C,A,F,D,2,98,CZ,CB,9.386495
tcr_20_4,C,A,F,D,2,98,CZ,CG,8.214083
tcr_20_4,C,A,F,D,2,98,CZ,OD1,8.207944
tcr_20_4,C,A,F,D,2,98,CZ,OD2,7.5716643
tcr_20_4,C,A,F,Q,2,94,CZ,CD,5.1676946
tcr_20_4,C,A,F,Q,2,94,CZ,NE2,6.354428
tcr_20_4,C,A,F,D,2,98,CZ,N,9.923957
tcr_20_4,C,A,F,Q,2,94,CZ,OE1,5.050438
tcr_20_4,C,A,F,Q,2,94,CZ,O,7.5086007
tcr_20_4,C,A,F,A,2,97,CZ,CB,9.4662285
tcr_20_4,C,A,F,R,2,93,CZ,O,8.618832
tcr_20_4,C,A,F,Y,2,31,CZ,CE2,7.080375
tcr_20_4,C,A,F,Y,2,31,CZ,CZ,6.969094
tcr_20_4,C,A,F,Y,2,31,CZ,OH,7.8592544
tcr_20_4,C,A,F,Y,2,31,CZ,CE1,6.274118
tcr_20_4,C,A,F,F,2,123,CZ,CE2,5.3741746
tcr_20_4,C,A,F,Y,2,183,CZ,OH,7.766021
tcr_20_4,C,A,F,Y,2,183,CZ,CZ,8.216622
tcr_20_4,C,A,F,Y,2,31,CZ,CG,5.7355604
tcr_20_4,C,A,F,Y,2,31,CZ,CB,5.5644894
tcr_20_4,C,A,F,Y,2,31,CZ,CD2,6.5011826
tcr_20_4,C,A,F,F,2,123,CZ,CZ,4.041395
tcr_20_4,C,A,F,F,2,123,CZ,CD2,6.3361626
tcr_20_4,C,A,F,Y,2,183,CZ,CE1,8.591183
tcr_20_4,C,A,F,F,2,123,CZ,CE1,3.8842466
tcr_20_4,C,A,F,F,2,123,CZ,CD1,5.1351757
tcr_20_4,C,A,F,F,2,123,CZ,CG,6.2454762
tcr_20_4,C,A,F,Y,2,183,CZ,CD1,9.334558
tcr_20_4,C,A,F,Y,2,183,CZ,CG,9.711703
tcr_20_4,C,A,F,N,2,138,CZ,OD1,8.644668
tcr_20_4,C,A,F,R,2,121,CZ,NH2,6.280086
tcr_20_4,C,A,F,R,2,121,CZ,NE,6.0179157
tcr_20_4,C,A,F,F,2,123,CZ,CB,7.5978327
tcr_20_4,C,A,F,R,2,121,CZ,CZ,5.481845
tcr_20_4,C,A,F,Y,2,183,CZ,CE2,8.634325
tcr_20_4,C,A,F,Y,2,183,CZ,CD2,9.376619
tcr_20_4,C,A,F,K,2,90,CZ,NZ,7.7092752
tcr_20_4,C,A,F,E,2,87,CZ,OE1,8.880508
tcr_20_4,C,A,F,N,2,138,CZ,CG,9.746932
tcr_20_4,C,A,F,F,2,140,CZ,CZ,9.132924
tcr_20_4,C,A,F,R,2,180,CZ,NE,9.958516
tcr_20_4,C,A,F,R,2,180,CZ,CZ,9.058273
tcr_20_4,C,A,F,R,2,180,CZ,NH1,8.010233
tcr_20_4,C,A,F,R,2,180,CZ,NH2,9.379426
tcr_20_4,C,A,Q,V,3,49,N,O,9.896061
tcr_20_4,C,A,Q,F,3,32,N,N,9.753258
tcr_20_4,C,A,Q,Y,3,31,N,C,8.987408
tcr_20_4,C,A,Q,R,3,121,N,CG,9.397375
tcr_20_4,C,A,Q,Y,3,31,N,N,8.45577
tcr_20_4,C,A,Q,R,3,30,N,O,9.80547
tcr_20_4,C,A,Q,R,3,30,N,C,9.315372
tcr_20_4,C,A,Q,R,3,30,N,CA,9.976825
tcr_20_4,C,A,Q,F,3,123,N,CA,8.561994
tcr_20_4,C,A,Q,Y,3,31,N,CA,8.139165
tcr_20_4,C,A,Q,F,3,123,N,N,9.083419
tcr_20_4,C,A,Q,Y,3,31,N,O,9.101153
tcr_20_4,C,A,Q,F,3,123,N,O,8.109595
tcr_20_4,C,A,Q,G,3,124,N,C,9.832249
tcr_20_4,C,A,Q,G,3,124,N,CA,8.821699
tcr_20_4,C,A,Q,G,3,124,N,N,8.64385
tcr_20_4,C,A,Q,F,3,123,N,C,8.324831
tcr_20_4,C,A,Q,Y,3,137,N,O,9.815451
tcr_20_4,C,A,Q,G,3,50,N,CA,9.9050455
tcr_20_4,C,A,Q,A,3,48,N,CB,9.316386
tcr_20_4,C,A,Q,Y,3,31,N,CD1,6.3853135
tcr_20_4,C,A,Q,Y,3,91,N,CE1,6.823322
tcr_20_4,C,A,Q,V,3,58,N,CG1,9.582362
tcr_20_4,C,A,Q,Y,3,91,N,OH,7.0998626
tcr_20_4,C,A,Q,Y,3,91,N,CD1,7.344241
tcr_20_4,C,A,Q,Y,3,91,N,CZ,7.220596
tcr_20_4,C,A,Q,Y,3,91,N,CD2,8.514972
tcr_20_4,C,A,Q,Y,3,91,N,CE2,8.077965
tcr_20_4,C,A,Q,Y,3,91,N,CG,8.17599
tcr_20_4,C,A,Q,Y,3,91,N,CB,9.010598
tcr_20_4,C,A,Q,E,3,87,N,O,7.9922075
tcr_20_4,C,A,Q,E,3,87,N,CD,6.6068473
tcr_20_4,C,A,Q,E,3,87,N,OE2,5.833232
tcr_20_4,C,A,Q,E,3,87,N,CG,8.0669985
tcr_20_4,C,A,Q,E,3,87,N,N,8.899757
tcr_20_4,C,A,Q,T,3,88,N,N,9.951243
tcr_20_4,C,A,Q,E,3,87,N,CA,8.077189
tcr_20_4,C,A,Q,E,3,87,N,CB,8.423954
tcr_20_4,C,A,Q,E,3,87,N,C,8.616823
tcr_20_4,C,A,Q,K,3,90,N,CE,5.1066995
tcr_20_4,C,A,Q,R,3,86,N,O,8.434095
tcr_20_4,C,A,Q,R,3,86,N,C,9.036018
tcr_20_4,C,A,Q,R,3,86,N,CG,9.178888
tcr_20_4,C,A,Q,Y,3,91,N,O,9.984653
tcr_20_4,C,A,Q,Y,3,91,N,C,9.66843
tcr_20_4,C,A,Q,F,3,46,N,CZ,9.422344
tcr_20_4,C,A,Q,Q,3,94,N,N,9.499256
tcr_20_4,C,A,Q,Y,3,91,N,CA,8.426265
tcr_20_4,C,A,Q,Q,3,94,N,CA,9.438925
tcr_20_4,C,A,Q,Q,3,94,N,CG,8.346895
tcr_20_4,C,A,Q,Y,3,91,N,N,7.773135
tcr_20_4,C,A,Q,Q,3,94,N,CB,8.203824
tcr_20_4,C,A,Q,S,3,33,N,OG,9.673396
tcr_20_4,C,A,Q,R,3,121,N,NH1,5.9897842
tcr_20_4,C,A,Q,S,3,33,N,CB,9.683382
tcr_20_4,C,A,Q,K,3,90,N,O,7.4588947
tcr_20_4,C,A,Q,Q,3,89,N,O,9.868437
tcr_20_4,C,A,Q,Q,3,89,N,C,9.511506
tcr_20_4,C,A,Q,K,3,90,N,C,7.331691
tcr_20_4,C,A,Q,K,3,90,N,CB,5.7979665
tcr_20_4,C,A,Q,K,3,90,N,CA,7.1124597
tcr_20_4,C,A,Q,K,3,90,N,CD,4.8289967
tcr_20_4,C,A,Q,K,3,90,N,N,8.260714
tcr_20_4,C,A,Q,K,3,90,N,CG,5.8584394
tcr_20_4,C,A,Q,R,3,121,N,CD,8.290278
tcr_20_4,C,A,Q,Q,3,94,N,CD,8.516482
tcr_20_4,C,A,Q,Q,3,94,N,NE2,9.7429905
tcr_20_4,C,A,Q,Q,3,94,N,OE1,7.7069235
tcr_20_4,C,A,Q,Y,3,31,N,CE2,5.6269765
tcr_20_4,C,A,Q,F,3,57,N,CZ,9.419203
tcr_20_4,C,A,Q,Y,3,31,N,CZ,5.9454803
tcr_20_4,C,A,Q,Y,3,31,N,OH,6.334721
tcr_20_4,C,A,Q,Y,3,31,N,CE1,6.322532
tcr_20_4,C,A,Q,F,3,57,N,CE2,9.948821
tcr_20_4,C,A,Q,Y,3,195,N,CE2,9.731905
tcr_20_4,C,A,Q,M,3,29,N,SD,8.40047
tcr_20_4,C,A,Q,M,3,29,N,CG,9.117914
tcr_20_4,C,A,Q,M,3,29,N,CE,7.477567
tcr_20_4,C,A,Q,F,3,123,N,CE2,3.9373481
tcr_20_4,C,A,Q,Y,3,183,N,OH,4.0241523
tcr_20_4,C,A,Q,Y,3,183,N,CZ,4.0948763
tcr_20_4,C,A,Q,Y,3,31,N,CG,6.078735
tcr_20_4,C,A,Q,C,3,188,N,SG,8.212674
tcr_20_4,C,A,Q,Y,3,31,N,CB,6.663466
tcr_20_4,C,A,Q,Y,3,31,N,CD2,5.696994
tcr_20_4,C,A,Q,F,3,123,N,CZ,3.8733134
tcr_20_4,C,A,Q,F,3,123,N,CD2,5.1669755
tcr_20_4,C,A,Q,Y,3,183,N,CE1,4.9320345
tcr_20_4,C,A,Q,F,3,123,N,CE1,5.0698123
tcr_20_4,C,A,Q,F,3,123,N,CD1,6.074259
tcr_20_4,C,A,Q,F,3,123,N,CG,6.121534
tcr_20_4,C,A,Q,Y,3,183,N,CD1,5.552121
tcr_20_4,C,A,Q,Y,3,183,N,CG,5.466373
tcr_20_4,C,A,Q,N,3,138,N,OD1,8.912012
tcr_20_4,C,A,Q,L,3,184,N,CG,9.307179
tcr_20_4,C,A,Q,R,3,180,N,O,9.31264
tcr_20_4,C,A,Q,R,3,121,N,NH2,6.3348494
tcr_20_4,C,A,Q,R,3,121,N,NE,7.581298
tcr_20_4,C,A,Q,L,3,184,N,CD2,8.745341
tcr_20_4,C,A,Q,F,3,123,N,CB,7.4863005
tcr_20_4,C,A,Q,R,3,121,N,CZ,6.5431504
tcr_20_4,C,A,Q,Y,3,83,N,OH,9.149779
tcr_20_4,C,A,Q,Y,3,195,N,OH,8.991573
tcr_20_4,C,A,Q,Y,3,195,N,CZ,9.942148
tcr_20_4,C,A,Q,Y,3,83,N,CZ,9.738605
tcr_20_4,C,A,Q,Y,3,83,N,CE2,9.623205
tcr_20_4,C,A,Q,Y,3,183,N,CE2,3.9652996
tcr_20_4,C,A,Q,Y,3,183,N,CB,6.624679
tcr_20_4,C,A,Q,Y,3,183,N,CA,7.8687625
tcr_20_4,C,A,Q,Y,3,183,N,CD2,4.719721
tcr_20_4,C,A,Q,T,3,187,N,CB,7.605148
tcr_20_4,C,A,Q,W,3,191,N,CB,9.071033
tcr_20_4,C,A,Q,W,3,191,N,CG,8.919162
tcr_20_4,C,A,Q,T,3,187,N,CG2,7.031217
tcr_20_4,C,A,Q,W,3,191,N,CD2,9.461593
tcr_20_4,C,A,Q,W,3,191,N,CD1,8.637473
tcr_20_4,C,A,Q,K,3,90,N,NZ,4.5812573
tcr_20_4,C,A,Q,E,3,87,N,OE1,6.397266
tcr_20_4,C,A,Q,W,3,191,N,NE1,8.977579
tcr_20_4,C,A,Q,W,3,191,N,CE2,9.479556
tcr_20_4,C,A,Q,R,3,86,N,NE,9.508792
tcr_20_4,C,A,Q,R,3,86,N,CD,9.586054
tcr_20_4,C,A,Q,N,3,138,N,CG,9.599712
tcr_20_4,C,A,Q,R,3,180,N,CD,8.571042
tcr_20_4,C,A,Q,R,3,180,N,CG,9.943419
tcr_20_4,C,A,Q,R,3,180,N,NE,8.876261
tcr_20_4,C,A,Q,R,3,180,N,CZ,8.152641
tcr_20_4,C,A,Q,R,3,180,N,NH1,6.8639736
tcr_20_4,C,A,Q,R,3,180,N,NH2,8.868942
tcr_20_4,C,A,Q,R,3,180,N,CA,9.611869
tcr_20_4,C,A,Q,Q,3,179,N,O,9.44276
tcr_20_4,C,A,Q,C,3,188,N,C,9.450064
tcr_20_4,C,A,Q,C,3,188,N,O,9.691542
tcr_20_4,C,A,Q,T,3,187,N,O,8.644757
tcr_20_4,C,A,Q,L,3,184,N,N,8.891701
tcr_20_4,C,A,Q,L,3,184,N,CA,9.504104
tcr_20_4,C,A,Q,C,3,188,N,CB,7.972869
tcr_20_4,C,A,Q,C,3,188,N,CA,8.061021
tcr_20_4,C,A,Q,Y,3,183,N,C,8.26876
tcr_20_4,C,A,Q,Y,3,183,N,O,8.291647
tcr_20_4,C,A,Q,T,3,187,N,CA,8.745707
tcr_20_4,C,A,Q,T,3,187,N,N,9.630124
tcr_20_4,C,A,Q,T,3,187,N,OG1,8.270282
tcr_20_4,C,A,Q,C,3,188,N,N,8.0637455
tcr_20_4,C,A,Q,Y,3,183,N,N,9.038052
tcr_20_4,C,A,Q,T,3,187,N,C,8.367624
tcr_20_4,C,A,Q,R,3,121,CA,CG,9.660828
tcr_20_4,C,A,Q,Y,3,31,CA,N,9.56894
tcr_20_4,C,A,Q,F,3,123,CA,CA,9.016704
tcr_20_4,C,A,Q,Y,3,31,CA,CA,9.319791
tcr_20_4,C,A,Q,F,3,123,CA,N,9.658782
tcr_20_4,C,A,Q,F,3,123,CA,O,8.873617
tcr_20_4,C,A,Q,G,3,124,CA,CA,9.364081
tcr_20_4,C,A,Q,G,3,124,CA,N,9.1089325
tcr_20_4,C,A,Q,F,3,123,CA,C,8.904218
tcr_20_4,C,A,Q,N,3,138,CA,CB,9.93723
tcr_20_4,C,A,Q,Y,3,137,CA,O,9.875529
tcr_20_4,C,A,Q,Y,3,31,CA,CD1,7.7964516
tcr_20_4,C,A,Q,Y,3,91,CA,CE1,8.040367
tcr_20_4,C,A,Q,Y,3,91,CA,OH,8.46597
tcr_20_4,C,A,Q,Y,3,91,CA,CD1,8.4035
tcr_20_4,C,A,Q,Y,3,91,CA,CZ,8.490068
tcr_20_4,C,A,Q,Y,3,91,CA,CD2,9.565672
tcr_20_4,C,A,Q,Y,3,91,CA,CE2,9.256066
tcr_20_4,C,A,Q,Y,3,91,CA,CG,9.161785
tcr_20_4,C,A,Q,Y,3,91,CA,CB,9.834803
tcr_20_4,C,A,Q,E,3,87,CA,O,8.727847
tcr_20_4,C,A,Q,E,3,87,CA,CD,7.563899
tcr_20_4,C,A,Q,E,3,87,CA,OE2,6.9417214
tcr_20_4,C,A,Q,E,3,87,CA,CG,9.029837
tcr_20_4,C,A,Q,E,3,87,CA,N,9.508485
tcr_20_4,C,A,Q,E,3,87,CA,CA,8.843011
tcr_20_4,C,A,Q,E,3,87,CA,CB,9.368808
tcr_20_4,C,A,Q,E,3,87,CA,C,9.3731365
tcr_20_4,C,A,Q,K,3,90,CA,CE,5.5211477
tcr_20_4,C,A,Q,R,3,86,CA,O,8.76856
tcr_20_4,C,A,Q,R,3,86,CA,C,9.456209
tcr_20_4,C,A,Q,R,3,86,CA,CG,9.243516
tcr_20_4,C,A,Q,Q,3,94,CA,N,9.513407
tcr_20_4,C,A,Q,Y,3,91,CA,CA,9.065182
tcr_20_4,C,A,Q,Q,3,94,CA,CA,9.479758
tcr_20_4,C,A,Q,Q,3,94,CA,CG,8.524056
tcr_20_4,C,A,Q,Y,3,91,CA,N,8.321004
tcr_20_4,C,A,Q,Q,3,94,CA,CB,8.382151
tcr_20_4,C,A,Q,R,3,121,CA,NH1,5.903914
tcr_20_4,C,A,Q,K,3,90,CA,O,7.6676183
tcr_20_4,C,A,Q,Q,3,89,CA,O,9.9730215
tcr_20_4,C,A,Q,R,3,93,CA,CB,9.942615
tcr_20_4,C,A,Q,Q,3,89,CA,C,9.696879
tcr_20_4,C,A,Q,K,3,90,CA,C,7.663794
tcr_20_4,C,A,Q,K,3,90,CA,CB,6.071313
tcr_20_4,C,A,Q,K,3,90,CA,CA,7.3031564
tcr_20_4,C,A,Q,K,3,90,CA,CD,4.885697
tcr_20_4,C,A,Q,K,3,90,CA,N,8.497397
tcr_20_4,C,A,Q,K,3,90,CA,CG,5.88159
tcr_20_4,C,A,Q,R,3,121,CA,CD,8.457358
tcr_20_4,C,A,Q,Q,3,94,CA,CD,8.4492235
tcr_20_4,C,A,Q,Q,3,94,CA,NE2,9.620667
tcr_20_4,C,A,Q,Q,3,94,CA,OE1,7.488163
tcr_20_4,C,A,Q,R,3,93,CA,NH1,9.795412
tcr_20_4,C,A,Q,R,3,93,CA,CZ,9.974088
tcr_20_4,C,A,Q,Y,3,31,CA,CE2,6.9437046
tcr_20_4,C,A,Q,Y,3,31,CA,CZ,7.352768
tcr_20_4,C,A,Q,Y,3,31,CA,OH,7.6968884
tcr_20_4,C,A,Q,Y,3,31,CA,CE1,7.773502
tcr_20_4,C,A,Q,M,3,29,CA,SD,9.409569
tcr_20_4,C,A,Q,M,3,29,CA,CE,8.296288
tcr_20_4,C,A,Q,F,3,123,CA,CE2,4.6433363
tcr_20_4,C,A,Q,Y,3,183,CA,OH,4.6117263
tcr_20_4,C,A,Q,Y,3,183,CA,CZ,4.228507
tcr_20_4,C,A,Q,Y,3,31,CA,CG,7.401244
tcr_20_4,C,A,Q,C,3,188,CA,SG,8.5886755
tcr_20_4,C,A,Q,Y,3,31,CA,CB,7.859945
tcr_20_4,C,A,Q,Y,3,31,CA,CD2,6.96924
tcr_20_4,C,A,Q,F,3,123,CA,CZ,4.7513165
tcr_20_4,C,A,Q,F,3,123,CA,CD2,5.639822
tcr_20_4,C,A,Q,Y,3,183,CA,CE1,4.877461
tcr_20_4,C,A,Q,F,3,123,CA,CE1,5.8181276
tcr_20_4,C,A,Q,F,3,123,CA,CD1,6.641019
tcr_20_4,C,A,Q,F,3,123,CA,CG,6.568289
tcr_20_4,C,A,Q,Y,3,183,CA,CD1,5.122617
tcr_20_4,C,A,Q,Y,3,183,CA,CG,4.781349
tcr_20_4,C,A,Q,N,3,138,CA,OD1,8.69812
tcr_20_4,C,A,Q,L,3,184,CA,CG,8.940896
tcr_20_4,C,A,Q,R,3,180,CA,O,8.465417
tcr_20_4,C,A,Q,R,3,121,CA,NH2,5.9891253
tcr_20_4,C,A,Q,R,3,121,CA,NE,7.5829926
tcr_20_4,C,A,Q,L,3,184,CA,CD2,8.614192
tcr_20_4,C,A,Q,F,3,123,CA,CB,7.7881556
tcr_20_4,C,A,Q,R,3,121,CA,CZ,6.4096174
tcr_20_4,C,A,Q,Y,3,183,CA,CE2,3.7989154
tcr_20_4,C,A,Q,Y,3,183,CA,CB,5.7017317
tcr_20_4,C,A,Q,Y,3,183,CA,CA,7.0185456
tcr_20_4,C,A,Q,Y,3,183,CA,CD2,4.114163
tcr_20_4,C,A,Q,T,3,187,CA,CB,7.147745
tcr_20_4,C,A,Q,W,3,191,CA,CB,9.6174345
tcr_20_4,C,A,Q,W,3,191,CA,CG,9.35911
tcr_20_4,C,A,Q,T,3,187,CA,CG2,6.72496
tcr_20_4,C,A,Q,W,3,191,CA,CD2,9.958163
tcr_20_4,C,A,Q,W,3,191,CA,CD1,8.873911
tcr_20_4,C,A,Q,K,3,90,CA,NZ,5.078338
tcr_20_4,C,A,Q,E,3,87,CA,OE1,7.169134
tcr_20_4,C,A,Q,W,3,191,CA,NE1,9.154341
tcr_20_4,C,A,Q,W,3,191,CA,CE2,9.815812
tcr_20_4,C,A,Q,R,3,86,CA,NE,9.602811
tcr_20_4,C,A,Q,R,3,86,CA,CD,9.541975
tcr_20_4,C,A,Q,N,3,138,CA,CG,9.264629
tcr_20_4,C,A,Q,N,3,138,CA,ND2,9.525259
tcr_20_4,C,A,Q,R,3,180,CA,CD,7.5931015
tcr_20_4,C,A,Q,R,3,180,CA,CG,8.987869
tcr_20_4,C,A,Q,R,3,180,CA,CB,9.135158
tcr_20_4,C,A,Q,R,3,180,CA,C,9.113508
tcr_20_4,C,A,Q,R,3,180,CA,NE,7.8510666
tcr_20_4,C,A,Q,R,3,180,CA,CZ,7.1072135
tcr_20_4,C,A,Q,R,3,180,CA,NH1,5.824285
tcr_20_4,C,A,Q,E,3,176,CA,OE1,9.905044
tcr_20_4,C,A,Q,R,3,180,CA,NH2,7.8148675
tcr_20_4,C,A,Q,Q,3,179,CA,CB,9.89161
tcr_20_4,C,A,Q,R,3,180,CA,CA,8.590254
tcr_20_4,C,A,Q,Q,3,179,CA,O,8.202563
tcr_20_4,C,A,Q,Q,3,179,CA,C,9.015718
tcr_20_4,C,A,Q,R,3,180,CA,N,9.220498
tcr_20_4,C,A,Q,C,3,188,CA,C,9.683059
tcr_20_4,C,A,Q,T,3,187,CA,O,8.721485
tcr_20_4,C,A,Q,L,3,184,CA,CD1,9.948774
tcr_20_4,C,A,Q,L,3,184,CA,CB,9.751185
tcr_20_4,C,A,Q,L,3,184,CA,N,8.303663
tcr_20_4,C,A,Q,L,3,184,CA,CA,9.108722
tcr_20_4,C,A,Q,C,3,188,CA,CB,8.088804
tcr_20_4,C,A,Q,C,3,188,CA,CA,8.215145
tcr_20_4,C,A,Q,Y,3,183,CA,C,7.6481185
tcr_20_4,C,A,Q,Y,3,183,CA,O,7.821257
tcr_20_4,C,A,Q,A,3,182,CA,O,9.569165
tcr_20_4,C,A,Q,T,3,187,CA,CA,8.421287
tcr_20_4,C,A,Q,T,3,187,CA,N,9.173333
tcr_20_4,C,A,Q,A,3,182,CA,C,9.241589
tcr_20_4,C,A,Q,T,3,187,CA,OG1,7.598922
tcr_20_4,C,A,Q,C,3,188,CA,N,7.9859586
tcr_20_4,C,A,Q,Y,3,183,CA,N,8.062112
tcr_20_4,C,A,Q,T,3,187,CA,C,8.275
tcr_20_4,C,A,Q,Y,3,31,C,CD1,8.5934
tcr_20_4,C,A,Q,Y,3,91,C,CE1,7.9593406
tcr_20_4,C,A,Q,Y,3,91,C,OH,8.653483
tcr_20_4,C,A,Q,Y,3,91,C,CD1,8.084449
tcr_20_4,C,A,Q,Y,3,91,C,CZ,8.452058
tcr_20_4,C,A,Q,Y,3,91,C,CD2,9.143814
tcr_20_4,C,A,Q,Y,3,91,C,CE2,9.0406
tcr_20_4,C,A,Q,Y,3,91,C,CG,8.680221
tcr_20_4,C,A,Q,Y,3,91,C,CB,9.156886
tcr_20_4,C,A,Q,E,3,87,C,O,7.986156
tcr_20_4,C,A,Q,E,3,87,C,CD,7.5409617
tcr_20_4,C,A,Q,E,3,87,C,OE2,7.031708
tcr_20_4,C,A,Q,E,3,87,C,CG,8.910824
tcr_20_4,C,A,Q,E,3,87,C,N,8.881465
tcr_20_4,C,A,Q,T,3,88,C,N,9.971618
tcr_20_4,C,A,Q,E,3,87,C,CA,8.299599
tcr_20_4,C,A,Q,E,3,87,C,CB,9.053979
tcr_20_4,C,A,Q,E,3,87,C,C,8.694508
tcr_20_4,C,A,Q,K,3,90,C,CE,4.93577
tcr_20_4,C,A,Q,R,3,86,C,O,7.832688
tcr_20_4,C,A,Q,Q,3,89,C,N,9.927459
tcr_20_4,C,A,Q,R,3,86,C,C,8.651899
tcr_20_4,C,A,Q,Q,3,89,C,CA,9.717694
tcr_20_4,C,A,Q,R,3,86,C,CG,8.464476
tcr_20_4,C,A,Q,Q,3,89,C,CB,9.997286
tcr_20_4,C,A,Q,R,3,86,C,CA,9.710573
tcr_20_4,C,A,Q,R,3,86,C,CB,9.633359
tcr_20_4,C,A,Q,Y,3,91,C,O,9.518059
tcr_20_4,C,A,Q,Y,3,91,C,C,9.223391
tcr_20_4,C,A,Q,Q,3,94,C,C,9.938662
tcr_20_4,C,A,Q,F,3,46,C,CZ,9.7760515
tcr_20_4,C,A,Q,Q,3,94,C,N,8.367376
tcr_20_4,C,A,Q,Y,3,91,C,CA,8.229632
tcr_20_4,C,A,Q,Q,3,94,C,CA,8.485416
tcr_20_4,C,A,Q,Q,3,94,C,CG,7.88982
tcr_20_4,C,A,Q,Y,3,91,C,N,7.3762245
tcr_20_4,C,A,Q,Q,3,94,C,CB,7.542754
tcr_20_4,C,A,Q,R,3,121,C,NH1,6.0752296
tcr_20_4,C,A,Q,K,3,90,C,O,6.5171843
tcr_20_4,C,A,Q,Q,3,89,C,O,8.659236
tcr_20_4,C,A,Q,R,3,93,C,N,9.631808
tcr_20_4,C,A,Q,R,3,93,C,CA,9.442512
tcr_20_4,C,A,Q,R,3,93,C,C,9.195351
tcr_20_4,C,A,Q,K,3,92,C,N,9.908107
tcr_20_4,C,A,Q,R,3,93,C,CG,9.385071
tcr_20_4,C,A,Q,R,3,93,C,CB,8.520567
tcr_20_4,C,A,Q,Q,3,89,C,C,8.445858
tcr_20_4,C,A,Q,R,3,93,C,CD,8.804384
tcr_20_4,C,A,Q,K,3,90,C,C,6.5563755
tcr_20_4,C,A,Q,K,3,90,C,CB,4.976704
tcr_20_4,C,A,Q,K,3,90,C,CA,6.087374
tcr_20_4,C,A,Q,K,3,90,C,CD,3.9562976
tcr_20_4,C,A,Q,K,3,90,C,N,7.3077016
tcr_20_4,C,A,Q,K,3,90,C,CG,4.709062
tcr_20_4,C,A,Q,R,3,121,C,CD,8.814528
tcr_20_4,C,A,Q,Q,3,94,C,CD,7.7884545
tcr_20_4,C,A,Q,Q,3,94,C,NE2,8.972707
tcr_20_4,C,A,Q,Q,3,94,C,OE1,6.799622
tcr_20_4,C,A,Q,R,3,93,C,NH2,8.690243
tcr_20_4,C,A,Q,R,3,93,C,NH1,8.285253
tcr_20_4,C,A,Q,R,3,93,C,NE,8.6861725
tcr_20_4,C,A,Q,R,3,93,C,O,9.983459
tcr_20_4,C,A,Q,R,3,93,C,CZ,8.455875
tcr_20_4,C,A,Q,Y,3,31,C,CE2,8.063904
tcr_20_4,C,A,Q,Y,3,31,C,CZ,8.2735815
tcr_20_4,C,A,Q,Y,3,31,C,OH,8.549031
tcr_20_4,C,A,Q,Y,3,31,C,CE1,8.541143
tcr_20_4,C,A,Q,M,3,29,C,CE,9.682685
tcr_20_4,C,A,Q,F,3,123,C,CE2,5.899324
tcr_20_4,C,A,Q,Y,3,183,C,OH,6.1038494
tcr_20_4,C,A,Q,Y,3,183,C,CZ,5.7428436
tcr_20_4,C,A,Q,Y,3,31,C,CG,8.379204
tcr_20_4,C,A,Q,Y,3,31,C,CB,8.817911
tcr_20_4,C,A,Q,Y,3,31,C,CD2,8.117473
tcr_20_4,C,A,Q,F,3,123,C,CZ,5.740565
tcr_20_4,C,A,Q,F,3,123,C,CD2,6.9119706
tcr_20_4,C,A,Q,Y,3,183,C,CE1,6.3729434
tcr_20_4,C,A,Q,F,3,123,C,CE1,6.6411357
tcr_20_4,C,A,Q,F,3,123,C,CD1,7.5556235
tcr_20_4,C,A,Q,F,3,123,C,CG,7.6809936
tcr_20_4,C,A,Q,Y,3,183,C,CD1,6.494115
tcr_20_4,C,A,Q,Y,3,183,C,CG,6.0146236
tcr_20_4,C,A,Q,N,3,138,C,OD1,9.443249
tcr_20_4,C,A,Q,R,3,180,C,O,9.449824
tcr_20_4,C,A,Q,R,3,121,C,NH2,6.500901
tcr_20_4,C,A,Q,R,3,121,C,NE,8.047584
tcr_20_4,C,A,Q,F,3,123,C,CB,8.91235
tcr_20_4,C,A,Q,R,3,121,C,CZ,6.8064213
tcr_20_4,C,A,Q,Y,3,183,C,CE2,5.1869283
tcr_20_4,C,A,Q,Y,3,183,C,CB,6.707677
tcr_20_4,C,A,Q,Y,3,183,C,CA,8.030124
tcr_20_4,C,A,Q,Y,3,183,C,CD2,5.340691
tcr_20_4,C,A,Q,T,3,187,C,CB,8.06157
tcr_20_4,C,A,Q,T,3,187,C,CG2,7.532586
tcr_20_4,C,A,Q,W,3,191,C,CD1,9.701428
tcr_20_4,C,A,Q,K,3,90,C,NZ,4.8824353
tcr_20_4,C,A,Q,E,3,87,C,OE1,7.1170115
tcr_20_4,C,A,Q,W,3,191,C,NE1,9.783567
tcr_20_4,C,A,Q,R,3,86,C,CZ,9.911675
tcr_20_4,C,A,Q,R,3,86,C,NE,9.1629095
tcr_20_4,C,A,Q,R,3,86,C,CD,8.882416
tcr_20_4,C,A,Q,R,3,180,C,CD,8.007694
tcr_20_4,C,A,Q,R,3,180,C,CG,9.478442
tcr_20_4,C,A,Q,R,3,180,C,CB,9.821128
tcr_20_4,C,A,Q,R,3,180,C,C,9.964966
tcr_20_4,C,A,Q,Q,3,179,C,OE1,9.854061
tcr_20_4,C,A,Q,R,3,180,C,NE,7.9951053
tcr_20_4,C,A,Q,R,3,180,C,CZ,7.054164
tcr_20_4,C,A,Q,R,3,180,C,NH1,5.799965
tcr_20_4,C,A,Q,E,3,176,C,OE1,9.729753
tcr_20_4,C,A,Q,R,3,180,C,NH2,7.526736
tcr_20_4,C,A,Q,Q,3,179,C,CB,9.927411
tcr_20_4,C,A,Q,R,3,180,C,CA,9.277252
tcr_20_4,C,A,Q,Q,3,179,C,O,8.682504
tcr_20_4,C,A,Q,Q,3,179,C,C,9.429302
tcr_20_4,C,A,Q,R,3,180,C,N,9.718178
tcr_20_4,C,A,Q,T,3,187,C,O,9.875505
tcr_20_4,C,A,Q,L,3,184,C,N,9.533028
tcr_20_4,C,A,Q,C,3,188,C,CB,9.559484
tcr_20_4,C,A,Q,C,3,188,C,CA,9.6128
tcr_20_4,C,A,Q,Y,3,183,C,C,8.84183
tcr_20_4,C,A,Q,Y,3,183,C,O,9.068718
tcr_20_4,C,A,Q,T,3,187,C,CA,9.441653
tcr_20_4,C,A,Q,T,3,187,C,OG1,8.322804
tcr_20_4,C,A,Q,C,3,188,C,N,9.282409
tcr_20_4,C,A,Q,Y,3,183,C,N,8.93634
tcr_20_4,C,A,Q,T,3,187,C,C,9.450158
tcr_20_4,C,A,Q,R,3,121,O,CG,9.52552
tcr_20_4,C,A,Q,T,3,88,O,O,9.564272
tcr_20_4,C,A,Q,A,3,48,O,CB,9.745833
tcr_20_4,C,A,Q,Y,3,31,O,CD1,8.457929
tcr_20_4,C,A,Q,Y,3,91,O,CE1,7.3764405
tcr_20_4,C,A,Q,Y,3,91,O,OH,8.38948
tcr_20_4,C,A,Q,Y,3,91,O,CD1,7.3392887
tcr_20_4,C,A,Q,Y,3,91,O,CZ,8.025181
tcr_20_4,C,A,Q,Y,3,91,O,CD2,8.564383
tcr_20_4,C,A,Q,Y,3,91,O,CE2,8.603967
tcr_20_4,C,A,Q,Y,3,91,O,CG,7.9491305
tcr_20_4,C,A,Q,Y,3,91,O,CB,8.304656
tcr_20_4,C,A,Q,E,3,87,O,O,7.544615
tcr_20_4,C,A,Q,E,3,87,O,CD,7.794086
tcr_20_4,C,A,Q,E,3,87,O,OE2,7.2050447
tcr_20_4,C,A,Q,E,3,87,O,CG,9.072839
tcr_20_4,C,A,Q,E,3,87,O,N,8.893287
tcr_20_4,C,A,Q,T,3,88,O,N,9.638446
tcr_20_4,C,A,Q,E,3,87,O,CA,8.20762
tcr_20_4,C,A,Q,E,3,87,O,CB,9.019516
tcr_20_4,C,A,Q,T,3,88,O,C,9.632564
tcr_20_4,C,A,Q,E,3,87,O,C,8.388544
tcr_20_4,C,A,Q,K,3,90,O,CE,5.173509
tcr_20_4,C,A,Q,R,3,86,O,O,7.726593
tcr_20_4,C,A,Q,Q,3,89,O,N,9.44569
tcr_20_4,C,A,Q,R,3,86,O,C,8.647462
tcr_20_4,C,A,Q,Q,3,89,O,CA,9.178604
tcr_20_4,C,A,Q,R,3,86,O,CG,8.813576
tcr_20_4,C,A,Q,Q,3,89,O,CB,9.598514
tcr_20_4,C,A,Q,R,3,86,O,CA,9.789944
tcr_20_4,C,A,Q,R,3,86,O,CB,9.901983
tcr_20_4,C,A,Q,Y,3,91,O,O,8.416296
tcr_20_4,C,A,Q,A,3,95,O,N,9.382931
tcr_20_4,C,A,Q,F,3,46,O,CE1,9.308198
tcr_20_4,C,A,Q,Y,3,91,O,C,8.20259
tcr_20_4,C,A,Q,Q,3,94,O,C,8.718784
tcr_20_4,C,A,Q,F,3,46,O,CE2,9.473753
tcr_20_4,C,A,Q,F,3,46,O,CZ,8.696895
tcr_20_4,C,A,Q,Q,3,94,O,N,7.198042
tcr_20_4,C,A,Q,Y,3,91,O,CA,7.28444
tcr_20_4,C,A,Q,Q,3,94,O,CA,7.2710233
tcr_20_4,C,A,Q,Q,3,94,O,CG,6.695228
tcr_20_4,C,A,Q,Y,3,91,O,N,6.5315886
tcr_20_4,C,A,Q,Q,3,94,O,CB,6.323646
tcr_20_4,C,A,Q,S,3,33,O,OG,9.604563
tcr_20_4,C,A,Q,R,3,121,O,NH1,5.3865967
tcr_20_4,C,A,Q,S,3,33,O,CB,9.775322
tcr_20_4,C,A,Q,K,3,90,O,O,5.489973
tcr_20_4,C,A,Q,K,3,92,O,CA,9.990092
tcr_20_4,C,A,Q,Q,3,89,O,O,7.905875
tcr_20_4,C,A,Q,R,3,93,O,N,8.612445
tcr_20_4,C,A,Q,K,3,92,O,C,9.600397
tcr_20_4,C,A,Q,R,3,93,O,CA,8.4036455
tcr_20_4,C,A,Q,R,3,93,O,C,8.067862
tcr_20_4,C,A,Q,K,3,92,O,N,8.942811
tcr_20_4,C,A,Q,R,3,93,O,CG,8.5637665
tcr_20_4,C,A,Q,R,3,93,O,CB,7.578322
tcr_20_4,C,A,Q,Q,3,89,O,C,7.816927
tcr_20_4,C,A,Q,R,3,93,O,CD,8.135014
tcr_20_4,C,A,Q,K,3,90,O,C,5.671153
tcr_20_4,C,A,Q,K,3,90,O,CB,4.4806533
tcr_20_4,C,A,Q,K,3,90,O,CA,5.405711
tcr_20_4,C,A,Q,K,3,90,O,CD,4.139245
tcr_20_4,C,A,Q,K,3,90,O,N,6.7443233
tcr_20_4,C,A,Q,K,3,90,O,CG,4.5298433
tcr_20_4,C,A,Q,R,3,121,O,CD,8.136233
tcr_20_4,C,A,Q,Q,3,94,O,CD,6.6270704
tcr_20_4,C,A,Q,Q,3,94,O,NE2,7.833205
tcr_20_4,C,A,Q,Q,3,94,O,OE1,5.6762633
tcr_20_4,C,A,Q,Q,3,94,O,O,9.390243
tcr_20_4,C,A,Q,R,3,93,O,NH2,8.216209
tcr_20_4,C,A,Q,R,3,93,O,NH1,7.9407687
tcr_20_4,C,A,Q,R,3,93,O,NE,8.034736
tcr_20_4,C,A,Q,A,3,97,O,CB,9.763203
tcr_20_4,C,A,Q,R,3,93,O,O,8.84773
tcr_20_4,C,A,Q,R,3,93,O,CZ,7.957495
tcr_20_4,C,A,Q,Y,3,31,O,CE2,8.333561
tcr_20_4,C,A,Q,Y,3,31,O,CZ,8.458018
tcr_20_4,C,A,Q,Y,3,31,O,OH,8.840818
tcr_20_4,C,A,Q,Y,3,31,O,CE1,8.524873
tcr_20_4,C,A,Q,F,3,123,O,CE2,6.0259447
tcr_20_4,C,A,Q,Y,3,183,O,OH,6.81071
tcr_20_4,C,A,Q,Y,3,183,O,CZ,6.566504
tcr_20_4,C,A,Q,Y,3,31,O,CG,8.318648
tcr_20_4,C,A,Q,Y,3,31,O,CB,8.632454
tcr_20_4,C,A,Q,Y,3,31,O,CD2,8.261989
tcr_20_4,C,A,Q,F,3,123,O,CZ,5.600537
tcr_20_4,C,A,Q,F,3,123,O,CD2,7.040034
tcr_20_4,C,A,Q,Y,3,183,O,CE1,7.105966
tcr_20_4,C,A,Q,F,3,123,O,CE1,6.3012366
tcr_20_4,C,A,Q,F,3,123,O,CD1,7.2781115
tcr_20_4,C,A,Q,F,3,123,O,CG,7.614478
tcr_20_4,C,A,Q,Y,3,183,O,CD1,7.287001
tcr_20_4,C,A,Q,Y,3,183,O,CG,6.9579887
tcr_20_4,C,A,Q,N,3,138,O,OD1,9.233773
tcr_20_4,C,A,Q,R,3,121,O,NH2,6.1875653
tcr_20_4,C,A,Q,R,3,121,O,NE,7.5149374
tcr_20_4,C,A,Q,F,3,123,O,CB,8.872526
tcr_20_4,C,A,Q,R,3,121,O,CZ,6.292652
tcr_20_4,C,A,Q,Y,3,183,O,CE2,6.192375
tcr_20_4,C,A,Q,Y,3,183,O,CB,7.6464834
tcr_20_4,C,A,Q,Y,3,183,O,CA,9.036632
tcr_20_4,C,A,Q,Y,3,183,O,CD2,6.403934
tcr_20_4,C,A,Q,T,3,187,O,CB,9.265919
tcr_20_4,C,A,Q,T,3,187,O,CG2,8.731754
tcr_20_4,C,A,Q,K,3,90,O,NZ,5.3988853
tcr_20_4,C,A,Q,E,3,87,O,OE1,7.5271
tcr_20_4,C,A,Q,R,3,86,O,NE,9.781237
tcr_20_4,C,A,Q,R,3,86,O,CD,9.410592
tcr_20_4,C,A,Q,N,3,138,O,CG,9.93292
tcr_20_4,C,A,Q,R,3,180,O,CD,8.116339
tcr_20_4,C,A,Q,R,3,180,O,CG,9.634084
tcr_20_4,C,A,Q,R,3,180,O,NE,7.9341226
tcr_20_4,C,A,Q,R,3,180,O,CZ,6.8824515
tcr_20_4,C,A,Q,R,3,180,O,NH1,5.654953
tcr_20_4,C,A,Q,E,3,176,O,OE1,9.536173
tcr_20_4,C,A,Q,R,3,180,O,NH2,7.216091
tcr_20_4,C,A,Q,R,3,180,O,CA,9.753793
tcr_20_4,C,A,Q,Q,3,179,O,O,9.367734
tcr_20_4,C,A,Q,Y,3,183,O,C,9.825406
tcr_20_4,C,A,Q,T,3,187,O,OG1,9.539126
tcr_20_4,C,A,Q,Y,3,183,O,N,9.894325
tcr_20_4,C,A,Q,Y,3,31,CB,C,9.694012
tcr_20_4,C,A,Q,R,3,121,CB,CB,9.734694
tcr_20_4,C,A,Q,R,3,121,CB,CG,8.591207
tcr_20_4,C,A,Q,Y,3,31,CB,N,9.263939
tcr_20_4,C,A,Q,F,3,123,CB,CA,7.9767494
tcr_20_4,C,A,Q,Y,3,31,CB,CA,9.092169
tcr_20_4,C,A,Q,F,3,123,CB,N,8.692446
tcr_20_4,C,A,Q,M,3,122,CB,C,9.595781
tcr_20_4,C,A,Q,Y,3,31,CB,O,9.492369
tcr_20_4,C,A,Q,F,3,123,CB,O,8.175877
tcr_20_4,C,A,Q,G,3,124,CB,C,9.463647
tcr_20_4,C,A,Q,G,3,124,CB,CA,8.633392
tcr_20_4,C,A,Q,G,3,124,CB,N,8.206379
tcr_20_4,C,A,Q,F,3,123,CB,C,8.02877
tcr_20_4,C,A,Q,G,3,124,CB,O,9.629893
tcr_20_4,C,A,Q,Y,3,137,CB,C,9.735233
tcr_20_4,C,A,Q,N,3,138,CB,CB,8.461756
tcr_20_4,C,A,Q,N,3,138,CB,CA,9.299676
tcr_20_4,C,A,Q,M,3,122,CB,O,9.82292
tcr_20_4,C,A,Q,Y,3,137,CB,O,8.623121
tcr_20_4,C,A,Q,Y,3,31,CB,CD1,8.121543
tcr_20_4,C,A,Q,Y,3,91,CB,CE1,8.792728
tcr_20_4,C,A,Q,Y,3,91,CB,OH,9.371292
tcr_20_4,C,A,Q,Y,3,91,CB,CD1,9.135937
tcr_20_4,C,A,Q,Y,3,91,CB,CZ,9.401759
tcr_20_4,C,A,Q,E,3,87,CB,O,9.9687
tcr_20_4,C,A,Q,E,3,87,CB,CD,8.971094
tcr_20_4,C,A,Q,E,3,87,CB,OE2,8.260117
tcr_20_4,C,A,Q,K,3,90,CB,CE,7.020658
tcr_20_4,C,A,Q,Q,3,94,CB,N,9.811128
tcr_20_4,C,A,Q,Y,3,91,CB,CA,9.829274
tcr_20_4,C,A,Q,Q,3,94,CB,CA,9.571754
tcr_20_4,C,A,Q,Q,3,94,CB,CG,8.341751
tcr_20_4,C,A,Q,Y,3,91,CB,N,9.24199
tcr_20_4,C,A,Q,Q,3,94,CB,CB,8.459964
tcr_20_4,C,A,Q,S,3,33,CB,OG,9.826094
tcr_20_4,C,A,Q,R,3,121,CB,NH1,4.9075027
tcr_20_4,C,A,Q,K,3,90,CB,O,8.366605
tcr_20_4,C,A,Q,K,3,90,CB,C,8.552372
tcr_20_4,C,A,Q,K,3,90,CB,CB,7.2631187
tcr_20_4,C,A,Q,K,3,90,CB,CA,8.3611145
tcr_20_4,C,A,Q,K,3,90,CB,CD,6.323444
tcr_20_4,C,A,Q,K,3,90,CB,N,9.65275
tcr_20_4,C,A,Q,K,3,90,CB,CG,7.186579
tcr_20_4,C,A,Q,R,3,121,CB,CD,7.4136
tcr_20_4,C,A,Q,F,3,140,CB,CE1,9.722633
tcr_20_4,C,A,Q,Q,3,94,CB,CD,8.072309
tcr_20_4,C,A,Q,Q,3,94,CB,NE2,9.1403675
tcr_20_4,C,A,Q,Q,3,94,CB,OE1,7.065076
tcr_20_4,C,A,Q,Y,3,31,CB,CE2,7.326377
tcr_20_4,C,A,Q,Y,3,31,CB,CZ,7.948586
tcr_20_4,C,A,Q,Y,3,31,CB,OH,8.489078
tcr_20_4,C,A,Q,Y,3,31,CB,CE1,8.330715
tcr_20_4,C,A,Q,M,3,29,CB,SD,9.7900715
tcr_20_4,C,A,Q,M,3,29,CB,CE,8.542948
tcr_20_4,C,A,Q,F,3,123,CB,CE2,4.057798
tcr_20_4,C,A,Q,Y,3,183,CB,OH,4.6417847
tcr_20_4,C,A,Q,Y,3,183,CB,CZ,4.0417595
tcr_20_4,C,A,Q,Y,3,31,CB,CG,7.5026827
tcr_20_4,C,A,Q,C,3,188,CB,SG,8.2782
tcr_20_4,C,A,Q,Y,3,31,CB,CB,7.695623
tcr_20_4,C,A,Q,Y,3,31,CB,CD2,7.088031
tcr_20_4,C,A,Q,F,3,123,CB,CZ,4.324822
tcr_20_4,C,A,Q,F,3,123,CB,CD2,4.754045
tcr_20_4,C,A,Q,Y,3,183,CB,CE1,4.2370696
tcr_20_4,C,A,Q,F,3,123,CB,CE1,5.2057896
tcr_20_4,C,A,Q,F,3,123,CB,CD1,5.766355
tcr_20_4,C,A,Q,F,3,123,CB,CG,5.570673
tcr_20_4,C,A,Q,Y,3,183,CB,CD1,4.3057575
tcr_20_4,C,A,Q,Y,3,183,CB,CG,4.190519
tcr_20_4,C,A,Q,N,3,138,CB,OD1,7.2519865
tcr_20_4,C,A,Q,L,3,184,CB,CG,7.8205156
tcr_20_4,C,A,Q,R,3,180,CB,O,7.3145742
tcr_20_4,C,A,Q,R,3,121,CB,NH2,4.605691
tcr_20_4,C,A,Q,R,3,121,CB,NE,6.38305
tcr_20_4,C,A,Q,L,3,184,CB,CD2,7.563776
tcr_20_4,C,A,Q,F,3,123,CB,CB,6.641699
tcr_20_4,C,A,Q,R,3,121,CB,CZ,5.198053
tcr_20_4,C,A,Q,Y,3,183,CB,CE2,3.9144025
tcr_20_4,C,A,Q,Y,3,183,CB,CB,5.0184693
tcr_20_4,C,A,Q,Y,3,183,CB,CA,6.4733143
tcr_20_4,C,A,Q,Y,3,183,CB,CD2,3.9902446
tcr_20_4,C,A,Q,T,3,187,CB,CB,7.521175
tcr_20_4,C,A,Q,T,3,187,CB,CG2,7.3941436
tcr_20_4,C,A,Q,W,3,191,CB,CD1,9.773797
tcr_20_4,C,A,Q,K,3,90,CB,NZ,6.597233
tcr_20_4,C,A,Q,E,3,87,CB,OE1,8.637498
tcr_20_4,C,A,Q,N,3,138,CB,CG,7.767952
tcr_20_4,C,A,Q,F,3,140,CB,CZ,9.221908
tcr_20_4,C,A,Q,N,3,138,CB,ND2,8.002898
tcr_20_4,C,A,Q,R,3,180,CB,CD,6.1588035
tcr_20_4,C,A,Q,R,3,180,CB,CG,7.544021
tcr_20_4,C,A,Q,R,3,180,CB,CB,7.7160516
tcr_20_4,C,A,Q,R,3,180,CB,C,7.897811
tcr_20_4,C,A,Q,Q,3,179,CB,OE1,9.435198
tcr_20_4,C,A,Q,R,3,180,CB,NE,6.49845
tcr_20_4,C,A,Q,R,3,180,CB,CZ,5.863572
tcr_20_4,C,A,Q,E,3,176,CB,CD,9.853578
tcr_20_4,C,A,Q,R,3,180,CB,NH1,4.5956926
tcr_20_4,C,A,Q,E,3,176,CB,OE1,8.710823
tcr_20_4,C,A,Q,R,3,180,CB,NH2,6.7071815
tcr_20_4,C,A,Q,Q,3,179,CB,CB,8.947774
tcr_20_4,C,A,Q,R,3,180,CB,CA,7.2961607
tcr_20_4,C,A,Q,Q,3,179,CB,O,7.2636056
tcr_20_4,C,A,Q,Q,3,179,CB,CA,9.135097
tcr_20_4,C,A,Q,Q,3,179,CB,C,7.9682097
tcr_20_4,C,A,Q,R,3,180,CB,N,8.013584
tcr_20_4,C,A,Q,C,3,188,CB,C,9.741132
tcr_20_4,C,A,Q,T,3,187,CB,O,9.144959
tcr_20_4,C,A,Q,L,3,184,CB,CD1,8.696966
tcr_20_4,C,A,Q,L,3,184,CB,CB,8.768859
tcr_20_4,C,A,Q,L,3,184,CB,N,7.5217266
tcr_20_4,C,A,Q,L,3,184,CB,CA,8.320513
tcr_20_4,C,A,Q,C,3,188,CB,CB,7.8322635
tcr_20_4,C,A,Q,L,3,184,CB,C,9.643438
tcr_20_4,C,A,Q,R,3,181,CB,C,9.837259
tcr_20_4,C,A,Q,R,3,181,CB,O,9.967683
tcr_20_4,C,A,Q,C,3,188,CB,CA,8.234095
tcr_20_4,C,A,Q,Y,3,183,CB,C,7.072207
tcr_20_4,C,A,Q,Y,3,183,CB,O,7.4411745
tcr_20_4,C,A,Q,A,3,182,CB,O,9.154319
tcr_20_4,C,A,Q,T,3,187,CB,CA,8.71783
tcr_20_4,C,A,Q,T,3,187,CB,N,9.265196
tcr_20_4,C,A,Q,A,3,182,CB,C,8.673018
tcr_20_4,C,A,Q,T,3,187,CB,OG1,7.946079
tcr_20_4,C,A,Q,A,3,182,CB,CA,9.734446
tcr_20_4,C,A,Q,C,3,188,CB,N,8.048785
tcr_20_4,C,A,Q,Y,3,183,CB,N,7.408415
tcr_20_4,C,A,Q,T,3,187,CB,C,8.54925
tcr_20_4,C,A,Q,A,3,182,CB,N,9.682856
tcr_20_4,C,A,Q,R,3,181,CB,N,9.204252
tcr_20_4,C,A,Q,A,3,182,CB,CB,9.927406
tcr_20_4,C,A,Q,R,3,121,CG,CG,9.298424
tcr_20_4,C,A,Q,F,3,123,CG,CA,8.812301
tcr_20_4,C,A,Q,F,3,123,CG,N,9.6355
tcr_20_4,C,A,Q,F,3,123,CG,O,9.261907
tcr_20_4,C,A,Q,G,3,124,CG,CA,9.454298
tcr_20_4,C,A,Q,G,3,124,CG,N,8.993964
tcr_20_4,C,A,Q,F,3,123,CG,C,8.955477
tcr_20_4,C,A,Q,N,3,138,CG,CB,8.460572
tcr_20_4,C,A,Q,N,3,138,CG,CA,9.505822
tcr_20_4,C,A,Q,Y,3,137,CG,O,8.98041
tcr_20_4,C,A,Q,Y,3,31,CG,CD1,9.648789
tcr_20_4,C,A,Q,E,3,87,CG,OE2,9.449658
tcr_20_4,C,A,Q,K,3,90,CG,CE,7.778763
tcr_20_4,C,A,Q,Q,3,94,CG,CG,9.026911
tcr_20_4,C,A,Q,Q,3,94,CG,CB,9.138513
tcr_20_4,C,A,Q,R,3,121,CG,NH1,5.507126
tcr_20_4,C,A,Q,K,3,90,CG,O,9.045399
tcr_20_4,C,A,Q,K,3,90,CG,C,9.310588
tcr_20_4,C,A,Q,K,3,90,CG,CB,7.9826593
tcr_20_4,C,A,Q,K,3,90,CG,CA,8.991791
tcr_20_4,C,A,Q,K,3,90,CG,CD,6.882614
tcr_20_4,C,A,Q,K,3,90,CG,CG,7.6961584
tcr_20_4,C,A,Q,R,3,121,CG,CD,8.085224
tcr_20_4,C,A,Q,F,3,140,CG,CE1,9.957534
tcr_20_4,C,A,Q,Q,3,94,CG,CD,8.526708
tcr_20_4,C,A,Q,Q,3,94,CG,NE2,9.492391
tcr_20_4,C,A,Q,Q,3,94,CG,OE1,7.407689
tcr_20_4,C,A,Q,Y,3,31,CG,CE2,8.739607
tcr_20_4,C,A,Q,Y,3,31,CG,CZ,9.400726
tcr_20_4,C,A,Q,Y,3,31,CG,OH,9.874151
tcr_20_4,C,A,Q,Y,3,31,CG,CE1,9.839709
tcr_20_4,C,A,Q,M,3,29,CG,CE,9.5166445
tcr_20_4,C,A,Q,F,3,123,CG,CE2,5.355071
tcr_20_4,C,A,Q,Y,3,183,CG,OH,5.6442175
tcr_20_4,C,A,Q,Y,3,183,CG,CZ,4.7387323
tcr_20_4,C,A,Q,Y,3,31,CG,CG,8.995742
tcr_20_4,C,A,Q,C,3,188,CG,SG,8.883841
tcr_20_4,C,A,Q,Y,3,31,CG,CB,9.142479
tcr_20_4,C,A,Q,Y,3,31,CG,CD2,8.524792
tcr_20_4,C,A,Q,F,3,123,CG,CZ,5.7378635
tcr_20_4,C,A,Q,F,3,123,CG,CD2,5.803557
tcr_20_4,C,A,Q,Y,3,183,CG,CE1,4.7231774
tcr_20_4,C,A,Q,F,3,123,CG,CE1,6.496444
tcr_20_4,C,A,Q,F,3,123,CG,CD1,6.8724093
tcr_20_4,C,A,Q,F,3,123,CG,CG,6.555876
tcr_20_4,C,A,Q,Y,3,183,CG,CD1,4.31384
tcr_20_4,C,A,Q,Y,3,183,CG,CG,3.8824055
tcr_20_4,C,A,Q,N,3,138,CG,OD1,7.4225016
tcr_20_4,C,A,Q,L,3,184,CG,CG,7.6449323
tcr_20_4,C,A,Q,R,3,180,CG,O,6.508157
tcr_20_4,C,A,Q,R,3,121,CG,NH2,4.848497
tcr_20_4,C,A,Q,R,3,121,CG,NE,6.9208384
tcr_20_4,C,A,Q,L,3,184,CG,CD2,7.6925483
tcr_20_4,C,A,Q,F,3,123,CG,CB,7.4028254
tcr_20_4,C,A,Q,R,3,121,CG,CZ,5.6811566
tcr_20_4,C,A,Q,Y,3,183,CG,CE2,4.3495755
tcr_20_4,C,A,Q,Y,3,183,CG,CB,4.2508745
tcr_20_4,C,A,Q,Y,3,183,CG,CA,5.741898
tcr_20_4,C,A,Q,Y,3,183,CG,CD2,3.901697
tcr_20_4,C,A,Q,T,3,187,CG,CB,7.3129907
tcr_20_4,C,A,Q,T,3,187,CG,CG2,7.3799405
tcr_20_4,C,A,Q,K,3,90,CG,NZ,7.3953056
tcr_20_4,C,A,Q,E,3,87,CG,OE1,9.568752
tcr_20_4,C,A,Q,N,3,138,CG,CG,7.742533
tcr_20_4,C,A,Q,E,3,176,CG,CG,9.555104
tcr_20_4,C,A,Q,F,3,140,CG,CZ,9.298459
tcr_20_4,C,A,Q,N,3,138,CG,ND2,7.7452493
tcr_20_4,C,A,Q,R,3,180,CG,CD,5.255569
tcr_20_4,C,A,Q,R,3,180,CG,CG,6.6327076
tcr_20_4,C,A,Q,R,3,180,CG,CB,6.8313475
tcr_20_4,C,A,Q,R,3,180,CG,C,6.953186
tcr_20_4,C,A,Q,Q,3,179,CG,OE1,7.986523
tcr_20_4,C,A,Q,R,3,180,CG,NE,5.5651517
tcr_20_4,C,A,Q,E,3,176,CG,OE2,9.349229
tcr_20_4,C,A,Q,R,3,180,CG,CZ,4.9637218
tcr_20_4,C,A,Q,E,3,176,CG,CD,8.753549
tcr_20_4,C,A,Q,R,3,180,CG,NH1,3.7632294
tcr_20_4,C,A,Q,E,3,176,CG,OE1,7.6718316
tcr_20_4,C,A,Q,R,3,180,CG,NH2,5.8236575
tcr_20_4,C,A,Q,Q,3,179,CG,CD,8.887304
tcr_20_4,C,A,Q,E,3,176,CG,C,9.995054
tcr_20_4,C,A,Q,E,3,176,CG,O,8.868871
tcr_20_4,C,A,Q,Q,3,179,CG,CG,8.802898
tcr_20_4,C,A,Q,Q,3,179,CG,CB,7.47103
tcr_20_4,C,A,Q,R,3,180,CG,CA,6.248552
tcr_20_4,C,A,Q,Q,3,179,CG,O,5.9154286
tcr_20_4,C,A,Q,Q,3,179,CG,CA,7.6976094
tcr_20_4,C,A,Q,Q,3,179,CG,N,8.957667
tcr_20_4,C,A,Q,Q,3,179,CG,C,6.612036
tcr_20_4,C,A,Q,R,3,180,CG,N,6.7771688
tcr_20_4,C,A,Q,T,3,187,CG,O,9.402876
tcr_20_4,C,A,Q,L,3,184,CG,CD1,8.461962
tcr_20_4,C,A,Q,L,3,184,CG,CB,8.511637
tcr_20_4,C,A,Q,L,3,184,CG,N,7.067867
tcr_20_4,C,A,Q,L,3,184,CG,CA,8.076366
tcr_20_4,C,A,Q,C,3,188,CG,CB,8.184721
tcr_20_4,C,A,Q,L,3,184,CG,C,9.38423
tcr_20_4,C,A,Q,R,3,181,CG,C,8.898243
tcr_20_4,C,A,Q,R,3,181,CG,O,9.165122
tcr_20_4,C,A,Q,C,3,188,CG,CA,8.601187
tcr_20_4,C,A,Q,Y,3,183,CG,C,6.608362
tcr_20_4,C,A,Q,Y,3,183,CG,O,7.15631
tcr_20_4,C,A,Q,A,3,182,CG,O,8.316403
tcr_20_4,C,A,Q,T,3,187,CG,CA,8.5828285
tcr_20_4,C,A,Q,T,3,187,CG,N,8.951308
tcr_20_4,C,A,Q,A,3,182,CG,C,7.7154965
tcr_20_4,C,A,Q,T,3,187,CG,OG1,7.4831185
tcr_20_4,C,A,Q,A,3,182,CG,CA,8.648349
tcr_20_4,C,A,Q,C,3,188,CG,N,8.18767
tcr_20_4,C,A,Q,Y,3,183,CG,N,6.4559407
tcr_20_4,C,A,Q,T,3,187,CG,C,8.657715
tcr_20_4,C,A,Q,E,3,185,CG,N,9.877377
tcr_20_4,C,A,Q,A,3,182,CG,N,8.595641
tcr_20_4,C,A,Q,E,3,178,CG,C,9.746316
tcr_20_4,C,A,Q,E,3,178,CG,O,9.56621
tcr_20_4,C,A,Q,R,3,181,CG,CA,9.16591
tcr_20_4,C,A,Q,R,3,181,CG,N,8.217141
tcr_20_4,C,A,Q,A,3,177,CG,O,9.969644
tcr_20_4,C,A,Q,A,3,182,CG,CB,8.69225
tcr_20_4,C,A,Q,R,3,121,CD,CG,8.732285
tcr_20_4,C,A,Q,F,3,123,CD,CA,8.204907
tcr_20_4,C,A,Q,F,3,123,CD,N,9.112642
tcr_20_4,C,A,Q,M,3,122,CD,C,9.823469
tcr_20_4,C,A,Q,F,3,123,CD,O,8.997333
tcr_20_4,C,A,Q,G,3,124,CD,C,9.605753
tcr_20_4,C,A,Q,G,3,124,CD,CA,9.062748
tcr_20_4,C,A,Q,G,3,124,CD,N,8.462723
tcr_20_4,C,A,Q,F,3,123,CD,C,8.501846
tcr_20_4,C,A,Q,G,3,124,CD,O,9.445919
tcr_20_4,C,A,Q,Y,3,137,CD,C,8.944763
tcr_20_4,C,A,Q,N,3,138,CD,N,9.0911455
tcr_20_4,C,A,Q,N,3,138,CD,CB,7.168855
tcr_20_4,C,A,Q,N,3,138,CD,CA,8.327693
tcr_20_4,C,A,Q,N,3,138,CD,O,9.848067
tcr_20_4,C,A,Q,M,3,122,CD,O,9.726953
tcr_20_4,C,A,Q,Y,3,137,CD,O,7.990315
tcr_20_4,C,A,Q,N,3,138,CD,C,9.416217
tcr_20_4,C,A,Q,F,3,140,CD,CE2,8.992483
tcr_20_4,C,A,Q,W,3,157,CD,CZ3,9.737832
tcr_20_4,C,A,Q,K,3,90,CD,CE,9.278499
tcr_20_4,C,A,Q,Q,3,94,CD,CG,9.412404
tcr_20_4,C,A,Q,Q,3,94,CD,CB,9.742504
tcr_20_4,C,A,Q,R,3,121,CD,NH1,5.293002
tcr_20_4,C,A,Q,K,3,90,CD,CB,9.359435
tcr_20_4,C,A,Q,K,3,90,CD,CD,8.387727
tcr_20_4,C,A,Q,K,3,90,CD,CG,9.148308
tcr_20_4,C,A,Q,R,3,121,CD,CD,7.6128206
tcr_20_4,C,A,Q,F,3,140,CD,CE1,9.154929
tcr_20_4,C,A,Q,Q,3,94,CD,CD,8.744741
tcr_20_4,C,A,Q,Q,3,94,CD,NE2,9.564689
tcr_20_4,C,A,Q,Q,3,94,CD,OE1,7.628835
tcr_20_4,C,A,Q,Y,3,31,CD,CE2,9.406019
tcr_20_4,C,A,Q,M,3,29,CD,CE,9.978581
tcr_20_4,C,A,Q,F,3,123,CD,CE2,5.525867
tcr_20_4,C,A,Q,Y,3,183,CD,OH,6.1442637
tcr_20_4,C,A,Q,Y,3,183,CD,CZ,5.12679
tcr_20_4,C,A,Q,Y,3,31,CD,CG,9.48841
tcr_20_4,C,A,Q,C,3,188,CD,SG,8.839216
tcr_20_4,C,A,Q,Y,3,31,CD,CB,9.434016
tcr_20_4,C,A,Q,Y,3,31,CD,CD2,9.017843
tcr_20_4,C,A,Q,F,3,123,CD,CZ,6.0472207
tcr_20_4,C,A,Q,F,3,123,CD,CD2,5.600242
tcr_20_4,C,A,Q,Y,3,183,CD,CE1,4.6754537
tcr_20_4,C,A,Q,F,3,123,CD,CE1,6.592934
tcr_20_4,C,A,Q,F,3,123,CD,CD1,6.657704
tcr_20_4,C,A,Q,F,3,123,CD,CG,6.1848803
tcr_20_4,C,A,Q,Y,3,183,CD,CD1,4.005525
tcr_20_4,C,A,Q,Y,3,183,CD,CG,3.8262386
tcr_20_4,C,A,Q,N,3,138,CD,OD1,6.304573
tcr_20_4,C,A,Q,L,3,184,CD,CG,6.6631103
tcr_20_4,C,A,Q,R,3,180,CD,O,5.362269
tcr_20_4,C,A,Q,R,3,121,CD,NH2,4.0712385
tcr_20_4,C,A,Q,R,3,121,CD,NE,6.299614
tcr_20_4,C,A,Q,L,3,184,CD,CD2,6.8713417
tcr_20_4,C,A,Q,F,3,123,CD,CB,6.7504897
tcr_20_4,C,A,Q,R,3,121,CD,CZ,5.1436977
tcr_20_4,C,A,Q,Y,3,183,CD,CE2,4.991559
tcr_20_4,C,A,Q,Y,3,183,CD,CB,3.914454
tcr_20_4,C,A,Q,Y,3,183,CD,CA,5.43388
tcr_20_4,C,A,Q,Y,3,183,CD,CD2,4.3672976
tcr_20_4,C,A,Q,T,3,187,CD,CB,7.8953347
tcr_20_4,C,A,Q,T,3,187,CD,CG2,8.220193
tcr_20_4,C,A,Q,K,3,90,CD,NZ,8.87142
tcr_20_4,C,A,Q,N,3,138,CD,CG,6.467816
tcr_20_4,C,A,Q,E,3,176,CD,CG,8.325039
tcr_20_4,C,A,Q,F,3,140,CD,CZ,8.334988
tcr_20_4,C,A,Q,N,3,138,CD,ND2,6.3762236
tcr_20_4,C,A,Q,R,3,180,CD,CD,3.7983987
tcr_20_4,C,A,Q,W,3,157,CD,CH2,8.752423
tcr_20_4,C,A,Q,W,3,157,CD,CZ2,9.272214
tcr_20_4,C,A,Q,R,3,180,CD,CG,5.1383066
tcr_20_4,C,A,Q,R,3,180,CD,CB,5.3345914
tcr_20_4,C,A,Q,A,3,177,CD,N,9.559925
tcr_20_4,C,A,Q,A,3,177,CD,CA,9.431781
tcr_20_4,C,A,Q,R,3,180,CD,C,5.6857347
tcr_20_4,C,A,Q,L,3,150,CD,CD2,8.729968
tcr_20_4,C,A,Q,E,3,176,CD,CB,9.514731
tcr_20_4,C,A,Q,Q,3,179,CD,OE1,7.3638973
tcr_20_4,C,A,Q,R,3,180,CD,NE,4.3060055
tcr_20_4,C,A,Q,E,3,176,CD,OE2,8.384887
tcr_20_4,C,A,Q,R,3,180,CD,CZ,3.9693146
tcr_20_4,C,A,Q,E,3,176,CD,CD,7.6780157
tcr_20_4,C,A,Q,R,3,180,CD,NH1,2.9205043
tcr_20_4,C,A,Q,E,3,176,CD,OE1,6.63169
tcr_20_4,C,A,Q,R,3,180,CD,NH2,5.042616
tcr_20_4,C,A,Q,Q,3,179,CD,NE2,9.443973
tcr_20_4,C,A,Q,Q,3,179,CD,CD,8.180471
tcr_20_4,C,A,Q,E,3,176,CD,CA,9.336323
tcr_20_4,C,A,Q,E,3,176,CD,C,8.673901
tcr_20_4,C,A,Q,E,3,176,CD,O,7.556429
tcr_20_4,C,A,Q,Q,3,179,CD,CG,7.9892216
tcr_20_4,C,A,Q,Q,3,179,CD,CB,6.572305
tcr_20_4,C,A,Q,R,3,180,CD,CA,4.8682957
tcr_20_4,C,A,Q,Q,3,179,CD,O,5.0057116
tcr_20_4,C,A,Q,Q,3,179,CD,CA,6.7319317
tcr_20_4,C,A,Q,Q,3,179,CD,N,7.873205
tcr_20_4,C,A,Q,Q,3,179,CD,C,5.5406294
tcr_20_4,C,A,Q,R,3,180,CD,N,5.496603
tcr_20_4,C,A,Q,T,3,187,CD,O,9.955021
tcr_20_4,C,A,Q,L,3,184,CD,CD1,7.2948184
tcr_20_4,C,A,Q,L,3,184,CD,O,9.611535
tcr_20_4,C,A,Q,L,3,184,CD,CB,7.636241
tcr_20_4,C,A,Q,L,3,184,CD,N,6.437338
tcr_20_4,C,A,Q,L,3,184,CD,CA,7.43431
tcr_20_4,C,A,Q,C,3,188,CD,CB,8.179527
tcr_20_4,C,A,Q,L,3,184,CD,C,8.827346
tcr_20_4,C,A,Q,R,3,181,CD,C,7.942105
tcr_20_4,C,A,Q,R,3,181,CD,O,8.31253
tcr_20_4,C,A,Q,C,3,188,CD,CA,8.830939
tcr_20_4,C,A,Q,Y,3,183,CD,C,6.240941
tcr_20_4,C,A,Q,Y,3,183,CD,O,6.9962583
tcr_20_4,C,A,Q,A,3,182,CD,O,8.009172
tcr_20_4,C,A,Q,T,3,187,CD,CA,9.035354
tcr_20_4,C,A,Q,T,3,187,CD,N,9.185716
tcr_20_4,C,A,Q,A,3,182,CD,C,7.2435575
tcr_20_4,C,A,Q,T,3,187,CD,OG1,8.034689
tcr_20_4,C,A,Q,A,3,182,CD,CA,8.011828
tcr_20_4,C,A,Q,C,3,188,CD,N,8.45397
tcr_20_4,C,A,Q,Y,3,183,CD,N,5.938055
tcr_20_4,C,A,Q,T,3,187,CD,C,9.095614
tcr_20_4,C,A,Q,E,3,185,CD,N,9.279116
tcr_20_4,C,A,Q,A,3,182,CD,N,7.725912
tcr_20_4,C,A,Q,E,3,178,CD,C,8.655676
tcr_20_4,C,A,Q,E,3,178,CD,O,8.558556
tcr_20_4,C,A,Q,R,3,181,CD,CA,8.015149
tcr_20_4,C,A,Q,R,3,181,CD,N,6.964693
tcr_20_4,C,A,Q,E,3,178,CD,CA,9.919785
tcr_20_4,C,A,Q,A,3,177,CD,O,8.607388
tcr_20_4,C,A,Q,A,3,182,CD,CB,8.139688
tcr_20_4,C,A,Q,A,3,177,CD,C,9.189632
tcr_20_4,C,A,Q,R,3,181,CD,CB,9.366943
tcr_20_4,C,A,Q,E,3,178,CD,N,9.817226
tcr_20_4,C,A,Q,M,3,122,OE1,N,9.908096
tcr_20_4,C,A,Q,R,3,121,OE1,CB,8.964188
tcr_20_4,C,A,Q,R,3,121,OE1,CG,7.5965114
tcr_20_4,C,A,Q,F,3,140,OE1,CD1,9.381428
tcr_20_4,C,A,Q,F,3,140,OE1,CG,9.891401
tcr_20_4,C,A,Q,Y,3,31,OE1,N,9.952278
tcr_20_4,C,A,Q,F,3,123,OE1,CA,7.16197
tcr_20_4,C,A,Q,Y,3,31,OE1,CA,9.946843
tcr_20_4,C,A,Q,F,3,123,OE1,N,8.033886
tcr_20_4,C,A,Q,M,3,122,OE1,CA,9.856737
tcr_20_4,C,A,Q,M,3,122,OE1,C,8.682158
tcr_20_4,C,A,Q,Y,3,31,OE1,O,9.691956
tcr_20_4,C,A,Q,F,3,123,OE1,O,8.147445
tcr_20_4,C,A,Q,G,3,124,OE1,C,8.984434
tcr_20_4,C,A,Q,G,3,124,OE1,CA,8.378035
tcr_20_4,C,A,Q,G,3,124,OE1,N,7.6325192
tcr_20_4,C,A,Q,F,3,123,OE1,C,7.5943947
tcr_20_4,C,A,Q,G,3,124,OE1,O,8.783969
tcr_20_4,C,A,Q,C,3,125,OE1,N,9.932375
tcr_20_4,C,A,Q,Y,3,137,OE1,C,7.958684
tcr_20_4,C,A,Q,Y,3,137,OE1,CA,9.318706
tcr_20_4,C,A,Q,N,3,138,OE1,N,8.039112
tcr_20_4,C,A,Q,N,3,138,OE1,CB,6.096739
tcr_20_4,C,A,Q,Q,3,139,OE1,O,9.805639
tcr_20_4,C,A,Q,N,3,138,OE1,CA,7.2042747
tcr_20_4,C,A,Q,N,3,138,OE1,O,8.737669
tcr_20_4,C,A,Q,M,3,122,OE1,O,8.5514555
tcr_20_4,C,A,Q,Y,3,137,OE1,O,7.029132
tcr_20_4,C,A,Q,N,3,138,OE1,C,8.264157
tcr_20_4,C,A,Q,Q,3,139,OE1,N,8.879662
tcr_20_4,C,A,Q,Y,3,137,OE1,N,9.332751
tcr_20_4,C,A,Q,F,3,140,OE1,CE2,7.9087067
tcr_20_4,C,A,Q,F,3,140,OE1,CD2,9.216247
tcr_20_4,C,A,Q,W,3,157,OE1,CZ3,8.872165
tcr_20_4,C,A,Q,L,3,150,OE1,CG,9.283626
tcr_20_4,C,A,Q,L,3,150,OE1,CB,9.226837
tcr_20_4,C,A,Q,Y,3,31,OE1,CD1,9.886747
tcr_20_4,C,A,Q,K,3,90,OE1,CE,9.846619
tcr_20_4,C,A,Q,Q,3,94,OE1,CG,8.985198
tcr_20_4,C,A,Q,Q,3,94,OE1,CB,9.492142
tcr_20_4,C,A,Q,R,3,121,OE1,NH1,4.45663
tcr_20_4,C,A,Q,K,3,90,OE1,CB,9.766494
tcr_20_4,C,A,Q,K,3,90,OE1,CD,9.02441
tcr_20_4,C,A,Q,K,3,90,OE1,CG,9.73389
tcr_20_4,C,A,Q,R,3,121,OE1,CD,6.545019
tcr_20_4,C,A,Q,F,3,140,OE1,CE1,8.103575
tcr_20_4,C,A,Q,Q,3,94,OE1,CD,8.312678
tcr_20_4,C,A,Q,Q,3,94,OE1,NE2,9.075657
tcr_20_4,C,A,Q,Q,3,94,OE1,OE1,7.2693715
tcr_20_4,C,A,Q,Y,3,31,OE1,CE2,9.166178
tcr_20_4,C,A,Q,M,3,29,OE1,CE,9.945752
tcr_20_4,C,A,Q,F,3,123,OE1,CE2,4.944598
tcr_20_4,C,A,Q,Y,3,183,OE1,OH,6.143668
tcr_20_4,C,A,Q,Y,3,183,OE1,CZ,5.2565093
tcr_20_4,C,A,Q,Y,3,31,OE1,CG,8.990597
tcr_20_4,C,A,Q,C,3,188,OE1,SG,8.6913395
tcr_20_4,C,A,Q,Y,3,31,OE1,CB,8.763887
tcr_20_4,C,A,Q,Y,3,31,OE1,CD2,8.607587
tcr_20_4,C,A,Q,F,3,123,OE1,CZ,5.441794
tcr_20_4,C,A,Q,F,3,123,OE1,CD2,4.8151264
tcr_20_4,C,A,Q,Y,3,183,OE1,CE1,4.6112843
tcr_20_4,C,A,Q,F,3,123,OE1,CE1,5.7925467
tcr_20_4,C,A,Q,F,3,123,OE1,CD1,5.6854906
tcr_20_4,C,A,Q,F,3,123,OE1,CG,5.2070394
tcr_20_4,C,A,Q,Y,3,183,OE1,CD1,4.1030316
tcr_20_4,C,A,Q,Y,3,183,OE1,CG,4.331659
tcr_20_4,C,A,Q,N,3,138,OE1,OD1,5.1091466
tcr_20_4,C,A,Q,L,3,184,OE1,CG,6.296376
tcr_20_4,C,A,Q,R,3,180,OE1,O,5.4135633
tcr_20_4,C,A,Q,R,3,121,OE1,NH2,2.9574063
tcr_20_4,C,A,Q,R,3,121,OE1,NE,5.184034
tcr_20_4,C,A,Q,L,3,184,OE1,CD2,6.383586
tcr_20_4,C,A,Q,F,3,123,OE1,CB,5.674419
tcr_20_4,C,A,Q,R,3,121,OE1,CZ,4.104076
tcr_20_4,C,A,Q,Y,3,183,OE1,CE2,5.4403744
tcr_20_4,C,A,Q,Y,3,183,OE1,CB,4.5776787
tcr_20_4,C,A,Q,Y,3,183,OE1,CA,6.069236
tcr_20_4,C,A,Q,Y,3,183,OE1,CD2,5.0126314
tcr_20_4,C,A,Q,T,3,187,OE1,CB,8.696943
tcr_20_4,C,A,Q,T,3,187,OE1,CG2,9.037128
tcr_20_4,C,A,Q,K,3,90,OE1,NZ,9.45409
tcr_20_4,C,A,Q,N,3,138,OE1,CG,5.339566
tcr_20_4,C,A,Q,E,3,176,OE1,CG,8.06739
tcr_20_4,C,A,Q,W,3,171,OE1,CH2,9.307018
tcr_20_4,C,A,Q,W,3,171,OE1,CZ2,9.597226
tcr_20_4,C,A,Q,W,3,171,OE1,CZ3,9.564613
tcr_20_4,C,A,Q,F,3,140,OE1,CZ,7.2761693
tcr_20_4,C,A,Q,N,3,138,OE1,ND2,5.3477745
tcr_20_4,C,A,Q,R,3,180,OE1,CD,3.3801677
tcr_20_4,C,A,Q,W,3,157,OE1,CH2,7.9923053
tcr_20_4,C,A,Q,W,3,157,OE1,CZ2,8.658298
tcr_20_4,C,A,Q,R,3,180,OE1,CG,4.722708
tcr_20_4,C,A,Q,R,3,180,OE1,CB,4.989243
tcr_20_4,C,A,Q,A,3,177,OE1,N,9.409336
tcr_20_4,C,A,Q,A,3,177,OE1,CA,9.238282
tcr_20_4,C,A,Q,R,3,180,OE1,C,5.7160754
tcr_20_4,C,A,Q,L,3,150,OE1,CD1,9.617709
tcr_20_4,C,A,Q,L,3,150,OE1,CD2,8.066832
tcr_20_4,C,A,Q,E,3,176,OE1,CB,9.336118
tcr_20_4,C,A,Q,Q,3,179,OE1,OE1,7.938058
tcr_20_4,C,A,Q,R,3,180,OE1,NE,3.9776564
tcr_20_4,C,A,Q,E,3,176,OE1,OE2,8.425838
tcr_20_4,C,A,Q,R,3,180,OE1,CZ,3.7600617
tcr_20_4,C,A,Q,E,3,176,OE1,CD,7.5751166
tcr_20_4,C,A,Q,R,3,180,OE1,NH1,2.7742336
tcr_20_4,C,A,Q,E,3,176,OE1,OE1,6.494516
tcr_20_4,C,A,Q,R,3,180,OE1,NH2,4.921631
tcr_20_4,C,A,Q,Q,3,179,OE1,NE2,9.9769125
tcr_20_4,C,A,Q,Q,3,179,OE1,CD,8.738951
tcr_20_4,C,A,Q,E,3,176,OE1,CA,9.31132
tcr_20_4,C,A,Q,E,3,176,OE1,C,8.607058
tcr_20_4,C,A,Q,E,3,176,OE1,O,7.5575953
tcr_20_4,C,A,Q,Q,3,179,OE1,CG,8.554352
tcr_20_4,C,A,Q,Q,3,179,OE1,CB,7.1204515
tcr_20_4,C,A,Q,R,3,180,OE1,CA,4.8632207
tcr_20_4,C,A,Q,Q,3,179,OE1,O,5.6342893
tcr_20_4,C,A,Q,Q,3,179,OE1,CA,7.2667103
tcr_20_4,C,A,Q,Q,3,179,OE1,N,8.261693
tcr_20_4,C,A,Q,Q,3,179,OE1,C,6.0083776
tcr_20_4,C,A,Q,R,3,180,OE1,N,5.694105
tcr_20_4,C,A,Q,L,3,184,OE1,CD1,6.773268
tcr_20_4,C,A,Q,L,3,184,OE1,O,9.678035
tcr_20_4,C,A,Q,L,3,184,OE1,CB,7.457584
tcr_20_4,C,A,Q,L,3,184,OE1,N,6.6414204
tcr_20_4,C,A,Q,L,3,184,OE1,CA,7.4587684
tcr_20_4,C,A,Q,C,3,188,OE1,CB,8.25858
tcr_20_4,C,A,Q,L,3,184,OE1,C,8.932148
tcr_20_4,C,A,Q,R,3,181,OE1,C,8.223941
tcr_20_4,C,A,Q,R,3,181,OE1,O,8.581285
tcr_20_4,C,A,Q,C,3,188,OE1,CA,9.070998
tcr_20_4,C,A,Q,Y,3,183,OE1,C,6.6493096
tcr_20_4,C,A,Q,Y,3,183,OE1,O,7.418404
tcr_20_4,C,A,Q,A,3,182,OE1,O,8.692265
tcr_20_4,C,A,Q,T,3,187,OE1,CA,9.734036
tcr_20_4,C,A,Q,T,3,187,OE1,N,9.870284
tcr_20_4,C,A,Q,A,3,182,OE1,C,7.901951
tcr_20_4,C,A,Q,T,3,187,OE1,OG1,8.960337
tcr_20_4,C,A,Q,A,3,182,OE1,CA,8.629015
tcr_20_4,C,A,Q,C,3,188,OE1,N,8.871703
tcr_20_4,C,A,Q,Y,3,183,OE1,N,6.5809627
tcr_20_4,C,A,Q,T,3,187,OE1,C,9.638607
tcr_20_4,C,A,Q,E,3,185,OE1,N,9.482432
tcr_20_4,C,A,Q,A,3,182,OE1,N,8.177181
tcr_20_4,C,A,Q,E,3,178,OE1,C,9.025991
tcr_20_4,C,A,Q,E,3,178,OE1,O,9.002531
tcr_20_4,C,A,Q,R,3,181,OE1,CA,8.102892
tcr_20_4,C,A,Q,R,3,181,OE1,N,7.015926
tcr_20_4,C,A,Q,A,3,177,OE1,O,8.57497
tcr_20_4,C,A,Q,A,3,182,OE1,CB,8.890339
tcr_20_4,C,A,Q,A,3,177,OE1,C,9.159091
tcr_20_4,C,A,Q,R,3,181,OE1,CB,9.446479
tcr_20_4,C,A,Q,E,3,178,OE1,N,9.923378
tcr_20_4,C,A,Q,R,3,121,NE2,CG,9.682992
tcr_20_4,C,A,Q,F,3,123,NE2,CA,9.05975
tcr_20_4,C,A,Q,F,3,123,NE2,O,9.955818
tcr_20_4,C,A,Q,G,3,124,NE2,CA,9.755564
tcr_20_4,C,A,Q,G,3,124,NE2,N,9.186142
tcr_20_4,C,A,Q,F,3,123,NE2,C,9.3631935
tcr_20_4,C,A,Q,G,3,124,NE2,O,9.849843
tcr_20_4,C,A,Q,Y,3,137,NE2,C,9.29338
tcr_20_4,C,A,Q,N,3,138,NE2,N,9.406343
tcr_20_4,C,A,Q,N,3,138,NE2,CB,7.4166656
tcr_20_4,C,A,Q,N,3,138,NE2,CA,8.715357
tcr_20_4,C,A,Q,Y,3,137,NE2,O,8.422238
tcr_20_4,C,A,Q,N,3,138,NE2,C,9.790613
tcr_20_4,C,A,Q,F,3,140,NE2,CE2,9.390512
tcr_20_4,C,A,Q,W,3,157,NE2,CZ3,9.551076
tcr_20_4,C,A,Q,L,3,150,NE2,CG,9.633145
tcr_20_4,C,A,Q,L,3,150,NE2,CB,9.895249
tcr_20_4,C,A,Q,R,3,121,NE2,NH1,6.380673
tcr_20_4,C,A,Q,K,3,90,NE2,CD,9.16462
tcr_20_4,C,A,Q,K,3,90,NE2,CG,9.931383
tcr_20_4,C,A,Q,R,3,121,NE2,CD,8.603994
tcr_20_4,C,A,Q,F,3,140,NE2,CE1,9.800875
tcr_20_4,C,A,Q,Q,3,94,NE2,CD,9.674107
tcr_20_4,C,A,Q,Q,3,94,NE2,OE1,8.522063
tcr_20_4,C,A,Q,F,3,123,NE2,CE2,6.7006016
tcr_20_4,C,A,Q,Y,3,183,NE2,OH,6.993263
tcr_20_4,C,A,Q,Y,3,183,NE2,CZ,5.829196
tcr_20_4,C,A,Q,C,3,188,NE2,SG,9.293189
tcr_20_4,C,A,Q,F,3,123,NE2,CZ,7.3149147
tcr_20_4,C,A,Q,F,3,123,NE2,CD2,6.659398
tcr_20_4,C,A,Q,Y,3,183,NE2,CE1,5.281766
tcr_20_4,C,A,Q,F,3,123,NE2,CE1,7.849
tcr_20_4,C,A,Q,F,3,123,NE2,CD1,7.816055
tcr_20_4,C,A,Q,F,3,123,NE2,CG,7.240236
tcr_20_4,C,A,Q,Y,3,183,NE2,CD1,4.305849
tcr_20_4,C,A,Q,Y,3,183,NE2,CG,3.9017737
tcr_20_4,C,A,Q,N,3,138,NE2,OD1,6.856932
tcr_20_4,C,A,Q,L,3,184,NE2,CG,6.549919
tcr_20_4,C,A,Q,R,3,180,NE2,O,4.6316714
tcr_20_4,C,A,Q,R,3,121,NE2,NH2,4.9753027
tcr_20_4,C,A,Q,R,3,121,NE2,NE,7.239502
tcr_20_4,C,A,Q,L,3,184,NE2,CD2,7.0434155
tcr_20_4,C,A,Q,F,3,123,NE2,CB,7.630308
tcr_20_4,C,A,Q,R,3,121,NE2,CZ,6.1382475
tcr_20_4,C,A,Q,Y,3,183,NE2,CE2,5.543382
tcr_20_4,C,A,Q,Y,3,183,NE2,CB,3.4707057
tcr_20_4,C,A,Q,Y,3,183,NE2,CA,4.873152
tcr_20_4,C,A,Q,Y,3,183,NE2,CD2,4.6190667
tcr_20_4,C,A,Q,T,3,187,NE2,CB,7.8058863
tcr_20_4,C,A,Q,T,3,187,NE2,CG2,8.312656
tcr_20_4,C,A,Q,K,3,90,NE2,NZ,9.688487
tcr_20_4,C,A,Q,N,3,138,NE2,CG,6.7991486
tcr_20_4,C,A,Q,E,3,176,NE2,CG,7.7100134
tcr_20_4,C,A,Q,F,3,140,NE2,CZ,8.853675
tcr_20_4,C,A,Q,N,3,138,NE2,ND2,6.51497
tcr_20_4,C,A,Q,R,3,180,NE2,CD,3.3696651
tcr_20_4,C,A,Q,W,3,157,NE2,CH2,8.4467745
tcr_20_4,C,A,Q,W,3,157,NE2,CZ2,8.786239
tcr_20_4,C,A,Q,R,3,180,NE2,CG,4.539578
tcr_20_4,C,A,Q,R,3,180,NE2,CB,4.643582
tcr_20_4,C,A,Q,A,3,177,NE2,N,8.619596
tcr_20_4,C,A,Q,A,3,177,NE2,CA,8.496483
tcr_20_4,C,A,Q,R,3,180,NE2,C,4.7982926
tcr_20_4,C,A,Q,L,3,150,NE2,CD1,9.730424
tcr_20_4,C,A,Q,L,3,150,NE2,CD2,8.346239
tcr_20_4,C,A,Q,E,3,176,NE2,CB,8.763867
tcr_20_4,C,A,Q,Q,3,179,NE2,OE1,6.3816204
tcr_20_4,C,A,Q,R,3,180,NE2,NE,3.9704313
tcr_20_4,C,A,Q,E,3,176,NE2,OE2,7.692923
tcr_20_4,C,A,Q,R,3,180,NE2,CZ,3.860578
tcr_20_4,C,A,Q,E,3,176,NE2,CD,7.067021
tcr_20_4,C,A,Q,R,3,180,NE2,NH1,3.1248283
tcr_20_4,C,A,Q,E,3,176,NE2,OE1,6.148083
tcr_20_4,C,A,Q,R,3,180,NE2,NH2,4.9393697
tcr_20_4,C,A,Q,Q,3,179,NE2,NE2,8.389771
tcr_20_4,C,A,Q,Q,3,179,NE2,CD,7.0982676
tcr_20_4,C,A,Q,E,3,176,NE2,CA,8.4158325
tcr_20_4,C,A,Q,E,3,176,NE2,C,7.7150965
tcr_20_4,C,A,Q,E,3,176,NE2,O,6.549539
tcr_20_4,C,A,Q,Q,3,179,NE2,CG,6.7841277
tcr_20_4,C,A,Q,Q,3,179,NE2,CB,5.3395023
tcr_20_4,C,A,Q,R,3,180,NE2,CA,3.9230769
tcr_20_4,C,A,Q,Q,3,179,NE2,O,3.7293696
tcr_20_4,C,A,Q,R,3,175,NE2,O,9.401677
tcr_20_4,C,A,Q,Q,3,179,NE2,CA,5.4346566
tcr_20_4,C,A,Q,Q,3,179,NE2,N,6.6090884
tcr_20_4,C,A,Q,Q,3,179,NE2,C,4.264758
tcr_20_4,C,A,Q,R,3,180,NE2,N,4.349801
tcr_20_4,C,A,Q,E,3,176,NE2,N,9.75521
tcr_20_4,C,A,Q,L,3,184,NE2,CD1,7.1218657
tcr_20_4,C,A,Q,L,3,184,NE2,O,9.420689
tcr_20_4,C,A,Q,L,3,184,NE2,CB,7.3776107
tcr_20_4,C,A,Q,L,3,184,NE2,N,6.0377297
tcr_20_4,C,A,Q,L,3,184,NE2,CA,7.1889033
tcr_20_4,C,A,Q,C,3,188,NE2,CB,8.442792
tcr_20_4,C,A,Q,L,3,184,NE2,C,8.515381
tcr_20_4,C,A,Q,R,3,181,NE2,C,6.9975843
tcr_20_4,C,A,Q,R,3,181,NE2,O,7.493617
tcr_20_4,C,A,Q,C,3,188,NE2,CA,9.0914545
tcr_20_4,C,A,Q,Y,3,183,NE2,C,5.867262
tcr_20_4,C,A,Q,Y,3,183,NE2,O,6.7644644
tcr_20_4,C,A,Q,A,3,182,NE2,O,7.2309437
tcr_20_4,C,A,Q,T,3,187,NE2,CA,8.928655
tcr_20_4,C,A,Q,T,3,187,NE2,N,8.897589
tcr_20_4,C,A,Q,A,3,182,NE2,C,6.3523755
tcr_20_4,C,A,Q,T,3,187,NE2,OG1,7.749344
tcr_20_4,C,A,Q,A,3,182,NE2,CA,6.963084
tcr_20_4,C,A,Q,C,3,188,NE2,N,8.5508
tcr_20_4,C,A,Q,Y,3,183,NE2,N,5.0894966
tcr_20_4,C,A,Q,T,3,187,NE2,C,9.16775
tcr_20_4,C,A,Q,G,3,186,NE2,C,9.896093
tcr_20_4,C,A,Q,E,3,185,NE2,N,8.788801
tcr_20_4,C,A,Q,G,3,186,NE2,N,9.593003
tcr_20_4,C,A,Q,A,3,182,NE2,N,6.652576
tcr_20_4,C,A,Q,E,3,178,NE2,C,7.3954062
tcr_20_4,C,A,Q,E,3,178,NE2,O,7.2992907
tcr_20_4,C,A,Q,R,3,181,NE2,CA,7.097996
tcr_20_4,C,A,Q,R,3,181,NE2,N,6.0056977
tcr_20_4,C,A,Q,E,3,178,NE2,CA,8.697568
tcr_20_4,C,A,Q,A,3,177,NE2,O,7.5696898
tcr_20_4,C,A,Q,A,3,182,NE2,CB,6.984738
tcr_20_4,C,A,Q,A,3,177,NE2,C,8.132182
tcr_20_4,C,A,Q,R,3,181,NE2,CB,8.384048
tcr_20_4,C,A,Q,R,3,181,NE2,CG,9.610205
tcr_20_4,C,A,Q,A,3,177,NE2,CB,9.924654
tcr_20_4,C,A,Q,E,3,178,NE2,N,8.669428
tcr_20_4,C,A,Q,E,3,178,NE2,CB,9.766583
tcr_20_4,C,A,H,Y,4,31,N,CD1,9.671981
tcr_20_4,C,A,H,Y,4,91,N,CE1,8.8474655
tcr_20_4,C,A,H,Y,4,91,N,OH,9.424607
tcr_20_4,C,A,H,Y,4,91,N,CD1,8.928911
tcr_20_4,C,A,H,Y,4,91,N,CZ,9.213683
tcr_20_4,C,A,H,Y,4,91,N,CD2,9.722314
tcr_20_4,C,A,H,Y,4,91,N,CE2,9.653614
tcr_20_4,C,A,H,Y,4,91,N,CG,9.363847
tcr_20_4,C,A,H,Y,4,91,N,CB,9.774426
tcr_20_4,C,A,H,E,4,87,N,O,8.182559
tcr_20_4,C,A,H,E,4,87,N,CD,7.639765
tcr_20_4,C,A,H,E,4,87,N,OE2,7.3384423
tcr_20_4,C,A,H,E,4,87,N,CG,8.976919
tcr_20_4,C,A,H,E,4,87,N,N,8.65989
tcr_20_4,C,A,H,E,4,87,N,CA,8.294758
tcr_20_4,C,A,H,E,4,87,N,CB,9.1646595
tcr_20_4,C,A,H,E,4,87,N,C,8.783352
tcr_20_4,C,A,H,K,4,90,N,CE,4.723997
tcr_20_4,C,A,H,R,4,86,N,O,7.4802866
tcr_20_4,C,A,H,Q,4,89,N,N,9.80419
tcr_20_4,C,A,H,R,4,86,N,C,8.28389
tcr_20_4,C,A,H,Q,4,89,N,CA,9.516616
tcr_20_4,C,A,H,R,4,86,N,CG,7.6883335
tcr_20_4,C,A,H,Q,4,89,N,CB,9.593156
tcr_20_4,C,A,H,R,4,86,N,CA,9.1776
tcr_20_4,C,A,H,R,4,86,N,CB,8.97495
tcr_20_4,C,A,H,Y,4,91,N,C,9.749275
tcr_20_4,C,A,H,Q,4,94,N,N,8.8546295
tcr_20_4,C,A,H,Y,4,91,N,CA,8.814657
tcr_20_4,C,A,H,Q,4,94,N,CA,9.144677
tcr_20_4,C,A,H,Q,4,94,N,CG,8.848285
tcr_20_4,C,A,H,Y,4,91,N,N,7.7960086
tcr_20_4,C,A,H,Q,4,94,N,CB,8.360834
tcr_20_4,C,A,H,R,4,121,N,NH1,7.2621856
tcr_20_4,C,A,H,K,4,90,N,O,6.9301405
tcr_20_4,C,A,H,Q,4,89,N,O,8.593925
tcr_20_4,C,A,H,R,4,93,N,N,9.839715
tcr_20_4,C,A,H,R,4,93,N,CA,9.612171
tcr_20_4,C,A,H,R,4,93,N,C,9.539234
tcr_20_4,C,A,H,R,4,93,N,CG,9.198616
tcr_20_4,C,A,H,R,4,93,N,CB,8.52449
tcr_20_4,C,A,H,Q,4,89,N,C,8.323556
tcr_20_4,C,A,H,R,4,93,N,CD,8.421226
tcr_20_4,C,A,H,K,4,90,N,C,6.8870645
tcr_20_4,C,A,H,K,4,90,N,CB,5.0470834
tcr_20_4,C,A,H,K,4,90,N,CA,6.139822
tcr_20_4,C,A,H,K,4,90,N,CD,3.5666964
tcr_20_4,C,A,H,K,4,90,N,N,7.216574
tcr_20_4,C,A,H,K,4,90,N,CG,4.378415
tcr_20_4,C,A,H,Q,4,94,N,CD,8.690869
tcr_20_4,C,A,H,Q,4,94,N,NE2,9.842398
tcr_20_4,C,A,H,Q,4,94,N,OE1,7.666641
tcr_20_4,C,A,H,R,4,93,N,NH2,8.118507
tcr_20_4,C,A,H,R,4,93,N,NH1,7.5464616
tcr_20_4,C,A,H,R,4,93,N,NE,8.271514
tcr_20_4,C,A,H,R,4,93,N,CZ,7.878526
tcr_20_4,C,A,H,Y,4,31,N,CE2,8.963469
tcr_20_4,C,A,H,Y,4,31,N,CZ,9.126773
tcr_20_4,C,A,H,Y,4,31,N,OH,9.236633
tcr_20_4,C,A,H,Y,4,31,N,CE1,9.48655
tcr_20_4,C,A,H,F,4,123,N,CE2,7.0660157
tcr_20_4,C,A,H,Y,4,183,N,OH,6.803623
tcr_20_4,C,A,H,Y,4,183,N,CZ,6.325551
tcr_20_4,C,A,H,Y,4,31,N,CG,9.506816
tcr_20_4,C,A,H,Y,4,31,N,CD2,9.158065
tcr_20_4,C,A,H,F,4,123,N,CZ,7.01057
tcr_20_4,C,A,H,F,4,123,N,CD2,8.051905
tcr_20_4,C,A,H,Y,4,183,N,CE1,7.021598
tcr_20_4,C,A,H,F,4,123,N,CE1,7.9558635
tcr_20_4,C,A,H,F,4,123,N,CD1,8.843472
tcr_20_4,C,A,H,F,4,123,N,CG,8.891277
tcr_20_4,C,A,H,Y,4,183,N,CD1,6.9868193
tcr_20_4,C,A,H,Y,4,183,N,CG,6.2535443
tcr_20_4,C,A,H,R,4,180,N,O,9.71881
tcr_20_4,C,A,H,R,4,121,N,NH2,7.56915
tcr_20_4,C,A,H,R,4,121,N,NE,9.241694
tcr_20_4,C,A,H,R,4,121,N,CZ,7.9696913
tcr_20_4,C,A,H,Y,4,183,N,CE2,5.4980054
tcr_20_4,C,A,H,Y,4,183,N,CB,6.760713
tcr_20_4,C,A,H,Y,4,183,N,CA,7.960843
tcr_20_4,C,A,H,Y,4,183,N,CD2,5.4602647
tcr_20_4,C,A,H,T,4,187,N,CB,7.6788173
tcr_20_4,C,A,H,T,4,187,N,CG2,7.0938087
tcr_20_4,C,A,H,W,4,191,N,CD1,9.408278
tcr_20_4,C,A,H,K,4,90,N,NZ,4.70086
tcr_20_4,C,A,H,E,4,87,N,OE1,7.026692
tcr_20_4,C,A,H,W,4,191,N,NE1,9.338348
tcr_20_4,C,A,H,W,4,191,N,CE2,9.985838
tcr_20_4,C,A,H,R,4,86,N,CZ,9.066519
tcr_20_4,C,A,H,R,4,86,N,NH2,9.679373
tcr_20_4,C,A,H,R,4,86,N,NE,8.356864
tcr_20_4,C,A,H,R,4,86,N,CD,7.979632
tcr_20_4,C,A,H,R,4,86,N,NH1,9.410623
tcr_20_4,C,A,H,R,4,180,N,CD,8.514497
tcr_20_4,C,A,H,R,4,180,N,CG,9.947113
tcr_20_4,C,A,H,Q,4,179,N,OE1,9.55371
tcr_20_4,C,A,H,R,4,180,N,NE,8.469912
tcr_20_4,C,A,H,R,4,180,N,CZ,7.5269623
tcr_20_4,C,A,H,R,4,180,N,NH1,6.3426247
tcr_20_4,C,A,H,R,4,180,N,NH2,7.9259763
tcr_20_4,C,A,H,Q,4,179,N,CB,9.714825
tcr_20_4,C,A,H,R,4,180,N,CA,9.547553
tcr_20_4,C,A,H,Q,4,179,N,O,8.559111
tcr_20_4,C,A,H,Q,4,179,N,C,9.364663
tcr_20_4,C,A,H,R,4,180,N,N,9.828933
tcr_20_4,C,A,H,T,4,187,N,O,9.778075
tcr_20_4,C,A,H,L,4,184,N,N,9.738448
tcr_20_4,C,A,H,C,4,188,N,CB,9.936373
tcr_20_4,C,A,H,C,4,188,N,CA,9.844007
tcr_20_4,C,A,H,Y,4,183,N,C,8.921798
tcr_20_4,C,A,H,Y,4,183,N,O,9.124521
tcr_20_4,C,A,H,T,4,187,N,CA,9.140945
tcr_20_4,C,A,H,T,4,187,N,N,9.906865
tcr_20_4,C,A,H,A,4,182,N,C,9.851073
tcr_20_4,C,A,H,T,4,187,N,OG1,7.757394
tcr_20_4,C,A,H,C,4,188,N,N,9.333666
tcr_20_4,C,A,H,Y,4,183,N,N,8.794815
tcr_20_4,C,A,H,T,4,187,N,C,9.343938
tcr_20_4,C,A,H,T,4,88,CA,O,9.704905
tcr_20_4,C,A,H,Y,4,91,CA,CE1,9.176044
tcr_20_4,C,A,H,Y,4,91,CA,OH,9.921182
tcr_20_4,C,A,H,Y,4,91,CA,CD1,9.058774
tcr_20_4,C,A,H,Y,4,91,CA,CZ,9.540346
tcr_20_4,C,A,H,Y,4,91,CA,CD2,9.680553
tcr_20_4,C,A,H,Y,4,91,CA,CE2,9.79553
tcr_20_4,C,A,H,Y,4,91,CA,CG,9.306978
tcr_20_4,C,A,H,Y,4,91,CA,CB,9.518352
tcr_20_4,C,A,H,E,4,87,CA,O,7.824669
tcr_20_4,C,A,H,E,4,87,CA,CD,7.948656
tcr_20_4,C,A,H,E,4,87,CA,OE2,7.7830467
tcr_20_4,C,A,H,E,4,87,CA,CG,9.138536
tcr_20_4,C,A,H,E,4,87,CA,N,8.301837
tcr_20_4,C,A,H,T,4,88,CA,N,9.5754795
tcr_20_4,C,A,H,E,4,87,CA,CA,8.078469
tcr_20_4,C,A,H,E,4,87,CA,CB,9.149536
tcr_20_4,C,A,H,T,4,88,CA,C,9.549018
tcr_20_4,C,A,H,E,4,87,CA,C,8.436116
tcr_20_4,C,A,H,K,4,90,CA,CE,4.685936
tcr_20_4,C,A,H,R,4,86,CA,O,6.8110094
tcr_20_4,C,A,H,Q,4,89,CA,N,8.986543
tcr_20_4,C,A,H,R,4,86,CA,C,7.7232666
tcr_20_4,C,A,H,Q,4,89,CA,CA,8.533015
tcr_20_4,C,A,H,R,4,86,CA,CG,7.0876474
tcr_20_4,C,A,H,Q,4,89,CA,CB,8.50396
tcr_20_4,C,A,H,R,4,86,CA,CA,8.516141
tcr_20_4,C,A,H,R,4,86,CA,N,9.944548
tcr_20_4,C,A,H,R,4,86,CA,CB,8.407959
tcr_20_4,C,A,H,Y,4,91,CA,O,9.647817
tcr_20_4,C,A,H,Y,4,91,CA,C,9.225564
tcr_20_4,C,A,H,Q,4,94,CA,N,8.191976
tcr_20_4,C,A,H,Y,4,91,CA,CA,8.4470625
tcr_20_4,C,A,H,Q,4,94,CA,CA,8.673413
tcr_20_4,C,A,H,Q,4,94,CA,CG,8.788976
tcr_20_4,C,A,H,Y,4,91,CA,N,7.32418
tcr_20_4,C,A,H,Q,4,94,CA,CB,8.103099
tcr_20_4,C,A,H,R,4,121,CA,NH1,7.952756
tcr_20_4,C,A,H,K,4,90,CA,O,6.3100753
tcr_20_4,C,A,H,Q,4,89,CA,O,7.5620384
tcr_20_4,C,A,H,R,4,93,CA,N,8.91199
tcr_20_4,C,A,H,R,4,93,CA,CA,8.630444
tcr_20_4,C,A,H,R,4,93,CA,C,8.718071
tcr_20_4,C,A,H,K,4,92,CA,N,9.605658
tcr_20_4,C,A,H,R,4,93,CA,CG,7.9550085
tcr_20_4,C,A,H,Q,4,89,CA,CG,8.903084
tcr_20_4,C,A,H,R,4,93,CA,CB,7.423145
tcr_20_4,C,A,H,Q,4,89,CA,C,7.3456783
tcr_20_4,C,A,H,Q,4,89,CA,CD,9.287636
tcr_20_4,C,A,H,R,4,93,CA,CD,7.0707645
tcr_20_4,C,A,H,K,4,90,CA,C,6.278282
tcr_20_4,C,A,H,K,4,90,CA,CB,4.500797
tcr_20_4,C,A,H,K,4,90,CA,CA,5.358325
tcr_20_4,C,A,H,K,4,90,CA,CD,3.254608
tcr_20_4,C,A,H,K,4,90,CA,N,6.354583
tcr_20_4,C,A,H,K,4,90,CA,CG,3.6389837
tcr_20_4,C,A,H,Q,4,89,CA,OE1,9.0182295
tcr_20_4,C,A,H,Q,4,94,CA,CD,8.6195545
tcr_20_4,C,A,H,Q,4,94,CA,NE2,9.735925
tcr_20_4,C,A,H,Q,4,94,CA,OE1,7.6231084
tcr_20_4,C,A,H,R,4,93,CA,NH2,6.8004017
tcr_20_4,C,A,H,R,4,93,CA,NH1,6.096639
tcr_20_4,C,A,H,R,4,93,CA,NE,6.9209228
tcr_20_4,C,A,H,R,4,93,CA,O,9.520513
tcr_20_4,C,A,H,R,4,93,CA,CZ,6.487107
tcr_20_4,C,A,H,F,4,123,CA,CE2,8.363069
tcr_20_4,C,A,H,Y,4,183,CA,OH,8.235328
tcr_20_4,C,A,H,Y,4,183,CA,CZ,7.790049
tcr_20_4,C,A,H,F,4,123,CA,CZ,8.163212
tcr_20_4,C,A,H,F,4,123,CA,CD2,9.365712
tcr_20_4,C,A,H,Y,4,183,CA,CE1,8.48188
tcr_20_4,C,A,H,F,4,123,CA,CE1,9.007968
tcr_20_4,C,A,H,F,4,123,CA,CD1,9.946274
tcr_20_4,C,A,H,Y,4,183,CA,CD1,8.401865
tcr_20_4,C,A,H,Y,4,183,CA,CG,7.619179
tcr_20_4,C,A,H,R,4,121,CA,NH2,8.475391
tcr_20_4,C,A,H,R,4,121,CA,CZ,8.786378
tcr_20_4,C,A,H,Y,4,183,CA,CE2,6.932473
tcr_20_4,C,A,H,Y,4,183,CA,CB,7.989825
tcr_20_4,C,A,H,Y,4,183,CA,CA,9.152596
tcr_20_4,C,A,H,Y,4,183,CA,CD2,6.841046
tcr_20_4,C,A,H,T,4,187,CA,CB,8.768462
tcr_20_4,C,A,H,T,4,187,CA,CG2,8.113608
tcr_20_4,C,A,H,K,4,90,CA,NZ,5.054019
tcr_20_4,C,A,H,E,4,87,CA,OE1,7.3197465
tcr_20_4,C,A,H,R,4,86,CA,CZ,8.917779
tcr_20_4,C,A,H,R,4,86,CA,NH2,9.694232
tcr_20_4,C,A,H,R,4,86,CA,NE,8.103568
tcr_20_4,C,A,H,R,4,86,CA,CD,7.481775
tcr_20_4,C,A,H,R,4,86,CA,NH1,9.189498
tcr_20_4,C,A,H,R,4,180,CA,CD,9.31712
tcr_20_4,C,A,H,Q,4,179,CA,OE1,9.572303
tcr_20_4,C,A,H,R,4,180,CA,NE,9.069741
tcr_20_4,C,A,H,R,4,180,CA,CZ,8.011282
tcr_20_4,C,A,H,R,4,180,CA,NH1,6.92282
tcr_20_4,C,A,H,R,4,180,CA,NH2,8.1863165
tcr_20_4,C,A,H,Q,4,179,CA,O,9.364774
tcr_20_4,C,A,H,T,4,187,CA,OG1,8.701013
tcr_20_4,C,A,H,Y,4,183,CA,N,9.872667
tcr_20_4,C,A,H,Y,4,91,C,CD1,9.760118
tcr_20_4,C,A,H,E,4,87,C,O,8.770273
tcr_20_4,C,A,H,E,4,87,C,CD,9.392037
tcr_20_4,C,A,H,E,4,87,C,OE2,9.177189
tcr_20_4,C,A,H,E,4,87,C,N,9.531513
tcr_20_4,C,A,H,E,4,87,C,CA,9.302021
tcr_20_4,C,A,H,E,4,87,C,C,9.487414
tcr_20_4,C,A,H,K,4,90,C,CE,6.1009483
tcr_20_4,C,A,H,R,4,86,C,O,7.849392
tcr_20_4,C,A,H,Q,4,89,C,N,9.655512
tcr_20_4,C,A,H,R,4,86,C,C,8.858544
tcr_20_4,C,A,H,Q,4,89,C,CA,9.004083
tcr_20_4,C,A,H,R,4,86,C,CG,8.266108
tcr_20_4,C,A,H,Q,4,89,C,CB,8.983053
tcr_20_4,C,A,H,R,4,86,C,CA,9.608515
tcr_20_4,C,A,H,R,4,86,C,CB,9.592416
tcr_20_4,C,A,H,Y,4,91,C,O,9.671784
tcr_20_4,C,A,H,Y,4,91,C,C,9.401973
tcr_20_4,C,A,H,Q,4,94,C,C,9.700798
tcr_20_4,C,A,H,Q,4,94,C,N,7.739209
tcr_20_4,C,A,H,Y,4,91,C,CA,8.829652
tcr_20_4,C,A,H,Q,4,94,C,CA,8.1690855
tcr_20_4,C,A,H,Q,4,94,C,CG,8.409433
tcr_20_4,C,A,H,Y,4,91,C,N,7.8093333
tcr_20_4,C,A,H,Q,4,94,C,CB,7.783087
tcr_20_4,C,A,H,R,4,121,C,NH1,7.6739607
tcr_20_4,C,A,H,K,4,90,C,O,6.390309
tcr_20_4,C,A,H,Q,4,89,C,O,7.7065105
tcr_20_4,C,A,H,R,4,93,C,N,8.663995
tcr_20_4,C,A,H,K,4,92,C,C,9.892928
tcr_20_4,C,A,H,R,4,93,C,CA,8.137103
tcr_20_4,C,A,H,R,4,93,C,C,8.1323805
tcr_20_4,C,A,H,K,4,92,C,N,9.781223
tcr_20_4,C,A,H,R,4,93,C,CG,7.446604
tcr_20_4,C,A,H,Q,4,89,C,CG,9.146753
tcr_20_4,C,A,H,R,4,93,C,CB,6.8769894
tcr_20_4,C,A,H,Q,4,89,C,C,7.72512
tcr_20_4,C,A,H,Q,4,89,C,CD,9.532024
tcr_20_4,C,A,H,R,4,93,C,CD,6.5381107
tcr_20_4,C,A,H,K,4,90,C,C,6.624297
tcr_20_4,C,A,H,K,4,90,C,CB,5.3276525
tcr_20_4,C,A,H,K,4,90,C,CA,5.8457403
tcr_20_4,C,A,H,K,4,90,C,CD,4.6169724
tcr_20_4,C,A,H,K,4,90,C,N,6.9175825
tcr_20_4,C,A,H,K,4,90,C,CG,4.641797
tcr_20_4,C,A,H,Q,4,89,C,OE1,9.405903
tcr_20_4,C,A,H,Q,4,94,C,CD,8.007886
tcr_20_4,C,A,H,Q,4,94,C,NE2,9.003957
tcr_20_4,C,A,H,Q,4,94,C,OE1,6.9472632
tcr_20_4,C,A,H,R,4,93,C,NH2,5.657798
tcr_20_4,C,A,H,R,4,93,C,NH1,5.382814
tcr_20_4,C,A,H,R,4,93,C,NE,6.0954704
tcr_20_4,C,A,H,A,4,97,C,CB,9.731571
tcr_20_4,C,A,H,R,4,93,C,O,8.781935
tcr_20_4,C,A,H,R,4,93,C,CZ,5.570956
tcr_20_4,C,A,H,F,4,123,C,CE2,8.9468975
tcr_20_4,C,A,H,Y,4,183,C,OH,9.181647
tcr_20_4,C,A,H,Y,4,183,C,CZ,8.616266
tcr_20_4,C,A,H,F,4,123,C,CZ,8.712074
tcr_20_4,C,A,H,F,4,123,C,CD2,9.810861
tcr_20_4,C,A,H,Y,4,183,C,CE1,9.10468
tcr_20_4,C,A,H,F,4,123,C,CE1,9.381319
tcr_20_4,C,A,H,Y,4,183,C,CD1,8.863591
tcr_20_4,C,A,H,Y,4,183,C,CG,8.100369
tcr_20_4,C,A,H,R,4,121,C,NH2,8.178176
tcr_20_4,C,A,H,R,4,121,C,NE,9.804366
tcr_20_4,C,A,H,R,4,121,C,CZ,8.506179
tcr_20_4,C,A,H,Y,4,183,C,CE2,7.8252106
tcr_20_4,C,A,H,Y,4,183,C,CB,8.26295
tcr_20_4,C,A,H,Y,4,183,C,CA,9.486935
tcr_20_4,C,A,H,Y,4,183,C,CD2,7.5484633
tcr_20_4,C,A,H,T,4,187,C,CB,9.693191
tcr_20_4,C,A,H,T,4,187,C,CG2,9.214409
tcr_20_4,C,A,H,K,4,90,C,NZ,6.5660524
tcr_20_4,C,A,H,E,4,87,C,OE1,8.814051
tcr_20_4,C,A,H,R,4,86,C,NE,9.428297
tcr_20_4,C,A,H,R,4,86,C,CD,8.677941
tcr_20_4,C,A,H,R,4,180,C,CD,8.691121
tcr_20_4,C,A,H,Q,4,179,C,OE1,8.409556
tcr_20_4,C,A,H,R,4,180,C,NE,8.237716
tcr_20_4,C,A,H,R,4,180,C,CZ,7.1040726
tcr_20_4,C,A,H,R,4,180,C,NH1,6.153198
tcr_20_4,C,A,H,E,4,176,C,OE1,9.152162
tcr_20_4,C,A,H,R,4,180,C,NH2,7.0910983
tcr_20_4,C,A,H,Q,4,179,C,CD,9.5225725
tcr_20_4,C,A,H,Q,4,179,C,CB,9.267854
tcr_20_4,C,A,H,Q,4,179,C,O,8.993352
tcr_20_4,C,A,H,Q,4,179,C,C,9.577074
tcr_20_4,C,A,H,T,4,187,C,OG1,9.497686
tcr_20_4,C,A,H,T,4,88,O,O,9.766541
tcr_20_4,C,A,H,Y,4,91,O,CD1,9.891113
tcr_20_4,C,A,H,Y,4,91,O,CB,9.884039
tcr_20_4,C,A,H,E,4,87,O,O,8.679602
tcr_20_4,C,A,H,E,4,87,O,CD,9.863222
tcr_20_4,C,A,H,E,4,87,O,OE2,9.704281
tcr_20_4,C,A,H,E,4,87,O,N,9.551659
tcr_20_4,C,A,H,E,4,87,O,CA,9.388029
tcr_20_4,C,A,H,T,4,88,O,C,9.805114
tcr_20_4,C,A,H,E,4,87,O,C,9.422332
tcr_20_4,C,A,H,K,4,90,O,CE,6.493744
tcr_20_4,C,A,H,R,4,86,O,O,7.6778674
tcr_20_4,C,A,H,Q,4,89,O,N,9.175425
tcr_20_4,C,A,H,R,4,86,O,C,8.759676
tcr_20_4,C,A,H,Q,4,89,O,CA,8.371289
tcr_20_4,C,A,H,R,4,86,O,CG,8.276643
tcr_20_4,C,A,H,Q,4,89,O,CB,8.310561
tcr_20_4,C,A,H,R,4,86,O,CA,9.4442005
tcr_20_4,C,A,H,R,4,86,O,CB,9.555207
tcr_20_4,C,A,H,Y,4,91,O,O,9.232032
tcr_20_4,C,A,H,A,4,95,O,N,9.910731
tcr_20_4,C,A,H,Y,4,91,O,C,8.970073
tcr_20_4,C,A,H,Q,4,94,O,C,9.216779
tcr_20_4,C,A,H,Q,4,94,O,N,7.127024
tcr_20_4,C,A,H,Y,4,91,O,CA,8.573036
tcr_20_4,C,A,H,Q,4,94,O,CA,7.703643
tcr_20_4,C,A,H,Q,4,94,O,CG,8.304349
tcr_20_4,C,A,H,Y,4,91,O,N,7.540955
tcr_20_4,C,A,H,Q,4,94,O,CB,7.534981
tcr_20_4,C,A,H,R,4,121,O,NH1,8.249395
tcr_20_4,C,A,H,K,4,90,O,O,5.977714
tcr_20_4,C,A,H,K,4,92,O,CA,9.863892
tcr_20_4,C,A,H,K,4,92,O,O,9.8411255
tcr_20_4,C,A,H,Q,4,89,O,O,6.956423
tcr_20_4,C,A,H,R,4,93,O,N,7.851358
tcr_20_4,C,A,H,K,4,92,O,C,9.12272
tcr_20_4,C,A,H,R,4,93,O,CA,7.2399344
tcr_20_4,C,A,H,R,4,93,O,C,7.3528996
tcr_20_4,C,A,H,K,4,92,O,N,9.229672
tcr_20_4,C,A,H,R,4,93,O,CG,6.3594036
tcr_20_4,C,A,H,Q,4,89,O,CG,8.309211
tcr_20_4,C,A,H,R,4,93,O,CB,5.896141
tcr_20_4,C,A,H,Q,4,89,O,C,7.094381
tcr_20_4,C,A,H,Q,4,89,O,NE2,9.319289
tcr_20_4,C,A,H,Q,4,89,O,CD,8.69039
tcr_20_4,C,A,H,R,4,93,O,CD,5.3907905
tcr_20_4,C,A,H,K,4,90,O,C,6.2773
tcr_20_4,C,A,H,K,4,90,O,CB,5.267194
tcr_20_4,C,A,H,K,4,90,O,CA,5.471786
tcr_20_4,C,A,H,K,4,90,O,CD,4.971289
tcr_20_4,C,A,H,K,4,90,O,N,6.460296
tcr_20_4,C,A,H,K,4,90,O,CG,4.619048
tcr_20_4,C,A,H,Q,4,89,O,OE1,8.669467
tcr_20_4,C,A,H,Q,4,94,O,CD,7.900109
tcr_20_4,C,A,H,Q,4,94,O,NE2,8.831921
tcr_20_4,C,A,H,Q,4,94,O,OE1,6.9119678
tcr_20_4,C,A,H,Q,4,94,O,O,9.85586
tcr_20_4,C,A,H,R,4,93,O,NH2,4.487601
tcr_20_4,C,A,H,R,4,93,O,NH1,4.2209067
tcr_20_4,C,A,H,R,4,93,O,NE,4.8836274
tcr_20_4,C,A,H,A,4,97,O,CB,9.098586
tcr_20_4,C,A,H,R,4,93,O,O,7.975703
tcr_20_4,C,A,H,R,4,93,O,CZ,4.349572
tcr_20_4,C,A,H,F,4,123,O,CE2,9.939212
tcr_20_4,C,A,H,Y,4,183,O,CZ,9.80261
tcr_20_4,C,A,H,F,4,123,O,CZ,9.58878
tcr_20_4,C,A,H,Y,4,183,O,CG,9.319401
tcr_20_4,C,A,H,R,4,121,O,NH2,8.945604
tcr_20_4,C,A,H,R,4,121,O,CZ,9.168863
tcr_20_4,C,A,H,Y,4,183,O,CE2,9.028205
tcr_20_4,C,A,H,Y,4,183,O,CB,9.44951
tcr_20_4,C,A,H,Y,4,183,O,CD2,8.77253
tcr_20_4,C,A,H,K,4,90,O,NZ,7.183291
tcr_20_4,C,A,H,E,4,87,O,OE1,9.325945
tcr_20_4,C,A,H,R,4,86,O,NE,9.700612
tcr_20_4,C,A,H,R,4,86,O,CD,8.79837
tcr_20_4,C,A,H,R,4,180,O,CD,9.497277
tcr_20_4,C,A,H,Q,4,179,O,OE1,8.728812
tcr_20_4,C,A,H,R,4,180,O,NE,8.890406
tcr_20_4,C,A,H,R,4,180,O,CZ,7.6906853
tcr_20_4,C,A,H,R,4,180,O,NH1,6.849522
tcr_20_4,C,A,H,E,4,176,O,OE1,9.5134115
tcr_20_4,C,A,H,R,4,180,O,NH2,7.4807816
tcr_20_4,C,A,H,Q,4,179,O,CD,9.866505
tcr_20_4,C,A,H,Q,4,179,O,CB,9.9029665
tcr_20_4,C,A,H,Q,4,179,O,O,9.944764
tcr_20_4,C,A,H,E,4,87,CB,O,8.158493
tcr_20_4,C,A,H,E,4,87,CB,CD,7.9166446
tcr_20_4,C,A,H,E,4,87,CB,OE2,7.98072
tcr_20_4,C,A,H,E,4,87,CB,CG,9.041734
tcr_20_4,C,A,H,E,4,87,CB,N,8.010801
tcr_20_4,C,A,H,T,4,88,CB,N,9.642444
tcr_20_4,C,A,H,E,4,87,CB,CA,8.0514145
tcr_20_4,C,A,H,E,4,87,CB,CB,9.159657
tcr_20_4,C,A,H,T,4,88,CB,C,9.760994
tcr_20_4,C,A,H,E,4,87,CB,C,8.576161
tcr_20_4,C,A,H,K,4,90,CB,CE,4.632798
tcr_20_4,C,A,H,R,4,86,CB,O,6.5318213
tcr_20_4,C,A,H,Q,4,89,CB,N,9.033094
tcr_20_4,C,A,H,Y,4,83,CB,O,9.881839
tcr_20_4,C,A,H,R,4,86,CB,C,7.3229613
tcr_20_4,C,A,H,D,4,85,CB,O,9.801118
tcr_20_4,C,A,H,Q,4,89,CB,CA,8.588746
tcr_20_4,C,A,H,R,4,86,CB,CG,6.1281524
tcr_20_4,C,A,H,Q,4,89,CB,CB,8.2988615
tcr_20_4,C,A,H,R,4,86,CB,CA,7.8773456
tcr_20_4,C,A,H,R,4,86,CB,N,9.335333
tcr_20_4,C,A,H,R,4,86,CB,CB,7.560585
tcr_20_4,C,A,H,Q,4,94,CB,N,9.329045
tcr_20_4,C,A,H,Y,4,91,CB,CA,9.359035
tcr_20_4,C,A,H,Q,4,94,CB,CA,9.952103
tcr_20_4,C,A,H,Y,4,91,CB,N,8.104748
tcr_20_4,C,A,H,Q,4,94,CB,CB,9.4617605
tcr_20_4,C,A,H,R,4,121,CB,NH1,9.446597
tcr_20_4,C,A,H,K,4,90,CB,O,7.306623
tcr_20_4,C,A,H,Q,4,89,CB,O,7.9605417
tcr_20_4,C,A,H,R,4,93,CB,N,9.68465
tcr_20_4,C,A,H,R,4,93,CB,CA,9.457787
tcr_20_4,C,A,H,R,4,93,CB,C,9.744612
tcr_20_4,C,A,H,R,4,93,CB,CG,8.4192915
tcr_20_4,C,A,H,Q,4,89,CB,CG,8.683106
tcr_20_4,C,A,H,R,4,93,CB,CB,8.148615
tcr_20_4,C,A,H,Q,4,89,CB,C,7.5992007
tcr_20_4,C,A,H,Q,4,89,CB,NE2,9.685749
tcr_20_4,C,A,H,Q,4,89,CB,CD,8.829183
tcr_20_4,C,A,H,R,4,93,CB,CD,7.3427286
tcr_20_4,C,A,H,K,4,90,CB,C,7.104075
tcr_20_4,C,A,H,K,4,90,CB,CB,5.0687532
tcr_20_4,C,A,H,K,4,90,CB,CA,5.9375796
tcr_20_4,C,A,H,K,4,90,CB,CD,3.3032362
tcr_20_4,C,A,H,K,4,90,CB,N,6.6437306
tcr_20_4,C,A,H,K,4,90,CB,CG,3.8167863
tcr_20_4,C,A,H,Q,4,89,CB,OE1,8.392661
tcr_20_4,C,A,H,Q,4,94,CB,OE1,9.114805
tcr_20_4,C,A,H,R,4,93,CB,NH2,7.029868
tcr_20_4,C,A,H,R,4,93,CB,NH1,5.982473
tcr_20_4,C,A,H,R,4,93,CB,NE,7.255146
tcr_20_4,C,A,H,R,4,93,CB,CZ,6.6537933
tcr_20_4,C,A,H,F,4,123,CB,CE2,9.448974
tcr_20_4,C,A,H,Y,4,183,CB,OH,8.831928
tcr_20_4,C,A,H,Y,4,183,CB,CZ,8.355136
tcr_20_4,C,A,H,F,4,123,CB,CZ,9.358911
tcr_20_4,C,A,H,Y,4,183,CB,CE1,9.152503
tcr_20_4,C,A,H,Y,4,183,CB,CD1,9.018208
tcr_20_4,C,A,H,Y,4,183,CB,CG,8.062148
tcr_20_4,C,A,H,R,4,121,CB,NH2,9.847625
tcr_20_4,C,A,H,Y,4,183,CB,CE2,7.306519
tcr_20_4,C,A,H,Y,4,183,CB,CB,8.340191
tcr_20_4,C,A,H,Y,4,183,CB,CA,9.311792
tcr_20_4,C,A,H,Y,4,183,CB,CD2,7.1453876
tcr_20_4,C,A,H,T,4,187,CB,CB,8.394873
tcr_20_4,C,A,H,T,4,187,CB,CG2,7.6387095
tcr_20_4,C,A,H,W,4,191,CB,CD1,9.816002
tcr_20_4,C,A,H,K,4,90,CB,NZ,4.9333835
tcr_20_4,C,A,H,E,4,87,CB,OE1,7.0988293
tcr_20_4,C,A,H,W,4,191,CB,NE1,9.40385
tcr_20_4,C,A,H,W,4,191,CB,CE2,9.981831
tcr_20_4,C,A,H,R,4,86,CB,CZ,7.7452254
tcr_20_4,C,A,H,R,4,86,CB,NH2,8.616308
tcr_20_4,C,A,H,R,4,86,CB,NE,7.007
tcr_20_4,C,A,H,R,4,86,CB,CD,6.3107686
tcr_20_4,C,A,H,R,4,86,CB,NH1,7.88058
tcr_20_4,C,A,H,R,4,180,CB,CZ,9.165357
tcr_20_4,C,A,H,R,4,180,CB,NH1,8.126307
tcr_20_4,C,A,H,R,4,180,CB,NH2,9.345225
tcr_20_4,C,A,H,Q,4,179,CB,O,9.731174
tcr_20_4,C,A,H,T,4,187,CB,CA,9.904358
tcr_20_4,C,A,H,T,4,187,CB,OG1,8.185604
tcr_20_4,C,A,H,E,4,87,CG,O,9.47925
tcr_20_4,C,A,H,E,4,87,CG,CD,8.642202
tcr_20_4,C,A,H,E,4,87,CG,OE2,8.726047
tcr_20_4,C,A,H,E,4,87,CG,CG,9.848522
tcr_20_4,C,A,H,E,4,87,CG,N,9.067531
tcr_20_4,C,A,H,E,4,87,CG,CA,9.160801
tcr_20_4,C,A,H,E,4,87,CG,C,9.8303
tcr_20_4,C,A,H,K,4,90,CG,CE,5.604352
tcr_20_4,C,A,H,R,4,86,CG,O,7.767107
tcr_20_4,C,A,H,R,4,86,CG,C,8.435269
tcr_20_4,C,A,H,R,4,86,CG,CG,6.858056
tcr_20_4,C,A,H,Q,4,89,CG,CB,9.663245
tcr_20_4,C,A,H,R,4,86,CG,CA,8.882139
tcr_20_4,C,A,H,R,4,86,CG,CB,8.348393
tcr_20_4,C,A,H,Y,4,91,CG,N,9.531658
tcr_20_4,C,A,H,R,4,121,CG,NH1,9.897434
tcr_20_4,C,A,H,K,4,90,CG,O,8.722842
tcr_20_4,C,A,H,Q,4,89,CG,O,9.454116
tcr_20_4,C,A,H,R,4,93,CG,CG,9.772586
tcr_20_4,C,A,H,R,4,93,CG,CB,9.511244
tcr_20_4,C,A,H,Q,4,89,CG,C,9.083377
tcr_20_4,C,A,H,R,4,93,CG,CD,8.631086
tcr_20_4,C,A,H,K,4,90,CG,C,8.552344
tcr_20_4,C,A,H,K,4,90,CG,CB,6.475967
tcr_20_4,C,A,H,K,4,90,CG,CA,7.4188333
tcr_20_4,C,A,H,K,4,90,CG,CD,4.4725685
tcr_20_4,C,A,H,K,4,90,CG,N,8.1199465
tcr_20_4,C,A,H,K,4,90,CG,CG,5.228382
tcr_20_4,C,A,H,Q,4,89,CG,OE1,9.524372
tcr_20_4,C,A,H,Q,4,94,CG,OE1,9.982184
tcr_20_4,C,A,H,R,4,93,CG,NH2,7.849236
tcr_20_4,C,A,H,R,4,93,CG,NH1,6.953089
tcr_20_4,C,A,H,R,4,93,CG,NE,8.402578
tcr_20_4,C,A,H,R,4,93,CG,CZ,7.650825
tcr_20_4,C,A,H,F,4,123,CG,CE2,9.567502
tcr_20_4,C,A,H,Y,4,183,CG,OH,8.593912
tcr_20_4,C,A,H,Y,4,183,CG,CZ,7.939003
tcr_20_4,C,A,H,F,4,123,CG,CZ,9.693951
tcr_20_4,C,A,H,Y,4,183,CG,CE1,8.677068
tcr_20_4,C,A,H,Y,4,183,CG,CD1,8.375206
tcr_20_4,C,A,H,Y,4,183,CG,CG,7.2649403
tcr_20_4,C,A,H,R,4,121,CG,NH2,9.965325
tcr_20_4,C,A,H,Y,4,183,CG,CE2,6.752676
tcr_20_4,C,A,H,Y,4,183,CG,CB,7.3688498
tcr_20_4,C,A,H,Y,4,183,CG,CA,8.195736
tcr_20_4,C,A,H,Y,4,183,CG,CD2,6.3678913
tcr_20_4,C,A,H,T,4,187,CG,CB,7.285085
tcr_20_4,C,A,H,T,4,187,CG,CG2,6.6682286
tcr_20_4,C,A,H,W,4,191,CG,CD1,9.184921
tcr_20_4,C,A,H,K,4,90,CG,NZ,5.5526342
tcr_20_4,C,A,H,E,4,87,CG,OE1,7.708936
tcr_20_4,C,A,H,W,4,191,CG,NE1,8.804032
tcr_20_4,C,A,H,W,4,191,CG,CE2,9.550901
tcr_20_4,C,A,H,R,4,86,CG,CZ,7.784008
tcr_20_4,C,A,H,R,4,86,CG,NH2,8.606743
tcr_20_4,C,A,H,R,4,86,CG,NE,7.2779703
tcr_20_4,C,A,H,W,4,191,CG,CZ2,9.838114
tcr_20_4,C,A,H,R,4,86,CG,CD,6.7172537
tcr_20_4,C,A,H,R,4,86,CG,NH1,7.7581944
tcr_20_4,C,A,H,R,4,180,CG,CD,9.938283
tcr_20_4,C,A,H,Q,4,179,CG,OE1,9.415125
tcr_20_4,C,A,H,R,4,180,CG,NE,9.885748
tcr_20_4,C,A,H,R,4,180,CG,CZ,9.030242
tcr_20_4,C,A,H,R,4,180,CG,NH1,8.039993
tcr_20_4,C,A,H,R,4,180,CG,NH2,9.321826
tcr_20_4,C,A,H,Q,4,179,CG,CB,9.66689
tcr_20_4,C,A,H,Q,4,179,CG,O,8.697404
tcr_20_4,C,A,H,Q,4,179,CG,C,9.5895405
tcr_20_4,C,A,H,T,4,187,CG,O,9.879151
tcr_20_4,C,A,H,Y,4,183,CG,C,9.3834
tcr_20_4,C,A,H,Y,4,183,CG,O,9.524987
tcr_20_4,C,A,H,A,4,182,CG,O,9.78649
tcr_20_4,C,A,H,T,4,187,CG,CA,8.811156
tcr_20_4,C,A,H,T,4,187,CG,N,9.515693
tcr_20_4,C,A,H,A,4,182,CG,C,9.594301
tcr_20_4,C,A,H,T,4,187,CG,OG1,6.9139614
tcr_20_4,C,A,H,C,4,188,CG,N,9.737185
tcr_20_4,C,A,H,Y,4,183,CG,N,8.8175955
tcr_20_4,C,A,H,T,4,187,CG,C,9.432095
tcr_20_4,C,A,H,E,4,87,ND1,O,9.812089
tcr_20_4,C,A,H,E,4,87,ND1,CD,8.258927
tcr_20_4,C,A,H,E,4,87,ND1,OE2,8.38901
tcr_20_4,C,A,H,E,4,87,ND1,CG,9.517352
tcr_20_4,C,A,H,E,4,87,ND1,N,9.079505
tcr_20_4,C,A,H,E,4,87,ND1,CA,9.193968
tcr_20_4,C,A,H,K,4,90,ND1,CE,5.59376
tcr_20_4,C,A,H,R,4,86,ND1,O,8.083887
tcr_20_4,C,A,H,R,4,86,ND1,C,8.584536
tcr_20_4,C,A,H,R,4,86,ND1,CG,6.8218493
tcr_20_4,C,A,H,R,4,86,ND1,CA,9.002007
tcr_20_4,C,A,H,R,4,86,ND1,CB,8.28514
tcr_20_4,C,A,H,K,4,90,ND1,O,9.598629
tcr_20_4,C,A,H,Q,4,89,ND1,C,9.88949
tcr_20_4,C,A,H,R,4,93,ND1,CD,9.867561
tcr_20_4,C,A,H,K,4,90,ND1,C,9.323679
tcr_20_4,C,A,H,K,4,90,ND1,CB,7.075082
tcr_20_4,C,A,H,K,4,90,ND1,CA,8.192927
tcr_20_4,C,A,H,K,4,90,ND1,CD,4.771383
tcr_20_4,C,A,H,K,4,90,ND1,N,8.838667
tcr_20_4,C,A,H,K,4,90,ND1,CG,5.8285623
tcr_20_4,C,A,H,R,4,93,ND1,NH2,9.224251
tcr_20_4,C,A,H,R,4,93,ND1,NH1,8.254096
tcr_20_4,C,A,H,R,4,93,ND1,NE,9.721498
tcr_20_4,C,A,H,R,4,93,ND1,CZ,8.995959
tcr_20_4,C,A,H,F,4,123,ND1,CE2,9.352653
tcr_20_4,C,A,H,Y,4,183,ND1,OH,7.9145093
tcr_20_4,C,A,H,Y,4,183,ND1,CZ,7.2603745
tcr_20_4,C,A,H,F,4,123,ND1,CZ,9.629239
tcr_20_4,C,A,H,Y,4,183,ND1,CE1,8.095151
tcr_20_4,C,A,H,Y,4,183,ND1,CD1,7.828705
tcr_20_4,C,A,H,Y,4,183,ND1,CG,6.654474
tcr_20_4,C,A,H,W,4,191,ND1,CH2,9.780459
tcr_20_4,C,A,H,Y,4,183,ND1,CE2,5.969841
tcr_20_4,C,A,H,Y,4,183,ND1,CB,6.829793
tcr_20_4,C,A,H,Y,4,183,ND1,CA,7.4884973
tcr_20_4,C,A,H,Y,4,183,ND1,CD2,5.612059
tcr_20_4,C,A,H,T,4,187,ND1,CB,6.0360723
tcr_20_4,C,A,H,W,4,191,ND1,CB,9.776028
tcr_20_4,C,A,H,W,4,191,ND1,CG,8.852514
tcr_20_4,C,A,H,T,4,187,ND1,CG2,5.3414197
tcr_20_4,C,A,H,W,4,191,ND1,CD2,9.131612
tcr_20_4,C,A,H,W,4,191,ND1,CD1,7.8667235
tcr_20_4,C,A,H,K,4,90,ND1,NZ,5.1969094
tcr_20_4,C,A,H,E,4,87,ND1,OE1,7.236504
tcr_20_4,C,A,H,W,4,191,ND1,NE1,7.49341
tcr_20_4,C,A,H,W,4,191,ND1,CE2,8.307945
tcr_20_4,C,A,H,R,4,86,ND1,CZ,7.100634
tcr_20_4,C,A,H,R,4,86,ND1,NH2,7.791683
tcr_20_4,C,A,H,R,4,86,ND1,NE,6.7713065
tcr_20_4,C,A,H,W,4,191,ND1,CZ2,8.668119
tcr_20_4,C,A,H,R,4,86,ND1,CD,6.4649796
tcr_20_4,C,A,H,R,4,86,ND1,NH1,7.0781393
tcr_20_4,C,A,H,R,4,180,ND1,CZ,9.64932
tcr_20_4,C,A,H,R,4,180,ND1,NH1,8.619408
tcr_20_4,C,A,H,Q,4,179,ND1,O,8.618258
tcr_20_4,C,A,H,Q,4,179,ND1,C,9.628316
tcr_20_4,C,A,H,T,4,187,ND1,O,8.598258
tcr_20_4,C,A,H,L,4,184,ND1,N,9.701752
tcr_20_4,C,A,H,C,4,188,ND1,CB,9.975146
tcr_20_4,C,A,H,C,4,188,ND1,CA,9.49195
tcr_20_4,C,A,H,Y,4,183,ND1,C,8.589676
tcr_20_4,C,A,H,Y,4,183,ND1,O,8.592917
tcr_20_4,C,A,H,A,4,182,ND1,O,8.965937
tcr_20_4,C,A,H,T,4,187,ND1,CA,7.5438957
tcr_20_4,C,A,H,T,4,187,ND1,N,8.319895
tcr_20_4,C,A,H,A,4,182,ND1,C,8.923058
tcr_20_4,C,A,H,T,4,187,ND1,OG1,5.7004356
tcr_20_4,C,A,H,C,4,188,ND1,N,8.593898
tcr_20_4,C,A,H,Y,4,183,ND1,N,8.22266
tcr_20_4,C,A,H,T,4,187,ND1,C,8.190447
tcr_20_4,C,A,H,G,4,186,ND1,C,9.647808
tcr_20_4,C,A,H,A,4,182,ND1,CB,9.596167
tcr_20_4,C,A,H,K,4,90,CD2,CE,6.9542694
tcr_20_4,C,A,H,R,4,86,CD2,O,8.973541
tcr_20_4,C,A,H,R,4,86,CD2,C,9.6764
tcr_20_4,C,A,H,R,4,86,CD2,CG,7.989823
tcr_20_4,C,A,H,R,4,86,CD2,CB,9.503854
tcr_20_4,C,A,H,K,4,90,CD2,O,9.53486
tcr_20_4,C,A,H,R,4,93,CD2,CB,9.942939
tcr_20_4,C,A,H,R,4,93,CD2,CD,8.96336
tcr_20_4,C,A,H,K,4,90,CD2,C,9.494632
tcr_20_4,C,A,H,K,4,90,CD2,CB,7.5888505
tcr_20_4,C,A,H,K,4,90,CD2,CA,8.402673
tcr_20_4,C,A,H,K,4,90,CD2,CD,5.763619
tcr_20_4,C,A,H,K,4,90,CD2,N,9.140671
tcr_20_4,C,A,H,K,4,90,CD2,CG,6.3798494
tcr_20_4,C,A,H,R,4,93,CD2,NH2,7.6065984
tcr_20_4,C,A,H,R,4,93,CD2,NH1,6.9711576
tcr_20_4,C,A,H,R,4,93,CD2,NE,8.522594
tcr_20_4,C,A,H,R,4,93,CD2,CZ,7.620275
tcr_20_4,C,A,H,Y,4,183,CD2,OH,9.304183
tcr_20_4,C,A,H,Y,4,183,CD2,CZ,8.48703
tcr_20_4,C,A,H,Y,4,183,CD2,CE1,9.051673
tcr_20_4,C,A,H,Y,4,183,CD2,CD1,8.543515
tcr_20_4,C,A,H,Y,4,183,CD2,CG,7.359355
tcr_20_4,C,A,H,Y,4,183,CD2,CE2,7.2916136
tcr_20_4,C,A,H,Y,4,183,CD2,CB,7.1825852
tcr_20_4,C,A,H,Y,4,183,CD2,CA,7.951754
tcr_20_4,C,A,H,Y,4,183,CD2,CD2,6.6566877
tcr_20_4,C,A,H,T,4,187,CD2,CB,7.539827
tcr_20_4,C,A,H,T,4,187,CD2,CG2,7.164197
tcr_20_4,C,A,H,W,4,191,CD2,CD1,9.983096
tcr_20_4,C,A,H,K,4,90,CD2,NZ,6.9071307
tcr_20_4,C,A,H,E,4,87,CD2,OE1,9.066454
tcr_20_4,C,A,H,W,4,191,CD2,NE1,9.636364
tcr_20_4,C,A,H,R,4,86,CD2,CZ,8.794262
tcr_20_4,C,A,H,R,4,86,CD2,NH2,9.650396
tcr_20_4,C,A,H,R,4,86,CD2,NE,8.380793
tcr_20_4,C,A,H,R,4,86,CD2,CD,7.7591395
tcr_20_4,C,A,H,R,4,86,CD2,NH1,8.611189
tcr_20_4,C,A,H,R,4,180,CD2,CD,9.488954
tcr_20_4,C,A,H,Q,4,179,CD2,OE1,8.2988
tcr_20_4,C,A,H,R,4,180,CD2,NE,9.387002
tcr_20_4,C,A,H,R,4,180,CD2,CZ,8.588578
tcr_20_4,C,A,H,R,4,180,CD2,NH1,7.7376757
tcr_20_4,C,A,H,R,4,180,CD2,NH2,8.826301
tcr_20_4,C,A,H,Q,4,179,CD2,CD,9.135883
tcr_20_4,C,A,H,Q,4,179,CD2,CG,9.320736
tcr_20_4,C,A,H,Q,4,179,CD2,CB,8.620315
tcr_20_4,C,A,H,R,4,180,CD2,CA,9.846384
tcr_20_4,C,A,H,Q,4,179,CD2,O,7.918907
tcr_20_4,C,A,H,Q,4,179,CD2,CA,9.070909
tcr_20_4,C,A,H,Q,4,179,CD2,C,8.753198
tcr_20_4,C,A,H,R,4,180,CD2,N,9.643756
tcr_20_4,C,A,H,Y,4,183,CD2,C,9.275863
tcr_20_4,C,A,H,Y,4,183,CD2,O,9.547788
tcr_20_4,C,A,H,A,4,182,CD2,O,9.356992
tcr_20_4,C,A,H,T,4,187,CD2,CA,9.062789
tcr_20_4,C,A,H,T,4,187,CD2,N,9.575786
tcr_20_4,C,A,H,A,4,182,CD2,C,9.072289
tcr_20_4,C,A,H,T,4,187,CD2,OG1,6.952757
tcr_20_4,C,A,H,A,4,182,CD2,CA,9.874003
tcr_20_4,C,A,H,Y,4,183,CD2,N,8.356178
tcr_20_4,C,A,H,T,4,187,CD2,C,9.832704
tcr_20_4,C,A,H,A,4,182,CD2,CB,9.202239
tcr_20_4,C,A,H,E,4,87,CE1,CD,9.44357
tcr_20_4,C,A,H,E,4,87,CE1,OE2,9.569008
tcr_20_4,C,A,H,K,4,90,CE1,CE,6.911498
tcr_20_4,C,A,H,R,4,86,CE1,O,9.380964
tcr_20_4,C,A,H,R,4,86,CE1,C,9.853975
tcr_20_4,C,A,H,R,4,86,CE1,CG,7.9116535
tcr_20_4,C,A,H,R,4,86,CE1,CB,9.385909
tcr_20_4,C,A,H,K,4,90,CE1,CB,8.375342
tcr_20_4,C,A,H,K,4,90,CE1,CA,9.4588785
tcr_20_4,C,A,H,K,4,90,CE1,CD,6.1075177
tcr_20_4,C,A,H,K,4,90,CE1,CG,7.137329
tcr_20_4,C,A,H,R,4,93,CE1,NH2,9.762076
tcr_20_4,C,A,H,R,4,93,CE1,NH1,8.946918
tcr_20_4,C,A,H,R,4,93,CE1,CZ,9.679696
tcr_20_4,C,A,H,F,4,123,CE1,CE2,9.872313
tcr_20_4,C,A,H,Y,4,183,CE1,OH,8.276234
tcr_20_4,C,A,H,Y,4,183,CE1,CZ,7.448391
tcr_20_4,C,A,H,Y,4,183,CE1,CE1,8.144613
tcr_20_4,C,A,H,Y,4,183,CE1,CD1,7.676041
tcr_20_4,C,A,H,Y,4,183,CE1,CG,6.378003
tcr_20_4,C,A,H,R,4,180,CE1,O,9.585373
tcr_20_4,C,A,H,Y,4,183,CE1,CE2,6.099151
tcr_20_4,C,A,H,Y,4,183,CE1,CB,6.2885704
tcr_20_4,C,A,H,Y,4,183,CE1,CA,6.763231
tcr_20_4,C,A,H,Y,4,183,CE1,CD2,5.465556
tcr_20_4,C,A,H,T,4,187,CE1,CB,5.5055294
tcr_20_4,C,A,H,W,4,191,CE1,CB,9.989689
tcr_20_4,C,A,H,W,4,191,CE1,CG,9.081601
tcr_20_4,C,A,H,T,4,187,CE1,CG2,5.0816765
tcr_20_4,C,A,H,W,4,191,CE1,CD2,9.479027
tcr_20_4,C,A,H,W,4,191,CE1,CD1,7.9709473
tcr_20_4,C,A,H,K,4,90,CE1,NZ,6.4207764
tcr_20_4,C,A,H,E,4,87,CE1,OE1,8.391522
tcr_20_4,C,A,H,W,4,191,CE1,NE1,7.6481524
tcr_20_4,C,A,H,W,4,191,CE1,CE2,8.619022
tcr_20_4,C,A,H,R,4,86,CE1,CZ,7.790397
tcr_20_4,C,A,H,R,4,86,CE1,NH2,8.446729
tcr_20_4,C,A,H,R,4,86,CE1,NE,7.6446953
tcr_20_4,C,A,H,W,4,191,CE1,CZ2,9.063494
tcr_20_4,C,A,H,R,4,86,CE1,CD,7.3818417
tcr_20_4,C,A,H,R,4,86,CE1,NH1,7.5955234
tcr_20_4,C,A,H,Q,4,179,CE1,OE1,9.531856
tcr_20_4,C,A,H,R,4,180,CE1,CZ,9.61507
tcr_20_4,C,A,H,R,4,180,CE1,NH1,8.685428
tcr_20_4,C,A,H,Q,4,179,CE1,CB,9.247056
tcr_20_4,C,A,H,R,4,180,CE1,CA,9.818465
tcr_20_4,C,A,H,Q,4,179,CE1,O,7.804709
tcr_20_4,C,A,H,Q,4,179,CE1,CA,9.339033
tcr_20_4,C,A,H,Q,4,179,CE1,C,8.846223
tcr_20_4,C,A,H,R,4,180,CE1,N,9.777383
tcr_20_4,C,A,H,E,4,190,CE1,OE2,9.435051
tcr_20_4,C,A,H,T,4,187,CE1,O,8.394012
tcr_20_4,C,A,H,L,4,184,CE1,N,9.103159
tcr_20_4,C,A,H,C,4,188,CE1,CB,9.799742
tcr_20_4,C,A,H,C,4,188,CE1,CA,9.329941
tcr_20_4,C,A,H,Y,4,183,CE1,C,7.9667
tcr_20_4,C,A,H,Y,4,183,CE1,O,8.021927
tcr_20_4,C,A,H,A,4,182,CE1,O,7.9575033
tcr_20_4,C,A,H,T,4,187,CE1,CA,7.005587
tcr_20_4,C,A,H,T,4,187,CE1,N,7.600605
tcr_20_4,C,A,H,A,4,182,CE1,C,7.9262295
tcr_20_4,C,A,H,T,4,187,CE1,OG1,4.897747
tcr_20_4,C,A,H,A,4,182,CE1,CA,8.935037
tcr_20_4,C,A,H,C,4,188,CE1,N,8.277283
tcr_20_4,C,A,H,Y,4,183,CE1,N,7.345248
tcr_20_4,C,A,H,T,4,187,CE1,C,7.8564177
tcr_20_4,C,A,H,G,4,186,CE1,CA,9.557988
tcr_20_4,C,A,H,G,4,186,CE1,C,8.916608
tcr_20_4,C,A,H,G,4,186,CE1,O,9.7181635
tcr_20_4,C,A,H,A,4,182,CE1,N,9.745406
tcr_20_4,C,A,H,A,4,182,CE1,CB,8.444114
tcr_20_4,C,A,H,K,4,90,NE2,CE,7.651548
tcr_20_4,C,A,H,R,4,86,NE2,O,9.893403
tcr_20_4,C,A,H,R,4,86,NE2,CG,8.576901
tcr_20_4,C,A,H,K,4,90,NE2,CB,8.677996
tcr_20_4,C,A,H,K,4,90,NE2,CA,9.606172
tcr_20_4,C,A,H,K,4,90,NE2,CD,6.636663
tcr_20_4,C,A,H,K,4,90,NE2,CG,7.4522634
tcr_20_4,C,A,H,R,4,93,NE2,NH2,8.9063225
tcr_20_4,C,A,H,R,4,93,NE2,NH1,8.2922945
tcr_20_4,C,A,H,R,4,93,NE2,NE,9.901501
tcr_20_4,C,A,H,R,4,93,NE2,CZ,8.968292
tcr_20_4,C,A,H,Y,4,183,NE2,OH,9.1073675
tcr_20_4,C,A,H,Y,4,183,NE2,CZ,8.189287
tcr_20_4,C,A,H,Y,4,183,NE2,CE1,8.723051
tcr_20_4,C,A,H,Y,4,183,NE2,CD1,8.109369
tcr_20_4,C,A,H,Y,4,183,NE2,CG,6.8121552
tcr_20_4,C,A,H,R,4,180,NE2,O,9.51666
tcr_20_4,C,A,H,Y,4,183,NE2,CE2,6.90616
tcr_20_4,C,A,H,Y,4,183,NE2,CB,6.4964557
tcr_20_4,C,A,H,Y,4,183,NE2,CA,7.04444
tcr_20_4,C,A,H,Y,4,183,NE2,CD2,6.118994
tcr_20_4,C,A,H,T,4,187,NE2,CB,6.506315
tcr_20_4,C,A,H,T,4,187,NE2,CG2,6.276536
tcr_20_4,C,A,H,W,4,191,NE2,CD1,9.286826
tcr_20_4,C,A,H,K,4,90,NE2,NZ,7.3553114
tcr_20_4,C,A,H,E,4,87,NE2,OE1,9.4288645
tcr_20_4,C,A,H,W,4,191,NE2,NE1,8.97806
tcr_20_4,C,A,H,W,4,191,NE2,CE2,9.955237
tcr_20_4,C,A,H,R,4,86,NE2,CZ,8.789425
tcr_20_4,C,A,H,R,4,86,NE2,NH2,9.550734
tcr_20_4,C,A,H,R,4,86,NE2,NE,8.576318
tcr_20_4,C,A,H,R,4,86,NE2,CD,8.125663
tcr_20_4,C,A,H,R,4,86,NE2,NH1,8.51245
tcr_20_4,C,A,H,R,4,180,NE2,CD,9.538187
tcr_20_4,C,A,H,R,4,180,NE2,C,9.863229
tcr_20_4,C,A,H,Q,4,179,NE2,OE1,8.395666
tcr_20_4,C,A,H,R,4,180,NE2,NE,9.617201
tcr_20_4,C,A,H,R,4,180,NE2,CZ,8.984137
tcr_20_4,C,A,H,R,4,180,NE2,NH1,8.1683035
tcr_20_4,C,A,H,R,4,180,NE2,NH2,9.359942
tcr_20_4,C,A,H,Q,4,179,NE2,CD,9.092374
tcr_20_4,C,A,H,Q,4,179,NE2,CG,9.06355
tcr_20_4,C,A,H,Q,4,179,NE2,CB,8.334236
tcr_20_4,C,A,H,R,4,180,NE2,CA,9.451424
tcr_20_4,C,A,H,Q,4,179,NE2,O,7.3119335
tcr_20_4,C,A,H,Q,4,179,NE2,CA,8.57321
tcr_20_4,C,A,H,Q,4,179,NE2,C,8.249216
tcr_20_4,C,A,H,R,4,180,NE2,N,9.236095
tcr_20_4,C,A,H,T,4,187,NE2,O,9.536467
tcr_20_4,C,A,H,L,4,184,NE2,N,9.432721
tcr_20_4,C,A,H,Y,4,183,NE2,C,8.390445
tcr_20_4,C,A,H,Y,4,183,NE2,O,8.62279
tcr_20_4,C,A,H,A,4,182,NE2,O,8.185905
tcr_20_4,C,A,H,T,4,187,NE2,CA,7.9951844
tcr_20_4,C,A,H,T,4,187,NE2,N,8.416694
tcr_20_4,C,A,H,A,4,182,NE2,C,7.989086
tcr_20_4,C,A,H,T,4,187,NE2,OG1,5.7623277
tcr_20_4,C,A,H,A,4,182,NE2,CA,8.809009
tcr_20_4,C,A,H,C,4,188,NE2,N,9.2270775
tcr_20_4,C,A,H,Y,4,183,NE2,N,7.400317
tcr_20_4,C,A,H,T,4,187,NE2,C,8.90258
tcr_20_4,C,A,H,G,4,186,NE2,C,9.70991
tcr_20_4,C,A,H,A,4,182,NE2,N,9.547041
tcr_20_4,C,A,H,A,4,182,NE2,CB,8.132357
tcr_20_4,C,A,R,E,5,87,N,O,9.84861
tcr_20_4,C,A,R,E,5,87,N,OE2,9.927336
tcr_20_4,C,A,R,K,5,90,N,CE,7.074814
tcr_20_4,C,A,R,R,5,86,N,O,9.093703
tcr_20_4,C,A,R,R,5,86,N,CG,9.43259
tcr_20_4,C,A,R,Q,5,94,N,N,8.28323
tcr_20_4,C,A,R,Y,5,91,N,CA,9.659175
tcr_20_4,C,A,R,Q,5,94,N,CA,8.511003
tcr_20_4,C,A,R,Q,5,94,N,CG,8.479117
tcr_20_4,C,A,R,Y,5,91,N,N,8.755957
tcr_20_4,C,A,R,Q,5,94,N,CB,8.07804
tcr_20_4,C,A,R,R,5,121,N,NH1,7.0815268
tcr_20_4,C,A,R,K,5,90,N,O,7.229622
tcr_20_4,C,A,R,Q,5,89,N,O,8.851741
tcr_20_4,C,A,R,R,5,93,N,N,9.537204
tcr_20_4,C,A,R,R,5,93,N,CA,8.901277
tcr_20_4,C,A,R,R,5,93,N,C,8.709968
tcr_20_4,C,A,R,R,5,93,N,CG,8.386697
tcr_20_4,C,A,R,R,5,93,N,CB,7.7088265
tcr_20_4,C,A,R,Q,5,89,N,C,8.935872
tcr_20_4,C,A,R,R,5,93,N,CD,7.535487
tcr_20_4,C,A,R,K,5,90,N,C,7.587753
tcr_20_4,C,A,R,K,5,90,N,CB,6.4138613
tcr_20_4,C,A,R,K,5,90,N,CA,6.9675894
tcr_20_4,C,A,R,K,5,90,N,CD,5.658052
tcr_20_4,C,A,R,K,5,90,N,N,8.124463
tcr_20_4,C,A,R,K,5,90,N,CG,5.8386025
tcr_20_4,C,A,R,R,5,121,N,CD,9.935506
tcr_20_4,C,A,R,Q,5,94,N,CD,7.8879123
tcr_20_4,C,A,R,Q,5,94,N,NE2,8.808544
tcr_20_4,C,A,R,Q,5,94,N,OE1,6.736101
tcr_20_4,C,A,R,R,5,93,N,NH2,6.187726
tcr_20_4,C,A,R,R,5,93,N,NH1,6.295555
tcr_20_4,C,A,R,R,5,93,N,NE,6.917071
tcr_20_4,C,A,R,A,5,97,N,CB,9.720772
tcr_20_4,C,A,R,R,5,93,N,O,9.236069
tcr_20_4,C,A,R,R,5,93,N,CZ,6.344979
tcr_20_4,C,A,R,F,5,123,N,CE2,8.5561075
tcr_20_4,C,A,R,Y,5,183,N,OH,8.9060545
tcr_20_4,C,A,R,Y,5,183,N,CZ,8.196544
tcr_20_4,C,A,R,F,5,123,N,CZ,8.439314
tcr_20_4,C,A,R,F,5,123,N,CD2,9.263932
tcr_20_4,C,A,R,Y,5,183,N,CE1,8.499562
tcr_20_4,C,A,R,F,5,123,N,CE1,9.050093
tcr_20_4,C,A,R,F,5,123,N,CD1,9.723477
tcr_20_4,C,A,R,F,5,123,N,CG,9.826119
tcr_20_4,C,A,R,Y,5,183,N,CD1,8.110886
tcr_20_4,C,A,R,Y,5,183,N,CG,7.367816
tcr_20_4,C,A,R,R,5,180,N,O,9.694708
tcr_20_4,C,A,R,R,5,121,N,NH2,7.306181
tcr_20_4,C,A,R,R,5,121,N,NE,9.085589
tcr_20_4,C,A,R,R,5,121,N,CZ,7.772947
tcr_20_4,C,A,R,Y,5,183,N,CE2,7.4602985
tcr_20_4,C,A,R,Y,5,183,N,CB,7.389636
tcr_20_4,C,A,R,Y,5,183,N,CA,8.658889
tcr_20_4,C,A,R,Y,5,183,N,CD2,7.0179496
tcr_20_4,C,A,R,T,5,187,N,CB,9.419926
tcr_20_4,C,A,R,T,5,187,N,CG2,9.143698
tcr_20_4,C,A,R,K,5,90,N,NZ,7.3532434
tcr_20_4,C,A,R,E,5,87,N,OE1,9.658377
tcr_20_4,C,A,R,R,5,86,N,CD,9.746283
tcr_20_4,C,A,R,R,5,180,N,CD,7.432923
tcr_20_4,C,A,R,R,5,180,N,CG,8.853257
tcr_20_4,C,A,R,R,5,180,N,CB,9.483795
tcr_20_4,C,A,R,R,5,180,N,C,9.84588
tcr_20_4,C,A,R,Q,5,179,N,OE1,7.2523685
tcr_20_4,C,A,R,R,5,180,N,NE,6.9786477
tcr_20_4,C,A,R,E,5,176,N,OE2,9.098867
tcr_20_4,C,A,R,R,5,180,N,CZ,5.8827157
tcr_20_4,C,A,R,E,5,176,N,CD,8.937786
tcr_20_4,C,A,R,R,5,180,N,NH1,4.96802
tcr_20_4,C,A,R,E,5,176,N,OE1,7.9296136
tcr_20_4,C,A,R,R,5,180,N,NH2,5.92677
tcr_20_4,C,A,R,Q,5,179,N,NE2,9.336569
tcr_20_4,C,A,R,Q,5,179,N,CD,8.367383
tcr_20_4,C,A,R,Q,5,179,N,CG,8.856062
tcr_20_4,C,A,R,Q,5,179,N,CB,8.020479
tcr_20_4,C,A,R,R,5,180,N,CA,8.866563
tcr_20_4,C,A,R,Q,5,179,N,O,7.811962
tcr_20_4,C,A,R,Q,5,179,N,CA,8.811845
tcr_20_4,C,A,R,Q,5,179,N,C,8.333921
tcr_20_4,C,A,R,R,5,180,N,N,8.812878
tcr_20_4,C,A,R,Y,5,183,N,C,9.858612
tcr_20_4,C,A,R,T,5,187,N,OG1,9.188447
tcr_20_4,C,A,R,Y,5,183,N,N,9.085213
tcr_20_4,C,A,R,K,5,90,CA,CE,8.42258
tcr_20_4,C,A,R,Q,5,94,CA,C,9.7823105
tcr_20_4,C,A,R,Q,5,94,CA,N,8.192701
tcr_20_4,C,A,R,Q,5,94,CA,CA,8.317038
tcr_20_4,C,A,R,Q,5,94,CA,CG,8.344058
tcr_20_4,C,A,R,Y,5,91,CA,N,9.448385
tcr_20_4,C,A,R,Q,5,94,CA,CB,8.056393
tcr_20_4,C,A,R,R,5,121,CA,NH1,7.027022
tcr_20_4,C,A,R,K,5,90,CA,O,7.6750765
tcr_20_4,C,A,R,Q,5,89,CA,O,9.347498
tcr_20_4,C,A,R,R,5,93,CA,N,9.646957
tcr_20_4,C,A,R,R,5,93,CA,CA,8.813283
tcr_20_4,C,A,R,R,5,93,CA,C,8.498708
tcr_20_4,C,A,R,R,5,93,CA,CG,8.376794
tcr_20_4,C,A,R,R,5,93,CA,CB,7.6592956
tcr_20_4,C,A,R,Q,5,89,CA,C,9.607626
tcr_20_4,C,A,R,R,5,93,CA,CD,7.584427
tcr_20_4,C,A,R,K,5,90,CA,C,8.225946
tcr_20_4,C,A,R,K,5,90,CA,CB,7.420176
tcr_20_4,C,A,R,K,5,90,CA,CA,7.752396
tcr_20_4,C,A,R,K,5,90,CA,CD,6.978965
tcr_20_4,C,A,R,K,5,90,CA,N,8.937597
tcr_20_4,C,A,R,K,5,90,CA,CG,6.9751844
tcr_20_4,C,A,R,R,5,121,CA,CD,9.787641
tcr_20_4,C,A,R,Q,5,94,CA,CD,7.5211997
tcr_20_4,C,A,R,Q,5,94,CA,NE2,8.269195
tcr_20_4,C,A,R,Q,5,94,CA,OE1,6.346485
tcr_20_4,C,A,R,R,5,93,CA,NH2,5.705325
tcr_20_4,C,A,R,R,5,93,CA,NH1,6.323892
tcr_20_4,C,A,R,R,5,93,CA,NE,6.7254558
tcr_20_4,C,A,R,A,5,97,CA,CB,8.897687
tcr_20_4,C,A,R,R,5,93,CA,O,8.838562
tcr_20_4,C,A,R,R,5,93,CA,CZ,6.1321216
tcr_20_4,C,A,R,F,5,123,CA,CE2,9.273824
tcr_20_4,C,A,R,Y,5,183,CA,OH,9.945517
tcr_20_4,C,A,R,Y,5,183,CA,CZ,9.177466
tcr_20_4,C,A,R,F,5,123,CA,CZ,9.122153
tcr_20_4,C,A,R,F,5,123,CA,CD2,9.834558
tcr_20_4,C,A,R,Y,5,183,CA,CE1,9.298809
tcr_20_4,C,A,R,F,5,123,CA,CE1,9.550289
tcr_20_4,C,A,R,Y,5,183,CA,CD1,8.798415
tcr_20_4,C,A,R,Y,5,183,CA,CG,8.1302395
tcr_20_4,C,A,R,R,5,180,CA,O,9.826751
tcr_20_4,C,A,R,R,5,121,CA,NH2,7.2051015
tcr_20_4,C,A,R,R,5,121,CA,NE,8.946986
tcr_20_4,C,A,R,R,5,121,CA,CZ,7.671204
tcr_20_4,C,A,R,Y,5,183,CA,CE2,8.539075
tcr_20_4,C,A,R,Y,5,183,CA,CB,7.981289
tcr_20_4,C,A,R,Y,5,183,CA,CA,9.268009
tcr_20_4,C,A,R,Y,5,183,CA,CD2,7.9934487
tcr_20_4,C,A,R,K,5,90,CA,NZ,8.772027
tcr_20_4,C,A,R,E,5,176,CA,CG,9.1140175
tcr_20_4,C,A,R,N,5,138,CA,ND2,9.9367695
tcr_20_4,C,A,R,R,5,180,CA,CD,6.9606466
tcr_20_4,C,A,R,R,5,180,CA,CG,8.334951
tcr_20_4,C,A,R,R,5,180,CA,CB,9.155104
tcr_20_4,C,A,R,R,5,180,CA,C,9.800006
tcr_20_4,C,A,R,Q,5,179,CA,OE1,6.235575
tcr_20_4,C,A,R,R,5,180,CA,NE,6.2567286
tcr_20_4,C,A,R,E,5,176,CA,OE2,7.8565097
tcr_20_4,C,A,R,R,5,180,CA,CZ,5.0976224
tcr_20_4,C,A,R,E,5,176,CA,CD,7.773334
tcr_20_4,C,A,R,R,5,180,CA,NH1,4.4292536
tcr_20_4,C,A,R,E,5,176,CA,OE1,6.8047276
tcr_20_4,C,A,R,R,5,180,CA,NH2,4.8834496
tcr_20_4,C,A,R,Q,5,179,CA,NE2,8.293297
tcr_20_4,C,A,R,Q,5,179,CA,CD,7.4094505
tcr_20_4,C,A,R,E,5,176,CA,O,9.355586
tcr_20_4,C,A,R,Q,5,179,CA,CG,8.082922
tcr_20_4,C,A,R,Q,5,179,CA,CB,7.375727
tcr_20_4,C,A,R,R,5,180,CA,CA,8.659087
tcr_20_4,C,A,R,Q,5,179,CA,O,7.730258
tcr_20_4,C,A,R,Q,5,179,CA,CA,8.368296
tcr_20_4,C,A,R,Q,5,179,CA,N,9.660942
tcr_20_4,C,A,R,Q,5,179,CA,C,8.045007
tcr_20_4,C,A,R,R,5,180,CA,N,8.457897
tcr_20_4,C,A,R,Y,5,183,CA,N,9.508954
tcr_20_4,C,A,R,R,5,121,C,CG,9.980085
tcr_20_4,C,A,R,K,5,90,C,CE,8.695631
tcr_20_4,C,A,R,Y,5,91,C,O,9.718379
tcr_20_4,C,A,R,A,5,95,C,N,9.590051
tcr_20_4,C,A,R,Y,5,91,C,C,9.855814
tcr_20_4,C,A,R,Q,5,94,C,C,8.547638
tcr_20_4,C,A,R,Q,5,94,C,N,7.2017593
tcr_20_4,C,A,R,Y,5,91,C,CA,9.515366
tcr_20_4,C,A,R,Q,5,94,C,CA,7.126107
tcr_20_4,C,A,R,Q,5,94,C,CG,6.9733253
tcr_20_4,C,A,R,Y,5,91,C,N,8.91774
tcr_20_4,C,A,R,Q,5,94,C,CB,6.8320007
tcr_20_4,C,A,R,R,5,121,C,NH1,5.7949376
tcr_20_4,C,A,R,K,5,90,C,O,7.0203433
tcr_20_4,C,A,R,Q,5,89,C,O,9.116358
tcr_20_4,C,A,R,R,5,93,C,N,9.011575
tcr_20_4,C,A,R,R,5,93,C,CA,8.146443
tcr_20_4,C,A,R,R,5,93,C,C,7.602146
tcr_20_4,C,A,R,R,5,93,C,CG,8.139442
tcr_20_4,C,A,R,R,5,93,C,CB,7.1885552
tcr_20_4,C,A,R,Q,5,89,C,C,9.4910555
tcr_20_4,C,A,R,R,5,93,C,CD,7.610482
tcr_20_4,C,A,R,K,5,90,C,C,7.7360477
tcr_20_4,C,A,R,K,5,90,C,CB,7.319311
tcr_20_4,C,A,R,K,5,90,C,CA,7.5456
tcr_20_4,C,A,R,K,5,90,C,CD,7.3110013
tcr_20_4,C,A,R,K,5,90,C,N,8.850513
tcr_20_4,C,A,R,K,5,90,C,CG,7.193122
tcr_20_4,C,A,R,N,5,101,C,ND2,9.416327
tcr_20_4,C,A,R,R,5,121,C,CD,8.486591
tcr_20_4,C,A,R,F,5,140,C,CE1,9.45759
tcr_20_4,C,A,R,D,5,98,C,OD1,9.564442
tcr_20_4,C,A,R,Q,5,94,C,CD,6.0612783
tcr_20_4,C,A,R,Q,5,94,C,NE2,6.7799716
tcr_20_4,C,A,R,Q,5,94,C,OE1,4.8738155
tcr_20_4,C,A,R,Q,5,94,C,O,8.818916
tcr_20_4,C,A,R,R,5,93,C,NH2,6.0701976
tcr_20_4,C,A,R,R,5,93,C,NH1,6.8882565
tcr_20_4,C,A,R,R,5,93,C,NE,6.78828
tcr_20_4,C,A,R,A,5,97,C,CB,7.681607
tcr_20_4,C,A,R,R,5,93,C,O,7.8730373
tcr_20_4,C,A,R,A,5,97,C,N,9.594663
tcr_20_4,C,A,R,A,5,97,C,CA,9.19401
tcr_20_4,C,A,R,R,5,93,C,CZ,6.464052
tcr_20_4,C,A,R,F,5,123,C,CE2,8.728133
tcr_20_4,C,A,R,Y,5,183,C,OH,9.909139
tcr_20_4,C,A,R,Y,5,183,C,CZ,9.248504
tcr_20_4,C,A,R,F,5,123,C,CZ,8.419627
tcr_20_4,C,A,R,F,5,123,C,CD2,9.242543
tcr_20_4,C,A,R,Y,5,183,C,CE1,9.285097
tcr_20_4,C,A,R,F,5,123,C,CE1,8.655708
tcr_20_4,C,A,R,F,5,123,C,CD1,9.176708
tcr_20_4,C,A,R,F,5,123,C,CG,9.4600725
tcr_20_4,C,A,R,Y,5,183,C,CD1,8.901847
tcr_20_4,C,A,R,Y,5,183,C,CG,8.461088
tcr_20_4,C,A,R,N,5,138,C,OD1,9.107854
tcr_20_4,C,A,R,R,5,121,C,NH2,6.2268777
tcr_20_4,C,A,R,R,5,121,C,NE,7.754365
tcr_20_4,C,A,R,R,5,121,C,CZ,6.522356
tcr_20_4,C,A,R,Y,5,183,C,CE2,8.824839
tcr_20_4,C,A,R,Y,5,183,C,CB,8.456206
tcr_20_4,C,A,R,Y,5,183,C,CA,9.856931
tcr_20_4,C,A,R,Y,5,183,C,CD2,8.422042
tcr_20_4,C,A,R,K,5,90,C,NZ,9.108728
tcr_20_4,C,A,R,N,5,138,C,CG,9.556593
tcr_20_4,C,A,R,E,5,176,C,CG,8.688809
tcr_20_4,C,A,R,W,5,171,C,CZ2,9.842663
tcr_20_4,C,A,R,F,5,140,C,CZ,9.086519
tcr_20_4,C,A,R,N,5,138,C,ND2,9.139568
tcr_20_4,C,A,R,R,5,180,C,CD,6.589708
tcr_20_4,C,A,R,R,5,180,C,CG,8.026233
tcr_20_4,C,A,R,R,5,180,C,CB,8.99621
tcr_20_4,C,A,R,R,5,180,C,C,9.977968
tcr_20_4,C,A,R,E,5,176,C,CB,9.940317
tcr_20_4,C,A,R,Q,5,179,C,OE1,6.777476
tcr_20_4,C,A,R,R,5,180,C,NE,5.7481465
tcr_20_4,C,A,R,E,5,176,C,OE2,7.646816
tcr_20_4,C,A,R,R,5,180,C,CZ,4.462266
tcr_20_4,C,A,R,E,5,176,C,CD,7.4096026
tcr_20_4,C,A,R,R,5,180,C,NH1,3.7818236
tcr_20_4,C,A,R,E,5,176,C,OE1,6.3310585
tcr_20_4,C,A,R,R,5,180,C,NH2,4.1368623
tcr_20_4,C,A,R,Q,5,179,C,NE2,8.846502
tcr_20_4,C,A,R,Q,5,179,C,CD,7.980434
tcr_20_4,C,A,R,E,5,176,C,O,9.380336
tcr_20_4,C,A,R,Q,5,179,C,CG,8.695824
tcr_20_4,C,A,R,Q,5,179,C,CB,7.921287
tcr_20_4,C,A,R,R,5,180,C,CA,8.74734
tcr_20_4,C,A,R,Q,5,179,C,O,8.2989435
tcr_20_4,C,A,R,Q,5,179,C,CA,8.941132
tcr_20_4,C,A,R,Q,5,179,C,C,8.5039835
tcr_20_4,C,A,R,R,5,180,C,N,8.689352
tcr_20_4,C,A,R,R,5,121,O,CB,9.817485
tcr_20_4,C,A,R,R,5,121,O,CG,8.8978
tcr_20_4,C,A,R,F,5,140,O,CD1,9.886373
tcr_20_4,C,A,R,N,5,138,O,CB,9.578371
tcr_20_4,C,A,R,F,5,140,O,CE2,9.139123
tcr_20_4,C,A,R,K,5,90,O,CE,8.85939
tcr_20_4,C,A,R,Y,5,91,O,O,9.908661
tcr_20_4,C,A,R,A,5,95,O,N,9.748287
tcr_20_4,C,A,R,Q,5,94,O,C,8.672871
tcr_20_4,C,A,R,F,5,46,O,CZ,9.979141
tcr_20_4,C,A,R,Q,5,94,O,N,7.5761127
tcr_20_4,C,A,R,Y,5,91,O,CA,9.65145
tcr_20_4,C,A,R,Q,5,94,O,CA,7.299116
tcr_20_4,C,A,R,Q,5,94,O,CG,6.703254
tcr_20_4,C,A,R,Y,5,91,O,N,9.155937
tcr_20_4,C,A,R,Q,5,94,O,CB,6.794738
tcr_20_4,C,A,R,R,5,121,O,NH1,4.724809
tcr_20_4,C,A,R,K,5,90,O,O,7.359148
tcr_20_4,C,A,R,Q,5,89,O,O,9.788891
tcr_20_4,C,A,R,R,5,93,O,N,9.611332
tcr_20_4,C,A,R,R,5,93,O,CA,8.82486
tcr_20_4,C,A,R,R,5,93,O,C,8.139031
tcr_20_4,C,A,R,R,5,93,O,CG,9.065057
tcr_20_4,C,A,R,R,5,93,O,CB,7.998112
tcr_20_4,C,A,R,R,5,93,O,CD,8.635917
tcr_20_4,C,A,R,K,5,90,O,C,8.071839
tcr_20_4,C,A,R,K,5,90,O,CB,7.641795
tcr_20_4,C,A,R,K,5,90,O,CA,8.008959
tcr_20_4,C,A,R,K,5,90,O,CD,7.582676
tcr_20_4,C,A,R,K,5,90,O,N,9.386371
tcr_20_4,C,A,R,K,5,90,O,CG,7.6294603
tcr_20_4,C,A,R,N,5,101,O,ND2,9.221652
tcr_20_4,C,A,R,R,5,121,O,CD,7.427701
tcr_20_4,C,A,R,F,5,140,O,CE1,8.492406
tcr_20_4,C,A,R,D,5,98,O,OD1,9.253843
tcr_20_4,C,A,R,Q,5,94,O,CD,5.7705965
tcr_20_4,C,A,R,Q,5,94,O,NE2,6.5120664
tcr_20_4,C,A,R,Q,5,94,O,OE1,4.547121
tcr_20_4,C,A,R,Q,5,94,O,O,8.890904
tcr_20_4,C,A,R,R,5,93,O,NH2,7.2899537
tcr_20_4,C,A,R,R,5,93,O,NH1,8.053663
tcr_20_4,C,A,R,R,5,93,O,NE,7.8979053
tcr_20_4,C,A,R,A,5,97,O,CB,8.004985
tcr_20_4,C,A,R,R,5,93,O,O,8.412935
tcr_20_4,C,A,R,A,5,97,O,N,9.990529
tcr_20_4,C,A,R,A,5,97,O,CA,9.525554
tcr_20_4,C,A,R,R,5,93,O,CZ,7.6451936
tcr_20_4,C,A,R,F,5,123,O,CE2,7.725701
tcr_20_4,C,A,R,Y,5,183,O,OH,9.109431
tcr_20_4,C,A,R,Y,5,183,O,CZ,8.445983
tcr_20_4,C,A,R,F,5,123,O,CZ,7.463683
tcr_20_4,C,A,R,F,5,123,O,CD2,8.1423645
tcr_20_4,C,A,R,Y,5,183,O,CE1,8.366994
tcr_20_4,C,A,R,F,5,123,O,CE1,7.6426992
tcr_20_4,C,A,R,F,5,123,O,CD1,8.066525
tcr_20_4,C,A,R,F,5,123,O,CG,8.308392
tcr_20_4,C,A,R,Y,5,183,O,CD1,8.003722
tcr_20_4,C,A,R,Y,5,183,O,CG,7.7095146
tcr_20_4,C,A,R,N,5,138,O,OD1,7.890754
tcr_20_4,C,A,R,R,5,180,O,O,9.150098
tcr_20_4,C,A,R,R,5,121,O,NH2,5.001398
tcr_20_4,C,A,R,R,5,121,O,NE,6.606042
tcr_20_4,C,A,R,F,5,123,O,CB,9.086202
tcr_20_4,C,A,R,R,5,121,O,CZ,5.3565993
tcr_20_4,C,A,R,Y,5,183,O,CE2,8.167958
tcr_20_4,C,A,R,Y,5,183,O,CB,7.77097
tcr_20_4,C,A,R,Y,5,183,O,CA,9.2303
tcr_20_4,C,A,R,Y,5,183,O,CD2,7.795785
tcr_20_4,C,A,R,K,5,90,O,NZ,9.129098
tcr_20_4,C,A,R,N,5,138,O,CG,8.355389
tcr_20_4,C,A,R,E,5,176,O,CG,8.154248
tcr_20_4,C,A,R,W,5,171,O,CH2,9.505828
tcr_20_4,C,A,R,W,5,171,O,CE2,9.639743
tcr_20_4,C,A,R,W,5,171,O,CZ2,9.185699
tcr_20_4,C,A,R,F,5,140,O,CZ,8.062667
tcr_20_4,C,A,R,N,5,138,O,ND2,7.990694
tcr_20_4,C,A,R,R,5,180,O,CD,5.610252
tcr_20_4,C,A,R,W,5,157,O,CH2,9.957945
tcr_20_4,C,A,R,R,5,180,O,CG,7.095213
tcr_20_4,C,A,R,R,5,180,O,CB,8.051929
tcr_20_4,C,A,R,R,5,180,O,C,9.134494
tcr_20_4,C,A,R,E,5,176,O,CB,9.485884
tcr_20_4,C,A,R,Q,5,179,O,OE1,6.867148
tcr_20_4,C,A,R,R,5,180,O,NE,4.8591776
tcr_20_4,C,A,R,E,5,176,O,OE2,7.4407806
tcr_20_4,C,A,R,R,5,180,O,CZ,3.581667
tcr_20_4,C,A,R,E,5,176,O,CD,7.011909
tcr_20_4,C,A,R,R,5,180,O,NH1,2.7267115
tcr_20_4,C,A,R,E,5,176,O,OE1,5.8468513
tcr_20_4,C,A,R,R,5,180,O,NH2,3.5070791
tcr_20_4,C,A,R,Q,5,179,O,NE2,8.991815
tcr_20_4,C,A,R,Q,5,179,O,CD,8.030542
tcr_20_4,C,A,R,E,5,176,O,CA,9.675426
tcr_20_4,C,A,R,E,5,176,O,C,9.660267
tcr_20_4,C,A,R,E,5,176,O,O,8.806322
tcr_20_4,C,A,R,Q,5,179,O,CG,8.597918
tcr_20_4,C,A,R,Q,5,179,O,CB,7.660459
tcr_20_4,C,A,R,R,5,180,O,CA,7.9051814
tcr_20_4,C,A,R,Q,5,179,O,O,7.7708974
tcr_20_4,C,A,R,Q,5,179,O,CA,8.568835
tcr_20_4,C,A,R,Q,5,179,O,N,9.72217
tcr_20_4,C,A,R,Q,5,179,O,C,7.962827
tcr_20_4,C,A,R,R,5,180,O,N,8.004088
tcr_20_4,C,A,R,W,5,171,O,NE1,9.790553
tcr_20_4,C,A,R,Y,5,183,O,N,9.569943
tcr_20_4,C,A,R,K,5,90,CB,CE,9.509183
tcr_20_4,C,A,R,Q,5,94,CB,N,9.601043
tcr_20_4,C,A,R,Q,5,94,CB,CA,9.618281
tcr_20_4,C,A,R,Q,5,94,CB,CG,9.450282
tcr_20_4,C,A,R,Q,5,94,CB,CB,9.32923
tcr_20_4,C,A,R,R,5,121,CB,NH1,7.452514
tcr_20_4,C,A,R,K,5,90,CB,O,9.170268
tcr_20_4,C,A,R,R,5,93,CB,C,9.898723
tcr_20_4,C,A,R,R,5,93,CB,CG,9.811665
tcr_20_4,C,A,R,R,5,93,CB,CB,9.12656
tcr_20_4,C,A,R,R,5,93,CB,CD,8.972513
tcr_20_4,C,A,R,K,5,90,CB,C,9.717167
tcr_20_4,C,A,R,K,5,90,CB,CB,8.807886
tcr_20_4,C,A,R,K,5,90,CB,CA,9.233047
tcr_20_4,C,A,R,K,5,90,CB,CD,8.112519
tcr_20_4,C,A,R,K,5,90,CB,CG,8.284128
tcr_20_4,C,A,R,Q,5,94,CB,CD,8.501612
tcr_20_4,C,A,R,Q,5,94,CB,NE2,9.147045
tcr_20_4,C,A,R,Q,5,94,CB,OE1,7.29625
tcr_20_4,C,A,R,R,5,93,CB,NH2,6.711265
tcr_20_4,C,A,R,R,5,93,CB,NH1,7.4627595
tcr_20_4,C,A,R,R,5,93,CB,NE,8.019499
tcr_20_4,C,A,R,A,5,97,CB,CB,9.844501
tcr_20_4,C,A,R,R,5,93,CB,CZ,7.3065414
tcr_20_4,C,A,R,F,5,123,CB,CE2,9.551128
tcr_20_4,C,A,R,Y,5,183,CB,CZ,9.141855
tcr_20_4,C,A,R,F,5,123,CB,CZ,9.595488
tcr_20_4,C,A,R,F,5,123,CB,CD2,9.936711
tcr_20_4,C,A,R,Y,5,183,CB,CE1,9.091694
tcr_20_4,C,A,R,Y,5,183,CB,CD1,8.379519
tcr_20_4,C,A,R,Y,5,183,CB,CG,7.657765
tcr_20_4,C,A,R,N,5,138,CB,OD1,9.7529125
tcr_20_4,C,A,R,R,5,180,CB,O,8.790419
tcr_20_4,C,A,R,R,5,121,CB,NH2,7.176457
tcr_20_4,C,A,R,R,5,121,CB,NE,9.109568
tcr_20_4,C,A,R,R,5,121,CB,CZ,7.858591
tcr_20_4,C,A,R,Y,5,183,CB,CE2,8.487587
tcr_20_4,C,A,R,Y,5,183,CB,CB,7.245851
tcr_20_4,C,A,R,Y,5,183,CB,CA,8.45331
tcr_20_4,C,A,R,Y,5,183,CB,CD2,7.720727
tcr_20_4,C,A,R,K,5,90,CB,NZ,9.679498
tcr_20_4,C,A,R,N,5,138,CB,CG,9.916268
tcr_20_4,C,A,R,E,5,176,CB,CG,8.057768
tcr_20_4,C,A,R,N,5,138,CB,ND2,9.348371
tcr_20_4,C,A,R,R,5,180,CB,CD,6.0402627
tcr_20_4,C,A,R,R,5,180,CB,CG,7.287981
tcr_20_4,C,A,R,R,5,180,CB,CB,8.067529
tcr_20_4,C,A,R,R,5,180,CB,C,8.647487
tcr_20_4,C,A,R,E,5,176,CB,CB,9.064211
tcr_20_4,C,A,R,Q,5,179,CB,OE1,4.815044
tcr_20_4,C,A,R,R,5,180,CB,NE,5.382173
tcr_20_4,C,A,R,E,5,176,CB,OE2,6.766857
tcr_20_4,C,A,R,R,5,180,CB,CZ,4.4058228
tcr_20_4,C,A,R,E,5,176,CB,CD,6.7291903
tcr_20_4,C,A,R,R,5,180,CB,NH1,3.9500506
tcr_20_4,C,A,R,E,5,176,CB,OE1,5.856061
tcr_20_4,C,A,R,R,5,180,CB,NH2,4.2875004
tcr_20_4,C,A,R,Q,5,179,CB,NE2,6.9202547
tcr_20_4,C,A,R,Q,5,179,CB,CD,5.9609137
tcr_20_4,C,A,R,E,5,176,CB,CA,8.844164
tcr_20_4,C,A,R,E,5,176,CB,C,8.907583
tcr_20_4,C,A,R,E,5,176,CB,O,7.9915724
tcr_20_4,C,A,R,Q,5,179,CB,CG,6.564362
tcr_20_4,C,A,R,Q,5,179,CB,CB,5.8538895
tcr_20_4,C,A,R,R,5,180,CB,CA,7.4848647
tcr_20_4,C,A,R,Q,5,179,CB,O,6.4116564
tcr_20_4,C,A,R,R,5,175,CB,O,9.920596
tcr_20_4,C,A,R,Q,5,179,CB,CA,6.873313
tcr_20_4,C,A,R,Q,5,179,CB,N,8.160638
tcr_20_4,C,A,R,Q,5,179,CB,C,6.647995
tcr_20_4,C,A,R,R,5,180,CB,N,7.1255026
tcr_20_4,C,A,R,Y,5,183,CB,C,9.763237
tcr_20_4,C,A,R,A,5,182,CB,C,9.500007
tcr_20_4,C,A,R,T,5,187,CB,OG1,9.780044
tcr_20_4,C,A,R,A,5,182,CB,CA,9.888448
tcr_20_4,C,A,R,Y,5,183,CB,N,8.494834
tcr_20_4,C,A,R,A,5,182,CB,N,9.842222
tcr_20_4,C,A,R,E,5,178,CB,C,9.306657
tcr_20_4,C,A,R,E,5,178,CB,O,9.496088
tcr_20_4,C,A,R,R,5,181,CB,N,9.595602
tcr_20_4,C,A,R,A,5,182,CB,CB,9.246397
tcr_20_4,C,A,R,K,5,90,CG,CE,9.70972
tcr_20_4,C,A,R,R,5,121,CG,NH1,8.871568
tcr_20_4,C,A,R,R,5,93,CG,CB,9.844548
tcr_20_4,C,A,R,R,5,93,CG,CD,9.306258
tcr_20_4,C,A,R,K,5,90,CG,CB,9.330818
tcr_20_4,C,A,R,K,5,90,CG,CA,9.807277
tcr_20_4,C,A,R,K,5,90,CG,CD,8.318004
tcr_20_4,C,A,R,K,5,90,CG,CG,8.5704
tcr_20_4,C,A,R,Q,5,94,CG,CD,9.9473915
tcr_20_4,C,A,R,Q,5,94,CG,OE1,8.750288
tcr_20_4,C,A,R,R,5,93,CG,NH2,6.824388
tcr_20_4,C,A,R,R,5,93,CG,NH1,7.383501
tcr_20_4,C,A,R,R,5,93,CG,NE,8.345902
tcr_20_4,C,A,R,R,5,93,CG,CZ,7.4367485
tcr_20_4,C,A,R,Y,5,183,CG,CZ,9.534588
tcr_20_4,C,A,R,Y,5,183,CG,CE1,9.559525
tcr_20_4,C,A,R,Y,5,183,CG,CD1,8.749258
tcr_20_4,C,A,R,Y,5,183,CG,CG,7.821737
tcr_20_4,C,A,R,R,5,180,CG,O,8.985022
tcr_20_4,C,A,R,R,5,121,CG,NH2,8.481694
tcr_20_4,C,A,R,R,5,121,CG,CZ,9.242746
tcr_20_4,C,A,R,Y,5,183,CG,CE2,8.694066
tcr_20_4,C,A,R,Y,5,183,CG,CB,7.23877
tcr_20_4,C,A,R,Y,5,183,CG,CA,8.246359
tcr_20_4,C,A,R,Y,5,183,CG,CD2,7.795899
tcr_20_4,C,A,R,T,5,187,CG,CB,9.74926
tcr_20_4,C,A,R,T,5,187,CG,CG2,9.847867
tcr_20_4,C,A,R,K,5,90,CG,NZ,9.818626
tcr_20_4,C,A,R,E,5,176,CG,CG,8.820056
tcr_20_4,C,A,R,R,5,180,CG,CD,6.935188
tcr_20_4,C,A,R,R,5,180,CG,CG,8.037973
tcr_20_4,C,A,R,R,5,180,CG,CB,8.640536
tcr_20_4,C,A,R,R,5,180,CG,C,8.847163
tcr_20_4,C,A,R,E,5,176,CG,CB,9.639174
tcr_20_4,C,A,R,Q,5,179,CG,OE1,4.6383524
tcr_20_4,C,A,R,R,5,180,CG,NE,6.4325867
tcr_20_4,C,A,R,E,5,176,CG,OE2,7.3550363
tcr_20_4,C,A,R,R,5,180,CG,CZ,5.6410155
tcr_20_4,C,A,R,E,5,176,CG,CD,7.491138
tcr_20_4,C,A,R,R,5,180,CG,NH1,5.249182
tcr_20_4,C,A,R,E,5,176,CG,OE1,6.790354
tcr_20_4,C,A,R,R,5,180,CG,NH2,5.5836353
tcr_20_4,C,A,R,Q,5,179,CG,NE2,6.578673
tcr_20_4,C,A,R,Q,5,179,CG,CD,5.654115
tcr_20_4,C,A,R,E,5,176,CG,CA,9.197031
tcr_20_4,C,A,R,E,5,176,CG,C,9.252935
tcr_20_4,C,A,R,E,5,176,CG,O,8.310646
tcr_20_4,C,A,R,Q,5,179,CG,CG,6.1834126
tcr_20_4,C,A,R,Q,5,179,CG,CB,5.633408
tcr_20_4,C,A,R,R,5,180,CG,CA,7.8263597
tcr_20_4,C,A,R,Q,5,179,CG,O,6.2185783
tcr_20_4,C,A,R,R,5,175,CG,O,9.853439
tcr_20_4,C,A,R,Q,5,179,CG,CA,6.585346
tcr_20_4,C,A,R,Q,5,179,CG,N,7.9369764
tcr_20_4,C,A,R,Q,5,179,CG,C,6.5581446
tcr_20_4,C,A,R,R,5,180,CG,N,7.2957683
tcr_20_4,C,A,R,Y,5,183,CG,C,9.669589
tcr_20_4,C,A,R,A,5,182,CG,O,9.780277
tcr_20_4,C,A,R,A,5,182,CG,C,9.034179
tcr_20_4,C,A,R,T,5,187,CG,OG1,9.141725
tcr_20_4,C,A,R,A,5,182,CG,CA,9.371288
tcr_20_4,C,A,R,Y,5,183,CG,N,8.181132
tcr_20_4,C,A,R,A,5,182,CG,N,9.5072155
tcr_20_4,C,A,R,E,5,178,CG,C,9.01878
tcr_20_4,C,A,R,E,5,178,CG,O,9.112914
tcr_20_4,C,A,R,R,5,181,CG,N,9.688066
tcr_20_4,C,A,R,A,5,182,CG,CB,8.552345
tcr_20_4,C,A,R,R,5,121,CD,NH1,9.499446
tcr_20_4,C,A,R,K,5,90,CD,CD,9.659467
tcr_20_4,C,A,R,Q,5,94,CD,OE1,9.731171
tcr_20_4,C,A,R,R,5,93,CD,NH2,8.076077
tcr_20_4,C,A,R,R,5,93,CD,NH1,8.760935
tcr_20_4,C,A,R,R,5,93,CD,NE,9.738386
tcr_20_4,C,A,R,R,5,93,CD,CZ,8.795078
tcr_20_4,C,A,R,Y,5,183,CD,CZ,9.855448
tcr_20_4,C,A,R,Y,5,183,CD,CE1,9.709388
tcr_20_4,C,A,R,Y,5,183,CD,CD1,8.721186
tcr_20_4,C,A,R,Y,5,183,CD,CG,7.7852936
tcr_20_4,C,A,R,R,5,180,CD,O,8.241304
tcr_20_4,C,A,R,R,5,121,CD,NH2,8.775618
tcr_20_4,C,A,R,R,5,121,CD,CZ,9.677875
tcr_20_4,C,A,R,Y,5,183,CD,CE2,9.042675
tcr_20_4,C,A,R,Y,5,183,CD,CB,6.935965
tcr_20_4,C,A,R,Y,5,183,CD,CA,7.7917023
tcr_20_4,C,A,R,Y,5,183,CD,CD2,7.9723144
tcr_20_4,C,A,R,T,5,187,CD,CB,9.800746
tcr_20_4,C,A,R,E,5,176,CD,CG,8.043998
tcr_20_4,C,A,R,R,5,180,CD,CD,6.467195
tcr_20_4,C,A,R,R,5,180,CD,CG,7.3396926
tcr_20_4,C,A,R,R,5,180,CD,CB,7.85862
tcr_20_4,C,A,R,A,5,177,CD,N,9.325425
tcr_20_4,C,A,R,A,5,177,CD,CA,9.791935
tcr_20_4,C,A,R,R,5,180,CD,C,7.959218
tcr_20_4,C,A,R,E,5,176,CD,CB,8.691763
tcr_20_4,C,A,R,Q,5,179,CD,OE1,3.441692
tcr_20_4,C,A,R,R,5,180,CD,NE,6.0610456
tcr_20_4,C,A,R,E,5,176,CD,OE2,6.5891814
tcr_20_4,C,A,R,R,5,180,CD,CZ,5.5512047
tcr_20_4,C,A,R,E,5,176,CD,CD,6.7954216
tcr_20_4,C,A,R,R,5,180,CD,NH1,5.410536
tcr_20_4,C,A,R,E,5,176,CD,OE1,6.274629
tcr_20_4,C,A,R,R,5,180,CD,NH2,5.581127
tcr_20_4,C,A,R,Q,5,179,CD,NE2,5.32626
tcr_20_4,C,A,R,Q,5,179,CD,CD,4.320499
tcr_20_4,C,A,R,E,5,176,CD,CA,8.069154
tcr_20_4,C,A,R,E,5,176,CD,C,8.087167
tcr_20_4,C,A,R,E,5,176,CD,O,7.1461387
tcr_20_4,C,A,R,Q,5,179,CD,CG,4.7124968
tcr_20_4,C,A,R,Q,5,179,CD,CB,4.223597
tcr_20_4,C,A,R,R,5,180,CD,CA,6.959374
tcr_20_4,C,A,R,Q,5,179,CD,O,5.1591554
tcr_20_4,C,A,R,R,5,175,CD,O,8.467737
tcr_20_4,C,A,R,Q,5,179,CD,CA,5.194458
tcr_20_4,C,A,R,Q,5,179,CD,N,6.522313
tcr_20_4,C,A,R,Q,5,179,CD,C,5.373671
tcr_20_4,C,A,R,R,5,180,CD,N,6.21533
tcr_20_4,C,A,R,A,5,174,CD,O,9.18454
tcr_20_4,C,A,R,R,5,175,CD,C,9.173532
tcr_20_4,C,A,R,E,5,176,CD,N,9.07029
tcr_20_4,C,A,R,L,5,184,CD,N,9.720787
tcr_20_4,C,A,R,R,5,181,CD,C,9.400805
tcr_20_4,C,A,R,Y,5,183,CD,C,9.250473
tcr_20_4,C,A,R,A,5,182,CD,O,9.065257
tcr_20_4,C,A,R,A,5,182,CD,C,8.222677
tcr_20_4,C,A,R,T,5,187,CD,OG1,9.088687
tcr_20_4,C,A,R,A,5,182,CD,CA,8.347142
tcr_20_4,C,A,R,Y,5,183,CD,N,7.4686604
tcr_20_4,C,A,R,A,5,182,CD,N,8.42142
tcr_20_4,C,A,R,E,5,178,CD,C,7.603658
tcr_20_4,C,A,R,E,5,178,CD,O,7.7389274
tcr_20_4,C,A,R,R,5,181,CD,CA,9.730177
tcr_20_4,C,A,R,R,5,181,CD,N,8.654624
tcr_20_4,C,A,R,E,5,178,CD,CA,8.929345
tcr_20_4,C,A,R,A,5,177,CD,O,9.219806
tcr_20_4,C,A,R,A,5,182,CD,CB,7.427283
tcr_20_4,C,A,R,A,5,177,CD,C,9.285481
tcr_20_4,C,A,R,E,5,178,CD,N,9.142104
tcr_20_4,C,A,R,E,5,178,CD,CB,9.282932
tcr_20_4,C,A,R,R,5,93,NE,NH2,8.6158495
tcr_20_4,C,A,R,R,5,93,NE,NH1,9.116177
tcr_20_4,C,A,R,R,5,93,NE,CZ,9.314246
tcr_20_4,C,A,R,Y,5,183,NE,CD1,9.296047
tcr_20_4,C,A,R,Y,5,183,NE,CG,8.215023
tcr_20_4,C,A,R,R,5,180,NE,O,8.680263
tcr_20_4,C,A,R,Y,5,183,NE,CE2,9.470812
tcr_20_4,C,A,R,Y,5,183,NE,CB,7.244413
tcr_20_4,C,A,R,Y,5,183,NE,CA,7.850181
tcr_20_4,C,A,R,Y,5,183,NE,CD2,8.320906
tcr_20_4,C,A,R,T,5,187,NE,CB,9.5788355
tcr_20_4,C,A,R,T,5,187,NE,CG2,9.942893
tcr_20_4,C,A,R,E,5,176,NE,CG,9.088312
tcr_20_4,C,A,R,R,5,180,NE,CD,7.615724
tcr_20_4,C,A,R,R,5,180,NE,CG,8.350535
tcr_20_4,C,A,R,R,5,180,NE,CB,8.686689
tcr_20_4,C,A,R,A,5,177,NE,N,9.929892
tcr_20_4,C,A,R,R,5,180,NE,C,8.4208975
tcr_20_4,C,A,R,E,5,176,NE,CB,9.559122
tcr_20_4,C,A,R,Q,5,179,NE,OE1,4.0230575
tcr_20_4,C,A,R,R,5,180,NE,NE,7.3485
tcr_20_4,C,A,R,E,5,176,NE,OE2,7.5738034
tcr_20_4,C,A,R,R,5,180,NE,CZ,6.9506645
tcr_20_4,C,A,R,E,5,176,NE,CD,7.8968835
tcr_20_4,C,A,R,R,5,180,NE,NH1,6.8039503
tcr_20_4,C,A,R,E,5,176,NE,OE1,7.515635
tcr_20_4,C,A,R,R,5,180,NE,NH2,7.0209546
tcr_20_4,C,A,R,Q,5,179,NE,NE2,5.473912
tcr_20_4,C,A,R,Q,5,179,NE,CD,4.5919924
tcr_20_4,C,A,R,E,5,176,NE,CA,8.752824
tcr_20_4,C,A,R,E,5,176,NE,C,8.745716
tcr_20_4,C,A,R,E,5,176,NE,O,7.8156915
tcr_20_4,C,A,R,Q,5,179,NE,CG,4.801497
tcr_20_4,C,A,R,Q,5,179,NE,CB,4.5526896
tcr_20_4,C,A,R,R,5,180,NE,CA,7.614288
tcr_20_4,C,A,R,Q,5,179,NE,O,5.3893075
tcr_20_4,C,A,R,R,5,175,NE,O,8.6966305
tcr_20_4,C,A,R,Q,5,179,NE,CA,5.314936
tcr_20_4,C,A,R,Q,5,179,NE,N,6.628121
tcr_20_4,C,A,R,Q,5,179,NE,C,5.705283
tcr_20_4,C,A,R,R,5,180,NE,N,6.7600613
tcr_20_4,C,A,R,A,5,174,NE,O,9.417901
tcr_20_4,C,A,R,R,5,175,NE,C,9.509074
tcr_20_4,C,A,R,E,5,176,NE,N,9.599116
tcr_20_4,C,A,R,L,5,184,NE,N,9.938582
tcr_20_4,C,A,R,R,5,181,NE,C,9.402248
tcr_20_4,C,A,R,Y,5,183,NE,C,9.366769
tcr_20_4,C,A,R,A,5,182,NE,O,8.713513
tcr_20_4,C,A,R,A,5,182,NE,C,7.963399
tcr_20_4,C,A,R,T,5,187,NE,OG1,8.686134
tcr_20_4,C,A,R,A,5,182,NE,CA,8.01211
tcr_20_4,C,A,R,Y,5,183,NE,N,7.416005
tcr_20_4,C,A,R,A,5,182,NE,N,8.290834
tcr_20_4,C,A,R,E,5,178,NE,C,7.5721006
tcr_20_4,C,A,R,E,5,178,NE,O,7.5813937
tcr_20_4,C,A,R,R,5,181,NE,CA,9.906195
tcr_20_4,C,A,R,R,5,181,NE,N,8.982296
tcr_20_4,C,A,R,E,5,178,NE,CA,8.926652
tcr_20_4,C,A,R,A,5,177,NE,O,9.58211
tcr_20_4,C,A,R,A,5,182,NE,CB,6.9050703
tcr_20_4,C,A,R,A,5,177,NE,C,9.661293
tcr_20_4,C,A,R,E,5,178,NE,N,9.355779
tcr_20_4,C,A,R,E,5,178,NE,CB,9.1099415
tcr_20_4,C,A,R,R,5,93,CZ,NH2,9.79113
tcr_20_4,C,A,R,Y,5,183,CZ,CD1,9.6598625
tcr_20_4,C,A,R,Y,5,183,CZ,CG,8.576423
tcr_20_4,C,A,R,R,5,180,CZ,O,8.503627
tcr_20_4,C,A,R,Y,5,183,CZ,CB,7.4292326
tcr_20_4,C,A,R,Y,5,183,CZ,CA,7.825561
tcr_20_4,C,A,R,Y,5,183,CZ,CD2,8.806941
tcr_20_4,C,A,R,T,5,187,CZ,CB,9.817414
tcr_20_4,C,A,R,E,5,176,CZ,CG,9.06084
tcr_20_4,C,A,R,R,5,180,CZ,CD,7.8794427
tcr_20_4,C,A,R,R,5,180,CZ,CG,8.388073
tcr_20_4,C,A,R,R,5,180,CZ,CB,8.596416
tcr_20_4,C,A,R,A,5,177,CZ,N,9.418391
tcr_20_4,C,A,R,A,5,177,CZ,CA,9.80978
tcr_20_4,C,A,R,R,5,180,CZ,C,8.145598
tcr_20_4,C,A,R,E,5,176,CZ,CB,9.337704
tcr_20_4,C,A,R,Q,5,179,CZ,OE1,3.8984
tcr_20_4,C,A,R,R,5,180,CZ,NE,7.722102
tcr_20_4,C,A,R,E,5,176,CZ,OE2,7.6058254
tcr_20_4,C,A,R,R,5,180,CZ,CZ,7.534452
tcr_20_4,C,A,R,E,5,176,CZ,CD,7.992213
tcr_20_4,C,A,R,R,5,180,CZ,NH1,7.5279555
tcr_20_4,C,A,R,E,5,176,CZ,OE1,7.7850547
tcr_20_4,C,A,R,R,5,180,CZ,NH2,7.661194
tcr_20_4,C,A,R,Q,5,179,CZ,NE2,4.943543
tcr_20_4,C,A,R,Q,5,179,CZ,CD,4.112673
tcr_20_4,C,A,R,E,5,176,CZ,CA,8.35605
tcr_20_4,C,A,R,E,5,176,CZ,C,8.3052025
tcr_20_4,C,A,R,E,5,176,CZ,O,7.4144797
tcr_20_4,C,A,R,Q,5,179,CZ,CG,4.050392
tcr_20_4,C,A,R,Q,5,179,CZ,CB,4.0126963
tcr_20_4,C,A,R,R,5,180,CZ,CA,7.4511795
tcr_20_4,C,A,R,Q,5,179,CZ,O,5.0564275
tcr_20_4,C,A,R,R,5,175,CZ,O,7.913665
tcr_20_4,C,A,R,Q,5,179,CZ,CA,4.616538
tcr_20_4,C,A,R,Q,5,179,CZ,N,5.8265805
tcr_20_4,C,A,R,Q,5,179,CZ,C,5.274118
tcr_20_4,C,A,R,R,5,180,CZ,N,6.43267
tcr_20_4,C,A,R,A,5,174,CZ,O,8.789047
tcr_20_4,C,A,R,A,5,174,CZ,C,9.942319
tcr_20_4,C,A,R,R,5,175,CZ,CA,9.937376
tcr_20_4,C,A,R,R,5,175,CZ,C,8.810983
tcr_20_4,C,A,R,E,5,176,CZ,N,9.062278
tcr_20_4,C,A,R,L,5,184,CZ,N,9.840797
tcr_20_4,C,A,R,R,5,181,CZ,C,8.841986
tcr_20_4,C,A,R,R,5,181,CZ,O,9.648681
tcr_20_4,C,A,R,Y,5,183,CZ,C,9.332245
tcr_20_4,C,A,R,A,5,182,CZ,O,8.318317
tcr_20_4,C,A,R,A,5,182,CZ,C,7.536244
tcr_20_4,C,A,R,T,5,187,CZ,OG1,8.830214
tcr_20_4,C,A,R,A,5,182,CZ,CA,7.3603926
tcr_20_4,C,A,R,Y,5,183,CZ,N,7.164753
tcr_20_4,C,A,R,A,5,182,CZ,N,7.6476073
tcr_20_4,C,A,R,E,5,178,CZ,C,6.675894
tcr_20_4,C,A,R,E,5,178,CZ,O,6.6709714
tcr_20_4,C,A,R,R,5,181,CZ,CA,9.366401
tcr_20_4,C,A,R,R,5,181,CZ,N,8.524086
tcr_20_4,C,A,R,E,5,178,CZ,CA,7.995888
tcr_20_4,C,A,R,A,5,177,CZ,O,8.957721
tcr_20_4,C,A,R,A,5,182,CZ,CB,6.1146917
tcr_20_4,C,A,R,A,5,177,CZ,C,8.998076
tcr_20_4,C,A,R,R,5,181,CZ,CB,9.9743
tcr_20_4,C,A,R,E,5,178,CZ,N,8.553018
tcr_20_4,C,A,R,E,5,178,CZ,CG,9.527893
tcr_20_4,C,A,R,E,5,178,CZ,CB,8.047775
tcr_20_4,C,A,R,R,5,175,CZ,CB,9.754916
tcr_20_4,C,A,R,E,5,178,CZ,OE2,9.168086
tcr_20_4,C,A,R,E,5,178,CZ,CD,9.927519
tcr_20_4,C,A,R,Y,5,183,NH1,CD1,9.579558
tcr_20_4,C,A,R,Y,5,183,NH1,CG,8.614667
tcr_20_4,C,A,R,R,5,180,NH1,O,7.8892198
tcr_20_4,C,A,R,Y,5,183,NH1,CB,7.370649
tcr_20_4,C,A,R,Y,5,183,NH1,CA,7.754236
tcr_20_4,C,A,R,Y,5,183,NH1,CD2,9.046518
tcr_20_4,C,A,R,E,5,176,NH1,CG,8.045177
tcr_20_4,C,A,R,R,5,180,NH1,CD,7.190396
tcr_20_4,C,A,R,R,5,180,NH1,CG,7.5107775
tcr_20_4,C,A,R,R,5,180,NH1,CB,7.71833
tcr_20_4,C,A,R,A,5,177,NH1,N,8.165729
tcr_20_4,C,A,R,A,5,177,NH1,CA,8.576888
tcr_20_4,C,A,R,R,5,180,NH1,C,7.3744087
tcr_20_4,C,A,R,E,5,176,NH1,CB,8.218303
tcr_20_4,C,A,R,Q,5,179,NH1,OE1,3.0969765
tcr_20_4,C,A,R,R,5,180,NH1,NE,7.0622096
tcr_20_4,C,A,R,E,5,176,NH1,OE2,6.712831
tcr_20_4,C,A,R,R,5,180,NH1,CZ,7.065519
tcr_20_4,C,A,R,E,5,176,NH1,CD,7.090184
tcr_20_4,C,A,R,R,5,180,NH1,NH1,7.242818
tcr_20_4,C,A,R,E,5,176,NH1,OE1,7.008098
tcr_20_4,C,A,R,R,5,180,NH1,NH2,7.2260165
tcr_20_4,C,A,R,Q,5,179,NH1,NE2,4.021428
tcr_20_4,C,A,R,Q,5,179,NH1,CD,3.0813737
tcr_20_4,C,A,R,E,5,176,NH1,CA,7.1583815
tcr_20_4,C,A,R,E,5,176,NH1,C,7.076787
tcr_20_4,C,A,R,E,5,176,NH1,O,6.2184944
tcr_20_4,C,A,R,Q,5,179,NH1,CG,2.7834008
tcr_20_4,C,A,R,Q,5,179,NH1,CB,2.817175
tcr_20_4,C,A,R,R,5,180,NH1,CA,6.6329217
tcr_20_4,C,A,R,Q,5,179,NH1,O,4.3980618
tcr_20_4,C,A,R,R,5,175,NH1,O,6.634849
tcr_20_4,C,A,R,Q,5,179,NH1,CA,3.484506
tcr_20_4,C,A,R,Q,5,179,NH1,N,4.6100955
tcr_20_4,C,A,R,Q,5,179,NH1,C,4.358757
tcr_20_4,C,A,R,R,5,180,NH1,N,5.472395
tcr_20_4,C,A,R,A,5,174,NH1,CB,9.656847
tcr_20_4,C,A,R,A,5,174,NH1,CA,9.920245
tcr_20_4,C,A,R,A,5,174,NH1,O,7.7289243
tcr_20_4,C,A,R,A,5,174,NH1,C,8.850926
tcr_20_4,C,A,R,R,5,175,NH1,CA,8.70706
tcr_20_4,C,A,R,R,5,175,NH1,N,9.322761
tcr_20_4,C,A,R,R,5,175,NH1,C,7.5548854
tcr_20_4,C,A,R,E,5,176,NH1,N,7.8336787
tcr_20_4,C,A,R,L,5,184,NH1,N,9.542042
tcr_20_4,C,A,R,R,5,181,NH1,C,8.177649
tcr_20_4,C,A,R,R,5,181,NH1,O,9.094822
tcr_20_4,C,A,R,Y,5,183,NH1,C,9.200882
tcr_20_4,C,A,R,A,5,182,NH1,O,8.220477
tcr_20_4,C,A,R,A,5,182,NH1,C,7.304585
tcr_20_4,C,A,R,T,5,187,NH1,OG1,9.355221
tcr_20_4,C,A,R,A,5,182,NH1,CA,6.932639
tcr_20_4,C,A,R,Y,5,183,NH1,N,6.9324203
tcr_20_4,C,A,R,A,5,182,NH1,N,7.0060654
tcr_20_4,C,A,R,E,5,178,NH1,C,5.525148
tcr_20_4,C,A,R,E,5,178,NH1,O,5.662791
tcr_20_4,C,A,R,R,5,181,NH1,CA,8.547886
tcr_20_4,C,A,R,R,5,181,NH1,N,7.6454816
tcr_20_4,C,A,R,E,5,178,NH1,CA,6.793551
tcr_20_4,C,A,R,A,5,177,NH1,O,7.8085127
tcr_20_4,C,A,R,A,5,182,NH1,CB,5.718257
tcr_20_4,C,A,R,A,5,177,NH1,C,7.7743235
tcr_20_4,C,A,R,R,5,181,NH1,CB,9.049094
tcr_20_4,C,A,R,R,5,181,NH1,NH2,9.94543
tcr_20_4,C,A,R,E,5,178,NH1,N,7.29557
tcr_20_4,C,A,R,E,5,178,NH1,CG,8.337853
tcr_20_4,C,A,R,E,5,178,NH1,CB,6.85592
tcr_20_4,C,A,R,R,5,175,NH1,CB,8.557513
tcr_20_4,C,A,R,E,5,178,NH1,OE2,8.09276
tcr_20_4,C,A,R,E,5,178,NH1,CD,8.797311
tcr_20_4,C,A,R,R,5,175,NH1,CG,9.930978
tcr_20_4,C,A,R,Y,5,183,NH2,CG,9.175555
tcr_20_4,C,A,R,R,5,180,NH2,O,9.190722
tcr_20_4,C,A,R,Y,5,183,NH2,CB,7.9953218
tcr_20_4,C,A,R,Y,5,183,NH2,CA,8.185095
tcr_20_4,C,A,R,Y,5,183,NH2,CD2,9.319023
tcr_20_4,C,A,R,T,5,187,NH2,CB,9.829562
tcr_20_4,C,A,R,R,5,180,NH2,CD,9.056281
tcr_20_4,C,A,R,R,5,180,NH2,CG,9.504622
tcr_20_4,C,A,R,R,5,180,NH2,CB,9.589979
tcr_20_4,C,A,R,R,5,180,NH2,C,8.8815775
tcr_20_4,C,A,R,Q,5,179,NH2,OE1,5.011496
tcr_20_4,C,A,R,R,5,180,NH2,NE,8.974993
tcr_20_4,C,A,R,E,5,176,NH2,OE2,8.75342
tcr_20_4,C,A,R,R,5,180,NH2,CZ,8.812455
tcr_20_4,C,A,R,E,5,176,NH2,CD,9.193762
tcr_20_4,C,A,R,R,5,180,NH2,NH1,8.766362
tcr_20_4,C,A,R,E,5,176,NH2,OE1,9.043869
tcr_20_4,C,A,R,R,5,180,NH2,NH2,8.956302
tcr_20_4,C,A,R,Q,5,179,NH2,NE2,5.691911
tcr_20_4,C,A,R,Q,5,179,NH2,CD,5.03825
tcr_20_4,C,A,R,E,5,176,NH2,CA,9.3241825
tcr_20_4,C,A,R,E,5,176,NH2,C,9.2537365
tcr_20_4,C,A,R,E,5,176,NH2,O,8.391996
tcr_20_4,C,A,R,Q,5,179,NH2,CG,4.8525763
tcr_20_4,C,A,R,Q,5,179,NH2,CB,4.9807057
tcr_20_4,C,A,R,R,5,180,NH2,CA,8.354912
tcr_20_4,C,A,R,Q,5,179,NH2,O,5.7805367
tcr_20_4,C,A,R,R,5,175,NH2,O,8.56324
tcr_20_4,C,A,R,Q,5,179,NH2,CA,5.3499603
tcr_20_4,C,A,R,Q,5,179,NH2,N,6.4574037
tcr_20_4,C,A,R,Q,5,179,NH2,C,6.084329
tcr_20_4,C,A,R,R,5,180,NH2,N,7.325878
tcr_20_4,C,A,R,A,5,174,NH2,O,9.408802
tcr_20_4,C,A,R,R,5,175,NH2,C,9.516609
tcr_20_4,C,A,R,E,5,176,NH2,N,9.906182
tcr_20_4,C,A,R,R,5,181,NH2,C,9.173153
tcr_20_4,C,A,R,R,5,181,NH2,O,9.92233
tcr_20_4,C,A,R,Y,5,183,NH2,C,9.689919
tcr_20_4,C,A,R,A,5,182,NH2,O,8.299899
tcr_20_4,C,A,R,A,5,182,NH2,C,7.6469507
tcr_20_4,C,A,R,T,5,187,NH2,OG1,8.710435
tcr_20_4,C,A,R,A,5,182,NH2,CA,7.4216084
tcr_20_4,C,A,R,Y,5,183,NH2,N,7.4777913
tcr_20_4,C,A,R,A,5,182,NH2,N,7.9058075
tcr_20_4,C,A,R,E,5,178,NH2,C,7.126278
tcr_20_4,C,A,R,E,5,178,NH2,O,6.989143
tcr_20_4,C,A,R,R,5,181,NH2,CA,9.845456
tcr_20_4,C,A,R,R,5,181,NH2,N,9.15907
tcr_20_4,C,A,R,E,5,178,NH2,CA,8.41905
tcr_20_4,C,A,R,A,5,177,NH2,O,9.643069
tcr_20_4,C,A,R,A,5,182,NH2,CB,6.0492587
tcr_20_4,C,A,R,A,5,177,NH2,C,9.705235
tcr_20_4,C,A,R,E,5,178,NH2,N,9.149795
tcr_20_4,C,A,R,E,5,178,NH2,CG,9.753095
tcr_20_4,C,A,R,E,5,178,NH2,CB,8.316039
tcr_20_4,C,A,R,E,5,178,NH2,OE2,9.163635
tcr_20_4,C,A,E,K,6,90,N,CE,9.06297
tcr_20_4,C,A,E,Q,6,96,N,N,9.848989
tcr_20_4,C,A,E,Q,6,96,N,C,9.652039
tcr_20_4,C,A,E,Y,6,91,N,O,8.994762
tcr_20_4,C,A,E,A,6,95,N,N,8.663125
tcr_20_4,C,A,E,Y,6,91,N,C,9.207173
tcr_20_4,C,A,E,Q,6,94,N,C,7.6046705
tcr_20_4,C,A,E,F,6,46,N,CZ,9.899987
tcr_20_4,C,A,E,Q,6,94,N,N,6.244101
tcr_20_4,C,A,E,Y,6,91,N,CA,9.056575
tcr_20_4,C,A,E,Q,6,94,N,CA,6.2141094
tcr_20_4,C,A,E,Q,6,94,N,CG,6.4081235
tcr_20_4,C,A,E,Y,6,91,N,N,8.530188
tcr_20_4,C,A,E,Q,6,94,N,CB,6.1604333
tcr_20_4,C,A,E,R,6,121,N,NH1,6.1922526
tcr_20_4,C,A,E,K,6,90,N,O,6.468813
tcr_20_4,C,A,E,K,6,92,N,O,9.498125
tcr_20_4,C,A,E,Q,6,89,N,O,8.460383
tcr_20_4,C,A,E,R,6,93,N,N,8.0676365
tcr_20_4,C,A,E,K,6,92,N,C,9.162999
tcr_20_4,C,A,E,R,6,93,N,CA,7.085586
tcr_20_4,C,A,E,R,6,93,N,C,6.5093603
tcr_20_4,C,A,E,K,6,92,N,N,9.765692
tcr_20_4,C,A,E,R,6,93,N,CG,7.1615877
tcr_20_4,C,A,E,R,6,93,N,CB,6.1764646
tcr_20_4,C,A,E,Q,6,89,N,C,8.983235
tcr_20_4,C,A,E,R,6,93,N,CD,6.755667
tcr_20_4,C,A,E,K,6,90,N,C,7.3125525
tcr_20_4,C,A,E,K,6,90,N,CB,7.272128
tcr_20_4,C,A,E,K,6,90,N,CA,7.2305064
tcr_20_4,C,A,E,K,6,90,N,CD,7.6585364
tcr_20_4,C,A,E,K,6,90,N,N,8.5013075
tcr_20_4,C,A,E,K,6,90,N,CG,7.2771525
tcr_20_4,C,A,E,N,6,101,N,ND2,8.616675
tcr_20_4,C,A,E,R,6,121,N,CD,8.738919
tcr_20_4,C,A,E,F,6,140,N,CE1,9.539739
tcr_20_4,C,A,E,D,6,98,N,CG,9.620549
tcr_20_4,C,A,E,D,6,98,N,OD1,8.834142
tcr_20_4,C,A,E,Q,6,94,N,CD,5.4533606
tcr_20_4,C,A,E,Q,6,94,N,NE2,6.0775757
tcr_20_4,C,A,E,D,6,98,N,N,9.2117815
tcr_20_4,C,A,E,A,6,97,N,O,9.625525
tcr_20_4,C,A,E,Q,6,94,N,OE1,4.3612547
tcr_20_4,C,A,E,Q,6,94,N,O,7.847808
tcr_20_4,C,A,E,A,6,97,N,C,8.915014
tcr_20_4,C,A,E,R,6,93,N,NH2,5.2811537
tcr_20_4,C,A,E,R,6,93,N,NH1,6.3233333
tcr_20_4,C,A,E,R,6,93,N,NE,5.8701563
tcr_20_4,C,A,E,A,6,97,N,CB,6.505213
tcr_20_4,C,A,E,R,6,93,N,O,6.688748
tcr_20_4,C,A,E,A,6,97,N,N,8.380001
tcr_20_4,C,A,E,A,6,97,N,CA,8.001548
tcr_20_4,C,A,E,R,6,93,N,CZ,5.694291
tcr_20_4,C,A,E,N,6,101,N,CG,9.6909275
tcr_20_4,C,A,E,N,6,101,N,OD1,9.733574
tcr_20_4,C,A,E,F,6,123,N,CE2,9.57731
tcr_20_4,C,A,E,F,6,123,N,CZ,9.110809
tcr_20_4,C,A,E,F,6,123,N,CE1,9.231709
tcr_20_4,C,A,E,F,6,123,N,CD1,9.804246
tcr_20_4,C,A,E,Y,6,183,N,CG,9.729741
tcr_20_4,C,A,E,N,6,138,N,OD1,9.801846
tcr_20_4,C,A,E,R,6,121,N,NH2,6.9520164
tcr_20_4,C,A,E,R,6,121,N,NE,8.196353
tcr_20_4,C,A,E,R,6,121,N,CZ,7.047022
tcr_20_4,C,A,E,Y,6,183,N,CE2,9.9810705
tcr_20_4,C,A,E,Y,6,183,N,CB,9.759481
tcr_20_4,C,A,E,Y,6,183,N,CD2,9.6527605
tcr_20_4,C,A,E,K,6,90,N,NZ,9.659964
tcr_20_4,C,A,E,E,6,176,N,CG,9.156253
tcr_20_4,C,A,E,W,6,171,N,CZ2,9.8488035
tcr_20_4,C,A,E,F,6,140,N,CZ,9.320859
tcr_20_4,C,A,E,N,6,138,N,ND2,9.879646
tcr_20_4,C,A,E,R,6,180,N,CD,7.573819
tcr_20_4,C,A,E,R,6,180,N,CG,8.976028
tcr_20_4,C,A,E,Q,6,179,N,OE1,7.4269505
tcr_20_4,C,A,E,R,6,180,N,NE,6.5826507
tcr_20_4,C,A,E,E,6,176,N,OE2,7.9952235
tcr_20_4,C,A,E,R,6,180,N,CZ,5.2660027
tcr_20_4,C,A,E,E,6,176,N,CD,7.836295
tcr_20_4,C,A,E,R,6,180,N,NH1,4.7532887
tcr_20_4,C,A,E,E,6,176,N,OE1,6.803197
tcr_20_4,C,A,E,R,6,180,N,NH2,4.6787143
tcr_20_4,C,A,E,Q,6,179,N,NE2,9.371423
tcr_20_4,C,A,E,Q,6,179,N,CD,8.643629
tcr_20_4,C,A,E,Q,6,179,N,CG,9.517195
tcr_20_4,C,A,E,Q,6,179,N,CB,8.876768
tcr_20_4,C,A,E,R,6,180,N,CA,9.900222
tcr_20_4,C,A,E,Q,6,179,N,O,9.5149765
tcr_20_4,C,A,E,Q,6,179,N,CA,9.997593
tcr_20_4,C,A,E,Q,6,179,N,C,9.650211
tcr_20_4,C,A,E,R,6,180,N,N,9.802893
tcr_20_4,C,A,E,R,6,121,CA,CB,9.923664
tcr_20_4,C,A,E,R,6,121,CA,CG,9.370545
tcr_20_4,C,A,E,F,6,140,CA,CD1,9.753157
tcr_20_4,C,A,E,F,6,140,CA,CE2,9.619138
tcr_20_4,C,A,E,K,6,90,CA,CE,9.841862
tcr_20_4,C,A,E,A,6,95,CA,O,9.837052
tcr_20_4,C,A,E,Q,6,96,CA,CB,9.371549
tcr_20_4,C,A,E,Q,6,96,CA,CA,9.311118
tcr_20_4,C,A,E,Q,6,96,CA,N,8.931118
tcr_20_4,C,A,E,A,6,95,CA,C,9.228911
tcr_20_4,C,A,E,Q,6,96,CA,C,8.618846
tcr_20_4,C,A,E,Q,6,96,CA,O,9.423758
tcr_20_4,C,A,E,Y,6,91,CA,O,8.46898
tcr_20_4,C,A,E,A,6,95,CA,N,7.7502584
tcr_20_4,C,A,E,A,6,95,CA,CA,9.029398
tcr_20_4,C,A,E,F,6,46,CA,CE1,9.93053
tcr_20_4,C,A,E,Y,6,91,CA,C,8.866365
tcr_20_4,C,A,E,Q,6,94,CA,C,6.5869074
tcr_20_4,C,A,E,F,6,46,CA,CE2,9.125196
tcr_20_4,C,A,E,F,6,46,CA,CZ,9.064954
tcr_20_4,C,A,E,Q,6,94,CA,N,5.625206
tcr_20_4,C,A,E,Y,6,91,CA,CA,8.83579
tcr_20_4,C,A,E,Q,6,94,CA,CA,5.3156233
tcr_20_4,C,A,E,Q,6,94,CA,CG,5.366549
tcr_20_4,C,A,E,Y,6,91,CA,N,8.541425
tcr_20_4,C,A,E,Q,6,94,CA,CB,5.327996
tcr_20_4,C,A,E,S,6,33,CA,OG,9.787118
tcr_20_4,C,A,E,R,6,121,CA,NH1,5.599445
tcr_20_4,C,A,E,K,6,90,CA,O,6.407623
tcr_20_4,C,A,E,K,6,92,CA,CA,9.886838
tcr_20_4,C,A,E,K,6,92,CA,O,8.964118
tcr_20_4,C,A,E,Q,6,89,CA,O,8.700887
tcr_20_4,C,A,E,R,6,93,CA,N,7.823492
tcr_20_4,C,A,E,K,6,92,CA,C,8.783587
tcr_20_4,C,A,E,R,6,93,CA,CA,6.7931705
tcr_20_4,C,A,E,R,6,93,CA,C,5.9376974
tcr_20_4,C,A,E,K,6,92,CA,N,9.527071
tcr_20_4,C,A,E,R,6,93,CA,CG,7.3449144
tcr_20_4,C,A,E,R,6,93,CA,CB,6.1718183
tcr_20_4,C,A,E,Q,6,89,CA,C,9.343237
tcr_20_4,C,A,E,R,6,93,CA,CD,7.233072
tcr_20_4,C,A,E,K,6,90,CA,C,7.4099894
tcr_20_4,C,A,E,K,6,90,CA,CB,7.792896
tcr_20_4,C,A,E,K,6,90,CA,CA,7.621651
tcr_20_4,C,A,E,K,6,90,CA,CD,8.522975
tcr_20_4,C,A,E,K,6,90,CA,N,8.935442
tcr_20_4,C,A,E,K,6,90,CA,CG,8.060283
tcr_20_4,C,A,E,N,6,101,CA,ND2,7.181637
tcr_20_4,C,A,E,R,6,121,CA,CD,7.8769135
tcr_20_4,C,A,E,F,6,140,CA,CE1,8.460068
tcr_20_4,C,A,E,D,6,98,CA,CB,9.105073
tcr_20_4,C,A,E,D,6,98,CA,CG,8.2473
tcr_20_4,C,A,E,D,6,98,CA,CA,8.9003525
tcr_20_4,C,A,E,D,6,98,CA,OD1,7.417115
tcr_20_4,C,A,E,D,6,98,CA,OD2,8.69493
tcr_20_4,C,A,E,Q,6,94,CA,CD,4.2320786
tcr_20_4,C,A,E,Q,6,94,CA,NE2,4.7064033
tcr_20_4,C,A,E,D,6,98,CA,N,7.8824544
tcr_20_4,C,A,E,A,6,97,CA,O,8.306482
tcr_20_4,C,A,E,Q,6,94,CA,OE1,3.2020757
tcr_20_4,C,A,E,Q,6,94,CA,O,6.675292
tcr_20_4,C,A,E,A,6,97,CA,C,7.612906
tcr_20_4,C,A,E,R,6,93,CA,NH2,6.0777535
tcr_20_4,C,A,E,R,6,93,CA,NH1,7.2747965
tcr_20_4,C,A,E,R,6,93,CA,NE,6.4000344
tcr_20_4,C,A,E,A,6,97,CA,CB,5.3005614
tcr_20_4,C,A,E,R,6,93,CA,O,5.9533725
tcr_20_4,C,A,E,A,6,97,CA,N,7.3128395
tcr_20_4,C,A,E,A,6,97,CA,CA,6.82279
tcr_20_4,C,A,E,R,6,93,CA,CZ,6.473415
tcr_20_4,C,A,E,N,6,101,CA,CG,8.282907
tcr_20_4,C,A,E,N,6,101,CA,OD1,8.387492
tcr_20_4,C,A,E,N,6,101,CA,CB,9.595682
tcr_20_4,C,A,E,F,6,123,CA,CE2,9.631568
tcr_20_4,C,A,E,F,6,123,CA,CZ,9.03311
tcr_20_4,C,A,E,F,6,123,CA,CE1,8.934206
tcr_20_4,C,A,E,F,6,123,CA,CD1,9.443197
tcr_20_4,C,A,E,N,6,138,CA,OD1,9.326803
tcr_20_4,C,A,E,R,6,121,CA,NH2,6.6118603
tcr_20_4,C,A,E,R,6,121,CA,NE,7.509411
tcr_20_4,C,A,E,R,6,121,CA,CZ,6.4945354
tcr_20_4,C,A,E,N,6,138,CA,CG,9.9213915
tcr_20_4,C,A,E,E,6,176,CA,CG,8.974653
tcr_20_4,C,A,E,W,6,171,CA,CH2,9.537314
tcr_20_4,C,A,E,W,6,171,CA,CE2,9.441136
tcr_20_4,C,A,E,W,6,171,CA,CZ2,8.933705
tcr_20_4,C,A,E,F,6,140,CA,CZ,8.382386
tcr_20_4,C,A,E,N,6,138,CA,ND2,9.494218
tcr_20_4,C,A,E,R,6,180,CA,CD,7.6828604
tcr_20_4,C,A,E,R,6,180,CA,CG,9.051156
tcr_20_4,C,A,E,Q,6,179,CA,OE1,8.118167
tcr_20_4,C,A,E,R,6,180,CA,NE,6.589542
tcr_20_4,C,A,E,E,6,176,CA,OE2,8.016037
tcr_20_4,C,A,E,R,6,180,CA,CZ,5.283674
tcr_20_4,C,A,E,E,6,176,CA,CD,7.75201
tcr_20_4,C,A,E,R,6,180,CA,NH1,4.9081864
tcr_20_4,C,A,E,E,6,176,CA,OE1,6.697956
tcr_20_4,C,A,E,R,6,180,CA,NH2,4.5726867
tcr_20_4,C,A,E,Q,6,179,CA,NE2,9.993107
tcr_20_4,C,A,E,Q,6,179,CA,CD,9.316033
tcr_20_4,C,A,E,Q,6,179,CA,CB,9.571337
tcr_20_4,C,A,E,W,6,171,CA,NE1,9.382299
tcr_20_4,C,A,E,R,6,121,C,CB,9.670843
tcr_20_4,C,A,E,R,6,121,C,CG,9.048884
tcr_20_4,C,A,E,F,6,140,C,CD1,8.95934
tcr_20_4,C,A,E,F,6,140,C,CG,9.940906
tcr_20_4,C,A,E,F,6,140,C,CE2,8.609051
tcr_20_4,C,A,E,F,6,140,C,CD2,9.778353
tcr_20_4,C,A,E,Q,6,96,C,N,9.750413
tcr_20_4,C,A,E,A,6,95,C,C,9.973777
tcr_20_4,C,A,E,Q,6,96,C,C,9.122782
tcr_20_4,C,A,E,Q,6,96,C,O,9.771987
tcr_20_4,C,A,E,Y,6,91,C,O,9.719871
tcr_20_4,C,A,E,A,6,95,C,N,8.700204
tcr_20_4,C,A,E,A,6,95,C,CA,9.87404
tcr_20_4,C,A,E,Q,6,94,C,C,7.4459968
tcr_20_4,C,A,E,F,6,46,C,CE2,9.792367
tcr_20_4,C,A,E,F,6,46,C,CZ,9.897201
tcr_20_4,C,A,E,Q,6,94,C,N,6.864357
tcr_20_4,C,A,E,Q,6,94,C,CA,6.351078
tcr_20_4,C,A,E,Q,6,94,C,CG,6.0927215
tcr_20_4,C,A,E,Y,6,91,C,N,9.988103
tcr_20_4,C,A,E,Q,6,94,C,CB,6.3705893
tcr_20_4,C,A,E,R,6,121,C,NH1,5.610883
tcr_20_4,C,A,E,K,6,90,C,O,7.8720574
tcr_20_4,C,A,E,R,6,93,C,N,9.189526
tcr_20_4,C,A,E,R,6,93,C,CA,8.095938
tcr_20_4,C,A,E,R,6,93,C,C,7.134497
tcr_20_4,C,A,E,R,6,93,C,CG,8.700025
tcr_20_4,C,A,E,R,6,93,C,CB,7.555674
tcr_20_4,C,A,E,R,6,93,C,CD,8.586786
tcr_20_4,C,A,E,K,6,90,C,C,8.893946
tcr_20_4,C,A,E,K,6,90,C,CB,9.2519
tcr_20_4,C,A,E,K,6,90,C,CA,9.139318
tcr_20_4,C,A,E,K,6,90,C,CD,9.839207
tcr_20_4,C,A,E,K,6,90,C,CG,9.486432
tcr_20_4,C,A,E,N,6,101,C,ND2,6.6056695
tcr_20_4,C,A,E,R,6,121,C,CD,7.625036
tcr_20_4,C,A,E,F,6,140,C,CE1,7.660986
tcr_20_4,C,A,E,D,6,98,C,CB,9.26186
tcr_20_4,C,A,E,D,6,98,C,CG,8.34906
tcr_20_4,C,A,E,D,6,98,C,CA,8.934066
tcr_20_4,C,A,E,D,6,98,C,OD1,7.352049
tcr_20_4,C,A,E,D,6,98,C,OD2,8.881827
tcr_20_4,C,A,E,Q,6,94,C,CD,4.724095
tcr_20_4,C,A,E,Q,6,94,C,NE2,4.881623
tcr_20_4,C,A,E,D,6,98,C,N,8.037847
tcr_20_4,C,A,E,A,6,97,C,O,8.156059
tcr_20_4,C,A,E,Q,6,94,C,OE1,3.750032
tcr_20_4,C,A,E,Q,6,94,C,O,7.3038807
tcr_20_4,C,A,E,A,6,97,C,C,7.662302
tcr_20_4,C,A,E,R,6,93,C,NH2,7.017324
tcr_20_4,C,A,E,R,6,93,C,NH1,8.448018
tcr_20_4,C,A,E,R,6,93,C,NE,7.630064
tcr_20_4,C,A,E,A,6,97,C,CB,5.5316386
tcr_20_4,C,A,E,R,6,93,C,O,6.9579244
tcr_20_4,C,A,E,A,6,97,C,N,7.807505
tcr_20_4,C,A,E,A,6,97,C,CA,7.046198
tcr_20_4,C,A,E,R,6,93,C,CZ,7.6106935
tcr_20_4,C,A,E,N,6,101,C,CG,7.6106696
tcr_20_4,C,A,E,N,6,101,C,OD1,7.5738754
tcr_20_4,C,A,E,N,6,101,C,CB,9.007055
tcr_20_4,C,A,E,K,6,104,C,NZ,9.961044
tcr_20_4,C,A,E,F,6,123,C,CE2,9.976427
tcr_20_4,C,A,E,F,6,123,C,CZ,9.483742
tcr_20_4,C,A,E,F,6,123,C,CE1,9.265044
tcr_20_4,C,A,E,F,6,123,C,CD1,9.554599
tcr_20_4,C,A,E,N,6,138,C,OD1,8.679879
tcr_20_4,C,A,E,R,6,121,C,NH2,6.278238
tcr_20_4,C,A,E,R,6,121,C,NE,7.175335
tcr_20_4,C,A,E,R,6,121,C,CZ,6.257687
tcr_20_4,C,A,E,N,6,138,C,CG,9.159739
tcr_20_4,C,A,E,E,6,176,C,CG,7.5747457
tcr_20_4,C,A,E,W,6,171,C,CH2,8.178653
tcr_20_4,C,A,E,W,6,171,C,CD2,8.964656
tcr_20_4,C,A,E,W,6,171,C,CE2,7.9426045
tcr_20_4,C,A,E,W,6,171,C,CE3,9.522664
tcr_20_4,C,A,E,W,6,171,C,CZ2,7.5054536
tcr_20_4,C,A,E,W,6,171,C,CZ3,9.156708
tcr_20_4,C,A,E,F,6,140,C,CZ,7.456368
tcr_20_4,C,A,E,N,6,138,C,ND2,8.578704
tcr_20_4,C,A,E,R,6,180,C,CD,6.8553953
tcr_20_4,C,A,E,W,6,157,C,CH2,9.93598
tcr_20_4,C,A,E,R,6,180,C,CG,8.097384
tcr_20_4,C,A,E,R,6,180,C,CB,9.412427
tcr_20_4,C,A,E,E,6,176,C,CB,8.907078
tcr_20_4,C,A,E,Q,6,179,C,OE1,7.326556
tcr_20_4,C,A,E,R,6,180,C,NE,5.6036105
tcr_20_4,C,A,E,E,6,176,C,OE2,6.6888957
tcr_20_4,C,A,E,R,6,180,C,CZ,4.378322
tcr_20_4,C,A,E,E,6,176,C,CD,6.387138
tcr_20_4,C,A,E,R,6,180,C,NH1,4.3600764
tcr_20_4,C,A,E,E,6,176,C,OE1,5.3687286
tcr_20_4,C,A,E,R,6,180,C,NH2,3.440497
tcr_20_4,C,A,E,Q,6,179,C,NE2,9.100899
tcr_20_4,C,A,E,Q,6,179,C,CD,8.476053
tcr_20_4,C,A,E,E,6,176,C,CA,9.485159
tcr_20_4,C,A,E,E,6,176,C,C,9.877218
tcr_20_4,C,A,E,E,6,176,C,O,9.348779
tcr_20_4,C,A,E,Q,6,179,C,CG,9.4101715
tcr_20_4,C,A,E,Q,6,179,C,CB,8.813622
tcr_20_4,C,A,E,R,6,180,C,CA,9.618421
tcr_20_4,C,A,E,Q,6,179,C,O,9.820829
tcr_20_4,C,A,E,Q,6,179,C,C,9.677608
tcr_20_4,C,A,E,R,6,180,C,N,9.536514
tcr_20_4,C,A,E,W,6,171,C,CD1,8.80238
tcr_20_4,C,A,E,W,6,171,C,CG,9.453544
tcr_20_4,C,A,E,W,6,171,C,NE1,7.8596535
tcr_20_4,C,A,E,R,6,121,O,CG,9.831687
tcr_20_4,C,A,E,F,6,140,O,CD1,9.579275
tcr_20_4,C,A,E,F,6,140,O,CE2,8.915823
tcr_20_4,C,A,E,Q,6,96,O,C,9.988019
tcr_20_4,C,A,E,A,6,95,O,N,9.853974
tcr_20_4,C,A,E,Q,6,94,O,C,8.608134
tcr_20_4,C,A,E,Q,6,94,O,N,7.918067
tcr_20_4,C,A,E,Q,6,94,O,CA,7.5038676
tcr_20_4,C,A,E,Q,6,94,O,CG,7.3239517
tcr_20_4,C,A,E,Q,6,94,O,CB,7.5643167
tcr_20_4,C,A,E,R,6,121,O,NH1,6.4115906
tcr_20_4,C,A,E,K,6,90,O,O,8.820121
tcr_20_4,C,A,E,R,6,93,O,CA,8.938533
tcr_20_4,C,A,E,R,6,93,O,C,8.087898
tcr_20_4,C,A,E,R,6,93,O,CG,9.27411
tcr_20_4,C,A,E,R,6,93,O,CB,8.26591
tcr_20_4,C,A,E,R,6,93,O,CD,8.999809
tcr_20_4,C,A,E,K,6,90,O,C,9.791712
tcr_20_4,C,A,E,K,6,90,O,CB,9.9502945
tcr_20_4,C,A,E,K,6,90,O,CA,9.88972
tcr_20_4,C,A,E,N,6,101,O,ND2,7.36664
tcr_20_4,C,A,E,R,6,121,O,CD,8.445355
tcr_20_4,C,A,E,F,6,140,O,CE1,8.270776
tcr_20_4,C,A,E,D,6,98,O,CG,9.471411
tcr_20_4,C,A,E,D,6,98,O,CA,9.931124
tcr_20_4,C,A,E,D,6,98,O,OD1,8.428924
tcr_20_4,C,A,E,Q,6,94,O,CD,5.9559984
tcr_20_4,C,A,E,Q,6,94,O,NE2,6.0675244
tcr_20_4,C,A,E,D,6,98,O,N,9.025192
tcr_20_4,C,A,E,A,6,97,O,O,8.918461
tcr_20_4,C,A,E,Q,6,94,O,OE1,4.9696307
tcr_20_4,C,A,E,Q,6,94,O,O,8.453015
tcr_20_4,C,A,E,A,6,97,O,C,8.530261
tcr_20_4,C,A,E,R,6,93,O,NH2,6.9401593
tcr_20_4,C,A,E,R,6,93,O,NH1,8.493064
tcr_20_4,C,A,E,R,6,93,O,NE,7.908335
tcr_20_4,C,A,E,A,6,97,O,CB,6.384434
tcr_20_4,C,A,E,R,6,93,O,O,7.8826303
tcr_20_4,C,A,E,A,6,97,O,N,8.692679
tcr_20_4,C,A,E,A,6,97,O,CA,7.868715
tcr_20_4,C,A,E,R,6,93,O,CZ,7.6994934
tcr_20_4,C,A,E,N,6,101,O,CG,8.248534
tcr_20_4,C,A,E,N,6,101,O,OD1,8.044264
tcr_20_4,C,A,E,N,6,101,O,CB,9.704789
tcr_20_4,C,A,E,K,6,104,O,NZ,9.910073
tcr_20_4,C,A,E,N,6,138,O,OD1,8.981211
tcr_20_4,C,A,E,R,6,121,O,NH2,6.7118206
tcr_20_4,C,A,E,R,6,121,O,NE,7.844619
tcr_20_4,C,A,E,R,6,121,O,CZ,6.9003816
tcr_20_4,C,A,E,N,6,138,O,CG,9.307449
tcr_20_4,C,A,E,E,6,176,O,CG,6.7846465
tcr_20_4,C,A,E,W,6,171,O,CH2,8.151684
tcr_20_4,C,A,E,W,6,171,O,CD2,8.553711
tcr_20_4,C,A,E,W,6,171,O,CE2,7.6264644
tcr_20_4,C,A,E,W,6,171,O,CE3,9.202866
tcr_20_4,C,A,E,W,6,171,O,CZ2,7.401911
tcr_20_4,C,A,E,W,6,171,O,CZ3,9.012265
tcr_20_4,C,A,E,F,6,140,O,CZ,7.889686
tcr_20_4,C,A,E,N,6,138,O,ND2,8.589711
tcr_20_4,C,A,E,R,6,180,O,CD,6.4881144
tcr_20_4,C,A,E,W,6,157,O,CH2,9.615281
tcr_20_4,C,A,E,W,6,157,O,CZ2,9.817818
tcr_20_4,C,A,E,R,6,180,O,CG,7.6364627
tcr_20_4,C,A,E,R,6,180,O,CB,8.970017
tcr_20_4,C,A,E,E,6,176,O,CB,8.025735
tcr_20_4,C,A,E,Q,6,179,O,OE1,6.177564
tcr_20_4,C,A,E,R,6,180,O,NE,5.157244
tcr_20_4,C,A,E,E,6,176,O,OE2,5.637761
tcr_20_4,C,A,E,R,6,180,O,CZ,3.9962668
tcr_20_4,C,A,E,E,6,176,O,CD,5.476144
tcr_20_4,C,A,E,R,6,180,O,NH1,4.2084503
tcr_20_4,C,A,E,E,6,176,O,OE1,4.542568
tcr_20_4,C,A,E,R,6,180,O,NH2,2.8832874
tcr_20_4,C,A,E,Q,6,179,O,NE2,7.8943863
tcr_20_4,C,A,E,Q,6,179,O,CD,7.3182163
tcr_20_4,C,A,E,E,6,176,O,CA,8.518081
tcr_20_4,C,A,E,E,6,176,O,C,8.995585
tcr_20_4,C,A,E,E,6,176,O,O,8.492054
tcr_20_4,C,A,E,Q,6,179,O,CG,8.322689
tcr_20_4,C,A,E,Q,6,179,O,CB,7.838842
tcr_20_4,C,A,E,R,6,180,O,CA,9.105184
tcr_20_4,C,A,E,Q,6,179,O,O,9.153337
tcr_20_4,C,A,E,Q,6,179,O,CA,9.112274
tcr_20_4,C,A,E,Q,6,179,O,N,9.994591
tcr_20_4,C,A,E,Q,6,179,O,C,8.931826
tcr_20_4,C,A,E,R,6,180,O,N,8.853867
tcr_20_4,C,A,E,W,6,171,O,CD1,8.212587
tcr_20_4,C,A,E,W,6,171,O,CB,9.984876
tcr_20_4,C,A,E,W,6,171,O,CG,8.883118
tcr_20_4,C,A,E,W,6,171,O,NE1,7.419141
tcr_20_4,C,A,E,A,6,174,O,CB,9.734559
tcr_20_4,C,A,E,E,6,176,O,N,9.734478
tcr_20_4,C,A,E,Y,6,91,CB,CB,9.90492
tcr_20_4,C,A,E,A,6,95,CB,O,8.648133
tcr_20_4,C,A,E,Q,6,96,CB,CG,9.142164
tcr_20_4,C,A,E,Q,6,96,CB,CD,9.5023155
tcr_20_4,C,A,E,Q,6,96,CB,OE1,8.8229265
tcr_20_4,C,A,E,Q,6,96,CB,CB,7.8743367
tcr_20_4,C,A,E,Q,6,96,CB,CA,7.882846
tcr_20_4,C,A,E,A,6,95,CB,CB,9.136069
tcr_20_4,C,A,E,Q,6,96,CB,N,7.602568
tcr_20_4,C,A,E,A,6,95,CB,C,8.023122
tcr_20_4,C,A,E,Q,6,96,CB,C,7.204519
tcr_20_4,C,A,E,D,6,98,CB,C,9.310386
tcr_20_4,C,A,E,Q,6,96,CB,O,8.030632
tcr_20_4,C,A,E,R,6,99,CB,N,9.543211
tcr_20_4,C,A,E,V,6,100,CB,CG2,9.891009
tcr_20_4,C,A,E,V,6,100,CB,CB,9.682153
tcr_20_4,C,A,E,Y,6,91,CB,O,7.714136
tcr_20_4,C,A,E,A,6,95,CB,N,6.761552
tcr_20_4,C,A,E,A,6,95,CB,CA,7.987176
tcr_20_4,C,A,E,F,6,46,CB,CD2,9.5479765
tcr_20_4,C,A,E,F,6,46,CB,CE1,9.565053
tcr_20_4,C,A,E,Y,6,91,CB,C,8.183434
tcr_20_4,C,A,E,Q,6,94,CB,C,5.6227007
tcr_20_4,C,A,E,F,6,46,CB,CE2,8.8135605
tcr_20_4,C,A,E,F,6,46,CB,CZ,8.818712
tcr_20_4,C,A,E,Q,6,94,CB,N,4.623604
tcr_20_4,C,A,E,Y,6,91,CB,CA,8.406298
tcr_20_4,C,A,E,Q,6,94,CB,CA,4.4383745
tcr_20_4,C,A,E,Q,6,94,CB,CG,5.143781
tcr_20_4,C,A,E,Y,6,91,CB,N,8.19093
tcr_20_4,C,A,E,Q,6,94,CB,CB,4.8734193
tcr_20_4,C,A,E,R,6,121,CB,NH1,6.6650233
tcr_20_4,C,A,E,K,6,90,CB,O,5.9638906
tcr_20_4,C,A,E,K,6,92,CB,CA,8.892986
tcr_20_4,C,A,E,K,6,92,CB,CB,9.919082
tcr_20_4,C,A,E,K,6,92,CB,O,7.7315793
tcr_20_4,C,A,E,Q,6,89,CB,O,7.976015
tcr_20_4,C,A,E,R,6,93,CB,N,6.740954
tcr_20_4,C,A,E,K,6,92,CB,C,7.663523
tcr_20_4,C,A,E,R,6,93,CB,CA,5.5728765
tcr_20_4,C,A,E,R,6,93,CB,C,4.687865
tcr_20_4,C,A,E,K,6,92,CB,N,8.729812
tcr_20_4,C,A,E,R,6,93,CB,CG,6.2646446
tcr_20_4,C,A,E,R,6,93,CB,CB,5.0791984
tcr_20_4,C,A,E,Q,6,89,CB,C,8.778895
tcr_20_4,C,A,E,R,6,93,CB,CD,6.3604293
tcr_20_4,C,A,E,K,6,90,CB,C,7.0617785
tcr_20_4,C,A,E,K,6,90,CB,CB,7.851081
tcr_20_4,C,A,E,K,6,90,CB,CA,7.378875
tcr_20_4,C,A,E,K,6,90,CB,CD,8.94517
tcr_20_4,C,A,E,K,6,90,CB,N,8.581257
tcr_20_4,C,A,E,K,6,90,CB,CG,8.228689
tcr_20_4,C,A,E,N,6,101,CB,ND2,6.717089
tcr_20_4,C,A,E,R,6,121,CB,CD,8.71767
tcr_20_4,C,A,E,F,6,140,CB,CE1,9.184934
tcr_20_4,C,A,E,D,6,98,CB,CB,8.340972
tcr_20_4,C,A,E,D,6,98,CB,CG,7.7056
tcr_20_4,C,A,E,D,6,98,CB,CA,8.019249
tcr_20_4,C,A,E,D,6,98,CB,OD1,6.9609036
tcr_20_4,C,A,E,D,6,98,CB,OD2,8.277385
tcr_20_4,C,A,E,Q,6,94,CB,CD,4.1116433
tcr_20_4,C,A,E,Q,6,94,CB,NE2,4.41955
tcr_20_4,C,A,E,D,6,98,CB,N,6.852223
tcr_20_4,C,A,E,A,6,97,CB,O,7.2561703
tcr_20_4,C,A,E,Q,6,94,CB,OE1,3.425759
tcr_20_4,C,A,E,Q,6,94,CB,O,5.700539
tcr_20_4,C,A,E,A,6,97,CB,C,6.4966855
tcr_20_4,C,A,E,R,6,93,CB,NH2,5.5150795
tcr_20_4,C,A,E,R,6,93,CB,NH1,6.832258
tcr_20_4,C,A,E,R,6,93,CB,NE,5.535575
tcr_20_4,C,A,E,A,6,97,CB,CB,4.044305
tcr_20_4,C,A,E,R,6,93,CB,O,4.5512795
tcr_20_4,C,A,E,A,6,97,CB,N,5.9202566
tcr_20_4,C,A,E,A,6,97,CB,CA,5.5258574
tcr_20_4,C,A,E,R,6,93,CB,CZ,5.847702
tcr_20_4,C,A,E,N,6,101,CB,CG,7.774172
tcr_20_4,C,A,E,N,6,101,CB,OD1,7.9000597
tcr_20_4,C,A,E,N,6,101,CB,N,9.717117
tcr_20_4,C,A,E,N,6,101,CB,CB,9.043278
tcr_20_4,C,A,E,F,6,123,CB,CE1,9.905944
tcr_20_4,C,A,E,R,6,121,CB,NH2,7.935907
tcr_20_4,C,A,E,R,6,121,CB,NE,8.565837
tcr_20_4,C,A,E,R,6,121,CB,CZ,7.655899
tcr_20_4,C,A,E,W,6,171,CB,CZ2,9.626725
tcr_20_4,C,A,E,F,6,140,CB,CZ,9.292331
tcr_20_4,C,A,E,R,6,180,CB,CD,9.179977
tcr_20_4,C,A,E,Q,6,179,CB,OE1,9.214997
tcr_20_4,C,A,E,R,6,180,CB,NE,8.0343275
tcr_20_4,C,A,E,E,6,176,CB,OE2,9.005485
tcr_20_4,C,A,E,R,6,180,CB,CZ,6.749677
tcr_20_4,C,A,E,E,6,176,CB,CD,8.8468485
tcr_20_4,C,A,E,R,6,180,CB,NH1,6.441833
tcr_20_4,C,A,E,E,6,176,CB,OE1,7.879923
tcr_20_4,C,A,E,R,6,180,CB,NH2,5.9300632
tcr_20_4,C,A,E,W,6,171,CB,NE1,9.969496
tcr_20_4,C,A,E,A,6,95,CG,O,9.093392
tcr_20_4,C,A,E,Q,6,96,CG,CG,9.032806
tcr_20_4,C,A,E,Q,6,96,CG,CD,9.221478
tcr_20_4,C,A,E,Q,6,96,CG,OE1,8.408237
tcr_20_4,C,A,E,Q,6,96,CG,CB,7.7352176
tcr_20_4,C,A,E,Q,6,96,CG,CA,7.933618
tcr_20_4,C,A,E,A,6,95,CG,CB,9.893781
tcr_20_4,C,A,E,Q,6,96,CG,N,7.9273186
tcr_20_4,C,A,E,A,6,95,CG,C,8.524697
tcr_20_4,C,A,E,Q,6,96,CG,C,7.1596484
tcr_20_4,C,A,E,V,6,100,CG,N,9.906399
tcr_20_4,C,A,E,D,6,98,CG,C,9.633765
tcr_20_4,C,A,E,Q,6,96,CG,O,7.8666663
tcr_20_4,C,A,E,R,6,99,CG,N,9.760189
tcr_20_4,C,A,E,V,6,100,CG,CG2,9.271271
tcr_20_4,C,A,E,V,6,100,CG,CB,9.15942
tcr_20_4,C,A,E,V,6,100,CG,CG1,9.780284
tcr_20_4,C,A,E,Y,6,91,CG,O,8.715847
tcr_20_4,C,A,E,A,6,95,CG,N,7.619327
tcr_20_4,C,A,E,A,6,95,CG,CA,8.737495
tcr_20_4,C,A,E,Y,6,91,CG,C,9.168831
tcr_20_4,C,A,E,Q,6,94,CG,C,6.5295234
tcr_20_4,C,A,E,Q,6,94,CG,N,5.504096
tcr_20_4,C,A,E,Y,6,91,CG,CA,9.5339
tcr_20_4,C,A,E,Q,6,94,CG,CA,5.502586
tcr_20_4,C,A,E,Q,6,94,CG,CG,6.5309777
tcr_20_4,C,A,E,Y,6,91,CG,N,9.254083
tcr_20_4,C,A,E,Q,6,94,CG,CB,6.1986074
tcr_20_4,C,A,E,R,6,121,CG,NH1,8.057892
tcr_20_4,C,A,E,K,6,90,CG,O,7.014043
tcr_20_4,C,A,E,K,6,92,CG,CA,9.529718
tcr_20_4,C,A,E,K,6,92,CG,O,8.16194
tcr_20_4,C,A,E,Q,6,89,CG,O,8.497192
tcr_20_4,C,A,E,R,6,93,CG,N,7.2322526
tcr_20_4,C,A,E,K,6,92,CG,C,8.182482
tcr_20_4,C,A,E,R,6,93,CG,CA,5.8947854
tcr_20_4,C,A,E,R,6,93,CG,C,5.2069936
tcr_20_4,C,A,E,K,6,92,CG,N,9.547296
tcr_20_4,C,A,E,R,6,93,CG,CG,6.2203465
tcr_20_4,C,A,E,R,6,93,CG,CB,5.306515
tcr_20_4,C,A,E,Q,6,89,CG,C,9.37174
tcr_20_4,C,A,E,R,6,93,CG,CD,6.219671
tcr_20_4,C,A,E,K,6,90,CG,C,8.076492
tcr_20_4,C,A,E,K,6,90,CG,CB,8.838221
tcr_20_4,C,A,E,K,6,90,CG,CA,8.2549515
tcr_20_4,C,A,E,K,6,90,CG,CD,9.850326
tcr_20_4,C,A,E,K,6,90,CG,N,9.32179
tcr_20_4,C,A,E,K,6,90,CG,CG,9.06069
tcr_20_4,C,A,E,N,6,101,CG,ND2,7.053919
tcr_20_4,C,A,E,D,6,98,CG,CB,9.048276
tcr_20_4,C,A,E,D,6,98,CG,CG,8.594846
tcr_20_4,C,A,E,D,6,98,CG,CA,8.48762
tcr_20_4,C,A,E,D,6,98,CG,OD1,7.8091288
tcr_20_4,C,A,E,D,6,98,CG,OD2,9.315796
tcr_20_4,C,A,E,Q,6,94,CG,CD,5.4768877
tcr_20_4,C,A,E,Q,6,94,CG,NE2,5.555558
tcr_20_4,C,A,E,D,6,98,CG,N,7.2307105
tcr_20_4,C,A,E,A,6,97,CG,O,7.2210555
tcr_20_4,C,A,E,Q,6,94,CG,OE1,4.890612
tcr_20_4,C,A,E,Q,6,94,CG,O,6.5107083
tcr_20_4,C,A,E,A,6,97,CG,C,6.6069636
tcr_20_4,C,A,E,R,6,93,CG,NH2,4.7638407
tcr_20_4,C,A,E,R,6,93,CG,NH1,6.465111
tcr_20_4,C,A,E,R,6,93,CG,NE,5.140192
tcr_20_4,C,A,E,A,6,97,CG,CB,4.090951
tcr_20_4,C,A,E,R,6,93,CG,O,4.8485837
tcr_20_4,C,A,E,A,6,97,CG,N,5.9468865
tcr_20_4,C,A,E,A,6,97,CG,CA,5.4612055
tcr_20_4,C,A,E,R,6,93,CG,CZ,5.348146
tcr_20_4,C,A,E,N,6,101,CG,CG,7.926406
tcr_20_4,C,A,E,N,6,101,CG,OD1,7.846995
tcr_20_4,C,A,E,N,6,101,CG,N,9.633785
tcr_20_4,C,A,E,N,6,101,CG,CB,9.26346
tcr_20_4,C,A,E,K,6,104,CG,NZ,9.608782
tcr_20_4,C,A,E,R,6,121,CG,NH2,9.14869
tcr_20_4,C,A,E,R,6,121,CG,NE,9.86514
tcr_20_4,C,A,E,R,6,121,CG,CZ,8.964244
tcr_20_4,C,A,E,W,6,171,CG,CZ2,9.908879
tcr_20_4,C,A,E,R,6,180,CG,CD,9.854319
tcr_20_4,C,A,E,Q,6,179,CG,OE1,8.944585
tcr_20_4,C,A,E,R,6,180,CG,NE,8.603955
tcr_20_4,C,A,E,E,6,176,CG,OE2,8.765913
tcr_20_4,C,A,E,R,6,180,CG,CZ,7.3629856
tcr_20_4,C,A,E,E,6,176,CG,CD,8.813262
tcr_20_4,C,A,E,R,6,180,CG,NH1,7.2423515
tcr_20_4,C,A,E,E,6,176,CG,OE1,8.001037
tcr_20_4,C,A,E,R,6,180,CG,NH2,6.368799
tcr_20_4,C,A,E,W,6,171,CG,NE1,9.866303
tcr_20_4,C,A,E,Q,6,96,CD,CG,9.24477
tcr_20_4,C,A,E,Q,6,96,CD,CD,9.189846
tcr_20_4,C,A,E,Q,6,96,CD,OE1,8.250388
tcr_20_4,C,A,E,Q,6,96,CD,CB,8.094564
tcr_20_4,C,A,E,Q,6,96,CD,CA,8.555327
tcr_20_4,C,A,E,Q,6,96,CD,N,8.579366
tcr_20_4,C,A,E,A,6,95,CD,C,9.332572
tcr_20_4,C,A,E,Q,6,96,CD,C,7.961409
tcr_20_4,C,A,E,Q,6,96,CD,O,8.71827
tcr_20_4,C,A,E,Y,6,91,CD,O,9.092972
tcr_20_4,C,A,E,A,6,95,CD,N,8.37025
tcr_20_4,C,A,E,A,6,95,CD,CA,9.537427
tcr_20_4,C,A,E,Y,6,91,CD,C,9.365561
tcr_20_4,C,A,E,Q,6,94,CD,C,7.4246793
tcr_20_4,C,A,E,Q,6,94,CD,N,5.956145
tcr_20_4,C,A,E,Y,6,91,CD,CA,9.701986
tcr_20_4,C,A,E,Q,6,94,CD,CA,6.296521
tcr_20_4,C,A,E,Q,6,94,CD,CG,7.5615416
tcr_20_4,C,A,E,Y,6,91,CD,N,9.212886
tcr_20_4,C,A,E,Q,6,94,CD,CB,6.9893527
tcr_20_4,C,A,E,R,6,121,CD,NH1,8.981677
tcr_20_4,C,A,E,K,6,90,CD,O,7.032231
tcr_20_4,C,A,E,K,6,92,CD,CA,9.557242
tcr_20_4,C,A,E,K,6,92,CD,O,8.360247
tcr_20_4,C,A,E,Q,6,89,CD,O,7.988554
tcr_20_4,C,A,E,R,6,93,CD,N,7.147592
tcr_20_4,C,A,E,K,6,92,CD,C,8.23839
tcr_20_4,C,A,E,R,6,93,CD,CA,5.820377
tcr_20_4,C,A,E,R,6,93,CD,C,5.5237164
tcr_20_4,C,A,E,K,6,92,CD,N,9.574354
tcr_20_4,C,A,E,R,6,93,CD,CG,5.5072627
tcr_20_4,C,A,E,Q,6,89,CD,CG,9.761297
tcr_20_4,C,A,E,R,6,93,CD,CB,4.9017158
tcr_20_4,C,A,E,Q,6,89,CD,C,8.811152
tcr_20_4,C,A,E,R,6,93,CD,CD,5.2024584
tcr_20_4,C,A,E,K,6,90,CD,C,7.9562836
tcr_20_4,C,A,E,K,6,90,CD,CB,8.471921
tcr_20_4,C,A,E,K,6,90,CD,CA,7.867764
tcr_20_4,C,A,E,K,6,90,CD,CD,9.31527
tcr_20_4,C,A,E,K,6,90,CD,N,8.805459
tcr_20_4,C,A,E,K,6,90,CD,CG,8.476174
tcr_20_4,C,A,E,N,6,101,CD,ND2,8.569804
tcr_20_4,C,A,E,D,6,98,CD,CG,9.95647
tcr_20_4,C,A,E,D,6,98,CD,CA,9.817173
tcr_20_4,C,A,E,D,6,98,CD,OD1,9.241196
tcr_20_4,C,A,E,Q,6,94,CD,CD,6.669387
tcr_20_4,C,A,E,Q,6,94,CD,NE2,6.91585
tcr_20_4,C,A,E,D,6,98,CD,N,8.495494
tcr_20_4,C,A,E,A,6,97,CD,O,8.500782
tcr_20_4,C,A,E,Q,6,94,CD,OE1,6.0056295
tcr_20_4,C,A,E,Q,6,94,CD,O,7.5872345
tcr_20_4,C,A,E,A,6,97,CD,C,7.859071
tcr_20_4,C,A,E,R,6,93,CD,NH2,3.245548
tcr_20_4,C,A,E,R,6,93,CD,NH1,5.0577908
tcr_20_4,C,A,E,R,6,93,CD,NE,3.9456246
tcr_20_4,C,A,E,A,6,97,CD,CB,5.3366218
tcr_20_4,C,A,E,R,6,93,CD,O,5.34512
tcr_20_4,C,A,E,A,6,97,CD,N,6.850553
tcr_20_4,C,A,E,A,6,97,CD,CA,6.574343
tcr_20_4,C,A,E,R,6,93,CD,CZ,3.941778
tcr_20_4,C,A,E,N,6,101,CD,CG,9.410999
tcr_20_4,C,A,E,N,6,101,CD,OD1,9.286778
tcr_20_4,C,A,E,R,6,121,CD,NH2,9.978477
tcr_20_4,C,A,E,R,6,121,CD,CZ,9.909736
tcr_20_4,C,A,E,Q,6,179,CD,OE1,8.801766
tcr_20_4,C,A,E,R,6,180,CD,NE,9.217513
tcr_20_4,C,A,E,E,6,176,CD,OE2,9.215816
tcr_20_4,C,A,E,R,6,180,CD,CZ,7.965469
tcr_20_4,C,A,E,E,6,176,CD,CD,9.400152
tcr_20_4,C,A,E,R,6,180,CD,NH1,7.761413
tcr_20_4,C,A,E,E,6,176,CD,OE1,8.632898
tcr_20_4,C,A,E,R,6,180,CD,NH2,7.030438
tcr_20_4,C,A,E,Q,6,179,CD,CD,9.951802
tcr_20_4,C,A,E,Q,6,96,OE1,CG,9.27669
tcr_20_4,C,A,E,Q,6,96,OE1,CD,9.067058
tcr_20_4,C,A,E,Q,6,96,OE1,OE1,8.03668
tcr_20_4,C,A,E,Q,6,96,OE1,CB,8.1581545
tcr_20_4,C,A,E,Q,6,96,OE1,CA,8.7657
tcr_20_4,C,A,E,Q,6,96,OE1,N,8.980144
tcr_20_4,C,A,E,A,6,95,OE1,C,9.842165
tcr_20_4,C,A,E,Q,6,96,OE1,C,8.149412
tcr_20_4,C,A,E,Q,6,96,OE1,O,8.805217
tcr_20_4,C,A,E,V,6,100,OE1,CG2,9.86655
tcr_20_4,C,A,E,Y,6,91,OE1,O,9.941069
tcr_20_4,C,A,E,A,6,95,OE1,N,9.130714
tcr_20_4,C,A,E,Q,6,94,OE1,C,8.238056
tcr_20_4,C,A,E,Q,6,94,OE1,N,6.81087
tcr_20_4,C,A,E,Q,6,94,OE1,CA,7.2294025
tcr_20_4,C,A,E,Q,6,94,OE1,CG,8.658583
tcr_20_4,C,A,E,Q,6,94,OE1,CB,8.060347
tcr_20_4,C,A,E,K,6,90,OE1,O,7.9991574
tcr_20_4,C,A,E,K,6,92,OE1,O,8.823482
tcr_20_4,C,A,E,Q,6,89,OE1,O,8.560571
tcr_20_4,C,A,E,R,6,93,OE1,N,7.704976
tcr_20_4,C,A,E,K,6,92,OE1,C,8.770798
tcr_20_4,C,A,E,R,6,93,OE1,CA,6.325081
tcr_20_4,C,A,E,R,6,93,OE1,C,6.1815658
tcr_20_4,C,A,E,R,6,93,OE1,CG,5.740062
tcr_20_4,C,A,E,R,6,93,OE1,CB,5.416347
tcr_20_4,C,A,E,Q,6,89,OE1,C,9.421458
tcr_20_4,C,A,E,R,6,93,OE1,CD,5.380561
tcr_20_4,C,A,E,K,6,90,OE1,C,8.886654
tcr_20_4,C,A,E,K,6,90,OE1,CB,9.417582
tcr_20_4,C,A,E,K,6,90,OE1,CA,8.732537
tcr_20_4,C,A,E,K,6,90,OE1,N,9.540629
tcr_20_4,C,A,E,K,6,90,OE1,CG,9.339738
tcr_20_4,C,A,E,N,6,101,OE1,ND2,9.117337
tcr_20_4,C,A,E,Q,6,94,OE1,CD,7.761004
tcr_20_4,C,A,E,Q,6,94,OE1,NE2,7.892866
tcr_20_4,C,A,E,D,6,98,OE1,N,8.997154
tcr_20_4,C,A,E,A,6,97,OE1,O,8.760377
tcr_20_4,C,A,E,Q,6,94,OE1,OE1,7.164312
tcr_20_4,C,A,E,Q,6,94,OE1,O,8.34614
tcr_20_4,C,A,E,A,6,97,OE1,C,8.220156
tcr_20_4,C,A,E,R,6,93,OE1,NH2,2.9716554
tcr_20_4,C,A,E,R,6,93,OE1,NH1,5.064293
tcr_20_4,C,A,E,R,6,93,OE1,NE,3.9952328
tcr_20_4,C,A,E,A,6,97,OE1,CB,5.795561
tcr_20_4,C,A,E,R,6,93,OE1,O,5.8765326
tcr_20_4,C,A,E,A,6,97,OE1,N,7.149468
tcr_20_4,C,A,E,A,6,97,OE1,CA,6.864361
tcr_20_4,C,A,E,R,6,93,OE1,CZ,3.890133
tcr_20_4,C,A,E,N,6,101,OE1,CG,9.82726
tcr_20_4,C,A,E,N,6,101,OE1,OD1,9.586813
tcr_20_4,C,A,E,Q,6,179,OE1,OE1,9.042593
tcr_20_4,C,A,E,E,6,176,OE1,OE2,9.496067
tcr_20_4,C,A,E,R,6,180,OE1,CZ,8.836224
tcr_20_4,C,A,E,E,6,176,OE1,CD,9.827342
tcr_20_4,C,A,E,R,6,180,OE1,NH1,8.739201
tcr_20_4,C,A,E,E,6,176,OE1,OE1,9.186886
tcr_20_4,C,A,E,R,6,180,OE1,NH2,7.8275166
tcr_20_4,C,A,E,K,6,90,OE2,CE,9.578163
tcr_20_4,C,A,E,Q,6,89,OE2,CA,9.298636
tcr_20_4,C,A,E,Q,6,89,OE2,CB,9.431274
tcr_20_4,C,A,E,Q,6,96,OE2,CG,9.638324
tcr_20_4,C,A,E,Q,6,96,OE2,CD,9.545279
tcr_20_4,C,A,E,Q,6,96,OE2,OE1,8.620781
tcr_20_4,C,A,E,Q,6,96,OE2,CB,8.600844
tcr_20_4,C,A,E,Q,6,96,OE2,CA,9.09518
tcr_20_4,C,A,E,Q,6,96,OE2,N,8.9559
tcr_20_4,C,A,E,A,6,95,OE2,C,9.692036
tcr_20_4,C,A,E,Q,6,96,OE2,C,8.661292
tcr_20_4,C,A,E,Q,6,96,OE2,O,9.524517
tcr_20_4,C,A,E,Y,6,91,OE2,O,8.781412
tcr_20_4,C,A,E,A,6,95,OE2,N,8.455817
tcr_20_4,C,A,E,A,6,95,OE2,CA,9.725076
tcr_20_4,C,A,E,Y,6,91,OE2,C,8.910093
tcr_20_4,C,A,E,Q,6,94,OE2,C,7.584107
tcr_20_4,C,A,E,Q,6,94,OE2,N,5.816743
tcr_20_4,C,A,E,Y,6,91,OE2,CA,9.098233
tcr_20_4,C,A,E,Q,6,94,OE2,CA,6.2986255
tcr_20_4,C,A,E,Q,6,94,OE2,CG,7.4992356
tcr_20_4,C,A,E,Y,6,91,OE2,N,8.462123
tcr_20_4,C,A,E,Q,6,94,OE2,CB,6.8035235
tcr_20_4,C,A,E,R,6,121,OE2,NH1,8.698614
tcr_20_4,C,A,E,K,6,90,OE2,O,6.3501754
tcr_20_4,C,A,E,K,6,92,OE2,CA,9.240652
tcr_20_4,C,A,E,K,6,92,OE2,CB,9.889723
tcr_20_4,C,A,E,K,6,92,OE2,O,8.343515
tcr_20_4,C,A,E,Q,6,89,OE2,O,7.26391
tcr_20_4,C,A,E,R,6,93,OE2,N,6.8497214
tcr_20_4,C,A,E,K,6,92,OE2,C,8.039595
tcr_20_4,C,A,E,R,6,93,OE2,CA,5.665715
tcr_20_4,C,A,E,R,6,93,OE2,C,5.531957
tcr_20_4,C,A,E,K,6,92,OE2,N,9.107411
tcr_20_4,C,A,E,R,6,93,OE2,CG,5.102026
tcr_20_4,C,A,E,Q,6,89,OE2,CG,8.963934
tcr_20_4,C,A,E,R,6,93,OE2,CB,4.5233774
tcr_20_4,C,A,E,Q,6,89,OE2,C,7.969294
tcr_20_4,C,A,E,Q,6,89,OE2,NE2,9.763453
tcr_20_4,C,A,E,Q,6,89,OE2,CD,9.50469
tcr_20_4,C,A,E,R,6,93,OE2,CD,4.571178
tcr_20_4,C,A,E,K,6,90,OE2,C,7.163455
tcr_20_4,C,A,E,K,6,90,OE2,CB,7.419488
tcr_20_4,C,A,E,K,6,90,OE2,CA,6.911348
tcr_20_4,C,A,E,K,6,90,OE2,CD,8.124963
tcr_20_4,C,A,E,K,6,90,OE2,N,7.858811
tcr_20_4,C,A,E,K,6,90,OE2,CG,7.315197
tcr_20_4,C,A,E,Q,6,89,OE2,OE1,9.920939
tcr_20_4,C,A,E,N,6,101,OE2,ND2,9.369665
tcr_20_4,C,A,E,D,6,98,OE2,OD1,9.73454
tcr_20_4,C,A,E,Q,6,94,OE2,CD,6.747182
tcr_20_4,C,A,E,Q,6,94,OE2,NE2,7.2189527
tcr_20_4,C,A,E,D,6,98,OE2,N,9.1852045
tcr_20_4,C,A,E,A,6,97,OE2,O,9.426875
tcr_20_4,C,A,E,Q,6,94,OE2,OE1,5.9781375
tcr_20_4,C,A,E,Q,6,94,OE2,O,7.9208627
tcr_20_4,C,A,E,A,6,97,OE2,C,8.686923
tcr_20_4,C,A,E,R,6,93,OE2,NH2,2.7341647
tcr_20_4,C,A,E,R,6,93,OE2,NH1,4.188651
tcr_20_4,C,A,E,R,6,93,OE2,NE,3.3882601
tcr_20_4,C,A,E,A,6,97,OE2,CB,6.147168
tcr_20_4,C,A,E,R,6,93,OE2,O,5.62988
tcr_20_4,C,A,E,A,6,97,OE2,N,7.549122
tcr_20_4,C,A,E,A,6,97,OE2,CA,7.418413
tcr_20_4,C,A,E,R,6,93,OE2,CZ,3.23676
tcr_20_4,C,A,E,R,6,121,OE2,NH2,9.681747
tcr_20_4,C,A,E,R,6,121,OE2,CZ,9.666456
tcr_20_4,C,A,E,Q,6,179,OE2,OE1,8.732236
tcr_20_4,C,A,E,R,6,180,OE2,NE,9.120754
tcr_20_4,C,A,E,E,6,176,OE2,OE2,9.552868
tcr_20_4,C,A,E,R,6,180,OE2,CZ,7.8390446
tcr_20_4,C,A,E,E,6,176,OE2,CD,9.687292
tcr_20_4,C,A,E,R,6,180,OE2,NH1,7.456871
tcr_20_4,C,A,E,E,6,176,OE2,OE1,8.844785
tcr_20_4,C,A,E,R,6,180,OE2,NH2,7.0618467
tcr_20_4,C,A,E,Q,6,179,OE2,CD,9.906693
tcr_20_4,C,A,F,R,7,121,N,CB,8.622257
tcr_20_4,C,A,F,R,7,121,N,CG,8.08314
tcr_20_4,C,A,F,L,7,119,N,CG,9.784726
tcr_20_4,C,A,F,F,7,140,N,CD1,7.736076
tcr_20_4,C,A,F,F,7,140,N,CG,8.748707
tcr_20_4,C,A,F,L,7,119,N,CD2,8.782448
tcr_20_4,C,A,F,F,7,140,N,CE2,7.5764723
tcr_20_4,C,A,F,F,7,140,N,CD2,8.67222
tcr_20_4,C,A,F,A,7,95,N,O,9.931319
tcr_20_4,C,A,F,Q,7,96,N,CA,9.82508
tcr_20_4,C,A,F,Q,7,96,N,N,9.532951
tcr_20_4,C,A,F,A,7,95,N,C,9.599167
tcr_20_4,C,A,F,Q,7,96,N,C,8.847135
tcr_20_4,C,A,F,D,7,98,N,C,9.447092
tcr_20_4,C,A,F,Q,7,96,N,O,9.423665
tcr_20_4,C,A,F,Y,7,91,N,O,9.690556
tcr_20_4,C,A,F,A,7,95,N,N,8.414362
tcr_20_4,C,A,F,A,7,95,N,CA,9.489111
tcr_20_4,C,A,F,Q,7,94,N,C,7.108907
tcr_20_4,C,A,F,F,7,46,N,CE2,9.136004
tcr_20_4,C,A,F,F,7,46,N,CZ,9.3930025
tcr_20_4,C,A,F,Q,7,94,N,N,6.9706945
tcr_20_4,C,A,F,Q,7,94,N,CA,6.197757
tcr_20_4,C,A,F,Q,7,94,N,CG,5.587694
tcr_20_4,C,A,F,Q,7,94,N,CB,6.158551
tcr_20_4,C,A,F,S,7,33,N,OG,9.143254
tcr_20_4,C,A,F,R,7,121,N,NH1,5.0993752
tcr_20_4,C,A,F,K,7,90,N,O,8.229018
tcr_20_4,C,A,F,R,7,93,N,N,9.525974
tcr_20_4,C,A,F,R,7,93,N,CA,8.477136
tcr_20_4,C,A,F,R,7,93,N,C,7.3336077
tcr_20_4,C,A,F,R,7,93,N,CG,9.4108515
tcr_20_4,C,A,F,R,7,93,N,CB,8.155921
tcr_20_4,C,A,F,R,7,93,N,CD,9.471672
tcr_20_4,C,A,F,K,7,90,N,C,9.304966
tcr_20_4,C,A,F,K,7,90,N,CB,9.865317
tcr_20_4,C,A,F,K,7,90,N,CA,9.739605
tcr_20_4,C,A,F,N,7,101,N,ND2,5.5248737
tcr_20_4,C,A,F,R,7,121,N,CD,6.7210226
tcr_20_4,C,A,F,F,7,140,N,CE1,6.477878
tcr_20_4,C,A,F,D,7,98,N,CB,8.361652
tcr_20_4,C,A,F,D,7,98,N,CG,7.370721
tcr_20_4,C,A,F,D,7,98,N,CA,8.061357
tcr_20_4,C,A,F,D,7,98,N,OD1,6.3047276
tcr_20_4,C,A,F,D,7,98,N,OD2,7.911258
tcr_20_4,C,A,F,Q,7,94,N,CD,4.1020737
tcr_20_4,C,A,F,Q,7,94,N,NE2,4.0288396
tcr_20_4,C,A,F,D,7,98,N,N,7.321296
tcr_20_4,C,A,F,A,7,97,N,O,7.4577637
tcr_20_4,C,A,F,Q,7,94,N,OE1,3.294478
tcr_20_4,C,A,F,Q,7,94,N,O,6.801859
tcr_20_4,C,A,F,A,7,97,N,C,7.02816
tcr_20_4,C,A,F,R,7,93,N,NH2,8.1674595
tcr_20_4,C,A,F,R,7,93,N,NH1,9.592585
tcr_20_4,C,A,F,R,7,93,N,NE,8.597476
tcr_20_4,C,A,F,A,7,97,N,CB,5.2046885
tcr_20_4,C,A,F,R,7,93,N,O,7.0656066
tcr_20_4,C,A,F,A,7,97,N,N,7.5394654
tcr_20_4,C,A,F,A,7,97,N,CA,6.660708
tcr_20_4,C,A,F,R,7,93,N,CZ,8.70904
tcr_20_4,C,A,F,N,7,101,N,CA,9.094495
tcr_20_4,C,A,F,N,7,101,N,CG,6.563491
tcr_20_4,C,A,F,N,7,101,N,OD1,6.608122
tcr_20_4,C,A,F,N,7,101,N,N,9.233552
tcr_20_4,C,A,F,N,7,101,N,CB,7.9236574
tcr_20_4,C,A,F,T,7,167,N,CG2,9.840915
tcr_20_4,C,A,F,K,7,104,N,NZ,9.432707
tcr_20_4,C,A,F,F,7,123,N,CE2,9.868803
tcr_20_4,C,A,F,F,7,123,N,CZ,9.30936
tcr_20_4,C,A,F,F,7,123,N,CE1,8.900538
tcr_20_4,C,A,F,F,7,123,N,CD1,9.081099
tcr_20_4,C,A,F,F,7,123,N,CG,9.650824
tcr_20_4,C,A,F,N,7,138,N,OD1,8.022514
tcr_20_4,C,A,F,R,7,121,N,NH2,5.874906
tcr_20_4,C,A,F,R,7,121,N,NE,6.4128885
tcr_20_4,C,A,F,R,7,121,N,CZ,5.67698
tcr_20_4,C,A,F,N,7,138,N,CG,8.5624895
tcr_20_4,C,A,F,E,7,176,N,CG,7.4442196
tcr_20_4,C,A,F,W,7,171,N,CH2,7.20842
tcr_20_4,C,A,F,W,7,171,N,CD2,8.285427
tcr_20_4,C,A,F,W,7,171,N,CE2,7.180906
tcr_20_4,C,A,F,W,7,171,N,CE3,8.780615
tcr_20_4,C,A,F,W,7,171,N,CZ2,6.574359
tcr_20_4,C,A,F,W,7,171,N,CZ3,8.286868
tcr_20_4,C,A,F,F,7,140,N,CZ,6.3818035
tcr_20_4,C,A,F,N,7,138,N,ND2,8.010503
tcr_20_4,C,A,F,R,7,180,N,CD,6.8720603
tcr_20_4,C,A,F,W,7,157,N,CH2,9.394219
tcr_20_4,C,A,F,W,7,157,N,CZ2,9.863238
tcr_20_4,C,A,F,R,7,180,N,CG,8.041608
tcr_20_4,C,A,F,R,7,180,N,CB,9.412255
tcr_20_4,C,A,F,E,7,176,N,CB,8.844844
tcr_20_4,C,A,F,Q,7,179,N,OE1,8.115037
tcr_20_4,C,A,F,R,7,180,N,NE,5.6227427
tcr_20_4,C,A,F,E,7,176,N,OE2,6.915582
tcr_20_4,C,A,F,R,7,180,N,CZ,4.5229726
tcr_20_4,C,A,F,E,7,176,N,CD,6.450669
tcr_20_4,C,A,F,R,7,180,N,NH1,4.615501
tcr_20_4,C,A,F,E,7,176,N,OE1,5.4311695
tcr_20_4,C,A,F,R,7,180,N,NH2,3.6448503
tcr_20_4,C,A,F,Q,7,179,N,NE2,9.822575
tcr_20_4,C,A,F,Q,7,179,N,CD,9.206597
tcr_20_4,C,A,F,E,7,176,N,CA,9.600353
tcr_20_4,C,A,F,E,7,176,N,C,9.967433
tcr_20_4,C,A,F,E,7,176,N,O,9.519278
tcr_20_4,C,A,F,Q,7,179,N,CB,9.435449
tcr_20_4,C,A,F,R,7,180,N,CA,9.819088
tcr_20_4,C,A,F,R,7,180,N,N,9.853258
tcr_20_4,C,A,F,W,7,171,N,CD1,8.30152
tcr_20_4,C,A,F,W,7,171,N,CG,8.920778
tcr_20_4,C,A,F,W,7,171,N,NE1,7.22303
tcr_20_4,C,A,F,R,7,121,CA,CB,8.635356
tcr_20_4,C,A,F,R,7,121,CA,CG,8.084225
tcr_20_4,C,A,F,L,7,119,CA,CG,9.432266
tcr_20_4,C,A,F,F,7,140,CA,CD1,7.1192784
tcr_20_4,C,A,F,L,7,119,CA,CD1,9.490739
tcr_20_4,C,A,F,F,7,140,CA,CG,7.9983106
tcr_20_4,C,A,F,F,7,140,CA,CB,9.330042
tcr_20_4,C,A,F,L,7,119,CA,CD2,8.435423
tcr_20_4,C,A,F,T,7,167,CA,OG1,9.886495
tcr_20_4,C,A,F,T,7,167,CA,CB,9.812215
tcr_20_4,C,A,F,N,7,138,CA,CB,9.701493
tcr_20_4,C,A,F,F,7,140,CA,CE2,6.790086
tcr_20_4,C,A,F,I,7,148,CA,CG2,9.56455
tcr_20_4,C,A,F,F,7,140,CA,CD2,7.848405
tcr_20_4,C,A,F,W,7,157,CA,CZ3,9.150489
tcr_20_4,C,A,F,Q,7,96,CA,C,9.4485035
tcr_20_4,C,A,F,D,7,98,CA,C,9.547806
tcr_20_4,C,A,F,Q,7,96,CA,O,9.862548
tcr_20_4,C,A,F,D,7,98,CA,O,9.991514
tcr_20_4,C,A,F,V,7,100,CA,CB,9.806576
tcr_20_4,C,A,F,V,7,100,CA,C,9.888764
tcr_20_4,C,A,F,A,7,95,CA,N,9.432441
tcr_20_4,C,A,F,Q,7,94,CA,C,8.102775
tcr_20_4,C,A,F,F,7,46,CA,CE2,9.944989
tcr_20_4,C,A,F,Q,7,94,CA,N,8.237083
tcr_20_4,C,A,F,Q,7,94,CA,CA,7.367323
tcr_20_4,C,A,F,Q,7,94,CA,CG,6.6176405
tcr_20_4,C,A,F,Q,7,94,CA,CB,7.3658533
tcr_20_4,C,A,F,S,7,33,CA,OG,9.609634
tcr_20_4,C,A,F,R,7,121,CA,NH1,5.7186217
tcr_20_4,C,A,F,K,7,90,CA,O,9.649602
tcr_20_4,C,A,F,R,7,93,CA,CA,9.738003
tcr_20_4,C,A,F,R,7,93,CA,C,8.545662
tcr_20_4,C,A,F,R,7,93,CA,CB,9.476492
tcr_20_4,C,A,F,N,7,101,CA,ND2,5.1526713
tcr_20_4,C,A,F,R,7,121,CA,CD,6.877033
tcr_20_4,C,A,F,F,7,140,CA,CE1,5.924784
tcr_20_4,C,A,F,D,7,98,CA,CB,8.657568
tcr_20_4,C,A,F,D,7,98,CA,CG,7.6705976
tcr_20_4,C,A,F,D,7,98,CA,CA,8.236368
tcr_20_4,C,A,F,D,7,98,CA,OD1,6.4920917
tcr_20_4,C,A,F,D,7,98,CA,OD2,8.285869
tcr_20_4,C,A,F,Q,7,94,CA,CD,5.092843
tcr_20_4,C,A,F,Q,7,94,CA,NE2,4.7280736
tcr_20_4,C,A,F,D,7,98,CA,N,7.6574755
tcr_20_4,C,A,F,A,7,97,CA,O,7.47698
tcr_20_4,C,A,F,Q,7,94,CA,OE1,4.467863
tcr_20_4,C,A,F,Q,7,94,CA,O,7.6178274
tcr_20_4,C,A,F,A,7,97,CA,C,7.27755
tcr_20_4,C,A,F,R,7,93,CA,NH2,9.238817
tcr_20_4,C,A,F,R,7,93,CA,NE,9.826275
tcr_20_4,C,A,F,A,7,97,CA,CB,5.783286
tcr_20_4,C,A,F,R,7,93,CA,O,8.144858
tcr_20_4,C,A,F,A,7,97,CA,N,8.187008
tcr_20_4,C,A,F,A,7,97,CA,CA,7.1121225
tcr_20_4,C,A,F,R,7,93,CA,CZ,9.893965
tcr_20_4,C,A,F,N,7,101,CA,CA,8.534118
tcr_20_4,C,A,F,N,7,101,CA,CG,6.0114083
tcr_20_4,C,A,F,N,7,101,CA,OD1,5.8937664
tcr_20_4,C,A,F,N,7,101,CA,N,8.843142
tcr_20_4,C,A,F,N,7,101,CA,CB,7.4114776
tcr_20_4,C,A,F,K,7,104,CA,CD,9.705641
tcr_20_4,C,A,F,T,7,167,CA,CG2,8.409422
tcr_20_4,C,A,F,K,7,104,CA,NZ,8.564664
tcr_20_4,C,A,F,N,7,101,CA,C,9.836037
tcr_20_4,C,A,F,K,7,104,CA,CE,9.747203
tcr_20_4,C,A,F,F,7,123,CA,CE1,9.58554
tcr_20_4,C,A,F,F,7,123,CA,CD1,9.56654
tcr_20_4,C,A,F,N,7,138,CA,OD1,7.793851
tcr_20_4,C,A,F,R,7,121,CA,NH2,6.15148
tcr_20_4,C,A,F,R,7,121,CA,NE,6.5549808
tcr_20_4,C,A,F,R,7,121,CA,CZ,6.0155497
tcr_20_4,C,A,F,N,7,138,CA,CG,8.20736
tcr_20_4,C,A,F,E,7,176,CA,CG,6.4553633
tcr_20_4,C,A,F,W,7,171,CA,CH2,5.9345536
tcr_20_4,C,A,F,W,7,171,CA,CD2,6.906939
tcr_20_4,C,A,F,W,7,171,CA,CE2,5.755458
tcr_20_4,C,A,F,W,7,171,CA,CE3,7.4707804
tcr_20_4,C,A,F,W,7,171,CA,CZ2,5.1862965
tcr_20_4,C,A,F,W,7,171,CA,CZ3,7.034096
tcr_20_4,C,A,F,F,7,140,CA,CZ,5.7266626
tcr_20_4,C,A,F,N,7,138,CA,ND2,7.508039
tcr_20_4,C,A,F,R,7,180,CA,CD,6.679727
tcr_20_4,C,A,F,W,7,157,CA,CH2,8.458871
tcr_20_4,C,A,F,W,7,157,CA,CZ2,8.870478
tcr_20_4,C,A,F,R,7,180,CA,CG,7.6329618
tcr_20_4,C,A,F,W,7,157,CA,CE2,9.922592
tcr_20_4,C,A,F,R,7,180,CA,CB,9.098971
tcr_20_4,C,A,F,E,7,176,CA,CB,7.834842
tcr_20_4,C,A,F,Q,7,179,CA,OE1,7.9877863
tcr_20_4,C,A,F,R,7,180,CA,NE,5.343226
tcr_20_4,C,A,F,E,7,176,CA,OE2,6.133107
tcr_20_4,C,A,F,R,7,180,CA,CZ,4.493339
tcr_20_4,C,A,F,E,7,176,CA,CD,5.6107144
tcr_20_4,C,A,F,R,7,180,CA,NH1,4.9558616
tcr_20_4,C,A,F,E,7,176,CA,OE1,4.7213
tcr_20_4,C,A,F,R,7,180,CA,NH2,3.514426
tcr_20_4,C,A,F,Q,7,179,CA,NE2,9.499815
tcr_20_4,C,A,F,Q,7,179,CA,CD,8.974385
tcr_20_4,C,A,F,E,7,176,CA,CA,8.754394
tcr_20_4,C,A,F,E,7,176,CA,C,9.208103
tcr_20_4,C,A,F,E,7,176,CA,O,8.914187
tcr_20_4,C,A,F,Q,7,179,CA,CG,9.8526
tcr_20_4,C,A,F,Q,7,179,CA,CB,9.284259
tcr_20_4,C,A,F,R,7,180,CA,CA,9.676159
tcr_20_4,C,A,F,R,7,180,CA,N,9.657127
tcr_20_4,C,A,F,W,7,171,CA,CD1,6.9102783
tcr_20_4,C,A,F,W,7,171,CA,CB,8.875475
tcr_20_4,C,A,F,W,7,171,CA,CG,7.5461254
tcr_20_4,C,A,F,W,7,171,CA,NE1,5.7886295
tcr_20_4,C,A,F,A,7,174,CA,CB,9.995714
tcr_20_4,C,A,F,W,7,171,CA,CA,9.540633
tcr_20_4,C,A,F,E,7,176,CA,N,9.984069
tcr_20_4,C,A,F,R,7,121,C,CB,9.148603
tcr_20_4,C,A,F,R,7,121,C,CG,8.819358
tcr_20_4,C,A,F,L,7,119,C,CG,8.931327
tcr_20_4,C,A,F,F,7,140,C,CD1,7.384743
tcr_20_4,C,A,F,L,7,119,C,CD1,9.025257
tcr_20_4,C,A,F,F,7,140,C,CG,8.289136
tcr_20_4,C,A,F,F,7,140,C,CB,9.478197
tcr_20_4,C,A,F,L,7,119,C,CD2,7.774972
tcr_20_4,C,A,F,L,7,105,C,CD1,9.754319
tcr_20_4,C,A,F,Y,7,147,C,CE1,9.919303
tcr_20_4,C,A,F,T,7,167,C,OG1,9.1606045
tcr_20_4,C,A,F,T,7,167,C,CB,9.273759
tcr_20_4,C,A,F,F,7,140,C,CE2,7.4357214
tcr_20_4,C,A,F,I,7,148,C,CG2,9.662285
tcr_20_4,C,A,F,F,7,140,C,CD2,8.307714
tcr_20_4,C,A,F,W,7,157,C,CZ3,9.949786
tcr_20_4,C,A,F,A,7,95,C,O,9.831496
tcr_20_4,C,A,F,Q,7,96,C,CA,9.7909
tcr_20_4,C,A,F,Q,7,96,C,N,9.772613
tcr_20_4,C,A,F,A,7,95,C,C,9.784056
tcr_20_4,C,A,F,Q,7,96,C,C,8.537525
tcr_20_4,C,A,F,V,7,100,C,N,9.073201
tcr_20_4,C,A,F,D,7,98,C,C,8.471627
tcr_20_4,C,A,F,Q,7,96,C,O,8.801186
tcr_20_4,C,A,F,D,7,98,C,O,8.858589
tcr_20_4,C,A,F,R,7,99,C,N,9.205072
tcr_20_4,C,A,F,L,7,102,C,N,9.312605
tcr_20_4,C,A,F,V,7,100,C,CG2,9.247144
tcr_20_4,C,A,F,V,7,100,C,CA,8.952327
tcr_20_4,C,A,F,V,7,100,C,CB,8.35575
tcr_20_4,C,A,F,V,7,100,C,CG1,8.667946
tcr_20_4,C,A,F,V,7,100,C,C,8.433785
tcr_20_4,C,A,F,V,7,100,C,O,9.177053
tcr_20_4,C,A,F,A,7,95,C,N,9.178159
tcr_20_4,C,A,F,A,7,95,C,CA,9.973372
tcr_20_4,C,A,F,Q,7,94,C,C,7.8496847
tcr_20_4,C,A,F,Q,7,94,C,N,8.255807
tcr_20_4,C,A,F,Q,7,94,C,CA,7.346119
tcr_20_4,C,A,F,Q,7,94,C,CG,6.8641086
tcr_20_4,C,A,F,Q,7,94,C,CB,7.605131
tcr_20_4,C,A,F,R,7,121,C,NH1,6.874887
tcr_20_4,C,A,F,R,7,93,C,CA,9.650249
tcr_20_4,C,A,F,R,7,93,C,C,8.4031315
tcr_20_4,C,A,F,R,7,93,C,CB,9.549922
tcr_20_4,C,A,F,N,7,101,C,ND2,3.9932182
tcr_20_4,C,A,F,R,7,121,C,CD,7.7081604
tcr_20_4,C,A,F,F,7,140,C,CE1,6.3789067
tcr_20_4,C,A,F,D,7,98,C,CB,7.920611
tcr_20_4,C,A,F,D,7,98,C,CG,7.12661
tcr_20_4,C,A,F,D,7,98,C,CA,7.2790523
tcr_20_4,C,A,F,D,7,98,C,OD1,5.9125605
tcr_20_4,C,A,F,D,7,98,C,OD2,7.9293656
tcr_20_4,C,A,F,Q,7,94,C,CD,5.3470974
tcr_20_4,C,A,F,Q,7,94,C,NE2,4.6477685
tcr_20_4,C,A,F,D,7,98,C,N,6.7164397
tcr_20_4,C,A,F,A,7,97,C,O,6.2121954
tcr_20_4,C,A,F,Q,7,94,C,OE1,5.0165954
tcr_20_4,C,A,F,Q,7,94,C,O,7.184716
tcr_20_4,C,A,F,A,7,97,C,C,6.182011
tcr_20_4,C,A,F,R,7,93,C,NH2,9.501742
tcr_20_4,C,A,F,A,7,97,C,CB,4.958746
tcr_20_4,C,A,F,R,7,93,C,O,7.7990985
tcr_20_4,C,A,F,A,7,97,C,N,7.3470817
tcr_20_4,C,A,F,A,7,97,C,CA,6.11987
tcr_20_4,C,A,F,N,7,101,C,CA,7.1714287
tcr_20_4,C,A,F,N,7,101,C,CG,4.6985397
tcr_20_4,C,A,F,N,7,101,C,OD1,4.4571137
tcr_20_4,C,A,F,N,7,101,C,N,7.4353805
tcr_20_4,C,A,F,N,7,101,C,CB,6.166872
tcr_20_4,C,A,F,K,7,104,C,CD,8.243443
tcr_20_4,C,A,F,T,7,167,C,CG2,7.9869814
tcr_20_4,C,A,F,K,7,104,C,NZ,7.1392903
tcr_20_4,C,A,F,N,7,101,C,C,8.532737
tcr_20_4,C,A,F,N,7,101,C,O,9.068587
tcr_20_4,C,A,F,K,7,104,C,CB,9.718943
tcr_20_4,C,A,F,K,7,104,C,CE,8.276807
tcr_20_4,C,A,F,K,7,104,C,CG,9.533986
tcr_20_4,C,A,F,T,7,167,C,CA,9.92463
tcr_20_4,C,A,F,K,7,170,C,CD,9.7648945
tcr_20_4,C,A,F,K,7,170,C,NZ,9.994791
tcr_20_4,C,A,F,N,7,138,C,OD1,8.963625
tcr_20_4,C,A,F,R,7,121,C,NH2,7.508662
tcr_20_4,C,A,F,R,7,121,C,NE,7.617357
tcr_20_4,C,A,F,R,7,121,C,CZ,7.22742
tcr_20_4,C,A,F,N,7,138,C,CG,9.395033
tcr_20_4,C,A,F,E,7,176,C,CG,7.2524834
tcr_20_4,C,A,F,W,7,171,C,CH2,6.1956334
tcr_20_4,C,A,F,W,7,171,C,CD2,7.0954857
tcr_20_4,C,A,F,W,7,171,C,CE2,5.7858195
tcr_20_4,C,A,F,W,7,171,C,CE3,7.812239
tcr_20_4,C,A,F,W,7,171,C,CZ2,5.2442393
tcr_20_4,C,A,F,W,7,171,C,CZ3,7.410369
tcr_20_4,C,A,F,F,7,140,C,CZ,6.406666
tcr_20_4,C,A,F,N,7,138,C,ND2,8.689088
tcr_20_4,C,A,F,R,7,180,C,CD,8.117453
tcr_20_4,C,A,F,W,7,157,C,CH2,9.366035
tcr_20_4,C,A,F,W,7,157,C,CZ2,9.729652
tcr_20_4,C,A,F,R,7,180,C,CG,8.971023
tcr_20_4,C,A,F,E,7,176,C,CB,8.512711
tcr_20_4,C,A,F,Q,7,179,C,OE1,8.977043
tcr_20_4,C,A,F,R,7,180,C,NE,6.758606
tcr_20_4,C,A,F,E,7,176,C,OE2,6.8483043
tcr_20_4,C,A,F,R,7,180,C,CZ,5.976181
tcr_20_4,C,A,F,E,7,176,C,CD,6.4700465
tcr_20_4,C,A,F,R,7,180,C,NH1,6.477412
tcr_20_4,C,A,F,E,7,176,C,OE1,5.7819796
tcr_20_4,C,A,F,R,7,180,C,NH2,4.9314103
tcr_20_4,C,A,F,Q,7,179,C,CD,9.924454
tcr_20_4,C,A,F,E,7,176,C,CA,9.559276
tcr_20_4,C,A,F,W,7,171,C,N,9.970772
tcr_20_4,C,A,F,W,7,171,C,CD1,6.8390484
tcr_20_4,C,A,F,W,7,171,C,CB,9.073517
tcr_20_4,C,A,F,W,7,171,C,CG,7.6607294
tcr_20_4,C,A,F,W,7,171,C,NE1,5.6288724
tcr_20_4,C,A,F,T,7,167,C,O,9.806865
tcr_20_4,C,A,F,K,7,170,C,CB,9.897002
tcr_20_4,C,A,F,W,7,171,C,CA,9.653466
tcr_20_4,C,A,F,L,7,119,O,CB,9.59373
tcr_20_4,C,A,F,R,7,121,O,CB,9.008961
tcr_20_4,C,A,F,R,7,121,O,CG,8.861376
tcr_20_4,C,A,F,L,7,119,O,CG,8.358506
tcr_20_4,C,A,F,F,7,140,O,CD1,7.533996
tcr_20_4,C,A,F,L,7,119,O,CD1,8.637046
tcr_20_4,C,A,F,F,7,140,O,CG,8.571918
tcr_20_4,C,A,F,F,7,140,O,CB,9.684903
tcr_20_4,C,A,F,L,7,119,O,CD2,7.105627
tcr_20_4,C,A,F,L,7,102,O,CA,9.8660755
tcr_20_4,C,A,F,L,7,105,O,CG,9.800522
tcr_20_4,C,A,F,L,7,105,O,CD1,9.351804
tcr_20_4,C,A,F,T,7,167,O,OG1,9.626384
tcr_20_4,C,A,F,T,7,167,O,CB,9.895633
tcr_20_4,C,A,F,F,7,140,O,CE2,8.007472
tcr_20_4,C,A,F,F,7,140,O,CD2,8.779756
tcr_20_4,C,A,F,A,7,95,O,O,8.607279
tcr_20_4,C,A,F,Q,7,96,O,CB,9.183538
tcr_20_4,C,A,F,Q,7,96,O,CA,8.617782
tcr_20_4,C,A,F,Q,7,96,O,N,8.598897
tcr_20_4,C,A,F,A,7,95,O,C,8.586114
tcr_20_4,C,A,F,R,7,99,O,O,9.907334
tcr_20_4,C,A,F,R,7,99,O,CB,9.96544
tcr_20_4,C,A,F,Q,7,96,O,C,7.360085
tcr_20_4,C,A,F,V,7,100,O,N,8.009761
tcr_20_4,C,A,F,R,7,99,O,CA,9.1805935
tcr_20_4,C,A,F,R,7,99,O,C,8.989621
tcr_20_4,C,A,F,D,7,98,O,C,7.316728
tcr_20_4,C,A,F,Q,7,96,O,O,7.6324487
tcr_20_4,C,A,F,D,7,98,O,O,7.776513
tcr_20_4,C,A,F,R,7,99,O,N,8.013445
tcr_20_4,C,A,F,L,7,102,O,N,8.470049
tcr_20_4,C,A,F,V,7,100,O,CG2,8.3241825
tcr_20_4,C,A,F,V,7,100,O,CA,8.010721
tcr_20_4,C,A,F,V,7,100,O,CB,7.4741225
tcr_20_4,C,A,F,V,7,100,O,CG1,7.957432
tcr_20_4,C,A,F,V,7,100,O,C,7.576822
tcr_20_4,C,A,F,V,7,100,O,O,8.421564
tcr_20_4,C,A,F,A,7,95,O,N,8.097503
tcr_20_4,C,A,F,A,7,95,O,CA,8.825311
tcr_20_4,C,A,F,S,7,35,O,OG,9.377681
tcr_20_4,C,A,F,F,7,46,O,CD2,9.67937
tcr_20_4,C,A,F,Q,7,94,O,C,6.7818437
tcr_20_4,C,A,F,F,7,46,O,CE2,9.135155
tcr_20_4,C,A,F,F,7,46,O,CZ,9.749958
tcr_20_4,C,A,F,Q,7,94,O,N,7.3772902
tcr_20_4,C,A,F,Q,7,94,O,CA,6.4175115
tcr_20_4,C,A,F,Q,7,94,O,CG,6.100427
tcr_20_4,C,A,F,Q,7,94,O,CB,6.8113136
tcr_20_4,C,A,F,S,7,33,O,OG,9.520193
tcr_20_4,C,A,F,R,7,121,O,NH1,6.9859304
tcr_20_4,C,A,F,K,7,90,O,O,9.451907
tcr_20_4,C,A,F,R,7,93,O,N,9.942736
tcr_20_4,C,A,F,R,7,93,O,CA,8.80129
tcr_20_4,C,A,F,R,7,93,O,C,7.491067
tcr_20_4,C,A,F,R,7,93,O,CB,8.858983
tcr_20_4,C,A,F,N,7,101,O,ND2,3.0717442
tcr_20_4,C,A,F,R,7,121,O,CD,7.7412143
tcr_20_4,C,A,F,F,7,140,O,CE1,6.6086307
tcr_20_4,C,A,F,D,7,98,O,CB,6.7883215
tcr_20_4,C,A,F,D,7,98,O,CG,6.0902686
tcr_20_4,C,A,F,D,7,98,O,CA,6.1100316
tcr_20_4,C,A,F,D,7,98,O,OD1,4.9106965
tcr_20_4,C,A,F,D,7,98,O,OD2,6.97011
tcr_20_4,C,A,F,Q,7,94,O,CD,4.6440897
tcr_20_4,C,A,F,Q,7,94,O,NE2,3.7822988
tcr_20_4,C,A,F,D,7,98,O,N,5.4921365
tcr_20_4,C,A,F,A,7,97,O,O,5.0804324
tcr_20_4,C,A,F,Q,7,94,O,OE1,4.5450525
tcr_20_4,C,A,F,Q,7,94,O,O,6.0473695
tcr_20_4,C,A,F,A,7,97,O,C,4.973728
tcr_20_4,C,A,F,R,7,93,O,NH2,9.355947
tcr_20_4,C,A,F,R,7,93,O,NE,9.59627
tcr_20_4,C,A,F,A,7,97,O,CB,3.8385925
tcr_20_4,C,A,F,R,7,93,O,O,6.815787
tcr_20_4,C,A,F,A,7,97,O,N,6.1808176
tcr_20_4,C,A,F,A,7,97,O,CA,4.952605
tcr_20_4,C,A,F,R,7,93,O,CZ,9.931284
tcr_20_4,C,A,F,N,7,101,O,CA,6.4174013
tcr_20_4,C,A,F,N,7,101,O,CG,3.9291291
tcr_20_4,C,A,F,N,7,101,O,OD1,3.8862994
tcr_20_4,C,A,F,N,7,101,O,N,6.5478697
tcr_20_4,C,A,F,N,7,101,O,CB,5.3773756
tcr_20_4,C,A,F,K,7,104,O,CD,8.005343
tcr_20_4,C,A,F,T,7,167,O,CG2,8.687154
tcr_20_4,C,A,F,K,7,104,O,NZ,7.05163
tcr_20_4,C,A,F,N,7,101,O,C,7.8037477
tcr_20_4,C,A,F,N,7,101,O,O,8.470773
tcr_20_4,C,A,F,K,7,104,O,CB,9.384616
tcr_20_4,C,A,F,K,7,104,O,CE,8.056852
tcr_20_4,C,A,F,K,7,104,O,CG,9.189827
tcr_20_4,C,A,F,N,7,138,O,OD1,9.5355215
tcr_20_4,C,A,F,R,7,121,O,NH2,7.957153
tcr_20_4,C,A,F,R,7,121,O,NE,7.852624
tcr_20_4,C,A,F,R,7,121,O,CZ,7.500737
tcr_20_4,C,A,F,E,7,176,O,CG,8.476444
tcr_20_4,C,A,F,W,7,171,O,CH2,7.044253
tcr_20_4,C,A,F,W,7,171,O,CD2,8.1594715
tcr_20_4,C,A,F,W,7,171,O,CE2,6.809636
tcr_20_4,C,A,F,W,7,171,O,CE3,8.833569
tcr_20_4,C,A,F,W,7,171,O,CZ2,6.1554046
tcr_20_4,C,A,F,W,7,171,O,CZ3,8.330967
tcr_20_4,C,A,F,F,7,140,O,CZ,6.8800035
tcr_20_4,C,A,F,N,7,138,O,ND2,9.5006895
tcr_20_4,C,A,F,R,7,180,O,CD,9.058846
tcr_20_4,C,A,F,R,7,180,O,CG,9.996485
tcr_20_4,C,A,F,E,7,176,O,CB,9.744091
tcr_20_4,C,A,F,Q,7,179,O,OE1,9.988803
tcr_20_4,C,A,F,R,7,180,O,NE,7.746012
tcr_20_4,C,A,F,E,7,176,O,OE2,8.041745
tcr_20_4,C,A,F,R,7,180,O,CZ,6.873721
tcr_20_4,C,A,F,E,7,176,O,CD,7.6829977
tcr_20_4,C,A,F,R,7,180,O,NH1,7.2049227
tcr_20_4,C,A,F,E,7,176,O,OE1,6.9551587
tcr_20_4,C,A,F,R,7,180,O,NH2,5.8814793
tcr_20_4,C,A,F,W,7,171,O,CD1,7.9249444
tcr_20_4,C,A,F,W,7,171,O,CG,8.767897
tcr_20_4,C,A,F,W,7,171,O,NE1,6.6747727
tcr_20_4,C,A,F,Q,7,120,CB,O,9.412789
tcr_20_4,C,A,F,F,7,140,CB,CA,9.048681
tcr_20_4,C,A,F,R,7,121,CB,N,9.479411
tcr_20_4,C,A,F,R,7,121,CB,C,9.717145
tcr_20_4,C,A,F,R,7,121,CB,CA,8.75747
tcr_20_4,C,A,F,R,7,121,CB,CB,7.397189
tcr_20_4,C,A,F,Q,7,120,CB,C,9.79111
tcr_20_4,C,A,F,R,7,121,CB,CG,6.7667646
tcr_20_4,C,A,F,L,7,119,CB,CG,8.657905
tcr_20_4,C,A,F,F,7,140,CB,CD1,5.7189894
tcr_20_4,C,A,F,L,7,119,CB,CD1,8.576489
tcr_20_4,C,A,F,F,7,140,CB,CG,6.548549
tcr_20_4,C,A,F,F,7,140,CB,CB,7.927374
tcr_20_4,C,A,F,L,7,119,CB,CD2,7.8541694
tcr_20_4,C,A,F,Y,7,147,CB,CE1,9.508322
tcr_20_4,C,A,F,Y,7,147,CB,CD1,9.657546
tcr_20_4,C,A,F,T,7,167,CB,OG1,9.387727
tcr_20_4,C,A,F,T,7,167,CB,CB,9.231302
tcr_20_4,C,A,F,Q,7,139,CB,CA,9.798301
tcr_20_4,C,A,F,F,7,140,CB,N,9.274049
tcr_20_4,C,A,F,Q,7,139,CB,C,9.170652
tcr_20_4,C,A,F,N,7,138,CB,CB,8.368553
tcr_20_4,C,A,F,Q,7,139,CB,O,8.864807
tcr_20_4,C,A,F,N,7,138,CB,CA,9.174343
tcr_20_4,C,A,F,N,7,138,CB,O,9.135511
tcr_20_4,C,A,F,N,7,138,CB,C,9.088989
tcr_20_4,C,A,F,Q,7,139,CB,N,9.298509
tcr_20_4,C,A,F,I,7,148,CB,O,9.755548
tcr_20_4,C,A,F,I,7,148,CB,CB,9.791551
tcr_20_4,C,A,F,F,7,140,CB,CE2,5.271963
tcr_20_4,C,A,F,I,7,148,CB,CG2,8.3049
tcr_20_4,C,A,F,W,7,157,CB,CE3,8.9929285
tcr_20_4,C,A,F,F,7,140,CB,CD2,6.3521576
tcr_20_4,C,A,F,W,7,157,CB,CZ3,7.9209466
tcr_20_4,C,A,F,W,7,157,CB,CD2,9.510183
tcr_20_4,C,A,F,I,7,148,CB,CD1,9.793633
tcr_20_4,C,A,F,D,7,98,CB,C,9.842068
tcr_20_4,C,A,F,A,7,95,CB,N,9.890395
tcr_20_4,C,A,F,Q,7,94,CB,C,8.580724
tcr_20_4,C,A,F,F,7,46,CB,CE2,9.711476
tcr_20_4,C,A,F,Q,7,94,CB,N,8.936947
tcr_20_4,C,A,F,Q,7,94,CB,CA,7.9169064
tcr_20_4,C,A,F,Q,7,94,CB,CG,6.6750107
tcr_20_4,C,A,F,Q,7,94,CB,CB,7.667587
tcr_20_4,C,A,F,S,7,33,CB,OG,8.772729
tcr_20_4,C,A,F,R,7,121,CB,NH1,4.9402347
tcr_20_4,C,A,F,S,7,33,CB,CB,9.948403
tcr_20_4,C,A,F,R,7,93,CB,C,9.422256
tcr_20_4,C,A,F,N,7,101,CB,ND2,5.3583045
tcr_20_4,C,A,F,R,7,121,CB,CD,5.670484
tcr_20_4,C,A,F,F,7,140,CB,CE1,4.4812083
tcr_20_4,C,A,F,D,7,98,CB,CB,8.731752
tcr_20_4,C,A,F,D,7,98,CB,CG,7.5697165
tcr_20_4,C,A,F,D,7,98,CB,CA,8.494199
tcr_20_4,C,A,F,D,7,98,CB,OD1,6.3959956
tcr_20_4,C,A,F,D,7,98,CB,OD2,8.02802
tcr_20_4,C,A,F,Q,7,94,CB,CD,5.228526
tcr_20_4,C,A,F,Q,7,94,CB,NE2,4.880732
tcr_20_4,C,A,F,D,7,98,CB,N,8.146543
tcr_20_4,C,A,F,A,7,97,CB,O,8.141415
tcr_20_4,C,A,F,Q,7,94,CB,OE1,4.6763716
tcr_20_4,C,A,F,Q,7,94,CB,O,8.070884
tcr_20_4,C,A,F,A,7,97,CB,C,7.961851
tcr_20_4,C,A,F,A,7,97,CB,CB,6.776655
tcr_20_4,C,A,F,R,7,93,CB,O,9.096405
tcr_20_4,C,A,F,A,7,97,CB,N,9.085695
tcr_20_4,C,A,F,A,7,97,CB,CA,8.029408
tcr_20_4,C,A,F,N,7,101,CB,CA,8.724548
tcr_20_4,C,A,F,N,7,101,CB,CG,6.230893
tcr_20_4,C,A,F,N,7,101,CB,OD1,6.256306
tcr_20_4,C,A,F,N,7,101,CB,N,9.246681
tcr_20_4,C,A,F,N,7,101,CB,CB,7.47626
tcr_20_4,C,A,F,T,7,167,CB,CG2,7.7784157
tcr_20_4,C,A,F,K,7,104,CB,NZ,9.321621
tcr_20_4,C,A,F,N,7,101,CB,C,9.875078
tcr_20_4,C,A,F,F,7,123,CB,CE2,9.815585
tcr_20_4,C,A,F,F,7,123,CB,CZ,9.383897
tcr_20_4,C,A,F,F,7,123,CB,CD2,9.635054
tcr_20_4,C,A,F,F,7,123,CB,CE1,8.739218
tcr_20_4,C,A,F,F,7,123,CB,CD1,8.540875
tcr_20_4,C,A,F,F,7,123,CB,CG,9.007456
tcr_20_4,C,A,F,N,7,138,CB,OD1,6.4257665
tcr_20_4,C,A,F,R,7,121,CB,NH2,5.165522
tcr_20_4,C,A,F,R,7,121,CB,NE,5.3259444
tcr_20_4,C,A,F,F,7,123,CB,CB,9.153475
tcr_20_4,C,A,F,R,7,121,CB,CZ,4.9818377
tcr_20_4,C,A,F,N,7,138,CB,CG,6.861082
tcr_20_4,C,A,F,E,7,176,CB,CG,6.1740155
tcr_20_4,C,A,F,W,7,171,CB,CH2,4.8090167
tcr_20_4,C,A,F,W,7,171,CB,CD2,6.259314
tcr_20_4,C,A,F,W,7,171,CB,CE2,5.185532
tcr_20_4,C,A,F,W,7,171,CB,CE3,6.567252
tcr_20_4,C,A,F,W,7,171,CB,CZ2,4.3481393
tcr_20_4,C,A,F,W,7,171,CB,CZ3,5.9215865
tcr_20_4,C,A,F,F,7,140,CB,CZ,4.196573
tcr_20_4,C,A,F,N,7,138,CB,ND2,6.212785
tcr_20_4,C,A,F,R,7,180,CB,CD,6.03237
tcr_20_4,C,A,F,W,7,157,CB,CH2,7.353674
tcr_20_4,C,A,F,W,7,157,CB,CZ2,7.944196
tcr_20_4,C,A,F,R,7,180,CB,CG,6.9026833
tcr_20_4,C,A,F,W,7,157,CB,CE2,9.009652
tcr_20_4,C,A,F,W,7,157,CB,NE1,9.95385
tcr_20_4,C,A,F,R,7,180,CB,CB,8.341501
tcr_20_4,C,A,F,A,7,177,CB,N,9.77923
tcr_20_4,C,A,F,E,7,176,CB,CB,7.638535
tcr_20_4,C,A,F,Q,7,179,CB,OE1,8.51325
tcr_20_4,C,A,F,R,7,180,CB,NE,4.853399
tcr_20_4,C,A,F,E,7,176,CB,OE2,6.428622
tcr_20_4,C,A,F,R,7,180,CB,CZ,4.2360425
tcr_20_4,C,A,F,E,7,176,CB,CD,5.639841
tcr_20_4,C,A,F,R,7,180,CB,NH1,4.721986
tcr_20_4,C,A,F,E,7,176,CB,OE1,4.706558
tcr_20_4,C,A,F,R,7,180,CB,NH2,3.6117325
tcr_20_4,C,A,F,Q,7,179,CB,CD,9.4278555
tcr_20_4,C,A,F,E,7,176,CB,CA,8.631055
tcr_20_4,C,A,F,E,7,176,CB,C,8.892049
tcr_20_4,C,A,F,E,7,176,CB,O,8.600466
tcr_20_4,C,A,F,Q,7,179,CB,CB,9.392382
tcr_20_4,C,A,F,R,7,180,CB,CA,9.102825
tcr_20_4,C,A,F,Q,7,179,CB,C,9.880238
tcr_20_4,C,A,F,R,7,180,CB,N,9.268723
tcr_20_4,C,A,F,W,7,171,CB,N,9.946402
tcr_20_4,C,A,F,W,7,171,CB,CD1,6.7513433
tcr_20_4,C,A,F,W,7,171,CB,CB,8.477585
tcr_20_4,C,A,F,W,7,171,CB,CG,7.148562
tcr_20_4,C,A,F,W,7,171,CB,NE1,5.577593
tcr_20_4,C,A,F,T,7,167,CB,O,9.715485
tcr_20_4,C,A,F,W,7,171,CB,CA,9.36066
tcr_20_4,C,A,F,E,7,176,CB,N,9.918287
tcr_20_4,C,A,F,Q,7,120,CG,CA,9.521823
tcr_20_4,C,A,F,Q,7,120,CG,N,9.499084
tcr_20_4,C,A,F,L,7,119,CG,CA,9.754806
tcr_20_4,C,A,F,Q,7,120,CG,O,8.142746
tcr_20_4,C,A,F,A,7,141,CG,N,9.772526
tcr_20_4,C,A,F,F,7,140,CG,CA,8.169336
tcr_20_4,C,A,F,F,7,140,CG,C,9.4623785
tcr_20_4,C,A,F,S,7,35,CG,CB,9.74917
tcr_20_4,C,A,F,L,7,119,CG,CB,8.752762
tcr_20_4,C,A,F,R,7,121,CG,N,8.14308
tcr_20_4,C,A,F,S,7,33,CG,CA,9.86598
tcr_20_4,C,A,F,S,7,33,CG,O,9.657298
tcr_20_4,C,A,F,M,7,122,CG,N,9.047451
tcr_20_4,C,A,F,R,7,121,CG,C,8.578487
tcr_20_4,C,A,F,R,7,121,CG,O,9.089594
tcr_20_4,C,A,F,R,7,121,CG,CA,7.538877
tcr_20_4,C,A,F,R,7,121,CG,CB,6.158182
tcr_20_4,C,A,F,Q,7,120,CG,C,8.443909
tcr_20_4,C,A,F,R,7,121,CG,CG,5.7454286
tcr_20_4,C,A,F,L,7,119,CG,O,9.594428
tcr_20_4,C,A,F,L,7,119,CG,C,9.527563
tcr_20_4,C,A,F,L,7,119,CG,CG,7.2805986
tcr_20_4,C,A,F,F,7,140,CG,CD1,4.732335
tcr_20_4,C,A,F,L,7,119,CG,CD1,7.3125463
tcr_20_4,C,A,F,F,7,140,CG,CG,5.7865644
tcr_20_4,C,A,F,F,7,140,CG,CB,7.1032248
tcr_20_4,C,A,F,L,7,119,CG,CD2,6.523709
tcr_20_4,C,A,F,L,7,105,CG,CG,9.909559
tcr_20_4,C,A,F,L,7,105,CG,CD1,9.190407
tcr_20_4,C,A,F,Y,7,147,CG,CE1,9.145958
tcr_20_4,C,A,F,Y,7,147,CG,CD1,9.163502
tcr_20_4,C,A,F,T,7,167,CG,OG1,9.494133
tcr_20_4,C,A,F,T,7,167,CG,CB,9.487168
tcr_20_4,C,A,F,F,7,123,CG,N,9.878363
tcr_20_4,C,A,F,M,7,122,CG,C,9.6470995
tcr_20_4,C,A,F,Q,7,139,CG,CA,9.291785
tcr_20_4,C,A,F,F,7,140,CG,N,8.559099
tcr_20_4,C,A,F,Q,7,139,CG,C,8.474227
tcr_20_4,C,A,F,N,7,138,CG,CB,8.485453
tcr_20_4,C,A,F,Q,7,139,CG,O,8.043657
tcr_20_4,C,A,F,N,7,138,CG,CA,9.062395
tcr_20_4,C,A,F,N,7,138,CG,O,9.066237
tcr_20_4,C,A,F,M,7,122,CG,O,9.385286
tcr_20_4,C,A,F,N,7,138,CG,C,8.889609
tcr_20_4,C,A,F,Q,7,139,CG,N,8.8851795
tcr_20_4,C,A,F,I,7,148,CG,O,9.401312
tcr_20_4,C,A,F,I,7,148,CG,CB,9.714487
tcr_20_4,C,A,F,F,7,140,CG,CE2,4.99453
tcr_20_4,C,A,F,I,7,148,CG,CG2,8.183999
tcr_20_4,C,A,F,W,7,157,CG,CE3,9.509115
tcr_20_4,C,A,F,F,7,140,CG,CD2,5.889387
tcr_20_4,C,A,F,W,7,157,CG,CZ3,8.432644
tcr_20_4,C,A,F,Q,7,96,CG,C,9.727423
tcr_20_4,C,A,F,D,7,98,CG,C,8.823397
tcr_20_4,C,A,F,D,7,98,CG,O,9.139989
tcr_20_4,C,A,F,R,7,99,CG,N,9.787784
tcr_20_4,C,A,F,L,7,102,CG,N,9.668968
tcr_20_4,C,A,F,V,7,100,CG,C,9.831741
tcr_20_4,C,A,F,A,7,95,CG,N,8.986921
tcr_20_4,C,A,F,A,7,95,CG,CA,9.8092785
tcr_20_4,C,A,F,S,7,35,CG,OG,9.133061
tcr_20_4,C,A,F,F,7,46,CG,CD2,9.285248
tcr_20_4,C,A,F,Q,7,94,CG,C,7.713546
tcr_20_4,C,A,F,F,7,46,CG,CE2,8.422695
tcr_20_4,C,A,F,F,7,46,CG,CZ,8.974541
tcr_20_4,C,A,F,Q,7,94,CG,N,8.404217
tcr_20_4,C,A,F,Q,7,94,CG,CA,7.2229185
tcr_20_4,C,A,F,Q,7,94,CG,CG,5.7014236
tcr_20_4,C,A,F,Q,7,94,CG,CB,6.886745
tcr_20_4,C,A,F,S,7,33,CG,OG,7.4174886
tcr_20_4,C,A,F,R,7,121,CG,NH1,4.457678
tcr_20_4,C,A,F,S,7,33,CG,CB,8.623559
tcr_20_4,C,A,F,K,7,90,CG,O,9.7705765
tcr_20_4,C,A,F,R,7,93,CG,C,9.000073
tcr_20_4,C,A,F,N,7,101,CG,ND2,4.5852575
tcr_20_4,C,A,F,R,7,121,CG,CD,4.686071
tcr_20_4,C,A,F,F,7,140,CG,CE1,3.548276
tcr_20_4,C,A,F,D,7,98,CG,CB,7.509112
tcr_20_4,C,A,F,D,7,98,CG,CG,6.2537894
tcr_20_4,C,A,F,D,7,98,CG,CA,7.437254
tcr_20_4,C,A,F,D,7,98,CG,OD1,5.1174316
tcr_20_4,C,A,F,D,7,98,CG,OD2,6.627433
tcr_20_4,C,A,F,Q,7,94,CG,CD,4.3541675
tcr_20_4,C,A,F,Q,7,94,CG,NE2,3.8828812
tcr_20_4,C,A,F,D,7,98,CG,N,7.2508264
tcr_20_4,C,A,F,A,7,97,CG,O,7.520599
tcr_20_4,C,A,F,Q,7,94,CG,OE1,4.0935025
tcr_20_4,C,A,F,Q,7,94,CG,O,7.1439533
tcr_20_4,C,A,F,A,7,97,CG,C,7.2786694
tcr_20_4,C,A,F,A,7,97,CG,CB,6.4136662
tcr_20_4,C,A,F,R,7,93,CG,O,8.685805
tcr_20_4,C,A,F,A,7,97,CG,N,8.535652
tcr_20_4,C,A,F,A,7,97,CG,CA,7.5480213
tcr_20_4,C,A,F,N,7,101,CG,CA,8.036557
tcr_20_4,C,A,F,N,7,101,CG,CG,5.5884047
tcr_20_4,C,A,F,N,7,101,CG,OD1,5.8966594
tcr_20_4,C,A,F,N,7,101,CG,N,8.605266
tcr_20_4,C,A,F,N,7,101,CG,CB,6.654683
tcr_20_4,C,A,F,T,7,167,CG,CG2,8.102921
tcr_20_4,C,A,F,K,7,104,CG,NZ,9.602615
tcr_20_4,C,A,F,N,7,101,CG,C,9.077018
tcr_20_4,C,A,F,N,7,101,CG,O,9.602689
tcr_20_4,C,A,F,F,7,123,CG,CE2,9.526708
tcr_20_4,C,A,F,F,7,123,CG,CZ,8.928882
tcr_20_4,C,A,F,F,7,123,CG,CD2,9.372204
tcr_20_4,C,A,F,F,7,123,CG,CE1,8.117031
tcr_20_4,C,A,F,F,7,123,CG,CD1,7.940285
tcr_20_4,C,A,F,F,7,123,CG,CG,8.6022215
tcr_20_4,C,A,F,N,7,138,CG,OD1,6.3246794
tcr_20_4,C,A,F,R,7,121,CG,NH2,5.154248
tcr_20_4,C,A,F,R,7,121,CG,NE,4.7083006
tcr_20_4,C,A,F,F,7,123,CG,CB,8.793473
tcr_20_4,C,A,F,R,7,121,CG,CZ,4.60189
tcr_20_4,C,A,F,N,7,138,CG,CG,6.9750175
tcr_20_4,C,A,F,E,7,176,CG,CG,7.5315948
tcr_20_4,C,A,F,W,7,171,CG,CH2,5.1827154
tcr_20_4,C,A,F,W,7,171,CG,CD2,7.133868
tcr_20_4,C,A,F,W,7,171,CG,CE2,6.0178313
tcr_20_4,C,A,F,W,7,171,CG,CE3,7.2876854
tcr_20_4,C,A,F,W,7,171,CG,CZ2,4.924036
tcr_20_4,C,A,F,W,7,171,CG,CZ3,6.409119
tcr_20_4,C,A,F,F,7,140,CG,CZ,3.7229214
tcr_20_4,C,A,F,N,7,138,CG,ND2,6.568778
tcr_20_4,C,A,F,R,7,180,CG,CD,6.9832277
tcr_20_4,C,A,F,W,7,157,CG,CH2,8.075336
tcr_20_4,C,A,F,W,7,157,CG,CZ2,8.845207
tcr_20_4,C,A,F,R,7,180,CG,CG,7.8897977
tcr_20_4,C,A,F,W,7,157,CG,CE2,9.874006
tcr_20_4,C,A,F,R,7,180,CG,CB,9.239876
tcr_20_4,C,A,F,E,7,176,CG,CB,8.9984045
tcr_20_4,C,A,F,Q,7,179,CG,OE1,9.953477
tcr_20_4,C,A,F,R,7,180,CG,NE,5.982784
tcr_20_4,C,A,F,E,7,176,CG,OE2,7.930215
tcr_20_4,C,A,F,R,7,180,CG,CZ,5.360244
tcr_20_4,C,A,F,E,7,176,CG,CD,7.1083193
tcr_20_4,C,A,F,R,7,180,CG,NH1,5.5972066
tcr_20_4,C,A,F,E,7,176,CG,OE1,6.1691494
tcr_20_4,C,A,F,R,7,180,CG,NH2,4.918427
tcr_20_4,C,A,F,E,7,176,CG,O,9.905685
tcr_20_4,C,A,F,W,7,171,CG,CD1,7.8144016
tcr_20_4,C,A,F,W,7,171,CG,CB,9.542572
tcr_20_4,C,A,F,W,7,171,CG,CG,8.170288
tcr_20_4,C,A,F,W,7,171,CG,NE1,6.543478
tcr_20_4,C,A,F,Q,7,120,CD1,CA,9.05645
tcr_20_4,C,A,F,Q,7,120,CD1,N,9.208308
tcr_20_4,C,A,F,L,7,119,CD1,CA,9.665438
tcr_20_4,C,A,F,Q,7,120,CD1,O,7.867824
tcr_20_4,C,A,F,A,7,141,CD1,N,9.825183
tcr_20_4,C,A,F,F,7,140,CD1,CA,8.2529955
tcr_20_4,C,A,F,F,7,140,CD1,C,9.594511
tcr_20_4,C,A,F,S,7,35,CD1,CB,9.302121
tcr_20_4,C,A,F,L,7,119,CD1,CB,8.755556
tcr_20_4,C,A,F,R,7,121,CD1,N,7.4916496
tcr_20_4,C,A,F,S,7,33,CD1,N,9.044178
tcr_20_4,C,A,F,S,7,33,CD1,CA,8.726668
tcr_20_4,C,A,F,S,7,33,CD1,C,9.014008
tcr_20_4,C,A,F,S,7,33,CD1,O,8.765231
tcr_20_4,C,A,F,T,7,34,CD1,N,9.78213
tcr_20_4,C,A,F,M,7,122,CD1,N,8.304186
tcr_20_4,C,A,F,R,7,121,CD1,C,7.7594213
tcr_20_4,C,A,F,R,7,121,CD1,O,8.132768
tcr_20_4,C,A,F,R,7,121,CD1,CA,6.8560743
tcr_20_4,C,A,F,R,7,121,CD1,CB,5.376294
tcr_20_4,C,A,F,Q,7,120,CD1,C,7.9847856
tcr_20_4,C,A,F,R,7,121,CD1,CG,4.947012
tcr_20_4,C,A,F,L,7,119,CD1,O,9.161755
tcr_20_4,C,A,F,L,7,119,CD1,C,9.239971
tcr_20_4,C,A,F,L,7,119,CD1,CG,7.3254175
tcr_20_4,C,A,F,F,7,140,CD1,CD1,4.8850927
tcr_20_4,C,A,F,L,7,119,CD1,CD1,7.5430655
tcr_20_4,C,A,F,F,7,140,CD1,CG,6.0698514
tcr_20_4,C,A,F,F,7,140,CD1,CB,7.3963437
tcr_20_4,C,A,F,L,7,119,CD1,CD2,6.6892266
tcr_20_4,C,A,F,L,7,105,CD1,CD1,9.866066
tcr_20_4,C,A,F,F,7,123,CD1,CA,9.153306
tcr_20_4,C,A,F,F,7,123,CD1,N,8.969483
tcr_20_4,C,A,F,M,7,122,CD1,CA,9.192656
tcr_20_4,C,A,F,M,7,122,CD1,C,8.853124
tcr_20_4,C,A,F,Y,7,31,CD1,O,9.900548
tcr_20_4,C,A,F,Q,7,139,CD1,CA,9.189191
tcr_20_4,C,A,F,F,7,140,CD1,N,8.615947
tcr_20_4,C,A,F,Q,7,139,CD1,C,8.355661
tcr_20_4,C,A,F,N,7,138,CD1,CB,8.276737
tcr_20_4,C,A,F,Q,7,139,CD1,O,7.7420907
tcr_20_4,C,A,F,N,7,138,CD1,CA,8.770512
tcr_20_4,C,A,F,N,7,138,CD1,O,9.113984
tcr_20_4,C,A,F,M,7,122,CD1,O,8.74699
tcr_20_4,C,A,F,N,7,138,CD1,C,8.751423
tcr_20_4,C,A,F,Q,7,139,CD1,N,8.66521
tcr_20_4,C,A,F,I,7,148,CD1,O,9.820345
tcr_20_4,C,A,F,F,7,140,CD1,CE2,5.3501816
tcr_20_4,C,A,F,I,7,148,CD1,CG2,9.016957
tcr_20_4,C,A,F,F,7,140,CD1,CD2,6.255307
tcr_20_4,C,A,F,W,7,157,CD1,CZ3,9.019395
tcr_20_4,C,A,F,A,7,95,CD1,O,9.765414
tcr_20_4,C,A,F,Q,7,96,CD1,N,9.956775
tcr_20_4,C,A,F,A,7,95,CD1,C,9.583889
tcr_20_4,C,A,F,Q,7,96,CD1,C,9.660251
tcr_20_4,C,A,F,D,7,98,CD1,C,8.924791
tcr_20_4,C,A,F,D,7,98,CD1,O,9.351038
tcr_20_4,C,A,F,R,7,99,CD1,N,9.844949
tcr_20_4,C,A,F,Y,7,91,CD1,O,9.540264
tcr_20_4,C,A,F,F,7,46,CD1,CD1,9.9122
tcr_20_4,C,A,F,A,7,95,CD1,N,8.245347
tcr_20_4,C,A,F,A,7,95,CD1,CA,9.149137
tcr_20_4,C,A,F,F,7,46,CD1,CG,9.576604
tcr_20_4,C,A,F,S,7,35,CD1,OG,8.555789
tcr_20_4,C,A,F,F,7,46,CD1,CD2,8.34004
tcr_20_4,C,A,F,F,7,46,CD1,CE1,9.099287
tcr_20_4,C,A,F,Q,7,94,CD1,C,7.030305
tcr_20_4,C,A,F,F,7,46,CD1,CE2,7.352803
tcr_20_4,C,A,F,F,7,46,CD1,CZ,7.787067
tcr_20_4,C,A,F,Q,7,94,CD1,N,7.65418
tcr_20_4,C,A,F,Q,7,94,CD1,CA,6.4562583
tcr_20_4,C,A,F,Q,7,94,CD1,CG,4.635895
tcr_20_4,C,A,F,Q,7,94,CD1,CB,5.8779063
tcr_20_4,C,A,F,S,7,33,CD1,OG,6.2882
tcr_20_4,C,A,F,R,7,121,CD1,NH1,3.2399719
tcr_20_4,C,A,F,S,7,33,CD1,CB,7.4277363
tcr_20_4,C,A,F,K,7,90,CD1,O,8.757786
tcr_20_4,C,A,F,R,7,93,CD1,CA,9.768283
tcr_20_4,C,A,F,R,7,93,CD1,C,8.417443
tcr_20_4,C,A,F,R,7,93,CD1,CB,9.79059
tcr_20_4,C,A,F,K,7,90,CD1,C,9.769187
tcr_20_4,C,A,F,N,7,101,CD1,ND2,5.226908
tcr_20_4,C,A,F,R,7,121,CD1,CD,3.6865096
tcr_20_4,C,A,F,F,7,140,CD1,CE1,3.648783
tcr_20_4,C,A,F,D,7,98,CD1,CB,7.271564
tcr_20_4,C,A,F,D,7,98,CD1,CG,5.8980336
tcr_20_4,C,A,F,D,7,98,CD1,CA,7.454157
tcr_20_4,C,A,F,D,7,98,CD1,OD1,4.9225783
tcr_20_4,C,A,F,D,7,98,CD1,OD2,6.0546174
tcr_20_4,C,A,F,Q,7,94,CD1,CD,3.4389818
tcr_20_4,C,A,F,Q,7,94,CD1,NE2,3.3075368
tcr_20_4,C,A,F,D,7,98,CD1,N,7.2410936
tcr_20_4,C,A,F,A,7,97,CD1,O,7.911104
tcr_20_4,C,A,F,Q,7,94,CD1,OE1,3.159763
tcr_20_4,C,A,F,Q,7,94,CD1,O,6.6239
tcr_20_4,C,A,F,A,7,97,CD1,C,7.465924
tcr_20_4,C,A,F,A,7,97,CD1,CB,6.5047913
tcr_20_4,C,A,F,R,7,93,CD1,O,8.273603
tcr_20_4,C,A,F,A,7,97,CD1,N,8.4592905
tcr_20_4,C,A,F,A,7,97,CD1,CA,7.6742597
tcr_20_4,C,A,F,N,7,101,CD1,CA,8.785682
tcr_20_4,C,A,F,N,7,101,CD1,CG,6.383098
tcr_20_4,C,A,F,N,7,101,CD1,OD1,6.871451
tcr_20_4,C,A,F,N,7,101,CD1,N,9.263894
tcr_20_4,C,A,F,N,7,101,CD1,CB,7.329787
tcr_20_4,C,A,F,T,7,167,CD1,CG2,9.399614
tcr_20_4,C,A,F,N,7,101,CD1,C,9.773213
tcr_20_4,C,A,F,F,7,123,CD1,CE2,8.366529
tcr_20_4,C,A,F,Y,7,31,CD1,CB,9.996273
tcr_20_4,C,A,F,F,7,123,CD1,CZ,7.6656957
tcr_20_4,C,A,F,F,7,123,CD1,CD2,8.318568
tcr_20_4,C,A,F,F,7,123,CD1,CE1,6.8430495
tcr_20_4,C,A,F,F,7,123,CD1,CD1,6.7895327
tcr_20_4,C,A,F,F,7,123,CD1,CG,7.568307
tcr_20_4,C,A,F,N,7,138,CD1,OD1,5.9599595
tcr_20_4,C,A,F,R,7,121,CD1,NH2,4.392177
tcr_20_4,C,A,F,R,7,121,CD1,NE,3.8044782
tcr_20_4,C,A,F,F,7,123,CD1,CB,7.9317956
tcr_20_4,C,A,F,R,7,121,CD1,CZ,3.6127288
tcr_20_4,C,A,F,N,7,138,CD1,CG,6.795984
tcr_20_4,C,A,F,E,7,176,CD1,CG,8.415155
tcr_20_4,C,A,F,W,7,171,CD1,CH2,6.2642303
tcr_20_4,C,A,F,W,7,171,CD1,CD2,8.335134
tcr_20_4,C,A,F,W,7,171,CD1,CE2,7.3042583
tcr_20_4,C,A,F,W,7,171,CD1,CE3,8.362591
tcr_20_4,C,A,F,W,7,171,CD1,CZ2,6.187148
tcr_20_4,C,A,F,W,7,171,CD1,CZ3,7.4048705
tcr_20_4,C,A,F,F,7,140,CD1,CZ,3.9619346
tcr_20_4,C,A,F,N,7,138,CD1,ND2,6.622211
tcr_20_4,C,A,F,R,7,180,CD1,CD,7.0182004
tcr_20_4,C,A,F,W,7,157,CD1,CH2,8.66865
tcr_20_4,C,A,F,W,7,157,CD1,CZ2,9.546283
tcr_20_4,C,A,F,R,7,180,CD1,CG,8.088407
tcr_20_4,C,A,F,R,7,180,CD1,CB,9.31171
tcr_20_4,C,A,F,E,7,176,CD1,CB,9.926614
tcr_20_4,C,A,F,R,7,180,CD1,NE,6.1908693
tcr_20_4,C,A,F,E,7,176,CD1,OE2,8.782404
tcr_20_4,C,A,F,R,7,180,CD1,CZ,5.4573507
tcr_20_4,C,A,F,E,7,176,CD1,CD,7.9329786
tcr_20_4,C,A,F,R,7,180,CD1,NH1,5.3667235
tcr_20_4,C,A,F,E,7,176,CD1,OE1,6.8721933
tcr_20_4,C,A,F,R,7,180,CD1,NH2,5.2309804
tcr_20_4,C,A,F,W,7,171,CD1,CD1,9.116965
tcr_20_4,C,A,F,W,7,171,CD1,CG,9.406093
tcr_20_4,C,A,F,W,7,171,CD1,NE1,7.883188
tcr_20_4,C,A,F,L,7,119,CD2,N,9.977415
tcr_20_4,C,A,F,Q,7,120,CD2,CA,8.865208
tcr_20_4,C,A,F,Q,7,120,CD2,N,8.65626
tcr_20_4,C,A,F,L,7,119,CD2,CA,8.692221
tcr_20_4,C,A,F,Q,7,120,CD2,O,7.4943347
tcr_20_4,C,A,F,A,7,141,CD2,O,9.141738
tcr_20_4,C,A,F,A,7,141,CD2,N,8.98489
tcr_20_4,C,A,F,F,7,140,CD2,CA,7.59479
tcr_20_4,C,A,F,F,7,140,CD2,C,8.755183
tcr_20_4,C,A,F,F,7,140,CD2,O,9.556425
tcr_20_4,C,A,F,A,7,141,CD2,C,9.822584
tcr_20_4,C,A,F,S,7,35,CD2,CB,9.005357
tcr_20_4,C,A,F,L,7,119,CD2,CB,7.6279287
tcr_20_4,C,A,F,L,7,102,CD2,CG,9.593241
tcr_20_4,C,A,F,R,7,121,CD2,N,7.791517
tcr_20_4,C,A,F,S,7,33,CD2,CA,9.895582
tcr_20_4,C,A,F,S,7,33,CD2,C,9.82436
tcr_20_4,C,A,F,S,7,33,CD2,O,9.383779
tcr_20_4,C,A,F,M,7,122,CD2,N,9.123011
tcr_20_4,C,A,F,R,7,121,CD2,C,8.589931
tcr_20_4,C,A,F,R,7,121,CD2,O,9.162361
tcr_20_4,C,A,F,R,7,121,CD2,CA,7.3734365
tcr_20_4,C,A,F,R,7,121,CD2,CB,6.119758
tcr_20_4,C,A,F,Q,7,120,CD2,C,7.8820944
tcr_20_4,C,A,F,R,7,121,CD2,CG,5.98741
tcr_20_4,C,A,F,L,7,119,CD2,O,8.796688
tcr_20_4,C,A,F,L,7,119,CD2,C,8.628597
tcr_20_4,C,A,F,L,7,119,CD2,CG,6.1581016
tcr_20_4,C,A,F,F,7,140,CD2,CD1,4.1937194
tcr_20_4,C,A,F,L,7,119,CD2,CD1,6.120138
tcr_20_4,C,A,F,F,7,140,CD2,CG,5.265723
tcr_20_4,C,A,F,F,7,140,CD2,CB,6.4074883
tcr_20_4,C,A,F,L,7,119,CD2,CD2,5.3405757
tcr_20_4,C,A,F,L,7,102,CD2,CA,9.583158
tcr_20_4,C,A,F,L,7,105,CD2,CG,8.508605
tcr_20_4,C,A,F,L,7,105,CD2,CD1,7.7922344
tcr_20_4,C,A,F,L,7,105,CD2,CB,9.913724
tcr_20_4,C,A,F,L,7,105,CD2,CD2,8.757221
tcr_20_4,C,A,F,Y,7,147,CD2,OH,9.363265
tcr_20_4,C,A,F,Y,7,147,CD2,CB,9.617764
tcr_20_4,C,A,F,Y,7,147,CD2,CZ,9.090826
tcr_20_4,C,A,F,Y,7,147,CD2,CE1,8.028022
tcr_20_4,C,A,F,Y,7,147,CD2,CG,9.185596
tcr_20_4,C,A,F,I,7,148,CD2,N,9.769517
tcr_20_4,C,A,F,Y,7,147,CD2,CD1,8.084826
tcr_20_4,C,A,F,T,7,167,CD2,OG1,8.502697
tcr_20_4,C,A,F,T,7,167,CD2,CB,8.646189
tcr_20_4,C,A,F,Q,7,139,CD2,CA,9.26229
tcr_20_4,C,A,F,F,7,140,CD2,N,8.179025
tcr_20_4,C,A,F,Q,7,139,CD2,C,8.297158
tcr_20_4,C,A,F,N,7,138,CD2,CB,9.158135
tcr_20_4,C,A,F,Q,7,139,CD2,O,7.933396
tcr_20_4,C,A,F,N,7,138,CD2,CA,9.5907135
tcr_20_4,C,A,F,N,7,138,CD2,O,9.315483
tcr_20_4,C,A,F,M,7,122,CD2,O,9.730765
tcr_20_4,C,A,F,N,7,138,CD2,C,9.20315
tcr_20_4,C,A,F,Q,7,139,CD2,N,9.074401
tcr_20_4,C,A,F,I,7,148,CD2,C,9.73571
tcr_20_4,C,A,F,I,7,148,CD2,CA,9.868474
tcr_20_4,C,A,F,I,7,148,CD2,O,8.979593
tcr_20_4,C,A,F,I,7,148,CD2,CG1,9.811411
tcr_20_4,C,A,F,I,7,148,CD2,CB,9.098837
tcr_20_4,C,A,F,F,7,140,CD2,CE2,5.000243
tcr_20_4,C,A,F,I,7,148,CD2,CG2,7.572943
tcr_20_4,C,A,F,W,7,157,CD2,CE3,9.618161
tcr_20_4,C,A,F,F,7,140,CD2,CD2,5.6020083
tcr_20_4,C,A,F,W,7,157,CD2,CZ3,8.677805
tcr_20_4,C,A,F,I,7,148,CD2,CD1,9.63139
tcr_20_4,C,A,F,A,7,95,CD2,O,9.780372
tcr_20_4,C,A,F,A,7,95,CD2,C,9.882346
tcr_20_4,C,A,F,Q,7,96,CD2,C,9.499421
tcr_20_4,C,A,F,V,7,100,CD2,N,9.564983
tcr_20_4,C,A,F,D,7,98,CD2,C,7.999008
tcr_20_4,C,A,F,Q,7,96,CD2,O,9.767485
tcr_20_4,C,A,F,D,7,98,CD2,O,8.163142
tcr_20_4,C,A,F,R,7,99,CD2,N,9.064993
tcr_20_4,C,A,F,L,7,102,CD2,N,8.437495
tcr_20_4,C,A,F,V,7,100,CD2,CA,9.661231
tcr_20_4,C,A,F,V,7,100,CD2,CB,9.586011
tcr_20_4,C,A,F,V,7,100,CD2,C,8.826927
tcr_20_4,C,A,F,V,7,100,CD2,O,9.488502
tcr_20_4,C,A,F,A,7,95,CD2,N,9.1197405
tcr_20_4,C,A,F,A,7,95,CD2,CA,9.753609
tcr_20_4,C,A,F,S,7,35,CD2,OG,8.556336
tcr_20_4,C,A,F,F,7,46,CD2,CD2,9.170949
tcr_20_4,C,A,F,Q,7,94,CD2,C,7.873899
tcr_20_4,C,A,F,F,7,46,CD2,CE2,8.469905
tcr_20_4,C,A,F,F,7,46,CD2,CZ,9.2196
tcr_20_4,C,A,F,Q,7,94,CD2,N,8.923331
tcr_20_4,C,A,F,Q,7,94,CD2,CA,7.648297
tcr_20_4,C,A,F,Q,7,94,CD2,CG,6.1694336
tcr_20_4,C,A,F,Q,7,94,CD2,CB,7.443168
tcr_20_4,C,A,F,S,7,33,CD2,OG,7.4837813
tcr_20_4,C,A,F,R,7,121,CD2,NH1,5.575993
tcr_20_4,C,A,F,S,7,33,CD2,CB,8.747963
tcr_20_4,C,A,F,R,7,93,CD2,C,9.455793
tcr_20_4,C,A,F,N,7,101,CD2,ND2,3.6700351
tcr_20_4,C,A,F,R,7,121,CD2,CD,5.194104
tcr_20_4,C,A,F,F,7,140,CD2,CE1,3.3356466
tcr_20_4,C,A,F,D,7,98,CD2,CB,6.8625603
tcr_20_4,C,A,F,D,7,98,CD2,CG,5.679791
tcr_20_4,C,A,F,D,7,98,CD2,CA,6.7133207
tcr_20_4,C,A,F,D,7,98,CD2,OD1,4.501033
tcr_20_4,C,A,F,D,7,98,CD2,OD2,6.151926
tcr_20_4,C,A,F,Q,7,94,CD2,CD,4.910345
tcr_20_4,C,A,F,Q,7,94,CD2,NE2,4.1116
tcr_20_4,C,A,F,D,7,98,CD2,N,6.7474003
tcr_20_4,C,A,F,A,7,97,CD2,O,6.868149
tcr_20_4,C,A,F,Q,7,94,CD2,OE1,4.962771
tcr_20_4,C,A,F,Q,7,94,CD2,O,7.119262
tcr_20_4,C,A,F,A,7,97,CD2,C,6.795888
tcr_20_4,C,A,F,A,7,97,CD2,CB,6.417624
tcr_20_4,C,A,F,R,7,93,CD2,O,9.008446
tcr_20_4,C,A,F,A,7,97,CD2,N,8.406379
tcr_20_4,C,A,F,A,7,97,CD2,CA,7.3274264
tcr_20_4,C,A,F,N,7,101,CD2,CA,6.8633637
tcr_20_4,C,A,F,N,7,101,CD2,CG,4.5336075
tcr_20_4,C,A,F,N,7,101,CD2,OD1,4.918201
tcr_20_4,C,A,F,N,7,101,CD2,N,7.575509
tcr_20_4,C,A,F,N,7,101,CD2,CB,5.4700766
tcr_20_4,C,A,F,K,7,104,CD2,CD,9.162413
tcr_20_4,C,A,F,T,7,167,CD2,CG2,7.362344
tcr_20_4,C,A,F,K,7,104,CD2,NZ,8.898306
tcr_20_4,C,A,F,N,7,101,CD2,C,7.813522
tcr_20_4,C,A,F,N,7,101,CD2,O,8.2859955
tcr_20_4,C,A,F,K,7,104,CD2,CB,9.864837
tcr_20_4,C,A,F,K,7,104,CD2,CE,9.713324
tcr_20_4,C,A,F,T,7,167,CD2,CA,9.726284
tcr_20_4,C,A,F,F,7,123,CD2,CZ,9.949681
tcr_20_4,C,A,F,F,7,123,CD2,CE1,9.014509
tcr_20_4,C,A,F,F,7,123,CD2,CD1,8.772135
tcr_20_4,C,A,F,F,7,123,CD2,CG,9.503412
tcr_20_4,C,A,F,N,7,138,CD2,OD1,7.0474405
tcr_20_4,C,A,F,R,7,121,CD2,NH2,6.319739
tcr_20_4,C,A,F,R,7,121,CD2,NE,5.5030475
tcr_20_4,C,A,F,F,7,123,CD2,CB,9.594635
tcr_20_4,C,A,F,R,7,121,CD2,CZ,5.6629014
tcr_20_4,C,A,F,N,7,138,CD2,CG,7.6836896
tcr_20_4,C,A,F,E,7,176,CD2,CG,8.148403
tcr_20_4,C,A,F,W,7,171,CD2,CH2,4.9353704
tcr_20_4,C,A,F,W,7,171,CD2,CD2,7.0491233
tcr_20_4,C,A,F,W,7,171,CD2,CE2,5.843066
tcr_20_4,C,A,F,W,7,171,CD2,CE3,7.2187243
tcr_20_4,C,A,F,W,7,171,CD2,CZ2,4.6399307
tcr_20_4,C,A,F,W,7,171,CD2,CZ3,6.2777243
tcr_20_4,C,A,F,F,7,140,CD2,CZ,3.8507106
tcr_20_4,C,A,F,N,7,138,CD2,ND2,7.289917
tcr_20_4,C,A,F,R,7,180,CD2,CD,8.134209
tcr_20_4,C,A,F,W,7,157,CD2,CH2,8.499936
tcr_20_4,C,A,F,W,7,157,CD2,CZ2,9.277252
tcr_20_4,C,A,F,R,7,180,CD2,CG,8.895865
tcr_20_4,C,A,F,E,7,176,CD2,CB,9.538023
tcr_20_4,C,A,F,R,7,180,CD2,NE,7.1388483
tcr_20_4,C,A,F,E,7,176,CD2,OE2,8.662869
tcr_20_4,C,A,F,R,7,180,CD2,CZ,6.6291676
tcr_20_4,C,A,F,E,7,176,CD2,CD,7.867651
tcr_20_4,C,A,F,R,7,180,CD2,NH1,6.959745
tcr_20_4,C,A,F,E,7,176,CD2,OE1,7.0708055
tcr_20_4,C,A,F,R,7,180,CD2,NH2,6.129549
tcr_20_4,C,A,F,W,7,171,CD2,CD1,7.7356663
tcr_20_4,C,A,F,W,7,171,CD2,CB,9.564419
tcr_20_4,C,A,F,W,7,171,CD2,CG,8.130027
tcr_20_4,C,A,F,W,7,171,CD2,NE1,6.382639
tcr_20_4,C,A,F,T,7,167,CD2,O,9.996589
tcr_20_4,C,A,F,L,7,119,CE1,N,9.741032
tcr_20_4,C,A,F,Q,7,120,CE1,CB,9.258369
tcr_20_4,C,A,F,Q,7,120,CE1,CA,7.853188
tcr_20_4,C,A,F,Q,7,120,CE1,N,8.02554
tcr_20_4,C,A,F,L,7,119,CE1,CA,8.509732
tcr_20_4,C,A,F,Q,7,120,CE1,O,6.9041495
tcr_20_4,C,A,F,A,7,141,CE1,O,9.301617
tcr_20_4,C,A,F,A,7,141,CE1,N,9.116395
tcr_20_4,C,A,F,F,7,140,CE1,CA,7.7892623
tcr_20_4,C,A,F,F,7,140,CE1,C,9.053831
tcr_20_4,C,A,F,T,7,34,CE1,CA,9.003653
tcr_20_4,C,A,F,T,7,34,CE1,O,9.526332
tcr_20_4,C,A,F,T,7,34,CE1,C,8.9732685
tcr_20_4,C,A,F,S,7,35,CE1,N,8.625527
tcr_20_4,C,A,F,S,7,35,CE1,CA,9.0534935
tcr_20_4,C,A,F,S,7,35,CE1,CB,8.022426
tcr_20_4,C,A,F,L,7,119,CE1,CB,7.6524854
tcr_20_4,C,A,F,F,7,32,CE1,CA,9.7206955
tcr_20_4,C,A,F,F,7,32,CE1,N,9.995502
tcr_20_4,C,A,F,Y,7,31,CE1,C,9.751512
tcr_20_4,C,A,F,F,7,32,CE1,O,9.747422
tcr_20_4,C,A,F,R,7,121,CE1,N,6.3764896
tcr_20_4,C,A,F,I,7,47,CE1,O,9.608194
tcr_20_4,C,A,F,S,7,33,CE1,N,7.8975053
tcr_20_4,C,A,F,S,7,33,CE1,CA,7.4778595
tcr_20_4,C,A,F,S,7,33,CE1,C,7.6838865
tcr_20_4,C,A,F,S,7,33,CE1,O,7.454279
tcr_20_4,C,A,F,T,7,34,CE1,N,8.412244
tcr_20_4,C,A,F,M,7,122,CE1,N,7.5992503
tcr_20_4,C,A,F,R,7,121,CE1,C,6.880351
tcr_20_4,C,A,F,F,7,32,CE1,C,9.060384
tcr_20_4,C,A,F,R,7,121,CE1,O,7.164372
tcr_20_4,C,A,F,R,7,121,CE1,CA,5.915891
tcr_20_4,C,A,F,R,7,121,CE1,CB,4.4329257
tcr_20_4,C,A,F,Q,7,120,CE1,C,6.882704
tcr_20_4,C,A,F,R,7,121,CE1,CG,4.3558373
tcr_20_4,C,A,F,L,7,119,CE1,O,7.842715
tcr_20_4,C,A,F,L,7,119,CE1,C,8.000535
tcr_20_4,C,A,F,L,7,119,CE1,CG,6.282243
tcr_20_4,C,A,F,F,7,140,CE1,CD1,4.5469193
tcr_20_4,C,A,F,L,7,119,CE1,CD1,6.6731334
tcr_20_4,C,A,F,F,7,140,CE1,CG,5.882016
tcr_20_4,C,A,F,F,7,140,CE1,CB,7.053343
tcr_20_4,C,A,F,L,7,119,CE1,CD2,5.751496
tcr_20_4,C,A,F,L,7,105,CE1,CD1,9.307876
tcr_20_4,C,A,F,Y,7,147,CE1,CD1,9.9141655
tcr_20_4,C,A,F,F,7,123,CE1,CA,9.032935
tcr_20_4,C,A,F,M,7,122,CE1,CB,9.97333
tcr_20_4,C,A,F,F,7,123,CE1,N,8.633013
tcr_20_4,C,A,F,M,7,122,CE1,CA,8.570576
tcr_20_4,C,A,F,M,7,122,CE1,C,8.4513855
tcr_20_4,C,A,F,Y,7,31,CE1,O,9.228611
tcr_20_4,C,A,F,Q,7,139,CE1,CA,9.067523
tcr_20_4,C,A,F,F,7,140,CE1,N,8.311563
tcr_20_4,C,A,F,Q,7,139,CE1,C,8.067646
tcr_20_4,C,A,F,N,7,138,CE1,CB,8.772297
tcr_20_4,C,A,F,Q,7,139,CE1,O,7.3256474
tcr_20_4,C,A,F,N,7,138,CE1,CA,9.039295
tcr_20_4,C,A,F,N,7,138,CE1,O,9.414819
tcr_20_4,C,A,F,M,7,122,CE1,O,8.473178
tcr_20_4,C,A,F,N,7,138,CE1,C,8.942853
tcr_20_4,C,A,F,Q,7,139,CE1,N,8.649868
tcr_20_4,C,A,F,I,7,148,CE1,O,9.844275
tcr_20_4,C,A,F,F,7,140,CE1,CE2,5.695609
tcr_20_4,C,A,F,I,7,148,CE1,CG2,9.277776
tcr_20_4,C,A,F,F,7,140,CE1,CD2,6.355184
tcr_20_4,C,A,F,W,7,157,CE1,CZ3,9.7858925
tcr_20_4,C,A,F,A,7,48,CE1,CB,9.3331
tcr_20_4,C,A,F,Y,7,91,CE1,CD1,9.755302
tcr_20_4,C,A,F,A,7,95,CE1,O,9.047955
tcr_20_4,C,A,F,F,7,46,CE1,CB,9.559998
tcr_20_4,C,A,F,A,7,95,CE1,CB,9.640966
tcr_20_4,C,A,F,Q,7,96,CE1,N,9.46186
tcr_20_4,C,A,F,A,7,95,CE1,C,8.922919
tcr_20_4,C,A,F,Q,7,96,CE1,C,9.360887
tcr_20_4,C,A,F,D,7,98,CE1,C,8.227438
tcr_20_4,C,A,F,Q,7,96,CE1,O,9.917366
tcr_20_4,C,A,F,D,7,98,CE1,O,8.635073
tcr_20_4,C,A,F,R,7,99,CE1,N,9.193101
tcr_20_4,C,A,F,L,7,102,CE1,N,9.621155
tcr_20_4,C,A,F,Y,7,91,CE1,O,8.956739
tcr_20_4,C,A,F,F,7,46,CE1,CD1,8.849196
tcr_20_4,C,A,F,A,7,95,CE1,N,7.596955
tcr_20_4,C,A,F,A,7,95,CE1,CA,8.38061
tcr_20_4,C,A,F,F,7,46,CE1,CG,8.434602
tcr_20_4,C,A,F,S,7,35,CE1,OG,7.284038
tcr_20_4,C,A,F,F,7,46,CE1,CD2,7.144269
tcr_20_4,C,A,F,F,7,46,CE1,CE1,8.094506
tcr_20_4,C,A,F,Y,7,91,CE1,C,9.78082
tcr_20_4,C,A,F,Q,7,94,CE1,C,6.475034
tcr_20_4,C,A,F,F,7,46,CE1,CE2,6.182017
tcr_20_4,C,A,F,F,7,46,CE1,CZ,6.739668
tcr_20_4,C,A,F,Q,7,94,CE1,N,7.453292
tcr_20_4,C,A,F,Y,7,91,CE1,CA,9.643785
tcr_20_4,C,A,F,Q,7,94,CE1,CA,6.128864
tcr_20_4,C,A,F,Q,7,94,CE1,CG,4.0158224
tcr_20_4,C,A,F,Q,7,94,CE1,CB,5.4514775
tcr_20_4,C,A,F,S,7,33,CE1,OG,5.0323505
tcr_20_4,C,A,F,R,7,121,CE1,NH1,3.5233448
tcr_20_4,C,A,F,S,7,33,CE1,CB,6.20008
tcr_20_4,C,A,F,K,7,90,CE1,O,8.629877
tcr_20_4,C,A,F,R,7,93,CE1,CA,9.722183
tcr_20_4,C,A,F,R,7,93,CE1,C,8.312344
tcr_20_4,C,A,F,R,7,93,CE1,CB,9.938716
tcr_20_4,C,A,F,K,7,90,CE1,C,9.626339
tcr_20_4,C,A,F,N,7,101,CE1,ND2,5.1064653
tcr_20_4,C,A,F,R,7,121,CE1,CD,3.2238822
tcr_20_4,C,A,F,F,7,140,CE1,CE1,3.561377
tcr_20_4,C,A,F,D,7,98,CE1,CB,6.341918
tcr_20_4,C,A,F,D,7,98,CE1,CG,4.8746367
tcr_20_4,C,A,F,D,7,98,CE1,CA,6.7579565
tcr_20_4,C,A,F,D,7,98,CE1,OD1,4.056801
tcr_20_4,C,A,F,D,7,98,CE1,OD2,4.8482466
tcr_20_4,C,A,F,Q,7,94,CE1,CD,3.1460829
tcr_20_4,C,A,F,Q,7,94,CE1,NE2,2.9460511
tcr_20_4,C,A,F,D,7,98,CE1,N,6.7304835
tcr_20_4,C,A,F,A,7,97,CE1,O,7.695205
tcr_20_4,C,A,F,Q,7,94,CE1,OE1,3.33195
tcr_20_4,C,A,F,Q,7,94,CE1,O,6.0363355
tcr_20_4,C,A,F,A,7,97,CE1,C,7.1910133
tcr_20_4,C,A,F,A,7,97,CE1,CB,6.594476
tcr_20_4,C,A,F,R,7,93,CE1,O,8.193657
tcr_20_4,C,A,F,A,7,97,CE1,N,8.249363
tcr_20_4,C,A,F,A,7,97,CE1,CA,7.582684
tcr_20_4,C,A,F,N,7,101,CE1,CA,8.505368
tcr_20_4,C,A,F,N,7,101,CE1,CG,6.2917533
tcr_20_4,C,A,F,N,7,101,CE1,OD1,7.0030837
tcr_20_4,C,A,F,N,7,101,CE1,N,8.996607
tcr_20_4,C,A,F,N,7,101,CE1,CB,6.989547
tcr_20_4,C,A,F,T,7,167,CE1,CG2,9.976231
tcr_20_4,C,A,F,N,7,101,CE1,C,9.347384
tcr_20_4,C,A,F,F,7,123,CE1,CE2,8.430544
tcr_20_4,C,A,F,Y,7,31,CE1,CB,9.478871
tcr_20_4,C,A,F,F,7,123,CE1,CZ,7.5648065
tcr_20_4,C,A,F,F,7,123,CE1,CD2,8.421252
tcr_20_4,C,A,F,F,7,123,CE1,CE1,6.5818825
tcr_20_4,C,A,F,F,7,123,CE1,CD1,6.5751953
tcr_20_4,C,A,F,F,7,123,CE1,CG,7.552694
tcr_20_4,C,A,F,N,7,138,CE1,OD1,6.3868794
tcr_20_4,C,A,F,R,7,121,CE1,NH2,5.0427012
tcr_20_4,C,A,F,R,7,121,CE1,NE,3.8740222
tcr_20_4,C,A,F,F,7,123,CE1,CB,7.9627633
tcr_20_4,C,A,F,R,7,121,CE1,CZ,3.9864142
tcr_20_4,C,A,F,N,7,138,CE1,CG,7.3599877
tcr_20_4,C,A,F,E,7,176,CE1,CG,9.714355
tcr_20_4,C,A,F,W,7,171,CE1,CH2,7.006438
tcr_20_4,C,A,F,W,7,171,CE1,CD2,9.312656
tcr_20_4,C,A,F,W,7,171,CE1,CE2,8.264419
tcr_20_4,C,A,F,W,7,171,CE1,CE3,9.255573
tcr_20_4,C,A,F,W,7,171,CE1,CZ2,7.037917
tcr_20_4,C,A,F,W,7,171,CE1,CZ3,8.178091
tcr_20_4,C,A,F,F,7,140,CE1,CZ,4.310078
tcr_20_4,C,A,F,N,7,138,CE1,ND2,7.387043
tcr_20_4,C,A,F,R,7,180,CE1,CD,8.187961
tcr_20_4,C,A,F,W,7,157,CE1,CH2,9.594543
tcr_20_4,C,A,F,R,7,180,CE1,CG,9.239485
tcr_20_4,C,A,F,R,7,180,CE1,NE,7.4772
tcr_20_4,C,A,F,R,7,180,CE1,CZ,6.777014
tcr_20_4,C,A,F,E,7,176,CE1,CD,9.29962
tcr_20_4,C,A,F,R,7,180,CE1,NH1,6.579355
tcr_20_4,C,A,F,E,7,176,CE1,OE1,8.254848
tcr_20_4,C,A,F,R,7,180,CE1,NH2,6.6162586
tcr_20_4,C,A,F,W,7,171,CE1,NE1,8.901217
tcr_20_4,C,A,F,A,7,141,CE2,CA,9.260296
tcr_20_4,C,A,F,T,7,118,CE2,C,9.765882
tcr_20_4,C,A,F,L,7,119,CE2,N,8.650122
tcr_20_4,C,A,F,Q,7,120,CE2,CB,9.084579
tcr_20_4,C,A,F,Q,7,120,CE2,CA,7.629225
tcr_20_4,C,A,F,Q,7,120,CE2,N,7.381976
tcr_20_4,C,A,F,L,7,119,CE2,CA,7.380636
tcr_20_4,C,A,F,Q,7,120,CE2,O,6.473336
tcr_20_4,C,A,F,A,7,141,CE2,O,8.093201
tcr_20_4,C,A,F,A,7,141,CE2,N,8.201805
tcr_20_4,C,A,F,F,7,140,CE2,CA,7.087465
tcr_20_4,C,A,F,F,7,140,CE2,C,8.157723
tcr_20_4,C,A,F,F,7,140,CE2,O,9.071051
tcr_20_4,C,A,F,T,7,118,CE2,O,9.917854
tcr_20_4,C,A,F,A,7,141,CE2,C,8.883465
tcr_20_4,C,A,F,T,7,34,CE2,CA,9.447501
tcr_20_4,C,A,F,T,7,34,CE2,C,9.298033
tcr_20_4,C,A,F,S,7,35,CE2,N,8.623667
tcr_20_4,C,A,F,S,7,35,CE2,CA,8.865754
tcr_20_4,C,A,F,S,7,35,CE2,C,9.745424
tcr_20_4,C,A,F,L,7,102,CE2,CD1,9.163749
tcr_20_4,C,A,F,S,7,35,CE2,O,9.480242
tcr_20_4,C,A,F,S,7,35,CE2,CB,7.6715865
tcr_20_4,C,A,F,L,7,119,CE2,CB,6.3255095
tcr_20_4,C,A,F,L,7,102,CE2,CG,8.500677
tcr_20_4,C,A,F,R,7,121,CE2,N,6.72528
tcr_20_4,C,A,F,S,7,33,CE2,N,9.317591
tcr_20_4,C,A,F,S,7,33,CE2,CA,8.813702
tcr_20_4,C,A,F,S,7,33,CE2,C,8.619011
tcr_20_4,C,A,F,S,7,33,CE2,O,8.171321
tcr_20_4,C,A,F,T,7,34,CE2,N,9.218036
tcr_20_4,C,A,F,M,7,122,CE2,N,8.487747
tcr_20_4,C,A,F,R,7,121,CE2,C,7.805842
tcr_20_4,C,A,F,R,7,121,CE2,O,8.315608
tcr_20_4,C,A,F,R,7,121,CE2,CA,6.5085897
tcr_20_4,C,A,F,R,7,121,CE2,CB,5.310771
tcr_20_4,C,A,F,Q,7,120,CE2,C,6.7614055
tcr_20_4,C,A,F,R,7,121,CE2,CG,5.5110726
tcr_20_4,C,A,F,L,7,119,CE2,O,7.408879
tcr_20_4,C,A,F,L,7,119,CE2,C,7.2815857
tcr_20_4,C,A,F,L,7,119,CE2,CG,4.865048
tcr_20_4,C,A,F,F,7,140,CE2,CD1,3.7939973
tcr_20_4,C,A,F,L,7,119,CE2,CD1,5.0033164
tcr_20_4,C,A,F,F,7,140,CE2,CG,5.0479546
tcr_20_4,C,A,F,F,7,140,CE2,CB,6.0072308
tcr_20_4,C,A,F,L,7,119,CE2,CD2,4.0985365
tcr_20_4,C,A,F,L,7,102,CE2,CD2,8.929536
tcr_20_4,C,A,F,L,7,102,CE2,CA,8.766591
tcr_20_4,C,A,F,L,7,102,CE2,CB,9.244288
tcr_20_4,C,A,F,Y,7,142,CE2,CA,9.941063
tcr_20_4,C,A,F,Y,7,142,CE2,N,9.6893425
tcr_20_4,C,A,F,Y,7,142,CE2,CB,9.786572
tcr_20_4,C,A,F,L,7,105,CE2,CG,7.9862914
tcr_20_4,C,A,F,L,7,105,CE2,CD1,7.0660586
tcr_20_4,C,A,F,Y,7,142,CE2,CD2,9.591836
tcr_20_4,C,A,F,L,7,105,CE2,CB,9.329524
tcr_20_4,C,A,F,L,7,105,CE2,CD2,8.350367
tcr_20_4,C,A,F,Y,7,147,CE2,CE2,9.893289
tcr_20_4,C,A,F,Y,7,147,CE2,CD2,9.816574
tcr_20_4,C,A,F,Y,7,147,CE2,OH,9.448513
tcr_20_4,C,A,F,Y,7,147,CE2,CB,9.210997
tcr_20_4,C,A,F,Y,7,147,CE2,CZ,9.055179
tcr_20_4,C,A,F,Y,7,147,CE2,CE1,8.038773
tcr_20_4,C,A,F,Y,7,147,CE2,CG,8.895767
tcr_20_4,C,A,F,I,7,148,CE2,N,9.701671
tcr_20_4,C,A,F,Y,7,147,CE2,CD1,7.9525523
tcr_20_4,C,A,F,T,7,167,CE2,OG1,8.970961
tcr_20_4,C,A,F,T,7,167,CE2,CB,9.251732
tcr_20_4,C,A,F,M,7,122,CE2,CA,9.6878395
tcr_20_4,C,A,F,M,7,122,CE2,C,9.675892
tcr_20_4,C,A,F,Q,7,139,CE2,CA,9.143373
tcr_20_4,C,A,F,F,7,140,CE2,N,7.8580866
tcr_20_4,C,A,F,Q,7,139,CE2,C,8.008161
tcr_20_4,C,A,F,N,7,138,CE2,CB,9.612391
tcr_20_4,C,A,F,Q,7,139,CE2,O,7.5287476
tcr_20_4,C,A,F,N,7,138,CE2,CA,9.840738
tcr_20_4,C,A,F,N,7,138,CE2,O,9.61291
tcr_20_4,C,A,F,M,7,122,CE2,O,9.48811
tcr_20_4,C,A,F,N,7,138,CE2,C,9.388397
tcr_20_4,C,A,F,Q,7,139,CE2,N,9.062289
tcr_20_4,C,A,F,I,7,148,CE2,C,9.861517
tcr_20_4,C,A,F,I,7,148,CE2,CA,9.992941
tcr_20_4,C,A,F,I,7,148,CE2,O,9.006229
tcr_20_4,C,A,F,I,7,148,CE2,CB,9.386715
tcr_20_4,C,A,F,F,7,140,CE2,CE2,5.3703856
tcr_20_4,C,A,F,I,7,148,CE2,CG2,7.8814735
tcr_20_4,C,A,F,F,7,140,CE2,CD2,5.714385
tcr_20_4,C,A,F,W,7,157,CE2,CZ3,9.474872
tcr_20_4,C,A,F,A,7,95,CE2,O,9.06065
tcr_20_4,C,A,F,Q,7,96,CE2,N,9.821801
tcr_20_4,C,A,F,A,7,95,CE2,C,9.240012
tcr_20_4,C,A,F,Q,7,96,CE2,C,9.191922
tcr_20_4,C,A,F,V,7,100,CE2,N,9.154717
tcr_20_4,C,A,F,R,7,99,CE2,CA,9.607957
tcr_20_4,C,A,F,R,7,99,CE2,C,9.668294
tcr_20_4,C,A,F,D,7,98,CE2,C,7.2072663
tcr_20_4,C,A,F,Q,7,96,CE2,O,9.452823
tcr_20_4,C,A,F,D,7,98,CE2,O,7.326127
tcr_20_4,C,A,F,R,7,99,CE2,N,8.347535
tcr_20_4,C,A,F,L,7,102,CE2,N,7.716109
tcr_20_4,C,A,F,V,7,100,CE2,CA,9.402105
tcr_20_4,C,A,F,V,7,100,CE2,CB,9.533845
tcr_20_4,C,A,F,V,7,100,CE2,C,8.548517
tcr_20_4,C,A,F,V,7,100,CE2,O,9.231176
tcr_20_4,C,A,F,A,7,95,CE2,N,8.536599
tcr_20_4,C,A,F,A,7,95,CE2,CA,9.034405
tcr_20_4,C,A,F,F,7,46,CE2,CG,9.443017
tcr_20_4,C,A,F,S,7,35,CE2,OG,7.2805285
tcr_20_4,C,A,F,F,7,46,CE2,CD2,8.096735
tcr_20_4,C,A,F,F,7,46,CE2,CE1,9.66626
tcr_20_4,C,A,F,Q,7,94,CE2,C,7.3810663
tcr_20_4,C,A,F,F,7,46,CE2,CE2,7.4749227
tcr_20_4,C,A,F,F,7,46,CE2,CZ,8.35343
tcr_20_4,C,A,F,Q,7,94,CE2,N,8.751833
tcr_20_4,C,A,F,Q,7,94,CE2,CA,7.3738804
tcr_20_4,C,A,F,Q,7,94,CE2,CG,5.7185125
tcr_20_4,C,A,F,Q,7,94,CE2,CB,7.1117945
tcr_20_4,C,A,F,S,7,33,CE2,OG,6.464455
tcr_20_4,C,A,F,R,7,121,CE2,NH1,5.749242
tcr_20_4,C,A,F,S,7,33,CE2,CB,7.7328057
tcr_20_4,C,A,F,R,7,93,CE2,C,9.362259
tcr_20_4,C,A,F,N,7,101,CE2,ND2,3.4909565
tcr_20_4,C,A,F,R,7,121,CE2,CD,4.8794127
tcr_20_4,C,A,F,F,7,140,CE2,CE1,3.2409763
tcr_20_4,C,A,F,D,7,98,CE2,CB,5.8635926
tcr_20_4,C,A,F,D,7,98,CE2,CG,4.6035237
tcr_20_4,C,A,F,D,7,98,CE2,CA,5.9256244
tcr_20_4,C,A,F,D,7,98,CE2,OD1,3.5283482
tcr_20_4,C,A,F,D,7,98,CE2,OD2,4.965281
tcr_20_4,C,A,F,Q,7,94,CE2,CD,4.7105255
tcr_20_4,C,A,F,Q,7,94,CE2,NE2,3.8260913
tcr_20_4,C,A,F,D,7,98,CE2,N,6.192103
tcr_20_4,C,A,F,A,7,97,CE2,O,6.6139207
tcr_20_4,C,A,F,Q,7,94,CE2,OE1,5.076006
tcr_20_4,C,A,F,Q,7,94,CE2,O,6.574006
tcr_20_4,C,A,F,A,7,97,CE2,C,6.4888115
tcr_20_4,C,A,F,A,7,97,CE2,CB,6.5067806
tcr_20_4,C,A,F,R,7,93,CE2,O,8.934432
tcr_20_4,C,A,F,A,7,97,CE2,N,8.192627
tcr_20_4,C,A,F,A,7,97,CE2,CA,7.2287436
tcr_20_4,C,A,F,N,7,101,CE2,CA,6.494654
tcr_20_4,C,A,F,N,7,101,CE2,CG,4.398478
tcr_20_4,C,A,F,N,7,101,CE2,OD1,5.0958467
tcr_20_4,C,A,F,N,7,101,CE2,N,7.240617
tcr_20_4,C,A,F,N,7,101,CE2,CB,4.998535
tcr_20_4,C,A,F,K,7,104,CE2,CD,9.44713
tcr_20_4,C,A,F,T,7,167,CE2,CG2,8.08444
tcr_20_4,C,A,F,K,7,104,CE2,NZ,9.477648
tcr_20_4,C,A,F,N,7,101,CE2,C,7.267499
tcr_20_4,C,A,F,N,7,101,CE2,O,7.8120756
tcr_20_4,C,A,F,K,7,104,CE2,CB,9.854843
tcr_20_4,C,A,F,F,7,123,CE2,CZ,9.876047
tcr_20_4,C,A,F,F,7,123,CE2,CE1,8.821454
tcr_20_4,C,A,F,F,7,123,CE2,CD1,8.610954
tcr_20_4,C,A,F,F,7,123,CE2,CG,9.495019
tcr_20_4,C,A,F,N,7,138,CE2,OD1,7.4160156
tcr_20_4,C,A,F,R,7,121,CE2,NH2,6.792573
tcr_20_4,C,A,F,R,7,121,CE2,NE,5.5551047
tcr_20_4,C,A,F,F,7,123,CE2,CB,9.62423
tcr_20_4,C,A,F,R,7,121,CE2,CZ,5.9125237
tcr_20_4,C,A,F,N,7,138,CE2,CG,8.190847
tcr_20_4,C,A,F,E,7,176,CE2,CG,9.487457
tcr_20_4,C,A,F,W,7,171,CE2,CH2,5.8498673
tcr_20_4,C,A,F,W,7,171,CE2,CD2,8.183145
tcr_20_4,C,A,F,W,7,171,CE2,CE2,7.0073776
tcr_20_4,C,A,F,W,7,171,CE2,CE3,8.238308
tcr_20_4,C,A,F,W,7,171,CE2,CZ2,5.7261987
tcr_20_4,C,A,F,W,7,171,CE2,CZ3,7.1750445
tcr_20_4,C,A,F,F,7,140,CE2,CZ,4.2105303
tcr_20_4,C,A,F,N,7,138,CE2,ND2,7.9951987
tcr_20_4,C,A,F,R,7,180,CE2,CD,9.167341
tcr_20_4,C,A,F,W,7,157,CE2,CH2,9.44572
tcr_20_4,C,A,F,R,7,180,CE2,CG,9.958598
tcr_20_4,C,A,F,R,7,180,CE2,NE,8.283697
tcr_20_4,C,A,F,R,7,180,CE2,CZ,7.7563176
tcr_20_4,C,A,F,E,7,176,CE2,CD,9.247313
tcr_20_4,C,A,F,R,7,180,CE2,NH1,7.937131
tcr_20_4,C,A,F,E,7,176,CE2,OE1,8.424549
tcr_20_4,C,A,F,R,7,180,CE2,NH2,7.3513556
tcr_20_4,C,A,F,W,7,171,CE2,CD1,8.971439
tcr_20_4,C,A,F,W,7,171,CE2,CG,9.327557
tcr_20_4,C,A,F,W,7,171,CE2,NE1,7.605003
tcr_20_4,C,A,F,A,7,141,CZ,CA,9.388673
tcr_20_4,C,A,F,T,7,118,CZ,C,9.70579
tcr_20_4,C,A,F,L,7,119,CZ,N,8.514978
tcr_20_4,C,A,F,Q,7,120,CZ,CG,9.543362
tcr_20_4,C,A,F,Q,7,120,CZ,CB,8.522515
tcr_20_4,C,A,F,Q,7,120,CZ,CA,7.0563583
tcr_20_4,C,A,F,Q,7,120,CZ,N,7.019375
tcr_20_4,C,A,F,L,7,119,CZ,CA,7.2746754
tcr_20_4,C,A,F,Q,7,120,CZ,O,6.140994
tcr_20_4,C,A,F,A,7,141,CZ,O,8.187198
tcr_20_4,C,A,F,A,7,141,CZ,N,8.278882
tcr_20_4,C,A,F,F,7,140,CZ,CA,7.1977186
tcr_20_4,C,A,F,F,7,140,CZ,C,8.324314
tcr_20_4,C,A,F,F,7,140,CZ,O,9.345766
tcr_20_4,C,A,F,T,7,118,CZ,O,9.969193
tcr_20_4,C,A,F,A,7,141,CZ,C,9.070961
tcr_20_4,C,A,F,T,7,34,CZ,CA,8.462342
tcr_20_4,C,A,F,T,7,34,CZ,O,9.018554
tcr_20_4,C,A,F,T,7,34,CZ,CB,9.962386
tcr_20_4,C,A,F,T,7,34,CZ,C,8.361756
tcr_20_4,C,A,F,S,7,35,CZ,N,7.839007
tcr_20_4,C,A,F,S,7,35,CZ,CA,8.197627
tcr_20_4,C,A,F,S,7,35,CZ,C,9.2296505
tcr_20_4,C,A,F,L,7,102,CZ,CD1,9.188062
tcr_20_4,C,A,F,S,7,35,CZ,O,9.084242
tcr_20_4,C,A,F,S,7,35,CZ,CB,7.103034
tcr_20_4,C,A,F,L,7,119,CZ,CB,6.3405285
tcr_20_4,C,A,F,L,7,102,CZ,CG,8.733125
tcr_20_4,C,A,F,R,7,121,CZ,N,5.9376726
tcr_20_4,C,A,F,I,7,47,CZ,O,9.572978
tcr_20_4,C,A,F,S,7,33,CZ,N,8.057512
tcr_20_4,C,A,F,S,7,33,CZ,CA,7.530103
tcr_20_4,C,A,F,S,7,33,CZ,C,7.454761
tcr_20_4,C,A,F,S,7,33,CZ,O,7.110536
tcr_20_4,C,A,F,T,7,34,CZ,N,8.087298
tcr_20_4,C,A,F,M,7,122,CZ,N,7.7059846
tcr_20_4,C,A,F,R,7,121,CZ,C,6.911875
tcr_20_4,C,A,F,F,7,32,CZ,C,9.310071
tcr_20_4,C,A,F,R,7,121,CZ,O,7.273248
tcr_20_4,C,A,F,R,7,121,CZ,CA,5.7213345
tcr_20_4,C,A,F,R,7,121,CZ,CB,4.398487
tcr_20_4,C,A,F,Q,7,120,CZ,C,6.1959963
tcr_20_4,C,A,F,R,7,121,CZ,CG,4.6885123
tcr_20_4,C,A,F,L,7,119,CZ,O,6.853464
tcr_20_4,C,A,F,L,7,119,CZ,C,6.9154253
tcr_20_4,C,A,F,L,7,119,CZ,CG,4.9444313
tcr_20_4,C,A,F,F,7,140,CZ,CD1,3.997625
tcr_20_4,C,A,F,L,7,119,CZ,CD1,5.3469906
tcr_20_4,C,A,F,F,7,140,CZ,CG,5.382794
tcr_20_4,C,A,F,F,7,140,CZ,CB,6.3639126
tcr_20_4,C,A,F,L,7,119,CZ,CD2,4.366727
tcr_20_4,C,A,F,L,7,102,CZ,CD2,9.1679535
tcr_20_4,C,A,F,L,7,102,CZ,CA,9.371242
tcr_20_4,C,A,F,L,7,102,CZ,CB,9.638591
tcr_20_4,C,A,F,L,7,105,CZ,CG,8.999627
tcr_20_4,C,A,F,L,7,105,CZ,CD1,7.9301825
tcr_20_4,C,A,F,L,7,105,CZ,CD2,9.418784
tcr_20_4,C,A,F,Y,7,147,CZ,CB,9.912871
tcr_20_4,C,A,F,Y,7,147,CZ,CE1,9.167667
tcr_20_4,C,A,F,Y,7,147,CZ,CG,9.777806
tcr_20_4,C,A,F,Y,7,147,CZ,CD1,8.931057
tcr_20_4,C,A,F,F,7,123,CZ,CA,9.79666
tcr_20_4,C,A,F,F,7,123,CZ,N,9.260344
tcr_20_4,C,A,F,M,7,122,CZ,CA,8.84523
tcr_20_4,C,A,F,M,7,122,CZ,C,8.897534
tcr_20_4,C,A,F,Y,7,31,CZ,O,9.806412
tcr_20_4,C,A,F,Q,7,139,CZ,CA,9.051147
tcr_20_4,C,A,F,F,7,140,CZ,N,7.9330816
tcr_20_4,C,A,F,Q,7,139,CZ,C,7.8959527
tcr_20_4,C,A,F,N,7,138,CZ,CB,9.435577
tcr_20_4,C,A,F,Q,7,139,CZ,O,7.2201276
tcr_20_4,C,A,F,N,7,138,CZ,CA,9.581491
tcr_20_4,C,A,F,N,7,138,CZ,O,9.666669
tcr_20_4,C,A,F,M,7,122,CZ,O,8.869884
tcr_20_4,C,A,F,N,7,138,CZ,C,9.267348
tcr_20_4,C,A,F,Q,7,139,CZ,N,8.858071
tcr_20_4,C,A,F,I,7,148,CZ,O,9.452615
tcr_20_4,C,A,F,F,7,140,CZ,CE2,5.7110634
tcr_20_4,C,A,F,I,7,148,CZ,CG2,8.749563
tcr_20_4,C,A,F,F,7,140,CZ,CD2,6.1009274
tcr_20_4,C,A,F,A,7,48,CZ,CB,9.819181
tcr_20_4,C,A,F,A,7,95,CZ,O,8.666235
tcr_20_4,C,A,F,F,7,46,CZ,CB,9.321583
tcr_20_4,C,A,F,A,7,95,CZ,CB,9.631378
tcr_20_4,C,A,F,Q,7,96,CZ,N,9.38401
tcr_20_4,C,A,F,A,7,95,CZ,C,8.73261
tcr_20_4,C,A,F,Q,7,96,CZ,C,9.114476
tcr_20_4,C,A,F,V,7,100,CZ,N,9.612853
tcr_20_4,C,A,F,R,7,99,CZ,CA,9.7614765
tcr_20_4,C,A,F,D,7,98,CZ,C,7.329677
tcr_20_4,C,A,F,Q,7,96,CZ,O,9.524504
tcr_20_4,C,A,F,D,7,98,CZ,O,7.5873723
tcr_20_4,C,A,F,R,7,99,CZ,N,8.411975
tcr_20_4,C,A,F,L,7,102,CZ,N,8.3769
tcr_20_4,C,A,F,V,7,100,CZ,C,9.327451
tcr_20_4,C,A,F,Y,7,91,CZ,O,9.451917
tcr_20_4,C,A,F,F,7,46,CZ,CD1,8.980264
tcr_20_4,C,A,F,A,7,95,CZ,N,7.7501593
tcr_20_4,C,A,F,A,7,95,CZ,CA,8.311734
tcr_20_4,C,A,F,F,7,46,CZ,CG,8.354708
tcr_20_4,C,A,F,S,7,35,CZ,OG,6.5492334
tcr_20_4,C,A,F,F,7,46,CZ,CD2,6.9987354
tcr_20_4,C,A,F,F,7,46,CZ,CE1,8.413814
tcr_20_4,C,A,F,Q,7,94,CZ,C,6.6611924
tcr_20_4,C,A,F,F,7,46,CZ,CE2,6.2514987
tcr_20_4,C,A,F,F,7,46,CZ,CZ,7.0680566
tcr_20_4,C,A,F,Q,7,94,CZ,N,8.029703
tcr_20_4,C,A,F,Q,7,94,CZ,CA,6.6211166
tcr_20_4,C,A,F,Q,7,94,CZ,CG,4.6579094
tcr_20_4,C,A,F,Q,7,94,CZ,CB,6.1387415
tcr_20_4,C,A,F,S,7,33,CZ,OG,5.1443486
tcr_20_4,C,A,F,R,7,121,CZ,NH1,4.8711877
tcr_20_4,C,A,F,S,7,33,CZ,CB,6.384779
tcr_20_4,C,A,F,K,7,90,CZ,O,9.537442
tcr_20_4,C,A,F,R,7,93,CZ,C,8.797614
tcr_20_4,C,A,F,N,7,101,CZ,ND2,4.2952995
tcr_20_4,C,A,F,R,7,121,CZ,CD,3.9432642
tcr_20_4,C,A,F,F,7,140,CZ,CE1,3.3641534
tcr_20_4,C,A,F,D,7,98,CZ,CB,5.5578227
tcr_20_4,C,A,F,D,7,98,CZ,CG,4.1114144
tcr_20_4,C,A,F,D,7,98,CZ,CA,5.9455767
tcr_20_4,C,A,F,D,7,98,CZ,OD1,3.2423208
tcr_20_4,C,A,F,D,7,98,CZ,OD2,4.1775866
tcr_20_4,C,A,F,Q,7,94,CZ,CD,3.879043
tcr_20_4,C,A,F,Q,7,94,CZ,NE2,3.238686
tcr_20_4,C,A,F,D,7,98,CZ,N,6.17696
tcr_20_4,C,A,F,A,7,97,CZ,O,7.0488954
tcr_20_4,C,A,F,Q,7,94,CZ,OE1,4.3554797
tcr_20_4,C,A,F,Q,7,94,CZ,O,6.002068
tcr_20_4,C,A,F,A,7,97,CZ,C,6.692384
tcr_20_4,C,A,F,A,7,97,CZ,CB,6.588613
tcr_20_4,C,A,F,R,7,93,CZ,O,8.527476
tcr_20_4,C,A,F,A,7,97,CZ,N,8.10628
tcr_20_4,C,A,F,A,7,97,CZ,CA,7.3530874
tcr_20_4,C,A,F,N,7,101,CZ,CA,7.398978
tcr_20_4,C,A,F,N,7,101,CZ,CG,5.368371
tcr_20_4,C,A,F,N,7,101,CZ,OD1,6.1926336
tcr_20_4,C,A,F,N,7,101,CZ,N,8.008211
tcr_20_4,C,A,F,N,7,101,CZ,CB,5.865883
tcr_20_4,C,A,F,T,7,167,CZ,CG2,9.383449
tcr_20_4,C,A,F,N,7,101,CZ,C,8.119671
tcr_20_4,C,A,F,N,7,101,CZ,O,8.773393
tcr_20_4,C,A,F,F,7,123,CZ,CE2,9.642439
tcr_20_4,C,A,F,F,7,123,CZ,CZ,8.757051
tcr_20_4,C,A,F,F,7,123,CZ,CD2,9.55796
tcr_20_4,C,A,F,F,7,123,CZ,CE1,7.6736517
tcr_20_4,C,A,F,F,7,123,CZ,CD1,7.57236
tcr_20_4,C,A,F,F,7,123,CZ,CG,8.5779705
tcr_20_4,C,A,F,N,7,138,CZ,OD1,7.115205
tcr_20_4,C,A,F,R,7,121,CZ,NH2,6.2383275
tcr_20_4,C,A,F,R,7,121,CZ,NE,4.822758
tcr_20_4,C,A,F,F,7,123,CZ,CB,8.853069
tcr_20_4,C,A,F,R,7,121,CZ,CZ,5.186277
tcr_20_4,C,A,F,N,7,138,CZ,CG,8.045435
tcr_20_4,C,A,F,W,7,171,CZ,CH2,6.8282995
tcr_20_4,C,A,F,W,7,171,CZ,CD2,9.247523
tcr_20_4,C,A,F,W,7,171,CZ,CE2,8.136615
tcr_20_4,C,A,F,W,7,171,CZ,CE3,9.203157
tcr_20_4,C,A,F,W,7,171,CZ,CZ2,6.842091
tcr_20_4,C,A,F,W,7,171,CZ,CZ3,8.078924
tcr_20_4,C,A,F,F,7,140,CZ,CZ,4.4322505
tcr_20_4,C,A,F,N,7,138,CZ,ND2,8.043831
tcr_20_4,C,A,F,R,7,180,CZ,CD,9.193374
tcr_20_4,C,A,F,W,7,157,CZ,CH2,9.9599
tcr_20_4,C,A,F,R,7,180,CZ,NE,8.433087
tcr_20_4,C,A,F,R,7,180,CZ,CZ,7.8206253
tcr_20_4,C,A,F,E,7,176,CZ,CD,9.89012
tcr_20_4,C,A,F,R,7,180,CZ,NH1,7.77378
tcr_20_4,C,A,F,E,7,176,CZ,OE1,8.947312
tcr_20_4,C,A,F,R,7,180,CZ,NH2,7.559252
tcr_20_4,C,A,F,W,7,171,CZ,NE1,8.7801695
tcr_20_4,C,A,S,R,8,121,N,CB,9.991668
tcr_20_4,C,A,S,R,8,121,N,CG,9.646147
tcr_20_4,C,A,S,L,8,119,N,CG,9.406569
tcr_20_4,C,A,S,F,8,140,N,CD1,7.793703
tcr_20_4,C,A,S,L,8,119,N,CD1,9.338728
tcr_20_4,C,A,S,F,8,140,N,CG,8.5318985
tcr_20_4,C,A,S,F,8,140,N,CB,9.651067
tcr_20_4,C,A,S,L,8,119,N,CD2,8.242952
tcr_20_4,C,A,S,L,8,105,N,CG,9.799711
tcr_20_4,C,A,S,L,8,105,N,CD1,9.630868
tcr_20_4,C,A,S,Y,8,147,N,OH,9.946256
tcr_20_4,C,A,S,Y,8,147,N,CE1,9.390643
tcr_20_4,C,A,S,Y,8,147,N,CD1,9.979212
tcr_20_4,C,A,S,Y,8,108,N,CE2,9.770722
tcr_20_4,C,A,S,T,8,167,N,OG1,8.218575
tcr_20_4,C,A,S,T,8,167,N,CB,8.312254
tcr_20_4,C,A,S,F,8,140,N,CE2,7.656074
tcr_20_4,C,A,S,I,8,148,N,CG2,9.307436
tcr_20_4,C,A,S,F,8,140,N,CD2,8.466349
tcr_20_4,C,A,S,W,8,157,N,CZ3,9.740047
tcr_20_4,C,A,S,Q,8,96,N,C,9.2466135
tcr_20_4,C,A,S,V,8,100,N,N,9.2652855
tcr_20_4,C,A,S,D,8,98,N,C,9.0111885
tcr_20_4,C,A,S,Q,8,96,N,O,9.3636
tcr_20_4,C,A,S,D,8,98,N,O,9.270692
tcr_20_4,C,A,S,R,8,99,N,N,9.756474
tcr_20_4,C,A,S,L,8,102,N,N,9.364798
tcr_20_4,C,A,S,V,8,100,N,CG2,9.256069
tcr_20_4,C,A,S,V,8,100,N,CA,8.932799
tcr_20_4,C,A,S,V,8,100,N,CB,8.273785
tcr_20_4,C,A,S,V,8,100,N,CG1,8.350271
tcr_20_4,C,A,S,V,8,100,N,C,8.319226
tcr_20_4,C,A,S,V,8,100,N,O,8.920964
tcr_20_4,C,A,S,Q,8,94,N,C,9.018146
tcr_20_4,C,A,S,Q,8,94,N,N,9.459623
tcr_20_4,C,A,S,Q,8,94,N,CA,8.582895
tcr_20_4,C,A,S,Q,8,94,N,CG,8.164594
tcr_20_4,C,A,S,Q,8,94,N,CB,8.908743
tcr_20_4,C,A,S,R,8,121,N,NH1,7.9690948
tcr_20_4,C,A,S,R,8,93,N,C,9.511485
tcr_20_4,C,A,S,N,8,101,N,ND2,4.434351
tcr_20_4,C,A,S,R,8,121,N,CD,8.642838
tcr_20_4,C,A,S,F,8,140,N,CE1,6.895428
tcr_20_4,C,A,S,D,8,98,N,CB,8.749011
tcr_20_4,C,A,S,D,8,98,N,CG,8.051674
tcr_20_4,C,A,S,D,8,98,N,CA,7.9623547
tcr_20_4,C,A,S,D,8,98,N,OD1,6.819895
tcr_20_4,C,A,S,D,8,98,N,OD2,8.918197
tcr_20_4,C,A,S,Q,8,94,N,CD,6.656272
tcr_20_4,C,A,S,Q,8,94,N,NE2,5.889838
tcr_20_4,C,A,S,D,8,98,N,N,7.47536
tcr_20_4,C,A,S,A,8,97,N,O,6.607324
tcr_20_4,C,A,S,Q,8,94,N,OE1,6.342815
tcr_20_4,C,A,S,Q,8,94,N,O,8.284437
tcr_20_4,C,A,S,A,8,97,N,C,6.803347
tcr_20_4,C,A,S,A,8,97,N,CB,5.799286
tcr_20_4,C,A,S,R,8,93,N,O,8.824663
tcr_20_4,C,A,S,A,8,97,N,N,8.13194
tcr_20_4,C,A,S,A,8,97,N,CA,6.8041472
tcr_20_4,C,A,S,N,8,101,N,CA,7.076841
tcr_20_4,C,A,S,N,8,101,N,CG,4.7920794
tcr_20_4,C,A,S,N,8,101,N,OD1,4.235413
tcr_20_4,C,A,S,N,8,101,N,N,7.4226723
tcr_20_4,C,A,S,N,8,101,N,CB,6.2665915
tcr_20_4,C,A,S,K,8,104,N,CD,7.4321494
tcr_20_4,C,A,S,T,8,167,N,CG2,7.074577
tcr_20_4,C,A,S,K,8,104,N,NZ,6.214492
tcr_20_4,C,A,S,N,8,101,N,C,8.434914
tcr_20_4,C,A,S,N,8,101,N,O,8.82175
tcr_20_4,C,A,S,K,8,104,N,CB,9.038146
tcr_20_4,C,A,S,K,8,104,N,CE,7.434276
tcr_20_4,C,A,S,K,8,104,N,CG,8.809289
tcr_20_4,C,A,S,T,8,167,N,CA,8.836786
tcr_20_4,C,A,S,Y,8,108,N,OH,9.263449
tcr_20_4,C,A,S,K,8,170,N,CD,8.454508
tcr_20_4,C,A,S,K,8,170,N,CE,9.380788
tcr_20_4,C,A,S,K,8,170,N,NZ,8.76314
tcr_20_4,C,A,S,K,8,170,N,CG,9.3282585
tcr_20_4,C,A,S,N,8,138,N,OD1,9.521485
tcr_20_4,C,A,S,R,8,121,N,NH2,8.362348
tcr_20_4,C,A,S,R,8,121,N,NE,8.502575
tcr_20_4,C,A,S,R,8,121,N,CZ,8.181319
tcr_20_4,C,A,S,N,8,138,N,CG,9.816097
tcr_20_4,C,A,S,E,8,176,N,CG,6.758441
tcr_20_4,C,A,S,W,8,171,N,CH2,5.8160615
tcr_20_4,C,A,S,W,8,171,N,CD2,6.3000116
tcr_20_4,C,A,S,W,8,171,N,CE2,4.96304
tcr_20_4,C,A,S,W,8,171,N,CE3,7.1909876
tcr_20_4,C,A,S,W,8,171,N,CZ2,4.6594486
tcr_20_4,C,A,S,W,8,171,N,CZ3,6.972379
tcr_20_4,C,A,S,F,8,140,N,CZ,6.815645
tcr_20_4,C,A,S,N,8,138,N,ND2,8.98195
tcr_20_4,C,A,S,R,8,180,N,CD,8.447183
tcr_20_4,C,A,S,W,8,157,N,CH2,9.160466
tcr_20_4,C,A,S,W,8,157,N,CZ2,9.37807
tcr_20_4,C,A,S,R,8,180,N,CG,9.1121435
tcr_20_4,C,A,S,E,8,176,N,CB,7.875501
tcr_20_4,C,A,S,Q,8,179,N,OE1,8.878085
tcr_20_4,C,A,S,R,8,180,N,NE,7.047915
tcr_20_4,C,A,S,E,8,176,N,OE2,6.3453946
tcr_20_4,C,A,S,R,8,180,N,CZ,6.4415646
tcr_20_4,C,A,S,E,8,176,N,CD,6.069822
tcr_20_4,C,A,S,R,8,180,N,NH1,7.1508975
tcr_20_4,C,A,S,E,8,176,N,OE1,5.619817
tcr_20_4,C,A,S,R,8,180,N,NH2,5.335842
tcr_20_4,C,A,S,Q,8,179,N,NE2,9.942106
tcr_20_4,C,A,S,Q,8,179,N,CD,9.718198
tcr_20_4,C,A,S,E,8,176,N,CA,9.016694
tcr_20_4,C,A,S,E,8,176,N,C,9.781849
tcr_20_4,C,A,S,E,8,176,N,O,9.778056
tcr_20_4,C,A,S,W,8,171,N,N,8.823842
tcr_20_4,C,A,S,T,8,167,N,C,9.195762
tcr_20_4,C,A,S,W,8,171,N,CD1,5.7659736
tcr_20_4,C,A,S,W,8,171,N,CB,8.130448
tcr_20_4,C,A,S,W,8,171,N,CG,6.71198
tcr_20_4,C,A,S,W,8,171,N,NE1,4.583806
tcr_20_4,C,A,S,T,8,167,N,O,8.687992
tcr_20_4,C,A,S,K,8,170,N,C,9.178077
tcr_20_4,C,A,S,K,8,170,N,CB,8.596716
tcr_20_4,C,A,S,K,8,170,N,CA,9.656501
tcr_20_4,C,A,S,W,8,171,N,C,9.978733
tcr_20_4,C,A,S,A,8,174,N,CB,9.114355
tcr_20_4,C,A,S,K,8,170,N,O,9.407103
tcr_20_4,C,A,S,W,8,171,N,CA,8.613982
tcr_20_4,C,A,S,L,8,119,CA,CG,9.300168
tcr_20_4,C,A,S,F,8,140,CA,CD1,8.365993
tcr_20_4,C,A,S,L,8,119,CA,CD1,9.22637
tcr_20_4,C,A,S,F,8,140,CA,CG,9.072988
tcr_20_4,C,A,S,L,8,119,CA,CD2,8.041974
tcr_20_4,C,A,S,L,8,102,CA,CA,9.798109
tcr_20_4,C,A,S,K,8,104,CA,C,9.721067
tcr_20_4,C,A,S,L,8,105,CA,CG,8.957665
tcr_20_4,C,A,S,L,8,105,CA,CD1,8.946994
tcr_20_4,C,A,S,L,8,105,CA,N,9.527926
tcr_20_4,C,A,S,L,8,105,CA,CD2,9.322426
tcr_20_4,C,A,S,Y,8,147,CA,OH,9.284077
tcr_20_4,C,A,S,Y,8,147,CA,CZ,9.686751
tcr_20_4,C,A,S,Y,8,147,CA,CE1,9.048372
tcr_20_4,C,A,S,Y,8,147,CA,CD1,9.786345
tcr_20_4,C,A,S,Y,8,108,CA,CD2,9.772833
tcr_20_4,C,A,S,Y,8,108,CA,CE2,8.6662245
tcr_20_4,C,A,S,T,8,167,CA,OG1,7.5926824
tcr_20_4,C,A,S,T,8,167,CA,CB,7.890114
tcr_20_4,C,A,S,T,8,167,CA,N,9.518458
tcr_20_4,C,A,S,F,8,140,CA,CE2,8.499658
tcr_20_4,C,A,S,I,8,148,CA,CG2,9.578833
tcr_20_4,C,A,S,F,8,140,CA,CD2,9.133119
tcr_20_4,C,A,S,Q,8,96,CA,C,8.918064
tcr_20_4,C,A,S,V,8,100,CA,N,8.322448
tcr_20_4,C,A,S,R,8,99,CA,C,9.42042
tcr_20_4,C,A,S,D,8,98,CA,C,8.442162
tcr_20_4,C,A,S,Q,8,96,CA,O,8.845705
tcr_20_4,C,A,S,D,8,98,CA,O,8.59043
tcr_20_4,C,A,S,R,8,99,CA,N,9.163692
tcr_20_4,C,A,S,L,8,102,CA,N,8.430884
tcr_20_4,C,A,S,V,8,100,CA,CG2,8.2342825
tcr_20_4,C,A,S,V,8,100,CA,CA,7.821527
tcr_20_4,C,A,S,V,8,100,CA,CB,7.155023
tcr_20_4,C,A,S,V,8,100,CA,CG1,7.083338
tcr_20_4,C,A,S,V,8,100,CA,C,7.151282
tcr_20_4,C,A,S,V,8,100,CA,O,7.6606784
tcr_20_4,C,A,S,K,8,104,CA,N,9.353819
tcr_20_4,C,A,S,K,8,104,CA,CA,9.110742
tcr_20_4,C,A,S,Q,8,94,CA,C,9.334995
tcr_20_4,C,A,S,Q,8,94,CA,N,9.988209
tcr_20_4,C,A,S,Q,8,94,CA,CA,9.104861
tcr_20_4,C,A,S,Q,8,94,CA,CG,8.871457
tcr_20_4,C,A,S,Q,8,94,CA,CB,9.601686
tcr_20_4,C,A,S,R,8,121,CA,NH1,9.203044
tcr_20_4,C,A,S,R,8,93,CA,C,9.912976
tcr_20_4,C,A,S,N,8,101,CA,ND2,4.075481
tcr_20_4,C,A,S,R,8,121,CA,CD,9.648305
tcr_20_4,C,A,S,F,8,140,CA,CE1,7.6591845
tcr_20_4,C,A,S,D,8,98,CA,CB,8.576926
tcr_20_4,C,A,S,D,8,98,CA,CG,8.093431
tcr_20_4,C,A,S,D,8,98,CA,CA,7.594015
tcr_20_4,C,A,S,D,8,98,CA,OD1,6.8988385
tcr_20_4,C,A,S,D,8,98,CA,OD2,9.084166
tcr_20_4,C,A,S,Q,8,94,CA,CD,7.427899
tcr_20_4,C,A,S,Q,8,94,CA,NE2,6.484167
tcr_20_4,C,A,S,D,8,98,CA,N,7.1852503
tcr_20_4,C,A,S,A,8,97,CA,O,5.934453
tcr_20_4,C,A,S,Q,8,94,CA,OE1,7.3040886
tcr_20_4,C,A,S,Q,8,94,CA,O,8.473805
tcr_20_4,C,A,S,A,8,97,CA,C,6.376757
tcr_20_4,C,A,S,A,8,97,CA,CB,5.801041
tcr_20_4,C,A,S,R,8,93,CA,O,9.080223
tcr_20_4,C,A,S,A,8,97,CA,N,7.9381404
tcr_20_4,C,A,S,A,8,97,CA,CA,6.5179143
tcr_20_4,C,A,S,N,8,101,CA,CA,6.0386653
tcr_20_4,C,A,S,N,8,101,CA,CG,4.0432835
tcr_20_4,C,A,S,N,8,101,CA,OD1,3.2011378
tcr_20_4,C,A,S,N,8,101,CA,N,6.366615
tcr_20_4,C,A,S,N,8,101,CA,CB,5.4788566
tcr_20_4,C,A,S,K,8,104,CA,CD,5.9824834
tcr_20_4,C,A,S,T,8,167,CA,CG2,6.8420796
tcr_20_4,C,A,S,K,8,104,CA,NZ,4.796649
tcr_20_4,C,A,S,N,8,101,CA,C,7.417176
tcr_20_4,C,A,S,N,8,101,CA,O,7.743026
tcr_20_4,C,A,S,K,8,104,CA,CB,7.673999
tcr_20_4,C,A,S,K,8,104,CA,CE,5.981198
tcr_20_4,C,A,S,K,8,104,CA,CG,7.373355
tcr_20_4,C,A,S,T,8,167,CA,CA,8.361358
tcr_20_4,C,A,S,Y,8,108,CA,CZ,8.884816
tcr_20_4,C,A,S,Y,8,108,CA,OH,8.039057
tcr_20_4,C,A,S,K,8,170,CA,CD,7.578601
tcr_20_4,C,A,S,K,8,170,CA,CE,8.34216
tcr_20_4,C,A,S,K,8,170,CA,NZ,7.5783606
tcr_20_4,C,A,S,K,8,170,CA,CG,8.62487
tcr_20_4,C,A,S,R,8,121,CA,NH2,9.702396
tcr_20_4,C,A,S,R,8,121,CA,NE,9.655559
tcr_20_4,C,A,S,R,8,121,CA,CZ,9.436239
tcr_20_4,C,A,S,E,8,176,CA,CG,7.75819
tcr_20_4,C,A,S,W,8,171,CA,CH2,6.412201
tcr_20_4,C,A,S,W,8,171,CA,CD2,6.7644787
tcr_20_4,C,A,S,W,8,171,CA,CE2,5.3892446
tcr_20_4,C,A,S,W,8,171,CA,CE3,7.7510314
tcr_20_4,C,A,S,W,8,171,CA,CZ2,5.169839
tcr_20_4,C,A,S,W,8,171,CA,CZ3,7.586138
tcr_20_4,C,A,S,F,8,140,CA,CZ,7.7301426
tcr_20_4,C,A,S,R,8,180,CA,CD,9.846648
tcr_20_4,C,A,S,E,8,176,CA,CB,8.726559
tcr_20_4,C,A,S,R,8,180,CA,NE,8.45395
tcr_20_4,C,A,S,E,8,176,CA,OE2,7.3334026
tcr_20_4,C,A,S,R,8,180,CA,CZ,7.8919277
tcr_20_4,C,A,S,E,8,176,CA,CD,7.1694813
tcr_20_4,C,A,S,R,8,180,CA,NH1,8.611892
tcr_20_4,C,A,S,E,8,176,CA,OE1,6.877824
tcr_20_4,C,A,S,R,8,180,CA,NH2,6.778417
tcr_20_4,C,A,S,E,8,176,CA,CA,9.943573
tcr_20_4,C,A,S,W,8,171,CA,N,8.848905
tcr_20_4,C,A,S,T,8,167,CA,C,8.927156
tcr_20_4,C,A,S,W,8,171,CA,CD1,5.9967036
tcr_20_4,C,A,S,W,8,171,CA,CB,8.498555
tcr_20_4,C,A,S,W,8,171,CA,CG,7.07089
tcr_20_4,C,A,S,W,8,171,CA,NE1,4.8366446
tcr_20_4,C,A,S,T,8,167,CA,O,8.500978
tcr_20_4,C,A,S,K,8,170,CA,C,9.07494
tcr_20_4,C,A,S,K,8,170,CA,CB,8.108977
tcr_20_4,C,A,S,K,8,170,CA,CA,9.327769
tcr_20_4,C,A,S,A,8,174,CA,CB,9.412298
tcr_20_4,C,A,S,K,8,170,CA,O,9.369659
tcr_20_4,C,A,S,W,8,171,CA,CA,8.879088
tcr_20_4,C,A,S,L,8,119,C,CG,9.386175
tcr_20_4,C,A,S,F,8,140,C,CD1,8.226364
tcr_20_4,C,A,S,L,8,119,C,CD1,9.075745
tcr_20_4,C,A,S,F,8,140,C,CG,8.722054
tcr_20_4,C,A,S,F,8,140,C,CB,9.56402
tcr_20_4,C,A,S,L,8,119,C,CD2,8.239153
tcr_20_4,C,A,S,L,8,102,C,CA,9.833555
tcr_20_4,C,A,S,K,8,104,C,C,9.039289
tcr_20_4,C,A,S,L,8,105,C,CG,8.299922
tcr_20_4,C,A,S,L,8,105,C,CD1,8.474045
tcr_20_4,C,A,S,L,8,105,C,N,8.893895
tcr_20_4,C,A,S,L,8,105,C,CA,9.641473
tcr_20_4,C,A,S,L,8,105,C,CB,9.540559
tcr_20_4,C,A,S,L,8,105,C,CD2,8.46729
tcr_20_4,C,A,S,Y,8,147,C,CE2,9.800143
tcr_20_4,C,A,S,Y,8,147,C,OH,8.006682
tcr_20_4,C,A,S,Y,8,147,C,CZ,8.497931
tcr_20_4,C,A,S,Y,8,147,C,CE1,7.913505
tcr_20_4,C,A,S,Y,8,147,C,CD1,8.772878
tcr_20_4,C,A,S,K,8,104,C,O,9.79349
tcr_20_4,C,A,S,Y,8,108,C,CD2,8.571029
tcr_20_4,C,A,S,Y,8,108,C,CE2,7.427809
tcr_20_4,C,A,S,Y,8,108,C,CD1,9.973992
tcr_20_4,C,A,S,Y,8,108,C,CG,9.790354
tcr_20_4,C,A,S,T,8,167,C,OG1,6.1485286
tcr_20_4,C,A,S,I,8,166,C,C,8.7588415
tcr_20_4,C,A,S,T,8,167,C,CB,6.422281
tcr_20_4,C,A,S,T,8,167,C,N,7.996765
tcr_20_4,C,A,S,I,8,148,C,CB,9.812217
tcr_20_4,C,A,S,F,8,140,C,CE2,8.208007
tcr_20_4,C,A,S,I,8,148,C,CG2,8.607919
tcr_20_4,C,A,S,F,8,140,C,CD2,8.712947
tcr_20_4,C,A,S,W,8,157,C,CZ3,9.973799
tcr_20_4,C,A,S,I,8,148,C,CD1,9.24769
tcr_20_4,C,A,S,Q,8,168,C,N,8.664184
tcr_20_4,C,A,S,A,8,164,C,O,9.863878
tcr_20_4,C,A,S,Q,8,168,C,CA,9.583727
tcr_20_4,C,A,S,V,8,100,C,N,9.057035
tcr_20_4,C,A,S,D,8,98,C,C,9.235194
tcr_20_4,C,A,S,D,8,98,C,O,9.196165
tcr_20_4,C,A,S,L,8,102,C,N,8.567233
tcr_20_4,C,A,S,V,8,100,C,CG2,9.06801
tcr_20_4,C,A,S,V,8,100,C,CA,8.402638
tcr_20_4,C,A,S,V,8,100,C,CB,7.853043
tcr_20_4,C,A,S,V,8,100,C,CG1,7.5675797
tcr_20_4,C,A,S,V,8,100,C,C,7.523043
tcr_20_4,C,A,S,V,8,100,C,O,7.807686
tcr_20_4,C,A,S,K,8,104,C,N,9.037872
tcr_20_4,C,A,S,K,8,104,C,CA,8.573112
tcr_20_4,C,A,S,R,8,121,C,NH1,9.943509
tcr_20_4,C,A,S,N,8,101,C,ND2,4.857877
tcr_20_4,C,A,S,F,8,140,C,CE1,7.679036
tcr_20_4,C,A,S,D,8,98,C,CB,9.459903
tcr_20_4,C,A,S,D,8,98,C,CG,8.953848
tcr_20_4,C,A,S,D,8,98,C,CA,8.490041
tcr_20_4,C,A,S,D,8,98,C,OD1,7.755398
tcr_20_4,C,A,S,D,8,98,C,OD2,9.907684
tcr_20_4,C,A,S,Q,8,94,C,CD,8.60813
tcr_20_4,C,A,S,Q,8,94,C,NE2,7.632587
tcr_20_4,C,A,S,D,8,98,C,N,8.285073
tcr_20_4,C,A,S,A,8,97,C,O,6.9421515
tcr_20_4,C,A,S,Q,8,94,C,OE1,8.495269
tcr_20_4,C,A,S,Q,8,94,C,O,9.741843
tcr_20_4,C,A,S,A,8,97,C,C,7.5314894
tcr_20_4,C,A,S,A,8,97,C,CB,7.2373962
tcr_20_4,C,A,S,A,8,97,C,N,9.290632
tcr_20_4,C,A,S,A,8,97,C,CA,7.848319
tcr_20_4,C,A,S,N,8,101,C,CA,6.207591
tcr_20_4,C,A,S,N,8,101,C,CG,4.55153
tcr_20_4,C,A,S,N,8,101,C,OD1,3.6003942
tcr_20_4,C,A,S,N,8,101,C,N,6.7923236
tcr_20_4,C,A,S,N,8,101,C,CB,5.780739
tcr_20_4,C,A,S,K,8,104,C,CD,5.523413
tcr_20_4,C,A,S,T,8,167,C,CG2,5.4415298
tcr_20_4,C,A,S,K,8,104,C,NZ,4.5850716
tcr_20_4,C,A,S,N,8,101,C,C,7.416237
tcr_20_4,C,A,S,N,8,101,C,O,7.499761
tcr_20_4,C,A,S,K,8,104,C,CB,7.0956244
tcr_20_4,C,A,S,K,8,104,C,CE,5.720412
tcr_20_4,C,A,S,K,8,104,C,CG,6.938295
tcr_20_4,C,A,S,T,8,167,C,CA,6.8463035
tcr_20_4,C,A,S,Y,8,108,C,CZ,7.681524
tcr_20_4,C,A,S,Y,8,108,C,OH,6.840895
tcr_20_4,C,A,S,K,8,170,C,CD,6.307098
tcr_20_4,C,A,S,K,8,170,C,CE,7.15805
tcr_20_4,C,A,S,I,8,166,C,CG2,9.56233
tcr_20_4,C,A,S,Y,8,108,C,CE1,9.01333
tcr_20_4,C,A,S,I,8,166,C,O,8.658526
tcr_20_4,C,A,S,K,8,170,C,NZ,6.5128717
tcr_20_4,C,A,S,K,8,170,C,CG,7.33418
tcr_20_4,C,A,S,R,8,121,C,CZ,9.995746
tcr_20_4,C,A,S,E,8,176,C,CG,7.418967
tcr_20_4,C,A,S,W,8,171,C,CH2,5.6766734
tcr_20_4,C,A,S,W,8,171,C,CD2,5.7689514
tcr_20_4,C,A,S,W,8,171,C,CE2,4.4240346
tcr_20_4,C,A,S,W,8,171,C,CE3,6.8140774
tcr_20_4,C,A,S,W,8,171,C,CZ2,4.3667474
tcr_20_4,C,A,S,W,8,171,C,CZ3,6.7601786
tcr_20_4,C,A,S,F,8,140,C,CZ,7.6666365
tcr_20_4,C,A,S,W,8,157,C,CH2,9.602848
tcr_20_4,C,A,S,W,8,157,C,CZ2,9.703313
tcr_20_4,C,A,S,E,8,176,C,CB,8.245608
tcr_20_4,C,A,S,R,8,180,C,NE,8.733164
tcr_20_4,C,A,S,E,8,176,C,OE2,7.306446
tcr_20_4,C,A,S,R,8,180,C,CZ,8.390605
tcr_20_4,C,A,S,E,8,176,C,CD,7.105194
tcr_20_4,C,A,S,R,8,180,C,NH1,9.254786
tcr_20_4,C,A,S,E,8,176,C,OE1,7.011886
tcr_20_4,C,A,S,R,8,180,C,NH2,7.3561883
tcr_20_4,C,A,S,E,8,176,C,CA,9.586387
tcr_20_4,C,A,S,Q,8,168,C,O,9.947769
tcr_20_4,C,A,S,W,8,171,C,N,7.673813
tcr_20_4,C,A,S,T,8,167,C,C,7.455903
tcr_20_4,C,A,S,W,8,171,C,CD1,4.9503036
tcr_20_4,C,A,S,W,8,171,C,CB,7.4526243
tcr_20_4,C,A,S,W,8,171,C,CG,6.026271
tcr_20_4,C,A,S,W,8,171,C,NE1,3.8010218
tcr_20_4,C,A,S,T,8,167,C,O,7.0812683
tcr_20_4,C,A,S,Q,8,168,C,C,9.930689
tcr_20_4,C,A,S,K,8,170,C,N,8.872607
tcr_20_4,C,A,S,K,8,170,C,C,7.9310455
tcr_20_4,C,A,S,K,8,170,C,CB,6.8190565
tcr_20_4,C,A,S,K,8,170,C,CA,8.075486
tcr_20_4,C,A,S,W,8,171,C,C,9.3459835
tcr_20_4,C,A,S,A,8,174,C,CB,8.893283
tcr_20_4,C,A,S,K,8,170,C,O,8.367913
tcr_20_4,C,A,S,W,8,171,C,CA,7.8509607
tcr_20_4,C,A,S,W,8,171,C,O,9.791682
tcr_20_4,C,A,S,F,8,140,O,CD1,8.589401
tcr_20_4,C,A,S,L,8,119,O,CD1,9.878048
tcr_20_4,C,A,S,F,8,140,O,CG,8.942497
tcr_20_4,C,A,S,F,8,140,O,CB,9.827788
tcr_20_4,C,A,S,L,8,119,O,CD2,9.239591
tcr_20_4,C,A,S,K,8,104,O,C,9.800601
tcr_20_4,C,A,S,L,8,105,O,CG,9.094112
tcr_20_4,C,A,S,L,8,105,O,CD1,9.338641
tcr_20_4,C,A,S,L,8,105,O,N,9.716829
tcr_20_4,C,A,S,L,8,105,O,CD2,9.09005
tcr_20_4,C,A,S,Y,8,147,O,OH,8.151144
tcr_20_4,C,A,S,Y,8,147,O,CZ,8.680587
tcr_20_4,C,A,S,Y,8,147,O,CE1,8.057706
tcr_20_4,C,A,S,Y,8,147,O,CD1,8.94802
tcr_20_4,C,A,S,Y,8,108,O,CD2,8.871826
tcr_20_4,C,A,S,Y,8,108,O,CE2,7.674811
tcr_20_4,C,A,S,I,8,166,O,CB,9.729377
tcr_20_4,C,A,S,T,8,167,O,OG1,6.004987
tcr_20_4,C,A,S,I,8,166,O,C,8.202458
tcr_20_4,C,A,S,I,8,166,O,CA,9.601576
tcr_20_4,C,A,S,T,8,167,O,CB,6.036677
tcr_20_4,C,A,S,T,8,167,O,N,7.51235
tcr_20_4,C,A,S,I,8,148,O,CG1,9.68489
tcr_20_4,C,A,S,I,8,148,O,CB,9.531435
tcr_20_4,C,A,S,F,8,140,O,CE2,8.170169
tcr_20_4,C,A,S,I,8,148,O,CG2,8.401049
tcr_20_4,C,A,S,W,8,157,O,CE3,9.769386
tcr_20_4,C,A,S,F,8,140,O,CD2,8.743554
tcr_20_4,C,A,S,W,8,157,O,CZ3,9.365056
tcr_20_4,C,A,S,W,8,157,O,CD2,9.745661
tcr_20_4,C,A,S,I,8,148,O,CD1,8.671252
tcr_20_4,C,A,S,Q,8,168,O,N,7.9189386
tcr_20_4,C,A,S,A,8,164,O,O,9.410751
tcr_20_4,C,A,S,Q,8,168,O,CA,8.729685
tcr_20_4,C,A,S,L,8,102,O,N,9.73143
tcr_20_4,C,A,S,V,8,100,O,CA,9.548709
tcr_20_4,C,A,S,V,8,100,O,CB,8.932626
tcr_20_4,C,A,S,V,8,100,O,CG1,8.547234
tcr_20_4,C,A,S,V,8,100,O,C,8.682004
tcr_20_4,C,A,S,V,8,100,O,O,8.90925
tcr_20_4,C,A,S,K,8,104,O,N,9.979333
tcr_20_4,C,A,S,K,8,104,O,CA,9.389316
tcr_20_4,C,A,S,N,8,101,O,ND2,6.0041146
tcr_20_4,C,A,S,F,8,140,O,CE1,7.995165
tcr_20_4,C,A,S,D,8,98,O,CA,9.676651
tcr_20_4,C,A,S,D,8,98,O,OD1,8.803453
tcr_20_4,C,A,S,Q,8,94,O,CD,9.33965
tcr_20_4,C,A,S,Q,8,94,O,NE2,8.464225
tcr_20_4,C,A,S,D,8,98,O,N,9.436218
tcr_20_4,C,A,S,A,8,97,O,O,8.124753
tcr_20_4,C,A,S,Q,8,94,O,OE1,9.091658
tcr_20_4,C,A,S,A,8,97,O,C,8.67546
tcr_20_4,C,A,S,A,8,97,O,CB,8.182579
tcr_20_4,C,A,S,A,8,97,O,CA,8.895465
tcr_20_4,C,A,S,N,8,101,O,CA,7.391785
tcr_20_4,C,A,S,N,8,101,O,CG,5.7634487
tcr_20_4,C,A,S,N,8,101,O,OD1,4.8282595
tcr_20_4,C,A,S,N,8,101,O,N,7.9965453
tcr_20_4,C,A,S,N,8,101,O,CB,6.976576
tcr_20_4,C,A,S,K,8,104,O,CD,6.2657914
tcr_20_4,C,A,S,T,8,167,O,CG2,4.9963927
tcr_20_4,C,A,S,K,8,104,O,NZ,5.153135
tcr_20_4,C,A,S,N,8,101,O,C,8.551406
tcr_20_4,C,A,S,N,8,101,O,O,8.549812
tcr_20_4,C,A,S,K,8,104,O,CB,7.891343
tcr_20_4,C,A,S,K,8,104,O,CE,6.3746037
tcr_20_4,C,A,S,K,8,104,O,CG,7.7163386
tcr_20_4,C,A,S,T,8,167,O,CA,6.276027
tcr_20_4,C,A,S,Y,8,108,O,CZ,7.8829885
tcr_20_4,C,A,S,Y,8,108,O,OH,6.9632134
tcr_20_4,C,A,S,K,8,170,O,CD,5.7064404
tcr_20_4,C,A,S,K,8,170,O,CE,6.752337
tcr_20_4,C,A,S,I,8,166,O,CG2,9.250322
tcr_20_4,C,A,S,Y,8,108,O,CE1,9.234129
tcr_20_4,C,A,S,I,8,166,O,O,7.9743986
tcr_20_4,C,A,S,K,8,170,O,NZ,6.344952
tcr_20_4,C,A,S,K,8,170,O,CG,6.546923
tcr_20_4,C,A,S,E,8,176,O,CG,6.4670973
tcr_20_4,C,A,S,W,8,171,O,CH2,5.3207803
tcr_20_4,C,A,S,W,8,171,O,CD2,4.8756804
tcr_20_4,C,A,S,W,8,171,O,CE2,3.6318562
tcr_20_4,C,A,S,W,8,171,O,CE3,6.0559335
tcr_20_4,C,A,S,W,8,171,O,CZ2,3.9359457
tcr_20_4,C,A,S,W,8,171,O,CZ3,6.2245507
tcr_20_4,C,A,S,F,8,140,O,CZ,7.7695084
tcr_20_4,C,A,S,N,8,138,O,ND2,9.742323
tcr_20_4,C,A,S,R,8,180,O,CD,9.591937
tcr_20_4,C,A,S,W,8,157,O,CH2,8.920223
tcr_20_4,C,A,S,W,8,157,O,CZ2,8.874997
tcr_20_4,C,A,S,R,8,180,O,CG,9.831356
tcr_20_4,C,A,S,W,8,157,O,CE2,9.293244
tcr_20_4,C,A,S,W,8,157,O,NE1,9.666337
tcr_20_4,C,A,S,E,8,176,O,CB,7.1684484
tcr_20_4,C,A,S,Q,8,179,O,OE1,9.669104
tcr_20_4,C,A,S,R,8,180,O,NE,8.266084
tcr_20_4,C,A,S,E,8,176,O,OE2,6.3837533
tcr_20_4,C,A,S,R,8,180,O,CZ,8.060452
tcr_20_4,C,A,S,E,8,176,O,CD,6.2378
tcr_20_4,C,A,S,R,8,180,O,NH1,9.04727
tcr_20_4,C,A,S,E,8,176,O,OE1,6.3199916
tcr_20_4,C,A,S,R,8,180,O,NH2,7.04182
tcr_20_4,C,A,S,E,8,176,O,CA,8.524178
tcr_20_4,C,A,S,E,8,176,O,C,9.501328
tcr_20_4,C,A,S,E,8,176,O,O,9.851649
tcr_20_4,C,A,S,Q,8,168,O,O,8.900039
tcr_20_4,C,A,S,W,8,171,O,N,6.5074162
tcr_20_4,C,A,S,T,8,167,O,C,6.691234
tcr_20_4,C,A,S,W,8,171,O,CD1,3.791185
tcr_20_4,C,A,S,W,8,171,O,CB,6.3285832
tcr_20_4,C,A,S,W,8,171,O,CG,4.944368
tcr_20_4,C,A,S,E,8,172,O,N,9.048211
tcr_20_4,C,A,S,W,8,171,O,NE1,2.7556887
tcr_20_4,C,A,S,T,8,167,O,O,6.1666913
tcr_20_4,C,A,S,Q,8,168,O,C,8.970826
tcr_20_4,C,A,S,K,8,170,O,N,7.8676634
tcr_20_4,C,A,S,R,8,169,O,C,9.067854
tcr_20_4,C,A,S,R,8,169,O,O,9.586824
tcr_20_4,C,A,S,R,8,169,O,N,9.458191
tcr_20_4,C,A,S,R,8,169,O,CA,9.995867
tcr_20_4,C,A,S,K,8,170,O,C,6.771204
tcr_20_4,C,A,S,K,8,170,O,CB,5.8569345
tcr_20_4,C,A,S,K,8,170,O,CA,7.0215454
tcr_20_4,C,A,S,W,8,171,O,C,8.140532
tcr_20_4,C,A,S,A,8,174,O,CB,7.733761
tcr_20_4,C,A,S,K,8,170,O,O,7.1826234
tcr_20_4,C,A,S,A,8,174,O,CA,9.177
tcr_20_4,C,A,S,W,8,171,O,CA,6.652655
tcr_20_4,C,A,S,W,8,171,O,O,8.578175
tcr_20_4,C,A,S,A,8,174,O,N,9.389084
tcr_20_4,C,A,S,A,8,174,O,O,9.976095
tcr_20_4,C,A,S,A,8,174,O,C,9.820459
tcr_20_4,C,A,S,E,8,176,O,N,9.203189
tcr_20_4,C,A,S,F,8,140,CB,CD1,9.8681135
tcr_20_4,C,A,S,L,8,119,CB,CD2,9.245354
tcr_20_4,C,A,S,L,8,105,CB,CG,9.973605
tcr_20_4,C,A,S,Y,8,108,CB,CE2,9.226512
tcr_20_4,C,A,S,T,8,167,CB,OG1,8.530767
tcr_20_4,C,A,S,T,8,167,CB,CB,8.849277
tcr_20_4,C,A,S,F,8,140,CB,CE2,9.93364
tcr_20_4,C,A,S,Q,8,96,CB,C,8.703852
tcr_20_4,C,A,S,V,8,100,CB,N,8.247159
tcr_20_4,C,A,S,R,8,99,CB,C,9.455823
tcr_20_4,C,A,S,D,8,98,CB,C,8.858166
tcr_20_4,C,A,S,Q,8,96,CB,O,8.583135
tcr_20_4,C,A,S,D,8,98,CB,O,9.08874
tcr_20_4,C,A,S,R,8,99,CB,N,9.387841
tcr_20_4,C,A,S,L,8,102,CB,N,9.039112
tcr_20_4,C,A,S,V,8,100,CB,CG2,7.6223664
tcr_20_4,C,A,S,V,8,100,CB,CA,7.6397524
tcr_20_4,C,A,S,V,8,100,CB,CB,6.7085953
tcr_20_4,C,A,S,V,8,100,CB,CG1,6.4950457
tcr_20_4,C,A,S,V,8,100,CB,C,7.1976905
tcr_20_4,C,A,S,V,8,100,CB,O,7.716464
tcr_20_4,C,A,S,K,8,104,CB,N,9.576168
tcr_20_4,C,A,S,K,8,104,CB,CA,9.354601
tcr_20_4,C,A,S,Q,8,94,CB,C,9.652504
tcr_20_4,C,A,S,Q,8,94,CB,CA,9.387372
tcr_20_4,C,A,S,Q,8,94,CB,CG,9.542605
tcr_20_4,C,A,S,R,8,93,CB,C,9.8226
tcr_20_4,C,A,S,N,8,101,CB,ND2,4.993905
tcr_20_4,C,A,S,F,8,140,CB,CE1,9.1171255
tcr_20_4,C,A,S,D,8,98,CB,CB,9.247458
tcr_20_4,C,A,S,D,8,98,CB,CG,8.937697
tcr_20_4,C,A,S,D,8,98,CB,CA,8.125861
tcr_20_4,C,A,S,D,8,98,CB,OD1,7.806993
tcr_20_4,C,A,S,D,8,98,CB,OD2,9.998983
tcr_20_4,C,A,S,Q,8,94,CB,CD,8.123116
tcr_20_4,C,A,S,Q,8,94,CB,NE2,7.2431436
tcr_20_4,C,A,S,D,8,98,CB,N,7.52126
tcr_20_4,C,A,S,A,8,97,CB,O,6.0384116
tcr_20_4,C,A,S,Q,8,94,CB,OE1,7.95191
tcr_20_4,C,A,S,Q,8,94,CB,O,8.845258
tcr_20_4,C,A,S,A,8,97,CB,C,6.5090065
tcr_20_4,C,A,S,A,8,97,CB,CB,5.7428656
tcr_20_4,C,A,S,R,8,93,CB,O,8.922671
tcr_20_4,C,A,S,A,8,97,CB,N,7.782067
tcr_20_4,C,A,S,A,8,97,CB,CA,6.3876395
tcr_20_4,C,A,S,N,8,101,CB,CA,6.594303
tcr_20_4,C,A,S,N,8,101,CB,CG,4.876879
tcr_20_4,C,A,S,N,8,101,CB,OD1,3.917187
tcr_20_4,C,A,S,N,8,101,CB,N,6.636316
tcr_20_4,C,A,S,N,8,101,CB,CB,6.2878237
tcr_20_4,C,A,S,K,8,104,CB,CD,5.8645144
tcr_20_4,C,A,S,T,8,167,CB,CG2,7.905941
tcr_20_4,C,A,S,K,8,104,CB,NZ,4.143291
tcr_20_4,C,A,S,N,8,101,CB,C,8.043649
tcr_20_4,C,A,S,N,8,101,CB,O,8.401148
tcr_20_4,C,A,S,K,8,104,CB,CB,7.901661
tcr_20_4,C,A,S,K,8,104,CB,CE,5.4763494
tcr_20_4,C,A,S,K,8,104,CB,CG,7.3060803
tcr_20_4,C,A,S,T,8,167,CB,CA,9.111742
tcr_20_4,C,A,S,Y,8,108,CB,CZ,9.218653
tcr_20_4,C,A,S,Y,8,108,CB,OH,8.224444
tcr_20_4,C,A,S,K,8,170,CB,CD,7.4842362
tcr_20_4,C,A,S,K,8,170,CB,CE,8.117147
tcr_20_4,C,A,S,K,8,170,CB,NZ,7.289947
tcr_20_4,C,A,S,K,8,170,CB,CG,8.559031
tcr_20_4,C,A,S,E,8,176,CB,CG,8.320178
tcr_20_4,C,A,S,W,8,171,CB,CH2,7.7454014
tcr_20_4,C,A,S,W,8,171,CB,CD2,7.719816
tcr_20_4,C,A,S,W,8,171,CB,CE2,6.4278927
tcr_20_4,C,A,S,W,8,171,CB,CE3,8.837586
tcr_20_4,C,A,S,W,8,171,CB,CZ2,6.441682
tcr_20_4,C,A,S,W,8,171,CB,CZ3,8.833913
tcr_20_4,C,A,S,F,8,140,CB,CZ,9.150323
tcr_20_4,C,A,S,E,8,176,CB,CB,9.151913
tcr_20_4,C,A,S,Q,8,179,CB,OE1,9.895728
tcr_20_4,C,A,S,R,8,180,CB,NE,9.170779
tcr_20_4,C,A,S,E,8,176,CB,OE2,7.4751353
tcr_20_4,C,A,S,R,8,180,CB,CZ,8.533694
tcr_20_4,C,A,S,E,8,176,CB,CD,7.559635
tcr_20_4,C,A,S,R,8,180,CB,NH1,9.241554
tcr_20_4,C,A,S,E,8,176,CB,OE1,7.365462
tcr_20_4,C,A,S,R,8,180,CB,NH2,7.316377
tcr_20_4,C,A,S,W,8,171,CB,N,9.159725
tcr_20_4,C,A,S,T,8,167,CB,C,9.670011
tcr_20_4,C,A,S,W,8,171,CB,CD1,6.5688634
tcr_20_4,C,A,S,W,8,171,CB,CB,9.106796
tcr_20_4,C,A,S,W,8,171,CB,CG,7.7786374
tcr_20_4,C,A,S,W,8,171,CB,NE1,5.623859
tcr_20_4,C,A,S,T,8,167,CB,O,9.13955
tcr_20_4,C,A,S,K,8,170,CB,C,9.178795
tcr_20_4,C,A,S,K,8,170,CB,CB,8.162541
tcr_20_4,C,A,S,K,8,170,CB,CA,9.393539
tcr_20_4,C,A,S,A,8,174,CB,CB,9.108559
tcr_20_4,C,A,S,K,8,170,CB,O,9.317396
tcr_20_4,C,A,S,W,8,171,CB,CA,9.247502
tcr_20_4,C,A,S,L,8,119,OG,CD2,9.375751
tcr_20_4,C,A,S,L,8,102,OG,CA,9.801988
tcr_20_4,C,A,S,K,8,104,OG,C,9.15441
tcr_20_4,C,A,S,L,8,105,OG,CG,9.49171
tcr_20_4,C,A,S,L,8,105,OG,CD1,9.741764
tcr_20_4,C,A,S,L,8,105,OG,N,9.260343
tcr_20_4,C,A,S,K,8,104,OG,O,9.978204
tcr_20_4,C,A,S,Y,8,108,OG,CD2,9.667097
tcr_20_4,C,A,S,Y,8,108,OG,CE2,8.45538
tcr_20_4,C,A,S,T,8,167,OG,OG1,8.325476
tcr_20_4,C,A,S,T,8,167,OG,CB,8.823113
tcr_20_4,C,A,S,T,8,167,OG,N,9.957462
tcr_20_4,C,A,S,R,8,99,OG,O,9.379938
tcr_20_4,C,A,S,Q,8,96,OG,C,8.659038
tcr_20_4,C,A,S,V,8,100,OG,N,7.564883
tcr_20_4,C,A,S,R,8,99,OG,CA,9.666026
tcr_20_4,C,A,S,R,8,99,OG,C,8.79121
tcr_20_4,C,A,S,D,8,98,OG,C,8.609878
tcr_20_4,C,A,S,Q,8,96,OG,O,8.341546
tcr_20_4,C,A,S,D,8,98,OG,O,8.729104
tcr_20_4,C,A,S,R,8,99,OG,N,9.081004
tcr_20_4,C,A,S,L,8,102,OG,N,8.436147
tcr_20_4,C,A,S,V,8,100,OG,CG2,6.7820497
tcr_20_4,C,A,S,V,8,100,OG,CA,6.7584834
tcr_20_4,C,A,S,V,8,100,OG,CB,5.7964807
tcr_20_4,C,A,S,V,8,100,OG,CG1,5.3507795
tcr_20_4,C,A,S,V,8,100,OG,C,6.305406
tcr_20_4,C,A,S,V,8,100,OG,O,6.6952505
tcr_20_4,C,A,S,K,8,104,OG,N,8.479417
tcr_20_4,C,A,S,K,8,104,OG,CA,8.237541
tcr_20_4,C,A,S,R,8,103,OG,N,9.704962
tcr_20_4,C,A,S,R,8,103,OG,C,9.727169
tcr_20_4,C,A,S,N,8,101,OG,ND2,5.239475
tcr_20_4,C,A,S,F,8,140,OG,CE1,9.979983
tcr_20_4,C,A,S,D,8,98,OG,CB,9.375131
tcr_20_4,C,A,S,D,8,98,OG,CG,9.265341
tcr_20_4,C,A,S,D,8,98,OG,CA,8.109571
tcr_20_4,C,A,S,D,8,98,OG,OD1,8.207212
tcr_20_4,C,A,S,Q,8,94,OG,CD,9.040558
tcr_20_4,C,A,S,Q,8,94,OG,NE2,8.053781
tcr_20_4,C,A,S,D,8,98,OG,N,7.593793
tcr_20_4,C,A,S,A,8,97,OG,O,5.7950063
tcr_20_4,C,A,S,Q,8,94,OG,OE1,9.009129
tcr_20_4,C,A,S,Q,8,94,OG,O,9.295265
tcr_20_4,C,A,S,A,8,97,OG,C,6.4921365
tcr_20_4,C,A,S,A,8,97,OG,CB,6.178014
tcr_20_4,C,A,S,R,8,93,OG,O,9.43222
tcr_20_4,C,A,S,A,8,97,OG,N,7.9113116
tcr_20_4,C,A,S,A,8,97,OG,CA,6.500414
tcr_20_4,C,A,S,N,8,101,OG,CA,5.9882507
tcr_20_4,C,A,S,N,8,101,OG,CG,4.785373
tcr_20_4,C,A,S,N,8,101,OG,OD1,3.6673186
tcr_20_4,C,A,S,N,8,101,OG,N,5.9498606
tcr_20_4,C,A,S,N,8,101,OG,CB,6.01021
tcr_20_4,C,A,S,K,8,104,OG,CD,4.6108437
tcr_20_4,C,A,S,T,8,167,OG,CG2,8.0899515
tcr_20_4,C,A,S,K,8,104,OG,NZ,2.7684383
tcr_20_4,C,A,S,N,8,101,OG,C,7.3952107
tcr_20_4,C,A,S,N,8,101,OG,O,7.679542
tcr_20_4,C,A,S,K,8,104,OG,CB,6.792907
tcr_20_4,C,A,S,K,8,104,OG,CE,4.092116
tcr_20_4,C,A,S,K,8,104,OG,CG,6.048998
tcr_20_4,C,A,S,T,8,167,OG,CA,9.01689
tcr_20_4,C,A,S,Y,8,108,OG,CZ,8.306508
tcr_20_4,C,A,S,Y,8,108,OG,OH,7.2895584
tcr_20_4,C,A,S,K,8,170,OG,CD,6.9588757
tcr_20_4,C,A,S,K,8,170,OG,CE,7.3534927
tcr_20_4,C,A,S,Y,8,108,OG,CE1,9.41341
tcr_20_4,C,A,S,K,8,170,OG,NZ,6.3498745
tcr_20_4,C,A,S,K,8,170,OG,CG,8.192397
tcr_20_4,C,A,S,E,8,176,OG,CG,9.438655
tcr_20_4,C,A,S,W,8,171,OG,CH2,8.541715
tcr_20_4,C,A,S,W,8,171,OG,CD2,8.452885
tcr_20_4,C,A,S,W,8,171,OG,CE2,7.175565
tcr_20_4,C,A,S,W,8,171,OG,CE3,9.603755
tcr_20_4,C,A,S,W,8,171,OG,CZ2,7.2260985
tcr_20_4,C,A,S,W,8,171,OG,CZ3,9.627125
tcr_20_4,C,A,S,E,8,176,OG,OE2,8.639225
tcr_20_4,C,A,S,R,8,180,OG,CZ,9.922837
tcr_20_4,C,A,S,E,8,176,OG,CD,8.771738
tcr_20_4,C,A,S,E,8,176,OG,OE1,8.66666
tcr_20_4,C,A,S,R,8,180,OG,NH2,8.714475
tcr_20_4,C,A,S,W,8,171,OG,N,9.509956
tcr_20_4,C,A,S,T,8,167,OG,C,9.748298
tcr_20_4,C,A,S,W,8,171,OG,CD1,7.1906514
tcr_20_4,C,A,S,W,8,171,OG,CB,9.743397
tcr_20_4,C,A,S,W,8,171,OG,CG,8.44357
tcr_20_4,C,A,S,W,8,171,OG,NE1,6.3089743
tcr_20_4,C,A,S,T,8,167,OG,O,9.305983
tcr_20_4,C,A,S,K,8,170,OG,C,9.4085865
tcr_20_4,C,A,S,K,8,170,OG,CB,8.050343
tcr_20_4,C,A,S,K,8,170,OG,CA,9.398594
tcr_20_4,C,A,S,A,8,174,OG,CB,9.703647
tcr_20_4,C,A,S,K,8,170,OG,O,9.601097
tcr_20_4,C,A,S,W,8,171,OG,CA,9.801872
tcr_20_4,C,A,F,L,9,119,N,CB,9.752314
tcr_20_4,C,A,F,L,9,119,N,CG,8.648597
tcr_20_4,C,A,F,F,9,140,N,CD1,8.025979
tcr_20_4,C,A,F,L,9,119,N,CD1,8.280423
tcr_20_4,C,A,F,F,9,140,N,CG,8.486203
tcr_20_4,C,A,F,F,9,140,N,CB,9.147113
tcr_20_4,C,A,F,L,9,119,N,CD2,7.5159373
tcr_20_4,C,A,F,L,9,102,N,O,9.7471895
tcr_20_4,C,A,F,L,9,102,N,C,9.20977
tcr_20_4,C,A,F,L,9,102,N,CA,8.742057
tcr_20_4,C,A,F,L,9,102,N,CB,9.931063
tcr_20_4,C,A,F,K,9,104,N,C,7.76986
tcr_20_4,C,A,F,L,9,105,N,C,9.805017
tcr_20_4,C,A,F,L,9,105,N,CG,7.0288987
tcr_20_4,C,A,F,L,9,105,N,CD1,7.2916365
tcr_20_4,C,A,F,L,9,105,N,N,7.591004
tcr_20_4,C,A,F,L,9,105,N,CA,8.3211565
tcr_20_4,C,A,F,L,9,105,N,CB,8.2433405
tcr_20_4,C,A,F,L,9,105,N,CD2,7.225916
tcr_20_4,C,A,F,Y,9,147,N,CE2,8.747297
tcr_20_4,C,A,F,Y,9,147,N,CD2,9.500368
tcr_20_4,C,A,F,Y,9,147,N,OH,6.962986
tcr_20_4,C,A,F,Y,9,147,N,CZ,7.4903674
tcr_20_4,C,A,F,Y,9,147,N,CE1,7.0308933
tcr_20_4,C,A,F,Y,9,147,N,CG,9.152392
tcr_20_4,C,A,F,Y,9,147,N,CD1,7.954112
tcr_20_4,C,A,F,K,9,104,N,O,8.533023
tcr_20_4,C,A,F,Y,9,108,N,CD2,7.3874407
tcr_20_4,C,A,F,Y,9,108,N,CE2,6.3033347
tcr_20_4,C,A,F,Y,9,108,N,CB,9.82088
tcr_20_4,C,A,F,Y,9,108,N,CD1,8.856084
tcr_20_4,C,A,F,Y,9,108,N,CG,8.608842
tcr_20_4,C,A,F,A,9,163,N,O,9.367004
tcr_20_4,C,A,F,I,9,166,N,CB,9.301384
tcr_20_4,C,A,F,T,9,167,N,OG1,5.3466706
tcr_20_4,C,A,F,I,9,166,N,C,8.276108
tcr_20_4,C,A,F,I,9,166,N,CA,9.483476
tcr_20_4,C,A,F,T,9,167,N,CB,5.8720164
tcr_20_4,C,A,F,A,9,164,N,CA,9.800969
tcr_20_4,C,A,F,T,9,167,N,N,7.4480786
tcr_20_4,C,A,F,I,9,148,N,CG1,9.93338
tcr_20_4,C,A,F,I,9,148,N,CB,9.449203
tcr_20_4,C,A,F,F,9,140,N,CE2,8.336009
tcr_20_4,C,A,F,I,9,148,N,CG2,8.29269
tcr_20_4,C,A,F,F,9,140,N,CD2,8.6349125
tcr_20_4,C,A,F,I,9,148,N,CD1,9.084034
tcr_20_4,C,A,F,Q,9,168,N,N,8.451937
tcr_20_4,C,A,F,A,9,164,N,O,9.315444
tcr_20_4,C,A,F,Q,9,168,N,CA,9.522226
tcr_20_4,C,A,F,R,9,99,N,O,9.886179
tcr_20_4,C,A,F,V,9,100,N,N,8.510115
tcr_20_4,C,A,F,R,9,99,N,C,9.463979
tcr_20_4,C,A,F,D,9,98,N,C,8.692755
tcr_20_4,C,A,F,Q,9,96,N,O,9.928192
tcr_20_4,C,A,F,D,9,98,N,O,8.493393
tcr_20_4,C,A,F,R,9,99,N,N,9.580423
tcr_20_4,C,A,F,L,9,102,N,N,7.5452867
tcr_20_4,C,A,F,V,9,100,N,CG2,8.79368
tcr_20_4,C,A,F,V,9,100,N,CA,7.7993174
tcr_20_4,C,A,F,V,9,100,N,CB,7.449497
tcr_20_4,C,A,F,V,9,100,N,CG1,7.131865
tcr_20_4,C,A,F,V,9,100,N,C,6.746872
tcr_20_4,C,A,F,V,9,100,N,O,6.901608
tcr_20_4,C,A,F,K,9,104,N,N,7.8853865
tcr_20_4,C,A,F,K,9,104,N,CA,7.3843403
tcr_20_4,C,A,F,R,9,103,N,N,9.222669
tcr_20_4,C,A,F,R,9,103,N,O,9.989304
tcr_20_4,C,A,F,R,9,103,N,C,9.182439
tcr_20_4,C,A,F,R,9,103,N,CA,9.844587
tcr_20_4,C,A,F,N,9,101,N,ND2,4.5747457
tcr_20_4,C,A,F,F,9,140,N,CE1,7.6924396
tcr_20_4,C,A,F,D,9,98,N,CB,9.085088
tcr_20_4,C,A,F,D,9,98,N,CG,8.669336
tcr_20_4,C,A,F,D,9,98,N,CA,8.089486
tcr_20_4,C,A,F,D,9,98,N,OD1,7.5283194
tcr_20_4,C,A,F,D,9,98,N,OD2,9.638605
tcr_20_4,C,A,F,Q,9,94,N,CD,8.981868
tcr_20_4,C,A,F,Q,9,94,N,NE2,7.8910513
tcr_20_4,C,A,F,D,9,98,N,N,8.090382
tcr_20_4,C,A,F,A,9,97,N,O,6.6701665
tcr_20_4,C,A,F,Q,9,94,N,OE1,9.033374
tcr_20_4,C,A,F,Q,9,94,N,O,9.827321
tcr_20_4,C,A,F,A,9,97,N,C,7.4025364
tcr_20_4,C,A,F,A,9,97,N,CB,7.556934
tcr_20_4,C,A,F,A,9,97,N,N,9.407835
tcr_20_4,C,A,F,A,9,97,N,CA,7.958145
tcr_20_4,C,A,F,N,9,101,N,CA,5.2585735
tcr_20_4,C,A,F,N,9,101,N,CG,3.9737525
tcr_20_4,C,A,F,N,9,101,N,OD1,3.007777
tcr_20_4,C,A,F,N,9,101,N,N,6.023709
tcr_20_4,C,A,F,N,9,101,N,CB,4.961009
tcr_20_4,C,A,F,K,9,104,N,CD,4.6527877
tcr_20_4,C,A,F,T,9,167,N,CG2,5.084323
tcr_20_4,C,A,F,K,9,104,N,NZ,4.300941
tcr_20_4,C,A,F,N,9,101,N,C,6.3348637
tcr_20_4,C,A,F,N,9,101,N,O,6.3018713
tcr_20_4,C,A,F,K,9,104,N,CB,5.9362574
tcr_20_4,C,A,F,K,9,104,N,CE,5.161803
tcr_20_4,C,A,F,K,9,104,N,CG,5.9606423
tcr_20_4,C,A,F,T,9,167,N,CA,6.4331284
tcr_20_4,C,A,F,Y,9,108,N,CZ,6.6487265
tcr_20_4,C,A,F,Y,9,108,N,OH,5.946503
tcr_20_4,C,A,F,K,9,170,N,CD,6.1982884
tcr_20_4,C,A,F,K,9,170,N,CE,6.893596
tcr_20_4,C,A,F,I,9,166,N,CG2,8.879262
tcr_20_4,C,A,F,Y,9,108,N,CE1,7.977184
tcr_20_4,C,A,F,I,9,166,N,O,8.339039
tcr_20_4,C,A,F,K,9,170,N,NZ,6.131651
tcr_20_4,C,A,F,K,9,170,N,CG,7.356566
tcr_20_4,C,A,F,E,9,176,N,CG,8.421208
tcr_20_4,C,A,F,W,9,171,N,CH2,5.8838687
tcr_20_4,C,A,F,W,9,171,N,CD2,6.2371936
tcr_20_4,C,A,F,W,9,171,N,CE2,4.9197707
tcr_20_4,C,A,F,W,9,171,N,CE3,7.1677313
tcr_20_4,C,A,F,W,9,171,N,CZ2,4.700603
tcr_20_4,C,A,F,W,9,171,N,CZ3,7.002096
tcr_20_4,C,A,F,F,9,140,N,CZ,7.853177
tcr_20_4,C,A,F,E,9,176,N,CB,9.2260895
tcr_20_4,C,A,F,R,9,180,N,NE,9.725615
tcr_20_4,C,A,F,E,9,176,N,OE2,8.517291
tcr_20_4,C,A,F,R,9,180,N,CZ,9.417223
tcr_20_4,C,A,F,E,9,176,N,CD,8.248839
tcr_20_4,C,A,F,E,9,176,N,OE1,8.150602
tcr_20_4,C,A,F,R,9,180,N,NH2,8.450205
tcr_20_4,C,A,F,W,9,171,N,N,8.155954
tcr_20_4,C,A,F,T,9,167,N,C,7.2764263
tcr_20_4,C,A,F,W,9,171,N,CD1,5.6252356
tcr_20_4,C,A,F,W,9,171,N,CB,8.019621
tcr_20_4,C,A,F,W,9,171,N,CG,6.5993056
tcr_20_4,C,A,F,W,9,171,N,NE1,4.4750257
tcr_20_4,C,A,F,T,9,167,N,O,7.1130786
tcr_20_4,C,A,F,Q,9,168,N,C,9.98199
tcr_20_4,C,A,F,K,9,170,N,N,9.0187845
tcr_20_4,C,A,F,K,9,170,N,C,8.429319
tcr_20_4,C,A,F,K,9,170,N,CB,7.027129
tcr_20_4,C,A,F,K,9,170,N,CA,8.374191
tcr_20_4,C,A,F,A,9,174,N,CB,9.90047
tcr_20_4,C,A,F,K,9,170,N,O,9.006116
tcr_20_4,C,A,F,W,9,171,N,CA,8.489259
tcr_20_4,C,A,F,L,9,119,CA,CB,9.970304
tcr_20_4,C,A,F,L,9,119,CA,CG,8.917806
tcr_20_4,C,A,F,F,9,140,CA,CD1,8.211887
tcr_20_4,C,A,F,L,9,119,CA,CD1,8.328831
tcr_20_4,C,A,F,F,9,140,CA,CG,8.451229
tcr_20_4,C,A,F,F,9,140,CA,CB,8.937219
tcr_20_4,C,A,F,L,9,119,CA,CD2,7.939341
tcr_20_4,C,A,F,L,9,102,CA,O,9.614388
tcr_20_4,C,A,F,L,9,102,CA,C,9.252266
tcr_20_4,C,A,F,L,9,102,CA,CA,8.908917
tcr_20_4,C,A,F,L,9,105,CA,O,9.667321
tcr_20_4,C,A,F,R,9,106,CA,N,9.85125
tcr_20_4,C,A,F,K,9,104,CA,C,7.1721854
tcr_20_4,C,A,F,L,9,105,CA,C,9.107074
tcr_20_4,C,A,F,Y,9,108,CA,N,9.895584
tcr_20_4,C,A,F,L,9,105,CA,CG,6.4702353
tcr_20_4,C,A,F,L,9,105,CA,CD1,6.960666
tcr_20_4,C,A,F,L,9,105,CA,N,7.041267
tcr_20_4,C,A,F,L,9,105,CA,CA,7.6355023
tcr_20_4,C,A,F,L,9,105,CA,CB,7.6841593
tcr_20_4,C,A,F,L,9,105,CA,CD2,6.423406
tcr_20_4,C,A,F,Y,9,147,CA,CE2,7.6287694
tcr_20_4,C,A,F,Y,9,147,CA,CD2,8.4962435
tcr_20_4,C,A,F,Y,9,147,CA,OH,5.676218
tcr_20_4,C,A,F,Y,9,147,CA,CB,9.499839
tcr_20_4,C,A,F,Y,9,147,CA,CZ,6.3324356
tcr_20_4,C,A,F,Y,9,147,CA,CE1,5.9993157
tcr_20_4,C,A,F,Y,9,147,CA,CG,8.260551
tcr_20_4,C,A,F,A,9,164,CA,CB,9.314659
tcr_20_4,C,A,F,I,9,148,CA,N,9.883805
tcr_20_4,C,A,F,Y,9,147,CA,CD1,7.074868
tcr_20_4,C,A,F,A,9,163,CA,CA,9.893868
tcr_20_4,C,A,F,A,9,163,CA,CB,9.992294
tcr_20_4,C,A,F,A,9,164,CA,N,9.08056
tcr_20_4,C,A,F,A,9,163,CA,C,8.786792
tcr_20_4,C,A,F,K,9,104,CA,O,7.7808847
tcr_20_4,C,A,F,Y,9,108,CA,CD2,6.1575394
tcr_20_4,C,A,F,Y,9,108,CA,CE2,5.0570765
tcr_20_4,C,A,F,I,9,166,CA,CG1,9.302276
tcr_20_4,C,A,F,Y,9,108,CA,CB,8.645714
tcr_20_4,C,A,F,Y,9,108,CA,CD1,7.7196035
tcr_20_4,C,A,F,Y,9,108,CA,CA,9.925676
tcr_20_4,C,A,F,Y,9,108,CA,CG,7.422997
tcr_20_4,C,A,F,I,9,166,CA,CD1,9.521476
tcr_20_4,C,A,F,A,9,163,CA,O,7.9278107
tcr_20_4,C,A,F,I,9,166,CA,CB,7.8889146
tcr_20_4,C,A,F,T,9,167,CA,OG1,3.9364483
tcr_20_4,C,A,F,I,9,166,CA,C,6.9091973
tcr_20_4,C,A,F,I,9,166,CA,CA,8.075664
tcr_20_4,C,A,F,T,9,167,CA,CB,4.558941
tcr_20_4,C,A,F,I,9,166,CA,N,8.721774
tcr_20_4,C,A,F,Q,9,165,CA,N,9.73888
tcr_20_4,C,A,F,A,9,164,CA,C,8.665979
tcr_20_4,C,A,F,A,9,164,CA,CA,8.4625435
tcr_20_4,C,A,F,T,9,167,CA,N,6.0497527
tcr_20_4,C,A,F,I,9,148,CA,CA,9.925335
tcr_20_4,C,A,F,I,9,148,CA,CG1,9.085068
tcr_20_4,C,A,F,I,9,148,CA,CB,8.615104
tcr_20_4,C,A,F,F,9,140,CA,CE2,8.439806
tcr_20_4,C,A,F,I,9,148,CA,CG2,7.6168704
tcr_20_4,C,A,F,F,9,140,CA,CD2,8.564763
tcr_20_4,C,A,F,I,9,148,CA,CD1,8.168747
tcr_20_4,C,A,F,Q,9,168,CA,N,7.2609057
tcr_20_4,C,A,F,A,9,164,CA,O,7.985368
tcr_20_4,C,A,F,Q,9,168,CA,CA,8.432195
tcr_20_4,C,A,F,Q,9,168,CA,CB,9.62646
tcr_20_4,C,A,F,Q,9,165,CA,C,9.443038
tcr_20_4,C,A,F,Q,9,165,CA,O,9.7246275
tcr_20_4,C,A,F,V,9,100,CA,N,9.381553
tcr_20_4,C,A,F,D,9,98,CA,C,9.595575
tcr_20_4,C,A,F,D,9,98,CA,O,9.236733
tcr_20_4,C,A,F,L,9,102,CA,N,7.873831
tcr_20_4,C,A,F,V,9,100,CA,CG2,9.764205
tcr_20_4,C,A,F,V,9,100,CA,CA,8.573607
tcr_20_4,C,A,F,V,9,100,CA,CB,8.353104
tcr_20_4,C,A,F,V,9,100,CA,CG1,7.885744
tcr_20_4,C,A,F,V,9,100,CA,C,7.378486
tcr_20_4,C,A,F,V,9,100,CA,O,7.306339
tcr_20_4,C,A,F,K,9,104,CA,N,7.7291484
tcr_20_4,C,A,F,K,9,104,CA,CA,6.996505
tcr_20_4,C,A,F,R,9,103,CA,N,9.357797
tcr_20_4,C,A,F,R,9,103,CA,O,9.681828
tcr_20_4,C,A,F,R,9,103,CA,C,9.020714
tcr_20_4,C,A,F,R,9,103,CA,CA,9.868367
tcr_20_4,C,A,F,N,9,101,CA,ND2,5.7020493
tcr_20_4,C,A,F,F,9,140,CA,CE1,8.0706415
tcr_20_4,C,A,F,D,9,98,CA,CG,9.639768
tcr_20_4,C,A,F,D,9,98,CA,CA,9.099976
tcr_20_4,C,A,F,D,9,98,CA,OD1,8.537244
tcr_20_4,C,A,F,Q,9,94,CA,NE2,9.111889
tcr_20_4,C,A,F,D,9,98,CA,N,9.26056
tcr_20_4,C,A,F,A,9,97,CA,O,7.8261046
tcr_20_4,C,A,F,A,9,97,CA,C,8.634047
tcr_20_4,C,A,F,A,9,97,CA,CB,8.96577
tcr_20_4,C,A,F,A,9,97,CA,CA,9.297493
tcr_20_4,C,A,F,N,9,101,CA,CA,5.791239
tcr_20_4,C,A,F,N,9,101,CA,CG,4.9711456
tcr_20_4,C,A,F,N,9,101,CA,OD1,4.0919647
tcr_20_4,C,A,F,N,9,101,CA,N,6.7451234
tcr_20_4,C,A,F,N,9,101,CA,CB,5.654606
tcr_20_4,C,A,F,K,9,104,CA,CD,4.6501937
tcr_20_4,C,A,F,T,9,167,CA,CG2,4.000372
tcr_20_4,C,A,F,K,9,104,CA,NZ,4.746974
tcr_20_4,C,A,F,N,9,101,CA,C,6.5921707
tcr_20_4,C,A,F,N,9,101,CA,O,6.285706
tcr_20_4,C,A,F,K,9,104,CA,CB,5.5850825
tcr_20_4,C,A,F,K,9,104,CA,CE,5.397172
tcr_20_4,C,A,F,K,9,104,CA,CG,5.8327293
tcr_20_4,C,A,F,T,9,167,CA,CA,5.117711
tcr_20_4,C,A,F,Y,9,108,CA,CZ,5.498018
tcr_20_4,C,A,F,Y,9,108,CA,OH,4.8847604
tcr_20_4,C,A,F,K,9,170,CA,CD,5.3762145
tcr_20_4,C,A,F,K,9,170,CA,CE,6.085107
tcr_20_4,C,A,F,I,9,166,CA,CG2,7.5521364
tcr_20_4,C,A,F,Y,9,108,CA,CE1,6.8781395
tcr_20_4,C,A,F,I,9,166,CA,O,7.0699315
tcr_20_4,C,A,F,K,9,170,CA,NZ,5.462287
tcr_20_4,C,A,F,K,9,170,CA,CG,6.5057936
tcr_20_4,C,A,F,E,9,176,CA,CG,8.667553
tcr_20_4,C,A,F,W,9,171,CA,CH2,5.7479777
tcr_20_4,C,A,F,W,9,171,CA,CD2,5.903035
tcr_20_4,C,A,F,W,9,171,CA,CE2,4.7566576
tcr_20_4,C,A,F,W,9,171,CA,CE3,6.79012
tcr_20_4,C,A,F,W,9,171,CA,CZ2,4.6663656
tcr_20_4,C,A,F,W,9,171,CA,CZ3,6.7083025
tcr_20_4,C,A,F,F,9,140,CA,CZ,8.184864
tcr_20_4,C,A,F,E,9,176,CA,CB,9.324407
tcr_20_4,C,A,F,E,9,176,CA,OE2,9.03321
tcr_20_4,C,A,F,E,9,176,CA,CD,8.734824
tcr_20_4,C,A,F,E,9,176,CA,OE1,8.777176
tcr_20_4,C,A,F,R,9,180,CA,NH2,9.354499
tcr_20_4,C,A,F,Q,9,168,CA,O,9.252445
tcr_20_4,C,A,F,W,9,171,CA,N,7.543703
tcr_20_4,C,A,F,T,9,167,CA,C,6.1079144
tcr_20_4,C,A,F,W,9,171,CA,CD1,5.372387
tcr_20_4,C,A,F,W,9,171,CA,CB,7.5625505
tcr_20_4,C,A,F,W,9,171,CA,CG,6.2276983
tcr_20_4,C,A,F,W,9,171,CA,NE1,4.3754444
tcr_20_4,C,A,F,T,9,167,CA,O,6.1049047
tcr_20_4,C,A,F,Q,9,168,CA,C,8.939353
tcr_20_4,C,A,F,K,9,170,CA,N,8.082033
tcr_20_4,C,A,F,R,9,169,CA,C,9.356182
tcr_20_4,C,A,F,R,9,169,CA,N,9.2281475
tcr_20_4,C,A,F,R,9,169,CA,CA,9.9749565
tcr_20_4,C,A,F,K,9,170,CA,C,7.8464026
tcr_20_4,C,A,F,K,9,170,CA,CB,6.2582808
tcr_20_4,C,A,F,K,9,170,CA,CA,7.6187615
tcr_20_4,C,A,F,W,9,171,CA,C,9.579184
tcr_20_4,C,A,F,A,9,174,CA,CB,9.961298
tcr_20_4,C,A,F,K,9,170,CA,O,8.582278
tcr_20_4,C,A,F,W,9,171,CA,CA,8.053303
tcr_20_4,C,A,F,F,9,140,C,CD1,9.716688
tcr_20_4,C,A,F,L,9,119,C,CD1,9.656462
tcr_20_4,C,A,F,F,9,140,C,CG,9.891587
tcr_20_4,C,A,F,L,9,119,C,CD2,9.242581
tcr_20_4,C,A,F,L,9,102,C,O,9.892198
tcr_20_4,C,A,F,L,9,102,C,C,9.593355
tcr_20_4,C,A,F,L,9,102,C,CA,9.485522
tcr_20_4,C,A,F,L,9,105,C,O,9.619944
tcr_20_4,C,A,F,R,9,106,C,N,9.889963
tcr_20_4,C,A,F,K,9,104,C,C,6.9158163
tcr_20_4,C,A,F,L,9,105,C,C,9.142124
tcr_20_4,C,A,F,Y,9,108,C,N,9.370158
tcr_20_4,C,A,F,L,9,105,C,CG,7.0921946
tcr_20_4,C,A,F,L,9,105,C,CD1,7.83606
tcr_20_4,C,A,F,L,9,105,C,N,7.068279
tcr_20_4,C,A,F,L,9,105,C,CA,7.7706556
tcr_20_4,C,A,F,L,9,105,C,CB,8.113773
tcr_20_4,C,A,F,L,9,105,C,CD2,7.023472
tcr_20_4,C,A,F,Y,9,147,C,CE2,8.140305
tcr_20_4,C,A,F,Y,9,147,C,CD2,9.180857
tcr_20_4,C,A,F,Y,9,147,C,OH,5.9432654
tcr_20_4,C,A,F,Y,9,147,C,CZ,6.8659196
tcr_20_4,C,A,F,Y,9,147,C,CE1,6.7848415
tcr_20_4,C,A,F,Y,9,147,C,CG,9.129709
tcr_20_4,C,A,F,A,9,164,C,CB,9.6704235
tcr_20_4,C,A,F,Y,9,147,C,CD1,8.007522
tcr_20_4,C,A,F,A,9,163,C,CA,9.643722
tcr_20_4,C,A,F,A,9,163,C,CB,9.861205
tcr_20_4,C,A,F,A,9,164,C,N,9.110981
tcr_20_4,C,A,F,A,9,163,C,C,8.621841
tcr_20_4,C,A,F,K,9,104,C,O,7.367381
tcr_20_4,C,A,F,Y,9,108,C,CD2,5.713805
tcr_20_4,C,A,F,Y,9,108,C,CE2,4.4205475
tcr_20_4,C,A,F,I,9,166,C,CG1,8.424185
tcr_20_4,C,A,F,Y,9,108,C,CB,8.207447
tcr_20_4,C,A,F,Y,9,108,C,CD1,6.8833337
tcr_20_4,C,A,F,Y,9,108,C,CA,9.393106
tcr_20_4,C,A,F,Y,9,108,C,CG,6.8380857
tcr_20_4,C,A,F,I,9,166,C,CD1,8.627573
tcr_20_4,C,A,F,A,9,163,C,O,7.63011
tcr_20_4,C,A,F,I,9,166,C,CB,7.0082583
tcr_20_4,C,A,F,T,9,167,C,OG1,4.0164704
tcr_20_4,C,A,F,I,9,166,C,C,6.181
tcr_20_4,C,A,F,I,9,166,C,CA,7.2989926
tcr_20_4,C,A,F,T,9,167,C,CB,4.701313
tcr_20_4,C,A,F,I,9,166,C,N,8.159131
tcr_20_4,C,A,F,Q,9,165,C,N,9.595116
tcr_20_4,C,A,F,A,9,164,C,C,8.67074
tcr_20_4,C,A,F,A,9,164,C,CA,8.619336
tcr_20_4,C,A,F,T,9,167,C,N,5.5632043
tcr_20_4,C,A,F,I,9,148,C,CG1,9.827958
tcr_20_4,C,A,F,I,9,148,C,CB,9.48234
tcr_20_4,C,A,F,F,9,140,C,CE2,9.832865
tcr_20_4,C,A,F,I,9,148,C,CG2,8.651289
tcr_20_4,C,A,F,F,9,140,C,CD2,9.951339
tcr_20_4,C,A,F,I,9,148,C,CD1,8.757679
tcr_20_4,C,A,F,Q,9,168,C,N,7.1518703
tcr_20_4,C,A,F,A,9,164,C,O,8.011921
tcr_20_4,C,A,F,Q,9,168,C,CA,8.363192
tcr_20_4,C,A,F,Q,9,168,C,CB,9.594738
tcr_20_4,C,A,F,Q,9,165,C,CA,9.925899
tcr_20_4,C,A,F,Q,9,165,C,C,8.96815
tcr_20_4,C,A,F,Q,9,165,C,O,9.171622
tcr_20_4,C,A,F,V,9,100,C,N,9.772823
tcr_20_4,C,A,F,L,9,102,C,N,8.503286
tcr_20_4,C,A,F,V,9,100,C,CG2,9.830311
tcr_20_4,C,A,F,V,9,100,C,CA,8.774458
tcr_20_4,C,A,F,V,9,100,C,CB,8.453742
tcr_20_4,C,A,F,V,9,100,C,CG1,7.7190247
tcr_20_4,C,A,F,V,9,100,C,C,7.6329594
tcr_20_4,C,A,F,V,9,100,C,O,7.387597
tcr_20_4,C,A,F,K,9,104,C,N,7.552077
tcr_20_4,C,A,F,K,9,104,C,CA,6.634184
tcr_20_4,C,A,F,R,9,103,C,N,9.560035
tcr_20_4,C,A,F,R,9,103,C,O,9.4034
tcr_20_4,C,A,F,R,9,103,C,C,8.851502
tcr_20_4,C,A,F,R,9,103,C,CA,9.847873
tcr_20_4,C,A,F,N,9,101,C,ND2,6.8657794
tcr_20_4,C,A,F,F,9,140,C,CE1,9.584846
tcr_20_4,C,A,F,D,9,98,C,OD1,9.8169365
tcr_20_4,C,A,F,A,9,97,C,O,8.532318
tcr_20_4,C,A,F,A,9,97,C,C,9.444489
tcr_20_4,C,A,F,A,9,97,C,CB,9.80511
tcr_20_4,C,A,F,N,9,101,C,CA,6.431506
tcr_20_4,C,A,F,N,9,101,C,CG,6.001768
tcr_20_4,C,A,F,N,9,101,C,OD1,4.9751816
tcr_20_4,C,A,F,N,9,101,C,N,7.2505765
tcr_20_4,C,A,F,N,9,101,C,CB,6.6153674
tcr_20_4,C,A,F,K,9,104,C,CD,4.022634
tcr_20_4,C,A,F,T,9,167,C,CG2,4.516461
tcr_20_4,C,A,F,K,9,104,C,NZ,4.060907
tcr_20_4,C,A,F,N,9,101,C,C,7.177988
tcr_20_4,C,A,F,N,9,101,C,O,6.743444
tcr_20_4,C,A,F,K,9,104,C,CB,5.186563
tcr_20_4,C,A,F,K,9,104,C,CE,4.6405478
tcr_20_4,C,A,F,K,9,104,C,CG,5.2366652
tcr_20_4,C,A,F,T,9,167,C,CA,4.836387
tcr_20_4,C,A,F,Y,9,108,C,CZ,4.509907
tcr_20_4,C,A,F,Y,9,108,C,OH,3.6379685
tcr_20_4,C,A,F,K,9,170,C,CD,4.0407715
tcr_20_4,C,A,F,K,9,170,C,CE,4.593093
tcr_20_4,C,A,F,I,9,166,C,CG2,6.434564
tcr_20_4,C,A,F,Y,9,108,C,CE1,5.8574615
tcr_20_4,C,A,F,I,9,166,C,O,6.230988
tcr_20_4,C,A,F,K,9,170,C,NZ,3.9310749
tcr_20_4,C,A,F,K,9,170,C,CG,5.3224497
tcr_20_4,C,A,F,E,9,176,C,CG,9.281309
tcr_20_4,C,A,F,W,9,171,C,CH2,6.9331913
tcr_20_4,C,A,F,W,9,171,C,CD2,6.5572195
tcr_20_4,C,A,F,W,9,171,C,CE2,5.579252
tcr_20_4,C,A,F,W,9,171,C,CE3,7.5808387
tcr_20_4,C,A,F,W,9,171,C,CZ2,5.8058887
tcr_20_4,C,A,F,W,9,171,C,CZ3,7.7299237
tcr_20_4,C,A,F,F,9,140,C,CZ,9.641274
tcr_20_4,C,A,F,E,9,176,C,CB,9.729
tcr_20_4,C,A,F,E,9,176,C,OE2,9.477824
tcr_20_4,C,A,F,E,9,176,C,CD,9.351054
tcr_20_4,C,A,F,E,9,176,C,OE1,9.555996
tcr_20_4,C,A,F,Q,9,168,C,O,9.019865
tcr_20_4,C,A,F,W,9,171,C,N,7.22923
tcr_20_4,C,A,F,T,9,167,C,C,5.926593
tcr_20_4,C,A,F,W,9,171,C,CD1,5.605291
tcr_20_4,C,A,F,W,9,171,C,CB,7.7408786
tcr_20_4,C,A,F,W,9,171,C,CG,6.5654554
tcr_20_4,C,A,F,W,9,171,C,NE1,4.91787
tcr_20_4,C,A,F,T,9,167,C,O,5.8889017
tcr_20_4,C,A,F,Q,9,168,C,C,8.665429
tcr_20_4,C,A,F,K,9,170,C,N,7.3366923
tcr_20_4,C,A,F,R,9,169,C,C,8.654111
tcr_20_4,C,A,F,R,9,169,C,CB,9.722006
tcr_20_4,C,A,F,R,9,169,C,O,9.456318
tcr_20_4,C,A,F,R,9,169,C,N,8.750085
tcr_20_4,C,A,F,R,9,169,C,CA,9.336698
tcr_20_4,C,A,F,K,9,170,C,C,7.3001714
tcr_20_4,C,A,F,K,9,170,C,CB,5.3622456
tcr_20_4,C,A,F,K,9,170,C,CA,6.8303914
tcr_20_4,C,A,F,W,9,171,C,C,9.473756
tcr_20_4,C,A,F,A,9,174,C,CB,9.648354
tcr_20_4,C,A,F,K,9,170,C,O,8.024853
tcr_20_4,C,A,F,W,9,171,C,CA,7.971935
tcr_20_4,C,A,F,L,9,119,O,CD2,9.639935
tcr_20_4,C,A,F,L,9,102,O,O,9.821433
tcr_20_4,C,A,F,L,9,102,O,C,9.439688
tcr_20_4,C,A,F,L,9,102,O,CA,9.427174
tcr_20_4,C,A,F,L,9,105,O,O,9.926317
tcr_20_4,C,A,F,R,9,106,O,N,9.994037
tcr_20_4,C,A,F,K,9,104,O,C,6.8632975
tcr_20_4,C,A,F,L,9,105,O,C,9.376757
tcr_20_4,C,A,F,Y,9,108,O,N,9.51032
tcr_20_4,C,A,F,L,9,105,O,CG,7.614558
tcr_20_4,C,A,F,L,9,105,O,CD1,8.370456
tcr_20_4,C,A,F,L,9,105,O,N,7.1651154
tcr_20_4,C,A,F,L,9,105,O,CA,8.064529
tcr_20_4,C,A,F,L,9,105,O,CB,8.502917
tcr_20_4,C,A,F,L,9,105,O,CD2,7.7481914
tcr_20_4,C,A,F,Y,9,147,O,CE2,9.1689
tcr_20_4,C,A,F,Y,9,147,O,OH,6.98629
tcr_20_4,C,A,F,Y,9,147,O,CZ,7.9479947
tcr_20_4,C,A,F,Y,9,147,O,CE1,7.9309354
tcr_20_4,C,A,F,Y,9,147,O,CD1,9.1442375
tcr_20_4,C,A,F,A,9,163,O,C,9.58066
tcr_20_4,C,A,F,K,9,104,O,O,7.358586
tcr_20_4,C,A,F,Y,9,108,O,CD2,6.2473593
tcr_20_4,C,A,F,Y,9,108,O,CE2,4.9165225
tcr_20_4,C,A,F,I,9,166,O,CG1,9.015769
tcr_20_4,C,A,F,Y,9,108,O,CB,8.640578
tcr_20_4,C,A,F,Y,9,108,O,CD1,7.060806
tcr_20_4,C,A,F,Y,9,108,O,CA,9.687241
tcr_20_4,C,A,F,Y,9,108,O,CG,7.215999
tcr_20_4,C,A,F,I,9,166,O,CD1,9.109905
tcr_20_4,C,A,F,A,9,163,O,O,8.567994
tcr_20_4,C,A,F,I,9,166,O,CB,7.655561
tcr_20_4,C,A,F,T,9,167,O,OG1,5.1963477
tcr_20_4,C,A,F,I,9,166,O,C,7.01276
tcr_20_4,C,A,F,I,9,166,O,CA,8.065804
tcr_20_4,C,A,F,T,9,167,O,CB,5.9123363
tcr_20_4,C,A,F,I,9,166,O,N,9.049974
tcr_20_4,C,A,F,A,9,164,O,C,9.800543
tcr_20_4,C,A,F,A,9,164,O,CA,9.75515
tcr_20_4,C,A,F,T,9,167,O,N,6.5527797
tcr_20_4,C,A,F,I,9,148,O,CG2,9.851895
tcr_20_4,C,A,F,I,9,148,O,CD1,9.972566
tcr_20_4,C,A,F,Q,9,168,O,N,8.234326
tcr_20_4,C,A,F,A,9,164,O,O,9.166308
tcr_20_4,C,A,F,Q,9,168,O,CA,9.413967
tcr_20_4,C,A,F,Q,9,165,O,C,9.90924
tcr_20_4,C,A,F,R,9,103,O,CB,9.666899
tcr_20_4,C,A,F,V,9,100,O,N,9.147746
tcr_20_4,C,A,F,D,9,98,O,O,9.816249
tcr_20_4,C,A,F,L,9,102,O,N,8.384601
tcr_20_4,C,A,F,V,9,100,O,CG2,8.915971
tcr_20_4,C,A,F,V,9,100,O,CA,8.05595
tcr_20_4,C,A,F,V,9,100,O,CB,7.6007237
tcr_20_4,C,A,F,V,9,100,O,CG1,6.7401266
tcr_20_4,C,A,F,V,9,100,O,C,7.0415525
tcr_20_4,C,A,F,V,9,100,O,O,6.7950244
tcr_20_4,C,A,F,K,9,104,O,N,7.1679897
tcr_20_4,C,A,F,K,9,104,O,CA,6.316751
tcr_20_4,C,A,F,R,9,103,O,N,9.234191
tcr_20_4,C,A,F,R,9,103,O,O,9.070263
tcr_20_4,C,A,F,R,9,103,O,C,8.476056
tcr_20_4,C,A,F,R,9,103,O,CA,9.436003
tcr_20_4,C,A,F,N,9,101,O,ND2,6.8600693
tcr_20_4,C,A,F,D,9,98,O,CA,9.903863
tcr_20_4,C,A,F,D,9,98,O,OD1,9.910367
tcr_20_4,C,A,F,D,9,98,O,N,9.905851
tcr_20_4,C,A,F,A,9,97,O,O,8.064423
tcr_20_4,C,A,F,A,9,97,O,C,9.028657
tcr_20_4,C,A,F,A,9,97,O,CB,9.395647
tcr_20_4,C,A,F,A,9,97,O,CA,9.533015
tcr_20_4,C,A,F,N,9,101,O,CA,6.2216926
tcr_20_4,C,A,F,N,9,101,O,CG,5.9333487
tcr_20_4,C,A,F,N,9,101,O,OD1,4.7953477
tcr_20_4,C,A,F,N,9,101,O,N,6.8195686
tcr_20_4,C,A,F,N,9,101,O,CB,6.589063
tcr_20_4,C,A,F,K,9,104,O,CD,3.1571987
tcr_20_4,C,A,F,T,9,167,O,CG2,5.738791
tcr_20_4,C,A,F,K,9,104,O,NZ,2.8608985
tcr_20_4,C,A,F,N,9,101,O,C,7.0771804
tcr_20_4,C,A,F,N,9,101,O,O,6.7278843
tcr_20_4,C,A,F,K,9,104,O,CB,4.8153977
tcr_20_4,C,A,F,K,9,104,O,CE,3.5037062
tcr_20_4,C,A,F,K,9,104,O,CG,4.518919
tcr_20_4,C,A,F,T,9,167,O,CA,5.92015
tcr_20_4,C,A,F,Y,9,108,O,CZ,4.7031875
tcr_20_4,C,A,F,Y,9,108,O,OH,3.6438904
tcr_20_4,C,A,F,K,9,170,O,CD,4.076232
tcr_20_4,C,A,F,K,9,170,O,CE,4.353273
tcr_20_4,C,A,F,I,9,166,O,CG2,6.87158
tcr_20_4,C,A,F,Y,9,108,O,CE1,5.916613
tcr_20_4,C,A,F,I,9,166,O,O,6.9583836
tcr_20_4,C,A,F,K,9,170,O,NZ,3.381665
tcr_20_4,C,A,F,K,9,170,O,CG,5.509717
tcr_20_4,C,A,F,E,9,176,O,CG,9.856971
tcr_20_4,C,A,F,W,9,171,O,CH2,7.927684
tcr_20_4,C,A,F,W,9,171,O,CD2,7.49323
tcr_20_4,C,A,F,W,9,171,O,CE2,6.464628
tcr_20_4,C,A,F,W,9,171,O,CE3,8.60062
tcr_20_4,C,A,F,W,9,171,O,CZ2,6.7203755
tcr_20_4,C,A,F,W,9,171,O,CZ3,8.776248
tcr_20_4,C,A,F,E,9,176,O,OE2,9.759482
tcr_20_4,C,A,F,E,9,176,O,CD,9.75984
tcr_20_4,C,A,F,E,9,176,O,OE1,9.955437
tcr_20_4,C,A,F,Q,9,168,O,O,9.888421
tcr_20_4,C,A,F,W,9,171,O,N,7.8652854
tcr_20_4,C,A,F,T,9,167,O,C,6.9787946
tcr_20_4,C,A,F,W,9,171,O,CD1,6.2981863
tcr_20_4,C,A,F,W,9,171,O,CB,8.548969
tcr_20_4,C,A,F,W,9,171,O,CG,7.3917084
tcr_20_4,C,A,F,W,9,171,O,NE1,5.6486583
tcr_20_4,C,A,F,T,9,167,O,O,6.8432384
tcr_20_4,C,A,F,Q,9,168,O,C,9.589171
tcr_20_4,C,A,F,K,9,170,O,N,7.91531
tcr_20_4,C,A,F,R,9,169,O,C,9.246401
tcr_20_4,C,A,F,R,9,169,O,O,9.961878
tcr_20_4,C,A,F,R,9,169,O,N,9.600281
tcr_20_4,C,A,F,K,9,170,O,C,7.7605386
tcr_20_4,C,A,F,K,9,170,O,CB,5.7338862
tcr_20_4,C,A,F,K,9,170,O,CA,7.2510567
tcr_20_4,C,A,F,A,9,174,O,CB,9.756114
tcr_20_4,C,A,F,K,9,170,O,O,8.347695
tcr_20_4,C,A,F,W,9,171,O,CA,8.623221
tcr_20_4,C,A,F,L,9,119,CB,CA,9.896376
tcr_20_4,C,A,F,A,9,141,CB,O,9.9347
tcr_20_4,C,A,F,F,9,140,CB,CA,9.663405
tcr_20_4,C,A,F,L,9,119,CB,CB,8.747156
tcr_20_4,C,A,F,L,9,102,CB,CG,9.271848
tcr_20_4,C,A,F,L,9,119,CB,CG,7.7952447
tcr_20_4,C,A,F,F,9,140,CB,CD1,7.672083
tcr_20_4,C,A,F,L,9,119,CB,CD1,7.129836
tcr_20_4,C,A,F,F,9,140,CB,CG,7.890719
tcr_20_4,C,A,F,F,9,140,CB,CB,8.160833
tcr_20_4,C,A,F,L,9,119,CB,CD2,6.912478
tcr_20_4,C,A,F,Y,9,142,CB,CZ,9.772933
tcr_20_4,C,A,F,L,9,102,CB,O,8.394826
tcr_20_4,C,A,F,L,9,102,CB,CD2,9.548395
tcr_20_4,C,A,F,L,9,102,CB,C,8.124889
tcr_20_4,C,A,F,L,9,102,CB,CA,7.751044
tcr_20_4,C,A,F,L,9,102,CB,CB,9.09406
tcr_20_4,C,A,F,Y,9,142,CB,CE2,9.212442
tcr_20_4,C,A,F,L,9,105,CB,O,8.355419
tcr_20_4,C,A,F,R,9,106,CB,N,8.555181
tcr_20_4,C,A,F,K,9,104,CB,C,6.147027
tcr_20_4,C,A,F,R,9,106,CB,CA,9.978227
tcr_20_4,C,A,F,L,9,105,CB,C,7.7777286
tcr_20_4,C,A,F,G,9,107,CB,N,9.737833
tcr_20_4,C,A,F,Y,9,108,CB,N,8.911878
tcr_20_4,C,A,F,Y,9,142,CB,CD1,9.686986
tcr_20_4,C,A,F,Y,9,109,CB,CZ,9.76192
tcr_20_4,C,A,F,Y,9,109,CB,OH,9.603597
tcr_20_4,C,A,F,Y,9,147,CB,CA,9.503484
tcr_20_4,C,A,F,Y,9,142,CB,CB,9.061216
tcr_20_4,C,A,F,L,9,105,CB,CG,4.9514813
tcr_20_4,C,A,F,L,9,105,CB,CD1,5.464919
tcr_20_4,C,A,F,Y,9,109,CB,CD2,9.376638
tcr_20_4,C,A,F,Y,9,109,CB,CE2,8.894033
tcr_20_4,C,A,F,Y,9,142,CB,CD2,8.864364
tcr_20_4,C,A,F,L,9,105,CB,N,5.8206844
tcr_20_4,C,A,F,L,9,105,CB,CA,6.2758102
tcr_20_4,C,A,F,L,9,105,CB,CB,6.212629
tcr_20_4,C,A,F,Y,9,142,CB,CG,9.107847
tcr_20_4,C,A,F,L,9,105,CB,CD2,4.9099584
tcr_20_4,C,A,F,Y,9,147,CB,CE2,6.4060187
tcr_20_4,C,A,F,Y,9,147,CB,CD2,7.2516775
tcr_20_4,C,A,F,Y,9,147,CB,OH,4.6506047
tcr_20_4,C,A,F,Y,9,147,CB,CB,8.350372
tcr_20_4,C,A,F,Y,9,147,CB,CZ,5.207525
tcr_20_4,C,A,F,Y,9,147,CB,CE1,4.974251
tcr_20_4,C,A,F,Y,9,147,CB,CG,7.0959663
tcr_20_4,C,A,F,A,9,164,CB,CB,8.569186
tcr_20_4,C,A,F,I,9,148,CB,N,9.116009
tcr_20_4,C,A,F,Y,9,147,CB,CD1,6.0293303
tcr_20_4,C,A,F,Y,9,147,CB,C,9.35348
tcr_20_4,C,A,F,Y,9,147,CB,O,9.753218
tcr_20_4,C,A,F,A,9,163,CB,CA,9.052819
tcr_20_4,C,A,F,A,9,163,CB,CB,8.9597225
tcr_20_4,C,A,F,A,9,164,CB,N,8.289106
tcr_20_4,C,A,F,A,9,163,CB,C,8.027728
tcr_20_4,C,A,F,K,9,104,CB,O,6.8006873
tcr_20_4,C,A,F,Y,9,108,CB,CD2,5.267223
tcr_20_4,C,A,F,Y,9,108,CB,CE2,4.4147415
tcr_20_4,C,A,F,I,9,166,CB,CG1,9.08966
tcr_20_4,C,A,F,Y,9,108,CB,CB,7.64862
tcr_20_4,C,A,F,Y,9,108,CB,CD1,7.0972753
tcr_20_4,C,A,F,Y,9,108,CB,CA,8.959372
tcr_20_4,C,A,F,Y,9,108,CB,CG,6.580568
tcr_20_4,C,A,F,I,9,166,CB,CD1,9.152433
tcr_20_4,C,A,F,A,9,163,CB,O,7.317624
tcr_20_4,C,A,F,I,9,166,CB,CB,7.798261
tcr_20_4,C,A,F,T,9,167,CB,OG1,3.605732
tcr_20_4,C,A,F,I,9,166,CB,C,7.1534257
tcr_20_4,C,A,F,I,9,166,CB,CA,8.135094
tcr_20_4,C,A,F,T,9,167,CB,CB,4.5420628
tcr_20_4,C,A,F,I,9,166,CB,N,8.618334
tcr_20_4,C,A,F,Q,9,165,CB,N,9.363744
tcr_20_4,C,A,F,A,9,164,CB,C,8.250395
tcr_20_4,C,A,F,A,9,164,CB,CA,7.7883005
tcr_20_4,C,A,F,T,9,167,CB,N,6.1575766
tcr_20_4,C,A,F,I,9,148,CB,CA,9.367271
tcr_20_4,C,A,F,I,9,148,CB,O,9.976131
tcr_20_4,C,A,F,I,9,148,CB,CG1,8.891064
tcr_20_4,C,A,F,I,9,148,CB,CB,8.187172
tcr_20_4,C,A,F,F,9,140,CB,CE2,8.319422
tcr_20_4,C,A,F,I,9,148,CB,CG2,7.216109
tcr_20_4,C,A,F,F,9,140,CB,CD2,8.214941
tcr_20_4,C,A,F,I,9,148,CB,CD1,8.159634
tcr_20_4,C,A,F,Q,9,168,CB,N,7.573541
tcr_20_4,C,A,F,A,9,164,CB,O,7.746961
tcr_20_4,C,A,F,Q,9,168,CB,CA,8.843927
tcr_20_4,C,A,F,Q,9,168,CB,CB,9.8648405
tcr_20_4,C,A,F,Q,9,165,CB,C,9.421749
tcr_20_4,C,A,F,Q,9,165,CB,O,9.891509
tcr_20_4,C,A,F,R,9,103,CB,CB,9.667729
tcr_20_4,C,A,F,R,9,99,CB,O,9.914795
tcr_20_4,C,A,F,V,9,100,CB,N,9.038523
tcr_20_4,C,A,F,R,9,99,CB,C,9.742644
tcr_20_4,C,A,F,D,9,98,CB,C,9.010825
tcr_20_4,C,A,F,D,9,98,CB,O,8.494585
tcr_20_4,C,A,F,L,9,102,CB,N,6.8532825
tcr_20_4,C,A,F,V,9,100,CB,CG2,9.851148
tcr_20_4,C,A,F,V,9,100,CB,CA,8.301754
tcr_20_4,C,A,F,V,9,100,CB,CB,8.362409
tcr_20_4,C,A,F,V,9,100,CB,CG1,8.008613
tcr_20_4,C,A,F,V,9,100,CB,C,6.950211
tcr_20_4,C,A,F,V,9,100,CB,O,6.786959
tcr_20_4,C,A,F,K,9,104,CB,N,6.90005
tcr_20_4,C,A,F,K,9,104,CB,CA,6.20277
tcr_20_4,C,A,F,R,9,103,CB,N,8.396066
tcr_20_4,C,A,F,R,9,103,CB,O,8.762175
tcr_20_4,C,A,F,R,9,103,CB,C,8.129615
tcr_20_4,C,A,F,R,9,103,CB,CA,8.972428
tcr_20_4,C,A,F,N,9,101,CB,ND2,5.5107956
tcr_20_4,C,A,F,F,9,140,CB,CE1,7.772791
tcr_20_4,C,A,F,D,9,98,CB,CB,9.48722
tcr_20_4,C,A,F,D,9,98,CB,CG,9.10945
tcr_20_4,C,A,F,D,9,98,CB,CA,8.616066
tcr_20_4,C,A,F,D,9,98,CB,OD1,8.102866
tcr_20_4,C,A,F,D,9,98,CB,OD2,9.971946
tcr_20_4,C,A,F,Q,9,94,CB,NE2,9.121634
tcr_20_4,C,A,F,D,9,98,CB,N,9.014938
tcr_20_4,C,A,F,A,9,97,CB,O,7.707727
tcr_20_4,C,A,F,A,9,97,CB,C,8.552942
tcr_20_4,C,A,F,A,9,97,CB,CB,9.25558
tcr_20_4,C,A,F,A,9,97,CB,CA,9.442754
tcr_20_4,C,A,F,N,9,101,CB,CA,5.0729823
tcr_20_4,C,A,F,N,9,101,CB,CG,4.658857
tcr_20_4,C,A,F,N,9,101,CB,OD1,4.049607
tcr_20_4,C,A,F,N,9,101,CB,N,6.2568917
tcr_20_4,C,A,F,N,9,101,CB,CB,4.9539123
tcr_20_4,C,A,F,K,9,104,CB,CD,4.72447
tcr_20_4,C,A,F,T,9,167,CB,CG2,4.1991167
tcr_20_4,C,A,F,K,9,104,CB,NZ,5.5101905
tcr_20_4,C,A,F,N,9,101,CB,C,5.588176
tcr_20_4,C,A,F,N,9,101,CB,O,5.1469865
tcr_20_4,C,A,F,K,9,104,CB,CB,4.9588466
tcr_20_4,C,A,F,K,9,104,CB,CE,5.817693
tcr_20_4,C,A,F,K,9,104,CB,CG,5.5859847
tcr_20_4,C,A,F,T,9,167,CB,CA,5.420304
tcr_20_4,C,A,F,Y,9,108,CB,CZ,5.1634026
tcr_20_4,C,A,F,Y,9,108,CB,OH,4.92708
tcr_20_4,C,A,F,K,9,170,CB,CD,6.4154916
tcr_20_4,C,A,F,K,9,170,CB,CE,6.9513464
tcr_20_4,C,A,F,I,9,166,CB,CG2,7.6560726
tcr_20_4,C,A,F,Y,9,108,CB,CE1,6.494861
tcr_20_4,C,A,F,I,9,166,CB,O,7.563726
tcr_20_4,C,A,F,K,9,170,CB,NZ,6.2597194
tcr_20_4,C,A,F,K,9,170,CB,CG,7.556269
tcr_20_4,C,A,F,E,9,176,CB,CG,9.738814
tcr_20_4,C,A,F,W,9,171,CB,CH2,6.0225096
tcr_20_4,C,A,F,W,9,171,CB,CD2,6.6964793
tcr_20_4,C,A,F,W,9,171,CB,CE2,5.60087
tcr_20_4,C,A,F,W,9,171,CB,CE3,7.3386817
tcr_20_4,C,A,F,W,9,171,CB,CZ2,5.2104645
tcr_20_4,C,A,F,W,9,171,CB,CZ3,7.027902
tcr_20_4,C,A,F,F,9,140,CB,CZ,8.096792
tcr_20_4,C,A,F,E,9,176,CB,CD,9.887281
tcr_20_4,C,A,F,E,9,176,CB,OE1,9.832945
tcr_20_4,C,A,F,W,9,171,CB,N,8.669869
tcr_20_4,C,A,F,T,9,167,CB,C,6.579404
tcr_20_4,C,A,F,W,9,171,CB,CD1,6.568268
tcr_20_4,C,A,F,W,9,171,CB,CB,8.554969
tcr_20_4,C,A,F,W,9,171,CB,CG,7.2350464
tcr_20_4,C,A,F,W,9,171,CB,NE1,5.5269685
tcr_20_4,C,A,F,T,9,167,CB,O,6.840303
tcr_20_4,C,A,F,Q,9,168,CB,C,9.546763
tcr_20_4,C,A,F,K,9,170,CB,N,9.022745
tcr_20_4,C,A,F,R,9,169,CB,N,9.815999
tcr_20_4,C,A,F,K,9,170,CB,C,9.06111
tcr_20_4,C,A,F,K,9,170,CB,CB,7.416355
tcr_20_4,C,A,F,K,9,170,CB,CA,8.7498255
tcr_20_4,C,A,F,K,9,170,CB,O,9.890991
tcr_20_4,C,A,F,W,9,171,CB,CA,9.195429
tcr_20_4,C,A,F,A,9,141,CG,CA,9.557455
tcr_20_4,C,A,F,L,9,119,CG,N,9.814537
tcr_20_4,C,A,F,Q,9,120,CG,N,9.480588
tcr_20_4,C,A,F,L,9,119,CG,CA,8.712263
tcr_20_4,C,A,F,Q,9,120,CG,O,8.8172245
tcr_20_4,C,A,F,A,9,141,CG,O,8.641826
tcr_20_4,C,A,F,A,9,141,CG,N,8.95681
tcr_20_4,C,A,F,F,9,140,CG,CA,8.225569
tcr_20_4,C,A,F,F,9,140,CG,C,8.732945
tcr_20_4,C,A,F,F,9,140,CG,O,9.107322
tcr_20_4,C,A,F,A,9,141,CG,C,8.963607
tcr_20_4,C,A,F,L,9,119,CG,CB,7.619786
tcr_20_4,C,A,F,L,9,102,CG,CG,8.747419
tcr_20_4,C,A,F,R,9,121,CG,CB,9.408778
tcr_20_4,C,A,F,Q,9,120,CG,C,9.619372
tcr_20_4,C,A,F,R,9,121,CG,CG,9.590639
tcr_20_4,C,A,F,L,9,119,CG,C,9.401543
tcr_20_4,C,A,F,L,9,119,CG,CG,6.5388594
tcr_20_4,C,A,F,F,9,140,CG,CD1,6.178189
tcr_20_4,C,A,F,L,9,119,CG,CD1,5.807458
tcr_20_4,C,A,F,F,9,140,CG,CG,6.440428
tcr_20_4,C,A,F,F,9,140,CG,CB,6.7279825
tcr_20_4,C,A,F,L,9,119,CG,CD2,5.765662
tcr_20_4,C,A,F,Y,9,142,CG,CE1,9.642825
tcr_20_4,C,A,F,Y,9,142,CG,CZ,9.406637
tcr_20_4,C,A,F,L,9,102,CG,O,8.541081
tcr_20_4,C,A,F,L,9,102,CG,CD2,8.936877
tcr_20_4,C,A,F,L,9,102,CG,C,8.241546
tcr_20_4,C,A,F,L,9,102,CG,CA,7.60741
tcr_20_4,C,A,F,L,9,102,CG,CB,8.821514
tcr_20_4,C,A,F,Y,9,142,CG,CE2,8.679474
tcr_20_4,C,A,F,L,9,105,CG,O,8.7389765
tcr_20_4,C,A,F,R,9,106,CG,N,8.892759
tcr_20_4,C,A,F,K,9,104,CG,C,6.9433465
tcr_20_4,C,A,F,L,9,105,CG,C,8.125029
tcr_20_4,C,A,F,Y,9,108,CG,N,9.742972
tcr_20_4,C,A,F,Y,9,142,CG,CD1,9.176828
tcr_20_4,C,A,F,Y,9,109,CG,CZ,9.605431
tcr_20_4,C,A,F,Y,9,142,CG,CA,9.119752
tcr_20_4,C,A,F,Y,9,109,CG,OH,9.310828
tcr_20_4,C,A,F,Y,9,142,CG,N,9.122452
tcr_20_4,C,A,F,Y,9,147,CG,CA,8.596045
tcr_20_4,C,A,F,Y,9,147,CG,N,9.665179
tcr_20_4,C,A,F,Y,9,142,CG,CB,8.206168
tcr_20_4,C,A,F,L,9,105,CG,CG,4.7318826
tcr_20_4,C,A,F,L,9,105,CG,CD1,4.847095
tcr_20_4,C,A,F,Y,9,109,CG,CD2,9.401208
tcr_20_4,C,A,F,Y,9,109,CG,CE2,8.773482
tcr_20_4,C,A,F,Y,9,142,CG,CD2,8.155856
tcr_20_4,C,A,F,L,9,105,CG,N,6.3472147
tcr_20_4,C,A,F,L,9,105,CG,CA,6.6005926
tcr_20_4,C,A,F,L,9,105,CG,CB,6.17973
tcr_20_4,C,A,F,Y,9,142,CG,CG,8.417003
tcr_20_4,C,A,F,L,9,105,CG,CD2,4.6547937
tcr_20_4,C,A,F,Y,9,147,CG,CE2,6.0903034
tcr_20_4,C,A,F,Y,9,147,CG,CD2,6.6688166
tcr_20_4,C,A,F,Y,9,147,CG,OH,4.8013167
tcr_20_4,C,A,F,Y,9,147,CG,CB,7.368487
tcr_20_4,C,A,F,Y,9,147,CG,CZ,4.9476557
tcr_20_4,C,A,F,Y,9,147,CG,CE1,4.387907
tcr_20_4,C,A,F,Y,9,147,CG,CG,6.2747393
tcr_20_4,C,A,F,A,9,164,CG,CB,8.326184
tcr_20_4,C,A,F,I,9,148,CG,N,8.143248
tcr_20_4,C,A,F,Y,9,147,CG,CD1,5.16761
tcr_20_4,C,A,F,Y,9,147,CG,C,8.49873
tcr_20_4,C,A,F,Y,9,147,CG,O,9.055605
tcr_20_4,C,A,F,A,9,163,CG,CA,9.47041
tcr_20_4,C,A,F,A,9,163,CG,CB,9.276929
tcr_20_4,C,A,F,A,9,164,CG,N,8.423886
tcr_20_4,C,A,F,A,9,163,CG,C,8.387631
tcr_20_4,C,A,F,K,9,104,CG,O,7.675449
tcr_20_4,C,A,F,Y,9,108,CG,CD2,6.1765294
tcr_20_4,C,A,F,Y,9,108,CG,CE2,5.564573
tcr_20_4,C,A,F,Y,9,108,CG,CB,8.401372
tcr_20_4,C,A,F,Y,9,108,CG,CD1,8.234594
tcr_20_4,C,A,F,Y,9,108,CG,CA,9.761847
tcr_20_4,C,A,F,Y,9,108,CG,CG,7.5282907
tcr_20_4,C,A,F,A,9,163,CG,O,7.84337
tcr_20_4,C,A,F,I,9,166,CG,CB,8.808922
tcr_20_4,C,A,F,T,9,167,CG,OG1,4.1485696
tcr_20_4,C,A,F,I,9,166,CG,C,8.028443
tcr_20_4,C,A,F,I,9,166,CG,CA,9.024097
tcr_20_4,C,A,F,T,9,167,CG,CB,4.880358
tcr_20_4,C,A,F,I,9,166,CG,N,9.305196
tcr_20_4,C,A,F,Q,9,165,CG,N,9.623773
tcr_20_4,C,A,F,A,9,164,CG,C,8.404437
tcr_20_4,C,A,F,A,9,164,CG,CA,7.8033586
tcr_20_4,C,A,F,T,9,167,CG,N,6.8929033
tcr_20_4,C,A,F,F,9,140,CG,N,9.060666
tcr_20_4,C,A,F,Q,9,139,CG,C,9.836285
tcr_20_4,C,A,F,Q,9,139,CG,O,9.979651
tcr_20_4,C,A,F,I,9,148,CG,C,9.110241
tcr_20_4,C,A,F,I,9,148,CG,CA,8.461112
tcr_20_4,C,A,F,I,9,148,CG,O,8.806856
tcr_20_4,C,A,F,I,9,148,CG,CG1,8.254487
tcr_20_4,C,A,F,I,9,148,CG,CB,7.4024587
tcr_20_4,C,A,F,F,9,140,CG,CE2,7.0338626
tcr_20_4,C,A,F,I,9,148,CG,CG2,6.277599
tcr_20_4,C,A,F,W,9,157,CG,CE3,9.881194
tcr_20_4,C,A,F,F,9,140,CG,CD2,6.8676553
tcr_20_4,C,A,F,W,9,157,CG,CZ3,9.593605
tcr_20_4,C,A,F,I,9,148,CG,CD1,7.742346
tcr_20_4,C,A,F,Q,9,168,CG,N,7.895262
tcr_20_4,C,A,F,A,9,164,CG,O,7.90615
tcr_20_4,C,A,F,Q,9,168,CG,CA,9.077558
tcr_20_4,C,A,F,Q,9,165,CG,C,9.994731
tcr_20_4,C,A,F,V,9,100,CG,N,9.1971445
tcr_20_4,C,A,F,R,9,99,CG,C,9.813391
tcr_20_4,C,A,F,D,9,98,CG,C,8.626067
tcr_20_4,C,A,F,D,9,98,CG,O,8.143019
tcr_20_4,C,A,F,R,9,99,CG,N,9.777058
tcr_20_4,C,A,F,L,9,102,CG,N,6.725552
tcr_20_4,C,A,F,V,9,100,CG,CA,8.686409
tcr_20_4,C,A,F,V,9,100,CG,CB,8.855577
tcr_20_4,C,A,F,V,9,100,CG,CG1,8.750142
tcr_20_4,C,A,F,V,9,100,CG,C,7.3355513
tcr_20_4,C,A,F,V,9,100,CG,O,7.338217
tcr_20_4,C,A,F,K,9,104,CG,N,7.634006
tcr_20_4,C,A,F,K,9,104,CG,CA,7.1283207
tcr_20_4,C,A,F,R,9,103,CG,N,8.684105
tcr_20_4,C,A,F,R,9,103,CG,O,9.479485
tcr_20_4,C,A,F,R,9,103,CG,C,8.787043
tcr_20_4,C,A,F,R,9,103,CG,CA,9.465027
tcr_20_4,C,A,F,N,9,101,CG,ND2,4.941303
tcr_20_4,C,A,F,R,9,121,CG,CD,9.382855
tcr_20_4,C,A,F,F,9,140,CG,CE1,6.35101
tcr_20_4,C,A,F,D,9,98,CG,CB,8.732766
tcr_20_4,C,A,F,D,9,98,CG,CG,8.174603
tcr_20_4,C,A,F,D,9,98,CG,CA,8.068428
tcr_20_4,C,A,F,D,9,98,CG,OD1,7.1671553
tcr_20_4,C,A,F,D,9,98,CG,OD2,8.917006
tcr_20_4,C,A,F,Q,9,94,CG,CD,9.361286
tcr_20_4,C,A,F,Q,9,94,CG,NE2,8.232676
tcr_20_4,C,A,F,D,9,98,CG,N,8.560077
tcr_20_4,C,A,F,A,9,97,CG,O,7.6047764
tcr_20_4,C,A,F,Q,9,94,CG,OE1,9.615961
tcr_20_4,C,A,F,A,9,97,CG,C,8.294203
tcr_20_4,C,A,F,A,9,97,CG,CB,8.96565
tcr_20_4,C,A,F,A,9,97,CG,CA,9.251682
tcr_20_4,C,A,F,N,9,101,CG,CA,5.1361337
tcr_20_4,C,A,F,N,9,101,CG,CG,4.343594
tcr_20_4,C,A,F,N,9,101,CG,OD1,4.088549
tcr_20_4,C,A,F,N,9,101,CG,N,6.4181886
tcr_20_4,C,A,F,N,9,101,CG,CB,4.600022
tcr_20_4,C,A,F,K,9,104,CG,CD,5.9660583
tcr_20_4,C,A,F,T,9,167,CG,CG2,4.259947
tcr_20_4,C,A,F,K,9,104,CG,NZ,6.681301
tcr_20_4,C,A,F,N,9,101,CG,C,5.602108
tcr_20_4,C,A,F,N,9,101,CG,O,5.3161235
tcr_20_4,C,A,F,K,9,104,CG,CB,6.023356
tcr_20_4,C,A,F,K,9,104,CG,CE,7.0498223
tcr_20_4,C,A,F,K,9,104,CG,CG,6.757443
tcr_20_4,C,A,F,T,9,167,CG,CA,6.0422745
tcr_20_4,C,A,F,Y,9,108,CG,CZ,6.495465
tcr_20_4,C,A,F,Y,9,108,CG,OH,6.391163
tcr_20_4,C,A,F,K,9,170,CG,CD,7.7109356
tcr_20_4,C,A,F,K,9,170,CG,CE,8.374382
tcr_20_4,C,A,F,I,9,166,CG,CG2,8.856223
tcr_20_4,C,A,F,Y,9,108,CG,CE1,7.7919474
tcr_20_4,C,A,F,I,9,166,CG,O,8.50013
tcr_20_4,C,A,F,K,9,170,CG,NZ,7.7460566
tcr_20_4,C,A,F,K,9,170,CG,CG,8.73526
tcr_20_4,C,A,F,R,9,121,CG,NE,9.780466
tcr_20_4,C,A,F,E,9,176,CG,CG,9.478058
tcr_20_4,C,A,F,W,9,171,CG,CH2,5.1789775
tcr_20_4,C,A,F,W,9,171,CG,CD2,6.4732347
tcr_20_4,C,A,F,W,9,171,CG,CE2,5.3516607
tcr_20_4,C,A,F,W,9,171,CG,CE3,6.879688
tcr_20_4,C,A,F,W,9,171,CG,CZ2,4.601861
tcr_20_4,C,A,F,W,9,171,CG,CZ3,6.298182
tcr_20_4,C,A,F,F,9,140,CG,CZ,6.779622
tcr_20_4,C,A,F,W,9,157,CG,CH2,9.792363
tcr_20_4,C,A,F,E,9,176,CG,CD,9.660163
tcr_20_4,C,A,F,E,9,176,CG,OE1,9.4577055
tcr_20_4,C,A,F,R,9,180,CG,NH2,9.650739
tcr_20_4,C,A,F,W,9,171,CG,N,9.188665
tcr_20_4,C,A,F,T,9,167,CG,C,7.0333347
tcr_20_4,C,A,F,W,9,171,CG,CD1,6.8008504
tcr_20_4,C,A,F,W,9,171,CG,CB,8.666342
tcr_20_4,C,A,F,W,9,171,CG,CG,7.292521
tcr_20_4,C,A,F,W,9,171,CG,NE1,5.6161494
tcr_20_4,C,A,F,T,9,167,CG,O,7.324551
tcr_20_4,C,A,F,Q,9,168,CG,C,9.949757
tcr_20_4,C,A,F,K,9,170,CG,N,9.845989
tcr_20_4,C,A,F,K,9,170,CG,C,9.756077
tcr_20_4,C,A,F,K,9,170,CG,CB,8.400545
tcr_20_4,C,A,F,K,9,170,CG,CA,9.624302
tcr_20_4,C,A,F,W,9,171,CG,CA,9.517697
tcr_20_4,C,A,F,A,9,141,CD1,CA,9.019098
tcr_20_4,C,A,F,Q,9,120,CD1,N,9.409996
tcr_20_4,C,A,F,L,9,119,CD1,CA,8.987006
tcr_20_4,C,A,F,Q,9,120,CD1,O,8.353757
tcr_20_4,C,A,F,A,9,141,CD1,O,8.427445
tcr_20_4,C,A,F,A,9,141,CD1,N,8.308594
tcr_20_4,C,A,F,F,9,140,CD1,CA,7.3137712
tcr_20_4,C,A,F,F,9,140,CD1,C,7.9043765
tcr_20_4,C,A,F,F,9,140,CD1,O,8.201272
tcr_20_4,C,A,F,A,9,141,CD1,C,8.638137
tcr_20_4,C,A,F,L,9,119,CD1,CB,8.05178
tcr_20_4,C,A,F,L,9,102,CD1,CG,9.75253
tcr_20_4,C,A,F,R,9,121,CD1,N,9.772767
tcr_20_4,C,A,F,R,9,121,CD1,CA,9.542238
tcr_20_4,C,A,F,R,9,121,CD1,CB,8.885641
tcr_20_4,C,A,F,Q,9,120,CD1,C,9.25289
tcr_20_4,C,A,F,R,9,121,CD1,CG,8.911693
tcr_20_4,C,A,F,L,9,119,CD1,C,9.52322
tcr_20_4,C,A,F,L,9,119,CD1,CG,6.8409395
tcr_20_4,C,A,F,F,9,140,CD1,CD1,5.387893
tcr_20_4,C,A,F,L,9,119,CD1,CD1,5.9220915
tcr_20_4,C,A,F,F,9,140,CD1,CG,5.4371314
tcr_20_4,C,A,F,F,9,140,CD1,CB,5.7881675
tcr_20_4,C,A,F,L,9,119,CD1,CD2,6.2879744
tcr_20_4,C,A,F,L,9,102,CD1,O,9.753769
tcr_20_4,C,A,F,L,9,102,CD1,CD2,9.828672
tcr_20_4,C,A,F,L,9,102,CD1,C,9.508351
tcr_20_4,C,A,F,L,9,102,CD1,CA,8.810356
tcr_20_4,C,A,F,L,9,102,CD1,CB,9.967468
tcr_20_4,C,A,F,Y,9,142,CD1,CE2,9.32161
tcr_20_4,C,A,F,L,9,105,CD1,O,9.5825405
tcr_20_4,C,A,F,R,9,106,CD1,N,9.94605
tcr_20_4,C,A,F,K,9,104,CD1,C,8.127465
tcr_20_4,C,A,F,L,9,105,CD1,C,9.082524
tcr_20_4,C,A,F,Y,9,142,CD1,CD1,9.5164995
tcr_20_4,C,A,F,Y,9,109,CD1,CZ,9.683645
tcr_20_4,C,A,F,Y,9,142,CD1,CA,9.093592
tcr_20_4,C,A,F,Y,9,109,CD1,OH,9.196148
tcr_20_4,C,A,F,Y,9,142,CD1,N,8.876518
tcr_20_4,C,A,F,Y,9,147,CD1,CA,7.8037906
tcr_20_4,C,A,F,Y,9,147,CD1,N,8.851551
tcr_20_4,C,A,F,Y,9,142,CD1,CB,8.25999
tcr_20_4,C,A,F,L,9,105,CD1,CG,5.5944123
tcr_20_4,C,A,F,L,9,105,CD1,CD1,5.607596
tcr_20_4,C,A,F,Y,9,109,CD1,CD2,9.828156
tcr_20_4,C,A,F,Y,9,109,CD1,CE2,9.025066
tcr_20_4,C,A,F,Y,9,142,CD1,CD2,8.613822
tcr_20_4,C,A,F,L,9,105,CD1,N,7.5105352
tcr_20_4,C,A,F,L,9,105,CD1,CA,7.5862427
tcr_20_4,C,A,F,L,9,105,CD1,CB,7.099894
tcr_20_4,C,A,F,Y,9,142,CD1,CG,8.712438
tcr_20_4,C,A,F,L,9,105,CD1,CD2,5.2022076
tcr_20_4,C,A,F,Y,9,147,CD1,CE2,5.8653035
tcr_20_4,C,A,F,Y,9,147,CD1,CD2,6.298716
tcr_20_4,C,A,F,Y,9,147,CD1,OH,4.71181
tcr_20_4,C,A,F,Y,9,147,CD1,CB,6.69751
tcr_20_4,C,A,F,Y,9,147,CD1,CZ,4.6474442
tcr_20_4,C,A,F,Y,9,147,CD1,CE1,3.7548883
tcr_20_4,C,A,F,Y,9,147,CD1,CG,5.6812577
tcr_20_4,C,A,F,A,9,164,CD1,CB,7.578364
tcr_20_4,C,A,F,I,9,148,CD1,N,7.0430336
tcr_20_4,C,A,F,Y,9,147,CD1,CD1,4.409749
tcr_20_4,C,A,F,Y,9,147,CD1,C,7.5273957
tcr_20_4,C,A,F,Y,9,147,CD1,O,8.08574
tcr_20_4,C,A,F,A,9,163,CD1,CA,9.404767
tcr_20_4,C,A,F,A,9,163,CD1,CB,9.334197
tcr_20_4,C,A,F,A,9,164,CD1,N,8.028598
tcr_20_4,C,A,F,A,9,163,CD1,C,8.179016
tcr_20_4,C,A,F,K,9,104,CD1,O,8.760712
tcr_20_4,C,A,F,Y,9,108,CD1,CD2,6.7931614
tcr_20_4,C,A,F,Y,9,108,CD1,CE2,6.2261944
tcr_20_4,C,A,F,Y,9,108,CD1,CB,9.009944
tcr_20_4,C,A,F,Y,9,108,CD1,CD1,8.974798
tcr_20_4,C,A,F,Y,9,108,CD1,CG,8.195294
tcr_20_4,C,A,F,A,9,163,CD1,O,7.675572
tcr_20_4,C,A,F,I,9,166,CD1,CB,8.83685
tcr_20_4,C,A,F,T,9,167,CD1,OG1,3.8871853
tcr_20_4,C,A,F,I,9,166,CD1,C,7.7540274
tcr_20_4,C,A,F,I,9,166,CD1,CA,8.823054
tcr_20_4,C,A,F,T,9,167,CD1,CB,4.2508283
tcr_20_4,C,A,F,I,9,166,CD1,N,8.955748
tcr_20_4,C,A,F,Q,9,165,CD1,N,9.008399
tcr_20_4,C,A,F,A,9,164,CD1,C,7.7288895
tcr_20_4,C,A,F,A,9,164,CD1,CA,7.2027063
tcr_20_4,C,A,F,T,9,167,CD1,N,6.538255
tcr_20_4,C,A,F,Q,9,139,CD1,CA,9.661185
tcr_20_4,C,A,F,F,9,140,CD1,N,8.000878
tcr_20_4,C,A,F,Q,9,139,CD1,C,8.772438
tcr_20_4,C,A,F,Q,9,139,CD1,O,9.018676
tcr_20_4,C,A,F,N,9,138,CD1,O,9.7702875
tcr_20_4,C,A,F,A,9,149,CD1,CA,9.71688
tcr_20_4,C,A,F,A,9,149,CD1,N,8.860549
tcr_20_4,C,A,F,I,9,148,CD1,C,7.8168902
tcr_20_4,C,A,F,I,9,148,CD1,CA,7.226234
tcr_20_4,C,A,F,I,9,148,CD1,O,7.5456123
tcr_20_4,C,A,F,I,9,148,CD1,CG1,6.9364495
tcr_20_4,C,A,F,I,9,148,CD1,CB,6.12502
tcr_20_4,C,A,F,F,9,140,CD1,CE2,5.877624
tcr_20_4,C,A,F,I,9,148,CD1,CG2,4.9391556
tcr_20_4,C,A,F,W,9,157,CD1,CE3,8.498308
tcr_20_4,C,A,F,F,9,140,CD1,CD2,5.6878676
tcr_20_4,C,A,F,W,9,157,CD1,CZ3,8.234491
tcr_20_4,C,A,F,W,9,157,CD1,CD2,9.013881
tcr_20_4,C,A,F,I,9,148,CD1,CD1,6.4720726
tcr_20_4,C,A,F,W,9,157,CD1,CG,9.689046
tcr_20_4,C,A,F,Q,9,168,CD1,N,7.065355
tcr_20_4,C,A,F,A,9,164,CD1,O,7.1358657
tcr_20_4,C,A,F,Q,9,168,CD1,CA,8.139253
tcr_20_4,C,A,F,Q,9,168,CD1,CB,9.033691
tcr_20_4,C,A,F,A,9,159,CD1,CB,9.854414
tcr_20_4,C,A,F,Q,9,165,CD1,CA,9.779074
tcr_20_4,C,A,F,Q,9,165,CD1,C,9.480095
tcr_20_4,C,A,F,Q,9,165,CD1,O,9.973814
tcr_20_4,C,A,F,D,9,98,CD1,C,9.693378
tcr_20_4,C,A,F,D,9,98,CD1,O,9.26794
tcr_20_4,C,A,F,L,9,102,CD1,N,7.979078
tcr_20_4,C,A,F,V,9,100,CD1,C,8.697652
tcr_20_4,C,A,F,V,9,100,CD1,O,8.737602
tcr_20_4,C,A,F,K,9,104,CD1,N,8.988016
tcr_20_4,C,A,F,K,9,104,CD1,CA,8.420305
tcr_20_4,C,A,F,R,9,121,CD1,NH1,9.88837
tcr_20_4,C,A,F,N,9,101,CD1,ND2,5.7402515
tcr_20_4,C,A,F,R,9,121,CD1,CD,8.790423
tcr_20_4,C,A,F,F,9,140,CD1,CE1,5.5767865
tcr_20_4,C,A,F,D,9,98,CD1,CB,9.508703
tcr_20_4,C,A,F,D,9,98,CD1,CG,8.757662
tcr_20_4,C,A,F,D,9,98,CD1,CA,8.994937
tcr_20_4,C,A,F,D,9,98,CD1,OD1,7.7140174
tcr_20_4,C,A,F,D,9,98,CD1,OD2,9.370123
tcr_20_4,C,A,F,Q,9,94,CD1,CD,9.515803
tcr_20_4,C,A,F,Q,9,94,CD1,NE2,8.503
tcr_20_4,C,A,F,D,9,98,CD1,N,9.45259
tcr_20_4,C,A,F,A,9,97,CD1,O,8.678693
tcr_20_4,C,A,F,Q,9,94,CD1,OE1,9.653015
tcr_20_4,C,A,F,A,9,97,CD1,C,9.250494
tcr_20_4,C,A,F,A,9,97,CD1,CB,9.670019
tcr_20_4,C,A,F,N,9,101,CD1,CA,6.4661818
tcr_20_4,C,A,F,N,9,101,CD1,CG,5.3958235
tcr_20_4,C,A,F,N,9,101,CD1,OD1,5.1902432
tcr_20_4,C,A,F,N,9,101,CD1,N,7.7321954
tcr_20_4,C,A,F,N,9,101,CD1,CB,5.769595
tcr_20_4,C,A,F,K,9,104,CD1,CD,7.204145
tcr_20_4,C,A,F,T,9,167,CD1,CG2,3.3768282
tcr_20_4,C,A,F,K,9,104,CD1,NZ,7.7083745
tcr_20_4,C,A,F,N,9,101,CD1,C,6.918818
tcr_20_4,C,A,F,N,9,101,CD1,O,6.6360655
tcr_20_4,C,A,F,K,9,104,CD1,CB,7.326385
tcr_20_4,C,A,F,K,9,104,CD1,CE,8.214963
tcr_20_4,C,A,F,K,9,104,CD1,CG,8.060124
tcr_20_4,C,A,F,T,9,167,CD1,CA,5.5446267
tcr_20_4,C,A,F,Y,9,108,CD1,CZ,7.231182
tcr_20_4,C,A,F,Y,9,108,CD1,OH,7.126669
tcr_20_4,C,A,F,K,9,170,CD1,CD,7.9209228
tcr_20_4,C,A,F,K,9,170,CD1,CE,8.781743
tcr_20_4,C,A,F,I,9,166,CD1,CG2,9.040782
tcr_20_4,C,A,F,Y,9,108,CD1,CE1,8.560707
tcr_20_4,C,A,F,I,9,166,CD1,O,8.220031
tcr_20_4,C,A,F,K,9,170,CD1,NZ,8.368246
tcr_20_4,C,A,F,K,9,170,CD1,CG,8.7387295
tcr_20_4,C,A,F,N,9,138,CD1,OD1,9.416736
tcr_20_4,C,A,F,R,9,121,CD1,NH2,9.979418
tcr_20_4,C,A,F,R,9,121,CD1,NE,9.067479
tcr_20_4,C,A,F,R,9,121,CD1,CZ,9.56526
tcr_20_4,C,A,F,N,9,138,CD1,CG,9.607334
tcr_20_4,C,A,F,E,9,176,CD1,CG,8.598804
tcr_20_4,C,A,F,W,9,171,CD1,CH2,3.920785
tcr_20_4,C,A,F,W,9,171,CD1,CD2,5.416796
tcr_20_4,C,A,F,W,9,171,CD1,CE2,4.424163
tcr_20_4,C,A,F,W,9,171,CD1,CE3,5.6414876
tcr_20_4,C,A,F,W,9,171,CD1,CZ2,3.561596
tcr_20_4,C,A,F,W,9,171,CD1,CZ3,4.976322
tcr_20_4,C,A,F,F,9,140,CD1,CZ,5.8168664
tcr_20_4,C,A,F,N,9,138,CD1,ND2,8.968656
tcr_20_4,C,A,F,W,9,157,CD1,CH2,8.502438
tcr_20_4,C,A,F,W,9,157,CD1,CZ2,9.004361
tcr_20_4,C,A,F,W,9,157,CD1,CE2,9.239725
tcr_20_4,C,A,F,W,9,157,CD1,NE1,9.972811
tcr_20_4,C,A,F,E,9,176,CD1,CB,9.489349
tcr_20_4,C,A,F,R,9,180,CD1,NE,9.64468
tcr_20_4,C,A,F,E,9,176,CD1,OE2,9.641408
tcr_20_4,C,A,F,R,9,180,CD1,CZ,9.657064
tcr_20_4,C,A,F,E,9,176,CD1,CD,8.94924
tcr_20_4,C,A,F,E,9,176,CD1,OE1,8.768278
tcr_20_4,C,A,F,R,9,180,CD1,NH2,9.106294
tcr_20_4,C,A,F,Q,9,168,CD1,O,9.497378
tcr_20_4,C,A,F,W,9,171,CD1,N,8.532998
tcr_20_4,C,A,F,T,9,167,CD1,C,6.3149834
tcr_20_4,C,A,F,W,9,171,CD1,CD1,6.127596
tcr_20_4,C,A,F,W,9,171,CD1,CB,7.7343507
tcr_20_4,C,A,F,W,9,171,CD1,CG,6.3973722
tcr_20_4,C,A,F,W,9,171,CD1,NE1,4.9749336
tcr_20_4,C,A,F,T,9,167,CD1,O,6.6152024
tcr_20_4,C,A,F,Q,9,168,CD1,C,9.113071
tcr_20_4,C,A,F,K,9,170,CD1,N,9.392873
tcr_20_4,C,A,F,R,9,169,CD1,N,9.68488
tcr_20_4,C,A,F,K,9,170,CD1,C,9.260518
tcr_20_4,C,A,F,K,9,170,CD1,CB,8.199079
tcr_20_4,C,A,F,K,9,170,CD1,CA,9.265625
tcr_20_4,C,A,F,W,9,171,CD1,CA,8.740287
tcr_20_4,C,A,F,A,9,141,CD2,CA,9.097733
tcr_20_4,C,A,F,T,9,118,CD2,C,9.33492
tcr_20_4,C,A,F,L,9,119,CD2,N,8.600192
tcr_20_4,C,A,F,Q,9,120,CD2,CA,9.313322
tcr_20_4,C,A,F,Q,9,120,CD2,N,8.446004
tcr_20_4,C,A,F,L,9,119,CD2,CA,7.5297127
tcr_20_4,C,A,F,Q,9,120,CD2,O,8.068362
tcr_20_4,C,A,F,A,9,141,CD2,O,7.8837366
tcr_20_4,C,A,F,A,9,141,CD2,N,8.519136
tcr_20_4,C,A,F,F,9,140,CD2,CA,7.99145
tcr_20_4,C,A,F,F,9,140,CD2,C,8.482326
tcr_20_4,C,A,F,F,9,140,CD2,O,9.014334
tcr_20_4,C,A,F,T,9,118,CD2,O,9.173077
tcr_20_4,C,A,F,A,9,141,CD2,C,8.36706
tcr_20_4,C,A,F,L,9,102,CD2,CD1,8.684634
tcr_20_4,C,A,F,S,9,35,CD2,CB,9.103975
tcr_20_4,C,A,F,L,9,119,CD2,CB,6.345582
tcr_20_4,C,A,F,L,9,102,CD2,CG,7.44225
tcr_20_4,C,A,F,R,9,121,CD2,N,9.335346
tcr_20_4,C,A,F,R,9,121,CD2,CA,9.413635
tcr_20_4,C,A,F,R,9,121,CD2,CB,8.703305
tcr_20_4,C,A,F,Q,9,120,CD2,C,8.757195
tcr_20_4,C,A,F,R,9,121,CD2,CG,9.069866
tcr_20_4,C,A,F,L,9,119,CD2,O,8.81683
tcr_20_4,C,A,F,L,9,119,CD2,C,8.241312
tcr_20_4,C,A,F,L,9,119,CD2,CG,5.2955785
tcr_20_4,C,A,F,F,9,140,CD2,CD1,5.827217
tcr_20_4,C,A,F,L,9,119,CD2,CD1,4.75075
tcr_20_4,C,A,F,F,9,140,CD2,CG,6.3224673
tcr_20_4,C,A,F,F,9,140,CD2,CB,6.5697093
tcr_20_4,C,A,F,L,9,119,CD2,CD2,4.414883
tcr_20_4,C,A,F,Y,9,142,CD2,CE1,9.093651
tcr_20_4,C,A,F,Y,9,142,CD2,CZ,8.695407
tcr_20_4,C,A,F,Y,9,142,CD2,OH,9.391456
tcr_20_4,C,A,F,L,9,102,CD2,O,7.7138143
tcr_20_4,C,A,F,L,9,102,CD2,CD2,7.6753454
tcr_20_4,C,A,F,L,9,102,CD2,C,7.320752
tcr_20_4,C,A,F,L,9,102,CD2,CA,6.5102205
tcr_20_4,C,A,F,L,9,102,CD2,CB,7.6190143
tcr_20_4,C,A,F,Y,9,142,CD2,CE2,7.8305893
tcr_20_4,C,A,F,L,9,105,CD2,O,8.577548
tcr_20_4,C,A,F,R,9,106,CD2,N,8.441269
tcr_20_4,C,A,F,K,9,104,CD2,C,6.8189144
tcr_20_4,C,A,F,R,9,106,CD2,CA,9.907738
tcr_20_4,C,A,F,L,9,105,CD2,C,7.8226995
tcr_20_4,C,A,F,Y,9,108,CD2,N,9.923971
tcr_20_4,C,A,F,Y,9,142,CD2,CD1,8.681855
tcr_20_4,C,A,F,Y,9,142,CD2,C,9.940197
tcr_20_4,C,A,F,Y,9,109,CD2,CZ,9.7190485
tcr_20_4,C,A,F,Y,9,142,CD2,CA,8.484342
tcr_20_4,C,A,F,Y,9,109,CD2,OH,9.49372
tcr_20_4,C,A,F,Y,9,142,CD2,N,8.589836
tcr_20_4,C,A,F,Y,9,147,CD2,CA,8.821536
tcr_20_4,C,A,F,Y,9,147,CD2,N,9.765781
tcr_20_4,C,A,F,Y,9,142,CD2,CB,7.68483
tcr_20_4,C,A,F,L,9,105,CD2,CG,4.221588
tcr_20_4,C,A,F,L,9,105,CD2,CD1,3.9855688
tcr_20_4,C,A,F,Y,9,109,CD2,CD2,9.336318
tcr_20_4,C,A,F,Y,9,109,CD2,CE2,8.776276
tcr_20_4,C,A,F,Y,9,142,CD2,CD2,7.3475404
tcr_20_4,C,A,F,L,9,105,CD2,N,6.044464
tcr_20_4,C,A,F,L,9,105,CD2,CA,6.3176103
tcr_20_4,C,A,F,L,9,105,CD2,CB,5.6552453
tcr_20_4,C,A,F,Y,9,142,CD2,CG,7.804636
tcr_20_4,C,A,F,L,9,105,CD2,CD2,4.507791
tcr_20_4,C,A,F,Y,9,147,CD2,CE2,6.5140886
tcr_20_4,C,A,F,Y,9,147,CD2,CD2,6.9300513
tcr_20_4,C,A,F,Y,9,147,CD2,OH,5.61405
tcr_20_4,C,A,F,Y,9,147,CD2,CB,7.455278
tcr_20_4,C,A,F,Y,9,147,CD2,CZ,5.583296
tcr_20_4,C,A,F,Y,9,147,CD2,CE1,5.049384
tcr_20_4,C,A,F,Y,9,147,CD2,CG,6.517736
tcr_20_4,C,A,F,A,9,164,CD2,CB,9.147717
tcr_20_4,C,A,F,I,9,148,CD2,N,8.573305
tcr_20_4,C,A,F,Y,9,147,CD2,CD1,5.58222
tcr_20_4,C,A,F,Y,9,147,CD2,C,8.931353
tcr_20_4,C,A,F,Y,9,147,CD2,O,9.623921
tcr_20_4,C,A,F,A,9,163,CD2,CB,9.843768
tcr_20_4,C,A,F,A,9,164,CD2,N,9.270467
tcr_20_4,C,A,F,A,9,163,CD2,C,9.258516
tcr_20_4,C,A,F,K,9,104,CD2,O,7.703372
tcr_20_4,C,A,F,Y,9,108,CD2,CD2,6.799892
tcr_20_4,C,A,F,Y,9,108,CD2,CE2,6.339424
tcr_20_4,C,A,F,Y,9,108,CD2,CB,8.81841
tcr_20_4,C,A,F,Y,9,108,CD2,CD1,8.819656
tcr_20_4,C,A,F,Y,9,108,CD2,CG,8.068804
tcr_20_4,C,A,F,A,9,163,CD2,O,8.827381
tcr_20_4,C,A,F,I,9,166,CD2,CB,9.954972
tcr_20_4,C,A,F,T,9,167,CD2,OG1,5.4239516
tcr_20_4,C,A,F,I,9,166,CD2,C,9.348516
tcr_20_4,C,A,F,T,9,167,CD2,CB,6.218995
tcr_20_4,C,A,F,A,9,164,CD2,C,9.4972725
tcr_20_4,C,A,F,A,9,164,CD2,CA,8.742266
tcr_20_4,C,A,F,T,9,167,CD2,N,8.211486
tcr_20_4,C,A,F,F,9,140,CD2,N,8.980029
tcr_20_4,C,A,F,Q,9,139,CD2,C,9.716031
tcr_20_4,C,A,F,Q,9,139,CD2,O,9.710658
tcr_20_4,C,A,F,I,9,148,CD2,C,9.606964
tcr_20_4,C,A,F,I,9,148,CD2,CA,9.054449
tcr_20_4,C,A,F,I,9,148,CD2,O,9.149099
tcr_20_4,C,A,F,I,9,148,CD2,CG1,9.165968
tcr_20_4,C,A,F,I,9,148,CD2,CB,8.169548
tcr_20_4,C,A,F,F,9,140,CD2,CE2,7.200908
tcr_20_4,C,A,F,I,9,148,CD2,CG2,6.974726
tcr_20_4,C,A,F,F,9,140,CD2,CD2,6.9960375
tcr_20_4,C,A,F,I,9,148,CD2,CD1,8.822873
tcr_20_4,C,A,F,Q,9,168,CD2,N,9.246171
tcr_20_4,C,A,F,A,9,164,CD2,O,9.090149
tcr_20_4,C,A,F,R,9,103,CD2,CB,9.599203
tcr_20_4,C,A,F,R,9,99,CD2,O,9.061498
tcr_20_4,C,A,F,V,9,100,CD2,N,8.2659855
tcr_20_4,C,A,F,R,9,99,CD2,CA,9.343691
tcr_20_4,C,A,F,R,9,99,CD2,C,8.778913
tcr_20_4,C,A,F,D,9,98,CD2,C,7.3906555
tcr_20_4,C,A,F,D,9,98,CD2,O,6.886052
tcr_20_4,C,A,F,R,9,99,CD2,N,8.593531
tcr_20_4,C,A,F,L,9,102,CD2,N,5.606566
tcr_20_4,C,A,F,V,9,100,CD2,CG2,9.707894
tcr_20_4,C,A,F,V,9,100,CD2,CA,7.9249
tcr_20_4,C,A,F,V,9,100,CD2,CB,8.25544
tcr_20_4,C,A,F,V,9,100,CD2,CG1,8.364634
tcr_20_4,C,A,F,V,9,100,CD2,C,6.5795183
tcr_20_4,C,A,F,V,9,100,CD2,O,6.697291
tcr_20_4,C,A,F,K,9,104,CD2,N,7.2173996
tcr_20_4,C,A,F,K,9,104,CD2,CA,6.971772
tcr_20_4,C,A,F,R,9,103,CD2,N,7.831594
tcr_20_4,C,A,F,R,9,103,CD2,O,9.081001
tcr_20_4,C,A,F,R,9,103,CD2,C,8.290619
tcr_20_4,C,A,F,R,9,103,CD2,CA,8.773649
tcr_20_4,C,A,F,S,9,35,CD2,OG,9.288984
tcr_20_4,C,A,F,Q,9,94,CD2,CG,9.616399
tcr_20_4,C,A,F,R,9,121,CD2,NH1,9.965226
tcr_20_4,C,A,F,N,9,101,CD2,ND2,4.039303
tcr_20_4,C,A,F,R,9,121,CD2,CD,8.863578
tcr_20_4,C,A,F,F,9,140,CD2,CE1,6.05998
tcr_20_4,C,A,F,D,9,98,CD2,CB,7.4363256
tcr_20_4,C,A,F,D,9,98,CD2,CG,6.917486
tcr_20_4,C,A,F,D,9,98,CD2,CA,6.840907
tcr_20_4,C,A,F,D,9,98,CD2,OD1,5.9881735
tcr_20_4,C,A,F,D,9,98,CD2,OD2,7.6549277
tcr_20_4,C,A,F,Q,9,94,CD2,CD,8.5756645
tcr_20_4,C,A,F,Q,9,94,CD2,NE2,7.394462
tcr_20_4,C,A,F,D,9,98,CD2,N,7.464133
tcr_20_4,C,A,F,A,9,97,CD2,O,6.699936
tcr_20_4,C,A,F,Q,9,94,CD2,OE1,8.985692
tcr_20_4,C,A,F,Q,9,94,CD2,O,9.239725
tcr_20_4,C,A,F,A,9,97,CD2,C,7.342797
tcr_20_4,C,A,F,A,9,97,CD2,CB,8.25662
tcr_20_4,C,A,F,A,9,97,CD2,N,9.698543
tcr_20_4,C,A,F,A,9,97,CD2,CA,8.434912
tcr_20_4,C,A,F,N,9,101,CD2,CA,4.208787
tcr_20_4,C,A,F,N,9,101,CD2,CG,3.4660585
tcr_20_4,C,A,F,N,9,101,CD2,OD1,3.5819006
tcr_20_4,C,A,F,N,9,101,CD2,N,5.536585
tcr_20_4,C,A,F,N,9,101,CD2,CB,3.462263
tcr_20_4,C,A,F,K,9,104,CD2,CD,6.1532817
tcr_20_4,C,A,F,T,9,167,CD2,CG2,5.6069913
tcr_20_4,C,A,F,K,9,104,CD2,NZ,7.018653
tcr_20_4,C,A,F,N,9,101,CD2,C,4.6127276
tcr_20_4,C,A,F,N,9,101,CD2,O,4.517913
tcr_20_4,C,A,F,K,9,104,CD2,CB,6.0075884
tcr_20_4,C,A,F,K,9,104,CD2,CE,7.270242
tcr_20_4,C,A,F,K,9,104,CD2,CG,6.790728
tcr_20_4,C,A,F,T,9,167,CD2,CA,7.4201984
tcr_20_4,C,A,F,Y,9,108,CD2,CZ,7.2736845
tcr_20_4,C,A,F,Y,9,108,CD2,OH,7.2548127
tcr_20_4,C,A,F,K,9,170,CD2,CD,8.907768
tcr_20_4,C,A,F,K,9,170,CD2,CE,9.46806
tcr_20_4,C,A,F,I,9,166,CD2,CG2,9.99681
tcr_20_4,C,A,F,Y,9,108,CD2,CE1,8.47476
tcr_20_4,C,A,F,I,9,166,CD2,O,9.856008
tcr_20_4,C,A,F,K,9,170,CD2,NZ,8.6926985
tcr_20_4,C,A,F,R,9,121,CD2,NE,9.445261
tcr_20_4,C,A,F,R,9,121,CD2,CZ,9.9201765
tcr_20_4,C,A,F,W,9,171,CD2,CH2,5.9466333
tcr_20_4,C,A,F,W,9,171,CD2,CD2,7.5896883
tcr_20_4,C,A,F,W,9,171,CD2,CE2,6.4075866
tcr_20_4,C,A,F,W,9,171,CD2,CE3,7.9136806
tcr_20_4,C,A,F,W,9,171,CD2,CZ2,5.477788
tcr_20_4,C,A,F,W,9,171,CD2,CZ3,7.1687913
tcr_20_4,C,A,F,F,9,140,CD2,CZ,6.7568064
tcr_20_4,C,A,F,R,9,180,CD2,NH2,9.90804
tcr_20_4,C,A,F,T,9,167,CD2,C,8.420348
tcr_20_4,C,A,F,W,9,171,CD2,CD1,7.9834976
tcr_20_4,C,A,F,W,9,171,CD2,CB,9.9012
tcr_20_4,C,A,F,W,9,171,CD2,CG,8.490349
tcr_20_4,C,A,F,W,9,171,CD2,NE1,6.7196636
tcr_20_4,C,A,F,T,9,167,CD2,O,8.715698
tcr_20_4,C,A,F,K,9,170,CD2,CB,9.718688
tcr_20_4,C,A,F,A,9,141,CE1,CB,9.392204
tcr_20_4,C,A,F,A,9,141,CE1,CA,7.9561715
tcr_20_4,C,A,F,L,9,119,CE1,N,9.481899
tcr_20_4,C,A,F,Q,9,120,CE1,CA,8.887077
tcr_20_4,C,A,F,Q,9,120,CE1,N,8.315612
tcr_20_4,C,A,F,L,9,119,CE1,CA,8.173764
tcr_20_4,C,A,F,Q,9,120,CE1,O,7.047711
tcr_20_4,C,A,F,A,9,141,CE1,O,7.436476
tcr_20_4,C,A,F,A,9,141,CE1,N,7.1207757
tcr_20_4,C,A,F,F,9,140,CE1,CA,5.9995127
tcr_20_4,C,A,F,F,9,140,CE1,C,6.699178
tcr_20_4,C,A,F,F,9,140,CE1,O,7.0993414
tcr_20_4,C,A,F,T,9,118,CE1,O,9.822995
tcr_20_4,C,A,F,A,9,141,CE1,C,7.683517
tcr_20_4,C,A,F,L,9,119,CE1,CB,7.3565273
tcr_20_4,C,A,F,L,9,102,CE1,CG,9.629282
tcr_20_4,C,A,F,R,9,121,CE1,N,8.444671
tcr_20_4,C,A,F,M,9,122,CE1,N,9.812775
tcr_20_4,C,A,F,R,9,121,CE1,C,9.550572
tcr_20_4,C,A,F,R,9,121,CE1,CA,8.167193
tcr_20_4,C,A,F,R,9,121,CE1,CB,7.5534816
tcr_20_4,C,A,F,Q,9,120,CE1,C,7.9603457
tcr_20_4,C,A,F,R,9,121,CE1,CG,7.5878325
tcr_20_4,C,A,F,L,9,119,CE1,O,9.240559
tcr_20_4,C,A,F,L,9,119,CE1,C,8.541982
tcr_20_4,C,A,F,L,9,119,CE1,CG,6.0349483
tcr_20_4,C,A,F,F,9,140,CE1,CD1,4.000435
tcr_20_4,C,A,F,L,9,119,CE1,CD1,5.0557237
tcr_20_4,C,A,F,F,9,140,CE1,CG,4.0610785
tcr_20_4,C,A,F,F,9,140,CE1,CB,4.4747863
tcr_20_4,C,A,F,L,9,119,CE1,CD2,5.6834164
tcr_20_4,C,A,F,L,9,102,CE1,CD2,9.622132
tcr_20_4,C,A,F,L,9,102,CE1,C,9.927336
tcr_20_4,C,A,F,L,9,102,CE1,CA,9.0512295
tcr_20_4,C,A,F,Y,9,142,CE1,CE2,9.202643
tcr_20_4,C,A,F,K,9,104,CE1,C,9.059777
tcr_20_4,C,A,F,L,9,105,CE1,C,9.703703
tcr_20_4,C,A,F,Y,9,142,CE1,CD1,9.400773
tcr_20_4,C,A,F,Y,9,142,CE1,C,9.971085
tcr_20_4,C,A,F,Y,9,109,CE1,CZ,9.885206
tcr_20_4,C,A,F,Y,9,142,CE1,CA,8.453681
tcr_20_4,C,A,F,Y,9,109,CE1,OH,9.282443
tcr_20_4,C,A,F,Y,9,142,CE1,N,8.0871525
tcr_20_4,C,A,F,K,9,145,CE1,O,9.827163
tcr_20_4,C,A,F,D,9,146,CE1,O,9.976462
tcr_20_4,C,A,F,D,9,146,CE1,C,9.390649
tcr_20_4,C,A,F,Y,9,147,CE1,CA,7.2280536
tcr_20_4,C,A,F,Y,9,147,CE1,N,8.107099
tcr_20_4,C,A,F,Y,9,142,CE1,CB,7.8225307
tcr_20_4,C,A,F,L,9,105,CE1,CG,5.9778
tcr_20_4,C,A,F,L,9,105,CE1,CD1,5.6516986
tcr_20_4,C,A,F,Y,9,109,CE1,CE2,9.283401
tcr_20_4,C,A,F,Y,9,142,CE1,CD2,8.345105
tcr_20_4,C,A,F,L,9,105,CE1,N,8.290597
tcr_20_4,C,A,F,L,9,105,CE1,CA,8.239879
tcr_20_4,C,A,F,L,9,105,CE1,CB,7.516985
tcr_20_4,C,A,F,Y,9,142,CE1,CG,8.447033
tcr_20_4,C,A,F,L,9,105,CE1,CD2,5.5888796
tcr_20_4,C,A,F,Y,9,147,CE1,CE2,6.102893
tcr_20_4,C,A,F,Y,9,147,CE1,CD2,6.2202744
tcr_20_4,C,A,F,Y,9,147,CE1,OH,5.467361
tcr_20_4,C,A,F,Y,9,147,CE1,CB,6.0891676
tcr_20_4,C,A,F,Y,9,147,CE1,CZ,5.055731
tcr_20_4,C,A,F,Y,9,147,CE1,CE1,3.9197524
tcr_20_4,C,A,F,Y,9,147,CE1,CG,5.3463726
tcr_20_4,C,A,F,A,9,164,CE1,CB,7.7536016
tcr_20_4,C,A,F,I,9,148,CE1,N,6.361866
tcr_20_4,C,A,F,Y,9,147,CE1,CD1,4.110305
tcr_20_4,C,A,F,Y,9,147,CE1,C,7.001523
tcr_20_4,C,A,F,Y,9,147,CE1,O,7.7289877
tcr_20_4,C,A,F,A,9,163,CE1,CB,9.956111
tcr_20_4,C,A,F,A,9,164,CE1,N,8.547882
tcr_20_4,C,A,F,A,9,163,CE1,C,8.881263
tcr_20_4,C,A,F,K,9,104,CE1,O,9.74122
tcr_20_4,C,A,F,Y,9,108,CE1,CD2,7.8843546
tcr_20_4,C,A,F,Y,9,108,CE1,CE2,7.461849
tcr_20_4,C,A,F,Y,9,108,CE1,CB,9.944835
tcr_20_4,C,A,F,Y,9,108,CE1,CG,9.27244
tcr_20_4,C,A,F,A,9,163,CE1,O,8.528255
tcr_20_4,C,A,F,I,9,166,CE1,CB,9.996883
tcr_20_4,C,A,F,T,9,167,CE1,OG1,5.021427
tcr_20_4,C,A,F,I,9,166,CE1,C,8.8663025
tcr_20_4,C,A,F,I,9,166,CE1,CA,9.911514
tcr_20_4,C,A,F,T,9,167,CE1,CB,5.2145376
tcr_20_4,C,A,F,I,9,166,CE1,N,9.89627
tcr_20_4,C,A,F,Q,9,165,CE1,N,9.599811
tcr_20_4,C,A,F,A,9,164,CE1,C,8.276856
tcr_20_4,C,A,F,A,9,164,CE1,CA,7.65156
tcr_20_4,C,A,F,T,9,167,CE1,N,7.6049232
tcr_20_4,C,A,F,Q,9,139,CE1,CA,8.392673
tcr_20_4,C,A,F,F,9,140,CE1,N,6.7061386
tcr_20_4,C,A,F,Q,9,139,CE1,CB,9.724911
tcr_20_4,C,A,F,Q,9,139,CE1,C,7.4383154
tcr_20_4,C,A,F,N,9,138,CE1,CB,9.757847
tcr_20_4,C,A,F,Q,9,139,CE1,O,7.6360807
tcr_20_4,C,A,F,N,9,138,CE1,CA,9.940959
tcr_20_4,C,A,F,N,9,138,CE1,O,8.686897
tcr_20_4,C,A,F,N,9,138,CE1,C,8.981794
tcr_20_4,C,A,F,Q,9,139,CE1,N,8.790382
tcr_20_4,C,A,F,A,9,149,CE1,CA,8.839384
tcr_20_4,C,A,F,A,9,149,CE1,N,8.089084
tcr_20_4,C,A,F,I,9,148,CE1,C,6.9946384
tcr_20_4,C,A,F,I,9,148,CE1,CA,6.603731
tcr_20_4,C,A,F,T,9,158,CE1,O,9.66303
tcr_20_4,C,A,F,I,9,148,CE1,O,6.549107
tcr_20_4,C,A,F,A,9,149,CE1,O,9.898829
tcr_20_4,C,A,F,A,9,149,CE1,C,9.428113
tcr_20_4,C,A,F,I,9,148,CE1,CG1,6.651194
tcr_20_4,C,A,F,I,9,148,CE1,CB,5.6983695
tcr_20_4,C,A,F,F,9,140,CE1,CE2,4.7225404
tcr_20_4,C,A,F,I,9,148,CE1,CG2,4.346393
tcr_20_4,C,A,F,W,9,157,CE1,CE3,8.035092
tcr_20_4,C,A,F,F,9,140,CE1,CD2,4.434001
tcr_20_4,C,A,F,W,9,157,CE1,CZ3,7.6409125
tcr_20_4,C,A,F,L,9,150,CE1,N,9.668599
tcr_20_4,C,A,F,W,9,157,CE1,CD2,8.74793
tcr_20_4,C,A,F,I,9,148,CE1,CD1,6.4744663
tcr_20_4,C,A,F,A,9,159,CE1,CA,9.939064
tcr_20_4,C,A,F,W,9,157,CE1,CG,9.566436
tcr_20_4,C,A,F,W,9,157,CE1,CB,9.939918
tcr_20_4,C,A,F,Q,9,168,CE1,N,7.7885942
tcr_20_4,C,A,F,A,9,164,CE1,O,7.7164264
tcr_20_4,C,A,F,Q,9,168,CE1,CA,8.730574
tcr_20_4,C,A,F,Q,9,168,CE1,CB,9.51497
tcr_20_4,C,A,F,A,9,159,CE1,CB,9.979938
tcr_20_4,C,A,F,D,9,98,CE1,C,9.682413
tcr_20_4,C,A,F,D,9,98,CE1,O,9.307006
tcr_20_4,C,A,F,L,9,102,CE1,N,8.265136
tcr_20_4,C,A,F,V,9,100,CE1,C,9.317753
tcr_20_4,C,A,F,V,9,100,CE1,O,9.470058
tcr_20_4,C,A,F,K,9,104,CE1,N,9.846274
tcr_20_4,C,A,F,K,9,104,CE1,CA,9.413586
tcr_20_4,C,A,F,S,9,33,CE1,OG,9.848624
tcr_20_4,C,A,F,R,9,121,CE1,NH1,8.928258
tcr_20_4,C,A,F,N,9,101,CE1,ND2,5.7796063
tcr_20_4,C,A,F,R,9,121,CE1,CD,7.5766096
tcr_20_4,C,A,F,F,9,140,CE1,CE1,4.306617
tcr_20_4,C,A,F,D,9,98,CE1,CB,9.150618
tcr_20_4,C,A,F,D,9,98,CE1,CG,8.231983
tcr_20_4,C,A,F,D,9,98,CE1,CA,8.85824
tcr_20_4,C,A,F,D,9,98,CE1,OD1,7.230193
tcr_20_4,C,A,F,D,9,98,CE1,OD2,8.683416
tcr_20_4,C,A,F,Q,9,94,CE1,CD,8.917447
tcr_20_4,C,A,F,Q,9,94,CE1,NE2,7.9903216
tcr_20_4,C,A,F,D,9,98,CE1,N,9.374096
tcr_20_4,C,A,F,A,9,97,CE1,O,8.93193
tcr_20_4,C,A,F,Q,9,94,CE1,OE1,9.072103
tcr_20_4,C,A,F,A,9,97,CE1,C,9.349668
tcr_20_4,C,A,F,A,9,97,CE1,CB,9.713381
tcr_20_4,C,A,F,N,9,101,CE1,CA,6.966489
tcr_20_4,C,A,F,N,9,101,CE1,CG,5.700452
tcr_20_4,C,A,F,N,9,101,CE1,OD1,5.7627726
tcr_20_4,C,A,F,N,9,101,CE1,N,8.231053
tcr_20_4,C,A,F,N,9,101,CE1,CB,6.021272
tcr_20_4,C,A,F,K,9,104,CE1,CD,8.380749
tcr_20_4,C,A,F,T,9,167,CE1,CG2,4.240347
tcr_20_4,C,A,F,K,9,104,CE1,NZ,8.861579
tcr_20_4,C,A,F,N,9,101,CE1,C,7.364571
tcr_20_4,C,A,F,N,9,101,CE1,O,7.207369
tcr_20_4,C,A,F,K,9,104,CE1,CB,8.408817
tcr_20_4,C,A,F,K,9,104,CE1,CE,9.387456
tcr_20_4,C,A,F,K,9,104,CE1,CG,9.191162
tcr_20_4,C,A,F,T,9,167,CE1,CA,6.593611
tcr_20_4,C,A,F,Y,9,108,CE1,CZ,8.539297
tcr_20_4,C,A,F,Y,9,108,CE1,OH,8.502508
tcr_20_4,C,A,F,K,9,170,CE1,CD,9.253363
tcr_20_4,C,A,F,Y,9,108,CE1,CE1,9.835969
tcr_20_4,C,A,F,I,9,166,CE1,O,9.359962
tcr_20_4,C,A,F,K,9,170,CE1,NZ,9.761163
tcr_20_4,C,A,F,N,9,138,CE1,OD1,8.299707
tcr_20_4,C,A,F,R,9,121,CE1,NH2,9.019545
tcr_20_4,C,A,F,R,9,121,CE1,NE,7.9179926
tcr_20_4,C,A,F,R,9,121,CE1,CZ,8.5364485
tcr_20_4,C,A,F,N,9,138,CE1,CG,8.569848
tcr_20_4,C,A,F,E,9,176,CE1,CG,8.65755
tcr_20_4,C,A,F,W,9,171,CE1,CH2,3.550857
tcr_20_4,C,A,F,W,9,171,CE1,CD2,5.7025046
tcr_20_4,C,A,F,W,9,171,CE1,CE2,4.790078
tcr_20_4,C,A,F,W,9,171,CE1,CE3,5.632722
tcr_20_4,C,A,F,W,9,171,CE1,CZ2,3.618968
tcr_20_4,C,A,F,W,9,171,CE1,CZ3,4.6632853
tcr_20_4,C,A,F,F,9,140,CE1,CZ,4.6563964
tcr_20_4,C,A,F,N,9,138,CE1,ND2,8.067437
tcr_20_4,C,A,F,W,9,157,CE1,CH2,7.9990683
tcr_20_4,C,A,F,W,9,157,CE1,CZ2,8.699497
tcr_20_4,C,A,F,W,9,157,CE1,CE2,9.0419445
tcr_20_4,C,A,F,W,9,157,CE1,NE1,9.934572
tcr_20_4,C,A,F,E,9,176,CE1,CB,9.681257
tcr_20_4,C,A,F,R,9,180,CE1,NE,9.190455
tcr_20_4,C,A,F,E,9,176,CE1,OE2,9.862385
tcr_20_4,C,A,F,R,9,180,CE1,CZ,9.218203
tcr_20_4,C,A,F,E,9,176,CE1,CD,9.031384
tcr_20_4,C,A,F,R,9,180,CE1,NH1,9.902055
tcr_20_4,C,A,F,E,9,176,CE1,OE1,8.704845
tcr_20_4,C,A,F,R,9,180,CE1,NH2,8.820044
tcr_20_4,C,A,F,W,9,171,CE1,N,9.338839
tcr_20_4,C,A,F,T,9,167,CE1,C,7.189319
tcr_20_4,C,A,F,W,9,171,CE1,CD1,6.8006325
tcr_20_4,C,A,F,W,9,171,CE1,CB,8.211317
tcr_20_4,C,A,F,W,9,171,CE1,CG,6.8955503
tcr_20_4,C,A,F,W,9,171,CE1,NE1,5.6144433
tcr_20_4,C,A,F,T,9,167,CE1,O,7.4911113
tcr_20_4,C,A,F,Q,9,168,CE1,C,9.816158
tcr_20_4,C,A,F,K,9,170,CE1,CB,9.355117
tcr_20_4,C,A,F,W,9,171,CE1,CA,9.367424
tcr_20_4,C,A,F,A,9,141,CE2,CB,9.401356
tcr_20_4,C,A,F,A,9,141,CE2,CA,8.042957
tcr_20_4,C,A,F,D,9,143,CE2,N,9.7833395
tcr_20_4,C,A,F,T,9,118,CE2,C,8.535995
tcr_20_4,C,A,F,T,9,118,CE2,CA,9.911931
tcr_20_4,C,A,F,L,9,119,CE2,N,7.728082
tcr_20_4,C,A,F,Q,9,120,CE2,CB,9.296709
tcr_20_4,C,A,F,Q,9,120,CE2,CA,7.991107
tcr_20_4,C,A,F,Q,9,120,CE2,N,7.2056146
tcr_20_4,C,A,F,L,9,119,CE2,CA,6.534817
tcr_20_4,C,A,F,Q,9,120,CE2,O,6.707536
tcr_20_4,C,A,F,A,9,141,CE2,O,6.8112392
tcr_20_4,C,A,F,A,9,141,CE2,N,7.3641734
tcr_20_4,C,A,F,F,9,140,CE2,CA,6.809942
tcr_20_4,C,A,F,F,9,140,CE2,C,7.37158
tcr_20_4,C,A,F,F,9,140,CE2,O,8.023797
tcr_20_4,C,A,F,T,9,118,CE2,O,8.393791
tcr_20_4,C,A,F,A,9,141,CE2,C,7.374256
tcr_20_4,C,A,F,S,9,35,CE2,N,9.426035
tcr_20_4,C,A,F,S,9,35,CE2,CA,9.482013
tcr_20_4,C,A,F,S,9,35,CE2,C,9.865485
tcr_20_4,C,A,F,L,9,102,CE2,CD1,8.416318
tcr_20_4,C,A,F,S,9,35,CE2,O,9.2517605
tcr_20_4,C,A,F,S,9,35,CE2,CB,8.295654
tcr_20_4,C,A,F,L,9,119,CE2,CB,5.4333954
tcr_20_4,C,A,F,L,9,102,CE2,CG,7.2760124
tcr_20_4,C,A,F,R,9,121,CE2,N,7.9363747
tcr_20_4,C,A,F,S,9,33,CE2,O,9.690826
tcr_20_4,C,A,F,R,9,121,CE2,C,9.506917
tcr_20_4,C,A,F,R,9,121,CE2,CA,8.01944
tcr_20_4,C,A,F,R,9,121,CE2,CB,7.341892
tcr_20_4,C,A,F,Q,9,120,CE2,C,7.379258
tcr_20_4,C,A,F,R,9,121,CE2,CG,7.7775216
tcr_20_4,C,A,F,L,9,119,CE2,O,7.6602864
tcr_20_4,C,A,F,L,9,119,CE2,C,7.083294
tcr_20_4,C,A,F,L,9,119,CE2,CG,4.2010136
tcr_20_4,C,A,F,F,9,140,CE2,CD1,4.5782466
tcr_20_4,C,A,F,L,9,119,CE2,CD1,3.6105275
tcr_20_4,C,A,F,F,9,140,CE2,CG,5.189181
tcr_20_4,C,A,F,F,9,140,CE2,CB,5.4486976
tcr_20_4,C,A,F,L,9,119,CE2,CD2,3.498782
tcr_20_4,C,A,F,Y,9,142,CE2,CE1,9.096899
tcr_20_4,C,A,F,Y,9,142,CE2,CZ,8.699124
tcr_20_4,C,A,F,Y,9,142,CE2,OH,9.517523
tcr_20_4,C,A,F,L,9,102,CE2,O,8.254778
tcr_20_4,C,A,F,L,9,102,CE2,CD2,7.404344
tcr_20_4,C,A,F,L,9,102,CE2,C,7.8516674
tcr_20_4,C,A,F,L,9,102,CE2,CA,6.827443
tcr_20_4,C,A,F,L,9,102,CE2,CB,7.734124
tcr_20_4,C,A,F,Y,9,142,CE2,CE2,7.68192
tcr_20_4,C,A,F,L,9,105,CE2,O,9.28
tcr_20_4,C,A,F,R,9,106,CE2,N,9.118204
tcr_20_4,C,A,F,K,9,104,CE2,C,7.9005847
tcr_20_4,C,A,F,L,9,105,CE2,C,8.528711
tcr_20_4,C,A,F,Y,9,142,CE2,CD1,8.548036
tcr_20_4,C,A,F,Y,9,142,CE2,C,9.284352
tcr_20_4,C,A,F,Y,9,109,CE2,CZ,9.913205
tcr_20_4,C,A,F,Y,9,142,CE2,CA,7.789569
tcr_20_4,C,A,F,Y,9,109,CE2,OH,9.571114
tcr_20_4,C,A,F,Y,9,142,CE2,N,7.7672405
tcr_20_4,C,A,F,Y,9,147,CE2,CA,8.313196
tcr_20_4,C,A,F,Y,9,147,CE2,N,9.093617
tcr_20_4,C,A,F,Y,9,142,CE2,CB,7.2066646
tcr_20_4,C,A,F,L,9,105,CE2,CG,4.709934
tcr_20_4,C,A,F,L,9,105,CE2,CD1,4.039562
tcr_20_4,C,A,F,Y,9,109,CE2,CD2,9.704807
tcr_20_4,C,A,F,Y,9,109,CE2,CE2,9.034666
tcr_20_4,C,A,F,Y,9,142,CE2,CD2,7.02412
tcr_20_4,C,A,F,L,9,105,CE2,N,6.983194
tcr_20_4,C,A,F,L,9,105,CE2,CA,7.0817976
tcr_20_4,C,A,F,L,9,105,CE2,CB,6.1631446
tcr_20_4,C,A,F,Y,9,142,CE2,CG,7.5006876
tcr_20_4,C,A,F,L,9,105,CE2,CD2,4.941258
tcr_20_4,C,A,F,Y,9,147,CE2,CE2,6.722888
tcr_20_4,C,A,F,Y,9,147,CE2,CD2,6.8533235
tcr_20_4,C,A,F,Y,9,147,CE2,OH,6.2561464
tcr_20_4,C,A,F,Y,9,147,CE2,CB,6.9101086
tcr_20_4,C,A,F,Y,9,147,CE2,CZ,5.9219723
tcr_20_4,C,A,F,Y,9,147,CE2,CE1,5.168658
tcr_20_4,C,A,F,Y,9,147,CE2,CG,6.223414
tcr_20_4,C,A,F,A,9,164,CE2,CB,9.289592
tcr_20_4,C,A,F,I,9,148,CE2,N,8.021494
tcr_20_4,C,A,F,Y,9,147,CE2,CD1,5.3448443
tcr_20_4,C,A,F,Y,9,147,CE2,C,8.490253
tcr_20_4,C,A,F,Y,9,147,CE2,O,9.323424
tcr_20_4,C,A,F,A,9,164,CE2,N,9.718768
tcr_20_4,C,A,F,A,9,163,CE2,C,9.879159
tcr_20_4,C,A,F,K,9,104,CE2,O,8.795901
tcr_20_4,C,A,F,Y,9,108,CE2,CD2,7.8840284
tcr_20_4,C,A,F,Y,9,108,CE2,CE2,7.5511928
tcr_20_4,C,A,F,Y,9,108,CE2,CB,9.764938
tcr_20_4,C,A,F,Y,9,108,CE2,CG,9.154558
tcr_20_4,C,A,F,A,9,163,CE2,O,9.57316
tcr_20_4,C,A,F,T,9,167,CE2,OG1,6.283367
tcr_20_4,C,A,F,T,9,167,CE2,CB,6.911329
tcr_20_4,C,A,F,A,9,164,CE2,C,9.944863
tcr_20_4,C,A,F,A,9,164,CE2,CA,9.111498
tcr_20_4,C,A,F,T,9,167,CE2,N,9.080919
tcr_20_4,C,A,F,Q,9,139,CE2,CA,9.740061
tcr_20_4,C,A,F,F,9,140,CE2,N,7.8498893
tcr_20_4,C,A,F,Q,9,139,CE2,C,8.533053
tcr_20_4,C,A,F,Q,9,139,CE2,O,8.444894
tcr_20_4,C,A,F,I,9,148,CE2,C,8.950968
tcr_20_4,C,A,F,I,9,148,CE2,CA,8.565075
tcr_20_4,C,A,F,I,9,148,CE2,O,8.346964
tcr_20_4,C,A,F,I,9,148,CE2,CG1,8.951947
tcr_20_4,C,A,F,I,9,148,CE2,CB,7.854062
tcr_20_4,C,A,F,F,9,140,CE2,CE2,6.2976193
tcr_20_4,C,A,F,I,9,148,CE2,CG2,6.568307
tcr_20_4,C,A,F,F,9,140,CE2,CD2,6.023938
tcr_20_4,C,A,F,W,9,157,CE2,CZ3,9.859598
tcr_20_4,C,A,F,I,9,148,CE2,CD1,8.824518
tcr_20_4,C,A,F,Q,9,168,CE2,N,9.808725
tcr_20_4,C,A,F,A,9,164,CE2,O,9.549903
tcr_20_4,C,A,F,R,9,99,CE2,O,9.541589
tcr_20_4,C,A,F,V,9,100,CE2,N,8.774665
tcr_20_4,C,A,F,R,9,99,CE2,CA,9.537077
tcr_20_4,C,A,F,R,9,99,CE2,C,9.186677
tcr_20_4,C,A,F,D,9,98,CE2,C,7.37561
tcr_20_4,C,A,F,D,9,98,CE2,O,6.936734
tcr_20_4,C,A,F,R,9,99,CE2,N,8.649979
tcr_20_4,C,A,F,L,9,102,CE2,N,6.0021944
tcr_20_4,C,A,F,V,9,100,CE2,CA,8.650889
tcr_20_4,C,A,F,V,9,100,CE2,CB,9.05086
tcr_20_4,C,A,F,V,9,100,CE2,CG1,9.34716
tcr_20_4,C,A,F,V,9,100,CE2,C,7.37719
tcr_20_4,C,A,F,V,9,100,CE2,O,7.624716
tcr_20_4,C,A,F,K,9,104,CE2,N,8.256226
tcr_20_4,C,A,F,K,9,104,CE2,CA,8.13801
tcr_20_4,C,A,F,R,9,103,CE2,N,8.492572
tcr_20_4,C,A,F,R,9,103,CE2,C,9.234437
tcr_20_4,C,A,F,R,9,103,CE2,CA,9.572208
tcr_20_4,C,A,F,S,9,35,CE2,OG,8.462379
tcr_20_4,C,A,F,Q,9,94,CE2,C,9.87083
tcr_20_4,C,A,F,F,9,46,CE2,CE2,9.992415
tcr_20_4,C,A,F,Q,9,94,CE2,CG,8.855907
tcr_20_4,C,A,F,S,9,33,CE2,OG,8.932674
tcr_20_4,C,A,F,R,9,121,CE2,NH1,9.01945
tcr_20_4,C,A,F,N,9,101,CE2,ND2,4.097062
tcr_20_4,C,A,F,R,9,121,CE2,CD,7.6666403
tcr_20_4,C,A,F,F,9,140,CE2,CE1,4.9209466
tcr_20_4,C,A,F,D,9,98,CE2,CB,6.9736056
tcr_20_4,C,A,F,D,9,98,CE2,CG,6.2406583
tcr_20_4,C,A,F,D,9,98,CE2,CA,6.660726
tcr_20_4,C,A,F,D,9,98,CE2,OD1,5.353142
tcr_20_4,C,A,F,D,9,98,CE2,OD2,6.799312
tcr_20_4,C,A,F,Q,9,94,CE2,CD,7.9116974
tcr_20_4,C,A,F,Q,9,94,CE2,NE2,6.8035207
tcr_20_4,C,A,F,D,9,98,CE2,N,7.3660417
tcr_20_4,C,A,F,A,9,97,CE2,O,7.0255213
tcr_20_4,C,A,F,Q,9,94,CE2,OE1,8.364209
tcr_20_4,C,A,F,Q,9,94,CE2,O,8.822458
tcr_20_4,C,A,F,A,9,97,CE2,C,7.468884
tcr_20_4,C,A,F,A,9,97,CE2,CB,8.310711
tcr_20_4,C,A,F,A,9,97,CE2,N,9.744429
tcr_20_4,C,A,F,A,9,97,CE2,CA,8.582581
tcr_20_4,C,A,F,N,9,101,CE2,CA,4.9398136
tcr_20_4,C,A,F,N,9,101,CE2,CG,3.9235528
tcr_20_4,C,A,F,N,9,101,CE2,OD1,4.3704014
tcr_20_4,C,A,F,N,9,101,CE2,N,6.2120237
tcr_20_4,C,A,F,N,9,101,CE2,CB,3.8649783
tcr_20_4,C,A,F,K,9,104,CE2,CD,7.4936028
tcr_20_4,C,A,F,T,9,167,CE2,CG2,6.1647525
tcr_20_4,C,A,F,K,9,104,CE2,NZ,8.267579
tcr_20_4,C,A,F,N,9,101,CE2,C,5.2529187
tcr_20_4,C,A,F,N,9,101,CE2,O,5.315772
tcr_20_4,C,A,F,K,9,104,CE2,CB,7.2835264
tcr_20_4,C,A,F,K,9,104,CE2,CE,8.57083
tcr_20_4,C,A,F,K,9,104,CE2,CG,8.096959
tcr_20_4,C,A,F,T,9,167,CE2,CA,8.231629
tcr_20_4,C,A,F,Y,9,108,CE2,CZ,8.570392
tcr_20_4,C,A,F,Y,9,108,CE2,OH,8.6061535
tcr_20_4,C,A,F,Y,9,108,CE2,CE1,9.755999
tcr_20_4,C,A,F,N,9,138,CE2,OD1,9.4918585
tcr_20_4,C,A,F,R,9,121,CE2,NH2,9.682884
tcr_20_4,C,A,F,R,9,121,CE2,NE,8.353637
tcr_20_4,C,A,F,R,9,121,CE2,CZ,8.938396
tcr_20_4,C,A,F,W,9,171,CE2,CH2,5.712578
tcr_20_4,C,A,F,W,9,171,CE2,CD2,7.798608
tcr_20_4,C,A,F,W,9,171,CE2,CE2,6.6681223
tcr_20_4,C,A,F,W,9,171,CE2,CE3,7.909931
tcr_20_4,C,A,F,W,9,171,CE2,CZ2,5.518308
tcr_20_4,C,A,F,W,9,171,CE2,CZ3,6.9578686
tcr_20_4,C,A,F,F,9,140,CE2,CZ,5.7928476
tcr_20_4,C,A,F,N,9,138,CE2,ND2,9.672008
tcr_20_4,C,A,F,E,9,176,CE2,OE1,9.994909
tcr_20_4,C,A,F,R,9,180,CE2,NH2,9.651564
tcr_20_4,C,A,F,T,9,167,CE2,C,9.093437
tcr_20_4,C,A,F,W,9,171,CE2,CD1,8.513173
tcr_20_4,C,A,F,W,9,171,CE2,CG,8.873972
tcr_20_4,C,A,F,W,9,171,CE2,NE1,7.208337
tcr_20_4,C,A,F,T,9,167,CE2,O,9.397571
tcr_20_4,C,A,F,A,9,141,CZ,CB,8.795159
tcr_20_4,C,A,F,A,9,141,CZ,CA,7.417397
tcr_20_4,C,A,F,D,9,143,CZ,N,9.9371
tcr_20_4,C,A,F,T,9,118,CZ,C,9.006167
tcr_20_4,C,A,F,L,9,119,CZ,N,8.23007
tcr_20_4,C,A,F,Q,9,120,CZ,CB,8.974188
tcr_20_4,C,A,F,Q,9,120,CZ,CA,7.7444916
tcr_20_4,C,A,F,Q,9,120,CZ,N,7.130421
tcr_20_4,C,A,F,L,9,119,CZ,CA,6.9131503
tcr_20_4,C,A,F,Q,9,120,CZ,O,6.1056695
tcr_20_4,C,A,F,A,9,141,CZ,O,6.5590024
tcr_20_4,C,A,F,A,9,141,CZ,N,6.5831885
tcr_20_4,C,A,F,F,9,140,CZ,CA,5.69728
tcr_20_4,C,A,F,F,9,140,CZ,C,6.3909836
tcr_20_4,C,A,F,F,9,140,CZ,O,7.000474
tcr_20_4,C,A,F,T,9,118,CZ,O,8.757894
tcr_20_4,C,A,F,A,9,141,CZ,C,6.9972773
tcr_20_4,C,A,F,S,9,35,CZ,N,9.881649
tcr_20_4,C,A,F,L,9,102,CZ,CD1,9.560812
tcr_20_4,C,A,F,S,9,35,CZ,O,9.93065
tcr_20_4,C,A,F,S,9,35,CZ,CB,9.042837
tcr_20_4,C,A,F,L,9,119,CZ,CB,6.039134
tcr_20_4,C,A,F,L,9,102,CZ,CG,8.464175
tcr_20_4,C,A,F,R,9,121,CZ,N,7.4187074
tcr_20_4,C,A,F,S,9,33,CZ,O,9.502801
tcr_20_4,C,A,F,M,9,122,CZ,N,9.173967
tcr_20_4,C,A,F,R,9,121,CZ,C,8.750774
tcr_20_4,C,A,F,R,9,121,CZ,O,9.580712
tcr_20_4,C,A,F,R,9,121,CZ,CA,7.301635
tcr_20_4,C,A,F,R,9,121,CZ,CB,6.671086
tcr_20_4,C,A,F,Q,9,120,CZ,C,6.9125104
tcr_20_4,C,A,F,R,9,121,CZ,CG,6.934083
tcr_20_4,C,A,F,L,9,119,CZ,O,7.9058657
tcr_20_4,C,A,F,L,9,119,CZ,C,7.2600965
tcr_20_4,C,A,F,L,9,119,CZ,CG,4.674301
tcr_20_4,C,A,F,F,9,140,CZ,CD1,3.4595957
tcr_20_4,C,A,F,L,9,119,CZ,CD1,3.8155007
tcr_20_4,C,A,F,F,9,140,CZ,CG,3.89689
tcr_20_4,C,A,F,F,9,140,CZ,CB,4.2590084
tcr_20_4,C,A,F,L,9,119,CZ,CD2,4.318605
tcr_20_4,C,A,F,Y,9,142,CZ,CE1,9.656285
tcr_20_4,C,A,F,Y,9,142,CZ,CZ,9.420503
tcr_20_4,C,A,F,L,9,102,CZ,O,9.50887
tcr_20_4,C,A,F,L,9,102,CZ,CD2,8.468308
tcr_20_4,C,A,F,L,9,102,CZ,C,9.176005
tcr_20_4,C,A,F,L,9,102,CZ,CA,8.150996
tcr_20_4,C,A,F,L,9,102,CZ,CB,9.023864
tcr_20_4,C,A,F,Y,9,142,CZ,CE2,8.414445
tcr_20_4,C,A,F,K,9,104,CZ,C,8.962017
tcr_20_4,C,A,F,L,9,105,CZ,C,9.452903
tcr_20_4,C,A,F,Y,9,142,CZ,CD1,8.927741
tcr_20_4,C,A,F,Y,9,142,CZ,C,9.306985
tcr_20_4,C,A,F,Y,9,142,CZ,CA,7.779111
tcr_20_4,C,A,F,Y,9,109,CZ,OH,9.475557
tcr_20_4,C,A,F,Y,9,142,CZ,N,7.4984474
tcr_20_4,C,A,F,K,9,145,CZ,O,9.525882
tcr_20_4,C,A,F,D,9,146,CZ,C,9.490976
tcr_20_4,C,A,F,Y,9,147,CZ,CA,7.511662
tcr_20_4,C,A,F,Y,9,147,CZ,N,8.244425
tcr_20_4,C,A,F,Y,9,142,CZ,CB,7.2876587
tcr_20_4,C,A,F,L,9,105,CZ,CG,5.587911
tcr_20_4,C,A,F,L,9,105,CZ,CD1,4.9412475
tcr_20_4,C,A,F,Y,9,109,CZ,CE2,9.293272
tcr_20_4,C,A,F,Y,9,142,CZ,CD2,7.5673275
tcr_20_4,C,A,F,L,9,105,CZ,N,8.060107
tcr_20_4,C,A,F,L,9,105,CZ,CA,8.0161295
tcr_20_4,C,A,F,L,9,105,CZ,CB,7.095618
tcr_20_4,C,A,F,Y,9,142,CZ,CG,7.848195
tcr_20_4,C,A,F,L,9,105,CZ,CD2,5.4744353
tcr_20_4,C,A,F,Y,9,147,CZ,CE2,6.5361376
tcr_20_4,C,A,F,Y,9,147,CZ,CD2,6.5127225
tcr_20_4,C,A,F,Y,9,147,CZ,OH,6.1993327
tcr_20_4,C,A,F,Y,9,147,CZ,CB,6.2120557
tcr_20_4,C,A,F,Y,9,147,CZ,CZ,5.68903
tcr_20_4,C,A,F,Y,9,147,CZ,CE1,4.661668
tcr_20_4,C,A,F,Y,9,147,CZ,CG,5.645983
tcr_20_4,C,A,F,A,9,164,CZ,CB,8.639742
tcr_20_4,C,A,F,I,9,148,CZ,N,6.921413
tcr_20_4,C,A,F,Y,9,147,CZ,CD1,4.6381836
tcr_20_4,C,A,F,Y,9,147,CZ,C,7.5370374
tcr_20_4,C,A,F,Y,9,147,CZ,O,8.402075
tcr_20_4,C,A,F,A,9,164,CZ,N,9.389803
tcr_20_4,C,A,F,A,9,163,CZ,C,9.712521
tcr_20_4,C,A,F,K,9,104,CZ,O,9.760545
tcr_20_4,C,A,F,Y,9,108,CZ,CD2,8.381236
tcr_20_4,C,A,F,Y,9,108,CZ,CE2,8.054427
tcr_20_4,C,A,F,Y,9,108,CZ,CG,9.715248
tcr_20_4,C,A,F,A,9,163,CZ,O,9.444332
tcr_20_4,C,A,F,T,9,167,CZ,OG1,6.120232
tcr_20_4,C,A,F,T,9,167,CZ,CB,6.488196
tcr_20_4,C,A,F,A,9,164,CZ,C,9.390667
tcr_20_4,C,A,F,A,9,164,CZ,CA,8.614565
tcr_20_4,C,A,F,T,9,167,CZ,N,8.818543
tcr_20_4,C,A,F,Q,9,139,CZ,CA,8.438866
tcr_20_4,C,A,F,F,9,140,CZ,N,6.617979
tcr_20_4,C,A,F,Q,9,139,CZ,CB,9.718083
tcr_20_4,C,A,F,Q,9,139,CZ,C,7.298526
tcr_20_4,C,A,F,Q,9,139,CZ,O,7.3007193
tcr_20_4,C,A,F,N,9,138,CZ,O,9.071901
tcr_20_4,C,A,F,N,9,138,CZ,C,9.187888
tcr_20_4,C,A,F,Q,9,139,CZ,N,8.832316
tcr_20_4,C,A,F,A,9,149,CZ,CA,9.4773
tcr_20_4,C,A,F,A,9,149,CZ,N,8.811159
tcr_20_4,C,A,F,I,9,148,CZ,C,7.6474214
tcr_20_4,C,A,F,I,9,148,CZ,CA,7.364828
tcr_20_4,C,A,F,I,9,148,CZ,O,7.0213327
tcr_20_4,C,A,F,I,9,148,CZ,CG1,7.7658253
tcr_20_4,C,A,F,I,9,148,CZ,CB,6.6793303
tcr_20_4,C,A,F,F,9,140,CZ,CE2,4.9858556
tcr_20_4,C,A,F,I,9,148,CZ,CG2,5.320515
tcr_20_4,C,A,F,W,9,157,CZ,CE3,9.0686865
tcr_20_4,C,A,F,F,9,140,CZ,CD2,4.6517673
tcr_20_4,C,A,F,W,9,157,CZ,CZ3,8.549868
tcr_20_4,C,A,F,W,9,157,CZ,CD2,9.886042
tcr_20_4,C,A,F,I,9,148,CZ,CD1,7.743914
tcr_20_4,C,A,F,Q,9,168,CZ,N,9.158459
tcr_20_4,C,A,F,A,9,164,CZ,O,8.931378
tcr_20_4,C,A,F,D,9,98,CZ,C,8.598724
tcr_20_4,C,A,F,D,9,98,CZ,O,8.228848
tcr_20_4,C,A,F,R,9,99,CZ,N,9.875235
tcr_20_4,C,A,F,L,9,102,CZ,N,7.3825526
tcr_20_4,C,A,F,V,9,100,CZ,CA,9.982403
tcr_20_4,C,A,F,V,9,100,CZ,C,8.729455
tcr_20_4,C,A,F,V,9,100,CZ,O,8.9769
tcr_20_4,C,A,F,K,9,104,CZ,N,9.522394
tcr_20_4,C,A,F,K,9,104,CZ,CA,9.291066
tcr_20_4,C,A,F,R,9,103,CZ,N,9.858173
tcr_20_4,C,A,F,S,9,35,CZ,OG,9.157503
tcr_20_4,C,A,F,Q,9,94,CZ,CG,9.072038
tcr_20_4,C,A,F,S,9,33,CZ,OG,8.723201
tcr_20_4,C,A,F,R,9,121,CZ,NH1,8.452084
tcr_20_4,C,A,F,N,9,101,CZ,ND2,5.0299444
tcr_20_4,C,A,F,R,9,121,CZ,CD,6.936742
tcr_20_4,C,A,F,F,9,140,CZ,CE1,3.8850253
tcr_20_4,C,A,F,D,9,98,CZ,CB,7.9247503
tcr_20_4,C,A,F,D,9,98,CZ,CG,6.9892983
tcr_20_4,C,A,F,D,9,98,CZ,CA,7.7563553
tcr_20_4,C,A,F,D,9,98,CZ,OD1,6.0675077
tcr_20_4,C,A,F,D,9,98,CZ,OD2,7.3874655
tcr_20_4,C,A,F,Q,9,94,CZ,CD,8.091793
tcr_20_4,C,A,F,Q,9,94,CZ,NE2,7.1262517
tcr_20_4,C,A,F,D,9,98,CZ,N,8.383369
tcr_20_4,C,A,F,A,9,97,CZ,O,8.170949
tcr_20_4,C,A,F,Q,9,94,CZ,OE1,8.4037695
tcr_20_4,C,A,F,Q,9,94,CZ,O,9.522263
tcr_20_4,C,A,F,A,9,97,CZ,C,8.513389
tcr_20_4,C,A,F,A,9,97,CZ,CB,9.059184
tcr_20_4,C,A,F,A,9,97,CZ,CA,9.515834
tcr_20_4,C,A,F,N,9,101,CZ,CA,6.311127
tcr_20_4,C,A,F,N,9,101,CZ,CG,5.061997
tcr_20_4,C,A,F,N,9,101,CZ,OD1,5.4113755
tcr_20_4,C,A,F,N,9,101,CZ,N,7.5594125
tcr_20_4,C,A,F,N,9,101,CZ,CB,5.203552
tcr_20_4,C,A,F,K,9,104,CZ,CD,8.508002
tcr_20_4,C,A,F,T,9,167,CZ,CG2,5.596776
tcr_20_4,C,A,F,K,9,104,CZ,NZ,9.110443
tcr_20_4,C,A,F,N,9,101,CZ,C,6.6416864
tcr_20_4,C,A,F,N,9,101,CZ,O,6.639395
tcr_20_4,C,A,F,K,9,104,CZ,CB,8.392439
tcr_20_4,C,A,F,K,9,104,CZ,CE,9.54591
tcr_20_4,C,A,F,K,9,104,CZ,CG,9.208935
tcr_20_4,C,A,F,T,9,167,CZ,CA,7.8768835
tcr_20_4,C,A,F,Y,9,108,CZ,CZ,9.141529
tcr_20_4,C,A,F,Y,9,108,CZ,OH,9.164529
tcr_20_4,C,A,F,N,9,138,CZ,OD1,8.340665
tcr_20_4,C,A,F,R,9,121,CZ,NH2,8.853404
tcr_20_4,C,A,F,R,9,121,CZ,NE,7.512253
tcr_20_4,C,A,F,R,9,121,CZ,CZ,8.186488
tcr_20_4,C,A,F,N,9,138,CZ,CG,8.799689
tcr_20_4,C,A,F,E,9,176,CZ,CG,9.585951
tcr_20_4,C,A,F,W,9,171,CZ,CH2,4.60985
tcr_20_4,C,A,F,W,9,171,CZ,CD2,6.948009
tcr_20_4,C,A,F,W,9,171,CZ,CE2,5.949945
tcr_20_4,C,A,F,W,9,171,CZ,CE3,6.8643193
tcr_20_4,C,A,F,W,9,171,CZ,CZ2,4.6892185
tcr_20_4,C,A,F,W,9,171,CZ,CZ3,5.795529
tcr_20_4,C,A,F,F,9,140,CZ,CZ,4.640191
tcr_20_4,C,A,F,N,9,138,CZ,ND2,8.4627905
tcr_20_4,C,A,F,W,9,157,CZ,CH2,8.899825
tcr_20_4,C,A,F,W,9,157,CZ,CZ2,9.713635
tcr_20_4,C,A,F,R,9,180,CZ,NE,9.609377
tcr_20_4,C,A,F,R,9,180,CZ,CZ,9.489222
tcr_20_4,C,A,F,E,9,176,CZ,CD,9.81389
tcr_20_4,C,A,F,E,9,176,CZ,OE1,9.340655
tcr_20_4,C,A,F,R,9,180,CZ,NH2,9.1025305
tcr_20_4,C,A,F,T,9,167,CZ,C,8.552899
tcr_20_4,C,A,F,W,9,171,CZ,CD1,7.9828997
tcr_20_4,C,A,F,W,9,171,CZ,CB,9.506957
tcr_20_4,C,A,F,W,9,171,CZ,CG,8.153458
tcr_20_4,C,A,F,W,9,171,CZ,NE1,6.718407
tcr_20_4,C,A,F,T,9,167,CZ,O,8.856895
tcr_20_4,C,A,F,L,9,105,OXT,O,9.534938
tcr_20_4,C,A,F,K,9,104,OXT,C,7.13536
tcr_20_4,C,A,F,L,9,105,OXT,C,9.215249
tcr_20_4,C,A,F,Y,9,108,OXT,N,9.060449
tcr_20_4,C,A,F,L,9,105,OXT,CG,7.3827715
tcr_20_4,C,A,F,L,9,105,OXT,CD1,8.263825
tcr_20_4,C,A,F,L,9,105,OXT,N,7.3575816
tcr_20_4,C,A,F,L,9,105,OXT,CA,7.909493
tcr_20_4,C,A,F,L,9,105,OXT,CB,8.365292
tcr_20_4,C,A,F,L,9,105,OXT,CD2,7.0774317
tcr_20_4,C,A,F,Y,9,147,OXT,CE2,7.722619
tcr_20_4,C,A,F,Y,9,147,OXT,CD2,8.845418
tcr_20_4,C,A,F,Y,9,147,OXT,OH,5.393622
tcr_20_4,C,A,F,Y,9,147,OXT,CZ,6.441743
tcr_20_4,C,A,F,Y,9,147,OXT,CE1,6.477666
tcr_20_4,C,A,F,Y,9,147,OXT,CG,8.880169
tcr_20_4,C,A,F,A,9,164,OXT,CB,8.899687
tcr_20_4,C,A,F,Y,9,147,OXT,CD1,7.7854443
tcr_20_4,C,A,F,A,9,163,OXT,CA,8.73734
tcr_20_4,C,A,F,A,9,163,OXT,CB,9.108818
tcr_20_4,C,A,F,A,9,164,OXT,N,8.226509
tcr_20_4,C,A,F,T,9,162,OXT,O,9.68984
tcr_20_4,C,A,F,A,9,163,OXT,C,7.6884084
tcr_20_4,C,A,F,K,9,104,OXT,O,7.388008
tcr_20_4,C,A,F,Y,9,108,OXT,CD2,5.192808
tcr_20_4,C,A,F,Y,9,108,OXT,CE2,3.8766904
tcr_20_4,C,A,F,I,9,166,OXT,CG1,7.262067
tcr_20_4,C,A,F,Y,9,108,OXT,CB,7.683525
tcr_20_4,C,A,F,Y,9,108,OXT,CD1,6.3311405
tcr_20_4,C,A,F,Y,9,108,OXT,CA,8.905049
tcr_20_4,C,A,F,Y,9,108,OXT,CG,6.3000402
tcr_20_4,C,A,F,I,9,166,OXT,CD1,7.58422
tcr_20_4,C,A,F,A,9,163,OXT,O,6.624621
tcr_20_4,C,A,F,I,9,166,OXT,CB,5.807495
tcr_20_4,C,A,F,T,9,167,OXT,OG1,3.2487135
tcr_20_4,C,A,F,I,9,166,OXT,C,4.9165993
tcr_20_4,C,A,F,I,9,166,OXT,CA,6.037501
tcr_20_4,C,A,F,T,9,167,OXT,CB,3.8733833
tcr_20_4,C,A,F,I,9,166,OXT,N,6.933239
tcr_20_4,C,A,F,Q,9,165,OXT,N,8.510718
tcr_20_4,C,A,F,A,9,164,OXT,C,7.6667833
tcr_20_4,C,A,F,A,9,164,OXT,CA,7.7482777
tcr_20_4,C,A,F,T,9,167,OXT,N,4.3641734
tcr_20_4,C,A,F,R,9,169,OXT,NH2,9.896915
tcr_20_4,C,A,F,I,9,148,OXT,CG1,9.303502
tcr_20_4,C,A,F,I,9,148,OXT,CB,9.057646
tcr_20_4,C,A,F,I,9,148,OXT,CG2,8.4092245
tcr_20_4,C,A,F,I,9,148,OXT,CD1,8.1463995
tcr_20_4,C,A,F,Q,9,168,OXT,N,6.140309
tcr_20_4,C,A,F,A,9,164,OXT,O,7.0090847
tcr_20_4,C,A,F,Q,9,168,OXT,CA,7.396729
tcr_20_4,C,A,F,Q,9,168,OXT,CB,8.590032
tcr_20_4,C,A,F,Q,9,168,OXT,CG,9.905933
tcr_20_4,C,A,F,Q,9,165,OXT,CA,8.762882
tcr_20_4,C,A,F,Q,9,165,OXT,C,7.746019
tcr_20_4,C,A,F,Q,9,165,OXT,O,7.9325695
tcr_20_4,C,A,F,R,9,169,OXT,CG,9.795414
tcr_20_4,C,A,F,R,9,169,OXT,NE,9.757971
tcr_20_4,C,A,F,L,9,102,OXT,N,9.386362
tcr_20_4,C,A,F,V,9,100,OXT,CA,9.881322
tcr_20_4,C,A,F,V,9,100,OXT,CB,9.606559
tcr_20_4,C,A,F,V,9,100,OXT,CG1,8.795598
tcr_20_4,C,A,F,V,9,100,OXT,C,8.697367
tcr_20_4,C,A,F,V,9,100,OXT,O,8.338811
tcr_20_4,C,A,F,K,9,104,OXT,N,8.122644
tcr_20_4,C,A,F,K,9,104,OXT,CA,7.0367765
tcr_20_4,C,A,F,R,9,103,OXT,O,9.787189
tcr_20_4,C,A,F,R,9,103,OXT,C,9.377587
tcr_20_4,C,A,F,N,9,101,OXT,ND2,8.023458
tcr_20_4,C,A,F,A,9,97,OXT,O,9.773514
tcr_20_4,C,A,F,N,9,101,OXT,CA,7.4674907
tcr_20_4,C,A,F,N,9,101,OXT,CG,7.1639605
tcr_20_4,C,A,F,N,9,101,OXT,OD1,6.1901608
tcr_20_4,C,A,F,N,9,101,OXT,N,8.360219
tcr_20_4,C,A,F,N,9,101,OXT,CB,7.6809287
tcr_20_4,C,A,F,K,9,104,OXT,CD,4.8361187
tcr_20_4,C,A,F,T,9,167,OXT,CG2,4.0164814
tcr_20_4,C,A,F,K,9,104,OXT,NZ,5.033632
tcr_20_4,C,A,F,N,9,101,OXT,C,8.054911
tcr_20_4,C,A,F,N,9,101,OXT,O,7.4727883
tcr_20_4,C,A,F,K,9,104,OXT,CB,5.700175
tcr_20_4,C,A,F,K,9,104,OXT,CE,5.488576
tcr_20_4,C,A,F,K,9,104,OXT,CG,5.8760786
tcr_20_4,C,A,F,T,9,167,OXT,CA,3.7615
tcr_20_4,C,A,F,Y,9,108,OXT,CZ,3.9528618
tcr_20_4,C,A,F,Y,9,108,OXT,OH,3.1144907
tcr_20_4,C,A,F,K,9,170,OXT,CD,3.2967343
tcr_20_4,C,A,F,K,9,170,OXT,CE,3.9284813
tcr_20_4,C,A,F,I,9,166,OXT,CG2,5.269562
tcr_20_4,C,A,F,Y,9,108,OXT,CE1,5.309722
tcr_20_4,C,A,F,I,9,166,OXT,O,4.9875507
tcr_20_4,C,A,F,K,9,170,OXT,NZ,3.60767
tcr_20_4,C,A,F,K,9,170,OXT,CG,4.458819
tcr_20_4,C,A,F,E,9,176,OXT,CG,9.420529
tcr_20_4,C,A,F,W,9,171,OXT,CH2,7.0813756
tcr_20_4,C,A,F,W,9,171,OXT,CD2,6.4112134
tcr_20_4,C,A,F,W,9,171,OXT,CE2,5.667238
tcr_20_4,C,A,F,W,9,171,OXT,CE3,7.3979235
tcr_20_4,C,A,F,W,9,171,OXT,CZ2,6.057987
tcr_20_4,C,A,F,W,9,171,OXT,CZ3,7.681179
tcr_20_4,C,A,F,E,9,176,OXT,CB,9.708731
tcr_20_4,C,A,F,E,9,176,OXT,OE2,9.795375
tcr_20_4,C,A,F,E,9,176,OXT,CD,9.668174
tcr_20_4,C,A,F,E,9,176,OXT,OE1,9.996959
tcr_20_4,C,A,F,Q,9,168,OXT,O,8.117966
tcr_20_4,C,A,F,W,9,171,OXT,N,6.5995126
tcr_20_4,C,A,F,T,9,167,OXT,C,4.9366655
tcr_20_4,C,A,F,W,9,171,OXT,CD1,5.4798193
tcr_20_4,C,A,F,W,9,171,OXT,CB,7.3175282
tcr_20_4,C,A,F,W,9,171,OXT,CG,6.3042655
tcr_20_4,C,A,F,E,9,172,OXT,N,9.345245
tcr_20_4,C,A,F,W,9,171,OXT,NE1,5.0388365
tcr_20_4,C,A,F,T,9,167,OXT,O,5.005426
tcr_20_4,C,A,F,Q,9,168,OXT,C,7.6634884
tcr_20_4,C,A,F,K,9,170,OXT,N,6.3519306
tcr_20_4,C,A,F,R,9,169,OXT,C,7.6558547
tcr_20_4,C,A,F,R,9,169,OXT,CB,8.5494175
tcr_20_4,C,A,F,R,9,169,OXT,O,8.537887
tcr_20_4,C,A,F,R,9,169,OXT,N,7.6442003
tcr_20_4,C,A,F,R,9,169,OXT,CA,8.241111
tcr_20_4,C,A,F,K,9,170,OXT,C,6.6618786
tcr_20_4,C,A,F,K,9,170,OXT,CB,4.587806
tcr_20_4,C,A,F,K,9,170,OXT,CA,6.021557
tcr_20_4,C,A,F,W,9,171,OXT,C,8.95741
tcr_20_4,C,A,F,A,9,174,OXT,CB,9.533756
tcr_20_4,C,A,F,K,9,170,OXT,O,7.5081997
tcr_20_4,C,A,F,W,9,171,OXT,CA,7.5038824
tcr_20_4,C,A,F,W,9,171,OXT,O,9.834764
