pdb_id,chain_from,chain_to,residue_from,residue_to,resid_from,resid_to,atom_from,atom_to,dist
tcr_17_2,D,A,E,R,17,169,CD,NH1,9.720996
tcr_17_2,D,A,E,R,17,169,OE1,NE,9.777376
tcr_17_2,D,A,E,R,17,169,OE1,CD,9.769229
tcr_17_2,D,A,E,R,17,169,OE1,NH1,8.647378
tcr_17_2,D,A,E,R,17,169,OE1,NH2,9.786181
tcr_17_2,D,A,E,R,17,169,OE1,CZ,9.320913
tcr_17_2,D,A,E,I,49,166,CB,CG2,9.678073
tcr_17_2,D,A,E,I,49,166,CG,CG2,9.489867
tcr_17_2,D,A,E,I,49,166,CD,CG2,9.264052
tcr_17_2,D,A,E,K,49,170,OE1,CG,9.749613
tcr_17_2,D,A,E,I,49,166,OE1,CG2,9.451337
tcr_17_2,D,A,E,K,49,170,OE1,CB,9.946937
tcr_17_2,D,A,E,K,49,170,OE2,CG,9.676241
tcr_17_2,D,A,E,I,49,166,OE2,CG2,9.166375
tcr_17_2,D,A,E,K,49,170,OE2,CD,9.605684
tcr_17_2,D,A,E,K,49,170,OE2,CE,9.659498
tcr_17_2,D,A,E,Y,49,108,OE2,OH,9.545867
tcr_17_2,D,A,E,Y,49,108,OE2,CE1,9.986807
tcr_17_2,D,A,E,R,49,107,OE2,NH1,9.832561
tcr_17_2,D,A,S,I,50,166,N,CG2,9.481969
tcr_17_2,D,A,S,I,50,166,N,CD1,9.408093
tcr_17_2,D,A,S,Y,50,108,N,CD1,9.7138605
tcr_17_2,D,A,S,Y,50,108,N,CE1,9.25699
tcr_17_2,D,A,S,R,50,107,N,NH1,9.307418
tcr_17_2,D,A,S,R,50,107,N,CD,9.448482
tcr_17_2,D,A,S,R,50,107,N,CB,9.783536
tcr_17_2,D,A,S,I,50,166,CA,CG2,9.886452
tcr_17_2,D,A,S,I,50,166,CA,CD1,9.53835
tcr_17_2,D,A,S,Y,50,108,CA,CD1,9.360018
tcr_17_2,D,A,S,Y,50,108,CA,CE1,9.055334
tcr_17_2,D,A,S,R,50,107,CA,CZ,9.510485
tcr_17_2,D,A,S,R,50,107,CA,NH1,8.581691
tcr_17_2,D,A,S,R,50,107,CA,NE,9.490266
tcr_17_2,D,A,S,R,50,107,CA,CG,9.223707
tcr_17_2,D,A,S,R,50,107,CA,CD,8.509803
tcr_17_2,D,A,S,R,50,107,CA,CB,8.8290825
tcr_17_2,D,A,S,R,50,107,CA,C,9.754253
tcr_17_2,D,A,S,R,50,107,CA,CA,9.836682
tcr_17_2,D,A,S,R,50,107,CA,O,9.4057455
tcr_17_2,D,A,S,I,50,166,C,CG2,9.785763
tcr_17_2,D,A,S,Y,50,108,C,OH,9.591482
tcr_17_2,D,A,S,Y,50,108,C,CZ,9.614407
tcr_17_2,D,A,S,I,50,166,C,CD1,9.68537
tcr_17_2,D,A,S,Y,50,108,C,CD1,8.875261
tcr_17_2,D,A,S,Y,50,108,C,CE1,8.497824
tcr_17_2,D,A,S,R,50,107,C,NH2,9.209344
tcr_17_2,D,A,S,R,50,107,C,CZ,8.106692
tcr_17_2,D,A,S,R,50,107,C,NH1,7.142001
tcr_17_2,D,A,S,R,50,107,C,NE,8.185972
tcr_17_2,D,A,S,R,50,107,C,CG,8.193425
tcr_17_2,D,A,S,Y,50,108,C,N,9.82102
tcr_17_2,D,A,S,R,50,107,C,CD,7.3255086
tcr_17_2,D,A,S,R,50,107,C,CB,7.9862986
tcr_17_2,D,A,S,R,50,107,C,C,9.252297
tcr_17_2,D,A,S,R,50,107,C,CA,9.141555
tcr_17_2,D,A,S,R,50,107,C,O,9.072397
tcr_17_2,D,A,S,Y,50,108,O,CD1,9.256056
tcr_17_2,D,A,S,Y,50,108,O,CE1,8.98041
tcr_17_2,D,A,S,R,50,107,O,NH2,8.700873
tcr_17_2,D,A,S,R,50,107,O,CZ,7.63764
tcr_17_2,D,A,S,R,50,107,O,NH1,6.767969
tcr_17_2,D,A,S,R,50,107,O,NE,7.692348
tcr_17_2,D,A,S,R,50,107,O,CG,7.757454
tcr_17_2,D,A,S,Y,50,108,O,N,9.838918
tcr_17_2,D,A,S,R,50,107,O,CD,6.917879
tcr_17_2,D,A,S,R,50,107,O,CB,7.721977
tcr_17_2,D,A,S,R,50,107,O,C,9.143463
tcr_17_2,D,A,S,R,50,107,O,CA,8.86206
tcr_17_2,D,A,S,R,50,107,O,O,8.970404
tcr_17_2,D,A,S,I,50,166,CB,CG1,9.575849
tcr_17_2,D,A,S,I,50,166,CB,CG2,9.312036
tcr_17_2,D,A,S,Y,50,108,CB,OH,9.829156
tcr_17_2,D,A,S,Y,50,108,CB,CZ,9.625196
tcr_17_2,D,A,S,I,50,166,CB,CD1,8.533666
tcr_17_2,D,A,S,Y,50,108,CB,CD1,8.5156555
tcr_17_2,D,A,S,Y,50,108,CB,CG,9.824087
tcr_17_2,D,A,S,Y,50,108,CB,CE1,8.395394
tcr_17_2,D,A,S,R,50,107,CB,CZ,9.59635
tcr_17_2,D,A,S,R,50,107,CB,NH1,8.794808
tcr_17_2,D,A,S,R,50,107,CB,NE,9.374331
tcr_17_2,D,A,S,R,50,107,CB,CG,8.715337
tcr_17_2,D,A,S,Y,50,108,CB,N,9.301225
tcr_17_2,D,A,S,R,50,107,CB,CD,8.223636
tcr_17_2,D,A,S,R,50,107,CB,CB,8.114514
tcr_17_2,D,A,S,Y,50,108,CB,CA,9.428863
tcr_17_2,D,A,S,R,50,107,CB,C,8.709686
tcr_17_2,D,A,S,R,50,107,CB,CA,8.954521
tcr_17_2,D,A,S,R,50,107,CB,O,8.238172
tcr_17_2,D,A,S,I,50,166,OG,CG1,8.2086
tcr_17_2,D,A,S,Y,50,108,OG,O,9.253767
tcr_17_2,D,A,S,I,50,166,OG,CG2,7.9019403
tcr_17_2,D,A,S,I,50,166,OG,CB,8.788645
tcr_17_2,D,A,S,Y,50,108,OG,OH,8.530966
tcr_17_2,D,A,S,Y,50,108,OG,CZ,8.336231
tcr_17_2,D,A,S,Y,50,108,OG,CE2,9.513838
tcr_17_2,D,A,S,Y,50,108,OG,CD2,9.644224
tcr_17_2,D,A,S,Y,50,108,OG,CB,9.213287
tcr_17_2,D,A,S,I,50,166,OG,CD1,7.1951175
tcr_17_2,D,A,S,Y,50,108,OG,CD1,7.3286777
tcr_17_2,D,A,S,Y,50,108,OG,CG,8.645849
tcr_17_2,D,A,S,Y,50,108,OG,CE1,7.1421967
tcr_17_2,D,A,S,I,50,104,OG,O,9.747939
tcr_17_2,D,A,S,R,50,107,OG,CZ,9.244909
tcr_17_2,D,A,S,R,50,107,OG,NH1,8.426411
tcr_17_2,D,A,S,R,50,107,OG,NE,9.008199
tcr_17_2,D,A,S,R,50,107,OG,CG,8.292435
tcr_17_2,D,A,S,Y,50,108,OG,N,8.455619
tcr_17_2,D,A,S,R,50,107,OG,CD,7.7920337
tcr_17_2,D,A,S,Y,50,108,OG,C,9.379975
tcr_17_2,D,A,S,R,50,107,OG,CB,7.54669
tcr_17_2,D,A,S,R,50,107,OG,N,9.8090725
tcr_17_2,D,A,S,Y,50,108,OG,CA,8.471473
tcr_17_2,D,A,S,R,50,107,OG,C,8.032955
tcr_17_2,D,A,S,R,50,107,OG,CA,8.412428
tcr_17_2,D,A,S,R,50,107,OG,O,7.643646
tcr_17_2,D,A,D,I,51,166,N,CG2,8.925266
tcr_17_2,D,A,D,Y,51,108,N,OH,8.614153
tcr_17_2,D,A,D,Y,51,108,N,CZ,8.7810955
tcr_17_2,D,A,D,I,51,104,N,CG2,9.69253
tcr_17_2,D,A,D,I,51,166,N,CD1,9.199351
tcr_17_2,D,A,D,Y,51,108,N,CD1,8.341736
tcr_17_2,D,A,D,Y,51,108,N,CG,9.751338
tcr_17_2,D,A,D,Y,51,108,N,CE1,7.7799397
tcr_17_2,D,A,D,R,51,107,N,NH2,8.746284
tcr_17_2,D,A,D,R,51,107,N,CZ,7.666269
tcr_17_2,D,A,D,R,51,107,N,NH1,6.586095
tcr_17_2,D,A,D,R,51,107,N,NE,7.8735943
tcr_17_2,D,A,D,R,51,107,N,CG,8.090902
tcr_17_2,D,A,D,Y,51,108,N,N,9.662503
tcr_17_2,D,A,D,R,51,107,N,CD,7.071927
tcr_17_2,D,A,D,R,51,107,N,CB,7.8872423
tcr_17_2,D,A,D,R,51,107,N,C,9.252532
tcr_17_2,D,A,D,R,51,107,N,CA,9.155712
tcr_17_2,D,A,D,R,51,107,N,O,9.216246
tcr_17_2,D,A,D,I,51,166,CA,CG2,8.984735
tcr_17_2,D,A,D,Y,51,108,CA,OH,8.103901
tcr_17_2,D,A,D,K,51,170,CA,NZ,9.907894
tcr_17_2,D,A,D,Y,51,108,CA,CZ,8.3452015
tcr_17_2,D,A,D,Y,51,108,CA,CE2,9.6946335
tcr_17_2,D,A,D,I,51,104,CA,CG2,8.827762
tcr_17_2,D,A,D,I,51,104,CA,CB,9.451984
tcr_17_2,D,A,D,I,51,104,CA,CG1,8.985842
tcr_17_2,D,A,D,I,51,104,CA,CD1,9.637133
tcr_17_2,D,A,D,I,51,166,CA,CD1,9.527354
tcr_17_2,D,A,D,Y,51,108,CA,CD1,8.086718
tcr_17_2,D,A,D,Y,51,108,CA,CG,9.475766
tcr_17_2,D,A,D,Y,51,108,CA,CE1,7.4338393
tcr_17_2,D,A,D,I,51,104,CA,O,9.375715
tcr_17_2,D,A,D,I,51,104,CA,CA,9.430141
tcr_17_2,D,A,D,R,51,107,CA,NH2,7.453965
tcr_17_2,D,A,D,R,51,107,CA,CZ,6.439963
tcr_17_2,D,A,D,R,51,107,CA,NH1,5.2866898
tcr_17_2,D,A,D,R,51,107,CA,NE,6.8061123
tcr_17_2,D,A,D,R,51,107,CA,CG,7.3879385
tcr_17_2,D,A,D,Y,51,108,CA,N,9.417211
tcr_17_2,D,A,D,R,51,107,CA,CD,6.1885014
tcr_17_2,D,A,D,R,51,107,CA,CB,7.388344
tcr_17_2,D,A,D,R,51,107,CA,N,9.8752575
tcr_17_2,D,A,D,Y,51,108,CA,CA,9.942832
tcr_17_2,D,A,D,R,51,107,CA,C,9.058314
tcr_17_2,D,A,D,R,51,107,CA,CA,8.784193
tcr_17_2,D,A,D,R,51,107,CA,O,9.207332
tcr_17_2,D,A,D,I,51,166,C,CG2,9.2736225
tcr_17_2,D,A,D,K,51,170,C,CD,9.92402
tcr_17_2,D,A,D,K,51,170,C,CE,9.709266
tcr_17_2,D,A,D,Y,51,108,C,OH,8.352459
tcr_17_2,D,A,D,K,51,170,C,NZ,9.432389
tcr_17_2,D,A,D,Y,51,108,C,CZ,8.827421
tcr_17_2,D,A,D,I,51,104,C,CG2,9.260422
tcr_17_2,D,A,D,I,51,104,C,CB,9.865802
tcr_17_2,D,A,D,I,51,104,C,CG1,9.209045
tcr_17_2,D,A,D,I,51,104,C,CD1,9.645842
tcr_17_2,D,A,D,Y,51,108,C,CD1,8.959576
tcr_17_2,D,A,D,Y,51,108,C,CE1,8.1146755
tcr_17_2,D,A,D,R,51,107,C,NH2,7.839399
tcr_17_2,D,A,D,R,51,107,C,CZ,6.9912043
tcr_17_2,D,A,D,R,51,107,C,NH1,5.7291164
tcr_17_2,D,A,D,R,51,107,C,NE,7.591791
tcr_17_2,D,A,D,R,51,107,C,CG,8.508541
tcr_17_2,D,A,D,R,51,107,C,CD,7.182471
tcr_17_2,D,A,D,R,51,107,C,CB,8.595389
tcr_17_2,D,A,D,K,51,170,O,CG,9.883898
tcr_17_2,D,A,D,I,51,166,O,CG2,8.699017
tcr_17_2,D,A,D,K,51,170,O,CD,9.300511
tcr_17_2,D,A,D,K,51,170,O,CE,9.169705
tcr_17_2,D,A,D,Y,51,108,O,OH,8.09992
tcr_17_2,D,A,D,K,51,170,O,NZ,9.070439
tcr_17_2,D,A,D,Y,51,108,O,CZ,8.702216
tcr_17_2,D,A,D,I,51,104,O,CG2,9.467573
tcr_17_2,D,A,D,I,51,104,O,CG1,9.574648
tcr_17_2,D,A,D,I,51,104,O,CD1,9.85986
tcr_17_2,D,A,D,I,51,166,O,CD1,9.924436
tcr_17_2,D,A,D,Y,51,108,O,CD1,9.055079
tcr_17_2,D,A,D,Y,51,108,O,CE1,8.097573
tcr_17_2,D,A,D,R,51,107,O,NH2,8.760683
tcr_17_2,D,A,D,R,51,107,O,CZ,7.914966
tcr_17_2,D,A,D,R,51,107,O,NH1,6.640466
tcr_17_2,D,A,D,R,51,107,O,NE,8.506485
tcr_17_2,D,A,D,R,51,107,O,CG,9.333888
tcr_17_2,D,A,D,R,51,107,O,CD,8.036209
tcr_17_2,D,A,D,R,51,107,O,CB,9.283609
tcr_17_2,D,A,D,I,51,166,CB,CG1,9.2765465
tcr_17_2,D,A,D,I,51,166,CB,CG2,7.889042
tcr_17_2,D,A,D,I,51,166,CB,CB,9.134212
tcr_17_2,D,A,D,K,51,170,CB,CD,9.430746
tcr_17_2,D,A,D,K,51,170,CB,CE,9.399267
tcr_17_2,D,A,D,Y,51,108,CB,OH,6.725021
tcr_17_2,D,A,D,K,51,170,CB,NZ,8.882252
tcr_17_2,D,A,D,Y,51,108,CB,CZ,6.886305
tcr_17_2,D,A,D,Y,51,108,CB,CE2,8.213934
tcr_17_2,D,A,D,I,51,104,CB,CG2,7.3446956
tcr_17_2,D,A,D,Y,51,108,CB,CD2,8.692808
tcr_17_2,D,A,D,I,51,104,CB,CB,8.028431
tcr_17_2,D,A,D,I,51,104,CB,CG1,7.6778626
tcr_17_2,D,A,D,I,51,104,CB,CD1,8.382336
tcr_17_2,D,A,D,Y,51,108,CB,CB,8.959462
tcr_17_2,D,A,D,I,51,166,CB,CD1,8.411198
tcr_17_2,D,A,D,Y,51,108,CB,CD1,6.6184397
tcr_17_2,D,A,D,Y,51,108,CB,CG,7.9933357
tcr_17_2,D,A,D,A,51,105,CB,N,9.853907
tcr_17_2,D,A,D,Y,51,108,CB,CE1,5.960212
tcr_17_2,D,A,D,I,51,104,CB,O,7.9062014
tcr_17_2,D,A,D,I,51,104,CB,C,8.53652
tcr_17_2,D,A,D,I,51,104,CB,CA,8.01949
tcr_17_2,D,A,D,R,51,107,CB,NH2,6.707062
tcr_17_2,D,A,D,I,51,104,CB,N,9.057783
tcr_17_2,D,A,D,R,51,103,CB,O,8.90422
tcr_17_2,D,A,D,R,51,103,CB,C,9.406705
tcr_17_2,D,A,D,R,51,107,CB,CZ,5.5953074
tcr_17_2,D,A,D,R,51,107,CB,NH1,4.503806
tcr_17_2,D,A,D,R,51,107,CB,NE,5.8349643
tcr_17_2,D,A,D,R,51,107,CB,CG,6.2626486
tcr_17_2,D,A,D,Y,51,108,CB,N,8.047511
tcr_17_2,D,A,D,R,51,107,CB,CD,5.085082
tcr_17_2,D,A,D,Y,51,108,CB,C,9.913346
tcr_17_2,D,A,D,R,51,107,CB,CB,6.149283
tcr_17_2,D,A,D,R,51,107,CB,N,8.6115675
tcr_17_2,D,A,D,Y,51,108,CB,CA,8.575609
tcr_17_2,D,A,D,R,51,107,CB,C,7.7999973
tcr_17_2,D,A,D,L,51,106,CB,C,9.902742
tcr_17_2,D,A,D,R,51,107,CB,CA,7.570935
tcr_17_2,D,A,D,R,51,107,CB,O,8.060034
tcr_17_2,D,A,D,I,51,166,CG,CG2,8.535473
tcr_17_2,D,A,D,I,51,166,CG,CB,9.748404
tcr_17_2,D,A,D,K,51,170,CG,CD,9.379922
tcr_17_2,D,A,D,K,51,170,CG,CE,9.156377
tcr_17_2,D,A,D,Y,51,108,CG,OH,6.7099714
tcr_17_2,D,A,D,K,51,170,CG,NZ,8.438761
tcr_17_2,D,A,D,Y,51,108,CG,CZ,6.8562255
tcr_17_2,D,A,D,Y,51,108,CG,CE2,8.1018715
tcr_17_2,D,A,D,I,51,104,CG,CG2,6.6052547
tcr_17_2,D,A,D,Y,51,108,CG,CD2,8.573931
tcr_17_2,D,A,D,I,51,104,CG,CB,7.0428705
tcr_17_2,D,A,D,I,51,104,CG,CG1,6.542361
tcr_17_2,D,A,D,I,51,104,CG,CD1,7.331016
tcr_17_2,D,A,D,E,51,100,CG,CG,9.482019
tcr_17_2,D,A,D,E,51,100,CG,CD,9.830814
tcr_17_2,D,A,D,E,51,100,CG,O,9.448568
tcr_17_2,D,A,D,E,51,100,CG,OE1,9.160318
tcr_17_2,D,A,D,A,51,105,CG,CA,9.963158
tcr_17_2,D,A,D,Y,51,108,CG,CB,8.901915
tcr_17_2,D,A,D,I,51,166,CG,CD1,9.152224
tcr_17_2,D,A,D,Y,51,108,CG,CD1,6.660889
tcr_17_2,D,A,D,Y,51,108,CG,CG,7.9383802
tcr_17_2,D,A,D,A,51,105,CG,N,9.015943
tcr_17_2,D,A,D,Y,51,108,CG,CE1,6.026278
tcr_17_2,D,A,D,L,51,106,CG,N,9.982782
tcr_17_2,D,A,D,I,51,104,CG,O,7.2143517
tcr_17_2,D,A,D,I,51,104,CG,C,7.6924562
tcr_17_2,D,A,D,I,51,104,CG,CA,6.9824467
tcr_17_2,D,A,D,R,51,107,CG,NH2,5.196723
tcr_17_2,D,A,D,R,51,103,CG,CA,9.396762
tcr_17_2,D,A,D,R,51,103,CG,CB,9.107376
tcr_17_2,D,A,D,I,51,104,CG,N,7.8810234
tcr_17_2,D,A,D,R,51,103,CG,O,7.756437
tcr_17_2,D,A,D,R,51,103,CG,C,8.192537
tcr_17_2,D,A,D,R,51,107,CG,CZ,4.1262255
tcr_17_2,D,A,D,R,51,107,CG,NH1,2.9882588
tcr_17_2,D,A,D,R,51,107,CG,NE,4.5197425
tcr_17_2,D,A,D,R,51,107,CG,CG,5.400332
tcr_17_2,D,A,D,Y,51,108,CG,N,7.837173
tcr_17_2,D,A,D,R,51,107,CG,CD,4.028168
tcr_17_2,D,A,D,Y,51,108,CG,C,9.957971
tcr_17_2,D,A,D,R,51,107,CG,CB,5.5989223
tcr_17_2,D,A,D,R,51,107,CG,N,7.9701376
tcr_17_2,D,A,D,Y,51,108,CG,CA,8.574825
tcr_17_2,D,A,D,R,51,107,CG,C,7.598327
tcr_17_2,D,A,D,L,51,106,CG,C,9.2813
tcr_17_2,D,A,D,R,51,107,CG,CA,7.115004
tcr_17_2,D,A,D,L,51,106,CG,O,9.883925
tcr_17_2,D,A,D,R,51,107,CG,O,8.050099
tcr_17_2,D,A,D,I,51,166,OD1,CG2,9.762499
tcr_17_2,D,A,D,K,51,170,OD1,CE,9.845717
tcr_17_2,D,A,D,Y,51,108,OD1,OH,7.8383465
tcr_17_2,D,A,D,K,51,170,OD1,NZ,9.099188
tcr_17_2,D,A,D,Y,51,108,OD1,CZ,8.015485
tcr_17_2,D,A,D,Y,51,108,OD1,CE2,9.227556
tcr_17_2,D,A,D,I,51,104,OD1,CG2,7.433096
tcr_17_2,D,A,D,Y,51,108,OD1,CD2,9.687972
tcr_17_2,D,A,D,I,51,104,OD1,CB,7.6603
tcr_17_2,D,A,D,I,51,104,OD1,CG1,6.991026
tcr_17_2,D,A,D,I,51,104,OD1,CD1,7.7879066
tcr_17_2,D,A,D,E,51,100,OD1,CG,9.414395
tcr_17_2,D,A,D,E,51,100,OD1,CD,9.646251
tcr_17_2,D,A,D,E,51,100,OD1,O,9.654464
tcr_17_2,D,A,D,E,51,100,OD1,OE1,8.851515
tcr_17_2,D,A,D,Y,51,108,OD1,CB,9.964093
tcr_17_2,D,A,D,Y,51,108,OD1,CD1,7.8136
tcr_17_2,D,A,D,Y,51,108,OD1,CG,9.052867
tcr_17_2,D,A,D,A,51,105,OD1,N,9.680537
tcr_17_2,D,A,D,Y,51,108,OD1,CE1,7.220496
tcr_17_2,D,A,D,I,51,104,OD1,O,7.9774218
tcr_17_2,D,A,D,I,51,104,OD1,C,8.369274
tcr_17_2,D,A,D,I,51,104,OD1,CA,7.5277567
tcr_17_2,D,A,D,R,51,107,OD1,NH2,4.733039
tcr_17_2,D,A,D,R,51,103,OD1,CA,9.496931
tcr_17_2,D,A,D,R,51,103,OD1,CB,9.027209
tcr_17_2,D,A,D,I,51,104,OD1,N,8.238523
tcr_17_2,D,A,D,R,51,103,OD1,O,8.005943
tcr_17_2,D,A,D,R,51,103,OD1,C,8.432449
tcr_17_2,D,A,D,R,51,107,OD1,CZ,3.8171015
tcr_17_2,D,A,D,R,51,107,OD1,NH1,2.6114817
tcr_17_2,D,A,D,R,51,107,OD1,NE,4.4419622
tcr_17_2,D,A,D,R,51,107,OD1,CG,5.727892
tcr_17_2,D,A,D,Y,51,108,OD1,N,8.731902
tcr_17_2,D,A,D,R,51,107,OD1,CD,4.278069
tcr_17_2,D,A,D,R,51,107,OD1,CB,6.209519
tcr_17_2,D,A,D,R,51,107,OD1,N,8.516285
tcr_17_2,D,A,D,Y,51,108,OD1,CA,9.581881
tcr_17_2,D,A,D,R,51,107,OD1,C,8.387957
tcr_17_2,D,A,D,L,51,106,OD1,C,9.798935
tcr_17_2,D,A,D,R,51,107,OD1,CA,7.7245216
tcr_17_2,D,A,D,R,51,107,OD1,O,8.840781
tcr_17_2,D,A,D,I,51,166,OD2,CG1,9.521268
tcr_17_2,D,A,D,Y,51,108,OD2,O,9.783443
tcr_17_2,D,A,D,K,51,170,OD2,CG,9.986346
tcr_17_2,D,A,D,I,51,166,OD2,CG2,8.0105095
tcr_17_2,D,A,D,I,51,166,OD2,CB,9.143528
tcr_17_2,D,A,D,K,51,170,OD2,CD,8.782647
tcr_17_2,D,A,D,K,51,170,OD2,CE,8.581768
tcr_17_2,D,A,D,Y,51,108,OD2,OH,5.8175254
tcr_17_2,D,A,D,K,51,170,OD2,NZ,7.7343173
tcr_17_2,D,A,D,Y,51,108,OD2,CZ,5.879756
tcr_17_2,D,A,D,Y,51,108,OD2,CE2,7.054487
tcr_17_2,D,A,D,I,51,104,OD2,CG2,5.3812857
tcr_17_2,D,A,D,Y,51,108,OD2,CD2,7.506773
tcr_17_2,D,A,D,N,51,101,OD2,O,9.4288225
tcr_17_2,D,A,D,I,51,104,OD2,CB,5.81801
tcr_17_2,D,A,D,I,51,104,OD2,CG1,5.4065785
tcr_17_2,D,A,D,I,51,104,OD2,CD1,6.2724667
tcr_17_2,D,A,D,E,51,100,OD2,CG,8.66774
tcr_17_2,D,A,D,E,51,100,OD2,CD,9.1642275
tcr_17_2,D,A,D,E,51,100,OD2,CB,9.957488
tcr_17_2,D,A,D,E,51,100,OD2,CA,9.980688
tcr_17_2,D,A,D,E,51,100,OD2,O,8.366055
tcr_17_2,D,A,D,E,51,100,OD2,OE1,8.6194515
tcr_17_2,D,A,D,E,51,100,OD2,C,9.345867
tcr_17_2,D,A,D,A,51,105,OD2,CA,8.774424
tcr_17_2,D,A,D,A,51,105,OD2,O,9.198358
tcr_17_2,D,A,D,A,51,105,OD2,C,8.910211
tcr_17_2,D,A,D,Y,51,108,OD2,CB,7.9176216
tcr_17_2,D,A,D,I,51,166,OD2,CD1,8.627147
tcr_17_2,D,A,D,Y,51,108,OD2,CD1,5.724485
tcr_17_2,D,A,D,Y,51,108,OD2,CG,6.9263635
tcr_17_2,D,A,D,A,51,105,OD2,N,7.80239
tcr_17_2,D,A,D,Y,51,108,OD2,CE1,5.10243
tcr_17_2,D,A,D,L,51,106,OD2,N,8.907474
tcr_17_2,D,A,D,I,51,104,OD2,O,6.051667
tcr_17_2,D,A,D,I,51,104,OD2,C,6.483651
tcr_17_2,D,A,D,I,51,104,OD2,CA,5.771472
tcr_17_2,D,A,D,R,51,107,OD2,NH2,4.7147994
tcr_17_2,D,A,D,R,51,103,OD2,CA,8.385742
tcr_17_2,D,A,D,R,51,103,OD2,CB,8.200887
tcr_17_2,D,A,D,I,51,104,OD2,N,6.7314186
tcr_17_2,D,A,D,R,51,103,OD2,O,6.7396154
tcr_17_2,D,A,D,R,51,103,OD2,C,7.122789
tcr_17_2,D,A,D,R,51,107,OD2,CZ,3.5973058
tcr_17_2,D,A,D,R,51,107,OD2,NH1,2.639403
tcr_17_2,D,A,D,R,51,107,OD2,NE,3.8576925
tcr_17_2,D,A,D,R,51,107,OD2,CG,4.6613555
tcr_17_2,D,A,D,Y,51,108,OD2,N,6.927513
tcr_17_2,D,A,D,R,51,107,OD2,CD,3.3104997
tcr_17_2,D,A,D,Y,51,108,OD2,C,9.129643
tcr_17_2,D,A,D,L,51,106,OD2,CA,9.247344
tcr_17_2,D,A,D,R,51,107,OD2,CB,4.811543
tcr_17_2,D,A,D,Y,51,109,OD2,N,9.738162
tcr_17_2,D,A,D,R,51,107,OD2,N,7.0692177
tcr_17_2,D,A,D,Y,51,108,OD2,CA,7.7001157
tcr_17_2,D,A,D,R,51,107,OD2,C,6.8206944
tcr_17_2,D,A,D,L,51,106,OD2,C,8.3956585
tcr_17_2,D,A,D,R,51,107,OD2,CA,6.336831
tcr_17_2,D,A,D,L,51,106,OD2,O,9.085691
tcr_17_2,D,A,D,R,51,107,OD2,O,7.418104
tcr_17_2,D,A,D,L,51,106,OD2,CB,9.485702
tcr_17_2,D,A,D,R,51,103,OD2,N,9.386777
tcr_17_2,D,A,D,R,51,103,OD2,CD,9.658625
tcr_17_2,D,A,D,R,51,103,OD2,CG,9.58476
tcr_17_2,D,A,Y,Y,52,108,N,OH,9.201735
tcr_17_2,D,A,Y,K,52,170,N,NZ,9.789107
tcr_17_2,D,A,Y,Y,52,108,N,CZ,9.703005
tcr_17_2,D,A,Y,I,52,104,N,CG2,9.739619
tcr_17_2,D,A,Y,I,52,104,N,CG1,9.345281
tcr_17_2,D,A,Y,I,52,104,N,CD1,9.771294
tcr_17_2,D,A,Y,Y,52,108,N,CD1,9.870722
tcr_17_2,D,A,Y,Y,52,108,N,CE1,9.03563
tcr_17_2,D,A,Y,R,52,107,N,NH2,7.4364643
tcr_17_2,D,A,Y,R,52,107,N,CZ,6.756394
tcr_17_2,D,A,Y,R,52,107,N,NH1,5.495097
tcr_17_2,D,A,Y,R,52,107,N,NE,7.5264387
tcr_17_2,D,A,Y,R,52,107,N,CG,8.769257
tcr_17_2,D,A,Y,R,52,107,N,CD,7.3606877
tcr_17_2,D,A,Y,R,52,107,N,CB,9.078023
tcr_17_2,D,A,Y,Y,52,108,CA,OH,9.9393635
tcr_17_2,D,A,Y,K,52,170,CA,NZ,9.867462
tcr_17_2,D,A,Y,I,52,104,CA,CG1,9.972615
tcr_17_2,D,A,Y,R,52,107,CA,NH2,8.153795
tcr_17_2,D,A,Y,R,52,107,CA,CZ,7.6520104
tcr_17_2,D,A,Y,R,52,107,CA,NH1,6.392482
tcr_17_2,D,A,Y,R,52,107,CA,NE,8.566631
tcr_17_2,D,A,Y,R,52,107,CA,CD,8.555375
tcr_17_2,D,A,Y,I,52,104,C,CG1,9.977645
tcr_17_2,D,A,Y,E,52,100,C,OE1,9.430529
tcr_17_2,D,A,Y,R,52,107,C,NH2,7.634044
tcr_17_2,D,A,Y,R,52,107,C,CZ,7.3514504
tcr_17_2,D,A,Y,R,52,107,C,NH1,6.18605
tcr_17_2,D,A,Y,R,52,107,C,NE,8.400238
tcr_17_2,D,A,Y,R,52,107,C,CD,8.641518
tcr_17_2,D,A,Y,I,52,104,O,CG1,9.751145
tcr_17_2,D,A,Y,E,52,100,O,OE1,9.224461
tcr_17_2,D,A,Y,R,52,107,O,NH2,6.8460875
tcr_17_2,D,A,Y,R,52,107,O,CZ,6.603422
tcr_17_2,D,A,Y,R,52,107,O,NH1,5.527275
tcr_17_2,D,A,Y,R,52,107,O,NE,7.643024
tcr_17_2,D,A,Y,R,52,107,O,CG,9.436076
tcr_17_2,D,A,Y,R,52,107,O,CD,7.9718037
tcr_17_2,D,A,Y,R,52,107,CB,NH2,9.598512
tcr_17_2,D,A,Y,R,52,107,CB,CZ,9.061102
tcr_17_2,D,A,Y,R,52,107,CB,NH1,7.8107204
tcr_17_2,D,A,Y,R,52,107,CB,NE,9.9149475
tcr_17_2,D,A,Y,R,52,107,CB,CD,9.812099
tcr_17_2,D,A,Y,R,52,107,CG,NH2,9.891584
tcr_17_2,D,A,Y,R,52,107,CG,CZ,9.316995
tcr_17_2,D,A,Y,R,52,107,CG,NH1,8.133398
tcr_17_2,D,A,Y,R,52,107,CG,CD,9.941521
tcr_17_2,D,A,Y,R,52,107,CD1,CZ,9.505378
tcr_17_2,D,A,Y,R,52,107,CD1,NH1,8.343884
tcr_17_2,D,A,Y,R,52,107,CD1,CD,9.776687
tcr_17_2,D,A,Y,R,52,107,CD2,CZ,9.681267
tcr_17_2,D,A,Y,R,52,107,CD2,NH1,8.577625
tcr_17_2,D,A,Y,R,52,107,CE1,NH1,8.95555
tcr_17_2,D,A,Y,R,52,107,CE2,NH1,9.170769
tcr_17_2,D,A,Y,R,52,107,CZ,NH1,9.348332
tcr_17_2,D,A,Y,E,53,100,N,OE1,9.350679
tcr_17_2,D,A,Y,R,53,107,N,NH2,8.384666
tcr_17_2,D,A,Y,R,53,107,N,CZ,8.250431
tcr_17_2,D,A,Y,R,53,107,N,NH1,7.1243777
tcr_17_2,D,A,Y,R,53,107,N,NE,9.380851
tcr_17_2,D,A,Y,R,53,107,N,CD,9.7256975
tcr_17_2,D,A,Y,E,53,100,CA,OE1,9.0155115
tcr_17_2,D,A,Y,R,53,107,CA,NH2,8.481414
tcr_17_2,D,A,Y,R,53,107,CA,CZ,8.559738
tcr_17_2,D,A,Y,R,53,107,CA,NH1,7.567329
tcr_17_2,D,A,Y,R,53,107,CA,NE,9.76483
tcr_17_2,D,A,Y,R,53,107,C,NH2,9.913317
tcr_17_2,D,A,Y,R,53,107,C,NH1,9.018801
tcr_17_2,D,A,Y,R,53,107,O,NH1,9.809025
tcr_17_2,D,A,Y,E,53,100,CB,CG,9.899188
tcr_17_2,D,A,Y,E,53,100,CB,CD,9.034148
tcr_17_2,D,A,Y,E,53,100,CB,OE1,7.87763
tcr_17_2,D,A,Y,E,53,100,CB,OE2,9.658428
tcr_17_2,D,A,Y,R,53,107,CB,NH2,8.326936
tcr_17_2,D,A,Y,R,53,107,CB,CZ,8.549367
tcr_17_2,D,A,Y,R,53,107,CB,NH1,7.621113
tcr_17_2,D,A,Y,R,53,107,CB,NE,9.821348
tcr_17_2,D,A,Y,K,53,170,CG,CE,9.480007
tcr_17_2,D,A,Y,K,53,170,CG,NZ,8.979392
tcr_17_2,D,A,Y,I,53,104,CG,CG1,8.8718815
tcr_17_2,D,A,Y,I,53,104,CG,CD1,8.7772255
tcr_17_2,D,A,Y,E,53,100,CG,CG,8.519064
tcr_17_2,D,A,Y,E,53,100,CG,CD,7.745534
tcr_17_2,D,A,Y,E,53,100,CG,CB,9.995666
tcr_17_2,D,A,Y,E,53,100,CG,OE1,6.618151
tcr_17_2,D,A,Y,E,53,100,CG,OE2,8.443097
tcr_17_2,D,A,Y,R,53,107,CG,NH2,7.104044
tcr_17_2,D,A,Y,R,53,107,CG,CZ,7.3275514
tcr_17_2,D,A,Y,R,53,107,CG,NH1,6.412331
tcr_17_2,D,A,Y,R,53,107,CG,NE,8.609503
tcr_17_2,D,A,Y,R,53,107,CG,CD,9.277579
tcr_17_2,D,A,Y,K,53,170,CD1,CE,9.860667
tcr_17_2,D,A,Y,K,53,170,CD1,NZ,9.164142
tcr_17_2,D,A,Y,I,53,104,CD1,CG2,9.850485
tcr_17_2,D,A,Y,I,53,104,CD1,CB,9.549579
tcr_17_2,D,A,Y,I,53,104,CD1,CG1,8.160043
tcr_17_2,D,A,Y,I,53,104,CD1,CD1,8.244211
tcr_17_2,D,A,Y,E,53,100,CD1,CG,7.75495
tcr_17_2,D,A,Y,E,53,100,CD1,CD,7.09848
tcr_17_2,D,A,Y,E,53,100,CD1,CB,9.23718
tcr_17_2,D,A,Y,E,53,100,CD1,CA,9.98564
tcr_17_2,D,A,Y,E,53,100,CD1,O,9.89872
tcr_17_2,D,A,Y,E,53,100,CD1,OE1,5.921222
tcr_17_2,D,A,Y,E,53,100,CD1,OE2,7.9348497
tcr_17_2,D,A,Y,I,53,104,CD1,CA,9.875362
tcr_17_2,D,A,Y,R,53,107,CD1,NH2,5.8563747
tcr_17_2,D,A,Y,R,53,103,CD1,CB,9.725571
tcr_17_2,D,A,Y,R,53,107,CD1,CZ,6.1997037
tcr_17_2,D,A,Y,R,53,107,CD1,NH1,5.4156446
tcr_17_2,D,A,Y,R,53,107,CD1,NE,7.507228
tcr_17_2,D,A,Y,R,53,107,CD1,CG,9.795611
tcr_17_2,D,A,Y,R,53,107,CD1,CD,8.311913
tcr_17_2,D,A,Y,R,53,103,CD1,CD,9.516078
tcr_17_2,D,A,Y,R,53,103,CD1,NH1,9.06115
tcr_17_2,D,A,Y,K,53,170,CD2,CD,9.251357
tcr_17_2,D,A,Y,K,53,170,CD2,CE,8.150388
tcr_17_2,D,A,Y,Y,53,108,CD2,OH,9.871989
tcr_17_2,D,A,Y,K,53,170,CD2,NZ,7.7410364
tcr_17_2,D,A,Y,I,53,104,CD2,CG2,9.748731
tcr_17_2,D,A,Y,I,53,104,CD2,CB,9.7233715
tcr_17_2,D,A,Y,I,53,104,CD2,CG1,8.345099
tcr_17_2,D,A,Y,I,53,104,CD2,CD1,8.072749
tcr_17_2,D,A,Y,E,53,100,CD2,CG,8.217151
tcr_17_2,D,A,Y,E,53,100,CD2,CD,7.4652104
tcr_17_2,D,A,Y,E,53,100,CD2,CB,9.684348
tcr_17_2,D,A,Y,E,53,100,CD2,OE1,6.4650126
tcr_17_2,D,A,Y,E,53,100,CD2,OE2,8.090948
tcr_17_2,D,A,Y,R,53,107,CD2,NH2,7.4126
tcr_17_2,D,A,Y,R,53,107,CD2,CZ,7.528189
tcr_17_2,D,A,Y,R,53,107,CD2,NH1,6.5487432
tcr_17_2,D,A,Y,R,53,107,CD2,NE,8.763632
tcr_17_2,D,A,Y,R,53,107,CD2,CD,9.313438
tcr_17_2,D,A,Y,K,53,170,CE1,CE,9.02885
tcr_17_2,D,A,Y,Y,53,108,CE1,OH,9.606953
tcr_17_2,D,A,Y,K,53,170,CE1,NZ,8.184162
tcr_17_2,D,A,Y,I,53,104,CE1,CG2,8.5225315
tcr_17_2,D,A,Y,I,53,104,CE1,CB,8.1645
tcr_17_2,D,A,Y,I,53,104,CE1,CG1,6.762755
tcr_17_2,D,A,Y,I,53,104,CE1,CD1,6.8806934
tcr_17_2,D,A,Y,E,53,100,CE1,CG,6.5407133
tcr_17_2,D,A,Y,E,53,100,CE1,CD,6.0485706
tcr_17_2,D,A,Y,E,53,100,CE1,CB,8.045987
tcr_17_2,D,A,Y,E,53,100,CE1,CA,8.733099
tcr_17_2,D,A,Y,E,53,100,CE1,O,8.529023
tcr_17_2,D,A,Y,E,53,100,CE1,OE1,4.9359293
tcr_17_2,D,A,Y,E,53,100,CE1,C,8.9894
tcr_17_2,D,A,Y,E,53,100,CE1,OE2,6.989324
tcr_17_2,D,A,Y,I,53,104,CE1,C,9.909748
tcr_17_2,D,A,Y,I,53,104,CE1,CA,8.51166
tcr_17_2,D,A,Y,R,53,107,CE1,NH2,4.777571
tcr_17_2,D,A,Y,R,53,103,CE1,CA,9.541867
tcr_17_2,D,A,Y,R,53,103,CE1,CB,8.490814
tcr_17_2,D,A,Y,I,53,104,CE1,N,8.665694
tcr_17_2,D,A,Y,R,53,103,CE1,O,9.236621
tcr_17_2,D,A,Y,R,53,103,CE1,C,9.041259
tcr_17_2,D,A,Y,R,53,107,CE1,CZ,5.1417165
tcr_17_2,D,A,Y,R,53,107,CE1,NH1,4.425658
tcr_17_2,D,A,Y,R,53,107,CE1,NE,6.4500217
tcr_17_2,D,A,Y,R,53,107,CE1,CG,8.753007
tcr_17_2,D,A,Y,R,53,107,CE1,CD,7.291849
tcr_17_2,D,A,Y,R,53,107,CE1,CB,9.644214
tcr_17_2,D,A,Y,R,53,103,CE1,NE,9.471357
tcr_17_2,D,A,Y,R,53,103,CE1,CD,8.463755
tcr_17_2,D,A,Y,R,53,103,CE1,CZ,9.374943
tcr_17_2,D,A,Y,R,53,103,CE1,NH1,8.290995
tcr_17_2,D,A,Y,R,53,103,CE1,CG,9.279841
tcr_17_2,D,A,Y,K,53,170,CE2,CG,9.158907
tcr_17_2,D,A,Y,K,53,170,CE2,CD,8.218277
tcr_17_2,D,A,Y,K,53,170,CE2,CE,7.1094775
tcr_17_2,D,A,Y,Y,53,108,CE2,OH,8.678843
tcr_17_2,D,A,Y,K,53,170,CE2,NZ,6.5412645
tcr_17_2,D,A,Y,Y,53,108,CE2,CZ,9.551583
tcr_17_2,D,A,Y,I,53,104,CE2,CG2,8.404202
tcr_17_2,D,A,Y,I,53,104,CE2,CB,8.368269
tcr_17_2,D,A,Y,I,53,104,CE2,CG1,6.9860616
tcr_17_2,D,A,Y,I,53,104,CE2,CD1,6.6729784
tcr_17_2,D,A,Y,E,53,100,CE2,CG,7.084956
tcr_17_2,D,A,Y,E,53,100,CE2,CD,6.4766107
tcr_17_2,D,A,Y,E,53,100,CE2,CB,8.557907
tcr_17_2,D,A,Y,E,53,100,CE2,CA,9.465388
tcr_17_2,D,A,Y,E,53,100,CE2,O,9.220472
tcr_17_2,D,A,Y,E,53,100,CE2,OE1,5.5791416
tcr_17_2,D,A,Y,E,53,100,CE2,C,9.555273
tcr_17_2,D,A,Y,E,53,100,CE2,OE2,7.1662874
tcr_17_2,D,A,Y,Y,53,108,CE2,CE1,9.60049
tcr_17_2,D,A,Y,I,53,104,CE2,CA,9.087187
tcr_17_2,D,A,Y,R,53,107,CE2,NH2,6.601967
tcr_17_2,D,A,Y,R,53,103,CE2,CB,9.969133
tcr_17_2,D,A,Y,I,53,104,CE2,N,9.503315
tcr_17_2,D,A,Y,R,53,107,CE2,CZ,6.6913543
tcr_17_2,D,A,Y,R,53,107,CE2,NH1,5.7634373
tcr_17_2,D,A,Y,R,53,107,CE2,NE,7.884094
tcr_17_2,D,A,Y,R,53,107,CE2,CG,9.900129
tcr_17_2,D,A,Y,R,53,107,CE2,CD,8.421598
tcr_17_2,D,A,Y,K,53,170,CZ,CG,9.802835
tcr_17_2,D,A,Y,K,53,170,CZ,CD,8.698086
tcr_17_2,D,A,Y,K,53,170,CZ,CE,7.628267
tcr_17_2,D,A,Y,Y,53,108,CZ,OH,8.536761
tcr_17_2,D,A,Y,K,53,170,CZ,NZ,6.8117723
tcr_17_2,D,A,Y,Y,53,108,CZ,CZ,9.247214
tcr_17_2,D,A,Y,I,53,104,CZ,CG2,7.714259
tcr_17_2,D,A,Y,I,53,104,CZ,CB,7.4926686
tcr_17_2,D,A,Y,N,53,101,CZ,OD1,9.970388
tcr_17_2,D,A,Y,I,53,104,CZ,CG1,6.0734344
tcr_17_2,D,A,Y,N,53,101,CZ,N,9.453488
tcr_17_2,D,A,Y,I,53,104,CZ,CD1,5.9709363
tcr_17_2,D,A,Y,E,53,100,CZ,CG,6.1470475
tcr_17_2,D,A,Y,E,53,100,CZ,CD,5.685045
tcr_17_2,D,A,Y,E,53,100,CZ,CB,7.659442
tcr_17_2,D,A,Y,E,53,100,CZ,CA,8.437858
tcr_17_2,D,A,Y,E,53,100,CZ,O,8.141647
tcr_17_2,D,A,Y,E,53,100,CZ,OE1,4.7275977
tcr_17_2,D,A,Y,E,53,100,CZ,C,8.552641
tcr_17_2,D,A,Y,E,53,100,CZ,OE2,6.556546
tcr_17_2,D,A,Y,Y,53,108,CZ,CE1,9.217654
tcr_17_2,D,A,Y,I,53,104,CZ,O,9.700142
tcr_17_2,D,A,Y,I,53,104,CZ,C,9.446953
tcr_17_2,D,A,Y,I,53,104,CZ,CA,8.065483
tcr_17_2,D,A,Y,R,53,107,CZ,NH2,5.2442474
tcr_17_2,D,A,Y,R,53,103,CZ,CA,9.548362
tcr_17_2,D,A,Y,R,53,103,CZ,CB,8.633084
tcr_17_2,D,A,Y,I,53,104,CZ,N,8.364484
tcr_17_2,D,A,Y,R,53,103,CZ,O,9.207231
tcr_17_2,D,A,Y,R,53,103,CZ,C,8.93388
tcr_17_2,D,A,Y,R,53,107,CZ,CZ,5.445694
tcr_17_2,D,A,Y,R,53,107,CZ,NH1,4.645105
tcr_17_2,D,A,Y,R,53,107,CZ,NE,6.6761727
tcr_17_2,D,A,Y,R,53,107,CZ,CG,8.817674
tcr_17_2,D,A,Y,R,53,107,CZ,CD,7.3605127
tcr_17_2,D,A,Y,R,53,107,CZ,CB,9.536793
tcr_17_2,D,A,Y,E,53,100,CZ,N,9.799033
tcr_17_2,D,A,Y,R,53,103,CZ,NE,9.937089
tcr_17_2,D,A,Y,R,53,103,CZ,CD,8.865157
tcr_17_2,D,A,Y,R,53,103,CZ,CZ,9.915951
tcr_17_2,D,A,Y,R,53,103,CZ,NH1,8.891287
tcr_17_2,D,A,Y,R,53,103,CZ,CG,9.54894
tcr_17_2,D,A,Y,K,53,170,OH,CG,9.231267
tcr_17_2,D,A,Y,K,53,170,OH,CD,7.9933105
tcr_17_2,D,A,Y,K,53,170,OH,CE,6.96363
tcr_17_2,D,A,Y,Y,53,108,OH,OH,7.56271
tcr_17_2,D,A,Y,K,53,170,OH,NZ,5.955097
tcr_17_2,D,A,Y,Y,53,108,OH,CZ,8.217231
tcr_17_2,D,A,Y,Y,53,108,OH,CE2,9.116752
tcr_17_2,D,A,Y,I,53,104,OH,CG2,6.444355
tcr_17_2,D,A,Y,Y,53,108,OH,CD2,9.976317
tcr_17_2,D,A,Y,N,53,101,OH,O,9.325066
tcr_17_2,D,A,Y,N,53,101,OH,C,9.356539
tcr_17_2,D,A,Y,N,53,101,OH,CB,9.930564
tcr_17_2,D,A,Y,N,53,101,OH,CG,9.733777
tcr_17_2,D,A,Y,N,53,101,OH,CA,8.725608
tcr_17_2,D,A,Y,I,53,104,OH,CB,6.165281
tcr_17_2,D,A,Y,N,53,101,OH,OD1,8.701752
tcr_17_2,D,A,Y,I,53,104,OH,CG1,4.7240567
tcr_17_2,D,A,Y,N,53,101,OH,N,8.18626
tcr_17_2,D,A,Y,I,53,104,OH,CD1,4.6099854
tcr_17_2,D,A,Y,E,53,100,OH,CG,5.14735
tcr_17_2,D,A,Y,E,53,100,OH,CD,4.9455686
tcr_17_2,D,A,Y,E,53,100,OH,CB,6.648504
tcr_17_2,D,A,Y,E,53,100,OH,CA,7.347459
tcr_17_2,D,A,Y,E,53,100,OH,O,6.8846354
tcr_17_2,D,A,Y,E,53,100,OH,OE1,4.187582
tcr_17_2,D,A,Y,T,53,97,OH,O,9.289945
tcr_17_2,D,A,Y,E,53,100,OH,C,7.323286
tcr_17_2,D,A,Y,E,53,100,OH,OE2,5.8974996
tcr_17_2,D,A,Y,Y,53,108,OH,CD1,9.216098
tcr_17_2,D,A,Y,A,53,105,OH,N,9.213443
tcr_17_2,D,A,Y,Y,53,108,OH,CE1,8.270804
tcr_17_2,D,A,Y,I,53,104,OH,O,8.544059
tcr_17_2,D,A,Y,I,53,104,OH,C,8.214254
tcr_17_2,D,A,Y,I,53,104,OH,CA,6.814979
tcr_17_2,D,A,Y,R,53,107,OH,NH2,4.7076516
tcr_17_2,D,A,Y,R,53,103,OH,CA,8.453663
tcr_17_2,D,A,Y,R,53,103,OH,CB,7.6426954
tcr_17_2,D,A,Y,I,53,104,OH,N,7.1288285
tcr_17_2,D,A,Y,R,53,103,OH,O,8.1481905
tcr_17_2,D,A,Y,R,53,103,OH,C,7.7958674
tcr_17_2,D,A,Y,R,53,107,OH,CZ,4.8818345
tcr_17_2,D,A,Y,R,53,107,OH,NH1,4.2363024
tcr_17_2,D,A,Y,R,53,107,OH,NE,6.008038
tcr_17_2,D,A,Y,R,53,107,OH,CG,8.054662
tcr_17_2,D,A,Y,R,53,107,OH,CD,6.67863
tcr_17_2,D,A,Y,R,53,107,OH,CB,8.723194
tcr_17_2,D,A,Y,R,53,99,OH,C,9.68017
tcr_17_2,D,A,Y,R,53,99,OH,O,9.573653
tcr_17_2,D,A,Y,E,53,100,OH,N,8.748652
tcr_17_2,D,A,Y,Q,53,96,OH,O,9.985548
tcr_17_2,D,A,Y,R,53,103,OH,N,9.073628
tcr_17_2,D,A,Y,R,53,103,OH,NE,9.267604
tcr_17_2,D,A,Y,R,53,103,OH,CD,8.118549
tcr_17_2,D,A,Y,R,53,103,OH,CZ,9.3774605
tcr_17_2,D,A,Y,R,53,103,OH,NH1,8.46896
tcr_17_2,D,A,Y,R,53,103,OH,CG,8.653477
tcr_17_2,D,A,L,R,54,107,N,NH1,9.514583
tcr_17_2,D,A,F,E,55,100,CE1,OE1,9.05958
tcr_17_2,D,A,F,E,55,100,CE2,OE1,9.786424
tcr_17_2,D,A,F,E,55,100,CZ,CD,9.794727
tcr_17_2,D,A,F,E,55,100,CZ,OE1,8.737156
tcr_17_2,D,A,R,E,70,100,CB,OE1,9.809525
tcr_17_2,D,A,R,E,70,100,CG,OE1,9.213027
tcr_17_2,D,A,R,R,70,103,CG,NH1,9.869719
tcr_17_2,D,A,R,E,70,100,CD,CD,9.324371
tcr_17_2,D,A,R,E,70,100,CD,OE1,8.343744
tcr_17_2,D,A,R,E,70,100,CD,OE2,9.429745
tcr_17_2,D,A,R,R,70,103,CD,NH1,9.561014
tcr_17_2,D,A,R,E,70,100,NE,CD,8.924203
tcr_17_2,D,A,R,E,70,100,NE,OE1,8.057559
tcr_17_2,D,A,R,E,70,100,NE,OE2,8.947516
tcr_17_2,D,A,R,R,70,103,NE,CZ,9.973627
tcr_17_2,D,A,R,R,70,103,NE,NH1,8.757542
tcr_17_2,D,A,R,E,70,100,CZ,CG,9.628939
tcr_17_2,D,A,R,E,70,100,CZ,CD,8.296189
tcr_17_2,D,A,R,E,70,100,CZ,OE1,7.5605597
tcr_17_2,D,A,R,E,70,100,CZ,OE2,8.1587925
tcr_17_2,D,A,R,Q,70,96,CZ,CB,9.835126
tcr_17_2,D,A,R,Q,70,96,CZ,CG,9.98178
tcr_17_2,D,A,R,Q,70,96,CZ,CD,9.889547
tcr_17_2,D,A,R,Q,70,96,CZ,OE1,9.552778
tcr_17_2,D,A,R,R,70,103,CZ,CZ,9.748711
tcr_17_2,D,A,R,R,70,103,CZ,NH2,9.951344
tcr_17_2,D,A,R,R,70,103,CZ,NH1,8.56715
tcr_17_2,D,A,R,E,70,100,NH1,CG,9.345773
tcr_17_2,D,A,R,E,70,100,NH1,CD,7.918446
tcr_17_2,D,A,R,E,70,100,NH1,CB,9.980363
tcr_17_2,D,A,R,E,70,100,NH1,OE1,7.215321
tcr_17_2,D,A,R,E,70,100,NH1,OE2,7.675405
tcr_17_2,D,A,R,Q,70,96,NH1,CB,9.650743
tcr_17_2,D,A,R,Q,70,96,NH1,CG,9.920251
tcr_17_2,D,A,R,Q,70,96,NH1,OE1,9.756974
tcr_17_2,D,A,R,R,70,103,NH1,NH1,9.08814
tcr_17_2,D,A,R,E,70,100,NH2,CG,9.5917
tcr_17_2,D,A,R,E,70,100,NH2,CD,8.323179
tcr_17_2,D,A,R,E,70,100,NH2,OE1,7.7255163
tcr_17_2,D,A,R,E,70,100,NH2,OE2,8.113136
tcr_17_2,D,A,R,Q,70,96,NH2,CB,9.021162
tcr_17_2,D,A,R,Q,70,96,NH2,CG,9.02364
tcr_17_2,D,A,R,Q,70,96,NH2,CD,8.8374815
tcr_17_2,D,A,R,Q,70,96,NH2,OE1,8.531074
tcr_17_2,D,A,R,Q,70,96,NH2,NE2,9.329509
tcr_17_2,D,A,R,R,70,103,NH2,CZ,9.217376
tcr_17_2,D,A,R,R,70,103,NH2,NH2,9.268037
tcr_17_2,D,A,R,R,70,103,NH2,NH1,8.123843
tcr_17_2,D,A,Q,R,71,107,CA,NH2,9.280362
tcr_17_2,D,A,Q,R,71,107,CA,CZ,9.890754
tcr_17_2,D,A,Q,R,71,107,CA,NH1,9.569834
tcr_17_2,D,A,Q,E,71,100,C,OE1,9.257287
tcr_17_2,D,A,Q,R,71,107,C,NH2,7.9836507
tcr_17_2,D,A,Q,R,71,107,C,CZ,8.521103
tcr_17_2,D,A,Q,R,71,107,C,NH1,8.119244
tcr_17_2,D,A,Q,R,71,107,C,NE,9.638091
tcr_17_2,D,A,Q,R,71,103,C,NH1,9.78992
tcr_17_2,D,A,Q,E,71,100,O,OE1,9.273752
tcr_17_2,D,A,Q,R,71,107,O,NH2,8.142895
tcr_17_2,D,A,Q,R,71,107,O,CZ,8.555051
tcr_17_2,D,A,Q,R,71,107,O,NH1,7.9759235
tcr_17_2,D,A,Q,R,71,107,O,NE,9.7149
tcr_17_2,D,A,Q,R,71,107,CG,NH2,9.816234
tcr_17_2,D,A,Q,R,71,107,CG,NH1,9.893387
tcr_17_2,D,A,Q,R,71,107,CD,NH2,9.844559
tcr_17_2,D,A,Q,R,71,107,NE2,NH2,8.896063
tcr_17_2,D,A,Q,R,71,107,NE2,CZ,9.378395
tcr_17_2,D,A,Q,R,71,107,NE2,NH1,9.364893
tcr_17_2,D,A,E,E,72,100,N,CD,9.845814
tcr_17_2,D,A,E,E,72,100,N,OE1,8.645926
tcr_17_2,D,A,E,R,72,107,N,NH2,6.8789916
tcr_17_2,D,A,E,R,72,107,N,CZ,7.479198
tcr_17_2,D,A,E,R,72,107,N,NH1,7.2195153
tcr_17_2,D,A,E,R,72,107,N,NE,8.5529175
tcr_17_2,D,A,E,R,72,107,N,CD,9.582588
tcr_17_2,D,A,E,R,72,103,N,CD,9.676923
tcr_17_2,D,A,E,R,72,103,N,CZ,9.850533
tcr_17_2,D,A,E,R,72,103,N,NH1,8.752292
tcr_17_2,D,A,E,I,72,104,CA,CG1,9.954297
tcr_17_2,D,A,E,E,72,100,CA,CG,9.643791
tcr_17_2,D,A,E,E,72,100,CA,CD,9.274719
tcr_17_2,D,A,E,E,72,100,CA,OE1,8.099846
tcr_17_2,D,A,E,R,72,107,CA,NH2,5.6496925
tcr_17_2,D,A,E,R,72,103,CA,CB,9.645568
tcr_17_2,D,A,E,R,72,107,CA,CZ,6.128284
tcr_17_2,D,A,E,R,72,107,CA,NH1,5.800054
tcr_17_2,D,A,E,R,72,107,CA,NE,7.2097664
tcr_17_2,D,A,E,R,72,107,CA,CG,9.4278345
tcr_17_2,D,A,E,R,72,107,CA,CD,8.180637
tcr_17_2,D,A,E,R,72,103,CA,NE,9.81836
tcr_17_2,D,A,E,R,72,103,CA,CD,9.071598
tcr_17_2,D,A,E,R,72,103,CA,CZ,9.600993
tcr_17_2,D,A,E,R,72,103,CA,NH1,8.552657
tcr_17_2,D,A,E,E,72,100,C,OE1,9.371645
tcr_17_2,D,A,E,R,72,107,C,NH2,6.0201015
tcr_17_2,D,A,E,R,72,107,C,CZ,6.238381
tcr_17_2,D,A,E,R,72,107,C,NH1,5.8589034
tcr_17_2,D,A,E,R,72,107,C,NE,7.1565776
tcr_17_2,D,A,E,R,72,107,C,CG,9.1278305
tcr_17_2,D,A,E,R,72,107,C,CD,7.939973
tcr_17_2,D,A,E,R,72,103,C,CD,9.865209
tcr_17_2,D,A,E,R,72,103,C,NH1,9.645024
tcr_17_2,D,A,E,R,72,107,O,NH2,6.4902444
tcr_17_2,D,A,E,R,72,107,O,CZ,6.7308445
tcr_17_2,D,A,E,R,72,107,O,NH1,6.5303535
tcr_17_2,D,A,E,R,72,107,O,NE,7.4991746
tcr_17_2,D,A,E,R,72,107,O,CG,9.332655
tcr_17_2,D,A,E,R,72,107,O,CD,8.290233
tcr_17_2,D,A,E,R,72,103,O,NH1,9.804289
tcr_17_2,D,A,E,E,72,113,O,OE1,9.9134
tcr_17_2,D,A,E,I,72,104,CB,CG1,8.970883
tcr_17_2,D,A,E,I,72,104,CB,CD1,9.666259
tcr_17_2,D,A,E,E,72,100,CB,CG,8.557637
tcr_17_2,D,A,E,E,72,100,CB,CD,8.335486
tcr_17_2,D,A,E,E,72,100,CB,CB,9.821754
tcr_17_2,D,A,E,E,72,100,CB,O,9.849468
tcr_17_2,D,A,E,E,72,100,CB,OE1,7.2326026
tcr_17_2,D,A,E,E,72,100,CB,OE2,9.398107
tcr_17_2,D,A,E,I,72,104,CB,CA,9.7712345
tcr_17_2,D,A,E,R,72,107,CB,NH2,4.4630384
tcr_17_2,D,A,E,R,72,103,CB,CA,9.428259
tcr_17_2,D,A,E,R,72,103,CB,CB,8.186769
tcr_17_2,D,A,E,I,72,104,CB,N,9.53175
tcr_17_2,D,A,E,R,72,103,CB,O,9.173845
tcr_17_2,D,A,E,R,72,103,CB,C,9.278945
tcr_17_2,D,A,E,R,72,107,CB,CZ,5.154122
tcr_17_2,D,A,E,R,72,107,CB,NH1,5.1109157
tcr_17_2,D,A,E,R,72,107,CB,NE,6.20639
tcr_17_2,D,A,E,R,72,107,CB,CG,8.509058
tcr_17_2,D,A,E,R,72,107,CB,CD,7.3498125
tcr_17_2,D,A,E,R,72,107,CB,CB,9.81789
tcr_17_2,D,A,E,R,72,103,CB,NE,8.315996
tcr_17_2,D,A,E,R,72,103,CB,CD,7.556382
tcr_17_2,D,A,E,R,72,103,CB,CZ,8.15845
tcr_17_2,D,A,E,R,72,103,CB,NH2,9.203981
tcr_17_2,D,A,E,R,72,103,CB,NH1,7.1659884
tcr_17_2,D,A,E,E,72,113,CB,OE1,9.459299
tcr_17_2,D,A,E,R,72,103,CB,CG,8.541971
tcr_17_2,D,A,E,I,72,104,CG,CB,9.783134
tcr_17_2,D,A,E,I,72,104,CG,CG1,8.530483
tcr_17_2,D,A,E,I,72,104,CG,CD1,9.057886
tcr_17_2,D,A,E,E,72,100,CG,CG,7.436808
tcr_17_2,D,A,E,E,72,100,CG,CD,7.0705786
tcr_17_2,D,A,E,E,72,100,CG,CB,8.664955
tcr_17_2,D,A,E,E,72,100,CG,CA,8.991622
tcr_17_2,D,A,E,E,72,100,CG,O,9.117695
tcr_17_2,D,A,E,E,72,100,CG,OE1,5.947124
tcr_17_2,D,A,E,E,72,100,CG,C,9.611236
tcr_17_2,D,A,E,E,72,100,CG,OE2,8.069142
tcr_17_2,D,A,E,I,72,104,CG,CA,9.597592
tcr_17_2,D,A,E,R,72,107,CG,NH2,4.5338783
tcr_17_2,D,A,E,R,72,103,CG,CA,9.094946
tcr_17_2,D,A,E,R,72,103,CG,CB,7.7383733
tcr_17_2,D,A,E,I,72,104,CG,N,9.239484
tcr_17_2,D,A,E,R,72,103,CG,O,9.182716
tcr_17_2,D,A,E,R,72,103,CG,C,9.083862
tcr_17_2,D,A,E,R,72,107,CG,CZ,5.475733
tcr_17_2,D,A,E,R,72,107,CG,NH1,5.508941
tcr_17_2,D,A,E,R,72,107,CG,NE,6.61491
tcr_17_2,D,A,E,R,72,107,CG,CG,9.047031
tcr_17_2,D,A,E,R,72,107,CG,CD,7.8813624
tcr_17_2,D,A,E,R,72,103,CG,NE,7.4992504
tcr_17_2,D,A,E,R,72,103,CG,CD,6.8381834
tcr_17_2,D,A,E,R,72,103,CG,CZ,7.1888404
tcr_17_2,D,A,E,R,72,103,CG,NH2,8.2068
tcr_17_2,D,A,E,R,72,103,CG,NH1,6.0745068
tcr_17_2,D,A,E,E,72,113,CG,OE1,9.929933
tcr_17_2,D,A,E,R,72,103,CG,CG,7.9854784
tcr_17_2,D,A,E,I,72,104,CD,CB,9.093695
tcr_17_2,D,A,E,I,72,104,CD,CG1,7.9109635
tcr_17_2,D,A,E,N,72,101,CD,N,9.813015
tcr_17_2,D,A,E,I,72,104,CD,CD1,8.524416
tcr_17_2,D,A,E,E,72,100,CD,CG,6.602966
tcr_17_2,D,A,E,E,72,100,CD,CD,6.44074
tcr_17_2,D,A,E,E,72,100,CD,CB,7.6918907
tcr_17_2,D,A,E,E,72,100,CD,CA,7.844835
tcr_17_2,D,A,E,E,72,100,CD,O,8.026956
tcr_17_2,D,A,E,E,72,100,CD,OE1,5.470214
tcr_17_2,D,A,E,E,72,100,CD,C,8.514994
tcr_17_2,D,A,E,E,72,100,CD,OE2,7.484513
tcr_17_2,D,A,E,I,72,104,CD,CA,8.804908
tcr_17_2,D,A,E,R,72,107,CD,NH2,3.9725244
tcr_17_2,D,A,E,R,72,103,CD,CA,7.8352313
tcr_17_2,D,A,E,R,72,103,CD,CB,6.415726
tcr_17_2,D,A,E,I,72,104,CD,N,8.253122
tcr_17_2,D,A,E,R,72,103,CD,O,8.180696
tcr_17_2,D,A,E,R,72,103,CD,C,8.00176
tcr_17_2,D,A,E,R,72,107,CD,CZ,5.134428
tcr_17_2,D,A,E,R,72,107,CD,NH1,5.509044
tcr_17_2,D,A,E,R,72,107,CD,NE,6.136831
tcr_17_2,D,A,E,R,72,107,CD,CG,8.5363455
tcr_17_2,D,A,E,R,72,107,CD,CD,7.534221
tcr_17_2,D,A,E,R,72,107,CD,CB,9.917397
tcr_17_2,D,A,E,R,72,99,CD,C,9.185889
tcr_17_2,D,A,E,R,72,99,CD,O,8.718504
tcr_17_2,D,A,E,E,72,100,CD,N,8.824958
tcr_17_2,D,A,E,R,72,103,CD,N,8.812314
tcr_17_2,D,A,E,R,72,103,CD,NE,5.9718394
tcr_17_2,D,A,E,R,72,103,CD,CD,5.3336897
tcr_17_2,D,A,E,R,72,103,CD,CZ,5.711193
tcr_17_2,D,A,E,R,72,103,CD,NH2,6.7745347
tcr_17_2,D,A,E,R,72,103,CD,NH1,4.659577
tcr_17_2,D,A,E,E,72,113,CD,OE1,8.899487
tcr_17_2,D,A,E,E,72,113,CD,CD,9.976482
tcr_17_2,D,A,E,R,72,103,CD,CG,6.5274
tcr_17_2,D,A,E,I,72,104,OE1,CB,9.768859
tcr_17_2,D,A,E,I,72,104,OE1,CG1,8.58194
tcr_17_2,D,A,E,N,72,101,OE1,N,9.891121
tcr_17_2,D,A,E,I,72,104,OE1,CD1,9.112055
tcr_17_2,D,A,E,E,72,100,OE1,CG,6.661541
tcr_17_2,D,A,E,E,72,100,OE1,CD,6.415324
tcr_17_2,D,A,E,E,72,100,OE1,CB,7.5778074
tcr_17_2,D,A,E,E,72,100,OE1,CA,7.7345095
tcr_17_2,D,A,E,E,72,100,OE1,O,8.246352
tcr_17_2,D,A,E,E,72,100,OE1,OE1,5.521222
tcr_17_2,D,A,E,E,72,100,OE1,C,8.597437
tcr_17_2,D,A,E,E,72,100,OE1,OE2,7.3423643
tcr_17_2,D,A,E,I,72,104,OE1,CA,9.492584
tcr_17_2,D,A,E,R,72,107,OE1,NH2,4.99591
tcr_17_2,D,A,E,R,72,103,OE1,CA,8.115429
tcr_17_2,D,A,E,R,72,103,OE1,CB,6.62004
tcr_17_2,D,A,E,I,72,104,OE1,N,8.7869625
tcr_17_2,D,A,E,R,72,103,OE1,O,8.782182
tcr_17_2,D,A,E,R,72,103,OE1,C,8.498007
tcr_17_2,D,A,E,R,72,107,OE1,CZ,6.223453
tcr_17_2,D,A,E,R,72,107,OE1,NH1,6.6866727
tcr_17_2,D,A,E,R,72,107,OE1,NE,7.15024
tcr_17_2,D,A,E,R,72,107,OE1,CG,9.49521
tcr_17_2,D,A,E,R,72,107,OE1,CD,8.587313
tcr_17_2,D,A,E,R,72,99,OE1,C,8.853097
tcr_17_2,D,A,E,R,72,99,OE1,O,8.442561
tcr_17_2,D,A,E,R,72,99,OE1,CB,9.709663
tcr_17_2,D,A,E,E,72,100,OE1,N,8.548771
tcr_17_2,D,A,E,Q,72,96,OE1,O,9.655556
tcr_17_2,D,A,E,Q,72,96,OE1,OE1,9.985794
tcr_17_2,D,A,E,R,72,103,OE1,N,8.974328
tcr_17_2,D,A,E,R,72,103,OE1,NE,5.425516
tcr_17_2,D,A,E,R,72,103,OE1,CD,5.084879
tcr_17_2,D,A,E,R,72,103,OE1,CZ,4.9271183
tcr_17_2,D,A,E,R,72,103,OE1,NH2,5.8591847
tcr_17_2,D,A,E,R,72,103,OE1,NH1,3.7945285
tcr_17_2,D,A,E,E,72,113,OE1,OE1,9.113318
tcr_17_2,D,A,E,R,72,103,OE1,CG,6.4521694
tcr_17_2,D,A,E,I,72,104,OE2,CG2,9.084701
tcr_17_2,D,A,E,N,72,101,OE2,C,9.947574
tcr_17_2,D,A,E,N,72,101,OE2,CA,9.968977
tcr_17_2,D,A,E,I,72,104,OE2,CB,8.106787
tcr_17_2,D,A,E,I,72,104,OE2,CG1,7.032017
tcr_17_2,D,A,E,N,72,101,OE2,N,9.134228
tcr_17_2,D,A,E,I,72,104,OE2,CD1,7.8121243
tcr_17_2,D,A,E,E,72,100,OE2,CG,6.274493
tcr_17_2,D,A,E,E,72,100,OE2,CD,6.3930416
tcr_17_2,D,A,E,E,72,100,OE2,CB,7.359517
tcr_17_2,D,A,E,E,72,100,OE2,CA,7.3319993
tcr_17_2,D,A,E,E,72,100,OE2,O,7.204257
tcr_17_2,D,A,E,E,72,100,OE2,OE1,5.544889
tcr_17_2,D,A,E,E,72,100,OE2,C,7.8275733
tcr_17_2,D,A,E,E,72,100,OE2,OE2,7.5373397
tcr_17_2,D,A,E,A,72,105,OE2,N,9.854992
tcr_17_2,D,A,E,I,72,104,OE2,O,9.401745
tcr_17_2,D,A,E,I,72,104,OE2,C,9.023079
tcr_17_2,D,A,E,I,72,104,OE2,CA,7.6996646
tcr_17_2,D,A,E,R,72,107,OE2,NH2,2.8531127
tcr_17_2,D,A,E,R,72,103,OE2,CA,6.7465487
tcr_17_2,D,A,E,R,72,103,OE2,CB,5.3901815
tcr_17_2,D,A,E,I,72,104,OE2,N,7.1500416
tcr_17_2,D,A,E,R,72,103,OE2,O,6.961721
tcr_17_2,D,A,E,R,72,103,OE2,C,6.840715
tcr_17_2,D,A,E,R,72,107,OE2,CZ,4.064254
tcr_17_2,D,A,E,R,72,107,OE2,NH1,4.6324477
tcr_17_2,D,A,E,R,72,107,OE2,NE,4.9756007
tcr_17_2,D,A,E,R,72,107,OE2,CG,7.343483
tcr_17_2,D,A,E,R,72,107,OE2,CD,6.405873
tcr_17_2,D,A,E,R,72,107,OE2,CB,8.739945
tcr_17_2,D,A,E,R,72,107,OE2,N,9.66676
tcr_17_2,D,A,E,R,72,107,OE2,CA,9.841799
tcr_17_2,D,A,E,L,72,106,OE2,CB,9.8166065
tcr_17_2,D,A,E,R,72,99,OE2,C,8.676335
tcr_17_2,D,A,E,R,72,99,OE2,O,8.096975
tcr_17_2,D,A,E,E,72,100,OE2,N,8.377846
tcr_17_2,D,A,E,R,72,103,OE2,N,7.810774
tcr_17_2,D,A,E,R,72,103,OE2,NE,5.5357437
tcr_17_2,D,A,E,R,72,103,OE2,CD,4.658241
tcr_17_2,D,A,E,L,72,102,OE2,O,9.524905
tcr_17_2,D,A,E,R,72,103,OE2,CZ,5.5546265
tcr_17_2,D,A,E,R,72,103,OE2,NH2,6.73588
tcr_17_2,D,A,E,R,72,103,OE2,NH1,4.6916823
tcr_17_2,D,A,E,L,72,102,OE2,C,9.0968485
tcr_17_2,D,A,E,E,72,113,OE2,OE2,9.744993
tcr_17_2,D,A,E,L,72,106,OE2,CD1,9.670288
tcr_17_2,D,A,E,E,72,113,OE2,OE1,8.031357
tcr_17_2,D,A,E,E,72,113,OE2,CG,9.942389
tcr_17_2,D,A,E,E,72,113,OE2,CD,9.126813
tcr_17_2,D,A,E,R,72,103,OE2,CG,5.6626673
tcr_17_2,D,A,A,E,73,100,N,OE1,9.713656
tcr_17_2,D,A,A,R,73,107,N,NH2,6.1792364
tcr_17_2,D,A,A,R,73,107,N,CZ,6.1409183
tcr_17_2,D,A,A,R,73,107,N,NH1,5.5257764
tcr_17_2,D,A,A,R,73,107,N,NE,7.0371637
tcr_17_2,D,A,A,R,73,107,N,CG,8.864575
tcr_17_2,D,A,A,R,73,107,N,CD,7.6065693
tcr_17_2,D,A,A,R,73,107,N,CB,9.874273
tcr_17_2,D,A,A,R,73,107,CA,NH2,6.924003
tcr_17_2,D,A,A,R,73,107,CA,CZ,6.6683354
tcr_17_2,D,A,A,R,73,107,CA,NH1,6.048392
tcr_17_2,D,A,A,R,73,107,CA,NE,7.3577857
tcr_17_2,D,A,A,R,73,107,CA,CG,8.848756
tcr_17_2,D,A,A,R,73,107,CA,CD,7.6991196
tcr_17_2,D,A,A,R,73,107,CA,CB,9.756133
tcr_17_2,D,A,A,R,73,107,C,NH2,6.4176345
tcr_17_2,D,A,A,R,73,107,C,CZ,6.058179
tcr_17_2,D,A,A,R,73,107,C,NH1,5.6418395
tcr_17_2,D,A,A,R,73,107,C,NE,6.515811
tcr_17_2,D,A,A,R,73,107,C,CG,7.7697163
tcr_17_2,D,A,A,R,73,107,C,CD,6.786927
tcr_17_2,D,A,A,R,73,107,C,CB,8.710443
tcr_17_2,D,A,A,R,73,107,C,CA,9.890941
tcr_17_2,D,A,A,E,73,113,C,OE1,9.918608
tcr_17_2,D,A,A,R,73,107,O,NH2,7.364321
tcr_17_2,D,A,A,R,73,107,O,CZ,6.93003
tcr_17_2,D,A,A,R,73,107,O,NH1,6.5875587
tcr_17_2,D,A,A,R,73,107,O,NE,7.20673
tcr_17_2,D,A,A,R,73,107,O,CG,8.1438875
tcr_17_2,D,A,A,R,73,107,O,CD,7.3326354
tcr_17_2,D,A,A,R,73,107,O,CB,9.010878
tcr_17_2,D,A,A,E,73,113,O,OE1,9.987616
tcr_17_2,D,A,A,R,73,107,CB,NH2,7.4786415
tcr_17_2,D,A,A,R,73,107,CB,CZ,7.0284176
tcr_17_2,D,A,A,R,73,107,CB,NH1,6.179574
tcr_17_2,D,A,A,R,73,107,CB,NE,7.706133
tcr_17_2,D,A,A,R,73,107,CB,CG,9.034919
tcr_17_2,D,A,A,R,73,107,CB,CD,7.820459
tcr_17_2,D,A,A,R,73,107,CB,CB,9.739315
tcr_17_2,D,A,Y,I,74,104,N,CG1,9.604466
tcr_17_2,D,A,Y,I,74,104,N,CA,9.64243
tcr_17_2,D,A,Y,R,74,107,N,NH2,5.1490684
tcr_17_2,D,A,Y,R,74,103,N,CB,9.344953
tcr_17_2,D,A,Y,I,74,104,N,N,9.82864
tcr_17_2,D,A,Y,R,74,103,N,O,8.838805
tcr_17_2,D,A,Y,R,74,103,N,C,9.456496
tcr_17_2,D,A,Y,R,74,107,N,CZ,4.8020854
tcr_17_2,D,A,Y,R,74,107,N,NH1,4.523039
tcr_17_2,D,A,Y,R,74,107,N,NE,5.247037
tcr_17_2,D,A,Y,R,74,107,N,CG,6.635527
tcr_17_2,D,A,Y,R,74,107,N,CD,5.637575
tcr_17_2,D,A,Y,R,74,107,N,CB,7.6838613
tcr_17_2,D,A,Y,R,74,107,N,N,9.525036
tcr_17_2,D,A,Y,R,74,107,N,C,9.978973
tcr_17_2,D,A,Y,R,74,107,N,CA,8.879532
tcr_17_2,D,A,Y,R,74,103,N,CD,9.685471
tcr_17_2,D,A,Y,E,74,113,N,OE1,8.926926
tcr_17_2,D,A,Y,I,74,104,CA,CB,9.941027
tcr_17_2,D,A,Y,I,74,104,CA,CG1,9.449724
tcr_17_2,D,A,Y,I,74,104,CA,O,9.437985
tcr_17_2,D,A,Y,I,74,104,CA,C,9.814297
tcr_17_2,D,A,Y,I,74,104,CA,CA,9.116712
tcr_17_2,D,A,Y,R,74,107,CA,NH2,4.967095
tcr_17_2,D,A,Y,R,74,103,CA,CA,9.316191
tcr_17_2,D,A,Y,R,74,103,CA,CB,8.707934
tcr_17_2,D,A,Y,I,74,104,CA,N,9.238888
tcr_17_2,D,A,Y,R,74,103,CA,O,7.9762926
tcr_17_2,D,A,Y,R,74,103,CA,C,8.714519
tcr_17_2,D,A,Y,R,74,107,CA,CZ,4.552018
tcr_17_2,D,A,Y,R,74,107,CA,NH1,4.611532
tcr_17_2,D,A,Y,R,74,107,CA,NE,4.6506495
tcr_17_2,D,A,Y,R,74,107,CA,CG,5.719362
tcr_17_2,D,A,Y,Y,74,108,CA,N,9.925888
tcr_17_2,D,A,Y,R,74,107,CA,CD,4.9905496
tcr_17_2,D,A,Y,R,74,107,CA,CB,6.8383594
tcr_17_2,D,A,Y,R,74,107,CA,N,8.478937
tcr_17_2,D,A,Y,R,74,107,CA,C,9.071207
tcr_17_2,D,A,Y,L,74,106,CA,C,9.399846
tcr_17_2,D,A,Y,R,74,107,CA,CA,7.883679
tcr_17_2,D,A,Y,L,74,106,CA,O,9.809922
tcr_17_2,D,A,Y,R,74,107,CA,O,9.372391
tcr_17_2,D,A,Y,L,74,106,CA,CB,9.668217
tcr_17_2,D,A,Y,R,74,103,CA,CD,9.205126
tcr_17_2,D,A,Y,E,74,113,CA,OE2,9.689034
tcr_17_2,D,A,Y,E,74,113,CA,OE1,7.658006
tcr_17_2,D,A,Y,E,74,113,CA,CG,9.603561
tcr_17_2,D,A,Y,E,74,113,CA,CD,8.888045
tcr_17_2,D,A,Y,R,74,103,CA,CG,9.446993
tcr_17_2,D,A,Y,I,74,104,C,CA,9.979397
tcr_17_2,D,A,Y,R,74,107,C,NH2,5.68046
tcr_17_2,D,A,Y,R,74,103,C,CA,9.615357
tcr_17_2,D,A,Y,R,74,103,C,CB,8.93862
tcr_17_2,D,A,Y,I,74,104,C,N,9.910418
tcr_17_2,D,A,Y,R,74,103,C,O,8.488497
tcr_17_2,D,A,Y,R,74,103,C,C,9.22508
tcr_17_2,D,A,Y,R,74,107,C,CZ,5.528695
tcr_17_2,D,A,Y,R,74,107,C,NH1,5.817893
tcr_17_2,D,A,Y,R,74,107,C,NE,5.5670037
tcr_17_2,D,A,Y,R,74,107,C,CG,6.5845075
tcr_17_2,D,A,Y,R,74,107,C,CD,6.0755453
tcr_17_2,D,A,Y,R,74,107,C,CB,7.8083057
tcr_17_2,D,A,Y,R,74,107,C,N,9.131075
tcr_17_2,D,A,Y,R,74,107,C,C,9.964883
tcr_17_2,D,A,Y,L,74,106,C,C,9.902087
tcr_17_2,D,A,Y,R,74,107,C,CA,8.6793
tcr_17_2,D,A,Y,L,74,106,C,CB,9.872398
tcr_17_2,D,A,Y,R,74,103,C,CD,9.155612
tcr_17_2,D,A,Y,E,74,113,C,OE2,8.708421
tcr_17_2,D,A,Y,E,74,113,C,OE1,6.8336825
tcr_17_2,D,A,Y,E,74,113,C,CG,8.936782
tcr_17_2,D,A,Y,E,74,113,C,CD,8.0446205
tcr_17_2,D,A,Y,R,74,103,C,CG,9.4553385
tcr_17_2,D,A,Y,R,74,107,O,NH2,6.564221
tcr_17_2,D,A,Y,R,74,103,O,CA,9.965488
tcr_17_2,D,A,Y,R,74,103,O,CB,9.416623
tcr_17_2,D,A,Y,R,74,103,O,O,8.751224
tcr_17_2,D,A,Y,R,74,103,O,C,9.5904665
tcr_17_2,D,A,Y,R,74,107,O,CZ,6.340122
tcr_17_2,D,A,Y,R,74,107,O,NH1,6.7206397
tcr_17_2,D,A,Y,R,74,107,O,NE,6.15277
tcr_17_2,D,A,Y,R,74,107,O,CG,6.7573423
tcr_17_2,D,A,Y,R,74,107,O,CD,6.50854
tcr_17_2,D,A,Y,R,74,107,O,CB,7.9138026
tcr_17_2,D,A,Y,R,74,107,O,N,9.060096
tcr_17_2,D,A,Y,R,74,107,O,C,9.880671
tcr_17_2,D,A,Y,L,74,106,O,C,9.706515
tcr_17_2,D,A,Y,R,74,107,O,CA,8.598704
tcr_17_2,D,A,Y,L,74,106,O,O,9.95003
tcr_17_2,D,A,Y,N,74,110,O,OD1,9.998542
tcr_17_2,D,A,Y,L,74,106,O,CB,9.684846
tcr_17_2,D,A,Y,R,74,103,O,CD,9.725344
tcr_17_2,D,A,Y,E,74,113,O,OE2,8.169901
tcr_17_2,D,A,Y,E,74,113,O,OE1,6.379108
tcr_17_2,D,A,Y,E,74,113,O,CG,8.391915
tcr_17_2,D,A,Y,E,74,113,O,CD,7.5259137
tcr_17_2,D,A,Y,E,74,113,O,CB,9.847932
tcr_17_2,D,A,Y,R,74,103,O,CG,9.895048
tcr_17_2,D,A,Y,I,74,104,CB,CG2,8.87554
tcr_17_2,D,A,Y,I,74,104,CB,CB,8.485842
tcr_17_2,D,A,Y,I,74,104,CB,CG1,8.022603
tcr_17_2,D,A,Y,I,74,104,CB,CD1,9.272527
tcr_17_2,D,A,Y,E,74,100,CB,CG,9.789507
tcr_17_2,D,A,Y,E,74,100,CB,O,9.405505
tcr_17_2,D,A,Y,E,74,100,CB,OE1,9.511054
tcr_17_2,D,A,Y,A,74,105,CB,C,9.98744
tcr_17_2,D,A,Y,Y,74,108,CB,CD1,9.503009
tcr_17_2,D,A,Y,A,74,105,CB,N,9.492788
tcr_17_2,D,A,Y,Y,74,108,CB,CE1,9.481297
tcr_17_2,D,A,Y,L,74,106,CB,N,9.294464
tcr_17_2,D,A,Y,I,74,104,CB,O,8.078366
tcr_17_2,D,A,Y,I,74,104,CB,C,8.375384
tcr_17_2,D,A,Y,I,74,104,CB,CA,7.6324277
tcr_17_2,D,A,Y,R,74,107,CB,NH2,3.6051612
tcr_17_2,D,A,Y,R,74,103,CB,CA,7.8407655
tcr_17_2,D,A,Y,R,74,103,CB,CB,7.2654757
tcr_17_2,D,A,Y,I,74,104,CB,N,7.717592
tcr_17_2,D,A,Y,R,74,103,CB,O,6.5051036
tcr_17_2,D,A,Y,R,74,103,CB,C,7.2070622
tcr_17_2,D,A,Y,R,74,107,CB,CZ,3.141755
tcr_17_2,D,A,Y,R,74,107,CB,NH1,3.4551706
tcr_17_2,D,A,Y,R,74,107,CB,NE,3.16397
tcr_17_2,D,A,Y,R,74,107,CB,CG,4.485658
tcr_17_2,D,A,Y,Y,74,108,CB,N,8.850049
tcr_17_2,D,A,Y,R,74,107,CB,CD,3.694806
tcr_17_2,D,A,Y,L,74,106,CB,CA,9.000967
tcr_17_2,D,A,Y,R,74,107,CB,CB,5.7427416
tcr_17_2,D,A,Y,R,74,107,CB,N,7.2983556
tcr_17_2,D,A,Y,R,74,107,CB,C,8.102326
tcr_17_2,D,A,Y,L,74,106,CB,C,8.267248
tcr_17_2,D,A,Y,R,74,107,CB,CA,6.8439093
tcr_17_2,D,A,Y,L,74,106,CB,O,8.813849
tcr_17_2,D,A,Y,R,74,107,CB,O,8.56863
tcr_17_2,D,A,Y,L,74,106,CB,CB,8.451683
tcr_17_2,D,A,Y,Q,74,111,CB,O,9.989732
tcr_17_2,D,A,Y,R,74,103,CB,N,9.267914
tcr_17_2,D,A,Y,R,74,103,CB,NE,9.122714
tcr_17_2,D,A,Y,R,74,103,CB,CD,7.9501305
tcr_17_2,D,A,Y,R,74,103,CB,CZ,9.649982
tcr_17_2,D,A,Y,R,74,103,CB,NH1,9.184647
tcr_17_2,D,A,Y,L,74,106,CB,CG,9.535656
tcr_17_2,D,A,Y,E,74,113,CB,OE2,9.210026
tcr_17_2,D,A,Y,L,74,106,CB,CD1,9.202406
tcr_17_2,D,A,Y,E,74,113,CB,OE1,7.0721884
tcr_17_2,D,A,Y,E,74,113,CB,CG,8.899931
tcr_17_2,D,A,Y,E,74,113,CB,CD,8.306162
tcr_17_2,D,A,Y,R,74,103,CB,CG,8.100045
tcr_17_2,D,A,Y,I,74,104,CG,CG2,8.789098
tcr_17_2,D,A,Y,I,74,104,CG,CB,8.314964
tcr_17_2,D,A,Y,I,74,104,CG,CG1,8.080072
tcr_17_2,D,A,Y,I,74,104,CG,CD1,9.461269
tcr_17_2,D,A,Y,E,74,100,CG,O,9.145123
tcr_17_2,D,A,Y,A,74,105,CG,CA,9.638116
tcr_17_2,D,A,Y,A,74,105,CG,O,9.433083
tcr_17_2,D,A,Y,A,74,105,CG,C,9.029982
tcr_17_2,D,A,Y,Y,74,108,CG,CD1,9.2954645
tcr_17_2,D,A,Y,A,74,105,CG,N,8.811798
tcr_17_2,D,A,Y,Y,74,108,CG,CE1,9.483897
tcr_17_2,D,A,Y,L,74,106,CG,N,8.230541
tcr_17_2,D,A,Y,I,74,104,CG,O,7.47939
tcr_17_2,D,A,Y,I,74,104,CG,C,7.79645
tcr_17_2,D,A,Y,I,74,104,CG,CA,7.23557
tcr_17_2,D,A,Y,R,74,107,CG,NH2,4.0013347
tcr_17_2,D,A,Y,R,74,103,CG,CA,7.0865173
tcr_17_2,D,A,Y,R,74,103,CG,CB,6.700318
tcr_17_2,D,A,Y,I,74,104,CG,N,7.212888
tcr_17_2,D,A,Y,R,74,103,CG,O,5.6520677
tcr_17_2,D,A,Y,R,74,103,CG,C,6.5015445
tcr_17_2,D,A,Y,R,74,107,CG,CZ,3.5517666
tcr_17_2,D,A,Y,R,74,107,CG,NH1,4.2488546
tcr_17_2,D,A,Y,R,74,107,CG,NE,3.0310228
tcr_17_2,D,A,Y,R,74,107,CG,CG,3.7416587
tcr_17_2,D,A,Y,Y,74,108,CG,N,8.146203
tcr_17_2,D,A,Y,R,74,107,CG,CD,3.4731243
tcr_17_2,D,A,Y,L,74,106,CG,CA,7.786713
tcr_17_2,D,A,Y,R,74,107,CG,CB,5.095522
tcr_17_2,D,A,Y,R,74,107,CG,N,6.2594104
tcr_17_2,D,A,Y,Y,74,108,CG,CA,9.4979315
tcr_17_2,D,A,Y,R,74,107,CG,C,7.3193974
tcr_17_2,D,A,Y,L,74,106,CG,C,7.0890145
tcr_17_2,D,A,Y,R,74,107,CG,CA,5.942403
tcr_17_2,D,A,Y,L,74,106,CG,O,7.596132
tcr_17_2,D,A,Y,N,74,110,CG,N,9.774271
tcr_17_2,D,A,Y,R,74,107,CG,O,7.7978086
tcr_17_2,D,A,Y,Q,74,111,CG,N,9.67549
tcr_17_2,D,A,Y,N,74,110,CG,CA,9.500368
tcr_17_2,D,A,Y,N,74,110,CG,C,9.974792
tcr_17_2,D,A,Y,N,74,110,CG,OD1,9.08174
tcr_17_2,D,A,Y,L,74,106,CG,CB,7.1438684
tcr_17_2,D,A,Y,Q,74,111,CG,O,8.516056
tcr_17_2,D,A,Y,Q,74,111,CG,C,9.720011
tcr_17_2,D,A,Y,L,74,106,CG,CD2,9.46817
tcr_17_2,D,A,Y,R,74,103,CG,N,8.551553
tcr_17_2,D,A,Y,R,74,103,CG,NE,8.75381
tcr_17_2,D,A,Y,R,74,103,CG,CD,7.5889497
tcr_17_2,D,A,Y,L,74,102,CG,O,9.067618
tcr_17_2,D,A,Y,R,74,103,CG,CZ,9.444782
tcr_17_2,D,A,Y,R,74,103,CG,NH1,9.182675
tcr_17_2,D,A,Y,L,74,102,CG,C,9.36623
tcr_17_2,D,A,Y,E,74,113,CG,CA,9.745974
tcr_17_2,D,A,Y,L,74,106,CG,CG,8.228277
tcr_17_2,D,A,Y,E,74,113,CG,OE2,7.996867
tcr_17_2,D,A,Y,L,74,106,CG,CD1,7.869402
tcr_17_2,D,A,Y,E,74,113,CG,OE1,5.8150935
tcr_17_2,D,A,Y,E,74,113,CG,N,9.650347
tcr_17_2,D,A,Y,E,74,113,CG,CG,7.4940324
tcr_17_2,D,A,Y,E,74,113,CG,CD,7.0137854
tcr_17_2,D,A,Y,E,74,113,CG,CB,9.026859
tcr_17_2,D,A,Y,R,74,103,CG,CG,7.503734
tcr_17_2,D,A,Y,I,74,104,CD1,CG2,9.114614
tcr_17_2,D,A,Y,I,74,104,CD1,CB,8.417744
tcr_17_2,D,A,Y,I,74,104,CD1,CG1,8.169435
tcr_17_2,D,A,Y,I,74,104,CD1,CD1,9.556561
tcr_17_2,D,A,Y,E,74,100,CD1,CG,9.662551
tcr_17_2,D,A,Y,E,74,100,CD1,CA,9.919864
tcr_17_2,D,A,Y,E,74,100,CD1,O,8.699031
tcr_17_2,D,A,Y,E,74,100,CD1,OE1,9.811646
tcr_17_2,D,A,Y,E,74,100,CD1,C,9.7674675
tcr_17_2,D,A,Y,A,74,105,CD1,CA,9.59693
tcr_17_2,D,A,Y,A,74,105,CD1,O,9.509213
tcr_17_2,D,A,Y,A,74,105,CD1,C,8.98044
tcr_17_2,D,A,Y,A,74,105,CD1,N,8.742779
tcr_17_2,D,A,Y,L,74,106,CD1,N,8.0247755
tcr_17_2,D,A,Y,I,74,104,CD1,O,7.731872
tcr_17_2,D,A,Y,I,74,104,CD1,C,7.871573
tcr_17_2,D,A,Y,I,74,104,CD1,CA,7.2612906
tcr_17_2,D,A,Y,R,74,107,CD1,NH2,4.0021787
tcr_17_2,D,A,Y,R,74,103,CD1,CA,6.370391
tcr_17_2,D,A,Y,R,74,103,CD1,CB,5.889094
tcr_17_2,D,A,Y,I,74,104,CD1,N,6.954851
tcr_17_2,D,A,Y,R,74,103,CD1,O,5.3091736
tcr_17_2,D,A,Y,R,74,103,CD1,C,6.0714664
tcr_17_2,D,A,Y,R,74,107,CD1,CZ,3.9553328
tcr_17_2,D,A,Y,R,74,107,CD1,NH1,4.9270678
tcr_17_2,D,A,Y,R,74,107,CD1,NE,3.4604194
tcr_17_2,D,A,Y,R,74,107,CD1,CG,4.311624
tcr_17_2,D,A,Y,Y,74,108,CD1,N,8.687576
tcr_17_2,D,A,Y,R,74,107,CD1,CD,4.2444777
tcr_17_2,D,A,Y,L,74,106,CD1,CA,7.5664573
tcr_17_2,D,A,Y,R,74,107,CD1,CB,5.7795663
tcr_17_2,D,A,Y,R,74,107,CD1,N,6.4516897
tcr_17_2,D,A,Y,R,74,107,CD1,C,7.9218583
tcr_17_2,D,A,Y,L,74,106,CD1,C,7.122775
tcr_17_2,D,A,Y,R,74,107,CD1,CA,6.4469123
tcr_17_2,D,A,Y,L,74,106,CD1,O,7.70971
tcr_17_2,D,A,Y,R,74,107,CD1,O,8.501496
tcr_17_2,D,A,Y,Q,74,111,CD1,N,9.686985
tcr_17_2,D,A,Y,N,74,110,CD1,CA,9.862438
tcr_17_2,D,A,Y,N,74,110,CD1,OD1,9.590703
tcr_17_2,D,A,Y,L,74,106,CD1,CB,6.6806474
tcr_17_2,D,A,Y,S,74,112,CD1,C,9.572194
tcr_17_2,D,A,Y,Q,74,111,CD1,O,8.192119
tcr_17_2,D,A,Y,S,74,112,CD1,CA,9.997972
tcr_17_2,D,A,Y,Q,74,111,CD1,C,9.409332
tcr_17_2,D,A,Y,L,74,106,CD1,CD2,8.834399
tcr_17_2,D,A,Y,R,74,99,CD1,O,9.799258
tcr_17_2,D,A,Y,R,74,103,CD1,N,7.8410826
tcr_17_2,D,A,Y,R,74,103,CD1,NE,7.6238117
tcr_17_2,D,A,Y,R,74,103,CD1,CD,6.5584173
tcr_17_2,D,A,Y,L,74,102,CD1,O,8.452629
tcr_17_2,D,A,Y,R,74,103,CD1,CZ,8.342479
tcr_17_2,D,A,Y,R,74,103,CD1,NH2,9.447619
tcr_17_2,D,A,Y,R,74,103,CD1,NH1,8.193456
tcr_17_2,D,A,Y,L,74,102,CD1,C,8.697756
tcr_17_2,D,A,Y,E,74,113,CD1,CA,8.750213
tcr_17_2,D,A,Y,L,74,106,CD1,CG,7.561146
tcr_17_2,D,A,Y,E,74,113,CD1,OE2,6.782356
tcr_17_2,D,A,Y,L,74,106,CD1,CD1,6.9851036
tcr_17_2,D,A,Y,E,74,113,CD1,OE1,4.608803
tcr_17_2,D,A,Y,E,74,113,CD1,N,8.818958
tcr_17_2,D,A,Y,E,74,113,CD1,CG,6.422138
tcr_17_2,D,A,Y,E,74,113,CD1,CD,5.8315864
tcr_17_2,D,A,Y,E,74,113,CD1,CB,7.9349513
tcr_17_2,D,A,Y,R,74,103,CD1,CG,6.4797735
tcr_17_2,D,A,Y,Y,74,109,CD2,C,9.79897
tcr_17_2,D,A,Y,I,74,104,CD2,CG2,8.728162
tcr_17_2,D,A,Y,I,74,104,CD2,CB,8.421511
tcr_17_2,D,A,Y,I,74,104,CD2,CG1,8.419679
tcr_17_2,D,A,Y,I,74,104,CD2,CD1,9.859782
tcr_17_2,D,A,Y,E,74,100,CD2,O,9.657783
tcr_17_2,D,A,Y,A,74,105,CD2,CA,9.21554
tcr_17_2,D,A,Y,A,74,105,CD2,O,8.697957
tcr_17_2,D,A,Y,A,74,105,CD2,C,8.459421
tcr_17_2,D,A,Y,Y,74,108,CD2,CB,9.481688
tcr_17_2,D,A,Y,Y,74,108,CD2,CD1,8.639033
tcr_17_2,D,A,Y,Y,74,108,CD2,CG,9.412565
tcr_17_2,D,A,Y,A,74,105,CD2,N,8.566083
tcr_17_2,D,A,Y,Y,74,108,CD2,CE1,8.9877825
tcr_17_2,D,A,Y,L,74,106,CD2,N,7.7330375
tcr_17_2,D,A,Y,I,74,104,CD2,O,7.0389915
tcr_17_2,D,A,Y,I,74,104,CD2,C,7.5512934
tcr_17_2,D,A,Y,I,74,104,CD2,CA,7.2550783
tcr_17_2,D,A,Y,R,74,107,CD2,NH2,4.996928
tcr_17_2,D,A,Y,R,74,103,CD2,CA,7.4491334
tcr_17_2,D,A,Y,R,74,103,CD2,CB,7.3408976
tcr_17_2,D,A,Y,I,74,104,CD2,N,7.4032307
tcr_17_2,D,A,Y,R,74,103,CD2,O,5.670665
tcr_17_2,D,A,Y,R,74,103,CD2,C,6.6928716
tcr_17_2,D,A,Y,R,74,107,CD2,CZ,4.277306
tcr_17_2,D,A,Y,R,74,107,CD2,NH1,4.867594
tcr_17_2,D,A,Y,R,74,107,CD2,NE,3.4303243
tcr_17_2,D,A,Y,R,74,107,CD2,CG,3.1327214
tcr_17_2,D,A,Y,Y,74,108,CD2,N,7.225065
tcr_17_2,D,A,Y,R,74,107,CD2,CD,3.2799206
tcr_17_2,D,A,Y,Y,74,108,CD2,C,9.340917
tcr_17_2,D,A,Y,L,74,106,CD2,CA,7.1474495
tcr_17_2,D,A,Y,R,74,107,CD2,CB,4.253895
tcr_17_2,D,A,Y,Y,74,109,CD2,N,9.329732
tcr_17_2,D,A,Y,R,74,107,CD2,N,5.4492846
tcr_17_2,D,A,Y,Y,74,108,CD2,CA,8.544789
tcr_17_2,D,A,Y,R,74,107,CD2,C,6.263252
tcr_17_2,D,A,Y,L,74,106,CD2,C,6.243454
tcr_17_2,D,A,Y,R,74,107,CD2,CA,4.9403477
tcr_17_2,D,A,Y,L,74,106,CD2,O,6.5872874
tcr_17_2,D,A,Y,N,74,110,CD2,N,8.55399
tcr_17_2,D,A,Y,R,74,107,CD2,O,6.6073685
tcr_17_2,D,A,Y,Q,74,111,CD2,N,8.585832
tcr_17_2,D,A,Y,N,74,110,CD2,CA,8.223125
tcr_17_2,D,A,Y,N,74,110,CD2,C,8.77292
tcr_17_2,D,A,Y,N,74,110,CD2,CB,8.982395
tcr_17_2,D,A,Y,N,74,110,CD2,OD1,7.7158027
tcr_17_2,D,A,Y,N,74,110,CD2,ND2,9.8056135
tcr_17_2,D,A,Y,N,74,110,CD2,O,9.611297
tcr_17_2,D,A,Y,N,74,110,CD2,CG,8.721446
tcr_17_2,D,A,Y,Q,74,111,CD2,CA,9.397636
tcr_17_2,D,A,Y,L,74,106,CD2,CB,6.6703706
tcr_17_2,D,A,Y,S,74,112,CD2,C,9.753614
tcr_17_2,D,A,Y,Q,74,111,CD2,O,7.6499896
tcr_17_2,D,A,Y,S,74,112,CD2,CA,9.840706
tcr_17_2,D,A,Y,Q,74,111,CD2,C,8.825396
tcr_17_2,D,A,Y,S,74,112,CD2,N,9.833598
tcr_17_2,D,A,Y,L,74,106,CD2,CD2,9.028234
tcr_17_2,D,A,Y,R,74,103,CD2,N,8.888953
tcr_17_2,D,A,Y,R,74,103,CD2,NE,9.7536335
tcr_17_2,D,A,Y,R,74,103,CD2,CD,8.54904
tcr_17_2,D,A,Y,L,74,102,CD2,O,9.069929
tcr_17_2,D,A,Y,L,74,102,CD2,C,9.536681
tcr_17_2,D,A,Y,E,74,113,CD2,CA,9.544701
tcr_17_2,D,A,Y,L,74,106,CD2,CG,7.915384
tcr_17_2,D,A,Y,E,74,113,CD2,OE2,8.274036
tcr_17_2,D,A,Y,L,74,106,CD2,CD1,7.7401214
tcr_17_2,D,A,Y,E,74,113,CD2,OE1,6.109851
tcr_17_2,D,A,Y,E,74,113,CD2,N,9.246709
tcr_17_2,D,A,Y,E,74,113,CD2,CG,7.457461
tcr_17_2,D,A,Y,E,74,113,CD2,CD,7.207697
tcr_17_2,D,A,Y,E,74,113,CD2,CB,8.979936
tcr_17_2,D,A,Y,R,74,103,CD2,CG,8.251365
tcr_17_2,D,A,Y,I,74,104,CE1,CG2,9.347996
tcr_17_2,D,A,Y,N,74,101,CE1,O,9.856493
tcr_17_2,D,A,Y,I,74,104,CE1,CB,8.598869
tcr_17_2,D,A,Y,I,74,104,CE1,CG1,8.565494
tcr_17_2,D,A,Y,E,74,100,CE1,O,8.772181
tcr_17_2,D,A,Y,E,74,100,CE1,C,9.86082
tcr_17_2,D,A,Y,A,74,105,CE1,CA,9.110688
tcr_17_2,D,A,Y,A,74,105,CE1,O,8.848401
tcr_17_2,D,A,Y,A,74,105,CE1,C,8.337875
tcr_17_2,D,A,Y,A,74,105,CE1,N,8.402884
tcr_17_2,D,A,Y,L,74,106,CE1,N,7.2737327
tcr_17_2,D,A,Y,I,74,104,CE1,O,7.544846
tcr_17_2,D,A,Y,I,74,104,CE1,C,7.684125
tcr_17_2,D,A,Y,I,74,104,CE1,CA,7.28297
tcr_17_2,D,A,Y,R,74,107,CE1,NH2,4.979018
tcr_17_2,D,A,Y,R,74,103,CE1,CA,5.9995427
tcr_17_2,D,A,Y,R,74,103,CE1,CB,5.7662377
tcr_17_2,D,A,Y,I,74,104,CE1,N,6.869034
tcr_17_2,D,A,Y,R,74,103,CE1,O,4.944164
tcr_17_2,D,A,Y,R,74,103,CE1,C,5.8083673
tcr_17_2,D,A,Y,R,74,107,CE1,CZ,4.9154067
tcr_17_2,D,A,Y,R,74,107,CE1,NH1,5.992951
tcr_17_2,D,A,Y,R,74,107,CE1,NE,4.1444993
tcr_17_2,D,A,Y,R,74,107,CE1,CG,4.3428183
tcr_17_2,D,A,Y,Y,74,108,CE1,N,8.377861
tcr_17_2,D,A,Y,R,74,107,CE1,CD,4.7427597
tcr_17_2,D,A,Y,L,74,106,CE1,CA,6.6481347
tcr_17_2,D,A,Y,R,74,107,CE1,CB,5.7278957
tcr_17_2,D,A,Y,R,74,107,CE1,N,5.8686457
tcr_17_2,D,A,Y,Y,74,108,CE1,CA,9.823983
tcr_17_2,D,A,Y,R,74,107,CE1,C,7.577669
tcr_17_2,D,A,Y,L,74,106,CE1,C,6.3112197
tcr_17_2,D,A,Y,R,74,107,CE1,CA,6.0641737
tcr_17_2,D,A,Y,L,74,106,CE1,O,6.8411555
tcr_17_2,D,A,Y,N,74,110,CE1,N,9.39553
tcr_17_2,D,A,Y,R,74,107,CE1,O,8.15217
tcr_17_2,D,A,Y,Q,74,111,CE1,N,8.613598
tcr_17_2,D,A,Y,N,74,110,CE1,CA,9.036291
tcr_17_2,D,A,Y,N,74,110,CE1,C,9.138827
tcr_17_2,D,A,Y,N,74,110,CE1,OD1,8.86983
tcr_17_2,D,A,Y,N,74,110,CE1,O,9.933488
tcr_17_2,D,A,Y,N,74,110,CE1,CG,9.8975315
tcr_17_2,D,A,Y,Q,74,111,CE1,CB,9.438749
tcr_17_2,D,A,Y,Q,74,111,CE1,CA,9.015006
tcr_17_2,D,A,Y,S,74,112,CE1,CB,9.999324
tcr_17_2,D,A,Y,L,74,106,CE1,CB,5.6223426
tcr_17_2,D,A,Y,S,74,112,CE1,C,8.17053
tcr_17_2,D,A,Y,Q,74,111,CE1,O,6.914497
tcr_17_2,D,A,Y,S,74,112,CE1,CA,8.622154
tcr_17_2,D,A,Y,Q,74,111,CE1,C,8.131375
tcr_17_2,D,A,Y,S,74,112,CE1,N,8.92053
tcr_17_2,D,A,Y,L,74,106,CE1,CD2,7.633082
tcr_17_2,D,A,Y,S,74,112,CE1,O,8.846111
tcr_17_2,D,A,Y,R,74,99,CE1,O,9.623087
tcr_17_2,D,A,Y,R,74,103,CE1,N,7.446198
tcr_17_2,D,A,Y,R,74,103,CE1,NE,7.612854
tcr_17_2,D,A,Y,L,74,102,CE1,CA,9.677118
tcr_17_2,D,A,Y,R,74,103,CE1,CD,6.613971
tcr_17_2,D,A,Y,L,74,102,CE1,O,7.7760005
tcr_17_2,D,A,Y,R,74,103,CE1,CZ,8.48107
tcr_17_2,D,A,Y,R,74,103,CE1,NH2,9.512267
tcr_17_2,D,A,Y,R,74,103,CE1,NH1,8.548419
tcr_17_2,D,A,Y,L,74,102,CE1,C,8.155588
tcr_17_2,D,A,Y,E,74,113,CE1,CA,7.379217
tcr_17_2,D,A,Y,L,74,106,CE1,CG,6.4429755
tcr_17_2,D,A,Y,E,74,113,CE1,OE2,5.7281
tcr_17_2,D,A,Y,L,74,106,CE1,CD1,5.7977214
tcr_17_2,D,A,Y,E,74,113,CE1,OE1,3.514417
tcr_17_2,D,A,Y,E,74,113,CE1,N,7.4162555
tcr_17_2,D,A,Y,E,74,113,CE1,CG,5.095229
tcr_17_2,D,A,Y,E,74,113,CE1,CD,4.6670513
tcr_17_2,D,A,Y,E,74,113,CE1,CB,6.619064
tcr_17_2,D,A,Y,R,74,103,CE1,CG,6.266281
tcr_17_2,D,A,Y,E,74,113,CE1,C,8.844254
tcr_17_2,D,A,Y,A,74,114,CE1,N,9.791865
tcr_17_2,D,A,Y,E,74,113,CE1,O,9.250557
tcr_17_2,D,A,Y,Y,74,108,CE2,O,9.630624
tcr_17_2,D,A,Y,Y,74,109,CE2,C,8.866932
tcr_17_2,D,A,Y,Y,74,109,CE2,CA,9.439844
tcr_17_2,D,A,Y,Y,74,109,CE2,O,9.6999445
tcr_17_2,D,A,Y,I,74,104,CE2,CG2,8.97575
tcr_17_2,D,A,Y,A,74,105,CE2,CB,9.933132
tcr_17_2,D,A,Y,I,74,104,CE2,CB,8.6072235
tcr_17_2,D,A,Y,I,74,104,CE2,CG1,8.81
tcr_17_2,D,A,Y,E,74,100,CE2,O,9.729177
tcr_17_2,D,A,Y,A,74,105,CE2,CA,8.7095785
tcr_17_2,D,A,Y,A,74,105,CE2,O,7.9697323
tcr_17_2,D,A,Y,A,74,105,CE2,C,7.7744107
tcr_17_2,D,A,Y,Y,74,108,CE2,CB,9.216359
tcr_17_2,D,A,Y,Y,74,108,CE2,CD1,8.762712
tcr_17_2,D,A,Y,Y,74,108,CE2,CG,9.361293
tcr_17_2,D,A,Y,A,74,105,CE2,N,8.221531
tcr_17_2,D,A,Y,Y,74,108,CE2,CE1,9.306219
tcr_17_2,D,A,Y,L,74,106,CE2,N,6.9511104
tcr_17_2,D,A,Y,I,74,104,CE2,O,6.835316
tcr_17_2,D,A,Y,I,74,104,CE2,C,7.3587217
tcr_17_2,D,A,Y,I,74,104,CE2,CA,7.281073
tcr_17_2,D,A,Y,R,74,107,CE2,NH2,5.8156085
tcr_17_2,D,A,Y,R,74,103,CE2,CA,7.138979
tcr_17_2,D,A,Y,R,74,103,CE2,CB,7.2480307
tcr_17_2,D,A,Y,I,74,104,CE2,N,7.3272734
tcr_17_2,D,A,Y,R,74,103,CE2,O,5.334285
tcr_17_2,D,A,Y,R,74,103,CE2,C,6.4594955
tcr_17_2,D,A,Y,R,74,107,CE2,CZ,5.184454
tcr_17_2,D,A,Y,R,74,107,CE2,NH1,5.950218
tcr_17_2,D,A,Y,R,74,107,CE2,NE,4.1254373
tcr_17_2,D,A,Y,R,74,107,CE2,CG,3.1783574
tcr_17_2,D,A,Y,Y,74,108,CE2,N,6.8489947
tcr_17_2,D,A,Y,R,74,107,CE2,CD,3.9078977
tcr_17_2,D,A,Y,Y,74,108,CE2,C,8.823531
tcr_17_2,D,A,Y,L,74,106,CE2,CA,6.1662884
tcr_17_2,D,A,Y,R,74,107,CE2,CB,4.184389
tcr_17_2,D,A,Y,Y,74,109,CE2,N,8.638519
tcr_17_2,D,A,Y,R,74,107,CE2,N,4.7441845
tcr_17_2,D,A,Y,Y,74,108,CE2,CA,8.210369
tcr_17_2,D,A,Y,R,74,107,CE2,C,5.820329
tcr_17_2,D,A,Y,L,74,106,CE2,C,5.297293
tcr_17_2,D,A,Y,R,74,107,CE2,CA,4.4282274
tcr_17_2,D,A,Y,L,74,106,CE2,O,5.542517
tcr_17_2,D,A,Y,N,74,110,CE2,N,7.6327558
tcr_17_2,D,A,Y,R,74,107,CE2,O,6.1487646
tcr_17_2,D,A,Y,Q,74,111,CE2,N,7.348513
tcr_17_2,D,A,Y,N,74,110,CE2,CA,7.2061553
tcr_17_2,D,A,Y,N,74,110,CE2,C,7.5929203
tcr_17_2,D,A,Y,N,74,110,CE2,CB,8.0716715
tcr_17_2,D,A,Y,N,74,110,CE2,OD1,6.792029
tcr_17_2,D,A,Y,N,74,110,CE2,ND2,8.945238
tcr_17_2,D,A,Y,N,74,110,CE2,O,8.403504
tcr_17_2,D,A,Y,N,74,110,CE2,CG,7.8161025
tcr_17_2,D,A,Y,Q,74,111,CE2,CG,9.860509
tcr_17_2,D,A,Y,Q,74,111,CE2,CB,8.727212
tcr_17_2,D,A,Y,Q,74,111,CE2,CA,8.080797
tcr_17_2,D,A,Y,S,74,112,CE2,CB,9.840967
tcr_17_2,D,A,Y,L,74,106,CE2,CB,5.6096973
tcr_17_2,D,A,Y,S,74,112,CE2,C,8.378664
tcr_17_2,D,A,Y,Q,74,111,CE2,O,6.257861
tcr_17_2,D,A,Y,S,74,112,CE2,CA,8.434511
tcr_17_2,D,A,Y,Q,74,111,CE2,C,7.443023
tcr_17_2,D,A,Y,S,74,112,CE2,N,8.430238
tcr_17_2,D,A,Y,L,74,106,CE2,CD2,7.855469
tcr_17_2,D,A,Y,S,74,112,CE2,O,9.124165
tcr_17_2,D,A,Y,R,74,103,CE2,N,8.546836
tcr_17_2,D,A,Y,R,74,103,CE2,NE,9.750532
tcr_17_2,D,A,Y,R,74,103,CE2,CD,8.597443
tcr_17_2,D,A,Y,L,74,102,CE2,O,8.445519
tcr_17_2,D,A,Y,L,74,102,CE2,C,9.04834
tcr_17_2,D,A,Y,E,74,113,CE2,CA,8.303814
tcr_17_2,D,A,Y,L,74,106,CE2,CG,6.8551884
tcr_17_2,D,A,Y,E,74,113,CE2,OE2,7.433888
tcr_17_2,D,A,Y,L,74,106,CE2,CD1,6.688459
tcr_17_2,D,A,Y,E,74,113,CE2,OE1,5.333088
tcr_17_2,D,A,Y,E,74,113,CE2,N,7.916852
tcr_17_2,D,A,Y,E,74,113,CE2,CG,6.349254
tcr_17_2,D,A,Y,E,74,113,CE2,CD,6.3021865
tcr_17_2,D,A,Y,E,74,113,CE2,CB,7.8397846
tcr_17_2,D,A,Y,R,74,103,CE2,CG,8.089893
tcr_17_2,D,A,Y,E,74,113,CE2,C,9.847858
tcr_17_2,D,A,Y,Y,74,109,CZ,C,9.266294
tcr_17_2,D,A,Y,Y,74,109,CZ,CA,9.835339
tcr_17_2,D,A,Y,I,74,104,CZ,CG2,9.273744
tcr_17_2,D,A,Y,A,74,105,CZ,CB,9.720803
tcr_17_2,D,A,Y,N,74,101,CZ,O,9.92431
tcr_17_2,D,A,Y,I,74,104,CZ,CB,8.6851
tcr_17_2,D,A,Y,I,74,104,CZ,CG1,8.870286
tcr_17_2,D,A,Y,E,74,100,CZ,O,9.290688
tcr_17_2,D,A,Y,A,74,105,CZ,CA,8.647384
tcr_17_2,D,A,Y,A,74,105,CZ,O,8.047342
tcr_17_2,D,A,Y,A,74,105,CZ,C,7.7026906
tcr_17_2,D,A,Y,Y,74,108,CZ,CB,9.796923
tcr_17_2,D,A,Y,Y,74,108,CZ,CD1,9.52697
tcr_17_2,D,A,Y,Y,74,108,CZ,CG,9.986653
tcr_17_2,D,A,Y,A,74,105,CZ,N,8.128944
tcr_17_2,D,A,Y,L,74,106,CZ,N,6.6928244
tcr_17_2,D,A,Y,I,74,104,CZ,O,7.0924377
tcr_17_2,D,A,Y,I,74,104,CZ,C,7.4188566
tcr_17_2,D,A,Y,I,74,104,CZ,CA,7.28573
tcr_17_2,D,A,Y,R,74,107,CZ,NH2,5.798919
tcr_17_2,D,A,Y,R,74,103,CZ,CA,6.4111886
tcr_17_2,D,A,Y,R,74,103,CZ,CB,6.4880633
tcr_17_2,D,A,Y,I,74,104,CZ,N,7.05286
tcr_17_2,D,A,Y,R,74,103,CZ,O,4.9505157
tcr_17_2,D,A,Y,R,74,103,CZ,C,6.006996
tcr_17_2,D,A,Y,R,74,107,CZ,CZ,5.4511776
tcr_17_2,D,A,Y,R,74,107,CZ,NH1,6.435252
tcr_17_2,D,A,Y,R,74,107,CZ,NE,4.4320297
tcr_17_2,D,A,Y,R,74,107,CZ,CG,3.8168476
tcr_17_2,D,A,Y,Y,74,108,CZ,N,7.472247
tcr_17_2,D,A,Y,R,74,107,CZ,CD,4.5898557
tcr_17_2,D,A,Y,Y,74,108,CZ,C,9.455505
tcr_17_2,D,A,Y,L,74,106,CZ,CA,5.876173
tcr_17_2,D,A,Y,R,74,107,CZ,CB,4.9808087
tcr_17_2,D,A,Y,Y,74,109,CZ,N,9.100401
tcr_17_2,D,A,Y,R,74,107,CZ,N,4.9829607
tcr_17_2,D,A,Y,Y,74,108,CZ,CA,8.892982
tcr_17_2,D,A,Y,R,74,107,CZ,C,6.551879
tcr_17_2,D,A,Y,L,74,106,CZ,C,5.3337364
tcr_17_2,D,A,Y,R,74,107,CZ,CA,5.074496
tcr_17_2,D,A,Y,L,74,106,CZ,O,5.6926394
tcr_17_2,D,A,Y,N,74,110,CZ,N,8.112618
tcr_17_2,D,A,Y,R,74,107,CZ,O,7.012842
tcr_17_2,D,A,Y,Q,74,111,CZ,N,7.3663745
tcr_17_2,D,A,Y,N,74,110,CZ,CA,7.679488
tcr_17_2,D,A,Y,N,74,110,CZ,C,7.8082733
tcr_17_2,D,A,Y,N,74,110,CZ,CB,8.705593
tcr_17_2,D,A,Y,N,74,110,CZ,OD1,7.4680166
tcr_17_2,D,A,Y,N,74,110,CZ,ND2,9.648775
tcr_17_2,D,A,Y,N,74,110,CZ,O,8.592399
tcr_17_2,D,A,Y,N,74,110,CZ,CG,8.4917145
tcr_17_2,D,A,Y,Q,74,111,CZ,CG,9.670225
tcr_17_2,D,A,Y,Q,74,111,CZ,OE1,9.872188
tcr_17_2,D,A,Y,Q,74,111,CZ,CB,8.408095
tcr_17_2,D,A,Y,Q,74,111,CZ,CA,7.86174
tcr_17_2,D,A,Y,S,74,112,CZ,CB,9.150353
tcr_17_2,D,A,Y,L,74,106,CZ,CB,4.998538
tcr_17_2,D,A,Y,S,74,112,CZ,C,7.487274
tcr_17_2,D,A,Y,Q,74,111,CZ,O,5.8171124
tcr_17_2,D,A,Y,S,74,112,CZ,CA,7.7432466
tcr_17_2,D,A,Y,Q,74,111,CZ,C,7.039509
tcr_17_2,D,A,Y,S,74,112,CZ,N,7.9096723
tcr_17_2,D,A,Y,L,74,106,CZ,CD2,7.0747957
tcr_17_2,D,A,Y,S,74,112,CZ,OG,9.45055
tcr_17_2,D,A,Y,S,74,112,CZ,O,8.215619
tcr_17_2,D,A,Y,R,74,103,CZ,N,7.8186035
tcr_17_2,D,A,Y,R,74,103,CZ,NE,8.738164
tcr_17_2,D,A,Y,L,74,102,CZ,CA,9.874092
tcr_17_2,D,A,Y,R,74,103,CZ,CD,7.688941
tcr_17_2,D,A,Y,L,74,102,CZ,O,7.766254
tcr_17_2,D,A,Y,R,74,103,CZ,CZ,9.692085
tcr_17_2,D,A,Y,R,74,103,CZ,NH1,9.812679
tcr_17_2,D,A,Y,L,74,102,CZ,C,8.338041
tcr_17_2,D,A,Y,E,74,113,CZ,CA,7.1173906
tcr_17_2,D,A,Y,L,74,106,CZ,CG,6.0312114
tcr_17_2,D,A,Y,E,74,113,CZ,OE2,6.121356
tcr_17_2,D,A,Y,L,74,106,CZ,CD1,5.61678
tcr_17_2,D,A,Y,E,74,113,CZ,OE1,3.995602
tcr_17_2,D,A,Y,E,74,113,CZ,N,6.8899355
tcr_17_2,D,A,Y,E,74,113,CZ,CG,5.05067
tcr_17_2,D,A,Y,E,74,113,CZ,CD,4.9654155
tcr_17_2,D,A,Y,E,74,113,CZ,CB,6.563497
tcr_17_2,D,A,Y,R,74,103,CZ,CG,7.1357803
tcr_17_2,D,A,Y,E,74,113,CZ,C,8.6466
tcr_17_2,D,A,Y,A,74,114,CZ,N,9.473822
tcr_17_2,D,A,Y,E,74,113,CZ,O,9.209652
tcr_17_2,D,A,Y,Y,74,109,OH,C,8.634186
tcr_17_2,D,A,Y,Y,74,109,OH,CA,9.301755
tcr_17_2,D,A,Y,Y,74,109,OH,O,9.294015
tcr_17_2,D,A,Y,Y,74,109,OH,CB,9.7187195
tcr_17_2,D,A,Y,I,74,104,OH,CG2,9.782929
tcr_17_2,D,A,Y,A,74,105,OH,CB,9.410457
tcr_17_2,D,A,Y,N,74,101,OH,O,9.932999
tcr_17_2,D,A,Y,I,74,104,OH,CB,9.162896
tcr_17_2,D,A,Y,I,74,104,OH,CG1,9.522512
tcr_17_2,D,A,Y,E,74,100,OH,O,9.649529
tcr_17_2,D,A,Y,A,74,105,OH,CA,8.451576
tcr_17_2,D,A,Y,A,74,105,OH,O,7.6470804
tcr_17_2,D,A,Y,A,74,105,OH,C,7.350616
tcr_17_2,D,A,Y,Y,74,108,OH,CB,9.8302145
tcr_17_2,D,A,Y,Y,74,108,OH,CD1,9.916506
tcr_17_2,D,A,Y,A,74,105,OH,N,8.1196165
tcr_17_2,D,A,Y,L,74,106,OH,N,6.258697
tcr_17_2,D,A,Y,I,74,104,OH,O,7.2845564
tcr_17_2,D,A,Y,I,74,104,OH,C,7.598617
tcr_17_2,D,A,Y,I,74,104,OH,CA,7.6773586
tcr_17_2,D,A,Y,R,74,107,OH,NH2,6.916303
tcr_17_2,D,A,Y,R,74,103,OH,CA,6.4996595
tcr_17_2,D,A,Y,R,74,103,OH,CB,6.8066874
tcr_17_2,D,A,Y,I,74,104,OH,N,7.3591003
tcr_17_2,D,A,Y,R,74,103,OH,O,5.1452274
tcr_17_2,D,A,Y,R,74,103,OH,C,6.2157907
tcr_17_2,D,A,Y,R,74,107,OH,CZ,6.607824
tcr_17_2,D,A,Y,R,74,107,OH,NH1,7.6416297
tcr_17_2,D,A,Y,R,74,107,OH,NE,5.5100293
tcr_17_2,D,A,Y,R,74,107,OH,CG,4.5240693
tcr_17_2,D,A,Y,Y,74,108,OH,N,7.4989986
tcr_17_2,D,A,Y,R,74,107,OH,CD,5.5735693
tcr_17_2,D,A,Y,Y,74,108,OH,C,9.262957
tcr_17_2,D,A,Y,L,74,106,OH,CA,5.2356462
tcr_17_2,D,A,Y,R,74,107,OH,CB,5.462536
tcr_17_2,D,A,Y,Y,74,109,OH,N,8.73405
tcr_17_2,D,A,Y,R,74,107,OH,N,4.8410053
tcr_17_2,D,A,Y,Y,74,108,OH,CA,8.897186
tcr_17_2,D,A,Y,R,74,107,OH,C,6.581054
tcr_17_2,D,A,Y,L,74,106,OH,C,4.84088
tcr_17_2,D,A,Y,R,74,107,OH,CA,5.1665854
tcr_17_2,D,A,Y,L,74,106,OH,O,5.0702972
tcr_17_2,D,A,Y,N,74,110,OH,N,7.5459156
tcr_17_2,D,A,Y,R,74,107,OH,O,7.007111
tcr_17_2,D,A,Y,Q,74,111,OH,N,6.384204
tcr_17_2,D,A,Y,N,74,110,OH,CA,7.0276227
tcr_17_2,D,A,Y,N,74,110,OH,C,6.9192266
tcr_17_2,D,A,Y,N,74,110,OH,CB,8.147012
tcr_17_2,D,A,Y,N,74,110,OH,OD1,6.963411
tcr_17_2,D,A,Y,N,74,110,OH,ND2,9.119614
tcr_17_2,D,A,Y,N,74,110,OH,O,7.640933
tcr_17_2,D,A,Y,N,74,110,OH,CG,7.9551487
tcr_17_2,D,A,Y,Q,74,111,OH,CG,8.628104
tcr_17_2,D,A,Y,Q,74,111,OH,CD,9.372373
tcr_17_2,D,A,Y,Q,74,111,OH,OE1,8.935855
tcr_17_2,D,A,Y,Q,74,111,OH,CB,7.2878137
tcr_17_2,D,A,Y,Y,74,142,OH,OH,9.603122
tcr_17_2,D,A,Y,H,74,117,OH,NE2,9.491061
tcr_17_2,D,A,Y,Q,74,111,OH,CA,6.715605
tcr_17_2,D,A,Y,S,74,112,OH,CB,7.7958627
tcr_17_2,D,A,Y,L,74,106,OH,CB,4.234541
tcr_17_2,D,A,Y,S,74,112,OH,C,6.1276913
tcr_17_2,D,A,Y,Q,74,111,OH,O,4.5520344
tcr_17_2,D,A,Y,S,74,112,OH,CA,6.3814526
tcr_17_2,D,A,Y,Q,74,111,OH,C,5.7784824
tcr_17_2,D,A,Y,S,74,112,OH,N,6.5852137
tcr_17_2,D,A,Y,L,74,106,OH,CD2,6.0338106
tcr_17_2,D,A,Y,H,74,117,OH,CD2,9.5243
tcr_17_2,D,A,Y,S,74,112,OH,OG,8.115117
tcr_17_2,D,A,Y,S,74,112,OH,O,6.8818364
tcr_17_2,D,A,Y,G,74,115,OH,N,9.876666
tcr_17_2,D,A,Y,R,74,103,OH,N,7.799682
tcr_17_2,D,A,Y,R,74,103,OH,NE,9.048449
tcr_17_2,D,A,Y,L,74,102,OH,CA,9.645068
tcr_17_2,D,A,Y,R,74,103,OH,CD,8.093178
tcr_17_2,D,A,Y,L,74,102,OH,O,7.428976
tcr_17_2,D,A,Y,L,74,102,OH,C,8.135674
tcr_17_2,D,A,Y,E,74,113,OH,CA,5.9038095
tcr_17_2,D,A,Y,L,74,106,OH,CG,5.172066
tcr_17_2,D,A,Y,E,74,113,OH,OE2,5.516513
tcr_17_2,D,A,Y,L,74,106,OH,CD1,4.7353444
tcr_17_2,D,A,Y,E,74,113,OH,OE1,3.6169765
tcr_17_2,D,A,Y,E,74,113,OH,N,5.570031
tcr_17_2,D,A,Y,E,74,113,OH,CG,4.0473704
tcr_17_2,D,A,Y,E,74,113,OH,CD,4.3045893
tcr_17_2,D,A,Y,E,74,113,OH,CB,5.49447
tcr_17_2,D,A,Y,R,74,103,OH,CG,7.342958
tcr_17_2,D,A,Y,E,74,113,OH,C,7.4479666
tcr_17_2,D,A,Y,A,74,114,OH,N,8.214526
tcr_17_2,D,A,Y,E,74,113,OH,O,8.09539
tcr_17_2,D,A,Y,A,74,114,OH,CA,9.668865
tcr_17_2,D,A,K,R,75,107,N,NH2,5.683426
tcr_17_2,D,A,K,R,75,103,N,CA,9.7678175
tcr_17_2,D,A,K,R,75,103,N,CB,8.906429
tcr_17_2,D,A,K,R,75,103,N,O,8.940844
tcr_17_2,D,A,K,R,75,103,N,C,9.539953
tcr_17_2,D,A,K,R,75,107,N,CZ,5.817801
tcr_17_2,D,A,K,R,75,107,N,NH1,6.1288905
tcr_17_2,D,A,K,R,75,107,N,NE,6.0794845
tcr_17_2,D,A,K,R,75,107,N,CG,7.451747
tcr_17_2,D,A,K,R,75,107,N,CD,6.835265
tcr_17_2,D,A,K,R,75,107,N,CB,8.770583
tcr_17_2,D,A,K,R,75,107,N,CA,9.686708
tcr_17_2,D,A,K,R,75,103,N,NE,9.55506
tcr_17_2,D,A,K,R,75,103,N,CD,8.761314
tcr_17_2,D,A,K,R,75,103,N,CZ,9.791732
tcr_17_2,D,A,K,R,75,103,N,NH1,9.261177
tcr_17_2,D,A,K,E,75,113,N,OE2,8.729111
tcr_17_2,D,A,K,E,75,113,N,OE1,6.9869614
tcr_17_2,D,A,K,E,75,113,N,CG,9.247443
tcr_17_2,D,A,K,E,75,113,N,CD,8.195559
tcr_17_2,D,A,K,R,75,103,N,CG,9.262117
tcr_17_2,D,A,K,R,75,107,CA,NH2,6.7137456
tcr_17_2,D,A,K,R,75,103,CA,CB,9.400617
tcr_17_2,D,A,K,R,75,103,CA,O,9.687071
tcr_17_2,D,A,K,R,75,107,CA,CZ,7.001679
tcr_17_2,D,A,K,R,75,107,CA,NH1,7.4414473
tcr_17_2,D,A,K,R,75,107,CA,NE,7.203843
tcr_17_2,D,A,K,R,75,107,CA,CG,8.494816
tcr_17_2,D,A,K,R,75,107,CA,CD,8.028789
tcr_17_2,D,A,K,R,75,107,CA,CB,9.856792
tcr_17_2,D,A,K,R,75,103,CA,NE,9.581957
tcr_17_2,D,A,K,R,75,103,CA,CD,8.981333
tcr_17_2,D,A,K,R,75,103,CA,CZ,9.751503
tcr_17_2,D,A,K,R,75,103,CA,NH1,9.2996235
tcr_17_2,D,A,K,E,75,113,CA,OE2,8.077745
tcr_17_2,D,A,K,E,75,113,CA,OE1,6.6110406
tcr_17_2,D,A,K,E,75,113,CA,CG,8.953817
tcr_17_2,D,A,K,E,75,113,CA,CD,7.737222
tcr_17_2,D,A,K,R,75,103,CA,CG,9.534652
tcr_17_2,D,A,K,R,75,107,C,NH2,8.069905
tcr_17_2,D,A,K,R,75,107,C,CZ,8.251722
tcr_17_2,D,A,K,R,75,107,C,NH1,8.558814
tcr_17_2,D,A,K,R,75,107,C,NE,8.441291
tcr_17_2,D,A,K,R,75,107,C,CG,9.577067
tcr_17_2,D,A,K,R,75,107,C,CD,9.123761
tcr_17_2,D,A,K,E,75,113,C,OE2,8.925858
tcr_17_2,D,A,K,E,75,113,C,OE1,7.62903
tcr_17_2,D,A,K,E,75,113,C,CG,9.915196
tcr_17_2,D,A,K,E,75,113,C,CD,8.68036
tcr_17_2,D,A,K,R,75,107,O,NH2,8.459185
tcr_17_2,D,A,K,R,75,107,O,CZ,8.623805
tcr_17_2,D,A,K,R,75,107,O,NH1,8.761455
tcr_17_2,D,A,K,R,75,107,O,NE,8.950887
tcr_17_2,D,A,K,R,75,107,O,CD,9.611004
tcr_17_2,D,A,K,E,75,113,O,OE1,8.817262
tcr_17_2,D,A,K,E,75,113,O,CD,9.886967
tcr_17_2,D,A,K,R,75,107,CB,NH2,6.7248416
tcr_17_2,D,A,K,R,75,103,CB,CB,9.193944
tcr_17_2,D,A,K,R,75,103,CB,O,9.988648
tcr_17_2,D,A,K,R,75,107,CB,CZ,7.275346
tcr_17_2,D,A,K,R,75,107,CB,NH1,7.748707
tcr_17_2,D,A,K,R,75,107,CB,NE,7.657587
tcr_17_2,D,A,K,R,75,107,CB,CG,9.247572
tcr_17_2,D,A,K,R,75,107,CB,CD,8.686689
tcr_17_2,D,A,K,R,75,103,CB,NE,8.82377
tcr_17_2,D,A,K,R,75,103,CB,CD,8.386899
tcr_17_2,D,A,K,R,75,103,CB,CZ,8.813543
tcr_17_2,D,A,K,R,75,103,CB,NH2,9.596025
tcr_17_2,D,A,K,R,75,103,CB,NH1,8.2864
tcr_17_2,D,A,K,E,75,113,CB,OE2,8.28065
tcr_17_2,D,A,K,E,75,113,CB,OE1,6.9768615
tcr_17_2,D,A,K,E,75,113,CB,CG,9.369401
tcr_17_2,D,A,K,E,75,113,CB,CD,8.05971
tcr_17_2,D,A,K,R,75,103,CB,CG,9.150984
tcr_17_2,D,A,K,E,75,100,CG,OE1,9.709658
tcr_17_2,D,A,K,R,75,107,CG,NH2,5.841035
tcr_17_2,D,A,K,R,75,103,CG,CA,8.927225
tcr_17_2,D,A,K,R,75,103,CG,CB,7.7999706
tcr_17_2,D,A,K,I,75,104,CG,N,9.967901
tcr_17_2,D,A,K,R,75,103,CG,O,8.872876
tcr_17_2,D,A,K,R,75,103,CG,C,9.183565
tcr_17_2,D,A,K,R,75,107,CG,CZ,6.56542
tcr_17_2,D,A,K,R,75,107,CG,NH1,7.23129
tcr_17_2,D,A,K,R,75,107,CG,NE,6.9241214
tcr_17_2,D,A,K,R,75,107,CG,CG,8.606268
tcr_17_2,D,A,K,R,75,107,CG,CD,8.10123
tcr_17_2,D,A,K,R,75,103,CG,NE,7.295364
tcr_17_2,D,A,K,R,75,103,CG,CD,6.8803506
tcr_17_2,D,A,K,R,75,103,CG,CZ,7.3284698
tcr_17_2,D,A,K,R,75,103,CG,NH2,8.1377735
tcr_17_2,D,A,K,R,75,103,CG,NH1,6.8697186
tcr_17_2,D,A,K,E,75,113,CG,OE2,7.4731336
tcr_17_2,D,A,K,L,75,106,CG,CD1,9.974552
tcr_17_2,D,A,K,E,75,113,CG,OE1,6.120249
tcr_17_2,D,A,K,E,75,113,CG,CG,8.479284
tcr_17_2,D,A,K,E,75,113,CG,CD,7.2037296
tcr_17_2,D,A,K,E,75,113,CG,CB,9.711238
tcr_17_2,D,A,K,R,75,103,CG,CG,7.6636834
tcr_17_2,D,A,K,E,75,100,CD,OE1,9.24904
tcr_17_2,D,A,K,R,75,107,CD,NH2,6.3992963
tcr_17_2,D,A,K,R,75,103,CD,CA,9.262398
tcr_17_2,D,A,K,R,75,103,CD,CB,7.9842734
tcr_17_2,D,A,K,R,75,103,CD,O,9.562059
tcr_17_2,D,A,K,R,75,103,CD,C,9.69228
tcr_17_2,D,A,K,R,75,107,CD,CZ,7.328593
tcr_17_2,D,A,K,R,75,107,CD,NH1,7.979374
tcr_17_2,D,A,K,R,75,107,CD,NE,7.834604
tcr_17_2,D,A,K,R,75,107,CD,CG,9.702153
tcr_17_2,D,A,K,R,75,107,CD,CD,9.129143
tcr_17_2,D,A,K,R,75,103,CD,NE,6.7777586
tcr_17_2,D,A,K,R,75,103,CD,CD,6.611205
tcr_17_2,D,A,K,R,75,103,CD,CZ,6.5535364
tcr_17_2,D,A,K,R,75,103,CD,NH2,7.2317786
tcr_17_2,D,A,K,R,75,103,CD,NH1,6.002439
tcr_17_2,D,A,K,E,75,113,CD,OE2,8.096035
tcr_17_2,D,A,K,E,75,113,CD,OE1,6.9905105
tcr_17_2,D,A,K,E,75,113,CD,CG,9.272713
tcr_17_2,D,A,K,E,75,113,CD,CD,7.9632797
tcr_17_2,D,A,K,R,75,103,CD,CG,7.6342773
tcr_17_2,D,A,K,E,75,100,CE,CG,8.99592
tcr_17_2,D,A,K,E,75,100,CE,CD,9.142805
tcr_17_2,D,A,K,E,75,100,CE,CB,9.655391
tcr_17_2,D,A,K,E,75,100,CE,CA,9.32897
tcr_17_2,D,A,K,E,75,100,CE,O,9.524736
tcr_17_2,D,A,K,E,75,100,CE,OE1,8.456318
tcr_17_2,D,A,K,R,75,107,CE,NH2,6.035463
tcr_17_2,D,A,K,R,75,103,CE,CA,8.147239
tcr_17_2,D,A,K,R,75,103,CE,CB,6.820177
tcr_17_2,D,A,K,I,75,104,CE,N,9.485866
tcr_17_2,D,A,K,R,75,103,CE,O,8.755686
tcr_17_2,D,A,K,R,75,103,CE,C,8.749193
tcr_17_2,D,A,K,R,75,107,CE,CZ,7.100574
tcr_17_2,D,A,K,R,75,107,CE,NH1,7.9088387
tcr_17_2,D,A,K,R,75,107,CE,NE,7.5555744
tcr_17_2,D,A,K,R,75,107,CE,CG,9.427092
tcr_17_2,D,A,K,R,75,107,CE,CD,8.936336
tcr_17_2,D,A,K,R,75,99,CE,C,9.80326
tcr_17_2,D,A,K,R,75,99,CE,O,9.072012
tcr_17_2,D,A,K,E,75,100,CE,N,9.931456
tcr_17_2,D,A,K,E,75,43,CE,OE1,9.856973
tcr_17_2,D,A,K,R,75,103,CE,N,9.1845455
tcr_17_2,D,A,K,R,75,103,CE,NE,5.2753654
tcr_17_2,D,A,K,R,75,103,CE,CD,5.218869
tcr_17_2,D,A,K,R,75,103,CE,CZ,5.0599747
tcr_17_2,D,A,K,R,75,103,CE,NH2,5.749959
tcr_17_2,D,A,K,R,75,103,CE,NH1,4.6138554
tcr_17_2,D,A,K,E,75,113,CE,OE2,7.638414
tcr_17_2,D,A,K,L,75,106,CE,CD1,9.688833
tcr_17_2,D,A,K,E,75,113,CE,OE1,6.5835958
tcr_17_2,D,A,K,E,75,113,CE,CG,8.696016
tcr_17_2,D,A,K,E,75,113,CE,CD,7.478876
tcr_17_2,D,A,K,E,75,113,CE,CB,9.728904
tcr_17_2,D,A,K,R,75,103,CE,CG,6.300655
tcr_17_2,D,A,K,E,75,100,NZ,CG,8.617464
tcr_17_2,D,A,K,E,75,100,NZ,CD,8.584783
tcr_17_2,D,A,K,E,75,100,NZ,CB,9.202398
tcr_17_2,D,A,K,E,75,100,NZ,CA,9.01898
tcr_17_2,D,A,K,E,75,100,NZ,O,9.5800495
tcr_17_2,D,A,K,E,75,100,NZ,OE1,7.906811
tcr_17_2,D,A,K,E,75,100,NZ,C,9.939648
tcr_17_2,D,A,K,E,75,100,NZ,OE2,9.42726
tcr_17_2,D,A,K,R,75,107,NZ,NH2,6.6764183
tcr_17_2,D,A,K,R,75,103,NZ,CA,8.651261
tcr_17_2,D,A,K,R,75,103,NZ,CB,7.218925
tcr_17_2,D,A,K,I,75,104,NZ,N,9.970758
tcr_17_2,D,A,K,R,75,103,NZ,O,9.535217
tcr_17_2,D,A,K,R,75,103,NZ,C,9.354623
tcr_17_2,D,A,K,R,75,107,NZ,CZ,7.856336
tcr_17_2,D,A,K,R,75,107,NZ,NH1,8.589028
tcr_17_2,D,A,K,R,75,107,NZ,NE,8.453733
tcr_17_2,D,A,K,R,75,107,NZ,CD,9.889759
tcr_17_2,D,A,K,R,75,99,NZ,C,9.457599
tcr_17_2,D,A,K,R,75,99,NZ,O,8.878116
tcr_17_2,D,A,K,R,75,99,NZ,CB,9.891461
tcr_17_2,D,A,K,E,75,100,NZ,N,9.521706
tcr_17_2,D,A,K,E,75,43,NZ,OE1,8.896132
tcr_17_2,D,A,K,R,75,103,NZ,N,9.5222025
tcr_17_2,D,A,K,R,75,103,NZ,NE,5.0455585
tcr_17_2,D,A,K,R,75,103,NZ,CD,5.251323
tcr_17_2,D,A,K,R,75,103,NZ,CZ,4.469759
tcr_17_2,D,A,K,R,75,103,NZ,NH2,5.00716
tcr_17_2,D,A,K,R,75,103,NZ,NH1,3.8323164
tcr_17_2,D,A,K,E,75,113,NZ,OE2,8.776441
tcr_17_2,D,A,K,E,75,113,NZ,OE1,7.8697395
tcr_17_2,D,A,K,E,75,113,NZ,CG,9.860699
tcr_17_2,D,A,K,E,75,113,NZ,CD,8.682532
tcr_17_2,D,A,K,R,75,103,NZ,CG,6.5614166
tcr_17_2,D,A,Q,R,76,107,N,NH2,8.988733
tcr_17_2,D,A,Q,R,76,107,N,CZ,9.123964
tcr_17_2,D,A,Q,R,76,107,N,NH1,9.518017
tcr_17_2,D,A,Q,R,76,107,N,NE,9.154887
tcr_17_2,D,A,Q,R,76,107,N,CD,9.755728
tcr_17_2,D,A,Q,E,76,113,N,OE2,8.44093
tcr_17_2,D,A,Q,E,76,113,N,OE1,7.350569
tcr_17_2,D,A,Q,E,76,113,N,CG,9.536722
tcr_17_2,D,A,Q,E,76,113,N,CD,8.291514
tcr_17_2,D,A,Q,E,76,113,CA,OE2,9.44657
tcr_17_2,D,A,Q,E,76,113,CA,OE1,8.541496
tcr_17_2,D,A,Q,E,76,113,CA,CD,9.39179
tcr_17_2,D,A,Q,E,76,113,C,OE1,9.316308
tcr_17_2,D,A,Q,E,76,113,CB,OE2,9.093798
tcr_17_2,D,A,Q,E,76,113,CB,OE1,8.380253
tcr_17_2,D,A,Q,E,76,113,CB,CD,9.093691
tcr_17_2,D,A,Q,E,76,113,CG,OE2,9.079397
tcr_17_2,D,A,Q,E,76,113,CG,OE1,8.172876
tcr_17_2,D,A,Q,E,76,113,CG,CG,9.904939
tcr_17_2,D,A,Q,E,76,113,CG,CD,8.910721
tcr_17_2,D,A,Q,E,76,113,CD,OE2,9.289658
tcr_17_2,D,A,Q,E,76,113,CD,OE1,8.604187
tcr_17_2,D,A,Q,E,76,113,CD,CD,9.1772175
tcr_17_2,D,A,Q,E,76,113,OE1,OE2,9.409339
tcr_17_2,D,A,Q,E,76,113,OE1,OE1,9.0024
tcr_17_2,D,A,Q,E,76,113,OE1,CD,9.451777
tcr_17_2,D,A,Q,N,76,110,NE2,OD1,9.995706
tcr_17_2,D,A,Q,E,76,113,NE2,OE2,9.638561
tcr_17_2,D,A,Q,E,76,113,NE2,OE1,8.845001
tcr_17_2,D,A,Q,E,76,113,NE2,CD,9.403595
tcr_17_2,D,A,Q,E,77,113,N,OE2,9.339811
tcr_17_2,D,A,Q,E,77,113,N,OE1,8.786412
tcr_17_2,D,A,Q,E,77,113,N,CD,9.536877
tcr_17_2,D,A,Q,E,77,113,CA,OE1,9.733276
tcr_17_2,D,A,Q,E,77,113,CB,OE2,9.260736
tcr_17_2,D,A,Q,E,77,113,CB,OE1,9.168443
tcr_17_2,D,A,Q,E,77,113,CB,CD,9.726984
tcr_17_2,D,A,Q,E,77,113,CD,OE2,9.791274
tcr_17_2,D,A,Q,E,77,113,OE1,OE2,8.721551
tcr_17_2,D,A,Q,E,77,113,OE1,OE1,9.216357
tcr_17_2,D,A,Q,E,77,113,OE1,CD,9.479059
tcr_17_2,D,A,F,R,88,107,CE1,CZ,9.9365225
tcr_17_2,D,A,F,R,88,107,CE1,NH1,9.531076
tcr_17_2,D,A,F,R,88,107,CZ,NH1,9.692628
tcr_17_2,D,A,K,R,90,107,CD,CZ,9.677067
tcr_17_2,D,A,K,R,90,107,CD,NH1,9.17493
tcr_17_2,D,A,K,R,90,107,CD,NE,9.747741
tcr_17_2,D,A,K,R,90,107,CD,CD,9.425898
tcr_17_2,D,A,K,R,90,107,CE,NH2,9.965784
tcr_17_2,D,A,K,R,90,107,CE,CZ,9.132023
tcr_17_2,D,A,K,R,90,107,CE,NH1,8.513652
tcr_17_2,D,A,K,R,90,107,CE,NE,9.175226
tcr_17_2,D,A,K,R,90,107,CE,CG,9.34269
tcr_17_2,D,A,K,R,90,107,CE,CD,8.682997
tcr_17_2,D,A,K,R,90,107,CE,CB,9.626216
tcr_17_2,D,A,K,R,90,107,NZ,NH2,8.688759
tcr_17_2,D,A,K,R,90,107,NZ,CZ,7.794751
tcr_17_2,D,A,K,R,90,107,NZ,NH1,7.2374043
tcr_17_2,D,A,K,R,90,107,NZ,NE,7.7556243
tcr_17_2,D,A,K,R,90,107,NZ,CG,7.857592
tcr_17_2,D,A,K,R,90,107,NZ,CD,7.219271
tcr_17_2,D,A,K,R,90,107,NZ,CB,8.160907
tcr_17_2,D,A,K,R,90,107,NZ,C,9.718322
tcr_17_2,D,A,K,R,90,107,NZ,CA,9.1321745
tcr_17_2,D,A,K,R,90,107,NZ,O,9.505781
tcr_17_2,D,A,R,K,115,170,C,CE,9.942253
tcr_17_2,D,A,R,K,115,170,O,CE,9.861305
tcr_17_2,D,A,R,K,115,170,O,NZ,9.975725
tcr_17_2,D,A,R,R,115,107,O,NH1,9.006071
tcr_17_2,D,A,R,K,115,170,CG,CE,9.2053
tcr_17_2,D,A,R,K,115,170,CG,NZ,9.590581
tcr_17_2,D,A,R,K,115,170,CD,CE,9.066466
tcr_17_2,D,A,R,K,115,170,CD,NZ,9.378487
tcr_17_2,D,A,R,E,115,100,CD,OE1,9.760436
tcr_17_2,D,A,R,K,115,170,NE,CE,9.810317
tcr_17_2,D,A,R,K,115,170,CZ,CE,9.9289055
tcr_17_2,D,A,R,K,115,170,NH1,CE,9.489495
tcr_17_2,D,A,R,K,115,170,NH1,NZ,9.748796
tcr_17_2,D,A,R,E,115,100,NH1,OE1,9.443733
tcr_17_2,D,A,R,E,115,100,NH1,OE2,9.769907
tcr_17_2,D,A,S,K,116,170,N,CD,9.992372
tcr_17_2,D,A,S,K,116,170,N,CE,9.424653
tcr_17_2,D,A,S,K,116,170,N,NZ,9.867735
tcr_17_2,D,A,S,K,116,170,CA,CG,9.05254
tcr_17_2,D,A,S,K,116,170,CA,CB,9.888691
tcr_17_2,D,A,S,K,116,170,CA,CD,8.974377
tcr_17_2,D,A,S,K,116,170,CA,CE,8.550535
tcr_17_2,D,A,S,K,116,170,CA,NZ,8.9847145
tcr_17_2,D,A,S,R,116,107,CA,NH1,9.699134
tcr_17_2,D,A,S,K,116,170,C,CA,9.608814
tcr_17_2,D,A,S,K,116,170,C,CG,7.987427
tcr_17_2,D,A,S,I,116,166,C,CG2,9.862937
tcr_17_2,D,A,S,K,116,170,C,CB,8.942564
tcr_17_2,D,A,S,K,116,170,C,CD,7.7540317
tcr_17_2,D,A,S,K,116,170,C,CE,7.206102
tcr_17_2,D,A,S,Y,116,108,C,OH,8.961116
tcr_17_2,D,A,S,K,116,170,C,NZ,7.5455685
tcr_17_2,D,A,S,I,116,104,C,CD1,9.791883
tcr_17_2,D,A,S,R,116,107,C,CZ,9.9455
tcr_17_2,D,A,S,R,116,107,C,NH1,8.710344
tcr_17_2,D,A,S,K,116,170,O,O,9.758083
tcr_17_2,D,A,S,K,116,170,O,CA,9.33757
tcr_17_2,D,A,S,K,116,170,O,CG,7.5936356
tcr_17_2,D,A,S,K,116,170,O,CB,8.698067
tcr_17_2,D,A,S,K,116,170,O,CD,7.406782
tcr_17_2,D,A,S,K,116,170,O,CE,6.6887302
tcr_17_2,D,A,S,Y,116,108,O,OH,9.195188
tcr_17_2,D,A,S,K,116,170,O,NZ,7.0962534
tcr_17_2,D,A,S,I,116,104,O,CD1,9.603799
tcr_17_2,D,A,S,E,116,100,O,OE1,9.824928
tcr_17_2,D,A,S,R,116,107,O,NH1,9.157861
tcr_17_2,D,A,S,A,116,173,CB,CB,9.832733
tcr_17_2,D,A,S,K,116,170,CB,CA,9.599238
tcr_17_2,D,A,S,K,116,170,CB,CG,8.584868
tcr_17_2,D,A,S,K,116,170,CB,CB,9.280519
tcr_17_2,D,A,S,K,116,170,CB,CD,8.742647
tcr_17_2,D,A,S,K,116,170,CB,CE,8.518723
tcr_17_2,D,A,S,K,116,170,CB,NZ,9.168949
tcr_17_2,D,A,S,R,116,169,OG,O,9.809467
tcr_17_2,D,A,S,K,116,170,OG,C,9.659663
tcr_17_2,D,A,S,A,116,173,OG,CB,9.220077
tcr_17_2,D,A,S,K,116,170,OG,O,9.522507
tcr_17_2,D,A,S,K,116,170,OG,CA,8.58626
tcr_17_2,D,A,S,R,116,169,OG,C,9.830248
tcr_17_2,D,A,S,K,116,170,OG,N,9.271319
tcr_17_2,D,A,S,K,116,170,OG,CG,7.674416
tcr_17_2,D,A,S,I,116,166,OG,O,9.59885
tcr_17_2,D,A,S,I,116,166,OG,CG2,8.793666
tcr_17_2,D,A,S,K,116,170,OG,CB,8.225821
tcr_17_2,D,A,S,K,116,170,OG,CD,7.821255
tcr_17_2,D,A,S,K,116,170,OG,CE,7.7924976
tcr_17_2,D,A,S,Y,116,108,OG,OH,8.9761915
tcr_17_2,D,A,S,K,116,170,OG,NZ,8.4563
tcr_17_2,D,A,A,K,117,170,N,CA,9.435153
tcr_17_2,D,A,A,K,117,170,N,CG,7.7365766
tcr_17_2,D,A,A,I,117,166,N,CG2,8.930235
tcr_17_2,D,A,A,K,117,170,N,CB,8.611172
tcr_17_2,D,A,A,K,117,170,N,CD,7.3072834
tcr_17_2,D,A,A,K,117,170,N,CE,6.841844
tcr_17_2,D,A,A,Y,117,108,N,OH,7.89311
tcr_17_2,D,A,A,K,117,170,N,NZ,7.001321
tcr_17_2,D,A,A,Y,117,108,N,CZ,8.916659
tcr_17_2,D,A,A,I,117,104,N,CG2,9.387015
tcr_17_2,D,A,A,I,117,104,N,CG1,9.132423
tcr_17_2,D,A,A,I,117,104,N,CD1,8.88762
tcr_17_2,D,A,A,E,117,100,N,OE1,9.787565
tcr_17_2,D,A,A,Y,117,108,N,CE1,8.836476
tcr_17_2,D,A,A,R,117,107,N,NH2,9.333542
tcr_17_2,D,A,A,R,117,107,N,CZ,8.814251
tcr_17_2,D,A,A,R,117,107,N,NH1,7.569775
tcr_17_2,D,A,A,R,117,107,N,NE,9.673522
tcr_17_2,D,A,A,R,117,107,N,CD,9.53063
tcr_17_2,D,A,A,K,117,170,CA,C,9.692202
tcr_17_2,D,A,A,K,117,170,CA,O,9.722032
tcr_17_2,D,A,A,K,117,170,CA,CA,8.753115
tcr_17_2,D,A,A,K,117,170,CA,N,9.661782
tcr_17_2,D,A,A,I,117,166,CA,C,9.909734
tcr_17_2,D,A,A,K,117,170,CA,CG,6.8121266
tcr_17_2,D,A,A,I,117,166,CA,O,9.415106
tcr_17_2,D,A,A,I,117,166,CA,CG2,8.247598
tcr_17_2,D,A,A,K,117,170,CA,CB,7.762949
tcr_17_2,D,A,A,I,117,166,CA,CB,9.746113
tcr_17_2,D,A,A,K,117,170,CA,CD,6.177965
tcr_17_2,D,A,A,K,117,170,CA,CE,5.6216702
tcr_17_2,D,A,A,Y,117,108,CA,OH,6.763537
tcr_17_2,D,A,A,K,117,170,CA,NZ,5.627139
tcr_17_2,D,A,A,Y,117,108,CA,CZ,7.8304553
tcr_17_2,D,A,A,Y,117,108,CA,CE2,9.075263
tcr_17_2,D,A,A,I,117,104,CA,CG2,8.093117
tcr_17_2,D,A,A,I,117,104,CA,CB,8.731835
tcr_17_2,D,A,A,I,117,104,CA,CG1,7.7999597
tcr_17_2,D,A,A,I,117,104,CA,CD1,7.4741163
tcr_17_2,D,A,A,E,117,100,CA,CG,9.556059
tcr_17_2,D,A,A,E,117,100,CA,CD,9.309167
tcr_17_2,D,A,A,E,117,100,CA,OE1,8.705172
tcr_17_2,D,A,A,E,117,100,CA,OE2,9.954393
tcr_17_2,D,A,A,Y,117,108,CA,CD1,9.165656
tcr_17_2,D,A,A,Y,117,108,CA,CE1,7.8793063
tcr_17_2,D,A,A,I,117,104,CA,CA,9.583231
tcr_17_2,D,A,A,R,117,107,CA,NH2,8.519759
tcr_17_2,D,A,A,R,117,107,CA,CZ,8.034998
tcr_17_2,D,A,A,R,117,107,CA,NH1,6.8656845
tcr_17_2,D,A,A,R,117,107,CA,NE,8.878995
tcr_17_2,D,A,A,R,117,107,CA,CD,8.781501
tcr_17_2,D,A,A,R,117,169,C,O,9.407069
tcr_17_2,D,A,A,W,117,171,C,N,9.149942
tcr_17_2,D,A,A,K,117,170,C,C,8.162936
tcr_17_2,D,A,A,A,117,173,C,CB,9.48584
tcr_17_2,D,A,A,K,117,170,C,O,8.211548
tcr_17_2,D,A,A,A,117,174,C,CB,9.707596
tcr_17_2,D,A,A,W,117,171,C,NE1,9.663524
tcr_17_2,D,A,A,W,117,171,C,CD1,9.470001
tcr_17_2,D,A,A,R,117,169,C,CB,9.944784
tcr_17_2,D,A,A,I,117,166,C,CA,9.303525
tcr_17_2,D,A,A,I,117,166,C,CG1,9.770951
tcr_17_2,D,A,A,K,117,170,C,CA,7.220144
tcr_17_2,D,A,A,R,117,169,C,C,9.154484
tcr_17_2,D,A,A,K,117,170,C,N,8.155851
tcr_17_2,D,A,A,I,117,166,C,C,8.68963
tcr_17_2,D,A,A,K,117,170,C,CG,5.3255568
tcr_17_2,D,A,A,I,117,166,C,O,8.097096
tcr_17_2,D,A,A,I,117,166,C,CG2,7.3333454
tcr_17_2,D,A,A,K,117,170,C,CB,6.263937
tcr_17_2,D,A,A,T,117,167,C,O,9.432046
tcr_17_2,D,A,A,I,117,166,C,CB,8.811517
tcr_17_2,D,A,A,K,117,170,C,CD,4.8245482
tcr_17_2,D,A,A,T,117,167,C,C,9.800786
tcr_17_2,D,A,A,T,117,167,C,N,9.162336
tcr_17_2,D,A,A,K,117,170,C,CE,4.4279847
tcr_17_2,D,A,A,T,117,167,C,CA,9.118786
tcr_17_2,D,A,A,Y,117,108,C,OH,6.090329
tcr_17_2,D,A,A,K,117,170,C,NZ,4.726999
tcr_17_2,D,A,A,Y,117,108,C,CZ,7.3018756
tcr_17_2,D,A,A,T,117,167,C,OG1,9.678892
tcr_17_2,D,A,A,Y,117,108,C,CE2,8.475158
tcr_17_2,D,A,A,I,117,104,C,CG2,7.9385886
tcr_17_2,D,A,A,Y,117,108,C,CD2,9.711755
tcr_17_2,D,A,A,I,117,104,C,CB,8.741779
tcr_17_2,D,A,A,I,117,104,C,CG1,7.9474874
tcr_17_2,D,A,A,I,117,104,C,CD1,7.434087
tcr_17_2,D,A,A,E,117,100,C,CG,9.897587
tcr_17_2,D,A,A,E,117,100,C,CD,9.719522
tcr_17_2,D,A,A,E,117,100,C,OE1,9.289269
tcr_17_2,D,A,A,I,117,166,C,CD1,9.8513975
tcr_17_2,D,A,A,Y,117,108,C,CD1,8.935718
tcr_17_2,D,A,A,Y,117,108,C,CG,9.931607
tcr_17_2,D,A,A,Y,117,108,C,CE1,7.568475
tcr_17_2,D,A,A,I,117,104,C,CA,9.755907
tcr_17_2,D,A,A,R,117,107,C,NH2,9.486332
tcr_17_2,D,A,A,R,117,107,C,CZ,8.967621
tcr_17_2,D,A,A,R,117,107,C,NH1,7.8743215
tcr_17_2,D,A,A,R,117,107,C,NE,9.701489
tcr_17_2,D,A,A,R,117,107,C,CD,9.500344
tcr_17_2,D,A,A,R,117,169,O,O,9.095783
tcr_17_2,D,A,A,W,117,171,O,CA,9.434649
tcr_17_2,D,A,A,W,117,171,O,N,8.410347
tcr_17_2,D,A,A,K,117,170,O,C,7.496917
tcr_17_2,D,A,A,A,117,173,O,CB,9.2517
tcr_17_2,D,A,A,K,117,170,O,O,7.548666
tcr_17_2,D,A,A,A,117,174,O,CA,9.92391
tcr_17_2,D,A,A,A,117,174,O,N,9.725864
tcr_17_2,D,A,A,A,117,174,O,CB,8.903964
tcr_17_2,D,A,A,W,117,171,O,CE2,9.797069
tcr_17_2,D,A,A,W,117,171,O,CG,9.596198
tcr_17_2,D,A,A,W,117,171,O,NE1,8.568921
tcr_17_2,D,A,A,W,117,171,O,CD1,8.439006
tcr_17_2,D,A,A,R,117,169,O,CB,9.856111
tcr_17_2,D,A,A,R,117,169,O,CA,9.957071
tcr_17_2,D,A,A,I,117,166,O,CA,9.167667
tcr_17_2,D,A,A,I,117,166,O,CG1,9.867698
tcr_17_2,D,A,A,K,117,170,O,CA,6.6975985
tcr_17_2,D,A,A,R,117,169,O,C,8.826344
tcr_17_2,D,A,A,K,117,170,O,N,7.743634
tcr_17_2,D,A,A,I,117,166,O,C,8.380808
tcr_17_2,D,A,A,K,117,170,O,CG,4.5268264
tcr_17_2,D,A,A,I,117,166,O,O,7.790212
tcr_17_2,D,A,A,I,117,166,O,CG2,7.3636813
tcr_17_2,D,A,A,K,117,170,O,CB,5.6388264
tcr_17_2,D,A,A,T,117,167,O,O,8.7252865
tcr_17_2,D,A,A,I,117,166,O,CB,8.760707
tcr_17_2,D,A,A,K,117,170,O,CD,3.8831823
tcr_17_2,D,A,A,T,117,167,O,C,9.160096
tcr_17_2,D,A,A,T,117,167,O,N,8.710111
tcr_17_2,D,A,A,K,117,170,O,CE,3.2710752
tcr_17_2,D,A,A,T,117,167,O,CA,8.491339
tcr_17_2,D,A,A,Y,117,108,O,OH,5.759225
tcr_17_2,D,A,A,K,117,170,O,NZ,3.571131
tcr_17_2,D,A,A,T,117,167,O,CG2,9.464127
tcr_17_2,D,A,A,T,117,167,O,CB,9.329539
tcr_17_2,D,A,A,Y,117,108,O,CZ,7.040484
tcr_17_2,D,A,A,T,117,167,O,OG1,8.992645
tcr_17_2,D,A,A,Y,117,108,O,CE2,8.084513
tcr_17_2,D,A,A,I,117,104,O,CG2,7.4511747
tcr_17_2,D,A,A,Y,117,108,O,CD2,9.382324
tcr_17_2,D,A,A,I,117,104,O,CB,8.201648
tcr_17_2,D,A,A,N,117,101,O,OD1,9.825904
tcr_17_2,D,A,A,I,117,104,O,CG1,7.3840737
tcr_17_2,D,A,A,I,117,104,O,CD1,6.6750736
tcr_17_2,D,A,A,E,117,100,O,CG,9.156819
tcr_17_2,D,A,A,E,117,100,O,CD,8.988192
tcr_17_2,D,A,A,E,117,100,O,OE1,8.683317
tcr_17_2,D,A,A,E,117,100,O,OE2,9.438718
tcr_17_2,D,A,A,Y,117,108,O,CD1,8.896469
tcr_17_2,D,A,A,Y,117,108,O,CG,9.758259
tcr_17_2,D,A,A,Y,117,108,O,CE1,7.5121274
tcr_17_2,D,A,A,I,117,104,O,CA,9.351962
tcr_17_2,D,A,A,R,117,107,O,NH2,9.469427
tcr_17_2,D,A,A,R,117,107,O,CZ,9.044382
tcr_17_2,D,A,A,R,117,107,O,NH1,8.060296
tcr_17_2,D,A,A,R,117,107,O,NE,9.774277
tcr_17_2,D,A,A,R,117,107,O,CD,9.653966
tcr_17_2,D,A,A,I,117,166,CB,CG1,9.915685
tcr_17_2,D,A,A,K,117,170,CB,CA,9.32003
tcr_17_2,D,A,A,I,117,166,CB,C,9.682341
tcr_17_2,D,A,A,K,117,170,CB,CG,7.384799
tcr_17_2,D,A,A,I,117,166,CB,O,9.369525
tcr_17_2,D,A,A,I,117,166,CB,CG2,7.7199078
tcr_17_2,D,A,A,K,117,170,CB,CB,8.185457
tcr_17_2,D,A,A,I,117,166,CB,CB,9.185558
tcr_17_2,D,A,A,K,117,170,CB,CD,6.525399
tcr_17_2,D,A,A,K,117,170,CB,CE,6.09725
tcr_17_2,D,A,A,Y,117,108,CB,OH,5.9999404
tcr_17_2,D,A,A,K,117,170,CB,NZ,5.8012123
tcr_17_2,D,A,A,Y,117,108,CB,CZ,6.889705
tcr_17_2,D,A,A,Y,117,108,CB,CE2,8.184821
tcr_17_2,D,A,A,I,117,104,CB,CG2,7.0547166
tcr_17_2,D,A,A,Y,117,108,CB,CD2,9.197537
tcr_17_2,D,A,A,I,117,104,CB,CB,7.6989856
tcr_17_2,D,A,A,I,117,104,CB,CG1,6.8543024
tcr_17_2,D,A,A,I,117,104,CB,CD1,6.7979255
tcr_17_2,D,A,A,E,117,100,CB,CG,9.093953
tcr_17_2,D,A,A,E,117,100,CB,CD,9.046887
tcr_17_2,D,A,A,E,117,100,CB,OE1,8.437704
tcr_17_2,D,A,A,E,117,100,CB,OE2,9.846481
tcr_17_2,D,A,A,I,117,166,CB,CD1,9.599422
tcr_17_2,D,A,A,Y,117,108,CB,CD1,7.9559197
tcr_17_2,D,A,A,Y,117,108,CB,CG,9.110302
tcr_17_2,D,A,A,Y,117,108,CB,CE1,6.7504153
tcr_17_2,D,A,A,I,117,104,CB,O,9.120301
tcr_17_2,D,A,A,I,117,104,CB,C,9.301327
tcr_17_2,D,A,A,I,117,104,CB,CA,8.394063
tcr_17_2,D,A,A,R,117,107,CB,NH2,7.331103
tcr_17_2,D,A,A,I,117,104,CB,N,9.348329
tcr_17_2,D,A,A,R,117,107,CB,CZ,6.7125416
tcr_17_2,D,A,A,R,117,107,CB,NH1,5.528982
tcr_17_2,D,A,A,R,117,107,CB,NE,7.4733343
tcr_17_2,D,A,A,R,117,107,CB,CG,8.668151
tcr_17_2,D,A,A,R,117,107,CB,CD,7.292481
tcr_17_2,D,A,A,R,117,107,CB,CB,8.722551
tcr_17_2,D,A,L,R,118,169,N,O,8.621253
tcr_17_2,D,A,L,W,118,171,N,N,8.843408
tcr_17_2,D,A,L,K,118,170,N,C,7.7781825
tcr_17_2,D,A,L,A,118,173,N,CB,8.683291
tcr_17_2,D,A,L,K,118,170,N,O,7.83392
tcr_17_2,D,A,L,A,118,174,N,N,9.894224
tcr_17_2,D,A,L,A,118,174,N,CB,9.600351
tcr_17_2,D,A,L,W,118,171,N,NE1,9.973402
tcr_17_2,D,A,L,W,118,171,N,CD1,9.617142
tcr_17_2,D,A,L,R,118,169,N,CB,9.032497
tcr_17_2,D,A,L,R,118,169,N,N,9.951325
tcr_17_2,D,A,L,R,118,169,N,CA,9.431848
tcr_17_2,D,A,L,I,118,166,N,CA,8.776142
tcr_17_2,D,A,L,I,118,166,N,CG1,9.2590475
tcr_17_2,D,A,L,K,118,170,N,CA,6.7057357
tcr_17_2,D,A,L,R,118,169,N,C,8.408463
tcr_17_2,D,A,L,K,118,170,N,N,7.52804
tcr_17_2,D,A,L,I,118,166,N,C,8.256502
tcr_17_2,D,A,L,K,118,170,N,CG,5.2254725
tcr_17_2,D,A,L,I,118,166,N,O,7.571561
tcr_17_2,D,A,L,I,118,166,N,CG2,6.877493
tcr_17_2,D,A,L,K,118,170,N,CB,5.939026
tcr_17_2,D,A,L,T,118,167,N,O,9.194191
tcr_17_2,D,A,L,I,118,166,N,CB,8.375196
tcr_17_2,D,A,L,K,118,170,N,CD,5.0346084
tcr_17_2,D,A,L,T,118,167,N,C,9.551593
tcr_17_2,D,A,L,T,118,167,N,N,8.903866
tcr_17_2,D,A,L,K,118,170,N,CE,4.983281
tcr_17_2,D,A,L,T,118,167,N,CA,8.979746
tcr_17_2,D,A,L,Y,118,108,N,OH,6.336894
tcr_17_2,D,A,L,K,118,170,N,NZ,5.5398607
tcr_17_2,D,A,L,Y,118,108,N,CZ,7.542249
tcr_17_2,D,A,L,T,118,167,N,OG1,9.809389
tcr_17_2,D,A,L,Y,118,108,N,CE2,8.737868
tcr_17_2,D,A,L,I,118,104,N,CG2,8.68395
tcr_17_2,D,A,L,Y,118,108,N,CD2,9.968167
tcr_17_2,D,A,L,I,118,104,N,CB,9.637921
tcr_17_2,D,A,L,I,118,104,N,CG1,8.985622
tcr_17_2,D,A,L,I,118,104,N,CD1,8.517449
tcr_17_2,D,A,L,I,118,166,N,CD1,9.454609
tcr_17_2,D,A,L,Y,118,108,N,CD1,9.137432
tcr_17_2,D,A,L,Y,118,108,N,CE1,7.772087
tcr_17_2,D,A,L,R,118,107,N,CZ,9.9196005
tcr_17_2,D,A,L,R,118,107,N,NH1,8.792225
tcr_17_2,D,A,L,E,118,172,CA,N,9.693391
tcr_17_2,D,A,L,Q,118,168,CA,C,9.294006
tcr_17_2,D,A,L,Q,118,168,CA,O,9.44507
tcr_17_2,D,A,L,R,118,169,CA,O,7.1597614
tcr_17_2,D,A,L,W,118,171,CA,C,9.6026125
tcr_17_2,D,A,L,W,118,171,CA,CA,8.777469
tcr_17_2,D,A,L,W,118,171,CA,N,7.5498967
tcr_17_2,D,A,L,A,118,173,CA,N,8.905281
tcr_17_2,D,A,L,K,118,170,CA,C,6.451173
tcr_17_2,D,A,L,A,118,173,CA,CA,8.654961
tcr_17_2,D,A,L,A,118,173,CA,CB,7.3403683
tcr_17_2,D,A,L,K,118,170,CA,O,6.536272
tcr_17_2,D,A,L,A,118,174,CA,CA,9.2423
tcr_17_2,D,A,L,A,118,174,CA,N,8.667398
tcr_17_2,D,A,L,A,118,173,CA,O,9.616068
tcr_17_2,D,A,L,A,118,173,CA,C,8.923411
tcr_17_2,D,A,L,A,118,174,CA,CB,8.567697
tcr_17_2,D,A,L,W,118,171,CA,CB,9.738623
tcr_17_2,D,A,L,W,118,171,CA,CG,9.546506
tcr_17_2,D,A,L,W,118,171,CA,NE1,9.154882
tcr_17_2,D,A,L,W,118,171,CA,CD1,8.646424
tcr_17_2,D,A,L,Q,118,165,CA,C,9.992318
tcr_17_2,D,A,L,Q,118,165,CA,O,9.544229
tcr_17_2,D,A,L,R,118,169,CA,CB,7.6838503
tcr_17_2,D,A,L,R,118,169,CA,CG,9.03061
tcr_17_2,D,A,L,R,118,169,CA,N,8.60876
tcr_17_2,D,A,L,I,118,166,CA,N,9.345469
tcr_17_2,D,A,L,Q,118,168,CA,N,9.420309
tcr_17_2,D,A,L,R,118,169,CA,CA,8.02811
tcr_17_2,D,A,L,R,118,169,CA,CD,8.981362
tcr_17_2,D,A,L,I,118,166,CA,CA,7.896281
tcr_17_2,D,A,L,I,118,166,CA,CG1,8.7013035
tcr_17_2,D,A,L,K,118,170,CA,CA,5.3302336
tcr_17_2,D,A,L,R,118,169,CA,C,6.970178
tcr_17_2,D,A,L,K,118,170,CA,N,6.133795
tcr_17_2,D,A,L,I,118,166,CA,C,7.283332
tcr_17_2,D,A,L,K,118,170,CA,CG,4.1649976
tcr_17_2,D,A,L,I,118,166,CA,O,6.4624753
tcr_17_2,D,A,L,I,118,166,CA,CG2,6.3067603
tcr_17_2,D,A,L,K,118,170,CA,CB,4.714407
tcr_17_2,D,A,L,T,118,167,CA,O,8.025692
tcr_17_2,D,A,L,I,118,166,CA,CB,7.7263017
tcr_17_2,D,A,L,K,118,170,CA,CD,4.314196
tcr_17_2,D,A,L,T,118,167,CA,C,8.442494
tcr_17_2,D,A,L,T,118,167,CA,N,8.000483
tcr_17_2,D,A,L,K,118,170,CA,CE,4.597994
tcr_17_2,D,A,L,T,118,167,CA,CA,8.037278
tcr_17_2,D,A,L,Y,118,108,CA,OH,6.2433596
tcr_17_2,D,A,L,K,118,170,CA,NZ,5.4587903
tcr_17_2,D,A,L,T,118,167,CA,CG2,9.626328
tcr_17_2,D,A,L,T,118,167,CA,CB,9.235165
tcr_17_2,D,A,L,Y,118,108,CA,CZ,7.505084
tcr_17_2,D,A,L,T,118,167,CA,OG1,9.162879
tcr_17_2,D,A,L,Y,118,108,CA,CE2,8.58278
tcr_17_2,D,A,L,I,118,104,CA,CG2,9.001506
tcr_17_2,D,A,L,Y,118,108,CA,CD2,9.865087
tcr_17_2,D,A,L,I,118,104,CA,CG1,9.560218
tcr_17_2,D,A,L,I,118,104,CA,CD1,8.977938
tcr_17_2,D,A,L,I,118,166,CA,CD1,9.126311
tcr_17_2,D,A,L,Y,118,108,CA,CD1,9.289315
tcr_17_2,D,A,L,Y,118,108,CA,CE1,7.9119143
tcr_17_2,D,A,L,R,118,107,CA,NH1,9.937423
tcr_17_2,D,A,L,E,118,172,C,N,9.126316
tcr_17_2,D,A,L,Q,118,168,C,C,9.363323
tcr_17_2,D,A,L,Q,118,168,C,O,9.316705
tcr_17_2,D,A,L,E,118,172,C,CA,9.8748665
tcr_17_2,D,A,L,R,118,169,C,O,6.7423954
tcr_17_2,D,A,L,E,118,172,C,C,9.275221
tcr_17_2,D,A,L,W,118,171,C,C,8.972428
tcr_17_2,D,A,L,W,118,171,C,CA,8.284707
tcr_17_2,D,A,L,W,118,171,C,O,9.530305
tcr_17_2,D,A,L,W,118,171,C,N,7.1893754
tcr_17_2,D,A,L,A,118,173,C,N,8.031845
tcr_17_2,D,A,L,K,118,170,C,C,5.9710975
tcr_17_2,D,A,L,A,118,173,C,CA,7.5967937
tcr_17_2,D,A,L,A,118,173,C,CB,6.296565
tcr_17_2,D,A,L,K,118,170,C,O,5.779528
tcr_17_2,D,A,L,A,118,174,C,CA,8.037096
tcr_17_2,D,A,L,A,118,174,C,N,7.522315
tcr_17_2,D,A,L,A,118,173,C,O,8.3134165
tcr_17_2,D,A,L,A,118,173,C,C,7.7246776
tcr_17_2,D,A,L,A,118,174,C,CB,7.4608335
tcr_17_2,D,A,L,A,118,174,C,C,9.556077
tcr_17_2,D,A,L,W,118,171,C,CB,9.410301
tcr_17_2,D,A,L,W,118,171,C,CG,9.341693
tcr_17_2,D,A,L,W,118,171,C,NE1,9.096387
tcr_17_2,D,A,L,W,118,171,C,CD1,8.442974
tcr_17_2,D,A,L,R,118,169,C,CB,7.869728
tcr_17_2,D,A,L,R,118,169,C,CG,9.292076
tcr_17_2,D,A,L,R,118,169,C,N,8.773239
tcr_17_2,D,A,L,Q,118,168,C,N,9.80567
tcr_17_2,D,A,L,R,118,169,C,CA,8.043917
tcr_17_2,D,A,L,R,118,169,C,CD,9.388155
tcr_17_2,D,A,L,I,118,166,C,CA,8.842843
tcr_17_2,D,A,L,I,118,166,C,CG1,9.916199
tcr_17_2,D,A,L,K,118,170,C,CA,5.1002016
tcr_17_2,D,A,L,R,118,169,C,C,6.8077316
tcr_17_2,D,A,L,K,118,170,C,N,6.1026726
tcr_17_2,D,A,L,I,118,166,C,C,8.088609
tcr_17_2,D,A,L,K,118,170,C,CG,4.079696
tcr_17_2,D,A,L,I,118,166,C,O,7.1209393
tcr_17_2,D,A,L,I,118,166,C,CG2,7.5439725
tcr_17_2,D,A,L,K,118,170,C,CB,4.8059154
tcr_17_2,D,A,L,T,118,167,C,O,8.21313
tcr_17_2,D,A,L,I,118,166,C,CB,8.878143
tcr_17_2,D,A,L,K,118,170,C,CD,4.6220646
tcr_17_2,D,A,L,T,118,167,C,C,8.82343
tcr_17_2,D,A,L,T,118,167,C,N,8.787042
tcr_17_2,D,A,L,K,118,170,C,CE,4.742452
tcr_17_2,D,A,L,T,118,167,C,CA,8.64469
tcr_17_2,D,A,L,Y,118,108,C,OH,7.5017323
tcr_17_2,D,A,L,K,118,170,C,NZ,5.86654
tcr_17_2,D,A,L,T,118,167,C,CB,9.868613
tcr_17_2,D,A,L,Y,118,108,C,CZ,8.812472
tcr_17_2,D,A,L,T,118,167,C,OG1,9.961846
tcr_17_2,D,A,L,Y,118,108,C,CE2,9.79911
tcr_17_2,D,A,L,I,118,104,C,CD1,9.801377
tcr_17_2,D,A,L,Y,118,108,C,CE1,9.328949
tcr_17_2,D,A,L,R,118,175,O,N,9.023323
tcr_17_2,D,A,L,A,118,174,O,O,9.110539
tcr_17_2,D,A,L,E,118,172,O,N,7.9602027
tcr_17_2,D,A,L,Q,118,168,O,C,8.472918
tcr_17_2,D,A,L,E,118,172,O,CB,9.225901
tcr_17_2,D,A,L,Q,118,168,O,O,8.320785
tcr_17_2,D,A,L,E,118,172,O,CA,8.720285
tcr_17_2,D,A,L,E,118,172,O,O,8.902357
tcr_17_2,D,A,L,R,118,169,O,O,5.778263
tcr_17_2,D,A,L,E,118,172,O,C,8.125121
tcr_17_2,D,A,L,W,118,171,O,C,7.7701063
tcr_17_2,D,A,L,W,118,171,O,CA,7.116971
tcr_17_2,D,A,L,W,118,171,O,O,8.306503
tcr_17_2,D,A,L,W,118,171,O,N,6.072349
tcr_17_2,D,A,L,A,118,173,O,N,6.910945
tcr_17_2,D,A,L,K,118,170,O,C,4.8264027
tcr_17_2,D,A,L,A,118,173,O,CA,6.528762
tcr_17_2,D,A,L,A,118,173,O,CB,5.3163376
tcr_17_2,D,A,L,K,118,170,O,O,4.563996
tcr_17_2,D,A,L,A,118,174,O,CA,6.889803
tcr_17_2,D,A,L,A,118,174,O,N,6.3480535
tcr_17_2,D,A,L,A,118,173,O,O,7.281707
tcr_17_2,D,A,L,A,118,173,O,C,6.6195745
tcr_17_2,D,A,L,A,118,174,O,CB,6.3152504
tcr_17_2,D,A,L,A,118,174,O,C,8.396889
tcr_17_2,D,A,L,W,118,171,O,CD2,9.518188
tcr_17_2,D,A,L,W,118,171,O,CB,8.294941
tcr_17_2,D,A,L,W,118,171,O,CE2,9.445453
tcr_17_2,D,A,L,W,118,171,O,CG,8.304704
tcr_17_2,D,A,L,W,118,171,O,NE1,8.22065
tcr_17_2,D,A,L,W,118,171,O,CD1,7.4562407
tcr_17_2,D,A,L,Q,118,165,O,O,9.681925
tcr_17_2,D,A,L,R,118,169,O,CB,7.283012
tcr_17_2,D,A,L,R,118,169,O,CG,8.763871
tcr_17_2,D,A,L,R,118,169,O,N,7.990098
tcr_17_2,D,A,L,Q,118,168,O,CA,9.462114
tcr_17_2,D,A,L,I,118,166,O,N,9.948919
tcr_17_2,D,A,L,Q,118,168,O,N,9.059338
tcr_17_2,D,A,L,R,118,169,O,CA,7.2590456
tcr_17_2,D,A,L,R,118,169,O,CD,9.046957
tcr_17_2,D,A,L,I,118,166,O,CA,8.6145315
tcr_17_2,D,A,L,I,118,166,O,CG1,9.983587
tcr_17_2,D,A,L,K,118,170,O,CA,4.1020103
tcr_17_2,D,A,L,R,118,169,O,C,5.918667
tcr_17_2,D,A,L,K,118,170,O,N,5.229267
tcr_17_2,D,A,L,I,118,166,O,C,7.7098117
tcr_17_2,D,A,L,K,118,170,O,CG,3.2709882
tcr_17_2,D,A,L,I,118,166,O,O,6.66104
tcr_17_2,D,A,L,I,118,166,O,CG2,7.632066
tcr_17_2,D,A,L,K,118,170,O,CB,3.9927113
tcr_17_2,D,A,L,T,118,167,O,O,7.3543525
tcr_17_2,D,A,L,I,118,166,O,CB,8.840643
tcr_17_2,D,A,L,K,118,170,O,CD,4.151836
tcr_17_2,D,A,L,T,118,167,O,C,8.078656
tcr_17_2,D,A,L,T,118,167,O,N,8.353193
tcr_17_2,D,A,L,K,118,170,O,CE,4.4072514
tcr_17_2,D,A,L,T,118,167,O,CA,8.066407
tcr_17_2,D,A,L,Y,118,108,O,OH,7.6566033
tcr_17_2,D,A,L,K,118,170,O,NZ,5.722592
tcr_17_2,D,A,L,T,118,167,O,CG2,9.413317
tcr_17_2,D,A,L,T,118,167,O,CB,9.3013
tcr_17_2,D,A,L,Y,118,108,O,CZ,8.989162
tcr_17_2,D,A,L,T,118,167,O,OG1,9.544377
tcr_17_2,D,A,L,Y,118,108,O,CE2,9.837005
tcr_17_2,D,A,L,I,118,104,O,CD1,9.973054
tcr_17_2,D,A,L,Y,118,108,O,CE1,9.663773
tcr_17_2,D,A,L,E,118,172,CB,N,9.791267
tcr_17_2,D,A,L,Q,118,168,CB,C,9.029837
tcr_17_2,D,A,L,Q,118,168,CB,O,9.288466
tcr_17_2,D,A,L,R,118,169,CB,O,6.854367
tcr_17_2,D,A,L,W,118,171,CB,C,9.908167
tcr_17_2,D,A,L,W,118,171,CB,CA,9.208472
tcr_17_2,D,A,L,W,118,171,CB,N,7.8796673
tcr_17_2,D,A,L,A,118,173,CB,N,8.897077
tcr_17_2,D,A,L,K,118,170,CB,C,6.7982144
tcr_17_2,D,A,L,A,118,173,CB,CA,8.687978
tcr_17_2,D,A,L,A,118,173,CB,CB,7.280087
tcr_17_2,D,A,L,K,118,170,CB,O,6.996997
tcr_17_2,D,A,L,A,118,174,CB,CA,9.890072
tcr_17_2,D,A,L,A,118,174,CB,N,9.115852
tcr_17_2,D,A,L,A,118,173,CB,O,9.923629
tcr_17_2,D,A,L,A,118,173,CB,C,9.205608
tcr_17_2,D,A,L,A,118,174,CB,CB,9.382552
tcr_17_2,D,A,L,W,118,171,CB,NE1,9.982675
tcr_17_2,D,A,L,W,118,171,CB,CD1,9.388893
tcr_17_2,D,A,L,R,118,169,CB,NE,9.123663
tcr_17_2,D,A,L,Q,118,165,CB,C,9.330096
tcr_17_2,D,A,L,Q,118,165,CB,O,8.838533
tcr_17_2,D,A,L,R,118,169,CB,CB,6.867907
tcr_17_2,D,A,L,R,118,169,CB,CG,8.092345
tcr_17_2,D,A,L,R,118,169,CB,N,8.15814
tcr_17_2,D,A,L,Q,118,168,CB,CA,9.908044
tcr_17_2,D,A,L,I,118,166,CB,N,8.714552
tcr_17_2,D,A,L,Q,118,168,CB,N,9.269858
tcr_17_2,D,A,L,R,118,169,CB,CA,7.476123
tcr_17_2,D,A,L,R,118,169,CB,CD,7.8465157
tcr_17_2,D,A,L,I,118,166,CB,CA,7.266004
tcr_17_2,D,A,L,R,118,169,CB,NH1,8.890008
tcr_17_2,D,A,L,R,118,169,CB,CZ,9.519272
tcr_17_2,D,A,L,I,118,166,CB,CG1,7.909728
tcr_17_2,D,A,L,K,118,170,CB,CA,5.4857736
tcr_17_2,D,A,L,R,118,169,CB,C,6.617532
tcr_17_2,D,A,L,K,118,170,CB,N,5.955939
tcr_17_2,D,A,L,I,118,166,CB,C,6.8979154
tcr_17_2,D,A,L,K,118,170,CB,CG,4.978091
tcr_17_2,D,A,L,I,118,166,CB,O,6.075971
tcr_17_2,D,A,L,I,118,166,CB,CG2,5.7203674
tcr_17_2,D,A,L,K,118,170,CB,CB,5.080119
tcr_17_2,D,A,L,T,118,167,CB,O,8.171344
tcr_17_2,D,A,L,I,118,166,CB,CB,7.1205487
tcr_17_2,D,A,L,K,118,170,CB,CD,5.27188
tcr_17_2,D,A,L,T,118,167,CB,C,8.458256
tcr_17_2,D,A,L,T,118,167,CB,N,7.819884
tcr_17_2,D,A,L,K,118,170,CB,CE,5.86268
tcr_17_2,D,A,L,T,118,167,CB,CA,8.100278
tcr_17_2,D,A,L,Y,118,108,CB,OH,6.499802
tcr_17_2,D,A,L,K,118,170,CB,NZ,6.6985774
tcr_17_2,D,A,L,T,118,167,CB,CB,9.413284
tcr_17_2,D,A,L,Y,118,108,CB,CZ,7.632121
tcr_17_2,D,A,L,T,118,167,CB,OG1,9.384559
tcr_17_2,D,A,L,Y,118,108,CB,CE2,8.733252
tcr_17_2,D,A,L,I,118,104,CB,CG2,9.599688
tcr_17_2,D,A,L,Y,118,108,CB,CD2,9.9274435
tcr_17_2,D,A,L,I,118,166,CB,CD1,8.40086
tcr_17_2,D,A,L,Y,118,108,CB,CD1,9.207974
tcr_17_2,D,A,L,Y,118,108,CB,CE1,7.9031334
tcr_17_2,D,A,L,Q,118,168,CG,C,9.211907
tcr_17_2,D,A,L,Q,118,168,CG,O,9.661119
tcr_17_2,D,A,L,R,118,169,CG,O,7.59585
tcr_17_2,D,A,L,W,118,171,CG,CA,9.940877
tcr_17_2,D,A,L,W,118,171,CG,N,8.544928
tcr_17_2,D,A,L,A,118,173,CG,N,9.943162
tcr_17_2,D,A,L,K,118,170,CG,C,7.610729
tcr_17_2,D,A,L,A,118,173,CG,CA,9.887988
tcr_17_2,D,A,L,A,118,173,CG,CB,8.513434
tcr_17_2,D,A,L,K,118,170,CG,O,8.009075
tcr_17_2,D,A,L,W,118,171,CG,CD1,9.898714
tcr_17_2,D,A,L,R,118,169,CG,NE,8.748866
tcr_17_2,D,A,L,Q,118,165,CG,C,8.714074
tcr_17_2,D,A,L,Q,118,165,CG,O,8.385575
tcr_17_2,D,A,L,R,118,169,CG,CB,6.981514
tcr_17_2,D,A,L,R,118,169,CG,CG,8.044807
tcr_17_2,D,A,L,R,118,169,CG,N,8.262085
tcr_17_2,D,A,L,Q,118,168,CG,CA,9.928516
tcr_17_2,D,A,L,I,118,166,CG,N,7.944655
tcr_17_2,D,A,L,Q,118,168,CG,N,9.137689
tcr_17_2,D,A,L,R,118,169,CG,CA,7.757344
tcr_17_2,D,A,L,R,118,169,CG,CD,7.621171
tcr_17_2,D,A,L,I,118,166,CG,CA,6.4861736
tcr_17_2,D,A,L,R,118,169,CG,NH1,8.334808
tcr_17_2,D,A,L,R,118,169,CG,CZ,9.004081
tcr_17_2,D,A,L,I,118,166,CG,CG1,6.719464
tcr_17_2,D,A,L,A,118,163,CG,O,9.177165
tcr_17_2,D,A,L,K,118,170,CG,CA,6.1814837
tcr_17_2,D,A,L,R,118,169,CG,C,7.139205
tcr_17_2,D,A,L,K,118,170,CG,N,6.415711
tcr_17_2,D,A,L,I,118,166,CG,C,6.3678536
tcr_17_2,D,A,L,K,118,170,CG,CG,5.6572623
tcr_17_2,D,A,L,I,118,166,CG,O,5.7736535
tcr_17_2,D,A,L,I,118,166,CG,CG2,4.6204343
tcr_17_2,D,A,L,K,118,170,CG,CB,5.568193
tcr_17_2,D,A,L,T,118,167,CG,O,8.320425
tcr_17_2,D,A,L,I,118,166,CG,CB,6.083956
tcr_17_2,D,A,L,K,118,170,CG,CD,5.6464767
tcr_17_2,D,A,L,T,118,167,CG,C,8.387066
tcr_17_2,D,A,L,T,118,167,CG,N,7.310335
tcr_17_2,D,A,L,K,118,170,CG,CE,6.3500466
tcr_17_2,D,A,L,T,118,167,CG,CA,7.8209677
tcr_17_2,D,A,L,Y,118,108,CG,OH,5.6374884
tcr_17_2,D,A,L,K,118,170,CG,NZ,6.9175763
tcr_17_2,D,A,L,T,118,167,CG,CG2,9.8521595
tcr_17_2,D,A,L,T,118,167,CG,CB,9.073978
tcr_17_2,D,A,L,Y,118,108,CG,CZ,6.6104226
tcr_17_2,D,A,L,T,118,167,CG,OG1,8.88334
tcr_17_2,D,A,L,Y,118,108,CG,CE2,7.783726
tcr_17_2,D,A,L,I,118,104,CG,CG2,8.817368
tcr_17_2,D,A,L,Y,118,108,CG,CD2,8.870318
tcr_17_2,D,A,L,I,118,104,CG,CG1,9.888356
tcr_17_2,D,A,L,I,118,104,CG,CD1,9.655588
tcr_17_2,D,A,L,I,118,166,CG,CD1,7.0537114
tcr_17_2,D,A,L,Y,118,108,CG,CD1,7.9383416
tcr_17_2,D,A,L,Y,118,108,CG,CG,8.955257
tcr_17_2,D,A,L,Y,118,108,CG,CE1,6.6982675
tcr_17_2,D,A,L,R,118,107,CG,NH1,9.787737
tcr_17_2,D,A,L,Q,118,168,CD1,C,9.369336
tcr_17_2,D,A,L,Q,118,168,CD1,O,9.891206
tcr_17_2,D,A,L,R,118,169,CD1,O,7.7331433
tcr_17_2,D,A,L,W,118,171,CD1,N,9.220055
tcr_17_2,D,A,L,K,118,170,CD1,C,8.311782
tcr_17_2,D,A,L,A,118,173,CD1,CB,8.7616005
tcr_17_2,D,A,L,K,118,170,CD1,O,8.747204
tcr_17_2,D,A,L,Q,118,165,CD1,CA,9.993414
tcr_17_2,D,A,L,R,118,169,CD1,NE,7.847634
tcr_17_2,D,A,L,Q,118,165,CD1,C,8.491901
tcr_17_2,D,A,L,Q,118,165,CD1,O,8.118045
tcr_17_2,D,A,L,R,118,169,CD1,CB,6.6369247
tcr_17_2,D,A,L,R,118,169,CD1,CG,7.4891624
tcr_17_2,D,A,L,R,118,169,CD1,N,8.269105
tcr_17_2,D,A,L,I,118,166,CD1,N,7.794793
tcr_17_2,D,A,L,Q,118,168,CD1,N,9.444533
tcr_17_2,D,A,L,R,118,169,CD1,CA,7.6672044
tcr_17_2,D,A,L,R,118,169,CD1,CD,6.814129
tcr_17_2,D,A,L,I,118,166,CD1,CA,6.413617
tcr_17_2,D,A,L,R,118,169,CD1,NH1,7.1353893
tcr_17_2,D,A,L,R,118,169,CD1,NH2,9.056389
tcr_17_2,D,A,L,R,118,169,CD1,CZ,7.941369
tcr_17_2,D,A,L,T,118,162,CD1,O,9.903411
tcr_17_2,D,A,L,I,118,166,CD1,CG1,6.404171
tcr_17_2,D,A,L,A,118,163,CD1,O,9.331456
tcr_17_2,D,A,L,K,118,170,CD1,CA,6.82692
tcr_17_2,D,A,L,R,118,169,CD1,C,7.279547
tcr_17_2,D,A,L,K,118,170,CD1,N,6.783015
tcr_17_2,D,A,L,I,118,166,CD1,C,6.5938306
tcr_17_2,D,A,L,K,118,170,CD1,CG,6.79685
tcr_17_2,D,A,L,I,118,166,CD1,O,6.036112
tcr_17_2,D,A,L,I,118,166,CD1,CG2,4.7578187
tcr_17_2,D,A,L,K,118,170,CD1,CB,6.450841
tcr_17_2,D,A,L,T,118,167,CD1,O,8.916614
tcr_17_2,D,A,L,I,118,166,CD1,CB,6.066667
tcr_17_2,D,A,L,K,118,170,CD1,CD,6.941061
tcr_17_2,D,A,L,T,118,167,CD1,C,8.883665
tcr_17_2,D,A,L,T,118,167,CD1,N,7.6999874
tcr_17_2,D,A,L,K,118,170,CD1,CE,7.77451
tcr_17_2,D,A,L,T,118,167,CD1,CA,8.410658
tcr_17_2,D,A,L,Y,118,108,CD1,OH,6.596923
tcr_17_2,D,A,L,K,118,170,CD1,NZ,8.377853
tcr_17_2,D,A,L,T,118,167,CD1,CB,9.729364
tcr_17_2,D,A,L,Y,118,108,CD1,CZ,7.387118
tcr_17_2,D,A,L,T,118,167,CD1,OG1,9.604001
tcr_17_2,D,A,L,Y,118,108,CD1,CE2,8.5167265
tcr_17_2,D,A,L,I,118,104,CD1,CG2,9.899423
tcr_17_2,D,A,L,Y,118,108,CD1,CD2,9.473643
tcr_17_2,D,A,L,I,118,166,CD1,CD1,6.804154
tcr_17_2,D,A,L,Y,118,108,CD1,CD1,8.429033
tcr_17_2,D,A,L,Y,118,108,CD1,CG,9.450508
tcr_17_2,D,A,L,Y,118,108,CD1,CE1,7.332926
tcr_17_2,D,A,L,E,118,172,CD2,N,9.944468
tcr_17_2,D,A,L,Q,118,168,CD2,C,8.243378
tcr_17_2,D,A,L,Q,118,168,CD2,O,8.792783
tcr_17_2,D,A,L,R,118,169,CD2,O,7.2309394
tcr_17_2,D,A,L,W,118,171,CD2,CA,9.1793165
tcr_17_2,D,A,L,W,118,171,CD2,N,7.764274
tcr_17_2,D,A,L,A,118,173,CD2,N,9.749837
tcr_17_2,D,A,L,K,118,170,CD2,C,7.002477
tcr_17_2,D,A,L,A,118,173,CD2,CA,9.905643
tcr_17_2,D,A,L,A,118,173,CD2,CB,8.659907
tcr_17_2,D,A,L,K,118,170,CD2,O,7.596523
tcr_17_2,D,A,L,W,118,171,CD2,CB,9.812769
tcr_17_2,D,A,L,W,118,171,CD2,CG,9.576732
tcr_17_2,D,A,L,W,118,171,CD2,NE1,9.2750635
tcr_17_2,D,A,L,W,118,171,CD2,CD1,8.904519
tcr_17_2,D,A,L,Q,118,165,CD2,N,9.41348
tcr_17_2,D,A,L,A,118,164,CD2,O,9.034094
tcr_17_2,D,A,L,Q,118,168,CD2,CB,9.739204
tcr_17_2,D,A,L,Q,118,165,CD2,CA,9.024817
tcr_17_2,D,A,L,A,118,164,CD2,C,9.366145
tcr_17_2,D,A,L,R,118,169,CD2,NE,8.297186
tcr_17_2,D,A,L,Q,118,165,CD2,C,7.5299892
tcr_17_2,D,A,L,Q,118,165,CD2,O,7.3146954
tcr_17_2,D,A,L,R,118,169,CD2,CB,6.438935
tcr_17_2,D,A,L,R,118,169,CD2,CG,7.504234
tcr_17_2,D,A,L,R,118,169,CD2,N,7.362101
tcr_17_2,D,A,L,Q,118,168,CD2,CA,8.790629
tcr_17_2,D,A,L,I,118,166,CD2,N,6.6827965
tcr_17_2,D,A,L,Q,118,168,CD2,N,7.8748307
tcr_17_2,D,A,L,R,118,169,CD2,CA,7.1018023
tcr_17_2,D,A,L,R,118,169,CD2,CD,7.2209816
tcr_17_2,D,A,L,I,118,166,CD2,CA,5.211748
tcr_17_2,D,A,L,Q,118,165,CD2,CB,9.702615
tcr_17_2,D,A,L,R,118,169,CD2,NH1,8.16139
tcr_17_2,D,A,L,R,118,169,CD2,NH2,9.707261
tcr_17_2,D,A,L,R,118,169,CD2,CZ,8.648653
tcr_17_2,D,A,L,T,118,162,CD2,O,9.100466
tcr_17_2,D,A,L,I,118,166,CD2,CG1,5.6062784
tcr_17_2,D,A,L,A,118,163,CD2,O,7.7387204
tcr_17_2,D,A,L,A,118,163,CD2,CA,9.397427
tcr_17_2,D,A,L,A,118,163,CD2,C,8.912716
tcr_17_2,D,A,L,A,118,164,CD2,CA,9.961496
tcr_17_2,D,A,L,Y,118,147,CD2,OH,9.048197
tcr_17_2,D,A,L,A,118,164,CD2,N,9.93622
tcr_17_2,D,A,L,K,118,170,CD2,CA,5.548257
tcr_17_2,D,A,L,R,118,169,CD2,C,6.5692663
tcr_17_2,D,A,L,K,118,170,CD2,N,5.6815095
tcr_17_2,D,A,L,I,118,166,CD2,C,5.0095434
tcr_17_2,D,A,L,K,118,170,CD2,CG,4.9761333
tcr_17_2,D,A,L,I,118,166,CD2,O,4.5399995
tcr_17_2,D,A,L,I,118,166,CD2,CG2,3.284448
tcr_17_2,D,A,L,K,118,170,CD2,CB,4.705353
tcr_17_2,D,A,L,T,118,167,CD2,O,7.1430106
tcr_17_2,D,A,L,I,118,166,CD2,CB,4.768841
tcr_17_2,D,A,L,K,118,170,CD2,CD,4.776771
tcr_17_2,D,A,L,T,118,167,CD2,C,7.0977225
tcr_17_2,D,A,L,T,118,167,CD2,N,5.866808
tcr_17_2,D,A,L,K,118,170,CD2,CE,5.6964436
tcr_17_2,D,A,L,T,118,167,CD2,CA,6.4038153
tcr_17_2,D,A,L,Y,118,108,CD2,OH,4.299958
tcr_17_2,D,A,L,K,118,170,CD2,NZ,6.14718
tcr_17_2,D,A,L,T,118,167,CD2,CG2,8.444261
tcr_17_2,D,A,L,T,118,167,CD2,CB,7.6084933
tcr_17_2,D,A,L,Y,118,108,CD2,CZ,5.281512
tcr_17_2,D,A,L,T,118,167,CD2,OG1,7.3751903
tcr_17_2,D,A,L,Y,118,108,CD2,CE2,6.368854
tcr_17_2,D,A,L,I,118,104,CD2,CG2,7.7016425
tcr_17_2,D,A,L,Y,118,108,CD2,CD2,7.4890146
tcr_17_2,D,A,L,I,118,104,CD2,CB,9.062176
tcr_17_2,D,A,L,I,118,104,CD2,CG1,9.017918
tcr_17_2,D,A,L,I,118,104,CD2,CD1,8.774548
tcr_17_2,D,A,L,Y,118,108,CD2,CB,9.0874195
tcr_17_2,D,A,L,I,118,166,CD2,CD1,5.998643
tcr_17_2,D,A,L,Y,118,108,CD2,CD1,6.801812
tcr_17_2,D,A,L,Y,118,108,CD2,CG,7.694111
tcr_17_2,D,A,L,Y,118,108,CD2,CE1,5.542449
tcr_17_2,D,A,L,I,118,104,CD2,O,9.7383795
tcr_17_2,D,A,L,I,118,104,CD2,CA,9.950097
tcr_17_2,D,A,L,R,118,107,CD2,NH1,9.564218
tcr_17_2,D,A,L,Y,118,108,CD2,N,9.976696
tcr_17_2,D,A,L,R,118,107,CD2,CD,9.936153
tcr_17_2,D,A,L,Y,118,108,CD2,CA,9.628878
tcr_17_2,D,A,S,R,119,169,N,O,7.719977
tcr_17_2,D,A,S,E,119,172,N,C,9.993134
tcr_17_2,D,A,S,W,119,171,N,C,9.9244175
tcr_17_2,D,A,S,W,119,171,N,CA,9.328395
tcr_17_2,D,A,S,W,119,171,N,N,8.318325
tcr_17_2,D,A,S,A,119,173,N,N,8.727009
tcr_17_2,D,A,S,K,119,170,N,C,7.0618353
tcr_17_2,D,A,S,A,119,173,N,CA,8.089724
tcr_17_2,D,A,S,A,119,173,N,CB,6.766308
tcr_17_2,D,A,S,K,119,170,N,O,6.706299
tcr_17_2,D,A,S,A,119,174,N,CA,8.448068
tcr_17_2,D,A,S,A,119,174,N,N,8.026623
tcr_17_2,D,A,S,A,119,173,N,O,8.523409
tcr_17_2,D,A,S,A,119,173,N,C,8.114819
tcr_17_2,D,A,S,A,119,174,N,CB,7.9711637
tcr_17_2,D,A,S,A,119,174,N,C,9.982065
tcr_17_2,D,A,S,W,119,171,N,CD1,9.551723
tcr_17_2,D,A,S,R,119,169,N,CB,8.945384
tcr_17_2,D,A,S,R,119,169,N,N,9.985768
tcr_17_2,D,A,S,R,119,169,N,CA,9.164702
tcr_17_2,D,A,S,K,119,170,N,CA,6.305039
tcr_17_2,D,A,S,R,119,169,N,C,7.9172497
tcr_17_2,D,A,S,K,119,170,N,N,7.3176355
tcr_17_2,D,A,S,I,119,166,N,C,9.395628
tcr_17_2,D,A,S,K,119,170,N,CG,5.3045797
tcr_17_2,D,A,S,I,119,166,N,O,8.427284
tcr_17_2,D,A,S,I,119,166,N,CG2,8.697965
tcr_17_2,D,A,S,K,119,170,N,CB,6.1101837
tcr_17_2,D,A,S,T,119,167,N,O,9.513595
tcr_17_2,D,A,S,K,119,170,N,CD,5.809439
tcr_17_2,D,A,S,K,119,170,N,CE,5.6963677
tcr_17_2,D,A,S,T,119,167,N,CA,9.985138
tcr_17_2,D,A,S,Y,119,108,N,OH,8.59656
tcr_17_2,D,A,S,K,119,170,N,NZ,6.75096
tcr_17_2,D,A,S,Y,119,108,N,CZ,9.892002
tcr_17_2,D,A,S,A,119,174,CA,O,9.7726145
tcr_17_2,D,A,S,R,119,169,CA,O,7.895274
tcr_17_2,D,A,S,E,119,172,CA,C,9.636955
tcr_17_2,D,A,S,W,119,171,CA,C,9.803869
tcr_17_2,D,A,S,W,119,171,CA,CA,9.35901
tcr_17_2,D,A,S,W,119,171,CA,N,8.515034
tcr_17_2,D,A,S,A,119,173,CA,N,8.394873
tcr_17_2,D,A,S,K,119,170,CA,C,7.228364
tcr_17_2,D,A,S,A,119,173,CA,CA,7.560199
tcr_17_2,D,A,S,A,119,173,CA,CB,6.3252115
tcr_17_2,D,A,S,K,119,170,CA,O,6.6346445
tcr_17_2,D,A,S,A,119,174,CA,CA,7.709418
tcr_17_2,D,A,S,A,119,174,CA,N,7.4004154
tcr_17_2,D,A,S,A,119,173,CA,O,7.632289
tcr_17_2,D,A,S,A,119,173,CA,C,7.4033203
tcr_17_2,D,A,S,A,119,174,CA,CB,7.3776727
tcr_17_2,D,A,S,A,119,174,CA,C,9.228076
tcr_17_2,D,A,S,W,119,171,CA,CD1,9.810828
tcr_17_2,D,A,S,R,119,169,CA,CB,9.547874
tcr_17_2,D,A,S,R,119,169,CA,CA,9.634464
tcr_17_2,D,A,S,K,119,170,CA,CA,6.733792
tcr_17_2,D,A,S,R,119,169,CA,C,8.298484
tcr_17_2,D,A,S,K,119,170,CA,N,7.8308735
tcr_17_2,D,A,S,K,119,170,CA,CG,5.9039073
tcr_17_2,D,A,S,I,119,166,CA,O,9.362047
tcr_17_2,D,A,S,I,119,166,CA,CG2,9.974863
tcr_17_2,D,A,S,K,119,170,CA,CB,6.771931
tcr_17_2,D,A,S,K,119,170,CA,CD,6.6040435
tcr_17_2,D,A,S,K,119,170,CA,CE,6.3788257
tcr_17_2,D,A,S,Y,119,108,CA,OH,9.874549
tcr_17_2,D,A,S,K,119,170,CA,NZ,7.538424
tcr_17_2,D,A,S,A,119,174,C,O,9.445175
tcr_17_2,D,A,S,R,119,169,C,O,8.788035
tcr_17_2,D,A,S,W,119,171,C,CA,9.555122
tcr_17_2,D,A,S,W,119,171,C,N,8.861325
tcr_17_2,D,A,S,A,119,173,C,N,9.032923
tcr_17_2,D,A,S,K,119,170,C,C,7.640718
tcr_17_2,D,A,S,A,119,173,C,CA,8.19989
tcr_17_2,D,A,S,A,119,173,C,CB,7.149742
tcr_17_2,D,A,S,K,119,170,C,O,6.959234
tcr_17_2,D,A,S,A,119,174,C,CA,7.612767
tcr_17_2,D,A,S,A,119,174,C,N,7.5915456
tcr_17_2,D,A,S,A,119,173,C,O,7.9281015
tcr_17_2,D,A,S,A,119,173,C,C,7.7712636
tcr_17_2,D,A,S,A,119,174,C,CB,7.1177506
tcr_17_2,D,A,S,A,119,174,C,C,9.080232
tcr_17_2,D,A,S,W,119,171,C,CD1,9.707496
tcr_17_2,D,A,S,K,119,170,C,CA,7.3518925
tcr_17_2,D,A,S,R,119,169,C,C,9.181166
tcr_17_2,D,A,S,K,119,170,C,N,8.602544
tcr_17_2,D,A,S,K,119,170,C,CG,6.1211386
tcr_17_2,D,A,S,K,119,170,C,CB,7.247021
tcr_17_2,D,A,S,K,119,170,C,CD,6.6609616
tcr_17_2,D,A,S,K,119,170,C,CE,6.1015844
tcr_17_2,D,A,S,K,119,170,C,NZ,7.1740503
tcr_17_2,D,A,S,R,119,169,O,O,9.908806
tcr_17_2,D,A,S,W,119,171,O,N,9.862944
tcr_17_2,D,A,S,K,119,170,O,C,8.672264
tcr_17_2,D,A,S,A,119,173,O,CA,9.427776
tcr_17_2,D,A,S,A,119,173,O,CB,8.370873
tcr_17_2,D,A,S,K,119,170,O,O,8.047113
tcr_17_2,D,A,S,A,119,174,O,CA,8.70062
tcr_17_2,D,A,S,A,119,174,O,N,8.759852
tcr_17_2,D,A,S,A,119,173,O,O,9.1061
tcr_17_2,D,A,S,A,119,173,O,C,8.976087
tcr_17_2,D,A,S,A,119,174,O,CB,8.1238365
tcr_17_2,D,A,S,K,119,170,O,CA,8.328287
tcr_17_2,D,A,S,K,119,170,O,N,9.579913
tcr_17_2,D,A,S,K,119,170,O,CG,6.8541803
tcr_17_2,D,A,S,K,119,170,O,CB,8.059923
tcr_17_2,D,A,S,K,119,170,O,CD,7.1604056
tcr_17_2,D,A,S,K,119,170,O,CE,6.42129
tcr_17_2,D,A,S,K,119,170,O,NZ,7.293558
tcr_17_2,D,A,S,R,119,169,CB,O,8.753778
tcr_17_2,D,A,S,W,119,171,CB,N,9.783377
tcr_17_2,D,A,S,A,119,173,CB,N,9.157861
tcr_17_2,D,A,S,K,119,170,CB,C,8.475731
tcr_17_2,D,A,S,A,119,173,CB,CA,8.176262
tcr_17_2,D,A,S,A,119,173,CB,CB,6.895435
tcr_17_2,D,A,S,K,119,170,CB,O,7.850063
tcr_17_2,D,A,S,A,119,174,CB,CA,8.648606
tcr_17_2,D,A,S,A,119,174,CB,N,8.294813
tcr_17_2,D,A,S,A,119,173,CB,O,8.14807
tcr_17_2,D,A,S,A,119,173,CB,C,8.085453
tcr_17_2,D,A,S,A,119,174,CB,CB,8.514711
tcr_17_2,D,A,S,K,119,170,CB,CA,7.9427342
tcr_17_2,D,A,S,R,119,169,CB,C,9.240348
tcr_17_2,D,A,S,K,119,170,CB,N,8.918865
tcr_17_2,D,A,S,K,119,170,CB,CG,7.3432584
tcr_17_2,D,A,S,K,119,170,CB,CB,8.095078
tcr_17_2,D,A,S,K,119,170,CB,CD,8.0578375
tcr_17_2,D,A,S,K,119,170,CB,CE,7.864212
tcr_17_2,D,A,S,K,119,170,CB,NZ,8.97659
tcr_17_2,D,A,S,R,119,169,OG,O,9.177926
tcr_17_2,D,A,S,A,119,173,OG,N,9.123825
tcr_17_2,D,A,S,K,119,170,OG,C,8.890883
tcr_17_2,D,A,S,A,119,173,OG,CA,7.9879446
tcr_17_2,D,A,S,A,119,173,OG,CB,6.8588295
tcr_17_2,D,A,S,K,119,170,OG,O,8.101607
tcr_17_2,D,A,S,A,119,174,OG,CA,8.254771
tcr_17_2,D,A,S,A,119,174,OG,N,8.023011
tcr_17_2,D,A,S,A,119,173,OG,O,7.579981
tcr_17_2,D,A,S,A,119,173,OG,C,7.723538
tcr_17_2,D,A,S,A,119,174,OG,CB,8.281083
tcr_17_2,D,A,S,A,119,174,OG,C,9.669932
tcr_17_2,D,A,S,K,119,170,OG,CA,8.572688
tcr_17_2,D,A,S,R,119,169,OG,C,9.813535
tcr_17_2,D,A,S,K,119,170,OG,N,9.593019
tcr_17_2,D,A,S,K,119,170,OG,CG,8.092824
tcr_17_2,D,A,S,K,119,170,OG,CB,8.876847
tcr_17_2,D,A,S,K,119,170,OG,CD,8.919549
tcr_17_2,D,A,S,K,119,170,OG,CE,8.657175
tcr_17_2,D,A,S,K,119,170,OG,NZ,9.828263
tcr_17_2,D,A,Y,R,120,175,N,N,8.945223
tcr_17_2,D,A,Y,A,120,174,N,O,8.200683
tcr_17_2,D,A,Y,E,120,172,N,N,9.814637
tcr_17_2,D,A,Y,E,120,172,N,O,9.804893
tcr_17_2,D,A,Y,R,120,169,N,O,8.501112
tcr_17_2,D,A,Y,E,120,172,N,C,9.452569
tcr_17_2,D,A,Y,W,120,171,N,C,9.287309
tcr_17_2,D,A,Y,W,120,171,N,CA,8.803866
tcr_17_2,D,A,Y,W,120,171,N,O,9.343483
tcr_17_2,D,A,Y,W,120,171,N,N,8.281962
tcr_17_2,D,A,Y,A,120,173,N,N,8.387534
tcr_17_2,D,A,Y,K,120,170,N,C,7.1149883
tcr_17_2,D,A,Y,A,120,173,N,CA,7.545487
tcr_17_2,D,A,Y,A,120,173,N,CB,6.69124
tcr_17_2,D,A,Y,K,120,170,N,O,6.2945714
tcr_17_2,D,A,Y,A,120,174,N,CA,6.4878726
tcr_17_2,D,A,Y,A,120,174,N,N,6.6350675
tcr_17_2,D,A,Y,A,120,173,N,O,7.0285587
tcr_17_2,D,A,Y,A,120,173,N,C,6.914104
tcr_17_2,D,A,Y,A,120,174,N,CB,5.9741764
tcr_17_2,D,A,Y,A,120,174,N,C,7.911221
tcr_17_2,D,A,Y,W,120,171,N,NE1,9.705032
tcr_17_2,D,A,Y,W,120,171,N,CD1,9.022466
tcr_17_2,D,A,Y,E,120,176,N,OE2,9.657517
tcr_17_2,D,A,Y,K,120,170,N,CA,7.09109
tcr_17_2,D,A,Y,R,120,169,N,C,8.9753895
tcr_17_2,D,A,Y,K,120,170,N,N,8.423641
tcr_17_2,D,A,Y,K,120,170,N,CG,5.9208636
tcr_17_2,D,A,Y,K,120,170,N,CB,7.095869
tcr_17_2,D,A,Y,K,120,170,N,CD,6.590826
tcr_17_2,D,A,Y,K,120,170,N,CE,5.990832
tcr_17_2,D,A,Y,K,120,170,N,NZ,7.155311
tcr_17_2,D,A,Y,R,120,175,CA,N,9.152024
tcr_17_2,D,A,Y,A,120,174,CA,O,8.065154
tcr_17_2,D,A,Y,R,120,169,CA,O,9.552755
tcr_17_2,D,A,Y,W,120,171,CA,C,9.777988
tcr_17_2,D,A,Y,W,120,171,CA,CA,9.234618
tcr_17_2,D,A,Y,W,120,171,CA,O,9.714021
tcr_17_2,D,A,Y,W,120,171,CA,N,8.882944
tcr_17_2,D,A,Y,A,120,173,CA,N,9.230391
tcr_17_2,D,A,Y,K,120,170,CA,C,7.829988
tcr_17_2,D,A,Y,A,120,173,CA,CA,8.424214
tcr_17_2,D,A,Y,A,120,173,CA,CB,7.758961
tcr_17_2,D,A,Y,K,120,170,CA,O,6.9740562
tcr_17_2,D,A,Y,A,120,174,CA,CA,6.7057624
tcr_17_2,D,A,Y,A,120,174,CA,N,7.148976
tcr_17_2,D,A,Y,A,120,173,CA,O,7.622973
tcr_17_2,D,A,Y,A,120,173,CA,C,7.582214
tcr_17_2,D,A,Y,A,120,174,CA,CB,6.0478897
tcr_17_2,D,A,Y,A,120,174,CA,C,7.99264
tcr_17_2,D,A,Y,W,120,171,CA,NE1,9.728325
tcr_17_2,D,A,Y,W,120,171,CA,CD1,9.16835
tcr_17_2,D,A,Y,E,120,176,CA,OE2,9.165803
tcr_17_2,D,A,Y,K,120,170,CA,CA,7.985654
tcr_17_2,D,A,Y,K,120,170,CA,N,9.387898
tcr_17_2,D,A,Y,K,120,170,CA,CG,6.569553
tcr_17_2,D,A,Y,K,120,170,CA,CB,7.883723
tcr_17_2,D,A,Y,K,120,170,CA,CD,7.0719566
tcr_17_2,D,A,Y,K,120,170,CA,CE,6.2122016
tcr_17_2,D,A,Y,K,120,170,CA,NZ,7.2306886
tcr_17_2,D,A,Y,A,120,174,C,O,8.79112
tcr_17_2,D,A,Y,K,120,170,C,C,9.268415
tcr_17_2,D,A,Y,A,120,173,C,CA,9.385953
tcr_17_2,D,A,Y,A,120,173,C,CB,8.747429
tcr_17_2,D,A,Y,K,120,170,C,O,8.353918
tcr_17_2,D,A,Y,A,120,174,C,CA,7.64171
tcr_17_2,D,A,Y,A,120,174,C,N,8.171125
tcr_17_2,D,A,Y,A,120,173,C,O,8.313533
tcr_17_2,D,A,Y,A,120,173,C,C,8.474097
tcr_17_2,D,A,Y,A,120,174,C,CB,7.1541653
tcr_17_2,D,A,Y,A,120,174,C,C,8.833778
tcr_17_2,D,A,Y,K,120,170,C,CA,9.435038
tcr_17_2,D,A,Y,K,120,170,C,CG,8.088845
tcr_17_2,D,A,Y,K,120,170,C,CB,9.384987
tcr_17_2,D,A,Y,K,120,170,C,CD,8.567655
tcr_17_2,D,A,Y,K,120,170,C,CE,7.6570134
tcr_17_2,D,A,Y,K,120,170,C,NZ,8.584798
tcr_17_2,D,A,Y,A,120,174,O,O,9.450495
tcr_17_2,D,A,Y,A,120,173,O,CB,9.918817
tcr_17_2,D,A,Y,K,120,170,O,O,9.291164
tcr_17_2,D,A,Y,A,120,174,O,CA,8.512561
tcr_17_2,D,A,Y,A,120,174,O,N,9.158716
tcr_17_2,D,A,Y,A,120,173,O,O,9.375405
tcr_17_2,D,A,Y,A,120,173,O,C,9.542571
tcr_17_2,D,A,Y,A,120,174,O,CB,7.9237843
tcr_17_2,D,A,Y,A,120,174,O,C,9.616911
tcr_17_2,D,A,Y,K,120,170,O,CG,8.823453
tcr_17_2,D,A,Y,K,120,170,O,CD,9.139678
tcr_17_2,D,A,Y,K,120,170,O,CE,8.072383
tcr_17_2,D,A,Y,K,120,170,O,NZ,8.834396
tcr_17_2,D,A,Y,R,120,175,CB,N,7.884173
tcr_17_2,D,A,Y,R,120,175,CB,CB,9.633688
tcr_17_2,D,A,Y,R,120,175,CB,CG,9.759807
tcr_17_2,D,A,Y,A,120,174,CB,O,6.643099
tcr_17_2,D,A,Y,R,120,175,CB,CA,9.157599
tcr_17_2,D,A,Y,R,120,175,CB,C,9.368674
tcr_17_2,D,A,Y,Q,120,179,CB,NE2,8.733973
tcr_17_2,D,A,Y,E,120,176,CB,N,8.962318
tcr_17_2,D,A,Y,E,120,176,CB,CA,9.391408
tcr_17_2,D,A,Y,E,120,172,CB,N,9.583867
tcr_17_2,D,A,Y,E,120,172,CB,O,9.486187
tcr_17_2,D,A,Y,R,120,169,CB,O,9.161484
tcr_17_2,D,A,Y,E,120,172,CB,C,9.310248
tcr_17_2,D,A,Y,W,120,171,CB,C,8.783114
tcr_17_2,D,A,Y,W,120,171,CB,CA,8.299409
tcr_17_2,D,A,Y,W,120,171,CB,O,8.587775
tcr_17_2,D,A,Y,W,120,171,CB,N,8.160742
tcr_17_2,D,A,Y,A,120,173,CB,N,8.500446
tcr_17_2,D,A,Y,K,120,170,CB,C,7.2261
tcr_17_2,D,A,Y,A,120,173,CB,CA,7.7609816
tcr_17_2,D,A,Y,A,120,173,CB,CB,7.3512516
tcr_17_2,D,A,Y,K,120,170,CB,O,6.273131
tcr_17_2,D,A,Y,A,120,174,CB,CA,5.490499
tcr_17_2,D,A,Y,A,120,174,CB,N,6.149449
tcr_17_2,D,A,Y,A,120,173,CB,O,6.772272
tcr_17_2,D,A,Y,A,120,173,CB,C,6.7338214
tcr_17_2,D,A,Y,A,120,174,CB,CB,4.7718525
tcr_17_2,D,A,Y,A,120,174,CB,C,6.6693926
tcr_17_2,D,A,Y,W,120,171,CB,CB,9.4456415
tcr_17_2,D,A,Y,E,120,176,CB,CD,8.873005
tcr_17_2,D,A,Y,E,120,176,CB,CB,9.060388
tcr_17_2,D,A,Y,W,120,171,CB,CG,9.322206
tcr_17_2,D,A,Y,W,120,171,CB,NE1,8.929688
tcr_17_2,D,A,Y,E,120,176,CB,CG,9.556678
tcr_17_2,D,A,Y,W,120,171,CB,CD1,8.314901
tcr_17_2,D,A,Y,E,120,176,CB,OE1,9.60262
tcr_17_2,D,A,Y,E,120,176,CB,OE2,7.766113
tcr_17_2,D,A,Y,Q,120,179,CB,CD,9.814932
tcr_17_2,D,A,Y,K,120,170,CB,CA,7.66579
tcr_17_2,D,A,Y,R,120,169,CB,C,9.669935
tcr_17_2,D,A,Y,K,120,170,CB,N,9.091079
tcr_17_2,D,A,Y,K,120,170,CB,CG,6.412344
tcr_17_2,D,A,Y,K,120,170,CB,CB,7.6848392
tcr_17_2,D,A,Y,K,120,170,CB,CD,7.044346
tcr_17_2,D,A,Y,K,120,170,CB,CE,6.2464533
tcr_17_2,D,A,Y,K,120,170,CB,NZ,7.3374205
tcr_17_2,D,A,Y,R,120,175,CG,N,7.41612
tcr_17_2,D,A,Y,R,120,175,CG,CB,9.364444
tcr_17_2,D,A,Y,R,120,175,CG,CG,9.648134
tcr_17_2,D,A,Y,A,120,174,CG,O,6.298452
tcr_17_2,D,A,Y,R,120,175,CG,CA,8.672596
tcr_17_2,D,A,Y,R,120,175,CG,C,8.732048
tcr_17_2,D,A,Y,R,120,175,CG,O,9.529101
tcr_17_2,D,A,Y,Q,120,179,CG,NE2,8.412018
tcr_17_2,D,A,Y,E,120,176,CG,N,8.143029
tcr_17_2,D,A,Y,E,120,176,CG,CA,8.44631
tcr_17_2,D,A,Y,E,120,176,CG,C,9.97814
tcr_17_2,D,A,Y,E,120,172,CG,N,8.656011
tcr_17_2,D,A,Y,E,120,172,CG,CA,9.449709
tcr_17_2,D,A,Y,E,120,172,CG,O,9.0323105
tcr_17_2,D,A,Y,R,120,169,CG,O,8.438516
tcr_17_2,D,A,Y,E,120,172,CG,C,8.737364
tcr_17_2,D,A,Y,W,120,171,CG,C,7.777249
tcr_17_2,D,A,Y,W,120,171,CG,CA,7.11572
tcr_17_2,D,A,Y,W,120,171,CG,O,7.666993
tcr_17_2,D,A,Y,W,120,171,CG,N,6.9876323
tcr_17_2,D,A,Y,A,120,173,CG,N,7.980929
tcr_17_2,D,A,Y,K,120,170,CG,C,6.1585283
tcr_17_2,D,A,Y,A,120,173,CG,CA,7.4854507
tcr_17_2,D,A,Y,A,120,173,CG,CB,7.1307864
tcr_17_2,D,A,Y,K,120,170,CG,O,5.3177614
tcr_17_2,D,A,Y,A,120,174,CG,CA,5.081883
tcr_17_2,D,A,Y,A,120,174,CG,N,5.7091384
tcr_17_2,D,A,Y,A,120,173,CG,O,6.819255
tcr_17_2,D,A,Y,A,120,173,CG,C,6.5289693
tcr_17_2,D,A,Y,A,120,174,CG,CB,4.0188127
tcr_17_2,D,A,Y,A,120,174,CG,C,6.25893
tcr_17_2,D,A,Y,W,120,171,CG,CD2,9.036787
tcr_17_2,D,A,Y,W,120,171,CG,CB,8.156992
tcr_17_2,D,A,Y,E,120,176,CG,CD,7.7160645
tcr_17_2,D,A,Y,W,120,171,CG,CZ2,9.851589
tcr_17_2,D,A,Y,W,120,171,CG,CE2,8.742277
tcr_17_2,D,A,Y,E,120,176,CG,CB,7.9303503
tcr_17_2,D,A,Y,W,120,171,CG,CG,7.9170275
tcr_17_2,D,A,Y,W,120,171,CG,NE1,7.42688
tcr_17_2,D,A,Y,E,120,176,CG,CG,8.342922
tcr_17_2,D,A,Y,W,120,171,CG,CD1,6.8588104
tcr_17_2,D,A,Y,E,120,176,CG,OE1,8.4395685
tcr_17_2,D,A,Y,E,120,176,CG,OE2,6.6960816
tcr_17_2,D,A,Y,Q,120,179,CG,OE1,9.521047
tcr_17_2,D,A,Y,Q,120,179,CG,CD,9.3672905
tcr_17_2,D,A,Y,K,120,170,CG,CA,6.668931
tcr_17_2,D,A,Y,R,120,169,CG,C,8.817717
tcr_17_2,D,A,Y,K,120,170,CG,N,8.121792
tcr_17_2,D,A,Y,K,120,170,CG,CG,5.250987
tcr_17_2,D,A,Y,K,120,170,CG,CB,6.562441
tcr_17_2,D,A,Y,T,120,167,CG,O,9.011053
tcr_17_2,D,A,Y,K,120,170,CG,CD,5.8280177
tcr_17_2,D,A,Y,K,120,170,CG,CE,5.0416703
tcr_17_2,D,A,Y,K,120,170,CG,NZ,6.1527863
tcr_17_2,D,A,Y,R,120,175,CD1,N,8.329671
tcr_17_2,D,A,Y,A,120,174,CD1,O,7.1089973
tcr_17_2,D,A,Y,R,120,175,CD1,CA,9.492598
tcr_17_2,D,A,Y,R,120,175,CD1,C,9.34808
tcr_17_2,D,A,Y,Q,120,179,CD1,NE2,8.578438
tcr_17_2,D,A,Y,E,120,176,CD1,N,8.640926
tcr_17_2,D,A,Y,E,120,176,CD1,CA,8.712847
tcr_17_2,D,A,Y,E,120,172,CD1,N,9.3629055
tcr_17_2,D,A,Y,R,120,169,CD1,O,9.287548
tcr_17_2,D,A,Y,E,120,172,CD1,C,9.7355795
tcr_17_2,D,A,Y,W,120,171,CD1,C,8.39858
tcr_17_2,D,A,Y,W,120,171,CD1,CA,7.538755
tcr_17_2,D,A,Y,W,120,171,CD1,O,8.330657
tcr_17_2,D,A,Y,W,120,171,CD1,N,7.4320445
tcr_17_2,D,A,Y,A,120,173,CD1,N,9.036846
tcr_17_2,D,A,Y,K,120,170,CD1,C,6.7449994
tcr_17_2,D,A,Y,A,120,173,CD1,CA,8.683226
tcr_17_2,D,A,Y,A,120,173,CD1,CB,8.339292
tcr_17_2,D,A,Y,K,120,170,CD1,O,6.083308
tcr_17_2,D,A,Y,A,120,174,CD1,CA,6.139124
tcr_17_2,D,A,Y,A,120,174,CD1,N,6.8230987
tcr_17_2,D,A,Y,A,120,173,CD1,O,8.115485
tcr_17_2,D,A,Y,A,120,173,CD1,C,7.7563357
tcr_17_2,D,A,Y,A,120,174,CD1,CB,4.885755
tcr_17_2,D,A,Y,A,120,174,CD1,C,7.1809964
tcr_17_2,D,A,Y,W,120,171,CD1,CD2,8.830081
tcr_17_2,D,A,Y,W,120,171,CD1,CB,8.370468
tcr_17_2,D,A,Y,E,120,176,CD1,CD,7.45008
tcr_17_2,D,A,Y,W,120,171,CD1,CZ2,9.296155
tcr_17_2,D,A,Y,W,120,171,CD1,CE2,8.326301
tcr_17_2,D,A,Y,E,120,176,CD1,CB,8.061365
tcr_17_2,D,A,Y,W,120,171,CD1,CG,7.8804207
tcr_17_2,D,A,Y,W,120,171,CD1,NE1,7.006455
tcr_17_2,D,A,Y,E,120,176,CD1,CG,8.214172
tcr_17_2,D,A,Y,W,120,171,CD1,CD1,6.698296
tcr_17_2,D,A,Y,E,120,176,CD1,OE1,7.996646
tcr_17_2,D,A,Y,E,120,176,CD1,OE2,6.52106
tcr_17_2,D,A,Y,Q,120,179,CD1,OE1,9.39363
tcr_17_2,D,A,Y,T,120,97,CD1,CG2,9.502913
tcr_17_2,D,A,Y,Q,120,179,CD1,CD,9.4207945
tcr_17_2,D,A,Y,K,120,170,CD1,CA,7.2183747
tcr_17_2,D,A,Y,R,120,169,CD1,C,9.517091
tcr_17_2,D,A,Y,K,120,170,CD1,N,8.674339
tcr_17_2,D,A,Y,K,120,170,CD1,CG,5.413818
tcr_17_2,D,A,Y,K,120,170,CD1,CB,6.83823
tcr_17_2,D,A,Y,T,120,167,CD1,O,9.146446
tcr_17_2,D,A,Y,K,120,170,CD1,CD,5.633523
tcr_17_2,D,A,Y,K,120,170,CD1,CE,4.5732317
tcr_17_2,D,A,Y,K,120,170,CD1,NZ,5.422715
tcr_17_2,D,A,Y,N,120,101,CD1,OD1,9.953624
tcr_17_2,D,A,Y,I,120,104,CD1,CD1,9.264547
tcr_17_2,D,A,Y,E,120,100,CD1,CD,9.815657
tcr_17_2,D,A,Y,E,120,100,CD1,OE1,9.943028
tcr_17_2,D,A,Y,E,120,100,CD1,OE2,9.478948
tcr_17_2,D,A,Y,R,120,175,CD2,N,6.3079615
tcr_17_2,D,A,Y,R,120,175,CD2,CB,8.427416
tcr_17_2,D,A,Y,R,120,175,CD2,CG,8.691064
tcr_17_2,D,A,Y,R,120,175,CD2,CD,9.780621
tcr_17_2,D,A,Y,A,120,174,CD2,O,5.508952
tcr_17_2,D,A,Y,R,120,175,CD2,CA,7.614704
tcr_17_2,D,A,Y,R,120,175,CD2,C,7.744938
tcr_17_2,D,A,Y,R,120,175,CD2,O,8.6482
tcr_17_2,D,A,Y,Q,120,179,CD2,NE2,8.245886
tcr_17_2,D,A,Y,E,120,176,CD2,N,7.1109715
tcr_17_2,D,A,Y,A,120,177,CD2,N,9.666566
tcr_17_2,D,A,Y,E,120,176,CD2,CA,7.525901
tcr_17_2,D,A,Y,E,120,176,CD2,C,9.05351
tcr_17_2,D,A,Y,E,120,172,CD2,N,7.2578216
tcr_17_2,D,A,Y,Q,120,168,CD2,C,9.374173
tcr_17_2,D,A,Y,E,120,172,CD2,CB,9.210431
tcr_17_2,D,A,Y,Q,120,168,CD2,O,8.753536
tcr_17_2,D,A,Y,E,120,172,CD2,CA,8.057123
tcr_17_2,D,A,Y,E,120,172,CD2,O,7.7381363
tcr_17_2,D,A,Y,R,120,169,CD2,O,7.136006
tcr_17_2,D,A,Y,E,120,172,CD2,C,7.3832455
tcr_17_2,D,A,Y,W,120,171,CD2,C,6.4075246
tcr_17_2,D,A,Y,W,120,171,CD2,CA,5.796763
tcr_17_2,D,A,Y,W,120,171,CD2,O,6.343413
tcr_17_2,D,A,Y,W,120,171,CD2,N,5.6736746
tcr_17_2,D,A,Y,A,120,173,CD2,N,6.6401777
tcr_17_2,D,A,Y,K,120,170,CD2,C,4.8411202
tcr_17_2,D,A,Y,A,120,173,CD2,CA,6.25259
tcr_17_2,D,A,Y,A,120,173,CD2,CB,5.9717116
tcr_17_2,D,A,Y,K,120,170,CD2,O,3.9434981
tcr_17_2,D,A,Y,A,120,174,CD2,CA,3.9890015
tcr_17_2,D,A,Y,A,120,174,CD2,N,4.4598784
tcr_17_2,D,A,Y,A,120,173,CD2,O,5.8202915
tcr_17_2,D,A,Y,A,120,173,CD2,C,5.362301
tcr_17_2,D,A,Y,A,120,174,CD2,CB,2.869827
tcr_17_2,D,A,Y,A,120,174,CD2,C,5.2599826
tcr_17_2,D,A,Y,W,120,171,CD2,CD2,8.064766
tcr_17_2,D,A,Y,W,120,171,CD2,CB,6.927869
tcr_17_2,D,A,Y,W,120,171,CD2,CE3,9.405522
tcr_17_2,D,A,Y,E,120,176,CD2,CD,7.156704
tcr_17_2,D,A,Y,W,120,171,CD2,CZ2,9.160617
tcr_17_2,D,A,Y,W,120,171,CD2,CE2,7.944237
tcr_17_2,D,A,Y,E,120,176,CD2,O,9.8071995
tcr_17_2,D,A,Y,E,120,176,CD2,CB,6.9712057
tcr_17_2,D,A,Y,W,120,171,CD2,CG,6.8403034
tcr_17_2,D,A,Y,W,120,171,CD2,NE1,6.664083
tcr_17_2,D,A,Y,E,120,176,CD2,CG,7.5567174
tcr_17_2,D,A,Y,W,120,171,CD2,CD1,5.8949566
tcr_17_2,D,A,Y,E,120,176,CD2,OE1,8.024775
tcr_17_2,D,A,Y,E,120,176,CD2,OE2,6.187712
tcr_17_2,D,A,Y,Q,120,179,CD2,OE1,9.415057
tcr_17_2,D,A,Y,Q,120,179,CD2,CD,9.156903
tcr_17_2,D,A,Y,R,120,169,CD2,CB,9.774673
tcr_17_2,D,A,Y,R,120,169,CD2,N,9.527416
tcr_17_2,D,A,Y,R,120,169,CD2,CA,9.052716
tcr_17_2,D,A,Y,K,120,170,CD2,CA,5.4854584
tcr_17_2,D,A,Y,R,120,169,CD2,C,7.5449367
tcr_17_2,D,A,Y,K,120,170,CD2,N,6.913304
tcr_17_2,D,A,Y,K,120,170,CD2,CG,4.4402623
tcr_17_2,D,A,Y,I,120,166,CD2,O,9.030283
tcr_17_2,D,A,Y,K,120,170,CD2,CB,5.5725083
tcr_17_2,D,A,Y,T,120,167,CD2,O,7.8706484
tcr_17_2,D,A,Y,K,120,170,CD2,CD,5.303778
tcr_17_2,D,A,Y,T,120,167,CD2,C,8.972234
tcr_17_2,D,A,Y,K,120,170,CD2,CE,4.866746
tcr_17_2,D,A,Y,T,120,167,CD2,CA,9.276247
tcr_17_2,D,A,Y,K,120,170,CD2,NZ,6.153197
tcr_17_2,D,A,Y,T,120,167,CD2,CG2,9.528248
tcr_17_2,D,A,Y,R,120,175,CE1,N,8.260984
tcr_17_2,D,A,Y,A,120,174,CE1,O,7.188792
tcr_17_2,D,A,Y,R,120,175,CE1,CA,9.345949
tcr_17_2,D,A,Y,R,120,175,CE1,C,9.043137
tcr_17_2,D,A,Y,R,120,175,CE1,O,9.78625
tcr_17_2,D,A,Y,Q,120,179,CE1,NE2,8.53866
tcr_17_2,D,A,Y,E,120,176,CE1,N,8.178104
tcr_17_2,D,A,Y,E,120,176,CE1,CA,8.08414
tcr_17_2,D,A,Y,E,120,176,CE1,C,9.525477
tcr_17_2,D,A,Y,E,120,172,CE1,N,8.843382
tcr_17_2,D,A,Y,Q,120,168,CE1,O,9.920195
tcr_17_2,D,A,Y,E,120,172,CE1,CA,9.91345
tcr_17_2,D,A,Y,E,120,172,CE1,O,9.989075
tcr_17_2,D,A,Y,R,120,169,CE1,O,9.019996
tcr_17_2,D,A,Y,E,120,172,CE1,C,9.558846
tcr_17_2,D,A,Y,W,120,171,CE1,C,7.819452
tcr_17_2,D,A,Y,W,120,171,CE1,CA,6.786312
tcr_17_2,D,A,Y,W,120,171,CE1,O,7.8324504
tcr_17_2,D,A,Y,W,120,171,CE1,N,6.7226443
tcr_17_2,D,A,Y,A,120,173,CE1,N,8.949822
tcr_17_2,D,A,Y,K,120,170,CE1,C,6.228621
tcr_17_2,D,A,Y,A,120,173,CE1,CA,8.8248825
tcr_17_2,D,A,Y,A,120,173,CE1,CB,8.557449
tcr_17_2,D,A,Y,K,120,170,CE1,O,5.758118
tcr_17_2,D,A,Y,A,120,174,CE1,CA,6.28148
tcr_17_2,D,A,Y,A,120,174,CE1,N,6.9088573
tcr_17_2,D,A,Y,A,120,173,CE1,O,8.512709
tcr_17_2,D,A,Y,A,120,173,CE1,C,7.985067
tcr_17_2,D,A,Y,A,120,174,CE1,CB,4.851583
tcr_17_2,D,A,Y,A,120,174,CE1,C,7.2209196
tcr_17_2,D,A,Y,W,120,171,CE1,CZ3,9.703978
tcr_17_2,D,A,Y,W,120,171,CE1,CD2,7.5977707
tcr_17_2,D,A,Y,W,120,171,CE1,CB,7.4226446
tcr_17_2,D,A,Y,W,120,171,CE1,CE3,8.9818125
tcr_17_2,D,A,Y,W,120,171,CE1,CH2,9.236807
tcr_17_2,D,A,Y,E,120,176,CE1,CD,6.5397973
tcr_17_2,D,A,Y,W,120,171,CE1,CZ2,7.921679
tcr_17_2,D,A,Y,W,120,171,CE1,CE2,7.0008373
tcr_17_2,D,A,Y,E,120,176,CE1,CB,7.2442074
tcr_17_2,D,A,Y,W,120,171,CE1,CG,6.7606096
tcr_17_2,D,A,Y,W,120,171,CE1,NE1,5.691418
tcr_17_2,D,A,Y,E,120,176,CE1,CG,7.2463055
tcr_17_2,D,A,Y,W,120,171,CE1,CD1,5.5226483
tcr_17_2,D,A,Y,E,120,176,CE1,OE1,7.0297637
tcr_17_2,D,A,Y,E,120,176,CE1,OE2,5.7690163
tcr_17_2,D,A,Y,T,120,97,CE1,OG1,9.446135
tcr_17_2,D,A,Y,Q,120,179,CE1,OE1,9.111644
tcr_17_2,D,A,Y,T,120,97,CE1,CG2,8.460381
tcr_17_2,D,A,Y,Q,120,179,CE1,CD,9.222719
tcr_17_2,D,A,Y,T,120,97,CE1,CB,9.666095
tcr_17_2,D,A,Y,K,120,170,CE1,CA,6.7616115
tcr_17_2,D,A,Y,R,120,169,CE1,C,9.109566
tcr_17_2,D,A,Y,K,120,170,CE1,N,8.172445
tcr_17_2,D,A,Y,K,120,170,CE1,CG,4.8549266
tcr_17_2,D,A,Y,I,120,166,CE1,O,9.578758
tcr_17_2,D,A,Y,K,120,170,CE1,CB,6.235039
tcr_17_2,D,A,Y,T,120,167,CE1,O,8.199891
tcr_17_2,D,A,Y,K,120,170,CE1,CD,4.9108872
tcr_17_2,D,A,Y,T,120,167,CE1,C,9.175078
tcr_17_2,D,A,Y,K,120,170,CE1,CE,3.8820221
tcr_17_2,D,A,Y,T,120,167,CE1,CA,9.146423
tcr_17_2,D,A,Y,Y,120,108,CE1,OH,9.2658415
tcr_17_2,D,A,Y,K,120,170,CE1,NZ,4.6266093
tcr_17_2,D,A,Y,T,120,167,CE1,CG2,8.844346
tcr_17_2,D,A,Y,T,120,167,CE1,CB,9.620902
tcr_17_2,D,A,Y,T,120,167,CE1,OG1,9.831065
tcr_17_2,D,A,Y,N,120,101,CE1,CG,9.845833
tcr_17_2,D,A,Y,N,120,101,CE1,OD1,8.752755
tcr_17_2,D,A,Y,I,120,104,CE1,CG1,9.877454
tcr_17_2,D,A,Y,I,120,104,CE1,CD1,8.450844
tcr_17_2,D,A,Y,E,120,100,CE1,CG,9.807705
tcr_17_2,D,A,Y,E,120,100,CE1,CD,9.370551
tcr_17_2,D,A,Y,E,120,100,CE1,OE1,9.64788
tcr_17_2,D,A,Y,E,120,100,CE1,OE2,9.028813
tcr_17_2,D,A,Y,Q,120,179,CE2,CG,9.821886
tcr_17_2,D,A,Y,E,120,172,CE2,CG,9.674974
tcr_17_2,D,A,Y,W,120,157,CE2,NE1,9.455161
tcr_17_2,D,A,Y,R,120,175,CE2,N,6.2100077
tcr_17_2,D,A,Y,R,120,175,CE2,CB,8.442357
tcr_17_2,D,A,Y,R,120,175,CE2,CG,8.870249
tcr_17_2,D,A,Y,A,120,174,CE2,O,5.60702
tcr_17_2,D,A,Y,R,120,175,CE2,CA,7.4249024
tcr_17_2,D,A,Y,R,120,175,CE2,C,7.368687
tcr_17_2,D,A,Y,R,120,175,CE2,O,8.300497
tcr_17_2,D,A,Y,Q,120,179,CE2,NE2,8.204901
tcr_17_2,D,A,Y,E,120,176,CE2,N,6.5351195
tcr_17_2,D,A,Y,A,120,177,CE2,N,8.875072
tcr_17_2,D,A,Y,E,120,176,CE2,CA,6.7836685
tcr_17_2,D,A,Y,E,120,176,CE2,C,8.27205
tcr_17_2,D,A,Y,E,120,172,CE2,N,6.564204
tcr_17_2,D,A,Y,Q,120,168,CE2,C,8.4707155
tcr_17_2,D,A,Y,E,120,172,CE2,CB,8.718922
tcr_17_2,D,A,Y,Q,120,168,CE2,O,7.880167
tcr_17_2,D,A,Y,E,120,172,CE2,CA,7.5549307
tcr_17_2,D,A,Y,E,120,172,CE2,O,7.6111774
tcr_17_2,D,A,Y,R,120,169,CE2,O,6.7741013
tcr_17_2,D,A,Y,E,120,172,CE2,C,7.139149
tcr_17_2,D,A,Y,W,120,171,CE2,C,5.6174383
tcr_17_2,D,A,Y,W,120,171,CE2,CA,4.767646
tcr_17_2,D,A,Y,W,120,171,CE2,O,5.6643677
tcr_17_2,D,A,Y,W,120,171,CE2,N,4.6959543
tcr_17_2,D,A,Y,A,120,173,CE2,N,6.5114346
tcr_17_2,D,A,Y,K,120,170,CE2,C,4.07988
tcr_17_2,D,A,Y,A,120,173,CE2,CA,6.438681
tcr_17_2,D,A,Y,A,120,173,CE2,CB,6.26362
tcr_17_2,D,A,Y,K,120,170,CE2,O,3.4083874
tcr_17_2,D,A,Y,A,120,174,CE2,CA,4.1971574
tcr_17_2,D,A,Y,A,120,174,CE2,N,4.580803
tcr_17_2,D,A,Y,A,120,173,CE2,O,6.3551736
tcr_17_2,D,A,Y,A,120,173,CE2,C,5.67958
tcr_17_2,D,A,Y,A,120,174,CE2,CB,2.8024945
tcr_17_2,D,A,Y,A,120,174,CE2,C,5.308055
tcr_17_2,D,A,Y,W,120,171,CE2,CZ3,9.052134
tcr_17_2,D,A,Y,W,120,171,CE2,CD2,6.687547
tcr_17_2,D,A,Y,W,120,171,CE2,CB,5.73865
tcr_17_2,D,A,Y,W,120,171,CE2,CE3,8.044335
tcr_17_2,D,A,Y,W,120,157,CE2,CE2,9.746942
tcr_17_2,D,A,Y,W,120,157,CE2,CZ2,9.516693
tcr_17_2,D,A,Y,W,120,171,CE2,CH2,8.926939
tcr_17_2,D,A,Y,E,120,176,CE2,CD,6.202045
tcr_17_2,D,A,Y,W,120,171,CE2,CZ2,7.7592335
tcr_17_2,D,A,Y,W,120,171,CE2,CE2,6.537752
tcr_17_2,D,A,Y,E,120,176,CE2,O,9.031187
tcr_17_2,D,A,Y,E,120,176,CE2,CB,6.0026393
tcr_17_2,D,A,Y,W,120,171,CE2,CG,5.506242
tcr_17_2,D,A,Y,W,120,171,CE2,NE1,5.2599506
tcr_17_2,D,A,Y,E,120,176,CE2,CG,6.4883137
tcr_17_2,D,A,Y,W,120,171,CE2,CD1,4.5082865
tcr_17_2,D,A,Y,E,120,176,CE2,OE1,7.06146
tcr_17_2,D,A,Y,E,120,176,CE2,OE2,5.3880453
tcr_17_2,D,A,Y,Q,120,179,CE2,OE1,9.134967
tcr_17_2,D,A,Y,Q,120,179,CE2,CD,8.9534235
tcr_17_2,D,A,Y,R,120,169,CE2,CB,9.301065
tcr_17_2,D,A,Y,R,120,169,CE2,N,8.745731
tcr_17_2,D,A,Y,Q,120,168,CE2,CA,9.151317
tcr_17_2,D,A,Y,Q,120,168,CE2,N,8.959817
tcr_17_2,D,A,Y,R,120,169,CE2,CA,8.465188
tcr_17_2,D,A,Y,K,120,170,CE2,CA,4.8587623
tcr_17_2,D,A,Y,R,120,169,CE2,C,7.014155
tcr_17_2,D,A,Y,K,120,170,CE2,N,6.26252
tcr_17_2,D,A,Y,I,120,166,CE2,C,9.150602
tcr_17_2,D,A,Y,K,120,170,CE2,CG,3.7308023
tcr_17_2,D,A,Y,I,120,166,CE2,O,8.236851
tcr_17_2,D,A,Y,K,120,170,CE2,CB,4.8047323
tcr_17_2,D,A,Y,T,120,167,CE2,O,6.7394013
tcr_17_2,D,A,Y,K,120,170,CE2,CD,4.523968
tcr_17_2,D,A,Y,T,120,167,CE2,C,7.850052
tcr_17_2,D,A,Y,T,120,167,CE2,N,9.17808
tcr_17_2,D,A,Y,K,120,170,CE2,CE,4.2215056
tcr_17_2,D,A,Y,T,120,167,CE2,CA,8.158238
tcr_17_2,D,A,Y,Y,120,108,CE2,OH,9.277648
tcr_17_2,D,A,Y,K,120,170,CE2,NZ,5.4639606
tcr_17_2,D,A,Y,T,120,167,CE2,CG2,8.216408
tcr_17_2,D,A,Y,T,120,167,CE2,CB,8.88764
tcr_17_2,D,A,Y,T,120,167,CE2,OG1,9.393669
tcr_17_2,D,A,Y,I,120,104,CE2,CD1,9.834669
tcr_17_2,D,A,Y,Q,120,179,CZ,CG,9.9460745
tcr_17_2,D,A,Y,W,120,157,CZ,NE1,9.830878
tcr_17_2,D,A,Y,R,120,175,CZ,N,7.255913
tcr_17_2,D,A,Y,R,120,175,CZ,CB,9.397874
tcr_17_2,D,A,Y,R,120,175,CZ,CG,9.975907
tcr_17_2,D,A,Y,A,120,174,CZ,O,6.474326
tcr_17_2,D,A,Y,R,120,175,CZ,CA,8.343814
tcr_17_2,D,A,Y,R,120,175,CZ,C,8.060643
tcr_17_2,D,A,Y,R,120,175,CZ,O,8.89471
tcr_17_2,D,A,Y,Q,120,179,CZ,NE2,8.332494
tcr_17_2,D,A,Y,E,120,176,CZ,N,7.1188188
tcr_17_2,D,A,Y,A,120,177,CZ,N,9.2416725
tcr_17_2,D,A,Y,E,120,176,CZ,CA,7.082809
tcr_17_2,D,A,Y,E,120,176,CZ,C,8.518631
tcr_17_2,D,A,Y,E,120,172,CZ,N,7.474707
tcr_17_2,D,A,Y,Q,120,168,CZ,C,9.044942
tcr_17_2,D,A,Y,E,120,172,CZ,CB,9.750241
tcr_17_2,D,A,Y,Q,120,168,CZ,O,8.550124
tcr_17_2,D,A,Y,E,120,172,CZ,CA,8.588319
tcr_17_2,D,A,Y,E,120,172,CZ,O,8.822162
tcr_17_2,D,A,Y,R,120,169,CZ,O,7.8264604
tcr_17_2,D,A,Y,E,120,172,CZ,C,8.330079
tcr_17_2,D,A,Y,W,120,171,CZ,C,6.448501
tcr_17_2,D,A,Y,W,120,171,CZ,CA,5.3817916
tcr_17_2,D,A,Y,W,120,171,CZ,O,6.524918
tcr_17_2,D,A,Y,W,120,171,CZ,N,5.3498125
tcr_17_2,D,A,Y,A,120,173,CZ,N,7.7739563
tcr_17_2,D,A,Y,K,120,170,CZ,C,4.940666
tcr_17_2,D,A,Y,A,120,173,CZ,CA,7.8022246
tcr_17_2,D,A,Y,A,120,173,CZ,CB,7.6222243
tcr_17_2,D,A,Y,K,120,170,CZ,O,4.5247216
tcr_17_2,D,A,Y,A,120,174,CZ,CA,5.413072
tcr_17_2,D,A,Y,A,120,174,CZ,N,5.904723
tcr_17_2,D,A,Y,A,120,173,CZ,O,7.722133
tcr_17_2,D,A,Y,A,120,173,CZ,C,7.0523844
tcr_17_2,D,A,Y,A,120,174,CZ,CB,3.9282444
tcr_17_2,D,A,Y,A,120,174,CZ,C,6.3458056
tcr_17_2,D,A,Y,W,120,171,CZ,CZ3,8.631531
tcr_17_2,D,A,Y,W,120,171,CZ,CD2,6.408374
tcr_17_2,D,A,Y,W,120,171,CZ,CB,6.0400057
tcr_17_2,D,A,Y,W,120,171,CZ,CE3,7.797836
tcr_17_2,D,A,Y,W,120,157,CZ,CE2,9.931114
tcr_17_2,D,A,Y,W,120,157,CZ,CZ2,9.556086
tcr_17_2,D,A,Y,W,120,171,CZ,CH2,8.3052
tcr_17_2,D,A,Y,E,120,176,CZ,CD,5.83452
tcr_17_2,D,A,Y,W,120,171,CZ,CZ2,7.044849
tcr_17_2,D,A,Y,W,120,171,CZ,CE2,5.9750776
tcr_17_2,D,A,Y,E,120,176,CZ,O,9.143873
tcr_17_2,D,A,Y,E,120,176,CZ,CB,6.149293
tcr_17_2,D,A,Y,W,120,171,CZ,CG,5.457365
tcr_17_2,D,A,Y,W,120,171,CZ,NE1,4.6557994
tcr_17_2,D,A,Y,E,120,176,CZ,CG,6.2949495
tcr_17_2,D,A,Y,W,120,171,CZ,CD1,4.2679834
tcr_17_2,D,A,Y,E,120,176,CZ,OE1,6.4926085
tcr_17_2,D,A,Y,E,120,176,CZ,OE2,5.131509
tcr_17_2,D,A,Y,Q,120,179,CZ,OE1,8.958554
tcr_17_2,D,A,Y,T,120,97,CZ,CG2,8.9177
tcr_17_2,D,A,Y,Q,120,179,CZ,CD,8.966189
tcr_17_2,D,A,Y,R,120,169,CZ,N,9.382476
tcr_17_2,D,A,Y,Q,120,168,CZ,CA,9.522547
tcr_17_2,D,A,Y,Q,120,168,CZ,N,9.174392
tcr_17_2,D,A,Y,R,120,169,CZ,CA,9.282519
tcr_17_2,D,A,Y,K,120,170,CZ,CA,5.6188073
tcr_17_2,D,A,Y,R,120,169,CZ,C,7.8995633
tcr_17_2,D,A,Y,K,120,170,CZ,N,6.9926124
tcr_17_2,D,A,Y,I,120,166,CZ,C,9.332715
tcr_17_2,D,A,Y,K,120,170,CZ,CG,3.998995
tcr_17_2,D,A,Y,I,120,166,CZ,O,8.557284
tcr_17_2,D,A,Y,K,120,170,CZ,CB,5.212256
tcr_17_2,D,A,Y,T,120,167,CZ,O,6.9432387
tcr_17_2,D,A,Y,K,120,170,CZ,CD,4.3159995
tcr_17_2,D,A,Y,T,120,167,CZ,C,7.977917
tcr_17_2,D,A,Y,T,120,167,CZ,N,9.195339
tcr_17_2,D,A,Y,K,120,170,CZ,CE,3.6953263
tcr_17_2,D,A,Y,T,120,167,CZ,CA,8.098281
tcr_17_2,D,A,Y,Y,120,108,CZ,OH,8.894925
tcr_17_2,D,A,Y,K,120,170,CZ,NZ,4.667546
tcr_17_2,D,A,Y,T,120,167,CZ,CG2,7.834123
tcr_17_2,D,A,Y,T,120,167,CZ,CB,8.62522
tcr_17_2,D,A,Y,T,120,167,CZ,OG1,8.993044
tcr_17_2,D,A,Y,N,120,101,CZ,CG,9.903341
tcr_17_2,D,A,Y,N,120,101,CZ,OD1,8.869421
tcr_17_2,D,A,Y,I,120,104,CZ,CD1,8.781047
tcr_17_2,D,A,Y,Q,120,179,OH,CG,9.917084
tcr_17_2,D,A,Y,W,120,157,OH,CD2,9.840627
tcr_17_2,D,A,Y,W,120,157,OH,CD1,9.865692
tcr_17_2,D,A,Y,W,120,157,OH,NE1,9.039625
tcr_17_2,D,A,Y,W,120,157,OH,CZ3,9.865418
tcr_17_2,D,A,Y,I,120,148,OH,CD1,9.728444
tcr_17_2,D,A,Y,R,120,175,OH,N,7.525379
tcr_17_2,D,A,Y,R,120,175,OH,CB,9.66626
tcr_17_2,D,A,Y,A,120,174,OH,O,6.9309664
tcr_17_2,D,A,Y,R,120,175,OH,CA,8.476686
tcr_17_2,D,A,Y,R,120,175,OH,C,8.023455
tcr_17_2,D,A,Y,R,120,175,OH,O,8.840434
tcr_17_2,D,A,Y,Q,120,179,OH,NE2,8.565351
tcr_17_2,D,A,Y,E,120,176,OH,N,6.9342465
tcr_17_2,D,A,Y,A,120,177,OH,N,8.720505
tcr_17_2,D,A,Y,E,120,176,OH,CA,6.6957464
tcr_17_2,D,A,Y,E,120,176,OH,C,8.0171585
tcr_17_2,D,A,Y,E,120,172,OH,N,7.2267475
tcr_17_2,D,A,Y,Q,120,168,OH,C,8.501288
tcr_17_2,D,A,Y,E,120,172,OH,CB,9.604185
tcr_17_2,D,A,Y,Q,120,168,OH,O,8.0600815
tcr_17_2,D,A,Y,E,120,172,OH,CA,8.47024
tcr_17_2,D,A,Y,E,120,172,OH,O,9.020513
tcr_17_2,D,A,Y,R,120,169,OH,O,7.9023657
tcr_17_2,D,A,Y,E,120,172,OH,C,8.457185
tcr_17_2,D,A,Y,W,120,171,OH,C,6.1586833
tcr_17_2,D,A,Y,W,120,171,OH,CA,4.9063168
tcr_17_2,D,A,Y,W,120,171,OH,O,6.3304734
tcr_17_2,D,A,Y,W,120,171,OH,N,4.9632325
tcr_17_2,D,A,Y,A,120,173,OH,N,8.031288
tcr_17_2,D,A,Y,K,120,170,OH,C,4.8723645
tcr_17_2,D,A,Y,A,120,173,OH,CA,8.298782
tcr_17_2,D,A,Y,A,120,173,OH,CB,8.213017
tcr_17_2,D,A,Y,K,120,170,OH,O,4.7413955
tcr_17_2,D,A,Y,A,120,174,OH,CA,6.027917
tcr_17_2,D,A,Y,A,120,174,OH,N,6.4379435
tcr_17_2,D,A,Y,A,120,173,OH,O,8.451188
tcr_17_2,D,A,Y,A,120,173,OH,C,7.660998
tcr_17_2,D,A,Y,A,120,174,OH,CB,4.5276256
tcr_17_2,D,A,Y,A,120,174,OH,C,6.7789106
tcr_17_2,D,A,Y,W,120,171,OH,CZ3,7.33668
tcr_17_2,D,A,Y,W,120,171,OH,CD2,5.1965213
tcr_17_2,D,A,Y,W,120,171,OH,CB,5.243355
tcr_17_2,D,A,Y,W,120,171,OH,CE3,6.5847697
tcr_17_2,D,A,Y,W,120,157,OH,CE2,8.999281
tcr_17_2,D,A,Y,W,120,157,OH,CH2,9.048154
tcr_17_2,D,A,Y,W,120,157,OH,CZ2,8.573993
tcr_17_2,D,A,Y,W,120,171,OH,CH2,6.9551573
tcr_17_2,D,A,Y,Y,120,140,OH,CE1,9.57728
tcr_17_2,D,A,Y,Y,120,140,OH,CZ,9.294439
tcr_17_2,D,A,Y,Y,120,140,OH,CE2,9.861966
tcr_17_2,D,A,Y,E,120,176,OH,CD,5.168541
tcr_17_2,D,A,Y,W,120,171,OH,CZ2,5.6846056
tcr_17_2,D,A,Y,Y,120,140,OH,OH,8.747542
tcr_17_2,D,A,Y,W,120,171,OH,CE2,4.651207
tcr_17_2,D,A,Y,E,120,176,OH,O,8.610332
tcr_17_2,D,A,Y,E,120,176,OH,CB,5.5463495
tcr_17_2,D,A,Y,W,120,171,OH,CG,4.4121866
tcr_17_2,D,A,Y,W,120,171,OH,NE1,3.3419247
tcr_17_2,D,A,Y,E,120,176,OH,CG,5.492672
tcr_17_2,D,A,Y,W,120,171,OH,CD1,3.1524549
tcr_17_2,D,A,Y,E,120,176,OH,OE1,5.7481294
tcr_17_2,D,A,Y,N,120,101,OH,ND2,8.96391
tcr_17_2,D,A,Y,E,120,176,OH,OE2,4.7344623
tcr_17_2,D,A,Y,T,120,97,OH,OG1,9.632286
tcr_17_2,D,A,Y,Q,120,179,OH,OE1,8.92762
tcr_17_2,D,A,Y,T,120,97,OH,CG2,8.183967
tcr_17_2,D,A,Y,Q,120,179,OH,CD,9.017121
tcr_17_2,D,A,Y,T,120,97,OH,CB,9.588012
tcr_17_2,D,A,Y,R,120,169,OH,CB,9.997166
tcr_17_2,D,A,Y,R,120,169,OH,N,8.968263
tcr_17_2,D,A,Y,Q,120,168,OH,CA,8.783649
tcr_17_2,D,A,Y,Q,120,168,OH,N,8.383344
tcr_17_2,D,A,Y,R,120,169,OH,CA,9.079621
tcr_17_2,D,A,Y,K,120,170,OH,CA,5.6041055
tcr_17_2,D,A,Y,R,120,169,OH,C,7.815274
tcr_17_2,D,A,Y,K,120,170,OH,N,6.839686
tcr_17_2,D,A,Y,I,120,166,OH,C,8.805015
tcr_17_2,D,A,Y,K,120,170,OH,CG,4.064725
tcr_17_2,D,A,Y,I,120,166,OH,O,8.152056
tcr_17_2,D,A,Y,K,120,170,OH,CB,5.064475
tcr_17_2,D,A,Y,T,120,167,OH,O,6.185569
tcr_17_2,D,A,Y,K,120,170,OH,CD,4.175304
tcr_17_2,D,A,Y,T,120,167,OH,C,7.179216
tcr_17_2,D,A,Y,T,120,167,OH,N,8.494106
tcr_17_2,D,A,Y,K,120,170,OH,CE,3.7610097
tcr_17_2,D,A,Y,T,120,167,OH,CA,7.2813168
tcr_17_2,D,A,Y,Y,120,108,OH,OH,8.483437
tcr_17_2,D,A,Y,K,120,170,OH,NZ,4.5017557
tcr_17_2,D,A,Y,T,120,167,OH,CG2,6.701286
tcr_17_2,D,A,Y,T,120,167,OH,CB,7.629782
tcr_17_2,D,A,Y,Y,120,108,OH,CZ,9.638438
tcr_17_2,D,A,Y,T,120,167,OH,OG1,8.024058
tcr_17_2,D,A,Y,Y,120,108,OH,CE2,9.745713
tcr_17_2,D,A,Y,I,120,104,OH,CG2,9.711626
tcr_17_2,D,A,Y,N,120,101,OH,CG,8.896715
tcr_17_2,D,A,Y,N,120,101,OH,OD1,7.934122
tcr_17_2,D,A,Y,I,120,104,OH,CG1,9.763381
tcr_17_2,D,A,Y,I,120,104,OH,CD1,8.346652
tcr_17_2,D,A,Y,E,120,100,OH,OE2,9.935716
tcr_17_2,D,A,N,A,121,174,N,O,8.909333
tcr_17_2,D,A,N,K,121,170,N,C,9.627055
tcr_17_2,D,A,N,A,121,173,N,CA,9.123998
tcr_17_2,D,A,N,A,121,173,N,CB,8.466302
tcr_17_2,D,A,N,K,121,170,N,O,8.648709
tcr_17_2,D,A,N,A,121,174,N,CA,7.70817
tcr_17_2,D,A,N,A,121,174,N,N,8.148053
tcr_17_2,D,A,N,A,121,173,N,O,7.9364467
tcr_17_2,D,A,N,A,121,173,N,C,8.245666
tcr_17_2,D,A,N,A,121,174,N,CB,7.4777293
tcr_17_2,D,A,N,A,121,174,N,C,8.896461
tcr_17_2,D,A,N,K,121,170,N,CA,9.775448
tcr_17_2,D,A,N,K,121,170,N,CG,8.721057
tcr_17_2,D,A,N,K,121,170,N,CB,9.897737
tcr_17_2,D,A,N,K,121,170,N,CD,9.355764
tcr_17_2,D,A,N,K,121,170,N,CE,8.593779
tcr_17_2,D,A,N,K,121,170,N,NZ,9.617991
tcr_17_2,D,A,N,A,121,174,CA,O,9.681842
tcr_17_2,D,A,N,A,121,173,CA,CB,9.56299
tcr_17_2,D,A,N,K,121,170,CA,O,9.985574
tcr_17_2,D,A,N,A,121,174,CA,CA,8.702264
tcr_17_2,D,A,N,A,121,174,CA,N,9.214832
tcr_17_2,D,A,N,A,121,173,CA,O,8.754976
tcr_17_2,D,A,N,A,121,173,CA,C,9.222732
tcr_17_2,D,A,N,A,121,174,CA,CB,8.595838
tcr_17_2,D,A,N,A,121,174,CA,C,9.770337
tcr_17_2,D,A,N,A,121,174,C,CA,9.808404
tcr_17_2,D,A,N,A,121,173,C,O,9.525779
tcr_17_2,D,A,N,A,121,174,C,CB,9.792645
tcr_17_2,D,A,N,A,121,174,CB,O,8.912652
tcr_17_2,D,A,N,A,121,173,CB,CA,9.806723
tcr_17_2,D,A,N,A,121,173,CB,CB,9.420062
tcr_17_2,D,A,N,A,121,174,CB,CA,8.188804
tcr_17_2,D,A,N,A,121,174,CB,N,8.80687
tcr_17_2,D,A,N,A,121,173,CB,O,8.118685
tcr_17_2,D,A,N,A,121,173,CB,C,8.750726
tcr_17_2,D,A,N,A,121,174,CB,CB,8.278959
tcr_17_2,D,A,N,A,121,174,CB,C,9.088699
tcr_17_2,D,A,N,R,121,175,CG,N,9.8511915
tcr_17_2,D,A,N,A,121,174,CG,O,8.266963
tcr_17_2,D,A,N,Q,121,179,CG,NE2,9.4893
tcr_17_2,D,A,N,A,121,173,CG,CB,9.85046
tcr_17_2,D,A,N,A,121,174,CG,CA,7.886458
tcr_17_2,D,A,N,A,121,174,CG,N,8.728899
tcr_17_2,D,A,N,A,121,173,CG,O,8.242235
tcr_17_2,D,A,N,A,121,173,CG,C,8.852326
tcr_17_2,D,A,N,A,121,174,CG,CB,7.866831
tcr_17_2,D,A,N,A,121,174,CG,C,8.630238
tcr_17_2,D,A,N,A,121,174,OD1,O,8.881629
tcr_17_2,D,A,N,Q,121,179,OD1,NE2,9.621192
tcr_17_2,D,A,N,A,121,174,OD1,CA,8.602264
tcr_17_2,D,A,N,A,121,174,OD1,N,9.517571
tcr_17_2,D,A,N,A,121,173,OD1,O,9.231973
tcr_17_2,D,A,N,A,121,173,OD1,C,9.762464
tcr_17_2,D,A,N,A,121,174,OD1,CB,8.401667
tcr_17_2,D,A,N,A,121,174,OD1,C,9.327858
tcr_17_2,D,A,N,R,121,175,ND2,N,8.862907
tcr_17_2,D,A,N,R,121,175,ND2,CB,9.561173
tcr_17_2,D,A,N,R,121,175,ND2,CG,9.450096
tcr_17_2,D,A,N,R,121,175,ND2,NE,9.676458
tcr_17_2,D,A,N,R,121,175,ND2,CD,9.5807705
tcr_17_2,D,A,N,A,121,174,ND2,O,7.218394
tcr_17_2,D,A,N,R,121,175,ND2,CA,9.81752
tcr_17_2,D,A,N,Q,121,179,ND2,NE2,8.432483
tcr_17_2,D,A,N,A,121,173,ND2,CA,9.457498
tcr_17_2,D,A,N,A,121,173,ND2,CB,9.430013
tcr_17_2,D,A,N,K,121,170,ND2,O,9.625593
tcr_17_2,D,A,N,A,121,174,ND2,CA,7.0782003
tcr_17_2,D,A,N,A,121,174,ND2,N,8.018307
tcr_17_2,D,A,N,A,121,173,ND2,O,7.4627333
tcr_17_2,D,A,N,A,121,173,ND2,C,8.145895
tcr_17_2,D,A,N,A,121,174,ND2,CB,7.1931806
tcr_17_2,D,A,N,A,121,174,ND2,C,7.658445
tcr_17_2,D,A,N,E,121,176,ND2,OE2,9.866941
tcr_17_2,D,A,N,Q,121,179,ND2,CD,9.72063
tcr_17_2,D,A,D,A,122,173,N,CB,9.494323
tcr_17_2,D,A,D,A,122,174,N,CA,9.805406
tcr_17_2,D,A,D,A,122,174,N,N,9.975267
tcr_17_2,D,A,D,A,122,173,N,O,9.335208
tcr_17_2,D,A,D,A,122,173,N,C,9.75504
tcr_17_2,D,A,D,A,122,174,N,CB,9.8098955
tcr_17_2,D,A,D,A,122,173,CB,CB,9.542259
tcr_17_2,D,A,D,A,122,173,CB,O,9.957042
tcr_17_2,E,A,Q,R,44,86,CD,NH1,9.964502
tcr_17_2,E,A,Q,Q,44,89,CD,NE2,9.62702
tcr_17_2,E,A,Q,R,44,86,OE1,NH2,9.853127
tcr_17_2,E,A,Q,R,44,86,OE1,NH1,9.429613
tcr_17_2,E,A,Q,Q,44,89,OE1,CD,9.768228
tcr_17_2,E,A,Q,Q,44,89,OE1,NE2,8.671985
tcr_17_2,E,A,Q,R,44,86,NE2,NH2,9.32088
tcr_17_2,E,A,Q,R,44,86,NE2,CZ,9.908677
tcr_17_2,E,A,Q,R,44,86,NE2,NH1,9.371636
tcr_17_2,E,A,Q,Q,44,89,NE2,NE2,9.601527
tcr_17_2,E,A,D,Q,45,89,N,NE2,9.54759
tcr_17_2,E,A,D,R,45,86,CA,NH1,9.757606
tcr_17_2,E,A,D,Q,45,89,CA,OE1,9.719504
tcr_17_2,E,A,D,Q,45,89,CA,CD,9.645353
tcr_17_2,E,A,D,Q,45,89,CA,NE2,8.522913
tcr_17_2,E,A,D,R,45,86,C,NH2,9.861795
tcr_17_2,E,A,D,R,45,86,C,CZ,9.750019
tcr_17_2,E,A,D,R,45,86,C,NH1,8.735822
tcr_17_2,E,A,D,Q,45,89,C,OE1,8.481611
tcr_17_2,E,A,D,Q,45,89,C,CD,8.296973
tcr_17_2,E,A,D,Q,45,89,C,NE2,7.1223207
tcr_17_2,E,A,D,Q,45,89,C,CG,9.559342
tcr_17_2,E,A,D,R,45,86,O,NH2,9.381533
tcr_17_2,E,A,D,R,45,86,O,CZ,9.123391
tcr_17_2,E,A,D,R,45,86,O,NH1,8.054358
tcr_17_2,E,A,D,Q,45,89,O,CB,9.873449
tcr_17_2,E,A,D,Q,45,89,O,OE1,7.5469513
tcr_17_2,E,A,D,Q,45,89,O,CD,7.387782
tcr_17_2,E,A,D,Q,45,89,O,NE2,6.240839
tcr_17_2,E,A,D,Q,45,89,O,CG,8.679107
tcr_17_2,E,A,D,Q,45,89,CB,NE2,9.183914
tcr_17_2,E,A,D,Q,45,89,CG,NE2,9.5856
tcr_17_2,E,A,D,Q,45,89,OD1,NE2,9.552618
tcr_17_2,E,A,M,R,46,86,N,NH2,9.877233
tcr_17_2,E,A,M,R,46,86,N,CZ,9.853134
tcr_17_2,E,A,M,R,46,86,N,NH1,8.827136
tcr_17_2,E,A,M,Q,46,89,N,OE1,8.6338215
tcr_17_2,E,A,M,Q,46,89,N,CD,8.321015
tcr_17_2,E,A,M,Q,46,89,N,NE2,7.096362
tcr_17_2,E,A,M,Q,46,89,N,CG,9.4737
tcr_17_2,E,A,M,R,46,86,CA,NH2,9.465148
tcr_17_2,E,A,M,R,46,86,CA,CZ,9.380598
tcr_17_2,E,A,M,R,46,86,CA,NH1,8.277166
tcr_17_2,E,A,M,Q,46,89,CA,CB,9.825345
tcr_17_2,E,A,M,Q,46,89,CA,OE1,7.8560457
tcr_17_2,E,A,M,Q,46,89,CA,CD,7.3809094
tcr_17_2,E,A,M,Q,46,89,CA,NE2,6.1139135
tcr_17_2,E,A,M,Q,46,89,CA,CG,8.3974285
tcr_17_2,E,A,M,T,46,93,CA,OG1,9.68095
tcr_17_2,E,A,M,R,46,86,C,NH2,8.077518
tcr_17_2,E,A,M,R,46,86,C,CZ,8.0706
tcr_17_2,E,A,M,R,46,86,C,NE,9.266358
tcr_17_2,E,A,M,R,46,86,C,CD,9.680292
tcr_17_2,E,A,M,R,46,86,C,NH1,7.0125766
tcr_17_2,E,A,M,Q,46,89,C,CB,8.934007
tcr_17_2,E,A,M,Q,46,89,C,OE1,6.9060583
tcr_17_2,E,A,M,Q,46,89,C,CD,6.484816
tcr_17_2,E,A,M,Q,46,89,C,NE2,5.306272
tcr_17_2,E,A,M,Q,46,89,C,CG,7.5120273
tcr_17_2,E,A,M,T,46,93,C,CG2,9.4809
tcr_17_2,E,A,M,T,46,93,C,CB,9.744329
tcr_17_2,E,A,M,T,46,93,C,OG1,8.60836
tcr_17_2,E,A,M,Q,46,89,C,O,9.815149
tcr_17_2,E,A,M,R,46,86,O,NH2,7.8317795
tcr_17_2,E,A,M,R,46,86,O,CZ,7.782351
tcr_17_2,E,A,M,R,46,86,O,NE,8.974248
tcr_17_2,E,A,M,R,46,86,O,CD,9.366531
tcr_17_2,E,A,M,R,46,86,O,NH1,6.688818
tcr_17_2,E,A,M,Q,46,89,O,CB,8.174893
tcr_17_2,E,A,M,Q,46,89,O,OE1,6.4205165
tcr_17_2,E,A,M,Q,46,89,O,CD,5.8486824
tcr_17_2,E,A,M,Q,46,89,O,NE2,4.693272
tcr_17_2,E,A,M,Q,46,89,O,CA,9.148726
tcr_17_2,E,A,M,I,46,90,O,N,9.681313
tcr_17_2,E,A,M,Q,46,89,O,CG,6.69996
tcr_17_2,E,A,M,T,46,93,O,CG2,8.294462
tcr_17_2,E,A,M,T,46,93,O,CB,8.556385
tcr_17_2,E,A,M,T,46,93,O,OG1,7.4251738
tcr_17_2,E,A,M,Q,46,89,O,O,8.7639265
tcr_17_2,E,A,M,Q,46,89,O,C,9.082471
tcr_17_2,E,A,M,T,46,93,O,CA,9.665716
tcr_17_2,E,A,M,R,46,86,CB,NH1,9.461368
tcr_17_2,E,A,M,Q,46,89,CB,OE1,8.975203
tcr_17_2,E,A,M,Q,46,89,CB,CD,8.360034
tcr_17_2,E,A,M,Q,46,89,CB,NE2,7.0796065
tcr_17_2,E,A,M,Q,46,89,CB,CG,9.1943865
tcr_17_2,E,A,M,T,46,93,CB,OG1,9.860343
tcr_17_2,E,A,M,Q,46,89,CG,OE1,9.996606
tcr_17_2,E,A,M,Q,46,89,CG,CD,9.350156
tcr_17_2,E,A,M,Q,46,89,CG,NE2,8.038915
tcr_17_2,E,A,M,Q,46,89,SD,NE2,9.443595
tcr_17_2,E,A,N,R,47,86,N,NH2,7.3764305
tcr_17_2,E,A,N,R,47,86,N,CZ,7.500944
tcr_17_2,E,A,N,R,47,86,N,NE,8.724478
tcr_17_2,E,A,N,R,47,86,N,CD,9.268928
tcr_17_2,E,A,N,R,47,86,N,NH1,6.5668273
tcr_17_2,E,A,N,Q,47,89,N,CB,9.235754
tcr_17_2,E,A,N,Q,47,89,N,OE1,6.9516034
tcr_17_2,E,A,N,Q,47,89,N,CD,6.7476845
tcr_17_2,E,A,N,Q,47,89,N,NE2,5.6967044
tcr_17_2,E,A,N,Q,47,89,N,CG,7.9088435
tcr_17_2,E,A,N,T,47,93,N,CG2,9.953492
tcr_17_2,E,A,N,T,47,93,N,OG1,9.14876
tcr_17_2,E,A,N,R,47,86,CA,NH2,6.140573
tcr_17_2,E,A,N,R,47,86,CA,CZ,6.4257503
tcr_17_2,E,A,N,R,47,86,CA,NE,7.7030654
tcr_17_2,E,A,N,R,47,86,CA,CD,8.41969
tcr_17_2,E,A,N,R,47,86,CA,CG,9.921016
tcr_17_2,E,A,N,R,47,86,CA,NH1,5.6296616
tcr_17_2,E,A,N,I,47,90,CA,CG1,9.615072
tcr_17_2,E,A,N,Q,47,89,CA,CB,8.841508
tcr_17_2,E,A,N,Q,47,89,CA,OE1,6.539473
tcr_17_2,E,A,N,Q,47,89,CA,CD,6.4621277
tcr_17_2,E,A,N,Q,47,89,CA,NE2,5.617791
tcr_17_2,E,A,N,Q,47,89,CA,CA,9.985
tcr_17_2,E,A,N,Q,47,89,CA,CG,7.597117
tcr_17_2,E,A,N,T,47,93,CA,CG2,9.287275
tcr_17_2,E,A,N,T,47,93,CA,CB,9.593045
tcr_17_2,E,A,N,T,47,93,CA,OG1,8.606245
tcr_17_2,E,A,N,Q,47,89,CA,O,9.719237
tcr_17_2,E,A,N,Q,47,89,CA,C,9.80546
tcr_17_2,E,A,N,R,47,86,C,NH2,6.5327497
tcr_17_2,E,A,N,R,47,86,C,CZ,6.977576
tcr_17_2,E,A,N,R,47,86,C,NE,8.294449
tcr_17_2,E,A,N,R,47,86,C,CD,9.127895
tcr_17_2,E,A,N,R,47,86,C,NH1,6.2781086
tcr_17_2,E,A,N,I,47,90,C,CG1,9.611607
tcr_17_2,E,A,N,Q,47,89,C,CB,9.286463
tcr_17_2,E,A,N,Q,47,89,C,OE1,7.29231
tcr_17_2,E,A,N,Q,47,89,C,CD,7.084542
tcr_17_2,E,A,N,Q,47,89,C,NE2,6.2937264
tcr_17_2,E,A,N,Q,47,89,C,CG,7.9958086
tcr_17_2,E,A,N,T,47,93,C,CG2,8.419387
tcr_17_2,E,A,N,T,47,93,C,CB,8.943011
tcr_17_2,E,A,N,T,47,93,C,OG1,8.109191
tcr_17_2,E,A,N,Q,47,89,C,O,9.623869
tcr_17_2,E,A,N,Q,47,89,C,C,9.866398
tcr_17_2,E,A,N,R,47,86,O,NH2,5.9795337
tcr_17_2,E,A,N,R,47,86,O,CZ,6.465815
tcr_17_2,E,A,N,R,47,86,O,NE,7.7750463
tcr_17_2,E,A,N,R,47,86,O,CD,8.659952
tcr_17_2,E,A,N,R,47,86,O,NH1,5.837444
tcr_17_2,E,A,N,I,47,90,O,CG1,8.653813
tcr_17_2,E,A,N,Q,47,89,O,CB,8.730537
tcr_17_2,E,A,N,Q,47,89,O,OE1,6.9669337
tcr_17_2,E,A,N,I,47,90,O,CD1,9.546324
tcr_17_2,E,A,N,Q,47,89,O,CD,6.737964
tcr_17_2,E,A,N,Q,47,89,O,NE2,6.1096625
tcr_17_2,E,A,N,Q,47,89,O,CA,9.5882635
tcr_17_2,E,A,N,I,47,90,O,N,9.217633
tcr_17_2,E,A,N,Q,47,89,O,CG,7.489104
tcr_17_2,E,A,N,I,47,90,O,CB,9.574393
tcr_17_2,E,A,N,Q,47,179,O,OE1,9.679803
tcr_17_2,E,A,N,T,47,93,O,CG2,7.3575754
tcr_17_2,E,A,N,T,47,93,O,CB,7.9086113
tcr_17_2,E,A,N,T,47,93,O,OG1,7.169518
tcr_17_2,E,A,N,I,47,90,O,CG2,9.9605875
tcr_17_2,E,A,N,Q,47,89,O,O,8.768959
tcr_17_2,E,A,N,Q,47,89,O,C,9.049395
tcr_17_2,E,A,N,I,47,90,O,CA,9.13426
tcr_17_2,E,A,N,T,47,93,O,CA,9.3244505
tcr_17_2,E,A,N,R,47,86,CB,NH2,5.0008745
tcr_17_2,E,A,N,R,47,86,CB,CZ,5.0822372
tcr_17_2,E,A,N,R,47,86,CB,NE,6.325988
tcr_17_2,E,A,N,R,47,86,CB,CD,6.945228
tcr_17_2,E,A,N,R,47,86,CB,CG,8.459769
tcr_17_2,E,A,N,R,47,86,CB,CB,9.285444
tcr_17_2,E,A,N,R,47,86,CB,CA,9.209993
tcr_17_2,E,A,N,R,47,86,CB,C,9.704074
tcr_17_2,E,A,N,R,47,86,CB,NH1,4.172537
tcr_17_2,E,A,N,R,47,86,CB,O,9.029544
tcr_17_2,E,A,N,I,47,90,CB,CG1,8.349512
tcr_17_2,E,A,N,Q,47,89,CB,CB,7.439499
tcr_17_2,E,A,N,Q,47,89,CB,OE1,5.045696
tcr_17_2,E,A,N,I,47,90,CB,CD1,9.079329
tcr_17_2,E,A,N,Q,47,89,CB,CD,5.075138
tcr_17_2,E,A,N,Q,47,89,CB,NE2,4.3676767
tcr_17_2,E,A,N,Q,47,89,CB,N,9.804759
tcr_17_2,E,A,N,Q,47,89,CB,CA,8.646791
tcr_17_2,E,A,N,I,47,90,CB,N,8.751683
tcr_17_2,E,A,N,Q,47,89,CB,CG,6.2843194
tcr_17_2,E,A,N,I,47,90,CB,CB,9.465047
tcr_17_2,E,A,N,D,47,85,CB,O,9.98229
tcr_17_2,E,A,N,T,47,93,CB,CG2,8.818199
tcr_17_2,E,A,N,T,47,93,CB,CB,8.89769
tcr_17_2,E,A,N,T,47,93,CB,OG1,7.839714
tcr_17_2,E,A,N,Q,47,89,CB,O,8.5805
tcr_17_2,E,A,N,Q,47,89,CB,C,8.539257
tcr_17_2,E,A,N,I,47,90,CB,CA,9.083378
tcr_17_2,E,A,N,R,47,86,CG,NH2,3.7379665
tcr_17_2,E,A,N,R,47,86,CG,CZ,4.00836
tcr_17_2,E,A,N,R,47,86,CG,NE,5.2647395
tcr_17_2,E,A,N,R,47,86,CG,CD,6.0844855
tcr_17_2,E,A,N,R,47,86,CG,CG,7.545104
tcr_17_2,E,A,N,R,47,86,CG,N,9.740474
tcr_17_2,E,A,N,R,47,86,CG,CB,8.520332
tcr_17_2,E,A,N,R,47,86,CG,CA,8.668007
tcr_17_2,E,A,N,R,47,86,CG,C,9.180596
tcr_17_2,E,A,N,R,47,86,CG,NH1,3.3864975
tcr_17_2,E,A,N,R,47,86,CG,O,8.57382
tcr_17_2,E,A,N,I,47,90,CG,CG1,7.765606
tcr_17_2,E,A,N,Q,47,89,CG,CB,7.596049
tcr_17_2,E,A,N,Q,47,89,CG,OE1,5.0928884
tcr_17_2,E,A,N,I,47,90,CG,CD1,8.277927
tcr_17_2,E,A,N,Q,47,89,CG,CD,5.4416823
tcr_17_2,E,A,N,Q,47,89,CG,NE2,5.061544
tcr_17_2,E,A,N,Q,47,89,CG,N,9.857431
tcr_17_2,E,A,N,Q,47,89,CG,CA,8.832979
tcr_17_2,E,A,N,I,47,90,CG,N,8.652108
tcr_17_2,E,A,N,Q,47,89,CG,CG,6.675654
tcr_17_2,E,A,N,I,47,90,CG,CB,9.039772
tcr_17_2,E,A,N,D,47,85,CG,O,9.847963
tcr_17_2,E,A,N,T,47,93,CG,CG2,9.290485
tcr_17_2,E,A,N,T,47,93,CG,CB,9.31801
tcr_17_2,E,A,N,T,47,93,CG,OG1,8.363235
tcr_17_2,E,A,N,I,47,90,CG,CG2,9.772691
tcr_17_2,E,A,N,Q,47,89,CG,O,8.859466
tcr_17_2,E,A,N,Q,47,89,CG,C,8.664807
tcr_17_2,E,A,N,I,47,90,CG,CA,8.90585
tcr_17_2,E,A,N,R,47,86,OD1,NH2,3.4745715
tcr_17_2,E,A,N,R,47,86,OD1,CZ,4.1251807
tcr_17_2,E,A,N,R,47,86,OD1,NE,5.399321
tcr_17_2,E,A,N,R,47,86,OD1,CD,6.451046
tcr_17_2,E,A,N,R,47,86,OD1,CG,7.82413
tcr_17_2,E,A,N,R,47,86,OD1,CB,8.957096
tcr_17_2,E,A,N,R,47,86,OD1,CA,9.210279
tcr_17_2,E,A,N,R,47,86,OD1,C,9.610104
tcr_17_2,E,A,N,R,47,86,OD1,NH1,3.8400364
tcr_17_2,E,A,N,R,47,86,OD1,O,8.962508
tcr_17_2,E,A,N,I,47,90,OD1,CG1,7.748774
tcr_17_2,E,A,N,Q,47,89,OD1,CB,8.317867
tcr_17_2,E,A,N,Q,47,89,OD1,OE1,5.972431
tcr_17_2,E,A,N,I,47,90,OD1,CD1,8.179979
tcr_17_2,E,A,N,Q,47,89,OD1,CD,6.341894
tcr_17_2,E,A,N,Q,47,89,OD1,NE2,6.0630665
tcr_17_2,E,A,N,Q,47,89,OD1,CA,9.460248
tcr_17_2,E,A,N,I,47,90,OD1,N,8.981918
tcr_17_2,E,A,N,Q,47,89,OD1,CG,7.454247
tcr_17_2,E,A,N,I,47,90,OD1,CB,9.056077
tcr_17_2,E,A,N,T,47,93,OD1,CG2,9.284494
tcr_17_2,E,A,N,T,47,93,OD1,CB,9.436375
tcr_17_2,E,A,N,T,47,93,OD1,OG1,8.628546
tcr_17_2,E,A,N,I,47,90,OD1,CG2,9.618819
tcr_17_2,E,A,N,Q,47,89,OD1,O,9.285572
tcr_17_2,E,A,N,Q,47,89,OD1,C,9.122538
tcr_17_2,E,A,N,I,47,90,OD1,CA,9.048522
tcr_17_2,E,A,N,R,47,86,ND2,NH2,3.4092827
tcr_17_2,E,A,N,R,47,86,ND2,CZ,3.394811
tcr_17_2,E,A,N,R,47,86,ND2,NE,4.5016017
tcr_17_2,E,A,N,R,47,86,ND2,CD,5.180173
tcr_17_2,E,A,N,R,47,86,ND2,CG,6.629718
tcr_17_2,E,A,N,R,47,86,ND2,N,8.78073
tcr_17_2,E,A,N,R,47,86,ND2,CB,7.523439
tcr_17_2,E,A,N,R,47,86,ND2,CA,7.767862
tcr_17_2,E,A,N,E,47,82,ND2,O,9.737341
tcr_17_2,E,A,N,R,47,86,ND2,C,8.44065
tcr_17_2,E,A,N,R,47,86,ND2,NH1,2.7740772
tcr_17_2,E,A,N,R,47,86,ND2,O,7.9798536
tcr_17_2,E,A,N,I,47,90,ND2,CG1,7.5875225
tcr_17_2,E,A,N,Q,47,89,ND2,CB,7.204456
tcr_17_2,E,A,N,Q,47,89,ND2,OE1,4.523132
tcr_17_2,E,A,N,I,47,90,ND2,CD1,7.951981
tcr_17_2,E,A,N,Q,47,89,ND2,CD,5.120273
tcr_17_2,E,A,N,Q,47,89,ND2,NE2,4.9054747
tcr_17_2,E,A,N,Q,47,89,ND2,N,9.435698
tcr_17_2,E,A,N,Q,47,89,ND2,CA,8.549121
tcr_17_2,E,A,N,I,47,90,ND2,N,8.486894
tcr_17_2,E,A,N,Q,47,89,ND2,CG,6.46857
tcr_17_2,E,A,N,I,47,90,ND2,CB,8.93096
tcr_17_2,E,A,N,N,47,87,ND2,N,9.703711
tcr_17_2,E,A,N,D,47,85,ND2,C,9.3087845
tcr_17_2,E,A,N,D,47,85,ND2,O,9.080285
tcr_17_2,E,A,N,T,47,93,ND2,CG2,9.999354
tcr_17_2,E,A,N,T,47,93,ND2,CB,9.844732
tcr_17_2,E,A,N,T,47,93,ND2,OG1,8.836296
tcr_17_2,E,A,N,I,47,90,ND2,CG2,9.8011265
tcr_17_2,E,A,N,Q,47,89,ND2,O,8.915196
tcr_17_2,E,A,N,Q,47,89,ND2,C,8.548975
tcr_17_2,E,A,N,I,47,90,ND2,CA,8.887745
tcr_17_2,E,A,H,R,48,86,N,NH2,7.7979198
tcr_17_2,E,A,H,R,48,86,N,CZ,8.291231
tcr_17_2,E,A,H,R,48,86,N,NE,9.609611
tcr_17_2,E,A,H,R,48,86,N,NH1,7.605546
tcr_17_2,E,A,H,Q,48,89,N,OE1,8.531403
tcr_17_2,E,A,H,Q,48,89,N,CD,8.255368
tcr_17_2,E,A,H,Q,48,89,N,NE2,7.370328
tcr_17_2,E,A,H,Q,48,89,N,CG,9.132495
tcr_17_2,E,A,H,T,48,93,N,CG2,9.05976
tcr_17_2,E,A,H,T,48,93,N,CB,9.73411
tcr_17_2,E,A,H,T,48,93,N,OG1,8.954833
tcr_17_2,E,A,H,R,48,86,CA,NH2,8.607723
tcr_17_2,E,A,H,R,48,86,CA,CZ,9.194269
tcr_17_2,E,A,H,R,48,86,CA,NH1,8.585918
tcr_17_2,E,A,H,Q,48,89,CA,OE1,9.560693
tcr_17_2,E,A,H,Q,48,89,CA,CD,9.211454
tcr_17_2,E,A,H,Q,48,89,CA,NE2,8.375397
tcr_17_2,E,A,H,Q,48,89,CA,CG,9.925902
tcr_17_2,E,A,H,Q,48,179,CA,OE1,9.923082
tcr_17_2,E,A,H,T,48,93,CA,CG2,8.780539
tcr_17_2,E,A,H,T,48,93,CA,CB,9.659127
tcr_17_2,E,A,H,T,48,93,CA,OG1,9.05086
tcr_17_2,E,A,H,R,48,86,C,NH2,8.566574
tcr_17_2,E,A,H,R,48,86,C,CZ,9.342511
tcr_17_2,E,A,H,R,48,86,C,NH1,8.934223
tcr_17_2,E,A,H,Q,48,89,C,NE2,9.384939
tcr_17_2,E,A,H,Q,48,179,C,NE2,8.964143
tcr_17_2,E,A,H,Q,48,179,C,OE1,8.7037325
tcr_17_2,E,A,H,T,48,93,C,CG2,9.389255
tcr_17_2,E,A,H,Q,48,179,C,CD,9.274947
tcr_17_2,E,A,H,T,48,93,C,OG1,9.855256
tcr_17_2,E,A,H,R,48,86,O,NH2,8.888122
tcr_17_2,E,A,H,R,48,86,O,CZ,9.721478
tcr_17_2,E,A,H,R,48,86,O,NH1,9.374436
tcr_17_2,E,A,H,Q,48,179,O,NE2,9.035817
tcr_17_2,E,A,H,Q,48,179,O,OE1,8.929925
tcr_17_2,E,A,H,Q,48,179,O,CD,9.382834
tcr_17_2,E,A,H,R,48,86,CB,NH1,9.913943
tcr_17_2,E,A,H,Q,48,89,CB,NE2,9.245656
tcr_17_2,E,A,H,T,48,93,CB,CG2,9.60677
tcr_17_2,E,A,H,T,48,93,CB,OG1,9.930406
tcr_17_2,E,A,H,Q,48,89,CG,CD,9.849707
tcr_17_2,E,A,H,Q,48,89,CG,NE2,8.811588
tcr_17_2,E,A,H,T,48,93,CG,CG2,9.22316
tcr_17_2,E,A,H,T,48,93,CG,OG1,9.432557
tcr_17_2,E,A,H,Q,48,89,ND1,NE2,9.740273
tcr_17_2,E,A,H,R,48,86,CD2,NH1,9.415841
tcr_17_2,E,A,H,Q,48,89,CD2,OE1,9.461769
tcr_17_2,E,A,H,Q,48,89,CD2,CD,8.774113
tcr_17_2,E,A,H,Q,48,89,CD2,NE2,7.7375665
tcr_17_2,E,A,H,Q,48,89,CD2,CG,9.271204
tcr_17_2,E,A,H,T,48,93,CD2,CG2,8.1793585
tcr_17_2,E,A,H,T,48,93,CD2,CB,8.986814
tcr_17_2,E,A,H,T,48,93,CD2,OG1,8.230853
tcr_17_2,E,A,H,T,48,93,CD2,CA,9.996994
tcr_17_2,E,A,H,Q,48,89,CE1,NE2,9.357501
tcr_17_2,E,A,H,T,48,93,CE1,CG2,9.730104
tcr_17_2,E,A,H,T,48,93,CE1,OG1,9.845712
tcr_17_2,E,A,H,Q,48,89,NE2,CD,9.242449
tcr_17_2,E,A,H,Q,48,89,NE2,NE2,8.146453
tcr_17_2,E,A,H,Q,48,89,NE2,CG,9.637744
tcr_17_2,E,A,H,T,48,93,NE2,CG2,8.555995
tcr_17_2,E,A,H,T,48,93,NE2,CB,9.326079
tcr_17_2,E,A,H,T,48,93,NE2,OG1,8.546281
tcr_17_2,E,A,E,Q,49,179,N,CG,9.531211
tcr_17_2,E,A,E,R,49,86,N,NH2,8.540146
tcr_17_2,E,A,E,R,49,86,N,CZ,9.383294
tcr_17_2,E,A,E,R,49,86,N,NH1,9.079345
tcr_17_2,E,A,E,Q,49,89,N,NE2,9.753167
tcr_17_2,E,A,E,Q,49,179,N,NE2,7.8860784
tcr_17_2,E,A,E,Q,49,179,N,OE1,7.5768375
tcr_17_2,E,A,E,T,49,93,N,CG2,8.754816
tcr_17_2,E,A,E,Q,49,179,N,CD,8.191473
tcr_17_2,E,A,E,T,49,93,N,CB,9.792523
tcr_17_2,E,A,E,T,49,93,N,OG1,9.486297
tcr_17_2,E,A,E,Q,49,179,CA,CG,8.1958885
tcr_17_2,E,A,E,Q,49,179,CA,CB,9.05566
tcr_17_2,E,A,E,R,49,86,CA,NH2,8.851867
tcr_17_2,E,A,E,R,49,86,CA,CZ,9.835078
tcr_17_2,E,A,E,R,49,86,CA,NH1,9.7143135
tcr_17_2,E,A,E,Q,49,179,CA,NE2,6.530564
tcr_17_2,E,A,E,E,49,176,CA,CD,9.968371
tcr_17_2,E,A,E,E,49,176,CA,OE1,9.763647
tcr_17_2,E,A,E,E,49,176,CA,OE2,9.190151
tcr_17_2,E,A,E,Q,49,179,CA,OE1,6.3735266
tcr_17_2,E,A,E,T,49,93,CA,CG2,9.539257
tcr_17_2,E,A,E,Q,49,179,CA,CD,6.8821006
tcr_17_2,E,A,E,Q,49,179,C,CG,8.340538
tcr_17_2,E,A,E,Q,49,179,C,CB,9.3947115
tcr_17_2,E,A,E,A,49,174,C,O,9.485662
tcr_17_2,E,A,E,Q,49,179,C,NE2,6.4081736
tcr_17_2,E,A,E,E,49,176,C,OE2,9.244896
tcr_17_2,E,A,E,Q,49,179,C,OE1,6.7578144
tcr_17_2,E,A,E,Q,49,179,C,CD,7.031247
tcr_17_2,E,A,E,Q,49,179,O,CG,7.883251
tcr_17_2,E,A,E,Q,49,179,O,CB,9.0604315
tcr_17_2,E,A,E,A,49,174,O,O,9.045529
tcr_17_2,E,A,E,Q,49,179,O,NE2,5.9997077
tcr_17_2,E,A,E,E,49,176,O,OE2,9.341254
tcr_17_2,E,A,E,Q,49,179,O,OE1,6.6156373
tcr_17_2,E,A,E,Q,49,179,O,CD,6.697688
tcr_17_2,E,A,E,Q,49,179,CB,CA,9.34248
tcr_17_2,E,A,E,Q,49,179,CB,CG,7.2157345
tcr_17_2,E,A,E,Q,49,179,CB,CB,7.943776
tcr_17_2,E,A,E,R,49,86,CB,NH2,8.698576
tcr_17_2,E,A,E,R,49,86,CB,CZ,9.706418
tcr_17_2,E,A,E,R,49,86,CB,NH1,9.693554
tcr_17_2,E,A,E,A,49,174,CB,O,9.288794
tcr_17_2,E,A,E,Q,49,179,CB,NE2,5.583057
tcr_17_2,E,A,E,E,49,176,CB,CD,8.532555
tcr_17_2,E,A,E,E,49,176,CB,OE1,8.268834
tcr_17_2,E,A,E,E,49,176,CB,OE2,7.818983
tcr_17_2,E,A,E,Q,49,179,CB,OE1,5.1647716
tcr_17_2,E,A,E,T,49,93,CB,CG2,8.794408
tcr_17_2,E,A,E,Q,49,179,CB,CD,5.8208036
tcr_17_2,E,A,E,T,49,93,CB,CB,9.89843
tcr_17_2,E,A,E,T,49,93,CB,OG1,9.900755
tcr_17_2,E,A,E,Q,49,179,CG,CA,9.197982
tcr_17_2,E,A,E,Q,49,179,CG,CG,7.3759565
tcr_17_2,E,A,E,Q,49,179,CG,CB,7.8321767
tcr_17_2,E,A,E,Q,49,179,CG,O,9.861645
tcr_17_2,E,A,E,Q,49,179,CG,C,9.74564
tcr_17_2,E,A,E,R,49,86,CG,NH2,7.329477
tcr_17_2,E,A,E,R,49,86,CG,CZ,8.324057
tcr_17_2,E,A,E,R,49,86,CG,NE,9.427849
tcr_17_2,E,A,E,R,49,86,CG,NH1,8.368215
tcr_17_2,E,A,E,I,49,90,CG,CG1,9.3133955
tcr_17_2,E,A,E,I,49,90,CG,CD1,9.95262
tcr_17_2,E,A,E,Q,49,89,CG,NE2,9.986956
tcr_17_2,E,A,E,Q,49,179,CG,NE2,6.157874
tcr_17_2,E,A,E,E,49,176,CG,CD,8.555891
tcr_17_2,E,A,E,E,49,176,CG,OE1,8.080664
tcr_17_2,E,A,E,E,49,176,CG,OE2,8.04699
tcr_17_2,E,A,E,T,49,97,CG,OG1,9.667268
tcr_17_2,E,A,E,Q,49,179,CG,OE1,5.1742396
tcr_17_2,E,A,E,T,49,93,CG,CG2,7.8371325
tcr_17_2,E,A,E,Q,49,179,CG,CD,6.0691533
tcr_17_2,E,A,E,T,49,93,CG,CB,8.802875
tcr_17_2,E,A,E,T,49,93,CG,OG1,8.791625
tcr_17_2,E,A,E,I,49,90,CG,CG2,9.778287
tcr_17_2,E,A,E,N,49,94,CG,OD1,9.419292
tcr_17_2,E,A,E,Q,49,179,CD,CG,8.724447
tcr_17_2,E,A,E,Q,49,179,CD,CB,9.0598345
tcr_17_2,E,A,E,R,49,86,CD,NH2,7.083014
tcr_17_2,E,A,E,R,49,86,CD,CZ,7.8943405
tcr_17_2,E,A,E,R,49,86,CD,NE,9.026279
tcr_17_2,E,A,E,R,49,86,CD,NH1,7.754939
tcr_17_2,E,A,E,I,49,90,CD,CG1,8.571552
tcr_17_2,E,A,E,Q,49,89,CD,OE1,9.318202
tcr_17_2,E,A,E,I,49,90,CD,CD1,9.412936
tcr_17_2,E,A,E,Q,49,89,CD,CD,9.112418
tcr_17_2,E,A,E,Q,49,89,CD,NE2,8.869766
tcr_17_2,E,A,E,I,49,90,CD,N,9.667586
tcr_17_2,E,A,E,Q,49,89,CD,CG,9.401663
tcr_17_2,E,A,E,I,49,90,CD,CB,9.234272
tcr_17_2,E,A,E,Q,49,179,CD,NE2,7.483868
tcr_17_2,E,A,E,E,49,176,CD,CD,9.15936
tcr_17_2,E,A,E,E,49,176,CD,OE1,8.562421
tcr_17_2,E,A,E,E,49,176,CD,OE2,8.723384
tcr_17_2,E,A,E,T,49,97,CD,OG1,8.5624695
tcr_17_2,E,A,E,Q,49,179,CD,OE1,6.415748
tcr_17_2,E,A,E,T,49,97,CD,CG2,9.773778
tcr_17_2,E,A,E,T,49,93,CD,CG2,6.3966255
tcr_17_2,E,A,E,Q,49,179,CD,CD,7.390049
tcr_17_2,E,A,E,T,49,93,CD,CB,7.383438
tcr_17_2,E,A,E,T,49,93,CD,OG1,7.332956
tcr_17_2,E,A,E,T,49,97,CD,CB,9.799196
tcr_17_2,E,A,E,I,49,90,CD,CG2,9.010912
tcr_17_2,E,A,E,N,49,94,CD,OD1,8.45804
tcr_17_2,E,A,E,N,49,94,CD,CG,9.662179
tcr_17_2,E,A,E,Q,49,89,CD,O,9.352364
tcr_17_2,E,A,E,Q,49,89,CD,C,9.796583
tcr_17_2,E,A,E,I,49,90,CD,CA,9.004327
tcr_17_2,E,A,E,I,49,90,CD,C,9.778142
tcr_17_2,E,A,E,T,49,93,CD,CA,8.81142
tcr_17_2,E,A,E,I,49,90,CD,O,9.307209
tcr_17_2,E,A,E,T,49,93,CD,N,9.843363
tcr_17_2,E,A,E,N,49,94,CD,N,9.554753
tcr_17_2,E,A,E,T,49,93,CD,C,9.2099285
tcr_17_2,E,A,E,T,49,93,CD,O,9.5555105
tcr_17_2,E,A,E,Q,49,179,OE1,CG,9.203067
tcr_17_2,E,A,E,Q,49,179,OE1,CB,9.350144
tcr_17_2,E,A,E,R,49,86,OE1,NH2,6.181515
tcr_17_2,E,A,E,R,49,86,OE1,CZ,6.914439
tcr_17_2,E,A,E,R,49,86,OE1,NE,7.9964814
tcr_17_2,E,A,E,R,49,86,OE1,CD,9.078153
tcr_17_2,E,A,E,R,49,86,OE1,NH1,6.794322
tcr_17_2,E,A,E,R,49,86,OE1,O,9.894571
tcr_17_2,E,A,E,I,49,90,OE1,CG1,7.331936
tcr_17_2,E,A,E,Q,49,89,OE1,CB,9.287612
tcr_17_2,E,A,E,Q,49,89,OE1,OE1,8.340059
tcr_17_2,E,A,E,I,49,90,OE1,CD1,8.207813
tcr_17_2,E,A,E,Q,49,89,OE1,CD,8.163733
tcr_17_2,E,A,E,Q,49,89,OE1,NE2,8.054033
tcr_17_2,E,A,E,Q,49,89,OE1,CA,9.6933775
tcr_17_2,E,A,E,I,49,90,OE1,N,8.454468
tcr_17_2,E,A,E,Q,49,89,OE1,CG,8.384314
tcr_17_2,E,A,E,I,49,90,OE1,CB,7.9953628
tcr_17_2,E,A,E,Q,49,179,OE1,NE2,8.227891
tcr_17_2,E,A,E,E,49,176,OE1,CD,9.489732
tcr_17_2,E,A,E,E,49,176,OE1,OE1,8.752163
tcr_17_2,E,A,E,E,49,176,OE1,OE2,9.208275
tcr_17_2,E,A,E,T,49,97,OE1,OG1,8.197978
tcr_17_2,E,A,E,Q,49,179,OE1,OE1,6.8884964
tcr_17_2,E,A,E,T,49,97,OE1,CG2,9.533299
tcr_17_2,E,A,E,T,49,93,OE1,CG2,5.671795
tcr_17_2,E,A,E,Q,49,179,OE1,CD,7.9599257
tcr_17_2,E,A,E,T,49,93,OE1,CB,6.4860706
tcr_17_2,E,A,E,T,49,93,OE1,OG1,6.412167
tcr_17_2,E,A,E,T,49,97,OE1,CB,9.432308
tcr_17_2,E,A,E,I,49,90,OE1,CG2,7.8156867
tcr_17_2,E,A,E,N,49,94,OE1,OD1,7.5215416
tcr_17_2,E,A,E,N,49,94,OE1,ND2,9.263782
tcr_17_2,E,A,E,N,49,94,OE1,CG,8.715944
tcr_17_2,E,A,E,N,49,94,OE1,CB,9.790162
tcr_17_2,E,A,E,N,49,94,OE1,CA,9.437811
tcr_17_2,E,A,E,Q,49,89,OE1,O,8.246718
tcr_17_2,E,A,E,F,49,91,OE1,N,9.913461
tcr_17_2,E,A,E,Q,49,89,OE1,C,8.637253
tcr_17_2,E,A,E,I,49,90,OE1,CA,7.783543
tcr_17_2,E,A,E,I,49,90,OE1,C,8.603825
tcr_17_2,E,A,E,T,49,93,OE1,CA,7.966867
tcr_17_2,E,A,E,I,49,90,OE1,O,8.195195
tcr_17_2,E,A,E,T,49,93,OE1,N,8.902046
tcr_17_2,E,A,E,N,49,94,OE1,N,8.675291
tcr_17_2,E,A,E,T,49,93,OE1,C,8.414375
tcr_17_2,E,A,E,T,49,93,OE1,O,8.889829
tcr_17_2,E,A,E,Q,49,179,OE2,CG,9.484224
tcr_17_2,E,A,E,Q,49,179,OE2,CB,9.916693
tcr_17_2,E,A,E,R,49,86,OE2,NH2,8.028558
tcr_17_2,E,A,E,R,49,86,OE2,CZ,8.742072
tcr_17_2,E,A,E,R,49,86,OE2,NE,9.911584
tcr_17_2,E,A,E,R,49,86,OE2,NH1,8.448153
tcr_17_2,E,A,E,I,49,90,OE2,CG1,9.357209
tcr_17_2,E,A,E,Q,49,89,OE2,OE1,9.70957
tcr_17_2,E,A,E,Q,49,89,OE2,CD,9.361141
tcr_17_2,E,A,E,Q,49,89,OE2,NE2,8.986354
tcr_17_2,E,A,E,Q,49,89,OE2,CG,9.601926
tcr_17_2,E,A,E,I,49,90,OE2,CB,9.915376
tcr_17_2,E,A,E,Q,49,179,OE2,NE2,7.989148
tcr_17_2,E,A,E,E,49,176,OE2,CD,9.544901
tcr_17_2,E,A,E,E,49,176,OE2,OE1,9.014467
tcr_17_2,E,A,E,E,49,176,OE2,OE2,9.017999
tcr_17_2,E,A,E,T,49,97,OE2,OG1,8.247128
tcr_17_2,E,A,E,Q,49,179,OE2,OE1,7.1695366
tcr_17_2,E,A,E,T,49,97,OE2,CG2,9.54039
tcr_17_2,E,A,E,T,49,93,OE2,CG2,6.173784
tcr_17_2,E,A,E,Q,49,179,OE2,CD,8.069732
tcr_17_2,E,A,E,T,49,93,OE2,CB,7.3099117
tcr_17_2,E,A,E,T,49,93,OE2,OG1,7.24669
tcr_17_2,E,A,E,T,49,97,OE2,CB,9.534128
tcr_17_2,E,A,E,I,49,90,OE2,CG2,9.729387
tcr_17_2,E,A,E,N,49,94,OE2,OD1,8.805029
tcr_17_2,E,A,E,Q,49,89,OE2,O,9.531783
tcr_17_2,E,A,E,I,49,90,OE2,CA,9.510645
tcr_17_2,E,A,E,T,49,93,OE2,CA,8.652207
tcr_17_2,E,A,E,I,49,90,OE2,O,9.614477
tcr_17_2,E,A,E,T,49,93,OE2,N,9.774804
tcr_17_2,E,A,E,N,49,94,OE2,N,9.576466
tcr_17_2,E,A,E,T,49,93,OE2,C,9.072336
tcr_17_2,E,A,E,T,49,93,OE2,O,9.287171
tcr_17_2,E,A,Y,Q,50,179,N,CG,9.279888
tcr_17_2,E,A,Y,A,50,174,N,O,9.7298565
tcr_17_2,E,A,Y,Q,50,179,N,NE2,7.173903
tcr_17_2,E,A,Y,E,50,176,N,OE2,9.532835
tcr_17_2,E,A,Y,Q,50,179,N,OE1,7.634294
tcr_17_2,E,A,Y,Q,50,179,N,CD,7.90504
tcr_17_2,E,A,Y,Q,50,179,CA,CG,9.848748
tcr_17_2,E,A,Y,A,50,174,CA,O,9.55255
tcr_17_2,E,A,Y,Q,50,179,CA,NE2,7.6182656
tcr_17_2,E,A,Y,E,50,176,CA,OE2,9.993245
tcr_17_2,E,A,Y,Q,50,179,CA,OE1,8.4299345
tcr_17_2,E,A,Y,Q,50,179,CA,CD,8.524235
tcr_17_2,E,A,Y,Q,50,179,C,NE2,8.871498
tcr_17_2,E,A,Y,Q,50,179,C,OE1,9.690845
tcr_17_2,E,A,Y,Q,50,179,C,CD,9.760094
tcr_17_2,E,A,Y,Q,50,179,O,NE2,9.830155
tcr_17_2,E,A,Y,A,50,174,CB,O,9.544671
tcr_17_2,E,A,Y,Q,50,179,CB,NE2,8.172455
tcr_17_2,E,A,Y,A,50,174,CB,CB,9.603171
tcr_17_2,E,A,Y,E,50,176,CB,OE2,9.875319
tcr_17_2,E,A,Y,Q,50,179,CB,OE1,9.011781
tcr_17_2,E,A,Y,Q,50,179,CB,CD,9.130678
tcr_17_2,E,A,Y,Q,50,179,CG,CG,9.713294
tcr_17_2,E,A,Y,A,50,174,CG,O,8.327259
tcr_17_2,E,A,Y,Q,50,179,CG,NE2,7.3115234
tcr_17_2,E,A,Y,A,50,174,CG,CA,8.778232
tcr_17_2,E,A,Y,A,50,174,CG,CB,8.183336
tcr_17_2,E,A,Y,A,50,174,CG,C,9.124562
tcr_17_2,E,A,Y,E,50,176,CG,CD,9.680923
tcr_17_2,E,A,Y,E,50,176,CG,OE1,9.936616
tcr_17_2,E,A,Y,E,50,176,CG,OE2,8.562994
tcr_17_2,E,A,Y,Q,50,179,CG,OE1,8.218827
tcr_17_2,E,A,Y,Q,50,179,CG,CD,8.309364
tcr_17_2,E,A,Y,Q,50,179,CD1,CG,9.266674
tcr_17_2,E,A,Y,R,50,175,CD1,N,9.321093
tcr_17_2,E,A,Y,A,50,174,CD1,O,7.2557764
tcr_17_2,E,A,Y,Q,50,179,CD1,NE2,6.832607
tcr_17_2,E,A,Y,E,50,176,CD1,N,9.950801
tcr_17_2,E,A,Y,K,50,170,CD1,O,9.998069
tcr_17_2,E,A,Y,A,50,174,CD1,CA,7.643875
tcr_17_2,E,A,Y,A,50,174,CD1,N,8.883563
tcr_17_2,E,A,Y,A,50,173,CD1,O,9.088844
tcr_17_2,E,A,Y,A,50,173,CD1,C,9.473315
tcr_17_2,E,A,Y,A,50,174,CD1,CB,7.207326
tcr_17_2,E,A,Y,A,50,174,CD1,C,8.0105
tcr_17_2,E,A,Y,E,50,176,CD1,CD,9.386043
tcr_17_2,E,A,Y,E,50,176,CD1,OE1,9.809498
tcr_17_2,E,A,Y,E,50,176,CD1,OE2,8.195331
tcr_17_2,E,A,Y,Q,50,179,CD1,OE1,8.070324
tcr_17_2,E,A,Y,Q,50,179,CD1,CD,7.962063
tcr_17_2,E,A,Y,Q,50,179,CD2,CG,9.763457
tcr_17_2,E,A,Y,A,50,174,CD2,O,8.507342
tcr_17_2,E,A,Y,Q,50,179,CD2,NE2,7.4171224
tcr_17_2,E,A,Y,A,50,174,CD2,CA,8.85886
tcr_17_2,E,A,Y,A,50,174,CD2,CB,8.040625
tcr_17_2,E,A,Y,A,50,174,CD2,C,9.2619915
tcr_17_2,E,A,Y,E,50,176,CD2,CD,9.036125
tcr_17_2,E,A,Y,E,50,176,CD2,OE1,9.190465
tcr_17_2,E,A,Y,E,50,176,CD2,OE2,7.9933643
tcr_17_2,E,A,Y,Q,50,179,CD2,OE1,8.0447035
tcr_17_2,E,A,Y,Q,50,179,CD2,CD,8.293692
tcr_17_2,E,A,Y,K,50,170,CD2,CE,9.642185
tcr_17_2,E,A,Y,Q,50,179,CE1,CG,8.9123125
tcr_17_2,E,A,Y,R,50,175,CE1,N,8.249731
tcr_17_2,E,A,Y,R,50,175,CE1,CB,9.25642
tcr_17_2,E,A,Y,R,50,175,CE1,CG,9.653534
tcr_17_2,E,A,Y,A,50,174,CE1,O,6.274625
tcr_17_2,E,A,Y,R,50,175,CE1,CA,9.133244
tcr_17_2,E,A,Y,R,50,175,CE1,C,9.058386
tcr_17_2,E,A,Y,R,50,175,CE1,O,9.401322
tcr_17_2,E,A,Y,Q,50,179,CE1,NE2,6.498408
tcr_17_2,E,A,Y,E,50,176,CE1,N,8.905779
tcr_17_2,E,A,Y,E,50,176,CE1,CA,9.118149
tcr_17_2,E,A,Y,W,50,171,CE1,CA,9.955035
tcr_17_2,E,A,Y,W,50,171,CE1,O,9.683993
tcr_17_2,E,A,Y,K,50,170,CE1,C,9.64472
tcr_17_2,E,A,Y,A,50,173,CE1,CA,9.680394
tcr_17_2,E,A,Y,A,50,173,CE1,CB,9.744988
tcr_17_2,E,A,Y,K,50,170,CE1,O,8.612671
tcr_17_2,E,A,Y,A,50,174,CE1,CA,6.4290857
tcr_17_2,E,A,Y,A,50,174,CE1,N,7.6379313
tcr_17_2,E,A,Y,A,50,173,CE1,O,8.026996
tcr_17_2,E,A,Y,A,50,173,CE1,C,8.298338
tcr_17_2,E,A,Y,A,50,174,CE1,CB,5.8891864
tcr_17_2,E,A,Y,A,50,174,CE1,C,6.9221435
tcr_17_2,E,A,Y,E,50,176,CE1,CD,8.427517
tcr_17_2,E,A,Y,E,50,176,CE1,CB,9.199292
tcr_17_2,E,A,Y,E,50,176,CE1,CG,9.493838
tcr_17_2,E,A,Y,W,50,171,CE1,CD1,9.878343
tcr_17_2,E,A,Y,E,50,176,CE1,OE1,8.95125
tcr_17_2,E,A,Y,E,50,176,CE1,OE2,7.217882
tcr_17_2,E,A,Y,Q,50,179,CE1,OE1,7.7971067
tcr_17_2,E,A,Y,Q,50,179,CE1,CD,7.641379
tcr_17_2,E,A,Y,K,50,170,CE1,CG,9.333427
tcr_17_2,E,A,Y,K,50,170,CE1,CD,9.885732
tcr_17_2,E,A,Y,K,50,170,CE1,CE,8.966742
tcr_17_2,E,A,Y,K,50,170,CE1,NZ,9.835731
tcr_17_2,E,A,Y,Q,50,179,CE2,CG,9.42155
tcr_17_2,E,A,Y,R,50,175,CE2,N,9.635709
tcr_17_2,E,A,Y,A,50,174,CE2,O,7.687122
tcr_17_2,E,A,Y,Q,50,179,CE2,NE2,7.104667
tcr_17_2,E,A,Y,E,50,176,CE2,N,9.6929865
tcr_17_2,E,A,Y,E,50,176,CE2,CA,9.562997
tcr_17_2,E,A,Y,K,50,170,CE2,O,9.302147
tcr_17_2,E,A,Y,A,50,174,CE2,CA,7.83737
tcr_17_2,E,A,Y,A,50,174,CE2,N,9.012599
tcr_17_2,E,A,Y,A,50,173,CE2,O,9.853559
tcr_17_2,E,A,Y,A,50,173,CE2,C,9.889041
tcr_17_2,E,A,Y,A,50,174,CE2,CB,6.8872733
tcr_17_2,E,A,Y,A,50,174,CE2,C,8.3392725
tcr_17_2,E,A,Y,E,50,176,CE2,CD,8.034107
tcr_17_2,E,A,Y,E,50,176,CE2,CB,9.375218
tcr_17_2,E,A,Y,W,50,171,CE2,NE1,9.70268
tcr_17_2,E,A,Y,E,50,176,CE2,CG,9.289132
tcr_17_2,E,A,Y,W,50,171,CE2,CD1,9.545359
tcr_17_2,E,A,Y,E,50,176,CE2,OE1,8.265705
tcr_17_2,E,A,Y,E,50,176,CE2,OE2,6.9860997
tcr_17_2,E,A,Y,T,50,97,CE2,OG1,9.716582
tcr_17_2,E,A,Y,Q,50,179,CE2,OE1,7.7639046
tcr_17_2,E,A,Y,T,50,97,CE2,CG2,9.838818
tcr_17_2,E,A,Y,Q,50,179,CE2,CD,7.9800267
tcr_17_2,E,A,Y,K,50,170,CE2,CG,9.289382
tcr_17_2,E,A,Y,K,50,170,CE2,CD,9.474495
tcr_17_2,E,A,Y,K,50,170,CE2,CE,8.316355
tcr_17_2,E,A,Y,K,50,170,CE2,NZ,8.856125
tcr_17_2,E,A,Y,Q,50,179,CZ,CG,9.023285
tcr_17_2,E,A,Y,Q,50,179,CZ,CB,9.961996
tcr_17_2,E,A,Y,R,50,175,CZ,N,8.444201
tcr_17_2,E,A,Y,R,50,175,CZ,CB,9.690786
tcr_17_2,E,A,Y,A,50,174,CZ,O,6.544901
tcr_17_2,E,A,Y,R,50,175,CZ,CA,9.355854
tcr_17_2,E,A,Y,R,50,175,CZ,C,9.134922
tcr_17_2,E,A,Y,R,50,175,CZ,O,9.532727
tcr_17_2,E,A,Y,Q,50,179,CZ,NE2,6.6721573
tcr_17_2,E,A,Y,E,50,176,CZ,N,8.784912
tcr_17_2,E,A,Y,E,50,176,CZ,CA,8.835965
tcr_17_2,E,A,Y,W,50,171,CZ,C,9.934722
tcr_17_2,E,A,Y,W,50,171,CZ,CA,9.433109
tcr_17_2,E,A,Y,W,50,171,CZ,O,9.459178
tcr_17_2,E,A,Y,W,50,171,CZ,N,9.725024
tcr_17_2,E,A,Y,K,50,170,CZ,C,9.137196
tcr_17_2,E,A,Y,A,50,173,CZ,CA,9.846297
tcr_17_2,E,A,Y,A,50,173,CZ,CB,9.842913
tcr_17_2,E,A,Y,K,50,170,CZ,O,8.216521
tcr_17_2,E,A,Y,A,50,174,CZ,CA,6.5541205
tcr_17_2,E,A,Y,A,50,174,CZ,N,7.719585
tcr_17_2,E,A,Y,A,50,173,CZ,O,8.469324
tcr_17_2,E,A,Y,A,50,173,CZ,C,8.541275
tcr_17_2,E,A,Y,A,50,174,CZ,CB,5.7047477
tcr_17_2,E,A,Y,A,50,174,CZ,C,7.128806
tcr_17_2,E,A,Y,E,50,176,CZ,CD,7.7232385
tcr_17_2,E,A,Y,E,50,176,CZ,CB,8.707665
tcr_17_2,E,A,Y,W,50,171,CZ,CG,9.967515
tcr_17_2,E,A,Y,W,50,171,CZ,NE1,9.330566
tcr_17_2,E,A,Y,E,50,176,CZ,CG,8.840433
tcr_17_2,E,A,Y,W,50,171,CZ,CD1,8.980892
tcr_17_2,E,A,Y,E,50,176,CZ,OE1,8.1612425
tcr_17_2,E,A,Y,E,50,176,CZ,OE2,6.577447
tcr_17_2,E,A,Y,Q,50,179,CZ,OE1,7.671025
tcr_17_2,E,A,Y,Q,50,179,CZ,CD,7.681286
tcr_17_2,E,A,Y,K,50,170,CZ,CA,9.917855
tcr_17_2,E,A,Y,K,50,170,CZ,CG,8.542432
tcr_17_2,E,A,Y,K,50,170,CZ,CB,9.843346
tcr_17_2,E,A,Y,K,50,170,CZ,CD,8.932483
tcr_17_2,E,A,Y,K,50,170,CZ,CE,7.917288
tcr_17_2,E,A,Y,K,50,170,CZ,NZ,8.674109
tcr_17_2,E,A,Y,Q,50,179,OH,CG,9.099669
tcr_17_2,E,A,Y,Q,50,179,OH,CB,9.934193
tcr_17_2,E,A,Y,R,50,175,OH,N,7.728947
tcr_17_2,E,A,Y,R,50,175,OH,CB,9.259364
tcr_17_2,E,A,Y,R,50,175,OH,CG,9.764085
tcr_17_2,E,A,Y,A,50,174,OH,O,6.0468836
tcr_17_2,E,A,Y,R,50,175,OH,CA,8.745164
tcr_17_2,E,A,Y,R,50,175,OH,C,8.553826
tcr_17_2,E,A,Y,R,50,175,OH,O,9.095484
tcr_17_2,E,A,Y,Q,50,179,OH,NE2,6.877606
tcr_17_2,E,A,Y,E,50,176,OH,N,8.071796
tcr_17_2,E,A,Y,E,50,176,OH,CA,8.158204
tcr_17_2,E,A,Y,E,50,176,OH,C,9.634937
tcr_17_2,E,A,Y,E,50,172,OH,N,9.8577795
tcr_17_2,E,A,Y,E,50,172,OH,O,9.976329
tcr_17_2,E,A,Y,E,50,172,OH,C,9.896261
tcr_17_2,E,A,Y,W,50,171,OH,C,8.801839
tcr_17_2,E,A,Y,W,50,171,OH,CA,8.217203
tcr_17_2,E,A,Y,W,50,171,OH,O,8.428913
tcr_17_2,E,A,Y,W,50,171,OH,N,8.4335785
tcr_17_2,E,A,Y,A,50,173,OH,N,9.367723
tcr_17_2,E,A,Y,K,50,170,OH,C,7.8321576
tcr_17_2,E,A,Y,A,50,173,OH,CA,8.878312
tcr_17_2,E,A,Y,A,50,173,OH,CB,8.817215
tcr_17_2,E,A,Y,K,50,170,OH,O,6.9536557
tcr_17_2,E,A,Y,A,50,174,OH,CA,5.70622
tcr_17_2,E,A,Y,A,50,174,OH,N,6.7622294
tcr_17_2,E,A,Y,A,50,173,OH,O,7.752122
tcr_17_2,E,A,Y,A,50,173,OH,C,7.6622033
tcr_17_2,E,A,Y,A,50,174,OH,CB,4.6818504
tcr_17_2,E,A,Y,A,50,174,OH,C,6.4475265
tcr_17_2,E,A,Y,W,50,171,OH,CD2,9.727799
tcr_17_2,E,A,Y,W,50,171,OH,CB,9.082885
tcr_17_2,E,A,Y,E,50,176,OH,CD,7.078642
tcr_17_2,E,A,Y,W,50,171,OH,CE2,9.357635
tcr_17_2,E,A,Y,E,50,176,OH,CB,7.864552
tcr_17_2,E,A,Y,W,50,171,OH,CG,8.762072
tcr_17_2,E,A,Y,W,50,171,OH,NE1,8.145628
tcr_17_2,E,A,Y,E,50,176,OH,CG,8.058161
tcr_17_2,E,A,Y,W,50,171,OH,CD1,7.745697
tcr_17_2,E,A,Y,E,50,176,OH,OE1,7.6222715
tcr_17_2,E,A,Y,E,50,176,OH,OE2,5.957596
tcr_17_2,E,A,Y,Q,50,179,OH,OE1,7.8736043
tcr_17_2,E,A,Y,Q,50,179,OH,CD,7.8424063
tcr_17_2,E,A,Y,K,50,170,OH,CA,8.58983
tcr_17_2,E,A,Y,K,50,170,OH,CG,7.199246
tcr_17_2,E,A,Y,K,50,170,OH,CB,8.491247
tcr_17_2,E,A,Y,K,50,170,OH,CD,7.6244826
tcr_17_2,E,A,Y,K,50,170,OH,CE,6.677825
tcr_17_2,E,A,Y,K,50,170,OH,NZ,7.524445
tcr_17_2,E,A,M,Q,51,179,N,NE2,9.073219
tcr_17_2,E,A,Y,R,67,175,C,CZ,9.527042
tcr_17_2,E,A,Y,R,67,175,C,NH1,9.677694
tcr_17_2,E,A,Y,R,67,175,C,NE,9.536716
tcr_17_2,E,A,Y,R,67,175,C,NH2,9.628022
tcr_17_2,E,A,Y,R,67,175,C,CD,9.690349
tcr_17_2,E,A,Y,A,67,174,C,O,9.532975
tcr_17_2,E,A,Y,Q,67,179,C,NE2,9.793371
tcr_17_2,E,A,Y,A,67,173,C,O,9.940439
tcr_17_2,E,A,Y,R,67,175,O,CG,9.672975
tcr_17_2,E,A,Y,R,67,175,O,CZ,8.540212
tcr_17_2,E,A,Y,R,67,175,O,NH1,8.644089
tcr_17_2,E,A,Y,R,67,175,O,NE,8.666034
tcr_17_2,E,A,Y,R,67,175,O,NH2,8.601826
tcr_17_2,E,A,Y,R,67,175,O,CD,8.906469
tcr_17_2,E,A,Y,A,67,174,O,O,9.337244
tcr_17_2,E,A,Y,Q,67,179,O,NE2,9.818549
tcr_17_2,E,A,Y,A,67,173,O,O,9.600716
tcr_17_2,E,A,Y,A,67,174,O,C,9.9359
tcr_17_2,E,A,Y,A,67,173,CB,O,9.77469
tcr_17_2,E,A,Y,R,67,175,CG,CZ,9.586312
tcr_17_2,E,A,Y,R,67,175,CG,NE,9.372782
tcr_17_2,E,A,Y,R,67,175,CG,NH2,9.494626
tcr_17_2,E,A,Y,R,67,175,CG,CD,9.709441
tcr_17_2,E,A,Y,A,67,174,CG,O,9.063713
tcr_17_2,E,A,Y,A,67,174,CG,CA,9.001237
tcr_17_2,E,A,Y,A,67,174,CG,N,9.707212
tcr_17_2,E,A,Y,A,67,173,CG,O,8.393563
tcr_17_2,E,A,Y,A,67,173,CG,C,9.399904
tcr_17_2,E,A,Y,A,67,174,CG,CB,9.589086
tcr_17_2,E,A,Y,A,67,174,CG,C,9.402642
tcr_17_2,E,A,Y,R,67,175,CD1,CZ,9.586529
tcr_17_2,E,A,Y,R,67,175,CD1,NE,9.441881
tcr_17_2,E,A,Y,R,67,175,CD1,NH2,9.309447
tcr_17_2,E,A,Y,R,67,175,CD1,CD,9.974073
tcr_17_2,E,A,Y,A,67,174,CD1,O,9.722724
tcr_17_2,E,A,Y,A,67,174,CD1,CA,9.415357
tcr_17_2,E,A,Y,A,67,174,CD1,N,9.930388
tcr_17_2,E,A,Y,A,67,173,CD1,O,8.406191
tcr_17_2,E,A,Y,A,67,173,CD1,C,9.4497795
tcr_17_2,E,A,Y,A,67,174,CD1,C,9.905698
tcr_17_2,E,A,Y,R,67,175,CD2,N,9.027124
tcr_17_2,E,A,Y,R,67,175,CD2,CB,9.246257
tcr_17_2,E,A,Y,R,67,175,CD2,CG,8.825061
tcr_17_2,E,A,Y,R,67,175,CD2,CZ,8.76709
tcr_17_2,E,A,Y,R,67,175,CD2,NH1,9.330563
tcr_17_2,E,A,Y,R,67,175,CD2,NE,8.414372
tcr_17_2,E,A,Y,R,67,175,CD2,NH2,8.818365
tcr_17_2,E,A,Y,R,67,175,CD2,CD,8.616737
tcr_17_2,E,A,Y,A,67,174,CD2,O,7.671426
tcr_17_2,E,A,Y,R,67,175,CD2,CA,9.840652
tcr_17_2,E,A,Y,Q,67,179,CD2,NE2,9.234457
tcr_17_2,E,A,Y,A,67,173,CD2,CA,9.4920845
tcr_17_2,E,A,Y,A,67,173,CD2,CB,9.623702
tcr_17_2,E,A,Y,A,67,174,CD2,CA,7.6759534
tcr_17_2,E,A,Y,A,67,174,CD2,N,8.460173
tcr_17_2,E,A,Y,A,67,173,CD2,O,7.2659726
tcr_17_2,E,A,Y,A,67,173,CD2,C,8.241735
tcr_17_2,E,A,Y,A,67,174,CD2,CB,8.259002
tcr_17_2,E,A,Y,A,67,174,CD2,C,8.03855
tcr_17_2,E,A,Y,R,67,175,CE1,N,9.947938
tcr_17_2,E,A,Y,R,67,175,CE1,CG,9.448091
tcr_17_2,E,A,Y,R,67,175,CE1,CZ,8.78732
tcr_17_2,E,A,Y,R,67,175,CE1,NH1,9.575776
tcr_17_2,E,A,Y,R,67,175,CE1,NE,8.586224
tcr_17_2,E,A,Y,R,67,175,CE1,NH2,8.437294
tcr_17_2,E,A,Y,R,67,175,CE1,CD,9.2161665
tcr_17_2,E,A,Y,A,67,174,CE1,O,9.148428
tcr_17_2,E,A,Y,A,67,173,CE1,CA,9.280723
tcr_17_2,E,A,Y,A,67,173,CE1,CB,9.206612
tcr_17_2,E,A,Y,A,67,174,CE1,CA,8.620061
tcr_17_2,E,A,Y,A,67,174,CE1,N,8.974267
tcr_17_2,E,A,Y,A,67,173,CE1,O,7.3121862
tcr_17_2,E,A,Y,A,67,173,CE1,C,8.370068
tcr_17_2,E,A,Y,A,67,174,CE1,CB,9.429777
tcr_17_2,E,A,Y,A,67,174,CE1,C,9.174905
tcr_17_2,E,A,Y,R,67,175,CE2,N,8.020476
tcr_17_2,E,A,Y,R,67,175,CE2,CB,8.371186
tcr_17_2,E,A,Y,R,67,175,CE2,CG,7.8195066
tcr_17_2,E,A,Y,R,67,175,CE2,CZ,7.8796215
tcr_17_2,E,A,Y,R,67,175,CE2,NH1,8.591703
tcr_17_2,E,A,Y,R,67,175,CE2,NE,7.434669
tcr_17_2,E,A,Y,R,67,175,CE2,NH2,7.88805
tcr_17_2,E,A,Y,R,67,175,CE2,CD,7.718493
tcr_17_2,E,A,Y,A,67,174,CE2,O,6.917963
tcr_17_2,E,A,Y,R,67,175,CE2,CA,8.914081
tcr_17_2,E,A,Y,R,67,175,CE2,C,9.725622
tcr_17_2,E,A,Y,Q,67,179,CE2,NE2,9.176465
tcr_17_2,E,A,Y,E,67,172,CE2,O,9.424034
tcr_17_2,E,A,Y,E,67,172,CE2,C,9.946538
tcr_17_2,E,A,Y,A,67,173,CE2,N,9.444752
tcr_17_2,E,A,Y,A,67,173,CE2,CA,8.165598
tcr_17_2,E,A,Y,A,67,173,CE2,CB,8.305223
tcr_17_2,E,A,Y,K,67,170,CE2,O,9.556412
tcr_17_2,E,A,Y,A,67,174,CE2,CA,6.666702
tcr_17_2,E,A,Y,A,67,174,CE2,N,7.3056545
tcr_17_2,E,A,Y,A,67,173,CE2,O,5.9589643
tcr_17_2,E,A,Y,A,67,173,CE2,C,6.969921
tcr_17_2,E,A,Y,A,67,174,CE2,CB,7.397137
tcr_17_2,E,A,Y,A,67,174,CE2,C,7.107996
tcr_17_2,E,A,Y,R,67,175,CZ,N,8.549871
tcr_17_2,E,A,Y,R,67,175,CZ,CB,8.945196
tcr_17_2,E,A,Y,R,67,175,CZ,CG,8.179017
tcr_17_2,E,A,Y,R,67,175,CZ,CZ,7.895594
tcr_17_2,E,A,Y,R,67,175,CZ,NH1,8.73054
tcr_17_2,E,A,Y,R,67,175,CZ,NE,7.536631
tcr_17_2,E,A,Y,R,67,175,CZ,NH2,7.6814103
tcr_17_2,E,A,Y,R,67,175,CZ,CD,8.061532
tcr_17_2,E,A,Y,A,67,174,CZ,O,7.765658
tcr_17_2,E,A,Y,R,67,175,CZ,CA,9.494337
tcr_17_2,E,A,Y,E,67,172,CZ,O,9.502338
tcr_17_2,E,A,Y,A,67,173,CZ,N,9.418903
tcr_17_2,E,A,Y,A,67,173,CZ,CA,8.043565
tcr_17_2,E,A,Y,A,67,173,CZ,CB,8.064596
tcr_17_2,E,A,Y,K,67,170,CZ,O,9.829098
tcr_17_2,E,A,Y,A,67,174,CZ,CA,7.221045
tcr_17_2,E,A,Y,A,67,174,CZ,N,7.6065116
tcr_17_2,E,A,Y,A,67,173,CZ,O,5.9879375
tcr_17_2,E,A,Y,A,67,173,CZ,C,7.0464506
tcr_17_2,E,A,Y,A,67,174,CZ,CB,8.066459
tcr_17_2,E,A,Y,A,67,174,CZ,C,7.7670813
tcr_17_2,E,A,Y,R,67,175,OH,N,7.8773723
tcr_17_2,E,A,Y,R,67,175,OH,CB,8.410747
tcr_17_2,E,A,Y,R,67,175,OH,CG,7.5062594
tcr_17_2,E,A,Y,R,67,175,OH,CZ,7.33422
tcr_17_2,E,A,Y,R,67,175,OH,NH1,8.31838
tcr_17_2,E,A,Y,R,67,175,OH,NE,6.8905873
tcr_17_2,E,A,Y,R,67,175,OH,NH2,7.0506234
tcr_17_2,E,A,Y,R,67,175,OH,CD,7.5159297
tcr_17_2,E,A,Y,A,67,174,OH,O,7.4343266
tcr_17_2,E,A,Y,R,67,175,OH,CA,8.883381
tcr_17_2,E,A,Y,R,67,175,OH,C,9.982377
tcr_17_2,E,A,Y,E,67,172,OH,O,8.453429
tcr_17_2,E,A,Y,E,67,172,OH,C,8.922419
tcr_17_2,E,A,Y,A,67,173,OH,N,8.304212
tcr_17_2,E,A,Y,A,67,173,OH,CA,6.891364
tcr_17_2,E,A,Y,A,67,173,OH,CB,6.8981204
tcr_17_2,E,A,Y,K,67,170,OH,O,9.011085
tcr_17_2,E,A,Y,A,67,174,OH,CA,6.6079655
tcr_17_2,E,A,Y,A,67,174,OH,N,6.762919
tcr_17_2,E,A,Y,A,67,173,OH,O,4.9670506
tcr_17_2,E,A,Y,A,67,173,OH,C,6.03592
tcr_17_2,E,A,Y,A,67,174,OH,CB,7.5835495
tcr_17_2,E,A,Y,A,67,174,OH,C,7.2287526
tcr_17_2,E,A,S,R,68,175,N,CZ,9.949568
tcr_17_2,E,A,S,R,68,175,N,NE,9.85311
tcr_17_2,E,A,S,R,68,175,N,CD,9.812528
tcr_17_2,E,A,S,A,68,174,N,O,9.164729
tcr_17_2,E,A,S,Q,68,179,N,NE2,8.908711
tcr_17_2,E,A,S,A,68,174,N,C,9.926633
tcr_17_2,E,A,S,Q,68,179,CA,CG,9.451975
tcr_17_2,E,A,S,R,68,175,CA,CB,9.555281
tcr_17_2,E,A,S,R,68,175,CA,CG,9.593125
tcr_17_2,E,A,S,R,68,175,CA,CZ,9.353492
tcr_17_2,E,A,S,R,68,175,CA,NH1,9.321843
tcr_17_2,E,A,S,R,68,175,CA,NE,9.222701
tcr_17_2,E,A,S,R,68,175,CA,NH2,9.778033
tcr_17_2,E,A,S,R,68,175,CA,CD,9.008509
tcr_17_2,E,A,S,A,68,174,CA,O,8.349166
tcr_17_2,E,A,S,Q,68,179,CA,NE2,7.682477
tcr_17_2,E,A,S,A,68,174,CA,CA,9.503482
tcr_17_2,E,A,S,A,68,173,CA,O,9.822799
tcr_17_2,E,A,S,A,68,174,CA,CB,9.9704485
tcr_17_2,E,A,S,A,68,174,CA,C,9.2202215
tcr_17_2,E,A,S,Q,68,179,CA,OE1,9.42948
tcr_17_2,E,A,S,Q,68,179,CA,CD,8.797516
tcr_17_2,E,A,S,Q,68,179,C,CG,8.55533
tcr_17_2,E,A,S,R,68,175,C,N,9.450074
tcr_17_2,E,A,S,R,68,175,C,CB,9.101531
tcr_17_2,E,A,S,R,68,175,C,CG,9.3122425
tcr_17_2,E,A,S,R,68,175,C,CZ,9.668513
tcr_17_2,E,A,S,R,68,175,C,NH1,9.710239
tcr_17_2,E,A,S,R,68,175,C,NE,9.334901
tcr_17_2,E,A,S,R,68,175,C,CD,8.947103
tcr_17_2,E,A,S,A,68,174,C,O,7.4760103
tcr_17_2,E,A,S,R,68,175,C,CA,9.793835
tcr_17_2,E,A,S,R,68,175,C,C,9.898051
tcr_17_2,E,A,S,R,68,175,C,O,9.756598
tcr_17_2,E,A,S,Q,68,179,C,NE2,6.572788
tcr_17_2,E,A,S,A,68,174,C,CA,8.648446
tcr_17_2,E,A,S,A,68,174,C,N,9.905926
tcr_17_2,E,A,S,A,68,173,C,O,9.348717
tcr_17_2,E,A,S,A,68,174,C,CB,8.929055
tcr_17_2,E,A,S,A,68,174,C,C,8.413389
tcr_17_2,E,A,S,E,68,176,C,OE2,9.954402
tcr_17_2,E,A,S,Q,68,179,C,OE1,8.265034
tcr_17_2,E,A,S,Q,68,179,C,CD,7.725752
tcr_17_2,E,A,S,Q,68,179,O,CG,9.079632
tcr_17_2,E,A,S,A,68,174,O,O,8.091827
tcr_17_2,E,A,S,Q,68,179,O,NE2,6.9598994
tcr_17_2,E,A,S,A,68,174,O,CA,9.132824
tcr_17_2,E,A,S,A,68,173,O,O,9.999351
tcr_17_2,E,A,S,A,68,174,O,CB,9.234471
tcr_17_2,E,A,S,A,68,174,O,C,9.02984
tcr_17_2,E,A,S,Q,68,179,O,OE1,8.463212
tcr_17_2,E,A,S,Q,68,179,O,CD,8.086722
tcr_17_2,E,A,S,Q,68,179,CB,CG,9.652399
tcr_17_2,E,A,S,R,68,175,CB,NH1,9.957055
tcr_17_2,E,A,S,R,68,175,CB,CD,9.864741
tcr_17_2,E,A,S,A,68,174,CB,O,9.4032755
tcr_17_2,E,A,S,Q,68,179,CB,NE2,8.081258
tcr_17_2,E,A,S,Q,68,179,CB,OE1,9.633644
tcr_17_2,E,A,S,Q,68,179,CB,CD,9.058848
tcr_17_2,E,A,S,E,68,178,OG,OE2,9.862144
tcr_17_2,E,A,S,Q,68,179,OG,CG,8.500615
tcr_17_2,E,A,S,Q,68,179,OG,CB,9.969514
tcr_17_2,E,A,S,R,68,175,OG,CB,9.851589
tcr_17_2,E,A,S,R,68,175,OG,CZ,9.97183
tcr_17_2,E,A,S,R,68,175,OG,NH1,9.641551
tcr_17_2,E,A,S,R,68,175,OG,NE,9.910136
tcr_17_2,E,A,S,R,68,175,OG,CD,9.455889
tcr_17_2,E,A,S,A,68,174,OG,O,8.958569
tcr_17_2,E,A,S,Q,68,179,OG,NE2,7.119659
tcr_17_2,E,A,S,A,68,174,OG,C,9.996237
tcr_17_2,E,A,S,Q,68,179,OG,OE1,8.570856
tcr_17_2,E,A,S,Q,68,179,OG,CD,7.9881268
tcr_17_2,E,A,V,E,69,178,N,CD,9.9902315
tcr_17_2,E,A,V,E,69,178,N,OE2,9.147663
tcr_17_2,E,A,V,Q,69,179,N,CA,9.833073
tcr_17_2,E,A,V,Q,69,179,N,N,9.824821
tcr_17_2,E,A,V,Q,69,179,N,CG,7.378147
tcr_17_2,E,A,V,Q,69,179,N,CB,8.867176
tcr_17_2,E,A,V,R,69,175,N,N,8.234553
tcr_17_2,E,A,V,R,69,175,N,CB,7.846384
tcr_17_2,E,A,V,R,69,175,N,CG,8.151939
tcr_17_2,E,A,V,R,69,175,N,CZ,8.809653
tcr_17_2,E,A,V,R,69,175,N,NH1,8.851898
tcr_17_2,E,A,V,R,69,175,N,NE,8.374649
tcr_17_2,E,A,V,R,69,175,N,NH2,9.461476
tcr_17_2,E,A,V,R,69,175,N,CD,7.8559723
tcr_17_2,E,A,V,A,69,174,N,O,6.2417912
tcr_17_2,E,A,V,R,69,175,N,CA,8.5186205
tcr_17_2,E,A,V,R,69,175,N,C,8.584487
tcr_17_2,E,A,V,R,69,175,N,O,8.430178
tcr_17_2,E,A,V,Q,69,179,N,NE2,5.412281
tcr_17_2,E,A,V,E,69,176,N,N,9.114369
tcr_17_2,E,A,V,E,69,176,N,CA,9.539242
tcr_17_2,E,A,V,A,69,174,N,CA,7.5910263
tcr_17_2,E,A,V,A,69,174,N,N,8.887363
tcr_17_2,E,A,V,A,69,173,N,O,8.440961
tcr_17_2,E,A,V,A,69,173,N,C,9.190771
tcr_17_2,E,A,V,A,69,174,N,CB,7.9049478
tcr_17_2,E,A,V,A,69,174,N,C,7.227828
tcr_17_2,E,A,V,E,69,176,N,CD,9.987627
tcr_17_2,E,A,V,E,69,176,N,OE2,8.838532
tcr_17_2,E,A,V,Q,69,179,N,OE1,7.2434382
tcr_17_2,E,A,V,Q,69,179,N,CD,6.604115
tcr_17_2,E,A,V,E,69,178,CA,CB,9.677223
tcr_17_2,E,A,V,E,69,178,CA,CD,9.966184
tcr_17_2,E,A,V,E,69,178,CA,OE2,9.22178
tcr_17_2,E,A,V,Q,69,179,CA,CA,9.0545025
tcr_17_2,E,A,V,Q,69,179,CA,N,9.125804
tcr_17_2,E,A,V,Q,69,179,CA,CG,6.522448
tcr_17_2,E,A,V,Q,69,179,CA,CB,7.941744
tcr_17_2,E,A,V,R,69,175,CA,N,7.6697073
tcr_17_2,E,A,V,R,69,175,CA,CB,7.5548415
tcr_17_2,E,A,V,R,69,175,CA,CG,8.07117
tcr_17_2,E,A,V,R,69,175,CA,CZ,9.336283
tcr_17_2,E,A,V,R,69,175,CA,NH1,9.4319725
tcr_17_2,E,A,V,R,69,175,CA,NE,8.720022
tcr_17_2,E,A,V,R,69,175,CA,CD,8.023877
tcr_17_2,E,A,V,A,69,174,CA,O,5.5135484
tcr_17_2,E,A,V,R,69,175,CA,CA,7.9938536
tcr_17_2,E,A,V,R,69,175,CA,C,7.8673973
tcr_17_2,E,A,V,R,69,175,CA,O,7.7482243
tcr_17_2,E,A,V,Q,69,179,CA,NE2,4.3214383
tcr_17_2,E,A,V,E,69,176,CA,N,8.2320795
tcr_17_2,E,A,V,E,69,176,CA,CA,8.509805
tcr_17_2,E,A,V,E,69,176,CA,C,9.578091
tcr_17_2,E,A,V,W,69,171,CA,O,9.944698
tcr_17_2,E,A,V,A,69,174,CA,CA,6.9195027
tcr_17_2,E,A,V,A,69,174,CA,N,8.3062
tcr_17_2,E,A,V,A,69,173,CA,O,8.230064
tcr_17_2,E,A,V,A,69,173,CA,C,8.807848
tcr_17_2,E,A,V,A,69,174,CA,CB,6.9970026
tcr_17_2,E,A,V,A,69,174,CA,C,6.575763
tcr_17_2,E,A,V,E,69,176,CA,CD,8.660842
tcr_17_2,E,A,V,E,69,176,CA,O,9.680792
tcr_17_2,E,A,V,E,69,176,CA,CB,9.230095
tcr_17_2,E,A,V,E,69,176,CA,CG,9.6628475
tcr_17_2,E,A,V,E,69,176,CA,OE1,9.202191
tcr_17_2,E,A,V,E,69,176,CA,OE2,7.5065756
tcr_17_2,E,A,V,Q,69,179,CA,OE1,6.082844
tcr_17_2,E,A,V,Q,69,179,CA,CD,5.5498757
tcr_17_2,E,A,V,E,69,178,C,CB,9.256544
tcr_17_2,E,A,V,E,69,178,C,CD,9.882787
tcr_17_2,E,A,V,E,69,178,C,OE2,9.087637
tcr_17_2,E,A,V,Q,69,179,C,CA,8.055882
tcr_17_2,E,A,V,Q,69,179,C,N,8.32881
tcr_17_2,E,A,V,E,69,178,C,C,9.344775
tcr_17_2,E,A,V,E,69,178,C,CA,9.89888
tcr_17_2,E,A,V,Q,69,179,C,CG,5.5203485
tcr_17_2,E,A,V,Q,69,179,C,CB,6.911677
tcr_17_2,E,A,V,Q,69,179,C,O,9.936729
tcr_17_2,E,A,V,Q,69,179,C,C,9.350704
tcr_17_2,E,A,V,L,69,180,C,N,9.972053
tcr_17_2,E,A,V,R,69,175,C,N,8.165596
tcr_17_2,E,A,V,R,69,175,C,CB,7.852457
tcr_17_2,E,A,V,R,69,175,C,CG,8.598586
tcr_17_2,E,A,V,R,69,175,C,NH1,9.937674
tcr_17_2,E,A,V,R,69,175,C,NE,9.403473
tcr_17_2,E,A,V,R,69,175,C,CD,8.532197
tcr_17_2,E,A,V,A,69,174,C,O,5.9853797
tcr_17_2,E,A,V,R,69,175,C,CA,8.269525
tcr_17_2,E,A,V,R,69,175,C,C,7.883026
tcr_17_2,E,A,V,R,69,175,C,O,7.5634017
tcr_17_2,E,A,V,Q,69,179,C,NE2,3.4262593
tcr_17_2,E,A,V,E,69,176,C,N,8.2384205
tcr_17_2,E,A,V,E,69,176,C,CA,8.292461
tcr_17_2,E,A,V,E,69,176,C,C,9.203357
tcr_17_2,E,A,V,A,69,174,C,CA,7.7124667
tcr_17_2,E,A,V,A,69,174,C,N,9.146086
tcr_17_2,E,A,V,A,69,173,C,O,9.277666
tcr_17_2,E,A,V,A,69,173,C,C,9.764622
tcr_17_2,E,A,V,A,69,174,C,CB,7.6777415
tcr_17_2,E,A,V,A,69,174,C,C,7.1615095
tcr_17_2,E,A,V,E,69,176,C,CD,8.253293
tcr_17_2,E,A,V,E,69,176,C,O,9.115022
tcr_17_2,E,A,V,E,69,176,C,CB,9.089178
tcr_17_2,E,A,V,E,69,176,C,CG,9.345385
tcr_17_2,E,A,V,E,69,176,C,OE1,8.641042
tcr_17_2,E,A,V,E,69,176,C,OE2,7.2069354
tcr_17_2,E,A,V,Q,69,179,C,OE1,4.922676
tcr_17_2,E,A,V,Q,69,179,C,CD,4.490369
tcr_17_2,E,A,V,E,69,178,O,CB,9.343842
tcr_17_2,E,A,V,E,69,178,O,OE2,9.530976
tcr_17_2,E,A,V,Q,69,179,O,CA,7.633037
tcr_17_2,E,A,V,Q,69,179,O,N,8.032947
tcr_17_2,E,A,V,E,69,178,O,O,9.859675
tcr_17_2,E,A,V,E,69,178,O,C,9.156064
tcr_17_2,E,A,V,E,69,178,O,CA,9.804939
tcr_17_2,E,A,V,Q,69,179,O,CG,5.0972524
tcr_17_2,E,A,V,Q,69,179,O,CB,6.3464775
tcr_17_2,E,A,V,Q,69,179,O,O,9.388354
tcr_17_2,E,A,V,Q,69,179,O,C,8.811287
tcr_17_2,E,A,V,L,69,180,O,N,9.3747
tcr_17_2,E,A,V,R,69,175,O,N,8.20883
tcr_17_2,E,A,V,R,69,175,O,CB,8.106432
tcr_17_2,E,A,V,R,69,175,O,CG,9.001111
tcr_17_2,E,A,V,R,69,175,O,CD,9.105343
tcr_17_2,E,A,V,A,69,174,O,O,5.997619
tcr_17_2,E,A,V,R,69,175,O,CA,8.319295
tcr_17_2,E,A,V,R,69,175,O,C,7.7434735
tcr_17_2,E,A,V,R,69,175,O,O,7.4347773
tcr_17_2,E,A,V,Q,69,179,O,NE2,2.8753922
tcr_17_2,E,A,V,E,69,176,O,N,7.928819
tcr_17_2,E,A,V,E,69,178,O,N,9.850294
tcr_17_2,E,A,V,A,69,177,O,N,9.84111
tcr_17_2,E,A,V,E,69,176,O,CA,7.789894
tcr_17_2,E,A,V,E,69,176,O,C,8.706468
tcr_17_2,E,A,V,A,69,174,O,CA,7.7077293
tcr_17_2,E,A,V,A,69,174,O,N,9.1654415
tcr_17_2,E,A,V,A,69,173,O,O,9.585924
tcr_17_2,E,A,V,A,69,173,O,C,9.929152
tcr_17_2,E,A,V,A,69,174,O,CB,7.4509697
tcr_17_2,E,A,V,A,69,174,O,C,7.18328
tcr_17_2,E,A,V,E,69,176,O,CD,7.359682
tcr_17_2,E,A,V,E,69,176,O,O,8.5470705
tcr_17_2,E,A,V,E,69,176,O,CB,8.4725685
tcr_17_2,E,A,V,E,69,176,O,CG,8.559278
tcr_17_2,E,A,V,E,69,176,O,OE1,7.6392646
tcr_17_2,E,A,V,E,69,176,O,OE2,6.355149
tcr_17_2,E,A,V,Q,69,179,O,OE1,4.032799
tcr_17_2,E,A,V,Q,69,179,O,CD,3.8346925
tcr_17_2,E,A,V,E,69,178,CB,CB,8.880702
tcr_17_2,E,A,V,E,69,178,CB,CD,9.099732
tcr_17_2,E,A,V,E,69,178,CB,CG,9.504883
tcr_17_2,E,A,V,E,69,178,CB,OE2,8.504151
tcr_17_2,E,A,V,Q,69,179,CB,CA,8.616098
tcr_17_2,E,A,V,Q,69,179,CB,N,8.494493
tcr_17_2,E,A,V,E,69,178,CB,C,9.453046
tcr_17_2,E,A,V,E,69,178,CB,CA,9.633814
tcr_17_2,E,A,V,Q,69,179,CB,CG,6.158886
tcr_17_2,E,A,V,Q,69,179,CB,CB,7.5282845
tcr_17_2,E,A,V,Q,69,179,CB,C,9.950386
tcr_17_2,E,A,V,R,69,175,CB,N,6.1799393
tcr_17_2,E,A,V,R,69,175,CB,CB,6.295369
tcr_17_2,E,A,V,R,69,175,CB,CG,6.808808
tcr_17_2,E,A,V,R,69,175,CB,CZ,8.474672
tcr_17_2,E,A,V,R,69,175,CB,NH1,8.709261
tcr_17_2,E,A,V,R,69,175,CB,NE,7.7003317
tcr_17_2,E,A,V,R,69,175,CB,NH2,9.249453
tcr_17_2,E,A,V,R,69,175,CB,CD,6.962618
tcr_17_2,E,A,V,E,69,178,CB,OE1,9.600357
tcr_17_2,E,A,V,A,69,174,CB,O,4.0249233
tcr_17_2,E,A,V,R,69,175,CB,CA,6.612074
tcr_17_2,E,A,V,R,69,175,CB,C,6.5702
tcr_17_2,E,A,V,R,69,175,CB,O,6.610454
tcr_17_2,E,A,V,Q,69,179,CB,NE2,3.9672735
tcr_17_2,E,A,V,E,69,176,CB,N,6.8978486
tcr_17_2,E,A,V,E,69,178,CB,N,9.513871
tcr_17_2,E,A,V,A,69,177,CB,N,9.349673
tcr_17_2,E,A,V,E,69,176,CB,CA,7.306919
tcr_17_2,E,A,V,E,69,176,CB,C,8.469124
tcr_17_2,E,A,V,E,69,172,CB,O,9.011474
tcr_17_2,E,A,V,E,69,172,CB,C,9.560527
tcr_17_2,E,A,V,W,69,171,CB,C,9.377874
tcr_17_2,E,A,V,W,69,171,CB,CA,9.572915
tcr_17_2,E,A,V,W,69,171,CB,O,8.444289
tcr_17_2,E,A,V,A,69,173,CB,N,9.513044
tcr_17_2,E,A,V,K,69,170,CB,C,9.919803
tcr_17_2,E,A,V,A,69,173,CB,CA,8.858545
tcr_17_2,E,A,V,A,69,173,CB,CB,9.487066
tcr_17_2,E,A,V,K,69,170,CB,O,8.805082
tcr_17_2,E,A,V,A,69,174,CB,CA,5.385683
tcr_17_2,E,A,V,A,69,174,CB,N,6.7789855
tcr_17_2,E,A,V,A,69,173,CB,O,6.8032913
tcr_17_2,E,A,V,A,69,173,CB,C,7.317405
tcr_17_2,E,A,V,A,69,174,CB,CB,5.5241847
tcr_17_2,E,A,V,A,69,174,CB,C,5.0509734
tcr_17_2,E,A,V,E,69,176,CB,CD,7.719936
tcr_17_2,E,A,V,E,69,176,CB,O,8.724418
tcr_17_2,E,A,V,E,69,176,CB,CB,7.992648
tcr_17_2,E,A,V,E,69,176,CB,CG,8.577541
tcr_17_2,E,A,V,E,69,176,CB,OE1,8.422114
tcr_17_2,E,A,V,E,69,176,CB,OE2,6.5290303
tcr_17_2,E,A,V,Q,69,179,CB,OE1,5.941456
tcr_17_2,E,A,V,Q,69,179,CB,CD,5.2750764
tcr_17_2,E,A,V,E,69,178,CG1,CB,9.744049
tcr_17_2,E,A,V,E,69,178,CG1,CD,9.642837
tcr_17_2,E,A,V,E,69,178,CG1,OE2,9.124996
tcr_17_2,E,A,V,Q,69,179,CG1,CA,9.925761
tcr_17_2,E,A,V,Q,69,179,CG1,N,9.669021
tcr_17_2,E,A,V,Q,69,179,CG1,CG,7.5429287
tcr_17_2,E,A,V,Q,69,179,CG1,CB,8.877878
tcr_17_2,E,A,V,R,69,175,CG1,N,6.1190033
tcr_17_2,E,A,V,R,69,175,CG1,CB,6.533023
tcr_17_2,E,A,V,R,69,175,CG1,CG,6.7371
tcr_17_2,E,A,V,R,69,175,CG1,CZ,8.214182
tcr_17_2,E,A,V,R,69,175,CG1,NH1,8.647968
tcr_17_2,E,A,V,R,69,175,CG1,NE,7.4277987
tcr_17_2,E,A,V,R,69,175,CG1,NH2,8.812071
tcr_17_2,E,A,V,R,69,175,CG1,CD,6.9395247
tcr_17_2,E,A,V,E,69,178,CG1,OE1,9.961474
tcr_17_2,E,A,V,A,69,174,CG1,O,4.191356
tcr_17_2,E,A,V,R,69,175,CG1,CA,6.8261294
tcr_17_2,E,A,V,R,69,175,CG1,C,7.0776677
tcr_17_2,E,A,V,R,69,175,CG1,O,7.336532
tcr_17_2,E,A,V,Q,69,179,CG1,NE2,5.403339
tcr_17_2,E,A,V,E,69,176,CG1,N,7.3722596
tcr_17_2,E,A,V,E,69,176,CG1,CA,7.981231
tcr_17_2,E,A,V,E,69,176,CG1,C,9.254194
tcr_17_2,E,A,V,E,69,172,CG1,O,8.616062
tcr_17_2,E,A,V,E,69,172,CG1,C,9.1127825
tcr_17_2,E,A,V,W,69,171,CG1,C,9.227271
tcr_17_2,E,A,V,W,69,171,CG1,CA,9.435165
tcr_17_2,E,A,V,W,69,171,CG1,O,8.396938
tcr_17_2,E,A,V,W,69,171,CG1,N,9.990634
tcr_17_2,E,A,V,A,69,173,CG1,N,8.886569
tcr_17_2,E,A,V,K,69,170,CG1,C,9.42026
tcr_17_2,E,A,V,A,69,173,CG1,CA,8.050142
tcr_17_2,E,A,V,A,69,173,CG1,CB,8.521444
tcr_17_2,E,A,V,K,69,170,CG1,O,8.242264
tcr_17_2,E,A,V,A,69,174,CG1,CA,4.896753
tcr_17_2,E,A,V,A,69,174,CG1,N,6.1614213
tcr_17_2,E,A,V,A,69,173,CG1,O,5.9155474
tcr_17_2,E,A,V,A,69,173,CG1,C,6.532351
tcr_17_2,E,A,V,A,69,174,CG1,CB,5.1692567
tcr_17_2,E,A,V,A,69,174,CG1,C,4.930042
tcr_17_2,E,A,V,E,69,176,CG1,CD,8.5045595
tcr_17_2,E,A,V,E,69,176,CG1,O,9.674303
tcr_17_2,E,A,V,E,69,176,CG1,CB,8.531835
tcr_17_2,E,A,V,E,69,176,CG1,CG,9.254609
tcr_17_2,E,A,V,E,69,176,CG1,OE1,9.30502
tcr_17_2,E,A,V,E,69,176,CG1,OE2,7.273767
tcr_17_2,E,A,V,Q,69,179,CG1,OE1,7.3709326
tcr_17_2,E,A,V,Q,69,179,CG1,CD,6.708143
tcr_17_2,E,A,V,E,69,178,CG2,CB,7.4452543
tcr_17_2,E,A,V,E,69,178,CG2,CD,7.5851226
tcr_17_2,E,A,V,E,69,178,CG2,CG,8.029518
tcr_17_2,E,A,V,E,69,178,CG2,OE2,6.976973
tcr_17_2,E,A,V,Q,69,179,CG2,CA,7.6444163
tcr_17_2,E,A,V,Q,69,179,CG2,N,7.3597054
tcr_17_2,E,A,V,E,69,178,CG2,O,9.143221
tcr_17_2,E,A,V,E,69,178,CG2,C,8.2070265
tcr_17_2,E,A,V,E,69,178,CG2,CA,8.295484
tcr_17_2,E,A,V,Q,69,179,CG2,CG,5.331965
tcr_17_2,E,A,V,Q,69,179,CG2,CB,6.746388
tcr_17_2,E,A,V,Q,69,179,CG2,O,9.924105
tcr_17_2,E,A,V,Q,69,179,CG2,C,9.053846
tcr_17_2,E,A,V,L,69,180,CG2,N,9.4300585
tcr_17_2,E,A,V,R,69,175,CG2,N,5.325182
tcr_17_2,E,A,V,R,69,175,CG2,CB,4.9866734
tcr_17_2,E,A,V,R,69,175,CG2,CG,5.576032
tcr_17_2,E,A,V,R,69,175,CG2,CZ,7.280323
tcr_17_2,E,A,V,R,69,175,CG2,NH1,7.419431
tcr_17_2,E,A,V,R,69,175,CG2,NE,6.5080166
tcr_17_2,E,A,V,R,69,175,CG2,NH2,8.1765375
tcr_17_2,E,A,V,R,69,175,CG2,CD,5.635769
tcr_17_2,E,A,V,E,69,178,CG2,OE1,8.110733
tcr_17_2,E,A,V,A,69,174,CG2,O,3.3146672
tcr_17_2,E,A,V,R,69,175,CG2,CA,5.5009747
tcr_17_2,E,A,V,R,69,175,CG2,C,5.5010495
tcr_17_2,E,A,V,R,69,175,CG2,O,5.418288
tcr_17_2,E,A,V,Q,69,179,CG2,NE2,3.5539389
tcr_17_2,E,A,V,A,69,177,CG2,C,9.269553
tcr_17_2,E,A,V,E,69,176,CG2,N,6.060938
tcr_17_2,E,A,V,E,69,178,CG2,N,8.256803
tcr_17_2,E,A,V,A,69,177,CG2,N,8.386487
tcr_17_2,E,A,V,E,69,176,CG2,CA,6.5916014
tcr_17_2,E,A,V,A,69,177,CG2,CA,9.510732
tcr_17_2,E,A,V,E,69,176,CG2,C,7.6077785
tcr_17_2,E,A,V,E,69,172,CG2,N,9.83055
tcr_17_2,E,A,V,E,69,172,CG2,CA,9.825142
tcr_17_2,E,A,V,E,69,172,CG2,O,8.211378
tcr_17_2,E,A,V,E,69,172,CG2,C,8.902592
tcr_17_2,E,A,V,W,69,171,CG2,C,8.8963585
tcr_17_2,E,A,V,W,69,171,CG2,CA,9.3023405
tcr_17_2,E,A,V,W,69,171,CG2,O,7.8489676
tcr_17_2,E,A,V,A,69,173,CG2,N,9.045563
tcr_17_2,E,A,V,K,69,170,CG2,C,9.902625
tcr_17_2,E,A,V,A,69,173,CG2,CA,8.477649
tcr_17_2,E,A,V,A,69,173,CG2,CB,9.3274355
tcr_17_2,E,A,V,K,69,170,CG2,O,8.808271
tcr_17_2,E,A,V,A,69,174,CG2,CA,5.1407347
tcr_17_2,E,A,V,A,69,174,CG2,N,6.4834447
tcr_17_2,E,A,V,A,69,173,CG2,O,6.409657
tcr_17_2,E,A,V,A,69,173,CG2,C,6.9566174
tcr_17_2,E,A,V,A,69,174,CG2,CB,5.564121
tcr_17_2,E,A,V,A,69,174,CG2,C,4.411447
tcr_17_2,E,A,V,E,69,176,CG2,CD,7.5779133
tcr_17_2,E,A,V,E,69,176,CG2,O,7.879234
tcr_17_2,E,A,V,E,69,176,CG2,CB,7.5133185
tcr_17_2,E,A,V,E,69,176,CG2,CG,8.245878
tcr_17_2,E,A,V,E,69,176,CG2,OE1,8.365261
tcr_17_2,E,A,V,E,69,176,CG2,OE2,6.4762325
tcr_17_2,E,A,V,Q,69,179,CG2,OE1,5.712373
tcr_17_2,E,A,V,Q,69,179,CG2,CD,4.794346
tcr_17_2,E,A,G,E,70,178,N,CB,9.123193
tcr_17_2,E,A,G,E,70,178,N,CD,9.71542
tcr_17_2,E,A,G,E,70,178,N,OE2,8.797294
tcr_17_2,E,A,G,Q,70,179,N,CA,7.982989
tcr_17_2,E,A,G,Q,70,179,N,N,8.303941
tcr_17_2,E,A,G,E,70,178,N,O,9.7920685
tcr_17_2,E,A,G,E,70,178,N,C,9.216974
tcr_17_2,E,A,G,E,70,178,N,CA,9.838791
tcr_17_2,E,A,G,Q,70,179,N,CG,5.5682793
tcr_17_2,E,A,G,Q,70,179,N,CB,6.997332
tcr_17_2,E,A,G,Q,70,179,N,O,9.798242
tcr_17_2,E,A,G,Q,70,179,N,C,9.319809
tcr_17_2,E,A,G,R,70,175,N,N,8.852574
tcr_17_2,E,A,G,R,70,175,N,CB,8.182039
tcr_17_2,E,A,G,R,70,175,N,CG,8.911676
tcr_17_2,E,A,G,R,70,175,N,CZ,9.952344
tcr_17_2,E,A,G,R,70,175,N,NH1,9.724267
tcr_17_2,E,A,G,R,70,175,N,NE,9.499772
tcr_17_2,E,A,G,R,70,175,N,CD,8.637329
tcr_17_2,E,A,G,A,70,174,N,O,6.7784996
tcr_17_2,E,A,G,R,70,175,N,CA,8.784698
tcr_17_2,E,A,G,R,70,175,N,C,8.406834
tcr_17_2,E,A,G,R,70,175,N,O,7.929154
tcr_17_2,E,A,G,Q,70,179,N,NE2,3.914651
tcr_17_2,E,A,G,E,70,176,N,N,8.91058
tcr_17_2,E,A,G,E,70,176,N,CA,8.973212
tcr_17_2,E,A,G,E,70,176,N,C,9.725884
tcr_17_2,E,A,G,A,70,174,N,CA,8.662994
tcr_17_2,E,A,G,A,70,174,N,CB,8.764948
tcr_17_2,E,A,G,A,70,174,N,C,7.9676332
tcr_17_2,E,A,G,E,70,176,N,CD,9.136835
tcr_17_2,E,A,G,E,70,176,N,O,9.54903
tcr_17_2,E,A,G,E,70,176,N,CB,9.914341
tcr_17_2,E,A,G,E,70,176,N,OE1,9.486068
tcr_17_2,E,A,G,E,70,176,N,OE2,8.166247
tcr_17_2,E,A,G,Q,70,179,N,OE1,5.2803664
tcr_17_2,E,A,G,Q,70,179,N,CD,4.7823353
tcr_17_2,E,A,G,E,70,178,CA,CB,9.056336
tcr_17_2,E,A,G,E,70,178,CA,CD,9.928553
tcr_17_2,E,A,G,E,70,178,CA,OE2,8.975475
tcr_17_2,E,A,G,Q,70,179,CA,CA,7.3962026
tcr_17_2,E,A,G,Q,70,179,CA,N,7.927514
tcr_17_2,E,A,G,E,70,178,CA,O,9.249702
tcr_17_2,E,A,G,E,70,178,CA,C,8.829599
tcr_17_2,E,A,G,A,70,182,CA,CB,9.565528
tcr_17_2,E,A,G,E,70,178,CA,CA,9.647156
tcr_17_2,E,A,G,Q,70,179,CA,CG,5.161917
tcr_17_2,E,A,G,Q,70,179,CA,CB,6.47151
tcr_17_2,E,A,G,Q,70,179,CA,O,8.971587
tcr_17_2,E,A,G,Q,70,179,CA,C,8.6519575
tcr_17_2,E,A,G,L,70,180,CA,N,9.547656
tcr_17_2,E,A,G,R,70,175,CA,N,9.659613
tcr_17_2,E,A,G,R,70,175,CA,CB,8.830792
tcr_17_2,E,A,G,R,70,175,CA,CG,9.704521
tcr_17_2,E,A,G,R,70,175,CA,CD,9.403944
tcr_17_2,E,A,G,A,70,174,CA,O,7.647928
tcr_17_2,E,A,G,R,70,175,CA,CA,9.417495
tcr_17_2,E,A,G,R,70,175,CA,C,8.856316
tcr_17_2,E,A,G,R,70,175,CA,O,8.213831
tcr_17_2,E,A,G,Q,70,179,CA,NE2,3.9936872
tcr_17_2,E,A,G,E,70,176,CA,N,9.355172
tcr_17_2,E,A,G,E,70,176,CA,CA,9.240133
tcr_17_2,E,A,G,E,70,176,CA,C,9.807619
tcr_17_2,E,A,G,A,70,174,CA,CA,9.689833
tcr_17_2,E,A,G,A,70,174,CA,CB,9.727611
tcr_17_2,E,A,G,A,70,174,CA,C,8.8694105
tcr_17_2,E,A,G,E,70,176,CA,CD,9.277543
tcr_17_2,E,A,G,E,70,176,CA,O,9.451654
tcr_17_2,E,A,G,E,70,176,CA,OE1,9.477874
tcr_17_2,E,A,G,E,70,176,CA,OE2,8.447043
tcr_17_2,E,A,G,Q,70,179,CA,OE1,4.8375244
tcr_17_2,E,A,G,Q,70,179,CA,CD,4.484373
tcr_17_2,E,A,G,E,70,178,C,CB,9.134169
tcr_17_2,E,A,G,E,70,178,C,CD,9.85505
tcr_17_2,E,A,G,E,70,178,C,OE2,8.786864
tcr_17_2,E,A,G,Q,70,179,C,CA,7.80483
tcr_17_2,E,A,G,Q,70,179,C,N,8.299167
tcr_17_2,E,A,G,E,70,178,C,O,9.301316
tcr_17_2,E,A,G,E,70,178,C,C,9.0211735
tcr_17_2,E,A,G,A,70,182,C,CB,9.310517
tcr_17_2,E,A,G,E,70,178,C,CA,9.836729
tcr_17_2,E,A,G,Q,70,179,C,CG,5.8523173
tcr_17_2,E,A,G,Q,70,179,C,CB,7.137952
tcr_17_2,E,A,G,Q,70,179,C,O,9.300843
tcr_17_2,E,A,G,Q,70,179,C,C,9.086971
tcr_17_2,E,A,G,R,70,175,C,CB,9.288125
tcr_17_2,E,A,G,R,70,175,C,CD,9.55649
tcr_17_2,E,A,G,A,70,174,C,O,8.566851
tcr_17_2,E,A,G,R,70,175,C,C,9.589728
tcr_17_2,E,A,G,R,70,175,C,O,8.844599
tcr_17_2,E,A,G,Q,70,179,C,NE2,5.152196
tcr_17_2,E,A,G,A,70,174,C,C,9.759977
tcr_17_2,E,A,G,E,70,176,C,OE2,9.741365
tcr_17_2,E,A,G,Q,70,179,C,OE1,5.9726133
tcr_17_2,E,A,G,Q,70,179,C,CD,5.518013
tcr_17_2,E,A,G,E,70,178,O,CB,9.07861
tcr_17_2,E,A,G,E,70,178,O,CD,9.479041
tcr_17_2,E,A,G,E,70,178,O,OE2,8.355174
tcr_17_2,E,A,G,Q,70,179,O,CA,8.368301
tcr_17_2,E,A,G,Q,70,179,O,N,8.676572
tcr_17_2,E,A,G,E,70,178,O,O,9.607531
tcr_17_2,E,A,G,E,70,178,O,C,9.291786
tcr_17_2,E,A,G,A,70,182,O,CB,9.795613
tcr_17_2,E,A,G,E,70,178,O,CA,9.952195
tcr_17_2,E,A,G,Q,70,179,O,CG,6.434652
tcr_17_2,E,A,G,Q,70,179,O,CB,7.804846
tcr_17_2,E,A,G,Q,70,179,O,C,9.735505
tcr_17_2,E,A,G,R,70,175,O,CB,8.99958
tcr_17_2,E,A,G,R,70,175,O,CG,9.626966
tcr_17_2,E,A,G,R,70,175,O,CZ,9.871801
tcr_17_2,E,A,G,R,70,175,O,NH1,9.320114
tcr_17_2,E,A,G,R,70,175,O,NE,9.743325
tcr_17_2,E,A,G,R,70,175,O,CD,8.960451
tcr_17_2,E,A,G,A,70,174,O,O,8.50157
tcr_17_2,E,A,G,R,70,175,O,CA,9.925601
tcr_17_2,E,A,G,R,70,175,O,C,9.629221
tcr_17_2,E,A,G,R,70,175,O,O,8.921367
tcr_17_2,E,A,G,Q,70,179,O,NE2,5.6989403
tcr_17_2,E,A,G,A,70,174,O,C,9.642621
tcr_17_2,E,A,G,Q,70,179,O,OE1,6.834335
tcr_17_2,E,A,G,Q,70,179,O,CD,6.2171826
tcr_17_2,E,A,A,E,71,178,N,CB,9.560248
tcr_17_2,E,A,A,E,71,178,N,OE2,9.392104
tcr_17_2,E,A,A,Q,71,179,N,CA,7.851058
tcr_17_2,E,A,A,Q,71,179,N,N,8.513695
tcr_17_2,E,A,A,E,71,178,N,O,9.300392
tcr_17_2,E,A,A,E,71,178,N,C,9.186712
tcr_17_2,E,A,A,A,71,182,N,CB,8.822224
tcr_17_2,E,A,A,Q,71,179,N,CG,6.1892695
tcr_17_2,E,A,A,Q,71,179,N,CB,7.289937
tcr_17_2,E,A,A,Q,71,179,N,O,9.044497
tcr_17_2,E,A,A,Q,71,179,N,C,9.008106
tcr_17_2,E,A,A,A,71,174,N,O,9.639384
tcr_17_2,E,A,A,R,71,175,N,O,9.56556
tcr_17_2,E,A,A,Q,71,179,N,NE2,5.87267
tcr_17_2,E,A,A,Q,71,179,N,OE1,6.2732735
tcr_17_2,E,A,A,Q,71,179,N,CD,5.9705834
tcr_17_2,E,A,A,E,71,178,CA,CB,9.893578
tcr_17_2,E,A,A,E,71,178,CA,OE2,9.533726
tcr_17_2,E,A,A,Q,71,179,CA,CA,8.489358
tcr_17_2,E,A,A,Q,71,179,CA,N,9.104946
tcr_17_2,E,A,A,E,71,178,CA,O,9.574561
tcr_17_2,E,A,A,E,71,178,CA,C,9.60137
tcr_17_2,E,A,A,A,71,182,CA,CB,8.775349
tcr_17_2,E,A,A,Q,71,179,CA,CG,7.1261663
tcr_17_2,E,A,A,Q,71,179,CA,CB,8.158176
tcr_17_2,E,A,A,Q,71,179,CA,O,9.556603
tcr_17_2,E,A,A,Q,71,179,CA,C,9.62024
tcr_17_2,E,A,A,Q,71,179,CA,NE2,7.103244
tcr_17_2,E,A,A,Q,71,179,CA,OE1,7.5061407
tcr_17_2,E,A,A,Q,71,179,CA,CD,7.138993
tcr_17_2,E,A,A,E,71,178,C,CB,8.765104
tcr_17_2,E,A,A,E,71,178,C,CD,9.419031
tcr_17_2,E,A,A,E,71,178,C,CG,9.816461
tcr_17_2,E,A,A,E,71,178,C,OE2,8.251067
tcr_17_2,E,A,A,Q,71,179,C,CA,7.903784
tcr_17_2,E,A,A,Q,71,179,C,N,8.341463
tcr_17_2,E,A,A,E,71,178,C,O,8.608761
tcr_17_2,E,A,A,E,71,178,C,C,8.668881
tcr_17_2,E,A,A,A,71,182,C,CB,7.956681
tcr_17_2,E,A,A,E,71,178,C,CA,9.512574
tcr_17_2,E,A,A,Q,71,179,C,CG,6.766168
tcr_17_2,E,A,A,Q,71,179,C,CB,7.8001766
tcr_17_2,E,A,A,A,71,182,C,CA,9.490121
tcr_17_2,E,A,A,Q,71,179,C,O,9.088196
tcr_17_2,E,A,A,Q,71,179,C,C,9.100143
tcr_17_2,E,A,A,R,71,175,C,O,9.621906
tcr_17_2,E,A,A,Q,71,179,C,NE2,7.0601
tcr_17_2,E,A,A,Q,71,179,C,OE1,7.6414104
tcr_17_2,E,A,A,Q,71,179,C,CD,7.0742974
tcr_17_2,E,A,A,E,71,178,O,CB,7.672926
tcr_17_2,E,A,A,E,71,178,O,CD,8.523011
tcr_17_2,E,A,A,E,71,178,O,CG,8.795473
tcr_17_2,E,A,A,E,71,178,O,OE2,7.405417
tcr_17_2,E,A,A,Q,71,179,O,CA,6.730472
tcr_17_2,E,A,A,Q,71,179,O,N,7.158157
tcr_17_2,E,A,A,E,71,178,O,O,7.386935
tcr_17_2,E,A,A,E,71,178,O,C,7.462668
tcr_17_2,E,A,A,A,71,182,O,CB,6.8379107
tcr_17_2,E,A,A,E,71,178,O,CA,8.347347
tcr_17_2,E,A,A,Q,71,179,O,CG,5.7670937
tcr_17_2,E,A,A,Q,71,179,O,CB,6.726742
tcr_17_2,E,A,A,A,71,182,O,N,8.897372
tcr_17_2,E,A,A,Y,71,183,O,N,9.321347
tcr_17_2,E,A,A,A,71,182,O,C,9.062967
tcr_17_2,E,A,A,A,71,182,O,CA,8.370322
tcr_17_2,E,A,A,Q,71,179,O,O,7.935672
tcr_17_2,E,A,A,A,71,182,O,O,9.634846
tcr_17_2,E,A,A,Q,71,179,O,C,7.927094
tcr_17_2,E,A,A,L,71,180,O,N,9.107812
tcr_17_2,E,A,A,R,71,175,O,CB,9.281515
tcr_17_2,E,A,A,R,71,175,O,NH1,9.667831
tcr_17_2,E,A,A,R,71,175,O,CD,9.440641
tcr_17_2,E,A,A,E,71,178,O,OE1,9.591523
tcr_17_2,E,A,A,A,71,174,O,O,9.595241
tcr_17_2,E,A,A,R,71,175,O,C,9.665095
tcr_17_2,E,A,A,R,71,175,O,O,8.645501
tcr_17_2,E,A,A,Q,71,179,O,NE2,6.3791966
tcr_17_2,E,A,A,E,71,178,O,N,9.378043
tcr_17_2,E,A,A,E,71,176,O,O,9.912381
tcr_17_2,E,A,A,Q,71,179,O,OE1,6.879059
tcr_17_2,E,A,A,Q,71,179,O,CD,6.258929
tcr_17_2,E,A,A,Q,71,179,CB,CA,8.793529
tcr_17_2,E,A,A,Q,71,179,CB,N,9.586815
tcr_17_2,E,A,A,E,71,178,CB,O,9.877558
tcr_17_2,E,A,A,A,71,182,CB,CB,8.553357
tcr_17_2,E,A,A,Q,71,179,CB,CG,7.71867
tcr_17_2,E,A,A,Q,71,179,CB,CB,8.531778
tcr_17_2,E,A,A,Q,71,179,CB,O,9.4844
tcr_17_2,E,A,A,Q,71,179,CB,C,9.739529
tcr_17_2,E,A,A,L,71,187,CB,CD1,9.802631
tcr_17_2,E,A,A,Q,71,179,CB,NE2,7.9453483
tcr_17_2,E,A,A,Q,71,179,CB,OE1,7.956771
tcr_17_2,E,A,A,Q,71,179,CB,CD,7.768949
tcr_17_2,E,A,G,E,72,178,N,CB,9.200423
tcr_17_2,E,A,G,E,72,178,N,CD,9.524028
tcr_17_2,E,A,G,E,72,178,N,OE2,8.303877
tcr_17_2,E,A,G,Q,72,179,N,CA,8.905058
tcr_17_2,E,A,G,Q,72,179,N,N,9.192809
tcr_17_2,E,A,G,E,72,178,N,O,9.325374
tcr_17_2,E,A,G,E,72,178,N,C,9.393583
tcr_17_2,E,A,G,A,72,182,N,CB,8.736083
tcr_17_2,E,A,G,Q,72,179,N,CG,7.8152494
tcr_17_2,E,A,G,Q,72,179,N,CB,8.893831
tcr_17_2,E,A,G,R,72,175,N,NH1,9.69012
tcr_17_2,E,A,G,Q,72,179,N,NE2,8.054089
tcr_17_2,E,A,G,Q,72,179,N,OE1,8.830977
tcr_17_2,E,A,G,Q,72,179,N,CD,8.176952
tcr_17_2,E,A,G,E,72,178,CA,CB,8.54884
tcr_17_2,E,A,G,E,72,178,CA,CD,8.624434
tcr_17_2,E,A,G,E,72,178,CA,CG,9.297214
tcr_17_2,E,A,G,E,72,178,CA,OE2,7.393503
tcr_17_2,E,A,G,Q,72,179,CA,CA,8.913264
tcr_17_2,E,A,G,Q,72,179,CA,N,8.999083
tcr_17_2,E,A,G,E,72,178,CA,O,8.919958
tcr_17_2,E,A,G,E,72,178,CA,C,9.01152
tcr_17_2,E,A,G,A,72,182,CA,CB,8.526923
tcr_17_2,E,A,G,E,72,178,CA,CA,9.550494
tcr_17_2,E,A,G,Q,72,179,CA,CG,8.054337
tcr_17_2,E,A,G,Q,72,179,CA,CB,9.099577
tcr_17_2,E,A,G,R,72,175,CA,CB,9.92057
tcr_17_2,E,A,G,R,72,175,CA,CZ,9.765538
tcr_17_2,E,A,G,R,72,175,CA,NH1,8.745007
tcr_17_2,E,A,G,R,72,175,CA,CD,9.362294
tcr_17_2,E,A,G,E,72,178,CA,OE1,9.483591
tcr_17_2,E,A,G,R,72,175,CA,O,9.994591
tcr_17_2,E,A,G,Q,72,179,CA,NE2,8.502731
tcr_17_2,E,A,G,Q,72,179,CA,OE1,9.413931
tcr_17_2,E,A,G,Q,72,179,CA,CD,8.626225
tcr_17_2,E,A,G,E,72,178,C,CB,7.788398
tcr_17_2,E,A,G,E,72,178,C,CD,7.542499
tcr_17_2,E,A,G,E,72,178,C,CG,8.381182
tcr_17_2,E,A,G,E,72,178,C,OE2,6.2911744
tcr_17_2,E,A,G,Q,72,179,C,CA,8.737137
tcr_17_2,E,A,G,Q,72,179,C,N,8.608877
tcr_17_2,E,A,G,E,72,178,C,O,8.712727
tcr_17_2,E,A,G,E,72,178,C,C,8.622519
tcr_17_2,E,A,G,A,72,182,C,CB,8.921924
tcr_17_2,E,A,G,E,72,178,C,CA,8.954401
tcr_17_2,E,A,G,Q,72,179,C,CG,7.7143373
tcr_17_2,E,A,G,Q,72,179,C,CB,8.878884
tcr_17_2,E,A,G,R,72,175,C,CB,8.683721
tcr_17_2,E,A,G,R,72,175,C,CG,9.059517
tcr_17_2,E,A,G,R,72,175,C,CZ,8.251472
tcr_17_2,E,A,G,R,72,175,C,NH1,7.254548
tcr_17_2,E,A,G,R,72,175,C,NE,8.562168
tcr_17_2,E,A,G,R,72,175,C,NH2,9.140026
tcr_17_2,E,A,G,R,72,175,C,CD,7.936116
tcr_17_2,E,A,G,E,72,178,C,OE1,8.303501
tcr_17_2,E,A,G,A,72,174,C,O,9.658706
tcr_17_2,E,A,G,R,72,175,C,CA,9.979088
tcr_17_2,E,A,G,R,72,175,C,C,9.9447155
tcr_17_2,E,A,G,R,72,175,C,O,9.081777
tcr_17_2,E,A,G,Q,72,179,C,NE2,7.989682
tcr_17_2,E,A,G,Q,72,179,C,OE1,9.205757
tcr_17_2,E,A,G,Q,72,179,C,CD,8.281385
tcr_17_2,E,A,G,E,72,178,O,CB,7.691891
tcr_17_2,E,A,G,E,72,178,O,CD,7.105702
tcr_17_2,E,A,G,E,72,178,O,CG,8.08155
tcr_17_2,E,A,G,E,72,178,O,OE2,5.872203
tcr_17_2,E,A,G,Q,72,179,O,CA,9.243833
tcr_17_2,E,A,G,Q,72,179,O,N,8.946489
tcr_17_2,E,A,G,E,72,178,O,O,8.890719
tcr_17_2,E,A,G,E,72,178,O,C,8.804501
tcr_17_2,E,A,G,A,72,182,O,CB,9.281728
tcr_17_2,E,A,G,E,72,178,O,CA,8.9555855
tcr_17_2,E,A,G,Q,72,179,O,CG,8.39816
tcr_17_2,E,A,G,Q,72,179,O,CB,9.516927
tcr_17_2,E,A,G,R,72,175,O,CB,8.61539
tcr_17_2,E,A,G,R,72,175,O,CG,8.84547
tcr_17_2,E,A,G,R,72,175,O,CZ,7.649395
tcr_17_2,E,A,G,R,72,175,O,NH1,6.5499897
tcr_17_2,E,A,G,R,72,175,O,NE,8.109661
tcr_17_2,E,A,G,R,72,175,O,NH2,8.489414
tcr_17_2,E,A,G,R,72,175,O,CD,7.6019373
tcr_17_2,E,A,G,E,72,178,O,OE1,7.7526517
tcr_17_2,E,A,G,A,72,174,O,O,9.954069
tcr_17_2,E,A,G,R,72,175,O,CA,9.9949045
tcr_17_2,E,A,G,R,72,175,O,O,9.260296
tcr_17_2,E,A,G,Q,72,179,O,NE2,8.773058
tcr_17_2,E,A,G,Q,72,179,O,CD,9.078064
tcr_17_2,E,A,I,E,73,178,N,CB,7.6189027
tcr_17_2,E,A,I,E,73,178,N,CD,7.426518
tcr_17_2,E,A,I,E,73,178,N,CG,8.257
tcr_17_2,E,A,I,E,73,178,N,OE2,6.192507
tcr_17_2,E,A,I,Q,73,179,N,CA,8.378738
tcr_17_2,E,A,I,Q,73,179,N,N,8.262161
tcr_17_2,E,A,I,E,73,178,N,O,8.70899
tcr_17_2,E,A,I,E,73,178,N,C,8.456933
tcr_17_2,E,A,I,A,73,182,N,CB,9.201329
tcr_17_2,E,A,I,E,73,178,N,CA,8.789992
tcr_17_2,E,A,I,Q,73,179,N,CG,7.0137715
tcr_17_2,E,A,I,Q,73,179,N,CB,8.311204
tcr_17_2,E,A,I,Q,73,179,N,C,9.81828
tcr_17_2,E,A,I,R,73,175,N,N,9.830296
tcr_17_2,E,A,I,R,73,175,N,CB,7.9586434
tcr_17_2,E,A,I,R,73,175,N,CG,8.355431
tcr_17_2,E,A,I,R,73,175,N,CZ,7.8155727
tcr_17_2,E,A,I,R,73,175,N,NH1,6.976075
tcr_17_2,E,A,I,R,73,175,N,NE,7.98597
tcr_17_2,E,A,I,R,73,175,N,NH2,8.719148
tcr_17_2,E,A,I,R,73,175,N,CD,7.32371
tcr_17_2,E,A,I,E,73,178,N,OE1,8.179124
tcr_17_2,E,A,I,A,73,174,N,O,8.600847
tcr_17_2,E,A,I,R,73,175,N,CA,9.208867
tcr_17_2,E,A,I,R,73,175,N,C,9.182977
tcr_17_2,E,A,I,R,73,175,N,O,8.397208
tcr_17_2,E,A,I,Q,73,179,N,NE2,6.96102
tcr_17_2,E,A,I,E,73,178,N,N,9.70259
tcr_17_2,E,A,I,A,73,174,N,C,9.54743
tcr_17_2,E,A,I,Q,73,179,N,OE1,8.339316
tcr_17_2,E,A,I,Q,73,179,N,CD,7.4004846
tcr_17_2,E,A,I,E,73,178,CA,CB,7.204439
tcr_17_2,E,A,I,E,73,178,CA,CD,6.684846
tcr_17_2,E,A,I,E,73,178,CA,CG,7.659782
tcr_17_2,E,A,I,E,73,178,CA,OE2,5.4991035
tcr_17_2,E,A,I,Q,73,179,CA,CA,8.486847
tcr_17_2,E,A,I,Q,73,179,CA,N,8.166811
tcr_17_2,E,A,I,E,73,178,CA,O,8.815859
tcr_17_2,E,A,I,E,73,178,CA,C,8.380543
tcr_17_2,E,A,I,A,73,182,CA,CB,9.832382
tcr_17_2,E,A,I,E,73,178,CA,CA,8.495403
tcr_17_2,E,A,I,Q,73,179,CA,CG,6.9859104
tcr_17_2,E,A,I,Q,73,179,CA,CB,8.355935
tcr_17_2,E,A,I,Q,73,179,CA,C,9.98685
tcr_17_2,E,A,I,R,73,175,CA,N,8.69329
tcr_17_2,E,A,I,R,73,175,CA,CB,6.8464646
tcr_17_2,E,A,I,R,73,175,CA,CG,7.0875845
tcr_17_2,E,A,I,R,73,175,CA,CZ,6.4600277
tcr_17_2,E,A,I,R,73,175,CA,NH1,5.722606
tcr_17_2,E,A,I,R,73,175,CA,NE,6.602076
tcr_17_2,E,A,I,R,73,175,CA,NH2,7.3520703
tcr_17_2,E,A,I,R,73,175,CA,CD,6.0155535
tcr_17_2,E,A,I,E,73,178,CA,OE1,7.296938
tcr_17_2,E,A,I,A,73,174,CA,O,7.562896
tcr_17_2,E,A,I,R,73,175,CA,CA,8.160311
tcr_17_2,E,A,I,R,73,175,CA,C,8.3248005
tcr_17_2,E,A,I,R,73,175,CA,O,7.6743674
tcr_17_2,E,A,I,Q,73,179,CA,NE2,6.702936
tcr_17_2,E,A,I,E,73,176,CA,N,9.417911
tcr_17_2,E,A,I,E,73,178,CA,N,9.262447
tcr_17_2,E,A,I,E,73,176,CA,CA,9.990671
tcr_17_2,E,A,I,A,73,174,CA,CA,9.505652
tcr_17_2,E,A,I,A,73,173,CA,O,9.745561
tcr_17_2,E,A,I,A,73,174,CA,C,8.424969
tcr_17_2,E,A,I,Q,73,179,CA,OE1,8.367955
tcr_17_2,E,A,I,Q,73,179,CA,CD,7.3256636
tcr_17_2,E,A,I,E,73,178,C,CB,8.52416
tcr_17_2,E,A,I,E,73,178,C,CD,7.845296
tcr_17_2,E,A,I,E,73,178,C,CG,8.8994255
tcr_17_2,E,A,I,E,73,178,C,OE2,6.7217655
tcr_17_2,E,A,I,Q,73,179,C,CA,9.721222
tcr_17_2,E,A,I,Q,73,179,C,N,9.432804
tcr_17_2,E,A,I,E,73,178,C,C,9.743956
tcr_17_2,E,A,I,E,73,178,C,CA,9.826976
tcr_17_2,E,A,I,Q,73,179,C,CG,7.970105
tcr_17_2,E,A,I,Q,73,179,C,CB,9.421226
tcr_17_2,E,A,I,R,73,175,C,N,9.084655
tcr_17_2,E,A,I,R,73,175,C,CB,7.491511
tcr_17_2,E,A,I,R,73,175,C,CG,7.536255
tcr_17_2,E,A,I,R,73,175,C,CZ,6.6167665
tcr_17_2,E,A,I,R,73,175,C,NH1,6.058588
tcr_17_2,E,A,I,R,73,175,C,NE,6.8095894
tcr_17_2,E,A,I,R,73,175,C,NH2,7.308388
tcr_17_2,E,A,I,R,73,175,C,CD,6.466571
tcr_17_2,E,A,I,E,73,178,C,OE1,8.312962
tcr_17_2,E,A,I,A,73,174,C,O,7.8305473
tcr_17_2,E,A,I,R,73,175,C,CA,8.782736
tcr_17_2,E,A,I,R,73,175,C,C,9.08204
tcr_17_2,E,A,I,R,73,175,C,O,8.586113
tcr_17_2,E,A,I,Q,73,179,C,NE2,7.2528195
tcr_17_2,E,A,I,A,73,174,C,CA,9.548233
tcr_17_2,E,A,I,A,73,173,C,O,9.602819
tcr_17_2,E,A,I,A,73,174,C,C,8.666144
tcr_17_2,E,A,I,Q,73,179,C,OE1,9.04694
tcr_17_2,E,A,I,Q,73,179,C,CD,8.061172
tcr_17_2,E,A,I,E,73,178,O,CB,9.194963
tcr_17_2,E,A,I,E,73,178,O,CD,8.749211
tcr_17_2,E,A,I,E,73,178,O,CG,9.696852
tcr_17_2,E,A,I,E,73,178,O,OE2,7.645141
tcr_17_2,E,A,I,Q,73,179,O,CA,9.881641
tcr_17_2,E,A,I,Q,73,179,O,N,9.739427
tcr_17_2,E,A,I,Q,73,179,O,CG,7.918661
tcr_17_2,E,A,I,Q,73,179,O,CB,9.411721
tcr_17_2,E,A,I,R,73,175,O,N,9.375782
tcr_17_2,E,A,I,R,73,175,O,CB,8.02451
tcr_17_2,E,A,I,R,73,175,O,CG,8.15978
tcr_17_2,E,A,I,R,73,175,O,CZ,7.560587
tcr_17_2,E,A,I,R,73,175,O,NH1,7.1240883
tcr_17_2,E,A,I,R,73,175,O,NE,7.630874
tcr_17_2,E,A,I,R,73,175,O,NH2,8.225076
tcr_17_2,E,A,I,R,73,175,O,CD,7.243637
tcr_17_2,E,A,I,E,73,178,O,OE1,9.271236
tcr_17_2,E,A,I,A,73,174,O,O,7.8751154
tcr_17_2,E,A,I,R,73,175,O,CA,9.193801
tcr_17_2,E,A,I,R,73,175,O,C,9.396898
tcr_17_2,E,A,I,R,73,175,O,O,8.931142
tcr_17_2,E,A,I,Q,73,179,O,NE2,6.918948
tcr_17_2,E,A,I,A,73,174,O,CA,9.570874
tcr_17_2,E,A,I,A,73,173,O,O,9.825667
tcr_17_2,E,A,I,A,73,174,O,C,8.7942505
tcr_17_2,E,A,I,Q,73,179,O,OE1,8.67511
tcr_17_2,E,A,I,Q,73,179,O,CD,7.7921467
tcr_17_2,E,A,I,A,73,177,CB,O,9.879025
tcr_17_2,E,A,I,E,73,178,CB,CB,6.1298447
tcr_17_2,E,A,I,E,73,178,CB,CD,5.8856792
tcr_17_2,E,A,I,E,73,178,CB,CG,6.6932783
tcr_17_2,E,A,I,E,73,178,CB,OE2,4.790191
tcr_17_2,E,A,I,Q,73,179,CB,CA,7.2679224
tcr_17_2,E,A,I,Q,73,179,CB,N,6.89941
tcr_17_2,E,A,I,E,73,178,CB,O,7.81752
tcr_17_2,E,A,I,E,73,178,CB,C,7.239876
tcr_17_2,E,A,I,A,73,182,CB,CB,9.18334
tcr_17_2,E,A,I,E,73,178,CB,CA,7.3540244
tcr_17_2,E,A,I,Q,73,179,CB,CG,5.644399
tcr_17_2,E,A,I,Q,73,179,CB,CB,7.04254
tcr_17_2,E,A,I,Q,73,179,CB,O,9.420049
tcr_17_2,E,A,I,Q,73,179,CB,C,8.792677
tcr_17_2,E,A,I,L,73,180,CB,N,9.521735
tcr_17_2,E,A,I,R,73,175,CB,N,7.3468328
tcr_17_2,E,A,I,R,73,175,CB,CB,5.582389
tcr_17_2,E,A,I,R,73,175,CB,CG,6.042377
tcr_17_2,E,A,I,R,73,175,CB,CZ,6.2183733
tcr_17_2,E,A,I,R,73,175,CB,NH1,5.646212
tcr_17_2,E,A,I,R,73,175,CB,NE,6.057696
tcr_17_2,E,A,I,R,73,175,CB,NH2,7.2568126
tcr_17_2,E,A,I,R,73,175,CB,CD,5.2058983
tcr_17_2,E,A,I,E,73,178,CB,OE1,6.588039
tcr_17_2,E,A,I,A,73,174,CB,O,6.1470532
tcr_17_2,E,A,I,R,73,175,CB,CA,6.7954555
tcr_17_2,E,A,I,R,73,175,CB,C,6.8540974
tcr_17_2,E,A,I,R,73,175,CB,O,6.2049394
tcr_17_2,E,A,I,Q,73,179,CB,NE2,5.329053
tcr_17_2,E,A,I,A,73,177,CB,C,9.240172
tcr_17_2,E,A,I,E,73,176,CB,N,7.9116235
tcr_17_2,E,A,I,E,73,178,CB,N,7.9878063
tcr_17_2,E,A,I,A,73,177,CB,N,9.387785
tcr_17_2,E,A,I,E,73,176,CB,CA,8.45508
tcr_17_2,E,A,I,E,73,176,CB,C,8.856534
tcr_17_2,E,A,I,E,73,172,CB,O,9.814874
tcr_17_2,E,A,I,A,73,174,CB,CA,8.212898
tcr_17_2,E,A,I,A,73,174,CB,N,9.290074
tcr_17_2,E,A,I,A,73,173,CB,O,8.73611
tcr_17_2,E,A,I,A,73,173,CB,C,9.461914
tcr_17_2,E,A,I,A,73,174,CB,CB,8.984395
tcr_17_2,E,A,I,A,73,174,CB,C,7.061237
tcr_17_2,E,A,I,E,73,176,CB,O,8.884591
tcr_17_2,E,A,I,E,73,176,CB,CB,9.799792
tcr_17_2,E,A,I,E,73,176,CB,OE2,9.280633
tcr_17_2,E,A,I,Q,73,179,CB,OE1,7.083558
tcr_17_2,E,A,I,Q,73,179,CB,CD,5.980623
tcr_17_2,E,A,I,R,73,181,CG1,CB,9.807847
tcr_17_2,E,A,I,R,73,181,CG1,N,9.656979
tcr_17_2,E,A,I,A,73,177,CG1,O,8.603426
tcr_17_2,E,A,I,E,73,178,CG1,CB,4.879896
tcr_17_2,E,A,I,E,73,178,CG1,CD,5.0368237
tcr_17_2,E,A,I,E,73,178,CG1,CG,5.6310244
tcr_17_2,E,A,I,E,73,178,CG1,OE2,3.9191706
tcr_17_2,E,A,I,Q,73,179,CG1,CA,6.010686
tcr_17_2,E,A,I,Q,73,179,CG1,N,5.6148024
tcr_17_2,E,A,I,E,73,178,CG1,O,6.329564
tcr_17_2,E,A,I,E,73,178,CG1,C,5.838814
tcr_17_2,E,A,I,A,73,182,CG1,CB,7.6978254
tcr_17_2,E,A,I,E,73,178,CG1,CA,6.042934
tcr_17_2,E,A,I,Q,73,179,CG1,CG,4.785781
tcr_17_2,E,A,I,Q,73,179,CG1,CB,6.026025
tcr_17_2,E,A,I,A,73,182,CG1,N,8.913075
tcr_17_2,E,A,I,L,73,180,CG1,CA,9.714234
tcr_17_2,E,A,I,A,73,182,CG1,CA,9.013504
tcr_17_2,E,A,I,Q,73,179,CG1,O,8.099308
tcr_17_2,E,A,I,Q,73,179,CG1,C,7.5100393
tcr_17_2,E,A,I,L,73,180,CG1,N,8.285897
tcr_17_2,E,A,I,R,73,175,CG1,N,7.393412
tcr_17_2,E,A,I,R,73,175,CG1,CB,5.4292455
tcr_17_2,E,A,I,R,73,175,CG1,CG,6.1544466
tcr_17_2,E,A,I,R,73,175,CG1,CZ,6.7030606
tcr_17_2,E,A,I,R,73,175,CG1,NH1,6.0038114
tcr_17_2,E,A,I,R,73,175,CG1,NE,6.4909415
tcr_17_2,E,A,I,R,73,175,CG1,NH2,7.867515
tcr_17_2,E,A,I,R,73,175,CG1,CD,5.4193187
tcr_17_2,E,A,I,E,73,178,CG1,OE1,5.957404
tcr_17_2,E,A,I,A,73,174,CG1,O,6.3832645
tcr_17_2,E,A,I,R,73,175,CG1,CA,6.57221
tcr_17_2,E,A,I,R,73,175,CG1,C,6.4019995
tcr_17_2,E,A,I,R,73,175,CG1,O,5.5360126
tcr_17_2,E,A,I,A,73,177,CG1,CB,9.908208
tcr_17_2,E,A,I,Q,73,179,CG1,NE2,5.149046
tcr_17_2,E,A,I,A,73,177,CG1,C,8.076038
tcr_17_2,E,A,I,E,73,176,CG1,N,7.491931
tcr_17_2,E,A,I,E,73,178,CG1,N,6.837369
tcr_17_2,E,A,I,A,73,177,CG1,N,8.542301
tcr_17_2,E,A,I,E,73,176,CG1,CA,7.897962
tcr_17_2,E,A,I,A,73,177,CG1,CA,9.032702
tcr_17_2,E,A,I,E,73,176,CG1,C,8.049591
tcr_17_2,E,A,I,E,73,172,CG1,O,9.873774
tcr_17_2,E,A,I,W,73,171,CG1,O,9.9539
tcr_17_2,E,A,I,A,73,174,CG1,CA,8.611829
tcr_17_2,E,A,I,A,73,174,CG1,N,9.65831
tcr_17_2,E,A,I,A,73,173,CG1,O,9.342881
tcr_17_2,E,A,I,A,73,173,CG1,C,9.928381
tcr_17_2,E,A,I,A,73,174,CG1,CB,9.3187275
tcr_17_2,E,A,I,A,73,174,CG1,C,7.2897825
tcr_17_2,E,A,I,E,73,176,CG1,CD,9.682104
tcr_17_2,E,A,I,E,73,176,CG1,O,7.9521885
tcr_17_2,E,A,I,E,73,176,CG1,CB,9.339348
tcr_17_2,E,A,I,E,73,176,CG1,OE2,9.013552
tcr_17_2,E,A,I,Q,73,179,CG1,OE1,6.6076665
tcr_17_2,E,A,I,Q,73,179,CG1,CD,5.4820275
tcr_17_2,E,A,I,A,73,177,CG2,O,9.851733
tcr_17_2,E,A,I,E,73,178,CG2,CB,6.0310493
tcr_17_2,E,A,I,E,73,178,CG2,CD,5.344889
tcr_17_2,E,A,I,E,73,178,CG2,CG,6.305057
tcr_17_2,E,A,I,E,73,178,CG2,OE2,4.4158993
tcr_17_2,E,A,I,Q,73,179,CG2,CA,7.8112955
tcr_17_2,E,A,I,Q,73,179,CG2,N,7.2080107
tcr_17_2,E,A,I,E,73,178,CG2,O,8.269112
tcr_17_2,E,A,I,E,73,178,CG2,C,7.5227966
tcr_17_2,E,A,I,E,73,178,CG2,CA,7.348964
tcr_17_2,E,A,I,Q,73,179,CG2,CG,6.1939945
tcr_17_2,E,A,I,Q,73,179,CG2,CB,7.56223
tcr_17_2,E,A,I,Q,73,179,CG2,C,9.329348
tcr_17_2,E,A,I,L,73,180,CG2,N,9.878035
tcr_17_2,E,A,I,R,73,175,CG2,N,6.215073
tcr_17_2,E,A,I,R,73,175,CG2,CB,4.474034
tcr_17_2,E,A,I,R,73,175,CG2,CG,4.687036
tcr_17_2,E,A,I,R,73,175,CG2,CZ,4.874315
tcr_17_2,E,A,I,R,73,175,CG2,NH1,4.510484
tcr_17_2,E,A,I,R,73,175,CG2,NE,4.602729
tcr_17_2,E,A,I,R,73,175,CG2,NH2,5.9123425
tcr_17_2,E,A,I,R,73,175,CG2,CD,3.8160572
tcr_17_2,E,A,I,E,73,178,CG2,OE1,5.8157334
tcr_17_2,E,A,I,A,73,174,CG2,O,5.2394075
tcr_17_2,E,A,I,R,73,175,CG2,CA,5.7810364
tcr_17_2,E,A,I,R,73,175,CG2,C,6.140003
tcr_17_2,E,A,I,R,73,175,CG2,O,5.712741
tcr_17_2,E,A,I,Q,73,179,CG2,NE2,5.682155
tcr_17_2,E,A,I,A,73,177,CG2,C,9.061426
tcr_17_2,E,A,I,E,73,176,CG2,N,7.240969
tcr_17_2,E,A,I,E,73,178,CG2,N,7.780938
tcr_17_2,E,A,I,A,73,177,CG2,N,8.954152
tcr_17_2,E,A,I,E,73,176,CG2,CA,8.019448
tcr_17_2,E,A,I,A,73,177,CG2,CA,9.710026
tcr_17_2,E,A,I,E,73,176,CG2,C,8.546281
tcr_17_2,E,A,I,E,73,172,CG2,O,8.48774
tcr_17_2,E,A,I,E,73,172,CG2,C,9.522814
tcr_17_2,E,A,I,W,73,171,CG2,O,9.121821
tcr_17_2,E,A,I,A,73,173,CG2,N,9.974101
tcr_17_2,E,A,I,A,73,173,CG2,CA,9.415919
tcr_17_2,E,A,I,A,73,174,CG2,CA,7.0959024
tcr_17_2,E,A,I,A,73,174,CG2,N,8.05801
tcr_17_2,E,A,I,A,73,173,CG2,O,7.323599
tcr_17_2,E,A,I,A,73,173,CG2,C,8.104894
tcr_17_2,E,A,I,A,73,174,CG2,CB,8.044209
tcr_17_2,E,A,I,A,73,174,CG2,C,5.988888
tcr_17_2,E,A,I,E,73,176,CG2,CD,9.934516
tcr_17_2,E,A,I,E,73,176,CG2,O,8.787225
tcr_17_2,E,A,I,E,73,176,CG2,CB,9.31153
tcr_17_2,E,A,I,E,73,176,CG2,OE2,9.0547695
tcr_17_2,E,A,I,Q,73,179,CG2,OE1,7.643628
tcr_17_2,E,A,I,Q,73,179,CG2,CD,6.4853387
tcr_17_2,E,A,I,R,73,181,CD1,C,9.225589
tcr_17_2,E,A,I,R,73,181,CD1,CG,9.9227085
tcr_17_2,E,A,I,R,73,181,CD1,CB,8.918623
tcr_17_2,E,A,I,R,73,181,CD1,N,8.53825
tcr_17_2,E,A,I,R,73,181,CD1,CA,9.22866
tcr_17_2,E,A,I,A,73,177,CD1,O,7.3951383
tcr_17_2,E,A,I,L,73,180,CD1,O,9.904269
tcr_17_2,E,A,I,E,73,178,CD1,CB,4.0470967
tcr_17_2,E,A,I,E,73,178,CD1,CD,4.77185
tcr_17_2,E,A,I,E,73,178,CD1,CG,5.0127125
tcr_17_2,E,A,I,E,73,178,CD1,OE2,3.910171
tcr_17_2,E,A,I,Q,73,179,CD1,CA,4.77294
tcr_17_2,E,A,I,Q,73,179,CD1,N,4.32166
tcr_17_2,E,A,I,E,73,178,CD1,O,5.4311028
tcr_17_2,E,A,I,E,73,178,CD1,C,4.7520366
tcr_17_2,E,A,I,A,73,182,CD1,CB,7.2108307
tcr_17_2,E,A,I,E,73,178,CD1,CA,5.015642
tcr_17_2,E,A,I,Q,73,179,CD1,CG,3.4607267
tcr_17_2,E,A,I,Q,73,179,CD1,CB,4.686059
tcr_17_2,E,A,I,A,73,182,CD1,N,8.147862
tcr_17_2,E,A,I,Y,73,183,CD1,N,9.440243
tcr_17_2,E,A,I,A,73,182,CD1,C,9.452885
tcr_17_2,E,A,I,L,73,180,CD1,CA,8.410822
tcr_17_2,E,A,I,A,73,182,CD1,CA,8.422566
tcr_17_2,E,A,I,Q,73,179,CD1,O,7.02211
tcr_17_2,E,A,I,Q,73,179,CD1,C,6.2960033
tcr_17_2,E,A,I,L,73,180,CD1,C,8.959571
tcr_17_2,E,A,I,L,73,180,CD1,N,6.9640756
tcr_17_2,E,A,I,R,73,175,CD1,N,6.41398
tcr_17_2,E,A,I,R,73,175,CD1,CB,4.642498
tcr_17_2,E,A,I,R,73,175,CD1,CG,5.683786
tcr_17_2,E,A,I,R,73,175,CD1,CZ,7.0882053
tcr_17_2,E,A,I,R,73,175,CD1,NH1,6.57805
tcr_17_2,E,A,I,R,73,175,CD1,NE,6.603281
tcr_17_2,E,A,I,R,73,175,CD1,NH2,8.317397
tcr_17_2,E,A,I,R,73,175,CD1,CD,5.321789
tcr_17_2,E,A,I,E,73,178,CD1,OE1,5.7832465
tcr_17_2,E,A,I,A,73,174,CD1,O,5.3782835
tcr_17_2,E,A,I,R,73,175,CD1,CA,5.5357227
tcr_17_2,E,A,I,R,73,175,CD1,C,5.1139836
tcr_17_2,E,A,I,R,73,175,CD1,O,4.1773624
tcr_17_2,E,A,I,A,73,177,CD1,CB,8.660806
tcr_17_2,E,A,I,Q,73,179,CD1,NE2,4.02743
tcr_17_2,E,A,I,A,73,177,CD1,C,6.8159966
tcr_17_2,E,A,I,E,73,176,CD1,N,6.126254
tcr_17_2,E,A,I,E,73,178,CD1,N,5.633021
tcr_17_2,E,A,I,A,73,177,CD1,N,7.135356
tcr_17_2,E,A,I,E,73,176,CD1,CA,6.4208326
tcr_17_2,E,A,I,A,73,177,CD1,CA,7.689841
tcr_17_2,E,A,I,E,73,176,CD1,C,6.5642614
tcr_17_2,E,A,I,E,73,172,CD1,O,9.076917
tcr_17_2,E,A,I,W,73,171,CD1,C,9.972849
tcr_17_2,E,A,I,W,73,171,CD1,O,8.753627
tcr_17_2,E,A,I,A,73,174,CD1,CA,7.709518
tcr_17_2,E,A,I,A,73,174,CD1,N,8.787528
tcr_17_2,E,A,I,A,73,173,CD1,O,8.799887
tcr_17_2,E,A,I,A,73,173,CD1,C,9.220482
tcr_17_2,E,A,I,A,73,174,CD1,CB,8.280444
tcr_17_2,E,A,I,A,73,174,CD1,C,6.320428
tcr_17_2,E,A,I,L,73,180,CD1,CB,9.084711
tcr_17_2,E,A,I,E,73,176,CD1,CD,8.204329
tcr_17_2,E,A,I,E,73,176,CD1,O,6.452085
tcr_17_2,E,A,I,E,73,176,CD1,CB,7.8681626
tcr_17_2,E,A,I,E,73,176,CD1,CG,8.532746
tcr_17_2,E,A,I,E,73,176,CD1,OE1,8.841233
tcr_17_2,E,A,I,E,73,176,CD1,OE2,7.5927405
tcr_17_2,E,A,I,Q,73,179,CD1,OE1,5.4382606
tcr_17_2,E,A,I,Q,73,179,CD1,CD,4.2601333
tcr_17_2,E,A,T,E,74,178,N,CB,9.08596
tcr_17_2,E,A,T,E,74,178,N,CD,8.03363
tcr_17_2,E,A,T,E,74,178,N,CG,9.248724
tcr_17_2,E,A,T,E,74,178,N,OE2,6.9647603
tcr_17_2,E,A,T,Q,74,179,N,CG,9.090077
tcr_17_2,E,A,T,R,74,175,N,N,9.368361
tcr_17_2,E,A,T,R,74,175,N,CB,7.7529125
tcr_17_2,E,A,T,R,74,175,N,CG,7.5318704
tcr_17_2,E,A,T,R,74,175,N,CZ,5.982731
tcr_17_2,E,A,T,R,74,175,N,NH1,5.4445205
tcr_17_2,E,A,T,R,74,175,N,NE,6.3810616
tcr_17_2,E,A,T,R,74,175,N,NH2,6.489904
tcr_17_2,E,A,T,R,74,175,N,CD,6.324298
tcr_17_2,E,A,T,E,74,178,N,OE1,8.313491
tcr_17_2,E,A,T,A,74,174,N,O,8.332971
tcr_17_2,E,A,T,R,74,175,N,CA,9.121855
tcr_17_2,E,A,T,R,74,175,N,C,9.624127
tcr_17_2,E,A,T,R,74,175,N,O,9.222547
tcr_17_2,E,A,T,Q,74,179,N,NE2,8.369376
tcr_17_2,E,A,T,A,74,174,N,CA,9.832506
tcr_17_2,E,A,T,A,74,173,N,O,9.497796
tcr_17_2,E,A,T,A,74,174,N,C,9.025163
tcr_17_2,E,A,T,Q,74,179,N,CD,9.222335
tcr_17_2,E,A,T,E,74,178,CA,CD,9.25628
tcr_17_2,E,A,T,E,74,178,CA,OE2,8.253464
tcr_17_2,E,A,T,R,74,175,CA,N,9.987035
tcr_17_2,E,A,T,R,74,175,CA,CB,8.616603
tcr_17_2,E,A,T,R,74,175,CA,CG,8.236408
tcr_17_2,E,A,T,R,74,175,CA,CZ,6.4816475
tcr_17_2,E,A,T,R,74,175,CA,NH1,6.153329
tcr_17_2,E,A,T,R,74,175,CA,NE,6.9139943
tcr_17_2,E,A,T,R,74,175,CA,NH2,6.7394304
tcr_17_2,E,A,T,R,74,175,CA,CD,7.085584
tcr_17_2,E,A,T,E,74,178,CA,OE1,9.425432
tcr_17_2,E,A,T,A,74,174,CA,O,8.91473
tcr_17_2,E,A,T,R,74,175,CA,CA,9.931359
tcr_17_2,E,A,T,Q,74,179,CA,NE2,9.223506
tcr_17_2,E,A,T,A,74,173,CA,O,9.6071825
tcr_17_2,E,A,T,A,74,174,CA,C,9.544043
tcr_17_2,E,A,T,E,74,178,C,CD,9.133154
tcr_17_2,E,A,T,E,74,178,C,OE2,8.268304
tcr_17_2,E,A,T,R,74,175,C,N,9.573189
tcr_17_2,E,A,T,R,74,175,C,CB,8.3055525
tcr_17_2,E,A,T,R,74,175,C,CG,7.670659
tcr_17_2,E,A,T,R,74,175,C,CZ,5.5516944
tcr_17_2,E,A,T,R,74,175,C,NH1,5.433905
tcr_17_2,E,A,T,R,74,175,C,NE,6.0614552
tcr_17_2,E,A,T,R,74,175,C,NH2,5.5874233
tcr_17_2,E,A,T,R,74,175,C,CD,6.5147214
tcr_17_2,E,A,T,E,74,178,C,OE1,9.103525
tcr_17_2,E,A,T,A,74,174,C,O,8.760968
tcr_17_2,E,A,T,R,74,175,C,CA,9.618505
tcr_17_2,E,A,T,Q,74,179,C,NE2,9.82744
tcr_17_2,E,A,T,A,74,174,C,CA,9.713291
tcr_17_2,E,A,T,A,74,173,C,O,8.778339
tcr_17_2,E,A,T,A,74,173,C,C,9.940519
tcr_17_2,E,A,T,A,74,174,C,C,9.208418
tcr_17_2,E,A,T,E,74,178,O,CD,8.420908
tcr_17_2,E,A,T,E,74,178,O,CG,9.831531
tcr_17_2,E,A,T,E,74,178,O,OE2,7.611156
tcr_17_2,E,A,T,R,74,175,O,N,9.371055
tcr_17_2,E,A,T,R,74,175,O,CB,7.9260488
tcr_17_2,E,A,T,R,74,175,O,CG,7.1771116
tcr_17_2,E,A,T,R,74,175,O,CZ,4.6109843
tcr_17_2,E,A,T,R,74,175,O,NH1,4.4113283
tcr_17_2,E,A,T,R,74,175,O,NE,5.3147616
tcr_17_2,E,A,T,R,74,175,O,NH2,4.5939684
tcr_17_2,E,A,T,R,74,175,O,CD,5.897631
tcr_17_2,E,A,T,E,74,178,O,OE1,8.283689
tcr_17_2,E,A,T,A,74,174,O,O,8.823756
tcr_17_2,E,A,T,R,74,175,O,CA,9.310121
tcr_17_2,E,A,T,A,74,174,O,CA,9.7721195
tcr_17_2,E,A,T,A,74,173,O,O,8.658749
tcr_17_2,E,A,T,A,74,173,O,C,9.811669
tcr_17_2,E,A,T,A,74,174,O,C,9.176852
tcr_17_2,E,A,T,E,74,178,CB,OE2,9.333555
tcr_17_2,E,A,T,R,74,175,CB,CG,9.670519
tcr_17_2,E,A,T,R,74,175,CB,CZ,7.613943
tcr_17_2,E,A,T,R,74,175,CB,NH1,7.1763673
tcr_17_2,E,A,T,R,74,175,CB,NE,8.202785
tcr_17_2,E,A,T,R,74,175,CB,NH2,7.7554035
tcr_17_2,E,A,T,R,74,175,CB,CD,8.447342
tcr_17_2,E,A,T,E,74,178,OG1,OE2,9.132917
tcr_17_2,E,A,T,R,74,175,OG1,CG,9.823195
tcr_17_2,E,A,T,R,74,175,OG1,CZ,7.3498225
tcr_17_2,E,A,T,R,74,175,OG1,NH1,6.771747
tcr_17_2,E,A,T,R,74,175,OG1,NE,8.132427
tcr_17_2,E,A,T,R,74,175,OG1,NH2,7.420941
tcr_17_2,E,A,T,R,74,175,OG1,CD,8.475585
tcr_17_2,E,A,T,E,74,178,CG2,OE2,9.765731
tcr_17_2,E,A,T,R,74,175,CG2,CZ,8.764748
tcr_17_2,E,A,T,R,74,175,CG2,NH1,8.216888
tcr_17_2,E,A,T,R,74,175,CG2,NE,9.282915
tcr_17_2,E,A,T,R,74,175,CG2,NH2,9.044993
tcr_17_2,E,A,T,R,74,175,CG2,CD,9.336102
tcr_17_2,E,A,D,E,75,178,N,OE2,9.280419
tcr_17_2,E,A,D,R,75,175,N,N,9.76749
tcr_17_2,E,A,D,R,75,175,N,CB,8.806605
tcr_17_2,E,A,D,R,75,175,N,CG,8.089659
tcr_17_2,E,A,D,R,75,175,N,CZ,6.136907
tcr_17_2,E,A,D,R,75,175,N,NH1,6.2691627
tcr_17_2,E,A,D,R,75,175,N,NE,6.5298085
tcr_17_2,E,A,D,R,75,175,N,NH2,6.0032578
tcr_17_2,E,A,D,R,75,175,N,CD,7.093103
tcr_17_2,E,A,D,E,75,178,N,OE1,9.982623
tcr_17_2,E,A,D,A,75,174,N,O,8.919335
tcr_17_2,E,A,D,A,75,174,N,CA,9.595122
tcr_17_2,E,A,D,A,75,173,N,O,8.523609
tcr_17_2,E,A,D,A,75,173,N,C,9.719468
tcr_17_2,E,A,D,A,75,174,N,C,9.298609
tcr_17_2,E,A,D,E,75,178,CA,OE2,9.762236
tcr_17_2,E,A,D,R,75,175,CA,N,9.786116
tcr_17_2,E,A,D,R,75,175,CA,CB,8.993208
tcr_17_2,E,A,D,R,75,175,CA,CG,8.063517
tcr_17_2,E,A,D,R,75,175,CA,CZ,5.90216
tcr_17_2,E,A,D,R,75,175,CA,NH1,6.2742906
tcr_17_2,E,A,D,R,75,175,CA,NE,6.3218226
tcr_17_2,E,A,D,R,75,175,CA,NH2,5.4898973
tcr_17_2,E,A,D,R,75,175,CA,CD,7.1408377
tcr_17_2,E,A,D,A,75,174,CA,O,9.199207
tcr_17_2,E,A,D,A,75,174,CA,CA,9.546643
tcr_17_2,E,A,D,A,75,174,CA,N,9.993353
tcr_17_2,E,A,D,A,75,173,CA,O,8.083176
tcr_17_2,E,A,D,A,75,173,CA,C,9.310972
tcr_17_2,E,A,D,A,75,174,CA,C,9.39108
tcr_17_2,E,A,D,R,75,175,C,CG,9.473555
tcr_17_2,E,A,D,R,75,175,C,CZ,7.325379
tcr_17_2,E,A,D,R,75,175,C,NH1,7.738441
tcr_17_2,E,A,D,R,75,175,C,NE,7.7483296
tcr_17_2,E,A,D,R,75,175,C,NH2,6.7805433
tcr_17_2,E,A,D,R,75,175,C,CD,8.619625
tcr_17_2,E,A,D,A,75,173,C,O,9.036615
tcr_17_2,E,A,D,R,75,175,O,CZ,8.325137
tcr_17_2,E,A,D,R,75,175,O,NH1,8.655741
tcr_17_2,E,A,D,R,75,175,O,NE,8.706999
tcr_17_2,E,A,D,R,75,175,O,NH2,7.8799148
tcr_17_2,E,A,D,R,75,175,O,CD,9.458732
tcr_17_2,E,A,D,A,75,173,O,O,9.79589
tcr_17_2,E,A,D,E,75,178,CB,CD,9.868843
tcr_17_2,E,A,D,E,75,178,CB,OE2,9.344829
tcr_17_2,E,A,D,R,75,175,CB,N,8.515149
tcr_17_2,E,A,D,R,75,175,CB,CB,7.985985
tcr_17_2,E,A,D,R,75,175,CB,CG,7.001694
tcr_17_2,E,A,D,R,75,175,CB,CZ,5.331984
tcr_17_2,E,A,D,R,75,175,CB,NH1,5.9689136
tcr_17_2,E,A,D,R,75,175,CB,NE,5.4748445
tcr_17_2,E,A,D,R,75,175,CB,NH2,4.9683247
tcr_17_2,E,A,D,R,75,175,CB,CD,6.2940445
tcr_17_2,E,A,D,E,75,178,CB,OE1,9.566878
tcr_17_2,E,A,D,A,75,174,CB,O,8.028815
tcr_17_2,E,A,D,R,75,175,CB,CA,9.004268
tcr_17_2,E,A,D,E,75,172,CB,O,9.362984
tcr_17_2,E,A,D,A,75,173,CB,CA,8.771675
tcr_17_2,E,A,D,A,75,173,CB,CB,9.292918
tcr_17_2,E,A,D,A,75,174,CB,CA,8.150749
tcr_17_2,E,A,D,A,75,174,CB,N,8.525396
tcr_17_2,E,A,D,A,75,173,CB,O,6.5817075
tcr_17_2,E,A,D,A,75,173,CB,C,7.8110037
tcr_17_2,E,A,D,A,75,174,CB,CB,9.356822
tcr_17_2,E,A,D,A,75,174,CB,C,8.105852
tcr_17_2,E,A,D,E,75,178,CG,CD,9.622487
tcr_17_2,E,A,D,E,75,178,CG,OE2,9.258677
tcr_17_2,E,A,D,R,75,175,CG,N,8.342093
tcr_17_2,E,A,D,R,75,175,CG,CB,7.8330936
tcr_17_2,E,A,D,R,75,175,CG,CG,6.628549
tcr_17_2,E,A,D,R,75,175,CG,CZ,4.660671
tcr_17_2,E,A,D,R,75,175,CG,NH1,5.5091944
tcr_17_2,E,A,D,R,75,175,CG,NE,4.86658
tcr_17_2,E,A,D,R,75,175,CG,NH2,4.0148263
tcr_17_2,E,A,D,R,75,175,CG,CD,5.956973
tcr_17_2,E,A,D,E,75,178,CG,OE1,9.134735
tcr_17_2,E,A,D,A,75,174,CG,O,8.267246
tcr_17_2,E,A,D,R,75,175,CG,CA,8.825902
tcr_17_2,E,A,D,E,75,172,CG,O,8.685651
tcr_17_2,E,A,D,E,75,172,CG,C,9.545865
tcr_17_2,E,A,D,A,75,173,CG,N,9.378599
tcr_17_2,E,A,D,A,75,173,CG,CA,8.139778
tcr_17_2,E,A,D,A,75,173,CG,CB,8.69534
tcr_17_2,E,A,D,A,75,174,CG,CA,8.165597
tcr_17_2,E,A,D,A,75,174,CG,N,8.292838
tcr_17_2,E,A,D,A,75,173,CG,O,6.174628
tcr_17_2,E,A,D,A,75,173,CG,C,7.394933
tcr_17_2,E,A,D,A,75,174,CG,CB,9.498502
tcr_17_2,E,A,D,A,75,174,CG,C,8.136985
tcr_17_2,E,A,D,R,75,175,OD1,N,9.458953
tcr_17_2,E,A,D,R,75,175,OD1,CB,8.911539
tcr_17_2,E,A,D,R,75,175,OD1,CG,7.635657
tcr_17_2,E,A,D,R,75,175,OD1,CZ,5.2776713
tcr_17_2,E,A,D,R,75,175,OD1,NH1,6.0804334
tcr_17_2,E,A,D,R,75,175,OD1,NE,5.6854343
tcr_17_2,E,A,D,R,75,175,OD1,NH2,4.3828974
tcr_17_2,E,A,D,R,75,175,OD1,CD,6.905108
tcr_17_2,E,A,D,E,75,178,OD1,OE1,9.88204
tcr_17_2,E,A,D,A,75,174,OD1,O,9.492575
tcr_17_2,E,A,D,R,75,175,OD1,CA,9.920663
tcr_17_2,E,A,D,E,75,172,OD1,O,9.544688
tcr_17_2,E,A,D,A,75,173,OD1,CA,8.955232
tcr_17_2,E,A,D,A,75,173,OD1,CB,9.439604
tcr_17_2,E,A,D,A,75,174,OD1,CA,9.312814
tcr_17_2,E,A,D,A,75,174,OD1,N,9.3407135
tcr_17_2,E,A,D,A,75,173,OD1,O,7.162306
tcr_17_2,E,A,D,A,75,173,OD1,C,8.358659
tcr_17_2,E,A,D,A,75,174,OD1,C,9.316877
tcr_17_2,E,A,D,E,75,178,OD2,CD,8.716031
tcr_17_2,E,A,D,E,75,178,OD2,CG,9.948346
tcr_17_2,E,A,D,E,75,178,OD2,OE2,8.468387
tcr_17_2,E,A,D,R,75,175,OD2,N,7.2451415
tcr_17_2,E,A,D,R,75,175,OD2,CB,6.780605
tcr_17_2,E,A,D,R,75,175,OD2,CG,5.5029902
tcr_17_2,E,A,D,R,75,175,OD2,CZ,3.8389792
tcr_17_2,E,A,D,R,75,175,OD2,NH1,4.8699565
tcr_17_2,E,A,D,R,75,175,OD2,NE,3.8318088
tcr_17_2,E,A,D,R,75,175,OD2,NH2,3.2925396
tcr_17_2,E,A,D,R,75,175,OD2,CD,4.951305
tcr_17_2,E,A,D,E,75,178,OD2,OE1,8.177532
tcr_17_2,E,A,D,A,75,174,OD2,O,7.3870277
tcr_17_2,E,A,D,R,75,175,OD2,CA,7.7243357
tcr_17_2,E,A,D,R,75,175,OD2,C,9.04222
tcr_17_2,E,A,D,R,75,175,OD2,O,9.445547
tcr_17_2,E,A,D,E,75,176,OD2,N,9.876499
tcr_17_2,E,A,D,E,75,172,OD2,CA,9.814642
tcr_17_2,E,A,D,E,75,172,OD2,O,7.4587035
tcr_17_2,E,A,D,E,75,172,OD2,C,8.345935
tcr_17_2,E,A,D,W,75,171,OD2,O,9.834774
tcr_17_2,E,A,D,A,75,173,OD2,N,8.241883
tcr_17_2,E,A,D,A,75,173,OD2,CA,7.060289
tcr_17_2,E,A,D,A,75,173,OD2,CB,7.739934
tcr_17_2,E,A,D,A,75,174,OD2,CA,7.2289796
tcr_17_2,E,A,D,A,75,174,OD2,N,7.2714725
tcr_17_2,E,A,D,A,75,173,OD2,O,5.1428638
tcr_17_2,E,A,D,A,75,173,OD2,C,6.3431993
tcr_17_2,E,A,D,A,75,174,OD2,CB,8.630717
tcr_17_2,E,A,D,A,75,174,OD2,C,7.151191
tcr_17_2,E,A,Q,R,76,175,N,CG,9.910697
tcr_17_2,E,A,Q,R,76,175,N,CZ,7.5877857
tcr_17_2,E,A,Q,R,76,175,N,NH1,8.11492
tcr_17_2,E,A,Q,R,76,175,N,NE,8.061045
tcr_17_2,E,A,Q,R,76,175,N,NH2,6.838748
tcr_17_2,E,A,Q,R,76,175,N,CD,9.096263
tcr_17_2,E,A,Q,A,76,173,N,O,9.246725
tcr_17_2,E,A,Q,R,76,175,CA,CZ,8.984824
tcr_17_2,E,A,Q,R,76,175,CA,NH1,9.523104
tcr_17_2,E,A,Q,R,76,175,CA,NE,9.464344
tcr_17_2,E,A,Q,R,76,175,CA,NH2,8.169619
tcr_17_2,E,A,Q,R,76,175,C,CZ,9.701616
tcr_17_2,E,A,Q,R,76,175,C,NH2,8.919684
tcr_17_2,E,A,Q,R,76,175,O,CZ,9.303072
tcr_17_2,E,A,Q,R,76,175,O,NE,9.48094
tcr_17_2,E,A,Q,R,76,175,O,NH2,8.518701
tcr_17_2,E,A,Q,A,76,173,O,O,9.154451
tcr_17_2,E,A,Q,R,76,175,CB,CZ,9.268148
tcr_17_2,E,A,Q,R,76,175,CB,NH1,9.814562
tcr_17_2,E,A,Q,R,76,175,CB,NE,9.865707
tcr_17_2,E,A,Q,R,76,175,CB,NH2,8.296192
tcr_17_2,E,A,Q,R,76,175,CG,CZ,9.077152
tcr_17_2,E,A,Q,R,76,175,CG,NH1,9.448776
tcr_17_2,E,A,Q,R,76,175,CG,NE,9.852389
tcr_17_2,E,A,Q,R,76,175,CG,NH2,8.100693
tcr_17_2,E,A,Q,R,76,175,CD,CZ,9.812793
tcr_17_2,E,A,Q,R,76,175,CD,NH2,8.735662
tcr_17_2,E,A,Q,R,76,175,OE1,NH2,9.278863
tcr_17_2,E,A,Q,R,76,175,NE2,NH2,8.978247
tcr_17_2,E,A,R,Q,87,179,CG,NE2,9.740336
tcr_17_2,E,A,R,Q,87,179,CD,CG,9.919104
tcr_17_2,E,A,R,Q,87,179,CD,NE2,8.805061
tcr_17_2,E,A,R,Q,87,179,CD,OE1,9.721857
tcr_17_2,E,A,R,Q,87,179,CD,CD,9.395904
tcr_17_2,E,A,R,Q,87,179,NE,NE2,8.848333
tcr_17_2,E,A,R,Q,87,179,NE,OE1,9.502419
tcr_17_2,E,A,R,Q,87,179,NE,CD,9.360142
tcr_17_2,E,A,R,Q,87,179,CZ,CG,9.500083
tcr_17_2,E,A,R,Q,87,179,CZ,NE2,8.122994
tcr_17_2,E,A,R,Q,87,179,CZ,OE1,8.711217
tcr_17_2,E,A,R,Q,87,179,CZ,CD,8.665754
tcr_17_2,E,A,R,Q,87,179,NH1,CG,8.750418
tcr_17_2,E,A,R,Q,87,179,NH1,NE2,7.169226
tcr_17_2,E,A,R,Q,87,179,NH1,OE1,7.972633
tcr_17_2,E,A,R,Q,87,179,NH1,CD,7.849878
tcr_17_2,E,A,R,Q,87,179,NH2,CG,9.932887
tcr_17_2,E,A,R,Q,87,179,NH2,NE2,8.560521
tcr_17_2,E,A,R,Q,87,179,NH2,OE1,8.873697
tcr_17_2,E,A,R,Q,87,179,NH2,CD,9.003506
tcr_17_2,E,A,T,R,90,86,N,NH2,8.946594
tcr_17_2,E,A,T,R,90,86,N,CZ,9.940266
tcr_17_2,E,A,T,R,90,86,CA,NH2,8.390732
tcr_17_2,E,A,T,R,90,86,CA,CZ,9.3838825
tcr_17_2,E,A,T,R,90,86,CA,NH1,9.486273
tcr_17_2,E,A,T,Q,90,179,CA,OE1,9.8457575
tcr_17_2,E,A,T,R,90,86,C,NH2,9.065977
tcr_17_2,E,A,T,R,90,86,C,CZ,9.932678
tcr_17_2,E,A,T,R,90,86,C,NH1,9.844675
tcr_17_2,E,A,T,R,90,86,O,NH2,9.540892
tcr_17_2,E,A,T,R,90,86,CB,NH2,6.858519
tcr_17_2,E,A,T,R,90,86,CB,CZ,7.8596096
tcr_17_2,E,A,T,R,90,86,CB,NE,8.8974495
tcr_17_2,E,A,T,R,90,86,CB,NH1,7.98852
tcr_17_2,E,A,T,Q,90,179,CB,NE2,9.937549
tcr_17_2,E,A,T,Q,90,179,CB,OE1,9.38217
tcr_17_2,E,A,T,Q,90,179,CB,CD,9.790403
tcr_17_2,E,A,T,Q,90,179,OG1,CG,9.427555
tcr_17_2,E,A,T,Q,90,179,OG1,CB,9.9656105
tcr_17_2,E,A,T,L,90,187,OG1,CD1,9.077815
tcr_17_2,E,A,T,R,90,86,OG1,NH2,6.485997
tcr_17_2,E,A,T,R,90,86,OG1,CZ,7.611399
tcr_17_2,E,A,T,R,90,86,OG1,NE,8.547873
tcr_17_2,E,A,T,R,90,86,OG1,CD,9.869467
tcr_17_2,E,A,T,R,90,86,OG1,NH1,7.9614596
tcr_17_2,E,A,T,Q,90,179,OG1,NE2,9.2233095
tcr_17_2,E,A,T,Q,90,179,OG1,OE1,8.52728
tcr_17_2,E,A,T,Q,90,179,OG1,CD,8.932641
tcr_17_2,E,A,T,R,90,86,CG2,NH2,6.5218863
tcr_17_2,E,A,T,R,90,86,CG2,CZ,7.5005755
tcr_17_2,E,A,T,R,90,86,CG2,NE,8.6641655
tcr_17_2,E,A,T,R,90,86,CG2,CD,9.876481
tcr_17_2,E,A,T,R,90,86,CG2,NH1,7.4758334
tcr_17_2,E,A,T,Q,90,89,CG2,OE1,9.63892
tcr_17_2,E,A,T,Q,90,89,CG2,CD,9.922246
tcr_17_2,E,A,T,Q,90,89,CG2,NE2,9.454781
tcr_17_2,E,A,T,Q,90,179,CG2,NE2,9.414433
tcr_17_2,E,A,T,Q,90,179,CG2,OE1,8.824064
tcr_17_2,E,A,T,Q,90,179,CG2,CD,9.335249
tcr_17_2,E,A,E,R,91,86,N,NH2,9.407114
tcr_17_2,E,A,E,R,91,86,CG,NH2,9.139055
tcr_17_2,E,A,E,R,91,86,CG,CZ,9.5605545
tcr_17_2,E,A,E,R,91,86,CG,NH1,9.285875
tcr_17_2,E,A,E,R,91,86,CD,NH2,8.133207
tcr_17_2,E,A,E,R,91,86,CD,CZ,8.661852
tcr_17_2,E,A,E,R,91,86,CD,NE,9.4933405
tcr_17_2,E,A,E,R,91,86,CD,NH1,8.576696
tcr_17_2,E,A,E,R,91,86,OE1,NH2,6.969917
tcr_17_2,E,A,E,R,91,86,OE1,CZ,7.44263
tcr_17_2,E,A,E,R,91,86,OE1,NE,8.256023
tcr_17_2,E,A,E,R,91,86,OE1,CD,9.062067
tcr_17_2,E,A,E,R,91,86,OE1,NH1,7.365499
tcr_17_2,E,A,E,Q,91,89,OE1,OE1,9.177399
tcr_17_2,E,A,E,Q,91,89,OE1,CD,9.805706
tcr_17_2,E,A,E,Q,91,89,OE1,NE2,9.377369
tcr_17_2,E,A,E,R,91,86,OE2,NH2,8.624476
tcr_17_2,E,A,E,R,91,86,OE2,CZ,9.281034
tcr_17_2,E,A,E,R,91,86,OE2,NH1,9.336794
tcr_17_2,E,A,Q,T,113,93,C,CG2,9.002409
tcr_17_2,E,A,Q,Q,113,179,O,NE2,9.625209
tcr_17_2,E,A,Q,Q,113,179,O,OE1,9.767352
tcr_17_2,E,A,Q,T,113,93,O,CG2,9.073947
tcr_17_2,E,A,Q,E,113,100,CG,OE2,9.573389
tcr_17_2,E,A,Q,E,113,100,CD,CD,9.91714
tcr_17_2,E,A,Q,E,113,100,CD,OE1,9.592556
tcr_17_2,E,A,Q,E,113,100,CD,OE2,9.326665
tcr_17_2,E,A,Q,K,113,170,NE2,CE,9.474076
tcr_17_2,E,A,Q,K,113,170,NE2,NZ,9.544269
tcr_17_2,E,A,Q,E,113,100,NE2,CD,8.795596
tcr_17_2,E,A,Q,E,113,100,NE2,OE1,8.497763
tcr_17_2,E,A,Q,E,113,100,NE2,OE2,8.242401
tcr_17_2,E,A,K,T,114,97,N,OG1,9.533702
tcr_17_2,E,A,K,T,114,93,N,CG2,7.94971
tcr_17_2,E,A,K,T,114,93,N,CB,9.212134
tcr_17_2,E,A,K,T,114,93,N,OG1,8.984035
tcr_17_2,E,A,K,Q,114,89,CA,NE2,9.818817
tcr_17_2,E,A,K,T,114,97,CA,OG1,8.255825
tcr_17_2,E,A,K,T,114,97,CA,CG2,9.769591
tcr_17_2,E,A,K,T,114,93,CA,CG2,6.5886145
tcr_17_2,E,A,K,T,114,93,CA,CB,7.892505
tcr_17_2,E,A,K,T,114,93,CA,OG1,7.7525206
tcr_17_2,E,A,K,T,114,97,CA,CB,9.57458
tcr_17_2,E,A,K,E,114,100,CA,OE2,9.484616
tcr_17_2,E,A,K,T,114,93,CA,CA,8.801695
tcr_17_2,E,A,K,T,114,93,CA,C,9.299977
tcr_17_2,E,A,K,T,114,93,CA,O,9.123725
tcr_17_2,E,A,K,Q,114,96,CA,CB,9.748282
tcr_17_2,E,A,K,Q,114,179,C,NE2,9.831595
tcr_17_2,E,A,K,E,114,176,C,OE2,9.857733
tcr_17_2,E,A,K,T,114,97,C,OG1,7.553991
tcr_17_2,E,A,K,Q,114,179,C,OE1,9.565639
tcr_17_2,E,A,K,T,114,97,C,CG2,8.783192
tcr_17_2,E,A,K,T,114,93,C,CG2,6.656305
tcr_17_2,E,A,K,T,114,97,C,CA,9.330134
tcr_17_2,E,A,K,T,114,93,C,CB,8.095791
tcr_17_2,E,A,K,T,114,93,C,OG1,8.213216
tcr_17_2,E,A,K,T,114,97,C,CB,8.789759
tcr_17_2,E,A,K,E,114,100,C,CD,9.722899
tcr_17_2,E,A,K,E,114,100,C,OE2,8.664786
tcr_17_2,E,A,K,T,114,93,C,CA,8.971754
tcr_17_2,E,A,K,T,114,93,C,C,9.224032
tcr_17_2,E,A,K,T,114,93,C,O,8.950986
tcr_17_2,E,A,K,T,114,97,C,N,9.507051
tcr_17_2,E,A,K,Q,114,96,C,CB,9.666907
tcr_17_2,E,A,K,E,114,176,O,OE2,9.979273
tcr_17_2,E,A,K,T,114,97,O,OG1,7.7013326
tcr_17_2,E,A,K,T,114,97,O,CG2,8.745017
tcr_17_2,E,A,K,T,114,93,O,CG2,7.3891177
tcr_17_2,E,A,K,T,114,97,O,CA,9.233345
tcr_17_2,E,A,K,T,114,93,O,CB,8.864192
tcr_17_2,E,A,K,T,114,93,O,OG1,9.074852
tcr_17_2,E,A,K,T,114,97,O,CB,8.836097
tcr_17_2,E,A,K,E,114,100,O,CD,8.928859
tcr_17_2,E,A,K,E,114,100,O,OE1,9.119697
tcr_17_2,E,A,K,E,114,100,O,OE2,7.950237
tcr_17_2,E,A,K,T,114,93,O,CA,9.595371
tcr_17_2,E,A,K,T,114,93,O,C,9.732163
tcr_17_2,E,A,K,T,114,93,O,O,9.312629
tcr_17_2,E,A,K,T,114,97,O,N,9.488694
tcr_17_2,E,A,K,Q,114,96,O,CB,9.678192
tcr_17_2,E,A,K,Q,114,89,CB,CD,9.822294
tcr_17_2,E,A,K,Q,114,89,CB,NE2,9.146073
tcr_17_2,E,A,K,Q,114,89,CB,CG,9.734553
tcr_17_2,E,A,K,T,114,97,CB,OG1,7.60464
tcr_17_2,E,A,K,T,114,97,CB,CG2,9.365271
tcr_17_2,E,A,K,T,114,93,CB,CG2,5.677403
tcr_17_2,E,A,K,T,114,97,CB,CA,9.306063
tcr_17_2,E,A,K,T,114,93,CB,CB,6.905464
tcr_17_2,E,A,K,T,114,93,CB,OG1,6.7205567
tcr_17_2,E,A,K,T,114,97,CB,CB,8.948411
tcr_17_2,E,A,K,E,114,100,CB,OE2,8.882708
tcr_17_2,E,A,K,N,114,94,CB,OD1,9.905622
tcr_17_2,E,A,K,Q,114,89,CB,O,9.490267
tcr_17_2,E,A,K,T,114,93,CB,CA,7.666011
tcr_17_2,E,A,K,T,114,93,CB,N,8.875688
tcr_17_2,E,A,K,K,114,92,CB,C,9.75819
tcr_17_2,E,A,K,N,114,94,CB,N,9.291335
tcr_17_2,E,A,K,T,114,93,CB,C,8.252618
tcr_17_2,E,A,K,K,114,92,CB,O,9.6849165
tcr_17_2,E,A,K,T,114,93,CB,O,8.047232
tcr_17_2,E,A,K,Q,114,96,CB,CA,9.6679
tcr_17_2,E,A,K,T,114,97,CB,N,9.082936
tcr_17_2,E,A,K,Q,114,96,CB,CB,8.46093
tcr_17_2,E,A,K,Q,114,96,CB,CG,8.92747
tcr_17_2,E,A,K,Q,114,96,CB,C,9.56935
tcr_17_2,E,A,K,R,114,86,CG,NH1,9.610187
tcr_17_2,E,A,K,Q,114,89,CG,CB,9.843874
tcr_17_2,E,A,K,Q,114,89,CG,OE1,9.613936
tcr_17_2,E,A,K,Q,114,89,CG,CD,8.795541
tcr_17_2,E,A,K,Q,114,89,CG,NE2,8.277141
tcr_17_2,E,A,K,Q,114,89,CG,CA,9.913219
tcr_17_2,E,A,K,I,114,90,CG,N,9.535027
tcr_17_2,E,A,K,Q,114,89,CG,CG,8.583787
tcr_17_2,E,A,K,T,114,97,CG,OG1,6.5536404
tcr_17_2,E,A,K,T,114,97,CG,CG2,8.471282
tcr_17_2,E,A,K,T,114,93,CG,CG2,4.1729217
tcr_17_2,E,A,K,T,114,97,CG,C,9.961782
tcr_17_2,E,A,K,T,114,97,CG,CA,8.4354
tcr_17_2,E,A,K,T,114,93,CG,CB,5.4047127
tcr_17_2,E,A,K,T,114,93,CG,OG1,5.2739253
tcr_17_2,E,A,K,T,114,97,CG,CB,7.947156
tcr_17_2,E,A,K,E,114,100,CG,OE2,8.832765
tcr_17_2,E,A,K,N,114,94,CG,OD1,8.429713
tcr_17_2,E,A,K,N,114,94,CG,CG,9.527224
tcr_17_2,E,A,K,N,114,94,CG,CB,9.873773
tcr_17_2,E,A,K,N,114,94,CG,CA,8.794746
tcr_17_2,E,A,K,N,114,94,CG,C,9.590148
tcr_17_2,E,A,K,N,114,94,CG,O,9.958037
tcr_17_2,E,A,K,Q,114,89,CG,O,8.075989
tcr_17_2,E,A,K,Q,114,89,CG,C,9.023797
tcr_17_2,E,A,K,I,114,90,CG,CA,9.149566
tcr_17_2,E,A,K,I,114,90,CG,C,9.401138
tcr_17_2,E,A,K,T,114,93,CG,CA,6.2589216
tcr_17_2,E,A,K,K,114,92,CG,CA,9.768666
tcr_17_2,E,A,K,I,114,90,CG,O,8.614214
tcr_17_2,E,A,K,T,114,93,CG,N,7.4779267
tcr_17_2,E,A,K,K,114,92,CG,C,8.437535
tcr_17_2,E,A,K,N,114,94,CG,N,7.8562346
tcr_17_2,E,A,K,T,114,93,CG,C,6.869755
tcr_17_2,E,A,K,K,114,92,CG,O,8.457635
tcr_17_2,E,A,K,T,114,93,CG,O,6.787266
tcr_17_2,E,A,K,Q,114,96,CG,CA,8.80891
tcr_17_2,E,A,K,T,114,97,CG,N,8.153588
tcr_17_2,E,A,K,Q,114,96,CG,N,9.138694
tcr_17_2,E,A,K,Q,114,96,CG,CB,7.684473
tcr_17_2,E,A,K,Q,114,96,CG,CG,8.162882
tcr_17_2,E,A,K,K,114,92,CG,CB,9.887329
tcr_17_2,E,A,K,Q,114,96,CG,C,8.752655
tcr_17_2,E,A,K,Q,114,96,CG,CD,9.546095
tcr_17_2,E,A,K,Q,114,96,CG,O,9.546259
tcr_17_2,E,A,K,R,114,86,CD,NH2,8.672465
tcr_17_2,E,A,K,R,114,86,CD,CZ,8.892092
tcr_17_2,E,A,K,R,114,86,CD,NH1,8.164504
tcr_17_2,E,A,K,I,114,90,CD,CG1,9.053149
tcr_17_2,E,A,K,Q,114,89,CD,CB,8.819029
tcr_17_2,E,A,K,Q,114,89,CD,OE1,8.301038
tcr_17_2,E,A,K,Q,114,89,CD,CD,7.5591393
tcr_17_2,E,A,K,Q,114,89,CD,NE2,7.0220237
tcr_17_2,E,A,K,Q,114,89,CD,CA,9.073041
tcr_17_2,E,A,K,I,114,90,CD,N,8.709447
tcr_17_2,E,A,K,Q,114,89,CD,CG,7.520883
tcr_17_2,E,A,K,I,114,90,CD,CB,9.328305
tcr_17_2,E,A,K,T,114,97,CD,OG1,7.379038
tcr_17_2,E,A,K,T,114,97,CD,CG2,9.326074
tcr_17_2,E,A,K,T,114,93,CD,CG2,4.253964
tcr_17_2,E,A,K,T,114,97,CD,CA,9.441031
tcr_17_2,E,A,K,T,114,93,CD,CB,5.2577586
tcr_17_2,E,A,K,T,114,93,CD,OG1,4.849557
tcr_17_2,E,A,K,T,114,97,CD,CB,8.792691
tcr_17_2,E,A,K,I,114,90,CD,CG2,9.486953
tcr_17_2,E,A,K,N,114,94,CD,OD1,8.349729
tcr_17_2,E,A,K,N,114,94,CD,CG,9.488206
tcr_17_2,E,A,K,N,114,94,CD,CB,9.997412
tcr_17_2,E,A,K,N,114,94,CD,CA,9.089228
tcr_17_2,E,A,K,Q,114,89,CD,O,7.4429064
tcr_17_2,E,A,K,Q,114,89,CD,C,8.249984
tcr_17_2,E,A,K,I,114,90,CD,CA,8.415565
tcr_17_2,E,A,K,I,114,90,CD,C,8.897669
tcr_17_2,E,A,K,T,114,93,CD,CA,6.374482
tcr_17_2,E,A,K,K,114,92,CD,CA,9.708612
tcr_17_2,E,A,K,I,114,90,CD,O,8.271919
tcr_17_2,E,A,K,T,114,93,CD,N,7.433383
tcr_17_2,E,A,K,K,114,92,CD,C,8.51416
tcr_17_2,E,A,K,N,114,94,CD,N,8.036593
tcr_17_2,E,A,K,T,114,93,CD,C,7.17923
tcr_17_2,E,A,K,K,114,92,CD,O,8.747126
tcr_17_2,E,A,K,T,114,93,CD,O,7.3527803
tcr_17_2,E,A,K,Q,114,96,CD,CA,9.769015
tcr_17_2,E,A,K,T,114,97,CD,N,9.125959
tcr_17_2,E,A,K,Q,114,96,CD,N,9.90773
tcr_17_2,E,A,K,Q,114,96,CD,CB,8.67961
tcr_17_2,E,A,K,Q,114,96,CD,CG,9.031501
tcr_17_2,E,A,K,K,114,92,CD,CB,9.72215
tcr_17_2,E,A,K,Q,114,96,CD,C,9.802744
tcr_17_2,E,A,K,R,114,86,CE,NH2,7.7308016
tcr_17_2,E,A,K,R,114,86,CE,CZ,7.907158
tcr_17_2,E,A,K,R,114,86,CE,NE,8.939189
tcr_17_2,E,A,K,R,114,86,CE,CD,9.55275
tcr_17_2,E,A,K,R,114,86,CE,NH1,7.271522
tcr_17_2,E,A,K,R,114,86,CE,O,9.507077
tcr_17_2,E,A,K,I,114,90,CE,CG1,7.6047983
tcr_17_2,E,A,K,Q,114,89,CE,CB,7.799448
tcr_17_2,E,A,K,Q,114,89,CE,OE1,7.496245
tcr_17_2,E,A,K,I,114,90,CE,CD1,8.930644
tcr_17_2,E,A,K,Q,114,89,CE,CD,6.8217645
tcr_17_2,E,A,K,Q,114,89,CE,NE2,6.534474
tcr_17_2,E,A,K,Q,114,89,CE,N,9.33313
tcr_17_2,E,A,K,Q,114,89,CE,CA,7.9653482
tcr_17_2,E,A,K,I,114,90,CE,N,7.3466043
tcr_17_2,E,A,K,Q,114,89,CE,CG,6.6452804
tcr_17_2,E,A,K,I,114,90,CE,CB,7.831706
tcr_17_2,E,A,K,T,114,97,CE,OG1,6.73202
tcr_17_2,E,A,K,T,114,97,CE,CG2,8.715746
tcr_17_2,E,A,K,T,114,93,CE,CG2,3.1649082
tcr_17_2,E,A,K,T,114,97,CE,CA,8.923689
tcr_17_2,E,A,K,T,114,93,CE,CB,4.0488386
tcr_17_2,E,A,K,T,114,93,CE,OG1,3.7074227
tcr_17_2,E,A,K,T,114,97,CE,CB,8.124101
tcr_17_2,E,A,K,I,114,90,CE,CG2,7.961169
tcr_17_2,E,A,K,N,114,94,CE,OD1,6.9771805
tcr_17_2,E,A,K,F,114,91,CE,CA,9.510064
tcr_17_2,E,A,K,N,114,94,CE,ND2,9.058674
tcr_17_2,E,A,K,N,114,94,CE,CG,8.119972
tcr_17_2,E,A,K,N,114,94,CE,CB,8.715085
tcr_17_2,E,A,K,N,114,94,CE,CA,7.936286
tcr_17_2,E,A,K,T,114,95,CE,N,9.407694
tcr_17_2,E,A,K,N,114,94,CE,C,9.013993
tcr_17_2,E,A,K,N,114,94,CE,O,9.6158
tcr_17_2,E,A,K,Q,114,89,CE,O,6.23083
tcr_17_2,E,A,K,F,114,91,CE,N,8.708876
tcr_17_2,E,A,K,Q,114,89,CE,C,7.003567
tcr_17_2,E,A,K,I,114,90,CE,CA,6.9534817
tcr_17_2,E,A,K,I,114,90,CE,C,7.455935
tcr_17_2,E,A,K,T,114,93,CE,CA,5.3523836
tcr_17_2,E,A,K,K,114,92,CE,CA,8.689039
tcr_17_2,E,A,K,K,114,92,CE,N,8.8348675
tcr_17_2,E,A,K,I,114,90,CE,O,6.8552585
tcr_17_2,E,A,K,T,114,93,CE,N,6.3640594
tcr_17_2,E,A,K,K,114,92,CE,C,7.549233
tcr_17_2,E,A,K,N,114,94,CE,N,6.85845
tcr_17_2,E,A,K,T,114,93,CE,C,6.1527686
tcr_17_2,E,A,K,K,114,92,CE,O,7.9253554
tcr_17_2,E,A,K,T,114,93,CE,O,6.5195837
tcr_17_2,E,A,K,Q,114,96,CE,CA,9.338433
tcr_17_2,E,A,K,T,114,97,CE,N,8.593768
tcr_17_2,E,A,K,Q,114,96,CE,N,9.271775
tcr_17_2,E,A,K,Q,114,96,CE,CB,8.403315
tcr_17_2,E,A,K,Q,114,96,CE,CG,8.774233
tcr_17_2,E,A,K,T,114,88,CE,O,9.676982
tcr_17_2,E,A,K,F,114,91,CE,C,9.219605
tcr_17_2,E,A,K,K,114,92,CE,CB,8.812706
tcr_17_2,E,A,K,F,114,91,CE,O,9.520106
tcr_17_2,E,A,K,Q,114,96,CE,C,9.386961
tcr_17_2,E,A,K,R,114,86,NZ,NH2,6.323658
tcr_17_2,E,A,K,R,114,86,NZ,CZ,6.592101
tcr_17_2,E,A,K,R,114,86,NZ,NE,7.6850057
tcr_17_2,E,A,K,R,114,86,NZ,CD,8.417956
tcr_17_2,E,A,K,R,114,86,NZ,CG,9.652396
tcr_17_2,E,A,K,R,114,86,NZ,C,9.911089
tcr_17_2,E,A,K,R,114,86,NZ,NH1,6.02444
tcr_17_2,E,A,K,R,114,86,NZ,O,8.802072
tcr_17_2,E,A,K,I,114,90,NZ,CG1,6.8317027
tcr_17_2,E,A,K,Q,114,89,NZ,CB,7.3805714
tcr_17_2,E,A,K,Q,114,89,NZ,OE1,6.6740007
tcr_17_2,E,A,K,I,114,90,NZ,CD1,8.036445
tcr_17_2,E,A,K,Q,114,89,NZ,CD,6.194478
tcr_17_2,E,A,K,Q,114,89,NZ,NE2,5.96185
tcr_17_2,E,A,K,Q,114,89,NZ,N,9.084881
tcr_17_2,E,A,K,Q,114,89,NZ,CA,7.764103
tcr_17_2,E,A,K,I,114,90,NZ,N,7.0231
tcr_17_2,E,A,K,Q,114,89,NZ,CG,6.268301
tcr_17_2,E,A,K,I,114,90,NZ,CB,7.3282022
tcr_17_2,E,A,K,T,114,88,NZ,C,9.908722
tcr_17_2,E,A,K,T,114,97,NZ,OG1,7.7737436
tcr_17_2,E,A,K,Q,114,179,NZ,OE1,9.490226
tcr_17_2,E,A,K,T,114,97,NZ,CG2,9.62462
tcr_17_2,E,A,K,T,114,93,NZ,CG2,4.160235
tcr_17_2,E,A,K,T,114,93,NZ,CB,4.7648573
tcr_17_2,E,A,K,T,114,93,NZ,OG1,4.281737
tcr_17_2,E,A,K,T,114,97,NZ,CB,9.124662
tcr_17_2,E,A,K,I,114,90,NZ,CG2,7.530072
tcr_17_2,E,A,K,N,114,94,NZ,OD1,7.2354894
tcr_17_2,E,A,K,F,114,91,NZ,CA,9.693755
tcr_17_2,E,A,K,N,114,94,NZ,ND2,9.167052
tcr_17_2,E,A,K,N,114,94,NZ,CG,8.393906
tcr_17_2,E,A,K,N,114,94,NZ,CB,9.189705
tcr_17_2,E,A,K,N,114,94,NZ,CA,8.630075
tcr_17_2,E,A,K,N,114,94,NZ,C,9.84457
tcr_17_2,E,A,K,Q,114,89,NZ,O,6.311478
tcr_17_2,E,A,K,F,114,91,NZ,N,8.715098
tcr_17_2,E,A,K,Q,114,89,NZ,C,6.8504357
tcr_17_2,E,A,K,I,114,90,NZ,CA,6.663415
tcr_17_2,E,A,K,I,114,90,NZ,C,7.4412723
tcr_17_2,E,A,K,T,114,93,NZ,CA,6.2212615
tcr_17_2,E,A,K,K,114,92,NZ,CA,9.291455
tcr_17_2,E,A,K,K,114,92,NZ,N,9.240549
tcr_17_2,E,A,K,I,114,90,NZ,O,7.0367756
tcr_17_2,E,A,K,T,114,93,NZ,N,7.05179
tcr_17_2,E,A,K,K,114,92,NZ,C,8.310377
tcr_17_2,E,A,K,N,114,94,NZ,N,7.557156
tcr_17_2,E,A,K,T,114,93,NZ,C,7.0515
tcr_17_2,E,A,K,K,114,92,NZ,O,8.855834
tcr_17_2,E,A,K,T,114,93,NZ,O,7.5880976
tcr_17_2,E,A,K,T,114,97,NZ,N,9.79373
tcr_17_2,E,A,K,Q,114,96,NZ,CB,9.751907
tcr_17_2,E,A,K,T,114,88,NZ,O,9.733939
tcr_17_2,E,A,K,F,114,91,NZ,C,9.613737
tcr_17_2,E,A,K,K,114,92,NZ,CB,9.36637
tcr_17_2,E,A,S,Q,115,179,N,NE2,8.752144
tcr_17_2,E,A,S,E,115,176,N,CD,9.411191
tcr_17_2,E,A,S,E,115,176,N,OE1,9.030225
tcr_17_2,E,A,S,E,115,176,N,OE2,8.76977
tcr_17_2,E,A,S,T,115,97,N,OG1,7.123747
tcr_17_2,E,A,S,Q,115,179,N,OE1,8.343057
tcr_17_2,E,A,S,T,115,97,N,CG2,8.248754
tcr_17_2,E,A,S,T,115,93,N,CG2,6.2512245
tcr_17_2,E,A,S,T,115,97,N,CA,9.091778
tcr_17_2,E,A,S,Q,115,179,N,CD,9.105265
tcr_17_2,E,A,S,T,115,93,N,CB,7.697616
tcr_17_2,E,A,S,T,115,93,N,OG1,7.9074445
tcr_17_2,E,A,S,T,115,97,N,CB,8.352847
tcr_17_2,E,A,S,E,115,100,N,OE2,9.015174
tcr_17_2,E,A,S,N,115,94,N,OD1,9.287926
tcr_17_2,E,A,S,T,115,93,N,CA,8.697353
tcr_17_2,E,A,S,N,115,94,N,N,9.587831
tcr_17_2,E,A,S,T,115,93,N,C,8.87109
tcr_17_2,E,A,S,T,115,93,N,O,8.698332
tcr_17_2,E,A,S,T,115,97,N,N,9.365898
tcr_17_2,E,A,S,Q,115,96,N,CB,9.868306
tcr_17_2,E,A,S,Q,115,179,CA,CG,9.881887
tcr_17_2,E,A,S,Q,115,179,CA,NE2,8.009985
tcr_17_2,E,A,S,A,115,174,CA,CB,9.373915
tcr_17_2,E,A,S,E,115,176,CA,CD,8.122624
tcr_17_2,E,A,S,E,115,176,CA,CG,9.587736
tcr_17_2,E,A,S,E,115,176,CA,OE1,7.7892895
tcr_17_2,E,A,S,E,115,176,CA,OE2,7.483149
tcr_17_2,E,A,S,T,115,97,CA,OG1,6.658629
tcr_17_2,E,A,S,Q,115,179,CA,OE1,7.6431274
tcr_17_2,E,A,S,T,115,97,CA,CG2,7.4023223
tcr_17_2,E,A,S,T,115,93,CA,CG2,6.6181235
tcr_17_2,E,A,S,T,115,97,CA,C,9.833487
tcr_17_2,E,A,S,T,115,97,CA,CA,8.5627
tcr_17_2,E,A,S,Q,115,179,CA,CD,8.374256
tcr_17_2,E,A,S,T,115,93,CA,CB,8.103597
tcr_17_2,E,A,S,T,115,93,CA,OG1,8.538441
tcr_17_2,E,A,S,T,115,97,CA,CB,7.7465367
tcr_17_2,E,A,S,K,115,170,CA,CE,9.687403
tcr_17_2,E,A,S,K,115,170,CA,NZ,9.731061
tcr_17_2,E,A,S,E,115,100,CA,CD,9.585245
tcr_17_2,E,A,S,E,115,100,CA,OE2,8.56043
tcr_17_2,E,A,S,N,115,94,CA,OD1,9.035716
tcr_17_2,E,A,S,N,115,94,CA,CA,9.936095
tcr_17_2,E,A,S,T,115,93,CA,CA,9.039336
tcr_17_2,E,A,S,N,115,94,CA,N,9.571613
tcr_17_2,E,A,S,T,115,93,CA,C,8.970627
tcr_17_2,E,A,S,T,115,93,CA,O,8.726503
tcr_17_2,E,A,S,T,115,97,CA,N,9.055467
tcr_17_2,E,A,S,Q,115,96,CA,C,9.951731
tcr_17_2,E,A,S,Q,115,179,C,NE2,9.024646
tcr_17_2,E,A,S,A,115,174,C,CB,9.741164
tcr_17_2,E,A,S,E,115,176,C,CD,8.216544
tcr_17_2,E,A,S,W,115,171,C,NE1,9.515164
tcr_17_2,E,A,S,E,115,176,C,CG,9.609724
tcr_17_2,E,A,S,W,115,171,C,CD1,9.99852
tcr_17_2,E,A,S,E,115,176,C,OE1,7.794918
tcr_17_2,E,A,S,N,115,101,C,ND2,9.863197
tcr_17_2,E,A,S,E,115,176,C,OE2,7.7297497
tcr_17_2,E,A,S,T,115,97,C,OG1,5.3134847
tcr_17_2,E,A,S,Q,115,179,C,OE1,8.5237255
tcr_17_2,E,A,S,T,115,97,C,CG2,6.0094643
tcr_17_2,E,A,S,T,115,93,C,CG2,6.0027275
tcr_17_2,E,A,S,T,115,97,C,C,8.343716
tcr_17_2,E,A,S,T,115,97,C,CA,7.085613
tcr_17_2,E,A,S,Q,115,179,C,CD,9.303915
tcr_17_2,E,A,S,T,115,93,C,CB,7.5196505
tcr_17_2,E,A,S,T,115,93,C,OG1,8.149981
tcr_17_2,E,A,S,T,115,97,C,CB,6.3457847
tcr_17_2,E,A,S,K,115,170,C,CE,9.045661
tcr_17_2,E,A,S,K,115,170,C,NZ,8.87981
tcr_17_2,E,A,S,N,115,101,C,CG,9.8847885
tcr_17_2,E,A,S,N,115,101,C,OD1,9.064879
tcr_17_2,E,A,S,E,115,100,C,CG,9.084459
tcr_17_2,E,A,S,E,115,100,C,CD,8.210188
tcr_17_2,E,A,S,E,115,100,C,CB,9.018367
tcr_17_2,E,A,S,E,115,100,C,OE1,8.782579
tcr_17_2,E,A,S,T,115,97,C,O,8.584144
tcr_17_2,E,A,S,E,115,100,C,OE2,7.161257
tcr_17_2,E,A,S,N,115,94,C,OD1,8.303711
tcr_17_2,E,A,S,N,115,94,C,CG,9.342061
tcr_17_2,E,A,S,N,115,94,C,CB,9.826559
tcr_17_2,E,A,S,N,115,94,C,CA,8.8742695
tcr_17_2,E,A,S,N,115,94,C,C,9.673307
tcr_17_2,E,A,S,N,115,94,C,O,9.577646
tcr_17_2,E,A,S,T,115,93,C,CA,8.253032
tcr_17_2,E,A,S,T,115,93,C,N,9.694124
tcr_17_2,E,A,S,N,115,94,C,N,8.624996
tcr_17_2,E,A,S,T,115,93,C,C,8.000133
tcr_17_2,E,A,S,T,115,93,C,O,7.6092467
tcr_17_2,E,A,S,Q,115,96,C,CA,9.3297415
tcr_17_2,E,A,S,T,115,97,C,N,7.6337924
tcr_17_2,E,A,S,Q,115,96,C,N,9.826868
tcr_17_2,E,A,S,Q,115,96,C,CB,8.760311
tcr_17_2,E,A,S,Q,115,96,C,CG,9.891835
tcr_17_2,E,A,S,Y,115,98,C,N,9.375134
tcr_17_2,E,A,S,Q,115,96,C,C,8.5221615
tcr_17_2,E,A,S,Q,115,96,C,O,8.977823
tcr_17_2,E,A,S,E,115,176,O,CD,9.261977
tcr_17_2,E,A,S,E,115,176,O,OE1,8.751432
tcr_17_2,E,A,S,N,115,101,O,ND2,9.82483
tcr_17_2,E,A,S,E,115,176,O,OE2,8.854427
tcr_17_2,E,A,S,T,115,97,O,OG1,4.669047
tcr_17_2,E,A,S,Q,115,179,O,OE1,9.530158
tcr_17_2,E,A,S,T,115,97,O,CG2,5.7617474
tcr_17_2,E,A,S,T,115,93,O,CG2,5.158851
tcr_17_2,E,A,S,T,115,97,O,C,7.787902
tcr_17_2,E,A,S,T,115,97,O,CA,6.422801
tcr_17_2,E,A,S,T,115,93,O,CB,6.68638
tcr_17_2,E,A,S,T,115,93,O,OG1,7.304259
tcr_17_2,E,A,S,T,115,97,O,CB,5.8198175
tcr_17_2,E,A,S,K,115,170,O,CE,9.741799
tcr_17_2,E,A,S,K,115,170,O,NZ,9.416874
tcr_17_2,E,A,S,N,115,101,O,CG,9.807462
tcr_17_2,E,A,S,N,115,101,O,OD1,9.041794
tcr_17_2,E,A,S,E,115,100,O,CG,8.60916
tcr_17_2,E,A,S,E,115,100,O,CD,7.6725507
tcr_17_2,E,A,S,E,115,100,O,CB,8.452672
tcr_17_2,E,A,S,E,115,100,O,CA,9.859225
tcr_17_2,E,A,S,E,115,100,O,OE1,8.272185
tcr_17_2,E,A,S,T,115,97,O,O,8.117164
tcr_17_2,E,A,S,E,115,100,O,OE2,6.5378304
tcr_17_2,E,A,S,N,115,94,O,OD1,7.9285464
tcr_17_2,E,A,S,N,115,94,O,ND2,9.976623
tcr_17_2,E,A,S,N,115,94,O,CG,8.950809
tcr_17_2,E,A,S,N,115,94,O,CB,9.297935
tcr_17_2,E,A,S,N,115,94,O,CA,8.220204
tcr_17_2,E,A,S,T,115,95,O,N,9.7557335
tcr_17_2,E,A,S,N,115,94,O,C,8.936351
tcr_17_2,E,A,S,N,115,94,O,O,8.883243
tcr_17_2,E,A,S,T,115,93,O,CA,7.310657
tcr_17_2,E,A,S,I,115,90,O,O,9.372272
tcr_17_2,E,A,S,T,115,93,O,N,8.764829
tcr_17_2,E,A,S,K,115,92,O,C,9.648719
tcr_17_2,E,A,S,N,115,94,O,N,7.8724403
tcr_17_2,E,A,S,T,115,93,O,C,7.117228
tcr_17_2,E,A,S,K,115,92,O,O,9.460299
tcr_17_2,E,A,S,T,115,95,O,C,9.892032
tcr_17_2,E,A,S,T,115,93,O,O,6.666922
tcr_17_2,E,A,S,Q,115,96,O,CA,8.300603
tcr_17_2,E,A,S,T,115,97,O,N,6.786466
tcr_17_2,E,A,S,Q,115,96,O,N,8.831219
tcr_17_2,E,A,S,Q,115,96,O,CB,7.6338162
tcr_17_2,E,A,S,Q,115,96,O,CG,8.718257
tcr_17_2,E,A,S,Y,115,98,O,N,8.799649
tcr_17_2,E,A,S,Q,115,96,O,C,7.600205
tcr_17_2,E,A,S,Q,115,96,O,O,8.110797
tcr_17_2,E,A,S,Q,115,179,CB,CG,8.4809
tcr_17_2,E,A,S,Q,115,179,CB,CB,8.87203
tcr_17_2,E,A,S,A,115,174,CB,O,9.2010975
tcr_17_2,E,A,S,Q,115,179,CB,NE2,6.755406
tcr_17_2,E,A,S,E,115,176,CB,CA,9.44303
tcr_17_2,E,A,S,A,115,174,CB,CB,8.8958
tcr_17_2,E,A,S,E,115,176,CB,CD,7.0124426
tcr_17_2,E,A,S,E,115,176,CB,CB,9.224968
tcr_17_2,E,A,S,W,115,171,CB,NE1,9.694669
tcr_17_2,E,A,S,E,115,176,CB,CG,8.527157
tcr_17_2,E,A,S,W,115,171,CB,CD1,9.9591
tcr_17_2,E,A,S,E,115,176,CB,OE1,6.618217
tcr_17_2,E,A,S,E,115,176,CB,OE2,6.418803
tcr_17_2,E,A,S,T,115,97,CB,OG1,6.949946
tcr_17_2,E,A,S,Q,115,179,CB,OE1,6.1867237
tcr_17_2,E,A,S,T,115,97,CB,CG2,7.543834
tcr_17_2,E,A,S,T,115,93,CB,CG2,6.7725196
tcr_17_2,E,A,S,T,115,97,CB,CA,9.021978
tcr_17_2,E,A,S,Q,115,179,CB,CD,6.9902635
tcr_17_2,E,A,S,T,115,93,CB,CB,8.160639
tcr_17_2,E,A,S,T,115,93,CB,OG1,8.623086
tcr_17_2,E,A,S,T,115,97,CB,CB,7.9878116
tcr_17_2,E,A,S,E,115,100,CB,OE2,9.656009
tcr_17_2,E,A,S,N,115,94,CB,OD1,8.563364
tcr_17_2,E,A,S,N,115,94,CB,CG,9.689199
tcr_17_2,E,A,S,N,115,94,CB,CA,9.862926
tcr_17_2,E,A,S,T,115,93,CB,CA,9.237115
tcr_17_2,E,A,S,N,115,94,CB,N,9.548369
tcr_17_2,E,A,S,T,115,93,CB,C,9.134796
tcr_17_2,E,A,S,T,115,93,CB,O,9.050077
tcr_17_2,E,A,S,T,115,97,CB,N,9.580092
tcr_17_2,E,A,S,Q,115,179,OG,CG,8.706573
tcr_17_2,E,A,S,Q,115,179,OG,CB,8.885724
tcr_17_2,E,A,S,R,115,86,OG,NH2,9.501652
tcr_17_2,E,A,S,I,115,90,OG,CG1,9.525682
tcr_17_2,E,A,S,I,115,90,OG,CB,9.726718
tcr_17_2,E,A,S,Q,115,179,OG,NE2,7.3015304
tcr_17_2,E,A,S,E,115,176,OG,CA,9.822367
tcr_17_2,E,A,S,A,115,174,OG,CB,9.876949
tcr_17_2,E,A,S,E,115,176,OG,CD,7.164984
tcr_17_2,E,A,S,E,115,176,OG,CB,9.572719
tcr_17_2,E,A,S,W,115,171,OG,NE1,9.9731655
tcr_17_2,E,A,S,E,115,176,OG,CG,8.6803875
tcr_17_2,E,A,S,E,115,176,OG,OE1,6.5378594
tcr_17_2,E,A,S,E,115,176,OG,OE2,6.797636
tcr_17_2,E,A,S,T,115,97,OG,OG1,6.1523266
tcr_17_2,E,A,S,Q,115,179,OG,OE1,6.315195
tcr_17_2,E,A,S,T,115,97,OG,CG2,6.94327
tcr_17_2,E,A,S,T,115,93,OG,CG2,5.6521063
tcr_17_2,E,A,S,T,115,97,OG,C,9.619164
tcr_17_2,E,A,S,T,115,97,OG,CA,8.392586
tcr_17_2,E,A,S,Q,115,179,OG,CD,7.289961
tcr_17_2,E,A,S,T,115,93,OG,CB,6.962872
tcr_17_2,E,A,S,T,115,93,OG,OG1,7.4759364
tcr_17_2,E,A,S,T,115,97,OG,CB,7.24175
tcr_17_2,E,A,S,E,115,100,OG,OE2,9.715087
tcr_17_2,E,A,S,I,115,90,OG,CG2,9.110822
tcr_17_2,E,A,S,N,115,94,OG,OD1,7.2290134
tcr_17_2,E,A,S,N,115,94,OG,ND2,9.062552
tcr_17_2,E,A,S,N,115,94,OG,CG,8.376129
tcr_17_2,E,A,S,N,115,94,OG,CB,9.260069
tcr_17_2,E,A,S,N,115,94,OG,CA,8.676932
tcr_17_2,E,A,S,N,115,94,OG,C,9.83828
tcr_17_2,E,A,S,N,115,94,OG,O,9.989785
tcr_17_2,E,A,S,Q,115,89,OG,O,9.820698
tcr_17_2,E,A,S,I,115,90,OG,CA,9.403363
tcr_17_2,E,A,S,I,115,90,OG,C,9.717336
tcr_17_2,E,A,S,T,115,93,OG,CA,8.094907
tcr_17_2,E,A,S,I,115,90,OG,O,8.929862
tcr_17_2,E,A,S,T,115,93,OG,N,9.374442
tcr_17_2,E,A,S,N,115,94,OG,N,8.325275
tcr_17_2,E,A,S,T,115,93,OG,C,7.9962063
tcr_17_2,E,A,S,T,115,93,OG,O,8.034425
tcr_17_2,E,A,S,T,115,97,OG,N,8.861369
tcr_17_2,E,A,S,Q,115,96,OG,C,9.954136
tcr_17_2,E,A,G,Q,116,179,N,NE2,8.805541
tcr_17_2,E,A,G,A,116,174,N,CB,8.854052
tcr_17_2,E,A,G,E,116,176,N,CD,7.335063
tcr_17_2,E,A,G,W,116,171,N,CZ2,9.345264
tcr_17_2,E,A,G,W,116,171,N,CE2,9.093102
tcr_17_2,E,A,G,E,116,176,N,CB,9.4066515
tcr_17_2,E,A,G,W,116,171,N,CG,9.8503685
tcr_17_2,E,A,G,W,116,171,N,NE1,8.2209635
tcr_17_2,E,A,G,E,116,176,N,CG,8.645617
tcr_17_2,E,A,G,W,116,171,N,CD1,8.730474
tcr_17_2,E,A,G,E,116,176,N,OE1,6.9737387
tcr_17_2,E,A,G,N,116,101,N,ND2,8.924867
tcr_17_2,E,A,G,E,116,176,N,OE2,6.8883624
tcr_17_2,E,A,G,T,116,97,N,OG1,5.23158
tcr_17_2,E,A,G,Q,116,179,N,OE1,8.367156
tcr_17_2,E,A,G,T,116,97,N,CG2,5.3891497
tcr_17_2,E,A,G,T,116,93,N,CG2,6.7664237
tcr_17_2,E,A,G,T,116,97,N,C,7.8858776
tcr_17_2,E,A,G,T,116,97,N,CA,6.7931705
tcr_17_2,E,A,G,Q,116,179,N,CD,9.087395
tcr_17_2,E,A,G,T,116,93,N,CB,8.243202
tcr_17_2,E,A,G,T,116,93,N,OG1,9.027262
tcr_17_2,E,A,G,T,116,97,N,CB,6.021697
tcr_17_2,E,A,G,K,116,170,N,CG,9.550314
tcr_17_2,E,A,G,K,116,170,N,CD,9.121487
tcr_17_2,E,A,G,K,116,170,N,CE,7.868486
tcr_17_2,E,A,G,K,116,170,N,NZ,7.704896
tcr_17_2,E,A,G,N,116,101,N,CG,8.931216
tcr_17_2,E,A,G,N,116,101,N,OD1,8.062234
tcr_17_2,E,A,G,N,116,101,N,N,9.833843
tcr_17_2,E,A,G,I,116,104,N,CD1,9.24612
tcr_17_2,E,A,G,E,116,100,N,CG,8.556534
tcr_17_2,E,A,G,E,116,100,N,CD,7.8332205
tcr_17_2,E,A,G,E,116,100,N,CB,8.531448
tcr_17_2,E,A,G,E,116,100,N,CA,9.879114
tcr_17_2,E,A,G,E,116,100,N,OE1,8.454649
tcr_17_2,E,A,G,T,116,97,N,O,7.992081
tcr_17_2,E,A,G,E,116,100,N,OE2,6.8852572
tcr_17_2,E,A,G,N,116,94,N,OD1,8.421233
tcr_17_2,E,A,G,N,116,94,N,CG,9.376071
tcr_17_2,E,A,G,N,116,94,N,CB,9.847236
tcr_17_2,E,A,G,N,116,94,N,CA,8.954475
tcr_17_2,E,A,G,N,116,94,N,C,9.700277
tcr_17_2,E,A,G,N,116,94,N,O,9.4630785
tcr_17_2,E,A,G,T,116,93,N,CA,8.881586
tcr_17_2,E,A,G,N,116,94,N,N,8.92002
tcr_17_2,E,A,G,T,116,93,N,C,8.414979
tcr_17_2,E,A,G,T,116,93,N,O,7.952309
tcr_17_2,E,A,G,Q,116,96,N,CA,9.4983835
tcr_17_2,E,A,G,T,116,97,N,N,7.5768867
tcr_17_2,E,A,G,Q,116,96,N,CB,9.119536
tcr_17_2,E,A,G,Y,116,98,N,N,8.959586
tcr_17_2,E,A,G,Q,116,96,N,C,8.5100975
tcr_17_2,E,A,G,Q,116,96,N,O,8.849657
tcr_17_2,E,A,G,Q,116,179,CA,NE2,9.924581
tcr_17_2,E,A,G,A,116,174,CA,CB,9.3775015
tcr_17_2,E,A,G,W,116,171,CA,CD2,9.687301
tcr_17_2,E,A,G,W,116,171,CA,CH2,9.892898
tcr_17_2,E,A,G,E,116,176,CA,CD,7.7050176
tcr_17_2,E,A,G,W,116,171,CA,CZ2,8.679249
tcr_17_2,E,A,G,Y,116,140,CA,OH,9.452358
tcr_17_2,E,A,G,W,116,171,CA,CE2,8.567469
tcr_17_2,E,A,G,E,116,176,CA,CB,9.715373
tcr_17_2,E,A,G,W,116,171,CA,CG,9.596694
tcr_17_2,E,A,G,W,116,171,CA,NE1,7.740926
tcr_17_2,E,A,G,E,116,176,CA,CG,8.87376
tcr_17_2,E,A,G,W,116,171,CA,CD1,8.43534
tcr_17_2,E,A,G,E,116,176,CA,OE1,7.2957544
tcr_17_2,E,A,G,N,116,101,CA,ND2,7.6346245
tcr_17_2,E,A,G,E,116,176,CA,OE2,7.423671
tcr_17_2,E,A,G,T,116,97,CA,OG1,4.3890724
tcr_17_2,E,A,G,Q,116,179,CA,OE1,9.41339
tcr_17_2,E,A,G,T,116,97,CA,CG2,4.2045403
tcr_17_2,E,A,G,T,116,93,CA,CG2,6.8424306
tcr_17_2,E,A,G,T,116,97,CA,C,6.5809627
tcr_17_2,E,A,G,T,116,97,CA,CA,5.5931964
tcr_17_2,E,A,G,T,116,93,CA,CB,8.254841
tcr_17_2,E,A,G,T,116,93,CA,OG1,9.197482
tcr_17_2,E,A,G,T,116,97,CA,CB,4.9461956
tcr_17_2,E,A,G,K,116,170,CA,CG,9.235485
tcr_17_2,E,A,G,K,116,170,CA,CD,8.594967
tcr_17_2,E,A,G,K,116,170,CA,CE,7.3404083
tcr_17_2,E,A,G,K,116,170,CA,NZ,6.9309273
tcr_17_2,E,A,G,N,116,101,CA,CB,8.854262
tcr_17_2,E,A,G,N,116,101,CA,CG,7.556896
tcr_17_2,E,A,G,N,116,101,CA,CA,9.009556
tcr_17_2,E,A,G,N,116,101,CA,OD1,6.67294
tcr_17_2,E,A,G,I,116,104,CA,CG1,9.430505
tcr_17_2,E,A,G,N,116,101,CA,N,8.377145
tcr_17_2,E,A,G,I,116,104,CA,CD1,7.9634123
tcr_17_2,E,A,G,E,116,100,CA,CG,7.2555003
tcr_17_2,E,A,G,E,116,100,CA,CD,6.671085
tcr_17_2,E,A,G,E,116,100,CA,CB,7.17143
tcr_17_2,E,A,G,E,116,100,CA,CA,8.480299
tcr_17_2,E,A,G,E,116,100,CA,O,9.5010805
tcr_17_2,E,A,G,E,116,100,CA,OE1,7.4078474
tcr_17_2,E,A,G,T,116,97,CA,O,6.5964293
tcr_17_2,E,A,G,E,116,100,CA,C,8.695536
tcr_17_2,E,A,G,E,116,100,CA,OE2,5.7570705
tcr_17_2,E,A,G,N,116,94,CA,OD1,8.165075
tcr_17_2,E,A,G,N,116,94,CA,ND2,9.884049
tcr_17_2,E,A,G,N,116,94,CA,CG,8.991621
tcr_17_2,E,A,G,N,116,94,CA,CB,9.282867
tcr_17_2,E,A,G,N,116,94,CA,CA,8.325802
tcr_17_2,E,A,G,Y,116,98,CA,CE2,9.201453
tcr_17_2,E,A,G,T,116,95,CA,N,9.954771
tcr_17_2,E,A,G,N,116,94,CA,C,8.898379
tcr_17_2,E,A,G,Y,116,98,CA,CD2,9.036887
tcr_17_2,E,A,G,Y,116,98,CA,CG,9.713279
tcr_17_2,E,A,G,N,116,94,CA,O,8.512262
tcr_17_2,E,A,G,Y,116,98,CA,CB,9.861164
tcr_17_2,E,A,G,T,116,93,CA,CA,8.660653
tcr_17_2,E,A,G,N,116,94,CA,N,8.467876
tcr_17_2,E,A,G,T,116,93,CA,C,7.9860315
tcr_17_2,E,A,G,T,116,95,CA,C,9.945271
tcr_17_2,E,A,G,T,116,93,CA,O,7.3697133
tcr_17_2,E,A,G,Q,116,96,CA,CA,8.55533
tcr_17_2,E,A,G,T,116,97,CA,N,6.5209503
tcr_17_2,E,A,G,Q,116,96,CA,N,9.131544
tcr_17_2,E,A,G,Q,116,96,CA,CB,8.3429785
tcr_17_2,E,A,G,Q,116,96,CA,CG,9.709825
tcr_17_2,E,A,G,R,116,99,CA,N,9.814835
tcr_17_2,E,A,G,Y,116,98,CA,CA,8.837867
tcr_17_2,E,A,G,Y,116,98,CA,N,7.7101884
tcr_17_2,E,A,G,Y,116,98,CA,C,9.658652
tcr_17_2,E,A,G,E,116,100,CA,N,8.869925
tcr_17_2,E,A,G,Q,116,96,CA,C,7.4304094
tcr_17_2,E,A,G,Q,116,96,CA,O,7.659986
tcr_17_2,E,A,G,A,116,174,C,CB,9.1908045
tcr_17_2,E,A,G,W,116,171,C,CD2,9.742177
tcr_17_2,E,A,G,E,116,176,C,CD,8.387169
tcr_17_2,E,A,G,W,116,171,C,CZ2,8.8279915
tcr_17_2,E,A,G,W,116,171,C,CE2,8.610673
tcr_17_2,E,A,G,W,116,171,C,CG,9.536928
tcr_17_2,E,A,G,W,116,171,C,NE1,7.6399126
tcr_17_2,E,A,G,E,116,176,C,CG,9.4337
tcr_17_2,E,A,G,W,116,171,C,CD1,8.275628
tcr_17_2,E,A,G,E,116,176,C,OE1,8.160574
tcr_17_2,E,A,G,N,116,101,C,ND2,7.8272147
tcr_17_2,E,A,G,E,116,176,C,OE2,8.012714
tcr_17_2,E,A,G,T,116,97,C,OG1,5.382581
tcr_17_2,E,A,G,T,116,97,C,CG2,4.9415493
tcr_17_2,E,A,G,T,116,93,C,CG2,8.078315
tcr_17_2,E,A,G,T,116,97,C,C,6.889419
tcr_17_2,E,A,G,T,116,97,C,CA,6.055297
tcr_17_2,E,A,G,T,116,93,C,CB,9.496554
tcr_17_2,E,A,G,T,116,97,C,CB,5.741791
tcr_17_2,E,A,G,K,116,170,C,CG,8.364888
tcr_17_2,E,A,G,K,116,170,C,CB,9.712108
tcr_17_2,E,A,G,K,116,170,C,CD,7.6227674
tcr_17_2,E,A,G,K,116,170,C,CE,6.2584796
tcr_17_2,E,A,G,K,116,170,C,NZ,5.77319
tcr_17_2,E,A,G,I,116,104,C,CG2,9.715143
tcr_17_2,E,A,G,N,116,101,C,CB,8.704599
tcr_17_2,E,A,G,N,116,101,C,CG,7.5050635
tcr_17_2,E,A,G,N,116,101,C,CA,8.621242
tcr_17_2,E,A,G,I,116,104,C,CB,9.401821
tcr_17_2,E,A,G,N,116,101,C,OD1,6.469486
tcr_17_2,E,A,G,I,116,104,C,CG1,8.342863
tcr_17_2,E,A,G,N,116,101,C,N,7.9827375
tcr_17_2,E,A,G,I,116,104,C,CD1,6.887181
tcr_17_2,E,A,G,E,116,100,C,CG,6.3872237
tcr_17_2,E,A,G,E,116,100,C,CD,5.7411237
tcr_17_2,E,A,G,E,116,100,C,CB,6.5978923
tcr_17_2,E,A,G,E,116,100,C,CA,7.954176
tcr_17_2,E,A,G,E,116,100,C,O,8.788345
tcr_17_2,E,A,G,E,116,100,C,OE1,6.3325353
tcr_17_2,E,A,G,T,116,97,C,O,6.654464
tcr_17_2,E,A,G,E,116,100,C,C,8.128607
tcr_17_2,E,A,G,E,116,100,C,OE2,5.002438
tcr_17_2,E,A,G,N,116,94,C,OD1,9.546354
tcr_17_2,E,A,G,N,116,94,C,CA,9.446686
tcr_17_2,E,A,G,N,116,94,C,C,9.840935
tcr_17_2,E,A,G,Y,116,98,C,CD2,9.812434
tcr_17_2,E,A,G,N,116,94,C,O,9.329097
tcr_17_2,E,A,G,T,116,93,C,CA,9.779577
tcr_17_2,E,A,G,N,116,94,C,N,9.641195
tcr_17_2,E,A,G,T,116,93,C,C,9.084482
tcr_17_2,E,A,G,T,116,93,C,O,8.329428
tcr_17_2,E,A,G,Q,116,96,C,CA,8.962245
tcr_17_2,E,A,G,T,116,97,C,N,7.0398235
tcr_17_2,E,A,G,Q,116,96,C,N,9.731758
tcr_17_2,E,A,G,Q,116,96,C,CB,8.752713
tcr_17_2,E,A,G,R,116,99,C,N,9.926947
tcr_17_2,E,A,G,Y,116,98,C,CA,9.158117
tcr_17_2,E,A,G,R,116,99,C,C,9.88005
tcr_17_2,E,A,G,Y,116,98,C,N,8.132731
tcr_17_2,E,A,G,Y,116,98,C,C,9.7884035
tcr_17_2,E,A,G,E,116,100,C,N,8.574333
tcr_17_2,E,A,G,Q,116,96,C,C,7.7578144
tcr_17_2,E,A,G,Q,116,96,C,O,7.759449
tcr_17_2,E,A,G,W,116,171,O,CA,9.51679
tcr_17_2,E,A,G,W,116,171,O,N,9.431924
tcr_17_2,E,A,G,K,116,170,O,C,9.197305
tcr_17_2,E,A,G,K,116,170,O,O,9.059065
tcr_17_2,E,A,G,A,116,174,O,CA,9.919407
tcr_17_2,E,A,G,A,116,174,O,CB,8.436318
tcr_17_2,E,A,G,W,116,171,O,CD2,8.782822
tcr_17_2,E,A,G,W,116,171,O,CB,9.66314
tcr_17_2,E,A,G,W,116,171,O,CH2,9.318781
tcr_17_2,E,A,G,E,116,176,O,CD,7.94591
tcr_17_2,E,A,G,W,116,171,O,CZ2,7.9708753
tcr_17_2,E,A,G,Y,116,140,O,OH,9.839968
tcr_17_2,E,A,G,W,116,171,O,CE2,7.6656694
tcr_17_2,E,A,G,E,116,176,O,CB,9.441841
tcr_17_2,E,A,G,W,116,171,O,CG,8.528815
tcr_17_2,E,A,G,W,116,171,O,NE1,6.626913
tcr_17_2,E,A,G,E,116,176,O,CG,8.84864
tcr_17_2,E,A,G,W,116,171,O,CD1,7.2347784
tcr_17_2,E,A,G,E,116,176,O,OE1,7.8475623
tcr_17_2,E,A,G,N,116,101,O,ND2,7.5261197
tcr_17_2,E,A,G,E,116,176,O,OE2,7.582481
tcr_17_2,E,A,G,T,116,97,O,OG1,6.1710377
tcr_17_2,E,A,G,T,116,97,O,CG2,5.2821937
tcr_17_2,E,A,G,T,116,93,O,CG2,9.13997
tcr_17_2,E,A,G,T,116,97,O,C,7.2342677
tcr_17_2,E,A,G,T,116,97,O,CA,6.6253915
tcr_17_2,E,A,G,T,116,97,O,CB,6.3129706
tcr_17_2,E,A,G,K,116,170,O,CA,9.506992
tcr_17_2,E,A,G,K,116,170,O,CG,7.18604
tcr_17_2,E,A,G,K,116,170,O,CB,8.514755
tcr_17_2,E,A,G,K,116,170,O,CD,6.4148397
tcr_17_2,E,A,G,K,116,170,O,CE,5.078213
tcr_17_2,E,A,G,Y,116,108,O,OH,9.271583
tcr_17_2,E,A,G,K,116,170,O,NZ,4.6158867
tcr_17_2,E,A,G,T,116,167,O,CG2,9.369053
tcr_17_2,E,A,G,I,116,104,O,CG2,8.870942
tcr_17_2,E,A,G,N,116,101,O,C,9.729019
tcr_17_2,E,A,G,N,116,101,O,CB,8.37572
tcr_17_2,E,A,G,N,116,101,O,CG,7.154455
tcr_17_2,E,A,G,N,116,101,O,CA,8.275332
tcr_17_2,E,A,G,I,116,104,O,CB,8.712996
tcr_17_2,E,A,G,N,116,101,O,OD1,6.046236
tcr_17_2,E,A,G,I,116,104,O,CG1,7.732034
tcr_17_2,E,A,G,N,116,101,O,N,7.8148623
tcr_17_2,E,A,G,I,116,104,O,CD1,6.2317214
tcr_17_2,E,A,G,E,116,100,O,CG,6.468366
tcr_17_2,E,A,G,E,116,100,O,CD,6.016684
tcr_17_2,E,A,G,E,116,100,O,CB,6.7941136
tcr_17_2,E,A,G,E,116,100,O,CA,8.046547
tcr_17_2,E,A,G,E,116,100,O,O,8.546222
tcr_17_2,E,A,G,E,116,100,O,OE1,6.5696945
tcr_17_2,E,A,G,T,116,97,O,O,6.8346133
tcr_17_2,E,A,G,E,116,100,O,C,8.001006
tcr_17_2,E,A,G,E,116,100,O,OE2,5.4941363
tcr_17_2,E,A,G,N,116,94,O,O,9.907217
tcr_17_2,E,A,G,T,116,93,O,O,9.254206
tcr_17_2,E,A,G,Q,116,96,O,CA,9.774581
tcr_17_2,E,A,G,T,116,97,O,N,7.757993
tcr_17_2,E,A,G,Q,116,96,O,CB,9.69619
tcr_17_2,E,A,G,Y,116,98,O,CA,9.348384
tcr_17_2,E,A,G,Y,116,98,O,N,8.471836
tcr_17_2,E,A,G,Y,116,98,O,C,9.968999
tcr_17_2,E,A,G,E,116,100,O,N,8.791202
tcr_17_2,E,A,G,Q,116,96,O,C,8.473725
tcr_17_2,E,A,G,Q,116,96,O,O,8.363581
tcr_17_2,E,A,S,E,117,176,N,CD,9.632684
tcr_17_2,E,A,S,W,117,171,N,CE2,9.848493
tcr_17_2,E,A,S,W,117,171,N,NE1,8.843037
tcr_17_2,E,A,S,W,117,171,N,CD1,9.441363
tcr_17_2,E,A,S,E,117,176,N,OE1,9.419578
tcr_17_2,E,A,S,N,117,101,N,ND2,8.6378975
tcr_17_2,E,A,S,E,117,176,N,OE2,9.189192
tcr_17_2,E,A,S,T,117,97,N,OG1,5.735766
tcr_17_2,E,A,S,T,117,97,N,CG2,5.6549425
tcr_17_2,E,A,S,T,117,93,N,CG2,8.156667
tcr_17_2,E,A,S,T,117,97,N,C,7.1733637
tcr_17_2,E,A,S,T,117,97,N,CA,6.2502213
tcr_17_2,E,A,S,T,117,93,N,CB,9.588767
tcr_17_2,E,A,S,T,117,97,N,CB,6.1932063
tcr_17_2,E,A,S,K,117,170,N,CG,9.063243
tcr_17_2,E,A,S,K,117,170,N,CD,8.275018
tcr_17_2,E,A,S,K,117,170,N,CE,6.8213496
tcr_17_2,E,A,S,K,117,170,N,NZ,6.2685027
tcr_17_2,E,A,S,I,117,104,N,CG2,9.963602
tcr_17_2,E,A,S,N,117,101,N,CB,9.246714
tcr_17_2,E,A,S,N,117,101,N,CG,8.187356
tcr_17_2,E,A,S,N,117,101,N,CA,8.983527
tcr_17_2,E,A,S,I,117,104,N,CB,9.551086
tcr_17_2,E,A,S,N,117,101,N,OD1,7.1454144
tcr_17_2,E,A,S,I,117,104,N,CG1,8.337924
tcr_17_2,E,A,S,N,117,101,N,N,8.1815195
tcr_17_2,E,A,S,I,117,104,N,CD1,6.986892
tcr_17_2,E,A,S,E,117,100,N,CG,5.935443
tcr_17_2,E,A,S,E,117,100,N,CD,5.018573
tcr_17_2,E,A,S,E,117,100,N,CB,6.2972217
tcr_17_2,E,A,S,E,117,100,N,CA,7.7518415
tcr_17_2,E,A,S,E,117,100,N,O,8.747904
tcr_17_2,E,A,S,E,117,100,N,OE1,5.453263
tcr_17_2,E,A,S,T,117,97,N,O,6.9316416
tcr_17_2,E,A,S,E,117,100,N,C,8.124254
tcr_17_2,E,A,S,E,117,100,N,OE2,4.248447
tcr_17_2,E,A,S,N,117,94,N,CA,9.848837
tcr_17_2,E,A,S,N,117,94,N,O,9.651553
tcr_17_2,E,A,S,T,117,93,N,CA,9.79454
tcr_17_2,E,A,S,N,117,94,N,N,9.924504
tcr_17_2,E,A,S,T,117,93,N,C,9.210635
tcr_17_2,E,A,S,T,117,93,N,O,8.376274
tcr_17_2,E,A,S,Q,117,96,N,CA,8.694082
tcr_17_2,E,A,S,T,117,97,N,N,7.048995
tcr_17_2,E,A,S,Q,117,96,N,N,9.610399
tcr_17_2,E,A,S,Q,117,96,N,CB,8.325823
tcr_17_2,E,A,S,Q,117,96,N,CG,9.664095
tcr_17_2,E,A,S,R,117,99,N,N,9.975956
tcr_17_2,E,A,S,Y,117,98,N,CA,9.530964
tcr_17_2,E,A,S,R,117,99,N,C,9.72992
tcr_17_2,E,A,S,Y,117,98,N,N,8.457782
tcr_17_2,E,A,S,E,117,100,N,N,8.418544
tcr_17_2,E,A,S,Q,117,96,N,C,7.583599
tcr_17_2,E,A,S,Q,117,96,N,O,7.528291
tcr_17_2,E,A,S,W,117,171,CA,NE1,9.168332
tcr_17_2,E,A,S,W,117,171,CA,CD1,9.710037
tcr_17_2,E,A,S,N,117,101,CA,ND2,9.103186
tcr_17_2,E,A,S,T,117,97,CA,OG1,6.895976
tcr_17_2,E,A,S,T,117,97,CA,CG2,6.63248
tcr_17_2,E,A,S,T,117,93,CA,CG2,9.462459
tcr_17_2,E,A,S,T,117,97,CA,C,7.762824
tcr_17_2,E,A,S,T,117,97,CA,CA,7.0129
tcr_17_2,E,A,S,T,117,97,CA,CB,7.192881
tcr_17_2,E,A,S,K,117,170,CA,CG,8.677188
tcr_17_2,E,A,S,K,117,170,CA,CD,7.7979283
tcr_17_2,E,A,S,K,117,170,CA,CE,6.299454
tcr_17_2,E,A,S,K,117,170,CA,NZ,5.6628394
tcr_17_2,E,A,S,I,117,104,CA,CG2,9.21534
tcr_17_2,E,A,S,N,117,101,CA,CB,9.381602
tcr_17_2,E,A,S,N,117,101,CA,CG,8.463335
tcr_17_2,E,A,S,N,117,101,CA,CA,8.89399
tcr_17_2,E,A,S,I,117,104,CA,CB,8.836964
tcr_17_2,E,A,S,N,117,101,CA,OD1,7.350825
tcr_17_2,E,A,S,I,117,104,CA,CG1,7.5150228
tcr_17_2,E,A,S,N,117,101,CA,N,8.098353
tcr_17_2,E,A,S,I,117,104,CA,CD1,6.261232
tcr_17_2,E,A,S,E,117,100,CA,CG,5.3761764
tcr_17_2,E,A,S,E,117,100,CA,CD,4.3903275
tcr_17_2,E,A,S,E,117,100,CA,CB,6.075415
tcr_17_2,E,A,S,E,117,100,CA,CA,7.5078626
tcr_17_2,E,A,S,E,117,100,CA,O,8.293476
tcr_17_2,E,A,S,E,117,100,CA,OE1,4.5574684
tcr_17_2,E,A,S,T,117,97,CA,O,7.3274593
tcr_17_2,E,A,S,E,117,100,CA,C,7.848378
tcr_17_2,E,A,S,E,117,100,CA,OE2,3.9330103
tcr_17_2,E,A,S,R,117,107,CA,NH2,9.647188
tcr_17_2,E,A,S,R,117,107,CA,NH1,9.763064
tcr_17_2,E,A,S,T,117,93,CA,O,9.449167
tcr_17_2,E,A,S,Q,117,96,CA,CA,9.302471
tcr_17_2,E,A,S,T,117,97,CA,N,7.8168993
tcr_17_2,E,A,S,Q,117,96,CA,CB,8.958563
tcr_17_2,E,A,S,R,117,99,CA,C,9.676144
tcr_17_2,E,A,S,Y,117,98,CA,N,9.085381
tcr_17_2,E,A,S,E,117,100,CA,N,8.380915
tcr_17_2,E,A,S,Q,117,96,CA,C,8.165731
tcr_17_2,E,A,S,Q,117,96,CA,O,7.9062033
tcr_17_2,E,A,S,W,117,171,C,NE1,9.977604
tcr_17_2,E,A,S,T,117,97,C,OG1,8.1514635
tcr_17_2,E,A,S,T,117,97,C,CG2,8.057678
tcr_17_2,E,A,S,T,117,97,C,C,9.241278
tcr_17_2,E,A,S,T,117,97,C,CA,8.426498
tcr_17_2,E,A,S,T,117,97,C,CB,8.5805025
tcr_17_2,E,A,S,K,117,170,C,CG,8.833756
tcr_17_2,E,A,S,K,117,170,C,CD,8.117179
tcr_17_2,E,A,S,K,117,170,C,CE,6.590583
tcr_17_2,E,A,S,K,117,170,C,NZ,6.2014604
tcr_17_2,E,A,S,N,117,101,C,CG,9.942427
tcr_17_2,E,A,S,I,117,104,C,CB,9.84355
tcr_17_2,E,A,S,N,117,101,C,OD1,8.808804
tcr_17_2,E,A,S,I,117,104,C,CG1,8.465859
tcr_17_2,E,A,S,N,117,101,C,N,9.516278
tcr_17_2,E,A,S,I,117,104,C,CD1,7.303436
tcr_17_2,E,A,S,E,117,100,C,CG,6.5158005
tcr_17_2,E,A,S,E,117,100,C,CD,5.386111
tcr_17_2,E,A,S,E,117,100,C,CB,7.3647304
tcr_17_2,E,A,S,E,117,100,C,CA,8.795582
tcr_17_2,E,A,S,E,117,100,C,O,9.528999
tcr_17_2,E,A,S,E,117,100,C,OE1,5.2382746
tcr_17_2,E,A,S,T,117,97,C,O,8.826432
tcr_17_2,E,A,S,E,117,100,C,C,9.177085
tcr_17_2,E,A,S,E,117,100,C,OE2,5.0293293
tcr_17_2,E,A,S,T,117,97,C,N,9.132775
tcr_17_2,E,A,S,Q,117,96,C,CB,9.96356
tcr_17_2,E,A,S,E,117,100,C,N,9.71238
tcr_17_2,E,A,S,Q,117,96,C,C,9.433167
tcr_17_2,E,A,S,Q,117,96,C,O,9.194923
tcr_17_2,E,A,S,T,117,97,O,OG1,8.296585
tcr_17_2,E,A,S,T,117,97,O,CG2,8.533944
tcr_17_2,E,A,S,T,117,93,O,CG2,9.880987
tcr_17_2,E,A,S,T,117,97,O,C,9.7395315
tcr_17_2,E,A,S,T,117,97,O,CA,8.774027
tcr_17_2,E,A,S,T,117,97,O,CB,8.901726
tcr_17_2,E,A,S,K,117,170,O,CG,9.849438
tcr_17_2,E,A,S,K,117,170,O,CD,9.225302
tcr_17_2,E,A,S,K,117,170,O,CE,7.700858
tcr_17_2,E,A,S,K,117,170,O,NZ,7.3913026
tcr_17_2,E,A,S,N,117,101,O,OD1,9.736644
tcr_17_2,E,A,S,I,117,104,O,CG1,9.562068
tcr_17_2,E,A,S,I,117,104,O,CD1,8.430042
tcr_17_2,E,A,S,E,117,100,O,CG,7.232809
tcr_17_2,E,A,S,E,117,100,O,CD,5.953967
tcr_17_2,E,A,S,E,117,100,O,CB,7.999183
tcr_17_2,E,A,S,E,117,100,O,CA,9.476998
tcr_17_2,E,A,S,E,117,100,O,OE1,5.761865
tcr_17_2,E,A,S,T,117,97,O,O,9.450765
tcr_17_2,E,A,S,E,117,100,O,OE2,5.4532547
tcr_17_2,E,A,S,T,117,97,O,N,9.32197
tcr_17_2,E,A,S,Q,117,96,O,CB,9.821316
tcr_17_2,E,A,S,Q,117,96,O,C,9.602081
tcr_17_2,E,A,S,Q,117,96,O,O,9.468254
tcr_17_2,E,A,S,N,117,101,CB,ND2,9.018713
tcr_17_2,E,A,S,T,117,97,CB,OG1,6.8195615
tcr_17_2,E,A,S,T,117,97,CB,CG2,6.6780186
tcr_17_2,E,A,S,T,117,93,CB,CG2,9.515094
tcr_17_2,E,A,S,T,117,97,CB,C,7.2071586
tcr_17_2,E,A,S,T,117,97,CB,CA,6.519837
tcr_17_2,E,A,S,T,117,97,CB,CB,7.014656
tcr_17_2,E,A,S,K,117,170,CB,CG,9.729161
tcr_17_2,E,A,S,K,117,170,CB,CD,8.69666
tcr_17_2,E,A,S,K,117,170,CB,CE,7.244368
tcr_17_2,E,A,S,K,117,170,CB,NZ,6.3722386
tcr_17_2,E,A,S,I,117,104,CB,CG2,8.943636
tcr_17_2,E,A,S,N,117,101,CB,C,9.539692
tcr_17_2,E,A,S,N,117,101,CB,CB,8.97575
tcr_17_2,E,A,S,N,117,101,CB,CG,8.255737
tcr_17_2,E,A,S,N,117,101,CB,CA,8.328906
tcr_17_2,E,A,S,I,117,104,CB,CB,8.346466
tcr_17_2,E,A,S,N,117,101,CB,OD1,7.211061
tcr_17_2,E,A,S,I,117,104,CB,CG1,6.9407325
tcr_17_2,E,A,S,N,117,101,CB,N,7.365733
tcr_17_2,E,A,S,I,117,104,CB,CD1,5.8645034
tcr_17_2,E,A,S,E,117,100,CB,CG,4.161063
tcr_17_2,E,A,S,E,117,100,CB,CD,2.9843402
tcr_17_2,E,A,S,E,117,100,CB,CB,4.9427395
tcr_17_2,E,A,S,E,117,100,CB,CA,6.3981795
tcr_17_2,E,A,S,E,117,100,CB,O,7.370946
tcr_17_2,E,A,S,E,117,100,CB,OE1,3.1111429
tcr_17_2,E,A,S,T,117,97,CB,O,6.7305636
tcr_17_2,E,A,S,E,117,100,CB,C,6.9317684
tcr_17_2,E,A,S,E,117,100,CB,OE2,2.5851839
tcr_17_2,E,A,S,I,117,104,CB,CA,9.405172
tcr_17_2,E,A,S,R,117,107,CB,NH2,8.612111
tcr_17_2,E,A,S,R,117,103,CB,CB,9.375791
tcr_17_2,E,A,S,I,117,104,CB,N,9.281175
tcr_17_2,E,A,S,R,117,107,CB,CZ,9.229664
tcr_17_2,E,A,S,R,117,107,CB,NH1,9.005924
tcr_17_2,E,A,S,T,117,93,CB,O,9.07157
tcr_17_2,E,A,S,Q,117,96,CB,CA,8.404968
tcr_17_2,E,A,S,T,117,97,CB,N,7.1847854
tcr_17_2,E,A,S,Q,117,96,CB,N,9.582589
tcr_17_2,E,A,S,Q,117,96,CB,CB,8.0761595
tcr_17_2,E,A,S,Q,117,96,CB,CG,9.375086
tcr_17_2,E,A,S,R,117,99,CB,N,9.3561945
tcr_17_2,E,A,S,Y,117,98,CB,O,9.965028
tcr_17_2,E,A,S,R,117,99,CB,CA,9.53279
tcr_17_2,E,A,S,Y,117,98,CB,CA,9.447167
tcr_17_2,E,A,S,R,117,99,CB,C,8.552052
tcr_17_2,E,A,S,R,117,99,CB,O,9.096143
tcr_17_2,E,A,S,Y,117,98,CB,N,8.522318
tcr_17_2,E,A,S,Y,117,98,CB,C,9.539352
tcr_17_2,E,A,S,R,117,99,CB,CB,9.725044
tcr_17_2,E,A,S,E,117,100,CB,N,7.288232
tcr_17_2,E,A,S,Q,117,96,CB,C,7.310149
tcr_17_2,E,A,S,Q,117,96,CB,CD,9.986944
tcr_17_2,E,A,S,Q,117,96,CB,O,6.912431
tcr_17_2,E,A,S,Q,117,96,CB,OE1,9.543505
tcr_17_2,E,A,S,R,117,103,CB,NE,9.77475
tcr_17_2,E,A,S,R,117,103,CB,CD,9.16173
tcr_17_2,E,A,S,R,117,103,CB,CZ,9.501538
tcr_17_2,E,A,S,R,117,103,CB,NH1,8.626115
tcr_17_2,E,A,S,R,117,103,CB,CG,9.89033
tcr_17_2,E,A,S,N,117,101,OG,ND2,9.714395
tcr_17_2,E,A,S,T,117,97,OG,OG1,8.123597
tcr_17_2,E,A,S,T,117,97,OG,CG2,7.838697
tcr_17_2,E,A,S,T,117,97,OG,C,8.103062
tcr_17_2,E,A,S,T,117,97,OG,CA,7.5866528
tcr_17_2,E,A,S,T,117,97,OG,CB,8.209808
tcr_17_2,E,A,S,K,117,170,OG,CG,9.659681
tcr_17_2,E,A,S,K,117,170,OG,CD,8.571995
tcr_17_2,E,A,S,K,117,170,OG,CE,7.153667
tcr_17_2,E,A,S,Y,117,108,OG,OH,9.716904
tcr_17_2,E,A,S,K,117,170,OG,NZ,6.2381935
tcr_17_2,E,A,S,I,117,104,OG,CG2,8.440703
tcr_17_2,E,A,S,N,117,101,OG,C,9.608334
tcr_17_2,E,A,S,N,117,101,OG,CB,9.382993
tcr_17_2,E,A,S,N,117,101,OG,CG,8.813583
tcr_17_2,E,A,S,N,117,101,OG,CA,8.538721
tcr_17_2,E,A,S,I,117,104,OG,CB,7.8811927
tcr_17_2,E,A,S,N,117,101,OG,OD1,7.7463546
tcr_17_2,E,A,S,I,117,104,OG,CG1,6.3859944
tcr_17_2,E,A,S,N,117,101,OG,N,7.621819
tcr_17_2,E,A,S,I,117,104,OG,CD1,5.5078883
tcr_17_2,E,A,S,E,117,100,OG,CG,4.0670795
tcr_17_2,E,A,S,E,117,100,OG,CD,2.9335504
tcr_17_2,E,A,S,E,117,100,OG,CB,5.204004
tcr_17_2,E,A,S,E,117,100,OG,CA,6.525672
tcr_17_2,E,A,S,E,117,100,OG,O,7.212866
tcr_17_2,E,A,S,E,117,100,OG,OE1,2.5430732
tcr_17_2,E,A,S,T,117,97,OG,O,7.48023
tcr_17_2,E,A,S,E,117,100,OG,C,6.9985075
tcr_17_2,E,A,S,E,117,100,OG,OE2,3.1007915
tcr_17_2,E,A,S,I,117,104,OG,CA,8.840102
tcr_17_2,E,A,S,R,117,107,OG,NH2,7.499258
tcr_17_2,E,A,S,R,117,103,OG,CA,9.793243
tcr_17_2,E,A,S,R,117,103,OG,CB,8.847661
tcr_17_2,E,A,S,I,117,104,OG,N,8.783512
tcr_17_2,E,A,S,R,117,103,OG,C,9.57687
tcr_17_2,E,A,S,R,117,107,OG,CZ,8.09067
tcr_17_2,E,A,S,R,117,107,OG,NH1,7.7843165
tcr_17_2,E,A,S,R,117,107,OG,NE,9.156496
tcr_17_2,E,A,S,Q,117,96,OG,CA,9.304162
tcr_17_2,E,A,S,T,117,97,OG,N,8.2434635
tcr_17_2,E,A,S,Q,117,96,OG,CB,9.011679
tcr_17_2,E,A,S,R,117,99,OG,N,9.929711
tcr_17_2,E,A,S,R,117,99,OG,CA,9.926135
tcr_17_2,E,A,S,R,117,99,OG,C,8.793138
tcr_17_2,E,A,S,R,117,99,OG,O,9.159965
tcr_17_2,E,A,S,Y,117,98,OG,N,9.403907
tcr_17_2,E,A,S,E,117,100,OG,N,7.598214
tcr_17_2,E,A,S,Q,117,96,OG,C,8.222794
tcr_17_2,E,A,S,Q,117,96,OG,O,7.663119
tcr_17_2,E,A,S,R,117,103,OG,N,9.937372
tcr_17_2,E,A,S,R,117,103,OG,NE,9.413139
tcr_17_2,E,A,S,R,117,103,OG,CD,8.680779
tcr_17_2,E,A,S,R,117,103,OG,CZ,9.174493
tcr_17_2,E,A,S,R,117,103,OG,NH1,8.21329
tcr_17_2,E,A,S,R,117,103,OG,CG,9.451667
tcr_17_2,E,A,S,A,118,174,N,CB,9.895793
tcr_17_2,E,A,S,W,118,171,N,NE1,9.890351
tcr_17_2,E,A,S,T,118,97,N,OG1,9.272242
tcr_17_2,E,A,S,T,118,97,N,CG2,8.942674
tcr_17_2,E,A,S,T,118,97,N,CA,9.399681
tcr_17_2,E,A,S,T,118,97,N,CB,9.586633
tcr_17_2,E,A,S,K,118,170,N,CG,8.088426
tcr_17_2,E,A,S,K,118,170,N,CB,9.583381
tcr_17_2,E,A,S,K,118,170,N,CD,7.391434
tcr_17_2,E,A,S,K,118,170,N,CE,5.8919578
tcr_17_2,E,A,S,Y,118,108,N,OH,9.802964
tcr_17_2,E,A,S,K,118,170,N,NZ,5.5964804
tcr_17_2,E,A,S,I,118,104,N,CG2,9.643161
tcr_17_2,E,A,S,I,118,104,N,CB,9.526192
tcr_17_2,E,A,S,N,118,101,N,OD1,9.150957
tcr_17_2,E,A,S,I,118,104,N,CG1,8.1546335
tcr_17_2,E,A,S,N,118,101,N,N,9.873275
tcr_17_2,E,A,S,I,118,104,N,CD1,7.070252
tcr_17_2,E,A,S,E,118,100,N,CG,6.866457
tcr_17_2,E,A,S,E,118,100,N,CD,5.865129
tcr_17_2,E,A,S,E,118,100,N,CB,7.899788
tcr_17_2,E,A,S,E,118,100,N,CA,9.238715
tcr_17_2,E,A,S,E,118,100,N,O,9.66972
tcr_17_2,E,A,S,E,118,100,N,OE1,5.546362
tcr_17_2,E,A,S,T,118,97,N,O,9.529896
tcr_17_2,E,A,S,E,118,100,N,C,9.47821
tcr_17_2,E,A,S,E,118,100,N,OE2,5.770355
tcr_17_2,E,A,S,R,118,107,N,NH2,9.637234
tcr_17_2,E,A,S,R,118,107,N,CZ,9.9492655
tcr_17_2,E,A,S,R,118,107,N,NH1,9.309064
tcr_17_2,E,A,S,K,118,170,CA,CG,8.620898
tcr_17_2,E,A,S,K,118,170,CA,CD,8.067777
tcr_17_2,E,A,S,K,118,170,CA,CE,6.6407237
tcr_17_2,E,A,S,K,118,170,CA,NZ,6.5297847
tcr_17_2,E,A,S,I,118,104,CA,CG1,9.113931
tcr_17_2,E,A,S,I,118,104,CA,CD1,8.163383
tcr_17_2,E,A,S,E,118,100,CA,CG,7.978807
tcr_17_2,E,A,S,E,118,100,CA,CD,6.913416
tcr_17_2,E,A,S,E,118,100,CA,CB,9.107424
tcr_17_2,E,A,S,E,118,100,CA,OE1,6.385176
tcr_17_2,E,A,S,E,118,100,CA,OE2,6.9016385
tcr_17_2,E,A,S,R,118,107,CA,NH1,9.539182
tcr_17_2,E,A,S,K,118,170,C,CD,9.364031
tcr_17_2,E,A,S,K,118,170,C,CE,7.9512963
tcr_17_2,E,A,S,K,118,170,C,NZ,7.676111
tcr_17_2,E,A,S,I,118,104,C,CG1,9.377589
tcr_17_2,E,A,S,I,118,104,C,CD1,8.598128
tcr_17_2,E,A,S,E,118,100,C,CG,7.8760147
tcr_17_2,E,A,S,E,118,100,C,CD,6.6833863
tcr_17_2,E,A,S,E,118,100,C,CB,9.068238
tcr_17_2,E,A,S,E,118,100,C,OE1,5.939969
tcr_17_2,E,A,S,E,118,100,C,OE2,6.7531543
tcr_17_2,E,A,S,R,118,107,C,NH2,9.543471
tcr_17_2,E,A,S,R,118,107,C,CZ,9.94184
tcr_17_2,E,A,S,R,118,107,C,NH1,9.214307
tcr_17_2,E,A,S,K,118,170,O,CE,8.881545
tcr_17_2,E,A,S,K,118,170,O,NZ,8.715099
tcr_17_2,E,A,S,I,118,104,O,CD1,9.741037
tcr_17_2,E,A,S,E,118,100,O,CG,8.978893
tcr_17_2,E,A,S,E,118,100,O,CD,7.753528
tcr_17_2,E,A,S,E,118,100,O,OE1,6.9334116
tcr_17_2,E,A,S,E,118,100,O,OE2,7.826257
tcr_17_2,E,A,S,R,118,107,O,NH1,9.84445
tcr_17_2,E,A,S,A,118,174,CB,CB,9.958976
tcr_17_2,E,A,S,K,118,170,CB,CG,7.780189
tcr_17_2,E,A,S,K,118,170,CB,CB,9.212771
tcr_17_2,E,A,S,K,118,170,CB,CD,7.286461
tcr_17_2,E,A,S,K,118,170,CB,CE,5.9908166
tcr_17_2,E,A,S,Y,118,108,CB,OH,9.601669
tcr_17_2,E,A,S,K,118,170,CB,NZ,6.029568
tcr_17_2,E,A,S,I,118,104,CB,CG1,8.92816
tcr_17_2,E,A,S,I,118,104,CB,CD1,8.070633
tcr_17_2,E,A,S,E,118,100,CB,CG,8.556056
tcr_17_2,E,A,S,E,118,100,CB,CD,7.68362
tcr_17_2,E,A,S,E,118,100,CB,CB,9.784959
tcr_17_2,E,A,S,E,118,100,CB,OE1,7.1090684
tcr_17_2,E,A,S,E,118,100,CB,OE2,7.854521
tcr_17_2,E,A,S,R,118,107,CB,NH2,9.835287
tcr_17_2,E,A,S,R,118,107,CB,CZ,9.923697
tcr_17_2,E,A,S,R,118,107,CB,NH1,9.019067
tcr_17_2,E,A,S,W,118,171,OG,N,9.954994
tcr_17_2,E,A,S,K,118,170,OG,C,9.014095
tcr_17_2,E,A,S,K,118,170,OG,O,8.614092
tcr_17_2,E,A,S,A,118,174,OG,CA,9.625129
tcr_17_2,E,A,S,A,118,174,OG,N,9.90638
tcr_17_2,E,A,S,A,118,174,OG,CB,8.586731
tcr_17_2,E,A,S,W,118,171,OG,NE1,9.669078
tcr_17_2,E,A,S,W,118,171,OG,CD1,9.56373
tcr_17_2,E,A,S,K,118,170,OG,CA,8.74213
tcr_17_2,E,A,S,K,118,170,OG,CG,6.52161
tcr_17_2,E,A,S,K,118,170,OG,CB,7.9774714
tcr_17_2,E,A,S,K,118,170,OG,CD,6.1795096
tcr_17_2,E,A,S,K,118,170,OG,CE,4.9178596
tcr_17_2,E,A,S,Y,118,108,OG,OH,9.044369
tcr_17_2,E,A,S,K,118,170,OG,NZ,5.230069
tcr_17_2,E,A,S,I,118,104,OG,CG2,9.911998
tcr_17_2,E,A,S,I,118,104,OG,CG1,9.026592
tcr_17_2,E,A,S,I,118,104,OG,CD1,8.041715
tcr_17_2,E,A,S,E,118,100,OG,CG,9.002585
tcr_17_2,E,A,S,E,118,100,OG,CD,8.256962
tcr_17_2,E,A,S,E,118,100,OG,OE1,7.85886
tcr_17_2,E,A,S,E,118,100,OG,OE2,8.357442
tcr_17_2,E,A,S,R,118,107,OG,NH1,9.638759
tcr_17_2,E,A,Y,K,119,170,N,CD,9.654616
tcr_17_2,E,A,Y,K,119,170,N,CE,8.225974
tcr_17_2,E,A,Y,K,119,170,N,NZ,7.711272
tcr_17_2,E,A,Y,I,119,104,N,CG1,8.614309
tcr_17_2,E,A,Y,I,119,104,N,CD1,7.9110518
tcr_17_2,E,A,Y,E,119,100,N,CG,6.75548
tcr_17_2,E,A,Y,E,119,100,N,CD,5.5159245
tcr_17_2,E,A,Y,E,119,100,N,CB,7.962084
tcr_17_2,E,A,Y,E,119,100,N,CA,9.240572
tcr_17_2,E,A,Y,E,119,100,N,O,9.8602705
tcr_17_2,E,A,Y,E,119,100,N,OE1,4.692263
tcr_17_2,E,A,Y,E,119,100,N,C,9.776398
tcr_17_2,E,A,Y,E,119,100,N,OE2,5.657498
tcr_17_2,E,A,Y,R,119,107,N,NH2,8.580895
tcr_17_2,E,A,Y,R,119,107,N,CZ,9.10554
tcr_17_2,E,A,Y,R,119,107,N,NH1,8.507656
tcr_17_2,E,A,Y,R,119,103,N,NH1,9.69601
tcr_17_2,E,A,Y,K,119,170,CA,CE,9.605251
tcr_17_2,E,A,Y,K,119,170,CA,NZ,9.002083
tcr_17_2,E,A,Y,I,119,104,CA,CG1,9.181988
tcr_17_2,E,A,Y,I,119,104,CA,CD1,8.647493
tcr_17_2,E,A,Y,E,119,100,CA,CG,6.957872
tcr_17_2,E,A,Y,E,119,100,CA,CD,5.6479297
tcr_17_2,E,A,Y,E,119,100,CA,CB,8.147699
tcr_17_2,E,A,Y,E,119,100,CA,CA,9.369028
tcr_17_2,E,A,Y,E,119,100,CA,OE1,4.6579876
tcr_17_2,E,A,Y,E,119,100,CA,OE2,5.845806
tcr_17_2,E,A,Y,R,119,107,CA,NH2,8.426452
tcr_17_2,E,A,Y,R,119,107,CA,CZ,9.095721
tcr_17_2,E,A,Y,R,119,107,CA,NH1,8.590083
tcr_17_2,E,A,Y,R,119,103,CA,NH1,8.982543
tcr_17_2,E,A,Y,I,119,104,C,CD1,9.667572
tcr_17_2,E,A,Y,E,119,100,C,CG,7.5076933
tcr_17_2,E,A,Y,E,119,100,C,CD,6.056644
tcr_17_2,E,A,Y,E,119,100,C,CB,8.499982
tcr_17_2,E,A,Y,E,119,100,C,CA,9.797932
tcr_17_2,E,A,Y,E,119,100,C,OE1,5.2128043
tcr_17_2,E,A,Y,E,119,100,C,OE2,5.982173
tcr_17_2,E,A,Y,R,119,107,C,NH2,9.620539
tcr_17_2,E,A,Y,R,119,107,C,NH1,9.980518
tcr_17_2,E,A,Y,R,119,103,C,NH1,9.203882
tcr_17_2,E,A,Y,E,119,100,O,CG,8.225509
tcr_17_2,E,A,Y,E,119,100,O,CD,6.784959
tcr_17_2,E,A,Y,E,119,100,O,CB,9.174302
tcr_17_2,E,A,Y,E,119,100,O,OE1,5.892115
tcr_17_2,E,A,Y,E,119,100,O,OE2,6.7357087
tcr_17_2,E,A,Y,R,119,103,O,NH1,9.155203
tcr_17_2,E,A,Y,K,119,170,CB,CE,9.752468
tcr_17_2,E,A,Y,K,119,170,CB,NZ,8.940564
tcr_17_2,E,A,Y,I,119,104,CB,CB,9.734312
tcr_17_2,E,A,Y,I,119,104,CB,CG1,8.187479
tcr_17_2,E,A,Y,N,119,101,CB,N,9.874188
tcr_17_2,E,A,Y,I,119,104,CB,CD1,7.822584
tcr_17_2,E,A,Y,E,119,100,CB,CG,5.8487525
tcr_17_2,E,A,Y,E,119,100,CB,CD,4.6373425
tcr_17_2,E,A,Y,E,119,100,CB,CB,7.090531
tcr_17_2,E,A,Y,E,119,100,CB,CA,8.190849
tcr_17_2,E,A,Y,E,119,100,CB,O,8.941827
tcr_17_2,E,A,Y,E,119,100,CB,OE1,3.4989917
tcr_17_2,E,A,Y,T,119,97,CB,O,9.985707
tcr_17_2,E,A,Y,E,119,100,CB,C,8.936085
tcr_17_2,E,A,Y,E,119,100,CB,OE2,5.0747943
tcr_17_2,E,A,Y,R,119,107,CB,NH2,7.1015377
tcr_17_2,E,A,Y,R,119,103,CB,CB,9.415471
tcr_17_2,E,A,Y,R,119,107,CB,CZ,7.885029
tcr_17_2,E,A,Y,R,119,107,CB,NH1,7.5308905
tcr_17_2,E,A,Y,R,119,107,CB,NE,9.148345
tcr_17_2,E,A,Y,E,119,100,CB,N,9.221566
tcr_17_2,E,A,Y,Q,119,96,CB,C,9.963507
tcr_17_2,E,A,Y,Q,119,96,CB,O,9.327078
tcr_17_2,E,A,Y,R,119,103,CB,NE,9.256837
tcr_17_2,E,A,Y,R,119,103,CB,CD,8.67301
tcr_17_2,E,A,Y,R,119,103,CB,CZ,8.7493305
tcr_17_2,E,A,Y,R,119,103,CB,NH2,9.627141
tcr_17_2,E,A,Y,R,119,103,CB,NH1,7.5236373
tcr_17_2,E,A,Y,R,119,103,CB,CG,9.799029
tcr_17_2,E,A,Y,I,119,104,CG,CG1,8.995251
tcr_17_2,E,A,Y,I,119,104,CG,CD1,8.81774
tcr_17_2,E,A,Y,E,119,100,CG,CG,6.474815
tcr_17_2,E,A,Y,E,119,100,CG,CD,5.3310165
tcr_17_2,E,A,Y,E,119,100,CG,CB,7.633594
tcr_17_2,E,A,Y,E,119,100,CG,CA,8.598487
tcr_17_2,E,A,Y,E,119,100,CG,O,9.453963
tcr_17_2,E,A,Y,E,119,100,CG,OE1,4.1590657
tcr_17_2,E,A,Y,E,119,100,CG,C,9.482423
tcr_17_2,E,A,Y,E,119,100,CG,OE2,5.8147106
tcr_17_2,E,A,Y,R,119,107,CG,NH2,7.1321807
tcr_17_2,E,A,Y,R,119,103,CG,CB,9.440563
tcr_17_2,E,A,Y,R,119,107,CG,CZ,8.050803
tcr_17_2,E,A,Y,R,119,107,CG,NH1,7.822597
tcr_17_2,E,A,Y,R,119,107,CG,NE,9.311191
tcr_17_2,E,A,Y,E,119,100,CG,N,9.538014
tcr_17_2,E,A,Y,Q,119,96,CG,O,9.650622
tcr_17_2,E,A,Y,R,119,103,CG,NE,8.808524
tcr_17_2,E,A,Y,R,119,103,CG,CD,8.372429
tcr_17_2,E,A,Y,R,119,103,CG,CZ,8.165958
tcr_17_2,E,A,Y,R,119,103,CG,NH2,8.970111
tcr_17_2,E,A,Y,R,119,103,CG,NH1,6.8763638
tcr_17_2,E,A,Y,R,119,103,CG,CG,9.642118
tcr_17_2,E,A,Y,I,119,104,CD1,CG1,9.29999
tcr_17_2,E,A,Y,I,119,104,CD1,CD1,9.13827
tcr_17_2,E,A,Y,E,119,100,CD1,CG,6.231014
tcr_17_2,E,A,Y,E,119,100,CD1,CD,5.0801053
tcr_17_2,E,A,Y,E,119,100,CD1,CB,7.1858335
tcr_17_2,E,A,Y,E,119,100,CD1,CA,8.107137
tcr_17_2,E,A,Y,E,119,100,CD1,O,9.24552
tcr_17_2,E,A,Y,E,119,100,CD1,OE1,4.048261
tcr_17_2,E,A,Y,E,119,100,CD1,C,9.169247
tcr_17_2,E,A,Y,E,119,100,CD1,OE2,5.4621243
tcr_17_2,E,A,Y,R,119,107,CD1,NH2,7.466785
tcr_17_2,E,A,Y,R,119,103,CD1,CB,9.136145
tcr_17_2,E,A,Y,R,119,107,CD1,CZ,8.527438
tcr_17_2,E,A,Y,R,119,107,CD1,NH1,8.501387
tcr_17_2,E,A,Y,R,119,107,CD1,NE,9.71407
tcr_17_2,E,A,Y,Q,119,96,CD1,CA,9.909091
tcr_17_2,E,A,Y,Q,119,96,CD1,CB,9.296816
tcr_17_2,E,A,Y,Q,119,96,CD1,CG,9.955198
tcr_17_2,E,A,Y,R,119,99,CD1,C,9.659962
tcr_17_2,E,A,Y,R,119,99,CD1,O,9.77703
tcr_17_2,E,A,Y,E,119,100,CD1,N,8.881304
tcr_17_2,E,A,Y,Q,119,96,CD1,C,9.465372
tcr_17_2,E,A,Y,Q,119,96,CD1,CD,9.821632
tcr_17_2,E,A,Y,Q,119,96,CD1,O,8.81096
tcr_17_2,E,A,Y,Q,119,96,CD1,OE1,9.114009
tcr_17_2,E,A,Y,R,119,103,CD1,NE,7.9880404
tcr_17_2,E,A,Y,R,119,103,CD1,CD,7.7598133
tcr_17_2,E,A,Y,R,119,103,CD1,CZ,7.199724
tcr_17_2,E,A,Y,R,119,103,CD1,NH2,7.8758397
tcr_17_2,E,A,Y,R,119,103,CD1,NH1,5.9061637
tcr_17_2,E,A,Y,R,119,103,CD1,CG,9.125227
tcr_17_2,E,A,Y,I,119,104,CD2,CG1,9.718357
tcr_17_2,E,A,Y,I,119,104,CD2,CD1,9.676587
tcr_17_2,E,A,Y,E,119,100,CD2,CG,7.640164
tcr_17_2,E,A,Y,E,119,100,CD2,CD,6.6063147
tcr_17_2,E,A,Y,E,119,100,CD2,CB,8.861499
tcr_17_2,E,A,Y,E,119,100,CD2,CA,9.729649
tcr_17_2,E,A,Y,E,119,100,CD2,OE1,5.391549
tcr_17_2,E,A,Y,E,119,100,CD2,OE2,7.1752114
tcr_17_2,E,A,Y,R,119,107,CD2,NH2,7.2418694
tcr_17_2,E,A,Y,R,119,107,CD2,CZ,8.089442
tcr_17_2,E,A,Y,R,119,107,CD2,NH1,7.7696595
tcr_17_2,E,A,Y,R,119,107,CD2,NE,9.374932
tcr_17_2,E,A,Y,R,119,103,CD2,NE,9.478049
tcr_17_2,E,A,Y,R,119,103,CD2,CD,9.012897
tcr_17_2,E,A,Y,R,119,103,CD2,CZ,8.85101
tcr_17_2,E,A,Y,R,119,103,CD2,NH2,9.6697235
tcr_17_2,E,A,Y,R,119,103,CD2,NH1,7.5509524
tcr_17_2,E,A,Y,E,119,100,CE1,CG,7.20511
tcr_17_2,E,A,Y,E,119,100,CE1,CD,6.181893
tcr_17_2,E,A,Y,E,119,100,CE1,CB,8.062194
tcr_17_2,E,A,Y,E,119,100,CE1,CA,8.829783
tcr_17_2,E,A,Y,E,119,100,CE1,OE1,5.2029843
tcr_17_2,E,A,Y,E,119,100,CE1,C,9.961929
tcr_17_2,E,A,Y,E,119,100,CE1,OE2,6.584244
tcr_17_2,E,A,Y,R,119,107,CE1,NH2,7.8672104
tcr_17_2,E,A,Y,R,119,103,CE1,CB,9.467562
tcr_17_2,E,A,Y,R,119,107,CE1,CZ,8.99191
tcr_17_2,E,A,Y,R,119,107,CE1,NH1,9.062327
tcr_17_2,E,A,Y,Q,119,96,CE1,CB,9.768541
tcr_17_2,E,A,Y,E,119,100,CE1,N,9.502587
tcr_17_2,E,A,Y,Q,119,96,CE1,CD,9.932639
tcr_17_2,E,A,Y,Q,119,96,CE1,O,9.454345
tcr_17_2,E,A,Y,Q,119,96,CE1,OE1,9.19248
tcr_17_2,E,A,Y,R,119,103,CE1,NE,7.8838162
tcr_17_2,E,A,Y,R,119,103,CE1,CD,7.8282347
tcr_17_2,E,A,Y,R,119,103,CE1,CZ,6.971353
tcr_17_2,E,A,Y,R,119,103,CE1,NH2,7.5262294
tcr_17_2,E,A,Y,R,119,103,CE1,NH1,5.6729155
tcr_17_2,E,A,Y,R,119,103,CE1,CG,9.284338
tcr_17_2,E,A,Y,E,119,100,CE2,CG,8.460397
tcr_17_2,E,A,Y,E,119,100,CE2,CD,7.4936724
tcr_17_2,E,A,Y,E,119,100,CE2,CB,9.5929575
tcr_17_2,E,A,Y,E,119,100,CE2,OE1,6.3117185
tcr_17_2,E,A,Y,E,119,100,CE2,OE2,8.06907
tcr_17_2,E,A,Y,R,119,107,CE2,NH2,7.6587253
tcr_17_2,E,A,Y,R,119,107,CE2,CZ,8.581855
tcr_17_2,E,A,Y,R,119,107,CE2,NH1,8.383416
tcr_17_2,E,A,Y,R,119,107,CE2,NE,9.817837
tcr_17_2,E,A,Y,R,119,103,CE2,NE,9.396472
tcr_17_2,E,A,Y,R,119,103,CE2,CD,9.078075
tcr_17_2,E,A,Y,R,119,103,CE2,CZ,8.672271
tcr_17_2,E,A,Y,R,119,103,CE2,NH2,9.392921
tcr_17_2,E,A,Y,R,119,103,CE2,NH1,7.376043
tcr_17_2,E,A,Y,E,119,100,CZ,CG,8.262042
tcr_17_2,E,A,Y,E,119,100,CZ,CD,7.305549
tcr_17_2,E,A,Y,E,119,100,CZ,CB,9.2287
tcr_17_2,E,A,Y,E,119,100,CZ,CA,9.92947
tcr_17_2,E,A,Y,E,119,100,CZ,OE1,6.2269564
tcr_17_2,E,A,Y,E,119,100,CZ,OE2,7.809046
tcr_17_2,E,A,Y,R,119,107,CZ,NH2,7.954449
tcr_17_2,E,A,Y,R,119,107,CZ,CZ,9.013344
tcr_17_2,E,A,Y,R,119,107,CZ,NH1,9.002887
tcr_17_2,E,A,Y,R,119,103,CZ,NE,8.622613
tcr_17_2,E,A,Y,R,119,103,CZ,CD,8.504446
tcr_17_2,E,A,Y,R,119,103,CZ,CZ,7.761944
tcr_17_2,E,A,Y,R,119,103,CZ,NH2,8.34929
tcr_17_2,E,A,Y,R,119,103,CZ,NH1,6.4737597
tcr_17_2,E,A,Y,R,119,103,CZ,CG,9.947869
tcr_17_2,E,A,Y,E,119,100,OH,CG,9.314015
tcr_17_2,E,A,Y,E,119,100,OH,CD,8.438923
tcr_17_2,E,A,Y,E,119,100,OH,OE1,7.4108114
tcr_17_2,E,A,Y,E,119,100,OH,OE2,8.940752
tcr_17_2,E,A,Y,R,119,107,OH,NH2,8.651274
tcr_17_2,E,A,Y,R,119,107,OH,CZ,9.733322
tcr_17_2,E,A,Y,R,119,107,OH,NH1,9.809176
tcr_17_2,E,A,Y,R,119,103,OH,NE,8.854943
tcr_17_2,E,A,Y,R,119,103,OH,CD,8.889377
tcr_17_2,E,A,Y,R,119,103,OH,CZ,7.9236536
tcr_17_2,E,A,Y,R,119,103,OH,NH2,8.376716
tcr_17_2,E,A,Y,R,119,103,OH,NH1,6.7059913
tcr_17_2,E,A,N,T,120,97,N,OG1,9.648079
tcr_17_2,E,A,N,T,120,97,N,CA,9.76804
tcr_17_2,E,A,N,K,120,170,N,NZ,9.722082
tcr_17_2,E,A,N,I,120,104,N,CD1,9.665844
tcr_17_2,E,A,N,E,120,100,N,CG,7.488085
tcr_17_2,E,A,N,E,120,100,N,CD,5.986432
tcr_17_2,E,A,N,E,120,100,N,CB,8.334462
tcr_17_2,E,A,N,E,120,100,N,CA,9.732973
tcr_17_2,E,A,N,E,120,100,N,OE1,5.3774123
tcr_17_2,E,A,N,E,120,100,N,OE2,5.655724
tcr_17_2,E,A,N,T,120,97,N,N,9.938797
tcr_17_2,E,A,N,Q,120,96,N,CB,9.51777
tcr_17_2,E,A,N,Q,120,96,N,C,9.832087
tcr_17_2,E,A,N,Q,120,96,N,O,9.602643
tcr_17_2,E,A,N,R,120,103,N,NH1,9.713585
tcr_17_2,E,A,N,T,120,97,CA,OG1,9.560037
tcr_17_2,E,A,N,T,120,97,CA,CA,9.9045105
tcr_17_2,E,A,N,E,120,100,CA,CG,8.342048
tcr_17_2,E,A,N,E,120,100,CA,CD,6.8120008
tcr_17_2,E,A,N,E,120,100,CA,CB,8.9938965
tcr_17_2,E,A,N,E,120,100,CA,OE1,6.3493915
tcr_17_2,E,A,N,E,120,100,CA,OE2,6.2783966
tcr_17_2,E,A,N,T,120,97,CA,N,9.905062
tcr_17_2,E,A,N,Q,120,96,CA,CB,9.145269
tcr_17_2,E,A,N,Q,120,96,CA,CG,9.817947
tcr_17_2,E,A,N,Q,120,96,CA,C,9.808066
tcr_17_2,E,A,N,Q,120,96,CA,O,9.736501
tcr_17_2,E,A,N,E,120,100,C,CG,9.781421
tcr_17_2,E,A,N,E,120,100,C,CD,8.254016
tcr_17_2,E,A,N,E,120,100,C,OE1,7.6928754
tcr_17_2,E,A,N,E,120,100,C,OE2,7.784213
tcr_17_2,E,A,N,E,120,100,O,CD,8.783673
tcr_17_2,E,A,N,E,120,100,O,OE1,8.149037
tcr_17_2,E,A,N,E,120,100,O,OE2,8.402871
tcr_17_2,E,A,N,T,120,97,CB,OG1,8.465973
tcr_17_2,E,A,N,T,120,97,CB,CG2,9.526236
tcr_17_2,E,A,N,T,120,93,CB,CG2,8.807795
tcr_17_2,E,A,N,T,120,97,CB,CA,9.119059
tcr_17_2,E,A,N,T,120,97,CB,CB,9.368281
tcr_17_2,E,A,N,E,120,100,CB,CG,8.385664
tcr_17_2,E,A,N,E,120,100,CB,CD,6.8965
tcr_17_2,E,A,N,E,120,100,CB,CB,8.863551
tcr_17_2,E,A,N,E,120,100,CB,OE1,6.6947346
tcr_17_2,E,A,N,E,120,100,CB,OE2,6.135437
tcr_17_2,E,A,N,T,120,93,CB,O,9.650136
tcr_17_2,E,A,N,Q,120,96,CB,CA,9.659135
tcr_17_2,E,A,N,T,120,97,CB,N,9.148732
tcr_17_2,E,A,N,Q,120,96,CB,CB,8.58113
tcr_17_2,E,A,N,Q,120,96,CB,CG,9.321478
tcr_17_2,E,A,N,Q,120,96,CB,C,9.22937
tcr_17_2,E,A,N,Q,120,96,CB,O,9.312797
tcr_17_2,E,A,N,T,120,97,CG,OG1,7.049989
tcr_17_2,E,A,N,T,120,97,CG,CG2,8.147324
tcr_17_2,E,A,N,T,120,93,CG,CG2,7.7282686
tcr_17_2,E,A,N,T,120,97,CG,C,8.852621
tcr_17_2,E,A,N,T,120,97,CG,CA,7.613377
tcr_17_2,E,A,N,T,120,93,CG,CB,9.036179
tcr_17_2,E,A,N,T,120,93,CG,OG1,9.415069
tcr_17_2,E,A,N,T,120,97,CG,CB,7.913364
tcr_17_2,E,A,N,K,120,170,CG,NZ,9.990639
tcr_17_2,E,A,N,I,120,104,CG,CD1,9.841793
tcr_17_2,E,A,N,E,120,100,CG,CG,7.2535915
tcr_17_2,E,A,N,E,120,100,CG,CD,5.8161387
tcr_17_2,E,A,N,E,120,100,CG,CB,7.5654855
tcr_17_2,E,A,N,E,120,100,CG,CA,9.049652
tcr_17_2,E,A,N,E,120,100,CG,OE1,5.836461
tcr_17_2,E,A,N,T,120,97,CG,O,8.910603
tcr_17_2,E,A,N,E,120,100,CG,OE2,4.9015174
tcr_17_2,E,A,N,T,120,93,CG,CA,9.122626
tcr_17_2,E,A,N,T,120,93,CG,C,9.079914
tcr_17_2,E,A,N,T,120,93,CG,O,8.256777
tcr_17_2,E,A,N,Q,120,96,CG,CA,8.2030115
tcr_17_2,E,A,N,T,120,97,CG,N,7.6294265
tcr_17_2,E,A,N,Q,120,96,CG,N,9.283933
tcr_17_2,E,A,N,Q,120,96,CG,CB,7.1921835
tcr_17_2,E,A,N,Q,120,96,CG,CG,8.049224
tcr_17_2,E,A,N,Y,120,98,CG,N,9.9945135
tcr_17_2,E,A,N,E,120,100,CG,N,9.459679
tcr_17_2,E,A,N,Q,120,96,CG,C,7.722731
tcr_17_2,E,A,N,Q,120,96,CG,CD,8.881272
tcr_17_2,E,A,N,Q,120,96,CG,O,7.826381
tcr_17_2,E,A,N,Q,120,96,CG,OE1,8.84315
tcr_17_2,E,A,N,Q,120,96,CG,NE2,9.918725
tcr_17_2,E,A,N,R,120,103,CG,NH1,9.980791
tcr_17_2,E,A,N,T,120,97,OD1,OG1,6.9731383
tcr_17_2,E,A,N,T,120,97,OD1,CG2,8.054797
tcr_17_2,E,A,N,T,120,93,OD1,CG2,7.9432716
tcr_17_2,E,A,N,T,120,97,OD1,C,8.339843
tcr_17_2,E,A,N,T,120,97,OD1,CA,7.1785173
tcr_17_2,E,A,N,T,120,93,OD1,CB,9.147171
tcr_17_2,E,A,N,T,120,93,OD1,OG1,9.585127
tcr_17_2,E,A,N,T,120,97,OD1,CB,7.705101
tcr_17_2,E,A,N,N,120,101,OD1,N,9.74127
tcr_17_2,E,A,N,I,120,104,OD1,CD1,9.432922
tcr_17_2,E,A,N,E,120,100,OD1,CG,6.473999
tcr_17_2,E,A,N,E,120,100,OD1,CD,5.020332
tcr_17_2,E,A,N,E,120,100,OD1,CB,6.7591915
tcr_17_2,E,A,N,E,120,100,OD1,CA,8.196772
tcr_17_2,E,A,N,E,120,100,OD1,O,9.923166
tcr_17_2,E,A,N,E,120,100,OD1,OE1,5.0266047
tcr_17_2,E,A,N,T,120,97,OD1,O,8.368818
tcr_17_2,E,A,N,E,120,100,OD1,C,9.266478
tcr_17_2,E,A,N,E,120,100,OD1,OE2,4.138922
tcr_17_2,E,A,N,T,120,93,OD1,CA,9.027095
tcr_17_2,E,A,N,T,120,93,OD1,C,8.91027
tcr_17_2,E,A,N,K,120,92,OD1,O,9.956046
tcr_17_2,E,A,N,T,120,95,OD1,C,9.80552
tcr_17_2,E,A,N,T,120,93,OD1,O,7.9826717
tcr_17_2,E,A,N,Q,120,96,OD1,CA,7.4452066
tcr_17_2,E,A,N,T,120,97,OD1,N,7.095696
tcr_17_2,E,A,N,Q,120,96,OD1,N,8.632604
tcr_17_2,E,A,N,Q,120,96,OD1,CB,6.456116
tcr_17_2,E,A,N,Q,120,96,OD1,CG,7.3053064
tcr_17_2,E,A,N,R,120,99,OD1,C,9.695106
tcr_17_2,E,A,N,Y,120,98,OD1,N,9.457771
tcr_17_2,E,A,N,R,120,99,OD1,CB,9.916939
tcr_17_2,E,A,N,E,120,100,OD1,N,8.577525
tcr_17_2,E,A,N,Q,120,96,OD1,C,7.004311
tcr_17_2,E,A,N,Q,120,96,OD1,CD,7.9923124
tcr_17_2,E,A,N,Q,120,96,OD1,O,7.0039988
tcr_17_2,E,A,N,Q,120,96,OD1,OE1,7.851313
tcr_17_2,E,A,N,Q,120,96,OD1,NE2,9.049208
tcr_17_2,E,A,N,R,120,103,OD1,CZ,9.751898
tcr_17_2,E,A,N,R,120,103,OD1,NH1,8.802575
tcr_17_2,E,A,N,T,120,97,ND2,OG1,6.0792327
tcr_17_2,E,A,N,T,120,97,ND2,CG2,7.212913
tcr_17_2,E,A,N,T,120,93,ND2,CG2,6.747396
tcr_17_2,E,A,N,T,120,97,ND2,C,8.273975
tcr_17_2,E,A,N,T,120,97,ND2,CA,6.959874
tcr_17_2,E,A,N,T,120,93,ND2,CB,8.138122
tcr_17_2,E,A,N,T,120,93,ND2,OG1,8.58831
tcr_17_2,E,A,N,T,120,97,ND2,CB,7.038802
tcr_17_2,E,A,N,K,120,170,ND2,NZ,9.611871
tcr_17_2,E,A,N,N,120,101,ND2,OD1,9.725991
tcr_17_2,E,A,N,I,120,104,ND2,CD1,9.733598
tcr_17_2,E,A,N,E,120,100,ND2,CG,7.3893137
tcr_17_2,E,A,N,E,120,100,ND2,CD,6.079661
tcr_17_2,E,A,N,E,120,100,ND2,CB,7.547555
tcr_17_2,E,A,N,E,120,100,ND2,CA,9.046981
tcr_17_2,E,A,N,E,120,100,ND2,OE1,6.327354
tcr_17_2,E,A,N,T,120,97,ND2,O,8.411799
tcr_17_2,E,A,N,E,120,100,ND2,C,9.909136
tcr_17_2,E,A,N,E,120,100,ND2,OE2,5.028905
tcr_17_2,E,A,N,N,120,94,ND2,CA,9.719507
tcr_17_2,E,A,N,N,120,94,ND2,O,9.862364
tcr_17_2,E,A,N,T,120,93,ND2,CA,8.357392
tcr_17_2,E,A,N,T,120,93,ND2,N,9.754813
tcr_17_2,E,A,N,N,120,94,ND2,N,9.314623
tcr_17_2,E,A,N,T,120,93,ND2,C,8.271437
tcr_17_2,E,A,N,K,120,92,ND2,O,9.867549
tcr_17_2,E,A,N,T,120,93,ND2,O,7.5204663
tcr_17_2,E,A,N,Q,120,96,ND2,CA,7.9453454
tcr_17_2,E,A,N,T,120,97,ND2,N,7.071909
tcr_17_2,E,A,N,Q,120,96,ND2,N,8.890635
tcr_17_2,E,A,N,Q,120,96,ND2,CB,7.0093503
tcr_17_2,E,A,N,Q,120,96,ND2,CG,7.9722037
tcr_17_2,E,A,N,Y,120,98,ND2,N,9.406063
tcr_17_2,E,A,N,E,120,100,ND2,N,9.3911085
tcr_17_2,E,A,N,Q,120,96,ND2,C,7.3806458
tcr_17_2,E,A,N,Q,120,96,ND2,CD,8.977896
tcr_17_2,E,A,N,Q,120,96,ND2,O,7.614869
tcr_17_2,E,A,N,Q,120,96,ND2,OE1,9.026028
tcr_17_2,E,A,E,E,121,100,N,CD,9.054651
tcr_17_2,E,A,E,E,121,100,N,OE1,8.522633
tcr_17_2,E,A,E,E,121,100,N,OE2,8.535328
tcr_17_2,E,A,E,E,121,100,CA,OE1,9.87946
tcr_17_2,E,A,E,E,121,100,CA,OE2,9.976751
tcr_17_2,D,C,D,I,51,9,CB,O,9.389338
tcr_17_2,D,C,D,I,51,9,CG,C,9.745877
tcr_17_2,D,C,D,I,51,9,CG,O,8.863104
tcr_17_2,D,C,D,I,51,9,CG,OXT,9.799607
tcr_17_2,D,C,D,I,51,9,OD1,O,9.656382
tcr_17_2,D,C,D,I,51,9,OD2,CA,9.92564
tcr_17_2,D,C,D,I,51,9,OD2,C,8.746018
tcr_17_2,D,C,D,I,51,9,OD2,O,7.88616
tcr_17_2,D,C,D,I,51,9,OD2,CB,9.995386
tcr_17_2,D,C,D,I,51,9,OD2,CG1,8.975374
tcr_17_2,D,C,D,I,51,9,OD2,CD1,9.175951
tcr_17_2,D,C,D,I,51,9,OD2,OXT,8.854124
tcr_17_2,D,C,Y,S,53,8,CD2,CB,9.800114
tcr_17_2,D,C,Y,S,53,8,CD2,OG,9.360513
tcr_17_2,D,C,Y,I,53,9,CD2,O,9.549527
tcr_17_2,D,C,Y,S,53,8,CE1,CB,9.587738
tcr_17_2,D,C,Y,S,53,8,CE1,OG,9.550309
tcr_17_2,D,C,Y,I,53,9,CE1,O,9.329935
tcr_17_2,D,C,Y,S,53,8,CE2,CB,8.576291
tcr_17_2,D,C,Y,S,53,8,CE2,CA,9.960009
tcr_17_2,D,C,Y,S,53,8,CE2,OG,8.206032
tcr_17_2,D,C,Y,I,53,9,CE2,C,9.423465
tcr_17_2,D,C,Y,I,53,9,CE2,O,8.2141075
tcr_17_2,D,C,Y,I,53,9,CE2,OXT,9.876292
tcr_17_2,D,C,Y,S,53,8,CZ,CB,8.457489
tcr_17_2,D,C,Y,S,53,8,CZ,CA,9.793901
tcr_17_2,D,C,Y,S,53,8,CZ,OG,8.317464
tcr_17_2,D,C,Y,I,53,9,CZ,N,9.991491
tcr_17_2,D,C,Y,I,53,9,CZ,C,9.322184
tcr_17_2,D,C,Y,I,53,9,CZ,O,8.092822
tcr_17_2,D,C,Y,I,53,9,CZ,OXT,9.87025
tcr_17_2,D,C,Y,S,53,8,OH,O,9.287145
tcr_17_2,D,C,Y,S,53,8,OH,N,9.920809
tcr_17_2,D,C,Y,S,53,8,OH,CB,7.432714
tcr_17_2,D,C,Y,S,53,8,OH,CA,8.692071
tcr_17_2,D,C,Y,S,53,8,OH,C,8.874207
tcr_17_2,D,C,Y,S,53,8,OH,OG,7.4207935
tcr_17_2,D,C,Y,I,53,9,OH,N,8.773393
tcr_17_2,D,C,Y,I,53,9,OH,CA,9.132483
tcr_17_2,D,C,Y,I,53,9,OH,C,8.167706
tcr_17_2,D,C,Y,I,53,9,OH,O,6.9385633
tcr_17_2,D,C,Y,I,53,9,OH,CB,9.740911
tcr_17_2,D,C,Y,I,53,9,OH,CG1,8.852194
tcr_17_2,D,C,Y,I,53,9,OH,CD1,9.705195
tcr_17_2,D,C,Y,I,53,9,OH,OXT,8.783814
tcr_17_2,D,C,R,K,115,6,CZ,CE,9.692445
tcr_17_2,D,C,R,K,115,6,CZ,NZ,9.466579
tcr_17_2,D,C,R,K,115,6,NH1,CD,9.785582
tcr_17_2,D,C,R,K,115,6,NH1,CE,9.233888
tcr_17_2,D,C,R,K,115,6,NH1,NZ,9.199755
tcr_17_2,D,C,R,S,115,8,NH1,OG,9.82293
tcr_17_2,D,C,R,K,115,6,NH2,CE,9.447927
tcr_17_2,D,C,R,K,115,6,NH2,NZ,9.109876
tcr_17_2,D,C,S,I,116,9,C,O,9.680921
tcr_17_2,D,C,S,S,116,8,O,OG,9.55708
tcr_17_2,D,C,S,I,116,9,O,O,9.400105
tcr_17_2,D,C,A,S,117,8,N,OG,9.973724
tcr_17_2,D,C,A,I,117,9,N,C,9.839913
tcr_17_2,D,C,A,I,117,9,N,O,8.920451
tcr_17_2,D,C,A,I,117,9,N,OXT,9.7265415
tcr_17_2,D,C,A,S,117,8,CA,O,9.89112
tcr_17_2,D,C,A,S,117,8,CA,CB,9.333512
tcr_17_2,D,C,A,S,117,8,CA,OG,8.627045
tcr_17_2,D,C,A,I,117,9,CA,CA,9.895882
tcr_17_2,D,C,A,I,117,9,CA,C,8.467063
tcr_17_2,D,C,A,I,117,9,CA,O,7.506928
tcr_17_2,D,C,A,I,117,9,CA,OXT,8.433638
tcr_17_2,D,C,A,S,117,8,C,O,8.930051
tcr_17_2,D,C,A,S,117,8,C,CB,8.790752
tcr_17_2,D,C,A,S,117,8,C,CA,9.793761
tcr_17_2,D,C,A,S,117,8,C,C,9.238388
tcr_17_2,D,C,A,S,117,8,C,OG,7.948526
tcr_17_2,D,C,A,I,117,9,C,N,9.308394
tcr_17_2,D,C,A,I,117,9,C,CA,9.025946
tcr_17_2,D,C,A,I,117,9,C,C,7.5613117
tcr_17_2,D,C,A,I,117,9,C,O,6.7264013
tcr_17_2,D,C,A,I,117,9,C,CB,9.975238
tcr_17_2,D,C,A,I,117,9,C,CG1,9.794816
tcr_17_2,D,C,A,I,117,9,C,OXT,7.3963203
tcr_17_2,D,C,A,S,117,8,O,O,7.750793
tcr_17_2,D,C,A,S,117,8,O,N,9.639644
tcr_17_2,D,C,A,S,117,8,O,CB,7.620024
tcr_17_2,D,C,A,S,117,8,O,CA,8.616705
tcr_17_2,D,C,A,S,117,8,O,C,8.078394
tcr_17_2,D,C,A,S,117,8,O,OG,6.738523
tcr_17_2,D,C,A,I,117,9,O,N,8.222296
tcr_17_2,D,C,A,I,117,9,O,CA,8.017045
tcr_17_2,D,C,A,I,117,9,O,C,6.5989847
tcr_17_2,D,C,A,I,117,9,O,O,5.739065
tcr_17_2,D,C,A,I,117,9,O,CB,9.060712
tcr_17_2,D,C,A,I,117,9,O,CG1,8.950468
tcr_17_2,D,C,A,I,117,9,O,OXT,6.5275435
tcr_17_2,D,C,A,S,117,8,CB,CB,9.412836
tcr_17_2,D,C,A,S,117,8,CB,OG,8.903417
tcr_17_2,D,C,A,I,117,9,CB,N,9.86067
tcr_17_2,D,C,A,I,117,9,CB,CA,9.619732
tcr_17_2,D,C,A,I,117,9,CB,C,8.199176
tcr_17_2,D,C,A,I,117,9,CB,O,7.2314568
tcr_17_2,D,C,A,I,117,9,CB,CG1,9.733355
tcr_17_2,D,C,A,I,117,9,CB,OXT,8.18722
tcr_17_2,D,C,L,S,118,8,N,O,9.587217
tcr_17_2,D,C,L,S,118,8,N,CB,9.790511
tcr_17_2,D,C,L,S,118,8,N,OG,8.880468
tcr_17_2,D,C,L,I,118,9,N,CA,9.620093
tcr_17_2,D,C,L,I,118,9,N,C,8.117266
tcr_17_2,D,C,L,I,118,9,N,O,7.4382095
tcr_17_2,D,C,L,I,118,9,N,OXT,7.75435
tcr_17_2,D,C,L,S,118,8,CA,O,9.153756
tcr_17_2,D,C,L,S,118,8,CA,CB,9.797382
tcr_17_2,D,C,L,S,118,8,CA,C,9.7171545
tcr_17_2,D,C,L,S,118,8,CA,OG,8.795103
tcr_17_2,D,C,L,I,118,9,CA,N,9.805409
tcr_17_2,D,C,L,I,118,9,CA,CA,9.254049
tcr_17_2,D,C,L,I,118,9,CA,C,7.7699957
tcr_17_2,D,C,L,I,118,9,CA,O,7.2829914
tcr_17_2,D,C,L,I,118,9,CA,OXT,7.2419014
tcr_17_2,D,C,L,S,118,8,C,O,9.279692
tcr_17_2,D,C,L,S,118,8,C,CB,9.955324
tcr_17_2,D,C,L,S,118,8,C,C,9.973958
tcr_17_2,D,C,L,S,118,8,C,OG,8.805385
tcr_17_2,D,C,L,I,118,9,C,CA,9.807766
tcr_17_2,D,C,L,I,118,9,C,C,8.407672
tcr_17_2,D,C,L,I,118,9,C,O,7.9436283
tcr_17_2,D,C,L,I,118,9,C,OXT,7.924303
tcr_17_2,D,C,L,K,118,6,O,CD,9.4671
tcr_17_2,D,C,L,K,118,6,O,NZ,9.602086
tcr_17_2,D,C,L,S,118,8,O,O,8.6769905
tcr_17_2,D,C,L,S,118,8,O,CB,9.635305
tcr_17_2,D,C,L,S,118,8,O,C,9.485434
tcr_17_2,D,C,L,S,118,8,O,OG,8.419268
tcr_17_2,D,C,L,I,118,9,O,N,9.843284
tcr_17_2,D,C,L,I,118,9,O,CA,9.384679
tcr_17_2,D,C,L,I,118,9,O,C,8.068947
tcr_17_2,D,C,L,I,118,9,O,O,7.7354727
tcr_17_2,D,C,L,I,118,9,O,OXT,7.5429897
tcr_17_2,D,C,L,I,118,9,CB,C,8.567816
tcr_17_2,D,C,L,I,118,9,CB,O,8.220849
tcr_17_2,D,C,L,I,118,9,CB,OXT,7.8661785
tcr_17_2,D,C,L,I,118,9,CG,CA,9.895273
tcr_17_2,D,C,L,I,118,9,CG,C,8.380704
tcr_17_2,D,C,L,I,118,9,CG,O,8.0612
tcr_17_2,D,C,L,I,118,9,CG,OXT,7.635601
tcr_17_2,D,C,L,I,118,9,CD1,C,9.575722
tcr_17_2,D,C,L,I,118,9,CD1,O,9.365647
tcr_17_2,D,C,L,I,118,9,CD1,OXT,8.72479
tcr_17_2,D,C,L,S,118,8,CD2,O,9.407793
tcr_17_2,D,C,L,S,118,8,CD2,C,9.823795
tcr_17_2,D,C,L,S,118,8,CD2,OG,9.753276
tcr_17_2,D,C,L,I,118,9,CD2,N,9.517065
tcr_17_2,D,C,L,I,118,9,CD2,CA,8.592899
tcr_17_2,D,C,L,I,118,9,CD2,C,7.1046877
tcr_17_2,D,C,L,I,118,9,CD2,O,6.9117417
tcr_17_2,D,C,L,I,118,9,CD2,CB,9.158758
tcr_17_2,D,C,L,I,118,9,CD2,CG1,9.242915
tcr_17_2,D,C,L,I,118,9,CD2,CD1,9.817391
tcr_17_2,D,C,L,I,118,9,CD2,OXT,6.2811
tcr_17_2,D,C,S,S,119,8,N,OG,9.50559
tcr_17_2,D,C,S,I,119,9,N,C,9.545022
tcr_17_2,D,C,S,I,119,9,N,O,8.9828415
tcr_17_2,D,C,S,I,119,9,N,OXT,9.145453
tcr_17_2,D,C,S,K,119,6,CA,NZ,9.714127
tcr_17_2,D,C,S,S,119,8,CA,OG,9.877407
tcr_17_2,D,C,S,I,119,9,CA,O,9.875968
tcr_17_2,D,C,S,K,119,6,C,CD,9.174772
tcr_17_2,D,C,S,K,119,6,C,CE,9.261359
tcr_17_2,D,C,S,K,119,6,C,NZ,8.688822
tcr_17_2,D,C,S,S,119,8,C,OG,9.084563
tcr_17_2,D,C,S,I,119,9,C,O,9.650517
tcr_17_2,D,C,S,K,119,6,O,CD,9.6216955
tcr_17_2,D,C,S,K,119,6,O,CE,9.638129
tcr_17_2,D,C,S,K,119,6,O,NZ,9.172599
tcr_17_2,D,C,S,S,119,8,O,OG,9.152487
tcr_17_2,D,C,S,I,119,9,O,O,9.816342
tcr_17_2,D,C,Y,K,120,6,N,CD,8.002579
tcr_17_2,D,C,Y,K,120,6,N,CE,8.049715
tcr_17_2,D,C,Y,K,120,6,N,NZ,7.4096828
tcr_17_2,D,C,Y,K,120,6,N,CB,9.631627
tcr_17_2,D,C,Y,K,120,6,N,CG,9.181607
tcr_17_2,D,C,Y,S,120,8,N,O,9.779232
tcr_17_2,D,C,Y,S,120,8,N,CB,9.969748
tcr_17_2,D,C,Y,S,120,8,N,OG,8.63156
tcr_17_2,D,C,Y,I,120,9,N,O,9.606953
tcr_17_2,D,C,Y,K,120,6,CA,CD,7.1043134
tcr_17_2,D,C,Y,K,120,6,CA,CE,6.993383
tcr_17_2,D,C,Y,K,120,6,CA,NZ,6.4364476
tcr_17_2,D,C,Y,K,120,6,CA,CB,8.844978
tcr_17_2,D,C,Y,K,120,6,CA,CG,8.233485
tcr_17_2,D,C,Y,S,120,8,CA,O,9.568078
tcr_17_2,D,C,Y,S,120,8,CA,CB,9.44552
tcr_17_2,D,C,Y,S,120,8,CA,OG,8.117042
tcr_17_2,D,C,Y,I,120,9,CA,O,9.703039
tcr_17_2,D,C,Y,K,120,6,C,CD,7.85846
tcr_17_2,D,C,Y,K,120,6,C,CE,7.4640865
tcr_17_2,D,C,Y,K,120,6,C,NZ,6.827515
tcr_17_2,D,C,Y,K,120,6,C,CB,9.784121
tcr_17_2,D,C,Y,K,120,6,C,CG,8.98206
tcr_17_2,D,C,Y,S,120,8,C,OG,9.290674
tcr_17_2,D,C,Y,K,120,6,O,CD,7.8427935
tcr_17_2,D,C,Y,K,120,6,O,CE,7.325807
tcr_17_2,D,C,Y,K,120,6,O,NZ,6.8440585
tcr_17_2,D,C,Y,K,120,6,O,CB,9.737314
tcr_17_2,D,C,Y,K,120,6,O,CG,8.83547
tcr_17_2,D,C,Y,S,120,8,O,OG,9.2091
tcr_17_2,D,C,Y,K,120,6,CB,CD,5.7774067
tcr_17_2,D,C,Y,K,120,6,CB,CE,5.6738544
tcr_17_2,D,C,Y,K,120,6,CB,NZ,5.021315
tcr_17_2,D,C,Y,K,120,6,CB,N,9.875247
tcr_17_2,D,C,Y,K,120,6,CB,CB,7.665985
tcr_17_2,D,C,Y,K,120,6,CB,CA,9.084584
tcr_17_2,D,C,Y,K,120,6,CB,CG,7.018629
tcr_17_2,D,C,Y,K,120,6,CB,C,9.890068
tcr_17_2,D,C,Y,S,120,8,CB,O,8.997778
tcr_17_2,D,C,Y,S,120,8,CB,CB,9.122446
tcr_17_2,D,C,Y,S,120,8,CB,C,9.8488
tcr_17_2,D,C,Y,S,120,8,CB,OG,7.745487
tcr_17_2,D,C,Y,I,120,9,CB,O,9.656384
tcr_17_2,D,C,Y,K,120,6,CG,CD,4.9707494
tcr_17_2,D,C,Y,K,120,6,CG,CE,5.2506843
tcr_17_2,D,C,Y,K,120,6,CG,NZ,4.837795
tcr_17_2,D,C,Y,K,120,6,CG,O,8.824525
tcr_17_2,D,C,Y,K,120,6,CG,N,8.869775
tcr_17_2,D,C,Y,K,120,6,CG,CB,6.549936
tcr_17_2,D,C,Y,K,120,6,CG,CA,7.9798565
tcr_17_2,D,C,Y,K,120,6,CG,CG,6.137901
tcr_17_2,D,C,Y,K,120,6,CG,C,8.64467
tcr_17_2,D,C,Y,E,120,7,CG,N,9.243454
tcr_17_2,D,C,Y,E,120,7,CG,C,9.823047
tcr_17_2,D,C,Y,S,120,8,CG,O,7.522908
tcr_17_2,D,C,Y,S,120,8,CG,N,8.77012
tcr_17_2,D,C,Y,S,120,8,CG,CB,7.868676
tcr_17_2,D,C,Y,S,120,8,CG,CA,8.670568
tcr_17_2,D,C,Y,S,120,8,CG,C,8.414826
tcr_17_2,D,C,Y,S,120,8,CG,OG,6.466154
tcr_17_2,D,C,Y,I,120,9,CG,N,9.35956
tcr_17_2,D,C,Y,I,120,9,CG,CA,9.568674
tcr_17_2,D,C,Y,I,120,9,CG,C,8.780051
tcr_17_2,D,C,Y,I,120,9,CG,O,8.341907
tcr_17_2,D,C,Y,I,120,9,CG,OXT,8.826906
tcr_17_2,D,C,Y,K,120,6,CD1,CD,4.4771113
tcr_17_2,D,C,Y,K,120,6,CD1,CE,4.879484
tcr_17_2,D,C,Y,K,120,6,CD1,NZ,4.865603
tcr_17_2,D,C,Y,K,120,6,CD1,O,8.064635
tcr_17_2,D,C,Y,K,120,6,CD1,N,8.097896
tcr_17_2,D,C,Y,K,120,6,CD1,CB,5.7580576
tcr_17_2,D,C,Y,K,120,6,CD1,CA,7.0836415
tcr_17_2,D,C,Y,K,120,6,CD1,CG,5.383805
tcr_17_2,D,C,Y,K,120,6,CD1,C,7.7411704
tcr_17_2,D,C,Y,G,120,5,CD1,C,9.193518
tcr_17_2,D,C,Y,G,120,5,CD1,O,9.4914665
tcr_17_2,D,C,Y,E,120,7,CD1,N,8.206642
tcr_17_2,D,C,Y,E,120,7,CD1,C,8.746913
tcr_17_2,D,C,Y,E,120,7,CD1,CA,9.119426
tcr_17_2,D,C,Y,S,120,8,CD1,O,6.6461453
tcr_17_2,D,C,Y,E,120,7,CD1,O,9.63515
tcr_17_2,D,C,Y,S,120,8,CD1,N,7.624519
tcr_17_2,D,C,Y,S,120,8,CD1,CB,6.6209326
tcr_17_2,D,C,Y,S,120,8,CD1,CA,7.5163307
tcr_17_2,D,C,Y,S,120,8,CD1,C,7.42629
tcr_17_2,D,C,Y,S,120,8,CD1,OG,5.2425127
tcr_17_2,D,C,Y,I,120,9,CD1,N,8.4212
tcr_17_2,D,C,Y,I,120,9,CD1,CA,8.799933
tcr_17_2,D,C,Y,I,120,9,CD1,C,8.100269
tcr_17_2,D,C,Y,I,120,9,CD1,O,7.5665503
tcr_17_2,D,C,Y,I,120,9,CD1,OXT,8.334146
tcr_17_2,D,C,Y,K,120,6,CD2,CD,5.1822786
tcr_17_2,D,C,Y,K,120,6,CD2,CE,5.7012944
tcr_17_2,D,C,Y,K,120,6,CD2,NZ,5.1939616
tcr_17_2,D,C,Y,K,120,6,CD2,O,8.559765
tcr_17_2,D,C,Y,K,120,6,CD2,N,8.915835
tcr_17_2,D,C,Y,K,120,6,CD2,CB,6.5882697
tcr_17_2,D,C,Y,K,120,6,CD2,CA,8.065365
tcr_17_2,D,C,Y,K,120,6,CD2,CG,6.4067316
tcr_17_2,D,C,Y,K,120,6,CD2,C,8.574929
tcr_17_2,D,C,Y,E,120,7,CD2,N,9.267533
tcr_17_2,D,C,Y,E,120,7,CD2,C,9.757018
tcr_17_2,D,C,Y,S,120,8,CD2,O,7.238747
tcr_17_2,D,C,Y,S,120,8,CD2,N,8.818434
tcr_17_2,D,C,Y,S,120,8,CD2,CB,8.13488
tcr_17_2,D,C,Y,S,120,8,CD2,CA,8.73197
tcr_17_2,D,C,Y,S,120,8,CD2,C,8.256216
tcr_17_2,D,C,Y,S,120,8,CD2,OG,6.726162
tcr_17_2,D,C,Y,I,120,9,CD2,N,9.148781
tcr_17_2,D,C,Y,I,120,9,CD2,CA,9.184223
tcr_17_2,D,C,Y,I,120,9,CD2,C,8.40086
tcr_17_2,D,C,Y,I,120,9,CD2,O,8.145184
tcr_17_2,D,C,Y,I,120,9,CD2,OXT,8.28534
tcr_17_2,D,C,Y,G,120,5,CE1,CA,9.547181
tcr_17_2,D,C,Y,K,120,6,CE1,CD,4.144442
tcr_17_2,D,C,Y,K,120,6,CE1,CE,4.955004
tcr_17_2,D,C,Y,K,120,6,CE1,NZ,5.2037706
tcr_17_2,D,C,Y,K,120,6,CE1,O,6.87881
tcr_17_2,D,C,Y,K,120,6,CE1,N,7.266721
tcr_17_2,D,C,Y,K,120,6,CE1,CB,4.858031
tcr_17_2,D,C,Y,K,120,6,CE1,CA,6.139392
tcr_17_2,D,C,Y,K,120,6,CE1,CG,4.826258
tcr_17_2,D,C,Y,K,120,6,CE1,C,6.60565
tcr_17_2,D,C,Y,G,120,5,CE1,C,8.408794
tcr_17_2,D,C,Y,G,120,5,CE1,O,8.699707
tcr_17_2,D,C,Y,E,120,7,CE1,CB,9.24718
tcr_17_2,D,C,Y,E,120,7,CE1,N,7.034062
tcr_17_2,D,C,Y,E,120,7,CE1,C,7.4314475
tcr_17_2,D,C,Y,E,120,7,CE1,CA,7.850197
tcr_17_2,D,C,Y,S,120,8,CE1,O,5.266899
tcr_17_2,D,C,Y,E,120,7,CE1,O,8.288873
tcr_17_2,D,C,Y,S,120,8,CE1,N,6.3432465
tcr_17_2,D,C,Y,S,120,8,CE1,CB,5.497005
tcr_17_2,D,C,Y,S,120,8,CE1,CA,6.2492065
tcr_17_2,D,C,Y,S,120,8,CE1,C,6.0893292
tcr_17_2,D,C,Y,S,120,8,CE1,OG,4.0933347
tcr_17_2,D,C,Y,I,120,9,CE1,N,7.1185184
tcr_17_2,D,C,Y,I,120,9,CE1,CA,7.518682
tcr_17_2,D,C,Y,I,120,9,CE1,C,6.9366364
tcr_17_2,D,C,Y,I,120,9,CE1,O,6.4949436
tcr_17_2,D,C,Y,I,120,9,CE1,CB,9.053669
tcr_17_2,D,C,Y,I,120,9,CE1,CG1,9.596681
tcr_17_2,D,C,Y,I,120,9,CE1,CG2,9.769404
tcr_17_2,D,C,Y,I,120,9,CE1,OXT,7.2294445
tcr_17_2,D,C,Y,K,120,6,CE2,CD,4.900499
tcr_17_2,D,C,Y,K,120,6,CE2,CE,5.7695704
tcr_17_2,D,C,Y,K,120,6,CE2,NZ,5.5144653
tcr_17_2,D,C,Y,K,120,6,CE2,O,7.4538765
tcr_17_2,D,C,Y,K,120,6,CE2,N,8.17097
tcr_17_2,D,C,Y,K,120,6,CE2,CB,5.8205447
tcr_17_2,D,C,Y,K,120,6,CE2,CA,7.252957
tcr_17_2,D,C,Y,K,120,6,CE2,CG,5.9493484
tcr_17_2,D,C,Y,K,120,6,CE2,C,7.5675592
tcr_17_2,D,C,Y,G,120,5,CE2,C,9.446591
tcr_17_2,D,C,Y,G,120,5,CE2,O,9.997209
tcr_17_2,D,C,Y,E,120,7,CE2,N,8.249664
tcr_17_2,D,C,Y,E,120,7,CE2,C,8.599158
tcr_17_2,D,C,Y,E,120,7,CE2,CA,8.929722
tcr_17_2,D,C,Y,S,120,8,CE2,O,5.996808
tcr_17_2,D,C,Y,E,120,7,CE2,O,9.329604
tcr_17_2,D,C,Y,S,120,8,CE2,N,7.7396216
tcr_17_2,D,C,Y,S,120,8,CE2,CB,7.252373
tcr_17_2,D,C,Y,S,120,8,CE2,CA,7.6702957
tcr_17_2,D,C,Y,S,120,8,CE2,C,7.0781107
tcr_17_2,D,C,Y,S,120,8,CE2,OG,5.8773603
tcr_17_2,D,C,Y,I,120,9,CE2,N,7.9657717
tcr_17_2,D,C,Y,I,120,9,CE2,CA,7.963409
tcr_17_2,D,C,Y,I,120,9,CE2,C,7.283283
tcr_17_2,D,C,Y,I,120,9,CE2,O,7.159606
tcr_17_2,D,C,Y,I,120,9,CE2,CB,9.459769
tcr_17_2,D,C,Y,I,120,9,CE2,OXT,7.169634
tcr_17_2,D,C,Y,G,120,5,CZ,CA,9.581672
tcr_17_2,D,C,Y,K,120,6,CZ,CD,4.357588
tcr_17_2,D,C,Y,K,120,6,CZ,CE,5.3936296
tcr_17_2,D,C,Y,K,120,6,CZ,NZ,5.499407
tcr_17_2,D,C,Y,K,120,6,CZ,O,6.512723
tcr_17_2,D,C,Y,K,120,6,CZ,N,7.29109
tcr_17_2,D,C,Y,K,120,6,CZ,CB,4.878501
tcr_17_2,D,C,Y,K,120,6,CZ,CA,6.222868
tcr_17_2,D,C,Y,K,120,6,CZ,CG,5.1297874
tcr_17_2,D,C,Y,K,120,6,CZ,C,6.492148
tcr_17_2,D,C,Y,G,120,5,CZ,C,8.532032
tcr_17_2,D,C,Y,E,120,7,CZ,CG,9.946558
tcr_17_2,D,C,Y,G,120,5,CZ,O,8.964298
tcr_17_2,D,C,Y,E,120,7,CZ,CB,9.214732
tcr_17_2,D,C,Y,E,120,7,CZ,N,7.0499663
tcr_17_2,D,C,Y,E,120,7,CZ,C,7.341811
tcr_17_2,D,C,Y,E,120,7,CZ,CA,7.7336593
tcr_17_2,D,C,Y,S,120,8,CZ,O,4.8652954
tcr_17_2,D,C,Y,E,120,7,CZ,O,8.111275
tcr_17_2,D,C,Y,S,120,8,CZ,N,6.410991
tcr_17_2,D,C,Y,S,120,8,CZ,CB,5.8867517
tcr_17_2,D,C,Y,S,120,8,CZ,CA,6.3450494
tcr_17_2,D,C,Y,S,120,8,CZ,C,5.8832088
tcr_17_2,D,C,Y,S,120,8,CZ,OG,4.508763
tcr_17_2,D,C,Y,I,120,9,CZ,N,6.8586807
tcr_17_2,D,C,Y,I,120,9,CZ,CA,7.0460143
tcr_17_2,D,C,Y,I,120,9,CZ,C,6.4801693
tcr_17_2,D,C,Y,I,120,9,CZ,O,6.2738914
tcr_17_2,D,C,Y,I,120,9,CZ,CB,8.579886
tcr_17_2,D,C,Y,I,120,9,CZ,CG1,9.309733
tcr_17_2,D,C,Y,I,120,9,CZ,CG2,9.266951
tcr_17_2,D,C,Y,I,120,9,CZ,OXT,6.5885544
tcr_17_2,D,C,Y,F,120,3,OH,CE1,9.745725
tcr_17_2,D,C,Y,G,120,5,OH,CA,9.093613
tcr_17_2,D,C,Y,K,120,6,OH,CD,4.6229444
tcr_17_2,D,C,Y,K,120,6,OH,CE,5.907168
tcr_17_2,D,C,Y,K,120,6,OH,NZ,6.21426
tcr_17_2,D,C,Y,K,120,6,OH,O,5.514012
tcr_17_2,D,C,Y,K,120,6,OH,N,6.761071
tcr_17_2,D,C,Y,K,120,6,OH,CB,4.441357
tcr_17_2,D,C,Y,K,120,6,OH,CA,5.6341834
tcr_17_2,D,C,Y,K,120,6,OH,CG,5.0918984
tcr_17_2,D,C,Y,K,120,6,OH,C,5.6168585
tcr_17_2,D,C,Y,G,120,5,OH,C,8.014807
tcr_17_2,D,C,Y,E,120,7,OH,CG,8.938301
tcr_17_2,D,C,Y,G,120,5,OH,O,8.443165
tcr_17_2,D,C,Y,E,120,7,OH,CB,8.170176
tcr_17_2,D,C,Y,E,120,7,OH,N,6.13715
tcr_17_2,D,C,Y,E,120,7,OH,C,6.2320156
tcr_17_2,D,C,Y,E,120,7,OH,CA,6.65539
tcr_17_2,D,C,Y,S,120,8,OH,O,3.6832185
tcr_17_2,D,C,Y,E,120,7,OH,O,6.9318914
tcr_17_2,D,C,Y,S,120,8,OH,N,5.422203
tcr_17_2,D,C,Y,S,120,8,OH,CB,5.230968
tcr_17_2,D,C,Y,S,120,8,OH,CA,5.4028835
tcr_17_2,D,C,Y,S,120,8,OH,C,4.7948995
tcr_17_2,D,C,Y,S,120,8,OH,OG,3.9748836
tcr_17_2,D,C,Y,I,120,9,OH,N,5.783459
tcr_17_2,D,C,Y,I,120,9,OH,CA,5.9574857
tcr_17_2,D,C,Y,I,120,9,OH,C,5.5907073
tcr_17_2,D,C,Y,I,120,9,OH,O,5.5709
tcr_17_2,D,C,Y,I,120,9,OH,CB,7.485654
tcr_17_2,D,C,Y,I,120,9,OH,CG1,8.336936
tcr_17_2,D,C,Y,I,120,9,OH,CG2,8.058702
tcr_17_2,D,C,Y,I,120,9,OH,CD1,9.785129
tcr_17_2,D,C,Y,I,120,9,OH,OXT,5.7445984
tcr_17_2,D,C,N,K,121,6,N,CD,8.748379
tcr_17_2,D,C,N,K,121,6,N,CE,8.286183
tcr_17_2,D,C,N,K,121,6,N,NZ,7.4645767
tcr_17_2,D,C,N,K,121,6,N,CG,9.968345
tcr_17_2,D,C,N,K,121,6,CA,CD,9.585929
tcr_17_2,D,C,N,K,121,6,CA,CE,8.923458
tcr_17_2,D,C,N,K,121,6,CA,NZ,8.0515375
tcr_17_2,D,C,N,K,121,6,C,NZ,9.568972
tcr_17_2,D,C,N,K,121,6,CB,CD,9.377883
tcr_17_2,D,C,N,K,121,6,CB,CE,8.592913
tcr_17_2,D,C,N,K,121,6,CB,NZ,7.5489993
tcr_17_2,D,C,N,K,121,6,CG,CD,8.277215
tcr_17_2,D,C,N,K,121,6,CG,CE,7.3497853
tcr_17_2,D,C,N,K,121,6,CG,NZ,6.3266115
tcr_17_2,D,C,N,K,121,6,CG,CG,9.517666
tcr_17_2,D,C,N,K,121,6,OD1,CD,8.092255
tcr_17_2,D,C,N,K,121,6,OD1,CE,7.0807757
tcr_17_2,D,C,N,K,121,6,OD1,NZ,6.2438245
tcr_17_2,D,C,N,K,121,6,OD1,CG,9.204279
tcr_17_2,D,C,N,K,121,6,ND2,CD,7.764833
tcr_17_2,D,C,N,K,121,6,ND2,CE,6.8099732
tcr_17_2,D,C,N,K,121,6,ND2,NZ,5.627999
tcr_17_2,D,C,N,K,121,6,ND2,CG,9.075549
tcr_17_2,E,C,M,V,46,4,C,CG1,9.059301
tcr_17_2,E,C,M,V,46,4,O,CG1,8.471302
tcr_17_2,E,C,M,V,46,4,O,CB,9.954171
tcr_17_2,E,C,N,V,47,4,N,CG1,8.567603
tcr_17_2,E,C,N,V,47,4,N,CB,9.946524
tcr_17_2,E,C,N,V,47,4,CA,CG2,8.911449
tcr_17_2,E,C,N,V,47,4,CA,CA,9.679518
tcr_17_2,E,C,N,V,47,4,CA,CG1,7.185499
tcr_17_2,E,C,N,V,47,4,CA,C,9.786041
tcr_17_2,E,C,N,V,47,4,CA,O,9.459676
tcr_17_2,E,C,N,V,47,4,CA,CB,8.542472
tcr_17_2,E,C,N,V,47,4,C,CG2,8.768036
tcr_17_2,E,C,N,V,47,4,C,CA,9.1268635
tcr_17_2,E,C,N,V,47,4,C,CG1,6.7323775
tcr_17_2,E,C,N,V,47,4,C,C,9.034242
tcr_17_2,E,C,N,V,47,4,C,O,8.697389
tcr_17_2,E,C,N,V,47,4,C,CB,8.159396
tcr_17_2,E,C,N,G,47,5,C,N,9.653326
tcr_17_2,E,C,N,G,47,5,C,O,9.902556
tcr_17_2,E,C,N,V,47,4,O,CG2,7.8321867
tcr_17_2,E,C,N,V,47,4,O,CA,8.031408
tcr_17_2,E,C,N,V,47,4,O,CG1,5.6850567
tcr_17_2,E,C,N,V,47,4,O,C,7.9315395
tcr_17_2,E,C,N,V,47,4,O,O,7.67609
tcr_17_2,E,C,N,V,47,4,O,N,9.442041
tcr_17_2,E,C,N,V,47,4,O,CB,7.154566
tcr_17_2,E,C,N,G,47,5,O,N,8.499375
tcr_17_2,E,C,N,G,47,5,O,CA,8.927734
tcr_17_2,E,C,N,K,47,6,O,CE,9.395398
tcr_17_2,E,C,N,K,47,6,O,N,9.767151
tcr_17_2,E,C,N,K,47,6,O,CG,9.653569
tcr_17_2,E,C,N,G,47,5,O,C,9.039429
tcr_17_2,E,C,N,G,47,5,O,O,8.713128
tcr_17_2,E,C,N,V,47,4,CB,CG2,7.9497523
tcr_17_2,E,C,N,V,47,4,CB,CA,8.99906
tcr_17_2,E,C,N,V,47,4,CB,CG1,6.484201
tcr_17_2,E,C,N,V,47,4,CB,C,9.331185
tcr_17_2,E,C,N,V,47,4,CB,O,9.136286
tcr_17_2,E,C,N,V,47,4,CB,CB,7.8002567
tcr_17_2,E,C,N,V,47,4,CG,CG2,6.911433
tcr_17_2,E,C,N,L,47,1,CG,CD2,9.902291
tcr_17_2,E,C,N,V,47,4,CG,CA,8.177987
tcr_17_2,E,C,N,V,47,4,CG,CG1,5.692393
tcr_17_2,E,C,N,V,47,4,CG,C,8.5852
tcr_17_2,E,C,N,V,47,4,CG,O,8.316426
tcr_17_2,E,C,N,V,47,4,CG,N,9.330888
tcr_17_2,E,C,N,V,47,4,CG,CB,6.846393
tcr_17_2,E,C,N,G,47,5,CG,N,9.527086
tcr_17_2,E,C,N,V,47,4,OD1,CG2,6.35406
tcr_17_2,E,C,N,L,47,1,OD1,CD2,9.628077
tcr_17_2,E,C,N,F,47,3,OD1,C,9.721229
tcr_17_2,E,C,N,F,47,3,OD1,O,9.946842
tcr_17_2,E,C,N,V,47,4,OD1,CA,7.4492006
tcr_17_2,E,C,N,V,47,4,OD1,CG1,5.0009933
tcr_17_2,E,C,N,V,47,4,OD1,C,7.7313647
tcr_17_2,E,C,N,V,47,4,OD1,O,7.345284
tcr_17_2,E,C,N,V,47,4,OD1,N,8.60371
tcr_17_2,E,C,N,V,47,4,OD1,CB,6.1106143
tcr_17_2,E,C,N,G,47,5,OD1,N,8.717714
tcr_17_2,E,C,N,G,47,5,OD1,CA,9.43999
tcr_17_2,E,C,N,G,47,5,OD1,O,9.883814
tcr_17_2,E,C,N,V,47,4,ND2,CG2,6.9207773
tcr_17_2,E,C,N,L,47,1,ND2,CD2,9.236469
tcr_17_2,E,C,N,V,47,4,ND2,CA,8.542439
tcr_17_2,E,C,N,V,47,4,ND2,CG1,6.153581
tcr_17_2,E,C,N,V,47,4,ND2,C,9.137135
tcr_17_2,E,C,N,V,47,4,ND2,O,8.92048
tcr_17_2,E,C,N,V,47,4,ND2,N,9.566087
tcr_17_2,E,C,N,V,47,4,ND2,CB,7.132992
tcr_17_2,E,C,H,V,48,4,N,CG2,9.927989
tcr_17_2,E,C,H,V,48,4,N,CG1,7.7943783
tcr_17_2,E,C,H,V,48,4,N,C,9.8503475
tcr_17_2,E,C,H,V,48,4,N,O,9.441111
tcr_17_2,E,C,H,V,48,4,N,CB,9.208329
tcr_17_2,E,C,H,K,48,6,N,CE,9.844762
tcr_17_2,E,C,H,V,48,4,CA,CG1,7.9897566
tcr_17_2,E,C,H,V,48,4,CA,C,9.655766
tcr_17_2,E,C,H,V,48,4,CA,O,9.230528
tcr_17_2,E,C,H,V,48,4,CA,CB,9.3917265
tcr_17_2,E,C,H,K,48,6,CA,CD,9.837785
tcr_17_2,E,C,H,K,48,6,CA,CE,8.623772
tcr_17_2,E,C,H,K,48,6,CA,NZ,9.200437
tcr_17_2,E,C,H,K,48,6,CA,CG,9.488822
tcr_17_2,E,C,H,G,48,5,CA,O,9.820772
tcr_17_2,E,C,H,V,48,4,C,CA,9.683131
tcr_17_2,E,C,H,V,48,4,C,CG1,7.721962
tcr_17_2,E,C,H,V,48,4,C,C,9.082655
tcr_17_2,E,C,H,V,48,4,C,O,8.49604
tcr_17_2,E,C,H,V,48,4,C,CB,8.995145
tcr_17_2,E,C,H,G,48,5,C,N,9.521934
tcr_17_2,E,C,H,G,48,5,C,CA,9.4499
tcr_17_2,E,C,H,K,48,6,C,CD,8.997704
tcr_17_2,E,C,H,K,48,6,C,CE,7.7089167
tcr_17_2,E,C,H,K,48,6,C,NZ,8.153057
tcr_17_2,E,C,H,K,48,6,C,N,9.786204
tcr_17_2,E,C,H,K,48,6,C,CG,8.784302
tcr_17_2,E,C,H,G,48,5,C,C,9.477489
tcr_17_2,E,C,H,G,48,5,C,O,9.464727
tcr_17_2,E,C,H,V,48,4,O,CG1,8.34453
tcr_17_2,E,C,H,V,48,4,O,C,9.703522
tcr_17_2,E,C,H,V,48,4,O,O,8.997812
tcr_17_2,E,C,H,V,48,4,O,CB,9.529802
tcr_17_2,E,C,H,K,48,6,O,CD,9.615902
tcr_17_2,E,C,H,K,48,6,O,CE,8.260565
tcr_17_2,E,C,H,K,48,6,O,NZ,8.521261
tcr_17_2,E,C,H,K,48,6,O,CG,9.534356
tcr_17_2,E,C,H,V,48,4,CB,CG1,9.489788
tcr_17_2,E,C,H,K,48,6,CB,CE,9.1376
tcr_17_2,E,C,H,K,48,6,CB,NZ,9.60057
tcr_17_2,E,C,H,K,48,6,CG,CE,9.961483
tcr_17_2,E,C,H,V,48,4,CD2,CG1,9.571822
tcr_17_2,E,C,E,V,49,4,N,CG2,9.511102
tcr_17_2,E,C,E,V,49,4,N,CA,8.874047
tcr_17_2,E,C,E,V,49,4,N,CG1,7.135071
tcr_17_2,E,C,E,V,49,4,N,C,8.135789
tcr_17_2,E,C,E,V,49,4,N,O,7.560367
tcr_17_2,E,C,E,V,49,4,N,CB,8.353403
tcr_17_2,E,C,E,G,49,5,N,N,8.469236
tcr_17_2,E,C,E,G,49,5,N,CA,8.287122
tcr_17_2,E,C,E,K,49,6,N,CD,7.7122397
tcr_17_2,E,C,E,K,49,6,N,CE,6.461232
tcr_17_2,E,C,E,K,49,6,N,NZ,6.9965363
tcr_17_2,E,C,E,K,49,6,N,N,8.506633
tcr_17_2,E,C,E,K,49,6,N,CB,8.865724
tcr_17_2,E,C,E,K,49,6,N,CA,8.962426
tcr_17_2,E,C,E,K,49,6,N,CG,7.470785
tcr_17_2,E,C,E,G,49,5,N,C,8.258006
tcr_17_2,E,C,E,G,49,5,N,O,8.2930355
tcr_17_2,E,C,E,V,49,4,CA,CG2,9.501199
tcr_17_2,E,C,E,V,49,4,CA,CA,8.680852
tcr_17_2,E,C,E,V,49,4,CA,CG1,7.213415
tcr_17_2,E,C,E,V,49,4,CA,C,7.7727494
tcr_17_2,E,C,E,V,49,4,CA,O,7.0371943
tcr_17_2,E,C,E,V,49,4,CA,N,9.945649
tcr_17_2,E,C,E,V,49,4,CA,CB,8.23515
tcr_17_2,E,C,E,G,49,5,CA,N,8.11638
tcr_17_2,E,C,E,G,49,5,CA,CA,7.769631
tcr_17_2,E,C,E,K,49,6,CA,CD,6.9556847
tcr_17_2,E,C,E,K,49,6,CA,CE,5.6539326
tcr_17_2,E,C,E,K,49,6,CA,NZ,6.0247974
tcr_17_2,E,C,E,K,49,6,CA,N,7.980455
tcr_17_2,E,C,E,K,49,6,CA,CB,8.294837
tcr_17_2,E,C,E,K,49,6,CA,CA,8.528094
tcr_17_2,E,C,E,K,49,6,CA,CG,6.8830667
tcr_17_2,E,C,E,G,49,5,CA,C,7.8618174
tcr_17_2,E,C,E,G,49,5,CA,O,8.112334
tcr_17_2,E,C,E,V,49,4,C,CG1,8.706385
tcr_17_2,E,C,E,V,49,4,C,C,9.030643
tcr_17_2,E,C,E,V,49,4,C,O,8.254322
tcr_17_2,E,C,E,V,49,4,C,CB,9.672468
tcr_17_2,E,C,E,G,49,5,C,N,9.281095
tcr_17_2,E,C,E,G,49,5,C,CA,8.755755
tcr_17_2,E,C,E,K,49,6,C,CD,6.853214
tcr_17_2,E,C,E,K,49,6,C,CE,5.402578
tcr_17_2,E,C,E,K,49,6,C,NZ,5.443439
tcr_17_2,E,C,E,K,49,6,C,N,8.661069
tcr_17_2,E,C,E,K,49,6,C,CB,8.580811
tcr_17_2,E,C,E,K,49,6,C,CA,9.064729
tcr_17_2,E,C,E,K,49,6,C,CG,7.09764
tcr_17_2,E,C,E,G,49,5,C,C,8.752223
tcr_17_2,E,C,E,G,49,5,C,O,9.080935
tcr_17_2,E,C,E,V,49,4,O,CG1,9.304918
tcr_17_2,E,C,E,V,49,4,O,C,9.48812
tcr_17_2,E,C,E,V,49,4,O,O,8.596674
tcr_17_2,E,C,E,G,49,5,O,N,9.800058
tcr_17_2,E,C,E,G,49,5,O,CA,9.217083
tcr_17_2,E,C,E,K,49,6,O,CD,7.2100143
tcr_17_2,E,C,E,K,49,6,O,CE,5.7566094
tcr_17_2,E,C,E,K,49,6,O,NZ,5.5213566
tcr_17_2,E,C,E,K,49,6,O,N,9.181
tcr_17_2,E,C,E,K,49,6,O,CB,9.077647
tcr_17_2,E,C,E,K,49,6,O,CA,9.655677
tcr_17_2,E,C,E,K,49,6,O,CG,7.6255984
tcr_17_2,E,C,E,G,49,5,O,C,9.340279
tcr_17_2,E,C,E,G,49,5,O,O,9.799032
tcr_17_2,E,C,E,V,49,4,CB,CG2,8.761894
tcr_17_2,E,C,E,F,49,3,CB,CD1,9.905361
tcr_17_2,E,C,E,F,49,3,CB,CD2,9.773724
tcr_17_2,E,C,E,F,49,3,CB,CE1,9.144814
tcr_17_2,E,C,E,F,49,3,CB,CZ,8.658336
tcr_17_2,E,C,E,F,49,3,CB,CE2,8.990538
tcr_17_2,E,C,E,F,49,3,CB,C,9.876384
tcr_17_2,E,C,E,V,49,4,CB,CA,7.6069217
tcr_17_2,E,C,E,V,49,4,CB,CG1,6.4722857
tcr_17_2,E,C,E,V,49,4,CB,C,6.5582356
tcr_17_2,E,C,E,V,49,4,CB,O,5.8701406
tcr_17_2,E,C,E,V,49,4,CB,N,8.839939
tcr_17_2,E,C,E,V,49,4,CB,CB,7.38368
tcr_17_2,E,C,E,G,49,5,CB,N,6.7678146
tcr_17_2,E,C,E,G,49,5,CB,CA,6.3095846
tcr_17_2,E,C,E,K,49,6,CB,CD,5.715436
tcr_17_2,E,C,E,K,49,6,CB,CE,4.5678535
tcr_17_2,E,C,E,K,49,6,CB,NZ,5.1744113
tcr_17_2,E,C,E,K,49,6,CB,O,9.161613
tcr_17_2,E,C,E,K,49,6,CB,N,6.451405
tcr_17_2,E,C,E,K,49,6,CB,CB,6.8570657
tcr_17_2,E,C,E,K,49,6,CB,CA,7.039944
tcr_17_2,E,C,E,K,49,6,CB,CG,5.4999413
tcr_17_2,E,C,E,K,49,6,CB,C,8.524007
tcr_17_2,E,C,E,G,49,5,CB,C,6.3638844
tcr_17_2,E,C,E,G,49,5,CB,O,6.6809716
tcr_17_2,E,C,E,E,49,7,CB,N,9.216444
tcr_17_2,E,C,E,V,49,4,CG,CG2,7.245888
tcr_17_2,E,C,E,F,49,3,CG,CA,9.731296
tcr_17_2,E,C,E,F,49,3,CG,CD1,8.914387
tcr_17_2,E,C,E,F,49,3,CG,CD2,8.72537
tcr_17_2,E,C,E,F,49,3,CG,CE1,8.321814
tcr_17_2,E,C,E,F,49,3,CG,CZ,7.8973885
tcr_17_2,E,C,E,F,49,3,CG,CG,9.112776
tcr_17_2,E,C,E,F,49,3,CG,CE2,8.107603
tcr_17_2,E,C,E,F,49,3,CG,C,8.492598
tcr_17_2,E,C,E,F,49,3,CG,O,8.64012
tcr_17_2,E,C,E,V,49,4,CG,CA,6.1556206
tcr_17_2,E,C,E,V,49,4,CG,CG1,4.92793
tcr_17_2,E,C,E,V,49,4,CG,C,5.2275143
tcr_17_2,E,C,E,V,49,4,CG,O,4.618513
tcr_17_2,E,C,E,V,49,4,CG,N,7.443854
tcr_17_2,E,C,E,V,49,4,CG,CB,5.8824377
tcr_17_2,E,C,E,G,49,5,CG,N,5.555935
tcr_17_2,E,C,E,G,49,5,CG,CA,5.358802
tcr_17_2,E,C,E,K,49,6,CG,CD,6.2855606
tcr_17_2,E,C,E,K,49,6,CG,CE,5.4200697
tcr_17_2,E,C,E,K,49,6,CG,NZ,6.254892
tcr_17_2,E,C,E,K,49,6,CG,O,8.815844
tcr_17_2,E,C,E,K,49,6,CG,N,5.953528
tcr_17_2,E,C,E,K,49,6,CG,CB,6.8810625
tcr_17_2,E,C,E,K,49,6,CG,CA,6.729974
tcr_17_2,E,C,E,K,49,6,CG,CG,5.7200727
tcr_17_2,E,C,E,K,49,6,CG,C,8.140096
tcr_17_2,E,C,E,G,49,5,CG,C,5.566895
tcr_17_2,E,C,E,E,49,7,CG,CG,9.90567
tcr_17_2,E,C,E,G,49,5,CG,O,5.783312
tcr_17_2,E,C,E,E,49,7,CG,N,8.752934
tcr_17_2,E,C,E,V,49,4,CD,CG2,7.100859
tcr_17_2,E,C,E,F,49,3,CD,CA,9.799261
tcr_17_2,E,C,E,F,49,3,CD,CD1,9.17206
tcr_17_2,E,C,E,F,49,3,CD,CD2,9.229918
tcr_17_2,E,C,E,F,49,3,CD,CE1,8.741274
tcr_17_2,E,C,E,F,49,3,CD,CZ,8.541844
tcr_17_2,E,C,E,F,49,3,CD,CG,9.415198
tcr_17_2,E,C,E,F,49,3,CD,CE2,8.7907505
tcr_17_2,E,C,E,F,49,3,CD,C,8.425471
tcr_17_2,E,C,E,F,49,3,CD,O,8.367323
tcr_17_2,E,C,E,V,49,4,CD,CA,6.0874033
tcr_17_2,E,C,E,V,49,4,CD,CG1,4.63837
tcr_17_2,E,C,E,V,49,4,CD,C,5.36979
tcr_17_2,E,C,E,V,49,4,CD,O,5.0914807
tcr_17_2,E,C,E,V,49,4,CD,N,7.4947944
tcr_17_2,E,C,E,V,49,4,CD,CB,5.847234
tcr_17_2,E,C,E,G,49,5,CD,N,5.5694194
tcr_17_2,E,C,E,G,49,5,CD,CA,5.5734015
tcr_17_2,E,C,E,K,49,6,CD,CD,6.7367578
tcr_17_2,E,C,E,K,49,6,CD,CE,5.9851246
tcr_17_2,E,C,E,K,49,6,CD,NZ,7.0219254
tcr_17_2,E,C,E,K,49,6,CD,O,8.886991
tcr_17_2,E,C,E,K,49,6,CD,N,6.069751
tcr_17_2,E,C,E,K,49,6,CD,CB,7.029152
tcr_17_2,E,C,E,K,49,6,CD,CA,6.67895
tcr_17_2,E,C,E,K,49,6,CD,CG,5.937927
tcr_17_2,E,C,E,K,49,6,CD,C,8.043912
tcr_17_2,E,C,E,G,49,5,CD,C,5.5197253
tcr_17_2,E,C,E,E,49,7,CD,CG,9.50651
tcr_17_2,E,C,E,G,49,5,CD,O,5.397313
tcr_17_2,E,C,E,E,49,7,CD,CB,9.986181
tcr_17_2,E,C,E,E,49,7,CD,N,8.435003
tcr_17_2,E,C,E,E,49,7,CD,CA,9.814017
tcr_17_2,E,C,E,V,49,4,OE1,CG2,6.061794
tcr_17_2,E,C,E,F,49,3,OE1,N,9.932781
tcr_17_2,E,C,E,P,49,2,OE1,O,9.583589
tcr_17_2,E,C,E,F,49,3,OE1,CA,8.942884
tcr_17_2,E,C,E,F,49,3,OE1,CD1,8.6718855
tcr_17_2,E,C,E,F,49,3,OE1,CD2,8.721576
tcr_17_2,E,C,E,F,49,3,OE1,CE1,8.424073
tcr_17_2,E,C,E,F,49,3,OE1,CZ,8.316618
tcr_17_2,E,C,E,F,49,3,OE1,CG,8.823316
tcr_17_2,E,C,E,F,49,3,OE1,CB,9.469706
tcr_17_2,E,C,E,F,49,3,OE1,CE2,8.464525
tcr_17_2,E,C,E,F,49,3,OE1,C,7.5132346
tcr_17_2,E,C,E,F,49,3,OE1,O,7.3947496
tcr_17_2,E,C,E,V,49,4,OE1,CA,5.1717277
tcr_17_2,E,C,E,V,49,4,OE1,CG1,3.591998
tcr_17_2,E,C,E,V,49,4,OE1,C,4.6900992
tcr_17_2,E,C,E,V,49,4,OE1,O,4.6151805
tcr_17_2,E,C,E,V,49,4,OE1,N,6.6225524
tcr_17_2,E,C,E,V,49,4,OE1,CB,4.8969393
tcr_17_2,E,C,E,G,49,5,OE1,N,4.9631243
tcr_17_2,E,C,E,G,49,5,OE1,CA,5.27166
tcr_17_2,E,C,E,K,49,6,OE1,CD,7.493573
tcr_17_2,E,C,E,K,49,6,OE1,CE,6.9238243
tcr_17_2,E,C,E,K,49,6,OE1,NZ,8.041701
tcr_17_2,E,C,E,K,49,6,OE1,O,8.905429
tcr_17_2,E,C,E,K,49,6,OE1,N,6.103515
tcr_17_2,E,C,E,K,49,6,OE1,CB,7.4065313
tcr_17_2,E,C,E,K,49,6,OE1,CA,6.805119
tcr_17_2,E,C,E,K,49,6,OE1,CG,6.512144
tcr_17_2,E,C,E,K,49,6,OE1,C,8.042513
tcr_17_2,E,C,E,G,49,5,OE1,C,5.3082495
tcr_17_2,E,C,E,E,49,7,OE1,OE1,9.30528
tcr_17_2,E,C,E,E,49,7,OE1,CG,9.020272
tcr_17_2,E,C,E,G,49,5,OE1,O,5.0253425
tcr_17_2,E,C,E,E,49,7,OE1,CB,9.611709
tcr_17_2,E,C,E,E,49,7,OE1,N,8.326501
tcr_17_2,E,C,E,E,49,7,OE1,CD,9.415882
tcr_17_2,E,C,E,E,49,7,OE1,CA,9.627543
tcr_17_2,E,C,E,V,49,4,OE2,CG2,8.215217
tcr_17_2,E,C,E,F,49,3,OE2,CE1,9.614695
tcr_17_2,E,C,E,F,49,3,OE2,CZ,9.494673
tcr_17_2,E,C,E,F,49,3,OE2,CE2,9.85364
tcr_17_2,E,C,E,F,49,3,OE2,C,9.4627905
tcr_17_2,E,C,E,F,49,3,OE2,O,9.301571
tcr_17_2,E,C,E,V,49,4,OE2,CA,7.189008
tcr_17_2,E,C,E,V,49,4,OE2,CG1,5.7412047
tcr_17_2,E,C,E,V,49,4,OE2,C,6.46944
tcr_17_2,E,C,E,V,49,4,OE2,O,6.2637253
tcr_17_2,E,C,E,V,49,4,OE2,N,8.606115
tcr_17_2,E,C,E,V,49,4,OE2,CB,7.0080285
tcr_17_2,E,C,E,G,49,5,OE2,N,6.5152483
tcr_17_2,E,C,E,G,49,5,OE2,CA,6.4126306
tcr_17_2,E,C,E,K,49,6,OE2,CD,6.6482353
tcr_17_2,E,C,E,K,49,6,OE2,CE,5.813692
tcr_17_2,E,C,E,K,49,6,OE2,NZ,6.859836
tcr_17_2,E,C,E,K,49,6,OE2,O,9.186989
tcr_17_2,E,C,E,K,49,6,OE2,N,6.511436
tcr_17_2,E,C,E,K,49,6,OE2,CB,7.1010966
tcr_17_2,E,C,E,K,49,6,OE2,CA,6.8677764
tcr_17_2,E,C,E,K,49,6,OE2,CG,5.9169097
tcr_17_2,E,C,E,K,49,6,OE2,C,8.260405
tcr_17_2,E,C,E,G,49,5,OE2,C,6.0996537
tcr_17_2,E,C,E,E,49,7,OE2,CG,9.893537
tcr_17_2,E,C,E,G,49,5,OE2,O,5.8656077
tcr_17_2,E,C,E,E,49,7,OE2,N,8.562346
tcr_17_2,E,C,E,E,49,7,OE2,CA,9.957666
tcr_17_2,E,C,Y,V,50,4,N,CG1,9.491388
tcr_17_2,E,C,Y,V,50,4,N,C,9.82068
tcr_17_2,E,C,Y,V,50,4,N,O,9.154278
tcr_17_2,E,C,Y,G,50,5,N,N,9.939395
tcr_17_2,E,C,Y,G,50,5,N,CA,9.367439
tcr_17_2,E,C,Y,K,50,6,N,CD,6.812946
tcr_17_2,E,C,Y,K,50,6,N,CE,5.3375807
tcr_17_2,E,C,Y,K,50,6,N,NZ,5.3863096
tcr_17_2,E,C,Y,K,50,6,N,N,8.989947
tcr_17_2,E,C,Y,K,50,6,N,CB,8.62799
tcr_17_2,E,C,Y,K,50,6,N,CA,9.187754
tcr_17_2,E,C,Y,K,50,6,N,CG,7.111273
tcr_17_2,E,C,Y,G,50,5,N,C,9.154983
tcr_17_2,E,C,Y,G,50,5,N,O,9.380858
tcr_17_2,E,C,Y,K,50,6,CA,CD,7.230635
tcr_17_2,E,C,Y,K,50,6,CA,CE,5.7354436
tcr_17_2,E,C,Y,K,50,6,CA,NZ,5.4686117
tcr_17_2,E,C,Y,K,50,6,CA,N,9.94516
tcr_17_2,E,C,Y,K,50,6,CA,CB,9.288475
tcr_17_2,E,C,Y,K,50,6,CA,CG,7.777299
tcr_17_2,E,C,Y,K,50,6,C,CD,8.748839
tcr_17_2,E,C,Y,K,50,6,C,CE,7.2531896
tcr_17_2,E,C,Y,K,50,6,C,NZ,6.949061
tcr_17_2,E,C,Y,K,50,6,C,CG,9.269546
tcr_17_2,E,C,Y,K,50,6,O,CD,9.423457
tcr_17_2,E,C,Y,K,50,6,O,CE,7.9559503
tcr_17_2,E,C,Y,K,50,6,O,NZ,7.8220778
tcr_17_2,E,C,Y,K,50,6,O,CG,9.801447
tcr_17_2,E,C,Y,K,50,6,CB,CD,6.8824987
tcr_17_2,E,C,Y,K,50,6,CB,CE,5.4846134
tcr_17_2,E,C,Y,K,50,6,CB,NZ,5.2715945
tcr_17_2,E,C,Y,K,50,6,CB,N,9.903812
tcr_17_2,E,C,Y,K,50,6,CB,CB,8.946264
tcr_17_2,E,C,Y,K,50,6,CB,CA,9.763695
tcr_17_2,E,C,Y,K,50,6,CB,CG,7.473305
tcr_17_2,E,C,Y,K,50,6,CG,CD,5.5482235
tcr_17_2,E,C,Y,K,50,6,CG,CE,4.2195926
tcr_17_2,E,C,Y,K,50,6,CG,NZ,3.9631393
tcr_17_2,E,C,Y,K,50,6,CG,N,8.88706
tcr_17_2,E,C,Y,K,50,6,CG,CB,7.701394
tcr_17_2,E,C,Y,K,50,6,CG,CA,8.644926
tcr_17_2,E,C,Y,K,50,6,CG,CG,6.2735605
tcr_17_2,E,C,Y,G,50,5,CG,C,9.439023
tcr_17_2,E,C,Y,G,50,5,CG,O,9.702506
tcr_17_2,E,C,Y,S,50,8,CG,OG,9.732312
tcr_17_2,E,C,Y,K,50,6,CD1,CD,5.450163
tcr_17_2,E,C,Y,K,50,6,CD1,CE,4.188876
tcr_17_2,E,C,Y,K,50,6,CD1,NZ,3.4656608
tcr_17_2,E,C,Y,K,50,6,CD1,N,9.169373
tcr_17_2,E,C,Y,K,50,6,CD1,CB,7.814691
tcr_17_2,E,C,Y,K,50,6,CD1,CA,8.930602
tcr_17_2,E,C,Y,K,50,6,CD1,CG,6.464426
tcr_17_2,E,C,Y,G,50,5,CD1,C,9.862091
tcr_17_2,E,C,Y,S,50,8,CD1,OG,9.943154
tcr_17_2,E,C,Y,G,50,5,CD2,CA,9.2337265
tcr_17_2,E,C,Y,K,50,6,CD2,CD,4.7940826
tcr_17_2,E,C,Y,K,50,6,CD2,CE,3.6291919
tcr_17_2,E,C,Y,K,50,6,CD2,NZ,3.821678
tcr_17_2,E,C,Y,K,50,6,CD2,O,9.632017
tcr_17_2,E,C,Y,K,50,6,CD2,N,7.9564385
tcr_17_2,E,C,Y,K,50,6,CD2,CB,6.7105284
tcr_17_2,E,C,Y,K,50,6,CD2,CA,7.582852
tcr_17_2,E,C,Y,K,50,6,CD2,CG,5.3178077
tcr_17_2,E,C,Y,K,50,6,CD2,C,8.932437
tcr_17_2,E,C,Y,G,50,5,CD2,C,8.503983
tcr_17_2,E,C,Y,G,50,5,CD2,O,8.663441
tcr_17_2,E,C,Y,E,50,7,CD2,N,9.442462
tcr_17_2,E,C,Y,S,50,8,CD2,N,9.997871
tcr_17_2,E,C,Y,S,50,8,CD2,CB,9.494801
tcr_17_2,E,C,Y,S,50,8,CD2,OG,8.492835
tcr_17_2,E,C,Y,K,50,6,CE1,CD,4.593097
tcr_17_2,E,C,Y,K,50,6,CE1,CE,3.5947092
tcr_17_2,E,C,Y,K,50,6,CE1,NZ,2.729986
tcr_17_2,E,C,Y,K,50,6,CE1,O,9.845912
tcr_17_2,E,C,Y,K,50,6,CE1,N,8.610982
tcr_17_2,E,C,Y,K,50,6,CE1,CB,6.993957
tcr_17_2,E,C,Y,K,50,6,CE1,CA,8.246961
tcr_17_2,E,C,Y,K,50,6,CE1,CG,5.7863784
tcr_17_2,E,C,Y,K,50,6,CE1,C,9.460291
tcr_17_2,E,C,Y,G,50,5,CE1,C,9.454951
tcr_17_2,E,C,Y,G,50,5,CE1,O,9.922067
tcr_17_2,E,C,Y,S,50,8,CE1,OG,8.9549675
tcr_17_2,E,C,Y,G,50,5,CE2,N,9.8836975
tcr_17_2,E,C,Y,G,50,5,CE2,CA,8.867278
tcr_17_2,E,C,Y,K,50,6,CE2,CD,3.7909527
tcr_17_2,E,C,Y,K,50,6,CE2,CE,2.9210095
tcr_17_2,E,C,Y,K,50,6,CE2,NZ,3.1681616
tcr_17_2,E,C,Y,K,50,6,CE2,O,8.64894
tcr_17_2,E,C,Y,K,50,6,CE2,N,7.302272
tcr_17_2,E,C,Y,K,50,6,CE2,CB,5.733095
tcr_17_2,E,C,Y,K,50,6,CE2,CA,6.762553
tcr_17_2,E,C,Y,K,50,6,CE2,CG,4.4673915
tcr_17_2,E,C,Y,K,50,6,CE2,C,8.01536
tcr_17_2,E,C,Y,G,50,5,CE2,C,8.023756
tcr_17_2,E,C,Y,G,50,5,CE2,O,8.242991
tcr_17_2,E,C,Y,E,50,7,CE2,N,8.551228
tcr_17_2,E,C,Y,E,50,7,CE2,C,9.957508
tcr_17_2,E,C,Y,E,50,7,CE2,CA,9.855054
tcr_17_2,E,C,Y,S,50,8,CE2,O,9.133988
tcr_17_2,E,C,Y,S,50,8,CE2,N,8.941008
tcr_17_2,E,C,Y,S,50,8,CE2,CB,8.408929
tcr_17_2,E,C,Y,S,50,8,CE2,CA,9.312949
tcr_17_2,E,C,Y,S,50,8,CE2,C,9.752402
tcr_17_2,E,C,Y,S,50,8,CE2,OG,7.3173647
tcr_17_2,E,C,Y,G,50,5,CZ,CA,9.334101
tcr_17_2,E,C,Y,K,50,6,CZ,CD,3.690866
tcr_17_2,E,C,Y,K,50,6,CZ,CE,2.9297585
tcr_17_2,E,C,Y,K,50,6,CZ,NZ,2.5714777
tcr_17_2,E,C,Y,K,50,6,CZ,O,8.791346
tcr_17_2,E,C,Y,K,50,6,CZ,N,7.692216
tcr_17_2,E,C,Y,K,50,6,CZ,CB,5.9230947
tcr_17_2,E,C,Y,K,50,6,CZ,CA,7.1640434
tcr_17_2,E,C,Y,K,50,6,CZ,CG,4.774875
tcr_17_2,E,C,Y,K,50,6,CZ,C,8.334284
tcr_17_2,E,C,Y,G,50,5,CZ,C,8.56717
tcr_17_2,E,C,Y,G,50,5,CZ,O,8.949466
tcr_17_2,E,C,Y,E,50,7,CZ,N,9.002835
tcr_17_2,E,C,Y,S,50,8,CZ,O,9.116706
tcr_17_2,E,C,Y,S,50,8,CZ,N,9.331306
tcr_17_2,E,C,Y,S,50,8,CZ,CB,8.811894
tcr_17_2,E,C,Y,S,50,8,CZ,CA,9.648867
tcr_17_2,E,C,Y,S,50,8,CZ,C,9.874857
tcr_17_2,E,C,Y,S,50,8,CZ,OG,7.58631
tcr_17_2,E,C,Y,G,50,5,OH,CA,9.390806
tcr_17_2,E,C,Y,K,50,6,OH,CD,3.4042625
tcr_17_2,E,C,Y,K,50,6,OH,CE,3.2178762
tcr_17_2,E,C,Y,K,50,6,OH,NZ,2.8991513
tcr_17_2,E,C,Y,K,50,6,OH,O,8.171912
tcr_17_2,E,C,Y,K,50,6,OH,N,7.5168977
tcr_17_2,E,C,Y,K,50,6,OH,CB,5.4605627
tcr_17_2,E,C,Y,K,50,6,OH,CA,6.827826
tcr_17_2,E,C,Y,K,50,6,OH,CG,4.600776
tcr_17_2,E,C,Y,K,50,6,OH,C,7.820552
tcr_17_2,E,C,Y,G,50,5,OH,C,8.536115
tcr_17_2,E,C,Y,G,50,5,OH,O,8.958337
tcr_17_2,E,C,Y,E,50,7,OH,N,8.494486
tcr_17_2,E,C,Y,E,50,7,OH,C,9.595258
tcr_17_2,E,C,Y,E,50,7,OH,CA,9.635375
tcr_17_2,E,C,Y,S,50,8,OH,O,8.048451
tcr_17_2,E,C,Y,S,50,8,OH,N,8.589062
tcr_17_2,E,C,Y,S,50,8,OH,CB,8.019339
tcr_17_2,E,C,Y,S,50,8,OH,CA,8.808695
tcr_17_2,E,C,Y,S,50,8,OH,C,8.874976
tcr_17_2,E,C,Y,S,50,8,OH,OG,6.710018
tcr_17_2,E,C,Y,I,50,9,OH,C,9.962738
tcr_17_2,E,C,Y,I,50,9,OH,O,9.519932
tcr_17_2,E,C,M,K,51,6,N,CD,9.427213
tcr_17_2,E,C,M,K,51,6,N,CE,7.9288826
tcr_17_2,E,C,M,K,51,6,N,NZ,7.4035006
tcr_17_2,E,C,M,K,51,6,CA,CE,9.364856
tcr_17_2,E,C,M,K,51,6,CA,NZ,8.813827
tcr_17_2,E,C,M,K,51,6,C,CE,9.869811
tcr_17_2,E,C,M,K,51,6,C,NZ,9.134316
tcr_17_2,E,C,M,K,51,6,O,CE,9.468235
tcr_17_2,E,C,M,K,51,6,O,NZ,8.587076
tcr_17_2,E,C,M,K,51,6,CB,NZ,9.70351
tcr_17_2,E,C,M,K,51,6,CG,NZ,9.850565
tcr_17_2,E,C,S,K,52,6,OG,NZ,9.335712
tcr_17_2,E,C,Y,K,67,6,CA,NZ,9.614155
tcr_17_2,E,C,Y,K,67,6,C,NZ,8.856189
tcr_17_2,E,C,Y,K,67,6,O,NZ,9.275451
tcr_17_2,E,C,Y,K,67,6,CB,NZ,8.953932
tcr_17_2,E,C,Y,K,67,6,CG,CE,9.913654
tcr_17_2,E,C,Y,K,67,6,CG,NZ,8.621456
tcr_17_2,E,C,Y,K,67,6,CD1,NZ,9.733069
tcr_17_2,E,C,Y,K,67,6,CD2,CD,9.657902
tcr_17_2,E,C,Y,K,67,6,CD2,CE,8.721859
tcr_17_2,E,C,Y,K,67,6,CD2,NZ,7.380624
tcr_17_2,E,C,Y,K,67,6,CE1,NZ,9.752602
tcr_17_2,E,C,Y,K,67,6,CE2,CD,9.536095
tcr_17_2,E,C,Y,K,67,6,CE2,CE,8.7898445
tcr_17_2,E,C,Y,K,67,6,CE2,NZ,7.3964844
tcr_17_2,E,C,Y,K,67,6,CZ,NZ,8.661145
tcr_17_2,E,C,Y,K,67,6,OH,NZ,8.99238
tcr_17_2,E,C,S,K,68,6,N,CE,9.130451
tcr_17_2,E,C,S,K,68,6,N,NZ,7.972874
tcr_17_2,E,C,S,K,68,6,CA,CD,9.695885
tcr_17_2,E,C,S,K,68,6,CA,CE,8.432979
tcr_17_2,E,C,S,K,68,6,CA,NZ,7.285493
tcr_17_2,E,C,S,K,68,6,C,CD,8.232822
tcr_17_2,E,C,S,K,68,6,C,CE,6.937582
tcr_17_2,E,C,S,K,68,6,C,NZ,5.8304057
tcr_17_2,E,C,S,K,68,6,C,CG,9.29592
tcr_17_2,E,C,S,K,68,6,O,CD,8.020834
tcr_17_2,E,C,S,K,68,6,O,CE,6.628824
tcr_17_2,E,C,S,K,68,6,O,NZ,5.6700835
tcr_17_2,E,C,S,K,68,6,O,CG,8.996571
tcr_17_2,E,C,S,K,68,6,CB,CE,9.170005
tcr_17_2,E,C,S,K,68,6,CB,NZ,8.157866
tcr_17_2,E,C,S,K,68,6,OG,CE,8.751224
tcr_17_2,E,C,S,K,68,6,OG,NZ,7.8133774
tcr_17_2,E,C,V,K,69,6,N,CD,7.4148464
tcr_17_2,E,C,V,K,69,6,N,CE,6.235849
tcr_17_2,E,C,V,K,69,6,N,NZ,5.042314
tcr_17_2,E,C,V,K,69,6,N,CB,9.7535515
tcr_17_2,E,C,V,K,69,6,N,CG,8.532916
tcr_17_2,E,C,V,V,69,4,CA,O,9.9107485
tcr_17_2,E,C,V,G,69,5,CA,CA,9.775854
tcr_17_2,E,C,V,K,69,6,CA,CD,5.968452
tcr_17_2,E,C,V,K,69,6,CA,CE,4.787356
tcr_17_2,E,C,V,K,69,6,CA,NZ,3.6287818
tcr_17_2,E,C,V,K,69,6,CA,N,9.113966
tcr_17_2,E,C,V,K,69,6,CA,CB,8.292893
tcr_17_2,E,C,V,K,69,6,CA,CA,9.367112
tcr_17_2,E,C,V,K,69,6,CA,CG,7.065939
tcr_17_2,E,C,V,G,69,5,CA,C,9.777617
tcr_17_2,E,C,V,F,69,3,C,CZ,9.660391
tcr_17_2,E,C,V,V,69,4,C,C,9.52384
tcr_17_2,E,C,V,V,69,4,C,O,8.5636015
tcr_17_2,E,C,V,G,69,5,C,N,9.642626
tcr_17_2,E,C,V,G,69,5,C,CA,8.7001095
tcr_17_2,E,C,V,K,69,6,C,CD,5.845321
tcr_17_2,E,C,V,K,69,6,C,CE,4.6553416
tcr_17_2,E,C,V,K,69,6,C,NZ,3.836604
tcr_17_2,E,C,V,K,69,6,C,N,8.35637
tcr_17_2,E,C,V,K,69,6,C,CB,7.932367
tcr_17_2,E,C,V,K,69,6,C,CA,8.820957
tcr_17_2,E,C,V,K,69,6,C,CG,6.697444
tcr_17_2,E,C,V,G,69,5,C,C,8.875804
tcr_17_2,E,C,V,G,69,5,C,O,9.664207
tcr_17_2,E,C,V,F,69,3,O,CE1,9.445205
tcr_17_2,E,C,V,F,69,3,O,CZ,8.697718
tcr_17_2,E,C,V,F,69,3,O,CE2,9.211259
tcr_17_2,E,C,V,V,69,4,O,CA,9.775706
tcr_17_2,E,C,V,V,69,4,O,CG1,9.330418
tcr_17_2,E,C,V,V,69,4,O,C,8.43266
tcr_17_2,E,C,V,V,69,4,O,O,7.529312
tcr_17_2,E,C,V,V,69,4,O,CB,9.796338
tcr_17_2,E,C,V,G,69,5,O,N,8.489741
tcr_17_2,E,C,V,G,69,5,O,CA,7.5323987
tcr_17_2,E,C,V,K,69,6,O,CD,4.886083
tcr_17_2,E,C,V,K,69,6,O,CE,3.7092752
tcr_17_2,E,C,V,K,69,6,O,NZ,3.1872945
tcr_17_2,E,C,V,K,69,6,O,O,9.242746
tcr_17_2,E,C,V,K,69,6,O,N,7.1698737
tcr_17_2,E,C,V,K,69,6,O,CB,6.844796
tcr_17_2,E,C,V,K,69,6,O,CA,7.659068
tcr_17_2,E,C,V,K,69,6,O,CG,5.5931425
tcr_17_2,E,C,V,K,69,6,O,C,9.011875
tcr_17_2,E,C,V,G,69,5,O,C,7.6667523
tcr_17_2,E,C,V,G,69,5,O,O,8.442404
tcr_17_2,E,C,V,G,69,5,CB,CA,9.673957
tcr_17_2,E,C,V,K,69,6,CB,CD,5.354882
tcr_17_2,E,C,V,K,69,6,CB,CE,4.475527
tcr_17_2,E,C,V,K,69,6,CB,NZ,3.106081
tcr_17_2,E,C,V,K,69,6,CB,N,8.759709
tcr_17_2,E,C,V,K,69,6,CB,CB,7.6854954
tcr_17_2,E,C,V,K,69,6,CB,CA,8.902529
tcr_17_2,E,C,V,K,69,6,CB,CG,6.6385746
tcr_17_2,E,C,V,G,69,5,CB,C,9.595087
tcr_17_2,E,C,V,K,69,6,CG1,CD,5.95802
tcr_17_2,E,C,V,K,69,6,CG1,CE,5.1674805
tcr_17_2,E,C,V,K,69,6,CG1,NZ,3.7176294
tcr_17_2,E,C,V,K,69,6,CG1,N,9.750538
tcr_17_2,E,C,V,K,69,6,CG1,CB,8.365996
tcr_17_2,E,C,V,K,69,6,CG1,CA,9.698831
tcr_17_2,E,C,V,K,69,6,CG1,CG,7.36603
tcr_17_2,E,C,V,G,69,5,CG2,CA,9.843289
tcr_17_2,E,C,V,K,69,6,CG2,CD,6.0695853
tcr_17_2,E,C,V,K,69,6,CG2,CE,5.4328485
tcr_17_2,E,C,V,K,69,6,CG2,NZ,4.1588354
tcr_17_2,E,C,V,K,69,6,CG2,N,9.085876
tcr_17_2,E,C,V,K,69,6,CG2,CB,8.178168
tcr_17_2,E,C,V,K,69,6,CG2,CA,9.362133
tcr_17_2,E,C,V,K,69,6,CG2,CG,7.314097
tcr_17_2,E,C,V,G,69,5,CG2,C,9.935104
tcr_17_2,E,C,G,F,70,3,N,CZ,9.985987
tcr_17_2,E,C,G,V,70,4,N,C,9.790813
tcr_17_2,E,C,G,V,70,4,N,O,8.733264
tcr_17_2,E,C,G,G,70,5,N,CA,9.243963
tcr_17_2,E,C,G,K,70,6,N,CD,7.055268
tcr_17_2,E,C,G,K,70,6,N,CE,5.8948116
tcr_17_2,E,C,G,K,70,6,N,NZ,5.144738
tcr_17_2,E,C,G,K,70,6,N,N,9.196885
tcr_17_2,E,C,G,K,70,6,N,CB,9.015569
tcr_17_2,E,C,G,K,70,6,N,CA,9.80425
tcr_17_2,E,C,G,K,70,6,N,CG,7.8119535
tcr_17_2,E,C,G,G,70,5,N,C,9.603396
tcr_17_2,E,C,G,F,70,3,CA,CZ,9.337863
tcr_17_2,E,C,G,F,70,3,CA,CE2,9.45696
tcr_17_2,E,C,G,V,70,4,CA,CG1,9.437251
tcr_17_2,E,C,G,V,70,4,CA,C,8.938946
tcr_17_2,E,C,G,V,70,4,CA,O,7.8123317
tcr_17_2,E,C,G,V,70,4,CA,CB,9.768018
tcr_17_2,E,C,G,G,70,5,CA,N,9.383149
tcr_17_2,E,C,G,G,70,5,CA,CA,8.701944
tcr_17_2,E,C,G,K,70,6,CA,CD,7.559828
tcr_17_2,E,C,G,K,70,6,CA,CE,6.4720078
tcr_17_2,E,C,G,K,70,6,CA,NZ,5.9872546
tcr_17_2,E,C,G,K,70,6,CA,N,9.02725
tcr_17_2,E,C,G,K,70,6,CA,CB,9.2332
tcr_17_2,E,C,G,K,70,6,CA,CA,9.823681
tcr_17_2,E,C,G,K,70,6,CA,CG,8.081932
tcr_17_2,E,C,G,G,70,5,CA,C,9.2613125
tcr_17_2,E,C,G,V,70,4,C,C,9.907874
tcr_17_2,E,C,G,V,70,4,C,O,8.726208
tcr_17_2,E,C,G,G,70,5,C,CA,9.891745
tcr_17_2,E,C,G,K,70,6,C,CD,9.050448
tcr_17_2,E,C,G,K,70,6,C,CE,7.981685
tcr_17_2,E,C,G,K,70,6,C,NZ,7.425237
tcr_17_2,E,C,G,K,70,6,C,CG,9.583778
tcr_17_2,E,C,G,V,70,4,O,O,9.898861
tcr_17_2,E,C,G,K,70,6,O,CD,9.629188
tcr_17_2,E,C,G,K,70,6,O,CE,8.549349
tcr_17_2,E,C,G,K,70,6,O,NZ,7.8073697
tcr_17_2,E,C,A,F,71,3,N,CE2,9.941437
tcr_17_2,E,C,A,V,71,4,N,CG1,9.714744
tcr_17_2,E,C,A,V,71,4,N,C,9.585712
tcr_17_2,E,C,A,V,71,4,N,O,8.377107
tcr_17_2,E,C,A,V,71,4,N,CB,9.905395
tcr_17_2,E,C,A,G,71,5,N,CA,9.884734
tcr_17_2,E,C,A,K,71,6,N,CD,9.823119
tcr_17_2,E,C,A,K,71,6,N,CE,8.794684
tcr_17_2,E,C,A,K,71,6,N,NZ,8.401681
tcr_17_2,E,C,A,V,71,4,CA,O,9.429336
tcr_17_2,E,C,A,K,71,6,CA,NZ,9.782481
tcr_17_2,E,C,A,F,71,3,O,CE2,9.8542595
tcr_17_2,E,C,A,V,71,4,O,O,9.416981
tcr_17_2,E,C,A,K,71,6,O,NZ,9.761582
tcr_17_2,E,C,A,V,71,4,CB,O,9.110044
tcr_17_2,E,C,I,K,73,6,N,NZ,9.591907
tcr_17_2,E,C,I,K,73,6,CA,NZ,9.018339
tcr_17_2,E,C,I,K,73,6,C,NZ,8.900334
tcr_17_2,E,C,I,K,73,6,O,CE,9.388128
tcr_17_2,E,C,I,K,73,6,O,NZ,8.251323
tcr_17_2,E,C,I,K,73,6,CB,CD,9.536184
tcr_17_2,E,C,I,K,73,6,CB,CE,8.876607
tcr_17_2,E,C,I,K,73,6,CB,NZ,7.8148785
tcr_17_2,E,C,I,K,73,6,CG1,CD,9.71712
tcr_17_2,E,C,I,K,73,6,CG1,CE,9.217967
tcr_17_2,E,C,I,K,73,6,CG1,NZ,8.312075
tcr_17_2,E,C,I,K,73,6,CG2,CD,9.401211
tcr_17_2,E,C,I,K,73,6,CG2,CE,8.854489
tcr_17_2,E,C,I,K,73,6,CG2,NZ,7.6590085
tcr_17_2,E,C,I,F,73,3,CD1,CZ,8.852228
tcr_17_2,E,C,I,F,73,3,CD1,CE2,9.113169
tcr_17_2,E,C,I,V,73,4,CD1,O,9.71374
tcr_17_2,E,C,I,G,73,5,CD1,CA,9.922602
tcr_17_2,E,C,I,K,73,6,CD1,CD,8.583669
tcr_17_2,E,C,I,K,73,6,CD1,CE,8.258568
tcr_17_2,E,C,I,K,73,6,CD1,NZ,7.4537764
tcr_17_2,E,C,I,K,73,6,CD1,N,9.969493
tcr_17_2,E,C,I,K,73,6,CD1,CB,9.92099
tcr_17_2,E,C,I,K,73,6,CD1,CG,9.397248
tcr_17_2,E,C,T,K,74,6,N,NZ,9.767391
tcr_17_2,E,C,R,K,87,6,CD,NZ,9.70218
tcr_17_2,E,C,R,K,87,6,NE,CE,9.996781
tcr_17_2,E,C,R,K,87,6,NE,NZ,9.553441
tcr_17_2,E,C,R,K,87,6,CZ,CE,8.860779
tcr_17_2,E,C,R,K,87,6,CZ,NZ,8.506407
tcr_17_2,E,C,R,K,87,6,NH1,CD,9.224676
tcr_17_2,E,C,R,K,87,6,NH1,CE,7.793631
tcr_17_2,E,C,R,K,87,6,NH1,NZ,7.3288455
tcr_17_2,E,C,R,K,87,6,NH1,CG,9.73804
tcr_17_2,E,C,R,V,87,4,NH2,CG1,9.799065
tcr_17_2,E,C,R,V,87,4,NH2,O,9.851387
tcr_17_2,E,C,R,K,87,6,NH2,CE,8.925566
tcr_17_2,E,C,R,K,87,6,NH2,NZ,8.773576
tcr_17_2,E,C,T,V,90,4,CA,CG1,9.188474
tcr_17_2,E,C,T,V,90,4,CA,O,9.676733
tcr_17_2,E,C,T,V,90,4,CA,CB,9.84458
tcr_17_2,E,C,T,V,90,4,CB,CG2,9.044722
tcr_17_2,E,C,T,V,90,4,CB,CA,9.693234
tcr_17_2,E,C,T,V,90,4,CB,CG1,7.786332
tcr_17_2,E,C,T,V,90,4,CB,C,9.47289
tcr_17_2,E,C,T,V,90,4,CB,O,8.56159
tcr_17_2,E,C,T,V,90,4,CB,CB,8.465467
tcr_17_2,E,C,T,V,90,4,OG1,CG2,8.264668
tcr_17_2,E,C,T,V,90,4,OG1,CA,8.867688
tcr_17_2,E,C,T,V,90,4,OG1,CG1,7.2058744
tcr_17_2,E,C,T,V,90,4,OG1,C,8.633068
tcr_17_2,E,C,T,V,90,4,OG1,O,7.656196
tcr_17_2,E,C,T,V,90,4,OG1,N,9.698275
tcr_17_2,E,C,T,V,90,4,OG1,CB,7.6664686
tcr_17_2,E,C,T,G,90,5,OG1,N,9.728874
tcr_17_2,E,C,T,V,90,4,CG2,CG2,8.613302
tcr_17_2,E,C,T,V,90,4,CG2,CA,9.052503
tcr_17_2,E,C,T,V,90,4,CG2,CG1,7.0143533
tcr_17_2,E,C,T,V,90,4,CG2,C,8.764745
tcr_17_2,E,C,T,V,90,4,CG2,O,7.9291234
tcr_17_2,E,C,T,V,90,4,CG2,CB,7.9052052
tcr_17_2,E,C,T,G,90,5,CG2,N,9.699919
tcr_17_2,E,C,T,G,90,5,CG2,CA,9.937
tcr_17_2,E,C,E,V,91,4,OE1,CG1,9.496887
tcr_17_2,E,C,Q,K,113,6,N,CE,8.987778
tcr_17_2,E,C,Q,K,113,6,N,NZ,9.160303
tcr_17_2,E,C,Q,K,113,6,CA,CD,9.736074
tcr_17_2,E,C,Q,K,113,6,CA,CE,8.573143
tcr_17_2,E,C,Q,K,113,6,CA,NZ,8.911586
tcr_17_2,E,C,Q,K,113,6,CA,CG,9.786361
tcr_17_2,E,C,Q,K,113,6,C,CD,8.67303
tcr_17_2,E,C,Q,K,113,6,C,CE,7.5443015
tcr_17_2,E,C,Q,K,113,6,C,NZ,8.06257
tcr_17_2,E,C,Q,K,113,6,C,CB,9.921986
tcr_17_2,E,C,Q,K,113,6,C,CG,8.572748
tcr_17_2,E,C,Q,K,113,6,O,CD,7.8115253
tcr_17_2,E,C,Q,K,113,6,O,CE,6.5876875
tcr_17_2,E,C,Q,K,113,6,O,NZ,7.05273
tcr_17_2,E,C,Q,K,113,6,O,N,9.666178
tcr_17_2,E,C,Q,K,113,6,O,CB,9.197439
tcr_17_2,E,C,Q,K,113,6,O,CA,9.558218
tcr_17_2,E,C,Q,K,113,6,O,CG,7.7814097
tcr_17_2,E,C,Q,G,113,5,O,C,9.709929
tcr_17_2,E,C,Q,G,113,5,O,O,9.553297
tcr_17_2,E,C,Q,K,113,6,CB,CD,9.397992
tcr_17_2,E,C,Q,K,113,6,CB,CE,8.300012
tcr_17_2,E,C,Q,K,113,6,CB,NZ,8.520688
tcr_17_2,E,C,Q,K,113,6,CB,CG,9.608744
tcr_17_2,E,C,Q,K,113,6,CG,CD,9.022132
tcr_17_2,E,C,Q,K,113,6,CG,CE,8.119091
tcr_17_2,E,C,Q,K,113,6,CG,NZ,8.503072
tcr_17_2,E,C,Q,K,113,6,CG,CG,9.127558
tcr_17_2,E,C,Q,K,113,6,CD,CD,8.966501
tcr_17_2,E,C,Q,K,113,6,CD,CE,8.17458
tcr_17_2,E,C,Q,K,113,6,CD,NZ,8.425844
tcr_17_2,E,C,Q,K,113,6,CD,CG,9.236243
tcr_17_2,E,C,Q,S,113,8,CD,OG,9.822836
tcr_17_2,E,C,Q,K,113,6,OE1,CD,9.703
tcr_17_2,E,C,Q,K,113,6,OE1,CE,8.863196
tcr_17_2,E,C,Q,K,113,6,OE1,NZ,8.937405
tcr_17_2,E,C,Q,K,113,6,NE2,CD,8.304053
tcr_17_2,E,C,Q,K,113,6,NE2,CE,7.7048936
tcr_17_2,E,C,Q,K,113,6,NE2,NZ,8.046117
tcr_17_2,E,C,Q,K,113,6,NE2,CB,9.531297
tcr_17_2,E,C,Q,K,113,6,NE2,CG,8.541033
tcr_17_2,E,C,Q,S,113,8,NE2,CB,9.329459
tcr_17_2,E,C,Q,S,113,8,NE2,OG,8.585573
tcr_17_2,E,C,K,K,114,6,N,CD,8.906355
tcr_17_2,E,C,K,K,114,6,N,CE,7.934995
tcr_17_2,E,C,K,K,114,6,N,NZ,8.648216
tcr_17_2,E,C,K,K,114,6,N,CB,9.84525
tcr_17_2,E,C,K,K,114,6,N,CA,9.986282
tcr_17_2,E,C,K,K,114,6,N,CG,8.602489
tcr_17_2,E,C,K,G,114,5,N,O,9.738208
tcr_17_2,E,C,K,V,114,4,CA,CG1,9.187834
tcr_17_2,E,C,K,V,114,4,CA,O,9.993495
tcr_17_2,E,C,K,G,114,5,CA,N,9.83003
tcr_17_2,E,C,K,G,114,5,CA,CA,9.629687
tcr_17_2,E,C,K,K,114,6,CA,CD,8.162166
tcr_17_2,E,C,K,K,114,6,CA,CE,7.3209705
tcr_17_2,E,C,K,K,114,6,CA,NZ,8.233831
tcr_17_2,E,C,K,K,114,6,CA,N,9.03792
tcr_17_2,E,C,K,K,114,6,CA,CB,8.820276
tcr_17_2,E,C,K,K,114,6,CA,CA,8.807302
tcr_17_2,E,C,K,K,114,6,CA,CG,7.652455
tcr_17_2,E,C,K,G,114,5,CA,C,8.868292
tcr_17_2,E,C,K,G,114,5,CA,O,8.37257
tcr_17_2,E,C,K,V,114,4,C,CG1,9.249623
tcr_17_2,E,C,K,V,114,4,C,C,9.608667
tcr_17_2,E,C,K,V,114,4,C,O,9.58071
tcr_17_2,E,C,K,G,114,5,C,N,9.252758
tcr_17_2,E,C,K,G,114,5,C,CA,8.861908
tcr_17_2,E,C,K,K,114,6,C,CD,6.8032804
tcr_17_2,E,C,K,K,114,6,C,CE,6.0664706
tcr_17_2,E,C,K,K,114,6,C,NZ,7.0370193
tcr_17_2,E,C,K,K,114,6,C,O,9.906664
tcr_17_2,E,C,K,K,114,6,C,N,7.963487
tcr_17_2,E,C,K,K,114,6,C,CB,7.4816113
tcr_17_2,E,C,K,K,114,6,C,CA,7.590543
tcr_17_2,E,C,K,K,114,6,C,CG,6.330746
tcr_17_2,E,C,K,K,114,6,C,C,8.850554
tcr_17_2,E,C,K,G,114,5,C,C,7.9675817
tcr_17_2,E,C,K,G,114,5,C,O,7.544903
tcr_17_2,E,C,K,E,114,7,C,N,8.877582
tcr_17_2,E,C,K,S,114,8,C,N,9.494524
tcr_17_2,E,C,K,S,114,8,C,CB,9.069187
tcr_17_2,E,C,K,S,114,8,C,OG,8.618471
tcr_17_2,E,C,K,G,114,5,O,CA,9.588487
tcr_17_2,E,C,K,K,114,6,O,CD,6.836025
tcr_17_2,E,C,K,K,114,6,O,CE,6.182328
tcr_17_2,E,C,K,K,114,6,O,NZ,7.063138
tcr_17_2,E,C,K,K,114,6,O,N,8.422035
tcr_17_2,E,C,K,K,114,6,O,CB,7.599789
tcr_17_2,E,C,K,K,114,6,O,CA,7.858431
tcr_17_2,E,C,K,K,114,6,O,CG,6.5087414
tcr_17_2,E,C,K,K,114,6,O,C,9.044227
tcr_17_2,E,C,K,G,114,5,O,C,8.579561
tcr_17_2,E,C,K,G,114,5,O,O,8.177488
tcr_17_2,E,C,K,E,114,7,O,N,9.03196
tcr_17_2,E,C,K,S,114,8,O,N,9.303813
tcr_17_2,E,C,K,S,114,8,O,CB,8.569583
tcr_17_2,E,C,K,S,114,8,O,CA,9.658772
tcr_17_2,E,C,K,S,114,8,O,OG,8.063589
tcr_17_2,E,C,K,V,114,4,CB,CG1,9.348841
tcr_17_2,E,C,K,K,114,6,CB,CD,9.150068
tcr_17_2,E,C,K,K,114,6,CB,CE,8.47895
tcr_17_2,E,C,K,K,114,6,CB,NZ,9.50662
tcr_17_2,E,C,K,K,114,6,CB,N,9.534759
tcr_17_2,E,C,K,K,114,6,CB,CB,9.462042
tcr_17_2,E,C,K,K,114,6,CB,CA,9.252705
tcr_17_2,E,C,K,K,114,6,CB,CG,8.459106
tcr_17_2,E,C,K,G,114,5,CB,C,9.238148
tcr_17_2,E,C,K,G,114,5,CB,O,8.55571
tcr_17_2,E,C,K,V,114,4,CG,CA,9.586204
tcr_17_2,E,C,K,V,114,4,CG,CG1,8.193997
tcr_17_2,E,C,K,V,114,4,CG,C,9.234366
tcr_17_2,E,C,K,V,114,4,CG,O,9.493325
tcr_17_2,E,C,K,V,114,4,CG,CB,9.567621
tcr_17_2,E,C,K,G,114,5,CG,N,8.974653
tcr_17_2,E,C,K,G,114,5,CG,CA,9.068877
tcr_17_2,E,C,K,K,114,6,CG,CD,9.013253
tcr_17_2,E,C,K,K,114,6,CG,CE,8.495671
tcr_17_2,E,C,K,K,114,6,CG,NZ,9.6714115
tcr_17_2,E,C,K,K,114,6,CG,N,8.719901
tcr_17_2,E,C,K,K,114,6,CG,CB,8.966373
tcr_17_2,E,C,K,K,114,6,CG,CA,8.526305
tcr_17_2,E,C,K,K,114,6,CG,CG,8.102601
tcr_17_2,E,C,K,K,114,6,CG,C,9.588322
tcr_17_2,E,C,K,G,114,5,CG,C,8.261652
tcr_17_2,E,C,K,G,114,5,CG,O,7.464455
tcr_17_2,E,C,K,E,114,7,CG,N,9.3174515
tcr_17_2,E,C,K,V,114,4,CD,CG2,9.308891
tcr_17_2,E,C,K,V,114,4,CD,CA,8.737116
tcr_17_2,E,C,K,V,114,4,CD,CG1,7.0686836
tcr_17_2,E,C,K,V,114,4,CD,C,8.504516
tcr_17_2,E,C,K,V,114,4,CD,O,8.701882
tcr_17_2,E,C,K,V,114,4,CD,CB,8.518088
tcr_17_2,E,C,K,G,114,5,CD,N,8.450889
tcr_17_2,E,C,K,G,114,5,CD,CA,8.706583
tcr_17_2,E,C,K,K,114,6,CD,CD,9.332386
tcr_17_2,E,C,K,K,114,6,CD,CE,8.70935
tcr_17_2,E,C,K,K,114,6,CD,NZ,9.857438
tcr_17_2,E,C,K,K,114,6,CD,N,8.750045
tcr_17_2,E,C,K,K,114,6,CD,CB,9.325375
tcr_17_2,E,C,K,K,114,6,CD,CA,8.809973
tcr_17_2,E,C,K,K,114,6,CD,CG,8.400205
tcr_17_2,E,C,K,K,114,6,CD,C,9.938311
tcr_17_2,E,C,K,G,114,5,CD,C,8.136737
tcr_17_2,E,C,K,G,114,5,CD,O,7.3960795
tcr_17_2,E,C,K,E,114,7,CD,N,9.77645
tcr_17_2,E,C,K,V,114,4,CE,CG2,8.034252
tcr_17_2,E,C,K,F,114,3,CE,C,9.412011
tcr_17_2,E,C,K,F,114,3,CE,O,8.8684225
tcr_17_2,E,C,K,V,114,4,CE,CA,7.470064
tcr_17_2,E,C,K,V,114,4,CE,CG1,5.914113
tcr_17_2,E,C,K,V,114,4,CE,C,7.3824244
tcr_17_2,E,C,K,V,114,4,CE,O,7.728936
tcr_17_2,E,C,K,V,114,4,CE,N,8.8745985
tcr_17_2,E,C,K,V,114,4,CE,CB,7.3155828
tcr_17_2,E,C,K,G,114,5,CE,N,7.3291373
tcr_17_2,E,C,K,G,114,5,CE,CA,7.763676
tcr_17_2,E,C,K,K,114,6,CE,CD,9.328949
tcr_17_2,E,C,K,K,114,6,CE,CE,8.873226
tcr_17_2,E,C,K,K,114,6,CE,N,8.057586
tcr_17_2,E,C,K,K,114,6,CE,CB,8.978111
tcr_17_2,E,C,K,K,114,6,CE,CA,8.243252
tcr_17_2,E,C,K,K,114,6,CE,CG,8.221729
tcr_17_2,E,C,K,K,114,6,CE,C,9.2683115
tcr_17_2,E,C,K,G,114,5,CE,C,7.2676935
tcr_17_2,E,C,K,E,114,7,CE,OE1,9.947323
tcr_17_2,E,C,K,E,114,7,CE,CG,9.696585
tcr_17_2,E,C,K,G,114,5,CE,O,6.436605
tcr_17_2,E,C,K,E,114,7,CE,CB,9.945973
tcr_17_2,E,C,K,E,114,7,CE,N,9.061725
tcr_17_2,E,C,K,E,114,7,CE,CD,9.829293
tcr_17_2,E,C,K,V,114,4,NZ,CG2,6.8704886
tcr_17_2,E,C,K,F,114,3,NZ,C,8.672997
tcr_17_2,E,C,K,F,114,3,NZ,O,8.281643
tcr_17_2,E,C,K,V,114,4,NZ,CA,6.5534744
tcr_17_2,E,C,K,V,114,4,NZ,CG1,4.6923404
tcr_17_2,E,C,K,V,114,4,NZ,C,6.5505776
tcr_17_2,E,C,K,V,114,4,NZ,O,6.7868114
tcr_17_2,E,C,K,V,114,4,NZ,N,7.989922
tcr_17_2,E,C,K,V,114,4,NZ,CB,6.17024
tcr_17_2,E,C,K,G,114,5,NZ,N,6.743027
tcr_17_2,E,C,K,G,114,5,NZ,CA,7.305027
tcr_17_2,E,C,K,K,114,6,NZ,CD,9.434695
tcr_17_2,E,C,K,K,114,6,NZ,CE,8.893626
tcr_17_2,E,C,K,K,114,6,NZ,N,7.9875436
tcr_17_2,E,C,K,K,114,6,NZ,CB,9.16987
tcr_17_2,E,C,K,K,114,6,NZ,CA,8.425416
tcr_17_2,E,C,K,K,114,6,NZ,CG,8.361019
tcr_17_2,E,C,K,K,114,6,NZ,C,9.510998
tcr_17_2,E,C,K,G,114,5,NZ,C,7.0971737
tcr_17_2,E,C,K,E,114,7,NZ,OE1,9.985646
tcr_17_2,E,C,K,E,114,7,NZ,CG,9.923223
tcr_17_2,E,C,K,G,114,5,NZ,O,6.4147363
tcr_17_2,E,C,K,E,114,7,NZ,N,9.460446
tcr_17_2,E,C,S,V,115,4,N,CA,9.217901
tcr_17_2,E,C,S,V,115,4,N,CG1,8.196264
tcr_17_2,E,C,S,V,115,4,N,C,8.355428
tcr_17_2,E,C,S,V,115,4,N,O,8.315355
tcr_17_2,E,C,S,V,115,4,N,CB,9.370131
tcr_17_2,E,C,S,G,115,5,N,N,7.9863167
tcr_17_2,E,C,S,G,115,5,N,CA,7.5610538
tcr_17_2,E,C,S,K,115,6,N,CD,5.8426843
tcr_17_2,E,C,S,K,115,6,N,CE,5.1503267
tcr_17_2,E,C,S,K,115,6,N,NZ,6.257312
tcr_17_2,E,C,S,K,115,6,N,O,8.814847
tcr_17_2,E,C,S,K,115,6,N,N,6.722435
tcr_17_2,E,C,S,K,115,6,N,CB,6.413128
tcr_17_2,E,C,S,K,115,6,N,CA,6.460117
tcr_17_2,E,C,S,K,115,6,N,CG,5.2398906
tcr_17_2,E,C,S,K,115,6,N,C,7.7808175
tcr_17_2,E,C,S,G,115,5,N,C,6.705055
tcr_17_2,E,C,S,E,115,7,N,CG,9.854746
tcr_17_2,E,C,S,G,115,5,N,O,6.3464704
tcr_17_2,E,C,S,E,115,7,N,CB,9.717166
tcr_17_2,E,C,S,E,115,7,N,N,7.9012256
tcr_17_2,E,C,S,E,115,7,N,C,9.630632
tcr_17_2,E,C,S,E,115,7,N,CA,9.259486
tcr_17_2,E,C,S,S,115,8,N,N,8.811847
tcr_17_2,E,C,S,S,115,8,N,CB,8.698297
tcr_17_2,E,C,S,S,115,8,N,CA,9.492654
tcr_17_2,E,C,S,S,115,8,N,OG,8.225913
tcr_17_2,E,C,S,F,115,3,CA,CE1,9.750756
tcr_17_2,E,C,S,F,115,3,CA,CZ,9.915044
tcr_17_2,E,C,S,V,115,4,CA,CA,9.078492
tcr_17_2,E,C,S,V,115,4,CA,CG1,8.445346
tcr_17_2,E,C,S,V,115,4,CA,C,8.062512
tcr_17_2,E,C,S,V,115,4,CA,O,8.048025
tcr_17_2,E,C,S,V,115,4,CA,CB,9.443911
tcr_17_2,E,C,S,G,115,5,CA,N,7.5124807
tcr_17_2,E,C,S,G,115,5,CA,CA,6.8725705
tcr_17_2,E,C,S,K,115,6,CA,CD,4.55599
tcr_17_2,E,C,S,K,115,6,CA,CE,4.0995474
tcr_17_2,E,C,S,K,115,6,CA,NZ,5.3328567
tcr_17_2,E,C,S,K,115,6,CA,O,7.53912
tcr_17_2,E,C,S,K,115,6,CA,N,5.661911
tcr_17_2,E,C,S,K,115,6,CA,CB,5.047417
tcr_17_2,E,C,S,K,115,6,CA,CA,5.225928
tcr_17_2,E,C,S,K,115,6,CA,CG,3.9168837
tcr_17_2,E,C,S,K,115,6,CA,C,6.5377626
tcr_17_2,E,C,S,G,115,5,CA,C,5.8656907
tcr_17_2,E,C,S,E,115,7,CA,CG,8.928601
tcr_17_2,E,C,S,G,115,5,CA,O,5.615252
tcr_17_2,E,C,S,E,115,7,CA,CB,8.707633
tcr_17_2,E,C,S,E,115,7,CA,N,6.7221494
tcr_17_2,E,C,S,E,115,7,CA,CD,9.867398
tcr_17_2,E,C,S,E,115,7,CA,C,8.422692
tcr_17_2,E,C,S,E,115,7,CA,CA,8.093731
tcr_17_2,E,C,S,S,115,8,CA,O,8.914941
tcr_17_2,E,C,S,E,115,7,CA,O,9.611431
tcr_17_2,E,C,S,S,115,8,CA,N,7.571676
tcr_17_2,E,C,S,S,115,8,CA,CB,7.5069604
tcr_17_2,E,C,S,S,115,8,CA,CA,8.258098
tcr_17_2,E,C,S,S,115,8,CA,C,9.188595
tcr_17_2,E,C,S,S,115,8,CA,OG,6.94074
tcr_17_2,E,C,S,F,115,3,C,CE1,9.80046
tcr_17_2,E,C,S,V,115,4,C,CA,9.351757
tcr_17_2,E,C,S,V,115,4,C,CG1,8.947072
tcr_17_2,E,C,S,V,115,4,C,C,8.414178
tcr_17_2,E,C,S,V,115,4,C,O,8.606586
tcr_17_2,E,C,S,V,115,4,C,CB,9.889339
tcr_17_2,E,C,S,G,115,5,C,N,7.6774106
tcr_17_2,E,C,S,G,115,5,C,CA,7.074724
tcr_17_2,E,C,S,K,115,6,C,CD,5.0527325
tcr_17_2,E,C,S,K,115,6,C,CE,5.019043
tcr_17_2,E,C,S,K,115,6,C,NZ,6.3172984
tcr_17_2,E,C,S,K,115,6,C,O,7.08468
tcr_17_2,E,C,S,K,115,6,C,N,5.6353207
tcr_17_2,E,C,S,K,115,6,C,CB,4.926466
tcr_17_2,E,C,S,K,115,6,C,CA,4.910192
tcr_17_2,E,C,S,K,115,6,C,CG,4.1948776
tcr_17_2,E,C,S,K,115,6,C,C,5.986054
tcr_17_2,E,C,S,E,115,7,C,OE2,9.309234
tcr_17_2,E,C,S,G,115,5,C,C,5.8383064
tcr_17_2,E,C,S,E,115,7,C,OE1,9.705346
tcr_17_2,E,C,S,E,115,7,C,CG,8.14598
tcr_17_2,E,C,S,G,115,5,C,O,5.374373
tcr_17_2,E,C,S,E,115,7,C,CB,7.7295375
tcr_17_2,E,C,S,E,115,7,C,N,5.9007607
tcr_17_2,E,C,S,E,115,7,C,CD,9.055952
tcr_17_2,E,C,S,E,115,7,C,C,7.327032
tcr_17_2,E,C,S,E,115,7,C,CA,7.1611657
tcr_17_2,E,C,S,S,115,8,C,O,7.9811683
tcr_17_2,E,C,S,E,115,7,C,O,8.471277
tcr_17_2,E,C,S,S,115,8,C,N,6.418046
tcr_17_2,E,C,S,S,115,8,C,CB,6.236724
tcr_17_2,E,C,S,S,115,8,C,CA,7.030089
tcr_17_2,E,C,S,S,115,8,C,C,8.092504
tcr_17_2,E,C,S,S,115,8,C,OG,5.856513
tcr_17_2,E,C,S,I,115,9,C,N,9.27438
tcr_17_2,E,C,S,I,115,9,C,O,9.964637
tcr_17_2,E,C,S,V,115,4,O,CA,9.587405
tcr_17_2,E,C,S,V,115,4,O,CG1,9.058243
tcr_17_2,E,C,S,V,115,4,O,C,8.814257
tcr_17_2,E,C,S,V,115,4,O,O,9.117065
tcr_17_2,E,C,S,G,115,5,O,N,8.098136
tcr_17_2,E,C,S,G,115,5,O,CA,7.684485
tcr_17_2,E,C,S,K,115,6,O,CD,6.272293
tcr_17_2,E,C,S,K,115,6,O,CE,6.224611
tcr_17_2,E,C,S,K,115,6,O,NZ,7.5151587
tcr_17_2,E,C,S,K,115,6,O,O,7.8317266
tcr_17_2,E,C,S,K,115,6,O,N,6.42834
tcr_17_2,E,C,S,K,115,6,O,CB,5.9545827
tcr_17_2,E,C,S,K,115,6,O,CA,5.7270894
tcr_17_2,E,C,S,K,115,6,O,CG,5.342585
tcr_17_2,E,C,S,K,115,6,O,C,6.669
tcr_17_2,E,C,S,E,115,7,O,OE2,9.211282
tcr_17_2,E,C,S,G,115,5,O,C,6.4437056
tcr_17_2,E,C,S,E,115,7,O,OE1,9.7648325
tcr_17_2,E,C,S,E,115,7,O,CG,8.355186
tcr_17_2,E,C,S,G,115,5,O,O,5.7715144
tcr_17_2,E,C,S,E,115,7,O,CB,7.8997383
tcr_17_2,E,C,S,E,115,7,O,N,6.3736
tcr_17_2,E,C,S,E,115,7,O,CD,9.097537
tcr_17_2,E,C,S,E,115,7,O,C,7.6360693
tcr_17_2,E,C,S,E,115,7,O,CA,7.526156
tcr_17_2,E,C,S,S,115,8,O,O,8.572203
tcr_17_2,E,C,S,E,115,7,O,O,8.717636
tcr_17_2,E,C,S,S,115,8,O,N,6.753745
tcr_17_2,E,C,S,S,115,8,O,CB,6.4764915
tcr_17_2,E,C,S,S,115,8,O,CA,7.3073153
tcr_17_2,E,C,S,S,115,8,O,C,8.51734
tcr_17_2,E,C,S,S,115,8,O,OG,6.329784
tcr_17_2,E,C,S,I,115,9,O,N,9.621917
tcr_17_2,E,C,S,V,115,4,CB,CG2,9.649623
tcr_17_2,E,C,S,F,115,3,CB,CD1,9.093671
tcr_17_2,E,C,S,F,115,3,CB,CD2,9.903837
tcr_17_2,E,C,S,F,115,3,CB,CE1,8.377418
tcr_17_2,E,C,S,F,115,3,CB,CZ,8.455989
tcr_17_2,E,C,S,F,115,3,CB,CG,9.84083
tcr_17_2,E,C,S,F,115,3,CB,CE2,9.239936
tcr_17_2,E,C,S,F,115,3,CB,C,9.661061
tcr_17_2,E,C,S,F,115,3,CB,O,9.419334
tcr_17_2,E,C,S,V,115,4,CB,CA,7.8489995
tcr_17_2,E,C,S,V,115,4,CB,CG1,7.3900065
tcr_17_2,E,C,S,V,115,4,CB,C,6.7238603
tcr_17_2,E,C,S,V,115,4,CB,O,6.6338935
tcr_17_2,E,C,S,V,115,4,CB,N,9.042047
tcr_17_2,E,C,S,V,115,4,CB,CB,8.257751
tcr_17_2,E,C,S,G,115,5,CB,N,6.2012577
tcr_17_2,E,C,S,G,115,5,CB,CA,5.4807806
tcr_17_2,E,C,S,K,115,6,CB,CD,3.7751603
tcr_17_2,E,C,S,K,115,6,CB,CE,3.3534563
tcr_17_2,E,C,S,K,115,6,CB,NZ,4.714246
tcr_17_2,E,C,S,K,115,6,CB,O,6.6404223
tcr_17_2,E,C,S,K,115,6,CB,N,4.4238877
tcr_17_2,E,C,S,K,115,6,CB,CB,4.173
tcr_17_2,E,C,S,K,115,6,CB,CA,4.2813053
tcr_17_2,E,C,S,K,115,6,CB,CG,2.946393
tcr_17_2,E,C,S,K,115,6,CB,C,5.72377
tcr_17_2,E,C,S,E,115,7,CB,OE2,9.726193
tcr_17_2,E,C,S,G,115,5,CB,C,4.611487
tcr_17_2,E,C,S,E,115,7,CB,OE1,9.553284
tcr_17_2,E,C,S,E,115,7,CB,CG,8.186376
tcr_17_2,E,C,S,G,115,5,CB,O,4.566946
tcr_17_2,E,C,S,E,115,7,CB,CB,8.181203
tcr_17_2,E,C,S,E,115,7,CB,N,6.1259446
tcr_17_2,E,C,S,E,115,7,CB,CD,9.164967
tcr_17_2,E,C,S,E,115,7,CB,C,8.140996
tcr_17_2,E,C,S,E,115,7,CB,CA,7.5685506
tcr_17_2,E,C,S,S,115,8,CB,O,8.823359
tcr_17_2,E,C,S,E,115,7,CB,O,9.36224
tcr_17_2,E,C,S,S,115,8,CB,N,7.470341
tcr_17_2,E,C,S,S,115,8,CB,CB,7.8645825
tcr_17_2,E,C,S,S,115,8,CB,CA,8.366467
tcr_17_2,E,C,S,S,115,8,CB,C,9.204714
tcr_17_2,E,C,S,S,115,8,CB,OG,7.272411
tcr_17_2,E,C,S,V,115,4,OG,CG2,8.491861
tcr_17_2,E,C,S,F,115,3,OG,CA,9.77976
tcr_17_2,E,C,S,F,115,3,OG,CD1,8.215246
tcr_17_2,E,C,S,F,115,3,OG,CD2,9.066925
tcr_17_2,E,C,S,F,115,3,OG,CE1,7.673527
tcr_17_2,E,C,S,F,115,3,OG,CZ,7.8633456
tcr_17_2,E,C,S,F,115,3,OG,CG,8.905821
tcr_17_2,E,C,S,F,115,3,OG,CB,9.785168
tcr_17_2,E,C,S,F,115,3,OG,CE2,8.568832
tcr_17_2,E,C,S,F,115,3,OG,C,8.464443
tcr_17_2,E,C,S,F,115,3,OG,O,8.146467
tcr_17_2,E,C,S,V,115,4,OG,CA,6.6829467
tcr_17_2,E,C,S,V,115,4,OG,CG1,6.288186
tcr_17_2,E,C,S,V,115,4,OG,C,5.6767726
tcr_17_2,E,C,S,V,115,4,OG,O,5.775809
tcr_17_2,E,C,S,V,115,4,OG,N,7.9024944
tcr_17_2,E,C,S,V,115,4,OG,CB,7.1541457
tcr_17_2,E,C,S,G,115,5,OG,N,5.1181407
tcr_17_2,E,C,S,G,115,5,OG,CA,4.6199913
tcr_17_2,E,C,S,K,115,6,OG,CD,4.669728
tcr_17_2,E,C,S,K,115,6,OG,CE,4.4936132
tcr_17_2,E,C,S,K,115,6,OG,NZ,5.8917713
tcr_17_2,E,C,S,K,115,6,OG,O,6.331987
tcr_17_2,E,C,S,K,115,6,OG,N,3.919867
tcr_17_2,E,C,S,K,115,6,OG,CB,4.3738265
tcr_17_2,E,C,S,K,115,6,OG,CA,3.979223
tcr_17_2,E,C,S,K,115,6,OG,CG,3.4948125
tcr_17_2,E,C,S,K,115,6,OG,C,5.3336005
tcr_17_2,E,C,S,E,115,7,OG,OE2,8.650275
tcr_17_2,E,C,S,G,115,5,OG,C,3.7357576
tcr_17_2,E,C,S,E,115,7,OG,OE1,8.4046335
tcr_17_2,E,C,S,E,115,7,OG,CG,7.2572007
tcr_17_2,E,C,S,G,115,5,OG,O,3.4513545
tcr_17_2,E,C,S,E,115,7,OG,CB,7.39766
tcr_17_2,E,C,S,E,115,7,OG,N,5.6026206
tcr_17_2,E,C,S,E,115,7,OG,CD,8.089832
tcr_17_2,E,C,S,E,115,7,OG,C,7.754985
tcr_17_2,E,C,S,E,115,7,OG,CA,7.017863
tcr_17_2,E,C,S,S,115,8,OG,O,8.99662
tcr_17_2,E,C,S,E,115,7,OG,O,8.959532
tcr_17_2,E,C,S,S,115,8,OG,N,7.258638
tcr_17_2,E,C,S,S,115,8,OG,CB,7.9736724
tcr_17_2,E,C,S,S,115,8,OG,CA,8.305066
tcr_17_2,E,C,S,S,115,8,OG,C,9.26291
tcr_17_2,E,C,S,S,115,8,OG,OG,7.602656
tcr_17_2,E,C,G,F,116,3,N,CD1,9.994392
tcr_17_2,E,C,G,F,116,3,N,CE1,9.359612
tcr_17_2,E,C,G,F,116,3,N,CZ,9.812144
tcr_17_2,E,C,G,V,116,4,N,CA,9.630334
tcr_17_2,E,C,G,V,116,4,N,CG1,9.551184
tcr_17_2,E,C,G,V,116,4,N,C,8.597163
tcr_17_2,E,C,G,V,116,4,N,O,8.816424
tcr_17_2,E,C,G,G,116,5,N,N,7.713091
tcr_17_2,E,C,G,G,116,5,N,CA,6.937549
tcr_17_2,E,C,G,K,116,6,N,CD,4.412522
tcr_17_2,E,C,G,K,116,6,N,CE,4.7424903
tcr_17_2,E,C,G,K,116,6,N,NZ,6.032555
tcr_17_2,E,C,G,K,116,6,N,O,6.13161
tcr_17_2,E,C,G,K,116,6,N,N,5.1376953
tcr_17_2,E,C,G,K,116,6,N,CB,4.0197077
tcr_17_2,E,C,G,K,116,6,N,CA,4.1462626
tcr_17_2,E,C,G,K,116,6,N,CG,3.5619073
tcr_17_2,E,C,G,K,116,6,N,C,5.0814724
tcr_17_2,E,C,G,E,116,7,N,OE2,8.866921
tcr_17_2,E,C,G,G,116,5,N,C,5.5837355
tcr_17_2,E,C,G,E,116,7,N,OE1,9.344214
tcr_17_2,E,C,G,E,116,7,N,CG,7.541336
tcr_17_2,E,C,G,G,116,5,N,O,5.23351
tcr_17_2,E,C,G,E,116,7,N,CB,6.9825544
tcr_17_2,E,C,G,E,116,7,N,N,5.0060534
tcr_17_2,E,C,G,E,116,7,N,CD,8.599053
tcr_17_2,E,C,G,E,116,7,N,C,6.2705717
tcr_17_2,E,C,G,E,116,7,N,CA,6.2248793
tcr_17_2,E,C,G,S,116,8,N,O,6.676946
tcr_17_2,E,C,G,E,116,7,N,O,7.4143996
tcr_17_2,E,C,G,S,116,8,N,N,5.2854524
tcr_17_2,E,C,G,S,116,8,N,CB,5.0911326
tcr_17_2,E,C,G,S,116,8,N,CA,5.8604617
tcr_17_2,E,C,G,S,116,8,N,C,6.837924
tcr_17_2,E,C,G,S,116,8,N,OG,4.6123567
tcr_17_2,E,C,G,I,116,9,N,N,8.042723
tcr_17_2,E,C,G,I,116,9,N,CA,9.185152
tcr_17_2,E,C,G,I,116,9,N,C,9.282418
tcr_17_2,E,C,G,I,116,9,N,O,8.72973
tcr_17_2,E,C,G,F,116,3,CA,CE1,9.689077
tcr_17_2,E,C,G,V,116,4,CA,C,9.285612
tcr_17_2,E,C,G,V,116,4,CA,O,9.654036
tcr_17_2,E,C,G,G,116,5,CA,N,8.27336
tcr_17_2,E,C,G,G,116,5,CA,CA,7.5429225
tcr_17_2,E,C,G,K,116,6,CA,CD,5.370116
tcr_17_2,E,C,G,K,116,6,CA,CE,5.961607
tcr_17_2,E,C,G,K,116,6,CA,NZ,7.2100134
tcr_17_2,E,C,G,K,116,6,CA,O,6.0127277
tcr_17_2,E,C,G,K,116,6,CA,N,5.6305017
tcr_17_2,E,C,G,K,116,6,CA,CB,4.477614
tcr_17_2,E,C,G,K,116,6,CA,CA,4.4272547
tcr_17_2,E,C,G,K,116,6,CA,CG,4.481865
tcr_17_2,E,C,G,K,116,6,CA,C,4.9510846
tcr_17_2,E,C,G,E,116,7,CA,OE2,8.215477
tcr_17_2,E,C,G,G,116,5,CA,C,6.076334
tcr_17_2,E,C,G,E,116,7,CA,OE1,9.003737
tcr_17_2,E,C,G,E,116,7,CA,CG,7.0831366
tcr_17_2,E,C,G,G,116,5,CA,O,5.593731
tcr_17_2,E,C,G,E,116,7,CA,CB,6.270345
tcr_17_2,E,C,G,E,116,7,CA,N,4.5531135
tcr_17_2,E,C,G,E,116,7,CA,CD,8.111326
tcr_17_2,E,C,G,E,116,7,CA,C,5.3033895
tcr_17_2,E,C,G,E,116,7,CA,CA,5.5331087
tcr_17_2,E,C,G,S,116,8,CA,O,5.80742
tcr_17_2,E,C,G,E,116,7,CA,O,6.3600135
tcr_17_2,E,C,G,S,116,8,CA,N,4.218807
tcr_17_2,E,C,G,S,116,8,CA,CB,3.8022552
tcr_17_2,E,C,G,S,116,8,CA,CA,4.6366005
tcr_17_2,E,C,G,S,116,8,CA,C,5.7594433
tcr_17_2,E,C,G,S,116,8,CA,OG,3.5951083
tcr_17_2,E,C,G,I,116,9,CA,N,6.8875637
tcr_17_2,E,C,G,I,116,9,CA,CA,8.114484
tcr_17_2,E,C,G,I,116,9,CA,C,8.276116
tcr_17_2,E,C,G,I,116,9,CA,O,7.684624
tcr_17_2,E,C,G,I,116,9,CA,CB,9.357921
tcr_17_2,E,C,G,I,116,9,CA,CG1,9.535058
tcr_17_2,E,C,G,I,116,9,CA,CG2,9.570387
tcr_17_2,E,C,G,I,116,9,CA,OXT,9.226667
tcr_17_2,E,C,G,G,116,5,C,N,9.730383
tcr_17_2,E,C,G,G,116,5,C,CA,8.921876
tcr_17_2,E,C,G,K,116,6,C,CD,5.8800817
tcr_17_2,E,C,G,K,116,6,C,CE,6.4695153
tcr_17_2,E,C,G,K,116,6,C,NZ,7.5282955
tcr_17_2,E,C,G,K,116,6,C,O,6.913658
tcr_17_2,E,C,G,K,116,6,C,N,6.874593
tcr_17_2,E,C,G,K,116,6,C,CB,5.3270555
tcr_17_2,E,C,G,K,116,6,C,CA,5.5798545
tcr_17_2,E,C,G,K,116,6,C,CG,5.32925
tcr_17_2,E,C,G,K,116,6,C,C,5.987542
tcr_17_2,E,C,G,E,116,7,C,OE2,9.354838
tcr_17_2,E,C,G,G,116,5,C,C,7.462915
tcr_17_2,E,C,G,E,116,7,C,CG,8.260194
tcr_17_2,E,C,G,G,116,5,C,O,7.064923
tcr_17_2,E,C,G,E,116,7,C,CB,7.278537
tcr_17_2,E,C,G,E,116,7,C,N,5.6091876
tcr_17_2,E,C,G,E,116,7,C,CD,9.327765
tcr_17_2,E,C,G,E,116,7,C,C,5.854873
tcr_17_2,E,C,G,E,116,7,C,CA,6.4082346
tcr_17_2,E,C,G,S,116,8,C,O,5.565864
tcr_17_2,E,C,G,E,116,7,C,O,6.7731147
tcr_17_2,E,C,G,S,116,8,C,N,4.588164
tcr_17_2,E,C,G,S,116,8,C,CB,3.2982454
tcr_17_2,E,C,G,S,116,8,C,CA,4.5308475
tcr_17_2,E,C,G,S,116,8,C,C,5.5000067
tcr_17_2,E,C,G,S,116,8,C,OG,2.8979468
tcr_17_2,E,C,G,I,116,9,C,N,6.516918
tcr_17_2,E,C,G,I,116,9,C,CA,7.647659
tcr_17_2,E,C,G,I,116,9,C,C,7.559942
tcr_17_2,E,C,G,I,116,9,C,O,6.799256
tcr_17_2,E,C,G,I,116,9,C,CB,8.915771
tcr_17_2,E,C,G,I,116,9,C,CG1,8.961741
tcr_17_2,E,C,G,I,116,9,C,CG2,9.363839
tcr_17_2,E,C,G,I,116,9,C,OXT,8.491122
tcr_17_2,E,C,G,G,116,5,O,CA,9.212186
tcr_17_2,E,C,G,K,116,6,O,CD,5.7441053
tcr_17_2,E,C,G,K,116,6,O,CE,6.52809
tcr_17_2,E,C,G,K,116,6,O,NZ,7.4605904
tcr_17_2,E,C,G,K,116,6,O,O,6.6168213
tcr_17_2,E,C,G,K,116,6,O,N,7.002283
tcr_17_2,E,C,G,K,116,6,O,CB,5.1708884
tcr_17_2,E,C,G,K,116,6,O,CA,5.619851
tcr_17_2,E,C,G,K,116,6,O,CG,5.376475
tcr_17_2,E,C,G,K,116,6,O,C,5.855569
tcr_17_2,E,C,G,E,116,7,O,OE2,9.592594
tcr_17_2,E,C,G,G,116,5,O,C,7.761915
tcr_17_2,E,C,G,E,116,7,O,CG,8.351866
tcr_17_2,E,C,G,G,116,5,O,O,7.507056
tcr_17_2,E,C,G,E,116,7,O,CB,7.2886753
tcr_17_2,E,C,G,E,116,7,O,N,5.5601997
tcr_17_2,E,C,G,E,116,7,O,CD,9.530025
tcr_17_2,E,C,G,E,116,7,O,C,5.51872
tcr_17_2,E,C,G,E,116,7,O,CA,6.2315063
tcr_17_2,E,C,G,S,116,8,O,O,4.584944
tcr_17_2,E,C,G,E,116,7,O,O,6.3644466
tcr_17_2,E,C,G,S,116,8,O,N,4.1918826
tcr_17_2,E,C,G,S,116,8,O,CB,2.6456127
tcr_17_2,E,C,G,S,116,8,O,CA,3.9219086
tcr_17_2,E,C,G,S,116,8,O,C,4.6284804
tcr_17_2,E,C,G,S,116,8,O,OG,1.8546832
tcr_17_2,E,C,G,I,116,9,O,N,5.64079
tcr_17_2,E,C,G,I,116,9,O,CA,6.653937
tcr_17_2,E,C,G,I,116,9,O,C,6.458115
tcr_17_2,E,C,G,I,116,9,O,O,5.7112093
tcr_17_2,E,C,G,I,116,9,O,CB,7.9889827
tcr_17_2,E,C,G,I,116,9,O,CG1,8.106417
tcr_17_2,E,C,G,I,116,9,O,CG2,8.5435095
tcr_17_2,E,C,G,I,116,9,O,CD1,9.608422
tcr_17_2,E,C,G,I,116,9,O,OXT,7.3355904
tcr_17_2,E,C,S,G,117,5,N,CA,9.925073
tcr_17_2,E,C,S,K,117,6,N,CD,6.805855
tcr_17_2,E,C,S,K,117,6,N,CE,7.174274
tcr_17_2,E,C,S,K,117,6,N,NZ,8.171265
tcr_17_2,E,C,S,K,117,6,N,O,8.216096
tcr_17_2,E,C,S,K,117,6,N,N,7.9933133
tcr_17_2,E,C,S,K,117,6,N,CB,6.521723
tcr_17_2,E,C,S,K,117,6,N,CA,6.768363
tcr_17_2,E,C,S,K,117,6,N,CG,6.335367
tcr_17_2,E,C,S,K,117,6,N,C,7.2541766
tcr_17_2,E,C,S,G,117,5,N,C,8.488982
tcr_17_2,E,C,S,E,117,7,N,CG,9.356701
tcr_17_2,E,C,S,G,117,5,N,O,8.008654
tcr_17_2,E,C,S,E,117,7,N,CB,8.3705
tcr_17_2,E,C,S,E,117,7,N,N,6.832101
tcr_17_2,E,C,S,E,117,7,N,C,7.01904
tcr_17_2,E,C,S,E,117,7,N,CA,7.6126823
tcr_17_2,E,C,S,S,117,8,N,O,6.7060013
tcr_17_2,E,C,S,E,117,7,N,O,7.873254
tcr_17_2,E,C,S,S,117,8,N,N,5.7574677
tcr_17_2,E,C,S,S,117,8,N,CB,4.191188
tcr_17_2,E,C,S,S,117,8,N,CA,5.555802
tcr_17_2,E,C,S,S,117,8,N,C,6.5516763
tcr_17_2,E,C,S,S,117,8,N,OG,3.9211004
tcr_17_2,E,C,S,I,117,9,N,N,7.4462476
tcr_17_2,E,C,S,I,117,9,N,CA,8.561764
tcr_17_2,E,C,S,I,117,9,N,C,8.358659
tcr_17_2,E,C,S,I,117,9,N,O,7.4610476
tcr_17_2,E,C,S,I,117,9,N,CB,9.765402
tcr_17_2,E,C,S,I,117,9,N,CG1,9.639142
tcr_17_2,E,C,S,I,117,9,N,OXT,9.29752
tcr_17_2,E,C,S,K,117,6,CA,CD,7.7134433
tcr_17_2,E,C,S,K,117,6,CA,CE,8.081466
tcr_17_2,E,C,S,K,117,6,CA,NZ,8.911389
tcr_17_2,E,C,S,K,117,6,CA,O,9.254353
tcr_17_2,E,C,S,K,117,6,CA,N,9.265725
tcr_17_2,E,C,S,K,117,6,CA,CB,7.59885
tcr_17_2,E,C,S,K,117,6,CA,CA,7.987044
tcr_17_2,E,C,S,K,117,6,CA,CG,7.4461493
tcr_17_2,E,C,S,K,117,6,CA,C,8.383084
tcr_17_2,E,C,S,G,117,5,CA,C,9.844121
tcr_17_2,E,C,S,G,117,5,CA,O,9.40911
tcr_17_2,E,C,S,E,117,7,CA,CB,9.440803
tcr_17_2,E,C,S,E,117,7,CA,N,7.963598
tcr_17_2,E,C,S,E,117,7,CA,C,7.831493
tcr_17_2,E,C,S,E,117,7,CA,CA,8.616829
tcr_17_2,E,C,S,S,117,8,CA,O,7.0038795
tcr_17_2,E,C,S,E,117,7,CA,O,8.556261
tcr_17_2,E,C,S,S,117,8,CA,N,6.5190353
tcr_17_2,E,C,S,S,117,8,CA,CB,4.5060096
tcr_17_2,E,C,S,S,117,8,CA,CA,6.007597
tcr_17_2,E,C,S,S,117,8,CA,C,6.820844
tcr_17_2,E,C,S,S,117,8,CA,OG,4.189486
tcr_17_2,E,C,S,I,117,9,CA,N,7.545605
tcr_17_2,E,C,S,I,117,9,CA,CA,8.526151
tcr_17_2,E,C,S,I,117,9,CA,C,8.100632
tcr_17_2,E,C,S,I,117,9,CA,O,7.0635614
tcr_17_2,E,C,S,I,117,9,CA,CB,9.686467
tcr_17_2,E,C,S,I,117,9,CA,CG1,9.415498
tcr_17_2,E,C,S,I,117,9,CA,OXT,8.990545
tcr_17_2,E,C,S,K,117,6,C,CD,7.86965
tcr_17_2,E,C,S,K,117,6,C,CE,8.009986
tcr_17_2,E,C,S,K,117,6,C,NZ,8.660238
tcr_17_2,E,C,S,K,117,6,C,N,9.990178
tcr_17_2,E,C,S,K,117,6,C,CB,8.219643
tcr_17_2,E,C,S,K,117,6,C,CA,8.7873745
tcr_17_2,E,C,S,K,117,6,C,CG,7.8339534
tcr_17_2,E,C,S,K,117,6,C,C,9.357263
tcr_17_2,E,C,S,E,117,7,C,N,9.090799
tcr_17_2,E,C,S,E,117,7,C,C,9.153171
tcr_17_2,E,C,S,E,117,7,C,CA,9.860898
tcr_17_2,E,C,S,S,117,8,C,O,8.067074
tcr_17_2,E,C,S,E,117,7,C,O,9.926861
tcr_17_2,E,C,S,S,117,8,C,N,7.8278937
tcr_17_2,E,C,S,S,117,8,C,CB,5.858255
tcr_17_2,E,C,S,S,117,8,C,CA,7.3550005
tcr_17_2,E,C,S,S,117,8,C,C,8.035641
tcr_17_2,E,C,S,S,117,8,C,OG,5.3076825
tcr_17_2,E,C,S,I,117,9,C,N,8.77948
tcr_17_2,E,C,S,I,117,9,C,CA,9.640965
tcr_17_2,E,C,S,I,117,9,C,C,9.0497
tcr_17_2,E,C,S,I,117,9,C,O,7.9888
tcr_17_2,E,C,S,I,117,9,C,OXT,9.811538
tcr_17_2,E,C,S,K,117,6,O,CD,8.047686
tcr_17_2,E,C,S,K,117,6,O,CE,7.9705243
tcr_17_2,E,C,S,K,117,6,O,NZ,8.624772
tcr_17_2,E,C,S,K,117,6,O,CB,8.56924
tcr_17_2,E,C,S,K,117,6,O,CA,9.09363
tcr_17_2,E,C,S,K,117,6,O,CG,7.992853
tcr_17_2,E,C,S,K,117,6,O,C,9.814289
tcr_17_2,E,C,S,E,117,7,O,N,9.578158
tcr_17_2,E,C,S,E,117,7,O,C,9.881144
tcr_17_2,E,C,S,S,117,8,O,O,9.053772
tcr_17_2,E,C,S,S,117,8,O,N,8.586651
tcr_17_2,E,C,S,S,117,8,O,CB,6.7947354
tcr_17_2,E,C,S,S,117,8,O,CA,8.258664
tcr_17_2,E,C,S,S,117,8,O,C,9.037332
tcr_17_2,E,C,S,S,117,8,O,OG,6.2729964
tcr_17_2,E,C,S,I,117,9,O,N,9.842349
tcr_17_2,E,C,S,I,117,9,O,O,9.182365
tcr_17_2,E,C,S,K,117,6,CB,CD,9.11719
tcr_17_2,E,C,S,K,117,6,CB,CE,9.490909
tcr_17_2,E,C,S,K,117,6,CB,CB,8.802175
tcr_17_2,E,C,S,K,117,6,CB,CA,9.014652
tcr_17_2,E,C,S,K,117,6,CB,CG,8.726895
tcr_17_2,E,C,S,K,117,6,CB,C,9.294016
tcr_17_2,E,C,S,E,117,7,CB,CB,9.856279
tcr_17_2,E,C,S,E,117,7,CB,N,8.696568
tcr_17_2,E,C,S,E,117,7,CB,C,8.313776
tcr_17_2,E,C,S,E,117,7,CB,CA,9.2013645
tcr_17_2,E,C,S,S,117,8,CB,O,7.7537537
tcr_17_2,E,C,S,E,117,7,CB,O,8.906498
tcr_17_2,E,C,S,S,117,8,CB,N,7.06196
tcr_17_2,E,C,S,S,117,8,CB,CB,4.952425
tcr_17_2,E,C,S,S,117,8,CB,CA,6.4226203
tcr_17_2,E,C,S,S,117,8,CB,C,7.348043
tcr_17_2,E,C,S,S,117,8,CB,OG,5.026891
tcr_17_2,E,C,S,I,117,9,CB,N,7.89049
tcr_17_2,E,C,S,I,117,9,CB,CA,8.920993
tcr_17_2,E,C,S,I,117,9,CB,C,8.549944
tcr_17_2,E,C,S,I,117,9,CB,O,7.449855
tcr_17_2,E,C,S,I,117,9,CB,CB,9.903472
tcr_17_2,E,C,S,I,117,9,CB,CG1,9.411364
tcr_17_2,E,C,S,I,117,9,CB,OXT,9.524387
tcr_17_2,E,C,S,K,117,6,OG,CB,9.874203
tcr_17_2,E,C,S,K,117,6,OG,CG,9.815709
tcr_17_2,E,C,S,E,117,7,OG,N,9.849934
tcr_17_2,E,C,S,E,117,7,OG,C,9.269441
tcr_17_2,E,C,S,S,117,8,OG,O,8.321101
tcr_17_2,E,C,S,E,117,7,OG,O,9.760219
tcr_17_2,E,C,S,S,117,8,OG,N,8.00658
tcr_17_2,E,C,S,S,117,8,OG,CB,5.695525
tcr_17_2,E,C,S,S,117,8,OG,CA,7.176108
tcr_17_2,E,C,S,S,117,8,OG,C,7.9140825
tcr_17_2,E,C,S,S,117,8,OG,OG,5.715977
tcr_17_2,E,C,S,I,117,9,OG,N,8.295604
tcr_17_2,E,C,S,I,117,9,OG,CA,9.169388
tcr_17_2,E,C,S,I,117,9,OG,C,8.609449
tcr_17_2,E,C,S,I,117,9,OG,O,7.4228387
tcr_17_2,E,C,S,I,117,9,OG,CG1,9.460018
tcr_17_2,E,C,S,I,117,9,OG,OXT,9.507708
tcr_17_2,E,C,S,K,118,6,N,CD,8.281986
tcr_17_2,E,C,S,K,118,6,N,CE,8.472011
tcr_17_2,E,C,S,K,118,6,N,NZ,8.943825
tcr_17_2,E,C,S,K,118,6,N,CB,8.771679
tcr_17_2,E,C,S,K,118,6,N,CA,9.492296
tcr_17_2,E,C,S,K,118,6,N,CG,8.442494
tcr_17_2,E,C,S,K,118,6,N,C,9.996222
tcr_17_2,E,C,S,E,118,7,N,N,9.795957
tcr_17_2,E,C,S,E,118,7,N,C,9.691872
tcr_17_2,E,C,S,S,118,8,N,O,8.132464
tcr_17_2,E,C,S,S,118,8,N,N,8.348518
tcr_17_2,E,C,S,S,118,8,N,CB,6.227245
tcr_17_2,E,C,S,S,118,8,N,CA,7.7212467
tcr_17_2,E,C,S,S,118,8,N,C,8.175649
tcr_17_2,E,C,S,S,118,8,N,OG,5.5413427
tcr_17_2,E,C,S,I,118,9,N,N,8.822952
tcr_17_2,E,C,S,I,118,9,N,CA,9.507831
tcr_17_2,E,C,S,I,118,9,N,C,8.720874
tcr_17_2,E,C,S,I,118,9,N,O,7.623814
tcr_17_2,E,C,S,I,118,9,N,OXT,9.361078
tcr_17_2,E,C,S,K,118,6,CA,CD,9.061012
tcr_17_2,E,C,S,K,118,6,CA,CE,9.078596
tcr_17_2,E,C,S,K,118,6,CA,NZ,9.367753
tcr_17_2,E,C,S,K,118,6,CA,CB,9.851456
tcr_17_2,E,C,S,K,118,6,CA,CG,9.386868
tcr_17_2,E,C,S,S,118,8,CA,O,9.407758
tcr_17_2,E,C,S,S,118,8,CA,N,9.769268
tcr_17_2,E,C,S,S,118,8,CA,CB,7.6621456
tcr_17_2,E,C,S,S,118,8,CA,CA,9.143863
tcr_17_2,E,C,S,S,118,8,CA,C,9.51998
tcr_17_2,E,C,S,S,118,8,CA,OG,6.9129615
tcr_17_2,E,C,S,I,118,9,CA,C,9.8237295
tcr_17_2,E,C,S,I,118,9,CA,O,8.722968
tcr_17_2,E,C,S,S,118,8,C,CB,8.5641575
tcr_17_2,E,C,S,S,118,8,C,OG,8.003514
tcr_17_2,E,C,S,I,118,9,C,O,9.70622
tcr_17_2,E,C,S,S,118,8,O,CB,9.765673
tcr_17_2,E,C,S,S,118,8,O,OG,9.161174
tcr_17_2,E,C,S,K,118,6,CB,CD,9.525185
tcr_17_2,E,C,S,K,118,6,CB,CE,9.643851
tcr_17_2,E,C,S,K,118,6,CB,NZ,9.77194
tcr_17_2,E,C,S,S,118,8,CB,O,9.426036
tcr_17_2,E,C,S,S,118,8,CB,CB,8.05926
tcr_17_2,E,C,S,S,118,8,CB,CA,9.477412
tcr_17_2,E,C,S,S,118,8,CB,C,9.61808
tcr_17_2,E,C,S,S,118,8,CB,OG,7.214654
tcr_17_2,E,C,S,I,118,9,CB,C,9.442294
tcr_17_2,E,C,S,I,118,9,CB,O,8.36219
tcr_17_2,E,C,S,I,118,9,CB,OXT,9.812493
tcr_17_2,E,C,S,K,118,6,OG,CD,8.539797
tcr_17_2,E,C,S,K,118,6,OG,CE,8.745782
tcr_17_2,E,C,S,K,118,6,OG,NZ,8.785775
tcr_17_2,E,C,S,K,118,6,OG,CB,9.4602375
tcr_17_2,E,C,S,K,118,6,OG,CG,9.146101
tcr_17_2,E,C,S,S,118,8,OG,O,8.568186
tcr_17_2,E,C,S,S,118,8,OG,N,9.610584
tcr_17_2,E,C,S,S,118,8,OG,CB,7.6012197
tcr_17_2,E,C,S,S,118,8,OG,CA,8.9221735
tcr_17_2,E,C,S,S,118,8,OG,C,8.913369
tcr_17_2,E,C,S,S,118,8,OG,OG,6.577977
tcr_17_2,E,C,S,I,118,9,OG,N,9.490061
tcr_17_2,E,C,S,I,118,9,OG,CA,9.788852
tcr_17_2,E,C,S,I,118,9,OG,C,8.687657
tcr_17_2,E,C,S,I,118,9,OG,O,7.708774
tcr_17_2,E,C,S,I,118,9,OG,OXT,8.960989
tcr_17_2,E,C,Y,S,119,8,N,CB,8.172994
tcr_17_2,E,C,Y,S,119,8,N,CA,9.697337
tcr_17_2,E,C,Y,S,119,8,N,OG,7.826979
tcr_17_2,E,C,Y,I,119,9,N,O,9.477557
tcr_17_2,E,C,Y,S,119,8,CA,CB,9.214672
tcr_17_2,E,C,Y,S,119,8,CA,OG,9.018847
tcr_17_2,E,C,Y,S,119,8,C,CB,9.697276
tcr_17_2,E,C,Y,S,119,8,C,OG,9.536121
tcr_17_2,E,C,Y,S,119,8,CB,CB,8.95604
tcr_17_2,E,C,Y,S,119,8,CB,OG,8.973603
tcr_17_2,E,C,N,S,120,8,N,CB,9.059206
tcr_17_2,E,C,N,S,120,8,N,OG,8.854598
tcr_17_2,E,C,N,S,120,8,CA,CB,9.781429
tcr_17_2,E,C,N,S,120,8,CA,OG,9.611157
tcr_17_2,E,C,N,K,120,6,CB,CD,9.9709015
tcr_17_2,E,C,N,K,120,6,CB,CE,9.589097
tcr_17_2,E,C,N,K,120,6,CB,CG,9.647419
tcr_17_2,E,C,N,S,120,8,CB,CB,9.066591
tcr_17_2,E,C,N,S,120,8,CB,OG,8.8639345
tcr_17_2,E,C,N,K,120,6,CG,CD,9.676238
tcr_17_2,E,C,N,K,120,6,CG,CE,9.482179
tcr_17_2,E,C,N,K,120,6,CG,CB,9.761883
tcr_17_2,E,C,N,K,120,6,CG,CA,9.79206
tcr_17_2,E,C,N,K,120,6,CG,CG,9.160465
tcr_17_2,E,C,N,S,120,8,CG,N,9.401388
tcr_17_2,E,C,N,S,120,8,CG,CB,8.011573
tcr_17_2,E,C,N,S,120,8,CG,CA,9.306629
tcr_17_2,E,C,N,S,120,8,CG,OG,7.995317
tcr_17_2,E,C,N,K,120,6,OD1,CG,9.987025
tcr_17_2,E,C,N,S,120,8,OD1,N,9.5278425
tcr_17_2,E,C,N,S,120,8,OD1,CB,8.0419655
tcr_17_2,E,C,N,S,120,8,OD1,CA,9.324235
tcr_17_2,E,C,N,S,120,8,OD1,OG,8.209476
tcr_17_2,E,C,N,K,120,6,ND2,CD,8.577486
tcr_17_2,E,C,N,K,120,6,ND2,CE,8.418647
tcr_17_2,E,C,N,K,120,6,ND2,NZ,9.464558
tcr_17_2,E,C,N,K,120,6,ND2,N,9.406778
tcr_17_2,E,C,N,K,120,6,ND2,CB,8.567084
tcr_17_2,E,C,N,K,120,6,ND2,CA,8.539547
tcr_17_2,E,C,N,K,120,6,ND2,CG,7.964821
tcr_17_2,E,C,N,K,120,6,ND2,C,9.319146
tcr_17_2,E,C,N,G,120,5,ND2,C,9.497554
tcr_17_2,E,C,N,G,120,5,ND2,O,8.788582
tcr_17_2,E,C,N,E,120,7,ND2,N,8.864654
tcr_17_2,E,C,N,E,120,7,ND2,C,9.513114
tcr_17_2,E,C,N,E,120,7,ND2,CA,9.797373
tcr_17_2,E,C,N,S,120,8,ND2,O,9.945634
tcr_17_2,E,C,N,S,120,8,ND2,N,8.442304
tcr_17_2,E,C,N,S,120,8,ND2,CB,7.298082
tcr_17_2,E,C,N,S,120,8,ND2,CA,8.505433
tcr_17_2,E,C,N,S,120,8,ND2,C,9.714415
tcr_17_2,E,C,N,S,120,8,ND2,OG,7.253994
tcr_17_2,C,A,L,V,1,189,N,C,8.636039
tcr_17_2,C,A,L,E,1,190,N,CA,8.32621
tcr_17_2,C,A,L,E,1,190,N,N,8.327648
tcr_17_2,C,A,L,W,1,191,N,N,5.9975395
tcr_17_2,C,A,L,E,1,190,N,C,7.2853713
tcr_17_2,C,A,L,V,1,189,N,O,8.908726
tcr_17_2,C,A,L,E,1,190,N,O,7.813252
tcr_17_2,C,A,L,R,1,193,N,N,8.952115
tcr_17_2,C,A,L,L,1,192,N,CA,7.233272
tcr_17_2,C,A,L,W,1,191,N,C,5.6581774
tcr_17_2,C,A,L,R,1,194,N,N,9.029019
tcr_17_2,C,A,L,L,1,192,N,C,8.3850155
tcr_17_2,C,A,L,W,1,191,N,O,6.025249
tcr_17_2,C,A,L,R,1,194,N,CA,9.075916
tcr_17_2,C,A,L,L,1,192,N,O,8.898376
tcr_17_2,C,A,L,H,1,195,N,CA,8.565132
tcr_17_2,C,A,L,H,1,195,N,C,9.979757
tcr_17_2,C,A,L,R,1,194,N,C,9.082996
tcr_17_2,C,A,L,H,1,195,N,N,8.259865
tcr_17_2,C,A,L,H,1,195,N,CB,7.6073723
tcr_17_2,C,A,L,R,1,194,N,NE,8.4543295
tcr_17_2,C,A,L,H,1,195,N,ND1,6.2141266
tcr_17_2,C,A,L,R,1,194,N,CD,7.836348
tcr_17_2,C,A,L,E,1,190,N,OE2,9.543711
tcr_17_2,C,A,L,E,1,190,N,CB,8.446392
tcr_17_2,C,A,L,W,1,191,N,CA,5.0734134
tcr_17_2,C,A,L,E,1,190,N,CG,9.832605
tcr_17_2,C,A,L,R,1,194,N,CB,8.1338415
tcr_17_2,C,A,L,R,1,194,N,CG,8.4894
tcr_17_2,C,A,L,W,1,191,N,CZ3,5.064342
tcr_17_2,C,A,L,E,1,79,N,OE1,8.236941
tcr_17_2,C,A,L,R,1,194,N,CZ,9.623852
tcr_17_2,C,A,L,W,1,191,N,CH2,5.4943743
tcr_17_2,C,A,L,E,1,79,N,OE2,8.612714
tcr_17_2,C,A,L,E,1,79,N,CG,8.381107
tcr_17_2,C,A,L,E,1,79,N,CD,8.306022
tcr_17_2,C,A,L,E,1,79,N,CB,9.22791
tcr_17_2,C,A,L,V,1,189,N,CA,8.961361
tcr_17_2,C,A,L,V,1,189,N,N,8.080663
tcr_17_2,C,A,L,C,1,188,N,CB,7.254181
tcr_17_2,C,A,L,C,1,188,N,C,6.853645
tcr_17_2,C,A,L,L,1,192,N,CD1,9.152735
tcr_17_2,C,A,L,L,1,192,N,CB,7.9186993
tcr_17_2,C,A,L,L,1,192,N,CG,9.201123
tcr_17_2,C,A,L,L,1,192,N,CD2,9.918331
tcr_17_2,C,A,L,C,1,188,N,O,6.3545594
tcr_17_2,C,A,L,M,1,29,N,N,9.686108
tcr_17_2,C,A,L,C,1,125,N,SG,8.614838
tcr_17_2,C,A,L,M,1,29,N,CB,7.220507
tcr_17_2,C,A,L,M,1,29,N,CG,6.0773854
tcr_17_2,C,A,L,M,1,29,N,CA,8.565059
tcr_17_2,C,A,L,C,1,188,N,SG,7.3445916
tcr_17_2,C,A,L,G,1,124,N,CA,9.730754
tcr_17_2,C,A,L,M,1,29,N,O,9.209423
tcr_17_2,C,A,L,Y,1,123,N,O,9.92312
tcr_17_2,C,A,L,M,1,29,N,C,8.844539
tcr_17_2,C,A,L,V,1,52,N,CB,9.813883
tcr_17_2,C,A,L,V,1,52,N,CG2,8.306946
tcr_17_2,C,A,L,V,1,52,N,N,9.971873
tcr_17_2,C,A,L,Y,1,51,N,C,9.483997
tcr_17_2,C,A,L,Y,1,51,N,O,8.80973
tcr_17_2,C,A,L,R,1,30,N,N,8.966011
tcr_17_2,C,A,L,Y,1,51,N,N,9.307832
tcr_17_2,C,A,L,Y,1,31,N,N,8.989876
tcr_17_2,C,A,L,R,1,30,N,O,8.877287
tcr_17_2,C,A,L,R,1,30,N,C,8.972318
tcr_17_2,C,A,L,R,1,30,N,CA,9.526503
tcr_17_2,C,A,L,Y,1,183,N,CE1,7.394699
tcr_17_2,C,A,L,G,1,186,N,O,9.092749
tcr_17_2,C,A,L,Y,1,183,N,O,8.958489
tcr_17_2,C,A,L,Y,1,183,N,C,9.759945
tcr_17_2,C,A,L,G,1,186,N,C,9.376103
tcr_17_2,C,A,L,C,1,188,N,N,6.6749682
tcr_17_2,C,A,L,Y,1,183,N,CD1,8.418027
tcr_17_2,C,A,L,L,1,187,N,C,6.3321366
tcr_17_2,C,A,L,Y,1,183,N,CG,8.32659
tcr_17_2,C,A,L,L,1,187,N,N,8.590409
tcr_17_2,C,A,L,Y,1,183,N,CB,9.661216
tcr_17_2,C,A,L,L,1,187,N,CA,7.2119203
tcr_17_2,C,A,L,L,1,187,N,CG,7.712797
tcr_17_2,C,A,L,L,1,187,N,CB,6.8395834
tcr_17_2,C,A,L,L,1,187,N,CD1,7.8876433
tcr_17_2,C,A,L,Y,1,183,N,CD2,7.1664505
tcr_17_2,C,A,L,L,1,187,N,CD2,7.441218
tcr_17_2,C,A,L,W,1,191,N,NE1,4.290845
tcr_17_2,C,A,L,W,1,191,N,CG,3.3889265
tcr_17_2,C,A,L,W,1,191,N,CE3,4.1721077
tcr_17_2,C,A,L,W,1,191,N,CB,3.6016128
tcr_17_2,C,A,L,W,1,191,N,CE2,4.251246
tcr_17_2,C,A,L,L,1,192,N,N,6.2205067
tcr_17_2,C,A,L,W,1,191,N,CD2,3.681697
tcr_17_2,C,A,L,L,1,187,N,O,5.6307507
tcr_17_2,C,A,L,W,1,191,N,CD1,3.8167982
tcr_17_2,C,A,L,C,1,188,N,CA,6.3241467
tcr_17_2,C,A,L,M,1,29,N,SD,4.462961
tcr_17_2,C,A,L,M,1,29,N,CE,4.357761
tcr_17_2,C,A,L,Y,1,183,N,CE2,5.9247246
tcr_17_2,C,A,L,Y,1,31,N,CE2,4.5596924
tcr_17_2,C,A,L,Y,1,31,N,CD2,5.923885
tcr_17_2,C,A,L,Y,1,183,N,OH,5.163686
tcr_17_2,C,A,L,Y,1,123,N,OH,7.76749
tcr_17_2,C,A,L,Y,1,183,N,CZ,6.0654383
tcr_17_2,C,A,L,Y,1,123,N,CE2,8.100614
tcr_17_2,C,A,L,Y,1,123,N,CZ,8.482308
tcr_17_2,C,A,L,Y,1,123,N,CD2,9.128185
tcr_17_2,C,A,L,Y,1,31,N,CB,8.329444
tcr_17_2,C,A,L,R,1,86,N,NE,9.6526
tcr_17_2,C,A,L,W,1,191,N,CZ2,5.1483965
tcr_17_2,C,A,L,R,1,86,N,CD,9.673563
tcr_17_2,C,A,L,R,1,86,N,CG,8.377286
tcr_17_2,C,A,L,R,1,86,N,CB,8.821105
tcr_17_2,C,A,L,R,1,86,N,CA,9.619269
tcr_17_2,C,A,L,R,1,86,N,C,8.941242
tcr_17_2,C,A,L,R,1,86,N,O,9.296769
tcr_17_2,C,A,L,I,1,90,N,CG1,8.989898
tcr_17_2,C,A,L,I,1,90,N,CD1,7.539226
tcr_17_2,C,A,L,I,1,90,N,CB,9.2919655
tcr_17_2,C,A,L,W,1,75,N,CH2,9.069437
tcr_17_2,C,A,L,F,1,57,N,CE1,6.8550587
tcr_17_2,C,A,L,F,1,57,N,CD1,7.9407806
tcr_17_2,C,A,L,F,1,57,N,CE2,5.624414
tcr_17_2,C,A,L,W,1,75,N,CZ3,8.838733
tcr_17_2,C,A,L,H,1,195,N,CG,6.268791
tcr_17_2,C,A,L,H,1,195,N,CD2,5.1173763
tcr_17_2,C,A,L,F,1,57,N,CZ,5.5904703
tcr_17_2,C,A,L,F,1,57,N,CG,7.9729795
tcr_17_2,C,A,L,F,1,57,N,CD2,6.9081407
tcr_17_2,C,A,L,H,1,195,N,NE2,4.1986494
tcr_17_2,C,A,L,H,1,195,N,CE1,5.0439935
tcr_17_2,C,A,L,I,1,76,N,CD1,7.2345724
tcr_17_2,C,A,L,Y,1,83,N,CE2,4.480235
tcr_17_2,C,A,L,Y,1,83,N,CZ,4.9591975
tcr_17_2,C,A,L,Y,1,83,N,CE1,6.3268275
tcr_17_2,C,A,L,Y,1,83,N,OH,4.4306455
tcr_17_2,C,A,L,I,1,76,N,CG1,8.2611065
tcr_17_2,C,A,L,Y,1,83,N,CG,6.8198876
tcr_17_2,C,A,L,Y,1,83,N,CD1,7.13352
tcr_17_2,C,A,L,Y,1,83,N,CD2,5.5704074
tcr_17_2,C,A,L,Y,1,31,N,OH,3.2524745
tcr_17_2,C,A,L,Y,1,31,N,CG,6.8824644
tcr_17_2,C,A,L,Y,1,31,N,CA,9.166693
tcr_17_2,C,A,L,Y,1,31,N,CD1,6.718647
tcr_17_2,C,A,L,G,1,50,N,N,9.5691185
tcr_17_2,C,A,L,G,1,50,N,CA,8.576453
tcr_17_2,C,A,L,Y,1,31,N,CZ,4.329564
tcr_17_2,C,A,L,G,1,50,N,C,9.210271
tcr_17_2,C,A,L,Y,1,31,N,CE1,5.5615053
tcr_17_2,C,A,L,G,1,50,N,O,9.798059
tcr_17_2,C,A,L,V,1,58,N,CG2,7.525278
tcr_17_2,C,A,L,V,1,58,N,CB,8.466022
tcr_17_2,C,A,L,F,1,91,N,CE2,8.599444
tcr_17_2,C,A,L,V,1,58,N,CG1,7.9027553
tcr_17_2,C,A,L,F,1,91,N,CZ,8.039456
tcr_17_2,C,A,L,N,1,87,N,OD1,5.4223075
tcr_17_2,C,A,L,F,1,91,N,CD2,9.736611
tcr_17_2,C,A,L,T,1,69,N,CG2,9.477136
tcr_17_2,C,A,L,N,1,87,N,ND2,5.6174707
tcr_17_2,C,A,L,N,1,87,N,CG,6.01006
tcr_17_2,C,A,L,N,1,87,N,CB,7.493313
tcr_17_2,C,A,L,Y,1,83,N,C,8.571787
tcr_17_2,C,A,L,Y,1,83,N,CA,8.404372
tcr_17_2,C,A,L,Y,1,83,N,O,7.9317365
tcr_17_2,C,A,L,Y,1,83,N,CB,8.045404
tcr_17_2,C,A,L,W,1,84,N,N,9.67827
tcr_17_2,C,A,L,Y,1,83,N,N,9.745064
tcr_17_2,C,A,L,N,1,87,N,CA,7.9574633
tcr_17_2,C,A,L,N,1,87,N,O,9.574299
tcr_17_2,C,A,L,N,1,87,N,N,8.259909
tcr_17_2,C,A,L,N,1,87,N,C,9.321042
tcr_17_2,C,A,L,Y,1,123,N,CE1,9.792613
tcr_17_2,C,A,L,F,1,91,N,CD1,9.861073
tcr_17_2,C,A,L,I,1,90,N,CG2,9.196674
tcr_17_2,C,A,L,F,1,91,N,CE1,8.735159
tcr_17_2,C,A,L,Y,1,33,N,OH,9.13681
tcr_17_2,C,A,L,F,1,57,N,CB,9.344698
tcr_17_2,C,A,L,I,1,76,N,CB,9.62332
tcr_17_2,C,A,L,V,1,58,N,N,9.685972
tcr_17_2,C,A,L,V,1,58,N,CA,9.756418
tcr_17_2,C,A,L,V,1,189,CA,C,9.671674
tcr_17_2,C,A,L,E,1,190,CA,CA,9.272014
tcr_17_2,C,A,L,E,1,190,CA,N,9.253156
tcr_17_2,C,A,L,W,1,191,CA,N,7.0683966
tcr_17_2,C,A,L,E,1,190,CA,C,8.352016
tcr_17_2,C,A,L,E,1,190,CA,O,8.958433
tcr_17_2,C,A,L,L,1,192,CA,CA,8.63939
tcr_17_2,C,A,L,W,1,191,CA,C,7.029818
tcr_17_2,C,A,L,L,1,192,CA,C,9.808188
tcr_17_2,C,A,L,W,1,191,CA,O,7.4385877
tcr_17_2,C,A,L,H,1,195,CA,CA,9.963805
tcr_17_2,C,A,L,H,1,195,CA,N,9.654967
tcr_17_2,C,A,L,H,1,195,CA,CB,9.024551
tcr_17_2,C,A,L,R,1,194,CA,NE,9.265734
tcr_17_2,C,A,L,H,1,195,CA,ND1,7.4804263
tcr_17_2,C,A,L,R,1,194,CA,CD,8.768714
tcr_17_2,C,A,L,E,1,190,CA,OE2,9.926351
tcr_17_2,C,A,L,E,1,190,CA,CB,9.1975565
tcr_17_2,C,A,L,W,1,191,CA,CA,6.2926536
tcr_17_2,C,A,L,R,1,194,CA,CB,9.325132
tcr_17_2,C,A,L,R,1,194,CA,CG,9.586394
tcr_17_2,C,A,L,W,1,191,CA,CZ3,5.6734037
tcr_17_2,C,A,L,E,1,79,CA,OE1,9.011447
tcr_17_2,C,A,L,W,1,191,CA,CH2,5.776391
tcr_17_2,C,A,L,E,1,79,CA,OE2,9.068489
tcr_17_2,C,A,L,E,1,79,CA,CG,8.900315
tcr_17_2,C,A,L,E,1,79,CA,CD,8.898369
tcr_17_2,C,A,L,E,1,79,CA,CB,9.536049
tcr_17_2,C,A,L,V,1,189,CA,CA,9.925104
tcr_17_2,C,A,L,V,1,189,CA,N,8.90938
tcr_17_2,C,A,L,C,1,188,CA,CB,7.752662
tcr_17_2,C,A,L,C,1,188,CA,C,7.7092085
tcr_17_2,C,A,L,L,1,192,CA,CB,9.250977
tcr_17_2,C,A,L,C,1,188,CA,O,7.3926735
tcr_17_2,C,A,L,C,1,125,CA,SG,9.488745
tcr_17_2,C,A,L,M,1,29,CA,CB,8.334054
tcr_17_2,C,A,L,M,1,29,CA,CG,7.1469545
tcr_17_2,C,A,L,M,1,29,CA,CA,9.613815
tcr_17_2,C,A,L,C,1,188,CA,SG,7.980886
tcr_17_2,C,A,L,M,1,29,CA,O,9.993406
tcr_17_2,C,A,L,M,1,29,CA,C,9.709851
tcr_17_2,C,A,L,V,1,52,CA,CG2,9.603381
tcr_17_2,C,A,L,Y,1,51,CA,O,9.771
tcr_17_2,C,A,L,R,1,30,CA,N,9.744358
tcr_17_2,C,A,L,Y,1,51,CA,N,9.972546
tcr_17_2,C,A,L,Y,1,31,CA,N,9.250596
tcr_17_2,C,A,L,R,1,30,CA,O,9.382503
tcr_17_2,C,A,L,R,1,30,CA,C,9.428842
tcr_17_2,C,A,L,Y,1,183,CA,CE1,7.222886
tcr_17_2,C,A,L,G,1,186,CA,O,9.6204405
tcr_17_2,C,A,L,Y,1,183,CA,O,9.060646
tcr_17_2,C,A,L,Y,1,183,CA,C,9.731989
tcr_17_2,C,A,L,Y,1,183,CA,CA,9.776496
tcr_17_2,C,A,L,G,1,186,CA,C,9.723696
tcr_17_2,C,A,L,C,1,188,CA,N,7.09205
tcr_17_2,C,A,L,Y,1,183,CA,CD1,8.170126
tcr_17_2,C,A,L,L,1,187,CA,C,6.7567244
tcr_17_2,C,A,L,Y,1,183,CA,CG,7.961868
tcr_17_2,C,A,L,L,1,187,CA,N,8.779576
tcr_17_2,C,A,L,Y,1,183,CA,CB,9.260943
tcr_17_2,C,A,L,L,1,187,CA,CA,7.4179063
tcr_17_2,C,A,L,L,1,187,CA,CG,7.4540997
tcr_17_2,C,A,L,L,1,187,CA,CB,6.743727
tcr_17_2,C,A,L,L,1,187,CA,CD1,7.347675
tcr_17_2,C,A,L,R,1,86,CA,NH2,9.56228
tcr_17_2,C,A,L,Y,1,183,CA,CD2,6.724591
tcr_17_2,C,A,L,R,1,86,CA,CZ,9.376765
tcr_17_2,C,A,L,L,1,187,CA,CD2,7.243734
tcr_17_2,C,A,L,W,1,191,CA,NE1,4.443172
tcr_17_2,C,A,L,W,1,191,CA,CG,4.26115
tcr_17_2,C,A,L,W,1,191,CA,CE3,5.0369916
tcr_17_2,C,A,L,W,1,191,CA,CB,4.7910495
tcr_17_2,C,A,L,W,1,191,CA,CE2,4.546284
tcr_17_2,C,A,L,L,1,192,CA,N,7.578716
tcr_17_2,C,A,L,W,1,191,CA,CD2,4.423214
tcr_17_2,C,A,L,L,1,187,CA,O,6.252462
tcr_17_2,C,A,L,W,1,191,CA,CD1,4.282731
tcr_17_2,C,A,L,C,1,188,CA,CA,6.9354115
tcr_17_2,C,A,L,M,1,29,CA,SD,5.678336
tcr_17_2,C,A,L,M,1,29,CA,CE,5.363358
tcr_17_2,C,A,L,Y,1,183,CA,CE2,5.5275416
tcr_17_2,C,A,L,Y,1,31,CA,CE2,4.702539
tcr_17_2,C,A,L,Y,1,31,CA,CD2,5.9636626
tcr_17_2,C,A,L,Y,1,183,CA,OH,5.0481215
tcr_17_2,C,A,L,Y,1,123,CA,OH,7.1042776
tcr_17_2,C,A,L,Y,1,183,CA,CZ,5.8357415
tcr_17_2,C,A,L,Y,1,123,CA,CE2,7.7493944
tcr_17_2,C,A,L,Y,1,123,CA,CZ,7.9820285
tcr_17_2,C,A,L,Y,1,123,CA,CD2,8.912281
tcr_17_2,C,A,L,Y,1,31,CA,CB,8.212595
tcr_17_2,C,A,L,R,1,86,CA,NE,8.299913
tcr_17_2,C,A,L,W,1,191,CA,CZ2,5.260266
tcr_17_2,C,A,L,R,1,86,CA,CD,8.344844
tcr_17_2,C,A,L,R,1,86,CA,CG,7.1038914
tcr_17_2,C,A,L,R,1,86,CA,N,9.235493
tcr_17_2,C,A,L,R,1,86,CA,CB,7.646848
tcr_17_2,C,A,L,R,1,86,CA,CA,8.397736
tcr_17_2,C,A,L,E,1,82,CA,O,9.248592
tcr_17_2,C,A,L,R,1,86,CA,C,7.6715536
tcr_17_2,C,A,L,R,1,86,CA,O,7.9432635
tcr_17_2,C,A,L,I,1,90,CA,CG1,7.529103
tcr_17_2,C,A,L,I,1,90,CA,CD1,6.0711737
tcr_17_2,C,A,L,I,1,90,CA,N,9.729264
tcr_17_2,C,A,L,I,1,90,CA,CB,7.883642
tcr_17_2,C,A,L,F,1,57,CA,CE1,7.7311497
tcr_17_2,C,A,L,F,1,57,CA,CD1,8.831157
tcr_17_2,C,A,L,F,1,57,CA,CE2,6.3967776
tcr_17_2,C,A,L,H,1,195,CA,CG,7.648001
tcr_17_2,C,A,L,H,1,195,CA,CD2,6.5181584
tcr_17_2,C,A,L,F,1,57,CA,CZ,6.4187465
tcr_17_2,C,A,L,F,1,57,CA,CG,8.82203
tcr_17_2,C,A,L,F,1,57,CA,CD2,7.6918454
tcr_17_2,C,A,L,H,1,195,CA,NE2,5.506574
tcr_17_2,C,A,L,H,1,195,CA,CE1,6.236072
tcr_17_2,C,A,L,I,1,76,CA,CD1,8.030244
tcr_17_2,C,A,L,Y,1,83,CA,CE2,4.5775366
tcr_17_2,C,A,L,Y,1,83,CA,CZ,5.1044216
tcr_17_2,C,A,L,Y,1,83,CA,CE1,6.3462033
tcr_17_2,C,A,L,Y,1,83,CA,OH,4.77949
tcr_17_2,C,A,L,I,1,76,CA,CG1,8.896503
tcr_17_2,C,A,L,Y,1,83,CA,CG,6.6600885
tcr_17_2,C,A,L,Y,1,83,CA,CD1,7.0235868
tcr_17_2,C,A,L,Y,1,83,CA,CD2,5.4863153
tcr_17_2,C,A,L,Y,1,31,CA,OH,3.4623816
tcr_17_2,C,A,L,Y,1,31,CA,CG,6.8007026
tcr_17_2,C,A,L,Y,1,31,CA,CA,9.244386
tcr_17_2,C,A,L,Y,1,31,CA,CD1,6.5783186
tcr_17_2,C,A,L,G,1,50,CA,N,9.758514
tcr_17_2,C,A,L,G,1,50,CA,CA,8.925477
tcr_17_2,C,A,L,Y,1,31,CA,CZ,4.3940187
tcr_17_2,C,A,L,G,1,50,CA,C,9.761233
tcr_17_2,C,A,L,Y,1,31,CA,CE1,5.466678
tcr_17_2,C,A,L,V,1,58,CA,CG2,7.625418
tcr_17_2,C,A,L,V,1,58,CA,CB,8.545709
tcr_17_2,C,A,L,F,1,91,CA,CE2,7.8077745
tcr_17_2,C,A,L,V,1,58,CA,CG1,8.0650425
tcr_17_2,C,A,L,F,1,91,CA,CZ,7.2798376
tcr_17_2,C,A,L,N,1,87,CA,OD1,4.6198926
tcr_17_2,C,A,L,F,1,91,CA,CD2,8.823497
tcr_17_2,C,A,L,T,1,69,CA,CG2,8.975819
tcr_17_2,C,A,L,N,1,87,CA,ND2,4.8644547
tcr_17_2,C,A,L,N,1,87,CA,CG,5.1601214
tcr_17_2,C,A,L,T,1,69,CA,CB,9.863725
tcr_17_2,C,A,L,N,1,87,CA,CB,6.5562835
tcr_17_2,C,A,L,Y,1,83,CA,C,7.931889
tcr_17_2,C,A,L,Y,1,83,CA,CA,7.875383
tcr_17_2,C,A,L,Y,1,83,CA,O,7.149209
tcr_17_2,C,A,L,Y,1,83,CA,CB,7.7827306
tcr_17_2,C,A,L,W,1,84,CA,CA,9.604712
tcr_17_2,C,A,L,W,1,84,CA,N,9.092966
tcr_17_2,C,A,L,Y,1,83,CA,N,9.199576
tcr_17_2,C,A,L,E,1,82,CA,C,9.743377
tcr_17_2,C,A,L,N,1,87,CA,CA,6.807047
tcr_17_2,C,A,L,T,1,69,CA,OG1,9.552054
tcr_17_2,C,A,L,W,1,84,CA,O,9.834954
tcr_17_2,C,A,L,N,1,87,CA,O,8.368769
tcr_17_2,C,A,L,T,1,88,CA,N,9.246981
tcr_17_2,C,A,L,N,1,87,CA,N,7.091202
tcr_17_2,C,A,L,N,1,87,CA,C,8.157356
tcr_17_2,C,A,L,W,1,84,CA,C,9.962656
tcr_17_2,C,A,L,Y,1,33,CA,CZ,9.475531
tcr_17_2,C,A,L,Y,1,123,CA,CE1,9.309819
tcr_17_2,C,A,L,Y,1,33,CA,CE1,9.725392
tcr_17_2,C,A,L,F,1,91,CA,CD1,8.888479
tcr_17_2,C,A,L,F,1,91,CA,CG,9.328054
tcr_17_2,C,A,L,I,1,90,CA,CG2,7.8421483
tcr_17_2,C,A,L,F,1,91,CA,CE1,7.876032
tcr_17_2,C,A,L,Y,1,33,CA,OH,8.284517
tcr_17_2,C,A,L,F,1,91,CA,N,9.964465
tcr_17_2,C,A,L,I,1,90,CA,CA,9.3817835
tcr_17_2,C,A,L,V,1,58,CA,CA,9.949127
tcr_17_2,C,A,L,V,1,189,C,C,9.857336
tcr_17_2,C,A,L,E,1,190,C,CA,9.765162
tcr_17_2,C,A,L,E,1,190,C,N,9.521493
tcr_17_2,C,A,L,W,1,191,C,N,7.6722693
tcr_17_2,C,A,L,E,1,190,C,C,8.992217
tcr_17_2,C,A,L,E,1,190,C,O,9.725156
tcr_17_2,C,A,L,L,1,192,C,CA,9.010529
tcr_17_2,C,A,L,W,1,191,C,C,7.7004237
tcr_17_2,C,A,L,W,1,191,C,O,8.245608
tcr_17_2,C,A,L,H,1,195,C,CB,9.823434
tcr_17_2,C,A,L,H,1,195,C,ND1,8.551321
tcr_17_2,C,A,L,E,1,190,C,CB,9.727578
tcr_17_2,C,A,L,W,1,191,C,CA,7.0508432
tcr_17_2,C,A,L,W,1,191,C,CZ3,7.1549125
tcr_17_2,C,A,L,W,1,191,C,CH2,7.2608776
tcr_17_2,C,A,L,V,1,189,C,CA,9.875404
tcr_17_2,C,A,L,V,1,189,C,N,8.725581
tcr_17_2,C,A,L,C,1,188,C,CB,7.0635777
tcr_17_2,C,A,L,L,1,184,C,N,9.729076
tcr_17_2,C,A,L,L,1,184,C,CD2,9.780985
tcr_17_2,C,A,L,C,1,188,C,C,7.503462
tcr_17_2,C,A,L,L,1,192,C,CB,9.382846
tcr_17_2,C,A,L,C,1,188,C,O,7.3249664
tcr_17_2,C,A,L,C,1,125,C,SG,8.938985
tcr_17_2,C,A,L,M,1,29,C,CB,7.9932575
tcr_17_2,C,A,L,M,1,29,C,CG,6.829353
tcr_17_2,C,A,L,M,1,29,C,CA,9.170687
tcr_17_2,C,A,L,C,1,188,C,SG,7.2168317
tcr_17_2,C,A,L,C,1,125,C,N,9.902539
tcr_17_2,C,A,L,G,1,124,C,N,9.59683
tcr_17_2,C,A,L,G,1,124,C,CA,9.036027
tcr_17_2,C,A,L,G,1,124,C,C,9.969577
tcr_17_2,C,A,L,M,1,29,C,O,9.206059
tcr_17_2,C,A,L,Y,1,123,C,O,8.908478
tcr_17_2,C,A,L,Y,1,123,C,C,9.495097
tcr_17_2,C,A,L,M,1,29,C,C,9.044031
tcr_17_2,C,A,L,V,1,52,C,CG2,9.861007
tcr_17_2,C,A,L,Y,1,51,C,O,9.465864
tcr_17_2,C,A,L,R,1,30,C,N,9.046112
tcr_17_2,C,A,L,Y,1,51,C,N,9.6103325
tcr_17_2,C,A,L,Y,1,31,C,N,8.196988
tcr_17_2,C,A,L,R,1,30,C,O,8.637597
tcr_17_2,C,A,L,R,1,30,C,C,8.538177
tcr_17_2,C,A,L,R,1,30,C,CA,9.243697
tcr_17_2,C,A,L,Y,1,183,C,CE1,5.9619384
tcr_17_2,C,A,L,G,1,186,C,O,9.56484
tcr_17_2,C,A,L,Y,1,183,C,O,8.366425
tcr_17_2,C,A,L,Y,1,183,C,C,8.902724
tcr_17_2,C,A,L,Y,1,183,C,CA,8.931762
tcr_17_2,C,A,L,G,1,186,C,C,9.579699
tcr_17_2,C,A,L,C,1,188,C,N,6.7402167
tcr_17_2,C,A,L,Y,1,183,C,CD1,6.9666057
tcr_17_2,C,A,L,L,1,187,C,C,6.6697936
tcr_17_2,C,A,L,Y,1,183,C,CG,6.8811836
tcr_17_2,C,A,L,L,1,187,C,N,8.61282
tcr_17_2,C,A,L,Y,1,183,C,CB,8.249499
tcr_17_2,C,A,L,L,1,187,C,CA,7.378729
tcr_17_2,C,A,L,L,1,187,C,CG,7.456283
tcr_17_2,C,A,L,L,1,187,C,CB,6.6107697
tcr_17_2,C,A,L,L,1,187,C,CD1,7.211204
tcr_17_2,C,A,L,R,1,86,C,NH2,9.469404
tcr_17_2,C,A,L,Y,1,183,C,CD2,5.7423234
tcr_17_2,C,A,L,R,1,86,C,CZ,9.405214
tcr_17_2,C,A,L,L,1,187,C,CD2,7.5561213
tcr_17_2,C,A,L,W,1,191,C,NE1,5.4543567
tcr_17_2,C,A,L,W,1,191,C,CG,5.2303843
tcr_17_2,C,A,L,W,1,191,C,CE3,6.414649
tcr_17_2,C,A,L,W,1,191,C,CB,5.5273843
tcr_17_2,C,A,L,W,1,191,C,CE2,5.822113
tcr_17_2,C,A,L,L,1,192,C,N,8.014676
tcr_17_2,C,A,L,W,1,191,C,CD2,5.691922
tcr_17_2,C,A,L,L,1,187,C,O,6.394006
tcr_17_2,C,A,L,W,1,191,C,CD1,5.0950756
tcr_17_2,C,A,L,C,1,188,C,CA,6.5170126
tcr_17_2,C,A,L,M,1,29,C,SD,5.617966
tcr_17_2,C,A,L,M,1,29,C,CE,5.0184608
tcr_17_2,C,A,L,Y,1,183,C,CE2,4.463394
tcr_17_2,C,A,L,Y,1,31,C,CE2,3.7494032
tcr_17_2,C,A,L,Y,1,31,C,CD2,4.834485
tcr_17_2,C,A,L,Y,1,183,C,OH,3.770623
tcr_17_2,C,A,L,Y,1,123,C,OH,5.637132
tcr_17_2,C,A,L,Y,1,183,C,CZ,4.606761
tcr_17_2,C,A,L,Y,1,123,C,CE2,6.2545457
tcr_17_2,C,A,L,Y,1,123,C,CZ,6.487092
tcr_17_2,C,A,L,Y,1,123,C,CD2,7.448876
tcr_17_2,C,A,L,Y,1,31,C,CB,7.0288167
tcr_17_2,C,A,L,R,1,86,C,NE,8.468307
tcr_17_2,C,A,L,W,1,191,C,CZ2,6.6443954
tcr_17_2,C,A,L,R,1,86,C,CD,8.678179
tcr_17_2,C,A,L,R,1,86,C,CG,7.60906
tcr_17_2,C,A,L,R,1,86,C,N,9.892184
tcr_17_2,C,A,L,R,1,86,C,CB,8.318053
tcr_17_2,C,A,L,R,1,86,C,CA,8.925816
tcr_17_2,C,A,L,R,1,86,C,C,8.031539
tcr_17_2,C,A,L,R,1,86,C,O,8.076679
tcr_17_2,C,A,L,I,1,90,C,CG1,7.0905724
tcr_17_2,C,A,L,I,1,90,C,CD1,5.721345
tcr_17_2,C,A,L,I,1,90,C,N,9.41438
tcr_17_2,C,A,L,I,1,90,C,CB,7.317095
tcr_17_2,C,A,L,F,1,57,C,CE1,7.804482
tcr_17_2,C,A,L,F,1,57,C,CD1,9.029884
tcr_17_2,C,A,L,F,1,57,C,CE2,6.849262
tcr_17_2,C,A,L,H,1,195,C,CG,8.530492
tcr_17_2,C,A,L,H,1,195,C,CD2,7.2835603
tcr_17_2,C,A,L,F,1,57,C,CZ,6.599558
tcr_17_2,C,A,L,F,1,57,C,CG,9.220906
tcr_17_2,C,A,L,F,1,57,C,CD2,8.220194
tcr_17_2,C,A,L,H,1,195,C,NE2,6.4457626
tcr_17_2,C,A,L,H,1,195,C,CE1,7.3565116
tcr_17_2,C,A,L,I,1,76,C,CD1,9.141169
tcr_17_2,C,A,L,Y,1,83,C,CE2,5.9816422
tcr_17_2,C,A,L,Y,1,83,C,CZ,6.329448
tcr_17_2,C,A,L,Y,1,83,C,CE1,7.509167
tcr_17_2,C,A,L,Y,1,83,C,OH,5.8287754
tcr_17_2,C,A,L,I,1,76,C,CG1,9.93276
tcr_17_2,C,A,L,Y,1,83,C,CG,8.014819
tcr_17_2,C,A,L,Y,1,83,C,CD1,8.26841
tcr_17_2,C,A,L,Y,1,83,C,CD2,6.917711
tcr_17_2,C,A,L,Y,1,31,C,OH,3.268374
tcr_17_2,C,A,L,Y,1,31,C,CG,5.71189
tcr_17_2,C,A,L,Y,1,31,C,CA,8.166787
tcr_17_2,C,A,L,Y,1,31,C,CD1,5.69201
tcr_17_2,C,A,L,G,1,50,C,N,9.321614
tcr_17_2,C,A,L,G,1,50,C,CA,8.50851
tcr_17_2,C,A,L,Y,1,31,C,CZ,3.7372415
tcr_17_2,C,A,L,G,1,50,C,C,9.465836
tcr_17_2,C,A,L,Y,1,31,C,CE1,4.8097167
tcr_17_2,C,A,L,V,1,49,C,C,9.81936
tcr_17_2,C,A,L,V,1,58,C,CG2,7.6972876
tcr_17_2,C,A,L,V,1,58,C,CB,8.801215
tcr_17_2,C,A,L,F,1,91,C,CE2,7.488239
tcr_17_2,C,A,L,V,1,58,C,CG1,8.578589
tcr_17_2,C,A,L,F,1,91,C,CZ,6.7297454
tcr_17_2,C,A,L,N,1,87,C,OD1,4.9296494
tcr_17_2,C,A,L,F,1,91,C,CD2,8.4793215
tcr_17_2,C,A,L,T,1,69,C,CG2,9.296791
tcr_17_2,C,A,L,N,1,87,C,ND2,5.714362
tcr_17_2,C,A,L,N,1,87,C,CG,5.6859245
tcr_17_2,C,A,L,N,1,87,C,CB,6.960293
tcr_17_2,C,A,L,Y,1,83,C,C,9.023408
tcr_17_2,C,A,L,Y,1,83,C,CA,9.116422
tcr_17_2,C,A,L,Y,1,83,C,O,8.115362
tcr_17_2,C,A,L,Y,1,83,C,CB,9.140672
tcr_17_2,C,A,L,N,1,87,C,CA,7.058162
tcr_17_2,C,A,L,T,1,69,C,OG1,9.734766
tcr_17_2,C,A,L,N,1,87,C,O,8.2243595
tcr_17_2,C,A,L,T,1,88,C,N,9.443972
tcr_17_2,C,A,L,N,1,87,C,N,7.540594
tcr_17_2,C,A,L,N,1,87,C,C,8.23975
tcr_17_2,C,A,L,Y,1,123,C,CB,9.945921
tcr_17_2,C,A,L,Y,1,31,C,C,9.513651
tcr_17_2,C,A,L,Y,1,31,C,O,9.989167
tcr_17_2,C,A,L,Y,1,33,C,CZ,8.19473
tcr_17_2,C,A,L,Y,1,123,C,CE1,7.833357
tcr_17_2,C,A,L,Y,1,33,C,CE2,9.2687
tcr_17_2,C,A,L,Y,1,123,C,CD1,8.809963
tcr_17_2,C,A,L,Y,1,123,C,CG,8.649181
tcr_17_2,C,A,L,Y,1,33,C,CD1,9.887237
tcr_17_2,C,A,L,Y,1,33,C,CE1,8.543903
tcr_17_2,C,A,L,V,1,49,C,O,9.600335
tcr_17_2,C,A,L,F,1,91,C,CD1,8.144588
tcr_17_2,C,A,L,F,1,91,C,CG,8.784299
tcr_17_2,C,A,L,I,1,90,C,CG2,6.9996853
tcr_17_2,C,A,L,F,1,91,C,CE1,7.1010866
tcr_17_2,C,A,L,Y,1,33,C,OH,6.997546
tcr_17_2,C,A,L,N,1,94,C,ND2,9.195191
tcr_17_2,C,A,L,F,1,91,C,N,9.399979
tcr_17_2,C,A,L,I,1,90,C,CA,8.848656
tcr_17_2,C,A,L,I,1,90,C,C,9.438098
tcr_17_2,C,A,L,V,1,189,O,C,8.949048
tcr_17_2,C,A,L,E,1,190,O,CA,9.045424
tcr_17_2,C,A,L,E,1,190,O,N,8.65814
tcr_17_2,C,A,L,W,1,191,O,N,7.0744615
tcr_17_2,C,A,L,E,1,190,O,C,8.393367
tcr_17_2,C,A,L,V,1,189,O,O,9.517794
tcr_17_2,C,A,L,E,1,190,O,O,9.222756
tcr_17_2,C,A,L,L,1,192,O,CA,8.4033165
tcr_17_2,C,A,L,W,1,191,O,C,7.2508945
tcr_17_2,C,A,L,L,1,192,O,C,9.76565
tcr_17_2,C,A,L,W,1,191,O,O,7.94447
tcr_17_2,C,A,L,H,1,195,O,CB,9.764726
tcr_17_2,C,A,L,H,1,195,O,ND1,8.769274
tcr_17_2,C,A,L,E,1,190,O,OE2,9.869435
tcr_17_2,C,A,L,E,1,190,O,CB,9.057254
tcr_17_2,C,A,L,W,1,191,O,CA,6.618616
tcr_17_2,C,A,L,W,1,191,O,CZ3,7.580818
tcr_17_2,C,A,L,W,1,191,O,CH2,7.7477074
tcr_17_2,C,A,L,V,1,189,O,CA,8.848836
tcr_17_2,C,A,L,V,1,189,O,N,7.643437
tcr_17_2,C,A,L,L,1,184,O,O,9.485784
tcr_17_2,C,A,L,L,1,184,O,C,9.581617
tcr_17_2,C,A,L,L,1,184,O,CA,8.826894
tcr_17_2,C,A,L,C,1,188,O,CB,5.847923
tcr_17_2,C,A,L,C,1,125,O,CB,9.158627
tcr_17_2,C,A,L,L,1,184,O,N,8.570621
tcr_17_2,C,A,L,L,1,184,O,CG,9.447954
tcr_17_2,C,A,L,L,1,184,O,CD2,8.637337
tcr_17_2,C,A,L,L,1,184,O,CB,9.833282
tcr_17_2,C,A,L,C,1,188,O,C,6.4323635
tcr_17_2,C,A,L,L,1,192,O,CB,8.62356
tcr_17_2,C,A,L,L,1,192,O,CG,9.904633
tcr_17_2,C,A,L,C,1,188,O,O,6.3521743
tcr_17_2,C,A,L,M,1,29,O,N,9.613997
tcr_17_2,C,A,L,C,1,125,O,SG,7.8296156
tcr_17_2,C,A,L,M,1,29,O,CB,7.3080277
tcr_17_2,C,A,L,M,1,29,O,CG,6.303379
tcr_17_2,C,A,L,M,1,29,O,CA,8.509873
tcr_17_2,C,A,L,C,1,188,O,SG,6.0562367
tcr_17_2,C,A,L,C,1,125,O,N,8.8379
tcr_17_2,C,A,L,G,1,124,O,N,8.689794
tcr_17_2,C,A,L,G,1,124,O,CA,8.072402
tcr_17_2,C,A,L,G,1,124,O,C,8.918121
tcr_17_2,C,A,L,M,1,29,O,O,8.403172
tcr_17_2,C,A,L,C,1,125,O,CA,9.762578
tcr_17_2,C,A,L,Y,1,123,O,O,8.222913
tcr_17_2,C,A,L,Y,1,123,O,C,8.714972
tcr_17_2,C,A,L,M,1,29,O,C,8.362107
tcr_17_2,C,A,L,G,1,124,O,O,9.803634
tcr_17_2,C,A,L,V,1,52,O,CG2,9.691466
tcr_17_2,C,A,L,Y,1,51,O,O,9.213296
tcr_17_2,C,A,L,R,1,30,O,N,8.5059595
tcr_17_2,C,A,L,Y,1,51,O,N,9.653373
tcr_17_2,C,A,L,Y,1,31,O,N,7.855488
tcr_17_2,C,A,L,R,1,30,O,O,8.437839
tcr_17_2,C,A,L,R,1,30,O,C,8.194098
tcr_17_2,C,A,L,R,1,30,O,CA,8.729274
tcr_17_2,C,A,L,Y,1,183,O,N,9.349554
tcr_17_2,C,A,L,Y,1,183,O,CE1,4.8801665
tcr_17_2,C,A,L,G,1,186,O,CA,9.876604
tcr_17_2,C,A,L,G,1,186,O,O,8.567892
tcr_17_2,C,A,L,Y,1,183,O,O,7.221557
tcr_17_2,C,A,L,Y,1,183,O,C,7.7764983
tcr_17_2,C,A,L,Y,1,183,O,CA,7.91211
tcr_17_2,C,A,L,G,1,186,O,C,8.586608
tcr_17_2,C,A,L,C,1,188,O,N,5.6339865
tcr_17_2,C,A,L,Y,1,183,O,CD1,5.904997
tcr_17_2,C,A,L,L,1,187,O,C,5.7032013
tcr_17_2,C,A,L,Y,1,183,O,CG,5.881377
tcr_17_2,C,A,L,L,1,187,O,N,7.6693544
tcr_17_2,C,A,L,Y,1,183,O,CB,7.2905893
tcr_17_2,C,A,L,L,1,187,O,CA,6.5093274
tcr_17_2,C,A,L,L,1,187,O,CG,6.857648
tcr_17_2,C,A,L,L,1,187,O,CB,5.8340254
tcr_17_2,C,A,L,L,1,187,O,CD1,6.729632
tcr_17_2,C,A,L,R,1,86,O,NH2,9.937085
tcr_17_2,C,A,L,Y,1,183,O,CD2,4.803268
tcr_17_2,C,A,L,L,1,187,O,CD2,7.128829
tcr_17_2,C,A,L,W,1,191,O,NE1,5.4440565
tcr_17_2,C,A,L,W,1,191,O,CG,5.036397
tcr_17_2,C,A,L,W,1,191,O,CE3,6.6632257
tcr_17_2,C,A,L,W,1,191,O,CB,5.1355333
tcr_17_2,C,A,L,W,1,191,O,CE2,6.01738
tcr_17_2,C,A,L,L,1,192,O,N,7.399255
tcr_17_2,C,A,L,W,1,191,O,CD2,5.7972436
tcr_17_2,C,A,L,L,1,187,O,O,5.531377
tcr_17_2,C,A,L,W,1,191,O,CD1,4.824887
tcr_17_2,C,A,L,C,1,188,O,CA,5.366383
tcr_17_2,C,A,L,M,1,29,O,SD,5.1410556
tcr_17_2,C,A,L,M,1,29,O,CE,4.202845
tcr_17_2,C,A,L,Y,1,183,O,CE2,3.4599478
tcr_17_2,C,A,L,Y,1,31,O,CE2,3.6249156
tcr_17_2,C,A,L,Y,1,31,O,CD2,4.603568
tcr_17_2,C,A,L,Y,1,183,O,OH,2.6926
tcr_17_2,C,A,L,Y,1,123,O,OH,5.512776
tcr_17_2,C,A,L,Y,1,183,O,CZ,3.5144148
tcr_17_2,C,A,L,Y,1,123,O,CE2,5.6564336
tcr_17_2,C,A,L,Y,1,123,O,CZ,6.1399064
tcr_17_2,C,A,L,Y,1,123,O,CD2,6.7287636
tcr_17_2,C,A,L,Y,1,31,O,CB,6.921606
tcr_17_2,C,A,L,R,1,86,O,NE,9.158939
tcr_17_2,C,A,L,W,1,191,O,CZ2,7.035551
tcr_17_2,C,A,L,R,1,86,O,CD,9.518738
tcr_17_2,C,A,L,R,1,86,O,CG,8.5230055
tcr_17_2,C,A,L,R,1,86,O,CB,9.338122
tcr_17_2,C,A,L,R,1,86,O,C,9.149513
tcr_17_2,C,A,L,R,1,86,O,O,9.1390505
tcr_17_2,C,A,L,I,1,90,O,CG1,7.8666673
tcr_17_2,C,A,L,I,1,90,O,CD1,6.5228724
tcr_17_2,C,A,L,I,1,90,O,CB,8.129241
tcr_17_2,C,A,L,F,1,57,O,CE1,7.9903007
tcr_17_2,C,A,L,F,1,57,O,CD1,9.286885
tcr_17_2,C,A,L,F,1,57,O,CE2,7.3393335
tcr_17_2,C,A,L,H,1,195,O,CG,8.581836
tcr_17_2,C,A,L,H,1,195,O,CD2,7.2988296
tcr_17_2,C,A,L,F,1,57,O,CZ,6.89982
tcr_17_2,C,A,L,F,1,57,O,CG,9.625937
tcr_17_2,C,A,L,F,1,57,O,CD2,8.735099
tcr_17_2,C,A,L,H,1,195,O,NE2,6.654359
tcr_17_2,C,A,L,H,1,195,O,CE1,7.676905
tcr_17_2,C,A,L,I,1,76,O,CD1,9.786933
tcr_17_2,C,A,L,Y,1,83,O,CE2,6.882687
tcr_17_2,C,A,L,Y,1,83,O,CZ,7.2800455
tcr_17_2,C,A,L,Y,1,83,O,CE1,8.528521
tcr_17_2,C,A,L,Y,1,83,O,OH,6.6990733
tcr_17_2,C,A,L,Y,1,83,O,CG,9.018452
tcr_17_2,C,A,L,Y,1,83,O,CD1,9.315522
tcr_17_2,C,A,L,Y,1,83,O,CD2,7.8443937
tcr_17_2,C,A,L,Y,1,31,O,OH,3.7879
tcr_17_2,C,A,L,Y,1,31,O,CG,5.7008142
tcr_17_2,C,A,L,Y,1,31,O,CA,8.011737
tcr_17_2,C,A,L,Y,1,31,O,CD1,5.967325
tcr_17_2,C,A,L,G,1,50,O,N,9.716436
tcr_17_2,C,A,L,G,1,50,O,CA,8.7925625
tcr_17_2,C,A,L,Y,1,31,O,CZ,4.0491347
tcr_17_2,C,A,L,G,1,50,O,C,9.67458
tcr_17_2,C,A,L,Y,1,31,O,CE1,5.2562976
tcr_17_2,C,A,L,V,1,58,O,CG2,8.45487
tcr_17_2,C,A,L,V,1,58,O,CB,9.650581
tcr_17_2,C,A,L,F,1,91,O,CE2,8.474887
tcr_17_2,C,A,L,V,1,58,O,CG1,9.472167
tcr_17_2,C,A,L,F,1,91,O,CZ,7.5954266
tcr_17_2,C,A,L,N,1,87,O,OD1,6.1185756
tcr_17_2,C,A,L,F,1,91,O,CD2,9.477127
tcr_17_2,C,A,L,N,1,87,O,ND2,6.9164534
tcr_17_2,C,A,L,N,1,87,O,CG,6.9071074
tcr_17_2,C,A,L,N,1,87,O,CB,8.180714
tcr_17_2,C,A,L,Y,1,83,O,O,9.2895565
tcr_17_2,C,A,L,N,1,87,O,CA,8.250068
tcr_17_2,C,A,L,N,1,87,O,O,9.316614
tcr_17_2,C,A,L,N,1,87,O,N,8.721457
tcr_17_2,C,A,L,N,1,87,O,C,9.396854
tcr_17_2,C,A,L,L,1,180,O,CD1,9.794142
tcr_17_2,C,A,L,Y,1,123,O,CB,9.219688
tcr_17_2,C,A,L,Y,1,123,O,CA,9.674253
tcr_17_2,C,A,L,Y,1,31,O,C,9.349594
tcr_17_2,C,A,L,Y,1,31,O,O,9.702923
tcr_17_2,C,A,L,Y,1,33,O,CZ,8.406193
tcr_17_2,C,A,L,Y,1,123,O,CE1,7.5257597
tcr_17_2,C,A,L,Y,1,33,O,CE2,9.380588
tcr_17_2,C,A,L,Y,1,123,O,CD1,8.354953
tcr_17_2,C,A,L,Y,1,123,O,CG,8.014261
tcr_17_2,C,A,L,Y,1,33,O,CE1,8.823134
tcr_17_2,C,A,L,V,1,49,O,O,9.83541
tcr_17_2,C,A,L,F,1,91,O,CD1,8.930012
tcr_17_2,C,A,L,F,1,91,O,CG,9.691665
tcr_17_2,C,A,L,I,1,90,O,CG2,7.6452675
tcr_17_2,C,A,L,F,1,91,O,CE1,7.8521876
tcr_17_2,C,A,L,Y,1,33,O,OH,7.250932
tcr_17_2,C,A,L,N,1,94,O,ND2,9.560954
tcr_17_2,C,A,L,I,1,90,O,CA,9.669075
tcr_17_2,C,A,L,V,1,189,CB,C,9.5615225
tcr_17_2,C,A,L,E,1,190,CB,CA,8.841674
tcr_17_2,C,A,L,E,1,190,CB,N,8.94337
tcr_17_2,C,A,L,W,1,191,CB,N,6.8254304
tcr_17_2,C,A,L,E,1,190,CB,C,8.033103
tcr_17_2,C,A,L,E,1,190,CB,O,8.685762
tcr_17_2,C,A,L,L,1,192,CB,CA,9.128073
tcr_17_2,C,A,L,W,1,191,CB,C,7.2595315
tcr_17_2,C,A,L,W,1,191,CB,O,7.7391076
tcr_17_2,C,A,L,H,1,195,CB,CB,9.736841
tcr_17_2,C,A,L,R,1,194,CB,NE,8.909368
tcr_17_2,C,A,L,H,1,195,CB,ND1,8.091907
tcr_17_2,C,A,L,R,1,194,CB,CD,8.418156
tcr_17_2,C,A,L,E,1,190,CB,OE2,8.89089
tcr_17_2,C,A,L,E,1,190,CB,CB,8.525892
tcr_17_2,C,A,L,W,1,191,CB,CA,6.2377067
tcr_17_2,C,A,L,E,1,190,CB,CG,9.760587
tcr_17_2,C,A,L,R,1,194,CB,CB,9.174998
tcr_17_2,C,A,L,E,1,190,CB,CD,9.781717
tcr_17_2,C,A,L,R,1,194,CB,CG,9.404458
tcr_17_2,C,A,L,W,1,191,CB,CZ3,5.3013372
tcr_17_2,C,A,L,E,1,79,CB,OE1,9.010846
tcr_17_2,C,A,L,R,1,194,CB,CZ,9.879243
tcr_17_2,C,A,L,W,1,191,CB,CH2,5.075119
tcr_17_2,C,A,L,E,1,79,CB,OE2,8.816689
tcr_17_2,C,A,L,E,1,79,CB,CG,9.0526
tcr_17_2,C,A,L,E,1,79,CB,CD,8.851974
tcr_17_2,C,A,L,E,1,79,CB,CB,9.611808
tcr_17_2,C,A,L,V,1,189,CB,CA,9.919746
tcr_17_2,C,A,L,V,1,189,CB,N,8.892217
tcr_17_2,C,A,L,C,1,188,CB,CB,7.9706473
tcr_17_2,C,A,L,C,1,188,CB,C,7.816797
tcr_17_2,C,A,L,L,1,192,CB,CB,9.791467
tcr_17_2,C,A,L,C,1,188,CB,O,7.642457
tcr_17_2,C,A,L,M,1,29,CB,CB,9.393362
tcr_17_2,C,A,L,M,1,29,CB,CG,8.336965
tcr_17_2,C,A,L,C,1,188,CB,SG,8.525366
tcr_17_2,C,A,L,Y,1,183,CB,CE1,7.544476
tcr_17_2,C,A,L,G,1,186,CB,O,9.100322
tcr_17_2,C,A,L,Y,1,183,CB,O,8.772651
tcr_17_2,C,A,L,Y,1,183,CB,C,9.458877
tcr_17_2,C,A,L,Y,1,183,CB,CA,9.351125
tcr_17_2,C,A,L,G,1,186,CB,C,9.097936
tcr_17_2,C,A,L,C,1,188,CB,N,6.8571453
tcr_17_2,C,A,L,Y,1,183,CB,CD1,8.274
tcr_17_2,C,A,L,L,1,187,CB,C,6.2992373
tcr_17_2,C,A,L,Y,1,183,CB,CG,7.807151
tcr_17_2,C,A,L,L,1,187,CB,N,8.064185
tcr_17_2,C,A,L,Y,1,183,CB,CB,8.945697
tcr_17_2,C,A,L,L,1,187,CB,CA,6.672868
tcr_17_2,C,A,L,L,1,187,CB,CG,6.3325677
tcr_17_2,C,A,L,L,1,187,CB,CB,5.8690686
tcr_17_2,C,A,L,L,1,187,CB,CD1,6.187881
tcr_17_2,C,A,L,R,1,86,CB,NH2,8.562026
tcr_17_2,C,A,L,Y,1,183,CB,CD2,6.45801
tcr_17_2,C,A,L,R,1,86,CB,CZ,8.430475
tcr_17_2,C,A,L,L,1,187,CB,CD2,5.9693756
tcr_17_2,C,A,L,W,1,191,CB,NE1,3.307908
tcr_17_2,C,A,L,W,1,191,CB,CG,3.865054
tcr_17_2,C,A,L,W,1,191,CB,CE3,4.79705
tcr_17_2,C,A,L,W,1,191,CB,CB,4.808496
tcr_17_2,C,A,L,W,1,191,CB,CE2,3.5975876
tcr_17_2,C,A,L,L,1,192,CB,N,7.9072895
tcr_17_2,C,A,L,W,1,191,CB,CD2,3.9232626
tcr_17_2,C,A,L,L,1,187,CB,O,5.8449388
tcr_17_2,C,A,L,W,1,191,CB,CD1,3.4967437
tcr_17_2,C,A,L,C,1,188,CB,CA,7.013197
tcr_17_2,C,A,L,M,1,29,CB,SD,6.760332
tcr_17_2,C,A,L,M,1,29,CB,CE,6.2430367
tcr_17_2,C,A,L,Y,1,183,CB,CE2,5.482651
tcr_17_2,C,A,L,Y,1,31,CB,CE2,6.100419
tcr_17_2,C,A,L,Y,1,31,CB,CD2,7.2988195
tcr_17_2,C,A,L,Y,1,183,CB,OH,5.6645274
tcr_17_2,C,A,L,Y,1,123,CB,OH,8.009698
tcr_17_2,C,A,L,Y,1,183,CB,CZ,6.1400795
tcr_17_2,C,A,L,Y,1,123,CB,CE2,8.590917
tcr_17_2,C,A,L,Y,1,123,CB,CZ,8.890286
tcr_17_2,C,A,L,Y,1,123,CB,CD2,9.738835
tcr_17_2,C,A,L,Y,1,31,CB,CB,9.541793
tcr_17_2,C,A,L,R,1,86,CB,NE,7.3411236
tcr_17_2,C,A,L,W,1,191,CB,CZ2,4.266756
tcr_17_2,C,A,L,R,1,86,CB,CD,7.4863257
tcr_17_2,C,A,L,R,1,86,CB,CG,6.278344
tcr_17_2,C,A,L,R,1,86,CB,N,8.846617
tcr_17_2,C,A,L,R,1,86,CB,CB,6.9644027
tcr_17_2,C,A,L,R,1,86,CB,CA,7.934639
tcr_17_2,C,A,L,E,1,82,CB,O,8.627947
tcr_17_2,C,A,L,R,1,86,CB,C,7.4421077
tcr_17_2,C,A,L,R,1,86,CB,NH1,9.560884
tcr_17_2,C,A,L,R,1,86,CB,O,7.744521
tcr_17_2,C,A,L,I,1,90,CB,CG1,7.34069
tcr_17_2,C,A,L,I,1,90,CB,CD1,5.814352
tcr_17_2,C,A,L,I,1,90,CB,N,9.73507
tcr_17_2,C,A,L,I,1,90,CB,CB,7.9879937
tcr_17_2,C,A,L,F,1,57,CB,CE1,9.1645355
tcr_17_2,C,A,L,F,1,57,CB,CE2,7.735578
tcr_17_2,C,A,L,H,1,195,CB,CG,8.370321
tcr_17_2,C,A,L,H,1,195,CB,CD2,7.3612804
tcr_17_2,C,A,L,F,1,57,CB,CZ,7.8457932
tcr_17_2,C,A,L,F,1,57,CB,CD2,8.972332
tcr_17_2,C,A,L,H,1,195,CB,NE2,6.3282733
tcr_17_2,C,A,L,H,1,195,CB,CE1,6.881109
tcr_17_2,C,A,L,I,1,76,CB,CD1,8.798567
tcr_17_2,C,A,L,Y,1,83,CB,CE2,4.816583
tcr_17_2,C,A,L,Y,1,83,CB,CZ,5.6886635
tcr_17_2,C,A,L,Y,1,83,CB,CE1,6.8786674
tcr_17_2,C,A,L,Y,1,83,CB,OH,5.69123
tcr_17_2,C,A,L,I,1,76,CB,CG1,9.731306
tcr_17_2,C,A,L,Y,1,83,CB,CG,6.6328683
tcr_17_2,C,A,L,Y,1,83,CB,CD1,7.283117
tcr_17_2,C,A,L,Y,1,83,CB,CD2,5.3882174
tcr_17_2,C,A,L,Y,1,31,CB,OH,5.0001287
tcr_17_2,C,A,L,Y,1,31,CB,CG,8.18349
tcr_17_2,C,A,L,Y,1,31,CB,CD1,8.022975
tcr_17_2,C,A,L,Y,1,31,CB,CZ,5.901335
tcr_17_2,C,A,L,Y,1,31,CB,CE1,6.9560246
tcr_17_2,C,A,L,V,1,58,CB,CG2,9.023114
tcr_17_2,C,A,L,V,1,58,CB,CB,9.840151
tcr_17_2,C,A,L,F,1,91,CB,CE2,8.831019
tcr_17_2,C,A,L,V,1,58,CB,CG1,9.248821
tcr_17_2,C,A,L,F,1,91,CB,CZ,8.400292
tcr_17_2,C,A,L,N,1,87,CB,OD1,5.4921236
tcr_17_2,C,A,L,F,1,91,CB,CD2,9.709997
tcr_17_2,C,A,L,T,1,69,CB,CG2,9.88944
tcr_17_2,C,A,L,N,1,87,CB,ND2,5.245932
tcr_17_2,C,A,L,N,1,87,CB,CG,5.7579107
tcr_17_2,C,A,L,N,1,87,CB,CB,7.0448036
tcr_17_2,C,A,L,Y,1,83,CB,C,7.772767
tcr_17_2,C,A,L,Y,1,83,CB,CA,7.4973288
tcr_17_2,C,A,L,Y,1,83,CB,O,7.0553603
tcr_17_2,C,A,L,Y,1,83,CB,CB,7.5235214
tcr_17_2,C,A,L,W,1,84,CB,CA,9.711006
tcr_17_2,C,A,L,W,1,84,CB,N,9.029854
tcr_17_2,C,A,L,Y,1,83,CB,N,8.691159
tcr_17_2,C,A,L,E,1,82,CB,C,9.135359
tcr_17_2,C,A,L,N,1,87,CB,CA,7.076538
tcr_17_2,C,A,L,W,1,84,CB,O,9.979668
tcr_17_2,C,A,L,N,1,87,CB,O,8.77295
tcr_17_2,C,A,L,T,1,88,CB,N,9.519329
tcr_17_2,C,A,L,N,1,87,CB,N,7.0635533
tcr_17_2,C,A,L,N,1,87,CB,C,8.485229
tcr_17_2,C,A,L,W,1,84,CB,C,9.993928
tcr_17_2,C,A,L,D,1,85,CB,C,9.982796
tcr_17_2,C,A,L,F,1,91,CB,CD1,9.79444
tcr_17_2,C,A,L,I,1,90,CB,CG2,8.078589
tcr_17_2,C,A,L,F,1,91,CB,CE1,8.918927
tcr_17_2,C,A,L,Y,1,33,CB,OH,9.198563
tcr_17_2,C,A,L,I,1,90,CB,CA,9.470413
tcr_17_2,C,A,L,W,1,191,CG,N,8.228819
tcr_17_2,C,A,L,E,1,190,CG,C,9.390689
tcr_17_2,C,A,L,W,1,191,CG,C,8.769585
tcr_17_2,C,A,L,W,1,191,CG,O,9.219037
tcr_17_2,C,A,L,R,1,194,CG,NE,9.746773
tcr_17_2,C,A,L,H,1,195,CG,ND1,9.319791
tcr_17_2,C,A,L,R,1,194,CG,CD,9.41734
tcr_17_2,C,A,L,E,1,190,CG,OE2,9.664793
tcr_17_2,C,A,L,E,1,190,CG,CB,9.658283
tcr_17_2,C,A,L,W,1,191,CG,CA,7.700419
tcr_17_2,C,A,L,W,1,191,CG,CZ3,6.13389
tcr_17_2,C,A,L,E,1,79,CG,OE1,9.762084
tcr_17_2,C,A,L,W,1,191,CG,CH2,5.6215267
tcr_17_2,C,A,L,E,1,79,CG,OE2,9.255276
tcr_17_2,C,A,L,E,1,79,CG,CG,9.544923
tcr_17_2,C,A,L,E,1,79,CG,CD,9.424279
tcr_17_2,C,A,L,E,1,79,CG,CB,9.872814
tcr_17_2,C,A,L,C,1,188,CG,CB,9.0911455
tcr_17_2,C,A,L,C,1,188,CG,C,9.156283
tcr_17_2,C,A,L,C,1,188,CG,O,9.076669
tcr_17_2,C,A,L,M,1,29,CG,CG,9.657974
tcr_17_2,C,A,L,C,1,188,CG,SG,9.715996
tcr_17_2,C,A,L,Y,1,183,CG,CE1,8.155919
tcr_17_2,C,A,L,Y,1,183,CG,O,9.53338
tcr_17_2,C,A,L,Y,1,183,CG,CA,9.75495
tcr_17_2,C,A,L,G,1,186,CG,C,9.989484
tcr_17_2,C,A,L,C,1,188,CG,N,7.937614
tcr_17_2,C,A,L,Y,1,183,CG,CD1,8.772781
tcr_17_2,C,A,L,L,1,187,CG,C,7.383127
tcr_17_2,C,A,L,Y,1,183,CG,CG,8.18584
tcr_17_2,C,A,L,L,1,187,CG,N,8.847404
tcr_17_2,C,A,L,Y,1,183,CG,CB,9.219101
tcr_17_2,C,A,L,L,1,187,CG,CA,7.524519
tcr_17_2,C,A,L,L,1,187,CG,CG,6.667909
tcr_17_2,C,A,L,L,1,187,CG,CB,6.4823685
tcr_17_2,C,A,L,L,1,187,CG,CD1,6.195275
tcr_17_2,C,A,L,R,1,86,CG,NH2,7.1645617
tcr_17_2,C,A,L,Y,1,183,CG,CD2,6.81452
tcr_17_2,C,A,L,R,1,86,CG,CZ,6.9488254
tcr_17_2,C,A,L,L,1,187,CG,CD2,6.3117604
tcr_17_2,C,A,L,W,1,191,CG,NE1,4.2047524
tcr_17_2,C,A,L,W,1,191,CG,CG,5.2535043
tcr_17_2,C,A,L,W,1,191,CG,CE3,5.9188366
tcr_17_2,C,A,L,W,1,191,CG,CB,6.3087754
tcr_17_2,C,A,L,W,1,191,CG,CE2,4.4765124
tcr_17_2,C,A,L,L,1,192,CG,N,9.438199
tcr_17_2,C,A,L,W,1,191,CG,CD2,5.1222243
tcr_17_2,C,A,L,L,1,187,CG,O,7.076897
tcr_17_2,C,A,L,W,1,191,CG,CD1,4.721577
tcr_17_2,C,A,L,C,1,188,CG,CA,8.232236
tcr_17_2,C,A,L,M,1,29,CG,SD,8.161456
tcr_17_2,C,A,L,M,1,29,CG,CE,7.623936
tcr_17_2,C,A,L,Y,1,183,CG,CE2,5.98917
tcr_17_2,C,A,L,Y,1,31,CG,CE2,6.9082685
tcr_17_2,C,A,L,Y,1,31,CG,CD2,7.9936285
tcr_17_2,C,A,L,Y,1,183,CG,OH,6.433828
tcr_17_2,C,A,L,Y,1,123,CG,OH,8.081452
tcr_17_2,C,A,L,Y,1,183,CG,CZ,6.7786827
tcr_17_2,C,A,L,Y,1,123,CG,CE2,8.9754925
tcr_17_2,C,A,L,Y,1,123,CG,CZ,9.10154
tcr_17_2,C,A,L,R,1,86,CG,NE,5.838364
tcr_17_2,C,A,L,W,1,191,CG,CZ2,4.7737613
tcr_17_2,C,A,L,E,1,82,CG,CB,9.779149
tcr_17_2,C,A,L,R,1,86,CG,CD,5.96942
tcr_17_2,C,A,L,R,1,86,CG,CG,4.805365
tcr_17_2,C,A,L,R,1,86,CG,N,7.597828
tcr_17_2,C,A,L,R,1,86,CG,CB,5.61249
tcr_17_2,C,A,L,R,1,86,CG,CA,6.573182
tcr_17_2,C,A,L,E,1,82,CG,O,7.6208935
tcr_17_2,C,A,L,R,1,86,CG,C,6.1197333
tcr_17_2,C,A,L,R,1,86,CG,NH1,8.050213
tcr_17_2,C,A,L,R,1,86,CG,O,6.3680186
tcr_17_2,C,A,L,I,1,90,CG,CG1,6.015761
tcr_17_2,C,A,L,Q,1,89,CG,CB,9.71633
tcr_17_2,C,A,L,Q,1,89,CG,OE1,9.587986
tcr_17_2,C,A,L,I,1,90,CG,CD1,4.4898157
tcr_17_2,C,A,L,Q,1,89,CG,N,9.595136
tcr_17_2,C,A,L,I,1,90,CG,N,8.421937
tcr_17_2,C,A,L,I,1,90,CG,CB,6.810756
tcr_17_2,C,A,L,F,1,57,CG,CE2,8.646962
tcr_17_2,C,A,L,H,1,195,CG,CG,9.710859
tcr_17_2,C,A,L,H,1,195,CG,CD2,8.733062
tcr_17_2,C,A,L,F,1,57,CG,CZ,8.846857
tcr_17_2,C,A,L,F,1,57,CG,CD2,9.84677
tcr_17_2,C,A,L,H,1,195,CG,NE2,7.612709
tcr_17_2,C,A,L,H,1,195,CG,CE1,8.060162
tcr_17_2,C,A,L,I,1,76,CG,CD1,9.591703
tcr_17_2,C,A,L,Y,1,83,CG,CE2,5.2027097
tcr_17_2,C,A,L,Y,1,83,CG,CZ,6.0690656
tcr_17_2,C,A,L,Y,1,83,CG,CE1,7.0488524
tcr_17_2,C,A,L,Y,1,83,CG,OH,6.2856126
tcr_17_2,C,A,L,Y,1,83,CG,CG,6.5591764
tcr_17_2,C,A,L,Y,1,83,CG,CD1,7.259645
tcr_17_2,C,A,L,Y,1,83,CG,CD2,5.4932895
tcr_17_2,C,A,L,Y,1,31,CG,OH,5.802346
tcr_17_2,C,A,L,Y,1,31,CG,CG,8.71719
tcr_17_2,C,A,L,Y,1,31,CG,CD1,8.464575
tcr_17_2,C,A,L,Y,1,31,CG,CZ,6.6020637
tcr_17_2,C,A,L,Y,1,31,CG,CE1,7.4511456
tcr_17_2,C,A,L,V,1,58,CG,CG2,9.416046
tcr_17_2,C,A,L,F,1,91,CG,CE2,8.426735
tcr_17_2,C,A,L,V,1,58,CG,CG1,9.586839
tcr_17_2,C,A,L,F,1,91,CG,CZ,8.122135
tcr_17_2,C,A,L,N,1,87,CG,OD1,5.1970773
tcr_17_2,C,A,L,F,1,91,CG,CD2,9.119415
tcr_17_2,C,A,L,T,1,69,CG,CG2,9.577454
tcr_17_2,C,A,L,N,1,87,CG,ND2,4.8019257
tcr_17_2,C,A,L,N,1,87,CG,CG,5.261315
tcr_17_2,C,A,L,N,1,87,CG,CB,6.326919
tcr_17_2,C,A,L,Y,1,83,CG,C,7.1016626
tcr_17_2,C,A,L,Y,1,83,CG,CA,6.9214287
tcr_17_2,C,A,L,Y,1,83,CG,O,6.2817
tcr_17_2,C,A,L,Y,1,83,CG,CB,7.256394
tcr_17_2,C,A,L,W,1,84,CG,CA,9.027266
tcr_17_2,C,A,L,W,1,84,CG,N,8.38676
tcr_17_2,C,A,L,Y,1,83,CG,N,8.032216
tcr_17_2,C,A,L,E,1,82,CG,C,8.281478
tcr_17_2,C,A,L,E,1,82,CG,CA,9.687021
tcr_17_2,C,A,L,N,1,87,CG,CA,6.0790567
tcr_17_2,C,A,L,T,1,69,CG,OG1,9.604632
tcr_17_2,C,A,L,W,1,84,CG,O,9.055534
tcr_17_2,C,A,L,T,1,88,CG,CA,9.832951
tcr_17_2,C,A,L,N,1,87,CG,O,7.7537255
tcr_17_2,C,A,L,T,1,88,CG,N,8.468287
tcr_17_2,C,A,L,N,1,87,CG,N,5.9190693
tcr_17_2,C,A,L,N,1,87,CG,C,7.4549537
tcr_17_2,C,A,L,W,1,84,CG,C,9.106203
tcr_17_2,C,A,L,D,1,85,CG,N,9.448447
tcr_17_2,C,A,L,D,1,85,CG,C,8.740434
tcr_17_2,C,A,L,D,1,85,CG,O,9.051082
tcr_17_2,C,A,L,D,1,85,CG,CA,9.831851
tcr_17_2,C,A,L,F,1,91,CG,CD1,9.24086
tcr_17_2,C,A,L,F,1,91,CG,CG,9.510706
tcr_17_2,C,A,L,I,1,90,CG,CG2,7.082287
tcr_17_2,C,A,L,F,1,91,CG,CE1,8.553445
tcr_17_2,C,A,L,Y,1,33,CG,OH,8.955408
tcr_17_2,C,A,L,F,1,91,CG,N,9.37522
tcr_17_2,C,A,L,Q,1,89,CG,C,9.644323
tcr_17_2,C,A,L,I,1,90,CG,CA,8.241624
tcr_17_2,C,A,L,I,1,90,CG,C,9.264192
tcr_17_2,C,A,L,W,1,191,CD1,N,9.00705
tcr_17_2,C,A,L,W,1,191,CD1,C,9.318712
tcr_17_2,C,A,L,W,1,191,CD1,O,9.584626
tcr_17_2,C,A,L,R,1,194,CD1,NE,9.309861
tcr_17_2,C,A,L,H,1,195,CD1,ND1,9.110331
tcr_17_2,C,A,L,R,1,194,CD1,CD,9.206722
tcr_17_2,C,A,L,W,1,191,CD1,CA,8.309604
tcr_17_2,C,A,L,W,1,191,CD1,CZ3,5.7448754
tcr_17_2,C,A,L,E,1,79,CD1,OE1,9.042157
tcr_17_2,C,A,L,E,1,82,CD1,OE2,9.798394
tcr_17_2,C,A,L,E,1,82,CD1,CG,9.978698
tcr_17_2,C,A,L,W,1,191,CD1,CH2,5.1456532
tcr_17_2,C,A,L,E,1,79,CD1,OE2,8.3267765
tcr_17_2,C,A,L,E,1,79,CD1,CG,8.540827
tcr_17_2,C,A,L,E,1,79,CD1,CD,8.540831
tcr_17_2,C,A,L,E,1,79,CD1,CB,8.694382
tcr_17_2,C,A,L,E,1,79,CD1,CA,9.99394
tcr_17_2,C,A,L,Y,1,183,CD1,CE1,9.5674305
tcr_17_2,C,A,L,C,1,188,CD1,N,9.29994
tcr_17_2,C,A,L,L,1,187,CD1,C,8.68044
tcr_17_2,C,A,L,Y,1,183,CD1,CG,9.694066
tcr_17_2,C,A,L,L,1,187,CD1,CA,8.837312
tcr_17_2,C,A,L,L,1,187,CD1,CG,7.953949
tcr_17_2,C,A,L,L,1,187,CD1,CB,7.8628283
tcr_17_2,C,A,L,L,1,187,CD1,CD1,7.5037003
tcr_17_2,C,A,L,R,1,86,CD1,NH2,7.4051714
tcr_17_2,C,A,L,Y,1,183,CD1,CD2,8.330275
tcr_17_2,C,A,L,R,1,86,CD1,CZ,6.9272423
tcr_17_2,C,A,L,L,1,187,CD1,CD2,7.4086766
tcr_17_2,C,A,L,W,1,191,CD1,NE1,4.8418703
tcr_17_2,C,A,L,W,1,191,CD1,CG,5.87318
tcr_17_2,C,A,L,W,1,191,CD1,CE3,5.851636
tcr_17_2,C,A,L,W,1,191,CD1,CB,6.986107
tcr_17_2,C,A,L,W,1,191,CD1,CE2,4.697025
tcr_17_2,C,A,L,W,1,191,CD1,CD2,5.3706274
tcr_17_2,C,A,L,L,1,187,CD1,O,8.245835
tcr_17_2,C,A,L,W,1,191,CD1,CD1,5.5641313
tcr_17_2,C,A,L,C,1,188,CD1,CA,9.529077
tcr_17_2,C,A,L,M,1,29,CD1,SD,8.8075905
tcr_17_2,C,A,L,M,1,29,CD1,CE,8.546244
tcr_17_2,C,A,L,Y,1,183,CD1,CE2,7.4726534
tcr_17_2,C,A,L,Y,1,31,CD1,CE2,7.57894
tcr_17_2,C,A,L,Y,1,31,CD1,CD2,8.718518
tcr_17_2,C,A,L,Y,1,183,CD1,OH,7.7132816
tcr_17_2,C,A,L,Y,1,123,CD1,OH,8.943263
tcr_17_2,C,A,L,Y,1,183,CD1,CZ,8.183036
tcr_17_2,C,A,L,R,1,86,CD1,NE,5.6851244
tcr_17_2,C,A,L,W,1,191,CD1,CZ2,4.578538
tcr_17_2,C,A,L,E,1,82,CD1,CB,8.517469
tcr_17_2,C,A,L,R,1,86,CD1,CD,5.437651
tcr_17_2,C,A,L,R,1,86,CD1,CG,4.0498595
tcr_17_2,C,A,L,R,1,86,CD1,N,6.3241878
tcr_17_2,C,A,L,R,1,86,CD1,CB,4.500709
tcr_17_2,C,A,L,R,1,86,CD1,CA,5.463538
tcr_17_2,C,A,L,E,1,82,CD1,O,6.226813
tcr_17_2,C,A,L,R,1,86,CD1,C,5.1009183
tcr_17_2,C,A,L,R,1,86,CD1,NH1,7.8884234
tcr_17_2,C,A,L,R,1,86,CD1,O,5.5974717
tcr_17_2,C,A,L,I,1,90,CD1,CG1,6.049111
tcr_17_2,C,A,L,Q,1,89,CD1,CB,9.025865
tcr_17_2,C,A,L,Q,1,89,CD1,OE1,9.035788
tcr_17_2,C,A,L,I,1,90,CD1,CD1,4.621645
tcr_17_2,C,A,L,Q,1,89,CD1,CD,9.9869175
tcr_17_2,C,A,L,Q,1,89,CD1,N,8.768205
tcr_17_2,C,A,L,Q,1,89,CD1,CA,9.346114
tcr_17_2,C,A,L,I,1,90,CD1,N,8.027862
tcr_17_2,C,A,L,I,1,90,CD1,CB,6.785377
tcr_17_2,C,A,L,F,1,57,CD1,CE2,8.41649
tcr_17_2,C,A,L,H,1,195,CD1,CG,9.693255
tcr_17_2,C,A,L,H,1,195,CD1,CD2,8.832222
tcr_17_2,C,A,L,F,1,57,CD1,CZ,8.846561
tcr_17_2,C,A,L,F,1,57,CD1,CD2,9.486065
tcr_17_2,C,A,L,H,1,195,CD1,NE2,7.577703
tcr_17_2,C,A,L,H,1,195,CD1,CE1,7.8162174
tcr_17_2,C,A,L,I,1,76,CD1,CD1,8.882874
tcr_17_2,C,A,L,Y,1,83,CD1,CE2,4.253039
tcr_17_2,C,A,L,Y,1,83,CD1,CZ,5.1221294
tcr_17_2,C,A,L,Y,1,83,CD1,CE1,5.9103165
tcr_17_2,C,A,L,Y,1,83,CD1,OH,5.6050277
tcr_17_2,C,A,L,I,1,76,CD1,CG1,9.532286
tcr_17_2,C,A,L,Y,1,83,CD1,CG,5.226343
tcr_17_2,C,A,L,Y,1,83,CD1,CD1,5.950732
tcr_17_2,C,A,L,W,1,84,CD1,CZ3,9.541126
tcr_17_2,C,A,L,Y,1,83,CD1,CD2,4.316452
tcr_17_2,C,A,L,Y,1,31,CD1,OH,6.061672
tcr_17_2,C,A,L,Y,1,31,CD1,CG,9.287089
tcr_17_2,C,A,L,Y,1,31,CD1,CD1,8.810533
tcr_17_2,C,A,L,Y,1,31,CD1,CZ,7.001125
tcr_17_2,C,A,L,Y,1,31,CD1,CE1,7.6862373
tcr_17_2,C,A,L,V,1,58,CD1,CG2,9.0013275
tcr_17_2,C,A,L,V,1,58,CD1,CB,9.514968
tcr_17_2,C,A,L,F,1,91,CD1,CE2,7.9725194
tcr_17_2,C,A,L,V,1,58,CD1,CG1,8.838081
tcr_17_2,C,A,L,F,1,91,CD1,CZ,7.917608
tcr_17_2,C,A,L,N,1,87,CD1,OD1,4.499155
tcr_17_2,C,A,L,F,1,91,CD1,CD2,8.615218
tcr_17_2,C,A,L,T,1,69,CD1,CG2,8.600349
tcr_17_2,C,A,L,N,1,87,CD1,ND2,3.5772898
tcr_17_2,C,A,L,N,1,87,CD1,CG,4.255129
tcr_17_2,C,A,L,T,1,69,CD1,CB,9.038631
tcr_17_2,C,A,L,N,1,87,CD1,CB,5.2571154
tcr_17_2,C,A,L,Y,1,83,CD1,C,5.57869
tcr_17_2,C,A,L,Y,1,83,CD1,CA,5.4366684
tcr_17_2,C,A,L,Y,1,83,CD1,O,4.7812595
tcr_17_2,C,A,L,W,1,84,CD1,CE2,9.865111
tcr_17_2,C,A,L,W,1,84,CD1,CD2,9.304363
tcr_17_2,C,A,L,Y,1,83,CD1,CB,5.851236
tcr_17_2,C,A,L,W,1,84,CD1,CA,7.544941
tcr_17_2,C,A,L,W,1,84,CD1,N,6.8676424
tcr_17_2,C,A,L,W,1,84,CD1,CG,9.29575
tcr_17_2,C,A,L,W,1,84,CD1,CD1,9.842994
tcr_17_2,C,A,L,Y,1,83,CD1,N,6.5802298
tcr_17_2,C,A,L,G,1,80,CD1,O,8.965787
tcr_17_2,C,A,L,W,1,84,CD1,CB,8.998665
tcr_17_2,C,A,L,E,1,82,CD1,C,6.8618646
tcr_17_2,C,A,L,E,1,82,CD1,CA,8.30955
tcr_17_2,C,A,L,P,1,81,CD1,C,9.620961
tcr_17_2,C,A,L,E,1,82,CD1,N,9.283287
tcr_17_2,C,A,L,P,1,81,CD1,O,9.141978
tcr_17_2,C,A,L,N,1,87,CD1,CA,5.1057534
tcr_17_2,C,A,L,T,1,69,CD1,OG1,8.615907
tcr_17_2,C,A,L,W,1,84,CD1,CE3,9.144185
tcr_17_2,C,A,L,W,1,84,CD1,O,7.7024293
tcr_17_2,C,A,L,T,1,88,CD1,CA,8.869446
tcr_17_2,C,A,L,N,1,87,CD1,O,7.085411
tcr_17_2,C,A,L,T,1,88,CD1,N,7.4486065
tcr_17_2,C,A,L,N,1,87,CD1,N,4.7659197
tcr_17_2,C,A,L,N,1,87,CD1,C,6.5754886
tcr_17_2,C,A,L,T,1,88,CD1,C,9.244589
tcr_17_2,C,A,L,T,1,88,CD1,OG1,9.787434
tcr_17_2,C,A,L,W,1,84,CD1,C,7.6664224
tcr_17_2,C,A,L,T,1,88,CD1,CB,9.75772
tcr_17_2,C,A,L,D,1,85,CD1,N,8.003218
tcr_17_2,C,A,L,D,1,85,CD1,CB,9.307614
tcr_17_2,C,A,L,D,1,85,CD1,C,7.4843698
tcr_17_2,C,A,L,D,1,85,CD1,O,7.914585
tcr_17_2,C,A,L,D,1,85,CD1,CA,8.474018
tcr_17_2,C,A,L,F,1,91,CD1,CD1,9.125543
tcr_17_2,C,A,L,F,1,91,CD1,CG,9.174069
tcr_17_2,C,A,L,I,1,90,CD1,CG2,7.3420486
tcr_17_2,C,A,L,F,1,91,CD1,CE1,8.517646
tcr_17_2,C,A,L,Y,1,33,CD1,OH,9.497729
tcr_17_2,C,A,L,F,1,91,CD1,N,9.097977
tcr_17_2,C,A,L,Q,1,89,CD1,C,9.180214
tcr_17_2,C,A,L,I,1,90,CD1,CA,8.096285
tcr_17_2,C,A,L,I,1,90,CD1,C,9.1250515
tcr_17_2,C,A,L,E,1,190,CD2,CA,9.965305
tcr_17_2,C,A,L,W,1,191,CD2,N,8.346302
tcr_17_2,C,A,L,E,1,190,CD2,C,9.402043
tcr_17_2,C,A,L,W,1,191,CD2,C,9.281858
tcr_17_2,C,A,L,W,1,191,CD2,O,9.815466
tcr_17_2,C,A,L,R,1,194,CD2,NE,9.992071
tcr_17_2,C,A,L,R,1,194,CD2,CD,9.636982
tcr_17_2,C,A,L,E,1,190,CD2,OE2,8.875848
tcr_17_2,C,A,L,E,1,190,CD2,CB,9.281357
tcr_17_2,C,A,L,W,1,191,CD2,CA,8.041524
tcr_17_2,C,A,L,E,1,190,CD2,CD,9.924868
tcr_17_2,C,A,L,W,1,191,CD2,CZ3,6.564
tcr_17_2,C,A,L,W,1,191,CD2,CH2,5.80458
tcr_17_2,C,A,L,E,1,79,CD2,OE2,9.6917515
tcr_17_2,C,A,L,C,1,188,CD2,CB,9.324206
tcr_17_2,C,A,L,C,1,188,CD2,C,9.367947
tcr_17_2,C,A,L,C,1,188,CD2,O,9.438259
tcr_17_2,C,A,L,Y,1,183,CD2,CE1,8.462094
tcr_17_2,C,A,L,G,1,186,CD2,O,9.74715
tcr_17_2,C,A,L,Y,1,183,CD2,O,9.260569
tcr_17_2,C,A,L,Y,1,183,CD2,C,9.783967
tcr_17_2,C,A,L,Y,1,183,CD2,CA,9.295038
tcr_17_2,C,A,L,G,1,186,CD2,C,9.464075
tcr_17_2,C,A,L,C,1,188,CD2,N,7.8586206
tcr_17_2,C,A,L,Y,1,183,CD2,CD1,8.851602
tcr_17_2,C,A,L,L,1,187,CD2,C,7.173909
tcr_17_2,C,A,L,Y,1,183,CD2,CG,8.044209
tcr_17_2,C,A,L,L,1,187,CD2,N,8.257034
tcr_17_2,C,A,L,Y,1,183,CD2,CB,8.870366
tcr_17_2,C,A,L,L,1,187,CD2,CA,7.0033965
tcr_17_2,C,A,L,L,1,187,CD2,CG,5.700284
tcr_17_2,C,A,L,L,1,187,CD2,CB,5.8366427
tcr_17_2,C,A,L,L,1,187,CD2,CD1,5.1083045
tcr_17_2,C,A,L,R,1,86,CD2,NH2,6.252781
tcr_17_2,C,A,L,Y,1,183,CD2,CD2,6.647599
tcr_17_2,C,A,L,R,1,86,CD2,CZ,6.1829033
tcr_17_2,C,A,L,L,1,187,CD2,CD2,5.2604017
tcr_17_2,C,A,L,W,1,191,CD2,NE1,3.9588287
tcr_17_2,C,A,L,W,1,191,CD2,CG,5.5532093
tcr_17_2,C,A,L,W,1,191,CD2,CE3,6.4173236
tcr_17_2,C,A,L,W,1,191,CD2,CB,6.771546
tcr_17_2,C,A,L,W,1,191,CD2,CE2,4.483283
tcr_17_2,C,A,L,L,1,192,CD2,N,9.958259
tcr_17_2,C,A,L,W,1,191,CD2,CD2,5.4474907
tcr_17_2,C,A,L,L,1,187,CD2,O,6.9933696
tcr_17_2,C,A,L,W,1,191,CD2,CD1,4.7095585
tcr_17_2,C,A,L,C,1,188,CD2,CA,8.416217
tcr_17_2,C,A,L,M,1,29,CD2,SD,9.194949
tcr_17_2,C,A,L,M,1,29,CD2,CE,8.475841
tcr_17_2,C,A,L,Y,1,183,CD2,CE2,6.1079607
tcr_17_2,C,A,L,Y,1,31,CD2,CE2,8.163848
tcr_17_2,C,A,L,Y,1,31,CD2,CD2,9.193577
tcr_17_2,C,A,L,Y,1,183,CD2,OH,7.0787168
tcr_17_2,C,A,L,Y,1,123,CD2,OH,8.986812
tcr_17_2,C,A,L,Y,1,183,CD2,CZ,7.145572
tcr_17_2,C,A,L,Y,1,123,CD2,CE2,9.734651
tcr_17_2,C,A,L,Y,1,123,CD2,CZ,9.94743
tcr_17_2,C,A,L,R,1,86,CD2,NE,5.1360383
tcr_17_2,C,A,L,W,1,191,CD2,CZ2,4.7065687
tcr_17_2,C,A,L,E,1,82,CD2,CB,9.5395975
tcr_17_2,C,A,L,R,1,86,CD2,CD,5.511367
tcr_17_2,C,A,L,R,1,86,CD2,CG,4.5456
tcr_17_2,C,A,L,R,1,86,CD2,N,7.8572774
tcr_17_2,C,A,L,R,1,86,CD2,CB,5.59345
tcr_17_2,C,A,L,R,1,86,CD2,CA,6.749494
tcr_17_2,C,A,L,E,1,82,CD2,O,7.693127
tcr_17_2,C,A,L,R,1,86,CD2,C,6.5673437
tcr_17_2,C,A,L,R,1,86,CD2,NH1,7.3825316
tcr_17_2,C,A,L,R,1,86,CD2,O,6.7673626
tcr_17_2,C,A,L,I,1,90,CD2,CG1,6.255722
tcr_17_2,C,A,L,Q,1,89,CD2,CB,9.829284
tcr_17_2,C,A,L,Q,1,89,CD2,OE1,9.2577915
tcr_17_2,C,A,L,I,1,90,CD2,CD1,4.7941446
tcr_17_2,C,A,L,I,1,90,CD2,N,8.830068
tcr_17_2,C,A,L,I,1,90,CD2,CB,7.3226476
tcr_17_2,C,A,L,H,1,195,CD2,CD2,9.763283
tcr_17_2,C,A,L,H,1,195,CD2,NE2,8.689623
tcr_17_2,C,A,L,H,1,195,CD2,CE1,9.071799
tcr_17_2,C,A,L,Y,1,83,CD2,CE2,6.249459
tcr_17_2,C,A,L,Y,1,83,CD2,CZ,7.2817373
tcr_17_2,C,A,L,Y,1,83,CD2,CE1,8.218995
tcr_17_2,C,A,L,Y,1,83,CD2,OH,7.625963
tcr_17_2,C,A,L,Y,1,83,CD2,CG,7.3584867
tcr_17_2,C,A,L,Y,1,83,CD2,CD1,8.248359
tcr_17_2,C,A,L,Y,1,83,CD2,CD2,6.297048
tcr_17_2,C,A,L,Y,1,31,CD2,OH,7.240461
tcr_17_2,C,A,L,Y,1,31,CD2,CG,9.987324
tcr_17_2,C,A,L,Y,1,31,CD2,CD1,9.83964
tcr_17_2,C,A,L,Y,1,31,CD2,CZ,7.9977064
tcr_17_2,C,A,L,Y,1,31,CD2,CE1,8.888494
tcr_17_2,C,A,L,F,1,91,CD2,CE2,9.7523365
tcr_17_2,C,A,L,F,1,91,CD2,CZ,9.464436
tcr_17_2,C,A,L,N,1,87,CD2,OD1,6.6156726
tcr_17_2,C,A,L,N,1,87,CD2,ND2,6.015393
tcr_17_2,C,A,L,N,1,87,CD2,CG,6.554224
tcr_17_2,C,A,L,N,1,87,CD2,CB,7.474697
tcr_17_2,C,A,L,Y,1,83,CD2,C,7.7388763
tcr_17_2,C,A,L,Y,1,83,CD2,CA,7.3630896
tcr_17_2,C,A,L,Y,1,83,CD2,O,7.012769
tcr_17_2,C,A,L,Y,1,83,CD2,CB,7.8116946
tcr_17_2,C,A,L,W,1,84,CD2,CA,9.815594
tcr_17_2,C,A,L,W,1,84,CD2,N,9.056621
tcr_17_2,C,A,L,Y,1,83,CD2,N,8.272064
tcr_17_2,C,A,L,E,1,82,CD2,C,8.371758
tcr_17_2,C,A,L,E,1,82,CD2,CA,9.651283
tcr_17_2,C,A,L,N,1,87,CD2,CA,7.0310535
tcr_17_2,C,A,L,W,1,84,CD2,O,9.831832
tcr_17_2,C,A,L,N,1,87,CD2,O,8.655419
tcr_17_2,C,A,L,T,1,88,CD2,N,9.299253
tcr_17_2,C,A,L,N,1,87,CD2,N,6.6347756
tcr_17_2,C,A,L,N,1,87,CD2,C,8.352017
tcr_17_2,C,A,L,W,1,84,CD2,C,9.798751
tcr_17_2,C,A,L,D,1,85,CD2,N,9.950473
tcr_17_2,C,A,L,D,1,85,CD2,C,9.07067
tcr_17_2,C,A,L,D,1,85,CD2,O,9.403703
tcr_17_2,C,A,L,I,1,90,CD2,CG2,7.638162
tcr_17_2,C,A,L,F,1,91,CD2,CE1,9.788408
tcr_17_2,C,A,L,Y,1,33,CD2,OH,9.929917
tcr_17_2,C,A,L,Q,1,89,CD2,C,9.98682
tcr_17_2,C,A,L,I,1,90,CD2,CA,8.682659
tcr_17_2,C,A,L,I,1,90,CD2,C,9.860735
tcr_17_2,C,A,P,W,2,191,N,N,9.026347
tcr_17_2,C,A,P,W,2,191,N,C,8.973784
tcr_17_2,C,A,P,W,2,191,N,O,9.46672
tcr_17_2,C,A,P,H,2,195,N,ND1,9.449469
tcr_17_2,C,A,P,W,2,191,N,CA,8.380925
tcr_17_2,C,A,P,W,2,191,N,CZ3,8.131477
tcr_17_2,C,A,P,W,2,191,N,CH2,8.173329
tcr_17_2,C,A,P,V,2,189,N,N,9.898831
tcr_17_2,C,A,P,C,2,188,N,CB,7.975304
tcr_17_2,C,A,P,C,2,188,N,C,8.674347
tcr_17_2,C,A,P,C,2,188,N,O,8.525753
tcr_17_2,C,A,P,C,2,125,N,SG,9.84316
tcr_17_2,C,A,P,M,2,29,N,CB,8.721567
tcr_17_2,C,A,P,M,2,29,N,CG,7.476689
tcr_17_2,C,A,P,M,2,29,N,CA,9.759036
tcr_17_2,C,A,P,C,2,188,N,SG,8.019852
tcr_17_2,C,A,P,G,2,124,N,N,9.687821
tcr_17_2,C,A,P,G,2,124,N,CA,9.309738
tcr_17_2,C,A,P,M,2,29,N,O,9.628969
tcr_17_2,C,A,P,Y,2,123,N,O,8.802373
tcr_17_2,C,A,P,Y,2,123,N,C,9.4193325
tcr_17_2,C,A,P,M,2,29,N,C,9.464141
tcr_17_2,C,A,P,Y,2,51,N,O,9.764481
tcr_17_2,C,A,P,R,2,30,N,N,9.300285
tcr_17_2,C,A,P,Y,2,51,N,N,9.542921
tcr_17_2,C,A,P,Y,2,31,N,N,7.9374337
tcr_17_2,C,A,P,R,2,30,N,O,8.512015
tcr_17_2,C,A,P,R,2,30,N,C,8.429994
tcr_17_2,C,A,P,R,2,30,N,CA,9.30699
tcr_17_2,C,A,P,Y,2,183,N,CE1,6.2816844
tcr_17_2,C,A,P,Y,2,183,N,O,9.18421
tcr_17_2,C,A,P,Y,2,183,N,C,9.578456
tcr_17_2,C,A,P,Y,2,183,N,CA,9.49721
tcr_17_2,C,A,P,C,2,188,N,N,7.8423066
tcr_17_2,C,A,P,Y,2,183,N,CD1,7.290777
tcr_17_2,C,A,P,L,2,187,N,C,7.8637805
tcr_17_2,C,A,P,Y,2,183,N,CG,7.2683434
tcr_17_2,C,A,P,L,2,187,N,N,9.679058
tcr_17_2,C,A,P,Y,2,183,N,CB,8.625132
tcr_17_2,C,A,P,L,2,187,N,CA,8.508331
tcr_17_2,C,A,P,L,2,187,N,CG,8.380383
tcr_17_2,C,A,P,L,2,187,N,CB,7.6163287
tcr_17_2,C,A,P,L,2,187,N,CD1,7.930333
tcr_17_2,C,A,P,R,2,86,N,NH2,9.144358
tcr_17_2,C,A,P,Y,2,183,N,CD2,6.213391
tcr_17_2,C,A,P,R,2,86,N,CZ,9.016922
tcr_17_2,C,A,P,L,2,187,N,CD2,8.554214
tcr_17_2,C,A,P,W,2,191,N,NE1,6.6210723
tcr_17_2,C,A,P,W,2,191,N,CG,6.5445557
tcr_17_2,C,A,P,W,2,191,N,CE3,7.5229683
tcr_17_2,C,A,P,W,2,191,N,CB,6.8590746
tcr_17_2,C,A,P,W,2,191,N,CE2,6.9377246
tcr_17_2,C,A,P,L,2,192,N,N,9.264608
tcr_17_2,C,A,P,W,2,191,N,CD2,6.8931413
tcr_17_2,C,A,P,L,2,187,N,O,7.6792665
tcr_17_2,C,A,P,W,2,191,N,CD1,6.3874693
tcr_17_2,C,A,P,C,2,188,N,CA,7.6096106
tcr_17_2,C,A,P,M,2,29,N,SD,6.4872394
tcr_17_2,C,A,P,M,2,29,N,CE,5.981897
tcr_17_2,C,A,P,Y,2,183,N,CE2,4.984767
tcr_17_2,C,A,P,Y,2,31,N,CE2,3.7010477
tcr_17_2,C,A,P,Y,2,31,N,CD2,4.565865
tcr_17_2,C,A,P,Y,2,183,N,OH,4.193984
tcr_17_2,C,A,P,Y,2,123,N,OH,4.7728987
tcr_17_2,C,A,P,Y,2,183,N,CZ,5.0286827
tcr_17_2,C,A,P,Y,2,123,N,CE2,5.8665557
tcr_17_2,C,A,P,Y,2,123,N,CZ,5.8158994
tcr_17_2,C,A,P,Y,2,123,N,CD2,7.180211
tcr_17_2,C,A,P,Y,2,31,N,CB,6.415786
tcr_17_2,C,A,P,R,2,86,N,NE,8.140737
tcr_17_2,C,A,P,W,2,191,N,CZ2,7.6069803
tcr_17_2,C,A,P,R,2,86,N,CD,8.3033905
tcr_17_2,C,A,P,R,2,86,N,CG,7.325334
tcr_17_2,C,A,P,R,2,86,N,N,9.403481
tcr_17_2,C,A,P,R,2,86,N,CB,8.015017
tcr_17_2,C,A,P,R,2,86,N,CA,8.407477
tcr_17_2,C,A,P,R,2,86,N,C,7.3459353
tcr_17_2,C,A,P,R,2,86,N,NH1,9.9720955
tcr_17_2,C,A,P,R,2,86,N,O,7.2573786
tcr_17_2,C,A,P,I,2,90,N,CG1,6.1331396
tcr_17_2,C,A,P,I,2,90,N,CD1,4.896683
tcr_17_2,C,A,P,Q,2,89,N,N,9.891465
tcr_17_2,C,A,P,I,2,90,N,N,8.311811
tcr_17_2,C,A,P,I,2,90,N,CB,6.1652083
tcr_17_2,C,A,P,F,2,57,N,CE1,8.02127
tcr_17_2,C,A,P,F,2,57,N,CD1,9.226989
tcr_17_2,C,A,P,F,2,57,N,CE2,7.079224
tcr_17_2,C,A,P,H,2,195,N,CG,9.466203
tcr_17_2,C,A,P,H,2,195,N,CD2,8.210571
tcr_17_2,C,A,P,F,2,57,N,CZ,6.8400106
tcr_17_2,C,A,P,F,2,57,N,CG,9.411348
tcr_17_2,C,A,P,F,2,57,N,CD2,8.422606
tcr_17_2,C,A,P,H,2,195,N,NE2,7.331034
tcr_17_2,C,A,P,H,2,195,N,CE1,8.214886
tcr_17_2,C,A,P,I,2,76,N,CD1,9.604133
tcr_17_2,C,A,P,Y,2,83,N,CE2,6.4351015
tcr_17_2,C,A,P,Y,2,83,N,CZ,6.600185
tcr_17_2,C,A,P,Y,2,83,N,CE1,7.61621
tcr_17_2,C,A,P,Y,2,83,N,OH,6.1021028
tcr_17_2,C,A,P,Y,2,83,N,CG,8.259741
tcr_17_2,C,A,P,Y,2,83,N,CD1,8.380456
tcr_17_2,C,A,P,Y,2,83,N,CD2,7.3287783
tcr_17_2,C,A,P,Y,2,31,N,OH,3.3367872
tcr_17_2,C,A,P,Y,2,31,N,CG,5.1644197
tcr_17_2,C,A,P,Y,2,31,N,CA,7.67892
tcr_17_2,C,A,P,Y,2,31,N,CD1,5.0191813
tcr_17_2,C,A,P,G,2,50,N,N,8.791165
tcr_17_2,C,A,P,G,2,50,N,CA,8.155068
tcr_17_2,C,A,P,Y,2,31,N,CZ,3.5093129
tcr_17_2,C,A,P,G,2,50,N,C,9.278557
tcr_17_2,C,A,P,Y,2,31,N,CE1,4.249048
tcr_17_2,C,A,P,V,2,49,N,C,9.164587
tcr_17_2,C,A,P,V,2,58,N,CG2,7.249861
tcr_17_2,C,A,P,V,2,58,N,CB,8.361519
tcr_17_2,C,A,P,F,2,91,N,CE2,6.3551955
tcr_17_2,C,A,P,V,2,58,N,CG1,8.31007
tcr_17_2,C,A,P,F,2,91,N,CZ,5.5512996
tcr_17_2,C,A,P,N,2,87,N,OD1,4.256847
tcr_17_2,C,A,P,F,2,91,N,CD2,7.276287
tcr_17_2,C,A,P,T,2,69,N,CG2,8.548118
tcr_17_2,C,A,P,N,2,87,N,ND2,5.4217267
tcr_17_2,C,A,P,N,2,87,N,CG,5.104655
tcr_17_2,C,A,P,T,2,69,N,CB,9.375189
tcr_17_2,C,A,P,N,2,87,N,CB,6.213502
tcr_17_2,C,A,P,Y,2,83,N,C,8.886375
tcr_17_2,C,A,P,Y,2,83,N,CA,9.193063
tcr_17_2,C,A,P,Y,2,83,N,O,7.8619447
tcr_17_2,C,A,P,Y,2,83,N,CB,9.368138
tcr_17_2,C,A,P,W,2,84,N,N,9.960245
tcr_17_2,C,A,P,N,2,87,N,CA,6.20561
tcr_17_2,C,A,P,T,2,69,N,OG1,8.793891
tcr_17_2,C,A,P,W,2,84,N,O,9.8118515
tcr_17_2,C,A,P,T,2,88,N,CA,9.666971
tcr_17_2,C,A,P,N,2,87,N,O,7.0937204
tcr_17_2,C,A,P,T,2,88,N,N,8.4985695
tcr_17_2,C,A,P,N,2,87,N,N,6.8657827
tcr_17_2,C,A,P,N,2,87,N,C,7.240685
tcr_17_2,C,A,P,T,2,88,N,C,9.961407
tcr_17_2,C,A,P,Y,2,123,N,CB,9.650382
tcr_17_2,C,A,P,Y,2,31,N,C,8.935382
tcr_17_2,C,A,P,Y,2,31,N,O,9.445204
tcr_17_2,C,A,P,Y,2,33,N,CG,9.702112
tcr_17_2,C,A,P,Y,2,33,N,CZ,7.03681
tcr_17_2,C,A,P,Y,2,33,N,CD2,9.402577
tcr_17_2,C,A,P,Y,2,123,N,CE1,7.094915
tcr_17_2,C,A,P,Y,2,33,N,CE2,8.142707
tcr_17_2,C,A,P,Y,2,123,N,CD1,8.209154
tcr_17_2,C,A,P,Y,2,123,N,CG,8.254883
tcr_17_2,C,A,P,Y,2,33,N,CD1,8.779406
tcr_17_2,C,A,P,Y,2,33,N,CE1,7.4052005
tcr_17_2,C,A,P,F,2,32,N,N,9.601472
tcr_17_2,C,A,P,V,2,49,N,O,8.944381
tcr_17_2,C,A,P,F,2,91,N,CD1,6.8191366
tcr_17_2,C,A,P,F,2,91,N,CG,7.4909935
tcr_17_2,C,A,P,I,2,90,N,CG2,5.786968
tcr_17_2,C,A,P,F,2,91,N,CE1,5.819924
tcr_17_2,C,A,P,N,2,94,N,OD1,9.1452265
tcr_17_2,C,A,P,Y,2,33,N,OH,5.808301
tcr_17_2,C,A,P,F,2,91,N,CA,8.860254
tcr_17_2,C,A,P,N,2,94,N,ND2,7.927647
tcr_17_2,C,A,P,F,2,91,N,CB,8.756284
tcr_17_2,C,A,P,N,2,94,N,CG,8.94884
tcr_17_2,C,A,P,A,2,48,N,CB,9.070152
tcr_17_2,C,A,P,F,2,91,N,N,8.10467
tcr_17_2,C,A,P,Q,2,89,N,C,9.635942
tcr_17_2,C,A,P,I,2,90,N,CA,7.6778536
tcr_17_2,C,A,P,I,2,90,N,C,8.168805
tcr_17_2,C,A,P,I,2,90,N,O,8.948834
tcr_17_2,C,A,P,V,2,58,N,CA,9.765264
tcr_17_2,C,A,P,W,2,191,CA,N,9.870165
tcr_17_2,C,A,P,W,2,191,CA,C,9.882452
tcr_17_2,C,A,P,W,2,191,CA,CA,9.345
tcr_17_2,C,A,P,W,2,191,CA,CZ3,9.539308
tcr_17_2,C,A,P,W,2,191,CA,CH2,9.578819
tcr_17_2,C,A,P,C,2,188,CA,CB,7.827593
tcr_17_2,C,A,P,L,2,184,CA,N,9.792958
tcr_17_2,C,A,P,L,2,184,CA,CD2,9.342236
tcr_17_2,C,A,P,C,2,188,CA,C,8.936604
tcr_17_2,C,A,P,C,2,188,CA,O,8.912896
tcr_17_2,C,A,P,C,2,125,CA,SG,9.759259
tcr_17_2,C,A,P,M,2,29,CA,CB,8.87957
tcr_17_2,C,A,P,M,2,29,CA,CG,7.7145133
tcr_17_2,C,A,P,M,2,29,CA,CA,9.776795
tcr_17_2,C,A,P,C,2,188,CA,SG,7.8014474
tcr_17_2,C,A,P,G,2,124,CA,N,8.790557
tcr_17_2,C,A,P,G,2,124,CA,CA,8.60035
tcr_17_2,C,A,P,G,2,124,CA,C,9.753715
tcr_17_2,C,A,P,M,2,29,CA,O,9.297082
tcr_17_2,C,A,P,Y,2,123,CA,O,7.9101787
tcr_17_2,C,A,P,Y,2,123,CA,C,8.447104
tcr_17_2,C,A,P,M,2,29,CA,C,9.2641735
tcr_17_2,C,A,P,Y,2,51,CA,O,9.89647
tcr_17_2,C,A,P,R,2,30,CA,N,9.059289
tcr_17_2,C,A,P,Y,2,51,CA,N,9.601673
tcr_17_2,C,A,P,Y,2,31,CA,N,7.278874
tcr_17_2,C,A,P,R,2,30,CA,O,8.209441
tcr_17_2,C,A,P,R,2,30,CA,C,7.9704943
tcr_17_2,C,A,P,R,2,30,CA,CA,8.858009
tcr_17_2,C,A,P,Y,2,183,CA,CE1,5.517774
tcr_17_2,C,A,P,Y,2,183,CA,O,8.933577
tcr_17_2,C,A,P,Y,2,183,CA,C,9.159891
tcr_17_2,C,A,P,Y,2,183,CA,CA,9.039633
tcr_17_2,C,A,P,C,2,188,CA,N,8.000235
tcr_17_2,C,A,P,Y,2,183,CA,CD1,6.5210514
tcr_17_2,C,A,P,L,2,187,CA,C,8.232355
tcr_17_2,C,A,P,Y,2,183,CA,CG,6.639431
tcr_17_2,C,A,P,L,2,187,CA,N,9.889515
tcr_17_2,C,A,P,Y,2,183,CA,CB,7.996972
tcr_17_2,C,A,P,L,2,187,CA,CA,8.869672
tcr_17_2,C,A,P,L,2,187,CA,CG,8.750723
tcr_17_2,C,A,P,L,2,187,CA,CB,7.9290137
tcr_17_2,C,A,P,L,2,187,CA,CD1,8.188312
tcr_17_2,C,A,P,R,2,86,CA,NH2,9.307607
tcr_17_2,C,A,P,Y,2,183,CA,CD2,5.778261
tcr_17_2,C,A,P,R,2,86,CA,CZ,9.299364
tcr_17_2,C,A,P,L,2,187,CA,CD2,9.158291
tcr_17_2,C,A,P,W,2,191,CA,NE1,7.7404532
tcr_17_2,C,A,P,W,2,191,CA,CG,7.6519647
tcr_17_2,C,A,P,W,2,191,CA,CE3,8.863489
tcr_17_2,C,A,P,W,2,191,CA,CB,7.843388
tcr_17_2,C,A,P,W,2,191,CA,CE2,8.204457
tcr_17_2,C,A,P,W,2,191,CA,CD2,8.159876
tcr_17_2,C,A,P,L,2,187,CA,O,8.2341795
tcr_17_2,C,A,P,W,2,191,CA,CD1,7.404385
tcr_17_2,C,A,P,C,2,188,CA,CA,7.7385354
tcr_17_2,C,A,P,M,2,29,CA,SD,7.00394
tcr_17_2,C,A,P,M,2,29,CA,CE,6.312508
tcr_17_2,C,A,P,Y,2,183,CA,CE2,4.611642
tcr_17_2,C,A,P,Y,2,31,CA,CE2,3.6090937
tcr_17_2,C,A,P,Y,2,31,CA,CD2,4.032767
tcr_17_2,C,A,P,Y,2,183,CA,OH,3.7001317
tcr_17_2,C,A,P,Y,2,123,CA,OH,3.3736584
tcr_17_2,C,A,P,Y,2,183,CA,CZ,4.4494944
tcr_17_2,C,A,P,Y,2,123,CA,CE2,4.606334
tcr_17_2,C,A,P,Y,2,123,CA,CZ,4.4498262
tcr_17_2,C,A,P,Y,2,123,CA,CD2,5.972283
tcr_17_2,C,A,P,Y,2,31,CA,CB,5.565824
tcr_17_2,C,A,P,R,2,86,CA,NE,8.592344
tcr_17_2,C,A,P,W,2,191,CA,CZ2,8.942985
tcr_17_2,C,A,P,R,2,86,CA,CD,8.89951
tcr_17_2,C,A,P,R,2,86,CA,CG,8.115798
tcr_17_2,C,A,P,R,2,86,CA,CB,8.919032
tcr_17_2,C,A,P,R,2,86,CA,CA,9.184734
tcr_17_2,C,A,P,R,2,86,CA,C,8.02842
tcr_17_2,C,A,P,R,2,86,CA,O,7.728029
tcr_17_2,C,A,P,I,2,90,CA,CG1,6.0515046
tcr_17_2,C,A,P,I,2,90,CA,CD1,5.04029
tcr_17_2,C,A,P,I,2,90,CA,N,8.25338
tcr_17_2,C,A,P,I,2,90,CA,CB,5.914404
tcr_17_2,C,A,P,F,2,57,CA,CE1,8.55055
tcr_17_2,C,A,P,F,2,57,CA,CD1,9.814556
tcr_17_2,C,A,P,F,2,57,CA,CE2,7.9469285
tcr_17_2,C,A,P,H,2,195,CA,CD2,9.228452
tcr_17_2,C,A,P,F,2,57,CA,CZ,7.5149417
tcr_17_2,C,A,P,F,2,57,CA,CD2,9.295101
tcr_17_2,C,A,P,H,2,195,CA,NE2,8.476647
tcr_17_2,C,A,P,H,2,195,CA,CE1,9.454243
tcr_17_2,C,A,P,Y,2,83,CA,CE2,7.875855
tcr_17_2,C,A,P,Y,2,83,CA,CZ,7.9673967
tcr_17_2,C,A,P,Y,2,83,CA,CE1,8.933897
tcr_17_2,C,A,P,Y,2,83,CA,OH,7.38942
tcr_17_2,C,A,P,Y,2,83,CA,CG,9.661471
tcr_17_2,C,A,P,Y,2,83,CA,CD1,9.727735
tcr_17_2,C,A,P,Y,2,83,CA,CD2,8.770623
tcr_17_2,C,A,P,Y,2,31,CA,OH,4.0948625
tcr_17_2,C,A,P,Y,2,31,CA,CG,4.5451164
tcr_17_2,C,A,P,Y,2,31,CA,CA,6.9544983
tcr_17_2,C,A,P,Y,2,31,CA,CD1,4.6583724
tcr_17_2,C,A,P,G,2,50,CA,N,8.752961
tcr_17_2,C,A,P,G,2,50,CA,CA,8.184593
tcr_17_2,C,A,P,Y,2,31,CA,CZ,3.759363
tcr_17_2,C,A,P,G,2,50,CA,C,9.400752
tcr_17_2,C,A,P,Y,2,31,CA,CE1,4.2965317
tcr_17_2,C,A,P,V,2,49,CA,C,8.924553
tcr_17_2,C,A,P,V,2,58,CA,CG2,7.779171
tcr_17_2,C,A,P,V,2,58,CA,CB,8.998745
tcr_17_2,C,A,P,F,2,91,CA,CE2,6.458054
tcr_17_2,C,A,P,V,2,58,CA,CG1,9.166946
tcr_17_2,C,A,P,F,2,91,CA,CZ,5.440119
tcr_17_2,C,A,P,N,2,87,CA,OD1,5.2024193
tcr_17_2,C,A,P,F,2,91,CA,CD2,7.2792797
tcr_17_2,C,A,P,T,2,69,CA,CG2,9.203414
tcr_17_2,C,A,P,N,2,87,CA,ND2,6.6304374
tcr_17_2,C,A,P,N,2,87,CA,CG,6.120143
tcr_17_2,C,A,P,T,2,69,CA,CB,9.996049
tcr_17_2,C,A,P,N,2,87,CA,CB,7.0376167
tcr_17_2,C,A,P,Y,2,83,CA,O,9.025582
tcr_17_2,C,A,P,N,2,87,CA,CA,6.877397
tcr_17_2,C,A,P,T,2,69,CA,OG1,9.288876
tcr_17_2,C,A,P,N,2,87,CA,O,7.301545
tcr_17_2,C,A,P,T,2,88,CA,N,8.992894
tcr_17_2,C,A,P,N,2,87,CA,N,7.663563
tcr_17_2,C,A,P,N,2,87,CA,C,7.6813765
tcr_17_2,C,A,P,L,2,180,CA,CD1,9.31339
tcr_17_2,C,A,P,Y,2,123,CA,CB,8.419446
tcr_17_2,C,A,P,Y,2,123,CA,N,9.380529
tcr_17_2,C,A,P,Y,2,123,CA,CA,9.0602455
tcr_17_2,C,A,P,Y,2,31,CA,C,8.078086
tcr_17_2,C,A,P,F,2,32,CA,CA,9.999518
tcr_17_2,C,A,P,Y,2,31,CA,O,8.468006
tcr_17_2,C,A,P,Y,2,33,CA,CG,8.543939
tcr_17_2,C,A,P,Y,2,33,CA,CZ,5.841001
tcr_17_2,C,A,P,Y,2,33,CA,CD2,8.1357155
tcr_17_2,C,A,P,Y,2,123,CA,CE1,5.7291894
tcr_17_2,C,A,P,Y,2,33,CA,CE2,6.850111
tcr_17_2,C,A,P,Y,2,123,CA,CD1,6.8714185
tcr_17_2,C,A,P,Y,2,123,CA,CG,6.983297
tcr_17_2,C,A,P,Y,2,33,CA,CD1,7.7421856
tcr_17_2,C,A,P,Y,2,33,CA,CE1,6.3702154
tcr_17_2,C,A,P,F,2,32,CA,C,9.972954
tcr_17_2,C,A,P,F,2,32,CA,N,8.803735
tcr_17_2,C,A,P,V,2,49,CA,O,8.5375185
tcr_17_2,C,A,P,F,2,32,CA,O,9.934846
tcr_17_2,C,A,P,V,2,49,CA,N,9.640682
tcr_17_2,C,A,P,V,2,49,CA,CA,9.891331
tcr_17_2,C,A,P,A,2,48,CA,C,9.803251
tcr_17_2,C,A,P,F,2,91,CA,CD1,6.338617
tcr_17_2,C,A,P,F,2,91,CA,CG,7.2342625
tcr_17_2,C,A,P,I,2,90,CA,CG2,5.1873827
tcr_17_2,C,A,P,F,2,91,CA,CE1,5.3684883
tcr_17_2,C,A,P,N,2,94,CA,OD1,8.1212
tcr_17_2,C,A,P,Y,2,33,CA,OH,4.593203
tcr_17_2,C,A,P,F,2,91,CA,CA,8.418594
tcr_17_2,C,A,P,N,2,94,CA,ND2,6.8081207
tcr_17_2,C,A,P,F,2,91,CA,CB,8.458084
tcr_17_2,C,A,P,N,2,94,CA,CG,7.8980618
tcr_17_2,C,A,P,N,2,94,CA,CB,9.060128
tcr_17_2,C,A,P,F,2,46,CA,CZ,9.789789
tcr_17_2,C,A,P,A,2,48,CA,CB,8.498812
tcr_17_2,C,A,P,A,2,48,CA,CA,9.678279
tcr_17_2,C,A,P,F,2,91,CA,N,7.768661
tcr_17_2,C,A,P,Q,2,89,CA,C,9.569404
tcr_17_2,C,A,P,I,2,90,CA,CA,7.38933
tcr_17_2,C,A,P,I,2,90,CA,C,7.732889
tcr_17_2,C,A,P,I,2,90,CA,O,8.3495035
tcr_17_2,C,A,P,F,2,91,CA,C,9.892004
tcr_17_2,C,A,P,W,2,191,C,CA,9.70908
tcr_17_2,C,A,P,W,2,191,C,CH2,9.952345
tcr_17_2,C,A,P,V,2,189,C,N,9.999469
tcr_17_2,C,A,P,L,2,184,C,CA,9.512087
tcr_17_2,C,A,P,C,2,188,C,CB,7.600124
tcr_17_2,C,A,P,L,2,184,C,N,8.932999
tcr_17_2,C,A,P,L,2,184,C,CG,9.52386
tcr_17_2,C,A,P,L,2,184,C,CD2,8.9082155
tcr_17_2,C,A,P,L,2,180,C,O,9.550951
tcr_17_2,C,A,P,C,2,188,C,C,8.915401
tcr_17_2,C,A,P,C,2,188,C,O,9.093747
tcr_17_2,C,A,P,C,2,125,C,SG,9.92026
tcr_17_2,C,A,P,M,2,29,C,CB,9.700201
tcr_17_2,C,A,P,M,2,29,C,CG,8.6850605
tcr_17_2,C,A,P,C,2,188,C,SG,7.8697977
tcr_17_2,C,A,P,G,2,124,C,N,8.967285
tcr_17_2,C,A,P,G,2,124,C,CA,8.853448
tcr_17_2,C,A,P,G,2,124,C,C,9.898172
tcr_17_2,C,A,P,M,2,29,C,O,9.965927
tcr_17_2,C,A,P,Y,2,123,C,O,8.40965
tcr_17_2,C,A,P,Y,2,123,C,C,8.743228
tcr_17_2,C,A,P,Y,2,31,C,N,8.252001
tcr_17_2,C,A,P,R,2,30,C,O,9.409906
tcr_17_2,C,A,P,R,2,30,C,C,9.029684
tcr_17_2,C,A,P,R,2,30,C,CA,9.788221
tcr_17_2,C,A,P,Y,2,183,C,N,9.171726
tcr_17_2,C,A,P,L,2,180,C,CA,9.824087
tcr_17_2,C,A,P,Q,2,179,C,O,9.681604
tcr_17_2,C,A,P,Y,2,183,C,CE1,4.9153924
tcr_17_2,C,A,P,Y,2,183,C,O,8.1466875
tcr_17_2,C,A,P,Y,2,183,C,C,8.246747
tcr_17_2,C,A,P,Y,2,183,C,CA,7.926176
tcr_17_2,C,A,P,C,2,188,C,N,7.5910563
tcr_17_2,C,A,P,Y,2,183,C,CD1,5.657091
tcr_17_2,C,A,P,L,2,187,C,C,7.833168
tcr_17_2,C,A,P,Y,2,183,C,CG,5.5670843
tcr_17_2,C,A,P,L,2,187,C,N,9.161968
tcr_17_2,C,A,P,Y,2,183,C,CB,6.8044586
tcr_17_2,C,A,P,L,2,187,C,CA,8.2560005
tcr_17_2,C,A,P,L,2,187,C,CG,7.861757
tcr_17_2,C,A,P,L,2,187,C,CB,7.154497
tcr_17_2,C,A,P,L,2,187,C,CD1,7.127619
tcr_17_2,C,A,P,R,2,86,C,NH2,8.321215
tcr_17_2,C,A,P,Y,2,183,C,CD2,4.6923695
tcr_17_2,C,A,P,R,2,86,C,CZ,8.492676
tcr_17_2,C,A,P,L,2,187,C,CD2,8.427858
tcr_17_2,C,A,P,W,2,191,C,NE1,7.690491
tcr_17_2,C,A,P,W,2,191,C,CG,7.9141083
tcr_17_2,C,A,P,W,2,191,C,CE3,9.399043
tcr_17_2,C,A,P,W,2,191,C,CB,8.228774
tcr_17_2,C,A,P,W,2,191,C,CE2,8.364823
tcr_17_2,C,A,P,W,2,191,C,CD2,8.509869
tcr_17_2,C,A,P,L,2,187,C,O,8.034569
tcr_17_2,C,A,P,W,2,191,C,CD1,7.410002
tcr_17_2,C,A,P,C,2,188,C,CA,7.5705895
tcr_17_2,C,A,P,M,2,29,C,SD,7.920103
tcr_17_2,C,A,P,M,2,29,C,CE,6.9394717
tcr_17_2,C,A,P,Y,2,183,C,CE2,3.7588983
tcr_17_2,C,A,P,Y,2,31,C,CE2,4.858666
tcr_17_2,C,A,P,Y,2,31,C,CD2,5.1501255
tcr_17_2,C,A,P,Y,2,183,C,OH,3.6373708
tcr_17_2,C,A,P,Y,2,123,C,OH,3.6446574
tcr_17_2,C,A,P,Y,2,183,C,CZ,3.8988738
tcr_17_2,C,A,P,Y,2,123,C,CE2,4.6103
tcr_17_2,C,A,P,Y,2,123,C,CZ,4.5954423
tcr_17_2,C,A,P,Y,2,123,C,CD2,5.923658
tcr_17_2,C,A,P,Y,2,31,C,CB,6.5687985
tcr_17_2,C,A,P,R,2,86,C,NE,7.930365
tcr_17_2,C,A,P,W,2,191,C,CZ2,9.128862
tcr_17_2,C,A,P,R,2,86,C,CD,8.474587
tcr_17_2,C,A,P,R,2,86,C,CG,7.884416
tcr_17_2,C,A,P,R,2,86,C,CB,8.9095745
tcr_17_2,C,A,P,R,2,86,C,CA,9.256829
tcr_17_2,C,A,P,R,2,86,C,C,8.20828
tcr_17_2,C,A,P,R,2,86,C,NH1,9.462447
tcr_17_2,C,A,P,R,2,86,C,O,7.7802205
tcr_17_2,C,A,P,I,2,90,C,CG1,5.6082
tcr_17_2,C,A,P,I,2,90,C,CD1,4.6277266
tcr_17_2,C,A,P,I,2,90,C,N,8.159277
tcr_17_2,C,A,P,I,2,90,C,CB,5.7272167
tcr_17_2,C,A,P,F,2,57,C,CE1,9.963271
tcr_17_2,C,A,P,F,2,57,C,CE2,9.361787
tcr_17_2,C,A,P,F,2,57,C,CZ,8.92776
tcr_17_2,C,A,P,H,2,195,C,NE2,9.51236
tcr_17_2,C,A,P,Y,2,83,C,CE2,8.73618
tcr_17_2,C,A,P,Y,2,83,C,CZ,9.018622
tcr_17_2,C,A,P,Y,2,83,C,OH,8.57744
tcr_17_2,C,A,P,Y,2,83,C,CD2,9.490616
tcr_17_2,C,A,P,Y,2,31,C,OH,5.4951954
tcr_17_2,C,A,P,Y,2,31,C,CG,5.751334
tcr_17_2,C,A,P,Y,2,31,C,CA,8.000964
tcr_17_2,C,A,P,Y,2,31,C,CD1,6.049638
tcr_17_2,C,A,P,G,2,50,C,CA,9.648585
tcr_17_2,C,A,P,Y,2,31,C,CZ,5.216592
tcr_17_2,C,A,P,Y,2,31,C,CE1,5.803891
tcr_17_2,C,A,P,V,2,58,C,CG2,9.293133
tcr_17_2,C,A,P,F,2,91,C,CE2,7.585029
tcr_17_2,C,A,P,F,2,91,C,CZ,6.6184654
tcr_17_2,C,A,P,N,2,87,C,OD1,6.317305
tcr_17_2,C,A,P,F,2,91,C,CD2,8.22497
tcr_17_2,C,A,P,N,2,87,C,ND2,7.492324
tcr_17_2,C,A,P,N,2,87,C,CG,7.074739
tcr_17_2,C,A,P,N,2,87,C,CB,7.892737
tcr_17_2,C,A,P,Y,2,83,C,O,9.632052
tcr_17_2,C,A,P,N,2,87,C,CA,7.47149
tcr_17_2,C,A,P,N,2,87,C,O,7.8141875
tcr_17_2,C,A,P,T,2,88,C,N,9.553672
tcr_17_2,C,A,P,N,2,87,C,N,8.082657
tcr_17_2,C,A,P,N,2,87,C,C,8.242079
tcr_17_2,C,A,P,L,2,180,C,CG,9.824147
tcr_17_2,C,A,P,L,2,180,C,CD1,8.385163
tcr_17_2,C,A,P,N,2,138,C,ND2,9.607525
tcr_17_2,C,A,P,Y,2,123,C,CB,8.3869
tcr_17_2,C,A,P,Y,2,123,C,N,9.710275
tcr_17_2,C,A,P,Y,2,123,C,CA,9.239381
tcr_17_2,C,A,P,Y,2,31,C,C,9.010673
tcr_17_2,C,A,P,Y,2,31,C,O,9.229305
tcr_17_2,C,A,P,Y,2,33,C,CG,9.057904
tcr_17_2,C,A,P,Y,2,33,C,CZ,6.299514
tcr_17_2,C,A,P,Y,2,33,C,CD2,8.423364
tcr_17_2,C,A,P,Y,2,123,C,CE1,5.9002976
tcr_17_2,C,A,P,Y,2,33,C,CE2,7.0674095
tcr_17_2,C,A,P,Y,2,123,C,CD1,6.9716816
tcr_17_2,C,A,P,Y,2,123,C,CG,6.99039
tcr_17_2,C,A,P,Y,2,33,C,CD1,8.4553
tcr_17_2,C,A,P,Y,2,33,C,CE1,7.100559
tcr_17_2,C,A,P,F,2,32,C,N,9.818576
tcr_17_2,C,A,P,V,2,49,C,O,9.849675
tcr_17_2,C,A,P,F,2,91,C,CD1,7.102262
tcr_17_2,C,A,P,F,2,91,C,CG,8.012931
tcr_17_2,C,A,P,I,2,90,C,CG2,4.894159
tcr_17_2,C,A,P,F,2,91,C,CE1,6.343455
tcr_17_2,C,A,P,N,2,94,C,OD1,7.708271
tcr_17_2,C,A,P,Y,2,33,C,OH,4.9967217
tcr_17_2,C,A,P,F,2,91,C,CA,8.779748
tcr_17_2,C,A,P,N,2,94,C,ND2,6.703407
tcr_17_2,C,A,P,F,2,91,C,CB,9.070779
tcr_17_2,C,A,P,N,2,94,C,CG,7.6958
tcr_17_2,C,A,P,N,2,94,C,CB,9.016965
tcr_17_2,C,A,P,A,2,48,C,CB,9.516024
tcr_17_2,C,A,P,Q,2,89,C,O,9.993839
tcr_17_2,C,A,P,F,2,91,C,N,8.003207
tcr_17_2,C,A,P,Q,2,89,C,C,9.458982
tcr_17_2,C,A,P,I,2,90,C,CA,7.2021766
tcr_17_2,C,A,P,I,2,90,C,C,7.711362
tcr_17_2,C,A,P,I,2,90,C,O,8.216577
tcr_17_2,C,A,P,W,2,191,O,N,9.819687
tcr_17_2,C,A,P,W,2,191,O,CA,9.54779
tcr_17_2,C,A,P,W,2,191,O,CZ3,9.597081
tcr_17_2,C,A,P,W,2,191,O,CH2,9.32114
tcr_17_2,C,A,P,L,2,184,O,CA,9.779562
tcr_17_2,C,A,P,C,2,188,O,CB,7.9065213
tcr_17_2,C,A,P,L,2,184,O,N,9.076437
tcr_17_2,C,A,P,L,2,184,O,CD2,9.552658
tcr_17_2,C,A,P,L,2,180,O,O,9.76031
tcr_17_2,C,A,P,C,2,188,O,C,9.046241
tcr_17_2,C,A,P,C,2,188,O,O,9.267785
tcr_17_2,C,A,P,M,2,29,O,CG,9.391896
tcr_17_2,C,A,P,C,2,188,O,SG,8.413539
tcr_17_2,C,A,P,G,2,124,O,N,9.98742
tcr_17_2,C,A,P,G,2,124,O,CA,9.804801
tcr_17_2,C,A,P,Y,2,123,O,O,9.550988
tcr_17_2,C,A,P,Y,2,123,O,C,9.849502
tcr_17_2,C,A,P,Y,2,31,O,N,9.417177
tcr_17_2,C,A,P,Y,2,183,O,N,8.987493
tcr_17_2,C,A,P,Q,2,179,O,O,9.534873
tcr_17_2,C,A,P,Y,2,183,O,CE1,5.4675217
tcr_17_2,C,A,P,Y,2,183,O,O,8.107212
tcr_17_2,C,A,P,Y,2,183,O,C,8.243681
tcr_17_2,C,A,P,Y,2,183,O,CA,7.772328
tcr_17_2,C,A,P,G,2,186,O,C,9.920318
tcr_17_2,C,A,P,C,2,188,O,N,7.511052
tcr_17_2,C,A,P,Y,2,183,O,CD1,6.0166135
tcr_17_2,C,A,P,L,2,187,O,C,7.5723753
tcr_17_2,C,A,P,Y,2,183,O,CG,5.6330433
tcr_17_2,C,A,P,L,2,187,O,N,8.749521
tcr_17_2,C,A,P,Y,2,183,O,CB,6.7359977
tcr_17_2,C,A,P,L,2,187,O,CA,7.8009677
tcr_17_2,C,A,P,L,2,187,O,CG,7.0794225
tcr_17_2,C,A,P,L,2,187,O,CB,6.568725
tcr_17_2,C,A,P,L,2,187,O,CD1,6.2311206
tcr_17_2,C,A,P,R,2,86,O,NH2,7.2188287
tcr_17_2,C,A,P,Y,2,183,O,CD2,4.5662417
tcr_17_2,C,A,P,R,2,86,O,CZ,7.414604
tcr_17_2,C,A,P,L,2,187,O,CD2,7.5649505
tcr_17_2,C,A,P,W,2,191,O,NE1,7.0011296
tcr_17_2,C,A,P,W,2,191,O,CG,7.550267
tcr_17_2,C,A,P,W,2,191,O,CE3,9.016235
tcr_17_2,C,A,P,W,2,191,O,CB,8.074398
tcr_17_2,C,A,P,W,2,191,O,CE2,7.7228627
tcr_17_2,C,A,P,W,2,191,O,CD2,8.057244
tcr_17_2,C,A,P,L,2,187,O,O,7.7789965
tcr_17_2,C,A,P,W,2,191,O,CD1,6.8978477
tcr_17_2,C,A,P,C,2,188,O,CA,7.7021475
tcr_17_2,C,A,P,M,2,29,O,SD,8.429459
tcr_17_2,C,A,P,M,2,29,O,CE,7.421482
tcr_17_2,C,A,P,Y,2,183,O,CE2,3.8047042
tcr_17_2,C,A,P,Y,2,31,O,CE2,5.7641325
tcr_17_2,C,A,P,Y,2,31,O,CD2,6.2328043
tcr_17_2,C,A,P,Y,2,183,O,OH,4.303832
tcr_17_2,C,A,P,Y,2,123,O,OH,4.844067
tcr_17_2,C,A,P,Y,2,183,O,CZ,4.3596377
tcr_17_2,C,A,P,Y,2,123,O,CE2,5.7467813
tcr_17_2,C,A,P,Y,2,123,O,CZ,5.78974
tcr_17_2,C,A,P,Y,2,123,O,CD2,7.00921
tcr_17_2,C,A,P,Y,2,31,O,CB,7.7681956
tcr_17_2,C,A,P,R,2,86,O,NE,6.833422
tcr_17_2,C,A,P,W,2,191,O,CZ2,8.406176
tcr_17_2,C,A,P,R,2,86,O,CD,7.4540005
tcr_17_2,C,A,P,R,2,86,O,CG,6.8992033
tcr_17_2,C,A,P,R,2,86,O,N,9.767281
tcr_17_2,C,A,P,R,2,86,O,CB,8.026712
tcr_17_2,C,A,P,R,2,86,O,CA,8.493355
tcr_17_2,C,A,P,R,2,86,O,C,7.5837326
tcr_17_2,C,A,P,R,2,86,O,NH1,8.449162
tcr_17_2,C,A,P,R,2,86,O,O,7.183539
tcr_17_2,C,A,P,I,2,90,O,CG1,5.036637
tcr_17_2,C,A,P,I,2,90,O,CD1,3.901388
tcr_17_2,C,A,P,Q,2,89,O,N,9.944387
tcr_17_2,C,A,P,I,2,90,O,N,7.8156915
tcr_17_2,C,A,P,I,2,90,O,CB,5.477653
tcr_17_2,C,A,P,F,2,57,O,CE2,9.815954
tcr_17_2,C,A,P,F,2,57,O,CZ,9.516674
tcr_17_2,C,A,P,H,2,195,O,NE2,9.633694
tcr_17_2,C,A,P,Y,2,83,O,CE2,8.420335
tcr_17_2,C,A,P,Y,2,83,O,CZ,8.867991
tcr_17_2,C,A,P,Y,2,83,O,CE1,9.842933
tcr_17_2,C,A,P,Y,2,83,O,OH,8.603947
tcr_17_2,C,A,P,Y,2,83,O,CG,9.985837
tcr_17_2,C,A,P,Y,2,83,O,CD2,9.02403
tcr_17_2,C,A,P,Y,2,31,O,OH,6.0336747
tcr_17_2,C,A,P,Y,2,31,O,CG,6.8783064
tcr_17_2,C,A,P,Y,2,31,O,CA,9.189043
tcr_17_2,C,A,P,Y,2,31,O,CD1,7.07117
tcr_17_2,C,A,P,Y,2,31,O,CZ,6.0028977
tcr_17_2,C,A,P,Y,2,31,O,CE1,6.662565
tcr_17_2,C,A,P,V,2,58,O,CG2,9.885471
tcr_17_2,C,A,P,F,2,91,O,CE2,8.031765
tcr_17_2,C,A,P,F,2,91,O,CZ,7.2303605
tcr_17_2,C,A,P,N,2,87,O,OD1,6.3638277
tcr_17_2,C,A,P,F,2,91,O,CD2,8.59559
tcr_17_2,C,A,P,N,2,87,O,ND2,7.2044835
tcr_17_2,C,A,P,N,2,87,O,CG,6.9384594
tcr_17_2,C,A,P,N,2,87,O,CB,7.735495
tcr_17_2,C,A,P,Y,2,83,O,O,9.105717
tcr_17_2,C,A,P,N,2,87,O,CA,7.184469
tcr_17_2,C,A,P,N,2,87,O,O,7.7297873
tcr_17_2,C,A,P,T,2,88,O,N,9.3198805
tcr_17_2,C,A,P,N,2,87,O,N,7.5853057
tcr_17_2,C,A,P,N,2,87,O,C,8.048705
tcr_17_2,C,A,P,L,2,180,O,CD1,8.938184
tcr_17_2,C,A,P,Y,2,123,O,CB,9.47218
tcr_17_2,C,A,P,Y,2,33,O,CZ,7.32666
tcr_17_2,C,A,P,Y,2,33,O,CD2,9.44788
tcr_17_2,C,A,P,Y,2,123,O,CE1,7.0785394
tcr_17_2,C,A,P,Y,2,33,O,CE2,8.066288
tcr_17_2,C,A,P,Y,2,123,O,CD1,8.133636
tcr_17_2,C,A,P,Y,2,123,O,CG,8.1121235
tcr_17_2,C,A,P,Y,2,33,O,CD1,9.526278
tcr_17_2,C,A,P,Y,2,33,O,CE1,8.15329
tcr_17_2,C,A,P,F,2,91,O,CD1,7.6764717
tcr_17_2,C,A,P,F,2,91,O,CG,8.437199
tcr_17_2,C,A,P,I,2,90,O,CG2,4.885143
tcr_17_2,C,A,P,F,2,91,O,CE1,7.033256
tcr_17_2,C,A,P,N,2,94,O,OD1,8.0134325
tcr_17_2,C,A,P,Y,2,33,O,OH,5.987564
tcr_17_2,C,A,P,F,2,91,O,CA,9.0505
tcr_17_2,C,A,P,N,2,94,O,ND2,7.300341
tcr_17_2,C,A,P,F,2,91,O,CB,9.408325
tcr_17_2,C,A,P,N,2,94,O,CG,8.154821
tcr_17_2,C,A,P,N,2,94,O,CB,9.514579
tcr_17_2,C,A,P,Q,2,89,O,O,9.705902
tcr_17_2,C,A,P,F,2,91,O,N,8.103657
tcr_17_2,C,A,P,Q,2,89,O,C,9.107364
tcr_17_2,C,A,P,I,2,90,O,CA,6.9764366
tcr_17_2,C,A,P,I,2,90,O,C,7.7179594
tcr_17_2,C,A,P,I,2,90,O,O,8.286748
tcr_17_2,C,A,P,C,2,188,CB,CB,9.255722
tcr_17_2,C,A,P,M,2,29,CB,CB,9.795408
tcr_17_2,C,A,P,M,2,29,CB,CG,8.536956
tcr_17_2,C,A,P,C,2,188,CB,SG,9.094959
tcr_17_2,C,A,P,G,2,124,CB,N,9.450945
tcr_17_2,C,A,P,G,2,124,CB,CA,9.416444
tcr_17_2,C,A,P,Y,2,123,CB,O,8.297091
tcr_17_2,C,A,P,Y,2,123,CB,C,8.91073
tcr_17_2,C,A,P,M,2,29,CB,C,9.951783
tcr_17_2,C,A,P,R,2,30,CB,N,9.553599
tcr_17_2,C,A,P,Y,2,51,CB,N,9.531748
tcr_17_2,C,A,P,Y,2,31,CB,N,7.338788
tcr_17_2,C,A,P,R,2,30,CB,O,8.254756
tcr_17_2,C,A,P,R,2,30,CB,C,8.119452
tcr_17_2,C,A,P,R,2,30,CB,CA,9.201246
tcr_17_2,C,A,P,Y,2,183,CB,CE1,6.7481165
tcr_17_2,C,A,P,C,2,188,CB,N,9.5265255
tcr_17_2,C,A,P,Y,2,183,CB,CD1,7.732042
tcr_17_2,C,A,P,L,2,187,CB,C,9.7605295
tcr_17_2,C,A,P,Y,2,183,CB,CG,7.907184
tcr_17_2,C,A,P,Y,2,183,CB,CB,9.210534
tcr_17_2,C,A,P,L,2,187,CB,CB,9.395534
tcr_17_2,C,A,P,L,2,187,CB,CD1,9.470333
tcr_17_2,C,A,P,R,2,86,CB,NH2,9.488438
tcr_17_2,C,A,P,Y,2,183,CB,CD2,7.1294694
tcr_17_2,C,A,P,R,2,86,CB,CZ,9.349113
tcr_17_2,C,A,P,W,2,191,CB,NE1,8.946987
tcr_17_2,C,A,P,W,2,191,CB,CG,8.902288
tcr_17_2,C,A,P,W,2,191,CB,CE3,9.82451
tcr_17_2,C,A,P,W,2,191,CB,CB,9.120907
tcr_17_2,C,A,P,W,2,191,CB,CE2,9.28081
tcr_17_2,C,A,P,W,2,191,CB,CD2,9.258391
tcr_17_2,C,A,P,L,2,187,CB,O,9.735384
tcr_17_2,C,A,P,W,2,191,CB,CD1,8.72291
tcr_17_2,C,A,P,C,2,188,CB,CA,9.226129
tcr_17_2,C,A,P,M,2,29,CB,SD,7.9796247
tcr_17_2,C,A,P,M,2,29,CB,CE,7.513101
tcr_17_2,C,A,P,Y,2,183,CB,CE2,6.044595
tcr_17_2,C,A,P,Y,2,31,CB,CE2,4.166287
tcr_17_2,C,A,P,Y,2,31,CB,CD2,4.3599014
tcr_17_2,C,A,P,Y,2,183,CB,OH,5.06579
tcr_17_2,C,A,P,Y,2,123,CB,OH,3.1671128
tcr_17_2,C,A,P,Y,2,183,CB,CZ,5.8218026
tcr_17_2,C,A,P,Y,2,123,CB,CE2,5.0703106
tcr_17_2,C,A,P,Y,2,123,CB,CZ,4.475254
tcr_17_2,C,A,P,Y,2,123,CB,CD2,6.464994
tcr_17_2,C,A,P,Y,2,31,CB,CB,5.2769995
tcr_17_2,C,A,P,R,2,86,CB,NE,8.685146
tcr_17_2,C,A,P,W,2,191,CB,CZ2,9.868326
tcr_17_2,C,A,P,R,2,86,CB,CD,8.848887
tcr_17_2,C,A,P,R,2,86,CB,CG,8.133925
tcr_17_2,C,A,P,R,2,86,CB,N,9.829993
tcr_17_2,C,A,P,R,2,86,CB,CB,8.803652
tcr_17_2,C,A,P,R,2,86,CB,CA,8.810201
tcr_17_2,C,A,P,R,2,86,CB,C,7.498649
tcr_17_2,C,A,P,R,2,86,CB,O,7.0986857
tcr_17_2,C,A,P,I,2,90,CB,CG1,5.5087013
tcr_17_2,C,A,P,I,2,90,CB,CD1,4.782728
tcr_17_2,C,A,P,Q,2,89,CB,N,9.14268
tcr_17_2,C,A,P,Q,2,89,CB,CA,9.527706
tcr_17_2,C,A,P,I,2,90,CB,N,7.2775908
tcr_17_2,C,A,P,I,2,90,CB,CB,5.011085
tcr_17_2,C,A,P,F,2,57,CB,CE1,8.726536
tcr_17_2,C,A,P,F,2,57,CB,CD1,9.902479
tcr_17_2,C,A,P,F,2,57,CB,CE2,8.085439
tcr_17_2,C,A,P,F,2,57,CB,CZ,7.730542
tcr_17_2,C,A,P,F,2,57,CB,CD2,9.343847
tcr_17_2,C,A,P,H,2,195,CB,NE2,9.20923
tcr_17_2,C,A,P,Y,2,83,CB,CE2,8.233089
tcr_17_2,C,A,P,Y,2,83,CB,CZ,8.128582
tcr_17_2,C,A,P,Y,2,83,CB,CE1,8.901473
tcr_17_2,C,A,P,Y,2,83,CB,OH,7.564534
tcr_17_2,C,A,P,Y,2,83,CB,CG,9.792673
tcr_17_2,C,A,P,Y,2,83,CB,CD1,9.697318
tcr_17_2,C,A,P,Y,2,83,CB,CD2,9.09041
tcr_17_2,C,A,P,Y,2,31,CB,OH,4.471191
tcr_17_2,C,A,P,Y,2,31,CB,CG,4.38358
tcr_17_2,C,A,P,Y,2,31,CB,CA,6.716479
tcr_17_2,C,A,P,Y,2,31,CB,CD1,4.2027526
tcr_17_2,C,A,P,G,2,50,CB,N,8.134087
tcr_17_2,C,A,P,G,2,50,CB,CA,7.810064
tcr_17_2,C,A,P,Y,2,31,CB,CZ,3.9782782
tcr_17_2,C,A,P,G,2,50,CB,C,9.163975
tcr_17_2,C,A,P,Y,2,31,CB,CE1,3.996011
tcr_17_2,C,A,P,G,2,50,CB,O,9.981271
tcr_17_2,C,A,P,V,2,49,CB,C,8.182093
tcr_17_2,C,A,P,V,2,58,CB,CG2,7.2114305
tcr_17_2,C,A,P,V,2,58,CB,CB,8.370868
tcr_17_2,C,A,P,F,2,91,CB,CE2,5.1478853
tcr_17_2,C,A,P,V,2,58,CB,CG1,8.710852
tcr_17_2,C,A,P,F,2,91,CB,CZ,4.0916233
tcr_17_2,C,A,P,N,2,87,CB,OD1,4.6858816
tcr_17_2,C,A,P,F,2,91,CB,CD2,5.875471
tcr_17_2,C,A,P,T,2,69,CB,CG2,8.250612
tcr_17_2,C,A,P,N,2,87,CB,ND2,6.4170146
tcr_17_2,C,A,P,N,2,87,CB,CG,5.635371
tcr_17_2,C,A,P,T,2,69,CB,CB,8.965215
tcr_17_2,C,A,P,N,2,87,CB,CB,6.303604
tcr_17_2,C,A,P,Y,2,83,CB,C,9.914559
tcr_17_2,C,A,P,Y,2,83,CB,O,8.7653885
tcr_17_2,C,A,P,N,2,87,CB,CA,6.103318
tcr_17_2,C,A,P,T,2,69,CB,OG1,8.160671
tcr_17_2,C,A,P,W,2,84,CB,O,9.906557
tcr_17_2,C,A,P,T,2,88,CB,CA,8.887099
tcr_17_2,C,A,P,N,2,87,CB,O,6.141118
tcr_17_2,C,A,P,T,2,88,CB,N,7.9888687
tcr_17_2,C,A,P,N,2,87,CB,N,7.096662
tcr_17_2,C,A,P,N,2,87,CB,C,6.6708207
tcr_17_2,C,A,P,T,2,88,CB,C,9.025593
tcr_17_2,C,A,P,L,2,180,CB,CD1,9.977376
tcr_17_2,C,A,P,Y,2,123,CB,CB,8.731557
tcr_17_2,C,A,P,T,2,93,CB,CB,9.993086
tcr_17_2,C,A,P,Y,2,123,CB,N,9.468467
tcr_17_2,C,A,P,Y,2,123,CB,CA,9.369392
tcr_17_2,C,A,P,Y,2,31,CB,C,7.7063375
tcr_17_2,C,A,P,F,2,32,CB,CA,9.348204
tcr_17_2,C,A,P,Y,2,31,CB,O,8.195793
tcr_17_2,C,A,P,Y,2,33,CB,CG,7.4956884
tcr_17_2,C,A,P,Y,2,33,CB,CZ,4.766234
tcr_17_2,C,A,P,Y,2,33,CB,CD2,7.161421
tcr_17_2,C,A,P,Y,2,123,CB,CE1,5.5170665
tcr_17_2,C,A,P,Y,2,33,CB,CE2,5.890594
tcr_17_2,C,A,P,Y,2,123,CB,CD1,6.8183346
tcr_17_2,C,A,P,Y,2,123,CB,CG,7.2330327
tcr_17_2,C,A,P,Y,2,33,CB,CD1,6.6318297
tcr_17_2,C,A,P,Y,2,33,CB,CB,8.996816
tcr_17_2,C,A,P,Y,2,33,CB,CE1,5.2268605
tcr_17_2,C,A,P,Y,2,33,CB,N,9.379253
tcr_17_2,C,A,P,Y,2,33,CB,CA,9.607323
tcr_17_2,C,A,P,F,2,32,CB,C,9.117371
tcr_17_2,C,A,P,F,2,32,CB,N,8.242232
tcr_17_2,C,A,P,V,2,49,CB,O,7.8560653
tcr_17_2,C,A,P,F,2,32,CB,O,8.97001
tcr_17_2,C,A,P,V,2,49,CB,N,8.581149
tcr_17_2,C,A,P,V,2,49,CB,CA,8.972176
tcr_17_2,C,A,P,A,2,48,CB,C,8.600315
tcr_17_2,C,A,P,Y,2,98,CB,OH,9.969986
tcr_17_2,C,A,P,F,2,91,CB,CD1,4.8079453
tcr_17_2,C,A,P,F,2,91,CB,CG,5.7375216
tcr_17_2,C,A,P,I,2,90,CB,CG2,4.2464304
tcr_17_2,C,A,P,F,2,91,CB,CE1,3.8774881
tcr_17_2,C,A,P,N,2,94,CB,OD1,7.104389
tcr_17_2,C,A,P,Y,2,33,CB,OH,3.5059254
tcr_17_2,C,A,P,F,2,91,CB,CA,6.9678984
tcr_17_2,C,A,P,N,2,94,CB,ND2,5.6634955
tcr_17_2,C,A,P,F,2,91,CB,CB,6.9653997
tcr_17_2,C,A,P,N,2,94,CB,CG,6.751025
tcr_17_2,C,A,P,N,2,94,CB,CB,7.792615
tcr_17_2,C,A,P,F,2,46,CB,CZ,8.394407
tcr_17_2,C,A,P,N,2,94,CB,CA,9.141431
tcr_17_2,C,A,P,Y,2,98,CB,CE2,9.90732
tcr_17_2,C,A,P,F,2,46,CB,CE2,9.586177
tcr_17_2,C,A,P,F,2,46,CB,CE1,8.623369
tcr_17_2,C,A,P,A,2,48,CB,N,9.55094
tcr_17_2,C,A,P,F,2,60,CB,CB,8.968644
tcr_17_2,C,A,P,A,2,48,CB,CB,7.1176143
tcr_17_2,C,A,P,A,2,48,CB,O,9.021272
tcr_17_2,C,A,P,F,2,60,CB,CD1,9.931914
tcr_17_2,C,A,P,A,2,48,CB,CA,8.3784075
tcr_17_2,C,A,P,F,2,60,CB,N,9.859893
tcr_17_2,C,A,P,F,2,60,CB,CG,9.526576
tcr_17_2,C,A,P,F,2,46,CB,CD1,9.981383
tcr_17_2,C,A,P,Q,2,89,CB,O,9.122581
tcr_17_2,C,A,P,F,2,91,CB,N,6.4256186
tcr_17_2,C,A,P,Q,2,89,CB,C,8.560952
tcr_17_2,C,A,P,I,2,90,CB,CA,6.379453
tcr_17_2,C,A,P,I,2,90,CB,C,6.512009
tcr_17_2,C,A,P,K,2,92,CB,N,9.225731
tcr_17_2,C,A,P,I,2,90,CB,O,7.1371646
tcr_17_2,C,A,P,N,2,94,CB,N,9.174804
tcr_17_2,C,A,P,T,2,88,CB,O,9.264243
tcr_17_2,C,A,P,F,2,60,CB,CD2,9.937806
tcr_17_2,C,A,P,F,2,91,CB,C,8.45691
tcr_17_2,C,A,P,F,2,91,CB,O,9.041174
tcr_17_2,C,A,P,V,2,58,CB,CA,9.693484
tcr_17_2,C,A,P,V,2,58,CB,O,9.697183
tcr_17_2,C,A,P,V,2,58,CB,C,9.755466
tcr_17_2,C,A,P,R,2,59,CB,C,9.94503
tcr_17_2,C,A,P,W,2,191,CG,CZ3,9.643524
tcr_17_2,C,A,P,W,2,191,CG,CH2,9.559811
tcr_17_2,C,A,P,M,2,29,CG,CG,9.234257
tcr_17_2,C,A,P,Y,2,123,CG,O,9.710969
tcr_17_2,C,A,P,Y,2,31,CG,N,8.553884
tcr_17_2,C,A,P,R,2,30,CG,O,9.201733
tcr_17_2,C,A,P,R,2,30,CG,C,9.217901
tcr_17_2,C,A,P,Y,2,183,CG,CE1,7.884389
tcr_17_2,C,A,P,Y,2,183,CG,CD1,8.811011
tcr_17_2,C,A,P,Y,2,183,CG,CG,8.802066
tcr_17_2,C,A,P,L,2,187,CG,CB,9.617948
tcr_17_2,C,A,P,L,2,187,CG,CD1,9.4914
tcr_17_2,C,A,P,R,2,86,CG,NH2,8.753926
tcr_17_2,C,A,P,Y,2,183,CG,CD2,7.8516994
tcr_17_2,C,A,P,R,2,86,CG,CZ,8.4380045
tcr_17_2,C,A,P,W,2,191,CG,NE1,8.524275
tcr_17_2,C,A,P,W,2,191,CG,CG,8.688864
tcr_17_2,C,A,P,W,2,191,CG,CE3,9.28626
tcr_17_2,C,A,P,W,2,191,CG,CB,9.106107
tcr_17_2,C,A,P,W,2,191,CG,CE2,8.710647
tcr_17_2,C,A,P,W,2,191,CG,CD2,8.81182
tcr_17_2,C,A,P,W,2,191,CG,CD1,8.519271
tcr_17_2,C,A,P,C,2,188,CG,CA,9.89818
tcr_17_2,C,A,P,M,2,29,CG,SD,8.461103
tcr_17_2,C,A,P,M,2,29,CG,CE,8.148005
tcr_17_2,C,A,P,Y,2,183,CG,CE2,6.790107
tcr_17_2,C,A,P,Y,2,31,CG,CE2,5.01603
tcr_17_2,C,A,P,Y,2,31,CG,CD2,5.5005865
tcr_17_2,C,A,P,Y,2,183,CG,OH,6.077305
tcr_17_2,C,A,P,Y,2,123,CG,OH,4.6717343
tcr_17_2,C,A,P,Y,2,183,CG,CZ,6.81016
tcr_17_2,C,A,P,Y,2,123,CG,CE2,6.5635705
tcr_17_2,C,A,P,Y,2,123,CG,CZ,5.9936056
tcr_17_2,C,A,P,Y,2,123,CG,CD2,7.9609904
tcr_17_2,C,A,P,Y,2,31,CG,CB,6.5305657
tcr_17_2,C,A,P,R,2,86,CG,NE,7.664321
tcr_17_2,C,A,P,W,2,191,CG,CZ2,9.101634
tcr_17_2,C,A,P,R,2,86,CG,CD,7.642997
tcr_17_2,C,A,P,R,2,86,CG,CG,6.8459272
tcr_17_2,C,A,P,R,2,86,CG,N,8.329396
tcr_17_2,C,A,P,R,2,86,CG,CB,7.390798
tcr_17_2,C,A,P,R,2,86,CG,CA,7.3524456
tcr_17_2,C,A,P,E,2,82,CG,O,9.722781
tcr_17_2,C,A,P,R,2,86,CG,C,6.0313716
tcr_17_2,C,A,P,R,2,86,CG,NH1,9.147121
tcr_17_2,C,A,P,R,2,86,CG,O,5.7223544
tcr_17_2,C,A,P,I,2,90,CG,CG1,4.6409793
tcr_17_2,C,A,P,Q,2,89,CG,CB,8.826893
tcr_17_2,C,A,P,Q,2,89,CG,OE1,9.911164
tcr_17_2,C,A,P,I,2,90,CG,CD1,3.8190374
tcr_17_2,C,A,P,Q,2,89,CG,N,7.897961
tcr_17_2,C,A,P,Q,2,89,CG,CA,8.3898
tcr_17_2,C,A,P,I,2,90,CG,N,6.2824197
tcr_17_2,C,A,P,Q,2,89,CG,CG,9.803277
tcr_17_2,C,A,P,I,2,90,CG,CB,4.2190204
tcr_17_2,C,A,P,F,2,57,CG,CE1,8.955409
tcr_17_2,C,A,P,F,2,57,CG,CE2,7.91098
tcr_17_2,C,A,P,H,2,195,CG,CD2,9.954513
tcr_17_2,C,A,P,F,2,57,CG,CZ,7.8227134
tcr_17_2,C,A,P,F,2,57,CG,CD2,9.105579
tcr_17_2,C,A,P,H,2,195,CG,NE2,8.97465
tcr_17_2,C,A,P,H,2,195,CG,CE1,9.725454
tcr_17_2,C,A,P,Y,2,83,CG,CE2,7.245418
tcr_17_2,C,A,P,Y,2,83,CG,CZ,7.161892
tcr_17_2,C,A,P,Y,2,83,CG,CE1,7.8160715
tcr_17_2,C,A,P,Y,2,83,CG,OH,6.8000393
tcr_17_2,C,A,P,Y,2,83,CG,CG,8.563685
tcr_17_2,C,A,P,Y,2,83,CG,CD1,8.486612
tcr_17_2,C,A,P,W,2,84,CG,CZ3,9.988915
tcr_17_2,C,A,P,Y,2,83,CG,CD2,7.966225
tcr_17_2,C,A,P,Y,2,31,CG,OH,4.560104
tcr_17_2,C,A,P,Y,2,31,CG,CG,5.5035725
tcr_17_2,C,A,P,Y,2,31,CG,CA,7.894214
tcr_17_2,C,A,P,Y,2,31,CG,CD1,5.007286
tcr_17_2,C,A,P,G,2,50,CG,N,8.517713
tcr_17_2,C,A,P,G,2,50,CG,CA,8.271281
tcr_17_2,C,A,P,Y,2,31,CG,CZ,4.4703135
tcr_17_2,C,A,P,G,2,50,CG,C,9.607091
tcr_17_2,C,A,P,Y,2,31,CG,CE1,4.4634843
tcr_17_2,C,A,P,V,2,49,CG,C,8.694723
tcr_17_2,C,A,P,V,2,58,CG,CG2,6.938372
tcr_17_2,C,A,P,V,2,58,CG,CB,7.8924036
tcr_17_2,C,A,P,F,2,91,CG,CE2,4.477708
tcr_17_2,C,A,P,V,2,58,CG,CG1,8.068272
tcr_17_2,C,A,P,F,2,91,CG,CZ,3.7794607
tcr_17_2,C,A,P,N,2,87,CG,OD1,3.469002
tcr_17_2,C,A,P,F,2,91,CG,CD2,5.1489577
tcr_17_2,C,A,P,T,2,69,CG,CG2,7.236021
tcr_17_2,C,A,P,N,2,87,CG,ND2,5.0684013
tcr_17_2,C,A,P,N,2,87,CG,CG,4.2680087
tcr_17_2,C,A,P,T,2,69,CG,CB,7.836281
tcr_17_2,C,A,P,N,2,87,CG,CB,4.876841
tcr_17_2,C,A,P,Y,2,83,CG,C,8.462527
tcr_17_2,C,A,P,Y,2,83,CG,CA,9.12295
tcr_17_2,C,A,P,Y,2,83,CG,O,7.2926655
tcr_17_2,C,A,P,Y,2,83,CG,CB,9.561341
tcr_17_2,C,A,P,W,2,84,CG,CA,9.273665
tcr_17_2,C,A,P,W,2,84,CG,N,9.38154
tcr_17_2,C,A,P,N,2,87,CG,CA,4.6170874
tcr_17_2,C,A,P,T,2,69,CG,OG1,7.0130787
tcr_17_2,C,A,P,W,2,84,CG,CE3,9.88127
tcr_17_2,C,A,P,W,2,84,CG,O,8.437315
tcr_17_2,C,A,P,T,2,88,CG,CA,7.626603
tcr_17_2,C,A,P,T,2,69,CG,CA,9.122276
tcr_17_2,C,A,P,N,2,87,CG,O,4.9288216
tcr_17_2,C,A,P,T,2,88,CG,N,6.620811
tcr_17_2,C,A,P,N,2,87,CG,N,5.5807257
tcr_17_2,C,A,P,N,2,87,CG,C,5.306286
tcr_17_2,C,A,P,T,2,69,CG,N,9.763502
tcr_17_2,C,A,P,T,2,88,CG,C,7.8371816
tcr_17_2,C,A,P,T,2,88,CG,OG1,9.159272
tcr_17_2,C,A,P,W,2,84,CG,C,9.093511
tcr_17_2,C,A,P,T,2,88,CG,CB,9.007016
tcr_17_2,C,A,P,D,2,85,CG,N,9.848792
tcr_17_2,C,A,P,D,2,85,CG,C,8.918802
tcr_17_2,C,A,P,D,2,85,CG,O,8.696723
tcr_17_2,C,A,P,T,2,93,CG,CB,9.665111
tcr_17_2,C,A,P,T,2,93,CG,OG1,9.92687
tcr_17_2,C,A,P,Y,2,31,CG,C,8.927442
tcr_17_2,C,A,P,Y,2,31,CG,O,9.523093
tcr_17_2,C,A,P,Y,2,33,CG,CG,8.506807
tcr_17_2,C,A,P,Y,2,33,CG,CZ,5.8252416
tcr_17_2,C,A,P,Y,2,33,CG,CD2,8.234718
tcr_17_2,C,A,P,Y,2,123,CG,CE1,7.0034657
tcr_17_2,C,A,P,Y,2,33,CG,CE2,6.982503
tcr_17_2,C,A,P,Y,2,123,CG,CD1,8.324403
tcr_17_2,C,A,P,Y,2,123,CG,CG,8.754478
tcr_17_2,C,A,P,Y,2,33,CG,CD1,7.5698514
tcr_17_2,C,A,P,Y,2,33,CG,CB,9.989571
tcr_17_2,C,A,P,Y,2,33,CG,CE1,6.176978
tcr_17_2,C,A,P,F,2,32,CG,N,9.340845
tcr_17_2,C,A,P,V,2,49,CG,O,8.570886
tcr_17_2,C,A,P,F,2,32,CG,O,9.823405
tcr_17_2,C,A,P,V,2,49,CG,N,9.030362
tcr_17_2,C,A,P,V,2,49,CG,CA,9.364171
tcr_17_2,C,A,P,A,2,48,CG,C,8.892634
tcr_17_2,C,A,P,F,2,91,CG,CD1,4.639111
tcr_17_2,C,A,P,F,2,91,CG,CG,5.2270203
tcr_17_2,C,A,P,I,2,90,CG,CG2,3.9258463
tcr_17_2,C,A,P,F,2,91,CG,CE1,3.8739898
tcr_17_2,C,A,P,N,2,94,CG,OD1,7.3835144
tcr_17_2,C,A,P,Y,2,33,CG,OH,4.593061
tcr_17_2,C,A,P,F,2,91,CG,CA,6.502388
tcr_17_2,C,A,P,N,2,94,CG,ND2,6.204055
tcr_17_2,C,A,P,F,2,91,CG,CB,6.4197946
tcr_17_2,C,A,P,N,2,94,CG,CG,7.111581
tcr_17_2,C,A,P,N,2,94,CG,CB,8.08278
tcr_17_2,C,A,P,F,2,46,CG,CZ,8.8368225
tcr_17_2,C,A,P,N,2,94,CG,CA,9.336291
tcr_17_2,C,A,P,F,2,46,CG,CE1,8.838072
tcr_17_2,C,A,P,A,2,48,CG,N,9.811955
tcr_17_2,C,A,P,F,2,60,CG,CB,8.491956
tcr_17_2,C,A,P,A,2,48,CG,CB,7.405142
tcr_17_2,C,A,P,A,2,48,CG,O,9.11639
tcr_17_2,C,A,P,F,2,60,CG,CD1,9.536809
tcr_17_2,C,A,P,A,2,48,CG,CA,8.741812
tcr_17_2,C,A,P,F,2,60,CG,N,9.521649
tcr_17_2,C,A,P,F,2,60,CG,CG,8.98101
tcr_17_2,C,A,P,F,2,60,CG,CA,9.732929
tcr_17_2,C,A,P,Q,2,89,CG,O,8.297483
tcr_17_2,C,A,P,F,2,91,CG,N,5.7632246
tcr_17_2,C,A,P,Q,2,89,CG,C,7.582403
tcr_17_2,C,A,P,I,2,90,CG,CA,5.6253242
tcr_17_2,C,A,P,I,2,90,CG,C,5.9390492
tcr_17_2,C,A,P,K,2,92,CG,N,8.598332
tcr_17_2,C,A,P,I,2,90,CG,O,6.7773905
tcr_17_2,C,A,P,T,2,93,CG,N,9.699649
tcr_17_2,C,A,P,N,2,94,CG,N,9.14966
tcr_17_2,C,A,P,F,2,60,CG,CE2,9.923057
tcr_17_2,C,A,P,T,2,88,CG,O,8.218807
tcr_17_2,C,A,P,F,2,60,CG,CD2,9.196979
tcr_17_2,C,A,P,F,2,91,CG,C,8.002088
tcr_17_2,C,A,P,F,2,91,CG,O,8.762455
tcr_17_2,C,A,P,V,2,58,CG,N,9.952003
tcr_17_2,C,A,P,V,2,58,CG,CA,9.322103
tcr_17_2,C,A,P,R,2,59,CG,CA,9.93861
tcr_17_2,C,A,P,V,2,58,CG,O,9.633774
tcr_17_2,C,A,P,R,2,59,CG,N,9.719886
tcr_17_2,C,A,P,V,2,58,CG,C,9.498805
tcr_17_2,C,A,P,R,2,59,CG,O,9.497798
tcr_17_2,C,A,P,R,2,59,CG,C,9.513691
tcr_17_2,C,A,P,W,2,191,CD,N,9.980209
tcr_17_2,C,A,P,W,2,191,CD,C,9.7854805
tcr_17_2,C,A,P,H,2,195,CD,ND1,9.582823
tcr_17_2,C,A,P,W,2,191,CD,CA,9.205793
tcr_17_2,C,A,P,W,2,191,CD,CZ3,8.160632
tcr_17_2,C,A,P,W,2,191,CD,CH2,8.140791
tcr_17_2,C,A,P,C,2,188,CD,CB,9.408342
tcr_17_2,C,A,P,C,2,188,CD,C,9.987617
tcr_17_2,C,A,P,C,2,188,CD,O,9.758324
tcr_17_2,C,A,P,M,2,29,CD,CB,9.693464
tcr_17_2,C,A,P,M,2,29,CD,CG,8.339674
tcr_17_2,C,A,P,C,2,188,CD,SG,9.404354
tcr_17_2,C,A,P,Y,2,123,CD,O,9.772823
tcr_17_2,C,A,P,Y,2,51,CD,N,9.710532
tcr_17_2,C,A,P,Y,2,31,CD,N,8.576275
tcr_17_2,C,A,P,R,2,30,CD,O,8.979197
tcr_17_2,C,A,P,R,2,30,CD,C,9.055738
tcr_17_2,C,A,P,Y,2,183,CD,CE1,7.6875715
tcr_17_2,C,A,P,C,2,188,CD,N,9.204315
tcr_17_2,C,A,P,Y,2,183,CD,CD1,8.674092
tcr_17_2,C,A,P,L,2,187,CD,C,9.129599
tcr_17_2,C,A,P,Y,2,183,CD,CG,8.614382
tcr_17_2,C,A,P,Y,2,183,CD,CB,9.923601
tcr_17_2,C,A,P,L,2,187,CD,CA,9.714017
tcr_17_2,C,A,P,L,2,187,CD,CG,9.396889
tcr_17_2,C,A,P,L,2,187,CD,CB,8.776265
tcr_17_2,C,A,P,L,2,187,CD,CD1,8.866074
tcr_17_2,C,A,P,R,2,86,CD,NH2,8.9644165
tcr_17_2,C,A,P,Y,2,183,CD,CD2,7.5374575
tcr_17_2,C,A,P,R,2,86,CD,CZ,8.639739
tcr_17_2,C,A,P,L,2,187,CD,CD2,9.424561
tcr_17_2,C,A,P,W,2,191,CD,NE1,7.1989636
tcr_17_2,C,A,P,W,2,191,CD,CG,7.25916
tcr_17_2,C,A,P,W,2,191,CD,CE3,7.774176
tcr_17_2,C,A,P,W,2,191,CD,CB,7.6976156
tcr_17_2,C,A,P,W,2,191,CD,CE2,7.300822
tcr_17_2,C,A,P,W,2,191,CD,CD2,7.3330135
tcr_17_2,C,A,P,L,2,187,CD,O,8.863566
tcr_17_2,C,A,P,W,2,191,CD,CD1,7.1825147
tcr_17_2,C,A,P,C,2,188,CD,CA,8.988014
tcr_17_2,C,A,P,M,2,29,CD,SD,7.356364
tcr_17_2,C,A,P,M,2,29,CD,CE,7.123659
tcr_17_2,C,A,P,Y,2,183,CD,CE2,6.3712263
tcr_17_2,C,A,P,Y,2,31,CD,CE2,4.481334
tcr_17_2,C,A,P,Y,2,31,CD,CD2,5.324633
tcr_17_2,C,A,P,Y,2,183,CD,OH,5.6263576
tcr_17_2,C,A,P,Y,2,123,CD,OH,5.4031787
tcr_17_2,C,A,P,Y,2,183,CD,CZ,6.4619174
tcr_17_2,C,A,P,Y,2,123,CD,CE2,6.9028645
tcr_17_2,C,A,P,Y,2,123,CD,CZ,6.6026545
tcr_17_2,C,A,P,Y,2,123,CD,CD2,8.261109
tcr_17_2,C,A,P,Y,2,31,CD,CB,6.8643837
tcr_17_2,C,A,P,R,2,86,CD,NE,7.7026296
tcr_17_2,C,A,P,W,2,191,CD,CZ2,7.723577
tcr_17_2,C,A,P,R,2,86,CD,CD,7.6354604
tcr_17_2,C,A,P,R,2,86,CD,CG,6.60503
tcr_17_2,C,A,P,R,2,86,CD,N,8.226099
tcr_17_2,C,A,P,R,2,86,CD,CB,7.0973215
tcr_17_2,C,A,P,R,2,86,CD,CA,7.3172593
tcr_17_2,C,A,P,E,2,82,CD,O,9.172321
tcr_17_2,C,A,P,R,2,86,CD,C,6.1589036
tcr_17_2,C,A,P,R,2,86,CD,NH1,9.471485
tcr_17_2,C,A,P,R,2,86,CD,O,6.125567
tcr_17_2,C,A,P,I,2,90,CD,CG1,5.48118
tcr_17_2,C,A,P,Q,2,89,CD,CB,9.512769
tcr_17_2,C,A,P,I,2,90,CD,CD1,4.3279867
tcr_17_2,C,A,P,Q,2,89,CD,N,8.633428
tcr_17_2,C,A,P,Q,2,89,CD,CA,9.233414
tcr_17_2,C,A,P,I,2,90,CD,N,7.297738
tcr_17_2,C,A,P,I,2,90,CD,CB,5.3749866
tcr_17_2,C,A,P,F,2,57,CD,CE1,8.125327
tcr_17_2,C,A,P,F,2,57,CD,CD1,9.201008
tcr_17_2,C,A,P,F,2,57,CD,CE2,6.8953376
tcr_17_2,C,A,P,H,2,195,CD,CG,9.765152
tcr_17_2,C,A,P,H,2,195,CD,CD2,8.586629
tcr_17_2,C,A,P,F,2,57,CD,CZ,6.886656
tcr_17_2,C,A,P,F,2,57,CD,CG,9.211547
tcr_17_2,C,A,P,F,2,57,CD,CD2,8.136707
tcr_17_2,C,A,P,H,2,195,CD,NE2,7.561878
tcr_17_2,C,A,P,H,2,195,CD,CE1,8.289287
tcr_17_2,C,A,P,I,2,76,CD,CD1,9.18873
tcr_17_2,C,A,P,Y,2,83,CD,CE2,5.8986807
tcr_17_2,C,A,P,Y,2,83,CD,CZ,5.916889
tcr_17_2,C,A,P,Y,2,83,CD,CE1,6.7376943
tcr_17_2,C,A,P,Y,2,83,CD,OH,5.5474386
tcr_17_2,C,A,P,I,2,76,CD,CG1,9.620158
tcr_17_2,C,A,P,Y,2,83,CD,CG,7.4429994
tcr_17_2,C,A,P,Y,2,83,CD,CD1,7.4499984
tcr_17_2,C,A,P,W,2,84,CD,CZ3,9.423179
tcr_17_2,C,A,P,Y,2,83,CD,CD2,6.704141
tcr_17_2,C,A,P,Y,2,31,CD,OH,3.5344472
tcr_17_2,C,A,P,Y,2,31,CD,CG,5.6046276
tcr_17_2,C,A,P,Y,2,31,CD,CA,8.114861
tcr_17_2,C,A,P,Y,2,31,CD,CD1,5.101637
tcr_17_2,C,A,P,G,2,50,CD,N,8.506439
tcr_17_2,C,A,P,G,2,50,CD,CA,8.058271
tcr_17_2,C,A,P,Y,2,31,CD,CZ,3.844061
tcr_17_2,C,A,P,G,2,50,CD,C,9.250991
tcr_17_2,C,A,P,Y,2,31,CD,CE1,4.2116847
tcr_17_2,C,A,P,G,2,50,CD,O,9.884141
tcr_17_2,C,A,P,V,2,49,CD,C,8.899059
tcr_17_2,C,A,P,V,2,58,CD,CG2,6.5590906
tcr_17_2,C,A,P,V,2,58,CD,CB,7.508277
tcr_17_2,C,A,P,F,2,91,CD,CE2,5.1605587
tcr_17_2,C,A,P,V,2,58,CD,CG1,7.4440536
tcr_17_2,C,A,P,F,2,91,CD,CZ,4.573721
tcr_17_2,C,A,P,N,2,87,CD,OD1,2.9181573
tcr_17_2,C,A,P,F,2,91,CD,CD2,6.0443835
tcr_17_2,C,A,P,T,2,69,CD,CG2,7.225347
tcr_17_2,C,A,P,N,2,87,CD,ND2,4.2400007
tcr_17_2,C,A,P,N,2,87,CD,CG,3.7470627
tcr_17_2,C,A,P,T,2,69,CD,CB,7.973158
tcr_17_2,C,A,P,N,2,87,CD,CB,4.7760415
tcr_17_2,C,A,P,Y,2,83,CD,C,7.7671657
tcr_17_2,C,A,P,Y,2,83,CD,CA,8.25238
tcr_17_2,C,A,P,Y,2,83,CD,O,6.6852193
tcr_17_2,C,A,P,Y,2,83,CD,CB,8.523621
tcr_17_2,C,A,P,W,2,84,CD,CA,8.851996
tcr_17_2,C,A,P,W,2,84,CD,N,8.771318
tcr_17_2,C,A,P,Y,2,83,CD,N,9.582298
tcr_17_2,C,A,P,E,2,82,CD,C,9.911005
tcr_17_2,C,A,P,N,2,87,CD,CA,4.8021903
tcr_17_2,C,A,P,T,2,69,CD,OG1,7.3660426
tcr_17_2,C,A,P,W,2,84,CD,CE3,9.3755865
tcr_17_2,C,A,P,W,2,84,CD,O,8.407533
tcr_17_2,C,A,P,T,2,88,CD,CA,8.267872
tcr_17_2,C,A,P,T,2,69,CD,CA,9.355674
tcr_17_2,C,A,P,N,2,87,CD,O,5.763361
tcr_17_2,C,A,P,T,2,88,CD,N,7.0831404
tcr_17_2,C,A,P,N,2,87,CD,N,5.565428
tcr_17_2,C,A,P,N,2,87,CD,C,5.8415937
tcr_17_2,C,A,P,T,2,88,CD,C,8.64727
tcr_17_2,C,A,P,T,2,88,CD,OG1,9.524953
tcr_17_2,C,A,P,W,2,84,CD,C,8.885606
tcr_17_2,C,A,P,T,2,88,CD,CB,9.520239
tcr_17_2,C,A,P,D,2,85,CD,N,9.640906
tcr_17_2,C,A,P,D,2,85,CD,C,8.974846
tcr_17_2,C,A,P,D,2,85,CD,O,8.962107
tcr_17_2,C,A,P,Y,2,31,CD,C,9.326651
tcr_17_2,C,A,P,Y,2,31,CD,O,9.963319
tcr_17_2,C,A,P,Y,2,33,CD,CG,9.661881
tcr_17_2,C,A,P,Y,2,33,CD,CZ,7.026976
tcr_17_2,C,A,P,Y,2,33,CD,CD2,9.456239
tcr_17_2,C,A,P,Y,2,123,CD,CE1,7.7523756
tcr_17_2,C,A,P,Y,2,33,CD,CE2,8.223616
tcr_17_2,C,A,P,Y,2,123,CD,CD1,8.97841
tcr_17_2,C,A,P,Y,2,123,CD,CG,9.211974
tcr_17_2,C,A,P,Y,2,33,CD,CD1,8.651372
tcr_17_2,C,A,P,Y,2,33,CD,CE1,7.274369
tcr_17_2,C,A,P,F,2,32,CD,N,9.812305
tcr_17_2,C,A,P,V,2,49,CD,O,8.841911
tcr_17_2,C,A,P,V,2,49,CD,N,9.597721
tcr_17_2,C,A,P,V,2,49,CD,CA,9.709279
tcr_17_2,C,A,P,A,2,48,CD,C,9.579701
tcr_17_2,C,A,P,F,2,91,CD,CD1,5.926705
tcr_17_2,C,A,P,F,2,91,CD,CG,6.3934493
tcr_17_2,C,A,P,I,2,90,CD,CG2,5.268091
tcr_17_2,C,A,P,F,2,91,CD,CE1,5.01642
tcr_17_2,C,A,P,N,2,94,CD,OD1,8.852345
tcr_17_2,C,A,P,Y,2,33,CD,OH,5.821464
tcr_17_2,C,A,P,F,2,91,CD,CA,7.8641844
tcr_17_2,C,A,P,N,2,94,CD,ND2,7.6852307
tcr_17_2,C,A,P,F,2,91,CD,CB,7.648042
tcr_17_2,C,A,P,N,2,94,CD,CG,8.614828
tcr_17_2,C,A,P,N,2,94,CD,CB,9.600745
tcr_17_2,C,A,P,F,2,60,CD,CB,9.310234
tcr_17_2,C,A,P,A,2,48,CD,CB,8.409466
tcr_17_2,C,A,P,A,2,48,CD,O,9.73402
tcr_17_2,C,A,P,A,2,48,CD,CA,9.640583
tcr_17_2,C,A,P,F,2,60,CD,CG,9.927674
tcr_17_2,C,A,P,Q,2,89,CD,O,9.430953
tcr_17_2,C,A,P,F,2,91,CD,N,7.081471
tcr_17_2,C,A,P,Q,2,89,CD,C,8.599117
tcr_17_2,C,A,P,I,2,90,CD,CA,6.8230495
tcr_17_2,C,A,P,I,2,90,CD,C,7.2912164
tcr_17_2,C,A,P,K,2,92,CD,N,9.885966
tcr_17_2,C,A,P,I,2,90,CD,O,8.195367
tcr_17_2,C,A,P,T,2,88,CD,O,9.189104
tcr_17_2,C,A,P,F,2,91,CD,C,9.363684
tcr_17_2,C,A,P,V,2,58,CD,N,9.471233
tcr_17_2,C,A,P,V,2,58,CD,CA,8.979794
tcr_17_2,C,A,P,V,2,58,CD,O,9.574488
tcr_17_2,C,A,P,R,2,59,CD,N,9.743689
tcr_17_2,C,A,P,V,2,58,CD,C,9.388179
tcr_17_2,C,A,P,R,2,59,CD,O,9.7956085
tcr_17_2,C,A,P,R,2,59,CD,C,9.888355
tcr_17_2,C,A,F,L,3,184,N,CA,8.909459
tcr_17_2,C,A,F,C,3,188,N,CB,7.438961
tcr_17_2,C,A,F,L,3,184,N,N,8.311397
tcr_17_2,C,A,F,L,3,184,N,CG,8.635823
tcr_17_2,C,A,F,L,3,184,N,CD2,8.065947
tcr_17_2,C,A,F,L,3,184,N,CB,9.50233
tcr_17_2,C,A,F,L,3,180,N,O,8.628816
tcr_17_2,C,A,F,H,3,137,N,O,9.503316
tcr_17_2,C,A,F,L,3,184,N,CD1,9.671578
tcr_17_2,C,A,F,C,3,188,N,C,9.084271
tcr_17_2,C,A,F,C,3,188,N,O,9.374234
tcr_17_2,C,A,F,C,3,125,N,SG,9.775173
tcr_17_2,C,A,F,M,3,29,N,CB,9.862166
tcr_17_2,C,A,F,M,3,29,N,CG,8.9670515
tcr_17_2,C,A,F,C,3,188,N,SG,7.6666107
tcr_17_2,C,A,F,C,3,125,N,N,9.770152
tcr_17_2,C,A,F,G,3,124,N,N,8.188295
tcr_17_2,C,A,F,G,3,124,N,CA,8.243454
tcr_17_2,C,A,F,G,3,124,N,C,9.295303
tcr_17_2,C,A,F,M,3,29,N,O,9.720711
tcr_17_2,C,A,F,Y,3,123,N,O,7.7602754
tcr_17_2,C,A,F,Y,3,123,N,C,7.9549747
tcr_17_2,C,A,F,M,3,29,N,C,9.988122
tcr_17_2,C,A,F,G,3,124,N,O,9.838974
tcr_17_2,C,A,F,R,3,30,N,N,9.928734
tcr_17_2,C,A,F,Y,3,31,N,N,7.958861
tcr_17_2,C,A,F,R,3,30,N,O,9.3917465
tcr_17_2,C,A,F,R,3,30,N,C,8.8632345
tcr_17_2,C,A,F,R,3,30,N,CA,9.550384
tcr_17_2,C,A,F,Y,3,183,N,N,8.6046095
tcr_17_2,C,A,F,A,3,182,N,C,9.809816
tcr_17_2,C,A,F,L,3,180,N,CA,8.758609
tcr_17_2,C,A,F,Q,3,179,N,O,8.869679
tcr_17_2,C,A,F,Q,3,179,N,C,9.519378
tcr_17_2,C,A,F,L,3,180,N,C,9.284559
tcr_17_2,C,A,F,L,3,180,N,N,9.519547
tcr_17_2,C,A,F,Y,3,183,N,CE1,4.2484107
tcr_17_2,C,A,F,Y,3,183,N,O,7.846086
tcr_17_2,C,A,F,Y,3,183,N,C,7.7726865
tcr_17_2,C,A,F,Y,3,183,N,CA,7.4350214
tcr_17_2,C,A,F,C,3,188,N,N,7.7122135
tcr_17_2,C,A,F,Y,3,183,N,CD1,4.9020567
tcr_17_2,C,A,F,L,3,187,N,C,8.145697
tcr_17_2,C,A,F,Y,3,183,N,CG,4.972372
tcr_17_2,C,A,F,L,3,187,N,N,9.2970705
tcr_17_2,C,A,F,Y,3,183,N,CB,6.1681376
tcr_17_2,C,A,F,L,3,187,N,CA,8.565542
tcr_17_2,C,A,F,L,3,187,N,CG,8.2592945
tcr_17_2,C,A,F,L,3,187,N,CB,7.491867
tcr_17_2,C,A,F,L,3,187,N,CD1,7.4958625
tcr_17_2,C,A,F,R,3,86,N,NH2,8.888234
tcr_17_2,C,A,F,Y,3,183,N,CD2,4.3978434
tcr_17_2,C,A,F,R,3,86,N,CZ,9.189751
tcr_17_2,C,A,F,L,3,187,N,CD2,9.0255375
tcr_17_2,C,A,F,W,3,191,N,NE1,8.698533
tcr_17_2,C,A,F,W,3,191,N,CG,8.847346
tcr_17_2,C,A,F,W,3,191,N,CB,9.038798
tcr_17_2,C,A,F,W,3,191,N,CE2,9.467028
tcr_17_2,C,A,F,W,3,191,N,CD2,9.572304
tcr_17_2,C,A,F,L,3,187,N,O,8.501592
tcr_17_2,C,A,F,W,3,191,N,CD1,8.309343
tcr_17_2,C,A,F,C,3,188,N,CA,7.6674147
tcr_17_2,C,A,F,M,3,29,N,SD,8.414417
tcr_17_2,C,A,F,M,3,29,N,CE,7.2974873
tcr_17_2,C,A,F,Y,3,183,N,CE2,3.651378
tcr_17_2,C,A,F,Y,3,31,N,CE2,5.2299643
tcr_17_2,C,A,F,Y,3,31,N,CD2,5.1888614
tcr_17_2,C,A,F,Y,3,183,N,OH,3.5405118
tcr_17_2,C,A,F,Y,3,123,N,OH,2.9716785
tcr_17_2,C,A,F,Y,3,183,N,CZ,3.5603726
tcr_17_2,C,A,F,Y,3,123,N,CE2,3.681145
tcr_17_2,C,A,F,Y,3,123,N,CZ,3.7023082
tcr_17_2,C,A,F,Y,3,123,N,CD2,4.9345655
tcr_17_2,C,A,F,Y,3,31,N,CB,6.2920756
tcr_17_2,C,A,F,R,3,86,N,NE,8.780017
tcr_17_2,C,A,F,R,3,86,N,CD,9.43807
tcr_17_2,C,A,F,R,3,86,N,CG,8.9836855
tcr_17_2,C,A,F,R,3,86,N,C,9.280612
tcr_17_2,C,A,F,R,3,86,N,O,8.740902
tcr_17_2,C,A,F,I,3,90,N,CG1,6.2510777
tcr_17_2,C,A,F,I,3,90,N,CD1,5.5008726
tcr_17_2,C,A,F,I,3,90,N,N,8.742897
tcr_17_2,C,A,F,I,3,90,N,CB,6.2625046
tcr_17_2,C,A,F,F,3,57,N,CZ,9.637211
tcr_17_2,C,A,F,Y,3,83,N,OH,9.733981
tcr_17_2,C,A,F,Y,3,31,N,OH,6.3392467
tcr_17_2,C,A,F,Y,3,31,N,CG,5.7527165
tcr_17_2,C,A,F,Y,3,31,N,CA,7.7340817
tcr_17_2,C,A,F,Y,3,31,N,CD1,6.293747
tcr_17_2,C,A,F,G,3,50,N,CA,9.983454
tcr_17_2,C,A,F,Y,3,31,N,CZ,5.825432
tcr_17_2,C,A,F,Y,3,31,N,CE1,6.3277965
tcr_17_2,C,A,F,F,3,91,N,CE2,8.264512
tcr_17_2,C,A,F,F,3,91,N,CZ,7.1805305
tcr_17_2,C,A,F,N,3,87,N,OD1,7.450597
tcr_17_2,C,A,F,F,3,91,N,CD2,8.842057
tcr_17_2,C,A,F,N,3,87,N,ND2,8.753427
tcr_17_2,C,A,F,N,3,87,N,CG,8.260389
tcr_17_2,C,A,F,N,3,87,N,CB,9.008182
tcr_17_2,C,A,F,N,3,87,N,CA,8.543701
tcr_17_2,C,A,F,N,3,87,N,O,8.613756
tcr_17_2,C,A,F,N,3,87,N,N,9.214715
tcr_17_2,C,A,F,N,3,87,N,C,9.174146
tcr_17_2,C,A,F,N,3,138,N,CB,9.900139
tcr_17_2,C,A,F,L,3,180,N,CB,9.189701
tcr_17_2,C,A,F,L,3,180,N,CD2,9.519302
tcr_17_2,C,A,F,L,3,180,N,CG,8.617277
tcr_17_2,C,A,F,L,3,180,N,CD1,7.1509504
tcr_17_2,C,A,F,N,3,138,N,ND2,8.308824
tcr_17_2,C,A,F,N,3,138,N,CG,9.45228
tcr_17_2,C,A,F,Y,3,123,N,CB,7.322292
tcr_17_2,C,A,F,Y,3,140,N,OH,9.593722
tcr_17_2,C,A,F,M,3,122,N,C,9.892965
tcr_17_2,C,A,F,Y,3,123,N,N,8.818575
tcr_17_2,C,A,F,Y,3,123,N,CA,8.3021
tcr_17_2,C,A,F,Y,3,31,N,C,8.591724
tcr_17_2,C,A,F,Y,3,31,N,O,8.647196
tcr_17_2,C,A,F,Y,3,33,N,CG,8.478804
tcr_17_2,C,A,F,Y,3,33,N,CZ,5.819665
tcr_17_2,C,A,F,Y,3,33,N,CD2,7.715676
tcr_17_2,C,A,F,Y,3,123,N,CE1,4.9678445
tcr_17_2,C,A,F,Y,3,33,N,CE2,6.3779216
tcr_17_2,C,A,F,Y,3,123,N,CD1,5.954539
tcr_17_2,C,A,F,T,3,121,N,CG2,9.5407295
tcr_17_2,C,A,F,Y,3,123,N,CG,5.9492536
tcr_17_2,C,A,F,Y,3,33,N,CD1,8.049936
tcr_17_2,C,A,F,Y,3,33,N,CB,9.94693
tcr_17_2,C,A,F,Y,3,33,N,CE1,6.7756495
tcr_17_2,C,A,F,F,3,32,N,N,9.473493
tcr_17_2,C,A,F,V,3,49,N,O,9.888836
tcr_17_2,C,A,F,Y,3,98,N,OH,9.720793
tcr_17_2,C,A,F,F,3,91,N,CD1,7.396523
tcr_17_2,C,A,F,F,3,91,N,CG,8.455188
tcr_17_2,C,A,F,I,3,90,N,CG2,5.1661053
tcr_17_2,C,A,F,F,3,91,N,CE1,6.688602
tcr_17_2,C,A,F,N,3,94,N,OD1,7.3113074
tcr_17_2,C,A,F,Y,3,33,N,OH,4.6094403
tcr_17_2,C,A,F,F,3,91,N,CA,9.047819
tcr_17_2,C,A,F,N,3,94,N,ND2,6.2765465
tcr_17_2,C,A,F,F,3,91,N,CB,9.452126
tcr_17_2,C,A,F,N,3,94,N,CG,7.3043084
tcr_17_2,C,A,F,N,3,94,N,CB,8.670831
tcr_17_2,C,A,F,F,3,46,N,CZ,9.951008
tcr_17_2,C,A,F,N,3,94,N,CA,9.850215
tcr_17_2,C,A,F,A,3,48,N,CB,9.583395
tcr_17_2,C,A,F,F,3,91,N,N,8.387529
tcr_17_2,C,A,F,Q,3,89,N,C,9.997794
tcr_17_2,C,A,F,I,3,90,N,CA,7.6275682
tcr_17_2,C,A,F,I,3,90,N,C,8.0029125
tcr_17_2,C,A,F,I,3,90,N,O,8.323163
tcr_17_2,C,A,F,N,3,94,N,N,9.963861
tcr_17_2,C,A,F,R,3,181,CA,N,9.567233
tcr_17_2,C,A,F,L,3,184,CA,C,9.805295
tcr_17_2,C,A,F,L,3,184,CA,CA,8.538187
tcr_17_2,C,A,F,C,3,188,CA,CB,7.6671963
tcr_17_2,C,A,F,L,3,184,CA,N,7.746365
tcr_17_2,C,A,F,L,3,184,CA,CG,8.226306
tcr_17_2,C,A,F,L,3,184,CA,CD2,7.905537
tcr_17_2,C,A,F,L,3,184,CA,CB,9.091102
tcr_17_2,C,A,F,L,3,180,CA,O,7.7281566
tcr_17_2,C,A,F,H,3,137,CA,O,9.50246
tcr_17_2,C,A,F,L,3,184,CA,CD1,9.207271
tcr_17_2,C,A,F,C,3,188,CA,C,9.477772
tcr_17_2,C,A,F,C,3,188,CA,O,9.936778
tcr_17_2,C,A,F,C,3,188,CA,SG,8.131279
tcr_17_2,C,A,F,G,3,124,CA,N,8.613427
tcr_17_2,C,A,F,G,3,124,CA,CA,8.765437
tcr_17_2,C,A,F,G,3,124,CA,C,9.688696
tcr_17_2,C,A,F,Y,3,123,CA,O,8.489978
tcr_17_2,C,A,F,Y,3,123,CA,C,8.487544
tcr_17_2,C,A,F,Y,3,31,CA,N,9.063498
tcr_17_2,C,A,F,Q,3,179,CA,CA,9.262542
tcr_17_2,C,A,F,Q,3,179,CA,CB,8.893618
tcr_17_2,C,A,F,Y,3,183,CA,N,7.6655765
tcr_17_2,C,A,F,A,3,182,CA,C,8.905398
tcr_17_2,C,A,F,L,3,180,CA,CA,7.6209555
tcr_17_2,C,A,F,Q,3,179,CA,O,7.608568
tcr_17_2,C,A,F,A,3,182,CA,O,9.309616
tcr_17_2,C,A,F,Q,3,179,CA,C,8.212261
tcr_17_2,C,A,F,L,3,180,CA,C,8.265214
tcr_17_2,C,A,F,L,3,180,CA,N,8.259689
tcr_17_2,C,A,F,Y,3,183,CA,CE1,4.2431645
tcr_17_2,C,A,F,Y,3,183,CA,O,7.473189
tcr_17_2,C,A,F,Y,3,183,CA,C,7.211858
tcr_17_2,C,A,F,Y,3,183,CA,CA,6.6422524
tcr_17_2,C,A,F,C,3,188,CA,N,7.818515
tcr_17_2,C,A,F,Y,3,183,CA,CD1,4.46897
tcr_17_2,C,A,F,L,3,187,CA,C,8.276884
tcr_17_2,C,A,F,Y,3,183,CA,CG,4.32193
tcr_17_2,C,A,F,L,3,187,CA,N,9.038428
tcr_17_2,C,A,F,Y,3,183,CA,CB,5.261772
tcr_17_2,C,A,F,L,3,187,CA,CA,8.481747
tcr_17_2,C,A,F,L,3,187,CA,CG,7.938635
tcr_17_2,C,A,F,L,3,187,CA,CB,7.310406
tcr_17_2,C,A,F,L,3,187,CA,CD1,7.024699
tcr_17_2,C,A,F,R,3,86,CA,NH2,8.425424
tcr_17_2,C,A,F,Y,3,183,CA,CD2,3.920733
tcr_17_2,C,A,F,R,3,86,CA,CZ,8.914721
tcr_17_2,C,A,F,L,3,187,CA,CD2,8.868486
tcr_17_2,C,A,F,W,3,191,CA,NE1,9.18767
tcr_17_2,C,A,F,W,3,191,CA,CG,9.553728
tcr_17_2,C,A,F,W,3,191,CA,CB,9.817224
tcr_17_2,C,A,F,L,3,187,CA,O,8.814336
tcr_17_2,C,A,F,W,3,191,CA,CD1,8.844852
tcr_17_2,C,A,F,C,3,188,CA,CA,7.98374
tcr_17_2,C,A,F,M,3,29,CA,SD,9.537157
tcr_17_2,C,A,F,M,3,29,CA,CE,8.25792
tcr_17_2,C,A,F,Y,3,183,CA,CE2,3.6573968
tcr_17_2,C,A,F,Y,3,31,CA,CE2,6.601932
tcr_17_2,C,A,F,Y,3,31,CA,CD2,6.501204
tcr_17_2,C,A,F,Y,3,183,CA,OH,4.296393
tcr_17_2,C,A,F,Y,3,123,CA,OH,3.9621215
tcr_17_2,C,A,F,Y,3,183,CA,CZ,3.8313675
tcr_17_2,C,A,F,Y,3,123,CA,CE2,4.2984076
tcr_17_2,C,A,F,Y,3,123,CA,CZ,4.432295
tcr_17_2,C,A,F,Y,3,123,CA,CD2,5.3206363
tcr_17_2,C,A,F,Y,3,31,CA,CB,7.4673576
tcr_17_2,C,A,F,R,3,86,CA,NE,8.689657
tcr_17_2,C,A,F,R,3,86,CA,CD,9.543387
tcr_17_2,C,A,F,R,3,86,CA,CG,9.288384
tcr_17_2,C,A,F,R,3,86,CA,C,9.864937
tcr_17_2,C,A,F,R,3,86,CA,NH1,9.853424
tcr_17_2,C,A,F,R,3,86,CA,O,9.229467
tcr_17_2,C,A,F,I,3,90,CA,CG1,6.4260616
tcr_17_2,C,A,F,I,3,90,CA,CD1,5.822194
tcr_17_2,C,A,F,I,3,90,CA,N,9.049141
tcr_17_2,C,A,F,I,3,90,CA,CB,6.6164575
tcr_17_2,C,A,F,Y,3,31,CA,OH,7.741416
tcr_17_2,C,A,F,Y,3,31,CA,CG,7.080494
tcr_17_2,C,A,F,Y,3,31,CA,CA,8.888776
tcr_17_2,C,A,F,Y,3,31,CA,CD1,7.697095
tcr_17_2,C,A,F,Y,3,31,CA,CZ,7.264764
tcr_17_2,C,A,F,Y,3,31,CA,CE1,7.7827053
tcr_17_2,C,A,F,F,3,91,CA,CE2,9.461583
tcr_17_2,C,A,F,F,3,91,CA,CZ,8.422968
tcr_17_2,C,A,F,N,3,87,CA,OD1,8.675228
tcr_17_2,C,A,F,F,3,91,CA,CD2,9.908265
tcr_17_2,C,A,F,N,3,87,CA,ND2,9.830976
tcr_17_2,C,A,F,N,3,87,CA,CG,9.38858
tcr_17_2,C,A,F,N,3,87,CA,CA,9.428259
tcr_17_2,C,A,F,N,3,87,CA,O,9.407948
tcr_17_2,C,A,F,N,3,87,CA,N,9.97667
tcr_17_2,C,A,F,N,3,138,CA,CB,9.545577
tcr_17_2,C,A,F,L,3,180,CA,CB,8.120292
tcr_17_2,C,A,F,L,3,180,CA,CD2,8.7085495
tcr_17_2,C,A,F,L,3,180,CA,CG,7.733583
tcr_17_2,C,A,F,L,3,180,CA,CD1,6.307204
tcr_17_2,C,A,F,N,3,138,CA,ND2,7.832776
tcr_17_2,C,A,F,N,3,138,CA,CG,9.053447
tcr_17_2,C,A,F,N,3,138,CA,OD1,9.891392
tcr_17_2,C,A,F,Y,3,123,CA,CB,7.524262
tcr_17_2,C,A,F,E,3,176,CA,CD,9.907458
tcr_17_2,C,A,F,Y,3,140,CA,OH,9.061746
tcr_17_2,C,A,F,E,3,176,CA,OE1,8.809291
tcr_17_2,C,A,F,Q,3,179,CA,OE1,8.997057
tcr_17_2,C,A,F,Q,3,179,CA,CD,9.9736595
tcr_17_2,C,A,F,Y,3,123,CA,N,9.316246
tcr_17_2,C,A,F,Y,3,123,CA,CA,8.684761
tcr_17_2,C,A,F,Y,3,31,CA,C,9.625422
tcr_17_2,C,A,F,Y,3,31,CA,O,9.537435
tcr_17_2,C,A,F,Y,3,33,CA,CG,9.143308
tcr_17_2,C,A,F,Y,3,33,CA,CZ,6.586088
tcr_17_2,C,A,F,Y,3,33,CA,CD2,8.201773
tcr_17_2,C,A,F,Y,3,123,CA,CE1,5.5384264
tcr_17_2,C,A,F,Y,3,33,CA,CE2,6.8783097
tcr_17_2,C,A,F,Y,3,123,CA,CD1,6.36405
tcr_17_2,C,A,F,T,3,121,CA,CG2,9.644026
tcr_17_2,C,A,F,Y,3,123,CA,CG,6.278039
tcr_17_2,C,A,F,Y,3,33,CA,CD1,8.908115
tcr_17_2,C,A,F,Y,3,33,CA,CE1,7.706367
tcr_17_2,C,A,F,Y,3,98,CA,OH,9.7712145
tcr_17_2,C,A,F,F,3,91,CA,CD1,8.354919
tcr_17_2,C,A,F,F,3,91,CA,CG,9.40277
tcr_17_2,C,A,F,I,3,90,CA,CG2,5.4775743
tcr_17_2,C,A,F,F,3,91,CA,CE1,7.813608
tcr_17_2,C,A,F,N,3,94,CA,OD1,7.20225
tcr_17_2,C,A,F,Y,3,33,CA,OH,5.4475727
tcr_17_2,C,A,F,F,3,91,CA,CA,9.652194
tcr_17_2,C,A,F,N,3,94,CA,ND2,6.522279
tcr_17_2,C,A,F,N,3,94,CA,CG,7.4006658
tcr_17_2,C,A,F,N,3,94,CA,CB,8.859848
tcr_17_2,C,A,F,N,3,94,CA,CA,9.886086
tcr_17_2,C,A,F,F,3,91,CA,N,8.931818
tcr_17_2,C,A,F,I,3,90,CA,CA,7.8770676
tcr_17_2,C,A,F,I,3,90,CA,C,8.345351
tcr_17_2,C,A,F,I,3,90,CA,O,8.5253105
tcr_17_2,C,A,F,N,3,94,CA,N,9.974401
tcr_17_2,C,A,F,L,3,184,C,CA,9.875105
tcr_17_2,C,A,F,C,3,188,C,CB,9.137527
tcr_17_2,C,A,F,L,3,184,C,N,8.970921
tcr_17_2,C,A,F,L,3,184,C,CG,9.532525
tcr_17_2,C,A,F,L,3,184,C,CD2,9.311742
tcr_17_2,C,A,F,L,3,180,C,O,8.69438
tcr_17_2,C,A,F,C,3,188,C,SG,9.653408
tcr_17_2,C,A,F,G,3,124,C,N,9.984606
tcr_17_2,C,A,F,Y,3,123,C,O,9.750723
tcr_17_2,C,A,F,Y,3,123,C,C,9.766974
tcr_17_2,C,A,F,Q,3,179,C,CA,9.39854
tcr_17_2,C,A,F,Q,3,179,C,CG,9.810881
tcr_17_2,C,A,F,Q,3,179,C,CB,8.795491
tcr_17_2,C,A,F,Y,3,183,C,N,8.503521
tcr_17_2,C,A,F,A,3,182,C,C,9.722636
tcr_17_2,C,A,F,L,3,180,C,CA,8.241971
tcr_17_2,C,A,F,Q,3,179,C,O,8.048578
tcr_17_2,C,A,F,Q,3,179,C,C,8.548352
tcr_17_2,C,A,F,L,3,180,C,C,9.074433
tcr_17_2,C,A,F,L,3,180,C,N,8.666411
tcr_17_2,C,A,F,Y,3,183,C,CE1,5.75521
tcr_17_2,C,A,F,Y,3,183,C,O,8.7100315
tcr_17_2,C,A,F,Y,3,183,C,C,8.393648
tcr_17_2,C,A,F,Y,3,183,C,CA,7.622963
tcr_17_2,C,A,F,C,3,188,C,N,9.102064
tcr_17_2,C,A,F,Y,3,183,C,CD1,5.8502645
tcr_17_2,C,A,F,L,3,187,C,C,9.437591
tcr_17_2,C,A,F,Y,3,183,C,CG,5.5323496
tcr_17_2,C,A,F,Y,3,183,C,CB,6.2271457
tcr_17_2,C,A,F,L,3,187,C,CA,9.484885
tcr_17_2,C,A,F,L,3,187,C,CG,8.5682
tcr_17_2,C,A,F,L,3,187,C,CB,8.180226
tcr_17_2,C,A,F,L,3,187,C,CD1,7.44698
tcr_17_2,C,A,F,R,3,86,C,NH2,7.390242
tcr_17_2,C,A,F,Y,3,183,C,CD2,5.0852566
tcr_17_2,C,A,F,R,3,86,C,CZ,7.8800435
tcr_17_2,C,A,F,L,3,187,C,CD2,9.422822
tcr_17_2,C,A,F,W,3,191,C,NE1,9.819005
tcr_17_2,C,A,F,L,3,187,C,O,9.959153
tcr_17_2,C,A,F,W,3,191,C,CD1,9.672916
tcr_17_2,C,A,F,C,3,188,C,CA,9.373973
tcr_17_2,C,A,F,M,3,29,C,CE,9.603554
tcr_17_2,C,A,F,Y,3,183,C,CE2,4.970915
tcr_17_2,C,A,F,Y,3,31,C,CE2,7.6564293
tcr_17_2,C,A,F,Y,3,31,C,CD2,7.5773444
tcr_17_2,C,A,F,Y,3,183,C,OH,5.7395434
tcr_17_2,C,A,F,Y,3,123,C,OH,4.65375
tcr_17_2,C,A,F,Y,3,183,C,CZ,5.322906
tcr_17_2,C,A,F,Y,3,123,C,CE2,5.501315
tcr_17_2,C,A,F,Y,3,123,C,CZ,5.322474
tcr_17_2,C,A,F,Y,3,123,C,CD2,6.549611
tcr_17_2,C,A,F,Y,3,31,C,CB,8.327425
tcr_17_2,C,A,F,R,3,86,C,NE,7.8088613
tcr_17_2,C,A,F,R,3,86,C,CD,8.701627
tcr_17_2,C,A,F,R,3,86,C,CG,8.652743
tcr_17_2,C,A,F,R,3,86,C,CB,9.9108095
tcr_17_2,C,A,F,R,3,86,C,C,9.156556
tcr_17_2,C,A,F,R,3,86,C,NH1,8.708599
tcr_17_2,C,A,F,R,3,86,C,O,8.3842745
tcr_17_2,C,A,F,I,3,90,C,CG1,5.3387117
tcr_17_2,C,A,F,I,3,90,C,CD1,5.0181675
tcr_17_2,C,A,F,I,3,90,C,N,7.9111733
tcr_17_2,C,A,F,I,3,90,C,CB,5.5735984
tcr_17_2,C,A,F,Y,3,31,C,OH,8.540543
tcr_17_2,C,A,F,Y,3,31,C,CG,7.9686146
tcr_17_2,C,A,F,Y,3,31,C,CA,9.808457
tcr_17_2,C,A,F,Y,3,31,C,CD1,8.4079275
tcr_17_2,C,A,F,Y,3,31,C,CZ,8.116924
tcr_17_2,C,A,F,Y,3,31,C,CE1,8.477668
tcr_17_2,C,A,F,F,3,91,C,CE2,9.293696
tcr_17_2,C,A,F,F,3,91,C,CZ,8.385516
tcr_17_2,C,A,F,N,3,87,C,OD1,8.732217
tcr_17_2,C,A,F,F,3,91,C,CD2,9.531907
tcr_17_2,C,A,F,N,3,87,C,ND2,9.817374
tcr_17_2,C,A,F,N,3,87,C,CG,9.316619
tcr_17_2,C,A,F,N,3,87,C,CB,9.775704
tcr_17_2,C,A,F,N,3,87,C,CA,8.942596
tcr_17_2,C,A,F,N,3,87,C,O,8.706211
tcr_17_2,C,A,F,N,3,87,C,N,9.432745
tcr_17_2,C,A,F,N,3,87,C,C,9.36739
tcr_17_2,C,A,F,L,3,180,C,CB,8.719371
tcr_17_2,C,A,F,L,3,180,C,CD2,9.418355
tcr_17_2,C,A,F,L,3,180,C,CG,8.513255
tcr_17_2,C,A,F,L,3,180,C,CD1,7.11377
tcr_17_2,C,A,F,N,3,138,C,ND2,8.484844
tcr_17_2,C,A,F,N,3,138,C,CG,9.760602
tcr_17_2,C,A,F,Y,3,123,C,CB,8.602777
tcr_17_2,C,A,F,E,3,176,C,CD,9.52407
tcr_17_2,C,A,F,Y,3,140,C,OH,9.084134
tcr_17_2,C,A,F,E,3,176,C,OE1,8.384219
tcr_17_2,C,A,F,Q,3,179,C,OE1,8.413786
tcr_17_2,C,A,F,T,3,93,C,CG2,8.937434
tcr_17_2,C,A,F,Q,3,179,C,CD,9.491103
tcr_17_2,C,A,F,T,3,93,C,CB,8.80355
tcr_17_2,C,A,F,T,3,93,C,OG1,9.310475
tcr_17_2,C,A,F,Y,3,123,C,CA,9.832251
tcr_17_2,C,A,F,Y,3,33,C,CG,9.203195
tcr_17_2,C,A,F,Y,3,33,C,CZ,6.6219716
tcr_17_2,C,A,F,Y,3,33,C,CD2,8.176434
tcr_17_2,C,A,F,Y,3,123,C,CE1,6.249805
tcr_17_2,C,A,F,Y,3,33,C,CE2,6.824158
tcr_17_2,C,A,F,Y,3,123,C,CD1,7.1907496
tcr_17_2,C,A,F,Y,3,123,C,CG,7.331336
tcr_17_2,C,A,F,Y,3,33,C,CD1,9.03628
tcr_17_2,C,A,F,Y,3,33,C,CE1,7.835136
tcr_17_2,C,A,F,Y,3,98,C,OH,9.648788
tcr_17_2,C,A,F,F,3,91,C,CD1,7.9574957
tcr_17_2,C,A,F,F,3,91,C,CG,8.910575
tcr_17_2,C,A,F,I,3,90,C,CG2,4.436858
tcr_17_2,C,A,F,F,3,91,C,CE1,7.6646276
tcr_17_2,C,A,F,N,3,94,C,OD1,6.0650344
tcr_17_2,C,A,F,Y,3,33,C,OH,5.460195
tcr_17_2,C,A,F,F,3,91,C,CA,8.794059
tcr_17_2,C,A,F,N,3,94,C,ND2,5.7720423
tcr_17_2,C,A,F,F,3,91,C,CB,9.568324
tcr_17_2,C,A,F,N,3,94,C,CG,6.449528
tcr_17_2,C,A,F,N,3,94,C,CB,7.956378
tcr_17_2,C,A,F,N,3,94,C,CA,8.837312
tcr_17_2,C,A,F,Y,3,98,C,CE2,9.591758
tcr_17_2,C,A,F,Q,3,89,C,O,9.247906
tcr_17_2,C,A,F,F,3,91,C,N,7.988355
tcr_17_2,C,A,F,Q,3,89,C,C,9.033646
tcr_17_2,C,A,F,I,3,90,C,CA,6.7026377
tcr_17_2,C,A,F,I,3,90,C,C,7.241892
tcr_17_2,C,A,F,T,3,93,C,CA,9.824208
tcr_17_2,C,A,F,I,3,90,C,O,7.3478703
tcr_17_2,C,A,F,N,3,94,C,N,8.791084
tcr_17_2,C,A,F,T,3,93,C,C,9.613816
tcr_17_2,C,A,F,F,3,91,C,C,9.895087
tcr_17_2,C,A,F,L,3,180,O,O,9.63014
tcr_17_2,C,A,F,Y,3,123,O,O,9.819554
tcr_17_2,C,A,F,Y,3,123,O,C,9.902858
tcr_17_2,C,A,F,Q,3,179,O,CB,9.547836
tcr_17_2,C,A,F,Y,3,183,O,N,9.657284
tcr_17_2,C,A,F,L,3,180,O,CA,9.038189
tcr_17_2,C,A,F,Q,3,179,O,O,9.050331
tcr_17_2,C,A,F,Q,3,179,O,C,9.448657
tcr_17_2,C,A,F,L,3,180,O,C,9.960696
tcr_17_2,C,A,F,L,3,180,O,N,9.470495
tcr_17_2,C,A,F,Y,3,183,O,CE1,6.5769753
tcr_17_2,C,A,F,Y,3,183,O,O,9.83182
tcr_17_2,C,A,F,Y,3,183,O,C,9.5127
tcr_17_2,C,A,F,Y,3,183,O,CA,8.791047
tcr_17_2,C,A,F,Y,3,183,O,CD1,6.7979417
tcr_17_2,C,A,F,Y,3,183,O,CG,6.63195
tcr_17_2,C,A,F,Y,3,183,O,CB,7.3640614
tcr_17_2,C,A,F,L,3,187,O,CG,9.719866
tcr_17_2,C,A,F,L,3,187,O,CB,9.320512
tcr_17_2,C,A,F,L,3,187,O,CD1,8.594263
tcr_17_2,C,A,F,R,3,86,O,NH2,7.6903396
tcr_17_2,C,A,F,Y,3,183,O,CD2,6.2258554
tcr_17_2,C,A,F,R,3,86,O,CZ,8.047335
tcr_17_2,C,A,F,Y,3,183,O,CE2,5.9800286
tcr_17_2,C,A,F,Y,3,31,O,CE2,7.751888
tcr_17_2,C,A,F,Y,3,31,O,CD2,7.568691
tcr_17_2,C,A,F,Y,3,183,O,OH,6.387256
tcr_17_2,C,A,F,Y,3,123,O,OH,4.322604
tcr_17_2,C,A,F,Y,3,183,O,CZ,6.1643724
tcr_17_2,C,A,F,Y,3,123,O,CE2,5.611678
tcr_17_2,C,A,F,Y,3,123,O,CZ,5.1214333
tcr_17_2,C,A,F,Y,3,123,O,CD2,6.710853
tcr_17_2,C,A,F,Y,3,31,O,CB,8.002935
tcr_17_2,C,A,F,R,3,86,O,NE,8.002102
tcr_17_2,C,A,F,R,3,86,O,CD,8.769146
tcr_17_2,C,A,F,R,3,86,O,CG,8.759424
tcr_17_2,C,A,F,R,3,86,O,CB,9.918511
tcr_17_2,C,A,F,R,3,86,O,CA,9.934542
tcr_17_2,C,A,F,R,3,86,O,C,8.863989
tcr_17_2,C,A,F,R,3,86,O,NH1,8.734054
tcr_17_2,C,A,F,R,3,86,O,O,8.002343
tcr_17_2,C,A,F,I,3,90,O,CG1,4.9115353
tcr_17_2,C,A,F,Q,3,89,O,CB,9.845293
tcr_17_2,C,A,F,I,3,90,O,CD1,4.8653436
tcr_17_2,C,A,F,Q,3,89,O,N,9.877166
tcr_17_2,C,A,F,Q,3,89,O,CA,9.58363
tcr_17_2,C,A,F,I,3,90,O,N,7.168609
tcr_17_2,C,A,F,I,3,90,O,CB,4.8466024
tcr_17_2,C,A,F,Y,3,31,O,OH,8.606949
tcr_17_2,C,A,F,Y,3,31,O,CG,7.7405906
tcr_17_2,C,A,F,Y,3,31,O,CA,9.505798
tcr_17_2,C,A,F,Y,3,31,O,CD1,8.07908
tcr_17_2,C,A,F,Y,3,31,O,CZ,8.091839
tcr_17_2,C,A,F,Y,3,31,O,CE1,8.24733
tcr_17_2,C,A,F,F,3,91,O,CE2,8.567557
tcr_17_2,C,A,F,F,3,91,O,CZ,7.675226
tcr_17_2,C,A,F,N,3,87,O,OD1,8.477834
tcr_17_2,C,A,F,F,3,91,O,CD2,8.689734
tcr_17_2,C,A,F,N,3,87,O,ND2,9.719456
tcr_17_2,C,A,F,N,3,87,O,CG,9.073877
tcr_17_2,C,A,F,N,3,87,O,CB,9.384519
tcr_17_2,C,A,F,N,3,87,O,CA,8.515589
tcr_17_2,C,A,F,N,3,87,O,O,7.9811325
tcr_17_2,C,A,F,T,3,88,O,N,9.999334
tcr_17_2,C,A,F,N,3,87,O,N,9.127572
tcr_17_2,C,A,F,N,3,87,O,C,8.760968
tcr_17_2,C,A,F,L,3,180,O,CB,9.352591
tcr_17_2,C,A,F,L,3,180,O,CD2,9.829964
tcr_17_2,C,A,F,L,3,180,O,CG,9.081634
tcr_17_2,C,A,F,L,3,180,O,CD1,7.641722
tcr_17_2,C,A,F,N,3,138,O,ND2,8.533094
tcr_17_2,C,A,F,N,3,138,O,CG,9.798355
tcr_17_2,C,A,F,Y,3,123,O,CB,8.647454
tcr_17_2,C,A,F,Y,3,140,O,CZ,9.882451
tcr_17_2,C,A,F,E,3,176,O,CD,9.643512
tcr_17_2,C,A,F,Y,3,140,O,OH,8.680825
tcr_17_2,C,A,F,E,3,176,O,OE1,8.4477
tcr_17_2,C,A,F,T,3,97,O,OG1,9.055927
tcr_17_2,C,A,F,Q,3,179,O,OE1,8.942228
tcr_17_2,C,A,F,T,3,97,O,CG2,9.538323
tcr_17_2,C,A,F,T,3,93,O,CG2,8.04616
tcr_17_2,C,A,F,T,3,93,O,CB,7.846194
tcr_17_2,C,A,F,T,3,93,O,OG1,8.453488
tcr_17_2,C,A,F,T,3,97,O,CB,9.475927
tcr_17_2,C,A,F,Y,3,123,O,CA,9.8657875
tcr_17_2,C,A,F,Y,3,33,O,CG,8.27745
tcr_17_2,C,A,F,Y,3,33,O,CZ,5.7185054
tcr_17_2,C,A,F,Y,3,33,O,CD2,7.2394376
tcr_17_2,C,A,F,Y,3,123,O,CE1,5.878508
tcr_17_2,C,A,F,Y,3,33,O,CE2,5.883681
tcr_17_2,C,A,F,Y,3,123,O,CD1,6.9377546
tcr_17_2,C,A,F,T,3,121,O,CG2,9.5040865
tcr_17_2,C,A,F,Y,3,123,O,CG,7.3149023
tcr_17_2,C,A,F,Y,3,33,O,CD1,8.142545
tcr_17_2,C,A,F,Y,3,33,O,CB,9.699272
tcr_17_2,C,A,F,Y,3,33,O,CE1,6.9675593
tcr_17_2,C,A,F,Y,3,98,O,OH,8.791854
tcr_17_2,C,A,F,Y,3,98,O,CZ,9.2875
tcr_17_2,C,A,F,F,3,91,O,CD1,6.9781604
tcr_17_2,C,A,F,F,3,91,O,CG,7.950446
tcr_17_2,C,A,F,I,3,90,O,CG2,3.5307572
tcr_17_2,C,A,F,F,3,91,O,CE1,6.8196073
tcr_17_2,C,A,F,N,3,94,O,OD1,4.8801556
tcr_17_2,C,A,F,Y,3,33,O,OH,4.5914984
tcr_17_2,C,A,F,F,3,91,O,CA,7.6957526
tcr_17_2,C,A,F,N,3,94,O,ND2,4.5574164
tcr_17_2,C,A,F,F,3,91,O,CB,8.527904
tcr_17_2,C,A,F,N,3,94,O,CG,5.2228622
tcr_17_2,C,A,F,N,3,94,O,CB,6.726747
tcr_17_2,C,A,F,F,3,46,O,CZ,8.91655
tcr_17_2,C,A,F,N,3,94,O,CA,7.630705
tcr_17_2,C,A,F,Y,3,98,O,CE2,8.54861
tcr_17_2,C,A,F,T,3,95,O,N,9.848753
tcr_17_2,C,A,F,N,3,94,O,C,9.085159
tcr_17_2,C,A,F,Y,3,98,O,CD2,9.378271
tcr_17_2,C,A,F,F,3,46,O,CE2,9.759075
tcr_17_2,C,A,F,N,3,94,O,O,9.685889
tcr_17_2,C,A,F,F,3,46,O,CE1,9.491787
tcr_17_2,C,A,F,A,3,48,O,CB,9.636816
tcr_17_2,C,A,F,Q,3,89,O,O,8.389322
tcr_17_2,C,A,F,F,3,91,O,N,6.973861
tcr_17_2,C,A,F,Q,3,89,O,C,8.25711
tcr_17_2,C,A,F,I,3,90,O,CA,5.8599324
tcr_17_2,C,A,F,I,3,90,O,C,6.2240353
tcr_17_2,C,A,F,T,3,93,O,CA,8.77136
tcr_17_2,C,A,F,K,3,92,O,N,9.413099
tcr_17_2,C,A,F,I,3,90,O,O,6.2506127
tcr_17_2,C,A,F,T,3,93,O,N,9.032773
tcr_17_2,C,A,F,N,3,94,O,N,7.616514
tcr_17_2,C,A,F,T,3,93,O,C,8.490425
tcr_17_2,C,A,F,T,3,93,O,O,9.348463
tcr_17_2,C,A,F,F,3,91,O,C,8.761522
tcr_17_2,C,A,F,F,3,91,O,O,9.146367
tcr_17_2,C,A,F,R,3,181,CB,O,9.669595
tcr_17_2,C,A,F,R,3,181,CB,C,9.487527
tcr_17_2,C,A,F,R,3,181,CB,N,8.587604
tcr_17_2,C,A,F,R,3,181,CB,CA,9.557583
tcr_17_2,C,A,F,L,3,184,CB,O,9.885677
tcr_17_2,C,A,F,L,3,184,CB,C,9.325184
tcr_17_2,C,A,F,L,3,184,CB,CA,7.9353337
tcr_17_2,C,A,F,C,3,188,CB,CB,7.5774527
tcr_17_2,C,A,F,L,3,184,CB,N,7.1991405
tcr_17_2,C,A,F,L,3,184,CB,CG,7.2176323
tcr_17_2,C,A,F,L,3,184,CB,CD2,6.936878
tcr_17_2,C,A,F,L,3,184,CB,CB,8.252934
tcr_17_2,C,A,F,L,3,180,CB,O,6.8014326
tcr_17_2,C,A,F,H,3,137,CB,O,8.229857
tcr_17_2,C,A,F,L,3,184,CB,CD1,8.037007
tcr_17_2,C,A,F,C,3,188,CB,C,9.674108
tcr_17_2,C,A,F,C,3,188,CB,SG,7.9182744
tcr_17_2,C,A,F,C,3,125,CB,N,9.62691
tcr_17_2,C,A,F,G,3,124,CB,N,7.675876
tcr_17_2,C,A,F,G,3,124,CB,CA,8.021091
tcr_17_2,C,A,F,G,3,124,CB,C,8.920523
tcr_17_2,C,A,F,Y,3,123,CB,O,7.7381625
tcr_17_2,C,A,F,Y,3,123,CB,C,7.5593624
tcr_17_2,C,A,F,G,3,124,CB,O,9.165943
tcr_17_2,C,A,F,Y,3,31,CB,N,8.715178
tcr_17_2,C,A,F,R,3,30,CB,C,9.750066
tcr_17_2,C,A,F,Q,3,179,CB,CA,8.630493
tcr_17_2,C,A,F,Q,3,179,CB,N,9.766878
tcr_17_2,C,A,F,A,3,182,CB,CB,9.949295
tcr_17_2,C,A,F,Q,3,179,CB,CG,9.587718
tcr_17_2,C,A,F,Q,3,179,CB,CB,8.304638
tcr_17_2,C,A,F,A,3,182,CB,N,9.449072
tcr_17_2,C,A,F,Y,3,183,CB,N,7.3380146
tcr_17_2,C,A,F,A,3,182,CB,C,8.644849
tcr_17_2,C,A,F,L,3,180,CB,CA,6.5490775
tcr_17_2,C,A,F,A,3,182,CB,CA,9.650996
tcr_17_2,C,A,F,Q,3,179,CB,O,7.0244784
tcr_17_2,C,A,F,A,3,182,CB,O,9.189971
tcr_17_2,C,A,F,Q,3,179,CB,C,7.4862494
tcr_17_2,C,A,F,L,3,180,CB,C,7.267657
tcr_17_2,C,A,F,L,3,180,CB,N,7.3172197
tcr_17_2,C,A,F,Y,3,183,CB,CE1,3.8432844
tcr_17_2,C,A,F,Y,3,183,CB,O,7.3634944
tcr_17_2,C,A,F,Y,3,183,CB,C,6.9175076
tcr_17_2,C,A,F,Y,3,183,CB,CA,6.434713
tcr_17_2,C,A,F,C,3,188,CB,N,8.111469
tcr_17_2,C,A,F,Y,3,183,CB,CD1,3.9257162
tcr_17_2,C,A,F,L,3,187,CB,C,8.778773
tcr_17_2,C,A,F,Y,3,183,CB,CG,4.1205783
tcr_17_2,C,A,F,L,3,187,CB,N,9.4202795
tcr_17_2,C,A,F,Y,3,183,CB,CB,4.955524
tcr_17_2,C,A,F,L,3,187,CB,CA,9.050316
tcr_17_2,C,A,F,L,3,187,CB,CG,8.753795
tcr_17_2,C,A,F,L,3,187,CB,CB,8.014177
tcr_17_2,C,A,F,L,3,187,CB,CD1,7.9297576
tcr_17_2,C,A,F,R,3,86,CB,NH2,9.718366
tcr_17_2,C,A,F,Y,3,183,CB,CD2,4.228114
tcr_17_2,C,A,F,L,3,187,CB,CD2,9.832905
tcr_17_2,C,A,F,L,3,187,CB,O,9.420204
tcr_17_2,C,A,F,W,3,191,CB,CD1,9.873936
tcr_17_2,C,A,F,C,3,188,CB,CA,8.177833
tcr_17_2,C,A,F,M,3,29,CB,SD,9.947966
tcr_17_2,C,A,F,M,3,29,CB,CE,8.595052
tcr_17_2,C,A,F,Y,3,183,CB,CE2,4.1516366
tcr_17_2,C,A,F,Y,3,31,CB,CE2,7.0152426
tcr_17_2,C,A,F,Y,3,31,CB,CD2,6.635704
tcr_17_2,C,A,F,Y,3,183,CB,OH,4.55519
tcr_17_2,C,A,F,Y,3,123,CB,OH,3.876515
tcr_17_2,C,A,F,Y,3,183,CB,CZ,3.9567986
tcr_17_2,C,A,F,Y,3,123,CB,CE2,3.6202657
tcr_17_2,C,A,F,Y,3,123,CB,CZ,3.880979
tcr_17_2,C,A,F,Y,3,123,CB,CD2,4.3504076
tcr_17_2,C,A,F,Y,3,31,CB,CB,7.277198
tcr_17_2,C,A,F,I,3,90,CB,CG1,7.7227163
tcr_17_2,C,A,F,I,3,90,CB,CD1,7.2548265
tcr_17_2,C,A,F,I,3,90,CB,CB,7.76165
tcr_17_2,C,A,F,Y,3,31,CB,OH,8.531742
tcr_17_2,C,A,F,Y,3,31,CB,CG,7.175651
tcr_17_2,C,A,F,Y,3,31,CB,CA,8.612468
tcr_17_2,C,A,F,Y,3,31,CB,CD1,8.006176
tcr_17_2,C,A,F,Y,3,31,CB,CZ,7.866208
tcr_17_2,C,A,F,Y,3,31,CB,CE1,8.323935
tcr_17_2,C,A,F,F,3,91,CB,CZ,9.160985
tcr_17_2,C,A,F,N,3,87,CB,OD1,9.860468
tcr_17_2,C,A,F,N,3,138,CB,CB,8.049854
tcr_17_2,C,A,F,N,3,138,CB,CA,8.977621
tcr_17_2,C,A,F,H,3,137,CB,C,9.312447
tcr_17_2,C,A,F,N,3,138,CB,N,9.63976
tcr_17_2,C,A,F,L,3,180,CB,CB,6.854667
tcr_17_2,C,A,F,L,3,180,CB,CD2,7.24152
tcr_17_2,C,A,F,L,3,180,CB,CG,6.353353
tcr_17_2,C,A,F,L,3,180,CB,CD1,4.8816214
tcr_17_2,C,A,F,N,3,138,CB,ND2,6.3152647
tcr_17_2,C,A,F,N,3,138,CB,CG,7.5412164
tcr_17_2,C,A,F,N,3,138,CB,OD1,8.395822
tcr_17_2,C,A,F,Y,3,123,CB,CB,6.300108
tcr_17_2,C,A,F,Y,3,140,CB,CE1,9.779231
tcr_17_2,C,A,F,Y,3,140,CB,CZ,8.897811
tcr_17_2,C,A,F,Y,3,140,CB,CE2,9.371295
tcr_17_2,C,A,F,E,3,176,CB,CD,8.923483
tcr_17_2,C,A,F,Y,3,140,CB,OH,7.7625732
tcr_17_2,C,A,F,E,3,176,CB,O,9.083458
tcr_17_2,C,A,F,E,3,176,CB,CG,9.406367
tcr_17_2,C,A,F,E,3,176,CB,OE1,7.8443027
tcr_17_2,C,A,F,E,3,176,CB,OE2,9.79463
tcr_17_2,C,A,F,Q,3,179,CB,OE1,8.6577
tcr_17_2,C,A,F,Q,3,179,CB,CD,9.565565
tcr_17_2,C,A,F,M,3,122,CB,O,9.522022
tcr_17_2,C,A,F,M,3,122,CB,C,9.195842
tcr_17_2,C,A,F,Y,3,123,CB,N,8.27355
tcr_17_2,C,A,F,Y,3,123,CB,CA,7.5788364
tcr_17_2,C,A,F,Y,3,31,CB,C,9.174073
tcr_17_2,C,A,F,Y,3,31,CB,O,8.898743
tcr_17_2,C,A,F,Y,3,33,CB,CG,8.729638
tcr_17_2,C,A,F,Y,3,33,CB,CZ,6.4570704
tcr_17_2,C,A,F,Y,3,33,CB,CD2,7.705948
tcr_17_2,C,A,F,Y,3,123,CB,CE1,4.783811
tcr_17_2,C,A,F,Y,3,33,CB,CE2,6.5007496
tcr_17_2,C,A,F,Y,3,123,CB,CD1,5.3589234
tcr_17_2,C,A,F,T,3,121,CB,CG2,8.47561
tcr_17_2,C,A,F,Y,3,123,CB,CG,5.177266
tcr_17_2,C,A,F,Y,3,33,CB,CD1,8.680446
tcr_17_2,C,A,F,Y,3,33,CB,CE1,7.6318994
tcr_17_2,C,A,F,Y,3,98,CB,OH,8.898169
tcr_17_2,C,A,F,T,3,121,CB,CB,9.565709
tcr_17_2,C,A,F,Y,3,98,CB,CZ,9.7872925
tcr_17_2,C,A,F,F,3,91,CB,CD1,8.97512
tcr_17_2,C,A,F,I,3,90,CB,CG2,6.4664254
tcr_17_2,C,A,F,F,3,91,CB,CE1,8.427577
tcr_17_2,C,A,F,N,3,94,CB,OD1,7.4243565
tcr_17_2,C,A,F,Y,3,33,CB,OH,5.546146
tcr_17_2,C,A,F,N,3,94,CB,ND2,6.6535153
tcr_17_2,C,A,F,N,3,94,CB,CG,7.563222
tcr_17_2,C,A,F,N,3,94,CB,CB,8.982813
tcr_17_2,C,A,F,Y,3,98,CB,CE2,9.470363
tcr_17_2,C,A,F,F,3,91,CB,N,9.791356
tcr_17_2,C,A,F,I,3,90,CB,CA,8.909959
tcr_17_2,C,A,F,I,3,90,CB,C,9.199054
tcr_17_2,C,A,F,I,3,90,CB,O,9.218579
tcr_17_2,C,A,F,R,3,181,CG,O,9.032813
tcr_17_2,C,A,F,R,3,181,CG,C,8.67877
tcr_17_2,C,A,F,R,3,181,CG,CB,9.990112
tcr_17_2,C,A,F,R,3,181,CG,N,7.584569
tcr_17_2,C,A,F,R,3,181,CG,CA,8.680291
tcr_17_2,C,A,F,A,3,177,CG,O,9.139147
tcr_17_2,C,A,F,E,3,185,CG,N,9.803366
tcr_17_2,C,A,F,L,3,184,CG,C,9.28342
tcr_17_2,C,A,F,L,3,184,CG,CA,7.875499
tcr_17_2,C,A,F,C,3,188,CG,CB,8.200279
tcr_17_2,C,A,F,L,3,184,CG,N,6.9589453
tcr_17_2,C,A,F,L,3,184,CG,CG,7.0750546
tcr_17_2,C,A,F,L,3,184,CG,CD2,7.108419
tcr_17_2,C,A,F,L,3,184,CG,CB,8.094052
tcr_17_2,C,A,F,L,3,180,CG,O,6.047512
tcr_17_2,C,A,F,H,3,137,CG,O,8.470229
tcr_17_2,C,A,F,L,3,184,CG,CD1,7.759943
tcr_17_2,C,A,F,C,3,188,CG,SG,8.728671
tcr_17_2,C,A,F,G,3,124,CG,N,8.416614
tcr_17_2,C,A,F,G,3,124,CG,CA,8.850518
tcr_17_2,C,A,F,G,3,124,CG,C,9.594172
tcr_17_2,C,A,F,Y,3,123,CG,O,8.760646
tcr_17_2,C,A,F,Y,3,123,CG,C,8.405607
tcr_17_2,C,A,F,G,3,124,CG,O,9.66579
tcr_17_2,C,A,F,Q,3,179,CG,CA,7.2358828
tcr_17_2,C,A,F,Q,3,179,CG,N,8.361072
tcr_17_2,C,A,F,E,3,178,CG,O,9.166389
tcr_17_2,C,A,F,E,3,178,CG,C,9.196165
tcr_17_2,C,A,F,A,3,182,CG,CB,8.989675
tcr_17_2,C,A,F,Q,3,179,CG,CG,8.115985
tcr_17_2,C,A,F,Q,3,179,CG,CB,6.8340945
tcr_17_2,C,A,F,A,3,182,CG,N,8.530941
tcr_17_2,C,A,F,Y,3,183,CG,N,6.673602
tcr_17_2,C,A,F,A,3,182,CG,C,7.99195
tcr_17_2,C,A,F,L,3,180,CG,CA,5.3874125
tcr_17_2,C,A,F,A,3,182,CG,CA,8.819709
tcr_17_2,C,A,F,Q,3,179,CG,O,5.8347473
tcr_17_2,C,A,F,A,3,182,CG,O,8.69936
tcr_17_2,C,A,F,Q,3,179,CG,C,6.1667347
tcr_17_2,C,A,F,L,3,180,CG,C,6.3043118
tcr_17_2,C,A,F,L,3,180,CG,N,5.995865
tcr_17_2,C,A,F,Y,3,183,CG,CE1,4.552995
tcr_17_2,C,A,F,Y,3,183,CG,O,7.407455
tcr_17_2,C,A,F,Y,3,183,CG,C,6.7470717
tcr_17_2,C,A,F,Y,3,183,CG,CA,6.035026
tcr_17_2,C,A,F,C,3,188,CG,N,8.6293745
tcr_17_2,C,A,F,Y,3,183,CG,CD1,4.1517878
tcr_17_2,C,A,F,L,3,187,CG,C,9.308578
tcr_17_2,C,A,F,Y,3,183,CG,CG,4.137172
tcr_17_2,C,A,F,L,3,187,CG,N,9.556006
tcr_17_2,C,A,F,Y,3,183,CG,CB,4.500425
tcr_17_2,C,A,F,L,3,187,CG,CA,9.383862
tcr_17_2,C,A,F,L,3,187,CG,CG,8.905338
tcr_17_2,C,A,F,L,3,187,CG,CB,8.314299
tcr_17_2,C,A,F,L,3,187,CG,CD1,7.989314
tcr_17_2,C,A,F,R,3,86,CG,NH2,9.740281
tcr_17_2,C,A,F,Y,3,183,CG,CD2,4.5286994
tcr_17_2,C,A,F,C,3,188,CG,CA,8.870471
tcr_17_2,C,A,F,M,3,29,CG,CE,9.789476
tcr_17_2,C,A,F,Y,3,183,CG,CE2,4.8992667
tcr_17_2,C,A,F,Y,3,31,CG,CE2,8.499904
tcr_17_2,C,A,F,Y,3,31,CG,CD2,8.108789
tcr_17_2,C,A,F,Y,3,183,CG,OH,5.763156
tcr_17_2,C,A,F,Y,3,123,CG,OH,5.2823973
tcr_17_2,C,A,F,Y,3,183,CG,CZ,4.9073377
tcr_17_2,C,A,F,Y,3,123,CG,CE2,4.8641133
tcr_17_2,C,A,F,Y,3,123,CG,CZ,5.161108
tcr_17_2,C,A,F,Y,3,123,CG,CD2,5.3039436
tcr_17_2,C,A,F,Y,3,31,CG,CB,8.657136
tcr_17_2,C,A,F,I,3,90,CG,CG1,8.346858
tcr_17_2,C,A,F,I,3,90,CG,CD1,8.012298
tcr_17_2,C,A,F,I,3,90,CG,CB,8.507236
tcr_17_2,C,A,F,Y,3,31,CG,CG,8.6488085
tcr_17_2,C,A,F,Y,3,31,CG,CA,9.949719
tcr_17_2,C,A,F,Y,3,31,CG,CD1,9.504047
tcr_17_2,C,A,F,Y,3,31,CG,CZ,9.37223
tcr_17_2,C,A,F,Y,3,31,CG,CE1,9.840435
tcr_17_2,C,A,F,N,3,138,CG,CB,7.838269
tcr_17_2,C,A,F,N,3,138,CG,CA,8.968527
tcr_17_2,C,A,F,L,3,150,CG,CD2,9.483961
tcr_17_2,C,A,F,H,3,137,CG,C,9.449329
tcr_17_2,C,A,F,N,3,138,CG,N,9.652374
tcr_17_2,C,A,F,Q,3,179,CG,NE2,9.278935
tcr_17_2,C,A,F,A,3,177,CG,C,9.582447
tcr_17_2,C,A,F,A,3,177,CG,N,9.700665
tcr_17_2,C,A,F,E,3,176,CG,CA,9.297292
tcr_17_2,C,A,F,A,3,177,CG,CA,9.689597
tcr_17_2,C,A,F,E,3,176,CG,C,8.747387
tcr_17_2,C,A,F,L,3,180,CG,CB,5.7289486
tcr_17_2,C,A,F,W,3,157,CG,CH2,9.313818
tcr_17_2,C,A,F,W,3,157,CG,CZ2,9.86898
tcr_17_2,C,A,F,L,3,180,CG,CD2,6.4434443
tcr_17_2,C,A,F,L,3,180,CG,CG,5.4965167
tcr_17_2,C,A,F,L,3,180,CG,CD1,4.133691
tcr_17_2,C,A,F,N,3,138,CG,ND2,6.011391
tcr_17_2,C,A,F,N,3,138,CG,CG,7.285024
tcr_17_2,C,A,F,N,3,138,CG,OD1,8.14017
tcr_17_2,C,A,F,Y,3,123,CG,CB,6.8670406
tcr_17_2,C,A,F,Y,3,140,CG,CE1,9.560436
tcr_17_2,C,A,F,Y,3,140,CG,CZ,8.576378
tcr_17_2,C,A,F,Y,3,140,CG,CE2,9.025839
tcr_17_2,C,A,F,E,3,176,CG,CD,7.5524244
tcr_17_2,C,A,F,Y,3,140,CG,OH,7.3507667
tcr_17_2,C,A,F,E,3,176,CG,O,7.657936
tcr_17_2,C,A,F,E,3,176,CG,CB,9.346907
tcr_17_2,C,A,F,E,3,176,CG,CG,8.068441
tcr_17_2,C,A,F,E,3,176,CG,OE1,6.521608
tcr_17_2,C,A,F,E,3,176,CG,OE2,8.389911
tcr_17_2,C,A,F,Q,3,179,CG,OE1,7.2259135
tcr_17_2,C,A,F,Q,3,179,CG,CD,8.099707
tcr_17_2,C,A,F,M,3,122,CG,C,9.847951
tcr_17_2,C,A,F,Y,3,123,CG,N,9.042668
tcr_17_2,C,A,F,Y,3,123,CG,CA,8.265898
tcr_17_2,C,A,F,Y,3,33,CG,CG,9.643613
tcr_17_2,C,A,F,Y,3,33,CG,CZ,7.5461526
tcr_17_2,C,A,F,Y,3,33,CG,CD2,8.494851
tcr_17_2,C,A,F,Y,3,123,CG,CE1,5.8435073
tcr_17_2,C,A,F,Y,3,33,CG,CE2,7.3664045
tcr_17_2,C,A,F,Y,3,123,CG,CD1,6.2169814
tcr_17_2,C,A,F,T,3,121,CG,CG2,8.809354
tcr_17_2,C,A,F,Y,3,123,CG,CG,5.9749064
tcr_17_2,C,A,F,Y,3,33,CG,CD1,9.765244
tcr_17_2,C,A,F,Y,3,33,CG,CE1,8.804092
tcr_17_2,C,A,F,Y,3,98,CG,OH,9.181151
tcr_17_2,C,A,F,T,3,121,CG,CB,9.989027
tcr_17_2,C,A,F,I,3,90,CG,CG2,7.227858
tcr_17_2,C,A,F,F,3,91,CG,CE1,9.708512
tcr_17_2,C,A,F,N,3,94,CG,OD1,7.7226443
tcr_17_2,C,A,F,Y,3,33,CG,OH,6.726851
tcr_17_2,C,A,F,N,3,94,CG,ND2,7.308337
tcr_17_2,C,A,F,N,3,94,CG,CG,8.03941
tcr_17_2,C,A,F,N,3,94,CG,CB,9.482776
tcr_17_2,C,A,F,Y,3,98,CG,CE2,9.748037
tcr_17_2,C,A,F,I,3,90,CG,CA,9.530941
tcr_17_2,C,A,F,I,3,90,CG,C,9.874897
tcr_17_2,C,A,F,I,3,90,CG,O,9.76591
tcr_17_2,C,A,F,R,3,181,CD1,O,9.635465
tcr_17_2,C,A,F,R,3,181,CD1,C,9.150037
tcr_17_2,C,A,F,R,3,181,CD1,N,7.705669
tcr_17_2,C,A,F,R,3,181,CD1,CA,8.939771
tcr_17_2,C,A,F,A,3,177,CD1,O,8.864875
tcr_17_2,C,A,F,L,3,184,CD1,CA,8.712156
tcr_17_2,C,A,F,C,3,188,CD1,CB,9.3527155
tcr_17_2,C,A,F,L,3,184,CD1,N,7.8296566
tcr_17_2,C,A,F,L,3,184,CD1,CG,7.564353
tcr_17_2,C,A,F,L,3,184,CD1,CD2,7.662128
tcr_17_2,C,A,F,L,3,184,CD1,CB,8.713795
tcr_17_2,C,A,F,L,3,180,CD1,O,6.459937
tcr_17_2,C,A,F,H,3,137,CD1,O,8.471354
tcr_17_2,C,A,F,L,3,184,CD1,CD1,7.9938593
tcr_17_2,C,A,F,C,3,188,CD1,SG,9.765862
tcr_17_2,C,A,F,G,3,124,CD1,N,8.769722
tcr_17_2,C,A,F,G,3,124,CD1,CA,9.406478
tcr_17_2,C,A,F,Y,3,123,CD1,O,9.097715
tcr_17_2,C,A,F,Y,3,123,CD1,C,8.659392
tcr_17_2,C,A,F,Q,3,179,CD1,CA,7.196267
tcr_17_2,C,A,F,Q,3,179,CD1,N,8.184981
tcr_17_2,C,A,F,E,3,178,CD1,O,9.267311
tcr_17_2,C,A,F,E,3,178,CD1,C,9.113324
tcr_17_2,C,A,F,A,3,182,CD1,CB,9.587599
tcr_17_2,C,A,F,Q,3,179,CD1,CG,7.8617516
tcr_17_2,C,A,F,Q,3,179,CD1,CB,6.625012
tcr_17_2,C,A,F,A,3,182,CD1,N,9.014922
tcr_17_2,C,A,F,Y,3,183,CD1,N,7.51768
tcr_17_2,C,A,F,A,3,182,CD1,C,8.828075
tcr_17_2,C,A,F,L,3,180,CD1,CA,5.336816
tcr_17_2,C,A,F,A,3,182,CD1,CA,9.475704
tcr_17_2,C,A,F,Q,3,179,CD1,O,6.185372
tcr_17_2,C,A,F,A,3,182,CD1,O,9.653714
tcr_17_2,C,A,F,Q,3,179,CD1,C,6.2388844
tcr_17_2,C,A,F,L,3,180,CD1,C,6.4894056
tcr_17_2,C,A,F,L,3,180,CD1,N,5.8640122
tcr_17_2,C,A,F,Y,3,183,CD1,CE1,5.667506
tcr_17_2,C,A,F,Y,3,183,CD1,O,8.553645
tcr_17_2,C,A,F,Y,3,183,CD1,C,7.786448
tcr_17_2,C,A,F,Y,3,183,CD1,CA,7.0715
tcr_17_2,C,A,F,C,3,188,CD1,N,9.936762
tcr_17_2,C,A,F,Y,3,183,CD1,CD1,5.2470093
tcr_17_2,C,A,F,Y,3,183,CD1,CG,5.3715982
tcr_17_2,C,A,F,Y,3,183,CD1,CB,5.5573516
tcr_17_2,C,A,F,L,3,187,CD1,CB,9.688016
tcr_17_2,C,A,F,L,3,187,CD1,CD1,9.290368
tcr_17_2,C,A,F,Y,3,183,CD1,CD2,5.9001527
tcr_17_2,C,A,F,Y,3,183,CD1,CE2,6.2782125
tcr_17_2,C,A,F,Y,3,31,CD1,CE2,9.416445
tcr_17_2,C,A,F,Y,3,31,CD1,CD2,8.865803
tcr_17_2,C,A,F,Y,3,183,CD1,OH,6.9455357
tcr_17_2,C,A,F,Y,3,123,CD1,OH,5.729325
tcr_17_2,C,A,F,Y,3,183,CD1,CZ,6.166908
tcr_17_2,C,A,F,Y,3,123,CD1,CE2,5.3897896
tcr_17_2,C,A,F,Y,3,123,CD1,CZ,5.48287
tcr_17_2,C,A,F,Y,3,123,CD1,CD2,5.6563334
tcr_17_2,C,A,F,Y,3,31,CD1,CB,9.041512
tcr_17_2,C,A,F,I,3,90,CD1,CG1,8.918101
tcr_17_2,C,A,F,I,3,90,CD1,CD1,8.799168
tcr_17_2,C,A,F,I,3,90,CD1,CB,8.9369955
tcr_17_2,C,A,F,Y,3,31,CD1,CG,9.241046
tcr_17_2,C,A,F,Q,3,139,CD1,N,9.911868
tcr_17_2,C,A,F,N,3,138,CD1,C,9.519707
tcr_17_2,C,A,F,N,3,138,CD1,CB,7.3049183
tcr_17_2,C,A,F,W,3,157,CD1,CZ3,9.258025
tcr_17_2,C,A,F,N,3,138,CD1,CA,8.511669
tcr_17_2,C,A,F,L,3,150,CD1,CD2,9.140659
tcr_17_2,C,A,F,H,3,137,CD1,C,9.345065
tcr_17_2,C,A,F,N,3,138,CD1,N,9.352414
tcr_17_2,C,A,F,Q,3,179,CD1,NE2,8.810041
tcr_17_2,C,A,F,A,3,177,CD1,C,9.164301
tcr_17_2,C,A,F,E,3,176,CD1,N,9.846899
tcr_17_2,C,A,F,E,3,178,CD1,N,9.785169
tcr_17_2,C,A,F,A,3,177,CD1,N,8.947317
tcr_17_2,C,A,F,E,3,176,CD1,CA,8.397706
tcr_17_2,C,A,F,A,3,177,CD1,CA,9.072054
tcr_17_2,C,A,F,E,3,176,CD1,C,7.9645224
tcr_17_2,C,A,F,W,3,171,CD1,CZ3,9.424257
tcr_17_2,C,A,F,W,3,171,CD1,CD2,9.882932
tcr_17_2,C,A,F,L,3,180,CD1,CB,5.3541937
tcr_17_2,C,A,F,W,3,171,CD1,CE3,9.77929
tcr_17_2,C,A,F,W,3,157,CD1,CH2,8.299548
tcr_17_2,C,A,F,W,3,157,CD1,CZ2,8.864548
tcr_17_2,C,A,F,L,3,180,CD1,CD2,5.8557863
tcr_17_2,C,A,F,L,3,180,CD1,CG,5.168435
tcr_17_2,C,A,F,W,3,171,CD1,CH2,9.1675
tcr_17_2,C,A,F,L,3,180,CD1,CD1,3.8569489
tcr_17_2,C,A,F,N,3,138,CD1,ND2,5.233194
tcr_17_2,C,A,F,N,3,138,CD1,CG,6.540371
tcr_17_2,C,A,F,N,3,138,CD1,OD1,7.2692623
tcr_17_2,C,A,F,Y,3,140,CD1,CD2,9.2509985
tcr_17_2,C,A,F,Y,3,123,CD1,CB,6.7791247
tcr_17_2,C,A,F,Y,3,140,CD1,CD1,9.648024
tcr_17_2,C,A,F,Y,3,140,CD1,CE1,8.35459
tcr_17_2,C,A,F,Y,3,140,CD1,CZ,7.367499
tcr_17_2,C,A,F,Y,3,140,CD1,CE2,7.8832197
tcr_17_2,C,A,F,E,3,176,CD1,CD,6.4023614
tcr_17_2,C,A,F,W,3,171,CD1,CZ2,9.264942
tcr_17_2,C,A,F,Y,3,140,CD1,OH,6.092103
tcr_17_2,C,A,F,W,3,171,CD1,CE2,9.6212845
tcr_17_2,C,A,F,E,3,176,CD1,O,6.976314
tcr_17_2,C,A,F,E,3,176,CD1,CB,8.274527
tcr_17_2,C,A,F,E,3,176,CD1,CG,6.911718
tcr_17_2,C,A,F,E,3,176,CD1,OE1,5.318204
tcr_17_2,C,A,F,E,3,176,CD1,OE2,7.311962
tcr_17_2,C,A,F,T,3,97,CD1,OG1,9.93596
tcr_17_2,C,A,F,Q,3,179,CD1,OE1,6.848341
tcr_17_2,C,A,F,T,3,97,CD1,CG2,9.523201
tcr_17_2,C,A,F,Q,3,179,CD1,CD,7.7211256
tcr_17_2,C,A,F,M,3,122,CD1,O,9.649639
tcr_17_2,C,A,F,M,3,122,CD1,C,9.589227
tcr_17_2,C,A,F,Y,3,123,CD1,N,8.948009
tcr_17_2,C,A,F,Y,3,123,CD1,CA,8.268687
tcr_17_2,C,A,F,Y,3,33,CD1,CG,9.279511
tcr_17_2,C,A,F,Y,3,33,CD1,CZ,7.469064
tcr_17_2,C,A,F,Y,3,33,CD1,CD2,8.0295725
tcr_17_2,C,A,F,Y,3,123,CD1,CE1,5.839671
tcr_17_2,C,A,F,Y,3,33,CD1,CE2,7.0293097
tcr_17_2,C,A,F,Y,3,123,CD1,CD1,6.0917835
tcr_17_2,C,A,F,T,3,121,CD1,CG2,8.029544
tcr_17_2,C,A,F,Y,3,123,CD1,CG,6.008856
tcr_17_2,C,A,F,Y,3,33,CD1,CD1,9.601103
tcr_17_2,C,A,F,Y,3,33,CD1,CE1,8.786997
tcr_17_2,C,A,F,T,3,121,CD1,OG1,9.563493
tcr_17_2,C,A,F,Y,3,98,CD1,OH,8.255307
tcr_17_2,C,A,F,T,3,121,CD1,CB,9.214292
tcr_17_2,C,A,F,Y,3,98,CD1,CZ,9.123775
tcr_17_2,C,A,F,I,3,90,CD1,CG2,7.569857
tcr_17_2,C,A,F,N,3,94,CD1,OD1,7.3064914
tcr_17_2,C,A,F,Y,3,33,CD1,OH,6.8443894
tcr_17_2,C,A,F,N,3,94,CD1,ND2,7.0206904
tcr_17_2,C,A,F,N,3,94,CD1,CG,7.6428947
tcr_17_2,C,A,F,N,3,94,CD1,CB,9.021409
tcr_17_2,C,A,F,N,3,94,CD1,CA,9.762566
tcr_17_2,C,A,F,Y,3,98,CD1,CE2,8.848528
tcr_17_2,C,A,F,Y,3,98,CD1,CD2,9.975569
tcr_17_2,C,A,F,I,3,90,CD1,CA,9.787465
tcr_17_2,C,A,F,I,3,90,CD1,C,9.98178
tcr_17_2,C,A,F,I,3,90,CD1,O,9.701196
tcr_17_2,C,A,F,R,3,181,CD2,O,8.062861
tcr_17_2,C,A,F,R,3,181,CD2,C,7.6804943
tcr_17_2,C,A,F,R,3,181,CD2,CB,9.150371
tcr_17_2,C,A,F,R,3,181,CD2,N,6.802028
tcr_17_2,C,A,F,R,3,181,CD2,CA,7.8447366
tcr_17_2,C,A,F,A,3,177,CD2,O,8.484983
tcr_17_2,C,A,F,L,3,184,CD2,O,9.412356
tcr_17_2,C,A,F,E,3,185,CD2,N,8.976777
tcr_17_2,C,A,F,L,3,184,CD2,C,8.603292
tcr_17_2,C,A,F,L,3,184,CD2,CA,7.285723
tcr_17_2,C,A,F,C,3,188,CD2,CB,7.885462
tcr_17_2,C,A,F,L,3,184,CD2,N,6.185789
tcr_17_2,C,A,F,L,3,184,CD2,CG,6.834396
tcr_17_2,C,A,F,L,3,184,CD2,CD2,7.094663
tcr_17_2,C,A,F,L,3,184,CD2,CB,7.641395
tcr_17_2,C,A,F,L,3,180,CD2,O,5.3094597
tcr_17_2,C,A,F,H,3,137,CD2,O,9.002042
tcr_17_2,C,A,F,L,3,184,CD2,CD1,7.6199965
tcr_17_2,C,A,F,C,3,188,CD2,C,9.997071
tcr_17_2,C,A,F,C,3,188,CD2,SG,8.690927
tcr_17_2,C,A,F,G,3,124,CD2,N,9.033541
tcr_17_2,C,A,F,G,3,124,CD2,CA,9.32684
tcr_17_2,C,A,F,G,3,124,CD2,C,9.894195
tcr_17_2,C,A,F,Y,3,123,CD2,O,9.605528
tcr_17_2,C,A,F,Y,3,123,CD2,C,9.201463
tcr_17_2,C,A,F,G,3,124,CD2,O,9.9273405
tcr_17_2,C,A,F,Q,3,179,CD2,CA,6.184143
tcr_17_2,C,A,F,Q,3,179,CD2,N,7.4102693
tcr_17_2,C,A,F,E,3,178,CD2,O,8.080704
tcr_17_2,C,A,F,E,3,178,CD2,C,8.206145
tcr_17_2,C,A,F,A,3,182,CD2,CB,7.6653347
tcr_17_2,C,A,F,E,3,178,CD2,CA,9.511365
tcr_17_2,C,A,F,Q,3,179,CD2,CG,7.1886992
tcr_17_2,C,A,F,Q,3,179,CD2,CB,5.896221
tcr_17_2,C,A,F,A,3,182,CD2,N,7.398345
tcr_17_2,C,A,F,Y,3,183,CD2,N,5.4660277
tcr_17_2,C,A,F,A,3,182,CD2,C,6.7579823
tcr_17_2,C,A,F,L,3,180,CD2,CA,4.738779
tcr_17_2,C,A,F,A,3,182,CD2,CA,7.5762873
tcr_17_2,C,A,F,Q,3,179,CD2,O,4.6409526
tcr_17_2,C,A,F,A,3,182,CD2,O,7.483673
tcr_17_2,C,A,F,Q,3,179,CD2,C,5.1244016
tcr_17_2,C,A,F,L,3,180,CD2,C,5.564574
tcr_17_2,C,A,F,L,3,180,CD2,N,5.1922984
tcr_17_2,C,A,F,Y,3,183,CD2,CE1,4.575286
tcr_17_2,C,A,F,G,3,186,CD2,CA,9.883263
tcr_17_2,C,A,F,G,3,186,CD2,N,9.5231905
tcr_17_2,C,A,F,Y,3,183,CD2,O,6.573099
tcr_17_2,C,A,F,Y,3,183,CD2,C,5.850513
tcr_17_2,C,A,F,Y,3,183,CD2,CA,4.922878
tcr_17_2,C,A,F,G,3,186,CD2,C,9.55951
tcr_17_2,C,A,F,C,3,188,CD2,N,8.026399
tcr_17_2,C,A,F,Y,3,183,CD2,CD1,3.828839
tcr_17_2,C,A,F,L,3,187,CD2,C,8.642781
tcr_17_2,C,A,F,Y,3,183,CD2,CG,3.4050117
tcr_17_2,C,A,F,L,3,187,CD2,N,8.582236
tcr_17_2,C,A,F,Y,3,183,CD2,CB,3.416421
tcr_17_2,C,A,F,L,3,187,CD2,CA,8.529987
tcr_17_2,C,A,F,L,3,187,CD2,CG,7.909917
tcr_17_2,C,A,F,L,3,187,CD2,CB,7.436258
tcr_17_2,C,A,F,L,3,187,CD2,CD1,6.976594
tcr_17_2,C,A,F,R,3,86,CD2,NH2,9.360876
tcr_17_2,C,A,F,Y,3,183,CD2,CD2,3.853259
tcr_17_2,C,A,F,L,3,187,CD2,CD2,9.194736
tcr_17_2,C,A,F,L,3,187,CD2,O,9.525381
tcr_17_2,C,A,F,C,3,188,CD2,CA,8.477422
tcr_17_2,C,A,F,M,3,29,CD2,CE,9.91943
tcr_17_2,C,A,F,Y,3,183,CD2,CE2,4.594679
tcr_17_2,C,A,F,Y,3,31,CD2,CE2,9.140108
tcr_17_2,C,A,F,Y,3,31,CD2,CD2,8.905671
tcr_17_2,C,A,F,Y,3,183,CD2,OH,5.997574
tcr_17_2,C,A,F,Y,3,123,CD2,OH,6.415647
tcr_17_2,C,A,F,Y,3,183,CD2,CZ,4.9118977
tcr_17_2,C,A,F,Y,3,123,CD2,CE2,5.8427067
tcr_17_2,C,A,F,Y,3,123,CD2,CZ,6.330482
tcr_17_2,C,A,F,Y,3,123,CD2,CD2,6.2270527
tcr_17_2,C,A,F,Y,3,31,CD2,CB,9.732595
tcr_17_2,C,A,F,I,3,90,CD2,CG1,8.709868
tcr_17_2,C,A,F,I,3,90,CD2,CD1,8.27225
tcr_17_2,C,A,F,I,3,90,CD2,CB,9.102352
tcr_17_2,C,A,F,Y,3,31,CD2,CG,9.597288
tcr_17_2,C,A,F,N,3,138,CD2,CB,8.480825
tcr_17_2,C,A,F,N,3,138,CD2,CA,9.682743
tcr_17_2,C,A,F,L,3,150,CD2,CD2,9.473654
tcr_17_2,C,A,F,H,3,137,CD2,C,9.955954
tcr_17_2,C,A,F,Q,3,179,CD2,NE2,8.563839
tcr_17_2,C,A,F,A,3,177,CD2,C,8.971837
tcr_17_2,C,A,F,E,3,178,CD2,N,9.452174
tcr_17_2,C,A,F,A,3,177,CD2,N,9.344173
tcr_17_2,C,A,F,E,3,176,CD2,CA,8.996799
tcr_17_2,C,A,F,A,3,177,CD2,CA,9.286296
tcr_17_2,C,A,F,E,3,176,CD2,C,8.382912
tcr_17_2,C,A,F,L,3,180,CD2,CB,5.4320035
tcr_17_2,C,A,F,W,3,157,CD2,CH2,9.646326
tcr_17_2,C,A,F,L,3,180,CD2,CD2,6.6479225
tcr_17_2,C,A,F,L,3,180,CD2,CG,5.4733844
tcr_17_2,C,A,F,L,3,180,CD2,CD1,4.3376307
tcr_17_2,C,A,F,N,3,138,CD2,ND2,6.8624053
tcr_17_2,C,A,F,N,3,138,CD2,CG,8.08879
tcr_17_2,C,A,F,N,3,138,CD2,OD1,9.0170765
tcr_17_2,C,A,F,Y,3,123,CD2,CB,7.8143115
tcr_17_2,C,A,F,Y,3,140,CD2,CZ,9.658255
tcr_17_2,C,A,F,E,3,176,CD2,CD,7.6096783
tcr_17_2,C,A,F,Y,3,140,CD2,OH,8.42147
tcr_17_2,C,A,F,E,3,176,CD2,O,7.21945
tcr_17_2,C,A,F,E,3,176,CD2,CB,9.276166
tcr_17_2,C,A,F,E,3,176,CD2,CG,8.148364
tcr_17_2,C,A,F,E,3,176,CD2,OE1,6.70792
tcr_17_2,C,A,F,E,3,176,CD2,OE2,8.331637
tcr_17_2,C,A,F,Q,3,179,CD2,OE1,6.517508
tcr_17_2,C,A,F,Q,3,179,CD2,CD,7.3181543
tcr_17_2,C,A,F,Y,3,123,CD2,CA,9.172128
tcr_17_2,C,A,F,Y,3,33,CD2,CZ,8.861216
tcr_17_2,C,A,F,Y,3,33,CD2,CD2,9.891783
tcr_17_2,C,A,F,Y,3,123,CD2,CE1,7.1203856
tcr_17_2,C,A,F,Y,3,33,CD2,CE2,8.743421
tcr_17_2,C,A,F,Y,3,123,CD2,CD1,7.440211
tcr_17_2,C,A,F,Y,3,123,CD2,CG,7.0318575
tcr_17_2,C,A,F,I,3,90,CD2,CG2,7.965895
tcr_17_2,C,A,F,N,3,94,CD2,OD1,8.747493
tcr_17_2,C,A,F,Y,3,33,CD2,OH,7.96388
tcr_17_2,C,A,F,N,3,94,CD2,ND2,8.508675
tcr_17_2,C,A,F,N,3,94,CD2,CG,9.173967
tcr_17_2,C,A,F,R,3,181,CE1,O,9.354226
tcr_17_2,C,A,F,R,3,181,CE1,C,8.708854
tcr_17_2,C,A,F,R,3,181,CE1,CB,9.474951
tcr_17_2,C,A,F,R,3,181,CE1,N,7.0778646
tcr_17_2,C,A,F,R,3,181,CE1,CA,8.412937
tcr_17_2,C,A,F,A,3,177,CE1,O,7.8984404
tcr_17_2,C,A,F,L,3,184,CE1,CA,8.982306
tcr_17_2,C,A,F,L,3,184,CE1,N,7.9940467
tcr_17_2,C,A,F,L,3,184,CE1,CG,7.806789
tcr_17_2,C,A,F,L,3,184,CE1,CD2,8.15741
tcr_17_2,C,A,F,L,3,184,CE1,CB,8.894395
tcr_17_2,C,A,F,L,3,180,CE1,O,6.2075644
tcr_17_2,C,A,F,H,3,137,CE1,O,8.998367
tcr_17_2,C,A,F,L,3,184,CE1,CD1,8.086789
tcr_17_2,C,A,F,G,3,124,CE1,N,9.669695
tcr_17_2,C,A,F,Y,3,123,CE1,C,9.648325
tcr_17_2,C,A,F,Q,3,179,CE1,CA,6.110442
tcr_17_2,C,A,F,Q,3,179,CE1,N,7.026718
tcr_17_2,C,A,F,E,3,178,CE1,O,8.3214245
tcr_17_2,C,A,F,E,3,178,CE1,C,8.036671
tcr_17_2,C,A,F,A,3,182,CE1,CB,9.003221
tcr_17_2,C,A,F,E,3,178,CE1,CA,9.067213
tcr_17_2,C,A,F,Q,3,179,CE1,CG,6.624036
tcr_17_2,C,A,F,Q,3,179,CE1,CB,5.422448
tcr_17_2,C,A,F,A,3,182,CE1,N,8.473245
tcr_17_2,C,A,F,Y,3,183,CE1,N,7.335485
tcr_17_2,C,A,F,A,3,182,CE1,C,8.588925
tcr_17_2,C,A,F,L,3,180,CE1,CA,4.6369143
tcr_17_2,C,A,F,A,3,182,CE1,CA,9.024493
tcr_17_2,C,A,F,Q,3,179,CE1,O,5.4848056
tcr_17_2,C,A,F,A,3,182,CE1,O,9.536992
tcr_17_2,C,A,F,Q,3,179,CE1,C,5.3125844
tcr_17_2,C,A,F,L,3,180,CE1,C,5.9824924
tcr_17_2,C,A,F,L,3,180,CE1,N,4.90082
tcr_17_2,C,A,F,Y,3,183,CE1,CE1,6.5971975
tcr_17_2,C,A,F,Y,3,183,CE1,O,8.921692
tcr_17_2,C,A,F,Y,3,183,CE1,C,8.01892
tcr_17_2,C,A,F,Y,3,183,CE1,CA,7.163637
tcr_17_2,C,A,F,Y,3,183,CE1,CD1,5.9254894
tcr_17_2,C,A,F,Y,3,183,CE1,CG,5.9115353
tcr_17_2,C,A,F,Y,3,183,CE1,CB,5.733083
tcr_17_2,C,A,F,L,3,187,CE1,CD1,9.666099
tcr_17_2,C,A,F,Y,3,183,CE1,CD2,6.579151
tcr_17_2,C,A,F,Y,3,183,CE1,CE2,7.191222
tcr_17_2,C,A,F,Y,3,183,CE1,OH,8.107628
tcr_17_2,C,A,F,Y,3,123,CE1,OH,7.1278186
tcr_17_2,C,A,F,Y,3,183,CE1,CZ,7.196432
tcr_17_2,C,A,F,Y,3,123,CE1,CE2,6.687983
tcr_17_2,C,A,F,Y,3,123,CE1,CZ,6.837174
tcr_17_2,C,A,F,Y,3,123,CE1,CD2,6.8068104
tcr_17_2,C,A,F,I,3,90,CE1,CG1,9.7684965
tcr_17_2,C,A,F,I,3,90,CE1,CD1,9.729942
tcr_17_2,C,A,F,I,3,90,CE1,CB,9.883236
tcr_17_2,C,A,F,L,3,150,CE1,CD1,9.59961
tcr_17_2,C,A,F,L,3,150,CE1,CB,9.782467
tcr_17_2,C,A,F,N,3,138,CE1,C,9.745541
tcr_17_2,C,A,F,N,3,138,CE1,CB,7.471743
tcr_17_2,C,A,F,L,3,150,CE1,CG,9.751817
tcr_17_2,C,A,F,W,3,157,CE1,CZ3,8.687123
tcr_17_2,C,A,F,N,3,138,CE1,CA,8.820231
tcr_17_2,C,A,F,L,3,150,CE1,CD2,8.7806635
tcr_17_2,C,A,F,H,3,137,CE1,C,9.753194
tcr_17_2,C,A,F,N,3,138,CE1,N,9.649411
tcr_17_2,C,A,F,W,3,157,CE1,CE3,9.996867
tcr_17_2,C,A,F,R,3,175,CE1,C,9.117261
tcr_17_2,C,A,F,R,3,175,CE1,O,8.674867
tcr_17_2,C,A,F,A,3,177,CE1,CB,9.374837
tcr_17_2,C,A,F,Q,3,179,CE1,NE2,7.5356784
tcr_17_2,C,A,F,A,3,177,CE1,C,8.071106
tcr_17_2,C,A,F,E,3,176,CE1,N,8.47909
tcr_17_2,C,A,F,E,3,178,CE1,N,8.610717
tcr_17_2,C,A,F,A,3,177,CE1,N,7.721584
tcr_17_2,C,A,F,E,3,176,CE1,CA,7.039268
tcr_17_2,C,A,F,A,3,177,CE1,CA,7.9637327
tcr_17_2,C,A,F,E,3,176,CE1,C,6.670466
tcr_17_2,C,A,F,W,3,171,CE1,CZ3,8.82577
tcr_17_2,C,A,F,W,3,171,CE1,CD2,9.008046
tcr_17_2,C,A,F,L,3,180,CE1,CB,4.6217604
tcr_17_2,C,A,F,W,3,171,CE1,CE3,8.998455
tcr_17_2,C,A,F,W,3,157,CE1,CE2,9.3778305
tcr_17_2,C,A,F,W,3,157,CE1,CH2,7.591902
tcr_17_2,C,A,F,W,3,157,CE1,CZ2,7.9744525
tcr_17_2,C,A,F,L,3,180,CE1,CD2,5.466479
tcr_17_2,C,A,F,L,3,180,CE1,CG,4.802713
tcr_17_2,C,A,F,W,3,171,CE1,CH2,8.662053
tcr_17_2,C,A,F,L,3,180,CE1,CD1,3.8019733
tcr_17_2,C,A,F,N,3,138,CE1,ND2,5.447239
tcr_17_2,C,A,F,N,3,138,CE1,CG,6.7026696
tcr_17_2,C,A,F,N,3,138,CE1,OD1,7.3882456
tcr_17_2,C,A,F,Y,3,140,CE1,CD2,9.274181
tcr_17_2,C,A,F,Y,3,123,CE1,CB,7.6516757
tcr_17_2,C,A,F,Y,3,140,CE1,CD1,9.778822
tcr_17_2,C,A,F,Y,3,140,CE1,CE1,8.4714985
tcr_17_2,C,A,F,Y,3,140,CE1,CZ,7.411857
tcr_17_2,C,A,F,Y,3,140,CE1,CE2,7.875151
tcr_17_2,C,A,F,E,3,176,CE1,CD,5.1180034
tcr_17_2,C,A,F,W,3,171,CE1,CZ2,8.664769
tcr_17_2,C,A,F,Y,3,140,CE1,OH,6.105331
tcr_17_2,C,A,F,W,3,171,CE1,CE2,8.834949
tcr_17_2,C,A,F,E,3,176,CE1,O,5.700866
tcr_17_2,C,A,F,E,3,176,CE1,CB,6.9792323
tcr_17_2,C,A,F,W,3,171,CE1,CG,9.477988
tcr_17_2,C,A,F,W,3,171,CE1,NE1,9.185663
tcr_17_2,C,A,F,E,3,176,CE1,CG,5.668811
tcr_17_2,C,A,F,W,3,171,CE1,CD1,9.560213
tcr_17_2,C,A,F,E,3,176,CE1,OE1,4.1025414
tcr_17_2,C,A,F,E,3,176,CE1,OE2,5.9995623
tcr_17_2,C,A,F,Q,3,179,CE1,OE1,5.6708655
tcr_17_2,C,A,F,T,3,97,CE1,CG2,9.487215
tcr_17_2,C,A,F,Q,3,179,CE1,CD,6.4748406
tcr_17_2,C,A,F,Y,3,123,CE1,N,9.899728
tcr_17_2,C,A,F,Y,3,123,CE1,CA,9.167798
tcr_17_2,C,A,F,Y,3,33,CE1,CZ,8.72019
tcr_17_2,C,A,F,Y,3,33,CE1,CD2,9.076659
tcr_17_2,C,A,F,Y,3,123,CE1,CE1,7.10377
tcr_17_2,C,A,F,Y,3,33,CE1,CE2,8.16361
tcr_17_2,C,A,F,Y,3,123,CE1,CD1,7.221355
tcr_17_2,C,A,F,T,3,121,CE1,CG2,8.695322
tcr_17_2,C,A,F,Y,3,123,CE1,CG,7.079786
tcr_17_2,C,A,F,Y,3,98,CE1,OH,8.883001
tcr_17_2,C,A,F,T,3,121,CE1,CB,9.918852
tcr_17_2,C,A,F,Y,3,98,CE1,CZ,9.715568
tcr_17_2,C,A,F,I,3,90,CE1,CG2,8.569788
tcr_17_2,C,A,F,N,3,94,CE1,OD1,8.002325
tcr_17_2,C,A,F,Y,3,33,CE1,OH,8.1508875
tcr_17_2,C,A,F,N,3,94,CE1,ND2,8.006325
tcr_17_2,C,A,F,N,3,94,CE1,CG,8.468532
tcr_17_2,C,A,F,N,3,94,CE1,CB,9.817582
tcr_17_2,C,A,F,Y,3,98,CE1,CE2,9.456687
tcr_17_2,C,A,F,R,3,181,CE2,O,7.73419
tcr_17_2,C,A,F,R,3,181,CE2,C,7.1579795
tcr_17_2,C,A,F,R,3,181,CE2,CG,9.674806
tcr_17_2,C,A,F,R,3,181,CE2,CB,8.419375
tcr_17_2,C,A,F,R,3,181,CE2,N,6.0904603
tcr_17_2,C,A,F,R,3,181,CE2,CA,7.247747
tcr_17_2,C,A,F,A,3,177,CE2,O,7.4750185
tcr_17_2,C,A,F,L,3,184,CE2,O,9.831681
tcr_17_2,C,A,F,E,3,185,CE2,N,9.086239
tcr_17_2,C,A,F,L,3,184,CE2,C,8.89473
tcr_17_2,C,A,F,L,3,184,CE2,CA,7.619107
tcr_17_2,C,A,F,C,3,188,CE2,CB,8.787542
tcr_17_2,C,A,F,L,3,184,CE2,N,6.4045544
tcr_17_2,C,A,F,L,3,184,CE2,CG,7.1150312
tcr_17_2,C,A,F,L,3,184,CE2,CD2,7.640212
tcr_17_2,C,A,F,L,3,184,CE2,CB,7.8594885
tcr_17_2,C,A,F,L,3,180,CE2,O,5.0111737
tcr_17_2,C,A,F,H,3,137,CE2,O,9.511681
tcr_17_2,C,A,F,L,3,184,CE2,CD1,7.7301674
tcr_17_2,C,A,F,C,3,188,CE2,SG,9.691419
tcr_17_2,C,A,F,G,3,124,CE2,N,9.921555
tcr_17_2,C,A,F,E,3,178,CE2,CB,9.287361
tcr_17_2,C,A,F,Q,3,179,CE2,CA,4.8778543
tcr_17_2,C,A,F,Q,3,179,CE2,N,6.1072187
tcr_17_2,C,A,F,E,3,178,CE2,O,6.9788094
tcr_17_2,C,A,F,E,3,178,CE2,C,6.9930916
tcr_17_2,C,A,F,A,3,182,CE2,CB,6.924095
tcr_17_2,C,A,F,E,3,178,CE2,CA,8.293923
tcr_17_2,C,A,F,Q,3,179,CE2,CG,5.803841
tcr_17_2,C,A,F,Q,3,179,CE2,CB,4.4996147
tcr_17_2,C,A,F,A,3,182,CE2,N,6.7348156
tcr_17_2,C,A,F,Y,3,183,CE2,N,5.221046
tcr_17_2,C,A,F,A,3,182,CE2,C,6.449734
tcr_17_2,C,A,F,L,3,180,CE2,CA,3.9431753
tcr_17_2,C,A,F,A,3,182,CE2,CA,7.009929
tcr_17_2,C,A,F,Q,3,179,CE2,O,3.6606889
tcr_17_2,C,A,F,A,3,182,CE2,O,7.3397408
tcr_17_2,C,A,F,Q,3,179,CE2,C,3.948173
tcr_17_2,C,A,F,L,3,180,CE2,C,4.9743905
tcr_17_2,C,A,F,L,3,180,CE2,N,4.078659
tcr_17_2,C,A,F,Y,3,183,CE2,CE1,5.698144
tcr_17_2,C,A,F,G,3,186,CE2,N,9.700393
tcr_17_2,C,A,F,Y,3,183,CE2,O,7.055849
tcr_17_2,C,A,F,Y,3,183,CE2,C,6.167488
tcr_17_2,C,A,F,Y,3,183,CE2,CA,5.0639663
tcr_17_2,C,A,F,G,3,186,CE2,C,9.993967
tcr_17_2,C,A,F,C,3,188,CE2,N,8.859077
tcr_17_2,C,A,F,Y,3,183,CE2,CD1,4.728662
tcr_17_2,C,A,F,L,3,187,CE2,C,9.468636
tcr_17_2,C,A,F,Y,3,183,CE2,CG,4.2168293
tcr_17_2,C,A,F,L,3,187,CE2,N,9.061658
tcr_17_2,C,A,F,Y,3,183,CE2,CB,3.7064369
tcr_17_2,C,A,F,L,3,187,CE2,CA,9.196486
tcr_17_2,C,A,F,L,3,187,CE2,CG,8.442654
tcr_17_2,C,A,F,L,3,187,CE2,CB,8.124717
tcr_17_2,C,A,F,L,3,187,CE2,CD1,7.4716997
tcr_17_2,C,A,F,R,3,86,CE2,NH2,9.727747
tcr_17_2,C,A,F,Y,3,183,CE2,CD2,4.837911
tcr_17_2,C,A,F,L,3,187,CE2,CD2,9.79508
tcr_17_2,C,A,F,C,3,188,CE2,CA,9.423125
tcr_17_2,C,A,F,Y,3,183,CE2,CE2,5.788461
tcr_17_2,C,A,F,Y,3,183,CE2,OH,7.321127
tcr_17_2,C,A,F,Y,3,123,CE2,OH,7.696037
tcr_17_2,C,A,F,Y,3,183,CE2,CZ,6.1649494
tcr_17_2,C,A,F,Y,3,123,CE2,CE2,7.0671396
tcr_17_2,C,A,F,Y,3,123,CE2,CZ,7.541185
tcr_17_2,C,A,F,Y,3,123,CE2,CD2,7.298276
tcr_17_2,C,A,F,I,3,90,CE2,CG1,9.574853
tcr_17_2,C,A,F,I,3,90,CE2,CD1,9.253672
tcr_17_2,C,A,F,N,3,138,CE2,CB,8.634844
tcr_17_2,C,A,F,N,3,138,CE2,CA,9.965245
tcr_17_2,C,A,F,L,3,150,CE2,CD2,9.136804
tcr_17_2,C,A,F,R,3,175,CE2,C,9.37183
tcr_17_2,C,A,F,R,3,175,CE2,O,8.639761
tcr_17_2,C,A,F,A,3,177,CE2,CB,9.6921625
tcr_17_2,C,A,F,Q,3,179,CE2,NE2,7.238132
tcr_17_2,C,A,F,A,3,177,CE2,C,7.8556967
tcr_17_2,C,A,F,E,3,176,CE2,N,9.056572
tcr_17_2,C,A,F,E,3,178,CE2,N,8.232482
tcr_17_2,C,A,F,A,3,177,CE2,N,8.179746
tcr_17_2,C,A,F,E,3,176,CE2,CA,7.742267
tcr_17_2,C,A,F,A,3,177,CE2,CA,8.210587
tcr_17_2,C,A,F,E,3,176,CE2,C,7.165187
tcr_17_2,C,A,F,L,3,180,CE2,CB,4.7203045
tcr_17_2,C,A,F,W,3,157,CE2,CH2,9.04967
tcr_17_2,C,A,F,W,3,157,CE2,CZ2,9.270393
tcr_17_2,C,A,F,L,3,180,CE2,CD2,6.316866
tcr_17_2,C,A,F,L,3,180,CE2,CG,5.1400375
tcr_17_2,C,A,F,L,3,180,CE2,CD1,4.300331
tcr_17_2,C,A,F,N,3,138,CE2,ND2,7.03525
tcr_17_2,C,A,F,N,3,138,CE2,CG,8.2290745
tcr_17_2,C,A,F,N,3,138,CE2,OD1,9.120735
tcr_17_2,C,A,F,Y,3,123,CE2,CB,8.592626
tcr_17_2,C,A,F,Y,3,140,CE2,CZ,9.695431
tcr_17_2,C,A,F,E,3,176,CE2,CD,6.5619617
tcr_17_2,C,A,F,Y,3,140,CE2,OH,8.433764
tcr_17_2,C,A,F,E,3,176,CE2,O,5.99699
tcr_17_2,C,A,F,E,3,176,CE2,CB,8.140011
tcr_17_2,C,A,F,E,3,176,CE2,CG,7.122939
tcr_17_2,C,A,F,E,3,176,CE2,OE1,5.7876863
tcr_17_2,C,A,F,E,3,176,CE2,OE2,7.201893
tcr_17_2,C,A,F,Q,3,179,CE2,OE1,5.25769
tcr_17_2,C,A,F,Q,3,179,CE2,CD,5.9808316
tcr_17_2,C,A,F,Y,3,33,CE2,CZ,9.941684
tcr_17_2,C,A,F,Y,3,123,CE2,CE1,8.196014
tcr_17_2,C,A,F,Y,3,33,CE2,CE2,9.681559
tcr_17_2,C,A,F,Y,3,123,CE2,CD1,8.398221
tcr_17_2,C,A,F,Y,3,123,CE2,CG,7.9760923
tcr_17_2,C,A,F,I,3,90,CE2,CG2,8.918992
tcr_17_2,C,A,F,N,3,94,CE2,OD1,9.332583
tcr_17_2,C,A,F,Y,3,33,CE2,OH,9.114076
tcr_17_2,C,A,F,N,3,94,CE2,ND2,9.337369
tcr_17_2,C,A,F,N,3,94,CE2,CG,9.869701
tcr_17_2,C,A,F,R,3,181,CZ,O,8.428022
tcr_17_2,C,A,F,R,3,181,CZ,C,7.7227573
tcr_17_2,C,A,F,R,3,181,CZ,CG,9.966904
tcr_17_2,C,A,F,R,3,181,CZ,CB,8.595821
tcr_17_2,C,A,F,R,3,181,CZ,N,6.2443314
tcr_17_2,C,A,F,R,3,181,CZ,CA,7.5580935
tcr_17_2,C,A,F,A,3,177,CZ,O,7.1462407
tcr_17_2,C,A,F,E,3,185,CZ,N,9.994315
tcr_17_2,C,A,F,L,3,184,CZ,C,9.808598
tcr_17_2,C,A,F,L,3,184,CZ,CA,8.473297
tcr_17_2,C,A,F,C,3,188,CZ,CB,9.860071
tcr_17_2,C,A,F,L,3,184,CZ,N,7.3347006
tcr_17_2,C,A,F,L,3,184,CZ,CG,7.595306
tcr_17_2,C,A,F,L,3,184,CZ,CD2,8.149558
tcr_17_2,C,A,F,L,3,184,CZ,CB,8.489683
tcr_17_2,C,A,F,L,3,180,CZ,O,5.500756
tcr_17_2,C,A,F,H,3,137,CZ,O,9.506154
tcr_17_2,C,A,F,L,3,184,CZ,CD1,7.960341
tcr_17_2,C,A,F,E,3,178,CZ,CB,9.018656
tcr_17_2,C,A,F,Q,3,179,CZ,CA,4.833498
tcr_17_2,C,A,F,Q,3,179,CZ,N,5.878138
tcr_17_2,C,A,F,E,3,178,CZ,O,7.119603
tcr_17_2,C,A,F,E,3,178,CZ,C,6.8952246
tcr_17_2,C,A,F,A,3,182,CZ,CB,7.687487
tcr_17_2,C,A,F,E,3,178,CZ,CA,8.042472
tcr_17_2,C,A,F,Q,3,179,CZ,CG,5.461637
tcr_17_2,C,A,F,Q,3,179,CZ,CB,4.194837
tcr_17_2,C,A,F,A,3,182,CZ,N,7.3400435
tcr_17_2,C,A,F,Y,3,183,CZ,N,6.261762
tcr_17_2,C,A,F,A,3,182,CZ,C,7.4587436
tcr_17_2,C,A,F,L,3,180,CZ,CA,3.881104
tcr_17_2,C,A,F,A,3,182,CZ,CA,7.8198514
tcr_17_2,C,A,F,Q,3,179,CZ,O,4.204458
tcr_17_2,C,A,F,A,3,182,CZ,O,8.445413
tcr_17_2,C,A,F,Q,3,179,CZ,C,4.071801
tcr_17_2,C,A,F,L,3,180,CZ,C,5.209597
tcr_17_2,C,A,F,L,3,180,CZ,N,3.8946877
tcr_17_2,C,A,F,Y,3,183,CZ,CE1,6.612145
tcr_17_2,C,A,F,Y,3,183,CZ,O,8.242461
tcr_17_2,C,A,F,Y,3,183,CZ,C,7.282796
tcr_17_2,C,A,F,Y,3,183,CZ,CA,6.2580357
tcr_17_2,C,A,F,Y,3,183,CZ,CD1,5.7052946
tcr_17_2,C,A,F,Y,3,183,CZ,CG,5.42507
tcr_17_2,C,A,F,Y,3,183,CZ,CB,4.9312873
tcr_17_2,C,A,F,L,3,187,CZ,CG,9.837533
tcr_17_2,C,A,F,L,3,187,CZ,CB,9.516956
tcr_17_2,C,A,F,L,3,187,CZ,CD1,8.8431015
tcr_17_2,C,A,F,Y,3,183,CZ,CD2,6.1318245
tcr_17_2,C,A,F,Y,3,183,CZ,CE2,6.9839106
tcr_17_2,C,A,F,Y,3,183,CZ,OH,8.272305
tcr_17_2,C,A,F,Y,3,123,CZ,OH,8.000973
tcr_17_2,C,A,F,Y,3,183,CZ,CZ,7.196929
tcr_17_2,C,A,F,Y,3,123,CZ,CE2,7.4292727
tcr_17_2,C,A,F,Y,3,123,CZ,CZ,7.7565303
tcr_17_2,C,A,F,Y,3,123,CZ,CD2,7.5492373
tcr_17_2,C,A,F,I,3,90,CZ,CD1,9.937733
tcr_17_2,C,A,F,L,3,150,CZ,CD1,9.593316
tcr_17_2,C,A,F,N,3,138,CZ,CB,8.152507
tcr_17_2,C,A,F,L,3,150,CZ,CG,9.830509
tcr_17_2,C,A,F,W,3,157,CZ,CZ3,9.203581
tcr_17_2,C,A,F,N,3,138,CZ,CA,9.553301
tcr_17_2,C,A,F,L,3,150,CZ,CD2,8.781388
tcr_17_2,C,A,F,A,3,174,CZ,O,9.646942
tcr_17_2,C,A,F,R,3,175,CZ,C,8.485528
tcr_17_2,C,A,F,R,3,175,CZ,O,7.8892317
tcr_17_2,C,A,F,A,3,177,CZ,CB,8.967205
tcr_17_2,C,A,F,Q,3,179,CZ,NE2,6.6466713
tcr_17_2,C,A,F,A,3,177,CZ,C,7.351402
tcr_17_2,C,A,F,E,3,176,CZ,N,8.027915
tcr_17_2,C,A,F,E,3,178,CZ,N,7.7582974
tcr_17_2,C,A,F,A,3,177,CZ,N,7.285666
tcr_17_2,C,A,F,E,3,176,CZ,CA,6.654543
tcr_17_2,C,A,F,A,3,177,CZ,CA,7.484185
tcr_17_2,C,A,F,E,3,176,CZ,C,6.2027535
tcr_17_2,C,A,F,W,3,171,CZ,CZ3,9.62715
tcr_17_2,C,A,F,W,3,171,CZ,CD2,9.612361
tcr_17_2,C,A,F,L,3,180,CZ,CB,4.2658606
tcr_17_2,C,A,F,W,3,171,CZ,CE3,9.633929
tcr_17_2,C,A,F,W,3,157,CZ,CE2,9.569957
tcr_17_2,C,A,F,W,3,157,CZ,CH2,8.011121
tcr_17_2,C,A,F,W,3,157,CZ,CZ2,8.204037
tcr_17_2,C,A,F,L,3,180,CZ,CD2,5.720316
tcr_17_2,C,A,F,L,3,180,CZ,CG,4.7907567
tcr_17_2,C,A,F,W,3,171,CZ,CH2,9.601223
tcr_17_2,C,A,F,L,3,180,CZ,CD1,4.0361185
tcr_17_2,C,A,F,N,3,138,CZ,ND2,6.383844
tcr_17_2,C,A,F,N,3,138,CZ,CG,7.578105
tcr_17_2,C,A,F,N,3,138,CZ,OD1,8.354021
tcr_17_2,C,A,F,Y,3,123,CZ,CB,8.515625
tcr_17_2,C,A,F,Y,3,140,CZ,CE1,9.7608
tcr_17_2,C,A,F,Y,3,140,CZ,CZ,8.6495
tcr_17_2,C,A,F,Y,3,140,CZ,CE2,9.009972
tcr_17_2,C,A,F,E,3,176,CZ,CD,5.219145
tcr_17_2,C,A,F,W,3,171,CZ,CZ2,9.577711
tcr_17_2,C,A,F,Y,3,140,CZ,OH,7.3686686
tcr_17_2,C,A,F,W,3,171,CZ,CE2,9.579263
tcr_17_2,C,A,F,E,3,176,CZ,O,5.1158843
tcr_17_2,C,A,F,E,3,176,CZ,CB,6.9011073
tcr_17_2,C,A,F,W,3,171,CZ,CG,9.91745
tcr_17_2,C,A,F,W,3,171,CZ,NE1,9.843036
tcr_17_2,C,A,F,E,3,176,CZ,CG,5.799535
tcr_17_2,C,A,F,E,3,176,CZ,OE1,4.409848
tcr_17_2,C,A,F,E,3,176,CZ,OE2,5.93332
tcr_17_2,C,A,F,Q,3,179,CZ,OE1,4.747059
tcr_17_2,C,A,F,Q,3,179,CZ,CD,5.47794
tcr_17_2,C,A,F,Y,3,123,CZ,CA,9.995265
tcr_17_2,C,A,F,Y,3,33,CZ,CZ,9.877592
tcr_17_2,C,A,F,Y,3,123,CZ,CE1,8.186186
tcr_17_2,C,A,F,Y,3,33,CZ,CE2,9.4236965
tcr_17_2,C,A,F,Y,3,123,CZ,CD1,8.29922
tcr_17_2,C,A,F,T,3,121,CZ,CG2,9.997273
tcr_17_2,C,A,F,Y,3,123,CZ,CG,7.9939265
tcr_17_2,C,A,F,I,3,90,CZ,CG2,9.195035
tcr_17_2,C,A,F,N,3,94,CZ,OD1,8.993148
tcr_17_2,C,A,F,Y,3,33,CZ,OH,9.194917
tcr_17_2,C,A,F,N,3,94,CZ,ND2,9.112558
tcr_17_2,C,A,F,N,3,94,CZ,CG,9.549837
tcr_17_2,C,A,V,C,4,188,N,CB,9.508506
tcr_17_2,C,A,V,L,4,184,N,N,8.9817095
tcr_17_2,C,A,V,L,4,184,N,CG,9.895196
tcr_17_2,C,A,V,L,4,184,N,CD2,9.849619
tcr_17_2,C,A,V,L,4,180,N,O,8.654942
tcr_17_2,C,A,V,Q,4,179,N,CA,8.74499
tcr_17_2,C,A,V,Q,4,179,N,CG,8.9868555
tcr_17_2,C,A,V,Q,4,179,N,CB,8.087856
tcr_17_2,C,A,V,Y,4,183,N,N,8.092173
tcr_17_2,C,A,V,A,4,182,N,C,9.243837
tcr_17_2,C,A,V,L,4,180,N,CA,8.117123
tcr_17_2,C,A,V,Q,4,179,N,O,7.5165377
tcr_17_2,C,A,V,A,4,182,N,O,9.71482
tcr_17_2,C,A,V,Q,4,179,N,C,8.04406
tcr_17_2,C,A,V,L,4,180,N,C,8.9641485
tcr_17_2,C,A,V,L,4,180,N,N,8.341889
tcr_17_2,C,A,V,Y,4,183,N,CE1,6.3221693
tcr_17_2,C,A,V,Y,4,183,N,O,8.650956
tcr_17_2,C,A,V,Y,4,183,N,C,8.299921
tcr_17_2,C,A,V,Y,4,183,N,CA,7.330057
tcr_17_2,C,A,V,C,4,188,N,N,9.182287
tcr_17_2,C,A,V,Y,4,183,N,CD1,6.180521
tcr_17_2,C,A,V,L,4,187,N,C,9.408048
tcr_17_2,C,A,V,Y,4,183,N,CG,5.5731974
tcr_17_2,C,A,V,L,4,187,N,N,9.745749
tcr_17_2,C,A,V,Y,4,183,N,CB,6.0103154
tcr_17_2,C,A,V,L,4,187,N,CA,9.239873
tcr_17_2,C,A,V,L,4,187,N,CG,8.008071
tcr_17_2,C,A,V,L,4,187,N,CB,7.8408737
tcr_17_2,C,A,V,L,4,187,N,CD1,6.746134
tcr_17_2,C,A,V,R,4,86,N,NH2,6.427213
tcr_17_2,C,A,V,Y,4,183,N,CD2,5.069551
tcr_17_2,C,A,V,R,4,86,N,CZ,7.0777407
tcr_17_2,C,A,V,L,4,187,N,CD2,8.87581
tcr_17_2,C,A,V,W,4,191,N,NE1,9.700678
tcr_17_2,C,A,V,L,4,187,N,O,9.995359
tcr_17_2,C,A,V,W,4,191,N,CD1,9.671167
tcr_17_2,C,A,V,C,4,188,N,CA,9.654054
tcr_17_2,C,A,V,Y,4,183,N,CE2,5.235234
tcr_17_2,C,A,V,Y,4,31,N,CE2,8.684475
tcr_17_2,C,A,V,Y,4,31,N,CD2,8.72096
tcr_17_2,C,A,V,Y,4,183,N,OH,6.476623
tcr_17_2,C,A,V,Y,4,123,N,OH,5.964291
tcr_17_2,C,A,V,Y,4,183,N,CZ,5.8770614
tcr_17_2,C,A,V,Y,4,123,N,CE2,6.657694
tcr_17_2,C,A,V,Y,4,123,N,CZ,6.596571
tcr_17_2,C,A,V,Y,4,123,N,CD2,7.6319876
tcr_17_2,C,A,V,Y,4,31,N,CB,9.6133375
tcr_17_2,C,A,V,R,4,86,N,NE,7.1415195
tcr_17_2,C,A,V,R,4,86,N,CD,8.1992
tcr_17_2,C,A,V,R,4,86,N,CG,8.307194
tcr_17_2,C,A,V,R,4,86,N,CB,9.674941
tcr_17_2,C,A,V,R,4,86,N,CA,9.972955
tcr_17_2,C,A,V,R,4,86,N,C,9.181209
tcr_17_2,C,A,V,R,4,86,N,NH1,7.9413753
tcr_17_2,C,A,V,R,4,86,N,O,8.40229
tcr_17_2,C,A,V,I,4,90,N,CG1,5.318218
tcr_17_2,C,A,V,I,4,90,N,CD1,5.021717
tcr_17_2,C,A,V,I,4,90,N,N,8.036761
tcr_17_2,C,A,V,I,4,90,N,CB,5.874389
tcr_17_2,C,A,V,Y,4,31,N,OH,9.408784
tcr_17_2,C,A,V,Y,4,31,N,CG,9.193217
tcr_17_2,C,A,V,Y,4,31,N,CD1,9.603263
tcr_17_2,C,A,V,Y,4,31,N,CZ,9.123061
tcr_17_2,C,A,V,Y,4,31,N,CE1,9.5692
tcr_17_2,C,A,V,F,4,91,N,CZ,9.403722
tcr_17_2,C,A,V,N,4,87,N,OD1,9.378515
tcr_17_2,C,A,V,N,4,87,N,CG,9.831798
tcr_17_2,C,A,V,N,4,87,N,CA,9.313456
tcr_17_2,C,A,V,N,4,87,N,O,9.192945
tcr_17_2,C,A,V,N,4,87,N,N,9.611316
tcr_17_2,C,A,V,N,4,87,N,C,9.7773695
tcr_17_2,C,A,V,Q,4,179,N,NE2,9.711691
tcr_17_2,C,A,V,L,4,180,N,CB,8.76026
tcr_17_2,C,A,V,L,4,180,N,CD2,9.783517
tcr_17_2,C,A,V,L,4,180,N,CG,8.777039
tcr_17_2,C,A,V,L,4,180,N,CD1,7.4943495
tcr_17_2,C,A,V,N,4,138,N,ND2,9.230247
tcr_17_2,C,A,V,Y,4,123,N,CB,9.652371
tcr_17_2,C,A,V,E,4,176,N,CD,9.314156
tcr_17_2,C,A,V,Y,4,140,N,OH,9.797588
tcr_17_2,C,A,V,E,4,176,N,OE1,8.240115
tcr_17_2,C,A,V,E,4,176,N,OE2,9.821167
tcr_17_2,C,A,V,Q,4,179,N,OE1,7.5464997
tcr_17_2,C,A,V,T,4,93,N,CG2,8.850644
tcr_17_2,C,A,V,Q,4,179,N,CD,8.631875
tcr_17_2,C,A,V,T,4,93,N,CB,8.827063
tcr_17_2,C,A,V,T,4,93,N,OG1,9.198174
tcr_17_2,C,A,V,Y,4,33,N,CZ,7.8942213
tcr_17_2,C,A,V,Y,4,33,N,CD2,9.390149
tcr_17_2,C,A,V,Y,4,123,N,CE1,7.5269628
tcr_17_2,C,A,V,Y,4,33,N,CE2,8.051988
tcr_17_2,C,A,V,Y,4,123,N,CD1,8.401749
tcr_17_2,C,A,V,Y,4,123,N,CG,8.456761
tcr_17_2,C,A,V,Y,4,33,N,CE1,9.116206
tcr_17_2,C,A,V,F,4,91,N,CD1,8.945073
tcr_17_2,C,A,V,F,4,91,N,CG,9.786048
tcr_17_2,C,A,V,I,4,90,N,CG2,4.9687
tcr_17_2,C,A,V,F,4,91,N,CE1,8.735088
tcr_17_2,C,A,V,N,4,94,N,OD1,6.6364737
tcr_17_2,C,A,V,Y,4,33,N,OH,6.7307754
tcr_17_2,C,A,V,F,4,91,N,CA,9.487652
tcr_17_2,C,A,V,N,4,94,N,ND2,6.7160254
tcr_17_2,C,A,V,N,4,94,N,CG,7.2122464
tcr_17_2,C,A,V,N,4,94,N,CB,8.730864
tcr_17_2,C,A,V,N,4,94,N,CA,9.448173
tcr_17_2,C,A,V,Q,4,89,N,O,9.312535
tcr_17_2,C,A,V,F,4,91,N,N,8.549424
tcr_17_2,C,A,V,Q,4,89,N,C,9.097912
tcr_17_2,C,A,V,I,4,90,N,CA,6.9293494
tcr_17_2,C,A,V,I,4,90,N,C,7.67888
tcr_17_2,C,A,V,T,4,93,N,CA,9.999856
tcr_17_2,C,A,V,I,4,90,N,O,7.781759
tcr_17_2,C,A,V,N,4,94,N,N,9.254558
tcr_17_2,C,A,V,T,4,93,N,C,9.93249
tcr_17_2,C,A,V,L,4,180,CA,O,9.650734
tcr_17_2,C,A,V,Q,4,179,CA,CA,8.974289
tcr_17_2,C,A,V,Q,4,179,CA,CG,8.79416
tcr_17_2,C,A,V,Q,4,179,CA,CB,8.10993
tcr_17_2,C,A,V,Y,4,183,CA,N,9.009593
tcr_17_2,C,A,V,L,4,180,CA,CA,8.846668
tcr_17_2,C,A,V,Q,4,179,CA,O,8.095529
tcr_17_2,C,A,V,Q,4,179,CA,C,8.5031805
tcr_17_2,C,A,V,L,4,180,CA,C,9.820322
tcr_17_2,C,A,V,L,4,180,CA,N,8.86514
tcr_17_2,C,A,V,Y,4,183,CA,CE1,7.7657676
tcr_17_2,C,A,V,Y,4,183,CA,O,9.896798
tcr_17_2,C,A,V,Y,4,183,CA,C,9.497541
tcr_17_2,C,A,V,Y,4,183,CA,CA,8.402123
tcr_17_2,C,A,V,Y,4,183,CA,CD1,7.5484767
tcr_17_2,C,A,V,Y,4,183,CA,CG,6.8760867
tcr_17_2,C,A,V,Y,4,183,CA,CB,7.1237993
tcr_17_2,C,A,V,L,4,187,CA,CG,8.855421
tcr_17_2,C,A,V,L,4,187,CA,CB,8.892749
tcr_17_2,C,A,V,L,4,187,CA,CD1,7.4716816
tcr_17_2,C,A,V,R,4,86,CA,NH2,5.645959
tcr_17_2,C,A,V,Y,4,183,CA,CD2,6.3988304
tcr_17_2,C,A,V,R,4,86,CA,CZ,6.35203
tcr_17_2,C,A,V,L,4,187,CA,CD2,9.651505
tcr_17_2,C,A,V,Y,4,183,CA,CE2,6.647693
tcr_17_2,C,A,V,Y,4,31,CA,CE2,9.94279
tcr_17_2,C,A,V,Y,4,31,CA,CD2,9.979974
tcr_17_2,C,A,V,Y,4,183,CA,OH,7.923944
tcr_17_2,C,A,V,Y,4,123,CA,OH,7.042899
tcr_17_2,C,A,V,Y,4,183,CA,CZ,7.339951
tcr_17_2,C,A,V,Y,4,123,CA,CE2,7.9426603
tcr_17_2,C,A,V,Y,4,123,CA,CZ,7.735869
tcr_17_2,C,A,V,Y,4,123,CA,CD2,8.908891
tcr_17_2,C,A,V,R,4,86,CA,NE,6.660235
tcr_17_2,C,A,V,R,4,86,CA,CD,7.7793703
tcr_17_2,C,A,V,R,4,86,CA,CG,8.150348
tcr_17_2,C,A,V,R,4,86,CA,CB,9.5334215
tcr_17_2,C,A,V,R,4,86,CA,CA,9.722815
tcr_17_2,C,A,V,R,4,86,CA,C,9.013741
tcr_17_2,C,A,V,R,4,86,CA,NH1,7.0615764
tcr_17_2,C,A,V,R,4,86,CA,O,8.122103
tcr_17_2,C,A,V,I,4,90,CA,CG1,4.943572
tcr_17_2,C,A,V,Q,4,89,CA,CB,9.462321
tcr_17_2,C,A,V,Q,4,89,CA,OE1,9.108632
tcr_17_2,C,A,V,I,4,90,CA,CD1,5.010609
tcr_17_2,C,A,V,Q,4,89,CA,CD,9.405928
tcr_17_2,C,A,V,Q,4,89,CA,NE2,9.995104
tcr_17_2,C,A,V,Q,4,89,CA,CA,9.606874
tcr_17_2,C,A,V,I,4,90,CA,N,7.47002
tcr_17_2,C,A,V,Q,4,89,CA,CG,9.376077
tcr_17_2,C,A,V,I,4,90,CA,CB,5.5997944
tcr_17_2,C,A,V,F,4,91,CA,CZ,9.948694
tcr_17_2,C,A,V,N,4,87,CA,OD1,9.973203
tcr_17_2,C,A,V,N,4,87,CA,CA,9.42251
tcr_17_2,C,A,V,N,4,87,CA,O,9.121896
tcr_17_2,C,A,V,N,4,87,CA,N,9.621377
tcr_17_2,C,A,V,N,4,87,CA,C,9.736208
tcr_17_2,C,A,V,Q,4,179,CA,NE2,9.169672
tcr_17_2,C,A,V,L,4,180,CA,CB,9.463029
tcr_17_2,C,A,V,L,4,180,CA,CG,9.6412735
tcr_17_2,C,A,V,L,4,180,CA,CD1,8.4282465
tcr_17_2,C,A,V,E,4,176,CA,CD,9.105981
tcr_17_2,C,A,V,E,4,176,CA,OE1,8.049966
tcr_17_2,C,A,V,E,4,176,CA,OE2,9.458227
tcr_17_2,C,A,V,T,4,97,CA,OG1,9.449281
tcr_17_2,C,A,V,Q,4,179,CA,OE1,7.057892
tcr_17_2,C,A,V,T,4,93,CA,CG2,7.706239
tcr_17_2,C,A,V,Q,4,179,CA,CD,8.213061
tcr_17_2,C,A,V,T,4,93,CA,CB,7.7932744
tcr_17_2,C,A,V,T,4,93,CA,OG1,8.091271
tcr_17_2,C,A,V,Y,4,33,CA,CZ,8.507199
tcr_17_2,C,A,V,Y,4,33,CA,CD2,9.870042
tcr_17_2,C,A,V,Y,4,123,CA,CE1,8.539277
tcr_17_2,C,A,V,Y,4,33,CA,CE2,8.567428
tcr_17_2,C,A,V,Y,4,123,CA,CD1,9.446315
tcr_17_2,C,A,V,Y,4,123,CA,CG,9.623529
tcr_17_2,C,A,V,Y,4,33,CA,CE1,9.7625475
tcr_17_2,C,A,V,F,4,91,CA,CD1,9.20793
tcr_17_2,C,A,V,F,4,91,CA,CG,9.93028
tcr_17_2,C,A,V,I,4,90,CA,CG2,4.850569
tcr_17_2,C,A,V,F,4,91,CA,CE1,9.214614
tcr_17_2,C,A,V,N,4,94,CA,OD1,6.182832
tcr_17_2,C,A,V,Y,4,33,CA,OH,7.394738
tcr_17_2,C,A,V,F,4,91,CA,CA,9.267589
tcr_17_2,C,A,V,N,4,94,CA,ND2,6.736042
tcr_17_2,C,A,V,N,4,94,CA,CG,6.966443
tcr_17_2,C,A,V,N,4,94,CA,CB,8.454524
tcr_17_2,C,A,V,N,4,94,CA,CA,8.95436
tcr_17_2,C,A,V,Q,4,89,CA,O,8.4991045
tcr_17_2,C,A,V,F,4,91,CA,N,8.265214
tcr_17_2,C,A,V,Q,4,89,CA,C,8.392757
tcr_17_2,C,A,V,I,4,90,CA,CA,6.398917
tcr_17_2,C,A,V,I,4,90,CA,C,7.2350607
tcr_17_2,C,A,V,T,4,93,CA,CA,9.074907
tcr_17_2,C,A,V,I,4,90,CA,O,7.2342286
tcr_17_2,C,A,V,T,4,93,CA,N,9.537944
tcr_17_2,C,A,V,N,4,94,CA,N,8.60613
tcr_17_2,C,A,V,T,4,93,CA,C,9.121954
tcr_17_2,C,A,V,T,4,93,CA,O,9.93986
tcr_17_2,C,A,V,L,4,180,C,O,9.124385
tcr_17_2,C,A,V,Q,4,179,C,CA,7.8481555
tcr_17_2,C,A,V,Q,4,179,C,N,9.149305
tcr_17_2,C,A,V,A,4,182,C,CB,9.9812355
tcr_17_2,C,A,V,Q,4,179,C,CG,7.4630275
tcr_17_2,C,A,V,Q,4,179,C,CB,6.8437853
tcr_17_2,C,A,V,Y,4,183,C,N,8.6748705
tcr_17_2,C,A,V,A,4,182,C,C,9.771749
tcr_17_2,C,A,V,L,4,180,C,CA,8.003252
tcr_17_2,C,A,V,Q,4,179,C,O,7.2855945
tcr_17_2,C,A,V,Q,4,179,C,C,7.517197
tcr_17_2,C,A,V,L,4,180,C,C,9.114159
tcr_17_2,C,A,V,L,4,180,C,N,7.8554063
tcr_17_2,C,A,V,Y,4,183,C,CE1,8.1230955
tcr_17_2,C,A,V,Y,4,183,C,C,9.487276
tcr_17_2,C,A,V,Y,4,183,C,CA,8.291885
tcr_17_2,C,A,V,Y,4,183,C,CD1,7.685797
tcr_17_2,C,A,V,Y,4,183,C,CG,7.019374
tcr_17_2,C,A,V,Y,4,183,C,CB,6.9924903
tcr_17_2,C,A,V,L,4,187,C,CG,9.437866
tcr_17_2,C,A,V,L,4,187,C,CB,9.502941
tcr_17_2,C,A,V,L,4,187,C,CD1,8.049948
tcr_17_2,C,A,V,R,4,86,C,NH2,6.5384483
tcr_17_2,C,A,V,Y,4,183,C,CD2,6.816656
tcr_17_2,C,A,V,R,4,86,C,CZ,7.3935843
tcr_17_2,C,A,V,Y,4,183,C,CE2,7.30146
tcr_17_2,C,A,V,Y,4,183,C,OH,8.688367
tcr_17_2,C,A,V,Y,4,123,C,OH,7.76857
tcr_17_2,C,A,V,Y,4,183,C,CZ,7.9412556
tcr_17_2,C,A,V,Y,4,123,C,CE2,8.405132
tcr_17_2,C,A,V,Y,4,123,C,CZ,8.255986
tcr_17_2,C,A,V,Y,4,123,C,CD2,9.188424
tcr_17_2,C,A,V,R,4,86,C,NE,7.869277
tcr_17_2,C,A,V,R,4,86,C,CD,9.064734
tcr_17_2,C,A,V,R,4,86,C,CG,9.542551
tcr_17_2,C,A,V,R,4,86,C,NH1,8.018701
tcr_17_2,C,A,V,R,4,86,C,O,9.526023
tcr_17_2,C,A,V,I,4,90,C,CG1,6.327105
tcr_17_2,C,A,V,I,4,90,C,CD1,6.509098
tcr_17_2,C,A,V,I,4,90,C,N,8.642136
tcr_17_2,C,A,V,I,4,90,C,CB,6.8963714
tcr_17_2,C,A,V,Q,4,179,C,NE2,7.727629
tcr_17_2,C,A,V,E,4,176,C,CA,9.876618
tcr_17_2,C,A,V,E,4,176,C,C,9.890918
tcr_17_2,C,A,V,L,4,180,C,CB,8.568513
tcr_17_2,C,A,V,L,4,180,C,CD2,9.814088
tcr_17_2,C,A,V,L,4,180,C,CG,8.92553
tcr_17_2,C,A,V,L,4,180,C,CD1,7.845196
tcr_17_2,C,A,V,N,4,138,C,ND2,9.543463
tcr_17_2,C,A,V,E,4,176,C,CD,7.7008266
tcr_17_2,C,A,V,Y,4,140,C,OH,9.476682
tcr_17_2,C,A,V,E,4,176,C,O,8.940775
tcr_17_2,C,A,V,E,4,176,C,CG,8.870831
tcr_17_2,C,A,V,E,4,176,C,OE1,6.6960983
tcr_17_2,C,A,V,E,4,176,C,OE2,7.9897633
tcr_17_2,C,A,V,T,4,97,C,OG1,9.098063
tcr_17_2,C,A,V,Q,4,179,C,OE1,5.6202235
tcr_17_2,C,A,V,T,4,97,C,CG2,9.657048
tcr_17_2,C,A,V,T,4,93,C,CG2,7.793062
tcr_17_2,C,A,V,Q,4,179,C,CD,6.7964067
tcr_17_2,C,A,V,T,4,93,C,CB,8.164897
tcr_17_2,C,A,V,T,4,93,C,OG1,8.5632715
tcr_17_2,C,A,V,T,4,97,C,CB,9.849197
tcr_17_2,C,A,V,Y,4,33,C,CZ,9.1515045
tcr_17_2,C,A,V,Y,4,123,C,CE1,8.91691
tcr_17_2,C,A,V,Y,4,33,C,CE2,8.990858
tcr_17_2,C,A,V,Y,4,123,C,CD1,9.661636
tcr_17_2,C,A,V,Y,4,123,C,CG,9.795033
tcr_17_2,C,A,V,I,4,90,C,CG2,6.053396
tcr_17_2,C,A,V,N,4,94,C,OD1,6.5410056
tcr_17_2,C,A,V,Y,4,33,C,OH,8.1712
tcr_17_2,C,A,V,N,4,94,C,ND2,7.284416
tcr_17_2,C,A,V,N,4,94,C,CG,7.4123154
tcr_17_2,C,A,V,N,4,94,C,CB,8.878717
tcr_17_2,C,A,V,N,4,94,C,CA,9.235955
tcr_17_2,C,A,V,Q,4,89,C,O,9.405353
tcr_17_2,C,A,V,F,4,91,C,N,9.342884
tcr_17_2,C,A,V,Q,4,89,C,C,9.453245
tcr_17_2,C,A,V,I,4,90,C,CA,7.524918
tcr_17_2,C,A,V,I,4,90,C,C,8.242227
tcr_17_2,C,A,V,T,4,93,C,CA,9.462277
tcr_17_2,C,A,V,I,4,90,C,O,8.0492935
tcr_17_2,C,A,V,N,4,94,C,N,8.983883
tcr_17_2,C,A,V,T,4,93,C,C,9.401479
tcr_17_2,C,A,V,R,4,181,O,N,9.75863
tcr_17_2,C,A,V,L,4,184,O,N,9.865914
tcr_17_2,C,A,V,L,4,180,O,O,8.876875
tcr_17_2,C,A,V,Q,4,179,O,CA,7.0474505
tcr_17_2,C,A,V,Q,4,179,O,N,8.380058
tcr_17_2,C,A,V,E,4,178,O,O,9.604581
tcr_17_2,C,A,V,E,4,178,O,C,9.497138
tcr_17_2,C,A,V,A,4,182,O,CB,9.137393
tcr_17_2,C,A,V,Q,4,179,O,CG,6.524787
tcr_17_2,C,A,V,Q,4,179,O,CB,6.027496
tcr_17_2,C,A,V,A,4,182,O,N,9.833963
tcr_17_2,C,A,V,Y,4,183,O,N,8.1649275
tcr_17_2,C,A,V,A,4,182,O,C,9.168806
tcr_17_2,C,A,V,L,4,180,O,CA,7.7205477
tcr_17_2,C,A,V,A,4,182,O,CA,9.727334
tcr_17_2,C,A,V,Q,4,179,O,O,6.6490846
tcr_17_2,C,A,V,A,4,182,O,O,9.857923
tcr_17_2,C,A,V,Q,4,179,O,C,6.8812985
tcr_17_2,C,A,V,L,4,180,O,C,8.795814
tcr_17_2,C,A,V,L,4,180,O,N,7.3858504
tcr_17_2,C,A,V,Y,4,183,O,CE1,8.474644
tcr_17_2,C,A,V,Y,4,183,O,O,9.872605
tcr_17_2,C,A,V,Y,4,183,O,C,9.257891
tcr_17_2,C,A,V,Y,4,183,O,CA,7.942361
tcr_17_2,C,A,V,Y,4,183,O,CD1,7.8638387
tcr_17_2,C,A,V,Y,4,183,O,CG,7.0400844
tcr_17_2,C,A,V,Y,4,183,O,CB,6.770749
tcr_17_2,C,A,V,L,4,187,O,CG,9.084232
tcr_17_2,C,A,V,L,4,187,O,CB,9.293233
tcr_17_2,C,A,V,L,4,187,O,CD1,7.669007
tcr_17_2,C,A,V,R,4,86,O,NH2,6.473434
tcr_17_2,C,A,V,Y,4,183,O,CD2,6.883201
tcr_17_2,C,A,V,R,4,86,O,CZ,7.487007
tcr_17_2,C,A,V,Y,4,183,O,CE2,7.5685143
tcr_17_2,C,A,V,Y,4,183,O,OH,9.214923
tcr_17_2,C,A,V,Y,4,123,O,OH,8.772923
tcr_17_2,C,A,V,Y,4,183,O,CZ,8.336529
tcr_17_2,C,A,V,Y,4,123,O,CE2,9.204788
tcr_17_2,C,A,V,Y,4,123,O,CZ,9.193928
tcr_17_2,C,A,V,Y,4,123,O,CD2,9.911592
tcr_17_2,C,A,V,R,4,86,O,NE,8.051679
tcr_17_2,C,A,V,R,4,86,O,CD,9.356194
tcr_17_2,C,A,V,R,4,86,O,CG,9.902856
tcr_17_2,C,A,V,R,4,86,O,NH1,8.1457615
tcr_17_2,C,A,V,I,4,90,O,CG1,7.1430154
tcr_17_2,C,A,V,I,4,90,O,CD1,7.244765
tcr_17_2,C,A,V,I,4,90,O,N,9.52203
tcr_17_2,C,A,V,I,4,90,O,CB,7.8770385
tcr_17_2,C,A,V,Q,4,179,O,NE2,6.8266115
tcr_17_2,C,A,V,E,4,176,O,CA,9.455869
tcr_17_2,C,A,V,E,4,176,O,C,9.479336
tcr_17_2,C,A,V,L,4,180,O,CB,8.4311495
tcr_17_2,C,A,V,L,4,180,O,CD2,9.947967
tcr_17_2,C,A,V,L,4,180,O,CG,8.975177
tcr_17_2,C,A,V,L,4,180,O,CD1,8.046722
tcr_17_2,C,A,V,E,4,176,O,CD,7.5718284
tcr_17_2,C,A,V,E,4,176,O,O,8.522484
tcr_17_2,C,A,V,E,4,176,O,CB,9.774916
tcr_17_2,C,A,V,E,4,176,O,CG,8.762989
tcr_17_2,C,A,V,E,4,176,O,OE1,6.7064786
tcr_17_2,C,A,V,E,4,176,O,OE2,7.7309475
tcr_17_2,C,A,V,T,4,97,O,OG1,9.931634
tcr_17_2,C,A,V,Q,4,179,O,OE1,4.7341676
tcr_17_2,C,A,V,T,4,93,O,CG2,8.554959
tcr_17_2,C,A,V,Q,4,179,O,CD,5.877941
tcr_17_2,C,A,V,T,4,93,O,CB,9.023789
tcr_17_2,C,A,V,T,4,93,O,OG1,9.320298
tcr_17_2,C,A,V,Y,4,123,O,CE1,9.893923
tcr_17_2,C,A,V,I,4,90,O,CG2,7.1513476
tcr_17_2,C,A,V,N,4,94,O,OD1,7.7069745
tcr_17_2,C,A,V,Y,4,33,O,OH,9.335512
tcr_17_2,C,A,V,N,4,94,O,ND2,8.511054
tcr_17_2,C,A,V,N,4,94,O,CG,8.613033
tcr_17_2,C,A,V,I,4,90,O,CA,8.498925
tcr_17_2,C,A,V,I,4,90,O,C,9.313568
tcr_17_2,C,A,V,I,4,90,O,O,9.140933
tcr_17_2,C,A,V,Q,4,179,CB,CA,9.453125
tcr_17_2,C,A,V,Q,4,179,CB,CG,9.151704
tcr_17_2,C,A,V,Q,4,179,CB,CB,8.623956
tcr_17_2,C,A,V,Y,4,183,CB,N,9.313891
tcr_17_2,C,A,V,L,4,180,CB,CA,9.749224
tcr_17_2,C,A,V,Q,4,179,CB,O,8.598116
tcr_17_2,C,A,V,Q,4,179,CB,C,9.106681
tcr_17_2,C,A,V,L,4,180,CB,N,9.656641
tcr_17_2,C,A,V,Y,4,183,CB,CE1,8.555387
tcr_17_2,C,A,V,Y,4,183,CB,C,9.889936
tcr_17_2,C,A,V,Y,4,183,CB,CA,8.721367
tcr_17_2,C,A,V,Y,4,183,CB,CD1,8.314477
tcr_17_2,C,A,V,Y,4,183,CB,CG,7.4466486
tcr_17_2,C,A,V,Y,4,183,CB,CB,7.622636
tcr_17_2,C,A,V,L,4,187,CB,CG,8.328577
tcr_17_2,C,A,V,L,4,187,CB,CB,8.606168
tcr_17_2,C,A,V,L,4,187,CB,CD1,6.862966
tcr_17_2,C,A,V,R,4,86,CB,NH2,4.171586
tcr_17_2,C,A,V,Y,4,183,CB,CD2,6.773404
tcr_17_2,C,A,V,R,4,86,CB,CZ,4.988466
tcr_17_2,C,A,V,L,4,187,CB,CD2,8.968264
tcr_17_2,C,A,V,Y,4,183,CB,CE2,7.0593123
tcr_17_2,C,A,V,Y,4,183,CB,OH,8.551177
tcr_17_2,C,A,V,Y,4,123,CB,OH,8.164625
tcr_17_2,C,A,V,Y,4,183,CB,CZ,7.969075
tcr_17_2,C,A,V,Y,4,123,CB,CE2,9.095316
tcr_17_2,C,A,V,Y,4,123,CB,CZ,8.952041
tcr_17_2,C,A,V,R,4,86,CB,NE,5.3812833
tcr_17_2,C,A,V,R,4,86,CB,CD,6.6243796
tcr_17_2,C,A,V,R,4,86,CB,CG,7.124826
tcr_17_2,C,A,V,R,4,86,CB,CB,8.574833
tcr_17_2,C,A,V,R,4,86,CB,CA,8.879877
tcr_17_2,C,A,V,R,4,86,CB,C,8.3809
tcr_17_2,C,A,V,R,4,86,CB,NH1,5.774104
tcr_17_2,C,A,V,R,4,86,CB,O,7.556066
tcr_17_2,C,A,V,I,4,90,CB,CG1,4.6416626
tcr_17_2,C,A,V,Q,4,89,CB,CB,8.820503
tcr_17_2,C,A,V,Q,4,89,CB,OE1,8.082448
tcr_17_2,C,A,V,I,4,90,CB,CD1,4.6286035
tcr_17_2,C,A,V,Q,4,89,CB,CD,8.498208
tcr_17_2,C,A,V,Q,4,89,CB,NE2,9.052426
tcr_17_2,C,A,V,Q,4,89,CB,N,9.811541
tcr_17_2,C,A,V,Q,4,89,CB,CA,9.1992
tcr_17_2,C,A,V,I,4,90,CB,N,7.2744284
tcr_17_2,C,A,V,Q,4,89,CB,CG,8.684973
tcr_17_2,C,A,V,I,4,90,CB,CB,5.6731215
tcr_17_2,C,A,V,N,4,87,CB,OD1,9.966641
tcr_17_2,C,A,V,N,4,87,CB,CA,9.152569
tcr_17_2,C,A,V,N,4,87,CB,O,9.101391
tcr_17_2,C,A,V,N,4,87,CB,N,9.118043
tcr_17_2,C,A,V,N,4,87,CB,C,9.558136
tcr_17_2,C,A,V,Q,4,179,CB,NE2,9.477855
tcr_17_2,C,A,V,L,4,180,CB,CD1,9.649346
tcr_17_2,C,A,V,E,4,176,CB,OE1,9.209423
tcr_17_2,C,A,V,Q,4,179,CB,OE1,7.452779
tcr_17_2,C,A,V,T,4,93,CB,CG2,8.042877
tcr_17_2,C,A,V,Q,4,179,CB,CD,8.567291
tcr_17_2,C,A,V,T,4,93,CB,CB,8.064366
tcr_17_2,C,A,V,T,4,93,CB,OG1,8.094317
tcr_17_2,C,A,V,Y,4,33,CB,CZ,9.695354
tcr_17_2,C,A,V,Y,4,123,CB,CE1,9.857057
tcr_17_2,C,A,V,Y,4,33,CB,CE2,9.877435
tcr_17_2,C,A,V,F,4,91,CB,CD1,9.864387
tcr_17_2,C,A,V,I,4,90,CB,CG2,5.3267894
tcr_17_2,C,A,V,F,4,91,CB,CE1,9.89289
tcr_17_2,C,A,V,N,4,94,CB,OD1,7.181709
tcr_17_2,C,A,V,Y,4,33,CB,OH,8.510102
tcr_17_2,C,A,V,F,4,91,CB,CA,9.748863
tcr_17_2,C,A,V,N,4,94,CB,ND2,7.8607903
tcr_17_2,C,A,V,N,4,94,CB,CG,8.012489
tcr_17_2,C,A,V,N,4,94,CB,CB,9.447975
tcr_17_2,C,A,V,N,4,94,CB,CA,9.8713045
tcr_17_2,C,A,V,Q,4,89,CB,O,8.376458
tcr_17_2,C,A,V,F,4,91,CB,N,8.584904
tcr_17_2,C,A,V,Q,4,89,CB,C,8.153037
tcr_17_2,C,A,V,I,4,90,CB,CA,6.4519734
tcr_17_2,C,A,V,I,4,90,CB,C,7.5483117
tcr_17_2,C,A,V,T,4,93,CB,CA,9.4451065
tcr_17_2,C,A,V,I,4,90,CB,O,7.6939874
tcr_17_2,C,A,V,T,4,93,CB,N,9.831165
tcr_17_2,C,A,V,N,4,94,CB,N,9.327323
tcr_17_2,C,A,V,T,4,93,CB,C,9.7294
tcr_17_2,C,A,V,Q,4,179,CG1,CG,9.51015
tcr_17_2,C,A,V,Q,4,179,CG1,CB,9.195698
tcr_17_2,C,A,V,Q,4,179,CG1,O,9.634784
tcr_17_2,C,A,V,Y,4,183,CG1,CD1,9.787711
tcr_17_2,C,A,V,Y,4,183,CG1,CG,8.9310255
tcr_17_2,C,A,V,Y,4,183,CG1,CB,9.025594
tcr_17_2,C,A,V,L,4,187,CG1,CG,9.6006565
tcr_17_2,C,A,V,L,4,187,CG1,CB,9.999669
tcr_17_2,C,A,V,L,4,187,CG1,CD1,8.101373
tcr_17_2,C,A,V,R,4,86,CG1,NH2,3.7007132
tcr_17_2,C,A,V,Y,4,183,CG1,CD2,8.296179
tcr_17_2,C,A,V,R,4,86,CG1,CZ,4.5026927
tcr_17_2,C,A,V,Y,4,183,CG1,CE2,8.586926
tcr_17_2,C,A,V,Y,4,123,CG1,OH,9.244712
tcr_17_2,C,A,V,Y,4,183,CG1,CZ,9.474143
tcr_17_2,C,A,V,R,4,86,CG1,NE,5.2208652
tcr_17_2,C,A,V,R,4,86,CG1,CD,6.439758
tcr_17_2,C,A,V,R,4,86,CG1,CG,7.236097
tcr_17_2,C,A,V,R,4,86,CG1,CB,8.622493
tcr_17_2,C,A,V,R,4,86,CG1,CA,8.765187
tcr_17_2,C,A,V,R,4,86,CG1,C,8.364329
tcr_17_2,C,A,V,R,4,86,CG1,NH1,4.989127
tcr_17_2,C,A,V,R,4,86,CG1,O,7.439919
tcr_17_2,C,A,V,I,4,90,CG1,CG1,4.6564293
tcr_17_2,C,A,V,Q,4,89,CG1,CB,8.070007
tcr_17_2,C,A,V,Q,4,89,CG1,OE1,7.177963
tcr_17_2,C,A,V,I,4,90,CG1,CD1,5.062386
tcr_17_2,C,A,V,Q,4,89,CG1,CD,7.4613614
tcr_17_2,C,A,V,Q,4,89,CG1,NE2,7.869622
tcr_17_2,C,A,V,Q,4,89,CG1,N,9.336751
tcr_17_2,C,A,V,Q,4,89,CG1,CA,8.529922
tcr_17_2,C,A,V,I,4,90,CG1,N,6.8354836
tcr_17_2,C,A,V,Q,4,89,CG1,CG,7.7038617
tcr_17_2,C,A,V,I,4,90,CG1,CB,5.6984262
tcr_17_2,C,A,V,N,4,87,CG1,CA,9.387764
tcr_17_2,C,A,V,N,4,87,CG1,O,9.132952
tcr_17_2,C,A,V,N,4,87,CG1,N,9.265205
tcr_17_2,C,A,V,N,4,87,CG1,C,9.610005
tcr_17_2,C,A,V,Q,4,179,CG1,NE2,9.451876
tcr_17_2,C,A,V,E,4,176,CG1,OE1,9.467207
tcr_17_2,C,A,V,T,4,97,CG1,OG1,9.726348
tcr_17_2,C,A,V,Q,4,179,CG1,OE1,7.5758705
tcr_17_2,C,A,V,T,4,93,CG1,CG2,7.010944
tcr_17_2,C,A,V,Q,4,179,CG1,CD,8.712832
tcr_17_2,C,A,V,T,4,93,CG1,CB,7.1245403
tcr_17_2,C,A,V,T,4,93,CG1,OG1,7.015304
tcr_17_2,C,A,V,I,4,90,CG1,CG2,5.5671234
tcr_17_2,C,A,V,N,4,94,CG1,OD1,7.024747
tcr_17_2,C,A,V,Y,4,33,CG1,OH,9.247912
tcr_17_2,C,A,V,F,4,91,CG1,CA,9.615347
tcr_17_2,C,A,V,N,4,94,CG1,ND2,8.092831
tcr_17_2,C,A,V,N,4,94,CG1,CG,7.996897
tcr_17_2,C,A,V,N,4,94,CG1,CB,9.331552
tcr_17_2,C,A,V,N,4,94,CG1,CA,9.528451
tcr_17_2,C,A,V,Q,4,89,CG1,O,7.605224
tcr_17_2,C,A,V,F,4,91,CG1,N,8.421687
tcr_17_2,C,A,V,Q,4,89,CG1,C,7.5068555
tcr_17_2,C,A,V,I,4,90,CG1,CA,6.127026
tcr_17_2,C,A,V,I,4,90,CG1,C,7.2709794
tcr_17_2,C,A,V,T,4,93,CG1,CA,8.590482
tcr_17_2,C,A,V,I,4,90,CG1,O,7.3180203
tcr_17_2,C,A,V,T,4,93,CG1,N,9.061176
tcr_17_2,C,A,V,N,4,94,CG1,N,8.820059
tcr_17_2,C,A,V,T,4,93,CG1,C,9.028883
tcr_17_2,C,A,V,T,4,93,CG1,O,9.869391
tcr_17_2,C,A,V,Q,4,179,CG2,CB,9.872501
tcr_17_2,C,A,V,Y,4,183,CG2,N,9.733181
tcr_17_2,C,A,V,Q,4,179,CG2,O,9.458126
tcr_17_2,C,A,V,Y,4,183,CG2,CE1,8.424849
tcr_17_2,C,A,V,Y,4,183,CG2,C,9.992151
tcr_17_2,C,A,V,Y,4,183,CG2,CA,8.955124
tcr_17_2,C,A,V,Y,4,183,CG2,CD1,8.3845005
tcr_17_2,C,A,V,L,4,187,CG2,C,9.964869
tcr_17_2,C,A,V,Y,4,183,CG2,CG,7.53089
tcr_17_2,C,A,V,Y,4,183,CG2,CB,7.9358497
tcr_17_2,C,A,V,L,4,187,CG2,CA,9.586853
tcr_17_2,C,A,V,L,4,187,CG2,CG,7.815365
tcr_17_2,C,A,V,L,4,187,CG2,CB,8.069979
tcr_17_2,C,A,V,L,4,187,CG2,CD1,6.416993
tcr_17_2,C,A,V,R,4,86,CG2,NH2,3.6341546
tcr_17_2,C,A,V,Y,4,183,CG2,CD2,6.6182494
tcr_17_2,C,A,V,R,4,86,CG2,CZ,4.194311
tcr_17_2,C,A,V,L,4,187,CG2,CD2,8.2527
tcr_17_2,C,A,V,W,4,191,CG2,NE1,8.847442
tcr_17_2,C,A,V,W,4,191,CG2,CE2,9.621174
tcr_17_2,C,A,V,W,4,191,CG2,CD1,9.234612
tcr_17_2,C,A,V,Y,4,183,CG2,CE2,6.6602793
tcr_17_2,C,A,V,Y,4,31,CG2,CE2,9.731988
tcr_17_2,C,A,V,Y,4,183,CG2,OH,8.017069
tcr_17_2,C,A,V,Y,4,123,CG2,OH,7.8663073
tcr_17_2,C,A,V,Y,4,183,CG2,CZ,7.6138415
tcr_17_2,C,A,V,Y,4,123,CG2,CE2,8.949689
tcr_17_2,C,A,V,Y,4,123,CG2,CZ,8.800437
tcr_17_2,C,A,V,R,4,86,CG2,NE,4.2611017
tcr_17_2,C,A,V,W,4,191,CG2,CZ2,9.915069
tcr_17_2,C,A,V,R,4,86,CG2,CD,5.415993
tcr_17_2,C,A,V,R,4,86,CG2,CG,5.731308
tcr_17_2,C,A,V,R,4,86,CG2,N,9.0321
tcr_17_2,C,A,V,R,4,86,CG2,CB,7.183044
tcr_17_2,C,A,V,R,4,86,CG2,CA,7.569659
tcr_17_2,C,A,V,R,4,86,CG2,C,7.0725756
tcr_17_2,C,A,V,R,4,86,CG2,NH1,5.1508794
tcr_17_2,C,A,V,R,4,86,CG2,O,6.3563395
tcr_17_2,C,A,V,I,4,90,CG2,CG1,3.6851215
tcr_17_2,C,A,V,Q,4,89,CG2,CB,8.070528
tcr_17_2,C,A,V,Q,4,89,CG2,OE1,7.4150167
tcr_17_2,C,A,V,I,4,90,CG2,CD1,3.330768
tcr_17_2,C,A,V,Q,4,89,CG2,CD,7.980281
tcr_17_2,C,A,V,Q,4,89,CG2,NE2,8.706275
tcr_17_2,C,A,V,Q,4,89,CG2,N,8.920512
tcr_17_2,C,A,V,Q,4,89,CG2,CA,8.482342
tcr_17_2,C,A,V,I,4,90,CG2,N,6.5651684
tcr_17_2,C,A,V,Q,4,89,CG2,CG,8.162507
tcr_17_2,C,A,V,I,4,90,CG2,CB,4.90303
tcr_17_2,C,A,V,Y,4,31,CG2,OH,9.741852
tcr_17_2,C,A,V,Y,4,31,CG2,CZ,9.817959
tcr_17_2,C,A,V,F,4,91,CG2,CZ,9.567458
tcr_17_2,C,A,V,N,4,87,CG2,OD1,8.643219
tcr_17_2,C,A,V,N,4,87,CG2,ND2,8.921317
tcr_17_2,C,A,V,N,4,87,CG2,CG,8.739195
tcr_17_2,C,A,V,N,4,87,CG2,CB,9.002245
tcr_17_2,C,A,V,Y,4,83,CG2,O,9.788508
tcr_17_2,C,A,V,N,4,87,CG2,CA,7.8541446
tcr_17_2,C,A,V,N,4,87,CG2,O,8.077081
tcr_17_2,C,A,V,T,4,88,CG2,N,9.43715
tcr_17_2,C,A,V,N,4,87,CG2,N,7.756376
tcr_17_2,C,A,V,N,4,87,CG2,C,8.405046
tcr_17_2,C,A,V,T,4,88,CG2,C,9.661278
tcr_17_2,C,A,V,D,4,85,CG2,C,9.827712
tcr_17_2,C,A,V,D,4,85,CG2,O,9.518407
tcr_17_2,C,A,V,Q,4,179,CG2,OE1,8.900111
tcr_17_2,C,A,V,T,4,93,CG2,CG2,8.5771055
tcr_17_2,C,A,V,Q,4,179,CG2,CD,9.987548
tcr_17_2,C,A,V,T,4,93,CG2,CB,8.328749
tcr_17_2,C,A,V,T,4,93,CG2,OG1,8.245709
tcr_17_2,C,A,V,Y,4,33,CG2,CZ,9.493265
tcr_17_2,C,A,V,Y,4,123,CG2,CE1,9.825301
tcr_17_2,C,A,V,Y,4,33,CG2,CE2,9.890099
tcr_17_2,C,A,V,F,4,91,CG2,CD1,9.2054205
tcr_17_2,C,A,V,F,4,91,CG2,CG,9.665404
tcr_17_2,C,A,V,I,4,90,CG2,CG2,4.803089
tcr_17_2,C,A,V,F,4,91,CG2,CE1,9.151347
tcr_17_2,C,A,V,N,4,94,CG2,OD1,7.4792757
tcr_17_2,C,A,V,Y,4,33,CG2,OH,8.218103
tcr_17_2,C,A,V,F,4,91,CG2,CA,9.255851
tcr_17_2,C,A,V,N,4,94,CG2,ND2,7.907369
tcr_17_2,C,A,V,N,4,94,CG2,CG,8.170164
tcr_17_2,C,A,V,N,4,94,CG2,CB,9.567675
tcr_17_2,C,A,V,Q,4,89,CG2,O,8.000358
tcr_17_2,C,A,V,F,4,91,CG2,N,8.00471
tcr_17_2,C,A,V,Q,4,89,CG2,C,7.5646663
tcr_17_2,C,A,V,I,4,90,CG2,CA,5.895235
tcr_17_2,C,A,V,I,4,90,CG2,C,7.1148243
tcr_17_2,C,A,V,T,4,93,CG2,CA,9.637776
tcr_17_2,C,A,V,I,4,90,CG2,O,7.499209
tcr_17_2,C,A,V,T,4,93,CG2,N,9.797312
tcr_17_2,C,A,V,N,4,94,CG2,N,9.522986
tcr_17_2,C,A,G,L,5,180,N,O,9.180604
tcr_17_2,C,A,G,Q,5,179,N,CA,7.9799047
tcr_17_2,C,A,G,Q,5,179,N,N,9.165794
tcr_17_2,C,A,G,Q,5,179,N,CG,7.554932
tcr_17_2,C,A,G,Q,5,179,N,CB,6.8912163
tcr_17_2,C,A,G,Y,5,183,N,N,9.188165
tcr_17_2,C,A,G,L,5,180,N,CA,7.8455205
tcr_17_2,C,A,G,Q,5,179,N,O,7.5609007
tcr_17_2,C,A,G,Q,5,179,N,C,7.621327
tcr_17_2,C,A,G,L,5,180,N,C,9.0859785
tcr_17_2,C,A,G,L,5,180,N,N,7.7495756
tcr_17_2,C,A,G,Y,5,183,N,CE1,8.300239
tcr_17_2,C,A,G,Y,5,183,N,C,9.9559765
tcr_17_2,C,A,G,Y,5,183,N,CA,8.840393
tcr_17_2,C,A,G,Y,5,183,N,CD1,7.897169
tcr_17_2,C,A,G,Y,5,183,N,CG,7.439357
tcr_17_2,C,A,G,Y,5,183,N,CB,7.4456906
tcr_17_2,C,A,G,L,5,187,N,CD1,9.173625
tcr_17_2,C,A,G,R,5,86,N,NH2,7.665972
tcr_17_2,C,A,G,Y,5,183,N,CD2,7.4119525
tcr_17_2,C,A,G,R,5,86,N,CZ,8.436361
tcr_17_2,C,A,G,Y,5,183,N,CE2,7.8368382
tcr_17_2,C,A,G,Y,5,183,N,OH,8.968663
tcr_17_2,C,A,G,Y,5,123,N,OH,7.473275
tcr_17_2,C,A,G,Y,5,183,N,CZ,8.269125
tcr_17_2,C,A,G,Y,5,123,N,CE2,8.126099
tcr_17_2,C,A,G,Y,5,123,N,CZ,7.857803
tcr_17_2,C,A,G,Y,5,123,N,CD2,8.823875
tcr_17_2,C,A,G,R,5,86,N,NE,8.912477
tcr_17_2,C,A,G,R,5,86,N,NH1,8.961024
tcr_17_2,C,A,G,I,5,90,N,CG1,6.833194
tcr_17_2,C,A,G,I,5,90,N,CD1,7.1625094
tcr_17_2,C,A,G,I,5,90,N,N,8.877429
tcr_17_2,C,A,G,I,5,90,N,CB,7.128368
tcr_17_2,C,A,G,Q,5,179,N,NE2,7.6805377
tcr_17_2,C,A,G,E,5,176,N,CA,9.275385
tcr_17_2,C,A,G,E,5,176,N,C,9.361113
tcr_17_2,C,A,G,L,5,180,N,CB,8.178484
tcr_17_2,C,A,G,L,5,180,N,CD2,9.193693
tcr_17_2,C,A,G,L,5,180,N,CG,8.4775305
tcr_17_2,C,A,G,L,5,180,N,CD1,7.381954
tcr_17_2,C,A,G,N,5,138,N,ND2,8.698584
tcr_17_2,C,A,G,N,5,138,N,CG,9.997414
tcr_17_2,C,A,G,Y,5,140,N,CZ,9.640431
tcr_17_2,C,A,G,E,5,176,N,CD,6.8214726
tcr_17_2,C,A,G,Y,5,140,N,OH,8.278687
tcr_17_2,C,A,G,E,5,176,N,O,8.485944
tcr_17_2,C,A,G,E,5,176,N,CB,9.24214
tcr_17_2,C,A,G,E,5,176,N,CG,7.9926972
tcr_17_2,C,A,G,E,5,176,N,OE1,5.730713
tcr_17_2,C,A,G,E,5,176,N,OE2,7.1970806
tcr_17_2,C,A,G,T,5,97,N,OG1,8.084578
tcr_17_2,C,A,G,Q,5,179,N,OE1,5.6259418
tcr_17_2,C,A,G,T,5,97,N,CG2,8.455978
tcr_17_2,C,A,G,T,5,93,N,CG2,7.3497586
tcr_17_2,C,A,G,Q,5,179,N,CD,6.810393
tcr_17_2,C,A,G,T,5,93,N,CB,7.8276124
tcr_17_2,C,A,G,T,5,93,N,OG1,8.429035
tcr_17_2,C,A,G,T,5,97,N,CB,8.742243
tcr_17_2,C,A,G,Y,5,33,N,CZ,8.5397005
tcr_17_2,C,A,G,Y,5,33,N,CD2,9.326762
tcr_17_2,C,A,G,Y,5,123,N,CE1,8.328191
tcr_17_2,C,A,G,Y,5,33,N,CE2,8.200483
tcr_17_2,C,A,G,Y,5,123,N,CD1,9.01475
tcr_17_2,C,A,G,Y,5,123,N,CG,9.254415
tcr_17_2,C,A,G,Y,5,33,N,CE1,9.914239
tcr_17_2,C,A,G,Y,5,98,N,OH,9.712395
tcr_17_2,C,A,G,I,5,90,N,CG2,6.094229
tcr_17_2,C,A,G,N,5,94,N,OD1,5.8050256
tcr_17_2,C,A,G,Y,5,33,N,OH,7.7067533
tcr_17_2,C,A,G,F,5,91,N,CA,9.967273
tcr_17_2,C,A,G,N,5,94,N,ND2,6.585067
tcr_17_2,C,A,G,N,5,94,N,CG,6.665756
tcr_17_2,C,A,G,N,5,94,N,CB,8.0985
tcr_17_2,C,A,G,N,5,94,N,CA,8.417748
tcr_17_2,C,A,G,Y,5,98,N,CE2,9.363838
tcr_17_2,C,A,G,N,5,94,N,C,9.888183
tcr_17_2,C,A,G,Q,5,89,N,O,9.460769
tcr_17_2,C,A,G,F,5,91,N,N,9.222959
tcr_17_2,C,A,G,Q,5,89,N,C,9.641893
tcr_17_2,C,A,G,I,5,90,N,CA,7.637147
tcr_17_2,C,A,G,I,5,90,N,C,8.121914
tcr_17_2,C,A,G,T,5,93,N,CA,9.016596
tcr_17_2,C,A,G,I,5,90,N,O,7.7604365
tcr_17_2,C,A,G,T,5,93,N,N,9.781077
tcr_17_2,C,A,G,N,5,94,N,N,8.322083
tcr_17_2,C,A,G,T,5,93,N,C,8.764416
tcr_17_2,C,A,G,T,5,93,N,O,9.327984
tcr_17_2,C,A,G,R,5,181,CA,N,9.591929
tcr_17_2,C,A,G,L,5,180,CA,O,8.905683
tcr_17_2,C,A,G,Q,5,179,CA,CA,7.183918
tcr_17_2,C,A,G,Q,5,179,CA,N,8.241676
tcr_17_2,C,A,G,E,5,178,CA,O,9.855293
tcr_17_2,C,A,G,E,5,178,CA,C,9.469589
tcr_17_2,C,A,G,Q,5,179,CA,CG,6.5639024
tcr_17_2,C,A,G,Q,5,179,CA,CB,5.9678245
tcr_17_2,C,A,G,Y,5,183,CA,N,9.17668
tcr_17_2,C,A,G,L,5,180,CA,CA,7.2592573
tcr_17_2,C,A,G,Q,5,179,CA,O,7.135887
tcr_17_2,C,A,G,Q,5,179,CA,C,6.9706798
tcr_17_2,C,A,G,L,5,180,CA,C,8.622976
tcr_17_2,C,A,G,L,5,180,CA,N,7.0064526
tcr_17_2,C,A,G,Y,5,183,CA,CE1,8.858624
tcr_17_2,C,A,G,Y,5,183,CA,CA,9.037373
tcr_17_2,C,A,G,Y,5,183,CA,CD1,8.292887
tcr_17_2,C,A,G,Y,5,183,CA,CG,7.8846917
tcr_17_2,C,A,G,Y,5,183,CA,CB,7.6719007
tcr_17_2,C,A,G,L,5,187,CA,CD1,9.969525
tcr_17_2,C,A,G,R,5,86,CA,NH2,8.78687
tcr_17_2,C,A,G,Y,5,183,CA,CD2,8.086688
tcr_17_2,C,A,G,R,5,86,CA,CZ,9.63906
tcr_17_2,C,A,G,Y,5,183,CA,CE2,8.663887
tcr_17_2,C,A,G,Y,5,183,CA,OH,9.835985
tcr_17_2,C,A,G,Y,5,123,CA,OH,8.365691
tcr_17_2,C,A,G,Y,5,183,CA,CZ,9.032038
tcr_17_2,C,A,G,Y,5,123,CA,CE2,8.760813
tcr_17_2,C,A,G,Y,5,123,CA,CZ,8.556056
tcr_17_2,C,A,G,Y,5,123,CA,CD2,9.2644205
tcr_17_2,C,A,G,I,5,90,CA,CG1,8.251992
tcr_17_2,C,A,G,I,5,90,CA,CD1,8.611715
tcr_17_2,C,A,G,I,5,90,CA,CB,8.507482
tcr_17_2,C,A,G,A,5,174,CA,O,9.901798
tcr_17_2,C,A,G,R,5,175,CA,C,9.766698
tcr_17_2,C,A,G,R,5,175,CA,O,9.388352
tcr_17_2,C,A,G,Q,5,179,CA,NE2,6.545601
tcr_17_2,C,A,G,E,5,176,CA,N,9.184606
tcr_17_2,C,A,G,A,5,177,CA,N,9.387558
tcr_17_2,C,A,G,E,5,176,CA,CA,7.9183116
tcr_17_2,C,A,G,E,5,176,CA,C,8.114337
tcr_17_2,C,A,G,L,5,180,CA,CB,7.469263
tcr_17_2,C,A,G,W,5,157,CA,CH2,9.988396
tcr_17_2,C,A,G,L,5,180,CA,CD2,8.547229
tcr_17_2,C,A,G,L,5,180,CA,CG,7.938496
tcr_17_2,C,A,G,L,5,180,CA,CD1,7.0262604
tcr_17_2,C,A,G,N,5,138,CA,ND2,8.316648
tcr_17_2,C,A,G,N,5,138,CA,CG,9.573021
tcr_17_2,C,A,G,Y,5,140,CA,CE1,9.818542
tcr_17_2,C,A,G,Y,5,140,CA,CZ,9.082711
tcr_17_2,C,A,G,Y,5,140,CA,CE2,9.901397
tcr_17_2,C,A,G,E,5,176,CA,CD,5.412037
tcr_17_2,C,A,G,W,5,171,CA,CZ2,9.590006
tcr_17_2,C,A,G,Y,5,140,CA,OH,7.7130384
tcr_17_2,C,A,G,W,5,171,CA,CE2,9.62089
tcr_17_2,C,A,G,E,5,176,CA,O,7.3255124
tcr_17_2,C,A,G,E,5,176,CA,CB,7.85876
tcr_17_2,C,A,G,W,5,171,CA,NE1,9.548486
tcr_17_2,C,A,G,E,5,176,CA,CG,6.645591
tcr_17_2,C,A,G,W,5,171,CA,CD1,9.959035
tcr_17_2,C,A,G,E,5,176,CA,OE1,4.361947
tcr_17_2,C,A,G,E,5,176,CA,OE2,5.7478585
tcr_17_2,C,A,G,T,5,97,CA,OG1,8.047559
tcr_17_2,C,A,G,Q,5,179,CA,OE1,4.5880184
tcr_17_2,C,A,G,T,5,97,CA,CG2,8.131659
tcr_17_2,C,A,G,T,5,93,CA,CG2,7.8797803
tcr_17_2,C,A,G,Q,5,179,CA,CD,5.7398763
tcr_17_2,C,A,G,T,5,93,CA,CB,8.57945
tcr_17_2,C,A,G,T,5,93,CA,OG1,9.256422
tcr_17_2,C,A,G,T,5,97,CA,CB,8.649537
tcr_17_2,C,A,G,Y,5,33,CA,CZ,9.346832
tcr_17_2,C,A,G,Y,5,33,CA,CD2,9.822737
tcr_17_2,C,A,G,Y,5,123,CA,CE1,8.878731
tcr_17_2,C,A,G,Y,5,33,CA,CE2,8.823239
tcr_17_2,C,A,G,Y,5,123,CA,CD1,9.381488
tcr_17_2,C,A,G,Y,5,123,CA,CG,9.571794
tcr_17_2,C,A,G,Y,5,98,CA,OH,9.726255
tcr_17_2,C,A,G,I,5,90,CA,CG2,7.440283
tcr_17_2,C,A,G,N,5,94,CA,OD1,6.584497
tcr_17_2,C,A,G,Y,5,33,CA,OH,8.654761
tcr_17_2,C,A,G,N,5,94,CA,ND2,7.4391494
tcr_17_2,C,A,G,N,5,94,CA,CG,7.44779
tcr_17_2,C,A,G,N,5,94,CA,CB,8.794232
tcr_17_2,C,A,G,N,5,94,CA,CA,8.988461
tcr_17_2,C,A,G,Y,5,98,CA,CE2,9.495512
tcr_17_2,C,A,G,I,5,90,CA,CA,8.921489
tcr_17_2,C,A,G,I,5,90,CA,C,9.313139
tcr_17_2,C,A,G,T,5,93,CA,CA,9.723994
tcr_17_2,C,A,G,I,5,90,CA,O,8.828627
tcr_17_2,C,A,G,N,5,94,CA,N,9.007908
tcr_17_2,C,A,G,T,5,93,CA,C,9.362823
tcr_17_2,C,A,G,T,5,93,CA,O,9.76097
tcr_17_2,C,A,G,Q,5,179,C,CA,8.209662
tcr_17_2,C,A,G,Q,5,179,C,N,9.112359
tcr_17_2,C,A,G,Q,5,179,C,CG,7.354794
tcr_17_2,C,A,G,Q,5,179,C,CB,6.9022236
tcr_17_2,C,A,G,L,5,180,C,CA,8.239647
tcr_17_2,C,A,G,Q,5,179,C,O,8.396473
tcr_17_2,C,A,G,Q,5,179,C,C,8.085774
tcr_17_2,C,A,G,L,5,180,C,C,9.680433
tcr_17_2,C,A,G,L,5,180,C,N,7.977309
tcr_17_2,C,A,G,Y,5,183,C,CD1,9.514314
tcr_17_2,C,A,G,Y,5,183,C,CG,9.23212
tcr_17_2,C,A,G,Y,5,183,C,CB,9.067555
tcr_17_2,C,A,G,R,5,86,C,NH2,9.63899
tcr_17_2,C,A,G,Y,5,183,C,CD2,9.465923
tcr_17_2,C,A,G,Y,5,183,C,CE2,9.954835
tcr_17_2,C,A,G,Y,5,123,C,OH,8.886617
tcr_17_2,C,A,G,Y,5,123,C,CE2,9.44433
tcr_17_2,C,A,G,Y,5,123,C,CZ,9.062756
tcr_17_2,C,A,G,Y,5,123,C,CD2,9.910904
tcr_17_2,C,A,G,I,5,90,C,CG1,8.752192
tcr_17_2,C,A,G,I,5,90,C,CD1,9.325633
tcr_17_2,C,A,G,I,5,90,C,CB,8.81286
tcr_17_2,C,A,G,A,5,174,C,O,9.790795
tcr_17_2,C,A,G,R,5,175,C,C,9.921215
tcr_17_2,C,A,G,R,5,175,C,O,9.7247
tcr_17_2,C,A,G,Q,5,179,C,NE2,6.9318776
tcr_17_2,C,A,G,E,5,176,C,N,9.198786
tcr_17_2,C,A,G,A,5,177,C,N,9.654333
tcr_17_2,C,A,G,E,5,176,C,CA,7.9719996
tcr_17_2,C,A,G,E,5,176,C,C,8.385049
tcr_17_2,C,A,G,A,5,174,C,CB,9.811085
tcr_17_2,C,A,G,W,5,171,C,CZ3,9.8746195
tcr_17_2,C,A,G,W,5,171,C,CD2,9.381285
tcr_17_2,C,A,G,L,5,180,C,CB,8.214827
tcr_17_2,C,A,G,W,5,171,C,CE3,9.926779
tcr_17_2,C,A,G,W,5,157,C,CH2,9.931062
tcr_17_2,C,A,G,L,5,180,C,CD2,9.017641
tcr_17_2,C,A,G,L,5,180,C,CG,8.644965
tcr_17_2,C,A,G,W,5,171,C,CH2,9.288165
tcr_17_2,C,A,G,L,5,180,C,CD1,7.773043
tcr_17_2,C,A,G,N,5,138,C,ND2,8.501713
tcr_17_2,C,A,G,N,5,138,C,CG,9.702473
tcr_17_2,C,A,G,Y,5,140,C,CE1,9.094701
tcr_17_2,C,A,G,Y,5,140,C,CZ,8.512835
tcr_17_2,C,A,G,Y,5,140,C,CE2,9.464054
tcr_17_2,C,A,G,E,5,176,C,CD,5.083709
tcr_17_2,C,A,G,W,5,171,C,CZ2,8.698507
tcr_17_2,C,A,G,Y,5,140,C,OH,7.1804757
tcr_17_2,C,A,G,W,5,171,C,CE2,8.7485895
tcr_17_2,C,A,G,E,5,176,C,O,7.7765794
tcr_17_2,C,A,G,E,5,176,C,CB,7.660017
tcr_17_2,C,A,G,W,5,171,C,CG,9.5876665
tcr_17_2,C,A,G,W,5,171,C,NE1,8.576914
tcr_17_2,C,A,G,E,5,176,C,CG,6.400174
tcr_17_2,C,A,G,W,5,171,C,CD1,9.097977
tcr_17_2,C,A,G,E,5,176,C,OE1,4.0097575
tcr_17_2,C,A,G,N,5,101,C,ND2,9.5187
tcr_17_2,C,A,G,E,5,176,C,OE2,5.367961
tcr_17_2,C,A,G,T,5,97,C,OG1,6.7278967
tcr_17_2,C,A,G,Q,5,179,C,OE1,5.264014
tcr_17_2,C,A,G,T,5,97,C,CG2,6.715034
tcr_17_2,C,A,G,T,5,93,C,CG2,7.101723
tcr_17_2,C,A,G,T,5,97,C,C,9.60576
tcr_17_2,C,A,G,T,5,97,C,CA,8.786947
tcr_17_2,C,A,G,Q,5,179,C,CD,6.3571796
tcr_17_2,C,A,G,T,5,93,C,CB,7.9656568
tcr_17_2,C,A,G,T,5,93,C,OG1,8.782783
tcr_17_2,C,A,G,T,5,97,C,CB,7.3100266
tcr_17_2,C,A,G,N,5,101,C,OD1,9.907759
tcr_17_2,C,A,G,Y,5,33,C,CZ,9.34044
tcr_17_2,C,A,G,Y,5,33,C,CD2,9.503553
tcr_17_2,C,A,G,Y,5,123,C,CE1,9.177045
tcr_17_2,C,A,G,Y,5,33,C,CE2,8.647276
tcr_17_2,C,A,G,Y,5,123,C,CD1,9.663537
tcr_17_2,C,A,G,Y,5,98,C,OH,9.058371
tcr_17_2,C,A,G,Y,5,98,C,CZ,9.351408
tcr_17_2,C,A,G,I,5,90,C,CG2,7.724205
tcr_17_2,C,A,G,N,5,94,C,OD1,6.055543
tcr_17_2,C,A,G,Y,5,33,C,OH,8.819571
tcr_17_2,C,A,G,N,5,94,C,ND2,7.1498713
tcr_17_2,C,A,G,N,5,94,C,CG,6.954492
tcr_17_2,C,A,G,N,5,94,C,CB,8.150844
tcr_17_2,C,A,G,N,5,94,C,CA,8.151238
tcr_17_2,C,A,G,Y,5,98,C,CE2,8.633224
tcr_17_2,C,A,G,N,5,94,C,C,9.458604
tcr_17_2,C,A,G,Y,5,98,C,CD2,9.260488
tcr_17_2,C,A,G,N,5,94,C,O,9.566123
tcr_17_2,C,A,G,I,5,90,C,CA,8.998615
tcr_17_2,C,A,G,I,5,90,C,C,9.199065
tcr_17_2,C,A,G,T,5,93,C,CA,8.995785
tcr_17_2,C,A,G,I,5,90,C,O,8.532932
tcr_17_2,C,A,G,N,5,94,C,N,8.248104
tcr_17_2,C,A,G,T,5,93,C,C,8.506032
tcr_17_2,C,A,G,T,5,93,C,O,8.747632
tcr_17_2,C,A,G,T,5,97,C,N,9.490483
tcr_17_2,C,A,G,Q,5,179,O,CA,9.410181
tcr_17_2,C,A,G,Q,5,179,O,CG,8.536239
tcr_17_2,C,A,G,Q,5,179,O,CB,8.110037
tcr_17_2,C,A,G,L,5,180,O,CA,9.318026
tcr_17_2,C,A,G,Q,5,179,O,O,9.492904
tcr_17_2,C,A,G,Q,5,179,O,C,9.246699
tcr_17_2,C,A,G,L,5,180,O,N,9.137451
tcr_17_2,C,A,G,Y,5,183,O,CG,9.881577
tcr_17_2,C,A,G,Y,5,183,O,CB,9.8667965
tcr_17_2,C,A,G,R,5,86,O,NH2,9.442407
tcr_17_2,C,A,G,Y,5,183,O,CD2,9.99455
tcr_17_2,C,A,G,Y,5,123,O,OH,8.714139
tcr_17_2,C,A,G,Y,5,123,O,CE2,9.568713
tcr_17_2,C,A,G,Y,5,123,O,CZ,9.018119
tcr_17_2,C,A,G,I,5,90,O,CG1,8.130785
tcr_17_2,C,A,G,I,5,90,O,CD1,8.864453
tcr_17_2,C,A,G,I,5,90,O,N,9.37437
tcr_17_2,C,A,G,I,5,90,O,CB,8.057169
tcr_17_2,C,A,G,Q,5,179,O,NE2,7.999273
tcr_17_2,C,A,G,E,5,176,O,CA,9.103311
tcr_17_2,C,A,G,E,5,176,O,C,9.551986
tcr_17_2,C,A,G,W,5,171,O,CD2,9.984466
tcr_17_2,C,A,G,L,5,180,O,CB,9.263529
tcr_17_2,C,A,G,L,5,180,O,CD2,9.893569
tcr_17_2,C,A,G,L,5,180,O,CG,9.570154
tcr_17_2,C,A,G,W,5,171,O,CH2,9.668366
tcr_17_2,C,A,G,L,5,180,O,CD1,8.592911
tcr_17_2,C,A,G,N,5,138,O,ND2,9.024428
tcr_17_2,C,A,G,Y,5,140,O,CE1,9.07954
tcr_17_2,C,A,G,Y,5,140,O,CZ,8.668418
tcr_17_2,C,A,G,Y,5,140,O,CE2,9.746788
tcr_17_2,C,A,G,E,5,176,O,CD,6.1051135
tcr_17_2,C,A,G,W,5,171,O,CZ2,9.034969
tcr_17_2,C,A,G,Y,5,140,O,OH,7.377738
tcr_17_2,C,A,G,W,5,171,O,CE2,9.206293
tcr_17_2,C,A,G,E,5,176,O,O,8.968056
tcr_17_2,C,A,G,E,5,176,O,CB,8.690742
tcr_17_2,C,A,G,W,5,171,O,NE1,9.020054
tcr_17_2,C,A,G,E,5,176,O,CG,7.3985925
tcr_17_2,C,A,G,W,5,171,O,CD1,9.675271
tcr_17_2,C,A,G,E,5,176,O,OE1,5.02396
tcr_17_2,C,A,G,N,5,101,O,ND2,9.009553
tcr_17_2,C,A,G,E,5,176,O,OE2,6.3744674
tcr_17_2,C,A,G,T,5,97,O,OG1,5.637771
tcr_17_2,C,A,G,Q,5,179,O,OE1,6.3703012
tcr_17_2,C,A,G,T,5,97,O,CG2,5.878982
tcr_17_2,C,A,G,T,5,93,O,CG2,5.9446354
tcr_17_2,C,A,G,T,5,97,O,C,8.670748
tcr_17_2,C,A,G,T,5,97,O,CA,7.7788844
tcr_17_2,C,A,G,Q,5,179,O,CD,7.48633
tcr_17_2,C,A,G,T,5,93,O,CB,6.797636
tcr_17_2,C,A,G,T,5,93,O,OG1,7.683896
tcr_17_2,C,A,G,T,5,97,O,CB,6.2958393
tcr_17_2,C,A,G,N,5,101,O,CG,9.731143
tcr_17_2,C,A,G,N,5,101,O,OD1,9.4199505
tcr_17_2,C,A,G,T,5,97,O,O,9.258198
tcr_17_2,C,A,G,Y,5,33,O,CZ,8.800323
tcr_17_2,C,A,G,Y,5,33,O,CD2,8.9540825
tcr_17_2,C,A,G,Y,5,123,O,CE1,9.08521
tcr_17_2,C,A,G,Y,5,33,O,CE2,8.1133
tcr_17_2,C,A,G,Y,5,123,O,CD1,9.696064
tcr_17_2,C,A,G,Y,5,98,O,OH,8.632702
tcr_17_2,C,A,G,Y,5,98,O,CE1,9.9778595
tcr_17_2,C,A,G,Y,5,98,O,CZ,8.776319
tcr_17_2,C,A,G,I,5,90,O,CG2,7.0008035
tcr_17_2,C,A,G,N,5,94,O,OD1,4.980815
tcr_17_2,C,A,G,Y,5,33,O,OH,8.314899
tcr_17_2,C,A,G,F,5,91,O,CA,9.814383
tcr_17_2,C,A,G,N,5,94,O,ND2,6.295681
tcr_17_2,C,A,G,N,5,94,O,CG,5.944575
tcr_17_2,C,A,G,N,5,94,O,CB,7.082592
tcr_17_2,C,A,G,N,5,94,O,CA,6.9913597
tcr_17_2,C,A,G,Y,5,98,O,CE2,7.917315
tcr_17_2,C,A,G,T,5,95,O,N,9.406246
tcr_17_2,C,A,G,N,5,94,O,C,8.307136
tcr_17_2,C,A,G,Y,5,98,O,CD2,8.422247
tcr_17_2,C,A,G,Y,5,98,O,CG,9.663821
tcr_17_2,C,A,G,N,5,94,O,O,8.458572
tcr_17_2,C,A,G,Q,5,89,O,O,9.342517
tcr_17_2,C,A,G,F,5,91,O,N,9.346583
tcr_17_2,C,A,G,Q,5,89,O,C,9.860311
tcr_17_2,C,A,G,I,5,90,O,CA,8.0916
tcr_17_2,C,A,G,I,5,90,O,C,8.195582
tcr_17_2,C,A,G,T,5,93,O,CA,7.781945
tcr_17_2,C,A,G,I,5,90,O,O,7.4523325
tcr_17_2,C,A,G,T,5,93,O,N,8.840838
tcr_17_2,C,A,G,K,5,92,O,C,9.952336
tcr_17_2,C,A,G,N,5,94,O,N,7.0418286
tcr_17_2,C,A,G,T,5,93,O,C,7.273258
tcr_17_2,C,A,G,T,5,93,O,O,7.5218005
tcr_17_2,C,A,G,T,5,97,O,N,8.38645
tcr_17_2,C,A,G,Y,5,98,O,N,9.107915
tcr_17_2,C,A,G,Q,5,96,O,C,9.673969
tcr_17_2,C,A,K,Q,6,179,N,CA,7.875378
tcr_17_2,C,A,K,Q,6,179,N,N,8.599654
tcr_17_2,C,A,K,E,6,178,N,C,9.884896
tcr_17_2,C,A,K,Q,6,179,N,CG,6.876996
tcr_17_2,C,A,K,Q,6,179,N,CB,6.5192165
tcr_17_2,C,A,K,L,6,180,N,CA,8.042302
tcr_17_2,C,A,K,Q,6,179,N,O,8.378701
tcr_17_2,C,A,K,Q,6,179,N,C,7.87996
tcr_17_2,C,A,K,L,6,180,N,C,9.542244
tcr_17_2,C,A,K,L,6,180,N,N,7.665658
tcr_17_2,C,A,K,Y,6,183,N,CG,9.814929
tcr_17_2,C,A,K,Y,6,183,N,CB,9.50836
tcr_17_2,C,A,K,Y,6,123,N,OH,9.7932415
tcr_17_2,C,A,K,Y,6,123,N,CZ,9.821767
tcr_17_2,C,A,K,A,6,174,N,O,8.666739
tcr_17_2,C,A,K,R,6,175,N,C,8.863527
tcr_17_2,C,A,K,R,6,175,N,O,8.779933
tcr_17_2,C,A,K,Q,6,179,N,NE2,6.2845554
tcr_17_2,C,A,K,A,6,177,N,C,9.951226
tcr_17_2,C,A,K,E,6,176,N,N,8.073838
tcr_17_2,C,A,K,A,6,177,N,N,8.713752
tcr_17_2,C,A,K,E,6,176,N,CA,6.8906856
tcr_17_2,C,A,K,A,6,177,N,CA,9.59515
tcr_17_2,C,A,K,E,6,176,N,C,7.4504247
tcr_17_2,C,A,K,W,6,171,N,CA,9.522254
tcr_17_2,C,A,K,W,6,171,N,O,9.795331
tcr_17_2,C,A,K,A,6,174,N,CA,9.680571
tcr_17_2,C,A,K,A,6,174,N,CB,8.536396
tcr_17_2,C,A,K,A,6,174,N,C,9.369312
tcr_17_2,C,A,K,W,6,171,N,CZ3,8.980427
tcr_17_2,C,A,K,W,6,171,N,CD2,8.266502
tcr_17_2,C,A,K,L,6,180,N,CB,7.873056
tcr_17_2,C,A,K,W,6,171,N,CB,9.195616
tcr_17_2,C,A,K,W,6,171,N,CE3,8.904849
tcr_17_2,C,A,K,W,6,157,N,CH2,9.13424
tcr_17_2,C,A,K,W,6,157,N,CZ2,9.198083
tcr_17_2,C,A,K,L,6,180,N,CD2,8.65881
tcr_17_2,C,A,K,L,6,180,N,CG,8.42641
tcr_17_2,C,A,K,W,6,171,N,CH2,8.447901
tcr_17_2,C,A,K,L,6,180,N,CD1,7.7514296
tcr_17_2,C,A,K,N,6,138,N,ND2,8.372762
tcr_17_2,C,A,K,N,6,138,N,CG,9.491378
tcr_17_2,C,A,K,N,6,138,N,OD1,9.722244
tcr_17_2,C,A,K,Y,6,140,N,CE1,8.775152
tcr_17_2,C,A,K,Y,6,140,N,CZ,8.154153
tcr_17_2,C,A,K,Y,6,140,N,CE2,9.042531
tcr_17_2,C,A,K,E,6,176,N,CD,3.8986332
tcr_17_2,C,A,K,W,6,171,N,CZ2,7.772305
tcr_17_2,C,A,K,Y,6,140,N,OH,6.8643436
tcr_17_2,C,A,K,W,6,171,N,CE2,7.6741304
tcr_17_2,C,A,K,E,6,176,N,O,6.987668
tcr_17_2,C,A,K,E,6,176,N,CB,6.487642
tcr_17_2,C,A,K,W,6,171,N,CG,8.3717575
tcr_17_2,C,A,K,W,6,171,N,NE1,7.416304
tcr_17_2,C,A,K,E,6,176,N,CG,5.276948
tcr_17_2,C,A,K,W,6,171,N,CD1,7.855783
tcr_17_2,C,A,K,E,6,176,N,OE1,2.9138734
tcr_17_2,C,A,K,N,6,101,N,ND2,9.230687
tcr_17_2,C,A,K,E,6,176,N,OE2,4.1250005
tcr_17_2,C,A,K,T,6,97,N,OG1,7.041845
tcr_17_2,C,A,K,Q,6,179,N,OE1,4.8973413
tcr_17_2,C,A,K,T,6,97,N,CG2,6.6881227
tcr_17_2,C,A,K,T,6,93,N,CG2,7.9556327
tcr_17_2,C,A,K,T,6,97,N,C,9.678894
tcr_17_2,C,A,K,T,6,97,N,CA,8.935965
tcr_17_2,C,A,K,Q,6,179,N,CD,5.8466463
tcr_17_2,C,A,K,T,6,93,N,CB,8.949828
tcr_17_2,C,A,K,T,6,93,N,OG1,9.804171
tcr_17_2,C,A,K,T,6,97,N,CB,7.5199294
tcr_17_2,C,A,K,N,6,101,N,CG,9.895337
tcr_17_2,C,A,K,N,6,101,N,OD1,9.444668
tcr_17_2,C,A,K,Y,6,123,N,CE1,9.825178
tcr_17_2,C,A,K,Y,6,33,N,CE2,9.39091
tcr_17_2,C,A,K,Y,6,98,N,OH,9.258068
tcr_17_2,C,A,K,Y,6,98,N,CZ,9.569939
tcr_17_2,C,A,K,I,6,90,N,CG2,9.012682
tcr_17_2,C,A,K,N,6,94,N,OD1,7.0845256
tcr_17_2,C,A,K,Y,6,33,N,OH,9.795044
tcr_17_2,C,A,K,N,6,94,N,ND2,8.147845
tcr_17_2,C,A,K,N,6,94,N,CG,7.9313836
tcr_17_2,C,A,K,N,6,94,N,CB,9.026457
tcr_17_2,C,A,K,N,6,94,N,CA,8.943113
tcr_17_2,C,A,K,Y,6,98,N,CE2,8.970985
tcr_17_2,C,A,K,Y,6,98,N,CD2,9.602367
tcr_17_2,C,A,K,T,6,93,N,CA,9.910127
tcr_17_2,C,A,K,I,6,90,N,O,9.689807
tcr_17_2,C,A,K,N,6,94,N,N,9.144036
tcr_17_2,C,A,K,T,6,93,N,C,9.33684
tcr_17_2,C,A,K,T,6,93,N,O,9.431241
tcr_17_2,C,A,K,T,6,97,N,N,9.798691
tcr_17_2,C,A,K,Q,6,179,CA,CA,8.966429
tcr_17_2,C,A,K,Q,6,179,CA,N,9.534443
tcr_17_2,C,A,K,Q,6,179,CA,CG,7.850384
tcr_17_2,C,A,K,Q,6,179,CA,CB,7.602716
tcr_17_2,C,A,K,L,6,180,CA,CA,9.071921
tcr_17_2,C,A,K,Q,6,179,CA,O,9.626611
tcr_17_2,C,A,K,Q,6,179,CA,C,9.029242
tcr_17_2,C,A,K,L,6,180,CA,N,8.7017355
tcr_17_2,C,A,K,A,6,174,CA,O,8.674328
tcr_17_2,C,A,K,R,6,175,CA,C,9.105795
tcr_17_2,C,A,K,R,6,175,CA,O,9.214261
tcr_17_2,C,A,K,Q,6,179,CA,NE2,6.9815493
tcr_17_2,C,A,K,E,6,176,CA,N,8.191275
tcr_17_2,C,A,K,A,6,177,CA,N,9.05585
tcr_17_2,C,A,K,E,6,176,CA,CA,7.1062613
tcr_17_2,C,A,K,E,6,176,CA,C,7.856639
tcr_17_2,C,A,K,W,6,171,CA,C,9.839249
tcr_17_2,C,A,K,W,6,171,CA,CA,8.912918
tcr_17_2,C,A,K,W,6,171,CA,O,9.495697
tcr_17_2,C,A,K,W,6,171,CA,N,9.662666
tcr_17_2,C,A,K,K,6,170,CA,C,9.991647
tcr_17_2,C,A,K,K,6,170,CA,O,9.75376
tcr_17_2,C,A,K,A,6,174,CA,CA,9.335895
tcr_17_2,C,A,K,A,6,174,CA,CB,8.048853
tcr_17_2,C,A,K,A,6,174,CA,C,9.248583
tcr_17_2,C,A,K,W,6,171,CA,CZ3,8.4409685
tcr_17_2,C,A,K,W,6,171,CA,CD2,7.567308
tcr_17_2,C,A,K,L,6,180,CA,CB,8.713281
tcr_17_2,C,A,K,W,6,171,CA,CB,8.61658
tcr_17_2,C,A,K,W,6,171,CA,CE3,8.35612
tcr_17_2,C,A,K,W,6,157,CA,CH2,9.152944
tcr_17_2,C,A,K,W,6,157,CA,CZ2,9.204566
tcr_17_2,C,A,K,L,6,180,CA,CD2,9.23853
tcr_17_2,C,A,K,L,6,180,CA,CG,9.223792
tcr_17_2,C,A,K,W,6,171,CA,CH2,7.7772503
tcr_17_2,C,A,K,L,6,180,CA,CD1,8.622065
tcr_17_2,C,A,K,N,6,138,CA,ND2,8.757495
tcr_17_2,C,A,K,N,6,138,CA,CG,9.773938
tcr_17_2,C,A,K,N,6,138,CA,OD1,9.827981
tcr_17_2,C,A,K,Y,6,140,CA,CD1,9.580708
tcr_17_2,C,A,K,Y,6,140,CA,CE1,8.264828
tcr_17_2,C,A,K,Y,6,140,CA,CZ,7.8072796
tcr_17_2,C,A,K,Y,6,140,CA,CE2,8.775836
tcr_17_2,C,A,K,E,6,176,CA,CD,3.9560955
tcr_17_2,C,A,K,W,6,171,CA,CZ2,6.9232426
tcr_17_2,C,A,K,Y,6,140,CA,OH,6.6286607
tcr_17_2,C,A,K,W,6,171,CA,CE2,6.806525
tcr_17_2,C,A,K,E,6,176,CA,O,7.5981097
tcr_17_2,C,A,K,E,6,176,CA,CB,6.43897
tcr_17_2,C,A,K,W,6,171,CA,CG,7.6502075
tcr_17_2,C,A,K,W,6,171,CA,NE1,6.412105
tcr_17_2,C,A,K,E,6,176,CA,CG,5.2690597
tcr_17_2,C,A,K,W,6,171,CA,CD1,6.9594507
tcr_17_2,C,A,K,E,6,176,CA,OE1,3.1569345
tcr_17_2,C,A,K,N,6,101,CA,ND2,8.175428
tcr_17_2,C,A,K,E,6,176,CA,OE2,4.0956964
tcr_17_2,C,A,K,T,6,97,CA,OG1,6.2889447
tcr_17_2,C,A,K,Q,6,179,CA,OE1,5.9414544
tcr_17_2,C,A,K,T,6,97,CA,CG2,5.6630344
tcr_17_2,C,A,K,T,6,93,CA,CG2,7.895636
tcr_17_2,C,A,K,T,6,97,CA,C,8.680138
tcr_17_2,C,A,K,T,6,97,CA,CA,7.9855375
tcr_17_2,C,A,K,Q,6,179,CA,CD,6.760923
tcr_17_2,C,A,K,T,6,93,CA,CB,9.008512
tcr_17_2,C,A,K,T,6,93,CA,OG1,9.96374
tcr_17_2,C,A,K,T,6,97,CA,CB,6.6627088
tcr_17_2,C,A,K,K,6,170,CA,CG,9.672112
tcr_17_2,C,A,K,K,6,170,CA,CD,9.501404
tcr_17_2,C,A,K,K,6,170,CA,CE,8.778819
tcr_17_2,C,A,K,K,6,170,CA,NZ,8.826706
tcr_17_2,C,A,K,T,6,167,CA,CG2,9.975657
tcr_17_2,C,A,K,N,6,101,CA,CG,8.722172
tcr_17_2,C,A,K,N,6,101,CA,OD1,8.175569
tcr_17_2,C,A,K,T,6,97,CA,O,8.89818
tcr_17_2,C,A,K,E,6,100,CA,OE2,9.915523
tcr_17_2,C,A,K,Y,6,33,CA,CE2,9.641489
tcr_17_2,C,A,K,Y,6,98,CA,OH,8.945938
tcr_17_2,C,A,K,Y,6,98,CA,CZ,9.122778
tcr_17_2,C,A,K,I,6,90,CA,CG2,9.754635
tcr_17_2,C,A,K,N,6,94,CA,OD1,7.2694874
tcr_17_2,C,A,K,N,6,94,CA,ND2,8.435502
tcr_17_2,C,A,K,N,6,94,CA,CG,8.075103
tcr_17_2,C,A,K,N,6,94,CA,CB,8.974009
tcr_17_2,C,A,K,N,6,94,CA,CA,8.714332
tcr_17_2,C,A,K,Y,6,98,CA,CE2,8.54072
tcr_17_2,C,A,K,N,6,94,CA,C,9.762304
tcr_17_2,C,A,K,Y,6,98,CA,CD2,9.051968
tcr_17_2,C,A,K,N,6,94,CA,O,9.574344
tcr_17_2,C,A,K,T,6,93,CA,CA,9.812059
tcr_17_2,C,A,K,I,6,90,CA,O,9.985406
tcr_17_2,C,A,K,N,6,94,CA,N,9.017679
tcr_17_2,C,A,K,T,6,93,CA,C,9.112413
tcr_17_2,C,A,K,T,6,93,CA,O,9.018479
tcr_17_2,C,A,K,T,6,97,CA,N,8.973762
tcr_17_2,C,A,K,Y,6,98,CA,N,9.37542
tcr_17_2,C,A,K,Q,6,179,C,CA,9.410898
tcr_17_2,C,A,K,Q,6,179,C,N,9.904622
tcr_17_2,C,A,K,Q,6,179,C,CG,8.633294
tcr_17_2,C,A,K,Q,6,179,C,CB,8.182217
tcr_17_2,C,A,K,L,6,180,C,CA,8.928379
tcr_17_2,C,A,K,Q,6,179,C,O,9.896135
tcr_17_2,C,A,K,Q,6,179,C,C,9.283766
tcr_17_2,C,A,K,L,6,180,C,N,8.760075
tcr_17_2,C,A,K,Y,6,123,C,CZ,9.858404
tcr_17_2,C,A,K,N,6,138,C,CB,9.929063
tcr_17_2,C,A,K,W,6,157,C,CZ3,9.144574
tcr_17_2,C,A,K,A,6,174,C,O,9.3270645
tcr_17_2,C,A,K,R,6,175,C,C,9.417949
tcr_17_2,C,A,K,R,6,175,C,O,9.593134
tcr_17_2,C,A,K,Q,6,179,C,NE2,8.040264
tcr_17_2,C,A,K,E,6,176,C,N,8.375639
tcr_17_2,C,A,K,A,6,177,C,N,8.913627
tcr_17_2,C,A,K,E,6,176,C,CA,7.207851
tcr_17_2,C,A,K,A,6,177,C,CA,9.828993
tcr_17_2,C,A,K,E,6,176,C,C,7.824051
tcr_17_2,C,A,K,W,6,171,C,C,9.638815
tcr_17_2,C,A,K,W,6,171,C,CA,8.605898
tcr_17_2,C,A,K,W,6,171,C,O,9.432082
tcr_17_2,C,A,K,W,6,171,C,N,9.325806
tcr_17_2,C,A,K,K,6,170,C,C,9.804721
tcr_17_2,C,A,K,K,6,170,C,O,9.751096
tcr_17_2,C,A,K,A,6,174,C,CA,9.821843
tcr_17_2,C,A,K,A,6,174,C,CB,8.499177
tcr_17_2,C,A,K,A,6,174,C,C,9.755997
tcr_17_2,C,A,K,W,6,171,C,CZ3,7.2175455
tcr_17_2,C,A,K,W,6,171,C,CD2,6.6341186
tcr_17_2,C,A,K,L,6,180,C,CB,8.3525305
tcr_17_2,C,A,K,W,6,171,C,CB,8.077831
tcr_17_2,C,A,K,W,6,171,C,CE3,7.308756
tcr_17_2,C,A,K,W,6,157,C,CE2,9.562949
tcr_17_2,C,A,K,W,6,157,C,CH2,8.212284
tcr_17_2,C,A,K,W,6,157,C,CZ2,8.432017
tcr_17_2,C,A,K,L,6,180,C,CD2,8.483335
tcr_17_2,C,A,K,L,6,180,C,CG,8.663076
tcr_17_2,C,A,K,W,6,171,C,CH2,6.4541903
tcr_17_2,C,A,K,L,6,180,C,CD1,8.043366
tcr_17_2,C,A,K,N,6,138,C,ND2,7.6615787
tcr_17_2,C,A,K,N,6,138,C,CG,8.607247
tcr_17_2,C,A,K,N,6,138,C,OD1,8.551265
tcr_17_2,C,A,K,Y,6,140,C,CD2,8.5609665
tcr_17_2,C,A,K,Y,6,140,C,CD1,8.072161
tcr_17_2,C,A,K,Y,6,140,C,CE1,6.75897
tcr_17_2,C,A,K,Y,6,140,C,CZ,6.328302
tcr_17_2,C,A,K,Y,6,140,C,CG,8.900178
tcr_17_2,C,A,K,Y,6,140,C,CE2,7.3373446
tcr_17_2,C,A,K,E,6,176,C,CD,4.001076
tcr_17_2,C,A,K,W,6,171,C,CZ2,5.6724033
tcr_17_2,C,A,K,Y,6,140,C,OH,5.188403
tcr_17_2,C,A,K,W,6,171,C,CE2,5.7739296
tcr_17_2,C,A,K,E,6,176,C,O,7.5964165
tcr_17_2,C,A,K,E,6,176,C,CB,6.3122473
tcr_17_2,C,A,K,W,6,171,C,CG,6.9681644
tcr_17_2,C,A,K,W,6,171,C,NE1,5.6023674
tcr_17_2,C,A,K,E,6,176,C,CG,4.979851
tcr_17_2,C,A,K,W,6,171,C,CD1,6.36406
tcr_17_2,C,A,K,E,6,176,C,OE1,3.1070776
tcr_17_2,C,A,K,N,6,101,C,ND2,6.994907
tcr_17_2,C,A,K,E,6,176,C,OE2,4.508143
tcr_17_2,C,A,K,T,6,97,C,OG1,6.2493186
tcr_17_2,C,A,K,Q,6,179,C,OE1,6.9590425
tcr_17_2,C,A,K,T,6,97,C,CG2,5.1475096
tcr_17_2,C,A,K,T,6,93,C,CG2,8.456725
tcr_17_2,C,A,K,T,6,97,C,C,8.080772
tcr_17_2,C,A,K,T,6,97,C,CA,7.631079
tcr_17_2,C,A,K,Q,6,179,C,CD,7.7254014
tcr_17_2,C,A,K,T,6,93,C,CB,9.44909
tcr_17_2,C,A,K,T,6,97,C,CB,6.3048882
tcr_17_2,C,A,K,K,6,170,C,CG,9.487833
tcr_17_2,C,A,K,T,6,167,C,O,9.930798
tcr_17_2,C,A,K,K,6,170,C,CD,9.209921
tcr_17_2,C,A,K,K,6,170,C,CE,8.635934
tcr_17_2,C,A,K,K,6,170,C,NZ,8.564925
tcr_17_2,C,A,K,T,6,167,C,CG2,8.912858
tcr_17_2,C,A,K,N,6,101,C,CB,9.1660795
tcr_17_2,C,A,K,N,6,101,C,CG,7.6568937
tcr_17_2,C,A,K,N,6,101,C,OD1,7.2275543
tcr_17_2,C,A,K,N,6,101,C,N,9.99916
tcr_17_2,C,A,K,T,6,97,C,O,8.243992
tcr_17_2,C,A,K,E,6,100,C,OE2,9.950085
tcr_17_2,C,A,K,Y,6,33,C,CZ,9.835818
tcr_17_2,C,A,K,Y,6,33,C,CD2,9.186723
tcr_17_2,C,A,K,Y,6,123,C,CE1,9.518238
tcr_17_2,C,A,K,Y,6,33,C,CE2,8.763797
tcr_17_2,C,A,K,Y,6,123,C,CD1,9.678973
tcr_17_2,C,A,K,T,6,121,C,CG2,8.968569
tcr_17_2,C,A,K,T,6,121,C,OG1,9.168046
tcr_17_2,C,A,K,Y,6,98,C,OH,7.6392217
tcr_17_2,C,A,K,T,6,121,C,CB,9.690433
tcr_17_2,C,A,K,Y,6,98,C,CD1,9.362527
tcr_17_2,C,A,K,Y,6,98,C,CE1,8.845341
tcr_17_2,C,A,K,Y,6,98,C,CZ,7.879968
tcr_17_2,C,A,K,I,6,90,C,CG2,9.844265
tcr_17_2,C,A,K,N,6,94,C,OD1,7.120858
tcr_17_2,C,A,K,Y,6,33,C,OH,9.747873
tcr_17_2,C,A,K,N,6,94,C,ND2,7.988372
tcr_17_2,C,A,K,N,6,94,C,CG,7.7323685
tcr_17_2,C,A,K,N,6,94,C,CB,8.549613
tcr_17_2,C,A,K,N,6,94,C,CA,8.406823
tcr_17_2,C,A,K,Y,6,98,C,CE2,7.449019
tcr_17_2,C,A,K,N,6,94,C,C,9.35566
tcr_17_2,C,A,K,Y,6,98,C,CD2,8.066352
tcr_17_2,C,A,K,Y,6,98,C,CG,9.011496
tcr_17_2,C,A,K,N,6,94,C,O,9.049928
tcr_17_2,C,A,K,Y,6,98,C,CB,9.887081
tcr_17_2,C,A,K,N,6,94,C,N,8.946861
tcr_17_2,C,A,K,T,6,93,C,C,9.190005
tcr_17_2,C,A,K,T,6,93,C,O,9.055955
tcr_17_2,C,A,K,T,6,97,C,N,8.7376
tcr_17_2,C,A,K,Y,6,98,C,CA,9.42867
tcr_17_2,C,A,K,Y,6,98,C,N,8.676439
tcr_17_2,C,A,K,Q,6,96,C,C,9.9772005
tcr_17_2,C,A,K,A,6,177,O,O,9.914702
tcr_17_2,C,A,K,Q,6,179,O,CA,8.818163
tcr_17_2,C,A,K,Q,6,179,O,N,9.203312
tcr_17_2,C,A,K,Q,6,179,O,CG,8.265281
tcr_17_2,C,A,K,Q,6,179,O,CB,7.7018776
tcr_17_2,C,A,K,L,6,180,O,CA,8.089128
tcr_17_2,C,A,K,Q,6,179,O,O,9.3088045
tcr_17_2,C,A,K,Q,6,179,O,C,8.626055
tcr_17_2,C,A,K,L,6,180,O,C,9.591082
tcr_17_2,C,A,K,L,6,180,O,N,7.971239
tcr_17_2,C,A,K,Y,6,123,O,OH,9.960315
tcr_17_2,C,A,K,Y,6,123,O,CZ,9.658827
tcr_17_2,C,A,K,W,6,157,O,CD2,9.217075
tcr_17_2,C,A,K,W,6,157,O,NE1,9.121216
tcr_17_2,C,A,K,N,6,138,O,CB,8.923618
tcr_17_2,C,A,K,W,6,157,O,CZ3,7.948296
tcr_17_2,C,A,K,W,6,157,O,CE3,9.012558
tcr_17_2,C,A,K,I,6,148,O,CG2,9.348635
tcr_17_2,C,A,K,Y,6,140,O,CB,9.656884
tcr_17_2,C,A,K,R,6,175,O,N,9.745281
tcr_17_2,C,A,K,A,6,174,O,O,8.909489
tcr_17_2,C,A,K,R,6,175,O,CA,9.90678
tcr_17_2,C,A,K,R,6,175,O,C,8.672109
tcr_17_2,C,A,K,R,6,175,O,O,8.865135
tcr_17_2,C,A,K,A,6,177,O,CB,9.868841
tcr_17_2,C,A,K,Q,6,179,O,NE2,7.911868
tcr_17_2,C,A,K,A,6,177,O,C,9.528103
tcr_17_2,C,A,K,E,6,176,O,N,7.5803833
tcr_17_2,C,A,K,E,6,178,O,N,9.951818
tcr_17_2,C,A,K,A,6,177,O,N,7.8881187
tcr_17_2,C,A,K,E,6,176,O,CA,6.3556223
tcr_17_2,C,A,K,A,6,177,O,CA,8.759281
tcr_17_2,C,A,K,E,6,176,O,C,6.865383
tcr_17_2,C,A,K,W,6,171,O,C,8.811396
tcr_17_2,C,A,K,W,6,171,O,CA,7.823834
tcr_17_2,C,A,K,W,6,171,O,O,8.614041
tcr_17_2,C,A,K,W,6,171,O,N,8.639592
tcr_17_2,C,A,K,K,6,170,O,C,9.248526
tcr_17_2,C,A,K,K,6,170,O,O,9.258631
tcr_17_2,C,A,K,A,6,174,O,CA,9.414568
tcr_17_2,C,A,K,A,6,174,O,CB,8.153419
tcr_17_2,C,A,K,A,6,174,O,C,9.2616825
tcr_17_2,C,A,K,W,6,171,O,CZ3,6.1887007
tcr_17_2,C,A,K,W,6,171,O,CD2,5.690441
tcr_17_2,C,A,K,L,6,180,O,CB,7.3797364
tcr_17_2,C,A,K,W,6,171,O,CB,7.167368
tcr_17_2,C,A,K,W,6,171,O,CE3,6.257033
tcr_17_2,C,A,K,W,6,157,O,CE2,8.373693
tcr_17_2,C,A,K,W,6,157,O,CH2,6.9954996
tcr_17_2,C,A,K,W,6,157,O,CZ2,7.2241282
tcr_17_2,C,A,K,L,6,180,O,CD2,7.4002905
tcr_17_2,C,A,K,L,6,180,O,CG,7.6823125
tcr_17_2,C,A,K,W,6,171,O,CH2,5.5588384
tcr_17_2,C,A,K,L,6,180,O,CD1,7.1870475
tcr_17_2,C,A,K,N,6,138,O,ND2,6.7475376
tcr_17_2,C,A,K,N,6,138,O,CG,7.635684
tcr_17_2,C,A,K,N,6,138,O,OD1,7.5847244
tcr_17_2,C,A,K,Y,6,140,O,CD2,7.7297993
tcr_17_2,C,A,K,Y,6,123,O,CB,9.981812
tcr_17_2,C,A,K,Y,6,140,O,CD1,7.538391
tcr_17_2,C,A,K,Y,6,140,O,CE1,6.2457657
tcr_17_2,C,A,K,Y,6,140,O,CZ,5.620679
tcr_17_2,C,A,K,Y,6,140,O,CG,8.211877
tcr_17_2,C,A,K,Y,6,140,O,CE2,6.4760437
tcr_17_2,C,A,K,E,6,176,O,CD,3.2465656
tcr_17_2,C,A,K,W,6,171,O,CZ2,4.90675
tcr_17_2,C,A,K,Y,6,140,O,OH,4.4797273
tcr_17_2,C,A,K,W,6,171,O,CE2,4.9776325
tcr_17_2,C,A,K,E,6,176,O,O,6.6691504
tcr_17_2,C,A,K,E,6,176,O,CB,5.388152
tcr_17_2,C,A,K,W,6,171,O,CG,6.104368
tcr_17_2,C,A,K,W,6,171,O,NE1,4.988372
tcr_17_2,C,A,K,E,6,176,O,CG,3.974267
tcr_17_2,C,A,K,W,6,171,O,CD1,5.688723
tcr_17_2,C,A,K,E,6,176,O,OE1,2.3736904
tcr_17_2,C,A,K,N,6,101,O,ND2,7.264543
tcr_17_2,C,A,K,E,6,176,O,OE2,4.0212674
tcr_17_2,C,A,K,T,6,97,O,OG1,7.367491
tcr_17_2,C,A,K,Q,6,179,O,OE1,6.8820653
tcr_17_2,C,A,K,T,6,97,O,CG2,6.080244
tcr_17_2,C,A,K,T,6,93,O,CG2,9.603787
tcr_17_2,C,A,K,T,6,97,O,C,8.905868
tcr_17_2,C,A,K,T,6,97,O,CA,8.603149
tcr_17_2,C,A,K,Q,6,179,O,CD,7.534104
tcr_17_2,C,A,K,T,6,97,O,CB,7.3025894
tcr_17_2,C,A,K,K,6,170,O,CG,9.254725
tcr_17_2,C,A,K,K,6,170,O,CB,9.840557
tcr_17_2,C,A,K,T,6,167,O,O,9.2071705
tcr_17_2,C,A,K,K,6,170,O,CD,9.086535
tcr_17_2,C,A,K,T,6,167,O,C,9.9784565
tcr_17_2,C,A,K,K,6,170,O,CE,8.707523
tcr_17_2,C,A,K,K,6,170,O,NZ,8.74403
tcr_17_2,C,A,K,T,6,167,O,CG2,8.257188
tcr_17_2,C,A,K,T,6,167,O,CB,9.728753
tcr_17_2,C,A,K,N,6,101,O,CB,9.485099
tcr_17_2,C,A,K,N,6,101,O,CG,7.98994
tcr_17_2,C,A,K,N,6,101,O,OD1,7.6159973
tcr_17_2,C,A,K,T,6,97,O,O,8.997548
tcr_17_2,C,A,K,Y,6,33,O,CD2,9.300818
tcr_17_2,C,A,K,Y,6,123,O,CE1,9.282323
tcr_17_2,C,A,K,Y,6,33,O,CE2,8.916007
tcr_17_2,C,A,K,Y,6,123,O,CD1,9.278015
tcr_17_2,C,A,K,T,6,121,O,CG2,8.495805
tcr_17_2,C,A,K,Y,6,123,O,CG,9.647741
tcr_17_2,C,A,K,T,6,121,O,OG1,8.865442
tcr_17_2,C,A,K,Y,6,98,O,OH,7.607922
tcr_17_2,C,A,K,T,6,121,O,CB,9.350824
tcr_17_2,C,A,K,Y,6,98,O,CD1,9.639591
tcr_17_2,C,A,K,Y,6,98,O,CE1,8.976262
tcr_17_2,C,A,K,Y,6,98,O,CZ,8.027612
tcr_17_2,C,A,K,N,6,94,O,OD1,7.930771
tcr_17_2,C,A,K,Y,6,33,O,OH,9.953846
tcr_17_2,C,A,K,N,6,94,O,ND2,8.541667
tcr_17_2,C,A,K,N,6,94,O,CG,8.445632
tcr_17_2,C,A,K,N,6,94,O,CB,9.301386
tcr_17_2,C,A,K,N,6,94,O,CA,9.297767
tcr_17_2,C,A,K,Y,6,98,O,CE2,7.7955494
tcr_17_2,C,A,K,Y,6,98,O,CD2,8.559484
tcr_17_2,C,A,K,Y,6,98,O,CG,9.456397
tcr_17_2,C,A,K,N,6,94,O,O,9.892253
tcr_17_2,C,A,K,N,6,94,O,N,9.919807
tcr_17_2,C,A,K,T,6,97,O,N,9.75921
tcr_17_2,C,A,K,Y,6,98,O,N,9.439216
tcr_17_2,C,A,K,Q,6,179,CB,CA,8.755052
tcr_17_2,C,A,K,Q,6,179,CB,N,9.140733
tcr_17_2,C,A,K,Q,6,179,CB,CG,7.375223
tcr_17_2,C,A,K,Q,6,179,CB,CB,7.3563547
tcr_17_2,C,A,K,L,6,180,CB,CA,9.278055
tcr_17_2,C,A,K,Q,6,179,CB,O,9.781489
tcr_17_2,C,A,K,Q,6,179,CB,C,9.03839
tcr_17_2,C,A,K,L,6,180,CB,N,8.71771
tcr_17_2,C,A,K,R,6,175,CB,N,8.712897
tcr_17_2,C,A,K,A,6,174,CB,O,7.347179
tcr_17_2,C,A,K,R,6,175,CB,CA,9.107193
tcr_17_2,C,A,K,R,6,175,CB,C,8.067724
tcr_17_2,C,A,K,R,6,175,CB,O,8.297879
tcr_17_2,C,A,K,Q,6,179,CB,NE2,6.2082505
tcr_17_2,C,A,K,E,6,176,CB,N,7.158102
tcr_17_2,C,A,K,A,6,177,CB,N,8.417882
tcr_17_2,C,A,K,E,6,176,CB,CA,6.251956
tcr_17_2,C,A,K,A,6,177,CB,CA,9.564098
tcr_17_2,C,A,K,E,6,176,CB,C,7.2391315
tcr_17_2,C,A,K,E,6,172,CB,N,9.99439
tcr_17_2,C,A,K,W,6,171,CB,C,8.691396
tcr_17_2,C,A,K,W,6,171,CB,CA,7.8012123
tcr_17_2,C,A,K,W,6,171,CB,O,8.325549
tcr_17_2,C,A,K,W,6,171,CB,N,8.524971
tcr_17_2,C,A,K,K,6,170,CB,C,8.7439165
tcr_17_2,C,A,K,K,6,170,CB,O,8.406317
tcr_17_2,C,A,K,A,6,174,CB,CA,7.8820486
tcr_17_2,C,A,K,A,6,174,CB,N,8.8992815
tcr_17_2,C,A,K,A,6,174,CB,CB,6.5746055
tcr_17_2,C,A,K,A,6,174,CB,C,7.8846655
tcr_17_2,C,A,K,W,6,171,CB,CZ3,8.342643
tcr_17_2,C,A,K,W,6,171,CB,CD2,7.0581517
tcr_17_2,C,A,K,L,6,180,CB,CB,8.893714
tcr_17_2,C,A,K,W,6,171,CB,CB,7.7134814
tcr_17_2,C,A,K,W,6,171,CB,CE3,8.012828
tcr_17_2,C,A,K,W,6,157,CB,CE2,9.878583
tcr_17_2,C,A,K,W,6,157,CB,CH2,9.049381
tcr_17_2,C,A,K,W,6,157,CB,CZ2,8.880595
tcr_17_2,C,A,K,L,6,180,CB,CD2,9.552211
tcr_17_2,C,A,K,L,6,180,CB,CG,9.594155
tcr_17_2,C,A,K,W,6,171,CB,CH2,7.8109403
tcr_17_2,C,A,K,L,6,180,CB,CD1,9.216519
tcr_17_2,C,A,K,N,6,138,CB,ND2,9.473795
tcr_17_2,C,A,K,Y,6,140,CB,CE1,8.988647
tcr_17_2,C,A,K,Y,6,140,CB,CZ,8.4899
tcr_17_2,C,A,K,Y,6,140,CB,CE2,9.331788
tcr_17_2,C,A,K,E,6,176,CB,CD,3.328901
tcr_17_2,C,A,K,W,6,171,CB,CZ2,6.8375964
tcr_17_2,C,A,K,Y,6,140,CB,OH,7.401957
tcr_17_2,C,A,K,W,6,171,CB,CE2,6.416308
tcr_17_2,C,A,K,E,6,176,CB,O,7.177637
tcr_17_2,C,A,K,E,6,176,CB,CB,5.5857844
tcr_17_2,C,A,K,W,6,171,CB,CG,6.8661857
tcr_17_2,C,A,K,W,6,171,CB,NE1,5.7883697
tcr_17_2,C,A,K,E,6,176,CB,CG,4.6907644
tcr_17_2,C,A,K,W,6,171,CB,CD1,6.09241
tcr_17_2,C,A,K,E,6,176,CB,OE1,3.012441
tcr_17_2,C,A,K,N,6,101,CB,ND2,8.846669
tcr_17_2,C,A,K,E,6,176,CB,OE2,3.077085
tcr_17_2,C,A,K,T,6,97,CB,OG1,7.2884493
tcr_17_2,C,A,K,Q,6,179,CB,OE1,5.6281967
tcr_17_2,C,A,K,T,6,97,CB,CG2,6.5533085
tcr_17_2,C,A,K,T,6,93,CB,CG2,8.9595
tcr_17_2,C,A,K,T,6,97,CB,C,9.527521
tcr_17_2,C,A,K,T,6,97,CB,CA,8.848319
tcr_17_2,C,A,K,Q,6,179,CB,CD,6.232902
tcr_17_2,C,A,K,T,6,97,CB,CB,7.662111
tcr_17_2,C,A,K,K,6,170,CB,CA,9.799287
tcr_17_2,C,A,K,K,6,170,CB,CG,8.504539
tcr_17_2,C,A,K,K,6,170,CB,CB,9.434815
tcr_17_2,C,A,K,T,6,167,CB,O,9.783015
tcr_17_2,C,A,K,K,6,170,CB,CD,8.488824
tcr_17_2,C,A,K,K,6,170,CB,CE,7.780596
tcr_17_2,C,A,K,K,6,170,CB,NZ,8.038683
tcr_17_2,C,A,K,T,6,167,CB,CG2,9.549349
tcr_17_2,C,A,K,N,6,101,CB,CG,9.242633
tcr_17_2,C,A,K,N,6,101,CB,OD1,8.545741
tcr_17_2,C,A,K,T,6,97,CB,O,9.588115
tcr_17_2,C,A,K,N,6,94,CB,OD1,8.74751
tcr_17_2,C,A,K,N,6,94,CB,ND2,9.952898
tcr_17_2,C,A,K,N,6,94,CB,CG,9.570482
tcr_17_2,C,A,K,Y,6,98,CB,CE2,9.801444
tcr_17_2,C,A,K,T,6,97,CB,N,9.904426
tcr_17_2,C,A,K,Q,6,179,CG,CA,8.779269
tcr_17_2,C,A,K,Q,6,179,CG,N,9.226065
tcr_17_2,C,A,K,Q,6,179,CG,CG,7.040674
tcr_17_2,C,A,K,Q,6,179,CG,CB,7.2895164
tcr_17_2,C,A,K,L,6,180,CG,CA,9.863867
tcr_17_2,C,A,K,Q,6,179,CG,O,9.95792
tcr_17_2,C,A,K,Q,6,179,CG,C,9.256209
tcr_17_2,C,A,K,L,6,180,CG,N,9.141399
tcr_17_2,C,A,K,R,6,175,CG,N,8.733698
tcr_17_2,C,A,K,R,6,175,CG,CB,9.876999
tcr_17_2,C,A,K,A,6,174,CG,O,7.057012
tcr_17_2,C,A,K,R,6,175,CG,CA,9.163682
tcr_17_2,C,A,K,R,6,175,CG,C,8.215316
tcr_17_2,C,A,K,R,6,175,CG,O,8.3722725
tcr_17_2,C,A,K,Q,6,179,CG,NE2,5.491944
tcr_17_2,C,A,K,E,6,176,CG,N,7.4908843
tcr_17_2,C,A,K,A,6,177,CG,N,9.046267
tcr_17_2,C,A,K,E,6,176,CG,CA,6.7422113
tcr_17_2,C,A,K,E,6,176,CG,C,7.8154073
tcr_17_2,C,A,K,W,6,171,CG,C,9.326265
tcr_17_2,C,A,K,W,6,171,CG,CA,8.566942
tcr_17_2,C,A,K,W,6,171,CG,O,8.843572
tcr_17_2,C,A,K,W,6,171,CG,N,9.271762
tcr_17_2,C,A,K,K,6,170,CG,C,9.320301
tcr_17_2,C,A,K,K,6,170,CG,O,8.801992
tcr_17_2,C,A,K,A,6,174,CG,CA,7.7494955
tcr_17_2,C,A,K,A,6,174,CG,N,8.91914
tcr_17_2,C,A,K,A,6,174,CG,CB,6.533807
tcr_17_2,C,A,K,A,6,174,CG,C,7.7533603
tcr_17_2,C,A,K,W,6,171,CG,CZ3,9.784328
tcr_17_2,C,A,K,W,6,171,CG,CD2,8.361214
tcr_17_2,C,A,K,L,6,180,CG,CB,9.681601
tcr_17_2,C,A,K,W,6,171,CG,CB,8.700396
tcr_17_2,C,A,K,W,6,171,CG,CE3,9.364981
tcr_17_2,C,A,K,W,6,171,CG,CH2,9.298306
tcr_17_2,C,A,K,Y,6,140,CG,CZ,9.977753
tcr_17_2,C,A,K,E,6,176,CG,CD,4.21946
tcr_17_2,C,A,K,W,6,171,CG,CZ2,8.298909
tcr_17_2,C,A,K,Y,6,140,CG,OH,8.855665
tcr_17_2,C,A,K,W,6,171,CG,CE2,7.7869315
tcr_17_2,C,A,K,E,6,176,CG,O,7.7300596
tcr_17_2,C,A,K,E,6,176,CG,CB,6.3505497
tcr_17_2,C,A,K,W,6,171,CG,CG,7.9989753
tcr_17_2,C,A,K,W,6,171,CG,NE1,7.0378914
tcr_17_2,C,A,K,E,6,176,CG,CG,5.682426
tcr_17_2,C,A,K,W,6,171,CG,CD1,7.1821413
tcr_17_2,C,A,K,E,6,176,CG,OE1,4.043658
tcr_17_2,C,A,K,E,6,176,CG,OE2,3.5945566
tcr_17_2,C,A,K,T,6,97,CG,OG1,7.626611
tcr_17_2,C,A,K,Q,6,179,CG,OE1,5.0984406
tcr_17_2,C,A,K,T,6,97,CG,CG2,7.300196
tcr_17_2,C,A,K,T,6,93,CG,CG2,8.703113
tcr_17_2,C,A,K,T,6,97,CG,CA,9.376933
tcr_17_2,C,A,K,Q,6,179,CG,CD,5.70411
tcr_17_2,C,A,K,T,6,97,CG,CB,8.237711
tcr_17_2,C,A,K,K,6,170,CG,CG,9.038254
tcr_17_2,C,A,K,K,6,170,CG,CD,9.110082
tcr_17_2,C,A,K,K,6,170,CG,CE,8.262138
tcr_17_2,C,A,K,K,6,170,CG,NZ,8.60797
tcr_17_2,C,A,K,N,6,101,CG,OD1,9.603019
tcr_17_2,C,A,K,N,6,94,CG,OD1,9.166162
tcr_17_2,C,A,K,Q,6,179,CD,CA,8.656043
tcr_17_2,C,A,K,Q,6,179,CD,N,8.90776
tcr_17_2,C,A,K,Q,6,179,CD,CG,6.6991696
tcr_17_2,C,A,K,Q,6,179,CD,CB,7.1963496
tcr_17_2,C,A,K,Q,6,179,CD,C,9.341119
tcr_17_2,C,A,K,L,6,180,CD,N,9.249737
tcr_17_2,C,A,K,R,6,175,CD,N,7.514517
tcr_17_2,C,A,K,R,6,175,CD,CB,8.72671
tcr_17_2,C,A,K,R,6,175,CD,CG,9.715318
tcr_17_2,C,A,K,A,6,174,CD,O,5.7510886
tcr_17_2,C,A,K,R,6,175,CD,CA,8.065486
tcr_17_2,C,A,K,R,6,175,CD,C,7.2889843
tcr_17_2,C,A,K,R,6,175,CD,O,7.548468
tcr_17_2,C,A,K,Q,6,179,CD,NE2,4.857749
tcr_17_2,C,A,K,E,6,176,CD,N,6.648997
tcr_17_2,C,A,K,E,6,178,CD,N,9.986739
tcr_17_2,C,A,K,A,6,177,CD,N,8.584761
tcr_17_2,C,A,K,E,6,176,CD,CA,6.1622014
tcr_17_2,C,A,K,A,6,177,CD,CA,9.872105
tcr_17_2,C,A,K,E,6,176,CD,C,7.416829
tcr_17_2,C,A,K,E,6,172,CD,N,9.709972
tcr_17_2,C,A,K,W,6,171,CD,C,8.43502
tcr_17_2,C,A,K,W,6,171,CD,CA,7.801014
tcr_17_2,C,A,K,W,6,171,CD,O,7.8950806
tcr_17_2,C,A,K,W,6,171,CD,N,8.485744
tcr_17_2,C,A,K,K,6,170,CD,C,8.40294
tcr_17_2,C,A,K,K,6,170,CD,O,7.740764
tcr_17_2,C,A,K,A,6,174,CD,CA,6.3698187
tcr_17_2,C,A,K,A,6,174,CD,N,7.5911145
tcr_17_2,C,A,K,A,6,173,CD,O,9.015085
tcr_17_2,C,A,K,A,6,173,CD,C,8.764348
tcr_17_2,C,A,K,A,6,174,CD,CB,5.2098684
tcr_17_2,C,A,K,A,6,174,CD,C,6.442472
tcr_17_2,C,A,K,W,6,171,CD,CD2,8.291342
tcr_17_2,C,A,K,L,6,180,CD,CB,9.950208
tcr_17_2,C,A,K,W,6,171,CD,CB,8.174795
tcr_17_2,C,A,K,W,6,171,CD,CE3,9.377555
tcr_17_2,C,A,K,W,6,157,CD,CZ2,9.930468
tcr_17_2,C,A,K,W,6,171,CD,CH2,9.6657
tcr_17_2,C,A,K,E,6,176,CD,CD,4.2591324
tcr_17_2,C,A,K,W,6,171,CD,CZ2,8.635179
tcr_17_2,C,A,K,Y,6,140,CD,OH,9.742165
tcr_17_2,C,A,K,W,6,171,CD,CE2,7.890935
tcr_17_2,C,A,K,E,6,176,CD,O,7.5143495
tcr_17_2,C,A,K,E,6,176,CD,CB,5.887783
tcr_17_2,C,A,K,W,6,171,CD,CG,7.6765137
tcr_17_2,C,A,K,W,6,171,CD,NE1,7.0030475
tcr_17_2,C,A,K,E,6,176,CD,CG,5.589437
tcr_17_2,C,A,K,W,6,171,CD,CD1,6.8635683
tcr_17_2,C,A,K,E,6,176,CD,OE1,4.5125723
tcr_17_2,C,A,K,E,6,176,CD,OE2,3.2692108
tcr_17_2,C,A,K,T,6,97,CD,OG1,8.953963
tcr_17_2,C,A,K,Q,6,179,CD,OE1,5.083694
tcr_17_2,C,A,K,T,6,97,CD,CG2,8.522878
tcr_17_2,C,A,K,Q,6,179,CD,CD,5.3784184
tcr_17_2,C,A,K,T,6,97,CD,CB,9.531476
tcr_17_2,C,A,K,K,6,170,CD,CA,9.498725
tcr_17_2,C,A,K,K,6,170,CD,CG,8.311108
tcr_17_2,C,A,K,K,6,170,CD,CB,9.369953
tcr_17_2,C,A,K,K,6,170,CD,CD,8.598772
tcr_17_2,C,A,K,K,6,170,CD,CE,7.8149447
tcr_17_2,C,A,K,K,6,170,CD,NZ,8.403518
tcr_17_2,C,A,K,Q,6,179,CE,CA,8.880628
tcr_17_2,C,A,K,Q,6,179,CE,N,9.204881
tcr_17_2,C,A,K,Q,6,179,CE,CG,6.654956
tcr_17_2,C,A,K,Q,6,179,CE,CB,7.3950257
tcr_17_2,C,A,K,Q,6,179,CE,C,9.714921
tcr_17_2,C,A,K,L,6,180,CE,N,9.820987
tcr_17_2,C,A,K,R,6,175,CE,N,7.9657564
tcr_17_2,C,A,K,R,6,175,CE,CB,8.912504
tcr_17_2,C,A,K,R,6,175,CE,CG,9.829819
tcr_17_2,C,A,K,A,6,174,CE,O,5.9437103
tcr_17_2,C,A,K,R,6,175,CE,CA,8.496233
tcr_17_2,C,A,K,R,6,175,CE,C,7.8230557
tcr_17_2,C,A,K,R,6,175,CE,O,7.9655128
tcr_17_2,C,A,K,Q,6,179,CE,NE2,4.4968834
tcr_17_2,C,A,K,E,6,176,CE,N,7.4077106
tcr_17_2,C,A,K,A,6,177,CE,N,9.468588
tcr_17_2,C,A,K,E,6,176,CE,CA,7.0548925
tcr_17_2,C,A,K,E,6,176,CE,C,8.283431
tcr_17_2,C,A,K,W,6,171,CE,C,9.4696865
tcr_17_2,C,A,K,W,6,171,CE,CA,8.976801
tcr_17_2,C,A,K,W,6,171,CE,O,8.832153
tcr_17_2,C,A,K,W,6,171,CE,N,9.645412
tcr_17_2,C,A,K,K,6,170,CE,C,9.441629
tcr_17_2,C,A,K,K,6,170,CE,O,8.648269
tcr_17_2,C,A,K,A,6,174,CE,CA,6.767488
tcr_17_2,C,A,K,A,6,174,CE,N,8.100923
tcr_17_2,C,A,K,A,6,173,CE,O,9.203384
tcr_17_2,C,A,K,A,6,173,CE,C,9.151118
tcr_17_2,C,A,K,A,6,174,CE,CB,5.8203325
tcr_17_2,C,A,K,A,6,174,CE,C,6.7969236
tcr_17_2,C,A,K,W,6,171,CE,CD2,9.763741
tcr_17_2,C,A,K,W,6,171,CE,CB,9.479502
tcr_17_2,C,A,K,E,6,176,CE,CD,5.499421
tcr_17_2,C,A,K,W,6,171,CE,CE2,9.396583
tcr_17_2,C,A,K,E,6,176,CE,O,8.318687
tcr_17_2,C,A,K,E,6,176,CE,CB,7.036277
tcr_17_2,C,A,K,W,6,171,CE,CG,9.086675
tcr_17_2,C,A,K,W,6,171,CE,NE1,8.48319
tcr_17_2,C,A,K,E,6,176,CE,CG,6.851836
tcr_17_2,C,A,K,W,6,171,CE,CD1,8.28312
tcr_17_2,C,A,K,E,6,176,CE,OE1,5.7205224
tcr_17_2,C,A,K,E,6,176,CE,OE2,4.449213
tcr_17_2,C,A,K,T,6,97,CE,OG1,9.535885
tcr_17_2,C,A,K,Q,6,179,CE,OE1,4.957189
tcr_17_2,C,A,K,T,6,97,CE,CG2,9.434117
tcr_17_2,C,A,K,Q,6,179,CE,CD,5.2124557
tcr_17_2,C,A,K,K,6,170,CE,CG,9.335329
tcr_17_2,C,A,K,K,6,170,CE,CD,9.677001
tcr_17_2,C,A,K,K,6,170,CE,CE,8.8027315
tcr_17_2,C,A,K,K,6,170,CE,NZ,9.42263
tcr_17_2,C,A,K,Q,6,179,NZ,CA,8.816486
tcr_17_2,C,A,K,Q,6,179,NZ,N,8.963455
tcr_17_2,C,A,K,Q,6,179,NZ,CG,6.4521236
tcr_17_2,C,A,K,Q,6,179,NZ,CB,7.4192896
tcr_17_2,C,A,K,Q,6,179,NZ,C,9.829706
tcr_17_2,C,A,K,L,6,180,NZ,N,9.980769
tcr_17_2,C,A,K,R,6,175,NZ,N,7.0286403
tcr_17_2,C,A,K,R,6,175,NZ,CB,7.896854
tcr_17_2,C,A,K,R,6,175,NZ,CG,8.687978
tcr_17_2,C,A,K,R,6,175,NZ,CD,9.254905
tcr_17_2,C,A,K,A,6,174,NZ,O,4.9036984
tcr_17_2,C,A,K,R,6,175,NZ,CA,7.62335
tcr_17_2,C,A,K,R,6,175,NZ,C,7.156026
tcr_17_2,C,A,K,R,6,175,NZ,O,7.3427267
tcr_17_2,C,A,K,Q,6,179,NZ,NE2,4.112926
tcr_17_2,C,A,K,E,6,176,NZ,N,6.914993
tcr_17_2,C,A,K,A,6,177,NZ,N,9.234862
tcr_17_2,C,A,K,E,6,176,NZ,CA,6.8400655
tcr_17_2,C,A,K,E,6,176,NZ,C,8.140556
tcr_17_2,C,A,K,E,6,172,NZ,O,9.879024
tcr_17_2,C,A,K,W,6,171,NZ,C,9.006589
tcr_17_2,C,A,K,W,6,171,NZ,CA,8.704878
tcr_17_2,C,A,K,W,6,171,NZ,O,8.290606
tcr_17_2,C,A,K,W,6,171,NZ,N,9.368384
tcr_17_2,C,A,K,A,6,173,NZ,N,9.921401
tcr_17_2,C,A,K,K,6,170,NZ,C,9.058907
tcr_17_2,C,A,K,A,6,173,NZ,CA,9.523427
tcr_17_2,C,A,K,A,6,173,NZ,CB,9.912691
tcr_17_2,C,A,K,K,6,170,NZ,O,8.129992
tcr_17_2,C,A,K,A,6,174,NZ,CA,5.7701964
tcr_17_2,C,A,K,A,6,174,NZ,N,7.159706
tcr_17_2,C,A,K,A,6,173,NZ,O,8.017957
tcr_17_2,C,A,K,A,6,173,NZ,C,8.098652
tcr_17_2,C,A,K,A,6,174,NZ,CB,5.055734
tcr_17_2,C,A,K,A,6,174,NZ,C,5.7946963
tcr_17_2,C,A,K,W,6,171,NZ,CB,9.40224
tcr_17_2,C,A,K,E,6,176,NZ,CD,5.959273
tcr_17_2,C,A,K,W,6,171,NZ,CE2,9.880044
tcr_17_2,C,A,K,E,6,176,NZ,O,8.305813
tcr_17_2,C,A,K,E,6,176,NZ,CB,7.007221
tcr_17_2,C,A,K,W,6,171,NZ,CG,9.226494
tcr_17_2,C,A,K,W,6,171,NZ,NE1,8.918658
tcr_17_2,C,A,K,E,6,176,NZ,CG,7.1368484
tcr_17_2,C,A,K,W,6,171,NZ,CD1,8.494505
tcr_17_2,C,A,K,E,6,176,NZ,OE1,6.431606
tcr_17_2,C,A,K,E,6,176,NZ,OE2,4.7683773
tcr_17_2,C,A,K,Q,6,179,NZ,OE1,5.2025313
tcr_17_2,C,A,K,Q,6,179,NZ,CD,5.1210985
tcr_17_2,C,A,K,K,6,170,NZ,CG,9.221135
tcr_17_2,C,A,K,K,6,170,NZ,CD,9.771778
tcr_17_2,C,A,K,K,6,170,NZ,CE,9.002953
tcr_17_2,C,A,K,K,6,170,NZ,NZ,9.81659
tcr_17_2,C,A,E,Q,7,179,N,CG,9.894937
tcr_17_2,C,A,E,Q,7,179,N,CB,9.422348
tcr_17_2,C,A,E,L,7,180,N,CA,9.960348
tcr_17_2,C,A,E,L,7,180,N,N,9.900341
tcr_17_2,C,A,E,Y,7,123,N,OH,9.836617
tcr_17_2,C,A,E,Y,7,123,N,CZ,9.753207
tcr_17_2,C,A,E,W,7,157,N,CZ3,9.724706
tcr_17_2,C,A,E,Y,7,140,N,CB,9.956083
tcr_17_2,C,A,E,Q,7,179,N,NE2,9.260939
tcr_17_2,C,A,E,E,7,176,N,N,9.601744
tcr_17_2,C,A,E,E,7,176,N,CA,8.451736
tcr_17_2,C,A,E,E,7,176,N,C,9.051891
tcr_17_2,C,A,E,W,7,171,N,CA,9.429946
tcr_17_2,C,A,E,A,7,174,N,CB,9.48689
tcr_17_2,C,A,E,W,7,171,N,CZ3,7.5201964
tcr_17_2,C,A,E,W,7,171,N,CD2,7.1382294
tcr_17_2,C,A,E,L,7,180,N,CB,9.344636
tcr_17_2,C,A,E,W,7,171,N,CB,8.846774
tcr_17_2,C,A,E,W,7,171,N,CE3,7.7909083
tcr_17_2,C,A,E,W,7,157,N,CH2,8.92918
tcr_17_2,C,A,E,W,7,157,N,CZ2,9.278701
tcr_17_2,C,A,E,L,7,180,N,CD2,9.247537
tcr_17_2,C,A,E,L,7,180,N,CG,9.496624
tcr_17_2,C,A,E,W,7,171,N,CH2,6.5558944
tcr_17_2,C,A,E,L,7,180,N,CD1,8.765702
tcr_17_2,C,A,E,N,7,138,N,ND2,7.989389
tcr_17_2,C,A,E,N,7,138,N,CG,8.899903
tcr_17_2,C,A,E,N,7,138,N,OD1,8.733516
tcr_17_2,C,A,E,Y,7,140,N,CD2,8.415866
tcr_17_2,C,A,E,Y,7,140,N,CD1,7.568193
tcr_17_2,C,A,E,Y,7,140,N,CE1,6.2736745
tcr_17_2,C,A,E,Y,7,140,N,CZ,6.100183
tcr_17_2,C,A,E,Y,7,140,N,CG,8.558045
tcr_17_2,C,A,E,Y,7,140,N,CE2,7.276624
tcr_17_2,C,A,E,E,7,176,N,CD,5.2671046
tcr_17_2,C,A,E,W,7,171,N,CZ2,5.7509894
tcr_17_2,C,A,E,Y,7,140,N,OH,5.0599136
tcr_17_2,C,A,E,W,7,171,N,CE2,6.0871353
tcr_17_2,C,A,E,E,7,176,N,O,8.828809
tcr_17_2,C,A,E,E,7,176,N,CB,7.472794
tcr_17_2,C,A,E,W,7,171,N,CG,7.6058245
tcr_17_2,C,A,E,W,7,171,N,NE1,5.958447
tcr_17_2,C,A,E,E,7,176,N,CG,6.1381216
tcr_17_2,C,A,E,W,7,171,N,CD1,6.924591
tcr_17_2,C,A,E,E,7,176,N,OE1,4.3867645
tcr_17_2,C,A,E,N,7,101,N,ND2,5.883301
tcr_17_2,C,A,E,E,7,176,N,OE2,5.7654505
tcr_17_2,C,A,E,T,7,97,N,OG1,5.1791964
tcr_17_2,C,A,E,Q,7,179,N,OE1,8.135707
tcr_17_2,C,A,E,T,7,97,N,CG2,3.9050026
tcr_17_2,C,A,E,T,7,93,N,CG2,7.840765
tcr_17_2,C,A,E,T,7,97,N,C,6.800266
tcr_17_2,C,A,E,T,7,97,N,CA,6.405866
tcr_17_2,C,A,E,Q,7,179,N,CD,8.956142
tcr_17_2,C,A,E,T,7,93,N,CB,8.786686
tcr_17_2,C,A,E,T,7,93,N,OG1,9.973365
tcr_17_2,C,A,E,T,7,97,N,CB,5.083899
tcr_17_2,C,A,E,K,7,170,N,CG,9.833846
tcr_17_2,C,A,E,K,7,170,N,CD,9.354401
tcr_17_2,C,A,E,K,7,170,N,CE,8.710003
tcr_17_2,C,A,E,K,7,170,N,NZ,8.415034
tcr_17_2,C,A,E,T,7,167,N,CG2,8.946111
tcr_17_2,C,A,E,N,7,101,N,CB,8.056325
tcr_17_2,C,A,E,N,7,101,N,CG,6.564584
tcr_17_2,C,A,E,N,7,101,N,CA,8.935043
tcr_17_2,C,A,E,N,7,101,N,OD1,6.2006893
tcr_17_2,C,A,E,N,7,101,N,N,8.86279
tcr_17_2,C,A,E,I,7,104,N,CD1,9.49168
tcr_17_2,C,A,E,E,7,100,N,CG,9.777788
tcr_17_2,C,A,E,E,7,100,N,CD,9.827389
tcr_17_2,C,A,E,E,7,100,N,CB,9.232519
tcr_17_2,C,A,E,T,7,97,N,O,7.000031
tcr_17_2,C,A,E,E,7,100,N,C,9.764713
tcr_17_2,C,A,E,E,7,100,N,OE2,9.060067
tcr_17_2,C,A,E,Y,7,33,N,CG,9.786759
tcr_17_2,C,A,E,Y,7,33,N,CZ,9.246188
tcr_17_2,C,A,E,Y,7,33,N,CD2,8.424992
tcr_17_2,C,A,E,Y,7,123,N,CE1,9.301368
tcr_17_2,C,A,E,Y,7,33,N,CE2,8.111783
tcr_17_2,C,A,E,Y,7,123,N,CD1,9.532398
tcr_17_2,C,A,E,T,7,121,N,CG2,8.53731
tcr_17_2,C,A,E,T,7,121,N,OG1,8.467266
tcr_17_2,C,A,E,Y,7,98,N,OH,6.7834597
tcr_17_2,C,A,E,T,7,121,N,CB,9.076744
tcr_17_2,C,A,E,Y,7,98,N,CD1,8.19275
tcr_17_2,C,A,E,Y,7,98,N,CE1,7.778721
tcr_17_2,C,A,E,Y,7,98,N,CZ,6.855466
tcr_17_2,C,A,E,I,7,90,N,CG2,9.50518
tcr_17_2,C,A,E,N,7,94,N,OD1,6.386716
tcr_17_2,C,A,E,Y,7,33,N,OH,9.279561
tcr_17_2,C,A,E,N,7,94,N,ND2,7.2794037
tcr_17_2,C,A,E,N,7,94,N,CG,6.917541
tcr_17_2,C,A,E,N,7,94,N,CB,7.5700045
tcr_17_2,C,A,E,N,7,94,N,CA,7.3487906
tcr_17_2,C,A,E,Y,7,98,N,CE2,6.341751
tcr_17_2,C,A,E,T,7,95,N,N,9.498243
tcr_17_2,C,A,E,N,7,94,N,C,8.194717
tcr_17_2,C,A,E,Y,7,98,N,CD2,6.8539233
tcr_17_2,C,A,E,F,7,46,N,CE2,9.829489
tcr_17_2,C,A,E,Y,7,98,N,CG,7.776333
tcr_17_2,C,A,E,N,7,94,N,O,7.817583
tcr_17_2,C,A,E,Y,7,98,N,CB,8.603394
tcr_17_2,C,A,E,T,7,93,N,CA,9.258494
tcr_17_2,C,A,E,I,7,90,N,O,9.3731575
tcr_17_2,C,A,E,N,7,94,N,N,7.992551
tcr_17_2,C,A,E,T,7,93,N,C,8.242765
tcr_17_2,C,A,E,T,7,93,N,O,8.030204
tcr_17_2,C,A,E,Q,7,96,N,CA,9.93504
tcr_17_2,C,A,E,T,7,97,N,N,7.538481
tcr_17_2,C,A,E,Q,7,96,N,N,9.922387
tcr_17_2,C,A,E,Y,7,98,N,O,9.99148
tcr_17_2,C,A,E,Y,7,98,N,CA,8.128607
tcr_17_2,C,A,E,Y,7,98,N,N,7.370461
tcr_17_2,C,A,E,Y,7,98,N,C,9.431874
tcr_17_2,C,A,E,Q,7,96,N,C,8.776654
tcr_17_2,C,A,E,Q,7,96,N,O,9.162945
tcr_17_2,C,A,E,Y,7,123,CA,OH,9.571932
tcr_17_2,C,A,E,Y,7,123,CA,CZ,9.368736
tcr_17_2,C,A,E,N,7,138,CA,CB,9.631768
tcr_17_2,C,A,E,W,7,157,CA,CZ3,9.140607
tcr_17_2,C,A,E,I,7,148,CA,CG2,9.204986
tcr_17_2,C,A,E,Y,7,140,CA,CB,8.59416
tcr_17_2,C,A,E,Y,7,140,CA,CA,9.67194
tcr_17_2,C,A,E,E,7,176,CA,CA,9.027886
tcr_17_2,C,A,E,E,7,176,CA,C,9.508711
tcr_17_2,C,A,E,W,7,171,CA,CA,9.596396
tcr_17_2,C,A,E,W,7,171,CA,CZ3,6.7669125
tcr_17_2,C,A,E,W,7,171,CA,CD2,6.773553
tcr_17_2,C,A,E,L,7,180,CA,CB,9.501596
tcr_17_2,C,A,E,W,7,171,CA,CB,8.826234
tcr_17_2,C,A,E,W,7,171,CA,CE3,7.267841
tcr_17_2,C,A,E,W,7,157,CA,CH2,8.524371
tcr_17_2,C,A,E,W,7,157,CA,CZ2,9.04772
tcr_17_2,C,A,E,L,7,180,CA,CD2,9.01941
tcr_17_2,C,A,E,L,7,180,CA,CG,9.4497175
tcr_17_2,C,A,E,W,7,171,CA,CH2,5.662994
tcr_17_2,C,A,E,L,7,180,CA,CD1,8.710938
tcr_17_2,C,A,E,N,7,138,CA,ND2,7.3682847
tcr_17_2,C,A,E,N,7,138,CA,CG,8.156948
tcr_17_2,C,A,E,N,7,138,CA,OD1,7.8409066
tcr_17_2,C,A,E,Y,7,140,CA,CD2,7.1995444
tcr_17_2,C,A,E,Y,7,140,CA,CD1,6.165386
tcr_17_2,C,A,E,Y,7,140,CA,CE1,4.8941364
tcr_17_2,C,A,E,Y,7,140,CA,CZ,4.8851266
tcr_17_2,C,A,E,Y,7,140,CA,CG,7.2207894
tcr_17_2,C,A,E,Y,7,140,CA,CE2,6.1496387
tcr_17_2,C,A,E,E,7,176,CA,CD,5.9771338
tcr_17_2,C,A,E,W,7,171,CA,CZ2,4.9881916
tcr_17_2,C,A,E,Y,7,140,CA,OH,4.000005
tcr_17_2,C,A,E,W,7,171,CA,CE2,5.6355605
tcr_17_2,C,A,E,E,7,176,CA,O,9.317316
tcr_17_2,C,A,E,E,7,176,CA,CB,7.9138
tcr_17_2,C,A,E,W,7,171,CA,CG,7.4883504
tcr_17_2,C,A,E,W,7,171,CA,NE1,5.7632484
tcr_17_2,C,A,E,E,7,176,CA,CG,6.5427246
tcr_17_2,C,A,E,W,7,171,CA,CD1,6.910677
tcr_17_2,C,A,E,E,7,176,CA,OE1,5.130845
tcr_17_2,C,A,E,N,7,101,CA,ND2,4.7241073
tcr_17_2,C,A,E,E,7,176,CA,OE2,6.654124
tcr_17_2,C,A,E,T,7,97,CA,OG1,5.535055
tcr_17_2,C,A,E,Q,7,179,CA,OE1,9.30795
tcr_17_2,C,A,E,T,7,97,CA,CG2,3.8192444
tcr_17_2,C,A,E,T,7,93,CA,CG2,8.625765
tcr_17_2,C,A,E,T,7,97,CA,C,6.3569546
tcr_17_2,C,A,E,T,7,97,CA,CA,6.2896404
tcr_17_2,C,A,E,T,7,93,CA,CB,9.429284
tcr_17_2,C,A,E,T,7,97,CA,CB,5.0656004
tcr_17_2,C,A,E,W,7,119,CA,CZ3,9.303861
tcr_17_2,C,A,E,W,7,119,CA,CH2,9.656545
tcr_17_2,C,A,E,K,7,170,CA,CD,9.425213
tcr_17_2,C,A,E,K,7,170,CA,CE,8.926889
tcr_17_2,C,A,E,K,7,170,CA,NZ,8.498481
tcr_17_2,C,A,E,T,7,167,CA,CG2,8.23674
tcr_17_2,C,A,E,T,7,167,CA,CB,9.648695
tcr_17_2,C,A,E,T,7,167,CA,OG1,9.7233515
tcr_17_2,C,A,E,W,7,119,CA,CZ2,9.794742
tcr_17_2,C,A,E,N,7,101,CA,C,9.456223
tcr_17_2,C,A,E,N,7,101,CA,CB,7.0296593
tcr_17_2,C,A,E,N,7,101,CA,CG,5.5703154
tcr_17_2,C,A,E,N,7,101,CA,CA,8.064584
tcr_17_2,C,A,E,N,7,101,CA,OD1,5.4040036
tcr_17_2,C,A,E,N,7,101,CA,N,8.163972
tcr_17_2,C,A,E,I,7,104,CA,CD1,9.150029
tcr_17_2,C,A,E,E,7,100,CA,CG,9.6705
tcr_17_2,C,A,E,E,7,100,CA,CD,9.945174
tcr_17_2,C,A,E,E,7,100,CA,CB,9.023318
tcr_17_2,C,A,E,E,7,100,CA,CA,9.6182785
tcr_17_2,C,A,E,T,7,97,CA,O,6.489096
tcr_17_2,C,A,E,E,7,100,CA,C,9.194832
tcr_17_2,C,A,E,E,7,100,CA,OE2,9.286451
tcr_17_2,C,A,E,Q,7,139,CA,O,9.940759
tcr_17_2,C,A,E,Q,7,120,CA,O,9.970939
tcr_17_2,C,A,E,T,7,121,CA,N,9.87493
tcr_17_2,C,A,E,T,7,121,CA,CA,9.262063
tcr_17_2,C,A,E,Y,7,33,CA,CG,8.888562
tcr_17_2,C,A,E,Y,7,33,CA,CZ,8.713992
tcr_17_2,C,A,E,Y,7,33,CA,CD2,7.5668015
tcr_17_2,C,A,E,Y,7,123,CA,CE1,8.724509
tcr_17_2,C,A,E,Y,7,33,CA,CE2,7.4610763
tcr_17_2,C,A,E,Y,7,123,CA,CD1,8.843957
tcr_17_2,C,A,E,T,7,121,CA,CG2,7.3415604
tcr_17_2,C,A,E,Y,7,123,CA,CG,9.587997
tcr_17_2,C,A,E,Y,7,33,CA,CD1,9.952933
tcr_17_2,C,A,E,Y,7,33,CA,CB,9.293404
tcr_17_2,C,A,E,Y,7,33,CA,CE1,9.886892
tcr_17_2,C,A,E,T,7,121,CA,OG1,7.0944543
tcr_17_2,C,A,E,W,7,119,CA,CE3,9.120146
tcr_17_2,C,A,E,Y,7,98,CA,OH,5.5358076
tcr_17_2,C,A,E,W,7,119,CA,CB,9.7663555
tcr_17_2,C,A,E,T,7,121,CA,CB,7.794642
tcr_17_2,C,A,E,Y,7,98,CA,CD1,6.9880443
tcr_17_2,C,A,E,Y,7,98,CA,CE1,6.485373
tcr_17_2,C,A,E,Y,7,98,CA,CZ,5.6320558
tcr_17_2,C,A,E,W,7,119,CA,NE1,9.971335
tcr_17_2,C,A,E,W,7,119,CA,CG,9.564707
tcr_17_2,C,A,E,W,7,119,CA,CD1,9.958255
tcr_17_2,C,A,E,W,7,119,CA,CE2,9.59968
tcr_17_2,C,A,E,W,7,119,CA,CD2,9.285305
tcr_17_2,C,A,E,I,7,90,CA,CG2,9.854381
tcr_17_2,C,A,E,N,7,94,CA,OD1,6.5953355
tcr_17_2,C,A,E,Y,7,33,CA,OH,8.947244
tcr_17_2,C,A,E,N,7,94,CA,ND2,7.13197
tcr_17_2,C,A,E,N,7,94,CA,CG,6.8779078
tcr_17_2,C,A,E,N,7,94,CA,CB,7.3739343
tcr_17_2,C,A,E,F,7,46,CA,CZ,9.404059
tcr_17_2,C,A,E,N,7,94,CA,CA,7.2736087
tcr_17_2,C,A,E,Y,7,98,CA,CE2,5.3151093
tcr_17_2,C,A,E,T,7,95,CA,N,9.286313
tcr_17_2,C,A,E,N,7,94,CA,C,7.952724
tcr_17_2,C,A,E,Y,7,98,CA,CD2,5.9271574
tcr_17_2,C,A,E,F,7,46,CA,CE2,9.038916
tcr_17_2,C,A,E,Y,7,98,CA,CG,6.744023
tcr_17_2,C,A,E,F,7,46,CA,CD2,9.899884
tcr_17_2,C,A,E,N,7,94,CA,O,7.438421
tcr_17_2,C,A,E,Y,7,98,CA,CB,7.694892
tcr_17_2,C,A,E,T,7,93,CA,CA,9.716819
tcr_17_2,C,A,E,I,7,90,CA,O,9.668365
tcr_17_2,C,A,E,N,7,94,CA,N,8.153419
tcr_17_2,C,A,E,T,7,93,CA,C,8.539491
tcr_17_2,C,A,E,T,7,93,CA,O,8.2844925
tcr_17_2,C,A,E,Q,7,96,CA,CA,9.917361
tcr_17_2,C,A,E,T,7,97,CA,N,7.500529
tcr_17_2,C,A,E,Q,7,96,CA,N,9.843662
tcr_17_2,C,A,E,R,7,99,CA,N,9.436296
tcr_17_2,C,A,E,Y,7,98,CA,O,9.103287
tcr_17_2,C,A,E,Y,7,98,CA,CA,7.309428
tcr_17_2,C,A,E,Y,7,98,CA,N,6.774925
tcr_17_2,C,A,E,Y,7,98,CA,C,8.646145
tcr_17_2,C,A,E,E,7,100,CA,N,9.62599
tcr_17_2,C,A,E,Q,7,96,CA,C,8.700928
tcr_17_2,C,A,E,Q,7,96,CA,O,8.9995
tcr_17_2,C,A,E,W,7,157,C,CZ3,9.511906
tcr_17_2,C,A,E,I,7,148,C,CG2,8.831157
tcr_17_2,C,A,E,Y,7,140,C,CB,8.317708
tcr_17_2,C,A,E,Y,7,140,C,CA,9.528148
tcr_17_2,C,A,E,E,7,176,C,CA,9.665503
tcr_17_2,C,A,E,W,7,171,C,CA,9.418303
tcr_17_2,C,A,E,W,7,171,C,N,9.720067
tcr_17_2,C,A,E,W,7,171,C,CZ3,6.6741815
tcr_17_2,C,A,E,W,7,171,C,CD2,6.550509
tcr_17_2,C,A,E,W,7,171,C,CB,8.688142
tcr_17_2,C,A,E,W,7,171,C,CE3,7.1699543
tcr_17_2,C,A,E,W,7,157,C,CH2,9.025107
tcr_17_2,C,A,E,W,7,157,C,CZ2,9.5041
tcr_17_2,C,A,E,W,7,171,C,CH2,5.4288416
tcr_17_2,C,A,E,L,7,180,C,CD1,9.997835
tcr_17_2,C,A,E,N,7,138,C,ND2,8.382434
tcr_17_2,C,A,E,N,7,138,C,CG,9.0068245
tcr_17_2,C,A,E,N,7,138,C,OD1,8.513988
tcr_17_2,C,A,E,Y,7,140,C,CD2,7.2922473
tcr_17_2,C,A,E,Y,7,140,C,CD1,5.964756
tcr_17_2,C,A,E,Y,7,140,C,CE1,4.909996
tcr_17_2,C,A,E,Y,7,140,C,CZ,5.2191544
tcr_17_2,C,A,E,Y,7,140,C,CG,7.09116
tcr_17_2,C,A,E,Y,7,140,C,CE2,6.464819
tcr_17_2,C,A,E,E,7,176,C,CD,6.738464
tcr_17_2,C,A,E,W,7,171,C,CZ2,4.553329
tcr_17_2,C,A,E,Y,7,140,C,OH,4.6873775
tcr_17_2,C,A,E,W,7,171,C,CE2,5.2374363
tcr_17_2,C,A,E,E,7,176,C,CB,8.410882
tcr_17_2,C,A,E,W,7,171,C,CG,7.248901
tcr_17_2,C,A,E,W,7,171,C,NE1,5.251214
tcr_17_2,C,A,E,E,7,176,C,CG,7.18899
tcr_17_2,C,A,E,W,7,171,C,CD1,6.527164
tcr_17_2,C,A,E,E,7,176,C,OE1,6.102339
tcr_17_2,C,A,E,N,7,101,C,ND2,3.5854616
tcr_17_2,C,A,E,E,7,176,C,OE2,7.2983165
tcr_17_2,C,A,E,T,7,97,C,OG1,5.546059
tcr_17_2,C,A,E,T,7,97,C,CG2,3.4038892
tcr_17_2,C,A,E,T,7,93,C,CG2,9.19639
tcr_17_2,C,A,E,T,7,97,C,C,5.6285086
tcr_17_2,C,A,E,T,7,97,C,CA,5.772057
tcr_17_2,C,A,E,T,7,97,C,CB,4.8414845
tcr_17_2,C,A,E,Y,7,147,C,CE1,9.056417
tcr_17_2,C,A,E,W,7,119,C,CZ3,8.435802
tcr_17_2,C,A,E,Y,7,147,C,CZ,9.92499
tcr_17_2,C,A,E,W,7,119,C,CH2,8.617469
tcr_17_2,C,A,E,Y,7,147,C,CD1,9.409125
tcr_17_2,C,A,E,Y,7,147,C,OH,9.899187
tcr_17_2,C,A,E,K,7,170,C,CG,9.198671
tcr_17_2,C,A,E,K,7,170,C,CB,9.843828
tcr_17_2,C,A,E,T,7,167,C,O,9.373083
tcr_17_2,C,A,E,K,7,170,C,CD,8.426133
tcr_17_2,C,A,E,T,7,167,C,C,9.80539
tcr_17_2,C,A,E,K,7,170,C,CE,7.9245586
tcr_17_2,C,A,E,T,7,167,C,CA,9.435254
tcr_17_2,C,A,E,K,7,170,C,NZ,7.325163
tcr_17_2,C,A,E,T,7,167,C,CG2,7.371779
tcr_17_2,C,A,E,T,7,167,C,CB,8.685371
tcr_17_2,C,A,E,T,7,167,C,OG1,8.59356
tcr_17_2,C,A,E,I,7,104,C,CG2,9.365768
tcr_17_2,C,A,E,N,7,101,C,O,8.655578
tcr_17_2,C,A,E,W,7,119,C,CZ2,8.6271925
tcr_17_2,C,A,E,N,7,101,C,C,8.085507
tcr_17_2,C,A,E,N,7,101,C,CB,5.737666
tcr_17_2,C,A,E,N,7,101,C,CG,4.2351627
tcr_17_2,C,A,E,N,7,101,C,CA,6.673948
tcr_17_2,C,A,E,I,7,104,C,CB,9.141158
tcr_17_2,C,A,E,N,7,101,C,OD1,3.9429722
tcr_17_2,C,A,E,I,7,104,C,CG1,8.980862
tcr_17_2,C,A,E,N,7,101,C,N,6.837229
tcr_17_2,C,A,E,I,7,104,C,CD1,7.6658883
tcr_17_2,C,A,E,E,7,100,C,CG,8.443094
tcr_17_2,C,A,E,E,7,100,C,CD,8.847718
tcr_17_2,C,A,E,E,7,100,C,CB,7.866756
tcr_17_2,C,A,E,E,7,100,C,CA,8.400744
tcr_17_2,C,A,E,E,7,100,C,O,8.645462
tcr_17_2,C,A,E,E,7,100,C,OE1,9.906054
tcr_17_2,C,A,E,T,7,97,C,O,5.499914
tcr_17_2,C,A,E,E,7,100,C,C,7.855563
tcr_17_2,C,A,E,E,7,100,C,OE2,8.327559
tcr_17_2,C,A,E,Q,7,120,C,O,9.815255
tcr_17_2,C,A,E,T,7,121,C,N,9.992816
tcr_17_2,C,A,E,T,7,121,C,CA,9.539416
tcr_17_2,C,A,E,Y,7,33,C,CG,9.546399
tcr_17_2,C,A,E,Y,7,33,C,CZ,9.73718
tcr_17_2,C,A,E,Y,7,33,C,CD2,8.318811
tcr_17_2,C,A,E,Y,7,123,C,CE1,9.909573
tcr_17_2,C,A,E,Y,7,33,C,CE2,8.423458
tcr_17_2,C,A,E,Y,7,123,C,CD1,9.963886
tcr_17_2,C,A,E,T,7,121,C,CG2,7.896189
tcr_17_2,C,A,E,Y,7,33,C,CB,9.734268
tcr_17_2,C,A,E,T,7,121,C,OG1,7.22192
tcr_17_2,C,A,E,W,7,119,C,CE3,8.297745
tcr_17_2,C,A,E,Y,7,98,C,OH,5.8765287
tcr_17_2,C,A,E,W,7,119,C,CB,9.037974
tcr_17_2,C,A,E,T,7,121,C,CB,8.152474
tcr_17_2,C,A,E,Y,7,98,C,CD1,6.6033497
tcr_17_2,C,A,E,Y,7,98,C,CE1,6.2874436
tcr_17_2,C,A,E,Y,7,98,C,CZ,5.7405224
tcr_17_2,C,A,E,W,7,119,C,NE1,8.786359
tcr_17_2,C,A,E,W,7,119,C,CG,8.645279
tcr_17_2,C,A,E,W,7,119,C,CD1,8.895439
tcr_17_2,C,A,E,W,7,119,C,CE2,8.470358
tcr_17_2,C,A,E,W,7,119,C,CD2,8.329421
tcr_17_2,C,A,E,N,7,94,C,OD1,7.552799
tcr_17_2,C,A,E,N,7,94,C,ND2,8.156449
tcr_17_2,C,A,E,N,7,94,C,CG,7.776598
tcr_17_2,C,A,E,N,7,94,C,CB,8.0154295
tcr_17_2,C,A,E,F,7,46,C,CZ,9.8477955
tcr_17_2,C,A,E,N,7,94,C,CA,7.720393
tcr_17_2,C,A,E,Y,7,98,C,CE2,5.526823
tcr_17_2,C,A,E,T,7,95,C,N,9.458502
tcr_17_2,C,A,E,N,7,94,C,C,8.139891
tcr_17_2,C,A,E,Y,7,98,C,CD2,5.892211
tcr_17_2,C,A,E,F,7,46,C,CE2,9.282399
tcr_17_2,C,A,E,Y,7,98,C,CG,6.4273286
tcr_17_2,C,A,E,F,7,46,C,CD2,9.9699135
tcr_17_2,C,A,E,N,7,94,C,O,7.4268064
tcr_17_2,C,A,E,Y,7,98,C,CB,7.218734
tcr_17_2,C,A,E,N,7,94,C,N,8.671488
tcr_17_2,C,A,E,T,7,93,C,C,8.932855
tcr_17_2,C,A,E,T,7,95,C,C,9.802347
tcr_17_2,C,A,E,T,7,93,C,O,8.473844
tcr_17_2,C,A,E,Q,7,96,C,CA,9.562241
tcr_17_2,C,A,E,T,7,97,C,N,7.133632
tcr_17_2,C,A,E,Q,7,96,C,N,9.66269
tcr_17_2,C,A,E,R,7,99,C,N,8.635991
tcr_17_2,C,A,E,Y,7,98,C,O,8.1253195
tcr_17_2,C,A,E,R,7,99,C,CA,9.776697
tcr_17_2,C,A,E,L,7,102,C,N,8.857947
tcr_17_2,C,A,E,Y,7,98,C,CA,6.603944
tcr_17_2,C,A,E,R,7,99,C,C,9.494669
tcr_17_2,C,A,E,Y,7,98,C,N,6.187964
tcr_17_2,C,A,E,Y,7,98,C,C,7.7959137
tcr_17_2,C,A,E,E,7,100,C,N,8.542022
tcr_17_2,C,A,E,Q,7,96,C,C,8.211776
tcr_17_2,C,A,E,Q,7,96,C,O,8.308913
tcr_17_2,C,A,E,T,7,95,C,O,9.8531685
tcr_17_2,C,A,E,W,7,157,O,CZ3,9.332682
tcr_17_2,C,A,E,I,7,148,O,CB,9.546874
tcr_17_2,C,A,E,Q,7,139,O,C,9.61249
tcr_17_2,C,A,E,Y,7,140,O,N,9.229996
tcr_17_2,C,A,E,I,7,148,O,CG2,8.087804
tcr_17_2,C,A,E,Y,7,140,O,CB,7.3110514
tcr_17_2,C,A,E,Y,7,140,O,CA,8.536378
tcr_17_2,C,A,E,I,7,148,O,CD1,9.786107
tcr_17_2,C,A,E,W,7,171,O,CA,9.760459
tcr_17_2,C,A,E,W,7,171,O,N,9.980928
tcr_17_2,C,A,E,W,7,171,O,CZ3,6.364358
tcr_17_2,C,A,E,W,7,171,O,CD2,6.5672297
tcr_17_2,C,A,E,W,7,171,O,CB,8.910465
tcr_17_2,C,A,E,W,7,171,O,CE3,7.0417504
tcr_17_2,C,A,E,W,7,157,O,CH2,9.022703
tcr_17_2,C,A,E,W,7,157,O,CZ2,9.614754
tcr_17_2,C,A,E,W,7,171,O,CH2,5.020822
tcr_17_2,C,A,E,N,7,138,O,ND2,8.321626
tcr_17_2,C,A,E,N,7,138,O,CG,8.800949
tcr_17_2,C,A,E,N,7,138,O,OD1,8.169768
tcr_17_2,C,A,E,Y,7,140,O,CD2,6.5608726
tcr_17_2,C,A,E,Y,7,140,O,CD1,4.9873037
tcr_17_2,C,A,E,Y,7,140,O,CE1,4.092103
tcr_17_2,C,A,E,Y,7,140,O,CZ,4.6726265
tcr_17_2,C,A,E,Y,7,140,O,CG,6.1774316
tcr_17_2,C,A,E,Y,7,140,O,CE2,5.917067
tcr_17_2,C,A,E,E,7,176,O,CD,7.5769534
tcr_17_2,C,A,E,W,7,171,O,CZ2,4.2948117
tcr_17_2,C,A,E,Y,7,140,O,OH,4.451841
tcr_17_2,C,A,E,W,7,171,O,CE2,5.231591
tcr_17_2,C,A,E,E,7,176,O,CB,9.029582
tcr_17_2,C,A,E,W,7,171,O,CG,7.43463
tcr_17_2,C,A,E,W,7,171,O,NE1,5.452736
tcr_17_2,C,A,E,E,7,176,O,CG,7.829835
tcr_17_2,C,A,E,W,7,171,O,CD1,6.813346
tcr_17_2,C,A,E,E,7,176,O,OE1,6.9794397
tcr_17_2,C,A,E,N,7,101,O,ND2,2.6354737
tcr_17_2,C,A,E,E,7,176,O,OE2,8.221018
tcr_17_2,C,A,E,T,7,97,O,OG1,6.22348
tcr_17_2,C,A,E,T,7,97,O,CG2,3.9522073
tcr_17_2,C,A,E,T,7,97,O,C,5.5736175
tcr_17_2,C,A,E,T,7,97,O,CA,6.0350227
tcr_17_2,C,A,E,T,7,97,O,CB,5.290726
tcr_17_2,C,A,E,Y,7,147,O,CG,9.485622
tcr_17_2,C,A,E,Y,7,147,O,CE1,8.109805
tcr_17_2,C,A,E,W,7,119,O,CZ3,7.226744
tcr_17_2,C,A,E,Y,7,147,O,CZ,8.977607
tcr_17_2,C,A,E,W,7,119,O,CH2,7.4382153
tcr_17_2,C,A,E,Y,7,147,O,CD1,8.39626
tcr_17_2,C,A,E,Y,7,147,O,OH,9.044733
tcr_17_2,C,A,E,K,7,170,O,CG,9.498293
tcr_17_2,C,A,E,T,7,167,O,O,9.276899
tcr_17_2,C,A,E,K,7,170,O,CD,8.636383
tcr_17_2,C,A,E,T,7,167,O,C,9.561433
tcr_17_2,C,A,E,K,7,170,O,CE,8.2766
tcr_17_2,C,A,E,T,7,167,O,CA,9.091097
tcr_17_2,C,A,E,Y,7,108,O,OH,9.917742
tcr_17_2,C,A,E,K,7,170,O,NZ,7.5706363
tcr_17_2,C,A,E,T,7,167,O,CG2,6.9116263
tcr_17_2,C,A,E,T,7,167,O,CB,8.180951
tcr_17_2,C,A,E,T,7,167,O,OG1,7.995829
tcr_17_2,C,A,E,Y,7,108,O,CE2,9.679797
tcr_17_2,C,A,E,I,7,104,O,CG2,8.858646
tcr_17_2,C,A,E,N,7,101,O,O,7.7958417
tcr_17_2,C,A,E,W,7,119,O,CZ2,7.4641566
tcr_17_2,C,A,E,N,7,101,O,C,7.268388
tcr_17_2,C,A,E,N,7,101,O,CB,4.87045
tcr_17_2,C,A,E,N,7,101,O,CG,3.4344838
tcr_17_2,C,A,E,N,7,101,O,CA,5.9526706
tcr_17_2,C,A,E,I,7,104,O,CB,8.622933
tcr_17_2,C,A,E,N,7,101,O,OD1,3.3975186
tcr_17_2,C,A,E,I,7,104,O,CG1,8.653058
tcr_17_2,C,A,E,N,7,101,O,N,6.3266068
tcr_17_2,C,A,E,I,7,104,O,CD1,7.463124
tcr_17_2,C,A,E,E,7,100,O,CG,8.487252
tcr_17_2,C,A,E,E,7,100,O,CD,9.093664
tcr_17_2,C,A,E,E,7,100,O,CB,7.8490224
tcr_17_2,C,A,E,E,7,100,O,CA,8.165412
tcr_17_2,C,A,E,E,7,100,O,O,8.188805
tcr_17_2,C,A,E,T,7,97,O,O,5.3308034
tcr_17_2,C,A,E,E,7,100,O,C,7.4517083
tcr_17_2,C,A,E,E,7,100,O,OE2,8.69673
tcr_17_2,C,A,E,A,7,105,O,N,9.909797
tcr_17_2,C,A,E,I,7,104,O,CA,9.893466
tcr_17_2,C,A,E,I,7,104,O,N,9.9508915
tcr_17_2,C,A,E,Y,7,140,O,C,9.607095
tcr_17_2,C,A,E,A,7,141,O,N,9.79592
tcr_17_2,C,A,E,Q,7,139,O,O,9.434193
tcr_17_2,C,A,E,Q,7,120,O,O,8.760671
tcr_17_2,C,A,E,Q,7,120,O,N,9.567445
tcr_17_2,C,A,E,Q,7,120,O,CA,9.972786
tcr_17_2,C,A,E,Q,7,120,O,C,9.12461
tcr_17_2,C,A,E,T,7,121,O,N,9.090107
tcr_17_2,C,A,E,T,7,121,O,CA,8.720202
tcr_17_2,C,A,E,A,7,141,O,O,9.961272
tcr_17_2,C,A,E,T,7,121,O,C,9.897291
tcr_17_2,C,A,E,Y,7,33,O,CG,9.181265
tcr_17_2,C,A,E,Y,7,33,O,CZ,9.71694
tcr_17_2,C,A,E,Y,7,33,O,CD2,8.044447
tcr_17_2,C,A,E,Y,7,123,O,CE1,9.869031
tcr_17_2,C,A,E,Y,7,33,O,CE2,8.346842
tcr_17_2,C,A,E,Y,7,123,O,CD1,9.825827
tcr_17_2,C,A,E,T,7,121,O,CG2,7.2914557
tcr_17_2,C,A,E,Y,7,33,O,CB,9.192536
tcr_17_2,C,A,E,T,7,121,O,OG1,6.35436
tcr_17_2,C,A,E,W,7,119,O,CE3,7.073588
tcr_17_2,C,A,E,Y,7,98,O,OH,5.2681646
tcr_17_2,C,A,E,W,7,119,O,CB,7.9223194
tcr_17_2,C,A,E,T,7,121,O,CB,7.4110293
tcr_17_2,C,A,E,Y,7,98,O,CD1,5.793244
tcr_17_2,C,A,E,Y,7,98,O,CE1,5.443989
tcr_17_2,C,A,E,Y,7,98,O,CZ,5.096787
tcr_17_2,C,A,E,W,7,119,O,C,9.563879
tcr_17_2,C,A,E,W,7,119,O,CA,9.25003
tcr_17_2,C,A,E,W,7,119,O,NE1,7.668368
tcr_17_2,C,A,E,W,7,119,O,CG,7.489009
tcr_17_2,C,A,E,W,7,119,O,CD1,7.788132
tcr_17_2,C,A,E,W,7,119,O,CE2,7.2931633
tcr_17_2,C,A,E,W,7,119,O,CD2,7.1221166
tcr_17_2,C,A,E,N,7,94,O,OD1,8.106283
tcr_17_2,C,A,E,N,7,94,O,ND2,8.463648
tcr_17_2,C,A,E,N,7,94,O,CG,8.15798
tcr_17_2,C,A,E,N,7,94,O,CB,8.252717
tcr_17_2,C,A,E,F,7,46,O,CZ,9.644793
tcr_17_2,C,A,E,N,7,94,O,CA,8.034352
tcr_17_2,C,A,E,Y,7,98,O,CE2,5.130666
tcr_17_2,C,A,E,T,7,95,O,N,9.582353
tcr_17_2,C,A,E,N,7,94,O,C,8.282575
tcr_17_2,C,A,E,Y,7,98,O,CD2,5.506171
tcr_17_2,C,A,E,F,7,46,O,CE2,8.944287
tcr_17_2,C,A,E,Y,7,98,O,CG,5.8321066
tcr_17_2,C,A,E,F,7,46,O,CD2,9.582793
tcr_17_2,C,A,E,N,7,94,O,O,7.4590893
tcr_17_2,C,A,E,Y,7,98,O,CB,6.68275
tcr_17_2,C,A,E,N,7,94,O,N,9.127137
tcr_17_2,C,A,E,T,7,93,O,C,9.464637
tcr_17_2,C,A,E,T,7,95,O,C,9.82905
tcr_17_2,C,A,E,T,7,93,O,O,8.972441
tcr_17_2,C,A,E,Q,7,96,O,CA,9.771636
tcr_17_2,C,A,E,T,7,97,O,N,7.4065194
tcr_17_2,C,A,E,Q,7,96,O,N,9.842246
tcr_17_2,C,A,E,L,7,102,O,CG,9.977364
tcr_17_2,C,A,E,R,7,99,O,N,8.260642
tcr_17_2,C,A,E,Y,7,98,O,O,7.4666047
tcr_17_2,C,A,E,R,7,99,O,CA,9.386347
tcr_17_2,C,A,E,L,7,102,O,N,8.053094
tcr_17_2,C,A,E,Y,7,98,O,CA,6.1263447
tcr_17_2,C,A,E,R,7,99,O,C,9.115004
tcr_17_2,C,A,E,R,7,99,O,O,9.859913
tcr_17_2,C,A,E,Y,7,98,O,N,5.9824696
tcr_17_2,C,A,E,Y,7,98,O,C,7.2814217
tcr_17_2,C,A,E,A,7,35,O,CB,9.412074
tcr_17_2,C,A,E,E,7,100,O,N,8.275363
tcr_17_2,C,A,E,Q,7,96,O,C,8.396958
tcr_17_2,C,A,E,Q,7,96,O,O,8.389773
tcr_17_2,C,A,E,T,7,95,O,O,9.753826
tcr_17_2,C,A,E,L,7,102,O,CA,9.424883
tcr_17_2,C,A,E,Y,7,123,CB,OH,8.446937
tcr_17_2,C,A,E,Y,7,123,CB,CE2,9.195424
tcr_17_2,C,A,E,Y,7,123,CB,CZ,8.337503
tcr_17_2,C,A,E,Y,7,123,CB,CD2,9.408567
tcr_17_2,C,A,E,N,7,138,CB,CB,9.623579
tcr_17_2,C,A,E,W,7,157,CB,CZ3,9.870586
tcr_17_2,C,A,E,Q,7,139,CB,C,9.9816675
tcr_17_2,C,A,E,Y,7,140,CB,N,9.997288
tcr_17_2,C,A,E,I,7,148,CB,CG2,9.857201
tcr_17_2,C,A,E,Y,7,140,CB,CB,8.629131
tcr_17_2,C,A,E,Y,7,140,CB,CA,9.53248
tcr_17_2,C,A,E,W,7,171,CB,CZ3,7.725331
tcr_17_2,C,A,E,W,7,171,CB,CD2,8.071981
tcr_17_2,C,A,E,L,7,180,CB,CB,9.940767
tcr_17_2,C,A,E,W,7,171,CB,CE3,8.402957
tcr_17_2,C,A,E,W,7,157,CB,CH2,9.328343
tcr_17_2,C,A,E,L,7,180,CB,CD2,9.361657
tcr_17_2,C,A,E,L,7,180,CB,CG,9.708722
tcr_17_2,C,A,E,W,7,171,CB,CH2,6.597249
tcr_17_2,C,A,E,L,7,180,CB,CD1,8.771571
tcr_17_2,C,A,E,N,7,138,CB,ND2,7.2997
tcr_17_2,C,A,E,N,7,138,CB,CG,8.1426325
tcr_17_2,C,A,E,N,7,138,CB,OD1,7.8681717
tcr_17_2,C,A,E,Y,7,140,CB,CD2,7.3457375
tcr_17_2,C,A,E,Y,7,123,CB,CB,9.431444
tcr_17_2,C,A,E,Y,7,140,CB,CD1,6.1040883
tcr_17_2,C,A,E,Y,7,140,CB,CE1,4.8209805
tcr_17_2,C,A,E,Y,7,140,CB,CZ,4.9578676
tcr_17_2,C,A,E,Y,7,140,CB,CG,7.265605
tcr_17_2,C,A,E,Y,7,140,CB,CE2,6.322022
tcr_17_2,C,A,E,E,7,176,CB,CD,7.1411743
tcr_17_2,C,A,E,W,7,171,CB,CZ2,6.1401944
tcr_17_2,C,A,E,Y,7,140,CB,OH,4.084975
tcr_17_2,C,A,E,W,7,171,CB,CE2,6.9633737
tcr_17_2,C,A,E,E,7,176,CB,CB,9.171837
tcr_17_2,C,A,E,W,7,171,CB,CG,8.895386
tcr_17_2,C,A,E,W,7,171,CB,NE1,7.2178407
tcr_17_2,C,A,E,E,7,176,CB,CG,7.726677
tcr_17_2,C,A,E,W,7,171,CB,CD1,8.390949
tcr_17_2,C,A,E,E,7,176,CB,OE1,6.1496296
tcr_17_2,C,A,E,N,7,101,CB,ND2,4.65285
tcr_17_2,C,A,E,E,7,176,CB,OE2,7.87716
tcr_17_2,C,A,E,T,7,97,CB,OG1,5.110981
tcr_17_2,C,A,E,T,7,97,CB,CG2,3.6584644
tcr_17_2,C,A,E,T,7,93,CB,CG2,8.039176
tcr_17_2,C,A,E,T,7,97,CB,C,5.8795705
tcr_17_2,C,A,E,T,7,97,CB,CA,5.8549895
tcr_17_2,C,A,E,T,7,93,CB,CB,8.629982
tcr_17_2,C,A,E,T,7,93,CB,OG1,9.951226
tcr_17_2,C,A,E,T,7,97,CB,CB,4.5515804
tcr_17_2,C,A,E,W,7,119,CB,CZ3,9.352858
tcr_17_2,C,A,E,W,7,119,CB,CH2,9.869459
tcr_17_2,C,A,E,K,7,170,CB,NZ,9.789872
tcr_17_2,C,A,E,T,7,167,CB,CG2,9.396513
tcr_17_2,C,A,E,W,7,119,CB,CZ2,9.978174
tcr_17_2,C,A,E,N,7,101,CB,C,9.505022
tcr_17_2,C,A,E,N,7,101,CB,CB,7.0094485
tcr_17_2,C,A,E,N,7,101,CB,CG,5.6852374
tcr_17_2,C,A,E,N,7,101,CB,CA,8.180949
tcr_17_2,C,A,E,N,7,101,CB,OD1,5.7878013
tcr_17_2,C,A,E,N,7,101,CB,N,8.207953
tcr_17_2,C,A,E,I,7,104,CB,CD1,9.904881
tcr_17_2,C,A,E,E,7,100,CB,CG,9.994213
tcr_17_2,C,A,E,E,7,100,CB,CB,9.136491
tcr_17_2,C,A,E,E,7,100,CB,CA,9.62603
tcr_17_2,C,A,E,T,7,97,CB,O,6.252187
tcr_17_2,C,A,E,E,7,100,CB,C,9.302048
tcr_17_2,C,A,E,E,7,100,CB,OE2,9.591156
tcr_17_2,C,A,E,M,7,122,CB,N,9.904342
tcr_17_2,C,A,E,T,7,121,CB,O,9.506405
tcr_17_2,C,A,E,Q,7,139,CB,O,9.545068
tcr_17_2,C,A,E,Q,7,120,CB,O,9.36703
tcr_17_2,C,A,E,Q,7,120,CB,C,9.431297
tcr_17_2,C,A,E,T,7,121,CB,N,8.9811945
tcr_17_2,C,A,E,T,7,121,CB,CA,8.431128
tcr_17_2,C,A,E,T,7,121,CB,C,9.258633
tcr_17_2,C,A,E,Y,7,33,CB,CG,7.4588127
tcr_17_2,C,A,E,Y,7,33,CB,CZ,7.2904863
tcr_17_2,C,A,E,Y,7,33,CB,CD2,6.1384397
tcr_17_2,C,A,E,Y,7,123,CB,CE1,7.6554823
tcr_17_2,C,A,E,Y,7,33,CB,CE2,6.032736
tcr_17_2,C,A,E,Y,7,123,CB,CD1,7.922246
tcr_17_2,C,A,E,T,7,121,CB,CG2,6.598952
tcr_17_2,C,A,E,Y,7,123,CB,CG,8.821103
tcr_17_2,C,A,E,Y,7,33,CB,CD1,8.497262
tcr_17_2,C,A,E,Y,7,33,CB,CB,7.924938
tcr_17_2,C,A,E,Y,7,33,CB,CE1,8.435769
tcr_17_2,C,A,E,Y,7,33,CB,CA,9.445927
tcr_17_2,C,A,E,T,7,121,CB,OG1,6.3327603
tcr_17_2,C,A,E,W,7,119,CB,CE3,8.956086
tcr_17_2,C,A,E,Y,7,98,CB,OH,4.414203
tcr_17_2,C,A,E,W,7,119,CB,CB,9.157533
tcr_17_2,C,A,E,T,7,121,CB,CB,6.92024
tcr_17_2,C,A,E,Y,7,98,CB,CD1,6.0051613
tcr_17_2,C,A,E,Y,7,98,CB,CE1,5.481217
tcr_17_2,C,A,E,Y,7,98,CB,CZ,4.4509935
tcr_17_2,C,A,E,W,7,119,CB,NE1,9.882554
tcr_17_2,C,A,E,W,7,119,CB,CG,9.179192
tcr_17_2,C,A,E,W,7,119,CB,CD1,9.656522
tcr_17_2,C,A,E,W,7,119,CB,CE2,9.586412
tcr_17_2,C,A,E,W,7,119,CB,CD2,9.087434
tcr_17_2,C,A,E,I,7,90,CB,CG2,8.72825
tcr_17_2,C,A,E,N,7,94,CB,OD1,5.397458
tcr_17_2,C,A,E,Y,7,33,CB,OH,7.587257
tcr_17_2,C,A,E,F,7,91,CB,CA,9.932758
tcr_17_2,C,A,E,N,7,94,CB,ND2,5.720462
tcr_17_2,C,A,E,N,7,94,CB,CG,5.5149794
tcr_17_2,C,A,E,N,7,94,CB,CB,5.971047
tcr_17_2,C,A,E,F,7,46,CB,CZ,7.895227
tcr_17_2,C,A,E,N,7,94,CB,CA,6.0310955
tcr_17_2,C,A,E,Y,7,98,CB,CE2,3.9605186
tcr_17_2,C,A,E,T,7,95,CB,N,8.0622425
tcr_17_2,C,A,E,N,7,94,CB,C,6.7341347
tcr_17_2,C,A,E,Y,7,98,CB,CD2,4.6685524
tcr_17_2,C,A,E,F,7,46,CB,CE2,7.587847
tcr_17_2,C,A,E,Y,7,98,CB,CG,5.659225
tcr_17_2,C,A,E,F,7,46,CB,CD2,8.515647
tcr_17_2,C,A,E,N,7,94,CB,O,6.2920995
tcr_17_2,C,A,E,Y,7,98,CB,CB,6.70734
tcr_17_2,C,A,E,F,7,46,CB,CE1,9.061567
tcr_17_2,C,A,E,F,7,46,CB,CD1,9.847708
tcr_17_2,C,A,E,F,7,46,CB,CG,9.60615
tcr_17_2,C,A,E,I,7,90,CB,C,9.416715
tcr_17_2,C,A,E,T,7,93,CB,CA,8.818121
tcr_17_2,C,A,E,I,7,90,CB,O,8.480308
tcr_17_2,C,A,E,T,7,93,CB,N,9.743243
tcr_17_2,C,A,E,N,7,94,CB,N,7.0186954
tcr_17_2,C,A,E,T,7,93,CB,C,7.574863
tcr_17_2,C,A,E,T,7,95,CB,CA,9.021703
tcr_17_2,C,A,E,T,7,95,CB,C,9.005258
tcr_17_2,C,A,E,T,7,93,CB,O,7.4287014
tcr_17_2,C,A,E,Q,7,96,CB,CA,9.224194
tcr_17_2,C,A,E,T,7,97,CB,N,6.9003415
tcr_17_2,C,A,E,Q,7,96,CB,N,8.9518385
tcr_17_2,C,A,E,Q,7,96,CB,CB,9.864495
tcr_17_2,C,A,E,F,7,91,CB,O,9.589371
tcr_17_2,C,A,E,R,7,99,CB,N,8.788441
tcr_17_2,C,A,E,Y,7,98,CB,O,8.577165
tcr_17_2,C,A,E,Y,7,98,CB,CA,6.565858
tcr_17_2,C,A,E,Y,7,98,CB,N,6.0329313
tcr_17_2,C,A,E,Y,7,98,CB,C,8.015024
tcr_17_2,C,A,E,A,7,35,CB,CB,9.658963
tcr_17_2,C,A,E,E,7,100,CB,N,9.402141
tcr_17_2,C,A,E,Q,7,96,CB,C,8.131739
tcr_17_2,C,A,E,Q,7,96,CB,O,8.556251
tcr_17_2,C,A,E,T,7,95,CB,O,9.28289
tcr_17_2,C,A,E,L,7,180,CG,CA,9.602177
tcr_17_2,C,A,E,L,7,180,CG,N,9.945357
tcr_17_2,C,A,E,Y,7,183,CG,CE1,9.937518
tcr_17_2,C,A,E,Y,7,183,CG,CD1,9.925701
tcr_17_2,C,A,E,Y,7,123,CG,OH,7.0602517
tcr_17_2,C,A,E,Y,7,123,CG,CE2,7.800039
tcr_17_2,C,A,E,Y,7,123,CG,CZ,6.9815435
tcr_17_2,C,A,E,Y,7,123,CG,CD2,8.096009
tcr_17_2,C,A,E,Y,7,31,CG,CB,9.759949
tcr_17_2,C,A,E,I,7,90,CG,CG1,9.672184
tcr_17_2,C,A,E,I,7,90,CG,CB,9.023702
tcr_17_2,C,A,E,Q,7,139,CG,N,9.999413
tcr_17_2,C,A,E,N,7,138,CG,CB,8.907519
tcr_17_2,C,A,E,W,7,157,CG,CZ3,9.763147
tcr_17_2,C,A,E,N,7,138,CG,CA,9.798353
tcr_17_2,C,A,E,Q,7,139,CG,C,9.924487
tcr_17_2,C,A,E,Y,7,140,CG,CB,9.109997
tcr_17_2,C,A,E,Y,7,140,CG,CA,9.851367
tcr_17_2,C,A,E,E,7,176,CG,CA,9.968094
tcr_17_2,C,A,E,W,7,171,CG,CZ3,8.137742
tcr_17_2,C,A,E,W,7,171,CG,CD2,8.611137
tcr_17_2,C,A,E,L,7,180,CG,CB,9.01848
tcr_17_2,C,A,E,W,7,171,CG,CE3,8.809989
tcr_17_2,C,A,E,W,7,157,CG,CH2,9.136648
tcr_17_2,C,A,E,W,7,157,CG,CZ2,9.858704
tcr_17_2,C,A,E,L,7,180,CG,CD2,8.561504
tcr_17_2,C,A,E,L,7,180,CG,CG,8.72798
tcr_17_2,C,A,E,W,7,171,CG,CH2,7.179044
tcr_17_2,C,A,E,L,7,180,CG,CD1,7.6486964
tcr_17_2,C,A,E,N,7,138,CG,ND2,6.5010314
tcr_17_2,C,A,E,N,7,138,CG,CG,7.502471
tcr_17_2,C,A,E,N,7,138,CG,OD1,7.4400373
tcr_17_2,C,A,E,Y,7,140,CG,CD2,7.5476813
tcr_17_2,C,A,E,Y,7,123,CG,CB,8.388048
tcr_17_2,C,A,E,Y,7,140,CG,CD1,6.6553783
tcr_17_2,C,A,E,Y,7,140,CG,CE1,5.2988973
tcr_17_2,C,A,E,Y,7,140,CG,CZ,5.1250663
tcr_17_2,C,A,E,Y,7,140,CG,CG,7.6759324
tcr_17_2,C,A,E,Y,7,140,CG,CE2,6.3822594
tcr_17_2,C,A,E,E,7,176,CG,CD,6.969152
tcr_17_2,C,A,E,W,7,171,CG,CZ2,6.905823
tcr_17_2,C,A,E,Y,7,140,CG,OH,4.0191817
tcr_17_2,C,A,E,W,7,171,CG,CE2,7.678276
tcr_17_2,C,A,E,E,7,176,CG,O,9.646835
tcr_17_2,C,A,E,E,7,176,CG,CB,9.110665
tcr_17_2,C,A,E,W,7,171,CG,CG,9.437102
tcr_17_2,C,A,E,W,7,171,CG,NE1,8.0188
tcr_17_2,C,A,E,E,7,176,CG,CG,7.595004
tcr_17_2,C,A,E,W,7,171,CG,CD1,9.070944
tcr_17_2,C,A,E,E,7,176,CG,OE1,5.8372965
tcr_17_2,C,A,E,N,7,101,CG,ND2,6.087214
tcr_17_2,C,A,E,E,7,176,CG,OE2,7.7912593
tcr_17_2,C,A,E,T,7,97,CG,OG1,5.8101945
tcr_17_2,C,A,E,Q,7,179,CG,OE1,9.322558
tcr_17_2,C,A,E,T,7,97,CG,CG2,4.8579707
tcr_17_2,C,A,E,T,7,93,CG,CG2,7.942257
tcr_17_2,C,A,E,T,7,97,CG,C,7.088304
tcr_17_2,C,A,E,T,7,97,CG,CA,6.92234
tcr_17_2,C,A,E,T,7,93,CG,CB,8.39666
tcr_17_2,C,A,E,T,7,93,CG,OG1,9.645579
tcr_17_2,C,A,E,T,7,97,CG,CB,5.5029306
tcr_17_2,C,A,E,N,7,101,CG,CB,8.455852
tcr_17_2,C,A,E,N,7,101,CG,CG,7.1784964
tcr_17_2,C,A,E,N,7,101,CG,CA,9.672069
tcr_17_2,C,A,E,N,7,101,CG,OD1,7.321695
tcr_17_2,C,A,E,N,7,101,CG,N,9.685037
tcr_17_2,C,A,E,T,7,97,CG,O,7.6050406
tcr_17_2,C,A,E,M,7,122,CG,O,9.954241
tcr_17_2,C,A,E,M,7,122,CG,C,9.826434
tcr_17_2,C,A,E,M,7,122,CG,N,9.498317
tcr_17_2,C,A,E,Y,7,123,CG,N,9.679567
tcr_17_2,C,A,E,Y,7,123,CG,CA,9.727287
tcr_17_2,C,A,E,T,7,121,CG,O,9.111548
tcr_17_2,C,A,E,Q,7,139,CG,O,9.41706
tcr_17_2,C,A,E,Q,7,120,CG,O,9.705983
tcr_17_2,C,A,E,Q,7,120,CG,C,9.687299
tcr_17_2,C,A,E,T,7,121,CG,N,9.047296
tcr_17_2,C,A,E,T,7,121,CG,CA,8.338633
tcr_17_2,C,A,E,T,7,121,CG,C,8.936875
tcr_17_2,C,A,E,Y,7,33,CG,CG,6.9499583
tcr_17_2,C,A,E,Y,7,33,CG,CZ,6.2992806
tcr_17_2,C,A,E,Y,7,33,CG,CD2,5.554566
tcr_17_2,C,A,E,Y,7,123,CG,CE1,6.4414825
tcr_17_2,C,A,E,Y,7,33,CG,CE2,5.1509113
tcr_17_2,C,A,E,Y,7,123,CG,CD1,6.808306
tcr_17_2,C,A,E,T,7,121,CG,CG2,6.278099
tcr_17_2,C,A,E,Y,7,123,CG,CG,7.646565
tcr_17_2,C,A,E,Y,7,33,CG,CD1,7.825918
tcr_17_2,C,A,E,Y,7,33,CG,CB,7.6742835
tcr_17_2,C,A,E,Y,7,33,CG,CE1,7.5580153
tcr_17_2,C,A,E,Y,7,33,CG,N,9.584645
tcr_17_2,C,A,E,Y,7,33,CG,CA,9.181329
tcr_17_2,C,A,E,T,7,121,CG,OG1,6.528932
tcr_17_2,C,A,E,W,7,119,CG,CE3,9.9322195
tcr_17_2,C,A,E,Y,7,98,CG,OH,4.5483346
tcr_17_2,C,A,E,T,7,121,CG,CB,6.808683
tcr_17_2,C,A,E,Y,7,98,CG,CD1,6.820491
tcr_17_2,C,A,E,Y,7,98,CG,CE1,6.1327085
tcr_17_2,C,A,E,Y,7,98,CG,CZ,4.883317
tcr_17_2,C,A,E,Y,7,33,CG,C,9.961173
tcr_17_2,C,A,E,F,7,91,CG,CD1,9.197034
tcr_17_2,C,A,E,I,7,90,CG,CG2,7.604117
tcr_17_2,C,A,E,F,7,91,CG,CE1,9.456048
tcr_17_2,C,A,E,N,7,94,CG,OD1,4.768804
tcr_17_2,C,A,E,Y,7,33,CG,OH,6.4151125
tcr_17_2,C,A,E,F,7,91,CG,CA,9.345806
tcr_17_2,C,A,E,N,7,94,CG,ND2,4.8518424
tcr_17_2,C,A,E,N,7,94,CG,CG,4.9033284
tcr_17_2,C,A,E,N,7,94,CG,CB,5.699168
tcr_17_2,C,A,E,F,7,46,CG,CZ,7.7083793
tcr_17_2,C,A,E,N,7,94,CG,CA,6.061166
tcr_17_2,C,A,E,Y,7,98,CG,CE2,4.367802
tcr_17_2,C,A,E,T,7,95,CG,N,8.292091
tcr_17_2,C,A,E,N,7,94,CG,C,7.0178595
tcr_17_2,C,A,E,Y,7,98,CG,CD2,5.2992315
tcr_17_2,C,A,E,F,7,46,CG,CE2,7.655366
tcr_17_2,C,A,E,Y,7,98,CG,CG,6.468743
tcr_17_2,C,A,E,F,7,46,CG,CD2,8.753798
tcr_17_2,C,A,E,N,7,94,CG,O,6.8212476
tcr_17_2,C,A,E,Y,7,98,CG,CB,7.6119947
tcr_17_2,C,A,E,F,7,46,CG,CE1,8.851685
tcr_17_2,C,A,E,F,7,46,CG,CD1,9.814296
tcr_17_2,C,A,E,F,7,46,CG,CG,9.776024
tcr_17_2,C,A,E,F,7,91,CG,N,9.425584
tcr_17_2,C,A,E,I,7,90,CG,CA,9.181953
tcr_17_2,C,A,E,I,7,90,CG,C,8.682351
tcr_17_2,C,A,E,T,7,93,CG,CA,8.754827
tcr_17_2,C,A,E,I,7,90,CG,O,7.879865
tcr_17_2,C,A,E,T,7,93,CG,N,9.570688
tcr_17_2,C,A,E,N,7,94,CG,N,6.9302983
tcr_17_2,C,A,E,T,7,93,CG,C,7.6400933
tcr_17_2,C,A,E,T,7,95,CG,CA,9.41224
tcr_17_2,C,A,E,T,7,95,CG,C,9.606984
tcr_17_2,C,A,E,T,7,93,CG,O,7.7398076
tcr_17_2,C,A,E,Q,7,96,CG,CA,9.990855
tcr_17_2,C,A,E,T,7,97,CG,N,7.7815127
tcr_17_2,C,A,E,Q,7,96,CG,N,9.551323
tcr_17_2,C,A,E,F,7,91,CG,C,9.754664
tcr_17_2,C,A,E,F,7,91,CG,O,9.372826
tcr_17_2,C,A,E,R,7,99,CG,N,9.910566
tcr_17_2,C,A,E,Y,7,98,CG,O,9.816431
tcr_17_2,C,A,E,Y,7,98,CG,CA,7.688585
tcr_17_2,C,A,E,Y,7,98,CG,N,7.115735
tcr_17_2,C,A,E,Y,7,98,CG,C,9.188307
tcr_17_2,C,A,E,Q,7,96,CG,C,9.057952
tcr_17_2,C,A,E,Q,7,96,CG,O,9.62977
tcr_17_2,C,A,E,Y,7,183,CD,CE1,9.646158
tcr_17_2,C,A,E,Y,7,183,CD,CD1,9.846286
tcr_17_2,C,A,E,Y,7,31,CD,CD2,9.659217
tcr_17_2,C,A,E,Y,7,183,CD,OH,9.9452715
tcr_17_2,C,A,E,Y,7,123,CD,OH,6.0254707
tcr_17_2,C,A,E,Y,7,183,CD,CZ,9.8488655
tcr_17_2,C,A,E,Y,7,123,CD,CE2,7.109935
tcr_17_2,C,A,E,Y,7,123,CD,CZ,6.091676
tcr_17_2,C,A,E,Y,7,123,CD,CD2,7.56475
tcr_17_2,C,A,E,Y,7,31,CD,CB,8.578334
tcr_17_2,C,A,E,I,7,90,CD,CG1,8.906117
tcr_17_2,C,A,E,I,7,90,CD,CD1,9.456508
tcr_17_2,C,A,E,I,7,90,CD,N,9.718955
tcr_17_2,C,A,E,I,7,90,CD,CB,8.082373
tcr_17_2,C,A,E,Y,7,31,CD,CG,9.213659
tcr_17_2,C,A,E,Y,7,31,CD,CA,9.738069
tcr_17_2,C,A,E,Y,7,31,CD,CD1,9.681605
tcr_17_2,C,A,E,F,7,91,CD,CZ,9.341716
tcr_17_2,C,A,E,N,7,138,CD,CB,9.240836
tcr_17_2,C,A,E,N,7,138,CD,CA,9.967199
tcr_17_2,C,A,E,Q,7,139,CD,C,9.990732
tcr_17_2,C,A,E,Y,7,140,CD,CB,9.447714
tcr_17_2,C,A,E,Y,7,140,CD,CA,9.997876
tcr_17_2,C,A,E,W,7,171,CD,CZ3,9.2855425
tcr_17_2,C,A,E,W,7,171,CD,CD2,9.984794
tcr_17_2,C,A,E,L,7,180,CD,CB,9.830767
tcr_17_2,C,A,E,L,7,180,CD,CD2,9.278949
tcr_17_2,C,A,E,L,7,180,CD,CG,9.370133
tcr_17_2,C,A,E,W,7,171,CD,CH2,8.313317
tcr_17_2,C,A,E,L,7,180,CD,CD1,8.139706
tcr_17_2,C,A,E,N,7,138,CD,ND2,6.900134
tcr_17_2,C,A,E,N,7,138,CD,CG,7.8916674
tcr_17_2,C,A,E,N,7,138,CD,OD1,7.868098
tcr_17_2,C,A,E,Y,7,140,CD,CD2,8.062627
tcr_17_2,C,A,E,Y,7,123,CD,CB,8.047199
tcr_17_2,C,A,E,Y,7,140,CD,CD1,7.032246
tcr_17_2,C,A,E,Y,7,140,CD,CE1,5.7821403
tcr_17_2,C,A,E,Y,7,140,CD,CZ,5.755546
tcr_17_2,C,A,E,Y,7,140,CD,CG,8.087116
tcr_17_2,C,A,E,Y,7,140,CD,CE2,6.9964767
tcr_17_2,C,A,E,E,7,176,CD,CD,8.4073925
tcr_17_2,C,A,E,W,7,171,CD,CZ2,8.167759
tcr_17_2,C,A,E,Y,7,140,CD,OH,4.810013
tcr_17_2,C,A,E,W,7,171,CD,CE2,9.0532465
tcr_17_2,C,A,E,W,7,171,CD,NE1,9.462994
tcr_17_2,C,A,E,E,7,176,CD,CG,9.016608
tcr_17_2,C,A,E,E,7,176,CD,OE1,7.239822
tcr_17_2,C,A,E,N,7,101,CD,ND2,6.52128
tcr_17_2,C,A,E,E,7,176,CD,OE2,9.241804
tcr_17_2,C,A,E,T,7,97,CD,OG1,6.0050883
tcr_17_2,C,A,E,T,7,97,CD,CG2,5.385726
tcr_17_2,C,A,E,T,7,93,CD,CG2,7.781381
tcr_17_2,C,A,E,T,7,97,CD,C,7.129716
tcr_17_2,C,A,E,T,7,97,CD,CA,7.0170684
tcr_17_2,C,A,E,T,7,93,CD,CB,7.9572997
tcr_17_2,C,A,E,T,7,93,CD,OG1,9.213578
tcr_17_2,C,A,E,T,7,97,CD,CB,5.6568837
tcr_17_2,C,A,E,N,7,101,CD,CB,8.786713
tcr_17_2,C,A,E,N,7,101,CD,CG,7.6773686
tcr_17_2,C,A,E,N,7,101,CD,OD1,8.006112
tcr_17_2,C,A,E,T,7,97,CD,O,7.8212194
tcr_17_2,C,A,E,M,7,122,CD,O,9.628569
tcr_17_2,C,A,E,M,7,122,CD,C,9.31762
tcr_17_2,C,A,E,M,7,122,CD,CA,9.492819
tcr_17_2,C,A,E,M,7,122,CD,N,8.925068
tcr_17_2,C,A,E,Y,7,123,CD,N,9.09435
tcr_17_2,C,A,E,Y,7,123,CD,CA,9.27767
tcr_17_2,C,A,E,T,7,121,CD,O,8.23505
tcr_17_2,C,A,E,Y,7,31,CD,C,9.455264
tcr_17_2,C,A,E,F,7,32,CD,CA,9.922702
tcr_17_2,C,A,E,Y,7,31,CD,O,9.124395
tcr_17_2,C,A,E,Q,7,139,CD,O,9.311275
tcr_17_2,C,A,E,Q,7,120,CD,O,9.386478
tcr_17_2,C,A,E,Q,7,120,CD,C,9.178152
tcr_17_2,C,A,E,T,7,121,CD,N,8.409932
tcr_17_2,C,A,E,T,7,121,CD,CA,7.7874527
tcr_17_2,C,A,E,T,7,121,CD,C,8.248344
tcr_17_2,C,A,E,Y,7,33,CD,CG,5.5845885
tcr_17_2,C,A,E,Y,7,33,CD,CZ,4.8425612
tcr_17_2,C,A,E,Y,7,33,CD,CD2,4.1972036
tcr_17_2,C,A,E,Y,7,123,CD,CE1,5.520056
tcr_17_2,C,A,E,Y,7,33,CD,CE2,3.7072139
tcr_17_2,C,A,E,Y,7,123,CD,CD1,6.105917
tcr_17_2,C,A,E,T,7,121,CD,CG2,5.9254537
tcr_17_2,C,A,E,Y,7,123,CD,CG,7.1249285
tcr_17_2,C,A,E,Y,7,33,CD,CD1,6.3807673
tcr_17_2,C,A,E,Y,7,33,CD,CB,6.4369144
tcr_17_2,C,A,E,Y,7,33,CD,CE1,6.0834355
tcr_17_2,C,A,E,Y,7,33,CD,N,8.372153
tcr_17_2,C,A,E,Y,7,33,CD,CA,7.932425
tcr_17_2,C,A,E,F,7,32,CD,C,9.227322
tcr_17_2,C,A,E,F,7,32,CD,N,9.840352
tcr_17_2,C,A,E,F,7,32,CD,O,9.661641
tcr_17_2,C,A,E,T,7,121,CD,OG1,6.1911526
tcr_17_2,C,A,E,Y,7,98,CD,OH,3.9622297
tcr_17_2,C,A,E,W,7,119,CD,CB,9.79397
tcr_17_2,C,A,E,T,7,121,CD,CB,6.281018
tcr_17_2,C,A,E,Y,7,98,CD,CD1,6.307634
tcr_17_2,C,A,E,Y,7,98,CD,CE1,5.6241164
tcr_17_2,C,A,E,Y,7,98,CD,CZ,4.2554255
tcr_17_2,C,A,E,Y,7,33,CD,O,9.102633
tcr_17_2,C,A,E,Y,7,33,CD,C,8.822143
tcr_17_2,C,A,E,I,7,47,CD,O,9.847607
tcr_17_2,C,A,E,T,7,34,CD,N,9.4771595
tcr_17_2,C,A,E,F,7,91,CD,CD1,7.735297
tcr_17_2,C,A,E,F,7,91,CD,CG,8.889592
tcr_17_2,C,A,E,I,7,90,CD,CG2,6.638637
tcr_17_2,C,A,E,F,7,91,CD,CE1,7.993915
tcr_17_2,C,A,E,N,7,94,CD,OD1,3.9105506
tcr_17_2,C,A,E,Y,7,33,CD,OH,5.035983
tcr_17_2,C,A,E,F,7,91,CD,CA,8.064459
tcr_17_2,C,A,E,N,7,94,CD,ND2,3.489427
tcr_17_2,C,A,E,F,7,91,CD,CB,9.037199
tcr_17_2,C,A,E,N,7,94,CD,CG,3.7372353
tcr_17_2,C,A,E,N,7,94,CD,CB,4.526194
tcr_17_2,C,A,E,F,7,46,CD,CZ,6.303612
tcr_17_2,C,A,E,N,7,94,CD,CA,5.193298
tcr_17_2,C,A,E,Y,7,98,CD,CE2,3.5801642
tcr_17_2,C,A,E,T,7,95,CD,N,7.3623676
tcr_17_2,C,A,E,N,7,94,CD,C,6.1650605
tcr_17_2,C,A,E,Y,7,98,CD,CD2,4.5880656
tcr_17_2,C,A,E,F,7,46,CD,CE2,6.3859262
tcr_17_2,C,A,E,Y,7,98,CD,CG,5.878892
tcr_17_2,C,A,E,F,7,46,CD,CD2,7.5753784
tcr_17_2,C,A,E,N,7,94,CD,O,6.110857
tcr_17_2,C,A,E,Y,7,98,CD,CB,7.0634484
tcr_17_2,C,A,E,F,7,46,CD,CE1,7.4419317
tcr_17_2,C,A,E,A,7,48,CD,CB,8.884446
tcr_17_2,C,A,E,A,7,48,CD,CA,9.861051
tcr_17_2,C,A,E,F,7,46,CD,CD1,8.4823265
tcr_17_2,C,A,E,F,7,46,CD,CB,9.875777
tcr_17_2,C,A,E,F,7,46,CD,CG,8.547424
tcr_17_2,C,A,E,Q,7,89,CD,O,9.945083
tcr_17_2,C,A,E,F,7,91,CD,N,8.239098
tcr_17_2,C,A,E,I,7,90,CD,CA,8.271631
tcr_17_2,C,A,E,I,7,90,CD,C,7.6362042
tcr_17_2,C,A,E,T,7,93,CD,CA,8.193456
tcr_17_2,C,A,E,K,7,92,CD,N,9.575953
tcr_17_2,C,A,E,I,7,90,CD,O,6.9017463
tcr_17_2,C,A,E,T,7,93,CD,N,8.810761
tcr_17_2,C,A,E,K,7,92,CD,C,9.483567
tcr_17_2,C,A,E,N,7,94,CD,N,6.142436
tcr_17_2,C,A,E,T,7,93,CD,C,7.057652
tcr_17_2,C,A,E,K,7,92,CD,O,9.732524
tcr_17_2,C,A,E,T,7,95,CD,CA,8.523635
tcr_17_2,C,A,E,T,7,95,CD,C,8.934701
tcr_17_2,C,A,E,T,7,93,CD,O,7.305927
tcr_17_2,C,A,E,Q,7,96,CD,CA,9.65689
tcr_17_2,C,A,E,T,7,97,CD,N,7.653374
tcr_17_2,C,A,E,Q,7,96,CD,N,9.009501
tcr_17_2,C,A,E,F,7,91,CD,C,8.56617
tcr_17_2,C,A,E,F,7,91,CD,O,8.194251
tcr_17_2,C,A,E,T,7,95,CD,OG1,9.81166
tcr_17_2,C,A,E,T,7,95,CD,CB,9.797732
tcr_17_2,C,A,E,R,7,99,CD,N,9.624143
tcr_17_2,C,A,E,Y,7,98,CD,O,9.647243
tcr_17_2,C,A,E,Y,7,98,CD,CA,7.4165998
tcr_17_2,C,A,E,Y,7,98,CD,N,6.8919983
tcr_17_2,C,A,E,Y,7,98,CD,C,8.946758
tcr_17_2,C,A,E,A,7,35,CD,CB,9.654703
tcr_17_2,C,A,E,Q,7,96,CD,C,8.893735
tcr_17_2,C,A,E,Q,7,96,CD,O,9.565115
tcr_17_2,C,A,E,T,7,95,CD,O,9.416268
tcr_17_2,C,A,E,G,7,124,OE1,N,9.984555
tcr_17_2,C,A,E,Y,7,123,OE1,O,9.283159
tcr_17_2,C,A,E,Y,7,123,OE1,C,9.248192
tcr_17_2,C,A,E,Y,7,31,OE1,N,9.631709
tcr_17_2,C,A,E,L,7,180,OE1,CA,9.831795
tcr_17_2,C,A,E,Y,7,183,OE1,CE1,8.542606
tcr_17_2,C,A,E,Y,7,183,OE1,CD1,8.820046
tcr_17_2,C,A,E,Y,7,183,OE1,CG,9.2148285
tcr_17_2,C,A,E,Y,7,183,OE1,CB,9.866487
tcr_17_2,C,A,E,Y,7,183,OE1,CD2,9.337209
tcr_17_2,C,A,E,Y,7,183,OE1,CE2,9.076524
tcr_17_2,C,A,E,Y,7,31,OE1,CE2,9.323968
tcr_17_2,C,A,E,Y,7,31,OE1,CD2,8.516187
tcr_17_2,C,A,E,Y,7,183,OE1,OH,8.732246
tcr_17_2,C,A,E,Y,7,123,OE1,OH,4.830445
tcr_17_2,C,A,E,Y,7,183,OE1,CZ,8.674142
tcr_17_2,C,A,E,Y,7,123,OE1,CE2,6.0023885
tcr_17_2,C,A,E,Y,7,123,OE1,CZ,4.977147
tcr_17_2,C,A,E,Y,7,123,OE1,CD2,6.5839777
tcr_17_2,C,A,E,Y,7,31,OE1,CB,7.6116066
tcr_17_2,C,A,E,I,7,90,OE1,CG1,8.117025
tcr_17_2,C,A,E,I,7,90,OE1,CD1,8.519491
tcr_17_2,C,A,E,I,7,90,OE1,N,9.190078
tcr_17_2,C,A,E,I,7,90,OE1,CB,7.3364725
tcr_17_2,C,A,E,Y,7,31,OE1,CG,8.142445
tcr_17_2,C,A,E,Y,7,31,OE1,CA,8.855899
tcr_17_2,C,A,E,Y,7,31,OE1,CD1,8.632391
tcr_17_2,C,A,E,Y,7,31,OE1,CZ,9.749241
tcr_17_2,C,A,E,Y,7,31,OE1,CE1,9.423406
tcr_17_2,C,A,E,F,7,91,OE1,CE2,9.501507
tcr_17_2,C,A,E,F,7,91,OE1,CZ,8.4633465
tcr_17_2,C,A,E,F,7,91,OE1,CD2,9.420925
tcr_17_2,C,A,E,N,7,87,OE1,O,9.789012
tcr_17_2,C,A,E,N,7,138,OE1,CB,8.948113
tcr_17_2,C,A,E,N,7,138,OE1,CA,9.666257
tcr_17_2,C,A,E,W,7,171,OE1,CZ3,9.881907
tcr_17_2,C,A,E,L,7,180,OE1,CB,9.450823
tcr_17_2,C,A,E,L,7,180,OE1,CD2,8.988371
tcr_17_2,C,A,E,L,7,180,OE1,CG,8.920806
tcr_17_2,C,A,E,W,7,171,OE1,CH2,9.02846
tcr_17_2,C,A,E,L,7,180,OE1,CD1,7.5802994
tcr_17_2,C,A,E,N,7,138,OE1,ND2,6.6447134
tcr_17_2,C,A,E,N,7,138,OE1,CG,7.7163444
tcr_17_2,C,A,E,N,7,138,OE1,OD1,7.8650174
tcr_17_2,C,A,E,Y,7,140,OE1,CD2,8.511189
tcr_17_2,C,A,E,Y,7,123,OE1,CB,7.3708887
tcr_17_2,C,A,E,Y,7,140,OE1,CD1,7.7349677
tcr_17_2,C,A,E,Y,7,140,OE1,CE1,6.499245
tcr_17_2,C,A,E,Y,7,140,OE1,CZ,6.296329
tcr_17_2,C,A,E,Y,7,140,OE1,CG,8.665921
tcr_17_2,C,A,E,Y,7,140,OE1,CE2,7.4012504
tcr_17_2,C,A,E,E,7,176,OE1,CD,8.713143
tcr_17_2,C,A,E,W,7,171,OE1,CZ2,8.993325
tcr_17_2,C,A,E,Y,7,140,OE1,OH,5.296864
tcr_17_2,C,A,E,W,7,171,OE1,CE2,9.844595
tcr_17_2,C,A,E,E,7,176,OE1,CG,9.319992
tcr_17_2,C,A,E,E,7,176,OE1,OE1,7.5029297
tcr_17_2,C,A,E,N,7,101,OE1,ND2,7.7318993
tcr_17_2,C,A,E,E,7,176,OE1,OE2,9.581642
tcr_17_2,C,A,E,T,7,97,OE1,OG1,6.8968673
tcr_17_2,C,A,E,T,7,97,OE1,CG2,6.5275044
tcr_17_2,C,A,E,T,7,93,OE1,CG2,8.0499525
tcr_17_2,C,A,E,T,7,97,OE1,C,8.2568245
tcr_17_2,C,A,E,T,7,97,OE1,CA,8.074479
tcr_17_2,C,A,E,T,7,93,OE1,CB,8.078639
tcr_17_2,C,A,E,T,7,93,OE1,OG1,9.235963
tcr_17_2,C,A,E,T,7,97,OE1,CB,6.6955338
tcr_17_2,C,A,E,N,7,101,OE1,CB,9.9921055
tcr_17_2,C,A,E,N,7,101,OE1,CG,8.907711
tcr_17_2,C,A,E,N,7,101,OE1,OD1,9.249346
tcr_17_2,C,A,E,T,7,97,OE1,O,9.005565
tcr_17_2,C,A,E,M,7,122,OE1,O,9.285661
tcr_17_2,C,A,E,M,7,122,OE1,C,8.890155
tcr_17_2,C,A,E,M,7,122,OE1,CA,9.147804
tcr_17_2,C,A,E,M,7,122,OE1,N,8.764849
tcr_17_2,C,A,E,Y,7,123,OE1,N,8.5035515
tcr_17_2,C,A,E,Y,7,123,OE1,CA,8.603721
tcr_17_2,C,A,E,T,7,121,OE1,O,8.066767
tcr_17_2,C,A,E,Y,7,31,OE1,C,8.727127
tcr_17_2,C,A,E,F,7,32,OE1,CA,9.450926
tcr_17_2,C,A,E,Y,7,31,OE1,O,8.453799
tcr_17_2,C,A,E,Q,7,139,OE1,O,9.423943
tcr_17_2,C,A,E,Q,7,120,OE1,O,9.836618
tcr_17_2,C,A,E,Q,7,120,OE1,C,9.559732
tcr_17_2,C,A,E,T,7,121,OE1,N,8.65618
tcr_17_2,C,A,E,T,7,121,OE1,CA,7.9341536
tcr_17_2,C,A,E,T,7,121,OE1,C,8.168038
tcr_17_2,C,A,E,Y,7,33,OE1,CG,5.353972
tcr_17_2,C,A,E,Y,7,33,OE1,CZ,4.0537796
tcr_17_2,C,A,E,Y,7,33,OE1,CD2,3.987365
tcr_17_2,C,A,E,Y,7,123,OE1,CE1,4.576728
tcr_17_2,C,A,E,Y,7,33,OE1,CE2,3.1313832
tcr_17_2,C,A,E,Y,7,123,OE1,CD1,5.326816
tcr_17_2,C,A,E,T,7,121,OE1,CG2,5.99935
tcr_17_2,C,A,E,Y,7,123,OE1,CG,6.299228
tcr_17_2,C,A,E,Y,7,33,OE1,CD1,5.9246497
tcr_17_2,C,A,E,Y,7,33,OE1,CB,6.437105
tcr_17_2,C,A,E,Y,7,33,OE1,CE1,5.3978586
tcr_17_2,C,A,E,Y,7,33,OE1,N,8.139948
tcr_17_2,C,A,E,Y,7,33,OE1,CA,7.8545675
tcr_17_2,C,A,E,F,7,32,OE1,C,8.850969
tcr_17_2,C,A,E,F,7,32,OE1,N,9.200754
tcr_17_2,C,A,E,F,7,32,OE1,O,9.255808
tcr_17_2,C,A,E,T,7,121,OE1,OG1,6.660523
tcr_17_2,C,A,E,Y,7,98,OE1,OH,4.5678267
tcr_17_2,C,A,E,T,7,121,OE1,CB,6.4871798
tcr_17_2,C,A,E,Y,7,98,OE1,CD1,7.2109504
tcr_17_2,C,A,E,Y,7,98,OE1,CE1,6.451113
tcr_17_2,C,A,E,Y,7,98,OE1,CZ,5.0450234
tcr_17_2,C,A,E,Y,7,33,OE1,O,9.251036
tcr_17_2,C,A,E,Y,7,33,OE1,C,8.913798
tcr_17_2,C,A,E,I,7,47,OE1,O,9.781557
tcr_17_2,C,A,E,T,7,34,OE1,N,9.628195
tcr_17_2,C,A,E,F,7,91,OE1,CD1,7.066808
tcr_17_2,C,A,E,F,7,91,OE1,CG,8.284193
tcr_17_2,C,A,E,I,7,90,OE1,CG2,5.8315125
tcr_17_2,C,A,E,F,7,91,OE1,CE1,7.1691375
tcr_17_2,C,A,E,N,7,94,OE1,OD1,3.8697348
tcr_17_2,C,A,E,Y,7,33,OE1,OH,4.0239162
tcr_17_2,C,A,E,F,7,91,OE1,CA,7.721418
tcr_17_2,C,A,E,N,7,94,OE1,ND2,3.030195
tcr_17_2,C,A,E,F,7,91,OE1,CB,8.6073
tcr_17_2,C,A,E,N,7,94,OE1,CG,3.652816
tcr_17_2,C,A,E,N,7,94,OE1,CB,4.706083
tcr_17_2,C,A,E,F,7,46,OE1,CZ,6.37567
tcr_17_2,C,A,E,N,7,94,OE1,CA,5.626096
tcr_17_2,C,A,E,Y,7,98,OE1,CE2,4.44296
tcr_17_2,C,A,E,T,7,95,OE1,N,7.8160486
tcr_17_2,C,A,E,N,7,94,OE1,C,6.727508
tcr_17_2,C,A,E,Y,7,98,OE1,CD2,5.4952893
tcr_17_2,C,A,E,F,7,46,OE1,CE2,6.697578
tcr_17_2,C,A,E,Y,7,98,OE1,CG,6.8082533
tcr_17_2,C,A,E,F,7,46,OE1,CD2,7.983268
tcr_17_2,C,A,E,N,7,94,OE1,O,6.8607497
tcr_17_2,C,A,E,Y,7,98,OE1,CB,8.006357
tcr_17_2,C,A,E,F,7,46,OE1,CE1,7.4439917
tcr_17_2,C,A,E,A,7,48,OE1,CB,8.412183
tcr_17_2,C,A,E,A,7,48,OE1,CA,9.460209
tcr_17_2,C,A,E,F,7,46,OE1,CD1,8.61775
tcr_17_2,C,A,E,F,7,46,OE1,CG,8.862402
tcr_17_2,C,A,E,Q,7,89,OE1,O,9.68812
tcr_17_2,C,A,E,F,7,91,OE1,N,7.774331
tcr_17_2,C,A,E,Q,7,89,OE1,C,9.983295
tcr_17_2,C,A,E,I,7,90,OE1,CA,7.7305527
tcr_17_2,C,A,E,I,7,90,OE1,C,7.208885
tcr_17_2,C,A,E,T,7,93,OE1,CA,8.428617
tcr_17_2,C,A,E,K,7,92,OE1,N,9.4467535
tcr_17_2,C,A,E,I,7,90,OE1,O,6.6478953
tcr_17_2,C,A,E,T,7,93,OE1,N,8.911671
tcr_17_2,C,A,E,K,7,92,OE1,C,9.640821
tcr_17_2,C,A,E,N,7,94,OE1,N,6.4229336
tcr_17_2,C,A,E,T,7,93,OE1,C,7.43697
tcr_17_2,C,A,E,T,7,95,OE1,CA,9.058517
tcr_17_2,C,A,E,T,7,95,OE1,C,9.627189
tcr_17_2,C,A,E,T,7,93,OE1,O,7.869632
tcr_17_2,C,A,E,T,7,97,OE1,N,8.588683
tcr_17_2,C,A,E,Q,7,96,OE1,N,9.708897
tcr_17_2,C,A,E,F,7,91,OE1,C,8.43002
tcr_17_2,C,A,E,F,7,91,OE1,O,8.213038
tcr_17_2,C,A,E,Y,7,98,OE1,CA,8.485042
tcr_17_2,C,A,E,Y,7,98,OE1,N,7.9581046
tcr_17_2,C,A,E,Q,7,96,OE1,C,9.825374
tcr_17_2,C,A,E,Y,7,123,OE2,OH,6.6052823
tcr_17_2,C,A,E,Y,7,123,OE2,CE2,7.881101
tcr_17_2,C,A,E,Y,7,123,OE2,CZ,6.7374825
tcr_17_2,C,A,E,Y,7,123,OE2,CD2,8.354027
tcr_17_2,C,A,E,Y,7,31,OE2,CB,8.796317
tcr_17_2,C,A,E,I,7,90,OE2,CG1,9.271823
tcr_17_2,C,A,E,I,7,90,OE2,CD1,9.927884
tcr_17_2,C,A,E,I,7,90,OE2,N,9.70671
tcr_17_2,C,A,E,I,7,90,OE2,CB,8.284313
tcr_17_2,C,A,E,Y,7,31,OE2,CG,9.495287
tcr_17_2,C,A,E,Y,7,31,OE2,CA,9.882675
tcr_17_2,C,A,E,Y,7,31,OE2,CD1,9.843296
tcr_17_2,C,A,E,F,7,91,OE2,CZ,9.209793
tcr_17_2,C,A,E,F,7,91,OE2,CD2,9.800268
tcr_17_2,C,A,E,Y,7,140,OE2,CB,9.404663
tcr_17_2,C,A,E,Y,7,140,OE2,CA,9.939113
tcr_17_2,C,A,E,W,7,171,OE2,CZ3,9.79795
tcr_17_2,C,A,E,W,7,171,OE2,CH2,8.715173
tcr_17_2,C,A,E,L,7,180,OE2,CD1,9.293472
tcr_17_2,C,A,E,N,7,138,OE2,ND2,7.787726
tcr_17_2,C,A,E,N,7,138,OE2,CG,8.671734
tcr_17_2,C,A,E,N,7,138,OE2,OD1,8.521766
tcr_17_2,C,A,E,Y,7,140,OE2,CD2,8.334218
tcr_17_2,C,A,E,Y,7,123,OE2,CB,8.728537
tcr_17_2,C,A,E,Y,7,140,OE2,CD1,6.9719334
tcr_17_2,C,A,E,Y,7,140,OE2,CE1,5.8495765
tcr_17_2,C,A,E,Y,7,140,OE2,CZ,6.1140237
tcr_17_2,C,A,E,Y,7,140,OE2,CG,8.146874
tcr_17_2,C,A,E,Y,7,140,OE2,CE2,7.4199524
tcr_17_2,C,A,E,E,7,176,OE2,CD,9.373426
tcr_17_2,C,A,E,W,7,171,OE2,CZ2,8.534996
tcr_17_2,C,A,E,Y,7,140,OE2,OH,5.3843517
tcr_17_2,C,A,E,W,7,171,OE2,CE2,9.508712
tcr_17_2,C,A,E,W,7,171,OE2,NE1,9.901547
tcr_17_2,C,A,E,E,7,176,OE2,CG,9.972069
tcr_17_2,C,A,E,E,7,176,OE2,OE1,8.2434025
tcr_17_2,C,A,E,N,7,101,OE2,ND2,5.893941
tcr_17_2,C,A,E,T,7,97,OE2,OG1,5.5713577
tcr_17_2,C,A,E,T,7,97,OE2,CG2,4.9498625
tcr_17_2,C,A,E,T,7,93,OE2,CG2,7.6618543
tcr_17_2,C,A,E,T,7,97,OE2,C,6.2301626
tcr_17_2,C,A,E,T,7,97,OE2,CA,6.251195
tcr_17_2,C,A,E,T,7,93,OE2,CB,7.7523017
tcr_17_2,C,A,E,T,7,93,OE2,OG1,9.074234
tcr_17_2,C,A,E,T,7,97,OE2,CB,5.0290523
tcr_17_2,C,A,E,N,7,101,OE2,CB,8.015461
tcr_17_2,C,A,E,N,7,101,OE2,CG,7.0365376
tcr_17_2,C,A,E,N,7,101,OE2,CA,9.305594
tcr_17_2,C,A,E,N,7,101,OE2,OD1,7.4832587
tcr_17_2,C,A,E,N,7,101,OE2,N,9.218503
tcr_17_2,C,A,E,T,7,97,OE2,O,6.9840307
tcr_17_2,C,A,E,M,7,122,OE2,O,9.990625
tcr_17_2,C,A,E,M,7,122,OE2,C,9.618787
tcr_17_2,C,A,E,M,7,122,OE2,CA,9.598153
tcr_17_2,C,A,E,M,7,122,OE2,N,8.932034
tcr_17_2,C,A,E,Y,7,123,OE2,N,9.485354
tcr_17_2,C,A,E,Y,7,123,OE2,CA,9.843493
tcr_17_2,C,A,E,T,7,121,OE2,O,8.005206
tcr_17_2,C,A,E,Y,7,31,OE2,C,9.487918
tcr_17_2,C,A,E,F,7,32,OE2,CA,9.65912
tcr_17_2,C,A,E,Y,7,31,OE2,O,9.224256
tcr_17_2,C,A,E,Q,7,139,OE2,O,9.419065
tcr_17_2,C,A,E,Q,7,120,OE2,O,8.960658
tcr_17_2,C,A,E,Q,7,120,OE2,N,9.652293
tcr_17_2,C,A,E,Q,7,120,OE2,CA,9.436017
tcr_17_2,C,A,E,Q,7,120,OE2,C,8.667587
tcr_17_2,C,A,E,T,7,121,OE2,N,7.9567404
tcr_17_2,C,A,E,T,7,121,OE2,CA,7.541563
tcr_17_2,C,A,E,T,7,121,OE2,C,8.098239
tcr_17_2,C,A,E,Y,7,33,OE2,CG,5.0396624
tcr_17_2,C,A,E,Y,7,33,OE2,CZ,4.7649055
tcr_17_2,C,A,E,Y,7,33,OE2,CD2,3.7468834
tcr_17_2,C,A,E,Y,7,123,OE2,CE1,6.040959
tcr_17_2,C,A,E,Y,7,33,OE2,CE2,3.558949
tcr_17_2,C,A,E,Y,7,123,OE2,CD1,6.6574626
tcr_17_2,C,A,E,T,7,121,OE2,CG2,6.021967
tcr_17_2,C,A,E,Y,7,123,OE2,CG,7.8159175
tcr_17_2,C,A,E,Y,7,33,OE2,CD1,5.940204
tcr_17_2,C,A,E,Y,7,33,OE2,CB,5.737943
tcr_17_2,C,A,E,Y,7,33,OE2,CE1,5.838862
tcr_17_2,C,A,E,Y,7,33,OE2,N,7.883087
tcr_17_2,C,A,E,Y,7,33,OE2,CA,7.254083
tcr_17_2,C,A,E,F,7,32,OE2,C,8.805
tcr_17_2,C,A,E,F,7,32,OE2,N,9.706913
tcr_17_2,C,A,E,F,7,32,OE2,O,9.1739235
tcr_17_2,C,A,E,T,7,121,OE2,OG1,5.859956
tcr_17_2,C,A,E,W,7,119,OE2,CE3,9.487717
tcr_17_2,C,A,E,Y,7,98,OE2,OH,3.4409196
tcr_17_2,C,A,E,W,7,119,OE2,CB,8.882987
tcr_17_2,C,A,E,T,7,121,OE2,CB,6.0673904
tcr_17_2,C,A,E,Y,7,98,OE2,CD1,5.2407823
tcr_17_2,C,A,E,Y,7,98,OE2,CE1,4.7095594
tcr_17_2,C,A,E,Y,7,98,OE2,CZ,3.381221
tcr_17_2,C,A,E,W,7,119,OE2,C,9.593659
tcr_17_2,C,A,E,W,7,119,OE2,CA,9.987798
tcr_17_2,C,A,E,W,7,119,OE2,O,9.449506
tcr_17_2,C,A,E,Y,7,33,OE2,O,8.387046
tcr_17_2,C,A,E,A,7,35,OE2,CA,9.515018
tcr_17_2,C,A,E,Y,7,33,OE2,C,8.045232
tcr_17_2,C,A,E,A,7,35,OE2,N,9.208508
tcr_17_2,C,A,E,T,7,34,OE2,CA,9.478952
tcr_17_2,C,A,E,I,7,47,OE2,O,8.961571
tcr_17_2,C,A,E,T,7,34,OE2,N,8.581972
tcr_17_2,C,A,E,T,7,34,OE2,O,9.518228
tcr_17_2,C,A,E,T,7,34,OE2,C,9.303175
tcr_17_2,C,A,E,W,7,119,OE2,CG,9.342787
tcr_17_2,C,A,E,W,7,119,OE2,CD1,9.960123
tcr_17_2,C,A,E,W,7,119,OE2,CD2,9.579609
tcr_17_2,C,A,E,F,7,91,OE2,CD1,7.4153776
tcr_17_2,C,A,E,F,7,91,OE2,CG,8.511077
tcr_17_2,C,A,E,I,7,90,OE2,CG2,6.9209213
tcr_17_2,C,A,E,F,7,91,OE2,CE1,7.818208
tcr_17_2,C,A,E,N,7,94,OE2,OD1,3.7999842
tcr_17_2,C,A,E,Y,7,33,OE2,OH,5.2000227
tcr_17_2,C,A,E,F,7,91,OE2,CA,7.580217
tcr_17_2,C,A,E,N,7,94,OE2,ND2,3.3220263
tcr_17_2,C,A,E,F,7,91,OE2,CB,8.53102
tcr_17_2,C,A,E,N,7,94,OE2,CG,3.3780282
tcr_17_2,C,A,E,N,7,94,OE2,CB,3.7606194
tcr_17_2,C,A,E,F,7,46,OE2,CZ,5.316152
tcr_17_2,C,A,E,N,7,94,OE2,CA,4.392906
tcr_17_2,C,A,E,Y,7,98,OE2,CE2,2.45836
tcr_17_2,C,A,E,T,7,95,OE2,N,6.366273
tcr_17_2,C,A,E,N,7,94,OE2,C,5.160378
tcr_17_2,C,A,E,Y,7,98,OE2,CD2,3.3753715
tcr_17_2,C,A,E,F,7,46,OE2,CE2,5.259686
tcr_17_2,C,A,E,Y,7,98,OE2,CG,4.7031493
tcr_17_2,C,A,E,F,7,46,OE2,CD2,6.3929763
tcr_17_2,C,A,E,N,7,94,OE2,O,5.016838
tcr_17_2,C,A,E,Y,7,98,OE2,CB,5.8628774
tcr_17_2,C,A,E,F,7,46,OE2,CE1,6.4907713
tcr_17_2,C,A,E,A,7,48,OE2,N,9.660239
tcr_17_2,C,A,E,A,7,48,OE2,CB,8.292089
tcr_17_2,C,A,E,A,7,48,OE2,CA,9.208141
tcr_17_2,C,A,E,I,7,47,OE2,C,9.57206
tcr_17_2,C,A,E,F,7,46,OE2,CD1,7.436044
tcr_17_2,C,A,E,I,7,47,OE2,N,9.99716
tcr_17_2,C,A,E,F,7,46,OE2,CA,9.724719
tcr_17_2,C,A,E,F,7,46,OE2,CB,8.692407
tcr_17_2,C,A,E,F,7,46,OE2,CG,7.399767
tcr_17_2,C,A,E,Q,7,89,OE2,O,9.762979
tcr_17_2,C,A,E,F,7,91,OE2,N,7.9581637
tcr_17_2,C,A,E,I,7,90,OE2,CA,8.306204
tcr_17_2,C,A,E,I,7,90,OE2,C,7.4635034
tcr_17_2,C,A,E,T,7,93,OE2,CA,7.7549334
tcr_17_2,C,A,E,K,7,92,OE2,CA,9.584453
tcr_17_2,C,A,E,K,7,92,OE2,N,9.005285
tcr_17_2,C,A,E,I,7,90,OE2,O,6.6488466
tcr_17_2,C,A,E,T,7,93,OE2,N,8.320261
tcr_17_2,C,A,E,K,7,92,OE2,C,8.847487
tcr_17_2,C,A,E,N,7,94,OE2,N,5.5394664
tcr_17_2,C,A,E,T,7,93,OE2,C,6.4877496
tcr_17_2,C,A,E,K,7,92,OE2,O,8.998709
tcr_17_2,C,A,E,T,7,95,OE2,CA,7.4417734
tcr_17_2,C,A,E,T,7,95,OE2,C,7.862884
tcr_17_2,C,A,E,T,7,93,OE2,O,6.6498895
tcr_17_2,C,A,E,Q,7,96,OE2,CA,8.740277
tcr_17_2,C,A,E,T,7,97,OE2,N,6.8193126
tcr_17_2,C,A,E,Q,7,96,OE2,N,8.046722
tcr_17_2,C,A,E,Q,7,96,OE2,CB,9.514569
tcr_17_2,C,A,E,F,7,91,OE2,C,7.94206
tcr_17_2,C,A,E,F,7,91,OE2,O,7.4242764
tcr_17_2,C,A,E,T,7,95,OE2,OG1,8.803561
tcr_17_2,C,A,E,T,7,95,OE2,CG2,9.922932
tcr_17_2,C,A,E,T,7,95,OE2,CB,8.757201
tcr_17_2,C,A,E,R,7,99,OE2,N,8.503748
tcr_17_2,C,A,E,Y,7,98,OE2,O,8.562155
tcr_17_2,C,A,E,R,7,99,OE2,CA,9.966498
tcr_17_2,C,A,E,Y,7,98,OE2,CA,6.306753
tcr_17_2,C,A,E,Y,7,98,OE2,N,5.8391256
tcr_17_2,C,A,E,Y,7,98,OE2,C,7.8348475
tcr_17_2,C,A,E,A,7,35,OE2,CB,8.465595
tcr_17_2,C,A,E,E,7,100,OE2,N,9.875181
tcr_17_2,C,A,E,Q,7,96,OE2,C,7.999302
tcr_17_2,C,A,E,Q,7,96,OE2,O,8.652446
tcr_17_2,C,A,E,T,7,95,OE2,O,8.288376
tcr_17_2,C,A,S,I,8,148,N,CG2,9.573052
tcr_17_2,C,A,S,Y,8,140,N,CB,9.387808
tcr_17_2,C,A,S,E,8,176,N,CA,9.6901455
tcr_17_2,C,A,S,W,8,171,N,CA,9.164882
tcr_17_2,C,A,S,W,8,171,N,N,9.354758
tcr_17_2,C,A,S,K,8,170,N,C,9.696734
tcr_17_2,C,A,S,K,8,170,N,O,9.919245
tcr_17_2,C,A,S,A,8,174,N,CB,9.645597
tcr_17_2,C,A,S,W,8,171,N,CZ3,7.311712
tcr_17_2,C,A,S,W,8,171,N,CD2,6.753136
tcr_17_2,C,A,S,W,8,171,N,CB,8.634426
tcr_17_2,C,A,S,W,8,171,N,CE3,7.59715
tcr_17_2,C,A,S,W,8,157,N,CH2,9.7258215
tcr_17_2,C,A,S,W,8,171,N,CH2,6.121466
tcr_17_2,C,A,S,N,8,138,N,ND2,9.523184
tcr_17_2,C,A,S,N,8,138,N,OD1,9.689029
tcr_17_2,C,A,S,Y,8,140,N,CD2,8.431954
tcr_17_2,C,A,S,Y,8,140,N,CD1,7.132787
tcr_17_2,C,A,S,Y,8,140,N,CE1,6.158676
tcr_17_2,C,A,S,Y,8,140,N,CZ,6.454953
tcr_17_2,C,A,S,Y,8,140,N,CG,8.22541
tcr_17_2,C,A,S,Y,8,140,N,CE2,7.633286
tcr_17_2,C,A,S,E,8,176,N,CD,6.7777476
tcr_17_2,C,A,S,W,8,171,N,CZ2,5.0197597
tcr_17_2,C,A,S,Y,8,140,N,OH,5.91829
tcr_17_2,C,A,S,W,8,171,N,CE2,5.409941
tcr_17_2,C,A,S,E,8,176,N,CB,8.442002
tcr_17_2,C,A,S,W,8,171,N,CG,7.2093906
tcr_17_2,C,A,S,W,8,171,N,NE1,5.0809703
tcr_17_2,C,A,S,E,8,176,N,CG,7.359183
tcr_17_2,C,A,S,W,8,171,N,CD1,6.278462
tcr_17_2,C,A,S,E,8,176,N,OE1,6.2786913
tcr_17_2,C,A,S,N,8,101,N,ND2,4.094167
tcr_17_2,C,A,S,E,8,176,N,OE2,7.1151433
tcr_17_2,C,A,S,T,8,97,N,OG1,5.246033
tcr_17_2,C,A,S,T,8,97,N,CG2,3.1666696
tcr_17_2,C,A,S,T,8,93,N,CG2,8.982813
tcr_17_2,C,A,S,T,8,97,N,C,5.5080667
tcr_17_2,C,A,S,T,8,97,N,CA,5.4764485
tcr_17_2,C,A,S,T,8,97,N,CB,4.688268
tcr_17_2,C,A,S,Y,8,147,N,CE1,9.457181
tcr_17_2,C,A,S,W,8,119,N,CZ3,9.187578
tcr_17_2,C,A,S,W,8,119,N,CH2,9.187343
tcr_17_2,C,A,S,Y,8,147,N,CD1,9.98542
tcr_17_2,C,A,S,Y,8,147,N,OH,9.992672
tcr_17_2,C,A,S,K,8,170,N,CG,8.385518
tcr_17_2,C,A,S,K,8,170,N,CB,9.1910095
tcr_17_2,C,A,S,T,8,167,N,O,9.181719
tcr_17_2,C,A,S,K,8,170,N,CD,7.557991
tcr_17_2,C,A,S,T,8,167,N,C,9.678106
tcr_17_2,C,A,S,K,8,170,N,CE,6.883869
tcr_17_2,C,A,S,T,8,167,N,CA,9.2468195
tcr_17_2,C,A,S,Y,8,108,N,OH,9.592672
tcr_17_2,C,A,S,K,8,170,N,NZ,6.251007
tcr_17_2,C,A,S,T,8,167,N,CG2,7.449386
tcr_17_2,C,A,S,T,8,167,N,CB,8.668492
tcr_17_2,C,A,S,T,8,167,N,OG1,8.514878
tcr_17_2,C,A,S,Y,8,108,N,CE2,9.897632
tcr_17_2,C,A,S,I,8,104,N,CG2,8.766225
tcr_17_2,C,A,S,N,8,101,N,O,8.553461
tcr_17_2,C,A,S,W,8,119,N,CZ2,9.064023
tcr_17_2,C,A,S,N,8,101,N,C,8.004018
tcr_17_2,C,A,S,N,8,101,N,CB,5.8659854
tcr_17_2,C,A,S,N,8,101,N,CG,4.3550005
tcr_17_2,C,A,S,N,8,101,N,CA,6.5172358
tcr_17_2,C,A,S,I,8,104,N,CB,8.546212
tcr_17_2,C,A,S,N,8,101,N,OD1,3.7033916
tcr_17_2,C,A,S,I,8,104,N,CG1,8.199919
tcr_17_2,C,A,S,N,8,101,N,N,6.5225406
tcr_17_2,C,A,S,I,8,104,N,CD1,6.792413
tcr_17_2,C,A,S,E,8,100,N,CG,7.534833
tcr_17_2,C,A,S,E,8,100,N,CD,7.8158617
tcr_17_2,C,A,S,E,8,100,N,CB,7.130483
tcr_17_2,C,A,S,E,8,100,N,CA,7.840649
tcr_17_2,C,A,S,E,8,100,N,O,8.126875
tcr_17_2,C,A,S,E,8,100,N,OE1,8.81272
tcr_17_2,C,A,S,T,8,97,N,O,5.249549
tcr_17_2,C,A,S,E,8,100,N,C,7.373927
tcr_17_2,C,A,S,E,8,100,N,OE2,7.3005776
tcr_17_2,C,A,S,I,8,104,N,CA,9.945244
tcr_17_2,C,A,S,Y,8,33,N,CD2,9.487645
tcr_17_2,C,A,S,Y,8,33,N,CE2,9.544215
tcr_17_2,C,A,S,T,8,121,N,CG2,9.238909
tcr_17_2,C,A,S,T,8,121,N,OG1,8.504392
tcr_17_2,C,A,S,W,8,119,N,CE3,9.104765
tcr_17_2,C,A,S,Y,8,98,N,OH,7.1367183
tcr_17_2,C,A,S,W,8,119,N,CB,9.8178425
tcr_17_2,C,A,S,T,8,121,N,CB,9.471926
tcr_17_2,C,A,S,Y,8,98,N,CD1,7.4671197
tcr_17_2,C,A,S,Y,8,98,N,CE1,7.338411
tcr_17_2,C,A,S,Y,8,98,N,CZ,6.8760085
tcr_17_2,C,A,S,W,8,119,N,NE1,9.162719
tcr_17_2,C,A,S,W,8,119,N,CG,9.301602
tcr_17_2,C,A,S,W,8,119,N,CD1,9.373434
tcr_17_2,C,A,S,W,8,119,N,CE2,8.958317
tcr_17_2,C,A,S,W,8,119,N,CD2,9.004128
tcr_17_2,C,A,S,N,8,94,N,OD1,8.039032
tcr_17_2,C,A,S,N,8,94,N,ND2,8.938223
tcr_17_2,C,A,S,N,8,94,N,CG,8.402902
tcr_17_2,C,A,S,N,8,94,N,CB,8.602127
tcr_17_2,C,A,S,N,8,94,N,CA,8.08754
tcr_17_2,C,A,S,Y,8,98,N,CE2,6.5367823
tcr_17_2,C,A,S,T,8,95,N,N,9.754299
tcr_17_2,C,A,S,N,8,94,N,C,8.4717455
tcr_17_2,C,A,S,Y,8,98,N,CD2,6.6904573
tcr_17_2,C,A,S,Y,8,98,N,CG,7.16435
tcr_17_2,C,A,S,N,8,94,N,O,7.745277
tcr_17_2,C,A,S,Y,8,98,N,CB,7.7310834
tcr_17_2,C,A,S,N,8,94,N,N,8.900934
tcr_17_2,C,A,S,T,8,93,N,C,8.965355
tcr_17_2,C,A,S,T,8,95,N,C,9.8750725
tcr_17_2,C,A,S,T,8,93,N,O,8.390376
tcr_17_2,C,A,S,Q,8,96,N,CA,9.2996435
tcr_17_2,C,A,S,T,8,97,N,N,6.881881
tcr_17_2,C,A,S,Q,8,96,N,N,9.588848
tcr_17_2,C,A,S,Q,8,96,N,CB,9.780894
tcr_17_2,C,A,S,R,8,99,N,N,8.640207
tcr_17_2,C,A,S,Y,8,98,N,O,8.270225
tcr_17_2,C,A,S,R,8,99,N,CA,9.664445
tcr_17_2,C,A,S,L,8,102,N,N,8.834757
tcr_17_2,C,A,S,Y,8,98,N,CA,6.885125
tcr_17_2,C,A,S,R,8,99,N,C,9.222193
tcr_17_2,C,A,S,Y,8,98,N,N,6.32564
tcr_17_2,C,A,S,Y,8,98,N,C,7.9270315
tcr_17_2,C,A,S,E,8,100,N,N,8.152263
tcr_17_2,C,A,S,Q,8,96,N,C,7.898712
tcr_17_2,C,A,S,Q,8,96,N,O,7.920456
tcr_17_2,C,A,S,T,8,95,N,O,9.91593
tcr_17_2,C,A,S,I,8,148,CA,CG2,9.541654
tcr_17_2,C,A,S,Y,8,140,CA,CB,9.509468
tcr_17_2,C,A,S,W,8,171,CA,CA,9.220523
tcr_17_2,C,A,S,W,8,171,CA,N,9.179536
tcr_17_2,C,A,S,K,8,170,CA,C,9.426636
tcr_17_2,C,A,S,K,8,170,CA,O,9.740921
tcr_17_2,C,A,S,A,8,174,CA,CB,9.867451
tcr_17_2,C,A,S,W,8,171,CA,CZ3,7.603291
tcr_17_2,C,A,S,W,8,171,CA,CD2,6.9225693
tcr_17_2,C,A,S,W,8,171,CA,CB,8.761571
tcr_17_2,C,A,S,W,8,171,CA,CE3,7.8476834
tcr_17_2,C,A,S,W,8,171,CA,CH2,6.3865457
tcr_17_2,C,A,S,Y,8,140,CA,CD2,8.877583
tcr_17_2,C,A,S,Y,8,140,CA,CD1,7.440788
tcr_17_2,C,A,S,Y,8,140,CA,CE1,6.693466
tcr_17_2,C,A,S,Y,8,140,CA,CZ,7.168032
tcr_17_2,C,A,S,Y,8,140,CA,CG,8.517825
tcr_17_2,C,A,S,Y,8,140,CA,CE2,8.270818
tcr_17_2,C,A,S,E,8,176,CA,CD,7.76229
tcr_17_2,C,A,S,W,8,171,CA,CZ2,5.1939836
tcr_17_2,C,A,S,Y,8,140,CA,OH,6.8656607
tcr_17_2,C,A,S,W,8,171,CA,CE2,5.5276527
tcr_17_2,C,A,S,E,8,176,CA,CB,9.143807
tcr_17_2,C,A,S,W,8,171,CA,CG,7.3120418
tcr_17_2,C,A,S,W,8,171,CA,NE1,5.0717382
tcr_17_2,C,A,S,E,8,176,CA,CG,8.221091
tcr_17_2,C,A,S,W,8,171,CA,CD1,6.2813296
tcr_17_2,C,A,S,E,8,176,CA,OE1,7.428993
tcr_17_2,C,A,S,N,8,101,CA,ND2,3.847528
tcr_17_2,C,A,S,E,8,176,CA,OE2,8.006103
tcr_17_2,C,A,S,T,8,97,CA,OG1,5.8935857
tcr_17_2,C,A,S,T,8,97,CA,CG2,3.7522132
tcr_17_2,C,A,S,T,8,93,CA,CG2,9.879636
tcr_17_2,C,A,S,T,8,97,CA,C,5.432226
tcr_17_2,C,A,S,T,8,97,CA,CA,5.6044474
tcr_17_2,C,A,S,T,8,97,CA,CB,5.2027316
tcr_17_2,C,A,S,Y,8,147,CA,CE1,8.814968
tcr_17_2,C,A,S,W,8,119,CA,CZ3,8.765007
tcr_17_2,C,A,S,Y,8,147,CA,CZ,9.390295
tcr_17_2,C,A,S,W,8,119,CA,CH2,8.558493
tcr_17_2,C,A,S,Y,8,147,CA,CD1,9.492581
tcr_17_2,C,A,S,Y,8,147,CA,OH,9.049634
tcr_17_2,C,A,S,K,8,170,CA,CA,9.707349
tcr_17_2,C,A,S,K,8,170,CA,CG,7.735335
tcr_17_2,C,A,S,K,8,170,CA,CB,8.549015
tcr_17_2,C,A,S,T,8,167,CA,O,8.758729
tcr_17_2,C,A,S,K,8,170,CA,CD,6.7057753
tcr_17_2,C,A,S,T,8,167,CA,C,9.152076
tcr_17_2,C,A,S,T,8,167,CA,N,9.654129
tcr_17_2,C,A,S,K,8,170,CA,CE,6.0237036
tcr_17_2,C,A,S,T,8,167,CA,CA,8.524545
tcr_17_2,C,A,S,Y,8,108,CA,OH,8.294576
tcr_17_2,C,A,S,K,8,170,CA,NZ,5.168127
tcr_17_2,C,A,S,T,8,167,CA,CG2,6.929617
tcr_17_2,C,A,S,T,8,167,CA,CB,7.9741354
tcr_17_2,C,A,S,Y,8,108,CA,CZ,8.924692
tcr_17_2,C,A,S,T,8,167,CA,OG1,7.6341524
tcr_17_2,C,A,S,Y,8,108,CA,CE2,8.626049
tcr_17_2,C,A,S,I,8,104,CA,CG2,7.3231378
tcr_17_2,C,A,S,Y,8,108,CA,CD2,9.559386
tcr_17_2,C,A,S,N,8,101,CA,O,7.4205623
tcr_17_2,C,A,S,W,8,119,CA,CZ2,8.290244
tcr_17_2,C,A,S,N,8,101,CA,C,6.96821
tcr_17_2,C,A,S,N,8,101,CA,CB,5.093955
tcr_17_2,C,A,S,N,8,101,CA,CG,3.6749198
tcr_17_2,C,A,S,N,8,101,CA,CA,5.491199
tcr_17_2,C,A,S,I,8,104,CA,CB,7.1111345
tcr_17_2,C,A,S,N,8,101,CA,OD1,2.7360282
tcr_17_2,C,A,S,I,8,104,CA,CG1,6.7605586
tcr_17_2,C,A,S,N,8,101,CA,N,5.556473
tcr_17_2,C,A,S,I,8,104,CA,CD1,5.354422
tcr_17_2,C,A,S,E,8,100,CA,CG,6.5195904
tcr_17_2,C,A,S,E,8,100,CA,CD,6.943689
tcr_17_2,C,A,S,E,8,100,CA,CB,6.2784033
tcr_17_2,C,A,S,E,8,100,CA,CA,6.927766
tcr_17_2,C,A,S,E,8,100,CA,O,6.938914
tcr_17_2,C,A,S,E,8,100,CA,OE1,7.8893123
tcr_17_2,C,A,S,T,8,97,CA,O,4.8590083
tcr_17_2,C,A,S,E,8,100,CA,C,6.3171425
tcr_17_2,C,A,S,E,8,100,CA,OE2,6.633694
tcr_17_2,C,A,S,A,8,105,CA,N,9.196867
tcr_17_2,C,A,S,I,8,104,CA,C,9.267967
tcr_17_2,C,A,S,I,8,104,CA,CA,8.534506
tcr_17_2,C,A,S,I,8,104,CA,N,8.702135
tcr_17_2,C,A,S,R,8,103,CA,C,9.936597
tcr_17_2,C,A,S,T,8,121,CA,OG1,9.029418
tcr_17_2,C,A,S,W,8,119,CA,CE3,8.753802
tcr_17_2,C,A,S,Y,8,98,CA,OH,7.882159
tcr_17_2,C,A,S,W,8,119,CA,CB,9.56186
tcr_17_2,C,A,S,Y,8,98,CA,CD1,7.6621127
tcr_17_2,C,A,S,Y,8,98,CA,CE1,7.6953583
tcr_17_2,C,A,S,Y,8,98,CA,CZ,7.490007
tcr_17_2,C,A,S,W,8,119,CA,NE1,8.386178
tcr_17_2,C,A,S,W,8,119,CA,CG,8.854118
tcr_17_2,C,A,S,W,8,119,CA,CD1,8.752103
tcr_17_2,C,A,S,W,8,119,CA,CE2,8.256316
tcr_17_2,C,A,S,W,8,119,CA,CD2,8.517992
tcr_17_2,C,A,S,N,8,94,CA,OD1,9.220207
tcr_17_2,C,A,S,N,8,94,CA,CG,9.531891
tcr_17_2,C,A,S,N,8,94,CA,CB,9.558544
tcr_17_2,C,A,S,N,8,94,CA,CA,8.926334
tcr_17_2,C,A,S,Y,8,98,CA,CE2,7.251882
tcr_17_2,C,A,S,N,8,94,CA,C,9.097475
tcr_17_2,C,A,S,Y,8,98,CA,CD2,7.2249765
tcr_17_2,C,A,S,Y,8,98,CA,CG,7.437454
tcr_17_2,C,A,S,N,8,94,CA,O,8.238214
tcr_17_2,C,A,S,Y,8,98,CA,CB,7.818671
tcr_17_2,C,A,S,N,8,94,CA,N,9.768246
tcr_17_2,C,A,S,T,8,93,CA,C,9.733385
tcr_17_2,C,A,S,T,8,93,CA,O,9.009953
tcr_17_2,C,A,S,Q,8,96,CA,CA,9.379082
tcr_17_2,C,A,S,T,8,97,CA,N,7.0619397
tcr_17_2,C,A,S,Q,8,96,CA,N,9.840616
tcr_17_2,C,A,S,Q,8,96,CA,CB,9.904942
tcr_17_2,C,A,S,R,8,99,CA,N,8.309669
tcr_17_2,C,A,S,Y,8,98,CA,O,7.7702775
tcr_17_2,C,A,S,R,8,99,CA,CA,9.166005
tcr_17_2,C,A,S,L,8,102,CA,N,7.908579
tcr_17_2,C,A,S,Y,8,98,CA,CA,6.7782383
tcr_17_2,C,A,S,R,8,99,CA,C,8.524528
tcr_17_2,C,A,S,R,8,99,CA,O,9.189997
tcr_17_2,C,A,S,Y,8,98,CA,N,6.365652
tcr_17_2,C,A,S,Y,8,98,CA,C,7.5871615
tcr_17_2,C,A,S,E,8,100,CA,N,7.4440813
tcr_17_2,C,A,S,Q,8,96,CA,C,7.8937273
tcr_17_2,C,A,S,Q,8,96,CA,O,7.688701
tcr_17_2,C,A,S,T,8,95,CA,O,9.986509
tcr_17_2,C,A,S,R,8,103,CA,N,9.586363
tcr_17_2,C,A,S,L,8,102,CA,CA,9.330199
tcr_17_2,C,A,S,L,8,102,CA,C,9.850572
tcr_17_2,C,A,S,W,8,157,C,CZ3,9.899745
tcr_17_2,C,A,S,I,8,148,C,CB,9.594275
tcr_17_2,C,A,S,I,8,148,C,CG2,8.37628
tcr_17_2,C,A,S,Y,8,140,C,CB,8.831065
tcr_17_2,C,A,S,I,8,148,C,CD1,9.21864
tcr_17_2,C,A,S,E,8,176,C,CA,9.914214
tcr_17_2,C,A,S,W,8,171,C,C,9.579241
tcr_17_2,C,A,S,W,8,171,C,CA,8.083342
tcr_17_2,C,A,S,W,8,171,C,N,7.944089
tcr_17_2,C,A,S,K,8,170,C,C,8.257901
tcr_17_2,C,A,S,K,8,170,C,O,8.708436
tcr_17_2,C,A,S,A,8,174,C,CB,9.251501
tcr_17_2,C,A,S,W,8,171,C,CZ3,6.515319
tcr_17_2,C,A,S,W,8,171,C,CD2,5.7185884
tcr_17_2,C,A,S,W,8,171,C,CB,7.573594
tcr_17_2,C,A,S,W,8,171,C,CE3,6.6774106
tcr_17_2,C,A,S,W,8,157,C,CH2,9.539617
tcr_17_2,C,A,S,W,8,157,C,CZ2,9.745007
tcr_17_2,C,A,S,W,8,171,C,CH2,5.365395
tcr_17_2,C,A,S,Y,8,140,C,CD2,8.237057
tcr_17_2,C,A,S,Y,8,140,C,CD1,7.0239625
tcr_17_2,C,A,S,Y,8,140,C,CE1,6.4245067
tcr_17_2,C,A,S,Y,8,140,C,CZ,6.8301353
tcr_17_2,C,A,S,Y,8,140,C,CG,7.9242663
tcr_17_2,C,A,S,Y,8,140,C,CE2,7.742614
tcr_17_2,C,A,S,E,8,176,C,CD,7.5140395
tcr_17_2,C,A,S,W,8,171,C,CZ2,4.1001644
tcr_17_2,C,A,S,Y,8,140,C,OH,6.6988716
tcr_17_2,C,A,S,W,8,171,C,CE2,4.3309875
tcr_17_2,C,A,S,E,8,176,C,CB,8.491692
tcr_17_2,C,A,S,W,8,171,C,CG,6.1114106
tcr_17_2,C,A,S,W,8,171,C,NE1,3.8734848
tcr_17_2,C,A,S,E,8,176,C,CG,7.7117314
tcr_17_2,C,A,S,W,8,171,C,CD1,5.1142488
tcr_17_2,C,A,S,E,8,176,C,OE1,7.371108
tcr_17_2,C,A,S,N,8,101,C,ND2,4.353906
tcr_17_2,C,A,S,E,8,176,C,OE2,7.7924867
tcr_17_2,C,A,S,T,8,97,C,OG1,7.3909416
tcr_17_2,C,A,S,T,8,97,C,CG2,5.2148504
tcr_17_2,C,A,S,T,8,97,C,C,6.7628884
tcr_17_2,C,A,S,T,8,97,C,CA,7.075894
tcr_17_2,C,A,S,T,8,97,C,CB,6.682463
tcr_17_2,C,A,S,A,8,164,C,O,9.903281
tcr_17_2,C,A,S,Q,8,168,C,CA,9.747892
tcr_17_2,C,A,S,Q,8,168,C,N,8.827164
tcr_17_2,C,A,S,Y,8,147,C,CG,9.563533
tcr_17_2,C,A,S,Y,8,147,C,CE1,7.590371
tcr_17_2,C,A,S,W,8,119,C,CZ3,8.16463
tcr_17_2,C,A,S,Y,8,147,C,CZ,8.176106
tcr_17_2,C,A,S,W,8,119,C,CH2,7.8462915
tcr_17_2,C,A,S,Y,8,147,C,CD1,8.363113
tcr_17_2,C,A,S,Y,8,147,C,OH,7.7870817
tcr_17_2,C,A,S,Y,8,147,C,CE2,9.401444
tcr_17_2,C,A,S,K,8,170,C,CA,8.475048
tcr_17_2,C,A,S,K,8,170,C,N,9.2698555
tcr_17_2,C,A,S,I,8,166,C,C,9.011475
tcr_17_2,C,A,S,K,8,170,C,CG,6.6606135
tcr_17_2,C,A,S,I,8,166,C,O,8.99761
tcr_17_2,C,A,S,I,8,166,C,CG2,9.897662
tcr_17_2,C,A,S,K,8,170,C,CB,7.2994094
tcr_17_2,C,A,S,T,8,167,C,O,7.29524
tcr_17_2,C,A,S,K,8,170,C,CD,5.644333
tcr_17_2,C,A,S,T,8,167,C,C,7.642712
tcr_17_2,C,A,S,T,8,167,C,N,8.161474
tcr_17_2,C,A,S,K,8,170,C,CE,5.257451
tcr_17_2,C,A,S,T,8,167,C,CA,7.00871
tcr_17_2,C,A,S,Y,8,108,C,OH,7.2118707
tcr_17_2,C,A,S,K,8,170,C,NZ,4.5127
tcr_17_2,C,A,S,T,8,167,C,CG2,5.4327545
tcr_17_2,C,A,S,T,8,167,C,CB,6.46604
tcr_17_2,C,A,S,Y,8,108,C,CZ,7.8577185
tcr_17_2,C,A,S,T,8,167,C,OG1,6.1870594
tcr_17_2,C,A,S,Y,8,108,C,CE2,7.497887
tcr_17_2,C,A,S,I,8,104,C,CG2,6.734069
tcr_17_2,C,A,S,Y,8,108,C,CD2,8.488519
tcr_17_2,C,A,S,A,8,105,C,CB,9.627831
tcr_17_2,C,A,S,N,8,101,C,O,7.399865
tcr_17_2,C,A,S,W,8,119,C,CZ2,7.7123766
tcr_17_2,C,A,S,N,8,101,C,C,7.185669
tcr_17_2,C,A,S,N,8,101,C,CB,5.4694567
tcr_17_2,C,A,S,N,8,101,C,CG,4.1652946
tcr_17_2,C,A,S,N,8,101,C,CA,5.84774
tcr_17_2,C,A,S,I,8,104,C,CB,6.8265276
tcr_17_2,C,A,S,N,8,101,C,OD1,3.2970855
tcr_17_2,C,A,S,I,8,104,C,CG1,6.690393
tcr_17_2,C,A,S,N,8,101,C,N,6.2336097
tcr_17_2,C,A,S,I,8,104,C,CD1,5.344346
tcr_17_2,C,A,S,E,8,100,C,CG,7.394895
tcr_17_2,C,A,S,E,8,100,C,CD,7.918369
tcr_17_2,C,A,S,E,8,100,C,CB,7.323034
tcr_17_2,C,A,S,E,8,100,C,CA,7.8352504
tcr_17_2,C,A,S,E,8,100,C,O,7.403455
tcr_17_2,C,A,S,E,8,100,C,OE1,8.752091
tcr_17_2,C,A,S,T,8,97,C,O,6.0832253
tcr_17_2,C,A,S,E,8,100,C,C,6.993707
tcr_17_2,C,A,S,E,8,100,C,OE2,7.7759385
tcr_17_2,C,A,S,A,8,105,C,CA,9.651332
tcr_17_2,C,A,S,Y,8,108,C,CD1,9.940647
tcr_17_2,C,A,S,Y,8,108,C,CG,9.670761
tcr_17_2,C,A,S,A,8,105,C,N,8.823596
tcr_17_2,C,A,S,Y,8,108,C,CE1,9.11695
tcr_17_2,C,A,S,I,8,104,C,O,9.637175
tcr_17_2,C,A,S,I,8,104,C,C,8.865575
tcr_17_2,C,A,S,I,8,104,C,CA,8.303978
tcr_17_2,C,A,S,I,8,104,C,N,8.707861
tcr_17_2,C,A,S,R,8,103,C,C,9.999096
tcr_17_2,C,A,S,T,8,121,C,OG1,9.08072
tcr_17_2,C,A,S,W,8,119,C,CE3,8.391674
tcr_17_2,C,A,S,Y,8,98,C,OH,8.310101
tcr_17_2,C,A,S,W,8,119,C,CB,9.724104
tcr_17_2,C,A,S,Y,8,98,C,CD1,8.310662
tcr_17_2,C,A,S,Y,8,98,C,CE1,8.199208
tcr_17_2,C,A,S,Y,8,98,C,CZ,8.07992
tcr_17_2,C,A,S,W,8,119,C,NE1,8.253904
tcr_17_2,C,A,S,W,8,119,C,CG,8.8760805
tcr_17_2,C,A,S,W,8,119,C,CD1,8.816986
tcr_17_2,C,A,S,W,8,119,C,CE2,7.9314127
tcr_17_2,C,A,S,W,8,119,C,CD2,8.298751
tcr_17_2,C,A,S,Y,8,98,C,CE2,8.080302
tcr_17_2,C,A,S,Y,8,98,C,CD2,8.199921
tcr_17_2,C,A,S,Y,8,98,C,CG,8.319606
tcr_17_2,C,A,S,N,8,94,C,O,9.569731
tcr_17_2,C,A,S,Y,8,98,C,CB,8.805204
tcr_17_2,C,A,S,T,8,97,C,N,8.540285
tcr_17_2,C,A,S,R,8,99,C,N,9.411757
tcr_17_2,C,A,S,Y,8,98,C,O,8.580296
tcr_17_2,C,A,S,L,8,102,C,N,8.283869
tcr_17_2,C,A,S,Y,8,98,C,CA,7.824268
tcr_17_2,C,A,S,R,8,99,C,C,9.482318
tcr_17_2,C,A,S,Y,8,98,C,N,7.6116014
tcr_17_2,C,A,S,Y,8,98,C,C,8.576399
tcr_17_2,C,A,S,E,8,100,C,N,8.472244
tcr_17_2,C,A,S,Q,8,96,C,C,9.334889
tcr_17_2,C,A,S,Q,8,96,C,O,9.055478
tcr_17_2,C,A,S,R,8,103,C,N,9.916079
tcr_17_2,C,A,S,L,8,102,C,CA,9.6255
tcr_17_2,C,A,S,W,8,157,O,CD2,9.829598
tcr_17_2,C,A,S,W,8,157,O,NE1,9.859492
tcr_17_2,C,A,S,W,8,157,O,CZ3,9.237935
tcr_17_2,C,A,S,I,8,148,O,CG1,9.625316
tcr_17_2,C,A,S,I,8,148,O,CB,9.347104
tcr_17_2,C,A,S,W,8,157,O,CE3,9.752809
tcr_17_2,C,A,S,I,8,148,O,CG2,8.175686
tcr_17_2,C,A,S,Y,8,140,O,CB,9.095233
tcr_17_2,C,A,S,I,8,148,O,CD1,8.674031
tcr_17_2,C,A,S,E,8,176,O,N,9.43637
tcr_17_2,C,A,S,E,8,176,O,CA,8.797012
tcr_17_2,C,A,S,E,8,176,O,C,9.7280245
tcr_17_2,C,A,S,E,8,172,O,N,9.311362
tcr_17_2,C,A,S,Q,8,168,O,C,9.258116
tcr_17_2,C,A,S,Q,8,168,O,O,9.197276
tcr_17_2,C,A,S,W,8,171,O,C,8.38333
tcr_17_2,C,A,S,W,8,171,O,CA,6.897168
tcr_17_2,C,A,S,W,8,171,O,O,8.811791
tcr_17_2,C,A,S,W,8,171,O,N,6.813413
tcr_17_2,C,A,S,K,8,170,O,C,7.1417704
tcr_17_2,C,A,S,K,8,170,O,O,7.5559454
tcr_17_2,C,A,S,A,8,174,O,CA,9.525742
tcr_17_2,C,A,S,A,8,174,O,N,9.77886
tcr_17_2,C,A,S,A,8,174,O,CB,8.071047
tcr_17_2,C,A,S,W,8,171,O,CZ3,5.9456377
tcr_17_2,C,A,S,W,8,171,O,CD2,4.785224
tcr_17_2,C,A,S,W,8,171,O,CB,6.4467993
tcr_17_2,C,A,S,W,8,171,O,CE3,5.8865604
tcr_17_2,C,A,S,W,8,157,O,CE2,9.381998
tcr_17_2,C,A,S,W,8,157,O,CH2,8.782908
tcr_17_2,C,A,S,W,8,157,O,CZ2,8.852111
tcr_17_2,C,A,S,W,8,171,O,CH2,4.964235
tcr_17_2,C,A,S,N,8,138,O,OD1,9.8272505
tcr_17_2,C,A,S,Y,8,140,O,CD2,8.243286
tcr_17_2,C,A,S,Y,8,140,O,CD1,7.3756204
tcr_17_2,C,A,S,Y,8,140,O,CE1,6.7082243
tcr_17_2,C,A,S,Y,8,140,O,CZ,6.872394
tcr_17_2,C,A,S,Y,8,140,O,CG,8.128118
tcr_17_2,C,A,S,Y,8,140,O,CE2,7.661533
tcr_17_2,C,A,S,E,8,176,O,CD,6.5565248
tcr_17_2,C,A,S,W,8,171,O,CZ2,3.5900333
tcr_17_2,C,A,S,Y,8,140,O,OH,6.645095
tcr_17_2,C,A,S,W,8,171,O,CE2,3.4638436
tcr_17_2,C,A,S,E,8,176,O,CB,7.369158
tcr_17_2,C,A,S,W,8,171,O,CG,5.012437
tcr_17_2,C,A,S,W,8,171,O,NE1,2.7696645
tcr_17_2,C,A,S,E,8,176,O,CG,6.6961646
tcr_17_2,C,A,S,W,8,171,O,CD1,3.9444716
tcr_17_2,C,A,S,E,8,176,O,OE1,6.565561
tcr_17_2,C,A,S,N,8,101,O,ND2,5.4350843
tcr_17_2,C,A,S,E,8,176,O,OE2,6.779969
tcr_17_2,C,A,S,T,8,97,O,OG1,7.990549
tcr_17_2,C,A,S,T,8,97,O,CG2,5.934112
tcr_17_2,C,A,S,T,8,97,O,C,7.807169
tcr_17_2,C,A,S,T,8,97,O,CA,7.977033
tcr_17_2,C,A,S,T,8,97,O,CB,7.4403534
tcr_17_2,C,A,S,A,8,164,O,O,9.5085335
tcr_17_2,C,A,S,R,8,169,O,N,9.800623
tcr_17_2,C,A,S,Q,8,168,O,CA,8.942037
tcr_17_2,C,A,S,Q,8,168,O,N,8.132693
tcr_17_2,C,A,S,I,8,166,O,CA,9.900653
tcr_17_2,C,A,S,A,8,163,O,O,9.942842
tcr_17_2,C,A,S,Y,8,147,O,CG,9.869808
tcr_17_2,C,A,S,Y,8,147,O,CE1,7.7827144
tcr_17_2,C,A,S,W,8,119,O,CZ3,8.837782
tcr_17_2,C,A,S,Y,8,147,O,CZ,8.4387865
tcr_17_2,C,A,S,W,8,119,O,CH2,8.530656
tcr_17_2,C,A,S,Y,8,147,O,CD1,8.584496
tcr_17_2,C,A,S,Y,8,147,O,OH,8.01534
tcr_17_2,C,A,S,Y,8,147,O,CE2,9.744107
tcr_17_2,C,A,S,K,8,170,O,CA,7.4782453
tcr_17_2,C,A,S,R,8,169,O,C,9.496317
tcr_17_2,C,A,S,K,8,170,O,N,8.319808
tcr_17_2,C,A,S,I,8,166,O,C,8.510921
tcr_17_2,C,A,S,K,8,170,O,CG,5.7798696
tcr_17_2,C,A,S,I,8,166,O,O,8.364535
tcr_17_2,C,A,S,I,8,166,O,CG2,9.62183
tcr_17_2,C,A,S,K,8,170,O,CB,6.4126472
tcr_17_2,C,A,S,T,8,167,O,O,6.4258404
tcr_17_2,C,A,S,K,8,170,O,CD,4.9667773
tcr_17_2,C,A,S,T,8,167,O,C,6.925736
tcr_17_2,C,A,S,T,8,167,O,N,7.7336583
tcr_17_2,C,A,S,K,8,170,O,CE,4.677546
tcr_17_2,C,A,S,T,8,167,O,CA,6.4853005
tcr_17_2,C,A,S,Y,8,108,O,OH,7.269793
tcr_17_2,C,A,S,K,8,170,O,NZ,4.2712855
tcr_17_2,C,A,S,T,8,167,O,CG2,5.0027523
tcr_17_2,C,A,S,T,8,167,O,CB,6.1166086
tcr_17_2,C,A,S,Y,8,108,O,CZ,8.05453
tcr_17_2,C,A,S,T,8,167,O,OG1,6.081829
tcr_17_2,C,A,S,Y,8,108,O,CE2,7.761921
tcr_17_2,C,A,S,I,8,104,O,CG2,7.3885713
tcr_17_2,C,A,S,Y,8,108,O,CD2,8.856652
tcr_17_2,C,A,S,N,8,101,O,O,8.51524
tcr_17_2,C,A,S,W,8,119,O,CZ2,8.539185
tcr_17_2,C,A,S,N,8,101,O,C,8.367787
tcr_17_2,C,A,S,N,8,101,O,CB,6.6762257
tcr_17_2,C,A,S,N,8,101,O,CG,5.3636355
tcr_17_2,C,A,S,N,8,101,O,CA,7.05795
tcr_17_2,C,A,S,I,8,104,O,CB,7.672067
tcr_17_2,C,A,S,N,8,101,O,OD1,4.524509
tcr_17_2,C,A,S,I,8,104,O,CG1,7.5083723
tcr_17_2,C,A,S,N,8,101,O,N,7.4433246
tcr_17_2,C,A,S,I,8,104,O,CD1,6.136486
tcr_17_2,C,A,S,E,8,100,O,CG,8.318743
tcr_17_2,C,A,S,E,8,100,O,CD,8.702421
tcr_17_2,C,A,S,E,8,100,O,CB,8.351445
tcr_17_2,C,A,S,E,8,100,O,CA,8.958178
tcr_17_2,C,A,S,E,8,100,O,O,8.526185
tcr_17_2,C,A,S,E,8,100,O,OE1,9.456503
tcr_17_2,C,A,S,T,8,97,O,O,7.1997757
tcr_17_2,C,A,S,E,8,100,O,C,8.155371
tcr_17_2,C,A,S,E,8,100,O,OE2,8.521079
tcr_17_2,C,A,S,A,8,105,O,N,9.744222
tcr_17_2,C,A,S,Y,8,108,O,CE1,9.36435
tcr_17_2,C,A,S,I,8,104,O,C,9.714772
tcr_17_2,C,A,S,I,8,104,O,CA,9.183246
tcr_17_2,C,A,S,I,8,104,O,N,9.703081
tcr_17_2,C,A,S,T,8,121,O,OG1,9.611626
tcr_17_2,C,A,S,W,8,119,O,CE3,9.187105
tcr_17_2,C,A,S,Y,8,98,O,OH,8.892355
tcr_17_2,C,A,S,Y,8,98,O,CD1,9.289079
tcr_17_2,C,A,S,Y,8,98,O,CE1,9.053091
tcr_17_2,C,A,S,Y,8,98,O,CZ,8.817373
tcr_17_2,C,A,S,W,8,119,O,NE1,9.308448
tcr_17_2,C,A,S,W,8,119,O,CG,9.902378
tcr_17_2,C,A,S,W,8,119,O,CD1,9.910902
tcr_17_2,C,A,S,W,8,119,O,CE2,8.880885
tcr_17_2,C,A,S,W,8,119,O,CD2,9.229572
tcr_17_2,C,A,S,Y,8,98,O,CE2,8.830348
tcr_17_2,C,A,S,Y,8,98,O,CD2,9.078876
tcr_17_2,C,A,S,Y,8,98,O,CG,9.310433
tcr_17_2,C,A,S,Y,8,98,O,CB,9.882216
tcr_17_2,C,A,S,T,8,97,O,N,9.426271
tcr_17_2,C,A,S,Y,8,98,O,O,9.795767
tcr_17_2,C,A,S,L,8,102,O,N,9.491446
tcr_17_2,C,A,S,Y,8,98,O,CA,8.952428
tcr_17_2,C,A,S,Y,8,98,O,N,8.670391
tcr_17_2,C,A,S,Y,8,98,O,C,9.761714
tcr_17_2,C,A,S,E,8,100,O,N,9.628182
tcr_17_2,C,A,S,W,8,171,CB,CA,9.562653
tcr_17_2,C,A,S,W,8,171,CB,N,9.416528
tcr_17_2,C,A,S,K,8,170,CB,C,9.452435
tcr_17_2,C,A,S,K,8,170,CB,O,9.647649
tcr_17_2,C,A,S,A,8,174,CB,CB,9.66245
tcr_17_2,C,A,S,W,8,171,CB,CZ3,8.831656
tcr_17_2,C,A,S,W,8,171,CB,CD2,7.8325057
tcr_17_2,C,A,S,W,8,171,CB,CB,9.3390045
tcr_17_2,C,A,S,W,8,171,CB,CE3,8.90647
tcr_17_2,C,A,S,W,8,171,CB,CH2,7.6954927
tcr_17_2,C,A,S,Y,8,140,CB,CD1,8.962848
tcr_17_2,C,A,S,Y,8,140,CB,CE1,8.217364
tcr_17_2,C,A,S,Y,8,140,CB,CZ,8.658939
tcr_17_2,C,A,S,Y,8,140,CB,CE2,9.751342
tcr_17_2,C,A,S,E,8,176,CB,CD,8.269888
tcr_17_2,C,A,S,W,8,171,CB,CZ2,6.4162874
tcr_17_2,C,A,S,Y,8,140,CB,OH,8.283169
tcr_17_2,C,A,S,W,8,171,CB,CE2,6.501824
tcr_17_2,C,A,S,E,8,176,CB,CB,9.673506
tcr_17_2,C,A,S,W,8,171,CB,CG,7.972525
tcr_17_2,C,A,S,W,8,171,CB,NE1,5.771108
tcr_17_2,C,A,S,E,8,176,CB,CG,8.880758
tcr_17_2,C,A,S,W,8,171,CB,CD1,6.788385
tcr_17_2,C,A,S,E,8,176,CB,OE1,8.02572
tcr_17_2,C,A,S,N,8,101,CB,ND2,5.014366
tcr_17_2,C,A,S,E,8,176,CB,OE2,8.288777
tcr_17_2,C,A,S,T,8,97,CB,OG1,5.781437
tcr_17_2,C,A,S,T,8,97,CB,CG2,4.030639
tcr_17_2,C,A,S,T,8,93,CB,CG2,9.642941
tcr_17_2,C,A,S,T,8,97,CB,C,5.594743
tcr_17_2,C,A,S,T,8,97,CB,CA,5.5158567
tcr_17_2,C,A,S,T,8,97,CB,CB,5.3178706
tcr_17_2,C,A,S,Y,8,147,CB,CE1,9.885776
tcr_17_2,C,A,S,W,8,119,CB,CH2,9.7095785
tcr_17_2,C,A,S,Y,8,147,CB,OH,9.81216
tcr_17_2,C,A,S,K,8,170,CB,CA,9.6468315
tcr_17_2,C,A,S,K,8,170,CB,CG,7.423117
tcr_17_2,C,A,S,K,8,170,CB,CB,8.451038
tcr_17_2,C,A,S,T,8,167,CB,O,9.245964
tcr_17_2,C,A,S,K,8,170,CB,CD,6.3390574
tcr_17_2,C,A,S,T,8,167,CB,C,9.70481
tcr_17_2,C,A,S,K,8,170,CB,CE,5.3635893
tcr_17_2,C,A,S,T,8,167,CB,CA,9.033569
tcr_17_2,C,A,S,Y,8,108,CB,OH,8.129769
tcr_17_2,C,A,S,K,8,170,CB,NZ,4.425955
tcr_17_2,C,A,S,T,8,167,CB,CG2,7.794227
tcr_17_2,C,A,S,T,8,167,CB,CB,8.694786
tcr_17_2,C,A,S,Y,8,108,CB,CZ,8.883265
tcr_17_2,C,A,S,T,8,167,CB,OG1,8.294197
tcr_17_2,C,A,S,Y,8,108,CB,CE2,8.819838
tcr_17_2,C,A,S,I,8,104,CB,CG2,7.158853
tcr_17_2,C,A,S,Y,8,108,CB,CD2,9.837447
tcr_17_2,C,A,S,N,8,101,CB,O,7.7872753
tcr_17_2,C,A,S,W,8,119,CB,CZ2,9.30633
tcr_17_2,C,A,S,N,8,101,CB,C,7.3330064
tcr_17_2,C,A,S,N,8,101,CB,CB,5.817862
tcr_17_2,C,A,S,N,8,101,CB,CG,4.5676394
tcr_17_2,C,A,S,N,8,101,CB,CA,5.8523145
tcr_17_2,C,A,S,I,8,104,CB,CB,6.8955216
tcr_17_2,C,A,S,N,8,101,CB,OD1,3.4426703
tcr_17_2,C,A,S,I,8,104,CB,CG1,6.2296677
tcr_17_2,C,A,S,N,8,101,CB,N,5.631369
tcr_17_2,C,A,S,I,8,104,CB,CD1,4.7270145
tcr_17_2,C,A,S,E,8,100,CB,CG,5.585675
tcr_17_2,C,A,S,E,8,100,CB,CD,5.7810025
tcr_17_2,C,A,S,E,8,100,CB,CB,5.599644
tcr_17_2,C,A,S,E,8,100,CB,CA,6.502775
tcr_17_2,C,A,S,E,8,100,CB,O,6.67393
tcr_17_2,C,A,S,E,8,100,CB,OE1,6.631081
tcr_17_2,C,A,S,T,8,97,CB,O,4.9660006
tcr_17_2,C,A,S,E,8,100,CB,C,6.095941
tcr_17_2,C,A,S,E,8,100,CB,OE2,5.4696584
tcr_17_2,C,A,S,A,8,105,CB,N,9.392651
tcr_17_2,C,A,S,Y,8,108,CB,CE1,9.952228
tcr_17_2,C,A,S,I,8,104,CB,C,9.272718
tcr_17_2,C,A,S,I,8,104,CB,CA,8.333368
tcr_17_2,C,A,S,R,8,103,CB,CB,9.887584
tcr_17_2,C,A,S,I,8,104,CB,N,8.494491
tcr_17_2,C,A,S,R,8,103,CB,C,9.705444
tcr_17_2,C,A,S,Y,8,98,CB,OH,9.226563
tcr_17_2,C,A,S,Y,8,98,CB,CD1,8.745071
tcr_17_2,C,A,S,Y,8,98,CB,CE1,8.935204
tcr_17_2,C,A,S,Y,8,98,CB,CZ,8.739172
tcr_17_2,C,A,S,W,8,119,CB,NE1,9.247427
tcr_17_2,C,A,S,W,8,119,CB,CG,9.915955
tcr_17_2,C,A,S,W,8,119,CB,CD1,9.649306
tcr_17_2,C,A,S,W,8,119,CB,CE2,9.270082
tcr_17_2,C,A,S,W,8,119,CB,CD2,9.661882
tcr_17_2,C,A,S,N,8,94,CB,OD1,9.709365
tcr_17_2,C,A,S,N,8,94,CB,CA,9.308844
tcr_17_2,C,A,S,Y,8,98,CB,CE2,8.347956
tcr_17_2,C,A,S,N,8,94,CB,C,9.45269
tcr_17_2,C,A,S,Y,8,98,CB,CD2,8.153563
tcr_17_2,C,A,S,Y,8,98,CB,CG,8.361246
tcr_17_2,C,A,S,N,8,94,CB,O,8.628174
tcr_17_2,C,A,S,Y,8,98,CB,CB,8.522747
tcr_17_2,C,A,S,N,8,94,CB,N,9.980666
tcr_17_2,C,A,S,T,8,93,CB,C,9.742631
tcr_17_2,C,A,S,T,8,93,CB,O,8.922919
tcr_17_2,C,A,S,Q,8,96,CB,CA,9.093943
tcr_17_2,C,A,S,T,8,97,CB,N,6.9003735
tcr_17_2,C,A,S,Q,8,96,CB,N,9.749169
tcr_17_2,C,A,S,Q,8,96,CB,CB,9.435104
tcr_17_2,C,A,S,R,8,99,CB,N,8.46903
tcr_17_2,C,A,S,Y,8,98,CB,O,8.189984
tcr_17_2,C,A,S,R,8,99,CB,CA,9.174666
tcr_17_2,C,A,S,L,8,102,CB,N,8.249047
tcr_17_2,C,A,S,Y,8,98,CB,CA,7.3187885
tcr_17_2,C,A,S,R,8,99,CB,C,8.390063
tcr_17_2,C,A,S,R,8,99,CB,O,9.033307
tcr_17_2,C,A,S,Y,8,98,CB,N,6.733832
tcr_17_2,C,A,S,Y,8,98,CB,C,7.95113
tcr_17_2,C,A,S,E,8,100,CB,N,7.1959753
tcr_17_2,C,A,S,Q,8,96,CB,C,7.6193213
tcr_17_2,C,A,S,Q,8,96,CB,O,7.3497405
tcr_17_2,C,A,S,R,8,103,CB,N,9.5304575
tcr_17_2,C,A,S,L,8,102,CB,CA,9.657691
tcr_17_2,C,A,S,L,8,102,CB,C,9.992522
tcr_17_2,C,A,S,E,8,176,OG,CA,9.999479
tcr_17_2,C,A,S,W,8,171,OG,C,9.942676
tcr_17_2,C,A,S,W,8,171,OG,CA,8.54459
tcr_17_2,C,A,S,W,8,171,OG,N,8.393386
tcr_17_2,C,A,S,K,8,170,OG,C,8.325561
tcr_17_2,C,A,S,K,8,170,OG,O,8.418668
tcr_17_2,C,A,S,A,8,174,OG,CA,9.852343
tcr_17_2,C,A,S,A,8,174,OG,CB,8.336153
tcr_17_2,C,A,S,W,8,171,OG,CZ3,8.684567
tcr_17_2,C,A,S,W,8,171,OG,CD2,7.3311105
tcr_17_2,C,A,S,W,8,171,OG,CB,8.495417
tcr_17_2,C,A,S,W,8,171,OG,CE3,8.538185
tcr_17_2,C,A,S,W,8,171,OG,CH2,7.7026567
tcr_17_2,C,A,S,Y,8,140,OG,CD1,9.618184
tcr_17_2,C,A,S,Y,8,140,OG,CE1,8.823985
tcr_17_2,C,A,S,Y,8,140,OG,CZ,9.0754795
tcr_17_2,C,A,S,E,8,176,OG,CD,7.51941
tcr_17_2,C,A,S,W,8,171,OG,CZ2,6.3418884
tcr_17_2,C,A,S,Y,8,140,OG,OH,8.61617
tcr_17_2,C,A,S,W,8,171,OG,CE2,6.1212792
tcr_17_2,C,A,S,E,8,176,OG,CB,8.787945
tcr_17_2,C,A,S,W,8,171,OG,CG,7.231642
tcr_17_2,C,A,S,W,8,171,OG,NE1,5.158356
tcr_17_2,C,A,S,E,8,176,OG,CG,8.154365
tcr_17_2,C,A,S,W,8,171,OG,CD1,5.960825
tcr_17_2,C,A,S,E,8,176,OG,OE1,7.4490914
tcr_17_2,C,A,S,N,8,101,OG,ND2,6.22974
tcr_17_2,C,A,S,E,8,176,OG,OE2,7.375372
tcr_17_2,C,A,S,T,8,97,OG,OG1,6.586895
tcr_17_2,C,A,S,T,8,97,OG,CG2,5.0487027
tcr_17_2,C,A,S,T,8,97,OG,C,6.920743
tcr_17_2,C,A,S,T,8,97,OG,CA,6.6841145
tcr_17_2,C,A,S,T,8,97,OG,CB,6.351415
tcr_17_2,C,A,S,K,8,170,OG,CA,8.575453
tcr_17_2,C,A,S,K,8,170,OG,N,9.703459
tcr_17_2,C,A,S,K,8,170,OG,CG,6.3246493
tcr_17_2,C,A,S,I,8,166,OG,O,9.952482
tcr_17_2,C,A,S,K,8,170,OG,CB,7.4648156
tcr_17_2,C,A,S,T,8,167,OG,O,8.55899
tcr_17_2,C,A,S,K,8,170,OG,CD,5.390845
tcr_17_2,C,A,S,T,8,167,OG,C,9.154184
tcr_17_2,C,A,S,T,8,167,OG,N,9.687436
tcr_17_2,C,A,S,K,8,170,OG,CE,4.312268
tcr_17_2,C,A,S,T,8,167,OG,CA,8.617288
tcr_17_2,C,A,S,Y,8,108,OG,OH,7.954064
tcr_17_2,C,A,S,K,8,170,OG,NZ,3.663206
tcr_17_2,C,A,S,T,8,167,OG,CG2,7.6044436
tcr_17_2,C,A,S,T,8,167,OG,CB,8.494817
tcr_17_2,C,A,S,Y,8,108,OG,CZ,8.88414
tcr_17_2,C,A,S,T,8,167,OG,OG1,8.252905
tcr_17_2,C,A,S,Y,8,108,OG,CE2,8.949874
tcr_17_2,C,A,S,I,8,104,OG,CG2,7.60295
tcr_17_2,C,A,S,N,8,101,OG,O,8.904017
tcr_17_2,C,A,S,N,8,101,OG,C,8.560645
tcr_17_2,C,A,S,N,8,101,OG,CB,7.1194973
tcr_17_2,C,A,S,N,8,101,OG,CG,5.8554363
tcr_17_2,C,A,S,N,8,101,OG,CA,7.122323
tcr_17_2,C,A,S,I,8,104,OG,CB,7.572505
tcr_17_2,C,A,S,N,8,101,OG,OD1,4.7304173
tcr_17_2,C,A,S,I,8,104,OG,CG1,6.8513007
tcr_17_2,C,A,S,N,8,101,OG,N,6.9571767
tcr_17_2,C,A,S,I,8,104,OG,CD1,5.316368
tcr_17_2,C,A,S,E,8,100,OG,CG,6.4884663
tcr_17_2,C,A,S,E,8,100,OG,CD,6.47146
tcr_17_2,C,A,S,E,8,100,OG,CB,6.7229257
tcr_17_2,C,A,S,E,8,100,OG,CA,7.718728
tcr_17_2,C,A,S,E,8,100,OG,O,7.801894
tcr_17_2,C,A,S,E,8,100,OG,OE1,7.1416163
tcr_17_2,C,A,S,T,8,97,OG,O,6.3490324
tcr_17_2,C,A,S,E,8,100,OG,C,7.332004
tcr_17_2,C,A,S,E,8,100,OG,OE2,6.160777
tcr_17_2,C,A,S,Y,8,108,OG,CE1,9.983287
tcr_17_2,C,A,S,I,8,104,OG,C,9.999709
tcr_17_2,C,A,S,I,8,104,OG,CA,9.067184
tcr_17_2,C,A,S,I,8,104,OG,N,9.392601
tcr_17_2,C,A,S,Y,8,98,OG,CD1,9.999603
tcr_17_2,C,A,S,Y,8,98,OG,CZ,9.793307
tcr_17_2,C,A,S,Y,8,98,OG,CE2,9.419163
tcr_17_2,C,A,S,Y,8,98,OG,CD2,9.341852
tcr_17_2,C,A,S,Y,8,98,OG,CG,9.641117
tcr_17_2,C,A,S,N,8,94,OG,O,9.800653
tcr_17_2,C,A,S,Y,8,98,OG,CB,9.874827
tcr_17_2,C,A,S,T,8,93,OG,O,9.796489
tcr_17_2,C,A,S,T,8,97,OG,N,8.014966
tcr_17_2,C,A,S,R,8,99,OG,N,9.853017
tcr_17_2,C,A,S,Y,8,98,OG,O,9.598306
tcr_17_2,C,A,S,L,8,102,OG,N,9.541479
tcr_17_2,C,A,S,Y,8,98,OG,CA,8.704751
tcr_17_2,C,A,S,R,8,99,OG,C,9.713022
tcr_17_2,C,A,S,Y,8,98,OG,N,8.070586
tcr_17_2,C,A,S,Y,8,98,OG,C,9.360093
tcr_17_2,C,A,S,E,8,100,OG,N,8.495301
tcr_17_2,C,A,S,Q,8,96,OG,C,8.765122
tcr_17_2,C,A,S,Q,8,96,OG,O,8.54799
tcr_17_2,C,A,I,I,9,148,N,CG1,9.667276
tcr_17_2,C,A,I,I,9,148,N,CB,9.069605
tcr_17_2,C,A,I,I,9,148,N,CG2,7.918838
tcr_17_2,C,A,I,Y,9,140,N,CB,8.301105
tcr_17_2,C,A,I,Y,9,140,N,CA,9.768613
tcr_17_2,C,A,I,I,9,148,N,CD1,8.890617
tcr_17_2,C,A,I,W,9,171,N,CA,8.609317
tcr_17_2,C,A,I,W,9,171,N,N,8.321849
tcr_17_2,C,A,I,K,9,170,N,C,8.665491
tcr_17_2,C,A,I,K,9,170,N,O,9.261069
tcr_17_2,C,A,I,W,9,171,N,CZ3,6.6085424
tcr_17_2,C,A,I,W,9,171,N,CD2,6.058979
tcr_17_2,C,A,I,W,9,171,N,CB,8.023624
tcr_17_2,C,A,I,W,9,171,N,CE3,6.889878
tcr_17_2,C,A,I,W,9,157,N,CH2,9.934202
tcr_17_2,C,A,I,W,9,171,N,CH2,5.427064
tcr_17_2,C,A,I,Y,9,140,N,CD2,8.076099
tcr_17_2,C,A,I,Y,9,140,N,CD1,6.7156763
tcr_17_2,C,A,I,Y,9,140,N,CE1,6.3709292
tcr_17_2,C,A,I,Y,9,140,N,CZ,6.9682727
tcr_17_2,C,A,I,Y,9,140,N,CG,7.586549
tcr_17_2,C,A,I,Y,9,140,N,CE2,7.80338
tcr_17_2,C,A,I,E,9,176,N,CD,8.61484
tcr_17_2,C,A,I,W,9,171,N,CZ2,4.3075857
tcr_17_2,C,A,I,Y,9,140,N,OH,7.089627
tcr_17_2,C,A,I,W,9,171,N,CE2,4.7077794
tcr_17_2,C,A,I,E,9,176,N,CB,9.392882
tcr_17_2,C,A,I,W,9,171,N,CG,6.5674496
tcr_17_2,C,A,I,W,9,171,N,NE1,4.4433823
tcr_17_2,C,A,I,E,9,176,N,CG,8.659799
tcr_17_2,C,A,I,W,9,171,N,CD1,5.684515
tcr_17_2,C,A,I,E,9,176,N,OE1,8.49364
tcr_17_2,C,A,I,N,9,101,N,ND2,4.0456896
tcr_17_2,C,A,I,E,9,176,N,OE2,8.948825
tcr_17_2,C,A,I,T,9,97,N,OG1,8.154931
tcr_17_2,C,A,I,T,9,97,N,CG2,5.8978662
tcr_17_2,C,A,I,T,9,97,N,C,6.91483
tcr_17_2,C,A,I,T,9,97,N,CA,7.4805756
tcr_17_2,C,A,I,T,9,97,N,CB,7.280541
tcr_17_2,C,A,I,A,9,164,N,O,9.241543
tcr_17_2,C,A,I,A,9,164,N,C,9.828137
tcr_17_2,C,A,I,Q,9,168,N,CA,9.557155
tcr_17_2,C,A,I,Q,9,168,N,N,8.49856
tcr_17_2,C,A,I,I,9,166,N,CA,9.685062
tcr_17_2,C,A,I,A,9,163,N,O,9.039232
tcr_17_2,C,A,I,A,9,163,N,C,9.768421
tcr_17_2,C,A,I,Y,9,147,N,CB,9.597721
tcr_17_2,C,A,I,Y,9,147,N,CG,8.540227
tcr_17_2,C,A,I,A,9,164,N,CA,9.413998
tcr_17_2,C,A,I,Y,9,147,N,CD2,8.906492
tcr_17_2,C,A,I,Y,9,147,N,CE1,6.579933
tcr_17_2,C,A,I,W,9,119,N,CZ3,7.178183
tcr_17_2,C,A,I,Y,9,147,N,CZ,7.0536585
tcr_17_2,C,A,I,W,9,119,N,CH2,6.7233787
tcr_17_2,C,A,I,Y,9,147,N,CD1,7.409474
tcr_17_2,C,A,I,Y,9,147,N,OH,6.65023
tcr_17_2,C,A,I,A,9,164,N,N,9.994655
tcr_17_2,C,A,I,Y,9,147,N,CE2,8.234202
tcr_17_2,C,A,I,K,9,170,N,CA,8.698037
tcr_17_2,C,A,I,K,9,170,N,N,9.341765
tcr_17_2,C,A,I,I,9,166,N,C,8.484597
tcr_17_2,C,A,I,K,9,170,N,CG,6.9539
tcr_17_2,C,A,I,I,9,166,N,O,8.638149
tcr_17_2,C,A,I,I,9,166,N,CG2,9.246732
tcr_17_2,C,A,I,K,9,170,N,CB,7.4213934
tcr_17_2,C,A,I,T,9,167,N,O,7.2246747
tcr_17_2,C,A,I,I,9,166,N,CB,9.541356
tcr_17_2,C,A,I,K,9,170,N,CD,5.797415
tcr_17_2,C,A,I,T,9,167,N,C,7.3616276
tcr_17_2,C,A,I,T,9,167,N,N,7.5524707
tcr_17_2,C,A,I,K,9,170,N,CE,5.6095915
tcr_17_2,C,A,I,T,9,167,N,CA,6.5214295
tcr_17_2,C,A,I,Y,9,108,N,OH,6.4476376
tcr_17_2,C,A,I,K,9,170,N,NZ,4.697435
tcr_17_2,C,A,I,T,9,167,N,CG2,4.958827
tcr_17_2,C,A,I,T,9,167,N,CB,5.8227234
tcr_17_2,C,A,I,Y,9,108,N,CZ,6.9173355
tcr_17_2,C,A,I,T,9,167,N,OG1,5.3187456
tcr_17_2,C,A,I,Y,9,108,N,CE2,6.4272175
tcr_17_2,C,A,I,I,9,104,N,CG2,5.7217636
tcr_17_2,C,A,I,Y,9,108,N,CD2,7.321528
tcr_17_2,C,A,I,A,9,105,N,CB,8.3615055
tcr_17_2,C,A,I,N,9,101,N,O,6.3138223
tcr_17_2,C,A,I,W,9,119,N,CZ2,6.5193963
tcr_17_2,C,A,I,N,9,101,N,C,6.239186
tcr_17_2,C,A,I,N,9,101,N,CB,4.7310576
tcr_17_2,C,A,I,N,9,101,N,CG,3.6553595
tcr_17_2,C,A,I,N,9,101,N,CA,5.0402575
tcr_17_2,C,A,I,I,9,104,N,CB,5.853142
tcr_17_2,C,A,I,N,9,101,N,OD1,2.8930953
tcr_17_2,C,A,I,I,9,104,N,CG1,5.96101
tcr_17_2,C,A,I,N,9,101,N,N,5.676782
tcr_17_2,C,A,I,I,9,104,N,CD1,4.791553
tcr_17_2,C,A,I,E,9,100,N,CG,7.2973323
tcr_17_2,C,A,I,E,9,100,N,CD,8.046156
tcr_17_2,C,A,I,E,9,100,N,CB,7.233657
tcr_17_2,C,A,I,E,9,100,N,CA,7.5111623
tcr_17_2,C,A,I,E,9,100,N,O,6.7260942
tcr_17_2,C,A,I,E,9,100,N,OE1,8.862819
tcr_17_2,C,A,I,T,9,97,N,O,6.084648
tcr_17_2,C,A,I,E,9,100,N,C,6.461325
tcr_17_2,C,A,I,E,9,100,N,OE2,8.078827
tcr_17_2,C,A,I,A,9,105,N,CA,8.384522
tcr_17_2,C,A,I,A,9,105,N,C,9.866927
tcr_17_2,C,A,I,Y,9,108,N,CB,9.601594
tcr_17_2,C,A,I,Y,9,108,N,CD1,8.881107
tcr_17_2,C,A,I,Y,9,108,N,CG,8.515955
tcr_17_2,C,A,I,A,9,105,N,N,7.6178627
tcr_17_2,C,A,I,Y,9,108,N,CE1,8.167598
tcr_17_2,C,A,I,I,9,104,N,O,8.482849
tcr_17_2,C,A,I,I,9,104,N,C,7.7175035
tcr_17_2,C,A,I,I,9,104,N,CA,7.2883477
tcr_17_2,C,A,I,R,9,103,N,CA,9.670506
tcr_17_2,C,A,I,R,9,103,N,CB,9.994218
tcr_17_2,C,A,I,I,9,104,N,N,7.7508903
tcr_17_2,C,A,I,R,9,103,N,O,9.891196
tcr_17_2,C,A,I,R,9,103,N,C,9.047051
tcr_17_2,C,A,I,T,9,121,N,OG1,8.884875
tcr_17_2,C,A,I,W,9,119,N,CE3,7.4712596
tcr_17_2,C,A,I,Y,9,98,N,OH,8.384023
tcr_17_2,C,A,I,W,9,119,N,CB,8.959722
tcr_17_2,C,A,I,Y,9,98,N,CD1,8.047307
tcr_17_2,C,A,I,Y,9,98,N,CE1,7.9929705
tcr_17_2,C,A,I,Y,9,98,N,CZ,8.09478
tcr_17_2,C,A,I,W,9,119,N,NE1,7.1627665
tcr_17_2,C,A,I,W,9,119,N,CG,7.977527
tcr_17_2,C,A,I,W,9,119,N,CD1,7.8520875
tcr_17_2,C,A,I,W,9,119,N,CE2,6.819325
tcr_17_2,C,A,I,W,9,119,N,CD2,7.321921
tcr_17_2,C,A,I,Y,9,98,N,CE2,8.254077
tcr_17_2,C,A,I,Y,9,98,N,CD2,8.311535
tcr_17_2,C,A,I,Y,9,98,N,CG,8.215719
tcr_17_2,C,A,I,N,9,94,N,O,9.875711
tcr_17_2,C,A,I,Y,9,98,N,CB,8.646786
tcr_17_2,C,A,I,T,9,97,N,N,8.938104
tcr_17_2,C,A,I,R,9,99,N,N,9.181508
tcr_17_2,C,A,I,Y,9,98,N,O,8.081953
tcr_17_2,C,A,I,R,9,99,N,CA,9.8816
tcr_17_2,C,A,I,L,9,102,N,N,7.4181466
tcr_17_2,C,A,I,Y,9,98,N,CA,7.655523
tcr_17_2,C,A,I,R,9,99,N,C,9.094374
tcr_17_2,C,A,I,R,9,99,N,O,9.497126
tcr_17_2,C,A,I,Y,9,98,N,N,7.676343
tcr_17_2,C,A,I,Y,9,98,N,C,8.261129
tcr_17_2,C,A,I,E,9,100,N,N,8.194703
tcr_17_2,C,A,I,Q,9,96,N,C,9.615506
tcr_17_2,C,A,I,Q,9,96,N,O,9.202819
tcr_17_2,C,A,I,R,9,103,N,N,9.0367
tcr_17_2,C,A,I,L,9,102,N,CA,8.68521
tcr_17_2,C,A,I,L,9,102,N,CB,9.851923
tcr_17_2,C,A,I,L,9,102,N,O,9.6783085
tcr_17_2,C,A,I,L,9,102,N,C,9.100731
tcr_17_2,C,A,I,W,9,157,CA,CZ3,9.685134
tcr_17_2,C,A,I,I,9,148,CA,CA,9.364788
tcr_17_2,C,A,I,I,9,148,CA,N,9.2659445
tcr_17_2,C,A,I,I,9,148,CA,O,9.965552
tcr_17_2,C,A,I,I,9,148,CA,CG1,8.6575165
tcr_17_2,C,A,I,I,9,148,CA,CB,8.09727
tcr_17_2,C,A,I,W,9,157,CA,CE3,9.960437
tcr_17_2,C,A,I,I,9,148,CA,CG2,7.1043086
tcr_17_2,C,A,I,Y,9,140,CA,CB,8.015778
tcr_17_2,C,A,I,Y,9,140,CA,CA,9.531041
tcr_17_2,C,A,I,I,9,148,CA,CD1,7.8120146
tcr_17_2,C,A,I,Q,9,168,CA,C,8.949362
tcr_17_2,C,A,I,Q,9,168,CA,O,9.259429
tcr_17_2,C,A,I,W,9,171,CA,C,9.5453005
tcr_17_2,C,A,I,W,9,171,CA,CA,8.027489
tcr_17_2,C,A,I,W,9,171,CA,N,7.5857162
tcr_17_2,C,A,I,K,9,170,CA,C,7.9766545
tcr_17_2,C,A,I,K,9,170,CA,O,8.727269
tcr_17_2,C,A,I,W,9,171,CA,CZ3,6.1285396
tcr_17_2,C,A,I,W,9,171,CA,CD2,5.5400224
tcr_17_2,C,A,I,W,9,171,CA,CB,7.412263
tcr_17_2,C,A,I,W,9,171,CA,CE3,6.324861
tcr_17_2,C,A,I,W,9,157,CA,CH2,9.6281
tcr_17_2,C,A,I,W,9,157,CA,CZ2,9.841884
tcr_17_2,C,A,I,W,9,171,CA,CH2,5.1081367
tcr_17_2,C,A,I,Y,9,140,CA,CD2,7.9403744
tcr_17_2,C,A,I,Y,9,140,CA,CD1,6.8332653
tcr_17_2,C,A,I,Y,9,140,CA,CE1,6.7039523
tcr_17_2,C,A,I,Y,9,140,CA,CZ,7.2405767
tcr_17_2,C,A,I,Y,9,140,CA,CG,7.4745793
tcr_17_2,C,A,I,Y,9,140,CA,CE2,7.8415074
tcr_17_2,C,A,I,E,9,176,CA,CD,8.986052
tcr_17_2,C,A,I,W,9,171,CA,CZ2,4.0852466
tcr_17_2,C,A,I,Y,9,140,CA,OH,7.540542
tcr_17_2,C,A,I,W,9,171,CA,CE2,4.3529944
tcr_17_2,C,A,I,E,9,176,CA,CB,9.363111
tcr_17_2,C,A,I,W,9,171,CA,CG,6.030809
tcr_17_2,C,A,I,W,9,171,CA,NE1,4.1718783
tcr_17_2,C,A,I,E,9,176,CA,CG,8.801682
tcr_17_2,C,A,I,W,9,171,CA,CD1,5.2779303
tcr_17_2,C,A,I,E,9,176,CA,OE1,9.023189
tcr_17_2,C,A,I,N,9,101,CA,ND2,5.1149163
tcr_17_2,C,A,I,E,9,176,CA,OE2,9.327551
tcr_17_2,C,A,I,T,9,97,CA,OG1,9.607978
tcr_17_2,C,A,I,T,9,97,CA,CG2,7.345333
tcr_17_2,C,A,I,T,9,97,CA,C,8.285203
tcr_17_2,C,A,I,T,9,97,CA,CA,8.915871
tcr_17_2,C,A,I,T,9,97,CA,CB,8.732743
tcr_17_2,C,A,I,Q,9,165,CA,N,9.527657
tcr_17_2,C,A,I,A,9,164,CA,O,7.835122
tcr_17_2,C,A,I,Q,9,168,CA,CB,9.502329
tcr_17_2,C,A,I,A,9,164,CA,C,8.401891
tcr_17_2,C,A,I,Q,9,165,CA,C,9.458152
tcr_17_2,C,A,I,Q,9,165,CA,O,9.763133
tcr_17_2,C,A,I,R,9,169,CA,N,9.3326435
tcr_17_2,C,A,I,Q,9,168,CA,CA,8.344739
tcr_17_2,C,A,I,I,9,166,CA,N,8.807581
tcr_17_2,C,A,I,Q,9,168,CA,N,7.202072
tcr_17_2,C,A,I,I,9,166,CA,CA,8.291977
tcr_17_2,C,A,I,I,9,166,CA,CG1,9.588372
tcr_17_2,C,A,I,A,9,163,CA,O,7.612114
tcr_17_2,C,A,I,A,9,163,CA,CA,9.450518
tcr_17_2,C,A,I,A,9,163,CA,C,8.368781
tcr_17_2,C,A,I,Y,9,147,CA,CA,9.8956785
tcr_17_2,C,A,I,Y,9,147,CA,C,9.611599
tcr_17_2,C,A,I,A,9,164,CA,CB,8.795096
tcr_17_2,C,A,I,Y,9,147,CA,CB,8.788211
tcr_17_2,C,A,I,Y,9,147,CA,CG,7.6113067
tcr_17_2,C,A,I,A,9,164,CA,CA,8.0251
tcr_17_2,C,A,I,Y,9,147,CA,CD2,7.905949
tcr_17_2,C,A,I,Y,9,147,CA,CE1,5.459975
tcr_17_2,C,A,I,W,9,119,CA,CZ3,6.865784
tcr_17_2,C,A,I,Y,9,147,CA,CZ,5.869854
tcr_17_2,C,A,I,W,9,119,CA,CH2,6.240999
tcr_17_2,C,A,I,Y,9,147,CA,CD1,6.446377
tcr_17_2,C,A,I,Y,9,147,CA,OH,5.36491
tcr_17_2,C,A,I,A,9,164,CA,N,8.607835
tcr_17_2,C,A,I,Y,9,147,CA,CE2,7.129617
tcr_17_2,C,A,I,Y,9,109,CA,CE2,9.8182745
tcr_17_2,C,A,I,A,9,163,CA,CB,9.430477
tcr_17_2,C,A,I,K,9,170,CA,CA,7.865948
tcr_17_2,C,A,I,R,9,169,CA,C,9.579355
tcr_17_2,C,A,I,K,9,170,CA,N,8.337499
tcr_17_2,C,A,I,I,9,166,CA,C,7.1161475
tcr_17_2,C,A,I,K,9,170,CA,CG,6.3659754
tcr_17_2,C,A,I,I,9,166,CA,O,7.3594146
tcr_17_2,C,A,I,I,9,166,CA,CG2,7.998575
tcr_17_2,C,A,I,K,9,170,CA,CB,6.5712924
tcr_17_2,C,A,I,T,9,167,CA,O,6.1099133
tcr_17_2,C,A,I,I,9,166,CA,CB,8.183484
tcr_17_2,C,A,I,K,9,170,CA,CD,5.2391486
tcr_17_2,C,A,I,T,9,167,CA,C,6.096556
tcr_17_2,C,A,I,T,9,167,CA,N,6.135246
tcr_17_2,C,A,I,K,9,170,CA,CE,5.4308047
tcr_17_2,C,A,I,T,9,167,CA,CA,5.149678
tcr_17_2,C,A,I,Y,9,108,CA,OH,5.4633536
tcr_17_2,C,A,I,K,9,170,CA,NZ,4.6654983
tcr_17_2,C,A,I,T,9,167,CA,CG2,3.7111351
tcr_17_2,C,A,I,T,9,167,CA,CB,4.414578
tcr_17_2,C,A,I,Y,9,108,CA,CZ,5.8823924
tcr_17_2,C,A,I,T,9,167,CA,OG1,3.8628702
tcr_17_2,C,A,I,Y,9,108,CA,CE2,5.2879953
tcr_17_2,C,A,I,I,9,104,CA,CG2,5.3152866
tcr_17_2,C,A,I,Y,9,108,CA,CD2,6.2213264
tcr_17_2,C,A,I,A,9,105,CA,CB,8.039138
tcr_17_2,C,A,I,N,9,101,CA,O,6.5404377
tcr_17_2,C,A,I,W,9,119,CA,CZ2,6.167598
tcr_17_2,C,A,I,N,9,101,CA,C,6.7295485
tcr_17_2,C,A,I,N,9,101,CA,CB,5.5505857
tcr_17_2,C,A,I,N,9,101,CA,CG,4.7264986
tcr_17_2,C,A,I,N,9,101,CA,CA,5.7719574
tcr_17_2,C,A,I,I,9,104,CA,CB,5.800487
tcr_17_2,C,A,I,N,9,101,CA,OD1,4.119693
tcr_17_2,C,A,I,I,9,104,CA,CG1,6.1579685
tcr_17_2,C,A,I,N,9,101,CA,N,6.620049
tcr_17_2,C,A,I,I,9,104,CA,CD1,5.18377
tcr_17_2,C,A,I,E,9,100,CA,CG,8.282569
tcr_17_2,C,A,I,E,9,100,CA,CD,9.085858
tcr_17_2,C,A,I,E,9,100,CA,CB,8.3550825
tcr_17_2,C,A,I,E,9,100,CA,CA,8.522978
tcr_17_2,C,A,I,E,9,100,CA,O,7.39446
tcr_17_2,C,A,I,E,9,100,CA,OE1,9.794189
tcr_17_2,C,A,I,T,9,97,CA,O,7.40487
tcr_17_2,C,A,I,E,9,100,CA,C,7.338095
tcr_17_2,C,A,I,E,9,100,CA,OE2,9.2448015
tcr_17_2,C,A,I,A,9,105,CA,CA,7.957109
tcr_17_2,C,A,I,A,9,105,CA,O,9.96966
tcr_17_2,C,A,I,A,9,105,CA,C,9.42321
tcr_17_2,C,A,I,Y,9,108,CA,CB,8.604681
tcr_17_2,C,A,I,I,9,166,CA,CD1,9.839445
tcr_17_2,C,A,I,Y,9,108,CA,CD1,7.912598
tcr_17_2,C,A,I,Y,9,108,CA,CG,7.4939604
tcr_17_2,C,A,I,A,9,105,CA,N,7.350051
tcr_17_2,C,A,I,Y,9,108,CA,CE1,7.211133
tcr_17_2,C,A,I,I,9,104,CA,O,8.007825
tcr_17_2,C,A,I,I,9,104,CA,C,7.408551
tcr_17_2,C,A,I,I,9,104,CA,CA,7.2008076
tcr_17_2,C,A,I,I,9,104,CA,N,7.898479
tcr_17_2,C,A,I,R,9,103,CA,O,9.904614
tcr_17_2,C,A,I,R,9,103,CA,C,9.19933
tcr_17_2,C,A,I,Y,9,108,CA,CA,9.953801
tcr_17_2,C,A,I,T,9,121,CA,OG1,9.340245
tcr_17_2,C,A,I,W,9,119,CA,CE3,7.421929
tcr_17_2,C,A,I,Y,9,98,CA,OH,9.189567
tcr_17_2,C,A,I,W,9,119,CA,CB,9.373626
tcr_17_2,C,A,I,Y,9,98,CA,CD1,8.968402
tcr_17_2,C,A,I,Y,9,98,CA,CE1,8.825597
tcr_17_2,C,A,I,Y,9,98,CA,CZ,9.01507
tcr_17_2,C,A,I,Y,9,142,CA,CB,9.968395
tcr_17_2,C,A,I,W,9,119,CA,NE1,7.277934
tcr_17_2,C,A,I,W,9,119,CA,CG,8.269211
tcr_17_2,C,A,I,W,9,119,CA,CD1,8.1598015
tcr_17_2,C,A,I,W,9,119,CA,CE2,6.7621975
tcr_17_2,C,A,I,Y,9,142,CA,CD2,9.851645
tcr_17_2,C,A,I,W,9,119,CA,CD2,7.398657
tcr_17_2,C,A,I,Y,9,98,CA,CE2,9.342256
tcr_17_2,C,A,I,Y,9,98,CA,CD2,9.480725
tcr_17_2,C,A,I,Y,9,98,CA,CG,9.305558
tcr_17_2,C,A,I,Y,9,98,CA,CB,9.779028
tcr_17_2,C,A,I,Y,9,98,CA,O,9.0454
tcr_17_2,C,A,I,L,9,102,CA,N,7.9955983
tcr_17_2,C,A,I,Y,9,98,CA,CA,8.840282
tcr_17_2,C,A,I,Y,9,98,CA,N,8.992718
tcr_17_2,C,A,I,Y,9,98,CA,C,9.365987
tcr_17_2,C,A,I,E,9,100,CA,N,9.289388
tcr_17_2,C,A,I,R,9,103,CA,N,9.470648
tcr_17_2,C,A,I,L,9,102,CA,CA,9.123647
tcr_17_2,C,A,I,L,9,102,CA,O,9.843367
tcr_17_2,C,A,I,L,9,102,CA,C,9.436408
tcr_17_2,C,A,I,I,9,148,C,CG1,9.275395
tcr_17_2,C,A,I,I,9,148,C,CB,8.874136
tcr_17_2,C,A,I,I,9,148,C,CG2,8.058505
tcr_17_2,C,A,I,Y,9,140,C,CB,9.391043
tcr_17_2,C,A,I,I,9,148,C,CD1,8.2477
tcr_17_2,C,A,I,E,9,172,C,N,9.774412
tcr_17_2,C,A,I,Q,9,168,C,C,8.4746895
tcr_17_2,C,A,I,Q,9,168,C,O,8.826069
tcr_17_2,C,A,I,R,9,169,C,O,9.499948
tcr_17_2,C,A,I,W,9,171,C,C,9.220179
tcr_17_2,C,A,I,W,9,171,C,CA,7.7069063
tcr_17_2,C,A,I,W,9,171,C,O,9.997449
tcr_17_2,C,A,I,W,9,171,C,N,7.0303297
tcr_17_2,C,A,I,K,9,170,C,C,7.2033257
tcr_17_2,C,A,I,K,9,170,C,O,7.9524493
tcr_17_2,C,A,I,A,9,174,C,CB,9.584643
tcr_17_2,C,A,I,W,9,171,C,CZ3,7.0177646
tcr_17_2,C,A,I,W,9,171,C,CD2,5.9732714
tcr_17_2,C,A,I,W,9,171,C,CB,7.357104
tcr_17_2,C,A,I,W,9,171,C,CE3,6.9376493
tcr_17_2,C,A,I,W,9,171,C,CH2,6.186938
tcr_17_2,C,A,I,Y,9,140,C,CD2,9.2988825
tcr_17_2,C,A,I,Y,9,140,C,CD1,8.3345175
tcr_17_2,C,A,I,Y,9,140,C,CE1,8.19655
tcr_17_2,C,A,I,Y,9,140,C,CZ,8.646824
tcr_17_2,C,A,I,Y,9,140,C,CG,8.902294
tcr_17_2,C,A,I,Y,9,140,C,CE2,9.187573
tcr_17_2,C,A,I,E,9,176,C,CD,9.396984
tcr_17_2,C,A,I,W,9,171,C,CZ2,5.083782
tcr_17_2,C,A,I,Y,9,140,C,OH,8.875283
tcr_17_2,C,A,I,W,9,171,C,CE2,4.9519515
tcr_17_2,C,A,I,E,9,176,C,CB,9.582802
tcr_17_2,C,A,I,W,9,171,C,CG,6.1161985
tcr_17_2,C,A,I,W,9,171,C,NE1,4.4211564
tcr_17_2,C,A,I,E,9,176,C,CG,9.232793
tcr_17_2,C,A,I,W,9,171,C,CD1,5.225158
tcr_17_2,C,A,I,E,9,176,C,OE1,9.594605
tcr_17_2,C,A,I,N,9,101,C,ND2,6.408682
tcr_17_2,C,A,I,E,9,176,C,OE2,9.55467
tcr_17_2,C,A,I,T,9,97,C,CG2,8.173157
tcr_17_2,C,A,I,T,9,97,C,C,9.118762
tcr_17_2,C,A,I,T,9,97,C,CA,9.637815
tcr_17_2,C,A,I,T,9,97,C,CB,9.548793
tcr_17_2,C,A,I,Q,9,165,C,N,9.262902
tcr_17_2,C,A,I,A,9,164,C,O,7.716091
tcr_17_2,C,A,I,Q,9,168,C,CB,9.292153
tcr_17_2,C,A,I,Q,9,165,C,CA,9.716877
tcr_17_2,C,A,I,A,9,164,C,C,8.276795
tcr_17_2,C,A,I,Q,9,165,C,C,8.850893
tcr_17_2,C,A,I,Q,9,165,C,O,9.085524
tcr_17_2,C,A,I,R,9,169,C,CB,9.802285
tcr_17_2,C,A,I,R,9,169,C,N,8.665255
tcr_17_2,C,A,I,Q,9,168,C,CA,8.072736
tcr_17_2,C,A,I,I,9,166,C,N,8.106293
tcr_17_2,C,A,I,Q,9,168,C,N,6.874979
tcr_17_2,C,A,I,R,9,169,C,CA,9.34822
tcr_17_2,C,A,I,I,9,166,C,CA,7.377292
tcr_17_2,C,A,I,I,9,166,C,CG1,8.611055
tcr_17_2,C,A,I,A,9,163,C,O,7.18877
tcr_17_2,C,A,I,A,9,163,C,CA,9.119099
tcr_17_2,C,A,I,A,9,163,C,C,8.102184
tcr_17_2,C,A,I,A,9,164,C,CB,9.065523
tcr_17_2,C,A,I,Y,9,147,C,CB,9.7583885
tcr_17_2,C,A,I,Y,9,147,C,CG,8.461009
tcr_17_2,C,A,I,A,9,164,C,CA,8.073306
tcr_17_2,C,A,I,Y,9,147,C,CD2,8.577112
tcr_17_2,C,A,I,Y,9,147,C,CE1,6.159663
tcr_17_2,C,A,I,W,9,119,C,CZ3,8.122149
tcr_17_2,C,A,I,Y,9,147,C,CZ,6.3255515
tcr_17_2,C,A,I,W,9,119,C,CH2,7.3322344
tcr_17_2,C,A,I,Y,9,147,C,CD1,7.3299503
tcr_17_2,C,A,I,Y,9,147,C,OH,5.5132
tcr_17_2,C,A,I,A,9,164,C,N,8.544984
tcr_17_2,C,A,I,Y,9,147,C,CE2,7.605597
tcr_17_2,C,A,I,A,9,163,C,CB,9.239505
tcr_17_2,C,A,I,K,9,170,C,CA,6.873416
tcr_17_2,C,A,I,R,9,169,C,C,8.69802
tcr_17_2,C,A,I,K,9,170,C,N,7.401528
tcr_17_2,C,A,I,I,9,166,C,C,6.2166147
tcr_17_2,C,A,I,K,9,170,C,CG,5.1958094
tcr_17_2,C,A,I,I,9,166,C,O,6.360086
tcr_17_2,C,A,I,I,9,166,C,CG2,6.782629
tcr_17_2,C,A,I,K,9,170,C,CB,5.45803
tcr_17_2,C,A,I,T,9,167,C,O,5.6525187
tcr_17_2,C,A,I,I,9,166,C,CB,7.179894
tcr_17_2,C,A,I,K,9,170,C,CD,3.929417
tcr_17_2,C,A,I,T,9,167,C,C,5.670964
tcr_17_2,C,A,I,T,9,167,C,N,5.437634
tcr_17_2,C,A,I,K,9,170,C,CE,4.2158313
tcr_17_2,C,A,I,T,9,167,C,CA,4.6046066
tcr_17_2,C,A,I,Y,9,108,C,OH,4.158767
tcr_17_2,C,A,I,K,9,170,C,NZ,3.4608965
tcr_17_2,C,A,I,T,9,167,C,CG2,3.9651551
tcr_17_2,C,A,I,T,9,167,C,CB,4.296517
tcr_17_2,C,A,I,Y,9,108,C,CZ,4.8207426
tcr_17_2,C,A,I,T,9,167,C,OG1,3.681871
tcr_17_2,C,A,I,Y,9,108,C,CE2,4.5338893
tcr_17_2,C,A,I,I,9,104,C,CG2,4.665373
tcr_17_2,C,A,I,Y,9,108,C,CD2,5.702469
tcr_17_2,C,A,I,A,9,105,C,CB,8.447347
tcr_17_2,C,A,I,N,9,101,C,O,7.0498953
tcr_17_2,C,A,I,W,9,119,C,CZ2,7.1632423
tcr_17_2,C,A,I,N,9,101,C,C,7.359766
tcr_17_2,C,A,I,N,9,101,C,CB,6.562315
tcr_17_2,C,A,I,N,9,101,C,CG,5.8317723
tcr_17_2,C,A,I,N,9,101,C,CA,6.462539
tcr_17_2,C,A,I,I,9,104,C,CB,5.425537
tcr_17_2,C,A,I,N,9,101,C,OD1,5.032457
tcr_17_2,C,A,I,I,9,104,C,CG1,5.6463017
tcr_17_2,C,A,I,N,9,101,C,N,7.1886997
tcr_17_2,C,A,I,I,9,104,C,CD1,4.692518
tcr_17_2,C,A,I,E,9,100,C,CG,8.190882
tcr_17_2,C,A,I,E,9,100,C,CD,8.895039
tcr_17_2,C,A,I,E,9,100,C,CB,8.541033
tcr_17_2,C,A,I,E,9,100,C,CA,8.807212
tcr_17_2,C,A,I,E,9,100,C,O,7.557016
tcr_17_2,C,A,I,E,9,100,C,OE1,9.428479
tcr_17_2,C,A,I,T,9,97,C,O,8.16379
tcr_17_2,C,A,I,E,9,100,C,C,7.665829
tcr_17_2,C,A,I,E,9,100,C,OE2,9.17166
tcr_17_2,C,A,I,A,9,105,C,CA,8.083507
tcr_17_2,C,A,I,A,9,105,C,O,9.923812
tcr_17_2,C,A,I,A,9,105,C,C,9.445541
tcr_17_2,C,A,I,Y,9,108,C,CB,8.159924
tcr_17_2,C,A,I,I,9,166,C,CD1,8.858269
tcr_17_2,C,A,I,Y,9,108,C,CD1,7.0539236
tcr_17_2,C,A,I,Y,9,108,C,CG,6.8757176
tcr_17_2,C,A,I,A,9,105,C,N,7.3878875
tcr_17_2,C,A,I,Y,9,108,C,CE1,6.155909
tcr_17_2,C,A,I,I,9,104,C,O,7.615175
tcr_17_2,C,A,I,I,9,104,C,C,7.1749325
tcr_17_2,C,A,I,I,9,104,C,CA,6.8760624
tcr_17_2,C,A,I,I,9,104,C,N,7.7673755
tcr_17_2,C,A,I,R,9,103,C,O,9.662761
tcr_17_2,C,A,I,R,9,103,C,C,9.074203
tcr_17_2,C,A,I,R,9,107,C,NH1,9.84384
tcr_17_2,C,A,I,Y,9,108,C,N,9.489041
tcr_17_2,C,A,I,R,9,107,C,CD,9.9821825
tcr_17_2,C,A,I,Y,9,108,C,CA,9.4202795
tcr_17_2,C,A,I,W,9,119,C,CE3,8.747376
tcr_17_2,C,A,I,W,9,119,C,NE1,8.264053
tcr_17_2,C,A,I,W,9,119,C,CG,9.501264
tcr_17_2,C,A,I,W,9,119,C,CD1,9.247536
tcr_17_2,C,A,I,W,9,119,C,CE2,7.8482404
tcr_17_2,C,A,I,W,9,119,C,CD2,8.645589
tcr_17_2,C,A,I,Y,9,98,C,O,9.956655
tcr_17_2,C,A,I,L,9,102,C,N,8.666952
tcr_17_2,C,A,I,Y,9,98,C,CA,9.891551
tcr_17_2,C,A,I,Y,9,98,C,N,9.961381
tcr_17_2,C,A,I,E,9,100,C,N,9.763682
tcr_17_2,C,A,I,R,9,103,C,N,9.718191
tcr_17_2,C,A,I,L,9,102,C,CA,9.73564
tcr_17_2,C,A,I,L,9,102,C,C,9.817565
tcr_17_2,C,A,I,I,9,148,O,CG2,9.280032
tcr_17_2,C,A,I,I,9,148,O,CD1,9.470642
tcr_17_2,C,A,I,Q,9,168,O,C,9.350029
tcr_17_2,C,A,I,Q,9,168,O,O,9.6590185
tcr_17_2,C,A,I,R,9,169,O,O,9.94686
tcr_17_2,C,A,I,W,9,171,O,C,9.831725
tcr_17_2,C,A,I,W,9,171,O,CA,8.3257475
tcr_17_2,C,A,I,W,9,171,O,N,7.615001
tcr_17_2,C,A,I,K,9,170,O,C,7.598315
tcr_17_2,C,A,I,K,9,170,O,O,8.216775
tcr_17_2,C,A,I,A,9,174,O,CB,9.67398
tcr_17_2,C,A,I,W,9,171,O,CZ3,8.100684
tcr_17_2,C,A,I,W,9,171,O,CD2,6.920921
tcr_17_2,C,A,I,W,9,171,O,CB,8.147062
tcr_17_2,C,A,I,W,9,171,O,CE3,7.9828
tcr_17_2,C,A,I,W,9,171,O,CH2,7.220992
tcr_17_2,C,A,I,Y,9,140,O,CD1,9.205592
tcr_17_2,C,A,I,Y,9,140,O,CE1,8.983807
tcr_17_2,C,A,I,Y,9,140,O,CZ,9.477041
tcr_17_2,C,A,I,Y,9,140,O,CG,9.889626
tcr_17_2,C,A,I,E,9,176,O,CD,9.7695265
tcr_17_2,C,A,I,W,9,171,O,CZ2,6.029461
tcr_17_2,C,A,I,Y,9,140,O,OH,9.599291
tcr_17_2,C,A,I,W,9,171,O,CE2,5.8511224
tcr_17_2,C,A,I,W,9,171,O,CG,6.928372
tcr_17_2,C,A,I,W,9,171,O,NE1,5.1279716
tcr_17_2,C,A,I,E,9,176,O,CG,9.7803335
tcr_17_2,C,A,I,W,9,171,O,CD1,5.881099
tcr_17_2,C,A,I,E,9,176,O,OE1,9.94501
tcr_17_2,C,A,I,N,9,101,O,ND2,6.558185
tcr_17_2,C,A,I,E,9,176,O,OE2,9.806569
tcr_17_2,C,A,I,T,9,97,O,OG1,9.86864
tcr_17_2,C,A,I,T,9,97,O,CG2,7.8665333
tcr_17_2,C,A,I,T,9,97,O,C,8.707263
tcr_17_2,C,A,I,T,9,97,O,CA,9.138316
tcr_17_2,C,A,I,T,9,97,O,CB,9.17371
tcr_17_2,C,A,I,A,9,164,O,O,8.818632
tcr_17_2,C,A,I,A,9,164,O,C,9.3421755
tcr_17_2,C,A,I,Q,9,165,O,C,9.705411
tcr_17_2,C,A,I,Q,9,165,O,O,9.904772
tcr_17_2,C,A,I,R,9,169,O,N,9.446621
tcr_17_2,C,A,I,Q,9,168,O,CA,9.084851
tcr_17_2,C,A,I,I,9,166,O,N,8.883451
tcr_17_2,C,A,I,Q,9,168,O,N,7.9031324
tcr_17_2,C,A,I,R,9,169,O,CA,9.986448
tcr_17_2,C,A,I,I,9,166,O,CA,8.010671
tcr_17_2,C,A,I,I,9,166,O,CG1,9.049055
tcr_17_2,C,A,I,A,9,163,O,O,8.0083
tcr_17_2,C,A,I,A,9,163,O,CA,9.843766
tcr_17_2,C,A,I,A,9,163,O,C,8.948851
tcr_17_2,C,A,I,Y,9,147,O,CG,9.522637
tcr_17_2,C,A,I,A,9,164,O,CA,9.144714
tcr_17_2,C,A,I,Y,9,147,O,CD2,9.560977
tcr_17_2,C,A,I,Y,9,147,O,CE1,7.275015
tcr_17_2,C,A,I,W,9,119,O,CZ3,8.942222
tcr_17_2,C,A,I,Y,9,147,O,CZ,7.3319244
tcr_17_2,C,A,I,W,9,119,O,CH2,8.126894
tcr_17_2,C,A,I,Y,9,147,O,CD1,8.449002
tcr_17_2,C,A,I,Y,9,147,O,OH,6.44441
tcr_17_2,C,A,I,A,9,164,O,N,9.506916
tcr_17_2,C,A,I,Y,9,147,O,CE2,8.544756
tcr_17_2,C,A,I,A,9,163,O,CB,9.917419
tcr_17_2,C,A,I,K,9,170,O,CA,7.210326
tcr_17_2,C,A,I,R,9,169,O,C,9.220399
tcr_17_2,C,A,I,K,9,170,O,N,7.897677
tcr_17_2,C,A,I,I,9,166,O,C,6.91748
tcr_17_2,C,A,I,K,9,170,O,CG,5.1825833
tcr_17_2,C,A,I,I,9,166,O,O,6.9686193
tcr_17_2,C,A,I,I,9,166,O,CG2,7.043137
tcr_17_2,C,A,I,K,9,170,O,CB,5.734179
tcr_17_2,C,A,I,T,9,167,O,O,6.5553656
tcr_17_2,C,A,I,I,9,166,O,CB,7.6628885
tcr_17_2,C,A,I,K,9,170,O,CD,3.741429
tcr_17_2,C,A,I,T,9,167,O,C,6.6607323
tcr_17_2,C,A,I,T,9,167,O,N,6.3034472
tcr_17_2,C,A,I,K,9,170,O,CE,3.6416664
tcr_17_2,C,A,I,T,9,167,O,CA,5.594118
tcr_17_2,C,A,I,Y,9,108,O,OH,4.0330205
tcr_17_2,C,A,I,K,9,170,O,NZ,2.552055
tcr_17_2,C,A,I,T,9,167,O,CG2,5.189749
tcr_17_2,C,A,I,T,9,167,O,CB,5.4569206
tcr_17_2,C,A,I,Y,9,108,O,CZ,4.826873
tcr_17_2,C,A,I,T,9,167,O,OG1,4.7766004
tcr_17_2,C,A,I,Y,9,108,O,CE2,4.831701
tcr_17_2,C,A,I,I,9,104,O,CG2,4.1847825
tcr_17_2,C,A,I,Y,9,108,O,CD2,6.034638
tcr_17_2,C,A,I,A,9,105,O,CB,8.610145
tcr_17_2,C,A,I,N,9,101,O,O,6.9007626
tcr_17_2,C,A,I,W,9,119,O,CZ2,7.7751427
tcr_17_2,C,A,I,N,9,101,O,C,7.1448555
tcr_17_2,C,A,I,N,9,101,O,CB,6.515674
tcr_17_2,C,A,I,N,9,101,O,CG,5.809302
tcr_17_2,C,A,I,N,9,101,O,CA,6.187187
tcr_17_2,C,A,I,I,9,104,O,CB,4.8225
tcr_17_2,C,A,I,N,9,101,O,OD1,4.843667
tcr_17_2,C,A,I,I,9,104,O,CG1,4.749752
tcr_17_2,C,A,I,N,9,101,O,N,6.70581
tcr_17_2,C,A,I,I,9,104,O,CD1,3.6719651
tcr_17_2,C,A,I,E,9,100,O,CG,7.1801515
tcr_17_2,C,A,I,E,9,100,O,CD,7.812438
tcr_17_2,C,A,I,E,9,100,O,CB,7.6770535
tcr_17_2,C,A,I,E,9,100,O,CA,8.047208
tcr_17_2,C,A,I,E,9,100,O,O,6.874875
tcr_17_2,C,A,I,E,9,100,O,OE1,8.273808
tcr_17_2,C,A,I,T,9,97,O,O,7.7085314
tcr_17_2,C,A,I,E,9,100,O,C,7.009562
tcr_17_2,C,A,I,E,9,100,O,OE2,8.144835
tcr_17_2,C,A,I,A,9,105,O,CA,8.133909
tcr_17_2,C,A,I,A,9,105,O,O,9.9939785
tcr_17_2,C,A,I,A,9,105,O,C,9.435524
tcr_17_2,C,A,I,Y,9,108,O,CB,8.383572
tcr_17_2,C,A,I,I,9,166,O,CD1,9.17104
tcr_17_2,C,A,I,Y,9,108,O,CD1,7.0245137
tcr_17_2,C,A,I,Y,9,108,O,CG,7.0413938
tcr_17_2,C,A,I,A,9,105,O,N,7.247234
tcr_17_2,C,A,I,Y,9,108,O,CE1,6.0283513
tcr_17_2,C,A,I,I,9,104,O,O,7.3578997
tcr_17_2,C,A,I,I,9,104,O,C,6.880457
tcr_17_2,C,A,I,I,9,104,O,CA,6.336293
tcr_17_2,C,A,I,R,9,107,O,NH2,9.408858
tcr_17_2,C,A,I,R,9,103,O,CA,9.43963
tcr_17_2,C,A,I,R,9,103,O,CB,9.651859
tcr_17_2,C,A,I,I,9,104,O,N,7.188532
tcr_17_2,C,A,I,R,9,103,O,O,9.101857
tcr_17_2,C,A,I,R,9,103,O,C,8.494517
tcr_17_2,C,A,I,R,9,107,O,CZ,9.113501
tcr_17_2,C,A,I,R,9,107,O,NH1,8.838576
tcr_17_2,C,A,I,R,9,107,O,NE,9.342206
tcr_17_2,C,A,I,R,9,107,O,CG,9.872156
tcr_17_2,C,A,I,Y,9,108,O,N,9.416752
tcr_17_2,C,A,I,R,9,107,O,CD,9.239834
tcr_17_2,C,A,I,R,9,107,O,CB,9.609414
tcr_17_2,C,A,I,Y,9,108,O,CA,9.51381
tcr_17_2,C,A,I,W,9,119,O,CE3,9.441663
tcr_17_2,C,A,I,W,9,119,O,NE1,8.55028
tcr_17_2,C,A,I,W,9,119,O,CG,9.88602
tcr_17_2,C,A,I,W,9,119,O,CD1,9.496593
tcr_17_2,C,A,I,W,9,119,O,CE2,8.327439
tcr_17_2,C,A,I,W,9,119,O,CD2,9.177697
tcr_17_2,C,A,I,Y,9,98,O,O,9.708082
tcr_17_2,C,A,I,L,9,102,O,N,8.423479
tcr_17_2,C,A,I,Y,9,98,O,CA,9.692617
tcr_17_2,C,A,I,Y,9,98,O,N,9.661247
tcr_17_2,C,A,I,Y,9,98,O,C,9.993431
tcr_17_2,C,A,I,E,9,100,O,N,9.107713
tcr_17_2,C,A,I,R,9,103,O,N,9.223256
tcr_17_2,C,A,I,L,9,102,O,CA,9.518049
tcr_17_2,C,A,I,L,9,102,O,O,9.891972
tcr_17_2,C,A,I,L,9,102,O,C,9.485497
tcr_17_2,C,A,I,I,9,148,CB,C,9.538965
tcr_17_2,C,A,I,I,9,148,CB,CA,8.734582
tcr_17_2,C,A,I,I,9,148,CB,N,8.421571
tcr_17_2,C,A,I,Y,9,140,CB,O,9.526391
tcr_17_2,C,A,I,I,9,148,CB,O,9.403372
tcr_17_2,C,A,I,I,9,148,CB,CG1,8.392966
tcr_17_2,C,A,I,I,9,148,CB,CB,7.6061645
tcr_17_2,C,A,I,Y,9,140,CB,N,9.650295
tcr_17_2,C,A,I,I,9,148,CB,CG2,6.6885915
tcr_17_2,C,A,I,Y,9,140,CB,CB,7.280137
tcr_17_2,C,A,I,Y,9,140,CB,CA,8.761885
tcr_17_2,C,A,I,I,9,148,CB,CD1,7.7393174
tcr_17_2,C,A,I,Q,9,168,CB,C,9.476647
tcr_17_2,C,A,I,Q,9,168,CB,O,9.937363
tcr_17_2,C,A,I,W,9,171,CB,CA,9.153022
tcr_17_2,C,A,I,W,9,171,CB,N,8.669606
tcr_17_2,C,A,I,K,9,170,CB,C,9.132793
tcr_17_2,C,A,I,K,9,170,CB,O,9.984004
tcr_17_2,C,A,I,W,9,171,CB,CZ3,6.500788
tcr_17_2,C,A,I,W,9,171,CB,CD2,6.398679
tcr_17_2,C,A,I,W,9,171,CB,CB,8.412146
tcr_17_2,C,A,I,W,9,171,CB,CE3,6.920591
tcr_17_2,C,A,I,W,9,171,CB,CH2,5.469252
tcr_17_2,C,A,I,Y,9,140,CB,CD2,7.6843333
tcr_17_2,C,A,I,Y,9,140,CB,CD1,6.4062757
tcr_17_2,C,A,I,Y,9,140,CB,CE1,6.582375
tcr_17_2,C,A,I,Y,9,140,CB,CZ,7.324795
tcr_17_2,C,A,I,Y,9,140,CB,CG,6.9985948
tcr_17_2,C,A,I,Y,9,140,CB,CE2,7.8445177
tcr_17_2,C,A,I,W,9,171,CB,CZ2,4.7722735
tcr_17_2,C,A,I,Y,9,140,CB,OH,7.8748336
tcr_17_2,C,A,I,W,9,171,CB,CE2,5.3135047
tcr_17_2,C,A,I,W,9,171,CB,CG,7.0754695
tcr_17_2,C,A,I,W,9,171,CB,NE1,5.4225764
tcr_17_2,C,A,I,E,9,176,CB,CG,9.958159
tcr_17_2,C,A,I,W,9,171,CB,CD1,6.51787
tcr_17_2,C,A,I,N,9,101,CB,ND2,4.998678
tcr_17_2,C,A,I,T,9,97,CB,CG2,8.031944
tcr_17_2,C,A,I,T,9,97,CB,C,8.511594
tcr_17_2,C,A,I,T,9,97,CB,CA,9.372291
tcr_17_2,C,A,I,T,9,97,CB,CB,9.315223
tcr_17_2,C,A,I,Q,9,165,CB,N,9.027547
tcr_17_2,C,A,I,A,9,164,CB,O,7.5010214
tcr_17_2,C,A,I,Q,9,168,CB,CB,9.651878
tcr_17_2,C,A,I,Q,9,165,CB,CA,9.825093
tcr_17_2,C,A,I,A,9,164,CB,C,7.877842
tcr_17_2,C,A,I,Q,9,165,CB,C,9.320002
tcr_17_2,C,A,I,Q,9,165,CB,O,9.810935
tcr_17_2,C,A,I,R,9,169,CB,N,9.831027
tcr_17_2,C,A,I,Q,9,168,CB,CA,8.679919
tcr_17_2,C,A,I,I,9,166,CB,N,8.604529
tcr_17_2,C,A,I,Q,9,168,CB,N,7.440705
tcr_17_2,C,A,I,I,9,166,CB,CA,8.267911
tcr_17_2,C,A,I,I,9,166,CB,CG1,9.315089
tcr_17_2,C,A,I,A,9,163,CB,O,6.9330378
tcr_17_2,C,A,I,A,9,163,CB,N,9.829659
tcr_17_2,C,A,I,A,9,163,CB,CA,8.516024
tcr_17_2,C,A,I,A,9,163,CB,C,7.517016
tcr_17_2,C,A,I,Y,9,147,CB,O,9.076583
tcr_17_2,C,A,I,Y,9,147,CB,N,9.891479
tcr_17_2,C,A,I,Y,9,147,CB,CA,8.74635
tcr_17_2,C,A,I,Y,9,147,CB,C,8.637642
tcr_17_2,C,A,I,A,9,164,CB,CB,7.92907
tcr_17_2,C,A,I,Y,9,147,CB,CB,7.5595145
tcr_17_2,C,A,I,Y,9,147,CB,CG,6.3514757
tcr_17_2,C,A,I,A,9,164,CB,CA,7.2440763
tcr_17_2,C,A,I,Y,9,147,CB,CD2,6.547825
tcr_17_2,C,A,I,Y,9,147,CB,CE1,4.3435173
tcr_17_2,C,A,I,W,9,119,CB,CZ3,5.574079
tcr_17_2,C,A,I,Y,9,147,CB,CZ,4.6308284
tcr_17_2,C,A,I,W,9,119,CB,CH2,4.8026624
tcr_17_2,C,A,I,Y,9,147,CB,CD1,5.3211904
tcr_17_2,C,A,I,Y,9,147,CB,OH,4.24089
tcr_17_2,C,A,I,A,9,164,CB,N,7.704612
tcr_17_2,C,A,I,Y,9,109,CB,OH,8.778716
tcr_17_2,C,A,I,Y,9,147,CB,CE2,5.7857366
tcr_17_2,C,A,I,D,9,161,CB,OD1,9.749463
tcr_17_2,C,A,I,Y,9,109,CB,CE2,8.347843
tcr_17_2,C,A,I,A,9,163,CB,CB,8.311838
tcr_17_2,C,A,I,Y,9,109,CB,CZ,9.081155
tcr_17_2,C,A,I,Y,9,109,CB,CD2,9.002708
tcr_17_2,C,A,I,K,9,170,CB,CA,8.91056
tcr_17_2,C,A,I,K,9,170,CB,N,9.189192
tcr_17_2,C,A,I,I,9,166,CB,C,7.279691
tcr_17_2,C,A,I,K,9,170,CB,CG,7.592614
tcr_17_2,C,A,I,I,9,166,CB,O,7.765623
tcr_17_2,C,A,I,I,9,166,CB,CG2,8.05969
tcr_17_2,C,A,I,K,9,170,CB,CB,7.612203
tcr_17_2,C,A,I,T,9,167,CB,O,6.7903366
tcr_17_2,C,A,I,I,9,166,CB,CB,8.0362215
tcr_17_2,C,A,I,K,9,170,CB,CD,6.4406486
tcr_17_2,C,A,I,T,9,167,CB,C,6.5071726
tcr_17_2,C,A,I,T,9,167,CB,N,6.1726832
tcr_17_2,C,A,I,K,9,170,CB,CE,6.7520156
tcr_17_2,C,A,I,T,9,167,CB,CA,5.3992763
tcr_17_2,C,A,I,Y,9,108,CB,OH,5.5473046
tcr_17_2,C,A,I,K,9,170,CB,NZ,5.894981
tcr_17_2,C,A,I,T,9,167,CB,CG2,3.9258807
tcr_17_2,C,A,I,T,9,167,CB,CB,4.363504
tcr_17_2,C,A,I,Y,9,108,CB,CZ,5.5958657
tcr_17_2,C,A,I,T,9,167,CB,OG1,3.5016692
tcr_17_2,C,A,I,Y,9,108,CB,CE2,4.7005143
tcr_17_2,C,A,I,I,9,104,CB,CG2,4.931824
tcr_17_2,C,A,I,Y,9,108,CB,CD2,5.3402786
tcr_17_2,C,A,I,A,9,105,CB,CB,6.6783633
tcr_17_2,C,A,I,N,9,101,CB,O,5.581417
tcr_17_2,C,A,I,W,9,119,CB,CZ2,4.688969
tcr_17_2,C,A,I,N,9,101,CB,C,5.937589
tcr_17_2,C,A,I,N,9,101,CB,CB,5.018909
tcr_17_2,C,A,I,N,9,101,CB,CG,4.5648026
tcr_17_2,C,A,I,N,9,101,CB,CA,5.265305
tcr_17_2,C,A,I,I,9,104,CB,CB,5.39029
tcr_17_2,C,A,I,N,9,101,CB,OD1,4.2835393
tcr_17_2,C,A,I,I,9,104,CB,CG1,6.1122155
tcr_17_2,C,A,I,N,9,101,CB,N,6.382063
tcr_17_2,C,A,I,I,9,104,CB,CD1,5.4619465
tcr_17_2,C,A,I,E,9,100,CB,CG,8.636965
tcr_17_2,C,A,I,E,9,100,CB,CD,9.644907
tcr_17_2,C,A,I,E,9,100,CB,CB,8.612159
tcr_17_2,C,A,I,E,9,100,CB,CA,8.504254
tcr_17_2,C,A,I,E,9,100,CB,O,7.0993505
tcr_17_2,C,A,I,T,9,97,CB,O,7.578933
tcr_17_2,C,A,I,E,9,100,CB,C,7.15783
tcr_17_2,C,A,I,E,9,100,CB,OE2,9.907103
tcr_17_2,C,A,I,A,9,105,CB,CA,6.708196
tcr_17_2,C,A,I,A,9,105,CB,O,8.716837
tcr_17_2,C,A,I,A,9,105,CB,C,8.201016
tcr_17_2,C,A,I,Y,9,108,CB,CB,7.5753484
tcr_17_2,C,A,I,I,9,166,CB,CD1,9.435669
tcr_17_2,C,A,I,Y,9,108,CB,CD1,7.298897
tcr_17_2,C,A,I,Y,9,108,CB,CG,6.647648
tcr_17_2,C,A,I,A,9,105,CB,N,6.2852273
tcr_17_2,C,A,I,Y,9,108,CB,CE1,6.854728
tcr_17_2,C,A,I,L,9,106,CB,N,9.037582
tcr_17_2,C,A,I,I,9,104,CB,O,7.1402082
tcr_17_2,C,A,I,I,9,104,CB,C,6.5359664
tcr_17_2,C,A,I,I,9,104,CB,CA,6.599412
tcr_17_2,C,A,I,R,9,103,CB,CA,9.3589525
tcr_17_2,C,A,I,I,9,104,CB,N,7.2900734
tcr_17_2,C,A,I,R,9,103,CB,O,9.196378
tcr_17_2,C,A,I,R,9,103,CB,C,8.533778
tcr_17_2,C,A,I,Y,9,108,CB,N,9.076982
tcr_17_2,C,A,I,Y,9,108,CB,C,9.997979
tcr_17_2,C,A,I,Y,9,108,CB,CA,8.9763565
tcr_17_2,C,A,I,Y,9,140,CB,C,9.196111
tcr_17_2,C,A,I,A,9,141,CB,CA,9.970933
tcr_17_2,C,A,I,A,9,141,CB,C,9.436787
tcr_17_2,C,A,I,A,9,141,CB,N,9.418079
tcr_17_2,C,A,I,Q,9,120,CB,O,9.76448
tcr_17_2,C,A,I,A,9,141,CB,O,9.325272
tcr_17_2,C,A,I,T,9,121,CB,OG1,8.893957
tcr_17_2,C,A,I,W,9,119,CB,CE3,6.207904
tcr_17_2,C,A,I,Y,9,98,CB,OH,9.051841
tcr_17_2,C,A,I,W,9,119,CB,CB,8.344977
tcr_17_2,C,A,I,Y,9,98,CB,CD1,8.536257
tcr_17_2,C,A,I,Y,9,98,CB,CE1,8.424193
tcr_17_2,C,A,I,Y,9,98,CB,CZ,8.8358
tcr_17_2,C,A,I,W,9,119,CB,CA,9.425738
tcr_17_2,C,A,I,Y,9,142,CB,CB,8.464824
tcr_17_2,C,A,I,Y,9,142,CB,CA,9.4333105
tcr_17_2,C,A,I,Y,9,142,CB,N,9.42652
tcr_17_2,C,A,I,Y,9,142,CB,CG,8.641692
tcr_17_2,C,A,I,W,9,119,CB,NE1,6.012309
tcr_17_2,C,A,I,W,9,119,CB,CG,7.1342983
tcr_17_2,C,A,I,W,9,119,CB,CD1,7.010581
tcr_17_2,C,A,I,Y,9,142,CB,CE2,8.861743
tcr_17_2,C,A,I,W,9,119,CB,CE2,5.407535
tcr_17_2,C,A,I,Y,9,142,CB,CD2,8.373745
tcr_17_2,C,A,I,W,9,119,CB,CD2,6.159224
tcr_17_2,C,A,I,Y,9,142,CB,CD1,9.378183
tcr_17_2,C,A,I,Y,9,142,CB,CE1,9.812299
tcr_17_2,C,A,I,Y,9,142,CB,CZ,9.564736
tcr_17_2,C,A,I,Y,9,98,CB,CE2,9.334937
tcr_17_2,C,A,I,Y,9,98,CB,CD2,9.437634
tcr_17_2,C,A,I,Y,9,98,CB,CG,9.059608
tcr_17_2,C,A,I,Y,9,98,CB,CB,9.509695
tcr_17_2,C,A,I,L,9,102,CB,CG,9.763464
tcr_17_2,C,A,I,Y,9,98,CB,O,8.557931
tcr_17_2,C,A,I,L,9,102,CB,N,7.210386
tcr_17_2,C,A,I,Y,9,98,CB,CA,8.654078
tcr_17_2,C,A,I,R,9,99,CB,C,9.855116
tcr_17_2,C,A,I,Y,9,98,CB,N,9.056112
tcr_17_2,C,A,I,Y,9,98,CB,C,9.058254
tcr_17_2,C,A,I,E,9,100,CB,N,9.206201
tcr_17_2,C,A,I,R,9,103,CB,N,8.761148
tcr_17_2,C,A,I,L,9,102,CB,CA,8.197355
tcr_17_2,C,A,I,L,9,102,CB,CB,9.536741
tcr_17_2,C,A,I,L,9,102,CB,O,8.830752
tcr_17_2,C,A,I,L,9,102,CB,C,8.541478
tcr_17_2,C,A,I,I,9,148,CG1,CA,9.938171
tcr_17_2,C,A,I,I,9,148,CG1,N,9.470424
tcr_17_2,C,A,I,I,9,148,CG1,CG1,9.7674465
tcr_17_2,C,A,I,I,9,148,CG1,CB,8.900659
tcr_17_2,C,A,I,I,9,148,CG1,CG2,8.041363
tcr_17_2,C,A,I,Y,9,140,CG1,CB,8.249286
tcr_17_2,C,A,I,Y,9,140,CG1,CA,9.658908
tcr_17_2,C,A,I,I,9,148,CG1,CD1,9.150446
tcr_17_2,C,A,I,W,9,171,CG1,N,9.847594
tcr_17_2,C,A,I,W,9,171,CG1,CZ3,8.019773
tcr_17_2,C,A,I,W,9,171,CG1,CD2,7.8730083
tcr_17_2,C,A,I,W,9,171,CG1,CB,9.796089
tcr_17_2,C,A,I,W,9,171,CG1,CE3,8.4468565
tcr_17_2,C,A,I,W,9,171,CG1,CH2,6.94468
tcr_17_2,C,A,I,Y,9,140,CG1,CD2,8.902537
tcr_17_2,C,A,I,Y,9,140,CG1,CD1,7.3556194
tcr_17_2,C,A,I,Y,9,140,CG1,CE1,7.5741467
tcr_17_2,C,A,I,Y,9,140,CG1,CZ,8.471896
tcr_17_2,C,A,I,Y,9,140,CG1,CG,8.069616
tcr_17_2,C,A,I,Y,9,140,CG1,CE2,9.097015
tcr_17_2,C,A,I,W,9,171,CG1,CZ2,6.215426
tcr_17_2,C,A,I,Y,9,140,CG1,OH,9.007033
tcr_17_2,C,A,I,W,9,171,CG1,CE2,6.7434225
tcr_17_2,C,A,I,W,9,171,CG1,CG,8.464344
tcr_17_2,C,A,I,W,9,171,CG1,NE1,6.70816
tcr_17_2,C,A,I,W,9,171,CG1,CD1,7.789678
tcr_17_2,C,A,I,N,9,101,CG1,ND2,4.9900856
tcr_17_2,C,A,I,T,9,97,CG1,CG2,8.067389
tcr_17_2,C,A,I,T,9,97,CG1,C,8.053453
tcr_17_2,C,A,I,T,9,97,CG1,CA,9.013528
tcr_17_2,C,A,I,T,9,97,CG1,CB,9.209033
tcr_17_2,C,A,I,Q,9,165,CG1,N,9.788622
tcr_17_2,C,A,I,A,9,164,CG1,O,8.511812
tcr_17_2,C,A,I,A,9,164,CG1,C,8.731963
tcr_17_2,C,A,I,Q,9,168,CG1,CA,9.939898
tcr_17_2,C,A,I,I,9,166,CG1,N,9.215838
tcr_17_2,C,A,I,Q,9,168,CG1,N,8.62768
tcr_17_2,C,A,I,I,9,166,CG1,CA,8.79583
tcr_17_2,C,A,I,I,9,166,CG1,CG1,9.459171
tcr_17_2,C,A,I,A,9,163,CG1,O,7.301515
tcr_17_2,C,A,I,A,9,163,CG1,N,9.988832
tcr_17_2,C,A,I,A,9,163,CG1,CA,8.600478
tcr_17_2,C,A,I,A,9,163,CG1,C,7.836085
tcr_17_2,C,A,I,Y,9,147,CG1,O,9.998324
tcr_17_2,C,A,I,Y,9,147,CG1,CA,9.460499
tcr_17_2,C,A,I,Y,9,147,CG1,C,9.551933
tcr_17_2,C,A,I,A,9,164,CG1,CB,8.73477
tcr_17_2,C,A,I,Y,9,147,CG1,CB,8.1858
tcr_17_2,C,A,I,Y,9,147,CG1,CG,6.9605656
tcr_17_2,C,A,I,A,9,164,CG1,CA,7.983135
tcr_17_2,C,A,I,Y,9,147,CG1,CD2,6.9117036
tcr_17_2,C,A,I,Y,9,147,CG1,CE1,5.1875577
tcr_17_2,C,A,I,W,9,119,CG1,CZ3,5.8572593
tcr_17_2,C,A,I,Y,9,147,CG1,CZ,5.1251507
tcr_17_2,C,A,I,W,9,119,CG1,CH2,4.9196963
tcr_17_2,C,A,I,Y,9,147,CG1,CD1,6.164185
tcr_17_2,C,A,I,Y,9,147,CG1,OH,4.603036
tcr_17_2,C,A,I,A,9,164,CG1,N,8.187403
tcr_17_2,C,A,I,Y,9,109,CG1,OH,8.725559
tcr_17_2,C,A,I,Y,9,147,CG1,CE2,6.0590177
tcr_17_2,C,A,I,Y,9,109,CG1,CE2,7.8799305
tcr_17_2,C,A,I,A,9,163,CG1,CB,8.205013
tcr_17_2,C,A,I,Y,9,109,CG1,CZ,8.801191
tcr_17_2,C,A,I,Y,9,109,CG1,CD2,8.322314
tcr_17_2,C,A,I,Y,9,109,CG1,CE1,9.992437
tcr_17_2,C,A,I,Y,9,109,CG1,CG,9.574417
tcr_17_2,C,A,I,K,9,170,CG1,CA,9.809166
tcr_17_2,C,A,I,I,9,166,CG1,C,7.972975
tcr_17_2,C,A,I,K,9,170,CG1,CG,8.259177
tcr_17_2,C,A,I,I,9,166,CG1,O,8.510301
tcr_17_2,C,A,I,I,9,166,CG1,CG2,8.208378
tcr_17_2,C,A,I,K,9,170,CG1,CB,8.404547
tcr_17_2,C,A,I,T,9,167,CG1,O,8.009572
tcr_17_2,C,A,I,I,9,166,CG1,CB,8.297089
tcr_17_2,C,A,I,K,9,170,CG1,CD,6.935479
tcr_17_2,C,A,I,T,9,167,CG1,C,7.6842504
tcr_17_2,C,A,I,T,9,167,CG1,N,6.9658914
tcr_17_2,C,A,I,K,9,170,CG1,CE,7.075584
tcr_17_2,C,A,I,T,9,167,CG1,CA,6.4246397
tcr_17_2,C,A,I,Y,9,108,CG1,OH,5.260353
tcr_17_2,C,A,I,K,9,170,CG1,NZ,5.9753933
tcr_17_2,C,A,I,T,9,167,CG1,CG2,5.3294263
tcr_17_2,C,A,I,T,9,167,CG1,CB,5.515964
tcr_17_2,C,A,I,Y,9,108,CG1,CZ,5.1294417
tcr_17_2,C,A,I,T,9,167,CG1,OG1,4.403541
tcr_17_2,C,A,I,Y,9,108,CG1,CE2,4.3099365
tcr_17_2,C,A,I,I,9,104,CG1,CG2,3.7036767
tcr_17_2,C,A,I,Y,9,108,CG1,CD2,4.8002286
tcr_17_2,C,A,I,A,9,105,CG1,CB,5.5285635
tcr_17_2,C,A,I,N,9,101,CG1,O,4.2086277
tcr_17_2,C,A,I,W,9,119,CG1,CZ2,4.3685308
tcr_17_2,C,A,I,N,9,101,CG1,C,4.6751885
tcr_17_2,C,A,I,N,9,101,CG1,CB,4.292249
tcr_17_2,C,A,I,N,9,101,CG1,CG,4.2049737
tcr_17_2,C,A,I,N,9,101,CG1,CA,4.1614714
tcr_17_2,C,A,I,I,9,104,CG1,CB,3.9570317
tcr_17_2,C,A,I,N,9,101,CG1,OD1,3.9176571
tcr_17_2,C,A,I,I,9,104,CG1,CG1,4.814837
tcr_17_2,C,A,I,N,9,101,CG1,N,5.319218
tcr_17_2,C,A,I,I,9,104,CG1,CD1,4.404932
tcr_17_2,C,A,I,E,9,100,CG1,CG,7.620794
tcr_17_2,C,A,I,E,9,100,CG1,CD,8.762989
tcr_17_2,C,A,I,E,9,100,CG1,CB,7.64298
tcr_17_2,C,A,I,E,9,100,CG1,CA,7.3799663
tcr_17_2,C,A,I,E,9,100,CG1,O,5.744717
tcr_17_2,C,A,I,E,9,100,CG1,OE1,9.452873
tcr_17_2,C,A,I,T,9,97,CG1,O,6.9968553
tcr_17_2,C,A,I,E,9,100,CG1,C,5.956884
tcr_17_2,C,A,I,E,9,100,CG1,OE2,9.170147
tcr_17_2,C,A,I,A,9,105,CG1,CA,5.451811
tcr_17_2,C,A,I,A,9,105,CG1,O,7.57243
tcr_17_2,C,A,I,A,9,105,CG1,C,6.9409103
tcr_17_2,C,A,I,Y,9,108,CG1,CB,6.8252296
tcr_17_2,C,A,I,I,9,166,CG1,CD1,9.333314
tcr_17_2,C,A,I,Y,9,108,CG1,CD1,6.552072
tcr_17_2,C,A,I,Y,9,108,CG1,CG,5.9393854
tcr_17_2,C,A,I,A,9,105,CG1,N,4.858368
tcr_17_2,C,A,I,Y,9,108,CG1,CE1,6.2100244
tcr_17_2,C,A,I,L,9,106,CG1,N,7.6730857
tcr_17_2,C,A,I,I,9,104,CG1,O,5.8059545
tcr_17_2,C,A,I,I,9,104,CG1,C,5.0944576
tcr_17_2,C,A,I,I,9,104,CG1,CA,5.1076717
tcr_17_2,C,A,I,R,9,107,CG1,NH2,9.742919
tcr_17_2,C,A,I,R,9,103,CG1,CA,7.841952
tcr_17_2,C,A,I,R,9,103,CG1,CB,8.53467
tcr_17_2,C,A,I,I,9,104,CG1,N,5.7595067
tcr_17_2,C,A,I,R,9,103,CG1,O,7.673
tcr_17_2,C,A,I,R,9,103,CG1,C,6.9984384
tcr_17_2,C,A,I,R,9,107,CG1,CZ,9.4675
tcr_17_2,C,A,I,R,9,107,CG1,NH1,9.628696
tcr_17_2,C,A,I,R,9,107,CG1,NE,9.281558
tcr_17_2,C,A,I,R,9,107,CG1,CG,9.239617
tcr_17_2,C,A,I,Y,9,108,CG1,N,8.014031
tcr_17_2,C,A,I,R,9,107,CG1,CD,9.129412
tcr_17_2,C,A,I,Y,9,108,CG1,C,9.190028
tcr_17_2,C,A,I,L,9,106,CG1,CA,9.0849
tcr_17_2,C,A,I,R,9,107,CG1,CB,8.877979
tcr_17_2,C,A,I,Y,9,109,CG1,N,9.351912
tcr_17_2,C,A,I,R,9,107,CG1,N,8.748944
tcr_17_2,C,A,I,Y,9,108,CG1,CA,8.115658
tcr_17_2,C,A,I,R,9,107,CG1,C,9.143289
tcr_17_2,C,A,I,L,9,106,CG1,C,9.398524
tcr_17_2,C,A,I,R,9,107,CG1,CA,9.268553
tcr_17_2,C,A,I,Y,9,140,CG1,C,9.964703
tcr_17_2,C,A,I,A,9,141,CG1,C,9.665044
tcr_17_2,C,A,I,A,9,141,CG1,O,9.470893
tcr_17_2,C,A,I,T,9,121,CG1,OG1,9.522237
tcr_17_2,C,A,I,W,9,119,CG1,CE3,6.3107357
tcr_17_2,C,A,I,Y,9,98,CG1,OH,9.57405
tcr_17_2,C,A,I,W,9,119,CG1,CB,8.034167
tcr_17_2,C,A,I,Y,9,98,CG1,CD1,8.447641
tcr_17_2,C,A,I,Y,9,98,CG1,CE1,8.5822935
tcr_17_2,C,A,I,Y,9,98,CG1,CZ,9.149228
tcr_17_2,C,A,I,W,9,119,CG1,CA,9.160642
tcr_17_2,C,A,I,Y,9,142,CG1,CB,8.270239
tcr_17_2,C,A,I,Y,9,142,CG1,CA,9.318465
tcr_17_2,C,A,I,Y,9,142,CG1,N,9.547379
tcr_17_2,C,A,I,Y,9,142,CG1,CG,8.176963
tcr_17_2,C,A,I,W,9,119,CG1,NE1,5.236427
tcr_17_2,C,A,I,L,9,102,CG1,CD2,9.130848
tcr_17_2,C,A,I,W,9,119,CG1,CG,6.7187123
tcr_17_2,C,A,I,W,9,119,CG1,CD1,6.316569
tcr_17_2,C,A,I,Y,9,142,CG1,CE2,8.03037
tcr_17_2,C,A,I,W,9,119,CG1,CE2,4.939137
tcr_17_2,C,A,I,Y,9,142,CG1,CD2,7.7647705
tcr_17_2,C,A,I,W,9,119,CG1,CD2,5.9260035
tcr_17_2,C,A,I,W,9,119,CG1,N,9.898497
tcr_17_2,C,A,I,Y,9,142,CG1,CD1,8.825092
tcr_17_2,C,A,I,Y,9,142,CG1,CE1,9.055645
tcr_17_2,C,A,I,Y,9,142,CG1,CZ,8.673137
tcr_17_2,C,A,I,Y,9,142,CG1,OH,9.20165
tcr_17_2,C,A,I,L,9,106,CG1,CB,9.848843
tcr_17_2,C,A,I,Y,9,98,CG1,CE2,9.56757
tcr_17_2,C,A,I,Y,9,98,CG1,CD2,9.448328
tcr_17_2,C,A,I,Y,9,98,CG1,CG,8.905518
tcr_17_2,C,A,I,Y,9,98,CG1,CB,9.118896
tcr_17_2,C,A,I,L,9,102,CG1,CG,8.719645
tcr_17_2,C,A,I,R,9,99,CG1,N,9.2974205
tcr_17_2,C,A,I,Y,9,98,CG1,O,7.688367
tcr_17_2,C,A,I,R,9,99,CG1,CA,9.679643
tcr_17_2,C,A,I,L,9,102,CG1,N,5.9927177
tcr_17_2,C,A,I,Y,9,98,CG1,CA,8.137167
tcr_17_2,C,A,I,R,9,99,CG1,C,8.742461
tcr_17_2,C,A,I,R,9,99,CG1,O,8.770616
tcr_17_2,C,A,I,Y,9,98,CG1,N,8.617913
tcr_17_2,C,A,I,Y,9,98,CG1,C,8.297361
tcr_17_2,C,A,I,E,9,100,CG1,N,8.162417
tcr_17_2,C,A,I,R,9,103,CG1,N,7.2993016
tcr_17_2,C,A,I,L,9,102,CG1,CA,6.921193
tcr_17_2,C,A,I,L,9,102,CG1,CB,8.323173
tcr_17_2,C,A,I,L,9,102,CG1,O,7.4035845
tcr_17_2,C,A,I,L,9,102,CG1,C,7.1240773
tcr_17_2,C,A,I,R,9,103,CG1,CG,9.727249
tcr_17_2,C,A,I,W,9,157,CG2,CZ3,9.278315
tcr_17_2,C,A,I,I,9,148,CG2,C,8.601509
tcr_17_2,C,A,I,A,9,149,CG2,N,9.69163
tcr_17_2,C,A,I,I,9,148,CG2,CA,7.957397
tcr_17_2,C,A,I,I,9,148,CG2,N,7.5736666
tcr_17_2,C,A,I,Y,9,140,CG2,O,8.285157
tcr_17_2,C,A,I,I,9,148,CG2,O,8.309021
tcr_17_2,C,A,I,I,9,148,CG2,CG1,7.914318
tcr_17_2,C,A,I,I,9,148,CG2,CB,6.970233
tcr_17_2,C,A,I,Q,9,139,CG2,C,9.199443
tcr_17_2,C,A,I,Y,9,140,CG2,N,8.270205
tcr_17_2,C,A,I,W,9,157,CG2,CE3,9.621483
tcr_17_2,C,A,I,I,9,148,CG2,CG2,5.8745427
tcr_17_2,C,A,I,Y,9,140,CG2,CB,5.8737235
tcr_17_2,C,A,I,Y,9,140,CG2,CA,7.337891
tcr_17_2,C,A,I,I,9,148,CG2,CD1,7.49601
tcr_17_2,C,A,I,W,9,171,CG2,CA,9.570722
tcr_17_2,C,A,I,W,9,171,CG2,N,9.293555
tcr_17_2,C,A,I,K,9,170,CG2,C,9.917857
tcr_17_2,C,A,I,W,9,171,CG2,CZ3,5.871448
tcr_17_2,C,A,I,W,9,171,CG2,CD2,6.304745
tcr_17_2,C,A,I,W,9,171,CG2,CB,8.630382
tcr_17_2,C,A,I,W,9,171,CG2,CE3,6.5807476
tcr_17_2,C,A,I,W,9,157,CG2,CH2,9.495668
tcr_17_2,C,A,I,W,9,171,CG2,CH2,4.716334
tcr_17_2,C,A,I,N,9,138,CG2,OD1,9.143057
tcr_17_2,C,A,I,Y,9,140,CG2,CD2,6.3497233
tcr_17_2,C,A,I,Y,9,140,CG2,CD1,4.9036546
tcr_17_2,C,A,I,Y,9,140,CG2,CE1,5.170785
tcr_17_2,C,A,I,Y,9,140,CG2,CZ,6.0293484
tcr_17_2,C,A,I,Y,9,140,CG2,CG,5.558498
tcr_17_2,C,A,I,Y,9,140,CG2,CE2,6.570644
tcr_17_2,C,A,I,W,9,171,CG2,CZ2,4.2898645
tcr_17_2,C,A,I,Y,9,140,CG2,OH,6.7095885
tcr_17_2,C,A,I,W,9,171,CG2,CE2,5.2039013
tcr_17_2,C,A,I,W,9,171,CG2,CG,7.250895
tcr_17_2,C,A,I,W,9,171,CG2,NE1,5.6396427
tcr_17_2,C,A,I,E,9,176,CG2,CG,9.716257
tcr_17_2,C,A,I,W,9,171,CG2,CD1,6.8600197
tcr_17_2,C,A,I,E,9,176,CG2,OE1,9.871752
tcr_17_2,C,A,I,N,9,101,CG2,ND2,4.19681
tcr_17_2,C,A,I,T,9,97,CG2,CG2,7.691249
tcr_17_2,C,A,I,T,9,97,CG2,C,8.168679
tcr_17_2,C,A,I,T,9,97,CG2,CA,9.114825
tcr_17_2,C,A,I,T,9,97,CG2,CB,8.936375
tcr_17_2,C,A,I,Q,9,165,CG2,N,9.5153885
tcr_17_2,C,A,I,A,9,164,CG2,O,7.88109
tcr_17_2,C,A,I,Q,9,168,CG2,CB,9.98268
tcr_17_2,C,A,I,A,9,164,CG2,C,8.270503
tcr_17_2,C,A,I,Q,9,168,CG2,CA,9.091437
tcr_17_2,C,A,I,I,9,166,CG2,N,9.499534
tcr_17_2,C,A,I,Q,9,168,CG2,N,7.967449
tcr_17_2,C,A,I,I,9,166,CG2,CA,9.340772
tcr_17_2,C,A,I,A,9,163,CG2,O,7.7318645
tcr_17_2,C,A,I,A,9,163,CG2,CA,9.200088
tcr_17_2,C,A,I,A,9,163,CG2,C,8.151498
tcr_17_2,C,A,I,Y,9,147,CG2,O,8.546204
tcr_17_2,C,A,I,Y,9,147,CG2,N,8.9789915
tcr_17_2,C,A,I,Y,9,147,CG2,CA,7.974463
tcr_17_2,C,A,I,Y,9,147,CG2,C,7.928992
tcr_17_2,C,A,I,A,9,164,CG2,CB,7.917916
tcr_17_2,C,A,I,Y,9,147,CG2,CB,6.707159
tcr_17_2,C,A,I,Y,9,147,CG2,CG,5.710275
tcr_17_2,C,A,I,A,9,164,CG2,CA,7.5183887
tcr_17_2,C,A,I,Y,9,147,CG2,CD2,6.171168
tcr_17_2,C,A,I,Y,9,147,CG2,CE1,4.0588865
tcr_17_2,C,A,I,W,9,119,CG2,CZ3,4.385833
tcr_17_2,C,A,I,Y,9,147,CG2,CZ,4.688039
tcr_17_2,C,A,I,W,9,119,CG2,CH2,3.9214885
tcr_17_2,C,A,I,Y,9,147,CG2,CD1,4.6687965
tcr_17_2,C,A,I,Y,9,147,CG2,OH,4.7483954
tcr_17_2,C,A,I,A,9,164,CG2,N,8.105631
tcr_17_2,C,A,I,Y,9,109,CG2,OH,8.722684
tcr_17_2,C,A,I,Y,9,147,CG2,CE2,5.728856
tcr_17_2,C,A,I,D,9,161,CG2,OD1,9.908361
tcr_17_2,C,A,I,Y,9,109,CG2,CE2,8.462467
tcr_17_2,C,A,I,A,9,163,CG2,CB,8.900717
tcr_17_2,C,A,I,Y,9,109,CG2,CZ,9.162546
tcr_17_2,C,A,I,Y,9,109,CG2,CD2,9.247223
tcr_17_2,C,A,I,K,9,170,CG2,CA,9.878024
tcr_17_2,C,A,I,I,9,166,CG2,C,8.3341
tcr_17_2,C,A,I,K,9,170,CG2,CG,8.705108
tcr_17_2,C,A,I,I,9,166,CG2,O,8.843183
tcr_17_2,C,A,I,I,9,166,CG2,CG2,9.400836
tcr_17_2,C,A,I,K,9,170,CG2,CB,8.693244
tcr_17_2,C,A,I,T,9,167,CG2,O,7.429668
tcr_17_2,C,A,I,I,9,166,CG2,CB,9.232219
tcr_17_2,C,A,I,K,9,170,CG2,CD,7.6655087
tcr_17_2,C,A,I,T,9,167,CG2,C,7.158589
tcr_17_2,C,A,I,T,9,167,CG2,N,7.130781
tcr_17_2,C,A,I,K,9,170,CG2,CE,7.9352336
tcr_17_2,C,A,I,T,9,167,CG2,CA,6.2485375
tcr_17_2,C,A,I,Y,9,108,CG2,OH,7.0665827
tcr_17_2,C,A,I,K,9,170,CG2,NZ,7.128684
tcr_17_2,C,A,I,T,9,167,CG2,CG2,4.2737784
tcr_17_2,C,A,I,T,9,167,CG2,CB,4.9942493
tcr_17_2,C,A,I,Y,9,108,CG2,CZ,7.042336
tcr_17_2,C,A,I,T,9,167,CG2,OG1,4.3742185
tcr_17_2,C,A,I,Y,9,108,CG2,CE2,6.02926
tcr_17_2,C,A,I,I,9,104,CG2,CG2,6.2346525
tcr_17_2,C,A,I,Y,9,108,CG2,CD2,6.4708123
tcr_17_2,C,A,I,A,9,105,CG2,CB,6.8515162
tcr_17_2,C,A,I,N,9,101,CG2,O,5.773721
tcr_17_2,C,A,I,W,9,119,CG2,CZ2,4.049942
tcr_17_2,C,A,I,N,9,101,CG2,C,5.9666853
tcr_17_2,C,A,I,N,9,101,CG2,CB,4.6192546
tcr_17_2,C,A,I,N,9,101,CG2,CG,4.12559
tcr_17_2,C,A,I,N,9,101,CG2,CA,5.297339
tcr_17_2,C,A,I,I,9,104,CG2,CB,6.4716897
tcr_17_2,C,A,I,N,9,101,CG2,OD1,4.2060146
tcr_17_2,C,A,I,I,9,104,CG2,CG1,7.218308
tcr_17_2,C,A,I,N,9,101,CG2,N,6.4803905
tcr_17_2,C,A,I,I,9,104,CG2,CD1,6.5499454
tcr_17_2,C,A,I,E,9,100,CG2,CG,9.247633
tcr_17_2,C,A,I,E,9,100,CG2,CB,8.974181
tcr_17_2,C,A,I,E,9,100,CG2,CA,8.790257
tcr_17_2,C,A,I,E,9,100,CG2,O,7.5882616
tcr_17_2,C,A,I,T,9,97,CG2,O,7.3754754
tcr_17_2,C,A,I,E,9,100,CG2,C,7.471171
tcr_17_2,C,A,I,A,9,105,CG2,CA,7.2126546
tcr_17_2,C,A,I,A,9,105,CG2,O,9.287497
tcr_17_2,C,A,I,A,9,105,CG2,C,8.73867
tcr_17_2,C,A,I,Y,9,108,CG2,CB,8.526577
tcr_17_2,C,A,I,Y,9,108,CG2,CD1,8.586881
tcr_17_2,C,A,I,Y,9,108,CG2,CG,7.7862372
tcr_17_2,C,A,I,A,9,105,CG2,N,6.9335046
tcr_17_2,C,A,I,Y,9,108,CG2,CE1,8.26983
tcr_17_2,C,A,I,L,9,106,CG2,N,9.568635
tcr_17_2,C,A,I,I,9,104,CG2,O,8.132243
tcr_17_2,C,A,I,I,9,104,CG2,C,7.43085
tcr_17_2,C,A,I,I,9,104,CG2,CA,7.5710993
tcr_17_2,C,A,I,R,9,103,CG2,CA,9.889841
tcr_17_2,C,A,I,I,9,104,CG2,N,8.057122
tcr_17_2,C,A,I,R,9,103,CG2,O,9.9869795
tcr_17_2,C,A,I,R,9,103,CG2,C,9.241315
tcr_17_2,C,A,I,Y,9,108,CG2,CA,9.960972
tcr_17_2,C,A,I,Y,9,140,CG2,C,7.847295
tcr_17_2,C,A,I,A,9,141,CG2,CA,8.709402
tcr_17_2,C,A,I,A,9,141,CG2,C,8.235742
tcr_17_2,C,A,I,A,9,141,CG2,N,8.052913
tcr_17_2,C,A,I,Q,9,139,CG2,O,9.425131
tcr_17_2,C,A,I,Q,9,120,CG2,O,8.262853
tcr_17_2,C,A,I,Q,9,120,CG2,N,8.929398
tcr_17_2,C,A,I,Q,9,120,CG2,CA,9.752241
tcr_17_2,C,A,I,Q,9,120,CG2,C,9.05894
tcr_17_2,C,A,I,T,9,121,CG2,N,9.601143
tcr_17_2,C,A,I,T,9,121,CG2,CA,9.468868
tcr_17_2,C,A,I,A,9,141,CG2,O,8.066247
tcr_17_2,C,A,I,T,9,121,CG2,CG2,8.807906
tcr_17_2,C,A,I,T,9,121,CG2,OG1,7.376341
tcr_17_2,C,A,I,W,9,119,CG2,CE3,4.9541545
tcr_17_2,C,A,I,Y,9,98,CG2,OH,7.682621
tcr_17_2,C,A,I,W,9,119,CG2,CB,7.2154436
tcr_17_2,C,A,I,T,9,121,CG2,CB,8.700126
tcr_17_2,C,A,I,Y,9,98,CG2,CD1,7.386165
tcr_17_2,C,A,I,Y,9,98,CG2,CE1,7.124583
tcr_17_2,C,A,I,Y,9,98,CG2,CZ,7.5484834
tcr_17_2,C,A,I,W,9,119,CG2,C,9.043956
tcr_17_2,C,A,I,W,9,119,CG2,CA,8.263737
tcr_17_2,C,A,I,W,9,119,CG2,O,9.915994
tcr_17_2,C,A,I,Y,9,142,CG2,CB,7.7361717
tcr_17_2,C,A,I,Y,9,142,CG2,CA,8.516452
tcr_17_2,C,A,I,Y,9,142,CG2,N,8.38238
tcr_17_2,C,A,I,Y,9,142,CG2,CG,8.084215
tcr_17_2,C,A,I,T,9,118,CG2,O,9.752567
tcr_17_2,C,A,I,W,9,119,CG2,NE1,5.4350405
tcr_17_2,C,A,I,L,9,102,CG2,CD2,9.617844
tcr_17_2,C,A,I,W,9,119,CG2,CG,6.1302958
tcr_17_2,C,A,I,W,9,119,CG2,CD1,6.26062
tcr_17_2,C,A,I,Y,9,142,CG2,CE2,8.4541025
tcr_17_2,C,A,I,W,9,119,CG2,CE2,4.637163
tcr_17_2,C,A,I,Y,9,142,CG2,CD2,7.791479
tcr_17_2,C,A,I,W,9,119,CG2,CD2,5.093776
tcr_17_2,C,A,I,W,9,119,CG2,N,9.307117
tcr_17_2,C,A,I,Y,9,142,CG2,CD1,9.003551
tcr_17_2,C,A,I,Y,9,142,CG2,CE1,9.579923
tcr_17_2,C,A,I,Y,9,142,CG2,CZ,9.321912
tcr_17_2,C,A,I,Y,9,98,CG2,CE2,8.188011
tcr_17_2,C,A,I,Y,9,98,CG2,CD2,8.416889
tcr_17_2,C,A,I,Y,9,98,CG2,CG,8.046475
tcr_17_2,C,A,I,Y,9,98,CG2,CB,8.670766
tcr_17_2,C,A,I,L,9,102,CG2,CG,9.314135
tcr_17_2,C,A,I,R,9,99,CG2,N,9.753254
tcr_17_2,C,A,I,Y,9,98,CG2,O,8.107235
tcr_17_2,C,A,I,L,9,102,CG2,N,7.1099663
tcr_17_2,C,A,I,Y,9,98,CG2,CA,8.02081
tcr_17_2,C,A,I,R,9,99,CG2,C,9.834797
tcr_17_2,C,A,I,Y,9,98,CG2,N,8.522264
tcr_17_2,C,A,I,Y,9,98,CG2,C,8.581188
tcr_17_2,C,A,I,E,9,100,CG2,N,9.264479
tcr_17_2,C,A,I,R,9,103,CG2,N,9.087936
tcr_17_2,C,A,I,L,9,102,CG2,CA,8.116564
tcr_17_2,C,A,I,L,9,102,CG2,CB,9.3314295
tcr_17_2,C,A,I,L,9,102,CG2,O,9.065265
tcr_17_2,C,A,I,L,9,102,CG2,C,8.722812
tcr_17_2,C,A,I,I,9,148,CD1,CA,9.715486
tcr_17_2,C,A,I,I,9,148,CD1,N,9.059035
tcr_17_2,C,A,I,Y,9,140,CD1,O,9.841701
tcr_17_2,C,A,I,I,9,148,CD1,CG1,9.8453865
tcr_17_2,C,A,I,I,9,148,CD1,CB,8.836426
tcr_17_2,C,A,I,I,9,148,CD1,CG2,8.133363
tcr_17_2,C,A,I,Y,9,140,CD1,CB,8.142137
tcr_17_2,C,A,I,Y,9,140,CD1,CA,9.455769
tcr_17_2,C,A,I,I,9,148,CD1,CD1,9.383373
tcr_17_2,C,A,I,W,9,171,CD1,CZ3,8.739979
tcr_17_2,C,A,I,W,9,171,CD1,CD2,8.863349
tcr_17_2,C,A,I,W,9,171,CD1,CE3,9.268422
tcr_17_2,C,A,I,W,9,171,CD1,CH2,7.7323594
tcr_17_2,C,A,I,Y,9,140,CD1,CD2,9.213004
tcr_17_2,C,A,I,Y,9,140,CD1,CD1,7.641218
tcr_17_2,C,A,I,Y,9,140,CD1,CE1,8.115993
tcr_17_2,C,A,I,Y,9,140,CD1,CZ,9.1137
tcr_17_2,C,A,I,Y,9,140,CD1,CG,8.241466
tcr_17_2,C,A,I,Y,9,140,CD1,CE2,9.623634
tcr_17_2,C,A,I,W,9,171,CD1,CZ2,7.220813
tcr_17_2,C,A,I,Y,9,140,CD1,OH,9.825111
tcr_17_2,C,A,I,W,9,171,CD1,CE2,7.8405056
tcr_17_2,C,A,I,W,9,171,CD1,CG,9.537211
tcr_17_2,C,A,I,W,9,171,CD1,NE1,7.9540534
tcr_17_2,C,A,I,W,9,171,CD1,CD1,8.995661
tcr_17_2,C,A,I,N,9,101,CD1,ND2,5.7708974
tcr_17_2,C,A,I,T,9,97,CD1,CG2,9.263235
tcr_17_2,C,A,I,T,9,97,CD1,C,8.905296
tcr_17_2,C,A,I,Q,9,165,CD1,N,9.43449
tcr_17_2,C,A,I,A,9,164,CD1,O,8.416221
tcr_17_2,C,A,I,A,9,164,CD1,C,8.426276
tcr_17_2,C,A,I,I,9,166,CD1,N,9.111046
tcr_17_2,C,A,I,Q,9,168,CD1,N,9.018962
tcr_17_2,C,A,I,I,9,166,CD1,CA,8.85671
tcr_17_2,C,A,I,I,9,166,CD1,CG1,9.219701
tcr_17_2,C,A,I,A,9,163,CD1,O,6.8069587
tcr_17_2,C,A,I,A,9,163,CD1,N,9.101358
tcr_17_2,C,A,I,A,9,163,CD1,CA,7.7304044
tcr_17_2,C,A,I,A,9,163,CD1,C,7.13534
tcr_17_2,C,A,I,Y,9,147,CD1,O,9.401303
tcr_17_2,C,A,I,Y,9,147,CD1,N,9.817643
tcr_17_2,C,A,I,Y,9,147,CD1,CA,8.6777935
tcr_17_2,C,A,I,Y,9,147,CD1,C,8.960016
tcr_17_2,C,A,I,A,9,164,CD1,CB,8.143571
tcr_17_2,C,A,I,Y,9,147,CD1,CB,7.382727
tcr_17_2,C,A,I,Y,9,147,CD1,CG,6.1445003
tcr_17_2,C,A,I,A,9,164,CD1,CA,7.465748
tcr_17_2,C,A,I,Y,9,147,CD1,CD2,5.8710127
tcr_17_2,C,A,I,Y,9,147,CD1,CE1,4.7048807
tcr_17_2,C,A,I,W,9,119,CD1,CZ3,5.1986585
tcr_17_2,C,A,I,Y,9,147,CD1,CZ,4.3429995
tcr_17_2,C,A,I,W,9,119,CD1,CH2,4.037296
tcr_17_2,C,A,I,Y,9,147,CD1,CD1,5.6187553
tcr_17_2,C,A,I,Y,9,147,CD1,OH,3.920107
tcr_17_2,C,A,I,D,9,161,CD1,CG,9.847897
tcr_17_2,C,A,I,A,9,164,CD1,N,7.4703703
tcr_17_2,C,A,I,Y,9,109,CD1,OH,7.3880024
tcr_17_2,C,A,I,Y,9,147,CD1,CE2,5.003667
tcr_17_2,C,A,I,D,9,161,CD1,OD1,9.000014
tcr_17_2,C,A,I,D,9,161,CD1,OD2,9.70502
tcr_17_2,C,A,I,Y,9,109,CD1,CE2,6.390717
tcr_17_2,C,A,I,A,9,163,CD1,CB,7.1197686
tcr_17_2,C,A,I,Y,9,109,CD1,CZ,7.3744755
tcr_17_2,C,A,I,Y,9,109,CD1,CD2,6.8153443
tcr_17_2,C,A,I,Y,9,109,CD1,CE1,8.5684395
tcr_17_2,C,A,I,Y,9,109,CD1,CG,8.09292
tcr_17_2,C,A,I,Y,9,109,CD1,CD1,8.879156
tcr_17_2,C,A,I,Y,9,108,CD1,O,8.918101
tcr_17_2,C,A,I,Y,9,109,CD1,CA,9.170826
tcr_17_2,C,A,I,Y,9,109,CD1,CB,8.84237
tcr_17_2,C,A,I,I,9,166,CD1,C,8.253419
tcr_17_2,C,A,I,K,9,170,CD1,CG,9.413552
tcr_17_2,C,A,I,I,9,166,CD1,O,8.976151
tcr_17_2,C,A,I,I,9,166,CD1,CG2,8.345171
tcr_17_2,C,A,I,K,9,170,CD1,CB,9.396214
tcr_17_2,C,A,I,T,9,167,CD1,O,8.761482
tcr_17_2,C,A,I,I,9,166,CD1,CB,8.238916
tcr_17_2,C,A,I,K,9,170,CD1,CD,8.114326
tcr_17_2,C,A,I,T,9,167,CD1,C,8.240818
tcr_17_2,C,A,I,T,9,167,CD1,N,7.2106633
tcr_17_2,C,A,I,K,9,170,CD1,CE,8.3867655
tcr_17_2,C,A,I,T,9,167,CD1,CA,6.904816
tcr_17_2,C,A,I,Y,9,108,CD1,OH,5.6331954
tcr_17_2,C,A,I,K,9,170,CD1,NZ,7.304743
tcr_17_2,C,A,I,T,9,167,CD1,CG2,5.9552455
tcr_17_2,C,A,I,T,9,167,CD1,CB,5.8809137
tcr_17_2,C,A,I,Y,9,108,CD1,CZ,5.119622
tcr_17_2,C,A,I,T,9,167,CD1,OG1,4.6276116
tcr_17_2,C,A,I,Y,9,108,CD1,CE2,4.0624137
tcr_17_2,C,A,I,I,9,104,CD1,CG2,3.826565
tcr_17_2,C,A,I,Y,9,108,CD1,CD2,4.087135
tcr_17_2,C,A,I,A,9,105,CD1,CB,4.1747584
tcr_17_2,C,A,I,N,9,101,CD1,O,3.7161016
tcr_17_2,C,A,I,W,9,119,CD1,CZ2,3.311992
tcr_17_2,C,A,I,N,9,101,CD1,C,4.4938807
tcr_17_2,C,A,I,N,9,101,CD1,CB,4.6764355
tcr_17_2,C,A,I,N,9,101,CD1,CG,5.018316
tcr_17_2,C,A,I,N,9,101,CD1,CA,4.4900475
tcr_17_2,C,A,I,I,9,104,CD1,CB,4.0841646
tcr_17_2,C,A,I,N,9,101,CD1,OD1,5.0165625
tcr_17_2,C,A,I,I,9,104,CD1,CG1,5.314436
tcr_17_2,C,A,I,N,9,101,CD1,N,5.82361
tcr_17_2,C,A,I,I,9,104,CD1,CD1,5.3198776
tcr_17_2,C,A,I,E,9,100,CD1,CG,8.46747
tcr_17_2,C,A,I,E,9,100,CD1,CD,9.737669
tcr_17_2,C,A,I,E,9,100,CD1,CB,8.446502
tcr_17_2,C,A,I,E,9,100,CD1,CA,7.9299297
tcr_17_2,C,A,I,E,9,100,CD1,O,6.0332084
tcr_17_2,C,A,I,T,9,97,CD1,O,7.8416
tcr_17_2,C,A,I,E,9,100,CD1,C,6.4180193
tcr_17_2,C,A,I,A,9,105,CD1,CA,4.1706004
tcr_17_2,C,A,I,A,9,105,CD1,O,6.242746
tcr_17_2,C,A,I,A,9,105,CD1,C,5.6778865
tcr_17_2,C,A,I,Y,9,108,CD1,CB,5.7698765
tcr_17_2,C,A,I,I,9,166,CD1,CD1,8.946163
tcr_17_2,C,A,I,Y,9,108,CD1,CD1,6.0236435
tcr_17_2,C,A,I,Y,9,108,CD1,CG,5.1582804
tcr_17_2,C,A,I,A,9,105,CD1,N,3.890364
tcr_17_2,C,A,I,Y,9,108,CD1,CE1,6.015245
tcr_17_2,C,A,I,L,9,106,CD1,N,6.5367193
tcr_17_2,C,A,I,I,9,104,CD1,O,5.019008
tcr_17_2,C,A,I,I,9,104,CD1,C,4.3758936
tcr_17_2,C,A,I,I,9,104,CD1,CA,4.827581
tcr_17_2,C,A,I,R,9,107,CD1,NH2,9.929423
tcr_17_2,C,A,I,R,9,103,CD1,CA,7.489367
tcr_17_2,C,A,I,R,9,103,CD1,CB,8.42241
tcr_17_2,C,A,I,I,9,104,CD1,N,5.496641
tcr_17_2,C,A,I,R,9,103,CD1,O,7.14423
tcr_17_2,C,A,I,R,9,103,CD1,C,6.5947843
tcr_17_2,C,A,I,R,9,107,CD1,CZ,9.570445
tcr_17_2,C,A,I,R,9,107,CD1,NH1,9.851198
tcr_17_2,C,A,I,R,9,107,CD1,NE,9.173819
tcr_17_2,C,A,I,R,9,107,CD1,CG,8.756165
tcr_17_2,C,A,I,Y,9,108,CD1,N,7.0270553
tcr_17_2,C,A,I,R,9,107,CD1,CD,8.896801
tcr_17_2,C,A,I,Y,9,108,CD1,C,8.010727
tcr_17_2,C,A,I,L,9,106,CD1,CA,7.9551563
tcr_17_2,C,A,I,R,9,107,CD1,CB,8.270228
tcr_17_2,C,A,I,Y,9,109,CD1,N,8.060644
tcr_17_2,C,A,I,R,9,107,CD1,N,7.8144455
tcr_17_2,C,A,I,Y,9,108,CD1,CA,7.082612
tcr_17_2,C,A,I,R,9,107,CD1,C,8.210013
tcr_17_2,C,A,I,L,9,106,CD1,C,8.319536
tcr_17_2,C,A,I,R,9,107,CD1,CA,8.426255
tcr_17_2,C,A,I,L,9,106,CD1,O,9.261401
tcr_17_2,C,A,I,R,9,107,CD1,O,9.271815
tcr_17_2,C,A,I,Y,9,140,CD1,C,9.527251
tcr_17_2,C,A,I,A,9,141,CD1,CA,9.663477
tcr_17_2,C,A,I,A,9,141,CD1,C,8.810733
tcr_17_2,C,A,I,A,9,141,CD1,N,9.457796
tcr_17_2,C,A,I,Q,9,120,CD1,O,9.957814
tcr_17_2,C,A,I,Q,9,120,CD1,N,9.882921
tcr_17_2,C,A,I,A,9,141,CD1,O,8.695774
tcr_17_2,C,A,I,T,9,121,CD1,OG1,9.719004
tcr_17_2,C,A,I,W,9,119,CD1,CE3,5.73132
tcr_17_2,C,A,I,W,9,119,CD1,CB,7.583713
tcr_17_2,C,A,I,Y,9,98,CD1,CD1,8.707017
tcr_17_2,C,A,I,Y,9,98,CD1,CE1,8.874776
tcr_17_2,C,A,I,Y,9,98,CD1,CZ,9.631639
tcr_17_2,C,A,I,W,9,119,CD1,C,9.725184
tcr_17_2,C,A,I,W,9,119,CD1,CA,8.541392
tcr_17_2,C,A,I,Y,9,142,CD1,CB,7.0082555
tcr_17_2,C,A,I,Y,9,142,CD1,C,9.462025
tcr_17_2,C,A,I,Y,9,142,CD1,CA,8.169644
tcr_17_2,C,A,I,Y,9,142,CD1,N,8.524717
tcr_17_2,C,A,I,Y,9,142,CD1,CG,6.816663
tcr_17_2,C,A,I,T,9,118,CD1,O,9.329823
tcr_17_2,C,A,I,W,9,119,CD1,NE1,4.415914
tcr_17_2,C,A,I,L,9,102,CD1,CD2,8.416185
tcr_17_2,C,A,I,W,9,119,CD1,CG,6.154939
tcr_17_2,C,A,I,W,9,119,CD1,CD1,5.67982
tcr_17_2,C,A,I,Y,9,142,CD1,CE2,6.7341866
tcr_17_2,C,A,I,W,9,119,CD1,CE2,4.078234
tcr_17_2,C,A,I,Y,9,142,CD1,CD2,6.4887156
tcr_17_2,C,A,I,W,9,119,CD1,CD2,5.27881
tcr_17_2,C,A,I,W,9,119,CD1,N,9.173065
tcr_17_2,C,A,I,T,9,118,CD1,C,9.614161
tcr_17_2,C,A,I,Y,9,142,CD1,CD1,7.367092
tcr_17_2,C,A,I,Y,9,142,CD1,CE1,7.579193
tcr_17_2,C,A,I,Q,9,111,CD1,OE1,9.276132
tcr_17_2,C,A,I,Y,9,142,CD1,CZ,7.273924
tcr_17_2,C,A,I,Y,9,142,CD1,OH,7.841149
tcr_17_2,C,A,I,L,9,106,CD1,CB,8.849727
tcr_17_2,C,A,I,L,9,106,CD1,CD2,9.931753
tcr_17_2,C,A,I,Y,9,98,CD1,CG,9.328773
tcr_17_2,C,A,I,Y,9,98,CD1,CB,9.495643
tcr_17_2,C,A,I,L,9,102,CD1,CG,8.23551
tcr_17_2,C,A,I,R,9,99,CD1,N,9.663843
tcr_17_2,C,A,I,Y,9,98,CD1,O,7.8252563
tcr_17_2,C,A,I,R,9,99,CD1,CA,9.931484
tcr_17_2,C,A,I,L,9,102,CD1,N,5.742262
tcr_17_2,C,A,I,Y,9,98,CD1,CA,8.61982
tcr_17_2,C,A,I,R,9,99,CD1,C,9.019485
tcr_17_2,C,A,I,R,9,99,CD1,O,8.8822365
tcr_17_2,C,A,I,Y,9,98,CD1,N,9.315389
tcr_17_2,C,A,I,Y,9,98,CD1,C,8.619774
tcr_17_2,C,A,I,L,9,102,CD1,CD1,9.667642
tcr_17_2,C,A,I,E,9,100,CD1,N,8.646611
tcr_17_2,C,A,I,R,9,103,CD1,N,6.9488807
tcr_17_2,C,A,I,L,9,102,CD1,CA,6.389734
tcr_17_2,C,A,I,L,9,102,CD1,CB,7.851316
tcr_17_2,C,A,I,L,9,102,CD1,O,6.604791
tcr_17_2,C,A,I,L,9,102,CD1,C,6.544517
tcr_17_2,C,A,I,L,9,106,CD1,CG,9.186814
tcr_17_2,C,A,I,R,9,103,CD1,CG,9.629246
tcr_17_2,C,A,I,Q,9,168,OXT,CG,9.505656
tcr_17_2,C,A,I,I,9,148,OXT,CA,9.801211
tcr_17_2,C,A,I,I,9,148,OXT,N,9.861147
tcr_17_2,C,A,I,I,9,148,OXT,CG1,8.66404
tcr_17_2,C,A,I,I,9,148,OXT,CB,8.395122
tcr_17_2,C,A,I,I,9,148,OXT,CG2,7.7585273
tcr_17_2,C,A,I,Y,9,140,OXT,CB,9.585262
tcr_17_2,C,A,I,I,9,148,OXT,CD1,7.532471
tcr_17_2,C,A,I,E,9,172,OXT,N,8.971798
tcr_17_2,C,A,I,Q,9,168,OXT,C,7.371047
tcr_17_2,C,A,I,Q,9,168,OXT,O,7.8065104
tcr_17_2,C,A,I,R,9,169,OXT,O,8.500576
tcr_17_2,C,A,I,W,9,171,OXT,C,8.554641
tcr_17_2,C,A,I,W,9,171,OXT,CA,7.084895
tcr_17_2,C,A,I,W,9,171,OXT,O,9.43656
tcr_17_2,C,A,I,W,9,171,OXT,N,6.2568765
tcr_17_2,C,A,I,K,9,170,OXT,C,6.437466
tcr_17_2,C,A,I,K,9,170,OXT,O,7.3081565
tcr_17_2,C,A,I,A,9,174,OXT,CB,9.317818
tcr_17_2,C,A,I,W,9,171,OXT,CZ3,6.860711
tcr_17_2,C,A,I,W,9,171,OXT,CD2,5.682046
tcr_17_2,C,A,I,W,9,171,OXT,CB,6.7817817
tcr_17_2,C,A,I,W,9,171,OXT,CE3,6.622001
tcr_17_2,C,A,I,W,9,171,OXT,CH2,6.2491145
tcr_17_2,C,A,I,Y,9,140,OXT,CD2,9.490405
tcr_17_2,C,A,I,Y,9,140,OXT,CD1,8.79711
tcr_17_2,C,A,I,Y,9,140,OXT,CE1,8.742454
tcr_17_2,C,A,I,Y,9,140,OXT,CZ,9.084438
tcr_17_2,C,A,I,Y,9,140,OXT,CG,9.184203
tcr_17_2,C,A,I,Y,9,140,OXT,CE2,9.451696
tcr_17_2,C,A,I,E,9,176,OXT,CD,9.59264
tcr_17_2,C,A,I,W,9,171,OXT,CZ2,5.2509317
tcr_17_2,C,A,I,Y,9,140,OXT,OH,9.372801
tcr_17_2,C,A,I,W,9,171,OXT,CE2,4.9143953
tcr_17_2,C,A,I,E,9,176,OXT,CB,9.437784
tcr_17_2,C,A,I,W,9,171,OXT,CG,5.6973214
tcr_17_2,C,A,I,W,9,171,OXT,NE1,4.4053144
tcr_17_2,C,A,I,E,9,176,OXT,CG,9.264706
tcr_17_2,C,A,I,W,9,171,OXT,CD1,4.9425597
tcr_17_2,C,A,I,E,9,176,OXT,OE1,9.927714
tcr_17_2,C,A,I,N,9,101,OXT,ND2,7.496116
tcr_17_2,C,A,I,E,9,176,OXT,OE2,9.729166
tcr_17_2,C,A,I,T,9,97,OXT,CG2,9.334519
tcr_17_2,C,A,I,Q,9,165,OXT,N,8.198634
tcr_17_2,C,A,I,A,9,164,OXT,O,6.6830697
tcr_17_2,C,A,I,Q,9,168,OXT,CB,8.202479
tcr_17_2,C,A,I,Q,9,165,OXT,CA,8.563314
tcr_17_2,C,A,I,A,9,164,OXT,C,7.2746153
tcr_17_2,C,A,I,Q,9,165,OXT,C,7.642204
tcr_17_2,C,A,I,Q,9,165,OXT,O,7.8458242
tcr_17_2,C,A,I,R,9,169,OXT,CB,8.605194
tcr_17_2,C,A,I,R,9,169,OXT,CG,9.678607
tcr_17_2,C,A,I,R,9,169,OXT,N,7.487724
tcr_17_2,C,A,I,Q,9,168,OXT,CA,6.998733
tcr_17_2,C,A,I,I,9,166,OXT,N,6.9197183
tcr_17_2,C,A,I,Q,9,168,OXT,N,5.7611594
tcr_17_2,C,A,I,R,9,169,OXT,CA,8.191519
tcr_17_2,C,A,I,I,9,166,OXT,CA,6.1721287
tcr_17_2,C,A,I,Q,9,165,OXT,CB,9.921106
tcr_17_2,C,A,I,T,9,162,OXT,O,9.456992
tcr_17_2,C,A,I,I,9,166,OXT,CG1,7.5581846
tcr_17_2,C,A,I,A,9,163,OXT,O,6.257882
tcr_17_2,C,A,I,A,9,163,OXT,N,9.617942
tcr_17_2,C,A,I,A,9,163,OXT,CA,8.335405
tcr_17_2,C,A,I,A,9,163,OXT,C,7.2561393
tcr_17_2,C,A,I,A,9,164,OXT,CB,8.319159
tcr_17_2,C,A,I,Y,9,147,OXT,CB,9.624053
tcr_17_2,C,A,I,Y,9,147,OXT,CG,8.270984
tcr_17_2,C,A,I,A,9,164,OXT,CA,7.228468
tcr_17_2,C,A,I,Y,9,147,OXT,CD2,8.341758
tcr_17_2,C,A,I,Y,9,147,OXT,CE1,5.868331
tcr_17_2,C,A,I,W,9,119,OXT,CZ3,8.492146
tcr_17_2,C,A,I,Y,9,147,OXT,CZ,5.9763284
tcr_17_2,C,A,I,W,9,119,OXT,CH2,7.642826
tcr_17_2,C,A,I,Y,9,147,OXT,CD1,7.1258063
tcr_17_2,C,A,I,Y,9,147,OXT,OH,5.055789
tcr_17_2,C,A,I,A,9,164,OXT,N,7.727973
tcr_17_2,C,A,I,Y,9,147,OXT,CE2,7.301331
tcr_17_2,C,A,I,Y,9,109,OXT,CE2,9.9998
tcr_17_2,C,A,I,A,9,163,OXT,CB,8.634992
tcr_17_2,C,A,I,K,9,170,OXT,CA,5.9674706
tcr_17_2,C,A,I,R,9,169,OXT,C,7.6258225
tcr_17_2,C,A,I,K,9,170,OXT,N,6.340151
tcr_17_2,C,A,I,I,9,166,OXT,C,4.972436
tcr_17_2,C,A,I,K,9,170,OXT,CG,4.6055775
tcr_17_2,C,A,I,I,9,166,OXT,O,5.1214967
tcr_17_2,C,A,I,I,9,166,OXT,CG2,5.742747
tcr_17_2,C,A,I,K,9,170,OXT,CB,4.5667505
tcr_17_2,C,A,I,T,9,167,OXT,O,4.631286
tcr_17_2,C,A,I,I,9,166,OXT,CB,6.0813847
tcr_17_2,C,A,I,K,9,170,OXT,CD,3.4969838
tcr_17_2,C,A,I,T,9,167,OXT,C,4.5588984
tcr_17_2,C,A,I,T,9,167,OXT,N,4.223525
tcr_17_2,C,A,I,K,9,170,OXT,CE,4.230248
tcr_17_2,C,A,I,T,9,167,OXT,CA,3.4272923
tcr_17_2,C,A,I,Y,9,108,OXT,OH,3.6516814
tcr_17_2,C,A,I,K,9,170,OXT,NZ,3.8270643
tcr_17_2,C,A,I,T,9,167,OXT,CG2,3.3136067
tcr_17_2,C,A,I,T,9,167,OXT,CB,3.3513238
tcr_17_2,C,A,I,Y,9,108,OXT,CZ,4.377616
tcr_17_2,C,A,I,T,9,167,OXT,OG1,2.8575466
tcr_17_2,C,A,I,Y,9,108,OXT,CE2,4.111992
tcr_17_2,C,A,I,I,9,104,OXT,CG2,5.098731
tcr_17_2,C,A,I,Y,9,108,OXT,CD2,5.362784
tcr_17_2,C,A,I,A,9,105,OXT,CB,8.899693
tcr_17_2,C,A,I,N,9,101,OXT,O,7.910123
tcr_17_2,C,A,I,W,9,119,OXT,CZ2,7.6106167
tcr_17_2,C,A,I,N,9,101,OXT,C,8.345525
tcr_17_2,C,A,I,N,9,101,OXT,CB,7.6600504
tcr_17_2,C,A,I,N,9,101,OXT,CG,6.9831104
tcr_17_2,C,A,I,N,9,101,OXT,CA,7.5654116
tcr_17_2,C,A,I,I,9,104,OXT,CB,6.1205983
tcr_17_2,C,A,I,N,9,101,OXT,OD1,6.2464943
tcr_17_2,C,A,I,I,9,104,OXT,CG1,6.4491835
tcr_17_2,C,A,I,N,9,101,OXT,N,8.362196
tcr_17_2,C,A,I,I,9,104,OXT,CD1,5.64453
tcr_17_2,C,A,I,E,9,100,OXT,CG,9.311535
tcr_17_2,C,A,I,E,9,100,OXT,CD,9.987356
tcr_17_2,C,A,I,E,9,100,OXT,CB,9.734942
tcr_17_2,C,A,I,E,9,100,OXT,CA,9.981863
tcr_17_2,C,A,I,E,9,100,OXT,O,8.613528
tcr_17_2,C,A,I,T,9,97,OXT,O,9.410679
tcr_17_2,C,A,I,E,9,100,OXT,C,8.810119
tcr_17_2,C,A,I,A,9,105,OXT,CA,8.449018
tcr_17_2,C,A,I,A,9,105,OXT,C,9.747754
tcr_17_2,C,A,I,Y,9,108,OXT,CB,7.8778076
tcr_17_2,C,A,I,I,9,166,OXT,CD1,7.9464574
tcr_17_2,C,A,I,Y,9,108,OXT,CD1,6.7093425
tcr_17_2,C,A,I,Y,9,108,OXT,CG,6.5560017
tcr_17_2,C,A,I,A,9,105,OXT,N,7.895105
tcr_17_2,C,A,I,Y,9,108,OXT,CE1,5.7678037
tcr_17_2,C,A,I,I,9,104,OXT,O,7.8850017
tcr_17_2,C,A,I,I,9,104,OXT,C,7.624848
tcr_17_2,C,A,I,I,9,104,OXT,CA,7.484083
tcr_17_2,C,A,I,I,9,104,OXT,N,8.523212
tcr_17_2,C,A,I,R,9,103,OXT,C,9.799982
tcr_17_2,C,A,I,Y,9,108,OXT,N,9.399318
tcr_17_2,C,A,I,Y,9,108,OXT,CA,9.158398
tcr_17_2,C,A,I,W,9,119,OXT,CE3,9.281524
tcr_17_2,C,A,I,W,9,119,OXT,NE1,8.997701
tcr_17_2,C,A,I,W,9,119,OXT,CE2,8.467926
tcr_17_2,C,A,I,W,9,119,OXT,CD2,9.296613
tcr_17_2,C,A,I,L,9,102,OXT,N,9.671032
