pdb_id,chain_from,chain_to,residue_from,residue_to,resid_from,resid_to,atom_from,atom_to,dist
tcr_26_1,D,A,F,E,18,82,CA,OE1,9.574877
tcr_26_1,D,A,F,E,18,82,CB,OE1,8.6323805
tcr_26_1,D,A,F,E,18,82,CB,CD,9.862533
tcr_26_1,D,A,F,E,18,82,CG,CG,9.608986
tcr_26_1,D,A,F,E,18,82,CG,OE2,9.8614025
tcr_26_1,D,A,F,E,18,82,CG,OE1,7.742472
tcr_26_1,D,A,F,E,18,82,CG,CD,8.981806
tcr_26_1,D,A,F,E,18,82,CD1,CG,8.362335
tcr_26_1,D,A,F,E,18,82,CD1,OE2,8.487746
tcr_26_1,D,A,F,E,18,82,CD1,OE1,6.4000025
tcr_26_1,D,A,F,E,18,82,CD1,CD,7.6471405
tcr_26_1,D,A,F,E,18,82,CD1,CB,9.868372
tcr_26_1,D,A,F,E,18,82,CD2,OE1,8.434384
tcr_26_1,D,A,F,E,18,82,CD2,CD,9.650771
tcr_26_1,D,A,F,E,18,82,CE1,CG,7.678298
tcr_26_1,D,A,F,E,18,82,CE1,OE2,7.8309827
tcr_26_1,D,A,F,P,18,81,CE1,CG,9.29615
tcr_26_1,D,A,F,E,18,82,CE1,OE1,5.7602515
tcr_26_1,D,A,F,E,18,82,CE1,CD,6.982457
tcr_26_1,D,A,F,E,18,82,CE1,CB,9.193079
tcr_26_1,D,A,F,E,18,82,CE2,CG,9.638557
tcr_26_1,D,A,F,E,18,82,CE2,OE1,7.962338
tcr_26_1,D,A,F,E,18,82,CE2,CD,9.135639
tcr_26_1,D,A,F,E,18,82,CZ,CG,8.388784
tcr_26_1,D,A,F,E,18,82,CZ,OE2,8.704018
tcr_26_1,D,A,F,P,18,81,CZ,CG,9.241752
tcr_26_1,D,A,F,E,18,82,CZ,OE1,6.6603084
tcr_26_1,D,A,F,E,18,82,CZ,CD,7.8225026
tcr_26_1,D,A,F,E,18,82,CZ,CB,9.901285
tcr_26_1,D,A,S,E,19,82,O,OE1,9.243505
tcr_26_1,D,A,M,E,20,82,N,OE1,9.923962
tcr_26_1,D,A,M,E,20,82,CA,OE1,9.096015
tcr_26_1,D,A,M,E,20,82,C,OE1,9.489284
tcr_26_1,D,A,M,E,20,82,CB,OE1,9.65955
tcr_26_1,D,A,M,E,20,82,CG,OE1,9.331005
tcr_26_1,D,A,A,E,21,82,N,OE2,9.714764
tcr_26_1,D,A,A,E,21,82,N,OE1,8.662893
tcr_26_1,D,A,A,E,21,82,N,CD,9.526245
tcr_26_1,D,A,A,E,21,82,CA,OE1,9.277152
tcr_26_1,D,A,A,E,21,82,O,OE1,9.700264
tcr_26_1,D,A,A,E,21,82,CB,OE2,8.962458
tcr_26_1,D,A,A,E,21,82,CB,OE1,8.361733
tcr_26_1,D,A,A,E,21,82,CB,CD,9.074161
tcr_26_1,D,A,T,R,23,86,CB,NH2,8.994903
tcr_26_1,D,A,T,R,23,86,CB,CZ,9.933974
tcr_26_1,D,A,T,R,23,86,OG1,NH1,9.541659
tcr_26_1,D,A,T,R,23,86,OG1,NH2,8.484257
tcr_26_1,D,A,T,R,23,86,OG1,CZ,9.323654
tcr_26_1,D,A,T,R,23,86,CG2,NH1,9.115143
tcr_26_1,D,A,T,R,23,86,CG2,NE,9.8830595
tcr_26_1,D,A,T,R,23,86,CG2,NH2,7.9415092
tcr_26_1,D,A,T,R,23,86,CG2,CZ,8.94392
tcr_26_1,D,A,D,R,46,86,CA,NH2,9.945033
tcr_26_1,D,A,D,R,46,86,C,NH1,8.662866
tcr_26_1,D,A,D,R,46,86,C,NH2,8.428955
tcr_26_1,D,A,D,R,46,86,C,CZ,9.100336
tcr_26_1,D,A,D,R,46,86,O,NH1,8.239721
tcr_26_1,D,A,D,R,46,86,O,NE,9.686641
tcr_26_1,D,A,D,R,46,86,O,NH2,7.7594028
tcr_26_1,D,A,D,R,46,86,O,CZ,8.523088
tcr_26_1,D,A,D,R,46,86,OD1,NH1,9.96805
tcr_26_1,D,A,D,E,46,82,OD2,OE2,9.443188
tcr_26_1,D,A,D,E,46,82,OD2,OE1,9.991002
tcr_26_1,D,A,T,R,47,86,N,NH1,8.077214
tcr_26_1,D,A,T,R,47,86,N,NE,9.907276
tcr_26_1,D,A,T,R,47,86,N,NH2,8.070067
tcr_26_1,D,A,T,R,47,86,N,CZ,8.648043
tcr_26_1,D,A,T,R,47,86,CA,NH1,6.731407
tcr_26_1,D,A,T,R,47,86,CA,NE,8.591714
tcr_26_1,D,A,T,R,47,86,CA,NH2,6.7530046
tcr_26_1,D,A,T,R,47,86,CA,CZ,7.3120003
tcr_26_1,D,A,T,R,47,86,CA,CD,9.485714
tcr_26_1,D,A,T,W,47,191,C,CZ2,9.561352
tcr_26_1,D,A,T,R,47,86,C,NH1,6.4627438
tcr_26_1,D,A,T,E,47,190,C,OE2,9.712205
tcr_26_1,D,A,T,W,47,191,C,NE1,9.776384
tcr_26_1,D,A,T,R,47,86,C,NE,8.550251
tcr_26_1,D,A,T,R,47,86,C,NH2,6.94279
tcr_26_1,D,A,T,R,47,86,C,CZ,7.270637
tcr_26_1,D,A,T,E,47,82,C,OE2,9.785439
tcr_26_1,D,A,T,R,47,86,C,CD,9.301043
tcr_26_1,D,A,T,W,47,191,O,CZ2,9.893485
tcr_26_1,D,A,T,R,47,86,O,NH1,7.4946585
tcr_26_1,D,A,T,E,47,190,O,OE2,9.367586
tcr_26_1,D,A,T,R,47,86,O,NE,9.640042
tcr_26_1,D,A,T,R,47,86,O,NH2,8.082593
tcr_26_1,D,A,T,R,47,86,O,CZ,8.365724
tcr_26_1,D,A,T,R,47,86,CB,NH1,6.8627987
tcr_26_1,D,A,T,R,47,86,CB,NE,8.550353
tcr_26_1,D,A,T,R,47,86,CB,NH2,6.5217595
tcr_26_1,D,A,T,R,47,86,CB,CZ,7.2659683
tcr_26_1,D,A,T,R,47,86,CB,CD,9.613978
tcr_26_1,D,A,T,T,47,187,OG1,OG1,9.271807
tcr_26_1,D,A,T,R,47,86,OG1,NH1,5.7065334
tcr_26_1,D,A,T,T,47,187,OG1,CG2,9.893092
tcr_26_1,D,A,T,E,47,190,OG1,OE2,9.914736
tcr_26_1,D,A,T,W,47,191,OG1,NE1,9.812963
tcr_26_1,D,A,T,R,47,86,OG1,NE,7.337895
tcr_26_1,D,A,T,R,47,86,OG1,NH2,5.3084354
tcr_26_1,D,A,T,R,47,86,OG1,CZ,6.057064
tcr_26_1,D,A,T,R,47,86,OG1,CD,8.447816
tcr_26_1,D,A,T,R,47,86,OG1,CG,9.732843
tcr_26_1,D,A,T,R,47,86,CG2,NH1,7.9446464
tcr_26_1,D,A,T,E,47,190,CG2,OE2,9.947488
tcr_26_1,D,A,T,R,47,86,CG2,NE,9.689046
tcr_26_1,D,A,T,R,47,86,CG2,NH2,7.6850543
tcr_26_1,D,A,T,R,47,86,CG2,CZ,8.400395
tcr_26_1,D,A,S,T,48,187,N,OG1,9.918716
tcr_26_1,D,A,S,W,48,191,N,CE2,8.989532
tcr_26_1,D,A,S,W,48,191,N,CZ2,8.358809
tcr_26_1,D,A,S,W,48,191,N,CD1,9.936825
tcr_26_1,D,A,S,R,48,86,N,NH1,5.2791247
tcr_26_1,D,A,S,E,48,190,N,OE2,9.285431
tcr_26_1,D,A,S,W,48,191,N,NE1,8.710573
tcr_26_1,D,A,S,R,48,86,N,NE,7.446902
tcr_26_1,D,A,S,R,48,86,N,NH2,6.031422
tcr_26_1,D,A,S,R,48,86,N,CZ,6.1930904
tcr_26_1,D,A,S,E,48,82,N,OE2,8.91329
tcr_26_1,D,A,S,R,48,86,N,CD,8.109211
tcr_26_1,D,A,S,R,48,86,N,CG,9.563831
tcr_26_1,D,A,S,W,48,191,N,CH2,9.285569
tcr_26_1,D,A,S,E,48,190,CA,OE1,9.702841
tcr_26_1,D,A,S,R,48,194,CA,NH1,9.492039
tcr_26_1,D,A,S,E,48,190,CA,CD,9.270798
tcr_26_1,D,A,S,W,48,191,CA,CD2,9.119269
tcr_26_1,D,A,S,T,48,187,CA,OG1,9.219748
tcr_26_1,D,A,S,W,48,191,CA,CE2,7.741721
tcr_26_1,D,A,S,W,48,191,CA,CZ2,7.1371884
tcr_26_1,D,A,S,W,48,191,CA,CD1,8.717386
tcr_26_1,D,A,S,R,48,86,CA,NH1,5.253284
tcr_26_1,D,A,S,T,48,187,CA,CG2,9.137665
tcr_26_1,D,A,S,E,48,190,CA,OE2,8.145365
tcr_26_1,D,A,S,W,48,191,CA,NE1,7.4919744
tcr_26_1,D,A,S,W,48,191,CA,CG,9.650562
tcr_26_1,D,A,S,T,48,187,CA,CB,9.844561
tcr_26_1,D,A,S,R,48,86,CA,NE,7.5245366
tcr_26_1,D,A,S,R,48,86,CA,NH2,6.4271173
tcr_26_1,D,A,S,R,48,86,CA,CZ,6.343186
tcr_26_1,D,A,S,E,48,82,CA,OE2,8.946284
tcr_26_1,D,A,S,R,48,86,CA,CD,8.02135
tcr_26_1,D,A,S,R,48,86,CA,CG,9.533307
tcr_26_1,D,A,S,W,48,191,CA,CH2,8.079823
tcr_26_1,D,A,S,W,48,191,CA,CE3,9.859156
tcr_26_1,D,A,S,W,48,191,CA,CZ3,9.389647
tcr_26_1,D,A,S,E,48,190,C,OE1,8.543677
tcr_26_1,D,A,S,R,48,194,C,NH1,9.593141
tcr_26_1,D,A,S,E,48,190,C,CD,8.084462
tcr_26_1,D,A,S,W,48,191,C,CD2,8.307303
tcr_26_1,D,A,S,T,48,187,C,OG1,7.6959405
tcr_26_1,D,A,S,W,48,191,C,CE2,6.9384475
tcr_26_1,D,A,S,W,48,191,C,CZ2,6.578613
tcr_26_1,D,A,S,W,48,191,C,CD1,7.6029286
tcr_26_1,D,A,S,R,48,86,C,NH1,5.063405
tcr_26_1,D,A,S,T,48,187,C,CG2,7.7174945
tcr_26_1,D,A,S,E,48,190,C,OE2,6.916514
tcr_26_1,D,A,S,W,48,191,C,NE1,6.464136
tcr_26_1,D,A,S,W,48,191,C,CG,8.65357
tcr_26_1,D,A,S,T,48,187,C,CB,8.354369
tcr_26_1,D,A,S,E,48,190,C,CB,8.949582
tcr_26_1,D,A,S,T,48,187,C,CA,8.701825
tcr_26_1,D,A,S,E,48,190,C,CG,9.213879
tcr_26_1,D,A,S,T,48,187,C,O,9.558474
tcr_26_1,D,A,S,T,48,187,C,C,9.736203
tcr_26_1,D,A,S,T,48,187,C,N,9.383302
tcr_26_1,D,A,S,R,48,86,C,NE,7.2367005
tcr_26_1,D,A,S,R,48,86,C,NH2,6.1424246
tcr_26_1,D,A,S,R,48,86,C,CZ,6.0769987
tcr_26_1,D,A,S,R,48,86,C,CD,7.825337
tcr_26_1,D,A,S,R,48,86,C,CG,9.336029
tcr_26_1,D,A,S,W,48,191,C,CH2,7.7067733
tcr_26_1,D,A,S,K,48,90,C,NZ,9.362694
tcr_26_1,D,A,S,W,48,191,C,CE3,9.214687
tcr_26_1,D,A,S,W,48,191,C,CZ3,8.94402
tcr_26_1,D,A,S,K,48,90,C,CE,9.904878
tcr_26_1,D,A,S,E,48,190,O,OE1,7.642347
tcr_26_1,D,A,S,E,48,190,O,O,9.546
tcr_26_1,D,A,S,R,48,194,O,NH1,8.698875
tcr_26_1,D,A,S,R,48,194,O,CD,9.087058
tcr_26_1,D,A,S,E,48,190,O,C,9.13097
tcr_26_1,D,A,S,E,48,190,O,CD,7.080704
tcr_26_1,D,A,S,W,48,191,O,CD2,7.2905583
tcr_26_1,D,A,S,T,48,187,O,OG1,7.1250167
tcr_26_1,D,A,S,W,48,191,O,CE2,5.9646897
tcr_26_1,D,A,S,W,48,191,O,CZ2,5.721044
tcr_26_1,D,A,S,W,48,191,O,CD1,6.5569544
tcr_26_1,D,A,S,R,48,86,O,NH1,5.5150614
tcr_26_1,D,A,S,T,48,187,O,CG2,6.9883537
tcr_26_1,D,A,S,E,48,190,O,OE2,5.8994193
tcr_26_1,D,A,S,W,48,191,O,NE1,5.4555583
tcr_26_1,D,A,S,W,48,191,O,CG,7.593422
tcr_26_1,D,A,S,T,48,187,O,CB,7.6393332
tcr_26_1,D,A,S,E,48,190,O,CB,7.7927995
tcr_26_1,D,A,S,T,48,187,O,CA,7.842344
tcr_26_1,D,A,S,E,48,190,O,CG,8.126773
tcr_26_1,D,A,S,T,48,187,O,O,8.538162
tcr_26_1,D,A,S,W,48,191,O,N,8.986218
tcr_26_1,D,A,S,T,48,187,O,C,8.797258
tcr_26_1,D,A,S,W,48,191,O,CA,9.310829
tcr_26_1,D,A,S,W,48,191,O,CB,8.967737
tcr_26_1,D,A,S,T,48,187,O,N,8.580289
tcr_26_1,D,A,S,E,48,190,O,CA,9.152325
tcr_26_1,D,A,S,E,48,190,O,N,9.976491
tcr_26_1,D,A,S,G,48,186,O,O,9.427653
tcr_26_1,D,A,S,G,48,186,O,C,9.234804
tcr_26_1,D,A,S,R,48,86,O,NE,7.627952
tcr_26_1,D,A,S,R,48,86,O,NH2,6.813384
tcr_26_1,D,A,S,R,48,86,O,CZ,6.5809484
tcr_26_1,D,A,S,R,48,194,O,NE,9.427478
tcr_26_1,D,A,S,R,48,194,O,NH2,9.888243
tcr_26_1,D,A,S,R,48,194,O,CZ,9.258129
tcr_26_1,D,A,S,R,48,86,O,CD,8.076361
tcr_26_1,D,A,S,R,48,86,O,CG,9.584426
tcr_26_1,D,A,S,Y,48,83,O,CD2,9.609366
tcr_26_1,D,A,S,W,48,191,O,CH2,6.894565
tcr_26_1,D,A,S,K,48,90,O,NZ,9.147431
tcr_26_1,D,A,S,W,48,191,O,CE3,8.234028
tcr_26_1,D,A,S,W,48,191,O,CZ3,8.0554695
tcr_26_1,D,A,S,K,48,90,O,CE,9.857398
tcr_26_1,D,A,S,R,48,194,CB,NH1,8.596655
tcr_26_1,D,A,S,R,48,194,CB,CD,9.647046
tcr_26_1,D,A,S,E,48,190,CB,CD,9.892082
tcr_26_1,D,A,S,W,48,191,CB,CD2,8.482075
tcr_26_1,D,A,S,T,48,187,CB,OG1,9.721577
tcr_26_1,D,A,S,W,48,191,CB,CE2,7.110914
tcr_26_1,D,A,S,W,48,191,CB,CZ2,6.275768
tcr_26_1,D,A,S,W,48,191,CB,CD1,8.44268
tcr_26_1,D,A,S,R,48,86,CB,NH1,4.6380205
tcr_26_1,D,A,S,T,48,187,CB,CG2,9.26902
tcr_26_1,D,A,S,E,48,190,CB,OE2,8.7390375
tcr_26_1,D,A,S,W,48,191,CB,NE1,7.1198864
tcr_26_1,D,A,S,W,48,191,CB,CG,9.218277
tcr_26_1,D,A,S,R,48,86,CB,NE,6.9123616
tcr_26_1,D,A,S,R,48,86,CB,NH2,6.2159925
tcr_26_1,D,A,S,R,48,86,CB,CZ,5.8601413
tcr_26_1,D,A,S,R,48,194,CB,NE,9.529111
tcr_26_1,D,A,S,R,48,194,CB,NH2,9.321054
tcr_26_1,D,A,S,R,48,194,CB,CZ,9.065448
tcr_26_1,D,A,S,E,48,79,CB,OE2,9.728313
tcr_26_1,D,A,S,E,48,82,CB,CG,9.551781
tcr_26_1,D,A,S,E,48,82,CB,OE2,7.6030545
tcr_26_1,D,A,S,E,48,82,CB,OE1,9.565292
tcr_26_1,D,A,S,E,48,82,CB,CD,8.794502
tcr_26_1,D,A,S,E,48,82,CB,CB,8.812159
tcr_26_1,D,A,S,E,48,82,CB,CA,9.875354
tcr_26_1,D,A,S,E,48,82,CB,O,9.279482
tcr_26_1,D,A,S,E,48,82,CB,C,9.340253
tcr_26_1,D,A,S,Y,48,83,CB,N,9.252348
tcr_26_1,D,A,S,Y,48,83,CB,CA,9.192644
tcr_26_1,D,A,S,Y,48,83,CB,CB,9.313522
tcr_26_1,D,A,S,Y,48,83,CB,CG,9.812083
tcr_26_1,D,A,S,R,48,86,CB,CD,7.162013
tcr_26_1,D,A,S,R,48,86,CB,CG,8.665839
tcr_26_1,D,A,S,R,48,86,CB,CB,9.134953
tcr_26_1,D,A,S,Y,48,83,CB,CD2,9.053451
tcr_26_1,D,A,S,W,48,191,CB,CH2,7.0455737
tcr_26_1,D,A,S,K,48,90,CB,NZ,9.626061
tcr_26_1,D,A,S,W,48,191,CB,CE3,9.048092
tcr_26_1,D,A,S,W,48,191,CB,CZ3,8.404737
tcr_26_1,D,A,S,Y,48,83,CB,CE2,9.841389
tcr_26_1,D,A,S,R,48,194,OG,NH1,9.280246
tcr_26_1,D,A,S,W,48,191,OG,CD2,8.446741
tcr_26_1,D,A,S,T,48,187,OG,OG1,9.554673
tcr_26_1,D,A,S,W,48,191,OG,CE2,7.0526223
tcr_26_1,D,A,S,W,48,191,OG,CZ2,6.1735425
tcr_26_1,D,A,S,W,48,191,OG,CD1,8.435852
tcr_26_1,D,A,S,R,48,86,OG,NH1,3.2754273
tcr_26_1,D,A,S,T,48,187,OG,CG2,8.999569
tcr_26_1,D,A,S,E,48,190,OG,OE2,9.349274
tcr_26_1,D,A,S,W,48,191,OG,NE1,7.082879
tcr_26_1,D,A,S,W,48,191,OG,CG,9.208926
tcr_26_1,D,A,S,R,48,86,OG,NE,5.5327
tcr_26_1,D,A,S,R,48,86,OG,NH2,4.9098825
tcr_26_1,D,A,S,R,48,86,OG,CZ,4.491338
tcr_26_1,D,A,S,R,48,194,OG,NE,9.933932
tcr_26_1,D,A,S,R,48,194,OG,NH2,9.753872
tcr_26_1,D,A,S,R,48,194,OG,CZ,9.573495
tcr_26_1,D,A,S,E,48,79,OG,OE2,9.747825
tcr_26_1,D,A,S,E,48,82,OG,CG,8.8490505
tcr_26_1,D,A,S,E,48,82,OG,OE2,7.110287
tcr_26_1,D,A,S,E,48,82,OG,OE1,9.054471
tcr_26_1,D,A,S,E,48,82,OG,CD,8.228688
tcr_26_1,D,A,S,E,48,82,OG,CB,8.034104
tcr_26_1,D,A,S,E,48,82,OG,CA,9.001609
tcr_26_1,D,A,S,E,48,82,OG,O,8.200654
tcr_26_1,D,A,S,E,48,82,OG,C,8.39811
tcr_26_1,D,A,S,Y,48,83,OG,N,8.427496
tcr_26_1,D,A,S,Y,48,83,OG,CA,8.34943
tcr_26_1,D,A,S,Y,48,83,OG,CB,8.663101
tcr_26_1,D,A,S,Y,48,83,OG,CG,9.176611
tcr_26_1,D,A,S,R,48,86,OG,CD,5.814812
tcr_26_1,D,A,S,R,48,86,OG,CA,9.348579
tcr_26_1,D,A,S,R,48,86,OG,CG,7.3099704
tcr_26_1,D,A,S,R,48,86,OG,CB,7.835093
tcr_26_1,D,A,S,Y,48,83,OG,CD2,8.468921
tcr_26_1,D,A,S,W,48,191,OG,CH2,6.938131
tcr_26_1,D,A,S,Y,48,83,OG,O,9.460395
tcr_26_1,D,A,S,Y,48,83,OG,C,9.519246
tcr_26_1,D,A,S,R,48,86,OG,N,9.973425
tcr_26_1,D,A,S,E,48,87,OG,OE1,9.17699
tcr_26_1,D,A,S,K,48,90,OG,NZ,8.578496
tcr_26_1,D,A,S,W,48,191,OG,CE3,9.00116
tcr_26_1,D,A,S,W,48,191,OG,CZ3,8.327377
tcr_26_1,D,A,S,Y,48,83,OG,CE2,9.287254
tcr_26_1,D,A,S,K,48,90,OG,CE,8.976168
tcr_26_1,D,A,E,E,49,190,N,OE1,8.76458
tcr_26_1,D,A,E,E,49,190,N,CD,8.383479
tcr_26_1,D,A,E,W,49,191,N,CD2,8.923425
tcr_26_1,D,A,E,T,49,187,N,OG1,7.2130637
tcr_26_1,D,A,E,W,49,191,N,CE2,7.5599217
tcr_26_1,D,A,E,W,49,191,N,CZ2,7.3174577
tcr_26_1,D,A,E,W,49,191,N,CD1,7.994972
tcr_26_1,D,A,E,R,49,86,N,NH1,4.878724
tcr_26_1,D,A,E,T,49,187,N,CG2,7.503578
tcr_26_1,D,A,E,E,49,190,N,OE2,7.2154326
tcr_26_1,D,A,E,W,49,191,N,NE1,6.9340034
tcr_26_1,D,A,E,W,49,191,N,CG,9.141295
tcr_26_1,D,A,E,T,49,187,N,CB,8.043224
tcr_26_1,D,A,E,E,49,190,N,CB,9.405752
tcr_26_1,D,A,E,T,49,187,N,CA,8.558484
tcr_26_1,D,A,E,E,49,190,N,CG,9.593544
tcr_26_1,D,A,E,T,49,187,N,O,9.690437
tcr_26_1,D,A,E,T,49,187,N,C,9.70971
tcr_26_1,D,A,E,T,49,187,N,N,9.149741
tcr_26_1,D,A,E,G,49,186,N,C,9.957218
tcr_26_1,D,A,E,R,49,86,N,NE,6.878941
tcr_26_1,D,A,E,R,49,86,N,NH2,5.4947805
tcr_26_1,D,A,E,R,49,86,N,CZ,5.669152
tcr_26_1,D,A,E,R,49,86,N,CD,7.6883492
tcr_26_1,D,A,E,R,49,86,N,CG,9.145474
tcr_26_1,D,A,E,W,49,191,N,CH2,8.518172
tcr_26_1,D,A,E,K,49,90,N,NZ,9.112493
tcr_26_1,D,A,E,W,49,191,N,CE3,9.92124
tcr_26_1,D,A,E,W,49,191,N,CZ3,9.735345
tcr_26_1,D,A,E,K,49,90,N,CE,9.512825
tcr_26_1,D,A,E,G,49,186,CA,CA,9.337939
tcr_26_1,D,A,E,E,49,190,CA,OE1,8.021374
tcr_26_1,D,A,E,E,49,190,CA,CD,7.6427355
tcr_26_1,D,A,E,W,49,191,CA,CD2,8.60535
tcr_26_1,D,A,E,T,49,187,CA,OG1,5.8415084
tcr_26_1,D,A,E,W,49,191,CA,CE2,7.317518
tcr_26_1,D,A,E,W,49,191,CA,CZ2,7.334757
tcr_26_1,D,A,E,W,49,191,CA,CD1,7.3648715
tcr_26_1,D,A,E,R,49,86,CA,NH1,5.284489
tcr_26_1,D,A,E,T,49,187,CA,CG2,6.359794
tcr_26_1,D,A,E,E,49,190,CA,OE2,6.4795146
tcr_26_1,D,A,E,W,49,191,CA,NE1,6.4725595
tcr_26_1,D,A,E,W,49,191,CA,CG,8.607432
tcr_26_1,D,A,E,T,49,187,CA,CB,6.766337
tcr_26_1,D,A,E,E,49,190,CA,CB,8.709672
tcr_26_1,D,A,E,T,49,187,CA,CA,7.354906
tcr_26_1,D,A,E,E,49,190,CA,CG,8.86094
tcr_26_1,D,A,E,T,49,187,CA,O,8.700021
tcr_26_1,D,A,E,T,49,187,CA,C,8.586035
tcr_26_1,D,A,E,W,49,191,CA,CB,9.895262
tcr_26_1,D,A,E,T,49,187,CA,N,7.880015
tcr_26_1,D,A,E,G,49,186,CA,O,9.290297
tcr_26_1,D,A,E,G,49,186,CA,C,8.749654
tcr_26_1,D,A,E,C,49,188,CA,N,9.681314
tcr_26_1,D,A,E,A,49,182,CA,O,9.871391
tcr_26_1,D,A,E,Y,49,183,CA,CD2,9.452948
tcr_26_1,D,A,E,R,49,86,CA,NE,7.0001993
tcr_26_1,D,A,E,R,49,86,CA,NH2,5.6789465
tcr_26_1,D,A,E,R,49,86,CA,CZ,5.892594
tcr_26_1,D,A,E,Y,49,183,CA,CE2,9.829077
tcr_26_1,D,A,E,Y,49,183,CA,CA,9.973923
tcr_26_1,D,A,E,R,49,86,CA,CD,7.881598
tcr_26_1,D,A,E,R,49,86,CA,CG,9.269324
tcr_26_1,D,A,E,W,49,191,CA,CH2,8.643257
tcr_26_1,D,A,E,K,49,90,CA,NZ,8.589426
tcr_26_1,D,A,E,W,49,191,CA,CE3,9.737878
tcr_26_1,D,A,E,W,49,191,CA,CZ3,9.748071
tcr_26_1,D,A,E,K,49,90,CA,CE,9.019096
tcr_26_1,D,A,E,G,49,186,C,CA,8.43584
tcr_26_1,D,A,E,E,49,190,C,OE1,6.9089394
tcr_26_1,D,A,E,G,49,186,C,N,9.703943
tcr_26_1,D,A,E,E,49,190,C,CD,6.7214007
tcr_26_1,D,A,E,W,49,191,C,CD2,9.158721
tcr_26_1,D,A,E,T,49,187,C,OG1,5.6375723
tcr_26_1,D,A,E,W,49,191,C,CE2,7.965332
tcr_26_1,D,A,E,W,49,191,C,CZ2,8.152919
tcr_26_1,D,A,E,W,49,191,C,CD1,7.695793
tcr_26_1,D,A,E,R,49,86,C,NH1,6.813442
tcr_26_1,D,A,E,T,49,187,C,CG2,6.5818896
tcr_26_1,D,A,E,E,49,190,C,OE2,5.666318
tcr_26_1,D,A,E,W,49,191,C,NE1,6.9871607
tcr_26_1,D,A,E,W,49,191,C,CG,8.986148
tcr_26_1,D,A,E,T,49,187,C,CB,6.668967
tcr_26_1,D,A,E,E,49,190,C,CB,8.174853
tcr_26_1,D,A,E,T,49,187,C,CA,7.0366435
tcr_26_1,D,A,E,E,49,190,C,CG,8.074833
tcr_26_1,D,A,E,T,49,187,C,O,8.590282
tcr_26_1,D,A,E,W,49,191,C,N,9.903817
tcr_26_1,D,A,E,T,49,187,C,C,8.385784
tcr_26_1,D,A,E,T,49,187,C,N,7.3103456
tcr_26_1,D,A,E,E,49,190,C,CA,9.653677
tcr_26_1,D,A,E,G,49,186,C,O,8.616541
tcr_26_1,D,A,E,G,49,186,C,C,8.030077
tcr_26_1,D,A,E,C,49,188,C,N,9.470686
tcr_26_1,D,A,E,A,49,182,C,O,9.139462
tcr_26_1,D,A,E,A,49,182,C,C,9.698275
tcr_26_1,D,A,E,Y,49,183,C,CD2,9.618728
tcr_26_1,D,A,E,R,49,86,C,NE,8.510109
tcr_26_1,D,A,E,R,49,86,C,NH2,7.149483
tcr_26_1,D,A,E,R,49,86,C,CZ,7.4153833
tcr_26_1,D,A,E,Y,49,183,C,CA,9.649828
tcr_26_1,D,A,E,Y,49,183,C,N,9.964047
tcr_26_1,D,A,E,Y,49,183,C,O,9.915688
tcr_26_1,D,A,E,R,49,86,C,CD,9.390086
tcr_26_1,D,A,E,W,49,191,C,CH2,9.492763
tcr_26_1,D,A,E,K,49,90,C,NZ,9.776628
tcr_26_1,D,A,E,G,49,186,O,CA,9.056674
tcr_26_1,D,A,E,E,49,190,O,OE1,7.185914
tcr_26_1,D,A,E,E,49,190,O,CD,7.179689
tcr_26_1,D,A,E,T,49,187,O,OG1,6.6991205
tcr_26_1,D,A,E,W,49,191,O,CE2,8.995807
tcr_26_1,D,A,E,W,49,191,O,CZ2,9.110977
tcr_26_1,D,A,E,W,49,191,O,CD1,8.790185
tcr_26_1,D,A,E,R,49,86,O,NH1,7.533886
tcr_26_1,D,A,E,T,49,187,O,CG2,7.773779
tcr_26_1,D,A,E,E,49,190,O,OE2,6.2298827
tcr_26_1,D,A,E,W,49,191,O,NE1,8.066956
tcr_26_1,D,A,E,T,49,187,O,CB,7.7733593
tcr_26_1,D,A,E,E,49,190,O,CB,8.878662
tcr_26_1,D,A,E,T,49,187,O,CA,8.050477
tcr_26_1,D,A,E,E,49,190,O,CG,8.6198015
tcr_26_1,D,A,E,T,49,187,O,O,9.639815
tcr_26_1,D,A,E,T,49,187,O,C,9.427465
tcr_26_1,D,A,E,T,49,187,O,N,8.191594
tcr_26_1,D,A,E,G,49,186,O,O,9.391943
tcr_26_1,D,A,E,G,49,186,O,C,8.799518
tcr_26_1,D,A,E,A,49,182,O,O,9.800747
tcr_26_1,D,A,E,R,49,86,O,NE,9.316166
tcr_26_1,D,A,E,R,49,86,O,NH2,7.776817
tcr_26_1,D,A,E,R,49,86,O,CZ,8.1482
tcr_26_1,D,A,E,G,49,186,CB,CA,9.7853775
tcr_26_1,D,A,E,E,49,190,CB,OE1,9.10025
tcr_26_1,D,A,E,E,49,190,CB,CD,8.759496
tcr_26_1,D,A,E,W,49,191,CB,CD2,9.449311
tcr_26_1,D,A,E,T,49,187,CB,OG1,5.9020886
tcr_26_1,D,A,E,W,49,191,CB,CE2,8.184198
tcr_26_1,D,A,E,W,49,191,CB,CZ2,8.213812
tcr_26_1,D,A,E,W,49,191,CB,CD1,8.156462
tcr_26_1,D,A,E,R,49,86,CB,NH1,5.0958858
tcr_26_1,D,A,E,T,49,187,CB,CG2,6.585291
tcr_26_1,D,A,E,E,49,190,CB,OE2,7.62708
tcr_26_1,D,A,E,W,49,191,CB,NE1,7.31918
tcr_26_1,D,A,E,W,49,191,CB,CG,9.407786
tcr_26_1,D,A,E,T,49,187,CB,CB,6.9559026
tcr_26_1,D,A,E,E,49,190,CB,CB,9.811735
tcr_26_1,D,A,E,T,49,187,CB,CA,7.803224
tcr_26_1,D,A,E,E,49,190,CB,CG,9.965223
tcr_26_1,D,A,E,T,49,187,CB,O,9.321623
tcr_26_1,D,A,E,T,49,187,CB,C,9.066277
tcr_26_1,D,A,E,T,49,187,CB,N,8.277359
tcr_26_1,D,A,E,G,49,186,CB,O,9.952692
tcr_26_1,D,A,E,G,49,186,CB,C,9.273448
tcr_26_1,D,A,E,A,49,182,CB,O,9.782947
tcr_26_1,D,A,E,Y,49,183,CB,CD2,9.13033
tcr_26_1,D,A,E,R,49,86,CB,NE,6.447263
tcr_26_1,D,A,E,R,49,86,CB,NH2,4.8905873
tcr_26_1,D,A,E,R,49,86,CB,CZ,5.369447
tcr_26_1,D,A,E,Y,49,183,CB,CB,9.96511
tcr_26_1,D,A,E,Y,49,183,CB,CE2,9.614648
tcr_26_1,D,A,E,Y,49,183,CB,CA,9.678497
tcr_26_1,D,A,E,R,49,86,CB,CD,7.5378017
tcr_26_1,D,A,E,R,49,86,CB,CG,8.803356
tcr_26_1,D,A,E,W,49,191,CB,CH2,9.509689
tcr_26_1,D,A,E,K,49,90,CB,NZ,8.218593
tcr_26_1,D,A,E,K,49,90,CB,CD,9.839941
tcr_26_1,D,A,E,K,49,90,CB,CE,8.421526
tcr_26_1,D,A,E,E,49,190,CG,CD,9.775321
tcr_26_1,D,A,E,W,49,191,CG,CD2,9.215726
tcr_26_1,D,A,E,T,49,187,CG,OG1,6.4672613
tcr_26_1,D,A,E,W,49,191,CG,CE2,7.927253
tcr_26_1,D,A,E,W,49,191,CG,CZ2,7.8063545
tcr_26_1,D,A,E,W,49,191,CG,CD1,8.16951
tcr_26_1,D,A,E,R,49,86,CG,NH1,3.7632926
tcr_26_1,D,A,E,T,49,187,CG,CG2,6.7187524
tcr_26_1,D,A,E,E,49,190,CG,OE2,8.589084
tcr_26_1,D,A,E,W,49,191,CG,NE1,7.226877
tcr_26_1,D,A,E,W,49,191,CG,CG,9.32489
tcr_26_1,D,A,E,T,49,187,CG,CB,7.357262
tcr_26_1,D,A,E,T,49,187,CG,CA,8.36302
tcr_26_1,D,A,E,T,49,187,CG,O,9.653143
tcr_26_1,D,A,E,T,49,187,CG,C,9.476115
tcr_26_1,D,A,E,T,49,187,CG,N,9.027601
tcr_26_1,D,A,E,Y,49,183,CG,CD2,9.144242
tcr_26_1,D,A,E,R,49,86,CG,NE,4.940057
tcr_26_1,D,A,E,R,49,86,CG,NH2,3.4022584
tcr_26_1,D,A,E,R,49,86,CG,CZ,3.8794448
tcr_26_1,D,A,E,Y,49,183,CG,CE2,9.487543
tcr_26_1,D,A,E,R,49,86,CG,CD,6.0860324
tcr_26_1,D,A,E,R,49,86,CG,CA,9.833328
tcr_26_1,D,A,E,R,49,86,CG,CG,7.316706
tcr_26_1,D,A,E,R,49,86,CG,CB,8.576784
tcr_26_1,D,A,E,W,49,191,CG,CH2,9.014577
tcr_26_1,D,A,E,E,49,87,CG,OE1,8.919475
tcr_26_1,D,A,E,K,49,90,CG,NZ,7.1135163
tcr_26_1,D,A,E,K,49,90,CG,CD,8.637772
tcr_26_1,D,A,E,K,49,90,CG,CE,7.1901765
tcr_26_1,D,A,E,K,49,90,CG,CG,9.238866
tcr_26_1,D,A,E,R,49,93,CG,NH2,9.451525
tcr_26_1,D,A,E,T,49,187,CD,OG1,6.936243
tcr_26_1,D,A,E,W,49,191,CD,CE2,9.051461
tcr_26_1,D,A,E,W,49,191,CD,CZ2,8.968571
tcr_26_1,D,A,E,W,49,191,CD,CD1,9.190092
tcr_26_1,D,A,E,R,49,86,CD,NH1,4.3312044
tcr_26_1,D,A,E,T,49,187,CD,CG2,7.3143773
tcr_26_1,D,A,E,E,49,190,CD,OE2,9.785507
tcr_26_1,D,A,E,W,49,191,CD,NE1,8.339597
tcr_26_1,D,A,E,T,49,187,CD,CB,7.881094
tcr_26_1,D,A,E,T,49,187,CD,CA,9.057909
tcr_26_1,D,A,E,T,49,187,CD,N,9.654598
tcr_26_1,D,A,E,Y,49,183,CD,CD2,9.090397
tcr_26_1,D,A,E,R,49,86,CD,NE,4.835802
tcr_26_1,D,A,E,R,49,86,CD,NH2,3.145826
tcr_26_1,D,A,E,R,49,86,CD,CZ,3.9618385
tcr_26_1,D,A,E,Y,49,183,CD,CE2,9.526983
tcr_26_1,D,A,E,R,49,86,CD,CD,6.169754
tcr_26_1,D,A,E,R,49,86,CD,CA,9.664077
tcr_26_1,D,A,E,R,49,86,CD,CG,7.1670737
tcr_26_1,D,A,E,R,49,86,CD,CB,8.565055
tcr_26_1,D,A,E,E,49,87,CD,OE1,9.098175
tcr_26_1,D,A,E,K,49,90,CD,NZ,7.069322
tcr_26_1,D,A,E,R,49,86,CD,C,9.914933
tcr_26_1,D,A,E,R,49,86,CD,O,9.714702
tcr_26_1,D,A,E,K,49,90,CD,CD,8.205888
tcr_26_1,D,A,E,K,49,90,CD,CE,6.8542905
tcr_26_1,D,A,E,K,49,90,CD,CG,8.601365
tcr_26_1,D,A,E,R,49,93,CD,NH2,8.367349
tcr_26_1,D,A,E,R,49,93,CD,NH1,9.953759
tcr_26_1,D,A,E,R,49,93,CD,CZ,9.447539
tcr_26_1,D,A,E,T,49,187,OE1,OG1,7.924022
tcr_26_1,D,A,E,W,49,191,OE1,CE2,9.4337435
tcr_26_1,D,A,E,W,49,191,OE1,CZ2,9.2194195
tcr_26_1,D,A,E,W,49,191,OE1,CD1,9.778683
tcr_26_1,D,A,E,R,49,86,OE1,NH1,3.873649
tcr_26_1,D,A,E,T,49,187,OE1,CG2,8.062546
tcr_26_1,D,A,E,W,49,191,OE1,NE1,8.865784
tcr_26_1,D,A,E,T,49,187,OE1,CB,8.764517
tcr_26_1,D,A,E,T,49,187,OE1,CA,9.994471
tcr_26_1,D,A,E,Y,49,183,OE1,CD2,9.695518
tcr_26_1,D,A,E,R,49,86,OE1,NE,3.963335
tcr_26_1,D,A,E,R,49,86,OE1,NH2,2.1875966
tcr_26_1,D,A,E,R,49,86,OE1,CZ,3.1923966
tcr_26_1,D,A,E,E,49,82,OE1,O,9.996816
tcr_26_1,D,A,E,R,49,86,OE1,CD,5.3826957
tcr_26_1,D,A,E,R,49,86,OE1,CA,8.711805
tcr_26_1,D,A,E,R,49,86,OE1,CG,6.2580533
tcr_26_1,D,A,E,R,49,86,OE1,CB,7.6791496
tcr_26_1,D,A,E,E,49,87,OE1,N,9.817353
tcr_26_1,D,A,E,R,49,86,OE1,N,9.970245
tcr_26_1,D,A,E,E,49,87,OE1,OE1,8.724801
tcr_26_1,D,A,E,K,49,90,OE1,NZ,6.776993
tcr_26_1,D,A,E,E,49,87,OE1,CD,9.951644
tcr_26_1,D,A,E,R,49,86,OE1,C,9.0383625
tcr_26_1,D,A,E,R,49,86,OE1,O,8.813566
tcr_26_1,D,A,E,K,49,90,OE1,CD,7.688312
tcr_26_1,D,A,E,K,49,90,OE1,CB,9.44319
tcr_26_1,D,A,E,K,49,90,OE1,CE,6.3602605
tcr_26_1,D,A,E,K,49,90,OE1,CG,7.922344
tcr_26_1,D,A,E,R,49,93,OE1,NH2,7.362342
tcr_26_1,D,A,E,R,49,93,OE1,NH1,8.867509
tcr_26_1,D,A,E,R,49,93,OE1,CZ,8.439801
tcr_26_1,D,A,E,R,49,93,OE1,NE,9.230941
tcr_26_1,D,A,E,T,49,187,OE2,OG1,6.5951595
tcr_26_1,D,A,E,W,49,191,OE2,CE2,9.725
tcr_26_1,D,A,E,W,49,191,OE2,CZ2,9.789961
tcr_26_1,D,A,E,W,49,191,OE2,CD1,9.594377
tcr_26_1,D,A,E,R,49,86,OE2,NH1,5.549169
tcr_26_1,D,A,E,T,49,187,OE2,CG2,7.3166127
tcr_26_1,D,A,E,E,49,190,OE2,OE2,9.831873
tcr_26_1,D,A,E,W,49,191,OE2,NE1,8.883103
tcr_26_1,D,A,E,T,49,187,OE2,CB,7.665042
tcr_26_1,D,A,E,T,49,187,OE2,CA,8.878728
tcr_26_1,D,A,E,T,49,187,OE2,N,9.31663
tcr_26_1,D,A,E,A,49,182,OE2,CB,9.870068
tcr_26_1,D,A,E,Y,49,183,OE2,CD2,8.689923
tcr_26_1,D,A,E,R,49,86,OE2,NE,5.9030285
tcr_26_1,D,A,E,Q,49,179,OE2,CD,9.904951
tcr_26_1,D,A,E,Q,49,179,OE2,NE2,8.89624
tcr_26_1,D,A,E,R,49,86,OE2,NH2,4.2899375
tcr_26_1,D,A,E,R,49,86,OE2,CZ,5.134618
tcr_26_1,D,A,E,Y,49,183,OE2,CB,9.346079
tcr_26_1,D,A,E,Y,49,183,OE2,CE2,9.294541
tcr_26_1,D,A,E,Y,49,183,OE2,CA,9.426876
tcr_26_1,D,A,E,Y,49,183,OE2,N,9.7135935
tcr_26_1,D,A,E,Y,49,183,OE2,CG,9.609402
tcr_26_1,D,A,E,R,49,86,OE2,CD,7.2430425
tcr_26_1,D,A,E,R,49,86,OE2,CG,8.141776
tcr_26_1,D,A,E,R,49,86,OE2,CB,9.587164
tcr_26_1,D,A,E,E,49,87,OE2,OE1,9.817803
tcr_26_1,D,A,E,K,49,90,OE2,NZ,7.62304
tcr_26_1,D,A,E,K,49,90,OE2,CD,8.623051
tcr_26_1,D,A,E,K,49,90,OE2,CE,7.373312
tcr_26_1,D,A,E,K,49,90,OE2,CG,8.985546
tcr_26_1,D,A,E,R,49,93,OE2,NH2,8.6683035
tcr_26_1,D,A,E,R,49,93,OE2,CZ,9.673224
tcr_26_1,D,A,S,E,50,185,N,O,9.828755
tcr_26_1,D,A,S,G,50,186,N,CA,7.123035
tcr_26_1,D,A,S,E,50,190,N,OE1,5.9184694
tcr_26_1,D,A,S,E,50,185,N,C,9.578252
tcr_26_1,D,A,S,G,50,186,N,N,8.389637
tcr_26_1,D,A,S,E,50,190,N,O,9.95934
tcr_26_1,D,A,S,E,50,190,N,C,9.156741
tcr_26_1,D,A,S,E,50,190,N,CD,5.7094407
tcr_26_1,D,A,S,W,50,191,N,CD2,8.690963
tcr_26_1,D,A,S,T,50,187,N,OG1,4.5123744
tcr_26_1,D,A,S,W,50,191,N,CE2,7.6242595
tcr_26_1,D,A,S,W,50,191,N,CZ2,8.038163
tcr_26_1,D,A,S,W,50,191,N,CD1,6.9988685
tcr_26_1,D,A,S,R,50,86,N,NH1,7.483622
tcr_26_1,D,A,S,T,50,187,N,CG2,5.6531706
tcr_26_1,D,A,S,E,50,190,N,OE2,4.687208
tcr_26_1,D,A,S,W,50,191,N,NE1,6.499896
tcr_26_1,D,A,S,W,50,191,N,CG,8.323711
tcr_26_1,D,A,S,T,50,187,N,CB,5.5496054
tcr_26_1,D,A,S,E,50,190,N,CB,7.183667
tcr_26_1,D,A,S,T,50,187,N,CA,5.8230247
tcr_26_1,D,A,S,E,50,190,N,CG,7.0407248
tcr_26_1,D,A,S,T,50,187,N,O,7.505994
tcr_26_1,D,A,S,W,50,191,N,N,8.986016
tcr_26_1,D,A,S,T,50,187,N,C,7.219508
tcr_26_1,D,A,S,W,50,191,N,CA,9.759803
tcr_26_1,D,A,S,W,50,191,N,CB,9.379737
tcr_26_1,D,A,S,T,50,187,N,N,6.0122857
tcr_26_1,D,A,S,E,50,190,N,CA,8.644323
tcr_26_1,D,A,S,E,50,190,N,N,8.982032
tcr_26_1,D,A,S,G,50,186,N,O,7.3417964
tcr_26_1,D,A,S,G,50,186,N,C,6.7194695
tcr_26_1,D,A,S,C,50,188,N,N,8.274351
tcr_26_1,D,A,S,C,50,188,N,CA,9.633944
tcr_26_1,D,A,S,A,50,182,N,O,7.9164095
tcr_26_1,D,A,S,A,50,182,N,C,8.541983
tcr_26_1,D,A,S,A,50,182,N,CB,9.080951
tcr_26_1,D,A,S,A,50,182,N,CA,9.392747
tcr_26_1,D,A,S,Y,50,183,N,CD2,8.647815
tcr_26_1,D,A,S,R,50,86,N,NE,9.027698
tcr_26_1,D,A,S,R,50,86,N,NH2,7.8658676
tcr_26_1,D,A,S,R,50,86,N,CZ,8.046298
tcr_26_1,D,A,S,Y,50,183,N,CB,9.251251
tcr_26_1,D,A,S,Y,50,183,N,CE2,9.188641
tcr_26_1,D,A,S,Y,50,183,N,CA,8.509584
tcr_26_1,D,A,S,Y,50,183,N,N,8.845046
tcr_26_1,D,A,S,Y,50,183,N,CG,9.490816
tcr_26_1,D,A,S,Y,50,183,N,O,8.670798
tcr_26_1,D,A,S,Y,50,183,N,C,9.154763
tcr_26_1,D,A,S,R,50,86,N,CD,9.850919
tcr_26_1,D,A,S,W,50,191,N,CH2,9.416193
tcr_26_1,D,A,S,K,50,90,N,NZ,9.630889
tcr_26_1,D,A,S,W,50,191,N,CE3,9.979472
tcr_26_1,D,A,S,E,50,185,CA,O,8.918551
tcr_26_1,D,A,S,G,50,186,CA,CA,6.301458
tcr_26_1,D,A,S,E,50,190,CA,OE1,5.0864367
tcr_26_1,D,A,S,E,50,185,CA,C,8.718822
tcr_26_1,D,A,S,G,50,186,CA,N,7.5848136
tcr_26_1,D,A,S,E,50,185,CA,CA,9.998761
tcr_26_1,D,A,S,E,50,190,CA,C,9.242253
tcr_26_1,D,A,S,E,50,190,CA,CD,5.155897
tcr_26_1,D,A,S,W,50,191,CA,CD2,9.549367
tcr_26_1,D,A,S,T,50,187,CA,OG1,4.721911
tcr_26_1,D,A,S,W,50,191,CA,CE2,8.604269
tcr_26_1,D,A,S,W,50,191,CA,CZ2,9.143994
tcr_26_1,D,A,S,W,50,191,CA,CD1,7.711348
tcr_26_1,D,A,S,R,50,86,CA,NH1,8.94048
tcr_26_1,D,A,S,T,50,187,CA,CG2,6.249668
tcr_26_1,D,A,S,E,50,190,CA,OE2,4.374833
tcr_26_1,D,A,S,W,50,191,CA,NE1,7.4141593
tcr_26_1,D,A,S,W,50,191,CA,CG,9.024693
tcr_26_1,D,A,S,T,50,187,CA,CB,5.799533
tcr_26_1,D,A,S,E,50,190,CA,CB,7.0300136
tcr_26_1,D,A,S,T,50,187,CA,CA,5.829976
tcr_26_1,D,A,S,E,50,190,CA,CG,6.587095
tcr_26_1,D,A,S,T,50,187,CA,O,7.697763
tcr_26_1,D,A,S,W,50,191,CA,N,9.20932
tcr_26_1,D,A,S,T,50,187,CA,C,7.2916126
tcr_26_1,D,A,S,W,50,191,CA,CB,9.927636
tcr_26_1,D,A,S,T,50,187,CA,N,5.669801
tcr_26_1,D,A,S,E,50,190,CA,CA,8.499897
tcr_26_1,D,A,S,E,50,190,CA,N,8.745638
tcr_26_1,D,A,S,G,50,186,CA,O,6.86629
tcr_26_1,D,A,S,G,50,186,CA,C,6.1711893
tcr_26_1,D,A,S,V,50,189,CA,N,9.811223
tcr_26_1,D,A,S,C,50,188,CA,N,8.263887
tcr_26_1,D,A,S,C,50,188,CA,CA,9.670088
tcr_26_1,D,A,S,A,50,182,CA,O,7.2230206
tcr_26_1,D,A,S,A,50,182,CA,C,7.9236026
tcr_26_1,D,A,S,A,50,182,CA,CB,8.370336
tcr_26_1,D,A,S,A,50,182,CA,CA,8.643223
tcr_26_1,D,A,S,Y,50,183,CA,CD2,8.947972
tcr_26_1,D,A,S,R,50,86,CA,NH2,9.243906
tcr_26_1,D,A,S,R,50,86,CA,CZ,9.477034
tcr_26_1,D,A,S,Y,50,183,CA,CB,9.211758
tcr_26_1,D,A,S,Y,50,183,CA,CE2,9.613169
tcr_26_1,D,A,S,Y,50,183,CA,CA,8.272333
tcr_26_1,D,A,S,Y,50,183,CA,N,8.431517
tcr_26_1,D,A,S,Y,50,183,CA,CG,9.611638
tcr_26_1,D,A,S,Y,50,183,CA,O,8.409407
tcr_26_1,D,A,S,Y,50,183,CA,C,8.852792
tcr_26_1,D,A,S,E,50,185,C,O,8.985662
tcr_26_1,D,A,S,G,50,186,C,CA,6.3572516
tcr_26_1,D,A,S,E,50,190,C,OE1,6.0444846
tcr_26_1,D,A,S,E,50,185,C,C,8.636723
tcr_26_1,D,A,S,G,50,186,C,N,7.4651303
tcr_26_1,D,A,S,E,50,185,C,CB,9.963445
tcr_26_1,D,A,S,E,50,185,C,CA,9.775395
tcr_26_1,D,A,S,E,50,190,C,CD,6.2532845
tcr_26_1,D,A,S,T,50,187,C,OG1,4.827632
tcr_26_1,D,A,S,W,50,191,C,CE2,9.771794
tcr_26_1,D,A,S,W,50,191,C,CD1,8.758867
tcr_26_1,D,A,S,R,50,86,C,NH1,9.541207
tcr_26_1,D,A,S,T,50,187,C,CG2,6.740889
tcr_26_1,D,A,S,E,50,190,C,OE2,5.6149545
tcr_26_1,D,A,S,W,50,191,C,NE1,8.533818
tcr_26_1,D,A,S,T,50,187,C,CB,6.0952635
tcr_26_1,D,A,S,E,50,190,C,CB,8.157362
tcr_26_1,D,A,S,T,50,187,C,CA,6.3097854
tcr_26_1,D,A,S,E,50,190,C,CG,7.6378107
tcr_26_1,D,A,S,T,50,187,C,O,8.435481
tcr_26_1,D,A,S,T,50,187,C,C,7.833882
tcr_26_1,D,A,S,T,50,187,C,N,5.9266996
tcr_26_1,D,A,S,E,50,190,C,CA,9.560451
tcr_26_1,D,A,S,E,50,190,C,N,9.618079
tcr_26_1,D,A,S,G,50,186,C,O,7.3831577
tcr_26_1,D,A,S,G,50,186,C,C,6.486666
tcr_26_1,D,A,S,C,50,188,C,N,8.631178
tcr_26_1,D,A,S,A,50,182,C,O,6.602405
tcr_26_1,D,A,S,A,50,182,C,C,7.137781
tcr_26_1,D,A,S,A,50,182,C,CB,7.199932
tcr_26_1,D,A,S,A,50,182,C,CA,7.667317
tcr_26_1,D,A,S,A,50,182,C,N,9.107982
tcr_26_1,D,A,S,Y,50,183,C,CD2,8.795969
tcr_26_1,D,A,S,R,50,86,C,NH2,9.500842
tcr_26_1,D,A,S,R,50,86,C,CZ,9.896763
tcr_26_1,D,A,S,Y,50,183,C,CB,8.692351
tcr_26_1,D,A,S,Q,50,179,C,O,9.500001
tcr_26_1,D,A,S,Y,50,183,C,CE2,9.652794
tcr_26_1,D,A,S,Y,50,183,C,CA,7.7584763
tcr_26_1,D,A,S,Y,50,183,C,N,7.689823
tcr_26_1,D,A,S,Y,50,183,C,CG,9.310882
tcr_26_1,D,A,S,Y,50,183,C,O,8.284878
tcr_26_1,D,A,S,Y,50,183,C,C,8.521164
tcr_26_1,D,A,S,R,50,181,C,C,9.959322
tcr_26_1,D,A,S,R,50,181,C,O,9.739027
tcr_26_1,D,A,S,E,50,185,C,N,9.827333
tcr_26_1,D,A,S,L,50,184,C,N,9.642289
tcr_26_1,D,A,S,E,50,185,O,O,9.087474
tcr_26_1,D,A,S,G,50,186,O,CA,6.649124
tcr_26_1,D,A,S,E,50,190,O,OE1,6.25596
tcr_26_1,D,A,S,E,50,185,O,C,8.786234
tcr_26_1,D,A,S,G,50,186,O,N,7.7016983
tcr_26_1,D,A,S,E,50,185,O,CB,9.908186
tcr_26_1,D,A,S,E,50,185,O,CA,9.898501
tcr_26_1,D,A,S,E,50,190,O,CD,6.693301
tcr_26_1,D,A,S,T,50,187,O,OG1,5.866755
tcr_26_1,D,A,S,W,50,191,O,CD1,9.856732
tcr_26_1,D,A,S,T,50,187,O,CG2,7.874138
tcr_26_1,D,A,S,E,50,190,O,OE2,6.234746
tcr_26_1,D,A,S,W,50,191,O,NE1,9.667373
tcr_26_1,D,A,S,T,50,187,O,CB,7.115156
tcr_26_1,D,A,S,E,50,190,O,CB,8.820459
tcr_26_1,D,A,S,T,50,187,O,CA,7.212992
tcr_26_1,D,A,S,E,50,190,O,CG,8.112421
tcr_26_1,D,A,S,T,50,187,O,O,9.367556
tcr_26_1,D,A,S,T,50,187,O,C,8.72749
tcr_26_1,D,A,S,T,50,187,O,N,6.6396575
tcr_26_1,D,A,S,G,50,186,O,O,7.9413633
tcr_26_1,D,A,S,G,50,186,O,C,7.027582
tcr_26_1,D,A,S,C,50,188,O,N,9.462747
tcr_26_1,D,A,S,A,50,182,O,O,6.855214
tcr_26_1,D,A,S,A,50,182,O,C,7.373941
tcr_26_1,D,A,S,A,50,182,O,CB,7.1449857
tcr_26_1,D,A,S,A,50,182,O,CA,7.6789384
tcr_26_1,D,A,S,A,50,182,O,N,9.128652
tcr_26_1,D,A,S,Y,50,183,O,CD2,9.724125
tcr_26_1,D,A,S,Y,50,183,O,CB,9.368534
tcr_26_1,D,A,S,Q,50,179,O,O,9.802968
tcr_26_1,D,A,S,Y,50,183,O,CA,8.345543
tcr_26_1,D,A,S,Y,50,183,O,N,8.084729
tcr_26_1,D,A,S,Y,50,183,O,O,8.927243
tcr_26_1,D,A,S,Y,50,183,O,C,9.091054
tcr_26_1,D,A,S,R,50,181,O,O,9.830292
tcr_26_1,D,A,S,E,50,185,CB,O,7.5392714
tcr_26_1,D,A,S,R,50,193,CB,NH1,9.988623
tcr_26_1,D,A,S,G,50,186,CB,CA,4.971434
tcr_26_1,D,A,S,E,50,190,CB,OE1,3.7774866
tcr_26_1,D,A,S,E,50,185,CB,C,7.4170732
tcr_26_1,D,A,S,G,50,186,CB,N,6.3338704
tcr_26_1,D,A,S,E,50,185,CB,CB,9.242534
tcr_26_1,D,A,S,E,50,185,CB,CA,8.7689705
tcr_26_1,D,A,S,E,50,190,CB,O,8.843881
tcr_26_1,D,A,S,V,50,189,CB,O,9.512167
tcr_26_1,D,A,S,E,50,190,CB,C,7.960431
tcr_26_1,D,A,S,E,50,190,CB,CD,3.7844698
tcr_26_1,D,A,S,W,50,191,CB,CD2,8.89039
tcr_26_1,D,A,S,T,50,187,CB,OG1,4.1613116
tcr_26_1,D,A,S,W,50,191,CB,CE2,8.124201
tcr_26_1,D,A,S,W,50,191,CB,CZ2,8.856478
tcr_26_1,D,A,S,W,50,191,CB,CD1,6.930453
tcr_26_1,D,A,S,R,50,86,CB,NH1,9.659592
tcr_26_1,D,A,S,T,50,187,CB,CG2,5.6289005
tcr_26_1,D,A,S,E,50,190,CB,OE2,3.1123083
tcr_26_1,D,A,S,W,50,191,CB,NE1,6.874098
tcr_26_1,D,A,S,W,50,191,CB,CG,8.19753
tcr_26_1,D,A,S,T,50,187,CB,CB,5.0032635
tcr_26_1,D,A,S,E,50,190,CB,CB,5.674888
tcr_26_1,D,A,S,T,50,187,CB,CA,4.6972256
tcr_26_1,D,A,S,E,50,190,CB,CG,5.162648
tcr_26_1,D,A,S,T,50,187,CB,O,6.515708
tcr_26_1,D,A,S,W,50,191,CB,N,7.986802
tcr_26_1,D,A,S,T,50,187,CB,C,6.109656
tcr_26_1,D,A,S,W,50,191,CB,CA,9.051606
tcr_26_1,D,A,S,W,50,191,CB,CB,8.938626
tcr_26_1,D,A,S,T,50,187,CB,N,4.434334
tcr_26_1,D,A,S,E,50,190,CB,CA,7.109012
tcr_26_1,D,A,S,E,50,190,CB,N,7.2869525
tcr_26_1,D,A,S,G,50,186,CB,O,5.3953757
tcr_26_1,D,A,S,G,50,186,CB,C,4.774066
tcr_26_1,D,A,S,V,50,189,CB,CG1,9.491472
tcr_26_1,D,A,S,L,50,184,CB,C,9.370757
tcr_26_1,D,A,S,L,50,184,CB,O,9.588827
tcr_26_1,D,A,S,V,50,189,CB,CB,8.867601
tcr_26_1,D,A,S,V,50,189,CB,CG2,9.843706
tcr_26_1,D,A,S,V,50,189,CB,N,8.3984375
tcr_26_1,D,A,S,V,50,189,CB,CA,8.946238
tcr_26_1,D,A,S,V,50,189,CB,C,8.543691
tcr_26_1,D,A,S,C,50,188,CB,N,7.0819225
tcr_26_1,D,A,S,C,50,188,CB,C,8.755631
tcr_26_1,D,A,S,C,50,188,CB,CB,9.438669
tcr_26_1,D,A,S,C,50,188,CB,CA,8.462627
tcr_26_1,D,A,S,C,50,188,CB,O,9.493946
tcr_26_1,D,A,S,A,50,182,CB,O,6.4301786
tcr_26_1,D,A,S,A,50,182,CB,C,7.303501
tcr_26_1,D,A,S,A,50,182,CB,CB,8.149754
tcr_26_1,D,A,S,A,50,182,CB,CA,8.150206
tcr_26_1,D,A,S,A,50,182,CB,N,9.55452
tcr_26_1,D,A,S,Y,50,183,CB,CD2,8.385074
tcr_26_1,D,A,S,Y,50,183,CB,CB,8.675314
tcr_26_1,D,A,S,Y,50,183,CB,CE2,8.985881
tcr_26_1,D,A,S,Y,50,183,CB,CA,7.607124
tcr_26_1,D,A,S,Y,50,183,CB,N,7.8663626
tcr_26_1,D,A,S,Y,50,183,CB,CG,8.9907675
tcr_26_1,D,A,S,Y,50,183,CB,O,7.3807573
tcr_26_1,D,A,S,Y,50,183,CB,C,7.952898
tcr_26_1,D,A,S,R,50,181,CB,O,9.604424
tcr_26_1,D,A,S,E,50,185,CB,N,8.967703
tcr_26_1,D,A,S,L,50,184,CB,CA,9.858959
tcr_26_1,D,A,S,L,50,184,CB,N,9.109313
tcr_26_1,D,A,S,E,50,185,OG,O,7.1233497
tcr_26_1,D,A,S,G,50,186,OG,CA,4.3904862
tcr_26_1,D,A,S,E,50,190,OG,OE1,4.3150945
tcr_26_1,D,A,S,E,50,185,OG,C,6.8492284
tcr_26_1,D,A,S,G,50,186,OG,N,5.669243
tcr_26_1,D,A,S,E,50,185,OG,CB,8.750159
tcr_26_1,D,A,S,E,50,185,OG,CA,8.126081
tcr_26_1,D,A,S,E,50,190,OG,O,8.412041
tcr_26_1,D,A,S,V,50,189,OG,O,8.906308
tcr_26_1,D,A,S,E,50,190,OG,C,7.4174376
tcr_26_1,D,A,S,E,50,190,OG,CD,4.010623
tcr_26_1,D,A,S,W,50,191,OG,CD2,8.115237
tcr_26_1,D,A,S,T,50,187,OG,OG1,2.7995381
tcr_26_1,D,A,S,W,50,191,OG,CE2,7.431887
tcr_26_1,D,A,S,W,50,191,OG,CZ2,8.292737
tcr_26_1,D,A,S,W,50,191,OG,CD1,6.0242233
tcr_26_1,D,A,S,R,50,86,OG,NH1,9.2995205
tcr_26_1,D,A,S,T,50,187,OG,CG2,4.311938
tcr_26_1,D,A,S,E,50,190,OG,OE2,3.2612214
tcr_26_1,D,A,S,W,50,191,OG,NE1,6.106681
tcr_26_1,D,A,S,W,50,191,OG,CG,7.309384
tcr_26_1,D,A,S,T,50,187,OG,CB,3.6075363
tcr_26_1,D,A,S,E,50,190,OG,CB,5.347471
tcr_26_1,D,A,S,T,50,187,OG,CA,3.4216106
tcr_26_1,D,A,S,E,50,190,OG,CG,5.112051
tcr_26_1,D,A,S,T,50,187,OG,O,5.400538
tcr_26_1,D,A,S,W,50,191,OG,N,7.2426167
tcr_26_1,D,A,S,T,50,187,OG,C,4.8942833
tcr_26_1,D,A,S,W,50,191,OG,CA,8.260319
tcr_26_1,D,A,S,W,50,191,OG,CB,7.9938927
tcr_26_1,D,A,S,T,50,187,OG,N,3.297026
tcr_26_1,D,A,S,E,50,190,OG,CA,6.665838
tcr_26_1,D,A,S,E,50,190,OG,N,6.674652
tcr_26_1,D,A,S,G,50,186,OG,O,4.635342
tcr_26_1,D,A,S,G,50,186,OG,C,3.928172
tcr_26_1,D,A,S,V,50,189,OG,CG1,9.040987
tcr_26_1,D,A,S,L,50,184,OG,C,8.407773
tcr_26_1,D,A,S,L,50,184,OG,O,8.638807
tcr_26_1,D,A,S,V,50,189,OG,CB,8.229778
tcr_26_1,D,A,S,V,50,189,OG,CG2,9.134563
tcr_26_1,D,A,S,V,50,189,OG,N,7.450417
tcr_26_1,D,A,S,V,50,189,OG,CA,8.172404
tcr_26_1,D,A,S,V,50,189,OG,C,7.882533
tcr_26_1,D,A,S,C,50,188,OG,N,5.8411264
tcr_26_1,D,A,S,C,50,188,OG,C,7.688157
tcr_26_1,D,A,S,C,50,188,OG,CB,8.202326
tcr_26_1,D,A,S,C,50,188,OG,CA,7.2486577
tcr_26_1,D,A,S,C,50,188,OG,SG,9.946381
tcr_26_1,D,A,S,C,50,188,OG,O,8.458965
tcr_26_1,D,A,S,L,50,192,OG,N,9.810106
tcr_26_1,D,A,S,W,50,191,OG,C,9.619162
tcr_26_1,D,A,S,A,50,182,OG,O,5.626497
tcr_26_1,D,A,S,A,50,182,OG,C,6.475955
tcr_26_1,D,A,S,A,50,182,OG,CB,7.611269
tcr_26_1,D,A,S,A,50,182,OG,CA,7.513281
tcr_26_1,D,A,S,A,50,182,OG,N,8.853423
tcr_26_1,D,A,S,Y,50,183,OG,CD2,7.0094795
tcr_26_1,D,A,S,R,50,86,OG,NH2,9.78953
tcr_26_1,D,A,S,R,50,86,OG,CZ,9.798254
tcr_26_1,D,A,S,Y,50,183,OG,CB,7.438844
tcr_26_1,D,A,S,Q,50,179,OG,O,9.340603
tcr_26_1,D,A,S,Y,50,183,OG,CE2,7.5873313
tcr_26_1,D,A,S,Y,50,183,OG,CA,6.4408174
tcr_26_1,D,A,S,Y,50,183,OG,N,6.872257
tcr_26_1,D,A,S,Y,50,183,OG,CD1,8.749751
tcr_26_1,D,A,S,Y,50,183,OG,CG,7.6559486
tcr_26_1,D,A,S,Y,50,183,OG,CZ,8.689477
tcr_26_1,D,A,S,Y,50,183,OG,OH,9.456642
tcr_26_1,D,A,S,Y,50,183,OG,CE1,9.223286
tcr_26_1,D,A,S,Y,50,183,OG,O,6.1731386
tcr_26_1,D,A,S,Y,50,183,OG,C,6.7802887
tcr_26_1,D,A,S,R,50,181,OG,C,9.360084
tcr_26_1,D,A,S,R,50,181,OG,O,8.839167
tcr_26_1,D,A,S,E,50,185,OG,N,8.138239
tcr_26_1,D,A,S,L,50,184,OG,CA,8.766006
tcr_26_1,D,A,S,L,50,184,OG,N,7.99621
tcr_26_1,D,A,S,W,50,191,OG,CH2,9.64637
tcr_26_1,D,A,S,K,50,90,OG,NZ,9.844058
tcr_26_1,D,A,S,W,50,191,OG,CE3,9.503326
tcr_26_1,D,A,D,E,51,185,N,O,9.303802
tcr_26_1,D,A,D,G,51,186,N,CA,6.575744
tcr_26_1,D,A,D,E,51,190,N,OE1,6.9763627
tcr_26_1,D,A,D,E,51,185,N,C,8.792998
tcr_26_1,D,A,D,G,51,186,N,N,7.540477
tcr_26_1,D,A,D,E,51,185,N,CA,9.805225
tcr_26_1,D,A,D,E,51,190,N,CD,7.0269566
tcr_26_1,D,A,D,T,51,187,N,OG1,4.2125516
tcr_26_1,D,A,D,W,51,191,N,CE2,9.661277
tcr_26_1,D,A,D,W,51,191,N,CD1,8.634097
tcr_26_1,D,A,D,R,51,86,N,NH1,9.008674
tcr_26_1,D,A,D,T,51,187,N,CG2,6.1968436
tcr_26_1,D,A,D,E,51,190,N,OE2,6.3023014
tcr_26_1,D,A,D,W,51,191,N,NE1,8.410187
tcr_26_1,D,A,D,W,51,191,N,CG,9.977586
tcr_26_1,D,A,D,T,51,187,N,CB,5.5895514
tcr_26_1,D,A,D,E,51,190,N,CB,8.644326
tcr_26_1,D,A,D,T,51,187,N,CA,6.113335
tcr_26_1,D,A,D,E,51,190,N,CG,8.299676
tcr_26_1,D,A,D,T,51,187,N,O,8.31483
tcr_26_1,D,A,D,T,51,187,N,C,7.631555
tcr_26_1,D,A,D,T,51,187,N,N,5.8288307
tcr_26_1,D,A,D,E,51,190,N,CA,9.9800625
tcr_26_1,D,A,D,E,51,190,N,N,9.932868
tcr_26_1,D,A,D,G,51,186,N,O,7.597046
tcr_26_1,D,A,D,G,51,186,N,C,6.6133027
tcr_26_1,D,A,D,C,51,188,N,N,8.341637
tcr_26_1,D,A,D,C,51,188,N,CA,9.798295
tcr_26_1,D,A,D,Q,51,179,N,C,9.551978
tcr_26_1,D,A,D,A,51,182,N,O,6.2448997
tcr_26_1,D,A,D,A,51,182,N,C,6.6014132
tcr_26_1,D,A,D,A,51,182,N,CB,6.600166
tcr_26_1,D,A,D,A,51,182,N,CA,7.182759
tcr_26_1,D,A,D,A,51,182,N,N,8.571016
tcr_26_1,D,A,D,E,51,178,N,O,9.86393
tcr_26_1,D,A,D,Q,51,179,N,CA,9.594986
tcr_26_1,D,A,D,Q,51,179,N,CG,9.882693
tcr_26_1,D,A,D,Y,51,183,N,CD2,7.8940425
tcr_26_1,D,A,D,Q,51,179,N,NE2,9.677874
tcr_26_1,D,A,D,R,51,86,N,NH2,8.7685
tcr_26_1,D,A,D,R,51,86,N,CZ,9.211595
tcr_26_1,D,A,D,Y,51,183,N,CB,7.782854
tcr_26_1,D,A,D,Q,51,179,N,O,8.553049
tcr_26_1,D,A,D,Y,51,183,N,CE2,8.811862
tcr_26_1,D,A,D,Y,51,183,N,CA,7.0130024
tcr_26_1,D,A,D,Y,51,183,N,N,6.9681926
tcr_26_1,D,A,D,Y,51,183,N,CD1,9.756341
tcr_26_1,D,A,D,Y,51,183,N,CG,8.426077
tcr_26_1,D,A,D,Y,51,183,N,O,7.8247538
tcr_26_1,D,A,D,Y,51,183,N,C,7.952281
tcr_26_1,D,A,D,R,51,181,N,C,9.488734
tcr_26_1,D,A,D,R,51,181,N,O,9.373901
tcr_26_1,D,A,D,E,51,185,N,N,9.658247
tcr_26_1,D,A,D,L,51,184,N,N,9.100431
tcr_26_1,D,A,D,E,51,185,CA,O,9.677222
tcr_26_1,D,A,D,G,51,186,CA,CA,7.0509434
tcr_26_1,D,A,D,E,51,190,CA,OE1,8.102809
tcr_26_1,D,A,D,E,51,185,CA,C,9.035104
tcr_26_1,D,A,D,G,51,186,CA,N,7.7928324
tcr_26_1,D,A,D,E,51,185,CA,CB,9.936668
tcr_26_1,D,A,D,E,51,185,CA,CA,9.867243
tcr_26_1,D,A,D,E,51,190,CA,CD,8.228569
tcr_26_1,D,A,D,T,51,187,CA,OG1,4.8546734
tcr_26_1,D,A,D,W,51,191,CA,CD1,9.756957
tcr_26_1,D,A,D,R,51,86,CA,NH1,9.800842
tcr_26_1,D,A,D,T,51,187,CA,CG2,6.979188
tcr_26_1,D,A,D,E,51,190,CA,OE2,7.597041
tcr_26_1,D,A,D,W,51,191,CA,NE1,9.59578
tcr_26_1,D,A,D,T,51,187,CA,CB,6.254262
tcr_26_1,D,A,D,E,51,190,CA,CB,9.83134
tcr_26_1,D,A,D,T,51,187,CA,CA,6.9084263
tcr_26_1,D,A,D,E,51,190,CA,CG,9.447603
tcr_26_1,D,A,D,T,51,187,CA,O,9.20915
tcr_26_1,D,A,D,T,51,187,CA,C,8.39421
tcr_26_1,D,A,D,T,51,187,CA,N,6.4776998
tcr_26_1,D,A,D,G,51,186,CA,O,8.372284
tcr_26_1,D,A,D,G,51,186,CA,C,7.277397
tcr_26_1,D,A,D,C,51,188,CA,N,8.924523
tcr_26_1,D,A,D,R,51,180,CA,N,9.801513
tcr_26_1,D,A,D,Q,51,179,CA,C,8.531799
tcr_26_1,D,A,D,A,51,182,CA,O,6.0129666
tcr_26_1,D,A,D,A,51,182,CA,C,6.1187067
tcr_26_1,D,A,D,A,51,182,CA,CB,5.637774
tcr_26_1,D,A,D,A,51,182,CA,CA,6.4705844
tcr_26_1,D,A,D,A,51,182,CA,N,7.8049
tcr_26_1,D,A,D,E,51,178,CA,O,8.752217
tcr_26_1,D,A,D,E,51,178,CA,C,9.5446415
tcr_26_1,D,A,D,Q,51,179,CA,CA,8.414196
tcr_26_1,D,A,D,Q,51,179,CA,N,9.450916
tcr_26_1,D,A,D,Q,51,179,CA,CB,8.8692665
tcr_26_1,D,A,D,Q,51,179,CA,CG,8.57731
tcr_26_1,D,A,D,Y,51,183,CA,CD2,7.946278
tcr_26_1,D,A,D,Q,51,179,CA,CD,9.023581
tcr_26_1,D,A,D,Q,51,179,CA,NE2,8.416482
tcr_26_1,D,A,D,R,51,86,CA,NH2,9.261629
tcr_26_1,D,A,D,R,51,86,CA,CZ,9.831359
tcr_26_1,D,A,D,Y,51,183,CA,CB,7.4500985
tcr_26_1,D,A,D,Q,51,179,CA,O,7.6312747
tcr_26_1,D,A,D,Y,51,183,CA,CE2,9.023686
tcr_26_1,D,A,D,Y,51,183,CA,CA,6.7564597
tcr_26_1,D,A,D,Y,51,183,CA,N,6.466269
tcr_26_1,D,A,D,Y,51,183,CA,CD1,9.65954
tcr_26_1,D,A,D,Y,51,183,CA,CG,8.305079
tcr_26_1,D,A,D,Y,51,183,CA,O,7.9720325
tcr_26_1,D,A,D,Y,51,183,CA,C,7.8742146
tcr_26_1,D,A,D,R,51,181,CA,C,8.85543
tcr_26_1,D,A,D,R,51,181,CA,O,8.917628
tcr_26_1,D,A,D,E,51,185,CA,N,9.625815
tcr_26_1,D,A,D,L,51,184,CA,N,8.920526
tcr_26_1,D,A,D,R,51,180,CA,O,9.698876
tcr_26_1,D,A,D,R,51,180,CA,C,9.98572
tcr_26_1,D,A,D,G,51,186,C,CA,8.502228
tcr_26_1,D,A,D,E,51,190,C,OE1,9.429646
tcr_26_1,D,A,D,G,51,186,C,N,9.210052
tcr_26_1,D,A,D,E,51,190,C,CD,9.492913
tcr_26_1,D,A,D,T,51,187,C,OG1,5.724074
tcr_26_1,D,A,D,R,51,86,C,NH1,9.240247
tcr_26_1,D,A,D,T,51,187,C,CG2,7.6220407
tcr_26_1,D,A,D,E,51,190,C,OE2,8.750135
tcr_26_1,D,A,D,T,51,187,C,CB,7.1216326
tcr_26_1,D,A,D,T,51,187,C,CA,7.9826517
tcr_26_1,D,A,D,T,51,187,C,C,9.430759
tcr_26_1,D,A,D,T,51,187,C,N,7.7262783
tcr_26_1,D,A,D,G,51,186,C,O,9.707892
tcr_26_1,D,A,D,G,51,186,C,C,8.631922
tcr_26_1,D,A,D,C,51,188,C,N,9.970032
tcr_26_1,D,A,D,Q,51,179,C,C,8.845035
tcr_26_1,D,A,D,A,51,182,C,O,7.2533107
tcr_26_1,D,A,D,A,51,182,C,C,7.191244
tcr_26_1,D,A,D,A,51,182,C,CB,6.465053
tcr_26_1,D,A,D,A,51,182,C,CA,7.4837403
tcr_26_1,D,A,D,A,51,182,C,N,8.710824
tcr_26_1,D,A,D,E,51,178,C,O,9.280875
tcr_26_1,D,A,D,E,51,178,C,C,9.918227
tcr_26_1,D,A,D,Q,51,179,C,CA,8.566406
tcr_26_1,D,A,D,Q,51,179,C,N,9.65337
tcr_26_1,D,A,D,Q,51,179,C,CB,8.775244
tcr_26_1,D,A,D,Q,51,179,C,CG,8.279226
tcr_26_1,D,A,D,Y,51,183,C,CD2,8.460102
tcr_26_1,D,A,D,R,51,86,C,NE,9.935254
tcr_26_1,D,A,D,Q,51,179,C,CD,8.511062
tcr_26_1,D,A,D,Q,51,179,C,NE2,7.720917
tcr_26_1,D,A,D,Q,51,179,C,OE1,9.542309
tcr_26_1,D,A,D,R,51,86,C,NH2,8.398591
tcr_26_1,D,A,D,R,51,86,C,CZ,9.122604
tcr_26_1,D,A,D,Y,51,183,C,CB,8.064996
tcr_26_1,D,A,D,Q,51,179,C,O,8.040726
tcr_26_1,D,A,D,Y,51,183,C,CE2,9.516643
tcr_26_1,D,A,D,Y,51,183,C,CA,7.62303
tcr_26_1,D,A,D,Y,51,183,C,N,7.352551
tcr_26_1,D,A,D,Y,51,183,C,CG,8.893728
tcr_26_1,D,A,D,Y,51,183,C,O,9.042909
tcr_26_1,D,A,D,Y,51,183,C,C,8.877954
tcr_26_1,D,A,D,R,51,181,C,C,9.838597
tcr_26_1,D,A,D,L,51,184,C,N,9.925662
tcr_26_1,D,A,D,G,51,186,O,CA,8.951055
tcr_26_1,D,A,D,E,51,190,O,OE1,9.856924
tcr_26_1,D,A,D,G,51,186,O,N,9.6698675
tcr_26_1,D,A,D,E,51,190,O,CD,9.770496
tcr_26_1,D,A,D,T,51,187,O,OG1,5.517828
tcr_26_1,D,A,D,W,51,191,O,CD1,9.961746
tcr_26_1,D,A,D,R,51,86,O,NH1,8.218119
tcr_26_1,D,A,D,T,51,187,O,CG2,7.145826
tcr_26_1,D,A,D,E,51,190,O,OE2,8.914447
tcr_26_1,D,A,D,W,51,191,O,NE1,9.574763
tcr_26_1,D,A,D,T,51,187,O,CB,6.8619046
tcr_26_1,D,A,D,T,51,187,O,CA,7.894606
tcr_26_1,D,A,D,T,51,187,O,O,9.9866295
tcr_26_1,D,A,D,T,51,187,O,C,9.278046
tcr_26_1,D,A,D,T,51,187,O,N,7.8534465
tcr_26_1,D,A,D,G,51,186,O,O,9.912605
tcr_26_1,D,A,D,G,51,186,O,C,8.88548
tcr_26_1,D,A,D,C,51,188,O,N,9.844274
tcr_26_1,D,A,D,Q,51,179,O,C,9.035205
tcr_26_1,D,A,D,A,51,182,O,O,7.7149987
tcr_26_1,D,A,D,A,51,182,O,C,7.626246
tcr_26_1,D,A,D,A,51,182,O,CB,7.1235805
tcr_26_1,D,A,D,A,51,182,O,CA,8.082223
tcr_26_1,D,A,D,A,51,182,O,N,9.246879
tcr_26_1,D,A,D,E,51,178,O,O,9.851336
tcr_26_1,D,A,D,Q,51,179,O,CA,8.833493
tcr_26_1,D,A,D,Q,51,179,O,CB,8.875016
tcr_26_1,D,A,D,Q,51,179,O,CG,8.403048
tcr_26_1,D,A,D,Y,51,183,O,CD2,8.027127
tcr_26_1,D,A,D,R,51,86,O,NE,8.778347
tcr_26_1,D,A,D,Q,51,179,O,CD,8.435824
tcr_26_1,D,A,D,Q,51,179,O,NE2,7.573518
tcr_26_1,D,A,D,Q,51,179,O,OE1,9.378221
tcr_26_1,D,A,D,R,51,86,O,NH2,7.286545
tcr_26_1,D,A,D,R,51,86,O,CZ,8.014462
tcr_26_1,D,A,D,Y,51,183,O,CB,7.921625
tcr_26_1,D,A,D,Q,51,179,O,O,8.203084
tcr_26_1,D,A,D,Y,51,183,O,CE2,8.995014
tcr_26_1,D,A,D,Y,51,183,O,CA,7.673117
tcr_26_1,D,A,D,Y,51,183,O,N,7.5911083
tcr_26_1,D,A,D,Y,51,183,O,CG,8.600995
tcr_26_1,D,A,D,Y,51,183,O,O,9.089777
tcr_26_1,D,A,D,Y,51,183,O,C,8.962058
tcr_26_1,D,A,D,K,51,90,O,NZ,9.495971
tcr_26_1,D,A,D,K,51,90,O,CE,9.46076
tcr_26_1,D,A,D,E,51,185,CB,O,8.887398
tcr_26_1,D,A,D,G,51,186,CB,CA,6.326719
tcr_26_1,D,A,D,E,51,190,CB,OE1,8.265197
tcr_26_1,D,A,D,E,51,185,CB,C,8.103955
tcr_26_1,D,A,D,G,51,186,CB,N,6.849387
tcr_26_1,D,A,D,E,51,185,CB,CB,8.879365
tcr_26_1,D,A,D,E,51,185,CB,CA,8.783329
tcr_26_1,D,A,D,E,51,190,CB,CD,8.318124
tcr_26_1,D,A,D,T,51,187,CB,OG1,4.216874
tcr_26_1,D,A,D,W,51,191,CB,CD1,9.542092
tcr_26_1,D,A,D,T,51,187,CB,CG2,6.4472256
tcr_26_1,D,A,D,E,51,190,CB,OE2,7.7711883
tcr_26_1,D,A,D,W,51,191,CB,NE1,9.569795
tcr_26_1,D,A,D,T,51,187,CB,CB,5.5338693
tcr_26_1,D,A,D,E,51,190,CB,CB,9.68448
tcr_26_1,D,A,D,T,51,187,CB,CA,6.2589564
tcr_26_1,D,A,D,E,51,190,CB,CG,9.360682
tcr_26_1,D,A,D,T,51,187,CB,O,8.606691
tcr_26_1,D,A,D,T,51,187,CB,C,7.660037
tcr_26_1,D,A,D,T,51,187,CB,N,5.725381
tcr_26_1,D,A,D,G,51,186,CB,O,7.7504277
tcr_26_1,D,A,D,G,51,186,CB,C,6.5834165
tcr_26_1,D,A,D,L,51,184,CB,C,8.922091
tcr_26_1,D,A,D,L,51,184,CB,O,9.707609
tcr_26_1,D,A,D,C,51,188,CB,N,7.9972444
tcr_26_1,D,A,D,C,51,188,CB,CB,9.742681
tcr_26_1,D,A,D,C,51,188,CB,CA,9.414576
tcr_26_1,D,A,D,R,51,180,CB,N,8.365869
tcr_26_1,D,A,D,Q,51,179,CB,C,7.124172
tcr_26_1,D,A,D,A,51,182,CB,O,4.739846
tcr_26_1,D,A,D,A,51,182,CB,C,4.7076616
tcr_26_1,D,A,D,A,51,182,CB,CB,4.372434
tcr_26_1,D,A,D,A,51,182,CB,CA,5.139599
tcr_26_1,D,A,D,A,51,182,CB,N,6.4275637
tcr_26_1,D,A,D,E,51,178,CB,O,7.517463
tcr_26_1,D,A,D,E,51,178,CB,C,8.333399
tcr_26_1,D,A,D,Q,51,179,CB,CA,7.147216
tcr_26_1,D,A,D,Q,51,179,CB,N,8.23168
tcr_26_1,D,A,D,E,51,178,CB,CA,9.751978
tcr_26_1,D,A,D,Q,51,179,CB,CB,7.680897
tcr_26_1,D,A,D,Q,51,179,CB,CG,7.583919
tcr_26_1,D,A,D,Y,51,183,CB,CD2,6.759763
tcr_26_1,D,A,D,Q,51,179,CB,CD,8.120456
tcr_26_1,D,A,D,Q,51,179,CB,NE2,7.6836724
tcr_26_1,D,A,D,Q,51,179,CB,OE1,9.099259
tcr_26_1,D,A,D,R,51,86,CB,NH2,9.850969
tcr_26_1,D,A,D,Y,51,183,CB,CB,6.0050874
tcr_26_1,D,A,D,Q,51,179,CB,O,6.169101
tcr_26_1,D,A,D,Y,51,183,CB,CE2,7.9418397
tcr_26_1,D,A,D,Y,51,183,CB,CA,5.311441
tcr_26_1,D,A,D,Y,51,183,CB,N,4.9656386
tcr_26_1,D,A,D,Y,51,183,CB,CD1,8.297267
tcr_26_1,D,A,D,Y,51,183,CB,CG,6.96309
tcr_26_1,D,A,D,Y,51,183,CB,CZ,9.128458
tcr_26_1,D,A,D,Y,51,183,CB,CE1,9.288764
tcr_26_1,D,A,D,Y,51,183,CB,O,6.727384
tcr_26_1,D,A,D,Y,51,183,CB,C,6.5008173
tcr_26_1,D,A,D,R,51,181,CB,C,7.4636126
tcr_26_1,D,A,D,R,51,181,CB,O,7.5606303
tcr_26_1,D,A,D,E,51,185,CB,OE2,9.727684
tcr_26_1,D,A,D,R,51,181,CB,CA,8.780648
tcr_26_1,D,A,D,R,51,181,CB,CB,9.584855
tcr_26_1,D,A,D,R,51,181,CB,N,8.769453
tcr_26_1,D,A,D,E,51,185,CB,N,8.395
tcr_26_1,D,A,D,L,51,184,CB,CB,9.8858
tcr_26_1,D,A,D,L,51,184,CB,CA,8.797798
tcr_26_1,D,A,D,L,51,184,CB,N,7.5016823
tcr_26_1,D,A,D,R,51,180,CB,O,8.17936
tcr_26_1,D,A,D,R,51,180,CB,C,8.476434
tcr_26_1,D,A,D,R,51,180,CB,CA,8.81259
tcr_26_1,D,A,D,E,51,185,CG,O,7.4851036
tcr_26_1,D,A,D,G,51,186,CG,CA,5.036481
tcr_26_1,D,A,D,E,51,190,CG,OE1,7.334523
tcr_26_1,D,A,D,E,51,185,CG,C,6.728149
tcr_26_1,D,A,D,G,51,186,CG,N,5.519112
tcr_26_1,D,A,D,E,51,185,CG,CB,7.473899
tcr_26_1,D,A,D,E,51,185,CG,CA,7.439901
tcr_26_1,D,A,D,E,51,190,CG,CD,7.500598
tcr_26_1,D,A,D,T,51,187,CG,OG1,4.191926
tcr_26_1,D,A,D,W,51,191,CG,CD1,9.47797
tcr_26_1,D,A,D,T,51,187,CG,CG2,6.5347953
tcr_26_1,D,A,D,E,51,190,CG,OE2,7.1572556
tcr_26_1,D,A,D,W,51,191,CG,NE1,9.675098
tcr_26_1,D,A,D,T,51,187,CG,CB,5.3608813
tcr_26_1,D,A,D,E,51,190,CG,CB,8.957047
tcr_26_1,D,A,D,T,51,187,CG,CA,5.74423
tcr_26_1,D,A,D,E,51,190,CG,CG,8.475082
tcr_26_1,D,A,D,T,51,187,CG,O,8.131251
tcr_26_1,D,A,D,T,51,187,CG,C,7.125706
tcr_26_1,D,A,D,T,51,187,CG,N,4.901024
tcr_26_1,D,A,D,E,51,190,CG,N,9.553786
tcr_26_1,D,A,D,G,51,186,CG,O,6.738327
tcr_26_1,D,A,D,G,51,186,CG,C,5.5364337
tcr_26_1,D,A,D,L,51,184,CG,C,7.8501844
tcr_26_1,D,A,D,L,51,184,CG,O,8.622356
tcr_26_1,D,A,D,V,51,189,CG,CB,9.912592
tcr_26_1,D,A,D,V,51,189,CG,N,9.274626
tcr_26_1,D,A,D,C,51,188,CG,N,7.3918552
tcr_26_1,D,A,D,C,51,188,CG,C,9.625473
tcr_26_1,D,A,D,C,51,188,CG,CB,9.104564
tcr_26_1,D,A,D,C,51,188,CG,CA,8.814299
tcr_26_1,D,A,D,R,51,180,CG,N,8.275842
tcr_26_1,D,A,D,Q,51,179,CG,C,7.1087403
tcr_26_1,D,A,D,A,51,182,CG,O,3.573138
tcr_26_1,D,A,D,A,51,182,CG,C,3.7770612
tcr_26_1,D,A,D,A,51,182,CG,CB,3.7395787
tcr_26_1,D,A,D,A,51,182,CG,CA,4.2011533
tcr_26_1,D,A,D,A,51,182,CG,N,5.6123967
tcr_26_1,D,A,D,E,51,178,CG,O,7.113229
tcr_26_1,D,A,D,E,51,178,CG,C,8.089897
tcr_26_1,D,A,D,Q,51,179,CG,CA,7.2731943
tcr_26_1,D,A,D,Q,51,179,CG,N,8.21495
tcr_26_1,D,A,D,E,51,178,CG,CA,9.435592
tcr_26_1,D,A,D,Q,51,179,CG,CB,8.074928
tcr_26_1,D,A,D,Q,51,179,CG,CG,8.159288
tcr_26_1,D,A,D,E,51,178,CG,CB,9.867214
tcr_26_1,D,A,D,Y,51,183,CG,CD2,6.851172
tcr_26_1,D,A,D,Q,51,179,CG,CD,8.90808
tcr_26_1,D,A,D,Q,51,179,CG,NE2,8.650516
tcr_26_1,D,A,D,Q,51,179,CG,OE1,9.873367
tcr_26_1,D,A,D,Y,51,183,CG,CB,5.8857026
tcr_26_1,D,A,D,Q,51,179,CG,O,6.1186585
tcr_26_1,D,A,D,Y,51,183,CG,CE2,8.033327
tcr_26_1,D,A,D,Y,51,183,CG,CA,4.8523874
tcr_26_1,D,A,D,Y,51,183,CG,N,4.386151
tcr_26_1,D,A,D,Y,51,183,CG,CD1,8.110175
tcr_26_1,D,A,D,Y,51,183,CG,CG,6.8905087
tcr_26_1,D,A,D,Y,51,183,CG,CZ,9.094903
tcr_26_1,D,A,D,Y,51,183,CG,CE1,9.132767
tcr_26_1,D,A,D,Y,51,183,CG,O,5.989254
tcr_26_1,D,A,D,Y,51,183,CG,C,5.8041267
tcr_26_1,D,A,D,R,51,181,CG,NE,9.607151
tcr_26_1,D,A,D,R,51,181,CG,C,6.54178
tcr_26_1,D,A,D,R,51,181,CG,O,6.491614
tcr_26_1,D,A,D,E,51,185,CG,CG,8.682625
tcr_26_1,D,A,D,R,51,181,CG,CG,9.023517
tcr_26_1,D,A,D,E,51,185,CG,CD,9.07405
tcr_26_1,D,A,D,E,51,185,CG,OE2,8.368312
tcr_26_1,D,A,D,R,51,181,CG,CA,7.9641833
tcr_26_1,D,A,D,R,51,181,CG,CB,8.72276
tcr_26_1,D,A,D,R,51,181,CG,N,8.185672
tcr_26_1,D,A,D,E,51,185,CG,N,7.1970706
tcr_26_1,D,A,D,L,51,184,CG,CB,9.036227
tcr_26_1,D,A,D,L,51,184,CG,CA,7.9269075
tcr_26_1,D,A,D,L,51,184,CG,N,6.730217
tcr_26_1,D,A,D,L,51,184,CG,CG,9.707335
tcr_26_1,D,A,D,R,51,180,CG,O,7.652438
tcr_26_1,D,A,D,R,51,180,CG,C,8.016994
tcr_26_1,D,A,D,R,51,180,CG,CA,8.603813
tcr_26_1,D,A,D,E,51,185,OD1,O,7.542734
tcr_26_1,D,A,D,G,51,186,OD1,CA,5.339591
tcr_26_1,D,A,D,E,51,190,OD1,OE1,7.4474745
tcr_26_1,D,A,D,E,51,185,OD1,C,6.860542
tcr_26_1,D,A,D,G,51,186,OD1,N,5.779366
tcr_26_1,D,A,D,E,51,185,OD1,CB,7.347741
tcr_26_1,D,A,D,E,51,185,OD1,CA,7.549753
tcr_26_1,D,A,D,E,51,190,OD1,CD,7.81513
tcr_26_1,D,A,D,T,51,187,OD1,OG1,5.350359
tcr_26_1,D,A,D,T,51,187,OD1,CG2,7.6937814
tcr_26_1,D,A,D,E,51,190,OD1,OE2,7.6057367
tcr_26_1,D,A,D,T,51,187,OD1,CB,6.4859204
tcr_26_1,D,A,D,E,51,190,OD1,CB,9.515785
tcr_26_1,D,A,D,T,51,187,OD1,CA,6.696201
tcr_26_1,D,A,D,E,51,190,OD1,CG,8.848137
tcr_26_1,D,A,D,T,51,187,OD1,O,9.065665
tcr_26_1,D,A,D,T,51,187,OD1,C,8.069892
tcr_26_1,D,A,D,T,51,187,OD1,N,5.7049737
tcr_26_1,D,A,D,G,51,186,OD1,O,7.2941384
tcr_26_1,D,A,D,G,51,186,OD1,C,6.1110125
tcr_26_1,D,A,D,L,51,184,OD1,C,8.307838
tcr_26_1,D,A,D,L,51,184,OD1,O,9.101394
tcr_26_1,D,A,D,V,51,189,OD1,N,9.957948
tcr_26_1,D,A,D,C,51,188,OD1,N,8.321279
tcr_26_1,D,A,D,C,51,188,OD1,CB,9.986178
tcr_26_1,D,A,D,C,51,188,OD1,CA,9.730577
tcr_26_1,D,A,D,R,51,180,OD1,N,8.648737
tcr_26_1,D,A,D,Q,51,179,OD1,C,7.4763737
tcr_26_1,D,A,D,A,51,182,OD1,O,3.990941
tcr_26_1,D,A,D,A,51,182,OD1,C,4.195176
tcr_26_1,D,A,D,A,51,182,OD1,CB,3.6469448
tcr_26_1,D,A,D,A,51,182,OD1,CA,4.2146573
tcr_26_1,D,A,D,A,51,182,OD1,N,5.6436152
tcr_26_1,D,A,D,E,51,178,OD1,O,6.9511075
tcr_26_1,D,A,D,E,51,178,OD1,C,7.966432
tcr_26_1,D,A,D,Q,51,179,OD1,CA,7.482942
tcr_26_1,D,A,D,Q,51,179,OD1,N,8.2435875
tcr_26_1,D,A,D,E,51,178,OD1,CA,9.200246
tcr_26_1,D,A,D,Q,51,179,OD1,CB,8.399324
tcr_26_1,D,A,D,Q,51,179,OD1,CG,8.394311
tcr_26_1,D,A,D,E,51,178,OD1,CB,9.495724
tcr_26_1,D,A,D,Y,51,183,OD1,CD2,8.019528
tcr_26_1,D,A,D,Q,51,179,OD1,CD,9.274439
tcr_26_1,D,A,D,Q,51,179,OD1,NE2,9.040107
tcr_26_1,D,A,D,Y,51,183,OD1,CB,6.8591394
tcr_26_1,D,A,D,Q,51,179,OD1,O,6.610362
tcr_26_1,D,A,D,Y,51,183,OD1,CE2,9.217829
tcr_26_1,D,A,D,Y,51,183,OD1,CA,5.7456794
tcr_26_1,D,A,D,Y,51,183,OD1,N,5.0501947
tcr_26_1,D,A,D,Y,51,183,OD1,CD1,9.115242
tcr_26_1,D,A,D,Y,51,183,OD1,CG,7.9547443
tcr_26_1,D,A,D,Y,51,183,OD1,O,6.8295135
tcr_26_1,D,A,D,Y,51,183,OD1,C,6.599203
tcr_26_1,D,A,D,R,51,181,OD1,NE,9.081225
tcr_26_1,D,A,D,R,51,181,OD1,C,6.6162024
tcr_26_1,D,A,D,E,51,185,OD1,OE1,9.920238
tcr_26_1,D,A,D,R,51,181,OD1,O,6.6050973
tcr_26_1,D,A,D,E,51,185,OD1,CG,8.534968
tcr_26_1,D,A,D,R,51,181,OD1,CG,8.785356
tcr_26_1,D,A,D,R,51,181,OD1,CD,9.648529
tcr_26_1,D,A,D,E,51,185,OD1,CD,8.737358
tcr_26_1,D,A,D,E,51,185,OD1,OE2,7.896506
tcr_26_1,D,A,D,R,51,181,OD1,CA,8.0444565
tcr_26_1,D,A,D,R,51,181,OD1,CB,8.5987215
tcr_26_1,D,A,D,R,51,181,OD1,N,8.391708
tcr_26_1,D,A,D,R,51,181,OD1,NH2,9.346824
tcr_26_1,D,A,D,R,51,181,OD1,CZ,9.726427
tcr_26_1,D,A,D,E,51,185,OD1,N,7.484713
tcr_26_1,D,A,D,L,51,184,OD1,CB,9.550095
tcr_26_1,D,A,D,L,51,184,OD1,CA,8.522089
tcr_26_1,D,A,D,L,51,184,OD1,N,7.3812394
tcr_26_1,D,A,D,R,51,180,OD1,O,8.161049
tcr_26_1,D,A,D,R,51,180,OD1,C,8.41693
tcr_26_1,D,A,D,R,51,180,OD1,CA,9.07763
tcr_26_1,D,A,D,E,51,185,OD2,O,6.54476
tcr_26_1,D,A,D,G,51,186,OD2,CA,4.0101614
tcr_26_1,D,A,D,E,51,190,OD2,OE1,6.7648687
tcr_26_1,D,A,D,E,51,185,OD2,C,5.7551622
tcr_26_1,D,A,D,G,51,186,OD2,N,4.486229
tcr_26_1,D,A,D,E,51,185,OD2,CB,6.747833
tcr_26_1,D,A,D,E,51,185,OD2,CA,6.5127163
tcr_26_1,D,A,D,E,51,190,OD2,C,9.896859
tcr_26_1,D,A,D,E,51,190,OD2,CD,6.8053102
tcr_26_1,D,A,D,T,51,187,OD2,OG1,3.357426
tcr_26_1,D,A,D,W,51,191,OD2,CD1,8.584252
tcr_26_1,D,A,D,T,51,187,OD2,CG2,5.658223
tcr_26_1,D,A,D,E,51,190,OD2,OE2,6.5047398
tcr_26_1,D,A,D,W,51,191,OD2,NE1,8.919094
tcr_26_1,D,A,D,W,51,191,OD2,CG,9.782819
tcr_26_1,D,A,D,T,51,187,OD2,CB,4.353705
tcr_26_1,D,A,D,E,51,190,OD2,CB,8.025035
tcr_26_1,D,A,D,T,51,187,OD2,CA,4.629039
tcr_26_1,D,A,D,E,51,190,OD2,CG,7.6243935
tcr_26_1,D,A,D,T,51,187,OD2,O,7.000926
tcr_26_1,D,A,D,W,51,191,OD2,N,9.562857
tcr_26_1,D,A,D,T,51,187,OD2,C,5.9556947
tcr_26_1,D,A,D,T,51,187,OD2,N,3.7182806
tcr_26_1,D,A,D,E,51,190,OD2,CA,8.997826
tcr_26_1,D,A,D,E,51,190,OD2,N,8.445029
tcr_26_1,D,A,D,G,51,186,OD2,O,5.608899
tcr_26_1,D,A,D,G,51,186,OD2,C,4.394558
tcr_26_1,D,A,D,V,51,189,OD2,CG1,9.830761
tcr_26_1,D,A,D,L,51,184,OD2,C,6.7779703
tcr_26_1,D,A,D,L,51,184,OD2,O,7.490662
tcr_26_1,D,A,D,V,51,189,OD2,CB,8.767217
tcr_26_1,D,A,D,V,51,189,OD2,CG2,9.104244
tcr_26_1,D,A,D,V,51,189,OD2,N,8.048617
tcr_26_1,D,A,D,V,51,189,OD2,CA,9.01773
tcr_26_1,D,A,D,V,51,189,OD2,C,9.338642
tcr_26_1,D,A,D,C,51,188,OD2,N,6.1727586
tcr_26_1,D,A,D,C,51,188,OD2,C,8.392712
tcr_26_1,D,A,D,C,51,188,OD2,CB,7.8903904
tcr_26_1,D,A,D,C,51,188,OD2,CA,7.590112
tcr_26_1,D,A,D,C,51,188,OD2,SG,9.68829
tcr_26_1,D,A,D,C,51,188,OD2,O,9.470055
tcr_26_1,D,A,D,R,51,180,OD2,N,8.155698
tcr_26_1,D,A,D,Q,51,179,OD2,C,7.0976796
tcr_26_1,D,A,D,A,51,182,OD2,O,2.7131324
tcr_26_1,D,A,D,A,51,182,OD2,C,3.1787977
tcr_26_1,D,A,D,A,51,182,OD2,CB,3.985949
tcr_26_1,D,A,D,A,51,182,OD2,CA,4.007293
tcr_26_1,D,A,D,A,51,182,OD2,N,5.3835115
tcr_26_1,D,A,D,E,51,178,OD2,O,7.3285975
tcr_26_1,D,A,D,E,51,178,OD2,C,8.352334
tcr_26_1,D,A,D,Q,51,179,OD2,CA,7.517019
tcr_26_1,D,A,D,Q,51,179,OD2,N,8.495731
tcr_26_1,D,A,D,E,51,178,OD2,CA,9.707762
tcr_26_1,D,A,D,Q,51,179,OD2,CB,8.360827
tcr_26_1,D,A,D,Q,51,179,OD2,CG,8.64906
tcr_26_1,D,A,D,Y,51,183,OD2,CD2,5.977172
tcr_26_1,D,A,D,Q,51,179,OD2,CD,9.386837
tcr_26_1,D,A,D,Q,51,179,OD2,NE2,9.223571
tcr_26_1,D,A,D,Y,51,183,OD2,CB,5.1414165
tcr_26_1,D,A,D,Q,51,179,OD2,O,6.002129
tcr_26_1,D,A,D,Y,51,183,OD2,CE2,7.102415
tcr_26_1,D,A,D,Y,51,183,OD2,CA,3.9693067
tcr_26_1,D,A,D,Y,51,183,OD2,N,3.7517684
tcr_26_1,D,A,D,Y,51,183,OD2,CD1,7.1781006
tcr_26_1,D,A,D,Y,51,183,OD2,CG,6.017795
tcr_26_1,D,A,D,Y,51,183,OD2,CZ,8.103436
tcr_26_1,D,A,D,Y,51,183,OD2,OH,9.257644
tcr_26_1,D,A,D,Y,51,183,OD2,CE1,8.140706
tcr_26_1,D,A,D,Y,51,183,OD2,O,4.8162136
tcr_26_1,D,A,D,Y,51,183,OD2,C,4.752344
tcr_26_1,D,A,D,R,51,181,OD2,NE,9.596509
tcr_26_1,D,A,D,R,51,181,OD2,C,6.11323
tcr_26_1,D,A,D,E,51,185,OD2,OE1,9.793026
tcr_26_1,D,A,D,R,51,181,OD2,O,5.8812633
tcr_26_1,D,A,D,E,51,185,OD2,CG,8.006184
tcr_26_1,D,A,D,R,51,181,OD2,CG,8.714468
tcr_26_1,D,A,D,R,51,181,OD2,CD,9.847938
tcr_26_1,D,A,D,E,51,185,OD2,CD,8.584796
tcr_26_1,D,A,D,E,51,185,OD2,OE2,8.019428
tcr_26_1,D,A,D,R,51,181,OD2,CA,7.56526
tcr_26_1,D,A,D,R,51,181,OD2,CB,8.469893
tcr_26_1,D,A,D,R,51,181,OD2,N,7.847062
tcr_26_1,D,A,D,E,51,185,OD2,N,6.221565
tcr_26_1,D,A,D,L,51,184,OD2,CB,8.088458
tcr_26_1,D,A,D,L,51,184,OD2,CA,6.8849397
tcr_26_1,D,A,D,L,51,184,OD2,N,5.7559085
tcr_26_1,D,A,D,L,51,184,OD2,CD2,9.606481
tcr_26_1,D,A,D,L,51,184,OD2,CD1,9.915541
tcr_26_1,D,A,D,L,51,184,OD2,CG,8.798994
tcr_26_1,D,A,D,R,51,180,OD2,O,7.046867
tcr_26_1,D,A,D,R,51,180,OD2,C,7.5794005
tcr_26_1,D,A,D,R,51,180,OD2,CB,9.772891
tcr_26_1,D,A,D,R,51,180,OD2,CA,8.271449
tcr_26_1,D,A,Y,G,52,186,N,CA,9.394796
tcr_26_1,D,A,Y,T,52,187,N,OG1,6.997434
tcr_26_1,D,A,Y,T,52,187,N,CG2,8.941217
tcr_26_1,D,A,Y,E,52,190,N,OE2,9.749455
tcr_26_1,D,A,Y,T,52,187,N,CB,8.398177
tcr_26_1,D,A,Y,T,52,187,N,CA,9.205582
tcr_26_1,D,A,Y,T,52,187,N,N,8.848106
tcr_26_1,D,A,Y,G,52,186,N,C,9.671917
tcr_26_1,D,A,Y,Q,52,179,N,C,9.193749
tcr_26_1,D,A,Y,A,52,182,N,O,8.022325
tcr_26_1,D,A,Y,A,52,182,N,C,7.8812356
tcr_26_1,D,A,Y,A,52,182,N,CB,6.751974
tcr_26_1,D,A,Y,A,52,182,N,CA,7.933873
tcr_26_1,D,A,Y,A,52,182,N,N,9.119846
tcr_26_1,D,A,Y,E,52,178,N,O,9.339394
tcr_26_1,D,A,Y,E,52,178,N,C,9.9092655
tcr_26_1,D,A,Y,Q,52,179,N,CA,8.703161
tcr_26_1,D,A,Y,Q,52,179,N,N,9.666319
tcr_26_1,D,A,Y,Q,52,179,N,CB,8.890912
tcr_26_1,D,A,Y,Q,52,179,N,CG,8.204721
tcr_26_1,D,A,Y,Y,52,183,N,CD2,9.629027
tcr_26_1,D,A,Y,Q,52,179,N,CD,8.4654875
tcr_26_1,D,A,Y,Q,52,179,N,NE2,7.618347
tcr_26_1,D,A,Y,Q,52,179,N,OE1,9.56546
tcr_26_1,D,A,Y,R,52,86,N,NH2,9.119102
tcr_26_1,D,A,Y,R,52,86,N,CZ,9.960505
tcr_26_1,D,A,Y,Y,52,183,N,CB,9.028308
tcr_26_1,D,A,Y,Q,52,179,N,O,8.524996
tcr_26_1,D,A,Y,Y,52,183,N,CA,8.576036
tcr_26_1,D,A,Y,Y,52,183,N,N,8.127441
tcr_26_1,D,A,Y,Y,52,183,N,CG,9.968131
tcr_26_1,D,A,Y,Y,52,183,N,C,9.857719
tcr_26_1,D,A,Y,T,52,187,CA,OG1,8.146277
tcr_26_1,D,A,Y,T,52,187,CA,CG2,9.934235
tcr_26_1,D,A,Y,T,52,187,CA,CB,9.528769
tcr_26_1,D,A,Y,Q,52,179,CA,C,9.859024
tcr_26_1,D,A,Y,A,52,182,CA,O,9.343715
tcr_26_1,D,A,Y,A,52,182,CA,C,9.108909
tcr_26_1,D,A,Y,A,52,182,CA,CB,7.8348207
tcr_26_1,D,A,Y,A,52,182,CA,CA,9.110032
tcr_26_1,D,A,Y,Q,52,179,CA,CA,9.225485
tcr_26_1,D,A,Y,Q,52,179,CA,CB,9.204133
tcr_26_1,D,A,Y,Q,52,179,CA,CG,8.326712
tcr_26_1,D,A,Y,Q,52,179,CA,CD,8.388413
tcr_26_1,D,A,Y,Q,52,179,CA,NE2,7.3859267
tcr_26_1,D,A,Y,Q,52,179,CA,OE1,9.4672365
tcr_26_1,D,A,Y,R,52,86,CA,NH2,8.854606
tcr_26_1,D,A,Y,R,52,86,CA,CZ,9.834659
tcr_26_1,D,A,Y,Y,52,183,CA,CB,9.983503
tcr_26_1,D,A,Y,Q,52,179,CA,O,9.299351
tcr_26_1,D,A,Y,Y,52,183,CA,CA,9.69219
tcr_26_1,D,A,Y,Y,52,183,CA,N,9.24976
tcr_26_1,D,A,Y,T,52,187,C,OG1,9.373426
tcr_26_1,D,A,Y,A,52,182,C,O,9.950271
tcr_26_1,D,A,Y,A,52,182,C,C,9.628346
tcr_26_1,D,A,Y,A,52,182,C,CB,7.9976106
tcr_26_1,D,A,Y,A,52,182,C,CA,9.386468
tcr_26_1,D,A,Y,E,52,178,C,O,9.940908
tcr_26_1,D,A,Y,Q,52,179,C,CA,9.197638
tcr_26_1,D,A,Y,Q,52,179,C,N,9.968821
tcr_26_1,D,A,Y,Q,52,179,C,CB,9.192124
tcr_26_1,D,A,Y,Q,52,179,C,CG,8.159169
tcr_26_1,D,A,Y,Q,52,179,C,CD,8.30974
tcr_26_1,D,A,Y,Q,52,179,C,NE2,7.335509
tcr_26_1,D,A,Y,Q,52,179,C,OE1,9.441029
tcr_26_1,D,A,Y,Q,52,179,C,O,9.626683
tcr_26_1,D,A,Y,Y,52,183,C,N,9.853576
tcr_26_1,D,A,Y,T,52,187,O,OG1,9.509369
tcr_26_1,D,A,Y,Q,52,179,O,C,9.874756
tcr_26_1,D,A,Y,A,52,182,O,O,9.572512
tcr_26_1,D,A,Y,A,52,182,O,C,9.272762
tcr_26_1,D,A,Y,A,52,182,O,CB,7.4933267
tcr_26_1,D,A,Y,A,52,182,O,CA,8.885507
tcr_26_1,D,A,Y,A,52,182,O,N,9.908852
tcr_26_1,D,A,Y,E,52,178,O,O,9.419908
tcr_26_1,D,A,Y,E,52,178,O,C,9.823375
tcr_26_1,D,A,Y,Q,52,179,O,CA,9.00951
tcr_26_1,D,A,Y,Q,52,179,O,N,9.653227
tcr_26_1,D,A,Y,Q,52,179,O,CB,9.18265
tcr_26_1,D,A,Y,Q,52,179,O,CG,8.191663
tcr_26_1,D,A,Y,Q,52,179,O,CD,8.556698
tcr_26_1,D,A,Y,Q,52,179,O,NE2,7.7180996
tcr_26_1,D,A,Y,Q,52,179,O,OE1,9.735944
tcr_26_1,D,A,Y,Q,52,179,O,O,9.497367
tcr_26_1,D,A,Y,Y,52,183,O,N,9.6449795
tcr_26_1,D,A,Y,T,52,187,CB,OG1,8.583394
tcr_26_1,D,A,Y,R,52,86,CB,NH1,9.316432
tcr_26_1,D,A,Y,T,52,187,CB,CB,9.957243
tcr_26_1,D,A,Y,A,52,182,CB,CB,9.173451
tcr_26_1,D,A,Y,Q,52,179,CB,CG,9.79492
tcr_26_1,D,A,Y,Q,52,179,CB,CD,9.761336
tcr_26_1,D,A,Y,Q,52,179,CB,NE2,8.6958685
tcr_26_1,D,A,Y,R,52,86,CB,NH2,8.063038
tcr_26_1,D,A,Y,R,52,86,CB,CZ,9.096577
tcr_26_1,D,A,Y,T,52,187,CG,OG1,8.800475
tcr_26_1,D,A,Y,R,52,86,CG,NH1,9.7027235
tcr_26_1,D,A,Y,A,52,182,CG,CB,9.508844
tcr_26_1,D,A,Y,Q,52,179,CG,NE2,9.957241
tcr_26_1,D,A,Y,R,52,86,CG,NH2,8.708624
tcr_26_1,D,A,Y,R,52,86,CG,CZ,9.673884
tcr_26_1,D,A,Y,E,52,190,CD1,OE1,9.666443
tcr_26_1,D,A,Y,E,52,190,CD1,CD,9.885093
tcr_26_1,D,A,Y,T,52,187,CD1,OG1,7.955836
tcr_26_1,D,A,Y,R,52,86,CD1,NH1,9.056269
tcr_26_1,D,A,Y,T,52,187,CD1,CG2,9.570796
tcr_26_1,D,A,Y,E,52,190,CD1,OE2,9.095479
tcr_26_1,D,A,Y,T,52,187,CD1,CB,9.30919
tcr_26_1,D,A,Y,T,52,187,CD1,CA,9.899155
tcr_26_1,D,A,Y,T,52,187,CD1,N,9.740356
tcr_26_1,D,A,Y,A,52,182,CD1,O,9.971705
tcr_26_1,D,A,Y,A,52,182,CD1,CB,9.437036
tcr_26_1,D,A,Y,R,52,86,CD1,NH2,8.36449
tcr_26_1,D,A,Y,R,52,86,CD1,CZ,9.195778
tcr_26_1,D,A,Y,R,52,86,CD2,NH2,9.896175
tcr_26_1,D,A,Y,E,52,190,CE1,OE1,9.178338
tcr_26_1,D,A,Y,E,52,190,CE1,CD,9.517778
tcr_26_1,D,A,Y,T,52,187,CE1,OG1,8.506768
tcr_26_1,D,A,Y,R,52,86,CE1,NH1,9.729858
tcr_26_1,D,A,Y,E,52,190,CE1,OE2,8.811084
tcr_26_1,D,A,Y,T,52,187,CE1,CB,9.818418
tcr_26_1,D,A,Y,T,52,187,CE1,N,9.988928
tcr_26_1,D,A,Y,R,52,86,CE1,NH2,9.270116
tcr_26_1,D,A,Y,T,52,187,CZ,OG1,9.783454
tcr_26_1,D,A,Y,E,52,190,CZ,OE2,9.8985615
tcr_26_1,D,A,Y,E,52,190,OH,OE1,9.87457
tcr_26_1,D,A,Y,E,52,190,OH,OE2,9.928974
tcr_26_1,D,A,Y,A,53,182,N,CB,8.996444
tcr_26_1,D,A,Y,Q,53,179,N,CA,9.702737
tcr_26_1,D,A,Y,Q,53,179,N,CB,9.51875
tcr_26_1,D,A,Y,Q,53,179,N,CG,8.345317
tcr_26_1,D,A,Y,Q,53,179,N,CD,8.320131
tcr_26_1,D,A,Y,Q,53,179,N,NE2,7.2510056
tcr_26_1,D,A,Y,Q,53,179,N,OE1,9.400937
tcr_26_1,D,A,Y,A,53,182,CA,CB,9.670003
tcr_26_1,D,A,Y,Q,53,179,CA,CB,9.970726
tcr_26_1,D,A,Y,Q,53,179,CA,CG,8.688094
tcr_26_1,D,A,Y,Q,53,179,CA,CD,8.705774
tcr_26_1,D,A,Y,Q,53,179,CA,NE2,7.6904116
tcr_26_1,D,A,Y,Q,53,179,CA,OE1,9.782378
tcr_26_1,D,A,Y,Q,53,179,C,NE2,8.997797
tcr_26_1,D,A,Y,Q,53,179,O,NE2,9.283915
tcr_26_1,D,A,Y,A,53,182,CB,CB,9.745065
tcr_26_1,D,A,Y,Q,53,179,CB,CA,9.594442
tcr_26_1,D,A,Y,Q,53,179,CB,CB,9.239075
tcr_26_1,D,A,Y,Q,53,179,CB,CG,7.8537736
tcr_26_1,D,A,Y,Q,53,179,CB,CD,7.7584925
tcr_26_1,D,A,Y,Q,53,179,CB,NE2,6.752179
tcr_26_1,D,A,Y,Q,53,179,CB,OE1,8.774069
tcr_26_1,D,A,Y,Q,53,179,CG,C,9.317393
tcr_26_1,D,A,Y,A,53,182,CG,CB,8.476757
tcr_26_1,D,A,Y,E,53,178,CG,O,9.189657
tcr_26_1,D,A,Y,E,53,178,CG,C,9.112457
tcr_26_1,D,A,Y,Q,53,179,CG,CA,8.100855
tcr_26_1,D,A,Y,Q,53,179,CG,N,8.590819
tcr_26_1,D,A,Y,Q,53,179,CG,CB,7.7651677
tcr_26_1,D,A,Y,Q,53,179,CG,CG,6.385062
tcr_26_1,D,A,Y,E,53,178,CG,CB,9.344921
tcr_26_1,D,A,Y,E,53,178,CG,OE2,9.140963
tcr_26_1,D,A,Y,Q,53,179,CG,CD,6.3982964
tcr_26_1,D,A,Y,Q,53,179,CG,NE2,5.4817696
tcr_26_1,D,A,Y,Q,53,179,CG,OE1,7.463669
tcr_26_1,D,A,Y,Q,53,179,CG,O,9.345072
tcr_26_1,D,A,Y,R,53,175,CG,O,9.753149
tcr_26_1,D,A,Y,A,53,174,CG,O,9.821519
tcr_26_1,D,A,Y,Q,53,179,CD1,C,8.893937
tcr_26_1,D,A,Y,A,53,182,CD1,CB,7.826277
tcr_26_1,D,A,Y,A,53,182,CD1,CA,9.3601465
tcr_26_1,D,A,Y,A,53,182,CD1,N,9.90178
tcr_26_1,D,A,Y,E,53,178,CD1,O,8.339677
tcr_26_1,D,A,Y,E,53,178,CD1,C,8.277581
tcr_26_1,D,A,Y,Q,53,179,CD1,CA,7.6089764
tcr_26_1,D,A,Y,Q,53,179,CD1,N,7.91238
tcr_26_1,D,A,Y,E,53,178,CD1,CA,9.057545
tcr_26_1,D,A,Y,Q,53,179,CD1,CB,7.4822335
tcr_26_1,D,A,Y,Q,53,179,CD1,CG,6.1523147
tcr_26_1,D,A,Y,E,53,178,CD1,CB,8.28985
tcr_26_1,D,A,Y,E,53,178,CD1,CG,9.373768
tcr_26_1,D,A,Y,E,53,178,CD1,OE2,7.916511
tcr_26_1,D,A,Y,E,53,178,CD1,CD,9.046615
tcr_26_1,D,A,Y,Q,53,179,CD1,CD,6.4811025
tcr_26_1,D,A,Y,Q,53,179,CD1,NE2,5.7974486
tcr_26_1,D,A,Y,Q,53,179,CD1,OE1,7.599491
tcr_26_1,D,A,Y,Q,53,179,CD1,O,8.99064
tcr_26_1,D,A,Y,R,53,175,CD1,CD,9.784025
tcr_26_1,D,A,Y,R,53,175,CD1,CB,9.570584
tcr_26_1,D,A,Y,R,53,175,CD1,O,9.02921
tcr_26_1,D,A,Y,A,53,174,CD1,O,9.371391
tcr_26_1,D,A,Y,R,53,175,CD1,C,9.929439
tcr_26_1,D,A,Y,R,53,180,CD2,N,9.6730795
tcr_26_1,D,A,Y,Q,53,179,CD2,C,8.534293
tcr_26_1,D,A,Y,A,53,182,CD2,CB,8.149558
tcr_26_1,D,A,Y,A,53,182,CD2,CA,9.642016
tcr_26_1,D,A,Y,E,53,178,CD2,O,8.845208
tcr_26_1,D,A,Y,E,53,178,CD2,C,8.723462
tcr_26_1,D,A,Y,Q,53,179,CD2,CA,7.386294
tcr_26_1,D,A,Y,Q,53,179,CD2,N,8.039214
tcr_26_1,D,A,Y,E,53,178,CD2,CA,9.728248
tcr_26_1,D,A,Y,Q,53,179,CD2,CB,6.8694983
tcr_26_1,D,A,Y,Q,53,179,CD2,CG,5.4965243
tcr_26_1,D,A,Y,E,53,178,CD2,CB,9.241771
tcr_26_1,D,A,Y,E,53,178,CD2,OE2,9.4052925
tcr_26_1,D,A,Y,E,53,176,CD2,O,9.948054
tcr_26_1,D,A,Y,Q,53,179,CD2,CD,5.2917023
tcr_26_1,D,A,Y,Q,53,179,CD2,NE2,4.251073
tcr_26_1,D,A,Y,Q,53,179,CD2,OE1,6.321204
tcr_26_1,D,A,Y,Q,53,179,CD2,O,8.547423
tcr_26_1,D,A,Y,Y,53,183,CD2,N,9.947371
tcr_26_1,D,A,Y,R,53,175,CD2,O,9.34285
tcr_26_1,D,A,Y,A,53,174,CD2,O,9.423414
tcr_26_1,D,A,Y,R,53,180,CE1,N,8.711669
tcr_26_1,D,A,Y,Q,53,179,CE1,C,7.600914
tcr_26_1,D,A,Y,A,53,182,CE1,O,9.876996
tcr_26_1,D,A,Y,A,53,182,CE1,C,9.087479
tcr_26_1,D,A,Y,A,53,182,CE1,CB,6.750201
tcr_26_1,D,A,Y,A,53,182,CE1,CA,8.271722
tcr_26_1,D,A,Y,A,53,182,CE1,N,8.691434
tcr_26_1,D,A,Y,E,53,178,CE1,O,6.982535
tcr_26_1,D,A,Y,E,53,178,CE1,C,6.8811145
tcr_26_1,D,A,Y,Q,53,179,CE1,CA,6.2770123
tcr_26_1,D,A,Y,Q,53,179,CE1,N,6.5201383
tcr_26_1,D,A,Y,E,53,178,CE1,CA,7.6722836
tcr_26_1,D,A,Y,Q,53,179,CE1,CB,6.2317047
tcr_26_1,D,A,Y,Q,53,179,CE1,CG,4.958802
tcr_26_1,D,A,Y,E,53,178,CE1,CB,6.9572496
tcr_26_1,D,A,Y,E,53,178,CE1,N,8.619507
tcr_26_1,D,A,Y,E,53,178,CE1,CG,8.10847
tcr_26_1,D,A,Y,E,53,178,CE1,OE2,6.8396907
tcr_26_1,D,A,Y,E,53,178,CE1,CD,7.9069586
tcr_26_1,D,A,Y,E,53,176,CE1,O,8.891369
tcr_26_1,D,A,Y,E,53,178,CE1,OE1,9.022792
tcr_26_1,D,A,Y,E,53,176,CE1,C,9.430541
tcr_26_1,D,A,Y,Q,53,179,CE1,CD,5.5077167
tcr_26_1,D,A,Y,Q,53,179,CE1,NE2,5.0371456
tcr_26_1,D,A,Y,Q,53,179,CE1,OE1,6.6526775
tcr_26_1,D,A,Y,Q,53,179,CE1,O,7.775141
tcr_26_1,D,A,Y,Y,53,183,CE1,N,9.217492
tcr_26_1,D,A,Y,R,53,181,CE1,NH2,9.61373
tcr_26_1,D,A,Y,A,53,177,CE1,C,9.636045
tcr_26_1,D,A,Y,A,53,177,CE1,O,9.882318
tcr_26_1,D,A,Y,R,53,175,CE1,CD,8.905635
tcr_26_1,D,A,Y,R,53,175,CE1,NH1,9.402938
tcr_26_1,D,A,Y,R,53,175,CE1,CA,9.3240795
tcr_26_1,D,A,Y,R,53,175,CE1,CG,9.458731
tcr_26_1,D,A,Y,R,53,175,CE1,CB,8.500937
tcr_26_1,D,A,Y,R,53,175,CE1,O,7.762767
tcr_26_1,D,A,Y,A,53,174,CE1,C,9.605815
tcr_26_1,D,A,Y,A,53,174,CE1,O,8.459317
tcr_26_1,D,A,Y,R,53,175,CE1,C,8.720585
tcr_26_1,D,A,Y,E,53,176,CE1,N,9.478274
tcr_26_1,D,A,Y,E,53,176,CE1,CA,9.34179
tcr_26_1,D,A,Y,R,53,180,CE2,N,8.287693
tcr_26_1,D,A,Y,Q,53,179,CE2,C,7.1713223
tcr_26_1,D,A,Y,A,53,182,CE2,O,9.896755
tcr_26_1,D,A,Y,A,53,182,CE2,C,9.061478
tcr_26_1,D,A,Y,A,53,182,CE2,CB,7.1221724
tcr_26_1,D,A,Y,A,53,182,CE2,CA,8.589222
tcr_26_1,D,A,Y,A,53,182,CE2,N,9.00924
tcr_26_1,D,A,Y,E,53,178,CE2,O,7.5786533
tcr_26_1,D,A,Y,E,53,178,CE2,C,7.410213
tcr_26_1,D,A,Y,Q,53,179,CE2,CA,5.999621
tcr_26_1,D,A,Y,Q,53,179,CE2,N,6.6699886
tcr_26_1,D,A,Y,E,53,178,CE2,CA,8.4535055
tcr_26_1,D,A,Y,Q,53,179,CE2,CB,5.472223
tcr_26_1,D,A,Y,Q,53,179,CE2,CG,4.106348
tcr_26_1,D,A,Y,E,53,178,CE2,CB,8.068975
tcr_26_1,D,A,Y,E,53,178,CE2,N,9.152596
tcr_26_1,D,A,Y,E,53,178,CE2,CG,9.396522
tcr_26_1,D,A,Y,E,53,178,CE2,OE2,8.522105
tcr_26_1,D,A,Y,E,53,178,CE2,CD,9.465199
tcr_26_1,D,A,Y,E,53,176,CE2,O,8.564716
tcr_26_1,D,A,Y,E,53,176,CE2,C,9.222439
tcr_26_1,D,A,Y,Q,53,179,CE2,CD,4.0265446
tcr_26_1,D,A,Y,Q,53,179,CE2,NE2,3.116528
tcr_26_1,D,A,Y,Q,53,179,CE2,OE1,5.1304193
tcr_26_1,D,A,Y,Y,53,183,CE2,CB,9.523935
tcr_26_1,D,A,Y,Q,53,179,CE2,O,7.2526693
tcr_26_1,D,A,Y,Y,53,183,CE2,CA,9.683227
tcr_26_1,D,A,Y,Y,53,183,CE2,N,8.870834
tcr_26_1,D,A,Y,A,53,177,CE2,C,9.964269
tcr_26_1,D,A,Y,R,53,180,CE2,CA,9.535607
tcr_26_1,D,A,Y,R,53,175,CE2,CA,9.8161545
tcr_26_1,D,A,Y,R,53,175,CE2,CB,9.322523
tcr_26_1,D,A,Y,R,53,175,CE2,O,8.122426
tcr_26_1,D,A,Y,A,53,174,CE2,C,9.717916
tcr_26_1,D,A,Y,A,53,174,CE2,O,8.512115
tcr_26_1,D,A,Y,R,53,175,CE2,C,8.974604
tcr_26_1,D,A,Y,E,53,176,CE2,N,9.429245
tcr_26_1,D,A,Y,E,53,176,CE2,CA,9.007459
tcr_26_1,D,A,Y,E,53,176,CE2,CB,9.994888
tcr_26_1,D,A,Y,E,53,176,CE2,CG,9.961451
tcr_26_1,D,A,Y,R,53,180,CZ,N,7.739801
tcr_26_1,D,A,Y,Q,53,179,CZ,C,6.6290703
tcr_26_1,D,A,Y,A,53,182,CZ,O,9.3974905
tcr_26_1,D,A,Y,A,53,182,CZ,C,8.526459
tcr_26_1,D,A,Y,A,53,182,CZ,CB,6.34951
tcr_26_1,D,A,Y,A,53,182,CZ,CA,7.843829
tcr_26_1,D,A,Y,A,53,182,CZ,N,8.193201
tcr_26_1,D,A,Y,E,53,178,CZ,O,6.535762
tcr_26_1,D,A,Y,E,53,178,CZ,C,6.368676
tcr_26_1,D,A,Y,Q,53,179,CZ,CA,5.334048
tcr_26_1,D,A,Y,Q,53,179,CZ,N,5.784455
tcr_26_1,D,A,Y,E,53,178,CZ,CA,7.32078
tcr_26_1,D,A,Y,Q,53,179,CZ,CB,5.0800967
tcr_26_1,D,A,Y,Q,53,179,CZ,CG,3.7522948
tcr_26_1,D,A,Y,E,53,178,CZ,CB,6.8271875
tcr_26_1,D,A,Y,E,53,178,CZ,N,8.130981
tcr_26_1,D,A,Y,E,53,178,CZ,CG,8.122808
tcr_26_1,D,A,Y,E,53,178,CZ,OE2,7.194909
tcr_26_1,D,A,Y,E,53,178,CZ,CD,8.149197
tcr_26_1,D,A,Y,E,53,176,CZ,O,7.965854
tcr_26_1,D,A,Y,E,53,178,CZ,OE1,9.333843
tcr_26_1,D,A,Y,E,53,176,CZ,C,8.584074
tcr_26_1,D,A,Y,Q,53,179,CZ,CD,4.173064
tcr_26_1,D,A,Y,Q,53,179,CZ,NE2,3.6596174
tcr_26_1,D,A,Y,Q,53,179,CZ,OE1,5.340102
tcr_26_1,D,A,Y,Y,53,183,CZ,CB,9.438128
tcr_26_1,D,A,Y,Q,53,179,CZ,O,6.807787
tcr_26_1,D,A,Y,Y,53,183,CZ,CA,9.456412
tcr_26_1,D,A,Y,Y,53,183,CZ,N,8.470165
tcr_26_1,D,A,Y,R,53,181,CZ,C,9.493571
tcr_26_1,D,A,Y,R,53,181,CZ,N,9.424923
tcr_26_1,D,A,Y,R,53,181,CZ,NH2,9.804186
tcr_26_1,D,A,Y,A,53,177,CZ,CA,9.994061
tcr_26_1,D,A,Y,A,53,177,CZ,C,9.034652
tcr_26_1,D,A,Y,A,53,177,CZ,O,9.269436
tcr_26_1,D,A,Y,R,53,180,CZ,C,9.488667
tcr_26_1,D,A,Y,R,53,180,CZ,CA,9.052038
tcr_26_1,D,A,Y,R,53,175,CZ,CD,9.144875
tcr_26_1,D,A,Y,R,53,175,CZ,N,9.614554
tcr_26_1,D,A,Y,R,53,175,CZ,CA,8.973508
tcr_26_1,D,A,Y,R,53,175,CZ,CG,9.479428
tcr_26_1,D,A,Y,R,53,175,CZ,CB,8.361789
tcr_26_1,D,A,Y,R,53,175,CZ,O,7.2445955
tcr_26_1,D,A,Y,A,53,174,CZ,C,9.161506
tcr_26_1,D,A,Y,A,53,174,CZ,O,7.9909124
tcr_26_1,D,A,Y,R,53,175,CZ,C,8.186682
tcr_26_1,D,A,Y,E,53,176,CZ,N,8.789167
tcr_26_1,D,A,Y,A,53,177,CZ,N,9.538405
tcr_26_1,D,A,Y,E,53,176,CZ,CA,8.479733
tcr_26_1,D,A,Y,E,53,176,CZ,CB,9.6250925
tcr_26_1,D,A,Y,E,53,176,CZ,CG,9.713225
tcr_26_1,D,A,Y,R,53,180,OH,N,6.435866
tcr_26_1,D,A,Y,Q,53,179,OH,C,5.3709373
tcr_26_1,D,A,Y,A,53,182,OH,O,8.699368
tcr_26_1,D,A,Y,A,53,182,OH,C,7.722941
tcr_26_1,D,A,Y,A,53,182,OH,CB,5.549878
tcr_26_1,D,A,Y,A,53,182,OH,CA,6.972286
tcr_26_1,D,A,Y,A,53,182,OH,N,7.139676
tcr_26_1,D,A,Y,E,53,178,OH,O,5.30932
tcr_26_1,D,A,Y,E,53,178,OH,C,5.0639577
tcr_26_1,D,A,Y,Q,53,179,OH,CA,4.0132403
tcr_26_1,D,A,Y,Q,53,179,OH,N,4.4229207
tcr_26_1,D,A,Y,E,53,178,OH,CA,6.0601
tcr_26_1,D,A,Y,Q,53,179,OH,CB,3.8389773
tcr_26_1,D,A,Y,Q,53,179,OH,CG,2.6059906
tcr_26_1,D,A,Y,E,53,178,OH,CB,5.7029667
tcr_26_1,D,A,Y,E,53,178,OH,N,6.8253837
tcr_26_1,D,A,Y,E,53,178,OH,CG,7.081349
tcr_26_1,D,A,Y,E,53,178,OH,OE2,6.4806523
tcr_26_1,D,A,Y,E,53,178,OH,CD,7.300925
tcr_26_1,D,A,Y,E,53,176,OH,O,6.650104
tcr_26_1,D,A,Y,E,53,178,OH,OE1,8.528979
tcr_26_1,D,A,Y,E,53,176,OH,C,7.3045554
tcr_26_1,D,A,Y,Q,53,179,OH,CD,3.412514
tcr_26_1,D,A,Y,Q,53,179,OH,NE2,3.3115988
tcr_26_1,D,A,Y,Q,53,179,OH,OE1,4.576744
tcr_26_1,D,A,Y,Y,53,183,OH,CB,8.601537
tcr_26_1,D,A,Y,Q,53,179,OH,O,5.673429
tcr_26_1,D,A,Y,Y,53,183,OH,CA,8.66026
tcr_26_1,D,A,Y,Y,53,183,OH,N,7.603599
tcr_26_1,D,A,Y,R,53,180,OH,CZ,9.568238
tcr_26_1,D,A,Y,Y,53,183,OH,CG,9.968184
tcr_26_1,D,A,Y,R,53,180,OH,NE,9.460984
tcr_26_1,D,A,Y,R,53,180,OH,NH1,9.577263
tcr_26_1,D,A,Y,R,53,180,OH,NH2,9.904854
tcr_26_1,D,A,Y,R,53,181,OH,NE,9.726549
tcr_26_1,D,A,Y,R,53,181,OH,C,8.40188
tcr_26_1,D,A,Y,R,53,181,OH,O,9.360656
tcr_26_1,D,A,Y,R,53,181,OH,CA,8.828273
tcr_26_1,D,A,Y,R,53,181,OH,CB,8.995275
tcr_26_1,D,A,Y,R,53,181,OH,N,8.155236
tcr_26_1,D,A,Y,R,53,181,OH,NH2,8.856313
tcr_26_1,D,A,Y,R,53,181,OH,CZ,9.50975
tcr_26_1,D,A,Y,A,53,177,OH,CA,8.651443
tcr_26_1,D,A,Y,A,53,177,OH,CB,9.926026
tcr_26_1,D,A,Y,A,53,177,OH,C,7.688677
tcr_26_1,D,A,Y,A,53,177,OH,O,7.920515
tcr_26_1,D,A,Y,R,53,180,OH,O,8.884914
tcr_26_1,D,A,Y,R,53,180,OH,C,8.246564
tcr_26_1,D,A,Y,R,53,180,OH,CD,9.208978
tcr_26_1,D,A,Y,R,53,180,OH,CB,8.88032
tcr_26_1,D,A,Y,R,53,180,OH,CA,7.7823663
tcr_26_1,D,A,Y,R,53,180,OH,CG,8.961929
tcr_26_1,D,A,Y,R,53,175,OH,CD,8.560378
tcr_26_1,D,A,Y,R,53,175,OH,NE,9.870453
tcr_26_1,D,A,Y,R,53,175,OH,NH1,9.653334
tcr_26_1,D,A,Y,R,53,175,OH,N,8.774997
tcr_26_1,D,A,Y,R,53,175,OH,CA,8.028302
tcr_26_1,D,A,Y,R,53,175,OH,CG,8.766932
tcr_26_1,D,A,Y,R,53,175,OH,CB,7.5305266
tcr_26_1,D,A,Y,R,53,175,OH,O,6.1149354
tcr_26_1,D,A,Y,A,53,174,OH,C,8.435526
tcr_26_1,D,A,Y,A,53,174,OH,O,7.3188567
tcr_26_1,D,A,Y,A,53,174,OH,CA,9.666679
tcr_26_1,D,A,Y,R,53,175,OH,C,7.1176553
tcr_26_1,D,A,Y,E,53,176,OH,N,7.694965
tcr_26_1,D,A,Y,A,53,177,OH,N,8.240767
tcr_26_1,D,A,Y,E,53,176,OH,CA,7.316807
tcr_26_1,D,A,Y,A,53,174,OH,CB,9.769427
tcr_26_1,D,A,Y,E,53,176,OH,CB,8.50677
tcr_26_1,D,A,Y,E,53,176,OH,CG,8.572927
tcr_26_1,D,A,Y,E,53,176,OH,CD,9.676603
tcr_26_1,D,A,L,Q,54,179,N,NE2,9.939394
tcr_26_1,D,A,F,Q,55,179,CE1,NE2,9.317563
tcr_26_1,D,A,F,Q,55,179,CE2,CD,9.830608
tcr_26_1,D,A,F,Q,55,179,CE2,NE2,8.774338
tcr_26_1,D,A,F,Q,55,179,CZ,CG,9.644057
tcr_26_1,D,A,F,Q,55,179,CZ,CD,9.234057
tcr_26_1,D,A,F,Q,55,179,CZ,NE2,8.291659
tcr_26_1,D,A,F,Q,55,179,CZ,OE1,9.959756
tcr_26_1,D,A,R,R,70,175,O,NH1,9.864301
tcr_26_1,D,A,R,R,70,175,CG,CD,9.952158
tcr_26_1,D,A,R,R,70,175,CG,CZ,9.701235
tcr_26_1,D,A,R,R,70,175,CG,NH1,9.217325
tcr_26_1,D,A,R,E,70,178,CD,OE2,9.751394
tcr_26_1,D,A,R,R,70,175,CD,CD,9.242264
tcr_26_1,D,A,R,R,70,175,CD,NE,9.382439
tcr_26_1,D,A,R,R,70,175,CD,NH2,9.642594
tcr_26_1,D,A,R,R,70,175,CD,CZ,9.219117
tcr_26_1,D,A,R,R,70,175,CD,NH1,8.895029
tcr_26_1,D,A,R,A,70,174,CD,O,9.851632
tcr_26_1,D,A,R,E,70,178,NE,OE2,9.279993
tcr_26_1,D,A,R,R,70,175,NE,CD,8.321683
tcr_26_1,D,A,R,R,70,175,NE,NE,8.29528
tcr_26_1,D,A,R,R,70,175,NE,NH2,8.418829
tcr_26_1,D,A,R,R,70,175,NE,CZ,8.106158
tcr_26_1,D,A,R,R,70,175,NE,NH1,7.9103565
tcr_26_1,D,A,R,R,70,175,NE,CG,9.243957
tcr_26_1,D,A,R,R,70,175,NE,CB,9.535157
tcr_26_1,D,A,R,A,70,174,NE,O,9.313569
tcr_26_1,D,A,R,E,70,178,CZ,OE2,9.217408
tcr_26_1,D,A,R,R,70,175,CZ,CD,7.7939763
tcr_26_1,D,A,R,R,70,175,CZ,NE,7.750113
tcr_26_1,D,A,R,R,70,175,CZ,NH2,8.023626
tcr_26_1,D,A,R,R,70,175,CZ,CZ,7.7242355
tcr_26_1,D,A,R,R,70,175,CZ,NH1,7.7273345
tcr_26_1,D,A,R,R,70,175,CZ,N,9.762567
tcr_26_1,D,A,R,R,70,175,CZ,CG,8.564117
tcr_26_1,D,A,R,R,70,175,CZ,CB,8.913581
tcr_26_1,D,A,R,A,70,174,CZ,C,9.102902
tcr_26_1,D,A,R,A,70,174,CZ,O,8.463372
tcr_26_1,D,A,R,A,70,174,CZ,CA,9.437983
tcr_26_1,D,A,R,A,70,173,CZ,O,8.926833
tcr_26_1,D,A,R,E,70,178,NH1,OE2,9.518771
tcr_26_1,D,A,R,R,70,175,NH1,CD,8.063479
tcr_26_1,D,A,R,R,70,175,NH1,NE,8.185092
tcr_26_1,D,A,R,R,70,175,NH1,NH2,8.75589
tcr_26_1,D,A,R,R,70,175,NH1,CZ,8.351677
tcr_26_1,D,A,R,R,70,175,NH1,NH1,8.414864
tcr_26_1,D,A,R,R,70,175,NH1,N,9.439969
tcr_26_1,D,A,R,R,70,175,NH1,CA,9.805017
tcr_26_1,D,A,R,R,70,175,NH1,CG,8.638412
tcr_26_1,D,A,R,R,70,175,NH1,CB,8.842725
tcr_26_1,D,A,R,A,70,174,NH1,C,8.632647
tcr_26_1,D,A,R,A,70,174,NH1,O,7.9328475
tcr_26_1,D,A,R,A,70,174,NH1,CA,8.865328
tcr_26_1,D,A,R,A,70,174,NH1,CB,9.590867
tcr_26_1,D,A,R,A,70,174,NH1,N,9.843847
tcr_26_1,D,A,R,A,70,173,NH1,O,8.636233
tcr_26_1,D,A,R,A,70,173,NH1,C,9.689389
tcr_26_1,D,A,R,E,70,178,NH2,OE2,9.133389
tcr_26_1,D,A,R,R,70,175,NH2,CD,7.2863073
tcr_26_1,D,A,R,R,70,175,NH2,NE,7.0323844
tcr_26_1,D,A,R,R,70,175,NH2,NH2,7.1140018
tcr_26_1,D,A,R,R,70,175,NH2,CZ,6.971087
tcr_26_1,D,A,R,R,70,175,NH2,NH1,7.1316905
tcr_26_1,D,A,R,R,70,175,NH2,N,9.436456
tcr_26_1,D,A,R,R,70,175,NH2,CA,9.746727
tcr_26_1,D,A,R,R,70,175,NH2,CG,8.066816
tcr_26_1,D,A,R,R,70,175,NH2,CB,8.626435
tcr_26_1,D,A,R,A,70,174,NH2,C,8.8720875
tcr_26_1,D,A,R,A,70,174,NH2,O,8.390348
tcr_26_1,D,A,R,A,70,174,NH2,CA,9.147949
tcr_26_1,D,A,R,A,70,174,NH2,N,9.873949
tcr_26_1,D,A,R,A,70,173,NH2,O,8.271295
tcr_26_1,D,A,R,A,70,173,NH2,C,9.443733
tcr_26_1,D,A,Q,E,71,178,C,OE2,9.426744
tcr_26_1,D,A,Q,E,71,178,O,OE2,9.923419
tcr_26_1,D,A,Q,Q,71,179,O,NE2,9.748581
tcr_26_1,D,A,E,A,72,182,N,CB,9.634846
tcr_26_1,D,A,E,Q,72,179,N,CG,9.922002
tcr_26_1,D,A,E,E,72,178,N,CB,9.730943
tcr_26_1,D,A,E,E,72,178,N,OE2,8.410993
tcr_26_1,D,A,E,E,72,178,N,CD,9.55384
tcr_26_1,D,A,E,R,72,175,N,NH1,9.6248455
tcr_26_1,D,A,E,A,72,182,CA,CB,8.199377
tcr_26_1,D,A,E,A,72,182,CA,CA,9.562686
tcr_26_1,D,A,E,E,72,178,CA,O,8.993528
tcr_26_1,D,A,E,E,72,178,CA,C,9.24181
tcr_26_1,D,A,E,Q,72,179,CA,CA,9.431513
tcr_26_1,D,A,E,Q,72,179,CA,N,9.430377
tcr_26_1,D,A,E,E,72,178,CA,CA,9.754168
tcr_26_1,D,A,E,Q,72,179,CA,CB,9.871777
tcr_26_1,D,A,E,Q,72,179,CA,CG,8.850001
tcr_26_1,D,A,E,E,72,178,CA,CB,8.812733
tcr_26_1,D,A,E,E,72,178,CA,CG,9.554877
tcr_26_1,D,A,E,E,72,178,CA,OE2,7.863508
tcr_26_1,D,A,E,E,72,178,CA,CD,8.960832
tcr_26_1,D,A,E,E,72,178,CA,OE1,9.782348
tcr_26_1,D,A,E,Q,72,179,CA,CD,9.635787
tcr_26_1,D,A,E,Q,72,179,CA,NE2,9.198399
tcr_26_1,D,A,E,R,72,181,CA,NH2,9.810469
tcr_26_1,D,A,E,R,72,175,CA,NH1,9.686003
tcr_26_1,D,A,E,A,72,182,C,CB,8.0447
tcr_26_1,D,A,E,A,72,182,C,CA,9.308191
tcr_26_1,D,A,E,E,72,178,C,O,9.322368
tcr_26_1,D,A,E,E,72,178,C,C,9.7575655
tcr_26_1,D,A,E,Q,72,179,C,CA,9.950831
tcr_26_1,D,A,E,Q,72,179,C,CG,9.627771
tcr_26_1,D,A,E,E,72,178,C,CB,9.555288
tcr_26_1,D,A,E,E,72,178,C,OE2,8.83918
tcr_26_1,D,A,E,E,72,178,C,CD,9.844557
tcr_26_1,D,A,E,Q,72,179,C,NE2,9.994888
tcr_26_1,D,A,E,R,72,181,C,NH2,9.997493
tcr_26_1,D,A,E,A,72,182,O,CB,8.600955
tcr_26_1,D,A,E,A,72,182,O,CA,9.750274
tcr_26_1,D,A,E,E,72,178,O,O,9.832959
tcr_26_1,D,A,E,E,72,178,O,CB,9.978227
tcr_26_1,D,A,E,E,72,178,O,OE2,9.12138
tcr_26_1,D,A,E,R,72,181,O,NH2,9.941745
tcr_26_1,D,A,E,Q,72,179,CB,C,9.778441
tcr_26_1,D,A,E,A,72,182,CB,CB,7.56268
tcr_26_1,D,A,E,A,72,182,CB,CA,8.877566
tcr_26_1,D,A,E,A,72,182,CB,N,9.400384
tcr_26_1,D,A,E,E,72,178,CB,O,7.900148
tcr_26_1,D,A,E,E,72,178,CB,C,8.096596
tcr_26_1,D,A,E,Q,72,179,CB,CA,8.592519
tcr_26_1,D,A,E,Q,72,179,CB,N,8.398525
tcr_26_1,D,A,E,E,72,178,CB,CA,8.45955
tcr_26_1,D,A,E,Q,72,179,CB,CB,9.14683
tcr_26_1,D,A,E,Q,72,179,CB,CG,8.223442
tcr_26_1,D,A,E,E,72,178,CB,CB,7.4445333
tcr_26_1,D,A,E,E,72,178,CB,N,9.735171
tcr_26_1,D,A,E,E,72,178,CB,CG,8.09665
tcr_26_1,D,A,E,E,72,178,CB,OE2,6.4026747
tcr_26_1,D,A,E,E,72,178,CB,CD,7.4725213
tcr_26_1,D,A,E,E,72,178,CB,OE1,8.277185
tcr_26_1,D,A,E,Q,72,179,CB,CD,9.180404
tcr_26_1,D,A,E,Q,72,179,CB,NE2,8.945704
tcr_26_1,D,A,E,Q,72,179,CB,O,9.894743
tcr_26_1,D,A,E,R,72,181,CB,NE,9.951354
tcr_26_1,D,A,E,R,72,181,CB,NH2,8.40531
tcr_26_1,D,A,E,R,72,181,CB,CZ,9.570072
tcr_26_1,D,A,E,R,72,175,CB,CD,9.118912
tcr_26_1,D,A,E,R,72,175,CB,NE,9.865291
tcr_26_1,D,A,E,R,72,175,CB,CZ,9.534147
tcr_26_1,D,A,E,R,72,175,CB,NH1,8.391937
tcr_26_1,D,A,E,R,72,175,CB,CB,9.609948
tcr_26_1,D,A,E,R,72,175,CB,O,9.531835
tcr_26_1,D,A,E,Q,72,179,CG,C,9.647479
tcr_26_1,D,A,E,A,72,182,CG,CB,8.078761
tcr_26_1,D,A,E,A,72,182,CG,CA,9.434968
tcr_26_1,D,A,E,A,72,182,CG,N,9.775138
tcr_26_1,D,A,E,E,72,178,CG,O,7.866004
tcr_26_1,D,A,E,E,72,178,CG,C,7.8261437
tcr_26_1,D,A,E,Q,72,179,CG,CA,8.32074
tcr_26_1,D,A,E,Q,72,179,CG,N,8.003553
tcr_26_1,D,A,E,E,72,178,CG,CA,8.059831
tcr_26_1,D,A,E,Q,72,179,CG,CB,8.708629
tcr_26_1,D,A,E,Q,72,179,CG,CG,7.6755652
tcr_26_1,D,A,E,E,72,178,CG,CB,6.888519
tcr_26_1,D,A,E,E,72,178,CG,N,9.202445
tcr_26_1,D,A,E,E,72,178,CG,CG,7.4767656
tcr_26_1,D,A,E,E,72,178,CG,OE2,5.5382223
tcr_26_1,D,A,E,E,72,178,CG,CD,6.714074
tcr_26_1,D,A,E,E,72,178,CG,OE1,7.5120726
tcr_26_1,D,A,E,Q,72,179,CG,CD,8.569702
tcr_26_1,D,A,E,Q,72,179,CG,NE2,8.396913
tcr_26_1,D,A,E,Q,72,179,CG,OE1,9.629911
tcr_26_1,D,A,E,Q,72,179,CG,O,9.935069
tcr_26_1,D,A,E,R,72,181,CG,NH2,8.5175
tcr_26_1,D,A,E,R,72,181,CG,CZ,9.685478
tcr_26_1,D,A,E,R,72,175,CG,CD,7.84741
tcr_26_1,D,A,E,R,72,175,CG,NE,8.585258
tcr_26_1,D,A,E,R,72,175,CG,NH2,9.292687
tcr_26_1,D,A,E,R,72,175,CG,CZ,8.314828
tcr_26_1,D,A,E,R,72,175,CG,NH1,7.2526865
tcr_26_1,D,A,E,R,72,175,CG,CA,9.657575
tcr_26_1,D,A,E,R,72,175,CG,CG,8.906257
tcr_26_1,D,A,E,R,72,175,CG,CB,8.409391
tcr_26_1,D,A,E,R,72,175,CG,O,8.58087
tcr_26_1,D,A,E,A,72,174,CG,O,9.431775
tcr_26_1,D,A,E,R,72,175,CG,C,9.515585
tcr_26_1,D,A,E,Q,72,179,CD,C,9.351027
tcr_26_1,D,A,E,A,72,182,CD,CB,8.0518055
tcr_26_1,D,A,E,A,72,182,CD,CA,9.289626
tcr_26_1,D,A,E,A,72,182,CD,N,9.423653
tcr_26_1,D,A,E,E,72,178,CD,O,7.269241
tcr_26_1,D,A,E,E,72,178,CD,C,7.1318154
tcr_26_1,D,A,E,Q,72,179,CD,CA,8.024029
tcr_26_1,D,A,E,Q,72,179,CD,N,7.450279
tcr_26_1,D,A,E,E,72,178,CD,CA,7.1048093
tcr_26_1,D,A,E,Q,72,179,CD,CB,8.523051
tcr_26_1,D,A,E,Q,72,179,CD,CG,7.64024
tcr_26_1,D,A,E,E,72,178,CD,CB,5.8022823
tcr_26_1,D,A,E,E,72,178,CD,N,8.219947
tcr_26_1,D,A,E,E,72,178,CD,CG,6.1784067
tcr_26_1,D,A,E,E,72,178,CD,OE2,4.127334
tcr_26_1,D,A,E,E,72,178,CD,CD,5.28821
tcr_26_1,D,A,E,E,72,176,CD,O,9.897997
tcr_26_1,D,A,E,E,72,178,CD,OE1,6.016702
tcr_26_1,D,A,E,Q,72,179,CD,CD,8.685618
tcr_26_1,D,A,E,Q,72,179,CD,NE2,8.740937
tcr_26_1,D,A,E,Q,72,179,CD,OE1,9.661661
tcr_26_1,D,A,E,Q,72,179,CD,O,9.775846
tcr_26_1,D,A,E,R,72,181,CD,NE,9.258968
tcr_26_1,D,A,E,R,72,181,CD,NH2,7.389446
tcr_26_1,D,A,E,R,72,181,CD,CZ,8.583873
tcr_26_1,D,A,E,A,72,177,CD,C,9.47897
tcr_26_1,D,A,E,R,72,181,CD,NH1,9.243081
tcr_26_1,D,A,E,A,72,177,CD,O,9.841429
tcr_26_1,D,A,E,R,72,175,CD,CD,6.605246
tcr_26_1,D,A,E,R,72,175,CD,NE,7.328014
tcr_26_1,D,A,E,R,72,175,CD,NH2,8.042222
tcr_26_1,D,A,E,R,72,175,CD,CZ,7.025493
tcr_26_1,D,A,E,R,72,175,CD,NH1,5.911093
tcr_26_1,D,A,E,R,72,175,CD,N,9.538237
tcr_26_1,D,A,E,R,72,175,CD,CA,8.622751
tcr_26_1,D,A,E,R,72,175,CD,CG,7.72603
tcr_26_1,D,A,E,R,72,175,CD,CB,7.3093076
tcr_26_1,D,A,E,R,72,175,CD,O,7.6821036
tcr_26_1,D,A,E,A,72,174,CD,C,9.58783
tcr_26_1,D,A,E,A,72,174,CD,O,8.765423
tcr_26_1,D,A,E,R,72,175,CD,C,8.595116
tcr_26_1,D,A,E,E,72,176,CD,N,9.759981
tcr_26_1,D,A,E,A,72,182,OE1,CB,9.203451
tcr_26_1,D,A,E,E,72,178,OE1,O,8.171612
tcr_26_1,D,A,E,E,72,178,OE1,C,7.9402184
tcr_26_1,D,A,E,Q,72,179,OE1,CA,8.982897
tcr_26_1,D,A,E,Q,72,179,OE1,N,8.282855
tcr_26_1,D,A,E,E,72,178,OE1,CA,7.708161
tcr_26_1,D,A,E,Q,72,179,OE1,CB,9.441195
tcr_26_1,D,A,E,Q,72,179,OE1,CG,8.556277
tcr_26_1,D,A,E,E,72,178,OE1,CB,6.288876
tcr_26_1,D,A,E,E,72,178,OE1,N,8.727051
tcr_26_1,D,A,E,E,72,178,OE1,CG,6.3876367
tcr_26_1,D,A,E,E,72,178,OE1,OE2,4.104487
tcr_26_1,D,A,E,E,72,178,OE1,CD,5.24679
tcr_26_1,D,A,E,E,72,178,OE1,OE1,5.748046
tcr_26_1,D,A,E,Q,72,179,OE1,CD,9.564718
tcr_26_1,D,A,E,Q,72,179,OE1,NE2,9.66276
tcr_26_1,D,A,E,R,72,181,OE1,NE,9.82012
tcr_26_1,D,A,E,R,72,181,OE1,NH2,7.793868
tcr_26_1,D,A,E,R,72,181,OE1,CZ,9.018732
tcr_26_1,D,A,E,R,72,181,OE1,NH1,9.565921
tcr_26_1,D,A,E,R,72,175,OE1,CD,6.0847783
tcr_26_1,D,A,E,R,72,175,OE1,NE,6.5924487
tcr_26_1,D,A,E,R,72,175,OE1,NH2,7.0441556
tcr_26_1,D,A,E,R,72,175,OE1,CZ,6.129437
tcr_26_1,D,A,E,R,72,175,OE1,NH1,4.982521
tcr_26_1,D,A,E,R,72,175,OE1,N,9.459808
tcr_26_1,D,A,E,R,72,175,OE1,CA,8.612202
tcr_26_1,D,A,E,R,72,175,OE1,CG,7.3600407
tcr_26_1,D,A,E,R,72,175,OE1,CB,7.1926723
tcr_26_1,D,A,E,R,72,175,OE1,O,8.00987
tcr_26_1,D,A,E,A,72,174,OE1,C,9.549412
tcr_26_1,D,A,E,A,72,174,OE1,O,8.820666
tcr_26_1,D,A,E,R,72,175,OE1,C,8.805264
tcr_26_1,D,A,E,R,72,180,OE2,N,9.129085
tcr_26_1,D,A,E,Q,72,179,OE2,C,8.3411255
tcr_26_1,D,A,E,A,72,182,OE2,C,9.584854
tcr_26_1,D,A,E,A,72,182,OE2,CB,7.0637345
tcr_26_1,D,A,E,A,72,182,OE2,CA,8.231124
tcr_26_1,D,A,E,A,72,182,OE2,N,8.281838
tcr_26_1,D,A,E,E,72,178,OE2,O,6.0986214
tcr_26_1,D,A,E,E,72,178,OE2,C,6.000962
tcr_26_1,D,A,E,Q,72,179,OE2,CA,7.074949
tcr_26_1,D,A,E,Q,72,179,OE2,N,6.4324937
tcr_26_1,D,A,E,E,72,178,OE2,CA,5.964384
tcr_26_1,D,A,E,Q,72,179,OE2,CB,7.7225094
tcr_26_1,D,A,E,Q,72,179,OE2,CG,7.006456
tcr_26_1,D,A,E,E,72,178,OE2,CB,4.7196794
tcr_26_1,D,A,E,E,72,178,OE2,N,7.148567
tcr_26_1,D,A,E,E,72,178,OE2,CG,5.1788497
tcr_26_1,D,A,E,E,72,178,OE2,OE2,3.409544
tcr_26_1,D,A,E,E,72,178,OE2,CD,4.478518
tcr_26_1,D,A,E,E,72,176,OE2,O,8.96987
tcr_26_1,D,A,E,E,72,178,OE2,OE1,5.3354135
tcr_26_1,D,A,E,E,72,176,OE2,C,9.206795
tcr_26_1,D,A,E,Q,72,179,OE2,CD,8.195131
tcr_26_1,D,A,E,Q,72,179,OE2,NE2,8.382616
tcr_26_1,D,A,E,Q,72,179,OE2,OE1,9.157324
tcr_26_1,D,A,E,Q,72,179,OE2,O,8.780391
tcr_26_1,D,A,E,R,72,181,OE2,NE,8.067432
tcr_26_1,D,A,E,R,72,181,OE2,C,9.364517
tcr_26_1,D,A,E,R,72,181,OE2,CG,9.639513
tcr_26_1,D,A,E,R,72,181,OE2,CD,9.411424
tcr_26_1,D,A,E,R,72,181,OE2,CA,9.689182
tcr_26_1,D,A,E,R,72,181,OE2,CB,9.064239
tcr_26_1,D,A,E,R,72,181,OE2,N,9.601494
tcr_26_1,D,A,E,R,72,181,OE2,NH2,6.252204
tcr_26_1,D,A,E,R,72,181,OE2,CZ,7.415619
tcr_26_1,D,A,E,A,72,177,OE2,CA,9.601739
tcr_26_1,D,A,E,A,72,177,OE2,C,8.377715
tcr_26_1,D,A,E,R,72,181,OE2,NH1,8.098204
tcr_26_1,D,A,E,A,72,177,OE2,O,8.681912
tcr_26_1,D,A,E,R,72,175,OE2,CD,6.4427495
tcr_26_1,D,A,E,R,72,175,OE2,NE,7.3141994
tcr_26_1,D,A,E,R,72,175,OE2,NH2,8.228416
tcr_26_1,D,A,E,R,72,175,OE2,CZ,7.1194634
tcr_26_1,D,A,E,R,72,175,OE2,NH1,6.011824
tcr_26_1,D,A,E,R,72,175,OE2,N,9.145766
tcr_26_1,D,A,E,R,72,175,OE2,CA,8.09509
tcr_26_1,D,A,E,R,72,175,OE2,CG,7.4411616
tcr_26_1,D,A,E,R,72,175,OE2,CB,6.870265
tcr_26_1,D,A,E,R,72,175,OE2,O,6.943142
tcr_26_1,D,A,E,A,72,174,OE2,C,9.302449
tcr_26_1,D,A,E,A,72,174,OE2,O,8.51253
tcr_26_1,D,A,E,R,72,175,OE2,C,7.9407597
tcr_26_1,D,A,E,E,72,176,OE2,N,9.095533
tcr_26_1,D,A,E,A,72,177,OE2,N,9.489158
tcr_26_1,D,A,E,E,72,176,OE2,CA,9.425187
tcr_26_1,D,A,A,A,73,182,N,O,9.79124
tcr_26_1,D,A,A,A,73,182,N,C,9.59267
tcr_26_1,D,A,A,A,73,182,N,CB,7.6048093
tcr_26_1,D,A,A,A,73,182,N,CA,8.871786
tcr_26_1,D,A,A,A,73,182,N,N,9.861567
tcr_26_1,D,A,A,E,73,178,N,O,9.310074
tcr_26_1,D,A,A,E,73,178,N,C,9.826175
tcr_26_1,D,A,A,Q,73,179,N,CA,9.750886
tcr_26_1,D,A,A,Q,73,179,N,CG,9.426293
tcr_26_1,D,A,A,E,73,178,N,CB,9.959834
tcr_26_1,D,A,A,E,73,178,N,OE2,9.580316
tcr_26_1,D,A,A,Q,73,179,N,NE2,9.618964
tcr_26_1,D,A,A,A,73,182,CA,O,9.653881
tcr_26_1,D,A,A,A,73,182,CA,C,9.641198
tcr_26_1,D,A,A,A,73,182,CA,CB,7.932172
tcr_26_1,D,A,A,A,73,182,CA,CA,9.051095
tcr_26_1,D,A,A,G,73,186,C,CA,9.671121
tcr_26_1,D,A,A,A,73,182,C,O,8.854121
tcr_26_1,D,A,A,A,73,182,C,C,8.939418
tcr_26_1,D,A,A,A,73,182,C,CB,7.355838
tcr_26_1,D,A,A,A,73,182,C,CA,8.297361
tcr_26_1,D,A,A,A,73,182,C,N,9.434596
tcr_26_1,D,A,A,E,73,178,C,O,9.526939
tcr_26_1,D,A,A,Y,73,183,C,N,9.888902
tcr_26_1,D,A,A,G,73,186,O,CA,9.743007
tcr_26_1,D,A,A,E,73,190,O,OE1,9.781139
tcr_26_1,D,A,A,A,73,182,O,O,9.331698
tcr_26_1,D,A,A,A,73,182,O,C,9.555375
tcr_26_1,D,A,A,A,73,182,O,CB,8.179469
tcr_26_1,D,A,A,A,73,182,O,CA,8.96998
tcr_26_1,D,A,A,T,73,187,CB,OG1,9.411611
tcr_26_1,D,A,A,A,73,182,CB,O,9.30904
tcr_26_1,D,A,A,A,73,182,CB,C,9.356225
tcr_26_1,D,A,A,A,73,182,CB,CB,7.8855767
tcr_26_1,D,A,A,A,73,182,CB,CA,8.996137
tcr_26_1,D,A,Y,G,74,186,N,CA,9.001603
tcr_26_1,D,A,Y,G,74,186,N,N,9.356245
tcr_26_1,D,A,Y,E,74,185,N,CB,9.890571
tcr_26_1,D,A,Y,T,74,187,N,OG1,9.657416
tcr_26_1,D,A,Y,T,74,187,N,N,9.926825
tcr_26_1,D,A,Y,Q,74,179,N,C,9.913313
tcr_26_1,D,A,Y,A,74,182,N,O,7.874294
tcr_26_1,D,A,Y,A,74,182,N,C,7.8740582
tcr_26_1,D,A,Y,A,74,182,N,CB,6.174226
tcr_26_1,D,A,Y,A,74,182,N,CA,7.1121273
tcr_26_1,D,A,Y,A,74,182,N,N,8.188853
tcr_26_1,D,A,Y,E,74,178,N,O,8.244247
tcr_26_1,D,A,Y,E,74,178,N,C,9.043385
tcr_26_1,D,A,Y,Q,74,179,N,CA,9.310196
tcr_26_1,D,A,Y,Q,74,179,N,N,9.542366
tcr_26_1,D,A,Y,E,74,178,N,CA,9.809714
tcr_26_1,D,A,Y,Q,74,179,N,CG,9.729816
tcr_26_1,D,A,Y,E,74,178,N,CB,9.426437
tcr_26_1,D,A,Y,E,74,178,N,OE2,9.505225
tcr_26_1,D,A,Y,Q,74,179,N,O,9.493356
tcr_26_1,D,A,Y,Y,74,183,N,CA,9.871037
tcr_26_1,D,A,Y,Y,74,183,N,N,8.84646
tcr_26_1,D,A,Y,R,74,181,N,NE,9.55986
tcr_26_1,D,A,Y,R,74,181,N,C,9.252184
tcr_26_1,D,A,Y,R,74,181,N,O,9.499866
tcr_26_1,D,A,Y,E,74,185,N,OE2,9.240039
tcr_26_1,D,A,Y,R,74,181,N,NH2,8.903505
tcr_26_1,D,A,Y,R,74,181,N,CZ,9.777499
tcr_26_1,D,A,Y,E,74,185,CA,O,9.537584
tcr_26_1,D,A,Y,G,74,186,CA,CA,8.291617
tcr_26_1,D,A,Y,E,74,190,CA,OE1,9.594396
tcr_26_1,D,A,Y,E,74,185,CA,C,9.135731
tcr_26_1,D,A,Y,G,74,186,CA,N,8.538604
tcr_26_1,D,A,Y,E,74,185,CA,CB,8.771637
tcr_26_1,D,A,Y,E,74,185,CA,CA,9.627066
tcr_26_1,D,A,Y,T,74,187,CA,OG1,9.679076
tcr_26_1,D,A,Y,T,74,187,CA,N,9.53156
tcr_26_1,D,A,Y,G,74,186,CA,C,9.496801
tcr_26_1,D,A,Y,Q,74,179,CA,C,9.846361
tcr_26_1,D,A,Y,A,74,182,CA,O,7.3263273
tcr_26_1,D,A,Y,A,74,182,CA,C,7.4196334
tcr_26_1,D,A,Y,A,74,182,CA,CB,5.9138956
tcr_26_1,D,A,Y,A,74,182,CA,CA,6.587936
tcr_26_1,D,A,Y,A,74,182,CA,N,7.6242814
tcr_26_1,D,A,Y,E,74,178,CA,O,7.944032
tcr_26_1,D,A,Y,E,74,178,CA,C,8.853665
tcr_26_1,D,A,Y,Q,74,179,CA,CA,9.385995
tcr_26_1,D,A,Y,Q,74,179,CA,N,9.523455
tcr_26_1,D,A,Y,E,74,178,CA,CA,9.536237
tcr_26_1,D,A,Y,E,74,178,CA,CB,9.262705
tcr_26_1,D,A,Y,E,74,178,CA,OE2,9.500391
tcr_26_1,D,A,Y,Q,74,179,CA,O,9.411571
tcr_26_1,D,A,Y,Y,74,183,CA,CA,9.59
tcr_26_1,D,A,Y,Y,74,183,CA,N,8.529012
tcr_26_1,D,A,Y,R,74,181,CA,NE,8.586402
tcr_26_1,D,A,Y,R,74,181,CA,C,8.550948
tcr_26_1,D,A,Y,R,74,181,CA,O,8.7035265
tcr_26_1,D,A,Y,E,74,185,CA,CG,9.669315
tcr_26_1,D,A,Y,R,74,181,CA,CG,9.42928
tcr_26_1,D,A,Y,R,74,181,CA,CD,9.630696
tcr_26_1,D,A,Y,E,74,185,CA,CD,9.188682
tcr_26_1,D,A,Y,E,74,185,CA,OE2,7.997676
tcr_26_1,D,A,Y,R,74,181,CA,CA,9.738094
tcr_26_1,D,A,Y,R,74,181,CA,CB,9.584249
tcr_26_1,D,A,Y,R,74,181,CA,NH2,8.101787
tcr_26_1,D,A,Y,R,74,181,CA,CZ,8.902949
tcr_26_1,D,A,Y,E,74,185,CA,N,9.994414
tcr_26_1,D,A,Y,G,74,186,C,CA,9.396717
tcr_26_1,D,A,Y,E,74,185,C,C,9.973435
tcr_26_1,D,A,Y,G,74,186,C,N,9.538311
tcr_26_1,D,A,Y,E,74,185,C,CB,9.33018
tcr_26_1,D,A,Y,A,74,182,C,O,8.483415
tcr_26_1,D,A,Y,A,74,182,C,C,8.54785
tcr_26_1,D,A,Y,A,74,182,C,CB,6.965852
tcr_26_1,D,A,Y,A,74,182,C,CA,7.5632315
tcr_26_1,D,A,Y,A,74,182,C,N,8.426776
tcr_26_1,D,A,Y,E,74,178,C,O,8.507276
tcr_26_1,D,A,Y,E,74,178,C,C,9.356354
tcr_26_1,D,A,Y,E,74,178,C,CA,9.812904
tcr_26_1,D,A,Y,E,74,178,C,CB,9.395588
tcr_26_1,D,A,Y,E,74,178,C,CG,9.963277
tcr_26_1,D,A,Y,E,74,178,C,OE2,9.297444
tcr_26_1,D,A,Y,E,74,178,C,CD,9.82909
tcr_26_1,D,A,Y,Y,74,183,C,N,9.693297
tcr_26_1,D,A,Y,R,74,181,C,NE,8.4935055
tcr_26_1,D,A,Y,R,74,181,C,C,9.269673
tcr_26_1,D,A,Y,R,74,181,C,O,9.452711
tcr_26_1,D,A,Y,R,74,181,C,CG,9.681669
tcr_26_1,D,A,Y,R,74,181,C,CD,9.643799
tcr_26_1,D,A,Y,E,74,185,C,CD,9.3847475
tcr_26_1,D,A,Y,E,74,185,C,OE2,8.1458235
tcr_26_1,D,A,Y,R,74,181,C,CB,9.961032
tcr_26_1,D,A,Y,R,74,181,C,NH2,7.789827
tcr_26_1,D,A,Y,R,74,181,C,CZ,8.687323
tcr_26_1,D,A,Y,R,74,181,C,NH1,9.927145
tcr_26_1,D,A,Y,E,74,185,O,O,9.881933
tcr_26_1,D,A,Y,G,74,186,O,CA,9.283941
tcr_26_1,D,A,Y,E,74,185,O,C,9.658057
tcr_26_1,D,A,Y,G,74,186,O,N,9.374212
tcr_26_1,D,A,Y,E,74,185,O,CB,8.921682
tcr_26_1,D,A,Y,A,74,182,O,O,8.652931
tcr_26_1,D,A,Y,A,74,182,O,C,8.81974
tcr_26_1,D,A,Y,A,74,182,O,CB,7.475982
tcr_26_1,D,A,Y,A,74,182,O,CA,7.8485913
tcr_26_1,D,A,Y,A,74,182,O,N,8.661549
tcr_26_1,D,A,Y,E,74,178,O,O,8.961186
tcr_26_1,D,A,Y,E,74,178,O,C,9.867553
tcr_26_1,D,A,Y,E,74,178,O,CB,9.9046545
tcr_26_1,D,A,Y,E,74,178,O,OE2,9.877137
tcr_26_1,D,A,Y,R,74,181,O,NE,8.291721
tcr_26_1,D,A,Y,R,74,181,O,C,9.355124
tcr_26_1,D,A,Y,E,74,185,O,OE1,9.678618
tcr_26_1,D,A,Y,R,74,181,O,O,9.430528
tcr_26_1,D,A,Y,E,74,185,O,CG,9.62755
tcr_26_1,D,A,Y,R,74,181,O,CG,9.50181
tcr_26_1,D,A,Y,R,74,181,O,CD,9.384474
tcr_26_1,D,A,Y,E,74,185,O,CD,8.8720455
tcr_26_1,D,A,Y,E,74,185,O,OE2,7.637455
tcr_26_1,D,A,Y,R,74,181,O,CB,9.966529
tcr_26_1,D,A,Y,R,74,181,O,NH2,7.7509723
tcr_26_1,D,A,Y,R,74,181,O,CZ,8.56514
tcr_26_1,D,A,Y,R,74,181,O,NH1,9.8111105
tcr_26_1,D,A,Y,E,74,185,CB,O,8.670282
tcr_26_1,D,A,Y,G,74,186,CB,CA,7.4670563
tcr_26_1,D,A,Y,E,74,190,CB,OE1,9.506516
tcr_26_1,D,A,Y,E,74,185,CB,C,8.122708
tcr_26_1,D,A,Y,G,74,186,CB,N,7.5193067
tcr_26_1,D,A,Y,E,74,185,CB,CB,7.5929
tcr_26_1,D,A,Y,E,74,185,CB,CA,8.465067
tcr_26_1,D,A,Y,T,74,187,CB,OG1,8.938235
tcr_26_1,D,A,Y,T,74,187,CB,CB,9.950202
tcr_26_1,D,A,Y,T,74,187,CB,CA,9.934556
tcr_26_1,D,A,Y,T,74,187,CB,N,8.703592
tcr_26_1,D,A,Y,G,74,186,CB,O,9.7891245
tcr_26_1,D,A,Y,G,74,186,CB,C,8.702205
tcr_26_1,D,A,Y,L,74,184,CB,C,9.864976
tcr_26_1,D,A,Y,R,74,180,CB,N,9.473221
tcr_26_1,D,A,Y,Q,74,179,CB,C,8.438096
tcr_26_1,D,A,Y,A,74,182,CB,O,6.0661216
tcr_26_1,D,A,Y,A,74,182,CB,C,6.0483127
tcr_26_1,D,A,Y,A,74,182,CB,CB,4.484957
tcr_26_1,D,A,Y,A,74,182,CB,CA,5.10802
tcr_26_1,D,A,Y,A,74,182,CB,N,6.0988564
tcr_26_1,D,A,Y,E,74,178,CB,O,6.5161576
tcr_26_1,D,A,Y,E,74,178,CB,C,7.490653
tcr_26_1,D,A,Y,Q,74,179,CB,CA,8.067599
tcr_26_1,D,A,Y,Q,74,179,CB,N,8.201167
tcr_26_1,D,A,Y,E,74,178,CB,CA,8.226432
tcr_26_1,D,A,Y,Q,74,179,CB,CB,9.2329235
tcr_26_1,D,A,Y,Q,74,179,CB,CG,9.091097
tcr_26_1,D,A,Y,E,74,178,CB,CB,8.11124
tcr_26_1,D,A,Y,E,74,178,CB,N,9.659627
tcr_26_1,D,A,Y,E,74,178,CB,CG,8.974209
tcr_26_1,D,A,Y,E,74,178,CB,OE2,8.717844
tcr_26_1,D,A,Y,E,74,178,CB,CD,9.1847
tcr_26_1,D,A,Y,Y,74,183,CB,CB,9.454101
tcr_26_1,D,A,Y,Q,74,179,CB,O,8.008294
tcr_26_1,D,A,Y,Y,74,183,CB,CA,8.305971
tcr_26_1,D,A,Y,Y,74,183,CB,N,7.163037
tcr_26_1,D,A,Y,Y,74,183,CB,O,9.398662
tcr_26_1,D,A,Y,Y,74,183,CB,C,8.961098
tcr_26_1,D,A,Y,R,74,181,CB,NE,7.308023
tcr_26_1,D,A,Y,R,74,181,CB,C,7.033986
tcr_26_1,D,A,Y,E,74,185,CB,OE1,8.961319
tcr_26_1,D,A,Y,R,74,181,CB,O,7.2378845
tcr_26_1,D,A,Y,E,74,185,CB,CG,8.4287
tcr_26_1,D,A,Y,R,74,181,CB,CG,8.000172
tcr_26_1,D,A,Y,R,74,181,CB,CD,8.2954445
tcr_26_1,D,A,Y,E,74,185,CB,CD,7.9752774
tcr_26_1,D,A,Y,E,74,185,CB,OE2,6.8121552
tcr_26_1,D,A,Y,R,74,181,CB,CA,8.211977
tcr_26_1,D,A,Y,R,74,181,CB,CB,8.092626
tcr_26_1,D,A,Y,R,74,181,CB,N,8.812147
tcr_26_1,D,A,Y,R,74,181,CB,NH2,6.9959164
tcr_26_1,D,A,Y,R,74,181,CB,CZ,7.696508
tcr_26_1,D,A,Y,R,74,181,CB,NH1,8.965717
tcr_26_1,D,A,Y,A,74,177,CB,O,9.763303
tcr_26_1,D,A,Y,E,74,185,CB,N,8.712722
tcr_26_1,D,A,Y,L,74,184,CB,N,9.2956915
tcr_26_1,D,A,Y,R,74,180,CB,O,9.458264
tcr_26_1,D,A,Y,R,74,180,CB,C,9.36264
tcr_26_1,D,A,Y,E,74,185,CG,O,9.52992
tcr_26_1,D,A,Y,G,74,186,CG,CA,8.4696
tcr_26_1,D,A,Y,E,74,185,CG,C,8.868923
tcr_26_1,D,A,Y,G,74,186,CG,N,8.317411
tcr_26_1,D,A,Y,E,74,185,CG,CB,7.9854984
tcr_26_1,D,A,Y,E,74,185,CG,CA,8.972238
tcr_26_1,D,A,Y,T,74,187,CG,OG1,9.778867
tcr_26_1,D,A,Y,T,74,187,CG,N,9.642526
tcr_26_1,D,A,Y,G,74,186,CG,C,9.702869
tcr_26_1,D,A,Y,R,74,180,CG,N,8.769053
tcr_26_1,D,A,Y,Q,74,179,CG,C,7.7911124
tcr_26_1,D,A,Y,A,74,182,CG,O,6.5612464
tcr_26_1,D,A,Y,A,74,182,CG,C,6.2728076
tcr_26_1,D,A,Y,A,74,182,CG,CB,4.2747655
tcr_26_1,D,A,Y,A,74,182,CG,CA,5.0578403
tcr_26_1,D,A,Y,A,74,182,CG,N,5.7543235
tcr_26_1,D,A,Y,E,74,178,CG,O,5.5360885
tcr_26_1,D,A,Y,E,74,178,CG,C,6.393489
tcr_26_1,D,A,Y,Q,74,179,CG,CA,7.2465196
tcr_26_1,D,A,Y,Q,74,179,CG,N,7.1688905
tcr_26_1,D,A,Y,E,74,178,CG,CA,6.982239
tcr_26_1,D,A,Y,Q,74,179,CG,CB,8.429754
tcr_26_1,D,A,Y,Q,74,179,CG,CG,8.252019
tcr_26_1,D,A,Y,E,74,178,CG,CB,6.722884
tcr_26_1,D,A,Y,E,74,178,CG,N,8.440204
tcr_26_1,D,A,Y,E,74,178,CG,CG,7.529749
tcr_26_1,D,A,Y,E,74,178,CG,OE2,7.209323
tcr_26_1,D,A,Y,E,74,178,CG,CD,7.680645
tcr_26_1,D,A,Y,E,74,178,CG,OE1,8.553509
tcr_26_1,D,A,Y,Q,74,179,CG,CD,9.552834
tcr_26_1,D,A,Y,Q,74,179,CG,NE2,9.627423
tcr_26_1,D,A,Y,Y,74,183,CG,CB,9.580872
tcr_26_1,D,A,Y,Q,74,179,CG,O,7.572265
tcr_26_1,D,A,Y,Y,74,183,CG,CA,8.570286
tcr_26_1,D,A,Y,Y,74,183,CG,N,7.276292
tcr_26_1,D,A,Y,Y,74,183,CG,O,9.906114
tcr_26_1,D,A,Y,Y,74,183,CG,C,9.297737
tcr_26_1,D,A,Y,R,74,181,CG,NE,6.465608
tcr_26_1,D,A,Y,R,74,181,CG,C,6.752215
tcr_26_1,D,A,Y,E,74,185,CG,OE1,8.818333
tcr_26_1,D,A,Y,R,74,181,CG,O,7.188037
tcr_26_1,D,A,Y,E,74,185,CG,CG,8.587232
tcr_26_1,D,A,Y,R,74,181,CG,CG,7.4592357
tcr_26_1,D,A,Y,R,74,181,CG,CD,7.6048274
tcr_26_1,D,A,Y,E,74,185,CG,CD,7.963709
tcr_26_1,D,A,Y,E,74,185,CG,OE2,6.794842
tcr_26_1,D,A,Y,R,74,181,CG,CA,7.7242975
tcr_26_1,D,A,Y,R,74,181,CG,CB,7.416467
tcr_26_1,D,A,Y,R,74,181,CG,N,8.222855
tcr_26_1,D,A,Y,R,74,181,CG,NH2,5.812642
tcr_26_1,D,A,Y,R,74,181,CG,CZ,6.6454606
tcr_26_1,D,A,Y,A,74,177,CG,C,9.160936
tcr_26_1,D,A,Y,R,74,181,CG,NH1,7.866665
tcr_26_1,D,A,Y,A,74,177,CG,O,8.773555
tcr_26_1,D,A,Y,E,74,185,CG,N,9.079721
tcr_26_1,D,A,Y,L,74,184,CG,N,9.4834175
tcr_26_1,D,A,Y,R,74,180,CG,O,9.183799
tcr_26_1,D,A,Y,R,74,180,CG,C,8.896261
tcr_26_1,D,A,Y,R,74,180,CG,CA,9.568995
tcr_26_1,D,A,Y,R,74,175,CG,O,9.722282
tcr_26_1,D,A,Y,G,74,186,CD1,CA,9.057153
tcr_26_1,D,A,Y,E,74,185,CD1,C,9.584302
tcr_26_1,D,A,Y,G,74,186,CD1,N,8.909316
tcr_26_1,D,A,Y,E,74,185,CD1,CB,8.768383
tcr_26_1,D,A,Y,E,74,185,CD1,CA,9.649068
tcr_26_1,D,A,Y,T,74,187,CD1,OG1,9.696568
tcr_26_1,D,A,Y,T,74,187,CD1,N,9.923223
tcr_26_1,D,A,Y,R,74,180,CD1,N,8.090267
tcr_26_1,D,A,Y,Q,74,179,CD1,C,7.0407286
tcr_26_1,D,A,Y,A,74,182,CD1,O,6.7749715
tcr_26_1,D,A,Y,A,74,182,CD1,C,6.2827406
tcr_26_1,D,A,Y,A,74,182,CD1,CB,3.9408853
tcr_26_1,D,A,Y,A,74,182,CD1,CA,5.069789
tcr_26_1,D,A,Y,A,74,182,CD1,N,5.693755
tcr_26_1,D,A,Y,E,74,178,CD1,O,4.9684954
tcr_26_1,D,A,Y,E,74,178,CD1,C,5.6665025
tcr_26_1,D,A,Y,Q,74,179,CD1,CA,6.297083
tcr_26_1,D,A,Y,Q,74,179,CD1,N,6.2629995
tcr_26_1,D,A,Y,E,74,178,CD1,CA,6.3596396
tcr_26_1,D,A,Y,Q,74,179,CD1,CB,7.3474116
tcr_26_1,D,A,Y,Q,74,179,CD1,CG,7.017641
tcr_26_1,D,A,Y,E,74,178,CD1,CB,5.9951787
tcr_26_1,D,A,Y,E,74,178,CD1,N,7.7889066
tcr_26_1,D,A,Y,E,74,178,CD1,CG,6.961997
tcr_26_1,D,A,Y,E,74,178,CD1,OE2,6.466375
tcr_26_1,D,A,Y,E,74,178,CD1,CD,7.0802755
tcr_26_1,D,A,Y,E,74,176,CD1,O,9.295504
tcr_26_1,D,A,Y,E,74,178,CD1,OE1,8.072409
tcr_26_1,D,A,Y,E,74,176,CD1,C,9.9900465
tcr_26_1,D,A,Y,Q,74,179,CD1,CD,8.284415
tcr_26_1,D,A,Y,Q,74,179,CD1,NE2,8.324887
tcr_26_1,D,A,Y,Q,74,179,CD1,OE1,9.38186
tcr_26_1,D,A,Y,Y,74,183,CD1,CB,9.229702
tcr_26_1,D,A,Y,Q,74,179,CD1,O,6.914494
tcr_26_1,D,A,Y,Y,74,183,CD1,CA,8.4033
tcr_26_1,D,A,Y,Y,74,183,CD1,N,7.0858073
tcr_26_1,D,A,Y,Y,74,183,CD1,C,9.32247
tcr_26_1,D,A,Y,R,74,181,CD1,NE,6.901059
tcr_26_1,D,A,Y,R,74,181,CD1,C,6.853112
tcr_26_1,D,A,Y,E,74,185,CD1,OE1,9.619758
tcr_26_1,D,A,Y,R,74,181,CD1,O,7.462322
tcr_26_1,D,A,Y,E,74,185,CD1,CG,9.336883
tcr_26_1,D,A,Y,R,74,181,CD1,CG,7.8273296
tcr_26_1,D,A,Y,R,74,181,CD1,CD,8.045555
tcr_26_1,D,A,Y,E,74,185,CD1,CD,8.786536
tcr_26_1,D,A,Y,E,74,185,CD1,OE2,7.6894255
tcr_26_1,D,A,Y,R,74,181,CD1,CA,7.738163
tcr_26_1,D,A,Y,R,74,181,CD1,CB,7.5067806
tcr_26_1,D,A,Y,R,74,181,CD1,N,7.9871264
tcr_26_1,D,A,Y,R,74,181,CD1,NH2,6.064048
tcr_26_1,D,A,Y,R,74,181,CD1,CZ,6.93836
tcr_26_1,D,A,Y,A,74,177,CD1,C,8.6038475
tcr_26_1,D,A,Y,R,74,181,CD1,NH1,8.060461
tcr_26_1,D,A,Y,A,74,177,CD1,O,8.346271
tcr_26_1,D,A,Y,E,74,185,CD1,N,9.557057
tcr_26_1,D,A,Y,L,74,184,CD1,N,9.545906
tcr_26_1,D,A,Y,R,74,180,CD1,O,8.966847
tcr_26_1,D,A,Y,R,74,180,CD1,C,8.579989
tcr_26_1,D,A,Y,R,74,180,CD1,CA,9.044844
tcr_26_1,D,A,Y,R,74,175,CD1,CD,9.9938545
tcr_26_1,D,A,Y,R,74,175,CD1,NH1,9.845656
tcr_26_1,D,A,Y,R,74,175,CD1,CB,9.759741
tcr_26_1,D,A,Y,R,74,175,CD1,O,8.730293
tcr_26_1,D,A,Y,R,74,175,CD1,C,9.93335
tcr_26_1,D,A,Y,E,74,185,CD2,O,9.740506
tcr_26_1,D,A,Y,G,74,186,CD2,CA,9.0734215
tcr_26_1,D,A,Y,E,74,185,CD2,C,9.11936
tcr_26_1,D,A,Y,G,74,186,CD2,N,8.758152
tcr_26_1,D,A,Y,E,74,185,CD2,CB,7.885543
tcr_26_1,D,A,Y,E,74,185,CD2,CA,9.053906
tcr_26_1,D,A,Y,R,74,180,CD2,N,9.072132
tcr_26_1,D,A,Y,Q,74,179,CD2,C,8.248261
tcr_26_1,D,A,Y,A,74,182,CD2,O,7.212901
tcr_26_1,D,A,Y,A,74,182,CD2,C,6.913672
tcr_26_1,D,A,Y,A,74,182,CD2,CB,5.0350075
tcr_26_1,D,A,Y,A,74,182,CD2,CA,5.5656543
tcr_26_1,D,A,Y,A,74,182,CD2,N,5.9949
tcr_26_1,D,A,Y,E,74,178,CD2,O,5.618748
tcr_26_1,D,A,Y,E,74,178,CD2,C,6.4354205
tcr_26_1,D,A,Y,Q,74,179,CD2,CA,7.725497
tcr_26_1,D,A,Y,Q,74,179,CD2,N,7.40074
tcr_26_1,D,A,Y,E,74,178,CD2,CA,6.7342763
tcr_26_1,D,A,Y,Q,74,179,CD2,CB,8.998995
tcr_26_1,D,A,Y,Q,74,179,CD2,CG,8.916844
tcr_26_1,D,A,Y,E,74,178,CD2,CB,6.420744
tcr_26_1,D,A,Y,E,74,178,CD2,N,8.193238
tcr_26_1,D,A,Y,E,74,178,CD2,CG,6.973986
tcr_26_1,D,A,Y,E,74,178,CD2,OE2,6.7652206
tcr_26_1,D,A,Y,E,74,178,CD2,CD,7.083869
tcr_26_1,D,A,Y,E,74,178,CD2,OE1,7.8122263
tcr_26_1,D,A,Y,Q,74,179,CD2,O,8.157244
tcr_26_1,D,A,Y,Y,74,183,CD2,CA,9.297205
tcr_26_1,D,A,Y,Y,74,183,CD2,N,7.9498587
tcr_26_1,D,A,Y,Y,74,183,CD2,C,9.882116
tcr_26_1,D,A,Y,R,74,181,CD2,NE,5.5660753
tcr_26_1,D,A,Y,R,74,181,CD2,C,6.8176455
tcr_26_1,D,A,Y,R,74,155,CD2,NH2,8.755967
tcr_26_1,D,A,Y,E,74,185,CD2,OE1,8.144304
tcr_26_1,D,A,Y,R,74,181,CD2,O,7.269539
tcr_26_1,D,A,Y,E,74,185,CD2,CG,8.281688
tcr_26_1,D,A,Y,R,74,181,CD2,CG,6.928246
tcr_26_1,D,A,Y,R,74,181,CD2,CD,6.8162103
tcr_26_1,D,A,Y,E,74,185,CD2,CD,7.431783
tcr_26_1,D,A,Y,E,74,185,CD2,OE2,6.2294965
tcr_26_1,D,A,Y,R,74,181,CD2,CA,7.6182423
tcr_26_1,D,A,Y,R,74,181,CD2,CB,7.049337
tcr_26_1,D,A,Y,R,74,181,CD2,N,8.2420225
tcr_26_1,D,A,Y,R,74,181,CD2,NH2,4.748309
tcr_26_1,D,A,Y,R,74,181,CD2,CZ,5.652782
tcr_26_1,D,A,Y,A,74,177,CD2,C,8.921904
tcr_26_1,D,A,Y,R,74,181,CD2,NH1,6.8798943
tcr_26_1,D,A,Y,L,74,154,CD2,O,9.64814
tcr_26_1,D,A,Y,A,74,177,CD2,O,8.545445
tcr_26_1,D,A,Y,R,74,155,CD2,CZ,9.354039
tcr_26_1,D,A,Y,E,74,185,CD2,N,9.244866
tcr_26_1,D,A,Y,L,74,184,CD2,N,9.895236
tcr_26_1,D,A,Y,R,74,180,CD2,O,9.453986
tcr_26_1,D,A,Y,R,74,180,CD2,C,9.08851
tcr_26_1,D,A,Y,R,74,180,CD2,CA,9.839514
tcr_26_1,D,A,Y,R,74,175,CD2,NH1,9.938079
tcr_26_1,D,A,Y,R,74,175,CD2,O,9.668461
tcr_26_1,D,A,Y,R,74,155,CD2,CG,9.980694
tcr_26_1,D,A,Y,R,74,155,CD2,NE,9.379784
tcr_26_1,D,A,Y,G,74,186,CE1,N,9.840386
tcr_26_1,D,A,Y,E,74,185,CE1,CB,9.393726
tcr_26_1,D,A,Y,R,74,180,CE1,N,7.704623
tcr_26_1,D,A,Y,Q,74,179,CE1,C,6.7609787
tcr_26_1,D,A,Y,A,74,182,CE1,O,7.5845013
tcr_26_1,D,A,Y,A,74,182,CE1,C,6.919368
tcr_26_1,D,A,Y,A,74,182,CE1,CB,4.447167
tcr_26_1,D,A,Y,A,74,182,CE1,CA,5.577266
tcr_26_1,D,A,Y,A,74,182,CE1,N,5.870812
tcr_26_1,D,A,Y,E,74,178,CE1,O,4.4337482
tcr_26_1,D,A,Y,E,74,178,CE1,C,4.890992
tcr_26_1,D,A,Y,Q,74,179,CE1,CA,5.826212
tcr_26_1,D,A,Y,Q,74,179,CE1,N,5.5194983
tcr_26_1,D,A,Y,E,74,178,CE1,CA,5.3694654
tcr_26_1,D,A,Y,Q,74,179,CE1,CB,6.841584
tcr_26_1,D,A,Y,Q,74,179,CE1,CG,6.46626
tcr_26_1,D,A,Y,E,74,178,CE1,CB,4.780525
tcr_26_1,D,A,Y,E,74,178,CE1,N,6.789259
tcr_26_1,D,A,Y,E,74,178,CE1,CG,5.6894426
tcr_26_1,D,A,Y,E,74,178,CE1,OE2,5.066791
tcr_26_1,D,A,Y,E,74,178,CE1,CD,5.7174616
tcr_26_1,D,A,Y,E,74,176,CE1,O,8.488163
tcr_26_1,D,A,Y,E,74,178,CE1,OE1,6.7311378
tcr_26_1,D,A,Y,E,74,176,CE1,C,9.057381
tcr_26_1,D,A,Y,Q,74,179,CE1,CD,7.8054667
tcr_26_1,D,A,Y,Q,74,179,CE1,NE2,7.9836283
tcr_26_1,D,A,Y,Q,74,179,CE1,OE1,8.851355
tcr_26_1,D,A,Y,Y,74,183,CE1,CB,9.653564
tcr_26_1,D,A,Y,Q,74,179,CE1,O,6.883136
tcr_26_1,D,A,Y,Y,74,183,CE1,CA,8.973845
tcr_26_1,D,A,Y,Y,74,183,CE1,N,7.5857368
tcr_26_1,D,A,Y,Y,74,183,CE1,C,9.9153185
tcr_26_1,D,A,Y,R,74,181,CE1,NE,6.533275
tcr_26_1,D,A,Y,R,74,181,CE1,C,7.0091147
tcr_26_1,D,A,Y,E,74,185,CE1,OE1,9.789074
tcr_26_1,D,A,Y,R,74,181,CE1,O,7.7941914
tcr_26_1,D,A,Y,E,74,185,CE1,CG,9.763206
tcr_26_1,D,A,Y,R,74,181,CE1,CG,7.696394
tcr_26_1,D,A,Y,R,74,181,CE1,CD,7.7645364
tcr_26_1,D,A,Y,E,74,185,CE1,CD,9.094681
tcr_26_1,D,A,Y,E,74,185,CE1,OE2,8.040978
tcr_26_1,D,A,Y,R,74,181,CE1,CA,7.641846
tcr_26_1,D,A,Y,R,74,181,CE1,CB,7.236949
tcr_26_1,D,A,Y,R,74,181,CE1,N,7.760467
tcr_26_1,D,A,Y,R,74,181,CE1,NH2,5.35223
tcr_26_1,D,A,Y,R,74,181,CE1,CZ,6.3261476
tcr_26_1,D,A,Y,A,74,177,CE1,CA,9.173381
tcr_26_1,D,A,Y,A,74,177,CE1,C,7.73847
tcr_26_1,D,A,Y,R,74,181,CE1,NH1,7.3241796
tcr_26_1,D,A,Y,L,74,154,CE1,O,9.606615
tcr_26_1,D,A,Y,A,74,177,CE1,O,7.6442595
tcr_26_1,D,A,Y,R,74,180,CE1,O,9.019629
tcr_26_1,D,A,Y,R,74,180,CE1,C,8.452378
tcr_26_1,D,A,Y,R,74,180,CE1,CB,9.901932
tcr_26_1,D,A,Y,R,74,180,CE1,CA,8.786961
tcr_26_1,D,A,Y,R,74,175,CE1,CD,8.596545
tcr_26_1,D,A,Y,R,74,175,CE1,NE,9.647908
tcr_26_1,D,A,Y,R,74,175,CE1,CZ,9.585038
tcr_26_1,D,A,Y,R,74,175,CE1,NH1,8.507814
tcr_26_1,D,A,Y,R,74,175,CE1,CA,9.314747
tcr_26_1,D,A,Y,R,74,175,CE1,CG,9.3105345
tcr_26_1,D,A,Y,R,74,175,CE1,CB,8.411855
tcr_26_1,D,A,Y,R,74,175,CE1,O,7.551653
tcr_26_1,D,A,Y,A,74,174,CE1,O,9.896024
tcr_26_1,D,A,Y,R,74,175,CE1,C,8.733551
tcr_26_1,D,A,Y,E,74,176,CE1,N,9.700129
tcr_26_1,D,A,Y,A,74,177,CE1,N,9.381056
tcr_26_1,D,A,Y,E,74,176,CE1,CA,9.637601
tcr_26_1,D,A,Y,G,74,186,CE2,N,9.715028
tcr_26_1,D,A,Y,E,74,185,CE2,CB,8.584182
tcr_26_1,D,A,Y,E,74,185,CE2,CA,9.798772
tcr_26_1,D,A,Y,R,74,180,CE2,N,8.74119
tcr_26_1,D,A,Y,Q,74,179,CE2,C,8.022714
tcr_26_1,D,A,Y,A,74,182,CE2,O,7.991055
tcr_26_1,D,A,Y,A,74,182,CE2,C,7.510249
tcr_26_1,D,A,Y,A,74,182,CE2,CB,5.4536185
tcr_26_1,D,A,Y,A,74,182,CE2,CA,6.044466
tcr_26_1,D,A,Y,A,74,182,CE2,N,6.175453
tcr_26_1,D,A,Y,E,74,178,CE2,O,5.161798
tcr_26_1,D,A,Y,E,74,178,CE2,C,5.7726917
tcr_26_1,D,A,Y,Q,74,179,CE2,CA,7.3576846
tcr_26_1,D,A,Y,Q,74,179,CE2,N,6.7921815
tcr_26_1,D,A,Y,E,74,178,CE2,CA,5.81354
tcr_26_1,D,A,Y,Q,74,179,CE2,CB,8.601575
tcr_26_1,D,A,Y,Q,74,179,CE2,CG,8.499451
tcr_26_1,D,A,Y,E,74,178,CE2,CB,5.306814
tcr_26_1,D,A,Y,E,74,178,CE2,N,7.254625
tcr_26_1,D,A,Y,E,74,178,CE2,CG,5.7028365
tcr_26_1,D,A,Y,E,74,178,CE2,OE2,5.4385805
tcr_26_1,D,A,Y,E,74,178,CE2,CD,5.7173905
tcr_26_1,D,A,Y,E,74,176,CE2,O,9.585596
tcr_26_1,D,A,Y,E,74,178,CE2,OE1,6.410156
tcr_26_1,D,A,Y,Q,74,179,CE2,CD,9.933941
tcr_26_1,D,A,Y,Q,74,179,CE2,O,8.143598
tcr_26_1,D,A,Y,Y,74,183,CE2,CA,9.829849
tcr_26_1,D,A,Y,Y,74,183,CE2,N,8.412226
tcr_26_1,D,A,Y,R,74,181,CE2,NE,5.104567
tcr_26_1,D,A,Y,R,74,181,CE2,C,6.985699
tcr_26_1,D,A,Y,R,74,155,CE2,NH2,8.176189
tcr_26_1,D,A,Y,E,74,185,CE2,OE1,8.347801
tcr_26_1,D,A,Y,R,74,181,CE2,O,7.6210103
tcr_26_1,D,A,Y,E,74,185,CE2,CG,8.767095
tcr_26_1,D,A,Y,R,74,181,CE2,CG,6.7863884
tcr_26_1,D,A,Y,R,74,181,CE2,CD,6.485365
tcr_26_1,D,A,Y,E,74,185,CE2,CD,7.7992473
tcr_26_1,D,A,Y,E,74,185,CE2,OE2,6.663685
tcr_26_1,D,A,Y,R,74,181,CE2,CA,7.530427
tcr_26_1,D,A,Y,R,74,181,CE2,CB,6.7690873
tcr_26_1,D,A,Y,R,74,181,CE2,N,8.03314
tcr_26_1,D,A,Y,R,74,181,CE2,NH2,3.793598
tcr_26_1,D,A,Y,R,74,181,CE2,CZ,4.8808746
tcr_26_1,D,A,Y,A,74,177,CE2,CA,9.589037
tcr_26_1,D,A,Y,A,74,177,CE2,C,8.096771
tcr_26_1,D,A,Y,R,74,181,CE2,NH1,5.998884
tcr_26_1,D,A,Y,L,74,154,CE2,O,8.980911
tcr_26_1,D,A,Y,A,74,177,CE2,O,7.8685
tcr_26_1,D,A,Y,R,74,155,CE2,CZ,8.620873
tcr_26_1,D,A,Y,E,74,185,CE2,N,9.868146
tcr_26_1,D,A,Y,R,74,180,CE2,O,9.516358
tcr_26_1,D,A,Y,R,74,180,CE2,C,8.979789
tcr_26_1,D,A,Y,R,74,180,CE2,CA,9.614612
tcr_26_1,D,A,Y,R,74,175,CE2,CD,9.147759
tcr_26_1,D,A,Y,R,74,175,CE2,CZ,9.76369
tcr_26_1,D,A,Y,R,74,175,CE2,NH1,8.605837
tcr_26_1,D,A,Y,R,74,175,CE2,CG,9.953966
tcr_26_1,D,A,Y,R,74,175,CE2,CB,9.249548
tcr_26_1,D,A,Y,R,74,175,CE2,O,8.622877
tcr_26_1,D,A,Y,R,74,175,CE2,C,9.755884
tcr_26_1,D,A,Y,R,74,155,CE2,CG,9.108035
tcr_26_1,D,A,Y,R,74,155,CE2,NH1,9.319037
tcr_26_1,D,A,Y,R,74,155,CE2,CD,9.409418
tcr_26_1,D,A,Y,R,74,155,CE2,NE,8.626621
tcr_26_1,D,A,Y,E,74,185,CZ,CB,9.304866
tcr_26_1,D,A,Y,R,74,180,CZ,N,8.051975
tcr_26_1,D,A,Y,Q,74,179,CZ,C,7.2870955
tcr_26_1,D,A,Y,A,74,182,CZ,O,8.152419
tcr_26_1,D,A,Y,A,74,182,CZ,C,7.503954
tcr_26_1,D,A,Y,A,74,182,CZ,CB,5.182716
tcr_26_1,D,A,Y,A,74,182,CZ,CA,6.0408278
tcr_26_1,D,A,Y,A,74,182,CZ,N,6.1070986
tcr_26_1,D,A,Y,E,74,178,CZ,O,4.541529
tcr_26_1,D,A,Y,E,74,178,CZ,C,4.952249
tcr_26_1,D,A,Y,Q,74,179,CZ,CA,6.4177446
tcr_26_1,D,A,Y,Q,74,179,CZ,N,5.824218
tcr_26_1,D,A,Y,E,74,178,CZ,CA,5.0501604
tcr_26_1,D,A,Y,Q,74,179,CZ,CB,7.537859
tcr_26_1,D,A,Y,Q,74,179,CZ,CG,7.3024545
tcr_26_1,D,A,Y,E,74,178,CZ,CB,4.3549285
tcr_26_1,D,A,Y,E,74,178,CZ,N,6.486658
tcr_26_1,D,A,Y,E,74,178,CZ,CG,4.9394555
tcr_26_1,D,A,Y,E,74,178,CZ,OE2,4.423133
tcr_26_1,D,A,Y,E,74,178,CZ,CD,4.896416
tcr_26_1,D,A,Y,E,74,176,CZ,O,8.648659
tcr_26_1,D,A,Y,E,74,178,CZ,OE1,5.7686963
tcr_26_1,D,A,Y,E,74,176,CZ,C,9.094796
tcr_26_1,D,A,Y,Q,74,179,CZ,CD,8.716374
tcr_26_1,D,A,Y,Q,74,179,CZ,NE2,9.038924
tcr_26_1,D,A,Y,Q,74,179,CZ,OE1,9.678378
tcr_26_1,D,A,Y,Q,74,179,CZ,O,7.524703
tcr_26_1,D,A,Y,Y,74,183,CZ,CA,9.66972
tcr_26_1,D,A,Y,Y,74,183,CZ,N,8.23365
tcr_26_1,D,A,Y,R,74,181,CZ,NE,5.6448083
tcr_26_1,D,A,Y,R,74,181,CZ,C,7.071825
tcr_26_1,D,A,Y,R,74,155,CZ,NH2,9.027771
tcr_26_1,D,A,Y,E,74,185,CZ,OE1,9.183494
tcr_26_1,D,A,Y,R,74,181,CZ,O,7.8679204
tcr_26_1,D,A,Y,E,74,185,CZ,CG,9.492057
tcr_26_1,D,A,Y,R,74,181,CZ,CG,7.182477
tcr_26_1,D,A,Y,R,74,181,CZ,CD,6.9937077
tcr_26_1,D,A,Y,E,74,185,CZ,CD,8.629299
tcr_26_1,D,A,Y,E,74,185,CZ,OE2,7.565629
tcr_26_1,D,A,Y,R,74,181,CZ,CA,7.53529
tcr_26_1,D,A,Y,R,74,181,CZ,CB,6.8612556
tcr_26_1,D,A,Y,R,74,181,CZ,N,7.7827353
tcr_26_1,D,A,Y,R,74,181,CZ,NH2,4.1749797
tcr_26_1,D,A,Y,R,74,181,CZ,CZ,5.2755947
tcr_26_1,D,A,Y,A,74,177,CZ,CA,8.910302
tcr_26_1,D,A,Y,A,74,177,CZ,CB,9.547479
tcr_26_1,D,A,Y,A,74,177,CZ,C,7.4597173
tcr_26_1,D,A,Y,R,74,181,CZ,NH1,6.254979
tcr_26_1,D,A,Y,L,74,154,CZ,O,8.955115
tcr_26_1,D,A,Y,A,74,177,CZ,O,7.3858905
tcr_26_1,D,A,Y,R,74,155,CZ,CZ,9.304947
tcr_26_1,D,A,Y,R,74,180,CZ,O,9.295451
tcr_26_1,D,A,Y,R,74,180,CZ,C,8.656326
tcr_26_1,D,A,Y,R,74,180,CZ,CA,9.083789
tcr_26_1,D,A,Y,R,74,175,CZ,CD,8.113846
tcr_26_1,D,A,Y,R,74,175,CZ,NE,9.073273
tcr_26_1,D,A,Y,R,74,175,CZ,CZ,8.923451
tcr_26_1,D,A,Y,R,74,175,CZ,NH1,7.8083124
tcr_26_1,D,A,Y,R,74,175,CZ,CA,9.077378
tcr_26_1,D,A,Y,R,74,175,CZ,CG,8.891347
tcr_26_1,D,A,Y,R,74,175,CZ,CB,8.120399
tcr_26_1,D,A,Y,R,74,175,CZ,O,7.49114
tcr_26_1,D,A,Y,R,74,175,CZ,C,8.6345625
tcr_26_1,D,A,Y,E,74,176,CZ,N,9.677597
tcr_26_1,D,A,Y,A,74,177,CZ,N,9.221158
tcr_26_1,D,A,Y,E,74,176,CZ,CA,9.752371
tcr_26_1,D,A,Y,R,74,155,CZ,CG,9.332098
tcr_26_1,D,A,Y,R,74,155,CZ,NH1,9.951999
tcr_26_1,D,A,Y,R,74,155,CZ,CD,9.784439
tcr_26_1,D,A,Y,R,74,155,CZ,NE,9.18769
tcr_26_1,D,A,Y,R,74,180,OH,N,8.039287
tcr_26_1,D,A,Y,Q,74,179,OH,C,7.4226527
tcr_26_1,D,A,Y,A,74,182,OH,O,9.135842
tcr_26_1,D,A,Y,A,74,182,OH,C,8.3779
tcr_26_1,D,A,Y,A,74,182,OH,CB,6.0601206
tcr_26_1,D,A,Y,A,74,182,OH,CA,6.887343
tcr_26_1,D,A,Y,A,74,182,OH,N,6.7043095
tcr_26_1,D,A,Y,E,74,178,OH,O,4.6284847
tcr_26_1,D,A,Y,E,74,178,OH,C,4.718065
tcr_26_1,D,A,Y,Q,74,179,OH,CA,6.4350114
tcr_26_1,D,A,Y,Q,74,179,OH,N,5.580385
tcr_26_1,D,A,Y,E,74,178,OH,CA,4.4576316
tcr_26_1,D,A,Y,Q,74,179,OH,CB,7.4605165
tcr_26_1,D,A,Y,Q,74,179,OH,CG,7.208037
tcr_26_1,D,A,Y,E,74,178,OH,CB,3.4518974
tcr_26_1,D,A,Y,E,74,178,OH,N,5.792918
tcr_26_1,D,A,Y,E,74,178,OH,CG,3.7921963
tcr_26_1,D,A,Y,E,74,178,OH,OE2,3.092353
tcr_26_1,D,A,Y,E,74,178,OH,CD,3.5592303
tcr_26_1,D,A,Y,E,74,176,OH,O,8.158806
tcr_26_1,D,A,Y,E,74,178,OH,OE1,4.4262214
tcr_26_1,D,A,Y,E,74,176,OH,C,8.435476
tcr_26_1,D,A,Y,Q,74,179,OH,CD,8.625023
tcr_26_1,D,A,Y,Q,74,179,OH,NE2,9.068658
tcr_26_1,D,A,Y,Q,74,179,OH,OE1,9.496177
tcr_26_1,D,A,Y,Q,74,179,OH,O,7.8712707
tcr_26_1,D,A,Y,Y,74,183,OH,N,8.980709
tcr_26_1,D,A,Y,R,74,181,OH,NE,5.7072644
tcr_26_1,D,A,Y,R,74,181,OH,C,7.5981126
tcr_26_1,D,A,Y,R,74,155,OH,NH2,8.798444
tcr_26_1,D,A,Y,E,74,185,OH,OE1,9.641697
tcr_26_1,D,A,Y,R,74,181,OH,O,8.51053
tcr_26_1,D,A,Y,R,74,181,OH,CG,7.4248667
tcr_26_1,D,A,Y,R,74,181,OH,CD,7.07646
tcr_26_1,D,A,Y,E,74,185,OH,CD,9.23549
tcr_26_1,D,A,Y,E,74,185,OH,OE2,8.253192
tcr_26_1,D,A,Y,R,74,181,OH,CA,7.8057923
tcr_26_1,D,A,Y,R,74,181,OH,CB,6.983387
tcr_26_1,D,A,Y,R,74,181,OH,N,7.9199657
tcr_26_1,D,A,Y,R,74,181,OH,NH2,3.8828912
tcr_26_1,D,A,Y,R,74,181,OH,CZ,5.0451655
tcr_26_1,D,A,Y,A,74,177,OH,CA,8.25695
tcr_26_1,D,A,Y,A,74,177,OH,CB,8.786929
tcr_26_1,D,A,Y,A,74,177,OH,C,6.8938437
tcr_26_1,D,A,Y,R,74,181,OH,NH1,5.796868
tcr_26_1,D,A,Y,L,74,154,OH,O,8.57439
tcr_26_1,D,A,Y,A,74,177,OH,O,7.017816
tcr_26_1,D,A,Y,R,74,155,OH,CZ,8.900743
tcr_26_1,D,A,Y,R,74,180,OH,O,9.642819
tcr_26_1,D,A,Y,R,74,180,OH,C,8.858529
tcr_26_1,D,A,Y,R,74,180,OH,CB,9.963498
tcr_26_1,D,A,Y,R,74,180,OH,CA,9.150719
tcr_26_1,D,A,Y,R,74,175,OH,CD,6.8041534
tcr_26_1,D,A,Y,R,74,175,OH,NE,7.748537
tcr_26_1,D,A,Y,R,74,175,OH,NH2,8.761287
tcr_26_1,D,A,Y,R,74,175,OH,CZ,7.6215215
tcr_26_1,D,A,Y,R,74,175,OH,NH1,6.541285
tcr_26_1,D,A,Y,R,74,175,OH,N,9.236855
tcr_26_1,D,A,Y,R,74,175,OH,CA,7.942966
tcr_26_1,D,A,Y,R,74,175,OH,CG,7.603685
tcr_26_1,D,A,Y,R,74,175,OH,CB,6.9178534
tcr_26_1,D,A,Y,R,74,175,OH,O,6.5721827
tcr_26_1,D,A,Y,A,74,174,OH,C,9.672392
tcr_26_1,D,A,Y,A,74,174,OH,O,9.050867
tcr_26_1,D,A,Y,R,74,175,OH,C,7.649517
tcr_26_1,D,A,Y,E,74,176,OH,N,8.76898
tcr_26_1,D,A,Y,A,74,177,OH,N,8.474731
tcr_26_1,D,A,Y,E,74,176,OH,CA,9.011751
tcr_26_1,D,A,Y,R,74,155,OH,CG,8.736232
tcr_26_1,D,A,Y,R,74,155,OH,NH1,9.426462
tcr_26_1,D,A,Y,R,74,155,OH,CD,9.193099
tcr_26_1,D,A,Y,R,74,155,OH,NE,8.755812
tcr_26_1,D,A,Y,R,74,155,OH,CB,9.607922
tcr_26_1,D,A,Y,R,74,155,OH,CA,9.600942
tcr_26_1,D,A,Y,L,74,154,OH,C,9.723526
tcr_26_1,D,A,K,A,75,182,N,O,9.49395
tcr_26_1,D,A,K,A,75,182,N,C,9.435127
tcr_26_1,D,A,K,A,75,182,N,CB,7.596863
tcr_26_1,D,A,K,A,75,182,N,CA,8.36139
tcr_26_1,D,A,K,A,75,182,N,N,9.133484
tcr_26_1,D,A,K,E,75,178,N,O,8.797406
tcr_26_1,D,A,K,E,75,178,N,C,9.508114
tcr_26_1,D,A,K,E,75,178,N,CA,9.8619175
tcr_26_1,D,A,K,E,75,178,N,CB,9.242762
tcr_26_1,D,A,K,E,75,178,N,CG,9.726738
tcr_26_1,D,A,K,E,75,178,N,OE2,8.759486
tcr_26_1,D,A,K,E,75,178,N,CD,9.393761
tcr_26_1,D,A,K,R,75,181,N,NE,8.965197
tcr_26_1,D,A,K,E,75,185,N,OE2,9.112131
tcr_26_1,D,A,K,R,75,181,N,NH2,7.9327855
tcr_26_1,D,A,K,R,75,181,N,CZ,8.9675
tcr_26_1,D,A,K,A,75,182,CA,CB,8.830897
tcr_26_1,D,A,K,A,75,182,CA,CA,9.531528
tcr_26_1,D,A,K,E,75,178,CA,O,9.69142
tcr_26_1,D,A,K,E,75,178,CA,CB,9.760641
tcr_26_1,D,A,K,E,75,178,CA,OE2,8.947421
tcr_26_1,D,A,K,E,75,178,CA,CD,9.539295
tcr_26_1,D,A,K,E,75,178,CA,OE1,9.979887
tcr_26_1,D,A,K,R,75,181,CA,NE,9.353935
tcr_26_1,D,A,K,E,75,185,CA,OE2,9.70376
tcr_26_1,D,A,K,R,75,181,CA,NH2,8.145199
tcr_26_1,D,A,K,R,75,181,CA,CZ,9.235817
tcr_26_1,D,A,K,R,75,181,C,NH2,9.614883
tcr_26_1,D,A,K,A,75,182,CB,CB,9.224299
tcr_26_1,D,A,K,E,75,178,CB,O,9.637511
tcr_26_1,D,A,K,E,75,178,CB,CB,9.209185
tcr_26_1,D,A,K,E,75,178,CB,CG,9.364044
tcr_26_1,D,A,K,E,75,178,CB,OE2,8.002686
tcr_26_1,D,A,K,E,75,178,CB,CD,8.6721735
tcr_26_1,D,A,K,E,75,178,CB,OE1,9.042044
tcr_26_1,D,A,K,R,75,181,CB,NE,9.5140085
tcr_26_1,D,A,K,R,75,181,CB,NH2,7.988812
tcr_26_1,D,A,K,R,75,181,CB,CZ,9.186997
tcr_26_1,D,A,K,R,75,175,CB,NH1,9.445728
tcr_26_1,D,A,K,A,75,182,CG,CB,8.522507
tcr_26_1,D,A,K,A,75,182,CG,CA,9.313159
tcr_26_1,D,A,K,A,75,182,CG,N,9.648547
tcr_26_1,D,A,K,E,75,178,CG,O,8.486619
tcr_26_1,D,A,K,E,75,178,CG,C,8.890632
tcr_26_1,D,A,K,Q,75,179,CG,N,9.734786
tcr_26_1,D,A,K,E,75,178,CG,CA,8.781728
tcr_26_1,D,A,K,E,75,178,CG,CB,7.824633
tcr_26_1,D,A,K,E,75,178,CG,CG,7.887157
tcr_26_1,D,A,K,E,75,178,CG,OE2,6.6140127
tcr_26_1,D,A,K,E,75,178,CG,CD,7.203909
tcr_26_1,D,A,K,E,75,178,CG,OE1,7.5550237
tcr_26_1,D,A,K,R,75,181,CG,NE,8.255195
tcr_26_1,D,A,K,R,75,155,CG,NH2,9.9004755
tcr_26_1,D,A,K,R,75,181,CG,CD,9.691239
tcr_26_1,D,A,K,E,75,185,CG,OE2,9.624283
tcr_26_1,D,A,K,R,75,181,CG,NH2,6.5792537
tcr_26_1,D,A,K,R,75,181,CG,CZ,7.8149
tcr_26_1,D,A,K,R,75,181,CG,NH1,8.752556
tcr_26_1,D,A,K,R,75,175,CG,CD,9.7508745
tcr_26_1,D,A,K,R,75,175,CG,CZ,9.566003
tcr_26_1,D,A,K,R,75,175,CG,NH1,8.260504
tcr_26_1,D,A,K,A,75,182,CD,CB,9.32189
tcr_26_1,D,A,K,E,75,178,CD,O,8.829824
tcr_26_1,D,A,K,E,75,178,CD,C,9.028969
tcr_26_1,D,A,K,Q,75,179,CD,N,9.803634
tcr_26_1,D,A,K,E,75,178,CD,CA,8.749688
tcr_26_1,D,A,K,E,75,178,CD,CB,7.588906
tcr_26_1,D,A,K,E,75,178,CD,CG,7.4774103
tcr_26_1,D,A,K,E,75,178,CD,OE2,5.8693075
tcr_26_1,D,A,K,E,75,178,CD,CD,6.5351357
tcr_26_1,D,A,K,E,75,178,CD,OE1,6.7595
tcr_26_1,D,A,K,R,75,181,CD,NE,8.802276
tcr_26_1,D,A,K,R,75,181,CD,NH2,6.86159
tcr_26_1,D,A,K,R,75,181,CD,CZ,8.15191
tcr_26_1,D,A,K,R,75,181,CD,NH1,8.919713
tcr_26_1,D,A,K,R,75,175,CD,CD,8.641994
tcr_26_1,D,A,K,R,75,175,CD,NE,8.9769335
tcr_26_1,D,A,K,R,75,175,CD,NH2,8.945764
tcr_26_1,D,A,K,R,75,175,CD,CZ,8.234602
tcr_26_1,D,A,K,R,75,175,CD,NH1,6.923804
tcr_26_1,D,A,K,R,75,175,CD,CG,9.940227
tcr_26_1,D,A,K,R,75,175,CD,CB,9.801899
tcr_26_1,D,A,K,A,75,182,CE,CB,8.911464
tcr_26_1,D,A,K,A,75,182,CE,CA,9.718924
tcr_26_1,D,A,K,A,75,182,CE,N,9.709825
tcr_26_1,D,A,K,E,75,178,CE,O,7.9062424
tcr_26_1,D,A,K,E,75,178,CE,C,7.9936395
tcr_26_1,D,A,K,Q,75,179,CE,CA,9.676755
tcr_26_1,D,A,K,Q,75,179,CE,N,8.821357
tcr_26_1,D,A,K,E,75,178,CE,CA,7.5297046
tcr_26_1,D,A,K,E,75,178,CE,CB,6.3271174
tcr_26_1,D,A,K,E,75,178,CE,N,8.722919
tcr_26_1,D,A,K,E,75,178,CE,CG,6.0548425
tcr_26_1,D,A,K,E,75,178,CE,OE2,4.544598
tcr_26_1,D,A,K,E,75,178,CE,CD,5.086553
tcr_26_1,D,A,K,E,75,178,CE,OE1,5.258979
tcr_26_1,D,A,K,R,75,181,CE,NE,7.779179
tcr_26_1,D,A,K,R,75,155,CE,NH2,9.228712
tcr_26_1,D,A,K,R,75,181,CE,CG,9.926128
tcr_26_1,D,A,K,R,75,181,CE,CD,9.247649
tcr_26_1,D,A,K,R,75,181,CE,CB,9.808544
tcr_26_1,D,A,K,R,75,181,CE,NH2,5.687302
tcr_26_1,D,A,K,R,75,181,CE,CZ,6.984049
tcr_26_1,D,A,K,A,75,177,CE,C,9.867391
tcr_26_1,D,A,K,R,75,181,CE,NH1,7.632814
tcr_26_1,D,A,K,R,75,155,CE,CZ,9.451165
tcr_26_1,D,A,K,R,75,175,CE,CD,7.4303303
tcr_26_1,D,A,K,R,75,175,CE,NE,7.8175936
tcr_26_1,D,A,K,R,75,175,CE,NH2,7.9443054
tcr_26_1,D,A,K,R,75,175,CE,CZ,7.1482277
tcr_26_1,D,A,K,R,75,175,CE,NH1,5.8503737
tcr_26_1,D,A,K,R,75,175,CE,CA,9.85873
tcr_26_1,D,A,K,R,75,175,CE,CG,8.675058
tcr_26_1,D,A,K,R,75,175,CE,CB,8.538795
tcr_26_1,D,A,K,R,75,175,CE,O,9.107596
tcr_26_1,D,A,K,R,75,175,CE,C,9.999246
tcr_26_1,D,A,K,R,75,155,CE,NH1,9.645901
tcr_26_1,D,A,K,R,75,155,CE,NE,9.747719
tcr_26_1,D,A,K,A,75,182,NZ,CB,9.6016865
tcr_26_1,D,A,K,E,75,178,NZ,O,8.246509
tcr_26_1,D,A,K,E,75,178,NZ,C,8.113681
tcr_26_1,D,A,K,Q,75,179,NZ,CA,9.747001
tcr_26_1,D,A,K,Q,75,179,NZ,N,8.806034
tcr_26_1,D,A,K,E,75,178,NZ,CA,7.5302
tcr_26_1,D,A,K,Q,75,179,NZ,CG,9.928796
tcr_26_1,D,A,K,E,75,178,NZ,CB,6.150523
tcr_26_1,D,A,K,E,75,178,NZ,N,8.571613
tcr_26_1,D,A,K,E,75,178,NZ,CG,5.7490788
tcr_26_1,D,A,K,E,75,178,NZ,OE2,3.8331082
tcr_26_1,D,A,K,E,75,178,NZ,CD,4.5064363
tcr_26_1,D,A,K,E,75,178,NZ,OE1,4.577214
tcr_26_1,D,A,K,R,75,181,NZ,NE,8.545466
tcr_26_1,D,A,K,R,75,155,NZ,NH2,9.969301
tcr_26_1,D,A,K,R,75,181,NZ,CD,9.985129
tcr_26_1,D,A,K,R,75,181,NZ,NH2,6.3450737
tcr_26_1,D,A,K,R,75,181,NZ,CZ,7.610404
tcr_26_1,D,A,K,A,75,177,NZ,C,9.80264
tcr_26_1,D,A,K,R,75,181,NZ,NH1,8.074884
tcr_26_1,D,A,K,R,75,175,NZ,CD,6.19443
tcr_26_1,D,A,K,R,75,175,NZ,NE,6.4788203
tcr_26_1,D,A,K,R,75,175,NZ,NH2,6.5520005
tcr_26_1,D,A,K,R,75,175,NZ,CZ,5.761603
tcr_26_1,D,A,K,R,75,175,NZ,NH1,4.4538865
tcr_26_1,D,A,K,R,75,175,NZ,CA,8.965885
tcr_26_1,D,A,K,R,75,175,NZ,CG,7.5336742
tcr_26_1,D,A,K,R,75,175,NZ,CB,7.557983
tcr_26_1,D,A,K,R,75,175,NZ,O,8.502724
tcr_26_1,D,A,K,A,75,174,NZ,O,9.930895
tcr_26_1,D,A,K,R,75,175,NZ,C,9.28036
tcr_26_1,D,A,Q,R,76,181,N,NH2,9.980363
tcr_26_1,D,A,E,R,81,175,OE1,NH2,9.559838
tcr_26_1,D,A,E,R,81,175,OE1,NH1,9.906761
tcr_26_1,D,A,K,E,90,190,CB,OE1,9.887529
tcr_26_1,D,A,K,E,90,190,CG,OE1,8.586875
tcr_26_1,D,A,K,E,90,190,CG,CD,9.494731
tcr_26_1,D,A,K,E,90,190,CG,OE2,9.39414
tcr_26_1,D,A,K,G,90,186,CD,CA,9.300739
tcr_26_1,D,A,K,E,90,190,CD,OE1,7.6868825
tcr_26_1,D,A,K,E,90,190,CD,CD,8.65166
tcr_26_1,D,A,K,E,90,190,CD,OE2,8.650747
tcr_26_1,D,A,K,E,90,185,CE,O,9.996171
tcr_26_1,D,A,K,G,90,186,CE,CA,8.139315
tcr_26_1,D,A,K,E,90,190,CE,OE1,6.513609
tcr_26_1,D,A,K,G,90,186,CE,N,9.216682
tcr_26_1,D,A,K,E,90,190,CE,CD,7.3749747
tcr_26_1,D,A,K,T,90,187,CE,OG1,8.652712
tcr_26_1,D,A,K,E,90,190,CE,OE2,7.265246
tcr_26_1,D,A,K,T,90,187,CE,CB,9.743875
tcr_26_1,D,A,K,E,90,190,CE,CB,9.882122
tcr_26_1,D,A,K,T,90,187,CE,CA,9.489881
tcr_26_1,D,A,K,E,90,190,CE,CG,8.826153
tcr_26_1,D,A,K,T,90,187,CE,N,8.778883
tcr_26_1,D,A,K,G,90,186,CE,O,9.467867
tcr_26_1,D,A,K,G,90,186,CE,C,8.760757
tcr_26_1,D,A,K,A,90,182,CE,O,8.979205
tcr_26_1,D,A,K,A,90,182,CE,C,9.6206
tcr_26_1,D,A,K,A,90,182,CE,CB,9.234016
tcr_26_1,D,A,K,A,90,182,CE,CA,9.672775
tcr_26_1,D,A,K,E,90,185,NZ,O,8.645456
tcr_26_1,D,A,K,G,90,186,NZ,CA,6.8149257
tcr_26_1,D,A,K,E,90,190,NZ,OE1,5.866428
tcr_26_1,D,A,K,E,90,185,NZ,C,8.602132
tcr_26_1,D,A,K,G,90,186,NZ,N,7.814577
tcr_26_1,D,A,K,E,90,185,NZ,CB,9.504167
tcr_26_1,D,A,K,E,90,185,NZ,CA,9.742255
tcr_26_1,D,A,K,E,90,190,NZ,CD,6.7396517
tcr_26_1,D,A,K,T,90,187,NZ,OG1,7.7424526
tcr_26_1,D,A,K,T,90,187,NZ,CG2,9.731357
tcr_26_1,D,A,K,E,90,190,NZ,OE2,6.727068
tcr_26_1,D,A,K,T,90,187,NZ,CB,8.7953825
tcr_26_1,D,A,K,E,90,190,NZ,CB,9.197409
tcr_26_1,D,A,K,T,90,187,NZ,CA,8.490702
tcr_26_1,D,A,K,E,90,190,NZ,CG,8.110889
tcr_26_1,D,A,K,T,90,187,NZ,C,9.891199
tcr_26_1,D,A,K,T,90,187,NZ,N,7.6328006
tcr_26_1,D,A,K,G,90,186,NZ,O,8.342779
tcr_26_1,D,A,K,G,90,186,NZ,C,7.56414
tcr_26_1,D,A,K,A,90,182,NZ,O,7.571986
tcr_26_1,D,A,K,A,90,182,NZ,C,8.238575
tcr_26_1,D,A,K,A,90,182,NZ,CB,7.9495296
tcr_26_1,D,A,K,A,90,182,NZ,CA,8.281899
tcr_26_1,D,A,K,A,90,182,NZ,N,9.685618
tcr_26_1,D,A,K,Y,90,183,NZ,CA,9.678615
tcr_26_1,D,A,K,Y,90,183,NZ,N,9.24449
tcr_26_1,D,A,K,Y,90,183,NZ,O,9.969064
tcr_26_1,D,A,Y,R,114,86,C,NH2,9.869004
tcr_26_1,D,A,Y,R,114,86,O,NH2,9.866876
tcr_26_1,D,A,Y,R,114,86,CB,NH2,9.750571
tcr_26_1,D,A,Y,R,114,86,CG,NH2,8.413565
tcr_26_1,D,A,Y,R,114,86,CG,CZ,9.653265
tcr_26_1,D,A,Y,R,114,86,CD1,NH1,8.974541
tcr_26_1,D,A,Y,R,114,86,CD1,NE,9.382936
tcr_26_1,D,A,Y,R,114,86,CD1,NH2,7.240409
tcr_26_1,D,A,Y,R,114,86,CD1,CZ,8.50313
tcr_26_1,D,A,Y,R,114,86,CD2,NH1,9.921672
tcr_26_1,D,A,Y,R,114,86,CD2,NH2,8.514507
tcr_26_1,D,A,Y,R,114,86,CD2,CZ,9.702372
tcr_26_1,D,A,Y,R,114,86,CE1,NH1,7.7012115
tcr_26_1,D,A,Y,R,114,86,CE1,NE,8.188158
tcr_26_1,D,A,Y,R,114,86,CE1,NH2,6.0047493
tcr_26_1,D,A,Y,R,114,86,CE1,CZ,7.260342
tcr_26_1,D,A,Y,R,114,86,CE1,CD,9.579062
tcr_26_1,D,A,Y,R,114,86,CE2,NH1,8.787151
tcr_26_1,D,A,Y,R,114,86,CE2,NE,9.725412
tcr_26_1,D,A,Y,R,114,86,CE2,NH2,7.4949784
tcr_26_1,D,A,Y,R,114,86,CE2,CZ,8.636326
tcr_26_1,D,A,Y,R,114,86,CZ,NH1,7.591305
tcr_26_1,D,A,Y,R,114,86,CZ,NE,8.38507
tcr_26_1,D,A,Y,R,114,86,CZ,NH2,6.1578217
tcr_26_1,D,A,Y,R,114,86,CZ,CZ,7.3376513
tcr_26_1,D,A,Y,R,114,86,CZ,CD,9.761028
tcr_26_1,D,A,Y,T,114,187,OH,OG1,9.12457
tcr_26_1,D,A,Y,R,114,86,OH,NH1,6.527755
tcr_26_1,D,A,Y,R,114,86,OH,NE,7.453532
tcr_26_1,D,A,Y,R,114,86,OH,NH2,5.260204
tcr_26_1,D,A,Y,R,114,86,OH,CZ,6.359507
tcr_26_1,D,A,Y,R,114,86,OH,CD,8.809333
tcr_26_1,D,A,Y,R,114,86,OH,CG,9.841284
tcr_26_1,D,A,R,Q,115,179,N,NE2,9.619802
tcr_26_1,D,A,R,R,115,86,N,NH2,9.490795
tcr_26_1,D,A,R,Q,115,179,CA,CD,9.925845
tcr_26_1,D,A,R,Q,115,179,CA,NE2,8.628753
tcr_26_1,D,A,R,R,115,86,CA,NH2,8.884747
tcr_26_1,D,A,R,R,115,86,C,NH1,9.959229
tcr_26_1,D,A,R,Q,115,179,C,CG,9.685754
tcr_26_1,D,A,R,R,115,86,C,NE,9.830198
tcr_26_1,D,A,R,Q,115,179,C,CD,9.043232
tcr_26_1,D,A,R,Q,115,179,C,NE2,7.7509446
tcr_26_1,D,A,R,Q,115,179,C,OE1,9.804125
tcr_26_1,D,A,R,R,115,86,C,NH2,7.991745
tcr_26_1,D,A,R,R,115,86,C,CZ,9.224572
tcr_26_1,D,A,R,Q,115,179,O,CG,8.982604
tcr_26_1,D,A,R,Q,115,179,O,CD,8.501274
tcr_26_1,D,A,R,Q,115,179,O,NE2,7.242404
tcr_26_1,D,A,R,Q,115,179,O,OE1,9.371563
tcr_26_1,D,A,R,R,115,86,O,NH2,8.538908
tcr_26_1,D,A,R,R,115,86,O,CZ,9.734428
tcr_26_1,D,A,R,Q,115,179,CB,CD,9.304741
tcr_26_1,D,A,R,Q,115,179,CB,NE2,8.033109
tcr_26_1,D,A,R,Q,115,179,CB,OE1,9.939084
tcr_26_1,D,A,R,Q,115,179,CG,CG,9.485446
tcr_26_1,D,A,R,Q,115,179,CG,CD,8.5110655
tcr_26_1,D,A,R,Q,115,179,CG,NE2,7.2470713
tcr_26_1,D,A,R,Q,115,179,CG,OE1,9.005895
tcr_26_1,D,A,R,R,115,86,CG,NH2,9.877407
tcr_26_1,D,A,R,R,115,93,CG,NH2,9.760835
tcr_26_1,D,A,R,R,115,93,CG,NH1,9.905242
tcr_26_1,D,A,R,R,115,93,CG,CZ,9.82132
tcr_26_1,D,A,R,Q,115,179,CD,CG,9.560405
tcr_26_1,D,A,R,Q,115,179,CD,CD,8.493585
tcr_26_1,D,A,R,Q,115,179,CD,NE2,7.3157396
tcr_26_1,D,A,R,Q,115,179,CD,OE1,8.85767
tcr_26_1,D,A,R,Q,115,179,NE,CG,8.920927
tcr_26_1,D,A,R,Q,115,179,NE,CD,7.9649463
tcr_26_1,D,A,R,Q,115,179,NE,NE2,6.849651
tcr_26_1,D,A,R,Q,115,179,NE,OE1,8.39565
tcr_26_1,D,A,R,Q,115,179,CZ,CG,9.145484
tcr_26_1,D,A,R,Q,115,179,CZ,CD,8.177844
tcr_26_1,D,A,R,Q,115,179,CZ,NE2,7.1941876
tcr_26_1,D,A,R,Q,115,179,CZ,OE1,8.505454
tcr_26_1,D,A,R,Q,115,179,NH1,CG,9.894719
tcr_26_1,D,A,R,Q,115,179,NH1,CD,8.809389
tcr_26_1,D,A,R,Q,115,179,NH1,NE2,7.8884635
tcr_26_1,D,A,R,Q,115,179,NH1,OE1,8.975244
tcr_26_1,D,A,R,Q,115,179,NH2,CG,8.865898
tcr_26_1,D,A,R,Q,115,179,NH2,CD,8.049309
tcr_26_1,D,A,R,Q,115,179,NH2,NE2,7.167203
tcr_26_1,D,A,R,Q,115,179,NH2,OE1,8.43723
tcr_26_1,D,A,R,A,115,174,NH2,O,9.51233
tcr_26_1,D,A,S,R,116,86,N,NH1,8.865148
tcr_26_1,D,A,S,Q,116,179,N,CG,9.854757
tcr_26_1,D,A,S,R,116,86,N,NE,8.589093
tcr_26_1,D,A,S,Q,116,179,N,CD,9.123207
tcr_26_1,D,A,S,Q,116,179,N,NE2,7.839909
tcr_26_1,D,A,S,Q,116,179,N,OE1,9.799803
tcr_26_1,D,A,S,R,116,86,N,NH2,6.8353024
tcr_26_1,D,A,S,R,116,86,N,CZ,8.053185
tcr_26_1,D,A,S,R,116,93,N,NH2,8.76672
tcr_26_1,D,A,S,R,116,93,N,NH1,9.470148
tcr_26_1,D,A,S,R,116,93,N,CZ,9.262088
tcr_26_1,D,A,S,R,116,93,N,NE,9.749754
tcr_26_1,D,A,S,T,116,187,CA,OG1,9.217126
tcr_26_1,D,A,S,R,116,86,CA,NH1,8.0789385
tcr_26_1,D,A,S,Q,116,179,CA,CB,9.990387
tcr_26_1,D,A,S,Q,116,179,CA,CG,9.1375265
tcr_26_1,D,A,S,R,116,86,CA,NE,7.815017
tcr_26_1,D,A,S,Q,116,179,CA,CD,8.465487
tcr_26_1,D,A,S,Q,116,179,CA,NE2,7.236147
tcr_26_1,D,A,S,Q,116,179,CA,OE1,9.1530905
tcr_26_1,D,A,S,R,116,86,CA,NH2,6.165923
tcr_26_1,D,A,S,R,116,86,CA,CZ,7.2950463
tcr_26_1,D,A,S,R,116,86,CA,CD,9.248442
tcr_26_1,D,A,S,R,116,86,CA,CG,9.75375
tcr_26_1,D,A,S,K,116,90,CA,NZ,9.748441
tcr_26_1,D,A,S,K,116,90,CA,CE,9.05999
tcr_26_1,D,A,S,K,116,90,CA,CG,9.884344
tcr_26_1,D,A,S,R,116,93,CA,NH2,8.308145
tcr_26_1,D,A,S,R,116,93,CA,NH1,9.333944
tcr_26_1,D,A,S,R,116,93,CA,CZ,8.943212
tcr_26_1,D,A,S,R,116,93,CA,NE,9.384367
tcr_26_1,D,A,S,T,116,187,C,OG1,8.954753
tcr_26_1,D,A,S,R,116,86,C,NH1,9.125836
tcr_26_1,D,A,S,Q,116,179,C,C,9.709387
tcr_26_1,D,A,S,A,116,182,C,CB,9.437198
tcr_26_1,D,A,S,Q,116,179,C,CA,9.173276
tcr_26_1,D,A,S,Q,116,179,C,CB,8.505607
tcr_26_1,D,A,S,Q,116,179,C,CG,7.6291227
tcr_26_1,D,A,S,Y,116,183,C,CD2,9.8657675
tcr_26_1,D,A,S,R,116,86,C,NE,8.740975
tcr_26_1,D,A,S,Q,116,179,C,CD,6.9309483
tcr_26_1,D,A,S,Q,116,179,C,NE2,5.701771
tcr_26_1,D,A,S,Q,116,179,C,OE1,7.6293263
tcr_26_1,D,A,S,R,116,86,C,NH2,7.309182
tcr_26_1,D,A,S,R,116,86,C,CZ,8.332491
tcr_26_1,D,A,S,Y,116,183,C,CB,9.723383
tcr_26_1,D,A,S,Q,116,179,C,O,9.272529
tcr_26_1,D,A,S,Y,116,183,C,N,9.952746
tcr_26_1,D,A,S,K,116,90,C,NZ,9.97291
tcr_26_1,D,A,S,K,116,90,C,CE,9.2930975
tcr_26_1,D,A,S,K,116,90,C,CG,9.977136
tcr_26_1,D,A,S,R,116,93,C,NH2,8.600292
tcr_26_1,D,A,S,R,116,93,C,NH1,9.686334
tcr_26_1,D,A,S,R,116,93,C,CZ,9.158053
tcr_26_1,D,A,S,R,116,93,C,NE,9.387206
tcr_26_1,D,A,S,T,116,187,O,OG1,9.915707
tcr_26_1,D,A,S,Q,116,179,O,C,9.752548
tcr_26_1,D,A,S,A,116,182,O,CB,9.918277
tcr_26_1,D,A,S,Q,116,179,O,CA,9.12558
tcr_26_1,D,A,S,Q,116,179,O,CB,8.28514
tcr_26_1,D,A,S,Q,116,179,O,CG,7.3207836
tcr_26_1,D,A,S,R,116,86,O,NE,9.443999
tcr_26_1,D,A,S,Q,116,179,O,CD,6.4365015
tcr_26_1,D,A,S,Q,116,179,O,NE2,5.1663413
tcr_26_1,D,A,S,Q,116,179,O,OE1,7.0306687
tcr_26_1,D,A,S,R,116,86,O,NH2,8.133492
tcr_26_1,D,A,S,R,116,86,O,CZ,9.1537485
tcr_26_1,D,A,S,Q,116,179,O,O,9.453719
tcr_26_1,D,A,S,K,116,90,O,CE,9.75787
tcr_26_1,D,A,S,R,116,93,O,NH2,8.4653425
tcr_26_1,D,A,S,R,116,93,O,NH1,9.362622
tcr_26_1,D,A,S,R,116,93,O,CZ,8.860027
tcr_26_1,D,A,S,R,116,93,O,NE,8.974572
tcr_26_1,D,A,S,R,116,93,O,CD,9.625584
tcr_26_1,D,A,S,T,116,187,CB,OG1,9.177632
tcr_26_1,D,A,S,R,116,86,CB,NH1,7.0661497
tcr_26_1,D,A,S,T,116,187,CB,CG2,9.796076
tcr_26_1,D,A,S,Q,116,179,CB,CG,9.857899
tcr_26_1,D,A,S,R,116,86,CB,NE,6.504877
tcr_26_1,D,A,S,Q,116,179,CB,CD,9.072399
tcr_26_1,D,A,S,Q,116,179,CB,NE2,7.8968506
tcr_26_1,D,A,S,Q,116,179,CB,OE1,9.61567
tcr_26_1,D,A,S,R,116,86,CB,NH2,5.056711
tcr_26_1,D,A,S,R,116,86,CB,CZ,6.137486
tcr_26_1,D,A,S,R,116,86,CB,CD,7.918035
tcr_26_1,D,A,S,R,116,86,CB,CG,8.318084
tcr_26_1,D,A,S,R,116,86,CB,CB,9.821236
tcr_26_1,D,A,S,K,116,90,CB,NZ,8.5399685
tcr_26_1,D,A,S,K,116,90,CB,CD,8.679043
tcr_26_1,D,A,S,K,116,90,CB,CB,9.856317
tcr_26_1,D,A,S,K,116,90,CB,CE,7.7462406
tcr_26_1,D,A,S,K,116,90,CB,CG,8.496252
tcr_26_1,D,A,S,R,116,93,CB,NH2,6.8755875
tcr_26_1,D,A,S,R,116,93,CB,NH1,7.9994893
tcr_26_1,D,A,S,R,116,93,CB,CZ,7.588776
tcr_26_1,D,A,S,R,116,93,CB,NE,8.117787
tcr_26_1,D,A,S,R,116,93,CB,CD,9.109859
tcr_26_1,D,A,S,T,116,187,OG,OG1,7.9719887
tcr_26_1,D,A,S,R,116,86,OG,NH1,6.574535
tcr_26_1,D,A,S,T,116,187,OG,CG2,8.488038
tcr_26_1,D,A,S,T,116,187,OG,CB,8.88361
tcr_26_1,D,A,S,Q,116,179,OG,CB,9.947986
tcr_26_1,D,A,S,Q,116,179,OG,CG,9.418202
tcr_26_1,D,A,S,Y,116,183,OG,CD2,8.844703
tcr_26_1,D,A,S,R,116,86,OG,NE,5.977805
tcr_26_1,D,A,S,Q,116,179,OG,CD,8.697044
tcr_26_1,D,A,S,Q,116,179,OG,NE2,7.6290574
tcr_26_1,D,A,S,Q,116,179,OG,OE1,9.212751
tcr_26_1,D,A,S,R,116,86,OG,NH2,4.803633
tcr_26_1,D,A,S,R,116,86,OG,CZ,5.687418
tcr_26_1,D,A,S,Y,116,183,OG,CB,9.436342
tcr_26_1,D,A,S,Y,116,183,OG,CE2,9.434088
tcr_26_1,D,A,S,Y,116,183,OG,CA,9.898893
tcr_26_1,D,A,S,Y,116,183,OG,CG,9.67163
tcr_26_1,D,A,S,R,116,86,OG,CD,7.3299546
tcr_26_1,D,A,S,R,116,86,OG,CA,9.993181
tcr_26_1,D,A,S,R,116,86,OG,CG,7.7655582
tcr_26_1,D,A,S,R,116,86,OG,CB,9.295804
tcr_26_1,D,A,S,E,116,87,OG,OE1,9.696123
tcr_26_1,D,A,S,K,116,90,OG,NZ,7.3674664
tcr_26_1,D,A,S,R,116,86,OG,C,9.990136
tcr_26_1,D,A,S,R,116,86,OG,O,9.419507
tcr_26_1,D,A,S,K,116,90,OG,CD,7.6208215
tcr_26_1,D,A,S,K,116,90,OG,N,9.914239
tcr_26_1,D,A,S,K,116,90,OG,CA,9.540668
tcr_26_1,D,A,S,K,116,90,OG,CB,8.9724245
tcr_26_1,D,A,S,K,116,90,OG,CE,6.6690636
tcr_26_1,D,A,S,K,116,90,OG,CG,7.604426
tcr_26_1,D,A,S,R,116,93,OG,NH2,6.642122
tcr_26_1,D,A,S,R,116,93,OG,NH1,8.105649
tcr_26_1,D,A,S,R,116,93,OG,CZ,7.493899
tcr_26_1,D,A,S,R,116,93,OG,NE,7.9430866
tcr_26_1,D,A,S,R,116,93,OG,CD,9.048804
tcr_26_1,D,A,A,T,117,187,N,OG1,7.8334136
tcr_26_1,D,A,A,R,117,86,N,NH1,9.175908
tcr_26_1,D,A,A,T,117,187,N,CG2,9.113453
tcr_26_1,D,A,A,T,117,187,N,CB,8.978875
tcr_26_1,D,A,A,R,117,180,N,N,9.814627
tcr_26_1,D,A,A,Q,117,179,N,C,8.641429
tcr_26_1,D,A,A,A,117,182,N,O,9.549622
tcr_26_1,D,A,A,A,117,182,N,C,9.064054
tcr_26_1,D,A,A,A,117,182,N,CB,8.1618395
tcr_26_1,D,A,A,A,117,182,N,CA,9.330438
tcr_26_1,D,A,A,E,117,178,N,O,9.9549265
tcr_26_1,D,A,A,Q,117,179,N,CA,8.170187
tcr_26_1,D,A,A,Q,117,179,N,N,9.3871355
tcr_26_1,D,A,A,Q,117,179,N,CB,7.650475
tcr_26_1,D,A,A,Q,117,179,N,CG,6.8788157
tcr_26_1,D,A,A,Y,117,183,N,CD2,8.8391075
tcr_26_1,D,A,A,R,117,86,N,NE,8.953536
tcr_26_1,D,A,A,Q,117,179,N,CD,6.3789043
tcr_26_1,D,A,A,Q,117,179,N,NE2,5.2454042
tcr_26_1,D,A,A,Q,117,179,N,OE1,7.1772203
tcr_26_1,D,A,A,R,117,86,N,NH2,7.584241
tcr_26_1,D,A,A,R,117,86,N,CZ,8.503951
tcr_26_1,D,A,A,Y,117,183,N,CB,8.566332
tcr_26_1,D,A,A,Q,117,179,N,O,8.129943
tcr_26_1,D,A,A,Y,117,183,N,CE2,9.820011
tcr_26_1,D,A,A,Y,117,183,N,CA,8.843728
tcr_26_1,D,A,A,Y,117,183,N,N,8.675151
tcr_26_1,D,A,A,Y,117,183,N,CG,9.277768
tcr_26_1,D,A,A,K,117,90,N,NZ,9.725637
tcr_26_1,D,A,A,K,117,90,N,CE,9.211304
tcr_26_1,D,A,A,R,117,93,N,NH2,9.238407
tcr_26_1,D,A,A,R,117,93,N,CZ,9.88503
tcr_26_1,D,A,A,T,117,187,CA,OG1,7.7703943
tcr_26_1,D,A,A,T,117,187,CA,CG2,9.133893
tcr_26_1,D,A,A,T,117,187,CA,CB,8.845818
tcr_26_1,D,A,A,R,117,180,CA,N,8.432438
tcr_26_1,D,A,A,Q,117,179,CA,C,7.2852607
tcr_26_1,D,A,A,A,117,182,CA,O,8.876235
tcr_26_1,D,A,A,A,117,182,CA,C,8.238062
tcr_26_1,D,A,A,A,117,182,CA,CB,7.2439766
tcr_26_1,D,A,A,A,117,182,CA,CA,8.421461
tcr_26_1,D,A,A,A,117,182,CA,N,9.078172
tcr_26_1,D,A,A,E,117,178,CA,O,8.730416
tcr_26_1,D,A,A,E,117,178,CA,C,8.847301
tcr_26_1,D,A,A,Q,117,179,CA,CA,6.7879906
tcr_26_1,D,A,A,Q,117,179,CA,N,8.020329
tcr_26_1,D,A,A,Q,117,179,CA,CB,6.2036247
tcr_26_1,D,A,A,Q,117,179,CA,CG,5.4691916
tcr_26_1,D,A,A,E,117,176,CA,O,9.604142
tcr_26_1,D,A,A,Y,117,183,CA,CD2,8.240541
tcr_26_1,D,A,A,R,117,86,CA,NE,9.892087
tcr_26_1,D,A,A,Q,117,179,CA,CD,4.977131
tcr_26_1,D,A,A,Q,117,179,CA,NE2,3.9138708
tcr_26_1,D,A,A,Q,117,179,CA,OE1,5.7899637
tcr_26_1,D,A,A,R,117,86,CA,NH2,8.733158
tcr_26_1,D,A,A,R,117,86,CA,CZ,9.551637
tcr_26_1,D,A,A,Y,117,183,CA,CB,7.6593046
tcr_26_1,D,A,A,Q,117,179,CA,O,6.8595123
tcr_26_1,D,A,A,Y,117,183,CA,CE2,9.322176
tcr_26_1,D,A,A,Y,117,183,CA,CA,8.0318775
tcr_26_1,D,A,A,Y,117,183,CA,N,7.758836
tcr_26_1,D,A,A,Y,117,183,CA,CD1,9.773406
tcr_26_1,D,A,A,R,117,180,CA,CZ,9.639359
tcr_26_1,D,A,A,Y,117,183,CA,CG,8.488588
tcr_26_1,D,A,A,R,117,180,CA,NH1,9.061034
tcr_26_1,D,A,A,R,117,180,CA,NH2,9.939033
tcr_26_1,D,A,A,Y,117,183,CA,C,9.553507
tcr_26_1,D,A,A,R,117,180,CA,O,9.88011
tcr_26_1,D,A,A,R,117,180,CA,C,9.788802
tcr_26_1,D,A,A,R,117,180,CA,CD,9.997099
tcr_26_1,D,A,A,R,117,180,CA,CA,9.2658415
tcr_26_1,D,A,A,K,117,90,CA,CE,9.540363
tcr_26_1,D,A,A,R,117,93,CA,NH2,9.671888
tcr_26_1,D,A,A,T,117,187,C,OG1,7.8478246
tcr_26_1,D,A,A,T,117,187,C,CG2,8.901842
tcr_26_1,D,A,A,T,117,187,C,CB,8.739559
tcr_26_1,D,A,A,R,117,180,C,N,8.109287
tcr_26_1,D,A,A,Q,117,179,C,C,7.103963
tcr_26_1,D,A,A,A,117,182,C,O,9.146613
tcr_26_1,D,A,A,A,117,182,C,C,8.456924
tcr_26_1,D,A,A,A,117,182,C,CB,7.775197
tcr_26_1,D,A,A,A,117,182,C,CA,8.7900505
tcr_26_1,D,A,A,A,117,182,C,N,9.30177
tcr_26_1,D,A,A,E,117,178,C,O,9.040365
tcr_26_1,D,A,A,E,117,178,C,C,9.080556
tcr_26_1,D,A,A,Q,117,179,C,CA,6.803646
tcr_26_1,D,A,A,Q,117,179,C,N,8.125556
tcr_26_1,D,A,A,Q,117,179,C,CB,6.0224357
tcr_26_1,D,A,A,Q,117,179,C,CG,5.514852
tcr_26_1,D,A,A,E,117,176,C,O,9.269968
tcr_26_1,D,A,A,Y,117,183,C,CD2,7.587134
tcr_26_1,D,A,A,R,117,86,C,NE,9.499043
tcr_26_1,D,A,A,Q,117,179,C,CD,4.7637143
tcr_26_1,D,A,A,Q,117,179,C,NE2,3.8291576
tcr_26_1,D,A,A,Q,117,179,C,OE1,5.2990255
tcr_26_1,D,A,A,R,117,86,C,NH2,8.655901
tcr_26_1,D,A,A,R,117,86,C,CZ,9.357311
tcr_26_1,D,A,A,Y,117,183,C,CB,7.1936035
tcr_26_1,D,A,A,Q,117,179,C,O,6.688164
tcr_26_1,D,A,A,Y,117,183,C,CE2,8.574577
tcr_26_1,D,A,A,Y,117,183,C,CA,7.843266
tcr_26_1,D,A,A,Y,117,183,C,N,7.752782
tcr_26_1,D,A,A,Y,117,183,C,CD1,9.062427
tcr_26_1,D,A,A,R,117,180,C,CZ,8.523021
tcr_26_1,D,A,A,Y,117,183,C,CG,7.856531
tcr_26_1,D,A,A,Y,117,183,C,CZ,9.686705
tcr_26_1,D,A,A,R,117,180,C,NE,9.140119
tcr_26_1,D,A,A,Y,117,183,C,CE1,9.908295
tcr_26_1,D,A,A,R,117,180,C,NH1,7.8729563
tcr_26_1,D,A,A,Y,117,183,C,O,9.900628
tcr_26_1,D,A,A,R,117,180,C,NH2,8.771067
tcr_26_1,D,A,A,Y,117,183,C,C,9.341576
tcr_26_1,D,A,A,R,117,180,C,O,9.549318
tcr_26_1,D,A,A,R,117,180,C,C,9.494281
tcr_26_1,D,A,A,R,117,180,C,CD,9.134874
tcr_26_1,D,A,A,R,117,180,C,CA,8.81827
tcr_26_1,D,A,A,R,117,180,C,CG,9.81672
tcr_26_1,D,A,A,K,117,90,C,NZ,9.163334
tcr_26_1,D,A,A,K,117,90,C,CD,9.076531
tcr_26_1,D,A,A,K,117,90,C,CE,8.587405
tcr_26_1,D,A,A,K,117,90,C,CG,9.092272
tcr_26_1,D,A,A,R,117,93,C,NH2,8.640023
tcr_26_1,D,A,A,R,117,93,C,CZ,9.186559
tcr_26_1,D,A,A,R,117,93,C,NE,9.052099
tcr_26_1,D,A,A,R,117,93,C,CD,9.825765
tcr_26_1,D,A,A,T,117,187,O,OG1,8.501023
tcr_26_1,D,A,A,T,117,187,O,CG2,9.533593
tcr_26_1,D,A,A,T,117,187,O,CB,9.297019
tcr_26_1,D,A,A,R,117,180,O,N,7.3462124
tcr_26_1,D,A,A,Q,117,179,O,C,6.4484987
tcr_26_1,D,A,A,A,117,182,O,O,9.315106
tcr_26_1,D,A,A,A,117,182,O,C,8.497859
tcr_26_1,D,A,A,A,117,182,O,CB,7.756181
tcr_26_1,D,A,A,A,117,182,O,CA,8.742615
tcr_26_1,D,A,A,A,117,182,O,N,9.064385
tcr_26_1,D,A,A,E,117,178,O,O,8.570138
tcr_26_1,D,A,A,E,117,178,O,C,8.473071
tcr_26_1,D,A,A,Q,117,179,O,CA,6.120788
tcr_26_1,D,A,A,Q,117,179,O,N,7.4120474
tcr_26_1,D,A,A,E,117,178,O,CA,9.822401
tcr_26_1,D,A,A,Q,117,179,O,CB,5.150069
tcr_26_1,D,A,A,Q,117,179,O,CG,4.697769
tcr_26_1,D,A,A,E,117,176,O,O,8.267804
tcr_26_1,D,A,A,E,117,176,O,C,9.197005
tcr_26_1,D,A,A,Y,117,183,O,CD2,7.6968627
tcr_26_1,D,A,A,Q,117,179,O,CD,3.776767
tcr_26_1,D,A,A,Q,117,179,O,NE2,2.979861
tcr_26_1,D,A,A,Q,117,179,O,OE1,4.160805
tcr_26_1,D,A,A,R,117,86,O,NH2,9.751804
tcr_26_1,D,A,A,Y,117,183,O,CB,7.0710735
tcr_26_1,D,A,A,Q,117,179,O,O,6.1988206
tcr_26_1,D,A,A,Y,117,183,O,CE2,8.710623
tcr_26_1,D,A,A,Y,117,183,O,CA,7.861365
tcr_26_1,D,A,A,Y,117,183,O,N,7.6993446
tcr_26_1,D,A,A,Y,117,183,O,CD1,8.880801
tcr_26_1,D,A,A,R,117,180,O,CZ,7.474718
tcr_26_1,D,A,A,Y,117,183,O,CG,7.7842155
tcr_26_1,D,A,A,Y,117,183,O,CZ,9.6974
tcr_26_1,D,A,A,R,117,180,O,NE,8.096501
tcr_26_1,D,A,A,Y,117,183,O,CE1,9.776115
tcr_26_1,D,A,A,R,117,180,O,NH1,6.9269667
tcr_26_1,D,A,A,R,117,180,O,NH2,7.657896
tcr_26_1,D,A,A,Y,117,183,O,C,9.349594
tcr_26_1,D,A,A,R,117,181,O,N,9.6243725
tcr_26_1,D,A,A,L,117,184,O,N,9.998869
tcr_26_1,D,A,A,R,117,180,O,O,9.0949745
tcr_26_1,D,A,A,R,117,180,O,C,8.931028
tcr_26_1,D,A,A,R,117,121,O,NH2,9.813458
tcr_26_1,D,A,A,R,117,180,O,CD,8.196091
tcr_26_1,D,A,A,R,117,180,O,CB,9.193686
tcr_26_1,D,A,A,R,117,180,O,CA,8.102235
tcr_26_1,D,A,A,R,117,180,O,CG,8.868514
tcr_26_1,D,A,A,R,117,175,O,O,9.547082
tcr_26_1,D,A,A,E,117,176,O,CA,9.11397
tcr_26_1,D,A,A,E,117,176,O,CB,9.546492
tcr_26_1,D,A,A,E,117,176,O,CG,8.828981
tcr_26_1,D,A,A,E,117,176,O,OE2,9.578013
tcr_26_1,D,A,A,E,117,176,O,CD,9.22419
tcr_26_1,D,A,A,E,117,176,O,OE1,9.289526
tcr_26_1,D,A,A,K,117,90,O,NZ,9.754503
tcr_26_1,D,A,A,K,117,90,O,CD,9.460101
tcr_26_1,D,A,A,K,117,90,O,CE,9.151077
tcr_26_1,D,A,A,K,117,90,O,CG,9.412991
tcr_26_1,D,A,A,R,117,93,O,NH2,9.01545
tcr_26_1,D,A,A,R,117,93,O,CZ,9.442975
tcr_26_1,D,A,A,R,117,93,O,NE,9.136437
tcr_26_1,D,A,A,R,117,93,O,CD,9.778083
tcr_26_1,D,A,A,G,117,186,CB,CA,9.788472
tcr_26_1,D,A,A,T,117,187,CB,OG1,6.7150884
tcr_26_1,D,A,A,T,117,187,CB,CG2,8.337703
tcr_26_1,D,A,A,T,117,187,CB,CB,7.841253
tcr_26_1,D,A,A,T,117,187,CB,CA,9.038338
tcr_26_1,D,A,A,T,117,187,CB,N,8.826185
tcr_26_1,D,A,A,G,117,186,CB,C,9.888208
tcr_26_1,D,A,A,R,117,180,CB,N,7.6054335
tcr_26_1,D,A,A,Q,117,179,CB,C,6.37116
tcr_26_1,D,A,A,A,117,182,CB,O,7.4169936
tcr_26_1,D,A,A,A,117,182,CB,C,6.8007207
tcr_26_1,D,A,A,A,117,182,CB,CB,5.7962365
tcr_26_1,D,A,A,A,117,182,CB,CA,6.9689107
tcr_26_1,D,A,A,A,117,182,CB,N,7.7184577
tcr_26_1,D,A,A,E,117,178,CB,O,7.5989966
tcr_26_1,D,A,A,E,117,178,CB,C,7.8784037
tcr_26_1,D,A,A,Q,117,179,CB,CA,5.959428
tcr_26_1,D,A,A,Q,117,179,CB,N,7.207768
tcr_26_1,D,A,A,E,117,178,CB,CA,9.3125725
tcr_26_1,D,A,A,Q,117,179,CB,CB,5.699447
tcr_26_1,D,A,A,Q,117,179,CB,CG,5.1436954
tcr_26_1,D,A,A,E,117,178,CB,CB,9.5078125
tcr_26_1,D,A,A,E,117,176,CB,O,9.110735
tcr_26_1,D,A,A,Y,117,183,CB,CD2,7.4613085
tcr_26_1,D,A,A,Q,117,179,CB,CD,5.072536
tcr_26_1,D,A,A,Q,117,179,CB,NE2,4.269521
tcr_26_1,D,A,A,Q,117,179,CB,OE1,6.0147
tcr_26_1,D,A,A,R,117,86,CB,NH2,9.244976
tcr_26_1,D,A,A,R,117,86,CB,CZ,9.971253
tcr_26_1,D,A,A,Y,117,183,CB,CB,6.6444244
tcr_26_1,D,A,A,Q,117,179,CB,O,5.814547
tcr_26_1,D,A,A,Y,117,183,CB,CE2,8.653785
tcr_26_1,D,A,A,Y,117,183,CB,CA,6.8094864
tcr_26_1,D,A,A,Y,117,183,CB,N,6.431926
tcr_26_1,D,A,A,Y,117,183,CB,CD1,8.93207
tcr_26_1,D,A,A,R,117,180,CB,CZ,9.564987
tcr_26_1,D,A,A,Y,117,183,CB,CG,7.614138
tcr_26_1,D,A,A,Y,117,183,CB,CZ,9.82703
tcr_26_1,D,A,A,R,117,180,CB,NE,9.882818
tcr_26_1,D,A,A,Y,117,183,CB,CE1,9.953482
tcr_26_1,D,A,A,R,117,180,CB,NH1,8.97292
tcr_26_1,D,A,A,Y,117,183,CB,O,8.8772955
tcr_26_1,D,A,A,Y,117,183,CB,C,8.324844
tcr_26_1,D,A,A,R,117,181,CB,C,8.893349
tcr_26_1,D,A,A,R,117,181,CB,O,9.416653
tcr_26_1,D,A,A,R,117,181,CB,CA,9.777525
tcr_26_1,D,A,A,R,117,181,CB,N,9.19445
tcr_26_1,D,A,A,L,117,184,CB,N,9.144647
tcr_26_1,D,A,A,R,117,180,CB,O,8.783068
tcr_26_1,D,A,A,R,117,180,CB,C,8.73744
tcr_26_1,D,A,A,R,117,180,CB,CD,9.547898
tcr_26_1,D,A,A,R,117,180,CB,CB,9.792046
tcr_26_1,D,A,A,R,117,180,CB,CA,8.4026375
tcr_26_1,D,A,A,R,117,180,CB,CG,9.944997
tcr_26_1,D,A,A,R,117,175,CB,O,9.990082
tcr_26_1,D,A,A,K,117,90,CB,CE,9.921515
tcr_26_1,D,A,L,T,118,187,N,OG1,7.5114436
tcr_26_1,D,A,L,R,118,86,N,NH1,8.990006
tcr_26_1,D,A,L,T,118,187,N,CG2,8.276224
tcr_26_1,D,A,L,T,118,187,N,CB,8.329274
tcr_26_1,D,A,L,T,118,187,N,CA,9.796798
tcr_26_1,D,A,L,R,118,180,N,N,8.950258
tcr_26_1,D,A,L,Q,118,179,N,C,7.989717
tcr_26_1,D,A,L,A,118,182,N,O,9.492128
tcr_26_1,D,A,L,A,118,182,N,C,8.921732
tcr_26_1,D,A,L,A,118,182,N,CB,8.554314
tcr_26_1,D,A,L,A,118,182,N,CA,9.449156
tcr_26_1,D,A,L,Q,118,179,N,CA,7.8679786
tcr_26_1,D,A,L,Q,118,179,N,N,9.2422905
tcr_26_1,D,A,L,Q,118,179,N,CB,7.1283913
tcr_26_1,D,A,L,Q,118,179,N,CG,6.753602
tcr_26_1,D,A,L,Y,118,183,N,CD2,7.2637763
tcr_26_1,D,A,L,R,118,86,N,NE,8.23934
tcr_26_1,D,A,L,Q,118,179,N,CD,5.980382
tcr_26_1,D,A,L,Q,118,179,N,NE2,5.0931063
tcr_26_1,D,A,L,Q,118,179,N,OE1,6.397494
tcr_26_1,D,A,L,R,118,86,N,NH2,7.5270267
tcr_26_1,D,A,L,R,118,86,N,CZ,8.167401
tcr_26_1,D,A,L,Y,118,183,N,CB,7.323849
tcr_26_1,D,A,L,Q,118,179,N,O,7.448941
tcr_26_1,D,A,L,Y,118,183,N,CE2,8.089767
tcr_26_1,D,A,L,Y,118,183,N,CA,8.029228
tcr_26_1,D,A,L,Y,118,183,N,N,8.167774
tcr_26_1,D,A,L,Y,118,183,N,CD1,8.963381
tcr_26_1,D,A,L,R,118,180,N,CZ,8.939708
tcr_26_1,D,A,L,Y,118,183,N,CG,7.7515707
tcr_26_1,D,A,L,Y,118,183,N,CZ,9.254392
tcr_26_1,D,A,L,R,118,180,N,NE,9.665869
tcr_26_1,D,A,L,Y,118,183,N,CE1,9.650313
tcr_26_1,D,A,L,R,118,180,N,NH1,8.143234
tcr_26_1,D,A,L,Y,118,183,N,O,9.890585
tcr_26_1,D,A,L,R,118,180,N,NH2,9.193713
tcr_26_1,D,A,L,Y,118,183,N,C,9.465368
tcr_26_1,D,A,L,R,118,180,N,CD,9.666017
tcr_26_1,D,A,L,R,118,180,N,CA,9.498323
tcr_26_1,D,A,L,R,118,86,N,CD,9.393613
tcr_26_1,D,A,L,R,118,86,N,CG,9.642953
tcr_26_1,D,A,L,K,118,90,N,NZ,7.94627
tcr_26_1,D,A,L,K,118,90,N,CD,7.8612485
tcr_26_1,D,A,L,K,118,90,N,CA,9.548756
tcr_26_1,D,A,L,K,118,90,N,CB,8.945667
tcr_26_1,D,A,L,K,118,90,N,CE,7.3204308
tcr_26_1,D,A,L,K,118,90,N,CG,7.8832173
tcr_26_1,D,A,L,R,118,93,N,NH2,7.5256915
tcr_26_1,D,A,L,R,118,93,N,NH1,9.072046
tcr_26_1,D,A,L,R,118,93,N,CZ,8.178889
tcr_26_1,D,A,L,R,118,93,N,NE,8.139719
tcr_26_1,D,A,L,R,118,93,N,CD,9.04864
tcr_26_1,D,A,L,T,118,187,CA,OG1,7.9297376
tcr_26_1,D,A,L,R,118,86,CA,NH1,9.006033
tcr_26_1,D,A,L,T,118,187,CA,CG2,8.32476
tcr_26_1,D,A,L,T,118,187,CA,CB,8.538486
tcr_26_1,D,A,L,R,118,180,CA,N,9.19225
tcr_26_1,D,A,L,Q,118,179,CA,C,8.388408
tcr_26_1,D,A,L,A,118,182,CA,C,9.523729
tcr_26_1,D,A,L,A,118,182,CA,CB,9.421268
tcr_26_1,D,A,L,Q,118,179,CA,CA,8.438684
tcr_26_1,D,A,L,Q,118,179,CA,N,9.83488
tcr_26_1,D,A,L,Q,118,179,CA,CB,7.5995812
tcr_26_1,D,A,L,Q,118,179,CA,CG,7.411684
tcr_26_1,D,A,L,Y,118,183,CA,CD2,7.0260687
tcr_26_1,D,A,L,R,118,86,CA,NE,7.9446487
tcr_26_1,D,A,L,Q,118,179,CA,CD,6.511578
tcr_26_1,D,A,L,Q,118,179,CA,NE2,5.7809134
tcr_26_1,D,A,L,Q,118,179,CA,OE1,6.6794147
tcr_26_1,D,A,L,R,118,86,CA,NH2,7.6163864
tcr_26_1,D,A,L,R,118,86,CA,CZ,8.100618
tcr_26_1,D,A,L,Y,118,183,CA,CB,7.3781915
tcr_26_1,D,A,L,Q,118,179,CA,O,7.861312
tcr_26_1,D,A,L,Y,118,183,CA,CE2,7.671481
tcr_26_1,D,A,L,Y,118,183,CA,CA,8.299836
tcr_26_1,D,A,L,Y,118,183,CA,N,8.619128
tcr_26_1,D,A,L,Y,118,183,CA,CD1,8.658562
tcr_26_1,D,A,L,R,118,180,CA,CZ,8.367787
tcr_26_1,D,A,L,Y,118,183,CA,CG,7.570862
tcr_26_1,D,A,L,Y,118,183,CA,CZ,8.745022
tcr_26_1,D,A,L,R,118,180,CA,NE,9.236417
tcr_26_1,D,A,L,Y,118,183,CA,OH,9.568986
tcr_26_1,D,A,L,Y,118,183,CA,CE1,9.195723
tcr_26_1,D,A,L,R,118,180,CA,NH1,7.4841
tcr_26_1,D,A,L,R,118,180,CA,NH2,8.559232
tcr_26_1,D,A,L,Y,118,183,CA,C,9.649819
tcr_26_1,D,A,L,R,118,121,CA,NH2,9.956029
tcr_26_1,D,A,L,R,118,180,CA,CD,9.349501
tcr_26_1,D,A,L,R,118,180,CA,CA,9.5896225
tcr_26_1,D,A,L,R,118,86,CA,CD,8.963483
tcr_26_1,D,A,L,R,118,86,CA,CG,9.018907
tcr_26_1,D,A,L,E,118,87,CA,OE1,9.591094
tcr_26_1,D,A,L,K,118,90,CA,NZ,7.1524205
tcr_26_1,D,A,L,Q,118,89,CA,C,9.806977
tcr_26_1,D,A,L,R,118,86,CA,O,9.51293
tcr_26_1,D,A,L,K,118,90,CA,CD,6.739909
tcr_26_1,D,A,L,K,118,90,CA,N,9.066381
tcr_26_1,D,A,L,K,118,90,CA,CA,8.207507
tcr_26_1,D,A,L,K,118,90,CA,CB,7.6308455
tcr_26_1,D,A,L,K,118,90,CA,CE,6.4064045
tcr_26_1,D,A,L,K,118,90,CA,CG,6.6696835
tcr_26_1,D,A,L,R,118,93,CA,NH2,6.5398483
tcr_26_1,D,A,L,R,118,93,CA,NH1,8.1901
tcr_26_1,D,A,L,R,118,93,CA,CZ,7.1779532
tcr_26_1,D,A,L,R,118,93,CA,NE,7.02661
tcr_26_1,D,A,L,R,118,93,CA,CD,7.9620137
tcr_26_1,D,A,L,Q,118,89,CA,O,9.8475
tcr_26_1,D,A,L,R,118,93,CA,CG,9.086835
tcr_26_1,D,A,L,R,118,93,CA,CB,8.812359
tcr_26_1,D,A,L,K,118,90,CA,O,9.026848
tcr_26_1,D,A,L,K,118,90,CA,C,9.1705885
tcr_26_1,D,A,L,R,118,121,CA,NH1,9.84771
tcr_26_1,D,A,L,Q,118,94,CA,OE1,9.121249
tcr_26_1,D,A,L,T,118,187,C,OG1,9.4335
tcr_26_1,D,A,L,R,118,86,C,NH1,9.536727
tcr_26_1,D,A,L,T,118,187,C,CG2,9.758403
tcr_26_1,D,A,L,Q,118,179,C,C,9.367352
tcr_26_1,D,A,L,Q,118,179,C,CA,9.28433
tcr_26_1,D,A,L,Q,118,179,C,CB,8.258782
tcr_26_1,D,A,L,Q,118,179,C,CG,7.92608
tcr_26_1,D,A,L,Y,118,183,C,CD2,8.443063
tcr_26_1,D,A,L,R,118,86,C,NE,8.2287245
tcr_26_1,D,A,L,Q,118,179,C,CD,6.797798
tcr_26_1,D,A,L,Q,118,179,C,NE2,5.991265
tcr_26_1,D,A,L,Q,118,179,C,OE1,6.8176894
tcr_26_1,D,A,L,R,118,86,C,NH2,7.928354
tcr_26_1,D,A,L,R,118,86,C,CZ,8.489792
tcr_26_1,D,A,L,Y,118,183,C,CB,8.773099
tcr_26_1,D,A,L,Q,118,179,C,O,8.986902
tcr_26_1,D,A,L,Y,118,183,C,CE2,9.015123
tcr_26_1,D,A,L,Y,118,183,C,CA,9.753221
tcr_26_1,D,A,L,Y,118,183,C,CD1,9.965036
tcr_26_1,D,A,L,R,118,180,C,CZ,8.744698
tcr_26_1,D,A,L,Y,118,183,C,CG,8.953948
tcr_26_1,D,A,L,R,118,180,C,NE,9.718008
tcr_26_1,D,A,L,R,118,180,C,NH1,7.9700174
tcr_26_1,D,A,L,R,118,180,C,NH2,8.709336
tcr_26_1,D,A,L,R,118,86,C,CD,9.25431
tcr_26_1,D,A,L,R,118,86,C,CG,9.115377
tcr_26_1,D,A,L,K,118,90,C,NZ,7.837464
tcr_26_1,D,A,L,Q,118,89,C,C,9.163085
tcr_26_1,D,A,L,Q,118,89,C,CB,9.855842
tcr_26_1,D,A,L,R,118,86,C,O,9.357343
tcr_26_1,D,A,L,K,118,90,C,CD,7.0323954
tcr_26_1,D,A,L,K,118,90,C,N,8.59978
tcr_26_1,D,A,L,K,118,90,C,CA,7.7972026
tcr_26_1,D,A,L,K,118,90,C,CB,7.5020504
tcr_26_1,D,A,L,K,118,90,C,CE,6.851023
tcr_26_1,D,A,L,K,118,90,C,CG,6.6232796
tcr_26_1,D,A,L,R,118,93,C,NH2,5.6971874
tcr_26_1,D,A,L,R,118,93,C,NH1,7.076987
tcr_26_1,D,A,L,R,118,93,C,CZ,6.1237955
tcr_26_1,D,A,L,R,118,93,C,NE,5.8899446
tcr_26_1,D,A,L,R,118,93,C,CD,6.6895943
tcr_26_1,D,A,L,Q,118,89,C,O,9.067729
tcr_26_1,D,A,L,R,118,93,C,CG,7.901786
tcr_26_1,D,A,L,R,118,93,C,CB,7.7487464
tcr_26_1,D,A,L,R,118,93,C,N,9.950158
tcr_26_1,D,A,L,R,118,93,C,CA,9.188562
tcr_26_1,D,A,L,K,118,90,C,O,8.519548
tcr_26_1,D,A,L,R,118,93,C,C,9.366021
tcr_26_1,D,A,L,K,118,90,C,C,8.751929
tcr_26_1,D,A,L,Q,118,94,C,N,9.375298
tcr_26_1,D,A,L,R,118,121,C,NH1,9.925153
tcr_26_1,D,A,L,Q,118,94,C,OE1,8.880388
tcr_26_1,D,A,L,Q,118,94,C,CA,9.920725
tcr_26_1,D,A,L,Q,118,94,C,CB,9.925044
tcr_26_1,D,A,L,R,118,93,C,O,9.793893
tcr_26_1,D,A,L,R,118,180,O,N,9.926352
tcr_26_1,D,A,L,Q,118,179,O,C,9.317369
tcr_26_1,D,A,L,Q,118,179,O,CA,9.242817
tcr_26_1,D,A,L,Q,118,179,O,CB,8.089938
tcr_26_1,D,A,L,Q,118,179,O,CG,7.8224735
tcr_26_1,D,A,L,Y,118,183,O,CD2,8.810656
tcr_26_1,D,A,L,R,118,86,O,NE,9.200087
tcr_26_1,D,A,L,Q,118,179,O,CD,6.578055
tcr_26_1,D,A,L,Q,118,179,O,NE2,5.9154615
tcr_26_1,D,A,L,Q,118,179,O,OE1,6.384676
tcr_26_1,D,A,L,R,118,86,O,NH2,9.047131
tcr_26_1,D,A,L,R,118,86,O,CZ,9.557881
tcr_26_1,D,A,L,Y,118,183,O,CB,9.028059
tcr_26_1,D,A,L,Q,118,179,O,O,9.061943
tcr_26_1,D,A,L,Y,118,183,O,CE2,9.360464
tcr_26_1,D,A,L,R,118,180,O,CZ,8.008508
tcr_26_1,D,A,L,Y,118,183,O,CG,9.195984
tcr_26_1,D,A,L,R,118,180,O,NE,9.052838
tcr_26_1,D,A,L,R,118,180,O,NH1,7.3144684
tcr_26_1,D,A,L,R,118,180,O,NH2,7.833654
tcr_26_1,D,A,L,R,118,121,O,NH2,9.434157
tcr_26_1,D,A,L,R,118,180,O,CD,9.535011
tcr_26_1,D,A,L,E,118,176,O,OE1,9.907088
tcr_26_1,D,A,L,R,118,86,O,CG,9.865955
tcr_26_1,D,A,L,K,118,90,O,NZ,8.462725
tcr_26_1,D,A,L,Q,118,89,O,C,9.067933
tcr_26_1,D,A,L,Q,118,89,O,CB,9.9970875
tcr_26_1,D,A,L,R,118,86,O,O,9.72096
tcr_26_1,D,A,L,K,118,90,O,CD,7.3791256
tcr_26_1,D,A,L,K,118,90,O,N,8.570655
tcr_26_1,D,A,L,K,118,90,O,CA,7.653626
tcr_26_1,D,A,L,K,118,90,O,CB,7.4982815
tcr_26_1,D,A,L,K,118,90,O,CE,7.4368186
tcr_26_1,D,A,L,K,118,90,O,CG,6.845539
tcr_26_1,D,A,L,Y,118,91,O,N,9.724777
tcr_26_1,D,A,L,R,118,93,O,NH2,5.9191437
tcr_26_1,D,A,L,R,118,93,O,NH1,7.1347427
tcr_26_1,D,A,L,R,118,93,O,CZ,6.13673
tcr_26_1,D,A,L,R,118,93,O,NE,5.644272
tcr_26_1,D,A,L,R,118,93,O,CD,6.2404017
tcr_26_1,D,A,L,Q,118,89,O,O,8.821367
tcr_26_1,D,A,L,R,118,93,O,CG,7.366261
tcr_26_1,D,A,L,R,118,93,O,CB,7.0802803
tcr_26_1,D,A,L,R,118,93,O,N,9.347595
tcr_26_1,D,A,L,R,118,93,O,CA,8.463072
tcr_26_1,D,A,L,K,118,90,O,O,8.039836
tcr_26_1,D,A,L,R,118,93,O,C,8.5173235
tcr_26_1,D,A,L,K,118,90,O,C,8.435366
tcr_26_1,D,A,L,Q,118,94,O,N,8.56771
tcr_26_1,D,A,L,R,118,121,O,NH1,9.042745
tcr_26_1,D,A,L,Q,118,94,O,CD,9.087806
tcr_26_1,D,A,L,Q,118,94,O,OE1,7.9725676
tcr_26_1,D,A,L,Q,118,94,O,CG,9.790482
tcr_26_1,D,A,L,Q,118,94,O,CA,9.040633
tcr_26_1,D,A,L,Q,118,94,O,CB,9.140475
tcr_26_1,D,A,L,R,118,121,O,CZ,9.767857
tcr_26_1,D,A,L,R,118,93,O,O,8.845008
tcr_26_1,D,A,L,A,118,97,O,CB,9.361876
tcr_26_1,D,A,L,Q,118,94,O,NE2,9.871098
tcr_26_1,D,A,L,T,118,187,CB,OG1,7.2203
tcr_26_1,D,A,L,R,118,86,CB,NH1,7.714385
tcr_26_1,D,A,L,T,118,187,CB,CG2,7.276946
tcr_26_1,D,A,L,W,118,191,CB,NE1,9.781781
tcr_26_1,D,A,L,T,118,187,CB,CB,7.7193303
tcr_26_1,D,A,L,T,118,187,CB,CA,9.255144
tcr_26_1,D,A,L,T,118,187,CB,C,9.928044
tcr_26_1,D,A,L,T,118,187,CB,N,9.8412285
tcr_26_1,D,A,L,R,118,180,CB,N,9.992086
tcr_26_1,D,A,L,Q,118,179,CB,C,9.192233
tcr_26_1,D,A,L,A,118,182,CB,C,9.652795
tcr_26_1,D,A,L,A,118,182,CB,CB,9.885543
tcr_26_1,D,A,L,Q,118,179,CB,CA,9.416119
tcr_26_1,D,A,L,Q,118,179,CB,CB,8.735663
tcr_26_1,D,A,L,Q,118,179,CB,CG,8.667934
tcr_26_1,D,A,L,Y,118,183,CB,CD2,6.4811263
tcr_26_1,D,A,L,R,118,86,CB,NE,6.6306496
tcr_26_1,D,A,L,Q,118,179,CB,CD,7.8959365
tcr_26_1,D,A,L,Q,118,179,CB,NE2,7.200778
tcr_26_1,D,A,L,Q,118,179,CB,OE1,8.093854
tcr_26_1,D,A,L,R,118,86,CB,NH2,6.532747
tcr_26_1,D,A,L,R,118,86,CB,CZ,6.848816
tcr_26_1,D,A,L,Y,118,183,CB,CB,7.3415923
tcr_26_1,D,A,L,Q,118,179,CB,O,8.50213
tcr_26_1,D,A,L,Y,118,183,CB,CE2,6.9218745
tcr_26_1,D,A,L,Y,118,183,CB,CA,8.213921
tcr_26_1,D,A,L,Y,118,183,CB,N,8.759035
tcr_26_1,D,A,L,Y,118,183,CB,CD1,8.3747425
tcr_26_1,D,A,L,R,118,180,CB,CZ,9.166536
tcr_26_1,D,A,L,Y,118,183,CB,CG,7.282588
tcr_26_1,D,A,L,Y,118,183,CB,CZ,8.063756
tcr_26_1,D,A,L,Y,118,183,CB,OH,8.753524
tcr_26_1,D,A,L,Y,118,183,CB,CE1,8.727009
tcr_26_1,D,A,L,R,118,180,CB,NH1,8.139559
tcr_26_1,D,A,L,Y,118,183,CB,O,9.668474
tcr_26_1,D,A,L,R,118,180,CB,NH2,9.461651
tcr_26_1,D,A,L,Y,118,183,CB,C,9.448671
tcr_26_1,D,A,L,R,118,86,CB,CD,7.571285
tcr_26_1,D,A,L,R,118,86,CB,CA,9.573824
tcr_26_1,D,A,L,R,118,86,CB,CG,7.678413
tcr_26_1,D,A,L,R,118,86,CB,CB,9.12818
tcr_26_1,D,A,L,E,118,87,CB,N,9.675018
tcr_26_1,D,A,L,E,118,87,CB,CA,9.649849
tcr_26_1,D,A,L,E,118,87,CB,OE1,8.11034
tcr_26_1,D,A,L,K,118,90,CB,NZ,5.6510005
tcr_26_1,D,A,L,E,118,87,CB,CD,9.012976
tcr_26_1,D,A,L,E,118,87,CB,OE2,9.006646
tcr_26_1,D,A,L,R,118,86,CB,C,9.0633
tcr_26_1,D,A,L,Q,118,89,CB,C,9.099739
tcr_26_1,D,A,L,Q,118,89,CB,CB,9.750482
tcr_26_1,D,A,L,R,118,86,CB,O,8.32351
tcr_26_1,D,A,L,K,118,90,CB,CD,5.4574485
tcr_26_1,D,A,L,K,118,90,CB,N,8.23741
tcr_26_1,D,A,L,K,118,90,CB,CA,7.46055
tcr_26_1,D,A,L,K,118,90,CB,CB,6.6931467
tcr_26_1,D,A,L,K,118,90,CB,CE,4.961867
tcr_26_1,D,A,L,E,118,87,CB,O,9.840871
tcr_26_1,D,A,L,K,118,90,CB,CG,5.5819683
tcr_26_1,D,A,L,Y,118,91,CB,N,9.61004
tcr_26_1,D,A,L,R,118,93,CB,NH2,6.0219917
tcr_26_1,D,A,L,R,118,93,CB,NH1,7.9332767
tcr_26_1,D,A,L,R,118,93,CB,CZ,6.8882303
tcr_26_1,D,A,L,R,118,93,CB,NE,6.914397
tcr_26_1,D,A,L,R,118,93,CB,CD,8.059207
tcr_26_1,D,A,L,Q,118,89,CB,O,9.31839
tcr_26_1,D,A,L,R,118,93,CB,CG,9.10233
tcr_26_1,D,A,L,R,118,93,CB,CB,8.838931
tcr_26_1,D,A,L,K,118,90,CB,O,8.583562
tcr_26_1,D,A,L,K,118,90,CB,C,8.534812
tcr_26_1,D,A,L,F,118,123,CB,CZ,9.66973
tcr_26_1,D,A,L,F,118,123,CB,CE2,9.637819
tcr_26_1,D,A,L,Q,118,94,CB,OE1,9.29173
tcr_26_1,D,A,L,T,118,187,CG,OG1,5.687164
tcr_26_1,D,A,L,W,118,191,CG,CE2,9.402061
tcr_26_1,D,A,L,W,118,191,CG,CZ2,9.858865
tcr_26_1,D,A,L,W,118,191,CG,CD1,8.754829
tcr_26_1,D,A,L,R,118,86,CG,NH1,7.4566326
tcr_26_1,D,A,L,T,118,187,CG,CG2,5.791593
tcr_26_1,D,A,L,W,118,191,CG,NE1,8.544728
tcr_26_1,D,A,L,W,118,191,CG,CG,9.7042465
tcr_26_1,D,A,L,T,118,187,CG,CB,6.1777735
tcr_26_1,D,A,L,T,118,187,CG,CA,7.712513
tcr_26_1,D,A,L,T,118,187,CG,O,8.999999
tcr_26_1,D,A,L,T,118,187,CG,C,8.417697
tcr_26_1,D,A,L,T,118,187,CG,N,8.302582
tcr_26_1,D,A,L,G,118,186,CG,C,9.62242
tcr_26_1,D,A,L,C,118,188,CG,N,8.658223
tcr_26_1,D,A,L,C,118,188,CG,CB,9.877912
tcr_26_1,D,A,L,C,118,188,CG,CA,9.576927
tcr_26_1,D,A,L,R,118,180,CG,N,9.4507065
tcr_26_1,D,A,L,Q,118,179,CG,C,8.605096
tcr_26_1,D,A,L,A,118,182,CG,O,8.723858
tcr_26_1,D,A,L,A,118,182,CG,C,8.420288
tcr_26_1,D,A,L,A,118,182,CG,CB,8.892518
tcr_26_1,D,A,L,A,118,182,CG,CA,9.379081
tcr_26_1,D,A,L,Q,118,179,CG,CA,8.970269
tcr_26_1,D,A,L,Q,118,179,CG,CB,8.527903
tcr_26_1,D,A,L,Q,118,179,CG,CG,8.598425
tcr_26_1,D,A,L,Y,118,183,CG,CD2,5.204559
tcr_26_1,D,A,L,R,118,86,CG,NE,6.7520666
tcr_26_1,D,A,L,Q,118,179,CG,CD,8.080277
tcr_26_1,D,A,L,Q,118,179,CG,NE2,7.4821796
tcr_26_1,D,A,L,Q,118,179,CG,OE1,8.401274
tcr_26_1,D,A,L,R,118,86,CG,NH2,6.615365
tcr_26_1,D,A,L,R,118,86,CG,CZ,6.817716
tcr_26_1,D,A,L,Y,118,183,CG,CB,6.1913934
tcr_26_1,D,A,L,Q,118,179,CG,O,7.7580504
tcr_26_1,D,A,L,Y,118,183,CG,CE2,5.710041
tcr_26_1,D,A,L,Y,118,183,CG,CA,6.929359
tcr_26_1,D,A,L,Y,118,183,CG,N,7.57153
tcr_26_1,D,A,L,Y,118,183,CG,CD1,7.286678
tcr_26_1,D,A,L,R,118,180,CG,CZ,9.2378
tcr_26_1,D,A,L,Y,118,183,CG,CG,6.104991
tcr_26_1,D,A,L,Y,118,183,CG,CZ,6.9600525
tcr_26_1,D,A,L,R,118,180,CG,NE,9.974506
tcr_26_1,D,A,L,Y,118,183,CG,OH,7.722419
tcr_26_1,D,A,L,Y,118,183,CG,CE1,7.6626925
tcr_26_1,D,A,L,R,118,180,CG,NH1,8.15057
tcr_26_1,D,A,L,Y,118,183,CG,O,8.254436
tcr_26_1,D,A,L,R,118,180,CG,NH2,9.734397
tcr_26_1,D,A,L,Y,118,183,CG,C,8.118558
tcr_26_1,D,A,L,L,118,184,CG,N,9.167279
tcr_26_1,D,A,L,R,118,180,CG,O,9.558193
tcr_26_1,D,A,L,R,118,180,CG,C,9.984048
tcr_26_1,D,A,L,R,118,180,CG,CD,9.751475
tcr_26_1,D,A,L,R,118,180,CG,CA,9.573187
tcr_26_1,D,A,L,R,118,86,CG,CD,7.6385384
tcr_26_1,D,A,L,R,118,86,CG,CG,7.982047
tcr_26_1,D,A,L,R,118,86,CG,CB,9.395475
tcr_26_1,D,A,L,E,118,87,CG,N,9.948705
tcr_26_1,D,A,L,E,118,87,CG,CA,9.892918
tcr_26_1,D,A,L,E,118,87,CG,OE1,7.8368773
tcr_26_1,D,A,L,K,118,90,CG,NZ,5.341706
tcr_26_1,D,A,L,E,118,87,CG,CD,8.772394
tcr_26_1,D,A,L,E,118,87,CG,OE2,8.727735
tcr_26_1,D,A,L,R,118,86,CG,C,9.494325
tcr_26_1,D,A,L,R,118,86,CG,O,8.902073
tcr_26_1,D,A,L,K,118,90,CG,CD,5.734031
tcr_26_1,D,A,L,K,118,90,CG,N,9.137263
tcr_26_1,D,A,L,K,118,90,CG,CA,8.3491955
tcr_26_1,D,A,L,K,118,90,CG,CB,7.3591557
tcr_26_1,D,A,L,K,118,90,CG,CE,5.060615
tcr_26_1,D,A,L,K,118,90,CG,CG,6.2402167
tcr_26_1,D,A,L,R,118,93,CG,NH2,7.31092
tcr_26_1,D,A,L,R,118,93,CG,NH1,9.31648
tcr_26_1,D,A,L,R,118,93,CG,CZ,8.272195
tcr_26_1,D,A,L,R,118,93,CG,NE,8.343997
tcr_26_1,D,A,L,R,118,93,CG,CD,9.530734
tcr_26_1,D,A,L,K,118,90,CG,O,9.508064
tcr_26_1,D,A,L,K,118,90,CG,C,9.384958
tcr_26_1,D,A,L,F,118,123,CG,CZ,9.316954
tcr_26_1,D,A,L,F,118,123,CG,CE2,9.07982
tcr_26_1,D,A,L,Q,118,94,CG,OE1,9.9429245
tcr_26_1,D,A,L,F,118,123,CG,CD2,9.902961
tcr_26_1,D,A,L,W,118,191,CD1,CD2,8.765137
tcr_26_1,D,A,L,T,118,187,CD1,OG1,5.4015946
tcr_26_1,D,A,L,W,118,191,CD1,CE2,8.019017
tcr_26_1,D,A,L,W,118,191,CD1,CZ2,8.405511
tcr_26_1,D,A,L,W,118,191,CD1,CD1,7.578528
tcr_26_1,D,A,L,R,118,86,CD1,NH1,6.25941
tcr_26_1,D,A,L,T,118,187,CD1,CG2,5.004393
tcr_26_1,D,A,L,E,118,190,CD1,OE2,9.910659
tcr_26_1,D,A,L,W,118,191,CD1,NE1,7.2559013
tcr_26_1,D,A,L,W,118,191,CD1,CG,8.487377
tcr_26_1,D,A,L,T,118,187,CD1,CB,5.7330146
tcr_26_1,D,A,L,T,118,187,CD1,CA,7.232854
tcr_26_1,D,A,L,T,118,187,CD1,O,8.255449
tcr_26_1,D,A,L,T,118,187,CD1,C,7.856726
tcr_26_1,D,A,L,W,118,191,CD1,CB,9.362494
tcr_26_1,D,A,L,T,118,187,CD1,N,8.053362
tcr_26_1,D,A,L,G,118,186,CD1,C,9.376112
tcr_26_1,D,A,L,C,118,188,CD1,N,8.258823
tcr_26_1,D,A,L,C,118,188,CD1,CB,9.629692
tcr_26_1,D,A,L,C,118,188,CD1,CA,9.128447
tcr_26_1,D,A,L,Q,118,179,CD1,C,9.820731
tcr_26_1,D,A,L,A,118,182,CD1,O,9.156147
tcr_26_1,D,A,L,A,118,182,CD1,C,9.043455
tcr_26_1,D,A,L,A,118,182,CD1,CB,9.788967
tcr_26_1,D,A,L,Q,118,179,CD1,CB,9.941993
tcr_26_1,D,A,L,Y,118,183,CD1,CD2,5.315095
tcr_26_1,D,A,L,R,118,86,CD1,NE,5.6307473
tcr_26_1,D,A,L,Q,118,179,CD1,CD,9.590786
tcr_26_1,D,A,L,Q,118,179,CD1,NE2,8.985582
tcr_26_1,D,A,L,Q,118,179,CD1,OE1,9.919759
tcr_26_1,D,A,L,R,118,86,CD1,NH2,5.765289
tcr_26_1,D,A,L,R,118,86,CD1,CZ,5.7323036
tcr_26_1,D,A,L,Y,118,183,CD1,CB,6.811575
tcr_26_1,D,A,L,Q,118,179,CD1,O,8.883177
tcr_26_1,D,A,L,Y,118,183,CD1,CE2,5.5131893
tcr_26_1,D,A,L,Y,118,183,CD1,CA,7.429451
tcr_26_1,D,A,L,Y,118,183,CD1,N,8.260122
tcr_26_1,D,A,L,Y,118,183,CD1,CD1,7.5887666
tcr_26_1,D,A,L,Y,118,183,CD1,CG,6.4659514
tcr_26_1,D,A,L,Y,118,183,CD1,CZ,6.799193
tcr_26_1,D,A,L,Y,118,183,CD1,OH,7.3577166
tcr_26_1,D,A,L,Y,118,183,CD1,CE1,7.7365212
tcr_26_1,D,A,L,R,118,180,CD1,NH1,9.24088
tcr_26_1,D,A,L,Y,118,183,CD1,O,8.351051
tcr_26_1,D,A,L,Y,118,183,CD1,C,8.436427
tcr_26_1,D,A,L,L,118,184,CD1,N,9.577837
tcr_26_1,D,A,L,R,118,86,CD1,CD,6.387371
tcr_26_1,D,A,L,R,118,86,CD1,CA,8.93225
tcr_26_1,D,A,L,R,118,86,CD1,CG,6.842928
tcr_26_1,D,A,L,R,118,86,CD1,CB,8.199859
tcr_26_1,D,A,L,W,118,191,CD1,CH2,9.463431
tcr_26_1,D,A,L,E,118,87,CD1,N,8.818285
tcr_26_1,D,A,L,E,118,87,CD1,CB,9.522331
tcr_26_1,D,A,L,E,118,87,CD1,CA,8.830513
tcr_26_1,D,A,L,E,118,87,CD1,OE1,6.5168147
tcr_26_1,D,A,L,K,118,90,CD1,NZ,4.0412164
tcr_26_1,D,A,L,W,118,191,CD1,CE3,9.783472
tcr_26_1,D,A,L,Y,118,31,CD1,OH,9.824601
tcr_26_1,D,A,L,Y,118,83,CD1,CE2,9.763516
tcr_26_1,D,A,L,E,118,87,CD1,CD,7.5258474
tcr_26_1,D,A,L,E,118,87,CD1,OE2,7.5912113
tcr_26_1,D,A,L,E,118,87,CD1,CG,8.891531
tcr_26_1,D,A,L,R,118,86,CD1,C,8.449399
tcr_26_1,D,A,L,Q,118,89,CD1,C,9.752137
tcr_26_1,D,A,L,R,118,86,CD1,O,8.006196
tcr_26_1,D,A,L,K,118,90,CD1,CD,4.920035
tcr_26_1,D,A,L,K,118,90,CD1,N,8.688838
tcr_26_1,D,A,L,K,118,90,CD1,CA,8.044926
tcr_26_1,D,A,L,E,118,87,CD1,C,9.757911
tcr_26_1,D,A,L,K,118,90,CD1,CB,6.9072523
tcr_26_1,D,A,L,K,118,90,CD1,CE,3.983626
tcr_26_1,D,A,L,E,118,87,CD1,O,9.5638275
tcr_26_1,D,A,L,K,118,90,CD1,CG,5.679951
tcr_26_1,D,A,L,Y,118,91,CD1,N,9.990947
tcr_26_1,D,A,L,R,118,93,CD1,NH2,7.2272196
tcr_26_1,D,A,L,R,118,93,CD1,NH1,9.345591
tcr_26_1,D,A,L,R,118,93,CD1,CZ,8.336206
tcr_26_1,D,A,L,R,118,93,CD1,NE,8.572921
tcr_26_1,D,A,L,R,118,93,CD1,CD,9.884835
tcr_26_1,D,A,L,K,118,90,CD1,O,9.475988
tcr_26_1,D,A,L,K,118,90,CD1,C,9.161011
tcr_26_1,D,A,L,F,118,123,CD1,CZ,9.340206
tcr_26_1,D,A,L,F,118,123,CD1,CE2,9.107622
tcr_26_1,D,A,L,G,118,186,CD2,CA,9.689121
tcr_26_1,D,A,L,G,118,186,CD2,N,9.882207
tcr_26_1,D,A,L,T,118,187,CD2,OG1,5.450179
tcr_26_1,D,A,L,W,118,191,CD2,CE2,9.634797
tcr_26_1,D,A,L,W,118,191,CD2,CD1,8.692455
tcr_26_1,D,A,L,R,118,86,CD2,NH1,8.7118635
tcr_26_1,D,A,L,T,118,187,CD2,CG2,5.528352
tcr_26_1,D,A,L,W,118,191,CD2,NE1,8.724209
tcr_26_1,D,A,L,W,118,191,CD2,CG,9.569707
tcr_26_1,D,A,L,T,118,187,CD2,CB,5.7290397
tcr_26_1,D,A,L,T,118,187,CD2,CA,7.2464013
tcr_26_1,D,A,L,T,118,187,CD2,O,8.475915
tcr_26_1,D,A,L,T,118,187,CD2,C,7.7934604
tcr_26_1,D,A,L,T,118,187,CD2,N,7.7680206
tcr_26_1,D,A,L,G,118,186,CD2,O,9.85854
tcr_26_1,D,A,L,G,118,186,CD2,C,9.064251
tcr_26_1,D,A,L,C,118,188,CD2,N,7.8174376
tcr_26_1,D,A,L,C,118,188,CD2,CB,8.759105
tcr_26_1,D,A,L,C,118,188,CD2,CA,8.642593
tcr_26_1,D,A,L,C,118,188,CD2,SG,9.854443
tcr_26_1,D,A,L,M,118,29,CD2,CE,9.971826
tcr_26_1,D,A,L,R,118,180,CD2,N,8.307879
tcr_26_1,D,A,L,Q,118,179,CD2,C,7.5837374
tcr_26_1,D,A,L,A,118,182,CD2,O,7.9441557
tcr_26_1,D,A,L,A,118,182,CD2,C,7.56428
tcr_26_1,D,A,L,A,118,182,CD2,CB,8.263868
tcr_26_1,D,A,L,A,118,182,CD2,CA,8.581584
tcr_26_1,D,A,L,A,118,182,CD2,N,9.099834
tcr_26_1,D,A,L,Q,118,179,CD2,CA,8.151076
tcr_26_1,D,A,L,Q,118,179,CD2,N,9.611047
tcr_26_1,D,A,L,Q,118,179,CD2,CB,7.77167
tcr_26_1,D,A,L,Q,118,179,CD2,CG,8.094664
tcr_26_1,D,A,L,Y,118,183,CD2,CD2,3.9499354
tcr_26_1,D,A,L,R,118,86,CD2,NE,8.016578
tcr_26_1,D,A,L,Q,118,179,CD2,CD,7.6834207
tcr_26_1,D,A,L,Q,118,179,CD2,NE2,7.323984
tcr_26_1,D,A,L,Q,118,179,CD2,OE1,7.9083595
tcr_26_1,D,A,L,R,118,86,CD2,NH2,8.0574045
tcr_26_1,D,A,L,R,118,86,CD2,CZ,8.15255
tcr_26_1,D,A,L,Y,118,183,CD2,CB,4.895359
tcr_26_1,D,A,L,Q,118,179,CD2,O,6.716961
tcr_26_1,D,A,L,Y,118,183,CD2,CE2,4.541098
tcr_26_1,D,A,L,Y,118,183,CD2,CA,5.8323827
tcr_26_1,D,A,L,Y,118,183,CD2,N,6.566052
tcr_26_1,D,A,L,Y,118,183,CD2,CD1,5.853151
tcr_26_1,D,A,L,R,118,180,CD2,CZ,8.015808
tcr_26_1,D,A,L,Y,118,183,CD2,CG,4.730169
tcr_26_1,D,A,L,Y,118,183,CD2,CZ,5.7018404
tcr_26_1,D,A,L,R,118,180,CD2,NE,8.69959
tcr_26_1,D,A,L,Y,118,183,CD2,OH,6.5728006
tcr_26_1,D,A,L,Y,118,183,CD2,CE1,6.273368
tcr_26_1,D,A,L,R,118,180,CD2,NH1,6.880439
tcr_26_1,D,A,L,Y,118,183,CD2,O,7.201326
tcr_26_1,D,A,L,R,118,180,CD2,NH2,8.633173
tcr_26_1,D,A,L,Y,118,183,CD2,C,6.975403
tcr_26_1,D,A,L,R,118,181,CD2,C,9.725856
tcr_26_1,D,A,L,R,118,181,CD2,O,9.889552
tcr_26_1,D,A,L,R,118,181,CD2,N,9.753712
tcr_26_1,D,A,L,L,118,184,CD2,CB,9.986062
tcr_26_1,D,A,L,L,118,184,CD2,CA,9.1076765
tcr_26_1,D,A,L,L,118,184,CD2,N,7.9335365
tcr_26_1,D,A,L,L,118,184,CD2,CD2,9.77147
tcr_26_1,D,A,L,L,118,184,CD2,CG,9.569556
tcr_26_1,D,A,L,R,118,180,CD2,O,8.239254
tcr_26_1,D,A,L,R,118,180,CD2,C,8.706502
tcr_26_1,D,A,L,R,118,121,CD2,NH2,9.260457
tcr_26_1,D,A,L,R,118,180,CD2,CD,8.395782
tcr_26_1,D,A,L,R,118,180,CD2,CB,9.438472
tcr_26_1,D,A,L,R,118,180,CD2,CA,8.284068
tcr_26_1,D,A,L,R,118,180,CD2,CG,9.454364
tcr_26_1,D,A,L,R,118,86,CD2,CD,8.754582
tcr_26_1,D,A,L,R,118,86,CD2,CG,9.030561
tcr_26_1,D,A,L,E,118,87,CD2,OE1,8.139132
tcr_26_1,D,A,L,K,118,90,CD2,NZ,5.7467775
tcr_26_1,D,A,L,E,118,87,CD2,CD,8.928918
tcr_26_1,D,A,L,E,118,87,CD2,OE2,8.675583
tcr_26_1,D,A,L,Y,118,31,CD2,CD2,9.996114
tcr_26_1,D,A,L,Y,118,31,CD2,CE2,9.704975
tcr_26_1,D,A,L,R,118,86,CD2,O,9.590396
tcr_26_1,D,A,L,K,118,90,CD2,CD,6.0429935
tcr_26_1,D,A,L,K,118,90,CD2,N,9.569488
tcr_26_1,D,A,L,K,118,90,CD2,CA,8.60121
tcr_26_1,D,A,L,K,118,90,CD2,CB,7.5410867
tcr_26_1,D,A,L,K,118,90,CD2,CE,5.6466007
tcr_26_1,D,A,L,K,118,90,CD2,CG,6.6616445
tcr_26_1,D,A,L,R,118,93,CD2,NH2,8.220646
tcr_26_1,D,A,L,R,118,93,CD2,CZ,9.10651
tcr_26_1,D,A,L,R,118,93,CD2,NE,8.991881
tcr_26_1,D,A,L,K,118,90,CD2,O,9.456815
tcr_26_1,D,A,L,K,118,90,CD2,C,9.435413
tcr_26_1,D,A,L,F,118,123,CD2,CZ,8.087155
tcr_26_1,D,A,L,F,118,123,CD2,CE2,7.757013
tcr_26_1,D,A,L,R,118,121,CD2,NH1,9.389016
tcr_26_1,D,A,L,Q,118,94,CD2,OE1,9.166974
tcr_26_1,D,A,L,R,118,121,CD2,CZ,9.654684
tcr_26_1,D,A,L,F,118,123,CD2,CD2,8.489855
tcr_26_1,D,A,L,F,118,123,CD2,CG,9.44786
tcr_26_1,D,A,L,F,118,123,CD2,CD1,9.713287
tcr_26_1,D,A,L,F,118,123,CD2,CE1,9.079394
tcr_26_1,D,A,S,T,119,187,N,OG1,9.951756
tcr_26_1,D,A,S,R,119,86,N,NH1,9.019198
tcr_26_1,D,A,S,Q,119,179,N,CB,9.203288
tcr_26_1,D,A,S,Q,119,179,N,CG,8.703493
tcr_26_1,D,A,S,Y,119,183,N,CD2,9.423191
tcr_26_1,D,A,S,R,119,86,N,NE,7.7003393
tcr_26_1,D,A,S,Q,119,179,N,CD,7.5635324
tcr_26_1,D,A,S,Q,119,179,N,NE2,6.5985575
tcr_26_1,D,A,S,Q,119,179,N,OE1,7.677847
tcr_26_1,D,A,S,R,119,86,N,NH2,7.214021
tcr_26_1,D,A,S,R,119,86,N,CZ,7.9068737
tcr_26_1,D,A,S,Y,119,183,N,CB,9.828268
tcr_26_1,D,A,S,Y,119,183,N,CE2,9.972163
tcr_26_1,D,A,S,R,119,180,N,NH1,9.294613
tcr_26_1,D,A,S,R,119,180,N,NH2,9.963518
tcr_26_1,D,A,S,R,119,86,N,CD,8.820634
tcr_26_1,D,A,S,R,119,86,N,CG,8.692387
tcr_26_1,D,A,S,K,119,90,N,NZ,8.093516
tcr_26_1,D,A,S,Q,119,89,N,C,9.072395
tcr_26_1,D,A,S,Q,119,89,N,CB,9.435036
tcr_26_1,D,A,S,R,119,86,N,O,9.184301
tcr_26_1,D,A,S,K,119,90,N,CD,7.346087
tcr_26_1,D,A,S,K,119,90,N,N,8.620216
tcr_26_1,D,A,S,K,119,90,N,CA,8.021779
tcr_26_1,D,A,S,K,119,90,N,CB,7.8342333
tcr_26_1,D,A,S,K,119,90,N,CE,7.0155897
tcr_26_1,D,A,S,K,119,90,N,CG,6.8258634
tcr_26_1,D,A,S,R,119,93,N,NH2,5.1976852
tcr_26_1,D,A,S,R,119,93,N,NH1,6.391594
tcr_26_1,D,A,S,R,119,93,N,CZ,5.615163
tcr_26_1,D,A,S,R,119,93,N,NE,5.604935
tcr_26_1,D,A,S,R,119,93,N,CD,6.428189
tcr_26_1,D,A,S,Q,119,89,N,O,9.01488
tcr_26_1,D,A,S,R,119,93,N,CG,7.7811294
tcr_26_1,D,A,S,R,119,93,N,CB,7.8897247
tcr_26_1,D,A,S,R,119,93,N,CA,9.393652
tcr_26_1,D,A,S,K,119,90,N,O,8.969264
tcr_26_1,D,A,S,R,119,93,N,C,9.770688
tcr_26_1,D,A,S,K,119,90,N,C,9.11111
tcr_26_1,D,A,S,Q,119,94,N,N,9.8978
tcr_26_1,D,A,S,Q,119,94,N,OE1,9.912079
tcr_26_1,D,A,S,R,119,86,CA,NH1,9.744406
tcr_26_1,D,A,S,Q,119,179,CA,CG,9.550105
tcr_26_1,D,A,S,R,119,86,CA,NE,8.257517
tcr_26_1,D,A,S,Q,119,179,CA,CD,8.286773
tcr_26_1,D,A,S,Q,119,179,CA,NE2,7.30908
tcr_26_1,D,A,S,Q,119,179,CA,OE1,8.291494
tcr_26_1,D,A,S,R,119,86,CA,NH2,7.8204722
tcr_26_1,D,A,S,R,119,86,CA,CZ,8.549122
tcr_26_1,D,A,S,R,119,86,CA,CD,9.339336
tcr_26_1,D,A,S,R,119,86,CA,CG,9.038887
tcr_26_1,D,A,S,K,119,90,CA,NZ,8.982935
tcr_26_1,D,A,S,Q,119,89,CA,C,8.730752
tcr_26_1,D,A,S,Q,119,89,CA,CB,8.983147
tcr_26_1,D,A,S,R,119,86,CA,O,9.300107
tcr_26_1,D,A,S,Q,119,89,CA,CA,9.631826
tcr_26_1,D,A,S,K,119,90,CA,CD,7.968503
tcr_26_1,D,A,S,K,119,90,CA,N,8.489031
tcr_26_1,D,A,S,K,119,90,CA,CA,8.003004
tcr_26_1,D,A,S,K,119,90,CA,CB,8.089955
tcr_26_1,D,A,S,K,119,90,CA,CE,7.7647395
tcr_26_1,D,A,S,K,119,90,CA,CG,7.1926117
tcr_26_1,D,A,S,R,119,93,CA,NH2,4.7683043
tcr_26_1,D,A,S,R,119,93,CA,NH1,5.487892
tcr_26_1,D,A,S,R,119,93,CA,CZ,4.882647
tcr_26_1,D,A,S,R,119,93,CA,NE,4.8407087
tcr_26_1,D,A,S,R,119,93,CA,CD,5.4547276
tcr_26_1,D,A,S,Q,119,89,CA,O,8.544619
tcr_26_1,D,A,S,R,119,93,CA,CG,6.9024043
tcr_26_1,D,A,S,R,119,93,CA,CB,7.213578
tcr_26_1,D,A,S,R,119,93,CA,N,9.517407
tcr_26_1,D,A,S,R,119,93,CA,CA,8.730517
tcr_26_1,D,A,S,K,119,90,CA,O,8.858486
tcr_26_1,D,A,S,R,119,93,CA,C,9.237007
tcr_26_1,D,A,S,K,119,90,CA,C,9.059652
tcr_26_1,D,A,S,Q,119,94,CA,N,9.548199
tcr_26_1,D,A,S,R,119,93,CA,O,9.626293
tcr_26_1,D,A,S,Q,119,179,C,CB,9.800552
tcr_26_1,D,A,S,Q,119,179,C,CG,9.04221
tcr_26_1,D,A,S,R,119,86,C,NE,9.611419
tcr_26_1,D,A,S,Q,119,179,C,CD,7.7100205
tcr_26_1,D,A,S,Q,119,179,C,NE2,6.6840787
tcr_26_1,D,A,S,Q,119,179,C,OE1,7.7111297
tcr_26_1,D,A,S,R,119,86,C,NH2,8.95998
tcr_26_1,D,A,S,R,119,86,C,CZ,9.798858
tcr_26_1,D,A,S,K,119,90,C,CD,9.451312
tcr_26_1,D,A,S,K,119,90,C,N,9.850239
tcr_26_1,D,A,S,K,119,90,C,CA,9.338754
tcr_26_1,D,A,S,K,119,90,C,CB,9.499623
tcr_26_1,D,A,S,K,119,90,C,CE,9.257796
tcr_26_1,D,A,S,K,119,90,C,CG,8.67265
tcr_26_1,D,A,S,R,119,93,C,NH2,6.115836
tcr_26_1,D,A,S,R,119,93,C,NH1,6.4756746
tcr_26_1,D,A,S,R,119,93,C,CZ,6.0316644
tcr_26_1,D,A,S,R,119,93,C,NE,5.875796
tcr_26_1,D,A,S,R,119,93,C,CD,6.179411
tcr_26_1,D,A,S,Q,119,89,C,O,9.703216
tcr_26_1,D,A,S,R,119,93,C,CG,7.636656
tcr_26_1,D,A,S,R,119,93,C,CB,7.98292
tcr_26_1,D,A,S,R,119,93,C,CA,9.449503
tcr_26_1,D,A,S,K,119,90,C,O,9.983862
tcr_26_1,D,A,S,R,119,93,C,C,9.893202
tcr_26_1,D,A,S,Q,119,179,O,CB,9.767152
tcr_26_1,D,A,S,Q,119,179,O,CG,8.859394
tcr_26_1,D,A,S,R,119,86,O,NE,9.84168
tcr_26_1,D,A,S,Q,119,179,O,CD,7.6017957
tcr_26_1,D,A,S,Q,119,179,O,NE2,6.4605846
tcr_26_1,D,A,S,Q,119,179,O,OE1,7.7646117
tcr_26_1,D,A,S,R,119,86,O,NH2,8.915572
tcr_26_1,D,A,S,R,119,86,O,CZ,9.872736
tcr_26_1,D,A,S,K,119,90,O,CE,9.908676
tcr_26_1,D,A,S,K,119,90,O,CG,9.564828
tcr_26_1,D,A,S,R,119,93,O,NH2,6.9848886
tcr_26_1,D,A,S,R,119,93,O,NH1,7.309421
tcr_26_1,D,A,S,R,119,93,O,CZ,6.9768353
tcr_26_1,D,A,S,R,119,93,O,NE,6.9582872
tcr_26_1,D,A,S,R,119,93,O,CD,7.287729
tcr_26_1,D,A,S,R,119,93,O,CG,8.771184
tcr_26_1,D,A,S,R,119,93,O,CB,9.181361
tcr_26_1,D,A,S,R,119,86,CB,NH1,8.966609
tcr_26_1,D,A,S,R,119,86,CB,NE,7.435796
tcr_26_1,D,A,S,Q,119,179,CB,CD,9.645095
tcr_26_1,D,A,S,Q,119,179,CB,NE2,8.598066
tcr_26_1,D,A,S,Q,119,179,CB,OE1,9.727984
tcr_26_1,D,A,S,R,119,86,CB,NH2,6.945549
tcr_26_1,D,A,S,R,119,86,CB,CZ,7.724721
tcr_26_1,D,A,S,R,119,86,CB,CD,8.536659
tcr_26_1,D,A,S,R,119,86,CB,CA,9.662248
tcr_26_1,D,A,S,R,119,86,CB,CG,8.216453
tcr_26_1,D,A,S,R,119,86,CB,CB,9.576832
tcr_26_1,D,A,S,K,119,90,CB,NZ,8.901724
tcr_26_1,D,A,S,Q,119,89,CB,CG,9.153305
tcr_26_1,D,A,S,R,119,86,CB,C,9.619717
tcr_26_1,D,A,S,Q,119,89,CB,C,8.373323
tcr_26_1,D,A,S,Q,119,89,CB,CB,8.210315
tcr_26_1,D,A,S,R,119,86,CB,O,8.72123
tcr_26_1,D,A,S,Q,119,89,CB,CA,9.062995
tcr_26_1,D,A,S,K,119,90,CB,CD,7.970324
tcr_26_1,D,A,S,K,119,90,CB,N,8.225674
tcr_26_1,D,A,S,K,119,90,CB,CA,8.000439
tcr_26_1,D,A,S,K,119,90,CB,CB,8.148637
tcr_26_1,D,A,S,K,119,90,CB,CE,7.63026
tcr_26_1,D,A,S,K,119,90,CB,CG,7.1319733
tcr_26_1,D,A,S,R,119,93,CB,NH2,4.1490664
tcr_26_1,D,A,S,Q,119,89,CB,CD,9.696081
tcr_26_1,D,A,S,R,119,93,CB,NH1,4.66277
tcr_26_1,D,A,S,Q,119,89,CB,OE1,9.360053
tcr_26_1,D,A,S,R,119,93,CB,CZ,4.3221307
tcr_26_1,D,A,S,R,119,93,CB,NE,4.6730924
tcr_26_1,D,A,S,R,119,93,CB,CD,5.401793
tcr_26_1,D,A,S,Q,119,89,CB,O,8.299768
tcr_26_1,D,A,S,R,119,93,CB,CG,6.8945875
tcr_26_1,D,A,S,R,119,93,CB,CB,7.4748
tcr_26_1,D,A,S,R,119,93,CB,N,9.6285925
tcr_26_1,D,A,S,R,119,93,CB,CA,9.0005455
tcr_26_1,D,A,S,K,119,90,CB,O,9.160407
tcr_26_1,D,A,S,R,119,93,CB,C,9.726776
tcr_26_1,D,A,S,K,119,90,CB,C,9.199111
tcr_26_1,D,A,S,R,119,86,OG,NH1,9.940669
tcr_26_1,D,A,S,R,119,86,OG,NE,8.294028
tcr_26_1,D,A,S,Q,119,179,OG,NE2,9.471364
tcr_26_1,D,A,S,R,119,86,OG,NH2,7.9126525
tcr_26_1,D,A,S,R,119,86,OG,CZ,8.667359
tcr_26_1,D,A,S,R,119,86,OG,CD,9.301915
tcr_26_1,D,A,S,R,119,86,OG,CA,9.975398
tcr_26_1,D,A,S,R,119,86,OG,CG,8.815848
tcr_26_1,D,A,S,K,119,90,OG,NZ,9.890262
tcr_26_1,D,A,S,Q,119,89,OG,CG,8.755717
tcr_26_1,D,A,S,R,119,86,OG,C,9.975471
tcr_26_1,D,A,S,Q,119,89,OG,C,8.213076
tcr_26_1,D,A,S,Q,119,89,OG,CB,7.935244
tcr_26_1,D,A,S,R,119,86,OG,O,9.0333395
tcr_26_1,D,A,S,Q,119,89,OG,CA,8.819547
tcr_26_1,D,A,S,K,119,90,OG,CD,8.73991
tcr_26_1,D,A,S,K,119,90,OG,N,8.289789
tcr_26_1,D,A,S,K,119,90,OG,CA,8.182008
tcr_26_1,D,A,S,K,119,90,OG,CB,8.57982
tcr_26_1,D,A,S,K,119,90,OG,CE,8.539283
tcr_26_1,D,A,S,K,119,90,OG,CG,7.714455
tcr_26_1,D,A,S,R,119,93,OG,NH2,4.186689
tcr_26_1,D,A,S,Q,119,89,OG,CD,9.095473
tcr_26_1,D,A,S,R,119,93,OG,NH1,3.989629
tcr_26_1,D,A,S,Q,119,89,OG,OE1,8.670359
tcr_26_1,D,A,S,R,119,93,OG,CZ,3.9584734
tcr_26_1,D,A,S,R,119,93,OG,NE,4.2891045
tcr_26_1,D,A,S,R,119,93,OG,CD,4.7161317
tcr_26_1,D,A,S,Q,119,89,OG,O,8.007691
tcr_26_1,D,A,S,R,119,93,OG,CG,6.2358146
tcr_26_1,D,A,S,R,119,93,OG,CB,7.040355
tcr_26_1,D,A,S,R,119,93,OG,N,9.182059
tcr_26_1,D,A,S,R,119,93,OG,CA,8.518544
tcr_26_1,D,A,S,K,119,90,OG,O,9.213043
tcr_26_1,D,A,S,R,119,93,OG,C,9.37027
tcr_26_1,D,A,S,K,119,90,OG,C,9.304417
tcr_26_1,D,A,S,Q,119,94,OG,N,9.890945
tcr_26_1,D,A,S,R,119,93,OG,O,9.790851
tcr_26_1,D,A,Y,Q,120,179,N,CB,9.886353
tcr_26_1,D,A,Y,Q,120,179,N,CG,9.163117
tcr_26_1,D,A,Y,Q,120,179,N,CD,7.73307
tcr_26_1,D,A,Y,Q,120,179,N,NE2,6.8402133
tcr_26_1,D,A,Y,Q,120,179,N,OE1,7.542409
tcr_26_1,D,A,Y,K,120,90,N,CD,9.968917
tcr_26_1,D,A,Y,K,120,90,N,N,9.997758
tcr_26_1,D,A,Y,K,120,90,N,CA,9.415813
tcr_26_1,D,A,Y,K,120,90,N,CB,9.723022
tcr_26_1,D,A,Y,K,120,90,N,CE,9.960486
tcr_26_1,D,A,Y,K,120,90,N,CG,9.08404
tcr_26_1,D,A,Y,R,120,93,N,NH2,6.503986
tcr_26_1,D,A,Y,R,120,93,N,NH1,6.6316056
tcr_26_1,D,A,Y,R,120,93,N,CZ,6.188184
tcr_26_1,D,A,Y,R,120,93,N,NE,5.78056
tcr_26_1,D,A,Y,R,120,93,N,CD,5.78732
tcr_26_1,D,A,Y,Q,120,89,N,O,9.5998535
tcr_26_1,D,A,Y,R,120,93,N,CG,7.162024
tcr_26_1,D,A,Y,R,120,93,N,CB,7.450075
tcr_26_1,D,A,Y,R,120,93,N,N,9.907147
tcr_26_1,D,A,Y,R,120,93,N,CA,8.837615
tcr_26_1,D,A,Y,K,120,90,N,O,9.758365
tcr_26_1,D,A,Y,R,120,93,N,C,9.200503
tcr_26_1,D,A,Y,Q,120,94,N,N,9.734707
tcr_26_1,D,A,Y,R,120,93,N,O,9.28004
tcr_26_1,D,A,Y,A,120,97,N,CB,9.8312025
tcr_26_1,D,A,Y,Q,120,179,CA,CB,9.820892
tcr_26_1,D,A,Y,Q,120,179,CA,CG,8.969061
tcr_26_1,D,A,Y,Q,120,179,CA,CD,7.512268
tcr_26_1,D,A,Y,Q,120,179,CA,NE2,6.6530027
tcr_26_1,D,A,Y,Q,120,179,CA,OE1,7.285766
tcr_26_1,D,A,Y,R,120,93,CA,NH2,7.907948
tcr_26_1,D,A,Y,R,120,93,CA,NH1,7.8462467
tcr_26_1,D,A,Y,R,120,93,CA,CZ,7.5041904
tcr_26_1,D,A,Y,R,120,93,CA,NE,7.0443597
tcr_26_1,D,A,Y,R,120,93,CA,CD,6.849047
tcr_26_1,D,A,Y,R,120,93,CA,CG,8.151827
tcr_26_1,D,A,Y,R,120,93,CA,CB,8.438321
tcr_26_1,D,A,Y,R,120,93,CA,CA,9.730506
tcr_26_1,D,A,Y,R,120,93,CA,O,9.932489
tcr_26_1,D,A,Y,Q,120,179,C,CD,8.657655
tcr_26_1,D,A,Y,Q,120,179,C,NE2,7.720386
tcr_26_1,D,A,Y,Q,120,179,C,OE1,8.523165
tcr_26_1,D,A,Y,R,120,93,C,NH2,8.402038
tcr_26_1,D,A,Y,R,120,93,C,NH1,8.013437
tcr_26_1,D,A,Y,R,120,93,C,CZ,7.9165096
tcr_26_1,D,A,Y,R,120,93,C,NE,7.6126437
tcr_26_1,D,A,Y,R,120,93,C,CD,7.327375
tcr_26_1,D,A,Y,R,120,93,C,CG,8.6650915
tcr_26_1,D,A,Y,R,120,93,C,CB,9.183357
tcr_26_1,D,A,Y,Q,120,179,O,CG,9.958897
tcr_26_1,D,A,Y,Q,120,179,O,CD,8.612703
tcr_26_1,D,A,Y,Q,120,179,O,NE2,7.6538544
tcr_26_1,D,A,Y,Q,120,179,O,OE1,8.561891
tcr_26_1,D,A,Y,R,120,93,O,NH2,9.51986
tcr_26_1,D,A,Y,R,120,93,O,NH1,9.139377
tcr_26_1,D,A,Y,R,120,93,O,CZ,9.079995
tcr_26_1,D,A,Y,R,120,93,O,NE,8.822736
tcr_26_1,D,A,Y,R,120,93,O,CD,8.551404
tcr_26_1,D,A,Y,R,120,93,O,CG,9.886295
tcr_26_1,D,A,Y,Q,120,179,CB,CB,9.985118
tcr_26_1,D,A,Y,Q,120,179,CB,CG,9.256257
tcr_26_1,D,A,Y,Q,120,179,CB,CD,7.7494397
tcr_26_1,D,A,Y,Q,120,179,CB,NE2,7.108512
tcr_26_1,D,A,Y,Q,120,179,CB,OE1,7.2887526
tcr_26_1,D,A,Y,R,120,180,CB,NH2,9.512014
tcr_26_1,D,A,Y,E,120,176,CB,OE2,9.96051
tcr_26_1,D,A,Y,R,120,93,CB,NH2,8.382865
tcr_26_1,D,A,Y,R,120,93,CB,NH1,8.224628
tcr_26_1,D,A,Y,R,120,93,CB,CZ,7.830372
tcr_26_1,D,A,Y,R,120,93,CB,NE,7.136737
tcr_26_1,D,A,Y,R,120,93,CB,CD,6.696623
tcr_26_1,D,A,Y,R,120,93,CB,CG,7.8093534
tcr_26_1,D,A,Y,R,120,93,CB,CB,7.9510584
tcr_26_1,D,A,Y,R,120,93,CB,CA,9.096935
tcr_26_1,D,A,Y,R,120,93,CB,C,9.234018
tcr_26_1,D,A,Y,Q,120,94,CB,N,9.919065
tcr_26_1,D,A,Y,Q,120,96,CB,OE1,9.96346
tcr_26_1,D,A,Y,R,120,93,CB,O,8.992194
tcr_26_1,D,A,Y,A,120,97,CB,CA,9.80269
tcr_26_1,D,A,Y,A,120,97,CB,CB,8.855086
tcr_26_1,D,A,Y,Q,120,179,CG,CB,9.693419
tcr_26_1,D,A,Y,Q,120,179,CG,CG,8.895395
tcr_26_1,D,A,Y,Q,120,179,CG,CD,7.414629
tcr_26_1,D,A,Y,Q,120,179,CG,NE2,6.8971677
tcr_26_1,D,A,Y,Q,120,179,CG,OE1,6.8923073
tcr_26_1,D,A,Y,R,120,180,CG,NH2,9.425894
tcr_26_1,D,A,Y,A,120,174,CG,O,9.973328
tcr_26_1,D,A,Y,A,120,174,CG,CB,9.664453
tcr_26_1,D,A,Y,E,120,176,CG,OE2,9.232798
tcr_26_1,D,A,Y,E,120,176,CG,CD,9.7932825
tcr_26_1,D,A,Y,R,120,93,CG,NH2,9.866853
tcr_26_1,D,A,Y,R,120,93,CG,NH1,9.710329
tcr_26_1,D,A,Y,R,120,93,CG,CZ,9.322429
tcr_26_1,D,A,Y,R,120,93,CG,NE,8.599322
tcr_26_1,D,A,Y,R,120,93,CG,CD,8.105555
tcr_26_1,D,A,Y,R,120,93,CG,CG,9.136652
tcr_26_1,D,A,Y,R,120,93,CG,CB,9.198253
tcr_26_1,D,A,Y,R,120,93,CG,O,9.873621
tcr_26_1,D,A,Y,A,120,97,CG,CB,9.257431
tcr_26_1,D,A,Y,Q,120,179,CD1,CG,9.956332
tcr_26_1,D,A,Y,Q,120,179,CD1,CD,8.516744
tcr_26_1,D,A,Y,Q,120,179,CD1,NE2,8.015393
tcr_26_1,D,A,Y,Q,120,179,CD1,OE1,8.003958
tcr_26_1,D,A,Y,A,120,174,CD1,CB,9.806304
tcr_26_1,D,A,Y,E,120,176,CD1,OE2,9.940177
tcr_26_1,D,A,Y,R,120,93,CD1,NE,9.421707
tcr_26_1,D,A,Y,R,120,93,CD1,CD,8.775105
tcr_26_1,D,A,Y,R,120,93,CD1,CG,9.752383
tcr_26_1,D,A,Y,R,120,93,CD1,CB,9.927995
tcr_26_1,D,A,Y,A,120,97,CD1,CB,9.7924795
tcr_26_1,D,A,Y,Q,120,179,CD2,CA,9.923671
tcr_26_1,D,A,Y,Q,120,179,CD2,CB,8.432115
tcr_26_1,D,A,Y,Q,120,179,CD2,CG,7.6598825
tcr_26_1,D,A,Y,Q,120,179,CD2,CD,6.196351
tcr_26_1,D,A,Y,Q,120,179,CD2,NE2,5.8225675
tcr_26_1,D,A,Y,Q,120,179,CD2,OE1,5.604054
tcr_26_1,D,A,Y,R,120,180,CD2,CZ,9.171918
tcr_26_1,D,A,Y,R,120,180,CD2,NE,9.943364
tcr_26_1,D,A,Y,R,120,180,CD2,NH1,9.336855
tcr_26_1,D,A,Y,R,120,180,CD2,NH2,8.398195
tcr_26_1,D,A,Y,A,120,174,CD2,C,9.537936
tcr_26_1,D,A,Y,A,120,174,CD2,O,8.678054
tcr_26_1,D,A,Y,A,120,174,CD2,CA,9.493661
tcr_26_1,D,A,Y,E,120,176,CD2,N,9.863651
tcr_26_1,D,A,Y,E,120,176,CD2,CA,9.258477
tcr_26_1,D,A,Y,A,120,174,CD2,CB,8.466568
tcr_26_1,D,A,Y,E,120,176,CD2,CB,9.074281
tcr_26_1,D,A,Y,E,120,176,CD2,CG,8.824123
tcr_26_1,D,A,Y,E,120,176,CD2,OE2,8.014366
tcr_26_1,D,A,Y,E,120,176,CD2,CD,8.546887
tcr_26_1,D,A,Y,E,120,176,CD2,OE1,9.014255
tcr_26_1,D,A,Y,R,120,93,CD2,NE,9.305605
tcr_26_1,D,A,Y,R,120,93,CD2,CD,8.937864
tcr_26_1,D,A,Y,R,120,93,CD2,CG,9.942142
tcr_26_1,D,A,Y,R,120,93,CD2,CB,9.825516
tcr_26_1,D,A,Y,A,120,97,CD2,CB,9.386119
tcr_26_1,D,A,Y,Q,120,179,CE1,CG,9.936111
tcr_26_1,D,A,Y,Q,120,179,CE1,CD,8.5754175
tcr_26_1,D,A,Y,Q,120,179,CE1,NE2,8.204604
tcr_26_1,D,A,Y,Q,120,179,CE1,OE1,8.031146
tcr_26_1,D,A,Y,A,120,174,CE1,O,9.449188
tcr_26_1,D,A,Y,A,120,174,CE1,CA,9.773496
tcr_26_1,D,A,Y,A,120,174,CE1,CB,8.779755
tcr_26_1,D,A,Y,E,120,176,CE1,OE2,9.544091
tcr_26_1,D,A,Y,Q,120,179,CE2,CA,9.922786
tcr_26_1,D,A,Y,Q,120,179,CE2,CB,8.442892
tcr_26_1,D,A,Y,Q,120,179,CE2,CG,7.631158
tcr_26_1,D,A,Y,E,120,176,CE2,O,9.724881
tcr_26_1,D,A,Y,E,120,176,CE2,C,9.808624
tcr_26_1,D,A,Y,Q,120,179,CE2,CD,6.2744346
tcr_26_1,D,A,Y,Q,120,179,CE2,NE2,6.077943
tcr_26_1,D,A,Y,Q,120,179,CE2,OE1,5.6407766
tcr_26_1,D,A,Y,R,120,180,CE2,CZ,9.430143
tcr_26_1,D,A,Y,R,120,180,CE2,NH1,9.769437
tcr_26_1,D,A,Y,R,120,180,CE2,NH2,8.614554
tcr_26_1,D,A,Y,R,120,175,CE2,N,9.620873
tcr_26_1,D,A,Y,R,120,175,CE2,O,9.63086
tcr_26_1,D,A,Y,A,120,174,CE2,C,8.43302
tcr_26_1,D,A,Y,A,120,174,CE2,O,7.6279564
tcr_26_1,D,A,Y,A,120,174,CE2,CA,8.274259
tcr_26_1,D,A,Y,R,120,175,CE2,C,9.512987
tcr_26_1,D,A,Y,E,120,176,CE2,N,9.082344
tcr_26_1,D,A,Y,E,120,176,CE2,CA,8.642702
tcr_26_1,D,A,Y,A,120,174,CE2,CB,7.257883
tcr_26_1,D,A,Y,A,120,174,CE2,N,9.566855
tcr_26_1,D,A,Y,K,120,170,CE2,O,9.9308815
tcr_26_1,D,A,Y,W,120,171,CE2,CD1,9.422772
tcr_26_1,D,A,Y,E,120,176,CE2,CB,8.453505
tcr_26_1,D,A,Y,E,120,176,CE2,CG,8.417542
tcr_26_1,D,A,Y,E,120,176,CE2,OE2,7.5180764
tcr_26_1,D,A,Y,E,120,176,CE2,CD,8.179886
tcr_26_1,D,A,Y,E,120,176,CE2,OE1,8.813096
tcr_26_1,D,A,Y,W,120,171,CE2,NE1,9.436999
tcr_26_1,D,A,Y,Q,120,179,CZ,CB,9.715938
tcr_26_1,D,A,Y,Q,120,179,CZ,CG,8.848314
tcr_26_1,D,A,Y,Q,120,179,CZ,CD,7.5470304
tcr_26_1,D,A,Y,Q,120,179,CZ,NE2,7.3260922
tcr_26_1,D,A,Y,Q,120,179,CZ,OE1,6.954601
tcr_26_1,D,A,Y,R,120,180,CZ,NH2,9.815132
tcr_26_1,D,A,Y,A,120,174,CZ,C,8.798488
tcr_26_1,D,A,Y,A,120,174,CZ,O,8.07304
tcr_26_1,D,A,Y,A,120,174,CZ,CA,8.434019
tcr_26_1,D,A,Y,E,120,176,CZ,N,9.859815
tcr_26_1,D,A,Y,E,120,176,CZ,CA,9.57354
tcr_26_1,D,A,Y,A,120,174,CZ,CB,7.4387975
tcr_26_1,D,A,Y,A,120,174,CZ,N,9.669289
tcr_26_1,D,A,Y,W,120,171,CZ,CD1,9.897063
tcr_26_1,D,A,Y,E,120,176,CZ,CB,9.34455
tcr_26_1,D,A,Y,E,120,176,CZ,CG,9.443234
tcr_26_1,D,A,Y,E,120,176,CZ,OE2,8.35971
tcr_26_1,D,A,Y,E,120,176,CZ,CD,9.149377
tcr_26_1,D,A,Y,E,120,176,CZ,OE1,9.838744
tcr_26_1,D,A,Y,W,120,171,CZ,NE1,9.953306
tcr_26_1,D,A,Y,Q,120,179,OH,CB,9.997111
tcr_26_1,D,A,Y,Q,120,179,OH,CG,9.127564
tcr_26_1,D,A,Y,Q,120,179,OH,CD,7.960008
tcr_26_1,D,A,Y,Q,120,179,OH,NE2,7.8829875
tcr_26_1,D,A,Y,Q,120,179,OH,OE1,7.3607645
tcr_26_1,D,A,Y,R,120,175,OH,N,9.263178
tcr_26_1,D,A,Y,A,120,174,OH,C,7.970109
tcr_26_1,D,A,Y,A,120,174,OH,O,7.3471255
tcr_26_1,D,A,Y,A,120,174,OH,CA,7.448353
tcr_26_1,D,A,Y,R,120,175,OH,C,9.776207
tcr_26_1,D,A,Y,E,120,176,OH,N,9.386745
tcr_26_1,D,A,Y,E,120,176,OH,CA,9.28397
tcr_26_1,D,A,Y,A,120,174,OH,CB,6.4987144
tcr_26_1,D,A,Y,K,120,170,OH,C,9.815419
tcr_26_1,D,A,Y,A,120,174,OH,N,8.6295395
tcr_26_1,D,A,Y,K,120,170,OH,O,9.014715
tcr_26_1,D,A,Y,A,120,173,OH,O,9.467181
tcr_26_1,D,A,Y,A,120,173,OH,C,9.508045
tcr_26_1,D,A,Y,W,120,171,OH,CD1,9.421023
tcr_26_1,D,A,Y,E,120,176,OH,CB,9.052327
tcr_26_1,D,A,Y,E,120,176,OH,CG,9.355546
tcr_26_1,D,A,Y,E,120,176,OH,OE2,8.218751
tcr_26_1,D,A,Y,E,120,176,OH,CD,9.1035595
tcr_26_1,D,A,Y,E,120,176,OH,OE1,9.919584
tcr_26_1,D,A,Y,W,120,171,OH,NE1,9.627521
tcr_26_1,D,A,Y,K,120,104,OH,NZ,9.741818
tcr_26_1,D,A,N,Q,121,179,N,CD,9.845617
tcr_26_1,D,A,N,Q,121,179,N,NE2,8.897753
tcr_26_1,D,A,N,Q,121,179,N,OE1,9.690353
tcr_26_1,D,A,N,R,121,93,N,NH2,7.7811666
tcr_26_1,D,A,N,R,121,93,N,NH1,7.098484
tcr_26_1,D,A,N,R,121,93,N,CZ,7.174147
tcr_26_1,D,A,N,R,121,93,N,NE,6.949085
tcr_26_1,D,A,N,R,121,93,N,CD,6.5739555
tcr_26_1,D,A,N,R,121,93,N,CG,7.9114113
tcr_26_1,D,A,N,R,121,93,N,CB,8.6171465
tcr_26_1,D,A,N,R,121,93,N,CA,9.876825
tcr_26_1,D,A,N,R,121,93,CA,NH2,8.573717
tcr_26_1,D,A,N,R,121,93,CA,NH1,7.5888515
tcr_26_1,D,A,N,R,121,93,CA,CZ,7.895967
tcr_26_1,D,A,N,R,121,93,CA,NE,7.794285
tcr_26_1,D,A,N,R,121,93,CA,CD,7.3280873
tcr_26_1,D,A,N,R,121,93,CA,CG,8.609058
tcr_26_1,D,A,N,R,121,93,CA,CB,9.4862175
tcr_26_1,D,A,N,R,121,93,C,NH2,8.304182
tcr_26_1,D,A,N,R,121,93,C,NH1,7.2606335
tcr_26_1,D,A,N,R,121,93,C,CZ,7.7261343
tcr_26_1,D,A,N,R,121,93,C,NE,7.883413
tcr_26_1,D,A,N,R,121,93,C,CD,7.5994954
tcr_26_1,D,A,N,R,121,93,C,CG,8.940795
tcr_26_1,D,A,N,R,121,93,C,CB,9.957328
tcr_26_1,D,A,N,R,121,93,O,NH2,9.264359
tcr_26_1,D,A,N,R,121,93,O,NH1,8.083011
tcr_26_1,D,A,N,R,121,93,O,CZ,8.674309
tcr_26_1,D,A,N,R,121,93,O,NE,8.903989
tcr_26_1,D,A,N,R,121,93,O,CD,8.584039
tcr_26_1,D,A,N,R,121,93,O,CG,9.871664
tcr_26_1,D,A,N,R,121,93,CB,NH2,8.80603
tcr_26_1,D,A,N,R,121,93,CB,NH1,7.5309544
tcr_26_1,D,A,N,R,121,93,CB,CZ,7.937106
tcr_26_1,D,A,N,R,121,93,CB,NE,7.725548
tcr_26_1,D,A,N,R,121,93,CB,CD,6.9972243
tcr_26_1,D,A,N,R,121,93,CB,CG,8.099111
tcr_26_1,D,A,N,R,121,93,CB,CB,9.044845
tcr_26_1,D,A,N,Q,121,96,CB,OE1,9.387751
tcr_26_1,D,A,N,R,121,93,CG,NH2,9.862763
tcr_26_1,D,A,N,R,121,93,CG,NH1,8.653987
tcr_26_1,D,A,N,R,121,93,CG,CZ,8.949436
tcr_26_1,D,A,N,R,121,93,CG,NE,8.550451
tcr_26_1,D,A,N,R,121,93,CG,CD,7.6787963
tcr_26_1,D,A,N,R,121,93,CG,CG,8.64802
tcr_26_1,D,A,N,R,121,93,CG,CB,9.439354
tcr_26_1,D,A,N,Q,121,96,CG,OE1,9.393429
tcr_26_1,D,A,N,R,121,93,OD1,NH1,9.497135
tcr_26_1,D,A,N,R,121,93,OD1,CZ,9.683828
tcr_26_1,D,A,N,R,121,93,OD1,NE,9.244813
tcr_26_1,D,A,N,R,121,93,OD1,CD,8.444807
tcr_26_1,D,A,N,R,121,93,OD1,CG,9.457836
tcr_26_1,D,A,N,R,121,93,ND2,NH1,8.907529
tcr_26_1,D,A,N,R,121,93,ND2,CZ,9.247521
tcr_26_1,D,A,N,R,121,93,ND2,NE,8.763262
tcr_26_1,D,A,N,R,121,93,ND2,CD,7.715539
tcr_26_1,D,A,N,R,121,93,ND2,CG,8.484342
tcr_26_1,D,A,N,R,121,93,ND2,CB,9.283059
tcr_26_1,D,A,N,Q,121,96,ND2,CD,9.760612
tcr_26_1,D,A,N,Q,121,96,ND2,OE1,8.579291
tcr_26_1,D,A,D,R,122,86,N,NH2,9.943537
tcr_26_1,D,A,D,R,122,93,N,NH2,7.251335
tcr_26_1,D,A,D,R,122,93,N,NH1,6.377505
tcr_26_1,D,A,D,R,122,93,N,CZ,6.805851
tcr_26_1,D,A,D,R,122,93,N,NE,7.101144
tcr_26_1,D,A,D,R,122,93,N,CD,7.037823
tcr_26_1,D,A,D,R,122,93,N,CG,8.458732
tcr_26_1,D,A,D,R,122,93,N,CB,9.469207
tcr_26_1,D,A,D,R,122,86,CA,NH2,9.202281
tcr_26_1,D,A,D,R,122,93,CA,NH2,7.323358
tcr_26_1,D,A,D,R,122,93,CA,NH1,6.46543
tcr_26_1,D,A,D,R,122,93,CA,CZ,7.027066
tcr_26_1,D,A,D,R,122,93,CA,NE,7.573763
tcr_26_1,D,A,D,R,122,93,CA,CD,7.6950264
tcr_26_1,D,A,D,R,122,93,CA,CG,9.106844
tcr_26_1,D,A,D,R,122,86,C,NH2,9.2427435
tcr_26_1,D,A,D,R,122,93,C,NH2,8.447137
tcr_26_1,D,A,D,R,122,93,C,NH1,7.8296876
tcr_26_1,D,A,D,R,122,93,C,CZ,8.301311
tcr_26_1,D,A,D,R,122,93,C,NE,8.864584
tcr_26_1,D,A,D,R,122,93,C,CD,9.075917
tcr_26_1,D,A,D,R,122,86,O,NE,9.755486
tcr_26_1,D,A,D,R,122,86,O,NH2,8.334655
tcr_26_1,D,A,D,R,122,86,O,CZ,9.509989
tcr_26_1,D,A,D,R,122,93,O,NH2,8.391497
tcr_26_1,D,A,D,R,122,93,O,NH1,8.07793
tcr_26_1,D,A,D,R,122,93,O,CZ,8.432959
tcr_26_1,D,A,D,R,122,93,O,NE,9.060663
tcr_26_1,D,A,D,R,122,93,O,CD,9.452257
tcr_26_1,D,A,D,R,122,86,CB,NE,8.683547
tcr_26_1,D,A,D,R,122,86,CB,NH2,7.878019
tcr_26_1,D,A,D,R,122,86,CB,CZ,8.817065
tcr_26_1,D,A,D,R,122,86,CB,CD,9.760269
tcr_26_1,D,A,D,R,122,86,CB,CG,9.435596
tcr_26_1,D,A,D,Q,122,89,CB,CG,9.326295
tcr_26_1,D,A,D,Q,122,89,CB,C,9.93147
tcr_26_1,D,A,D,Q,122,89,CB,CB,8.936132
tcr_26_1,D,A,D,K,122,90,CB,CG,9.746614
tcr_26_1,D,A,D,R,122,93,CB,NH2,6.0271606
tcr_26_1,D,A,D,Q,122,89,CB,CD,9.623744
tcr_26_1,D,A,D,R,122,93,CB,NH1,5.3317013
tcr_26_1,D,A,D,Q,122,89,CB,OE1,9.42285
tcr_26_1,D,A,D,R,122,93,CB,CZ,5.878868
tcr_26_1,D,A,D,R,122,93,CB,NE,6.6047463
tcr_26_1,D,A,D,R,122,93,CB,CD,6.9597573
tcr_26_1,D,A,D,Q,122,89,CB,O,9.87657
tcr_26_1,D,A,D,R,122,93,CB,CG,8.371539
tcr_26_1,D,A,D,R,122,93,CB,CB,9.457134
tcr_26_1,D,A,D,R,122,86,CG,NH1,9.471028
tcr_26_1,D,A,D,R,122,86,CG,NE,8.27006
tcr_26_1,D,A,D,R,122,86,CG,NH2,7.4144373
tcr_26_1,D,A,D,R,122,86,CG,CZ,8.340394
tcr_26_1,D,A,D,R,122,86,CG,CD,9.2991
tcr_26_1,D,A,D,R,122,86,CG,CG,9.033987
tcr_26_1,D,A,D,Q,122,89,CG,CG,9.064131
tcr_26_1,D,A,D,Q,122,89,CG,CB,8.873986
tcr_26_1,D,A,D,R,122,93,CG,NH2,6.4909263
tcr_26_1,D,A,D,Q,122,89,CG,CD,9.433713
tcr_26_1,D,A,D,R,122,93,CG,NH1,5.7927322
tcr_26_1,D,A,D,Q,122,89,CG,OE1,9.415745
tcr_26_1,D,A,D,R,122,93,CG,CZ,6.482399
tcr_26_1,D,A,D,R,122,93,CG,NE,7.4181285
tcr_26_1,D,A,D,R,122,93,CG,CD,7.8912888
tcr_26_1,D,A,D,R,122,93,CG,CG,9.213904
tcr_26_1,D,A,D,R,122,86,OD1,NE,9.275994
tcr_26_1,D,A,D,R,122,86,OD1,NH2,8.363877
tcr_26_1,D,A,D,R,122,86,OD1,CZ,9.297673
tcr_26_1,D,A,D,Q,122,89,OD1,CG,9.694256
tcr_26_1,D,A,D,Q,122,89,OD1,CB,9.666035
tcr_26_1,D,A,D,R,122,93,OD1,NH2,7.6013656
tcr_26_1,D,A,D,Q,122,89,OD1,CD,9.949446
tcr_26_1,D,A,D,R,122,93,OD1,NH1,6.6835084
tcr_26_1,D,A,D,Q,122,89,OD1,OE1,9.954753
tcr_26_1,D,A,D,R,122,93,OD1,CZ,7.5001173
tcr_26_1,D,A,D,R,122,93,OD1,NE,8.422283
tcr_26_1,D,A,D,R,122,93,OD1,CD,8.769715
tcr_26_1,D,A,D,R,122,86,OD2,NH1,8.29007
tcr_26_1,D,A,D,R,122,86,OD2,NE,7.0903926
tcr_26_1,D,A,D,R,122,86,OD2,NH2,6.288349
tcr_26_1,D,A,D,R,122,86,OD2,CZ,7.166446
tcr_26_1,D,A,D,R,122,86,OD2,CD,8.101632
tcr_26_1,D,A,D,R,122,86,OD2,CA,9.106697
tcr_26_1,D,A,D,R,122,86,OD2,CG,7.883208
tcr_26_1,D,A,D,R,122,86,OD2,CB,8.909532
tcr_26_1,D,A,D,Q,122,89,OD2,NE2,9.641495
tcr_26_1,D,A,D,Q,122,89,OD2,CG,8.4407625
tcr_26_1,D,A,D,R,122,86,OD2,C,9.778581
tcr_26_1,D,A,D,Q,122,89,OD2,C,9.679917
tcr_26_1,D,A,D,Q,122,89,OD2,CB,8.237888
tcr_26_1,D,A,D,R,122,86,OD2,O,9.271095
tcr_26_1,D,A,D,Q,122,89,OD2,CA,9.624635
tcr_26_1,D,A,D,K,122,90,OD2,N,9.815357
tcr_26_1,D,A,D,K,122,90,OD2,CE,9.482467
tcr_26_1,D,A,D,K,122,90,OD2,CG,9.3603735
tcr_26_1,D,A,D,R,122,93,OD2,NH2,5.9800406
tcr_26_1,D,A,D,Q,122,89,OD2,CD,8.988386
tcr_26_1,D,A,D,R,122,93,OD2,NH1,5.582005
tcr_26_1,D,A,D,Q,122,89,OD2,OE1,9.093554
tcr_26_1,D,A,D,R,122,93,OD2,CZ,6.1901364
tcr_26_1,D,A,D,R,122,93,OD2,NE,7.257991
tcr_26_1,D,A,D,R,122,93,OD2,CD,7.939659
tcr_26_1,D,A,D,Q,122,89,OD2,O,9.910166
tcr_26_1,D,A,D,R,122,93,OD2,CG,9.222443
tcr_26_1,D,A,M,R,123,93,N,NH2,9.651776
tcr_26_1,D,A,M,R,123,93,N,NH1,8.893449
tcr_26_1,D,A,M,R,123,93,N,CZ,9.413355
tcr_26_1,D,A,M,R,123,93,N,NE,9.902096
tcr_26_1,D,A,M,R,123,93,N,CD,9.972575
tcr_26_1,D,A,R,R,124,86,CG,NH2,9.185095
tcr_26_1,D,A,R,R,124,86,CD,NE,9.920292
tcr_26_1,D,A,R,R,124,86,CD,NH2,8.396236
tcr_26_1,D,A,R,R,124,86,CD,CZ,9.420398
tcr_26_1,D,A,R,R,124,86,NE,NH1,9.160049
tcr_26_1,D,A,R,R,124,86,NE,NE,8.803606
tcr_26_1,D,A,R,R,124,86,NE,NH2,7.4901586
tcr_26_1,D,A,R,R,124,86,NE,CZ,8.43578
tcr_26_1,D,A,R,R,124,86,NE,CD,9.777232
tcr_26_1,D,A,R,R,124,86,NE,CG,9.952766
tcr_26_1,D,A,R,R,124,93,NE,NH2,9.641415
tcr_26_1,D,A,R,R,124,93,NE,NH1,9.262577
tcr_26_1,D,A,R,R,124,93,NE,CZ,9.947823
tcr_26_1,D,A,R,R,124,86,CZ,NH1,8.515603
tcr_26_1,D,A,R,R,124,86,CZ,NE,8.2052965
tcr_26_1,D,A,R,R,124,86,CZ,NH2,7.063189
tcr_26_1,D,A,R,R,124,86,CZ,CZ,7.8663616
tcr_26_1,D,A,R,R,124,86,CZ,CD,9.047261
tcr_26_1,D,A,R,R,124,86,CZ,CG,9.234214
tcr_26_1,D,A,R,R,124,86,CZ,CB,9.911143
tcr_26_1,D,A,R,R,124,93,CZ,NH2,9.57003
tcr_26_1,D,A,R,R,124,93,CZ,NH1,9.278992
tcr_26_1,D,A,R,R,124,93,CZ,CZ,9.965457
tcr_26_1,D,A,R,R,124,86,NH1,NH1,8.700049
tcr_26_1,D,A,R,R,124,86,NH1,NE,8.672161
tcr_26_1,D,A,R,R,124,86,NH1,NH2,7.500055
tcr_26_1,D,A,R,R,124,86,NH1,CZ,8.228836
tcr_26_1,D,A,R,E,124,82,NH1,OE2,9.904789
tcr_26_1,D,A,R,E,124,82,NH1,OE1,9.910813
tcr_26_1,D,A,R,E,124,82,NH1,CD,9.989057
tcr_26_1,D,A,R,R,124,86,NH1,CD,9.434664
tcr_26_1,D,A,R,R,124,86,NH1,CG,9.743818
tcr_26_1,D,A,R,R,124,86,NH2,NH1,7.9119906
tcr_26_1,D,A,R,R,124,86,NH2,NE,7.3367686
tcr_26_1,D,A,R,R,124,86,NH2,NH2,6.480855
tcr_26_1,D,A,R,R,124,86,NH2,CZ,7.168908
tcr_26_1,D,A,R,E,124,82,NH2,O,9.849824
tcr_26_1,D,A,R,R,124,86,NH2,CD,8.090564
tcr_26_1,D,A,R,R,124,86,NH2,CA,9.207624
tcr_26_1,D,A,R,R,124,86,NH2,CG,8.1401825
tcr_26_1,D,A,R,R,124,86,NH2,CB,8.775864
tcr_26_1,D,A,R,R,124,86,NH2,N,9.807375
tcr_26_1,D,A,R,Q,124,89,NH2,CG,9.290947
tcr_26_1,D,A,R,Q,124,89,NH2,CB,9.529155
tcr_26_1,D,A,R,R,124,93,NH2,NH2,8.513109
tcr_26_1,D,A,R,Q,124,89,NH2,CD,9.986921
tcr_26_1,D,A,R,R,124,93,NH2,NH1,8.229776
tcr_26_1,D,A,R,R,124,93,NH2,CZ,8.926415
tcr_26_1,E,A,M,K,46,170,O,CE,9.916102
tcr_26_1,E,A,N,K,47,170,CA,NZ,9.449322
tcr_26_1,E,A,N,K,47,170,CA,CE,9.642822
tcr_26_1,E,A,N,K,47,104,CA,NZ,9.45064
tcr_26_1,E,A,N,K,47,104,CA,CE,9.834484
tcr_26_1,E,A,N,K,47,170,C,CD,9.821911
tcr_26_1,E,A,N,K,47,170,C,NZ,8.727568
tcr_26_1,E,A,N,K,47,170,C,CE,8.98465
tcr_26_1,E,A,N,K,47,104,C,NZ,8.445161
tcr_26_1,E,A,N,K,47,104,C,CE,8.989243
tcr_26_1,E,A,N,K,47,170,O,CD,8.604616
tcr_26_1,E,A,N,K,47,170,O,CG,9.084929
tcr_26_1,E,A,N,K,47,170,O,CB,9.959692
tcr_26_1,E,A,N,K,47,170,O,NZ,7.5196233
tcr_26_1,E,A,N,K,47,170,O,CE,7.782505
tcr_26_1,E,A,N,K,47,104,O,NZ,7.360693
tcr_26_1,E,A,N,K,47,104,O,CD,9.332663
tcr_26_1,E,A,N,K,47,104,O,CE,7.9742727
tcr_26_1,E,A,N,K,47,170,CB,CD,9.949238
tcr_26_1,E,A,N,K,47,170,CB,NZ,8.777025
tcr_26_1,E,A,N,K,47,170,CB,CE,8.858177
tcr_26_1,E,A,N,K,47,104,CB,NZ,9.299189
tcr_26_1,E,A,N,K,47,104,CB,CE,9.610989
tcr_26_1,E,A,N,K,47,170,CG,CD,9.321664
tcr_26_1,E,A,N,K,47,170,CG,CG,9.839657
tcr_26_1,E,A,N,K,47,170,CG,NZ,7.8623176
tcr_26_1,E,A,N,K,47,170,CG,CE,8.10627
tcr_26_1,E,A,N,Y,47,108,CG,OH,9.976464
tcr_26_1,E,A,N,K,47,104,CG,NZ,8.301142
tcr_26_1,E,A,N,K,47,104,CG,CD,9.626694
tcr_26_1,E,A,N,K,47,104,CG,CE,8.443494
tcr_26_1,E,A,N,K,47,170,OD1,CD,9.750486
tcr_26_1,E,A,N,K,47,170,OD1,NZ,8.067438
tcr_26_1,E,A,N,K,47,170,OD1,CE,8.51906
tcr_26_1,E,A,N,K,47,104,OD1,NZ,8.00396
tcr_26_1,E,A,N,K,47,104,OD1,CD,9.251077
tcr_26_1,E,A,N,K,47,104,OD1,CE,8.010157
tcr_26_1,E,A,N,K,47,104,OD1,CG,9.581898
tcr_26_1,E,A,N,K,47,170,ND2,CD,8.519396
tcr_26_1,E,A,N,K,47,170,ND2,CG,9.00268
tcr_26_1,E,A,N,K,47,170,ND2,NZ,7.0867233
tcr_26_1,E,A,N,K,47,170,ND2,CE,7.2242174
tcr_26_1,E,A,N,Y,47,108,ND2,OH,9.050906
tcr_26_1,E,A,N,K,47,104,ND2,NZ,8.042614
tcr_26_1,E,A,N,Y,47,108,ND2,CZ,9.972136
tcr_26_1,E,A,N,Y,47,108,ND2,CE1,9.713139
tcr_26_1,E,A,N,K,47,104,ND2,CD,9.1881895
tcr_26_1,E,A,N,K,47,104,ND2,CE,8.151022
tcr_26_1,E,A,N,K,47,104,ND2,CG,9.594234
tcr_26_1,E,A,H,K,48,170,N,NZ,9.641501
tcr_26_1,E,A,H,K,48,170,N,CE,9.936171
tcr_26_1,E,A,H,K,48,104,N,NZ,9.017213
tcr_26_1,E,A,H,K,48,104,N,CE,9.633283
tcr_26_1,E,A,H,K,48,170,CA,NZ,9.490669
tcr_26_1,E,A,H,K,48,170,CA,CE,9.844513
tcr_26_1,E,A,H,K,48,104,CA,NZ,8.534933
tcr_26_1,E,A,H,K,48,104,CA,CE,9.292886
tcr_26_1,E,A,H,K,48,170,C,NZ,9.306751
tcr_26_1,E,A,H,K,48,170,C,CE,9.882804
tcr_26_1,E,A,H,K,48,104,C,NZ,7.782882
tcr_26_1,E,A,H,K,48,104,C,CD,9.940532
tcr_26_1,E,A,H,K,48,104,C,CE,8.435388
tcr_26_1,E,A,H,V,48,100,C,CG1,9.518042
tcr_26_1,E,A,H,K,48,104,O,NZ,8.396973
tcr_26_1,E,A,H,K,48,104,O,CE,8.882036
tcr_26_1,E,A,H,V,48,100,O,CG1,9.625328
tcr_26_1,E,A,H,K,48,104,CB,NZ,9.831298
tcr_26_1,E,A,E,K,49,170,N,CD,9.5814085
tcr_26_1,E,A,E,K,49,170,N,NZ,8.453973
tcr_26_1,E,A,E,K,49,170,N,CE,9.108109
tcr_26_1,E,A,E,K,49,104,N,NZ,6.688195
tcr_26_1,E,A,E,V,49,100,N,CG2,9.4054985
tcr_26_1,E,A,E,K,49,104,N,CD,8.929817
tcr_26_1,E,A,E,K,49,104,N,CE,7.4439497
tcr_26_1,E,A,E,V,49,100,N,CB,9.58696
tcr_26_1,E,A,E,V,49,100,N,CG1,8.493789
tcr_26_1,E,A,E,K,49,104,N,CG,9.877517
tcr_26_1,E,A,E,K,49,170,CA,CD,9.868159
tcr_26_1,E,A,E,K,49,170,CA,NZ,8.540776
tcr_26_1,E,A,E,K,49,170,CA,CE,9.39746
tcr_26_1,E,A,E,K,49,104,CA,NZ,6.1706476
tcr_26_1,E,A,E,V,49,100,CA,CG2,8.02488
tcr_26_1,E,A,E,K,49,104,CA,CD,8.282724
tcr_26_1,E,A,E,K,49,104,CA,CE,6.7916427
tcr_26_1,E,A,E,V,49,100,CA,CB,8.307787
tcr_26_1,E,A,E,V,49,100,CA,CG1,7.2914686
tcr_26_1,E,A,E,K,49,104,CA,CG,9.156999
tcr_26_1,E,A,E,V,49,100,CA,CA,9.708495
tcr_26_1,E,A,E,K,49,170,C,NZ,9.888184
tcr_26_1,E,A,E,K,49,104,C,NZ,7.271093
tcr_26_1,E,A,E,V,49,100,C,CG2,8.026552
tcr_26_1,E,A,E,K,49,104,C,CD,9.334223
tcr_26_1,E,A,E,K,49,104,C,CE,7.888698
tcr_26_1,E,A,E,V,49,100,C,CB,8.534689
tcr_26_1,E,A,E,V,49,100,C,CG1,7.74766
tcr_26_1,E,A,E,V,49,100,C,CA,9.997014
tcr_26_1,E,A,E,K,49,104,O,NZ,7.677443
tcr_26_1,E,A,E,Q,49,96,O,O,9.987379
tcr_26_1,E,A,E,A,49,97,O,CA,9.97102
tcr_26_1,E,A,E,V,49,100,O,CG2,7.405435
tcr_26_1,E,A,E,K,49,104,O,CD,9.529909
tcr_26_1,E,A,E,K,49,104,O,CE,8.112281
tcr_26_1,E,A,E,V,49,100,O,CB,8.1035185
tcr_26_1,E,A,E,V,49,100,O,CG1,7.436632
tcr_26_1,E,A,E,V,49,100,O,CA,9.538137
tcr_26_1,E,A,E,R,49,103,O,NH1,9.866278
tcr_26_1,E,A,E,K,49,170,CB,CD,8.7508545
tcr_26_1,E,A,E,K,49,170,CB,CG,9.763043
tcr_26_1,E,A,E,K,49,170,CB,NZ,7.435583
tcr_26_1,E,A,E,K,49,170,CB,CE,8.379191
tcr_26_1,E,A,E,Y,49,108,CB,OH,9.765547
tcr_26_1,E,A,E,K,49,104,CB,NZ,4.807991
tcr_26_1,E,A,E,A,49,97,CB,CA,9.478654
tcr_26_1,E,A,E,A,49,97,CB,CB,9.700603
tcr_26_1,E,A,E,V,49,100,CB,N,9.704112
tcr_26_1,E,A,E,N,49,101,CB,CG,9.940675
tcr_26_1,E,A,E,N,49,101,CB,OD1,8.885889
tcr_26_1,E,A,E,N,49,101,CB,N,9.48592
tcr_26_1,E,A,E,A,49,97,CB,O,9.37115
tcr_26_1,E,A,E,V,49,100,CB,CG2,7.1433816
tcr_26_1,E,A,E,K,49,104,CB,CB,9.387923
tcr_26_1,E,A,E,K,49,104,CB,CD,6.9941874
tcr_26_1,E,A,E,K,49,104,CB,CE,5.5558496
tcr_26_1,E,A,E,V,49,100,CB,CB,7.217866
tcr_26_1,E,A,E,V,49,100,CB,CG1,6.1773214
tcr_26_1,E,A,E,K,49,104,CB,CG,7.986896
tcr_26_1,E,A,E,V,49,100,CB,C,8.991551
tcr_26_1,E,A,E,V,49,100,CB,O,9.12155
tcr_26_1,E,A,E,V,49,100,CB,CA,8.628136
tcr_26_1,E,A,E,W,49,171,CG,NE1,9.966894
tcr_26_1,E,A,E,K,49,170,CG,CD,7.533889
tcr_26_1,E,A,E,K,49,170,CG,CG,8.6002865
tcr_26_1,E,A,E,K,49,170,CG,CB,9.149347
tcr_26_1,E,A,E,K,49,170,CG,NZ,6.039775
tcr_26_1,E,A,E,K,49,170,CG,CE,7.0117917
tcr_26_1,E,A,E,Y,49,108,CG,OH,8.391372
tcr_26_1,E,A,E,K,49,104,CG,NZ,3.711249
tcr_26_1,E,A,E,Y,49,108,CG,CZ,9.555563
tcr_26_1,E,A,E,A,49,97,CG,CA,9.962252
tcr_26_1,E,A,E,V,49,100,CG,N,9.71837
tcr_26_1,E,A,E,N,49,101,CG,CG,9.666004
tcr_26_1,E,A,E,N,49,101,CG,CA,9.692982
tcr_26_1,E,A,E,N,49,101,CG,OD1,8.544951
tcr_26_1,E,A,E,N,49,101,CG,N,9.171629
tcr_26_1,E,A,E,A,49,97,CG,O,9.491216
tcr_26_1,E,A,E,V,49,100,CG,CG2,7.411269
tcr_26_1,E,A,E,K,49,104,CG,CB,8.331753
tcr_26_1,E,A,E,K,49,104,CG,CD,5.92622
tcr_26_1,E,A,E,K,49,104,CG,CE,4.4534073
tcr_26_1,E,A,E,V,49,100,CG,CB,7.2232475
tcr_26_1,E,A,E,V,49,100,CG,CG1,5.963288
tcr_26_1,E,A,E,K,49,104,CG,CG,6.9298134
tcr_26_1,E,A,E,V,49,100,CG,C,8.641348
tcr_26_1,E,A,E,K,49,104,CG,N,9.815753
tcr_26_1,E,A,E,V,49,100,CG,O,8.585035
tcr_26_1,E,A,E,V,49,100,CG,CA,8.496162
tcr_26_1,E,A,E,R,49,103,CG,NH1,9.883977
tcr_26_1,E,A,E,K,49,104,CG,CA,9.475451
tcr_26_1,E,A,E,A,49,174,CD,CB,9.237558
tcr_26_1,E,A,E,K,49,170,CD,CA,8.951511
tcr_26_1,E,A,E,K,49,170,CD,C,9.346986
tcr_26_1,E,A,E,K,49,170,CD,O,9.223407
tcr_26_1,E,A,E,W,49,171,CD,CD1,9.212996
tcr_26_1,E,A,E,W,49,171,CD,NE1,9.05232
tcr_26_1,E,A,E,K,49,170,CD,CD,6.3770065
tcr_26_1,E,A,E,K,49,170,CD,CG,7.30457
tcr_26_1,E,A,E,K,49,170,CD,CB,7.8200493
tcr_26_1,E,A,E,K,49,170,CD,NZ,5.2284713
tcr_26_1,E,A,E,K,49,170,CD,CE,5.9714384
tcr_26_1,E,A,E,Y,49,108,CD,OH,7.895623
tcr_26_1,E,A,E,K,49,104,CD,NZ,3.7614605
tcr_26_1,E,A,E,Y,49,108,CD,CZ,9.163732
tcr_26_1,E,A,E,Y,49,108,CD,CE1,9.764952
tcr_26_1,E,A,E,N,49,101,CD,CG,9.908718
tcr_26_1,E,A,E,N,49,101,CD,OD1,8.7264385
tcr_26_1,E,A,E,N,49,101,CD,N,9.816027
tcr_26_1,E,A,E,V,49,100,CD,CG2,8.597582
tcr_26_1,E,A,E,K,49,104,CD,CB,8.620364
tcr_26_1,E,A,E,K,49,104,CD,CD,6.162028
tcr_26_1,E,A,E,K,49,104,CD,CE,4.8342657
tcr_26_1,E,A,E,V,49,100,CD,CB,8.238389
tcr_26_1,E,A,E,V,49,100,CD,CG1,6.9826703
tcr_26_1,E,A,E,K,49,104,CD,CG,7.346491
tcr_26_1,E,A,E,V,49,100,CD,C,9.429129
tcr_26_1,E,A,E,V,49,100,CD,O,9.343169
tcr_26_1,E,A,E,V,49,100,CD,CA,9.475056
tcr_26_1,E,A,E,K,49,104,CD,CA,9.874102
tcr_26_1,E,A,E,A,49,174,OE1,CB,8.977225
tcr_26_1,E,A,E,K,49,170,OE1,CA,8.044693
tcr_26_1,E,A,E,K,49,170,OE1,C,8.551505
tcr_26_1,E,A,E,K,49,170,OE1,O,8.565453
tcr_26_1,E,A,E,W,49,171,OE1,CA,9.998803
tcr_26_1,E,A,E,K,49,170,OE1,N,9.195908
tcr_26_1,E,A,E,W,49,171,OE1,CD1,8.425254
tcr_26_1,E,A,E,W,49,171,OE1,CG,9.73863
tcr_26_1,E,A,E,E,49,176,OE1,OE2,9.614028
tcr_26_1,E,A,E,W,49,171,OE1,CE2,9.506185
tcr_26_1,E,A,E,W,49,171,OE1,NE1,8.259346
tcr_26_1,E,A,E,W,49,171,OE1,N,9.245434
tcr_26_1,E,A,E,K,49,170,OE1,CD,5.2039323
tcr_26_1,E,A,E,K,49,170,OE1,CG,6.2305274
tcr_26_1,E,A,E,K,49,170,OE1,CB,6.8239775
tcr_26_1,E,A,E,K,49,170,OE1,NZ,3.9788616
tcr_26_1,E,A,E,K,49,170,OE1,CE,4.7661333
tcr_26_1,E,A,E,Y,49,108,OE1,OH,6.6742415
tcr_26_1,E,A,E,K,49,104,OE1,NZ,2.9872272
tcr_26_1,E,A,E,Y,49,108,OE1,CE2,8.835351
tcr_26_1,E,A,E,Y,49,108,OE1,CZ,7.9634395
tcr_26_1,E,A,E,Y,49,108,OE1,CE1,8.604123
tcr_26_1,E,A,E,T,49,167,OE1,O,9.588841
tcr_26_1,E,A,E,I,49,166,OE1,CG2,9.183944
tcr_26_1,E,A,E,T,49,167,OE1,CG2,9.840131
tcr_26_1,E,A,E,I,49,166,OE1,O,9.341929
tcr_26_1,E,A,E,T,49,167,OE1,CA,9.476121
tcr_26_1,E,A,E,I,49,166,OE1,C,9.898876
tcr_26_1,E,A,E,T,49,167,OE1,OG1,9.6086445
tcr_26_1,E,A,E,T,49,167,OE1,N,9.979204
tcr_26_1,E,A,E,N,49,101,OE1,CG,9.363855
tcr_26_1,E,A,E,N,49,101,OE1,CA,9.546371
tcr_26_1,E,A,E,N,49,101,OE1,OD1,8.15563
tcr_26_1,E,A,E,N,49,101,OE1,N,9.378528
tcr_26_1,E,A,E,A,49,97,OE1,O,9.981395
tcr_26_1,E,A,E,V,49,100,OE1,CG2,8.751488
tcr_26_1,E,A,E,K,49,104,OE1,CB,7.7454553
tcr_26_1,E,A,E,K,49,104,OE1,CD,5.3246565
tcr_26_1,E,A,E,K,49,104,OE1,CE,4.1470423
tcr_26_1,E,A,E,V,49,100,OE1,CB,8.179121
tcr_26_1,E,A,E,V,49,100,OE1,CG1,6.8723063
tcr_26_1,E,A,E,K,49,104,OE1,CG,6.574639
tcr_26_1,E,A,E,V,49,100,OE1,C,9.046846
tcr_26_1,E,A,E,K,49,104,OE1,N,9.693159
tcr_26_1,E,A,E,V,49,100,OE1,O,8.867383
tcr_26_1,E,A,E,V,49,100,OE1,CA,9.291058
tcr_26_1,E,A,E,K,49,104,OE1,CA,9.042474
tcr_26_1,E,A,E,Y,49,108,OE1,CD1,9.962007
tcr_26_1,E,A,E,A,49,174,OE2,CA,9.750088
tcr_26_1,E,A,E,A,49,174,OE2,CB,8.576247
tcr_26_1,E,A,E,K,49,170,OE2,CA,8.886167
tcr_26_1,E,A,E,K,49,170,OE2,C,9.163369
tcr_26_1,E,A,E,K,49,170,OE2,O,8.87845
tcr_26_1,E,A,E,W,49,171,OE2,CD1,9.280933
tcr_26_1,E,A,E,E,49,176,OE2,OE2,9.954769
tcr_26_1,E,A,E,W,49,171,OE2,NE1,9.258154
tcr_26_1,E,A,E,W,49,171,OE2,N,9.969817
tcr_26_1,E,A,E,K,49,170,OE2,CD,6.801051
tcr_26_1,E,A,E,K,49,170,OE2,CG,7.515404
tcr_26_1,E,A,E,K,49,170,OE2,CB,7.913495
tcr_26_1,E,A,E,K,49,170,OE2,NZ,6.028344
tcr_26_1,E,A,E,K,49,170,OE2,CE,6.541927
tcr_26_1,E,A,E,Y,49,108,OE2,OH,8.839137
tcr_26_1,E,A,E,K,49,104,OE2,NZ,4.9060087
tcr_26_1,E,A,E,N,49,101,OE2,OD1,9.567857
tcr_26_1,E,A,E,V,49,100,OE2,CG2,9.481814
tcr_26_1,E,A,E,K,49,104,OE2,CB,9.81597
tcr_26_1,E,A,E,K,49,104,OE2,CD,7.345925
tcr_26_1,E,A,E,K,49,104,OE2,CE,6.0559297
tcr_26_1,E,A,E,V,49,100,OE2,CB,9.210894
tcr_26_1,E,A,E,V,49,100,OE2,CG1,8.036256
tcr_26_1,E,A,E,K,49,104,OE2,CG,8.572011
tcr_26_1,E,A,Y,K,50,104,N,NZ,8.014699
tcr_26_1,E,A,Y,V,50,100,N,CG2,8.979404
tcr_26_1,E,A,Y,K,50,104,N,CE,8.80062
tcr_26_1,E,A,Y,V,50,100,N,CB,9.466975
tcr_26_1,E,A,Y,V,50,100,N,CG1,8.753855
tcr_26_1,E,A,Y,K,50,104,CA,NZ,9.199337
tcr_26_1,E,A,Y,V,50,100,CA,CG2,9.390509
tcr_26_1,E,A,Y,K,50,104,CA,CE,9.973064
tcr_26_1,E,A,Y,V,50,100,CA,CG1,9.507819
tcr_26_1,E,A,Y,K,50,104,CB,NZ,9.521298
tcr_26_1,E,A,Y,V,50,100,CB,CG2,9.93908
tcr_26_1,E,A,Y,K,50,104,CG,NZ,8.718393
tcr_26_1,E,A,Y,R,50,93,CG,CD,9.590429
tcr_26_1,E,A,Y,Q,50,96,CG,OE1,9.891787
tcr_26_1,E,A,Y,A,50,97,CG,N,9.912944
tcr_26_1,E,A,Y,A,50,97,CG,CA,9.370675
tcr_26_1,E,A,Y,A,50,97,CG,CB,9.083247
tcr_26_1,E,A,Y,V,50,100,CG,CG2,9.031006
tcr_26_1,E,A,Y,K,50,104,CG,CE,9.69233
tcr_26_1,E,A,Y,V,50,100,CG,CB,9.473374
tcr_26_1,E,A,Y,V,50,100,CG,CG1,9.139738
tcr_26_1,E,A,Y,K,50,104,CD1,NZ,9.340983
tcr_26_1,E,A,Y,R,50,93,CD1,NE,9.256827
tcr_26_1,E,A,Y,R,50,93,CD1,CD,8.198235
tcr_26_1,E,A,Y,R,50,93,CD1,CG,8.773803
tcr_26_1,E,A,Y,R,50,93,CD1,CB,8.978996
tcr_26_1,E,A,Y,R,50,93,CD1,CA,9.580582
tcr_26_1,E,A,Y,R,50,93,CD1,C,9.631972
tcr_26_1,E,A,Y,Q,50,96,CD1,O,9.704322
tcr_26_1,E,A,Y,Q,50,96,CD1,CB,9.462584
tcr_26_1,E,A,Y,Q,50,96,CD1,CD,9.852936
tcr_26_1,E,A,Y,Q,50,96,CD1,OE1,8.70435
tcr_26_1,E,A,Y,R,50,93,CD1,O,8.941788
tcr_26_1,E,A,Y,Q,50,96,CD1,C,9.556525
tcr_26_1,E,A,Y,A,50,97,CD1,N,9.0307
tcr_26_1,E,A,Y,A,50,97,CD1,CA,8.62713
tcr_26_1,E,A,Y,A,50,97,CD1,CB,8.287703
tcr_26_1,E,A,Y,A,50,97,CD1,C,9.887244
tcr_26_1,E,A,Y,A,50,97,CD1,O,9.947925
tcr_26_1,E,A,Y,V,50,100,CD1,CG2,8.783991
tcr_26_1,E,A,Y,V,50,100,CD1,CB,9.318906
tcr_26_1,E,A,Y,V,50,100,CD1,CG1,9.214646
tcr_26_1,E,A,Y,A,50,174,CD2,CB,9.568133
tcr_26_1,E,A,Y,E,50,176,CD2,OE2,9.685229
tcr_26_1,E,A,Y,K,50,104,CD2,NZ,7.5588107
tcr_26_1,E,A,Y,A,50,97,CD2,N,9.795977
tcr_26_1,E,A,Y,A,50,97,CD2,CA,9.062374
tcr_26_1,E,A,Y,A,50,97,CD2,CB,8.732528
tcr_26_1,E,A,Y,N,50,101,CD2,OD1,9.697085
tcr_26_1,E,A,Y,A,50,97,CD2,O,9.863963
tcr_26_1,E,A,Y,V,50,100,CD2,CG2,8.718401
tcr_26_1,E,A,Y,K,50,104,CD2,CD,9.783307
tcr_26_1,E,A,Y,K,50,104,CD2,CE,8.640291
tcr_26_1,E,A,Y,V,50,100,CD2,CB,8.944305
tcr_26_1,E,A,Y,V,50,100,CD2,CG1,8.485738
tcr_26_1,E,A,Y,Q,50,179,CE1,OE1,9.675576
tcr_26_1,E,A,Y,K,50,104,CE1,NZ,8.937812
tcr_26_1,E,A,Y,R,50,93,CE1,NH1,9.765959
tcr_26_1,E,A,Y,R,50,93,CE1,CZ,9.497197
tcr_26_1,E,A,Y,R,50,93,CE1,NE,8.507275
tcr_26_1,E,A,Y,R,50,93,CE1,CD,7.4813676
tcr_26_1,E,A,Y,R,50,93,CE1,CG,7.983327
tcr_26_1,E,A,Y,R,50,93,CE1,CB,7.9916873
tcr_26_1,E,A,Y,R,50,93,CE1,CA,8.574748
tcr_26_1,E,A,Y,R,50,93,CE1,C,8.489323
tcr_26_1,E,A,Y,Q,50,94,CE1,N,9.447791
tcr_26_1,E,A,Y,Q,50,94,CE1,CA,9.826568
tcr_26_1,E,A,Y,Q,50,96,CE1,O,8.803711
tcr_26_1,E,A,Y,Q,50,96,CE1,CB,8.6532955
tcr_26_1,E,A,Y,Q,50,96,CE1,CG,9.726125
tcr_26_1,E,A,Y,Q,50,96,CE1,CD,9.288243
tcr_26_1,E,A,Y,Q,50,96,CE1,OE1,8.162946
tcr_26_1,E,A,Y,R,50,93,CE1,O,7.78469
tcr_26_1,E,A,Y,Q,50,96,CE1,C,8.578453
tcr_26_1,E,A,Y,Q,50,96,CE1,CA,9.390116
tcr_26_1,E,A,Y,A,50,97,CE1,N,7.925236
tcr_26_1,E,A,Y,A,50,97,CE1,CA,7.4600196
tcr_26_1,E,A,Y,A,50,97,CE1,CB,6.993794
tcr_26_1,E,A,Y,A,50,97,CE1,C,8.732681
tcr_26_1,E,A,Y,D,50,98,CE1,N,9.85055
tcr_26_1,E,A,Y,N,50,101,CE1,ND2,9.974276
tcr_26_1,E,A,Y,N,50,101,CE1,OD1,9.498534
tcr_26_1,E,A,Y,A,50,97,CE1,O,8.861886
tcr_26_1,E,A,Y,V,50,100,CE1,CG2,8.211888
tcr_26_1,E,A,Y,K,50,104,CE1,CE,9.849092
tcr_26_1,E,A,Y,V,50,100,CE1,CB,8.629213
tcr_26_1,E,A,Y,V,50,100,CE1,CG1,8.66104
tcr_26_1,E,A,Y,Q,50,179,CE2,OE1,9.270541
tcr_26_1,E,A,Y,R,50,180,CE2,NH2,9.790518
tcr_26_1,E,A,Y,A,50,174,CE2,CB,9.212044
tcr_26_1,E,A,Y,W,50,171,CE2,CD1,9.600529
tcr_26_1,E,A,Y,E,50,176,CE2,OE2,8.614451
tcr_26_1,E,A,Y,E,50,176,CE2,CD,9.544113
tcr_26_1,E,A,Y,E,50,176,CE2,OE1,9.9191675
tcr_26_1,E,A,Y,W,50,171,CE2,NE1,9.188625
tcr_26_1,E,A,Y,K,50,170,CE2,NZ,9.603413
tcr_26_1,E,A,Y,K,50,104,CE2,NZ,7.0412774
tcr_26_1,E,A,Y,R,50,93,CE2,CD,9.713498
tcr_26_1,E,A,Y,R,50,93,CE2,CB,9.947353
tcr_26_1,E,A,Y,Q,50,96,CE2,O,9.457173
tcr_26_1,E,A,Y,R,50,93,CE2,O,9.210814
tcr_26_1,E,A,Y,Q,50,96,CE2,C,9.466291
tcr_26_1,E,A,Y,A,50,97,CE2,N,8.786957
tcr_26_1,E,A,Y,A,50,97,CE2,CA,7.957916
tcr_26_1,E,A,Y,A,50,97,CE2,CB,7.5162153
tcr_26_1,E,A,Y,A,50,97,CE2,C,8.930411
tcr_26_1,E,A,Y,N,50,101,CE2,ND2,9.409062
tcr_26_1,E,A,Y,N,50,101,CE2,CG,9.372046
tcr_26_1,E,A,Y,N,50,101,CE2,OD1,8.510389
tcr_26_1,E,A,Y,A,50,97,CE2,O,8.762713
tcr_26_1,E,A,Y,V,50,100,CE2,CG2,8.133433
tcr_26_1,E,A,Y,K,50,104,CE2,CD,9.138982
tcr_26_1,E,A,Y,K,50,104,CE2,CE,8.152477
tcr_26_1,E,A,Y,V,50,100,CE2,CB,8.214258
tcr_26_1,E,A,Y,V,50,100,CE2,CG1,7.870185
tcr_26_1,E,A,Y,V,50,100,CE2,CA,9.70312
tcr_26_1,E,A,Y,Q,50,179,CZ,CD,9.977449
tcr_26_1,E,A,Y,Q,50,179,CZ,NE2,9.851693
tcr_26_1,E,A,Y,Q,50,179,CZ,OE1,9.08607
tcr_26_1,E,A,Y,R,50,180,CZ,NH2,9.365186
tcr_26_1,E,A,Y,E,50,176,CZ,OE2,8.833249
tcr_26_1,E,A,Y,E,50,176,CZ,CD,9.634209
tcr_26_1,E,A,Y,E,50,176,CZ,OE1,9.862648
tcr_26_1,E,A,Y,W,50,171,CZ,NE1,9.601832
tcr_26_1,E,A,Y,K,50,104,CZ,NZ,7.8153977
tcr_26_1,E,A,Y,R,50,93,CZ,NE,9.289902
tcr_26_1,E,A,Y,R,50,93,CZ,CD,8.339869
tcr_26_1,E,A,Y,R,50,93,CZ,CG,8.766246
tcr_26_1,E,A,Y,R,50,93,CZ,CB,8.547568
tcr_26_1,E,A,Y,R,50,93,CZ,CA,9.051564
tcr_26_1,E,A,Y,R,50,93,CZ,C,8.732561
tcr_26_1,E,A,Y,Q,50,94,CZ,N,9.583065
tcr_26_1,E,A,Y,Q,50,94,CZ,OE1,9.811361
tcr_26_1,E,A,Y,Q,50,94,CZ,CA,9.755034
tcr_26_1,E,A,Y,Q,50,96,CZ,O,8.670899
tcr_26_1,E,A,Y,Q,50,96,CZ,CB,9.00383
tcr_26_1,E,A,Y,Q,50,96,CZ,CD,9.977038
tcr_26_1,E,A,Y,Q,50,96,CZ,OE1,8.92032
tcr_26_1,E,A,Y,R,50,93,CZ,O,7.942748
tcr_26_1,E,A,Y,Q,50,96,CZ,C,8.531057
tcr_26_1,E,A,Y,Q,50,96,CZ,CA,9.530172
tcr_26_1,E,A,Y,A,50,97,CZ,N,7.7901673
tcr_26_1,E,A,Y,A,50,97,CZ,CA,7.081875
tcr_26_1,E,A,Y,A,50,97,CZ,CB,6.5473638
tcr_26_1,E,A,Y,V,50,100,CZ,N,9.914892
tcr_26_1,E,A,Y,Q,50,94,CZ,O,9.940419
tcr_26_1,E,A,Y,A,50,97,CZ,C,8.204725
tcr_26_1,E,A,Y,D,50,98,CZ,N,9.361488
tcr_26_1,E,A,Y,N,50,101,CZ,ND2,9.003144
tcr_26_1,E,A,Y,N,50,101,CZ,CG,9.120062
tcr_26_1,E,A,Y,N,50,101,CZ,OD1,8.40505
tcr_26_1,E,A,Y,N,50,101,CZ,N,9.838228
tcr_26_1,E,A,Y,A,50,97,CZ,O,8.216147
tcr_26_1,E,A,Y,V,50,100,CZ,CG2,7.8718543
tcr_26_1,E,A,Y,K,50,104,CZ,CD,9.694451
tcr_26_1,E,A,Y,K,50,104,CZ,CE,8.819502
tcr_26_1,E,A,Y,V,50,100,CZ,CB,8.051206
tcr_26_1,E,A,Y,V,50,100,CZ,CG1,7.9728603
tcr_26_1,E,A,Y,V,50,100,CZ,C,9.969896
tcr_26_1,E,A,Y,V,50,100,CZ,CA,9.509666
tcr_26_1,E,A,Y,Q,50,179,OH,CD,9.578164
tcr_26_1,E,A,Y,Q,50,179,OH,NE2,9.553654
tcr_26_1,E,A,Y,Q,50,179,OH,OE1,8.608948
tcr_26_1,E,A,Y,R,50,180,OH,CZ,9.359222
tcr_26_1,E,A,Y,R,50,180,OH,NH1,9.616591
tcr_26_1,E,A,Y,R,50,180,OH,NH2,8.21456
tcr_26_1,E,A,Y,W,50,171,OH,CD1,9.480327
tcr_26_1,E,A,Y,E,50,176,OH,CG,9.730617
tcr_26_1,E,A,Y,E,50,176,OH,OE2,8.033498
tcr_26_1,E,A,Y,E,50,176,OH,CD,8.753448
tcr_26_1,E,A,Y,E,50,176,OH,OE1,8.850495
tcr_26_1,E,A,Y,W,50,171,OH,CE2,9.582858
tcr_26_1,E,A,Y,W,50,171,OH,NE1,8.814548
tcr_26_1,E,A,Y,W,50,171,OH,CZ2,9.651207
tcr_26_1,E,A,Y,K,50,104,OH,NZ,7.714216
tcr_26_1,E,A,Y,R,50,93,OH,NE,8.9025345
tcr_26_1,E,A,Y,R,50,93,OH,CD,8.032087
tcr_26_1,E,A,Y,R,50,93,OH,CG,8.358719
tcr_26_1,E,A,Y,R,50,93,OH,CB,7.9153047
tcr_26_1,E,A,Y,R,50,93,OH,N,9.8417225
tcr_26_1,E,A,Y,R,50,93,OH,CA,8.370374
tcr_26_1,E,A,Y,R,50,93,OH,C,7.873183
tcr_26_1,E,A,Y,Q,50,94,OH,N,8.609658
tcr_26_1,E,A,Y,R,50,121,OH,NH1,9.470379
tcr_26_1,E,A,Y,Q,50,94,OH,CD,8.991836
tcr_26_1,E,A,Y,Q,50,94,OH,OE1,8.50936
tcr_26_1,E,A,Y,Q,50,94,OH,CA,8.652603
tcr_26_1,E,A,Y,Q,50,94,OH,CB,9.71836
tcr_26_1,E,A,Y,Q,50,96,OH,O,8.048426
tcr_26_1,E,A,Y,Q,50,96,OH,CB,8.52513
tcr_26_1,E,A,Y,Q,50,96,OH,CG,9.836119
tcr_26_1,E,A,Y,Q,50,96,OH,CD,9.743763
tcr_26_1,E,A,Y,Q,50,96,OH,OE1,8.751422
tcr_26_1,E,A,Y,R,50,93,OH,O,7.0789194
tcr_26_1,E,A,Y,Q,50,96,OH,C,7.8325324
tcr_26_1,E,A,Y,Q,50,96,OH,N,9.503909
tcr_26_1,E,A,Y,Q,50,96,OH,CA,8.897399
tcr_26_1,E,A,Y,A,50,97,OH,N,6.947366
tcr_26_1,E,A,Y,A,50,97,OH,CA,6.137533
tcr_26_1,E,A,Y,A,50,97,OH,CB,5.423019
tcr_26_1,E,A,Y,V,50,100,OH,N,9.322226
tcr_26_1,E,A,Y,Q,50,94,OH,C,9.199333
tcr_26_1,E,A,Y,Q,50,94,OH,O,8.831135
tcr_26_1,E,A,Y,A,50,97,OH,C,7.223008
tcr_26_1,E,A,Y,D,50,98,OH,OD1,9.649909
tcr_26_1,E,A,Y,Q,50,94,OH,NE2,8.83594
tcr_26_1,E,A,Y,D,50,98,OH,CA,9.520986
tcr_26_1,E,A,Y,D,50,98,OH,N,8.3205385
tcr_26_1,E,A,Y,N,50,101,OH,ND2,7.8365154
tcr_26_1,E,A,Y,N,50,101,OH,CG,8.074101
tcr_26_1,E,A,Y,N,50,101,OH,CB,9.418093
tcr_26_1,E,A,Y,N,50,101,OH,CA,9.684638
tcr_26_1,E,A,Y,N,50,101,OH,OD1,7.443399
tcr_26_1,E,A,Y,N,50,101,OH,N,9.079247
tcr_26_1,E,A,Y,A,50,97,OH,O,7.3059425
tcr_26_1,E,A,Y,V,50,100,OH,CG2,7.6322083
tcr_26_1,E,A,Y,K,50,104,OH,CD,9.377691
tcr_26_1,E,A,Y,K,50,104,OH,CE,8.696483
tcr_26_1,E,A,Y,V,50,100,OH,CB,7.648446
tcr_26_1,E,A,Y,V,50,100,OH,CG1,7.72191
tcr_26_1,E,A,Y,V,50,100,OH,C,9.372281
tcr_26_1,E,A,Y,V,50,100,OH,CA,9.01629
tcr_26_1,E,A,L,R,64,93,CG,NH1,9.324078
tcr_26_1,E,A,L,R,64,93,CD2,NH2,9.665455
tcr_26_1,E,A,L,R,64,93,CD2,NH1,7.8707585
tcr_26_1,E,A,L,R,64,93,CD2,CZ,8.886709
tcr_26_1,E,A,L,R,64,93,CD2,NE,9.299325
tcr_26_1,E,A,L,R,64,93,CD2,CD,8.8207035
tcr_26_1,E,A,L,R,64,93,CD2,CG,9.779499
tcr_26_1,E,A,H,Q,66,96,ND1,NE2,9.813974
tcr_26_1,E,A,Y,R,67,93,N,CD,9.795605
tcr_26_1,E,A,Y,Q,67,96,N,NE2,9.386794
tcr_26_1,E,A,Y,Q,67,96,N,CD,9.578665
tcr_26_1,E,A,Y,Q,67,96,N,OE1,8.781939
tcr_26_1,E,A,Y,R,67,93,CA,CD,9.46452
tcr_26_1,E,A,Y,R,67,93,CA,CG,9.8086405
tcr_26_1,E,A,Y,Q,67,96,CA,NE2,9.380715
tcr_26_1,E,A,Y,Q,67,96,CA,CD,9.374773
tcr_26_1,E,A,Y,Q,67,96,CA,OE1,8.475624
tcr_26_1,E,A,Y,R,67,93,C,CD,9.296581
tcr_26_1,E,A,Y,R,67,93,C,CG,9.4404
tcr_26_1,E,A,Y,Q,67,96,C,CB,9.60926
tcr_26_1,E,A,Y,Q,67,96,C,CG,9.540701
tcr_26_1,E,A,Y,Q,67,96,C,NE2,8.391834
tcr_26_1,E,A,Y,Q,67,96,C,CD,8.323902
tcr_26_1,E,A,Y,Q,67,96,C,OE1,7.468867
tcr_26_1,E,A,Y,R,67,93,O,CD,9.243716
tcr_26_1,E,A,Y,R,67,93,O,CG,9.20694
tcr_26_1,E,A,Y,Q,67,96,O,CB,9.023663
tcr_26_1,E,A,Y,Q,67,96,O,CG,8.793789
tcr_26_1,E,A,Y,Q,67,96,O,NE2,7.486988
tcr_26_1,E,A,Y,Q,67,96,O,CD,7.5480413
tcr_26_1,E,A,Y,Q,67,96,O,OE1,6.812618
tcr_26_1,E,A,Y,R,67,93,CB,NH1,8.995173
tcr_26_1,E,A,Y,R,67,93,CB,CZ,9.7401905
tcr_26_1,E,A,Y,R,67,93,CB,NE,9.527829
tcr_26_1,E,A,Y,R,67,93,CB,CD,8.431762
tcr_26_1,E,A,Y,R,67,93,CB,CG,8.968108
tcr_26_1,E,A,Y,Q,67,96,CB,NE2,9.48085
tcr_26_1,E,A,Y,Q,67,96,CB,CD,9.365178
tcr_26_1,E,A,Y,Q,67,96,CB,OE1,8.351421
tcr_26_1,E,A,Y,R,67,93,CG,NH2,9.499739
tcr_26_1,E,A,Y,R,67,93,CG,NH1,7.584972
tcr_26_1,E,A,Y,Q,67,89,CG,OE1,9.470347
tcr_26_1,E,A,Y,R,67,93,CG,CZ,8.334157
tcr_26_1,E,A,Y,R,67,93,CG,NE,8.11679
tcr_26_1,E,A,Y,R,67,93,CG,CD,7.005859
tcr_26_1,E,A,Y,R,67,93,CG,CG,7.507864
tcr_26_1,E,A,Y,R,67,93,CG,CB,8.716485
tcr_26_1,E,A,Y,R,67,93,CG,CA,9.307246
tcr_26_1,E,A,Y,Q,67,96,CG,CB,9.573028
tcr_26_1,E,A,Y,Q,67,96,CG,CG,9.554562
tcr_26_1,E,A,Y,Q,67,96,CG,NE2,8.320696
tcr_26_1,E,A,Y,Q,67,96,CG,CD,8.207794
tcr_26_1,E,A,Y,Q,67,96,CG,OE1,7.17532
tcr_26_1,E,A,Y,Q,67,89,CD1,NE2,9.69578
tcr_26_1,E,A,Y,R,67,93,CD1,NH2,8.9111395
tcr_26_1,E,A,Y,Q,67,89,CD1,CD,9.286729
tcr_26_1,E,A,Y,R,67,93,CD1,NH1,6.8599463
tcr_26_1,E,A,Y,Q,67,89,CD1,OE1,8.5029745
tcr_26_1,E,A,Y,R,67,93,CD1,CZ,7.7750287
tcr_26_1,E,A,Y,R,67,93,CD1,NE,7.7560987
tcr_26_1,E,A,Y,R,67,93,CD1,CD,6.775711
tcr_26_1,E,A,Y,Q,67,89,CD1,O,9.906162
tcr_26_1,E,A,Y,R,67,93,CD1,CG,7.28999
tcr_26_1,E,A,Y,R,67,93,CD1,CB,8.646877
tcr_26_1,E,A,Y,R,67,93,CD1,N,9.909755
tcr_26_1,E,A,Y,R,67,93,CD1,CA,9.281051
tcr_26_1,E,A,Y,Q,67,96,CD1,CB,9.928992
tcr_26_1,E,A,Y,Q,67,96,CD1,CG,9.742797
tcr_26_1,E,A,Y,Q,67,96,CD1,NE2,8.249036
tcr_26_1,E,A,Y,Q,67,96,CD1,CD,8.307496
tcr_26_1,E,A,Y,Q,67,96,CD1,OE1,7.354586
tcr_26_1,E,A,Y,R,67,93,CD2,NH2,8.98628
tcr_26_1,E,A,Y,R,67,93,CD2,NH1,7.2128525
tcr_26_1,E,A,Y,Q,67,89,CD2,OE1,9.23917
tcr_26_1,E,A,Y,R,67,93,CD2,CZ,7.781159
tcr_26_1,E,A,Y,R,67,93,CD2,NE,7.361353
tcr_26_1,E,A,Y,R,67,93,CD2,CD,6.131629
tcr_26_1,E,A,Y,Q,67,89,CD2,O,9.710726
tcr_26_1,E,A,Y,R,67,93,CD2,CG,6.563578
tcr_26_1,E,A,Y,R,67,93,CD2,CB,7.6399918
tcr_26_1,E,A,Y,R,67,93,CD2,N,9.115833
tcr_26_1,E,A,Y,R,67,93,CD2,CA,8.19618
tcr_26_1,E,A,Y,K,67,92,CD2,C,9.844784
tcr_26_1,E,A,Y,K,67,92,CD2,O,9.822871
tcr_26_1,E,A,Y,R,67,93,CD2,C,9.083987
tcr_26_1,E,A,Y,Q,67,96,CD2,CB,8.40399
tcr_26_1,E,A,Y,Q,67,96,CD2,CG,8.533681
tcr_26_1,E,A,Y,Q,67,96,CD2,NE2,7.5774155
tcr_26_1,E,A,Y,Q,67,96,CD2,CD,7.278079
tcr_26_1,E,A,Y,Q,67,96,CD2,OE1,6.1667156
tcr_26_1,E,A,Y,R,67,93,CD2,O,8.825014
tcr_26_1,E,A,Y,Q,67,96,CD2,C,9.911693
tcr_26_1,E,A,Y,Q,67,96,CD2,CA,9.817251
tcr_26_1,E,A,Y,A,67,97,CD2,N,9.785774
tcr_26_1,E,A,Y,Q,67,89,CE1,NE2,8.431731
tcr_26_1,E,A,Y,Q,67,89,CE1,CG,8.726363
tcr_26_1,E,A,Y,Q,67,89,CE1,C,9.224446
tcr_26_1,E,A,Y,Q,67,89,CE1,CB,8.65491
tcr_26_1,E,A,Y,Q,67,89,CE1,CA,9.322346
tcr_26_1,E,A,Y,R,67,93,CE1,NH2,7.702738
tcr_26_1,E,A,Y,Q,67,89,CE1,CD,7.95198
tcr_26_1,E,A,Y,R,67,93,CE1,NH1,5.5960035
tcr_26_1,E,A,Y,Q,67,89,CE1,OE1,7.1458197
tcr_26_1,E,A,Y,R,67,93,CE1,CZ,6.540306
tcr_26_1,E,A,Y,R,67,93,CE1,NE,6.555846
tcr_26_1,E,A,Y,R,67,93,CE1,CD,5.610602
tcr_26_1,E,A,Y,Q,67,89,CE1,O,8.539727
tcr_26_1,E,A,Y,K,67,92,CE1,CB,9.623222
tcr_26_1,E,A,Y,R,67,93,CE1,CG,6.077049
tcr_26_1,E,A,Y,R,67,93,CE1,CB,7.5016384
tcr_26_1,E,A,Y,R,67,93,CE1,N,8.692227
tcr_26_1,E,A,Y,R,67,93,CE1,CA,8.160081
tcr_26_1,E,A,Y,K,67,92,CE1,C,9.432048
tcr_26_1,E,A,Y,K,67,92,CE1,O,9.69142
tcr_26_1,E,A,Y,R,67,93,CE1,C,9.393172
tcr_26_1,E,A,Y,Q,67,96,CE1,CB,9.214256
tcr_26_1,E,A,Y,Q,67,96,CE1,CG,8.973983
tcr_26_1,E,A,Y,Q,67,96,CE1,NE2,7.4485416
tcr_26_1,E,A,Y,Q,67,96,CE1,CD,7.527684
tcr_26_1,E,A,Y,Q,67,96,CE1,OE1,6.6011243
tcr_26_1,E,A,Y,R,67,93,CE1,O,9.486424
tcr_26_1,E,A,Y,Q,67,89,CE2,NE2,9.701286
tcr_26_1,E,A,Y,Q,67,89,CE2,CG,9.715437
tcr_26_1,E,A,Y,Q,67,89,CE2,C,9.207552
tcr_26_1,E,A,Y,Q,67,89,CE2,CB,9.301071
tcr_26_1,E,A,Y,Q,67,89,CE2,CA,9.671974
tcr_26_1,E,A,Y,R,67,93,CE2,NH2,7.788749
tcr_26_1,E,A,Y,Q,67,89,CE2,CD,9.005898
tcr_26_1,E,A,Y,R,67,93,CE2,NH1,6.023998
tcr_26_1,E,A,Y,Q,67,89,CE2,OE1,8.006918
tcr_26_1,E,A,Y,R,67,93,CE2,CZ,6.5461617
tcr_26_1,E,A,Y,R,67,93,CE2,NE,6.0796127
tcr_26_1,E,A,Y,R,67,93,CE2,CD,4.8067446
tcr_26_1,E,A,Y,Q,67,89,CE2,O,8.306522
tcr_26_1,E,A,Y,K,67,92,CE2,CB,9.349785
tcr_26_1,E,A,Y,R,67,93,CE2,CG,5.174778
tcr_26_1,E,A,Y,R,67,93,CE2,CB,6.304683
tcr_26_1,E,A,Y,R,67,93,CE2,N,7.7649856
tcr_26_1,E,A,Y,K,67,92,CE2,CA,9.673489
tcr_26_1,E,A,Y,R,67,93,CE2,CA,6.8898535
tcr_26_1,E,A,Y,K,67,92,CE2,C,8.535758
tcr_26_1,E,A,Y,K,67,92,CE2,O,8.59356
tcr_26_1,E,A,Y,K,67,90,CE2,O,9.92554
tcr_26_1,E,A,Y,R,67,93,CE2,C,7.8641677
tcr_26_1,E,A,Y,Q,67,94,CE2,N,9.046587
tcr_26_1,E,A,Y,Q,67,96,CE2,O,9.745027
tcr_26_1,E,A,Y,Q,67,96,CE2,CB,7.532159
tcr_26_1,E,A,Y,Q,67,96,CE2,CG,7.6314473
tcr_26_1,E,A,Y,Q,67,96,CE2,NE2,6.687001
tcr_26_1,E,A,Y,Q,67,96,CE2,CD,6.361477
tcr_26_1,E,A,Y,Q,67,96,CE2,OE1,5.2322564
tcr_26_1,E,A,Y,R,67,93,CE2,O,7.718447
tcr_26_1,E,A,Y,Q,67,96,CE2,C,9.155376
tcr_26_1,E,A,Y,Q,67,96,CE2,N,9.567633
tcr_26_1,E,A,Y,Q,67,96,CE2,CA,8.959979
tcr_26_1,E,A,Y,A,67,97,CE2,N,8.971914
tcr_26_1,E,A,Y,A,67,97,CE2,CA,9.522901
tcr_26_1,E,A,Y,A,67,97,CE2,CB,9.396552
tcr_26_1,E,A,Y,Q,67,89,CZ,NE2,8.43778
tcr_26_1,E,A,Y,Q,67,89,CZ,CG,8.520849
tcr_26_1,E,A,Y,Q,67,89,CZ,C,8.437211
tcr_26_1,E,A,Y,Q,67,89,CZ,CB,8.233846
tcr_26_1,E,A,Y,Q,67,89,CZ,CA,8.729004
tcr_26_1,E,A,Y,K,67,90,CZ,N,9.326032
tcr_26_1,E,A,Y,K,67,90,CZ,CA,9.537625
tcr_26_1,E,A,Y,R,67,93,CZ,NH2,7.0651417
tcr_26_1,E,A,Y,Q,67,89,CZ,CD,7.790941
tcr_26_1,E,A,Y,R,67,93,CZ,NH1,5.089323
tcr_26_1,E,A,Y,Q,67,89,CZ,OE1,6.855329
tcr_26_1,E,A,Y,R,67,93,CZ,CZ,5.8255653
tcr_26_1,E,A,Y,R,67,93,CZ,NE,5.59795
tcr_26_1,E,A,Y,R,67,93,CZ,CD,4.476083
tcr_26_1,E,A,Y,Q,67,89,CZ,O,7.638869
tcr_26_1,E,A,Y,K,67,92,CZ,CB,8.770479
tcr_26_1,E,A,Y,R,67,93,CZ,CG,4.8702493
tcr_26_1,E,A,Y,R,67,93,CZ,CB,6.2232137
tcr_26_1,E,A,Y,R,67,93,CZ,N,7.522609
tcr_26_1,E,A,Y,K,67,92,CZ,CA,9.275813
tcr_26_1,E,A,Y,R,67,93,CZ,CA,6.872229
tcr_26_1,E,A,Y,K,67,92,CZ,C,8.304823
tcr_26_1,E,A,Y,K,67,92,CZ,O,8.52447
tcr_26_1,E,A,Y,K,67,90,CZ,O,9.675945
tcr_26_1,E,A,Y,R,67,93,CZ,C,8.0475
tcr_26_1,E,A,Y,K,67,92,CZ,N,9.980127
tcr_26_1,E,A,Y,Q,67,94,CZ,N,9.158137
tcr_26_1,E,A,Y,Q,67,96,CZ,CB,7.9978757
tcr_26_1,E,A,Y,Q,67,96,CZ,CG,7.886608
tcr_26_1,E,A,Y,Q,67,96,CZ,NE2,6.621206
tcr_26_1,E,A,Y,Q,67,96,CZ,CD,6.5117364
tcr_26_1,E,A,Y,Q,67,96,CZ,OE1,5.496896
tcr_26_1,E,A,Y,R,67,93,CZ,O,8.105103
tcr_26_1,E,A,Y,Q,67,96,CZ,C,9.84119
tcr_26_1,E,A,Y,Q,67,96,CZ,N,9.91772
tcr_26_1,E,A,Y,Q,67,96,CZ,CA,9.462018
tcr_26_1,E,A,Y,A,67,97,CZ,N,9.669187
tcr_26_1,E,A,Y,K,67,92,CZ,CD,9.870894
tcr_26_1,E,A,Y,Q,67,89,OH,NE2,7.3919396
tcr_26_1,E,A,Y,Q,67,89,OH,CG,7.316336
tcr_26_1,E,A,Y,T,67,88,OH,C,9.632467
tcr_26_1,E,A,Y,Q,67,89,OH,C,7.0662146
tcr_26_1,E,A,Y,Q,67,89,OH,N,8.839032
tcr_26_1,E,A,Y,Q,67,89,OH,CB,6.942938
tcr_26_1,E,A,Y,R,67,86,OH,O,9.856587
tcr_26_1,E,A,Y,Q,67,89,OH,CA,7.3763123
tcr_26_1,E,A,Y,T,67,88,OH,O,9.314453
tcr_26_1,E,A,Y,K,67,90,OH,N,7.975719
tcr_26_1,E,A,Y,K,67,90,OH,CA,8.230274
tcr_26_1,E,A,Y,K,67,90,OH,CB,9.466007
tcr_26_1,E,A,Y,K,67,90,OH,CG,9.430318
tcr_26_1,E,A,Y,Y,67,91,OH,N,9.621753
tcr_26_1,E,A,Y,R,67,93,OH,NH2,5.983749
tcr_26_1,E,A,Y,Q,67,89,OH,CD,6.632707
tcr_26_1,E,A,Y,R,67,93,OH,NH1,4.0142903
tcr_26_1,E,A,Y,Q,67,89,OH,OE1,5.658219
tcr_26_1,E,A,Y,R,67,93,OH,CZ,4.7129135
tcr_26_1,E,A,Y,R,67,93,OH,NE,4.481543
tcr_26_1,E,A,Y,R,67,93,OH,CD,3.3916473
tcr_26_1,E,A,Y,Q,67,89,OH,O,6.2719097
tcr_26_1,E,A,Y,K,67,92,OH,CB,7.5517926
tcr_26_1,E,A,Y,R,67,93,OH,CG,3.6718476
tcr_26_1,E,A,Y,R,67,93,OH,CB,5.1203628
tcr_26_1,E,A,Y,R,67,93,OH,N,6.3314395
tcr_26_1,E,A,Y,K,67,92,OH,CA,8.064262
tcr_26_1,E,A,Y,R,67,93,OH,CA,5.8070045
tcr_26_1,E,A,Y,K,67,92,OH,C,7.162306
tcr_26_1,E,A,Y,K,67,92,OH,O,7.5112915
tcr_26_1,E,A,Y,K,67,90,OH,O,8.434905
tcr_26_1,E,A,Y,R,67,93,OH,C,7.0925407
tcr_26_1,E,A,Y,K,67,92,OH,N,8.69645
tcr_26_1,E,A,Y,K,67,90,OH,C,8.710718
tcr_26_1,E,A,Y,Q,67,94,OH,N,8.127085
tcr_26_1,E,A,Y,Y,67,91,OH,C,9.528174
tcr_26_1,E,A,Y,Y,67,91,OH,O,9.820092
tcr_26_1,E,A,Y,Q,67,94,OH,CA,9.444082
tcr_26_1,E,A,Y,Q,67,96,OH,CB,7.5035925
tcr_26_1,E,A,Y,Q,67,96,OH,CG,7.342263
tcr_26_1,E,A,Y,Q,67,96,OH,NE2,6.116082
tcr_26_1,E,A,Y,Q,67,96,OH,CD,6.0105615
tcr_26_1,E,A,Y,Q,67,96,OH,OE1,5.0693455
tcr_26_1,E,A,Y,R,67,93,OH,O,7.3186564
tcr_26_1,E,A,Y,Q,67,96,OH,C,9.415311
tcr_26_1,E,A,Y,Q,67,96,OH,N,9.200375
tcr_26_1,E,A,Y,Q,67,96,OH,CA,8.92911
tcr_26_1,E,A,Y,A,67,97,OH,N,9.187135
tcr_26_1,E,A,Y,A,67,97,OH,CA,9.96219
tcr_26_1,E,A,Y,A,67,97,OH,CB,9.724168
tcr_26_1,E,A,Y,K,67,92,OH,CD,8.704751
tcr_26_1,E,A,Y,K,67,92,OH,CG,8.839102
tcr_26_1,E,A,S,R,68,93,N,CD,9.531744
tcr_26_1,E,A,S,R,68,93,N,CG,9.695136
tcr_26_1,E,A,S,Q,68,96,N,CB,9.505541
tcr_26_1,E,A,S,Q,68,96,N,CG,9.629203
tcr_26_1,E,A,S,Q,68,96,N,NE2,8.798893
tcr_26_1,E,A,S,Q,68,96,N,CD,8.550141
tcr_26_1,E,A,S,Q,68,96,N,OE1,7.644881
tcr_26_1,E,A,S,V,68,100,N,CG2,9.995017
tcr_26_1,E,A,S,R,68,93,CA,CD,9.663916
tcr_26_1,E,A,S,R,68,93,CA,CG,9.654132
tcr_26_1,E,A,S,Q,68,96,CA,O,9.626968
tcr_26_1,E,A,S,Q,68,96,CA,CB,8.623007
tcr_26_1,E,A,S,Q,68,96,CA,CG,8.833813
tcr_26_1,E,A,S,Q,68,96,CA,NE2,8.279969
tcr_26_1,E,A,S,Q,68,96,CA,CD,7.917273
tcr_26_1,E,A,S,Q,68,96,CA,OE1,7.073151
tcr_26_1,E,A,S,Q,68,96,CA,C,9.696182
tcr_26_1,E,A,S,Q,68,96,CA,CA,9.822061
tcr_26_1,E,A,S,A,68,97,CA,N,9.965786
tcr_26_1,E,A,S,V,68,100,CA,CG2,8.63575
tcr_26_1,E,A,S,V,68,100,CA,CB,9.932566
tcr_26_1,E,A,S,R,68,93,C,CD,9.238771
tcr_26_1,E,A,S,R,68,93,C,CG,9.301365
tcr_26_1,E,A,S,R,68,93,C,CB,9.854143
tcr_26_1,E,A,S,R,68,93,C,CA,9.958621
tcr_26_1,E,A,S,Q,68,96,C,O,8.98923
tcr_26_1,E,A,S,Q,68,96,C,CB,8.308532
tcr_26_1,E,A,S,Q,68,96,C,CG,8.777491
tcr_26_1,E,A,S,Q,68,96,C,NE2,8.584334
tcr_26_1,E,A,S,Q,68,96,C,CD,8.000498
tcr_26_1,E,A,S,Q,68,96,C,OE1,7.056719
tcr_26_1,E,A,S,R,68,93,C,O,9.55839
tcr_26_1,E,A,S,Q,68,96,C,C,9.07106
tcr_26_1,E,A,S,Q,68,96,C,CA,9.407078
tcr_26_1,E,A,S,A,68,97,C,N,9.194872
tcr_26_1,E,A,S,A,68,97,C,CA,9.302279
tcr_26_1,E,A,S,A,68,97,C,CB,9.672356
tcr_26_1,E,A,S,V,68,100,C,CG2,7.819651
tcr_26_1,E,A,S,V,68,100,C,CB,8.9905405
tcr_26_1,E,A,S,V,68,100,C,CG1,9.041905
tcr_26_1,E,A,S,R,68,93,O,CD,9.70889
tcr_26_1,E,A,S,R,68,93,O,CG,9.933955
tcr_26_1,E,A,S,Q,68,96,O,O,9.80613
tcr_26_1,E,A,S,Q,68,96,O,CB,9.303322
tcr_26_1,E,A,S,Q,68,96,O,CG,9.864626
tcr_26_1,E,A,S,Q,68,96,O,NE2,9.725738
tcr_26_1,E,A,S,Q,68,96,O,CD,9.10463
tcr_26_1,E,A,S,Q,68,96,O,OE1,8.110277
tcr_26_1,E,A,S,Q,68,96,O,C,9.901995
tcr_26_1,E,A,S,A,68,97,O,N,9.915793
tcr_26_1,E,A,S,A,68,97,O,CA,9.876623
tcr_26_1,E,A,S,V,68,100,O,CG2,8.395959
tcr_26_1,E,A,S,V,68,100,O,CB,9.442286
tcr_26_1,E,A,S,V,68,100,O,CG1,9.325944
tcr_26_1,E,A,S,Q,68,96,CB,CB,9.524391
tcr_26_1,E,A,S,Q,68,96,CB,CG,9.707094
tcr_26_1,E,A,S,Q,68,96,CB,NE2,9.206087
tcr_26_1,E,A,S,Q,68,96,CB,CD,8.89413
tcr_26_1,E,A,S,Q,68,96,CB,OE1,8.174971
tcr_26_1,E,A,S,V,68,100,CB,CG2,8.811057
tcr_26_1,E,A,S,Q,68,96,OG,O,9.359385
tcr_26_1,E,A,S,Q,68,96,OG,CB,9.022197
tcr_26_1,E,A,S,Q,68,96,OG,CG,9.292744
tcr_26_1,E,A,S,Q,68,96,OG,NE2,9.091161
tcr_26_1,E,A,S,Q,68,96,OG,CD,8.680997
tcr_26_1,E,A,S,Q,68,96,OG,OE1,8.056468
tcr_26_1,E,A,S,Q,68,96,OG,C,9.728714
tcr_26_1,E,A,S,Q,68,96,OG,CA,9.979993
tcr_26_1,E,A,S,V,68,100,OG,CG2,7.655444
tcr_26_1,E,A,S,V,68,100,OG,CB,8.993731
tcr_26_1,E,A,S,V,68,100,OG,CG1,8.956826
tcr_26_1,E,A,S,R,68,103,OG,NH1,9.084229
tcr_26_1,E,A,S,R,68,103,OG,NH2,9.915586
tcr_26_1,E,A,S,R,68,103,OG,CZ,9.996585
tcr_26_1,E,A,V,R,69,93,N,CD,8.644885
tcr_26_1,E,A,V,R,69,93,N,CG,8.561397
tcr_26_1,E,A,V,R,69,93,N,CB,8.963967
tcr_26_1,E,A,V,R,69,93,N,CA,8.952767
tcr_26_1,E,A,V,K,69,92,N,O,9.9875
tcr_26_1,E,A,V,R,69,93,N,C,9.201962
tcr_26_1,E,A,V,Q,69,96,N,O,7.672581
tcr_26_1,E,A,V,Q,69,96,N,CB,7.10016
tcr_26_1,E,A,V,Q,69,96,N,CG,7.6824117
tcr_26_1,E,A,V,Q,69,96,N,NE2,7.7598896
tcr_26_1,E,A,V,Q,69,96,N,CD,7.0396395
tcr_26_1,E,A,V,Q,69,96,N,OE1,6.1098433
tcr_26_1,E,A,V,R,69,93,N,O,8.380122
tcr_26_1,E,A,V,Q,69,96,N,C,7.7536054
tcr_26_1,E,A,V,Q,69,96,N,N,9.343564
tcr_26_1,E,A,V,Q,69,96,N,CA,8.139044
tcr_26_1,E,A,V,A,69,97,N,N,7.8823166
tcr_26_1,E,A,V,A,69,97,N,CA,7.9993443
tcr_26_1,E,A,V,A,69,97,N,CB,8.427301
tcr_26_1,E,A,V,V,69,100,N,N,9.351662
tcr_26_1,E,A,V,A,69,97,N,C,9.197653
tcr_26_1,E,A,V,A,69,97,N,O,9.248105
tcr_26_1,E,A,V,V,69,100,N,CG2,6.663165
tcr_26_1,E,A,V,V,69,100,N,CB,7.8416333
tcr_26_1,E,A,V,V,69,100,N,CG1,8.025639
tcr_26_1,E,A,V,V,69,100,N,CA,9.16291
tcr_26_1,E,A,V,K,69,104,CA,NZ,8.7796955
tcr_26_1,E,A,V,R,69,93,CA,NE,9.925545
tcr_26_1,E,A,V,R,69,93,CA,CD,8.554861
tcr_26_1,E,A,V,R,69,93,CA,CG,8.510589
tcr_26_1,E,A,V,R,69,93,CA,CB,8.693722
tcr_26_1,E,A,V,R,69,93,CA,CA,8.716025
tcr_26_1,E,A,V,K,69,92,CA,O,9.910775
tcr_26_1,E,A,V,R,69,93,CA,C,8.752103
tcr_26_1,E,A,V,Q,69,94,CA,N,9.955692
tcr_26_1,E,A,V,Q,69,96,CA,O,7.1182895
tcr_26_1,E,A,V,Q,69,96,CA,CB,7.000971
tcr_26_1,E,A,V,Q,69,96,CA,CG,7.8520827
tcr_26_1,E,A,V,Q,69,96,CA,NE2,8.321135
tcr_26_1,E,A,V,Q,69,96,CA,CD,7.413387
tcr_26_1,E,A,V,Q,69,96,CA,OE1,6.4574895
tcr_26_1,E,A,V,R,69,93,CA,O,7.8407187
tcr_26_1,E,A,V,Q,69,96,CA,C,7.2252264
tcr_26_1,E,A,V,Q,69,96,CA,N,9.030347
tcr_26_1,E,A,V,Q,69,96,CA,CA,7.8600736
tcr_26_1,E,A,V,A,69,97,CA,N,7.1818175
tcr_26_1,E,A,V,A,69,97,CA,CA,7.067237
tcr_26_1,E,A,V,R,69,99,CA,CB,9.943628
tcr_26_1,E,A,V,A,69,97,CA,CB,7.3987584
tcr_26_1,E,A,V,V,69,100,CA,N,8.6207
tcr_26_1,E,A,V,A,69,97,CA,C,8.242349
tcr_26_1,E,A,V,D,69,98,CA,N,9.402823
tcr_26_1,E,A,V,N,69,101,CA,OD1,9.790341
tcr_26_1,E,A,V,N,69,101,CA,N,9.729049
tcr_26_1,E,A,V,A,69,97,CA,O,8.227667
tcr_26_1,E,A,V,V,69,100,CA,CG2,5.9334364
tcr_26_1,E,A,V,K,69,104,CA,CE,9.170289
tcr_26_1,E,A,V,V,69,100,CA,CB,6.9203873
tcr_26_1,E,A,V,V,69,100,CA,CG1,7.034214
tcr_26_1,E,A,V,V,69,100,CA,C,9.390921
tcr_26_1,E,A,V,V,69,100,CA,CA,8.335929
tcr_26_1,E,A,V,R,69,103,CA,NH1,9.959509
tcr_26_1,E,A,V,R,69,99,CA,C,9.802715
tcr_26_1,E,A,V,K,69,104,C,NZ,7.5687613
tcr_26_1,E,A,V,R,69,93,C,CD,9.864149
tcr_26_1,E,A,V,R,69,93,C,CG,9.716575
tcr_26_1,E,A,V,R,69,93,C,CB,9.74228
tcr_26_1,E,A,V,R,69,93,C,CA,9.614708
tcr_26_1,E,A,V,R,69,93,C,C,9.460672
tcr_26_1,E,A,V,Q,69,96,C,O,6.8264956
tcr_26_1,E,A,V,Q,69,96,C,CB,7.376824
tcr_26_1,E,A,V,Q,69,96,C,CG,8.324046
tcr_26_1,E,A,V,Q,69,96,C,NE2,9.07418
tcr_26_1,E,A,V,Q,69,96,C,CD,8.119732
tcr_26_1,E,A,V,Q,69,96,C,OE1,7.3091826
tcr_26_1,E,A,V,R,69,93,C,O,8.428188
tcr_26_1,E,A,V,Q,69,96,C,C,7.185924
tcr_26_1,E,A,V,Q,69,96,C,N,9.265659
tcr_26_1,E,A,V,Q,69,96,C,CA,8.000003
tcr_26_1,E,A,V,A,69,97,C,N,7.2426534
tcr_26_1,E,A,V,A,69,97,C,CA,6.954524
tcr_26_1,E,A,V,R,69,99,C,CB,9.398115
tcr_26_1,E,A,V,A,69,97,C,CB,7.473126
tcr_26_1,E,A,V,V,69,100,C,N,7.759237
tcr_26_1,E,A,V,R,69,99,C,CA,9.675536
tcr_26_1,E,A,V,A,69,97,C,C,7.90834
tcr_26_1,E,A,V,D,69,98,C,N,9.136273
tcr_26_1,E,A,V,N,69,101,C,ND2,9.997133
tcr_26_1,E,A,V,R,69,99,C,N,9.632412
tcr_26_1,E,A,V,N,69,101,C,CG,9.675211
tcr_26_1,E,A,V,N,69,101,C,CA,9.94202
tcr_26_1,E,A,V,N,69,101,C,OD1,9.043328
tcr_26_1,E,A,V,N,69,101,C,N,8.783964
tcr_26_1,E,A,V,A,69,97,C,O,7.6743317
tcr_26_1,E,A,V,V,69,100,C,CG2,4.889856
tcr_26_1,E,A,V,K,69,104,C,CD,8.939552
tcr_26_1,E,A,V,K,69,104,C,CE,7.833884
tcr_26_1,E,A,V,V,69,100,C,CB,5.837334
tcr_26_1,E,A,V,V,69,100,C,CG1,5.7502613
tcr_26_1,E,A,V,K,69,104,C,CG,9.574818
tcr_26_1,E,A,V,V,69,100,C,C,8.307488
tcr_26_1,E,A,V,V,69,100,C,O,8.912441
tcr_26_1,E,A,V,V,69,100,C,CA,7.2772574
tcr_26_1,E,A,V,R,69,99,C,O,9.647958
tcr_26_1,E,A,V,R,69,103,C,NH1,8.6868305
tcr_26_1,E,A,V,R,69,99,C,C,8.960371
tcr_26_1,E,A,V,R,69,103,C,NH2,9.551374
tcr_26_1,E,A,V,R,69,103,C,CZ,9.404066
tcr_26_1,E,A,V,R,69,99,C,CG,9.930556
tcr_26_1,E,A,V,R,69,99,C,CD,9.883531
tcr_26_1,E,A,V,K,69,170,O,NZ,9.967683
tcr_26_1,E,A,V,K,69,104,O,NZ,6.419807
tcr_26_1,E,A,V,R,69,93,O,CB,9.91875
tcr_26_1,E,A,V,R,69,93,O,CA,9.798497
tcr_26_1,E,A,V,R,69,93,O,C,9.46672
tcr_26_1,E,A,V,Q,69,96,O,O,6.673511
tcr_26_1,E,A,V,Q,69,96,O,CB,7.6666584
tcr_26_1,E,A,V,Q,69,96,O,CG,8.777375
tcr_26_1,E,A,V,Q,69,96,O,NE2,9.783277
tcr_26_1,E,A,V,Q,69,96,O,CD,8.7314625
tcr_26_1,E,A,V,Q,69,96,O,OE1,7.9392743
tcr_26_1,E,A,V,R,69,93,O,O,8.379695
tcr_26_1,E,A,V,Q,69,96,O,C,7.086701
tcr_26_1,E,A,V,Q,69,96,O,N,9.311074
tcr_26_1,E,A,V,Q,69,96,O,CA,8.098906
tcr_26_1,E,A,V,A,69,97,O,N,7.0127454
tcr_26_1,E,A,V,A,69,97,O,CA,6.487556
tcr_26_1,E,A,V,R,69,99,O,CB,9.27634
tcr_26_1,E,A,V,A,69,97,O,CB,6.940791
tcr_26_1,E,A,V,V,69,100,O,N,7.285917
tcr_26_1,E,A,V,R,69,99,O,CA,9.359123
tcr_26_1,E,A,V,A,69,97,O,C,7.332566
tcr_26_1,E,A,V,D,69,98,O,CA,9.654814
tcr_26_1,E,A,V,D,69,98,O,N,8.616069
tcr_26_1,E,A,V,N,69,101,O,ND2,9.0709095
tcr_26_1,E,A,V,D,69,98,O,C,9.650571
tcr_26_1,E,A,V,R,69,99,O,N,9.248674
tcr_26_1,E,A,V,N,69,101,O,CG,8.700411
tcr_26_1,E,A,V,N,69,101,O,CB,9.500764
tcr_26_1,E,A,V,N,69,101,O,CA,9.028838
tcr_26_1,E,A,V,N,69,101,O,OD1,7.9902515
tcr_26_1,E,A,V,N,69,101,O,N,7.960825
tcr_26_1,E,A,V,A,69,97,O,O,6.985479
tcr_26_1,E,A,V,V,69,100,O,CG2,4.4947586
tcr_26_1,E,A,V,K,69,104,O,CB,9.840729
tcr_26_1,E,A,V,K,69,104,O,CD,7.8559012
tcr_26_1,E,A,V,K,69,104,O,CE,6.7663226
tcr_26_1,E,A,V,V,69,100,O,CB,5.161907
tcr_26_1,E,A,V,V,69,100,O,CG1,4.928859
tcr_26_1,E,A,V,K,69,104,O,CG,8.591455
tcr_26_1,E,A,V,V,69,100,O,C,7.539672
tcr_26_1,E,A,V,V,69,100,O,O,8.117052
tcr_26_1,E,A,V,V,69,100,O,CA,6.6718974
tcr_26_1,E,A,V,R,69,99,O,O,9.218397
tcr_26_1,E,A,V,R,69,103,O,NE,9.974402
tcr_26_1,E,A,V,R,69,103,O,NH1,8.66091
tcr_26_1,E,A,V,R,69,99,O,C,8.550698
tcr_26_1,E,A,V,R,69,103,O,NH2,9.597867
tcr_26_1,E,A,V,R,69,103,O,CZ,9.33638
tcr_26_1,E,A,V,R,69,99,O,CG,9.888075
tcr_26_1,E,A,V,K,69,104,CB,NZ,8.98274
tcr_26_1,E,A,V,R,69,93,CB,NH1,9.847829
tcr_26_1,E,A,V,R,69,93,CB,CZ,9.746323
tcr_26_1,E,A,V,R,69,93,CB,NE,8.682928
tcr_26_1,E,A,V,R,69,93,CB,CD,7.324642
tcr_26_1,E,A,V,R,69,93,CB,CG,7.1965
tcr_26_1,E,A,V,R,69,93,CB,CB,7.247817
tcr_26_1,E,A,V,R,69,93,CB,N,8.58358
tcr_26_1,E,A,V,R,69,93,CB,CA,7.2552633
tcr_26_1,E,A,V,K,69,92,CB,C,9.090386
tcr_26_1,E,A,V,K,69,92,CB,O,8.561787
tcr_26_1,E,A,V,R,69,93,CB,C,7.23486
tcr_26_1,E,A,V,Q,69,94,CB,N,8.425411
tcr_26_1,E,A,V,A,69,95,CB,N,9.546996
tcr_26_1,E,A,V,Q,69,94,CB,CA,8.88684
tcr_26_1,E,A,V,Q,69,96,CB,O,6.1600704
tcr_26_1,E,A,V,Q,69,96,CB,CB,5.847098
tcr_26_1,E,A,V,Q,69,96,CB,CG,6.819813
tcr_26_1,E,A,V,Q,69,96,CB,NE2,7.48217
tcr_26_1,E,A,V,Q,69,96,CB,CD,6.4510374
tcr_26_1,E,A,V,Q,69,96,CB,OE1,5.452665
tcr_26_1,E,A,V,R,69,93,CB,O,6.3292947
tcr_26_1,E,A,V,Q,69,96,CB,C,6.0713415
tcr_26_1,E,A,V,Q,69,96,CB,N,7.7596283
tcr_26_1,E,A,V,Q,69,96,CB,CA,6.7040157
tcr_26_1,E,A,V,A,69,97,CB,N,5.8804135
tcr_26_1,E,A,V,A,69,95,CB,C,8.843478
tcr_26_1,E,A,V,A,69,97,CB,CA,5.8300047
tcr_26_1,E,A,V,R,69,99,CB,CB,9.235167
tcr_26_1,E,A,V,A,69,95,CB,CA,9.934853
tcr_26_1,E,A,V,A,69,97,CB,CB,6.0493236
tcr_26_1,E,A,V,A,69,95,CB,O,9.106681
tcr_26_1,E,A,V,V,69,100,CB,N,8.062581
tcr_26_1,E,A,V,Q,69,94,CB,C,9.004059
tcr_26_1,E,A,V,Q,69,94,CB,O,8.7850895
tcr_26_1,E,A,V,R,69,99,CB,CA,9.590536
tcr_26_1,E,A,V,A,69,97,CB,C,7.1329913
tcr_26_1,E,A,V,D,69,98,CB,CA,9.539635
tcr_26_1,E,A,V,D,69,98,CB,N,8.230102
tcr_26_1,E,A,V,N,69,101,CB,ND2,9.503917
tcr_26_1,E,A,V,D,69,98,CB,C,9.777376
tcr_26_1,E,A,V,R,69,99,CB,N,9.232644
tcr_26_1,E,A,V,N,69,101,CB,CG,9.52059
tcr_26_1,E,A,V,N,69,101,CB,OD1,9.088004
tcr_26_1,E,A,V,N,69,101,CB,N,9.1535
tcr_26_1,E,A,V,A,69,97,CB,O,7.294837
tcr_26_1,E,A,V,V,69,100,CB,CG2,5.718792
tcr_26_1,E,A,V,K,69,104,CB,CE,9.400394
tcr_26_1,E,A,V,V,69,100,CB,CB,6.6176353
tcr_26_1,E,A,V,V,69,100,CB,CG1,7.002966
tcr_26_1,E,A,V,V,69,100,CB,C,8.999146
tcr_26_1,E,A,V,V,69,100,CB,O,9.863167
tcr_26_1,E,A,V,V,69,100,CB,CA,7.9767046
tcr_26_1,E,A,V,R,69,99,CB,C,9.235273
tcr_26_1,E,A,V,R,69,99,CB,CD,9.938587
tcr_26_1,E,A,V,R,69,93,CG1,NH2,9.521446
tcr_26_1,E,A,V,R,69,93,CG1,NH1,8.43331
tcr_26_1,E,A,V,R,69,93,CG1,CZ,8.385265
tcr_26_1,E,A,V,R,69,93,CG1,NE,7.3903236
tcr_26_1,E,A,V,R,69,93,CG1,CD,6.0354185
tcr_26_1,E,A,V,Q,69,89,CG1,O,9.512011
tcr_26_1,E,A,V,R,69,93,CG1,CG,6.101362
tcr_26_1,E,A,V,R,69,93,CG1,CB,6.3599424
tcr_26_1,E,A,V,R,69,93,CG1,N,7.945075
tcr_26_1,E,A,V,R,69,93,CG1,CA,6.6256323
tcr_26_1,E,A,V,K,69,92,CG1,C,8.616297
tcr_26_1,E,A,V,K,69,92,CG1,O,8.280967
tcr_26_1,E,A,V,K,69,90,CG1,O,9.846717
tcr_26_1,E,A,V,R,69,93,CG1,C,6.849607
tcr_26_1,E,A,V,Q,69,94,CG1,N,8.054605
tcr_26_1,E,A,V,A,69,95,CG1,N,9.564267
tcr_26_1,E,A,V,Q,69,94,CG1,CA,8.713627
tcr_26_1,E,A,V,Q,69,96,CG1,O,7.065644
tcr_26_1,E,A,V,Q,69,96,CG1,CB,6.1031103
tcr_26_1,E,A,V,Q,69,96,CG1,CG,6.923724
tcr_26_1,E,A,V,Q,69,96,CG1,NE2,7.2361026
tcr_26_1,E,A,V,Q,69,96,CG1,CD,6.2965307
tcr_26_1,E,A,V,Q,69,96,CG1,OE1,5.1511726
tcr_26_1,E,A,V,R,69,93,CG1,O,6.1531725
tcr_26_1,E,A,V,Q,69,96,CG1,C,6.732781
tcr_26_1,E,A,V,Q,69,96,CG1,N,8.028963
tcr_26_1,E,A,V,Q,69,96,CG1,CA,7.1552587
tcr_26_1,E,A,V,A,69,97,CG1,N,6.4125905
tcr_26_1,E,A,V,A,69,95,CG1,C,9.192756
tcr_26_1,E,A,V,A,69,97,CG1,CA,6.513947
tcr_26_1,E,A,V,A,69,97,CG1,CB,6.4711056
tcr_26_1,E,A,V,A,69,95,CG1,O,9.644798
tcr_26_1,E,A,V,V,69,100,CG1,N,9.31337
tcr_26_1,E,A,V,Q,69,94,CG1,C,9.048866
tcr_26_1,E,A,V,Q,69,94,CG1,O,9.021418
tcr_26_1,E,A,V,A,69,97,CG1,C,7.949225
tcr_26_1,E,A,V,D,69,98,CG1,N,8.9375
tcr_26_1,E,A,V,A,69,97,CG1,O,8.291555
tcr_26_1,E,A,V,V,69,100,CG1,CG2,7.156003
tcr_26_1,E,A,V,V,69,100,CG1,CB,8.026694
tcr_26_1,E,A,V,V,69,100,CG1,CG1,8.475116
tcr_26_1,E,A,V,V,69,100,CG1,CA,9.345585
tcr_26_1,E,A,V,K,69,104,CG2,NZ,9.363705
tcr_26_1,E,A,V,R,69,93,CG2,NH1,9.970527
tcr_26_1,E,A,V,R,69,93,CG2,CZ,9.86988
tcr_26_1,E,A,V,R,69,93,CG2,NE,8.77638
tcr_26_1,E,A,V,R,69,93,CG2,CD,7.378049
tcr_26_1,E,A,V,K,69,92,CG2,CB,9.986017
tcr_26_1,E,A,V,R,69,93,CG2,CG,6.9336333
tcr_26_1,E,A,V,R,69,93,CG2,CB,6.8994217
tcr_26_1,E,A,V,R,69,93,CG2,N,7.826632
tcr_26_1,E,A,V,K,69,92,CG2,CA,9.614721
tcr_26_1,E,A,V,R,69,93,CG2,CA,6.5973263
tcr_26_1,E,A,V,K,69,92,CG2,C,8.14351
tcr_26_1,E,A,V,K,69,92,CG2,O,7.4756093
tcr_26_1,E,A,V,R,69,93,CG2,C,6.5416384
tcr_26_1,E,A,V,Q,69,94,CG2,N,7.7651687
tcr_26_1,E,A,V,A,69,95,CG2,N,8.530692
tcr_26_1,E,A,V,Q,69,94,CG2,CA,8.219284
tcr_26_1,E,A,V,Q,69,94,CG2,CB,9.721099
tcr_26_1,E,A,V,Q,69,96,CG2,O,4.884466
tcr_26_1,E,A,V,Q,69,96,CG2,CB,4.462577
tcr_26_1,E,A,V,Q,69,96,CG2,CG,5.4331145
tcr_26_1,E,A,V,Q,69,96,CG2,NE2,6.302662
tcr_26_1,E,A,V,Q,69,96,CG2,CD,5.216207
tcr_26_1,E,A,V,Q,69,96,CG2,OE1,4.3644276
tcr_26_1,E,A,V,R,69,93,CG2,O,5.5740547
tcr_26_1,E,A,V,Q,69,96,CG2,C,4.807443
tcr_26_1,E,A,V,Q,69,96,CG2,N,6.4797544
tcr_26_1,E,A,V,Q,69,96,CG2,CA,5.3248534
tcr_26_1,E,A,V,A,69,97,CG2,N,4.851349
tcr_26_1,E,A,V,A,69,95,CG2,C,7.5835733
tcr_26_1,E,A,V,A,69,97,CG2,CA,5.064083
tcr_26_1,E,A,V,R,69,99,CG2,CB,7.8798323
tcr_26_1,E,A,V,A,69,95,CG2,CA,8.764994
tcr_26_1,E,A,V,A,69,97,CG2,CB,5.585434
tcr_26_1,E,A,V,A,69,95,CG2,O,7.8150163
tcr_26_1,E,A,V,V,69,100,CG2,N,7.061246
tcr_26_1,E,A,V,Q,69,94,CG2,C,8.127053
tcr_26_1,E,A,V,Q,69,94,CG2,O,7.9076443
tcr_26_1,E,A,V,R,69,99,CG2,CA,8.368635
tcr_26_1,E,A,V,A,69,97,CG2,C,6.3327284
tcr_26_1,E,A,V,D,69,98,CG2,CB,9.706843
tcr_26_1,E,A,V,Q,69,94,CG2,NE2,9.993833
tcr_26_1,E,A,V,D,69,98,CG2,CA,8.6310005
tcr_26_1,E,A,V,D,69,98,CG2,N,7.3373923
tcr_26_1,E,A,V,N,69,101,CG2,ND2,9.166076
tcr_26_1,E,A,V,D,69,98,CG2,C,8.752346
tcr_26_1,E,A,V,R,69,99,CG2,N,8.070744
tcr_26_1,E,A,V,N,69,101,CG2,CG,9.179862
tcr_26_1,E,A,V,N,69,101,CG2,CB,9.902331
tcr_26_1,E,A,V,N,69,101,CG2,CA,9.760997
tcr_26_1,E,A,V,D,69,98,CG2,O,9.617703
tcr_26_1,E,A,V,N,69,101,CG2,OD1,8.905177
tcr_26_1,E,A,V,N,69,101,CG2,N,8.520649
tcr_26_1,E,A,V,A,69,97,CG2,O,6.573417
tcr_26_1,E,A,V,V,69,100,CG2,CG2,4.924801
tcr_26_1,E,A,V,K,69,104,CG2,CE,9.5728855
tcr_26_1,E,A,V,V,69,100,CG2,CB,5.987576
tcr_26_1,E,A,V,V,69,100,CG2,CG1,6.653079
tcr_26_1,E,A,V,V,69,100,CG2,C,8.343367
tcr_26_1,E,A,V,V,69,100,CG2,O,9.278299
tcr_26_1,E,A,V,V,69,100,CG2,CA,7.1829367
tcr_26_1,E,A,V,R,69,99,CG2,O,9.109397
tcr_26_1,E,A,V,R,69,103,CG2,NH1,9.588855
tcr_26_1,E,A,V,R,69,99,CG2,C,8.137602
tcr_26_1,E,A,V,R,69,103,CG2,NH2,9.745656
tcr_26_1,E,A,V,R,69,103,CG2,CZ,9.956796
tcr_26_1,E,A,V,A,69,95,CG2,CB,9.608643
tcr_26_1,E,A,V,R,69,99,CG2,NH1,9.253005
tcr_26_1,E,A,V,R,69,99,CG2,CZ,9.86679
tcr_26_1,E,A,V,R,69,99,CG2,CG,8.681621
tcr_26_1,E,A,V,R,69,99,CG2,CD,8.49544
tcr_26_1,E,A,V,R,69,99,CG2,NE,9.547213
tcr_26_1,E,A,G,K,70,104,N,NZ,7.9780793
tcr_26_1,E,A,G,Q,70,96,N,O,7.1417384
tcr_26_1,E,A,G,Q,70,96,N,CB,7.7329493
tcr_26_1,E,A,G,Q,70,96,N,CG,8.533102
tcr_26_1,E,A,G,Q,70,96,N,NE2,9.180278
tcr_26_1,E,A,G,Q,70,96,N,CD,8.333679
tcr_26_1,E,A,G,Q,70,96,N,OE1,7.638823
tcr_26_1,E,A,G,R,70,93,N,O,9.260989
tcr_26_1,E,A,G,Q,70,96,N,C,7.6377773
tcr_26_1,E,A,G,Q,70,96,N,N,9.708698
tcr_26_1,E,A,G,Q,70,96,N,CA,8.351793
tcr_26_1,E,A,G,A,70,97,N,N,7.903653
tcr_26_1,E,A,G,A,70,97,N,CA,7.7199197
tcr_26_1,E,A,G,R,70,99,N,CB,9.350608
tcr_26_1,E,A,G,A,70,97,N,CB,8.422737
tcr_26_1,E,A,G,V,70,100,N,N,7.8494587
tcr_26_1,E,A,G,R,70,99,N,CA,9.735697
tcr_26_1,E,A,G,A,70,97,N,C,8.561538
tcr_26_1,E,A,G,D,70,98,N,N,9.755017
tcr_26_1,E,A,G,R,70,99,N,N,9.88785
tcr_26_1,E,A,G,N,70,101,N,OD1,9.760365
tcr_26_1,E,A,G,N,70,101,N,N,9.114975
tcr_26_1,E,A,G,A,70,97,N,O,8.257759
tcr_26_1,E,A,G,V,70,100,N,CG2,4.8857965
tcr_26_1,E,A,G,K,70,104,N,CD,9.189291
tcr_26_1,E,A,G,K,70,104,N,CE,8.042941
tcr_26_1,E,A,G,V,70,100,N,CB,6.0021405
tcr_26_1,E,A,G,V,70,100,N,CG1,5.8527336
tcr_26_1,E,A,G,K,70,104,N,CG,9.648107
tcr_26_1,E,A,G,V,70,100,N,C,8.46633
tcr_26_1,E,A,G,V,70,100,N,O,8.9726305
tcr_26_1,E,A,G,V,70,100,N,CA,7.3305817
tcr_26_1,E,A,G,R,70,99,N,O,9.539327
tcr_26_1,E,A,G,R,70,103,N,NE,9.50653
tcr_26_1,E,A,G,R,70,103,N,NH1,7.815617
tcr_26_1,E,A,G,R,70,99,N,C,8.962288
tcr_26_1,E,A,G,R,70,103,N,NH2,8.773028
tcr_26_1,E,A,G,R,70,103,N,CZ,8.629149
tcr_26_1,E,A,G,R,70,103,N,CD,9.774216
tcr_26_1,E,A,G,R,70,99,N,NH1,9.974925
tcr_26_1,E,A,G,R,70,99,N,CG,9.682523
tcr_26_1,E,A,G,R,70,99,N,CD,9.53178
tcr_26_1,E,A,G,K,70,104,CA,NZ,7.2866497
tcr_26_1,E,A,G,Q,70,96,CA,O,7.376967
tcr_26_1,E,A,G,Q,70,96,CA,CB,8.470359
tcr_26_1,E,A,G,Q,70,96,CA,CG,9.300985
tcr_26_1,E,A,G,Q,70,96,CA,CD,9.276761
tcr_26_1,E,A,G,Q,70,96,CA,OE1,8.704827
tcr_26_1,E,A,G,Q,70,96,CA,C,8.073564
tcr_26_1,E,A,G,Q,70,96,CA,CA,8.886616
tcr_26_1,E,A,G,A,70,97,CA,N,8.428237
tcr_26_1,E,A,G,A,70,97,CA,CA,8.131691
tcr_26_1,E,A,G,R,70,99,CA,CB,9.191212
tcr_26_1,E,A,G,A,70,97,CA,CB,8.964771
tcr_26_1,E,A,G,V,70,100,CA,N,7.464366
tcr_26_1,E,A,G,R,70,99,CA,CA,9.482628
tcr_26_1,E,A,G,A,70,97,CA,C,8.741804
tcr_26_1,E,A,G,D,70,98,CA,N,9.943123
tcr_26_1,E,A,G,R,70,99,CA,N,9.795864
tcr_26_1,E,A,G,N,70,101,CA,CA,9.849485
tcr_26_1,E,A,G,N,70,101,CA,OD1,9.538583
tcr_26_1,E,A,G,N,70,101,CA,N,8.647909
tcr_26_1,E,A,G,A,70,97,CA,O,8.250405
tcr_26_1,E,A,G,V,70,100,CA,CG2,4.4888644
tcr_26_1,E,A,G,K,70,104,CA,CD,8.32701
tcr_26_1,E,A,G,K,70,104,CA,CE,7.1522985
tcr_26_1,E,A,G,V,70,100,CA,CB,5.509498
tcr_26_1,E,A,G,V,70,100,CA,CG1,5.111015
tcr_26_1,E,A,G,K,70,104,CA,CG,8.645501
tcr_26_1,E,A,G,V,70,100,CA,C,7.8372216
tcr_26_1,E,A,G,V,70,100,CA,O,8.173535
tcr_26_1,E,A,G,V,70,100,CA,CA,6.7496605
tcr_26_1,E,A,G,R,70,103,CA,CB,9.37801
tcr_26_1,E,A,G,R,70,99,CA,O,8.9398575
tcr_26_1,E,A,G,R,70,103,CA,NE,8.405942
tcr_26_1,E,A,G,R,70,103,CA,NH1,6.661235
tcr_26_1,E,A,G,R,70,99,CA,C,8.531466
tcr_26_1,E,A,G,R,70,103,CA,NH2,7.87236
tcr_26_1,E,A,G,R,70,103,CA,CZ,7.5701227
tcr_26_1,E,A,G,R,70,103,CA,CD,8.558814
tcr_26_1,E,A,G,R,70,103,CA,CG,9.630612
tcr_26_1,E,A,G,R,70,99,CA,NH1,9.849579
tcr_26_1,E,A,G,R,70,99,CA,CG,9.370512
tcr_26_1,E,A,G,R,70,99,CA,CD,9.322337
tcr_26_1,E,A,G,R,70,99,CA,NE,9.83027
tcr_26_1,E,A,G,K,70,104,C,NZ,8.416167
tcr_26_1,E,A,G,Q,70,96,C,O,7.869671
tcr_26_1,E,A,G,Q,70,96,C,CB,8.844026
tcr_26_1,E,A,G,Q,70,96,C,CG,9.476861
tcr_26_1,E,A,G,Q,70,96,C,CD,9.443063
tcr_26_1,E,A,G,Q,70,96,C,OE1,9.005725
tcr_26_1,E,A,G,Q,70,96,C,C,8.6354475
tcr_26_1,E,A,G,Q,70,96,C,CA,9.277303
tcr_26_1,E,A,G,A,70,97,C,N,9.187575
tcr_26_1,E,A,G,A,70,97,C,CA,9.055302
tcr_26_1,E,A,G,R,70,99,C,CB,9.247544
tcr_26_1,E,A,G,V,70,100,C,N,7.8652086
tcr_26_1,E,A,G,R,70,99,C,CA,9.700094
tcr_26_1,E,A,G,A,70,97,C,C,9.596042
tcr_26_1,E,A,G,N,70,101,C,N,9.360161
tcr_26_1,E,A,G,A,70,97,C,O,9.110986
tcr_26_1,E,A,G,V,70,100,C,CG2,5.047781
tcr_26_1,E,A,G,K,70,104,C,CD,9.207619
tcr_26_1,E,A,G,K,70,104,C,CE,8.0820055
tcr_26_1,E,A,G,V,70,100,C,CB,6.212312
tcr_26_1,E,A,G,V,70,100,C,CG1,5.8957467
tcr_26_1,E,A,G,K,70,104,C,CG,9.305054
tcr_26_1,E,A,G,V,70,100,C,C,8.421025
tcr_26_1,E,A,G,V,70,100,C,O,8.680729
tcr_26_1,E,A,G,V,70,100,C,CA,7.224968
tcr_26_1,E,A,G,R,70,103,C,CB,9.323858
tcr_26_1,E,A,G,R,70,99,C,O,9.066314
tcr_26_1,E,A,G,R,70,103,C,NE,7.883788
tcr_26_1,E,A,G,R,70,103,C,NH1,5.8934264
tcr_26_1,E,A,G,R,70,99,C,C,8.770271
tcr_26_1,E,A,G,R,70,103,C,NH2,7.1273646
tcr_26_1,E,A,G,R,70,103,C,CZ,6.895365
tcr_26_1,E,A,G,R,70,103,C,CD,8.154388
tcr_26_1,E,A,G,R,70,103,C,CG,9.393111
tcr_26_1,E,A,G,R,70,99,C,NH1,9.139497
tcr_26_1,E,A,G,R,70,99,C,CZ,9.386233
tcr_26_1,E,A,G,R,70,99,C,CG,9.190013
tcr_26_1,E,A,G,R,70,99,C,CD,8.976541
tcr_26_1,E,A,G,R,70,99,C,NE,9.275548
tcr_26_1,E,A,G,K,70,104,O,NZ,9.531572
tcr_26_1,E,A,G,Q,70,96,O,O,7.8240957
tcr_26_1,E,A,G,Q,70,96,O,CB,8.389491
tcr_26_1,E,A,G,Q,70,96,O,CG,8.847817
tcr_26_1,E,A,G,Q,70,96,O,NE2,9.301998
tcr_26_1,E,A,G,Q,70,96,O,CD,8.7088
tcr_26_1,E,A,G,Q,70,96,O,OE1,8.317456
tcr_26_1,E,A,G,Q,70,96,O,C,8.508564
tcr_26_1,E,A,G,Q,70,96,O,CA,8.95552
tcr_26_1,E,A,G,A,70,97,O,N,9.15238
tcr_26_1,E,A,G,A,70,97,O,CA,9.213142
tcr_26_1,E,A,G,R,70,99,O,CB,9.169822
tcr_26_1,E,A,G,V,70,100,O,N,8.198869
tcr_26_1,E,A,G,R,70,99,O,CA,9.806237
tcr_26_1,E,A,G,A,70,97,O,C,9.846109
tcr_26_1,E,A,G,N,70,101,O,N,9.971563
tcr_26_1,E,A,G,A,70,97,O,O,9.49067
tcr_26_1,E,A,G,V,70,100,O,CG2,5.483422
tcr_26_1,E,A,G,K,70,104,O,CE,9.208605
tcr_26_1,E,A,G,V,70,100,O,CB,6.814354
tcr_26_1,E,A,G,V,70,100,O,CG1,6.7333984
tcr_26_1,E,A,G,V,70,100,O,C,9.070179
tcr_26_1,E,A,G,V,70,100,O,O,9.42443
tcr_26_1,E,A,G,V,70,100,O,CA,7.7592835
tcr_26_1,E,A,G,R,70,103,O,CB,9.94074
tcr_26_1,E,A,G,R,70,99,O,O,9.3920355
tcr_26_1,E,A,G,R,70,103,O,NE,8.28285
tcr_26_1,E,A,G,R,70,103,O,NH1,6.2515326
tcr_26_1,E,A,G,R,70,99,O,C,9.031889
tcr_26_1,E,A,G,R,70,103,O,NH2,7.1957254
tcr_26_1,E,A,G,R,70,103,O,CZ,7.1759195
tcr_26_1,E,A,G,R,70,103,O,CD,8.742459
tcr_26_1,E,A,G,R,70,99,O,NH1,8.50077
tcr_26_1,E,A,G,R,70,99,O,CZ,8.88718
tcr_26_1,E,A,G,R,70,99,O,CG,9.070509
tcr_26_1,E,A,G,R,70,99,O,CD,8.659219
tcr_26_1,E,A,G,R,70,99,O,NE,8.922308
tcr_26_1,E,A,G,R,70,99,O,NH2,9.525372
tcr_26_1,E,A,A,K,71,104,N,NZ,8.305425
tcr_26_1,E,A,A,Q,71,96,N,O,8.6316805
tcr_26_1,E,A,A,Q,71,96,N,CB,9.898164
tcr_26_1,E,A,A,Q,71,96,N,C,9.509023
tcr_26_1,E,A,A,A,71,97,N,CA,9.887616
tcr_26_1,E,A,A,R,71,99,N,CB,9.653931
tcr_26_1,E,A,A,V,71,100,N,N,8.145311
tcr_26_1,E,A,A,N,71,101,N,N,9.516777
tcr_26_1,E,A,A,A,71,97,N,O,9.654197
tcr_26_1,E,A,A,V,71,100,N,CG2,5.4994373
tcr_26_1,E,A,A,K,71,104,N,CD,8.93572
tcr_26_1,E,A,A,K,71,104,N,CE,7.807044
tcr_26_1,E,A,A,V,71,100,N,CB,6.4937983
tcr_26_1,E,A,A,V,71,100,N,CG1,5.9683766
tcr_26_1,E,A,A,K,71,104,N,CG,8.883265
tcr_26_1,E,A,A,V,71,100,N,C,8.457417
tcr_26_1,E,A,A,V,71,100,N,O,8.530231
tcr_26_1,E,A,A,V,71,100,N,CA,7.3590536
tcr_26_1,E,A,A,R,71,103,N,CB,8.820864
tcr_26_1,E,A,A,R,71,99,N,O,9.084905
tcr_26_1,E,A,A,R,71,103,N,NE,7.261348
tcr_26_1,E,A,A,R,71,103,N,NH1,5.1750207
tcr_26_1,E,A,A,R,71,99,N,C,8.9670925
tcr_26_1,E,A,A,R,71,103,N,NH2,6.7278457
tcr_26_1,E,A,A,R,71,103,N,CZ,6.3162518
tcr_26_1,E,A,A,R,71,103,N,CD,7.3927283
tcr_26_1,E,A,A,R,71,103,N,CG,8.69795
tcr_26_1,E,A,A,R,71,99,N,NH1,9.47659
tcr_26_1,E,A,A,R,71,99,N,CZ,9.572607
tcr_26_1,E,A,A,R,71,99,N,CG,9.443425
tcr_26_1,E,A,A,R,71,99,N,CD,9.306019
tcr_26_1,E,A,A,R,71,99,N,NE,9.449554
tcr_26_1,E,A,A,K,71,104,CA,NZ,9.528407
tcr_26_1,E,A,A,Q,71,96,CA,O,9.377845
tcr_26_1,E,A,A,R,71,99,CA,CB,9.997961
tcr_26_1,E,A,A,V,71,100,CA,N,8.810259
tcr_26_1,E,A,A,V,71,100,CA,CG2,6.4152517
tcr_26_1,E,A,A,K,71,104,CA,CD,9.949704
tcr_26_1,E,A,A,K,71,104,CA,CE,8.897098
tcr_26_1,E,A,A,V,71,100,CA,CB,7.451665
tcr_26_1,E,A,A,V,71,100,CA,CG1,7.01258
tcr_26_1,E,A,A,K,71,104,CA,CG,9.716386
tcr_26_1,E,A,A,V,71,100,CA,C,9.246013
tcr_26_1,E,A,A,V,71,100,CA,O,9.249021
tcr_26_1,E,A,A,V,71,100,CA,CA,8.107524
tcr_26_1,E,A,A,R,71,103,CA,CB,9.00577
tcr_26_1,E,A,A,R,71,99,CA,O,9.470554
tcr_26_1,E,A,A,R,71,103,CA,NE,7.023206
tcr_26_1,E,A,A,R,71,103,CA,NH1,4.7693443
tcr_26_1,E,A,A,R,71,99,CA,C,9.466461
tcr_26_1,E,A,A,R,71,103,CA,NH2,6.314369
tcr_26_1,E,A,A,R,71,103,CA,CZ,5.968993
tcr_26_1,E,A,A,R,71,103,CA,CD,7.2553444
tcr_26_1,E,A,A,R,71,103,CA,CG,8.687323
tcr_26_1,E,A,A,R,71,99,CA,NH1,9.13105
tcr_26_1,E,A,A,R,71,99,CA,CZ,9.194805
tcr_26_1,E,A,A,R,71,99,CA,CG,9.572352
tcr_26_1,E,A,A,R,71,99,CA,CD,9.30264
tcr_26_1,E,A,A,R,71,99,CA,NE,9.222159
tcr_26_1,E,A,A,R,71,99,CA,NH2,9.53074
tcr_26_1,E,A,A,Q,71,96,C,O,8.613725
tcr_26_1,E,A,A,Q,71,96,C,CB,9.739092
tcr_26_1,E,A,A,Q,71,96,C,C,9.549204
tcr_26_1,E,A,A,Q,71,96,C,CA,9.971491
tcr_26_1,E,A,A,R,71,99,C,CB,8.894397
tcr_26_1,E,A,A,V,71,100,C,N,8.111359
tcr_26_1,E,A,A,R,71,99,C,CA,9.519017
tcr_26_1,E,A,A,V,71,100,C,CG2,6.009863
tcr_26_1,E,A,A,K,71,104,C,CE,9.421799
tcr_26_1,E,A,A,V,71,100,C,CB,7.1580753
tcr_26_1,E,A,A,V,71,100,C,CG1,7.0046887
tcr_26_1,E,A,A,K,71,104,C,CG,9.95106
tcr_26_1,E,A,A,V,71,100,C,C,8.869889
tcr_26_1,E,A,A,V,71,100,C,O,8.9513855
tcr_26_1,E,A,A,V,71,100,C,CA,7.6129055
tcr_26_1,E,A,A,R,71,103,C,CA,9.952405
tcr_26_1,E,A,A,R,71,103,C,CB,8.44708
tcr_26_1,E,A,A,R,71,99,C,O,8.616658
tcr_26_1,E,A,A,R,71,103,C,NE,6.2050743
tcr_26_1,E,A,A,R,71,103,C,NH1,3.9592564
tcr_26_1,E,A,A,R,71,99,C,C,8.618181
tcr_26_1,E,A,A,R,71,103,C,NH2,5.1039977
tcr_26_1,E,A,A,R,71,103,C,CZ,5.0069695
tcr_26_1,E,A,A,R,71,103,C,CD,6.7272925
tcr_26_1,E,A,A,R,71,103,C,CG,8.181817
tcr_26_1,E,A,A,R,71,99,C,NH1,7.6340523
tcr_26_1,E,A,A,R,71,99,C,CZ,7.68958
tcr_26_1,E,A,A,R,71,99,C,CG,8.343413
tcr_26_1,E,A,A,R,71,99,C,CD,7.9567327
tcr_26_1,E,A,A,R,71,99,C,NE,7.783558
tcr_26_1,E,A,A,R,71,99,C,NH2,8.003101
tcr_26_1,E,A,A,K,71,104,O,NZ,9.613543
tcr_26_1,E,A,A,Q,71,96,O,O,7.736983
tcr_26_1,E,A,A,Q,71,96,O,CB,9.168677
tcr_26_1,E,A,A,Q,71,96,O,CG,9.614554
tcr_26_1,E,A,A,Q,71,96,O,CD,9.955575
tcr_26_1,E,A,A,Q,71,96,O,OE1,9.921968
tcr_26_1,E,A,A,Q,71,96,O,C,8.749083
tcr_26_1,E,A,A,Q,71,96,O,CA,9.234501
tcr_26_1,E,A,A,A,71,97,O,N,9.6442995
tcr_26_1,E,A,A,A,71,97,O,CA,9.667465
tcr_26_1,E,A,A,R,71,99,O,CB,7.8113346
tcr_26_1,E,A,A,V,71,100,O,N,6.986177
tcr_26_1,E,A,A,R,71,99,O,CA,8.37293
tcr_26_1,E,A,A,A,71,97,O,C,9.7974415
tcr_26_1,E,A,A,R,71,99,O,N,9.307177
tcr_26_1,E,A,A,N,71,101,O,N,8.917307
tcr_26_1,E,A,A,A,71,97,O,O,9.222587
tcr_26_1,E,A,A,V,71,100,O,CG2,5.110764
tcr_26_1,E,A,A,K,71,104,O,CD,9.542863
tcr_26_1,E,A,A,K,71,104,O,CE,8.793578
tcr_26_1,E,A,A,V,71,100,O,CB,6.1968265
tcr_26_1,E,A,A,V,71,100,O,CG1,6.139524
tcr_26_1,E,A,A,K,71,104,O,CG,9.109232
tcr_26_1,E,A,A,V,71,100,O,C,7.7702208
tcr_26_1,E,A,A,K,71,104,O,N,9.416727
tcr_26_1,E,A,A,V,71,100,O,O,7.855837
tcr_26_1,E,A,A,V,71,100,O,CA,6.508386
tcr_26_1,E,A,A,R,71,103,O,C,9.398473
tcr_26_1,E,A,A,R,71,103,O,CA,8.80825
tcr_26_1,E,A,A,R,71,103,O,CB,7.3040075
tcr_26_1,E,A,A,R,71,99,O,O,7.397277
tcr_26_1,E,A,A,R,71,103,O,NE,5.122448
tcr_26_1,E,A,A,R,71,103,O,N,9.25107
tcr_26_1,E,A,A,R,71,103,O,NH1,2.9702063
tcr_26_1,E,A,A,R,71,99,O,C,7.43782
tcr_26_1,E,A,A,R,71,103,O,NH2,4.035115
tcr_26_1,E,A,A,R,71,103,O,CZ,3.928269
tcr_26_1,E,A,A,R,71,103,O,CD,5.724256
tcr_26_1,E,A,A,R,71,103,O,CG,7.1315455
tcr_26_1,E,A,A,R,71,99,O,NH1,6.9861975
tcr_26_1,E,A,A,R,71,99,O,CZ,6.91181
tcr_26_1,E,A,A,R,71,99,O,CG,7.243342
tcr_26_1,E,A,A,R,71,99,O,CD,6.9808416
tcr_26_1,E,A,A,R,71,99,O,NE,6.849811
tcr_26_1,E,A,A,E,71,43,O,OE1,9.446939
tcr_26_1,E,A,A,R,71,99,O,NH2,7.2885365
tcr_26_1,E,A,A,G,71,42,O,O,9.926026
tcr_26_1,E,A,A,K,71,104,CB,NZ,9.454548
tcr_26_1,E,A,A,V,71,100,CB,N,9.352573
tcr_26_1,E,A,A,V,71,100,CB,CG2,7.158522
tcr_26_1,E,A,A,K,71,104,CB,CD,9.722896
tcr_26_1,E,A,A,K,71,104,CB,CE,8.69282
tcr_26_1,E,A,A,V,71,100,CB,CB,7.968877
tcr_26_1,E,A,A,V,71,100,CB,CG1,7.319532
tcr_26_1,E,A,A,K,71,104,CB,CG,9.35354
tcr_26_1,E,A,A,V,71,100,CB,C,9.469716
tcr_26_1,E,A,A,V,71,100,CB,O,9.271591
tcr_26_1,E,A,A,V,71,100,CB,CA,8.498026
tcr_26_1,E,A,A,R,71,103,CB,CB,8.70566
tcr_26_1,E,A,A,R,71,99,CB,O,9.770459
tcr_26_1,E,A,A,R,71,103,CB,NE,6.7316318
tcr_26_1,E,A,A,R,71,103,CB,NH1,4.542162
tcr_26_1,E,A,A,R,71,99,CB,C,9.941398
tcr_26_1,E,A,A,R,71,103,CB,NH2,6.4280396
tcr_26_1,E,A,A,R,71,103,CB,CZ,5.8352847
tcr_26_1,E,A,A,R,71,103,CB,CD,6.7199454
tcr_26_1,E,A,A,R,71,103,CB,CG,8.163923
tcr_26_1,E,A,A,R,71,99,CB,CZ,9.905854
tcr_26_1,E,A,A,R,71,99,CB,NE,9.877046
tcr_26_1,E,A,G,Q,72,96,N,O,9.184937
tcr_26_1,E,A,G,Q,72,96,N,CB,9.934133
tcr_26_1,E,A,G,R,72,99,N,CB,9.35513
tcr_26_1,E,A,G,V,72,100,N,N,8.978211
tcr_26_1,E,A,G,V,72,100,N,CG2,6.981994
tcr_26_1,E,A,G,V,72,100,N,CB,8.230012
tcr_26_1,E,A,G,V,72,100,N,CG1,8.21233
tcr_26_1,E,A,G,V,72,100,N,C,9.961852
tcr_26_1,E,A,G,V,72,100,N,CA,8.638824
tcr_26_1,E,A,G,R,72,103,N,CB,9.438408
tcr_26_1,E,A,G,R,72,99,N,O,9.427377
tcr_26_1,E,A,G,R,72,103,N,NE,6.9849615
tcr_26_1,E,A,G,R,72,103,N,NH1,4.7952356
tcr_26_1,E,A,G,R,72,99,N,C,9.398742
tcr_26_1,E,A,G,R,72,103,N,NH2,5.5635304
tcr_26_1,E,A,G,R,72,103,N,CZ,5.7090955
tcr_26_1,E,A,G,R,72,103,N,CD,7.662971
tcr_26_1,E,A,G,R,72,103,N,CG,9.139154
tcr_26_1,E,A,G,R,72,99,N,NH1,7.2983775
tcr_26_1,E,A,G,R,72,99,N,CZ,7.4827266
tcr_26_1,E,A,G,R,72,99,N,CG,8.714903
tcr_26_1,E,A,G,R,72,99,N,CD,8.105171
tcr_26_1,E,A,G,R,72,99,N,NE,7.8024483
tcr_26_1,E,A,G,E,72,43,N,OE1,9.563131
tcr_26_1,E,A,G,R,72,99,N,NH2,7.6978545
tcr_26_1,E,A,G,Q,72,96,CA,O,8.927337
tcr_26_1,E,A,G,Q,72,96,CA,CB,9.502296
tcr_26_1,E,A,G,Q,72,96,CA,CG,9.4945
tcr_26_1,E,A,G,Q,72,96,CA,NE2,9.87486
tcr_26_1,E,A,G,Q,72,96,CA,CD,9.63264
tcr_26_1,E,A,G,Q,72,96,CA,OE1,9.772969
tcr_26_1,E,A,G,Q,72,96,CA,C,9.755812
tcr_26_1,E,A,G,Q,72,96,CA,CA,9.803998
tcr_26_1,E,A,G,R,72,99,CA,CB,8.75289
tcr_26_1,E,A,G,V,72,100,CA,N,8.873852
tcr_26_1,E,A,G,R,72,99,CA,CA,9.70633
tcr_26_1,E,A,G,V,72,100,CA,CG2,7.2364764
tcr_26_1,E,A,G,V,72,100,CA,CB,8.527354
tcr_26_1,E,A,G,V,72,100,CA,CG1,8.74511
tcr_26_1,E,A,G,V,72,100,CA,CA,8.757624
tcr_26_1,E,A,G,R,72,103,CA,CB,9.491492
tcr_26_1,E,A,G,R,72,99,CA,O,9.166529
tcr_26_1,E,A,G,R,72,103,CA,NE,6.898814
tcr_26_1,E,A,G,R,72,103,CA,NH1,4.9464426
tcr_26_1,E,A,G,R,72,99,CA,C,9.129421
tcr_26_1,E,A,G,R,72,103,CA,NH2,5.1059837
tcr_26_1,E,A,G,R,72,103,CA,CZ,5.574371
tcr_26_1,E,A,G,R,72,103,CA,CD,7.8197746
tcr_26_1,E,A,G,R,72,103,CA,CG,9.248374
tcr_26_1,E,A,G,R,72,99,CA,NH1,6.035417
tcr_26_1,E,A,G,R,72,99,CA,CZ,6.270184
tcr_26_1,E,A,G,R,72,99,CA,CG,7.9874573
tcr_26_1,E,A,G,R,72,99,CA,CD,7.1942983
tcr_26_1,E,A,G,R,72,99,CA,NE,6.7549143
tcr_26_1,E,A,G,E,72,43,CA,OE1,8.250184
tcr_26_1,E,A,G,R,72,99,CA,NH2,6.41976
tcr_26_1,E,A,G,E,72,43,CA,CD,9.392696
tcr_26_1,E,A,G,E,72,43,CA,CG,9.688992
tcr_26_1,E,A,G,G,72,42,CA,O,9.447797
tcr_26_1,E,A,G,Q,72,96,C,O,7.9275312
tcr_26_1,E,A,G,Q,72,96,C,CB,8.142665
tcr_26_1,E,A,G,Q,72,96,C,CG,8.039212
tcr_26_1,E,A,G,Q,72,96,C,NE2,8.345622
tcr_26_1,E,A,G,Q,72,96,C,CD,8.134501
tcr_26_1,E,A,G,Q,72,96,C,OE1,8.315018
tcr_26_1,E,A,G,Q,72,96,C,C,8.63789
tcr_26_1,E,A,G,Q,72,96,C,N,9.91347
tcr_26_1,E,A,G,Q,72,96,C,CA,8.544426
tcr_26_1,E,A,G,A,72,97,C,N,9.718637
tcr_26_1,E,A,G,R,72,99,C,CB,7.9690604
tcr_26_1,E,A,G,V,72,100,C,N,8.376788
tcr_26_1,E,A,G,R,72,99,C,CA,9.0558405
tcr_26_1,E,A,G,R,72,99,C,N,9.921387
tcr_26_1,E,A,G,V,72,100,C,CG2,6.7693186
tcr_26_1,E,A,G,V,72,100,C,CB,8.1743145
tcr_26_1,E,A,G,V,72,100,C,CG1,8.617107
tcr_26_1,E,A,G,V,72,100,C,C,9.929755
tcr_26_1,E,A,G,V,72,100,C,CA,8.459549
tcr_26_1,E,A,G,R,72,103,C,CB,9.807908
tcr_26_1,E,A,G,R,72,99,C,O,8.88796
tcr_26_1,E,A,G,R,72,103,C,NE,7.4403496
tcr_26_1,E,A,G,R,72,103,C,NH1,5.6840315
tcr_26_1,E,A,G,R,72,99,C,C,8.663206
tcr_26_1,E,A,G,R,72,103,C,NH2,5.4749775
tcr_26_1,E,A,G,R,72,103,C,CZ,6.1310515
tcr_26_1,E,A,G,R,72,103,C,CD,8.472138
tcr_26_1,E,A,G,R,72,103,C,CG,9.79606
tcr_26_1,E,A,G,R,72,99,C,NH1,5.158762
tcr_26_1,E,A,G,R,72,99,C,CZ,5.6548204
tcr_26_1,E,A,G,R,72,99,C,CG,7.3506694
tcr_26_1,E,A,G,R,72,99,C,CD,6.4118733
tcr_26_1,E,A,G,R,72,99,C,NE,6.172419
tcr_26_1,E,A,G,E,72,43,C,OE1,7.210575
tcr_26_1,E,A,G,R,72,99,C,NH2,6.0450416
tcr_26_1,E,A,G,E,72,43,C,OE2,9.281427
tcr_26_1,E,A,G,E,72,43,C,CD,8.383232
tcr_26_1,E,A,G,E,72,43,C,CB,9.966309
tcr_26_1,E,A,G,E,72,43,C,CG,8.8696785
tcr_26_1,E,A,G,G,72,42,C,O,9.165407
tcr_26_1,E,A,G,Q,72,96,O,O,7.9067364
tcr_26_1,E,A,G,Q,72,96,O,CB,7.9325237
tcr_26_1,E,A,G,Q,72,96,O,CG,7.651176
tcr_26_1,E,A,G,Q,72,96,O,NE2,7.919319
tcr_26_1,E,A,G,Q,72,96,O,CD,7.8249893
tcr_26_1,E,A,G,Q,72,96,O,OE1,8.179666
tcr_26_1,E,A,G,Q,72,96,O,C,8.561205
tcr_26_1,E,A,G,Q,72,96,O,N,9.57345
tcr_26_1,E,A,G,Q,72,96,O,CA,8.283661
tcr_26_1,E,A,G,A,72,97,O,N,9.726268
tcr_26_1,E,A,G,R,72,99,O,CB,7.6232977
tcr_26_1,E,A,G,A,72,95,O,O,9.93848
tcr_26_1,E,A,G,V,72,100,O,N,8.499454
tcr_26_1,E,A,G,R,72,99,O,CA,8.841316
tcr_26_1,E,A,G,R,72,99,O,N,9.740627
tcr_26_1,E,A,G,V,72,100,O,CG2,7.262012
tcr_26_1,E,A,G,V,72,100,O,CB,8.642473
tcr_26_1,E,A,G,V,72,100,O,CG1,9.2511635
tcr_26_1,E,A,G,V,72,100,O,CA,8.773843
tcr_26_1,E,A,G,R,72,99,O,O,8.869387
tcr_26_1,E,A,G,R,72,103,O,NE,7.6692705
tcr_26_1,E,A,G,R,72,103,O,NH1,6.18077
tcr_26_1,E,A,G,R,72,99,O,C,8.6326
tcr_26_1,E,A,G,R,72,103,O,NH2,5.5209446
tcr_26_1,E,A,G,R,72,103,O,CZ,6.394338
tcr_26_1,E,A,G,R,72,103,O,CD,8.844647
tcr_26_1,E,A,G,R,72,99,O,NH1,4.131017
tcr_26_1,E,A,G,R,72,99,O,CZ,4.748457
tcr_26_1,E,A,G,R,72,99,O,CG,6.91512
tcr_26_1,E,A,G,R,72,99,O,CD,5.7946863
tcr_26_1,E,A,G,P,72,44,O,CD,9.6763735
tcr_26_1,E,A,G,R,72,99,O,NE,5.447732
tcr_26_1,E,A,G,E,72,43,O,OE1,6.073847
tcr_26_1,E,A,G,R,72,99,O,NH2,5.11272
tcr_26_1,E,A,G,E,72,43,O,OE2,8.189078
tcr_26_1,E,A,G,E,72,43,O,CD,7.2680087
tcr_26_1,E,A,G,E,72,43,O,CB,8.94265
tcr_26_1,E,A,G,E,72,43,O,N,9.6609955
tcr_26_1,E,A,G,E,72,43,O,CA,9.327111
tcr_26_1,E,A,G,E,72,43,O,CG,7.7760158
tcr_26_1,E,A,G,G,72,42,O,C,9.128237
tcr_26_1,E,A,G,G,72,42,O,O,8.272901
tcr_26_1,E,A,G,G,72,42,O,CA,9.907415
tcr_26_1,E,A,I,Q,73,96,N,O,7.385161
tcr_26_1,E,A,I,Q,73,96,N,CB,7.4412146
tcr_26_1,E,A,I,Q,73,96,N,CG,7.4401107
tcr_26_1,E,A,I,Q,73,96,N,NE2,7.7038546
tcr_26_1,E,A,I,Q,73,96,N,CD,7.39943
tcr_26_1,E,A,I,Q,73,96,N,OE1,7.4169073
tcr_26_1,E,A,I,Q,73,96,N,C,8.018592
tcr_26_1,E,A,I,Q,73,96,N,N,9.399857
tcr_26_1,E,A,I,Q,73,96,N,CA,7.992969
tcr_26_1,E,A,I,A,73,97,N,N,8.99817
tcr_26_1,E,A,I,A,73,97,N,CA,9.480136
tcr_26_1,E,A,I,R,73,99,N,CB,7.9844956
tcr_26_1,E,A,I,V,73,100,N,N,8.132399
tcr_26_1,E,A,I,R,73,99,N,CA,9.018112
tcr_26_1,E,A,I,R,73,99,N,N,9.719669
tcr_26_1,E,A,I,A,73,97,N,O,9.874362
tcr_26_1,E,A,I,V,73,100,N,CG2,6.186002
tcr_26_1,E,A,I,V,73,100,N,CB,7.665459
tcr_26_1,E,A,I,V,73,100,N,CG1,8.0943
tcr_26_1,E,A,I,V,73,100,N,C,9.659687
tcr_26_1,E,A,I,V,73,100,N,CA,8.171878
tcr_26_1,E,A,I,R,73,99,N,O,8.971134
tcr_26_1,E,A,I,R,73,103,N,NE,7.961095
tcr_26_1,E,A,I,R,73,103,N,NH1,6.1462965
tcr_26_1,E,A,I,R,73,99,N,C,8.604984
tcr_26_1,E,A,I,R,73,103,N,NH2,6.162961
tcr_26_1,E,A,I,R,73,103,N,CZ,6.6897597
tcr_26_1,E,A,I,R,73,103,N,CD,8.885181
tcr_26_1,E,A,I,R,73,99,N,NH1,5.837983
tcr_26_1,E,A,I,R,73,99,N,CZ,6.4317226
tcr_26_1,E,A,I,R,73,99,N,CG,7.6114693
tcr_26_1,E,A,I,R,73,99,N,CD,6.761133
tcr_26_1,E,A,I,R,73,99,N,NE,6.7999673
tcr_26_1,E,A,I,E,73,43,N,OE1,7.762356
tcr_26_1,E,A,I,R,73,99,N,NH2,7.0137806
tcr_26_1,E,A,I,E,73,43,N,OE2,9.695415
tcr_26_1,E,A,I,E,73,43,N,CD,8.917458
tcr_26_1,E,A,I,E,73,43,N,CG,9.538782
tcr_26_1,E,A,I,R,73,93,CA,CA,9.995457
tcr_26_1,E,A,I,K,73,92,CA,O,9.473892
tcr_26_1,E,A,I,Q,73,96,CA,O,6.68381
tcr_26_1,E,A,I,Q,73,96,CA,CB,6.2212596
tcr_26_1,E,A,I,Q,73,96,CA,CG,6.1197476
tcr_26_1,E,A,I,Q,73,96,CA,NE2,6.2593846
tcr_26_1,E,A,I,Q,73,96,CA,CD,5.9679437
tcr_26_1,E,A,I,Q,73,96,CA,OE1,5.9856205
tcr_26_1,E,A,I,R,73,93,CA,O,9.3607
tcr_26_1,E,A,I,Q,73,96,CA,C,7.1302514
tcr_26_1,E,A,I,Q,73,96,CA,N,8.311456
tcr_26_1,E,A,I,Q,73,96,CA,CA,6.943792
tcr_26_1,E,A,I,A,73,97,CA,N,8.090086
tcr_26_1,E,A,I,A,73,95,CA,C,9.269142
tcr_26_1,E,A,I,A,73,97,CA,CA,8.725507
tcr_26_1,E,A,I,R,73,99,CA,CB,7.6267233
tcr_26_1,E,A,I,A,73,97,CA,CB,9.871283
tcr_26_1,E,A,I,A,73,95,CA,O,9.174957
tcr_26_1,E,A,I,V,73,100,CA,N,8.016724
tcr_26_1,E,A,I,R,73,99,CA,CA,8.745533
tcr_26_1,E,A,I,A,73,97,CA,C,9.420292
tcr_26_1,E,A,I,R,73,99,CA,N,9.275463
tcr_26_1,E,A,I,A,73,97,CA,O,9.436984
tcr_26_1,E,A,I,V,73,100,CA,CG2,6.154728
tcr_26_1,E,A,I,V,73,100,CA,CB,7.67634
tcr_26_1,E,A,I,V,73,100,CA,CG1,8.304878
tcr_26_1,E,A,I,V,73,100,CA,C,9.7602625
tcr_26_1,E,A,I,V,73,100,CA,CA,8.24497
tcr_26_1,E,A,I,R,73,99,CA,O,9.077952
tcr_26_1,E,A,I,R,73,103,CA,NE,8.810234
tcr_26_1,E,A,I,R,73,103,CA,NH1,7.198199
tcr_26_1,E,A,I,R,73,99,CA,C,8.5287695
tcr_26_1,E,A,I,R,73,103,CA,NH2,6.9772553
tcr_26_1,E,A,I,R,73,103,CA,CZ,7.5998106
tcr_26_1,E,A,I,R,73,103,CA,CD,9.783775
tcr_26_1,E,A,I,R,73,99,CA,NH1,5.6732793
tcr_26_1,E,A,I,R,73,99,CA,CZ,6.4754276
tcr_26_1,E,A,I,R,73,99,CA,CG,7.4672427
tcr_26_1,E,A,I,R,73,99,CA,CD,6.5416713
tcr_26_1,E,A,I,R,73,99,CA,NE,6.820134
tcr_26_1,E,A,I,E,73,43,CA,OE1,7.260824
tcr_26_1,E,A,I,R,73,99,CA,NH2,7.246784
tcr_26_1,E,A,I,E,73,43,CA,OE2,9.014895
tcr_26_1,E,A,I,E,73,43,CA,CD,8.389507
tcr_26_1,E,A,I,E,73,43,CA,CG,9.20147
tcr_26_1,E,A,I,R,73,93,C,CA,9.967693
tcr_26_1,E,A,I,K,73,92,C,O,9.74312
tcr_26_1,E,A,I,Q,73,96,C,O,7.6021185
tcr_26_1,E,A,I,Q,73,96,C,CB,6.687917
tcr_26_1,E,A,I,Q,73,96,C,CG,6.51621
tcr_26_1,E,A,I,Q,73,96,C,NE2,6.181659
tcr_26_1,E,A,I,Q,73,96,C,CD,6.0026217
tcr_26_1,E,A,I,Q,73,96,C,OE1,5.814727
tcr_26_1,E,A,I,R,73,93,C,O,9.594249
tcr_26_1,E,A,I,Q,73,96,C,C,7.8868227
tcr_26_1,E,A,I,Q,73,96,C,N,8.979594
tcr_26_1,E,A,I,Q,73,96,C,CA,7.664065
tcr_26_1,E,A,I,A,73,97,C,N,8.699104
tcr_26_1,E,A,I,A,73,97,C,CA,9.33772
tcr_26_1,E,A,I,R,73,99,C,CB,8.941603
tcr_26_1,E,A,I,V,73,100,C,N,9.199347
tcr_26_1,E,A,I,V,73,100,C,CG2,7.091283
tcr_26_1,E,A,I,V,73,100,C,CB,8.616248
tcr_26_1,E,A,I,V,73,100,C,CG1,9.149708
tcr_26_1,E,A,I,V,73,100,C,CA,9.367078
tcr_26_1,E,A,I,R,73,103,C,NH1,8.439053
tcr_26_1,E,A,I,R,73,99,C,C,9.821991
tcr_26_1,E,A,I,R,73,103,C,NH2,8.415999
tcr_26_1,E,A,I,R,73,103,C,CZ,8.960002
tcr_26_1,E,A,I,R,73,99,C,NH1,7.018931
tcr_26_1,E,A,I,R,73,99,C,CZ,7.909651
tcr_26_1,E,A,I,R,73,99,C,CG,8.900162
tcr_26_1,E,A,I,R,73,99,C,CD,7.976207
tcr_26_1,E,A,I,R,73,99,C,NE,8.301789
tcr_26_1,E,A,I,E,73,43,C,OE1,8.345975
tcr_26_1,E,A,I,R,73,99,C,NH2,8.657721
tcr_26_1,E,A,I,E,73,43,C,CD,9.486212
tcr_26_1,E,A,I,Q,73,96,O,O,7.9538865
tcr_26_1,E,A,I,Q,73,96,O,CB,7.2252927
tcr_26_1,E,A,I,Q,73,96,O,CG,7.245271
tcr_26_1,E,A,I,Q,73,96,O,NE2,6.9664245
tcr_26_1,E,A,I,Q,73,96,O,CD,6.6721764
tcr_26_1,E,A,I,Q,73,96,O,OE1,6.278473
tcr_26_1,E,A,I,R,73,93,O,O,9.827942
tcr_26_1,E,A,I,Q,73,96,O,C,8.259702
tcr_26_1,E,A,I,Q,73,96,O,N,9.563323
tcr_26_1,E,A,I,Q,73,96,O,CA,8.221476
tcr_26_1,E,A,I,A,73,97,O,N,8.9414015
tcr_26_1,E,A,I,A,73,97,O,CA,9.425165
tcr_26_1,E,A,I,R,73,99,O,CB,9.563096
tcr_26_1,E,A,I,V,73,100,O,N,9.427382
tcr_26_1,E,A,I,V,73,100,O,CG2,7.02325
tcr_26_1,E,A,I,V,73,100,O,CB,8.51669
tcr_26_1,E,A,I,V,73,100,O,CG1,8.877405
tcr_26_1,E,A,I,V,73,100,O,CA,9.427356
tcr_26_1,E,A,I,R,73,103,O,NH1,8.5493145
tcr_26_1,E,A,I,R,73,103,O,NH2,8.830444
tcr_26_1,E,A,I,R,73,103,O,CZ,9.211761
tcr_26_1,E,A,I,R,73,99,O,NH1,8.064927
tcr_26_1,E,A,I,R,73,99,O,CZ,8.869393
tcr_26_1,E,A,I,R,73,99,O,CG,9.590132
tcr_26_1,E,A,I,R,73,99,O,CD,8.80254
tcr_26_1,E,A,I,R,73,99,O,NE,9.169584
tcr_26_1,E,A,I,E,73,43,O,OE1,9.512243
tcr_26_1,E,A,I,R,73,99,O,NH2,9.6132555
tcr_26_1,E,A,I,R,73,93,CB,CG,9.628072
tcr_26_1,E,A,I,R,73,93,CB,CB,9.713562
tcr_26_1,E,A,I,R,73,93,CB,N,9.680904
tcr_26_1,E,A,I,R,73,93,CB,CA,8.911938
tcr_26_1,E,A,I,K,73,92,CB,C,9.443658
tcr_26_1,E,A,I,K,73,92,CB,O,8.47916
tcr_26_1,E,A,I,R,73,93,CB,C,8.949386
tcr_26_1,E,A,I,A,73,95,CB,N,9.8392725
tcr_26_1,E,A,I,Q,73,96,CB,O,5.2016697
tcr_26_1,E,A,I,Q,73,96,CB,CB,5.0184336
tcr_26_1,E,A,I,Q,73,96,CB,CG,5.2193213
tcr_26_1,E,A,I,Q,73,96,CB,NE2,5.8730845
tcr_26_1,E,A,I,Q,73,96,CB,CD,5.2802176
tcr_26_1,E,A,I,Q,73,96,CB,OE1,5.2292185
tcr_26_1,E,A,I,R,73,93,CB,O,8.0388155
tcr_26_1,E,A,I,Q,73,96,CB,C,5.669173
tcr_26_1,E,A,I,Q,73,96,CB,N,7.064507
tcr_26_1,E,A,I,Q,73,96,CB,CA,5.6441274
tcr_26_1,E,A,I,A,73,97,CB,N,6.5988545
tcr_26_1,E,A,I,A,73,95,CB,C,8.01075
tcr_26_1,E,A,I,A,73,97,CB,CA,7.1881237
tcr_26_1,E,A,I,R,73,99,CB,CB,6.5007515
tcr_26_1,E,A,I,A,73,95,CB,CA,9.457455
tcr_26_1,E,A,I,A,73,97,CB,CB,8.353467
tcr_26_1,E,A,I,A,73,95,CB,O,7.897706
tcr_26_1,E,A,I,V,73,100,CB,N,6.6910357
tcr_26_1,E,A,I,Q,73,94,CB,C,9.894307
tcr_26_1,E,A,I,Q,73,94,CB,O,9.620071
tcr_26_1,E,A,I,R,73,99,CB,CA,7.519615
tcr_26_1,E,A,I,A,73,97,CB,C,7.887976
tcr_26_1,E,A,I,D,73,98,CB,CA,9.554553
tcr_26_1,E,A,I,D,73,98,CB,N,8.635621
tcr_26_1,E,A,I,D,73,98,CB,C,9.018764
tcr_26_1,E,A,I,R,73,99,CB,N,7.9262857
tcr_26_1,E,A,I,D,73,98,CB,O,9.718757
tcr_26_1,E,A,I,N,73,101,CB,N,9.100073
tcr_26_1,E,A,I,A,73,97,CB,O,7.921572
tcr_26_1,E,A,I,V,73,100,CB,CG2,4.8382664
tcr_26_1,E,A,I,V,73,100,CB,CB,6.35085
tcr_26_1,E,A,I,V,73,100,CB,CG1,7.1122737
tcr_26_1,E,A,I,V,73,100,CB,C,8.477289
tcr_26_1,E,A,I,V,73,100,CB,O,9.207893
tcr_26_1,E,A,I,V,73,100,CB,CA,6.9710917
tcr_26_1,E,A,I,R,73,103,CB,CB,9.844019
tcr_26_1,E,A,I,R,73,99,CB,O,7.972508
tcr_26_1,E,A,I,R,73,103,CB,NE,8.357198
tcr_26_1,E,A,I,R,73,103,CB,NH1,6.963737
tcr_26_1,E,A,I,R,73,99,CB,C,7.304495
tcr_26_1,E,A,I,R,73,103,CB,NH2,6.711627
tcr_26_1,E,A,I,R,73,103,CB,CZ,7.2682996
tcr_26_1,E,A,I,R,73,103,CB,CD,9.280955
tcr_26_1,E,A,I,A,73,95,CB,CB,9.930963
tcr_26_1,E,A,I,R,73,99,CB,NH1,5.679584
tcr_26_1,E,A,I,R,73,99,CB,CZ,6.375559
tcr_26_1,E,A,I,R,73,99,CB,CG,6.576852
tcr_26_1,E,A,I,R,73,99,CB,CD,5.8574686
tcr_26_1,E,A,I,P,73,44,CB,CD,9.8623295
tcr_26_1,E,A,I,R,73,99,CB,NE,6.43072
tcr_26_1,E,A,I,E,73,43,CB,OE1,7.2997437
tcr_26_1,E,A,I,R,73,99,CB,NH2,7.337639
tcr_26_1,E,A,I,E,73,43,CB,OE2,8.840354
tcr_26_1,E,A,I,E,73,43,CB,CD,8.2972145
tcr_26_1,E,A,I,E,73,43,CB,CB,9.846475
tcr_26_1,E,A,I,E,73,43,CB,CG,9.075975
tcr_26_1,E,A,I,R,73,93,CG1,CA,9.344307
tcr_26_1,E,A,I,K,73,92,CG1,C,9.672107
tcr_26_1,E,A,I,K,73,92,CG1,O,8.592154
tcr_26_1,E,A,I,R,73,93,CG1,C,9.1792345
tcr_26_1,E,A,I,A,73,95,CG1,N,9.549733
tcr_26_1,E,A,I,Q,73,96,CG1,O,4.5506263
tcr_26_1,E,A,I,Q,73,96,CG1,CB,5.1013584
tcr_26_1,E,A,I,Q,73,96,CG1,CG,5.3872986
tcr_26_1,E,A,I,Q,73,96,CG1,NE2,6.4989886
tcr_26_1,E,A,I,Q,73,96,CG1,CD,5.8565016
tcr_26_1,E,A,I,Q,73,96,CG1,OE1,6.023101
tcr_26_1,E,A,I,R,73,93,CG1,O,8.2130575
tcr_26_1,E,A,I,Q,73,96,CG1,C,5.25863
tcr_26_1,E,A,I,Q,73,96,CG1,N,6.7294426
tcr_26_1,E,A,I,Q,73,96,CG1,CA,5.307744
tcr_26_1,E,A,I,A,73,97,CG1,N,6.351502
tcr_26_1,E,A,I,A,73,95,CG1,C,7.4674616
tcr_26_1,E,A,I,A,73,97,CG1,CA,6.9050937
tcr_26_1,E,A,I,R,73,99,CG1,CB,5.1909127
tcr_26_1,E,A,I,A,73,95,CG1,CA,8.975641
tcr_26_1,E,A,I,A,73,97,CG1,CB,8.244463
tcr_26_1,E,A,I,A,73,95,CG1,O,7.138454
tcr_26_1,E,A,I,V,73,100,CG1,N,5.567939
tcr_26_1,E,A,I,Q,73,94,CG1,C,9.6375885
tcr_26_1,E,A,I,Q,73,94,CG1,O,9.238962
tcr_26_1,E,A,I,R,73,99,CG1,CA,6.2384424
tcr_26_1,E,A,I,A,73,97,CG1,C,7.3196397
tcr_26_1,E,A,I,D,73,98,CG1,CB,9.750286
tcr_26_1,E,A,I,D,73,98,CG1,CA,8.704166
tcr_26_1,E,A,I,D,73,98,CG1,N,7.970934
tcr_26_1,E,A,I,D,73,98,CG1,C,7.9757285
tcr_26_1,E,A,I,R,73,99,CG1,N,6.836874
tcr_26_1,E,A,I,N,73,101,CG1,CA,9.612261
tcr_26_1,E,A,I,D,73,98,CG1,O,8.583475
tcr_26_1,E,A,I,N,73,101,CG1,N,8.157071
tcr_26_1,E,A,I,A,73,97,CG1,O,7.2565722
tcr_26_1,E,A,I,V,73,100,CG1,CG2,4.197082
tcr_26_1,E,A,I,V,73,100,CG1,CB,5.6293406
tcr_26_1,E,A,I,V,73,100,CG1,CG1,6.518401
tcr_26_1,E,A,I,V,73,100,CG1,C,7.4763756
tcr_26_1,E,A,I,V,73,100,CG1,O,8.174739
tcr_26_1,E,A,I,V,73,100,CG1,CA,5.950844
tcr_26_1,E,A,I,R,73,103,CG1,CA,9.810918
tcr_26_1,E,A,I,R,73,103,CG1,CB,8.541801
tcr_26_1,E,A,I,R,73,99,CG1,O,6.5962677
tcr_26_1,E,A,I,R,73,103,CG1,NE,7.0578966
tcr_26_1,E,A,I,R,73,103,CG1,N,9.609154
tcr_26_1,E,A,I,R,73,103,CG1,NH1,5.9213386
tcr_26_1,E,A,I,R,73,99,CG1,C,6.0105147
tcr_26_1,E,A,I,R,73,103,CG1,NH2,5.37035
tcr_26_1,E,A,I,R,73,103,CG1,CZ,6.0216055
tcr_26_1,E,A,I,R,73,103,CG1,CD,8.081071
tcr_26_1,E,A,I,R,73,103,CG1,CG,9.055392
tcr_26_1,E,A,I,L,73,102,CG1,N,9.961168
tcr_26_1,E,A,I,A,73,95,CG1,CB,9.478498
tcr_26_1,E,A,I,R,73,99,CG1,NH1,4.606743
tcr_26_1,E,A,I,P,73,44,CG1,CG,9.097317
tcr_26_1,E,A,I,R,73,99,CG1,CZ,5.0988393
tcr_26_1,E,A,I,R,73,99,CG1,CG,5.1084933
tcr_26_1,E,A,I,R,73,99,CG1,CD,4.440595
tcr_26_1,E,A,I,P,73,44,CG1,CD,8.465212
tcr_26_1,E,A,I,R,73,99,CG1,NE,5.0014157
tcr_26_1,E,A,I,E,73,43,CG1,OE1,6.513502
tcr_26_1,E,A,I,R,73,99,CG1,NH2,6.101918
tcr_26_1,E,A,I,E,73,43,CG1,OE2,8.085952
tcr_26_1,E,A,I,P,73,44,CG1,N,9.648236
tcr_26_1,E,A,I,E,73,43,CG1,CD,7.4384074
tcr_26_1,E,A,I,E,73,43,CG1,CB,8.714317
tcr_26_1,E,A,I,E,73,43,CG1,N,9.905925
tcr_26_1,E,A,I,E,73,43,CG1,CA,9.099489
tcr_26_1,E,A,I,E,73,43,CG1,CG,8.02279
tcr_26_1,E,A,I,G,73,42,CG1,C,9.679257
tcr_26_1,E,A,I,G,73,42,CG1,O,8.754751
tcr_26_1,E,A,I,R,73,93,CG2,CD,9.090017
tcr_26_1,E,A,I,K,73,92,CG2,CB,9.313723
tcr_26_1,E,A,I,R,73,93,CG2,CG,8.195509
tcr_26_1,E,A,I,R,73,93,CG2,CB,8.323051
tcr_26_1,E,A,I,R,73,93,CG2,N,8.221781
tcr_26_1,E,A,I,K,73,92,CG2,CA,9.190283
tcr_26_1,E,A,I,R,73,93,CG2,CA,7.503336
tcr_26_1,E,A,I,K,73,92,CG2,C,8.003165
tcr_26_1,E,A,I,K,73,92,CG2,O,7.092733
tcr_26_1,E,A,I,R,73,93,CG2,C,7.667725
tcr_26_1,E,A,I,Q,73,94,CG2,N,8.866029
tcr_26_1,E,A,I,A,73,95,CG2,N,8.741048
tcr_26_1,E,A,I,Q,73,94,CG2,CA,9.4085
tcr_26_1,E,A,I,Q,73,96,CG2,O,4.8436413
tcr_26_1,E,A,I,Q,73,96,CG2,CB,3.7803
tcr_26_1,E,A,I,Q,73,96,CG2,CG,3.8591335
tcr_26_1,E,A,I,Q,73,96,CG2,NE2,4.4279428
tcr_26_1,E,A,I,Q,73,96,CG2,CD,3.769749
tcr_26_1,E,A,I,Q,73,96,CG2,OE1,3.7039492
tcr_26_1,E,A,I,R,73,93,CG2,O,6.8585234
tcr_26_1,E,A,I,Q,73,96,CG2,C,4.9794097
tcr_26_1,E,A,I,Q,73,96,CG2,N,6.029102
tcr_26_1,E,A,I,Q,73,96,CG2,CA,4.6959124
tcr_26_1,E,A,I,A,73,97,CG2,N,5.8458133
tcr_26_1,E,A,I,A,73,95,CG2,C,7.1140738
tcr_26_1,E,A,I,A,73,97,CG2,CA,6.655998
tcr_26_1,E,A,I,R,73,99,CG2,CB,6.5538244
tcr_26_1,E,A,I,A,73,95,CG2,CA,8.468772
tcr_26_1,E,A,I,A,73,97,CG2,CB,7.698692
tcr_26_1,E,A,I,A,73,95,CG2,O,7.2147317
tcr_26_1,E,A,I,V,73,100,CG2,N,7.0460157
tcr_26_1,E,A,I,Q,73,94,CG2,C,8.859485
tcr_26_1,E,A,I,Q,73,94,CG2,O,8.740386
tcr_26_1,E,A,I,R,73,99,CG2,CA,7.6265655
tcr_26_1,E,A,I,A,73,97,CG2,C,7.540913
tcr_26_1,E,A,I,D,73,98,CG2,CA,9.242972
tcr_26_1,E,A,I,D,73,98,CG2,N,8.191795
tcr_26_1,E,A,I,D,73,98,CG2,C,8.894899
tcr_26_1,E,A,I,R,73,99,CG2,N,7.7964606
tcr_26_1,E,A,I,D,73,98,CG2,O,9.750858
tcr_26_1,E,A,I,N,73,101,CG2,N,9.421734
tcr_26_1,E,A,I,A,73,97,CG2,O,7.8095284
tcr_26_1,E,A,I,V,73,100,CG2,CG2,5.461786
tcr_26_1,E,A,I,V,73,100,CG2,CB,6.88984
tcr_26_1,E,A,I,V,73,100,CG2,CG1,7.8258066
tcr_26_1,E,A,I,V,73,100,CG2,C,8.9977665
tcr_26_1,E,A,I,V,73,100,CG2,O,9.872883
tcr_26_1,E,A,I,V,73,100,CG2,CA,7.5343223
tcr_26_1,E,A,I,R,73,99,CG2,O,8.504118
tcr_26_1,E,A,I,R,73,103,CG2,NE,9.553652
tcr_26_1,E,A,I,R,73,103,CG2,NH1,8.346072
tcr_26_1,E,A,I,R,73,99,CG2,C,7.664549
tcr_26_1,E,A,I,R,73,103,CG2,NH2,7.911017
tcr_26_1,E,A,I,R,73,103,CG2,CZ,8.537249
tcr_26_1,E,A,I,A,73,95,CG2,CB,8.8674965
tcr_26_1,E,A,I,R,73,99,CG2,NH1,6.021857
tcr_26_1,E,A,I,R,73,99,CG2,CZ,6.8747683
tcr_26_1,E,A,I,R,73,99,CG2,CG,6.8845572
tcr_26_1,E,A,I,R,73,99,CG2,CD,6.126188
tcr_26_1,E,A,I,P,73,44,CG2,CD,9.933292
tcr_26_1,E,A,I,R,73,99,CG2,NE,6.913608
tcr_26_1,E,A,I,E,73,43,CG2,OE1,7.157905
tcr_26_1,E,A,I,R,73,99,CG2,NH2,7.9524264
tcr_26_1,E,A,I,E,73,43,CG2,OE2,8.405988
tcr_26_1,E,A,I,E,73,43,CG2,CD,8.069141
tcr_26_1,E,A,I,E,73,43,CG2,CB,9.724027
tcr_26_1,E,A,I,E,73,43,CG2,CG,9.032283
tcr_26_1,E,A,I,K,73,104,CD1,NZ,9.848305
tcr_26_1,E,A,I,R,73,93,CD1,CG,9.9458475
tcr_26_1,E,A,I,R,73,93,CD1,CB,9.62684
tcr_26_1,E,A,I,R,73,93,CD1,N,9.402635
tcr_26_1,E,A,I,R,73,93,CD1,CA,8.625557
tcr_26_1,E,A,I,K,73,92,CD1,C,9.0431595
tcr_26_1,E,A,I,K,73,92,CD1,O,7.926104
tcr_26_1,E,A,I,R,73,93,CD1,C,8.243498
tcr_26_1,E,A,I,Q,73,94,CD1,N,9.221201
tcr_26_1,E,A,I,A,73,95,CD1,N,8.438555
tcr_26_1,E,A,I,Q,73,94,CD1,CA,9.294945
tcr_26_1,E,A,I,Q,73,96,CD1,O,3.1007507
tcr_26_1,E,A,I,Q,73,96,CD1,CB,4.3925195
tcr_26_1,E,A,I,Q,73,96,CD1,CG,5.045434
tcr_26_1,E,A,I,Q,73,96,CD1,NE2,6.6623635
tcr_26_1,E,A,I,Q,73,96,CD1,CD,5.7866507
tcr_26_1,E,A,I,Q,73,96,CD1,OE1,5.9174514
tcr_26_1,E,A,I,R,73,93,CD1,O,7.199
tcr_26_1,E,A,I,Q,73,96,CD1,C,3.95228
tcr_26_1,E,A,I,Q,73,96,CD1,N,5.711273
tcr_26_1,E,A,I,Q,73,96,CD1,CA,4.2836604
tcr_26_1,E,A,I,A,73,97,CD1,N,5.036839
tcr_26_1,E,A,I,A,73,95,CD1,C,6.3481383
tcr_26_1,E,A,I,A,73,97,CD1,CA,5.5027623
tcr_26_1,E,A,I,R,73,99,CD1,CB,4.084005
tcr_26_1,E,A,I,A,73,95,CD1,CA,7.8782763
tcr_26_1,E,A,I,A,73,97,CD1,CB,6.9063087
tcr_26_1,E,A,I,A,73,95,CD1,O,5.9351497
tcr_26_1,E,A,I,V,73,100,CD1,N,4.1995006
tcr_26_1,E,A,I,Q,73,94,CD1,C,8.419627
tcr_26_1,E,A,I,Q,73,94,CD1,O,7.9125624
tcr_26_1,E,A,I,R,73,99,CD1,CA,4.965523
tcr_26_1,E,A,I,A,73,97,CD1,C,5.816742
tcr_26_1,E,A,I,D,73,98,CD1,CB,8.294396
tcr_26_1,E,A,I,D,73,98,CD1,CG,9.518902
tcr_26_1,E,A,I,D,73,98,CD1,OD1,9.638733
tcr_26_1,E,A,I,D,73,98,CD1,CA,7.203976
tcr_26_1,E,A,I,D,73,98,CD1,N,6.4744577
tcr_26_1,E,A,I,N,73,101,CD1,ND2,9.124041
tcr_26_1,E,A,I,D,73,98,CD1,C,6.519684
tcr_26_1,E,A,I,R,73,99,CD1,N,5.4277644
tcr_26_1,E,A,I,N,73,101,CD1,CG,8.793056
tcr_26_1,E,A,I,N,73,101,CD1,CB,8.775812
tcr_26_1,E,A,I,N,73,101,CD1,CA,8.232594
tcr_26_1,E,A,I,D,73,98,CD1,O,7.164338
tcr_26_1,E,A,I,N,73,101,CD1,OD1,8.823154
tcr_26_1,E,A,I,N,73,101,CD1,N,6.7811055
tcr_26_1,E,A,I,L,73,102,CD1,CG,9.976396
tcr_26_1,E,A,I,A,73,97,CD1,O,5.751094
tcr_26_1,E,A,I,V,73,100,CD1,CG2,3.1332881
tcr_26_1,E,A,I,K,73,104,CD1,CD,9.732214
tcr_26_1,E,A,I,K,73,104,CD1,CE,9.351029
tcr_26_1,E,A,I,V,73,100,CD1,CB,4.44443
tcr_26_1,E,A,I,V,73,100,CD1,CG1,5.5589895
tcr_26_1,E,A,I,K,73,104,CD1,CG,9.626386
tcr_26_1,E,A,I,V,73,100,CD1,C,6.2260737
tcr_26_1,E,A,I,K,73,104,CD1,N,9.647701
tcr_26_1,E,A,I,V,73,100,CD1,O,7.0517673
tcr_26_1,E,A,I,V,73,100,CD1,CA,4.7229724
tcr_26_1,E,A,I,R,73,103,CD1,C,9.875373
tcr_26_1,E,A,I,R,73,103,CD1,CA,8.969889
tcr_26_1,E,A,I,R,73,103,CD1,CB,7.83867
tcr_26_1,E,A,I,R,73,99,CD1,O,5.4985743
tcr_26_1,E,A,I,R,73,103,CD1,NE,6.8777447
tcr_26_1,E,A,I,R,73,103,CD1,N,8.596775
tcr_26_1,E,A,I,R,73,103,CD1,NH1,6.115162
tcr_26_1,E,A,I,R,73,99,CD1,C,4.7469716
tcr_26_1,E,A,I,R,73,103,CD1,NH2,5.5222287
tcr_26_1,E,A,I,R,73,103,CD1,CZ,6.0608993
tcr_26_1,E,A,I,R,73,103,CD1,CD,7.8161373
tcr_26_1,E,A,I,R,73,103,CD1,CG,8.580498
tcr_26_1,E,A,I,L,73,102,CD1,N,8.649392
tcr_26_1,E,A,I,L,73,102,CD1,CA,9.510894
tcr_26_1,E,A,I,L,73,102,CD1,C,9.619377
tcr_26_1,E,A,I,N,73,101,CD1,C,8.934007
tcr_26_1,E,A,I,L,73,102,CD1,CB,9.283573
tcr_26_1,E,A,I,N,73,101,CD1,O,9.8658495
tcr_26_1,E,A,I,A,73,95,CD1,CB,8.559011
tcr_26_1,E,A,I,P,73,44,CD1,CB,9.271505
tcr_26_1,E,A,I,R,73,99,CD1,NH1,5.1472898
tcr_26_1,E,A,I,P,73,44,CD1,CG,8.238596
tcr_26_1,E,A,I,R,73,99,CD1,CZ,5.4505606
tcr_26_1,E,A,I,R,73,99,CD1,CG,4.352045
tcr_26_1,E,A,I,R,73,99,CD1,CD,4.070971
tcr_26_1,E,A,I,P,73,44,CD1,CD,7.8082657
tcr_26_1,E,A,I,R,73,99,CD1,NE,4.9907002
tcr_26_1,E,A,I,E,73,43,CD1,OE1,6.928826
tcr_26_1,E,A,I,L,73,102,CD1,CD1,9.783696
tcr_26_1,E,A,I,R,73,99,CD1,NH2,6.578567
tcr_26_1,E,A,I,P,73,44,CD1,O,9.793803
tcr_26_1,E,A,I,E,73,43,CD1,OE2,8.19499
tcr_26_1,E,A,I,P,73,44,CD1,CA,9.913983
tcr_26_1,E,A,I,P,73,44,CD1,N,9.062622
tcr_26_1,E,A,I,E,73,43,CD1,CD,7.6562834
tcr_26_1,E,A,I,E,73,43,CD1,CB,8.591968
tcr_26_1,E,A,I,E,73,43,CD1,N,9.8703985
tcr_26_1,E,A,I,E,73,43,CD1,C,9.621006
tcr_26_1,E,A,I,E,73,43,CD1,CA,8.902962
tcr_26_1,E,A,I,E,73,43,CD1,CG,8.159528
tcr_26_1,E,A,I,G,73,42,CD1,C,9.760963
tcr_26_1,E,A,I,G,73,42,CD1,O,8.832193
tcr_26_1,E,A,T,R,74,93,N,CG,9.849225
tcr_26_1,E,A,T,R,74,93,N,CA,9.849877
tcr_26_1,E,A,T,K,74,92,N,O,9.518355
tcr_26_1,E,A,T,Q,74,96,N,O,8.243929
tcr_26_1,E,A,T,Q,74,96,N,CB,6.822109
tcr_26_1,E,A,T,Q,74,96,N,CG,6.365868
tcr_26_1,E,A,T,Q,74,96,N,NE2,5.557684
tcr_26_1,E,A,T,Q,74,96,N,CD,5.652126
tcr_26_1,E,A,T,Q,74,96,N,OE1,5.5601707
tcr_26_1,E,A,T,R,74,93,N,O,9.781292
tcr_26_1,E,A,T,Q,74,96,N,C,8.378652
tcr_26_1,E,A,T,Q,74,96,N,N,9.125355
tcr_26_1,E,A,T,Q,74,96,N,CA,7.924736
tcr_26_1,E,A,T,A,74,97,N,N,9.199785
tcr_26_1,E,A,T,A,74,97,N,CA,9.992546
tcr_26_1,E,A,T,R,74,99,N,CB,9.524882
tcr_26_1,E,A,T,V,74,100,N,CG2,8.202962
tcr_26_1,E,A,T,V,74,100,N,CB,9.722807
tcr_26_1,E,A,T,R,74,103,N,NH1,9.551431
tcr_26_1,E,A,T,R,74,103,N,NH2,9.3353405
tcr_26_1,E,A,T,R,74,103,N,CZ,9.99289
tcr_26_1,E,A,T,R,74,99,N,NH1,7.1667714
tcr_26_1,E,A,T,R,74,99,N,CZ,8.205504
tcr_26_1,E,A,T,R,74,99,N,CG,9.489325
tcr_26_1,E,A,T,R,74,99,N,CD,8.425504
tcr_26_1,E,A,T,R,74,99,N,NE,8.730896
tcr_26_1,E,A,T,E,74,43,N,OE1,8.114038
tcr_26_1,E,A,T,R,74,99,N,NH2,8.932047
tcr_26_1,E,A,T,E,74,43,N,OE2,9.690452
tcr_26_1,E,A,T,E,74,43,N,CD,9.25787
tcr_26_1,E,A,T,R,74,93,CA,CG,9.692781
tcr_26_1,E,A,T,K,74,92,CA,O,9.982401
tcr_26_1,E,A,T,Q,74,96,CA,O,9.322108
tcr_26_1,E,A,T,Q,74,96,CA,CB,7.5957546
tcr_26_1,E,A,T,Q,74,96,CA,CG,7.0826926
tcr_26_1,E,A,T,Q,74,96,CA,NE2,5.8621616
tcr_26_1,E,A,T,Q,74,96,CA,CD,6.097073
tcr_26_1,E,A,T,Q,74,96,CA,OE1,5.847048
tcr_26_1,E,A,T,Q,74,96,CA,C,9.333748
tcr_26_1,E,A,T,Q,74,96,CA,N,9.964874
tcr_26_1,E,A,T,Q,74,96,CA,CA,8.848104
tcr_26_1,E,A,T,V,74,100,CA,CG2,9.329296
tcr_26_1,E,A,T,R,74,99,CA,NH1,8.536709
tcr_26_1,E,A,T,R,74,99,CA,CZ,9.616173
tcr_26_1,E,A,T,R,74,99,CA,CD,9.8262005
tcr_26_1,E,A,T,E,74,43,CA,OE1,9.278407
tcr_26_1,E,A,T,Q,74,89,C,OE1,9.644764
tcr_26_1,E,A,T,R,74,93,C,CD,9.3085165
tcr_26_1,E,A,T,K,74,92,C,CB,9.789195
tcr_26_1,E,A,T,R,74,93,C,CG,8.711029
tcr_26_1,E,A,T,R,74,93,C,CB,9.600731
tcr_26_1,E,A,T,R,74,93,C,N,9.590276
tcr_26_1,E,A,T,R,74,93,C,CA,9.1966305
tcr_26_1,E,A,T,K,74,92,C,C,9.531917
tcr_26_1,E,A,T,K,74,92,C,O,9.084318
tcr_26_1,E,A,T,Q,74,96,C,O,9.386678
tcr_26_1,E,A,T,Q,74,96,C,CB,7.1746807
tcr_26_1,E,A,T,Q,74,96,C,CG,6.4612374
tcr_26_1,E,A,T,Q,74,96,C,NE2,4.8268776
tcr_26_1,E,A,T,Q,74,96,C,CD,5.2794547
tcr_26_1,E,A,T,Q,74,96,C,OE1,5.076358
tcr_26_1,E,A,T,R,74,93,C,O,9.712268
tcr_26_1,E,A,T,Q,74,96,C,C,9.208062
tcr_26_1,E,A,T,Q,74,96,C,N,9.484209
tcr_26_1,E,A,T,Q,74,96,C,CA,8.532614
tcr_26_1,E,A,T,A,74,97,C,N,9.852137
tcr_26_1,E,A,T,V,74,100,C,CG2,9.954242
tcr_26_1,E,A,T,R,74,99,C,NH1,8.795492
tcr_26_1,E,A,T,R,74,99,C,CZ,9.965642
tcr_26_1,E,A,T,E,74,43,C,OE1,9.142596
tcr_26_1,E,A,T,Q,74,89,O,OE1,9.280697
tcr_26_1,E,A,T,R,74,93,O,CD,9.437897
tcr_26_1,E,A,T,K,74,92,O,CB,9.06642
tcr_26_1,E,A,T,R,74,93,O,CG,8.664775
tcr_26_1,E,A,T,R,74,93,O,CB,9.482854
tcr_26_1,E,A,T,R,74,93,O,N,9.160087
tcr_26_1,E,A,T,K,74,92,O,CA,9.689556
tcr_26_1,E,A,T,R,74,93,O,CA,8.91842
tcr_26_1,E,A,T,K,74,92,O,C,8.949579
tcr_26_1,E,A,T,K,74,92,O,O,8.464272
tcr_26_1,E,A,T,R,74,93,O,C,9.790896
tcr_26_1,E,A,T,Q,74,96,O,O,9.105036
tcr_26_1,E,A,T,Q,74,96,O,CB,6.745672
tcr_26_1,E,A,T,Q,74,96,O,CG,5.8224096
tcr_26_1,E,A,T,Q,74,96,O,NE2,4.0521445
tcr_26_1,E,A,T,Q,74,96,O,CD,4.710812
tcr_26_1,E,A,T,Q,74,96,O,OE1,4.7848806
tcr_26_1,E,A,T,R,74,93,O,O,9.4838915
tcr_26_1,E,A,T,Q,74,96,O,C,8.891085
tcr_26_1,E,A,T,Q,74,96,O,N,8.921759
tcr_26_1,E,A,T,Q,74,96,O,CA,8.048802
tcr_26_1,E,A,T,A,74,97,O,N,9.624088
tcr_26_1,E,A,T,K,74,92,O,CD,9.608005
tcr_26_1,E,A,T,K,74,92,O,CG,9.864986
tcr_26_1,E,A,T,R,74,99,O,NH1,8.034753
tcr_26_1,E,A,T,R,74,99,O,CZ,9.2592745
tcr_26_1,E,A,T,R,74,99,O,CD,9.421269
tcr_26_1,E,A,T,R,74,99,O,NE,9.851841
tcr_26_1,E,A,T,E,74,43,O,OE1,8.129936
tcr_26_1,E,A,T,E,74,43,O,OE2,9.241125
tcr_26_1,E,A,T,E,74,43,O,CD,9.127529
tcr_26_1,E,A,T,Q,74,96,CB,CB,9.040661
tcr_26_1,E,A,T,Q,74,96,CB,CG,8.439658
tcr_26_1,E,A,T,Q,74,96,CB,NE2,7.0868025
tcr_26_1,E,A,T,Q,74,96,CB,CD,7.4708195
tcr_26_1,E,A,T,Q,74,96,CB,OE1,7.3057113
tcr_26_1,E,A,T,R,74,99,CB,NH1,9.122955
tcr_26_1,E,A,T,E,74,43,CB,OE1,9.831569
tcr_26_1,E,A,T,Q,74,96,OG1,CB,9.230045
tcr_26_1,E,A,T,Q,74,96,OG1,CG,8.445654
tcr_26_1,E,A,T,Q,74,96,OG1,NE2,7.0080247
tcr_26_1,E,A,T,Q,74,96,OG1,CD,7.565619
tcr_26_1,E,A,T,Q,74,96,OG1,OE1,7.6241436
tcr_26_1,E,A,T,R,74,99,OG1,NH1,8.510717
tcr_26_1,E,A,T,R,74,99,OG1,CZ,9.632775
tcr_26_1,E,A,T,E,74,43,OG1,OE1,9.001807
tcr_26_1,E,A,T,Q,74,96,CG2,CB,9.79741
tcr_26_1,E,A,T,Q,74,96,CG2,CG,9.356831
tcr_26_1,E,A,T,Q,74,96,CG2,NE2,8.285285
tcr_26_1,E,A,T,Q,74,96,CG2,CD,8.522204
tcr_26_1,E,A,T,Q,74,96,CG2,OE1,8.314532
tcr_26_1,E,A,T,R,74,99,CG2,NH1,9.339625
tcr_26_1,E,A,D,R,75,93,N,NH1,9.578951
tcr_26_1,E,A,D,Q,75,89,N,OE1,9.022324
tcr_26_1,E,A,D,R,75,93,N,NE,9.957085
tcr_26_1,E,A,D,R,75,93,N,CD,8.659554
tcr_26_1,E,A,D,K,75,92,N,CB,9.756282
tcr_26_1,E,A,D,R,75,93,N,CG,8.231915
tcr_26_1,E,A,D,R,75,93,N,CB,9.280129
tcr_26_1,E,A,D,R,75,93,N,N,9.486158
tcr_26_1,E,A,D,R,75,93,N,CA,9.075688
tcr_26_1,E,A,D,K,75,92,N,C,9.583757
tcr_26_1,E,A,D,K,75,92,N,O,9.289066
tcr_26_1,E,A,D,Q,75,96,N,CB,7.672059
tcr_26_1,E,A,D,Q,75,96,N,CG,7.016431
tcr_26_1,E,A,D,Q,75,96,N,NE2,5.2246366
tcr_26_1,E,A,D,Q,75,96,N,CD,5.669549
tcr_26_1,E,A,D,Q,75,96,N,OE1,5.265347
tcr_26_1,E,A,D,R,75,93,N,O,9.807872
tcr_26_1,E,A,D,Q,75,96,N,C,9.765527
tcr_26_1,E,A,D,Q,75,96,N,N,9.985766
tcr_26_1,E,A,D,Q,75,96,N,CA,9.1193075
tcr_26_1,E,A,D,Q,75,89,CA,NE2,8.755737
tcr_26_1,E,A,D,Q,75,89,CA,CG,9.957851
tcr_26_1,E,A,D,Q,75,89,CA,CD,8.661417
tcr_26_1,E,A,D,R,75,93,CA,NH1,8.5918665
tcr_26_1,E,A,D,Q,75,89,CA,OE1,7.7042737
tcr_26_1,E,A,D,R,75,93,CA,CZ,9.419846
tcr_26_1,E,A,D,R,75,93,CA,NE,9.190143
tcr_26_1,E,A,D,R,75,93,CA,CD,8.001355
tcr_26_1,E,A,D,Q,75,89,CA,O,9.559838
tcr_26_1,E,A,D,K,75,92,CA,CB,8.856862
tcr_26_1,E,A,D,R,75,93,CA,CG,7.5664883
tcr_26_1,E,A,D,R,75,93,CA,CB,8.74026
tcr_26_1,E,A,D,R,75,93,CA,N,8.846342
tcr_26_1,E,A,D,K,75,92,CA,CA,9.6799965
tcr_26_1,E,A,D,R,75,93,CA,CA,8.60134
tcr_26_1,E,A,D,K,75,92,CA,C,8.973329
tcr_26_1,E,A,D,K,75,92,CA,O,8.842523
tcr_26_1,E,A,D,R,75,93,CA,C,9.758831
tcr_26_1,E,A,D,Q,75,96,CA,CB,7.8128357
tcr_26_1,E,A,D,Q,75,96,CA,CG,7.020648
tcr_26_1,E,A,D,Q,75,96,CA,NE2,4.9267616
tcr_26_1,E,A,D,Q,75,96,CA,CD,5.5572777
tcr_26_1,E,A,D,Q,75,96,CA,OE1,5.195917
tcr_26_1,E,A,D,R,75,93,CA,O,9.672317
tcr_26_1,E,A,D,Q,75,96,CA,N,9.977838
tcr_26_1,E,A,D,Q,75,96,CA,CA,9.300966
tcr_26_1,E,A,D,K,75,92,CA,CD,9.276467
tcr_26_1,E,A,D,K,75,92,CA,CG,9.748039
tcr_26_1,E,A,D,Q,75,89,C,NE2,8.697753
tcr_26_1,E,A,D,Q,75,89,C,CG,9.982413
tcr_26_1,E,A,D,Q,75,89,C,CD,8.715892
tcr_26_1,E,A,D,R,75,93,C,NH1,8.633611
tcr_26_1,E,A,D,Q,75,89,C,OE1,7.899778
tcr_26_1,E,A,D,R,75,93,C,CZ,9.613902
tcr_26_1,E,A,D,R,75,93,C,NE,9.5705
tcr_26_1,E,A,D,R,75,93,C,CD,8.496981
tcr_26_1,E,A,D,K,75,92,C,CB,9.785612
tcr_26_1,E,A,D,R,75,93,C,CG,8.281329
tcr_26_1,E,A,D,R,75,93,C,CB,9.593858
tcr_26_1,E,A,D,R,75,93,C,N,9.857189
tcr_26_1,E,A,D,R,75,93,C,CA,9.640466
tcr_26_1,E,A,D,Q,75,96,C,CB,9.258635
tcr_26_1,E,A,D,Q,75,96,C,CG,8.493172
tcr_26_1,E,A,D,Q,75,96,C,NE2,6.3534985
tcr_26_1,E,A,D,Q,75,96,C,CD,7.0025806
tcr_26_1,E,A,D,Q,75,96,C,OE1,6.576237
tcr_26_1,E,A,D,K,75,92,C,CD,9.991634
tcr_26_1,E,A,D,Q,75,89,O,NE2,9.737005
tcr_26_1,E,A,D,Q,75,89,O,CD,9.738679
tcr_26_1,E,A,D,R,75,93,O,NH1,9.234251
tcr_26_1,E,A,D,Q,75,89,O,OE1,8.948787
tcr_26_1,E,A,D,R,75,93,O,CD,9.092931
tcr_26_1,E,A,D,R,75,93,O,CG,9.024991
tcr_26_1,E,A,D,Q,75,96,O,CB,9.987181
tcr_26_1,E,A,D,Q,75,96,O,CG,9.337695
tcr_26_1,E,A,D,Q,75,96,O,NE2,7.329471
tcr_26_1,E,A,D,Q,75,96,O,CD,7.86765
tcr_26_1,E,A,D,Q,75,96,O,OE1,7.342506
tcr_26_1,E,A,D,Q,75,89,CB,NE2,8.0289955
tcr_26_1,E,A,D,Q,75,89,CB,CG,8.932931
tcr_26_1,E,A,D,Q,75,89,CB,C,9.076744
tcr_26_1,E,A,D,Q,75,89,CB,CB,8.962589
tcr_26_1,E,A,D,Q,75,89,CB,CA,9.111902
tcr_26_1,E,A,D,R,75,93,CB,NH2,9.253614
tcr_26_1,E,A,D,Q,75,89,CB,CD,7.7320385
tcr_26_1,E,A,D,R,75,93,CB,NH1,7.2522187
tcr_26_1,E,A,D,Q,75,89,CB,OE1,6.6871815
tcr_26_1,E,A,D,R,75,93,CB,CZ,7.9955897
tcr_26_1,E,A,D,R,75,93,CB,NE,7.696281
tcr_26_1,E,A,D,R,75,93,CB,CD,6.485393
tcr_26_1,E,A,D,Q,75,89,CB,O,8.163163
tcr_26_1,E,A,D,K,75,92,CB,CB,7.7590766
tcr_26_1,E,A,D,R,75,93,CB,CG,6.0321198
tcr_26_1,E,A,D,R,75,93,CB,CB,7.2196217
tcr_26_1,E,A,D,R,75,93,CB,N,7.454433
tcr_26_1,E,A,D,K,75,92,CB,CA,8.494194
tcr_26_1,E,A,D,R,75,93,CB,CA,7.1541834
tcr_26_1,E,A,D,K,75,92,CB,C,7.702445
tcr_26_1,E,A,D,K,75,92,CB,O,7.6489615
tcr_26_1,E,A,D,R,75,93,CB,C,8.350748
tcr_26_1,E,A,D,K,75,92,CB,N,9.588977
tcr_26_1,E,A,D,Q,75,94,CB,N,9.528468
tcr_26_1,E,A,D,Q,75,96,CB,O,9.698267
tcr_26_1,E,A,D,Q,75,96,CB,CB,6.8451557
tcr_26_1,E,A,D,Q,75,96,CB,CG,6.170798
tcr_26_1,E,A,D,Q,75,96,CB,NE2,4.209463
tcr_26_1,E,A,D,Q,75,96,CB,CD,4.648321
tcr_26_1,E,A,D,Q,75,96,CB,OE1,4.10308
tcr_26_1,E,A,D,R,75,93,CB,O,8.324235
tcr_26_1,E,A,D,Q,75,96,CB,C,9.125441
tcr_26_1,E,A,D,Q,75,96,CB,N,8.941999
tcr_26_1,E,A,D,Q,75,96,CB,CA,8.366643
tcr_26_1,E,A,D,A,75,97,CB,N,9.406883
tcr_26_1,E,A,D,K,75,92,CB,CE,9.74358
tcr_26_1,E,A,D,K,75,92,CB,NZ,9.810476
tcr_26_1,E,A,D,K,75,92,CB,CD,8.462345
tcr_26_1,E,A,D,K,75,92,CB,CG,8.797765
tcr_26_1,E,A,D,Q,75,89,CG,NE2,6.6316304
tcr_26_1,E,A,D,Q,75,89,CG,CG,7.6257286
tcr_26_1,E,A,D,T,75,88,CG,C,9.605958
tcr_26_1,E,A,D,Q,75,89,CG,C,7.901995
tcr_26_1,E,A,D,Q,75,89,CG,N,9.099692
tcr_26_1,E,A,D,Q,75,89,CG,CB,7.72666
tcr_26_1,E,A,D,Q,75,89,CG,CA,7.806375
tcr_26_1,E,A,D,T,75,88,CG,O,9.085481
tcr_26_1,E,A,D,K,75,90,CG,N,9.124023
tcr_26_1,E,A,D,K,75,90,CG,CA,9.648689
tcr_26_1,E,A,D,R,75,93,CG,NH2,8.581714
tcr_26_1,E,A,D,Q,75,89,CG,CD,6.3566227
tcr_26_1,E,A,D,R,75,93,CG,NH1,6.637566
tcr_26_1,E,A,D,Q,75,89,CG,OE1,5.3000803
tcr_26_1,E,A,D,R,75,93,CG,CZ,7.3821135
tcr_26_1,E,A,D,R,75,93,CG,NE,7.1748853
tcr_26_1,E,A,D,R,75,93,CG,CD,6.117887
tcr_26_1,E,A,D,Q,75,89,CG,O,7.048011
tcr_26_1,E,A,D,K,75,92,CG,CB,6.45914
tcr_26_1,E,A,D,R,75,93,CG,CG,5.4790096
tcr_26_1,E,A,D,R,75,93,CG,CB,6.6878076
tcr_26_1,E,A,D,R,75,93,CG,N,6.576224
tcr_26_1,E,A,D,K,75,92,CG,CA,7.352266
tcr_26_1,E,A,D,R,75,93,CG,CA,6.554062
tcr_26_1,E,A,D,K,75,92,CG,C,6.7573876
tcr_26_1,E,A,D,K,75,92,CG,O,6.855007
tcr_26_1,E,A,D,K,75,90,CG,O,9.536882
tcr_26_1,E,A,D,R,75,93,CG,C,7.8773785
tcr_26_1,E,A,D,K,75,92,CG,N,8.425076
tcr_26_1,E,A,D,K,75,90,CG,C,9.750035
tcr_26_1,E,A,D,Q,75,94,CG,N,8.944647
tcr_26_1,E,A,D,Y,75,91,CG,C,9.499168
tcr_26_1,E,A,D,Y,75,91,CG,O,9.727655
tcr_26_1,E,A,D,Q,75,96,CG,O,9.894383
tcr_26_1,E,A,D,Q,75,96,CG,CB,6.772536
tcr_26_1,E,A,D,Q,75,96,CG,CG,5.9142118
tcr_26_1,E,A,D,Q,75,96,CG,NE2,3.7553718
tcr_26_1,E,A,D,Q,75,96,CG,CD,4.4116063
tcr_26_1,E,A,D,Q,75,96,CG,OE1,4.0965695
tcr_26_1,E,A,D,R,75,93,CG,O,8.051417
tcr_26_1,E,A,D,Q,75,96,CG,C,9.184048
tcr_26_1,E,A,D,Q,75,96,CG,N,8.585598
tcr_26_1,E,A,D,Q,75,96,CG,CA,8.244909
tcr_26_1,E,A,D,A,75,97,CG,N,9.439335
tcr_26_1,E,A,D,A,75,95,CG,C,9.841974
tcr_26_1,E,A,D,K,75,92,CG,CE,8.259391
tcr_26_1,E,A,D,K,75,92,CG,NZ,8.309752
tcr_26_1,E,A,D,K,75,92,CG,CD,6.985639
tcr_26_1,E,A,D,K,75,92,CG,CG,7.4132032
tcr_26_1,E,A,D,Q,75,89,OD1,NE2,6.026051
tcr_26_1,E,A,D,Q,75,89,OD1,CG,7.376881
tcr_26_1,E,A,D,T,75,88,OD1,C,9.599834
tcr_26_1,E,A,D,Q,75,89,OD1,C,8.205604
tcr_26_1,E,A,D,Q,75,89,OD1,N,9.079359
tcr_26_1,E,A,D,Q,75,89,OD1,CB,7.7246404
tcr_26_1,E,A,D,Q,75,89,OD1,CA,7.874818
tcr_26_1,E,A,D,T,75,88,OD1,O,9.156768
tcr_26_1,E,A,D,K,75,90,OD1,N,9.476321
tcr_26_1,E,A,D,R,75,93,OD1,NH2,9.072177
tcr_26_1,E,A,D,Q,75,89,OD1,CD,5.9910927
tcr_26_1,E,A,D,R,75,93,OD1,NH1,7.0877223
tcr_26_1,E,A,D,Q,75,89,OD1,OE1,5.071745
tcr_26_1,E,A,D,R,75,93,OD1,CZ,7.945427
tcr_26_1,E,A,D,R,75,93,OD1,NE,7.9101443
tcr_26_1,E,A,D,R,75,93,OD1,CD,7.000183
tcr_26_1,E,A,D,Q,75,89,OD1,O,7.483169
tcr_26_1,E,A,D,K,75,92,OD1,CB,6.6896567
tcr_26_1,E,A,D,R,75,93,OD1,CG,6.386369
tcr_26_1,E,A,D,R,75,93,OD1,CB,7.627758
tcr_26_1,E,A,D,R,75,93,OD1,N,7.3154044
tcr_26_1,E,A,D,K,75,92,OD1,CA,7.7794976
tcr_26_1,E,A,D,R,75,93,OD1,CA,7.4856973
tcr_26_1,E,A,D,K,75,92,OD1,C,7.4080186
tcr_26_1,E,A,D,K,75,92,OD1,O,7.5804768
tcr_26_1,E,A,D,R,75,93,OD1,C,8.855399
tcr_26_1,E,A,D,K,75,92,OD1,N,8.835009
tcr_26_1,E,A,D,Q,75,94,OD1,N,9.84925
tcr_26_1,E,A,D,Y,75,91,OD1,C,9.999627
tcr_26_1,E,A,D,Q,75,96,OD1,CB,7.777796
tcr_26_1,E,A,D,Q,75,96,OD1,CG,6.7720146
tcr_26_1,E,A,D,Q,75,96,OD1,NE2,4.444918
tcr_26_1,E,A,D,Q,75,96,OD1,CD,5.3251195
tcr_26_1,E,A,D,Q,75,96,OD1,OE1,5.1953955
tcr_26_1,E,A,D,R,75,93,OD1,O,9.113164
tcr_26_1,E,A,D,Q,75,96,OD1,N,9.477532
tcr_26_1,E,A,D,Q,75,96,OD1,CA,9.206601
tcr_26_1,E,A,D,K,75,92,OD1,CE,7.8851123
tcr_26_1,E,A,D,K,75,92,OD1,NZ,7.724768
tcr_26_1,E,A,D,K,75,92,OD1,CD,6.7515483
tcr_26_1,E,A,D,K,75,92,OD1,CG,7.4246655
tcr_26_1,E,A,D,Q,75,89,OD2,NE2,6.4205236
tcr_26_1,E,A,D,Q,75,89,OD2,CG,7.1151733
tcr_26_1,E,A,D,T,75,88,OD2,C,8.695765
tcr_26_1,E,A,D,Q,75,89,OD2,C,6.885198
tcr_26_1,E,A,D,Q,75,89,OD2,N,8.249102
tcr_26_1,E,A,D,Q,75,89,OD2,CB,7.015118
tcr_26_1,E,A,D,Q,75,89,OD2,CA,6.938126
tcr_26_1,E,A,D,T,75,88,OD2,O,8.106776
tcr_26_1,E,A,D,K,75,90,OD2,N,8.0867815
tcr_26_1,E,A,D,K,75,90,OD2,CA,8.534506
tcr_26_1,E,A,D,Y,75,91,OD2,N,9.098911
tcr_26_1,E,A,D,R,75,93,OD2,NH2,7.816408
tcr_26_1,E,A,D,Q,75,89,OD2,CD,5.9436235
tcr_26_1,E,A,D,R,75,93,OD2,NH1,6.0489483
tcr_26_1,E,A,D,Q,75,89,OD2,OE1,4.7850103
tcr_26_1,E,A,D,R,75,93,OD2,CZ,6.6225266
tcr_26_1,E,A,D,R,75,93,OD2,NE,6.291291
tcr_26_1,E,A,D,R,75,93,OD2,CD,5.230405
tcr_26_1,E,A,D,Q,75,89,OD2,O,5.951178
tcr_26_1,E,A,D,K,75,92,OD2,CB,5.422877
tcr_26_1,E,A,D,R,75,93,OD2,CG,4.3987384
tcr_26_1,E,A,D,R,75,93,OD2,CB,5.5241375
tcr_26_1,E,A,D,R,75,93,OD2,N,5.327795
tcr_26_1,E,A,D,K,75,92,OD2,CA,6.2084584
tcr_26_1,E,A,D,R,75,93,OD2,CA,5.32853
tcr_26_1,E,A,D,K,75,92,OD2,C,5.546145
tcr_26_1,E,A,D,Y,75,91,OD2,CA,9.427002
tcr_26_1,E,A,D,K,75,92,OD2,O,5.691523
tcr_26_1,E,A,D,K,75,90,OD2,O,8.313691
tcr_26_1,E,A,D,R,75,93,OD2,C,6.6742654
tcr_26_1,E,A,D,K,75,92,OD2,N,7.2606645
tcr_26_1,E,A,D,K,75,90,OD2,C,8.562775
tcr_26_1,E,A,D,Q,75,94,OD2,N,7.713334
tcr_26_1,E,A,D,Y,75,91,OD2,C,8.297482
tcr_26_1,E,A,D,Y,75,91,OD2,O,8.513311
tcr_26_1,E,A,D,A,75,95,OD2,N,8.849569
tcr_26_1,E,A,D,Q,75,94,OD2,CA,9.03671
tcr_26_1,E,A,D,Q,75,96,OD2,O,9.122847
tcr_26_1,E,A,D,Q,75,96,OD2,CB,5.9177732
tcr_26_1,E,A,D,Q,75,96,OD2,CG,5.1267653
tcr_26_1,E,A,D,Q,75,96,OD2,NE2,3.218539
tcr_26_1,E,A,D,Q,75,96,OD2,CD,3.6845317
tcr_26_1,E,A,D,Q,75,96,OD2,OE1,3.3502839
tcr_26_1,E,A,D,R,75,93,OD2,O,6.917483
tcr_26_1,E,A,D,Q,75,96,OD2,C,8.312183
tcr_26_1,E,A,D,Q,75,96,OD2,N,7.5702033
tcr_26_1,E,A,D,Q,75,96,OD2,CA,7.355384
tcr_26_1,E,A,D,A,75,97,OD2,N,8.485147
tcr_26_1,E,A,D,A,75,95,OD2,C,8.813803
tcr_26_1,E,A,D,A,75,97,OD2,CA,9.632793
tcr_26_1,E,A,D,A,75,95,OD2,CA,9.264756
tcr_26_1,E,A,D,A,75,97,OD2,CB,9.79994
tcr_26_1,E,A,D,A,75,95,OD2,O,9.736626
tcr_26_1,E,A,D,Q,75,94,OD2,C,9.244437
tcr_26_1,E,A,D,Q,75,94,OD2,O,9.936077
tcr_26_1,E,A,D,T,75,88,OD2,CG2,9.869793
tcr_26_1,E,A,D,K,75,92,OD2,CE,7.664669
tcr_26_1,E,A,D,K,75,92,OD2,NZ,7.913127
tcr_26_1,E,A,D,K,75,92,OD2,CD,6.2840962
tcr_26_1,E,A,D,K,75,92,OD2,CG,6.5173817
tcr_26_1,E,A,D,A,75,95,OD2,CB,9.065638
tcr_26_1,E,A,Q,Q,76,89,N,NE2,7.673051
tcr_26_1,E,A,Q,Q,76,89,N,CG,9.125209
tcr_26_1,E,A,Q,Q,76,89,N,CB,9.63434
tcr_26_1,E,A,Q,Q,76,89,N,CD,7.826822
tcr_26_1,E,A,Q,R,76,93,N,NH1,8.313681
tcr_26_1,E,A,Q,Q,76,89,N,OE1,7.1297116
tcr_26_1,E,A,Q,R,76,93,N,CZ,9.378006
tcr_26_1,E,A,Q,R,76,93,N,NE,9.490732
tcr_26_1,E,A,Q,R,76,93,N,CD,8.566734
tcr_26_1,E,A,Q,Q,76,89,N,O,9.850547
tcr_26_1,E,A,Q,K,76,92,N,CB,9.457052
tcr_26_1,E,A,Q,R,76,93,N,CG,8.347204
tcr_26_1,E,A,Q,R,76,93,N,CB,9.724301
tcr_26_1,E,A,Q,R,76,93,N,N,9.848445
tcr_26_1,E,A,Q,R,76,93,N,CA,9.804882
tcr_26_1,E,A,Q,Q,76,96,N,CB,9.828516
tcr_26_1,E,A,Q,Q,76,96,N,CG,8.954706
tcr_26_1,E,A,Q,Q,76,96,N,NE2,6.672709
tcr_26_1,E,A,Q,Q,76,96,N,CD,7.4548063
tcr_26_1,E,A,Q,Q,76,96,N,OE1,7.1213098
tcr_26_1,E,A,Q,K,76,92,N,CD,9.382832
tcr_26_1,E,A,Q,Q,76,89,CA,NE2,7.8477135
tcr_26_1,E,A,Q,Q,76,89,CA,CG,9.367054
tcr_26_1,E,A,Q,Q,76,89,CA,CD,8.136514
tcr_26_1,E,A,Q,R,76,93,CA,NH1,8.721489
tcr_26_1,E,A,Q,Q,76,89,CA,OE1,7.6241884
tcr_26_1,E,A,Q,R,76,93,CA,CZ,9.888788
tcr_26_1,E,A,Q,R,76,93,CA,CD,9.3781185
tcr_26_1,E,A,Q,R,76,93,CA,CG,9.316511
tcr_26_1,E,A,Q,Q,76,96,CA,NE2,8.0875635
tcr_26_1,E,A,Q,Q,76,96,CA,CD,8.877952
tcr_26_1,E,A,Q,Q,76,96,CA,OE1,8.520319
tcr_26_1,E,A,Q,Q,76,89,C,NE2,7.6317534
tcr_26_1,E,A,Q,Q,76,89,C,CG,8.85472
tcr_26_1,E,A,Q,Q,76,89,C,CB,9.459792
tcr_26_1,E,A,Q,R,76,93,C,NH2,9.994821
tcr_26_1,E,A,Q,Q,76,89,C,CD,7.7993784
tcr_26_1,E,A,Q,R,76,93,C,NH1,7.790036
tcr_26_1,E,A,Q,Q,76,89,C,OE1,7.3575606
tcr_26_1,E,A,Q,R,76,93,C,CZ,9.014089
tcr_26_1,E,A,Q,R,76,93,C,NE,9.411547
tcr_26_1,E,A,Q,R,76,93,C,CD,8.737599
tcr_26_1,E,A,Q,R,76,93,C,CG,8.909073
tcr_26_1,E,A,Q,Q,76,96,C,NE2,8.710649
tcr_26_1,E,A,Q,Q,76,96,C,CD,9.356616
tcr_26_1,E,A,Q,Q,76,96,C,OE1,8.844556
tcr_26_1,E,A,Q,Q,76,89,O,NE2,6.7674856
tcr_26_1,E,A,Q,Q,76,89,O,CG,7.7853985
tcr_26_1,E,A,Q,Q,76,89,O,C,9.611511
tcr_26_1,E,A,Q,Q,76,89,O,CB,8.312733
tcr_26_1,E,A,Q,Q,76,89,O,CA,9.163567
tcr_26_1,E,A,Q,R,76,93,O,NH2,8.771903
tcr_26_1,E,A,Q,Q,76,89,O,CD,6.7984686
tcr_26_1,E,A,Q,R,76,93,O,NH1,6.5707226
tcr_26_1,E,A,Q,Q,76,89,O,OE1,6.3352485
tcr_26_1,E,A,Q,R,76,93,O,CZ,7.801886
tcr_26_1,E,A,Q,R,76,93,O,NE,8.237072
tcr_26_1,E,A,Q,R,76,93,O,CD,7.632231
tcr_26_1,E,A,Q,Q,76,89,O,O,9.19299
tcr_26_1,E,A,Q,K,76,92,O,CB,9.801384
tcr_26_1,E,A,Q,R,76,93,O,CG,7.8492537
tcr_26_1,E,A,Q,R,76,93,O,CB,9.37364
tcr_26_1,E,A,Q,R,76,93,O,N,9.9237795
tcr_26_1,E,A,Q,R,76,93,O,CA,9.866915
tcr_26_1,E,A,Q,Q,76,96,O,NE2,8.263597
tcr_26_1,E,A,Q,Q,76,96,O,CD,8.834764
tcr_26_1,E,A,Q,Q,76,96,O,OE1,8.276562
tcr_26_1,E,A,Q,K,76,92,O,CD,9.770678
tcr_26_1,E,A,Q,Q,76,89,CB,NE2,7.256128
tcr_26_1,E,A,Q,Q,76,89,CB,CG,9.067329
tcr_26_1,E,A,Q,Q,76,89,CB,CB,9.92711
tcr_26_1,E,A,Q,Q,76,89,CB,CD,7.779768
tcr_26_1,E,A,Q,R,76,93,CB,NH1,9.24938
tcr_26_1,E,A,Q,Q,76,89,CB,OE1,7.4278135
tcr_26_1,E,A,Q,R,76,93,CB,CG,9.967059
tcr_26_1,E,A,Q,Q,76,96,CB,NE2,8.504527
tcr_26_1,E,A,Q,Q,76,96,CB,CD,9.444
tcr_26_1,E,A,Q,Q,76,96,CB,OE1,9.249262
tcr_26_1,E,A,Q,K,76,92,CB,NZ,9.831322
tcr_26_1,E,A,Q,K,76,92,CB,CD,9.782038
tcr_26_1,E,A,Q,Q,76,89,CG,NE2,8.04887
tcr_26_1,E,A,Q,Q,76,89,CG,CD,8.660826
tcr_26_1,E,A,Q,Q,76,89,CG,OE1,8.268611
tcr_26_1,E,A,Q,Q,76,96,CG,NE2,8.455405
tcr_26_1,E,A,Q,Q,76,96,CG,CD,9.507849
tcr_26_1,E,A,Q,Q,76,96,CG,OE1,9.469291
tcr_26_1,E,A,Q,K,76,92,CG,NZ,9.85884
tcr_26_1,E,A,Q,K,76,92,CG,CD,9.973604
tcr_26_1,E,A,Q,Q,76,89,CD,NE2,8.012859
tcr_26_1,E,A,Q,Q,76,89,CD,CD,8.824644
tcr_26_1,E,A,Q,Q,76,89,CD,OE1,8.597919
tcr_26_1,E,A,Q,Q,76,96,CD,NE2,9.307538
tcr_26_1,E,A,Q,K,76,92,CD,NZ,9.499065
tcr_26_1,E,A,Q,K,76,92,CD,CD,9.997949
tcr_26_1,E,A,Q,Q,76,89,OE1,NE2,7.395684
tcr_26_1,E,A,Q,Q,76,89,OE1,CG,9.624328
tcr_26_1,E,A,Q,Q,76,89,OE1,CD,8.31315
tcr_26_1,E,A,Q,Q,76,89,OE1,OE1,8.247317
tcr_26_1,E,A,Q,Q,76,96,OE1,NE2,9.883231
tcr_26_1,E,A,Q,K,76,92,OE1,NZ,9.174869
tcr_26_1,E,A,Q,K,76,92,OE1,CD,9.843978
tcr_26_1,E,A,Q,Q,76,89,NE2,NE2,8.956064
tcr_26_1,E,A,Q,Q,76,89,NE2,CD,9.804752
tcr_26_1,E,A,Q,Q,76,89,NE2,OE1,9.556877
tcr_26_1,E,A,Q,Q,76,96,NE2,NE2,9.659079
tcr_26_1,E,A,Q,K,76,92,NE2,NZ,9.830313
tcr_26_1,E,A,G,Q,77,89,N,NE2,8.658414
tcr_26_1,E,A,G,Q,77,89,N,CG,9.806485
tcr_26_1,E,A,G,Q,77,89,N,CD,8.850415
tcr_26_1,E,A,G,R,77,93,N,NH1,8.550777
tcr_26_1,E,A,G,Q,77,89,N,OE1,8.492999
tcr_26_1,E,A,G,R,77,93,N,CZ,9.797809
tcr_26_1,E,A,G,R,77,93,N,CD,9.628332
tcr_26_1,E,A,G,R,77,93,N,CG,9.944049
tcr_26_1,E,A,G,Q,77,96,N,NE2,9.947425
tcr_26_1,E,A,G,Q,77,96,N,OE1,9.983978
tcr_26_1,E,A,G,Q,77,89,CA,NE2,8.9249525
tcr_26_1,E,A,G,Q,77,89,CA,CG,9.798574
tcr_26_1,E,A,G,Q,77,89,CA,CD,9.038147
tcr_26_1,E,A,G,R,77,93,CA,NH1,8.256789
tcr_26_1,E,A,G,Q,77,89,CA,OE1,8.782221
tcr_26_1,E,A,G,R,77,93,CA,CZ,9.5193
tcr_26_1,E,A,G,R,77,93,CA,CD,9.617036
tcr_26_1,E,A,G,Q,77,89,C,NE2,8.797829
tcr_26_1,E,A,G,Q,77,89,C,CG,9.7327585
tcr_26_1,E,A,G,Q,77,89,C,CD,9.058337
tcr_26_1,E,A,G,R,77,93,C,NH1,8.775504
tcr_26_1,E,A,G,Q,77,89,C,OE1,9.00569
tcr_26_1,E,A,G,Q,77,89,O,NE2,8.03443
tcr_26_1,E,A,G,Q,77,89,O,CG,9.180166
tcr_26_1,E,A,G,Q,77,89,O,CD,8.445273
tcr_26_1,E,A,G,R,77,93,O,NH1,8.865642
tcr_26_1,E,A,G,Q,77,89,O,OE1,8.484758
tcr_26_1,E,A,E,Q,78,89,N,NE2,9.7782755
tcr_26_1,E,A,E,R,78,93,N,NH1,9.409775
tcr_26_1,E,A,P,Q,80,89,CG,NE2,9.751382
tcr_26_1,E,A,R,R,87,103,N,NH1,9.864162
tcr_26_1,E,A,R,R,87,103,CA,NH1,9.192586
tcr_26_1,E,A,R,R,87,103,C,NH1,8.07334
tcr_26_1,E,A,R,R,87,103,C,NH2,9.037379
tcr_26_1,E,A,R,R,87,103,C,CZ,9.093672
tcr_26_1,E,A,R,V,87,100,O,CG2,9.378056
tcr_26_1,E,A,R,R,87,103,O,NE,9.146074
tcr_26_1,E,A,R,R,87,103,O,NH1,6.924748
tcr_26_1,E,A,R,R,87,103,O,NH2,7.833131
tcr_26_1,E,A,R,R,87,103,O,CZ,7.9175377
tcr_26_1,E,A,R,R,87,103,O,CD,9.693173
tcr_26_1,E,A,R,R,87,99,O,NH1,9.243957
tcr_26_1,E,A,R,R,87,99,O,CZ,9.528374
tcr_26_1,E,A,R,R,87,99,O,NH2,9.558416
tcr_26_1,E,A,R,V,87,100,CB,CG2,9.877622
tcr_26_1,E,A,R,R,87,103,CB,NH1,8.965036
tcr_26_1,E,A,R,R,87,103,CB,NH2,9.938398
tcr_26_1,E,A,R,V,87,100,CG,CG2,9.733043
tcr_26_1,E,A,R,R,87,103,CG,NH1,8.839796
tcr_26_1,E,A,R,R,87,103,CG,CZ,9.991351
tcr_26_1,E,A,R,V,87,100,CD,CG2,9.165458
tcr_26_1,E,A,R,V,87,100,CD,CG1,9.9341545
tcr_26_1,E,A,R,R,87,103,CD,NH1,9.157954
tcr_26_1,E,A,R,V,87,100,NE,CG2,9.356526
tcr_26_1,E,A,R,V,87,100,NE,CG1,9.768168
tcr_26_1,E,A,R,R,87,103,NE,NH1,9.419246
tcr_26_1,E,A,R,K,87,104,CZ,NZ,9.841121
tcr_26_1,E,A,R,V,87,100,CZ,CG2,8.891572
tcr_26_1,E,A,R,K,87,104,CZ,CE,9.938093
tcr_26_1,E,A,R,V,87,100,CZ,CB,9.816906
tcr_26_1,E,A,R,V,87,100,CZ,CG1,9.138828
tcr_26_1,E,A,R,R,87,103,CZ,NH1,9.603421
tcr_26_1,E,A,R,K,87,104,NH1,NZ,9.437264
tcr_26_1,E,A,R,V,87,100,NH1,CG2,8.129151
tcr_26_1,E,A,R,K,87,104,NH1,CE,9.619446
tcr_26_1,E,A,R,V,87,100,NH1,CB,9.09823
tcr_26_1,E,A,R,V,87,100,NH1,CG1,8.543196
tcr_26_1,E,A,R,R,87,103,NH1,NH1,9.553819
tcr_26_1,E,A,R,K,87,104,NH2,NZ,9.450978
tcr_26_1,E,A,R,V,87,100,NH2,CG2,9.418901
tcr_26_1,E,A,R,K,87,104,NH2,CE,9.619645
tcr_26_1,E,A,R,V,87,100,NH2,CG1,9.33759
tcr_26_1,E,A,S,R,88,103,N,NH1,8.588108
tcr_26_1,E,A,S,R,88,103,N,NH2,9.629121
tcr_26_1,E,A,S,R,88,103,N,CZ,9.61734
tcr_26_1,E,A,S,R,88,103,CA,NH1,7.9880333
tcr_26_1,E,A,S,R,88,103,CA,NH2,9.071719
tcr_26_1,E,A,S,R,88,103,CA,CZ,8.987783
tcr_26_1,E,A,S,R,88,103,C,NE,9.56736
tcr_26_1,E,A,S,R,88,103,C,NH1,7.5006084
tcr_26_1,E,A,S,R,88,103,C,NH2,8.90601
tcr_26_1,E,A,S,R,88,103,C,CZ,8.604425
tcr_26_1,E,A,S,R,88,103,C,CD,9.721907
tcr_26_1,E,A,S,R,88,103,O,NE,8.620688
tcr_26_1,E,A,S,R,88,103,O,NH1,6.665926
tcr_26_1,E,A,S,R,88,103,O,NH2,8.134045
tcr_26_1,E,A,S,R,88,103,O,CZ,7.7430964
tcr_26_1,E,A,S,R,88,103,O,CD,8.713012
tcr_26_1,E,A,S,R,88,103,CB,NH1,9.193377
tcr_26_1,E,A,T,R,89,103,N,NH1,8.23461
tcr_26_1,E,A,T,R,89,103,N,NH2,9.801929
tcr_26_1,E,A,T,R,89,103,N,CZ,9.41788
tcr_26_1,E,A,T,R,89,103,CA,NH1,8.307052
tcr_26_1,E,A,T,R,89,103,CA,CZ,9.544271
tcr_26_1,E,A,T,R,89,103,C,NH1,8.279861
tcr_26_1,E,A,T,R,89,103,C,CZ,9.567328
tcr_26_1,E,A,T,R,89,103,O,NH1,8.383955
tcr_26_1,E,A,T,R,89,103,O,CZ,9.662971
tcr_26_1,E,A,T,R,89,103,CB,NH1,9.70854
tcr_26_1,E,A,T,R,90,103,N,NH1,8.416796
tcr_26_1,E,A,T,R,90,103,N,CZ,9.712929
tcr_26_1,E,A,T,K,90,104,CA,NZ,9.919735
tcr_26_1,E,A,T,K,90,104,CA,CE,9.617013
tcr_26_1,E,A,T,V,90,100,CA,CG1,9.770091
tcr_26_1,E,A,T,R,90,103,CA,NH1,8.869371
tcr_26_1,E,A,T,K,90,104,CB,NZ,8.895831
tcr_26_1,E,A,T,K,90,104,CB,CD,9.938257
tcr_26_1,E,A,T,K,90,104,CB,CE,8.586454
tcr_26_1,E,A,T,V,90,100,CB,CG1,9.268782
tcr_26_1,E,A,T,K,90,104,CB,CG,9.995138
tcr_26_1,E,A,T,R,90,103,CB,NH1,8.872955
tcr_26_1,E,A,T,K,90,170,OG1,NZ,9.928527
tcr_26_1,E,A,T,K,90,104,OG1,NZ,8.137933
tcr_26_1,E,A,T,V,90,100,OG1,CG2,9.111296
tcr_26_1,E,A,T,K,90,104,OG1,CD,8.9101925
tcr_26_1,E,A,T,K,90,104,OG1,CE,7.6380315
tcr_26_1,E,A,T,V,90,100,OG1,CB,9.427061
tcr_26_1,E,A,T,V,90,100,OG1,CG1,8.209782
tcr_26_1,E,A,T,K,90,104,OG1,CG,8.828887
tcr_26_1,E,A,T,R,90,103,OG1,NE,9.289302
tcr_26_1,E,A,T,R,90,103,OG1,NH1,7.6190867
tcr_26_1,E,A,T,R,90,103,OG1,NH2,9.795411
tcr_26_1,E,A,T,R,90,103,OG1,CZ,8.850902
tcr_26_1,E,A,T,R,90,103,OG1,CD,8.641959
tcr_26_1,E,A,T,R,90,103,OG1,CG,9.726
tcr_26_1,E,A,T,K,90,170,CG2,NZ,9.620735
tcr_26_1,E,A,T,K,90,104,CG2,NZ,8.06427
tcr_26_1,E,A,T,V,90,100,CG2,CG2,9.908919
tcr_26_1,E,A,T,K,90,104,CG2,CD,9.427676
tcr_26_1,E,A,T,K,90,104,CG2,CE,7.990656
tcr_26_1,E,A,T,V,90,100,CG2,CG1,8.961105
tcr_26_1,E,A,T,K,90,104,CG2,CG,9.712903
tcr_26_1,E,A,T,R,90,103,CG2,NH1,9.555073
tcr_26_1,E,A,Q,A,113,174,C,CB,9.3352
tcr_26_1,E,A,Q,A,113,174,O,CB,9.610673
tcr_26_1,E,A,Q,K,113,104,O,NZ,9.231367
tcr_26_1,E,A,Q,Q,113,179,CG,NE2,9.8841915
tcr_26_1,E,A,Q,A,113,174,CG,O,9.582804
tcr_26_1,E,A,Q,A,113,174,CG,CA,9.748105
tcr_26_1,E,A,Q,A,113,174,CG,CB,9.20307
tcr_26_1,E,A,Q,Q,113,179,CD,CD,9.443745
tcr_26_1,E,A,Q,Q,113,179,CD,NE2,8.872648
tcr_26_1,E,A,Q,Q,113,179,CD,OE1,9.293946
tcr_26_1,E,A,Q,A,113,174,CD,O,9.588009
tcr_26_1,E,A,Q,A,113,174,CD,CB,9.586025
tcr_26_1,E,A,Q,Q,113,179,OE1,CD,9.784676
tcr_26_1,E,A,Q,Q,113,179,OE1,NE2,9.092869
tcr_26_1,E,A,Q,Q,113,179,OE1,OE1,9.658572
tcr_26_1,E,A,Q,Q,113,179,NE2,CG,9.481032
tcr_26_1,E,A,Q,Q,113,179,NE2,CD,8.450766
tcr_26_1,E,A,Q,Q,113,179,NE2,NE2,7.888169
tcr_26_1,E,A,Q,Q,113,179,NE2,OE1,8.398717
tcr_26_1,E,A,Q,A,113,174,NE2,C,9.509662
tcr_26_1,E,A,Q,A,113,174,NE2,O,8.602875
tcr_26_1,E,A,Q,A,113,174,NE2,CA,9.347801
tcr_26_1,E,A,Q,A,113,174,NE2,CB,8.934668
tcr_26_1,E,A,K,A,114,174,N,C,9.945248
tcr_26_1,E,A,K,A,114,174,N,O,9.63532
tcr_26_1,E,A,K,A,114,174,N,CA,8.96715
tcr_26_1,E,A,K,A,114,174,N,CB,8.324579
tcr_26_1,E,A,K,A,114,174,N,N,9.768577
tcr_26_1,E,A,K,A,114,174,CA,C,9.1851425
tcr_26_1,E,A,K,A,114,174,CA,O,9.00565
tcr_26_1,E,A,K,A,114,174,CA,CA,8.086701
tcr_26_1,E,A,K,A,114,174,CA,CB,7.327569
tcr_26_1,E,A,K,K,114,170,CA,CA,9.780039
tcr_26_1,E,A,K,K,114,170,CA,C,9.618899
tcr_26_1,E,A,K,A,114,173,CA,CB,9.785622
tcr_26_1,E,A,K,A,114,174,CA,N,8.786094
tcr_26_1,E,A,K,K,114,170,CA,O,8.830167
tcr_26_1,E,A,K,A,114,173,CA,O,9.227613
tcr_26_1,E,A,K,A,114,173,CA,C,9.30621
tcr_26_1,E,A,K,K,114,170,CA,CD,9.299875
tcr_26_1,E,A,K,K,114,170,CA,CG,9.404097
tcr_26_1,E,A,K,K,114,170,CA,CB,9.395149
tcr_26_1,E,A,K,K,114,170,CA,NZ,9.420866
tcr_26_1,E,A,K,K,114,170,CA,CE,9.433079
tcr_26_1,E,A,K,K,114,104,CA,NZ,8.900261
tcr_26_1,E,A,K,Q,114,179,C,OE1,9.6890335
tcr_26_1,E,A,K,R,114,175,C,N,9.752032
tcr_26_1,E,A,K,A,114,174,C,C,8.482247
tcr_26_1,E,A,K,A,114,174,C,O,8.218187
tcr_26_1,E,A,K,A,114,174,C,CA,7.4956064
tcr_26_1,E,A,K,A,114,174,C,CB,6.5490966
tcr_26_1,E,A,K,K,114,170,C,CA,9.363796
tcr_26_1,E,A,K,K,114,170,C,C,9.045515
tcr_26_1,E,A,K,A,114,173,C,CB,9.751126
tcr_26_1,E,A,K,A,114,174,C,N,8.330245
tcr_26_1,E,A,K,K,114,170,C,O,8.290894
tcr_26_1,E,A,K,A,114,173,C,O,9.064785
tcr_26_1,E,A,K,A,114,173,C,C,9.041677
tcr_26_1,E,A,K,W,114,171,C,CA,9.961379
tcr_26_1,E,A,K,W,114,171,C,CD1,9.379748
tcr_26_1,E,A,K,E,114,176,C,OE2,9.092709
tcr_26_1,E,A,K,W,114,171,C,NE1,9.669854
tcr_26_1,E,A,K,W,114,171,C,N,9.844266
tcr_26_1,E,A,K,K,114,170,C,CD,8.916476
tcr_26_1,E,A,K,K,114,170,C,CG,9.105171
tcr_26_1,E,A,K,K,114,170,C,CB,8.909354
tcr_26_1,E,A,K,K,114,170,C,NZ,9.133485
tcr_26_1,E,A,K,K,114,170,C,CE,9.2296715
tcr_26_1,E,A,K,K,114,104,C,NZ,8.3507805
tcr_26_1,E,A,K,K,114,104,C,CE,9.701272
tcr_26_1,E,A,K,Q,114,179,O,CD,9.343713
tcr_26_1,E,A,K,Q,114,179,O,NE2,9.367274
tcr_26_1,E,A,K,Q,114,179,O,OE1,8.735349
tcr_26_1,E,A,K,R,114,175,O,N,9.242979
tcr_26_1,E,A,K,A,114,174,O,C,7.938237
tcr_26_1,E,A,K,A,114,174,O,O,7.519816
tcr_26_1,E,A,K,A,114,174,O,CA,7.129116
tcr_26_1,E,A,K,E,114,176,O,N,9.79548
tcr_26_1,E,A,K,E,114,176,O,CA,9.903519
tcr_26_1,E,A,K,A,114,174,O,CB,6.2488856
tcr_26_1,E,A,K,K,114,170,O,CA,9.769927
tcr_26_1,E,A,K,K,114,170,O,C,9.266866
tcr_26_1,E,A,K,A,114,173,O,CB,9.897666
tcr_26_1,E,A,K,A,114,174,O,N,8.135366
tcr_26_1,E,A,K,K,114,170,O,O,8.431809
tcr_26_1,E,A,K,A,114,173,O,O,8.816084
tcr_26_1,E,A,K,A,114,173,O,C,8.877811
tcr_26_1,E,A,K,W,114,171,O,CA,9.929439
tcr_26_1,E,A,K,W,114,171,O,CD1,9.467646
tcr_26_1,E,A,K,E,114,176,O,CB,9.610321
tcr_26_1,E,A,K,E,114,176,O,OE2,8.818455
tcr_26_1,E,A,K,E,114,176,O,CD,9.8235035
tcr_26_1,E,A,K,W,114,171,O,NE1,9.792096
tcr_26_1,E,A,K,W,114,171,O,N,9.987196
tcr_26_1,E,A,K,K,114,170,O,CD,9.676181
tcr_26_1,E,A,K,K,114,170,O,CG,9.790953
tcr_26_1,E,A,K,K,114,170,O,CB,9.423429
tcr_26_1,E,A,K,K,114,104,O,NZ,9.248922
tcr_26_1,E,A,K,R,114,175,CB,N,9.595974
tcr_26_1,E,A,K,A,114,174,CB,C,8.391747
tcr_26_1,E,A,K,A,114,174,CB,O,8.343894
tcr_26_1,E,A,K,A,114,174,CB,CA,7.1972237
tcr_26_1,E,A,K,A,114,174,CB,CB,6.6434674
tcr_26_1,E,A,K,K,114,170,CB,CA,9.015102
tcr_26_1,E,A,K,K,114,170,CB,C,8.872124
tcr_26_1,E,A,K,A,114,173,CB,CB,8.510551
tcr_26_1,E,A,K,A,114,174,CB,N,7.7644277
tcr_26_1,E,A,K,A,114,173,CB,N,9.988475
tcr_26_1,E,A,K,A,114,173,CB,CA,9.08589
tcr_26_1,E,A,K,K,114,170,CB,O,8.000629
tcr_26_1,E,A,K,A,114,173,CB,O,7.990355
tcr_26_1,E,A,K,A,114,173,CB,C,8.129623
tcr_26_1,E,A,K,W,114,171,CB,N,9.9098425
tcr_26_1,E,A,K,K,114,170,CB,CD,8.989944
tcr_26_1,E,A,K,K,114,170,CB,CG,8.853901
tcr_26_1,E,A,K,K,114,170,CB,CB,8.833694
tcr_26_1,E,A,K,K,114,170,CB,NZ,9.40711
tcr_26_1,E,A,K,K,114,170,CB,CE,9.179552
tcr_26_1,E,A,K,K,114,104,CB,NZ,9.490293
tcr_26_1,E,A,K,R,114,175,CG,N,9.115866
tcr_26_1,E,A,K,A,114,174,CG,C,7.9996486
tcr_26_1,E,A,K,A,114,174,CG,O,8.149225
tcr_26_1,E,A,K,A,114,174,CG,CA,6.6524377
tcr_26_1,E,A,K,W,114,171,CG,O,9.624612
tcr_26_1,E,A,K,W,114,171,CG,C,9.6656885
tcr_26_1,E,A,K,A,114,174,CG,CB,6.0006566
tcr_26_1,E,A,K,K,114,170,CG,CA,7.6107135
tcr_26_1,E,A,K,K,114,170,CG,C,7.6010585
tcr_26_1,E,A,K,A,114,173,CG,CB,7.4789867
tcr_26_1,E,A,K,A,114,174,CG,N,7.004352
tcr_26_1,E,A,K,A,114,173,CG,N,8.999136
tcr_26_1,E,A,K,A,114,173,CG,CA,8.192092
tcr_26_1,E,A,K,K,114,170,CG,O,6.82011
tcr_26_1,E,A,K,A,114,173,CG,O,7.465506
tcr_26_1,E,A,K,A,114,173,CG,C,7.4045024
tcr_26_1,E,A,K,E,114,172,CG,C,9.992011
tcr_26_1,E,A,K,W,114,171,CG,CA,9.139804
tcr_26_1,E,A,K,R,114,169,CG,O,9.171155
tcr_26_1,E,A,K,K,114,170,CG,N,8.9950695
tcr_26_1,E,A,K,R,114,169,CG,C,9.6171
tcr_26_1,E,A,K,W,114,171,CG,CD1,9.159889
tcr_26_1,E,A,K,E,114,176,CG,OE2,9.766928
tcr_26_1,E,A,K,W,114,171,CG,NE1,9.749062
tcr_26_1,E,A,K,W,114,171,CG,N,8.686975
tcr_26_1,E,A,K,K,114,170,CG,CD,7.525821
tcr_26_1,E,A,K,K,114,170,CG,CG,7.3467903
tcr_26_1,E,A,K,K,114,170,CG,CB,7.3928843
tcr_26_1,E,A,K,K,114,170,CG,NZ,8.056375
tcr_26_1,E,A,K,K,114,170,CG,CE,7.727321
tcr_26_1,E,A,K,K,114,104,CG,NZ,8.548227
tcr_26_1,E,A,K,K,114,104,CG,CE,9.854893
tcr_26_1,E,A,K,R,114,175,CD,N,8.56233
tcr_26_1,E,A,K,R,114,175,CD,CA,9.982767
tcr_26_1,E,A,K,E,114,172,CD,O,9.38354
tcr_26_1,E,A,K,A,114,174,CD,C,7.553493
tcr_26_1,E,A,K,A,114,174,CD,O,7.870215
tcr_26_1,E,A,K,A,114,174,CD,CA,6.1280985
tcr_26_1,E,A,K,W,114,171,CD,O,9.161993
tcr_26_1,E,A,K,W,114,171,CD,C,9.182045
tcr_26_1,E,A,K,A,114,174,CD,CB,5.7722507
tcr_26_1,E,A,K,K,114,170,CD,CA,7.0956364
tcr_26_1,E,A,K,K,114,170,CD,C,7.1313577
tcr_26_1,E,A,K,A,114,173,CD,CB,6.274311
tcr_26_1,E,A,K,A,114,174,CD,N,6.2486014
tcr_26_1,E,A,K,A,114,173,CD,N,8.026837
tcr_26_1,E,A,K,A,114,173,CD,CA,7.087208
tcr_26_1,E,A,K,K,114,170,CD,O,6.277848
tcr_26_1,E,A,K,A,114,173,CD,O,6.4236207
tcr_26_1,E,A,K,A,114,173,CD,C,6.4168773
tcr_26_1,E,A,K,E,114,172,CD,C,9.092469
tcr_26_1,E,A,K,W,114,171,CD,CA,8.839611
tcr_26_1,E,A,K,R,114,169,CD,O,8.266205
tcr_26_1,E,A,K,K,114,170,CD,N,8.391734
tcr_26_1,E,A,K,R,114,169,CD,C,8.840949
tcr_26_1,E,A,K,E,114,172,CD,N,9.660539
tcr_26_1,E,A,K,W,114,171,CD,CD1,9.320832
tcr_26_1,E,A,K,W,114,171,CD,N,8.319086
tcr_26_1,E,A,K,K,114,170,CD,CD,7.5881166
tcr_26_1,E,A,K,K,114,170,CD,CG,7.1113944
tcr_26_1,E,A,K,K,114,170,CD,CB,7.153785
tcr_26_1,E,A,K,K,114,170,CD,NZ,8.432588
tcr_26_1,E,A,K,K,114,170,CD,CE,7.841096
tcr_26_1,E,A,K,K,114,104,CD,NZ,9.504953
tcr_26_1,E,A,K,R,114,175,CE,N,8.410708
tcr_26_1,E,A,K,R,114,175,CE,CA,9.869592
tcr_26_1,E,A,K,E,114,172,CE,O,8.858657
tcr_26_1,E,A,K,A,114,174,CE,C,7.5473423
tcr_26_1,E,A,K,A,114,174,CE,O,8.061523
tcr_26_1,E,A,K,A,114,174,CE,CA,6.028947
tcr_26_1,E,A,K,W,114,171,CE,O,8.554655
tcr_26_1,E,A,K,E,114,176,CE,N,9.95825
tcr_26_1,E,A,K,W,114,171,CE,C,8.387428
tcr_26_1,E,A,K,A,114,174,CE,CB,5.599315
tcr_26_1,E,A,K,K,114,170,CE,CA,5.7642145
tcr_26_1,E,A,K,K,114,170,CE,C,6.010046
tcr_26_1,E,A,K,A,114,173,CE,CB,5.439269
tcr_26_1,E,A,K,A,114,174,CE,N,5.8537254
tcr_26_1,E,A,K,A,114,173,CE,N,7.2304325
tcr_26_1,E,A,K,A,114,173,CE,CA,6.4416904
tcr_26_1,E,A,K,K,114,170,CE,O,5.3076925
tcr_26_1,E,A,K,A,114,173,CE,O,6.3122916
tcr_26_1,E,A,K,A,114,173,CE,C,6.043755
tcr_26_1,E,A,K,E,114,172,CE,C,8.387162
tcr_26_1,E,A,K,W,114,171,CE,CA,7.9644594
tcr_26_1,E,A,K,R,114,169,CE,O,7.022277
tcr_26_1,E,A,K,K,114,170,CE,N,7.0134106
tcr_26_1,E,A,K,E,114,172,CE,CA,9.308773
tcr_26_1,E,A,K,R,114,169,CE,C,7.5055776
tcr_26_1,E,A,K,E,114,172,CE,N,8.756232
tcr_26_1,E,A,K,R,114,169,CE,CB,9.173201
tcr_26_1,E,A,K,R,114,169,CE,CA,8.963141
tcr_26_1,E,A,K,Q,114,168,CE,O,9.749013
tcr_26_1,E,A,K,R,114,169,CE,N,9.818216
tcr_26_1,E,A,K,W,114,171,CE,CD1,8.465384
tcr_26_1,E,A,K,W,114,171,CE,CB,9.281851
tcr_26_1,E,A,K,W,114,171,CE,CG,9.361266
tcr_26_1,E,A,K,E,114,176,CE,OE2,9.743589
tcr_26_1,E,A,K,W,114,171,CE,NE1,9.27058
tcr_26_1,E,A,K,W,114,171,CE,N,7.2520976
tcr_26_1,E,A,K,K,114,170,CE,CD,6.267886
tcr_26_1,E,A,K,K,114,170,CE,CG,5.6768055
tcr_26_1,E,A,K,K,114,170,CE,CB,5.8183813
tcr_26_1,E,A,K,K,114,170,CE,NZ,7.29506
tcr_26_1,E,A,K,K,114,170,CE,CE,6.5427337
tcr_26_1,E,A,K,K,114,104,CE,NZ,8.867915
tcr_26_1,E,A,K,T,114,167,CE,O,9.078599
tcr_26_1,E,A,K,I,114,166,CE,O,8.9451065
tcr_26_1,E,A,K,R,114,175,NZ,N,8.193714
tcr_26_1,E,A,K,R,114,175,NZ,CA,9.665838
tcr_26_1,E,A,K,E,114,172,NZ,O,8.166616
tcr_26_1,E,A,K,R,114,175,NZ,CG,9.954964
tcr_26_1,E,A,K,A,114,174,NZ,C,7.497911
tcr_26_1,E,A,K,A,114,174,NZ,O,8.171494
tcr_26_1,E,A,K,A,114,174,NZ,CA,5.9815407
tcr_26_1,E,A,K,W,114,171,NZ,O,8.375425
tcr_26_1,E,A,K,W,114,171,NZ,C,8.168859
tcr_26_1,E,A,K,A,114,174,NZ,CB,5.878841
tcr_26_1,E,A,K,K,114,170,NZ,CA,5.5612326
tcr_26_1,E,A,K,K,114,170,NZ,C,5.8798385
tcr_26_1,E,A,K,A,114,173,NZ,CB,4.376084
tcr_26_1,E,A,K,A,114,174,NZ,N,5.5080314
tcr_26_1,E,A,K,A,114,173,NZ,N,6.4575973
tcr_26_1,E,A,K,A,114,173,NZ,CA,5.5506454
tcr_26_1,E,A,K,K,114,170,NZ,O,5.162543
tcr_26_1,E,A,K,A,114,173,NZ,O,5.645809
tcr_26_1,E,A,K,A,114,173,NZ,C,5.3991275
tcr_26_1,E,A,K,E,114,172,NZ,C,7.691628
tcr_26_1,E,A,K,W,114,171,NZ,CA,7.957099
tcr_26_1,E,A,K,R,114,169,NZ,O,6.2520766
tcr_26_1,E,A,K,K,114,170,NZ,N,6.623803
tcr_26_1,E,A,K,E,114,172,NZ,CA,8.707128
tcr_26_1,E,A,K,R,114,169,NZ,C,6.879801
tcr_26_1,E,A,K,E,114,172,NZ,N,8.333412
tcr_26_1,E,A,K,E,114,172,NZ,CB,9.295367
tcr_26_1,E,A,K,R,114,169,NZ,CB,8.402644
tcr_26_1,E,A,K,R,114,169,NZ,CA,8.277895
tcr_26_1,E,A,K,Q,114,168,NZ,C,9.73587
tcr_26_1,E,A,K,Q,114,168,NZ,O,9.312979
tcr_26_1,E,A,K,R,114,169,NZ,N,9.302322
tcr_26_1,E,A,K,W,114,171,NZ,CD1,8.915651
tcr_26_1,E,A,K,W,114,171,NZ,CB,9.359649
tcr_26_1,E,A,K,W,114,171,NZ,CG,9.649994
tcr_26_1,E,A,K,W,114,171,NZ,NE1,9.865477
tcr_26_1,E,A,K,W,114,171,NZ,N,7.1804304
tcr_26_1,E,A,K,K,114,170,NZ,CD,6.711606
tcr_26_1,E,A,K,K,114,170,NZ,CG,5.817551
tcr_26_1,E,A,K,K,114,170,NZ,CB,5.953734
tcr_26_1,E,A,K,K,114,170,NZ,NZ,8.001435
tcr_26_1,E,A,K,K,114,170,NZ,CE,7.0247207
tcr_26_1,E,A,K,T,114,167,NZ,O,9.074068
tcr_26_1,E,A,K,I,114,166,NZ,O,8.748685
tcr_26_1,E,A,K,I,114,166,NZ,C,9.9301195
tcr_26_1,E,A,K,R,114,169,NZ,CG,9.800743
tcr_26_1,E,A,S,Q,115,179,N,OE1,9.727724
tcr_26_1,E,A,S,R,115,175,N,N,9.924593
tcr_26_1,E,A,S,A,115,174,N,C,8.711416
tcr_26_1,E,A,S,A,115,174,N,O,8.537368
tcr_26_1,E,A,S,A,115,174,N,CA,7.6762366
tcr_26_1,E,A,S,A,115,174,N,CB,6.5380087
tcr_26_1,E,A,S,K,115,170,N,CA,8.766899
tcr_26_1,E,A,S,K,115,170,N,C,8.5326395
tcr_26_1,E,A,S,A,115,173,N,CB,9.777206
tcr_26_1,E,A,S,A,115,174,N,N,8.415043
tcr_26_1,E,A,S,K,115,170,N,O,7.9288354
tcr_26_1,E,A,S,A,115,173,N,O,9.430195
tcr_26_1,E,A,S,A,115,173,N,C,9.233207
tcr_26_1,E,A,S,W,115,171,N,CA,9.464
tcr_26_1,E,A,S,W,115,171,N,CD1,8.558523
tcr_26_1,E,A,S,E,115,176,N,CB,9.74672
tcr_26_1,E,A,S,W,115,171,N,CG,9.770859
tcr_26_1,E,A,S,E,115,176,N,OE2,8.43897
tcr_26_1,E,A,S,E,115,176,N,CD,9.578001
tcr_26_1,E,A,S,W,115,171,N,NE1,8.726435
tcr_26_1,E,A,S,W,115,171,N,N,9.271939
tcr_26_1,E,A,S,K,115,170,N,CD,7.9266033
tcr_26_1,E,A,S,K,115,170,N,CG,8.281982
tcr_26_1,E,A,S,K,115,170,N,CB,8.129986
tcr_26_1,E,A,S,K,115,170,N,NZ,8.00609
tcr_26_1,E,A,S,K,115,170,N,CE,8.223455
tcr_26_1,E,A,S,K,115,104,N,NZ,7.053007
tcr_26_1,E,A,S,K,115,104,N,CD,9.505488
tcr_26_1,E,A,S,K,115,104,N,CE,8.42093
tcr_26_1,E,A,S,V,115,100,N,CG1,9.888395
tcr_26_1,E,A,S,Q,115,179,CA,CD,9.542172
tcr_26_1,E,A,S,Q,115,179,CA,NE2,9.775148
tcr_26_1,E,A,S,Q,115,179,CA,OE1,8.644921
tcr_26_1,E,A,S,R,115,180,CA,NH2,9.784686
tcr_26_1,E,A,S,R,115,175,CA,N,9.540875
tcr_26_1,E,A,S,A,115,174,CA,C,8.365823
tcr_26_1,E,A,S,A,115,174,CA,O,8.137691
tcr_26_1,E,A,S,A,115,174,CA,CA,7.475573
tcr_26_1,E,A,S,W,115,171,CA,O,9.594913
tcr_26_1,E,A,S,E,115,176,CA,N,9.556178
tcr_26_1,E,A,S,W,115,171,CA,C,9.7206745
tcr_26_1,E,A,S,E,115,176,CA,CA,9.421996
tcr_26_1,E,A,S,A,115,174,CA,CB,6.1740785
tcr_26_1,E,A,S,K,115,170,CA,CA,8.565175
tcr_26_1,E,A,S,K,115,170,CA,C,8.185999
tcr_26_1,E,A,S,A,115,173,CA,CB,9.984045
tcr_26_1,E,A,S,A,115,174,CA,N,8.291109
tcr_26_1,E,A,S,K,115,170,CA,O,7.667475
tcr_26_1,E,A,S,A,115,173,CA,O,9.576531
tcr_26_1,E,A,S,A,115,173,CA,C,9.271429
tcr_26_1,E,A,S,W,115,171,CA,CA,8.796557
tcr_26_1,E,A,S,W,115,171,CA,CD1,7.6051526
tcr_26_1,E,A,S,E,115,176,CA,CB,8.722293
tcr_26_1,E,A,S,W,115,171,CA,CB,9.484884
tcr_26_1,E,A,S,W,115,171,CA,CG,8.8227
tcr_26_1,E,A,S,E,115,176,CA,CG,8.983699
tcr_26_1,E,A,S,E,115,176,CA,OE2,7.202606
tcr_26_1,E,A,S,E,115,176,CA,CD,8.319887
tcr_26_1,E,A,S,W,115,171,CA,CD2,9.58022
tcr_26_1,E,A,S,E,115,176,CA,OE1,9.062527
tcr_26_1,E,A,S,W,115,171,CA,CE2,8.89347
tcr_26_1,E,A,S,W,115,171,CA,NE1,7.6491404
tcr_26_1,E,A,S,W,115,171,CA,CZ2,9.665211
tcr_26_1,E,A,S,W,115,171,CA,N,8.741388
tcr_26_1,E,A,S,K,115,170,CA,CD,7.7499757
tcr_26_1,E,A,S,K,115,170,CA,CG,8.197416
tcr_26_1,E,A,S,K,115,170,CA,CB,7.854338
tcr_26_1,E,A,S,K,115,170,CA,NZ,7.928472
tcr_26_1,E,A,S,K,115,170,CA,CE,8.232181
tcr_26_1,E,A,S,K,115,104,CA,NZ,6.723182
tcr_26_1,E,A,S,A,115,97,CA,CB,9.919857
tcr_26_1,E,A,S,N,115,101,CA,OD1,9.305842
tcr_26_1,E,A,S,K,115,104,CA,CD,9.079616
tcr_26_1,E,A,S,K,115,104,CA,CE,8.138758
tcr_26_1,E,A,S,V,115,100,CA,CG1,9.363983
tcr_26_1,E,A,S,Q,115,179,C,CB,9.995031
tcr_26_1,E,A,S,Q,115,179,C,CG,9.529407
tcr_26_1,E,A,S,E,115,176,C,O,9.80947
tcr_26_1,E,A,S,E,115,176,C,C,9.40206
tcr_26_1,E,A,S,Q,115,179,C,CD,8.532344
tcr_26_1,E,A,S,Q,115,179,C,NE2,8.914827
tcr_26_1,E,A,S,Q,115,179,C,OE1,7.62638
tcr_26_1,E,A,S,R,115,180,C,CZ,9.989088
tcr_26_1,E,A,S,R,115,180,C,NH2,8.955772
tcr_26_1,E,A,S,R,115,175,C,N,8.047395
tcr_26_1,E,A,S,R,115,175,C,CA,9.076817
tcr_26_1,E,A,S,R,115,175,C,CB,9.859466
tcr_26_1,E,A,S,R,115,175,C,O,9.392641
tcr_26_1,E,A,S,A,115,174,C,C,6.8958507
tcr_26_1,E,A,S,A,115,174,C,O,6.694583
tcr_26_1,E,A,S,A,115,174,C,CA,6.0613027
tcr_26_1,E,A,S,R,115,175,C,C,8.754482
tcr_26_1,E,A,S,W,115,171,C,O,8.110053
tcr_26_1,E,A,S,E,115,176,C,N,8.034817
tcr_26_1,E,A,S,W,115,171,C,C,8.300217
tcr_26_1,E,A,S,E,115,176,C,CA,7.950231
tcr_26_1,E,A,S,A,115,174,C,CB,4.7137766
tcr_26_1,E,A,S,K,115,170,C,CA,7.6132574
tcr_26_1,E,A,S,K,115,170,C,C,7.0305567
tcr_26_1,E,A,S,A,115,173,C,CB,8.8847
tcr_26_1,E,A,S,A,115,174,C,N,6.92517
tcr_26_1,E,A,S,A,115,173,C,N,9.269941
tcr_26_1,E,A,S,A,115,173,C,CA,9.016695
tcr_26_1,E,A,S,K,115,170,C,O,6.4401674
tcr_26_1,E,A,S,A,115,173,C,O,8.329928
tcr_26_1,E,A,S,A,115,173,C,C,7.979051
tcr_26_1,E,A,S,E,115,172,C,C,9.829703
tcr_26_1,E,A,S,W,115,171,C,CA,7.452084
tcr_26_1,E,A,S,R,115,169,C,O,9.706006
tcr_26_1,E,A,S,K,115,170,C,N,9.049871
tcr_26_1,E,A,S,R,115,169,C,C,9.901327
tcr_26_1,E,A,S,E,115,172,C,N,9.373489
tcr_26_1,E,A,S,W,115,171,C,CD1,6.518878
tcr_26_1,E,A,S,E,115,176,C,CB,7.2887506
tcr_26_1,E,A,S,W,115,171,C,CB,8.188203
tcr_26_1,E,A,S,W,115,171,C,CG,7.648187
tcr_26_1,E,A,S,E,115,176,C,CG,7.669267
tcr_26_1,E,A,S,E,115,176,C,OE2,6.023899
tcr_26_1,E,A,S,E,115,176,C,CD,7.135011
tcr_26_1,E,A,S,W,115,171,C,CD2,8.502161
tcr_26_1,E,A,S,W,115,171,C,CE3,9.8333
tcr_26_1,E,A,S,E,115,176,C,OE1,7.999381
tcr_26_1,E,A,S,W,115,171,C,CE2,7.9787974
tcr_26_1,E,A,S,W,115,171,C,NE1,6.745945
tcr_26_1,E,A,S,W,115,171,C,CZ2,8.87943
tcr_26_1,E,A,S,W,115,171,C,N,7.5282345
tcr_26_1,E,A,S,K,115,170,C,CD,7.430904
tcr_26_1,E,A,S,K,115,170,C,CG,7.6684074
tcr_26_1,E,A,S,K,115,170,C,CB,7.076601
tcr_26_1,E,A,S,K,115,170,C,NZ,8.073641
tcr_26_1,E,A,S,K,115,170,C,CE,8.16618
tcr_26_1,E,A,S,K,115,104,C,NZ,7.4022646
tcr_26_1,E,A,S,T,115,167,C,O,9.262025
tcr_26_1,E,A,S,N,115,101,C,OD1,9.54463
tcr_26_1,E,A,S,K,115,104,C,CD,9.632247
tcr_26_1,E,A,S,K,115,104,C,CE,8.872185
tcr_26_1,E,A,S,Q,115,179,O,CG,9.710543
tcr_26_1,E,A,S,E,115,176,O,O,9.793307
tcr_26_1,E,A,S,E,115,176,O,C,9.259012
tcr_26_1,E,A,S,Q,115,179,O,CD,8.859926
tcr_26_1,E,A,S,Q,115,179,O,NE2,9.311418
tcr_26_1,E,A,S,Q,115,179,O,OE1,8.023205
tcr_26_1,E,A,S,R,115,180,O,NH2,9.606749
tcr_26_1,E,A,S,R,115,175,O,N,7.2543097
tcr_26_1,E,A,S,R,115,175,O,CA,8.400404
tcr_26_1,E,A,S,E,115,172,O,O,9.164448
tcr_26_1,E,A,S,R,115,175,O,CG,9.714179
tcr_26_1,E,A,S,R,115,175,O,CB,9.162369
tcr_26_1,E,A,S,R,115,175,O,O,9.00241
tcr_26_1,E,A,S,A,115,174,O,C,6.0940094
tcr_26_1,E,A,S,A,115,174,O,O,6.0249243
tcr_26_1,E,A,S,A,115,174,O,CA,5.093683
tcr_26_1,E,A,S,R,115,175,O,C,8.267958
tcr_26_1,E,A,S,W,115,171,O,O,7.4397025
tcr_26_1,E,A,S,E,115,176,O,N,7.6156898
tcr_26_1,E,A,S,W,115,171,O,C,7.6271687
tcr_26_1,E,A,S,E,115,176,O,CA,7.751499
tcr_26_1,E,A,S,A,115,174,O,CB,3.8273344
tcr_26_1,E,A,S,K,115,170,O,CA,6.8423247
tcr_26_1,E,A,S,K,115,170,O,C,6.259554
tcr_26_1,E,A,S,A,115,173,O,CB,7.727192
tcr_26_1,E,A,S,A,115,174,O,N,5.883835
tcr_26_1,E,A,S,A,115,173,O,N,8.247958
tcr_26_1,E,A,S,A,115,173,O,CA,7.8989577
tcr_26_1,E,A,S,K,115,170,O,O,5.542245
tcr_26_1,E,A,S,A,115,173,O,O,7.199472
tcr_26_1,E,A,S,A,115,173,O,C,6.8666177
tcr_26_1,E,A,S,E,115,172,O,C,8.879735
tcr_26_1,E,A,S,W,115,171,O,CA,6.902597
tcr_26_1,E,A,S,R,115,169,O,O,8.764744
tcr_26_1,E,A,S,K,115,170,O,N,8.299179
tcr_26_1,E,A,S,E,115,172,O,CA,9.479258
tcr_26_1,E,A,S,R,115,169,O,C,9.060358
tcr_26_1,E,A,S,E,115,172,O,N,8.622397
tcr_26_1,E,A,S,W,115,171,O,CD1,6.4266515
tcr_26_1,E,A,S,E,115,176,O,CB,7.1689854
tcr_26_1,E,A,S,W,115,171,O,CB,7.8314075
tcr_26_1,E,A,S,W,115,171,O,CG,7.488834
tcr_26_1,E,A,S,E,115,176,O,CG,7.785396
tcr_26_1,E,A,S,E,115,176,O,OE2,6.278041
tcr_26_1,E,A,S,E,115,176,O,CD,7.39628
tcr_26_1,E,A,S,W,115,171,O,CD2,8.513279
tcr_26_1,E,A,S,W,115,171,O,CE3,9.857399
tcr_26_1,E,A,S,E,115,176,O,OE1,8.379807
tcr_26_1,E,A,S,W,115,171,O,CE2,8.159798
tcr_26_1,E,A,S,W,115,171,O,NE1,6.8914175
tcr_26_1,E,A,S,W,115,171,O,CZ2,9.203693
tcr_26_1,E,A,S,W,115,171,O,N,6.9043818
tcr_26_1,E,A,S,K,115,170,O,CD,7.0783463
tcr_26_1,E,A,S,K,115,170,O,CG,7.0906477
tcr_26_1,E,A,S,K,115,170,O,CB,6.486742
tcr_26_1,E,A,S,K,115,170,O,NZ,7.972865
tcr_26_1,E,A,S,K,115,170,O,CE,7.8487163
tcr_26_1,E,A,S,K,115,104,O,NZ,7.858528
tcr_26_1,E,A,S,T,115,167,O,O,8.86702
tcr_26_1,E,A,S,T,115,167,O,C,9.956501
tcr_26_1,E,A,S,K,115,104,O,CE,9.3373165
tcr_26_1,E,A,S,Q,115,179,CB,OE1,9.380158
tcr_26_1,E,A,S,R,115,180,CB,NH2,9.601505
tcr_26_1,E,A,S,A,115,174,CB,C,9.294031
tcr_26_1,E,A,S,A,115,174,CB,O,9.173174
tcr_26_1,E,A,S,A,115,174,CB,CA,8.363234
tcr_26_1,E,A,S,W,115,171,CB,C,9.975525
tcr_26_1,E,A,S,E,115,176,CB,CA,9.948668
tcr_26_1,E,A,S,A,115,174,CB,CB,6.958412
tcr_26_1,E,A,S,K,115,170,CB,CA,8.429192
tcr_26_1,E,A,S,K,115,170,CB,C,8.2137985
tcr_26_1,E,A,S,A,115,174,CB,N,9.025414
tcr_26_1,E,A,S,K,115,170,CB,O,7.9146547
tcr_26_1,E,A,S,W,115,171,CB,CA,8.866743
tcr_26_1,E,A,S,K,115,170,CB,N,9.802787
tcr_26_1,E,A,S,W,115,171,CB,CD1,7.237204
tcr_26_1,E,A,S,E,115,176,CB,CB,9.044424
tcr_26_1,E,A,S,W,115,171,CB,CB,9.391275
tcr_26_1,E,A,S,W,115,171,CB,CG,8.537342
tcr_26_1,E,A,S,E,115,176,CB,CG,9.164286
tcr_26_1,E,A,S,E,115,176,CB,OE2,7.1215205
tcr_26_1,E,A,S,E,115,176,CB,CD,8.272405
tcr_26_1,E,A,S,W,115,171,CB,CD2,9.149181
tcr_26_1,E,A,S,E,115,176,CB,OE1,8.873854
tcr_26_1,E,A,S,W,115,171,CB,CE2,8.291727
tcr_26_1,E,A,S,W,115,171,CB,NE1,7.0593443
tcr_26_1,E,A,S,W,115,171,CB,CZ2,8.936158
tcr_26_1,E,A,S,W,115,171,CB,N,8.687437
tcr_26_1,E,A,S,K,115,170,CB,CD,6.9954047
tcr_26_1,E,A,S,K,115,170,CB,CG,7.700704
tcr_26_1,E,A,S,K,115,170,CB,CB,7.4791474
tcr_26_1,E,A,S,K,115,170,CB,NZ,6.86736
tcr_26_1,E,A,S,K,115,170,CB,CE,7.38765
tcr_26_1,E,A,S,Y,115,108,CB,OH,9.321233
tcr_26_1,E,A,S,K,115,104,CB,NZ,5.2703114
tcr_26_1,E,A,S,T,115,167,CB,O,9.757552
tcr_26_1,E,A,S,T,115,167,CB,CG2,9.956923
tcr_26_1,E,A,S,A,115,97,CB,CA,9.347007
tcr_26_1,E,A,S,A,115,97,CB,CB,8.928917
tcr_26_1,E,A,S,A,115,97,CB,C,9.890446
tcr_26_1,E,A,S,N,115,101,CB,ND2,9.284934
tcr_26_1,E,A,S,N,115,101,CB,CG,9.00987
tcr_26_1,E,A,S,N,115,101,CB,OD1,7.9182
tcr_26_1,E,A,S,N,115,101,CB,N,9.897437
tcr_26_1,E,A,S,A,115,97,CB,O,9.407772
tcr_26_1,E,A,S,V,115,100,CB,CG2,9.056718
tcr_26_1,E,A,S,K,115,104,CB,CD,7.594313
tcr_26_1,E,A,S,K,115,104,CB,CE,6.676249
tcr_26_1,E,A,S,V,115,100,CB,CB,8.668126
tcr_26_1,E,A,S,V,115,100,CB,CG1,7.899791
tcr_26_1,E,A,S,K,115,104,CB,CG,9.039327
tcr_26_1,E,A,S,V,115,100,CB,C,9.952601
tcr_26_1,E,A,S,R,115,180,OG,NH2,9.871586
tcr_26_1,E,A,S,A,115,174,OG,C,9.054427
tcr_26_1,E,A,S,A,115,174,OG,O,9.120869
tcr_26_1,E,A,S,A,115,174,OG,CA,7.9894114
tcr_26_1,E,A,S,W,115,171,OG,O,9.416655
tcr_26_1,E,A,S,E,115,176,OG,N,9.984629
tcr_26_1,E,A,S,W,115,171,OG,C,9.232609
tcr_26_1,E,A,S,E,115,176,OG,CA,9.85106
tcr_26_1,E,A,S,A,115,174,OG,CB,6.5837455
tcr_26_1,E,A,S,K,115,170,OG,CA,7.2242093
tcr_26_1,E,A,S,K,115,170,OG,C,7.1701155
tcr_26_1,E,A,S,A,115,173,OG,CB,9.624316
tcr_26_1,E,A,S,A,115,174,OG,N,8.441301
tcr_26_1,E,A,S,K,115,170,OG,O,6.983516
tcr_26_1,E,A,S,A,115,173,OG,C,9.435572
tcr_26_1,E,A,S,W,115,171,OG,CA,8.064318
tcr_26_1,E,A,S,R,115,169,OG,O,9.771101
tcr_26_1,E,A,S,K,115,170,OG,N,8.568613
tcr_26_1,E,A,S,R,115,169,OG,C,9.668698
tcr_26_1,E,A,S,W,115,171,OG,CD1,6.464463
tcr_26_1,E,A,S,E,115,176,OG,CB,8.845886
tcr_26_1,E,A,S,W,115,171,OG,CB,8.625406
tcr_26_1,E,A,S,W,115,171,OG,CG,7.7924676
tcr_26_1,E,A,S,E,115,176,OG,CG,9.081949
tcr_26_1,E,A,S,E,115,176,OG,OE2,6.940626
tcr_26_1,E,A,S,E,115,176,OG,CD,8.152366
tcr_26_1,E,A,S,W,115,171,OG,CD2,8.476944
tcr_26_1,E,A,S,W,115,171,OG,CE3,9.865327
tcr_26_1,E,A,S,E,115,176,OG,OE1,8.796362
tcr_26_1,E,A,S,W,115,171,OG,CE2,7.663551
tcr_26_1,E,A,S,W,115,171,OG,NE1,6.365591
tcr_26_1,E,A,S,W,115,171,OG,CH2,9.781974
tcr_26_1,E,A,S,W,115,171,OG,CZ2,8.402533
tcr_26_1,E,A,S,W,115,171,OG,N,7.700432
tcr_26_1,E,A,S,K,115,170,OG,CD,5.598551
tcr_26_1,E,A,S,K,115,170,OG,CG,6.3241324
tcr_26_1,E,A,S,K,115,170,OG,CB,6.194419
tcr_26_1,E,A,S,K,115,170,OG,NZ,5.5594263
tcr_26_1,E,A,S,K,115,170,OG,CE,6.0001397
tcr_26_1,E,A,S,Y,115,108,OG,OH,8.089498
tcr_26_1,E,A,S,K,115,104,OG,NZ,4.542635
tcr_26_1,E,A,S,Y,115,108,OG,CE2,9.919049
tcr_26_1,E,A,S,Y,115,108,OG,CZ,9.395426
tcr_26_1,E,A,S,T,115,167,OG,O,8.626966
tcr_26_1,E,A,S,T,115,167,OG,CG2,8.978941
tcr_26_1,E,A,S,I,115,166,OG,O,9.443656
tcr_26_1,E,A,S,T,115,167,OG,CA,9.12622
tcr_26_1,E,A,S,T,115,167,OG,CB,9.577719
tcr_26_1,E,A,S,T,115,167,OG,C,9.439701
tcr_26_1,E,A,S,T,115,167,OG,OG1,9.507133
tcr_26_1,E,A,S,A,115,97,OG,CA,9.915514
tcr_26_1,E,A,S,A,115,97,OG,CB,9.559852
tcr_26_1,E,A,S,N,115,101,OG,ND2,9.26022
tcr_26_1,E,A,S,N,115,101,OG,CG,8.855882
tcr_26_1,E,A,S,N,115,101,OG,CA,9.850568
tcr_26_1,E,A,S,N,115,101,OG,OD1,7.69687
tcr_26_1,E,A,S,N,115,101,OG,N,9.757224
tcr_26_1,E,A,S,A,115,97,OG,O,9.646913
tcr_26_1,E,A,S,V,115,100,OG,CG2,9.386655
tcr_26_1,E,A,S,K,115,104,OG,CB,9.2495775
tcr_26_1,E,A,S,K,115,104,OG,CD,6.8474965
tcr_26_1,E,A,S,K,115,104,OG,CE,6.0143285
tcr_26_1,E,A,S,V,115,100,OG,CB,8.812623
tcr_26_1,E,A,S,V,115,100,OG,CG1,7.8921857
tcr_26_1,E,A,S,K,115,104,OG,CG,8.3314495
tcr_26_1,E,A,S,V,115,100,OG,C,9.801688
tcr_26_1,E,A,S,V,115,100,OG,O,9.951193
tcr_26_1,E,A,G,Q,116,179,N,CB,8.910484
tcr_26_1,E,A,G,Q,116,179,N,CG,8.537525
tcr_26_1,E,A,G,E,116,176,N,O,8.795311
tcr_26_1,E,A,G,E,116,176,N,C,8.487554
tcr_26_1,E,A,G,Q,116,179,N,CD,7.502683
tcr_26_1,E,A,G,Q,116,179,N,NE2,7.9413486
tcr_26_1,E,A,G,Q,116,179,N,OE1,6.5204215
tcr_26_1,E,A,G,R,116,180,N,CZ,8.701297
tcr_26_1,E,A,G,R,116,180,N,NE,9.096704
tcr_26_1,E,A,G,R,116,180,N,NH1,9.479784
tcr_26_1,E,A,G,R,116,180,N,NH2,7.6766586
tcr_26_1,E,A,G,R,116,175,N,N,7.845988
tcr_26_1,E,A,G,R,116,175,N,CA,8.712914
tcr_26_1,E,A,G,R,116,175,N,CB,9.548444
tcr_26_1,E,A,G,R,116,175,N,O,8.730164
tcr_26_1,E,A,G,A,116,174,N,C,6.7571044
tcr_26_1,E,A,G,A,116,174,N,O,6.453363
tcr_26_1,E,A,G,A,116,174,N,CA,6.1699476
tcr_26_1,E,A,G,R,116,175,N,C,8.181525
tcr_26_1,E,A,G,W,116,171,N,O,7.7897596
tcr_26_1,E,A,G,E,116,176,N,N,7.3949203
tcr_26_1,E,A,G,A,116,177,N,N,9.499193
tcr_26_1,E,A,G,W,116,171,N,C,8.04611
tcr_26_1,E,A,G,E,116,176,N,CA,7.105165
tcr_26_1,E,A,G,A,116,174,N,CB,4.763142
tcr_26_1,E,A,G,K,116,170,N,CA,7.9346476
tcr_26_1,E,A,G,K,116,170,N,C,7.179945
tcr_26_1,E,A,G,A,116,173,N,CB,9.404085
tcr_26_1,E,A,G,A,116,174,N,N,7.125681
tcr_26_1,E,A,G,A,116,173,N,N,9.457958
tcr_26_1,E,A,G,A,116,173,N,CA,9.359374
tcr_26_1,E,A,G,K,116,170,N,O,6.6618466
tcr_26_1,E,A,G,A,116,173,N,O,8.695767
tcr_26_1,E,A,G,A,116,173,N,C,8.292683
tcr_26_1,E,A,G,E,116,172,N,C,9.857827
tcr_26_1,E,A,G,W,116,171,N,CA,7.1685
tcr_26_1,E,A,G,K,116,170,N,N,9.310336
tcr_26_1,E,A,G,E,116,172,N,N,9.219391
tcr_26_1,E,A,G,W,116,171,N,CD1,6.0293436
tcr_26_1,E,A,G,E,116,176,N,CB,6.409337
tcr_26_1,E,A,G,W,116,171,N,CB,7.7180195
tcr_26_1,E,A,G,W,116,171,N,CG,7.0947547
tcr_26_1,E,A,G,E,116,176,N,CG,6.6116753
tcr_26_1,E,A,G,E,116,176,N,OE2,5.0040293
tcr_26_1,E,A,G,E,116,176,N,CD,6.0499377
tcr_26_1,E,A,G,W,116,171,N,CD2,7.816117
tcr_26_1,E,A,G,W,116,171,N,CE3,9.080881
tcr_26_1,E,A,G,E,116,176,N,OE1,6.863236
tcr_26_1,E,A,G,W,116,171,N,CE2,7.269001
tcr_26_1,E,A,G,W,116,171,N,NE1,6.147038
tcr_26_1,E,A,G,W,116,171,N,CH2,9.295182
tcr_26_1,E,A,G,W,116,171,N,CZ2,8.0904455
tcr_26_1,E,A,G,W,116,171,N,CZ3,9.740495
tcr_26_1,E,A,G,W,116,171,N,N,7.4553895
tcr_26_1,E,A,G,K,116,170,N,CD,7.899986
tcr_26_1,E,A,G,K,116,170,N,CG,8.174126
tcr_26_1,E,A,G,K,116,170,N,CB,7.400006
tcr_26_1,E,A,G,K,116,170,N,NZ,8.632826
tcr_26_1,E,A,G,K,116,170,N,CE,8.777109
tcr_26_1,E,A,G,K,116,104,N,NZ,7.786504
tcr_26_1,E,A,G,T,116,167,N,O,9.132762
tcr_26_1,E,A,G,T,116,167,N,CG2,9.696696
tcr_26_1,E,A,G,A,116,97,N,CB,9.656423
tcr_26_1,E,A,G,N,116,101,N,ND2,9.976074
tcr_26_1,E,A,G,N,116,101,N,OD1,9.089002
tcr_26_1,E,A,G,K,116,104,N,CD,9.856783
tcr_26_1,E,A,G,K,116,104,N,CE,9.23694
tcr_26_1,E,A,G,R,116,180,CA,N,9.685515
tcr_26_1,E,A,G,Q,116,179,CA,C,9.8967
tcr_26_1,E,A,G,Q,116,179,CA,CA,9.211335
tcr_26_1,E,A,G,Q,116,179,CA,N,9.214512
tcr_26_1,E,A,G,Q,116,179,CA,CB,7.8672414
tcr_26_1,E,A,G,Q,116,179,CA,CG,7.6303854
tcr_26_1,E,A,G,E,116,178,CA,N,9.81525
tcr_26_1,E,A,G,E,116,176,CA,O,7.43156
tcr_26_1,E,A,G,E,116,176,CA,C,7.0660744
tcr_26_1,E,A,G,Q,116,179,CA,CD,6.763514
tcr_26_1,E,A,G,Q,116,179,CA,NE2,7.4105854
tcr_26_1,E,A,G,Q,116,179,CA,OE1,5.748949
tcr_26_1,E,A,G,R,116,180,CA,CZ,7.7805047
tcr_26_1,E,A,G,R,116,180,CA,NE,8.017557
tcr_26_1,E,A,G,R,116,180,CA,NH1,8.660063
tcr_26_1,E,A,G,R,116,180,CA,NH2,6.8460846
tcr_26_1,E,A,G,A,116,177,CA,CA,9.420504
tcr_26_1,E,A,G,R,116,121,CA,NH2,9.865361
tcr_26_1,E,A,G,R,116,180,CA,CD,9.139881
tcr_26_1,E,A,G,R,116,180,CA,CG,9.153206
tcr_26_1,E,A,G,R,116,175,CA,N,6.6914644
tcr_26_1,E,A,G,R,116,175,CA,CA,7.4710116
tcr_26_1,E,A,G,E,116,172,CA,O,9.012812
tcr_26_1,E,A,G,R,116,175,CA,CG,9.344377
tcr_26_1,E,A,G,R,116,175,CA,CB,8.405575
tcr_26_1,E,A,G,R,116,175,CA,O,7.429886
tcr_26_1,E,A,G,A,116,174,CA,C,5.711047
tcr_26_1,E,A,G,A,116,174,CA,O,5.4518743
tcr_26_1,E,A,G,A,116,174,CA,CA,5.29912
tcr_26_1,E,A,G,R,116,175,CA,C,6.8543897
tcr_26_1,E,A,G,W,116,171,CA,O,6.4935927
tcr_26_1,E,A,G,E,116,176,CA,N,5.998329
tcr_26_1,E,A,G,A,116,177,CA,N,8.052982
tcr_26_1,E,A,G,W,116,157,CA,NE1,9.449965
tcr_26_1,E,A,G,W,116,171,CA,C,6.8133183
tcr_26_1,E,A,G,E,116,176,CA,CA,5.675999
tcr_26_1,E,A,G,A,116,174,CA,CB,3.8767872
tcr_26_1,E,A,G,K,116,170,CA,CA,7.348741
tcr_26_1,E,A,G,K,116,170,CA,C,6.3805404
tcr_26_1,E,A,G,A,116,173,CA,CB,8.7879305
tcr_26_1,E,A,G,A,116,174,CA,N,6.256467
tcr_26_1,E,A,G,A,116,173,CA,N,8.513459
tcr_26_1,E,A,G,A,116,173,CA,CA,8.56075
tcr_26_1,E,A,G,K,116,170,CA,O,5.8721156
tcr_26_1,E,A,G,A,116,173,CA,O,7.9957104
tcr_26_1,E,A,G,A,116,173,CA,C,7.507395
tcr_26_1,E,A,G,E,116,172,CA,C,8.772117
tcr_26_1,E,A,G,W,116,171,CA,CA,5.997368
tcr_26_1,E,A,G,R,116,169,CA,O,9.253244
tcr_26_1,E,A,G,K,116,170,CA,N,8.647023
tcr_26_1,E,A,G,E,116,172,CA,CA,9.0250225
tcr_26_1,E,A,G,R,116,169,CA,C,9.414483
tcr_26_1,E,A,G,E,116,172,CA,N,8.0430765
tcr_26_1,E,A,G,Q,116,168,CA,O,9.573346
tcr_26_1,E,A,G,W,116,171,CA,CD1,5.0717006
tcr_26_1,E,A,G,E,116,176,CA,CB,4.957441
tcr_26_1,E,A,G,W,116,171,CA,CB,6.4995203
tcr_26_1,E,A,G,W,116,157,CA,CE2,9.441172
tcr_26_1,E,A,G,W,116,171,CA,CG,5.9809923
tcr_26_1,E,A,G,W,116,157,CA,CZ2,8.835476
tcr_26_1,E,A,G,E,116,176,CA,CG,5.2408333
tcr_26_1,E,A,G,W,116,157,CA,CH2,9.395279
tcr_26_1,E,A,G,E,116,176,CA,OE2,3.7952456
tcr_26_1,E,A,G,E,116,176,CA,CD,4.8082113
tcr_26_1,E,A,G,W,116,171,CA,CD2,6.746271
tcr_26_1,E,A,G,W,116,171,CA,CE3,7.956599
tcr_26_1,E,A,G,E,116,176,CA,OE1,5.7490997
tcr_26_1,E,A,G,W,116,171,CA,CE2,6.3844085
tcr_26_1,E,A,G,W,116,171,CA,NE1,5.352161
tcr_26_1,E,A,G,W,116,171,CA,CH2,8.409746
tcr_26_1,E,A,G,W,116,171,CA,CZ2,7.304353
tcr_26_1,E,A,G,W,116,171,CA,CZ3,8.70132
tcr_26_1,E,A,G,W,116,171,CA,N,6.488728
tcr_26_1,E,A,G,K,116,170,CA,CD,7.8845444
tcr_26_1,E,A,G,K,116,170,CA,CG,7.9909225
tcr_26_1,E,A,G,K,116,170,CA,CB,6.983252
tcr_26_1,E,A,G,K,116,170,CA,NZ,8.973099
tcr_26_1,E,A,G,K,116,170,CA,CE,8.963213
tcr_26_1,E,A,G,K,116,104,CA,NZ,8.536169
tcr_26_1,E,A,G,T,116,167,CA,O,8.312891
tcr_26_1,E,A,G,T,116,167,CA,CG2,9.019076
tcr_26_1,E,A,G,T,116,167,CA,CA,9.725249
tcr_26_1,E,A,G,T,116,167,CA,C,9.3988905
tcr_26_1,E,A,G,N,116,101,CA,OD1,9.345611
tcr_26_1,E,A,G,K,116,104,CA,CE,9.9814
tcr_26_1,E,A,G,R,116,180,C,N,8.590596
tcr_26_1,E,A,G,Q,116,179,C,C,8.671322
tcr_26_1,E,A,G,E,116,178,C,C,9.114353
tcr_26_1,E,A,G,Q,116,179,C,CA,7.8748474
tcr_26_1,E,A,G,Q,116,179,C,N,7.909876
tcr_26_1,E,A,G,E,116,178,C,CA,9.410124
tcr_26_1,E,A,G,Q,116,179,C,CB,6.518257
tcr_26_1,E,A,G,Q,116,179,C,CG,6.164787
tcr_26_1,E,A,G,E,116,178,C,CB,9.392307
tcr_26_1,E,A,G,E,116,178,C,N,8.746479
tcr_26_1,E,A,G,E,116,176,C,O,6.457482
tcr_26_1,E,A,G,E,116,176,C,C,6.218263
tcr_26_1,E,A,G,Q,116,179,C,CD,5.319506
tcr_26_1,E,A,G,Q,116,179,C,NE2,5.9868174
tcr_26_1,E,A,G,Q,116,179,C,OE1,4.3782773
tcr_26_1,E,A,G,Q,116,179,C,O,9.560485
tcr_26_1,E,A,G,R,116,180,C,CZ,7.353424
tcr_26_1,E,A,G,R,116,180,C,NE,7.5426226
tcr_26_1,E,A,G,R,116,180,C,NH1,8.141726
tcr_26_1,E,A,G,R,116,180,C,NH2,6.6029224
tcr_26_1,E,A,G,A,116,177,C,CA,8.649297
tcr_26_1,E,A,G,A,116,177,C,CB,9.71564
tcr_26_1,E,A,G,A,116,177,C,C,9.090527
tcr_26_1,E,A,G,A,116,177,C,O,9.926889
tcr_26_1,E,A,G,R,116,121,C,NH2,9.797997
tcr_26_1,E,A,G,R,116,180,C,CD,8.505479
tcr_26_1,E,A,G,R,116,180,C,CB,9.604539
tcr_26_1,E,A,G,R,116,180,C,CA,9.620388
tcr_26_1,E,A,G,R,116,180,C,CG,8.471892
tcr_26_1,E,A,G,R,116,175,C,CD,9.515128
tcr_26_1,E,A,G,R,116,175,C,N,6.139739
tcr_26_1,E,A,G,R,116,175,C,CA,6.7090735
tcr_26_1,E,A,G,E,116,172,C,O,8.828687
tcr_26_1,E,A,G,R,116,175,C,CG,8.558579
tcr_26_1,E,A,G,R,116,175,C,CB,7.4921846
tcr_26_1,E,A,G,R,116,175,C,O,6.347056
tcr_26_1,E,A,G,A,116,174,C,C,5.148524
tcr_26_1,E,A,G,A,116,174,C,O,4.6099277
tcr_26_1,E,A,G,A,116,174,C,CA,5.121518
tcr_26_1,E,A,G,R,116,175,C,C,5.9575143
tcr_26_1,E,A,G,W,116,171,C,O,6.4167643
tcr_26_1,E,A,G,E,116,176,C,N,5.2627006
tcr_26_1,E,A,G,A,116,177,C,N,7.317807
tcr_26_1,E,A,G,W,116,157,C,NE1,9.333634
tcr_26_1,E,A,G,W,116,171,C,C,6.9908113
tcr_26_1,E,A,G,E,116,176,C,CA,4.8713217
tcr_26_1,E,A,G,A,116,174,C,CB,3.9585812
tcr_26_1,E,A,G,K,116,170,C,CA,8.31373
tcr_26_1,E,A,G,K,116,170,C,C,7.167795
tcr_26_1,E,A,G,A,116,173,C,CB,9.181324
tcr_26_1,E,A,G,A,116,174,C,N,6.299273
tcr_26_1,E,A,G,A,116,173,C,N,8.709096
tcr_26_1,E,A,G,A,116,173,C,CA,8.724931
tcr_26_1,E,A,G,K,116,170,C,O,6.535394
tcr_26_1,E,A,G,A,116,173,C,O,7.8657417
tcr_26_1,E,A,G,A,116,173,C,C,7.5228167
tcr_26_1,E,A,G,E,116,172,C,C,8.786041
tcr_26_1,E,A,G,W,116,171,C,CA,6.4453745
tcr_26_1,E,A,G,R,116,169,C,O,9.901526
tcr_26_1,E,A,G,K,116,170,C,N,9.558261
tcr_26_1,E,A,G,E,116,172,C,CA,9.088008
tcr_26_1,E,A,G,E,116,172,C,N,8.267699
tcr_26_1,E,A,G,W,116,171,C,CD1,5.9458404
tcr_26_1,E,A,G,E,116,176,C,CB,4.515982
tcr_26_1,E,A,G,W,116,171,C,CB,6.932949
tcr_26_1,E,A,G,W,116,157,C,CE2,9.341642
tcr_26_1,E,A,G,W,116,171,C,CG,6.6102138
tcr_26_1,E,A,G,W,116,157,C,CZ2,8.639221
tcr_26_1,E,A,G,E,116,176,C,CG,4.8078012
tcr_26_1,E,A,G,W,116,157,C,CH2,9.258399
tcr_26_1,E,A,G,E,116,176,C,OE2,4.05757
tcr_26_1,E,A,G,E,116,176,C,CD,4.7686048
tcr_26_1,E,A,G,W,116,171,C,CD2,7.3449144
tcr_26_1,E,A,G,W,116,171,C,CE3,8.404438
tcr_26_1,E,A,G,E,116,176,C,OE1,5.748325
tcr_26_1,E,A,G,W,116,171,C,CE2,7.1579986
tcr_26_1,E,A,G,W,116,171,C,NE1,6.3092732
tcr_26_1,E,A,G,W,116,171,C,CH2,8.996951
tcr_26_1,E,A,G,W,116,171,C,CZ2,8.044936
tcr_26_1,E,A,G,W,116,171,C,CZ3,9.162475
tcr_26_1,E,A,G,W,116,171,C,N,7.1934633
tcr_26_1,E,A,G,K,116,170,C,CD,9.277663
tcr_26_1,E,A,G,K,116,170,C,CG,9.25894
tcr_26_1,E,A,G,K,116,170,C,CB,8.152558
tcr_26_1,E,A,G,T,116,167,C,O,9.233383
tcr_26_1,E,A,G,R,116,180,O,N,7.410983
tcr_26_1,E,A,G,Q,116,179,O,C,7.5613
tcr_26_1,E,A,G,E,116,178,O,O,9.115531
tcr_26_1,E,A,G,E,116,178,O,C,8.098623
tcr_26_1,E,A,G,Q,116,179,O,CA,6.847147
tcr_26_1,E,A,G,Q,116,179,O,N,6.882929
tcr_26_1,E,A,G,E,116,178,O,CA,8.427969
tcr_26_1,E,A,G,Q,116,179,O,CB,5.52033
tcr_26_1,E,A,G,Q,116,179,O,CG,5.3743258
tcr_26_1,E,A,G,E,116,178,O,CB,8.550601
tcr_26_1,E,A,G,E,116,178,O,N,7.723653
tcr_26_1,E,A,G,E,116,178,O,CG,9.412576
tcr_26_1,E,A,G,E,116,178,O,OE2,9.745482
tcr_26_1,E,A,G,E,116,178,O,CD,9.965957
tcr_26_1,E,A,G,E,116,176,O,O,5.281121
tcr_26_1,E,A,G,E,116,176,O,C,5.10867
tcr_26_1,E,A,G,Q,116,179,O,CD,4.6688433
tcr_26_1,E,A,G,Q,116,179,O,NE2,5.540663
tcr_26_1,E,A,G,Q,116,179,O,OE1,3.6647964
tcr_26_1,E,A,G,Q,116,179,O,O,8.481953
tcr_26_1,E,A,G,R,116,180,O,CZ,6.349351
tcr_26_1,E,A,G,R,116,180,O,NE,6.436882
tcr_26_1,E,A,G,R,116,180,O,NH1,7.174316
tcr_26_1,E,A,G,R,116,180,O,NH2,5.718621
tcr_26_1,E,A,G,A,116,177,O,CA,7.545337
tcr_26_1,E,A,G,A,116,177,O,CB,8.675772
tcr_26_1,E,A,G,A,116,177,O,C,7.985082
tcr_26_1,E,A,G,A,116,177,O,O,8.78095
tcr_26_1,E,A,G,R,116,180,O,C,9.791596
tcr_26_1,E,A,G,R,116,121,O,NH2,8.948993
tcr_26_1,E,A,G,R,116,180,O,CD,7.338497
tcr_26_1,E,A,G,N,116,138,O,ND2,9.192229
tcr_26_1,E,A,G,R,116,180,O,CB,8.38074
tcr_26_1,E,A,G,R,116,180,O,CA,8.417733
tcr_26_1,E,A,G,R,116,180,O,CG,7.2596836
tcr_26_1,E,A,G,R,116,175,O,CD,9.271786
tcr_26_1,E,A,G,R,116,175,O,N,5.8959517
tcr_26_1,E,A,G,R,116,175,O,CA,6.236031
tcr_26_1,E,A,G,E,116,172,O,O,8.622198
tcr_26_1,E,A,G,R,116,175,O,CG,8.299583
tcr_26_1,E,A,G,R,116,175,O,CB,7.092785
tcr_26_1,E,A,G,R,116,175,O,O,5.5617394
tcr_26_1,E,A,G,A,116,174,O,C,5.106665
tcr_26_1,E,A,G,A,116,174,O,O,4.564461
tcr_26_1,E,A,G,A,116,174,O,CA,5.3662167
tcr_26_1,E,A,G,R,116,175,O,C,5.2627673
tcr_26_1,E,A,G,W,116,171,O,O,5.9921074
tcr_26_1,E,A,G,E,116,176,O,N,4.494098
tcr_26_1,E,A,G,A,116,177,O,N,6.2619934
tcr_26_1,E,A,G,W,116,157,O,NE1,8.450184
tcr_26_1,E,A,G,W,116,171,O,C,6.631377
tcr_26_1,E,A,G,E,116,176,O,CA,3.8576255
tcr_26_1,E,A,G,A,116,174,O,CB,4.3282433
tcr_26_1,E,A,G,K,116,170,O,CA,8.5456
tcr_26_1,E,A,G,K,116,170,O,C,7.2853055
tcr_26_1,E,A,G,A,116,173,O,CB,9.4952135
tcr_26_1,E,A,G,A,116,174,O,N,6.487758
tcr_26_1,E,A,G,A,116,173,O,N,8.706804
tcr_26_1,E,A,G,A,116,173,O,CA,8.886935
tcr_26_1,E,A,G,K,116,170,O,O,6.743986
tcr_26_1,E,A,G,A,116,173,O,O,8.144335
tcr_26_1,E,A,G,A,116,173,O,C,7.740108
tcr_26_1,E,A,G,E,116,172,O,C,8.609456
tcr_26_1,E,A,G,W,116,171,O,CA,6.1532273
tcr_26_1,E,A,G,R,116,169,O,O,9.99606
tcr_26_1,E,A,G,K,116,170,O,N,9.6739235
tcr_26_1,E,A,G,E,116,172,O,CA,8.756452
tcr_26_1,E,A,G,E,116,172,O,N,7.943877
tcr_26_1,E,A,G,Q,116,168,O,O,9.825962
tcr_26_1,E,A,G,W,116,171,O,CD1,5.713449
tcr_26_1,E,A,G,E,116,176,O,CB,3.5336905
tcr_26_1,E,A,G,W,116,171,O,CB,6.4480724
tcr_26_1,E,A,G,W,116,157,O,CE2,8.38662
tcr_26_1,E,A,G,W,116,171,O,CG,6.168044
tcr_26_1,E,A,G,W,116,157,O,CZ2,7.6008124
tcr_26_1,E,A,G,E,116,176,O,CG,3.6946368
tcr_26_1,E,A,G,W,116,157,O,CH2,8.206394
tcr_26_1,E,A,G,E,116,176,O,OE2,3.3848023
tcr_26_1,E,A,G,E,116,176,O,CD,3.8473127
tcr_26_1,E,A,G,W,116,157,O,CZ3,9.435594
tcr_26_1,E,A,G,W,116,171,O,CD2,6.78787
tcr_26_1,E,A,G,W,116,171,O,CE3,7.706463
tcr_26_1,E,A,G,E,116,176,O,OE1,4.8339705
tcr_26_1,E,A,G,W,116,171,O,CE2,6.7198687
tcr_26_1,E,A,G,W,116,171,O,NE1,6.0703917
tcr_26_1,E,A,G,F,116,140,O,CZ,9.972377
tcr_26_1,E,A,G,W,116,171,O,CH2,8.369032
tcr_26_1,E,A,G,W,116,171,O,CZ2,7.5592527
tcr_26_1,E,A,G,W,116,171,O,CZ3,8.439815
tcr_26_1,E,A,G,W,116,171,O,N,7.1014004
tcr_26_1,E,A,G,K,116,170,O,CD,9.740775
tcr_26_1,E,A,G,K,116,170,O,CG,9.684626
tcr_26_1,E,A,G,K,116,170,O,CB,8.454484
tcr_26_1,E,A,G,T,116,167,O,O,9.075102
tcr_26_1,E,A,G,T,116,167,O,CG2,9.768883
tcr_26_1,E,A,G,W,116,157,O,CD2,9.621142
tcr_26_1,E,A,G,W,116,157,O,CD1,9.66219
tcr_26_1,E,A,G,R,116,121,O,NH1,9.977821
tcr_26_1,E,A,G,R,116,121,O,CZ,9.968366
tcr_26_1,E,A,S,R,117,180,N,N,9.061193
tcr_26_1,E,A,S,Q,117,179,N,C,8.957103
tcr_26_1,E,A,S,E,117,178,N,C,9.259051
tcr_26_1,E,A,S,Q,117,179,N,CA,7.997357
tcr_26_1,E,A,S,Q,117,179,N,N,8.067526
tcr_26_1,E,A,S,E,117,178,N,CA,9.602289
tcr_26_1,E,A,S,Q,117,179,N,CB,6.633926
tcr_26_1,E,A,S,Q,117,179,N,CG,5.9808383
tcr_26_1,E,A,S,E,117,178,N,CB,9.411778
tcr_26_1,E,A,S,E,117,178,N,N,9.113425
tcr_26_1,E,A,S,E,117,176,N,O,7.089308
tcr_26_1,E,A,S,E,117,176,N,C,6.9207993
tcr_26_1,E,A,S,Q,117,179,N,CD,5.0576534
tcr_26_1,E,A,S,Q,117,179,N,NE2,5.5004277
tcr_26_1,E,A,S,Q,117,179,N,OE1,4.3212447
tcr_26_1,E,A,S,Q,117,179,N,O,9.791488
tcr_26_1,E,A,S,R,117,180,N,CZ,8.264287
tcr_26_1,E,A,S,R,117,180,N,NE,8.496919
tcr_26_1,E,A,S,R,117,180,N,NH1,8.925247
tcr_26_1,E,A,S,R,117,180,N,NH2,7.5829964
tcr_26_1,E,A,S,A,117,177,N,CA,9.35245
tcr_26_1,E,A,S,A,117,177,N,C,9.616584
tcr_26_1,E,A,S,R,117,180,N,CD,9.361716
tcr_26_1,E,A,S,R,117,180,N,CG,9.331892
tcr_26_1,E,A,S,R,117,175,N,CD,9.260732
tcr_26_1,E,A,S,R,117,175,N,N,6.361914
tcr_26_1,E,A,S,R,117,175,N,CA,6.928118
tcr_26_1,E,A,S,E,117,172,N,O,9.210304
tcr_26_1,E,A,S,R,117,175,N,CG,8.467919
tcr_26_1,E,A,S,R,117,175,N,CB,7.4610195
tcr_26_1,E,A,S,R,117,175,N,O,6.563864
tcr_26_1,E,A,S,A,117,174,N,C,5.234809
tcr_26_1,E,A,S,A,117,174,N,O,4.480086
tcr_26_1,E,A,S,A,117,174,N,CA,5.2515745
tcr_26_1,E,A,S,R,117,175,N,C,6.291695
tcr_26_1,E,A,S,W,117,171,N,O,7.182672
tcr_26_1,E,A,S,E,117,176,N,N,5.845309
tcr_26_1,E,A,S,A,117,177,N,N,8.043041
tcr_26_1,E,A,S,W,117,171,N,C,7.8634806
tcr_26_1,E,A,S,E,117,176,N,CA,5.6017203
tcr_26_1,E,A,S,A,117,174,N,CB,4.3053784
tcr_26_1,E,A,S,K,117,170,N,CA,9.139039
tcr_26_1,E,A,S,K,117,170,N,C,8.019805
tcr_26_1,E,A,S,A,117,173,N,CB,9.484567
tcr_26_1,E,A,S,A,117,174,N,N,6.5800653
tcr_26_1,E,A,S,A,117,173,N,N,9.198007
tcr_26_1,E,A,S,A,117,173,N,CA,9.020557
tcr_26_1,E,A,S,K,117,170,N,O,7.241839
tcr_26_1,E,A,S,A,117,173,N,O,7.8224387
tcr_26_1,E,A,S,A,117,173,N,C,7.685197
tcr_26_1,E,A,S,E,117,172,N,C,9.30097
tcr_26_1,E,A,S,W,117,171,N,CA,7.470405
tcr_26_1,E,A,S,E,117,172,N,CA,9.781042
tcr_26_1,E,A,S,E,117,172,N,N,9.099398
tcr_26_1,E,A,S,W,117,171,N,CD1,7.202646
tcr_26_1,E,A,S,E,117,176,N,CB,5.5389724
tcr_26_1,E,A,S,W,117,171,N,CB,8.091753
tcr_26_1,E,A,S,W,117,171,N,CG,7.8691616
tcr_26_1,E,A,S,W,117,157,N,CZ2,9.751372
tcr_26_1,E,A,S,E,117,176,N,CG,5.901471
tcr_26_1,E,A,S,E,117,176,N,OE2,5.372867
tcr_26_1,E,A,S,E,117,176,N,CD,6.0138087
tcr_26_1,E,A,S,W,117,171,N,CD2,8.655398
tcr_26_1,E,A,S,W,117,171,N,CE3,9.707758
tcr_26_1,E,A,S,E,117,176,N,OE1,6.969636
tcr_26_1,E,A,S,W,117,171,N,CE2,8.483525
tcr_26_1,E,A,S,W,117,171,N,NE1,7.604128
tcr_26_1,E,A,S,W,117,171,N,CZ2,9.3668
tcr_26_1,E,A,S,W,117,171,N,N,8.184811
tcr_26_1,E,A,S,K,117,170,N,CB,9.045368
tcr_26_1,E,A,S,R,117,180,CA,N,8.326097
tcr_26_1,E,A,S,Q,117,179,CA,C,8.045443
tcr_26_1,E,A,S,E,117,178,CA,O,9.196685
tcr_26_1,E,A,S,E,117,178,CA,C,8.276308
tcr_26_1,E,A,S,Q,117,179,CA,CA,6.962672
tcr_26_1,E,A,S,Q,117,179,CA,N,7.095114
tcr_26_1,E,A,S,E,117,178,CA,CA,8.730135
tcr_26_1,E,A,S,Q,117,179,CA,CB,5.6301866
tcr_26_1,E,A,S,Q,117,179,CA,CG,4.7614594
tcr_26_1,E,A,S,E,117,178,CA,CB,8.4761305
tcr_26_1,E,A,S,E,117,178,CA,N,8.436036
tcr_26_1,E,A,S,E,117,178,CA,CG,9.428933
tcr_26_1,E,A,S,E,117,178,CA,OE2,9.100807
tcr_26_1,E,A,S,E,117,178,CA,CD,9.649944
tcr_26_1,E,A,S,E,117,176,CA,O,6.6331544
tcr_26_1,E,A,S,E,117,176,CA,C,6.631763
tcr_26_1,E,A,S,Q,117,179,CA,CD,3.8668602
tcr_26_1,E,A,S,Q,117,179,CA,NE2,4.232719
tcr_26_1,E,A,S,Q,117,179,CA,OE1,3.383374
tcr_26_1,E,A,S,Q,117,179,CA,O,8.826931
tcr_26_1,E,A,S,R,117,180,CA,CZ,8.244444
tcr_26_1,E,A,S,R,117,180,CA,NE,8.4372835
tcr_26_1,E,A,S,R,117,180,CA,NH1,8.774436
tcr_26_1,E,A,S,R,117,180,CA,NH2,7.7598295
tcr_26_1,E,A,S,A,117,177,CA,CA,9.012311
tcr_26_1,E,A,S,A,117,177,CA,C,9.046564
tcr_26_1,E,A,S,A,117,177,CA,O,9.81159
tcr_26_1,E,A,S,R,117,180,CA,CD,9.112346
tcr_26_1,E,A,S,R,117,180,CA,CB,9.9048
tcr_26_1,E,A,S,R,117,180,CA,CA,9.55929
tcr_26_1,E,A,S,R,117,180,CA,CG,9.053294
tcr_26_1,E,A,S,R,117,175,CA,CD,8.726417
tcr_26_1,E,A,S,R,117,175,CA,NE,9.929015
tcr_26_1,E,A,S,R,117,175,CA,N,6.412289
tcr_26_1,E,A,S,R,117,175,CA,CA,6.7136235
tcr_26_1,E,A,S,E,117,172,CA,O,9.466622
tcr_26_1,E,A,S,R,117,175,CA,CG,8.121277
tcr_26_1,E,A,S,R,117,175,CA,CB,7.017291
tcr_26_1,E,A,S,R,117,175,CA,O,5.991454
tcr_26_1,E,A,S,A,117,174,CA,C,5.3679023
tcr_26_1,E,A,S,A,117,174,CA,O,4.365382
tcr_26_1,E,A,S,A,117,174,CA,CA,5.751868
tcr_26_1,E,A,S,R,117,175,CA,C,5.980632
tcr_26_1,E,A,S,W,117,171,CA,O,7.618765
tcr_26_1,E,A,S,E,117,176,CA,N,5.7726355
tcr_26_1,E,A,S,A,117,177,CA,N,7.8063307
tcr_26_1,E,A,S,W,117,171,CA,C,8.463789
tcr_26_1,E,A,S,E,117,176,CA,CA,5.487493
tcr_26_1,E,A,S,A,117,174,CA,CB,5.1194763
tcr_26_1,E,A,S,K,117,170,CA,C,9.050683
tcr_26_1,E,A,S,A,117,174,CA,N,7.162569
tcr_26_1,E,A,S,A,117,173,CA,N,9.784068
tcr_26_1,E,A,S,A,117,173,CA,CA,9.591674
tcr_26_1,E,A,S,K,117,170,CA,O,8.228054
tcr_26_1,E,A,S,A,117,173,CA,O,8.182246
tcr_26_1,E,A,S,A,117,173,CA,C,8.184509
tcr_26_1,E,A,S,E,117,172,CA,C,9.72906
tcr_26_1,E,A,S,W,117,171,CA,CA,8.270654
tcr_26_1,E,A,S,E,117,172,CA,N,9.69462
tcr_26_1,E,A,S,W,117,171,CA,CD1,8.2398815
tcr_26_1,E,A,S,E,117,176,CA,CB,5.7846513
tcr_26_1,E,A,S,W,117,171,CA,CB,8.843456
tcr_26_1,E,A,S,W,117,171,CA,CG,8.742485
tcr_26_1,E,A,S,W,117,157,CA,CZ2,9.936373
tcr_26_1,E,A,S,E,117,176,CA,CG,6.1006045
tcr_26_1,E,A,S,E,117,176,CA,OE2,6.1060805
tcr_26_1,E,A,S,E,117,176,CA,CD,6.4982076
tcr_26_1,E,A,S,W,117,171,CA,CD2,9.474779
tcr_26_1,E,A,S,E,117,176,CA,OE1,7.406078
tcr_26_1,E,A,S,W,117,171,CA,CE2,9.411097
tcr_26_1,E,A,S,W,117,171,CA,NE1,8.665724
tcr_26_1,E,A,S,W,117,171,CA,N,9.141289
tcr_26_1,E,A,S,R,117,180,C,N,9.258781
tcr_26_1,E,A,S,Q,117,179,C,C,8.796064
tcr_26_1,E,A,S,E,117,178,C,O,9.902888
tcr_26_1,E,A,S,E,117,178,C,C,9.092142
tcr_26_1,E,A,S,Q,117,179,C,CA,7.660832
tcr_26_1,E,A,S,Q,117,179,C,N,7.9381485
tcr_26_1,E,A,S,E,117,178,C,CA,9.658455
tcr_26_1,E,A,S,Q,117,179,C,CB,6.344583
tcr_26_1,E,A,S,Q,117,179,C,CG,5.2313128
tcr_26_1,E,A,S,E,117,178,C,CB,9.301035
tcr_26_1,E,A,S,E,117,178,C,N,9.545429
tcr_26_1,E,A,S,E,117,178,C,OE2,9.699742
tcr_26_1,E,A,S,E,117,176,C,O,7.892026
tcr_26_1,E,A,S,E,117,176,C,C,7.9988766
tcr_26_1,E,A,S,Q,117,179,C,CD,4.18536
tcr_26_1,E,A,S,Q,117,179,C,NE2,4.0703397
tcr_26_1,E,A,S,Q,117,179,C,OE1,3.9760497
tcr_26_1,E,A,S,Q,117,179,C,O,9.435741
tcr_26_1,E,A,S,R,117,180,C,CZ,9.229198
tcr_26_1,E,A,S,R,117,180,C,NE,9.545668
tcr_26_1,E,A,S,R,117,180,C,NH1,9.599485
tcr_26_1,E,A,S,R,117,180,C,NH2,8.753384
tcr_26_1,E,A,S,R,117,175,C,CD,9.439414
tcr_26_1,E,A,S,R,117,175,C,N,7.623512
tcr_26_1,E,A,S,R,117,175,C,CA,7.916518
tcr_26_1,E,A,S,R,117,175,C,CG,9.025522
tcr_26_1,E,A,S,R,117,175,C,CB,8.00829
tcr_26_1,E,A,S,R,117,175,C,O,7.167615
tcr_26_1,E,A,S,A,117,174,C,C,6.525403
tcr_26_1,E,A,S,A,117,174,C,O,5.453119
tcr_26_1,E,A,S,A,117,174,C,CA,6.8541503
tcr_26_1,E,A,S,R,117,175,C,C,7.2699547
tcr_26_1,E,A,S,W,117,171,C,O,9.06208
tcr_26_1,E,A,S,E,117,176,C,N,7.1965823
tcr_26_1,E,A,S,A,117,177,C,N,9.186732
tcr_26_1,E,A,S,W,117,171,C,C,9.916431
tcr_26_1,E,A,S,E,117,176,C,CA,6.9379244
tcr_26_1,E,A,S,A,117,174,C,CB,6.3078523
tcr_26_1,E,A,S,A,117,174,C,N,8.297446
tcr_26_1,E,A,S,K,117,170,C,O,9.479993
tcr_26_1,E,A,S,A,117,173,C,O,9.0630245
tcr_26_1,E,A,S,A,117,173,C,C,9.216483
tcr_26_1,E,A,S,W,117,171,C,CA,9.729249
tcr_26_1,E,A,S,W,117,171,C,CD1,9.624028
tcr_26_1,E,A,S,E,117,176,C,CB,7.2932043
tcr_26_1,E,A,S,E,117,176,C,CG,7.5323997
tcr_26_1,E,A,S,E,117,176,C,OE2,7.4828315
tcr_26_1,E,A,S,E,117,176,C,CD,7.8805814
tcr_26_1,E,A,S,E,117,176,C,OE1,8.707059
tcr_26_1,E,A,S,W,117,171,C,NE1,9.981697
tcr_26_1,E,A,S,Q,117,179,O,C,9.945629
tcr_26_1,E,A,S,Q,117,179,O,CA,8.755972
tcr_26_1,E,A,S,Q,117,179,O,N,8.945507
tcr_26_1,E,A,S,Q,117,179,O,CB,7.491774
tcr_26_1,E,A,S,Q,117,179,O,CG,6.324686
tcr_26_1,E,A,S,E,117,176,O,O,8.916554
tcr_26_1,E,A,S,E,117,176,O,C,8.922133
tcr_26_1,E,A,S,Q,117,179,O,CD,5.3594193
tcr_26_1,E,A,S,Q,117,179,O,NE2,5.1611404
tcr_26_1,E,A,S,Q,117,179,O,OE1,5.199058
tcr_26_1,E,A,S,R,117,180,O,NH2,9.831204
tcr_26_1,E,A,S,R,117,175,O,CD,9.52373
tcr_26_1,E,A,S,R,117,175,O,N,7.8646407
tcr_26_1,E,A,S,R,117,175,O,CA,8.309187
tcr_26_1,E,A,S,R,117,175,O,CG,9.160708
tcr_26_1,E,A,S,R,117,175,O,CB,8.313564
tcr_26_1,E,A,S,R,117,175,O,O,7.8573346
tcr_26_1,E,A,S,A,117,174,O,C,6.6737933
tcr_26_1,E,A,S,A,117,174,O,O,5.6468253
tcr_26_1,E,A,S,A,117,174,O,CA,6.823803
tcr_26_1,E,A,S,R,117,175,O,C,7.8675776
tcr_26_1,E,A,S,W,117,171,O,O,9.474225
tcr_26_1,E,A,S,E,117,176,O,N,7.851042
tcr_26_1,E,A,S,E,117,176,O,CA,7.770954
tcr_26_1,E,A,S,A,117,174,O,CB,6.3508224
tcr_26_1,E,A,S,A,117,174,O,N,8.257247
tcr_26_1,E,A,S,K,117,170,O,O,9.538368
tcr_26_1,E,A,S,A,117,173,O,O,8.811688
tcr_26_1,E,A,S,A,117,173,O,C,9.072535
tcr_26_1,E,A,S,E,117,176,O,CB,8.104592
tcr_26_1,E,A,S,E,117,176,O,CG,8.477971
tcr_26_1,E,A,S,E,117,176,O,OE2,8.259359
tcr_26_1,E,A,S,E,117,176,O,CD,8.777249
tcr_26_1,E,A,S,E,117,176,O,OE1,9.660113
tcr_26_1,E,A,S,R,117,180,CB,N,8.122728
tcr_26_1,E,A,S,Q,117,179,CB,C,7.854448
tcr_26_1,E,A,S,E,117,178,CB,O,8.511478
tcr_26_1,E,A,S,E,117,178,CB,C,7.518374
tcr_26_1,E,A,S,Q,117,179,CB,CA,6.6201386
tcr_26_1,E,A,S,Q,117,179,CB,N,6.4646153
tcr_26_1,E,A,S,E,117,178,CB,CA,7.7743845
tcr_26_1,E,A,S,Q,117,179,CB,CB,5.5062065
tcr_26_1,E,A,S,Q,117,179,CB,CG,4.596033
tcr_26_1,E,A,S,E,117,178,CB,CB,7.335704
tcr_26_1,E,A,S,E,117,178,CB,N,7.5131063
tcr_26_1,E,A,S,E,117,178,CB,CG,8.165537
tcr_26_1,E,A,S,E,117,178,CB,OE2,7.7149086
tcr_26_1,E,A,S,E,117,178,CB,CD,8.270207
tcr_26_1,E,A,S,E,117,176,CB,O,6.2015986
tcr_26_1,E,A,S,E,117,178,CB,OE1,9.178658
tcr_26_1,E,A,S,E,117,176,CB,C,6.0579443
tcr_26_1,E,A,S,Q,117,179,CB,CD,4.174937
tcr_26_1,E,A,S,Q,117,179,CB,NE2,4.7034307
tcr_26_1,E,A,S,Q,117,179,CB,OE1,3.9577365
tcr_26_1,E,A,S,Q,117,179,CB,O,8.741329
tcr_26_1,E,A,S,R,117,180,CB,CZ,8.862457
tcr_26_1,E,A,S,R,117,180,CB,NE,8.839673
tcr_26_1,E,A,S,R,117,180,CB,NH1,9.466663
tcr_26_1,E,A,S,R,117,180,CB,NH2,8.509555
tcr_26_1,E,A,S,A,117,177,CB,CA,8.317437
tcr_26_1,E,A,S,A,117,177,CB,CB,9.393895
tcr_26_1,E,A,S,A,117,177,CB,C,8.280083
tcr_26_1,E,A,S,A,117,177,CB,O,9.13715
tcr_26_1,E,A,S,R,117,180,CB,CD,9.362068
tcr_26_1,E,A,S,R,117,180,CB,CB,9.779803
tcr_26_1,E,A,S,R,117,180,CB,CA,9.452164
tcr_26_1,E,A,S,R,117,180,CB,CG,9.059488
tcr_26_1,E,A,S,R,117,175,CB,CD,7.199127
tcr_26_1,E,A,S,R,117,175,CB,NE,8.406963
tcr_26_1,E,A,S,R,117,175,CB,CZ,9.381463
tcr_26_1,E,A,S,R,117,175,CB,NH1,9.449745
tcr_26_1,E,A,S,R,117,175,CB,N,5.1865654
tcr_26_1,E,A,S,R,117,175,CB,CA,5.4139256
tcr_26_1,E,A,S,E,117,172,CB,O,8.305615
tcr_26_1,E,A,S,R,117,175,CB,CG,6.6392503
tcr_26_1,E,A,S,R,117,175,CB,CB,5.563457
tcr_26_1,E,A,S,R,117,175,CB,O,4.84148
tcr_26_1,E,A,S,A,117,174,CB,C,4.1899266
tcr_26_1,E,A,S,A,117,174,CB,O,3.0596857
tcr_26_1,E,A,S,A,117,174,CB,CA,4.8351307
tcr_26_1,E,A,S,R,117,175,CB,C,4.836755
tcr_26_1,E,A,S,W,117,171,CB,O,6.8330073
tcr_26_1,E,A,S,E,117,176,CB,N,4.883126
tcr_26_1,E,A,S,A,117,177,CB,N,7.1042786
tcr_26_1,E,A,S,W,117,171,CB,C,7.8067946
tcr_26_1,E,A,S,E,117,176,CB,CA,4.911941
tcr_26_1,E,A,S,A,117,174,CB,CB,4.5816116
tcr_26_1,E,A,S,K,117,170,CB,C,8.708589
tcr_26_1,E,A,S,A,117,173,CB,CB,9.410927
tcr_26_1,E,A,S,A,117,174,CB,N,6.265477
tcr_26_1,E,A,S,A,117,173,CB,N,8.858272
tcr_26_1,E,A,S,A,117,173,CB,CA,8.6197605
tcr_26_1,E,A,S,K,117,170,CB,O,7.7921877
tcr_26_1,E,A,S,A,117,173,CB,O,7.0706987
tcr_26_1,E,A,S,A,117,173,CB,C,7.1753597
tcr_26_1,E,A,S,E,117,172,CB,C,8.708723
tcr_26_1,E,A,S,W,117,171,CB,CA,7.8822336
tcr_26_1,E,A,S,E,117,172,CB,CA,9.307588
tcr_26_1,E,A,S,E,117,172,CB,N,8.961191
tcr_26_1,E,A,S,W,117,171,CB,CD1,8.404392
tcr_26_1,E,A,S,E,117,176,CB,CB,5.5195184
tcr_26_1,E,A,S,W,117,171,CB,CB,8.582723
tcr_26_1,E,A,S,W,117,171,CB,CG,8.744493
tcr_26_1,E,A,S,W,117,157,CB,CZ2,9.687482
tcr_26_1,E,A,S,E,117,176,CB,CG,6.1449966
tcr_26_1,E,A,S,E,117,176,CB,OE2,6.5061398
tcr_26_1,E,A,S,E,117,176,CB,CD,6.8224716
tcr_26_1,E,A,S,W,117,171,CB,CD2,9.605714
tcr_26_1,E,A,S,E,117,176,CB,OE1,7.8451467
tcr_26_1,E,A,S,W,117,171,CB,CE2,9.759853
tcr_26_1,E,A,S,W,117,171,CB,NE1,9.044372
tcr_26_1,E,A,S,W,117,171,CB,N,8.8182745
tcr_26_1,E,A,S,R,117,180,OG,N,7.745048
tcr_26_1,E,A,S,Q,117,179,OG,C,7.2812996
tcr_26_1,E,A,S,A,117,182,OG,CB,9.222096
tcr_26_1,E,A,S,E,117,178,OG,O,7.673588
tcr_26_1,E,A,S,E,117,178,OG,C,6.778111
tcr_26_1,E,A,S,Q,117,179,OG,CA,5.9160113
tcr_26_1,E,A,S,Q,117,179,OG,N,5.7963014
tcr_26_1,E,A,S,E,117,178,OG,CA,7.1405716
tcr_26_1,E,A,S,Q,117,179,OG,CB,4.9497895
tcr_26_1,E,A,S,Q,117,179,OG,CG,3.7941818
tcr_26_1,E,A,S,E,117,178,OG,CB,6.592881
tcr_26_1,E,A,S,E,117,178,OG,N,7.1398854
tcr_26_1,E,A,S,E,117,178,OG,CG,7.5359416
tcr_26_1,E,A,S,E,117,178,OG,OE2,6.8802752
tcr_26_1,E,A,S,E,117,178,OG,CD,7.573929
tcr_26_1,E,A,S,E,117,176,OG,O,6.2071204
tcr_26_1,E,A,S,E,117,178,OG,OE1,8.571114
tcr_26_1,E,A,S,E,117,176,OG,C,6.241067
tcr_26_1,E,A,S,Q,117,179,OG,CD,3.6156044
tcr_26_1,E,A,S,Q,117,179,OG,NE2,4.0089016
tcr_26_1,E,A,S,Q,117,179,OG,OE1,3.823648
tcr_26_1,E,A,S,Q,117,179,OG,O,8.089776
tcr_26_1,E,A,S,R,117,180,OG,CZ,9.205376
tcr_26_1,E,A,S,R,117,180,OG,NE,9.147286
tcr_26_1,E,A,S,R,117,180,OG,NH1,9.676187
tcr_26_1,E,A,S,R,117,180,OG,NH2,9.025996
tcr_26_1,E,A,S,A,117,177,OG,CA,8.325403
tcr_26_1,E,A,S,A,117,177,OG,CB,9.451775
tcr_26_1,E,A,S,A,117,177,OG,C,8.027203
tcr_26_1,E,A,S,A,117,177,OG,O,8.792537
tcr_26_1,E,A,S,R,117,180,OG,CD,9.474796
tcr_26_1,E,A,S,R,117,180,OG,CB,9.667109
tcr_26_1,E,A,S,R,117,180,OG,CA,9.146409
tcr_26_1,E,A,S,R,117,180,OG,CG,9.144676
tcr_26_1,E,A,S,R,117,175,OG,CD,6.912351
tcr_26_1,E,A,S,R,117,175,OG,NE,8.16825
tcr_26_1,E,A,S,R,117,175,OG,CZ,9.001874
tcr_26_1,E,A,S,R,117,175,OG,NH1,8.883668
tcr_26_1,E,A,S,R,117,175,OG,N,5.743066
tcr_26_1,E,A,S,R,117,175,OG,CA,5.659945
tcr_26_1,E,A,S,E,117,172,OG,O,8.88775
tcr_26_1,E,A,S,R,117,175,OG,CG,6.620864
tcr_26_1,E,A,S,R,117,175,OG,CB,5.4954596
tcr_26_1,E,A,S,R,117,175,OG,O,4.7160854
tcr_26_1,E,A,S,A,117,174,OG,C,4.932629
tcr_26_1,E,A,S,A,117,174,OG,O,3.7159767
tcr_26_1,E,A,S,A,117,174,OG,CA,5.83367
tcr_26_1,E,A,S,R,117,175,OG,C,5.0402837
tcr_26_1,E,A,S,W,117,171,OG,O,7.655421
tcr_26_1,E,A,S,E,117,176,OG,N,5.3665457
tcr_26_1,E,A,S,A,117,177,OG,N,7.273145
tcr_26_1,E,A,S,W,117,171,OG,C,8.724522
tcr_26_1,E,A,S,E,117,176,OG,CA,5.3676434
tcr_26_1,E,A,S,A,117,174,OG,CB,5.816363
tcr_26_1,E,A,S,K,117,170,OG,C,9.919154
tcr_26_1,E,A,S,A,117,174,OG,N,7.2318935
tcr_26_1,E,A,S,A,117,173,OG,N,9.723859
tcr_26_1,E,A,S,A,117,173,OG,CA,9.473924
tcr_26_1,E,A,S,K,117,170,OG,O,8.995425
tcr_26_1,E,A,S,A,117,173,OG,O,7.787548
tcr_26_1,E,A,S,A,117,173,OG,C,8.020718
tcr_26_1,E,A,S,E,117,172,OG,C,9.441219
tcr_26_1,E,A,S,W,117,171,OG,CA,8.947728
tcr_26_1,E,A,S,E,117,172,OG,N,9.837398
tcr_26_1,E,A,S,W,117,171,OG,CD1,9.594188
tcr_26_1,E,A,S,E,117,176,OG,CB,6.2540216
tcr_26_1,E,A,S,W,117,171,OG,CB,9.586296
tcr_26_1,E,A,S,W,117,171,OG,CG,9.822986
tcr_26_1,E,A,S,E,117,176,OG,CG,6.7954993
tcr_26_1,E,A,S,E,117,176,OG,OE2,7.51682
tcr_26_1,E,A,S,E,117,176,OG,CD,7.651705
tcr_26_1,E,A,S,E,117,176,OG,OE1,8.596016
tcr_26_1,E,A,S,W,117,171,OG,N,9.973115
tcr_26_1,E,A,S,R,118,180,N,N,8.891349
tcr_26_1,E,A,S,Q,118,179,N,C,8.284072
tcr_26_1,E,A,S,E,118,178,N,O,9.52325
tcr_26_1,E,A,S,E,118,178,N,C,8.845362
tcr_26_1,E,A,S,Q,118,179,N,CA,7.192791
tcr_26_1,E,A,S,Q,118,179,N,N,7.682817
tcr_26_1,E,A,S,E,118,178,N,CA,9.600415
tcr_26_1,E,A,S,Q,118,179,N,CB,5.8807898
tcr_26_1,E,A,S,Q,118,179,N,CG,4.686609
tcr_26_1,E,A,S,E,118,178,N,CB,9.319622
tcr_26_1,E,A,S,E,118,178,N,N,9.629026
tcr_26_1,E,A,S,E,118,178,N,OE2,9.872744
tcr_26_1,E,A,S,E,118,176,N,O,7.9629917
tcr_26_1,E,A,S,E,118,176,N,C,8.2668495
tcr_26_1,E,A,S,Q,118,179,N,CD,3.500815
tcr_26_1,E,A,S,Q,118,179,N,NE2,3.0447628
tcr_26_1,E,A,S,Q,118,179,N,OE1,3.5105495
tcr_26_1,E,A,S,Q,118,179,N,O,8.777274
tcr_26_1,E,A,S,R,118,180,N,CZ,8.998594
tcr_26_1,E,A,S,R,118,180,N,NE,9.389668
tcr_26_1,E,A,S,R,118,180,N,NH1,9.196184
tcr_26_1,E,A,S,R,118,180,N,NH2,8.634241
tcr_26_1,E,A,S,R,118,180,N,CD,9.928886
tcr_26_1,E,A,S,R,118,175,N,N,8.538408
tcr_26_1,E,A,S,R,118,175,N,CA,8.647367
tcr_26_1,E,A,S,R,118,175,N,CG,9.778513
tcr_26_1,E,A,S,R,118,175,N,CB,8.669434
tcr_26_1,E,A,S,R,118,175,N,O,7.5666213
tcr_26_1,E,A,S,A,118,174,N,C,7.5372634
tcr_26_1,E,A,S,A,118,174,N,O,6.412094
tcr_26_1,E,A,S,A,118,174,N,CA,8.015004
tcr_26_1,E,A,S,R,118,175,N,C,7.8562217
tcr_26_1,E,A,S,W,118,171,N,O,9.951528
tcr_26_1,E,A,S,E,118,176,N,N,7.827033
tcr_26_1,E,A,S,A,118,177,N,N,9.50668
tcr_26_1,E,A,S,E,118,176,N,CA,7.399713
tcr_26_1,E,A,S,A,118,174,N,CB,7.48978
tcr_26_1,E,A,S,A,118,174,N,N,9.458265
tcr_26_1,E,A,S,E,118,176,N,CB,7.8338065
tcr_26_1,E,A,S,E,118,176,N,CG,7.87415
tcr_26_1,E,A,S,E,118,176,N,OE2,8.022733
tcr_26_1,E,A,S,E,118,176,N,CD,8.264516
tcr_26_1,E,A,S,E,118,176,N,OE1,8.957721
tcr_26_1,E,A,S,R,118,180,CA,N,9.885906
tcr_26_1,E,A,S,Q,118,179,CA,C,9.13672
tcr_26_1,E,A,S,E,118,178,CA,C,9.693085
tcr_26_1,E,A,S,Q,118,179,CA,CA,8.02858
tcr_26_1,E,A,S,Q,118,179,CA,N,8.601802
tcr_26_1,E,A,S,Q,118,179,CA,CB,6.8230753
tcr_26_1,E,A,S,Q,118,179,CA,CG,5.5149226
tcr_26_1,E,A,S,E,118,176,CA,O,9.2209425
tcr_26_1,E,A,S,E,118,176,CA,C,9.586762
tcr_26_1,E,A,S,Q,118,179,CA,CD,4.40547
tcr_26_1,E,A,S,Q,118,179,CA,NE2,3.562604
tcr_26_1,E,A,S,Q,118,179,CA,OE1,4.6643214
tcr_26_1,E,A,S,Q,118,179,CA,O,9.4914465
tcr_26_1,E,A,S,R,118,180,CA,NH2,9.828017
tcr_26_1,E,A,S,R,118,175,CA,N,9.731415
tcr_26_1,E,A,S,R,118,175,CA,CA,9.81556
tcr_26_1,E,A,S,R,118,175,CA,CB,9.676024
tcr_26_1,E,A,S,R,118,175,CA,O,8.726382
tcr_26_1,E,A,S,A,118,174,CA,C,8.717084
tcr_26_1,E,A,S,A,118,174,CA,O,7.55859
tcr_26_1,E,A,S,A,118,174,CA,CA,9.186113
tcr_26_1,E,A,S,R,118,175,CA,C,9.094102
tcr_26_1,E,A,S,E,118,176,CA,N,9.170156
tcr_26_1,E,A,S,E,118,176,CA,CA,8.783863
tcr_26_1,E,A,S,A,118,174,CA,CB,8.74451
tcr_26_1,E,A,S,E,118,176,CA,CB,9.27996
tcr_26_1,E,A,S,E,118,176,CA,CG,9.302415
tcr_26_1,E,A,S,E,118,176,CA,OE2,9.459302
tcr_26_1,E,A,S,E,118,176,CA,CD,9.692411
tcr_26_1,E,A,S,Q,118,179,C,C,9.544079
tcr_26_1,E,A,S,E,118,178,C,C,9.661039
tcr_26_1,E,A,S,Q,118,179,C,CA,8.286608
tcr_26_1,E,A,S,Q,118,179,C,N,8.7036085
tcr_26_1,E,A,S,Q,118,179,C,CB,7.2682123
tcr_26_1,E,A,S,Q,118,179,C,CG,5.820677
tcr_26_1,E,A,S,E,118,178,C,CB,9.814272
tcr_26_1,E,A,S,E,118,178,C,OE2,9.786167
tcr_26_1,E,A,S,E,118,176,C,O,9.656205
tcr_26_1,E,A,S,E,118,176,C,C,9.965258
tcr_26_1,E,A,S,Q,118,179,C,CD,5.0449996
tcr_26_1,E,A,S,Q,118,179,C,NE2,4.2379947
tcr_26_1,E,A,S,Q,118,179,C,OE1,5.5347357
tcr_26_1,E,A,S,Q,118,179,C,O,9.921469
tcr_26_1,E,A,S,R,118,175,C,N,9.610237
tcr_26_1,E,A,S,R,118,175,C,CA,9.64642
tcr_26_1,E,A,S,R,118,175,C,CB,9.275786
tcr_26_1,E,A,S,R,118,175,C,O,8.670738
tcr_26_1,E,A,S,A,118,174,C,C,8.628658
tcr_26_1,E,A,S,A,118,174,C,O,7.434909
tcr_26_1,E,A,S,A,118,174,C,CA,9.180148
tcr_26_1,E,A,S,R,118,175,C,C,9.093542
tcr_26_1,E,A,S,E,118,176,C,N,9.374336
tcr_26_1,E,A,S,E,118,176,C,CA,9.184111
tcr_26_1,E,A,S,A,118,174,C,CB,8.983835
tcr_26_1,E,A,S,E,118,176,C,CB,9.866572
tcr_26_1,E,A,S,Q,118,179,O,CA,9.277575
tcr_26_1,E,A,S,Q,118,179,O,N,9.721241
tcr_26_1,E,A,S,Q,118,179,O,CB,8.329743
tcr_26_1,E,A,S,Q,118,179,O,CG,6.864114
tcr_26_1,E,A,S,Q,118,179,O,CD,6.1311946
tcr_26_1,E,A,S,Q,118,179,O,NE2,5.207322
tcr_26_1,E,A,S,Q,118,179,O,OE1,6.6768875
tcr_26_1,E,A,S,R,118,175,O,O,9.768897
tcr_26_1,E,A,S,A,118,174,O,C,9.659308
tcr_26_1,E,A,S,A,118,174,O,O,8.475383
tcr_26_1,E,A,S,R,118,180,CB,N,9.594801
tcr_26_1,E,A,S,Q,118,179,CB,C,8.733537
tcr_26_1,E,A,S,A,118,182,CB,CB,9.88504
tcr_26_1,E,A,S,E,118,178,CB,C,9.643311
tcr_26_1,E,A,S,Q,118,179,CB,CA,7.7637134
tcr_26_1,E,A,S,Q,118,179,CB,N,8.564016
tcr_26_1,E,A,S,Q,118,179,CB,CB,6.614258
tcr_26_1,E,A,S,Q,118,179,CB,CG,5.3804173
tcr_26_1,E,A,S,E,118,176,CB,O,9.404683
tcr_26_1,E,A,S,E,118,176,CB,C,9.950032
tcr_26_1,E,A,S,Q,118,179,CB,CD,4.2385364
tcr_26_1,E,A,S,Q,118,179,CB,NE2,3.0915473
tcr_26_1,E,A,S,Q,118,179,CB,OE1,4.6526465
tcr_26_1,E,A,S,Q,118,179,CB,O,8.898159
tcr_26_1,E,A,S,R,118,180,CB,CZ,9.884563
tcr_26_1,E,A,S,R,118,180,CB,NH1,9.759846
tcr_26_1,E,A,S,R,118,180,CB,NH2,9.678227
tcr_26_1,E,A,S,R,118,175,CB,O,9.332753
tcr_26_1,E,A,S,A,118,174,CB,C,9.850433
tcr_26_1,E,A,S,A,118,174,CB,O,8.679679
tcr_26_1,E,A,S,R,118,175,CB,C,9.836301
tcr_26_1,E,A,S,E,118,176,CB,N,9.899448
tcr_26_1,E,A,S,E,118,176,CB,CA,9.338706
tcr_26_1,E,A,S,A,118,174,CB,CB,9.948429
tcr_26_1,E,A,S,E,118,176,CB,CB,9.851689
tcr_26_1,E,A,S,E,118,176,CB,CG,9.668441
tcr_26_1,E,A,S,E,118,176,CB,OE2,9.976132
tcr_26_1,E,A,S,R,118,180,OG,N,9.358307
tcr_26_1,E,A,S,Q,118,179,OG,C,8.587483
tcr_26_1,E,A,S,E,118,178,OG,C,9.897589
tcr_26_1,E,A,S,Q,118,179,OG,CA,7.810553
tcr_26_1,E,A,S,Q,118,179,OG,N,8.734267
tcr_26_1,E,A,S,Q,118,179,OG,CB,6.541635
tcr_26_1,E,A,S,Q,118,179,OG,CG,5.5421777
tcr_26_1,E,A,S,E,118,176,OG,O,9.252759
tcr_26_1,E,A,S,E,118,176,OG,C,9.847925
tcr_26_1,E,A,S,Q,118,179,OG,CD,4.1893497
tcr_26_1,E,A,S,Q,118,179,OG,NE2,3.151314
tcr_26_1,E,A,S,Q,118,179,OG,OE1,4.3249416
tcr_26_1,E,A,S,Q,118,179,OG,O,8.711667
tcr_26_1,E,A,S,R,118,180,OG,CZ,8.974177
tcr_26_1,E,A,S,R,118,180,OG,NE,9.638488
tcr_26_1,E,A,S,R,118,180,OG,NH1,8.786065
tcr_26_1,E,A,S,R,118,180,OG,NH2,8.707803
tcr_26_1,E,A,S,R,118,175,OG,O,9.636788
tcr_26_1,E,A,S,A,118,174,OG,O,9.079893
tcr_26_1,E,A,S,E,118,176,OG,N,9.977974
tcr_26_1,E,A,S,E,118,176,OG,CA,9.252157
tcr_26_1,E,A,S,E,118,176,OG,CB,9.583079
tcr_26_1,E,A,S,E,118,176,OG,CG,9.213192
tcr_26_1,E,A,S,E,118,176,OG,OE2,9.370351
tcr_26_1,E,A,S,E,118,176,OG,CD,9.441864
tcr_26_1,E,A,S,E,118,176,OG,OE1,9.811963
tcr_26_1,E,A,S,R,118,93,OG,NH2,9.491669
tcr_26_1,E,A,S,R,118,93,OG,CZ,9.527892
tcr_26_1,E,A,S,R,118,93,OG,NE,9.139302
tcr_26_1,E,A,S,R,118,93,OG,CD,9.362402
tcr_26_1,E,A,Y,R,119,180,N,N,9.807803
tcr_26_1,E,A,Y,Q,119,179,N,C,9.030496
tcr_26_1,E,A,Y,E,119,178,N,O,9.399761
tcr_26_1,E,A,Y,E,119,178,N,C,8.785453
tcr_26_1,E,A,Y,Q,119,179,N,CA,7.6692643
tcr_26_1,E,A,Y,Q,119,179,N,N,7.8926187
tcr_26_1,E,A,Y,E,119,178,N,CA,9.382222
tcr_26_1,E,A,Y,Q,119,179,N,CB,6.750006
tcr_26_1,E,A,Y,Q,119,179,N,CG,5.27849
tcr_26_1,E,A,Y,E,119,178,N,CB,8.702357
tcr_26_1,E,A,Y,E,119,178,N,N,9.704578
tcr_26_1,E,A,Y,E,119,178,N,CG,9.714788
tcr_26_1,E,A,Y,E,119,178,N,OE2,8.530729
tcr_26_1,E,A,Y,E,119,178,N,CD,9.502104
tcr_26_1,E,A,Y,E,119,176,N,O,8.905677
tcr_26_1,E,A,Y,E,119,176,N,C,9.131919
tcr_26_1,E,A,Y,Q,119,179,N,CD,4.77101
tcr_26_1,E,A,Y,Q,119,179,N,NE2,4.234797
tcr_26_1,E,A,Y,Q,119,179,N,OE1,5.317754
tcr_26_1,E,A,Y,Q,119,179,N,O,9.522444
tcr_26_1,E,A,Y,R,119,175,N,CD,8.816425
tcr_26_1,E,A,Y,R,119,175,N,NE,9.87174
tcr_26_1,E,A,Y,R,119,175,N,N,8.499657
tcr_26_1,E,A,Y,R,119,175,N,CA,8.482245
tcr_26_1,E,A,Y,R,119,175,N,CG,8.90414
tcr_26_1,E,A,Y,R,119,175,N,CB,8.022737
tcr_26_1,E,A,Y,R,119,175,N,O,7.5789957
tcr_26_1,E,A,Y,A,119,174,N,C,7.578482
tcr_26_1,E,A,Y,A,119,174,N,O,6.370565
tcr_26_1,E,A,Y,A,119,174,N,CA,8.2441435
tcr_26_1,E,A,Y,R,119,175,N,C,8.012357
tcr_26_1,E,A,Y,E,119,176,N,N,8.408291
tcr_26_1,E,A,Y,E,119,176,N,CA,8.354122
tcr_26_1,E,A,Y,A,119,174,N,CB,8.213665
tcr_26_1,E,A,Y,A,119,174,N,N,9.677983
tcr_26_1,E,A,Y,A,119,173,N,O,9.85483
tcr_26_1,E,A,Y,E,119,176,N,CB,9.163947
tcr_26_1,E,A,Y,E,119,176,N,CG,9.517702
tcr_26_1,E,A,Y,Q,119,179,CA,C,9.792176
tcr_26_1,E,A,Y,E,119,178,CA,O,9.720215
tcr_26_1,E,A,Y,E,119,178,CA,C,9.116045
tcr_26_1,E,A,Y,Q,119,179,CA,CA,8.348382
tcr_26_1,E,A,Y,Q,119,179,CA,N,8.385826
tcr_26_1,E,A,Y,E,119,178,CA,CA,9.558211
tcr_26_1,E,A,Y,Q,119,179,CA,CB,7.6218357
tcr_26_1,E,A,Y,Q,119,179,CA,CG,6.147261
tcr_26_1,E,A,Y,E,119,178,CA,CB,8.667024
tcr_26_1,E,A,Y,E,119,178,CA,N,9.9768505
tcr_26_1,E,A,Y,E,119,178,CA,CG,9.528685
tcr_26_1,E,A,Y,E,119,178,CA,OE2,8.025435
tcr_26_1,E,A,Y,E,119,178,CA,CD,9.089626
tcr_26_1,E,A,Y,E,119,176,CA,O,9.603024
tcr_26_1,E,A,Y,E,119,176,CA,C,9.741642
tcr_26_1,E,A,Y,Q,119,179,CA,CD,5.9196553
tcr_26_1,E,A,Y,Q,119,179,CA,NE2,5.4708138
tcr_26_1,E,A,Y,Q,119,179,CA,OE1,6.541927
tcr_26_1,E,A,Y,R,119,175,CA,CD,8.187391
tcr_26_1,E,A,Y,R,119,175,CA,NE,9.108896
tcr_26_1,E,A,Y,R,119,175,CA,CZ,9.551995
tcr_26_1,E,A,Y,R,119,175,CA,NH1,9.239023
tcr_26_1,E,A,Y,R,119,175,CA,N,8.530388
tcr_26_1,E,A,Y,R,119,175,CA,CA,8.49274
tcr_26_1,E,A,Y,R,119,175,CA,CG,8.485549
tcr_26_1,E,A,Y,R,119,175,CA,CB,7.7995
tcr_26_1,E,A,Y,R,119,175,CA,O,7.810022
tcr_26_1,E,A,Y,A,119,174,CA,C,7.6702185
tcr_26_1,E,A,Y,A,119,174,CA,O,6.5017233
tcr_26_1,E,A,Y,A,119,174,CA,CA,8.37096
tcr_26_1,E,A,Y,R,119,175,CA,C,8.248124
tcr_26_1,E,A,Y,E,119,176,CA,N,8.825537
tcr_26_1,E,A,Y,E,119,176,CA,CA,8.981881
tcr_26_1,E,A,Y,A,119,174,CA,CB,8.588221
tcr_26_1,E,A,Y,A,119,174,CA,N,9.745855
tcr_26_1,E,A,Y,A,119,173,CA,O,9.590775
tcr_26_1,E,A,Y,E,119,176,CA,CB,9.912158
tcr_26_1,E,A,Y,Q,119,179,C,CA,9.569131
tcr_26_1,E,A,Y,Q,119,179,C,N,9.490628
tcr_26_1,E,A,Y,Q,119,179,C,CB,8.778684
tcr_26_1,E,A,Y,Q,119,179,C,CG,7.355295
tcr_26_1,E,A,Y,E,119,178,C,CB,9.54223
tcr_26_1,E,A,Y,E,119,178,C,OE2,8.64208
tcr_26_1,E,A,Y,E,119,178,C,CD,9.67746
tcr_26_1,E,A,Y,Q,119,179,C,CD,7.0433025
tcr_26_1,E,A,Y,Q,119,179,C,NE2,6.684543
tcr_26_1,E,A,Y,Q,119,179,C,OE1,7.4833064
tcr_26_1,E,A,Y,R,119,175,C,CD,8.144451
tcr_26_1,E,A,Y,R,119,175,C,NE,8.897687
tcr_26_1,E,A,Y,R,119,175,C,CZ,9.368715
tcr_26_1,E,A,Y,R,119,175,C,NH1,9.228071
tcr_26_1,E,A,Y,R,119,175,C,N,8.423666
tcr_26_1,E,A,Y,R,119,175,C,CA,8.619211
tcr_26_1,E,A,Y,R,119,175,C,CG,8.405181
tcr_26_1,E,A,Y,R,119,175,C,CB,7.934335
tcr_26_1,E,A,Y,R,119,175,C,O,8.354559
tcr_26_1,E,A,Y,A,119,174,C,C,7.4565315
tcr_26_1,E,A,Y,A,119,174,C,O,6.3877106
tcr_26_1,E,A,Y,A,119,174,C,CA,7.9275055
tcr_26_1,E,A,Y,R,119,175,C,C,8.595685
tcr_26_1,E,A,Y,E,119,176,C,N,9.142552
tcr_26_1,E,A,Y,E,119,176,C,CA,9.46512
tcr_26_1,E,A,Y,A,119,174,C,CB,8.2021475
tcr_26_1,E,A,Y,A,119,174,C,N,9.259112
tcr_26_1,E,A,Y,A,119,173,C,O,8.902376
tcr_26_1,E,A,Y,A,119,173,C,C,9.616158
tcr_26_1,E,A,Y,Q,119,179,O,CB,9.79978
tcr_26_1,E,A,Y,Q,119,179,O,CG,8.376631
tcr_26_1,E,A,Y,E,119,178,O,OE2,8.831712
tcr_26_1,E,A,Y,E,119,178,O,CD,9.91287
tcr_26_1,E,A,Y,Q,119,179,O,CD,8.173982
tcr_26_1,E,A,Y,Q,119,179,O,NE2,7.808058
tcr_26_1,E,A,Y,Q,119,179,O,OE1,8.662447
tcr_26_1,E,A,Y,R,119,175,O,CD,8.193011
tcr_26_1,E,A,Y,R,119,175,O,NE,8.772128
tcr_26_1,E,A,Y,R,119,175,O,NH2,9.844302
tcr_26_1,E,A,Y,R,119,175,O,CZ,9.105631
tcr_26_1,E,A,Y,R,119,175,O,NH1,8.95566
tcr_26_1,E,A,Y,R,119,175,O,N,8.977443
tcr_26_1,E,A,Y,R,119,175,O,CA,9.175966
tcr_26_1,E,A,Y,R,119,175,O,CG,8.622564
tcr_26_1,E,A,Y,R,119,175,O,CB,8.344888
tcr_26_1,E,A,Y,R,119,175,O,O,9.080832
tcr_26_1,E,A,Y,A,119,174,O,C,8.069739
tcr_26_1,E,A,Y,A,119,174,O,O,7.080772
tcr_26_1,E,A,Y,A,119,174,O,CA,8.51437
tcr_26_1,E,A,Y,R,119,175,O,C,9.313921
tcr_26_1,E,A,Y,E,119,176,O,N,9.957201
tcr_26_1,E,A,Y,A,119,174,O,CB,8.944302
tcr_26_1,E,A,Y,A,119,174,O,N,9.761192
tcr_26_1,E,A,Y,A,119,173,O,O,9.126042
tcr_26_1,E,A,Y,A,119,173,O,C,9.962521
tcr_26_1,E,A,Y,R,119,180,CB,N,9.761107
tcr_26_1,E,A,Y,Q,119,179,CB,C,8.995
tcr_26_1,E,A,Y,A,119,182,CB,CB,9.51662
tcr_26_1,E,A,Y,E,119,178,CB,O,8.557006
tcr_26_1,E,A,Y,E,119,178,CB,C,7.9360743
tcr_26_1,E,A,Y,Q,119,179,CB,CA,7.4947724
tcr_26_1,E,A,Y,Q,119,179,CB,N,7.339039
tcr_26_1,E,A,Y,E,119,178,CB,CA,8.260833
tcr_26_1,E,A,Y,Q,119,179,CB,CB,6.975749
tcr_26_1,E,A,Y,Q,119,179,CB,CG,5.5713887
tcr_26_1,E,A,Y,E,119,178,CB,CB,7.267452
tcr_26_1,E,A,Y,E,119,178,CB,N,8.749501
tcr_26_1,E,A,Y,E,119,178,CB,CG,8.072437
tcr_26_1,E,A,Y,E,119,178,CB,OE2,6.5032682
tcr_26_1,E,A,Y,E,119,178,CB,CD,7.5845566
tcr_26_1,E,A,Y,E,119,176,CB,O,8.751759
tcr_26_1,E,A,Y,E,119,178,CB,OE1,8.508316
tcr_26_1,E,A,Y,E,119,176,CB,C,8.860322
tcr_26_1,E,A,Y,Q,119,179,CB,CD,5.7153816
tcr_26_1,E,A,Y,Q,119,179,CB,NE2,5.5169773
tcr_26_1,E,A,Y,Q,119,179,CB,OE1,6.426729
tcr_26_1,E,A,Y,Q,119,179,CB,O,9.583723
tcr_26_1,E,A,Y,A,119,177,CB,C,9.8840685
tcr_26_1,E,A,Y,R,119,175,CB,CD,6.9076257
tcr_26_1,E,A,Y,R,119,175,CB,NE,7.890253
tcr_26_1,E,A,Y,R,119,175,CB,NH2,9.343541
tcr_26_1,E,A,Y,R,119,175,CB,CZ,8.297748
tcr_26_1,E,A,Y,R,119,175,CB,NH1,7.8987794
tcr_26_1,E,A,Y,R,119,175,CB,N,7.672055
tcr_26_1,E,A,Y,R,119,175,CB,CA,7.440475
tcr_26_1,E,A,Y,R,119,175,CB,CG,7.309501
tcr_26_1,E,A,Y,R,119,175,CB,CB,6.6038923
tcr_26_1,E,A,Y,R,119,175,CB,O,6.6976867
tcr_26_1,E,A,Y,A,119,174,CB,C,6.996747
tcr_26_1,E,A,Y,A,119,174,CB,O,5.846244
tcr_26_1,E,A,Y,A,119,174,CB,CA,7.920599
tcr_26_1,E,A,Y,R,119,175,CB,C,7.236005
tcr_26_1,E,A,Y,E,119,176,CB,N,7.975254
tcr_26_1,E,A,Y,A,119,177,CB,N,9.702613
tcr_26_1,E,A,Y,E,119,176,CB,CA,8.228315
tcr_26_1,E,A,Y,A,119,174,CB,CB,8.3252
tcr_26_1,E,A,Y,A,119,174,CB,N,9.229254
tcr_26_1,E,A,Y,A,119,173,CB,O,9.016045
tcr_26_1,E,A,Y,A,119,173,CB,C,9.639592
tcr_26_1,E,A,Y,E,119,176,CB,CB,9.327052
tcr_26_1,E,A,Y,E,119,176,CB,CG,9.932576
tcr_26_1,E,A,Y,Q,119,179,CG,C,9.944683
tcr_26_1,E,A,Y,E,119,178,CG,O,9.072934
tcr_26_1,E,A,Y,E,119,178,CG,C,8.501599
tcr_26_1,E,A,Y,Q,119,179,CG,CA,8.426724
tcr_26_1,E,A,Y,Q,119,179,CG,N,8.109146
tcr_26_1,E,A,Y,E,119,178,CG,CA,8.653779
tcr_26_1,E,A,Y,Q,119,179,CG,CB,8.109722
tcr_26_1,E,A,Y,Q,119,179,CG,CG,6.7722178
tcr_26_1,E,A,Y,E,119,178,CG,CB,7.4642997
tcr_26_1,E,A,Y,E,119,178,CG,N,9.247367
tcr_26_1,E,A,Y,E,119,178,CG,CG,8.059423
tcr_26_1,E,A,Y,E,119,178,CG,OE2,6.1385984
tcr_26_1,E,A,Y,E,119,178,CG,CD,7.3063836
tcr_26_1,E,A,Y,E,119,176,CG,O,9.69472
tcr_26_1,E,A,Y,E,119,178,CG,OE1,8.096616
tcr_26_1,E,A,Y,E,119,176,CG,C,9.731453
tcr_26_1,E,A,Y,Q,119,179,CG,CD,7.0985804
tcr_26_1,E,A,Y,Q,119,179,CG,NE2,6.929963
tcr_26_1,E,A,Y,Q,119,179,CG,OE1,7.845708
tcr_26_1,E,A,Y,R,119,175,CG,CD,6.4769273
tcr_26_1,E,A,Y,R,119,175,CG,NE,7.264202
tcr_26_1,E,A,Y,R,119,175,CG,NH2,8.4257965
tcr_26_1,E,A,Y,R,119,175,CG,CZ,7.464264
tcr_26_1,E,A,Y,R,119,175,CG,NH1,6.9785013
tcr_26_1,E,A,Y,R,119,175,CG,N,8.077811
tcr_26_1,E,A,Y,R,119,175,CG,CA,7.7983804
tcr_26_1,E,A,Y,R,119,175,CG,CG,7.165348
tcr_26_1,E,A,Y,R,119,175,CG,CB,6.720801
tcr_26_1,E,A,Y,R,119,175,CG,O,7.2944183
tcr_26_1,E,A,Y,A,119,174,CG,C,7.526662
tcr_26_1,E,A,Y,A,119,174,CG,O,6.489178
tcr_26_1,E,A,Y,A,119,174,CG,CA,8.46936
tcr_26_1,E,A,Y,R,119,175,CG,C,7.8310494
tcr_26_1,E,A,Y,E,119,176,CG,N,8.72786
tcr_26_1,E,A,Y,E,119,176,CG,CA,9.15898
tcr_26_1,E,A,Y,A,119,174,CG,CB,9.098107
tcr_26_1,E,A,Y,A,119,174,CG,N,9.664453
tcr_26_1,E,A,Y,A,119,173,CG,O,9.11436
tcr_26_1,E,A,Y,A,119,173,CG,C,9.880029
tcr_26_1,E,A,Y,E,119,178,CD1,O,9.416944
tcr_26_1,E,A,Y,E,119,178,CD1,C,8.742583
tcr_26_1,E,A,Y,Q,119,179,CD1,CA,8.961757
tcr_26_1,E,A,Y,Q,119,179,CD1,N,8.430717
tcr_26_1,E,A,Y,E,119,178,CD1,CA,8.648305
tcr_26_1,E,A,Y,Q,119,179,CD1,CB,8.69267
tcr_26_1,E,A,Y,Q,119,179,CD1,CG,7.4692163
tcr_26_1,E,A,Y,E,119,178,CD1,CB,7.341302
tcr_26_1,E,A,Y,E,119,178,CD1,N,9.138181
tcr_26_1,E,A,Y,E,119,178,CD1,CG,7.6830482
tcr_26_1,E,A,Y,E,119,178,CD1,OE2,5.6466804
tcr_26_1,E,A,Y,E,119,178,CD1,CD,6.7615747
tcr_26_1,E,A,Y,E,119,176,CD1,O,9.802671
tcr_26_1,E,A,Y,E,119,178,CD1,OE1,7.386117
tcr_26_1,E,A,Y,E,119,176,CD1,C,9.671496
tcr_26_1,E,A,Y,Q,119,179,CD1,CD,7.874121
tcr_26_1,E,A,Y,Q,119,179,CD1,NE2,7.8886733
tcr_26_1,E,A,Y,Q,119,179,CD1,OE1,8.505107
tcr_26_1,E,A,Y,R,119,175,CD1,CD,5.357372
tcr_26_1,E,A,Y,R,119,175,CD1,NE,6.0030046
tcr_26_1,E,A,Y,R,119,175,CD1,NH2,7.1036777
tcr_26_1,E,A,Y,R,119,175,CD1,CZ,6.194525
tcr_26_1,E,A,Y,R,119,175,CD1,NH1,5.8224273
tcr_26_1,E,A,Y,R,119,175,CD1,N,7.3424506
tcr_26_1,E,A,Y,R,119,175,CD1,CA,7.128085
tcr_26_1,E,A,Y,E,119,172,CD1,O,9.707888
tcr_26_1,E,A,Y,R,119,175,CD1,CG,6.1346116
tcr_26_1,E,A,Y,R,119,175,CD1,CB,5.937991
tcr_26_1,E,A,Y,R,119,175,CD1,O,7.0253043
tcr_26_1,E,A,Y,A,119,174,CD1,C,6.8712263
tcr_26_1,E,A,Y,A,119,174,CD1,O,5.9771433
tcr_26_1,E,A,Y,A,119,174,CD1,CA,7.786266
tcr_26_1,E,A,Y,R,119,175,CD1,C,7.4236474
tcr_26_1,E,A,Y,E,119,176,CD1,N,8.396379
tcr_26_1,E,A,Y,E,119,176,CD1,CA,9.041353
tcr_26_1,E,A,Y,A,119,174,CD1,CB,8.612023
tcr_26_1,E,A,Y,A,119,174,CD1,N,8.860609
tcr_26_1,E,A,Y,A,119,173,CD1,O,8.070665
tcr_26_1,E,A,Y,A,119,173,CD1,C,8.922205
tcr_26_1,E,A,Y,E,119,178,CD2,O,9.50509
tcr_26_1,E,A,Y,E,119,178,CD2,C,9.096114
tcr_26_1,E,A,Y,Q,119,179,CD2,CA,9.031709
tcr_26_1,E,A,Y,Q,119,179,CD2,N,8.805767
tcr_26_1,E,A,Y,E,119,178,CD2,CA,9.333469
tcr_26_1,E,A,Y,Q,119,179,CD2,CB,8.833068
tcr_26_1,E,A,Y,Q,119,179,CD2,CG,7.474825
tcr_26_1,E,A,Y,E,119,178,CD2,CB,8.134657
tcr_26_1,E,A,Y,E,119,178,CD2,CG,8.751518
tcr_26_1,E,A,Y,E,119,178,CD2,OE2,6.715315
tcr_26_1,E,A,Y,E,119,178,CD2,CD,7.9425216
tcr_26_1,E,A,Y,E,119,178,CD2,OE1,8.721077
tcr_26_1,E,A,Y,Q,119,179,CD2,CD,7.841274
tcr_26_1,E,A,Y,Q,119,179,CD2,NE2,7.510456
tcr_26_1,E,A,Y,Q,119,179,CD2,OE1,8.710985
tcr_26_1,E,A,Y,R,119,175,CD2,CD,7.473284
tcr_26_1,E,A,Y,R,119,175,CD2,NE,8.16505
tcr_26_1,E,A,Y,R,119,175,CD2,NH2,9.070785
tcr_26_1,E,A,Y,R,119,175,CD2,CZ,8.171574
tcr_26_1,E,A,Y,R,119,175,CD2,NH1,7.5270963
tcr_26_1,E,A,Y,R,119,175,CD2,N,9.419733
tcr_26_1,E,A,Y,R,119,175,CD2,CA,9.056801
tcr_26_1,E,A,Y,R,119,175,CD2,CG,8.317303
tcr_26_1,E,A,Y,R,119,175,CD2,CB,7.9126916
tcr_26_1,E,A,Y,R,119,175,CD2,O,8.422156
tcr_26_1,E,A,Y,A,119,174,CD2,C,8.915756
tcr_26_1,E,A,Y,A,119,174,CD2,O,7.8808007
tcr_26_1,E,A,Y,A,119,174,CD2,CA,9.874817
tcr_26_1,E,A,Y,R,119,175,CD2,C,9.056653
tcr_26_1,E,A,Y,E,119,176,CD2,N,9.987004
tcr_26_1,E,A,Y,E,119,178,CE1,C,9.51682
tcr_26_1,E,A,Y,Q,119,179,CE1,CA,9.983425
tcr_26_1,E,A,Y,Q,119,179,CE1,N,9.364889
tcr_26_1,E,A,Y,E,119,178,CE1,CA,9.298986
tcr_26_1,E,A,Y,Q,119,179,CE1,CB,9.855074
tcr_26_1,E,A,Y,Q,119,179,CE1,CG,8.678465
tcr_26_1,E,A,Y,E,119,178,CE1,CB,7.8846087
tcr_26_1,E,A,Y,E,119,178,CE1,N,9.866983
tcr_26_1,E,A,Y,E,119,178,CE1,CG,8.02528
tcr_26_1,E,A,Y,E,119,178,CE1,OE2,5.7704253
tcr_26_1,E,A,Y,E,119,178,CE1,CD,6.8927345
tcr_26_1,E,A,Y,E,119,178,CE1,OE1,7.3374715
tcr_26_1,E,A,Y,Q,119,179,CE1,CD,9.181758
tcr_26_1,E,A,Y,Q,119,179,CE1,NE2,9.189457
tcr_26_1,E,A,Y,Q,119,179,CE1,OE1,9.849555
tcr_26_1,E,A,Y,R,119,175,CE1,CD,5.409094
tcr_26_1,E,A,Y,R,119,175,CE1,NE,5.7598376
tcr_26_1,E,A,Y,R,119,175,CE1,NH2,6.4257426
tcr_26_1,E,A,Y,R,119,175,CE1,CZ,5.666051
tcr_26_1,E,A,Y,R,119,175,CE1,NH1,5.2019596
tcr_26_1,E,A,Y,R,119,175,CE1,N,8.112621
tcr_26_1,E,A,Y,R,119,175,CE1,CA,7.857615
tcr_26_1,E,A,Y,R,119,175,CE1,CG,6.451022
tcr_26_1,E,A,Y,R,119,175,CE1,CB,6.5253406
tcr_26_1,E,A,Y,R,119,175,CE1,O,7.929206
tcr_26_1,E,A,Y,A,119,174,CE1,C,7.7721148
tcr_26_1,E,A,Y,A,119,174,CE1,O,7.0095387
tcr_26_1,E,A,Y,A,119,174,CE1,CA,8.667109
tcr_26_1,E,A,Y,R,119,175,CE1,C,8.321725
tcr_26_1,E,A,Y,E,119,176,CE1,N,9.380791
tcr_26_1,E,A,Y,A,119,174,CE1,CB,9.634801
tcr_26_1,E,A,Y,A,119,174,CE1,N,9.606512
tcr_26_1,E,A,Y,A,119,173,CE1,O,8.5435
tcr_26_1,E,A,Y,A,119,173,CE1,C,9.493759
tcr_26_1,E,A,Y,E,119,178,CE2,C,9.846596
tcr_26_1,E,A,Y,Q,119,179,CE2,N,9.70746
tcr_26_1,E,A,Y,E,119,178,CE2,CA,9.944334
tcr_26_1,E,A,Y,Q,119,179,CE2,CB,9.981245
tcr_26_1,E,A,Y,Q,119,179,CE2,CG,8.684873
tcr_26_1,E,A,Y,E,119,178,CE2,CB,8.633531
tcr_26_1,E,A,Y,E,119,178,CE2,CG,9.059602
tcr_26_1,E,A,Y,E,119,178,CE2,OE2,6.826209
tcr_26_1,E,A,Y,E,119,178,CE2,CD,8.06109
tcr_26_1,E,A,Y,E,119,178,CE2,OE1,8.686898
tcr_26_1,E,A,Y,Q,119,179,CE2,CD,9.1543665
tcr_26_1,E,A,Y,Q,119,179,CE2,NE2,8.866594
tcr_26_1,E,A,Y,R,119,175,CE2,CD,7.5174155
tcr_26_1,E,A,Y,R,119,175,CE2,NE,7.9950542
tcr_26_1,E,A,Y,R,119,175,CE2,NH2,8.557274
tcr_26_1,E,A,Y,R,119,175,CE2,CZ,7.7857995
tcr_26_1,E,A,Y,R,119,175,CE2,NH1,7.065412
tcr_26_1,E,A,Y,R,119,175,CE2,CA,9.647263
tcr_26_1,E,A,Y,R,119,175,CE2,CG,8.559944
tcr_26_1,E,A,Y,R,119,175,CE2,CB,8.368645
tcr_26_1,E,A,Y,R,119,175,CE2,O,9.194765
tcr_26_1,E,A,Y,A,119,174,CE2,C,9.631986
tcr_26_1,E,A,Y,A,119,174,CE2,O,8.694263
tcr_26_1,E,A,Y,R,119,175,CE2,C,9.811519
tcr_26_1,E,A,Y,Q,119,179,CZ,N,9.960516
tcr_26_1,E,A,Y,E,119,178,CZ,CA,9.921677
tcr_26_1,E,A,Y,Q,119,179,CZ,CG,9.22458
tcr_26_1,E,A,Y,E,119,178,CZ,CB,8.509781
tcr_26_1,E,A,Y,E,119,178,CZ,CG,8.709515
tcr_26_1,E,A,Y,E,119,178,CZ,OE2,6.371221
tcr_26_1,E,A,Y,E,119,178,CZ,CD,7.5547442
tcr_26_1,E,A,Y,E,119,178,CZ,OE1,8.014037
tcr_26_1,E,A,Y,Q,119,179,CZ,CD,9.755905
tcr_26_1,E,A,Y,Q,119,179,CZ,NE2,9.62361
tcr_26_1,E,A,Y,R,119,175,CZ,CD,6.568258
tcr_26_1,E,A,Y,R,119,175,CZ,NE,6.863058
tcr_26_1,E,A,Y,R,119,175,CZ,NH2,7.2562876
tcr_26_1,E,A,Y,R,119,175,CZ,CZ,6.5729256
tcr_26_1,E,A,Y,R,119,175,CZ,NH1,5.9188933
tcr_26_1,E,A,Y,R,119,175,CZ,N,9.44638
tcr_26_1,E,A,Y,R,119,175,CZ,CA,9.102597
tcr_26_1,E,A,Y,R,119,175,CZ,CG,7.7085366
tcr_26_1,E,A,Y,R,119,175,CZ,CB,7.742567
tcr_26_1,E,A,Y,R,119,175,CZ,O,8.968436
tcr_26_1,E,A,Y,A,119,174,CZ,C,9.121449
tcr_26_1,E,A,Y,A,119,174,CZ,O,8.311203
tcr_26_1,E,A,Y,R,119,175,CZ,C,9.476629
tcr_26_1,E,A,Y,A,119,173,CZ,O,9.945439
tcr_26_1,E,A,Y,E,119,178,OH,CB,9.272007
tcr_26_1,E,A,Y,E,119,178,OH,CG,9.305214
tcr_26_1,E,A,Y,E,119,178,OH,OE2,6.892372
tcr_26_1,E,A,Y,E,119,178,OH,CD,8.020999
tcr_26_1,E,A,Y,E,119,178,OH,OE1,8.309265
tcr_26_1,E,A,Y,R,119,175,OH,CD,7.027202
tcr_26_1,E,A,Y,R,119,175,OH,NE,7.073309
tcr_26_1,E,A,Y,R,119,175,OH,NH2,7.0303698
tcr_26_1,E,A,Y,R,119,175,OH,CZ,6.5409007
tcr_26_1,E,A,Y,R,119,175,OH,NH1,5.831285
tcr_26_1,E,A,Y,R,119,175,OH,CA,9.961591
tcr_26_1,E,A,Y,R,119,175,OH,CG,8.308433
tcr_26_1,E,A,Y,R,119,175,OH,CB,8.53125
tcr_26_1,E,A,Y,R,119,175,OH,O,9.962403
tcr_26_1,E,A,Y,A,119,174,OH,O,9.378607
tcr_26_1,E,A,N,Q,120,179,N,CA,9.76769
tcr_26_1,E,A,N,Q,120,179,N,N,9.699481
tcr_26_1,E,A,N,Q,120,179,N,CB,8.820733
tcr_26_1,E,A,N,Q,120,179,N,CG,7.468634
tcr_26_1,E,A,N,E,120,178,N,CB,9.934581
tcr_26_1,E,A,N,E,120,178,N,OE2,9.222464
tcr_26_1,E,A,N,Q,120,179,N,CD,6.970323
tcr_26_1,E,A,N,Q,120,179,N,NE2,6.6984506
tcr_26_1,E,A,N,Q,120,179,N,OE1,7.1972795
tcr_26_1,E,A,N,R,120,175,N,CD,8.371471
tcr_26_1,E,A,N,R,120,175,N,NE,9.140861
tcr_26_1,E,A,N,R,120,175,N,CZ,9.764016
tcr_26_1,E,A,N,R,120,175,N,NH1,9.778515
tcr_26_1,E,A,N,R,120,175,N,N,8.005262
tcr_26_1,E,A,N,R,120,175,N,CA,8.396256
tcr_26_1,E,A,N,R,120,175,N,CG,8.404811
tcr_26_1,E,A,N,R,120,175,N,CB,7.9162273
tcr_26_1,E,A,N,R,120,175,N,O,8.287163
tcr_26_1,E,A,N,A,120,174,N,C,6.904788
tcr_26_1,E,A,N,A,120,174,N,O,5.8836117
tcr_26_1,E,A,N,A,120,174,N,CA,7.1679378
tcr_26_1,E,A,N,R,120,175,N,C,8.3677025
tcr_26_1,E,A,N,E,120,176,N,N,8.753925
tcr_26_1,E,A,N,E,120,176,N,CA,9.064614
tcr_26_1,E,A,N,A,120,174,N,CB,7.286656
tcr_26_1,E,A,N,A,120,174,N,N,8.521217
tcr_26_1,E,A,N,A,120,173,N,O,8.319109
tcr_26_1,E,A,N,A,120,173,N,C,8.955409
tcr_26_1,E,A,N,E,120,176,N,CB,9.72429
tcr_26_1,E,A,N,Q,120,179,CA,CG,8.780014
tcr_26_1,E,A,N,Q,120,179,CA,CD,8.248482
tcr_26_1,E,A,N,Q,120,179,CA,NE2,8.033657
tcr_26_1,E,A,N,Q,120,179,CA,OE1,8.352327
tcr_26_1,E,A,N,R,120,175,CA,CD,8.734359
tcr_26_1,E,A,N,R,120,175,CA,NE,9.328225
tcr_26_1,E,A,N,R,120,175,CA,CZ,9.968305
tcr_26_1,E,A,N,R,120,175,CA,N,8.2703285
tcr_26_1,E,A,N,R,120,175,CA,CA,8.871069
tcr_26_1,E,A,N,R,120,175,CA,CG,8.715304
tcr_26_1,E,A,N,R,120,175,CA,CB,8.432048
tcr_26_1,E,A,N,R,120,175,CA,O,9.115713
tcr_26_1,E,A,N,A,120,174,CA,C,7.1103883
tcr_26_1,E,A,N,A,120,174,CA,O,6.2612996
tcr_26_1,E,A,N,A,120,174,CA,CA,7.0941
tcr_26_1,E,A,N,R,120,175,CA,C,9.030263
tcr_26_1,E,A,N,E,120,176,CA,N,9.36802
tcr_26_1,E,A,N,E,120,176,CA,CA,9.806255
tcr_26_1,E,A,N,A,120,174,CA,CB,7.2435904
tcr_26_1,E,A,N,A,120,174,CA,N,8.3446455
tcr_26_1,E,A,N,A,120,173,CA,O,7.9571533
tcr_26_1,E,A,N,A,120,173,CA,C,8.660354
tcr_26_1,E,A,N,Q,120,179,C,CG,9.8900795
tcr_26_1,E,A,N,Q,120,179,C,CD,9.296078
tcr_26_1,E,A,N,Q,120,179,C,NE2,8.905657
tcr_26_1,E,A,N,Q,120,179,C,OE1,9.463027
tcr_26_1,E,A,N,R,120,175,C,CD,9.981648
tcr_26_1,E,A,N,R,120,175,C,N,9.779357
tcr_26_1,E,A,N,R,120,175,C,CB,9.860336
tcr_26_1,E,A,N,A,120,174,C,C,8.628473
tcr_26_1,E,A,N,A,120,174,C,O,7.7897453
tcr_26_1,E,A,N,A,120,174,C,CA,8.564286
tcr_26_1,E,A,N,A,120,174,C,CB,8.691186
tcr_26_1,E,A,N,A,120,174,C,N,9.772983
tcr_26_1,E,A,N,A,120,173,C,O,9.2671795
tcr_26_1,E,A,N,Q,120,179,O,CG,9.83447
tcr_26_1,E,A,N,Q,120,179,O,CD,9.141727
tcr_26_1,E,A,N,Q,120,179,O,NE2,8.591228
tcr_26_1,E,A,N,Q,120,179,O,OE1,9.358195
tcr_26_1,E,A,N,A,120,174,O,C,9.44609
tcr_26_1,E,A,N,A,120,174,O,O,8.522813
tcr_26_1,E,A,N,A,120,174,O,CA,9.449009
tcr_26_1,E,A,N,A,120,174,O,CB,9.459182
tcr_26_1,E,A,N,Q,120,179,CB,CG,8.946704
tcr_26_1,E,A,N,Q,120,179,CB,CD,8.26233
tcr_26_1,E,A,N,Q,120,179,CB,NE2,8.155857
tcr_26_1,E,A,N,Q,120,179,CB,OE1,8.141528
tcr_26_1,E,A,N,R,120,175,CB,CD,9.189139
tcr_26_1,E,A,N,R,120,175,CB,NE,9.824558
tcr_26_1,E,A,N,R,120,175,CB,N,7.9769926
tcr_26_1,E,A,N,R,120,175,CB,CA,8.763271
tcr_26_1,E,A,N,R,120,175,CB,CG,8.916233
tcr_26_1,E,A,N,R,120,175,CB,CB,8.582543
tcr_26_1,E,A,N,R,120,175,CB,O,9.125007
tcr_26_1,E,A,N,A,120,174,CB,C,6.7145696
tcr_26_1,E,A,N,A,120,174,CB,O,5.9777555
tcr_26_1,E,A,N,A,120,174,CB,CA,6.4323773
tcr_26_1,E,A,N,R,120,175,CB,C,8.880395
tcr_26_1,E,A,N,W,120,171,CB,O,9.94199
tcr_26_1,E,A,N,E,120,176,CB,N,9.015037
tcr_26_1,E,A,N,E,120,176,CB,CA,9.407772
tcr_26_1,E,A,N,A,120,174,CB,CB,6.3346286
tcr_26_1,E,A,N,A,120,173,CB,CB,9.808795
tcr_26_1,E,A,N,A,120,174,CB,N,7.6671853
tcr_26_1,E,A,N,A,120,173,CB,CA,9.56747
tcr_26_1,E,A,N,K,120,170,CB,O,9.263775
tcr_26_1,E,A,N,A,120,173,CB,O,7.554379
tcr_26_1,E,A,N,A,120,173,CB,C,8.102481
tcr_26_1,E,A,N,E,120,176,CB,CB,9.736111
tcr_26_1,E,A,N,Q,120,179,CG,CB,9.450349
tcr_26_1,E,A,N,Q,120,179,CG,CG,8.414535
tcr_26_1,E,A,N,E,120,178,CG,OE2,9.991877
tcr_26_1,E,A,N,E,120,176,CG,O,9.922204
tcr_26_1,E,A,N,E,120,176,CG,C,9.523947
tcr_26_1,E,A,N,Q,120,179,CG,CD,7.831831
tcr_26_1,E,A,N,Q,120,179,CG,NE2,7.9658117
tcr_26_1,E,A,N,Q,120,179,CG,OE1,7.59846
tcr_26_1,E,A,N,R,120,175,CG,CD,8.208416
tcr_26_1,E,A,N,R,120,175,CG,NE,8.896212
tcr_26_1,E,A,N,R,120,175,CG,CZ,9.816373
tcr_26_1,E,A,N,R,120,175,CG,N,6.5582695
tcr_26_1,E,A,N,R,120,175,CG,CA,7.4371595
tcr_26_1,E,A,N,E,120,172,CG,O,9.00287
tcr_26_1,E,A,N,R,120,175,CG,CG,7.7500057
tcr_26_1,E,A,N,R,120,175,CG,CB,7.398656
tcr_26_1,E,A,N,R,120,175,CG,O,7.973648
tcr_26_1,E,A,N,A,120,174,CG,C,5.272415
tcr_26_1,E,A,N,A,120,174,CG,O,4.626967
tcr_26_1,E,A,N,A,120,174,CG,CA,4.9236627
tcr_26_1,E,A,N,R,120,175,CG,C,7.6011877
tcr_26_1,E,A,N,W,120,171,CG,O,8.446019
tcr_26_1,E,A,N,E,120,176,CG,N,7.6772795
tcr_26_1,E,A,N,W,120,171,CG,C,9.173116
tcr_26_1,E,A,N,E,120,176,CG,CA,8.157162
tcr_26_1,E,A,N,A,120,174,CG,CB,4.8379188
tcr_26_1,E,A,N,K,120,170,CG,CA,9.8201475
tcr_26_1,E,A,N,K,120,170,CG,C,8.924787
tcr_26_1,E,A,N,A,120,173,CG,CB,8.450551
tcr_26_1,E,A,N,A,120,174,CG,N,6.1749706
tcr_26_1,E,A,N,A,120,173,CG,N,8.960161
tcr_26_1,E,A,N,A,120,173,CG,CA,8.15546
tcr_26_1,E,A,N,K,120,170,CG,O,7.8018894
tcr_26_1,E,A,N,A,120,173,CG,O,6.2251935
tcr_26_1,E,A,N,A,120,173,CG,C,6.680273
tcr_26_1,E,A,N,E,120,172,CG,C,9.321632
tcr_26_1,E,A,N,W,120,171,CG,CA,9.184204
tcr_26_1,E,A,N,W,120,171,CG,CD1,9.811842
tcr_26_1,E,A,N,E,120,176,CG,CB,8.445494
tcr_26_1,E,A,N,E,120,176,CG,CG,9.308263
tcr_26_1,E,A,N,E,120,176,CG,OE2,8.89158
tcr_26_1,E,A,N,E,120,176,CG,CD,9.628876
tcr_26_1,E,A,N,W,120,171,CG,N,9.580702
tcr_26_1,E,A,N,Q,120,179,OD1,N,9.717192
tcr_26_1,E,A,N,Q,120,179,OD1,CB,9.16072
tcr_26_1,E,A,N,Q,120,179,OD1,CG,8.149408
tcr_26_1,E,A,N,E,120,178,OD1,CB,9.620708
tcr_26_1,E,A,N,E,120,178,OD1,CG,9.997809
tcr_26_1,E,A,N,E,120,178,OD1,OE2,8.947352
tcr_26_1,E,A,N,E,120,178,OD1,CD,9.588076
tcr_26_1,E,A,N,E,120,176,OD1,O,9.452957
tcr_26_1,E,A,N,E,120,176,OD1,C,8.989806
tcr_26_1,E,A,N,Q,120,179,OD1,CD,7.7826943
tcr_26_1,E,A,N,Q,120,179,OD1,NE2,8.026606
tcr_26_1,E,A,N,Q,120,179,OD1,OE1,7.6363606
tcr_26_1,E,A,N,R,120,175,OD1,CD,7.010042
tcr_26_1,E,A,N,R,120,175,OD1,NE,7.677457
tcr_26_1,E,A,N,R,120,175,OD1,NH2,9.341865
tcr_26_1,E,A,N,R,120,175,OD1,CZ,8.60231
tcr_26_1,E,A,N,R,120,175,OD1,NH1,9.012768
tcr_26_1,E,A,N,R,120,175,OD1,N,5.645939
tcr_26_1,E,A,N,R,120,175,OD1,CA,6.485275
tcr_26_1,E,A,N,E,120,172,OD1,O,8.073075
tcr_26_1,E,A,N,R,120,175,OD1,CG,6.5898194
tcr_26_1,E,A,N,R,120,175,OD1,CB,6.3252363
tcr_26_1,E,A,N,R,120,175,OD1,O,7.1765842
tcr_26_1,E,A,N,A,120,174,OD1,C,4.4250083
tcr_26_1,E,A,N,A,120,174,OD1,O,3.7868133
tcr_26_1,E,A,N,A,120,174,OD1,CA,4.2494335
tcr_26_1,E,A,N,R,120,175,OD1,C,6.798928
tcr_26_1,E,A,N,W,120,171,OD1,O,7.8141627
tcr_26_1,E,A,N,E,120,176,OD1,N,7.025449
tcr_26_1,E,A,N,A,120,177,OD1,N,9.738819
tcr_26_1,E,A,N,W,120,171,OD1,C,8.622431
tcr_26_1,E,A,N,E,120,176,OD1,CA,7.670128
tcr_26_1,E,A,N,A,120,174,OD1,CB,4.5135136
tcr_26_1,E,A,N,K,120,170,OD1,CA,9.652314
tcr_26_1,E,A,N,K,120,170,OD1,C,8.670593
tcr_26_1,E,A,N,A,120,173,OD1,CB,7.862612
tcr_26_1,E,A,N,A,120,174,OD1,N,5.496715
tcr_26_1,E,A,N,A,120,173,OD1,N,8.234613
tcr_26_1,E,A,N,A,120,173,OD1,CA,7.405354
tcr_26_1,E,A,N,K,120,170,OD1,O,7.50104
tcr_26_1,E,A,N,A,120,173,OD1,O,5.325265
tcr_26_1,E,A,N,A,120,173,OD1,C,5.891698
tcr_26_1,E,A,N,E,120,172,OD1,C,8.504795
tcr_26_1,E,A,N,W,120,171,OD1,CA,8.826084
tcr_26_1,E,A,N,E,120,172,OD1,CA,9.603371
tcr_26_1,E,A,N,E,120,172,OD1,N,9.480001
tcr_26_1,E,A,N,W,120,171,OD1,CD1,9.8067875
tcr_26_1,E,A,N,E,120,176,OD1,CB,8.115065
tcr_26_1,E,A,N,E,120,176,OD1,CG,9.110444
tcr_26_1,E,A,N,E,120,176,OD1,OE2,8.940247
tcr_26_1,E,A,N,E,120,176,OD1,CD,9.595534
tcr_26_1,E,A,N,W,120,171,OD1,N,9.295611
tcr_26_1,E,A,N,Q,120,179,ND2,CB,9.474976
tcr_26_1,E,A,N,Q,120,179,ND2,CG,8.578052
tcr_26_1,E,A,N,E,120,176,ND2,O,9.725726
tcr_26_1,E,A,N,E,120,176,ND2,C,9.289543
tcr_26_1,E,A,N,Q,120,179,ND2,CD,7.8745785
tcr_26_1,E,A,N,Q,120,179,ND2,NE2,8.099852
tcr_26_1,E,A,N,Q,120,179,ND2,OE1,7.4424286
tcr_26_1,E,A,N,R,120,175,ND2,CD,8.865737
tcr_26_1,E,A,N,R,120,175,ND2,NE,9.605061
tcr_26_1,E,A,N,R,120,175,ND2,N,6.5498176
tcr_26_1,E,A,N,R,120,175,ND2,CA,7.545412
tcr_26_1,E,A,N,E,120,172,ND2,O,8.925342
tcr_26_1,E,A,N,R,120,175,ND2,CG,8.204451
tcr_26_1,E,A,N,R,120,175,ND2,CB,7.7685657
tcr_26_1,E,A,N,R,120,175,ND2,O,8.09996
tcr_26_1,E,A,N,A,120,174,ND2,C,5.226311
tcr_26_1,E,A,N,A,120,174,ND2,O,4.722956
tcr_26_1,E,A,N,A,120,174,ND2,CA,4.635499
tcr_26_1,E,A,N,R,120,175,ND2,C,7.6088715
tcr_26_1,E,A,N,W,120,171,ND2,O,8.005781
tcr_26_1,E,A,N,E,120,176,ND2,N,7.4622726
tcr_26_1,E,A,N,W,120,171,ND2,C,8.609737
tcr_26_1,E,A,N,E,120,176,ND2,CA,7.844465
tcr_26_1,E,A,N,A,120,174,ND2,CB,4.1754017
tcr_26_1,E,A,N,K,120,170,ND2,CA,8.907823
tcr_26_1,E,A,N,K,120,170,ND2,C,8.072551
tcr_26_1,E,A,N,A,120,173,ND2,CB,8.090384
tcr_26_1,E,A,N,A,120,174,ND2,N,5.8440013
tcr_26_1,E,A,N,A,120,173,ND2,N,8.626147
tcr_26_1,E,A,N,A,120,173,ND2,CA,7.9256573
tcr_26_1,E,A,N,K,120,170,ND2,O,7.016759
tcr_26_1,E,A,N,A,120,173,ND2,O,6.295364
tcr_26_1,E,A,N,A,120,173,ND2,C,6.522743
tcr_26_1,E,A,N,E,120,172,ND2,C,9.075256
tcr_26_1,E,A,N,W,120,171,ND2,CA,8.427899
tcr_26_1,E,A,N,E,120,172,ND2,N,9.575331
tcr_26_1,E,A,N,W,120,171,ND2,CD1,8.78845
tcr_26_1,E,A,N,E,120,176,ND2,CB,7.8991623
tcr_26_1,E,A,N,W,120,171,ND2,CB,9.523396
tcr_26_1,E,A,N,W,120,171,ND2,CG,9.558581
tcr_26_1,E,A,N,E,120,176,ND2,CG,8.70672
tcr_26_1,E,A,N,E,120,176,ND2,OE2,8.003448
tcr_26_1,E,A,N,E,120,176,ND2,CD,8.8477335
tcr_26_1,E,A,N,E,120,176,ND2,OE1,9.937005
tcr_26_1,E,A,N,W,120,171,ND2,NE1,9.458656
tcr_26_1,E,A,N,W,120,171,ND2,N,8.73849
tcr_26_1,E,A,N,K,120,170,ND2,CG,9.713742
tcr_26_1,E,A,N,K,120,170,ND2,CB,9.008989
tcr_26_1,E,A,E,A,121,174,N,C,9.135773
tcr_26_1,E,A,E,A,121,174,N,O,8.417854
tcr_26_1,E,A,E,A,121,174,N,CA,8.957945
tcr_26_1,E,A,E,A,121,174,N,CB,9.203617
tcr_26_1,E,A,E,A,121,173,N,O,9.289693
tcr_26_1,E,A,E,A,121,174,CA,O,9.8706455
tcr_26_1,D,C,T,F,47,1,C,CE2,9.732449
tcr_26_1,D,C,T,F,47,1,C,CZ,9.392698
tcr_26_1,D,C,T,F,47,1,CB,CZ,9.824415
tcr_26_1,D,C,T,F,47,1,OG1,CE2,9.221113
tcr_26_1,D,C,T,F,47,1,OG1,CZ,8.501187
tcr_26_1,D,C,T,F,47,1,OG1,CE1,9.194992
tcr_26_1,D,C,S,F,48,1,N,CE2,8.484445
tcr_26_1,D,C,S,F,48,1,N,CD2,9.638111
tcr_26_1,D,C,S,F,48,1,N,CZ,8.215494
tcr_26_1,D,C,S,F,48,1,N,CE1,9.178993
tcr_26_1,D,C,S,F,48,1,CA,CE2,7.6964455
tcr_26_1,D,C,S,F,48,1,CA,CD2,8.73008
tcr_26_1,D,C,S,F,48,1,CA,CG,9.549569
tcr_26_1,D,C,S,F,48,1,CA,CD1,9.448395
tcr_26_1,D,C,S,F,48,1,CA,CZ,7.558187
tcr_26_1,D,C,S,F,48,1,CA,CE1,8.503928
tcr_26_1,D,C,S,F,48,1,C,CE2,6.930327
tcr_26_1,D,C,S,F,48,1,C,CD2,7.920756
tcr_26_1,D,C,S,F,48,1,C,CB,9.726589
tcr_26_1,D,C,S,F,48,1,C,CG,8.568412
tcr_26_1,D,C,S,F,48,1,C,CD1,8.335643
tcr_26_1,D,C,S,F,48,1,C,CZ,6.625494
tcr_26_1,D,C,S,F,48,1,C,CE1,7.4020085
tcr_26_1,D,C,S,F,48,1,O,CE2,6.487684
tcr_26_1,D,C,S,F,48,1,O,CD2,7.313982
tcr_26_1,D,C,S,F,48,1,O,CB,8.944355
tcr_26_1,D,C,S,F,48,1,O,CG,7.901582
tcr_26_1,D,C,S,F,48,1,O,CD1,7.7545123
tcr_26_1,D,C,S,F,48,1,O,CZ,6.290195
tcr_26_1,D,C,S,F,48,1,O,CE1,6.981881
tcr_26_1,D,C,S,F,48,1,CB,CE2,6.9758773
tcr_26_1,D,C,S,F,48,1,CB,CD2,7.994687
tcr_26_1,D,C,S,F,48,1,CB,CG,8.982135
tcr_26_1,D,C,S,F,48,1,CB,CD1,9.068174
tcr_26_1,D,C,S,F,48,1,CB,CZ,7.076579
tcr_26_1,D,C,S,F,48,1,CB,CE1,8.185275
tcr_26_1,D,C,S,F,48,1,OG,CE2,6.1967063
tcr_26_1,D,C,S,F,48,1,OG,CD2,7.3550415
tcr_26_1,D,C,S,F,48,1,OG,CB,9.642348
tcr_26_1,D,C,S,F,48,1,OG,CG,8.389118
tcr_26_1,D,C,S,F,48,1,OG,CD1,8.420108
tcr_26_1,D,C,S,F,48,1,OG,CZ,6.2328887
tcr_26_1,D,C,S,F,48,1,OG,CE1,7.429913
tcr_26_1,D,C,E,F,49,1,N,CE2,7.0775533
tcr_26_1,D,C,E,F,49,1,N,CD2,8.15455
tcr_26_1,D,C,E,F,49,1,N,CB,9.930899
tcr_26_1,D,C,E,F,49,1,N,CG,8.68623
tcr_26_1,D,C,E,F,49,1,N,CD1,8.248326
tcr_26_1,D,C,E,F,49,1,N,CZ,6.51897
tcr_26_1,D,C,E,F,49,1,N,CE1,7.185797
tcr_26_1,D,C,E,F,49,1,CA,CE2,6.800591
tcr_26_1,D,C,E,F,49,1,CA,CD2,7.795747
tcr_26_1,D,C,E,F,49,1,CA,CB,9.322703
tcr_26_1,D,C,E,F,49,1,CA,CG,8.103105
tcr_26_1,D,C,E,F,49,1,CA,CD1,7.4877286
tcr_26_1,D,C,E,F,49,1,CA,CZ,6.038837
tcr_26_1,D,C,E,F,49,1,CA,CE1,6.444989
tcr_26_1,D,C,E,L,49,2,CA,O,9.942183
tcr_26_1,D,C,E,F,49,1,C,CE2,7.9621606
tcr_26_1,D,C,E,F,49,1,C,CD2,8.813302
tcr_26_1,D,C,E,F,49,1,C,CG,8.975679
tcr_26_1,D,C,E,F,49,1,C,CD1,8.325391
tcr_26_1,D,C,E,F,49,1,C,CZ,7.203198
tcr_26_1,D,C,E,F,49,1,C,CE1,7.419023
tcr_26_1,D,C,E,F,49,1,O,CE2,9.078719
tcr_26_1,D,C,E,F,49,1,O,CD2,9.961671
tcr_26_1,D,C,E,F,49,1,O,CD1,9.5507765
tcr_26_1,D,C,E,F,49,1,O,CZ,8.354411
tcr_26_1,D,C,E,F,49,1,O,CE1,8.626902
tcr_26_1,D,C,E,F,49,1,CB,CE2,7.0117207
tcr_26_1,D,C,E,F,49,1,CB,CD2,8.103169
tcr_26_1,D,C,E,F,49,1,CB,CB,9.650734
tcr_26_1,D,C,E,F,49,1,CB,CG,8.336235
tcr_26_1,D,C,E,F,49,1,CB,CD1,7.5344973
tcr_26_1,D,C,E,F,49,1,CB,CZ,6.0252275
tcr_26_1,D,C,E,F,49,1,CB,CE1,6.3445864
tcr_26_1,D,C,E,L,49,2,CB,O,9.492702
tcr_26_1,D,C,E,D,49,4,CB,CB,9.954274
tcr_26_1,D,C,E,F,49,1,CG,CE2,6.133892
tcr_26_1,D,C,E,F,49,1,CG,CD2,7.354938
tcr_26_1,D,C,E,F,49,1,CG,CB,9.130834
tcr_26_1,D,C,E,F,49,1,CG,CG,7.7133384
tcr_26_1,D,C,E,F,49,1,CG,CD1,6.9477906
tcr_26_1,D,C,E,F,49,1,CG,CZ,5.132101
tcr_26_1,D,C,E,F,49,1,CG,CE1,5.6366367
tcr_26_1,D,C,E,L,49,2,CG,C,9.859225
tcr_26_1,D,C,E,L,49,2,CG,O,8.697122
tcr_26_1,D,C,E,D,49,4,CG,OD2,9.273169
tcr_26_1,D,C,E,D,49,4,CG,CG,9.774925
tcr_26_1,D,C,E,D,49,4,CG,CB,9.012038
tcr_26_1,D,C,E,D,49,4,CG,CA,9.999677
tcr_26_1,D,C,E,D,49,4,CG,N,9.4366045
tcr_26_1,D,C,E,A,49,3,CG,CA,9.936
tcr_26_1,D,C,E,F,49,1,CD,CE2,6.807669
tcr_26_1,D,C,E,F,49,1,CD,CD2,8.035671
tcr_26_1,D,C,E,F,49,1,CD,CB,9.735218
tcr_26_1,D,C,E,F,49,1,CD,CG,8.29046
tcr_26_1,D,C,E,F,49,1,CD,CD1,7.3761954
tcr_26_1,D,C,E,F,49,1,CD,CZ,5.657579
tcr_26_1,D,C,E,F,49,1,CD,CE1,6.011272
tcr_26_1,D,C,E,L,49,2,CD,C,9.665174
tcr_26_1,D,C,E,L,49,2,CD,O,8.490668
tcr_26_1,D,C,E,D,49,4,CD,O,9.890257
tcr_26_1,D,C,E,D,49,4,CD,OD1,9.858756
tcr_26_1,D,C,E,D,49,4,CD,OD2,8.080756
tcr_26_1,D,C,E,D,49,4,CD,CG,8.653281
tcr_26_1,D,C,E,D,49,4,CD,CB,7.9621387
tcr_26_1,D,C,E,D,49,4,CD,CA,9.063277
tcr_26_1,D,C,E,D,49,4,CD,N,8.668023
tcr_26_1,D,C,E,A,49,3,CD,C,9.610145
tcr_26_1,D,C,E,A,49,3,CD,CA,9.501655
tcr_26_1,D,C,E,F,49,1,OE1,CE2,6.8060365
tcr_26_1,D,C,E,F,49,1,OE1,CD2,8.098576
tcr_26_1,D,C,E,F,49,1,OE1,CB,9.9479885
tcr_26_1,D,C,E,F,49,1,OE1,CG,8.462083
tcr_26_1,D,C,E,F,49,1,OE1,CD1,7.6170726
tcr_26_1,D,C,E,F,49,1,OE1,CZ,5.725554
tcr_26_1,D,C,E,F,49,1,OE1,CE1,6.2210226
tcr_26_1,D,C,E,L,49,2,OE1,C,9.658515
tcr_26_1,D,C,E,L,49,2,OE1,O,8.451526
tcr_26_1,D,C,E,D,49,4,OE1,O,9.704678
tcr_26_1,D,C,E,D,49,4,OE1,OD1,9.256052
tcr_26_1,D,C,E,D,49,4,OE1,OD2,7.369798
tcr_26_1,D,C,E,D,49,4,OE1,CG,8.067787
tcr_26_1,D,C,E,D,49,4,OE1,CB,7.5711446
tcr_26_1,D,C,E,D,49,4,OE1,CA,8.792953
tcr_26_1,D,C,E,D,49,4,OE1,N,8.558596
tcr_26_1,D,C,E,D,49,4,OE1,C,9.811492
tcr_26_1,D,C,E,A,49,3,OE1,C,9.554494
tcr_26_1,D,C,E,A,49,3,OE1,CA,9.61484
tcr_26_1,D,C,E,H,49,6,OE1,CE1,9.903008
tcr_26_1,D,C,E,F,49,1,OE2,CE2,7.605695
tcr_26_1,D,C,E,F,49,1,OE2,CD2,8.740613
tcr_26_1,D,C,E,F,49,1,OE2,CG,8.81894
tcr_26_1,D,C,E,F,49,1,OE2,CD1,7.768342
tcr_26_1,D,C,E,F,49,1,OE2,CZ,6.355171
tcr_26_1,D,C,E,F,49,1,OE2,CE1,6.461151
tcr_26_1,D,C,E,L,49,2,OE2,C,9.758368
tcr_26_1,D,C,E,L,49,2,OE2,O,8.639166
tcr_26_1,D,C,E,D,49,4,OE2,O,9.371651
tcr_26_1,D,C,E,D,49,4,OE2,OD1,9.775708
tcr_26_1,D,C,E,D,49,4,OE2,OD2,8.041292
tcr_26_1,D,C,E,D,49,4,OE2,CG,8.5484085
tcr_26_1,D,C,E,D,49,4,OE2,CB,7.7582493
tcr_26_1,D,C,E,D,49,4,OE2,CA,8.813178
tcr_26_1,D,C,E,D,49,4,OE2,N,8.4174
tcr_26_1,D,C,E,D,49,4,OE2,C,9.6102
tcr_26_1,D,C,E,A,49,3,OE2,C,9.402729
tcr_26_1,D,C,E,A,49,3,OE2,CA,9.288555
tcr_26_1,D,C,E,H,49,6,OE2,CE1,9.880214
tcr_26_1,D,C,S,F,50,1,N,CE2,7.886318
tcr_26_1,D,C,S,F,50,1,N,CD2,8.57178
tcr_26_1,D,C,S,F,50,1,N,CB,9.513996
tcr_26_1,D,C,S,F,50,1,N,CG,8.543461
tcr_26_1,D,C,S,F,50,1,N,CD1,7.8366117
tcr_26_1,D,C,S,F,50,1,N,CZ,7.0947328
tcr_26_1,D,C,S,F,50,1,N,CE1,7.080728
tcr_26_1,D,C,S,F,50,1,CA,CE2,9.165922
tcr_26_1,D,C,S,F,50,1,CA,CD2,9.742261
tcr_26_1,D,C,S,F,50,1,CA,CG,9.589181
tcr_26_1,D,C,S,F,50,1,CA,CD1,8.852361
tcr_26_1,D,C,S,F,50,1,CA,CZ,8.371449
tcr_26_1,D,C,S,F,50,1,CA,CE1,8.214616
tcr_26_1,D,C,S,F,50,1,C,CE2,9.954773
tcr_26_1,D,C,S,F,50,1,C,CD1,9.419479
tcr_26_1,D,C,S,F,50,1,C,CZ,8.998462
tcr_26_1,D,C,S,F,50,1,C,CE1,8.718872
tcr_26_1,D,C,S,F,50,1,O,CE1,9.947261
tcr_26_1,D,C,S,F,50,1,CB,CE2,9.153766
tcr_26_1,D,C,S,F,50,1,CB,CD2,9.516646
tcr_26_1,D,C,S,F,50,1,CB,CB,9.873129
tcr_26_1,D,C,S,F,50,1,CB,CG,9.222674
tcr_26_1,D,C,S,F,50,1,CB,CD1,8.551139
tcr_26_1,D,C,S,F,50,1,CB,CZ,8.454702
tcr_26_1,D,C,S,F,50,1,CB,CE1,8.146303
tcr_26_1,D,C,S,F,50,1,OG,CE2,8.302608
tcr_26_1,D,C,S,F,50,1,OG,CD2,8.573507
tcr_26_1,D,C,S,F,50,1,OG,CB,8.746092
tcr_26_1,D,C,S,F,50,1,OG,CG,8.135714
tcr_26_1,D,C,S,F,50,1,OG,CD1,7.3892193
tcr_26_1,D,C,S,F,50,1,OG,CZ,7.551065
tcr_26_1,D,C,S,F,50,1,OG,CE1,7.0732155
tcr_26_1,D,C,S,F,50,1,OG,O,9.564128
tcr_26_1,D,C,S,L,50,2,OG,O,9.827939
tcr_26_1,D,C,D,F,51,1,N,CE2,9.4060955
tcr_26_1,D,C,D,F,51,1,N,CG,9.750293
tcr_26_1,D,C,D,F,51,1,N,CD1,8.728469
tcr_26_1,D,C,D,F,51,1,N,CZ,8.325541
tcr_26_1,D,C,D,F,51,1,N,CE1,7.9606915
tcr_26_1,D,C,D,F,51,1,CA,CD1,9.448825
tcr_26_1,D,C,D,F,51,1,CA,CZ,9.125779
tcr_26_1,D,C,D,F,51,1,CA,CE1,8.658969
tcr_26_1,D,C,D,F,51,1,C,CD1,9.641354
tcr_26_1,D,C,D,F,51,1,C,CZ,9.0414505
tcr_26_1,D,C,D,F,51,1,C,CE1,8.685355
tcr_26_1,D,C,D,F,51,1,O,CE2,9.363432
tcr_26_1,D,C,D,F,51,1,O,CG,9.992382
tcr_26_1,D,C,D,F,51,1,O,CD1,8.804784
tcr_26_1,D,C,D,F,51,1,O,CZ,8.074709
tcr_26_1,D,C,D,F,51,1,O,CE1,7.7645636
tcr_26_1,D,C,D,L,51,2,O,O,9.7152405
tcr_26_1,D,C,D,D,51,4,O,O,9.861672
tcr_26_1,D,C,D,D,51,4,O,OD2,9.863024
tcr_26_1,D,C,D,D,51,4,O,CB,9.0429945
tcr_26_1,D,C,D,D,51,4,O,CA,9.779178
tcr_26_1,D,C,D,D,51,4,O,N,9.183419
tcr_26_1,D,C,D,A,51,3,O,CA,9.671654
tcr_26_1,D,C,D,A,51,3,O,CB,9.999257
tcr_26_1,D,C,D,F,51,1,CB,CD1,9.049328
tcr_26_1,D,C,D,F,51,1,CB,CZ,9.094322
tcr_26_1,D,C,D,F,51,1,CB,CE1,8.407744
tcr_26_1,D,C,D,D,51,4,CB,N,9.631202
tcr_26_1,D,C,D,A,51,3,CB,CA,9.470162
tcr_26_1,D,C,D,A,51,3,CB,CB,9.373845
tcr_26_1,D,C,D,F,51,1,CG,CD1,9.509975
tcr_26_1,D,C,D,F,51,1,CG,CZ,9.812433
tcr_26_1,D,C,D,F,51,1,CG,CE1,9.05221
tcr_26_1,D,C,D,A,51,3,CG,CB,9.784499
tcr_26_1,D,C,D,F,51,1,OD2,CG,9.887341
tcr_26_1,D,C,D,F,51,1,OD2,CD1,8.79154
tcr_26_1,D,C,D,F,51,1,OD2,CZ,9.347785
tcr_26_1,D,C,D,F,51,1,OD2,CE1,8.492583
tcr_26_1,D,C,D,A,51,3,OD2,CA,9.420757
tcr_26_1,D,C,D,A,51,3,OD2,CB,9.130424
tcr_26_1,D,C,Y,F,52,1,N,CE1,9.949441
tcr_26_1,D,C,Y,H,53,7,CG,CE1,9.816955
tcr_26_1,D,C,Y,H,53,7,CD2,NE2,8.904059
tcr_26_1,D,C,Y,H,53,6,CD2,CE1,9.847708
tcr_26_1,D,C,Y,H,53,6,CD2,NE2,9.866643
tcr_26_1,D,C,Y,H,53,7,CD2,CE1,8.574273
tcr_26_1,D,C,Y,H,53,7,CD2,ND1,9.756899
tcr_26_1,D,C,Y,H,53,7,CE1,NE2,9.453655
tcr_26_1,D,C,Y,H,53,7,CE1,CE1,9.350729
tcr_26_1,D,C,Y,D,53,4,CE2,O,9.301744
tcr_26_1,D,C,Y,H,53,7,CE2,NE2,7.7910523
tcr_26_1,D,C,Y,H,53,6,CE2,CE1,9.480565
tcr_26_1,D,C,Y,H,53,6,CE2,NE2,9.53123
tcr_26_1,D,C,Y,H,53,7,CE2,CE1,7.584883
tcr_26_1,D,C,Y,H,53,7,CE2,ND1,8.818993
tcr_26_1,D,C,Y,H,53,7,CE2,CG,9.726472
tcr_26_1,D,C,Y,H,53,7,CE2,CD2,9.16511
tcr_26_1,D,C,Y,H,53,7,CZ,NE2,8.112915
tcr_26_1,D,C,Y,H,53,7,CZ,CE1,8.034863
tcr_26_1,D,C,Y,H,53,7,CZ,ND1,9.274539
tcr_26_1,D,C,Y,H,53,7,CZ,CD2,9.440109
tcr_26_1,D,C,Y,D,53,4,OH,O,9.775417
tcr_26_1,D,C,Y,N,53,5,OH,OD1,9.568724
tcr_26_1,D,C,Y,H,53,7,OH,NE2,7.3107896
tcr_26_1,D,C,Y,H,53,7,OH,CE1,7.396009
tcr_26_1,D,C,Y,H,53,7,OH,ND1,8.646136
tcr_26_1,D,C,Y,H,53,7,OH,CG,9.316782
tcr_26_1,D,C,Y,H,53,7,OH,CD2,8.578264
tcr_26_1,D,C,Y,F,114,1,OH,CE2,9.888159
tcr_26_1,D,C,Y,F,114,1,OH,CZ,8.878472
tcr_26_1,D,C,Y,F,114,1,OH,CE1,9.316371
tcr_26_1,D,C,R,D,115,4,C,OD2,9.351774
tcr_26_1,D,C,R,D,115,4,C,CB,9.798753
tcr_26_1,D,C,R,H,115,6,C,CE1,9.597453
tcr_26_1,D,C,R,H,115,6,C,NE2,9.859459
tcr_26_1,D,C,R,D,115,4,O,OD2,9.974608
tcr_26_1,D,C,R,H,115,6,CB,CE1,9.718434
tcr_26_1,D,C,R,H,115,6,CB,NE2,9.636899
tcr_26_1,D,C,R,D,115,4,CG,O,9.852136
tcr_26_1,D,C,R,D,115,4,CG,OD2,8.961071
tcr_26_1,D,C,R,D,115,4,CG,CG,9.718708
tcr_26_1,D,C,R,D,115,4,CG,CB,9.707298
tcr_26_1,D,C,R,H,115,6,CG,ND1,9.562647
tcr_26_1,D,C,R,H,115,6,CG,CE1,8.241105
tcr_26_1,D,C,R,H,115,6,CG,NE2,8.122954
tcr_26_1,D,C,R,H,115,7,CG,CE1,9.8905525
tcr_26_1,D,C,R,H,115,6,CG,CD2,9.454839
tcr_26_1,D,C,R,D,115,4,CD,OD2,9.469408
tcr_26_1,D,C,R,H,115,6,CD,ND1,9.508456
tcr_26_1,D,C,R,H,115,6,CD,CE1,8.170376
tcr_26_1,D,C,R,H,115,6,CD,NE2,7.803468
tcr_26_1,D,C,R,H,115,7,CD,CE1,9.529722
tcr_26_1,D,C,R,H,115,6,CD,CD2,9.046296
tcr_26_1,D,C,R,H,115,6,NE,CE1,8.87761
tcr_26_1,D,C,R,H,115,6,NE,NE2,8.43277
tcr_26_1,D,C,R,H,115,7,NE,CE1,9.332217
tcr_26_1,D,C,R,H,115,6,NE,CD2,9.622592
tcr_26_1,D,C,R,H,115,6,CZ,CE1,9.285981
tcr_26_1,D,C,R,H,115,6,CZ,NE2,8.668146
tcr_26_1,D,C,R,H,115,7,CZ,CE1,9.308762
tcr_26_1,D,C,R,H,115,6,CZ,CD2,9.742558
tcr_26_1,D,C,R,H,115,7,CZ,ND1,9.9211645
tcr_26_1,D,C,R,H,115,6,NH1,CE1,9.070965
tcr_26_1,D,C,R,H,115,6,NH1,NE2,8.313991
tcr_26_1,D,C,R,H,115,7,NH1,CE1,9.394836
tcr_26_1,D,C,R,H,115,6,NH1,CD2,9.295079
tcr_26_1,D,C,R,H,115,7,NH1,ND1,9.845987
tcr_26_1,D,C,R,H,115,6,NH2,NE2,9.5214405
tcr_26_1,D,C,R,H,115,7,NH2,CE1,9.478719
tcr_26_1,D,C,S,D,116,4,N,O,9.669125
tcr_26_1,D,C,S,D,116,4,N,OD2,8.205001
tcr_26_1,D,C,S,D,116,4,N,CG,9.010851
tcr_26_1,D,C,S,D,116,4,N,CB,8.734911
tcr_26_1,D,C,S,H,116,6,N,ND1,9.986613
tcr_26_1,D,C,S,H,116,6,N,CE1,8.830995
tcr_26_1,D,C,S,H,116,6,N,NE2,9.224848
tcr_26_1,D,C,S,F,116,1,CA,CZ,9.23107
tcr_26_1,D,C,S,F,116,1,CA,CE1,9.233968
tcr_26_1,D,C,S,D,116,4,CA,O,8.752515
tcr_26_1,D,C,S,D,116,4,CA,OD1,9.408991
tcr_26_1,D,C,S,D,116,4,CA,OD2,7.5141225
tcr_26_1,D,C,S,D,116,4,CA,CG,8.203309
tcr_26_1,D,C,S,D,116,4,CA,CB,7.736543
tcr_26_1,D,C,S,D,116,4,CA,CA,8.961733
tcr_26_1,D,C,S,D,116,4,CA,N,9.041549
tcr_26_1,D,C,S,D,116,4,CA,C,9.373365
tcr_26_1,D,C,S,H,116,6,CA,ND1,9.4063225
tcr_26_1,D,C,S,H,116,6,CA,CE1,8.344543
tcr_26_1,D,C,S,H,116,6,CA,NE2,8.906083
tcr_26_1,D,C,S,F,116,1,C,CZ,9.648326
tcr_26_1,D,C,S,F,116,1,C,CE1,9.428075
tcr_26_1,D,C,S,D,116,4,C,O,7.807127
tcr_26_1,D,C,S,D,116,4,C,OD1,9.023099
tcr_26_1,D,C,S,D,116,4,C,OD2,7.345031
tcr_26_1,D,C,S,D,116,4,C,CG,7.8561687
tcr_26_1,D,C,S,D,116,4,C,CB,7.260028
tcr_26_1,D,C,S,D,116,4,C,CA,8.338328
tcr_26_1,D,C,S,D,116,4,C,N,8.418558
tcr_26_1,D,C,S,D,116,4,C,C,8.537869
tcr_26_1,D,C,S,N,116,5,C,N,9.752037
tcr_26_1,D,C,S,A,116,3,C,C,9.629682
tcr_26_1,D,C,S,A,116,3,C,CA,9.921364
tcr_26_1,D,C,S,H,116,7,C,NE2,9.188429
tcr_26_1,D,C,S,H,116,6,C,ND1,8.644838
tcr_26_1,D,C,S,H,116,6,C,CE1,7.5629506
tcr_26_1,D,C,S,H,116,6,C,CG,9.72435
tcr_26_1,D,C,S,H,116,6,C,NE2,8.064696
tcr_26_1,D,C,S,H,116,7,C,CE1,8.956195
tcr_26_1,D,C,S,H,116,6,C,CD2,9.413983
tcr_26_1,D,C,S,D,116,4,O,O,7.392032
tcr_26_1,D,C,S,D,116,4,O,OD1,8.706237
tcr_26_1,D,C,S,D,116,4,O,OD2,7.0960646
tcr_26_1,D,C,S,D,116,4,O,CG,7.6074853
tcr_26_1,D,C,S,D,116,4,O,CB,7.149354
tcr_26_1,D,C,S,D,116,4,O,CA,8.220191
tcr_26_1,D,C,S,D,116,4,O,N,8.485342
tcr_26_1,D,C,S,D,116,4,O,C,8.249107
tcr_26_1,D,C,S,N,116,5,O,N,9.466075
tcr_26_1,D,C,S,A,116,3,O,C,9.734391
tcr_26_1,D,C,S,N,116,5,O,OD1,9.975045
tcr_26_1,D,C,S,N,116,5,O,CA,9.99608
tcr_26_1,D,C,S,H,116,7,O,NE2,8.561408
tcr_26_1,D,C,S,H,116,6,O,ND1,7.965059
tcr_26_1,D,C,S,H,116,6,O,CE1,6.7946367
tcr_26_1,D,C,S,H,116,6,O,CG,8.944555
tcr_26_1,D,C,S,H,116,6,O,NE2,7.1430573
tcr_26_1,D,C,S,H,116,7,O,CE1,8.180032
tcr_26_1,D,C,S,H,116,6,O,CD2,8.506277
tcr_26_1,D,C,S,H,116,7,O,ND1,9.233673
tcr_26_1,D,C,S,H,116,7,O,CD2,9.835623
tcr_26_1,D,C,S,F,116,1,CB,CE2,9.504957
tcr_26_1,D,C,S,F,116,1,CB,CD1,9.648828
tcr_26_1,D,C,S,F,116,1,CB,CZ,8.261993
tcr_26_1,D,C,S,F,116,1,CB,CE1,8.349224
tcr_26_1,D,C,S,L,116,2,CB,O,9.444435
tcr_26_1,D,C,S,D,116,4,CB,O,8.132701
tcr_26_1,D,C,S,D,116,4,CB,OD1,8.276948
tcr_26_1,D,C,S,D,116,4,CB,OD2,6.28398
tcr_26_1,D,C,S,D,116,4,CB,CG,7.061433
tcr_26_1,D,C,S,D,116,4,CB,CB,6.706219
tcr_26_1,D,C,S,D,116,4,CB,CA,8.037483
tcr_26_1,D,C,S,D,116,4,CB,N,8.182586
tcr_26_1,D,C,S,D,116,4,CB,C,8.625997
tcr_26_1,D,C,S,N,116,5,CB,N,9.909883
tcr_26_1,D,C,S,A,116,3,CB,C,9.414509
tcr_26_1,D,C,S,A,116,3,CB,CA,9.793159
tcr_26_1,D,C,S,H,116,6,CB,ND1,8.65586
tcr_26_1,D,C,S,H,116,6,CB,CE1,7.691803
tcr_26_1,D,C,S,H,116,6,CB,CG,9.8627205
tcr_26_1,D,C,S,H,116,6,CB,NE2,8.399761
tcr_26_1,D,C,S,H,116,6,CB,CD2,9.728699
tcr_26_1,D,C,S,F,116,1,OG,CE2,8.412871
tcr_26_1,D,C,S,F,116,1,OG,CD2,9.494858
tcr_26_1,D,C,S,F,116,1,OG,CG,9.471015
tcr_26_1,D,C,S,F,116,1,OG,CD1,8.333082
tcr_26_1,D,C,S,F,116,1,OG,CZ,7.1131334
tcr_26_1,D,C,S,F,116,1,OG,CE1,7.070026
tcr_26_1,D,C,S,L,116,2,OG,C,9.191006
tcr_26_1,D,C,S,L,116,2,OG,O,8.114321
tcr_26_1,D,C,S,A,116,3,OG,N,9.419292
tcr_26_1,D,C,S,D,116,4,OG,O,7.33649
tcr_26_1,D,C,S,D,116,4,OG,OD1,7.6118402
tcr_26_1,D,C,S,D,116,4,OG,OD2,5.7697463
tcr_26_1,D,C,S,D,116,4,OG,CG,6.3726
tcr_26_1,D,C,S,D,116,4,OG,CB,5.782749
tcr_26_1,D,C,S,D,116,4,OG,CA,7.0230503
tcr_26_1,D,C,S,D,116,4,OG,N,6.998277
tcr_26_1,D,C,S,D,116,4,OG,C,7.7068563
tcr_26_1,D,C,S,N,116,5,OG,N,8.949706
tcr_26_1,D,C,S,A,116,3,OG,C,8.182853
tcr_26_1,D,C,S,A,116,3,OG,O,9.202422
tcr_26_1,D,C,S,A,116,3,OG,CA,8.466294
tcr_26_1,D,C,S,N,116,5,OG,OD1,9.900118
tcr_26_1,D,C,S,A,116,3,OG,CB,9.280804
tcr_26_1,D,C,S,N,116,5,OG,CA,9.888653
tcr_26_1,D,C,S,H,116,6,OG,ND1,8.228089
tcr_26_1,D,C,S,H,116,6,OG,CE1,7.4097133
tcr_26_1,D,C,S,H,116,6,OG,CG,9.51164
tcr_26_1,D,C,S,H,116,6,OG,NE2,8.283655
tcr_26_1,D,C,S,H,116,6,OG,CD2,9.546441
tcr_26_1,D,C,A,F,117,1,N,CD1,9.978094
tcr_26_1,D,C,A,F,117,1,N,CZ,9.23663
tcr_26_1,D,C,A,F,117,1,N,CE1,8.880477
tcr_26_1,D,C,A,L,117,2,N,O,9.740815
tcr_26_1,D,C,A,D,117,4,N,O,7.7086787
tcr_26_1,D,C,A,D,117,4,N,OD1,9.281861
tcr_26_1,D,C,A,D,117,4,N,OD2,7.778841
tcr_26_1,D,C,A,D,117,4,N,CG,8.118385
tcr_26_1,D,C,A,D,117,4,N,CB,7.290121
tcr_26_1,D,C,A,D,117,4,N,CA,8.198055
tcr_26_1,D,C,A,D,117,4,N,N,8.0683155
tcr_26_1,D,C,A,D,117,4,N,C,8.381442
tcr_26_1,D,C,A,N,117,5,N,N,9.517912
tcr_26_1,D,C,A,A,117,3,N,C,9.191839
tcr_26_1,D,C,A,A,117,3,N,CA,9.30671
tcr_26_1,D,C,A,N,117,5,N,OD1,9.49353
tcr_26_1,D,C,A,A,117,3,N,CB,9.652005
tcr_26_1,D,C,A,H,117,7,N,NE2,8.823756
tcr_26_1,D,C,A,H,117,6,N,ND1,8.95794
tcr_26_1,D,C,A,H,117,6,N,CE1,7.9783435
tcr_26_1,D,C,A,H,117,6,N,NE2,8.559199
tcr_26_1,D,C,A,H,117,7,N,CE1,8.765693
tcr_26_1,D,C,A,H,117,6,N,CD2,9.849513
tcr_26_1,D,C,A,H,117,7,N,ND1,9.968456
tcr_26_1,D,C,A,F,117,1,CA,CZ,9.747395
tcr_26_1,D,C,A,F,117,1,CA,CE1,9.192691
tcr_26_1,D,C,A,L,117,2,CA,O,9.596383
tcr_26_1,D,C,A,D,117,4,CA,O,6.9623284
tcr_26_1,D,C,A,D,117,4,CA,OD1,9.083186
tcr_26_1,D,C,A,D,117,4,CA,OD2,7.8656425
tcr_26_1,D,C,A,D,117,4,CA,CG,8.003084
tcr_26_1,D,C,A,D,117,4,CA,CB,7.0563126
tcr_26_1,D,C,A,D,117,4,CA,CA,7.7456017
tcr_26_1,D,C,A,D,117,4,CA,N,7.5876746
tcr_26_1,D,C,A,D,117,4,CA,C,7.706128
tcr_26_1,D,C,A,N,117,5,CA,N,8.748397
tcr_26_1,D,C,A,A,117,3,CA,C,8.653009
tcr_26_1,D,C,A,A,117,3,CA,O,9.692749
tcr_26_1,D,C,A,A,117,3,CA,CA,8.755509
tcr_26_1,D,C,A,N,117,5,CA,CB,9.960782
tcr_26_1,D,C,A,N,117,5,CA,CG,9.4145775
tcr_26_1,D,C,A,N,117,5,CA,OD1,8.367869
tcr_26_1,D,C,A,A,117,3,CA,CB,8.89913
tcr_26_1,D,C,A,N,117,5,CA,CA,9.119952
tcr_26_1,D,C,A,H,117,7,CA,NE2,7.508023
tcr_26_1,D,C,A,H,117,6,CA,ND1,8.448304
tcr_26_1,D,C,A,H,117,6,CA,CE1,7.522691
tcr_26_1,D,C,A,H,117,6,CA,N,9.811235
tcr_26_1,D,C,A,H,117,6,CA,CG,9.47712
tcr_26_1,D,C,A,H,117,6,CA,NE2,8.055535
tcr_26_1,D,C,A,H,117,7,CA,CE1,7.5246596
tcr_26_1,D,C,A,H,117,6,CA,CD2,9.2667675
tcr_26_1,D,C,A,H,117,7,CA,ND1,8.777646
tcr_26_1,D,C,A,H,117,7,CA,CG,9.510931
tcr_26_1,D,C,A,H,117,7,CA,CD2,8.805845
tcr_26_1,D,C,A,F,117,1,C,CD1,9.540281
tcr_26_1,D,C,A,F,117,1,C,CZ,9.294526
tcr_26_1,D,C,A,F,117,1,C,CE1,8.6527195
tcr_26_1,D,C,A,L,117,2,C,C,9.225269
tcr_26_1,D,C,A,L,117,2,C,O,8.519478
tcr_26_1,D,C,A,A,117,3,C,N,8.878274
tcr_26_1,D,C,A,D,117,4,C,O,5.4374676
tcr_26_1,D,C,A,D,117,4,C,OD1,7.653527
tcr_26_1,D,C,A,D,117,4,C,OD2,6.609679
tcr_26_1,D,C,A,D,117,4,C,CG,6.619923
tcr_26_1,D,C,A,D,117,4,C,CB,5.635499
tcr_26_1,D,C,A,D,117,4,C,CA,6.2636085
tcr_26_1,D,C,A,D,117,4,C,N,6.1888795
tcr_26_1,D,C,A,D,117,4,C,C,6.1777964
tcr_26_1,D,C,A,N,117,5,C,N,7.235578
tcr_26_1,D,C,A,A,117,3,C,C,7.2906017
tcr_26_1,D,C,A,A,117,3,C,O,8.278128
tcr_26_1,D,C,A,A,117,3,C,CA,7.540356
tcr_26_1,D,C,A,N,117,5,C,CB,8.543721
tcr_26_1,D,C,A,N,117,5,C,CG,8.105594
tcr_26_1,D,C,A,N,117,5,C,OD1,7.1129303
tcr_26_1,D,C,A,A,117,3,C,CB,7.7228646
tcr_26_1,D,C,A,N,117,5,C,CA,7.650285
tcr_26_1,D,C,A,N,117,5,C,ND2,9.095747
tcr_26_1,D,C,A,H,117,7,C,NE2,6.5029626
tcr_26_1,D,C,A,H,117,6,C,ND1,7.025033
tcr_26_1,D,C,A,H,117,6,C,CE1,6.191888
tcr_26_1,D,C,A,H,117,6,C,N,8.331188
tcr_26_1,D,C,A,H,117,6,C,CG,8.089022
tcr_26_1,D,C,A,H,117,6,C,NE2,6.840325
tcr_26_1,D,C,A,H,117,6,C,CA,9.3938
tcr_26_1,D,C,A,H,117,7,C,CE1,6.5632486
tcr_26_1,D,C,A,H,117,6,C,CB,9.322107
tcr_26_1,D,C,A,H,117,6,C,CD2,7.994667
tcr_26_1,D,C,A,H,117,7,C,ND1,7.76138
tcr_26_1,D,C,A,H,117,7,C,N,9.571837
tcr_26_1,D,C,A,H,117,6,C,C,9.718886
tcr_26_1,D,C,A,N,117,5,C,C,8.557055
tcr_26_1,D,C,A,H,117,7,C,CG,8.420906
tcr_26_1,D,C,A,N,117,5,C,O,9.640818
tcr_26_1,D,C,A,H,117,7,C,CD2,7.724862
tcr_26_1,D,C,A,H,117,7,C,CB,9.830326
tcr_26_1,D,C,A,F,117,1,O,CE1,9.382708
tcr_26_1,D,C,A,L,117,2,O,C,9.357469
tcr_26_1,D,C,A,L,117,2,O,O,8.786394
tcr_26_1,D,C,A,A,117,3,O,N,8.859191
tcr_26_1,D,C,A,D,117,4,O,O,4.806412
tcr_26_1,D,C,A,D,117,4,O,OD1,7.5119705
tcr_26_1,D,C,A,D,117,4,O,OD2,6.7634053
tcr_26_1,D,C,A,D,117,4,O,CG,6.611445
tcr_26_1,D,C,A,D,117,4,O,CB,5.639224
tcr_26_1,D,C,A,D,117,4,O,CA,6.0523186
tcr_26_1,D,C,A,D,117,4,O,N,6.0705757
tcr_26_1,D,C,A,D,117,4,O,C,5.6729555
tcr_26_1,D,C,A,N,117,5,O,N,6.632961
tcr_26_1,D,C,A,A,117,3,O,C,7.1164417
tcr_26_1,D,C,A,A,117,3,O,O,8.004159
tcr_26_1,D,C,A,A,117,3,O,CA,7.452014
tcr_26_1,D,C,A,N,117,5,O,CB,7.7856674
tcr_26_1,D,C,A,N,117,5,O,CG,7.3508873
tcr_26_1,D,C,A,N,117,5,O,OD1,6.312611
tcr_26_1,D,C,A,A,117,3,O,CB,7.4576416
tcr_26_1,D,C,A,N,117,5,O,CA,6.855209
tcr_26_1,D,C,A,N,117,5,O,ND2,8.392898
tcr_26_1,D,C,A,H,117,7,O,NE2,5.281545
tcr_26_1,D,C,A,H,117,6,O,ND1,6.4749
tcr_26_1,D,C,A,H,117,6,O,CE1,5.6882315
tcr_26_1,D,C,A,H,117,6,O,N,7.499985
tcr_26_1,D,C,A,H,117,6,O,CG,7.4156375
tcr_26_1,D,C,A,H,117,6,O,NE2,6.2318673
tcr_26_1,D,C,A,H,117,6,O,CA,8.547526
tcr_26_1,D,C,A,H,117,7,O,CE1,5.348855
tcr_26_1,D,C,A,H,117,6,O,CB,8.604102
tcr_26_1,D,C,A,H,117,6,O,CD2,7.2893786
tcr_26_1,D,C,A,H,117,7,O,ND1,6.5677257
tcr_26_1,D,C,A,H,117,7,O,N,8.515563
tcr_26_1,D,C,A,H,117,6,O,C,8.752078
tcr_26_1,D,C,A,H,117,6,O,O,9.3666
tcr_26_1,D,C,A,H,117,7,O,CA,9.034435
tcr_26_1,D,C,A,N,117,5,O,C,7.6890883
tcr_26_1,D,C,A,H,117,7,O,CG,7.218747
tcr_26_1,D,C,A,N,117,5,O,O,8.719598
tcr_26_1,D,C,A,H,117,7,O,CD2,6.5242476
tcr_26_1,D,C,A,H,117,7,O,CB,8.6450205
tcr_26_1,D,C,A,F,117,1,CB,CD1,9.831529
tcr_26_1,D,C,A,F,117,1,CB,CZ,9.64171
tcr_26_1,D,C,A,F,117,1,CB,CE1,8.97746
tcr_26_1,D,C,A,L,117,2,CB,O,9.582771
tcr_26_1,D,C,A,A,117,3,CB,N,9.917446
tcr_26_1,D,C,A,D,117,4,CB,O,7.6596155
tcr_26_1,D,C,A,D,117,4,CB,OD1,9.995969
tcr_26_1,D,C,A,D,117,4,CB,OD2,8.923256
tcr_26_1,D,C,A,D,117,4,CB,CG,8.937131
tcr_26_1,D,C,A,D,117,4,CB,CB,7.811819
tcr_26_1,D,C,A,D,117,4,CB,CA,8.310409
tcr_26_1,D,C,A,D,117,4,CB,N,7.896656
tcr_26_1,D,C,A,D,117,4,CB,C,8.287674
tcr_26_1,D,C,A,N,117,5,CB,N,9.201313
tcr_26_1,D,C,A,A,117,3,CB,C,8.804929
tcr_26_1,D,C,A,A,117,3,CB,O,9.905295
tcr_26_1,D,C,A,A,117,3,CB,CA,8.649119
tcr_26_1,D,C,A,N,117,5,CB,CG,9.3706
tcr_26_1,D,C,A,N,117,5,CB,OD1,8.287802
tcr_26_1,D,C,A,A,117,3,CB,CB,8.637653
tcr_26_1,D,C,A,N,117,5,CB,CA,9.492133
tcr_26_1,D,C,A,H,117,7,CB,NE2,7.8286715
tcr_26_1,D,C,A,H,117,6,CB,ND1,9.492231
tcr_26_1,D,C,A,H,117,6,CB,CE1,8.686871
tcr_26_1,D,C,A,H,117,6,CB,NE2,9.273305
tcr_26_1,D,C,A,H,117,7,CB,CE1,8.062091
tcr_26_1,D,C,A,H,117,7,CB,ND1,9.374006
tcr_26_1,D,C,A,H,117,7,CB,CG,9.964284
tcr_26_1,D,C,A,H,117,7,CB,CD2,9.09442
tcr_26_1,D,C,L,F,118,1,N,CE2,9.547431
tcr_26_1,D,C,L,F,118,1,N,CG,9.877828
tcr_26_1,D,C,L,F,118,1,N,CD1,8.548568
tcr_26_1,D,C,L,F,118,1,N,CZ,8.16886
tcr_26_1,D,C,L,F,118,1,N,CE1,7.598236
tcr_26_1,D,C,L,L,118,2,N,CA,9.807067
tcr_26_1,D,C,L,L,118,2,N,C,8.331856
tcr_26_1,D,C,L,L,118,2,N,O,7.529041
tcr_26_1,D,C,L,A,118,3,N,N,8.135269
tcr_26_1,D,C,L,D,118,4,N,O,5.1299014
tcr_26_1,D,C,L,D,118,4,N,OD1,6.799298
tcr_26_1,D,C,L,D,118,4,N,OD2,5.606759
tcr_26_1,D,C,L,D,118,4,N,CG,5.684786
tcr_26_1,D,C,L,D,118,4,N,CB,4.6884747
tcr_26_1,D,C,L,D,118,4,N,CA,5.4924793
tcr_26_1,D,C,L,D,118,4,N,N,5.410003
tcr_26_1,D,C,L,D,118,4,N,C,5.6986904
tcr_26_1,D,C,L,N,118,5,N,N,6.8457904
tcr_26_1,D,C,L,A,118,3,N,C,6.58007
tcr_26_1,D,C,L,A,118,3,N,O,7.598871
tcr_26_1,D,C,L,A,118,3,N,CA,6.881585
tcr_26_1,D,C,L,N,118,5,N,CB,8.388433
tcr_26_1,D,C,L,N,118,5,N,CG,8.067286
tcr_26_1,D,C,L,N,118,5,N,OD1,7.202191
tcr_26_1,D,C,L,A,118,3,N,CB,7.3076353
tcr_26_1,D,C,L,N,118,5,N,CA,7.496905
tcr_26_1,D,C,L,N,118,5,N,ND2,9.050945
tcr_26_1,D,C,L,H,118,7,N,NE2,7.2080746
tcr_26_1,D,C,L,H,118,6,N,ND1,6.666078
tcr_26_1,D,C,L,H,118,6,N,CE1,5.911838
tcr_26_1,D,C,L,H,118,6,N,N,8.181575
tcr_26_1,D,C,L,H,118,6,N,CG,7.865789
tcr_26_1,D,C,L,H,118,6,N,NE2,6.758515
tcr_26_1,D,C,L,H,118,6,N,CA,9.270285
tcr_26_1,D,C,L,H,118,7,N,CE1,7.29459
tcr_26_1,D,C,L,H,118,6,N,CB,9.0767765
tcr_26_1,D,C,L,H,118,6,N,CD2,7.919515
tcr_26_1,D,C,L,H,118,7,N,ND1,8.399674
tcr_26_1,D,C,L,H,118,7,N,N,9.776434
tcr_26_1,D,C,L,H,118,6,N,C,9.793672
tcr_26_1,D,C,L,N,118,5,N,C,8.452144
tcr_26_1,D,C,L,H,118,7,N,CG,8.993061
tcr_26_1,D,C,L,N,118,5,N,O,9.599944
tcr_26_1,D,C,L,H,118,7,N,CD2,8.319218
tcr_26_1,D,C,L,F,118,1,CA,CE2,9.189113
tcr_26_1,D,C,L,F,118,1,CA,CD2,9.876781
tcr_26_1,D,C,L,F,118,1,CA,CG,9.403555
tcr_26_1,D,C,L,F,118,1,CA,C,9.765027
tcr_26_1,D,C,L,F,118,1,CA,CD1,8.106916
tcr_26_1,D,C,L,F,118,1,CA,CZ,7.8652387
tcr_26_1,D,C,L,F,118,1,CA,CE1,7.245858
tcr_26_1,D,C,L,F,118,1,CA,O,9.619136
tcr_26_1,D,C,L,L,118,2,CA,N,9.368406
tcr_26_1,D,C,L,L,118,2,CA,CA,8.76985
tcr_26_1,D,C,L,L,118,2,CA,C,7.3280354
tcr_26_1,D,C,L,L,118,2,CA,O,6.571092
tcr_26_1,D,C,L,L,118,2,CA,CB,9.063924
tcr_26_1,D,C,L,A,118,3,CA,N,7.13855
tcr_26_1,D,C,L,L,118,2,CA,CG,9.047136
tcr_26_1,D,C,L,D,118,4,CA,O,3.9251473
tcr_26_1,D,C,L,D,118,4,CA,OD1,5.4053764
tcr_26_1,D,C,L,D,118,4,CA,OD2,4.397395
tcr_26_1,D,C,L,D,118,4,CA,CG,4.3186917
tcr_26_1,D,C,L,D,118,4,CA,CB,3.256296
tcr_26_1,D,C,L,D,118,4,CA,CA,4.0789356
tcr_26_1,D,C,L,L,118,2,CA,CD2,9.355471
tcr_26_1,D,C,L,D,118,4,CA,N,4.1363587
tcr_26_1,D,C,L,D,118,4,CA,C,4.378026
tcr_26_1,D,C,L,N,118,5,CA,N,5.576032
tcr_26_1,D,C,L,A,118,3,CA,C,5.3799
tcr_26_1,D,C,L,A,118,3,CA,O,6.326831
tcr_26_1,D,C,L,A,118,3,CA,CA,5.899399
tcr_26_1,D,C,L,N,118,5,CA,CB,7.312888
tcr_26_1,D,C,L,N,118,5,CA,CG,7.173385
tcr_26_1,D,C,L,N,118,5,CA,OD1,6.449615
tcr_26_1,D,C,L,A,118,3,CA,CB,6.4588733
tcr_26_1,D,C,L,N,118,5,CA,CA,6.3748236
tcr_26_1,D,C,L,N,118,5,CA,ND2,8.207218
tcr_26_1,D,C,L,H,118,7,CA,NE2,6.902313
tcr_26_1,D,C,L,H,118,6,CA,ND1,5.511819
tcr_26_1,D,C,L,H,118,6,CA,CE1,4.938326
tcr_26_1,D,C,L,H,118,6,CA,N,7.0220156
tcr_26_1,D,C,L,H,118,6,CA,CG,6.782282
tcr_26_1,D,C,L,H,118,6,CA,NE2,5.967454
tcr_26_1,D,C,L,H,118,6,CA,CA,8.135139
tcr_26_1,D,C,L,H,118,7,CA,CE1,7.0260677
tcr_26_1,D,C,L,H,118,6,CA,CB,7.9110923
tcr_26_1,D,C,L,H,118,6,CA,CD2,7.022609
tcr_26_1,D,C,L,H,118,7,CA,ND1,7.994009
tcr_26_1,D,C,L,H,118,7,CA,N,8.884427
tcr_26_1,D,C,L,H,118,6,CA,C,8.812341
tcr_26_1,D,C,L,H,118,6,CA,O,9.494645
tcr_26_1,D,C,L,H,118,7,CA,CA,9.782944
tcr_26_1,D,C,L,N,118,5,CA,C,7.3196373
tcr_26_1,D,C,L,H,118,7,CA,CG,8.477468
tcr_26_1,D,C,L,N,118,5,CA,O,8.502525
tcr_26_1,D,C,L,H,118,7,CA,CD2,7.850715
tcr_26_1,D,C,L,H,118,7,CA,CB,9.701444
tcr_26_1,D,C,L,F,118,1,C,CD1,9.244402
tcr_26_1,D,C,L,F,118,1,C,CZ,8.831044
tcr_26_1,D,C,L,F,118,1,C,CE1,8.347818
tcr_26_1,D,C,L,L,118,2,C,CA,9.538486
tcr_26_1,D,C,L,L,118,2,C,C,8.183335
tcr_26_1,D,C,L,L,118,2,C,O,7.44584
tcr_26_1,D,C,L,L,118,2,C,CB,9.604463
tcr_26_1,D,C,L,A,118,3,C,N,8.034326
tcr_26_1,D,C,L,L,118,2,C,CG,9.462343
tcr_26_1,D,C,L,D,118,4,C,O,3.642922
tcr_26_1,D,C,L,D,118,4,C,OD1,4.692817
tcr_26_1,D,C,L,D,118,4,C,OD2,3.499779
tcr_26_1,D,C,L,D,118,4,C,CG,3.624722
tcr_26_1,D,C,L,D,118,4,C,CB,3.0720494
tcr_26_1,D,C,L,D,118,4,C,CA,4.151674
tcr_26_1,D,C,L,L,118,2,C,CD2,9.5332155
tcr_26_1,D,C,L,D,118,4,C,N,4.7108665
tcr_26_1,D,C,L,D,118,4,C,C,4.2987986
tcr_26_1,D,C,L,N,118,5,C,N,5.593751
tcr_26_1,D,C,L,A,118,3,C,C,6.0199804
tcr_26_1,D,C,L,A,118,3,C,O,6.7638702
tcr_26_1,D,C,L,A,118,3,C,CA,6.8371835
tcr_26_1,D,C,L,N,118,5,C,CB,7.5848727
tcr_26_1,D,C,L,N,118,5,C,CG,7.7093463
tcr_26_1,D,C,L,N,118,5,C,OD1,7.058186
tcr_26_1,D,C,L,A,118,3,C,CB,7.4494143
tcr_26_1,D,C,L,N,118,5,C,CA,6.4090333
tcr_26_1,D,C,L,N,118,5,C,ND2,8.8637905
tcr_26_1,D,C,L,H,118,7,C,NE2,6.886626
tcr_26_1,D,C,L,H,118,6,C,ND1,4.4475236
tcr_26_1,D,C,L,H,118,6,C,CE1,3.6745932
tcr_26_1,D,C,L,H,118,6,C,N,6.502631
tcr_26_1,D,C,L,H,118,6,C,CG,5.7051234
tcr_26_1,D,C,L,H,118,6,C,NE2,4.66706
tcr_26_1,D,C,L,H,118,6,C,CA,7.4132
tcr_26_1,D,C,L,H,118,7,C,CE1,6.7474194
tcr_26_1,D,C,L,H,118,6,C,CB,6.965546
tcr_26_1,D,C,L,H,118,6,C,CD2,5.8174963
tcr_26_1,D,C,L,H,118,7,C,ND1,7.5658307
tcr_26_1,D,C,L,H,118,7,C,N,8.320631
tcr_26_1,D,C,L,H,118,6,C,C,8.069496
tcr_26_1,D,C,L,H,118,6,C,O,8.603194
tcr_26_1,D,C,L,H,118,7,C,CA,9.225848
tcr_26_1,D,C,L,N,118,5,C,C,7.0653
tcr_26_1,D,C,L,H,118,7,C,CG,8.192399
tcr_26_1,D,C,L,N,118,5,C,O,8.277817
tcr_26_1,D,C,L,H,118,7,C,CD2,7.8029494
tcr_26_1,D,C,L,H,118,7,C,CB,9.350285
tcr_26_1,D,C,L,F,118,1,O,CD1,9.94909
tcr_26_1,D,C,L,F,118,1,O,CZ,9.724044
tcr_26_1,D,C,L,F,118,1,O,CE1,9.164431
tcr_26_1,D,C,L,L,118,2,O,CA,9.685095
tcr_26_1,D,C,L,L,118,2,O,C,8.367235
tcr_26_1,D,C,L,L,118,2,O,O,7.7755885
tcr_26_1,D,C,L,L,118,2,O,CB,9.649253
tcr_26_1,D,C,L,A,118,3,O,N,8.09456
tcr_26_1,D,C,L,L,118,2,O,CG,9.312453
tcr_26_1,D,C,L,D,118,4,O,O,2.727088
tcr_26_1,D,C,L,D,118,4,O,OD1,4.189205
tcr_26_1,D,C,L,D,118,4,O,OD2,3.47801
tcr_26_1,D,C,L,D,118,4,O,CG,3.3515337
tcr_26_1,D,C,L,D,118,4,O,CB,2.9772496
tcr_26_1,D,C,L,D,118,4,O,CA,3.8012178
tcr_26_1,D,C,L,L,118,2,O,CD2,9.301432
tcr_26_1,D,C,L,D,118,4,O,N,4.6236224
tcr_26_1,D,C,L,D,118,4,O,C,3.5801556
tcr_26_1,D,C,L,N,118,5,O,N,4.83872
tcr_26_1,D,C,L,A,118,3,O,C,5.8775063
tcr_26_1,D,C,L,A,118,3,O,O,6.4474716
tcr_26_1,D,C,L,A,118,3,O,CA,6.867545
tcr_26_1,D,C,L,N,118,5,O,CB,6.8492746
tcr_26_1,D,C,L,N,118,5,O,CG,7.121076
tcr_26_1,D,C,L,N,118,5,O,OD1,6.520823
tcr_26_1,D,C,L,A,118,3,O,CB,7.36545
tcr_26_1,D,C,L,N,118,5,O,CA,5.5455093
tcr_26_1,D,C,L,N,118,5,O,ND2,8.350421
tcr_26_1,D,C,L,H,118,7,O,NE2,6.0743914
tcr_26_1,D,C,L,H,118,6,O,ND1,3.328535
tcr_26_1,D,C,L,H,118,6,O,CE1,2.5651777
tcr_26_1,D,C,L,H,118,6,O,N,5.3807287
tcr_26_1,D,C,L,H,118,6,O,CG,4.5379047
tcr_26_1,D,C,L,H,118,6,O,NE2,3.5872533
tcr_26_1,D,C,L,H,118,6,O,CA,6.2336693
tcr_26_1,D,C,L,H,118,7,O,CE1,5.8648915
tcr_26_1,D,C,L,H,118,6,O,CB,5.809862
tcr_26_1,D,C,L,H,118,6,O,CD2,4.6628323
tcr_26_1,D,C,L,H,118,7,O,ND1,6.5549903
tcr_26_1,D,C,L,H,118,7,O,N,7.1334844
tcr_26_1,D,C,L,H,118,6,O,C,6.852027
tcr_26_1,D,C,L,H,118,6,O,O,7.3777013
tcr_26_1,D,C,L,H,118,7,O,CA,8.053755
tcr_26_1,D,C,L,N,118,5,O,C,6.031844
tcr_26_1,D,C,L,H,118,7,O,CG,7.1671042
tcr_26_1,D,C,L,N,118,5,O,O,7.234461
tcr_26_1,D,C,L,H,118,7,O,CD2,6.889823
tcr_26_1,D,C,L,H,118,7,O,CB,8.257742
tcr_26_1,D,C,L,H,118,7,O,C,9.429006
tcr_26_1,D,C,L,F,118,1,CB,CA,9.359157
tcr_26_1,D,C,L,F,118,1,CB,CE2,7.670676
tcr_26_1,D,C,L,F,118,1,CB,CD2,8.374102
tcr_26_1,D,C,L,F,118,1,CB,CB,9.104583
tcr_26_1,D,C,L,F,118,1,CB,CG,7.962104
tcr_26_1,D,C,L,F,118,1,CB,C,8.50165
tcr_26_1,D,C,L,F,118,1,CB,CD1,6.7047048
tcr_26_1,D,C,L,F,118,1,CB,CZ,6.3655767
tcr_26_1,D,C,L,F,118,1,CB,CE1,5.7936945
tcr_26_1,D,C,L,F,118,1,CB,O,8.459551
tcr_26_1,D,C,L,L,118,2,CB,N,8.116285
tcr_26_1,D,C,L,L,118,2,CB,CA,7.6688027
tcr_26_1,D,C,L,L,118,2,CB,C,6.270792
tcr_26_1,D,C,L,L,118,2,CB,O,5.364802
tcr_26_1,D,C,L,L,118,2,CB,CB,7.995994
tcr_26_1,D,C,L,A,118,3,CB,N,6.3101044
tcr_26_1,D,C,L,L,118,2,CB,CG,8.190579
tcr_26_1,D,C,L,L,118,2,CB,CD1,9.485726
tcr_26_1,D,C,L,D,118,4,CB,O,4.640651
tcr_26_1,D,C,L,D,118,4,CB,OD1,5.2952776
tcr_26_1,D,C,L,D,118,4,CB,OD2,4.204882
tcr_26_1,D,C,L,D,118,4,CB,CG,4.1583686
tcr_26_1,D,C,L,D,118,4,CB,CB,2.9957952
tcr_26_1,D,C,L,D,118,4,CB,CA,3.9045882
tcr_26_1,D,C,L,L,118,2,CB,CD2,8.547356
tcr_26_1,D,C,L,D,118,4,CB,N,3.6835093
tcr_26_1,D,C,L,D,118,4,CB,C,4.7058883
tcr_26_1,D,C,L,N,118,5,CB,N,5.8450327
tcr_26_1,D,C,L,A,118,3,CB,C,4.869187
tcr_26_1,D,C,L,A,118,3,CB,O,5.9014397
tcr_26_1,D,C,L,A,118,3,CB,CA,5.2596073
tcr_26_1,D,C,L,N,118,5,CB,CB,7.625666
tcr_26_1,D,C,L,N,118,5,CB,CG,7.500788
tcr_26_1,D,C,L,N,118,5,CB,OD1,6.9331203
tcr_26_1,D,C,L,A,118,3,CB,CB,6.109914
tcr_26_1,D,C,L,N,118,5,CB,CA,6.8668017
tcr_26_1,D,C,L,N,118,5,CB,ND2,8.401168
tcr_26_1,D,C,L,H,118,7,CB,NE2,8.17095
tcr_26_1,D,C,L,H,118,6,CB,ND1,6.2301493
tcr_26_1,D,C,L,H,118,6,CB,CE1,5.8559103
tcr_26_1,D,C,L,H,118,6,CB,N,7.6986313
tcr_26_1,D,C,L,H,118,6,CB,CG,7.5797863
tcr_26_1,D,C,L,H,118,6,CB,NE2,7.026266
tcr_26_1,D,C,L,H,118,6,CB,CA,8.858088
tcr_26_1,D,C,L,H,118,7,CB,CE1,8.402863
tcr_26_1,D,C,L,H,118,6,CB,CB,8.583242
tcr_26_1,D,C,L,H,118,6,CB,CD2,8.005662
tcr_26_1,D,C,L,H,118,7,CB,ND1,9.324071
tcr_26_1,D,C,L,H,118,7,CB,N,9.861975
tcr_26_1,D,C,L,H,118,6,CB,C,9.727607
tcr_26_1,D,C,L,N,118,5,CB,C,7.925235
tcr_26_1,D,C,L,H,118,7,CB,CG,9.689886
tcr_26_1,D,C,L,N,118,5,CB,O,9.106105
tcr_26_1,D,C,L,H,118,7,CB,CD2,9.011316
tcr_26_1,D,C,L,F,118,1,CG,CA,8.513227
tcr_26_1,D,C,L,F,118,1,CG,N,9.871993
tcr_26_1,D,C,L,F,118,1,CG,CE2,6.9096413
tcr_26_1,D,C,L,F,118,1,CG,CD2,7.5261645
tcr_26_1,D,C,L,F,118,1,CG,CB,8.096967
tcr_26_1,D,C,L,F,118,1,CG,CG,6.993468
tcr_26_1,D,C,L,F,118,1,CG,C,7.702388
tcr_26_1,D,C,L,F,118,1,CG,CD1,5.654306
tcr_26_1,D,C,L,F,118,1,CG,CZ,5.555242
tcr_26_1,D,C,L,F,118,1,CG,CE1,4.7942896
tcr_26_1,D,C,L,F,118,1,CG,O,7.5292172
tcr_26_1,D,C,L,L,118,2,CG,N,7.54288
tcr_26_1,D,C,L,L,118,2,CG,CA,7.2284646
tcr_26_1,D,C,L,L,118,2,CG,C,5.7818646
tcr_26_1,D,C,L,L,118,2,CG,O,4.8696303
tcr_26_1,D,C,L,L,118,2,CG,CB,7.8405967
tcr_26_1,D,C,L,A,118,3,CG,N,5.8039384
tcr_26_1,D,C,L,L,118,2,CG,CG,8.198186
tcr_26_1,D,C,L,L,118,2,CG,CD1,9.395996
tcr_26_1,D,C,L,D,118,4,CG,O,5.567588
tcr_26_1,D,C,L,D,118,4,CG,OD1,6.5263734
tcr_26_1,D,C,L,D,118,4,CG,OD2,5.637
tcr_26_1,D,C,L,D,118,4,CG,CG,5.474645
tcr_26_1,D,C,L,D,118,4,CG,CB,4.1544833
tcr_26_1,D,C,L,D,118,4,CG,CA,4.6872725
tcr_26_1,D,C,L,L,118,2,CG,CD2,8.807732
tcr_26_1,D,C,L,D,118,4,CG,N,3.970256
tcr_26_1,D,C,L,D,118,4,CG,C,5.500536
tcr_26_1,D,C,L,N,118,5,CG,N,6.4487753
tcr_26_1,D,C,L,A,118,3,CG,C,4.88294
tcr_26_1,D,C,L,A,118,3,CG,O,6.060229
tcr_26_1,D,C,L,A,118,3,CG,CA,4.8049555
tcr_26_1,D,C,L,N,118,5,CG,CB,7.8712044
tcr_26_1,D,C,L,N,118,5,CG,CG,7.4852567
tcr_26_1,D,C,L,N,118,5,CG,OD1,6.8865547
tcr_26_1,D,C,L,A,118,3,CG,CB,5.568417
tcr_26_1,D,C,L,N,118,5,CG,CA,7.3787694
tcr_26_1,D,C,L,N,118,5,CG,ND2,8.19838
tcr_26_1,D,C,L,H,118,7,CG,NE2,8.6227255
tcr_26_1,D,C,L,H,118,6,CG,ND1,7.5369763
tcr_26_1,D,C,L,H,118,6,CG,CE1,7.2366943
tcr_26_1,D,C,L,H,118,6,CG,N,8.607029
tcr_26_1,D,C,L,H,118,6,CG,CG,8.857003
tcr_26_1,D,C,L,H,118,6,CG,NE2,8.391003
tcr_26_1,D,C,L,H,118,6,CG,CA,9.878768
tcr_26_1,D,C,L,H,118,7,CG,CE1,9.042036
tcr_26_1,D,C,L,H,118,6,CG,CB,9.773557
tcr_26_1,D,C,L,H,118,6,CG,CD2,9.32714
tcr_26_1,D,C,L,N,118,5,CG,C,8.621967
tcr_26_1,D,C,L,N,118,5,CG,O,9.733709
tcr_26_1,D,C,L,H,118,7,CG,CD2,9.462964
tcr_26_1,D,C,L,F,118,1,CD1,CA,7.3324895
tcr_26_1,D,C,L,F,118,1,CD1,N,8.739046
tcr_26_1,D,C,L,F,118,1,CD1,CE2,5.3883405
tcr_26_1,D,C,L,F,118,1,CD1,CD2,6.0507326
tcr_26_1,D,C,L,F,118,1,CD1,CB,6.8387265
tcr_26_1,D,C,L,F,118,1,CD1,CG,5.62686
tcr_26_1,D,C,L,F,118,1,CD1,C,6.702387
tcr_26_1,D,C,L,F,118,1,CD1,CD1,4.3438826
tcr_26_1,D,C,L,F,118,1,CD1,CZ,4.036742
tcr_26_1,D,C,L,F,118,1,CD1,CE1,3.3489165
tcr_26_1,D,C,L,F,118,1,CD1,O,6.6806474
tcr_26_1,D,C,L,L,118,2,CD1,N,6.596182
tcr_26_1,D,C,L,L,118,2,CD1,CA,6.53895
tcr_26_1,D,C,L,L,118,2,CD1,C,5.2320623
tcr_26_1,D,C,L,L,118,2,CD1,O,4.147532
tcr_26_1,D,C,L,L,118,2,CD1,CB,7.19111
tcr_26_1,D,C,L,A,118,3,CD1,N,5.57702
tcr_26_1,D,C,L,L,118,2,CD1,CG,7.8143773
tcr_26_1,D,C,L,L,118,2,CD1,CD1,9.053791
tcr_26_1,D,C,L,D,118,4,CD1,O,6.648918
tcr_26_1,D,C,L,D,118,4,CD1,OD1,6.9269876
tcr_26_1,D,C,L,D,118,4,CD1,OD2,6.002186
tcr_26_1,D,C,L,D,118,4,CD1,CG,5.9139194
tcr_26_1,D,C,L,D,118,4,CD1,CB,4.7226143
tcr_26_1,D,C,L,D,118,4,CD1,CA,5.272991
tcr_26_1,D,C,L,L,118,2,CD1,CD2,8.453039
tcr_26_1,D,C,L,D,118,4,CD1,N,4.4439774
tcr_26_1,D,C,L,D,118,4,CD1,C,6.37095
tcr_26_1,D,C,L,N,118,5,CD1,N,7.2436104
tcr_26_1,D,C,L,A,118,3,CD1,C,5.158355
tcr_26_1,D,C,L,A,118,3,CD1,O,6.303649
tcr_26_1,D,C,L,A,118,3,CD1,CA,4.923046
tcr_26_1,D,C,L,N,118,5,CD1,CB,8.675705
tcr_26_1,D,C,L,N,118,5,CD1,CG,8.344267
tcr_26_1,D,C,L,N,118,5,CD1,OD1,7.9005947
tcr_26_1,D,C,L,A,118,3,CD1,CB,5.9395623
tcr_26_1,D,C,L,N,118,5,CD1,CA,8.309653
tcr_26_1,D,C,L,N,118,5,CD1,ND2,8.927093
tcr_26_1,D,C,L,H,118,6,CD1,ND1,8.466871
tcr_26_1,D,C,L,H,118,6,CD1,CE1,8.266908
tcr_26_1,D,C,L,H,118,6,CD1,N,9.570297
tcr_26_1,D,C,L,H,118,6,CD1,CG,9.818792
tcr_26_1,D,C,L,H,118,6,CD1,NE2,9.4893055
tcr_26_1,D,C,L,N,118,5,CD1,C,9.569741
tcr_26_1,D,C,L,F,118,1,CD2,CA,8.194304
tcr_26_1,D,C,L,F,118,1,CD2,N,9.446099
tcr_26_1,D,C,L,F,118,1,CD2,CE2,7.4490995
tcr_26_1,D,C,L,F,118,1,CD2,CD2,7.806254
tcr_26_1,D,C,L,F,118,1,CD2,CB,7.8892403
tcr_26_1,D,C,L,F,118,1,CD2,CG,7.017467
tcr_26_1,D,C,L,F,118,1,CD2,C,7.1952324
tcr_26_1,D,C,L,F,118,1,CD2,CD1,5.642764
tcr_26_1,D,C,L,F,118,1,CD2,CZ,6.1746664
tcr_26_1,D,C,L,F,118,1,CD2,CE1,5.128441
tcr_26_1,D,C,L,F,118,1,CD2,O,6.8241644
tcr_26_1,D,C,L,L,118,2,CD2,N,7.0881963
tcr_26_1,D,C,L,L,118,2,CD2,CA,6.596112
tcr_26_1,D,C,L,L,118,2,CD2,C,5.0768175
tcr_26_1,D,C,L,L,118,2,CD2,O,4.426337
tcr_26_1,D,C,L,L,118,2,CD2,CB,7.3448043
tcr_26_1,D,C,L,A,118,3,CD2,N,4.799821
tcr_26_1,D,C,L,L,118,2,CD2,CG,7.5617657
tcr_26_1,D,C,L,L,118,2,CD2,CD1,8.599738
tcr_26_1,D,C,L,D,118,4,CD2,O,5.1461854
tcr_26_1,D,C,L,D,118,4,CD2,OD1,6.6778765
tcr_26_1,D,C,L,D,118,4,CD2,OD2,6.2705994
tcr_26_1,D,C,L,D,118,4,CD2,CG,5.807998
tcr_26_1,D,C,L,D,118,4,CD2,CB,4.317826
tcr_26_1,D,C,L,D,118,4,CD2,CA,4.3348403
tcr_26_1,D,C,L,L,118,2,CD2,CD2,8.343837
tcr_26_1,D,C,L,D,118,4,CD2,N,3.3012812
tcr_26_1,D,C,L,D,118,4,CD2,C,4.9567566
tcr_26_1,D,C,L,N,118,5,CD2,N,5.671603
tcr_26_1,D,C,L,A,118,3,CD2,C,3.9644892
tcr_26_1,D,C,L,A,118,3,CD2,O,5.1811733
tcr_26_1,D,C,L,A,118,3,CD2,CA,3.6476183
tcr_26_1,D,C,L,N,118,5,CD2,CB,6.7316303
tcr_26_1,D,C,L,N,118,5,CD2,CG,6.17633
tcr_26_1,D,C,L,N,118,5,CD2,OD1,5.5848446
tcr_26_1,D,C,L,A,118,3,CD2,CB,4.164134
tcr_26_1,D,C,L,N,118,5,CD2,CA,6.452005
tcr_26_1,D,C,L,N,118,5,CD2,ND2,6.7904706
tcr_26_1,D,C,L,H,118,7,CD2,NE2,7.8728805
tcr_26_1,D,C,L,H,118,6,CD2,ND1,7.5217705
tcr_26_1,D,C,L,H,118,6,CD2,CE1,7.399136
tcr_26_1,D,C,L,H,118,6,CD2,N,8.026435
tcr_26_1,D,C,L,H,118,6,CD2,CG,8.757094
tcr_26_1,D,C,L,H,118,6,CD2,NE2,8.544168
tcr_26_1,D,C,L,H,118,6,CD2,CA,9.397586
tcr_26_1,D,C,L,H,118,7,CD2,CE1,8.488061
tcr_26_1,D,C,L,H,118,6,CD2,CB,9.522151
tcr_26_1,D,C,L,H,118,6,CD2,CD2,9.326689
tcr_26_1,D,C,L,H,118,7,CD2,ND1,9.484694
tcr_26_1,D,C,L,N,118,5,CD2,C,7.824417
tcr_26_1,D,C,L,H,118,7,CD2,CG,9.562439
tcr_26_1,D,C,L,N,118,5,CD2,O,8.847679
tcr_26_1,D,C,L,H,118,7,CD2,CD2,8.597009
tcr_26_1,D,C,S,F,119,1,N,CD1,9.686137
tcr_26_1,D,C,S,F,119,1,N,CZ,8.936463
tcr_26_1,D,C,S,F,119,1,N,CE1,8.653535
tcr_26_1,D,C,S,L,119,2,N,C,9.023365
tcr_26_1,D,C,S,L,119,2,N,O,8.17245
tcr_26_1,D,C,S,A,119,3,N,N,9.0238
tcr_26_1,D,C,S,D,119,4,N,O,4.846896
tcr_26_1,D,C,S,D,119,4,N,OD1,5.1876664
tcr_26_1,D,C,S,D,119,4,N,OD2,3.510016
tcr_26_1,D,C,S,D,119,4,N,CG,4.0651555
tcr_26_1,D,C,S,D,119,4,N,CB,3.871332
tcr_26_1,D,C,S,D,119,4,N,CA,5.1759014
tcr_26_1,D,C,S,D,119,4,N,N,5.780962
tcr_26_1,D,C,S,D,119,4,N,C,5.4717255
tcr_26_1,D,C,S,N,119,5,N,N,6.7840114
tcr_26_1,D,C,S,A,119,3,N,C,7.103298
tcr_26_1,D,C,S,A,119,3,N,O,7.8406396
tcr_26_1,D,C,S,A,119,3,N,CA,7.912045
tcr_26_1,D,C,S,N,119,5,N,CB,8.862323
tcr_26_1,D,C,S,N,119,5,N,CG,9.032317
tcr_26_1,D,C,S,N,119,5,N,OD1,8.392153
tcr_26_1,D,C,S,A,119,3,N,CB,8.637448
tcr_26_1,D,C,S,N,119,5,N,CA,7.6534123
tcr_26_1,D,C,S,H,119,7,N,NE2,7.984726
tcr_26_1,D,C,S,H,119,6,N,ND1,5.0972843
tcr_26_1,D,C,S,H,119,6,N,CE1,4.163101
tcr_26_1,D,C,S,H,119,6,N,N,7.529534
tcr_26_1,D,C,S,H,119,6,N,CG,6.3135676
tcr_26_1,D,C,S,H,119,6,N,NE2,5.014078
tcr_26_1,D,C,S,H,119,6,N,CA,8.2960615
tcr_26_1,D,C,S,H,119,7,N,CE1,7.7037926
tcr_26_1,D,C,S,H,119,6,N,CB,7.6516347
tcr_26_1,D,C,S,H,119,6,N,CD2,6.2762384
tcr_26_1,D,C,S,H,119,7,N,ND1,8.494207
tcr_26_1,D,C,S,H,119,7,N,N,9.3033695
tcr_26_1,D,C,S,H,119,6,N,C,8.940112
tcr_26_1,D,C,S,H,119,6,N,O,9.34074
tcr_26_1,D,C,S,N,119,5,N,C,8.212797
tcr_26_1,D,C,S,H,119,7,N,CG,9.240697
tcr_26_1,D,C,S,N,119,5,N,O,9.428362
tcr_26_1,D,C,S,H,119,7,N,CD2,8.946527
tcr_26_1,D,C,S,F,119,1,CA,CE1,9.831517
tcr_26_1,D,C,S,L,119,2,CA,O,9.199763
tcr_26_1,D,C,S,D,119,4,CA,O,5.3559237
tcr_26_1,D,C,S,D,119,4,CA,OD1,5.1582646
tcr_26_1,D,C,S,D,119,4,CA,OD2,3.423099
tcr_26_1,D,C,S,D,119,4,CA,CG,4.2040753
tcr_26_1,D,C,S,D,119,4,CA,CB,4.5133057
tcr_26_1,D,C,S,D,119,4,CA,CA,5.84397
tcr_26_1,D,C,S,D,119,4,CA,N,6.709714
tcr_26_1,D,C,S,D,119,4,CA,C,6.0369377
tcr_26_1,D,C,S,N,119,5,CA,N,7.3224607
tcr_26_1,D,C,S,A,119,3,CA,C,8.018149
tcr_26_1,D,C,S,A,119,3,CA,O,8.599478
tcr_26_1,D,C,S,A,119,3,CA,CA,8.990796
tcr_26_1,D,C,S,N,119,5,CA,CB,9.503466
tcr_26_1,D,C,S,N,119,5,CA,CG,9.855673
tcr_26_1,D,C,S,N,119,5,CA,OD1,9.282484
tcr_26_1,D,C,S,A,119,3,CA,CB,9.743685
tcr_26_1,D,C,S,N,119,5,CA,CA,8.171225
tcr_26_1,D,C,S,H,119,7,CA,NE2,8.47483
tcr_26_1,D,C,S,H,119,6,CA,ND1,4.7987256
tcr_26_1,D,C,S,H,119,6,CA,CE1,3.7405152
tcr_26_1,D,C,S,H,119,6,CA,N,7.602948
tcr_26_1,D,C,S,H,119,6,CA,CG,5.8700256
tcr_26_1,D,C,S,H,119,6,CA,NE2,4.379339
tcr_26_1,D,C,S,H,119,6,CA,CA,8.127706
tcr_26_1,D,C,S,H,119,7,CA,CE1,7.9949293
tcr_26_1,D,C,S,H,119,6,CA,CB,7.263727
tcr_26_1,D,C,S,H,119,6,CA,CD2,5.666013
tcr_26_1,D,C,S,H,119,7,CA,ND1,8.616256
tcr_26_1,D,C,S,H,119,7,CA,N,9.26091
tcr_26_1,D,C,S,H,119,6,CA,C,8.730088
tcr_26_1,D,C,S,H,119,6,CA,O,8.952992
tcr_26_1,D,C,S,N,119,5,CA,C,8.481103
tcr_26_1,D,C,S,H,119,7,CA,CG,9.459801
tcr_26_1,D,C,S,N,119,5,CA,O,9.672333
tcr_26_1,D,C,S,H,119,7,CA,CD2,9.372841
tcr_26_1,D,C,S,D,119,4,C,O,5.904238
tcr_26_1,D,C,S,D,119,4,C,OD1,6.2664576
tcr_26_1,D,C,S,D,119,4,C,OD2,4.7861147
tcr_26_1,D,C,S,D,119,4,C,CG,5.4418797
tcr_26_1,D,C,S,D,119,4,C,CB,5.718002
tcr_26_1,D,C,S,D,119,4,C,CA,6.8947964
tcr_26_1,D,C,S,D,119,4,C,N,7.7821436
tcr_26_1,D,C,S,D,119,4,C,C,6.7972903
tcr_26_1,D,C,S,N,119,5,C,N,8.028033
tcr_26_1,D,C,S,A,119,3,C,C,9.079976
tcr_26_1,D,C,S,A,119,3,C,O,9.641992
tcr_26_1,D,C,S,N,119,5,C,OD1,9.713052
tcr_26_1,D,C,S,N,119,5,C,CA,8.662095
tcr_26_1,D,C,S,H,119,7,C,NE2,8.146141
tcr_26_1,D,C,S,H,119,6,C,ND1,5.1614456
tcr_26_1,D,C,S,H,119,6,C,CE1,3.8899395
tcr_26_1,D,C,S,H,119,6,C,N,7.905471
tcr_26_1,D,C,S,H,119,6,C,CG,5.98597
tcr_26_1,D,C,S,H,119,6,C,NE2,4.0706887
tcr_26_1,D,C,S,H,119,6,C,CA,8.295759
tcr_26_1,D,C,S,H,119,7,C,CE1,7.4724197
tcr_26_1,D,C,S,H,119,6,C,CB,7.4659576
tcr_26_1,D,C,S,H,119,6,C,CD2,5.440916
tcr_26_1,D,C,S,H,119,7,C,ND1,8.075133
tcr_26_1,D,C,S,H,119,7,C,N,9.124128
tcr_26_1,D,C,S,H,119,6,C,C,8.638658
tcr_26_1,D,C,S,H,119,6,C,O,8.717862
tcr_26_1,D,C,S,H,119,7,C,CA,9.784537
tcr_26_1,D,C,S,N,119,5,C,C,8.835069
tcr_26_1,D,C,S,H,119,7,C,CG,9.085706
tcr_26_1,D,C,S,N,119,5,C,O,9.968866
tcr_26_1,D,C,S,H,119,7,C,CD2,9.119
tcr_26_1,D,C,S,D,119,4,O,O,6.841721
tcr_26_1,D,C,S,D,119,4,O,OD1,7.414979
tcr_26_1,D,C,S,D,119,4,O,OD2,5.8247433
tcr_26_1,D,C,S,D,119,4,O,CG,6.519505
tcr_26_1,D,C,S,D,119,4,O,CB,6.658946
tcr_26_1,D,C,S,D,119,4,O,CA,7.851189
tcr_26_1,D,C,S,D,119,4,O,N,8.607365
tcr_26_1,D,C,S,D,119,4,O,C,7.768808
tcr_26_1,D,C,S,N,119,5,O,N,9.007952
tcr_26_1,D,C,S,A,119,3,O,C,9.916119
tcr_26_1,D,C,S,N,119,5,O,CA,9.592105
tcr_26_1,D,C,S,H,119,7,O,NE2,8.60766
tcr_26_1,D,C,S,H,119,6,O,ND1,6.3240824
tcr_26_1,D,C,S,H,119,6,O,CE1,5.0292587
tcr_26_1,D,C,S,H,119,6,O,N,8.956165
tcr_26_1,D,C,S,H,119,6,O,CG,7.1169877
tcr_26_1,D,C,S,H,119,6,O,NE2,5.1079764
tcr_26_1,D,C,S,H,119,6,O,CA,9.376353
tcr_26_1,D,C,S,H,119,7,O,CE1,7.9113693
tcr_26_1,D,C,S,H,119,6,O,CB,8.608422
tcr_26_1,D,C,S,H,119,6,O,CD2,6.484484
tcr_26_1,D,C,S,H,119,7,O,ND1,8.615034
tcr_26_1,D,C,S,H,119,6,O,C,9.622515
tcr_26_1,D,C,S,H,119,6,O,O,9.68053
tcr_26_1,D,C,S,N,119,5,O,C,9.830874
tcr_26_1,D,C,S,H,119,7,O,CG,9.700058
tcr_26_1,D,C,S,H,119,7,O,CD2,9.6911125
tcr_26_1,D,C,S,F,119,1,CB,CZ,9.82506
tcr_26_1,D,C,S,F,119,1,CB,CE1,9.858222
tcr_26_1,D,C,S,L,119,2,CB,O,9.604311
tcr_26_1,D,C,S,D,119,4,CB,O,6.659486
tcr_26_1,D,C,S,D,119,4,CB,OD1,5.761076
tcr_26_1,D,C,S,D,119,4,CB,OD2,3.7293227
tcr_26_1,D,C,S,D,119,4,CB,CG,4.8037176
tcr_26_1,D,C,S,D,119,4,CB,CB,5.294896
tcr_26_1,D,C,S,D,119,4,CB,CA,6.7538676
tcr_26_1,D,C,S,D,119,4,CB,N,7.5731063
tcr_26_1,D,C,S,D,119,4,CB,C,7.18991
tcr_26_1,D,C,S,N,119,5,CB,N,8.476441
tcr_26_1,D,C,S,A,119,3,CB,C,8.864712
tcr_26_1,D,C,S,A,119,3,CB,O,9.453308
tcr_26_1,D,C,S,A,119,3,CB,CA,9.803721
tcr_26_1,D,C,S,N,119,5,CB,CA,9.446174
tcr_26_1,D,C,S,H,119,7,CB,NE2,9.992107
tcr_26_1,D,C,S,H,119,6,CB,ND1,5.9485555
tcr_26_1,D,C,S,H,119,6,CB,CE1,5.004261
tcr_26_1,D,C,S,H,119,6,CB,N,8.859392
tcr_26_1,D,C,S,H,119,6,CB,CG,7.000624
tcr_26_1,D,C,S,H,119,6,CB,NE2,5.611562
tcr_26_1,D,C,S,H,119,6,CB,CA,9.326283
tcr_26_1,D,C,S,H,119,7,CB,CE1,9.510045
tcr_26_1,D,C,S,H,119,6,CB,CB,8.329734
tcr_26_1,D,C,S,H,119,6,CB,CD2,6.8287473
tcr_26_1,D,C,S,N,119,5,CB,C,9.764248
tcr_26_1,D,C,S,D,119,4,OG,O,7.334385
tcr_26_1,D,C,S,D,119,4,OG,OD1,6.071779
tcr_26_1,D,C,S,D,119,4,OG,OD2,4.2227387
tcr_26_1,D,C,S,D,119,4,OG,CG,5.3346868
tcr_26_1,D,C,S,D,119,4,OG,CB,6.1314974
tcr_26_1,D,C,S,D,119,4,OG,CA,7.535434
tcr_26_1,D,C,S,D,119,4,OG,N,8.520566
tcr_26_1,D,C,S,D,119,4,OG,C,7.880131
tcr_26_1,D,C,S,N,119,5,OG,N,9.1105175
tcr_26_1,D,C,S,A,119,3,OG,C,9.781016
tcr_26_1,D,C,S,H,119,6,OG,ND1,6.0769596
tcr_26_1,D,C,S,H,119,6,OG,CE1,5.1579165
tcr_26_1,D,C,S,H,119,6,OG,N,9.133946
tcr_26_1,D,C,S,H,119,6,OG,CG,6.934575
tcr_26_1,D,C,S,H,119,6,OG,NE2,5.538402
tcr_26_1,D,C,S,H,119,6,OG,CA,9.3859415
tcr_26_1,D,C,S,H,119,6,OG,CB,8.227328
tcr_26_1,D,C,S,H,119,6,OG,CD2,6.650604
tcr_26_1,D,C,Y,D,120,4,N,O,5.7021174
tcr_26_1,D,C,Y,D,120,4,N,OD1,6.1513886
tcr_26_1,D,C,Y,D,120,4,N,OD2,5.049407
tcr_26_1,D,C,Y,D,120,4,N,CG,5.552308
tcr_26_1,D,C,Y,D,120,4,N,CB,5.9879594
tcr_26_1,D,C,Y,D,120,4,N,CA,6.9953575
tcr_26_1,D,C,Y,D,120,4,N,N,8.039925
tcr_26_1,D,C,Y,D,120,4,N,C,6.6677995
tcr_26_1,D,C,Y,N,120,5,N,N,7.797982
tcr_26_1,D,C,Y,A,120,3,N,C,9.2837
tcr_26_1,D,C,Y,A,120,3,N,O,9.704072
tcr_26_1,D,C,Y,N,120,5,N,CB,9.781155
tcr_26_1,D,C,Y,N,120,5,N,OD1,9.607743
tcr_26_1,D,C,Y,N,120,5,N,CA,8.303828
tcr_26_1,D,C,Y,H,120,7,N,NE2,7.690762
tcr_26_1,D,C,Y,H,120,6,N,ND1,4.4872923
tcr_26_1,D,C,Y,H,120,6,N,CE1,3.1806986
tcr_26_1,D,C,Y,H,120,6,N,N,7.226045
tcr_26_1,D,C,Y,H,120,6,N,CG,5.0670013
tcr_26_1,D,C,Y,H,120,6,N,NE2,2.998913
tcr_26_1,D,C,Y,H,120,6,N,CA,7.4272237
tcr_26_1,D,C,Y,H,120,7,N,CE1,6.8806305
tcr_26_1,D,C,Y,H,120,6,N,CB,6.551953
tcr_26_1,D,C,Y,H,120,6,N,CD2,4.331719
tcr_26_1,D,C,Y,H,120,7,N,ND1,7.297232
tcr_26_1,D,C,Y,H,120,7,N,N,8.208056
tcr_26_1,D,C,Y,H,120,6,N,C,7.651418
tcr_26_1,D,C,Y,H,120,6,N,O,7.6074166
tcr_26_1,D,C,Y,H,120,7,N,CA,8.813304
tcr_26_1,D,C,Y,N,120,5,N,C,8.257403
tcr_26_1,D,C,Y,H,120,7,N,CG,8.343523
tcr_26_1,D,C,Y,N,120,5,N,O,9.325216
tcr_26_1,D,C,Y,H,120,7,N,CD2,8.554222
tcr_26_1,D,C,Y,H,120,7,N,CB,9.321914
tcr_26_1,D,C,Y,D,120,4,CA,O,6.5688534
tcr_26_1,D,C,Y,D,120,4,CA,OD1,7.410179
tcr_26_1,D,C,Y,D,120,4,CA,OD2,6.4749327
tcr_26_1,D,C,Y,D,120,4,CA,CG,6.8986454
tcr_26_1,D,C,Y,D,120,4,CA,CB,7.281238
tcr_26_1,D,C,Y,D,120,4,CA,CA,8.162888
tcr_26_1,D,C,Y,D,120,4,CA,N,9.190903
tcr_26_1,D,C,Y,D,120,4,CA,C,7.6404877
tcr_26_1,D,C,Y,N,120,5,CA,N,8.678155
tcr_26_1,D,C,Y,N,120,5,CA,CA,8.98125
tcr_26_1,D,C,Y,H,120,7,CA,NE2,7.6263375
tcr_26_1,D,C,Y,H,120,6,CA,ND1,5.3177357
tcr_26_1,D,C,Y,H,120,6,CA,CE1,4.0351744
tcr_26_1,D,C,Y,H,120,6,CA,N,7.773843
tcr_26_1,D,C,Y,H,120,6,CA,CG,5.596735
tcr_26_1,D,C,Y,H,120,6,CA,NE2,3.3889024
tcr_26_1,D,C,Y,H,120,6,CA,CA,7.8299737
tcr_26_1,D,C,Y,H,120,7,CA,CE1,6.632191
tcr_26_1,D,C,Y,H,120,6,CA,CB,7.0439014
tcr_26_1,D,C,Y,H,120,6,CA,CD2,4.5706577
tcr_26_1,D,C,Y,H,120,7,CA,ND1,6.97187
tcr_26_1,D,C,Y,H,120,7,CA,N,8.258404
tcr_26_1,D,C,Y,H,120,6,CA,C,7.7703714
tcr_26_1,D,C,Y,Q,120,8,CA,NE2,9.963515
tcr_26_1,D,C,Y,H,120,6,CA,O,7.566209
tcr_26_1,D,C,Y,H,120,7,CA,CA,8.633509
tcr_26_1,D,C,Y,N,120,5,CA,C,8.806591
tcr_26_1,D,C,Y,H,120,7,CA,CG,8.159763
tcr_26_1,D,C,Y,N,120,5,CA,O,9.7780905
tcr_26_1,D,C,Y,H,120,7,CA,CD2,8.511084
tcr_26_1,D,C,Y,H,120,7,CA,CB,9.124908
tcr_26_1,D,C,Y,Q,120,8,CA,N,9.919296
tcr_26_1,D,C,Y,H,120,7,CA,C,9.840078
tcr_26_1,D,C,Y,D,120,4,C,O,8.033545
tcr_26_1,D,C,Y,D,120,4,C,OD1,8.512257
tcr_26_1,D,C,Y,D,120,4,C,OD2,7.388271
tcr_26_1,D,C,Y,D,120,4,C,CG,7.987391
tcr_26_1,D,C,Y,D,120,4,C,CB,8.487006
tcr_26_1,D,C,Y,D,120,4,C,CA,9.4842415
tcr_26_1,D,C,Y,D,120,4,C,C,9.066192
tcr_26_1,D,C,Y,H,120,7,C,NE2,9.060996
tcr_26_1,D,C,Y,H,120,6,C,ND1,6.6218705
tcr_26_1,D,C,Y,H,120,6,C,CE1,5.37402
tcr_26_1,D,C,Y,H,120,6,C,N,9.192429
tcr_26_1,D,C,Y,H,120,6,C,CG,6.8423715
tcr_26_1,D,C,Y,H,120,6,C,NE2,4.699066
tcr_26_1,D,C,Y,H,120,6,C,CA,9.145773
tcr_26_1,D,C,Y,H,120,7,C,CE1,8.016078
tcr_26_1,D,C,Y,H,120,6,C,CB,8.246554
tcr_26_1,D,C,Y,H,120,6,C,CD2,5.769799
tcr_26_1,D,C,Y,H,120,7,C,ND1,8.316523
tcr_26_1,D,C,Y,H,120,7,C,N,9.614097
tcr_26_1,D,C,Y,H,120,6,C,C,9.061048
tcr_26_1,D,C,Y,H,120,6,C,O,8.728682
tcr_26_1,D,C,Y,H,120,7,C,CA,9.925239
tcr_26_1,D,C,Y,H,120,7,C,CG,9.548752
tcr_26_1,D,C,Y,H,120,7,C,CD2,9.9570055
tcr_26_1,D,C,Y,D,120,4,O,O,8.91389
tcr_26_1,D,C,Y,D,120,4,O,OD1,9.6579275
tcr_26_1,D,C,Y,D,120,4,O,OD2,8.499333
tcr_26_1,D,C,Y,D,120,4,O,CG,9.089571
tcr_26_1,D,C,Y,D,120,4,O,CB,9.484121
tcr_26_1,D,C,Y,D,120,4,O,C,9.998465
tcr_26_1,D,C,Y,H,120,7,O,NE2,9.408022
tcr_26_1,D,C,Y,H,120,6,O,ND1,7.6845574
tcr_26_1,D,C,Y,H,120,6,O,CE1,6.4179564
tcr_26_1,D,C,Y,H,120,6,O,CG,7.8670444
tcr_26_1,D,C,Y,H,120,6,O,NE2,5.692515
tcr_26_1,D,C,Y,H,120,7,O,CE1,8.317566
tcr_26_1,D,C,Y,H,120,6,O,CB,9.262212
tcr_26_1,D,C,Y,H,120,6,O,CD2,6.7328334
tcr_26_1,D,C,Y,H,120,7,O,ND1,8.662457
tcr_26_1,D,C,Y,H,120,6,O,C,9.853753
tcr_26_1,D,C,Y,H,120,6,O,O,9.49156
tcr_26_1,D,C,Y,H,120,7,O,CG,9.961508
tcr_26_1,D,C,Y,D,120,4,CB,O,6.3905544
tcr_26_1,D,C,Y,D,120,4,CB,OD1,7.3197412
tcr_26_1,D,C,Y,D,120,4,CB,OD2,6.818386
tcr_26_1,D,C,Y,D,120,4,CB,CG,7.0488095
tcr_26_1,D,C,Y,D,120,4,CB,CB,7.5271573
tcr_26_1,D,C,Y,D,120,4,CB,CA,8.194256
tcr_26_1,D,C,Y,D,120,4,CB,N,9.332897
tcr_26_1,D,C,Y,D,120,4,CB,C,7.4634047
tcr_26_1,D,C,Y,N,120,5,CB,N,8.3386755
tcr_26_1,D,C,Y,N,120,5,CB,OD1,9.961805
tcr_26_1,D,C,Y,N,120,5,CB,CA,8.488269
tcr_26_1,D,C,Y,H,120,7,CB,NE2,7.1676035
tcr_26_1,D,C,Y,H,120,6,CB,ND1,4.782177
tcr_26_1,D,C,Y,H,120,6,CB,CE1,3.687034
tcr_26_1,D,C,Y,H,120,6,CB,N,6.975316
tcr_26_1,D,C,Y,H,120,6,CB,CG,4.6979175
tcr_26_1,D,C,Y,H,120,6,CB,NE2,2.6162276
tcr_26_1,D,C,Y,H,120,6,CB,CA,6.8065667
tcr_26_1,D,C,Y,H,120,7,CB,CE1,6.0764456
tcr_26_1,D,C,Y,H,120,6,CB,CB,6.037456
tcr_26_1,D,C,Y,H,120,6,CB,CD2,3.478439
tcr_26_1,D,C,Y,H,120,7,CB,ND1,6.136065
tcr_26_1,D,C,Y,H,120,7,CB,N,7.1422033
tcr_26_1,D,C,Y,Q,120,8,CB,CD,8.930492
tcr_26_1,D,C,Y,Q,120,8,CB,OE1,9.80016
tcr_26_1,D,C,Y,H,120,6,CB,C,6.5863533
tcr_26_1,D,C,Y,Q,120,8,CB,NE2,8.447396
tcr_26_1,D,C,Y,H,120,6,CB,O,6.2364388
tcr_26_1,D,C,Y,Q,120,8,CB,CB,9.511677
tcr_26_1,D,C,Y,Q,120,8,CB,CG,8.6535015
tcr_26_1,D,C,Y,H,120,7,CB,CA,7.4479895
tcr_26_1,D,C,Y,N,120,5,CB,C,8.073502
tcr_26_1,D,C,Y,H,120,7,CB,CG,7.3012667
tcr_26_1,D,C,Y,N,120,5,CB,O,8.933313
tcr_26_1,D,C,Y,H,120,7,CB,CD2,7.8585534
tcr_26_1,D,C,Y,H,120,7,CB,CB,8.092328
tcr_26_1,D,C,Y,Q,120,8,CB,N,8.550261
tcr_26_1,D,C,Y,H,120,7,CB,C,8.553479
tcr_26_1,D,C,Y,H,120,7,CB,O,9.5385475
tcr_26_1,D,C,Y,Q,120,8,CB,CA,9.710144
tcr_26_1,D,C,Y,D,120,4,CG,O,7.1926527
tcr_26_1,D,C,Y,D,120,4,CG,OD1,8.585731
tcr_26_1,D,C,Y,D,120,4,CG,OD2,8.207616
tcr_26_1,D,C,Y,D,120,4,CG,CG,8.345088
tcr_26_1,D,C,Y,D,120,4,CG,CB,8.69475
tcr_26_1,D,C,Y,D,120,4,CG,CA,9.2271
tcr_26_1,D,C,Y,D,120,4,CG,C,8.330898
tcr_26_1,D,C,Y,N,120,5,CG,N,9.094738
tcr_26_1,D,C,Y,N,120,5,CG,CA,9.024506
tcr_26_1,D,C,Y,H,120,7,CG,NE2,6.923508
tcr_26_1,D,C,Y,H,120,6,CG,ND1,5.8208213
tcr_26_1,D,C,Y,H,120,6,CG,CE1,4.8263183
tcr_26_1,D,C,Y,H,120,6,CG,N,7.5272317
tcr_26_1,D,C,Y,H,120,6,CG,CG,5.5370283
tcr_26_1,D,C,Y,H,120,6,CG,NE2,3.6563308
tcr_26_1,D,C,Y,H,120,6,CG,CA,7.285994
tcr_26_1,D,C,Y,H,120,7,CG,CE1,5.6923957
tcr_26_1,D,C,Y,H,120,6,CG,CB,6.740372
tcr_26_1,D,C,Y,H,120,6,CG,CD2,4.2297177
tcr_26_1,D,C,Y,H,120,7,CG,ND1,5.654537
tcr_26_1,D,C,Y,H,120,7,CG,N,7.1343384
tcr_26_1,D,C,Y,Q,120,8,CG,CD,8.429681
tcr_26_1,D,C,Y,Q,120,8,CG,OE1,9.170036
tcr_26_1,D,C,Y,H,120,6,CG,C,6.7514186
tcr_26_1,D,C,Y,Q,120,8,CG,NE2,8.089556
tcr_26_1,D,C,Y,H,120,6,CG,O,6.2958593
tcr_26_1,D,C,Y,Q,120,8,CG,CB,8.897442
tcr_26_1,D,C,Y,Q,120,8,CG,CG,8.198927
tcr_26_1,D,C,Y,H,120,7,CG,CA,7.1435747
tcr_26_1,D,C,Y,N,120,5,CG,C,8.535628
tcr_26_1,D,C,Y,H,120,7,CG,CG,6.926112
tcr_26_1,D,C,Y,N,120,5,CG,O,9.268346
tcr_26_1,D,C,Y,H,120,7,CG,CD2,7.6050754
tcr_26_1,D,C,Y,H,120,7,CG,CB,7.6939344
tcr_26_1,D,C,Y,Q,120,8,CG,N,8.033244
tcr_26_1,D,C,Y,H,120,7,CG,C,8.204529
tcr_26_1,D,C,Y,H,120,7,CG,O,9.297267
tcr_26_1,D,C,Y,Q,120,8,CG,CA,9.171419
tcr_26_1,D,C,Y,D,120,4,CD1,O,8.536316
tcr_26_1,D,C,Y,D,120,4,CD1,OD1,9.715082
tcr_26_1,D,C,Y,D,120,4,CD1,OD2,9.323908
tcr_26_1,D,C,Y,D,120,4,CD1,CG,9.528651
tcr_26_1,D,C,Y,D,120,4,CD1,CB,9.982432
tcr_26_1,D,C,Y,D,120,4,CD1,C,9.651059
tcr_26_1,D,C,Y,H,120,7,CD1,NE2,8.089513
tcr_26_1,D,C,Y,H,120,6,CD1,ND1,6.9688993
tcr_26_1,D,C,Y,H,120,6,CD1,CE1,6.036477
tcr_26_1,D,C,Y,H,120,6,CD1,N,8.644031
tcr_26_1,D,C,Y,H,120,6,CD1,CG,6.54099
tcr_26_1,D,C,Y,H,120,6,CD1,NE2,4.8011103
tcr_26_1,D,C,Y,H,120,6,CD1,CA,8.233268
tcr_26_1,D,C,Y,H,120,7,CD1,CE1,6.809517
tcr_26_1,D,C,Y,H,120,6,CD1,CB,7.629784
tcr_26_1,D,C,Y,H,120,6,CD1,CD2,5.1860385
tcr_26_1,D,C,Y,H,120,7,CD1,ND1,6.632281
tcr_26_1,D,C,Y,H,120,7,CD1,N,8.0249605
tcr_26_1,D,C,Y,Q,120,8,CD1,CD,8.178962
tcr_26_1,D,C,Y,Q,120,8,CD1,OE1,8.79651
tcr_26_1,D,C,Y,H,120,6,CD1,C,7.590922
tcr_26_1,D,C,Y,Q,120,8,CD1,NE2,7.778935
tcr_26_1,D,C,Y,H,120,6,CD1,O,6.947908
tcr_26_1,D,C,Y,Q,120,8,CD1,CB,8.914946
tcr_26_1,D,C,Y,Q,120,8,CD1,CG,8.192983
tcr_26_1,D,C,Y,H,120,7,CD1,CA,7.89321
tcr_26_1,D,C,Y,N,120,5,CD1,C,9.686469
tcr_26_1,D,C,Y,H,120,7,CD1,CG,7.8983235
tcr_26_1,D,C,Y,H,120,7,CD1,CD2,8.699036
tcr_26_1,D,C,Y,H,120,7,CD1,CB,8.524761
tcr_26_1,D,C,Y,Q,120,8,CD1,N,8.413864
tcr_26_1,D,C,Y,H,120,7,CD1,C,8.785586
tcr_26_1,D,C,Y,H,120,7,CD1,O,9.918485
tcr_26_1,D,C,Y,Q,120,8,CD1,CA,9.40797
tcr_26_1,D,C,Y,D,120,4,CD2,O,6.8184443
tcr_26_1,D,C,Y,D,120,4,CD2,OD1,8.812167
tcr_26_1,D,C,Y,D,120,4,CD2,OD2,8.553491
tcr_26_1,D,C,Y,D,120,4,CD2,CG,8.540216
tcr_26_1,D,C,Y,D,120,4,CD2,CB,8.659639
tcr_26_1,D,C,Y,D,120,4,CD2,CA,9.037163
tcr_26_1,D,C,Y,D,120,4,CD2,N,9.980803
tcr_26_1,D,C,Y,D,120,4,CD2,C,8.00859
tcr_26_1,D,C,Y,N,120,5,CD2,N,8.693467
tcr_26_1,D,C,Y,N,120,5,CD2,CB,9.8628845
tcr_26_1,D,C,Y,N,120,5,CD2,OD1,9.461873
tcr_26_1,D,C,Y,N,120,5,CD2,CA,8.455674
tcr_26_1,D,C,Y,H,120,7,CD2,NE2,5.7338643
tcr_26_1,D,C,Y,H,120,6,CD2,ND1,5.9432964
tcr_26_1,D,C,Y,H,120,6,CD2,CE1,5.00883
tcr_26_1,D,C,Y,H,120,6,CD2,N,7.195321
tcr_26_1,D,C,Y,H,120,6,CD2,CG,5.69258
tcr_26_1,D,C,Y,H,120,6,CD2,NE2,3.962632
tcr_26_1,D,C,Y,H,120,6,CD2,CA,7.101852
tcr_26_1,D,C,Y,H,120,7,CD2,CE1,4.4659424
tcr_26_1,D,C,Y,H,120,6,CD2,CB,6.8449435
tcr_26_1,D,C,Y,H,120,6,CD2,CD2,4.494228
tcr_26_1,D,C,Y,H,120,7,CD2,ND1,4.516063
tcr_26_1,D,C,Y,H,120,7,CD2,N,6.5570483
tcr_26_1,D,C,Y,Q,120,8,CD2,CD,8.546941
tcr_26_1,D,C,Y,Q,120,8,CD2,OE1,9.251965
tcr_26_1,D,C,Y,H,120,6,CD2,C,6.430437
tcr_26_1,D,C,Y,Q,120,8,CD2,NE2,8.416591
tcr_26_1,D,C,Y,H,120,6,CD2,O,6.124259
tcr_26_1,D,C,Y,Q,120,8,CD2,CB,8.608974
tcr_26_1,D,C,Y,Q,120,8,CD2,CG,8.126292
tcr_26_1,D,C,Y,H,120,7,CD2,CA,6.4278235
tcr_26_1,D,C,Y,N,120,5,CD2,C,8.042477
tcr_26_1,D,C,Y,H,120,7,CD2,CG,5.8518133
tcr_26_1,D,C,Y,N,120,5,CD2,O,8.725611
tcr_26_1,D,C,Y,H,120,7,CD2,CD2,6.4778504
tcr_26_1,D,C,Y,H,120,7,CD2,CB,6.74544
tcr_26_1,D,C,Y,Q,120,8,CD2,N,7.4840093
tcr_26_1,D,C,Y,H,120,7,CD2,C,7.5945106
tcr_26_1,D,C,Y,H,120,7,CD2,O,8.7122555
tcr_26_1,D,C,Y,Q,120,8,CD2,CA,8.715782
tcr_26_1,D,C,Y,Q,120,8,CD2,C,9.613026
tcr_26_1,D,C,Y,Q,120,8,CD2,O,9.317949
tcr_26_1,D,C,Y,D,120,4,CE1,O,9.412992
tcr_26_1,D,C,Y,H,120,7,CE1,NE2,8.23041
tcr_26_1,D,C,Y,H,120,6,CE1,ND1,8.031501
tcr_26_1,D,C,Y,H,120,6,CE1,CE1,7.1588926
tcr_26_1,D,C,Y,H,120,6,CE1,N,9.359952
tcr_26_1,D,C,Y,H,120,6,CE1,CG,7.512009
tcr_26_1,D,C,Y,H,120,6,CE1,NE2,5.9102573
tcr_26_1,D,C,Y,H,120,6,CE1,CA,8.917381
tcr_26_1,D,C,Y,H,120,7,CE1,CE1,6.909493
tcr_26_1,D,C,Y,H,120,6,CE1,CB,8.492437
tcr_26_1,D,C,Y,H,120,6,CE1,CD2,6.165299
tcr_26_1,D,C,Y,H,120,7,CE1,ND1,6.650938
tcr_26_1,D,C,Y,H,120,7,CE1,N,8.347425
tcr_26_1,D,C,Y,Q,120,8,CE1,CD,8.018903
tcr_26_1,D,C,Y,Q,120,8,CE1,OE1,8.470081
tcr_26_1,D,C,Y,H,120,6,CE1,C,8.069109
tcr_26_1,D,C,Y,Q,120,8,CE1,NE2,7.783204
tcr_26_1,D,C,Y,H,120,6,CE1,O,7.3792295
tcr_26_1,D,C,Y,Q,120,8,CE1,CB,8.6200075
tcr_26_1,D,C,Y,Q,120,8,CE1,CG,8.08844
tcr_26_1,D,C,Y,H,120,7,CE1,CA,7.9712563
tcr_26_1,D,C,Y,H,120,7,CE1,CG,7.926885
tcr_26_1,D,C,Y,H,120,7,CE1,CD2,8.799161
tcr_26_1,D,C,Y,H,120,7,CE1,CB,8.494283
tcr_26_1,D,C,Y,Q,120,8,CE1,N,8.255078
tcr_26_1,D,C,Y,H,120,7,CE1,C,8.777141
tcr_26_1,D,C,Y,H,120,7,CE1,O,9.967434
tcr_26_1,D,C,Y,Q,120,8,CE1,CA,9.182294
tcr_26_1,D,C,Y,Q,120,8,CE1,O,9.725137
tcr_26_1,D,C,Y,D,120,4,CE2,O,7.883998
tcr_26_1,D,C,Y,D,120,4,CE2,OD2,9.917675
tcr_26_1,D,C,Y,D,120,4,CE2,CG,9.857516
tcr_26_1,D,C,Y,D,120,4,CE2,CB,9.910894
tcr_26_1,D,C,Y,D,120,4,CE2,C,9.074258
tcr_26_1,D,C,Y,N,120,5,CE2,N,9.653218
tcr_26_1,D,C,Y,N,120,5,CE2,CA,9.247814
tcr_26_1,D,C,Y,H,120,7,CE2,NE2,5.9285717
tcr_26_1,D,C,Y,H,120,6,CE2,ND1,7.156801
tcr_26_1,D,C,Y,H,120,6,CE2,CE1,6.3138247
tcr_26_1,D,C,Y,H,120,6,CE2,N,8.038216
tcr_26_1,D,C,Y,H,120,6,CE2,CG,6.7841377
tcr_26_1,D,C,Y,H,120,6,CE2,NE2,5.250565
tcr_26_1,D,C,Y,H,120,6,CE2,CA,7.8826966
tcr_26_1,D,C,Y,H,120,7,CE2,CE1,4.61562
tcr_26_1,D,C,Y,H,120,6,CE2,CB,7.79309
tcr_26_1,D,C,Y,H,120,6,CE2,CD2,5.595065
tcr_26_1,D,C,Y,H,120,7,CE2,ND1,4.543292
tcr_26_1,D,C,Y,H,120,7,CE2,N,6.946899
tcr_26_1,D,C,Y,Q,120,8,CE2,CD,8.398401
tcr_26_1,D,C,Y,Q,120,8,CE2,OE1,8.947335
tcr_26_1,D,C,Y,H,120,6,CE2,C,6.9875517
tcr_26_1,D,C,Y,Q,120,8,CE2,NE2,8.424893
tcr_26_1,D,C,Y,H,120,6,CE2,O,6.609833
tcr_26_1,D,C,Y,Q,120,8,CE2,CB,8.306907
tcr_26_1,D,C,Y,Q,120,8,CE2,CG,8.024423
tcr_26_1,D,C,Y,H,120,7,CE2,CA,6.523587
tcr_26_1,D,C,Y,N,120,5,CE2,C,8.781502
tcr_26_1,D,C,Y,H,120,7,CE2,CG,5.8893843
tcr_26_1,D,C,Y,N,120,5,CE2,O,9.3281765
tcr_26_1,D,C,Y,H,120,7,CE2,CD2,6.609577
tcr_26_1,D,C,Y,H,120,7,CE2,CB,6.706576
tcr_26_1,D,C,Y,Q,120,8,CE2,N,7.3071966
tcr_26_1,D,C,Y,H,120,7,CE2,C,7.5855026
tcr_26_1,D,C,Y,H,120,7,CE2,O,8.768026
tcr_26_1,D,C,Y,Q,120,8,CE2,CA,8.474234
tcr_26_1,D,C,Y,Q,120,8,CE2,C,9.212563
tcr_26_1,D,C,Y,Q,120,8,CE2,O,8.763444
tcr_26_1,D,C,Y,D,120,4,CZ,O,9.120051
tcr_26_1,D,C,Y,H,120,7,CZ,NE2,7.2488737
tcr_26_1,D,C,Y,H,120,6,CZ,ND1,8.108527
tcr_26_1,D,C,Y,H,120,6,CZ,CE1,7.272907
tcr_26_1,D,C,Y,H,120,6,CZ,N,9.080263
tcr_26_1,D,C,Y,H,120,6,CZ,CG,7.6130347
tcr_26_1,D,C,Y,H,120,6,CZ,NE2,6.093093
tcr_26_1,D,C,Y,H,120,6,CZ,CA,8.751116
tcr_26_1,D,C,Y,H,120,7,CZ,CE1,5.9300013
tcr_26_1,D,C,Y,H,120,6,CZ,CB,8.559801
tcr_26_1,D,C,Y,H,120,6,CZ,CD2,6.3352985
tcr_26_1,D,C,Y,H,120,7,CZ,ND1,5.7014313
tcr_26_1,D,C,Y,H,120,7,CZ,N,7.8427286
tcr_26_1,D,C,Y,Q,120,8,CZ,CD,8.124166
tcr_26_1,D,C,Y,Q,120,8,CZ,OE1,8.541746
tcr_26_1,D,C,Y,H,120,6,CZ,C,7.784994
tcr_26_1,D,C,Y,Q,120,8,CZ,NE2,8.10503
tcr_26_1,D,C,Y,H,120,6,CZ,O,7.2149353
tcr_26_1,D,C,Y,Q,120,8,CZ,CB,8.303703
tcr_26_1,D,C,Y,Q,120,8,CZ,CG,7.99601
tcr_26_1,D,C,Y,H,120,7,CZ,CA,7.319392
tcr_26_1,D,C,Y,N,120,5,CZ,C,9.892291
tcr_26_1,D,C,Y,H,120,7,CZ,CG,6.9941344
tcr_26_1,D,C,Y,H,120,7,CZ,CD2,7.8338246
tcr_26_1,D,C,Y,H,120,7,CZ,CB,7.630308
tcr_26_1,D,C,Y,Q,120,8,CZ,N,7.7032957
tcr_26_1,D,C,Y,H,120,7,CZ,C,8.191773
tcr_26_1,D,C,Y,H,120,7,CZ,O,9.406229
tcr_26_1,D,C,Y,Q,120,8,CZ,CA,8.708975
tcr_26_1,D,C,Y,Q,120,8,CZ,C,9.448373
tcr_26_1,D,C,Y,Q,120,8,CZ,O,8.974559
tcr_26_1,D,C,Y,H,120,7,OH,NE2,7.748404
tcr_26_1,D,C,Y,H,120,6,OH,ND1,9.30341
tcr_26_1,D,C,Y,H,120,6,OH,CE1,8.525246
tcr_26_1,D,C,Y,H,120,6,OH,CG,8.747801
tcr_26_1,D,C,Y,H,120,6,OH,NE2,7.355415
tcr_26_1,D,C,Y,H,120,6,OH,CA,9.651277
tcr_26_1,D,C,Y,H,120,7,OH,CE1,6.466866
tcr_26_1,D,C,Y,H,120,6,OH,CB,9.592342
tcr_26_1,D,C,Y,H,120,6,OH,CD2,7.5043406
tcr_26_1,D,C,Y,H,120,7,OH,ND1,6.1680665
tcr_26_1,D,C,Y,H,120,7,OH,N,8.473371
tcr_26_1,D,C,Y,Q,120,8,OH,CD,8.294044
tcr_26_1,D,C,Y,Q,120,8,OH,OE1,8.5326605
tcr_26_1,D,C,Y,H,120,6,OH,C,8.548146
tcr_26_1,D,C,Y,Q,120,8,OH,NE2,8.432303
tcr_26_1,D,C,Y,H,120,6,OH,O,7.955734
tcr_26_1,D,C,Y,Q,120,8,OH,CB,8.314956
tcr_26_1,D,C,Y,Q,120,8,OH,CG,8.217619
tcr_26_1,D,C,Y,H,120,7,OH,CA,7.742988
tcr_26_1,D,C,Y,H,120,7,OH,CG,7.3871436
tcr_26_1,D,C,Y,H,120,7,OH,CD2,8.261871
tcr_26_1,D,C,Y,H,120,7,OH,CB,7.9294086
tcr_26_1,D,C,Y,Q,120,8,OH,N,7.8705797
tcr_26_1,D,C,Y,H,120,7,OH,C,8.490666
tcr_26_1,D,C,Y,H,120,7,OH,O,9.720012
tcr_26_1,D,C,Y,Q,120,8,OH,CA,8.770033
tcr_26_1,D,C,Y,Q,120,8,OH,C,9.327562
tcr_26_1,D,C,Y,Q,120,8,OH,O,8.711374
tcr_26_1,D,C,N,D,121,4,N,O,8.453706
tcr_26_1,D,C,N,D,121,4,N,OD1,8.340707
tcr_26_1,D,C,N,D,121,4,N,OD2,7.1474805
tcr_26_1,D,C,N,D,121,4,N,CG,7.873783
tcr_26_1,D,C,N,D,121,4,N,CB,8.579637
tcr_26_1,D,C,N,D,121,4,N,CA,9.663435
tcr_26_1,D,C,N,D,121,4,N,C,9.381042
tcr_26_1,D,C,N,H,121,6,N,ND1,6.7476463
tcr_26_1,D,C,N,H,121,6,N,CE1,5.591704
tcr_26_1,D,C,N,H,121,6,N,N,9.524583
tcr_26_1,D,C,N,H,121,6,N,CG,6.9697413
tcr_26_1,D,C,N,H,121,6,N,NE2,4.9983745
tcr_26_1,D,C,N,H,121,6,N,CA,9.393668
tcr_26_1,D,C,N,H,121,7,N,CE1,9.020213
tcr_26_1,D,C,N,H,121,6,N,CB,8.318344
tcr_26_1,D,C,N,H,121,6,N,CD2,5.9837074
tcr_26_1,D,C,N,H,121,7,N,ND1,9.244084
tcr_26_1,D,C,N,H,121,6,N,C,9.445545
tcr_26_1,D,C,N,H,121,6,N,O,9.064584
tcr_26_1,D,C,N,D,121,4,CA,O,9.892347
tcr_26_1,D,C,N,D,121,4,CA,OD1,9.550247
tcr_26_1,D,C,N,D,121,4,CA,OD2,8.295415
tcr_26_1,D,C,N,D,121,4,CA,CG,9.107873
tcr_26_1,D,C,N,D,121,4,CA,CB,9.890799
tcr_26_1,D,C,N,H,121,6,CA,ND1,8.087535
tcr_26_1,D,C,N,H,121,6,CA,CE1,6.985387
tcr_26_1,D,C,N,H,121,6,CA,CG,8.240894
tcr_26_1,D,C,N,H,121,6,CA,NE2,6.361075
tcr_26_1,D,C,N,H,121,6,CA,CB,9.522267
tcr_26_1,D,C,N,H,121,6,CA,CD2,7.238834
tcr_26_1,D,C,N,D,121,4,C,OD1,9.911123
tcr_26_1,D,C,N,D,121,4,C,OD2,8.398405
tcr_26_1,D,C,N,D,121,4,C,CG,9.360589
tcr_26_1,D,C,N,H,121,6,C,ND1,8.877397
tcr_26_1,D,C,N,H,121,6,C,CE1,7.768993
tcr_26_1,D,C,N,H,121,6,C,CG,9.208547
tcr_26_1,D,C,N,H,121,6,C,NE2,7.3615155
tcr_26_1,D,C,N,H,121,6,C,CD2,8.336822
tcr_26_1,D,C,N,D,121,4,O,OD2,9.537855
tcr_26_1,D,C,N,H,121,6,O,CE1,8.980352
tcr_26_1,D,C,N,H,121,6,O,NE2,8.536296
tcr_26_1,D,C,N,H,121,6,O,CD2,9.470043
tcr_26_1,D,C,N,D,121,4,CB,OD1,9.702053
tcr_26_1,D,C,N,D,121,4,CB,OD2,8.678453
tcr_26_1,D,C,N,D,121,4,CB,CG,9.44375
tcr_26_1,D,C,N,H,121,6,CB,ND1,8.211658
tcr_26_1,D,C,N,H,121,6,CB,CE1,7.27709
tcr_26_1,D,C,N,H,121,6,CB,CG,8.169228
tcr_26_1,D,C,N,H,121,6,CB,NE2,6.55029
tcr_26_1,D,C,N,H,121,6,CB,CB,9.296683
tcr_26_1,D,C,N,H,121,6,CB,CD2,7.174168
tcr_26_1,D,C,N,H,121,6,CB,O,9.935316
tcr_26_1,D,C,N,D,121,4,CG,OD2,9.460748
tcr_26_1,D,C,N,H,121,6,CG,ND1,8.3494835
tcr_26_1,D,C,N,H,121,6,CG,CE1,7.469723
tcr_26_1,D,C,N,H,121,6,CG,CG,8.077185
tcr_26_1,D,C,N,H,121,6,CG,NE2,6.5169077
tcr_26_1,D,C,N,H,121,6,CG,CB,9.115498
tcr_26_1,D,C,N,H,121,6,CG,CD2,6.947596
tcr_26_1,D,C,N,Q,121,8,CG,NE2,9.162132
tcr_26_1,D,C,N,H,121,6,CG,O,9.334642
tcr_26_1,D,C,N,D,121,4,OD1,OD2,9.861898
tcr_26_1,D,C,N,H,121,6,OD1,ND1,8.48903
tcr_26_1,D,C,N,H,121,6,OD1,CE1,7.533611
tcr_26_1,D,C,N,H,121,6,OD1,CG,8.191147
tcr_26_1,D,C,N,H,121,6,OD1,NE2,6.485758
tcr_26_1,D,C,N,H,121,7,OD1,CE1,9.922263
tcr_26_1,D,C,N,H,121,6,OD1,CB,9.276428
tcr_26_1,D,C,N,H,121,6,OD1,CD2,6.9578896
tcr_26_1,D,C,N,H,121,7,OD1,ND1,9.7995205
tcr_26_1,D,C,N,Q,121,8,OD1,CD,9.851893
tcr_26_1,D,C,N,H,121,6,OD1,C,9.948777
tcr_26_1,D,C,N,Q,121,8,OD1,NE2,9.07761
tcr_26_1,D,C,N,H,121,6,OD1,O,9.210664
tcr_26_1,D,C,N,D,121,4,ND2,OD2,9.964774
tcr_26_1,D,C,N,H,121,6,ND2,ND1,8.663219
tcr_26_1,D,C,N,H,121,6,ND2,CE1,7.9491405
tcr_26_1,D,C,N,H,121,6,ND2,CG,8.230187
tcr_26_1,D,C,N,H,121,6,ND2,NE2,6.9597435
tcr_26_1,D,C,N,H,121,6,ND2,CB,9.094084
tcr_26_1,D,C,N,H,121,6,ND2,CD2,7.1513186
tcr_26_1,D,C,N,Q,121,8,ND2,CD,9.47451
tcr_26_1,D,C,N,Q,121,8,ND2,NE2,8.47737
tcr_26_1,D,C,N,H,121,6,ND2,O,9.24098
tcr_26_1,D,C,D,D,122,4,N,O,9.904722
tcr_26_1,D,C,D,D,122,4,N,OD1,9.126355
tcr_26_1,D,C,D,D,122,4,N,OD2,7.445348
tcr_26_1,D,C,D,D,122,4,N,CG,8.480246
tcr_26_1,D,C,D,D,122,4,N,CB,9.224101
tcr_26_1,D,C,D,H,122,6,N,ND1,8.418372
tcr_26_1,D,C,D,H,122,6,N,CE1,7.3127627
tcr_26_1,D,C,D,H,122,6,N,CG,8.932341
tcr_26_1,D,C,D,H,122,6,N,NE2,7.1287746
tcr_26_1,D,C,D,H,122,6,N,CD2,8.206304
tcr_26_1,D,C,D,D,122,4,CA,OD1,9.753172
tcr_26_1,D,C,D,D,122,4,CA,OD2,7.892469
tcr_26_1,D,C,D,D,122,4,CA,CG,9.025396
tcr_26_1,D,C,D,D,122,4,CA,CB,9.733742
tcr_26_1,D,C,D,H,122,6,CA,ND1,9.436372
tcr_26_1,D,C,D,H,122,6,CA,CE1,8.365373
tcr_26_1,D,C,D,H,122,6,CA,NE2,8.34141
tcr_26_1,D,C,D,H,122,6,CA,CD2,9.45313
tcr_26_1,D,C,D,D,122,4,C,OD2,8.8383465
tcr_26_1,D,C,D,D,122,4,C,CG,9.943957
tcr_26_1,D,C,D,H,122,6,C,CE1,9.198391
tcr_26_1,D,C,D,H,122,6,C,NE2,9.159752
tcr_26_1,D,C,D,D,122,4,O,OD2,8.703
tcr_26_1,D,C,D,D,122,4,O,CG,9.799615
tcr_26_1,D,C,D,H,122,6,O,CE1,9.298972
tcr_26_1,D,C,D,H,122,6,O,NE2,9.391146
tcr_26_1,D,C,D,D,122,4,CB,OD1,8.831086
tcr_26_1,D,C,D,D,122,4,CB,OD2,6.863056
tcr_26_1,D,C,D,D,122,4,CB,CG,8.060125
tcr_26_1,D,C,D,D,122,4,CB,CB,8.77997
tcr_26_1,D,C,D,H,122,6,CB,ND1,8.972617
tcr_26_1,D,C,D,H,122,6,CB,CE1,8.0033865
tcr_26_1,D,C,D,H,122,6,CB,CG,9.755509
tcr_26_1,D,C,D,H,122,6,CB,NE2,8.217866
tcr_26_1,D,C,D,H,122,6,CB,CD2,9.335213
tcr_26_1,D,C,D,D,122,4,CG,OD1,9.764621
tcr_26_1,D,C,D,D,122,4,CG,OD2,7.7370014
tcr_26_1,D,C,D,D,122,4,CG,CG,8.97369
tcr_26_1,D,C,D,D,122,4,CG,CB,9.670791
tcr_26_1,D,C,D,H,122,6,CG,CE1,9.348624
tcr_26_1,D,C,D,H,122,6,CG,NE2,9.654768
tcr_26_1,D,C,D,D,122,4,OD1,OD2,8.924183
tcr_26_1,D,C,D,D,122,4,OD2,OD1,9.479022
tcr_26_1,D,C,D,D,122,4,OD2,OD2,7.4006357
tcr_26_1,D,C,D,D,122,4,OD2,CG,8.640889
tcr_26_1,D,C,D,D,122,4,OD2,CB,9.269243
tcr_26_1,D,C,D,H,122,6,OD2,CE1,9.490675
tcr_26_1,D,C,D,H,122,6,OD2,NE2,9.961078
tcr_26_1,D,C,M,D,123,4,N,OD2,9.979713
tcr_26_1,D,C,M,H,123,6,N,CE1,9.986012
tcr_26_1,D,C,M,H,123,6,N,NE2,9.790587
tcr_26_1,E,C,N,Q,47,8,CA,OE1,9.904067
tcr_26_1,E,C,N,Q,47,8,C,CD,9.623024
tcr_26_1,E,C,N,Q,47,8,C,OE1,8.686708
tcr_26_1,E,C,N,Q,47,8,C,NE2,9.891764
tcr_26_1,E,C,N,Q,47,8,O,CD,8.7835245
tcr_26_1,E,C,N,Q,47,8,O,OE1,7.8094516
tcr_26_1,E,C,N,Q,47,8,O,NE2,9.182035
tcr_26_1,E,C,N,Q,47,8,O,CB,9.494146
tcr_26_1,E,C,N,Q,47,8,O,CG,9.788622
tcr_26_1,E,C,N,V,47,9,O,O,9.935325
tcr_26_1,E,C,N,Q,47,8,CG,OE1,9.375026
tcr_26_1,E,C,N,Q,47,8,OD1,OE1,8.878746
tcr_26_1,E,C,N,Q,47,8,ND2,OE1,9.49647
tcr_26_1,E,C,H,Q,48,8,N,CD,9.678379
tcr_26_1,E,C,H,Q,48,8,N,OE1,8.858872
tcr_26_1,E,C,H,Q,48,8,N,NE2,9.801071
tcr_26_1,E,C,H,Q,48,8,CA,CD,8.745929
tcr_26_1,E,C,H,Q,48,8,CA,OE1,8.04824
tcr_26_1,E,C,H,Q,48,8,CA,NE2,8.810849
tcr_26_1,E,C,H,Q,48,8,CA,CB,9.872905
tcr_26_1,E,C,H,Q,48,8,CA,CG,9.812957
tcr_26_1,E,C,H,Q,48,8,C,CD,7.6458135
tcr_26_1,E,C,H,Q,48,8,C,OE1,6.974715
tcr_26_1,E,C,H,Q,48,8,C,NE2,7.5855603
tcr_26_1,E,C,H,Q,48,8,C,CB,9.064261
tcr_26_1,E,C,H,Q,48,8,C,CG,8.838061
tcr_26_1,E,C,H,Q,48,8,O,CD,8.075
tcr_26_1,E,C,H,Q,48,8,O,OE1,7.426594
tcr_26_1,E,C,H,Q,48,8,O,NE2,7.8596497
tcr_26_1,E,C,H,Q,48,8,O,CB,9.737932
tcr_26_1,E,C,H,Q,48,8,O,CG,9.377818
tcr_26_1,E,C,H,Q,48,8,CB,CD,9.65019
tcr_26_1,E,C,H,Q,48,8,CB,OE1,9.091932
tcr_26_1,E,C,H,Q,48,8,CB,NE2,9.591994
tcr_26_1,E,C,E,Q,49,8,N,CD,6.3881574
tcr_26_1,E,C,E,Q,49,8,N,OE1,5.747612
tcr_26_1,E,C,E,Q,49,8,N,NE2,6.391349
tcr_26_1,E,C,E,Q,49,8,N,CB,7.762514
tcr_26_1,E,C,E,Q,49,8,N,CG,7.5372453
tcr_26_1,E,C,E,Q,49,8,N,N,9.346389
tcr_26_1,E,C,E,Q,49,8,N,CA,9.155523
tcr_26_1,E,C,E,Q,49,8,N,C,9.715082
tcr_26_1,E,C,E,Q,49,8,N,O,9.473851
tcr_26_1,E,C,E,V,49,9,N,O,9.766553
tcr_26_1,E,C,E,Q,49,8,CA,CD,5.353015
tcr_26_1,E,C,E,Q,49,8,CA,OE1,4.779956
tcr_26_1,E,C,E,Q,49,8,CA,NE2,5.1873827
tcr_26_1,E,C,E,H,49,6,CA,O,9.393155
tcr_26_1,E,C,E,Q,49,8,CA,CB,7.0810194
tcr_26_1,E,C,E,Q,49,8,CA,CG,6.642997
tcr_26_1,E,C,E,Q,49,8,CA,N,8.788145
tcr_26_1,E,C,E,H,49,7,CA,C,9.975101
tcr_26_1,E,C,E,Q,49,8,CA,CA,8.534426
tcr_26_1,E,C,E,Q,49,8,CA,C,9.256137
tcr_26_1,E,C,E,Q,49,8,CA,O,9.196087
tcr_26_1,E,C,E,V,49,9,CA,O,9.426942
tcr_26_1,E,C,E,H,49,6,C,CD2,9.560502
tcr_26_1,E,C,E,Q,49,8,C,CD,5.648841
tcr_26_1,E,C,E,Q,49,8,C,OE1,5.382298
tcr_26_1,E,C,E,Q,49,8,C,NE2,5.152654
tcr_26_1,E,C,E,H,49,6,C,O,9.130142
tcr_26_1,E,C,E,Q,49,8,C,CB,7.62169
tcr_26_1,E,C,E,Q,49,8,C,CG,6.9139285
tcr_26_1,E,C,E,Q,49,8,C,N,9.102508
tcr_26_1,E,C,E,Q,49,8,C,CA,9.01995
tcr_26_1,E,C,E,Q,49,8,C,C,9.928438
tcr_26_1,E,C,E,Q,49,8,C,O,9.932825
tcr_26_1,E,C,E,H,49,6,O,CD2,9.654581
tcr_26_1,E,C,E,Q,49,8,O,CD,5.7530484
tcr_26_1,E,C,E,Q,49,8,O,OE1,5.5772185
tcr_26_1,E,C,E,Q,49,8,O,NE2,5.0339375
tcr_26_1,E,C,E,H,49,6,O,O,9.279932
tcr_26_1,E,C,E,Q,49,8,O,CB,7.9819956
tcr_26_1,E,C,E,Q,49,8,O,CG,7.1019545
tcr_26_1,E,C,E,Q,49,8,O,N,9.526047
tcr_26_1,E,C,E,Q,49,8,O,CA,9.390309
tcr_26_1,E,C,E,H,49,6,CB,CD2,9.468985
tcr_26_1,E,C,E,H,49,7,CB,ND1,9.976368
tcr_26_1,E,C,E,H,49,7,CB,N,9.76001
tcr_26_1,E,C,E,Q,49,8,CB,CD,3.954954
tcr_26_1,E,C,E,Q,49,8,CB,OE1,3.3288455
tcr_26_1,E,C,E,H,49,6,CB,C,9.360526
tcr_26_1,E,C,E,Q,49,8,CB,NE2,4.021717
tcr_26_1,E,C,E,H,49,6,CB,O,8.191339
tcr_26_1,E,C,E,Q,49,8,CB,CB,5.557045
tcr_26_1,E,C,E,Q,49,8,CB,CG,5.1951947
tcr_26_1,E,C,E,H,49,7,CB,CA,8.993735
tcr_26_1,E,C,E,H,49,7,CB,CB,9.992071
tcr_26_1,E,C,E,Q,49,8,CB,N,7.3343215
tcr_26_1,E,C,E,H,49,7,CB,C,8.546731
tcr_26_1,E,C,E,H,49,7,CB,O,9.406445
tcr_26_1,E,C,E,Q,49,8,CB,CA,7.018348
tcr_26_1,E,C,E,Q,49,8,CB,C,7.737868
tcr_26_1,E,C,E,V,49,9,CB,N,8.604717
tcr_26_1,E,C,E,Q,49,8,CB,O,7.722858
tcr_26_1,E,C,E,V,49,9,CB,CA,9.535789
tcr_26_1,E,C,E,V,49,9,CB,O,8.010142
tcr_26_1,E,C,E,V,49,9,CB,C,9.045815
tcr_26_1,E,C,E,V,49,9,CB,OXT,9.88137
tcr_26_1,E,C,E,Q,49,8,CG,CD,4.2003565
tcr_26_1,E,C,E,Q,49,8,CG,OE1,3.2163153
tcr_26_1,E,C,E,H,49,6,CG,C,9.894087
tcr_26_1,E,C,E,Q,49,8,CG,NE2,4.661328
tcr_26_1,E,C,E,H,49,6,CG,O,8.78101
tcr_26_1,E,C,E,Q,49,8,CG,CB,5.3121305
tcr_26_1,E,C,E,Q,49,8,CG,CG,5.336117
tcr_26_1,E,C,E,H,49,7,CG,CA,9.235257
tcr_26_1,E,C,E,Q,49,8,CG,N,7.3166065
tcr_26_1,E,C,E,H,49,7,CG,C,8.60565
tcr_26_1,E,C,E,H,49,7,CG,O,9.384946
tcr_26_1,E,C,E,Q,49,8,CG,CA,6.772968
tcr_26_1,E,C,E,Q,49,8,CG,C,7.2254133
tcr_26_1,E,C,E,V,49,9,CG,N,7.975499
tcr_26_1,E,C,E,Q,49,8,CG,O,7.1530285
tcr_26_1,E,C,E,V,49,9,CG,CA,8.727147
tcr_26_1,E,C,E,V,49,9,CG,CB,9.916773
tcr_26_1,E,C,E,V,49,9,CG,O,6.94777
tcr_26_1,E,C,E,V,49,9,CG,C,8.040303
tcr_26_1,E,C,E,V,49,9,CG,CG2,9.652685
tcr_26_1,E,C,E,V,49,9,CG,OXT,8.786045
tcr_26_1,E,C,E,H,49,7,CD,ND1,9.822564
tcr_26_1,E,C,E,H,49,7,CD,N,9.9812355
tcr_26_1,E,C,E,Q,49,8,CD,CD,4.8505993
tcr_26_1,E,C,E,Q,49,8,CD,OE1,3.9343016
tcr_26_1,E,C,E,H,49,6,CD,C,9.915007
tcr_26_1,E,C,E,Q,49,8,CD,NE2,5.5403337
tcr_26_1,E,C,E,H,49,6,CD,O,8.891554
tcr_26_1,E,C,E,Q,49,8,CD,CB,5.283242
tcr_26_1,E,C,E,Q,49,8,CD,CG,5.648563
tcr_26_1,E,C,E,H,49,7,CD,CA,8.912641
tcr_26_1,E,C,E,H,49,7,CD,CB,9.608608
tcr_26_1,E,C,E,Q,49,8,CD,N,7.037707
tcr_26_1,E,C,E,H,49,7,CD,C,8.350131
tcr_26_1,E,C,E,H,49,7,CD,O,9.197293
tcr_26_1,E,C,E,Q,49,8,CD,CA,6.5883546
tcr_26_1,E,C,E,Q,49,8,CD,C,6.803022
tcr_26_1,E,C,E,V,49,9,CD,N,7.6482015
tcr_26_1,E,C,E,Q,49,8,CD,O,6.4814253
tcr_26_1,E,C,E,V,49,9,CD,CA,8.26405
tcr_26_1,E,C,E,V,49,9,CD,CB,9.580446
tcr_26_1,E,C,E,V,49,9,CD,O,6.5081887
tcr_26_1,E,C,E,V,49,9,CD,C,7.4941683
tcr_26_1,E,C,E,V,49,9,CD,CG2,9.528646
tcr_26_1,E,C,E,V,49,9,CD,OXT,8.096037
tcr_26_1,E,C,E,H,49,7,OE1,ND1,9.828513
tcr_26_1,E,C,E,H,49,7,OE1,N,9.891228
tcr_26_1,E,C,E,Q,49,8,OE1,CD,5.013534
tcr_26_1,E,C,E,Q,49,8,OE1,OE1,4.0283136
tcr_26_1,E,C,E,H,49,6,OE1,C,9.94765
tcr_26_1,E,C,E,Q,49,8,OE1,NE2,5.935089
tcr_26_1,E,C,E,H,49,6,OE1,O,9.001666
tcr_26_1,E,C,E,Q,49,8,OE1,CB,4.9156895
tcr_26_1,E,C,E,Q,49,8,OE1,CG,5.5970564
tcr_26_1,E,C,E,H,49,7,OE1,CA,8.735534
tcr_26_1,E,C,E,H,49,7,OE1,CB,9.337979
tcr_26_1,E,C,E,Q,49,8,OE1,N,6.711985
tcr_26_1,E,C,E,H,49,7,OE1,C,8.032704
tcr_26_1,E,C,E,H,49,7,OE1,O,8.788565
tcr_26_1,E,C,E,V,49,9,OE1,CG1,9.65991
tcr_26_1,E,C,E,Q,49,8,OE1,CA,6.1060433
tcr_26_1,E,C,E,Q,49,8,OE1,C,6.072664
tcr_26_1,E,C,E,V,49,9,OE1,N,6.8135567
tcr_26_1,E,C,E,Q,49,8,OE1,O,5.7030773
tcr_26_1,E,C,E,V,49,9,OE1,CA,7.274367
tcr_26_1,E,C,E,V,49,9,OE1,CB,8.583805
tcr_26_1,E,C,E,V,49,9,OE1,O,5.4050856
tcr_26_1,E,C,E,V,49,9,OE1,C,6.385421
tcr_26_1,E,C,E,V,49,9,OE1,CG2,8.565281
tcr_26_1,E,C,E,V,49,9,OE1,OXT,6.9172325
tcr_26_1,E,C,E,H,49,7,OE2,ND1,9.53514
tcr_26_1,E,C,E,Q,49,8,OE2,CD,5.536583
tcr_26_1,E,C,E,Q,49,8,OE2,OE1,4.8009715
tcr_26_1,E,C,E,Q,49,8,OE2,NE2,6.10847
tcr_26_1,E,C,E,H,49,6,OE2,O,9.0578
tcr_26_1,E,C,E,Q,49,8,OE2,CB,5.9463773
tcr_26_1,E,C,E,Q,49,8,OE2,CG,6.2508326
tcr_26_1,E,C,E,H,49,7,OE2,CA,9.021688
tcr_26_1,E,C,E,H,49,7,OE2,CB,9.631036
tcr_26_1,E,C,E,Q,49,8,OE2,N,7.384452
tcr_26_1,E,C,E,H,49,7,OE2,C,8.657499
tcr_26_1,E,C,E,H,49,7,OE2,O,9.6141
tcr_26_1,E,C,E,Q,49,8,OE2,CA,7.1622066
tcr_26_1,E,C,E,Q,49,8,OE2,C,7.4009156
tcr_26_1,E,C,E,V,49,9,OE2,N,8.375807
tcr_26_1,E,C,E,Q,49,8,OE2,O,6.9425044
tcr_26_1,E,C,E,V,49,9,OE2,CA,9.006559
tcr_26_1,E,C,E,V,49,9,OE2,O,7.4087806
tcr_26_1,E,C,E,V,49,9,OE2,C,8.293521
tcr_26_1,E,C,E,V,49,9,OE2,OXT,8.835159
tcr_26_1,E,C,Y,H,50,6,N,NE2,9.55444
tcr_26_1,E,C,Y,H,50,6,N,CD2,9.116593
tcr_26_1,E,C,Y,Q,50,8,N,CD,6.2415347
tcr_26_1,E,C,Y,Q,50,8,N,OE1,6.1120276
tcr_26_1,E,C,Y,Q,50,8,N,NE2,5.7596846
tcr_26_1,E,C,Y,H,50,6,N,O,9.054776
tcr_26_1,E,C,Y,Q,50,8,N,CB,8.017708
tcr_26_1,E,C,Y,Q,50,8,N,CG,7.3258634
tcr_26_1,E,C,Y,Q,50,8,N,N,9.2014265
tcr_26_1,E,C,Y,Q,50,8,N,CA,9.315616
tcr_26_1,E,C,Y,H,50,6,CA,CG,9.850786
tcr_26_1,E,C,Y,H,50,6,CA,NE2,8.957485
tcr_26_1,E,C,Y,H,50,6,CA,CD2,8.65077
tcr_26_1,E,C,Y,Q,50,8,CA,CD,6.9587803
tcr_26_1,E,C,Y,Q,50,8,CA,OE1,7.0435915
tcr_26_1,E,C,Y,Q,50,8,CA,NE2,6.27423
tcr_26_1,E,C,Y,H,50,6,CA,O,9.106152
tcr_26_1,E,C,Y,Q,50,8,CA,CB,8.818604
tcr_26_1,E,C,Y,Q,50,8,CA,CG,7.954934
tcr_26_1,E,C,Y,Q,50,8,CA,N,9.769369
tcr_26_1,E,C,Y,H,50,6,C,CD2,9.921304
tcr_26_1,E,C,Y,Q,50,8,C,CD,8.403124
tcr_26_1,E,C,Y,Q,50,8,C,OE1,8.407417
tcr_26_1,E,C,Y,Q,50,8,C,NE2,7.7039723
tcr_26_1,E,C,Y,Q,50,8,C,CG,9.452502
tcr_26_1,E,C,Y,Q,50,8,O,CD,9.101108
tcr_26_1,E,C,Y,Q,50,8,O,OE1,9.007448
tcr_26_1,E,C,Y,Q,50,8,O,NE2,8.533655
tcr_26_1,E,C,Y,H,50,6,CB,ND1,9.698686
tcr_26_1,E,C,Y,H,50,6,CB,CE1,9.078463
tcr_26_1,E,C,Y,H,50,6,CB,CG,8.887635
tcr_26_1,E,C,Y,H,50,6,CB,NE2,7.7689924
tcr_26_1,E,C,Y,H,50,7,CB,CE1,9.992249
tcr_26_1,E,C,Y,H,50,6,CB,CB,9.537291
tcr_26_1,E,C,Y,H,50,6,CB,CD2,7.613309
tcr_26_1,E,C,Y,H,50,7,CB,ND1,9.416147
tcr_26_1,E,C,Y,Q,50,8,CB,CD,7.097594
tcr_26_1,E,C,Y,Q,50,8,CB,OE1,7.3455863
tcr_26_1,E,C,Y,H,50,6,CB,C,9.431775
tcr_26_1,E,C,Y,Q,50,8,CB,NE2,6.4842324
tcr_26_1,E,C,Y,H,50,6,CB,O,8.397045
tcr_26_1,E,C,Y,Q,50,8,CB,CB,8.674773
tcr_26_1,E,C,Y,Q,50,8,CB,CG,7.837685
tcr_26_1,E,C,Y,H,50,7,CB,CA,9.706927
tcr_26_1,E,C,Y,Q,50,8,CB,N,9.254404
tcr_26_1,E,C,Y,Q,50,8,CB,CA,9.724811
tcr_26_1,E,C,Y,H,50,6,CG,ND1,8.393824
tcr_26_1,E,C,Y,H,50,6,CG,CE1,7.87104
tcr_26_1,E,C,Y,H,50,6,CG,N,9.629549
tcr_26_1,E,C,Y,H,50,6,CG,CG,7.504305
tcr_26_1,E,C,Y,H,50,6,CG,NE2,6.544031
tcr_26_1,E,C,Y,H,50,6,CG,CA,8.744613
tcr_26_1,E,C,Y,H,50,7,CG,CE1,8.770175
tcr_26_1,E,C,Y,H,50,6,CG,CB,8.09547
tcr_26_1,E,C,Y,H,50,6,CG,CD2,6.2505035
tcr_26_1,E,C,Y,H,50,7,CG,ND1,8.119152
tcr_26_1,E,C,Y,H,50,7,CG,N,8.548742
tcr_26_1,E,C,Y,Q,50,8,CG,CD,5.9876504
tcr_26_1,E,C,Y,Q,50,8,CG,OE1,6.412479
tcr_26_1,E,C,Y,H,50,6,CG,C,7.9181867
tcr_26_1,E,C,Y,Q,50,8,CG,NE2,5.394124
tcr_26_1,E,C,Y,H,50,6,CG,O,6.8805246
tcr_26_1,E,C,Y,Q,50,8,CG,CB,7.455056
tcr_26_1,E,C,Y,Q,50,8,CG,CG,6.5576525
tcr_26_1,E,C,Y,H,50,7,CG,CA,8.249793
tcr_26_1,E,C,Y,H,50,7,CG,CG,9.132503
tcr_26_1,E,C,Y,H,50,7,CG,CB,9.23487
tcr_26_1,E,C,Y,Q,50,8,CG,N,7.870938
tcr_26_1,E,C,Y,H,50,7,CG,C,8.607053
tcr_26_1,E,C,Y,H,50,7,CG,O,9.676946
tcr_26_1,E,C,Y,Q,50,8,CG,CA,8.412048
tcr_26_1,E,C,Y,Q,50,8,CG,C,9.53258
tcr_26_1,E,C,Y,Q,50,8,CG,O,9.480113
tcr_26_1,E,C,Y,D,50,4,CD1,O,9.54266
tcr_26_1,E,C,Y,D,50,4,CD1,OD1,9.924424
tcr_26_1,E,C,Y,D,50,4,CD1,OD2,9.947646
tcr_26_1,E,C,Y,H,50,7,CD1,NE2,9.74287
tcr_26_1,E,C,Y,H,50,6,CD1,ND1,7.294079
tcr_26_1,E,C,Y,H,50,6,CD1,CE1,6.7969227
tcr_26_1,E,C,Y,H,50,6,CD1,N,8.782761
tcr_26_1,E,C,Y,H,50,6,CD1,CG,6.440867
tcr_26_1,E,C,Y,H,50,6,CD1,NE2,5.510357
tcr_26_1,E,C,Y,H,50,6,CD1,CA,7.904929
tcr_26_1,E,C,Y,H,50,7,CD1,CE1,8.534126
tcr_26_1,E,C,Y,H,50,6,CD1,CB,7.079547
tcr_26_1,E,C,Y,H,50,6,CD1,CD2,5.217838
tcr_26_1,E,C,Y,H,50,7,CD1,ND1,7.941726
tcr_26_1,E,C,Y,H,50,7,CD1,N,8.065374
tcr_26_1,E,C,Y,Q,50,8,CD1,CD,6.175467
tcr_26_1,E,C,Y,Q,50,8,CD1,OE1,6.824479
tcr_26_1,E,C,Y,H,50,6,CD1,C,7.2810125
tcr_26_1,E,C,Y,Q,50,8,CD1,NE2,5.4082026
tcr_26_1,E,C,Y,H,50,6,CD1,O,6.2859116
tcr_26_1,E,C,Y,Q,50,8,CD1,CB,7.691216
tcr_26_1,E,C,Y,Q,50,8,CD1,CG,6.606872
tcr_26_1,E,C,Y,H,50,7,CD1,CA,8.003377
tcr_26_1,E,C,Y,N,50,5,CD1,C,9.963747
tcr_26_1,E,C,Y,H,50,7,CD1,CG,8.928501
tcr_26_1,E,C,Y,H,50,7,CD1,CD2,9.971962
tcr_26_1,E,C,Y,H,50,7,CD1,CB,9.079631
tcr_26_1,E,C,Y,Q,50,8,CD1,N,7.8876786
tcr_26_1,E,C,Y,H,50,7,CD1,C,8.449162
tcr_26_1,E,C,Y,H,50,7,CD1,O,9.454125
tcr_26_1,E,C,Y,Q,50,8,CD1,CA,8.520601
tcr_26_1,E,C,Y,Q,50,8,CD1,C,9.775308
tcr_26_1,E,C,Y,Q,50,8,CD1,O,9.849834
tcr_26_1,E,C,Y,H,50,7,CD2,NE2,9.33983
tcr_26_1,E,C,Y,H,50,6,CD2,ND1,8.46507
tcr_26_1,E,C,Y,H,50,6,CD2,CE1,8.037021
tcr_26_1,E,C,Y,H,50,6,CD2,N,9.265918
tcr_26_1,E,C,Y,H,50,6,CD2,CG,7.4817314
tcr_26_1,E,C,Y,H,50,6,CD2,NE2,6.7023478
tcr_26_1,E,C,Y,H,50,6,CD2,CA,8.364026
tcr_26_1,E,C,Y,H,50,7,CD2,CE1,8.092714
tcr_26_1,E,C,Y,H,50,6,CD2,CB,7.9511614
tcr_26_1,E,C,Y,H,50,6,CD2,CD2,6.267744
tcr_26_1,E,C,Y,H,50,7,CD2,ND1,7.3109746
tcr_26_1,E,C,Y,H,50,7,CD2,N,7.814045
tcr_26_1,E,C,Y,Q,50,8,CD2,CD,5.106197
tcr_26_1,E,C,Y,Q,50,8,CD2,OE1,5.454502
tcr_26_1,E,C,Y,H,50,6,CD2,C,7.3372955
tcr_26_1,E,C,Y,Q,50,8,CD2,NE2,4.789955
tcr_26_1,E,C,Y,H,50,6,CD2,O,6.2876525
tcr_26_1,E,C,Y,Q,50,8,CD2,CB,6.296148
tcr_26_1,E,C,Y,Q,50,8,CD2,CG,5.584339
tcr_26_1,E,C,Y,H,50,7,CD2,CA,7.3194084
tcr_26_1,E,C,Y,H,50,7,CD2,CG,8.256789
tcr_26_1,E,C,Y,H,50,7,CD2,CD2,9.441058
tcr_26_1,E,C,Y,H,50,7,CD2,CB,8.249615
tcr_26_1,E,C,Y,Q,50,8,CD2,N,6.7478404
tcr_26_1,E,C,Y,H,50,7,CD2,C,7.5877705
tcr_26_1,E,C,Y,H,50,7,CD2,O,8.693006
tcr_26_1,E,C,Y,Q,50,8,CD2,CA,7.2576046
tcr_26_1,E,C,Y,Q,50,8,CD2,C,8.283267
tcr_26_1,E,C,Y,V,50,9,CD2,N,9.47223
tcr_26_1,E,C,Y,Q,50,8,CD2,O,8.158976
tcr_26_1,E,C,Y,V,50,9,CD2,O,9.933889
tcr_26_1,E,C,Y,D,50,4,CE1,O,8.373666
tcr_26_1,E,C,Y,D,50,4,CE1,OD1,8.837665
tcr_26_1,E,C,Y,D,50,4,CE1,OD2,9.079305
tcr_26_1,E,C,Y,D,50,4,CE1,CG,9.089477
tcr_26_1,E,C,Y,D,50,4,CE1,CB,9.861449
tcr_26_1,E,C,Y,D,50,4,CE1,C,9.238707
tcr_26_1,E,C,Y,N,50,5,CE1,N,9.704416
tcr_26_1,E,C,Y,N,50,5,CE1,CA,9.593028
tcr_26_1,E,C,Y,H,50,7,CE1,NE2,8.726462
tcr_26_1,E,C,Y,H,50,6,CE1,ND1,6.1117635
tcr_26_1,E,C,Y,H,50,6,CE1,CE1,5.7662745
tcr_26_1,E,C,Y,H,50,6,CE1,N,7.414393
tcr_26_1,E,C,Y,H,50,6,CE1,CG,5.1500483
tcr_26_1,E,C,Y,H,50,6,CE1,NE2,4.4887724
tcr_26_1,E,C,Y,H,50,6,CE1,CA,6.502442
tcr_26_1,E,C,Y,H,50,7,CE1,CE1,7.5876555
tcr_26_1,E,C,Y,H,50,6,CE1,CB,5.7122703
tcr_26_1,E,C,Y,H,50,6,CE1,CD2,3.9713786
tcr_26_1,E,C,Y,H,50,7,CE1,ND1,6.9289055
tcr_26_1,E,C,Y,H,50,7,CE1,N,6.730903
tcr_26_1,E,C,Y,Q,50,8,CE1,CD,5.554552
tcr_26_1,E,C,Y,Q,50,8,CE1,OE1,6.3926926
tcr_26_1,E,C,Y,H,50,6,CE1,C,5.894771
tcr_26_1,E,C,Y,Q,50,8,CE1,NE2,4.840339
tcr_26_1,E,C,Y,H,50,6,CE1,O,4.9123635
tcr_26_1,E,C,Y,Q,50,8,CE1,CB,6.8610153
tcr_26_1,E,C,Y,Q,50,8,CE1,CG,5.7209563
tcr_26_1,E,C,Y,H,50,7,CE1,CA,6.7727633
tcr_26_1,E,C,Y,N,50,5,CE1,C,8.595599
tcr_26_1,E,C,Y,H,50,7,CE1,CG,7.8172646
tcr_26_1,E,C,Y,N,50,5,CE1,O,9.054526
tcr_26_1,E,C,Y,H,50,7,CE1,CD2,8.860791
tcr_26_1,E,C,Y,H,50,7,CE1,CB,7.918267
tcr_26_1,E,C,Y,Q,50,8,CE1,N,6.809212
tcr_26_1,E,C,Y,H,50,7,CE1,C,7.246818
tcr_26_1,E,C,Y,H,50,7,CE1,O,8.210185
tcr_26_1,E,C,Y,Q,50,8,CE1,CA,7.5277996
tcr_26_1,E,C,Y,Q,50,8,CE1,C,8.850752
tcr_26_1,E,C,Y,V,50,9,CE1,N,9.944772
tcr_26_1,E,C,Y,Q,50,8,CE1,O,9.011245
tcr_26_1,E,C,Y,D,50,4,CE2,O,9.261395
tcr_26_1,E,C,Y,H,50,7,CE2,NE2,8.282038
tcr_26_1,E,C,Y,H,50,6,CE2,ND1,7.481332
tcr_26_1,E,C,Y,H,50,6,CE2,CE1,7.1987863
tcr_26_1,E,C,Y,H,50,6,CE2,N,7.9881954
tcr_26_1,E,C,Y,H,50,6,CE2,CG,6.41392
tcr_26_1,E,C,Y,H,50,6,CE2,NE2,5.9038215
tcr_26_1,E,C,Y,H,50,6,CE2,CA,7.0593624
tcr_26_1,E,C,Y,H,50,7,CE2,CE1,7.0959916
tcr_26_1,E,C,Y,H,50,6,CE2,CB,6.7696404
tcr_26_1,E,C,Y,H,50,6,CE2,CD2,5.2863455
tcr_26_1,E,C,Y,H,50,7,CE2,ND1,6.202686
tcr_26_1,E,C,Y,H,50,7,CE2,N,6.431628
tcr_26_1,E,C,Y,Q,50,8,CE2,CD,4.3234797
tcr_26_1,E,C,Y,Q,50,8,CE2,OE1,4.8905106
tcr_26_1,E,C,Y,H,50,6,CE2,C,5.9686866
tcr_26_1,E,C,Y,Q,50,8,CE2,NE2,4.128257
tcr_26_1,E,C,Y,H,50,6,CE2,O,4.9179945
tcr_26_1,E,C,Y,Q,50,8,CE2,CB,5.2404833
tcr_26_1,E,C,Y,Q,50,8,CE2,CG,4.492867
tcr_26_1,E,C,Y,H,50,7,CE2,CA,5.951017
tcr_26_1,E,C,Y,N,50,5,CE2,C,8.949291
tcr_26_1,E,C,Y,H,50,7,CE2,CG,7.045514
tcr_26_1,E,C,Y,N,50,5,CE2,O,9.170136
tcr_26_1,E,C,Y,H,50,7,CE2,CD2,8.264998
tcr_26_1,E,C,Y,H,50,7,CE2,CB,6.9535007
tcr_26_1,E,C,Y,Q,50,8,CE2,N,5.444473
tcr_26_1,E,C,Y,H,50,7,CE2,C,6.219874
tcr_26_1,E,C,Y,H,50,7,CE2,O,7.319277
tcr_26_1,E,C,Y,Q,50,8,CE2,CA,6.0547056
tcr_26_1,E,C,Y,Q,50,8,CE2,C,7.1616244
tcr_26_1,E,C,Y,V,50,9,CE2,N,8.354038
tcr_26_1,E,C,Y,Q,50,8,CE2,O,7.117029
tcr_26_1,E,C,Y,V,50,9,CE2,CA,9.581004
tcr_26_1,E,C,Y,V,50,9,CE2,O,9.114605
tcr_26_1,E,C,Y,V,50,9,CE2,C,9.723401
tcr_26_1,E,C,Y,D,50,4,CZ,O,8.216709
tcr_26_1,E,C,Y,D,50,4,CZ,OD1,9.15094
tcr_26_1,E,C,Y,D,50,4,CZ,OD2,9.601517
tcr_26_1,E,C,Y,D,50,4,CZ,CG,9.446351
tcr_26_1,E,C,Y,D,50,4,CZ,C,9.09401
tcr_26_1,E,C,Y,N,50,5,CZ,N,9.414397
tcr_26_1,E,C,Y,N,50,5,CZ,CA,9.099698
tcr_26_1,E,C,Y,H,50,7,CZ,NE2,7.9389186
tcr_26_1,E,C,Y,H,50,6,CZ,ND1,6.226218
tcr_26_1,E,C,Y,H,50,6,CZ,CE1,6.0068173
tcr_26_1,E,C,Y,H,50,6,CZ,N,6.9541726
tcr_26_1,E,C,Y,H,50,6,CZ,CG,5.1360593
tcr_26_1,E,C,Y,H,50,6,CZ,NE2,4.7338204
tcr_26_1,E,C,Y,H,50,6,CZ,CA,6.0001855
tcr_26_1,E,C,Y,H,50,7,CZ,CE1,6.80922
tcr_26_1,E,C,Y,H,50,6,CZ,CB,5.5247006
tcr_26_1,E,C,Y,H,50,6,CZ,CD2,4.0189624
tcr_26_1,E,C,Y,H,50,7,CZ,ND1,5.9787145
tcr_26_1,E,C,Y,H,50,7,CZ,N,5.788936
tcr_26_1,E,C,Y,Q,50,8,CZ,CD,4.5996156
tcr_26_1,E,C,Y,Q,50,8,CZ,OE1,5.437073
tcr_26_1,E,C,Y,H,50,6,CZ,C,5.108686
tcr_26_1,E,C,Y,Q,50,8,CZ,NE2,4.164803
tcr_26_1,E,C,Y,H,50,6,CZ,O,4.0627737
tcr_26_1,E,C,Y,Q,50,8,CZ,CB,5.591663
tcr_26_1,E,C,Y,Q,50,8,CZ,CG,4.5859566
tcr_26_1,E,C,Y,H,50,7,CZ,CA,5.621174
tcr_26_1,E,C,Y,N,50,5,CZ,C,8.021859
tcr_26_1,E,C,Y,H,50,7,CZ,CG,6.790808
tcr_26_1,E,C,Y,N,50,5,CZ,O,8.34207
tcr_26_1,E,C,Y,H,50,7,CZ,CD2,7.937119
tcr_26_1,E,C,Y,H,50,7,CZ,CB,6.760585
tcr_26_1,E,C,Y,Q,50,8,CZ,N,5.488562
tcr_26_1,E,C,Y,H,50,7,CZ,C,6.018101
tcr_26_1,E,C,Y,H,50,7,CZ,O,7.0401597
tcr_26_1,E,C,Y,Q,50,8,CZ,CA,6.2246222
tcr_26_1,E,C,Y,Q,50,8,CZ,C,7.5004206
tcr_26_1,E,C,Y,V,50,9,CZ,N,8.63157
tcr_26_1,E,C,Y,Q,50,8,CZ,O,7.620338
tcr_26_1,E,C,Y,V,50,9,CZ,CA,9.956868
tcr_26_1,E,C,Y,V,50,9,CZ,O,9.739001
tcr_26_1,E,C,Y,D,50,4,OH,O,7.275072
tcr_26_1,E,C,Y,D,50,4,OH,OD1,8.352845
tcr_26_1,E,C,Y,D,50,4,OH,OD2,9.055032
tcr_26_1,E,C,Y,D,50,4,OH,CG,8.738461
tcr_26_1,E,C,Y,D,50,4,OH,CB,9.2927885
tcr_26_1,E,C,Y,D,50,4,OH,CA,9.259938
tcr_26_1,E,C,Y,D,50,4,OH,C,8.079187
tcr_26_1,E,C,Y,N,50,5,OH,N,8.274972
tcr_26_1,E,C,Y,N,50,5,OH,CB,9.233055
tcr_26_1,E,C,Y,N,50,5,OH,OD1,9.903397
tcr_26_1,E,C,Y,N,50,5,OH,CA,7.888319
tcr_26_1,E,C,Y,H,50,7,OH,NE2,7.1020546
tcr_26_1,E,C,Y,H,50,6,OH,ND1,5.3990846
tcr_26_1,E,C,Y,H,50,6,OH,CE1,5.411381
tcr_26_1,E,C,Y,H,50,6,OH,N,5.706699
tcr_26_1,E,C,Y,H,50,6,OH,CG,4.196691
tcr_26_1,E,C,Y,H,50,6,OH,NE2,4.2720947
tcr_26_1,E,C,Y,H,50,6,OH,CA,4.702058
tcr_26_1,E,C,Y,H,50,7,OH,CE1,6.098872
tcr_26_1,E,C,Y,H,50,6,OH,CB,4.3927255
tcr_26_1,E,C,Y,H,50,6,OH,CD2,3.2836587
tcr_26_1,E,C,Y,H,50,7,OH,ND1,5.173173
tcr_26_1,E,C,Y,H,50,7,OH,N,4.473489
tcr_26_1,E,C,Y,Q,50,8,OH,CD,4.4439335
tcr_26_1,E,C,Y,Q,50,8,OH,OE1,5.44662
tcr_26_1,E,C,Y,H,50,6,OH,C,3.749974
tcr_26_1,E,C,Y,Q,50,8,OH,NE2,4.1698074
tcr_26_1,E,C,Y,H,50,6,OH,O,2.6964502
tcr_26_1,E,C,Y,Q,50,8,OH,CB,5.015741
tcr_26_1,E,C,Y,Q,50,8,OH,CG,4.010308
tcr_26_1,E,C,Y,H,50,7,OH,CA,4.425579
tcr_26_1,E,C,Y,N,50,5,OH,C,6.738335
tcr_26_1,E,C,Y,H,50,7,OH,CG,5.8031664
tcr_26_1,E,C,Y,N,50,5,OH,O,7.002803
tcr_26_1,E,C,Y,H,50,7,OH,CD2,6.950448
tcr_26_1,E,C,Y,H,50,7,OH,CB,5.670835
tcr_26_1,E,C,Y,Q,50,8,OH,N,4.512039
tcr_26_1,E,C,Y,H,50,7,OH,C,4.85038
tcr_26_1,E,C,Y,H,50,7,OH,O,5.818953
tcr_26_1,E,C,Y,Q,50,8,OH,CA,5.3748765
tcr_26_1,E,C,Y,Q,50,8,OH,C,6.7167816
tcr_26_1,E,C,Y,V,50,9,OH,N,7.8001947
tcr_26_1,E,C,Y,Q,50,8,OH,O,6.9479446
tcr_26_1,E,C,Y,V,50,9,OH,CA,9.16914
tcr_26_1,E,C,Y,V,50,9,OH,O,9.242208
tcr_26_1,E,C,Y,V,50,9,OH,C,9.677685
tcr_26_1,E,C,M,Q,51,8,N,CD,9.011259
tcr_26_1,E,C,M,Q,51,8,N,OE1,9.0780945
tcr_26_1,E,C,M,Q,51,8,N,NE2,8.163555
tcr_26_1,E,C,M,Q,51,8,CA,NE2,9.598875
tcr_26_1,E,C,M,Q,51,8,O,NE2,9.680105
tcr_26_1,E,C,M,Q,51,8,CG,NE2,9.954373
tcr_26_1,E,C,Y,Q,67,8,C,NE2,9.858355
tcr_26_1,E,C,Y,H,67,6,CB,NE2,9.5443735
tcr_26_1,E,C,Y,H,67,6,CB,CD2,9.7060175
tcr_26_1,E,C,Y,H,67,6,CG,ND1,9.784034
tcr_26_1,E,C,Y,H,67,6,CG,CE1,9.291736
tcr_26_1,E,C,Y,H,67,6,CG,CG,9.525891
tcr_26_1,E,C,Y,H,67,6,CG,NE2,8.682828
tcr_26_1,E,C,Y,H,67,6,CG,CD2,8.834545
tcr_26_1,E,C,Y,D,67,4,CD1,OD2,9.843558
tcr_26_1,E,C,Y,H,67,6,CD1,CE1,9.614122
tcr_26_1,E,C,Y,H,67,6,CD1,CG,9.997726
tcr_26_1,E,C,Y,H,67,6,CD1,NE2,9.183871
tcr_26_1,E,C,Y,H,67,6,CD1,CD2,9.433622
tcr_26_1,E,C,Y,D,67,4,CD2,OD1,9.73955
tcr_26_1,E,C,Y,D,67,4,CD2,OD2,9.304354
tcr_26_1,E,C,Y,D,67,4,CD2,CG,9.924764
tcr_26_1,E,C,Y,H,67,6,CD2,ND1,8.635967
tcr_26_1,E,C,Y,H,67,6,CD2,CE1,8.23639
tcr_26_1,E,C,Y,H,67,6,CD2,CG,8.27485
tcr_26_1,E,C,Y,H,67,6,CD2,NE2,7.5848346
tcr_26_1,E,C,Y,H,67,6,CD2,CB,8.891608
tcr_26_1,E,C,Y,H,67,6,CD2,CD2,7.6039453
tcr_26_1,E,C,Y,Q,67,8,CD2,NE2,9.125758
tcr_26_1,E,C,Y,H,67,6,CD2,O,9.74291
tcr_26_1,E,C,Y,D,67,4,CE1,OD1,9.556514
tcr_26_1,E,C,Y,D,67,4,CE1,OD2,8.79588
tcr_26_1,E,C,Y,D,67,4,CE1,CG,9.636951
tcr_26_1,E,C,Y,H,67,6,CE1,ND1,9.33042
tcr_26_1,E,C,Y,H,67,6,CE1,CE1,8.948532
tcr_26_1,E,C,Y,H,67,6,CE1,CG,9.32747
tcr_26_1,E,C,Y,H,67,6,CE1,NE2,8.685173
tcr_26_1,E,C,Y,H,67,6,CE1,CB,9.997485
tcr_26_1,E,C,Y,H,67,6,CE1,CD2,8.92982
tcr_26_1,E,C,Y,D,67,4,CE2,OD1,8.53822
tcr_26_1,E,C,Y,D,67,4,CE2,OD2,8.184599
tcr_26_1,E,C,Y,D,67,4,CE2,CG,8.785137
tcr_26_1,E,C,Y,H,67,6,CE2,ND1,7.720119
tcr_26_1,E,C,Y,H,67,6,CE2,CE1,7.4421897
tcr_26_1,E,C,Y,H,67,6,CE2,CG,7.441235
tcr_26_1,E,C,Y,H,67,6,CE2,NE2,6.965692
tcr_26_1,E,C,Y,H,67,6,CE2,CA,9.490103
tcr_26_1,E,C,Y,H,67,6,CE2,CB,8.009187
tcr_26_1,E,C,Y,H,67,6,CE2,CD2,6.959772
tcr_26_1,E,C,Y,H,67,6,CE2,C,9.853605
tcr_26_1,E,C,Y,Q,67,8,CE2,NE2,9.173149
tcr_26_1,E,C,Y,H,67,6,CE2,O,9.209431
tcr_26_1,E,C,Y,D,67,4,CZ,OD1,8.433345
tcr_26_1,E,C,Y,D,67,4,CZ,OD2,7.8956137
tcr_26_1,E,C,Y,D,67,4,CZ,CG,8.621448
tcr_26_1,E,C,Y,H,67,6,CZ,ND1,8.112194
tcr_26_1,E,C,Y,H,67,6,CZ,CE1,7.8391695
tcr_26_1,E,C,Y,H,67,6,CZ,CG,8.038424
tcr_26_1,E,C,Y,H,67,6,CZ,NE2,7.5773396
tcr_26_1,E,C,Y,H,67,6,CZ,CB,8.636896
tcr_26_1,E,C,Y,H,67,6,CZ,CD2,7.704787
tcr_26_1,E,C,Y,D,67,4,OH,OD1,7.4281716
tcr_26_1,E,C,Y,D,67,4,OH,OD2,6.975978
tcr_26_1,E,C,Y,D,67,4,OH,CG,7.678234
tcr_26_1,E,C,Y,D,67,4,OH,CB,9.143503
tcr_26_1,E,C,Y,H,67,6,OH,ND1,7.5274305
tcr_26_1,E,C,Y,H,67,6,OH,CE1,7.398584
tcr_26_1,E,C,Y,H,67,6,OH,CG,7.572721
tcr_26_1,E,C,Y,H,67,6,OH,NE2,7.353972
tcr_26_1,E,C,Y,H,67,6,OH,CA,9.630151
tcr_26_1,E,C,Y,H,67,6,OH,CB,8.099605
tcr_26_1,E,C,Y,H,67,6,OH,CD2,7.4641438
tcr_26_1,E,C,Y,H,67,6,OH,O,9.942444
tcr_26_1,E,C,S,H,68,6,N,CD2,9.971194
tcr_26_1,E,C,S,Q,68,8,N,NE2,8.814434
tcr_26_1,E,C,S,H,68,6,CA,CD2,9.757243
tcr_26_1,E,C,S,Q,68,8,CA,CD,8.993678
tcr_26_1,E,C,S,Q,68,8,CA,OE1,9.407414
tcr_26_1,E,C,S,Q,68,8,CA,NE2,7.7456875
tcr_26_1,E,C,S,H,68,6,C,CG,9.415522
tcr_26_1,E,C,S,H,68,6,C,NE2,9.087078
tcr_26_1,E,C,S,H,68,6,C,CB,9.626869
tcr_26_1,E,C,S,H,68,6,C,CD2,8.586999
tcr_26_1,E,C,S,Q,68,8,C,CD,7.6221514
tcr_26_1,E,C,S,Q,68,8,C,OE1,8.061238
tcr_26_1,E,C,S,Q,68,8,C,NE2,6.399404
tcr_26_1,E,C,S,H,68,6,C,O,9.303866
tcr_26_1,E,C,S,Q,68,8,C,CB,9.98264
tcr_26_1,E,C,S,Q,68,8,C,CG,8.641593
tcr_26_1,E,C,S,H,68,6,O,CG,9.534162
tcr_26_1,E,C,S,H,68,6,O,NE2,8.97681
tcr_26_1,E,C,S,H,68,6,O,CB,9.868406
tcr_26_1,E,C,S,H,68,6,O,CD2,8.567187
tcr_26_1,E,C,S,Q,68,8,O,CD,7.547308
tcr_26_1,E,C,S,Q,68,8,O,OE1,7.9013023
tcr_26_1,E,C,S,Q,68,8,O,NE2,6.4265146
tcr_26_1,E,C,S,H,68,6,O,O,9.3331375
tcr_26_1,E,C,S,Q,68,8,O,CB,9.82705
tcr_26_1,E,C,S,Q,68,8,O,CG,8.58547
tcr_26_1,E,C,S,Q,68,8,CB,CD,9.390029
tcr_26_1,E,C,S,Q,68,8,CB,OE1,9.625893
tcr_26_1,E,C,S,Q,68,8,CB,NE2,8.196868
tcr_26_1,E,C,S,Q,68,8,OG,CD,8.598714
tcr_26_1,E,C,S,Q,68,8,OG,OE1,8.7652645
tcr_26_1,E,C,S,Q,68,8,OG,NE2,7.4305015
tcr_26_1,E,C,S,Q,68,8,OG,CG,9.861891
tcr_26_1,E,C,V,H,69,6,N,ND1,9.5655575
tcr_26_1,E,C,V,H,69,6,N,CE1,9.520079
tcr_26_1,E,C,V,H,69,6,N,CG,8.582688
tcr_26_1,E,C,V,H,69,6,N,NE2,8.533091
tcr_26_1,E,C,V,H,69,6,N,CA,9.711799
tcr_26_1,E,C,V,H,69,6,N,CB,8.635844
tcr_26_1,E,C,V,H,69,6,N,CD2,7.8705926
tcr_26_1,E,C,V,Q,69,8,N,CD,6.736348
tcr_26_1,E,C,V,Q,69,8,N,OE1,7.2900114
tcr_26_1,E,C,V,H,69,6,N,C,9.419328
tcr_26_1,E,C,V,Q,69,8,N,NE2,5.4556804
tcr_26_1,E,C,V,H,69,6,N,O,8.326832
tcr_26_1,E,C,V,Q,69,8,N,CB,9.099936
tcr_26_1,E,C,V,Q,69,8,N,CG,7.68882
tcr_26_1,E,C,V,H,69,6,CA,ND1,8.752075
tcr_26_1,E,C,V,H,69,6,CA,CE1,8.749363
tcr_26_1,E,C,V,H,69,6,CA,N,9.842148
tcr_26_1,E,C,V,H,69,6,CA,CG,7.6593924
tcr_26_1,E,C,V,H,69,6,CA,NE2,7.693242
tcr_26_1,E,C,V,H,69,6,CA,CA,8.602073
tcr_26_1,E,C,V,H,69,6,CA,CB,7.659627
tcr_26_1,E,C,V,H,69,6,CA,CD2,6.909821
tcr_26_1,E,C,V,H,69,7,CA,N,9.213373
tcr_26_1,E,C,V,Q,69,8,CA,CD,5.353334
tcr_26_1,E,C,V,Q,69,8,CA,OE1,5.9784822
tcr_26_1,E,C,V,H,69,6,CA,C,8.16622
tcr_26_1,E,C,V,Q,69,8,CA,NE2,4.088946
tcr_26_1,E,C,V,H,69,6,CA,O,7.0276747
tcr_26_1,E,C,V,Q,69,8,CA,CB,7.6630716
tcr_26_1,E,C,V,Q,69,8,CA,CG,6.258641
tcr_26_1,E,C,V,H,69,7,CA,CA,9.294761
tcr_26_1,E,C,V,Q,69,8,CA,N,8.598555
tcr_26_1,E,C,V,H,69,7,CA,C,9.221508
tcr_26_1,E,C,V,H,69,7,CA,O,9.912417
tcr_26_1,E,C,V,Q,69,8,CA,CA,8.722227
tcr_26_1,E,C,V,H,69,6,C,ND1,9.685815
tcr_26_1,E,C,V,H,69,6,C,CE1,9.775404
tcr_26_1,E,C,V,H,69,6,C,CG,8.482478
tcr_26_1,E,C,V,H,69,6,C,NE2,8.69271
tcr_26_1,E,C,V,H,69,6,C,CA,9.039484
tcr_26_1,E,C,V,H,69,6,C,CB,8.29969
tcr_26_1,E,C,V,H,69,6,C,CD2,7.7778435
tcr_26_1,E,C,V,H,69,7,C,N,9.387614
tcr_26_1,E,C,V,Q,69,8,C,CD,4.4196196
tcr_26_1,E,C,V,Q,69,8,C,OE1,4.8475146
tcr_26_1,E,C,V,H,69,6,C,C,8.432727
tcr_26_1,E,C,V,Q,69,8,C,NE2,3.184494
tcr_26_1,E,C,V,H,69,6,C,O,7.2355075
tcr_26_1,E,C,V,Q,69,8,C,CB,6.901976
tcr_26_1,E,C,V,Q,69,8,C,CG,5.5784845
tcr_26_1,E,C,V,H,69,7,C,CA,9.301606
tcr_26_1,E,C,V,Q,69,8,C,N,8.226629
tcr_26_1,E,C,V,H,69,7,C,C,8.997151
tcr_26_1,E,C,V,H,69,7,C,O,9.639373
tcr_26_1,E,C,V,Q,69,8,C,CA,8.110086
tcr_26_1,E,C,V,Q,69,8,C,C,9.410972
tcr_26_1,E,C,V,Q,69,8,C,O,9.886146
tcr_26_1,E,C,V,H,69,6,O,ND1,9.444769
tcr_26_1,E,C,V,H,69,6,O,CE1,9.5817
tcr_26_1,E,C,V,H,69,6,O,N,9.814197
tcr_26_1,E,C,V,H,69,6,O,CG,8.172179
tcr_26_1,E,C,V,H,69,6,O,NE2,8.476162
tcr_26_1,E,C,V,H,69,6,O,CA,8.46937
tcr_26_1,E,C,V,H,69,6,O,CB,7.9137607
tcr_26_1,E,C,V,H,69,6,O,CD2,7.4755344
tcr_26_1,E,C,V,H,69,7,O,ND1,9.81384
tcr_26_1,E,C,V,H,69,7,O,N,8.565192
tcr_26_1,E,C,V,Q,69,8,O,CD,3.2071192
tcr_26_1,E,C,V,Q,69,8,O,OE1,3.6528425
tcr_26_1,E,C,V,H,69,6,O,C,7.707401
tcr_26_1,E,C,V,Q,69,8,O,NE2,2.01238
tcr_26_1,E,C,V,H,69,6,O,O,6.487333
tcr_26_1,E,C,V,Q,69,8,O,CB,5.6963105
tcr_26_1,E,C,V,Q,69,8,O,CG,4.4163
tcr_26_1,E,C,V,H,69,7,O,CA,8.359029
tcr_26_1,E,C,V,H,69,7,O,CB,9.7301235
tcr_26_1,E,C,V,Q,69,8,O,N,7.1205263
tcr_26_1,E,C,V,H,69,7,O,C,7.9623075
tcr_26_1,E,C,V,H,69,7,O,O,8.6144085
tcr_26_1,E,C,V,Q,69,8,O,CA,6.9421134
tcr_26_1,E,C,V,Q,69,8,O,C,8.211982
tcr_26_1,E,C,V,V,69,9,O,N,8.933145
tcr_26_1,E,C,V,Q,69,8,O,O,8.680702
tcr_26_1,E,C,V,V,69,9,O,O,9.289829
tcr_26_1,E,C,V,D,69,4,CB,OD1,9.469601
tcr_26_1,E,C,V,H,69,6,CB,ND1,7.4425025
tcr_26_1,E,C,V,H,69,6,CB,CE1,7.5835404
tcr_26_1,E,C,V,H,69,6,CB,N,8.493182
tcr_26_1,E,C,V,H,69,6,CB,CG,6.3309536
tcr_26_1,E,C,V,H,69,6,CB,NE2,6.638865
tcr_26_1,E,C,V,H,69,6,CB,CA,7.2466245
tcr_26_1,E,C,V,H,69,6,CB,CB,6.2336
tcr_26_1,E,C,V,H,69,6,CB,CD2,5.74124
tcr_26_1,E,C,V,H,69,7,CB,ND1,9.540519
tcr_26_1,E,C,V,H,69,7,CB,N,8.113511
tcr_26_1,E,C,V,Q,69,8,CB,CD,5.26169
tcr_26_1,E,C,V,Q,69,8,CB,OE1,6.143004
tcr_26_1,E,C,V,H,69,6,CB,C,6.972731
tcr_26_1,E,C,V,Q,69,8,CB,NE2,4.0151854
tcr_26_1,E,C,V,H,69,6,CB,O,5.9068584
tcr_26_1,E,C,V,Q,69,8,CB,CB,7.329858
tcr_26_1,E,C,V,Q,69,8,CB,CG,5.8333364
tcr_26_1,E,C,V,H,69,7,CB,CA,8.3835945
tcr_26_1,E,C,V,N,69,5,CB,C,9.699878
tcr_26_1,E,C,V,N,69,5,CB,O,9.979524
tcr_26_1,E,C,V,H,69,7,CB,CB,9.812044
tcr_26_1,E,C,V,Q,69,8,CB,N,7.9368706
tcr_26_1,E,C,V,H,69,7,CB,C,8.370943
tcr_26_1,E,C,V,H,69,7,CB,O,8.982556
tcr_26_1,E,C,V,Q,69,8,CB,CA,8.174489
tcr_26_1,E,C,V,Q,69,8,CB,C,9.643493
tcr_26_1,E,C,V,D,69,4,CG1,O,9.316722
tcr_26_1,E,C,V,D,69,4,CG1,OD1,8.476863
tcr_26_1,E,C,V,D,69,4,CG1,OD2,8.867004
tcr_26_1,E,C,V,D,69,4,CG1,CG,8.97904
tcr_26_1,E,C,V,D,69,4,CG1,C,9.879971
tcr_26_1,E,C,V,H,69,6,CG1,ND1,6.586567
tcr_26_1,E,C,V,H,69,6,CG1,CE1,6.587002
tcr_26_1,E,C,V,H,69,6,CG1,N,8.153199
tcr_26_1,E,C,V,H,69,6,CG1,CG,5.6652474
tcr_26_1,E,C,V,H,69,6,CG1,NE2,5.6978736
tcr_26_1,E,C,V,H,69,6,CG1,CA,7.0738964
tcr_26_1,E,C,V,H,69,6,CG1,CB,5.8542485
tcr_26_1,E,C,V,H,69,6,CG1,CD2,5.0239925
tcr_26_1,E,C,V,H,69,7,CG1,ND1,9.372256
tcr_26_1,E,C,V,H,69,7,CG1,N,8.180749
tcr_26_1,E,C,V,Q,69,8,CG1,CD,6.4846663
tcr_26_1,E,C,V,Q,69,8,CG1,OE1,7.419974
tcr_26_1,E,C,V,H,69,6,CG1,C,7.001949
tcr_26_1,E,C,V,Q,69,8,CG1,NE2,5.323576
tcr_26_1,E,C,V,H,69,6,CG1,O,6.073186
tcr_26_1,E,C,V,Q,69,8,CG1,CB,8.325555
tcr_26_1,E,C,V,Q,69,8,CG1,CG,6.861985
tcr_26_1,E,C,V,H,69,7,CG1,CA,8.606757
tcr_26_1,E,C,V,N,69,5,CG1,C,9.434279
tcr_26_1,E,C,V,N,69,5,CG1,O,9.89643
tcr_26_1,E,C,V,H,69,7,CG1,CB,9.965847
tcr_26_1,E,C,V,Q,69,8,CG1,N,8.564569
tcr_26_1,E,C,V,H,69,7,CG1,C,8.84961
tcr_26_1,E,C,V,H,69,7,CG1,O,9.508041
tcr_26_1,E,C,V,Q,69,8,CG1,CA,9.024693
tcr_26_1,E,C,V,D,69,4,CG2,OD1,9.568986
tcr_26_1,E,C,V,H,69,6,CG2,ND1,7.8982053
tcr_26_1,E,C,V,H,69,6,CG2,CE1,8.254167
tcr_26_1,E,C,V,H,69,6,CG2,N,8.73576
tcr_26_1,E,C,V,H,69,6,CG2,CG,6.785481
tcr_26_1,E,C,V,H,69,6,CG2,NE2,7.485709
tcr_26_1,E,C,V,H,69,6,CG2,CA,7.4257627
tcr_26_1,E,C,V,H,69,6,CG2,CB,6.405405
tcr_26_1,E,C,V,H,69,6,CG2,CD2,6.4811974
tcr_26_1,E,C,V,H,69,7,CG2,N,8.542376
tcr_26_1,E,C,V,Q,69,8,CG2,CD,5.692671
tcr_26_1,E,C,V,Q,69,8,CG2,OE1,6.5905867
tcr_26_1,E,C,V,H,69,6,CG2,C,7.3348184
tcr_26_1,E,C,V,Q,69,8,CG2,NE2,4.4434395
tcr_26_1,E,C,V,H,69,6,CG2,O,6.3501897
tcr_26_1,E,C,V,Q,69,8,CG2,CB,7.754887
tcr_26_1,E,C,V,Q,69,8,CG2,CG,6.220437
tcr_26_1,E,C,V,H,69,7,CG2,CA,8.937921
tcr_26_1,E,C,V,N,69,5,CG2,C,9.899029
tcr_26_1,E,C,V,Q,69,8,CG2,N,8.434696
tcr_26_1,E,C,V,H,69,7,CG2,C,8.775541
tcr_26_1,E,C,V,H,69,7,CG2,O,9.198488
tcr_26_1,E,C,V,Q,69,8,CG2,CA,8.528033
tcr_26_1,E,C,G,H,70,6,N,CG,9.729862
tcr_26_1,E,C,G,H,70,6,N,NE2,9.963841
tcr_26_1,E,C,G,H,70,6,N,CB,9.497423
tcr_26_1,E,C,G,H,70,6,N,CD2,9.06094
tcr_26_1,E,C,G,Q,70,8,N,CD,5.2419405
tcr_26_1,E,C,G,Q,70,8,N,OE1,5.4552665
tcr_26_1,E,C,G,H,70,6,N,C,9.670225
tcr_26_1,E,C,G,Q,70,8,N,NE2,4.093233
tcr_26_1,E,C,G,H,70,6,N,O,8.478075
tcr_26_1,E,C,G,Q,70,8,N,CB,7.7807283
tcr_26_1,E,C,G,Q,70,8,N,CG,6.5305924
tcr_26_1,E,C,G,Q,70,8,N,N,9.313405
tcr_26_1,E,C,G,Q,70,8,N,CA,9.057418
tcr_26_1,E,C,G,Q,70,8,CA,CD,5.1613126
tcr_26_1,E,C,G,Q,70,8,CA,OE1,5.0890307
tcr_26_1,E,C,G,Q,70,8,CA,NE2,4.2418265
tcr_26_1,E,C,G,H,70,6,CA,O,9.133771
tcr_26_1,E,C,G,Q,70,8,CA,CB,7.659241
tcr_26_1,E,C,G,Q,70,8,CA,CG,6.5792074
tcr_26_1,E,C,G,Q,70,8,CA,N,9.487461
tcr_26_1,E,C,G,Q,70,8,CA,CA,9.019576
tcr_26_1,E,C,G,Q,70,8,C,CD,6.580186
tcr_26_1,E,C,G,Q,70,8,C,OE1,6.4472446
tcr_26_1,E,C,G,Q,70,8,C,NE2,5.6880846
tcr_26_1,E,C,G,Q,70,8,C,CB,9.038662
tcr_26_1,E,C,G,Q,70,8,C,CG,7.982889
tcr_26_1,E,C,G,Q,70,8,O,CD,7.40689
tcr_26_1,E,C,G,Q,70,8,O,OE1,7.4198384
tcr_26_1,E,C,G,Q,70,8,O,NE2,6.387286
tcr_26_1,E,C,G,Q,70,8,O,CB,9.902085
tcr_26_1,E,C,G,Q,70,8,O,CG,8.736696
tcr_26_1,E,C,A,Q,71,8,N,CD,7.0772057
tcr_26_1,E,C,A,Q,71,8,N,OE1,6.7330213
tcr_26_1,E,C,A,Q,71,8,N,NE2,6.378995
tcr_26_1,E,C,A,Q,71,8,N,CB,9.41023
tcr_26_1,E,C,A,Q,71,8,N,CG,8.519601
tcr_26_1,E,C,A,Q,71,8,CA,CD,8.474385
tcr_26_1,E,C,A,Q,71,8,CA,OE1,8.117742
tcr_26_1,E,C,A,Q,71,8,CA,NE2,7.779578
tcr_26_1,E,C,A,Q,71,8,CA,CG,9.892669
tcr_26_1,E,C,A,Q,71,8,C,CD,8.872898
tcr_26_1,E,C,A,Q,71,8,C,OE1,8.658092
tcr_26_1,E,C,A,Q,71,8,C,NE2,8.118703
tcr_26_1,E,C,A,Q,71,8,O,CD,8.386684
tcr_26_1,E,C,A,Q,71,8,O,OE1,8.203624
tcr_26_1,E,C,A,Q,71,8,O,NE2,7.7046356
tcr_26_1,E,C,A,Q,71,8,O,CG,9.609477
tcr_26_1,E,C,A,Q,71,8,CB,CD,9.023627
tcr_26_1,E,C,A,Q,71,8,CB,OE1,8.481903
tcr_26_1,E,C,A,Q,71,8,CB,NE2,8.519844
tcr_26_1,E,C,G,Q,72,8,N,CD,9.9841585
tcr_26_1,E,C,G,Q,72,8,N,OE1,9.8445635
tcr_26_1,E,C,G,Q,72,8,N,NE2,9.136878
tcr_26_1,E,C,G,Q,72,8,CA,NE2,9.839845
tcr_26_1,E,C,G,Q,72,8,C,NE2,9.390427
tcr_26_1,E,C,I,Q,73,8,N,CD,9.454574
tcr_26_1,E,C,I,Q,73,8,N,OE1,9.664332
tcr_26_1,E,C,I,Q,73,8,N,NE2,8.389645
tcr_26_1,E,C,I,Q,73,8,CA,CD,9.34105
tcr_26_1,E,C,I,Q,73,8,CA,OE1,9.730937
tcr_26_1,E,C,I,Q,73,8,CA,NE2,8.188838
tcr_26_1,E,C,I,Q,73,8,C,CD,9.657366
tcr_26_1,E,C,I,Q,73,8,C,NE2,8.423359
tcr_26_1,E,C,I,Q,73,8,O,CD,9.069906
tcr_26_1,E,C,I,Q,73,8,O,OE1,9.435663
tcr_26_1,E,C,I,Q,73,8,O,NE2,7.826111
tcr_26_1,E,C,I,Q,73,8,CB,CD,8.1042795
tcr_26_1,E,C,I,Q,73,8,CB,OE1,8.593388
tcr_26_1,E,C,I,Q,73,8,CB,NE2,6.9698496
tcr_26_1,E,C,I,Q,73,8,CB,CG,8.967537
tcr_26_1,E,C,I,Q,73,8,CG1,CD,8.165726
tcr_26_1,E,C,I,Q,73,8,CG1,OE1,8.596882
tcr_26_1,E,C,I,Q,73,8,CG1,NE2,7.18702
tcr_26_1,E,C,I,Q,73,8,CG1,CG,8.958321
tcr_26_1,E,C,I,H,73,6,CG2,CG,9.818331
tcr_26_1,E,C,I,H,73,6,CG2,CB,9.233233
tcr_26_1,E,C,I,H,73,6,CG2,CD2,9.774375
tcr_26_1,E,C,I,Q,73,8,CG2,CD,8.409718
tcr_26_1,E,C,I,Q,73,8,CG2,OE1,9.083024
tcr_26_1,E,C,I,Q,73,8,CG2,NE2,7.2283726
tcr_26_1,E,C,I,H,73,6,CG2,O,9.567001
tcr_26_1,E,C,I,Q,73,8,CG2,CG,9.080095
tcr_26_1,E,C,I,H,73,6,CD1,CB,9.463883
tcr_26_1,E,C,I,Q,73,8,CD1,CD,7.269726
tcr_26_1,E,C,I,Q,73,8,CD1,OE1,7.7956123
tcr_26_1,E,C,I,Q,73,8,CD1,NE2,6.3955617
tcr_26_1,E,C,I,H,73,6,CD1,O,9.202365
tcr_26_1,E,C,I,Q,73,8,CD1,CB,9.140713
tcr_26_1,E,C,I,Q,73,8,CD1,CG,7.881449
tcr_26_1,E,C,I,Q,73,8,CD1,CA,9.8811245
tcr_26_1,E,C,T,Q,74,8,N,NE2,9.516597
tcr_26_1,E,C,D,H,75,6,CB,CD2,9.951189
tcr_26_1,E,C,D,D,75,4,CG,OD1,9.900915
tcr_26_1,E,C,D,D,75,4,CG,OD2,9.899148
tcr_26_1,E,C,D,D,75,4,OD2,OD1,8.842913
tcr_26_1,E,C,D,D,75,4,OD2,OD2,9.011498
tcr_26_1,E,C,D,D,75,4,OD2,CG,9.449988
tcr_26_1,E,C,D,H,75,6,OD2,ND1,9.394708
tcr_26_1,E,C,D,H,75,6,OD2,CE1,9.683037
tcr_26_1,E,C,D,H,75,6,OD2,CG,9.239645
tcr_26_1,E,C,D,H,75,6,OD2,NE2,9.717107
tcr_26_1,E,C,D,H,75,6,OD2,CB,9.241853
tcr_26_1,E,C,D,H,75,6,OD2,CD2,9.441944
tcr_26_1,E,C,R,Q,87,8,CG,NE2,9.977007
tcr_26_1,E,C,R,Q,87,8,CD,CD,9.830444
tcr_26_1,E,C,R,Q,87,8,CD,OE1,9.636511
tcr_26_1,E,C,R,Q,87,8,CD,NE2,8.895365
tcr_26_1,E,C,R,Q,87,8,NE,CD,9.448763
tcr_26_1,E,C,R,Q,87,8,NE,OE1,9.114873
tcr_26_1,E,C,R,Q,87,8,NE,NE2,8.651034
tcr_26_1,E,C,R,Q,87,8,CZ,CD,8.439596
tcr_26_1,E,C,R,Q,87,8,CZ,OE1,8.101321
tcr_26_1,E,C,R,Q,87,8,CZ,NE2,7.6881013
tcr_26_1,E,C,R,Q,87,8,CZ,CG,9.896784
tcr_26_1,E,C,R,Q,87,8,NH1,CD,7.592073
tcr_26_1,E,C,R,Q,87,8,NH1,OE1,7.410828
tcr_26_1,E,C,R,Q,87,8,NH1,NE2,6.7288146
tcr_26_1,E,C,R,Q,87,8,NH1,CB,9.967271
tcr_26_1,E,C,R,Q,87,8,NH1,CG,9.000234
tcr_26_1,E,C,R,Q,87,8,NH2,CD,8.465514
tcr_26_1,E,C,R,Q,87,8,NH2,OE1,7.985796
tcr_26_1,E,C,R,Q,87,8,NH2,NE2,7.8847876
tcr_26_1,E,C,R,Q,87,8,NH2,CG,9.918576
tcr_26_1,E,C,T,Q,90,8,CA,OE1,9.299898
tcr_26_1,E,C,T,Q,90,8,CA,NE2,9.769003
tcr_26_1,E,C,T,Q,90,8,O,OE1,9.903594
tcr_26_1,E,C,T,Q,90,8,CB,CD,9.582956
tcr_26_1,E,C,T,Q,90,8,CB,OE1,8.66183
tcr_26_1,E,C,T,Q,90,8,CB,NE2,9.459377
tcr_26_1,E,C,T,Q,90,8,OG1,CD,8.961562
tcr_26_1,E,C,T,Q,90,8,OG1,OE1,8.016529
tcr_26_1,E,C,T,Q,90,8,OG1,NE2,8.888435
tcr_26_1,E,C,T,Q,90,8,CG2,CD,8.7368
tcr_26_1,E,C,T,Q,90,8,CG2,OE1,7.803039
tcr_26_1,E,C,T,Q,90,8,CG2,NE2,8.679741
tcr_26_1,E,C,Q,Q,113,8,C,CD,9.186917
tcr_26_1,E,C,Q,Q,113,8,C,OE1,9.007761
tcr_26_1,E,C,Q,Q,113,8,C,NE2,9.120858
tcr_26_1,E,C,Q,Q,113,8,C,CG,9.810104
tcr_26_1,E,C,Q,H,113,6,O,NE2,9.951452
tcr_26_1,E,C,Q,H,113,6,O,CD2,9.834004
tcr_26_1,E,C,Q,H,113,7,O,ND1,9.969967
tcr_26_1,E,C,Q,Q,113,8,O,CD,8.096279
tcr_26_1,E,C,Q,Q,113,8,O,OE1,7.924813
tcr_26_1,E,C,Q,Q,113,8,O,NE2,7.970726
tcr_26_1,E,C,Q,Q,113,8,O,CB,9.118964
tcr_26_1,E,C,Q,Q,113,8,O,CG,8.809344
tcr_26_1,E,C,Q,Q,113,8,O,N,9.829708
tcr_26_1,E,C,Q,H,113,6,CB,NE2,9.785071
tcr_26_1,E,C,Q,H,113,6,CG,NE2,9.425974
tcr_26_1,E,C,Q,H,113,7,CG,CE1,9.696963
tcr_26_1,E,C,Q,H,113,6,CG,CD2,9.834782
tcr_26_1,E,C,Q,H,113,7,CG,ND1,9.609379
tcr_26_1,E,C,Q,H,113,6,CD,CE1,9.72017
tcr_26_1,E,C,Q,H,113,6,CD,NE2,8.653511
tcr_26_1,E,C,Q,H,113,7,CD,CE1,9.167795
tcr_26_1,E,C,Q,H,113,6,CD,CD2,9.251447
tcr_26_1,E,C,Q,H,113,7,CD,ND1,9.257512
tcr_26_1,E,C,Q,H,113,6,OE1,CE1,9.27834
tcr_26_1,E,C,Q,H,113,6,OE1,NE2,8.239959
tcr_26_1,E,C,Q,H,113,7,OE1,CE1,9.454439
tcr_26_1,E,C,Q,H,113,6,OE1,CD2,8.90718
tcr_26_1,E,C,Q,H,113,7,OE1,ND1,9.566788
tcr_26_1,E,C,Q,H,113,7,NE2,NE2,9.801461
tcr_26_1,E,C,Q,H,113,6,NE2,CE1,9.678442
tcr_26_1,E,C,Q,H,113,6,NE2,NE2,8.704375
tcr_26_1,E,C,Q,H,113,7,NE2,CE1,8.610857
tcr_26_1,E,C,Q,H,113,6,NE2,CD2,9.391478
tcr_26_1,E,C,Q,H,113,7,NE2,ND1,8.848423
tcr_26_1,E,C,K,Q,114,8,N,CD,9.518651
tcr_26_1,E,C,K,Q,114,8,N,OE1,9.271107
tcr_26_1,E,C,K,Q,114,8,N,NE2,9.626829
tcr_26_1,E,C,K,H,114,7,CA,ND1,9.482224
tcr_26_1,E,C,K,Q,114,8,CA,CD,8.691893
tcr_26_1,E,C,K,Q,114,8,CA,OE1,8.365672
tcr_26_1,E,C,K,Q,114,8,CA,NE2,8.977221
tcr_26_1,E,C,K,Q,114,8,CA,CB,8.974675
tcr_26_1,E,C,K,Q,114,8,CA,CG,9.128189
tcr_26_1,E,C,K,Q,114,8,CA,N,9.502444
tcr_26_1,E,C,K,Q,114,8,CA,CA,9.858607
tcr_26_1,E,C,K,Q,114,8,CA,O,9.408825
tcr_26_1,E,C,K,H,114,7,C,NE2,9.776363
tcr_26_1,E,C,K,H,114,6,C,NE2,9.532283
tcr_26_1,E,C,K,H,114,7,C,CE1,8.5615835
tcr_26_1,E,C,K,H,114,6,C,CD2,9.389802
tcr_26_1,E,C,K,H,114,7,C,ND1,7.96645
tcr_26_1,E,C,K,H,114,7,C,N,9.807372
tcr_26_1,E,C,K,Q,114,8,C,CD,7.7903996
tcr_26_1,E,C,K,Q,114,8,C,OE1,7.627151
tcr_26_1,E,C,K,H,114,6,C,C,9.887952
tcr_26_1,E,C,K,Q,114,8,C,NE2,8.1004505
tcr_26_1,E,C,K,H,114,6,C,O,9.100484
tcr_26_1,E,C,K,Q,114,8,C,CB,7.9177146
tcr_26_1,E,C,K,Q,114,8,C,CG,8.04572
tcr_26_1,E,C,K,H,114,7,C,CA,8.828838
tcr_26_1,E,C,K,H,114,7,C,CG,8.953875
tcr_26_1,E,C,K,H,114,7,C,CB,9.103545
tcr_26_1,E,C,K,Q,114,8,C,N,8.1956835
tcr_26_1,E,C,K,H,114,7,C,C,9.149005
tcr_26_1,E,C,K,Q,114,8,C,CA,8.687289
tcr_26_1,E,C,K,Q,114,8,C,C,9.034863
tcr_26_1,E,C,K,Q,114,8,C,O,8.33098
tcr_26_1,E,C,K,H,114,7,O,NE2,9.076629
tcr_26_1,E,C,K,H,114,6,O,NE2,8.926301
tcr_26_1,E,C,K,H,114,7,O,CE1,7.842317
tcr_26_1,E,C,K,H,114,6,O,CD2,8.942391
tcr_26_1,E,C,K,H,114,7,O,ND1,7.410045
tcr_26_1,E,C,K,H,114,7,O,N,9.572126
tcr_26_1,E,C,K,Q,114,8,O,CD,8.384111
tcr_26_1,E,C,K,Q,114,8,O,OE1,8.373964
tcr_26_1,E,C,K,H,114,6,O,C,9.68278
tcr_26_1,E,C,K,Q,114,8,O,NE2,8.633212
tcr_26_1,E,C,K,H,114,6,O,O,8.991604
tcr_26_1,E,C,K,Q,114,8,O,CB,8.427254
tcr_26_1,E,C,K,Q,114,8,O,CG,8.4951
tcr_26_1,E,C,K,H,114,7,O,CA,8.670568
tcr_26_1,E,C,K,H,114,7,O,CG,8.504575
tcr_26_1,E,C,K,H,114,7,O,CD2,9.457717
tcr_26_1,E,C,K,H,114,7,O,CB,8.850497
tcr_26_1,E,C,K,Q,114,8,O,N,8.373797
tcr_26_1,E,C,K,H,114,7,O,C,9.18899
tcr_26_1,E,C,K,Q,114,8,O,CA,9.049964
tcr_26_1,E,C,K,Q,114,8,O,C,9.444299
tcr_26_1,E,C,K,Q,114,8,O,O,8.729195
tcr_26_1,E,C,K,Q,114,8,CB,CD,9.751813
tcr_26_1,E,C,K,Q,114,8,CB,OE1,9.351811
tcr_26_1,E,C,K,Q,114,8,CB,CB,9.730747
tcr_26_1,E,C,K,Q,114,8,CB,O,9.715952
tcr_26_1,E,C,K,H,114,7,CG,ND1,9.833695
tcr_26_1,E,C,K,Q,114,8,CG,CD,9.318261
tcr_26_1,E,C,K,Q,114,8,CG,OE1,8.816475
tcr_26_1,E,C,K,Q,114,8,CG,NE2,9.92257
tcr_26_1,E,C,K,Q,114,8,CG,CB,9.015415
tcr_26_1,E,C,K,Q,114,8,CG,CG,9.577465
tcr_26_1,E,C,K,Q,114,8,CG,N,9.5355835
tcr_26_1,E,C,K,Q,114,8,CG,CA,9.743741
tcr_26_1,E,C,K,Q,114,8,CG,C,9.630771
tcr_26_1,E,C,K,Q,114,8,CG,O,8.707553
tcr_26_1,E,C,K,V,114,9,CG,O,9.895884
tcr_26_1,E,C,K,Q,114,8,CD,O,9.407756
tcr_26_1,E,C,K,Q,114,8,CE,OE1,9.846897
tcr_26_1,E,C,K,Q,114,8,CE,CB,9.683494
tcr_26_1,E,C,K,Q,114,8,CE,C,9.739005
tcr_26_1,E,C,K,Q,114,8,CE,O,8.677851
tcr_26_1,E,C,K,V,114,9,CE,O,9.50095
tcr_26_1,E,C,K,V,114,9,CE,C,9.825575
tcr_26_1,E,C,K,V,114,9,CE,OXT,9.668792
tcr_26_1,E,C,K,Q,114,8,NZ,O,9.618236
tcr_26_1,E,C,S,H,115,7,N,NE2,9.433209
tcr_26_1,E,C,S,H,115,6,N,NE2,9.245913
tcr_26_1,E,C,S,H,115,7,N,CE1,8.25614
tcr_26_1,E,C,S,H,115,6,N,CD2,8.918675
tcr_26_1,E,C,S,H,115,7,N,ND1,7.479397
tcr_26_1,E,C,S,H,115,7,N,N,8.967972
tcr_26_1,E,C,S,Q,115,8,N,CD,6.5832295
tcr_26_1,E,C,S,Q,115,8,N,OE1,6.3832164
tcr_26_1,E,C,S,H,115,6,N,C,9.048928
tcr_26_1,E,C,S,Q,115,8,N,NE2,7.0054436
tcr_26_1,E,C,S,H,115,6,N,O,8.215443
tcr_26_1,E,C,S,Q,115,8,N,CB,6.629639
tcr_26_1,E,C,S,Q,115,8,N,CG,6.8218493
tcr_26_1,E,C,S,H,115,7,N,CA,7.9304624
tcr_26_1,E,C,S,H,115,7,N,CG,8.338645
tcr_26_1,E,C,S,H,115,7,N,CD2,9.492257
tcr_26_1,E,C,S,H,115,7,N,CB,8.297159
tcr_26_1,E,C,S,Q,115,8,N,N,7.0592856
tcr_26_1,E,C,S,H,115,7,N,C,8.09357
tcr_26_1,E,C,S,H,115,7,N,O,9.251973
tcr_26_1,E,C,S,Q,115,8,N,CA,7.4480014
tcr_26_1,E,C,S,Q,115,8,N,C,7.795494
tcr_26_1,E,C,S,V,115,9,N,N,9.037738
tcr_26_1,E,C,S,Q,115,8,N,O,7.136952
tcr_26_1,E,C,S,V,115,9,N,CA,9.784022
tcr_26_1,E,C,S,V,115,9,N,O,8.848774
tcr_26_1,E,C,S,V,115,9,N,C,9.421059
tcr_26_1,E,C,S,V,115,9,N,OXT,9.938941
tcr_26_1,E,C,S,H,115,7,CA,NE2,8.099953
tcr_26_1,E,C,S,H,115,6,CA,ND1,9.731864
tcr_26_1,E,C,S,H,115,6,CA,CE1,9.341925
tcr_26_1,E,C,S,H,115,6,CA,N,9.688731
tcr_26_1,E,C,S,H,115,6,CA,CG,8.816208
tcr_26_1,E,C,S,H,115,6,CA,NE2,8.1326885
tcr_26_1,E,C,S,H,115,6,CA,CA,9.026555
tcr_26_1,E,C,S,H,115,7,CA,CE1,6.943226
tcr_26_1,E,C,S,H,115,6,CA,CB,9.201674
tcr_26_1,E,C,S,H,115,6,CA,CD2,7.7395487
tcr_26_1,E,C,S,H,115,7,CA,ND1,6.0855603
tcr_26_1,E,C,S,H,115,7,CA,N,7.5196676
tcr_26_1,E,C,S,Q,115,8,CA,CD,5.881293
tcr_26_1,E,C,S,Q,115,8,CA,OE1,5.8908715
tcr_26_1,E,C,S,H,115,6,CA,C,7.6512027
tcr_26_1,E,C,S,Q,115,8,CA,NE2,6.3643975
tcr_26_1,E,C,S,H,115,6,CA,O,6.876484
tcr_26_1,E,C,S,Q,115,8,CA,CB,5.652971
tcr_26_1,E,C,S,Q,115,8,CA,CG,5.84457
tcr_26_1,E,C,S,H,115,7,CA,CA,6.4781175
tcr_26_1,E,C,S,H,115,7,CA,CG,6.9101577
tcr_26_1,E,C,S,H,115,7,CA,CD2,8.094716
tcr_26_1,E,C,S,H,115,7,CA,CB,6.8536015
tcr_26_1,E,C,S,Q,115,8,CA,N,5.748393
tcr_26_1,E,C,S,H,115,7,CA,C,6.7104917
tcr_26_1,E,C,S,H,115,7,CA,O,7.8926463
tcr_26_1,E,C,S,Q,115,8,CA,CA,6.299556
tcr_26_1,E,C,S,Q,115,8,CA,C,6.7281837
tcr_26_1,E,C,S,V,115,9,CA,N,8.024525
tcr_26_1,E,C,S,Q,115,8,CA,O,6.109913
tcr_26_1,E,C,S,V,115,9,CA,CA,8.864981
tcr_26_1,E,C,S,V,115,9,CA,O,8.229632
tcr_26_1,E,C,S,V,115,9,CA,C,8.701301
tcr_26_1,E,C,S,V,115,9,CA,OXT,9.301934
tcr_26_1,E,C,S,H,115,7,C,NE2,7.212101
tcr_26_1,E,C,S,H,115,6,C,ND1,9.863101
tcr_26_1,E,C,S,H,115,6,C,CE1,9.463286
tcr_26_1,E,C,S,H,115,6,C,N,9.577801
tcr_26_1,E,C,S,H,115,6,C,CG,9.059289
tcr_26_1,E,C,S,H,115,6,C,NE2,8.364332
tcr_26_1,E,C,S,H,115,6,C,CA,9.105964
tcr_26_1,E,C,S,H,115,7,C,CE1,6.138654
tcr_26_1,E,C,S,H,115,6,C,CB,9.476306
tcr_26_1,E,C,S,H,115,6,C,CD2,8.06442
tcr_26_1,E,C,S,H,115,7,C,ND1,5.3655457
tcr_26_1,E,C,S,H,115,7,C,N,7.323006
tcr_26_1,E,C,S,Q,115,8,C,CD,6.8777714
tcr_26_1,E,C,S,Q,115,8,C,OE1,6.927266
tcr_26_1,E,C,S,H,115,6,C,C,7.704289
tcr_26_1,E,C,S,Q,115,8,C,NE2,7.493531
tcr_26_1,E,C,S,H,115,6,C,O,7.140718
tcr_26_1,E,C,S,Q,115,8,C,CB,6.117639
tcr_26_1,E,C,S,Q,115,8,C,CG,6.5504375
tcr_26_1,E,C,S,H,115,7,C,CA,6.1726685
tcr_26_1,E,C,S,H,115,7,C,CG,6.148362
tcr_26_1,E,C,S,H,115,7,C,CD2,7.2294335
tcr_26_1,E,C,S,H,115,7,C,CB,6.207421
tcr_26_1,E,C,S,Q,115,8,C,N,5.7306743
tcr_26_1,E,C,S,H,115,7,C,C,6.5424013
tcr_26_1,E,C,S,H,115,7,C,O,7.716276
tcr_26_1,E,C,S,Q,115,8,C,CA,6.4331756
tcr_26_1,E,C,S,Q,115,8,C,C,6.626133
tcr_26_1,E,C,S,V,115,9,C,N,7.934979
tcr_26_1,E,C,S,Q,115,8,C,O,5.818144
tcr_26_1,E,C,S,V,115,9,C,CA,8.642008
tcr_26_1,E,C,S,V,115,9,C,O,8.288261
tcr_26_1,E,C,S,V,115,9,C,C,8.552817
tcr_26_1,E,C,S,V,115,9,C,OXT,9.022293
tcr_26_1,E,C,S,H,115,7,O,NE2,7.858959
tcr_26_1,E,C,S,H,115,6,O,NE2,9.488226
tcr_26_1,E,C,S,H,115,7,O,CE1,6.862421
tcr_26_1,E,C,S,H,115,6,O,CD2,9.247407
tcr_26_1,E,C,S,H,115,7,O,ND1,6.1945834
tcr_26_1,E,C,S,H,115,7,O,N,8.349998
tcr_26_1,E,C,S,Q,115,8,O,CD,7.8306346
tcr_26_1,E,C,S,Q,115,8,O,OE1,7.7418776
tcr_26_1,E,C,S,H,115,6,O,C,8.823759
tcr_26_1,E,C,S,Q,115,8,O,NE2,8.516582
tcr_26_1,E,C,S,H,115,6,O,O,8.308454
tcr_26_1,E,C,S,Q,115,8,O,CB,6.953768
tcr_26_1,E,C,S,Q,115,8,O,CG,7.5443807
tcr_26_1,E,C,S,H,115,7,O,CA,7.1363196
tcr_26_1,E,C,S,H,115,7,O,CG,6.9168267
tcr_26_1,E,C,S,H,115,7,O,CD2,7.901333
tcr_26_1,E,C,S,H,115,7,O,CB,6.9935822
tcr_26_1,E,C,S,Q,115,8,O,N,6.641475
tcr_26_1,E,C,S,H,115,7,O,C,7.459149
tcr_26_1,E,C,S,H,115,7,O,O,8.586731
tcr_26_1,E,C,S,Q,115,8,O,CA,7.2457614
tcr_26_1,E,C,S,Q,115,8,O,C,7.2187705
tcr_26_1,E,C,S,V,115,9,O,N,8.474346
tcr_26_1,E,C,S,Q,115,8,O,O,6.2688456
tcr_26_1,E,C,S,V,115,9,O,CA,9.003807
tcr_26_1,E,C,S,V,115,9,O,O,8.560568
tcr_26_1,E,C,S,V,115,9,O,C,8.777421
tcr_26_1,E,C,S,V,115,9,O,OXT,9.085441
tcr_26_1,E,C,S,H,115,7,CB,NE2,8.378703
tcr_26_1,E,C,S,H,115,6,CB,ND1,9.650359
tcr_26_1,E,C,S,H,115,6,CB,CE1,9.461777
tcr_26_1,E,C,S,H,115,6,CB,N,9.311736
tcr_26_1,E,C,S,H,115,6,CB,CG,8.582551
tcr_26_1,E,C,S,H,115,6,CB,NE2,8.274374
tcr_26_1,E,C,S,H,115,6,CB,CA,8.483243
tcr_26_1,E,C,S,H,115,7,CB,CE1,7.316017
tcr_26_1,E,C,S,H,115,6,CB,CB,8.723821
tcr_26_1,E,C,S,H,115,6,CB,CD2,7.632171
tcr_26_1,E,C,S,H,115,7,CB,ND1,6.2481246
tcr_26_1,E,C,S,H,115,7,CB,N,6.9711094
tcr_26_1,E,C,S,Q,115,8,CB,CD,4.4882736
tcr_26_1,E,C,S,Q,115,8,CB,OE1,4.4437037
tcr_26_1,E,C,S,H,115,6,CB,C,7.0493026
tcr_26_1,E,C,S,Q,115,8,CB,NE2,5.141974
tcr_26_1,E,C,S,H,115,6,CB,O,6.179991
tcr_26_1,E,C,S,Q,115,8,CB,CB,4.19715
tcr_26_1,E,C,S,Q,115,8,CB,CG,4.4597187
tcr_26_1,E,C,S,H,115,7,CB,CA,5.8874106
tcr_26_1,E,C,S,N,115,5,CB,C,9.927683
tcr_26_1,E,C,S,H,115,7,CB,CG,6.8403697
tcr_26_1,E,C,S,N,115,5,CB,O,9.8475685
tcr_26_1,E,C,S,H,115,7,CB,CD2,8.133746
tcr_26_1,E,C,S,H,115,7,CB,CB,6.465974
tcr_26_1,E,C,S,Q,115,8,CB,N,4.683651
tcr_26_1,E,C,S,H,115,7,CB,C,5.8074737
tcr_26_1,E,C,S,H,115,7,CB,O,6.918433
tcr_26_1,E,C,S,V,115,9,CB,CG1,9.631117
tcr_26_1,E,C,S,Q,115,8,CB,CA,5.002246
tcr_26_1,E,C,S,Q,115,8,CB,C,5.489621
tcr_26_1,E,C,S,V,115,9,CB,N,6.742885
tcr_26_1,E,C,S,Q,115,8,CB,O,5.0138507
tcr_26_1,E,C,S,V,115,9,CB,CA,7.6468363
tcr_26_1,E,C,S,V,115,9,CB,CB,9.094686
tcr_26_1,E,C,S,V,115,9,CB,O,6.908694
tcr_26_1,E,C,S,V,115,9,CB,C,7.471951
tcr_26_1,E,C,S,V,115,9,CB,CG2,9.4528265
tcr_26_1,E,C,S,V,115,9,CB,OXT,8.184431
tcr_26_1,E,C,S,H,115,7,OG,NE2,8.928487
tcr_26_1,E,C,S,H,115,6,OG,CG,9.657885
tcr_26_1,E,C,S,H,115,6,OG,NE2,9.498095
tcr_26_1,E,C,S,H,115,6,OG,CA,9.267679
tcr_26_1,E,C,S,H,115,7,OG,CE1,7.9844923
tcr_26_1,E,C,S,H,115,6,OG,CB,9.673171
tcr_26_1,E,C,S,H,115,6,OG,CD2,8.804012
tcr_26_1,E,C,S,H,115,7,OG,ND1,6.870594
tcr_26_1,E,C,S,H,115,7,OG,N,7.535838
tcr_26_1,E,C,S,Q,115,8,OG,CD,4.848939
tcr_26_1,E,C,S,Q,115,8,OG,OE1,4.5352635
tcr_26_1,E,C,S,H,115,6,OG,C,7.7711887
tcr_26_1,E,C,S,Q,115,8,OG,NE2,5.757597
tcr_26_1,E,C,S,H,115,6,OG,O,6.9766073
tcr_26_1,E,C,S,Q,115,8,OG,CB,4.066119
tcr_26_1,E,C,S,Q,115,8,OG,CG,4.768141
tcr_26_1,E,C,S,H,115,7,OG,CA,6.29851
tcr_26_1,E,C,S,H,115,7,OG,CG,7.267546
tcr_26_1,E,C,S,H,115,7,OG,CD2,8.546242
tcr_26_1,E,C,S,H,115,7,OG,CB,6.716772
tcr_26_1,E,C,S,Q,115,8,OG,N,4.780084
tcr_26_1,E,C,S,H,115,7,OG,C,5.987058
tcr_26_1,E,C,S,H,115,7,OG,O,6.991614
tcr_26_1,E,C,S,V,115,9,OG,CG1,8.994799
tcr_26_1,E,C,S,Q,115,8,OG,CA,4.8232355
tcr_26_1,E,C,S,Q,115,8,OG,C,4.934548
tcr_26_1,E,C,S,V,115,9,OG,N,6.1121025
tcr_26_1,E,C,S,Q,115,8,OG,O,4.284027
tcr_26_1,E,C,S,V,115,9,OG,CA,6.80786
tcr_26_1,E,C,S,V,115,9,OG,CB,8.301145
tcr_26_1,E,C,S,V,115,9,OG,O,5.878494
tcr_26_1,E,C,S,V,115,9,OG,C,6.4352303
tcr_26_1,E,C,S,V,115,9,OG,CG2,8.705759
tcr_26_1,E,C,S,V,115,9,OG,OXT,7.0314584
tcr_26_1,E,C,G,D,116,4,N,O,9.3029785
tcr_26_1,E,C,G,N,116,5,N,CA,9.579873
tcr_26_1,E,C,G,H,116,7,N,NE2,5.9124794
tcr_26_1,E,C,G,H,116,6,N,ND1,8.848587
tcr_26_1,E,C,G,H,116,6,N,CE1,8.493213
tcr_26_1,E,C,G,H,116,6,N,N,8.424551
tcr_26_1,E,C,G,H,116,6,N,CG,8.102842
tcr_26_1,E,C,G,H,116,6,N,NE2,7.4853134
tcr_26_1,E,C,G,H,116,6,N,CA,8.062697
tcr_26_1,E,C,G,H,116,7,N,CE1,4.8579435
tcr_26_1,E,C,G,H,116,6,N,CB,8.528376
tcr_26_1,E,C,G,H,116,6,N,CD2,7.1952143
tcr_26_1,E,C,G,H,116,7,N,ND1,4.057066
tcr_26_1,E,C,G,H,116,7,N,N,6.2072787
tcr_26_1,E,C,G,Q,116,8,N,CD,6.9149528
tcr_26_1,E,C,G,Q,116,8,N,OE1,7.163272
tcr_26_1,E,C,G,H,116,6,N,C,6.686786
tcr_26_1,E,C,G,Q,116,8,N,NE2,7.5154
tcr_26_1,E,C,G,H,116,6,N,O,6.2699504
tcr_26_1,E,C,G,Q,116,8,N,CB,5.9402175
tcr_26_1,E,C,G,Q,116,8,N,CG,6.330306
tcr_26_1,E,C,G,H,116,7,N,CA,5.0879016
tcr_26_1,E,C,G,N,116,5,N,C,8.837962
tcr_26_1,E,C,G,H,116,7,N,CG,4.851581
tcr_26_1,E,C,G,N,116,5,N,O,8.897074
tcr_26_1,E,C,G,H,116,7,N,CD2,5.920012
tcr_26_1,E,C,G,H,116,7,N,CB,5.018935
tcr_26_1,E,C,G,Q,116,8,N,N,5.0497646
tcr_26_1,E,C,G,H,116,7,N,C,5.655619
tcr_26_1,E,C,G,H,116,7,N,O,6.839106
tcr_26_1,E,C,G,Q,116,8,N,CA,5.9876537
tcr_26_1,E,C,G,Q,116,8,N,C,6.249941
tcr_26_1,E,C,G,V,116,9,N,N,7.573723
tcr_26_1,E,C,G,Q,116,8,N,O,5.504827
tcr_26_1,E,C,G,V,116,9,N,CA,8.353138
tcr_26_1,E,C,G,V,116,9,N,CB,9.802315
tcr_26_1,E,C,G,V,116,9,N,O,8.362375
tcr_26_1,E,C,G,V,116,9,N,C,8.4959755
tcr_26_1,E,C,G,V,116,9,N,OXT,9.01998
tcr_26_1,E,C,G,D,116,4,CA,O,9.185766
tcr_26_1,E,C,G,N,116,5,CA,OD1,9.55158
tcr_26_1,E,C,G,N,116,5,CA,CA,9.236461
tcr_26_1,E,C,G,H,116,7,CA,NE2,5.161024
tcr_26_1,E,C,G,H,116,6,CA,ND1,9.168771
tcr_26_1,E,C,G,H,116,6,CA,CE1,8.858638
tcr_26_1,E,C,G,H,116,6,CA,N,8.430706
tcr_26_1,E,C,G,H,116,6,CA,CG,8.540519
tcr_26_1,E,C,G,H,116,6,CA,NE2,8.0134325
tcr_26_1,E,C,G,H,116,6,CA,CA,8.270261
tcr_26_1,E,C,G,H,116,7,CA,CE1,4.317636
tcr_26_1,E,C,G,H,116,6,CA,CB,8.938338
tcr_26_1,E,C,G,H,116,6,CA,CD2,7.782549
tcr_26_1,E,C,G,H,116,7,CA,ND1,3.6424704
tcr_26_1,E,C,G,H,116,7,CA,N,6.1923065
tcr_26_1,E,C,G,Q,116,8,CA,CD,7.937092
tcr_26_1,E,C,G,Q,116,8,CA,OE1,8.200054
tcr_26_1,E,C,G,H,116,6,CA,C,6.926052
tcr_26_1,E,C,G,Q,116,8,CA,NE2,8.631524
tcr_26_1,E,C,G,H,116,6,CA,O,6.7518473
tcr_26_1,E,C,G,Q,116,8,CA,CB,6.5809803
tcr_26_1,E,C,G,Q,116,8,CA,CG,7.1524873
tcr_26_1,E,C,G,H,116,7,CA,CA,5.0218134
tcr_26_1,E,C,G,N,116,5,CA,C,8.637262
tcr_26_1,E,C,G,H,116,7,CA,CG,4.241771
tcr_26_1,E,C,G,N,116,5,CA,O,8.641316
tcr_26_1,E,C,G,H,116,7,CA,CD2,5.1304708
tcr_26_1,E,C,G,H,116,7,CA,CB,4.5197587
tcr_26_1,E,C,G,Q,116,8,CA,N,5.3058248
tcr_26_1,E,C,G,H,116,7,CA,C,5.684201
tcr_26_1,E,C,G,H,116,7,CA,O,6.770197
tcr_26_1,E,C,G,V,116,9,CA,CG1,9.728615
tcr_26_1,E,C,G,Q,116,8,CA,CA,6.3145485
tcr_26_1,E,C,G,Q,116,8,CA,C,6.3367505
tcr_26_1,E,C,G,V,116,9,CA,N,7.5917726
tcr_26_1,E,C,G,Q,116,8,CA,O,5.480858
tcr_26_1,E,C,G,V,116,9,CA,CA,8.219113
tcr_26_1,E,C,G,V,116,9,CA,CB,9.627885
tcr_26_1,E,C,G,V,116,9,CA,O,8.544771
tcr_26_1,E,C,G,V,116,9,CA,C,8.467171
tcr_26_1,E,C,G,V,116,9,CA,OXT,8.865106
tcr_26_1,E,C,G,D,116,4,C,O,8.637518
tcr_26_1,E,C,G,D,116,4,C,C,9.688618
tcr_26_1,E,C,G,N,116,5,C,N,9.846487
tcr_26_1,E,C,G,N,116,5,C,CB,9.828114
tcr_26_1,E,C,G,N,116,5,C,CG,9.721305
tcr_26_1,E,C,G,N,116,5,C,OD1,8.939797
tcr_26_1,E,C,G,N,116,5,C,CA,8.932461
tcr_26_1,E,C,G,H,116,7,C,NE2,4.37994
tcr_26_1,E,C,G,H,116,6,C,ND1,8.92675
tcr_26_1,E,C,G,H,116,6,C,CE1,8.478571
tcr_26_1,E,C,G,H,116,6,C,N,8.401743
tcr_26_1,E,C,G,H,116,6,C,CG,8.518099
tcr_26_1,E,C,G,H,116,6,C,NE2,7.7497735
tcr_26_1,E,C,G,H,116,6,C,CA,8.478759
tcr_26_1,E,C,G,H,116,7,C,CE1,3.54631
tcr_26_1,E,C,G,H,116,6,C,CB,9.10811
tcr_26_1,E,C,G,H,116,6,C,CD2,7.7680635
tcr_26_1,E,C,G,H,116,7,C,ND1,3.3606582
tcr_26_1,E,C,G,H,116,7,C,N,6.54217
tcr_26_1,E,C,G,Q,116,8,C,CD,9.156948
tcr_26_1,E,C,G,Q,116,8,C,OE1,9.518261
tcr_26_1,E,C,G,H,116,6,C,C,7.303158
tcr_26_1,E,C,G,Q,116,8,C,NE2,9.731931
tcr_26_1,E,C,G,H,116,6,C,O,7.2938147
tcr_26_1,E,C,G,Q,116,8,C,CB,7.907491
tcr_26_1,E,C,G,Q,116,8,C,CG,8.342995
tcr_26_1,E,C,G,H,116,7,C,CA,5.594389
tcr_26_1,E,C,G,N,116,5,C,C,8.570981
tcr_26_1,E,C,G,H,116,7,C,CG,4.1597347
tcr_26_1,E,C,G,N,116,5,C,O,8.735835
tcr_26_1,E,C,G,H,116,7,C,CD2,4.7147775
tcr_26_1,E,C,G,H,116,7,C,CB,4.903896
tcr_26_1,E,C,G,Q,116,8,C,N,6.402406
tcr_26_1,E,C,G,H,116,7,C,C,6.5470057
tcr_26_1,E,C,G,H,116,7,C,O,7.5982966
tcr_26_1,E,C,G,Q,116,8,C,CA,7.555211
tcr_26_1,E,C,G,Q,116,8,C,C,7.6465826
tcr_26_1,E,C,G,V,116,9,C,N,8.873792
tcr_26_1,E,C,G,Q,116,8,C,O,6.8442707
tcr_26_1,E,C,G,V,116,9,C,CA,9.506426
tcr_26_1,E,C,G,V,116,9,C,O,9.999903
tcr_26_1,E,C,G,V,116,9,C,C,9.856512
tcr_26_1,E,C,G,D,116,4,O,O,8.226138
tcr_26_1,E,C,G,D,116,4,O,C,9.217072
tcr_26_1,E,C,G,N,116,5,O,N,9.303477
tcr_26_1,E,C,G,N,116,5,O,CB,9.090455
tcr_26_1,E,C,G,N,116,5,O,CG,8.844717
tcr_26_1,E,C,G,N,116,5,O,OD1,8.029107
tcr_26_1,E,C,G,N,116,5,O,CA,8.324274
tcr_26_1,E,C,G,N,116,5,O,ND2,9.736188
tcr_26_1,E,C,G,H,116,7,O,NE2,3.573847
tcr_26_1,E,C,G,H,116,6,O,ND1,8.885483
tcr_26_1,E,C,G,H,116,6,O,CE1,8.512221
tcr_26_1,E,C,G,H,116,6,O,N,8.111277
tcr_26_1,E,C,G,H,116,6,O,CG,8.585649
tcr_26_1,E,C,G,H,116,6,O,NE2,7.9563737
tcr_26_1,E,C,G,H,116,6,O,CA,8.367527
tcr_26_1,E,C,G,H,116,7,O,CE1,3.062358
tcr_26_1,E,C,G,H,116,6,O,CB,9.134864
tcr_26_1,E,C,G,H,116,6,O,CD2,7.9988856
tcr_26_1,E,C,G,H,116,7,O,ND1,3.1066296
tcr_26_1,E,C,G,H,116,7,O,N,6.375935
tcr_26_1,E,C,G,Q,116,8,O,CD,9.838271
tcr_26_1,E,C,G,H,116,6,O,C,7.285377
tcr_26_1,E,C,G,H,116,6,O,O,7.477792
tcr_26_1,E,C,G,Q,116,8,O,CB,8.401068
tcr_26_1,E,C,G,Q,116,8,O,CG,8.87901
tcr_26_1,E,C,G,H,116,7,O,CA,5.5131044
tcr_26_1,E,C,G,N,116,5,O,C,8.108973
tcr_26_1,E,C,G,H,116,7,O,CG,3.651484
tcr_26_1,E,C,G,N,116,5,O,O,8.2533655
tcr_26_1,E,C,G,H,116,7,O,CD2,3.9103358
tcr_26_1,E,C,G,H,116,7,O,CB,4.5465975
tcr_26_1,E,C,G,Q,116,8,O,N,6.629718
tcr_26_1,E,C,G,H,116,7,O,C,6.550507
tcr_26_1,E,C,G,H,116,7,O,O,7.48192
tcr_26_1,E,C,G,Q,116,8,O,CA,7.8366494
tcr_26_1,E,C,G,Q,116,8,O,C,7.8523183
tcr_26_1,E,C,G,V,116,9,O,N,8.994966
tcr_26_1,E,C,G,Q,116,8,O,O,7.084403
tcr_26_1,E,C,G,V,116,9,O,CA,9.569114
tcr_26_1,E,C,S,D,117,4,N,O,8.860582
tcr_26_1,E,C,S,D,117,4,N,C,9.989145
tcr_26_1,E,C,S,N,117,5,N,OD1,9.575116
tcr_26_1,E,C,S,N,117,5,N,CA,9.545531
tcr_26_1,E,C,S,H,117,7,N,NE2,4.9801497
tcr_26_1,E,C,S,H,117,6,N,ND1,9.029838
tcr_26_1,E,C,S,H,117,6,N,CE1,8.396469
tcr_26_1,E,C,S,H,117,6,N,N,8.951734
tcr_26_1,E,C,S,H,117,6,N,CG,8.708051
tcr_26_1,E,C,S,H,117,6,N,NE2,7.612603
tcr_26_1,E,C,S,H,117,6,N,CA,9.039543
tcr_26_1,E,C,S,H,117,7,N,CE1,3.9955847
tcr_26_1,E,C,S,H,117,6,N,CB,9.47899
tcr_26_1,E,C,S,H,117,6,N,CD2,7.8204446
tcr_26_1,E,C,S,H,117,7,N,ND1,4.0637064
tcr_26_1,E,C,S,H,117,7,N,N,7.340355
tcr_26_1,E,C,S,Q,117,8,N,CD,9.638839
tcr_26_1,E,C,S,Q,117,8,N,OE1,9.998869
tcr_26_1,E,C,S,H,117,6,N,C,7.9450507
tcr_26_1,E,C,S,H,117,6,N,O,7.8578606
tcr_26_1,E,C,S,Q,117,8,N,CB,8.687819
tcr_26_1,E,C,S,Q,117,8,N,CG,8.975641
tcr_26_1,E,C,S,H,117,7,N,CA,6.520675
tcr_26_1,E,C,S,N,117,5,N,C,9.250072
tcr_26_1,E,C,S,H,117,7,N,CG,5.107396
tcr_26_1,E,C,S,N,117,5,N,O,9.556726
tcr_26_1,E,C,S,H,117,7,N,CD2,5.5914726
tcr_26_1,E,C,S,H,117,7,N,CB,5.988912
tcr_26_1,E,C,S,Q,117,8,N,N,7.3419776
tcr_26_1,E,C,S,H,117,7,N,C,7.5427427
tcr_26_1,E,C,S,H,117,7,N,O,8.648444
tcr_26_1,E,C,S,Q,117,8,N,CA,8.501082
tcr_26_1,E,C,S,Q,117,8,N,C,8.711629
tcr_26_1,E,C,S,V,117,9,N,N,9.981165
tcr_26_1,E,C,S,Q,117,8,N,O,7.929619
tcr_26_1,E,C,S,D,117,4,CA,O,8.611559
tcr_26_1,E,C,S,D,117,4,CA,C,9.760037
tcr_26_1,E,C,S,N,117,5,CA,OD1,9.290465
tcr_26_1,E,C,S,N,117,5,CA,CA,9.538311
tcr_26_1,E,C,S,H,117,7,CA,NE2,4.853217
tcr_26_1,E,C,S,H,117,6,CA,ND1,9.063498
tcr_26_1,E,C,S,H,117,6,CA,CE1,8.310534
tcr_26_1,E,C,S,H,117,6,CA,N,9.2046585
tcr_26_1,E,C,S,H,117,6,CA,CG,8.963335
tcr_26_1,E,C,S,H,117,6,CA,NE2,7.678747
tcr_26_1,E,C,S,H,117,6,CA,CA,9.491645
tcr_26_1,E,C,S,H,117,7,CA,CE1,4.002983
tcr_26_1,E,C,S,H,117,6,CA,CB,9.880477
tcr_26_1,E,C,S,H,117,6,CA,CD2,8.120242
tcr_26_1,E,C,S,H,117,7,CA,ND1,4.52687
tcr_26_1,E,C,S,H,117,7,CA,N,7.9760666
tcr_26_1,E,C,S,H,117,6,CA,C,8.57506
tcr_26_1,E,C,S,H,117,6,CA,O,8.620135
tcr_26_1,E,C,S,Q,117,8,CA,CB,9.984687
tcr_26_1,E,C,S,H,117,7,CA,CA,7.351372
tcr_26_1,E,C,S,N,117,5,CA,C,9.467175
tcr_26_1,E,C,S,H,117,7,CA,CG,5.596207
tcr_26_1,E,C,S,N,117,5,CA,O,9.906972
tcr_26_1,E,C,S,H,117,7,CA,CD2,5.766106
tcr_26_1,E,C,S,H,117,7,CA,CB,6.7256856
tcr_26_1,E,C,S,Q,117,8,CA,N,8.48611
tcr_26_1,E,C,S,H,117,7,CA,C,8.52816
tcr_26_1,E,C,S,H,117,7,CA,O,9.58484
tcr_26_1,E,C,S,Q,117,8,CA,CA,9.725868
tcr_26_1,E,C,S,Q,117,8,CA,C,9.976103
tcr_26_1,E,C,S,Q,117,8,CA,O,9.23276
tcr_26_1,E,C,S,D,117,4,C,O,8.648001
tcr_26_1,E,C,S,D,117,4,C,C,9.848631
tcr_26_1,E,C,S,N,117,5,C,OD1,9.928004
tcr_26_1,E,C,S,N,117,5,C,CA,9.993216
tcr_26_1,E,C,S,H,117,7,C,NE2,5.6746535
tcr_26_1,E,C,S,H,117,6,C,ND1,8.864714
tcr_26_1,E,C,S,H,117,6,C,CE1,7.9330654
tcr_26_1,E,C,S,H,117,6,C,N,9.515888
tcr_26_1,E,C,S,H,117,6,C,CG,8.852172
tcr_26_1,E,C,S,H,117,6,C,NE2,7.25886
tcr_26_1,E,C,S,H,117,6,C,CA,9.777128
tcr_26_1,E,C,S,H,117,7,C,CE1,4.698579
tcr_26_1,E,C,S,H,117,6,C,CB,9.9355345
tcr_26_1,E,C,S,H,117,6,C,CD2,7.8916388
tcr_26_1,E,C,S,H,117,7,C,ND1,5.2913423
tcr_26_1,E,C,S,H,117,7,C,N,8.574827
tcr_26_1,E,C,S,H,117,6,C,C,8.973883
tcr_26_1,E,C,S,H,117,6,C,O,8.933066
tcr_26_1,E,C,S,H,117,7,C,CA,8.101608
tcr_26_1,E,C,S,N,117,5,C,C,9.943351
tcr_26_1,E,C,S,H,117,7,C,CG,6.52105
tcr_26_1,E,C,S,H,117,7,C,CD2,6.719989
tcr_26_1,E,C,S,H,117,7,C,CB,7.692342
tcr_26_1,E,C,S,Q,117,8,C,N,9.243868
tcr_26_1,E,C,S,H,117,7,C,C,9.324164
tcr_26_1,E,C,S,D,117,4,O,O,9.63482
tcr_26_1,E,C,S,H,117,7,O,NE2,6.805622
tcr_26_1,E,C,S,H,117,6,O,ND1,9.592188
tcr_26_1,E,C,S,H,117,6,O,CE1,8.611923
tcr_26_1,E,C,S,H,117,6,O,CG,9.502153
tcr_26_1,E,C,S,H,117,6,O,NE2,7.8140974
tcr_26_1,E,C,S,H,117,7,O,CE1,5.7554135
tcr_26_1,E,C,S,H,117,6,O,CD2,8.429523
tcr_26_1,E,C,S,H,117,7,O,ND1,6.184863
tcr_26_1,E,C,S,H,117,7,O,N,9.351868
tcr_26_1,E,C,S,H,117,6,O,C,9.669882
tcr_26_1,E,C,S,H,117,6,O,O,9.489523
tcr_26_1,E,C,S,H,117,7,O,CA,8.806856
tcr_26_1,E,C,S,H,117,7,O,CG,7.4469056
tcr_26_1,E,C,S,H,117,7,O,CD2,7.7783265
tcr_26_1,E,C,S,H,117,7,O,CB,8.5062475
tcr_26_1,E,C,S,Q,117,8,O,N,9.704913
tcr_26_1,E,C,S,H,117,7,O,C,9.934129
tcr_26_1,E,C,S,D,117,4,CB,O,9.838108
tcr_26_1,E,C,S,H,117,7,CB,NE2,5.770767
tcr_26_1,E,C,S,H,117,6,CB,CE1,9.753541
tcr_26_1,E,C,S,H,117,6,CB,NE2,9.177323
tcr_26_1,E,C,S,H,117,7,CB,CE1,5.165884
tcr_26_1,E,C,S,H,117,6,CB,CD2,9.633957
tcr_26_1,E,C,S,H,117,7,CB,ND1,5.7337265
tcr_26_1,E,C,S,H,117,7,CB,N,9.218987
tcr_26_1,E,C,S,H,117,6,CB,C,9.922325
tcr_26_1,E,C,S,H,117,7,CB,CA,8.511958
tcr_26_1,E,C,S,H,117,7,CB,CG,6.6238585
tcr_26_1,E,C,S,H,117,7,CB,CD2,6.64789
tcr_26_1,E,C,S,H,117,7,CB,CB,7.7120504
tcr_26_1,E,C,S,Q,117,8,CB,N,9.567321
tcr_26_1,E,C,S,H,117,7,CB,C,9.622643
tcr_26_1,E,C,S,Q,117,8,CB,O,9.961736
tcr_26_1,E,C,S,D,117,4,OG,O,9.950141
tcr_26_1,E,C,S,H,117,7,OG,NE2,6.183274
tcr_26_1,E,C,S,H,117,6,OG,CE1,9.995241
tcr_26_1,E,C,S,H,117,6,OG,NE2,9.551678
tcr_26_1,E,C,S,H,117,7,OG,CE1,5.7234163
tcr_26_1,E,C,S,H,117,7,OG,ND1,6.5366163
tcr_26_1,E,C,S,H,117,7,OG,CA,9.473597
tcr_26_1,E,C,S,H,117,7,OG,CG,7.4204016
tcr_26_1,E,C,S,H,117,7,OG,CD2,7.2335253
tcr_26_1,E,C,S,H,117,7,OG,CB,8.642837
tcr_26_1,E,C,S,D,118,4,N,O,7.8636384
tcr_26_1,E,C,S,D,118,4,N,CB,9.63532
tcr_26_1,E,C,S,D,118,4,N,CA,9.991298
tcr_26_1,E,C,S,D,118,4,N,C,9.061865
tcr_26_1,E,C,S,N,118,5,N,N,9.786859
tcr_26_1,E,C,S,N,118,5,N,OD1,9.347655
tcr_26_1,E,C,S,N,118,5,N,CA,9.462221
tcr_26_1,E,C,S,H,118,7,N,NE2,5.456028
tcr_26_1,E,C,S,H,118,6,N,ND1,8.231904
tcr_26_1,E,C,S,H,118,6,N,CE1,7.2212796
tcr_26_1,E,C,S,H,118,6,N,N,9.122148
tcr_26_1,E,C,S,H,118,6,N,CG,8.412092
tcr_26_1,E,C,S,H,118,6,N,NE2,6.7101717
tcr_26_1,E,C,S,H,118,6,N,CA,9.523441
tcr_26_1,E,C,S,H,118,7,N,CE1,4.5781937
tcr_26_1,E,C,S,H,118,6,N,CB,9.601884
tcr_26_1,E,C,S,H,118,6,N,CD2,7.526828
tcr_26_1,E,C,S,H,118,7,N,ND1,5.4117136
tcr_26_1,E,C,S,H,118,7,N,N,8.579329
tcr_26_1,E,C,S,H,118,6,N,C,8.913162
tcr_26_1,E,C,S,H,118,6,N,O,8.978662
tcr_26_1,E,C,S,H,118,7,N,CA,8.322783
tcr_26_1,E,C,S,N,118,5,N,C,9.5630045
tcr_26_1,E,C,S,H,118,7,N,CG,6.6372685
tcr_26_1,E,C,S,H,118,7,N,CD2,6.6601024
tcr_26_1,E,C,S,H,118,7,N,CB,7.939716
tcr_26_1,E,C,S,Q,118,8,N,N,9.724261
tcr_26_1,E,C,S,H,118,7,N,C,9.65841
tcr_26_1,E,C,S,D,118,4,CA,O,8.29721
tcr_26_1,E,C,S,D,118,4,CA,OD2,9.861468
tcr_26_1,E,C,S,D,118,4,CA,CB,9.677753
tcr_26_1,E,C,S,D,118,4,CA,C,9.490995
tcr_26_1,E,C,S,H,118,7,CA,NE2,6.649744
tcr_26_1,E,C,S,H,118,6,CA,ND1,8.497409
tcr_26_1,E,C,S,H,118,6,CA,CE1,7.342447
tcr_26_1,E,C,S,H,118,6,CA,N,9.828836
tcr_26_1,E,C,S,H,118,6,CA,CG,8.796886
tcr_26_1,E,C,S,H,118,6,CA,NE2,6.8671374
tcr_26_1,E,C,S,H,118,7,CA,CE1,5.782
tcr_26_1,E,C,S,H,118,6,CA,CD2,7.864195
tcr_26_1,E,C,S,H,118,7,CA,ND1,6.6214747
tcr_26_1,E,C,S,H,118,7,CA,N,9.567829
tcr_26_1,E,C,S,H,118,6,CA,C,9.74848
tcr_26_1,E,C,S,H,118,6,CA,O,9.764514
tcr_26_1,E,C,S,H,118,7,CA,CA,9.433885
tcr_26_1,E,C,S,H,118,7,CA,CG,7.8795867
tcr_26_1,E,C,S,H,118,7,CA,CD2,7.8943224
tcr_26_1,E,C,S,H,118,7,CA,CB,9.182285
tcr_26_1,E,C,S,D,118,4,C,O,9.712226
tcr_26_1,E,C,S,H,118,7,C,NE2,7.8404627
tcr_26_1,E,C,S,H,118,6,C,CE1,8.837099
tcr_26_1,E,C,S,H,118,6,C,NE2,8.379147
tcr_26_1,E,C,S,H,118,7,C,CE1,7.0529957
tcr_26_1,E,C,S,H,118,6,C,CD2,9.388336
tcr_26_1,E,C,S,H,118,7,C,ND1,7.9178963
tcr_26_1,E,C,S,H,118,7,C,CG,9.143666
tcr_26_1,E,C,S,H,118,7,C,CD2,9.103342
tcr_26_1,E,C,S,H,118,7,O,NE2,8.946566
tcr_26_1,E,C,S,H,118,6,O,CE1,9.335801
tcr_26_1,E,C,S,H,118,6,O,NE2,8.885343
tcr_26_1,E,C,S,H,118,7,O,CE1,8.138887
tcr_26_1,E,C,S,H,118,6,O,CD2,9.967675
tcr_26_1,E,C,S,H,118,7,O,ND1,8.982733
tcr_26_1,E,C,S,D,118,4,CB,O,7.439843
tcr_26_1,E,C,S,D,118,4,CB,OD1,9.720458
tcr_26_1,E,C,S,D,118,4,CB,OD2,8.706618
tcr_26_1,E,C,S,D,118,4,CB,CG,8.910071
tcr_26_1,E,C,S,D,118,4,CB,CB,8.4997
tcr_26_1,E,C,S,D,118,4,CB,CA,9.171722
tcr_26_1,E,C,S,D,118,4,CB,N,9.607145
tcr_26_1,E,C,S,D,118,4,CB,C,8.583398
tcr_26_1,E,C,S,N,118,5,CB,N,9.56294
tcr_26_1,E,C,S,N,118,5,CB,OD1,9.546317
tcr_26_1,E,C,S,N,118,5,CB,CA,9.59847
tcr_26_1,E,C,S,H,118,7,CB,NE2,6.5797715
tcr_26_1,E,C,S,H,118,6,CB,ND1,7.8336415
tcr_26_1,E,C,S,H,118,6,CB,CE1,6.6427627
tcr_26_1,E,C,S,H,118,6,CB,N,9.373533
tcr_26_1,E,C,S,H,118,6,CB,CG,8.3575945
tcr_26_1,E,C,S,H,118,6,CB,NE2,6.4213104
tcr_26_1,E,C,S,H,118,6,CB,CA,9.923157
tcr_26_1,E,C,S,H,118,7,CB,CE1,5.879811
tcr_26_1,E,C,S,H,118,6,CB,CB,9.735038
tcr_26_1,E,C,S,H,118,6,CB,CD2,7.574796
tcr_26_1,E,C,S,H,118,7,CB,ND1,6.866792
tcr_26_1,E,C,S,H,118,7,CB,N,9.5527
tcr_26_1,E,C,S,H,118,6,CB,C,9.6700535
tcr_26_1,E,C,S,H,118,6,CB,O,9.813145
tcr_26_1,E,C,S,H,118,7,CB,CA,9.642724
tcr_26_1,E,C,S,N,118,5,CB,C,9.9134035
tcr_26_1,E,C,S,H,118,7,CB,CG,8.043408
tcr_26_1,E,C,S,H,118,7,CB,CD2,7.891359
tcr_26_1,E,C,S,H,118,7,CB,CB,9.417455
tcr_26_1,E,C,S,D,118,4,OG,O,6.1051016
tcr_26_1,E,C,S,D,118,4,OG,OD1,8.38508
tcr_26_1,E,C,S,D,118,4,OG,OD2,7.5019026
tcr_26_1,E,C,S,D,118,4,OG,CG,7.630744
tcr_26_1,E,C,S,D,118,4,OG,CB,7.2663574
tcr_26_1,E,C,S,D,118,4,OG,CA,7.902845
tcr_26_1,E,C,S,D,118,4,OG,N,8.441395
tcr_26_1,E,C,S,D,118,4,OG,C,7.2673364
tcr_26_1,E,C,S,N,118,5,OG,N,8.254931
tcr_26_1,E,C,S,A,118,3,OG,C,9.586676
tcr_26_1,E,C,S,N,118,5,OG,CB,9.58431
tcr_26_1,E,C,S,N,118,5,OG,CG,9.48531
tcr_26_1,E,C,S,N,118,5,OG,OD1,8.522208
tcr_26_1,E,C,S,N,118,5,OG,CA,8.328321
tcr_26_1,E,C,S,H,118,7,OG,NE2,5.7189903
tcr_26_1,E,C,S,H,118,6,OG,ND1,6.43316
tcr_26_1,E,C,S,H,118,6,OG,CE1,5.2612205
tcr_26_1,E,C,S,H,118,6,OG,N,8.015429
tcr_26_1,E,C,S,H,118,6,OG,CG,6.9814463
tcr_26_1,E,C,S,H,118,6,OG,NE2,5.096299
tcr_26_1,E,C,S,H,118,6,OG,CA,8.57266
tcr_26_1,E,C,S,H,118,7,OG,CE1,5.0032554
tcr_26_1,E,C,S,H,118,6,OG,CB,8.36164
tcr_26_1,E,C,S,H,118,6,OG,CD2,6.2606134
tcr_26_1,E,C,S,H,118,7,OG,ND1,5.9500785
tcr_26_1,E,C,S,H,118,7,OG,N,8.350909
tcr_26_1,E,C,S,H,118,6,OG,C,8.402229
tcr_26_1,E,C,S,H,118,6,OG,O,8.589106
tcr_26_1,E,C,S,H,118,7,OG,CA,8.5690565
tcr_26_1,E,C,S,N,118,5,OG,C,8.603054
tcr_26_1,E,C,S,H,118,7,OG,CG,7.098092
tcr_26_1,E,C,S,N,118,5,OG,O,9.562327
tcr_26_1,E,C,S,H,118,7,OG,CD2,6.9757686
tcr_26_1,E,C,S,H,118,7,OG,CB,8.446876
tcr_26_1,E,C,Y,H,119,7,N,NE2,7.813735
tcr_26_1,E,C,Y,H,119,6,N,CE1,9.698418
tcr_26_1,E,C,Y,H,119,6,N,NE2,9.244582
tcr_26_1,E,C,Y,H,119,7,N,CE1,7.122731
tcr_26_1,E,C,Y,H,119,7,N,ND1,8.004849
tcr_26_1,E,C,Y,H,119,7,N,CG,9.15238
tcr_26_1,E,C,Y,H,119,7,N,CD2,9.051523
tcr_26_1,E,C,Y,H,119,7,CA,NE2,9.1118765
tcr_26_1,E,C,Y,H,119,7,CA,CE1,8.461637
tcr_26_1,E,C,Y,H,119,7,CA,ND1,9.31596
tcr_26_1,E,C,Y,H,119,7,C,NE2,9.8513775
tcr_26_1,E,C,Y,H,119,7,C,CE1,9.070566
tcr_26_1,E,C,Y,H,119,7,C,ND1,9.7505
tcr_26_1,E,C,Y,H,119,7,CB,NE2,9.110138
tcr_26_1,E,C,Y,H,119,7,CB,CE1,8.641181
tcr_26_1,E,C,Y,H,119,7,CB,ND1,9.554275
tcr_26_1,E,C,N,H,120,7,N,NE2,9.305792
tcr_26_1,E,C,N,H,120,7,N,CE1,8.413773
tcr_26_1,E,C,N,H,120,7,N,ND1,8.9466095
tcr_26_1,E,C,N,H,120,7,CA,CE1,9.264778
tcr_26_1,E,C,N,H,120,7,CA,ND1,9.624193
tcr_26_1,E,C,N,H,120,7,CB,NE2,9.657714
tcr_26_1,E,C,N,H,120,7,CB,CE1,8.599249
tcr_26_1,E,C,N,H,120,7,CB,ND1,8.764643
tcr_26_1,E,C,N,H,120,7,CB,CG,9.945531
tcr_26_1,E,C,N,H,120,7,CG,NE2,8.981793
tcr_26_1,E,C,N,H,120,7,CG,CE1,8.006451
tcr_26_1,E,C,N,H,120,7,CG,ND1,8.1086445
tcr_26_1,E,C,N,H,120,7,CG,CG,9.17219
tcr_26_1,E,C,N,H,120,7,CG,CD2,9.669224
tcr_26_1,E,C,N,H,120,7,CG,CB,9.910495
tcr_26_1,E,C,N,H,120,7,OD1,NE2,9.194391
tcr_26_1,E,C,N,H,120,7,OD1,CE1,8.351423
tcr_26_1,E,C,N,H,120,7,OD1,ND1,8.544316
tcr_26_1,E,C,N,H,120,7,OD1,CG,9.517691
tcr_26_1,E,C,N,H,120,7,OD1,CD2,9.892407
tcr_26_1,E,C,N,H,120,7,ND2,NE2,8.4234
tcr_26_1,E,C,N,H,120,7,ND2,CE1,7.3993697
tcr_26_1,E,C,N,H,120,7,ND2,ND1,7.307886
tcr_26_1,E,C,N,Q,120,8,ND2,CB,9.979483
tcr_26_1,E,C,N,H,120,7,ND2,CA,9.257089
tcr_26_1,E,C,N,H,120,7,ND2,CG,8.330916
tcr_26_1,E,C,N,H,120,7,ND2,CD2,8.96596
tcr_26_1,E,C,N,H,120,7,ND2,CB,8.933376
tcr_26_1,E,C,N,Q,120,8,ND2,N,9.380253
tcr_26_1,E,C,N,H,120,7,ND2,C,9.969939
tcr_26_1,E,C,N,Q,120,8,ND2,O,9.371168
tcr_26_1,C,A,F,R,1,194,N,CA,9.378848
tcr_26_1,C,A,F,E,1,190,N,O,8.642676
tcr_26_1,C,A,F,R,1,194,N,CG,8.883703
tcr_26_1,C,A,F,R,1,194,N,CD,8.350598
tcr_26_1,C,A,F,R,1,194,N,CB,8.586127
tcr_26_1,C,A,F,V,1,189,N,O,9.486481
tcr_26_1,C,A,F,R,1,194,N,N,9.362898
tcr_26_1,C,A,F,W,1,191,N,O,6.233747
tcr_26_1,C,A,F,E,1,190,N,C,8.201915
tcr_26_1,C,A,F,R,1,193,N,N,9.18947
tcr_26_1,C,A,F,L,1,192,N,CA,7.222936
tcr_26_1,C,A,F,L,1,192,N,C,8.441843
tcr_26_1,C,A,F,L,1,192,N,O,8.826894
tcr_26_1,C,A,F,L,1,192,N,CG,8.897103
tcr_26_1,C,A,F,W,1,191,N,CD2,4.9255514
tcr_26_1,C,A,F,T,1,187,N,OG1,9.181375
tcr_26_1,C,A,F,W,1,191,N,CE2,5.798928
tcr_26_1,C,A,F,W,1,191,N,CZ2,6.5147085
tcr_26_1,C,A,F,W,1,191,N,CD1,5.597298
tcr_26_1,C,A,F,T,1,187,N,CG2,6.881068
tcr_26_1,C,A,F,W,1,191,N,NE1,6.127074
tcr_26_1,C,A,F,W,1,191,N,CG,4.7994165
tcr_26_1,C,A,F,T,1,187,N,CB,8.024654
tcr_26_1,C,A,F,E,1,190,N,CB,9.605697
tcr_26_1,C,A,F,T,1,187,N,CA,8.336761
tcr_26_1,C,A,F,T,1,187,N,O,6.673023
tcr_26_1,C,A,F,W,1,191,N,N,6.9261746
tcr_26_1,C,A,F,T,1,187,N,C,7.358103
tcr_26_1,C,A,F,W,1,191,N,CA,5.881095
tcr_26_1,C,A,F,W,1,191,N,CB,4.54722
tcr_26_1,C,A,F,T,1,187,N,N,9.689843
tcr_26_1,C,A,F,E,1,190,N,CA,9.312315
tcr_26_1,C,A,F,E,1,190,N,N,9.238672
tcr_26_1,C,A,F,V,1,189,N,N,8.76046
tcr_26_1,C,A,F,V,1,189,N,CA,9.623414
tcr_26_1,C,A,F,V,1,189,N,C,9.355259
tcr_26_1,C,A,F,C,1,188,N,N,7.545321
tcr_26_1,C,A,F,C,1,188,N,C,7.4906235
tcr_26_1,C,A,F,C,1,188,N,CB,7.7720985
tcr_26_1,C,A,F,C,1,125,N,SG,8.813402
tcr_26_1,C,A,F,C,1,188,N,CA,6.9934645
tcr_26_1,C,A,F,C,1,188,N,SG,7.558186
tcr_26_1,C,A,F,C,1,188,N,O,6.90132
tcr_26_1,C,A,F,L,1,192,N,CB,7.825109
tcr_26_1,C,A,F,L,1,192,N,CD2,9.5309
tcr_26_1,C,A,F,L,1,192,N,N,6.4927526
tcr_26_1,C,A,F,W,1,191,N,C,6.0514827
tcr_26_1,C,A,F,M,1,29,N,CE,4.43232
tcr_26_1,C,A,F,Y,1,183,N,CD2,7.9215574
tcr_26_1,C,A,F,Y,1,183,N,CE2,6.585419
tcr_26_1,C,A,F,Y,1,183,N,CD1,8.87608
tcr_26_1,C,A,F,Y,1,183,N,CG,8.97847
tcr_26_1,C,A,F,Y,1,183,N,CZ,6.4639673
tcr_26_1,C,A,F,Y,1,183,N,OH,5.352379
tcr_26_1,C,A,F,Y,1,183,N,CE1,7.7129974
tcr_26_1,C,A,F,Y,1,183,N,O,9.665588
tcr_26_1,C,A,F,G,1,124,N,CA,9.590896
tcr_26_1,C,A,F,R,1,194,N,NE,8.906053
tcr_26_1,C,A,F,E,1,79,N,CB,9.070871
tcr_26_1,C,A,F,E,1,79,N,OE1,8.402732
tcr_26_1,C,A,F,E,1,79,N,OE2,9.123108
tcr_26_1,C,A,F,E,1,79,N,CD,8.530508
tcr_26_1,C,A,F,E,1,79,N,CG,8.253325
tcr_26_1,C,A,F,V,1,76,N,O,9.470853
tcr_26_1,C,A,F,Y,1,195,N,CD1,5.811386
tcr_26_1,C,A,F,Y,1,195,N,CG,5.7828636
tcr_26_1,C,A,F,R,1,194,N,C,9.163215
tcr_26_1,C,A,F,Y,1,195,N,N,8.200481
tcr_26_1,C,A,F,V,1,76,N,CB,8.064205
tcr_26_1,C,A,F,V,1,76,N,CA,9.116552
tcr_26_1,C,A,F,V,1,76,N,C,9.833801
tcr_26_1,C,A,F,W,1,75,N,CE3,8.919855
tcr_26_1,C,A,F,Y,1,195,N,CA,8.282941
tcr_26_1,C,A,F,Y,1,195,N,CB,7.1780634
tcr_26_1,C,A,F,Y,1,195,N,C,9.638725
tcr_26_1,C,A,F,W,1,75,N,CZ3,7.779856
tcr_26_1,C,A,F,W,1,75,N,CZ2,9.43689
tcr_26_1,C,A,F,W,1,75,N,CH2,8.081493
tcr_26_1,C,A,F,Y,1,83,N,CA,9.278733
tcr_26_1,C,A,F,Y,1,83,N,CB,8.736364
tcr_26_1,C,A,F,Y,1,83,N,CG,7.3244767
tcr_26_1,C,A,F,R,1,86,N,CD,9.622312
tcr_26_1,C,A,F,R,1,86,N,CG,9.851557
tcr_26_1,C,A,F,R,1,86,N,CB,9.954582
tcr_26_1,C,A,F,Y,1,83,N,CD2,6.288192
tcr_26_1,C,A,F,W,1,191,N,CH2,6.4481564
tcr_26_1,C,A,F,E,1,87,N,N,8.604479
tcr_26_1,C,A,F,Y,1,83,N,O,8.598565
tcr_26_1,C,A,F,Y,1,83,N,C,9.128964
tcr_26_1,C,A,F,Y,1,83,N,CD1,7.2509985
tcr_26_1,C,A,F,E,1,87,N,CB,7.0188017
tcr_26_1,C,A,F,E,1,87,N,CA,7.8960676
tcr_26_1,C,A,F,W,1,84,N,N,9.906965
tcr_26_1,C,A,F,Y,1,195,N,CE1,4.805039
tcr_26_1,C,A,F,E,1,87,N,OE1,5.2657137
tcr_26_1,C,A,F,K,1,90,N,NZ,6.1848397
tcr_26_1,C,A,F,Y,1,195,N,CZ,3.4376943
tcr_26_1,C,A,F,Y,1,195,N,CE2,3.3654683
tcr_26_1,C,A,F,W,1,191,N,CE3,4.855673
tcr_26_1,C,A,F,W,1,191,N,CZ3,5.6779428
tcr_26_1,C,A,F,Y,1,195,N,OH,2.6503224
tcr_26_1,C,A,F,Y,1,31,N,OH,2.5259595
tcr_26_1,C,A,F,Y,1,83,N,CE2,4.959629
tcr_26_1,C,A,F,E,1,87,N,CD,4.9244084
tcr_26_1,C,A,F,E,1,87,N,OE2,4.3396316
tcr_26_1,C,A,F,V,1,76,N,CG1,8.724815
tcr_26_1,C,A,F,Y,1,83,N,CZ,4.8665395
tcr_26_1,C,A,F,Y,1,83,N,OH,3.8580344
tcr_26_1,C,A,F,V,1,76,N,CG2,6.7647347
tcr_26_1,C,A,F,Y,1,83,N,CE1,6.1406283
tcr_26_1,C,A,F,E,1,87,N,CG,5.7945833
tcr_26_1,C,A,F,V,1,58,N,CB,7.31788
tcr_26_1,C,A,F,F,1,57,N,CD2,5.9151225
tcr_26_1,C,A,F,V,1,58,N,CG1,6.578134
tcr_26_1,C,A,F,F,1,57,N,CE2,4.5996437
tcr_26_1,C,A,F,Y,1,31,N,CZ,3.7452266
tcr_26_1,C,A,F,Y,1,195,N,CD2,4.6989384
tcr_26_1,C,A,F,Y,1,31,N,CD2,5.610103
tcr_26_1,C,A,F,M,1,29,N,CB,6.8957334
tcr_26_1,C,A,F,M,1,29,N,SD,4.096546
tcr_26_1,C,A,F,L,1,192,N,CD1,8.60706
tcr_26_1,C,A,F,M,1,29,N,CG,5.627367
tcr_26_1,C,A,F,Y,1,31,N,CE2,4.217114
tcr_26_1,C,A,F,Y,1,31,N,CE1,4.891329
tcr_26_1,C,A,F,V,1,52,N,CG2,7.518378
tcr_26_1,C,A,F,V,1,52,N,CB,9.011858
tcr_26_1,C,A,F,R,1,30,N,O,8.329156
tcr_26_1,C,A,F,F,1,57,N,CZ,4.485051
tcr_26_1,C,A,F,F,1,57,N,CE1,5.7422414
tcr_26_1,C,A,F,F,1,57,N,CG,6.92271
tcr_26_1,C,A,F,G,1,50,N,O,8.8067875
tcr_26_1,C,A,F,V,1,49,N,C,9.559996
tcr_26_1,C,A,F,G,1,50,N,C,8.28892
tcr_26_1,C,A,F,G,1,50,N,N,8.712679
tcr_26_1,C,A,F,Y,1,51,N,N,8.43481
tcr_26_1,C,A,F,G,1,50,N,CA,7.7348514
tcr_26_1,C,A,F,F,1,57,N,CD1,6.841036
tcr_26_1,C,A,F,F,1,57,N,CB,8.320939
tcr_26_1,C,A,F,R,1,86,N,C,9.507643
tcr_26_1,C,A,F,R,1,86,N,O,9.793971
tcr_26_1,C,A,F,K,1,90,N,CD,7.544813
tcr_26_1,C,A,F,E,1,87,N,C,9.042246
tcr_26_1,C,A,F,K,1,90,N,CB,9.138741
tcr_26_1,C,A,F,K,1,90,N,CE,7.522276
tcr_26_1,C,A,F,E,1,87,N,O,9.186396
tcr_26_1,C,A,F,K,1,90,N,CG,8.993273
tcr_26_1,C,A,F,Y,1,91,N,CE1,8.500935
tcr_26_1,C,A,F,Y,1,31,N,CD1,6.1291676
tcr_26_1,C,A,F,Y,1,91,N,CD2,9.119764
tcr_26_1,C,A,F,Y,1,91,N,CE2,7.9808965
tcr_26_1,C,A,F,Y,1,91,N,CZ,7.6263833
tcr_26_1,C,A,F,Y,1,91,N,OH,6.6747456
tcr_26_1,C,A,F,Y,1,91,N,CD1,9.57823
tcr_26_1,C,A,F,F,1,123,N,CZ,7.9921823
tcr_26_1,C,A,F,Y,1,91,N,CG,9.860501
tcr_26_1,C,A,F,F,1,123,N,CE2,7.6937103
tcr_26_1,C,A,F,F,1,123,N,CD2,8.763047
tcr_26_1,C,A,F,F,1,123,N,CG,9.950938
tcr_26_1,C,A,F,Y,1,31,N,N,8.629515
tcr_26_1,C,A,F,F,1,123,N,CE1,9.27487
tcr_26_1,C,A,F,Y,1,31,N,CG,6.434831
tcr_26_1,C,A,F,Y,1,31,N,CB,7.914013
tcr_26_1,C,A,F,Y,1,31,N,CA,8.721181
tcr_26_1,C,A,F,V,1,49,N,O,9.599084
tcr_26_1,C,A,F,V,1,52,N,CG1,9.812577
tcr_26_1,C,A,F,Y,1,51,N,C,8.619909
tcr_26_1,C,A,F,V,1,52,N,CA,9.38413
tcr_26_1,C,A,F,V,1,52,N,N,9.056293
tcr_26_1,C,A,F,Y,1,51,N,O,8.0458555
tcr_26_1,C,A,F,M,1,29,N,N,9.350185
tcr_26_1,C,A,F,M,1,29,N,CA,8.161778
tcr_26_1,C,A,F,Y,1,51,N,CA,9.220945
tcr_26_1,C,A,F,M,1,29,N,C,8.493806
tcr_26_1,C,A,F,R,1,30,N,C,8.5344715
tcr_26_1,C,A,F,R,1,30,N,CA,9.151291
tcr_26_1,C,A,F,R,1,30,N,N,8.526536
tcr_26_1,C,A,F,M,1,29,N,O,8.977167
tcr_26_1,C,A,F,F,1,123,N,O,9.572351
tcr_26_1,C,A,F,W,1,84,N,CZ2,9.014455
tcr_26_1,C,A,F,W,1,84,N,CZ3,8.470468
tcr_26_1,C,A,F,W,1,84,N,CH2,8.409661
tcr_26_1,C,A,F,W,1,84,N,CE2,9.621122
tcr_26_1,C,A,F,W,1,84,N,CD2,9.666428
tcr_26_1,C,A,F,W,1,84,N,CE3,9.108997
tcr_26_1,C,A,F,F,1,57,N,CA,9.280794
tcr_26_1,C,A,F,F,1,57,N,O,9.090173
tcr_26_1,C,A,F,F,1,57,N,N,9.760489
tcr_26_1,C,A,F,V,1,58,N,CG2,7.6728663
tcr_26_1,C,A,F,V,1,58,N,N,8.7020445
tcr_26_1,C,A,F,V,1,58,N,C,9.587349
tcr_26_1,C,A,F,F,1,57,N,C,8.910424
tcr_26_1,C,A,F,V,1,58,N,CA,8.683696
tcr_26_1,C,A,F,V,1,58,N,O,9.766875
tcr_26_1,C,A,F,E,1,190,CA,O,8.985349
tcr_26_1,C,A,F,R,1,194,CA,CG,9.377813
tcr_26_1,C,A,F,R,1,194,CA,CD,8.634995
tcr_26_1,C,A,F,R,1,194,CA,CB,9.124376
tcr_26_1,C,A,F,V,1,189,CA,O,9.956718
tcr_26_1,C,A,F,W,1,191,CA,O,7.071259
tcr_26_1,C,A,F,E,1,190,CA,C,8.434859
tcr_26_1,C,A,F,R,1,193,CA,N,9.994862
tcr_26_1,C,A,F,L,1,192,CA,CA,8.180379
tcr_26_1,C,A,F,L,1,192,CA,C,9.392205
tcr_26_1,C,A,F,L,1,192,CA,O,9.888083
tcr_26_1,C,A,F,L,1,192,CA,CG,9.954
tcr_26_1,C,A,F,W,1,191,CA,CD2,4.716004
tcr_26_1,C,A,F,T,1,187,CA,OG1,8.26302
tcr_26_1,C,A,F,W,1,191,CA,CE2,5.25528
tcr_26_1,C,A,F,W,1,191,CA,CZ2,5.9111986
tcr_26_1,C,A,F,W,1,191,CA,CD1,5.1324096
tcr_26_1,C,A,F,R,1,86,CA,NH1,9.2403345
tcr_26_1,C,A,F,T,1,187,CA,CG2,5.969689
tcr_26_1,C,A,F,W,1,191,CA,NE1,5.4618826
tcr_26_1,C,A,F,W,1,191,CA,CG,4.644
tcr_26_1,C,A,F,T,1,187,CA,CB,7.232824
tcr_26_1,C,A,F,E,1,190,CA,CB,9.487317
tcr_26_1,C,A,F,T,1,187,CA,CA,7.770107
tcr_26_1,C,A,F,T,1,187,CA,O,6.4522123
tcr_26_1,C,A,F,W,1,191,CA,N,7.1454606
tcr_26_1,C,A,F,T,1,187,CA,C,7.013766
tcr_26_1,C,A,F,W,1,191,CA,CA,6.2651043
tcr_26_1,C,A,F,W,1,191,CA,CB,4.7891426
tcr_26_1,C,A,F,T,1,187,CA,N,9.156671
tcr_26_1,C,A,F,E,1,190,CA,CA,9.425222
tcr_26_1,C,A,F,E,1,190,CA,N,9.375578
tcr_26_1,C,A,F,G,1,186,CA,O,9.8136635
tcr_26_1,C,A,F,V,1,189,CA,N,8.943464
tcr_26_1,C,A,F,V,1,189,CA,CA,9.93216
tcr_26_1,C,A,F,V,1,189,CA,C,9.671638
tcr_26_1,C,A,F,C,1,188,CA,N,7.3019876
tcr_26_1,C,A,F,C,1,188,CA,C,7.7242765
tcr_26_1,C,A,F,C,1,188,CA,CB,7.8255105
tcr_26_1,C,A,F,C,1,125,CA,SG,9.354442
tcr_26_1,C,A,F,C,1,188,CA,CA,7.0170035
tcr_26_1,C,A,F,C,1,188,CA,SG,7.8966365
tcr_26_1,C,A,F,C,1,188,CA,O,7.336576
tcr_26_1,C,A,F,L,1,192,CA,CB,8.761312
tcr_26_1,C,A,F,L,1,192,CA,N,7.2570224
tcr_26_1,C,A,F,W,1,191,CA,C,6.7583895
tcr_26_1,C,A,F,M,1,29,CA,CE,5.15789
tcr_26_1,C,A,F,Y,1,183,CA,CD2,7.120003
tcr_26_1,C,A,F,R,1,86,CA,NE,8.91217
tcr_26_1,C,A,F,R,1,86,CA,CZ,9.423252
tcr_26_1,C,A,F,Y,1,183,CA,CB,9.648415
tcr_26_1,C,A,F,Y,1,183,CA,CE2,5.8562007
tcr_26_1,C,A,F,Y,1,183,CA,CD1,8.393233
tcr_26_1,C,A,F,Y,1,183,CA,CG,8.300117
tcr_26_1,C,A,F,Y,1,183,CA,CZ,6.005797
tcr_26_1,C,A,F,Y,1,183,CA,OH,5.0851455
tcr_26_1,C,A,F,Y,1,183,CA,CE1,7.3585396
tcr_26_1,C,A,F,Y,1,183,CA,O,9.242621
tcr_26_1,C,A,F,Y,1,183,CA,C,9.986245
tcr_26_1,C,A,F,R,1,194,CA,NE,9.143251
tcr_26_1,C,A,F,E,1,79,CA,CB,9.259363
tcr_26_1,C,A,F,E,1,79,CA,OE1,8.800781
tcr_26_1,C,A,F,E,1,79,CA,OE2,9.207305
tcr_26_1,C,A,F,E,1,79,CA,CD,8.799866
tcr_26_1,C,A,F,E,1,79,CA,CG,8.600014
tcr_26_1,C,A,F,Y,1,195,CA,CD1,6.8848524
tcr_26_1,C,A,F,Y,1,195,CA,CG,7.0026093
tcr_26_1,C,A,F,Y,1,195,CA,N,9.1906805
tcr_26_1,C,A,F,V,1,76,CA,CB,9.051489
tcr_26_1,C,A,F,Y,1,195,CA,CA,9.419242
tcr_26_1,C,A,F,Y,1,195,CA,CB,8.426988
tcr_26_1,C,A,F,W,1,75,CA,CZ3,9.096148
tcr_26_1,C,A,F,W,1,75,CA,CH2,9.476189
tcr_26_1,C,A,F,Y,1,83,CA,CA,8.6397915
tcr_26_1,C,A,F,Y,1,83,CA,CB,8.2954235
tcr_26_1,C,A,F,Y,1,83,CA,CG,6.992439
tcr_26_1,C,A,F,R,1,86,CA,CD,8.31582
tcr_26_1,C,A,F,R,1,86,CA,CA,9.357314
tcr_26_1,C,A,F,R,1,86,CA,CG,8.565358
tcr_26_1,C,A,F,R,1,86,CA,CB,8.803142
tcr_26_1,C,A,F,Y,1,83,CA,CD2,5.889584
tcr_26_1,C,A,F,W,1,191,CA,CH2,6.052319
tcr_26_1,C,A,F,E,1,87,CA,N,7.6598797
tcr_26_1,C,A,F,Y,1,83,CA,O,7.8631945
tcr_26_1,C,A,F,Y,1,83,CA,C,8.51154
tcr_26_1,C,A,F,Y,1,83,CA,CD1,7.1055884
tcr_26_1,C,A,F,E,1,87,CA,CB,6.3933063
tcr_26_1,C,A,F,E,1,87,CA,CA,7.042932
tcr_26_1,C,A,F,W,1,84,CA,N,9.423805
tcr_26_1,C,A,F,W,1,84,CA,CA,9.704717
tcr_26_1,C,A,F,Y,1,195,CA,CE1,5.761481
tcr_26_1,C,A,F,E,1,87,CA,OE1,4.1031423
tcr_26_1,C,A,F,K,1,90,CA,NZ,4.743625
tcr_26_1,C,A,F,Y,1,195,CA,CZ,4.5099487
tcr_26_1,C,A,F,Y,1,195,CA,CE2,4.665276
tcr_26_1,C,A,F,W,1,191,CA,CE3,4.9044795
tcr_26_1,C,A,F,W,1,191,CA,CZ3,5.589124
tcr_26_1,C,A,F,Y,1,195,CA,OH,3.4870543
tcr_26_1,C,A,F,Y,1,31,CA,OH,3.3222423
tcr_26_1,C,A,F,Y,1,83,CA,CE2,4.72047
tcr_26_1,C,A,F,E,1,87,CA,CD,4.0145516
tcr_26_1,C,A,F,E,1,87,CA,OE2,3.5309515
tcr_26_1,C,A,F,V,1,76,CA,CG1,9.704894
tcr_26_1,C,A,F,Y,1,83,CA,CZ,4.900922
tcr_26_1,C,A,F,Y,1,83,CA,OH,4.2075515
tcr_26_1,C,A,F,V,1,76,CA,CG2,7.6493654
tcr_26_1,C,A,F,Y,1,83,CA,CE1,6.177294
tcr_26_1,C,A,F,E,1,87,CA,CG,5.1475286
tcr_26_1,C,A,F,V,1,58,CA,CB,8.076091
tcr_26_1,C,A,F,F,1,57,CA,CD2,7.1657
tcr_26_1,C,A,F,V,1,58,CA,CG1,7.35831
tcr_26_1,C,A,F,F,1,57,CA,CE2,5.8582606
tcr_26_1,C,A,F,Y,1,31,CA,CZ,4.3690376
tcr_26_1,C,A,F,Y,1,195,CA,CD2,6.003014
tcr_26_1,C,A,F,Y,1,31,CA,CD2,6.076524
tcr_26_1,C,A,F,M,1,29,CA,CB,7.985638
tcr_26_1,C,A,F,M,1,29,CA,SD,5.247367
tcr_26_1,C,A,F,L,1,192,CA,CD1,9.815439
tcr_26_1,C,A,F,M,1,29,CA,CG,6.773118
tcr_26_1,C,A,F,Y,1,31,CA,CE2,4.7830367
tcr_26_1,C,A,F,Y,1,31,CA,CE1,5.4171157
tcr_26_1,C,A,F,V,1,52,CA,CG2,8.973758
tcr_26_1,C,A,F,R,1,30,CA,O,9.297087
tcr_26_1,C,A,F,F,1,57,CA,CZ,5.817021
tcr_26_1,C,A,F,F,1,57,CA,CE1,7.103766
tcr_26_1,C,A,F,F,1,57,CA,CG,8.249888
tcr_26_1,C,A,F,G,1,50,CA,O,9.979736
tcr_26_1,C,A,F,G,1,50,CA,C,9.428162
tcr_26_1,C,A,F,G,1,50,CA,N,9.571636
tcr_26_1,C,A,F,Y,1,51,CA,N,9.628044
tcr_26_1,C,A,F,G,1,50,CA,CA,8.708372
tcr_26_1,C,A,F,F,1,57,CA,CD1,8.214761
tcr_26_1,C,A,F,F,1,57,CA,CB,9.634141
tcr_26_1,C,A,F,R,1,86,CA,C,8.435073
tcr_26_1,C,A,F,R,1,86,CA,O,8.660983
tcr_26_1,C,A,F,T,1,88,CA,N,9.367818
tcr_26_1,C,A,F,K,1,90,CA,CD,6.2435884
tcr_26_1,C,A,F,K,1,90,CA,N,9.97147
tcr_26_1,C,A,F,K,1,90,CA,CA,9.515938
tcr_26_1,C,A,F,E,1,87,CA,C,8.258864
tcr_26_1,C,A,F,K,1,90,CA,CB,8.027579
tcr_26_1,C,A,F,K,1,90,CA,CE,6.108821
tcr_26_1,C,A,F,E,1,87,CA,O,8.389156
tcr_26_1,C,A,F,K,1,90,CA,CG,7.7298546
tcr_26_1,C,A,F,Y,1,91,CA,N,9.910062
tcr_26_1,C,A,F,Y,1,91,CA,CE1,8.368581
tcr_26_1,C,A,F,Y,1,31,CA,CD1,6.5849285
tcr_26_1,C,A,F,Y,1,91,CA,CD2,8.751583
tcr_26_1,C,A,F,Y,1,91,CA,CE2,7.769196
tcr_26_1,C,A,F,Y,1,91,CA,CZ,7.548988
tcr_26_1,C,A,F,Y,1,91,CA,OH,6.819053
tcr_26_1,C,A,F,Y,1,91,CA,CD1,9.287439
tcr_26_1,C,A,F,F,1,123,CA,CZ,7.771039
tcr_26_1,C,A,F,Y,1,91,CA,CG,9.461874
tcr_26_1,C,A,F,F,1,123,CA,CE2,7.517722
tcr_26_1,C,A,F,F,1,123,CA,CD2,8.678356
tcr_26_1,C,A,F,F,1,123,CA,CG,9.896962
tcr_26_1,C,A,F,Y,1,31,CA,N,9.310664
tcr_26_1,C,A,F,F,1,123,CA,CE1,9.106054
tcr_26_1,C,A,F,Y,1,31,CA,CG,6.869859
tcr_26_1,C,A,F,Y,1,31,CA,CB,8.295713
tcr_26_1,C,A,F,Y,1,31,CA,CA,9.301415
tcr_26_1,C,A,F,Y,1,51,CA,C,9.969383
tcr_26_1,C,A,F,Y,1,51,CA,O,9.346922
tcr_26_1,C,A,F,M,1,29,CA,CA,9.28084
tcr_26_1,C,A,F,M,1,29,CA,C,9.495118
tcr_26_1,C,A,F,R,1,30,CA,C,9.397675
tcr_26_1,C,A,F,R,1,30,CA,N,9.55749
tcr_26_1,C,A,F,M,1,29,CA,O,9.840835
tcr_26_1,C,A,F,W,1,84,CA,CZ2,9.435719
tcr_26_1,C,A,F,W,1,84,CA,CZ3,8.735353
tcr_26_1,C,A,F,W,1,84,CA,CH2,8.860425
tcr_26_1,C,A,F,W,1,84,CA,CE2,9.848434
tcr_26_1,C,A,F,W,1,84,CA,CD2,9.722417
tcr_26_1,C,A,F,W,1,84,CA,CE3,9.17544
tcr_26_1,C,A,F,V,1,58,CA,CG2,8.177564
tcr_26_1,C,A,F,V,1,58,CA,N,9.731143
tcr_26_1,C,A,F,V,1,58,CA,CA,9.531943
tcr_26_1,C,A,F,E,1,190,C,O,9.856754
tcr_26_1,C,A,F,W,1,191,C,O,8.096412
tcr_26_1,C,A,F,E,1,190,C,C,9.165358
tcr_26_1,C,A,F,L,1,192,C,CA,8.810731
tcr_26_1,C,A,F,W,1,191,C,CD2,5.934629
tcr_26_1,C,A,F,T,1,187,C,OG1,7.9583435
tcr_26_1,C,A,F,W,1,191,C,CE2,6.3573728
tcr_26_1,C,A,F,W,1,191,C,CZ2,7.090294
tcr_26_1,C,A,F,W,1,191,C,CD1,5.878482
tcr_26_1,C,A,F,R,1,86,C,NH1,9.629537
tcr_26_1,C,A,F,T,1,187,C,CG2,5.8223357
tcr_26_1,C,A,F,W,1,191,C,NE1,6.3015413
tcr_26_1,C,A,F,W,1,191,C,CG,5.616519
tcr_26_1,C,A,F,T,1,187,C,CB,6.9463787
tcr_26_1,C,A,F,T,1,187,C,CA,7.660471
tcr_26_1,C,A,F,T,1,187,C,O,6.6158824
tcr_26_1,C,A,F,W,1,191,C,N,7.843722
tcr_26_1,C,A,F,T,1,187,C,C,6.931338
tcr_26_1,C,A,F,W,1,191,C,CA,7.1544905
tcr_26_1,C,A,F,W,1,191,C,CB,5.6622386
tcr_26_1,C,A,F,T,1,187,C,N,8.950534
tcr_26_1,C,A,F,E,1,190,C,CA,9.990659
tcr_26_1,C,A,F,E,1,190,C,N,9.741105
tcr_26_1,C,A,F,G,1,186,C,O,9.817899
tcr_26_1,C,A,F,G,1,186,C,C,9.891782
tcr_26_1,C,A,F,V,1,189,C,N,8.89843
tcr_26_1,C,A,F,V,1,189,C,C,9.997168
tcr_26_1,C,A,F,C,1,188,C,N,7.00405
tcr_26_1,C,A,F,C,1,188,C,C,7.673373
tcr_26_1,C,A,F,C,1,188,C,CB,7.283221
tcr_26_1,C,A,F,C,1,125,C,SG,9.005357
tcr_26_1,C,A,F,C,1,188,C,CA,6.724659
tcr_26_1,C,A,F,C,1,188,C,SG,7.3294144
tcr_26_1,C,A,F,C,1,188,C,O,7.4558578
tcr_26_1,C,A,F,L,1,192,C,CB,9.152246
tcr_26_1,C,A,F,L,1,192,C,N,7.91695
tcr_26_1,C,A,F,W,1,191,C,C,7.6313357
tcr_26_1,C,A,F,M,1,29,C,CE,4.9858146
tcr_26_1,C,A,F,C,1,125,C,N,9.972061
tcr_26_1,C,A,F,Y,1,183,C,CD2,6.1058125
tcr_26_1,C,A,F,R,1,86,C,NE,9.071069
tcr_26_1,C,A,F,R,1,86,C,CZ,9.634778
tcr_26_1,C,A,F,Y,1,183,C,CB,8.61289
tcr_26_1,C,A,F,Y,1,183,C,CE2,4.799108
tcr_26_1,C,A,F,Y,1,183,C,CA,9.258246
tcr_26_1,C,A,F,Y,1,183,C,CD1,7.249202
tcr_26_1,C,A,F,Y,1,183,C,CG,7.221264
tcr_26_1,C,A,F,Y,1,183,C,CZ,4.8606067
tcr_26_1,C,A,F,Y,1,183,C,OH,3.9385867
tcr_26_1,C,A,F,Y,1,183,C,CE1,6.195617
tcr_26_1,C,A,F,Y,1,183,C,O,8.585807
tcr_26_1,C,A,F,Y,1,183,C,C,9.189076
tcr_26_1,C,A,F,G,1,124,C,CA,9.114868
tcr_26_1,C,A,F,G,1,124,C,N,9.588501
tcr_26_1,C,A,F,F,1,123,C,CB,9.817672
tcr_26_1,C,A,F,Y,1,195,C,CD1,8.192753
tcr_26_1,C,A,F,Y,1,195,C,CG,8.150068
tcr_26_1,C,A,F,Y,1,195,C,CB,9.505259
tcr_26_1,C,A,F,Y,1,83,C,CA,9.637762
tcr_26_1,C,A,F,Y,1,83,C,CB,9.467567
tcr_26_1,C,A,F,Y,1,83,C,CG,8.207639
tcr_26_1,C,A,F,R,1,86,C,CD,8.63036
tcr_26_1,C,A,F,R,1,86,C,CA,9.591836
tcr_26_1,C,A,F,R,1,86,C,CG,8.753691
tcr_26_1,C,A,F,R,1,86,C,CB,9.161334
tcr_26_1,C,A,F,Y,1,83,C,CD2,7.169266
tcr_26_1,C,A,F,W,1,191,C,CH2,7.395645
tcr_26_1,C,A,F,E,1,87,C,N,7.8719893
tcr_26_1,C,A,F,Y,1,83,C,O,8.580881
tcr_26_1,C,A,F,Y,1,83,C,C,9.378863
tcr_26_1,C,A,F,Y,1,83,C,CD1,8.27609
tcr_26_1,C,A,F,E,1,87,C,CB,6.6631155
tcr_26_1,C,A,F,E,1,87,C,CA,7.1028037
tcr_26_1,C,A,F,Y,1,195,C,CE1,7.143613
tcr_26_1,C,A,F,E,1,87,C,OE1,4.410088
tcr_26_1,C,A,F,K,1,90,C,NZ,4.4921827
tcr_26_1,C,A,F,Y,1,195,C,CZ,5.8227677
tcr_26_1,C,A,F,Y,1,195,C,CE2,5.7420306
tcr_26_1,C,A,F,W,1,191,C,CE3,6.30909
tcr_26_1,C,A,F,W,1,191,C,CZ3,7.037059
tcr_26_1,C,A,F,Y,1,195,C,OH,4.8822436
tcr_26_1,C,A,F,Y,1,31,C,OH,3.1854389
tcr_26_1,C,A,F,Y,1,83,C,CE2,6.0661445
tcr_26_1,C,A,F,E,1,87,C,CD,4.3268986
tcr_26_1,C,A,F,E,1,87,C,OE2,3.5511155
tcr_26_1,C,A,F,Y,1,83,C,CZ,6.170627
tcr_26_1,C,A,F,Y,1,83,C,OH,5.4423647
tcr_26_1,C,A,F,V,1,76,C,CG2,8.861884
tcr_26_1,C,A,F,Y,1,83,C,CE1,7.3458066
tcr_26_1,C,A,F,E,1,87,C,CG,5.6636963
tcr_26_1,C,A,F,V,1,58,C,CB,8.375376
tcr_26_1,C,A,F,F,1,57,C,CD2,7.87484
tcr_26_1,C,A,F,V,1,58,C,CG1,7.447332
tcr_26_1,C,A,F,F,1,57,C,CE2,6.498503
tcr_26_1,C,A,F,Y,1,31,C,CZ,3.802228
tcr_26_1,C,A,F,Y,1,195,C,CD2,7.0111375
tcr_26_1,C,A,F,Y,1,31,C,CD2,5.1107407
tcr_26_1,C,A,F,M,1,29,C,CB,7.8852024
tcr_26_1,C,A,F,M,1,29,C,SD,5.3879843
tcr_26_1,C,A,F,M,1,29,C,CG,6.6749163
tcr_26_1,C,A,F,Y,1,31,C,CE2,3.9931796
tcr_26_1,C,A,F,Y,1,31,C,CE1,4.814003
tcr_26_1,C,A,F,V,1,52,C,CG2,9.520146
tcr_26_1,C,A,F,R,1,30,C,O,8.752689
tcr_26_1,C,A,F,F,1,57,C,CZ,6.213478
tcr_26_1,C,A,F,F,1,57,C,CE1,7.406297
tcr_26_1,C,A,F,F,1,57,C,CG,8.852762
tcr_26_1,C,A,F,V,1,49,C,C,9.810457
tcr_26_1,C,A,F,G,1,50,C,C,9.311129
tcr_26_1,C,A,F,G,1,50,C,N,9.246549
tcr_26_1,C,A,F,Y,1,51,C,N,9.475091
tcr_26_1,C,A,F,G,1,50,C,CA,8.425131
tcr_26_1,C,A,F,F,1,57,C,CD1,8.638926
tcr_26_1,C,A,F,R,1,86,C,C,8.5315075
tcr_26_1,C,A,F,R,1,86,C,O,8.541352
tcr_26_1,C,A,F,T,1,88,C,N,9.372017
tcr_26_1,C,A,F,K,1,90,C,CD,5.610409
tcr_26_1,C,A,F,K,1,90,C,N,9.408759
tcr_26_1,C,A,F,K,1,90,C,CA,8.756249
tcr_26_1,C,A,F,E,1,87,C,C,8.156193
tcr_26_1,C,A,F,K,1,90,C,CB,7.2571173
tcr_26_1,C,A,F,K,1,90,C,CE,5.6958923
tcr_26_1,C,A,F,E,1,87,C,O,8.064836
tcr_26_1,C,A,F,K,1,90,C,CG,7.0633945
tcr_26_1,C,A,F,Y,1,91,C,N,9.160038
tcr_26_1,C,A,F,Y,1,91,C,CA,9.906624
tcr_26_1,C,A,F,K,1,90,C,O,9.750183
tcr_26_1,C,A,F,K,1,90,C,C,9.154568
tcr_26_1,C,A,F,Y,1,91,C,CE1,7.6704907
tcr_26_1,C,A,F,Y,1,31,C,CD1,5.773407
tcr_26_1,C,A,F,Y,1,91,C,CD2,8.349822
tcr_26_1,C,A,F,Y,1,91,C,CE2,7.454653
tcr_26_1,C,A,F,Y,1,91,C,CZ,7.072739
tcr_26_1,C,A,F,Y,1,91,C,OH,6.44571
tcr_26_1,C,A,F,Y,1,91,C,CD1,8.5444
tcr_26_1,C,A,F,F,1,123,C,CZ,6.330275
tcr_26_1,C,A,F,Y,1,91,C,CG,8.855135
tcr_26_1,C,A,F,F,1,123,C,CE2,6.1016793
tcr_26_1,C,A,F,Y,1,91,C,CB,9.999862
tcr_26_1,C,A,F,F,1,123,C,CD2,7.310227
tcr_26_1,C,A,F,F,1,123,C,CG,8.513077
tcr_26_1,C,A,F,Y,1,31,C,N,8.439636
tcr_26_1,C,A,F,F,1,123,C,CD1,8.669882
tcr_26_1,C,A,F,F,1,123,C,CE1,7.681715
tcr_26_1,C,A,F,Y,1,31,C,CG,5.901166
tcr_26_1,C,A,F,Y,1,31,C,CB,7.231866
tcr_26_1,C,A,F,Y,1,31,C,CA,8.37298
tcr_26_1,C,A,F,V,1,49,C,O,9.650387
tcr_26_1,C,A,F,Y,1,31,C,C,9.710369
tcr_26_1,C,A,F,Y,1,51,C,O,9.29859
tcr_26_1,C,A,F,M,1,29,C,CA,9.095033
tcr_26_1,C,A,F,M,1,29,C,C,9.074576
tcr_26_1,C,A,F,R,1,30,C,C,8.711281
tcr_26_1,C,A,F,R,1,30,C,CA,9.412036
tcr_26_1,C,A,F,R,1,30,C,N,9.101504
tcr_26_1,C,A,F,M,1,29,C,O,9.288443
tcr_26_1,C,A,F,F,1,123,C,O,8.930581
tcr_26_1,C,A,F,F,1,123,C,C,9.47806
tcr_26_1,C,A,F,W,1,84,C,CZ3,9.463947
tcr_26_1,C,A,F,W,1,84,C,CH2,9.734898
tcr_26_1,C,A,F,W,1,84,C,CE3,9.918059
tcr_26_1,C,A,F,V,1,58,C,CG2,8.433779
tcr_26_1,C,A,F,V,1,58,C,CA,9.827603
tcr_26_1,C,A,F,E,1,190,O,O,9.499414
tcr_26_1,C,A,F,V,1,189,O,O,9.690851
tcr_26_1,C,A,F,W,1,191,O,O,7.933697
tcr_26_1,C,A,F,E,1,190,O,C,8.706418
tcr_26_1,C,A,F,L,1,192,O,CA,8.316557
tcr_26_1,C,A,F,L,1,192,O,C,9.715498
tcr_26_1,C,A,F,L,1,192,O,CG,9.672838
tcr_26_1,C,A,F,W,1,191,O,CD2,6.1697755
tcr_26_1,C,A,F,T,1,187,O,OG1,7.3117814
tcr_26_1,C,A,F,W,1,191,O,CE2,6.639964
tcr_26_1,C,A,F,W,1,191,O,CZ2,7.561506
tcr_26_1,C,A,F,W,1,191,O,CD1,5.7276626
tcr_26_1,C,A,F,T,1,187,O,CG2,5.281961
tcr_26_1,C,A,F,W,1,191,O,NE1,6.366815
tcr_26_1,C,A,F,W,1,191,O,CG,5.558755
tcr_26_1,C,A,F,T,1,187,O,CB,6.211944
tcr_26_1,C,A,F,E,1,190,O,CB,9.495291
tcr_26_1,C,A,F,T,1,187,O,CA,6.87544
tcr_26_1,C,A,F,T,1,187,O,O,5.8680162
tcr_26_1,C,A,F,W,1,191,O,N,7.381788
tcr_26_1,C,A,F,T,1,187,O,C,6.061382
tcr_26_1,C,A,F,W,1,191,O,CA,6.86218
tcr_26_1,C,A,F,W,1,191,O,CB,5.4197016
tcr_26_1,C,A,F,T,1,187,O,N,8.083976
tcr_26_1,C,A,F,E,1,190,O,CA,9.406511
tcr_26_1,C,A,F,E,1,190,O,N,9.002504
tcr_26_1,C,A,F,G,1,186,O,O,8.938232
tcr_26_1,C,A,F,G,1,186,O,C,8.994012
tcr_26_1,C,A,F,L,1,184,O,C,9.802069
tcr_26_1,C,A,F,L,1,184,O,O,9.658137
tcr_26_1,C,A,F,V,1,189,O,N,7.9040723
tcr_26_1,C,A,F,V,1,189,O,CA,9.105363
tcr_26_1,C,A,F,V,1,189,O,C,9.204245
tcr_26_1,C,A,F,C,1,188,O,N,5.9749217
tcr_26_1,C,A,F,C,1,188,O,C,6.6871996
tcr_26_1,C,A,F,C,1,188,O,CB,6.0994554
tcr_26_1,C,A,F,C,1,125,O,SG,7.9183803
tcr_26_1,C,A,F,C,1,188,O,CA,5.644099
tcr_26_1,C,A,F,C,1,188,O,SG,6.170543
tcr_26_1,C,A,F,C,1,188,O,O,6.5715284
tcr_26_1,C,A,F,L,1,192,O,CB,8.487333
tcr_26_1,C,A,F,L,1,192,O,CD2,9.926787
tcr_26_1,C,A,F,L,1,192,O,N,7.4211087
tcr_26_1,C,A,F,W,1,191,O,C,7.315021
tcr_26_1,C,A,F,M,1,29,O,CE,4.152396
tcr_26_1,C,A,F,C,1,125,O,CB,9.225182
tcr_26_1,C,A,F,C,1,125,O,N,8.875668
tcr_26_1,C,A,F,C,1,125,O,CA,9.809459
tcr_26_1,C,A,F,Y,1,183,O,CD2,5.145473
tcr_26_1,C,A,F,R,1,86,O,NE,9.74196
tcr_26_1,C,A,F,Y,1,183,O,CB,7.61137
tcr_26_1,C,A,F,Y,1,183,O,CE2,3.7771256
tcr_26_1,C,A,F,Y,1,183,O,CA,8.23177
tcr_26_1,C,A,F,Y,1,183,O,N,9.671829
tcr_26_1,C,A,F,Y,1,183,O,CD1,6.117431
tcr_26_1,C,A,F,Y,1,183,O,CG,6.177126
tcr_26_1,C,A,F,Y,1,183,O,CZ,3.7006762
tcr_26_1,C,A,F,Y,1,183,O,OH,2.7482238
tcr_26_1,C,A,F,Y,1,183,O,CE1,5.0276012
tcr_26_1,C,A,F,Y,1,183,O,O,7.47111
tcr_26_1,C,A,F,Y,1,183,O,C,8.069338
tcr_26_1,C,A,F,G,1,124,O,C,8.892123
tcr_26_1,C,A,F,G,1,124,O,CA,8.074283
tcr_26_1,C,A,F,L,1,184,O,CA,9.064326
tcr_26_1,C,A,F,L,1,184,O,N,8.866936
tcr_26_1,C,A,F,G,1,124,O,N,8.573338
tcr_26_1,C,A,F,L,1,184,O,CD2,8.820759
tcr_26_1,C,A,F,L,1,184,O,CG,9.629068
tcr_26_1,C,A,F,F,1,123,O,CB,8.940198
tcr_26_1,C,A,F,G,1,124,O,O,9.704119
tcr_26_1,C,A,F,Y,1,195,O,CD1,8.543739
tcr_26_1,C,A,F,Y,1,195,O,CG,8.322228
tcr_26_1,C,A,F,Y,1,195,O,CB,9.574601
tcr_26_1,C,A,F,Y,1,83,O,CG,9.3055315
tcr_26_1,C,A,F,R,1,86,O,CD,9.446155
tcr_26_1,C,A,F,R,1,86,O,CG,9.650326
tcr_26_1,C,A,F,Y,1,83,O,CD2,8.200155
tcr_26_1,C,A,F,W,1,191,O,CH2,8.001587
tcr_26_1,C,A,F,E,1,87,O,N,9.01211
tcr_26_1,C,A,F,Y,1,83,O,O,9.76715
tcr_26_1,C,A,F,Y,1,83,O,CD1,9.417885
tcr_26_1,C,A,F,E,1,87,O,CB,7.867266
tcr_26_1,C,A,F,E,1,87,O,CA,8.244967
tcr_26_1,C,A,F,Y,1,195,O,CE1,7.6361394
tcr_26_1,C,A,F,E,1,87,O,OE1,5.5269637
tcr_26_1,C,A,F,K,1,90,O,NZ,5.21265
tcr_26_1,C,A,F,Y,1,195,O,CZ,6.28809
tcr_26_1,C,A,F,Y,1,195,O,CE2,5.963884
tcr_26_1,C,A,F,W,1,191,O,CE3,6.7187314
tcr_26_1,C,A,F,W,1,191,O,CZ3,7.621367
tcr_26_1,C,A,F,Y,1,195,O,OH,5.5522494
tcr_26_1,C,A,F,Y,1,31,O,OH,3.5955315
tcr_26_1,C,A,F,Y,1,83,O,CE2,7.0895243
tcr_26_1,C,A,F,E,1,87,O,CD,5.5323677
tcr_26_1,C,A,F,E,1,87,O,OE2,4.743432
tcr_26_1,C,A,F,Y,1,83,O,CZ,7.2488174
tcr_26_1,C,A,F,Y,1,83,O,OH,6.464156
tcr_26_1,C,A,F,V,1,76,O,CG2,9.693424
tcr_26_1,C,A,F,Y,1,83,O,CE1,8.4737015
tcr_26_1,C,A,F,E,1,87,O,CG,6.892989
tcr_26_1,C,A,F,V,1,58,O,CB,9.172161
tcr_26_1,C,A,F,F,1,57,O,CD2,8.440432
tcr_26_1,C,A,F,V,1,58,O,CG1,8.121269
tcr_26_1,C,A,F,F,1,57,O,CE2,7.0442643
tcr_26_1,C,A,F,Y,1,31,O,CZ,3.93956
tcr_26_1,C,A,F,Y,1,195,O,CD2,7.097134
tcr_26_1,C,A,F,Y,1,31,O,CD2,4.686995
tcr_26_1,C,A,F,M,1,29,O,CB,7.189847
tcr_26_1,C,A,F,M,1,29,O,SD,4.907454
tcr_26_1,C,A,F,L,1,192,O,CD1,9.729254
tcr_26_1,C,A,F,M,1,29,O,CG,6.116966
tcr_26_1,C,A,F,Y,1,31,O,CE2,3.681215
tcr_26_1,C,A,F,Y,1,31,O,CE1,5.0909586
tcr_26_1,C,A,F,V,1,52,O,CG2,9.405605
tcr_26_1,C,A,F,R,1,30,O,O,8.438542
tcr_26_1,C,A,F,F,1,57,O,CZ,6.539766
tcr_26_1,C,A,F,F,1,57,O,CE1,7.5914993
tcr_26_1,C,A,F,F,1,57,O,CG,9.286032
tcr_26_1,C,A,F,G,1,50,O,C,9.442983
tcr_26_1,C,A,F,G,1,50,O,N,9.522986
tcr_26_1,C,A,F,Y,1,51,O,N,9.445717
tcr_26_1,C,A,F,G,1,50,O,CA,8.599073
tcr_26_1,C,A,F,F,1,57,O,CD1,8.902097
tcr_26_1,C,A,F,R,1,86,O,C,9.599818
tcr_26_1,C,A,F,R,1,86,O,O,9.533789
tcr_26_1,C,A,F,K,1,90,O,CD,6.314744
tcr_26_1,C,A,F,K,1,90,O,CA,9.44556
tcr_26_1,C,A,F,E,1,87,O,C,9.250965
tcr_26_1,C,A,F,K,1,90,O,CB,7.9513984
tcr_26_1,C,A,F,K,1,90,O,CE,6.369573
tcr_26_1,C,A,F,E,1,87,O,O,9.073242
tcr_26_1,C,A,F,K,1,90,O,CG,7.7415175
tcr_26_1,C,A,F,Y,1,91,O,N,9.904536
tcr_26_1,C,A,F,K,1,90,O,C,9.806063
tcr_26_1,C,A,F,Y,1,91,O,CE1,8.329079
tcr_26_1,C,A,F,Y,1,31,O,CD1,5.856788
tcr_26_1,C,A,F,Y,1,91,O,CD2,9.279767
tcr_26_1,C,A,F,Y,1,91,O,CE2,8.398367
tcr_26_1,C,A,F,Y,1,91,O,CZ,7.8766313
tcr_26_1,C,A,F,Y,1,91,O,OH,7.219155
tcr_26_1,C,A,F,Y,1,91,O,CD1,9.219664
tcr_26_1,C,A,F,F,1,123,O,CZ,5.808806
tcr_26_1,C,A,F,Y,1,91,O,CG,9.660416
tcr_26_1,C,A,F,F,1,123,O,CE2,5.3382897
tcr_26_1,C,A,F,F,1,123,O,CD2,6.435469
tcr_26_1,C,A,F,F,1,123,O,CG,7.7173758
tcr_26_1,C,A,F,Y,1,31,O,N,7.948415
tcr_26_1,C,A,F,F,1,123,O,CD1,8.042105
tcr_26_1,C,A,F,F,1,123,O,CE1,7.1975446
tcr_26_1,C,A,F,Y,1,31,O,CG,5.6873865
tcr_26_1,C,A,F,Y,1,31,O,CB,6.9237227
tcr_26_1,C,A,F,Y,1,31,O,CA,8.043139
tcr_26_1,C,A,F,V,1,49,O,O,9.733643
tcr_26_1,C,A,F,Y,1,31,O,C,9.367324
tcr_26_1,C,A,F,Y,1,51,O,C,9.855194
tcr_26_1,C,A,F,Y,1,51,O,O,9.010024
tcr_26_1,C,A,F,M,1,29,O,N,9.542881
tcr_26_1,C,A,F,M,1,29,O,CA,8.413768
tcr_26_1,C,A,F,M,1,29,O,C,8.34175
tcr_26_1,C,A,F,R,1,30,O,C,8.244785
tcr_26_1,C,A,F,R,1,30,O,CA,8.799403
tcr_26_1,C,A,F,R,1,30,O,N,8.491005
tcr_26_1,C,A,F,M,1,29,O,O,8.430816
tcr_26_1,C,A,F,F,1,123,O,O,8.116716
tcr_26_1,C,A,F,F,1,123,O,C,8.569998
tcr_26_1,C,A,F,F,1,123,O,CA,9.461398
tcr_26_1,C,A,F,Y,1,31,O,O,9.729986
tcr_26_1,C,A,F,V,1,58,O,CG2,9.354131
tcr_26_1,C,A,F,R,1,194,CB,CA,9.27535
tcr_26_1,C,A,F,E,1,190,CB,O,7.854165
tcr_26_1,C,A,F,R,1,194,CB,CG,8.513018
tcr_26_1,C,A,F,R,1,194,CB,NH1,9.789002
tcr_26_1,C,A,F,R,1,194,CB,CD,7.6789117
tcr_26_1,C,A,F,R,1,194,CB,CB,8.203562
tcr_26_1,C,A,F,V,1,189,CB,O,9.060981
tcr_26_1,C,A,F,R,1,194,CB,N,9.24997
tcr_26_1,C,A,F,W,1,191,CB,O,6.4419365
tcr_26_1,C,A,F,E,1,190,CB,C,7.264733
tcr_26_1,C,A,F,R,1,193,CB,N,9.294587
tcr_26_1,C,A,F,L,1,192,CB,CA,7.7528763
tcr_26_1,C,A,F,L,1,192,CB,C,8.870163
tcr_26_1,C,A,F,L,1,192,CB,O,9.472886
tcr_26_1,C,A,F,L,1,192,CB,CG,9.7540455
tcr_26_1,C,A,F,E,1,190,CB,CD,9.753708
tcr_26_1,C,A,F,W,1,191,CB,CD2,3.432893
tcr_26_1,C,A,F,T,1,187,CB,OG1,7.148239
tcr_26_1,C,A,F,W,1,191,CB,CE2,3.8601787
tcr_26_1,C,A,F,W,1,191,CB,CZ2,4.6778417
tcr_26_1,C,A,F,W,1,191,CB,CD1,3.647354
tcr_26_1,C,A,F,R,1,86,CB,NH1,8.41111
tcr_26_1,C,A,F,T,1,187,CB,CG2,4.808825
tcr_26_1,C,A,F,E,1,190,CB,OE2,8.942955
tcr_26_1,C,A,F,W,1,191,CB,NE1,3.9500499
tcr_26_1,C,A,F,W,1,191,CB,CG,3.2969453
tcr_26_1,C,A,F,T,1,187,CB,CB,6.146737
tcr_26_1,C,A,F,E,1,190,CB,CB,8.1370735
tcr_26_1,C,A,F,T,1,187,CB,CA,6.603277
tcr_26_1,C,A,F,E,1,190,CB,CG,9.49655
tcr_26_1,C,A,F,T,1,187,CB,O,5.322742
tcr_26_1,C,A,F,W,1,191,CB,N,6.0112867
tcr_26_1,C,A,F,T,1,187,CB,C,5.9619813
tcr_26_1,C,A,F,W,1,191,CB,CA,5.2448773
tcr_26_1,C,A,F,W,1,191,CB,CB,3.7430458
tcr_26_1,C,A,F,T,1,187,CB,N,8.038972
tcr_26_1,C,A,F,E,1,190,CB,CA,8.207805
tcr_26_1,C,A,F,E,1,190,CB,N,8.269843
tcr_26_1,C,A,F,G,1,186,CB,O,8.678727
tcr_26_1,C,A,F,G,1,186,CB,C,8.894269
tcr_26_1,C,A,F,V,1,189,CB,N,8.160423
tcr_26_1,C,A,F,V,1,189,CB,CA,9.113223
tcr_26_1,C,A,F,V,1,189,CB,C,8.72121
tcr_26_1,C,A,F,C,1,188,CB,N,6.476837
tcr_26_1,C,A,F,C,1,188,CB,C,7.039407
tcr_26_1,C,A,F,C,1,188,CB,CB,7.4339347
tcr_26_1,C,A,F,C,1,125,CB,SG,9.177736
tcr_26_1,C,A,F,C,1,188,CB,CA,6.402398
tcr_26_1,C,A,F,C,1,188,CB,SG,7.8058214
tcr_26_1,C,A,F,C,1,188,CB,O,6.721082
tcr_26_1,C,A,F,L,1,192,CB,CB,8.425289
tcr_26_1,C,A,F,L,1,192,CB,N,6.6335974
tcr_26_1,C,A,F,W,1,191,CB,C,6.022046
tcr_26_1,C,A,F,M,1,29,CB,CE,5.3232017
tcr_26_1,C,A,F,Y,1,183,CB,CD2,6.748653
tcr_26_1,C,A,F,R,1,86,CB,NE,8.425097
tcr_26_1,C,A,F,R,1,86,CB,NH2,9.681294
tcr_26_1,C,A,F,R,1,86,CB,CZ,8.74155
tcr_26_1,C,A,F,Y,1,183,CB,CB,9.238463
tcr_26_1,C,A,F,Y,1,183,CB,CE2,5.6296945
tcr_26_1,C,A,F,Y,1,183,CB,CA,9.512369
tcr_26_1,C,A,F,Y,1,183,CB,CD1,8.276672
tcr_26_1,C,A,F,Y,1,183,CB,CG,8.003649
tcr_26_1,C,A,F,Y,1,183,CB,CZ,6.028297
tcr_26_1,C,A,F,Y,1,183,CB,OH,5.348165
tcr_26_1,C,A,F,Y,1,183,CB,CE1,7.399875
tcr_26_1,C,A,F,Y,1,183,CB,O,8.56673
tcr_26_1,C,A,F,Y,1,183,CB,C,9.398893
tcr_26_1,C,A,F,R,1,194,CB,NE,8.286504
tcr_26_1,C,A,F,E,1,79,CB,CB,9.245541
tcr_26_1,C,A,F,E,1,79,CB,OE1,8.368541
tcr_26_1,C,A,F,R,1,194,CB,NH2,9.845734
tcr_26_1,C,A,F,R,1,194,CB,CZ,9.24293
tcr_26_1,C,A,F,E,1,79,CB,OE2,8.730047
tcr_26_1,C,A,F,E,1,79,CB,CD,8.445913
tcr_26_1,C,A,F,E,1,79,CB,CG,8.513943
tcr_26_1,C,A,F,Y,1,195,CB,CD1,6.809578
tcr_26_1,C,A,F,Y,1,195,CB,CG,6.983036
tcr_26_1,C,A,F,R,1,194,CB,C,9.435712
tcr_26_1,C,A,F,Y,1,195,CB,N,8.727739
tcr_26_1,C,A,F,V,1,76,CB,CB,9.632964
tcr_26_1,C,A,F,Y,1,195,CB,CA,9.183626
tcr_26_1,C,A,F,Y,1,195,CB,CB,8.371139
tcr_26_1,C,A,F,W,1,75,CB,CZ3,9.515365
tcr_26_1,C,A,F,Y,1,83,CB,N,9.945893
tcr_26_1,C,A,F,Y,1,83,CB,CA,8.588614
tcr_26_1,C,A,F,Y,1,83,CB,CB,8.196319
tcr_26_1,C,A,F,Y,1,83,CB,CG,7.0204277
tcr_26_1,C,A,F,R,1,86,CB,CD,7.943554
tcr_26_1,C,A,F,R,1,86,CB,CA,9.587234
tcr_26_1,C,A,F,R,1,86,CB,CG,8.459048
tcr_26_1,C,A,F,R,1,86,CB,CB,8.806685
tcr_26_1,C,A,F,Y,1,83,CB,CD2,5.7428493
tcr_26_1,C,A,F,W,1,191,CB,CH2,5.052979
tcr_26_1,C,A,F,E,1,87,CB,N,8.203934
tcr_26_1,C,A,F,Y,1,83,CB,O,8.156332
tcr_26_1,C,A,F,Y,1,83,CB,C,8.7215185
tcr_26_1,C,A,F,Y,1,83,CB,CD1,7.408501
tcr_26_1,C,A,F,E,1,87,CB,CB,7.293285
tcr_26_1,C,A,F,E,1,87,CB,CA,7.826655
tcr_26_1,C,A,F,W,1,84,CB,N,9.74643
tcr_26_1,C,A,F,Y,1,195,CB,CE1,5.7399387
tcr_26_1,C,A,F,E,1,87,CB,OE1,4.5177326
tcr_26_1,C,A,F,K,1,90,CB,NZ,4.757873
tcr_26_1,C,A,F,Y,1,195,CB,CZ,4.65388
tcr_26_1,C,A,F,Y,1,195,CB,CE2,4.881365
tcr_26_1,C,A,F,W,1,191,CB,CE3,3.9431207
tcr_26_1,C,A,F,W,1,191,CB,CZ3,4.7326126
tcr_26_1,C,A,F,Y,1,195,CB,OH,3.7849827
tcr_26_1,C,A,F,Y,1,31,CB,OH,4.709498
tcr_26_1,C,A,F,Y,1,83,CB,CE2,4.7386737
tcr_26_1,C,A,F,E,1,87,CB,CD,4.79835
tcr_26_1,C,A,F,E,1,87,CB,OE2,4.620831
tcr_26_1,C,A,F,Y,1,83,CB,CZ,5.3110924
tcr_26_1,C,A,F,Y,1,83,CB,OH,4.873801
tcr_26_1,C,A,F,V,1,76,CB,CG2,8.231497
tcr_26_1,C,A,F,Y,1,83,CB,CE1,6.6683416
tcr_26_1,C,A,F,E,1,87,CB,CG,5.927472
tcr_26_1,C,A,F,V,1,58,CB,CB,9.439951
tcr_26_1,C,A,F,F,1,57,CB,CD2,8.188423
tcr_26_1,C,A,F,V,1,58,CB,CG1,8.793162
tcr_26_1,C,A,F,F,1,57,CB,CE2,6.9444733
tcr_26_1,C,A,F,Y,1,31,CB,CZ,5.7291913
tcr_26_1,C,A,F,Y,1,195,CB,CD2,6.1075735
tcr_26_1,C,A,F,Y,1,31,CB,CD2,7.2014365
tcr_26_1,C,A,F,M,1,29,CB,CB,8.362494
tcr_26_1,C,A,F,M,1,29,CB,SD,5.658229
tcr_26_1,C,A,F,L,1,192,CB,CD1,9.798901
tcr_26_1,C,A,F,M,1,29,CB,CG,7.3461347
tcr_26_1,C,A,F,Y,1,31,CB,CE2,5.929519
tcr_26_1,C,A,F,Y,1,31,CB,CE1,6.866956
tcr_26_1,C,A,F,V,1,52,CB,CG2,9.482569
tcr_26_1,C,A,F,F,1,57,CB,CZ,6.9269743
tcr_26_1,C,A,F,F,1,57,CB,CE1,8.164421
tcr_26_1,C,A,F,F,1,57,CB,CG,9.263407
tcr_26_1,C,A,F,F,1,57,CB,CD1,9.2448435
tcr_26_1,C,A,F,R,1,86,CB,C,8.858059
tcr_26_1,C,A,F,R,1,86,CB,O,9.133235
tcr_26_1,C,A,F,K,1,90,CB,CD,6.6961155
tcr_26_1,C,A,F,E,1,87,CB,C,9.158822
tcr_26_1,C,A,F,K,1,90,CB,CB,8.762644
tcr_26_1,C,A,F,K,1,90,CB,CE,6.2199435
tcr_26_1,C,A,F,E,1,87,CB,O,9.366286
tcr_26_1,C,A,F,K,1,90,CB,CG,8.215774
tcr_26_1,C,A,F,Y,1,91,CB,CE1,9.81132
tcr_26_1,C,A,F,Y,1,31,CB,CD1,7.9878573
tcr_26_1,C,A,F,Y,1,91,CB,CE2,9.14107
tcr_26_1,C,A,F,Y,1,91,CB,CZ,9.00241
tcr_26_1,C,A,F,Y,1,91,CB,OH,8.320288
tcr_26_1,C,A,F,F,1,123,CB,CZ,8.711983
tcr_26_1,C,A,F,F,1,123,CB,CE2,8.287485
tcr_26_1,C,A,F,F,1,123,CB,CD2,9.357701
tcr_26_1,C,A,F,Y,1,31,CB,CG,8.137136
tcr_26_1,C,A,F,Y,1,31,CB,CB,9.523245
tcr_26_1,C,A,F,M,1,29,CB,CA,9.773232
tcr_26_1,C,A,F,W,1,84,CB,CZ3,9.740353
tcr_26_1,C,A,F,W,1,84,CB,CH2,9.789491
tcr_26_1,C,A,F,V,1,58,CB,CG2,9.549574
tcr_26_1,C,A,F,E,1,190,CG,O,8.517039
tcr_26_1,C,A,F,R,1,194,CG,CG,9.143159
tcr_26_1,C,A,F,R,1,194,CG,NH1,9.857406
tcr_26_1,C,A,F,R,1,194,CG,CD,8.113847
tcr_26_1,C,A,F,R,1,194,CG,CB,8.932029
tcr_26_1,C,A,F,V,1,189,CG,O,9.9041815
tcr_26_1,C,A,F,W,1,191,CG,O,7.5918055
tcr_26_1,C,A,F,E,1,190,CG,C,7.8800845
tcr_26_1,C,A,F,L,1,192,CG,CA,9.019806
tcr_26_1,C,A,F,E,1,190,CG,CD,9.615667
tcr_26_1,C,A,F,W,1,191,CG,CD2,3.7580762
tcr_26_1,C,A,F,T,1,187,CG,OG1,6.545494
tcr_26_1,C,A,F,W,1,191,CG,CE2,3.6052773
tcr_26_1,C,A,F,W,1,191,CG,CZ2,4.208661
tcr_26_1,C,A,F,W,1,191,CG,CD1,3.7017107
tcr_26_1,C,A,F,R,1,86,CG,NH1,6.961114
tcr_26_1,C,A,F,T,1,187,CG,CG2,4.3094373
tcr_26_1,C,A,F,E,1,190,CG,OE2,8.667771
tcr_26_1,C,A,F,W,1,191,CG,NE1,3.5553153
tcr_26_1,C,A,F,W,1,191,CG,CG,3.8195496
tcr_26_1,C,A,F,T,1,187,CG,CB,5.7893467
tcr_26_1,C,A,F,E,1,190,CG,CB,8.343274
tcr_26_1,C,A,F,T,1,187,CG,CA,6.490636
tcr_26_1,C,A,F,E,1,190,CG,CG,9.59875
tcr_26_1,C,A,F,T,1,187,CG,O,5.7085714
tcr_26_1,C,A,F,W,1,191,CG,N,6.707932
tcr_26_1,C,A,F,T,1,187,CG,C,6.195358
tcr_26_1,C,A,F,W,1,191,CG,CA,6.129507
tcr_26_1,C,A,F,W,1,191,CG,CB,4.686974
tcr_26_1,C,A,F,T,1,187,CG,N,7.9233603
tcr_26_1,C,A,F,E,1,190,CG,CA,8.682421
tcr_26_1,C,A,F,E,1,190,CG,N,8.819558
tcr_26_1,C,A,F,G,1,186,CG,O,8.864567
tcr_26_1,C,A,F,G,1,186,CG,C,8.9136715
tcr_26_1,C,A,F,V,1,189,CG,N,8.853345
tcr_26_1,C,A,F,V,1,189,CG,CA,9.865443
tcr_26_1,C,A,F,V,1,189,CG,C,9.451361
tcr_26_1,C,A,F,C,1,188,CG,N,6.850117
tcr_26_1,C,A,F,C,1,188,CG,C,7.8426237
tcr_26_1,C,A,F,C,1,188,CG,CB,8.114803
tcr_26_1,C,A,F,C,1,188,CG,CA,7.0775743
tcr_26_1,C,A,F,C,1,188,CG,SG,8.73171
tcr_26_1,C,A,F,C,1,188,CG,O,7.7022963
tcr_26_1,C,A,F,L,1,192,CG,CB,9.694137
tcr_26_1,C,A,F,L,1,192,CG,N,7.8002667
tcr_26_1,C,A,F,W,1,191,CG,C,7.13419
tcr_26_1,C,A,F,M,1,29,CG,CE,6.606713
tcr_26_1,C,A,F,Y,1,183,CG,CD2,6.5689893
tcr_26_1,C,A,F,R,1,86,CG,NE,6.9745355
tcr_26_1,C,A,F,R,1,86,CG,NH2,8.176051
tcr_26_1,C,A,F,R,1,86,CG,CZ,7.2556915
tcr_26_1,C,A,F,Y,1,183,CG,CB,9.02255
tcr_26_1,C,A,F,Y,1,183,CG,CE2,5.6496553
tcr_26_1,C,A,F,Y,1,183,CG,CA,9.314376
tcr_26_1,C,A,F,Y,1,183,CG,CD1,8.436605
tcr_26_1,C,A,F,Y,1,183,CG,CG,7.9283996
tcr_26_1,C,A,F,Y,1,183,CG,CZ,6.357703
tcr_26_1,C,A,F,Y,1,183,CG,OH,5.9373116
tcr_26_1,C,A,F,Y,1,183,CG,CE1,7.7502584
tcr_26_1,C,A,F,Y,1,183,CG,O,8.685052
tcr_26_1,C,A,F,Y,1,183,CG,C,9.43466
tcr_26_1,C,A,F,R,1,194,CG,NE,8.614334
tcr_26_1,C,A,F,E,1,79,CG,CB,9.462208
tcr_26_1,C,A,F,E,1,79,CG,OE1,8.830105
tcr_26_1,C,A,F,R,1,194,CG,NH2,9.953306
tcr_26_1,C,A,F,R,1,194,CG,CZ,9.404675
tcr_26_1,C,A,F,E,1,79,CG,OE2,8.84367
tcr_26_1,C,A,F,E,1,79,CG,CD,8.766671
tcr_26_1,C,A,F,E,1,79,CG,CG,8.911228
tcr_26_1,C,A,F,Y,1,195,CG,CD1,7.987251
tcr_26_1,C,A,F,Y,1,195,CG,CG,8.301148
tcr_26_1,C,A,F,Y,1,195,CG,N,9.85337
tcr_26_1,C,A,F,Y,1,195,CG,CB,9.699113
tcr_26_1,C,A,F,E,1,82,CG,O,9.418673
tcr_26_1,C,A,F,E,1,82,CG,C,9.864122
tcr_26_1,C,A,F,Y,1,83,CG,N,9.276035
tcr_26_1,C,A,F,Y,1,83,CG,CA,7.9893527
tcr_26_1,C,A,F,Y,1,83,CG,CB,7.809628
tcr_26_1,C,A,F,Y,1,83,CG,CG,6.828329
tcr_26_1,C,A,F,R,1,86,CG,CD,6.591672
tcr_26_1,C,A,F,R,1,86,CG,CA,8.591446
tcr_26_1,C,A,F,R,1,86,CG,CG,7.205357
tcr_26_1,C,A,F,R,1,86,CG,CB,7.7024136
tcr_26_1,C,A,F,Y,1,83,CG,CD2,5.546827
tcr_26_1,C,A,F,W,1,191,CG,CH2,4.835998
tcr_26_1,C,A,F,E,1,87,CG,N,7.5027604
tcr_26_1,C,A,F,Y,1,83,CG,O,7.5620246
tcr_26_1,C,A,F,Y,1,83,CG,C,8.196795
tcr_26_1,C,A,F,Y,1,83,CG,CD1,7.421073
tcr_26_1,C,A,F,E,1,87,CG,CB,7.0448856
tcr_26_1,C,A,F,R,1,86,CG,N,9.483999
tcr_26_1,C,A,F,E,1,87,CG,CA,7.3205347
tcr_26_1,C,A,F,W,1,84,CG,N,9.340564
tcr_26_1,C,A,F,W,1,84,CG,CA,9.912412
tcr_26_1,C,A,F,Y,1,195,CG,CE1,6.849105
tcr_26_1,C,A,F,E,1,87,CG,OE1,3.8455088
tcr_26_1,C,A,F,K,1,90,CG,NZ,3.6161065
tcr_26_1,C,A,F,Y,1,195,CG,CZ,5.9043856
tcr_26_1,C,A,F,Y,1,195,CG,CE2,6.3011017
tcr_26_1,C,A,F,W,1,191,CG,CE3,4.4543967
tcr_26_1,C,A,F,W,1,191,CG,CZ3,4.9434977
tcr_26_1,C,A,F,Y,1,195,CG,OH,4.9208755
tcr_26_1,C,A,F,Y,1,31,CG,OH,5.849603
tcr_26_1,C,A,F,Y,1,83,CG,CE2,4.8476996
tcr_26_1,C,A,F,E,1,87,CG,CD,4.5024676
tcr_26_1,C,A,F,E,1,87,CG,OE2,4.5900106
tcr_26_1,C,A,F,Y,1,83,CG,CZ,5.663903
tcr_26_1,C,A,F,Y,1,83,CG,OH,5.5506573
tcr_26_1,C,A,F,V,1,76,CG,CG2,9.142009
tcr_26_1,C,A,F,Y,1,83,CG,CE1,6.921811
tcr_26_1,C,A,F,E,1,87,CG,CG,5.718624
tcr_26_1,C,A,F,F,1,57,CG,CD2,9.426733
tcr_26_1,C,A,F,V,1,58,CG,CG1,9.7476635
tcr_26_1,C,A,F,F,1,57,CG,CE2,8.203523
tcr_26_1,C,A,F,Y,1,31,CG,CZ,6.790549
tcr_26_1,C,A,F,Y,1,195,CG,CD2,7.5252023
tcr_26_1,C,A,F,Y,1,31,CG,CD2,8.189603
tcr_26_1,C,A,F,M,1,29,CG,CB,9.75716
tcr_26_1,C,A,F,M,1,29,CG,SD,7.1102753
tcr_26_1,C,A,F,M,1,29,CG,CG,8.765759
tcr_26_1,C,A,F,Y,1,31,CG,CE2,7.0100927
tcr_26_1,C,A,F,Y,1,31,CG,CE1,7.8105516
tcr_26_1,C,A,F,F,1,57,CG,CZ,8.273619
tcr_26_1,C,A,F,F,1,57,CG,CE1,9.55392
tcr_26_1,C,A,F,R,1,86,CG,C,7.978143
tcr_26_1,C,A,F,R,1,86,CG,O,8.223949
tcr_26_1,C,A,F,T,1,88,CG,N,9.772457
tcr_26_1,C,A,F,K,1,90,CG,CD,5.8179564
tcr_26_1,C,A,F,K,1,90,CG,N,9.915754
tcr_26_1,C,A,F,K,1,90,CG,CA,9.56334
tcr_26_1,C,A,F,E,1,87,CG,C,8.703044
tcr_26_1,C,A,F,K,1,90,CG,CB,8.078671
tcr_26_1,C,A,F,K,1,90,CG,CE,5.0808215
tcr_26_1,C,A,F,E,1,87,CG,O,8.939153
tcr_26_1,C,A,F,K,1,90,CG,CG,7.3127794
tcr_26_1,C,A,F,Y,1,31,CG,CD1,8.88249
tcr_26_1,C,A,F,Y,1,91,CG,CE2,9.33208
tcr_26_1,C,A,F,Y,1,91,CG,CZ,9.352077
tcr_26_1,C,A,F,Y,1,91,CG,OH,8.869152
tcr_26_1,C,A,F,F,1,123,CG,CZ,9.142991
tcr_26_1,C,A,F,F,1,123,CG,CE2,8.786061
tcr_26_1,C,A,F,F,1,123,CG,CD2,9.902202
tcr_26_1,C,A,F,Y,1,31,CG,CG,9.053549
tcr_26_1,C,A,F,G,1,186,CD1,CA,9.600606
tcr_26_1,C,A,F,E,1,190,CD1,O,9.057663
tcr_26_1,C,A,F,R,1,194,CD1,CD,9.217655
tcr_26_1,C,A,F,R,1,194,CD1,CB,9.917247
tcr_26_1,C,A,F,W,1,191,CD1,O,8.483144
tcr_26_1,C,A,F,E,1,190,CD1,C,8.269811
tcr_26_1,C,A,F,L,1,192,CD1,CA,9.642492
tcr_26_1,C,A,F,E,1,190,CD1,CD,9.385547
tcr_26_1,C,A,F,W,1,191,CD1,CD2,4.7698298
tcr_26_1,C,A,F,T,1,187,CD1,OG1,5.50802
tcr_26_1,C,A,F,W,1,191,CD1,CE2,4.43766
tcr_26_1,C,A,F,W,1,191,CD1,CZ2,5.1125393
tcr_26_1,C,A,F,W,1,191,CD1,CD1,4.064651
tcr_26_1,C,A,F,R,1,86,CD1,NH1,6.756797
tcr_26_1,C,A,F,T,1,187,CD1,CG2,3.4209774
tcr_26_1,C,A,F,E,1,190,CD1,OE2,8.42175
tcr_26_1,C,A,F,W,1,191,CD1,NE1,3.9784591
tcr_26_1,C,A,F,W,1,191,CD1,CG,4.543459
tcr_26_1,C,A,F,T,1,187,CD1,CB,4.868657
tcr_26_1,C,A,F,E,1,190,CD1,CB,8.390333
tcr_26_1,C,A,F,T,1,187,CD1,CA,5.8294106
tcr_26_1,C,A,F,E,1,190,CD1,CG,9.502057
tcr_26_1,C,A,F,T,1,187,CD1,O,5.521521
tcr_26_1,C,A,F,W,1,191,CD1,N,7.1107564
tcr_26_1,C,A,F,T,1,187,CD1,C,5.7350216
tcr_26_1,C,A,F,W,1,191,CD1,CA,6.788962
tcr_26_1,C,A,F,W,1,191,CD1,CB,5.36667
tcr_26_1,C,A,F,T,1,187,CD1,N,7.1858277
tcr_26_1,C,A,F,E,1,190,CD1,CA,8.852839
tcr_26_1,C,A,F,E,1,190,CD1,N,8.847068
tcr_26_1,C,A,F,G,1,186,CD1,O,8.42869
tcr_26_1,C,A,F,G,1,186,CD1,C,8.296974
tcr_26_1,C,A,F,V,1,189,CD1,N,8.657016
tcr_26_1,C,A,F,V,1,189,CD1,CA,9.796934
tcr_26_1,C,A,F,V,1,189,CD1,C,9.533361
tcr_26_1,C,A,F,C,1,188,CD1,N,6.3250103
tcr_26_1,C,A,F,C,1,188,CD1,C,7.717847
tcr_26_1,C,A,F,C,1,188,CD1,CB,7.6662483
tcr_26_1,C,A,F,C,1,188,CD1,CA,6.747165
tcr_26_1,C,A,F,C,1,188,CD1,SG,8.463441
tcr_26_1,C,A,F,C,1,188,CD1,O,7.793371
tcr_26_1,C,A,F,L,1,192,CD1,N,8.379482
tcr_26_1,C,A,F,W,1,191,CD1,C,7.864076
tcr_26_1,C,A,F,M,1,29,CD1,CE,6.831835
tcr_26_1,C,A,F,A,1,182,CD1,O,9.811875
tcr_26_1,C,A,F,Y,1,183,CD1,CD2,5.4172106
tcr_26_1,C,A,F,R,1,86,CD1,NE,6.670847
tcr_26_1,C,A,F,R,1,86,CD1,NH2,7.64741
tcr_26_1,C,A,F,R,1,86,CD1,CZ,6.8968096
tcr_26_1,C,A,F,Y,1,183,CD1,CB,7.822676
tcr_26_1,C,A,F,Y,1,183,CD1,CE2,4.654261
tcr_26_1,C,A,F,Y,1,183,CD1,CA,8.171582
tcr_26_1,C,A,F,Y,1,183,CD1,N,9.453228
tcr_26_1,C,A,F,Y,1,183,CD1,CD1,7.459665
tcr_26_1,C,A,F,Y,1,183,CD1,CG,6.811165
tcr_26_1,C,A,F,Y,1,183,CD1,CZ,5.57344
tcr_26_1,C,A,F,Y,1,183,CD1,OH,5.4179626
tcr_26_1,C,A,F,Y,1,183,CD1,CE1,6.9336667
tcr_26_1,C,A,F,Y,1,183,CD1,O,7.8060946
tcr_26_1,C,A,F,Y,1,183,CD1,C,8.444894
tcr_26_1,C,A,F,L,1,184,CD1,N,9.597855
tcr_26_1,C,A,F,R,1,194,CD1,NE,9.790268
tcr_26_1,C,A,F,Y,1,195,CD1,CD1,9.243186
tcr_26_1,C,A,F,Y,1,195,CD1,CG,9.447988
tcr_26_1,C,A,F,Y,1,83,CD1,CA,8.900481
tcr_26_1,C,A,F,Y,1,83,CD1,CB,8.891917
tcr_26_1,C,A,F,Y,1,83,CD1,CG,8.006828
tcr_26_1,C,A,F,R,1,86,CD1,CD,6.5643983
tcr_26_1,C,A,F,R,1,86,CD1,CA,8.8049135
tcr_26_1,C,A,F,R,1,86,CD1,CG,7.1804466
tcr_26_1,C,A,F,R,1,86,CD1,CB,7.932613
tcr_26_1,C,A,F,Y,1,83,CD1,CD2,6.76836
tcr_26_1,C,A,F,W,1,191,CD1,CH2,5.960236
tcr_26_1,C,A,F,E,1,87,CD1,N,7.8828707
tcr_26_1,C,A,F,Y,1,83,CD1,O,8.325165
tcr_26_1,C,A,F,Y,1,83,CD1,C,9.071207
tcr_26_1,C,A,F,Y,1,83,CD1,CD1,8.626567
tcr_26_1,C,A,F,E,1,87,CD1,CB,7.6595116
tcr_26_1,C,A,F,R,1,86,CD1,N,9.860045
tcr_26_1,C,A,F,E,1,87,CD1,CA,7.6917906
tcr_26_1,C,A,F,Y,1,195,CD1,CE1,8.158415
tcr_26_1,C,A,F,E,1,87,CD1,OE1,4.3321586
tcr_26_1,C,A,F,K,1,90,CD1,NZ,3.2170846
tcr_26_1,C,A,F,Y,1,195,CD1,CZ,7.1549954
tcr_26_1,C,A,F,Y,1,195,CD1,CE2,7.3968368
tcr_26_1,C,A,F,W,1,191,CD1,CE3,5.674286
tcr_26_1,C,A,F,W,1,191,CD1,CZ3,6.2072496
tcr_26_1,C,A,F,Y,1,195,CD1,OH,6.2134924
tcr_26_1,C,A,F,Y,1,31,CD1,OH,6.4479113
tcr_26_1,C,A,F,Y,1,83,CD1,CE2,6.1624546
tcr_26_1,C,A,F,E,1,87,CD1,CD,5.122323
tcr_26_1,C,A,F,E,1,87,CD1,OE2,5.1111846
tcr_26_1,C,A,F,Y,1,83,CD1,CZ,6.9589987
tcr_26_1,C,A,F,Y,1,83,CD1,OH,6.827722
tcr_26_1,C,A,F,Y,1,83,CD1,CE1,8.166851
tcr_26_1,C,A,F,E,1,87,CD1,CG,6.4950876
tcr_26_1,C,A,F,F,1,57,CD1,CE2,9.226604
tcr_26_1,C,A,F,Y,1,31,CD1,CZ,7.172932
tcr_26_1,C,A,F,Y,1,195,CD1,CD2,8.581841
tcr_26_1,C,A,F,Y,1,31,CD1,CD2,8.227714
tcr_26_1,C,A,F,M,1,29,CD1,SD,7.6366305
tcr_26_1,C,A,F,M,1,29,CD1,CG,9.188591
tcr_26_1,C,A,F,Y,1,31,CD1,CE2,7.20286
tcr_26_1,C,A,F,Y,1,31,CD1,CE1,8.176201
tcr_26_1,C,A,F,F,1,57,CD1,CZ,9.154126
tcr_26_1,C,A,F,R,1,86,CD1,C,8.168483
tcr_26_1,C,A,F,R,1,86,CD1,O,8.2258
tcr_26_1,C,A,F,K,1,90,CD1,CD,5.356313
tcr_26_1,C,A,F,K,1,90,CD1,N,9.649322
tcr_26_1,C,A,F,K,1,90,CD1,CA,9.163165
tcr_26_1,C,A,F,E,1,87,CD1,C,8.983898
tcr_26_1,C,A,F,K,1,90,CD1,CB,7.681358
tcr_26_1,C,A,F,K,1,90,CD1,CE,4.5517087
tcr_26_1,C,A,F,E,1,87,CD1,O,9.075526
tcr_26_1,C,A,F,K,1,90,CD1,CG,6.816853
tcr_26_1,C,A,F,R,1,93,CD1,NH2,9.873482
tcr_26_1,C,A,F,Y,1,31,CD1,CD1,9.090479
tcr_26_1,C,A,F,Y,1,91,CD1,CE2,9.730702
tcr_26_1,C,A,F,Y,1,91,CD1,CZ,9.695015
tcr_26_1,C,A,F,Y,1,91,CD1,OH,9.326237
tcr_26_1,C,A,F,F,1,123,CD1,CZ,8.630592
tcr_26_1,C,A,F,F,1,123,CD1,CE2,8.22769
tcr_26_1,C,A,F,F,1,123,CD1,CD2,9.30619
tcr_26_1,C,A,F,Y,1,31,CD1,CG,9.114455
tcr_26_1,C,A,F,E,1,190,CD2,O,8.849882
tcr_26_1,C,A,F,R,1,194,CD2,CG,8.821166
tcr_26_1,C,A,F,R,1,194,CD2,NH1,9.067279
tcr_26_1,C,A,F,R,1,194,CD2,CD,7.6353226
tcr_26_1,C,A,F,R,1,194,CD2,CB,8.831766
tcr_26_1,C,A,F,W,1,191,CD2,O,7.994029
tcr_26_1,C,A,F,E,1,190,CD2,C,8.351508
tcr_26_1,C,A,F,L,1,192,CD2,CA,9.756855
tcr_26_1,C,A,F,E,1,190,CD2,CD,9.96489
tcr_26_1,C,A,F,W,1,191,CD2,CD2,3.6476629
tcr_26_1,C,A,F,T,1,187,CD2,OG1,7.3056836
tcr_26_1,C,A,F,W,1,191,CD2,CE2,3.179317
tcr_26_1,C,A,F,W,1,191,CD2,CZ2,3.3086693
tcr_26_1,C,A,F,W,1,191,CD2,CD1,4.107464
tcr_26_1,C,A,F,R,1,86,CD2,NH1,6.019638
tcr_26_1,C,A,F,T,1,187,CD2,CG2,5.1981106
tcr_26_1,C,A,F,E,1,190,CD2,OE2,8.936195
tcr_26_1,C,A,F,W,1,191,CD2,NE1,3.5016499
tcr_26_1,C,A,F,W,1,191,CD2,CG,4.201902
tcr_26_1,C,A,F,T,1,187,CD2,CB,6.7178965
tcr_26_1,C,A,F,E,1,190,CD2,CB,8.781568
tcr_26_1,C,A,F,T,1,187,CD2,CA,7.384396
tcr_26_1,C,A,F,T,1,187,CD2,O,6.657232
tcr_26_1,C,A,F,W,1,191,CD2,N,7.2887044
tcr_26_1,C,A,F,T,1,187,CD2,C,7.226968
tcr_26_1,C,A,F,W,1,191,CD2,CA,6.6303606
tcr_26_1,C,A,F,W,1,191,CD2,CB,5.31545
tcr_26_1,C,A,F,T,1,187,CD2,N,8.818635
tcr_26_1,C,A,F,E,1,190,CD2,CA,9.221872
tcr_26_1,C,A,F,E,1,190,CD2,N,9.5580225
tcr_26_1,C,A,F,G,1,186,CD2,O,9.723825
tcr_26_1,C,A,F,G,1,186,CD2,C,9.78958
tcr_26_1,C,A,F,V,1,189,CD2,N,9.92215
tcr_26_1,C,A,F,C,1,188,CD2,N,8.019279
tcr_26_1,C,A,F,C,1,188,CD2,C,8.964382
tcr_26_1,C,A,F,C,1,188,CD2,CB,9.4261875
tcr_26_1,C,A,F,C,1,188,CD2,CA,8.310192
tcr_26_1,C,A,F,C,1,188,CD2,O,8.76798
tcr_26_1,C,A,F,L,1,192,CD2,N,8.532006
tcr_26_1,C,A,F,W,1,191,CD2,C,7.6918526
tcr_26_1,C,A,F,M,1,29,CD2,CE,7.8182
tcr_26_1,C,A,F,Y,1,183,CD2,CD2,7.810352
tcr_26_1,C,A,F,R,1,86,CD2,NE,6.167098
tcr_26_1,C,A,F,R,1,86,CD2,NH2,7.4864373
tcr_26_1,C,A,F,R,1,86,CD2,CZ,6.439894
tcr_26_1,C,A,F,Y,1,183,CD2,CE2,6.9790773
tcr_26_1,C,A,F,Y,1,183,CD2,CD1,9.778798
tcr_26_1,C,A,F,Y,1,183,CD2,CG,9.194387
tcr_26_1,C,A,F,Y,1,183,CD2,CZ,7.7461753
tcr_26_1,C,A,F,Y,1,183,CD2,OH,7.335877
tcr_26_1,C,A,F,Y,1,183,CD2,CE1,9.136777
tcr_26_1,C,A,F,Y,1,183,CD2,O,9.887667
tcr_26_1,C,A,F,R,1,194,CD2,NE,7.932057
tcr_26_1,C,A,F,E,1,79,CD2,CB,8.4898615
tcr_26_1,C,A,F,E,1,79,CD2,OE1,8.083021
tcr_26_1,C,A,F,R,1,194,CD2,NH2,9.024366
tcr_26_1,C,A,F,R,1,194,CD2,CZ,8.59308
tcr_26_1,C,A,F,E,1,79,CD2,OE2,7.8176575
tcr_26_1,C,A,F,E,1,79,CD2,CD,7.882432
tcr_26_1,C,A,F,E,1,79,CD2,CA,9.847094
tcr_26_1,C,A,F,E,1,79,CD2,CG,8.072662
tcr_26_1,C,A,F,Y,1,195,CD2,CD1,8.011206
tcr_26_1,C,A,F,Y,1,195,CD2,CG,8.553089
tcr_26_1,C,A,F,Y,1,195,CD2,N,9.988565
tcr_26_1,C,A,F,Y,1,195,CD2,CB,9.982374
tcr_26_1,C,A,F,E,1,82,CD2,O,8.172455
tcr_26_1,C,A,F,E,1,82,CD2,C,8.562647
tcr_26_1,C,A,F,D,1,85,CD2,C,9.683382
tcr_26_1,C,A,F,Y,1,83,CD2,N,7.964277
tcr_26_1,C,A,F,Y,1,83,CD2,CA,6.724334
tcr_26_1,C,A,F,Y,1,83,CD2,CB,6.5636497
tcr_26_1,C,A,F,Y,1,83,CD2,CG,5.717159
tcr_26_1,C,A,F,R,1,86,CD2,CD,5.6210155
tcr_26_1,C,A,F,R,1,86,CD2,CA,7.729432
tcr_26_1,C,A,F,R,1,86,CD2,CG,6.3461003
tcr_26_1,C,A,F,R,1,86,CD2,CB,6.712179
tcr_26_1,C,A,F,Y,1,83,CD2,CD2,4.429754
tcr_26_1,C,A,F,W,1,191,CD2,CH2,3.849149
tcr_26_1,C,A,F,E,1,87,CD2,N,6.8428297
tcr_26_1,C,A,F,Y,1,83,CD2,O,6.5346656
tcr_26_1,C,A,F,Y,1,83,CD2,C,7.0753326
tcr_26_1,C,A,F,Y,1,83,CD2,CD1,6.4858665
tcr_26_1,C,A,F,E,1,87,CD2,CB,6.633339
tcr_26_1,C,A,F,R,1,86,CD2,N,8.531397
tcr_26_1,C,A,F,E,1,87,CD2,CA,6.90266
tcr_26_1,C,A,F,W,1,84,CD2,O,9.609766
tcr_26_1,C,A,F,W,1,84,CD2,N,8.26451
tcr_26_1,C,A,F,W,1,84,CD2,CA,8.974901
tcr_26_1,C,A,F,W,1,84,CD2,C,9.469198
tcr_26_1,C,A,F,G,1,80,CD2,O,9.818551
tcr_26_1,C,A,F,D,1,85,CD2,N,9.930124
tcr_26_1,C,A,F,Y,1,195,CD2,CE1,6.793002
tcr_26_1,C,A,F,E,1,87,CD2,OE1,3.460989
tcr_26_1,C,A,F,K,1,90,CD2,NZ,3.6428628
tcr_26_1,C,A,F,Y,1,195,CD2,CZ,6.0693946
tcr_26_1,C,A,F,Y,1,195,CD2,CE2,6.7480855
tcr_26_1,C,A,F,W,1,191,CD2,CE3,4.1398983
tcr_26_1,C,A,F,W,1,191,CD2,CZ3,4.2269416
tcr_26_1,C,A,F,Y,1,195,CD2,OH,5.0130515
tcr_26_1,C,A,F,Y,1,31,CD2,OH,6.685734
tcr_26_1,C,A,F,Y,1,83,CD2,CE2,4.0051155
tcr_26_1,C,A,F,E,1,87,CD2,CD,4.2732563
tcr_26_1,C,A,F,E,1,87,CD2,OE2,4.7288656
tcr_26_1,C,A,F,Y,1,83,CD2,CZ,5.052404
tcr_26_1,C,A,F,Y,1,83,CD2,OH,5.2767363
tcr_26_1,C,A,F,V,1,76,CD2,CG2,8.852405
tcr_26_1,C,A,F,Y,1,83,CD2,CE1,6.211598
tcr_26_1,C,A,F,E,1,87,CD2,CG,5.243433
tcr_26_1,C,A,F,F,1,57,CD2,CD2,9.701636
tcr_26_1,C,A,F,F,1,57,CD2,CE2,8.589584
tcr_26_1,C,A,F,Y,1,31,CD2,CZ,7.741083
tcr_26_1,C,A,F,Y,1,195,CD2,CD2,7.9736047
tcr_26_1,C,A,F,Y,1,31,CD2,CD2,9.354711
tcr_26_1,C,A,F,M,1,29,CD2,SD,8.144837
tcr_26_1,C,A,F,M,1,29,CD2,CG,9.847817
tcr_26_1,C,A,F,Y,1,31,CD2,CE2,8.134591
tcr_26_1,C,A,F,Y,1,31,CD2,CE1,8.661156
tcr_26_1,C,A,F,F,1,57,CD2,CZ,8.875283
tcr_26_1,C,A,F,R,1,86,CD2,C,7.308838
tcr_26_1,C,A,F,R,1,86,CD2,O,7.7232513
tcr_26_1,C,A,F,T,1,88,CD2,N,9.321667
tcr_26_1,C,A,F,K,1,90,CD2,CD,5.954878
tcr_26_1,C,A,F,K,1,90,CD2,N,9.79503
tcr_26_1,C,A,F,K,1,90,CD2,CA,9.648572
tcr_26_1,C,A,F,E,1,87,CD2,C,8.376446
tcr_26_1,C,A,F,K,1,90,CD2,CB,8.234859
tcr_26_1,C,A,F,K,1,90,CD2,CE,5.0405164
tcr_26_1,C,A,F,E,1,87,CD2,O,8.789755
tcr_26_1,C,A,F,K,1,90,CD2,CG,7.3651986
tcr_26_1,C,A,F,Y,1,31,CD2,CD1,9.814672
tcr_26_1,C,A,F,Y,1,91,CD2,CE2,9.487086
tcr_26_1,C,A,F,Y,1,91,CD2,CZ,9.704692
tcr_26_1,C,A,F,Y,1,91,CD2,OH,9.289819
tcr_26_1,C,A,F,W,1,84,CD2,CZ3,9.709186
tcr_26_1,C,A,F,W,1,84,CD2,CH2,9.898326
tcr_26_1,C,A,F,W,1,84,CD2,CD2,9.857923
tcr_26_1,C,A,F,W,1,84,CD2,CE3,9.685169
tcr_26_1,C,A,F,G,1,186,CE1,CA,9.809443
tcr_26_1,C,A,F,E,1,190,CE1,O,9.834007
tcr_26_1,C,A,F,R,1,194,CE1,CD,9.80457
tcr_26_1,C,A,F,W,1,191,CE1,O,9.594199
tcr_26_1,C,A,F,E,1,190,CE1,C,9.042286
tcr_26_1,C,A,F,E,1,190,CE1,CD,9.486976
tcr_26_1,C,A,F,W,1,191,CE1,CD2,5.5063066
tcr_26_1,C,A,F,T,1,187,CE1,OG1,5.3087587
tcr_26_1,C,A,F,W,1,191,CE1,CE2,4.827415
tcr_26_1,C,A,F,W,1,191,CE1,CZ2,5.258697
tcr_26_1,C,A,F,W,1,191,CE1,CD1,4.7165504
tcr_26_1,C,A,F,R,1,86,CE1,NH1,5.554537
tcr_26_1,C,A,F,T,1,187,CE1,CG2,3.6229823
tcr_26_1,C,A,F,E,1,190,CE1,OE2,8.424841
tcr_26_1,C,A,F,W,1,191,CE1,NE1,4.2929616
tcr_26_1,C,A,F,W,1,191,CE1,CG,5.4294367
tcr_26_1,C,A,F,T,1,187,CE1,CB,5.029118
tcr_26_1,C,A,F,E,1,190,CE1,CB,8.8392935
tcr_26_1,C,A,F,T,1,187,CE1,CA,6.1576433
tcr_26_1,C,A,F,E,1,190,CE1,CG,9.823014
tcr_26_1,C,A,F,T,1,187,CE1,O,6.3046083
tcr_26_1,C,A,F,W,1,191,CE1,N,7.9853044
tcr_26_1,C,A,F,T,1,187,CE1,C,6.394847
tcr_26_1,C,A,F,W,1,191,CE1,CA,7.781417
tcr_26_1,C,A,F,W,1,191,CE1,CB,6.447823
tcr_26_1,C,A,F,T,1,187,CE1,N,7.4238157
tcr_26_1,C,A,F,E,1,190,CE1,CA,9.508232
tcr_26_1,C,A,F,E,1,190,CE1,N,9.576891
tcr_26_1,C,A,F,G,1,186,CE1,O,8.886033
tcr_26_1,C,A,F,G,1,186,CE1,C,8.610883
tcr_26_1,C,A,F,V,1,189,CE1,N,9.540592
tcr_26_1,C,A,F,C,1,188,CE1,N,7.0791626
tcr_26_1,C,A,F,C,1,188,CE1,C,8.7174015
tcr_26_1,C,A,F,C,1,188,CE1,CB,8.620725
tcr_26_1,C,A,F,C,1,188,CE1,CA,7.7161336
tcr_26_1,C,A,F,C,1,188,CE1,SG,9.576881
tcr_26_1,C,A,F,C,1,188,CE1,O,8.899555
tcr_26_1,C,A,F,L,1,192,CE1,N,9.539143
tcr_26_1,C,A,F,W,1,191,CE1,C,8.975267
tcr_26_1,C,A,F,M,1,29,CE1,CE,8.177165
tcr_26_1,C,A,F,A,1,182,CE1,O,9.847948
tcr_26_1,C,A,F,Y,1,183,CE1,CD2,5.7721086
tcr_26_1,C,A,F,R,1,86,CE1,NE,5.4856634
tcr_26_1,C,A,F,R,1,86,CE1,NH2,6.29627
tcr_26_1,C,A,F,R,1,86,CE1,CZ,5.6224685
tcr_26_1,C,A,F,Y,1,183,CE1,CB,7.980019
tcr_26_1,C,A,F,Y,1,183,CE1,CE2,5.3028336
tcr_26_1,C,A,F,Y,1,183,CE1,CA,8.316924
tcr_26_1,C,A,F,Y,1,183,CE1,N,9.471874
tcr_26_1,C,A,F,Y,1,183,CE1,CD1,8.02716
tcr_26_1,C,A,F,Y,1,183,CE1,CG,7.176402
tcr_26_1,C,A,F,Y,1,183,CE1,CZ,6.4175553
tcr_26_1,C,A,F,Y,1,183,CE1,OH,6.474164
tcr_26_1,C,A,F,Y,1,183,CE1,CE1,7.7050333
tcr_26_1,C,A,F,Y,1,183,CE1,O,8.27383
tcr_26_1,C,A,F,Y,1,183,CE1,C,8.814267
tcr_26_1,C,A,F,E,1,82,CE1,O,9.496313
tcr_26_1,C,A,F,Y,1,83,CE1,N,9.842824
tcr_26_1,C,A,F,Y,1,83,CE1,CA,8.732135
tcr_26_1,C,A,F,Y,1,83,CE1,CB,8.910233
tcr_26_1,C,A,F,Y,1,83,CE1,CG,8.232185
tcr_26_1,C,A,F,R,1,86,CE1,CD,5.587493
tcr_26_1,C,A,F,R,1,86,CE1,CA,8.227947
tcr_26_1,C,A,F,R,1,86,CE1,CG,6.323349
tcr_26_1,C,A,F,R,1,86,CE1,CB,7.259093
tcr_26_1,C,A,F,Y,1,83,CE1,CD2,7.054585
tcr_26_1,C,A,F,W,1,191,CE1,CH2,6.2408595
tcr_26_1,C,A,F,E,1,87,CE1,N,7.6795278
tcr_26_1,C,A,F,Y,1,83,CE1,O,8.203595
tcr_26_1,C,A,F,Y,1,83,CE1,C,8.9767275
tcr_26_1,C,A,F,Y,1,83,CE1,CD1,8.994066
tcr_26_1,C,A,F,E,1,87,CE1,CB,7.901853
tcr_26_1,C,A,F,R,1,86,CE1,N,9.37467
tcr_26_1,C,A,F,E,1,87,CE1,CA,7.6961594
tcr_26_1,C,A,F,Y,1,195,CE1,CE1,9.2284
tcr_26_1,C,A,F,E,1,87,CE1,OE1,4.4898043
tcr_26_1,C,A,F,K,1,90,CE1,NZ,2.836287
tcr_26_1,C,A,F,Y,1,195,CE1,CZ,8.322489
tcr_26_1,C,A,F,Y,1,195,CE1,CE2,8.675652
tcr_26_1,C,A,F,W,1,191,CE1,CE3,6.4506397
tcr_26_1,C,A,F,W,1,191,CE1,CZ3,6.772045
tcr_26_1,C,A,F,Y,1,195,CE1,OH,7.332669
tcr_26_1,C,A,F,Y,1,31,CE1,OH,7.706131
tcr_26_1,C,A,F,Y,1,83,CE1,CE2,6.7090135
tcr_26_1,C,A,F,E,1,87,CE1,CD,5.5153255
tcr_26_1,C,A,F,E,1,87,CE1,OE2,5.716732
tcr_26_1,C,A,F,Y,1,83,CE1,CZ,7.6329155
tcr_26_1,C,A,F,Y,1,83,CE1,OH,7.711113
tcr_26_1,C,A,F,Y,1,83,CE1,CE1,8.732334
tcr_26_1,C,A,F,E,1,87,CE1,CG,6.835391
tcr_26_1,C,A,F,Y,1,31,CE1,CZ,8.401935
tcr_26_1,C,A,F,Y,1,195,CE1,CD2,9.860842
tcr_26_1,C,A,F,Y,1,31,CE1,CD2,9.419149
tcr_26_1,C,A,F,M,1,29,CE1,SD,9.030233
tcr_26_1,C,A,F,Y,1,31,CE1,CE2,8.461007
tcr_26_1,C,A,F,Y,1,31,CE1,CE1,9.314904
tcr_26_1,C,A,F,R,1,86,CE1,C,7.7508645
tcr_26_1,C,A,F,R,1,86,CE1,O,7.762581
tcr_26_1,C,A,F,K,1,90,CE1,CD,5.051316
tcr_26_1,C,A,F,K,1,90,CE1,N,9.283467
tcr_26_1,C,A,F,K,1,90,CE1,CA,8.872937
tcr_26_1,C,A,F,E,1,87,CE1,C,8.979372
tcr_26_1,C,A,F,K,1,90,CE1,CB,7.4702387
tcr_26_1,C,A,F,K,1,90,CE1,CE,3.941837
tcr_26_1,C,A,F,E,1,87,CE1,O,9.095257
tcr_26_1,C,A,F,K,1,90,CE1,CG,6.3803935
tcr_26_1,C,A,F,R,1,93,CE1,NH2,8.990167
tcr_26_1,C,A,F,K,1,90,CE1,C,9.91506
tcr_26_1,C,A,F,F,1,123,CE1,CZ,9.4287615
tcr_26_1,C,A,F,F,1,123,CE1,CE2,9.089934
tcr_26_1,C,A,F,E,1,190,CE2,O,9.641251
tcr_26_1,C,A,F,R,1,194,CE2,CG,9.631248
tcr_26_1,C,A,F,R,1,194,CE2,NH1,9.375748
tcr_26_1,C,A,F,R,1,194,CE2,CD,8.332444
tcr_26_1,C,A,F,R,1,194,CE2,CB,9.704716
tcr_26_1,C,A,F,W,1,191,CE2,O,9.164305
tcr_26_1,C,A,F,E,1,190,CE2,C,9.115777
tcr_26_1,C,A,F,W,1,191,CE2,CD2,4.5698404
tcr_26_1,C,A,F,T,1,187,CE2,OG1,7.15876
tcr_26_1,C,A,F,W,1,191,CE2,CE2,3.7050455
tcr_26_1,C,A,F,W,1,191,CE2,CZ2,3.531144
tcr_26_1,C,A,F,W,1,191,CE2,CD1,4.7547245
tcr_26_1,C,A,F,R,1,86,CE2,NH1,4.633614
tcr_26_1,C,A,F,T,1,187,CE2,CG2,5.3365297
tcr_26_1,C,A,F,E,1,190,CE2,OE2,8.937356
tcr_26_1,C,A,F,W,1,191,CE2,NE1,3.8564641
tcr_26_1,C,A,F,W,1,191,CE2,CG,5.148198
tcr_26_1,C,A,F,T,1,187,CE2,CB,6.837442
tcr_26_1,C,A,F,E,1,190,CE2,CB,9.209864
tcr_26_1,C,A,F,T,1,187,CE2,CA,7.6473427
tcr_26_1,C,A,F,T,1,187,CE2,O,7.320893
tcr_26_1,C,A,F,W,1,191,CE2,N,8.143662
tcr_26_1,C,A,F,T,1,187,CE2,C,7.76237
tcr_26_1,C,A,F,W,1,191,CE2,CA,7.6433077
tcr_26_1,C,A,F,W,1,191,CE2,CB,6.4063454
tcr_26_1,C,A,F,T,1,187,CE2,N,9.014391
tcr_26_1,C,A,F,E,1,190,CE2,CA,9.8512945
tcr_26_1,C,A,F,C,1,188,CE2,N,8.628378
tcr_26_1,C,A,F,C,1,188,CE2,C,9.839168
tcr_26_1,C,A,F,C,1,188,CE2,CA,9.116439
tcr_26_1,C,A,F,C,1,188,CE2,O,9.765344
tcr_26_1,C,A,F,L,1,192,CE2,N,9.673531
tcr_26_1,C,A,F,W,1,191,CE2,C,8.824688
tcr_26_1,C,A,F,M,1,29,CE2,CE,9.020658
tcr_26_1,C,A,F,Y,1,183,CE2,CD2,8.065183
tcr_26_1,C,A,F,R,1,86,CE2,NE,4.867025
tcr_26_1,C,A,F,R,1,86,CE2,NH2,6.1039567
tcr_26_1,C,A,F,R,1,86,CE2,CZ,5.0565186
tcr_26_1,C,A,F,Y,1,183,CE2,CE2,7.4324512
tcr_26_1,C,A,F,Y,1,183,CE2,CG,9.472323
tcr_26_1,C,A,F,Y,1,183,CE2,CZ,8.378972
tcr_26_1,C,A,F,Y,1,183,CE2,OH,8.152242
tcr_26_1,C,A,F,Y,1,183,CE2,CE1,9.739584
tcr_26_1,C,A,F,R,1,194,CE2,NE,8.535674
tcr_26_1,C,A,F,E,1,79,CE2,CB,9.035441
tcr_26_1,C,A,F,E,1,79,CE2,OE1,8.826942
tcr_26_1,C,A,F,R,1,194,CE2,NH2,9.388588
tcr_26_1,C,A,F,R,1,194,CE2,CZ,9.016411
tcr_26_1,C,A,F,E,1,79,CE2,OE2,8.262505
tcr_26_1,C,A,F,E,1,79,CE2,CD,8.522119
tcr_26_1,C,A,F,E,1,79,CE2,CG,8.788718
tcr_26_1,C,A,F,Y,1,195,CE2,CD1,9.265005
tcr_26_1,C,A,F,Y,1,195,CE2,CG,9.866413
tcr_26_1,C,A,F,E,1,82,CE2,CB,9.404811
tcr_26_1,C,A,F,E,1,82,CE2,CA,9.4126835
tcr_26_1,C,A,F,E,1,82,CE2,O,7.5385776
tcr_26_1,C,A,F,E,1,82,CE2,C,8.02237
tcr_26_1,C,A,F,D,1,85,CE2,C,9.189619
tcr_26_1,C,A,F,Y,1,83,CE2,N,7.5980716
tcr_26_1,C,A,F,Y,1,83,CE2,CA,6.5034566
tcr_26_1,C,A,F,Y,1,83,CE2,CB,6.591142
tcr_26_1,C,A,F,Y,1,83,CE2,CG,6.0321574
tcr_26_1,C,A,F,R,1,86,CE2,CD,4.4483037
tcr_26_1,C,A,F,R,1,86,CE2,CA,7.0719113
tcr_26_1,C,A,F,R,1,86,CE2,CG,5.364553
tcr_26_1,C,A,F,R,1,86,CE2,CB,5.907629
tcr_26_1,C,A,F,Y,1,83,CE2,CD2,4.859656
tcr_26_1,C,A,F,W,1,191,CE2,CH2,4.271425
tcr_26_1,C,A,F,E,1,87,CE2,N,6.6152606
tcr_26_1,C,A,F,Y,1,83,CE2,O,6.3848486
tcr_26_1,C,A,F,Y,1,83,CE2,C,6.958384
tcr_26_1,C,A,F,Y,1,83,CE2,CD1,6.970893
tcr_26_1,C,A,F,E,1,87,CE2,CB,6.9192753
tcr_26_1,C,A,F,R,1,86,CE2,N,7.9713445
tcr_26_1,C,A,F,E,1,87,CE2,CA,6.915573
tcr_26_1,C,A,F,W,1,84,CE2,O,9.548226
tcr_26_1,C,A,F,W,1,84,CE2,N,8.235165
tcr_26_1,C,A,F,W,1,84,CE2,CA,9.027583
tcr_26_1,C,A,F,W,1,84,CE2,C,9.362894
tcr_26_1,C,A,F,G,1,80,CE2,O,9.785966
tcr_26_1,C,A,F,D,1,85,CE2,N,9.651321
tcr_26_1,C,A,F,Y,1,195,CE2,CE1,8.047895
tcr_26_1,C,A,F,E,1,87,CE2,OE1,3.667369
tcr_26_1,C,A,F,K,1,90,CE2,NZ,3.3237903
tcr_26_1,C,A,F,Y,1,195,CE2,CZ,7.412166
tcr_26_1,C,A,F,Y,1,195,CE2,CE2,8.131791
tcr_26_1,C,A,F,W,1,191,CE2,CE3,5.1537547
tcr_26_1,C,A,F,W,1,191,CE2,CZ3,5.020412
tcr_26_1,C,A,F,Y,1,195,CE2,OH,6.350887
tcr_26_1,C,A,F,Y,1,31,CE2,OH,7.911777
tcr_26_1,C,A,F,Y,1,83,CE2,CE2,4.808169
tcr_26_1,C,A,F,E,1,87,CE2,CD,4.746448
tcr_26_1,C,A,F,E,1,87,CE2,OE2,5.386424
tcr_26_1,C,A,F,Y,1,83,CE2,CZ,5.9508824
tcr_26_1,C,A,F,Y,1,83,CE2,OH,6.3832035
tcr_26_1,C,A,F,V,1,76,CE2,CG2,9.961844
tcr_26_1,C,A,F,Y,1,83,CE2,CE1,6.9424095
tcr_26_1,C,A,F,E,1,87,CE2,CG,5.6672525
tcr_26_1,C,A,F,F,1,57,CE2,CE2,9.902351
tcr_26_1,C,A,F,Y,1,31,CE2,CZ,8.897573
tcr_26_1,C,A,F,Y,1,195,CE2,CD2,9.337688
tcr_26_1,C,A,F,M,1,29,CE2,SD,9.466829
tcr_26_1,C,A,F,Y,1,31,CE2,CE2,9.272442
tcr_26_1,C,A,F,Y,1,31,CE2,CE1,9.749274
tcr_26_1,C,A,F,D,1,85,CE2,O,9.672282
tcr_26_1,C,A,F,R,1,86,CE2,C,6.846598
tcr_26_1,C,A,F,R,1,86,CE2,O,7.235883
tcr_26_1,C,A,F,T,1,88,CE2,N,9.271715
tcr_26_1,C,A,F,K,1,90,CE2,CD,5.691799
tcr_26_1,C,A,F,K,1,90,CE2,N,9.442749
tcr_26_1,C,A,F,K,1,90,CE2,CA,9.381526
tcr_26_1,C,A,F,E,1,87,CE2,C,8.379265
tcr_26_1,C,A,F,K,1,90,CE2,CB,8.046885
tcr_26_1,C,A,F,K,1,90,CE2,CE,4.507892
tcr_26_1,C,A,F,E,1,87,CE2,O,8.818026
tcr_26_1,C,A,F,K,1,90,CE2,CG,6.972075
tcr_26_1,C,A,F,R,1,93,CE2,NH2,9.531224
tcr_26_1,C,A,F,R,1,194,CZ,CD,9.398484
tcr_26_1,C,A,F,W,1,191,CZ,O,9.9029255
tcr_26_1,C,A,F,E,1,190,CZ,C,9.435142
tcr_26_1,C,A,F,E,1,190,CZ,CD,9.814923
tcr_26_1,C,A,F,W,1,191,CZ,CD2,5.420504
tcr_26_1,C,A,F,T,1,187,CZ,OG1,6.207262
tcr_26_1,C,A,F,W,1,191,CZ,CE2,4.5052934
tcr_26_1,C,A,F,W,1,191,CZ,CZ2,4.560787
tcr_26_1,C,A,F,W,1,191,CZ,CD1,5.024766
tcr_26_1,C,A,F,R,1,86,CZ,NH1,4.3272405
tcr_26_1,C,A,F,T,1,187,CZ,CG2,4.6324353
tcr_26_1,C,A,F,E,1,190,CZ,OE2,8.675158
tcr_26_1,C,A,F,W,1,191,CZ,NE1,4.2315516
tcr_26_1,C,A,F,W,1,191,CZ,CG,5.691596
tcr_26_1,C,A,F,T,1,187,CZ,CB,6.0608416
tcr_26_1,C,A,F,E,1,190,CZ,CB,9.230033
tcr_26_1,C,A,F,T,1,187,CZ,CA,7.0755987
tcr_26_1,C,A,F,T,1,187,CZ,O,7.1582074
tcr_26_1,C,A,F,W,1,191,CZ,N,8.460465
tcr_26_1,C,A,F,T,1,187,CZ,C,7.3826466
tcr_26_1,C,A,F,W,1,191,CZ,CA,8.166252
tcr_26_1,C,A,F,W,1,191,CZ,CB,6.905917
tcr_26_1,C,A,F,T,1,187,CZ,N,8.354144
tcr_26_1,C,A,F,E,1,190,CZ,CA,9.980644
tcr_26_1,C,A,F,G,1,186,CZ,O,9.722472
tcr_26_1,C,A,F,G,1,186,CZ,C,9.494533
tcr_26_1,C,A,F,C,1,188,CZ,N,8.202302
tcr_26_1,C,A,F,C,1,188,CZ,C,9.724778
tcr_26_1,C,A,F,C,1,188,CZ,CB,9.855834
tcr_26_1,C,A,F,C,1,188,CZ,CA,8.848857
tcr_26_1,C,A,F,C,1,188,CZ,O,9.8229475
tcr_26_1,C,A,F,W,1,191,CZ,C,9.410881
tcr_26_1,C,A,F,M,1,29,CZ,CE,9.180994
tcr_26_1,C,A,F,Y,1,183,CZ,CD2,7.152646
tcr_26_1,C,A,F,R,1,86,CZ,NE,4.439025
tcr_26_1,C,A,F,R,1,86,CZ,NH2,5.3843164
tcr_26_1,C,A,F,R,1,86,CZ,CZ,4.5381365
tcr_26_1,C,A,F,Y,1,183,CZ,CB,9.296423
tcr_26_1,C,A,F,Y,1,183,CZ,CE2,6.703113
tcr_26_1,C,A,F,Y,1,183,CZ,CA,9.570389
tcr_26_1,C,A,F,Y,1,183,CZ,CD1,9.427184
tcr_26_1,C,A,F,Y,1,183,CZ,CG,8.552998
tcr_26_1,C,A,F,Y,1,183,CZ,CZ,7.7975955
tcr_26_1,C,A,F,Y,1,183,CZ,OH,7.7808275
tcr_26_1,C,A,F,Y,1,183,CZ,CE1,9.099401
tcr_26_1,C,A,F,Y,1,183,CZ,O,9.517036
tcr_26_1,C,A,F,R,1,194,CZ,NE,9.711438
tcr_26_1,C,A,F,E,1,79,CZ,OE2,9.626508
tcr_26_1,C,A,F,E,1,79,CZ,CD,9.900654
tcr_26_1,C,A,F,E,1,82,CZ,O,8.283483
tcr_26_1,C,A,F,E,1,82,CZ,C,8.901471
tcr_26_1,C,A,F,D,1,85,CZ,C,9.638179
tcr_26_1,C,A,F,Y,1,83,CZ,N,8.634414
tcr_26_1,C,A,F,Y,1,83,CZ,CA,7.6099706
tcr_26_1,C,A,F,Y,1,83,CZ,CB,7.854838
tcr_26_1,C,A,F,Y,1,83,CZ,CG,7.351014
tcr_26_1,C,A,F,R,1,86,CZ,CD,4.428908
tcr_26_1,C,A,F,R,1,86,CZ,CA,7.35494
tcr_26_1,C,A,F,R,1,86,CZ,CG,5.3555026
tcr_26_1,C,A,F,R,1,86,CZ,CB,6.2285037
tcr_26_1,C,A,F,Y,1,83,CZ,CD2,6.226772
tcr_26_1,C,A,F,W,1,191,CZ,CH2,5.505944
tcr_26_1,C,A,F,E,1,87,CZ,N,7.0692577
tcr_26_1,C,A,F,Y,1,83,CZ,O,7.2934046
tcr_26_1,C,A,F,Y,1,83,CZ,C,7.988169
tcr_26_1,C,A,F,Y,1,83,CZ,CD1,8.2552395
tcr_26_1,C,A,F,E,1,87,CZ,CB,7.567259
tcr_26_1,C,A,F,R,1,86,CZ,N,8.439189
tcr_26_1,C,A,F,E,1,87,CZ,CA,7.3329616
tcr_26_1,C,A,F,W,1,84,CZ,N,9.283948
tcr_26_1,C,A,F,Y,1,195,CZ,CE1,9.185414
tcr_26_1,C,A,F,E,1,87,CZ,OE1,4.198435
tcr_26_1,C,A,F,K,1,90,CZ,NZ,2.9114733
tcr_26_1,C,A,F,Y,1,195,CZ,CZ,8.440844
tcr_26_1,C,A,F,Y,1,195,CZ,CE2,9.004639
tcr_26_1,C,A,F,W,1,191,CZ,CE3,6.230115
tcr_26_1,C,A,F,W,1,191,CZ,CZ3,6.2629585
tcr_26_1,C,A,F,Y,1,195,CZ,OH,7.399314
tcr_26_1,C,A,F,Y,1,31,CZ,OH,8.371095
tcr_26_1,C,A,F,Y,1,83,CZ,CE2,6.1397057
tcr_26_1,C,A,F,E,1,87,CZ,CD,5.3594613
tcr_26_1,C,A,F,E,1,87,CZ,OE2,5.856424
tcr_26_1,C,A,F,Y,1,83,CZ,CZ,7.2045994
tcr_26_1,C,A,F,Y,1,83,CZ,OH,7.529162
tcr_26_1,C,A,F,Y,1,83,CZ,CE1,8.196508
tcr_26_1,C,A,F,E,1,87,CZ,CG,6.4709616
tcr_26_1,C,A,F,Y,1,31,CZ,CZ,9.200423
tcr_26_1,C,A,F,M,1,29,CZ,SD,9.86436
tcr_26_1,C,A,F,Y,1,31,CZ,CE2,9.424052
tcr_26_1,C,A,F,D,1,85,CZ,O,9.985991
tcr_26_1,C,A,F,R,1,86,CZ,C,7.0940857
tcr_26_1,C,A,F,R,1,86,CZ,O,7.2651544
tcr_26_1,C,A,F,T,1,88,CZ,N,9.665364
tcr_26_1,C,A,F,K,1,90,CZ,CD,5.2441807
tcr_26_1,C,A,F,K,1,90,CZ,N,9.188762
tcr_26_1,C,A,F,K,1,90,CZ,CA,8.998281
tcr_26_1,C,A,F,E,1,87,CZ,C,8.6964035
tcr_26_1,C,A,F,K,1,90,CZ,CB,7.672681
tcr_26_1,C,A,F,K,1,90,CZ,CE,3.928488
tcr_26_1,C,A,F,E,1,87,CZ,O,8.98197
tcr_26_1,C,A,F,K,1,90,CZ,CG,6.4752903
tcr_26_1,C,A,F,R,1,93,CZ,NH2,8.810579
tcr_26_1,C,A,L,W,2,191,N,O,9.330452
tcr_26_1,C,A,L,W,2,191,N,CD2,6.975177
tcr_26_1,C,A,L,T,2,187,N,OG1,8.714254
tcr_26_1,C,A,L,W,2,191,N,CE2,7.26981
tcr_26_1,C,A,L,W,2,191,N,CZ2,7.828431
tcr_26_1,C,A,L,W,2,191,N,CD1,7.008681
tcr_26_1,C,A,L,R,2,86,N,NH1,9.61392
tcr_26_1,C,A,L,T,2,187,N,CG2,6.694106
tcr_26_1,C,A,L,W,2,191,N,NE1,7.2708917
tcr_26_1,C,A,L,W,2,191,N,CG,6.8051567
tcr_26_1,C,A,L,T,2,187,N,CB,7.828974
tcr_26_1,C,A,L,T,2,187,N,CA,8.698947
tcr_26_1,C,A,L,T,2,187,N,O,7.8479366
tcr_26_1,C,A,L,W,2,191,N,N,9.154496
tcr_26_1,C,A,L,T,2,187,N,C,8.080005
tcr_26_1,C,A,L,W,2,191,N,CA,8.4494505
tcr_26_1,C,A,L,W,2,191,N,CB,6.950364
tcr_26_1,C,A,L,T,2,187,N,N,9.956595
tcr_26_1,C,A,L,C,2,188,N,N,8.117725
tcr_26_1,C,A,L,C,2,188,N,C,8.914719
tcr_26_1,C,A,L,C,2,188,N,CB,8.318329
tcr_26_1,C,A,L,C,2,188,N,CA,7.886412
tcr_26_1,C,A,L,C,2,188,N,SG,8.316727
tcr_26_1,C,A,L,C,2,188,N,O,8.737446
tcr_26_1,C,A,L,L,2,192,N,N,9.222204
tcr_26_1,C,A,L,W,2,191,N,C,8.921753
tcr_26_1,C,A,L,M,2,29,N,CE,6.0968103
tcr_26_1,C,A,L,Y,2,183,N,CD2,6.5981426
tcr_26_1,C,A,L,R,2,86,N,NE,8.747111
tcr_26_1,C,A,L,R,2,86,N,CZ,9.463043
tcr_26_1,C,A,L,Y,2,183,N,CB,9.049109
tcr_26_1,C,A,L,Y,2,183,N,CE2,5.364446
tcr_26_1,C,A,L,Y,2,183,N,CA,9.861968
tcr_26_1,C,A,L,Y,2,183,N,CD1,7.7281938
tcr_26_1,C,A,L,Y,2,183,N,CG,7.6880283
tcr_26_1,C,A,L,Y,2,183,N,CZ,5.4398193
tcr_26_1,C,A,L,Y,2,183,N,OH,4.583087
tcr_26_1,C,A,L,Y,2,183,N,CE1,6.712685
tcr_26_1,C,A,L,Y,2,183,N,O,9.452081
tcr_26_1,C,A,L,Y,2,183,N,C,9.931259
tcr_26_1,C,A,L,G,2,124,N,CA,9.647316
tcr_26_1,C,A,L,G,2,124,N,N,9.952715
tcr_26_1,C,A,L,F,2,123,N,CB,9.795272
tcr_26_1,C,A,L,Y,2,195,N,CD1,9.089341
tcr_26_1,C,A,L,Y,2,195,N,CG,9.126031
tcr_26_1,C,A,L,Y,2,83,N,CA,9.412198
tcr_26_1,C,A,L,Y,2,83,N,CB,9.413671
tcr_26_1,C,A,L,Y,2,83,N,CG,8.194266
tcr_26_1,C,A,L,R,2,86,N,CD,8.269351
tcr_26_1,C,A,L,R,2,86,N,CA,8.810046
tcr_26_1,C,A,L,R,2,86,N,CG,8.171269
tcr_26_1,C,A,L,R,2,86,N,CB,8.55948
tcr_26_1,C,A,L,Y,2,83,N,CD2,7.312565
tcr_26_1,C,A,L,W,2,191,N,CH2,8.079561
tcr_26_1,C,A,L,E,2,87,N,N,6.989974
tcr_26_1,C,A,L,Y,2,83,N,O,8.059734
tcr_26_1,C,A,L,Y,2,83,N,C,8.9697
tcr_26_1,C,A,L,Y,2,83,N,CD1,8.167862
tcr_26_1,C,A,L,E,2,87,N,CB,5.771196
tcr_26_1,C,A,L,R,2,86,N,N,9.703206
tcr_26_1,C,A,L,E,2,87,N,CA,6.0917234
tcr_26_1,C,A,L,W,2,84,N,O,9.695895
tcr_26_1,C,A,L,W,2,84,N,N,9.848899
tcr_26_1,C,A,L,W,2,84,N,CA,9.85465
tcr_26_1,C,A,L,Y,2,195,N,CE1,7.9621305
tcr_26_1,C,A,L,E,2,87,N,OE1,3.8517501
tcr_26_1,C,A,L,K,2,90,N,NZ,4.0050282
tcr_26_1,C,A,L,Y,2,195,N,CZ,6.6685276
tcr_26_1,C,A,L,Y,2,195,N,CE2,6.699266
tcr_26_1,C,A,L,W,2,191,N,CE3,7.2642593
tcr_26_1,C,A,L,W,2,191,N,CZ3,7.814446
tcr_26_1,C,A,L,Y,2,195,N,OH,5.596325
tcr_26_1,C,A,L,Y,2,31,N,OH,3.3966396
tcr_26_1,C,A,L,Y,2,83,N,CE2,6.293187
tcr_26_1,C,A,L,E,2,87,N,CD,3.6270719
tcr_26_1,C,A,L,E,2,87,N,OE2,2.6697083
tcr_26_1,C,A,L,Y,2,83,N,CZ,6.268707
tcr_26_1,C,A,L,Y,2,83,N,OH,5.615171
tcr_26_1,C,A,L,V,2,76,N,CG2,9.140182
tcr_26_1,C,A,L,Y,2,83,N,CE1,7.272077
tcr_26_1,C,A,L,E,2,87,N,CG,5.0055513
tcr_26_1,C,A,L,V,2,58,N,CB,7.986416
tcr_26_1,C,A,L,F,2,57,N,CD2,8.1151905
tcr_26_1,C,A,L,V,2,58,N,CG1,7.0664783
tcr_26_1,C,A,L,F,2,57,N,CE2,6.770223
tcr_26_1,C,A,L,Y,2,31,N,CZ,3.8136773
tcr_26_1,C,A,L,Y,2,195,N,CD2,8.012369
tcr_26_1,C,A,L,Y,2,31,N,CD2,5.171581
tcr_26_1,C,A,L,M,2,29,N,CB,8.8116255
tcr_26_1,C,A,L,M,2,29,N,SD,6.4070573
tcr_26_1,C,A,L,M,2,29,N,CG,7.518965
tcr_26_1,C,A,L,Y,2,31,N,CE2,4.2357025
tcr_26_1,C,A,L,Y,2,31,N,CE1,4.4758554
tcr_26_1,C,A,L,R,2,30,N,O,8.901134
tcr_26_1,C,A,L,F,2,57,N,CZ,6.5671325
tcr_26_1,C,A,L,F,2,57,N,CE1,7.7795134
tcr_26_1,C,A,L,F,2,57,N,CG,9.13054
tcr_26_1,C,A,L,G,2,50,N,O,9.998025
tcr_26_1,C,A,L,V,2,49,N,C,9.373159
tcr_26_1,C,A,L,G,2,50,N,C,9.325634
tcr_26_1,C,A,L,G,2,50,N,N,8.911882
tcr_26_1,C,A,L,Y,2,51,N,N,9.633282
tcr_26_1,C,A,L,G,2,50,N,CA,8.276449
tcr_26_1,C,A,L,F,2,57,N,CD1,8.974306
tcr_26_1,C,A,L,T,2,88,N,C,9.702659
tcr_26_1,C,A,L,R,2,86,N,C,7.628723
tcr_26_1,C,A,L,Q,2,89,N,C,9.500458
tcr_26_1,C,A,L,Q,2,89,N,N,9.77365
tcr_26_1,C,A,L,R,2,86,N,O,7.538342
tcr_26_1,C,A,L,T,2,88,N,CA,9.388481
tcr_26_1,C,A,L,T,2,88,N,N,8.274487
tcr_26_1,C,A,L,K,2,90,N,CD,4.6181
tcr_26_1,C,A,L,K,2,90,N,N,8.186804
tcr_26_1,C,A,L,K,2,90,N,CA,7.5119877
tcr_26_1,C,A,L,E,2,87,N,C,7.021026
tcr_26_1,C,A,L,K,2,90,N,CB,6.0351076
tcr_26_1,C,A,L,K,2,90,N,CE,4.9898596
tcr_26_1,C,A,L,E,2,87,N,O,6.831634
tcr_26_1,C,A,L,K,2,90,N,CG,5.9944367
tcr_26_1,C,A,L,Y,2,91,N,N,7.8316374
tcr_26_1,C,A,L,R,2,93,N,NH2,9.943894
tcr_26_1,C,A,L,Y,2,91,N,CA,8.577493
tcr_26_1,C,A,L,K,2,90,N,O,8.46691
tcr_26_1,C,A,L,K,2,90,N,C,7.8519177
tcr_26_1,C,A,L,Y,2,91,N,CE1,6.538093
tcr_26_1,C,A,L,Y,2,31,N,CD1,5.371251
tcr_26_1,C,A,L,Y,2,91,N,CD2,7.131691
tcr_26_1,C,A,L,Y,2,91,N,CE2,6.3288097
tcr_26_1,C,A,L,Y,2,91,N,CZ,5.9913344
tcr_26_1,C,A,L,Y,2,91,N,OH,5.5424204
tcr_26_1,C,A,L,Y,2,91,N,CD1,7.319442
tcr_26_1,C,A,L,F,2,123,N,CZ,5.9278655
tcr_26_1,C,A,L,Y,2,91,N,CG,7.5888
tcr_26_1,C,A,L,F,2,123,N,CE2,5.989699
tcr_26_1,C,A,L,A,2,48,N,CB,9.520072
tcr_26_1,C,A,L,Y,2,91,N,CB,8.694703
tcr_26_1,C,A,L,Q,2,94,N,OE1,9.766225
tcr_26_1,C,A,L,Q,2,94,N,CG,9.965961
tcr_26_1,C,A,L,Q,2,94,N,CB,9.701152
tcr_26_1,C,A,L,F,2,123,N,CD2,7.3165493
tcr_26_1,C,A,L,F,2,123,N,CG,8.393425
tcr_26_1,C,A,L,Y,2,31,N,N,8.489782
tcr_26_1,C,A,L,F,2,123,N,CD1,8.340395
tcr_26_1,C,A,L,F,2,123,N,CE1,7.2076006
tcr_26_1,C,A,L,Y,2,31,N,CG,5.674829
tcr_26_1,C,A,L,Y,2,31,N,CB,6.9436474
tcr_26_1,C,A,L,Y,2,31,N,CA,8.198009
tcr_26_1,C,A,L,V,2,49,N,O,9.238132
tcr_26_1,C,A,L,Y,2,31,N,C,9.444371
tcr_26_1,C,A,L,Y,2,51,N,O,9.825068
tcr_26_1,C,A,L,M,2,29,N,CA,9.908208
tcr_26_1,C,A,L,M,2,29,N,C,9.745856
tcr_26_1,C,A,L,R,2,30,N,C,8.895028
tcr_26_1,C,A,L,R,2,30,N,CA,9.764397
tcr_26_1,C,A,L,R,2,30,N,N,9.621609
tcr_26_1,C,A,L,M,2,29,N,O,9.965389
tcr_26_1,C,A,L,F,2,123,N,O,9.109197
tcr_26_1,C,A,L,F,2,123,N,C,9.68452
tcr_26_1,C,A,L,Y,2,31,N,O,9.964232
tcr_26_1,C,A,L,W,2,84,N,CZ3,8.984704
tcr_26_1,C,A,L,W,2,84,N,CH2,9.43441
tcr_26_1,C,A,L,W,2,84,N,CE3,9.375555
tcr_26_1,C,A,L,G,2,69,N,CA,9.762633
tcr_26_1,C,A,L,V,2,58,N,CG2,7.84715
tcr_26_1,C,A,L,V,2,58,N,N,9.910046
tcr_26_1,C,A,L,V,2,58,N,C,9.972171
tcr_26_1,C,A,L,V,2,58,N,CA,9.468084
tcr_26_1,C,A,L,W,2,191,CA,CD2,8.28475
tcr_26_1,C,A,L,T,2,187,CA,OG1,8.979278
tcr_26_1,C,A,L,W,2,191,CA,CE2,8.532844
tcr_26_1,C,A,L,W,2,191,CA,CZ2,9.132888
tcr_26_1,C,A,L,W,2,191,CA,CD1,8.07553
tcr_26_1,C,A,L,T,2,187,CA,CG2,7.1955943
tcr_26_1,C,A,L,W,2,191,CA,NE1,8.392547
tcr_26_1,C,A,L,W,2,191,CA,CG,7.985036
tcr_26_1,C,A,L,T,2,187,CA,CB,8.1577015
tcr_26_1,C,A,L,T,2,187,CA,CA,9.139245
tcr_26_1,C,A,L,T,2,187,CA,O,8.518997
tcr_26_1,C,A,L,T,2,187,CA,C,8.564431
tcr_26_1,C,A,L,W,2,191,CA,CA,9.543459
tcr_26_1,C,A,L,W,2,191,CA,CB,8.059097
tcr_26_1,C,A,L,C,2,188,CA,N,8.424063
tcr_26_1,C,A,L,C,2,188,CA,C,9.369103
tcr_26_1,C,A,L,C,2,188,CA,CB,8.380436
tcr_26_1,C,A,L,C,2,188,CA,CA,8.197555
tcr_26_1,C,A,L,C,2,188,CA,SG,8.326971
tcr_26_1,C,A,L,C,2,188,CA,O,9.315698
tcr_26_1,C,A,L,W,2,191,CA,C,9.985276
tcr_26_1,C,A,L,M,2,29,CA,CE,6.550737
tcr_26_1,C,A,L,Y,2,183,CA,CD2,6.256194
tcr_26_1,C,A,L,R,2,86,CA,NE,9.26945
tcr_26_1,C,A,L,Y,2,183,CA,CB,8.542605
tcr_26_1,C,A,L,Y,2,183,CA,CE2,5.0999565
tcr_26_1,C,A,L,Y,2,183,CA,CA,9.539349
tcr_26_1,C,A,L,Y,2,183,CA,CD1,7.150854
tcr_26_1,C,A,L,Y,2,183,CA,CG,7.1962066
tcr_26_1,C,A,L,Y,2,183,CA,CZ,5.0526533
tcr_26_1,C,A,L,Y,2,183,CA,OH,4.305079
tcr_26_1,C,A,L,Y,2,183,CA,CE1,6.1711445
tcr_26_1,C,A,L,R,2,180,CA,NH1,9.405074
tcr_26_1,C,A,L,Y,2,183,CA,O,9.369681
tcr_26_1,C,A,L,Y,2,183,CA,C,9.682334
tcr_26_1,C,A,L,G,2,124,CA,CA,9.149453
tcr_26_1,C,A,L,G,2,124,CA,N,9.254367
tcr_26_1,C,A,L,F,2,123,CA,CB,8.717709
tcr_26_1,C,A,L,R,2,121,CA,NH2,9.818887
tcr_26_1,C,A,L,Y,2,83,CA,CG,9.485011
tcr_26_1,C,A,L,R,2,86,CA,CD,8.92941
tcr_26_1,C,A,L,R,2,86,CA,CA,9.3060055
tcr_26_1,C,A,L,R,2,86,CA,CG,8.695861
tcr_26_1,C,A,L,R,2,86,CA,CB,9.202532
tcr_26_1,C,A,L,Y,2,83,CA,CD2,8.666117
tcr_26_1,C,A,L,W,2,191,CA,CH2,9.466286
tcr_26_1,C,A,L,E,2,87,CA,N,7.518374
tcr_26_1,C,A,L,Y,2,83,CA,O,8.991576
tcr_26_1,C,A,L,Y,2,83,CA,C,9.99092
tcr_26_1,C,A,L,Y,2,83,CA,CD1,9.414483
tcr_26_1,C,A,L,E,2,87,CA,CB,6.401807
tcr_26_1,C,A,L,E,2,87,CA,CA,6.50476
tcr_26_1,C,A,L,Y,2,195,CA,CE1,9.308621
tcr_26_1,C,A,L,E,2,87,CA,OE1,4.7959924
tcr_26_1,C,A,L,K,2,90,CA,NZ,4.493703
tcr_26_1,C,A,L,Y,2,195,CA,CZ,7.9790483
tcr_26_1,C,A,L,Y,2,195,CA,CE2,7.875285
tcr_26_1,C,A,L,W,2,191,CA,CE3,8.65967
tcr_26_1,C,A,L,W,2,191,CA,CZ3,9.243965
tcr_26_1,C,A,L,Y,2,195,CA,OH,6.966763
tcr_26_1,C,A,L,Y,2,31,CA,OH,4.0432563
tcr_26_1,C,A,L,Y,2,83,CA,CE2,7.692159
tcr_26_1,C,A,L,E,2,87,CA,CD,4.5753746
tcr_26_1,C,A,L,E,2,87,CA,OE2,3.5425365
tcr_26_1,C,A,L,Y,2,83,CA,CZ,7.6135383
tcr_26_1,C,A,L,Y,2,83,CA,OH,6.9414034
tcr_26_1,C,A,L,Y,2,83,CA,CE1,8.528066
tcr_26_1,C,A,L,E,2,87,CA,CG,5.932723
tcr_26_1,C,A,L,V,2,58,CA,CB,8.483933
tcr_26_1,C,A,L,F,2,57,CA,CD2,8.9806185
tcr_26_1,C,A,L,V,2,58,CA,CG1,7.4207635
tcr_26_1,C,A,L,F,2,57,CA,CE2,7.6382513
tcr_26_1,C,A,L,Y,2,31,CA,CZ,3.9631915
tcr_26_1,C,A,L,Y,2,195,CA,CD2,9.129001
tcr_26_1,C,A,L,Y,2,31,CA,CD2,4.7302017
tcr_26_1,C,A,L,M,2,29,CA,CB,9.129293
tcr_26_1,C,A,L,M,2,29,CA,SD,7.027251
tcr_26_1,C,A,L,M,2,29,CA,CG,7.8763585
tcr_26_1,C,A,L,Y,2,31,CA,CE2,4.1648035
tcr_26_1,C,A,L,Y,2,31,CA,CE1,4.3835683
tcr_26_1,C,A,L,R,2,30,CA,O,8.67084
tcr_26_1,C,A,L,F,2,57,CA,CZ,7.273263
tcr_26_1,C,A,L,F,2,57,CA,CE1,8.357824
tcr_26_1,C,A,L,F,2,57,CA,CG,9.8865385
tcr_26_1,C,A,L,V,2,49,CA,C,9.0549965
tcr_26_1,C,A,L,G,2,50,CA,C,9.444063
tcr_26_1,C,A,L,G,2,50,CA,N,8.794398
tcr_26_1,C,A,L,Y,2,51,CA,N,9.732958
tcr_26_1,C,A,L,G,2,50,CA,CA,8.25606
tcr_26_1,C,A,L,F,2,57,CA,CD1,9.60018
tcr_26_1,C,A,L,T,2,88,CA,C,9.582625
tcr_26_1,C,A,L,R,2,86,CA,C,8.025469
tcr_26_1,C,A,L,Q,2,89,CA,C,9.101034
tcr_26_1,C,A,L,Q,2,89,CA,N,9.695739
tcr_26_1,C,A,L,R,2,86,CA,O,7.717067
tcr_26_1,C,A,L,T,2,88,CA,CA,9.441353
tcr_26_1,C,A,L,T,2,88,CA,O,9.811618
tcr_26_1,C,A,L,T,2,88,CA,N,8.487713
tcr_26_1,C,A,L,K,2,90,CA,CD,4.4626226
tcr_26_1,C,A,L,K,2,90,CA,N,7.806253
tcr_26_1,C,A,L,K,2,90,CA,CA,6.912822
tcr_26_1,C,A,L,E,2,87,CA,C,7.182908
tcr_26_1,C,A,L,K,2,90,CA,CB,5.493283
tcr_26_1,C,A,L,K,2,90,CA,CE,5.1405573
tcr_26_1,C,A,L,E,2,87,CA,O,6.7453485
tcr_26_1,C,A,L,K,2,90,CA,CG,5.655063
tcr_26_1,C,A,L,Y,2,91,CA,N,7.177386
tcr_26_1,C,A,L,R,2,93,CA,NH2,9.572337
tcr_26_1,C,A,L,Q,2,89,CA,O,9.651746
tcr_26_1,C,A,L,Y,2,91,CA,CA,7.8320537
tcr_26_1,C,A,L,K,2,90,CA,O,7.5413694
tcr_26_1,C,A,L,K,2,90,CA,C,7.0941105
tcr_26_1,C,A,L,Q,2,94,CA,N,9.787872
tcr_26_1,C,A,L,Y,2,91,CA,C,9.238739
tcr_26_1,C,A,L,Y,2,91,CA,CE1,5.9779468
tcr_26_1,C,A,L,Y,2,31,CA,CD1,4.926897
tcr_26_1,C,A,L,Y,2,91,CA,CD2,6.901707
tcr_26_1,C,A,L,Y,2,91,CA,CE2,6.247941
tcr_26_1,C,A,L,Y,2,91,CA,CZ,5.742699
tcr_26_1,C,A,L,Y,2,91,CA,OH,5.47262
tcr_26_1,C,A,L,Y,2,91,CA,CD1,6.661802
tcr_26_1,C,A,L,F,2,123,CA,CZ,4.6781845
tcr_26_1,C,A,L,Y,2,91,CA,CG,7.089763
tcr_26_1,C,A,L,F,2,123,CA,CE2,4.9103417
tcr_26_1,C,A,L,A,2,48,CA,CB,8.712947
tcr_26_1,C,A,L,Y,2,91,CA,CB,8.118414
tcr_26_1,C,A,L,F,2,46,CA,CZ,9.573213
tcr_26_1,C,A,L,Y,2,91,CA,O,9.745161
tcr_26_1,C,A,L,R,2,121,CA,NH1,9.072179
tcr_26_1,C,A,L,Q,2,94,CA,CD,8.967512
tcr_26_1,C,A,L,Q,2,94,CA,OE1,8.35574
tcr_26_1,C,A,L,Q,2,94,CA,CG,8.632036
tcr_26_1,C,A,L,Q,2,94,CA,CA,9.760619
tcr_26_1,C,A,L,Q,2,94,CA,CB,8.453815
tcr_26_1,C,A,L,R,2,121,CA,NE,9.667699
tcr_26_1,C,A,L,R,2,121,CA,CZ,9.418585
tcr_26_1,C,A,L,F,2,123,CA,CD2,6.290948
tcr_26_1,C,A,L,F,2,123,CA,CG,7.2684803
tcr_26_1,C,A,L,Y,2,31,CA,N,7.936898
tcr_26_1,C,A,L,F,2,123,CA,CD1,7.1045933
tcr_26_1,C,A,L,F,2,123,CA,CE1,5.91943
tcr_26_1,C,A,L,R,2,121,CA,CD,9.892946
tcr_26_1,C,A,L,Y,2,31,CA,CG,5.0819697
tcr_26_1,C,A,L,Y,2,31,CA,CB,6.147589
tcr_26_1,C,A,L,Y,2,31,CA,CA,7.533671
tcr_26_1,C,A,L,V,2,49,CA,O,8.777637
tcr_26_1,C,A,L,F,2,32,CA,N,9.288504
tcr_26_1,C,A,L,Y,2,31,CA,C,8.643196
tcr_26_1,C,A,L,S,2,33,CA,CB,9.920465
tcr_26_1,C,A,L,M,2,29,CA,C,9.71686
tcr_26_1,C,A,L,R,2,30,CA,C,8.540747
tcr_26_1,C,A,L,R,2,30,CA,CA,9.4618845
tcr_26_1,C,A,L,R,2,30,CA,N,9.530385
tcr_26_1,C,A,L,M,2,29,CA,O,9.820976
tcr_26_1,C,A,L,F,2,123,CA,O,8.373155
tcr_26_1,C,A,L,F,2,123,CA,C,8.884494
tcr_26_1,C,A,L,F,2,123,CA,N,9.754035
tcr_26_1,C,A,L,F,2,123,CA,CA,9.427153
tcr_26_1,C,A,L,Y,2,31,CA,O,9.06835
tcr_26_1,C,A,L,W,2,84,CA,CZ3,9.828751
tcr_26_1,C,A,L,V,2,58,CA,CG2,8.300832
tcr_26_1,C,A,L,V,2,58,CA,CA,9.908076
tcr_26_1,C,A,L,V,2,49,CA,N,9.825601
tcr_26_1,C,A,L,V,2,49,CA,CA,9.990352
tcr_26_1,C,A,L,F,2,60,CA,CB,9.984926
tcr_26_1,C,A,L,F,2,46,CA,CE1,9.943901
tcr_26_1,C,A,L,A,2,48,CA,CA,9.969119
tcr_26_1,C,A,L,A,2,48,CA,C,9.950167
tcr_26_1,C,A,L,W,2,191,C,CD2,8.438624
tcr_26_1,C,A,L,T,2,187,C,OG1,7.8838286
tcr_26_1,C,A,L,W,2,191,C,CE2,8.498559
tcr_26_1,C,A,L,W,2,191,C,CZ2,9.146822
tcr_26_1,C,A,L,W,2,191,C,CD1,7.8638053
tcr_26_1,C,A,L,R,2,86,C,NH1,9.7334385
tcr_26_1,C,A,L,T,2,187,C,CG2,6.3481784
tcr_26_1,C,A,L,W,2,191,C,NE1,8.142364
tcr_26_1,C,A,L,W,2,191,C,CG,8.0277815
tcr_26_1,C,A,L,T,2,187,C,CB,7.207711
tcr_26_1,C,A,L,T,2,187,C,CA,8.348752
tcr_26_1,C,A,L,T,2,187,C,O,8.115954
tcr_26_1,C,A,L,T,2,187,C,C,7.976724
tcr_26_1,C,A,L,W,2,191,C,CA,9.707617
tcr_26_1,C,A,L,W,2,191,C,CB,8.226789
tcr_26_1,C,A,L,T,2,187,C,N,9.396048
tcr_26_1,C,A,L,C,2,188,C,N,7.8394923
tcr_26_1,C,A,L,C,2,188,C,C,9.154321
tcr_26_1,C,A,L,C,2,188,C,CB,7.989003
tcr_26_1,C,A,L,C,2,188,C,CA,7.844026
tcr_26_1,C,A,L,C,2,188,C,SG,8.220027
tcr_26_1,C,A,L,C,2,188,C,O,9.294869
tcr_26_1,C,A,L,M,2,29,C,CE,6.9609933
tcr_26_1,C,A,L,Y,2,183,C,CD2,5.07817
tcr_26_1,C,A,L,R,2,86,C,NE,8.688925
tcr_26_1,C,A,L,R,2,86,C,NH2,9.919585
tcr_26_1,C,A,L,R,2,86,C,CZ,9.352323
tcr_26_1,C,A,L,Y,2,183,C,CB,7.298514
tcr_26_1,C,A,L,Y,2,183,C,CE2,4.115669
tcr_26_1,C,A,L,Y,2,183,C,CA,8.34897
tcr_26_1,C,A,L,Y,2,183,C,N,9.616774
tcr_26_1,C,A,L,Y,2,183,C,CD1,6.215466
tcr_26_1,C,A,L,R,2,180,C,CZ,9.593599
tcr_26_1,C,A,L,Y,2,183,C,CG,6.0569935
tcr_26_1,C,A,L,Y,2,183,C,CZ,4.3604417
tcr_26_1,C,A,L,Y,2,183,C,OH,4.0236144
tcr_26_1,C,A,L,Y,2,183,C,CE1,5.464303
tcr_26_1,C,A,L,R,2,180,C,NH1,8.30595
tcr_26_1,C,A,L,Y,2,183,C,O,8.463417
tcr_26_1,C,A,L,Y,2,183,C,C,8.669337
tcr_26_1,C,A,L,G,2,124,C,CA,9.259667
tcr_26_1,C,A,L,L,2,184,C,CA,9.988627
tcr_26_1,C,A,L,L,2,184,C,N,9.44068
tcr_26_1,C,A,L,G,2,124,C,N,9.283879
tcr_26_1,C,A,L,L,2,184,C,CD2,9.497652
tcr_26_1,C,A,L,F,2,123,C,CB,8.560342
tcr_26_1,C,A,L,R,2,121,C,NH2,9.126562
tcr_26_1,C,A,L,R,2,86,C,CD,8.585899
tcr_26_1,C,A,L,R,2,86,C,CA,9.407544
tcr_26_1,C,A,L,R,2,86,C,CG,8.452091
tcr_26_1,C,A,L,R,2,86,C,CB,9.198974
tcr_26_1,C,A,L,Y,2,83,C,CD2,9.258979
tcr_26_1,C,A,L,W,2,191,C,CH2,9.69153
tcr_26_1,C,A,L,E,2,87,C,N,7.9412584
tcr_26_1,C,A,L,Y,2,83,C,O,9.530856
tcr_26_1,C,A,L,E,2,87,C,CB,7.265184
tcr_26_1,C,A,L,E,2,87,C,CA,7.1045475
tcr_26_1,C,A,L,E,2,87,C,OE1,5.1725597
tcr_26_1,C,A,L,K,2,90,C,NZ,4.075856
tcr_26_1,C,A,L,Y,2,195,C,CZ,8.891298
tcr_26_1,C,A,L,Y,2,195,C,CE2,8.782183
tcr_26_1,C,A,L,W,2,191,C,CE3,9.034359
tcr_26_1,C,A,L,W,2,191,C,CZ3,9.639981
tcr_26_1,C,A,L,Y,2,195,C,OH,7.8901796
tcr_26_1,C,A,L,Y,2,31,C,OH,5.36767
tcr_26_1,C,A,L,Y,2,83,C,CE2,8.407425
tcr_26_1,C,A,L,E,2,87,C,CD,5.303954
tcr_26_1,C,A,L,E,2,87,C,OE2,4.504004
tcr_26_1,C,A,L,Y,2,83,C,CZ,8.551322
tcr_26_1,C,A,L,Y,2,83,C,OH,8.01455
tcr_26_1,C,A,L,Y,2,83,C,CE1,9.520168
tcr_26_1,C,A,L,E,2,87,C,CG,6.777372
tcr_26_1,C,A,L,V,2,58,C,CG1,8.95143
tcr_26_1,C,A,L,F,2,57,C,CE2,9.015327
tcr_26_1,C,A,L,Y,2,31,C,CZ,5.283853
tcr_26_1,C,A,L,Y,2,31,C,CD2,5.633979
tcr_26_1,C,A,L,M,2,29,C,CB,9.768533
tcr_26_1,C,A,L,M,2,29,C,SD,7.766275
tcr_26_1,C,A,L,M,2,29,C,CG,8.665253
tcr_26_1,C,A,L,Y,2,31,C,CE2,5.197669
tcr_26_1,C,A,L,Y,2,31,C,CE1,5.8028398
tcr_26_1,C,A,L,R,2,30,C,O,9.730199
tcr_26_1,C,A,L,F,2,57,C,CZ,8.615249
tcr_26_1,C,A,L,F,2,57,C,CE1,9.6821995
tcr_26_1,C,A,L,G,2,50,C,CA,9.642585
tcr_26_1,C,A,L,R,2,86,C,C,8.222642
tcr_26_1,C,A,L,Q,2,89,C,C,9.078158
tcr_26_1,C,A,L,Q,2,89,C,N,9.961595
tcr_26_1,C,A,L,R,2,86,C,O,7.791293
tcr_26_1,C,A,L,T,2,88,C,N,9.129741
tcr_26_1,C,A,L,K,2,90,C,CD,4.084926
tcr_26_1,C,A,L,K,2,90,C,N,7.792539
tcr_26_1,C,A,L,K,2,90,C,CA,6.7947674
tcr_26_1,C,A,L,E,2,87,C,C,7.806932
tcr_26_1,C,A,L,K,2,90,C,CB,5.3673882
tcr_26_1,C,A,L,K,2,90,C,CE,4.5832686
tcr_26_1,C,A,L,E,2,87,C,O,7.3262477
tcr_26_1,C,A,L,K,2,90,C,CG,5.258132
tcr_26_1,C,A,L,Y,2,91,C,N,7.5136776
tcr_26_1,C,A,L,R,2,93,C,NH2,8.89007
tcr_26_1,C,A,L,R,2,93,C,CZ,9.798392
tcr_26_1,C,A,L,R,2,93,C,NE,9.621837
tcr_26_1,C,A,L,Q,2,89,C,O,9.555531
tcr_26_1,C,A,L,Y,2,91,C,CA,8.300113
tcr_26_1,C,A,L,K,2,90,C,O,7.4805174
tcr_26_1,C,A,L,K,2,90,C,C,7.1556478
tcr_26_1,C,A,L,Q,2,94,C,N,9.603857
tcr_26_1,C,A,L,Y,2,91,C,C,9.589776
tcr_26_1,C,A,L,Y,2,91,C,CE1,7.13297
tcr_26_1,C,A,L,Y,2,31,C,CD1,6.1989894
tcr_26_1,C,A,L,Y,2,91,C,CD2,7.92027
tcr_26_1,C,A,L,Y,2,91,C,CE2,7.4530406
tcr_26_1,C,A,L,Y,2,91,C,CZ,7.0348487
tcr_26_1,C,A,L,Y,2,91,C,OH,6.910507
tcr_26_1,C,A,L,Y,2,91,C,CD1,7.6234274
tcr_26_1,C,A,L,F,2,123,C,CZ,4.767316
tcr_26_1,C,A,L,Y,2,91,C,CG,7.995627
tcr_26_1,C,A,L,F,2,123,C,CE2,4.830315
tcr_26_1,C,A,L,A,2,48,C,CB,9.743621
tcr_26_1,C,A,L,Y,2,91,C,CB,8.83182
tcr_26_1,C,A,L,R,2,121,C,NH1,8.554392
tcr_26_1,C,A,L,Q,2,94,C,CD,8.736504
tcr_26_1,C,A,L,Q,2,94,C,OE1,7.948163
tcr_26_1,C,A,L,Q,2,94,C,CG,8.632988
tcr_26_1,C,A,L,Q,2,94,C,CA,9.611838
tcr_26_1,C,A,L,Q,2,94,C,CB,8.427546
tcr_26_1,C,A,L,R,2,121,C,NE,9.313058
tcr_26_1,C,A,L,R,2,121,C,CZ,8.8935375
tcr_26_1,C,A,L,F,2,123,C,CD2,6.134392
tcr_26_1,C,A,L,F,2,123,C,CG,7.1658654
tcr_26_1,C,A,L,Y,2,31,C,N,8.75537
tcr_26_1,C,A,L,F,2,123,C,CD1,7.1144295
tcr_26_1,C,A,L,F,2,123,C,CE1,6.02793
tcr_26_1,C,A,L,R,2,121,C,CD,9.739285
tcr_26_1,C,A,L,Y,2,31,C,CG,6.1170993
tcr_26_1,C,A,L,Y,2,31,C,CB,7.005352
tcr_26_1,C,A,L,Y,2,31,C,CA,8.443114
tcr_26_1,C,A,L,Y,2,31,C,C,9.460741
tcr_26_1,C,A,L,Q,2,94,C,NE2,9.8989315
tcr_26_1,C,A,L,R,2,30,C,C,9.446117
tcr_26_1,C,A,L,F,2,123,C,O,8.720376
tcr_26_1,C,A,L,F,2,123,C,C,9.032228
tcr_26_1,C,A,L,F,2,123,C,N,9.9470005
tcr_26_1,C,A,L,F,2,123,C,CA,9.465649
tcr_26_1,C,A,L,Y,2,31,C,O,9.71325
tcr_26_1,C,A,L,V,2,58,C,CG2,9.784195
tcr_26_1,C,A,L,W,2,191,O,CD2,8.04475
tcr_26_1,C,A,L,T,2,187,O,OG1,7.3261924
tcr_26_1,C,A,L,W,2,191,O,CE2,7.9117045
tcr_26_1,C,A,L,W,2,191,O,CZ2,8.46084
tcr_26_1,C,A,L,W,2,191,O,CD1,7.435383
tcr_26_1,C,A,L,R,2,86,O,NH1,8.543192
tcr_26_1,C,A,L,T,2,187,O,CG2,5.8243294
tcr_26_1,C,A,L,W,2,191,O,NE1,7.5317535
tcr_26_1,C,A,L,W,2,191,O,CG,7.7380095
tcr_26_1,C,A,L,T,2,187,O,CB,6.801188
tcr_26_1,C,A,L,T,2,187,O,CA,8.044939
tcr_26_1,C,A,L,T,2,187,O,O,7.997385
tcr_26_1,C,A,L,T,2,187,O,C,7.863967
tcr_26_1,C,A,L,W,2,191,O,CA,9.648735
tcr_26_1,C,A,L,W,2,191,O,CB,8.15647
tcr_26_1,C,A,L,T,2,187,O,N,9.1312895
tcr_26_1,C,A,L,C,2,188,O,N,7.907704
tcr_26_1,C,A,L,C,2,188,O,C,9.410838
tcr_26_1,C,A,L,C,2,188,O,CB,8.417674
tcr_26_1,C,A,L,C,2,188,O,CA,8.110165
tcr_26_1,C,A,L,C,2,188,O,SG,8.867556
tcr_26_1,C,A,L,C,2,188,O,O,9.590782
tcr_26_1,C,A,L,M,2,29,O,CE,7.591828
tcr_26_1,C,A,L,Y,2,183,O,CD2,5.1010237
tcr_26_1,C,A,L,R,2,86,O,NE,7.4974775
tcr_26_1,C,A,L,R,2,86,O,NH2,8.688753
tcr_26_1,C,A,L,R,2,86,O,CZ,8.136707
tcr_26_1,C,A,L,Y,2,183,O,CB,7.345116
tcr_26_1,C,A,L,Y,2,183,O,CE2,4.310992
tcr_26_1,C,A,L,Y,2,183,O,CA,8.313833
tcr_26_1,C,A,L,Y,2,183,O,N,9.537605
tcr_26_1,C,A,L,Y,2,183,O,CD1,6.6564393
tcr_26_1,C,A,L,R,2,180,O,CZ,9.989076
tcr_26_1,C,A,L,Y,2,183,O,CG,6.2384467
tcr_26_1,C,A,L,Y,2,183,O,CZ,4.9092474
tcr_26_1,C,A,L,Y,2,183,O,OH,4.760602
tcr_26_1,C,A,L,Y,2,183,O,CE1,6.0799947
tcr_26_1,C,A,L,R,2,180,O,NH1,8.69808
tcr_26_1,C,A,L,Y,2,183,O,O,8.55526
tcr_26_1,C,A,L,Y,2,183,O,C,8.782525
tcr_26_1,C,A,L,L,2,184,O,N,9.681366
tcr_26_1,C,A,L,F,2,123,O,CB,9.629751
tcr_26_1,C,A,L,R,2,121,O,NH2,9.828667
tcr_26_1,C,A,L,Y,2,83,O,CG,9.657165
tcr_26_1,C,A,L,R,2,86,O,CD,7.4671035
tcr_26_1,C,A,L,R,2,86,O,CA,8.572924
tcr_26_1,C,A,L,R,2,86,O,CG,7.406283
tcr_26_1,C,A,L,R,2,86,O,CB,8.257087
tcr_26_1,C,A,L,Y,2,83,O,CD2,8.731739
tcr_26_1,C,A,L,W,2,191,O,CH2,9.086752
tcr_26_1,C,A,L,E,2,87,O,N,7.3401694
tcr_26_1,C,A,L,Y,2,83,O,O,8.901628
tcr_26_1,C,A,L,Y,2,83,O,C,9.949884
tcr_26_1,C,A,L,Y,2,83,O,CD1,9.912335
tcr_26_1,C,A,L,E,2,87,O,CB,7.0069466
tcr_26_1,C,A,L,R,2,86,O,N,9.773534
tcr_26_1,C,A,L,E,2,87,O,CA,6.6968913
tcr_26_1,C,A,L,E,2,87,O,OE1,4.5439463
tcr_26_1,C,A,L,K,2,90,O,NZ,3.0041008
tcr_26_1,C,A,L,Y,2,195,O,CZ,9.026809
tcr_26_1,C,A,L,Y,2,195,O,CE2,9.070756
tcr_26_1,C,A,L,W,2,191,O,CE3,8.705664
tcr_26_1,C,A,L,W,2,191,O,CZ3,9.201119
tcr_26_1,C,A,L,Y,2,195,O,OH,7.952111
tcr_26_1,C,A,L,Y,2,31,O,OH,6.078698
tcr_26_1,C,A,L,Y,2,83,O,CE2,8.027191
tcr_26_1,C,A,L,E,2,87,O,CD,4.946795
tcr_26_1,C,A,L,E,2,87,O,OE2,4.4087515
tcr_26_1,C,A,L,Y,2,83,O,CZ,8.339924
tcr_26_1,C,A,L,Y,2,83,O,OH,7.989198
tcr_26_1,C,A,L,Y,2,83,O,CE1,9.300663
tcr_26_1,C,A,L,E,2,87,O,CG,6.4598455
tcr_26_1,C,A,L,V,2,58,O,CG1,9.652409
tcr_26_1,C,A,L,F,2,57,O,CE2,9.567647
tcr_26_1,C,A,L,Y,2,31,O,CZ,6.211775
tcr_26_1,C,A,L,Y,2,31,O,CD2,6.783119
tcr_26_1,C,A,L,M,2,29,O,SD,8.4246235
tcr_26_1,C,A,L,M,2,29,O,CG,9.496588
tcr_26_1,C,A,L,Y,2,31,O,CE2,6.222296
tcr_26_1,C,A,L,Y,2,31,O,CE1,6.773237
tcr_26_1,C,A,L,F,2,57,O,CZ,9.302917
tcr_26_1,C,A,L,T,2,88,O,C,9.722788
tcr_26_1,C,A,L,R,2,86,O,C,7.4992433
tcr_26_1,C,A,L,Q,2,89,O,C,8.646015
tcr_26_1,C,A,L,Q,2,89,O,N,9.511671
tcr_26_1,C,A,L,Q,2,89,O,CB,9.885513
tcr_26_1,C,A,L,R,2,86,O,O,7.0795527
tcr_26_1,C,A,L,Q,2,89,O,CA,9.650896
tcr_26_1,C,A,L,T,2,88,O,CA,9.830528
tcr_26_1,C,A,L,T,2,88,O,N,8.816305
tcr_26_1,C,A,L,K,2,90,O,CD,3.2873244
tcr_26_1,C,A,L,K,2,90,O,N,7.3581457
tcr_26_1,C,A,L,K,2,90,O,CA,6.4704404
tcr_26_1,C,A,L,E,2,87,O,C,7.5163627
tcr_26_1,C,A,L,K,2,90,O,CB,5.0044684
tcr_26_1,C,A,L,K,2,90,O,CE,3.5016303
tcr_26_1,C,A,L,E,2,87,O,O,7.13817
tcr_26_1,C,A,L,K,2,90,O,CG,4.5641656
tcr_26_1,C,A,L,Y,2,91,O,N,7.543139
tcr_26_1,C,A,L,R,2,93,O,NH2,8.059436
tcr_26_1,C,A,L,R,2,93,O,CZ,9.0564
tcr_26_1,C,A,L,R,2,93,O,NE,9.007605
tcr_26_1,C,A,L,Q,2,89,O,O,9.191442
tcr_26_1,C,A,L,R,2,93,O,CB,9.861578
tcr_26_1,C,A,L,Y,2,91,O,CA,8.510197
tcr_26_1,C,A,L,K,2,90,O,O,7.4961815
tcr_26_1,C,A,L,K,2,90,O,C,7.086861
tcr_26_1,C,A,L,Q,2,94,O,N,9.748742
tcr_26_1,C,A,L,Y,2,91,O,C,9.754708
tcr_26_1,C,A,L,Y,2,91,O,CE1,7.8082795
tcr_26_1,C,A,L,Y,2,31,O,CD1,7.293982
tcr_26_1,C,A,L,Y,2,91,O,CD2,8.19524
tcr_26_1,C,A,L,Y,2,91,O,CE2,7.8211365
tcr_26_1,C,A,L,Y,2,91,O,CZ,7.6115007
tcr_26_1,C,A,L,Y,2,91,O,OH,7.571742
tcr_26_1,C,A,L,Y,2,91,O,CD1,8.184964
tcr_26_1,C,A,L,F,2,123,O,CZ,5.942129
tcr_26_1,C,A,L,Y,2,91,O,CG,8.364028
tcr_26_1,C,A,L,F,2,123,O,CE2,5.9658456
tcr_26_1,C,A,L,Y,2,91,O,CB,9.094186
tcr_26_1,C,A,L,R,2,121,O,NH1,9.265723
tcr_26_1,C,A,L,Q,2,94,O,CD,9.324323
tcr_26_1,C,A,L,Q,2,94,O,OE1,8.471207
tcr_26_1,C,A,L,Q,2,94,O,CG,9.239961
tcr_26_1,C,A,L,Q,2,94,O,CA,9.924623
tcr_26_1,C,A,L,Q,2,94,O,CB,8.862777
tcr_26_1,C,A,L,R,2,121,O,CZ,9.673348
tcr_26_1,C,A,L,F,2,123,O,CD2,7.2195582
tcr_26_1,C,A,L,F,2,123,O,CG,8.270204
tcr_26_1,C,A,L,Y,2,31,O,N,9.955909
tcr_26_1,C,A,L,F,2,123,O,CD1,8.243841
tcr_26_1,C,A,L,F,2,123,O,CE1,7.1729093
tcr_26_1,C,A,L,Y,2,31,O,CG,7.2954717
tcr_26_1,C,A,L,Y,2,31,O,CB,8.224589
tcr_26_1,C,A,L,Y,2,31,O,CA,9.656351
tcr_26_1,C,A,L,F,2,123,O,O,9.888577
tcr_26_1,C,A,L,W,2,191,CB,CD2,9.34623
tcr_26_1,C,A,L,W,2,191,CB,CE2,9.541633
tcr_26_1,C,A,L,W,2,191,CB,CZ2,9.968921
tcr_26_1,C,A,L,W,2,191,CB,CD1,9.343015
tcr_26_1,C,A,L,T,2,187,CB,CG2,8.54427
tcr_26_1,C,A,L,W,2,191,CB,NE1,9.525958
tcr_26_1,C,A,L,W,2,191,CB,CG,9.215823
tcr_26_1,C,A,L,T,2,187,CB,CB,9.554716
tcr_26_1,C,A,L,W,2,191,CB,CB,9.357839
tcr_26_1,C,A,L,C,2,188,CB,N,9.955573
tcr_26_1,C,A,L,C,2,188,CB,CB,9.88057
tcr_26_1,C,A,L,C,2,188,CB,CA,9.730085
tcr_26_1,C,A,L,C,2,188,CB,SG,9.749036
tcr_26_1,C,A,L,M,2,29,CB,CE,7.891681
tcr_26_1,C,A,L,Y,2,183,CB,CD2,7.5746884
tcr_26_1,C,A,L,R,2,86,CB,NE,9.314587
tcr_26_1,C,A,L,Y,2,183,CB,CB,9.75476
tcr_26_1,C,A,L,Y,2,183,CB,CE2,6.511748
tcr_26_1,C,A,L,Y,2,183,CB,CD1,8.4287615
tcr_26_1,C,A,L,Y,2,183,CB,CG,8.472144
tcr_26_1,C,A,L,Y,2,183,CB,CZ,6.469922
tcr_26_1,C,A,L,Y,2,183,CB,OH,5.7527018
tcr_26_1,C,A,L,Y,2,183,CB,CE1,7.494252
tcr_26_1,C,A,L,R,2,180,CB,NH1,9.80306
tcr_26_1,C,A,L,F,2,123,CB,CB,9.319848
tcr_26_1,C,A,L,R,2,121,CB,NH2,9.945624
tcr_26_1,C,A,L,Y,2,83,CB,CG,9.468809
tcr_26_1,C,A,L,R,2,86,CB,CD,8.880169
tcr_26_1,C,A,L,R,2,86,CB,CA,8.639106
tcr_26_1,C,A,L,R,2,86,CB,CG,8.388211
tcr_26_1,C,A,L,R,2,86,CB,CB,8.780477
tcr_26_1,C,A,L,Y,2,83,CB,CD2,8.850213
tcr_26_1,C,A,L,E,2,87,CB,N,6.7298884
tcr_26_1,C,A,L,Y,2,83,CB,O,8.5192585
tcr_26_1,C,A,L,Y,2,83,CB,C,9.584324
tcr_26_1,C,A,L,Y,2,83,CB,CD1,9.265505
tcr_26_1,C,A,L,E,2,87,CB,CB,5.565369
tcr_26_1,C,A,L,R,2,86,CB,N,9.56142
tcr_26_1,C,A,L,E,2,87,CB,CA,5.5587997
tcr_26_1,C,A,L,W,2,84,CB,O,9.314101
tcr_26_1,C,A,L,E,2,87,CB,OE1,4.724598
tcr_26_1,C,A,L,K,2,90,CB,NZ,4.7356153
tcr_26_1,C,A,L,Y,2,195,CB,CZ,8.73607
tcr_26_1,C,A,L,Y,2,195,CB,CE2,8.758068
tcr_26_1,C,A,L,W,2,191,CB,CE3,9.583676
tcr_26_1,C,A,L,Y,2,195,CB,OH,7.6342363
tcr_26_1,C,A,L,Y,2,31,CB,OH,4.6327825
tcr_26_1,C,A,L,Y,2,83,CB,CE2,7.965086
tcr_26_1,C,A,L,E,2,87,CB,CD,4.294439
tcr_26_1,C,A,L,E,2,87,CB,OE2,3.2361197
tcr_26_1,C,A,L,Y,2,83,CB,CZ,7.7285147
tcr_26_1,C,A,L,Y,2,83,CB,OH,7.137168
tcr_26_1,C,A,L,Y,2,83,CB,CE1,8.423591
tcr_26_1,C,A,L,E,2,87,CB,CG,5.4563856
tcr_26_1,C,A,L,V,2,58,CB,CB,7.991345
tcr_26_1,C,A,L,F,2,57,CB,CD2,9.14354
tcr_26_1,C,A,L,V,2,58,CB,CG1,7.012997
tcr_26_1,C,A,L,F,2,57,CB,CE2,7.8963304
tcr_26_1,C,A,L,Y,2,31,CB,CZ,4.47338
tcr_26_1,C,A,L,Y,2,31,CB,CD2,5.3816013
tcr_26_1,C,A,L,M,2,29,CB,SD,8.169443
tcr_26_1,C,A,L,M,2,29,CB,CG,8.910913
tcr_26_1,C,A,L,Y,2,31,CB,CE2,4.978708
tcr_26_1,C,A,L,Y,2,31,CB,CE1,4.4247227
tcr_26_1,C,A,L,R,2,30,CB,O,9.046565
tcr_26_1,C,A,L,F,2,57,CB,CZ,7.671275
tcr_26_1,C,A,L,F,2,57,CB,CE1,8.756326
tcr_26_1,C,A,L,V,2,49,CB,C,8.63332
tcr_26_1,C,A,L,G,2,50,CB,C,9.490666
tcr_26_1,C,A,L,G,2,50,CB,N,8.470372
tcr_26_1,C,A,L,Y,2,51,CB,N,9.9591055
tcr_26_1,C,A,L,G,2,50,CB,CA,8.181427
tcr_26_1,C,A,L,F,2,57,CB,CD1,9.895905
tcr_26_1,C,A,L,D,2,85,CB,O,9.789853
tcr_26_1,C,A,L,T,2,88,CB,C,8.234308
tcr_26_1,C,A,L,R,2,86,CB,C,7.240599
tcr_26_1,C,A,L,Q,2,89,CB,C,7.87906
tcr_26_1,C,A,L,Q,2,89,CB,N,8.453741
tcr_26_1,C,A,L,Q,2,89,CB,CB,9.56067
tcr_26_1,C,A,L,R,2,86,CB,O,6.8445425
tcr_26_1,C,A,L,Q,2,89,CB,CA,8.865442
tcr_26_1,C,A,L,T,2,88,CB,CA,8.120067
tcr_26_1,C,A,L,T,2,88,CB,O,8.386079
tcr_26_1,C,A,L,T,2,88,CB,N,7.2882833
tcr_26_1,C,A,L,K,2,90,CB,CD,3.9997141
tcr_26_1,C,A,L,K,2,90,CB,N,6.619077
tcr_26_1,C,A,L,K,2,90,CB,CA,5.7384157
tcr_26_1,C,A,L,E,2,87,CB,C,5.9886503
tcr_26_1,C,A,L,K,2,90,CB,CB,4.4208927
tcr_26_1,C,A,L,K,2,90,CB,CE,5.0522165
tcr_26_1,C,A,L,E,2,87,CB,O,5.414874
tcr_26_1,C,A,L,K,2,90,CB,CG,4.927029
tcr_26_1,C,A,L,Y,2,91,CB,N,5.716661
tcr_26_1,C,A,L,R,2,93,CB,NH2,8.907695
tcr_26_1,C,A,L,R,2,93,CB,CZ,9.695911
tcr_26_1,C,A,L,R,2,93,CB,NE,9.493889
tcr_26_1,C,A,L,Q,2,89,CB,O,8.410834
tcr_26_1,C,A,L,R,2,93,CB,CB,9.508816
tcr_26_1,C,A,L,R,2,93,CB,N,9.543459
tcr_26_1,C,A,L,K,2,92,CB,CA,9.92546
tcr_26_1,C,A,L,R,2,93,CB,CA,9.94344
tcr_26_1,C,A,L,Y,2,91,CB,CA,6.3261275
tcr_26_1,C,A,L,K,2,90,CB,O,6.2685905
tcr_26_1,C,A,L,R,2,93,CB,C,9.715159
tcr_26_1,C,A,L,K,2,92,CB,N,8.536348
tcr_26_1,C,A,L,K,2,90,CB,C,5.758239
tcr_26_1,C,A,L,Q,2,94,CB,N,8.612834
tcr_26_1,C,A,L,Y,2,91,CB,C,7.759769
tcr_26_1,C,A,L,Y,2,91,CB,CE1,4.668597
tcr_26_1,C,A,L,Y,2,31,CB,CD1,4.8799357
tcr_26_1,C,A,L,Y,2,91,CB,CD2,5.4529977
tcr_26_1,C,A,L,Y,2,91,CB,CE2,4.936127
tcr_26_1,C,A,L,Y,2,91,CB,CZ,4.505592
tcr_26_1,C,A,L,Y,2,91,CB,OH,4.52621
tcr_26_1,C,A,L,Y,2,91,CB,CD1,5.2156796
tcr_26_1,C,A,L,F,2,123,CB,CZ,5.0418825
tcr_26_1,C,A,L,Y,2,91,CB,CG,5.5781956
tcr_26_1,C,A,L,F,2,123,CB,CE2,5.652928
tcr_26_1,C,A,L,A,2,48,CB,CB,7.6245294
tcr_26_1,C,A,L,Y,2,91,CB,CB,6.581682
tcr_26_1,C,A,L,F,2,46,CB,CZ,8.349215
tcr_26_1,C,A,L,Y,2,91,CB,O,8.303887
tcr_26_1,C,A,L,R,2,121,CB,NH1,8.86634
tcr_26_1,C,A,L,Q,2,94,CB,CD,8.191764
tcr_26_1,C,A,L,Q,2,94,CB,OE1,7.705062
tcr_26_1,C,A,L,F,2,46,CB,CE2,9.516019
tcr_26_1,C,A,L,Q,2,94,CB,CG,7.652561
tcr_26_1,C,A,L,Q,2,94,CB,CA,8.647227
tcr_26_1,C,A,L,Q,2,94,CB,CB,7.334149
tcr_26_1,C,A,L,R,2,121,CB,NE,9.65005
tcr_26_1,C,A,L,R,2,121,CB,CZ,9.391466
tcr_26_1,C,A,L,F,2,123,CB,CD2,7.056154
tcr_26_1,C,A,L,F,2,123,CB,CG,7.8178835
tcr_26_1,C,A,L,Y,2,31,CB,N,8.352841
tcr_26_1,C,A,L,F,2,123,CB,CD1,7.378852
tcr_26_1,C,A,L,F,2,123,CB,CE1,6.052912
tcr_26_1,C,A,L,R,2,121,CB,CD,9.697838
tcr_26_1,C,A,L,Y,2,31,CB,CG,5.334835
tcr_26_1,C,A,L,Y,2,31,CB,CB,6.2857194
tcr_26_1,C,A,L,F,2,32,CB,O,9.665707
tcr_26_1,C,A,L,Y,2,31,CB,CA,7.691947
tcr_26_1,C,A,L,V,2,49,CB,O,8.446946
tcr_26_1,C,A,L,S,2,33,CB,OG,9.549104
tcr_26_1,C,A,L,F,2,32,CB,N,9.126997
tcr_26_1,C,A,L,Y,2,31,CB,C,8.672206
tcr_26_1,C,A,L,F,2,32,CB,C,9.844528
tcr_26_1,C,A,L,S,2,33,CB,CB,9.148271
tcr_26_1,C,A,L,S,2,33,CB,N,9.995786
tcr_26_1,C,A,L,Q,2,94,CB,C,9.820126
tcr_26_1,C,A,L,Q,2,94,CB,NE2,9.4179
tcr_26_1,C,A,L,R,2,30,CB,C,9.023622
tcr_26_1,C,A,L,F,2,123,CB,O,9.060142
tcr_26_1,C,A,L,F,2,123,CB,C,9.636787
tcr_26_1,C,A,L,Y,2,31,CB,O,9.184518
tcr_26_1,C,A,L,W,2,84,CB,CZ3,9.186892
tcr_26_1,C,A,L,W,2,84,CB,CH2,9.9158535
tcr_26_1,C,A,L,T,2,88,CB,CB,9.570043
tcr_26_1,C,A,L,T,2,88,CB,OG1,9.787684
tcr_26_1,C,A,L,G,2,69,CB,N,9.497839
tcr_26_1,C,A,L,W,2,84,CB,CE3,9.521291
tcr_26_1,C,A,L,G,2,69,CB,C,9.942889
tcr_26_1,C,A,L,G,2,69,CB,CA,8.820773
tcr_26_1,C,A,L,R,2,59,CB,O,9.548549
tcr_26_1,C,A,L,F,2,60,CB,CA,9.842976
tcr_26_1,C,A,L,R,2,59,CB,N,9.814091
tcr_26_1,C,A,L,R,2,59,CB,C,9.596023
tcr_26_1,C,A,L,F,2,60,CB,N,9.623941
tcr_26_1,C,A,L,V,2,58,CB,CG2,7.581087
tcr_26_1,C,A,L,V,2,58,CB,C,9.556155
tcr_26_1,C,A,L,V,2,58,CB,CA,9.398285
tcr_26_1,C,A,L,A,2,48,CB,O,9.249676
tcr_26_1,C,A,L,V,2,58,CB,O,9.666665
tcr_26_1,C,A,L,V,2,49,CB,N,9.075462
tcr_26_1,C,A,L,V,2,49,CB,CA,9.369776
tcr_26_1,C,A,L,F,2,60,CB,CD2,9.25474
tcr_26_1,C,A,L,F,2,60,CB,CE2,9.986657
tcr_26_1,C,A,L,F,2,60,CB,CG,9.094865
tcr_26_1,C,A,L,F,2,60,CB,CD1,9.704688
tcr_26_1,C,A,L,F,2,46,CB,CD1,9.957054
tcr_26_1,C,A,L,F,2,60,CB,CB,8.605885
tcr_26_1,C,A,L,F,2,46,CB,CE1,8.603898
tcr_26_1,C,A,L,A,2,48,CB,CA,8.957248
tcr_26_1,C,A,L,A,2,48,CB,N,9.979409
tcr_26_1,C,A,L,A,2,48,CB,C,9.021253
tcr_26_1,C,A,L,T,2,187,CG,CG2,9.499913
tcr_26_1,C,A,L,M,2,29,CG,CE,8.650296
tcr_26_1,C,A,L,Y,2,183,CG,CD2,7.9009604
tcr_26_1,C,A,L,Y,2,183,CG,CB,9.824206
tcr_26_1,C,A,L,Y,2,183,CG,CE2,6.9562173
tcr_26_1,C,A,L,Y,2,183,CG,CD1,8.445289
tcr_26_1,C,A,L,Y,2,183,CG,CG,8.600219
tcr_26_1,C,A,L,Y,2,183,CG,CZ,6.776372
tcr_26_1,C,A,L,Y,2,183,CG,OH,6.170238
tcr_26_1,C,A,L,Y,2,183,CG,CE1,7.5739117
tcr_26_1,C,A,L,R,2,180,CG,NH1,8.92382
tcr_26_1,C,A,L,G,2,124,CG,N,9.792639
tcr_26_1,C,A,L,F,2,123,CG,CB,8.520474
tcr_26_1,C,A,L,R,2,121,CG,NH2,8.741698
tcr_26_1,C,A,L,R,2,86,CG,CD,9.980392
tcr_26_1,C,A,L,R,2,86,CG,CA,9.544503
tcr_26_1,C,A,L,R,2,86,CG,CG,9.377734
tcr_26_1,C,A,L,R,2,86,CG,CB,9.832738
tcr_26_1,C,A,L,E,2,87,CG,N,7.70743
tcr_26_1,C,A,L,Y,2,83,CG,O,9.7528305
tcr_26_1,C,A,L,E,2,87,CG,CB,6.639652
tcr_26_1,C,A,L,E,2,87,CG,CA,6.4790587
tcr_26_1,C,A,L,E,2,87,CG,OE1,6.1363254
tcr_26_1,C,A,L,K,2,90,CG,NZ,5.8992977
tcr_26_1,C,A,L,Y,2,195,CG,CE2,9.994836
tcr_26_1,C,A,L,Y,2,195,CG,OH,9.042761
tcr_26_1,C,A,L,Y,2,31,CG,OH,5.609402
tcr_26_1,C,A,L,Y,2,83,CG,CE2,9.480843
tcr_26_1,C,A,L,E,2,87,CG,CD,5.714379
tcr_26_1,C,A,L,E,2,87,CG,OE2,4.688988
tcr_26_1,C,A,L,Y,2,83,CG,CZ,9.189391
tcr_26_1,C,A,L,Y,2,83,CG,OH,8.55974
tcr_26_1,C,A,L,Y,2,83,CG,CE1,9.817819
tcr_26_1,C,A,L,E,2,87,CG,CG,6.7722883
tcr_26_1,C,A,L,V,2,58,CG,CB,8.624206
tcr_26_1,C,A,L,V,2,58,CG,CG1,7.546502
tcr_26_1,C,A,L,F,2,57,CG,CE2,8.875947
tcr_26_1,C,A,L,Y,2,31,CG,CZ,5.102119
tcr_26_1,C,A,L,Y,2,31,CG,CD2,5.428139
tcr_26_1,C,A,L,M,2,29,CG,SD,9.003832
tcr_26_1,C,A,L,M,2,29,CG,CG,9.497414
tcr_26_1,C,A,L,Y,2,31,CG,CE2,5.4224668
tcr_26_1,C,A,L,Y,2,31,CG,CE1,4.788551
tcr_26_1,C,A,L,R,2,30,CG,O,8.984668
tcr_26_1,C,A,L,F,2,57,CG,CZ,8.520713
tcr_26_1,C,A,L,F,2,57,CG,CE1,9.457812
tcr_26_1,C,A,L,V,2,49,CG,C,8.364409
tcr_26_1,C,A,L,G,2,50,CG,C,9.70386
tcr_26_1,C,A,L,G,2,50,CG,N,8.439172
tcr_26_1,C,A,L,G,2,50,CG,CA,8.293141
tcr_26_1,C,A,L,T,2,88,CG,C,8.388412
tcr_26_1,C,A,L,R,2,86,CG,C,8.097946
tcr_26_1,C,A,L,Q,2,89,CG,C,7.7970676
tcr_26_1,C,A,L,Q,2,89,CG,N,8.693472
tcr_26_1,C,A,L,Q,2,89,CG,CB,9.776815
tcr_26_1,C,A,L,R,2,86,CG,O,7.5199165
tcr_26_1,C,A,L,Q,2,89,CG,CA,8.950576
tcr_26_1,C,A,L,T,2,88,CG,CA,8.450845
tcr_26_1,C,A,L,T,2,88,CG,O,8.316339
tcr_26_1,C,A,L,T,2,88,CG,N,7.8547783
tcr_26_1,C,A,L,K,2,90,CG,CD,4.7006726
tcr_26_1,C,A,L,K,2,90,CG,N,6.634148
tcr_26_1,C,A,L,K,2,90,CG,CA,5.5327826
tcr_26_1,C,A,L,E,2,87,CG,C,6.592194
tcr_26_1,C,A,L,K,2,90,CG,CB,4.457563
tcr_26_1,C,A,L,K,2,90,CG,CE,5.9436154
tcr_26_1,C,A,L,E,2,87,CG,O,5.7716985
tcr_26_1,C,A,L,K,2,90,CG,CG,5.2671137
tcr_26_1,C,A,L,Y,2,91,CG,N,5.2666283
tcr_26_1,C,A,L,R,2,93,CG,NH2,8.985383
tcr_26_1,C,A,L,R,2,93,CG,CZ,9.606725
tcr_26_1,C,A,L,R,2,93,CG,NE,9.199631
tcr_26_1,C,A,L,Q,2,89,CG,O,8.114925
tcr_26_1,C,A,L,R,2,93,CG,CG,9.875292
tcr_26_1,C,A,L,R,2,93,CG,CB,8.776377
tcr_26_1,C,A,L,R,2,93,CG,N,8.782469
tcr_26_1,C,A,L,K,2,92,CG,CA,9.247293
tcr_26_1,C,A,L,R,2,93,CG,CA,9.08705
tcr_26_1,C,A,L,K,2,92,CG,C,9.347757
tcr_26_1,C,A,L,Y,2,91,CG,CA,5.6460667
tcr_26_1,C,A,L,K,2,90,CG,O,5.4773855
tcr_26_1,C,A,L,R,2,93,CG,C,8.667616
tcr_26_1,C,A,L,K,2,92,CG,N,7.920539
tcr_26_1,C,A,L,K,2,90,CG,C,5.231321
tcr_26_1,C,A,L,Q,2,94,CG,N,7.4987035
tcr_26_1,C,A,L,Y,2,91,CG,C,6.987668
tcr_26_1,C,A,L,Y,2,91,CG,CE1,4.244527
tcr_26_1,C,A,L,Y,2,31,CG,CD1,4.8033266
tcr_26_1,C,A,L,Y,2,91,CG,CD2,5.485278
tcr_26_1,C,A,L,Y,2,91,CG,CE2,5.1882224
tcr_26_1,C,A,L,Y,2,91,CG,CZ,4.558659
tcr_26_1,C,A,L,Y,2,91,CG,OH,4.808513
tcr_26_1,C,A,L,Y,2,91,CG,CD1,4.6099916
tcr_26_1,C,A,L,F,2,123,CG,CZ,4.213992
tcr_26_1,C,A,L,Y,2,91,CG,CG,5.2169447
tcr_26_1,C,A,L,F,2,123,CG,CE2,5.128572
tcr_26_1,C,A,L,A,2,48,CG,CB,6.712355
tcr_26_1,C,A,L,Y,2,91,CG,CB,6.089223
tcr_26_1,C,A,L,F,2,46,CG,CZ,7.052881
tcr_26_1,C,A,L,Y,2,91,CG,O,7.341986
tcr_26_1,C,A,L,R,2,121,CG,NH1,7.493727
tcr_26_1,C,A,L,Q,2,94,CG,CD,6.705835
tcr_26_1,C,A,L,Q,2,94,CG,OE1,6.2795663
tcr_26_1,C,A,L,A,2,95,CG,N,8.830665
tcr_26_1,C,A,L,F,2,46,CG,CE2,8.143097
tcr_26_1,C,A,L,Q,2,94,CG,CG,6.171729
tcr_26_1,C,A,L,Q,2,94,CG,CA,7.359818
tcr_26_1,C,A,L,Q,2,94,CG,CB,5.9809785
tcr_26_1,C,A,L,R,2,121,CG,NE,8.330477
tcr_26_1,C,A,L,R,2,121,CG,CZ,8.084044
tcr_26_1,C,A,L,F,2,123,CG,CD2,6.4789248
tcr_26_1,C,A,L,F,2,123,CG,CG,7.0110483
tcr_26_1,C,A,L,R,2,121,CG,CB,9.798678
tcr_26_1,C,A,L,Y,2,31,CG,N,8.015138
tcr_26_1,C,A,L,F,2,123,CG,CD1,6.3636894
tcr_26_1,C,A,L,F,2,123,CG,CE1,4.983267
tcr_26_1,C,A,L,R,2,121,CG,CG,9.299061
tcr_26_1,C,A,L,R,2,121,CG,CD,8.297147
tcr_26_1,C,A,L,Y,2,31,CG,CG,5.1253858
tcr_26_1,C,A,L,Y,2,31,CG,CB,5.73678
tcr_26_1,C,A,L,F,2,32,CG,O,8.752637
tcr_26_1,C,A,L,S,2,33,CG,CA,8.871957
tcr_26_1,C,A,L,Y,2,31,CG,CA,7.2047067
tcr_26_1,C,A,L,V,2,49,CG,O,8.040756
tcr_26_1,C,A,L,S,2,33,CG,OG,8.131639
tcr_26_1,C,A,L,F,2,32,CG,N,8.381232
tcr_26_1,C,A,L,Y,2,31,CG,C,7.963622
tcr_26_1,C,A,L,F,2,32,CG,C,8.849095
tcr_26_1,C,A,L,S,2,33,CG,CB,7.810012
tcr_26_1,C,A,L,S,2,33,CG,N,8.846069
tcr_26_1,C,A,L,R,2,93,CG,O,9.593714
tcr_26_1,C,A,L,Q,2,94,CG,C,8.499073
tcr_26_1,C,A,L,Q,2,94,CG,O,9.300433
tcr_26_1,C,A,L,Q,2,94,CG,NE2,7.91461
tcr_26_1,C,A,L,R,2,30,CG,C,8.866173
tcr_26_1,C,A,L,F,2,123,CG,O,8.599737
tcr_26_1,C,A,L,F,2,123,CG,C,9.121985
tcr_26_1,C,A,L,F,2,123,CG,N,9.324747
tcr_26_1,C,A,L,F,2,123,CG,CA,9.312861
tcr_26_1,C,A,L,F,2,32,CG,CA,9.3035
tcr_26_1,C,A,L,Y,2,31,CG,O,8.383897
tcr_26_1,C,A,L,R,2,121,CG,O,9.803048
tcr_26_1,C,A,L,T,2,88,CG,CB,9.9569
tcr_26_1,C,A,L,G,2,69,CG,N,9.813257
tcr_26_1,C,A,L,G,2,69,CG,CA,9.239433
tcr_26_1,C,A,L,R,2,59,CG,O,9.671854
tcr_26_1,C,A,L,F,2,60,CG,CA,9.536856
tcr_26_1,C,A,L,R,2,59,CG,C,9.572131
tcr_26_1,C,A,L,F,2,60,CG,N,9.393536
tcr_26_1,C,A,L,V,2,58,CG,CG2,8.200474
tcr_26_1,C,A,L,V,2,58,CG,C,9.84305
tcr_26_1,C,A,L,V,2,58,CG,CA,9.915129
tcr_26_1,C,A,L,A,2,48,CG,O,8.779393
tcr_26_1,C,A,L,V,2,58,CG,O,9.82777
tcr_26_1,C,A,L,V,2,49,CG,N,8.505094
tcr_26_1,C,A,L,V,2,49,CG,CA,9.015317
tcr_26_1,C,A,L,F,2,60,CG,CD2,8.988232
tcr_26_1,C,A,L,F,2,60,CG,CE2,9.666626
tcr_26_1,C,A,L,F,2,60,CG,CE1,9.749569
tcr_26_1,C,A,L,F,2,60,CG,CG,8.664653
tcr_26_1,C,A,L,F,2,60,CG,CD1,9.071893
tcr_26_1,C,A,L,F,2,46,CG,CD1,8.843086
tcr_26_1,C,A,L,F,2,60,CG,CB,8.245663
tcr_26_1,C,A,L,F,2,46,CG,CE1,7.464074
tcr_26_1,C,A,L,F,2,46,CG,CG,9.740051
tcr_26_1,C,A,L,I,2,47,CG,O,9.986934
tcr_26_1,C,A,L,I,2,47,CG,C,9.966794
tcr_26_1,C,A,L,A,2,48,CG,CA,8.117583
tcr_26_1,C,A,L,A,2,48,CG,N,9.116023
tcr_26_1,C,A,L,A,2,48,CG,C,8.408205
tcr_26_1,C,A,L,F,2,46,CG,CD2,9.422671
tcr_26_1,C,A,L,C,2,188,CD1,SG,9.733933
tcr_26_1,C,A,L,M,2,29,CD1,CE,8.268092
tcr_26_1,C,A,L,Y,2,183,CD1,CD2,8.356303
tcr_26_1,C,A,L,Y,2,183,CD1,CE2,7.329241
tcr_26_1,C,A,L,Y,2,183,CD1,CD1,8.503737
tcr_26_1,C,A,L,Y,2,183,CD1,CG,8.900682
tcr_26_1,C,A,L,Y,2,183,CD1,CZ,6.854855
tcr_26_1,C,A,L,Y,2,183,CD1,OH,6.091461
tcr_26_1,C,A,L,Y,2,183,CD1,CE1,7.500602
tcr_26_1,C,A,L,R,2,180,CD1,NH1,9.129103
tcr_26_1,C,A,L,G,2,124,CD1,CA,9.114858
tcr_26_1,C,A,L,G,2,124,CD1,N,8.846408
tcr_26_1,C,A,L,F,2,123,CD1,CB,7.6363387
tcr_26_1,C,A,L,R,2,121,CD1,NH2,8.518738
tcr_26_1,C,A,L,N,2,138,CD1,OD1,9.764029
tcr_26_1,C,A,L,E,2,87,CD1,N,8.86227
tcr_26_1,C,A,L,E,2,87,CD1,CB,7.4776487
tcr_26_1,C,A,L,E,2,87,CD1,CA,7.545971
tcr_26_1,C,A,L,E,2,87,CD1,OE1,7.211552
tcr_26_1,C,A,L,K,2,90,CD1,NZ,7.1923923
tcr_26_1,C,A,L,Y,2,195,CD1,CE2,9.83437
tcr_26_1,C,A,L,Y,2,195,CD1,OH,9.184469
tcr_26_1,C,A,L,Y,2,31,CD1,OH,5.236093
tcr_26_1,C,A,L,E,2,87,CD1,CD,6.6315527
tcr_26_1,C,A,L,E,2,87,CD1,OE2,5.482946
tcr_26_1,C,A,L,Y,2,83,CD1,CZ,9.654062
tcr_26_1,C,A,L,Y,2,83,CD1,OH,8.843687
tcr_26_1,C,A,L,E,2,87,CD1,CG,7.5895567
tcr_26_1,C,A,L,V,2,58,CD1,CB,8.09611
tcr_26_1,C,A,L,F,2,57,CD1,CD2,9.564098
tcr_26_1,C,A,L,V,2,58,CD1,CG1,6.8598423
tcr_26_1,C,A,L,F,2,57,CD1,CE2,8.39397
tcr_26_1,C,A,L,Y,2,31,CD1,CZ,4.409382
tcr_26_1,C,A,L,Y,2,31,CD1,CD2,4.3722787
tcr_26_1,C,A,L,M,2,29,CD1,SD,8.50053
tcr_26_1,C,A,L,M,2,29,CD1,CG,8.724944
tcr_26_1,C,A,L,Y,2,31,CD1,CE2,4.649636
tcr_26_1,C,A,L,Y,2,31,CD1,CE1,3.867558
tcr_26_1,C,A,L,R,2,30,CD1,O,7.6468787
tcr_26_1,C,A,L,F,2,57,CD1,CZ,7.8744364
tcr_26_1,C,A,L,F,2,57,CD1,CE1,8.63921
tcr_26_1,C,A,L,G,2,50,CD1,O,9.349752
tcr_26_1,C,A,L,V,2,49,CD1,C,7.0413275
tcr_26_1,C,A,L,G,2,50,CD1,C,8.520022
tcr_26_1,C,A,L,G,2,50,CD1,N,7.213229
tcr_26_1,C,A,L,Y,2,51,CD1,N,8.939623
tcr_26_1,C,A,L,G,2,50,CD1,CA,7.079947
tcr_26_1,C,A,L,F,2,57,CD1,CD1,9.78084
tcr_26_1,C,A,L,T,2,88,CD1,C,9.37596
tcr_26_1,C,A,L,R,2,86,CD1,C,9.376865
tcr_26_1,C,A,L,Q,2,89,CD1,C,9.029739
tcr_26_1,C,A,L,Q,2,89,CD1,N,9.832877
tcr_26_1,C,A,L,R,2,86,CD1,O,8.865988
tcr_26_1,C,A,L,T,2,88,CD1,CA,9.323251
tcr_26_1,C,A,L,T,2,88,CD1,O,9.21811
tcr_26_1,C,A,L,T,2,88,CD1,N,8.800045
tcr_26_1,C,A,L,K,2,90,CD1,CD,6.18641
tcr_26_1,C,A,L,K,2,90,CD1,N,7.927646
tcr_26_1,C,A,L,K,2,90,CD1,CA,6.843183
tcr_26_1,C,A,L,E,2,87,CD1,C,7.5975566
tcr_26_1,C,A,L,K,2,90,CD1,CB,5.8857875
tcr_26_1,C,A,L,K,2,90,CD1,CE,7.381995
tcr_26_1,C,A,L,E,2,87,CD1,O,6.7843404
tcr_26_1,C,A,L,K,2,90,CD1,CG,6.774116
tcr_26_1,C,A,L,Y,2,91,CD1,N,6.180129
tcr_26_1,C,A,L,Q,2,89,CD1,O,9.289991
tcr_26_1,C,A,L,R,2,93,CD1,CB,9.838891
tcr_26_1,C,A,L,R,2,93,CD1,N,9.666398
tcr_26_1,C,A,L,K,2,92,CD1,CA,9.9457035
tcr_26_1,C,A,L,R,2,93,CD1,CA,9.983833
tcr_26_1,C,A,L,Y,2,91,CD1,CA,6.237913
tcr_26_1,C,A,L,K,2,90,CD1,O,6.454651
tcr_26_1,C,A,L,R,2,93,CD1,C,9.3976
tcr_26_1,C,A,L,K,2,92,CD1,N,8.632311
tcr_26_1,C,A,L,K,2,90,CD1,C,6.316376
tcr_26_1,C,A,L,Q,2,94,CD1,N,8.150121
tcr_26_1,C,A,L,Y,2,91,CD1,C,7.5602574
tcr_26_1,C,A,L,Y,2,91,CD1,CE1,3.8642664
tcr_26_1,C,A,L,Y,2,31,CD1,CD1,3.5392845
tcr_26_1,C,A,L,Y,2,91,CD1,CD2,5.8241267
tcr_26_1,C,A,L,Y,2,91,CD1,CE2,5.3427086
tcr_26_1,C,A,L,Y,2,91,CD1,CZ,4.3542
tcr_26_1,C,A,L,Y,2,91,CD1,OH,4.3803167
tcr_26_1,C,A,L,Y,2,91,CD1,CD1,4.516397
tcr_26_1,C,A,L,F,2,123,CD1,CZ,3.4058356
tcr_26_1,C,A,L,Y,2,91,CD1,CG,5.4636493
tcr_26_1,C,A,L,F,2,123,CD1,CE2,4.4730053
tcr_26_1,C,A,L,A,2,48,CD1,CB,5.748752
tcr_26_1,C,A,L,Y,2,91,CD1,CB,6.491312
tcr_26_1,C,A,L,F,2,46,CD1,CZ,6.5968747
tcr_26_1,C,A,L,Y,2,91,CD1,O,7.758431
tcr_26_1,C,A,L,R,2,121,CD1,NH1,7.3041162
tcr_26_1,C,A,L,Q,2,94,CD1,CD,6.7224917
tcr_26_1,C,A,L,Q,2,94,CD1,OE1,6.468802
tcr_26_1,C,A,L,A,2,95,CD1,N,9.06329
tcr_26_1,C,A,L,F,2,46,CD1,CE2,7.6423807
tcr_26_1,C,A,L,Q,2,94,CD1,CG,6.141058
tcr_26_1,C,A,L,Q,2,94,CD1,CA,7.7723436
tcr_26_1,C,A,L,Q,2,94,CD1,CB,6.2794447
tcr_26_1,C,A,L,R,2,121,CD1,NE,7.762036
tcr_26_1,C,A,L,R,2,121,CD1,CZ,7.7511334
tcr_26_1,C,A,L,F,2,123,CD1,CD2,5.748574
tcr_26_1,C,A,L,F,2,123,CD1,CG,6.1415806
tcr_26_1,C,A,L,R,2,121,CD1,CB,8.824375
tcr_26_1,C,A,L,Y,2,31,CD1,N,6.6377897
tcr_26_1,C,A,L,F,2,123,CD1,CD1,5.4058976
tcr_26_1,C,A,L,F,2,123,CD1,CE1,4.024685
tcr_26_1,C,A,L,R,2,121,CD1,CG,8.398995
tcr_26_1,C,A,L,R,2,121,CD1,CD,7.5798283
tcr_26_1,C,A,L,Y,2,31,CD1,CG,3.8138454
tcr_26_1,C,A,L,Y,2,31,CD1,CB,4.2921734
tcr_26_1,C,A,L,F,2,32,CD1,O,7.3515387
tcr_26_1,C,A,L,S,2,33,CD1,C,9.0971575
tcr_26_1,C,A,L,S,2,33,CD1,CA,7.6543503
tcr_26_1,C,A,L,Y,2,31,CD1,CA,5.738311
tcr_26_1,C,A,L,V,2,49,CD1,O,6.6171746
tcr_26_1,C,A,L,S,2,33,CD1,OG,7.1202602
tcr_26_1,C,A,L,F,2,32,CD1,N,6.8634744
tcr_26_1,C,A,L,Y,2,31,CD1,C,6.464511
tcr_26_1,C,A,L,F,2,32,CD1,C,7.4190497
tcr_26_1,C,A,L,S,2,33,CD1,CB,6.729074
tcr_26_1,C,A,L,S,2,33,CD1,N,7.4966464
tcr_26_1,C,A,L,Q,2,94,CD1,C,8.7362995
tcr_26_1,C,A,L,Q,2,94,CD1,O,9.436894
tcr_26_1,C,A,L,D,2,98,CD1,OD2,9.746593
tcr_26_1,C,A,L,Q,2,94,CD1,NE2,7.8083763
tcr_26_1,C,A,L,Y,2,51,CD1,O,9.978803
tcr_26_1,C,A,L,M,2,29,CD1,C,9.798896
tcr_26_1,C,A,L,R,2,30,CD1,C,7.528457
tcr_26_1,C,A,L,R,2,30,CD1,CA,8.734603
tcr_26_1,C,A,L,R,2,30,CD1,N,9.251241
tcr_26_1,C,A,L,M,2,29,CD1,O,9.910431
tcr_26_1,C,A,L,R,2,30,CD1,CB,9.912387
tcr_26_1,C,A,L,F,2,123,CD1,O,7.427869
tcr_26_1,C,A,L,F,2,32,CD1,CD2,9.759343
tcr_26_1,C,A,L,F,2,32,CD1,CG,9.812082
tcr_26_1,C,A,L,F,2,123,CD1,C,8.054262
tcr_26_1,C,A,L,M,2,122,CD1,C,9.090754
tcr_26_1,C,A,L,F,2,123,CD1,N,8.132032
tcr_26_1,C,A,L,F,2,123,CD1,CA,8.258404
tcr_26_1,C,A,L,F,2,32,CD1,CA,7.8107085
tcr_26_1,C,A,L,F,2,32,CD1,CB,9.134448
tcr_26_1,C,A,L,Y,2,31,CD1,O,6.93617
tcr_26_1,C,A,L,R,2,121,CD1,O,8.498585
tcr_26_1,C,A,L,M,2,122,CD1,O,9.953408
tcr_26_1,C,A,L,M,2,122,CD1,CA,9.315165
tcr_26_1,C,A,L,M,2,122,CD1,N,9.591681
tcr_26_1,C,A,L,R,2,121,CD1,C,9.157783
tcr_26_1,C,A,L,R,2,121,CD1,CA,9.727734
tcr_26_1,C,A,L,S,2,33,CD1,O,9.707797
tcr_26_1,C,A,L,G,2,69,CD1,CA,9.423761
tcr_26_1,C,A,L,R,2,59,CD1,O,9.295615
tcr_26_1,C,A,L,F,2,60,CD1,CA,9.121191
tcr_26_1,C,A,L,R,2,59,CD1,N,9.371501
tcr_26_1,C,A,L,R,2,59,CD1,C,9.02192
tcr_26_1,C,A,L,F,2,60,CD1,N,8.811386
tcr_26_1,C,A,L,V,2,58,CD1,CG2,7.865259
tcr_26_1,C,A,L,V,2,58,CD1,N,9.894745
tcr_26_1,C,A,L,R,2,59,CD1,CA,9.329238
tcr_26_1,C,A,L,V,2,58,CD1,C,9.070697
tcr_26_1,C,A,L,V,2,58,CD1,CA,9.263284
tcr_26_1,C,A,L,A,2,48,CD1,O,7.805861
tcr_26_1,C,A,L,V,2,58,CD1,O,8.89077
tcr_26_1,C,A,L,V,2,49,CD1,N,7.251958
tcr_26_1,C,A,L,V,2,49,CD1,CA,7.7613974
tcr_26_1,C,A,L,V,2,49,CD1,CB,9.233775
tcr_26_1,C,A,L,V,2,49,CD1,CG2,9.572301
tcr_26_1,C,A,L,F,2,60,CD1,CD2,9.111864
tcr_26_1,C,A,L,F,2,60,CD1,CE2,9.929691
tcr_26_1,C,A,L,F,2,60,CD1,CE1,9.778937
tcr_26_1,C,A,L,F,2,60,CD1,CG,8.577493
tcr_26_1,C,A,L,F,2,60,CD1,CD1,8.943357
tcr_26_1,C,A,L,F,2,46,CD1,CD1,8.516292
tcr_26_1,C,A,L,F,2,60,CD1,CB,7.9600477
tcr_26_1,C,A,L,F,2,60,CD1,O,9.629595
tcr_26_1,C,A,L,F,2,46,CD1,CE1,7.1130357
tcr_26_1,C,A,L,F,2,46,CD1,CG,9.356313
tcr_26_1,C,A,L,F,2,60,CD1,C,9.925169
tcr_26_1,C,A,L,I,2,47,CD1,O,8.961839
tcr_26_1,C,A,L,I,2,47,CD1,C,9.0255375
tcr_26_1,C,A,L,A,2,48,CD1,CA,7.0529294
tcr_26_1,C,A,L,A,2,48,CD1,N,8.184627
tcr_26_1,C,A,L,A,2,48,CD1,C,7.301056
tcr_26_1,C,A,L,T,2,34,CD1,N,9.790835
tcr_26_1,C,A,L,F,2,46,CD1,CD2,8.96279
tcr_26_1,C,A,L,Y,2,183,CD2,CD2,9.196049
tcr_26_1,C,A,L,Y,2,183,CD2,CE2,8.333055
tcr_26_1,C,A,L,Y,2,183,CD2,CD1,9.81668
tcr_26_1,C,A,L,Y,2,183,CD2,CG,9.904225
tcr_26_1,C,A,L,Y,2,183,CD2,CZ,8.240094
tcr_26_1,C,A,L,Y,2,183,CD2,OH,7.682148
tcr_26_1,C,A,L,Y,2,183,CD2,CE1,9.018583
tcr_26_1,C,A,L,R,2,180,CD2,NH1,9.574622
tcr_26_1,C,A,L,F,2,123,CD2,CB,9.612742
tcr_26_1,C,A,L,R,2,121,CD2,NH2,9.237359
tcr_26_1,C,A,L,R,2,86,CD2,CD,9.975783
tcr_26_1,C,A,L,R,2,86,CD2,CA,9.015418
tcr_26_1,C,A,L,R,2,86,CD2,CG,9.159994
tcr_26_1,C,A,L,R,2,86,CD2,CB,9.52782
tcr_26_1,C,A,L,E,2,87,CD2,N,7.2139964
tcr_26_1,C,A,L,Y,2,83,CD2,O,9.521276
tcr_26_1,C,A,L,E,2,87,CD2,CB,6.2993946
tcr_26_1,C,A,L,R,2,86,CD2,N,9.906224
tcr_26_1,C,A,L,E,2,87,CD2,CA,5.9453616
tcr_26_1,C,A,L,W,2,84,CD2,O,9.452712
tcr_26_1,C,A,L,E,2,87,CD2,OE1,6.4258013
tcr_26_1,C,A,L,K,2,90,CD2,NZ,6.3444877
tcr_26_1,C,A,L,Y,2,195,CD2,OH,9.926823
tcr_26_1,C,A,L,Y,2,31,CD2,OH,6.698208
tcr_26_1,C,A,L,Y,2,83,CD2,CE2,9.969426
tcr_26_1,C,A,L,E,2,87,CD2,CD,5.9452662
tcr_26_1,C,A,L,E,2,87,CD2,OE2,5.072865
tcr_26_1,C,A,L,Y,2,83,CD2,CZ,9.610809
tcr_26_1,C,A,L,Y,2,83,CD2,OH,9.107346
tcr_26_1,C,A,L,E,2,87,CD2,CG,6.7732444
tcr_26_1,C,A,L,V,2,58,CD2,CB,8.770504
tcr_26_1,C,A,L,V,2,58,CD2,CG1,7.851292
tcr_26_1,C,A,L,F,2,57,CD2,CE2,9.627325
tcr_26_1,C,A,L,Y,2,31,CD2,CZ,6.2529435
tcr_26_1,C,A,L,Y,2,31,CD2,CD2,6.7272687
tcr_26_1,C,A,L,Y,2,31,CD2,CE2,6.75059
tcr_26_1,C,A,L,Y,2,31,CD2,CE1,5.7074933
tcr_26_1,C,A,L,R,2,30,CD2,O,9.978665
tcr_26_1,C,A,L,F,2,57,CD2,CZ,9.418392
tcr_26_1,C,A,L,V,2,49,CD2,C,8.669873
tcr_26_1,C,A,L,G,2,50,CD2,N,8.83608
tcr_26_1,C,A,L,G,2,50,CD2,CA,8.924492
tcr_26_1,C,A,L,D,2,85,CD2,O,9.562382
tcr_26_1,C,A,L,T,2,88,CD2,C,7.1389136
tcr_26_1,C,A,L,R,2,86,CD2,C,7.525446
tcr_26_1,C,A,L,Q,2,89,CD2,C,6.58185
tcr_26_1,C,A,L,Q,2,89,CD2,N,7.530156
tcr_26_1,C,A,L,Q,2,89,CD2,CB,8.717895
tcr_26_1,C,A,L,R,2,86,CD2,O,6.841088
tcr_26_1,C,A,L,Q,2,89,CD2,CA,7.7537627
tcr_26_1,C,A,L,T,2,88,CD2,CA,7.3130026
tcr_26_1,C,A,L,T,2,88,CD2,O,6.943825
tcr_26_1,C,A,L,T,2,88,CD2,N,6.9151864
tcr_26_1,C,A,L,K,2,90,CD2,CD,4.659302
tcr_26_1,C,A,L,K,2,90,CD2,N,5.5182
tcr_26_1,C,A,L,K,2,90,CD2,CA,4.4330993
tcr_26_1,C,A,L,E,2,87,CD2,C,5.7296147
tcr_26_1,C,A,L,K,2,90,CD2,CB,3.6506822
tcr_26_1,C,A,L,K,2,90,CD2,CE,6.0959272
tcr_26_1,C,A,L,E,2,87,CD2,O,4.7380958
tcr_26_1,C,A,L,K,2,90,CD2,CG,4.8171353
tcr_26_1,C,A,L,Y,2,91,CD2,N,3.8032448
tcr_26_1,C,A,L,R,2,93,CD2,NH2,8.315234
tcr_26_1,C,A,L,R,2,93,CD2,NH1,9.9506855
tcr_26_1,C,A,L,R,2,93,CD2,CZ,8.802609
tcr_26_1,C,A,L,R,2,93,CD2,NE,8.349338
tcr_26_1,C,A,L,R,2,93,CD2,CD,9.158525
tcr_26_1,C,A,L,Q,2,89,CD2,O,6.833791
tcr_26_1,C,A,L,K,2,92,CD2,CB,8.741986
tcr_26_1,C,A,L,R,2,93,CD2,CG,8.761934
tcr_26_1,C,A,L,R,2,93,CD2,CB,7.657734
tcr_26_1,C,A,L,R,2,93,CD2,N,7.4058547
tcr_26_1,C,A,L,K,2,92,CD2,CA,7.7402368
tcr_26_1,C,A,L,R,2,93,CD2,CA,7.834073
tcr_26_1,C,A,L,K,2,92,CD2,C,7.900317
tcr_26_1,C,A,L,Y,2,91,CD2,CA,4.124867
tcr_26_1,C,A,L,K,2,92,CD2,O,8.695909
tcr_26_1,C,A,L,K,2,90,CD2,O,4.1587796
tcr_26_1,C,A,L,R,2,93,CD2,C,7.476649
tcr_26_1,C,A,L,K,2,92,CD2,N,6.405046
tcr_26_1,C,A,L,K,2,90,CD2,C,3.876686
tcr_26_1,C,A,L,Q,2,94,CD2,N,6.2970424
tcr_26_1,C,A,L,Y,2,91,CD2,C,5.4699855
tcr_26_1,C,A,L,Y,2,91,CD2,CE1,3.5813944
tcr_26_1,C,A,L,Y,2,31,CD2,CD1,5.689847
tcr_26_1,C,A,L,Y,2,91,CD2,CD2,4.4418645
tcr_26_1,C,A,L,Y,2,91,CD2,CE2,4.497825
tcr_26_1,C,A,L,Y,2,91,CD2,CZ,4.08518
tcr_26_1,C,A,L,Y,2,91,CD2,OH,4.7604876
tcr_26_1,C,A,L,Y,2,91,CD2,CD1,3.5183117
tcr_26_1,C,A,L,F,2,123,CD2,CZ,5.3988547
tcr_26_1,C,A,L,Y,2,91,CD2,CG,3.969393
tcr_26_1,C,A,L,F,2,123,CD2,CE2,6.4656906
tcr_26_1,C,A,L,A,2,48,CD2,CB,6.170871
tcr_26_1,C,A,L,Y,2,91,CD2,CB,4.6566987
tcr_26_1,C,A,L,F,2,46,CD2,CZ,6.0843806
tcr_26_1,C,A,L,Y,2,91,CD2,O,5.873483
tcr_26_1,C,A,L,R,2,121,CD2,NH1,7.6887083
tcr_26_1,C,A,L,Q,2,94,CD2,CD,6.191977
tcr_26_1,C,A,L,Q,2,94,CD2,OE1,5.915889
tcr_26_1,C,A,L,A,2,95,CD2,N,7.568381
tcr_26_1,C,A,L,F,2,46,CD2,CE2,7.2520437
tcr_26_1,C,A,L,Q,2,94,CD2,CG,5.4132977
tcr_26_1,C,A,L,Q,2,94,CD2,CA,6.283522
tcr_26_1,C,A,L,Q,2,94,CD2,CB,4.9504
tcr_26_1,C,A,L,R,2,121,CD2,NE,8.774963
tcr_26_1,C,A,L,R,2,121,CD2,CZ,8.4762535
tcr_26_1,C,A,L,F,2,123,CD2,CD2,7.758967
tcr_26_1,C,A,L,F,2,123,CD2,CG,8.12438
tcr_26_1,C,A,L,R,2,121,CD2,CB,9.993075
tcr_26_1,C,A,L,Y,2,31,CD2,N,9.076655
tcr_26_1,C,A,L,F,2,123,CD2,CD1,7.29535
tcr_26_1,C,A,L,F,2,123,CD2,CE1,5.9017286
tcr_26_1,C,A,L,R,2,121,CD2,CG,9.668766
tcr_26_1,C,A,L,R,2,121,CD2,CD,8.5874
tcr_26_1,C,A,L,Y,2,31,CD2,CG,6.214906
tcr_26_1,C,A,L,Y,2,31,CD2,CB,6.6982994
tcr_26_1,C,A,L,F,2,32,CD2,O,8.809361
tcr_26_1,C,A,L,S,2,33,CD2,CA,8.709355
tcr_26_1,C,A,L,Y,2,31,CD2,CA,8.100998
tcr_26_1,C,A,L,V,2,49,CD2,O,8.453731
tcr_26_1,C,A,L,S,2,33,CD2,OG,7.976688
tcr_26_1,C,A,L,F,2,32,CD2,N,8.929914
tcr_26_1,C,A,L,Y,2,31,CD2,C,8.705913
tcr_26_1,C,A,L,F,2,32,CD2,C,9.02027
tcr_26_1,C,A,L,S,2,33,CD2,CB,7.561966
tcr_26_1,C,A,L,S,2,33,CD2,N,8.930229
tcr_26_1,C,A,L,R,2,93,CD2,O,8.471087
tcr_26_1,C,A,L,A,2,95,CD2,CA,8.835682
tcr_26_1,C,A,L,Q,2,94,CD2,C,7.3747087
tcr_26_1,C,A,L,Q,2,94,CD2,O,8.288373
tcr_26_1,C,A,L,D,2,98,CD2,OD2,9.574877
tcr_26_1,C,A,L,Q,2,94,CD2,NE2,7.448009
tcr_26_1,C,A,L,R,2,30,CD2,C,9.946949
tcr_26_1,C,A,L,F,2,123,CD2,O,9.815285
tcr_26_1,C,A,L,F,2,32,CD2,CA,9.703211
tcr_26_1,C,A,L,Y,2,31,CD2,O,9.17316
tcr_26_1,C,A,L,W,2,84,CD2,CZ3,9.987719
tcr_26_1,C,A,L,T,2,88,CD2,CB,8.83618
tcr_26_1,C,A,L,T,2,88,CD2,OG1,9.256121
tcr_26_1,C,A,L,G,2,69,CD2,N,8.832094
tcr_26_1,C,A,L,R,2,68,CD2,C,9.69547
tcr_26_1,C,A,L,G,2,69,CD2,C,9.783486
tcr_26_1,C,A,L,G,2,69,CD2,CA,8.436149
tcr_26_1,C,A,L,R,2,68,CD2,O,9.993453
tcr_26_1,C,A,L,R,2,59,CD2,O,9.043206
tcr_26_1,C,A,L,F,2,60,CD2,CA,8.626832
tcr_26_1,C,A,L,R,2,59,CD2,N,9.8112135
tcr_26_1,C,A,L,R,2,59,CD2,C,8.990571
tcr_26_1,C,A,L,F,2,60,CD2,N,8.6907215
tcr_26_1,C,A,L,V,2,58,CD2,CG2,8.112341
tcr_26_1,C,A,L,R,2,59,CD2,CA,9.674743
tcr_26_1,C,A,L,V,2,58,CD2,C,9.814841
tcr_26_1,C,A,L,A,2,48,CD2,O,8.360935
tcr_26_1,C,A,L,V,2,58,CD2,O,9.887357
tcr_26_1,C,A,L,V,2,49,CD2,N,8.418398
tcr_26_1,C,A,L,V,2,49,CD2,CA,9.074666
tcr_26_1,C,A,L,T,2,88,CD2,CG2,9.557936
tcr_26_1,C,A,L,F,2,60,CD2,CD2,7.7283945
tcr_26_1,C,A,L,F,2,60,CD2,CZ,8.602993
tcr_26_1,C,A,L,K,2,92,CD2,CG,9.277083
tcr_26_1,C,A,L,F,2,60,CD2,CE2,8.298496
tcr_26_1,C,A,L,A,2,95,CD2,CB,9.017613
tcr_26_1,C,A,L,F,2,60,CD2,CE1,8.372419
tcr_26_1,C,A,L,F,2,60,CD2,CG,7.45795
tcr_26_1,C,A,L,F,2,60,CD2,CD1,7.801735
tcr_26_1,C,A,L,F,2,46,CD2,CD1,7.666075
tcr_26_1,C,A,L,F,2,60,CD2,CB,7.234164
tcr_26_1,C,A,L,F,2,60,CD2,O,9.3873
tcr_26_1,C,A,L,F,2,46,CD2,CE1,6.334824
tcr_26_1,C,A,L,F,2,46,CD2,CG,8.626371
tcr_26_1,C,A,L,F,2,60,CD2,C,9.467423
tcr_26_1,C,A,L,I,2,47,CD2,O,9.415902
tcr_26_1,C,A,L,I,2,47,CD2,C,9.291637
tcr_26_1,C,A,L,A,2,48,CD2,CA,7.6591353
tcr_26_1,C,A,L,A,2,48,CD2,N,8.464646
tcr_26_1,C,A,L,A,2,48,CD2,C,8.088196
tcr_26_1,C,A,L,F,2,46,CD2,CD2,8.438815
tcr_26_1,C,A,A,W,3,191,N,CD2,9.30523
tcr_26_1,C,A,A,T,3,187,N,OG1,7.8583965
tcr_26_1,C,A,A,W,3,191,N,CE2,9.401036
tcr_26_1,C,A,A,W,3,191,N,CD1,8.4992895
tcr_26_1,C,A,A,T,3,187,N,CG2,6.5936666
tcr_26_1,C,A,A,W,3,191,N,NE1,8.909082
tcr_26_1,C,A,A,W,3,191,N,CG,8.723526
tcr_26_1,C,A,A,T,3,187,N,CB,7.19468
tcr_26_1,C,A,A,T,3,187,N,CA,8.335973
tcr_26_1,C,A,A,T,3,187,N,O,8.266401
tcr_26_1,C,A,A,T,3,187,N,C,7.9599853
tcr_26_1,C,A,A,W,3,191,N,CB,8.792729
tcr_26_1,C,A,A,T,3,187,N,N,9.224892
tcr_26_1,C,A,A,C,3,188,N,N,7.6269727
tcr_26_1,C,A,A,C,3,188,N,C,9.0125885
tcr_26_1,C,A,A,C,3,188,N,CB,7.517684
tcr_26_1,C,A,A,C,3,125,N,SG,9.756199
tcr_26_1,C,A,A,C,3,188,N,CA,7.6146092
tcr_26_1,C,A,A,C,3,188,N,SG,7.7267423
tcr_26_1,C,A,A,C,3,188,N,O,9.271951
tcr_26_1,C,A,A,M,3,29,N,CE,6.989166
tcr_26_1,C,A,A,C,3,125,N,N,9.887001
tcr_26_1,C,A,A,Y,3,183,N,CD2,4.45614
tcr_26_1,C,A,A,R,3,86,N,NE,9.669842
tcr_26_1,C,A,A,Y,3,183,N,CB,6.4380836
tcr_26_1,C,A,A,Q,3,179,N,O,9.335678
tcr_26_1,C,A,A,Y,3,183,N,CE2,3.6156635
tcr_26_1,C,A,A,Y,3,183,N,CA,7.6193595
tcr_26_1,C,A,A,Y,3,183,N,N,8.843896
tcr_26_1,C,A,A,Y,3,183,N,CD1,5.232456
tcr_26_1,C,A,A,R,3,180,N,CZ,8.373578
tcr_26_1,C,A,A,Y,3,183,N,CG,5.2014756
tcr_26_1,C,A,A,Y,3,183,N,CZ,3.673677
tcr_26_1,C,A,A,R,3,180,N,NE,9.121762
tcr_26_1,C,A,A,Y,3,183,N,OH,3.5600426
tcr_26_1,C,A,A,Y,3,183,N,CE1,4.543937
tcr_26_1,C,A,A,R,3,180,N,NH1,7.090822
tcr_26_1,C,A,A,Y,3,183,N,O,7.8790708
tcr_26_1,C,A,A,R,3,180,N,NH2,9.050162
tcr_26_1,C,A,A,Y,3,183,N,C,7.939333
tcr_26_1,C,A,A,G,3,124,N,C,9.415269
tcr_26_1,C,A,A,L,3,184,N,CB,9.8204155
tcr_26_1,C,A,A,G,3,124,N,CA,8.44023
tcr_26_1,C,A,A,L,3,184,N,CA,9.147663
tcr_26_1,C,A,A,L,3,184,N,N,8.587423
tcr_26_1,C,A,A,G,3,124,N,N,8.326907
tcr_26_1,C,A,A,L,3,184,N,CD2,8.459317
tcr_26_1,C,A,A,L,3,184,N,CG,9.0121765
tcr_26_1,C,A,A,R,3,180,N,O,9.257018
tcr_26_1,C,A,A,F,3,123,N,CB,7.4022813
tcr_26_1,C,A,A,R,3,121,N,NH2,7.9050384
tcr_26_1,C,A,A,N,3,138,N,CG,9.697157
tcr_26_1,C,A,A,R,3,180,N,CD,8.847841
tcr_26_1,C,A,A,N,3,138,N,OD1,9.158283
tcr_26_1,C,A,A,R,3,180,N,CA,9.629846
tcr_26_1,C,A,A,G,3,124,N,O,9.905124
tcr_26_1,C,A,A,Y,3,137,N,O,9.576876
tcr_26_1,C,A,A,R,3,86,N,CD,9.695518
tcr_26_1,C,A,A,R,3,86,N,CG,9.573454
tcr_26_1,C,A,A,E,3,87,N,N,9.169591
tcr_26_1,C,A,A,E,3,87,N,CB,8.497914
tcr_26_1,C,A,A,E,3,87,N,CA,8.300726
tcr_26_1,C,A,A,E,3,87,N,OE1,6.4962792
tcr_26_1,C,A,A,K,3,90,N,NZ,5.240224
tcr_26_1,C,A,A,Y,3,195,N,CZ,9.7643585
tcr_26_1,C,A,A,Y,3,195,N,CE2,9.495835
tcr_26_1,C,A,A,W,3,191,N,CE3,9.985474
tcr_26_1,C,A,A,Y,3,195,N,OH,8.868091
tcr_26_1,C,A,A,Y,3,31,N,OH,5.9974265
tcr_26_1,C,A,A,Y,3,83,N,CE2,9.650215
tcr_26_1,C,A,A,E,3,87,N,CD,6.615307
tcr_26_1,C,A,A,E,3,87,N,OE2,5.765477
tcr_26_1,C,A,A,Y,3,83,N,CZ,9.779845
tcr_26_1,C,A,A,Y,3,83,N,OH,9.16525
tcr_26_1,C,A,A,E,3,87,N,CG,8.071434
tcr_26_1,C,A,A,V,3,58,N,CG1,9.61131
tcr_26_1,C,A,A,F,3,57,N,CE2,9.750157
tcr_26_1,C,A,A,Y,3,31,N,CZ,5.6571417
tcr_26_1,C,A,A,Y,3,31,N,CD2,5.4214277
tcr_26_1,C,A,A,M,3,29,N,CB,9.65992
tcr_26_1,C,A,A,M,3,29,N,SD,7.9782405
tcr_26_1,C,A,A,M,3,29,N,CG,8.676225
tcr_26_1,C,A,A,Y,3,31,N,CE2,5.2753115
tcr_26_1,C,A,A,Y,3,31,N,CE1,6.15373
tcr_26_1,C,A,A,R,3,30,N,O,9.538678
tcr_26_1,C,A,A,F,3,57,N,CZ,9.185066
tcr_26_1,C,A,A,G,3,50,N,CA,9.847635
tcr_26_1,C,A,A,R,3,86,N,C,9.390514
tcr_26_1,C,A,A,Q,3,89,N,C,9.770296
tcr_26_1,C,A,A,R,3,86,N,O,8.865515
tcr_26_1,C,A,A,K,3,90,N,CD,5.07537
tcr_26_1,C,A,A,K,3,90,N,N,8.534202
tcr_26_1,C,A,A,K,3,90,N,CA,7.387214
tcr_26_1,C,A,A,E,3,87,N,C,8.886702
tcr_26_1,C,A,A,K,3,90,N,CB,6.0776424
tcr_26_1,C,A,A,K,3,90,N,CE,5.610582
tcr_26_1,C,A,A,E,3,87,N,O,8.290152
tcr_26_1,C,A,A,K,3,90,N,CG,6.0593305
tcr_26_1,C,A,A,Y,3,91,N,N,8.068278
tcr_26_1,C,A,A,R,3,93,N,NH2,9.43288
tcr_26_1,C,A,A,R,3,93,N,NE,9.932224
tcr_26_1,C,A,A,Y,3,91,N,CA,8.732739
tcr_26_1,C,A,A,K,3,90,N,O,7.7337217
tcr_26_1,C,A,A,K,3,90,N,C,7.6141124
tcr_26_1,C,A,A,Q,3,94,N,N,9.529186
tcr_26_1,C,A,A,Y,3,91,N,C,9.9397955
tcr_26_1,C,A,A,Y,3,91,N,CE1,7.592997
tcr_26_1,C,A,A,Y,3,31,N,CD1,6.281445
tcr_26_1,C,A,A,Y,3,91,N,CD2,8.7006645
tcr_26_1,C,A,A,Y,3,91,N,CE2,8.275961
tcr_26_1,C,A,A,Y,3,91,N,CZ,7.702013
tcr_26_1,C,A,A,Y,3,91,N,OH,7.5845175
tcr_26_1,C,A,A,Y,3,91,N,CD1,8.059093
tcr_26_1,C,A,A,F,3,123,N,CZ,3.8500447
tcr_26_1,C,A,A,Y,3,91,N,CG,8.593145
tcr_26_1,C,A,A,F,3,123,N,CE2,3.8083396
tcr_26_1,C,A,A,A,3,48,N,CB,9.789302
tcr_26_1,C,A,A,Y,3,91,N,CB,9.377949
tcr_26_1,C,A,A,F,3,46,N,CZ,9.98729
tcr_26_1,C,A,A,R,3,121,N,NH1,7.507494
tcr_26_1,C,A,A,Q,3,94,N,CD,8.118695
tcr_26_1,C,A,A,Q,3,94,N,OE1,7.273439
tcr_26_1,C,A,A,Q,3,94,N,CG,8.20559
tcr_26_1,C,A,A,Q,3,94,N,CA,9.374177
tcr_26_1,C,A,A,Q,3,94,N,CB,8.191942
tcr_26_1,C,A,A,R,3,121,N,NE,8.167647
tcr_26_1,C,A,A,R,3,121,N,CZ,7.7409997
tcr_26_1,C,A,A,F,3,123,N,CD2,5.035583
tcr_26_1,C,A,A,F,3,123,N,CG,6.0465775
tcr_26_1,C,A,A,Y,3,31,N,N,8.296814
tcr_26_1,C,A,A,F,3,123,N,CD1,6.0643167
tcr_26_1,C,A,A,F,3,123,N,CE1,5.092436
tcr_26_1,C,A,A,R,3,121,N,CG,9.684288
tcr_26_1,C,A,A,R,3,121,N,CD,8.703176
tcr_26_1,C,A,A,Y,3,31,N,CG,5.92993
tcr_26_1,C,A,A,Y,3,31,N,CB,6.590107
tcr_26_1,C,A,A,Y,3,31,N,CA,8.041465
tcr_26_1,C,A,A,V,3,49,N,O,9.974241
tcr_26_1,C,A,A,S,3,33,N,OG,9.981326
tcr_26_1,C,A,A,F,3,32,N,N,9.79059
tcr_26_1,C,A,A,Y,3,31,N,C,8.945184
tcr_26_1,C,A,A,Q,3,94,N,NE2,9.196778
tcr_26_1,C,A,A,R,3,30,N,C,9.100314
tcr_26_1,C,A,A,R,3,30,N,CA,9.809449
tcr_26_1,C,A,A,M,3,29,N,O,9.834949
tcr_26_1,C,A,A,F,3,123,N,O,7.9058394
tcr_26_1,C,A,A,F,3,123,N,C,8.086262
tcr_26_1,C,A,A,F,3,123,N,N,8.953878
tcr_26_1,C,A,A,F,3,123,N,CA,8.4076395
tcr_26_1,C,A,A,Y,3,31,N,O,9.041795
tcr_26_1,C,A,A,T,3,187,CA,OG1,7.424032
tcr_26_1,C,A,A,W,3,191,CA,CE2,9.98175
tcr_26_1,C,A,A,W,3,191,CA,CD1,8.992648
tcr_26_1,C,A,A,T,3,187,CA,CG2,6.5657687
tcr_26_1,C,A,A,W,3,191,CA,NE1,9.341703
tcr_26_1,C,A,A,W,3,191,CA,CG,9.411118
tcr_26_1,C,A,A,T,3,187,CA,CB,6.9815273
tcr_26_1,C,A,A,T,3,187,CA,CA,8.254437
tcr_26_1,C,A,A,T,3,187,CA,O,8.595745
tcr_26_1,C,A,A,T,3,187,CA,C,8.108886
tcr_26_1,C,A,A,W,3,191,CA,CB,9.579218
tcr_26_1,C,A,A,T,3,187,CA,N,8.989631
tcr_26_1,C,A,A,C,3,188,CA,N,7.766481
tcr_26_1,C,A,A,C,3,188,CA,C,9.452649
tcr_26_1,C,A,A,C,3,188,CA,CB,7.7992544
tcr_26_1,C,A,A,C,3,188,CA,CA,7.973863
tcr_26_1,C,A,A,C,3,188,CA,SG,8.243111
tcr_26_1,C,A,A,C,3,188,CA,O,9.879464
tcr_26_1,C,A,A,M,3,29,CA,CE,7.9886265
tcr_26_1,C,A,A,R,3,180,CA,N,9.141144
tcr_26_1,C,A,A,Q,3,179,CA,C,8.916088
tcr_26_1,C,A,A,A,3,182,CA,O,9.519741
tcr_26_1,C,A,A,A,3,182,CA,C,9.17899
tcr_26_1,C,A,A,Q,3,179,CA,CA,9.890164
tcr_26_1,C,A,A,Q,3,179,CA,CB,9.506102
tcr_26_1,C,A,A,Y,3,183,CA,CD2,3.9537752
tcr_26_1,C,A,A,R,3,86,CA,NE,9.571644
tcr_26_1,C,A,A,Q,3,179,CA,CD,9.818765
tcr_26_1,C,A,A,Q,3,179,CA,NE2,9.812952
tcr_26_1,C,A,A,Q,3,179,CA,OE1,9.659823
tcr_26_1,C,A,A,Y,3,183,CA,CB,5.586564
tcr_26_1,C,A,A,Q,3,179,CA,O,8.159535
tcr_26_1,C,A,A,Y,3,183,CA,CE2,3.5780559
tcr_26_1,C,A,A,Y,3,183,CA,CA,6.881742
tcr_26_1,C,A,A,Y,3,183,CA,N,7.970913
tcr_26_1,C,A,A,Y,3,183,CA,CD1,4.852733
tcr_26_1,C,A,A,R,3,180,CA,CZ,7.2815185
tcr_26_1,C,A,A,Y,3,183,CA,CG,4.5848355
tcr_26_1,C,A,A,Y,3,183,CA,CZ,3.923253
tcr_26_1,C,A,A,R,3,180,CA,NE,8.063966
tcr_26_1,C,A,A,Y,3,183,CA,OH,4.2926855
tcr_26_1,C,A,A,Y,3,183,CA,CE1,4.5573087
tcr_26_1,C,A,A,R,3,180,CA,NH1,5.9862113
tcr_26_1,C,A,A,Y,3,183,CA,O,7.565913
tcr_26_1,C,A,A,R,3,180,CA,NH2,7.9486685
tcr_26_1,C,A,A,Y,3,183,CA,C,7.4410686
tcr_26_1,C,A,A,G,3,124,CA,C,9.847389
tcr_26_1,C,A,A,L,3,184,CA,CB,9.488158
tcr_26_1,C,A,A,G,3,124,CA,CA,8.989162
tcr_26_1,C,A,A,L,3,184,CA,CA,8.850577
tcr_26_1,C,A,A,L,3,184,CA,N,8.094021
tcr_26_1,C,A,A,G,3,124,CA,N,8.752076
tcr_26_1,C,A,A,L,3,184,CA,CD2,8.354874
tcr_26_1,C,A,A,L,3,184,CA,CD1,9.680459
tcr_26_1,C,A,A,L,3,184,CA,CG,8.6727495
tcr_26_1,C,A,A,R,3,180,CA,O,8.450966
tcr_26_1,C,A,A,F,3,123,CA,CB,7.554217
tcr_26_1,C,A,A,R,3,180,CA,C,9.093598
tcr_26_1,C,A,A,R,3,121,CA,NH2,7.2504334
tcr_26_1,C,A,A,N,3,138,CA,CG,9.191123
tcr_26_1,C,A,A,R,3,180,CA,CD,7.8330865
tcr_26_1,C,A,A,N,3,138,CA,OD1,8.746164
tcr_26_1,C,A,A,N,3,138,CA,ND2,9.475463
tcr_26_1,C,A,A,R,3,180,CA,CB,9.316327
tcr_26_1,C,A,A,R,3,180,CA,CA,8.599073
tcr_26_1,C,A,A,N,3,138,CA,CB,9.717675
tcr_26_1,C,A,A,R,3,180,CA,CG,9.187734
tcr_26_1,C,A,A,Y,3,137,CA,O,9.558629
tcr_26_1,C,A,A,R,3,86,CA,CD,9.810741
tcr_26_1,C,A,A,R,3,86,CA,CG,9.7268715
tcr_26_1,C,A,A,E,3,87,CA,N,9.796096
tcr_26_1,C,A,A,E,3,87,CA,CB,9.441886
tcr_26_1,C,A,A,E,3,87,CA,CA,9.049729
tcr_26_1,C,A,A,E,3,87,CA,OE1,7.2841988
tcr_26_1,C,A,A,K,3,90,CA,NZ,5.5969777
tcr_26_1,C,A,A,Y,3,31,CA,OH,7.430686
tcr_26_1,C,A,A,E,3,87,CA,CD,7.582949
tcr_26_1,C,A,A,E,3,87,CA,OE2,6.8691216
tcr_26_1,C,A,A,E,3,87,CA,CG,9.061376
tcr_26_1,C,A,A,Y,3,31,CA,CZ,7.0962243
tcr_26_1,C,A,A,Y,3,31,CA,CD2,6.678316
tcr_26_1,C,A,A,M,3,29,CA,SD,9.15011
tcr_26_1,C,A,A,M,3,29,CA,CG,9.843269
tcr_26_1,C,A,A,Y,3,31,CA,CE2,6.6334577
tcr_26_1,C,A,A,Y,3,31,CA,CE1,7.5798035
tcr_26_1,C,A,A,R,3,86,CA,C,9.831073
tcr_26_1,C,A,A,Q,3,89,CA,C,9.864056
tcr_26_1,C,A,A,R,3,86,CA,O,9.1945505
tcr_26_1,C,A,A,K,3,90,CA,CD,5.3156724
tcr_26_1,C,A,A,K,3,90,CA,N,8.693136
tcr_26_1,C,A,A,K,3,90,CA,CA,7.4795046
tcr_26_1,C,A,A,E,3,87,CA,C,9.593379
tcr_26_1,C,A,A,K,3,90,CA,CB,6.284451
tcr_26_1,C,A,A,K,3,90,CA,CE,5.7277956
tcr_26_1,C,A,A,E,3,87,CA,O,8.950419
tcr_26_1,C,A,A,K,3,90,CA,CG,6.105528
tcr_26_1,C,A,A,Y,3,91,CA,N,8.474426
tcr_26_1,C,A,A,R,3,93,CA,NH2,8.985664
tcr_26_1,C,A,A,R,3,93,CA,CZ,9.759649
tcr_26_1,C,A,A,R,3,93,CA,NE,9.383705
tcr_26_1,C,A,A,R,3,93,CA,CB,9.804893
tcr_26_1,C,A,A,Y,3,91,CA,CA,9.202704
tcr_26_1,C,A,A,K,3,90,CA,O,7.7801156
tcr_26_1,C,A,A,K,3,90,CA,C,7.8060436
tcr_26_1,C,A,A,Q,3,94,CA,N,9.341198
tcr_26_1,C,A,A,Y,3,91,CA,CE1,8.656788
tcr_26_1,C,A,A,Y,3,31,CA,CD1,7.62115
tcr_26_1,C,A,A,Y,3,91,CA,CD2,9.641314
tcr_26_1,C,A,A,Y,3,91,CA,CE2,9.372281
tcr_26_1,C,A,A,Y,3,91,CA,CZ,8.869292
tcr_26_1,C,A,A,Y,3,91,CA,OH,8.879295
tcr_26_1,C,A,A,Y,3,91,CA,CD1,8.95267
tcr_26_1,C,A,A,F,3,123,CA,CZ,4.513238
tcr_26_1,C,A,A,Y,3,91,CA,CG,9.432898
tcr_26_1,C,A,A,F,3,123,CA,CE2,4.401637
tcr_26_1,C,A,A,R,3,121,CA,NH1,7.0279307
tcr_26_1,C,A,A,Q,3,94,CA,CD,7.9028025
tcr_26_1,C,A,A,Q,3,94,CA,OE1,6.906726
tcr_26_1,C,A,A,Q,3,94,CA,CG,8.224862
tcr_26_1,C,A,A,Q,3,94,CA,CA,9.207498
tcr_26_1,C,A,A,Q,3,94,CA,CB,8.190184
tcr_26_1,C,A,A,R,3,121,CA,NE,7.894126
tcr_26_1,C,A,A,R,3,121,CA,CZ,7.2715697
tcr_26_1,C,A,A,F,3,123,CA,CD2,5.3992815
tcr_26_1,C,A,A,F,3,123,CA,CG,6.322058
tcr_26_1,C,A,A,Y,3,31,CA,N,9.346099
tcr_26_1,C,A,A,F,3,123,CA,CD1,6.392226
tcr_26_1,C,A,A,F,3,123,CA,CE1,5.575117
tcr_26_1,C,A,A,R,3,121,CA,CG,9.701958
tcr_26_1,C,A,A,R,3,121,CA,CD,8.614565
tcr_26_1,C,A,A,Y,3,31,CA,CG,7.18195
tcr_26_1,C,A,A,Y,3,31,CA,CB,7.6697145
tcr_26_1,C,A,A,Y,3,31,CA,CA,9.119451
tcr_26_1,C,A,A,Y,3,31,CA,C,9.894165
tcr_26_1,C,A,A,Q,3,94,CA,NE2,8.928608
tcr_26_1,C,A,A,F,3,123,CA,O,8.603172
tcr_26_1,C,A,A,F,3,123,CA,C,8.592353
tcr_26_1,C,A,A,F,3,123,CA,N,9.381099
tcr_26_1,C,A,A,F,3,123,CA,CA,8.7419405
tcr_26_1,C,A,A,Y,3,31,CA,O,9.848041
tcr_26_1,C,A,A,T,3,187,C,OG1,8.550889
tcr_26_1,C,A,A,T,3,187,C,CG2,7.780586
tcr_26_1,C,A,A,T,3,187,C,CB,8.258186
tcr_26_1,C,A,A,T,3,187,C,CA,9.606033
tcr_26_1,C,A,A,T,3,187,C,C,9.55141
tcr_26_1,C,A,A,C,3,188,C,N,9.2601185
tcr_26_1,C,A,A,C,3,188,C,CB,9.313334
tcr_26_1,C,A,A,C,3,188,C,CA,9.495753
tcr_26_1,C,A,A,C,3,188,C,SG,9.711008
tcr_26_1,C,A,A,M,3,29,C,CE,9.353295
tcr_26_1,C,A,A,R,3,180,C,N,9.598827
tcr_26_1,C,A,A,Q,3,179,C,C,9.387956
tcr_26_1,C,A,A,Q,3,179,C,CB,9.610643
tcr_26_1,C,A,A,Y,3,183,C,CD2,5.3270235
tcr_26_1,C,A,A,R,3,86,C,NE,9.412526
tcr_26_1,C,A,A,Q,3,179,C,CD,9.596709
tcr_26_1,C,A,A,Q,3,179,C,NE2,9.534814
tcr_26_1,C,A,A,Q,3,179,C,OE1,9.315976
tcr_26_1,C,A,A,Y,3,183,C,CB,6.6850743
tcr_26_1,C,A,A,Q,3,179,C,O,8.766184
tcr_26_1,C,A,A,Y,3,183,C,CE2,5.080301
tcr_26_1,C,A,A,Y,3,183,C,CA,8.048459
tcr_26_1,C,A,A,Y,3,183,C,N,9.000191
tcr_26_1,C,A,A,Y,3,183,C,CD1,6.1795096
tcr_26_1,C,A,A,R,3,180,C,CZ,7.0351048
tcr_26_1,C,A,A,Y,3,183,C,CG,5.879043
tcr_26_1,C,A,A,Y,3,183,C,CZ,5.4307632
tcr_26_1,C,A,A,R,3,180,C,NE,8.008641
tcr_26_1,C,A,A,Y,3,183,C,OH,5.7279778
tcr_26_1,C,A,A,Y,3,183,C,CE1,5.97334
tcr_26_1,C,A,A,R,3,180,C,NH1,5.78215
tcr_26_1,C,A,A,Y,3,183,C,O,8.963905
tcr_26_1,C,A,A,R,3,180,C,NH2,7.4683886
tcr_26_1,C,A,A,Y,3,183,C,C,8.748609
tcr_26_1,C,A,A,L,3,184,C,N,9.365113
tcr_26_1,C,A,A,G,3,124,C,N,9.75425
tcr_26_1,C,A,A,L,3,184,C,CD2,9.565672
tcr_26_1,C,A,A,L,3,184,C,CG,9.83203
tcr_26_1,C,A,A,R,3,180,C,O,9.39515
tcr_26_1,C,A,A,F,3,123,C,CB,8.148276
tcr_26_1,C,A,A,R,3,180,C,C,9.891414
tcr_26_1,C,A,A,R,3,121,C,NH2,6.9039354
tcr_26_1,C,A,A,N,3,138,C,CG,9.454201
tcr_26_1,C,A,A,R,3,180,C,CD,8.053482
tcr_26_1,C,A,A,N,3,138,C,OD1,8.909217
tcr_26_1,C,A,A,N,3,138,C,ND2,9.641345
tcr_26_1,C,A,A,R,3,180,C,CB,9.830052
tcr_26_1,C,A,A,R,3,180,C,CA,9.19534
tcr_26_1,C,A,A,R,3,180,C,CG,9.474681
tcr_26_1,C,A,A,R,3,86,C,CD,9.680068
tcr_26_1,C,A,A,R,3,86,C,CG,9.395308
tcr_26_1,C,A,A,E,3,87,C,N,9.410187
tcr_26_1,C,A,A,E,3,87,C,CB,9.249456
tcr_26_1,C,A,A,E,3,87,C,CA,8.656887
tcr_26_1,C,A,A,E,3,87,C,OE1,7.4333816
tcr_26_1,C,A,A,K,3,90,C,NZ,5.722469
tcr_26_1,C,A,A,Y,3,31,C,OH,8.211182
tcr_26_1,C,A,A,E,3,87,C,CD,7.711342
tcr_26_1,C,A,A,E,3,87,C,OE2,7.0496573
tcr_26_1,C,A,A,E,3,87,C,CG,9.104371
tcr_26_1,C,A,A,Y,3,31,C,CZ,7.834923
tcr_26_1,C,A,A,Y,3,31,C,CD2,7.5022917
tcr_26_1,C,A,A,Y,3,31,C,CE2,7.546172
tcr_26_1,C,A,A,Y,3,31,C,CE1,8.085252
tcr_26_1,C,A,A,R,3,86,C,C,9.314718
tcr_26_1,C,A,A,Q,3,89,C,C,8.704697
tcr_26_1,C,A,A,R,3,86,C,O,8.52662
tcr_26_1,C,A,A,K,3,90,C,CD,4.81136
tcr_26_1,C,A,A,K,3,90,C,N,7.6139174
tcr_26_1,C,A,A,K,3,90,C,CA,6.3133893
tcr_26_1,C,A,A,E,3,87,C,C,9.000559
tcr_26_1,C,A,A,K,3,90,C,CB,5.2961226
tcr_26_1,C,A,A,K,3,90,C,CE,5.4716077
tcr_26_1,C,A,A,E,3,87,C,O,8.236767
tcr_26_1,C,A,A,K,3,90,C,CG,5.2502112
tcr_26_1,C,A,A,Y,3,91,C,N,7.3972545
tcr_26_1,C,A,A,R,3,93,C,NH2,7.879932
tcr_26_1,C,A,A,R,3,93,C,NH1,9.834076
tcr_26_1,C,A,A,R,3,93,C,CZ,8.534499
tcr_26_1,C,A,A,R,3,93,C,NE,8.044947
tcr_26_1,C,A,A,R,3,93,C,CD,8.975451
tcr_26_1,C,A,A,Q,3,89,C,O,8.816966
tcr_26_1,C,A,A,R,3,93,C,CG,9.300683
tcr_26_1,C,A,A,R,3,93,C,CB,8.3110485
tcr_26_1,C,A,A,R,3,93,C,N,9.42937
tcr_26_1,C,A,A,R,3,93,C,CA,9.140032
tcr_26_1,C,A,A,Y,3,91,C,CA,8.132571
tcr_26_1,C,A,A,K,3,90,C,O,6.4500566
tcr_26_1,C,A,A,R,3,93,C,C,8.718076
tcr_26_1,C,A,A,K,3,92,C,N,9.790052
tcr_26_1,C,A,A,K,3,90,C,C,6.5958323
tcr_26_1,C,A,A,Q,3,94,C,N,7.897169
tcr_26_1,C,A,A,Y,3,91,C,C,9.067386
tcr_26_1,C,A,A,Y,3,91,C,CE1,8.247163
tcr_26_1,C,A,A,Y,3,31,C,CD1,8.04836
tcr_26_1,C,A,A,Y,3,91,C,CD2,9.062957
tcr_26_1,C,A,A,Y,3,91,C,CE2,9.00991
tcr_26_1,C,A,A,Y,3,91,C,CZ,8.599558
tcr_26_1,C,A,A,Y,3,91,C,OH,8.843818
tcr_26_1,C,A,A,Y,3,91,C,CD1,8.310542
tcr_26_1,C,A,A,F,3,123,C,CZ,4.9232297
tcr_26_1,C,A,A,Y,3,91,C,CG,8.713784
tcr_26_1,C,A,A,F,3,123,C,CE2,5.196885
tcr_26_1,C,A,A,Y,3,91,C,CB,9.125438
tcr_26_1,C,A,A,F,3,46,C,CZ,9.567079
tcr_26_1,C,A,A,Y,3,91,C,O,9.292122
tcr_26_1,C,A,A,R,3,121,C,NH1,6.328672
tcr_26_1,C,A,A,Q,3,94,C,CD,6.7581882
tcr_26_1,C,A,A,Q,3,94,C,OE1,5.721589
tcr_26_1,C,A,A,Q,3,94,C,CG,7.089311
tcr_26_1,C,A,A,Q,3,94,C,CA,7.825968
tcr_26_1,C,A,A,Q,3,94,C,CB,6.914355
tcr_26_1,C,A,A,R,3,121,C,NE,7.5868483
tcr_26_1,C,A,A,R,3,121,C,CZ,6.82388
tcr_26_1,C,A,A,F,3,123,C,CD2,6.208264
tcr_26_1,C,A,A,F,3,123,C,CG,6.882742
tcr_26_1,C,A,A,F,3,123,C,CD1,6.670341
tcr_26_1,C,A,A,F,3,123,C,CE1,5.7399697
tcr_26_1,C,A,A,R,3,121,C,CG,9.466687
tcr_26_1,C,A,A,R,3,121,C,CD,8.222502
tcr_26_1,C,A,A,Y,3,31,C,CG,7.7543993
tcr_26_1,C,A,A,Y,3,31,C,CB,8.126139
tcr_26_1,C,A,A,Y,3,31,C,CA,9.626051
tcr_26_1,C,A,A,S,3,33,C,OG,9.86156
tcr_26_1,C,A,A,R,3,93,C,O,9.40077
tcr_26_1,C,A,A,Q,3,94,C,C,9.269635
tcr_26_1,C,A,A,Q,3,94,C,O,9.829645
tcr_26_1,C,A,A,Q,3,94,C,NE2,7.838968
tcr_26_1,C,A,A,F,3,123,C,O,9.4397545
tcr_26_1,C,A,A,F,3,123,C,C,9.446598
tcr_26_1,C,A,A,F,3,123,C,N,9.888504
tcr_26_1,C,A,A,F,3,123,C,CA,9.410402
tcr_26_1,C,A,A,T,3,187,O,OG1,9.705885
tcr_26_1,C,A,A,T,3,187,O,CG2,8.83566
tcr_26_1,C,A,A,T,3,187,O,CB,9.336862
tcr_26_1,C,A,A,C,3,188,O,CB,9.925639
tcr_26_1,C,A,A,M,3,29,O,CE,9.668654
tcr_26_1,C,A,A,Y,3,183,O,CD2,6.2889247
tcr_26_1,C,A,A,Q,3,179,O,OE1,9.880159
tcr_26_1,C,A,A,Y,3,183,O,CB,7.5921903
tcr_26_1,C,A,A,Q,3,179,O,O,9.585114
tcr_26_1,C,A,A,Y,3,183,O,CE2,5.920152
tcr_26_1,C,A,A,Y,3,183,O,CA,9.003988
tcr_26_1,C,A,A,Y,3,183,O,N,9.954046
tcr_26_1,C,A,A,Y,3,183,O,CD1,6.8210263
tcr_26_1,C,A,A,R,3,180,O,CZ,7.023392
tcr_26_1,C,A,A,Y,3,183,O,CG,6.730304
tcr_26_1,C,A,A,Y,3,183,O,CZ,6.029188
tcr_26_1,C,A,A,R,3,180,O,NE,8.058462
tcr_26_1,C,A,A,Y,3,183,O,OH,6.147352
tcr_26_1,C,A,A,Y,3,183,O,CE1,6.4870167
tcr_26_1,C,A,A,R,3,180,O,NH1,5.82751
tcr_26_1,C,A,A,Y,3,183,O,O,9.8420515
tcr_26_1,C,A,A,R,3,180,O,NH2,7.3463984
tcr_26_1,C,A,A,Y,3,183,O,C,9.612425
tcr_26_1,C,A,A,G,3,124,O,N,9.599088
tcr_26_1,C,A,A,L,3,184,O,CD2,9.883075
tcr_26_1,C,A,A,F,3,123,O,CB,7.7589025
tcr_26_1,C,A,A,R,3,121,O,NH2,6.3860006
tcr_26_1,C,A,A,N,3,138,O,CG,9.19305
tcr_26_1,C,A,A,R,3,180,O,CD,8.239789
tcr_26_1,C,A,A,N,3,138,O,OD1,8.510995
tcr_26_1,C,A,A,N,3,138,O,ND2,9.44972
tcr_26_1,C,A,A,R,3,180,O,CA,9.727015
tcr_26_1,C,A,A,R,3,180,O,CG,9.717018
tcr_26_1,C,A,A,E,3,176,O,OE1,9.988205
tcr_26_1,C,A,A,F,3,140,O,CZ,9.483727
tcr_26_1,C,A,A,R,3,86,O,CG,9.903086
tcr_26_1,C,A,A,E,3,87,O,N,9.488691
tcr_26_1,C,A,A,E,3,87,O,CB,9.165706
tcr_26_1,C,A,A,E,3,87,O,CA,8.595107
tcr_26_1,C,A,A,E,3,87,O,OE1,7.779159
tcr_26_1,C,A,A,K,3,90,O,NZ,6.3659315
tcr_26_1,C,A,A,Y,3,31,O,OH,8.137598
tcr_26_1,C,A,A,E,3,87,O,CD,7.878226
tcr_26_1,C,A,A,E,3,87,O,OE2,7.112148
tcr_26_1,C,A,A,E,3,87,O,CG,9.180762
tcr_26_1,C,A,A,Y,3,31,O,CZ,7.6125593
tcr_26_1,C,A,A,Y,3,31,O,CD2,7.1807656
tcr_26_1,C,A,A,Y,3,31,O,CE2,7.38307
tcr_26_1,C,A,A,Y,3,31,O,CE1,7.660113
tcr_26_1,C,A,A,R,3,86,O,C,9.448549
tcr_26_1,C,A,A,Q,3,89,O,C,8.4041395
tcr_26_1,C,A,A,R,3,86,O,O,8.614257
tcr_26_1,C,A,A,Q,3,89,O,CA,9.796502
tcr_26_1,C,A,A,T,3,88,O,O,9.915684
tcr_26_1,C,A,A,K,3,90,O,CD,5.1237035
tcr_26_1,C,A,A,K,3,90,O,N,7.357842
tcr_26_1,C,A,A,K,3,90,O,CA,5.9739184
tcr_26_1,C,A,A,E,3,87,O,C,8.757893
tcr_26_1,C,A,A,K,3,90,O,CB,5.089787
tcr_26_1,C,A,A,K,3,90,O,CE,6.05844
tcr_26_1,C,A,A,E,3,87,O,O,7.8767595
tcr_26_1,C,A,A,K,3,90,O,CG,5.3988266
tcr_26_1,C,A,A,Y,3,91,O,N,6.7176332
tcr_26_1,C,A,A,R,3,93,O,NH2,8.121622
tcr_26_1,C,A,A,R,3,93,O,NH1,9.957402
tcr_26_1,C,A,A,R,3,93,O,CZ,8.652518
tcr_26_1,C,A,A,R,3,93,O,NE,8.03858
tcr_26_1,C,A,A,R,3,93,O,CD,8.850679
tcr_26_1,C,A,A,Q,3,89,O,O,8.428316
tcr_26_1,C,A,A,R,3,93,O,CG,8.981804
tcr_26_1,C,A,A,R,3,93,O,CB,7.849154
tcr_26_1,C,A,A,R,3,93,O,N,8.759763
tcr_26_1,C,A,A,R,3,93,O,CA,8.504421
tcr_26_1,C,A,A,K,3,92,O,C,9.636706
tcr_26_1,C,A,A,Y,3,91,O,CA,7.2826924
tcr_26_1,C,A,A,K,3,90,O,O,5.721511
tcr_26_1,C,A,A,R,3,93,O,C,7.948598
tcr_26_1,C,A,A,K,3,92,O,N,9.023884
tcr_26_1,C,A,A,K,3,90,O,C,5.97983
tcr_26_1,C,A,A,Q,3,94,O,N,7.02471
tcr_26_1,C,A,A,Y,3,91,O,C,8.195456
tcr_26_1,C,A,A,Y,3,91,O,CE1,7.395729
tcr_26_1,C,A,A,Y,3,31,O,CD1,7.4707527
tcr_26_1,C,A,A,Y,3,91,O,CD2,8.397831
tcr_26_1,C,A,A,Y,3,91,O,CE2,8.402187
tcr_26_1,C,A,A,Y,3,91,O,CZ,7.9075623
tcr_26_1,C,A,A,Y,3,91,O,OH,8.237429
tcr_26_1,C,A,A,Y,3,91,O,CD1,7.3976026
tcr_26_1,C,A,A,F,3,123,O,CZ,4.3322177
tcr_26_1,C,A,A,Y,3,91,O,CG,7.9031267
tcr_26_1,C,A,A,F,3,123,O,CE2,4.91639
tcr_26_1,C,A,A,A,3,48,O,CB,9.188982
tcr_26_1,C,A,A,Y,3,91,O,CB,8.290854
tcr_26_1,C,A,A,F,3,46,O,CZ,8.367041
tcr_26_1,C,A,A,Y,3,91,O,O,8.325329
tcr_26_1,C,A,A,R,3,121,O,NH1,5.4940925
tcr_26_1,C,A,A,Q,3,94,O,CD,5.6481295
tcr_26_1,C,A,A,Q,3,94,O,OE1,4.684737
tcr_26_1,C,A,A,A,3,95,O,N,8.987843
tcr_26_1,C,A,A,F,3,46,O,CE2,9.070423
tcr_26_1,C,A,A,Q,3,94,O,CG,5.9094133
tcr_26_1,C,A,A,Q,3,94,O,CA,6.824378
tcr_26_1,C,A,A,Q,3,94,O,CB,5.8139334
tcr_26_1,C,A,A,R,3,121,O,NE,6.8048415
tcr_26_1,C,A,A,R,3,121,O,CZ,6.101964
tcr_26_1,C,A,A,F,3,123,O,CD2,5.9552116
tcr_26_1,C,A,A,F,3,123,O,CG,6.4364095
tcr_26_1,C,A,A,R,3,121,O,CB,9.421662
tcr_26_1,C,A,A,Y,3,31,O,N,9.5282345
tcr_26_1,C,A,A,F,3,123,O,CD1,5.9939365
tcr_26_1,C,A,A,F,3,123,O,CE1,4.961731
tcr_26_1,C,A,A,R,3,121,O,CG,8.560691
tcr_26_1,C,A,A,R,3,121,O,CD,7.286472
tcr_26_1,C,A,A,Y,3,31,O,CG,7.2211156
tcr_26_1,C,A,A,Y,3,31,O,CB,7.455861
tcr_26_1,C,A,A,Y,3,31,O,CA,8.9619255
tcr_26_1,C,A,A,S,3,33,O,OG,8.692646
tcr_26_1,C,A,A,Y,3,31,O,C,9.485965
tcr_26_1,C,A,A,S,3,33,O,CB,8.920383
tcr_26_1,C,A,A,R,3,93,O,O,8.624645
tcr_26_1,C,A,A,A,3,97,O,CB,9.256831
tcr_26_1,C,A,A,Q,3,94,O,C,8.219775
tcr_26_1,C,A,A,Q,3,94,O,O,8.772976
tcr_26_1,C,A,A,F,3,140,O,CE1,9.863089
tcr_26_1,C,A,A,D,3,98,O,OD1,9.746295
tcr_26_1,C,A,A,Q,3,94,O,NE2,6.763463
tcr_26_1,C,A,A,F,3,123,O,O,9.063653
tcr_26_1,C,A,A,F,3,123,O,C,9.132348
tcr_26_1,C,A,A,F,3,123,O,N,9.307868
tcr_26_1,C,A,A,F,3,123,O,CA,8.994542
tcr_26_1,C,A,A,Y,3,31,O,O,9.467633
tcr_26_1,C,A,A,F,3,46,O,CE1,9.116667
tcr_26_1,C,A,A,T,3,187,CB,OG1,7.550717
tcr_26_1,C,A,A,W,3,191,CB,CD1,9.605463
tcr_26_1,C,A,A,T,3,187,CB,CG2,6.9773293
tcr_26_1,C,A,A,T,3,187,CB,CB,7.0836115
tcr_26_1,C,A,A,T,3,187,CB,CA,8.249881
tcr_26_1,C,A,A,T,3,187,CB,O,8.692919
tcr_26_1,C,A,A,T,3,187,CB,C,8.058844
tcr_26_1,C,A,A,T,3,187,CB,N,8.782216
tcr_26_1,C,A,A,G,3,186,CB,C,9.860668
tcr_26_1,C,A,A,L,3,184,CB,C,9.088246
tcr_26_1,C,A,A,L,3,184,CB,O,9.580955
tcr_26_1,C,A,A,V,3,189,CB,N,9.970381
tcr_26_1,C,A,A,C,3,188,CB,N,7.4946213
tcr_26_1,C,A,A,C,3,188,CB,C,9.161123
tcr_26_1,C,A,A,C,3,188,CB,CB,7.203152
tcr_26_1,C,A,A,C,3,125,CB,SG,9.645169
tcr_26_1,C,A,A,C,3,188,CB,CA,7.651427
tcr_26_1,C,A,A,C,3,188,CB,SG,7.6126304
tcr_26_1,C,A,A,C,3,188,CB,O,9.698675
tcr_26_1,C,A,A,M,3,29,CB,CE,7.9562044
tcr_26_1,C,A,A,C,3,125,CB,N,9.494657
tcr_26_1,C,A,A,R,3,180,CB,N,7.927508
tcr_26_1,C,A,A,Q,3,179,CB,C,7.8500957
tcr_26_1,C,A,A,A,3,182,CB,O,8.834004
tcr_26_1,C,A,A,A,3,182,CB,C,8.393068
tcr_26_1,C,A,A,A,3,182,CB,CB,9.733555
tcr_26_1,C,A,A,A,3,182,CB,CA,9.505657
tcr_26_1,C,A,A,A,3,182,CB,N,9.500068
tcr_26_1,C,A,A,Q,3,179,CB,CA,8.948402
tcr_26_1,C,A,A,Q,3,179,CB,CB,8.649352
tcr_26_1,C,A,A,Q,3,179,CB,CG,9.56601
tcr_26_1,C,A,A,Y,3,183,CB,CD2,3.5623214
tcr_26_1,C,A,A,Q,3,179,CB,CD,9.275088
tcr_26_1,C,A,A,Q,3,179,CB,NE2,9.461468
tcr_26_1,C,A,A,Q,3,179,CB,OE1,9.0706835
tcr_26_1,C,A,A,Y,3,183,CB,CB,4.6844425
tcr_26_1,C,A,A,Q,3,179,CB,O,7.1536527
tcr_26_1,C,A,A,Y,3,183,CB,CE2,3.432978
tcr_26_1,C,A,A,Y,3,183,CB,CA,6.0973363
tcr_26_1,C,A,A,Y,3,183,CB,N,7.1221766
tcr_26_1,C,A,A,Y,3,183,CB,CD1,3.7533505
tcr_26_1,C,A,A,R,3,180,CB,CZ,6.1582284
tcr_26_1,C,A,A,Y,3,183,CB,CG,3.722312
tcr_26_1,C,A,A,Y,3,183,CB,CZ,3.4710028
tcr_26_1,C,A,A,R,3,180,CB,NE,6.80408
tcr_26_1,C,A,A,Y,3,183,CB,OH,4.1158023
tcr_26_1,C,A,A,Y,3,183,CB,CE1,3.6337361
tcr_26_1,C,A,A,R,3,180,CB,NH1,4.877819
tcr_26_1,C,A,A,Y,3,183,CB,O,6.8783746
tcr_26_1,C,A,A,R,3,180,CB,NH2,6.9830494
tcr_26_1,C,A,A,Y,3,183,CB,C,6.5835133
tcr_26_1,C,A,A,R,3,181,CB,C,9.612247
tcr_26_1,C,A,A,R,3,181,CB,O,9.679125
tcr_26_1,C,A,A,R,3,181,CB,CA,9.898885
tcr_26_1,C,A,A,R,3,181,CB,N,9.0670805
tcr_26_1,C,A,A,G,3,124,CB,C,8.820206
tcr_26_1,C,A,A,E,3,185,CB,N,9.802469
tcr_26_1,C,A,A,L,3,184,CB,CB,8.250066
tcr_26_1,C,A,A,G,3,124,CB,CA,8.036368
tcr_26_1,C,A,A,L,3,184,CB,CA,7.7754374
tcr_26_1,C,A,A,L,3,184,CB,N,7.0425153
tcr_26_1,C,A,A,G,3,124,CB,N,7.6748624
tcr_26_1,C,A,A,L,3,184,CB,CD2,7.0633163
tcr_26_1,C,A,A,L,3,184,CB,CD1,8.246273
tcr_26_1,C,A,A,L,3,184,CB,CG,7.325514
tcr_26_1,C,A,A,R,3,180,CB,O,7.1461377
tcr_26_1,C,A,A,F,3,123,CB,CB,6.3715835
tcr_26_1,C,A,A,R,3,180,CB,C,7.7729845
tcr_26_1,C,A,A,R,3,121,CB,NH2,6.2099648
tcr_26_1,C,A,A,N,3,138,CB,CG,7.771015
tcr_26_1,C,A,A,R,3,180,CB,CD,6.4534307
tcr_26_1,C,A,A,N,3,138,CB,OD1,7.4123816
tcr_26_1,C,A,A,N,3,138,CB,ND2,8.059557
tcr_26_1,C,A,A,R,3,180,CB,CB,7.891015
tcr_26_1,C,A,A,R,3,180,CB,CA,7.261722
tcr_26_1,C,A,A,N,3,138,CB,CB,8.245434
tcr_26_1,C,A,A,R,3,180,CB,CG,7.795479
tcr_26_1,C,A,A,E,3,176,CB,OE1,9.422148
tcr_26_1,C,A,A,F,3,140,CB,CZ,9.558939
tcr_26_1,C,A,A,G,3,124,CB,O,9.015219
tcr_26_1,C,A,A,Y,3,137,CB,O,8.181549
tcr_26_1,C,A,A,Y,3,137,CB,C,9.3143635
tcr_26_1,C,A,A,N,3,138,CB,N,9.707802
tcr_26_1,C,A,A,N,3,138,CB,CA,9.041564
tcr_26_1,C,A,A,E,3,87,CB,OE1,8.710296
tcr_26_1,C,A,A,K,3,90,CB,NZ,7.0543666
tcr_26_1,C,A,A,Y,3,31,CB,OH,8.076644
tcr_26_1,C,A,A,E,3,87,CB,CD,8.964471
tcr_26_1,C,A,A,E,3,87,CB,OE2,8.178271
tcr_26_1,C,A,A,Y,3,31,CB,CZ,7.5731444
tcr_26_1,C,A,A,Y,3,31,CB,CD2,6.6683264
tcr_26_1,C,A,A,M,3,29,CB,SD,9.26844
tcr_26_1,C,A,A,M,3,29,CB,CG,9.756421
tcr_26_1,C,A,A,Y,3,31,CB,CE2,6.852909
tcr_26_1,C,A,A,Y,3,31,CB,CE1,8.085704
tcr_26_1,C,A,A,K,3,90,CB,CD,6.834163
tcr_26_1,C,A,A,K,3,90,CB,CA,8.769467
tcr_26_1,C,A,A,K,3,90,CB,CB,7.662757
tcr_26_1,C,A,A,K,3,90,CB,CE,7.229256
tcr_26_1,C,A,A,K,3,90,CB,CG,7.5631557
tcr_26_1,C,A,A,Y,3,91,CB,N,9.639785
tcr_26_1,C,A,A,K,3,90,CB,O,8.791134
tcr_26_1,C,A,A,K,3,90,CB,C,8.963338
tcr_26_1,C,A,A,Y,3,91,CB,CE1,9.497972
tcr_26_1,C,A,A,Y,3,31,CB,CD1,7.9309626
tcr_26_1,C,A,A,Y,3,91,CB,CZ,9.82604
tcr_26_1,C,A,A,Y,3,91,CB,OH,9.763557
tcr_26_1,C,A,A,Y,3,91,CB,CD1,9.8412285
tcr_26_1,C,A,A,F,3,123,CB,CZ,4.1277246
tcr_26_1,C,A,A,F,3,123,CB,CE2,3.7383766
tcr_26_1,C,A,A,R,3,121,CB,NH1,6.394931
tcr_26_1,C,A,A,Q,3,94,CB,CD,7.9363074
tcr_26_1,C,A,A,Q,3,94,CB,OE1,6.9283705
tcr_26_1,C,A,A,Q,3,94,CB,CG,8.464934
tcr_26_1,C,A,A,Q,3,94,CB,CA,9.686056
tcr_26_1,C,A,A,Q,3,94,CB,CB,8.678642
tcr_26_1,C,A,A,R,3,121,CB,NE,6.979763
tcr_26_1,C,A,A,R,3,121,CB,CZ,6.3936224
tcr_26_1,C,A,A,F,3,123,CB,CD2,4.4138803
tcr_26_1,C,A,A,F,3,123,CB,CG,5.300507
tcr_26_1,C,A,A,Y,3,31,CB,N,8.959939
tcr_26_1,C,A,A,F,3,123,CB,CD1,5.5754166
tcr_26_1,C,A,A,F,3,123,CB,CE1,5.056818
tcr_26_1,C,A,A,R,3,121,CB,CG,8.867508
tcr_26_1,C,A,A,R,3,121,CB,CD,7.870472
tcr_26_1,C,A,A,Y,3,31,CB,CG,7.236452
tcr_26_1,C,A,A,Y,3,31,CB,CB,7.502776
tcr_26_1,C,A,A,Y,3,31,CB,CA,8.868068
tcr_26_1,C,A,A,Y,3,31,CB,C,9.530026
tcr_26_1,C,A,A,Q,3,94,CB,NE2,8.800344
tcr_26_1,C,A,A,R,3,30,CB,C,9.887759
tcr_26_1,C,A,A,F,3,123,CB,O,7.790092
tcr_26_1,C,A,A,F,3,123,CB,C,7.5950975
tcr_26_1,C,A,A,M,3,122,CB,C,9.364457
tcr_26_1,C,A,A,F,3,123,CB,N,8.405946
tcr_26_1,C,A,A,F,3,123,CB,CA,7.642074
tcr_26_1,C,A,A,Y,3,31,CB,O,9.30516
tcr_26_1,C,A,A,M,3,122,CB,O,9.612196
tcr_26_1,C,A,D,T,4,187,N,OG1,8.406249
tcr_26_1,C,A,D,T,4,187,N,CG2,7.851221
tcr_26_1,C,A,D,T,4,187,N,CB,8.326118
tcr_26_1,C,A,D,T,4,187,N,CA,9.767946
tcr_26_1,C,A,D,T,4,187,N,C,9.913158
tcr_26_1,C,A,D,C,4,188,N,N,9.738755
tcr_26_1,C,A,D,R,4,180,N,N,9.544976
tcr_26_1,C,A,D,Q,4,179,N,C,9.196697
tcr_26_1,C,A,D,Q,4,179,N,CA,9.852395
tcr_26_1,C,A,D,Q,4,179,N,CB,9.141618
tcr_26_1,C,A,D,Q,4,179,N,CG,9.593622
tcr_26_1,C,A,D,Y,4,183,N,CD2,5.6768804
tcr_26_1,C,A,D,R,4,86,N,NE,8.689816
tcr_26_1,C,A,D,Q,4,179,N,CD,8.840924
tcr_26_1,C,A,D,Q,4,179,N,NE2,8.639612
tcr_26_1,C,A,D,Q,4,179,N,OE1,8.609398
tcr_26_1,C,A,D,R,4,86,N,NH2,9.371655
tcr_26_1,C,A,D,R,4,86,N,CZ,9.28556
tcr_26_1,C,A,D,Y,4,183,N,CB,6.8567123
tcr_26_1,C,A,D,Q,4,179,N,O,8.596874
tcr_26_1,C,A,D,Y,4,183,N,CE2,5.6646857
tcr_26_1,C,A,D,Y,4,183,N,CA,8.171409
tcr_26_1,C,A,D,Y,4,183,N,N,8.998945
tcr_26_1,C,A,D,Y,4,183,N,CD1,6.8276477
tcr_26_1,C,A,D,R,4,180,N,CZ,7.175291
tcr_26_1,C,A,D,Y,4,183,N,CG,6.2819176
tcr_26_1,C,A,D,Y,4,183,N,CZ,6.2679906
tcr_26_1,C,A,D,R,4,180,N,NE,8.199465
tcr_26_1,C,A,D,Y,4,183,N,OH,6.707089
tcr_26_1,C,A,D,Y,4,183,N,CE1,6.8231764
tcr_26_1,C,A,D,R,4,180,N,NH1,5.976974
tcr_26_1,C,A,D,Y,4,183,N,O,9.328756
tcr_26_1,C,A,D,R,4,180,N,NH2,7.5006886
tcr_26_1,C,A,D,Y,4,183,N,C,9.06629
tcr_26_1,C,A,D,L,4,184,N,N,9.764435
tcr_26_1,C,A,D,R,4,180,N,O,9.688412
tcr_26_1,C,A,D,F,4,123,N,CB,9.281155
tcr_26_1,C,A,D,R,4,121,N,NH2,7.4798813
tcr_26_1,C,A,D,R,4,180,N,CD,8.3209505
tcr_26_1,C,A,D,N,4,138,N,OD1,9.7065525
tcr_26_1,C,A,D,R,4,180,N,CA,9.340424
tcr_26_1,C,A,D,R,4,180,N,CG,9.687205
tcr_26_1,C,A,D,R,4,86,N,CD,9.115201
tcr_26_1,C,A,D,R,4,86,N,CG,8.841917
tcr_26_1,C,A,D,R,4,86,N,CB,9.982083
tcr_26_1,C,A,D,E,4,87,N,N,9.314962
tcr_26_1,C,A,D,E,4,87,N,CB,9.503844
tcr_26_1,C,A,D,E,4,87,N,CA,8.73417
tcr_26_1,C,A,D,E,4,87,N,OE1,7.5709534
tcr_26_1,C,A,D,K,4,90,N,NZ,5.587253
tcr_26_1,C,A,D,Y,4,31,N,OH,9.215284
tcr_26_1,C,A,D,E,4,87,N,CD,8.017329
tcr_26_1,C,A,D,E,4,87,N,OE2,7.536127
tcr_26_1,C,A,D,E,4,87,N,CG,9.388256
tcr_26_1,C,A,D,Y,4,31,N,CZ,8.958179
tcr_26_1,C,A,D,Y,4,31,N,CD2,8.770666
tcr_26_1,C,A,D,Y,4,31,N,CE2,8.730989
tcr_26_1,C,A,D,Y,4,31,N,CE1,9.229648
tcr_26_1,C,A,D,R,4,86,N,C,9.039801
tcr_26_1,C,A,D,Q,4,89,N,C,8.307477
tcr_26_1,C,A,D,Q,4,89,N,CB,9.830214
tcr_26_1,C,A,D,R,4,86,N,O,8.1867695
tcr_26_1,C,A,D,Q,4,89,N,CA,9.631697
tcr_26_1,C,A,D,K,4,90,N,CD,4.6002917
tcr_26_1,C,A,D,K,4,90,N,N,7.28638
tcr_26_1,C,A,D,K,4,90,N,CA,6.043754
tcr_26_1,C,A,D,E,4,87,N,C,9.080602
tcr_26_1,C,A,D,K,4,90,N,CB,5.1405
tcr_26_1,C,A,D,K,4,90,N,CE,5.0847855
tcr_26_1,C,A,D,E,4,87,N,O,8.353814
tcr_26_1,C,A,D,K,4,90,N,CG,4.829943
tcr_26_1,C,A,D,Y,4,91,N,N,7.5185103
tcr_26_1,C,A,D,R,4,93,N,NH2,6.908613
tcr_26_1,C,A,D,R,4,93,N,NH1,8.854287
tcr_26_1,C,A,D,R,4,93,N,CZ,7.5674763
tcr_26_1,C,A,D,R,4,93,N,NE,7.1152186
tcr_26_1,C,A,D,R,4,93,N,CD,8.081535
tcr_26_1,C,A,D,Q,4,89,N,O,8.390183
tcr_26_1,C,A,D,R,4,93,N,CG,8.583171
tcr_26_1,C,A,D,R,4,93,N,CB,7.734252
tcr_26_1,C,A,D,R,4,93,N,N,9.128611
tcr_26_1,C,A,D,R,4,93,N,CA,8.739087
tcr_26_1,C,A,D,Y,4,91,N,CA,8.399167
tcr_26_1,C,A,D,K,4,90,N,O,6.3949103
tcr_26_1,C,A,D,R,4,93,N,C,8.461526
tcr_26_1,C,A,D,K,4,92,N,N,9.785623
tcr_26_1,C,A,D,K,4,90,N,C,6.5519443
tcr_26_1,C,A,D,Q,4,94,N,N,7.8094983
tcr_26_1,C,A,D,Y,4,91,N,C,9.211176
tcr_26_1,C,A,D,Y,4,91,N,CE1,9.086833
tcr_26_1,C,A,D,Y,4,31,N,CD1,9.271297
tcr_26_1,C,A,D,Y,4,91,N,CD2,9.5749035
tcr_26_1,C,A,D,Y,4,91,N,CE2,9.6501875
tcr_26_1,C,A,D,Y,4,91,N,CZ,9.401896
tcr_26_1,C,A,D,Y,4,91,N,OH,9.744851
tcr_26_1,C,A,D,Y,4,91,N,CD1,9.011099
tcr_26_1,C,A,D,F,4,123,N,CZ,6.2336645
tcr_26_1,C,A,D,Y,4,91,N,CG,9.247886
tcr_26_1,C,A,D,F,4,123,N,CE2,6.472963
tcr_26_1,C,A,D,Y,4,91,N,CB,9.499167
tcr_26_1,C,A,D,Y,4,91,N,O,9.484665
tcr_26_1,C,A,D,R,4,121,N,NH1,6.926566
tcr_26_1,C,A,D,Q,4,94,N,CD,7.1950216
tcr_26_1,C,A,D,Q,4,94,N,OE1,6.0899234
tcr_26_1,C,A,D,Q,4,94,N,CG,7.593918
tcr_26_1,C,A,D,Q,4,94,N,CA,7.9222994
tcr_26_1,C,A,D,Q,4,94,N,CB,7.228018
tcr_26_1,C,A,D,R,4,121,N,NE,8.416085
tcr_26_1,C,A,D,R,4,121,N,CZ,7.5106096
tcr_26_1,C,A,D,F,4,123,N,CD2,7.422373
tcr_26_1,C,A,D,F,4,123,N,CG,8.081866
tcr_26_1,C,A,D,F,4,123,N,CD1,7.8834443
tcr_26_1,C,A,D,F,4,123,N,CE1,6.995696
tcr_26_1,C,A,D,R,4,121,N,CD,9.107319
tcr_26_1,C,A,D,Y,4,31,N,CG,9.039371
tcr_26_1,C,A,D,Y,4,31,N,CB,9.438246
tcr_26_1,C,A,D,R,4,93,N,O,9.128897
tcr_26_1,C,A,D,A,4,97,N,CB,9.873902
tcr_26_1,C,A,D,Q,4,94,N,C,9.426176
tcr_26_1,C,A,D,Q,4,94,N,NE2,8.26538
tcr_26_1,C,A,D,T,4,187,CA,OG1,9.6570835
tcr_26_1,C,A,D,T,4,187,CA,CG2,9.184013
tcr_26_1,C,A,D,T,4,187,CA,CB,9.67812
tcr_26_1,C,A,D,Q,4,179,CA,C,9.851984
tcr_26_1,C,A,D,Q,4,179,CA,CB,9.454343
tcr_26_1,C,A,D,Q,4,179,CA,CG,9.770842
tcr_26_1,C,A,D,Y,4,183,CA,CD2,7.095422
tcr_26_1,C,A,D,R,4,86,CA,NE,8.881244
tcr_26_1,C,A,D,Q,4,179,CA,CD,8.820892
tcr_26_1,C,A,D,Q,4,179,CA,NE2,8.5582
tcr_26_1,C,A,D,Q,4,179,CA,OE1,8.473959
tcr_26_1,C,A,D,R,4,86,CA,NH2,9.556079
tcr_26_1,C,A,D,R,4,86,CA,CZ,9.559144
tcr_26_1,C,A,D,Y,4,183,CA,CB,8.077476
tcr_26_1,C,A,D,Q,4,179,CA,O,9.388188
tcr_26_1,C,A,D,Y,4,183,CA,CE2,7.1313214
tcr_26_1,C,A,D,Y,4,183,CA,CA,9.412002
tcr_26_1,C,A,D,Y,4,183,CA,CD1,8.162664
tcr_26_1,C,A,D,R,4,180,CA,CZ,7.309413
tcr_26_1,C,A,D,Y,4,183,CA,CG,7.62782
tcr_26_1,C,A,D,Y,4,183,CA,CZ,7.703353
tcr_26_1,C,A,D,R,4,180,CA,NE,8.458083
tcr_26_1,C,A,D,Y,4,183,CA,OH,8.105305
tcr_26_1,C,A,D,Y,4,183,CA,CE1,8.199301
tcr_26_1,C,A,D,R,4,180,CA,NH1,6.240593
tcr_26_1,C,A,D,R,4,180,CA,NH2,7.378941
tcr_26_1,C,A,D,R,4,121,CA,NH2,7.5768595
tcr_26_1,C,A,D,R,4,180,CA,CD,8.816781
tcr_26_1,C,A,D,E,4,176,CA,OE1,9.957298
tcr_26_1,C,A,D,R,4,86,CA,CD,9.344066
tcr_26_1,C,A,D,R,4,86,CA,CA,9.9408655
tcr_26_1,C,A,D,R,4,86,CA,CG,8.887235
tcr_26_1,C,A,D,E,4,87,CA,N,9.358106
tcr_26_1,C,A,D,E,4,87,CA,CB,9.759758
tcr_26_1,C,A,D,E,4,87,CA,CA,8.814067
tcr_26_1,C,A,D,E,4,87,CA,OE1,8.184662
tcr_26_1,C,A,D,K,4,90,CA,NZ,6.2824774
tcr_26_1,C,A,D,E,4,87,CA,CD,8.605493
tcr_26_1,C,A,D,E,4,87,CA,OE2,8.194614
tcr_26_1,C,A,D,E,4,87,CA,CG,9.854909
tcr_26_1,C,A,D,Y,4,31,CA,CZ,9.956936
tcr_26_1,C,A,D,Y,4,31,CA,CD2,9.8076
tcr_26_1,C,A,D,Y,4,31,CA,CE2,9.833839
tcr_26_1,C,A,D,T,4,88,CA,C,9.789599
tcr_26_1,C,A,D,R,4,86,CA,C,8.936543
tcr_26_1,C,A,D,Q,4,89,CA,C,7.470092
tcr_26_1,C,A,D,Q,4,89,CA,N,9.424895
tcr_26_1,C,A,D,Q,4,89,CA,CB,9.066146
tcr_26_1,C,A,D,R,4,86,CA,O,7.9455495
tcr_26_1,C,A,D,Q,4,89,CA,CA,8.860206
tcr_26_1,C,A,D,T,4,88,CA,O,9.700037
tcr_26_1,C,A,D,K,4,90,CA,CD,4.8234572
tcr_26_1,C,A,D,K,4,90,CA,N,6.6050844
tcr_26_1,C,A,D,K,4,90,CA,CA,5.327142
tcr_26_1,C,A,D,E,4,87,CA,C,8.950886
tcr_26_1,C,A,D,K,4,90,CA,CB,4.7643595
tcr_26_1,C,A,D,K,4,90,CA,CE,5.465007
tcr_26_1,C,A,D,E,4,87,CA,O,8.134319
tcr_26_1,C,A,D,K,4,90,CA,CG,4.578175
tcr_26_1,C,A,D,Y,4,91,CA,N,6.931349
tcr_26_1,C,A,D,R,4,93,CA,NH2,6.008102
tcr_26_1,C,A,D,R,4,93,CA,NH1,7.774155
tcr_26_1,C,A,D,R,4,93,CA,CZ,6.480289
tcr_26_1,C,A,D,R,4,93,CA,NE,5.871709
tcr_26_1,C,A,D,R,4,93,CA,CD,6.7252316
tcr_26_1,C,A,D,Q,4,89,CA,O,7.386824
tcr_26_1,C,A,D,R,4,93,CA,CG,7.2236547
tcr_26_1,C,A,D,R,4,93,CA,CB,6.367488
tcr_26_1,C,A,D,R,4,93,CA,N,7.9313564
tcr_26_1,C,A,D,K,4,92,CA,CA,9.715953
tcr_26_1,C,A,D,R,4,93,CA,CA,7.4235454
tcr_26_1,C,A,D,K,4,92,CA,C,9.063867
tcr_26_1,C,A,D,Y,4,91,CA,CA,7.8061385
tcr_26_1,C,A,D,K,4,92,CA,O,9.738146
tcr_26_1,C,A,D,K,4,90,CA,O,5.489478
tcr_26_1,C,A,D,R,4,93,CA,C,7.182337
tcr_26_1,C,A,D,K,4,92,CA,N,8.906464
tcr_26_1,C,A,D,K,4,90,CA,C,5.8092675
tcr_26_1,C,A,D,Q,4,94,CA,N,6.658646
tcr_26_1,C,A,D,Y,4,91,CA,C,8.413918
tcr_26_1,C,A,D,Y,4,91,CA,CE1,9.203769
tcr_26_1,C,A,D,Y,4,91,CA,CD2,9.492078
tcr_26_1,C,A,D,Y,4,91,CA,CE2,9.778681
tcr_26_1,C,A,D,Y,4,91,CA,CZ,9.630751
tcr_26_1,C,A,D,Y,4,91,CA,CD1,8.902781
tcr_26_1,C,A,D,F,4,123,CA,CZ,7.0654488
tcr_26_1,C,A,D,Y,4,91,CA,CG,9.038955
tcr_26_1,C,A,D,F,4,123,CA,CE2,7.5086017
tcr_26_1,C,A,D,Y,4,91,CA,CB,9.057058
tcr_26_1,C,A,D,F,4,46,CA,CZ,9.8168
tcr_26_1,C,A,D,Y,4,91,CA,O,8.639303
tcr_26_1,C,A,D,R,4,121,CA,NH1,6.752642
tcr_26_1,C,A,D,Q,4,94,CA,CD,6.5414686
tcr_26_1,C,A,D,Q,4,94,CA,OE1,5.4393387
tcr_26_1,C,A,D,A,4,95,CA,N,9.21108
tcr_26_1,C,A,D,Q,4,94,CA,CG,6.9636564
tcr_26_1,C,A,D,Q,4,94,CA,CA,6.8904586
tcr_26_1,C,A,D,Q,4,94,CA,CB,6.4210896
tcr_26_1,C,A,D,R,4,121,CA,NE,8.546114
tcr_26_1,C,A,D,R,4,121,CA,CZ,7.540838
tcr_26_1,C,A,D,F,4,123,CA,CD2,8.434374
tcr_26_1,C,A,D,F,4,123,CA,CG,8.918146
tcr_26_1,C,A,D,F,4,123,CA,CD1,8.540569
tcr_26_1,C,A,D,F,4,123,CA,CE1,7.6259027
tcr_26_1,C,A,D,R,4,121,CA,CD,9.151552
tcr_26_1,C,A,D,Y,4,31,CA,CG,9.910337
tcr_26_1,C,A,D,R,4,93,CA,O,7.8174367
tcr_26_1,C,A,D,A,4,97,CA,CB,8.678698
tcr_26_1,C,A,D,Q,4,94,CA,C,8.416378
tcr_26_1,C,A,D,Q,4,94,CA,O,8.996522
tcr_26_1,C,A,D,Q,4,94,CA,NE2,7.60674
tcr_26_1,C,A,D,R,4,180,C,N,9.365884
tcr_26_1,C,A,D,Q,4,179,C,C,9.149503
tcr_26_1,C,A,D,Q,4,179,C,CA,9.594005
tcr_26_1,C,A,D,Q,4,179,C,CB,8.573602
tcr_26_1,C,A,D,Q,4,179,C,CG,8.927715
tcr_26_1,C,A,D,Y,4,183,C,CD2,7.523011
tcr_26_1,C,A,D,Q,4,179,C,CD,7.914169
tcr_26_1,C,A,D,Q,4,179,C,NE2,7.797751
tcr_26_1,C,A,D,Q,4,179,C,OE1,7.4046884
tcr_26_1,C,A,D,Y,4,183,C,CB,8.061599
tcr_26_1,C,A,D,Q,4,179,C,O,8.8599415
tcr_26_1,C,A,D,Y,4,183,C,CE2,7.729026
tcr_26_1,C,A,D,Y,4,183,C,CA,9.470699
tcr_26_1,C,A,D,Y,4,183,C,CD1,8.244574
tcr_26_1,C,A,D,R,4,180,C,CZ,6.052306
tcr_26_1,C,A,D,Y,4,183,C,CG,7.7877474
tcr_26_1,C,A,D,Y,4,183,C,CZ,8.189426
tcr_26_1,C,A,D,R,4,180,C,NE,7.259747
tcr_26_1,C,A,D,Y,4,183,C,OH,8.71683
tcr_26_1,C,A,D,Y,4,183,C,CE1,8.437044
tcr_26_1,C,A,D,R,4,180,C,NH1,5.109964
tcr_26_1,C,A,D,R,4,180,C,NH2,5.9784713
tcr_26_1,C,A,D,F,4,123,C,CB,9.738837
tcr_26_1,C,A,D,R,4,121,C,NH2,6.485916
tcr_26_1,C,A,D,N,4,138,C,CG,9.763804
tcr_26_1,C,A,D,R,4,180,C,CD,7.795179
tcr_26_1,C,A,D,N,4,138,C,OD1,9.264956
tcr_26_1,C,A,D,N,4,138,C,ND2,9.575465
tcr_26_1,C,A,D,R,4,180,C,CB,9.886668
tcr_26_1,C,A,D,R,4,180,C,CA,9.356386
tcr_26_1,C,A,D,R,4,180,C,CG,9.150552
tcr_26_1,C,A,D,E,4,176,C,CG,9.5221
tcr_26_1,C,A,D,E,4,176,C,OE2,9.505573
tcr_26_1,C,A,D,E,4,176,C,CD,9.115854
tcr_26_1,C,A,D,E,4,176,C,OE1,8.517669
tcr_26_1,C,A,D,F,4,140,C,CZ,9.449419
tcr_26_1,C,A,D,E,4,87,C,OE1,9.680228
tcr_26_1,C,A,D,K,4,90,C,NZ,7.775
tcr_26_1,C,A,D,E,4,87,C,OE2,9.575389
tcr_26_1,C,A,D,Q,4,89,C,C,8.465826
tcr_26_1,C,A,D,R,4,86,C,O,9.3540945
tcr_26_1,C,A,D,Q,4,89,C,CA,9.913132
tcr_26_1,C,A,D,K,4,90,C,CD,6.3414683
tcr_26_1,C,A,D,K,4,90,C,N,7.7358165
tcr_26_1,C,A,D,K,4,90,C,CA,6.408801
tcr_26_1,C,A,D,K,4,90,C,CB,6.056694
tcr_26_1,C,A,D,K,4,90,C,CE,6.989649
tcr_26_1,C,A,D,E,4,87,C,O,9.380498
tcr_26_1,C,A,D,K,4,90,C,CG,6.021855
tcr_26_1,C,A,D,Y,4,91,C,N,7.823724
tcr_26_1,C,A,D,R,4,93,C,NH2,6.9729714
tcr_26_1,C,A,D,R,4,93,C,NH1,8.485295
tcr_26_1,C,A,D,R,4,93,C,CZ,7.2303767
tcr_26_1,C,A,D,R,4,93,C,NE,6.423375
tcr_26_1,C,A,D,R,4,93,C,CD,6.998777
tcr_26_1,C,A,D,Q,4,89,C,O,8.190961
tcr_26_1,C,A,D,R,4,93,C,CG,7.4809494
tcr_26_1,C,A,D,R,4,93,C,CB,6.516002
tcr_26_1,C,A,D,R,4,93,C,N,8.235048
tcr_26_1,C,A,D,R,4,93,C,CA,7.495206
tcr_26_1,C,A,D,K,4,92,C,C,9.340728
tcr_26_1,C,A,D,Y,4,91,C,CA,8.514387
tcr_26_1,C,A,D,K,4,92,C,O,9.843632
tcr_26_1,C,A,D,K,4,90,C,O,6.093895
tcr_26_1,C,A,D,R,4,93,C,C,7.034558
tcr_26_1,C,A,D,K,4,92,C,N,9.510077
tcr_26_1,C,A,D,K,4,90,C,C,6.6695814
tcr_26_1,C,A,D,Q,4,94,C,N,6.5984554
tcr_26_1,C,A,D,Y,4,91,C,C,8.953721
tcr_26_1,C,A,D,Y,4,91,C,CD1,9.658482
tcr_26_1,C,A,D,F,4,123,C,CZ,7.2333646
tcr_26_1,C,A,D,Y,4,91,C,CG,9.915269
tcr_26_1,C,A,D,F,4,123,C,CE2,7.6766186
tcr_26_1,C,A,D,Y,4,91,C,CB,9.850987
tcr_26_1,C,A,D,F,4,46,C,CZ,9.879403
tcr_26_1,C,A,D,Y,4,91,C,O,8.979865
tcr_26_1,C,A,D,R,4,121,C,NH1,5.772028
tcr_26_1,C,A,D,Q,4,94,C,CD,5.932446
tcr_26_1,C,A,D,Q,4,94,C,OE1,4.746713
tcr_26_1,C,A,D,A,4,95,C,N,9.064008
tcr_26_1,C,A,D,Q,4,94,C,CG,6.665916
tcr_26_1,C,A,D,Q,4,94,C,CA,6.628958
tcr_26_1,C,A,D,Q,4,94,C,CB,6.321613
tcr_26_1,C,A,D,R,4,121,C,NE,7.688534
tcr_26_1,C,A,D,R,4,121,C,CZ,6.562892
tcr_26_1,C,A,D,F,4,123,C,CD2,8.399186
tcr_26_1,C,A,D,F,4,123,C,CG,8.698344
tcr_26_1,C,A,D,F,4,123,C,CD1,8.30321
tcr_26_1,C,A,D,F,4,123,C,CE1,7.568767
tcr_26_1,C,A,D,R,4,121,C,CG,9.845916
tcr_26_1,C,A,D,R,4,121,C,CD,8.395874
tcr_26_1,C,A,D,R,4,93,C,O,7.444387
tcr_26_1,C,A,D,A,4,97,C,N,9.424354
tcr_26_1,C,A,D,A,4,97,C,CA,9.1988945
tcr_26_1,C,A,D,A,4,97,C,CB,7.731474
tcr_26_1,C,A,D,Q,4,94,C,C,8.099097
tcr_26_1,C,A,D,Q,4,94,C,O,8.4858265
tcr_26_1,C,A,D,F,4,140,C,CE1,9.929142
tcr_26_1,C,A,D,D,4,98,C,OD1,9.645758
tcr_26_1,C,A,D,Q,4,94,C,NE2,6.8219895
tcr_26_1,C,A,D,R,4,180,O,N,8.988282
tcr_26_1,C,A,D,Q,4,179,O,C,8.7109995
tcr_26_1,C,A,D,Q,4,179,O,CA,8.977636
tcr_26_1,C,A,D,Q,4,179,O,CB,7.841655
tcr_26_1,C,A,D,Q,4,179,O,CG,8.052629
tcr_26_1,C,A,D,E,4,176,O,O,9.695117
tcr_26_1,C,A,D,Y,4,183,O,CD2,7.9847503
tcr_26_1,C,A,D,Q,4,179,O,CD,6.930611
tcr_26_1,C,A,D,Q,4,179,O,NE2,6.767628
tcr_26_1,C,A,D,Q,4,179,O,OE1,6.3982577
tcr_26_1,C,A,D,Y,4,183,O,CB,8.214862
tcr_26_1,C,A,D,Q,4,179,O,O,8.522629
tcr_26_1,C,A,D,Y,4,183,O,CE2,8.378755
tcr_26_1,C,A,D,Y,4,183,O,CA,9.574301
tcr_26_1,C,A,D,Y,4,183,O,N,9.957398
tcr_26_1,C,A,D,Y,4,183,O,CD1,8.729205
tcr_26_1,C,A,D,R,4,180,O,CZ,5.88643
tcr_26_1,C,A,D,Y,4,183,O,CG,8.164776
tcr_26_1,C,A,D,Y,4,183,O,CZ,8.928218
tcr_26_1,C,A,D,R,4,180,O,NE,7.0748706
tcr_26_1,C,A,D,Y,4,183,O,OH,9.584086
tcr_26_1,C,A,D,Y,4,183,O,CE1,9.094782
tcr_26_1,C,A,D,R,4,180,O,NH1,5.106072
tcr_26_1,C,A,D,R,4,180,O,NH2,5.69488
tcr_26_1,C,A,D,R,4,121,O,NH2,6.818431
tcr_26_1,C,A,D,R,4,180,O,CD,7.688601
tcr_26_1,C,A,D,N,4,138,O,OD1,9.64652
tcr_26_1,C,A,D,N,4,138,O,ND2,9.692575
tcr_26_1,C,A,D,R,4,180,O,CB,9.727868
tcr_26_1,C,A,D,R,4,180,O,CA,9.164979
tcr_26_1,C,A,D,R,4,180,O,CG,8.937437
tcr_26_1,C,A,D,E,4,176,O,CG,8.891932
tcr_26_1,C,A,D,E,4,176,O,OE2,8.831552
tcr_26_1,C,A,D,E,4,176,O,CD,8.528917
tcr_26_1,C,A,D,E,4,176,O,OE1,8.076577
tcr_26_1,C,A,D,F,4,140,O,CZ,9.671149
tcr_26_1,C,A,D,K,4,90,O,NZ,8.536006
tcr_26_1,C,A,D,Q,4,89,O,C,9.077903
tcr_26_1,C,A,D,K,4,90,O,CD,7.1947594
tcr_26_1,C,A,D,K,4,90,O,N,8.452641
tcr_26_1,C,A,D,K,4,90,O,CA,7.2056174
tcr_26_1,C,A,D,K,4,90,O,CB,6.9679193
tcr_26_1,C,A,D,K,4,90,O,CE,7.687649
tcr_26_1,C,A,D,K,4,90,O,CG,6.7932343
tcr_26_1,C,A,D,Y,4,91,O,N,8.770032
tcr_26_1,C,A,D,R,4,93,O,NH2,7.110593
tcr_26_1,C,A,D,R,4,93,O,NH1,8.461806
tcr_26_1,C,A,D,R,4,93,O,CZ,7.277068
tcr_26_1,C,A,D,R,4,93,O,NE,6.456874
tcr_26_1,C,A,D,R,4,93,O,CD,6.919354
tcr_26_1,C,A,D,Q,4,89,O,O,8.734751
tcr_26_1,C,A,D,R,4,93,O,CG,7.573909
tcr_26_1,C,A,D,R,4,93,O,CB,6.7448583
tcr_26_1,C,A,D,R,4,93,O,N,8.712037
tcr_26_1,C,A,D,R,4,93,O,CA,7.818902
tcr_26_1,C,A,D,K,4,92,O,C,9.865555
tcr_26_1,C,A,D,Y,4,91,O,CA,9.484872
tcr_26_1,C,A,D,K,4,90,O,O,6.9343925
tcr_26_1,C,A,D,R,4,93,O,C,7.412747
tcr_26_1,C,A,D,K,4,90,O,C,7.552009
tcr_26_1,C,A,D,Q,4,94,O,N,7.174157
tcr_26_1,C,A,D,Y,4,91,O,C,9.803401
tcr_26_1,C,A,D,F,4,123,O,CZ,8.296842
tcr_26_1,C,A,D,F,4,123,O,CE2,8.65348
tcr_26_1,C,A,D,Y,4,91,O,O,9.801217
tcr_26_1,C,A,D,R,4,121,O,NH1,6.321355
tcr_26_1,C,A,D,Q,4,94,O,CD,6.655254
tcr_26_1,C,A,D,Q,4,94,O,OE1,5.4760504
tcr_26_1,C,A,D,A,4,95,O,N,9.696197
tcr_26_1,C,A,D,Q,4,94,O,CG,7.5187955
tcr_26_1,C,A,D,Q,4,94,O,CA,7.258456
tcr_26_1,C,A,D,Q,4,94,O,CB,7.164216
tcr_26_1,C,A,D,R,4,121,O,NE,8.273858
tcr_26_1,C,A,D,R,4,121,O,CZ,7.064834
tcr_26_1,C,A,D,F,4,123,O,CD2,9.2717285
tcr_26_1,C,A,D,F,4,123,O,CG,9.545681
tcr_26_1,C,A,D,F,4,123,O,CD1,9.2176
tcr_26_1,C,A,D,F,4,123,O,CE1,8.592543
tcr_26_1,C,A,D,R,4,121,O,CD,9.074498
tcr_26_1,C,A,D,R,4,93,O,O,7.68625
tcr_26_1,C,A,D,A,4,97,O,N,9.531783
tcr_26_1,C,A,D,A,4,97,O,CA,9.209082
tcr_26_1,C,A,D,A,4,97,O,CB,7.7344913
tcr_26_1,C,A,D,Q,4,94,O,C,8.684437
tcr_26_1,C,A,D,Q,4,94,O,O,8.981239
tcr_26_1,C,A,D,Q,4,94,O,NE2,7.4035206
tcr_26_1,C,A,D,T,4,187,CB,OG1,9.604592
tcr_26_1,C,A,D,R,4,86,CB,NH1,9.444537
tcr_26_1,C,A,D,T,4,187,CB,CG2,9.224297
tcr_26_1,C,A,D,T,4,187,CB,CB,9.793149
tcr_26_1,C,A,D,Q,4,179,CB,CB,9.752422
tcr_26_1,C,A,D,Q,4,179,CB,CG,9.847599
tcr_26_1,C,A,D,Y,4,183,CB,CD2,7.688322
tcr_26_1,C,A,D,R,4,86,CB,NE,7.780137
tcr_26_1,C,A,D,Q,4,179,CB,CD,8.819986
tcr_26_1,C,A,D,Q,4,179,CB,NE2,8.338244
tcr_26_1,C,A,D,Q,4,179,CB,OE1,8.597259
tcr_26_1,C,A,D,R,4,86,CB,NH2,8.3226
tcr_26_1,C,A,D,R,4,86,CB,CZ,8.433211
tcr_26_1,C,A,D,Y,4,183,CB,CB,8.685828
tcr_26_1,C,A,D,Q,4,179,CB,O,9.857302
tcr_26_1,C,A,D,Y,4,183,CB,CE2,7.8057337
tcr_26_1,C,A,D,Y,4,183,CB,CA,9.892591
tcr_26_1,C,A,D,Y,4,183,CB,CD1,9.079555
tcr_26_1,C,A,D,R,4,180,CB,CZ,8.408056
tcr_26_1,C,A,D,Y,4,183,CB,CG,8.354452
tcr_26_1,C,A,D,Y,4,183,CB,CZ,8.579708
tcr_26_1,C,A,D,R,4,180,CB,NE,9.535492
tcr_26_1,C,A,D,Y,4,183,CB,OH,9.014211
tcr_26_1,C,A,D,Y,4,183,CB,CE1,9.185386
tcr_26_1,C,A,D,R,4,180,CB,NH1,7.396415
tcr_26_1,C,A,D,R,4,180,CB,NH2,8.425086
tcr_26_1,C,A,D,R,4,121,CB,NH2,8.972964
tcr_26_1,C,A,D,R,4,180,CB,CD,9.88201
tcr_26_1,C,A,D,R,4,86,CB,CD,8.376967
tcr_26_1,C,A,D,R,4,86,CB,CA,9.1373005
tcr_26_1,C,A,D,R,4,86,CB,CG,7.9302964
tcr_26_1,C,A,D,R,4,86,CB,CB,9.171986
tcr_26_1,C,A,D,E,4,87,CB,N,8.91284
tcr_26_1,C,A,D,E,4,87,CB,CB,9.692334
tcr_26_1,C,A,D,E,4,87,CB,CA,8.598258
tcr_26_1,C,A,D,E,4,87,CB,OE1,8.019175
tcr_26_1,C,A,D,K,4,90,CB,NZ,5.9749174
tcr_26_1,C,A,D,E,4,87,CB,CD,8.604185
tcr_26_1,C,A,D,E,4,87,CB,OE2,8.408453
tcr_26_1,C,A,D,E,4,87,CB,CG,9.789364
tcr_26_1,C,A,D,Q,4,89,CB,CG,9.694957
tcr_26_1,C,A,D,T,4,88,CB,C,9.489854
tcr_26_1,C,A,D,R,4,86,CB,C,8.309128
tcr_26_1,C,A,D,Q,4,89,CB,C,6.9760437
tcr_26_1,C,A,D,Q,4,89,CB,N,8.93113
tcr_26_1,C,A,D,Q,4,89,CB,CB,8.227461
tcr_26_1,C,A,D,R,4,86,CB,O,7.301733
tcr_26_1,C,A,D,Q,4,89,CB,CA,8.2588005
tcr_26_1,C,A,D,T,4,88,CB,O,9.511351
tcr_26_1,C,A,D,T,4,88,CB,N,9.848237
tcr_26_1,C,A,D,K,4,90,CB,CD,4.5604253
tcr_26_1,C,A,D,K,4,90,CB,N,6.191048
tcr_26_1,C,A,D,K,4,90,CB,CA,5.131627
tcr_26_1,C,A,D,E,4,87,CB,C,8.785967
tcr_26_1,C,A,D,K,4,90,CB,CB,4.678857
tcr_26_1,C,A,D,K,4,90,CB,CE,4.930493
tcr_26_1,C,A,D,E,4,87,CB,O,8.088641
tcr_26_1,C,A,D,K,4,90,CB,CG,4.105621
tcr_26_1,C,A,D,Y,4,91,CB,N,7.1484327
tcr_26_1,C,A,D,R,4,93,CB,NH2,4.759275
tcr_26_1,C,A,D,R,4,93,CB,NH1,6.576828
tcr_26_1,C,A,D,R,4,93,CB,CZ,5.3179717
tcr_26_1,C,A,D,R,4,93,CB,NE,4.8887877
tcr_26_1,C,A,D,R,4,93,CB,CD,5.899269
tcr_26_1,C,A,D,Q,4,89,CB,O,6.951867
tcr_26_1,C,A,D,R,4,93,CB,CG,6.649949
tcr_26_1,C,A,D,R,4,93,CB,CB,6.0982933
tcr_26_1,C,A,D,R,4,93,CB,N,7.8709793
tcr_26_1,C,A,D,K,4,92,CB,CA,9.751002
tcr_26_1,C,A,D,R,4,93,CB,CA,7.3672147
tcr_26_1,C,A,D,K,4,92,CB,C,9.101089
tcr_26_1,C,A,D,Y,4,91,CB,CA,8.210468
tcr_26_1,C,A,D,K,4,92,CB,O,9.856029
tcr_26_1,C,A,D,K,4,90,CB,O,5.7795634
tcr_26_1,C,A,D,R,4,93,CB,C,7.4228435
tcr_26_1,C,A,D,K,4,92,CB,N,9.013858
tcr_26_1,C,A,D,K,4,90,CB,C,5.9537954
tcr_26_1,C,A,D,Q,4,94,CB,N,7.1018386
tcr_26_1,C,A,D,Y,4,91,CB,C,8.739114
tcr_26_1,C,A,D,Y,4,91,CB,CD2,9.888335
tcr_26_1,C,A,D,Y,4,91,CB,CD1,9.628698
tcr_26_1,C,A,D,F,4,123,CB,CZ,8.45697
tcr_26_1,C,A,D,Y,4,91,CB,CG,9.555058
tcr_26_1,C,A,D,F,4,123,CB,CE2,8.845384
tcr_26_1,C,A,D,Y,4,91,CB,CB,9.464364
tcr_26_1,C,A,D,Y,4,91,CB,O,9.098413
tcr_26_1,C,A,D,R,4,121,CB,NH1,8.176715
tcr_26_1,C,A,D,Q,4,94,CB,CD,7.7388515
tcr_26_1,C,A,D,Q,4,94,CB,OE1,6.6820107
tcr_26_1,C,A,D,A,4,95,CB,N,9.834388
tcr_26_1,C,A,D,Q,4,94,CB,CG,8.08159
tcr_26_1,C,A,D,Q,4,94,CB,CA,7.606705
tcr_26_1,C,A,D,Q,4,94,CB,CB,7.324705
tcr_26_1,C,A,D,R,4,121,CB,CZ,8.991853
tcr_26_1,C,A,D,F,4,123,CB,CD2,9.807925
tcr_26_1,C,A,D,F,4,123,CB,CE1,9.091818
tcr_26_1,C,A,D,R,4,93,CB,O,8.099496
tcr_26_1,C,A,D,A,4,97,CB,CB,9.273476
tcr_26_1,C,A,D,Q,4,94,CB,C,9.133875
tcr_26_1,C,A,D,Q,4,94,CB,O,9.783398
tcr_26_1,C,A,D,Q,4,94,CB,NE2,8.801342
tcr_26_1,C,A,D,R,4,86,CG,NH1,9.826973
tcr_26_1,C,A,D,Y,4,183,CG,CD2,9.183508
tcr_26_1,C,A,D,R,4,86,CG,NE,7.933041
tcr_26_1,C,A,D,Q,4,179,CG,CD,9.712216
tcr_26_1,C,A,D,Q,4,179,CG,NE2,9.172594
tcr_26_1,C,A,D,Q,4,179,CG,OE1,9.410847
tcr_26_1,C,A,D,R,4,86,CG,NH2,8.583875
tcr_26_1,C,A,D,R,4,86,CG,CZ,8.710308
tcr_26_1,C,A,D,Y,4,183,CG,CE2,9.230285
tcr_26_1,C,A,D,R,4,180,CG,CZ,9.323812
tcr_26_1,C,A,D,Y,4,183,CG,CG,9.858087
tcr_26_1,C,A,D,Y,4,183,CG,CZ,9.955678
tcr_26_1,C,A,D,R,4,180,CG,NH1,8.4065275
tcr_26_1,C,A,D,R,4,180,CG,NH2,9.157922
tcr_26_1,C,A,D,R,4,121,CG,NH2,9.696309
tcr_26_1,C,A,D,R,4,86,CG,CD,8.46946
tcr_26_1,C,A,D,R,4,86,CG,CA,8.702572
tcr_26_1,C,A,D,R,4,86,CG,CG,7.790784
tcr_26_1,C,A,D,R,4,86,CG,CB,8.949226
tcr_26_1,C,A,D,E,4,87,CG,N,8.6395235
tcr_26_1,C,A,D,E,4,87,CG,CB,9.62089
tcr_26_1,C,A,D,E,4,87,CG,CA,8.37801
tcr_26_1,C,A,D,E,4,87,CG,OE1,8.40442
tcr_26_1,C,A,D,K,4,90,CG,NZ,6.611017
tcr_26_1,C,A,D,E,4,87,CG,CD,8.924765
tcr_26_1,C,A,D,E,4,87,CG,OE2,8.810824
tcr_26_1,C,A,D,E,4,87,CG,CG,9.937095
tcr_26_1,C,A,D,D,4,85,CG,O,9.743418
tcr_26_1,C,A,D,Q,4,89,CG,CG,8.559741
tcr_26_1,C,A,D,T,4,88,CG,C,8.587497
tcr_26_1,C,A,D,R,4,86,CG,C,7.905352
tcr_26_1,C,A,D,Q,4,89,CG,C,5.8413186
tcr_26_1,C,A,D,Q,4,89,CG,N,7.9816246
tcr_26_1,C,A,D,Q,4,89,CG,CB,7.1071
tcr_26_1,C,A,D,R,4,86,CG,O,6.787242
tcr_26_1,C,A,D,Q,4,89,CG,CA,7.138953
tcr_26_1,C,A,D,T,4,88,CG,CA,9.617226
tcr_26_1,C,A,D,T,4,88,CG,O,8.533715
tcr_26_1,C,A,D,T,4,88,CG,N,9.279581
tcr_26_1,C,A,D,K,4,90,CG,CD,4.8199677
tcr_26_1,C,A,D,K,4,90,CG,N,5.266244
tcr_26_1,C,A,D,K,4,90,CG,CA,4.3041244
tcr_26_1,C,A,D,E,4,87,CG,C,8.344721
tcr_26_1,C,A,D,K,4,90,CG,CB,4.2982483
tcr_26_1,C,A,D,K,4,90,CG,CE,5.3533707
tcr_26_1,C,A,D,E,4,87,CG,O,7.603484
tcr_26_1,C,A,D,K,4,90,CG,CG,3.8893445
tcr_26_1,C,A,D,Y,4,91,CG,N,6.4379144
tcr_26_1,C,A,D,R,4,93,CG,NH2,3.6501193
tcr_26_1,C,A,D,Q,4,89,CG,CD,9.180227
tcr_26_1,C,A,D,R,4,93,CG,NH1,5.2545757
tcr_26_1,C,A,D,Q,4,89,CG,OE1,8.681295
tcr_26_1,C,A,D,R,4,93,CG,CZ,3.976578
tcr_26_1,C,A,D,R,4,93,CG,NE,3.4009235
tcr_26_1,C,A,D,R,4,93,CG,CD,4.3941307
tcr_26_1,C,A,D,Q,4,89,CG,O,5.6767263
tcr_26_1,C,A,D,K,4,92,CG,CB,9.042553
tcr_26_1,C,A,D,R,4,93,CG,CG,5.1410203
tcr_26_1,C,A,D,R,4,93,CG,CB,4.6970344
tcr_26_1,C,A,D,R,4,93,CG,N,6.5743737
tcr_26_1,C,A,D,K,4,92,CG,CA,8.559039
tcr_26_1,C,A,D,R,4,93,CG,CA,6.050565
tcr_26_1,C,A,D,K,4,92,CG,C,7.850041
tcr_26_1,C,A,D,Y,4,91,CG,CA,7.5155125
tcr_26_1,C,A,D,K,4,92,CG,O,8.617501
tcr_26_1,C,A,D,K,4,90,CG,O,4.9313974
tcr_26_1,C,A,D,R,4,93,CG,C,6.300481
tcr_26_1,C,A,D,K,4,92,CG,N,7.956439
tcr_26_1,C,A,D,K,4,90,CG,C,5.15714
tcr_26_1,C,A,D,Q,4,94,CG,N,6.149267
tcr_26_1,C,A,D,Y,4,91,CG,C,7.838509
tcr_26_1,C,A,D,Y,4,91,CG,CE1,9.961512
tcr_26_1,C,A,D,Y,4,91,CG,CD2,9.556327
tcr_26_1,C,A,D,Y,4,91,CG,CD1,9.389218
tcr_26_1,C,A,D,F,4,123,CG,CZ,9.344041
tcr_26_1,C,A,D,Y,4,91,CG,CG,9.16102
tcr_26_1,C,A,D,F,4,123,CG,CE2,9.902045
tcr_26_1,C,A,D,Y,4,91,CG,CB,8.843849
tcr_26_1,C,A,D,Y,4,91,CG,O,8.220019
tcr_26_1,C,A,D,R,4,121,CG,NH1,8.627352
tcr_26_1,C,A,D,Q,4,94,CG,CD,7.603398
tcr_26_1,C,A,D,Q,4,94,CG,OE1,6.673913
tcr_26_1,C,A,D,A,4,95,CG,N,8.974538
tcr_26_1,C,A,D,Q,4,94,CG,CG,7.817449
tcr_26_1,C,A,D,Q,4,94,CG,CA,6.8861966
tcr_26_1,C,A,D,Q,4,94,CG,CB,6.8332305
tcr_26_1,C,A,D,R,4,121,CG,CZ,9.595747
tcr_26_1,C,A,D,F,4,123,CG,CE1,9.865548
tcr_26_1,C,A,D,Q,4,96,CG,OE1,9.581106
tcr_26_1,C,A,D,R,4,93,CG,O,7.0181174
tcr_26_1,C,A,D,A,4,97,CG,N,9.59636
tcr_26_1,C,A,D,A,4,97,CG,CA,9.808124
tcr_26_1,C,A,D,A,4,97,CG,CB,8.584792
tcr_26_1,C,A,D,Q,4,94,CG,C,8.37169
tcr_26_1,C,A,D,Q,4,94,CG,O,9.087999
tcr_26_1,C,A,D,Q,4,94,CG,NE2,8.663645
tcr_26_1,C,A,D,Y,4,183,OD1,CD2,9.770851
tcr_26_1,C,A,D,R,4,86,OD1,NE,8.832933
tcr_26_1,C,A,D,Q,4,179,OD1,NE2,9.913999
tcr_26_1,C,A,D,Q,4,179,OD1,OE1,9.918533
tcr_26_1,C,A,D,R,4,86,OD1,NH2,9.654866
tcr_26_1,C,A,D,R,4,86,OD1,CZ,9.701878
tcr_26_1,C,A,D,Y,4,183,OD1,CE2,9.720777
tcr_26_1,C,A,D,R,4,180,OD1,CZ,9.271811
tcr_26_1,C,A,D,R,4,180,OD1,NH1,8.396858
tcr_26_1,C,A,D,R,4,180,OD1,NH2,9.008433
tcr_26_1,C,A,D,R,4,121,OD1,NH2,9.296825
tcr_26_1,C,A,D,R,4,86,OD1,CD,9.226516
tcr_26_1,C,A,D,R,4,86,OD1,CA,8.99674
tcr_26_1,C,A,D,R,4,86,OD1,CG,8.403972
tcr_26_1,C,A,D,R,4,86,OD1,CB,9.423145
tcr_26_1,C,A,D,E,4,87,OD1,N,8.7396145
tcr_26_1,C,A,D,E,4,87,OD1,CB,9.5601425
tcr_26_1,C,A,D,E,4,87,OD1,CA,8.328491
tcr_26_1,C,A,D,E,4,87,OD1,OE1,8.730778
tcr_26_1,C,A,D,K,4,90,OD1,NZ,7.184885
tcr_26_1,C,A,D,E,4,87,OD1,CD,9.089903
tcr_26_1,C,A,D,E,4,87,OD1,OE2,8.88023
tcr_26_1,C,A,D,D,4,85,OD1,O,9.730715
tcr_26_1,C,A,D,Q,4,89,OD1,CG,8.458771
tcr_26_1,C,A,D,T,4,88,OD1,C,8.102215
tcr_26_1,C,A,D,R,4,86,OD1,C,8.07197
tcr_26_1,C,A,D,Q,4,89,OD1,C,5.3560505
tcr_26_1,C,A,D,Q,4,89,OD1,N,7.6396475
tcr_26_1,C,A,D,Q,4,89,OD1,CB,6.9808846
tcr_26_1,C,A,D,R,4,86,OD1,O,6.899388
tcr_26_1,C,A,D,Q,4,89,OD1,CA,6.7743983
tcr_26_1,C,A,D,T,4,88,OD1,CA,9.186555
tcr_26_1,C,A,D,T,4,88,OD1,O,7.8874316
tcr_26_1,C,A,D,T,4,88,OD1,N,9.002041
tcr_26_1,C,A,D,K,4,90,OD1,CD,5.1283937
tcr_26_1,C,A,D,K,4,90,OD1,N,4.866258
tcr_26_1,C,A,D,K,4,90,OD1,CA,3.7527602
tcr_26_1,C,A,D,E,4,87,OD1,C,8.092008
tcr_26_1,C,A,D,K,4,90,OD1,CB,4.020208
tcr_26_1,C,A,D,K,4,90,OD1,CE,5.9529967
tcr_26_1,C,A,D,E,4,87,OD1,O,7.215986
tcr_26_1,C,A,D,K,4,90,OD1,CG,4.06922
tcr_26_1,C,A,D,Y,4,91,OD1,N,5.625531
tcr_26_1,C,A,D,R,4,93,OD1,NH2,4.093183
tcr_26_1,C,A,D,Q,4,89,OD1,CD,8.948561
tcr_26_1,C,A,D,R,4,93,OD1,NH1,5.4290557
tcr_26_1,C,A,D,Q,4,89,OD1,OE1,8.344274
tcr_26_1,C,A,D,R,4,93,OD1,CZ,4.1587887
tcr_26_1,C,A,D,R,4,93,OD1,NE,3.2923932
tcr_26_1,C,A,D,R,4,93,OD1,CD,4.04092
tcr_26_1,C,A,D,Q,4,89,OD1,O,5.011409
tcr_26_1,C,A,D,K,4,92,OD1,CB,8.140714
tcr_26_1,C,A,D,R,4,93,OD1,CG,4.4559836
tcr_26_1,C,A,D,R,4,93,OD1,CB,3.7247283
tcr_26_1,C,A,D,R,4,93,OD1,N,5.515186
tcr_26_1,C,A,D,K,4,92,OD1,CA,7.532895
tcr_26_1,C,A,D,R,4,93,OD1,CA,4.9648304
tcr_26_1,C,A,D,K,4,92,OD1,C,6.763587
tcr_26_1,C,A,D,Y,4,91,OD1,CA,6.5689597
tcr_26_1,C,A,D,K,4,92,OD1,O,7.485612
tcr_26_1,C,A,D,K,4,90,OD1,O,3.878377
tcr_26_1,C,A,D,R,4,93,OD1,C,5.108371
tcr_26_1,C,A,D,K,4,92,OD1,N,6.9656515
tcr_26_1,C,A,D,K,4,90,OD1,C,4.306917
tcr_26_1,C,A,D,Q,4,94,OD1,N,4.911457
tcr_26_1,C,A,D,Y,4,91,OD1,C,6.784984
tcr_26_1,C,A,D,Y,4,91,OD1,CE1,9.274938
tcr_26_1,C,A,D,Y,4,91,OD1,CD2,8.935795
tcr_26_1,C,A,D,Y,4,91,OD1,CE2,9.596518
tcr_26_1,C,A,D,Y,4,91,OD1,CZ,9.747894
tcr_26_1,C,A,D,Y,4,91,OD1,CD1,8.591828
tcr_26_1,C,A,D,F,4,123,OD1,CZ,9.0412245
tcr_26_1,C,A,D,Y,4,91,OD1,CG,8.394554
tcr_26_1,C,A,D,F,4,123,OD1,CE2,9.755149
tcr_26_1,C,A,D,Y,4,91,OD1,CB,7.9733877
tcr_26_1,C,A,D,F,4,46,OD1,CZ,9.364699
tcr_26_1,C,A,D,Y,4,91,OD1,O,7.0779347
tcr_26_1,C,A,D,R,4,121,OD1,NH1,7.9927917
tcr_26_1,C,A,D,Q,4,94,OD1,CD,6.5860343
tcr_26_1,C,A,D,Q,4,94,OD1,OE1,5.753114
tcr_26_1,C,A,D,A,4,95,OD1,N,7.7360506
tcr_26_1,C,A,D,F,4,46,OD1,CE2,9.995881
tcr_26_1,C,A,D,Q,4,94,OD1,CG,6.7237067
tcr_26_1,C,A,D,Q,4,94,OD1,CA,5.6617756
tcr_26_1,C,A,D,Q,4,94,OD1,CB,5.66854
tcr_26_1,C,A,D,R,4,121,OD1,CZ,9.060099
tcr_26_1,C,A,D,F,4,123,OD1,CE1,9.42435
tcr_26_1,C,A,D,Q,4,96,OD1,CB,9.029288
tcr_26_1,C,A,D,Q,4,96,OD1,CG,9.643124
tcr_26_1,C,A,D,Q,4,96,OD1,CD,9.374019
tcr_26_1,C,A,D,Q,4,96,OD1,OE1,8.707884
tcr_26_1,C,A,D,R,4,93,OD1,O,5.86252
tcr_26_1,C,A,D,Q,4,96,OD1,C,9.521391
tcr_26_1,C,A,D,Q,4,96,OD1,N,8.952312
tcr_26_1,C,A,D,Q,4,96,OD1,CA,9.5191345
tcr_26_1,C,A,D,A,4,97,OD1,N,8.4824095
tcr_26_1,C,A,D,A,4,95,OD1,C,9.566088
tcr_26_1,C,A,D,A,4,97,OD1,CA,8.75538
tcr_26_1,C,A,D,A,4,95,OD1,CA,9.156415
tcr_26_1,C,A,D,A,4,97,OD1,CB,7.570649
tcr_26_1,C,A,D,Q,4,94,OD1,C,7.139754
tcr_26_1,C,A,D,Q,4,94,OD1,O,7.8798194
tcr_26_1,C,A,D,A,4,97,OD1,C,9.911293
tcr_26_1,C,A,D,Q,4,94,OD1,NE2,7.6545134
tcr_26_1,C,A,D,D,4,98,OD1,N,9.981438
tcr_26_1,C,A,D,K,4,92,OD1,CG,9.410515
tcr_26_1,C,A,D,A,4,95,OD1,CB,9.735882
tcr_26_1,C,A,D,F,4,46,OD1,CE1,9.723615
tcr_26_1,C,A,D,R,4,86,OD2,NH1,9.219987
tcr_26_1,C,A,D,Y,4,183,OD2,CD2,9.871417
tcr_26_1,C,A,D,R,4,86,OD2,NE,7.2774696
tcr_26_1,C,A,D,Q,4,179,OD2,NE2,9.349452
tcr_26_1,C,A,D,Q,4,179,OD2,OE1,9.825965
tcr_26_1,C,A,D,R,4,86,OD2,NH2,7.8072147
tcr_26_1,C,A,D,R,4,86,OD2,CZ,8.031275
tcr_26_1,C,A,D,Y,4,183,OD2,CE2,9.960445
tcr_26_1,C,A,D,R,4,180,OD2,NH1,9.4522505
tcr_26_1,C,A,D,D,4,85,OD2,C,9.981262
tcr_26_1,C,A,D,R,4,86,OD2,CD,7.910915
tcr_26_1,C,A,D,R,4,86,OD2,CA,8.2147875
tcr_26_1,C,A,D,R,4,86,OD2,CG,7.2255416
tcr_26_1,C,A,D,R,4,86,OD2,CB,8.43339
tcr_26_1,C,A,D,E,4,87,OD2,N,8.499225
tcr_26_1,C,A,D,E,4,87,OD2,CB,9.782576
tcr_26_1,C,A,D,R,4,86,OD2,N,9.585568
tcr_26_1,C,A,D,E,4,87,OD2,CA,8.447111
tcr_26_1,C,A,D,E,4,87,OD2,OE1,8.5543785
tcr_26_1,C,A,D,K,4,90,OD2,NZ,6.7559924
tcr_26_1,C,A,D,E,4,87,OD2,CD,9.178088
tcr_26_1,C,A,D,E,4,87,OD2,OE2,9.228653
tcr_26_1,C,A,D,D,4,85,OD2,O,9.287836
tcr_26_1,C,A,D,Q,4,89,OD2,NE2,9.813596
tcr_26_1,C,A,D,Q,4,89,OD2,CG,7.9017434
tcr_26_1,C,A,D,T,4,88,OD2,C,8.531444
tcr_26_1,C,A,D,R,4,86,OD2,C,7.611398
tcr_26_1,C,A,D,Q,4,89,OD2,C,5.6911335
tcr_26_1,C,A,D,Q,4,89,OD2,N,7.7571177
tcr_26_1,C,A,D,Q,4,89,OD2,CB,6.53463
tcr_26_1,C,A,D,R,4,86,OD2,O,6.508668
tcr_26_1,C,A,D,Q,4,89,OD2,CA,6.8189273
tcr_26_1,C,A,D,T,4,88,OD2,CA,9.614368
tcr_26_1,C,A,D,T,4,88,OD2,O,8.577577
tcr_26_1,C,A,D,T,4,88,OD2,N,9.271096
tcr_26_1,C,A,D,K,4,90,OD2,CD,5.1009984
tcr_26_1,C,A,D,K,4,90,OD2,N,5.2575774
tcr_26_1,C,A,D,K,4,90,OD2,CA,4.608422
tcr_26_1,C,A,D,E,4,87,OD2,C,8.444057
tcr_26_1,C,A,D,K,4,90,OD2,CB,4.7276554
tcr_26_1,C,A,D,K,4,90,OD2,CE,5.3906293
tcr_26_1,C,A,D,E,4,87,OD2,O,7.8294187
tcr_26_1,C,A,D,K,4,90,OD2,CG,4.0571413
tcr_26_1,C,A,D,Y,4,91,OD2,N,6.9326434
tcr_26_1,C,A,D,R,4,93,OD2,NH2,2.6448143
tcr_26_1,C,A,D,Q,4,89,OD2,CD,8.533453
tcr_26_1,C,A,D,R,4,93,OD2,NH1,4.2478623
tcr_26_1,C,A,D,Q,4,89,OD2,OE1,8.083697
tcr_26_1,C,A,D,R,4,93,OD2,CZ,3.0292597
tcr_26_1,C,A,D,R,4,93,OD2,NE,2.739174
tcr_26_1,C,A,D,R,4,93,OD2,CD,3.9096656
tcr_26_1,C,A,D,Q,4,89,OD2,O,5.5871205
tcr_26_1,C,A,D,K,4,92,OD2,CB,9.080797
tcr_26_1,C,A,D,R,4,93,OD2,CG,4.922213
tcr_26_1,C,A,D,R,4,93,OD2,CB,4.8653874
tcr_26_1,C,A,D,R,4,93,OD2,N,6.815337
tcr_26_1,C,A,D,K,4,92,OD2,CA,8.802754
tcr_26_1,C,A,D,R,4,93,OD2,CA,6.332106
tcr_26_1,C,A,D,K,4,92,OD2,C,8.123919
tcr_26_1,C,A,D,Y,4,91,OD2,CA,8.109669
tcr_26_1,C,A,D,K,4,92,OD2,O,8.939845
tcr_26_1,C,A,D,K,4,90,OD2,O,5.595179
tcr_26_1,C,A,D,R,4,93,OD2,C,6.8416114
tcr_26_1,C,A,D,K,4,92,OD2,N,8.286051
tcr_26_1,C,A,D,K,4,90,OD2,C,5.6793575
tcr_26_1,C,A,D,Q,4,94,OD2,N,6.860426
tcr_26_1,C,A,D,Y,4,91,OD2,C,8.359129
tcr_26_1,C,A,D,Y,4,91,OD2,CG,9.782737
tcr_26_1,C,A,D,Y,4,91,OD2,CB,9.392358
tcr_26_1,C,A,D,Y,4,91,OD2,O,8.837464
tcr_26_1,C,A,D,R,4,121,OD2,NH1,9.847863
tcr_26_1,C,A,D,Q,4,94,OD2,CD,8.743839
tcr_26_1,C,A,D,Q,4,94,OD2,OE1,7.8529916
tcr_26_1,C,A,D,A,4,95,OD2,N,9.705879
tcr_26_1,C,A,D,Q,4,94,OD2,CG,8.906456
tcr_26_1,C,A,D,Q,4,94,OD2,CA,7.7609615
tcr_26_1,C,A,D,Q,4,94,OD2,CB,7.8245625
tcr_26_1,C,A,D,Q,4,96,OD2,OE1,9.517515
tcr_26_1,C,A,D,R,4,93,OD2,O,7.5622334
tcr_26_1,C,A,D,A,4,97,OD2,CB,9.326806
tcr_26_1,C,A,D,Q,4,94,OD2,C,9.194206
tcr_26_1,C,A,D,Q,4,94,OD2,O,9.943596
tcr_26_1,C,A,D,Q,4,94,OD2,NE2,9.78565
tcr_26_1,C,A,N,R,5,180,N,N,9.259944
tcr_26_1,C,A,N,Q,5,179,N,C,9.224795
tcr_26_1,C,A,N,Q,5,179,N,CA,9.8076935
tcr_26_1,C,A,N,Q,5,179,N,CB,8.831795
tcr_26_1,C,A,N,Q,5,179,N,CG,9.369062
tcr_26_1,C,A,N,Y,5,183,N,CD2,7.5977297
tcr_26_1,C,A,N,Q,5,179,N,CD,8.440636
tcr_26_1,C,A,N,Q,5,179,N,NE2,8.509636
tcr_26_1,C,A,N,Q,5,179,N,OE1,7.8207045
tcr_26_1,C,A,N,Y,5,183,N,CB,8.104523
tcr_26_1,C,A,N,Q,5,179,N,O,8.98794
tcr_26_1,C,A,N,Y,5,183,N,CE2,7.7037783
tcr_26_1,C,A,N,Y,5,183,N,CA,9.587655
tcr_26_1,C,A,N,Y,5,183,N,CD1,7.9579067
tcr_26_1,C,A,N,R,5,180,N,CZ,5.386282
tcr_26_1,C,A,N,Y,5,183,N,CG,7.724543
tcr_26_1,C,A,N,Y,5,183,N,CZ,7.9383206
tcr_26_1,C,A,N,R,5,180,N,NE,6.6216216
tcr_26_1,C,A,N,Y,5,183,N,OH,8.393076
tcr_26_1,C,A,N,Y,5,183,N,CE1,8.062284
tcr_26_1,C,A,N,R,5,180,N,NH1,4.43768
tcr_26_1,C,A,N,R,5,180,N,NH2,5.315609
tcr_26_1,C,A,N,F,5,123,N,CB,8.66812
tcr_26_1,C,A,N,R,5,121,N,NH2,5.3277774
tcr_26_1,C,A,N,N,5,138,N,CG,8.7450905
tcr_26_1,C,A,N,R,5,180,N,CD,7.2167277
tcr_26_1,C,A,N,N,5,138,N,OD1,8.153415
tcr_26_1,C,A,N,N,5,138,N,ND2,8.63655
tcr_26_1,C,A,N,R,5,180,N,CB,9.449452
tcr_26_1,C,A,N,R,5,180,N,CA,9.094303
tcr_26_1,C,A,N,N,5,138,N,CB,9.855604
tcr_26_1,C,A,N,R,5,180,N,CG,8.644127
tcr_26_1,C,A,N,E,5,176,N,CG,9.182392
tcr_26_1,C,A,N,E,5,176,N,OE2,9.117143
tcr_26_1,C,A,N,E,5,176,N,CD,8.665037
tcr_26_1,C,A,N,E,5,176,N,OE1,7.920562
tcr_26_1,C,A,N,F,5,140,N,CZ,8.277022
tcr_26_1,C,A,N,F,5,140,N,CE2,9.295886
tcr_26_1,C,A,N,K,5,90,N,NZ,8.33557
tcr_26_1,C,A,N,E,5,87,N,OE2,9.669058
tcr_26_1,C,A,N,Y,5,31,N,CD2,9.681619
tcr_26_1,C,A,N,Q,5,89,N,C,8.932663
tcr_26_1,C,A,N,R,5,86,N,O,9.958658
tcr_26_1,C,A,N,K,5,90,N,CD,6.8651342
tcr_26_1,C,A,N,K,5,90,N,N,8.183694
tcr_26_1,C,A,N,K,5,90,N,CA,6.769074
tcr_26_1,C,A,N,K,5,90,N,CB,6.40699
tcr_26_1,C,A,N,K,5,90,N,CE,7.678039
tcr_26_1,C,A,N,E,5,87,N,O,9.5487175
tcr_26_1,C,A,N,K,5,90,N,CG,6.632639
tcr_26_1,C,A,N,Y,5,91,N,N,7.797145
tcr_26_1,C,A,N,R,5,93,N,NH2,7.987543
tcr_26_1,C,A,N,R,5,93,N,NH1,9.461976
tcr_26_1,C,A,N,R,5,93,N,CZ,8.197755
tcr_26_1,C,A,N,R,5,93,N,NE,7.3080044
tcr_26_1,C,A,N,R,5,93,N,CD,7.779093
tcr_26_1,C,A,N,Q,5,89,N,O,8.614489
tcr_26_1,C,A,N,R,5,93,N,CG,8.0460825
tcr_26_1,C,A,N,R,5,93,N,CB,6.891352
tcr_26_1,C,A,N,R,5,93,N,N,8.35372
tcr_26_1,C,A,N,R,5,93,N,CA,7.6415267
tcr_26_1,C,A,N,K,5,92,N,C,9.338528
tcr_26_1,C,A,N,Y,5,91,N,CA,8.287984
tcr_26_1,C,A,N,K,5,92,N,O,9.753349
tcr_26_1,C,A,N,K,5,90,N,O,6.073072
tcr_26_1,C,A,N,R,5,93,N,C,6.940967
tcr_26_1,C,A,N,K,5,92,N,N,9.465704
tcr_26_1,C,A,N,K,5,90,N,C,6.752389
tcr_26_1,C,A,N,Q,5,94,N,N,6.3463736
tcr_26_1,C,A,N,Y,5,91,N,C,8.748632
tcr_26_1,C,A,N,Y,5,91,N,CE1,9.476889
tcr_26_1,C,A,N,Y,5,91,N,CD1,9.167158
tcr_26_1,C,A,N,F,5,123,N,CZ,6.305476
tcr_26_1,C,A,N,Y,5,91,N,CG,9.593958
tcr_26_1,C,A,N,F,5,123,N,CE2,6.8468175
tcr_26_1,C,A,N,Y,5,91,N,CB,9.592216
tcr_26_1,C,A,N,F,5,46,N,CZ,9.014668
tcr_26_1,C,A,N,Y,5,91,N,O,8.641881
tcr_26_1,C,A,N,R,5,121,N,NH1,4.4850135
tcr_26_1,C,A,N,Q,5,94,N,CD,4.886451
tcr_26_1,C,A,N,Q,5,94,N,OE1,3.6714709
tcr_26_1,C,A,N,A,5,95,N,N,8.53656
tcr_26_1,C,A,N,F,5,46,N,CE2,9.378912
tcr_26_1,C,A,N,Q,5,94,N,CG,5.7299304
tcr_26_1,C,A,N,Q,5,94,N,CA,6.0975895
tcr_26_1,C,A,N,Q,5,94,N,CB,5.643984
tcr_26_1,C,A,N,R,5,121,N,NE,6.3995037
tcr_26_1,C,A,N,R,5,121,N,CZ,5.2974176
tcr_26_1,C,A,N,F,5,123,N,CD2,7.4948564
tcr_26_1,C,A,N,F,5,123,N,CG,7.645544
tcr_26_1,C,A,N,R,5,121,N,CB,9.432694
tcr_26_1,C,A,N,F,5,123,N,CD1,7.1589108
tcr_26_1,C,A,N,F,5,123,N,CE1,6.4740705
tcr_26_1,C,A,N,R,5,121,N,CG,8.532824
tcr_26_1,C,A,N,R,5,121,N,CD,7.0803194
tcr_26_1,C,A,N,Y,5,31,N,CG,9.654376
tcr_26_1,C,A,N,Y,5,31,N,CB,9.602487
tcr_26_1,C,A,N,S,5,33,N,OG,9.192178
tcr_26_1,C,A,N,S,5,33,N,CB,9.738855
tcr_26_1,C,A,N,R,5,93,N,O,7.2911763
tcr_26_1,C,A,N,A,5,97,N,N,9.056938
tcr_26_1,C,A,N,A,5,97,N,CA,8.755415
tcr_26_1,C,A,N,A,5,95,N,CA,9.9131565
tcr_26_1,C,A,N,A,5,97,N,CB,7.271731
tcr_26_1,C,A,N,Q,5,94,N,C,7.5017986
tcr_26_1,C,A,N,Q,5,94,N,O,7.7994246
tcr_26_1,C,A,N,A,5,97,N,C,9.471582
tcr_26_1,C,A,N,D,5,98,N,OD2,9.533087
tcr_26_1,C,A,N,D,5,98,N,CG,9.311921
tcr_26_1,C,A,N,F,5,140,N,CE1,8.719445
tcr_26_1,C,A,N,D,5,98,N,OD1,8.61271
tcr_26_1,C,A,N,Q,5,94,N,NE2,5.741368
tcr_26_1,C,A,N,D,5,98,N,N,9.465851
tcr_26_1,C,A,N,N,5,101,N,ND2,9.227685
tcr_26_1,C,A,N,F,5,46,N,CE1,9.895392
tcr_26_1,C,A,N,R,5,180,CA,N,8.500279
tcr_26_1,C,A,N,Q,5,179,CA,C,8.633986
tcr_26_1,C,A,N,Q,5,179,CA,CA,9.224682
tcr_26_1,C,A,N,Q,5,179,CA,CB,8.216995
tcr_26_1,C,A,N,Q,5,179,CA,CG,8.868862
tcr_26_1,C,A,N,E,5,176,CA,O,9.129121
tcr_26_1,C,A,N,E,5,176,CA,C,9.884276
tcr_26_1,C,A,N,Y,5,183,CA,CD2,7.978452
tcr_26_1,C,A,N,Q,5,179,CA,CD,7.990139
tcr_26_1,C,A,N,Q,5,179,CA,NE2,8.265724
tcr_26_1,C,A,N,Q,5,179,CA,OE1,7.2313676
tcr_26_1,C,A,N,Y,5,183,CA,CB,8.092496
tcr_26_1,C,A,N,Q,5,179,CA,O,8.561844
tcr_26_1,C,A,N,Y,5,183,CA,CE2,8.202807
tcr_26_1,C,A,N,Y,5,183,CA,CA,9.602369
tcr_26_1,C,A,N,Y,5,183,CA,CD1,7.953231
tcr_26_1,C,A,N,R,5,180,CA,CZ,4.107009
tcr_26_1,C,A,N,Y,5,183,CA,CG,7.8476744
tcr_26_1,C,A,N,Y,5,183,CA,CZ,8.302526
tcr_26_1,C,A,N,R,5,180,CA,NE,5.379373
tcr_26_1,C,A,N,Y,5,183,CA,OH,8.848992
tcr_26_1,C,A,N,Y,5,183,CA,CE1,8.179775
tcr_26_1,C,A,N,R,5,180,CA,NH1,3.322789
tcr_26_1,C,A,N,R,5,180,CA,NH2,3.929876
tcr_26_1,C,A,N,R,5,180,CA,O,9.512621
tcr_26_1,C,A,N,F,5,123,CA,CB,8.117939
tcr_26_1,C,A,N,R,5,180,CA,C,9.532506
tcr_26_1,C,A,N,R,5,121,CA,NH2,4.0942326
tcr_26_1,C,A,N,N,5,138,CA,CG,7.617762
tcr_26_1,C,A,N,R,5,180,CA,CD,6.141826
tcr_26_1,C,A,N,N,5,138,CA,OD1,7.0620785
tcr_26_1,C,A,N,N,5,138,CA,ND2,7.4041085
tcr_26_1,C,A,N,R,5,180,CA,CB,8.502567
tcr_26_1,C,A,N,R,5,180,CA,CA,8.32933
tcr_26_1,C,A,N,N,5,138,CA,CB,8.824526
tcr_26_1,C,A,N,R,5,180,CA,CG,7.5523024
tcr_26_1,C,A,N,E,5,176,CA,CA,9.888069
tcr_26_1,C,A,N,E,5,176,CA,CB,9.326456
tcr_26_1,C,A,N,E,5,176,CA,CG,7.9230046
tcr_26_1,C,A,N,W,5,157,CA,CH2,9.573238
tcr_26_1,C,A,N,E,5,176,CA,OE2,7.8079233
tcr_26_1,C,A,N,E,5,176,CA,CD,7.326605
tcr_26_1,C,A,N,E,5,176,CA,OE1,6.5260043
tcr_26_1,C,A,N,W,5,171,CA,CE2,9.364887
tcr_26_1,C,A,N,W,5,171,CA,NE1,9.656465
tcr_26_1,C,A,N,F,5,140,CA,CZ,6.993104
tcr_26_1,C,A,N,F,5,140,CA,CD2,9.301115
tcr_26_1,C,A,N,W,5,171,CA,CH2,8.975452
tcr_26_1,C,A,N,F,5,140,CA,CE2,7.9846888
tcr_26_1,C,A,N,W,5,171,CA,CZ2,8.793357
tcr_26_1,C,A,N,W,5,171,CA,CZ3,9.690176
tcr_26_1,C,A,N,N,5,138,CA,CA,9.754
tcr_26_1,C,A,N,K,5,90,CA,NZ,9.650897
tcr_26_1,C,A,N,K,5,90,CA,CD,8.2756815
tcr_26_1,C,A,N,K,5,90,CA,N,9.539969
tcr_26_1,C,A,N,K,5,90,CA,CA,8.114304
tcr_26_1,C,A,N,K,5,90,CA,CB,7.8059626
tcr_26_1,C,A,N,K,5,90,CA,CE,9.063937
tcr_26_1,C,A,N,K,5,90,CA,CG,8.077162
tcr_26_1,C,A,N,Y,5,91,CA,N,8.973878
tcr_26_1,C,A,N,R,5,93,CA,NH2,9.291142
tcr_26_1,C,A,N,R,5,93,CA,CZ,9.4159355
tcr_26_1,C,A,N,R,5,93,CA,NE,8.451804
tcr_26_1,C,A,N,R,5,93,CA,CD,8.761834
tcr_26_1,C,A,N,Q,5,89,CA,O,9.831633
tcr_26_1,C,A,N,R,5,93,CA,CG,8.9993515
tcr_26_1,C,A,N,R,5,93,CA,CB,7.795936
tcr_26_1,C,A,N,R,5,93,CA,N,9.25678
tcr_26_1,C,A,N,R,5,93,CA,CA,8.427405
tcr_26_1,C,A,N,Y,5,91,CA,CA,9.31247
tcr_26_1,C,A,N,K,5,90,CA,O,7.1826053
tcr_26_1,C,A,N,R,5,93,CA,C,7.5465984
tcr_26_1,C,A,N,K,5,90,CA,C,7.970067
tcr_26_1,C,A,N,Q,5,94,CA,N,6.998549
tcr_26_1,C,A,N,Y,5,91,CA,C,9.687775
tcr_26_1,C,A,N,F,5,123,CA,CZ,6.479018
tcr_26_1,C,A,N,F,5,123,CA,CE2,6.952363
tcr_26_1,C,A,N,F,5,46,CA,CZ,9.356116
tcr_26_1,C,A,N,Y,5,91,CA,O,9.426986
tcr_26_1,C,A,N,R,5,121,CA,NH1,3.53631
tcr_26_1,C,A,N,Q,5,94,CA,CD,4.775023
tcr_26_1,C,A,N,Q,5,94,CA,OE1,3.583312
tcr_26_1,C,A,N,A,5,95,CA,N,8.924065
tcr_26_1,C,A,N,F,5,46,CA,CE2,9.52721
tcr_26_1,C,A,N,Q,5,94,CA,CG,5.919683
tcr_26_1,C,A,N,Q,5,94,CA,CA,6.5115933
tcr_26_1,C,A,N,Q,5,94,CA,CB,6.142657
tcr_26_1,C,A,N,R,5,121,CA,NE,5.451484
tcr_26_1,C,A,N,R,5,121,CA,CZ,4.2369857
tcr_26_1,C,A,N,F,5,123,CA,CD2,7.341636
tcr_26_1,C,A,N,F,5,123,CA,CG,7.295265
tcr_26_1,C,A,N,R,5,121,CA,CB,8.708626
tcr_26_1,C,A,N,F,5,123,CA,CD1,6.8415747
tcr_26_1,C,A,N,F,5,123,CA,CE1,6.4179826
tcr_26_1,C,A,N,R,5,121,CA,CG,7.723565
tcr_26_1,C,A,N,R,5,121,CA,CD,6.289769
tcr_26_1,C,A,N,Y,5,31,CA,CB,9.813021
tcr_26_1,C,A,N,S,5,33,CA,OG,8.9306135
tcr_26_1,C,A,N,S,5,33,CA,CB,9.668866
tcr_26_1,C,A,N,R,5,93,CA,O,7.6873436
tcr_26_1,C,A,N,A,5,97,CA,N,9.033022
tcr_26_1,C,A,N,A,5,97,CA,CA,8.509509
tcr_26_1,C,A,N,A,5,97,CA,CB,6.9958277
tcr_26_1,C,A,N,Q,5,94,CA,C,7.765221
tcr_26_1,C,A,N,Q,5,94,CA,O,7.8390694
tcr_26_1,C,A,N,A,5,97,CA,C,9.081018
tcr_26_1,C,A,N,D,5,98,CA,CB,9.943928
tcr_26_1,C,A,N,D,5,98,CA,OD2,9.178415
tcr_26_1,C,A,N,F,5,140,CA,CD1,8.913118
tcr_26_1,C,A,N,D,5,98,CA,CG,8.886674
tcr_26_1,C,A,N,F,5,140,CA,CE1,7.532604
tcr_26_1,C,A,N,D,5,98,CA,OD1,8.0412245
tcr_26_1,C,A,N,Q,5,94,CA,NE2,5.3388147
tcr_26_1,C,A,N,D,5,98,CA,CA,9.960566
tcr_26_1,C,A,N,D,5,98,CA,N,9.130156
tcr_26_1,C,A,N,N,5,101,CA,ND2,8.331175
tcr_26_1,C,A,N,N,5,101,CA,CG,9.502011
tcr_26_1,C,A,N,N,5,101,CA,OD1,9.697064
tcr_26_1,C,A,N,A,5,97,CA,O,9.793459
tcr_26_1,C,A,N,F,5,123,CA,N,9.908125
tcr_26_1,C,A,N,F,5,123,CA,CA,9.592841
tcr_26_1,C,A,N,F,5,140,CA,CG,9.721502
tcr_26_1,C,A,N,R,5,180,C,N,9.444574
tcr_26_1,C,A,N,Q,5,179,C,C,9.65371
tcr_26_1,C,A,N,Q,5,179,C,CB,8.985079
tcr_26_1,C,A,N,Q,5,179,C,CG,9.544341
tcr_26_1,C,A,N,E,5,176,C,O,9.633408
tcr_26_1,C,A,N,Y,5,183,C,CD2,9.507548
tcr_26_1,C,A,N,Q,5,179,C,CD,8.542563
tcr_26_1,C,A,N,Q,5,179,C,NE2,8.83698
tcr_26_1,C,A,N,Q,5,179,C,OE1,7.638988
tcr_26_1,C,A,N,Y,5,183,C,CB,9.550809
tcr_26_1,C,A,N,Q,5,179,C,O,9.722594
tcr_26_1,C,A,N,Y,5,183,C,CE2,9.715568
tcr_26_1,C,A,N,Y,5,183,C,CD1,9.418185
tcr_26_1,C,A,N,R,5,180,C,CZ,4.6085405
tcr_26_1,C,A,N,Y,5,183,C,CG,9.35313
tcr_26_1,C,A,N,Y,5,183,C,CZ,9.776703
tcr_26_1,C,A,N,R,5,180,C,NE,5.8956537
tcr_26_1,C,A,N,Y,5,183,C,CE1,9.629413
tcr_26_1,C,A,N,R,5,180,C,NH1,4.206893
tcr_26_1,C,A,N,R,5,180,C,NH2,4.0017176
tcr_26_1,C,A,N,F,5,123,C,CB,8.943778
tcr_26_1,C,A,N,R,5,121,C,NH2,4.2862916
tcr_26_1,C,A,N,N,5,138,C,CG,8.110294
tcr_26_1,C,A,N,R,5,180,C,CD,6.9195313
tcr_26_1,C,A,N,N,5,138,C,OD1,7.486599
tcr_26_1,C,A,N,N,5,138,C,ND2,7.8133245
tcr_26_1,C,A,N,R,5,180,C,CB,9.370851
tcr_26_1,C,A,N,R,5,180,C,CA,9.355903
tcr_26_1,C,A,N,N,5,138,C,CB,9.453283
tcr_26_1,C,A,N,R,5,180,C,CG,8.246098
tcr_26_1,C,A,N,W,5,171,C,CD1,9.809253
tcr_26_1,C,A,N,E,5,176,C,CB,9.298514
tcr_26_1,C,A,N,E,5,176,C,CG,7.950908
tcr_26_1,C,A,N,W,5,157,C,CH2,9.744366
tcr_26_1,C,A,N,E,5,176,C,OE2,7.377348
tcr_26_1,C,A,N,E,5,176,C,CD,7.1003933
tcr_26_1,C,A,N,W,5,171,C,CD2,9.54957
tcr_26_1,C,A,N,W,5,171,C,CE3,9.828429
tcr_26_1,C,A,N,E,5,176,C,OE1,6.3193197
tcr_26_1,C,A,N,W,5,171,C,CE2,8.67425
tcr_26_1,C,A,N,W,5,171,C,NE1,8.874386
tcr_26_1,C,A,N,F,5,140,C,CZ,6.559164
tcr_26_1,C,A,N,F,5,140,C,CD2,8.968823
tcr_26_1,C,A,N,W,5,171,C,CH2,8.406754
tcr_26_1,C,A,N,F,5,140,C,CE2,7.701712
tcr_26_1,C,A,N,W,5,171,C,CZ2,8.060702
tcr_26_1,C,A,N,W,5,171,C,CZ3,9.291004
tcr_26_1,C,A,N,K,5,90,C,CD,9.158672
tcr_26_1,C,A,N,K,5,90,C,N,9.764947
tcr_26_1,C,A,N,K,5,90,C,CA,8.363457
tcr_26_1,C,A,N,K,5,90,C,CB,8.323774
tcr_26_1,C,A,N,K,5,90,C,CG,8.744671
tcr_26_1,C,A,N,Y,5,91,C,N,9.0689535
tcr_26_1,C,A,N,R,5,93,C,NH2,9.56047
tcr_26_1,C,A,N,R,5,93,C,CZ,9.478218
tcr_26_1,C,A,N,R,5,93,C,NE,8.3737545
tcr_26_1,C,A,N,R,5,93,C,CD,8.426986
tcr_26_1,C,A,N,Q,5,89,C,O,9.715757
tcr_26_1,C,A,N,R,5,93,C,CG,8.529551
tcr_26_1,C,A,N,R,5,93,C,CB,7.268902
tcr_26_1,C,A,N,R,5,93,C,N,8.707022
tcr_26_1,C,A,N,R,5,93,C,CA,7.739263
tcr_26_1,C,A,N,K,5,92,C,C,9.549299
tcr_26_1,C,A,N,Y,5,91,C,CA,9.2590065
tcr_26_1,C,A,N,K,5,92,C,O,9.656972
tcr_26_1,C,A,N,K,5,90,C,O,7.093261
tcr_26_1,C,A,N,R,5,93,C,C,6.7160463
tcr_26_1,C,A,N,K,5,90,C,C,8.053319
tcr_26_1,C,A,N,Q,5,94,C,N,6.3021936
tcr_26_1,C,A,N,Y,5,91,C,C,9.4011135
tcr_26_1,C,A,N,F,5,123,C,CZ,7.467371
tcr_26_1,C,A,N,F,5,123,C,CE2,8.100181
tcr_26_1,C,A,N,F,5,46,C,CZ,8.975474
tcr_26_1,C,A,N,Y,5,91,C,O,8.985371
tcr_26_1,C,A,N,R,5,121,C,NH1,3.3304172
tcr_26_1,C,A,N,Q,5,94,C,CD,4.0677366
tcr_26_1,C,A,N,Q,5,94,C,OE1,3.0016966
tcr_26_1,C,A,N,A,5,95,C,N,8.066002
tcr_26_1,C,A,N,F,5,46,C,CE2,8.966778
tcr_26_1,C,A,N,Q,5,94,C,CG,5.384269
tcr_26_1,C,A,N,Q,5,94,C,CA,5.709612
tcr_26_1,C,A,N,Q,5,94,C,CB,5.6368275
tcr_26_1,C,A,N,R,5,121,C,NE,5.512649
tcr_26_1,C,A,N,R,5,121,C,CZ,4.2750444
tcr_26_1,C,A,N,F,5,123,C,CD2,8.441493
tcr_26_1,C,A,N,F,5,123,C,CG,8.196909
tcr_26_1,C,A,N,R,5,121,C,CB,8.462755
tcr_26_1,C,A,N,F,5,123,C,CD1,7.568991
tcr_26_1,C,A,N,F,5,123,C,CE1,7.1818233
tcr_26_1,C,A,N,R,5,121,C,CG,7.647681
tcr_26_1,C,A,N,R,5,121,C,CD,6.1711173
tcr_26_1,C,A,N,S,5,33,C,OG,8.670716
tcr_26_1,C,A,N,S,5,33,C,CB,9.486897
tcr_26_1,C,A,N,Q,5,96,C,O,9.753081
tcr_26_1,C,A,N,Q,5,96,C,CB,9.984354
tcr_26_1,C,A,N,R,5,93,C,O,6.6504536
tcr_26_1,C,A,N,Q,5,96,C,C,9.012239
tcr_26_1,C,A,N,Q,5,96,C,N,9.370859
tcr_26_1,C,A,N,Q,5,96,C,CA,9.788954
tcr_26_1,C,A,N,A,5,97,C,N,7.6912556
tcr_26_1,C,A,N,A,5,95,C,C,9.512682
tcr_26_1,C,A,N,A,5,97,C,CA,7.0648346
tcr_26_1,C,A,N,A,5,95,C,CA,9.2680645
tcr_26_1,C,A,N,A,5,97,C,CB,5.548443
tcr_26_1,C,A,N,Q,5,94,C,C,6.8254676
tcr_26_1,C,A,N,Q,5,94,C,O,6.7392426
tcr_26_1,C,A,N,A,5,97,C,C,7.6243143
tcr_26_1,C,A,N,D,5,98,C,CB,8.753127
tcr_26_1,C,A,N,D,5,98,C,OD2,8.247078
tcr_26_1,C,A,N,F,5,140,C,CD1,8.30276
tcr_26_1,C,A,N,D,5,98,C,CG,7.794913
tcr_26_1,C,A,N,F,5,140,C,CE1,6.915988
tcr_26_1,C,A,N,D,5,98,C,OD1,6.88783
tcr_26_1,C,A,N,Q,5,94,C,NE2,4.4009876
tcr_26_1,C,A,N,D,5,98,C,CA,8.628523
tcr_26_1,C,A,N,D,5,98,C,N,7.7584615
tcr_26_1,C,A,N,L,5,119,C,CD2,9.82687
tcr_26_1,C,A,N,N,5,101,C,ND2,6.941255
tcr_26_1,C,A,N,N,5,101,C,CG,8.08312
tcr_26_1,C,A,N,N,5,101,C,CB,9.360761
tcr_26_1,C,A,N,N,5,101,C,OD1,8.25826
tcr_26_1,C,A,N,A,5,97,C,O,8.298597
tcr_26_1,C,A,N,F,5,140,C,CG,9.240934
tcr_26_1,C,A,N,R,5,121,C,CA,9.945038
tcr_26_1,C,A,N,F,5,46,C,CD2,9.999344
tcr_26_1,C,A,N,R,5,180,O,N,9.689632
tcr_26_1,C,A,N,Q,5,179,O,CB,9.473055
tcr_26_1,C,A,N,E,5,176,O,O,9.689267
tcr_26_1,C,A,N,Q,5,179,O,CD,9.203148
tcr_26_1,C,A,N,Q,5,179,O,NE2,9.628955
tcr_26_1,C,A,N,Q,5,179,O,OE1,8.224886
tcr_26_1,C,A,N,Y,5,183,O,CD1,9.820221
tcr_26_1,C,A,N,R,5,180,O,CZ,4.494248
tcr_26_1,C,A,N,Y,5,183,O,CG,9.909796
tcr_26_1,C,A,N,R,5,180,O,NE,5.7006507
tcr_26_1,C,A,N,Y,5,183,O,CE1,9.999476
tcr_26_1,C,A,N,R,5,180,O,NH1,4.3263745
tcr_26_1,C,A,N,R,5,180,O,NH2,3.7680166
tcr_26_1,C,A,N,F,5,123,O,CB,8.57018
tcr_26_1,C,A,N,R,5,121,O,NH2,3.5967617
tcr_26_1,C,A,N,N,5,138,O,CG,7.5100427
tcr_26_1,C,A,N,R,5,180,O,CD,6.8313203
tcr_26_1,C,A,N,N,5,138,O,OD1,6.8186255
tcr_26_1,C,A,N,N,5,138,O,ND2,7.2272663
tcr_26_1,C,A,N,R,5,180,O,CB,9.33289
tcr_26_1,C,A,N,R,5,180,O,CA,9.517917
tcr_26_1,C,A,N,N,5,138,O,CB,8.925252
tcr_26_1,C,A,N,R,5,180,O,CG,8.118648
tcr_26_1,C,A,N,W,5,171,O,CD1,9.196206
tcr_26_1,C,A,N,E,5,176,O,CB,9.114544
tcr_26_1,C,A,N,W,5,171,O,CG,9.584724
tcr_26_1,C,A,N,W,5,157,O,CZ2,9.849651
tcr_26_1,C,A,N,E,5,176,O,CG,7.746999
tcr_26_1,C,A,N,W,5,157,O,CH2,9.151108
tcr_26_1,C,A,N,E,5,176,O,OE2,7.0146427
tcr_26_1,C,A,N,E,5,176,O,CD,6.742752
tcr_26_1,C,A,N,W,5,157,O,CZ3,9.7903
tcr_26_1,C,A,N,W,5,171,O,CD2,8.795066
tcr_26_1,C,A,N,W,5,171,O,CE3,9.0229225
tcr_26_1,C,A,N,E,5,176,O,OE1,5.84881
tcr_26_1,C,A,N,W,5,171,O,CE2,7.8600187
tcr_26_1,C,A,N,W,5,171,O,NE1,8.161935
tcr_26_1,C,A,N,F,5,140,O,CZ,5.438447
tcr_26_1,C,A,N,F,5,140,O,CD2,7.8667884
tcr_26_1,C,A,N,W,5,171,O,CH2,7.416752
tcr_26_1,C,A,N,F,5,140,O,CE2,6.644808
tcr_26_1,C,A,N,W,5,171,O,CZ2,7.1145635
tcr_26_1,C,A,N,W,5,171,O,CZ3,8.38067
tcr_26_1,C,A,N,N,5,138,O,C,9.979846
tcr_26_1,C,A,N,N,5,138,O,CA,9.7094145
tcr_26_1,C,A,N,K,5,90,O,CA,9.209634
tcr_26_1,C,A,N,K,5,90,O,CB,9.200698
tcr_26_1,C,A,N,K,5,90,O,CG,9.742842
tcr_26_1,C,A,N,Y,5,91,O,N,9.653479
tcr_26_1,C,A,N,R,5,93,O,NE,9.402304
tcr_26_1,C,A,N,R,5,93,O,CD,9.3617525
tcr_26_1,C,A,N,R,5,93,O,CG,9.332664
tcr_26_1,C,A,N,R,5,93,O,CB,8.002766
tcr_26_1,C,A,N,R,5,93,O,N,9.234069
tcr_26_1,C,A,N,R,5,93,O,CA,8.27602
tcr_26_1,C,A,N,K,5,92,O,C,9.947672
tcr_26_1,C,A,N,Y,5,91,O,CA,9.670525
tcr_26_1,C,A,N,K,5,92,O,O,9.93301
tcr_26_1,C,A,N,K,5,90,O,O,7.7199564
tcr_26_1,C,A,N,R,5,93,O,C,7.0926623
tcr_26_1,C,A,N,K,5,90,O,C,8.735117
tcr_26_1,C,A,N,Q,5,94,O,N,6.6395926
tcr_26_1,C,A,N,Y,5,91,O,C,9.761444
tcr_26_1,C,A,N,F,5,123,O,CZ,7.527257
tcr_26_1,C,A,N,F,5,123,O,CE2,8.204225
tcr_26_1,C,A,N,F,5,46,O,CZ,8.724009
tcr_26_1,C,A,N,Y,5,91,O,O,9.21174
tcr_26_1,C,A,N,R,5,121,O,NH1,2.5271828
tcr_26_1,C,A,N,Q,5,94,O,CD,3.7114482
tcr_26_1,C,A,N,Q,5,94,O,OE1,2.8792565
tcr_26_1,C,A,N,A,5,95,O,N,7.9996457
tcr_26_1,C,A,N,F,5,46,O,CE2,8.54651
tcr_26_1,C,A,N,Q,5,94,O,CG,5.1828256
tcr_26_1,C,A,N,Q,5,94,O,CA,5.8059683
tcr_26_1,C,A,N,Q,5,94,O,CB,5.732452
tcr_26_1,C,A,N,R,5,121,O,NE,4.6809506
tcr_26_1,C,A,N,R,5,121,O,CZ,3.4771745
tcr_26_1,C,A,N,F,5,123,O,CD2,8.398341
tcr_26_1,C,A,N,F,5,123,O,CG,7.952773
tcr_26_1,C,A,N,R,5,121,O,CB,7.4999614
tcr_26_1,C,A,N,F,5,123,O,CD1,7.2507243
tcr_26_1,C,A,N,F,5,123,O,CE1,7.019929
tcr_26_1,C,A,N,R,5,121,O,CG,6.727081
tcr_26_1,C,A,N,R,5,121,O,CD,5.2833185
tcr_26_1,C,A,N,S,5,33,O,OG,7.967473
tcr_26_1,C,A,N,S,5,33,O,CB,8.911333
tcr_26_1,C,A,N,Q,5,96,O,O,9.472198
tcr_26_1,C,A,N,R,5,93,O,O,6.896135
tcr_26_1,C,A,N,Q,5,96,O,C,8.826984
tcr_26_1,C,A,N,Q,5,96,O,N,9.302157
tcr_26_1,C,A,N,Q,5,96,O,CA,9.713312
tcr_26_1,C,A,N,A,5,97,O,N,7.519826
tcr_26_1,C,A,N,A,5,95,O,C,9.304954
tcr_26_1,C,A,N,A,5,97,O,CA,6.752467
tcr_26_1,C,A,N,A,5,95,O,CA,9.084319
tcr_26_1,C,A,N,A,5,97,O,CB,5.296204
tcr_26_1,C,A,N,A,5,95,O,O,9.679764
tcr_26_1,C,A,N,Q,5,94,O,C,6.70777
tcr_26_1,C,A,N,Q,5,94,O,O,6.429859
tcr_26_1,C,A,N,A,5,97,O,C,7.079457
tcr_26_1,C,A,N,D,5,98,O,CB,8.000862
tcr_26_1,C,A,N,D,5,98,O,OD2,7.436485
tcr_26_1,C,A,N,F,5,140,O,CD1,7.1031485
tcr_26_1,C,A,N,D,5,98,O,CG,6.9624124
tcr_26_1,C,A,N,F,5,140,O,CE1,5.720777
tcr_26_1,C,A,N,D,5,98,O,OD1,5.9677615
tcr_26_1,C,A,N,Q,5,94,O,NE2,3.7084212
tcr_26_1,C,A,N,D,5,98,O,CA,7.8786807
tcr_26_1,C,A,N,L,5,119,O,CG,9.55708
tcr_26_1,C,A,N,D,5,98,O,N,7.159501
tcr_26_1,C,A,N,L,5,119,O,CD2,8.70884
tcr_26_1,C,A,N,N,5,101,O,ND2,5.9436817
tcr_26_1,C,A,N,D,5,98,O,C,9.330329
tcr_26_1,C,A,N,R,5,99,O,N,9.962729
tcr_26_1,C,A,N,N,5,101,O,CG,7.119929
tcr_26_1,C,A,N,N,5,101,O,CB,8.370165
tcr_26_1,C,A,N,N,5,101,O,CA,9.618606
tcr_26_1,C,A,N,D,5,98,O,O,9.993278
tcr_26_1,C,A,N,N,5,101,O,OD1,7.360125
tcr_26_1,C,A,N,N,5,101,O,N,9.689864
tcr_26_1,C,A,N,A,5,97,O,O,7.6710324
tcr_26_1,C,A,N,F,5,123,O,CA,9.963239
tcr_26_1,C,A,N,R,5,121,O,O,9.933622
tcr_26_1,C,A,N,M,5,122,O,N,9.996842
tcr_26_1,C,A,N,F,5,140,O,CG,8.072518
tcr_26_1,C,A,N,R,5,121,O,C,9.624437
tcr_26_1,C,A,N,R,5,121,O,CA,8.980268
tcr_26_1,C,A,N,R,5,121,O,N,9.776657
tcr_26_1,C,A,N,Q,5,139,O,O,9.564249
tcr_26_1,C,A,N,L,5,119,O,CD1,9.954917
tcr_26_1,C,A,N,F,5,140,O,CB,9.528393
tcr_26_1,C,A,N,F,5,46,O,CE1,9.868873
tcr_26_1,C,A,N,F,5,46,O,CD2,9.549375
tcr_26_1,C,A,N,R,5,180,CB,N,8.257819
tcr_26_1,C,A,N,Q,5,179,CB,C,8.5443735
tcr_26_1,C,A,N,Q,5,179,CB,CA,9.358725
tcr_26_1,C,A,N,Q,5,179,CB,CB,8.542682
tcr_26_1,C,A,N,Q,5,179,CB,CG,9.411527
tcr_26_1,C,A,N,E,5,176,CB,O,9.124284
tcr_26_1,C,A,N,E,5,176,CB,C,9.909345
tcr_26_1,C,A,N,Y,5,183,CB,CD2,7.460617
tcr_26_1,C,A,N,Q,5,179,CB,CD,8.739891
tcr_26_1,C,A,N,Q,5,179,CB,NE2,9.145899
tcr_26_1,C,A,N,Q,5,179,CB,OE1,8.020199
tcr_26_1,C,A,N,Y,5,183,CB,CB,7.6165295
tcr_26_1,C,A,N,Q,5,179,CB,O,8.423088
tcr_26_1,C,A,N,Y,5,183,CB,CE2,7.564358
tcr_26_1,C,A,N,Y,5,183,CB,CA,9.149136
tcr_26_1,C,A,N,Y,5,183,CB,N,9.715031
tcr_26_1,C,A,N,Y,5,183,CB,CD1,7.0654387
tcr_26_1,C,A,N,R,5,180,CB,CZ,3.7971854
tcr_26_1,C,A,N,Y,5,183,CB,CG,7.2101607
tcr_26_1,C,A,N,Y,5,183,CB,CZ,7.425824
tcr_26_1,C,A,N,R,5,180,CB,NE,4.9317174
tcr_26_1,C,A,N,Y,5,183,CB,OH,7.9041038
tcr_26_1,C,A,N,Y,5,183,CB,CE1,7.175196
tcr_26_1,C,A,N,R,5,180,CB,NH1,2.87625
tcr_26_1,C,A,N,R,5,180,CB,NH2,3.952638
tcr_26_1,C,A,N,Y,5,183,CB,C,9.803239
tcr_26_1,C,A,N,L,5,184,CB,N,9.909655
tcr_26_1,C,A,N,G,5,124,CB,N,9.206864
tcr_26_1,C,A,N,L,5,184,CB,CD2,9.262345
tcr_26_1,C,A,N,L,5,184,CB,CD1,9.6855135
tcr_26_1,C,A,N,L,5,184,CB,CG,9.373312
tcr_26_1,C,A,N,R,5,180,CB,O,8.82831
tcr_26_1,C,A,N,F,5,123,CB,CB,6.5868163
tcr_26_1,C,A,N,R,5,180,CB,C,8.948256
tcr_26_1,C,A,N,R,5,121,CB,NH2,3.034262
tcr_26_1,C,A,N,N,5,138,CB,CG,6.4106874
tcr_26_1,C,A,N,R,5,180,CB,CD,5.521522
tcr_26_1,C,A,N,N,5,138,CB,OD1,5.767736
tcr_26_1,C,A,N,N,5,138,CB,ND2,6.397189
tcr_26_1,C,A,N,R,5,180,CB,CB,7.876146
tcr_26_1,C,A,N,R,5,180,CB,CA,7.829133
tcr_26_1,C,A,N,N,5,138,CB,CB,7.5616775
tcr_26_1,C,A,N,R,5,180,CB,CG,7.008119
tcr_26_1,C,A,N,E,5,176,CB,CB,9.537405
tcr_26_1,C,A,N,W,5,157,CB,CZ2,9.746731
tcr_26_1,C,A,N,E,5,176,CB,CG,8.051797
tcr_26_1,C,A,N,W,5,157,CB,CH2,8.951823
tcr_26_1,C,A,N,E,5,176,CB,OE2,8.157506
tcr_26_1,C,A,N,E,5,176,CB,CD,7.4986806
tcr_26_1,C,A,N,W,5,157,CB,CZ3,9.658969
tcr_26_1,C,A,N,W,5,171,CB,CD2,9.984518
tcr_26_1,C,A,N,W,5,171,CB,CE3,9.91665
tcr_26_1,C,A,N,E,5,176,CB,OE1,6.5301013
tcr_26_1,C,A,N,W,5,171,CB,CE2,9.374552
tcr_26_1,C,A,N,W,5,171,CB,NE1,9.87518
tcr_26_1,C,A,N,F,5,140,CB,CZ,6.21357
tcr_26_1,C,A,N,F,5,140,CB,CD2,8.391922
tcr_26_1,C,A,N,W,5,171,CB,CH2,8.611736
tcr_26_1,C,A,N,F,5,140,CB,CE2,7.112702
tcr_26_1,C,A,N,W,5,171,CB,CZ2,8.668554
tcr_26_1,C,A,N,W,5,171,CB,CZ3,9.254352
tcr_26_1,C,A,N,Y,5,137,CB,O,8.875048
tcr_26_1,C,A,N,N,5,138,CB,C,9.069092
tcr_26_1,C,A,N,Y,5,137,CB,C,9.719313
tcr_26_1,C,A,N,N,5,138,CB,N,9.557287
tcr_26_1,C,A,N,N,5,138,CB,CA,8.393063
tcr_26_1,C,A,N,Q,5,139,CB,N,9.276224
tcr_26_1,C,A,N,N,5,138,CB,O,9.648037
tcr_26_1,C,A,N,K,5,90,CB,NZ,9.777495
tcr_26_1,C,A,N,Y,5,31,CB,CD2,8.912483
tcr_26_1,C,A,N,Y,5,31,CB,CE2,9.553783
tcr_26_1,C,A,N,K,5,90,CB,CD,8.566965
tcr_26_1,C,A,N,K,5,90,CB,CA,8.696177
tcr_26_1,C,A,N,K,5,90,CB,CB,8.219863
tcr_26_1,C,A,N,K,5,90,CB,CE,9.399076
tcr_26_1,C,A,N,K,5,90,CB,CG,8.587497
tcr_26_1,C,A,N,Y,5,91,CB,N,9.275331
tcr_26_1,C,A,N,R,5,93,CB,NE,9.652369
tcr_26_1,C,A,N,R,5,93,CB,CB,8.888754
tcr_26_1,C,A,N,R,5,93,CB,CA,9.3891115
tcr_26_1,C,A,N,Y,5,91,CB,CA,9.499208
tcr_26_1,C,A,N,K,5,90,CB,O,7.713076
tcr_26_1,C,A,N,R,5,93,CB,C,8.414136
tcr_26_1,C,A,N,K,5,90,CB,C,8.432054
tcr_26_1,C,A,N,Q,5,94,CB,N,7.6787887
tcr_26_1,C,A,N,Y,5,91,CB,CE1,9.867907
tcr_26_1,C,A,N,Y,5,31,CB,CD1,9.513186
tcr_26_1,C,A,N,Y,5,91,CB,CD1,9.757782
tcr_26_1,C,A,N,F,5,123,CB,CZ,5.2011237
tcr_26_1,C,A,N,F,5,123,CB,CE2,5.6382113
tcr_26_1,C,A,N,F,5,46,CB,CZ,9.023914
tcr_26_1,C,A,N,Y,5,91,CB,O,9.734474
tcr_26_1,C,A,N,R,5,121,CB,NH1,2.6823926
tcr_26_1,C,A,N,Q,5,94,CB,CD,4.7263513
tcr_26_1,C,A,N,Q,5,94,CB,OE1,3.6542995
tcr_26_1,C,A,N,A,5,95,CB,N,9.292493
tcr_26_1,C,A,N,F,5,46,CB,CE2,9.196366
tcr_26_1,C,A,N,Q,5,94,CB,CG,5.8251863
tcr_26_1,C,A,N,Q,5,94,CB,CA,6.998935
tcr_26_1,C,A,N,Q,5,94,CB,CB,6.3475337
tcr_26_1,C,A,N,R,5,121,CB,NE,4.205303
tcr_26_1,C,A,N,R,5,121,CB,CZ,3.1036603
tcr_26_1,C,A,N,F,5,123,CB,CD2,5.9076166
tcr_26_1,C,A,N,F,5,123,CB,CG,5.7769136
tcr_26_1,C,A,N,R,5,121,CB,CB,7.59087
tcr_26_1,C,A,N,F,5,123,CB,CD1,5.347895
tcr_26_1,C,A,N,F,5,123,CB,CE1,5.0442543
tcr_26_1,C,A,N,R,5,121,CB,CG,6.4935255
tcr_26_1,C,A,N,R,5,121,CB,CD,5.136369
tcr_26_1,C,A,N,Y,5,31,CB,CG,8.884491
tcr_26_1,C,A,N,Y,5,31,CB,CB,8.53516
tcr_26_1,C,A,N,Y,5,31,CB,CA,9.831532
tcr_26_1,C,A,N,S,5,33,CB,OG,8.010816
tcr_26_1,C,A,N,Y,5,31,CB,C,9.891564
tcr_26_1,C,A,N,S,5,33,CB,CB,8.784262
tcr_26_1,C,A,N,R,5,93,CB,O,8.600952
tcr_26_1,C,A,N,A,5,97,CB,N,9.828287
tcr_26_1,C,A,N,A,5,97,CB,CA,9.2925825
tcr_26_1,C,A,N,A,5,97,CB,CB,7.8280625
tcr_26_1,C,A,N,Q,5,94,CB,C,8.159469
tcr_26_1,C,A,N,Q,5,94,CB,O,8.204914
tcr_26_1,C,A,N,A,5,97,CB,C,9.657583
tcr_26_1,C,A,N,D,5,98,CB,CB,9.989113
tcr_26_1,C,A,N,D,5,98,CB,OD2,8.886982
tcr_26_1,C,A,N,F,5,140,CB,CD1,8.131917
tcr_26_1,C,A,N,D,5,98,CB,CG,8.766747
tcr_26_1,C,A,N,F,5,140,CB,CE1,6.8090515
tcr_26_1,C,A,N,D,5,98,CB,OD1,7.950746
tcr_26_1,C,A,N,Q,5,94,CB,NE2,5.2475877
tcr_26_1,C,A,N,D,5,98,CB,N,9.539126
tcr_26_1,C,A,N,N,5,101,CB,ND2,8.54306
tcr_26_1,C,A,N,N,5,101,CB,CG,9.77232
tcr_26_1,C,A,N,F,5,123,CB,O,9.071445
tcr_26_1,C,A,N,F,5,123,CB,C,8.740175
tcr_26_1,C,A,N,M,5,122,CB,C,8.836669
tcr_26_1,C,A,N,F,5,123,CB,N,8.377404
tcr_26_1,C,A,N,F,5,123,CB,CA,8.055797
tcr_26_1,C,A,N,Y,5,31,CB,O,9.4446125
tcr_26_1,C,A,N,R,5,121,CB,O,9.348448
tcr_26_1,C,A,N,M,5,122,CB,O,8.888932
tcr_26_1,C,A,N,M,5,122,CB,CA,9.607015
tcr_26_1,C,A,N,M,5,122,CB,N,9.292716
tcr_26_1,C,A,N,F,5,140,CB,CG,8.850688
tcr_26_1,C,A,N,R,5,121,CB,C,9.143372
tcr_26_1,C,A,N,R,5,121,CB,CA,8.939177
tcr_26_1,C,A,N,R,5,121,CB,N,9.983734
tcr_26_1,C,A,N,Q,5,139,CB,O,9.300391
tcr_26_1,C,A,N,Q,5,139,CB,C,9.965517
tcr_26_1,C,A,N,C,5,188,CG,CB,9.736637
tcr_26_1,C,A,N,C,5,188,CG,SG,9.985806
tcr_26_1,C,A,N,R,5,180,CG,N,6.925328
tcr_26_1,C,A,N,Q,5,179,CG,C,7.2378054
tcr_26_1,C,A,N,A,5,182,CG,C,9.635669
tcr_26_1,C,A,N,A,5,182,CG,N,9.923426
tcr_26_1,C,A,N,Q,5,179,CG,CA,8.180794
tcr_26_1,C,A,N,Q,5,179,CG,N,9.218304
tcr_26_1,C,A,N,Q,5,179,CG,CB,7.5302796
tcr_26_1,C,A,N,Q,5,179,CG,CG,8.542409
tcr_26_1,C,A,N,E,5,176,CG,O,8.09596
tcr_26_1,C,A,N,E,5,176,CG,C,8.974429
tcr_26_1,C,A,N,Y,5,183,CG,CD2,6.3835897
tcr_26_1,C,A,N,Q,5,179,CG,CD,8.078809
tcr_26_1,C,A,N,Q,5,179,CG,NE2,8.579856
tcr_26_1,C,A,N,Q,5,179,CG,OE1,7.469022
tcr_26_1,C,A,N,Y,5,183,CG,CB,6.2605176
tcr_26_1,C,A,N,Q,5,179,CG,O,7.07265
tcr_26_1,C,A,N,Y,5,183,CG,CE2,6.641939
tcr_26_1,C,A,N,Y,5,183,CG,CA,7.7835736
tcr_26_1,C,A,N,Y,5,183,CG,N,8.313801
tcr_26_1,C,A,N,Y,5,183,CG,CD1,5.769495
tcr_26_1,C,A,N,R,5,180,CG,CZ,3.09399
tcr_26_1,C,A,N,Y,5,183,CG,CG,5.942512
tcr_26_1,C,A,N,Y,5,183,CG,CZ,6.4852715
tcr_26_1,C,A,N,R,5,180,CG,NE,4.0241137
tcr_26_1,C,A,N,Y,5,183,CG,OH,7.150276
tcr_26_1,C,A,N,Y,5,183,CG,CE1,6.0532923
tcr_26_1,C,A,N,R,5,180,CG,NH1,1.9105403
tcr_26_1,C,A,N,Y,5,183,CG,O,9.092056
tcr_26_1,C,A,N,R,5,180,CG,NH2,3.7310414
tcr_26_1,C,A,N,Y,5,183,CG,C,8.409151
tcr_26_1,C,A,N,R,5,181,CG,CA,9.884794
tcr_26_1,C,A,N,R,5,181,CG,N,8.6937895
tcr_26_1,C,A,N,A,5,177,CG,CA,9.951708
tcr_26_1,C,A,N,A,5,177,CG,O,9.8407955
tcr_26_1,C,A,N,L,5,184,CG,CB,9.180558
tcr_26_1,C,A,N,G,5,124,CG,CA,9.234918
tcr_26_1,C,A,N,L,5,184,CG,CA,9.225103
tcr_26_1,C,A,N,L,5,184,CG,N,8.453966
tcr_26_1,C,A,N,G,5,124,CG,N,8.36484
tcr_26_1,C,A,N,L,5,184,CG,CD2,7.9370027
tcr_26_1,C,A,N,L,5,184,CG,CD1,8.274984
tcr_26_1,C,A,N,L,5,184,CG,CG,7.942652
tcr_26_1,C,A,N,R,5,180,CG,O,7.318152
tcr_26_1,C,A,N,F,5,123,CG,CB,5.956212
tcr_26_1,C,A,N,R,5,180,CG,C,7.4657903
tcr_26_1,C,A,N,R,5,121,CG,NH2,3.0919745
tcr_26_1,C,A,N,N,5,138,CG,CG,5.616691
tcr_26_1,C,A,N,R,5,180,CG,CD,4.2997704
tcr_26_1,C,A,N,N,5,138,CG,OD1,5.191268
tcr_26_1,C,A,N,N,5,138,CG,ND2,5.5842323
tcr_26_1,C,A,N,R,5,180,CG,CB,6.52004
tcr_26_1,C,A,N,L,5,150,CG,CD2,9.102108
tcr_26_1,C,A,N,R,5,180,CG,CA,6.401436
tcr_26_1,C,A,N,N,5,138,CG,CB,6.610339
tcr_26_1,C,A,N,R,5,180,CG,CG,5.8049407
tcr_26_1,C,A,N,A,5,177,CG,N,9.863904
tcr_26_1,C,A,N,E,5,176,CG,CA,9.366657
tcr_26_1,C,A,N,E,5,176,CG,CB,8.95058
tcr_26_1,C,A,N,W,5,157,CG,CZ2,8.940383
tcr_26_1,C,A,N,E,5,176,CG,CG,7.4617324
tcr_26_1,C,A,N,W,5,157,CG,CH2,8.17512
tcr_26_1,C,A,N,E,5,176,CG,OE2,8.002839
tcr_26_1,C,A,N,E,5,176,CG,CD,7.169221
tcr_26_1,C,A,N,W,5,157,CG,CZ3,8.959892
tcr_26_1,C,A,N,W,5,171,CG,CD2,9.827772
tcr_26_1,C,A,N,W,5,171,CG,CE3,9.645329
tcr_26_1,C,A,N,E,5,176,CG,OE1,6.2335052
tcr_26_1,C,A,N,W,5,171,CG,CE2,9.424928
tcr_26_1,C,A,N,W,5,171,CG,NE1,9.991569
tcr_26_1,C,A,N,F,5,140,CG,CZ,6.492727
tcr_26_1,C,A,N,F,5,140,CG,CD2,8.440588
tcr_26_1,C,A,N,W,5,171,CG,CH2,8.64084
tcr_26_1,C,A,N,F,5,140,CG,CE2,7.1303797
tcr_26_1,C,A,N,W,5,171,CG,CZ2,8.82667
tcr_26_1,C,A,N,W,5,171,CG,CZ3,9.06439
tcr_26_1,C,A,N,G,5,124,CG,O,9.88644
tcr_26_1,C,A,N,L,5,150,CG,CB,9.904864
tcr_26_1,C,A,N,Y,5,137,CG,O,7.8520436
tcr_26_1,C,A,N,N,5,138,CG,C,8.429877
tcr_26_1,C,A,N,Y,5,137,CG,C,8.72087
tcr_26_1,C,A,N,N,5,138,CG,N,8.636068
tcr_26_1,C,A,N,N,5,138,CG,CA,7.586106
tcr_26_1,C,A,N,Q,5,139,CG,N,8.817793
tcr_26_1,C,A,N,N,5,138,CG,O,8.973922
tcr_26_1,C,A,N,Q,5,139,CG,CA,9.978468
tcr_26_1,C,A,N,K,5,90,CG,NZ,9.827071
tcr_26_1,C,A,N,Y,5,31,CG,CD2,8.709095
tcr_26_1,C,A,N,Y,5,31,CG,CE2,9.321486
tcr_26_1,C,A,N,K,5,90,CG,CD,8.965731
tcr_26_1,C,A,N,K,5,90,CG,CA,9.661728
tcr_26_1,C,A,N,K,5,90,CG,CB,9.007316
tcr_26_1,C,A,N,K,5,90,CG,CE,9.612684
tcr_26_1,C,A,N,K,5,90,CG,CG,9.190629
tcr_26_1,C,A,N,K,5,90,CG,O,8.934435
tcr_26_1,C,A,N,R,5,93,CG,C,9.84848
tcr_26_1,C,A,N,K,5,90,CG,C,9.542351
tcr_26_1,C,A,N,Q,5,94,CG,N,9.122614
tcr_26_1,C,A,N,Y,5,31,CG,CD1,9.687802
tcr_26_1,C,A,N,F,5,123,CG,CZ,5.1437774
tcr_26_1,C,A,N,F,5,123,CG,CE2,5.1923137
tcr_26_1,C,A,N,R,5,121,CG,NH1,3.696517
tcr_26_1,C,A,N,Q,5,94,CG,CD,6.1895666
tcr_26_1,C,A,N,Q,5,94,CG,OE1,5.151233
tcr_26_1,C,A,N,Q,5,94,CG,CG,7.2464666
tcr_26_1,C,A,N,Q,5,94,CG,CA,8.490556
tcr_26_1,C,A,N,Q,5,94,CG,CB,7.7855487
tcr_26_1,C,A,N,R,5,121,CG,NE,4.5604305
tcr_26_1,C,A,N,R,5,121,CG,CZ,3.5979695
tcr_26_1,C,A,N,F,5,123,CG,CD2,5.263492
tcr_26_1,C,A,N,F,5,123,CG,CG,5.2945423
tcr_26_1,C,A,N,R,5,121,CG,CB,8.173713
tcr_26_1,C,A,N,F,5,123,CG,CD1,5.2443333
tcr_26_1,C,A,N,F,5,123,CG,CE1,5.1690106
tcr_26_1,C,A,N,R,5,121,CG,CG,6.893927
tcr_26_1,C,A,N,R,5,121,CG,CD,5.7359934
tcr_26_1,C,A,N,Y,5,31,CG,CG,8.900581
tcr_26_1,C,A,N,Y,5,31,CG,CB,8.6019335
tcr_26_1,C,A,N,Y,5,31,CG,CA,9.853159
tcr_26_1,C,A,N,S,5,33,CG,OG,8.930416
tcr_26_1,C,A,N,S,5,33,CG,CB,9.716511
tcr_26_1,C,A,N,A,5,97,CG,CB,9.224986
tcr_26_1,C,A,N,Q,5,94,CG,C,9.664611
tcr_26_1,C,A,N,Q,5,94,CG,O,9.708711
tcr_26_1,C,A,N,F,5,140,CG,CD1,8.605883
tcr_26_1,C,A,N,F,5,140,CG,CE1,7.3314967
tcr_26_1,C,A,N,D,5,98,CG,OD1,9.250394
tcr_26_1,C,A,N,Q,5,94,CG,NE2,6.657247
tcr_26_1,C,A,N,N,5,101,CG,ND2,9.671025
tcr_26_1,C,A,N,F,5,123,CG,O,8.56067
tcr_26_1,C,A,N,F,5,123,CG,C,8.090138
tcr_26_1,C,A,N,M,5,122,CG,C,8.580197
tcr_26_1,C,A,N,F,5,123,CG,N,8.046175
tcr_26_1,C,A,N,F,5,123,CG,CA,7.4778266
tcr_26_1,C,A,N,Y,5,31,CG,O,9.478899
tcr_26_1,C,A,N,R,5,121,CG,O,9.735547
tcr_26_1,C,A,N,M,5,122,CG,O,8.531012
tcr_26_1,C,A,N,M,5,122,CG,CA,9.55439
tcr_26_1,C,A,N,M,5,122,CG,N,9.394358
tcr_26_1,C,A,N,F,5,140,CG,CG,9.109797
tcr_26_1,C,A,N,R,5,121,CG,C,9.455034
tcr_26_1,C,A,N,R,5,121,CG,CA,9.38792
tcr_26_1,C,A,N,Q,5,139,CG,O,9.287772
tcr_26_1,C,A,N,Q,5,139,CG,C,9.855789
tcr_26_1,C,A,N,T,5,187,OD1,OG1,9.646087
tcr_26_1,C,A,N,T,5,187,OD1,CG2,9.782323
tcr_26_1,C,A,N,T,5,187,OD1,CB,9.55171
tcr_26_1,C,A,N,C,5,188,OD1,CB,9.697016
tcr_26_1,C,A,N,R,5,180,OD1,N,5.9657974
tcr_26_1,C,A,N,Q,5,179,OD1,C,6.172225
tcr_26_1,C,A,N,A,5,182,OD1,O,9.636806
tcr_26_1,C,A,N,A,5,182,OD1,C,8.784685
tcr_26_1,C,A,N,A,5,182,OD1,CB,9.361926
tcr_26_1,C,A,N,A,5,182,OD1,CA,9.397238
tcr_26_1,C,A,N,A,5,182,OD1,N,9.015121
tcr_26_1,C,A,N,E,5,178,OD1,O,9.255977
tcr_26_1,C,A,N,E,5,178,OD1,C,9.098792
tcr_26_1,C,A,N,Q,5,179,OD1,CA,7.0456147
tcr_26_1,C,A,N,Q,5,179,OD1,N,8.128803
tcr_26_1,C,A,N,Q,5,179,OD1,CB,6.3637323
tcr_26_1,C,A,N,Q,5,179,OD1,CG,7.3552017
tcr_26_1,C,A,N,E,5,178,OD1,N,9.860478
tcr_26_1,C,A,N,E,5,176,OD1,O,7.190138
tcr_26_1,C,A,N,E,5,176,OD1,C,8.129783
tcr_26_1,C,A,N,Y,5,183,OD1,CD2,6.0344386
tcr_26_1,C,A,N,Q,5,179,OD1,CD,6.9184904
tcr_26_1,C,A,N,Q,5,179,OD1,NE2,7.4297957
tcr_26_1,C,A,N,Q,5,179,OD1,OE1,6.3668213
tcr_26_1,C,A,N,Y,5,183,OD1,CB,5.588206
tcr_26_1,C,A,N,Q,5,179,OD1,O,6.0258765
tcr_26_1,C,A,N,Y,5,183,OD1,CE2,6.537165
tcr_26_1,C,A,N,Y,5,183,OD1,CA,7.0894723
tcr_26_1,C,A,N,Y,5,183,OD1,N,7.479786
tcr_26_1,C,A,N,Y,5,183,OD1,CD1,5.583471
tcr_26_1,C,A,N,R,5,180,OD1,CZ,2.7044203
tcr_26_1,C,A,N,Y,5,183,OD1,CG,5.5310364
tcr_26_1,C,A,N,Y,5,183,OD1,CZ,6.577424
tcr_26_1,C,A,N,R,5,180,OD1,NE,3.5966578
tcr_26_1,C,A,N,Y,5,183,OD1,OH,7.4301476
tcr_26_1,C,A,N,Y,5,183,OD1,CE1,6.122748
tcr_26_1,C,A,N,R,5,180,OD1,NH1,1.4213697
tcr_26_1,C,A,N,Y,5,183,OD1,O,8.64779
tcr_26_1,C,A,N,R,5,180,OD1,NH2,3.463119
tcr_26_1,C,A,N,Y,5,183,OD1,C,7.878591
tcr_26_1,C,A,N,R,5,181,OD1,C,9.257381
tcr_26_1,C,A,N,R,5,181,OD1,O,9.748024
tcr_26_1,C,A,N,R,5,181,OD1,CA,9.143971
tcr_26_1,C,A,N,R,5,181,OD1,N,7.9227037
tcr_26_1,C,A,N,A,5,177,OD1,CA,9.20937
tcr_26_1,C,A,N,A,5,177,OD1,C,9.285871
tcr_26_1,C,A,N,A,5,177,OD1,O,9.020235
tcr_26_1,C,A,N,L,5,184,OD1,CB,8.887905
tcr_26_1,C,A,N,G,5,124,OD1,CA,9.768486
tcr_26_1,C,A,N,L,5,184,OD1,CA,8.883017
tcr_26_1,C,A,N,L,5,184,OD1,N,7.9629884
tcr_26_1,C,A,N,G,5,124,OD1,N,8.968042
tcr_26_1,C,A,N,L,5,184,OD1,CD2,7.9709153
tcr_26_1,C,A,N,L,5,184,OD1,CD1,8.112144
tcr_26_1,C,A,N,L,5,184,OD1,CG,7.7613425
tcr_26_1,C,A,N,R,5,180,OD1,O,6.674591
tcr_26_1,C,A,N,F,5,123,OD1,CB,6.7653303
tcr_26_1,C,A,N,R,5,180,OD1,C,6.7323833
tcr_26_1,C,A,N,R,5,121,OD1,NH2,3.8511693
tcr_26_1,C,A,N,N,5,138,OD1,CG,5.9976225
tcr_26_1,C,A,N,R,5,180,OD1,CD,3.7887936
tcr_26_1,C,A,N,N,5,138,OD1,OD1,5.7974863
tcr_26_1,C,A,N,N,5,138,OD1,ND2,5.7596045
tcr_26_1,C,A,N,R,5,180,OD1,CB,5.9098134
tcr_26_1,C,A,N,L,5,150,OD1,CD2,8.877237
tcr_26_1,C,A,N,R,5,180,OD1,CA,5.6106353
tcr_26_1,C,A,N,N,5,138,OD1,CB,6.92373
tcr_26_1,C,A,N,R,5,180,OD1,CG,5.2302437
tcr_26_1,C,A,N,E,5,176,OD1,N,9.971496
tcr_26_1,C,A,N,A,5,177,OD1,N,9.087432
tcr_26_1,C,A,N,E,5,176,OD1,CA,8.520482
tcr_26_1,C,A,N,E,5,176,OD1,CB,8.245896
tcr_26_1,C,A,N,W,5,157,OD1,CZ2,8.600101
tcr_26_1,C,A,N,E,5,176,OD1,CG,6.8100915
tcr_26_1,C,A,N,W,5,157,OD1,CH2,7.9983273
tcr_26_1,C,A,N,E,5,176,OD1,OE2,7.5487657
tcr_26_1,C,A,N,E,5,176,OD1,CD,6.7001586
tcr_26_1,C,A,N,W,5,157,OD1,CZ3,8.936485
tcr_26_1,C,A,N,W,5,171,OD1,CD2,9.681837
tcr_26_1,C,A,N,W,5,171,OD1,CE3,9.573691
tcr_26_1,C,A,N,E,5,176,OD1,OE1,5.917139
tcr_26_1,C,A,N,W,5,171,OD1,CE2,9.368702
tcr_26_1,C,A,N,W,5,171,OD1,NE1,9.839267
tcr_26_1,C,A,N,F,5,140,OD1,CZ,7.155751
tcr_26_1,C,A,N,F,5,140,OD1,CD2,9.062403
tcr_26_1,C,A,N,W,5,171,OD1,CH2,8.838312
tcr_26_1,C,A,N,F,5,140,OD1,CE2,7.705522
tcr_26_1,C,A,N,W,5,171,OD1,CZ2,8.9440565
tcr_26_1,C,A,N,W,5,171,OD1,CZ3,9.160652
tcr_26_1,C,A,N,L,5,150,OD1,CB,9.896006
tcr_26_1,C,A,N,Y,5,137,OD1,O,8.27285
tcr_26_1,C,A,N,N,5,138,OD1,C,8.9480915
tcr_26_1,C,A,N,Y,5,137,OD1,C,9.117444
tcr_26_1,C,A,N,N,5,138,OD1,N,9.042701
tcr_26_1,C,A,N,N,5,138,OD1,CA,8.066744
tcr_26_1,C,A,N,L,5,150,OD1,CG,9.984806
tcr_26_1,C,A,N,Q,5,139,OD1,N,9.479665
tcr_26_1,C,A,N,N,5,138,OD1,O,9.37575
tcr_26_1,C,A,N,K,5,90,OD1,NZ,9.8682375
tcr_26_1,C,A,N,Y,5,31,OD1,CD2,9.508289
tcr_26_1,C,A,N,K,5,90,OD1,CD,9.145579
tcr_26_1,C,A,N,K,5,90,OD1,CB,9.371101
tcr_26_1,C,A,N,K,5,90,OD1,CE,9.629196
tcr_26_1,C,A,N,K,5,90,OD1,CG,9.371042
tcr_26_1,C,A,N,K,5,90,OD1,O,9.495436
tcr_26_1,C,A,N,Q,5,94,OD1,N,9.721126
tcr_26_1,C,A,N,F,5,123,OD1,CZ,6.1096473
tcr_26_1,C,A,N,F,5,123,OD1,CE2,5.9894834
tcr_26_1,C,A,N,R,5,121,OD1,NH1,4.6927323
tcr_26_1,C,A,N,Q,5,94,OD1,CD,7.1061397
tcr_26_1,C,A,N,Q,5,94,OD1,OE1,6.000906
tcr_26_1,C,A,N,Q,5,94,OD1,CG,8.202756
tcr_26_1,C,A,N,Q,5,94,OD1,CA,9.206826
tcr_26_1,C,A,N,Q,5,94,OD1,CB,8.6161375
tcr_26_1,C,A,N,R,5,121,OD1,NE,5.599767
tcr_26_1,C,A,N,R,5,121,OD1,CZ,4.5853963
tcr_26_1,C,A,N,F,5,123,OD1,CD2,6.0357013
tcr_26_1,C,A,N,F,5,123,OD1,CG,6.206852
tcr_26_1,C,A,N,R,5,121,OD1,CB,9.2821
tcr_26_1,C,A,N,F,5,123,OD1,CD1,6.3200855
tcr_26_1,C,A,N,F,5,123,OD1,CE1,6.272563
tcr_26_1,C,A,N,R,5,121,OD1,CG,7.972215
tcr_26_1,C,A,N,R,5,121,OD1,CD,6.8422627
tcr_26_1,C,A,N,Y,5,31,OD1,CG,9.819296
tcr_26_1,C,A,N,Y,5,31,OD1,CB,9.614867
tcr_26_1,C,A,N,A,5,97,OD1,CB,9.669626
tcr_26_1,C,A,N,F,5,140,OD1,CD1,9.398606
tcr_26_1,C,A,N,F,5,140,OD1,CE1,8.104018
tcr_26_1,C,A,N,Q,5,94,OD1,NE2,7.56524
tcr_26_1,C,A,N,F,5,123,OD1,O,9.384679
tcr_26_1,C,A,N,F,5,123,OD1,C,8.844881
tcr_26_1,C,A,N,M,5,122,OD1,C,9.528342
tcr_26_1,C,A,N,F,5,123,OD1,N,8.986434
tcr_26_1,C,A,N,F,5,123,OD1,CA,8.291178
tcr_26_1,C,A,N,M,5,122,OD1,O,9.396033
tcr_26_1,C,A,N,F,5,140,OD1,CG,9.835855
tcr_26_1,C,A,N,T,5,187,ND2,CB,9.91527
tcr_26_1,C,A,N,C,5,188,ND2,N,9.866645
tcr_26_1,C,A,N,C,5,188,ND2,CB,8.962454
tcr_26_1,C,A,N,C,5,188,ND2,CA,9.857469
tcr_26_1,C,A,N,C,5,188,ND2,SG,9.045218
tcr_26_1,C,A,N,C,5,125,ND2,N,9.823287
tcr_26_1,C,A,N,R,5,180,ND2,N,7.0040755
tcr_26_1,C,A,N,Q,5,179,ND2,C,7.45221
tcr_26_1,C,A,N,A,5,182,ND2,C,9.523406
tcr_26_1,C,A,N,A,5,182,ND2,N,9.796211
tcr_26_1,C,A,N,Q,5,179,ND2,CA,8.570643
tcr_26_1,C,A,N,Q,5,179,ND2,N,9.538389
tcr_26_1,C,A,N,Q,5,179,ND2,CB,8.12064
tcr_26_1,C,A,N,Q,5,179,ND2,CG,9.27178
tcr_26_1,C,A,N,E,5,176,ND2,O,8.377994
tcr_26_1,C,A,N,E,5,176,ND2,C,9.258662
tcr_26_1,C,A,N,Y,5,183,ND2,CD2,6.210385
tcr_26_1,C,A,N,Q,5,179,ND2,CD,8.981711
tcr_26_1,C,A,N,Q,5,179,ND2,NE2,9.558229
tcr_26_1,C,A,N,Q,5,179,ND2,OE1,8.421276
tcr_26_1,C,A,N,Y,5,183,ND2,CB,6.10933
tcr_26_1,C,A,N,Q,5,179,ND2,O,7.2407885
tcr_26_1,C,A,N,Y,5,183,ND2,CE2,6.3456273
tcr_26_1,C,A,N,Y,5,183,ND2,CA,7.591019
tcr_26_1,C,A,N,Y,5,183,ND2,N,8.207769
tcr_26_1,C,A,N,Y,5,183,ND2,CD1,5.16003
tcr_26_1,C,A,N,R,5,180,ND2,CZ,3.580163
tcr_26_1,C,A,N,Y,5,183,ND2,CG,5.634716
tcr_26_1,C,A,N,Y,5,183,ND2,CZ,5.9263406
tcr_26_1,C,A,N,R,5,180,ND2,NE,4.181826
tcr_26_1,C,A,N,Y,5,183,ND2,OH,6.522667
tcr_26_1,C,A,N,Y,5,183,ND2,CE1,5.3194766
tcr_26_1,C,A,N,R,5,180,ND2,NH1,2.567376
tcr_26_1,C,A,N,Y,5,183,ND2,O,8.634047
tcr_26_1,C,A,N,R,5,180,ND2,NH2,4.4206676
tcr_26_1,C,A,N,Y,5,183,ND2,C,7.9848275
tcr_26_1,C,A,N,R,5,181,ND2,C,9.750643
tcr_26_1,C,A,N,R,5,181,ND2,CA,9.514665
tcr_26_1,C,A,N,R,5,181,ND2,N,8.398649
tcr_26_1,C,A,N,A,5,177,ND2,CA,9.924654
tcr_26_1,C,A,N,A,5,177,ND2,O,9.719529
tcr_26_1,C,A,N,G,5,124,ND2,C,8.787656
tcr_26_1,C,A,N,L,5,184,ND2,CB,8.354351
tcr_26_1,C,A,N,G,5,124,ND2,CA,7.9901447
tcr_26_1,C,A,N,L,5,184,ND2,CA,8.497001
tcr_26_1,C,A,N,L,5,184,ND2,N,7.9004927
tcr_26_1,C,A,N,G,5,124,ND2,N,7.071714
tcr_26_1,C,A,N,L,5,184,ND2,CD2,6.8750353
tcr_26_1,C,A,N,L,5,184,ND2,CD1,7.3342786
tcr_26_1,C,A,N,L,5,184,ND2,CG,7.027552
tcr_26_1,C,A,N,R,5,180,ND2,O,6.876023
tcr_26_1,C,A,N,F,5,123,ND2,CB,4.659763
tcr_26_1,C,A,N,R,5,180,ND2,C,7.1392164
tcr_26_1,C,A,N,R,5,121,ND2,NH2,2.9657757
tcr_26_1,C,A,N,N,5,138,ND2,CG,4.743261
tcr_26_1,C,A,N,R,5,180,ND2,CD,4.1684866
tcr_26_1,C,A,N,N,5,138,ND2,OD1,4.280234
tcr_26_1,C,A,N,N,5,138,ND2,ND2,4.9685273
tcr_26_1,C,A,N,R,5,180,ND2,CB,6.2051253
tcr_26_1,C,A,N,L,5,150,ND2,CD2,8.356763
tcr_26_1,C,A,N,R,5,180,ND2,CA,6.2211165
tcr_26_1,C,A,N,N,5,138,ND2,CB,5.594809
tcr_26_1,C,A,N,R,5,180,ND2,CG,5.64567
tcr_26_1,C,A,N,E,5,176,ND2,CA,9.820953
tcr_26_1,C,A,N,E,5,176,ND2,CB,9.4122925
tcr_26_1,C,A,N,W,5,157,ND2,CZ2,8.78995
tcr_26_1,C,A,N,E,5,176,ND2,CG,7.9118614
tcr_26_1,C,A,N,W,5,157,ND2,CH2,7.88995
tcr_26_1,C,A,N,E,5,176,ND2,OE2,8.618442
tcr_26_1,C,A,N,E,5,176,ND2,CD,7.6784177
tcr_26_1,C,A,N,W,5,157,ND2,CZ3,8.543022
tcr_26_1,C,A,N,W,5,171,ND2,CE3,9.675413
tcr_26_1,C,A,N,E,5,176,ND2,OE1,6.6605797
tcr_26_1,C,A,N,W,5,171,ND2,CE2,9.73697
tcr_26_1,C,A,N,F,5,140,ND2,CZ,6.2750115
tcr_26_1,C,A,N,F,5,140,ND2,CD2,7.9717607
tcr_26_1,C,A,N,W,5,171,ND2,CH2,8.66605
tcr_26_1,C,A,N,F,5,140,ND2,CE2,6.747347
tcr_26_1,C,A,N,W,5,171,ND2,CZ2,9.054706
tcr_26_1,C,A,N,W,5,171,ND2,CZ3,8.992345
tcr_26_1,C,A,N,L,5,150,ND2,CD1,9.882617
tcr_26_1,C,A,N,Y,5,137,ND2,CB,9.556311
tcr_26_1,C,A,N,G,5,124,ND2,O,8.650183
tcr_26_1,C,A,N,Y,5,137,ND2,CA,8.926823
tcr_26_1,C,A,N,Y,5,137,ND2,N,9.1642065
tcr_26_1,C,A,N,L,5,150,ND2,CB,9.115101
tcr_26_1,C,A,N,Y,5,137,ND2,O,6.5870113
tcr_26_1,C,A,N,N,5,138,ND2,C,7.4127226
tcr_26_1,C,A,N,Y,5,137,ND2,C,7.488569
tcr_26_1,C,A,N,N,5,138,ND2,N,7.4680486
tcr_26_1,C,A,N,N,5,138,ND2,CA,6.4686694
tcr_26_1,C,A,N,L,5,150,ND2,CG,9.436705
tcr_26_1,C,A,N,Q,5,139,ND2,N,7.78855
tcr_26_1,C,A,N,N,5,138,ND2,O,8.055252
tcr_26_1,C,A,N,Q,5,139,ND2,CA,9.021216
tcr_26_1,C,A,N,W,5,157,ND2,CE3,9.955892
tcr_26_1,C,A,N,Y,5,31,ND2,CZ,9.469707
tcr_26_1,C,A,N,Y,5,31,ND2,CD2,7.8823457
tcr_26_1,C,A,N,Y,5,31,ND2,CE2,8.603773
tcr_26_1,C,A,N,Y,5,31,ND2,CE1,9.6756735
tcr_26_1,C,A,N,K,5,90,ND2,CD,9.484466
tcr_26_1,C,A,N,K,5,90,ND2,CB,9.618589
tcr_26_1,C,A,N,K,5,90,ND2,CG,9.861608
tcr_26_1,C,A,N,K,5,90,ND2,O,9.628162
tcr_26_1,C,A,N,Q,5,94,ND2,N,9.906253
tcr_26_1,C,A,N,Y,5,31,ND2,CD1,9.042311
tcr_26_1,C,A,N,F,5,123,ND2,CZ,4.391017
tcr_26_1,C,A,N,F,5,123,ND2,CE2,4.267577
tcr_26_1,C,A,N,R,5,121,ND2,NH1,3.8793263
tcr_26_1,C,A,N,Q,5,94,ND2,CD,6.645982
tcr_26_1,C,A,N,Q,5,94,ND2,OE1,5.7495575
tcr_26_1,C,A,N,Q,5,94,ND2,CG,7.6105294
tcr_26_1,C,A,N,Q,5,94,ND2,CA,9.17282
tcr_26_1,C,A,N,Q,5,94,ND2,CB,8.314946
tcr_26_1,C,A,N,R,5,121,ND2,NE,4.0525613
tcr_26_1,C,A,N,R,5,121,ND2,CZ,3.4172263
tcr_26_1,C,A,N,F,5,123,ND2,CD2,4.1021175
tcr_26_1,C,A,N,F,5,123,ND2,CG,4.07228
tcr_26_1,C,A,N,R,5,121,ND2,CB,7.589673
tcr_26_1,C,A,N,Y,5,31,ND2,N,9.040237
tcr_26_1,C,A,N,F,5,123,ND2,CD1,4.200292
tcr_26_1,C,A,N,F,5,123,ND2,CE1,4.3581834
tcr_26_1,C,A,N,R,5,121,ND2,CG,6.2233343
tcr_26_1,C,A,N,R,5,121,ND2,CD,5.26685
tcr_26_1,C,A,N,Y,5,31,ND2,CG,8.11784
tcr_26_1,C,A,N,Y,5,31,ND2,CB,7.7295566
tcr_26_1,C,A,N,Y,5,31,ND2,CA,8.890095
tcr_26_1,C,A,N,S,5,33,ND2,OG,8.542636
tcr_26_1,C,A,N,Y,5,31,ND2,C,9.025586
tcr_26_1,C,A,N,S,5,33,ND2,CB,9.330384
tcr_26_1,C,A,N,F,5,140,ND2,CD1,8.307664
tcr_26_1,C,A,N,F,5,140,ND2,CE1,7.148529
tcr_26_1,C,A,N,D,5,98,ND2,OD1,9.542405
tcr_26_1,C,A,N,Q,5,94,ND2,NE2,7.060106
tcr_26_1,C,A,N,F,5,123,ND2,O,7.3276463
tcr_26_1,C,A,N,F,5,123,ND2,C,6.802442
tcr_26_1,C,A,N,M,5,122,ND2,C,7.3986316
tcr_26_1,C,A,N,F,5,123,ND2,N,6.821595
tcr_26_1,C,A,N,F,5,123,ND2,CA,6.1842046
tcr_26_1,C,A,N,Y,5,31,ND2,O,8.429305
tcr_26_1,C,A,N,R,5,121,ND2,O,8.8896265
tcr_26_1,C,A,N,M,5,122,ND2,O,7.351439
tcr_26_1,C,A,N,M,5,122,ND2,CA,8.453159
tcr_26_1,C,A,N,M,5,122,ND2,N,8.407883
tcr_26_1,C,A,N,F,5,140,ND2,CG,8.68449
tcr_26_1,C,A,N,R,5,121,ND2,C,8.589367
tcr_26_1,C,A,N,R,5,121,ND2,CA,8.669819
tcr_26_1,C,A,N,R,5,121,ND2,N,9.930279
tcr_26_1,C,A,N,Q,5,139,ND2,O,8.408087
tcr_26_1,C,A,N,Q,5,139,ND2,C,8.992854
tcr_26_1,C,A,N,F,5,140,ND2,N,9.875532
tcr_26_1,C,A,N,M,5,122,ND2,CB,9.871629
tcr_26_1,C,A,H,Q,6,179,N,CB,9.361842
tcr_26_1,C,A,H,Q,6,179,N,CG,9.722841
tcr_26_1,C,A,H,Q,6,179,N,CD,8.567318
tcr_26_1,C,A,H,Q,6,179,N,NE2,8.708106
tcr_26_1,C,A,H,Q,6,179,N,OE1,7.6708484
tcr_26_1,C,A,H,R,6,180,N,CZ,5.6243057
tcr_26_1,C,A,H,R,6,180,N,NE,6.9113846
tcr_26_1,C,A,H,R,6,180,N,NH1,5.265616
tcr_26_1,C,A,H,R,6,180,N,NH2,4.902323
tcr_26_1,C,A,H,R,6,121,N,NH2,5.5864973
tcr_26_1,C,A,H,N,6,138,N,CG,9.394408
tcr_26_1,C,A,H,R,6,180,N,CD,7.963857
tcr_26_1,C,A,H,N,6,138,N,OD1,8.795211
tcr_26_1,C,A,H,N,6,138,N,ND2,9.03566
tcr_26_1,C,A,H,R,6,180,N,CG,9.232254
tcr_26_1,C,A,H,E,6,176,N,CB,9.770793
tcr_26_1,C,A,H,E,6,176,N,CG,8.531752
tcr_26_1,C,A,H,E,6,176,N,OE2,7.7637906
tcr_26_1,C,A,H,E,6,176,N,CD,7.6645617
tcr_26_1,C,A,H,E,6,176,N,OE1,7.0431237
tcr_26_1,C,A,H,W,6,171,N,CE2,9.228764
tcr_26_1,C,A,H,W,6,171,N,NE1,9.246638
tcr_26_1,C,A,H,F,6,140,N,CZ,7.640271
tcr_26_1,C,A,H,W,6,171,N,CH2,9.229444
tcr_26_1,C,A,H,F,6,140,N,CE2,8.821666
tcr_26_1,C,A,H,W,6,171,N,CZ2,8.7147875
tcr_26_1,C,A,H,Q,6,89,N,C,9.610095
tcr_26_1,C,A,H,K,6,90,N,CD,9.028013
tcr_26_1,C,A,H,K,6,90,N,N,9.213883
tcr_26_1,C,A,H,K,6,90,N,CA,7.885803
tcr_26_1,C,A,H,K,6,90,N,CB,8.037095
tcr_26_1,C,A,H,K,6,90,N,CE,9.900145
tcr_26_1,C,A,H,K,6,90,N,CG,8.416162
tcr_26_1,C,A,H,Y,6,91,N,N,8.760399
tcr_26_1,C,A,H,R,6,93,N,NH2,8.719513
tcr_26_1,C,A,H,R,6,93,N,NH1,9.613296
tcr_26_1,C,A,H,R,6,93,N,CZ,8.509747
tcr_26_1,C,A,H,R,6,93,N,NE,7.3521986
tcr_26_1,C,A,H,R,6,93,N,CD,7.2806964
tcr_26_1,C,A,H,Q,6,89,N,O,8.950037
tcr_26_1,C,A,H,R,6,93,N,CG,7.425102
tcr_26_1,C,A,H,R,6,93,N,CB,6.2406273
tcr_26_1,C,A,H,R,6,93,N,N,7.8830185
tcr_26_1,C,A,H,K,6,92,N,CA,9.942654
tcr_26_1,C,A,H,R,6,93,N,CA,6.7939873
tcr_26_1,C,A,H,K,6,92,N,C,8.794367
tcr_26_1,C,A,H,Y,6,91,N,CA,9.022086
tcr_26_1,C,A,H,K,6,92,N,O,8.892337
tcr_26_1,C,A,H,K,6,90,N,O,6.645947
tcr_26_1,C,A,H,R,6,93,N,C,5.8761535
tcr_26_1,C,A,H,K,6,92,N,N,9.633487
tcr_26_1,C,A,H,K,6,90,N,C,7.6493278
tcr_26_1,C,A,H,Q,6,94,N,N,5.679048
tcr_26_1,C,A,H,Y,6,91,N,C,9.012135
tcr_26_1,C,A,H,F,6,123,N,CZ,8.473429
tcr_26_1,C,A,H,F,6,123,N,CE2,9.15222
tcr_26_1,C,A,H,F,6,46,N,CZ,9.203714
tcr_26_1,C,A,H,Y,6,91,N,O,8.626052
tcr_26_1,C,A,H,R,6,121,N,NH1,4.5265584
tcr_26_1,C,A,H,Q,6,94,N,CD,4.4275465
tcr_26_1,C,A,H,Q,6,94,N,OE1,3.446869
tcr_26_1,C,A,H,A,6,95,N,N,7.6836686
tcr_26_1,C,A,H,F,6,46,N,CE2,9.214591
tcr_26_1,C,A,H,Q,6,94,N,CG,5.6089444
tcr_26_1,C,A,H,Q,6,94,N,CA,5.3190303
tcr_26_1,C,A,H,Q,6,94,N,CB,5.5451083
tcr_26_1,C,A,H,R,6,121,N,NE,6.7633996
tcr_26_1,C,A,H,R,6,121,N,CZ,5.5508494
tcr_26_1,C,A,H,F,6,123,N,CD2,9.601505
tcr_26_1,C,A,H,F,6,123,N,CG,9.423302
tcr_26_1,C,A,H,R,6,121,N,CB,9.506293
tcr_26_1,C,A,H,F,6,123,N,CD1,8.761584
tcr_26_1,C,A,H,F,6,123,N,CE1,8.262553
tcr_26_1,C,A,H,R,6,121,N,CG,8.803724
tcr_26_1,C,A,H,R,6,121,N,CD,7.3105826
tcr_26_1,C,A,H,S,6,33,N,OG,9.459508
tcr_26_1,C,A,H,Q,6,96,N,O,9.029069
tcr_26_1,C,A,H,Q,6,96,N,CB,9.047275
tcr_26_1,C,A,H,Q,6,96,N,OE1,9.799094
tcr_26_1,C,A,H,R,6,93,N,O,5.7599187
tcr_26_1,C,A,H,Q,6,96,N,C,8.258576
tcr_26_1,C,A,H,Q,6,96,N,N,8.697821
tcr_26_1,C,A,H,Q,6,96,N,CA,9.006378
tcr_26_1,C,A,H,A,6,97,N,N,6.946499
tcr_26_1,C,A,H,A,6,95,N,C,9.0086975
tcr_26_1,C,A,H,A,6,97,N,CA,6.394601
tcr_26_1,C,A,H,A,6,95,N,CA,8.89885
tcr_26_1,C,A,H,A,6,97,N,CB,4.87106
tcr_26_1,C,A,H,A,6,95,N,O,9.572846
tcr_26_1,C,A,H,Q,6,94,N,C,6.4749727
tcr_26_1,C,A,H,Q,6,94,N,O,6.4458675
tcr_26_1,C,A,H,A,6,97,N,C,7.185823
tcr_26_1,C,A,H,D,6,98,N,CB,8.769068
tcr_26_1,C,A,H,D,6,98,N,OD2,8.575533
tcr_26_1,C,A,H,F,6,140,N,CD1,9.267812
tcr_26_1,C,A,H,D,6,98,N,CG,8.009438
tcr_26_1,C,A,H,F,6,140,N,CE1,7.9000683
tcr_26_1,C,A,H,D,6,98,N,OD1,7.156002
tcr_26_1,C,A,H,Q,6,94,N,NE2,4.810483
tcr_26_1,C,A,H,D,6,98,N,CA,8.508232
tcr_26_1,C,A,H,D,6,98,N,N,7.462274
tcr_26_1,C,A,H,N,6,101,N,ND2,7.054405
tcr_26_1,C,A,H,D,6,98,N,C,9.862466
tcr_26_1,C,A,H,N,6,101,N,CG,8.108548
tcr_26_1,C,A,H,N,6,101,N,CB,9.413656
tcr_26_1,C,A,H,N,6,101,N,OD1,8.198143
tcr_26_1,C,A,H,A,6,97,N,O,7.894084
tcr_26_1,C,A,H,Q,6,179,CA,CD,9.414955
tcr_26_1,C,A,H,Q,6,179,CA,NE2,9.544556
tcr_26_1,C,A,H,Q,6,179,CA,OE1,8.447161
tcr_26_1,C,A,H,R,6,180,CA,CZ,6.628035
tcr_26_1,C,A,H,R,6,180,CA,NE,7.869511
tcr_26_1,C,A,H,R,6,180,CA,NH1,6.467129
tcr_26_1,C,A,H,R,6,180,CA,NH2,5.708591
tcr_26_1,C,A,H,R,6,121,CA,NH2,6.415837
tcr_26_1,C,A,H,R,6,180,CA,CD,9.047279
tcr_26_1,C,A,H,N,6,138,CA,OD1,9.638447
tcr_26_1,C,A,H,N,6,138,CA,ND2,9.870002
tcr_26_1,C,A,H,E,6,176,CA,CG,9.061893
tcr_26_1,C,A,H,E,6,176,CA,OE2,7.9214773
tcr_26_1,C,A,H,E,6,176,CA,CD,8.029694
tcr_26_1,C,A,H,E,6,176,CA,OE1,7.4797206
tcr_26_1,C,A,H,W,6,171,CA,CE2,9.116346
tcr_26_1,C,A,H,W,6,171,CA,NE1,9.009738
tcr_26_1,C,A,H,F,6,140,CA,CZ,7.8925533
tcr_26_1,C,A,H,W,6,171,CA,CH2,9.271235
tcr_26_1,C,A,H,F,6,140,CA,CE2,9.147682
tcr_26_1,C,A,H,W,6,171,CA,CZ2,8.600922
tcr_26_1,C,A,H,Q,6,89,CA,C,9.795533
tcr_26_1,C,A,H,K,6,90,CA,CD,9.994833
tcr_26_1,C,A,H,K,6,90,CA,N,9.586254
tcr_26_1,C,A,H,K,6,90,CA,CA,8.342214
tcr_26_1,C,A,H,K,6,90,CA,CB,8.735074
tcr_26_1,C,A,H,K,6,90,CA,CG,9.219451
tcr_26_1,C,A,H,Y,6,91,CA,N,9.066391
tcr_26_1,C,A,H,R,6,93,CA,NH2,9.126787
tcr_26_1,C,A,H,R,6,93,CA,NH1,9.702453
tcr_26_1,C,A,H,R,6,93,CA,CZ,8.713093
tcr_26_1,C,A,H,R,6,93,CA,NE,7.461357
tcr_26_1,C,A,H,R,6,93,CA,CD,7.10105
tcr_26_1,C,A,H,Q,6,89,CA,O,8.981359
tcr_26_1,C,A,H,R,6,93,CA,CG,7.091148
tcr_26_1,C,A,H,R,6,93,CA,CB,5.918308
tcr_26_1,C,A,H,R,6,93,CA,N,7.4986873
tcr_26_1,C,A,H,K,6,92,CA,CA,9.595756
tcr_26_1,C,A,H,R,6,93,CA,CA,6.272688
tcr_26_1,C,A,H,K,6,92,CA,C,8.317265
tcr_26_1,C,A,H,Y,6,91,CA,CA,9.197929
tcr_26_1,C,A,H,K,6,92,CA,O,8.236428
tcr_26_1,C,A,H,K,6,90,CA,O,6.869059
tcr_26_1,C,A,H,R,6,93,CA,C,5.264186
tcr_26_1,C,A,H,K,6,92,CA,N,9.496752
tcr_26_1,C,A,H,K,6,90,CA,C,7.9792542
tcr_26_1,C,A,H,Q,6,94,CA,N,5.309015
tcr_26_1,C,A,H,Y,6,91,CA,C,8.944439
tcr_26_1,C,A,H,F,6,123,CA,CZ,9.606863
tcr_26_1,C,A,H,F,6,46,CA,CZ,9.17846
tcr_26_1,C,A,H,Y,6,91,CA,O,8.43021
tcr_26_1,C,A,H,R,6,121,CA,NH1,5.188685
tcr_26_1,C,A,H,Q,6,94,CA,CD,4.5052524
tcr_26_1,C,A,H,Q,6,94,CA,OE1,3.843738
tcr_26_1,C,A,H,A,6,95,CA,N,7.095389
tcr_26_1,C,A,H,F,6,46,CA,CE2,9.034279
tcr_26_1,C,A,H,Q,6,94,CA,CG,5.6574893
tcr_26_1,C,A,H,Q,6,94,CA,CA,4.9354258
tcr_26_1,C,A,H,Q,6,94,CA,CB,5.540432
tcr_26_1,C,A,H,R,6,121,CA,NE,7.4208283
tcr_26_1,C,A,H,R,6,121,CA,CZ,6.277916
tcr_26_1,C,A,H,R,6,121,CA,CB,9.78123
tcr_26_1,C,A,H,F,6,123,CA,CD1,9.752587
tcr_26_1,C,A,H,F,6,123,CA,CE1,9.269154
tcr_26_1,C,A,H,R,6,121,CA,CG,9.256472
tcr_26_1,C,A,H,R,6,121,CA,CD,7.7920604
tcr_26_1,C,A,H,S,6,33,CA,OG,9.65798
tcr_26_1,C,A,H,Q,6,96,CA,O,7.688291
tcr_26_1,C,A,H,Q,6,96,CA,CB,7.910921
tcr_26_1,C,A,H,Q,6,96,CA,CG,9.220332
tcr_26_1,C,A,H,Q,6,96,CA,CD,9.495939
tcr_26_1,C,A,H,Q,6,96,CA,OE1,8.804504
tcr_26_1,C,A,H,R,6,93,CA,O,4.8713613
tcr_26_1,C,A,H,Q,6,96,CA,C,6.98793
tcr_26_1,C,A,H,Q,6,96,CA,N,7.7050242
tcr_26_1,C,A,H,Q,6,96,CA,CA,7.8505616
tcr_26_1,C,A,H,A,6,97,CA,N,5.683479
tcr_26_1,C,A,H,A,6,95,CA,C,8.076869
tcr_26_1,C,A,H,A,6,97,CA,CA,5.0402436
tcr_26_1,C,A,H,A,6,95,CA,CA,8.183168
tcr_26_1,C,A,H,A,6,97,CA,CB,3.5315428
tcr_26_1,C,A,H,A,6,95,CA,O,8.558929
tcr_26_1,C,A,H,V,6,100,CA,N,9.4272375
tcr_26_1,C,A,H,Q,6,94,CA,C,5.8662663
tcr_26_1,C,A,H,Q,6,94,CA,O,5.6783805
tcr_26_1,C,A,H,A,6,97,CA,C,5.9132705
tcr_26_1,C,A,H,D,6,98,CA,CB,7.929886
tcr_26_1,C,A,H,D,6,98,CA,OD2,8.104479
tcr_26_1,C,A,H,F,6,140,CA,CD1,9.26729
tcr_26_1,C,A,H,D,6,98,CA,CG,7.3691816
tcr_26_1,C,A,H,F,6,140,CA,CE1,7.9624925
tcr_26_1,C,A,H,D,6,98,CA,OD1,6.5172076
tcr_26_1,C,A,H,Q,6,94,CA,NE2,4.6381803
tcr_26_1,C,A,H,D,6,98,CA,CA,7.479239
tcr_26_1,C,A,H,D,6,98,CA,N,6.343437
tcr_26_1,C,A,H,L,6,119,CA,CD2,9.597487
tcr_26_1,C,A,H,N,6,101,CA,ND2,6.1297383
tcr_26_1,C,A,H,D,6,98,CA,C,8.743046
tcr_26_1,C,A,H,R,6,99,CA,N,9.038894
tcr_26_1,C,A,H,N,6,101,CA,CG,7.08242
tcr_26_1,C,A,H,N,6,101,CA,CB,8.385308
tcr_26_1,C,A,H,N,6,101,CA,CA,9.328238
tcr_26_1,C,A,H,D,6,98,CA,O,9.584453
tcr_26_1,C,A,H,N,6,101,CA,OD1,7.1242986
tcr_26_1,C,A,H,N,6,101,CA,N,8.991889
tcr_26_1,C,A,H,A,6,97,CA,O,6.5860724
tcr_26_1,C,A,H,V,6,100,CA,CG2,9.133269
tcr_26_1,C,A,H,V,6,100,CA,CB,8.873117
tcr_26_1,C,A,H,V,6,100,CA,CG1,9.558929
tcr_26_1,C,A,H,V,6,100,CA,C,9.826879
tcr_26_1,C,A,H,V,6,100,CA,CA,9.704445
tcr_26_1,C,A,H,A,6,95,CA,CB,9.457117
tcr_26_1,C,A,H,F,6,46,CA,CD2,9.795373
tcr_26_1,C,A,H,Q,6,179,C,CD,9.020531
tcr_26_1,C,A,H,Q,6,179,C,NE2,9.260544
tcr_26_1,C,A,H,Q,6,179,C,OE1,7.9536014
tcr_26_1,C,A,H,R,6,180,C,CZ,6.453847
tcr_26_1,C,A,H,R,6,180,C,NE,7.5885177
tcr_26_1,C,A,H,R,6,180,C,NH1,6.586744
tcr_26_1,C,A,H,R,6,180,C,NH2,5.340925
tcr_26_1,C,A,H,R,6,121,C,NH2,6.577399
tcr_26_1,C,A,H,R,6,180,C,CD,8.891304
tcr_26_1,C,A,H,N,6,138,C,OD1,9.707371
tcr_26_1,C,A,H,N,6,138,C,ND2,9.661167
tcr_26_1,C,A,H,R,6,180,C,CG,9.925985
tcr_26_1,C,A,H,W,6,171,C,CD1,8.6673155
tcr_26_1,C,A,H,E,6,176,C,CB,9.187959
tcr_26_1,C,A,H,W,6,171,C,CG,9.471504
tcr_26_1,C,A,H,E,6,176,C,CG,8.171044
tcr_26_1,C,A,H,E,6,176,C,OE2,6.757534
tcr_26_1,C,A,H,E,6,176,C,CD,7.044695
tcr_26_1,C,A,H,W,6,171,C,CD2,9.071791
tcr_26_1,C,A,H,W,6,171,C,CE3,9.771176
tcr_26_1,C,A,H,E,6,176,C,OE1,6.636979
tcr_26_1,C,A,H,W,6,171,C,CE2,7.9482894
tcr_26_1,C,A,H,W,6,171,C,NE1,7.6983724
tcr_26_1,C,A,H,F,6,140,C,CZ,7.6319175
tcr_26_1,C,A,H,F,6,140,C,CD2,9.955455
tcr_26_1,C,A,H,W,6,171,C,CH2,8.406192
tcr_26_1,C,A,H,F,6,140,C,CE2,8.814052
tcr_26_1,C,A,H,W,6,171,C,CZ2,7.571157
tcr_26_1,C,A,H,W,6,171,C,CZ3,9.462759
tcr_26_1,C,A,H,K,6,104,C,NZ,9.022969
tcr_26_1,C,A,H,K,6,90,C,CA,9.835314
tcr_26_1,C,A,H,R,6,93,C,CZ,9.833748
tcr_26_1,C,A,H,R,6,93,C,NE,8.589975
tcr_26_1,C,A,H,R,6,93,C,CD,8.113587
tcr_26_1,C,A,H,R,6,93,C,CG,8.191568
tcr_26_1,C,A,H,R,6,93,C,CB,7.1474853
tcr_26_1,C,A,H,R,6,93,C,N,8.785782
tcr_26_1,C,A,H,R,6,93,C,CA,7.4779277
tcr_26_1,C,A,H,K,6,92,C,C,9.561782
tcr_26_1,C,A,H,K,6,92,C,O,9.364036
tcr_26_1,C,A,H,K,6,90,C,O,8.386949
tcr_26_1,C,A,H,R,6,93,C,C,6.485712
tcr_26_1,C,A,H,K,6,90,C,C,9.502383
tcr_26_1,C,A,H,Q,6,94,C,N,6.669168
tcr_26_1,C,A,H,Y,6,91,C,O,9.804825
tcr_26_1,C,A,H,R,6,121,C,NH1,5.723796
tcr_26_1,C,A,H,Q,6,94,C,CD,5.6076994
tcr_26_1,C,A,H,Q,6,94,C,OE1,5.0368457
tcr_26_1,C,A,H,A,6,95,C,N,8.212473
tcr_26_1,C,A,H,Q,6,94,C,CG,6.8804703
tcr_26_1,C,A,H,Q,6,94,C,CA,6.236975
tcr_26_1,C,A,H,Q,6,94,C,CB,6.921018
tcr_26_1,C,A,H,R,6,121,C,NE,7.788529
tcr_26_1,C,A,H,R,6,121,C,CZ,6.631816
tcr_26_1,C,A,H,R,6,121,C,CG,9.637593
tcr_26_1,C,A,H,R,6,121,C,CD,8.258163
tcr_26_1,C,A,H,Q,6,96,C,O,7.829209
tcr_26_1,C,A,H,Q,6,96,C,CB,8.5084305
tcr_26_1,C,A,H,Q,6,96,C,CG,9.911893
tcr_26_1,C,A,H,Q,6,96,C,OE1,9.4484625
tcr_26_1,C,A,H,R,6,93,C,O,5.88805
tcr_26_1,C,A,H,Q,6,96,C,C,7.344825
tcr_26_1,C,A,H,Q,6,96,C,N,8.4905
tcr_26_1,C,A,H,Q,6,96,C,CA,8.419624
tcr_26_1,C,A,H,A,6,97,C,N,6.094672
tcr_26_1,C,A,H,A,6,95,C,C,8.861483
tcr_26_1,C,A,H,A,6,97,C,CA,5.1502676
tcr_26_1,C,A,H,A,6,95,C,CA,9.154542
tcr_26_1,C,A,H,A,6,97,C,CB,3.7692244
tcr_26_1,C,A,H,A,6,95,C,O,9.175409
tcr_26_1,C,A,H,V,6,100,C,N,9.13903
tcr_26_1,C,A,H,Q,6,94,C,C,6.9613667
tcr_26_1,C,A,H,Q,6,94,C,O,6.559768
tcr_26_1,C,A,H,A,6,97,C,C,5.91247
tcr_26_1,C,A,H,D,6,98,C,CB,8.311051
tcr_26_1,C,A,H,D,6,98,C,OD2,8.6752205
tcr_26_1,C,A,H,F,6,140,C,CD1,9.043638
tcr_26_1,C,A,H,D,6,98,C,CG,7.80618
tcr_26_1,C,A,H,F,6,140,C,CE1,7.7662234
tcr_26_1,C,A,H,D,6,98,C,OD1,6.8146424
tcr_26_1,C,A,H,Q,6,94,C,NE2,5.438903
tcr_26_1,C,A,H,D,6,98,C,CA,7.6326528
tcr_26_1,C,A,H,D,6,98,C,N,6.574116
tcr_26_1,C,A,H,L,6,119,C,CD2,9.468315
tcr_26_1,C,A,H,N,6,101,C,ND2,5.641088
tcr_26_1,C,A,H,D,6,98,C,C,8.800333
tcr_26_1,C,A,H,R,6,99,C,N,9.166914
tcr_26_1,C,A,H,N,6,101,C,CG,6.4233193
tcr_26_1,C,A,H,N,6,101,C,CB,7.846667
tcr_26_1,C,A,H,N,6,101,C,CA,8.680979
tcr_26_1,C,A,H,D,6,98,C,O,9.506636
tcr_26_1,C,A,H,N,6,101,C,OD1,6.2333355
tcr_26_1,C,A,H,N,6,101,C,N,8.415232
tcr_26_1,C,A,H,A,6,97,C,O,6.311173
tcr_26_1,C,A,H,V,6,100,C,CG2,8.641758
tcr_26_1,C,A,H,K,6,104,C,CD,9.982636
tcr_26_1,C,A,H,K,6,104,C,CE,9.867781
tcr_26_1,C,A,H,V,6,100,C,CB,8.252565
tcr_26_1,C,A,H,V,6,100,C,CG1,8.724454
tcr_26_1,C,A,H,V,6,100,C,C,9.201521
tcr_26_1,C,A,H,V,6,100,C,CA,9.187147
tcr_26_1,C,A,H,Q,6,179,O,CD,9.531716
tcr_26_1,C,A,H,Q,6,179,O,NE2,9.713584
tcr_26_1,C,A,H,Q,6,179,O,OE1,8.461038
tcr_26_1,C,A,H,R,6,180,O,CZ,7.5215473
tcr_26_1,C,A,H,R,6,180,O,NE,8.602155
tcr_26_1,C,A,H,R,6,180,O,NH1,7.730172
tcr_26_1,C,A,H,R,6,180,O,NH2,6.357029
tcr_26_1,C,A,H,R,6,121,O,NH2,7.7302194
tcr_26_1,C,A,H,R,6,180,O,CD,9.93532
tcr_26_1,C,A,H,W,6,171,O,CD1,8.768651
tcr_26_1,C,A,H,E,6,176,O,CB,9.632575
tcr_26_1,C,A,H,W,6,171,O,CG,9.71007
tcr_26_1,C,A,H,E,6,176,O,CG,8.763863
tcr_26_1,C,A,H,E,6,176,O,OE2,7.1323185
tcr_26_1,C,A,H,E,6,176,O,CD,7.607042
tcr_26_1,C,A,H,W,6,171,O,CD2,9.433155
tcr_26_1,C,A,H,E,6,176,O,OE1,7.346547
tcr_26_1,C,A,H,W,6,171,O,CE2,8.255063
tcr_26_1,C,A,H,W,6,171,O,NE1,7.8267527
tcr_26_1,C,A,H,F,6,140,O,CZ,8.502968
tcr_26_1,C,A,H,W,6,171,O,CH2,8.957524
tcr_26_1,C,A,H,F,6,140,O,CE2,9.673195
tcr_26_1,C,A,H,W,6,171,O,CZ2,7.982563
tcr_26_1,C,A,H,K,6,104,O,NZ,8.134482
tcr_26_1,C,A,H,R,6,93,O,CZ,9.999647
tcr_26_1,C,A,H,R,6,93,O,NE,8.741762
tcr_26_1,C,A,H,R,6,93,O,CD,8.07763
tcr_26_1,C,A,H,R,6,93,O,CG,8.141179
tcr_26_1,C,A,H,R,6,93,O,CB,7.23465
tcr_26_1,C,A,H,R,6,93,O,N,8.894964
tcr_26_1,C,A,H,R,6,93,O,CA,7.5069447
tcr_26_1,C,A,H,K,6,92,O,C,9.633133
tcr_26_1,C,A,H,K,6,92,O,O,9.335964
tcr_26_1,C,A,H,K,6,90,O,O,8.941173
tcr_26_1,C,A,H,R,6,93,O,C,6.6005282
tcr_26_1,C,A,H,Q,6,94,O,N,7.0060663
tcr_26_1,C,A,H,R,6,121,O,NH1,6.868818
tcr_26_1,C,A,H,Q,6,94,O,CD,6.472633
tcr_26_1,C,A,H,Q,6,94,O,OE1,6.030132
tcr_26_1,C,A,H,A,6,95,O,N,8.447647
tcr_26_1,C,A,H,Q,6,94,O,CG,7.649726
tcr_26_1,C,A,H,Q,6,94,O,CA,6.689106
tcr_26_1,C,A,H,Q,6,94,O,CB,7.584853
tcr_26_1,C,A,H,R,6,121,O,NE,8.896577
tcr_26_1,C,A,H,R,6,121,O,CZ,7.776692
tcr_26_1,C,A,H,R,6,121,O,CD,9.29769
tcr_26_1,C,A,H,Q,6,96,O,O,7.2458014
tcr_26_1,C,A,H,Q,6,96,O,CB,8.030851
tcr_26_1,C,A,H,Q,6,96,O,CG,9.461794
tcr_26_1,C,A,H,Q,6,96,O,CD,9.699472
tcr_26_1,C,A,H,Q,6,96,O,OE1,8.904502
tcr_26_1,C,A,H,R,6,93,O,O,5.8394732
tcr_26_1,C,A,H,Q,6,96,O,C,6.877517
tcr_26_1,C,A,H,Q,6,96,O,N,8.304507
tcr_26_1,C,A,H,Q,6,96,O,CA,8.024917
tcr_26_1,C,A,H,A,6,97,O,N,5.7227364
tcr_26_1,C,A,H,A,6,95,O,C,8.783586
tcr_26_1,C,A,H,A,6,97,O,CA,4.7231817
tcr_26_1,C,A,H,A,6,95,O,CA,9.275757
tcr_26_1,C,A,H,A,6,97,O,CB,3.561089
tcr_26_1,C,A,H,A,6,95,O,O,9.034501
tcr_26_1,C,A,H,V,6,100,O,N,8.502068
tcr_26_1,C,A,H,Q,6,94,O,C,7.2605524
tcr_26_1,C,A,H,Q,6,94,O,O,6.797956
tcr_26_1,C,A,H,R,6,99,O,CA,9.883609
tcr_26_1,C,A,H,A,6,97,O,C,5.598281
tcr_26_1,C,A,H,D,6,98,O,CB,8.458223
tcr_26_1,C,A,H,D,6,98,O,OD2,9.139733
tcr_26_1,C,A,H,F,6,140,O,CD1,9.760302
tcr_26_1,C,A,H,D,6,98,O,CG,8.162446
tcr_26_1,C,A,H,F,6,140,O,CE1,8.554034
tcr_26_1,C,A,H,D,6,98,O,OD1,7.2130632
tcr_26_1,C,A,H,Q,6,94,O,NE2,6.2269177
tcr_26_1,C,A,H,D,6,98,O,CA,7.5915327
tcr_26_1,C,A,H,D,6,98,O,N,6.46909
tcr_26_1,C,A,H,L,6,119,O,CD2,9.722972
tcr_26_1,C,A,H,N,6,101,O,ND2,5.702421
tcr_26_1,C,A,H,D,6,98,O,C,8.598161
tcr_26_1,C,A,H,R,6,99,O,N,8.857774
tcr_26_1,C,A,H,N,6,101,O,CG,6.2701445
tcr_26_1,C,A,H,N,6,101,O,CB,7.6812067
tcr_26_1,C,A,H,N,6,101,O,CA,8.316656
tcr_26_1,C,A,H,D,6,98,O,O,9.291288
tcr_26_1,C,A,H,N,6,101,O,OD1,5.9239078
tcr_26_1,C,A,H,N,6,101,O,N,7.914534
tcr_26_1,C,A,H,A,6,97,O,O,5.8699837
tcr_26_1,C,A,H,V,6,100,O,CG2,7.6885843
tcr_26_1,C,A,H,K,6,104,O,CD,9.2298155
tcr_26_1,C,A,H,K,6,104,O,CE,8.977993
tcr_26_1,C,A,H,V,6,100,O,CB,7.3771925
tcr_26_1,C,A,H,V,6,100,O,CG1,7.770779
tcr_26_1,C,A,H,V,6,100,O,C,8.55874
tcr_26_1,C,A,H,V,6,100,O,O,9.489101
tcr_26_1,C,A,H,V,6,100,O,CA,8.442332
tcr_26_1,C,A,H,R,6,99,O,C,9.646136
tcr_26_1,C,A,H,N,6,101,O,C,9.831111
tcr_26_1,C,A,H,Q,6,179,CB,CD,9.878848
tcr_26_1,C,A,H,Q,6,179,CB,NE2,9.811651
tcr_26_1,C,A,H,Q,6,179,CB,OE1,9.0004835
tcr_26_1,C,A,H,R,6,180,CB,CZ,7.9188757
tcr_26_1,C,A,H,R,6,180,CB,NE,9.177916
tcr_26_1,C,A,H,R,6,180,CB,NH1,7.650911
tcr_26_1,C,A,H,R,6,180,CB,NH2,7.0549736
tcr_26_1,C,A,H,R,6,121,CB,NH2,7.8332553
tcr_26_1,C,A,H,E,6,176,CB,OE2,9.113622
tcr_26_1,C,A,H,E,6,176,CB,CD,9.29425
tcr_26_1,C,A,H,E,6,176,CB,OE1,8.843313
tcr_26_1,C,A,H,F,6,140,CB,CZ,9.400181
tcr_26_1,C,A,H,Q,6,89,CB,C,8.747139
tcr_26_1,C,A,H,K,6,90,CB,CD,9.561285
tcr_26_1,C,A,H,K,6,90,CB,N,8.68298
tcr_26_1,C,A,H,K,6,90,CB,CA,7.568491
tcr_26_1,C,A,H,K,6,90,CB,CB,8.158659
tcr_26_1,C,A,H,K,6,90,CB,CG,8.598962
tcr_26_1,C,A,H,Y,6,91,CB,N,8.4633255
tcr_26_1,C,A,H,R,6,93,CB,NH2,7.9981036
tcr_26_1,C,A,H,R,6,93,CB,NH1,8.35362
tcr_26_1,C,A,H,R,6,93,CB,CZ,7.446765
tcr_26_1,C,A,H,R,6,93,CB,NE,6.1621804
tcr_26_1,C,A,H,R,6,93,CB,CD,5.6593027
tcr_26_1,C,A,H,Q,6,89,CB,O,7.8642097
tcr_26_1,C,A,H,K,6,92,CB,CB,9.58021
tcr_26_1,C,A,H,R,6,93,CB,CG,5.6625314
tcr_26_1,C,A,H,R,6,93,CB,CB,4.606959
tcr_26_1,C,A,H,R,6,93,CB,N,6.4095807
tcr_26_1,C,A,H,K,6,92,CB,CA,8.664503
tcr_26_1,C,A,H,R,6,93,CB,CA,5.0861983
tcr_26_1,C,A,H,K,6,92,CB,C,7.3218946
tcr_26_1,C,A,H,Y,6,91,CB,CA,8.700998
tcr_26_1,C,A,H,K,6,92,CB,O,7.290614
tcr_26_1,C,A,H,K,6,90,CB,O,6.22269
tcr_26_1,C,A,H,R,6,93,CB,C,4.3201656
tcr_26_1,C,A,H,K,6,92,CB,N,8.678545
tcr_26_1,C,A,H,K,6,90,CB,C,7.309578
tcr_26_1,C,A,H,Q,6,94,CB,N,4.650408
tcr_26_1,C,A,H,Y,6,91,CB,C,8.316808
tcr_26_1,C,A,H,F,6,46,CB,CZ,9.370945
tcr_26_1,C,A,H,Y,6,91,CB,O,7.901659
tcr_26_1,C,A,H,R,6,121,CB,NH1,6.49796
tcr_26_1,C,A,H,Q,6,94,CB,CD,5.203282
tcr_26_1,C,A,H,Q,6,94,CB,OE1,4.613729
tcr_26_1,C,A,H,A,6,95,CB,N,6.758261
tcr_26_1,C,A,H,F,6,46,CB,CE2,9.337201
tcr_26_1,C,A,H,Q,6,94,CB,CG,6.0471725
tcr_26_1,C,A,H,Q,6,94,CB,CA,4.693908
tcr_26_1,C,A,H,Q,6,94,CB,CB,5.5363035
tcr_26_1,C,A,H,R,6,121,CB,NE,8.769173
tcr_26_1,C,A,H,R,6,121,CB,CZ,7.648741
tcr_26_1,C,A,H,R,6,121,CB,CD,9.06041
tcr_26_1,C,A,H,Q,6,96,CB,O,7.281334
tcr_26_1,C,A,H,Q,6,96,CB,CB,6.960366
tcr_26_1,C,A,H,Q,6,96,CB,CG,8.178602
tcr_26_1,C,A,H,Q,6,96,CB,NE2,9.437551
tcr_26_1,C,A,H,Q,6,96,CB,CD,8.276708
tcr_26_1,C,A,H,Q,6,96,CB,OE1,7.5038743
tcr_26_1,C,A,H,R,6,93,CB,O,3.965955
tcr_26_1,C,A,H,Q,6,96,CB,C,6.476609
tcr_26_1,C,A,H,Q,6,96,CB,N,7.0884376
tcr_26_1,C,A,H,Q,6,96,CB,CA,7.1612697
tcr_26_1,C,A,H,A,6,97,CB,N,5.2460675
tcr_26_1,C,A,H,A,6,95,CB,C,7.686031
tcr_26_1,C,A,H,A,6,97,CB,CA,4.9092536
tcr_26_1,C,A,H,A,6,95,CB,CA,7.8757634
tcr_26_1,C,A,H,A,6,97,CB,CB,3.559823
tcr_26_1,C,A,H,A,6,95,CB,O,8.301944
tcr_26_1,C,A,H,V,6,100,CB,N,9.444319
tcr_26_1,C,A,H,Q,6,94,CB,C,5.6826344
tcr_26_1,C,A,H,Q,6,94,CB,O,5.6972113
tcr_26_1,C,A,H,A,6,97,CB,C,6.091133
tcr_26_1,C,A,H,D,6,98,CB,CB,8.372175
tcr_26_1,C,A,H,D,6,98,CB,OD2,8.767458
tcr_26_1,C,A,H,D,6,98,CB,CG,8.024823
tcr_26_1,C,A,H,F,6,140,CB,CE1,9.411827
tcr_26_1,C,A,H,D,6,98,CB,OD1,7.3389664
tcr_26_1,C,A,H,Q,6,94,CB,NE2,5.525435
tcr_26_1,C,A,H,D,6,98,CB,CA,7.8881016
tcr_26_1,C,A,H,D,6,98,CB,N,6.585708
tcr_26_1,C,A,H,N,6,101,CB,ND2,7.1077394
tcr_26_1,C,A,H,D,6,98,CB,C,9.031661
tcr_26_1,C,A,H,R,6,99,CB,N,9.105328
tcr_26_1,C,A,H,N,6,101,CB,CG,7.959475
tcr_26_1,C,A,H,N,6,101,CB,CB,9.188552
tcr_26_1,C,A,H,N,6,101,CB,CA,9.991035
tcr_26_1,C,A,H,D,6,98,CB,O,9.982566
tcr_26_1,C,A,H,N,6,101,CB,OD1,7.973596
tcr_26_1,C,A,H,N,6,101,CB,N,9.445002
tcr_26_1,C,A,H,A,6,97,CB,O,6.858495
tcr_26_1,C,A,H,V,6,100,CB,CG2,8.863265
tcr_26_1,C,A,H,V,6,100,CB,CB,8.863234
tcr_26_1,C,A,H,V,6,100,CB,CG1,9.616183
tcr_26_1,C,A,H,V,6,100,CB,CA,9.785584
tcr_26_1,C,A,H,A,6,95,CB,CB,9.024908
tcr_26_1,C,A,H,Q,6,179,CG,CD,8.885115
tcr_26_1,C,A,H,Q,6,179,CG,NE2,8.674308
tcr_26_1,C,A,H,Q,6,179,CG,OE1,8.100815
tcr_26_1,C,A,H,R,6,180,CG,CZ,7.9540863
tcr_26_1,C,A,H,R,6,180,CG,NE,9.192461
tcr_26_1,C,A,H,R,6,180,CG,NH1,7.636984
tcr_26_1,C,A,H,R,6,180,CG,NH2,7.1649885
tcr_26_1,C,A,H,R,6,121,CG,NH2,8.395627
tcr_26_1,C,A,H,E,6,176,CG,OE2,9.105595
tcr_26_1,C,A,H,E,6,176,CG,CD,9.287231
tcr_26_1,C,A,H,E,6,176,CG,OE1,8.975296
tcr_26_1,C,A,H,Q,6,89,CG,C,8.7085905
tcr_26_1,C,A,H,K,6,90,CG,CD,9.226421
tcr_26_1,C,A,H,K,6,90,CG,N,8.618247
tcr_26_1,C,A,H,K,6,90,CG,CA,7.5719976
tcr_26_1,C,A,H,K,6,90,CG,CB,8.086018
tcr_26_1,C,A,H,K,6,90,CG,CE,9.950121
tcr_26_1,C,A,H,K,6,90,CG,CG,8.259894
tcr_26_1,C,A,H,Y,6,91,CG,N,8.869466
tcr_26_1,C,A,H,R,6,93,CG,NH2,7.22767
tcr_26_1,C,A,H,R,6,93,CG,NH1,7.6029944
tcr_26_1,C,A,H,R,6,93,CG,CZ,6.7121534
tcr_26_1,C,A,H,R,6,93,CG,NE,5.508396
tcr_26_1,C,A,H,R,6,93,CG,CD,5.104743
tcr_26_1,C,A,H,Q,6,89,CG,O,7.910451
tcr_26_1,C,A,H,R,6,93,CG,CG,5.509258
tcr_26_1,C,A,H,R,6,93,CG,CB,4.751682
tcr_26_1,C,A,H,R,6,93,CG,N,6.929309
tcr_26_1,C,A,H,K,6,92,CG,CA,9.307705
tcr_26_1,C,A,H,R,6,93,CG,CA,5.6157722
tcr_26_1,C,A,H,K,6,92,CG,C,8.000514
tcr_26_1,C,A,H,Y,6,91,CG,CA,9.332722
tcr_26_1,C,A,H,K,6,92,CG,O,8.118165
tcr_26_1,C,A,H,K,6,90,CG,O,6.6701403
tcr_26_1,C,A,H,R,6,93,CG,C,5.208683
tcr_26_1,C,A,H,K,6,92,CG,N,9.279108
tcr_26_1,C,A,H,K,6,90,CG,C,7.6147165
tcr_26_1,C,A,H,Q,6,94,CG,N,5.6050034
tcr_26_1,C,A,H,Y,6,91,CG,C,9.04187
tcr_26_1,C,A,H,Y,6,91,CG,O,8.80053
tcr_26_1,C,A,H,R,6,121,CG,NH1,7.328639
tcr_26_1,C,A,H,Q,6,94,CG,CD,6.406787
tcr_26_1,C,A,H,Q,6,94,CG,OE1,5.6394954
tcr_26_1,C,A,H,A,6,95,CG,N,7.9920115
tcr_26_1,C,A,H,Q,6,94,CG,CG,7.2291746
tcr_26_1,C,A,H,Q,6,94,CG,CA,5.8896427
tcr_26_1,C,A,H,Q,6,94,CG,CB,6.613369
tcr_26_1,C,A,H,R,6,121,CG,NE,9.588062
tcr_26_1,C,A,H,R,6,121,CG,CZ,8.389569
tcr_26_1,C,A,H,Q,6,96,CG,O,8.473193
tcr_26_1,C,A,H,Q,6,96,CG,CB,7.863005
tcr_26_1,C,A,H,Q,6,96,CG,CG,8.971245
tcr_26_1,C,A,H,Q,6,96,CG,NE2,9.909983
tcr_26_1,C,A,H,Q,6,96,CG,CD,8.830207
tcr_26_1,C,A,H,Q,6,96,CG,OE1,7.9231954
tcr_26_1,C,A,H,R,6,93,CG,O,5.023732
tcr_26_1,C,A,H,Q,6,96,CG,C,7.681474
tcr_26_1,C,A,H,Q,6,96,CG,N,8.270492
tcr_26_1,C,A,H,Q,6,96,CG,CA,8.282215
tcr_26_1,C,A,H,A,6,97,CG,N,6.5237913
tcr_26_1,C,A,H,A,6,95,CG,C,8.979107
tcr_26_1,C,A,H,A,6,97,CG,CA,6.2355313
tcr_26_1,C,A,H,A,6,95,CG,CA,9.1601925
tcr_26_1,C,A,H,A,6,97,CG,CB,4.9643893
tcr_26_1,C,A,H,A,6,95,CG,O,9.653674
tcr_26_1,C,A,H,Q,6,94,CG,C,6.9989605
tcr_26_1,C,A,H,Q,6,94,CG,O,7.125266
tcr_26_1,C,A,H,A,6,97,CG,C,7.4854794
tcr_26_1,C,A,H,D,6,98,CG,CB,9.869512
tcr_26_1,C,A,H,D,6,98,CG,CG,9.505004
tcr_26_1,C,A,H,D,6,98,CG,OD1,8.795577
tcr_26_1,C,A,H,Q,6,94,CG,NE2,6.8427525
tcr_26_1,C,A,H,D,6,98,CG,CA,9.365951
tcr_26_1,C,A,H,D,6,98,CG,N,8.050104
tcr_26_1,C,A,H,N,6,101,CG,ND2,8.40211
tcr_26_1,C,A,H,N,6,101,CG,CG,9.206247
tcr_26_1,C,A,H,N,6,101,CG,OD1,9.095986
tcr_26_1,C,A,H,A,6,97,CG,O,8.185379
tcr_26_1,C,A,H,V,6,100,CG,CG2,9.793461
tcr_26_1,C,A,H,V,6,100,CG,CB,9.883456
tcr_26_1,C,A,H,Q,6,179,ND1,CB,9.870728
tcr_26_1,C,A,H,Q,6,179,ND1,CG,9.8083725
tcr_26_1,C,A,H,Q,6,179,ND1,CD,8.451165
tcr_26_1,C,A,H,Q,6,179,ND1,NE2,8.125756
tcr_26_1,C,A,H,Q,6,179,ND1,OE1,7.80805
tcr_26_1,C,A,H,R,6,180,ND1,CZ,7.8703446
tcr_26_1,C,A,H,R,6,180,ND1,NE,9.112587
tcr_26_1,C,A,H,R,6,180,ND1,NH1,7.3614473
tcr_26_1,C,A,H,R,6,180,ND1,NH2,7.278626
tcr_26_1,C,A,H,R,6,121,ND1,NH2,8.456469
tcr_26_1,C,A,H,R,6,180,ND1,CD,9.989319
tcr_26_1,C,A,H,E,6,176,ND1,OE2,9.618328
tcr_26_1,C,A,H,E,6,176,ND1,CD,9.659063
tcr_26_1,C,A,H,E,6,176,ND1,OE1,9.323421
tcr_26_1,C,A,H,K,6,90,ND1,NZ,9.82529
tcr_26_1,C,A,H,Q,6,89,ND1,C,8.035511
tcr_26_1,C,A,H,Q,6,89,ND1,CB,9.51111
tcr_26_1,C,A,H,R,6,86,ND1,O,9.928277
tcr_26_1,C,A,H,Q,6,89,ND1,CA,9.405899
tcr_26_1,C,A,H,K,6,90,ND1,CD,8.037274
tcr_26_1,C,A,H,K,6,90,ND1,N,7.8106694
tcr_26_1,C,A,H,K,6,90,ND1,CA,6.754936
tcr_26_1,C,A,H,K,6,90,ND1,CB,7.116571
tcr_26_1,C,A,H,K,6,90,ND1,CE,8.66964
tcr_26_1,C,A,H,K,6,90,ND1,CG,7.120974
tcr_26_1,C,A,H,Y,6,91,ND1,N,8.3191805
tcr_26_1,C,A,H,R,6,93,ND1,NH2,6.183752
tcr_26_1,C,A,H,R,6,93,ND1,NH1,6.857919
tcr_26_1,C,A,H,R,6,93,ND1,CZ,5.8516555
tcr_26_1,C,A,H,R,6,93,ND1,NE,4.753564
tcr_26_1,C,A,H,R,6,93,ND1,CD,4.7049117
tcr_26_1,C,A,H,Q,6,89,ND1,O,7.389934
tcr_26_1,C,A,H,K,6,92,ND1,CB,9.96559
tcr_26_1,C,A,H,R,6,93,ND1,CG,5.335311
tcr_26_1,C,A,H,R,6,93,ND1,CB,4.65399
tcr_26_1,C,A,H,R,6,93,ND1,N,6.926634
tcr_26_1,C,A,H,K,6,92,ND1,CA,9.281719
tcr_26_1,C,A,H,R,6,93,ND1,CA,5.776555
tcr_26_1,C,A,H,K,6,92,ND1,C,8.109816
tcr_26_1,C,A,H,Y,6,91,ND1,CA,8.966631
tcr_26_1,C,A,H,K,6,92,ND1,O,8.429163
tcr_26_1,C,A,H,K,6,90,ND1,O,6.22114
tcr_26_1,C,A,H,R,6,93,ND1,C,5.5605907
tcr_26_1,C,A,H,K,6,92,ND1,N,9.0812645
tcr_26_1,C,A,H,K,6,90,ND1,C,7.0156803
tcr_26_1,C,A,H,Q,6,94,ND1,N,5.7875443
tcr_26_1,C,A,H,Y,6,91,ND1,C,8.861692
tcr_26_1,C,A,H,Y,6,91,ND1,O,8.791238
tcr_26_1,C,A,H,R,6,121,ND1,NH1,7.4639263
tcr_26_1,C,A,H,Q,6,94,ND1,CD,6.6699815
tcr_26_1,C,A,H,Q,6,94,ND1,OE1,5.7585907
tcr_26_1,C,A,H,A,6,95,ND1,N,8.420137
tcr_26_1,C,A,H,Q,6,94,ND1,CG,7.3891077
tcr_26_1,C,A,H,Q,6,94,ND1,CA,6.2032504
tcr_26_1,C,A,H,Q,6,94,ND1,CB,6.6807766
tcr_26_1,C,A,H,R,6,121,ND1,NE,9.689537
tcr_26_1,C,A,H,R,6,121,ND1,CZ,8.485647
tcr_26_1,C,A,H,Q,6,96,ND1,O,9.600514
tcr_26_1,C,A,H,Q,6,96,ND1,CB,8.68633
tcr_26_1,C,A,H,Q,6,96,ND1,CG,9.65828
tcr_26_1,C,A,H,Q,6,96,ND1,CD,9.421716
tcr_26_1,C,A,H,Q,6,96,ND1,OE1,8.527203
tcr_26_1,C,A,H,R,6,93,ND1,O,5.670794
tcr_26_1,C,A,H,Q,6,96,ND1,C,8.7185
tcr_26_1,C,A,H,Q,6,96,ND1,N,9.00128
tcr_26_1,C,A,H,Q,6,96,ND1,CA,9.163619
tcr_26_1,C,A,H,A,6,97,ND1,N,7.56809
tcr_26_1,C,A,H,A,6,95,ND1,C,9.697474
tcr_26_1,C,A,H,A,6,97,ND1,CA,7.4075365
tcr_26_1,C,A,H,A,6,95,ND1,CA,9.70077
tcr_26_1,C,A,H,A,6,97,ND1,CB,6.105948
tcr_26_1,C,A,H,Q,6,94,ND1,C,7.4965677
tcr_26_1,C,A,H,Q,6,94,ND1,O,7.8001513
tcr_26_1,C,A,H,A,6,97,ND1,C,8.63578
tcr_26_1,C,A,H,D,6,98,ND1,OD1,9.588474
tcr_26_1,C,A,H,Q,6,94,ND1,NE2,7.318433
tcr_26_1,C,A,H,D,6,98,ND1,N,9.075426
tcr_26_1,C,A,H,N,6,101,ND1,ND2,9.4766865
tcr_26_1,C,A,H,A,6,97,ND1,O,9.409941
tcr_26_1,C,A,H,Q,6,179,CD2,CG,9.944452
tcr_26_1,C,A,H,Q,6,179,CD2,CD,8.486343
tcr_26_1,C,A,H,Q,6,179,CD2,NE2,8.214083
tcr_26_1,C,A,H,Q,6,179,CD2,OE1,7.7085686
tcr_26_1,C,A,H,R,6,180,CD2,CZ,8.412197
tcr_26_1,C,A,H,R,6,180,CD2,NE,9.578419
tcr_26_1,C,A,H,R,6,180,CD2,NH1,8.230088
tcr_26_1,C,A,H,R,6,180,CD2,NH2,7.556017
tcr_26_1,C,A,H,R,6,121,CD2,NH2,9.212928
tcr_26_1,C,A,H,E,6,176,CD2,CG,9.959217
tcr_26_1,C,A,H,E,6,176,CD2,OE2,8.895027
tcr_26_1,C,A,H,E,6,176,CD2,CD,9.21428
tcr_26_1,C,A,H,E,6,176,CD2,OE1,9.083368
tcr_26_1,C,A,H,Q,6,89,CD2,C,9.610074
tcr_26_1,C,A,H,K,6,90,CD2,N,9.600476
tcr_26_1,C,A,H,K,6,90,CD2,CA,8.654533
tcr_26_1,C,A,H,K,6,90,CD2,CB,9.191839
tcr_26_1,C,A,H,K,6,90,CD2,CG,9.228705
tcr_26_1,C,A,H,R,6,93,CD2,NH2,7.715242
tcr_26_1,C,A,H,R,6,93,CD2,NH1,7.8630905
tcr_26_1,C,A,H,R,6,93,CD2,CZ,7.121857
tcr_26_1,C,A,H,R,6,93,CD2,NE,5.9981604
tcr_26_1,C,A,H,R,6,93,CD2,CD,5.460092
tcr_26_1,C,A,H,Q,6,89,CD2,O,8.797832
tcr_26_1,C,A,H,R,6,93,CD2,CG,6.0587044
tcr_26_1,C,A,H,R,6,93,CD2,CB,5.585803
tcr_26_1,C,A,H,R,6,93,CD2,N,7.86104
tcr_26_1,C,A,H,R,6,93,CD2,CA,6.490883
tcr_26_1,C,A,H,K,6,92,CD2,C,8.932146
tcr_26_1,C,A,H,K,6,92,CD2,O,8.996112
tcr_26_1,C,A,H,K,6,90,CD2,O,7.900374
tcr_26_1,C,A,H,R,6,93,CD2,C,6.225156
tcr_26_1,C,A,H,K,6,90,CD2,C,8.803608
tcr_26_1,C,A,H,Q,6,94,CD2,N,6.785974
tcr_26_1,C,A,H,Y,6,91,CD2,O,9.993931
tcr_26_1,C,A,H,R,6,121,CD2,NH1,8.354037
tcr_26_1,C,A,H,Q,6,94,CD2,CD,7.65392
tcr_26_1,C,A,H,Q,6,94,CD2,OE1,6.902544
tcr_26_1,C,A,H,A,6,95,CD2,N,9.095254
tcr_26_1,C,A,H,Q,6,94,CD2,CG,8.529111
tcr_26_1,C,A,H,Q,6,94,CD2,CA,7.117553
tcr_26_1,C,A,H,Q,6,94,CD2,CB,7.9314218
tcr_26_1,C,A,H,R,6,121,CD2,CZ,9.336941
tcr_26_1,C,A,H,Q,6,96,CD2,O,8.858104
tcr_26_1,C,A,H,Q,6,96,CD2,CB,8.328557
tcr_26_1,C,A,H,Q,6,96,CD2,CG,9.440633
tcr_26_1,C,A,H,Q,6,96,CD2,CD,9.175587
tcr_26_1,C,A,H,Q,6,96,CD2,OE1,8.16078
tcr_26_1,C,A,H,R,6,93,CD2,O,5.9116354
tcr_26_1,C,A,H,Q,6,96,CD2,C,8.1906805
tcr_26_1,C,A,H,Q,6,96,CD2,N,9.050898
tcr_26_1,C,A,H,Q,6,96,CD2,CA,8.864854
tcr_26_1,C,A,H,A,6,97,CD2,N,7.115935
tcr_26_1,C,A,H,A,6,95,CD2,C,9.846601
tcr_26_1,C,A,H,A,6,97,CD2,CA,6.737033
tcr_26_1,C,A,H,A,6,97,CD2,CB,5.5975723
tcr_26_1,C,A,H,Q,6,94,CD2,C,8.123586
tcr_26_1,C,A,H,Q,6,94,CD2,O,8.167889
tcr_26_1,C,A,H,A,6,97,CD2,C,8.028682
tcr_26_1,C,A,H,D,6,98,CD2,OD1,9.711522
tcr_26_1,C,A,H,Q,6,94,CD2,NE2,7.977037
tcr_26_1,C,A,H,D,6,98,CD2,N,8.765818
tcr_26_1,C,A,H,N,6,101,CD2,ND2,8.909991
tcr_26_1,C,A,H,N,6,101,CD2,CG,9.570942
tcr_26_1,C,A,H,N,6,101,CD2,OD1,9.290695
tcr_26_1,C,A,H,A,6,97,CD2,O,8.579972
tcr_26_1,C,A,H,V,6,100,CD2,CG2,9.695328
tcr_26_1,C,A,H,V,6,100,CD2,CB,9.839876
tcr_26_1,C,A,H,Q,6,179,CE1,CB,9.418559
tcr_26_1,C,A,H,Q,6,179,CE1,CG,9.167139
tcr_26_1,C,A,H,Q,6,179,CE1,CD,7.7549443
tcr_26_1,C,A,H,Q,6,179,CE1,NE2,7.2751822
tcr_26_1,C,A,H,Q,6,179,CE1,OE1,7.2171493
tcr_26_1,C,A,H,R,6,180,CE1,CZ,8.271965
tcr_26_1,C,A,H,R,6,180,CE1,NE,9.443588
tcr_26_1,C,A,H,R,6,180,CE1,NH1,7.8034806
tcr_26_1,C,A,H,R,6,180,CE1,NH2,7.714695
tcr_26_1,C,A,H,R,6,121,CE1,NH2,9.280902
tcr_26_1,C,A,H,E,6,176,CE1,OE2,9.715767
tcr_26_1,C,A,H,E,6,176,CE1,CD,9.800754
tcr_26_1,C,A,H,E,6,176,CE1,OE1,9.6186
tcr_26_1,C,A,H,Q,6,89,CE1,C,8.6101055
tcr_26_1,C,A,H,Q,6,89,CE1,CB,9.782926
tcr_26_1,C,A,H,Q,6,89,CE1,CA,9.882582
tcr_26_1,C,A,H,K,6,90,CE1,CD,8.440747
tcr_26_1,C,A,H,K,6,90,CE1,N,8.410219
tcr_26_1,C,A,H,K,6,90,CE1,CA,7.479403
tcr_26_1,C,A,H,K,6,90,CE1,CB,7.788702
tcr_26_1,C,A,H,K,6,90,CE1,CE,8.858149
tcr_26_1,C,A,H,K,6,90,CE1,CG,7.5476537
tcr_26_1,C,A,H,Y,6,91,CE1,N,9.275212
tcr_26_1,C,A,H,R,6,93,CE1,NH2,6.094745
tcr_26_1,C,A,H,R,6,93,CE1,NH1,6.6833916
tcr_26_1,C,A,H,R,6,93,CE1,CZ,5.7840433
tcr_26_1,C,A,H,R,6,93,CE1,NE,4.8561482
tcr_26_1,C,A,H,R,6,93,CE1,CD,4.8522215
tcr_26_1,C,A,H,Q,6,89,CE1,O,8.029736
tcr_26_1,C,A,H,R,6,93,CE1,CG,5.7988434
tcr_26_1,C,A,H,R,6,93,CE1,CB,5.440466
tcr_26_1,C,A,H,R,6,93,CE1,N,7.842015
tcr_26_1,C,A,H,R,6,93,CE1,CA,6.6982217
tcr_26_1,C,A,H,K,6,92,CE1,C,9.072343
tcr_26_1,C,A,H,K,6,92,CE1,O,9.4262905
tcr_26_1,C,A,H,K,6,90,CE1,O,7.2701793
tcr_26_1,C,A,H,R,6,93,CE1,C,6.675913
tcr_26_1,C,A,H,K,6,90,CE1,C,7.9485836
tcr_26_1,C,A,H,Q,6,94,CE1,N,7.0051985
tcr_26_1,C,A,H,Y,6,91,CE1,C,9.94984
tcr_26_1,C,A,H,Y,6,91,CE1,O,9.958956
tcr_26_1,C,A,H,R,6,121,CE1,NH1,8.519584
tcr_26_1,C,A,H,Q,6,94,CE1,CD,7.979281
tcr_26_1,C,A,H,Q,6,94,CE1,OE1,7.0320067
tcr_26_1,C,A,H,A,6,95,CE1,N,9.671051
tcr_26_1,C,A,H,Q,6,94,CE1,CG,8.719125
tcr_26_1,C,A,H,Q,6,94,CE1,CA,7.50783
tcr_26_1,C,A,H,Q,6,94,CE1,CB,7.9957767
tcr_26_1,C,A,H,R,6,121,CE1,CZ,9.451957
tcr_26_1,C,A,H,Q,6,96,CE1,CB,9.536071
tcr_26_1,C,A,H,Q,6,96,CE1,OE1,9.077306
tcr_26_1,C,A,H,R,6,93,CE1,O,6.7661204
tcr_26_1,C,A,H,Q,6,96,CE1,C,9.695653
tcr_26_1,C,A,H,A,6,97,CE1,N,8.596566
tcr_26_1,C,A,H,A,6,97,CE1,CA,8.408274
tcr_26_1,C,A,H,A,6,97,CE1,CB,7.162352
tcr_26_1,C,A,H,Q,6,94,CE1,C,8.782015
tcr_26_1,C,A,H,Q,6,94,CE1,O,9.078061
tcr_26_1,C,A,H,A,6,97,CE1,C,9.684347
tcr_26_1,C,A,H,Q,6,94,CE1,NE2,8.60061
tcr_26_1,C,A,H,Q,6,179,NE2,CB,9.597619
tcr_26_1,C,A,H,Q,6,179,NE2,CG,9.237668
tcr_26_1,C,A,H,Q,6,179,NE2,CD,7.7588015
tcr_26_1,C,A,H,Q,6,179,NE2,NE2,7.3101425
tcr_26_1,C,A,H,Q,6,179,NE2,OE1,7.136652
tcr_26_1,C,A,H,R,6,180,NE2,CZ,8.600522
tcr_26_1,C,A,H,R,6,180,NE2,NE,9.728894
tcr_26_1,C,A,H,R,6,180,NE2,NH1,8.323455
tcr_26_1,C,A,H,R,6,180,NE2,NH2,7.888446
tcr_26_1,C,A,H,R,6,121,NE2,NH2,9.728898
tcr_26_1,C,A,H,E,6,176,NE2,OE2,9.297756
tcr_26_1,C,A,H,E,6,176,NE2,CD,9.546728
tcr_26_1,C,A,H,E,6,176,NE2,OE1,9.490908
tcr_26_1,C,A,H,Q,6,89,NE2,C,9.544909
tcr_26_1,C,A,H,K,6,90,NE2,CD,9.763026
tcr_26_1,C,A,H,K,6,90,NE2,N,9.473374
tcr_26_1,C,A,H,K,6,90,NE2,CA,8.593122
tcr_26_1,C,A,H,K,6,90,NE2,CB,9.017208
tcr_26_1,C,A,H,K,6,90,NE2,CG,8.824505
tcr_26_1,C,A,H,R,6,93,NE2,NH2,7.0638657
tcr_26_1,C,A,H,R,6,93,NE2,NH1,7.3124237
tcr_26_1,C,A,H,R,6,93,NE2,CZ,6.58204
tcr_26_1,C,A,H,R,6,93,NE2,NE,5.6252947
tcr_26_1,C,A,H,R,6,93,NE2,CD,5.309022
tcr_26_1,C,A,H,Q,6,89,NE2,O,8.857467
tcr_26_1,C,A,H,R,6,93,NE2,CG,6.222422
tcr_26_1,C,A,H,R,6,93,NE2,CB,5.9632854
tcr_26_1,C,A,H,R,6,93,NE2,N,8.378049
tcr_26_1,C,A,H,R,6,93,NE2,CA,7.103837
tcr_26_1,C,A,H,K,6,92,NE2,C,9.550262
tcr_26_1,C,A,H,K,6,92,NE2,O,9.762516
tcr_26_1,C,A,H,K,6,90,NE2,O,8.21776
tcr_26_1,C,A,H,R,6,93,NE2,C,7.0481853
tcr_26_1,C,A,H,K,6,90,NE2,C,8.977534
tcr_26_1,C,A,H,Q,6,94,NE2,N,7.555271
tcr_26_1,C,A,H,R,6,121,NE2,NH1,9.032497
tcr_26_1,C,A,H,Q,6,94,NE2,CD,8.52835
tcr_26_1,C,A,H,Q,6,94,NE2,OE1,7.6591454
tcr_26_1,C,A,H,Q,6,94,NE2,CG,9.358752
tcr_26_1,C,A,H,Q,6,94,NE2,CA,8.014135
tcr_26_1,C,A,H,Q,6,94,NE2,CB,8.689213
tcr_26_1,C,A,H,R,6,121,NE2,CZ,9.950841
tcr_26_1,C,A,H,Q,6,96,NE2,CB,9.365832
tcr_26_1,C,A,H,Q,6,96,NE2,CD,9.945048
tcr_26_1,C,A,H,Q,6,96,NE2,OE1,8.8871565
tcr_26_1,C,A,H,R,6,93,NE2,O,6.917922
tcr_26_1,C,A,H,Q,6,96,NE2,C,9.442834
tcr_26_1,C,A,H,A,6,97,NE2,N,8.390509
tcr_26_1,C,A,H,A,6,97,NE2,CA,8.091397
tcr_26_1,C,A,H,A,6,97,NE2,CB,6.9387455
tcr_26_1,C,A,H,Q,6,94,NE2,C,9.145339
tcr_26_1,C,A,H,Q,6,94,NE2,O,9.305301
tcr_26_1,C,A,H,A,6,97,NE2,C,9.395863
tcr_26_1,C,A,H,Q,6,94,NE2,NE2,8.980885
tcr_26_1,C,A,H,A,6,97,NE2,O,9.967744
tcr_26_1,C,A,H,Q,7,179,N,CB,9.146485
tcr_26_1,C,A,H,Q,7,179,N,CG,9.483954
tcr_26_1,C,A,H,E,7,176,N,O,9.307054
tcr_26_1,C,A,H,E,7,176,N,C,9.577198
tcr_26_1,C,A,H,Q,7,179,N,CD,8.355661
tcr_26_1,C,A,H,Q,7,179,N,NE2,8.764368
tcr_26_1,C,A,H,Q,7,179,N,OE1,7.2327933
tcr_26_1,C,A,H,R,7,180,N,CZ,5.351027
tcr_26_1,C,A,H,R,7,180,N,NE,6.4143515
tcr_26_1,C,A,H,R,7,180,N,NH1,5.6621795
tcr_26_1,C,A,H,R,7,180,N,NH2,4.163467
tcr_26_1,C,A,H,R,7,121,N,NH2,5.690378
tcr_26_1,C,A,H,N,7,138,N,CG,9.147489
tcr_26_1,C,A,H,R,7,180,N,CD,7.768083
tcr_26_1,C,A,H,N,7,138,N,OD1,8.711026
tcr_26_1,C,A,H,N,7,138,N,ND2,8.494151
tcr_26_1,C,A,H,R,7,180,N,CG,8.735752
tcr_26_1,C,A,H,E,7,176,N,CA,8.968714
tcr_26_1,C,A,H,A,7,174,N,CB,9.845079
tcr_26_1,C,A,H,W,7,171,N,CA,9.992353
tcr_26_1,C,A,H,W,7,171,N,CD1,7.561719
tcr_26_1,C,A,H,E,7,176,N,CB,7.97603
tcr_26_1,C,A,H,W,7,171,N,CB,9.510333
tcr_26_1,C,A,H,W,7,171,N,CG,8.282148
tcr_26_1,C,A,H,W,7,157,N,CZ2,9.789751
tcr_26_1,C,A,H,E,7,176,N,CG,6.916692
tcr_26_1,C,A,H,W,7,157,N,CH2,9.43996
tcr_26_1,C,A,H,E,7,176,N,OE2,5.5339694
tcr_26_1,C,A,H,E,7,176,N,CD,5.758915
tcr_26_1,C,A,H,W,7,171,N,CD2,7.85115
tcr_26_1,C,A,H,W,7,171,N,CE3,8.517417
tcr_26_1,C,A,H,E,7,176,N,OE1,5.319689
tcr_26_1,C,A,H,W,7,171,N,CE2,6.78734
tcr_26_1,C,A,H,W,7,171,N,NE1,6.6118097
tcr_26_1,C,A,H,F,7,140,N,CZ,6.6985703
tcr_26_1,C,A,H,F,7,140,N,CD2,8.975196
tcr_26_1,C,A,H,W,7,171,N,CH2,7.247483
tcr_26_1,C,A,H,F,7,140,N,CE2,7.7862177
tcr_26_1,C,A,H,W,7,171,N,CZ2,6.441759
tcr_26_1,C,A,H,W,7,171,N,CZ3,8.239827
tcr_26_1,C,A,H,K,7,104,N,NZ,9.028959
tcr_26_1,C,A,H,T,7,167,N,CG2,9.509849
tcr_26_1,C,A,H,R,7,93,N,NE,9.579316
tcr_26_1,C,A,H,R,7,93,N,CD,9.221774
tcr_26_1,C,A,H,R,7,93,N,CG,9.372613
tcr_26_1,C,A,H,R,7,93,N,CB,8.3022175
tcr_26_1,C,A,H,R,7,93,N,N,9.928058
tcr_26_1,C,A,H,R,7,93,N,CA,8.669372
tcr_26_1,C,A,H,K,7,90,N,O,9.226371
tcr_26_1,C,A,H,R,7,93,N,C,7.632254
tcr_26_1,C,A,H,Q,7,94,N,N,7.6761565
tcr_26_1,C,A,H,R,7,121,N,NH1,5.2359705
tcr_26_1,C,A,H,Q,7,94,N,CD,5.9225764
tcr_26_1,C,A,H,Q,7,94,N,OE1,5.2802396
tcr_26_1,C,A,H,A,7,95,N,N,9.135149
tcr_26_1,C,A,H,Q,7,94,N,CG,7.333979
tcr_26_1,C,A,H,Q,7,94,N,CA,7.1071157
tcr_26_1,C,A,H,Q,7,94,N,CB,7.5914617
tcr_26_1,C,A,H,R,7,121,N,NE,7.117404
tcr_26_1,C,A,H,R,7,121,N,CZ,5.937608
tcr_26_1,C,A,H,R,7,121,N,CB,9.756772
tcr_26_1,C,A,H,F,7,123,N,CE1,9.879405
tcr_26_1,C,A,H,R,7,121,N,CG,9.068444
tcr_26_1,C,A,H,R,7,121,N,CD,7.7541804
tcr_26_1,C,A,H,Q,7,96,N,O,8.86076
tcr_26_1,C,A,H,Q,7,96,N,CB,9.75239
tcr_26_1,C,A,H,R,7,93,N,O,7.086606
tcr_26_1,C,A,H,Q,7,96,N,C,8.443277
tcr_26_1,C,A,H,Q,7,96,N,N,9.596789
tcr_26_1,C,A,H,Q,7,96,N,CA,9.5722
tcr_26_1,C,A,H,A,7,97,N,N,7.193375
tcr_26_1,C,A,H,A,7,95,N,C,9.855832
tcr_26_1,C,A,H,A,7,97,N,CA,6.1420193
tcr_26_1,C,A,H,A,7,97,N,CB,4.788505
tcr_26_1,C,A,H,V,7,100,N,N,9.850282
tcr_26_1,C,A,H,Q,7,94,N,C,7.8390923
tcr_26_1,C,A,H,Q,7,94,N,O,7.3771195
tcr_26_1,C,A,H,A,7,97,N,C,6.67638
tcr_26_1,C,A,H,D,7,98,N,CB,8.798489
tcr_26_1,C,A,H,D,7,98,N,OD2,8.950267
tcr_26_1,C,A,H,F,7,140,N,CD1,8.312549
tcr_26_1,C,A,H,D,7,98,N,CG,8.129236
tcr_26_1,C,A,H,F,7,140,N,CE1,7.0090976
tcr_26_1,C,A,H,D,7,98,N,OD1,7.026707
tcr_26_1,C,A,H,Q,7,94,N,NE2,5.6549635
tcr_26_1,C,A,H,D,7,98,N,CA,8.164475
tcr_26_1,C,A,H,D,7,98,N,N,7.2772713
tcr_26_1,C,A,H,L,7,119,N,CD2,9.377352
tcr_26_1,C,A,H,N,7,101,N,ND2,5.6353846
tcr_26_1,C,A,H,D,7,98,N,C,9.377739
tcr_26_1,C,A,H,R,7,99,N,N,9.895803
tcr_26_1,C,A,H,N,7,101,N,CG,6.4355135
tcr_26_1,C,A,H,N,7,101,N,CB,7.912538
tcr_26_1,C,A,H,N,7,101,N,CA,8.826184
tcr_26_1,C,A,H,D,7,98,N,O,9.967341
tcr_26_1,C,A,H,N,7,101,N,OD1,6.197517
tcr_26_1,C,A,H,N,7,101,N,N,8.7703905
tcr_26_1,C,A,H,A,7,97,N,O,6.9540935
tcr_26_1,C,A,H,V,7,100,N,CG2,9.484546
tcr_26_1,C,A,H,K,7,104,N,CD,9.976446
tcr_26_1,C,A,H,K,7,104,N,CE,9.959758
tcr_26_1,C,A,H,V,7,100,N,CB,8.927458
tcr_26_1,C,A,H,V,7,100,N,CG1,9.272345
tcr_26_1,C,A,H,V,7,100,N,C,9.630548
tcr_26_1,C,A,H,V,7,100,N,CA,9.807279
tcr_26_1,C,A,H,F,7,140,N,CG,9.21477
tcr_26_1,C,A,H,Q,7,179,CA,CB,9.050427
tcr_26_1,C,A,H,Q,7,179,CA,CG,9.347764
tcr_26_1,C,A,H,E,7,176,CA,O,8.847857
tcr_26_1,C,A,H,E,7,176,CA,C,8.942133
tcr_26_1,C,A,H,Q,7,179,CA,CD,8.271998
tcr_26_1,C,A,H,Q,7,179,CA,NE2,8.800903
tcr_26_1,C,A,H,Q,7,179,CA,OE1,7.086065
tcr_26_1,C,A,H,R,7,180,CA,CZ,5.601003
tcr_26_1,C,A,H,R,7,180,CA,NE,6.455275
tcr_26_1,C,A,H,R,7,180,CA,NH1,6.1994257
tcr_26_1,C,A,H,R,7,180,CA,NH2,4.3187556
tcr_26_1,C,A,H,R,7,121,CA,NH2,6.2597737
tcr_26_1,C,A,H,N,7,138,CA,CG,9.313719
tcr_26_1,C,A,H,R,7,180,CA,CD,7.8763213
tcr_26_1,C,A,H,N,7,138,CA,OD1,9.010209
tcr_26_1,C,A,H,N,7,138,CA,ND2,8.505122
tcr_26_1,C,A,H,R,7,180,CA,CG,8.6294
tcr_26_1,C,A,H,A,7,174,CA,O,9.938929
tcr_26_1,C,A,H,W,7,171,CA,O,9.861837
tcr_26_1,C,A,H,E,7,176,CA,N,9.192575
tcr_26_1,C,A,H,A,7,177,CA,N,9.966703
tcr_26_1,C,A,H,W,7,171,CA,C,9.907208
tcr_26_1,C,A,H,E,7,176,CA,CA,8.17637
tcr_26_1,C,A,H,A,7,174,CA,CB,8.612789
tcr_26_1,C,A,H,K,7,170,CA,C,9.563406
tcr_26_1,C,A,H,K,7,170,CA,O,9.623687
tcr_26_1,C,A,H,W,7,171,CA,CA,8.712022
tcr_26_1,C,A,H,W,7,171,CA,CD1,6.2449675
tcr_26_1,C,A,H,E,7,176,CA,CB,7.071271
tcr_26_1,C,A,H,W,7,171,CA,CB,8.311267
tcr_26_1,C,A,H,W,7,171,CA,CG,7.0709286
tcr_26_1,C,A,H,W,7,157,CA,CZ2,9.138105
tcr_26_1,C,A,H,E,7,176,CA,CG,6.1854963
tcr_26_1,C,A,H,W,7,157,CA,CH2,8.931714
tcr_26_1,C,A,H,E,7,176,CA,OE2,4.456418
tcr_26_1,C,A,H,E,7,176,CA,CD,4.9253974
tcr_26_1,C,A,H,W,7,157,CA,CZ3,9.714485
tcr_26_1,C,A,H,W,7,171,CA,CD2,6.7773147
tcr_26_1,C,A,H,W,7,171,CA,CE3,7.6088057
tcr_26_1,C,A,H,E,7,176,CA,OE1,4.700332
tcr_26_1,C,A,H,W,7,171,CA,CE2,5.6945505
tcr_26_1,C,A,H,W,7,171,CA,NE1,5.3371434
tcr_26_1,C,A,H,F,7,140,CA,CZ,6.768433
tcr_26_1,C,A,H,F,7,140,CA,CD2,8.844957
tcr_26_1,C,A,H,W,7,171,CA,CH2,6.549656
tcr_26_1,C,A,H,F,7,140,CA,CE2,7.7088857
tcr_26_1,C,A,H,W,7,171,CA,CZ2,5.5591855
tcr_26_1,C,A,H,W,7,171,CA,CZ3,7.500757
tcr_26_1,C,A,H,W,7,171,CA,N,9.184667
tcr_26_1,C,A,H,K,7,170,CA,CD,9.477358
tcr_26_1,C,A,H,K,7,170,CA,CB,9.379537
tcr_26_1,C,A,H,K,7,170,CA,NZ,9.80983
tcr_26_1,C,A,H,K,7,104,CA,NZ,8.019385
tcr_26_1,C,A,H,T,7,167,CA,O,9.617844
tcr_26_1,C,A,H,T,7,167,CA,CG2,8.421258
tcr_26_1,C,A,H,T,7,167,CA,CB,9.74875
tcr_26_1,C,A,H,T,7,167,CA,OG1,9.856735
tcr_26_1,C,A,H,R,7,93,CA,CB,9.558691
tcr_26_1,C,A,H,R,7,93,CA,CA,9.907668
tcr_26_1,C,A,H,R,7,93,CA,C,8.883214
tcr_26_1,C,A,H,Q,7,94,CA,N,9.007136
tcr_26_1,C,A,H,R,7,121,CA,NH1,6.175409
tcr_26_1,C,A,H,Q,7,94,CA,CD,7.175158
tcr_26_1,C,A,H,Q,7,94,CA,OE1,6.61123
tcr_26_1,C,A,H,Q,7,94,CA,CG,8.615644
tcr_26_1,C,A,H,Q,7,94,CA,CA,8.415231
tcr_26_1,C,A,H,Q,7,94,CA,CB,8.951226
tcr_26_1,C,A,H,R,7,121,CA,NE,7.786496
tcr_26_1,C,A,H,R,7,121,CA,CZ,6.668966
tcr_26_1,C,A,H,R,7,121,CA,CG,9.670173
tcr_26_1,C,A,H,R,7,121,CA,CD,8.482884
tcr_26_1,C,A,H,Q,7,96,CA,O,9.393995
tcr_26_1,C,A,H,R,7,93,CA,O,8.230218
tcr_26_1,C,A,H,Q,7,96,CA,C,9.147919
tcr_26_1,C,A,H,A,7,97,CA,N,7.9767556
tcr_26_1,C,A,H,A,7,97,CA,CA,6.775779
tcr_26_1,C,A,H,A,7,97,CA,CB,5.6068935
tcr_26_1,C,A,H,V,7,100,CA,N,9.976913
tcr_26_1,C,A,H,Q,7,94,CA,C,9.023053
tcr_26_1,C,A,H,Q,7,94,CA,O,8.442295
tcr_26_1,C,A,H,A,7,97,CA,C,7.1788354
tcr_26_1,C,A,H,D,7,98,CA,CB,9.472131
tcr_26_1,C,A,H,D,7,98,CA,OD2,9.751237
tcr_26_1,C,A,H,F,7,140,CA,CD1,8.366111
tcr_26_1,C,A,H,D,7,98,CA,CG,8.858187
tcr_26_1,C,A,H,F,7,140,CA,CE1,7.1500835
tcr_26_1,C,A,H,D,7,98,CA,OD1,7.6913047
tcr_26_1,C,A,H,Q,7,94,CA,NE2,6.742737
tcr_26_1,C,A,H,D,7,98,CA,CA,8.689904
tcr_26_1,C,A,H,D,7,98,CA,N,7.911491
tcr_26_1,C,A,H,L,7,119,CA,CD2,9.5586815
tcr_26_1,C,A,H,N,7,101,CA,ND2,5.7037573
tcr_26_1,C,A,H,D,7,98,CA,C,9.788262
tcr_26_1,C,A,H,N,7,101,CA,CG,6.2746816
tcr_26_1,C,A,H,N,7,101,CA,CB,7.7943945
tcr_26_1,C,A,H,N,7,101,CA,CA,8.577751
tcr_26_1,C,A,H,N,7,101,CA,OD1,5.7992563
tcr_26_1,C,A,H,N,7,101,CA,N,8.627852
tcr_26_1,C,A,H,A,7,97,CA,O,7.212507
tcr_26_1,C,A,H,V,7,100,CA,CG2,9.470563
tcr_26_1,C,A,H,K,7,104,CA,CD,9.098152
tcr_26_1,C,A,H,K,7,104,CA,CE,9.061465
tcr_26_1,C,A,H,V,7,100,CA,CB,8.793804
tcr_26_1,C,A,H,V,7,100,CA,CG1,8.903926
tcr_26_1,C,A,H,V,7,100,CA,C,9.42345
tcr_26_1,C,A,H,V,7,100,CA,CA,9.723855
tcr_26_1,C,A,H,F,7,140,CA,CG,9.144369
tcr_26_1,C,A,H,E,7,176,C,O,9.840123
tcr_26_1,C,A,H,E,7,176,C,C,9.812657
tcr_26_1,C,A,H,Q,7,179,C,CD,9.70116
tcr_26_1,C,A,H,Q,7,179,C,OE1,8.50204
tcr_26_1,C,A,H,R,7,180,C,CZ,6.558455
tcr_26_1,C,A,H,R,7,180,C,NE,7.320545
tcr_26_1,C,A,H,R,7,180,C,NH1,7.23498
tcr_26_1,C,A,H,R,7,180,C,NH2,5.2687755
tcr_26_1,C,A,H,R,7,121,C,NH2,6.69415
tcr_26_1,C,A,H,N,7,138,C,CG,9.6653595
tcr_26_1,C,A,H,R,7,180,C,CD,8.779121
tcr_26_1,C,A,H,N,7,138,C,OD1,9.292853
tcr_26_1,C,A,H,N,7,138,C,ND2,8.898357
tcr_26_1,C,A,H,R,7,180,C,CG,9.484896
tcr_26_1,C,A,H,E,7,176,C,N,9.95095
tcr_26_1,C,A,H,E,7,176,C,CA,9.020225
tcr_26_1,C,A,H,A,7,174,C,CB,9.078502
tcr_26_1,C,A,H,K,7,170,C,CA,9.896025
tcr_26_1,C,A,H,K,7,170,C,C,9.385703
tcr_26_1,C,A,H,K,7,170,C,O,9.604247
tcr_26_1,C,A,H,W,7,171,C,CA,8.74348
tcr_26_1,C,A,H,W,7,171,C,CD1,5.9895234
tcr_26_1,C,A,H,E,7,176,C,CB,7.7595415
tcr_26_1,C,A,H,W,7,171,C,CB,8.27965
tcr_26_1,C,A,H,W,7,171,C,CG,6.904552
tcr_26_1,C,A,H,W,7,157,C,CZ2,9.481845
tcr_26_1,C,A,H,E,7,176,C,CG,6.9541287
tcr_26_1,C,A,H,W,7,157,C,CH2,9.214024
tcr_26_1,C,A,H,E,7,176,C,OE2,4.952766
tcr_26_1,C,A,H,E,7,176,C,CD,5.536865
tcr_26_1,C,A,H,W,7,157,C,CZ3,9.815169
tcr_26_1,C,A,H,W,7,171,C,CD2,6.516729
tcr_26_1,C,A,H,W,7,171,C,CE3,7.384204
tcr_26_1,C,A,H,E,7,176,C,OE1,5.259228
tcr_26_1,C,A,H,W,7,171,C,CE2,5.245225
tcr_26_1,C,A,H,W,7,171,C,NE1,4.879509
tcr_26_1,C,A,H,F,7,140,C,CZ,6.4610176
tcr_26_1,C,A,H,F,7,140,C,CD2,8.39787
tcr_26_1,C,A,H,W,7,171,C,CH2,6.0698595
tcr_26_1,C,A,H,F,7,140,C,CE2,7.4304442
tcr_26_1,C,A,H,W,7,171,C,CZ2,4.970119
tcr_26_1,C,A,H,W,7,171,C,CZ3,7.1827483
tcr_26_1,C,A,H,W,7,171,C,N,9.009881
tcr_26_1,C,A,H,K,7,170,C,CD,8.642234
tcr_26_1,C,A,H,K,7,170,C,CG,9.549356
tcr_26_1,C,A,H,K,7,170,C,CB,8.8416605
tcr_26_1,C,A,H,K,7,170,C,NZ,8.771394
tcr_26_1,C,A,H,K,7,170,C,CE,9.482977
tcr_26_1,C,A,H,Y,7,108,C,OH,9.655472
tcr_26_1,C,A,H,K,7,104,C,NZ,6.902474
tcr_26_1,C,A,H,T,7,167,C,O,9.043643
tcr_26_1,C,A,H,T,7,167,C,CG2,7.5204406
tcr_26_1,C,A,H,T,7,167,C,CA,9.256723
tcr_26_1,C,A,H,T,7,167,C,CB,8.769772
tcr_26_1,C,A,H,T,7,167,C,C,9.579087
tcr_26_1,C,A,H,T,7,167,C,OG1,8.714684
tcr_26_1,C,A,H,Y,7,147,C,CE1,9.816198
tcr_26_1,C,A,H,I,7,148,C,CG2,9.5900755
tcr_26_1,C,A,H,R,7,93,C,C,9.0960045
tcr_26_1,C,A,H,Q,7,94,C,N,9.243511
tcr_26_1,C,A,H,R,7,121,C,NH1,6.4679203
tcr_26_1,C,A,H,Q,7,94,C,CD,7.268987
tcr_26_1,C,A,H,Q,7,94,C,OE1,6.9467454
tcr_26_1,C,A,H,Q,7,94,C,CG,8.684079
tcr_26_1,C,A,H,Q,7,94,C,CA,8.5165205
tcr_26_1,C,A,H,Q,7,94,C,CB,9.142596
tcr_26_1,C,A,H,R,7,121,C,NE,7.9107695
tcr_26_1,C,A,H,R,7,121,C,CZ,6.9469547
tcr_26_1,C,A,H,R,7,121,C,CG,9.499551
tcr_26_1,C,A,H,R,7,121,C,CD,8.4209
tcr_26_1,C,A,H,Q,7,96,C,O,8.694155
tcr_26_1,C,A,H,R,7,93,C,O,8.30209
tcr_26_1,C,A,H,Q,7,96,C,C,8.61257
tcr_26_1,C,A,H,Q,7,96,C,CA,9.976079
tcr_26_1,C,A,H,A,7,97,C,N,7.5320153
tcr_26_1,C,A,H,A,7,97,C,CA,6.1906424
tcr_26_1,C,A,H,A,7,97,C,CB,5.2515116
tcr_26_1,C,A,H,V,7,100,C,N,8.854711
tcr_26_1,C,A,H,Q,7,94,C,C,8.873247
tcr_26_1,C,A,H,Q,7,94,C,O,8.114769
tcr_26_1,C,A,H,A,7,97,C,C,6.3331594
tcr_26_1,C,A,H,D,7,98,C,CB,8.639201
tcr_26_1,C,A,H,D,7,98,C,OD2,9.101635
tcr_26_1,C,A,H,F,7,140,C,CD1,7.6904783
tcr_26_1,C,A,H,D,7,98,C,CG,8.121344
tcr_26_1,C,A,H,F,7,140,C,CE1,6.613852
tcr_26_1,C,A,H,D,7,98,C,OD1,6.936601
tcr_26_1,C,A,H,Q,7,94,C,NE2,6.5893955
tcr_26_1,C,A,H,D,7,98,C,CA,7.7379932
tcr_26_1,C,A,H,L,7,119,C,CG,9.626855
tcr_26_1,C,A,H,D,7,98,C,N,7.109065
tcr_26_1,C,A,H,L,7,119,C,CD2,8.418616
tcr_26_1,C,A,H,N,7,101,C,ND2,4.490774
tcr_26_1,C,A,H,D,7,98,C,C,8.733748
tcr_26_1,C,A,H,R,7,99,C,N,9.38093
tcr_26_1,C,A,H,N,7,101,C,CG,4.8955693
tcr_26_1,C,A,H,N,7,101,C,CB,6.4137983
tcr_26_1,C,A,H,N,7,101,C,CA,7.1409388
tcr_26_1,C,A,H,D,7,98,C,O,9.060774
tcr_26_1,C,A,H,N,7,101,C,OD1,4.3332114
tcr_26_1,C,A,H,N,7,101,C,N,7.2738914
tcr_26_1,C,A,H,A,7,97,C,O,6.1686864
tcr_26_1,C,A,H,V,7,100,C,CG2,8.53571
tcr_26_1,C,A,H,K,7,104,C,CB,9.237926
tcr_26_1,C,A,H,K,7,104,C,CD,7.7359147
tcr_26_1,C,A,H,K,7,104,C,CE,7.8352294
tcr_26_1,C,A,H,V,7,100,C,CB,7.6875544
tcr_26_1,C,A,H,V,7,100,C,CG1,7.7519746
tcr_26_1,C,A,H,K,7,104,C,CG,8.993687
tcr_26_1,C,A,H,V,7,100,C,C,8.0868225
tcr_26_1,C,A,H,V,7,100,C,O,8.765656
tcr_26_1,C,A,H,V,7,100,C,CA,8.520816
tcr_26_1,C,A,H,R,7,99,C,C,9.919499
tcr_26_1,C,A,H,L,7,102,C,N,9.451828
tcr_26_1,C,A,H,L,7,105,C,CD1,9.979448
tcr_26_1,C,A,H,N,7,101,C,C,8.58488
tcr_26_1,C,A,H,N,7,101,C,O,9.073731
tcr_26_1,C,A,H,F,7,140,C,CG,8.5193615
tcr_26_1,C,A,H,L,7,119,C,CD1,9.685733
tcr_26_1,C,A,H,F,7,140,C,CB,9.750855
tcr_26_1,C,A,H,Q,7,179,O,OE1,9.288539
tcr_26_1,C,A,H,R,7,180,O,CZ,6.530761
tcr_26_1,C,A,H,R,7,180,O,NE,7.2836323
tcr_26_1,C,A,H,R,7,180,O,NH1,7.1812863
tcr_26_1,C,A,H,R,7,180,O,NH2,5.2976565
tcr_26_1,C,A,H,R,7,121,O,NH2,6.1144485
tcr_26_1,C,A,H,N,7,138,O,CG,9.110522
tcr_26_1,C,A,H,R,7,180,O,CD,8.731917
tcr_26_1,C,A,H,N,7,138,O,OD1,8.634848
tcr_26_1,C,A,H,N,7,138,O,ND2,8.455095
tcr_26_1,C,A,H,R,7,180,O,CG,9.503032
tcr_26_1,C,A,H,E,7,176,O,CA,9.593505
tcr_26_1,C,A,H,A,7,174,O,CB,9.998857
tcr_26_1,C,A,H,K,7,170,O,C,9.938844
tcr_26_1,C,A,H,W,7,171,O,CA,9.194384
tcr_26_1,C,A,H,W,7,171,O,CD1,6.327671
tcr_26_1,C,A,H,E,7,176,O,CB,8.278596
tcr_26_1,C,A,H,W,7,171,O,CB,8.549664
tcr_26_1,C,A,H,W,7,171,O,CG,7.110358
tcr_26_1,C,A,H,W,7,157,O,CZ2,9.439061
tcr_26_1,C,A,H,E,7,176,O,CG,7.3582344
tcr_26_1,C,A,H,W,7,157,O,CH2,9.007292
tcr_26_1,C,A,H,E,7,176,O,OE2,5.473711
tcr_26_1,C,A,H,E,7,176,O,CD,5.8872876
tcr_26_1,C,A,H,W,7,157,O,CZ3,9.465339
tcr_26_1,C,A,H,W,7,171,O,CD2,6.4844937
tcr_26_1,C,A,H,W,7,171,O,CE3,7.178452
tcr_26_1,C,A,H,E,7,176,O,OE1,5.38199
tcr_26_1,C,A,H,W,7,171,O,CE2,5.1543274
tcr_26_1,C,A,H,W,7,171,O,NE1,5.0690365
tcr_26_1,C,A,H,F,7,140,O,CZ,5.511606
tcr_26_1,C,A,H,F,7,140,O,CD2,7.4558916
tcr_26_1,C,A,H,W,7,171,O,CH2,5.5177364
tcr_26_1,C,A,H,F,7,140,O,CE2,6.562777
tcr_26_1,C,A,H,W,7,171,O,CZ2,4.5587516
tcr_26_1,C,A,H,W,7,171,O,CZ3,6.7554617
tcr_26_1,C,A,H,W,7,171,O,N,9.447536
tcr_26_1,C,A,H,K,7,170,O,CD,9.048131
tcr_26_1,C,A,H,K,7,170,O,CB,9.312604
tcr_26_1,C,A,H,K,7,170,O,NZ,9.126455
tcr_26_1,C,A,H,K,7,170,O,CE,9.879719
tcr_26_1,C,A,H,Y,7,108,O,OH,9.629691
tcr_26_1,C,A,H,K,7,104,O,NZ,7.300504
tcr_26_1,C,A,H,Y,7,108,O,CE2,9.891366
tcr_26_1,C,A,H,T,7,167,O,O,9.140836
tcr_26_1,C,A,H,T,7,167,O,CG2,7.193098
tcr_26_1,C,A,H,T,7,167,O,CA,9.140245
tcr_26_1,C,A,H,T,7,167,O,CB,8.461935
tcr_26_1,C,A,H,T,7,167,O,C,9.538561
tcr_26_1,C,A,H,T,7,167,O,OG1,8.340262
tcr_26_1,C,A,H,Y,7,147,O,CE1,9.038211
tcr_26_1,C,A,H,I,7,148,O,CG2,8.854659
tcr_26_1,C,A,H,Y,7,147,O,OH,9.865175
tcr_26_1,C,A,H,R,7,93,O,C,8.969856
tcr_26_1,C,A,H,Q,7,94,O,N,8.990002
tcr_26_1,C,A,H,R,7,121,O,NH1,5.7619185
tcr_26_1,C,A,H,Q,7,94,O,CD,6.5950394
tcr_26_1,C,A,H,Q,7,94,O,OE1,6.4169626
tcr_26_1,C,A,H,A,7,95,O,N,9.63167
tcr_26_1,C,A,H,Q,7,94,O,CG,8.01
tcr_26_1,C,A,H,Q,7,94,O,CA,8.098565
tcr_26_1,C,A,H,Q,7,94,O,CB,8.636263
tcr_26_1,C,A,H,R,7,121,O,NE,7.0626583
tcr_26_1,C,A,H,R,7,121,O,CZ,6.21745
tcr_26_1,C,A,H,R,7,121,O,CB,8.912903
tcr_26_1,C,A,H,R,7,121,O,CG,8.467758
tcr_26_1,C,A,H,R,7,121,O,CD,7.4486356
tcr_26_1,C,A,H,Q,7,96,O,O,8.446621
tcr_26_1,C,A,H,R,7,93,O,O,8.189656
tcr_26_1,C,A,H,Q,7,96,O,C,8.366655
tcr_26_1,C,A,H,Q,7,96,O,N,9.86698
tcr_26_1,C,A,H,Q,7,96,O,CA,9.731179
tcr_26_1,C,A,H,A,7,97,O,N,7.2878647
tcr_26_1,C,A,H,A,7,95,O,C,9.865675
tcr_26_1,C,A,H,A,7,97,O,CA,5.931827
tcr_26_1,C,A,H,A,7,97,O,CB,5.0288405
tcr_26_1,C,A,H,A,7,95,O,O,9.764559
tcr_26_1,C,A,H,V,7,100,O,N,8.461093
tcr_26_1,C,A,H,Q,7,94,O,C,8.344681
tcr_26_1,C,A,H,Q,7,94,O,O,7.5074186
tcr_26_1,C,A,H,R,7,99,O,CA,9.798636
tcr_26_1,C,A,H,A,7,97,O,C,5.82564
tcr_26_1,C,A,H,D,7,98,O,CB,7.718391
tcr_26_1,C,A,H,D,7,98,O,OD2,8.059504
tcr_26_1,C,A,H,F,7,140,O,CD1,6.5534573
tcr_26_1,C,A,H,D,7,98,O,CG,7.109147
tcr_26_1,C,A,H,F,7,140,O,CE1,5.508486
tcr_26_1,C,A,H,D,7,98,O,OD1,5.892355
tcr_26_1,C,A,H,Q,7,94,O,NE2,5.766351
tcr_26_1,C,A,H,L,7,119,O,CB,9.738777
tcr_26_1,C,A,H,D,7,98,O,CA,6.905848
tcr_26_1,C,A,H,L,7,119,O,CG,8.426034
tcr_26_1,C,A,H,D,7,98,O,N,6.436714
tcr_26_1,C,A,H,L,7,119,O,CD2,7.253515
tcr_26_1,C,A,H,N,7,101,O,ND2,3.4737558
tcr_26_1,C,A,H,D,7,98,O,C,7.9666247
tcr_26_1,C,A,H,R,7,99,O,N,8.73709
tcr_26_1,C,A,H,N,7,101,O,CG,4.036047
tcr_26_1,C,A,H,N,7,101,O,CB,5.530485
tcr_26_1,C,A,H,N,7,101,O,CA,6.4437466
tcr_26_1,C,A,H,D,7,98,O,O,8.244164
tcr_26_1,C,A,H,N,7,101,O,OD1,3.69957
tcr_26_1,C,A,H,N,7,101,O,N,6.7170734
tcr_26_1,C,A,H,A,7,97,O,O,5.674773
tcr_26_1,C,A,H,V,7,100,O,CG2,8.565426
tcr_26_1,C,A,H,K,7,104,O,CB,8.937338
tcr_26_1,C,A,H,K,7,104,O,CD,7.741472
tcr_26_1,C,A,H,K,7,104,O,CE,8.059945
tcr_26_1,C,A,H,V,7,100,O,CB,7.603357
tcr_26_1,C,A,H,V,7,100,O,CG1,7.802981
tcr_26_1,C,A,H,K,7,104,O,CG,8.877492
tcr_26_1,C,A,H,V,7,100,O,C,7.6777196
tcr_26_1,C,A,H,V,7,100,O,O,8.380522
tcr_26_1,C,A,H,V,7,100,O,CA,8.234449
tcr_26_1,C,A,H,R,7,99,O,C,9.418256
tcr_26_1,C,A,H,L,7,102,O,N,8.650144
tcr_26_1,C,A,H,L,7,105,O,CD1,8.995851
tcr_26_1,C,A,H,N,7,101,O,C,7.830216
tcr_26_1,C,A,H,N,7,101,O,O,8.354025
tcr_26_1,C,A,H,L,7,105,O,CG,9.336553
tcr_26_1,C,A,H,F,7,140,O,CG,7.457359
tcr_26_1,C,A,H,F,7,140,O,CA,9.962029
tcr_26_1,C,A,H,L,7,119,O,CD1,8.491187
tcr_26_1,C,A,H,F,7,140,O,CB,8.67152
tcr_26_1,C,A,H,Y,7,147,O,CZ,9.9455595
tcr_26_1,C,A,H,Y,7,147,O,CD1,9.465736
tcr_26_1,C,A,H,L,7,105,O,CD2,9.744164
tcr_26_1,C,A,H,R,7,180,CB,N,8.725513
tcr_26_1,C,A,H,Q,7,179,CB,C,9.186277
tcr_26_1,C,A,H,Q,7,179,CB,CA,9.195065
tcr_26_1,C,A,H,Q,7,179,CB,N,9.619142
tcr_26_1,C,A,H,Q,7,179,CB,CB,7.9079976
tcr_26_1,C,A,H,Q,7,179,CB,CG,8.336411
tcr_26_1,C,A,H,E,7,176,CB,O,7.401979
tcr_26_1,C,A,H,E,7,176,CB,C,7.473779
tcr_26_1,C,A,H,Q,7,179,CB,CD,7.4246864
tcr_26_1,C,A,H,Q,7,179,CB,NE2,8.1376705
tcr_26_1,C,A,H,Q,7,179,CB,OE1,6.2218237
tcr_26_1,C,A,H,Q,7,179,CB,O,9.823714
tcr_26_1,C,A,H,R,7,180,CB,CZ,4.5064006
tcr_26_1,C,A,H,R,7,180,CB,NE,5.183846
tcr_26_1,C,A,H,R,7,180,CB,NH1,5.321626
tcr_26_1,C,A,H,R,7,180,CB,NH2,3.2368906
tcr_26_1,C,A,H,A,7,177,CB,CA,9.43837
tcr_26_1,C,A,H,R,7,121,CB,NH2,5.656135
tcr_26_1,C,A,H,N,7,138,CB,CG,8.261218
tcr_26_1,C,A,H,R,7,180,CB,CD,6.610668
tcr_26_1,C,A,H,N,7,138,CB,OD1,8.11888
tcr_26_1,C,A,H,N,7,138,CB,ND2,7.3337793
tcr_26_1,C,A,H,R,7,180,CB,CB,8.695845
tcr_26_1,C,A,H,R,7,180,CB,CA,9.066192
tcr_26_1,C,A,H,N,7,138,CB,CB,9.661465
tcr_26_1,C,A,H,R,7,180,CB,CG,7.2355237
tcr_26_1,C,A,H,R,7,175,CB,N,9.755418
tcr_26_1,C,A,H,R,7,175,CB,O,9.258525
tcr_26_1,C,A,H,A,7,174,CB,C,9.18149
tcr_26_1,C,A,H,A,7,174,CB,O,8.927279
tcr_26_1,C,A,H,A,7,174,CB,CA,9.135668
tcr_26_1,C,A,H,R,7,175,CB,C,8.952433
tcr_26_1,C,A,H,W,7,171,CB,O,8.617316
tcr_26_1,C,A,H,E,7,176,CB,N,7.848789
tcr_26_1,C,A,H,A,7,177,CB,N,8.473406
tcr_26_1,C,A,H,W,7,157,CB,NE1,9.333202
tcr_26_1,C,A,H,W,7,171,CB,C,8.712868
tcr_26_1,C,A,H,E,7,176,CB,CA,6.7722554
tcr_26_1,C,A,H,A,7,174,CB,CB,7.783338
tcr_26_1,C,A,H,K,7,170,CB,CA,9.615789
tcr_26_1,C,A,H,K,7,170,CB,C,8.749388
tcr_26_1,C,A,H,A,7,174,CB,N,9.870222
tcr_26_1,C,A,H,K,7,170,CB,O,8.808449
tcr_26_1,C,A,H,W,7,171,CB,CA,7.5998154
tcr_26_1,C,A,H,E,7,172,CB,N,9.932709
tcr_26_1,C,A,H,W,7,171,CB,CD1,5.323807
tcr_26_1,C,A,H,E,7,176,CB,CB,5.646043
tcr_26_1,C,A,H,W,7,171,CB,CB,7.1191936
tcr_26_1,C,A,H,W,7,157,CB,CE2,8.678126
tcr_26_1,C,A,H,W,7,171,CB,CG,5.9666553
tcr_26_1,C,A,H,W,7,157,CB,CZ2,7.675266
tcr_26_1,C,A,H,E,7,176,CB,CG,4.686745
tcr_26_1,C,A,H,W,7,157,CB,CH2,7.530618
tcr_26_1,C,A,H,E,7,176,CB,OE2,3.096509
tcr_26_1,C,A,H,E,7,176,CB,CD,3.428826
tcr_26_1,C,A,H,W,7,157,CB,CZ3,8.398221
tcr_26_1,C,A,H,W,7,171,CB,CD2,5.672317
tcr_26_1,C,A,H,W,7,171,CB,CE3,6.4421573
tcr_26_1,C,A,H,E,7,176,CB,OE1,3.2303717
tcr_26_1,C,A,H,W,7,171,CB,CE2,4.7859273
tcr_26_1,C,A,H,W,7,171,CB,NE1,4.5542603
tcr_26_1,C,A,H,F,7,140,CB,CZ,6.256272
tcr_26_1,C,A,H,F,7,140,CB,CD2,8.191958
tcr_26_1,C,A,H,W,7,171,CB,CH2,5.681185
tcr_26_1,C,A,H,F,7,140,CB,CE2,6.989189
tcr_26_1,C,A,H,W,7,171,CB,CZ2,4.792729
tcr_26_1,C,A,H,W,7,171,CB,CZ3,6.4391866
tcr_26_1,C,A,H,W,7,171,CB,N,8.243433
tcr_26_1,C,A,H,K,7,170,CB,CD,9.369724
tcr_26_1,C,A,H,K,7,170,CB,CG,9.926484
tcr_26_1,C,A,H,K,7,170,CB,CB,8.895312
tcr_26_1,C,A,H,K,7,104,CB,NZ,8.814902
tcr_26_1,C,A,H,T,7,167,CB,O,8.822754
tcr_26_1,C,A,H,T,7,167,CB,CG2,7.8503237
tcr_26_1,C,A,H,T,7,167,CB,CA,9.624298
tcr_26_1,C,A,H,T,7,167,CB,CB,9.254151
tcr_26_1,C,A,H,T,7,167,CB,C,9.547752
tcr_26_1,C,A,H,T,7,167,CB,OG1,9.572676
tcr_26_1,C,A,H,W,7,157,CB,CD2,9.473063
tcr_26_1,C,A,H,W,7,157,CB,CE3,9.330862
tcr_26_1,C,A,H,I,7,148,CB,CG2,9.489585
tcr_26_1,C,A,H,R,7,121,CB,NH1,6.115263
tcr_26_1,C,A,H,Q,7,94,CB,CD,7.8118677
tcr_26_1,C,A,H,Q,7,94,CB,OE1,7.148312
tcr_26_1,C,A,H,Q,7,94,CB,CG,9.309505
tcr_26_1,C,A,H,Q,7,94,CB,CA,9.426428
tcr_26_1,C,A,H,Q,7,94,CB,CB,9.767003
tcr_26_1,C,A,H,R,7,121,CB,NE,7.4348106
tcr_26_1,C,A,H,R,7,121,CB,CZ,6.3289165
tcr_26_1,C,A,H,R,7,121,CB,CG,9.428592
tcr_26_1,C,A,H,R,7,121,CB,CD,8.337568
tcr_26_1,C,A,H,R,7,93,CB,O,9.514334
tcr_26_1,C,A,H,A,7,97,CB,N,9.389385
tcr_26_1,C,A,H,A,7,97,CB,CA,8.193154
tcr_26_1,C,A,H,A,7,97,CB,CB,6.983334
tcr_26_1,C,A,H,Q,7,94,CB,O,9.562204
tcr_26_1,C,A,H,A,7,97,CB,C,8.498096
tcr_26_1,C,A,H,F,7,140,CB,CD1,8.130232
tcr_26_1,C,A,H,D,7,98,CB,CG,9.700706
tcr_26_1,C,A,H,F,7,140,CB,CE1,6.913538
tcr_26_1,C,A,H,D,7,98,CB,OD1,8.48996
tcr_26_1,C,A,H,Q,7,94,CB,NE2,7.4062376
tcr_26_1,C,A,H,D,7,98,CB,CA,9.795689
tcr_26_1,C,A,H,D,7,98,CB,N,9.132554
tcr_26_1,C,A,H,N,7,101,CB,ND2,6.569555
tcr_26_1,C,A,H,N,7,101,CB,CG,7.165832
tcr_26_1,C,A,H,N,7,101,CB,CB,8.657198
tcr_26_1,C,A,H,N,7,101,CB,CA,9.513472
tcr_26_1,C,A,H,N,7,101,CB,OD1,6.7061477
tcr_26_1,C,A,H,N,7,101,CB,N,9.741063
tcr_26_1,C,A,H,A,7,97,CB,O,8.513656
tcr_26_1,C,A,H,K,7,104,CB,CD,9.886154
tcr_26_1,C,A,H,K,7,104,CB,CE,9.930051
tcr_26_1,C,A,H,F,7,140,CB,CG,8.707813
tcr_26_1,C,A,H,R,7,180,CG,N,7.691323
tcr_26_1,C,A,H,Q,7,179,CG,C,8.001989
tcr_26_1,C,A,H,E,7,178,CG,C,9.698246
tcr_26_1,C,A,H,Q,7,179,CG,CA,7.9208984
tcr_26_1,C,A,H,Q,7,179,CG,N,8.436877
tcr_26_1,C,A,H,Q,7,179,CG,CB,6.568209
tcr_26_1,C,A,H,Q,7,179,CG,CG,6.920174
tcr_26_1,C,A,H,E,7,178,CG,N,9.5943985
tcr_26_1,C,A,H,E,7,176,CG,O,6.5206494
tcr_26_1,C,A,H,E,7,176,CG,C,6.741565
tcr_26_1,C,A,H,Q,7,179,CG,CD,5.954686
tcr_26_1,C,A,H,Q,7,179,CG,NE2,6.648723
tcr_26_1,C,A,H,Q,7,179,CG,OE1,4.758143
tcr_26_1,C,A,H,Q,7,179,CG,O,8.6157055
tcr_26_1,C,A,H,R,7,180,CG,CZ,4.0214887
tcr_26_1,C,A,H,R,7,180,CG,NE,4.7329936
tcr_26_1,C,A,H,R,7,180,CG,NH1,4.71919
tcr_26_1,C,A,H,R,7,180,CG,NH2,2.9271157
tcr_26_1,C,A,H,A,7,177,CG,CA,8.834456
tcr_26_1,C,A,H,A,7,177,CG,C,9.401764
tcr_26_1,C,A,H,A,7,177,CG,O,9.8572
tcr_26_1,C,A,H,R,7,180,CG,C,9.670169
tcr_26_1,C,A,H,R,7,121,CG,NH2,5.8850536
tcr_26_1,C,A,H,N,7,138,CG,CG,8.375065
tcr_26_1,C,A,H,R,7,180,CG,CD,6.032774
tcr_26_1,C,A,H,N,7,138,CG,OD1,8.336899
tcr_26_1,C,A,H,N,7,138,CG,ND2,7.4178333
tcr_26_1,C,A,H,R,7,180,CG,CB,8.018436
tcr_26_1,C,A,H,R,7,180,CG,CA,8.172845
tcr_26_1,C,A,H,N,7,138,CG,CB,9.681346
tcr_26_1,C,A,H,R,7,180,CG,CG,6.6557446
tcr_26_1,C,A,H,R,7,175,CG,N,9.205578
tcr_26_1,C,A,H,R,7,175,CG,CA,9.401675
tcr_26_1,C,A,H,R,7,175,CG,O,8.34923
tcr_26_1,C,A,H,A,7,174,CG,C,8.594888
tcr_26_1,C,A,H,A,7,174,CG,O,8.168545
tcr_26_1,C,A,H,A,7,174,CG,CA,8.738371
tcr_26_1,C,A,H,R,7,175,CG,C,8.195783
tcr_26_1,C,A,H,W,7,171,CG,O,8.463199
tcr_26_1,C,A,H,E,7,176,CG,N,7.2162976
tcr_26_1,C,A,H,A,7,177,CG,N,7.878402
tcr_26_1,C,A,H,W,7,157,CG,NE1,9.377595
tcr_26_1,C,A,H,W,7,171,CG,C,8.768647
tcr_26_1,C,A,H,E,7,176,CG,CA,6.068295
tcr_26_1,C,A,H,A,7,174,CG,CB,7.489758
tcr_26_1,C,A,H,K,7,170,CG,C,9.144262
tcr_26_1,C,A,H,A,7,174,CG,N,9.640323
tcr_26_1,C,A,H,K,7,170,CG,O,9.026601
tcr_26_1,C,A,H,W,7,171,CG,CA,7.8556256
tcr_26_1,C,A,H,W,7,171,CG,CD1,6.044051
tcr_26_1,C,A,H,E,7,176,CG,CB,5.2146893
tcr_26_1,C,A,H,W,7,171,CG,CB,7.4990363
tcr_26_1,C,A,H,W,7,157,CG,CE2,8.782597
tcr_26_1,C,A,H,W,7,171,CG,CG,6.571974
tcr_26_1,C,A,H,W,7,157,CG,CZ2,7.686532
tcr_26_1,C,A,H,E,7,176,CG,CG,4.231248
tcr_26_1,C,A,H,W,7,157,CG,CH2,7.65596
tcr_26_1,C,A,H,E,7,176,CG,OE2,3.2585366
tcr_26_1,C,A,H,E,7,176,CG,CD,3.3822753
tcr_26_1,C,A,H,W,7,157,CG,CZ3,8.704311
tcr_26_1,C,A,H,W,7,171,CG,CD2,6.434817
tcr_26_1,C,A,H,W,7,171,CG,CE3,7.1439023
tcr_26_1,C,A,H,E,7,176,CG,OE1,3.3735774
tcr_26_1,C,A,H,W,7,171,CG,CE2,5.8019276
tcr_26_1,C,A,H,W,7,171,CG,NE1,5.551768
tcr_26_1,C,A,H,F,7,140,CG,CZ,7.1520348
tcr_26_1,C,A,H,F,7,140,CG,CD2,9.103383
tcr_26_1,C,A,H,W,7,171,CG,CH2,6.7092385
tcr_26_1,C,A,H,F,7,140,CG,CE2,7.8107176
tcr_26_1,C,A,H,W,7,171,CG,CZ2,5.955773
tcr_26_1,C,A,H,W,7,171,CG,CZ3,7.2630305
tcr_26_1,C,A,H,W,7,171,CG,N,8.676689
tcr_26_1,C,A,H,K,7,170,CG,CB,9.618084
tcr_26_1,C,A,H,K,7,104,CG,NZ,9.92205
tcr_26_1,C,A,H,T,7,167,CG,O,9.64855
tcr_26_1,C,A,H,T,7,167,CG,CG2,9.028274
tcr_26_1,C,A,H,W,7,157,CG,CD2,9.742854
tcr_26_1,C,A,H,W,7,157,CG,CE3,9.693322
tcr_26_1,C,A,H,R,7,121,CG,NH1,6.4950967
tcr_26_1,C,A,H,Q,7,94,CG,CD,8.268255
tcr_26_1,C,A,H,Q,7,94,CG,OE1,7.423541
tcr_26_1,C,A,H,Q,7,94,CG,CG,9.726414
tcr_26_1,C,A,H,Q,7,94,CG,CA,9.783176
tcr_26_1,C,A,H,R,7,121,CG,NE,7.8879213
tcr_26_1,C,A,H,R,7,121,CG,CZ,6.695275
tcr_26_1,C,A,H,R,7,121,CG,CD,8.92876
tcr_26_1,C,A,H,R,7,93,CG,O,9.852021
tcr_26_1,C,A,H,A,7,97,CG,CA,9.0367155
tcr_26_1,C,A,H,A,7,97,CG,CB,7.726672
tcr_26_1,C,A,H,A,7,97,CG,C,9.524157
tcr_26_1,C,A,H,F,7,140,CG,CD1,9.226288
tcr_26_1,C,A,H,F,7,140,CG,CE1,7.9522862
tcr_26_1,C,A,H,D,7,98,CG,OD1,9.555307
tcr_26_1,C,A,H,Q,7,94,CG,NE2,8.084766
tcr_26_1,C,A,H,N,7,101,CG,ND2,7.9066663
tcr_26_1,C,A,H,N,7,101,CG,CG,8.565992
tcr_26_1,C,A,H,N,7,101,CG,OD1,8.124864
tcr_26_1,C,A,H,A,7,97,CG,O,9.652421
tcr_26_1,C,A,H,F,7,140,CG,CG,9.748622
tcr_26_1,C,A,H,R,7,180,ND1,N,8.047868
tcr_26_1,C,A,H,Q,7,179,ND1,C,8.15987
tcr_26_1,C,A,H,E,7,178,ND1,C,9.704394
tcr_26_1,C,A,H,Q,7,179,ND1,CA,7.8559384
tcr_26_1,C,A,H,Q,7,179,ND1,N,8.400546
tcr_26_1,C,A,H,Q,7,179,ND1,CB,6.3943377
tcr_26_1,C,A,H,Q,7,179,ND1,CG,6.4440365
tcr_26_1,C,A,H,E,7,178,ND1,N,9.759742
tcr_26_1,C,A,H,E,7,176,ND1,O,6.8373513
tcr_26_1,C,A,H,E,7,176,ND1,C,7.059318
tcr_26_1,C,A,H,Q,7,179,ND1,CD,5.2900023
tcr_26_1,C,A,H,Q,7,179,ND1,NE2,5.8222027
tcr_26_1,C,A,H,Q,7,179,ND1,OE1,4.1092105
tcr_26_1,C,A,H,Q,7,179,ND1,O,8.761972
tcr_26_1,C,A,H,R,7,180,ND1,CZ,5.0657334
tcr_26_1,C,A,H,R,7,180,ND1,NE,5.7657638
tcr_26_1,C,A,H,R,7,180,ND1,NH1,5.603712
tcr_26_1,C,A,H,R,7,180,ND1,NH2,4.1170793
tcr_26_1,C,A,H,A,7,177,ND1,CA,9.320486
tcr_26_1,C,A,H,A,7,177,ND1,C,9.75041
tcr_26_1,C,A,H,R,7,121,ND1,NH2,7.111625
tcr_26_1,C,A,H,N,7,138,ND1,CG,9.614557
tcr_26_1,C,A,H,R,7,180,ND1,CD,6.9349833
tcr_26_1,C,A,H,N,7,138,ND1,OD1,9.607346
tcr_26_1,C,A,H,N,7,138,ND1,ND2,8.646378
tcr_26_1,C,A,H,R,7,180,ND1,CB,8.749442
tcr_26_1,C,A,H,R,7,180,ND1,CA,8.718229
tcr_26_1,C,A,H,R,7,180,ND1,CG,7.488122
tcr_26_1,C,A,H,R,7,175,ND1,N,8.970976
tcr_26_1,C,A,H,R,7,175,ND1,CA,9.2324915
tcr_26_1,C,A,H,R,7,175,ND1,O,8.213536
tcr_26_1,C,A,H,A,7,174,ND1,C,8.203944
tcr_26_1,C,A,H,A,7,174,ND1,O,7.642701
tcr_26_1,C,A,H,A,7,174,ND1,CA,8.325167
tcr_26_1,C,A,H,R,7,175,ND1,C,8.0970955
tcr_26_1,C,A,H,W,7,171,ND1,O,8.643135
tcr_26_1,C,A,H,E,7,176,ND1,N,7.245163
tcr_26_1,C,A,H,A,7,177,ND1,N,8.2796135
tcr_26_1,C,A,H,W,7,171,ND1,C,9.058561
tcr_26_1,C,A,H,E,7,176,ND1,CA,6.2251396
tcr_26_1,C,A,H,A,7,174,ND1,CB,7.0930033
tcr_26_1,C,A,H,K,7,170,ND1,C,9.320723
tcr_26_1,C,A,H,A,7,174,ND1,N,9.371242
tcr_26_1,C,A,H,K,7,170,ND1,O,9.035197
tcr_26_1,C,A,H,W,7,171,ND1,CA,8.230337
tcr_26_1,C,A,H,W,7,171,ND1,CD1,6.6657715
tcr_26_1,C,A,H,E,7,176,ND1,CB,5.583401
tcr_26_1,C,A,H,W,7,171,ND1,CB,8.115633
tcr_26_1,C,A,H,W,7,157,ND1,CE2,9.681707
tcr_26_1,C,A,H,W,7,171,ND1,CG,7.3063188
tcr_26_1,C,A,H,W,7,157,ND1,CZ2,8.629763
tcr_26_1,C,A,H,E,7,176,ND1,CG,4.8655334
tcr_26_1,C,A,H,W,7,157,ND1,CH2,8.746533
tcr_26_1,C,A,H,E,7,176,ND1,OE2,3.9672418
tcr_26_1,C,A,H,E,7,176,ND1,CD,4.2792993
tcr_26_1,C,A,H,W,7,157,ND1,CZ3,9.863589
tcr_26_1,C,A,H,W,7,171,ND1,CD2,7.3952346
tcr_26_1,C,A,H,W,7,171,ND1,CE3,8.221037
tcr_26_1,C,A,H,E,7,176,ND1,OE1,4.544404
tcr_26_1,C,A,H,W,7,171,ND1,CE2,6.804697
tcr_26_1,C,A,H,W,7,171,ND1,NE1,6.3387823
tcr_26_1,C,A,H,F,7,140,ND1,CZ,8.510689
tcr_26_1,C,A,H,W,7,171,ND1,CH2,7.9582806
tcr_26_1,C,A,H,F,7,140,ND1,CE2,9.183565
tcr_26_1,C,A,H,W,7,171,ND1,CZ2,7.1140156
tcr_26_1,C,A,H,W,7,171,ND1,CZ3,8.472592
tcr_26_1,C,A,H,W,7,171,ND1,N,9.024812
tcr_26_1,C,A,H,K,7,170,ND1,CB,9.847141
tcr_26_1,C,A,H,K,7,104,ND1,NZ,9.975927
tcr_26_1,C,A,H,T,7,167,ND1,CG2,9.973629
tcr_26_1,C,A,H,R,7,121,ND1,NH1,7.581407
tcr_26_1,C,A,H,Q,7,94,ND1,CD,9.019125
tcr_26_1,C,A,H,Q,7,94,ND1,OE1,8.129326
tcr_26_1,C,A,H,R,7,121,ND1,NE,9.119979
tcr_26_1,C,A,H,R,7,121,ND1,CZ,7.888658
tcr_26_1,C,A,H,R,7,93,ND1,O,9.933322
tcr_26_1,C,A,H,A,7,97,ND1,CA,9.308346
tcr_26_1,C,A,H,A,7,97,ND1,CB,8.029952
tcr_26_1,C,A,H,A,7,97,ND1,C,9.971472
tcr_26_1,C,A,H,F,7,140,ND1,CE1,9.2700205
tcr_26_1,C,A,H,Q,7,94,ND1,NE2,8.933528
tcr_26_1,C,A,H,N,7,101,ND1,ND2,8.749725
tcr_26_1,C,A,H,N,7,101,ND1,CG,9.335226
tcr_26_1,C,A,H,N,7,101,ND1,OD1,8.801824
tcr_26_1,C,A,H,R,7,180,CD2,N,6.4297514
tcr_26_1,C,A,H,Q,7,179,CD2,C,6.751767
tcr_26_1,C,A,H,E,7,178,CD2,O,9.351224
tcr_26_1,C,A,H,E,7,178,CD2,C,8.650088
tcr_26_1,C,A,H,Q,7,179,CD2,CA,6.8049736
tcr_26_1,C,A,H,Q,7,179,CD2,N,7.4082866
tcr_26_1,C,A,H,E,7,178,CD2,CA,9.388198
tcr_26_1,C,A,H,Q,7,179,CD2,CB,5.5263705
tcr_26_1,C,A,H,Q,7,179,CD2,CG,6.0817986
tcr_26_1,C,A,H,E,7,178,CD2,N,8.696863
tcr_26_1,C,A,H,E,7,176,CD2,O,5.590941
tcr_26_1,C,A,H,E,7,176,CD2,C,6.0073514
tcr_26_1,C,A,H,Y,7,183,CD2,CD2,9.981975
tcr_26_1,C,A,H,Q,7,179,CD2,CD,5.2673464
tcr_26_1,C,A,H,Q,7,179,CD2,NE2,6.0616293
tcr_26_1,C,A,H,Q,7,179,CD2,OE1,4.1371264
tcr_26_1,C,A,H,Y,7,183,CD2,CB,8.868687
tcr_26_1,C,A,H,Q,7,179,CD2,O,7.3266344
tcr_26_1,C,A,H,Y,7,183,CD2,N,9.925763
tcr_26_1,C,A,H,Y,7,183,CD2,CD1,9.59169
tcr_26_1,C,A,H,R,7,180,CD2,CZ,2.8906283
tcr_26_1,C,A,H,Y,7,183,CD2,CG,9.369708
tcr_26_1,C,A,H,R,7,180,CD2,NE,3.5920343
tcr_26_1,C,A,H,R,7,180,CD2,NH1,3.563428
tcr_26_1,C,A,H,R,7,180,CD2,NH2,2.0675855
tcr_26_1,C,A,H,R,7,181,CD2,N,9.092809
tcr_26_1,C,A,H,A,7,177,CD2,CA,7.975606
tcr_26_1,C,A,H,A,7,177,CD2,CB,9.28691
tcr_26_1,C,A,H,A,7,177,CD2,C,8.435589
tcr_26_1,C,A,H,A,7,177,CD2,O,8.779349
tcr_26_1,C,A,H,R,7,180,CD2,O,8.920891
tcr_26_1,C,A,H,R,7,180,CD2,C,8.351686
tcr_26_1,C,A,H,R,7,121,CD2,NH2,5.2620335
tcr_26_1,C,A,H,N,7,138,CD2,CG,7.491096
tcr_26_1,C,A,H,R,7,180,CD2,CD,4.7921166
tcr_26_1,C,A,H,N,7,138,CD2,OD1,7.5357947
tcr_26_1,C,A,H,N,7,138,CD2,ND2,6.5476108
tcr_26_1,C,A,H,R,7,180,CD2,CB,6.782085
tcr_26_1,C,A,H,L,7,150,CD2,CD2,9.874414
tcr_26_1,C,A,H,R,7,180,CD2,CA,6.861798
tcr_26_1,C,A,H,N,7,138,CD2,CB,8.71321
tcr_26_1,C,A,H,R,7,180,CD2,CG,5.4799047
tcr_26_1,C,A,H,R,7,175,CD2,N,9.170918
tcr_26_1,C,A,H,R,7,175,CD2,CA,9.151815
tcr_26_1,C,A,H,R,7,175,CD2,O,7.8056026
tcr_26_1,C,A,H,A,7,174,CD2,C,8.689441
tcr_26_1,C,A,H,A,7,174,CD2,O,8.204324
tcr_26_1,C,A,H,A,7,174,CD2,CA,9.060695
tcr_26_1,C,A,H,R,7,175,CD2,C,7.814429
tcr_26_1,C,A,H,W,7,171,CD2,O,8.492425
tcr_26_1,C,A,H,E,7,176,CD2,N,6.904764
tcr_26_1,C,A,H,A,7,177,CD2,N,7.168433
tcr_26_1,C,A,H,W,7,157,CD2,NE1,8.967308
tcr_26_1,C,A,H,W,7,171,CD2,C,8.900956
tcr_26_1,C,A,H,E,7,176,CD2,CA,5.604218
tcr_26_1,C,A,H,A,7,174,CD2,CB,7.9609704
tcr_26_1,C,A,H,K,7,170,CD2,C,9.719792
tcr_26_1,C,A,H,A,7,174,CD2,N,9.9810095
tcr_26_1,C,A,H,K,7,170,CD2,O,9.59083
tcr_26_1,C,A,H,W,7,171,CD2,CA,8.148263
tcr_26_1,C,A,H,W,7,171,CD2,CD1,6.622919
tcr_26_1,C,A,H,E,7,176,CD2,CB,4.944263
tcr_26_1,C,A,H,W,7,171,CD2,CB,7.683816
tcr_26_1,C,A,H,W,7,157,CD2,CE2,8.301639
tcr_26_1,C,A,H,W,7,171,CD2,CG,6.899796
tcr_26_1,C,A,H,W,7,157,CD2,CZ2,7.0880175
tcr_26_1,C,A,H,E,7,176,CD2,CG,3.7423835
tcr_26_1,C,A,H,W,7,157,CD2,CH2,7.008953
tcr_26_1,C,A,H,E,7,176,CD2,OE2,3.5896187
tcr_26_1,C,A,H,E,7,176,CD2,CD,3.2386053
tcr_26_1,C,A,H,W,7,157,CD2,CZ3,8.14091
tcr_26_1,C,A,H,W,7,171,CD2,CD2,6.670378
tcr_26_1,C,A,H,W,7,171,CD2,CE3,7.1547723
tcr_26_1,C,A,H,E,7,176,CD2,OE1,3.0629215
tcr_26_1,C,A,H,W,7,171,CD2,CE2,6.245955
tcr_26_1,C,A,H,W,7,171,CD2,NE1,6.222614
tcr_26_1,C,A,H,F,7,140,CD2,CZ,7.0073833
tcr_26_1,C,A,H,F,7,140,CD2,CD2,8.913723
tcr_26_1,C,A,H,W,7,171,CD2,CH2,6.8422804
tcr_26_1,C,A,H,F,7,140,CD2,CE2,7.55693
tcr_26_1,C,A,H,W,7,171,CD2,CZ2,6.339614
tcr_26_1,C,A,H,W,7,171,CD2,CZ3,7.232027
tcr_26_1,C,A,H,W,7,171,CD2,N,9.138911
tcr_26_1,C,A,H,T,7,167,CD2,CG2,9.566049
tcr_26_1,C,A,H,W,7,157,CD2,CD2,9.310802
tcr_26_1,C,A,H,W,7,157,CD2,CE3,9.224558
tcr_26_1,C,A,H,R,7,121,CD2,NH1,6.1777024
tcr_26_1,C,A,H,Q,7,94,CD2,CD,8.326312
tcr_26_1,C,A,H,Q,7,94,CD2,OE1,7.3804045
tcr_26_1,C,A,H,Q,7,94,CD2,CG,9.762927
tcr_26_1,C,A,H,R,7,121,CD2,NE,7.409989
tcr_26_1,C,A,H,R,7,121,CD2,CZ,6.2211914
tcr_26_1,C,A,H,F,7,123,CD2,CG,9.907785
tcr_26_1,C,A,H,F,7,123,CD2,CD1,9.8263855
tcr_26_1,C,A,H,F,7,123,CD2,CE1,9.952674
tcr_26_1,C,A,H,R,7,121,CD2,CG,9.711497
tcr_26_1,C,A,H,R,7,121,CD2,CD,8.589682
tcr_26_1,C,A,H,A,7,97,CD2,CA,9.922159
tcr_26_1,C,A,H,A,7,97,CD2,CB,8.531975
tcr_26_1,C,A,H,F,7,140,CD2,CD1,9.264082
tcr_26_1,C,A,H,F,7,140,CD2,CE1,7.967687
tcr_26_1,C,A,H,Q,7,94,CD2,NE2,8.266651
tcr_26_1,C,A,H,N,7,101,CD2,ND2,8.69505
tcr_26_1,C,A,H,N,7,101,CD2,CG,9.468713
tcr_26_1,C,A,H,N,7,101,CD2,OD1,9.140885
tcr_26_1,C,A,H,F,7,140,CD2,CG,9.691256
tcr_26_1,C,A,H,R,7,180,CE1,N,7.107688
tcr_26_1,C,A,H,Q,7,179,CE1,C,7.066707
tcr_26_1,C,A,H,E,7,178,CE1,O,9.401432
tcr_26_1,C,A,H,E,7,178,CE1,C,8.67536
tcr_26_1,C,A,H,Q,7,179,CE1,CA,6.7037115
tcr_26_1,C,A,H,Q,7,179,CE1,N,7.357276
tcr_26_1,C,A,H,E,7,178,CE1,CA,9.473586
tcr_26_1,C,A,H,Q,7,179,CE1,CB,5.212701
tcr_26_1,C,A,H,Q,7,179,CE1,CG,5.2035537
tcr_26_1,C,A,H,E,7,178,CE1,CB,9.865732
tcr_26_1,C,A,H,E,7,178,CE1,N,8.992215
tcr_26_1,C,A,H,E,7,176,CE1,O,6.171134
tcr_26_1,C,A,H,E,7,176,CE1,C,6.5649595
tcr_26_1,C,A,H,Q,7,179,CE1,CD,4.0051517
tcr_26_1,C,A,H,Q,7,179,CE1,NE2,4.53501
tcr_26_1,C,A,H,Q,7,179,CE1,OE1,2.8461692
tcr_26_1,C,A,H,Y,7,183,CE1,CB,9.456137
tcr_26_1,C,A,H,Q,7,179,CE1,O,7.620852
tcr_26_1,C,A,H,R,7,180,CE1,CZ,4.8552723
tcr_26_1,C,A,H,R,7,180,CE1,NE,5.501532
tcr_26_1,C,A,H,R,7,180,CE1,NH1,5.2351832
tcr_26_1,C,A,H,R,7,180,CE1,NH2,4.2044063
tcr_26_1,C,A,H,R,7,181,CE1,N,9.908895
tcr_26_1,C,A,H,A,7,177,CE1,CA,8.81559
tcr_26_1,C,A,H,A,7,177,CE1,C,9.050857
tcr_26_1,C,A,H,A,7,177,CE1,O,9.4975195
tcr_26_1,C,A,H,R,7,180,CE1,O,9.88576
tcr_26_1,C,A,H,R,7,180,CE1,C,9.282793
tcr_26_1,C,A,H,R,7,121,CE1,NH2,7.2909837
tcr_26_1,C,A,H,N,7,138,CE1,CG,9.576993
tcr_26_1,C,A,H,R,7,180,CE1,CD,6.4615073
tcr_26_1,C,A,H,N,7,138,CE1,OD1,9.653257
tcr_26_1,C,A,H,N,7,138,CE1,ND2,8.623202
tcr_26_1,C,A,H,R,7,180,CE1,CB,8.106167
tcr_26_1,C,A,H,R,7,180,CE1,CA,7.8749
tcr_26_1,C,A,H,R,7,180,CE1,CG,6.993528
tcr_26_1,C,A,H,R,7,175,CE1,N,8.784554
tcr_26_1,C,A,H,R,7,175,CE1,CA,8.868653
tcr_26_1,C,A,H,R,7,175,CE1,CB,9.585492
tcr_26_1,C,A,H,R,7,175,CE1,O,7.575009
tcr_26_1,C,A,H,A,7,174,CE1,C,8.056094
tcr_26_1,C,A,H,A,7,174,CE1,O,7.347032
tcr_26_1,C,A,H,A,7,174,CE1,CA,8.405227
tcr_26_1,C,A,H,R,7,175,CE1,C,7.6466594
tcr_26_1,C,A,H,W,7,171,CE1,O,8.763791
tcr_26_1,C,A,H,E,7,176,CE1,N,6.9480505
tcr_26_1,C,A,H,A,7,177,CE1,N,7.8559747
tcr_26_1,C,A,H,W,7,171,CE1,C,9.337154
tcr_26_1,C,A,H,E,7,176,CE1,CA,5.869647
tcr_26_1,C,A,H,A,7,174,CE1,CB,7.3442044
tcr_26_1,C,A,H,K,7,170,CE1,C,9.962862
tcr_26_1,C,A,H,A,7,174,CE1,N,9.549426
tcr_26_1,C,A,H,K,7,170,CE1,O,9.584216
tcr_26_1,C,A,H,W,7,171,CE1,CA,8.700434
tcr_26_1,C,A,H,W,7,171,CE1,CD1,7.4937606
tcr_26_1,C,A,H,E,7,176,CE1,CB,5.5414925
tcr_26_1,C,A,H,W,7,171,CE1,CB,8.60814
tcr_26_1,C,A,H,W,7,157,CE1,CE2,9.758472
tcr_26_1,C,A,H,W,7,171,CE1,CG,7.9727125
tcr_26_1,C,A,H,W,7,157,CE1,CZ2,8.641519
tcr_26_1,C,A,H,E,7,176,CE1,CG,4.812154
tcr_26_1,C,A,H,W,7,157,CE1,CH2,8.806681
tcr_26_1,C,A,H,E,7,176,CE1,OE2,4.573064
tcr_26_1,C,A,H,E,7,176,CE1,CD,4.621002
tcr_26_1,C,A,H,W,7,171,CE1,CD2,8.086735
tcr_26_1,C,A,H,W,7,171,CE1,CE3,8.793173
tcr_26_1,C,A,H,E,7,176,CE1,OE1,4.9078374
tcr_26_1,C,A,H,W,7,171,CE1,CE2,7.6737676
tcr_26_1,C,A,H,W,7,171,CE1,NE1,7.3035965
tcr_26_1,C,A,H,F,7,140,CE1,CZ,9.105451
tcr_26_1,C,A,H,W,7,171,CE1,CH2,8.705021
tcr_26_1,C,A,H,F,7,140,CE1,CE2,9.703937
tcr_26_1,C,A,H,W,7,171,CE1,CZ2,8.003716
tcr_26_1,C,A,H,W,7,171,CE1,CZ3,9.077642
tcr_26_1,C,A,H,W,7,171,CE1,N,9.64162
tcr_26_1,C,A,H,R,7,121,CE1,NH1,7.912133
tcr_26_1,C,A,H,Q,7,94,CE1,CD,9.49162
tcr_26_1,C,A,H,Q,7,94,CE1,OE1,8.489704
tcr_26_1,C,A,H,R,7,121,CE1,NE,9.399855
tcr_26_1,C,A,H,R,7,121,CE1,CZ,8.154936
tcr_26_1,C,A,H,A,7,97,CE1,CB,8.962115
tcr_26_1,C,A,H,F,7,140,CE1,CE1,9.975461
tcr_26_1,C,A,H,Q,7,94,CE1,NE2,9.558498
tcr_26_1,C,A,H,N,7,101,CE1,ND2,9.885998
tcr_26_1,C,A,H,R,7,180,NE2,N,6.0100174
tcr_26_1,C,A,H,Q,7,179,NE2,C,6.076562
tcr_26_1,C,A,H,A,7,182,NE2,CB,9.663543
tcr_26_1,C,A,H,A,7,182,NE2,N,9.803681
tcr_26_1,C,A,H,E,7,178,NE2,O,8.6151285
tcr_26_1,C,A,H,E,7,178,NE2,C,7.9470987
tcr_26_1,C,A,H,Q,7,179,NE2,CA,5.9382906
tcr_26_1,C,A,H,Q,7,179,NE2,N,6.655157
tcr_26_1,C,A,H,E,7,178,NE2,CA,8.799776
tcr_26_1,C,A,H,Q,7,179,NE2,CB,4.5403514
tcr_26_1,C,A,H,Q,7,179,NE2,CG,4.896257
tcr_26_1,C,A,H,E,7,178,NE2,CB,9.377001
tcr_26_1,C,A,H,E,7,178,NE2,N,8.289803
tcr_26_1,C,A,H,E,7,176,NE2,O,5.346699
tcr_26_1,C,A,H,E,7,176,NE2,C,5.8906403
tcr_26_1,C,A,H,Y,7,183,NE2,CD2,9.549287
tcr_26_1,C,A,H,Q,7,179,NE2,CD,3.9478147
tcr_26_1,C,A,H,Q,7,179,NE2,NE2,4.6816597
tcr_26_1,C,A,H,Q,7,179,NE2,OE1,2.8315682
tcr_26_1,C,A,H,Y,7,183,NE2,CB,8.365526
tcr_26_1,C,A,H,Q,7,179,NE2,O,6.6146607
tcr_26_1,C,A,H,Y,7,183,NE2,CA,9.538215
tcr_26_1,C,A,H,Y,7,183,NE2,N,9.255132
tcr_26_1,C,A,H,Y,7,183,NE2,CD1,9.421462
tcr_26_1,C,A,H,R,7,180,NE2,CZ,3.633273
tcr_26_1,C,A,H,Y,7,183,NE2,CG,9.004208
tcr_26_1,C,A,H,R,7,180,NE2,NE,4.248315
tcr_26_1,C,A,H,R,7,180,NE2,NH1,4.0182595
tcr_26_1,C,A,H,R,7,180,NE2,NH2,3.1868765
tcr_26_1,C,A,H,R,7,181,NE2,N,8.782066
tcr_26_1,C,A,H,A,7,177,NE2,CA,7.9717393
tcr_26_1,C,A,H,A,7,177,NE2,CB,9.373829
tcr_26_1,C,A,H,A,7,177,NE2,C,8.2004595
tcr_26_1,C,A,H,A,7,177,NE2,O,8.53828
tcr_26_1,C,A,H,R,7,180,NE2,O,8.664896
tcr_26_1,C,A,H,R,7,180,NE2,C,8.088909
tcr_26_1,C,A,H,R,7,121,NE2,NH2,6.292002
tcr_26_1,C,A,H,N,7,138,NE2,CG,8.3669615
tcr_26_1,C,A,H,R,7,180,NE2,CD,5.154535
tcr_26_1,C,A,H,N,7,138,NE2,OD1,8.485746
tcr_26_1,C,A,H,N,7,138,NE2,ND2,7.436816
tcr_26_1,C,A,H,R,7,180,NE2,CB,6.866202
tcr_26_1,C,A,H,R,7,180,NE2,CA,6.658542
tcr_26_1,C,A,H,N,7,138,NE2,CB,9.468849
tcr_26_1,C,A,H,R,7,180,NE2,CG,5.757801
tcr_26_1,C,A,H,R,7,175,NE2,N,8.902241
tcr_26_1,C,A,H,R,7,175,NE2,CA,8.808074
tcr_26_1,C,A,H,R,7,175,NE2,CB,9.574817
tcr_26_1,C,A,H,R,7,175,NE2,O,7.293343
tcr_26_1,C,A,H,A,7,174,NE2,C,8.351526
tcr_26_1,C,A,H,A,7,174,NE2,O,7.693381
tcr_26_1,C,A,H,A,7,174,NE2,CA,8.851394
tcr_26_1,C,A,H,R,7,175,NE2,C,7.4556947
tcr_26_1,C,A,H,W,7,171,NE2,O,8.6792345
tcr_26_1,C,A,H,E,7,176,NE2,N,6.729513
tcr_26_1,C,A,H,A,7,177,NE2,N,7.1599374
tcr_26_1,C,A,H,W,7,157,NE2,NE1,9.517253
tcr_26_1,C,A,H,W,7,171,NE2,C,9.25453
tcr_26_1,C,A,H,E,7,176,NE2,CA,5.472972
tcr_26_1,C,A,H,A,7,174,NE2,CB,7.8660245
tcr_26_1,C,A,H,A,7,174,NE2,N,9.9174185
tcr_26_1,C,A,H,K,7,170,NE2,O,9.917398
tcr_26_1,C,A,H,W,7,171,NE2,CA,8.668159
tcr_26_1,C,A,H,W,7,171,NE2,CD1,7.4952226
tcr_26_1,C,A,H,E,7,176,NE2,CB,5.16631
tcr_26_1,C,A,H,W,7,171,NE2,CB,8.38289
tcr_26_1,C,A,H,W,7,157,NE2,CE2,8.968806
tcr_26_1,C,A,H,W,7,171,NE2,CG,7.773339
tcr_26_1,C,A,H,W,7,157,NE2,CZ2,7.7591815
tcr_26_1,C,A,H,E,7,176,NE2,CG,4.1694593
tcr_26_1,C,A,H,W,7,157,NE2,CH2,7.8252554
tcr_26_1,C,A,H,E,7,176,NE2,OE2,4.4028006
tcr_26_1,C,A,H,E,7,176,NE2,CD,4.097643
tcr_26_1,C,A,H,W,7,157,NE2,CZ3,9.056695
tcr_26_1,C,A,H,W,7,171,NE2,CD2,7.722042
tcr_26_1,C,A,H,W,7,171,NE2,CE3,8.235142
tcr_26_1,C,A,H,E,7,176,NE2,OE1,4.180524
tcr_26_1,C,A,H,W,7,171,NE2,CE2,7.410609
tcr_26_1,C,A,H,W,7,171,NE2,NE1,7.2717505
tcr_26_1,C,A,H,F,7,140,NE2,CZ,8.324689
tcr_26_1,C,A,H,W,7,171,NE2,CH2,8.141761
tcr_26_1,C,A,H,F,7,140,NE2,CE2,8.843095
tcr_26_1,C,A,H,W,7,171,NE2,CZ2,7.632074
tcr_26_1,C,A,H,W,7,171,NE2,CZ3,8.431103
tcr_26_1,C,A,H,W,7,171,NE2,N,9.723477
tcr_26_1,C,A,H,R,7,121,NE2,NH1,7.158968
tcr_26_1,C,A,H,Q,7,94,NE2,CD,9.122545
tcr_26_1,C,A,H,Q,7,94,NE2,OE1,8.084754
tcr_26_1,C,A,H,R,7,121,NE2,NE,8.464608
tcr_26_1,C,A,H,R,7,121,NE2,CZ,7.252794
tcr_26_1,C,A,H,R,7,121,NE2,CD,9.671936
tcr_26_1,C,A,H,A,7,97,NE2,CB,9.263646
tcr_26_1,C,A,H,F,7,140,NE2,CE1,9.301612
tcr_26_1,C,A,H,Q,7,94,NE2,NE2,9.214175
tcr_26_1,C,A,H,N,7,101,NE2,ND2,9.890863
tcr_26_1,C,A,Q,Q,8,179,N,OE1,8.97115
tcr_26_1,C,A,Q,R,8,180,N,CZ,7.6782184
tcr_26_1,C,A,Q,R,8,180,N,NE,8.365408
tcr_26_1,C,A,Q,R,8,180,N,NH1,8.409454
tcr_26_1,C,A,Q,R,8,180,N,NH2,6.3828487
tcr_26_1,C,A,Q,R,8,121,N,NH2,7.9875154
tcr_26_1,C,A,Q,R,8,180,N,CD,9.822577
tcr_26_1,C,A,Q,N,8,138,N,ND2,9.976852
tcr_26_1,C,A,Q,W,8,171,N,C,9.920425
tcr_26_1,C,A,Q,E,8,176,N,CA,9.323698
tcr_26_1,C,A,Q,A,8,174,N,CB,8.634731
tcr_26_1,C,A,Q,K,8,170,N,CA,9.221438
tcr_26_1,C,A,Q,K,8,170,N,C,8.845588
tcr_26_1,C,A,Q,K,8,170,N,O,9.042045
tcr_26_1,C,A,Q,W,8,171,N,CA,8.544281
tcr_26_1,C,A,Q,W,8,171,N,CD1,5.816536
tcr_26_1,C,A,Q,E,8,176,N,CB,8.050089
tcr_26_1,C,A,Q,W,8,171,N,CB,8.265205
tcr_26_1,C,A,Q,W,8,171,N,CG,6.91478
tcr_26_1,C,A,Q,E,8,176,N,CG,7.4711957
tcr_26_1,C,A,Q,W,8,157,N,CH2,9.960183
tcr_26_1,C,A,Q,E,8,176,N,OE2,5.265069
tcr_26_1,C,A,Q,E,8,176,N,CD,6.0827775
tcr_26_1,C,A,Q,W,8,171,N,CD2,6.7436237
tcr_26_1,C,A,Q,W,8,171,N,CE3,7.786075
tcr_26_1,C,A,Q,E,8,176,N,OE1,6.035609
tcr_26_1,C,A,Q,W,8,171,N,CE2,5.466384
tcr_26_1,C,A,Q,W,8,171,N,NE1,4.8047857
tcr_26_1,C,A,Q,F,8,140,N,CZ,7.5486345
tcr_26_1,C,A,Q,F,8,140,N,CD2,9.315889
tcr_26_1,C,A,Q,W,8,171,N,CH2,6.677145
tcr_26_1,C,A,Q,F,8,140,N,CE2,8.439576
tcr_26_1,C,A,Q,W,8,171,N,CZ2,5.4246826
tcr_26_1,C,A,Q,W,8,171,N,CZ3,7.7468534
tcr_26_1,C,A,Q,W,8,171,N,N,8.633372
tcr_26_1,C,A,Q,K,8,170,N,CD,7.667591
tcr_26_1,C,A,Q,K,8,170,N,CG,8.647332
tcr_26_1,C,A,Q,K,8,170,N,CB,8.079487
tcr_26_1,C,A,Q,K,8,170,N,NZ,7.6428723
tcr_26_1,C,A,Q,K,8,170,N,CE,8.406058
tcr_26_1,C,A,Q,Y,8,108,N,OH,8.760526
tcr_26_1,C,A,Q,K,8,104,N,NZ,5.6739054
tcr_26_1,C,A,Q,Y,8,108,N,CE2,9.560873
tcr_26_1,C,A,Q,Y,8,108,N,CZ,9.679875
tcr_26_1,C,A,Q,T,8,167,N,O,8.718322
tcr_26_1,C,A,Q,T,8,167,N,CG2,7.436826
tcr_26_1,C,A,Q,T,8,167,N,CA,8.870781
tcr_26_1,C,A,Q,T,8,167,N,CB,8.543038
tcr_26_1,C,A,Q,T,8,167,N,C,9.281742
tcr_26_1,C,A,Q,T,8,167,N,OG1,8.403891
tcr_26_1,C,A,Q,Y,8,147,N,CE1,9.922756
tcr_26_1,C,A,Q,R,8,93,N,C,9.70337
tcr_26_1,C,A,Q,R,8,121,N,NH1,7.782407
tcr_26_1,C,A,Q,Q,8,94,N,CD,8.388738
tcr_26_1,C,A,Q,Q,8,94,N,OE1,8.118091
tcr_26_1,C,A,Q,Q,8,94,N,CG,9.747841
tcr_26_1,C,A,Q,Q,8,94,N,CA,9.357949
tcr_26_1,C,A,Q,R,8,121,N,NE,9.194959
tcr_26_1,C,A,Q,R,8,121,N,CZ,8.258265
tcr_26_1,C,A,Q,R,8,121,N,CD,9.668292
tcr_26_1,C,A,Q,Q,8,96,N,O,8.666074
tcr_26_1,C,A,Q,R,8,93,N,O,8.807819
tcr_26_1,C,A,Q,Q,8,96,N,C,8.736294
tcr_26_1,C,A,Q,A,8,97,N,N,7.776815
tcr_26_1,C,A,Q,A,8,97,N,CA,6.3969364
tcr_26_1,C,A,Q,A,8,97,N,CB,5.6920075
tcr_26_1,C,A,Q,V,8,100,N,N,8.580403
tcr_26_1,C,A,Q,Q,8,94,N,C,9.617732
tcr_26_1,C,A,Q,Q,8,94,N,O,8.815201
tcr_26_1,C,A,Q,A,8,97,N,C,6.552489
tcr_26_1,C,A,Q,D,8,98,N,CB,9.201711
tcr_26_1,C,A,Q,D,8,98,N,OD2,9.930259
tcr_26_1,C,A,Q,F,8,140,N,CD1,8.612013
tcr_26_1,C,A,Q,D,8,98,N,CG,8.866989
tcr_26_1,C,A,Q,F,8,140,N,CE1,7.6480856
tcr_26_1,C,A,Q,D,8,98,N,OD1,7.726566
tcr_26_1,C,A,Q,Q,8,94,N,NE2,7.6804285
tcr_26_1,C,A,Q,D,8,98,N,CA,8.129302
tcr_26_1,C,A,Q,D,8,98,N,N,7.499801
tcr_26_1,C,A,Q,L,8,119,N,CD2,8.943446
tcr_26_1,C,A,Q,N,8,101,N,ND2,4.9438014
tcr_26_1,C,A,Q,D,8,98,N,C,8.936535
tcr_26_1,C,A,Q,R,8,99,N,N,9.5081625
tcr_26_1,C,A,Q,N,8,101,N,CG,5.0130734
tcr_26_1,C,A,Q,N,8,101,N,CB,6.4824934
tcr_26_1,C,A,Q,N,8,101,N,CA,6.9328084
tcr_26_1,C,A,Q,D,8,98,N,O,9.19222
tcr_26_1,C,A,Q,N,8,101,N,OD1,4.171524
tcr_26_1,C,A,Q,N,8,101,N,N,6.9947796
tcr_26_1,C,A,Q,A,8,97,N,O,6.19017
tcr_26_1,C,A,Q,V,8,100,N,CG2,7.9525943
tcr_26_1,C,A,Q,K,8,104,N,CB,8.480632
tcr_26_1,C,A,Q,K,8,104,N,CD,6.74425
tcr_26_1,C,A,Q,K,8,104,N,CE,6.698774
tcr_26_1,C,A,Q,V,8,100,N,CB,7.0974936
tcr_26_1,C,A,Q,V,8,100,N,CG1,6.9372077
tcr_26_1,C,A,Q,K,8,104,N,CG,8.084052
tcr_26_1,C,A,Q,V,8,100,N,C,7.631265
tcr_26_1,C,A,Q,V,8,100,N,O,8.205134
tcr_26_1,C,A,Q,V,8,100,N,CA,8.047987
tcr_26_1,C,A,Q,R,8,99,N,C,9.718588
tcr_26_1,C,A,Q,L,8,102,N,N,9.346343
tcr_26_1,C,A,Q,N,8,101,N,C,8.38974
tcr_26_1,C,A,Q,N,8,101,N,O,8.789251
tcr_26_1,C,A,Q,K,8,104,N,CA,9.921515
tcr_26_1,C,A,Q,F,8,140,N,CG,9.398948
tcr_26_1,C,A,Q,R,8,180,CA,CZ,8.832375
tcr_26_1,C,A,Q,R,8,180,CA,NE,9.459048
tcr_26_1,C,A,Q,R,8,180,CA,NH1,9.59771
tcr_26_1,C,A,Q,R,8,180,CA,NH2,7.550745
tcr_26_1,C,A,Q,R,8,121,CA,NH2,8.827053
tcr_26_1,C,A,Q,A,8,174,CA,CB,9.327647
tcr_26_1,C,A,Q,K,8,170,CA,CA,9.099786
tcr_26_1,C,A,Q,K,8,170,CA,C,8.957
tcr_26_1,C,A,Q,K,8,170,CA,O,9.288547
tcr_26_1,C,A,Q,W,8,171,CA,CA,8.918123
tcr_26_1,C,A,Q,W,8,171,CA,CD1,6.0911026
tcr_26_1,C,A,Q,E,8,176,CA,CB,9.003779
tcr_26_1,C,A,Q,W,8,171,CA,CB,8.625864
tcr_26_1,C,A,Q,W,8,171,CA,CG,7.2284517
tcr_26_1,C,A,Q,E,8,176,CA,CG,8.507235
tcr_26_1,C,A,Q,E,8,176,CA,OE2,6.2161856
tcr_26_1,C,A,Q,E,8,176,CA,CD,7.0712247
tcr_26_1,C,A,Q,W,8,171,CA,CD2,7.0240264
tcr_26_1,C,A,Q,W,8,171,CA,CE3,8.070717
tcr_26_1,C,A,Q,E,8,176,CA,OE1,7.0035644
tcr_26_1,C,A,Q,W,8,171,CA,CE2,5.6768484
tcr_26_1,C,A,Q,W,8,171,CA,NE1,5.010171
tcr_26_1,C,A,Q,F,8,140,CA,CZ,7.8727584
tcr_26_1,C,A,Q,F,8,140,CA,CD2,9.428234
tcr_26_1,C,A,Q,W,8,171,CA,CH2,6.8411245
tcr_26_1,C,A,Q,F,8,140,CA,CE2,8.737575
tcr_26_1,C,A,Q,W,8,171,CA,CZ2,5.5637765
tcr_26_1,C,A,Q,W,8,171,CA,CZ3,7.980738
tcr_26_1,C,A,Q,W,8,171,CA,N,8.788134
tcr_26_1,C,A,Q,K,8,170,CA,CD,7.004997
tcr_26_1,C,A,Q,K,8,170,CA,CG,8.163837
tcr_26_1,C,A,Q,K,8,170,CA,CB,7.805988
tcr_26_1,C,A,Q,K,8,170,CA,NZ,6.6621733
tcr_26_1,C,A,Q,K,8,170,CA,CE,7.580454
tcr_26_1,C,A,Q,Y,8,108,CA,OH,7.548302
tcr_26_1,C,A,Q,K,8,104,CA,NZ,4.547576
tcr_26_1,C,A,Q,Y,8,108,CA,CE2,8.31679
tcr_26_1,C,A,Q,Y,8,108,CA,CZ,8.416727
tcr_26_1,C,A,Q,Y,8,108,CA,CE1,9.624143
tcr_26_1,C,A,Q,T,8,167,CA,O,8.494794
tcr_26_1,C,A,Q,T,8,167,CA,CG2,6.984435
tcr_26_1,C,A,Q,I,8,166,CA,O,9.9210005
tcr_26_1,C,A,Q,T,8,167,CA,CA,8.28403
tcr_26_1,C,A,Q,T,8,167,CA,CB,7.9205885
tcr_26_1,C,A,Q,T,8,167,CA,C,8.914976
tcr_26_1,C,A,Q,T,8,167,CA,OG1,7.571353
tcr_26_1,C,A,Q,T,8,167,CA,N,9.373656
tcr_26_1,C,A,Q,Y,8,147,CA,CE1,9.169176
tcr_26_1,C,A,Q,I,8,148,CA,CG2,9.898825
tcr_26_1,C,A,Q,Y,8,147,CA,OH,9.297313
tcr_26_1,C,A,Q,R,8,121,CA,NH1,8.528401
tcr_26_1,C,A,Q,Q,8,94,CA,CD,8.941594
tcr_26_1,C,A,Q,Q,8,94,CA,OE1,8.853226
tcr_26_1,C,A,Q,Q,8,94,CA,CA,9.838617
tcr_26_1,C,A,Q,R,8,121,CA,NE,9.789599
tcr_26_1,C,A,Q,R,8,121,CA,CZ,8.986264
tcr_26_1,C,A,Q,Q,8,96,CA,O,8.301136
tcr_26_1,C,A,Q,R,8,93,CA,O,9.229874
tcr_26_1,C,A,Q,Q,8,96,CA,C,8.563977
tcr_26_1,C,A,Q,A,8,97,CA,N,7.756709
tcr_26_1,C,A,Q,A,8,97,CA,CA,6.319294
tcr_26_1,C,A,Q,A,8,97,CA,CB,5.9297853
tcr_26_1,C,A,Q,V,8,100,CA,N,7.704166
tcr_26_1,C,A,Q,Q,8,94,CA,C,9.87787
tcr_26_1,C,A,Q,Q,8,94,CA,O,8.949753
tcr_26_1,C,A,Q,R,8,99,CA,CA,9.59487
tcr_26_1,C,A,Q,A,8,97,CA,C,6.215124
tcr_26_1,C,A,Q,D,8,98,CA,CB,8.848471
tcr_26_1,C,A,Q,D,8,98,CA,OD2,9.786921
tcr_26_1,C,A,Q,F,8,140,CA,CD1,8.548774
tcr_26_1,C,A,Q,D,8,98,CA,CG,8.663843
tcr_26_1,C,A,Q,F,8,140,CA,CE1,7.7713203
tcr_26_1,C,A,Q,D,8,98,CA,OD1,7.5731635
tcr_26_1,C,A,Q,Q,8,94,CA,NE2,8.079777
tcr_26_1,C,A,Q,D,8,98,CA,CA,7.655894
tcr_26_1,C,A,Q,L,8,119,CA,CG,9.630735
tcr_26_1,C,A,Q,D,8,98,CA,N,7.199563
tcr_26_1,C,A,Q,L,8,119,CA,CD2,8.307205
tcr_26_1,C,A,Q,N,8,101,CA,ND2,4.4573565
tcr_26_1,C,A,Q,D,8,98,CA,C,8.272905
tcr_26_1,C,A,Q,R,8,99,CA,N,8.879319
tcr_26_1,C,A,Q,N,8,101,CA,CG,4.166382
tcr_26_1,C,A,Q,N,8,101,CA,CB,5.516709
tcr_26_1,C,A,Q,N,8,101,CA,CA,5.760398
tcr_26_1,C,A,Q,D,8,98,CA,O,8.374502
tcr_26_1,C,A,Q,N,8,101,CA,OD1,3.1207354
tcr_26_1,C,A,Q,N,8,101,CA,N,5.889902
tcr_26_1,C,A,Q,A,8,97,CA,O,5.602444
tcr_26_1,C,A,Q,V,8,100,CA,CG2,7.209067
tcr_26_1,C,A,Q,K,8,104,CA,CB,7.0349674
tcr_26_1,C,A,Q,K,8,104,CA,CD,5.3464956
tcr_26_1,C,A,Q,K,8,104,CA,CE,5.4342365
tcr_26_1,C,A,Q,V,8,100,CA,CB,6.174771
tcr_26_1,C,A,Q,V,8,100,CA,CG1,5.8804207
tcr_26_1,C,A,Q,K,8,104,CA,CG,6.6632476
tcr_26_1,C,A,Q,V,8,100,CA,C,6.4624953
tcr_26_1,C,A,Q,K,8,104,CA,N,8.700059
tcr_26_1,C,A,Q,V,8,100,CA,O,6.9210973
tcr_26_1,C,A,Q,V,8,100,CA,CA,7.0253067
tcr_26_1,C,A,Q,R,8,103,CA,C,9.954106
tcr_26_1,C,A,Q,R,8,99,CA,O,9.386806
tcr_26_1,C,A,Q,R,8,103,CA,N,9.743938
tcr_26_1,C,A,Q,R,8,99,CA,C,8.813824
tcr_26_1,C,A,Q,L,8,105,CA,N,9.134581
tcr_26_1,C,A,Q,L,8,102,CA,N,8.213471
tcr_26_1,C,A,Q,L,8,102,CA,CA,9.5988245
tcr_26_1,C,A,Q,L,8,105,CA,CD1,8.979437
tcr_26_1,C,A,Q,N,8,101,CA,C,7.179597
tcr_26_1,C,A,Q,N,8,101,CA,O,7.4958034
tcr_26_1,C,A,Q,L,8,105,CA,CG,8.900278
tcr_26_1,C,A,Q,K,8,104,CA,CA,8.478751
tcr_26_1,C,A,Q,K,8,104,CA,C,9.2065115
tcr_26_1,C,A,Q,F,8,140,CA,CG,9.345103
tcr_26_1,C,A,Q,L,8,119,CA,CD1,9.607326
tcr_26_1,C,A,Q,Y,8,147,CA,CZ,9.74851
tcr_26_1,C,A,Q,Y,8,147,CA,CD1,9.956962
tcr_26_1,C,A,Q,L,8,105,CA,CB,9.992084
tcr_26_1,C,A,Q,L,8,105,CA,CD2,9.377902
tcr_26_1,C,A,Q,Y,8,108,CA,CD2,9.448707
tcr_26_1,C,A,Q,R,8,180,C,CZ,8.951437
tcr_26_1,C,A,Q,R,8,180,C,NE,9.384008
tcr_26_1,C,A,Q,R,8,180,C,NH1,9.868178
tcr_26_1,C,A,Q,R,8,180,C,NH2,7.7208514
tcr_26_1,C,A,Q,R,8,121,C,NH2,8.983534
tcr_26_1,C,A,Q,W,8,171,C,O,9.84755
tcr_26_1,C,A,Q,W,8,171,C,C,9.36557
tcr_26_1,C,A,Q,E,8,176,C,CA,9.920793
tcr_26_1,C,A,Q,A,8,174,C,CB,8.835373
tcr_26_1,C,A,Q,K,8,170,C,CA,7.9008403
tcr_26_1,C,A,Q,K,8,170,C,C,7.8445425
tcr_26_1,C,A,Q,K,8,170,C,O,8.326792
tcr_26_1,C,A,Q,W,8,171,C,CA,7.8635054
tcr_26_1,C,A,Q,K,8,170,C,N,8.713139
tcr_26_1,C,A,Q,R,8,169,C,C,9.962844
tcr_26_1,C,A,Q,Q,8,168,C,C,9.905821
tcr_26_1,C,A,Q,Q,8,168,C,O,9.974729
tcr_26_1,C,A,Q,W,8,171,C,CD1,4.995338
tcr_26_1,C,A,Q,E,8,176,C,CB,8.487061
tcr_26_1,C,A,Q,W,8,171,C,CB,7.5196137
tcr_26_1,C,A,Q,W,8,171,C,CG,6.1129527
tcr_26_1,C,A,Q,W,8,157,C,CZ2,9.98883
tcr_26_1,C,A,Q,E,8,176,C,CG,8.116682
tcr_26_1,C,A,Q,W,8,157,C,CH2,9.879875
tcr_26_1,C,A,Q,E,8,176,C,OE2,5.791467
tcr_26_1,C,A,Q,E,8,176,C,CD,6.678202
tcr_26_1,C,A,Q,W,8,171,C,CD2,5.922577
tcr_26_1,C,A,Q,W,8,171,C,CE3,7.002258
tcr_26_1,C,A,Q,E,8,176,C,OE1,6.676391
tcr_26_1,C,A,Q,W,8,171,C,CE2,4.600324
tcr_26_1,C,A,Q,W,8,171,C,NE1,3.9026887
tcr_26_1,C,A,Q,F,8,140,C,CZ,7.5988183
tcr_26_1,C,A,Q,F,8,140,C,CD2,8.824124
tcr_26_1,C,A,Q,W,8,171,C,CH2,5.934548
tcr_26_1,C,A,Q,F,8,140,C,CE2,8.257928
tcr_26_1,C,A,Q,W,8,171,C,CZ2,4.6103964
tcr_26_1,C,A,Q,W,8,171,C,CZ3,6.9956293
tcr_26_1,C,A,Q,W,8,171,C,N,7.612917
tcr_26_1,C,A,Q,K,8,170,C,CD,5.834634
tcr_26_1,C,A,Q,K,8,170,C,CG,6.969113
tcr_26_1,C,A,Q,K,8,170,C,CB,6.5803804
tcr_26_1,C,A,Q,K,8,170,C,NZ,5.768773
tcr_26_1,C,A,Q,K,8,170,C,CE,6.5464253
tcr_26_1,C,A,Q,Y,8,108,C,OH,6.4468083
tcr_26_1,C,A,Q,K,8,104,C,NZ,4.534591
tcr_26_1,C,A,Q,Y,8,108,C,CE2,7.1440673
tcr_26_1,C,A,Q,Y,8,108,C,CZ,7.3106885
tcr_26_1,C,A,Q,Y,8,108,C,CE1,8.598365
tcr_26_1,C,A,Q,T,8,167,C,O,7.0550075
tcr_26_1,C,A,Q,I,8,166,C,CG2,9.247637
tcr_26_1,C,A,Q,T,8,167,C,CG2,5.531682
tcr_26_1,C,A,Q,I,8,166,C,O,8.459867
tcr_26_1,C,A,Q,T,8,167,C,CA,6.757172
tcr_26_1,C,A,Q,I,8,166,C,CB,9.796124
tcr_26_1,C,A,Q,T,8,167,C,CB,6.417769
tcr_26_1,C,A,Q,T,8,167,C,C,7.418434
tcr_26_1,C,A,Q,I,8,166,C,C,8.57542
tcr_26_1,C,A,Q,T,8,167,C,OG1,6.1079473
tcr_26_1,C,A,Q,I,8,166,C,CA,9.874278
tcr_26_1,C,A,Q,T,8,167,C,N,7.855522
tcr_26_1,C,A,Q,Q,8,168,C,CA,9.599631
tcr_26_1,C,A,Q,Y,8,147,C,CE1,7.955537
tcr_26_1,C,A,Q,I,8,148,C,CG2,8.781803
tcr_26_1,C,A,Q,I,8,148,C,CD1,9.333819
tcr_26_1,C,A,Q,I,8,148,C,CB,9.945399
tcr_26_1,C,A,Q,Q,8,168,C,N,8.650024
tcr_26_1,C,A,Q,A,8,164,C,O,9.854879
tcr_26_1,C,A,Q,Y,8,147,C,OH,7.996368
tcr_26_1,C,A,Q,R,8,121,C,NH1,8.98726
tcr_26_1,C,A,Q,Q,8,94,C,CD,9.830876
tcr_26_1,C,A,Q,Q,8,94,C,OE1,9.750111
tcr_26_1,C,A,Q,R,8,121,C,NE,9.938831
tcr_26_1,C,A,Q,R,8,121,C,CZ,9.240138
tcr_26_1,C,A,Q,Q,8,96,C,O,9.57735
tcr_26_1,C,A,Q,Q,8,96,C,C,9.897868
tcr_26_1,C,A,Q,A,8,97,C,N,9.115195
tcr_26_1,C,A,Q,A,8,97,C,CA,7.660461
tcr_26_1,C,A,Q,A,8,97,C,CB,7.282103
tcr_26_1,C,A,Q,V,8,100,C,N,8.6123495
tcr_26_1,C,A,Q,A,8,97,C,C,7.36717
tcr_26_1,C,A,Q,D,8,98,C,CB,9.62142
tcr_26_1,C,A,Q,F,8,140,C,CD1,8.187188
tcr_26_1,C,A,Q,D,8,98,C,CG,9.344931
tcr_26_1,C,A,Q,F,8,140,C,CE1,7.5637317
tcr_26_1,C,A,Q,D,8,98,C,OD1,8.219087
tcr_26_1,C,A,Q,Q,8,94,C,NE2,8.888143
tcr_26_1,C,A,Q,D,8,98,C,CA,8.486499
tcr_26_1,C,A,Q,L,8,119,C,CG,9.577673
tcr_26_1,C,A,Q,D,8,98,C,N,8.242084
tcr_26_1,C,A,Q,L,8,119,C,CD2,8.377033
tcr_26_1,C,A,Q,N,8,101,C,ND2,4.9922156
tcr_26_1,C,A,Q,D,8,98,C,C,9.065244
tcr_26_1,C,A,Q,R,8,99,C,N,9.803897
tcr_26_1,C,A,Q,N,8,101,C,CG,4.575084
tcr_26_1,C,A,Q,N,8,101,C,CB,5.7747426
tcr_26_1,C,A,Q,N,8,101,C,CA,5.9916596
tcr_26_1,C,A,Q,D,8,98,C,O,8.989598
tcr_26_1,C,A,Q,N,8,101,C,OD1,3.51815
tcr_26_1,C,A,Q,N,8,101,C,N,6.4397035
tcr_26_1,C,A,Q,A,8,97,C,O,6.664849
tcr_26_1,C,A,Q,V,8,100,C,CG2,8.329951
tcr_26_1,C,A,Q,K,8,104,C,CB,6.641519
tcr_26_1,C,A,Q,K,8,104,C,CD,5.108495
tcr_26_1,C,A,Q,K,8,104,C,CE,5.4377255
tcr_26_1,C,A,Q,V,8,100,C,CB,7.1550107
tcr_26_1,C,A,Q,V,8,100,C,CG1,6.692362
tcr_26_1,C,A,Q,K,8,104,C,CG,6.4681563
tcr_26_1,C,A,Q,V,8,100,C,C,7.027634
tcr_26_1,C,A,Q,K,8,104,C,N,8.579763
tcr_26_1,C,A,Q,V,8,100,C,O,7.2740164
tcr_26_1,C,A,Q,V,8,100,C,CA,7.8365307
tcr_26_1,C,A,Q,R,8,103,C,C,9.8829
tcr_26_1,C,A,Q,R,8,103,C,N,9.914166
tcr_26_1,C,A,Q,R,8,99,C,C,9.627465
tcr_26_1,C,A,Q,L,8,105,C,N,8.60831
tcr_26_1,C,A,Q,L,8,102,C,N,8.405975
tcr_26_1,C,A,Q,L,8,102,C,CA,9.697508
tcr_26_1,C,A,Q,L,8,105,C,CD1,8.472544
tcr_26_1,C,A,Q,N,8,101,C,C,7.242182
tcr_26_1,C,A,Q,N,8,101,C,O,7.32981
tcr_26_1,C,A,Q,L,8,105,C,CA,9.422721
tcr_26_1,C,A,Q,L,8,105,C,CG,8.244522
tcr_26_1,C,A,Q,K,8,104,C,CA,8.12928
tcr_26_1,C,A,Q,K,8,104,C,C,8.669561
tcr_26_1,C,A,Q,Y,8,108,C,CD1,9.585672
tcr_26_1,C,A,Q,K,8,104,C,O,9.413435
tcr_26_1,C,A,Q,F,8,140,C,CG,8.793825
tcr_26_1,C,A,Q,L,8,119,C,CD1,9.313311
tcr_26_1,C,A,Q,F,8,140,C,CB,9.669
tcr_26_1,C,A,Q,Y,8,147,C,CE2,9.808604
tcr_26_1,C,A,Q,Y,8,147,C,CZ,8.508871
tcr_26_1,C,A,Q,Y,8,147,C,CD1,8.839757
tcr_26_1,C,A,Q,Y,8,108,C,CG,9.473817
tcr_26_1,C,A,Q,L,8,105,C,CB,9.40864
tcr_26_1,C,A,Q,L,8,105,C,CD2,8.50795
tcr_26_1,C,A,Q,Y,8,108,C,CD2,8.313415
tcr_26_1,C,A,Q,R,8,180,O,CZ,8.882088
tcr_26_1,C,A,Q,R,8,180,O,NE,9.197076
tcr_26_1,C,A,Q,R,8,180,O,NH1,9.886983
tcr_26_1,C,A,Q,R,8,180,O,NH2,7.681748
tcr_26_1,C,A,Q,R,8,121,O,NH2,9.290647
tcr_26_1,C,A,Q,A,8,174,O,C,9.89412
tcr_26_1,C,A,Q,A,8,174,O,CA,9.138172
tcr_26_1,C,A,Q,W,8,171,O,O,8.741339
tcr_26_1,C,A,Q,E,8,176,O,N,9.534786
tcr_26_1,C,A,Q,W,8,171,O,C,8.253788
tcr_26_1,C,A,Q,E,8,176,O,CA,9.06125
tcr_26_1,C,A,Q,A,8,174,O,CB,7.6842504
tcr_26_1,C,A,Q,K,8,170,O,CA,6.752574
tcr_26_1,C,A,Q,K,8,170,O,C,6.650615
tcr_26_1,C,A,Q,A,8,174,O,N,9.320493
tcr_26_1,C,A,Q,K,8,170,O,O,7.103021
tcr_26_1,C,A,Q,W,8,171,O,CA,6.759205
tcr_26_1,C,A,Q,R,8,169,O,O,9.407899
tcr_26_1,C,A,Q,K,8,170,O,N,7.636794
tcr_26_1,C,A,Q,R,8,169,O,C,8.8701
tcr_26_1,C,A,Q,E,8,172,O,N,9.116596
tcr_26_1,C,A,Q,R,8,169,O,CA,9.827901
tcr_26_1,C,A,Q,Q,8,168,O,C,8.986097
tcr_26_1,C,A,Q,Q,8,168,O,O,8.983332
tcr_26_1,C,A,Q,R,8,169,O,N,9.347076
tcr_26_1,C,A,Q,W,8,171,O,CD1,4.004558
tcr_26_1,C,A,Q,E,8,176,O,CB,7.6411877
tcr_26_1,C,A,Q,W,8,171,O,CB,6.5519896
tcr_26_1,C,A,Q,W,8,157,O,CE2,9.785526
tcr_26_1,C,A,Q,W,8,171,O,CG,5.2240214
tcr_26_1,C,A,Q,W,8,157,O,CZ2,9.409046
tcr_26_1,C,A,Q,E,8,176,O,CG,7.454153
tcr_26_1,C,A,Q,W,8,157,O,CH2,9.461477
tcr_26_1,C,A,Q,E,8,176,O,OE2,5.097211
tcr_26_1,C,A,Q,E,8,176,O,CD,6.103836
tcr_26_1,C,A,Q,W,8,157,O,CZ3,9.872131
tcr_26_1,C,A,Q,W,8,171,O,CD2,5.281838
tcr_26_1,C,A,Q,W,8,171,O,CE3,6.505439
tcr_26_1,C,A,Q,E,8,176,O,OE1,6.311833
tcr_26_1,C,A,Q,W,8,171,O,CE2,4.1008496
tcr_26_1,C,A,Q,W,8,171,O,NE1,3.1194654
tcr_26_1,C,A,Q,F,8,140,O,CZ,8.020517
tcr_26_1,C,A,Q,F,8,140,O,CD2,9.138637
tcr_26_1,C,A,Q,W,8,171,O,CH2,5.8687024
tcr_26_1,C,A,Q,F,8,140,O,CE2,8.533246
tcr_26_1,C,A,Q,W,8,171,O,CZ2,4.484919
tcr_26_1,C,A,Q,W,8,171,O,CZ3,6.739392
tcr_26_1,C,A,Q,W,8,171,O,N,6.4748483
tcr_26_1,C,A,Q,K,8,170,O,CD,4.9917593
tcr_26_1,C,A,Q,K,8,170,O,CG,5.984703
tcr_26_1,C,A,Q,K,8,170,O,CB,5.477793
tcr_26_1,C,A,Q,K,8,170,O,NZ,5.3350644
tcr_26_1,C,A,Q,K,8,170,O,CE,5.8859186
tcr_26_1,C,A,Q,Y,8,108,O,OH,6.3659015
tcr_26_1,C,A,Q,K,8,104,O,NZ,4.7405477
tcr_26_1,C,A,Q,Y,8,108,O,CE2,7.287711
tcr_26_1,C,A,Q,Y,8,108,O,CZ,7.357455
tcr_26_1,C,A,Q,Y,8,108,O,CE1,8.659983
tcr_26_1,C,A,Q,T,8,167,O,O,6.1745443
tcr_26_1,C,A,Q,I,8,166,O,CG2,8.771823
tcr_26_1,C,A,Q,T,8,167,O,CG2,5.2006397
tcr_26_1,C,A,Q,I,8,166,O,O,7.6791725
tcr_26_1,C,A,Q,T,8,167,O,CA,6.18127
tcr_26_1,C,A,Q,I,8,166,O,CB,9.365011
tcr_26_1,C,A,Q,T,8,167,O,CB,6.0765786
tcr_26_1,C,A,Q,T,8,167,O,C,6.68575
tcr_26_1,C,A,Q,I,8,166,O,C,7.9396605
tcr_26_1,C,A,Q,T,8,167,O,OG1,5.97147
tcr_26_1,C,A,Q,I,8,166,O,CA,9.309776
tcr_26_1,C,A,Q,T,8,167,O,N,7.3293457
tcr_26_1,C,A,Q,Q,8,168,O,CA,8.818264
tcr_26_1,C,A,Q,Y,8,147,O,CE1,8.2058
tcr_26_1,C,A,Q,I,8,148,O,CG2,8.789976
tcr_26_1,C,A,Q,I,8,148,O,CD1,8.935414
tcr_26_1,C,A,Q,I,8,148,O,CB,9.858352
tcr_26_1,C,A,Q,Q,8,168,O,N,7.9556866
tcr_26_1,C,A,Q,A,8,164,O,O,9.454072
tcr_26_1,C,A,Q,A,8,163,O,O,9.873127
tcr_26_1,C,A,Q,Y,8,147,O,OH,8.165688
tcr_26_1,C,A,Q,R,8,121,O,NH1,9.545932
tcr_26_1,C,A,Q,R,8,121,O,CZ,9.703103
tcr_26_1,C,A,Q,A,8,97,O,CA,8.70184
tcr_26_1,C,A,Q,A,8,97,O,CB,8.23571
tcr_26_1,C,A,Q,V,8,100,O,N,9.75501
tcr_26_1,C,A,Q,A,8,97,O,C,8.512138
tcr_26_1,C,A,Q,F,8,140,O,CD1,8.811514
tcr_26_1,C,A,Q,F,8,140,O,CE1,8.172971
tcr_26_1,C,A,Q,D,8,98,O,OD1,9.318606
tcr_26_1,C,A,Q,Q,8,94,O,NE2,9.78415
tcr_26_1,C,A,Q,D,8,98,O,CA,9.693087
tcr_26_1,C,A,Q,D,8,98,O,N,9.407878
tcr_26_1,C,A,Q,L,8,119,O,CD2,9.469454
tcr_26_1,C,A,Q,N,8,101,O,ND2,6.1514506
tcr_26_1,C,A,Q,N,8,101,O,CG,5.790961
tcr_26_1,C,A,Q,N,8,101,O,CB,6.9763775
tcr_26_1,C,A,Q,N,8,101,O,CA,7.161307
tcr_26_1,C,A,Q,N,8,101,O,OD1,4.7462387
tcr_26_1,C,A,Q,N,8,101,O,N,7.618968
tcr_26_1,C,A,Q,A,8,97,O,O,7.8406696
tcr_26_1,C,A,Q,V,8,100,O,CG2,9.272088
tcr_26_1,C,A,Q,K,8,104,O,CB,7.3286014
tcr_26_1,C,A,Q,K,8,104,O,CD,5.6570463
tcr_26_1,C,A,Q,K,8,104,O,CE,5.844342
tcr_26_1,C,A,Q,V,8,100,O,CB,8.159382
tcr_26_1,C,A,Q,V,8,100,O,CG1,7.5671377
tcr_26_1,C,A,Q,K,8,104,O,CG,7.099043
tcr_26_1,C,A,Q,V,8,100,O,C,8.136172
tcr_26_1,C,A,Q,K,8,104,O,N,9.434627
tcr_26_1,C,A,Q,V,8,100,O,O,8.308235
tcr_26_1,C,A,Q,V,8,100,O,CA,8.919234
tcr_26_1,C,A,Q,L,8,105,O,N,9.378242
tcr_26_1,C,A,Q,L,8,102,O,N,9.558461
tcr_26_1,C,A,Q,L,8,105,O,CD1,9.378294
tcr_26_1,C,A,Q,N,8,101,O,C,8.360133
tcr_26_1,C,A,Q,N,8,101,O,O,8.354082
tcr_26_1,C,A,Q,L,8,105,O,CG,9.052896
tcr_26_1,C,A,Q,K,8,104,O,CA,8.844698
tcr_26_1,C,A,Q,K,8,104,O,C,9.348368
tcr_26_1,C,A,Q,Y,8,108,O,CD1,9.731798
tcr_26_1,C,A,Q,K,8,104,O,O,9.977216
tcr_26_1,C,A,Q,F,8,140,O,CG,9.27196
tcr_26_1,C,A,Q,Y,8,147,O,CZ,8.756588
tcr_26_1,C,A,Q,Y,8,147,O,CD1,9.150406
tcr_26_1,C,A,Q,Y,8,108,O,CG,9.694744
tcr_26_1,C,A,Q,L,8,105,O,CD2,9.158916
tcr_26_1,C,A,Q,Y,8,108,O,CD2,8.540886
tcr_26_1,C,A,Q,R,8,180,CB,NH2,8.808037
tcr_26_1,C,A,Q,A,8,174,CB,CB,9.551596
tcr_26_1,C,A,Q,K,8,170,CB,CA,9.327338
tcr_26_1,C,A,Q,K,8,170,CB,C,9.324095
tcr_26_1,C,A,Q,K,8,170,CB,O,9.566339
tcr_26_1,C,A,Q,W,8,171,CB,CA,9.627051
tcr_26_1,C,A,Q,W,8,171,CB,CD1,6.985485
tcr_26_1,C,A,Q,E,8,176,CB,CB,9.933162
tcr_26_1,C,A,Q,W,8,171,CB,CB,9.540106
tcr_26_1,C,A,Q,W,8,171,CB,CG,8.227338
tcr_26_1,C,A,Q,E,8,176,CB,CG,9.577241
tcr_26_1,C,A,Q,E,8,176,CB,OE2,7.2502213
tcr_26_1,C,A,Q,E,8,176,CB,CD,8.2154045
tcr_26_1,C,A,Q,W,8,171,CB,CD2,8.214333
tcr_26_1,C,A,Q,W,8,171,CB,CE3,9.354422
tcr_26_1,C,A,Q,E,8,176,CB,OE1,8.28397
tcr_26_1,C,A,Q,W,8,171,CB,CE2,6.9288893
tcr_26_1,C,A,Q,W,8,171,CB,NE1,6.082106
tcr_26_1,C,A,Q,F,8,140,CB,CZ,9.381593
tcr_26_1,C,A,Q,W,8,171,CB,CH2,8.278378
tcr_26_1,C,A,Q,W,8,171,CB,CZ2,6.965023
tcr_26_1,C,A,Q,W,8,171,CB,CZ3,9.370537
tcr_26_1,C,A,Q,W,8,171,CB,N,9.362532
tcr_26_1,C,A,Q,K,8,170,CB,CD,6.8629594
tcr_26_1,C,A,Q,K,8,170,CB,CG,8.1079035
tcr_26_1,C,A,Q,K,8,170,CB,CB,7.9783106
tcr_26_1,C,A,Q,K,8,170,CB,NZ,6.122707
tcr_26_1,C,A,Q,K,8,170,CB,CE,7.1826496
tcr_26_1,C,A,Q,Y,8,108,CB,OH,7.3641496
tcr_26_1,C,A,Q,K,8,104,CB,NZ,3.3972952
tcr_26_1,C,A,Q,Y,8,108,CB,CE2,8.4662895
tcr_26_1,C,A,Q,Y,8,108,CB,CZ,8.329101
tcr_26_1,C,A,Q,Y,8,108,CB,CE1,9.407346
tcr_26_1,C,A,Q,T,8,167,CB,O,9.211645
tcr_26_1,C,A,Q,T,8,167,CB,CG2,8.002367
tcr_26_1,C,A,Q,T,8,167,CB,CA,8.950009
tcr_26_1,C,A,Q,T,8,167,CB,CB,8.760018
tcr_26_1,C,A,Q,T,8,167,CB,C,9.658921
tcr_26_1,C,A,Q,T,8,167,CB,OG1,8.304541
tcr_26_1,C,A,Q,T,8,167,CB,N,9.908825
tcr_26_1,C,A,Q,R,8,121,CB,NH1,9.82253
tcr_26_1,C,A,Q,Q,8,94,CB,CD,9.896453
tcr_26_1,C,A,Q,Q,8,94,CB,OE1,9.828225
tcr_26_1,C,A,Q,Q,8,96,CB,O,8.009146
tcr_26_1,C,A,Q,R,8,93,CB,O,9.381598
tcr_26_1,C,A,Q,Q,8,96,CB,C,8.400123
tcr_26_1,C,A,Q,Q,8,96,CB,CA,9.894571
tcr_26_1,C,A,Q,A,8,97,CB,N,7.748772
tcr_26_1,C,A,Q,A,8,97,CB,CA,6.3787036
tcr_26_1,C,A,Q,A,8,97,CB,CB,6.233169
tcr_26_1,C,A,Q,V,8,100,CB,N,7.3364744
tcr_26_1,C,A,Q,Q,8,94,CB,O,9.453378
tcr_26_1,C,A,Q,R,8,99,CB,CA,9.463747
tcr_26_1,C,A,Q,A,8,97,CB,C,6.409719
tcr_26_1,C,A,Q,D,8,98,CB,CB,9.434534
tcr_26_1,C,A,Q,F,8,140,CB,CD1,9.979784
tcr_26_1,C,A,Q,D,8,98,CB,CG,9.470218
tcr_26_1,C,A,Q,F,8,140,CB,CE1,9.233976
tcr_26_1,C,A,Q,D,8,98,CB,OD1,8.480579
tcr_26_1,C,A,Q,Q,8,94,CB,NE2,9.087813
tcr_26_1,C,A,Q,D,8,98,CB,CA,8.104207
tcr_26_1,C,A,Q,D,8,98,CB,N,7.557078
tcr_26_1,C,A,Q,L,8,119,CB,CD2,9.232995
tcr_26_1,C,A,Q,N,8,101,CB,ND2,5.4067173
tcr_26_1,C,A,Q,D,8,98,CB,C,8.509949
tcr_26_1,C,A,Q,R,8,99,CB,N,8.931329
tcr_26_1,C,A,Q,N,8,101,CB,CG,4.906161
tcr_26_1,C,A,Q,N,8,101,CB,CB,6.0869823
tcr_26_1,C,A,Q,N,8,101,CB,CA,5.978541
tcr_26_1,C,A,Q,D,8,98,CB,O,8.6201315
tcr_26_1,C,A,Q,N,8,101,CB,OD1,3.7736337
tcr_26_1,C,A,Q,N,8,101,CB,N,5.839095
tcr_26_1,C,A,Q,A,8,97,CB,O,5.689366
tcr_26_1,C,A,Q,V,8,100,CB,CG2,6.333109
tcr_26_1,C,A,Q,K,8,104,CB,CB,6.6928644
tcr_26_1,C,A,Q,K,8,104,CB,CD,4.6493807
tcr_26_1,C,A,Q,K,8,104,CB,CE,4.364481
tcr_26_1,C,A,Q,V,8,100,CB,CB,5.420838
tcr_26_1,C,A,Q,V,8,100,CB,CG1,4.879392
tcr_26_1,C,A,Q,K,8,104,CB,CG,6.006725
tcr_26_1,C,A,Q,V,8,100,CB,C,6.106916
tcr_26_1,C,A,Q,K,8,104,CB,N,8.332651
tcr_26_1,C,A,Q,V,8,100,CB,O,6.493543
tcr_26_1,C,A,Q,V,8,100,CB,CA,6.4773912
tcr_26_1,C,A,Q,R,8,103,CB,C,9.559126
tcr_26_1,C,A,Q,R,8,103,CB,CA,9.972554
tcr_26_1,C,A,Q,R,8,103,CB,CB,9.774696
tcr_26_1,C,A,Q,R,8,99,CB,O,9.06221
tcr_26_1,C,A,Q,R,8,103,CB,N,9.530717
tcr_26_1,C,A,Q,R,8,99,CB,C,8.535621
tcr_26_1,C,A,Q,L,8,105,CB,N,9.182072
tcr_26_1,C,A,Q,L,8,102,CB,N,8.402527
tcr_26_1,C,A,Q,L,8,102,CB,CA,9.766349
tcr_26_1,C,A,Q,L,8,105,CB,CD1,9.67036
tcr_26_1,C,A,Q,N,8,101,CB,C,7.381362
tcr_26_1,C,A,Q,N,8,101,CB,O,7.6734986
tcr_26_1,C,A,Q,L,8,105,CB,CG,9.45219
tcr_26_1,C,A,Q,K,8,104,CB,CA,8.129838
tcr_26_1,C,A,Q,K,8,104,CB,C,9.06352
tcr_26_1,C,A,Q,K,8,104,CB,O,9.890141
tcr_26_1,C,A,Q,Y,8,108,CB,CD2,9.648436
tcr_26_1,C,A,Q,R,8,180,CG,NH2,9.089701
tcr_26_1,C,A,Q,W,8,171,CG,CD1,8.272274
tcr_26_1,C,A,Q,W,8,171,CG,CG,9.495675
tcr_26_1,C,A,Q,E,8,176,CG,OE2,8.092839
tcr_26_1,C,A,Q,E,8,176,CG,CD,8.989042
tcr_26_1,C,A,Q,W,8,171,CG,CD2,9.43867
tcr_26_1,C,A,Q,E,8,176,CG,OE1,8.9887905
tcr_26_1,C,A,Q,W,8,171,CG,CE2,8.134831
tcr_26_1,C,A,Q,W,8,171,CG,NE1,7.3520994
tcr_26_1,C,A,Q,F,8,140,CG,CZ,9.935814
tcr_26_1,C,A,Q,W,8,171,CG,CH2,9.323527
tcr_26_1,C,A,Q,W,8,171,CG,CZ2,8.065026
tcr_26_1,C,A,Q,K,8,170,CG,CD,8.305422
tcr_26_1,C,A,Q,K,8,170,CG,CG,9.538772
tcr_26_1,C,A,Q,K,8,170,CG,CB,9.417105
tcr_26_1,C,A,Q,K,8,170,CG,NZ,7.413398
tcr_26_1,C,A,Q,K,8,170,CG,CE,8.533544
tcr_26_1,C,A,Q,Y,8,108,CG,OH,8.683069
tcr_26_1,C,A,Q,K,8,104,CG,NZ,4.214202
tcr_26_1,C,A,Q,Y,8,108,CG,CE2,9.755449
tcr_26_1,C,A,Q,Y,8,108,CG,CZ,9.602886
tcr_26_1,C,A,Q,T,8,167,CG,CG2,9.42102
tcr_26_1,C,A,Q,T,8,167,CG,OG1,9.748296
tcr_26_1,C,A,Q,R,8,93,CG,C,9.233104
tcr_26_1,C,A,Q,Q,8,94,CG,N,9.85533
tcr_26_1,C,A,Q,R,8,121,CG,NH1,9.752506
tcr_26_1,C,A,Q,Q,8,94,CG,CD,9.347586
tcr_26_1,C,A,Q,Q,8,94,CG,OE1,9.293316
tcr_26_1,C,A,Q,Q,8,94,CG,CA,9.423828
tcr_26_1,C,A,Q,Q,8,96,CG,O,6.813243
tcr_26_1,C,A,Q,Q,8,96,CG,CB,8.803939
tcr_26_1,C,A,Q,R,8,93,CG,O,8.131224
tcr_26_1,C,A,Q,Q,8,96,CG,C,7.1545243
tcr_26_1,C,A,Q,Q,8,96,CG,N,9.391087
tcr_26_1,C,A,Q,Q,8,96,CG,CA,8.606267
tcr_26_1,C,A,Q,A,8,97,CG,N,6.530903
tcr_26_1,C,A,Q,A,8,95,CG,C,9.7915
tcr_26_1,C,A,Q,A,8,97,CG,CA,5.2535686
tcr_26_1,C,A,Q,R,8,99,CG,CB,9.32485
tcr_26_1,C,A,Q,A,8,97,CG,CB,5.1948247
tcr_26_1,C,A,Q,A,8,95,CG,O,9.567981
tcr_26_1,C,A,Q,V,8,100,CG,N,6.609595
tcr_26_1,C,A,Q,Q,8,94,CG,C,9.394776
tcr_26_1,C,A,Q,Q,8,94,CG,O,8.560691
tcr_26_1,C,A,Q,R,8,99,CG,CA,8.724195
tcr_26_1,C,A,Q,A,8,97,CG,C,5.5511603
tcr_26_1,C,A,Q,D,8,98,CG,CB,8.918136
tcr_26_1,C,A,Q,D,8,98,CG,CG,9.081196
tcr_26_1,C,A,Q,F,8,140,CG,CE1,9.723821
tcr_26_1,C,A,Q,D,8,98,CG,OD1,8.187703
tcr_26_1,C,A,Q,Q,8,94,CG,NE2,8.650956
tcr_26_1,C,A,Q,D,8,98,CG,CA,7.561869
tcr_26_1,C,A,Q,D,8,98,CG,N,6.797442
tcr_26_1,C,A,Q,L,8,119,CG,CD2,9.426939
tcr_26_1,C,A,Q,N,8,101,CG,ND2,5.460775
tcr_26_1,C,A,Q,D,8,98,CG,C,7.9544134
tcr_26_1,C,A,Q,R,8,99,CG,N,8.185911
tcr_26_1,C,A,Q,N,8,101,CG,CG,5.098474
tcr_26_1,C,A,Q,N,8,101,CG,CB,6.263898
tcr_26_1,C,A,Q,N,8,101,CG,CA,6.161261
tcr_26_1,C,A,Q,D,8,98,CG,O,8.249382
tcr_26_1,C,A,Q,N,8,101,CG,OD1,4.1571264
tcr_26_1,C,A,Q,N,8,101,CG,N,5.678065
tcr_26_1,C,A,Q,A,8,97,CG,O,4.964395
tcr_26_1,C,A,Q,V,8,100,CG,CG2,5.28066
tcr_26_1,C,A,Q,K,8,104,CG,CB,7.4230695
tcr_26_1,C,A,Q,K,8,104,CG,CD,5.4418035
tcr_26_1,C,A,Q,K,8,104,CG,CE,4.972448
tcr_26_1,C,A,Q,V,8,100,CG,CB,4.6375604
tcr_26_1,C,A,Q,V,8,100,CG,CG1,4.3492403
tcr_26_1,C,A,Q,K,8,104,CG,CG,6.614659
tcr_26_1,C,A,Q,V,8,100,CG,C,5.8721256
tcr_26_1,C,A,Q,K,8,104,CG,N,8.708386
tcr_26_1,C,A,Q,V,8,100,CG,O,6.4691386
tcr_26_1,C,A,Q,V,8,100,CG,CA,5.8917885
tcr_26_1,C,A,Q,R,8,103,CG,C,9.837389
tcr_26_1,C,A,Q,R,8,103,CG,CB,9.653299
tcr_26_1,C,A,Q,R,8,99,CG,O,8.551885
tcr_26_1,C,A,Q,R,8,103,CG,N,9.559016
tcr_26_1,C,A,Q,R,8,99,CG,C,7.886441
tcr_26_1,C,A,Q,L,8,105,CG,N,9.897952
tcr_26_1,C,A,Q,L,8,102,CG,N,8.467466
tcr_26_1,C,A,Q,L,8,102,CG,CA,9.8693695
tcr_26_1,C,A,Q,N,8,101,CG,C,7.6256037
tcr_26_1,C,A,Q,N,8,101,CG,O,8.116126
tcr_26_1,C,A,Q,K,8,104,CG,CA,8.742362
tcr_26_1,C,A,Q,K,8,104,CG,C,9.805063
tcr_26_1,C,A,Q,W,8,171,CD,CD1,9.357252
tcr_26_1,C,A,Q,E,8,176,CD,OE2,9.342767
tcr_26_1,C,A,Q,W,8,171,CD,CE2,9.427471
tcr_26_1,C,A,Q,W,8,171,CD,NE1,8.545583
tcr_26_1,C,A,Q,W,8,171,CD,CZ2,9.443328
tcr_26_1,C,A,Q,K,8,170,CD,CD,8.592017
tcr_26_1,C,A,Q,K,8,170,CD,CG,9.861353
tcr_26_1,C,A,Q,K,8,170,CD,CB,9.940004
tcr_26_1,C,A,Q,K,8,170,CD,NZ,7.373221
tcr_26_1,C,A,Q,K,8,170,CD,CE,8.575093
tcr_26_1,C,A,Q,Y,8,108,CD,OH,8.838522
tcr_26_1,C,A,Q,K,8,104,CD,NZ,3.8336935
tcr_26_1,C,A,Q,Y,8,108,CD,CZ,9.788691
tcr_26_1,C,A,Q,R,8,93,CD,C,9.800722
tcr_26_1,C,A,Q,Q,8,96,CD,O,6.82567
tcr_26_1,C,A,Q,Q,8,96,CD,CB,8.771424
tcr_26_1,C,A,Q,Q,8,96,CD,OE1,9.797589
tcr_26_1,C,A,Q,R,8,93,CD,O,8.655349
tcr_26_1,C,A,Q,Q,8,96,CD,C,7.3159056
tcr_26_1,C,A,Q,Q,8,96,CD,N,9.682347
tcr_26_1,C,A,Q,Q,8,96,CD,CA,8.704174
tcr_26_1,C,A,Q,A,8,97,CD,N,6.9239106
tcr_26_1,C,A,Q,A,8,97,CD,CA,5.8214283
tcr_26_1,C,A,Q,R,8,99,CD,CB,9.246644
tcr_26_1,C,A,Q,A,8,97,CD,CB,6.048407
tcr_26_1,C,A,Q,A,8,95,CD,O,9.931036
tcr_26_1,C,A,Q,V,8,100,CD,N,6.5227666
tcr_26_1,C,A,Q,Q,8,94,CD,O,9.366795
tcr_26_1,C,A,Q,R,8,99,CD,CA,8.800619
tcr_26_1,C,A,Q,A,8,97,CD,C,6.198336
tcr_26_1,C,A,Q,D,8,98,CD,CB,9.7248955
tcr_26_1,C,A,Q,D,8,98,CD,OD1,9.300158
tcr_26_1,C,A,Q,Q,8,94,CD,NE2,9.890012
tcr_26_1,C,A,Q,D,8,98,CD,CA,8.291636
tcr_26_1,C,A,Q,D,8,98,CD,N,7.5079956
tcr_26_1,C,A,Q,N,8,101,CD,ND2,6.6708064
tcr_26_1,C,A,Q,D,8,98,CD,C,8.450077
tcr_26_1,C,A,Q,R,8,99,CD,N,8.488561
tcr_26_1,C,A,Q,N,8,101,CD,CG,6.153687
tcr_26_1,C,A,Q,N,8,101,CD,CB,7.1081257
tcr_26_1,C,A,Q,N,8,101,CD,CA,6.71153
tcr_26_1,C,A,Q,D,8,98,CD,O,8.726736
tcr_26_1,C,A,Q,N,8,101,CD,OD1,5.2144756
tcr_26_1,C,A,Q,N,8,101,CD,N,6.018177
tcr_26_1,C,A,Q,A,8,97,CD,O,5.539983
tcr_26_1,C,A,Q,V,8,100,CD,CG2,4.5975485
tcr_26_1,C,A,Q,K,8,104,CD,CB,7.413302
tcr_26_1,C,A,Q,K,8,104,CD,CD,5.2872515
tcr_26_1,C,A,Q,K,8,104,CD,CE,4.4571147
tcr_26_1,C,A,Q,V,8,100,CD,CB,4.21947
tcr_26_1,C,A,Q,V,8,100,CD,CG1,3.653527
tcr_26_1,C,A,Q,K,8,104,CD,CG,6.346375
tcr_26_1,C,A,Q,V,8,100,CD,C,5.873876
tcr_26_1,C,A,Q,K,8,104,CD,N,8.569319
tcr_26_1,C,A,Q,V,8,100,CD,O,6.360776
tcr_26_1,C,A,Q,V,8,100,CD,CA,5.645522
tcr_26_1,C,A,Q,R,8,103,CD,C,9.619217
tcr_26_1,C,A,Q,R,8,103,CD,CA,9.805273
tcr_26_1,C,A,Q,R,8,103,CD,CB,9.223712
tcr_26_1,C,A,Q,R,8,99,CD,O,8.416429
tcr_26_1,C,A,Q,R,8,103,CD,NE,9.90373
tcr_26_1,C,A,Q,R,8,103,CD,N,9.517988
tcr_26_1,C,A,Q,R,8,103,CD,NH1,9.213276
tcr_26_1,C,A,Q,R,8,99,CD,C,7.831899
tcr_26_1,C,A,Q,R,8,103,CD,CZ,9.677582
tcr_26_1,C,A,Q,R,8,103,CD,CD,9.697569
tcr_26_1,C,A,Q,L,8,102,CD,N,8.8641615
tcr_26_1,C,A,Q,N,8,101,CD,C,8.071174
tcr_26_1,C,A,Q,N,8,101,CD,O,8.51798
tcr_26_1,C,A,Q,K,8,104,CD,CA,8.643618
tcr_26_1,C,A,Q,K,8,104,CD,C,9.8677635
tcr_26_1,C,A,Q,W,8,171,OE1,CD1,9.371921
tcr_26_1,C,A,Q,E,8,176,OE1,OE2,9.721925
tcr_26_1,C,A,Q,W,8,171,OE1,CE2,9.610199
tcr_26_1,C,A,Q,W,8,171,OE1,NE1,8.648324
tcr_26_1,C,A,Q,W,8,171,OE1,CZ2,9.725759
tcr_26_1,C,A,Q,K,8,170,OE1,CD,7.8777747
tcr_26_1,C,A,Q,K,8,170,OE1,CG,9.182046
tcr_26_1,C,A,Q,K,8,170,OE1,CB,9.4282875
tcr_26_1,C,A,Q,K,8,170,OE1,NZ,6.4492197
tcr_26_1,C,A,Q,K,8,170,OE1,CE,7.6928906
tcr_26_1,C,A,Q,Y,8,108,OE1,OH,8.029211
tcr_26_1,C,A,Q,K,8,104,OE1,NZ,2.842178
tcr_26_1,C,A,Q,Y,8,108,OE1,CE2,9.4965105
tcr_26_1,C,A,Q,Y,8,108,OE1,CZ,9.01745
tcr_26_1,C,A,Q,Y,8,108,OE1,CE1,9.779186
tcr_26_1,C,A,Q,Q,8,96,OE1,O,7.652286
tcr_26_1,C,A,Q,Q,8,96,OE1,CB,9.751467
tcr_26_1,C,A,Q,R,8,93,OE1,O,9.829495
tcr_26_1,C,A,Q,Q,8,96,OE1,C,8.264993
tcr_26_1,C,A,Q,Q,8,96,OE1,CA,9.654197
tcr_26_1,C,A,Q,A,8,97,OE1,N,7.973833
tcr_26_1,C,A,Q,A,8,97,OE1,CA,6.8733826
tcr_26_1,C,A,Q,R,8,99,OE1,CB,9.7878
tcr_26_1,C,A,Q,A,8,97,OE1,CB,7.1858826
tcr_26_1,C,A,Q,V,8,100,OE1,N,6.9143105
tcr_26_1,C,A,Q,R,8,99,OE1,CA,9.297388
tcr_26_1,C,A,Q,A,8,97,OE1,C,7.100618
tcr_26_1,C,A,Q,D,8,98,OE1,CA,9.045789
tcr_26_1,C,A,Q,D,8,98,OE1,N,8.392987
tcr_26_1,C,A,Q,N,8,101,OE1,ND2,7.33614
tcr_26_1,C,A,Q,D,8,98,OE1,C,9.071635
tcr_26_1,C,A,Q,R,8,99,OE1,N,9.129212
tcr_26_1,C,A,Q,N,8,101,OE1,CG,6.6454124
tcr_26_1,C,A,Q,N,8,101,OE1,CB,7.475948
tcr_26_1,C,A,Q,N,8,101,OE1,CA,6.880136
tcr_26_1,C,A,Q,D,8,98,OE1,O,9.209223
tcr_26_1,C,A,Q,N,8,101,OE1,OD1,5.6104264
tcr_26_1,C,A,Q,N,8,101,OE1,N,6.267137
tcr_26_1,C,A,Q,A,8,97,OE1,O,6.3027678
tcr_26_1,C,A,Q,V,8,100,OE1,CG2,4.9447517
tcr_26_1,C,A,Q,K,8,104,OE1,CB,6.813554
tcr_26_1,C,A,Q,K,8,104,OE1,CD,4.5308247
tcr_26_1,C,A,Q,K,8,104,OE1,CE,3.4734843
tcr_26_1,C,A,Q,V,8,100,OE1,CB,4.483014
tcr_26_1,C,A,Q,V,8,100,OE1,CG1,3.5091138
tcr_26_1,C,A,Q,K,8,104,OE1,CG,5.611306
tcr_26_1,C,A,Q,V,8,100,OE1,C,5.9509816
tcr_26_1,C,A,Q,K,8,104,OE1,N,8.101431
tcr_26_1,C,A,Q,V,8,100,OE1,O,6.20493
tcr_26_1,C,A,Q,V,8,100,OE1,CA,5.829913
tcr_26_1,C,A,Q,R,8,103,OE1,C,9.159103
tcr_26_1,C,A,Q,R,8,103,OE1,CA,9.49014
tcr_26_1,C,A,Q,R,8,103,OE1,CB,8.901898
tcr_26_1,C,A,Q,R,8,99,OE1,O,8.601715
tcr_26_1,C,A,Q,R,8,103,OE1,NE,9.5966425
tcr_26_1,C,A,Q,R,8,103,OE1,N,9.367784
tcr_26_1,C,A,Q,R,8,103,OE1,NH1,8.876053
tcr_26_1,C,A,Q,R,8,99,OE1,C,8.1783905
tcr_26_1,C,A,Q,R,8,103,OE1,CZ,9.427063
tcr_26_1,C,A,Q,R,8,103,OE1,CD,9.232073
tcr_26_1,C,A,Q,R,8,103,OE1,CG,9.587806
tcr_26_1,C,A,Q,L,8,105,OE1,N,9.714743
tcr_26_1,C,A,Q,L,8,102,OE1,N,8.999134
tcr_26_1,C,A,Q,N,8,101,OE1,C,8.125383
tcr_26_1,C,A,Q,N,8,101,OE1,O,8.41414
tcr_26_1,C,A,Q,K,8,104,OE1,CA,8.045909
tcr_26_1,C,A,Q,K,8,104,OE1,C,9.311028
tcr_26_1,C,A,Q,W,8,171,NE2,NE1,9.6768055
tcr_26_1,C,A,Q,K,8,170,NE2,CD,9.851794
tcr_26_1,C,A,Q,K,8,170,NE2,NZ,8.591462
tcr_26_1,C,A,Q,K,8,170,NE2,CE,9.796408
tcr_26_1,C,A,Q,K,8,104,NE2,NZ,4.9930134
tcr_26_1,C,A,Q,R,8,93,NE2,CB,9.906804
tcr_26_1,C,A,Q,R,8,93,NE2,CA,9.749772
tcr_26_1,C,A,Q,R,8,93,NE2,C,9.124012
tcr_26_1,C,A,Q,Q,8,94,NE2,CA,9.884104
tcr_26_1,C,A,Q,Q,8,96,NE2,O,6.2087545
tcr_26_1,C,A,Q,Q,8,96,NE2,CB,7.8262935
tcr_26_1,C,A,Q,Q,8,96,NE2,CG,9.154748
tcr_26_1,C,A,Q,Q,8,96,NE2,CD,9.372497
tcr_26_1,C,A,Q,Q,8,96,NE2,OE1,8.64943
tcr_26_1,C,A,Q,R,8,93,NE2,O,7.9797406
tcr_26_1,C,A,Q,Q,8,96,NE2,C,6.651717
tcr_26_1,C,A,Q,Q,8,96,NE2,N,8.99565
tcr_26_1,C,A,Q,Q,8,96,NE2,CA,7.9303355
tcr_26_1,C,A,Q,A,8,97,NE2,N,6.3540597
tcr_26_1,C,A,Q,A,8,95,NE2,C,9.643879
tcr_26_1,C,A,Q,A,8,97,NE2,CA,5.4614067
tcr_26_1,C,A,Q,R,8,99,NE2,CB,8.820381
tcr_26_1,C,A,Q,A,8,97,NE2,CB,5.7964563
tcr_26_1,C,A,Q,A,8,95,NE2,O,9.464572
tcr_26_1,C,A,Q,V,8,100,NE2,N,6.394361
tcr_26_1,C,A,Q,Q,8,94,NE2,C,9.772451
tcr_26_1,C,A,Q,Q,8,94,NE2,O,9.074077
tcr_26_1,C,A,Q,R,8,99,NE2,CA,8.587421
tcr_26_1,C,A,Q,A,8,97,NE2,C,6.086261
tcr_26_1,C,A,Q,D,8,98,NE2,CB,9.755696
tcr_26_1,C,A,Q,D,8,98,NE2,OD1,9.53355
tcr_26_1,C,A,Q,Q,8,94,NE2,NE2,9.98576
tcr_26_1,C,A,Q,D,8,98,NE2,CA,8.346444
tcr_26_1,C,A,Q,D,8,98,NE2,N,7.4109144
tcr_26_1,C,A,Q,N,8,101,NE2,ND2,7.248181
tcr_26_1,C,A,Q,D,8,98,NE2,C,8.465975
tcr_26_1,C,A,Q,R,8,99,NE2,N,8.312658
tcr_26_1,C,A,Q,N,8,101,NE2,CG,6.8411016
tcr_26_1,C,A,Q,N,8,101,NE2,CB,7.7424116
tcr_26_1,C,A,Q,N,8,101,NE2,CA,7.3591094
tcr_26_1,C,A,Q,D,8,98,NE2,O,8.883575
tcr_26_1,C,A,Q,N,8,101,NE2,OD1,6.0544224
tcr_26_1,C,A,Q,N,8,101,NE2,N,6.4555297
tcr_26_1,C,A,Q,A,8,97,NE2,O,5.592071
tcr_26_1,C,A,Q,V,8,100,NE2,CG2,4.0878553
tcr_26_1,C,A,Q,K,8,104,NE2,CB,8.357693
tcr_26_1,C,A,Q,K,8,104,NE2,CD,6.348218
tcr_26_1,C,A,Q,K,8,104,NE2,CE,5.457546
tcr_26_1,C,A,Q,V,8,100,NE2,CB,4.1549478
tcr_26_1,C,A,Q,V,8,100,NE2,CG1,3.8627055
tcr_26_1,C,A,Q,K,8,104,NE2,CG,7.2451415
tcr_26_1,C,A,Q,V,8,100,NE2,C,6.2312593
tcr_26_1,C,A,Q,K,8,104,NE2,N,9.241613
tcr_26_1,C,A,Q,V,8,100,NE2,O,6.8381524
tcr_26_1,C,A,Q,V,8,100,NE2,CA,5.6803203
tcr_26_1,C,A,Q,R,8,103,NE2,CB,9.468619
tcr_26_1,C,A,Q,R,8,99,NE2,O,8.394483
tcr_26_1,C,A,Q,R,8,103,NE2,NE,9.789968
tcr_26_1,C,A,Q,R,8,103,NE2,N,9.917048
tcr_26_1,C,A,Q,R,8,103,NE2,NH1,8.893819
tcr_26_1,C,A,Q,R,8,99,NE2,C,7.718392
tcr_26_1,C,A,Q,R,8,103,NE2,NH2,9.756264
tcr_26_1,C,A,Q,R,8,103,NE2,CZ,9.397386
tcr_26_1,C,A,Q,R,8,103,NE2,CD,9.753063
tcr_26_1,C,A,Q,L,8,102,NE2,N,9.343178
tcr_26_1,C,A,Q,N,8,101,NE2,C,8.702785
tcr_26_1,C,A,Q,N,8,101,NE2,O,9.265882
tcr_26_1,C,A,Q,K,8,104,NE2,CA,9.47572
tcr_26_1,C,A,Q,R,8,99,NE2,CG,9.600333
tcr_26_1,C,A,V,R,9,180,N,CZ,9.47577
tcr_26_1,C,A,V,R,9,180,N,NE,9.865391
tcr_26_1,C,A,V,R,9,180,N,NH2,8.295572
tcr_26_1,C,A,V,R,9,121,N,NH2,9.118394
tcr_26_1,C,A,V,W,9,171,N,C,9.951851
tcr_26_1,C,A,V,A,9,174,N,CB,9.891222
tcr_26_1,C,A,V,K,9,170,N,CA,8.348955
tcr_26_1,C,A,V,K,9,170,N,C,8.423111
tcr_26_1,C,A,V,K,9,170,N,O,9.057119
tcr_26_1,C,A,V,W,9,171,N,CA,8.428236
tcr_26_1,C,A,V,K,9,170,N,N,8.97237
tcr_26_1,C,A,V,Q,9,168,N,C,9.904573
tcr_26_1,C,A,V,W,9,171,N,CD1,5.5289674
tcr_26_1,C,A,V,E,9,176,N,CB,9.276591
tcr_26_1,C,A,V,W,9,171,N,CB,7.9258494
tcr_26_1,C,A,V,W,9,171,N,CG,6.488361
tcr_26_1,C,A,V,E,9,176,N,CG,8.851477
tcr_26_1,C,A,V,E,9,176,N,OE2,6.6192393
tcr_26_1,C,A,V,E,9,176,N,CD,7.3824677
tcr_26_1,C,A,V,W,9,171,N,CD2,6.091788
tcr_26_1,C,A,V,W,9,171,N,CE3,7.006469
tcr_26_1,C,A,V,E,9,176,N,OE1,7.235849
tcr_26_1,C,A,V,W,9,171,N,CE2,4.754789
tcr_26_1,C,A,V,W,9,171,N,NE1,4.3461013
tcr_26_1,C,A,V,F,9,140,N,CZ,7.2741385
tcr_26_1,C,A,V,F,9,140,N,CD2,8.269945
tcr_26_1,C,A,V,W,9,171,N,CH2,5.686086
tcr_26_1,C,A,V,F,9,140,N,CE2,7.895723
tcr_26_1,C,A,V,W,9,171,N,CZ2,4.5007715
tcr_26_1,C,A,V,W,9,171,N,CZ3,6.82331
tcr_26_1,C,A,V,W,9,171,N,N,8.095719
tcr_26_1,C,A,V,K,9,170,N,CD,6.0692644
tcr_26_1,C,A,V,K,9,170,N,CG,7.2758865
tcr_26_1,C,A,V,K,9,170,N,CB,6.988359
tcr_26_1,C,A,V,K,9,170,N,NZ,5.8569303
tcr_26_1,C,A,V,K,9,170,N,CE,6.6931734
tcr_26_1,C,A,V,Y,9,108,N,OH,5.8853745
tcr_26_1,C,A,V,K,9,104,N,NZ,4.8256664
tcr_26_1,C,A,V,Y,9,108,N,CE2,6.1944747
tcr_26_1,C,A,V,Y,9,108,N,CZ,6.5468416
tcr_26_1,C,A,V,Y,9,108,N,CE1,7.8532243
tcr_26_1,C,A,V,T,9,167,N,O,7.0479183
tcr_26_1,C,A,V,I,9,166,N,CG2,8.807256
tcr_26_1,C,A,V,T,9,167,N,CG2,4.991002
tcr_26_1,C,A,V,I,9,166,N,O,8.271994
tcr_26_1,C,A,V,T,9,167,N,CA,6.336995
tcr_26_1,C,A,V,I,9,166,N,CB,9.225589
tcr_26_1,C,A,V,T,9,167,N,CB,5.7739744
tcr_26_1,C,A,V,T,9,167,N,C,7.1883006
tcr_26_1,C,A,V,I,9,166,N,C,8.19479
tcr_26_1,C,A,V,T,9,167,N,OG1,5.260403
tcr_26_1,C,A,V,I,9,166,N,CA,9.401767
tcr_26_1,C,A,V,T,9,167,N,N,7.348851
tcr_26_1,C,A,V,Q,9,168,N,CA,9.429555
tcr_26_1,C,A,V,Y,9,147,N,CE1,6.837127
tcr_26_1,C,A,V,I,9,148,N,CG1,9.722707
tcr_26_1,C,A,V,I,9,148,N,CG2,8.084548
tcr_26_1,C,A,V,I,9,148,N,CD1,8.882384
tcr_26_1,C,A,V,I,9,148,N,CB,9.236126
tcr_26_1,C,A,V,Q,9,168,N,N,8.353804
tcr_26_1,C,A,V,A,9,164,N,C,9.868208
tcr_26_1,C,A,V,A,9,164,N,O,9.195756
tcr_26_1,C,A,V,A,9,164,N,CA,9.593057
tcr_26_1,C,A,V,A,9,163,N,C,9.961839
tcr_26_1,C,A,V,A,9,163,N,O,9.152513
tcr_26_1,C,A,V,Y,9,147,N,OH,6.8683996
tcr_26_1,C,A,V,R,9,121,N,NH1,9.065293
tcr_26_1,C,A,V,Q,9,94,N,CD,9.878218
tcr_26_1,C,A,V,Q,9,94,N,OE1,9.94097
tcr_26_1,C,A,V,R,9,121,N,NE,9.803458
tcr_26_1,C,A,V,R,9,121,N,CZ,9.261462
tcr_26_1,C,A,V,Q,9,96,N,O,9.565206
tcr_26_1,C,A,V,Q,9,96,N,C,9.95959
tcr_26_1,C,A,V,A,9,97,N,N,9.248223
tcr_26_1,C,A,V,A,9,97,N,CA,7.7942452
tcr_26_1,C,A,V,A,9,97,N,CB,7.5523887
tcr_26_1,C,A,V,V,9,100,N,N,8.246201
tcr_26_1,C,A,V,R,9,99,N,CA,9.9903145
tcr_26_1,C,A,V,A,9,97,N,C,7.2383056
tcr_26_1,C,A,V,D,9,98,N,CB,9.103465
tcr_26_1,C,A,V,D,9,98,N,OD2,9.881717
tcr_26_1,C,A,V,F,9,140,N,CD1,7.482664
tcr_26_1,C,A,V,D,9,98,N,CG,8.840723
tcr_26_1,C,A,V,F,9,140,N,CE1,7.0557995
tcr_26_1,C,A,V,D,9,98,N,OD1,7.755773
tcr_26_1,C,A,V,Q,9,94,N,NE2,8.815844
tcr_26_1,C,A,V,L,9,119,N,CB,9.670834
tcr_26_1,C,A,V,D,9,98,N,CA,8.002481
tcr_26_1,C,A,V,L,9,119,N,CG,8.549059
tcr_26_1,C,A,V,D,9,98,N,N,7.9868584
tcr_26_1,C,A,V,L,9,119,N,CD2,7.3980603
tcr_26_1,C,A,V,N,9,101,N,ND2,4.492665
tcr_26_1,C,A,V,D,9,98,N,C,8.502316
tcr_26_1,C,A,V,R,9,99,N,N,9.353282
tcr_26_1,C,A,V,N,9,101,N,CG,3.8933992
tcr_26_1,C,A,V,N,9,101,N,CB,4.8842716
tcr_26_1,C,A,V,N,9,101,N,CA,5.0990744
tcr_26_1,C,A,V,D,9,98,N,O,8.273179
tcr_26_1,C,A,V,N,9,101,N,OD1,2.9218693
tcr_26_1,C,A,V,N,9,101,N,N,5.796177
tcr_26_1,C,A,V,A,9,97,N,O,6.442255
tcr_26_1,C,A,V,V,9,100,N,CG2,8.384988
tcr_26_1,C,A,V,K,9,104,N,CB,5.7922916
tcr_26_1,C,A,V,K,9,104,N,CD,4.714889
tcr_26_1,C,A,V,K,9,104,N,CE,5.4111485
tcr_26_1,C,A,V,V,9,100,N,CB,7.060006
tcr_26_1,C,A,V,V,9,100,N,CG1,6.6503034
tcr_26_1,C,A,V,K,9,104,N,CG,5.8978505
tcr_26_1,C,A,V,V,9,100,N,C,6.467153
tcr_26_1,C,A,V,K,9,104,N,N,7.691559
tcr_26_1,C,A,V,V,9,100,N,O,6.6198955
tcr_26_1,C,A,V,V,9,100,N,CA,7.4864492
tcr_26_1,C,A,V,R,9,103,N,C,8.98916
tcr_26_1,C,A,V,R,9,103,N,CA,9.619193
tcr_26_1,C,A,V,R,9,103,N,CB,9.94668
tcr_26_1,C,A,V,R,9,99,N,O,9.464629
tcr_26_1,C,A,V,R,9,103,N,N,9.003895
tcr_26_1,C,A,V,R,9,99,N,C,9.131445
tcr_26_1,C,A,V,L,9,105,N,N,7.4442377
tcr_26_1,C,A,V,L,9,102,N,N,7.420033
tcr_26_1,C,A,V,L,9,102,N,CA,8.645003
tcr_26_1,C,A,V,L,9,102,N,C,9.047754
tcr_26_1,C,A,V,L,9,105,N,CD1,7.1648536
tcr_26_1,C,A,V,N,9,101,N,C,6.2134356
tcr_26_1,C,A,V,L,9,102,N,CB,9.840542
tcr_26_1,C,A,V,N,9,101,N,O,6.207953
tcr_26_1,C,A,V,L,9,102,N,O,9.592957
tcr_26_1,C,A,V,L,9,105,N,CA,8.17935
tcr_26_1,C,A,V,L,9,105,N,CG,6.917399
tcr_26_1,C,A,V,K,9,104,N,CA,7.223038
tcr_26_1,C,A,V,K,9,104,N,C,7.6141257
tcr_26_1,C,A,V,Y,9,108,N,CD1,8.710608
tcr_26_1,C,A,V,K,9,104,N,O,8.38078
tcr_26_1,C,A,V,R,9,103,N,O,9.825584
tcr_26_1,C,A,V,F,9,140,N,CG,8.077824
tcr_26_1,C,A,V,L,9,119,N,CD1,8.19867
tcr_26_1,C,A,V,F,9,140,N,CB,8.806106
tcr_26_1,C,A,V,Y,9,147,N,CE2,8.598223
tcr_26_1,C,A,V,Y,9,147,N,CG,8.939183
tcr_26_1,C,A,V,Y,9,147,N,CD2,9.319157
tcr_26_1,C,A,V,Y,9,147,N,CZ,7.3409367
tcr_26_1,C,A,V,Y,9,147,N,CD1,7.731871
tcr_26_1,C,A,V,Y,9,108,N,CG,8.4631195
tcr_26_1,C,A,V,L,9,105,N,CB,8.111581
tcr_26_1,C,A,V,L,9,105,N,CD2,7.1750937
tcr_26_1,C,A,V,L,9,105,N,C,9.659425
tcr_26_1,C,A,V,Y,9,108,N,CD2,7.25913
tcr_26_1,C,A,V,Y,9,108,N,CB,9.666779
tcr_26_1,C,A,V,R,9,180,CA,NH2,8.959391
tcr_26_1,C,A,V,R,9,121,CA,NH2,9.684559
tcr_26_1,C,A,V,W,9,171,CA,C,9.514185
tcr_26_1,C,A,V,K,9,170,CA,CA,7.692456
tcr_26_1,C,A,V,K,9,170,CA,C,7.9084115
tcr_26_1,C,A,V,K,9,170,CA,O,8.704193
tcr_26_1,C,A,V,W,9,171,CA,CA,7.9949613
tcr_26_1,C,A,V,K,9,170,CA,N,8.112293
tcr_26_1,C,A,V,R,9,169,CA,C,9.36306
tcr_26_1,C,A,V,R,9,169,CA,CA,9.940889
tcr_26_1,C,A,V,Q,9,168,CA,C,8.84739
tcr_26_1,C,A,V,Q,9,168,CA,O,9.198064
tcr_26_1,C,A,V,R,9,169,CA,N,9.143484
tcr_26_1,C,A,V,W,9,171,CA,CD1,5.247836
tcr_26_1,C,A,V,E,9,176,CA,CB,9.378666
tcr_26_1,C,A,V,W,9,171,CA,CB,7.4290605
tcr_26_1,C,A,V,W,9,171,CA,CG,6.059327
tcr_26_1,C,A,V,W,9,157,CA,CZ2,9.974552
tcr_26_1,C,A,V,E,9,176,CA,CG,9.072727
tcr_26_1,C,A,V,W,9,157,CA,CH2,9.781228
tcr_26_1,C,A,V,E,9,176,CA,OE2,6.9411974
tcr_26_1,C,A,V,E,9,176,CA,CD,7.666101
tcr_26_1,C,A,V,W,9,157,CA,CZ3,9.789049
tcr_26_1,C,A,V,W,9,171,CA,CD2,5.6485806
tcr_26_1,C,A,V,W,9,171,CA,CE3,6.4908776
tcr_26_1,C,A,V,E,9,176,CA,OE1,7.5601053
tcr_26_1,C,A,V,W,9,171,CA,CE2,4.4675817
tcr_26_1,C,A,V,W,9,171,CA,NE1,4.1820054
tcr_26_1,C,A,V,F,9,140,CA,CZ,7.4661913
tcr_26_1,C,A,V,F,9,140,CA,CD2,8.032961
tcr_26_1,C,A,V,W,9,171,CA,CH2,5.3605123
tcr_26_1,C,A,V,F,9,140,CA,CE2,7.853501
tcr_26_1,C,A,V,W,9,171,CA,CZ2,4.293661
tcr_26_1,C,A,V,W,9,171,CA,CZ3,6.3571777
tcr_26_1,C,A,V,W,9,171,CA,N,7.51631
tcr_26_1,C,A,V,K,9,170,CA,CD,5.449689
tcr_26_1,C,A,V,K,9,170,CA,CG,6.5947127
tcr_26_1,C,A,V,K,9,170,CA,CB,6.347021
tcr_26_1,C,A,V,K,9,170,CA,NZ,5.471699
tcr_26_1,C,A,V,K,9,170,CA,CE,6.130554
tcr_26_1,C,A,V,Y,9,108,CA,OH,5.0073943
tcr_26_1,C,A,V,K,9,104,CA,NZ,5.375081
tcr_26_1,C,A,V,Y,9,108,CA,CE2,5.0560327
tcr_26_1,C,A,V,Y,9,108,CA,CZ,5.5554495
tcr_26_1,C,A,V,Y,9,108,CA,CE1,6.9271913
tcr_26_1,C,A,V,T,9,167,CA,O,6.0344567
tcr_26_1,C,A,V,I,9,166,CA,CG2,7.611044
tcr_26_1,C,A,V,T,9,167,CA,CG2,3.7954283
tcr_26_1,C,A,V,I,9,166,CA,O,7.0797744
tcr_26_1,C,A,V,T,9,167,CA,CA,5.017323
tcr_26_1,C,A,V,I,9,166,CA,CB,7.898629
tcr_26_1,C,A,V,T,9,167,CA,CB,4.3935256
tcr_26_1,C,A,V,T,9,167,CA,C,5.9986725
tcr_26_1,C,A,V,I,9,166,CA,C,6.8838954
tcr_26_1,C,A,V,T,9,167,CA,OG1,3.8023868
tcr_26_1,C,A,V,I,9,166,CA,CA,8.054074
tcr_26_1,C,A,V,T,9,167,CA,N,5.9702597
tcr_26_1,C,A,V,Q,9,168,CA,CA,8.291154
tcr_26_1,C,A,V,Y,9,147,CA,CE1,5.6557064
tcr_26_1,C,A,V,I,9,148,CA,CG1,8.71051
tcr_26_1,C,A,V,I,9,148,CA,CG2,7.2196503
tcr_26_1,C,A,V,I,9,148,CA,CD1,7.8229814
tcr_26_1,C,A,V,I,9,148,CA,CB,8.224897
tcr_26_1,C,A,V,I,9,148,CA,CA,9.530348
tcr_26_1,C,A,V,I,9,148,CA,N,9.482611
tcr_26_1,C,A,V,Y,9,147,CA,C,9.835593
tcr_26_1,C,A,V,Q,9,165,CA,O,9.561536
tcr_26_1,C,A,V,Q,9,168,CA,CB,9.461556
tcr_26_1,C,A,V,Q,9,168,CA,N,7.121067
tcr_26_1,C,A,V,Q,9,165,CA,C,9.305527
tcr_26_1,C,A,V,A,9,164,CA,C,8.43503
tcr_26_1,C,A,V,I,9,166,CA,CG1,9.311696
tcr_26_1,C,A,V,I,9,166,CA,N,8.642101
tcr_26_1,C,A,V,Q,9,165,CA,N,9.527556
tcr_26_1,C,A,V,A,9,164,CA,O,7.796977
tcr_26_1,C,A,V,A,9,164,CA,CA,8.171052
tcr_26_1,C,A,V,A,9,163,CA,C,8.524948
tcr_26_1,C,A,V,A,9,163,CA,O,7.705884
tcr_26_1,C,A,V,Y,9,147,CA,OH,5.5162787
tcr_26_1,C,A,V,I,9,166,CA,CD1,9.547411
tcr_26_1,C,A,V,A,9,164,CA,N,8.787361
tcr_26_1,C,A,V,A,9,163,CA,CA,9.634577
tcr_26_1,C,A,V,A,9,164,CA,CB,8.994941
tcr_26_1,C,A,V,R,9,121,CA,NH1,9.85229
tcr_26_1,C,A,V,R,9,121,CA,CZ,9.880834
tcr_26_1,C,A,V,A,9,97,CA,CA,9.148189
tcr_26_1,C,A,V,A,9,97,CA,CB,8.933297
tcr_26_1,C,A,V,V,9,100,CA,N,9.234924
tcr_26_1,C,A,V,A,9,97,CA,C,8.477578
tcr_26_1,C,A,V,F,9,140,CA,CD1,7.4797673
tcr_26_1,C,A,V,D,9,98,CA,CG,9.693309
tcr_26_1,C,A,V,F,9,140,CA,CE1,7.2753167
tcr_26_1,C,A,V,D,9,98,CA,OD1,8.630321
tcr_26_1,C,A,V,Q,9,94,CA,NE2,9.83081
tcr_26_1,C,A,V,L,9,119,CA,CB,9.793612
tcr_26_1,C,A,V,D,9,98,CA,CA,8.976383
tcr_26_1,C,A,V,L,9,119,CA,CG,8.688482
tcr_26_1,C,A,V,D,9,98,CA,N,9.131994
tcr_26_1,C,A,V,L,9,119,CA,CD2,7.711439
tcr_26_1,C,A,V,N,9,101,CA,ND2,5.488955
tcr_26_1,C,A,V,D,9,98,CA,C,9.407646
tcr_26_1,C,A,V,N,9,101,CA,CG,4.8356824
tcr_26_1,C,A,V,N,9,101,CA,CB,5.5419273
tcr_26_1,C,A,V,N,9,101,CA,CA,5.684522
tcr_26_1,C,A,V,D,9,98,CA,O,9.024311
tcr_26_1,C,A,V,N,9,101,CA,OD1,4.022431
tcr_26_1,C,A,V,N,9,101,CA,N,6.612216
tcr_26_1,C,A,V,A,9,97,CA,O,7.637696
tcr_26_1,C,A,V,V,9,100,CA,CG2,9.536184
tcr_26_1,C,A,V,K,9,104,CA,CB,5.658214
tcr_26_1,C,A,V,K,9,104,CA,CD,4.9501567
tcr_26_1,C,A,V,K,9,104,CA,CE,5.856698
tcr_26_1,C,A,V,V,9,100,CA,CB,8.145573
tcr_26_1,C,A,V,V,9,100,CA,CG1,7.6298127
tcr_26_1,C,A,V,K,9,104,CA,CG,6.019462
tcr_26_1,C,A,V,V,9,100,CA,C,7.2453003
tcr_26_1,C,A,V,K,9,104,CA,N,7.7226872
tcr_26_1,C,A,V,V,9,100,CA,O,7.194574
tcr_26_1,C,A,V,V,9,100,CA,CA,8.420945
tcr_26_1,C,A,V,R,9,103,CA,C,9.015095
tcr_26_1,C,A,V,R,9,103,CA,CA,9.8179245
tcr_26_1,C,A,V,R,9,103,CA,N,9.270785
tcr_26_1,C,A,V,L,9,105,CA,N,7.0041375
tcr_26_1,C,A,V,L,9,102,CA,N,7.7877584
tcr_26_1,C,A,V,L,9,102,CA,CA,8.855039
tcr_26_1,C,A,V,L,9,102,CA,C,9.180927
tcr_26_1,C,A,V,L,9,105,CA,CD1,6.7740765
tcr_26_1,C,A,V,N,9,101,CA,C,6.5199504
tcr_26_1,C,A,V,N,9,101,CA,O,6.2572355
tcr_26_1,C,A,V,L,9,102,CA,O,9.549007
tcr_26_1,C,A,V,L,9,105,CA,CA,7.5602193
tcr_26_1,C,A,V,L,9,105,CA,CG,6.33618
tcr_26_1,C,A,V,K,9,104,CA,CA,7.0345016
tcr_26_1,C,A,V,K,9,104,CA,C,7.1730604
tcr_26_1,C,A,V,Y,9,108,CA,CD1,7.7257404
tcr_26_1,C,A,V,K,9,104,CA,O,7.790746
tcr_26_1,C,A,V,R,9,103,CA,O,9.715109
tcr_26_1,C,A,V,R,9,106,CA,N,9.789184
tcr_26_1,C,A,V,F,9,140,CA,CG,7.853379
tcr_26_1,C,A,V,F,9,140,CA,CA,9.923324
tcr_26_1,C,A,V,L,9,119,CA,CD1,8.093316
tcr_26_1,C,A,V,F,9,140,CA,CB,8.395402
tcr_26_1,C,A,V,Y,9,147,CA,CE2,7.382082
tcr_26_1,C,A,V,Y,9,147,CA,CB,9.109544
tcr_26_1,C,A,V,Y,9,147,CA,CG,7.89721
tcr_26_1,C,A,V,Y,9,147,CA,CD2,8.193518
tcr_26_1,C,A,V,Y,9,147,CA,CZ,6.0763483
tcr_26_1,C,A,V,Y,9,147,CA,CD1,6.6874247
tcr_26_1,C,A,V,Y,9,108,CA,CG,7.3898606
tcr_26_1,C,A,V,L,9,105,CA,O,9.599529
tcr_26_1,C,A,V,L,9,105,CA,CB,7.570933
tcr_26_1,C,A,V,L,9,105,CA,CD2,6.321498
tcr_26_1,C,A,V,L,9,105,CA,C,9.0395775
tcr_26_1,C,A,V,Y,9,108,CA,CD2,6.1145024
tcr_26_1,C,A,V,Y,9,108,CA,CB,8.583477
tcr_26_1,C,A,V,Y,9,108,CA,CA,9.879093
tcr_26_1,C,A,V,Y,9,108,CA,N,9.865874
tcr_26_1,C,A,V,A,9,163,CA,CB,9.694065
tcr_26_1,C,A,V,W,9,171,C,C,9.516213
tcr_26_1,C,A,V,A,9,174,C,CB,9.883096
tcr_26_1,C,A,V,K,9,170,C,CA,6.9826994
tcr_26_1,C,A,V,K,9,170,C,C,7.467826
tcr_26_1,C,A,V,K,9,170,C,O,8.28568
tcr_26_1,C,A,V,W,9,171,C,CA,8.017542
tcr_26_1,C,A,V,R,9,169,C,O,9.54434
tcr_26_1,C,A,V,K,9,170,C,N,7.391209
tcr_26_1,C,A,V,R,9,169,C,C,8.685599
tcr_26_1,C,A,V,R,9,169,C,CB,9.653543
tcr_26_1,C,A,V,R,9,169,C,CA,9.284901
tcr_26_1,C,A,V,Q,9,168,C,C,8.534975
tcr_26_1,C,A,V,Q,9,168,C,O,8.966373
tcr_26_1,C,A,V,R,9,169,C,N,8.613368
tcr_26_1,C,A,V,W,9,171,C,CD1,5.5717707
tcr_26_1,C,A,V,E,9,176,C,CB,9.954196
tcr_26_1,C,A,V,W,9,171,C,CB,7.684761
tcr_26_1,C,A,V,W,9,171,C,CG,6.4694595
tcr_26_1,C,A,V,E,9,176,C,CG,9.862055
tcr_26_1,C,A,V,E,9,176,C,OE2,7.682248
tcr_26_1,C,A,V,E,9,176,C,CD,8.539008
tcr_26_1,C,A,V,W,9,171,C,CD2,6.3553233
tcr_26_1,C,A,V,W,9,171,C,CE3,7.3144026
tcr_26_1,C,A,V,E,9,176,C,OE1,8.615867
tcr_26_1,C,A,V,W,9,171,C,CE2,5.352174
tcr_26_1,C,A,V,W,9,171,C,NE1,4.8061795
tcr_26_1,C,A,V,F,9,140,C,CZ,8.961416
tcr_26_1,C,A,V,F,9,140,C,CD2,9.409184
tcr_26_1,C,A,V,W,9,171,C,CH2,6.57304
tcr_26_1,C,A,V,F,9,140,C,CE2,9.276545
tcr_26_1,C,A,V,W,9,171,C,CZ2,5.4872913
tcr_26_1,C,A,V,W,9,171,C,CZ3,7.3982873
tcr_26_1,C,A,V,W,9,171,C,N,7.28464
tcr_26_1,C,A,V,K,9,170,C,CD,4.206507
tcr_26_1,C,A,V,K,9,170,C,CG,5.481203
tcr_26_1,C,A,V,K,9,170,C,CB,5.5390515
tcr_26_1,C,A,V,K,9,170,C,NZ,4.031222
tcr_26_1,C,A,V,K,9,170,C,CE,4.702911
tcr_26_1,C,A,V,Y,9,108,C,OH,3.5660818
tcr_26_1,C,A,V,K,9,104,C,NZ,4.62624
tcr_26_1,C,A,V,Y,9,108,C,CE2,4.086987
tcr_26_1,C,A,V,Y,9,108,C,CZ,4.301051
tcr_26_1,C,A,V,Y,9,108,C,CE1,5.6669965
tcr_26_1,C,A,V,T,9,167,C,O,5.7765856
tcr_26_1,C,A,V,I,9,166,C,CG2,6.3130116
tcr_26_1,C,A,V,T,9,167,C,CG2,4.1911817
tcr_26_1,C,A,V,I,9,166,C,O,6.140163
tcr_26_1,C,A,V,T,9,167,C,CA,4.569226
tcr_26_1,C,A,V,I,9,166,C,CB,6.7942266
tcr_26_1,C,A,V,T,9,167,C,CB,4.332678
tcr_26_1,C,A,V,T,9,167,C,C,5.71766
tcr_26_1,C,A,V,I,9,166,C,C,5.9921775
tcr_26_1,C,A,V,T,9,167,C,OG1,3.5939736
tcr_26_1,C,A,V,I,9,166,C,CA,7.089134
tcr_26_1,C,A,V,T,9,167,C,N,5.2810383
tcr_26_1,C,A,V,Q,9,168,C,CA,8.149107
tcr_26_1,C,A,V,Y,9,147,C,CE1,6.2016377
tcr_26_1,C,A,V,I,9,148,C,CG1,9.3576
tcr_26_1,C,A,V,I,9,148,C,CG2,8.161312
tcr_26_1,C,A,V,I,9,148,C,CD1,8.322766
tcr_26_1,C,A,V,I,9,148,C,CB,8.97224
tcr_26_1,C,A,V,Q,9,165,C,O,8.884092
tcr_26_1,C,A,V,Q,9,168,C,CB,9.332708
tcr_26_1,C,A,V,Q,9,168,C,N,6.902197
tcr_26_1,C,A,V,Q,9,165,C,C,8.657149
tcr_26_1,C,A,V,Q,9,165,C,CA,9.569112
tcr_26_1,C,A,V,A,9,164,C,C,8.217017
tcr_26_1,C,A,V,I,9,166,C,CG1,8.201599
tcr_26_1,C,A,V,I,9,166,C,N,7.871064
tcr_26_1,C,A,V,Q,9,165,C,N,9.162204
tcr_26_1,C,A,V,A,9,164,C,O,7.6333914
tcr_26_1,C,A,V,A,9,164,C,CA,8.075108
tcr_26_1,C,A,V,A,9,163,C,C,8.062547
tcr_26_1,C,A,V,A,9,163,C,O,7.1145353
tcr_26_1,C,A,V,Y,9,147,C,OH,5.4544225
tcr_26_1,C,A,V,I,9,166,C,CD1,8.398276
tcr_26_1,C,A,V,A,9,164,C,N,8.537565
tcr_26_1,C,A,V,A,9,163,C,CA,9.077011
tcr_26_1,C,A,V,A,9,164,C,CB,9.114941
tcr_26_1,C,A,V,A,9,97,C,CB,9.942166
tcr_26_1,C,A,V,V,9,100,C,N,9.675342
tcr_26_1,C,A,V,A,9,97,C,C,9.402399
tcr_26_1,C,A,V,F,9,140,C,CD1,8.946087
tcr_26_1,C,A,V,F,9,140,C,CE1,8.795364
tcr_26_1,C,A,V,D,9,98,C,OD1,9.956906
tcr_26_1,C,A,V,L,9,119,C,CG,9.89078
tcr_26_1,C,A,V,L,9,119,C,CD2,8.907577
tcr_26_1,C,A,V,N,9,101,C,ND2,6.7423797
tcr_26_1,C,A,V,N,9,101,C,CG,5.9180284
tcr_26_1,C,A,V,N,9,101,C,CB,6.4823394
tcr_26_1,C,A,V,N,9,101,C,CA,6.2847276
tcr_26_1,C,A,V,D,9,98,C,O,9.82759
tcr_26_1,C,A,V,N,9,101,C,OD1,4.9770155
tcr_26_1,C,A,V,N,9,101,C,N,7.127212
tcr_26_1,C,A,V,A,9,97,C,O,8.453397
tcr_26_1,C,A,V,V,9,100,C,CG2,9.722028
tcr_26_1,C,A,V,K,9,104,C,CB,5.0791125
tcr_26_1,C,A,V,K,9,104,C,CD,4.2189445
tcr_26_1,C,A,V,K,9,104,C,CE,5.0822306
tcr_26_1,C,A,V,V,9,100,C,CB,8.354295
tcr_26_1,C,A,V,V,9,100,C,CG1,7.5748544
tcr_26_1,C,A,V,K,9,104,C,CG,5.326828
tcr_26_1,C,A,V,V,9,100,C,C,7.5088305
tcr_26_1,C,A,V,K,9,104,C,N,7.3981957
tcr_26_1,C,A,V,V,9,100,C,O,7.2444854
tcr_26_1,C,A,V,V,9,100,C,CA,8.671371
tcr_26_1,C,A,V,R,9,103,C,C,8.696592
tcr_26_1,C,A,V,R,9,103,C,CA,9.679648
tcr_26_1,C,A,V,R,9,103,C,N,9.358321
tcr_26_1,C,A,V,L,9,105,C,N,6.7716575
tcr_26_1,C,A,V,L,9,102,C,N,8.318639
tcr_26_1,C,A,V,L,9,102,C,CA,9.291396
tcr_26_1,C,A,V,L,9,102,C,C,9.368838
tcr_26_1,C,A,V,L,9,105,C,CD1,7.4195786
tcr_26_1,C,A,V,N,9,101,C,C,6.9961276
tcr_26_1,C,A,V,N,9,101,C,O,6.5449195
tcr_26_1,C,A,V,L,9,102,C,O,9.634809
tcr_26_1,C,A,V,L,9,105,C,CA,7.4065394
tcr_26_1,C,A,V,L,9,105,C,CG,6.6861067
tcr_26_1,C,A,V,K,9,104,C,CA,6.4884987
tcr_26_1,C,A,V,K,9,104,C,C,6.670966
tcr_26_1,C,A,V,Y,9,108,C,CD1,6.620483
tcr_26_1,C,A,V,K,9,104,C,O,7.1160727
tcr_26_1,C,A,V,R,9,103,C,O,9.265049
tcr_26_1,C,A,V,R,9,106,C,N,9.569148
tcr_26_1,C,A,V,F,9,140,C,CG,9.247864
tcr_26_1,C,A,V,L,9,119,C,CD1,9.264209
tcr_26_1,C,A,V,F,9,140,C,CB,9.682684
tcr_26_1,C,A,V,Y,9,147,C,CE2,7.60621
tcr_26_1,C,A,V,Y,9,147,C,CB,9.878063
tcr_26_1,C,A,V,Y,9,147,C,CG,8.54169
tcr_26_1,C,A,V,Y,9,147,C,CD2,8.618557
tcr_26_1,C,A,V,Y,9,147,C,CZ,6.320539
tcr_26_1,C,A,V,Y,9,147,C,CD1,7.413751
tcr_26_1,C,A,V,Y,9,108,C,CG,6.499037
tcr_26_1,C,A,V,L,9,105,C,O,9.253594
tcr_26_1,C,A,V,L,9,105,C,CB,7.7261133
tcr_26_1,C,A,V,L,9,105,C,CD2,6.619625
tcr_26_1,C,A,V,L,9,105,C,C,8.791019
tcr_26_1,C,A,V,Y,9,108,C,CD2,5.339544
tcr_26_1,C,A,V,Y,9,108,C,CB,7.8350744
tcr_26_1,C,A,V,Y,9,108,C,CA,9.051821
tcr_26_1,C,A,V,Y,9,108,C,N,9.060924
tcr_26_1,C,A,V,A,9,163,C,CB,9.238518
tcr_26_1,C,A,V,K,9,170,O,CA,7.39589
tcr_26_1,C,A,V,K,9,170,O,C,7.960714
tcr_26_1,C,A,V,K,9,170,O,O,8.668245
tcr_26_1,C,A,V,W,9,171,O,CA,8.734786
tcr_26_1,C,A,V,K,9,170,O,N,7.940418
tcr_26_1,C,A,V,R,9,169,O,C,9.259357
tcr_26_1,C,A,V,R,9,169,O,CA,9.95993
tcr_26_1,C,A,V,Q,9,168,O,C,9.446542
tcr_26_1,C,A,V,Q,9,168,O,O,9.846744
tcr_26_1,C,A,V,R,9,169,O,N,9.426287
tcr_26_1,C,A,V,W,9,171,O,CD1,6.3343973
tcr_26_1,C,A,V,W,9,171,O,CB,8.560021
tcr_26_1,C,A,V,W,9,171,O,CG,7.366091
tcr_26_1,C,A,V,E,9,176,O,OE2,8.275314
tcr_26_1,C,A,V,E,9,176,O,CD,9.220159
tcr_26_1,C,A,V,W,9,171,O,CD2,7.3667555
tcr_26_1,C,A,V,W,9,171,O,CE3,8.408072
tcr_26_1,C,A,V,E,9,176,O,OE1,9.345956
tcr_26_1,C,A,V,W,9,171,O,CE2,6.317375
tcr_26_1,C,A,V,W,9,171,O,NE1,5.611659
tcr_26_1,C,A,V,F,9,140,O,CZ,9.8237505
tcr_26_1,C,A,V,W,9,171,O,CH2,7.6421237
tcr_26_1,C,A,V,W,9,171,O,CZ2,6.481646
tcr_26_1,C,A,V,W,9,171,O,CZ3,8.517728
tcr_26_1,C,A,V,W,9,171,O,N,7.956347
tcr_26_1,C,A,V,K,9,170,O,CD,4.147628
tcr_26_1,C,A,V,K,9,170,O,CG,5.5953393
tcr_26_1,C,A,V,K,9,170,O,CB,5.8840017
tcr_26_1,C,A,V,K,9,170,O,NZ,3.3067431
tcr_26_1,C,A,V,K,9,170,O,CE,4.308789
tcr_26_1,C,A,V,Y,9,108,O,OH,3.2487433
tcr_26_1,C,A,V,K,9,104,O,NZ,3.438882
tcr_26_1,C,A,V,Y,9,108,O,CE2,4.2850823
tcr_26_1,C,A,V,Y,9,108,O,CZ,4.1624374
tcr_26_1,C,A,V,Y,9,108,O,CE1,5.3972454
tcr_26_1,C,A,V,T,9,167,O,O,6.7164335
tcr_26_1,C,A,V,I,9,166,O,CG2,6.53553
tcr_26_1,C,A,V,T,9,167,O,CG2,5.4219675
tcr_26_1,C,A,V,I,9,166,O,O,6.759356
tcr_26_1,C,A,V,T,9,167,O,CA,5.586797
tcr_26_1,C,A,V,I,9,166,O,CB,7.242734
tcr_26_1,C,A,V,T,9,167,O,CB,5.5036936
tcr_26_1,C,A,V,T,9,167,O,C,6.736441
tcr_26_1,C,A,V,I,9,166,O,C,6.6967487
tcr_26_1,C,A,V,T,9,167,O,OG1,4.7006793
tcr_26_1,C,A,V,I,9,166,O,CA,7.7034574
tcr_26_1,C,A,V,T,9,167,O,N,6.1587152
tcr_26_1,C,A,V,Q,9,168,O,CA,9.186777
tcr_26_1,C,A,V,Y,9,147,O,CE1,7.27796
tcr_26_1,C,A,V,I,9,148,O,CG2,9.378677
tcr_26_1,C,A,V,I,9,148,O,CD1,9.553126
tcr_26_1,C,A,V,Q,9,165,O,O,9.692505
tcr_26_1,C,A,V,Q,9,168,O,N,7.952021
tcr_26_1,C,A,V,Q,9,165,O,C,9.492513
tcr_26_1,C,A,V,A,9,164,O,C,9.254545
tcr_26_1,C,A,V,I,9,166,O,CG1,8.583913
tcr_26_1,C,A,V,I,9,166,O,N,8.623681
tcr_26_1,C,A,V,A,9,164,O,O,8.720177
tcr_26_1,C,A,V,A,9,164,O,CA,9.107419
tcr_26_1,C,A,V,A,9,163,O,C,8.854157
tcr_26_1,C,A,V,A,9,163,O,O,7.885388
tcr_26_1,C,A,V,Y,9,147,O,OH,6.352958
tcr_26_1,C,A,V,I,9,166,O,CD1,8.640405
tcr_26_1,C,A,V,A,9,164,O,N,9.44914
tcr_26_1,C,A,V,A,9,163,O,CA,9.737066
tcr_26_1,C,A,V,A,9,97,O,CA,9.661869
tcr_26_1,C,A,V,A,9,97,O,CB,9.702728
tcr_26_1,C,A,V,V,9,100,O,N,9.0393095
tcr_26_1,C,A,V,A,9,97,O,C,9.090891
tcr_26_1,C,A,V,F,9,140,O,CD1,9.812231
tcr_26_1,C,A,V,F,9,140,O,CE1,9.597739
tcr_26_1,C,A,V,D,9,98,O,CA,9.888804
tcr_26_1,C,A,V,D,9,98,O,N,9.9561405
tcr_26_1,C,A,V,L,9,119,O,CD2,9.256907
tcr_26_1,C,A,V,N,9,101,O,ND2,6.864118
tcr_26_1,C,A,V,N,9,101,O,CG,5.9160013
tcr_26_1,C,A,V,N,9,101,O,CB,6.4526663
tcr_26_1,C,A,V,N,9,101,O,CA,6.012976
tcr_26_1,C,A,V,D,9,98,O,O,9.594533
tcr_26_1,C,A,V,N,9,101,O,OD1,4.859595
tcr_26_1,C,A,V,N,9,101,O,N,6.6600533
tcr_26_1,C,A,V,A,9,97,O,O,8.072781
tcr_26_1,C,A,V,V,9,100,O,CG2,8.843413
tcr_26_1,C,A,V,K,9,104,O,CB,4.378584
tcr_26_1,C,A,V,K,9,104,O,CD,3.098487
tcr_26_1,C,A,V,K,9,104,O,CE,3.854795
tcr_26_1,C,A,V,V,9,100,O,CB,7.523233
tcr_26_1,C,A,V,V,9,100,O,CG1,6.5984464
tcr_26_1,C,A,V,K,9,104,O,CG,4.3377237
tcr_26_1,C,A,V,V,9,100,O,C,6.8510957
tcr_26_1,C,A,V,K,9,104,O,N,6.7553024
tcr_26_1,C,A,V,V,9,100,O,O,6.526864
tcr_26_1,C,A,V,V,9,100,O,CA,7.920892
tcr_26_1,C,A,V,R,9,103,O,C,8.062461
tcr_26_1,C,A,V,R,9,103,O,CA,9.049974
tcr_26_1,C,A,V,R,9,103,O,CB,9.365251
tcr_26_1,C,A,V,R,9,99,O,O,9.931722
tcr_26_1,C,A,V,R,9,103,O,N,8.848842
tcr_26_1,C,A,V,R,9,99,O,C,9.889394
tcr_26_1,C,A,V,L,9,105,O,N,6.5804524
tcr_26_1,C,A,V,L,9,102,O,N,8.090094
tcr_26_1,C,A,V,L,9,102,O,CA,9.084609
tcr_26_1,C,A,V,L,9,102,O,C,9.025367
tcr_26_1,C,A,V,L,9,105,O,CD1,7.804729
tcr_26_1,C,A,V,N,9,101,O,C,6.7718883
tcr_26_1,C,A,V,N,9,101,O,O,6.3461213
tcr_26_1,C,A,V,L,9,102,O,O,9.342788
tcr_26_1,C,A,V,L,9,105,O,CA,7.4270225
tcr_26_1,C,A,V,L,9,105,O,CG,7.0154552
tcr_26_1,C,A,V,K,9,104,O,CA,5.862375
tcr_26_1,C,A,V,K,9,104,O,C,6.297841
tcr_26_1,C,A,V,Y,9,108,O,CD1,6.471768
tcr_26_1,C,A,V,G,9,107,O,N,9.771791
tcr_26_1,C,A,V,K,9,104,O,O,6.769837
tcr_26_1,C,A,V,R,9,103,O,O,8.644884
tcr_26_1,C,A,V,R,9,106,O,N,9.398157
tcr_26_1,C,A,V,G,9,107,O,C,9.81112
tcr_26_1,C,A,V,G,9,107,O,CA,9.90759
tcr_26_1,C,A,V,L,9,119,O,CD1,9.86777
tcr_26_1,C,A,V,Y,9,147,O,CE2,8.500507
tcr_26_1,C,A,V,Y,9,147,O,CG,9.5603
tcr_26_1,C,A,V,Y,9,147,O,CD2,9.55651
tcr_26_1,C,A,V,Y,9,147,O,CZ,7.286878
tcr_26_1,C,A,V,Y,9,147,O,CD1,8.492021
tcr_26_1,C,A,V,Y,9,108,O,CG,6.565655
tcr_26_1,C,A,V,L,9,105,O,O,9.271164
tcr_26_1,C,A,V,L,9,105,O,CB,7.886123
tcr_26_1,C,A,V,L,9,105,O,CD2,7.1602626
tcr_26_1,C,A,V,L,9,105,O,C,8.743726
tcr_26_1,C,A,V,Y,9,108,O,CD2,5.583969
tcr_26_1,C,A,V,Y,9,108,O,CB,7.9678354
tcr_26_1,C,A,V,Y,9,108,O,CA,9.035218
tcr_26_1,C,A,V,Y,9,108,O,N,8.881324
tcr_26_1,C,A,V,A,9,163,O,CB,9.84392
tcr_26_1,C,A,V,R,9,180,CB,NH2,9.532486
tcr_26_1,C,A,V,R,9,121,CB,NH2,9.749404
tcr_26_1,C,A,V,K,9,170,CB,CA,8.85276
tcr_26_1,C,A,V,K,9,170,CB,C,9.110752
tcr_26_1,C,A,V,K,9,170,CB,O,9.991891
tcr_26_1,C,A,V,W,9,171,CB,CA,9.064074
tcr_26_1,C,A,V,K,9,170,CB,N,9.08392
tcr_26_1,C,A,V,Q,9,168,CB,C,9.418454
tcr_26_1,C,A,V,Q,9,168,CB,O,9.894316
tcr_26_1,C,A,V,R,9,169,CB,N,9.7309885
tcr_26_1,C,A,V,W,9,171,CB,CD1,6.368773
tcr_26_1,C,A,V,W,9,171,CB,CB,8.32167
tcr_26_1,C,A,V,W,9,171,CB,CG,6.964753
tcr_26_1,C,A,V,E,9,176,CB,CG,9.9731655
tcr_26_1,C,A,V,E,9,176,CB,OE2,7.9937854
tcr_26_1,C,A,V,E,9,176,CB,CD,8.556236
tcr_26_1,C,A,V,W,9,157,CB,CZ3,9.881856
tcr_26_1,C,A,V,W,9,171,CB,CD2,6.305584
tcr_26_1,C,A,V,W,9,171,CB,CE3,6.8664684
tcr_26_1,C,A,V,E,9,176,CB,OE1,8.269733
tcr_26_1,C,A,V,W,9,171,CB,CE2,5.18461
tcr_26_1,C,A,V,W,9,171,CB,NE1,5.2544646
tcr_26_1,C,A,V,F,9,140,CB,CZ,7.137719
tcr_26_1,C,A,V,F,9,140,CB,CD2,7.4300942
tcr_26_1,C,A,V,W,9,171,CB,CH2,5.4155116
tcr_26_1,C,A,V,F,9,140,CB,CE2,7.4881716
tcr_26_1,C,A,V,W,9,171,CB,CZ2,4.6629777
tcr_26_1,C,A,V,W,9,171,CB,CZ3,6.4677815
tcr_26_1,C,A,V,W,9,171,CB,N,8.606395
tcr_26_1,C,A,V,K,9,170,CB,CD,6.6304564
tcr_26_1,C,A,V,K,9,170,CB,CG,7.752953
tcr_26_1,C,A,V,K,9,170,CB,CB,7.558517
tcr_26_1,C,A,V,K,9,170,CB,NZ,6.512816
tcr_26_1,C,A,V,K,9,170,CB,CE,7.1976137
tcr_26_1,C,A,V,Y,9,108,CB,OH,5.3548584
tcr_26_1,C,A,V,K,9,104,CB,NZ,6.3883567
tcr_26_1,C,A,V,Y,9,108,CB,CE2,4.694765
tcr_26_1,C,A,V,Y,9,108,CB,CZ,5.526405
tcr_26_1,C,A,V,Y,9,108,CB,CE1,6.844084
tcr_26_1,C,A,V,T,9,167,CB,O,6.7510905
tcr_26_1,C,A,V,I,9,166,CB,CG2,7.9200277
tcr_26_1,C,A,V,T,9,167,CB,CG2,3.9238439
tcr_26_1,C,A,V,I,9,166,CB,O,7.6645722
tcr_26_1,C,A,V,T,9,167,CB,CA,5.358826
tcr_26_1,C,A,V,I,9,166,CB,CB,7.980558
tcr_26_1,C,A,V,T,9,167,CB,CB,4.373578
tcr_26_1,C,A,V,T,9,167,CB,C,6.4604883
tcr_26_1,C,A,V,I,9,166,CB,C,7.227201
tcr_26_1,C,A,V,T,9,167,CB,OG1,3.5304873
tcr_26_1,C,A,V,I,9,166,CB,CA,8.23288
tcr_26_1,C,A,V,T,9,167,CB,N,6.1562614
tcr_26_1,C,A,V,Q,9,168,CB,CA,8.646761
tcr_26_1,C,A,V,I,9,148,CB,O,9.352076
tcr_26_1,C,A,V,Y,9,147,CB,CE1,4.4968686
tcr_26_1,C,A,V,I,9,148,CB,CG1,8.332675
tcr_26_1,C,A,V,I,9,148,CB,CG2,6.5969205
tcr_26_1,C,A,V,I,9,148,CB,CD1,7.6583242
tcr_26_1,C,A,V,I,9,148,CB,CB,7.6004887
tcr_26_1,C,A,V,I,9,148,CB,C,9.532216
tcr_26_1,C,A,V,I,9,148,CB,CA,8.767292
tcr_26_1,C,A,V,I,9,148,CB,N,8.515234
tcr_26_1,C,A,V,Y,9,147,CB,C,8.786838
tcr_26_1,C,A,V,Y,9,147,CB,O,9.222787
tcr_26_1,C,A,V,Q,9,165,CB,O,9.765244
tcr_26_1,C,A,V,Q,9,168,CB,CB,9.636406
tcr_26_1,C,A,V,Q,9,168,CB,N,7.4028234
tcr_26_1,C,A,V,Q,9,165,CB,C,9.326163
tcr_26_1,C,A,V,Q,9,165,CB,CA,9.878592
tcr_26_1,C,A,V,A,9,164,CB,C,8.002282
tcr_26_1,C,A,V,I,9,166,CB,CG1,9.279339
tcr_26_1,C,A,V,I,9,166,CB,N,8.619931
tcr_26_1,C,A,V,Q,9,165,CB,N,9.153525
tcr_26_1,C,A,V,A,9,164,CB,O,7.527014
tcr_26_1,C,A,V,A,9,164,CB,CA,7.4740987
tcr_26_1,C,A,V,A,9,163,CB,C,7.8413057
tcr_26_1,C,A,V,A,9,163,CB,O,7.1995525
tcr_26_1,C,A,V,Y,9,147,CB,OH,4.523518
tcr_26_1,C,A,V,I,9,166,CB,CD1,9.393119
tcr_26_1,C,A,V,A,9,164,CB,N,8.015003
tcr_26_1,C,A,V,A,9,163,CB,CA,8.896615
tcr_26_1,C,A,V,A,9,164,CB,CB,8.175431
tcr_26_1,C,A,V,R,9,121,CB,NH1,9.823011
tcr_26_1,C,A,V,R,9,121,CB,CZ,9.801014
tcr_26_1,C,A,V,A,9,97,CB,CA,9.325481
tcr_26_1,C,A,V,A,9,97,CB,CB,9.205475
tcr_26_1,C,A,V,V,9,100,CB,N,9.056285
tcr_26_1,C,A,V,A,9,97,CB,C,8.431951
tcr_26_1,C,A,V,D,9,98,CB,CB,9.416347
tcr_26_1,C,A,V,D,9,98,CB,OD2,9.981887
tcr_26_1,C,A,V,F,9,140,CB,CD1,6.671761
tcr_26_1,C,A,V,D,9,98,CB,CG,9.092437
tcr_26_1,C,A,V,F,9,140,CB,CE1,6.7240252
tcr_26_1,C,A,V,D,9,98,CB,OD1,8.110752
tcr_26_1,C,A,V,Q,9,94,CB,NE2,9.6515665
tcr_26_1,C,A,V,L,9,119,CB,CB,8.516698
tcr_26_1,C,A,V,D,9,98,CB,CA,8.503912
tcr_26_1,C,A,V,L,9,119,CB,CG,7.465084
tcr_26_1,C,A,V,D,9,98,CB,N,8.899116
tcr_26_1,C,A,V,L,9,119,CB,CD2,6.6155577
tcr_26_1,C,A,V,N,9,101,CB,ND2,5.221062
tcr_26_1,C,A,V,D,9,98,CB,C,8.877837
tcr_26_1,C,A,V,R,9,99,CB,N,9.921912
tcr_26_1,C,A,V,N,9,101,CB,CG,4.5237303
tcr_26_1,C,A,V,N,9,101,CB,CB,4.8786488
tcr_26_1,C,A,V,N,9,101,CB,CA,5.10613
tcr_26_1,C,A,V,D,9,98,CB,O,8.351852
tcr_26_1,C,A,V,N,9,101,CB,OD1,4.036316
tcr_26_1,C,A,V,N,9,101,CB,N,6.282551
tcr_26_1,C,A,V,L,9,102,CB,CG,9.356235
tcr_26_1,C,A,V,A,9,97,CB,O,7.5839133
tcr_26_1,C,A,V,V,9,100,CB,CG2,9.830481
tcr_26_1,C,A,V,K,9,104,CB,CB,5.4055343
tcr_26_1,C,A,V,K,9,104,CB,CD,5.3910875
tcr_26_1,C,A,V,K,9,104,CB,CE,6.5673056
tcr_26_1,C,A,V,V,9,100,CB,CB,8.359038
tcr_26_1,C,A,V,V,9,100,CB,CG1,7.9979157
tcr_26_1,C,A,V,K,9,104,CB,CG,6.1296887
tcr_26_1,C,A,V,V,9,100,CB,C,7.027518
tcr_26_1,C,A,V,K,9,104,CB,N,7.206714
tcr_26_1,C,A,V,V,9,100,CB,O,6.9280553
tcr_26_1,C,A,V,V,9,100,CB,CA,8.356221
tcr_26_1,C,A,V,R,9,103,CB,C,8.428478
tcr_26_1,C,A,V,R,9,103,CB,CA,9.199273
tcr_26_1,C,A,V,R,9,103,CB,CB,9.894809
tcr_26_1,C,A,V,R,9,99,CB,O,9.763612
tcr_26_1,C,A,V,R,9,103,CB,N,8.545717
tcr_26_1,C,A,V,R,9,99,CB,C,9.653181
tcr_26_1,C,A,V,L,9,105,CB,N,6.058829
tcr_26_1,C,A,V,L,9,102,CB,N,6.904684
tcr_26_1,C,A,V,L,9,102,CB,CA,7.8478947
tcr_26_1,C,A,V,L,9,102,CB,C,8.260889
tcr_26_1,C,A,V,L,9,105,CB,CD1,5.3124266
tcr_26_1,C,A,V,N,9,101,CB,C,5.676377
tcr_26_1,C,A,V,L,9,102,CB,CB,9.171345
tcr_26_1,C,A,V,N,9,101,CB,O,5.324459
tcr_26_1,C,A,V,L,9,102,CB,O,8.545764
tcr_26_1,C,A,V,L,9,105,CB,CA,6.4224896
tcr_26_1,C,A,V,L,9,105,CB,CG,4.924671
tcr_26_1,C,A,V,K,9,104,CB,CA,6.5809855
tcr_26_1,C,A,V,K,9,104,CB,C,6.4649925
tcr_26_1,C,A,V,Y,9,108,CB,CD1,7.3836403
tcr_26_1,C,A,V,K,9,104,CB,O,7.1253514
tcr_26_1,C,A,V,R,9,103,CB,O,9.10917
tcr_26_1,C,A,V,R,9,106,CB,N,8.725161
tcr_26_1,C,A,V,F,9,140,CB,CG,7.0305977
tcr_26_1,C,A,V,Q,9,120,CB,O,9.825921
tcr_26_1,C,A,V,F,9,140,CB,N,9.645581
tcr_26_1,C,A,V,F,9,140,CB,CA,8.884229
tcr_26_1,C,A,V,F,9,140,CB,C,9.396223
tcr_26_1,C,A,V,L,9,119,CB,CD1,6.7551556
tcr_26_1,C,A,V,F,9,140,CB,CB,7.3706727
tcr_26_1,C,A,V,A,9,141,CB,N,9.718669
tcr_26_1,C,A,V,Y,9,147,CB,CE2,6.1216993
tcr_26_1,C,A,V,Y,9,147,CB,CB,7.7996097
tcr_26_1,C,A,V,Y,9,147,CB,CG,6.5921955
tcr_26_1,C,A,V,Y,9,147,CB,CD2,6.864306
tcr_26_1,C,A,V,Y,9,147,CB,CZ,4.9021335
tcr_26_1,C,A,V,F,9,140,CB,O,9.670035
tcr_26_1,C,A,V,Y,9,147,CB,CD1,5.472011
tcr_26_1,C,A,V,A,9,141,CB,C,9.744314
tcr_26_1,C,A,V,Y,9,142,CB,N,9.794016
tcr_26_1,C,A,V,Y,9,142,CB,CB,8.738348
tcr_26_1,C,A,V,A,9,141,CB,O,9.538821
tcr_26_1,C,A,V,Y,9,142,CB,CA,9.760245
tcr_26_1,C,A,V,Y,9,142,CB,CG,8.871124
tcr_26_1,C,A,V,Y,9,142,CB,CD2,8.67448
tcr_26_1,C,A,V,Y,9,142,CB,CE2,9.108183
tcr_26_1,C,A,V,L,9,119,CB,CA,9.633872
tcr_26_1,C,A,V,Y,9,147,CB,CA,8.950822
tcr_26_1,C,A,V,Y,9,108,CB,CG,6.797431
tcr_26_1,C,A,V,L,9,105,CB,O,8.500624
tcr_26_1,C,A,V,Y,9,142,CB,CZ,9.696745
tcr_26_1,C,A,V,L,9,105,CB,CB,6.255202
tcr_26_1,C,A,V,L,9,105,CB,CD2,4.8674517
tcr_26_1,C,A,V,L,9,105,CB,C,7.9327903
tcr_26_1,C,A,V,Y,9,108,CB,CD2,5.4633503
tcr_26_1,C,A,V,Y,9,108,CB,CB,7.8037906
tcr_26_1,C,A,V,Y,9,108,CB,CA,9.151155
tcr_26_1,C,A,V,Y,9,108,CB,N,9.149596
tcr_26_1,C,A,V,Y,9,109,CB,OH,9.23835
tcr_26_1,C,A,V,Y,9,142,CB,CD1,9.492605
tcr_26_1,C,A,V,Y,9,142,CB,CE1,9.884736
tcr_26_1,C,A,V,Y,9,109,CB,CE2,8.682782
tcr_26_1,C,A,V,Y,9,109,CB,CZ,9.494102
tcr_26_1,C,A,V,Y,9,109,CB,CD2,9.274189
tcr_26_1,C,A,V,A,9,163,CB,CB,8.768808
tcr_26_1,C,A,V,L,9,102,CB,CD2,9.619203
tcr_26_1,C,A,V,R,9,180,CG1,CZ,9.525221
tcr_26_1,C,A,V,R,9,180,CG1,NE,9.7514305
tcr_26_1,C,A,V,R,9,180,CG1,NH2,8.568584
tcr_26_1,C,A,V,R,9,121,CG1,NH2,8.427006
tcr_26_1,C,A,V,N,9,138,CG1,CG,9.9155
tcr_26_1,C,A,V,N,9,138,CG1,OD1,9.516304
tcr_26_1,C,A,V,N,9,138,CG1,ND2,9.3826065
tcr_26_1,C,A,V,K,9,170,CG1,CA,9.6523075
tcr_26_1,C,A,V,K,9,170,CG1,C,9.6987295
tcr_26_1,C,A,V,W,9,171,CG1,CA,9.265819
tcr_26_1,C,A,V,K,9,170,CG1,N,9.881705
tcr_26_1,C,A,V,Q,9,168,CG1,C,9.861268
tcr_26_1,C,A,V,W,9,171,CG1,CD1,6.488044
tcr_26_1,C,A,V,W,9,171,CG1,CB,8.333285
tcr_26_1,C,A,V,W,9,171,CG1,CG,6.9243884
tcr_26_1,C,A,V,W,9,157,CG1,CZ2,9.747274
tcr_26_1,C,A,V,E,9,176,CG1,CG,9.449898
tcr_26_1,C,A,V,W,9,157,CG1,CH2,9.212257
tcr_26_1,C,A,V,E,9,176,CG1,OE2,7.646157
tcr_26_1,C,A,V,E,9,176,CG1,CD,8.016087
tcr_26_1,C,A,V,W,9,157,CG1,CZ3,8.987274
tcr_26_1,C,A,V,W,9,171,CG1,CD2,5.9974823
tcr_26_1,C,A,V,W,9,171,CG1,CE3,6.337644
tcr_26_1,C,A,V,E,9,176,CG1,OE1,7.52649
tcr_26_1,C,A,V,W,9,171,CG1,CE2,4.8403664
tcr_26_1,C,A,V,W,9,171,CG1,NE1,5.2373834
tcr_26_1,C,A,V,F,9,140,CG1,CZ,5.6825376
tcr_26_1,C,A,V,F,9,140,CG1,CD2,6.0339727
tcr_26_1,C,A,V,W,9,171,CG1,CH2,4.4736576
tcr_26_1,C,A,V,F,9,140,CG1,CE2,6.0882573
tcr_26_1,C,A,V,W,9,171,CG1,CZ2,3.9418554
tcr_26_1,C,A,V,W,9,171,CG1,CZ3,5.6684794
tcr_26_1,C,A,V,W,9,171,CG1,N,9.035563
tcr_26_1,C,A,V,K,9,170,CG1,CD,7.8503637
tcr_26_1,C,A,V,K,9,170,CG1,CG,8.870804
tcr_26_1,C,A,V,K,9,170,CG1,CB,8.463996
tcr_26_1,C,A,V,K,9,170,CG1,NZ,7.913211
tcr_26_1,C,A,V,K,9,170,CG1,CE,8.559066
tcr_26_1,C,A,V,Y,9,108,CG1,OH,6.8835225
tcr_26_1,C,A,V,K,9,104,CG1,NZ,7.4893036
tcr_26_1,C,A,V,Y,9,108,CG1,CE2,6.0874043
tcr_26_1,C,A,V,Y,9,108,CG1,CZ,7.015512
tcr_26_1,C,A,V,Y,9,108,CG1,CE1,8.315094
tcr_26_1,C,A,V,T,9,167,CG1,O,7.268225
tcr_26_1,C,A,V,I,9,166,CG1,CG2,9.259804
tcr_26_1,C,A,V,T,9,167,CG1,CG2,4.145369
tcr_26_1,C,A,V,I,9,166,CG1,O,8.684113
tcr_26_1,C,A,V,T,9,167,CG1,CA,6.13206
tcr_26_1,C,A,V,I,9,166,CG1,CB,9.191248
tcr_26_1,C,A,V,T,9,167,CG1,CB,4.943753
tcr_26_1,C,A,V,T,9,167,CG1,C,7.011897
tcr_26_1,C,A,V,I,9,166,CG1,C,8.245748
tcr_26_1,C,A,V,T,9,167,CG1,OG1,4.3843365
tcr_26_1,C,A,V,I,9,166,CG1,CA,9.299846
tcr_26_1,C,A,V,T,9,167,CG1,N,7.077774
tcr_26_1,C,A,V,W,9,157,CG1,CD2,9.87057
tcr_26_1,C,A,V,Q,9,168,CG1,CA,8.96102
tcr_26_1,C,A,V,I,9,148,CG1,O,8.2840605
tcr_26_1,C,A,V,Y,9,147,CG1,CE1,4.3491755
tcr_26_1,C,A,V,I,9,148,CG1,CG1,7.819483
tcr_26_1,C,A,V,W,9,157,CG1,CE3,9.3261595
tcr_26_1,C,A,V,I,9,148,CG1,CG2,5.777534
tcr_26_1,C,A,V,I,9,148,CG1,CD1,7.355778
tcr_26_1,C,A,V,I,9,148,CG1,CB,6.9816046
tcr_26_1,C,A,V,A,9,149,CG1,N,9.689607
tcr_26_1,C,A,V,I,9,148,CG1,C,8.617391
tcr_26_1,C,A,V,I,9,148,CG1,CA,8.037766
tcr_26_1,C,A,V,I,9,148,CG1,N,7.7664547
tcr_26_1,C,A,V,Y,9,147,CG1,C,8.208918
tcr_26_1,C,A,V,Y,9,147,CG1,O,8.810047
tcr_26_1,C,A,V,Q,9,168,CG1,CB,9.899923
tcr_26_1,C,A,V,Q,9,168,CG1,N,7.844689
tcr_26_1,C,A,V,A,9,164,CG1,C,8.440333
tcr_26_1,C,A,V,I,9,166,CG1,N,9.527073
tcr_26_1,C,A,V,Q,9,165,CG1,N,9.688186
tcr_26_1,C,A,V,A,9,164,CG1,O,7.9238796
tcr_26_1,C,A,V,A,9,164,CG1,CA,7.8333035
tcr_26_1,C,A,V,A,9,163,CG1,C,8.571964
tcr_26_1,C,A,V,A,9,163,CG1,O,8.0651865
tcr_26_1,C,A,V,Y,9,147,CG1,OH,5.143113
tcr_26_1,C,A,V,A,9,164,CG1,N,8.522687
tcr_26_1,C,A,V,A,9,163,CG1,CA,9.694338
tcr_26_1,C,A,V,A,9,164,CG1,CB,8.268963
tcr_26_1,C,A,V,R,9,121,CG1,NH1,8.492177
tcr_26_1,C,A,V,Q,9,94,CG1,CD,9.672661
tcr_26_1,C,A,V,Q,9,94,CG1,OE1,9.915233
tcr_26_1,C,A,V,R,9,121,CG1,NE,8.569347
tcr_26_1,C,A,V,R,9,121,CG1,CZ,8.4134445
tcr_26_1,C,A,V,R,9,121,CG1,CB,8.870332
tcr_26_1,C,A,V,R,9,121,CG1,CG,8.829331
tcr_26_1,C,A,V,R,9,121,CG1,CD,8.594432
tcr_26_1,C,A,V,A,9,97,CG1,CA,8.914298
tcr_26_1,C,A,V,A,9,97,CG1,CB,8.646995
tcr_26_1,C,A,V,V,9,100,CG1,N,9.145625
tcr_26_1,C,A,V,A,9,97,CG1,C,7.9915953
tcr_26_1,C,A,V,D,9,98,CG1,CB,8.586081
tcr_26_1,C,A,V,D,9,98,CG1,OD2,8.857151
tcr_26_1,C,A,V,F,9,140,CG1,CD1,5.1517057
tcr_26_1,C,A,V,D,9,98,CG1,CG,8.061326
tcr_26_1,C,A,V,F,9,140,CG1,CE1,5.2022038
tcr_26_1,C,A,V,D,9,98,CG1,OD1,7.037303
tcr_26_1,C,A,V,Q,9,94,CG1,NE2,8.469356
tcr_26_1,C,A,V,L,9,119,CG1,CB,7.616447
tcr_26_1,C,A,V,D,9,98,CG1,CA,7.8580813
tcr_26_1,C,A,V,L,9,119,CG1,CG,6.401263
tcr_26_1,C,A,V,D,9,98,CG1,N,8.289888
tcr_26_1,C,A,V,L,9,119,CG1,CD2,5.631862
tcr_26_1,C,A,V,N,9,101,CG1,ND2,4.452709
tcr_26_1,C,A,V,D,9,98,CG1,C,8.440534
tcr_26_1,C,A,V,R,9,99,CG1,N,9.576826
tcr_26_1,C,A,V,N,9,101,CG1,CG,4.09533
tcr_26_1,C,A,V,N,9,101,CG1,CB,4.542487
tcr_26_1,C,A,V,N,9,101,CG1,CA,5.2210894
tcr_26_1,C,A,V,D,9,98,CG1,O,7.999417
tcr_26_1,C,A,V,N,9,101,CG1,OD1,3.9400554
tcr_26_1,C,A,V,N,9,101,CG1,N,6.4238973
tcr_26_1,C,A,V,L,9,102,CG1,CG,9.0216055
tcr_26_1,C,A,V,A,9,97,CG1,O,7.317524
tcr_26_1,C,A,V,K,9,104,CG1,CB,6.5816865
tcr_26_1,C,A,V,K,9,104,CG1,CD,6.6055136
tcr_26_1,C,A,V,K,9,104,CG1,CE,7.726418
tcr_26_1,C,A,V,V,9,100,CG1,CB,8.718655
tcr_26_1,C,A,V,V,9,100,CG1,CG1,8.608847
tcr_26_1,C,A,V,K,9,104,CG1,CG,7.320483
tcr_26_1,C,A,V,V,9,100,CG1,C,7.3931966
tcr_26_1,C,A,V,K,9,104,CG1,N,8.091385
tcr_26_1,C,A,V,V,9,100,CG1,O,7.5043006
tcr_26_1,C,A,V,V,9,100,CG1,CA,8.673303
tcr_26_1,C,A,V,R,9,103,CG1,C,9.254025
tcr_26_1,C,A,V,R,9,103,CG1,CA,9.837254
tcr_26_1,C,A,V,R,9,99,CG1,O,9.9274025
tcr_26_1,C,A,V,R,9,103,CG1,N,8.985152
tcr_26_1,C,A,V,R,9,99,CG1,C,9.692614
tcr_26_1,C,A,V,L,9,105,CG1,N,6.8997235
tcr_26_1,C,A,V,L,9,102,CG1,N,6.922833
tcr_26_1,C,A,V,L,9,102,CG1,CA,7.9108
tcr_26_1,C,A,V,L,9,102,CG1,C,8.589956
tcr_26_1,C,A,V,L,9,105,CG1,CD1,5.1257005
tcr_26_1,C,A,V,N,9,101,CG1,C,5.8486176
tcr_26_1,C,A,V,L,9,102,CG1,CB,9.085094
tcr_26_1,C,A,V,N,9,101,CG1,O,5.727789
tcr_26_1,C,A,V,L,9,102,CG1,O,8.956212
tcr_26_1,C,A,V,L,9,105,CG1,CA,7.134761
tcr_26_1,C,A,V,L,9,105,CG1,CG,5.1729875
tcr_26_1,C,A,V,K,9,104,CG1,CA,7.6697125
tcr_26_1,C,A,V,K,9,104,CG1,C,7.5164175
tcr_26_1,C,A,V,Y,9,108,CG1,CD1,8.761273
tcr_26_1,C,A,V,K,9,104,CG1,O,8.267687
tcr_26_1,C,A,V,R,9,106,CG1,N,9.402756
tcr_26_1,C,A,V,Q,9,120,CG1,C,9.302621
tcr_26_1,C,A,V,F,9,140,CG1,CG,5.5819063
tcr_26_1,C,A,V,R,9,121,CG1,CA,9.601713
tcr_26_1,C,A,V,R,9,121,CG1,N,9.824867
tcr_26_1,C,A,V,Q,9,120,CG1,N,9.364401
tcr_26_1,C,A,V,Q,9,120,CG1,O,8.455513
tcr_26_1,C,A,V,L,9,119,CG1,O,9.915766
tcr_26_1,C,A,V,Q,9,139,CG1,O,9.238057
tcr_26_1,C,A,V,Q,9,139,CG1,C,9.078715
tcr_26_1,C,A,V,F,9,140,CG1,N,8.314751
tcr_26_1,C,A,V,F,9,140,CG1,CA,7.5508137
tcr_26_1,C,A,V,F,9,140,CG1,C,8.191302
tcr_26_1,C,A,V,L,9,119,CG1,CD1,5.6876554
tcr_26_1,C,A,V,A,9,141,CG1,CA,9.241484
tcr_26_1,C,A,V,F,9,140,CG1,CB,6.037667
tcr_26_1,C,A,V,A,9,141,CG1,N,8.528438
tcr_26_1,C,A,V,Y,9,147,CG1,CE2,6.2668047
tcr_26_1,C,A,V,Y,9,147,CG1,CB,7.1485467
tcr_26_1,C,A,V,Y,9,147,CG1,CG,6.153
tcr_26_1,C,A,V,Y,9,147,CG1,CD2,6.7098117
tcr_26_1,C,A,V,Y,9,147,CG1,CZ,5.120262
tcr_26_1,C,A,V,F,9,140,CG1,O,8.574104
tcr_26_1,C,A,V,Y,9,147,CG1,CD1,4.9758368
tcr_26_1,C,A,V,A,9,141,CG1,C,8.78082
tcr_26_1,C,A,V,Y,9,142,CG1,N,9.006558
tcr_26_1,C,A,V,Y,9,142,CG1,CB,8.282188
tcr_26_1,C,A,V,A,9,141,CG1,O,8.511612
tcr_26_1,C,A,V,Y,9,142,CG1,CA,9.114678
tcr_26_1,C,A,V,Y,9,142,CG1,CG,8.591807
tcr_26_1,C,A,V,Y,9,142,CG1,CD2,8.35559
tcr_26_1,C,A,V,Y,9,142,CG1,CE2,8.957718
tcr_26_1,C,A,V,L,9,119,CG1,CA,8.689387
tcr_26_1,C,A,V,L,9,119,CG1,C,9.30216
tcr_26_1,C,A,V,Y,9,147,CG1,CA,8.355313
tcr_26_1,C,A,V,Y,9,147,CG1,N,9.37572
tcr_26_1,C,A,V,Y,9,108,CG1,CG,8.050406
tcr_26_1,C,A,V,L,9,105,CG1,O,9.272351
tcr_26_1,C,A,V,Y,9,142,CG1,CZ,9.726886
tcr_26_1,C,A,V,L,9,105,CG1,CB,6.642616
tcr_26_1,C,A,V,L,9,105,CG1,CD2,5.1291633
tcr_26_1,C,A,V,L,9,105,CG1,C,8.6535225
tcr_26_1,C,A,V,Y,9,108,CG1,CD2,6.6962624
tcr_26_1,C,A,V,Y,9,108,CG1,CB,8.90831
tcr_26_1,C,A,V,Y,9,109,CG1,OH,9.406081
tcr_26_1,C,A,V,Y,9,142,CG1,CD1,9.407742
tcr_26_1,C,A,V,Y,9,142,CG1,CE1,9.941962
tcr_26_1,C,A,V,Y,9,109,CG1,CE2,9.032365
tcr_26_1,C,A,V,Y,9,109,CG1,CZ,9.800328
tcr_26_1,C,A,V,Y,9,109,CG1,CD2,9.750099
tcr_26_1,C,A,V,A,9,163,CG1,CB,9.504611
tcr_26_1,C,A,V,L,9,102,CG1,CD2,9.25957
tcr_26_1,C,A,V,L,9,119,CG1,N,9.846885
tcr_26_1,C,A,V,K,9,170,CG2,CA,9.921451
tcr_26_1,C,A,V,W,9,171,CG2,CD1,7.730607
tcr_26_1,C,A,V,W,9,171,CG2,CB,9.777017
tcr_26_1,C,A,V,W,9,171,CG2,CG,8.418225
tcr_26_1,C,A,V,E,9,176,CG2,OE2,9.255705
tcr_26_1,C,A,V,E,9,176,CG2,CD,9.861212
tcr_26_1,C,A,V,W,9,171,CG2,CD2,7.8043385
tcr_26_1,C,A,V,W,9,171,CG2,CE3,8.378856
tcr_26_1,C,A,V,E,9,176,CG2,OE1,9.550464
tcr_26_1,C,A,V,W,9,171,CG2,CE2,6.6394653
tcr_26_1,C,A,V,W,9,171,CG2,NE1,6.6127844
tcr_26_1,C,A,V,F,9,140,CG2,CZ,8.0768585
tcr_26_1,C,A,V,F,9,140,CG2,CD2,8.45251
tcr_26_1,C,A,V,W,9,171,CG2,CH2,6.8202677
tcr_26_1,C,A,V,F,9,140,CG2,CE2,8.565164
tcr_26_1,C,A,V,W,9,171,CG2,CZ2,6.0789413
tcr_26_1,C,A,V,W,9,171,CG2,CZ3,7.9302135
tcr_26_1,C,A,V,W,9,171,CG2,N,9.909379
tcr_26_1,C,A,V,K,9,170,CG2,CD,7.230947
tcr_26_1,C,A,V,K,9,170,CG2,CG,8.509397
tcr_26_1,C,A,V,K,9,170,CG2,CB,8.539129
tcr_26_1,C,A,V,K,9,170,CG2,NZ,6.5885983
tcr_26_1,C,A,V,K,9,170,CG2,CE,7.504427
tcr_26_1,C,A,V,Y,9,108,CG2,OH,5.169052
tcr_26_1,C,A,V,K,9,104,CG2,NZ,6.0108504
tcr_26_1,C,A,V,Y,9,108,CG2,CE2,4.3949666
tcr_26_1,C,A,V,Y,9,108,CG2,CZ,5.175282
tcr_26_1,C,A,V,Y,9,108,CG2,CE1,6.341075
tcr_26_1,C,A,V,T,9,167,CG2,O,8.066967
tcr_26_1,C,A,V,I,9,166,CG2,CG2,8.238881
tcr_26_1,C,A,V,T,9,167,CG2,CG2,5.3591514
tcr_26_1,C,A,V,I,9,166,CG2,O,8.554563
tcr_26_1,C,A,V,T,9,167,CG2,CA,6.4921207
tcr_26_1,C,A,V,I,9,166,CG2,CB,8.389791
tcr_26_1,C,A,V,T,9,167,CG2,CB,5.582166
tcr_26_1,C,A,V,T,9,167,CG2,C,7.731548
tcr_26_1,C,A,V,I,9,166,CG2,C,8.058103
tcr_26_1,C,A,V,T,9,167,CG2,OG1,4.4953537
tcr_26_1,C,A,V,I,9,166,CG2,CA,8.897632
tcr_26_1,C,A,V,T,9,167,CG2,N,7.0688586
tcr_26_1,C,A,V,Q,9,168,CG2,CA,9.977655
tcr_26_1,C,A,V,Y,9,147,CG2,CE1,5.1983533
tcr_26_1,C,A,V,I,9,148,CG2,CG1,9.648328
tcr_26_1,C,A,V,I,9,148,CG2,CG2,7.823895
tcr_26_1,C,A,V,I,9,148,CG2,CD1,9.043758
tcr_26_1,C,A,V,I,9,148,CG2,CB,8.797375
tcr_26_1,C,A,V,I,9,148,CG2,CA,9.853821
tcr_26_1,C,A,V,I,9,148,CG2,N,9.42373
tcr_26_1,C,A,V,Y,9,147,CG2,C,9.573985
tcr_26_1,C,A,V,Q,9,168,CG2,N,8.668659
tcr_26_1,C,A,V,A,9,164,CG2,C,8.880799
tcr_26_1,C,A,V,I,9,166,CG2,CG1,9.564706
tcr_26_1,C,A,V,I,9,166,CG2,N,9.341235
tcr_26_1,C,A,V,Q,9,165,CG2,N,9.964447
tcr_26_1,C,A,V,A,9,164,CG2,O,8.564253
tcr_26_1,C,A,V,A,9,164,CG2,CA,8.203424
tcr_26_1,C,A,V,A,9,163,CG2,C,8.205396
tcr_26_1,C,A,V,A,9,163,CG2,O,7.6305037
tcr_26_1,C,A,V,Y,9,147,CG2,OH,4.8812504
tcr_26_1,C,A,V,I,9,166,CG2,CD1,9.433481
tcr_26_1,C,A,V,A,9,164,CG2,N,8.509799
tcr_26_1,C,A,V,A,9,163,CG2,CA,9.048241
tcr_26_1,C,A,V,A,9,164,CG2,CB,8.938813
tcr_26_1,C,A,V,A,9,97,CG2,CA,8.857615
tcr_26_1,C,A,V,A,9,97,CG2,CB,8.985343
tcr_26_1,C,A,V,V,9,100,CG2,N,7.923983
tcr_26_1,C,A,V,R,9,99,CG2,CA,9.34934
tcr_26_1,C,A,V,A,9,97,CG2,C,7.834912
tcr_26_1,C,A,V,D,9,98,CG2,CB,8.799971
tcr_26_1,C,A,V,D,9,98,CG2,OD2,9.64868
tcr_26_1,C,A,V,F,9,140,CG2,CD1,7.3310757
tcr_26_1,C,A,V,D,9,98,CG2,CG,8.705143
tcr_26_1,C,A,V,F,9,140,CG2,CE1,7.4479947
tcr_26_1,C,A,V,D,9,98,CG2,OD1,7.8588767
tcr_26_1,C,A,V,Q,9,94,CG2,NE2,9.7688875
tcr_26_1,C,A,V,L,9,119,CG2,CB,7.920502
tcr_26_1,C,A,V,D,9,98,CG2,CA,7.7952604
tcr_26_1,C,A,V,L,9,119,CG2,CG,7.078483
tcr_26_1,C,A,V,D,9,98,CG2,N,8.3001995
tcr_26_1,C,A,V,L,9,119,CG2,CD2,6.122763
tcr_26_1,C,A,V,N,9,101,CG2,ND2,5.0078354
tcr_26_1,C,A,V,D,9,98,CG2,C,7.936364
tcr_26_1,C,A,V,R,9,99,CG2,N,8.93817
tcr_26_1,C,A,V,N,9,101,CG2,CG,4.0205317
tcr_26_1,C,A,V,N,9,101,CG2,CB,3.9976108
tcr_26_1,C,A,V,N,9,101,CG2,CA,3.8875072
tcr_26_1,C,A,V,D,9,98,CG2,O,7.290512
tcr_26_1,C,A,V,N,9,101,CG2,OD1,3.5955598
tcr_26_1,C,A,V,N,9,101,CG2,N,5.1206965
tcr_26_1,C,A,V,L,9,102,CG2,CG,8.190072
tcr_26_1,C,A,V,A,9,97,CG2,O,6.8635626
tcr_26_1,C,A,V,V,9,100,CG2,CG2,8.881165
tcr_26_1,C,A,V,K,9,104,CG2,CB,4.1038055
tcr_26_1,C,A,V,K,9,104,CG2,CD,4.51793
tcr_26_1,C,A,V,K,9,104,CG2,CE,5.8605537
tcr_26_1,C,A,V,V,9,100,CG2,CB,7.367318
tcr_26_1,C,A,V,V,9,100,CG2,CG1,7.0204663
tcr_26_1,C,A,V,K,9,104,CG2,CG,4.9758334
tcr_26_1,C,A,V,V,9,100,CG2,C,5.7711496
tcr_26_1,C,A,V,K,9,104,CG2,N,5.720751
tcr_26_1,C,A,V,V,9,100,CG2,O,5.555852
tcr_26_1,C,A,V,V,9,100,CG2,CA,7.1830688
tcr_26_1,C,A,V,R,9,103,CG2,C,6.927751
tcr_26_1,C,A,V,R,9,103,CG2,CA,7.678996
tcr_26_1,C,A,V,R,9,103,CG2,CB,8.406162
tcr_26_1,C,A,V,R,9,99,CG2,O,8.432398
tcr_26_1,C,A,V,R,9,103,CG2,N,7.042298
tcr_26_1,C,A,V,R,9,99,CG2,C,8.4346075
tcr_26_1,C,A,V,R,9,103,CG2,CG,9.528893
tcr_26_1,C,A,V,L,9,105,CG2,N,4.6901836
tcr_26_1,C,A,V,L,9,102,CG2,N,5.569992
tcr_26_1,C,A,V,L,9,102,CG2,CA,6.473935
tcr_26_1,C,A,V,L,9,102,CG2,C,6.785881
tcr_26_1,C,A,V,L,9,105,CG2,CD1,4.4515743
tcr_26_1,C,A,V,N,9,101,CG2,C,4.2959485
tcr_26_1,C,A,V,L,9,102,CG2,CB,7.852899
tcr_26_1,C,A,V,N,9,101,CG2,O,3.8509014
tcr_26_1,C,A,V,L,9,102,CG2,O,7.0828476
tcr_26_1,C,A,V,L,9,105,CG2,CA,5.2267523
tcr_26_1,C,A,V,L,9,105,CG2,CG,3.9417505
tcr_26_1,C,A,V,K,9,104,CG2,CA,5.192113
tcr_26_1,C,A,V,K,9,104,CG2,C,5.1315165
tcr_26_1,C,A,V,Y,9,108,CG2,CD1,6.78708
tcr_26_1,C,A,V,R,9,106,CG2,CB,9.501862
tcr_26_1,C,A,V,R,9,106,CG2,CA,8.847121
tcr_26_1,C,A,V,R,9,106,CG2,C,9.291811
tcr_26_1,C,A,V,G,9,107,CG2,N,8.730888
tcr_26_1,C,A,V,K,9,104,CG2,O,5.9273157
tcr_26_1,C,A,V,R,9,103,CG2,O,7.6439624
tcr_26_1,C,A,V,R,9,106,CG2,N,7.4093523
tcr_26_1,C,A,V,G,9,107,CG2,C,9.274225
tcr_26_1,C,A,V,G,9,107,CG2,CA,9.324698
tcr_26_1,C,A,V,F,9,140,CG2,CG,7.851319
tcr_26_1,C,A,V,F,9,140,CG2,CA,9.547554
tcr_26_1,C,A,V,F,9,140,CG2,C,9.945424
tcr_26_1,C,A,V,L,9,119,CG2,CD1,6.5237737
tcr_26_1,C,A,V,F,9,140,CG2,CB,8.085789
tcr_26_1,C,A,V,Y,9,147,CG2,CE2,6.331881
tcr_26_1,C,A,V,Y,9,147,CG2,CB,8.252509
tcr_26_1,C,A,V,Y,9,147,CG2,CG,7.04334
tcr_26_1,C,A,V,Y,9,147,CG2,CD2,7.12006
tcr_26_1,C,A,V,Y,9,147,CG2,CZ,5.318063
tcr_26_1,C,A,V,Y,9,147,CG2,CD1,6.139032
tcr_26_1,C,A,V,A,9,141,CG2,C,9.764593
tcr_26_1,C,A,V,Y,9,142,CG2,N,9.729433
tcr_26_1,C,A,V,Y,9,142,CG2,CB,8.402659
tcr_26_1,C,A,V,A,9,141,CG2,O,9.463742
tcr_26_1,C,A,V,Y,9,142,CG2,CA,9.474473
tcr_26_1,C,A,V,Y,9,142,CG2,CG,8.28433
tcr_26_1,C,A,V,Y,9,142,CG2,CD2,7.9314265
tcr_26_1,C,A,V,Y,9,142,CG2,CE2,8.164146
tcr_26_1,C,A,V,L,9,119,CG2,CA,9.124186
tcr_26_1,C,A,V,Y,9,147,CG2,CA,9.519242
tcr_26_1,C,A,V,Y,9,108,CG2,CG,6.224073
tcr_26_1,C,A,V,L,9,105,CG2,O,7.4351773
tcr_26_1,C,A,V,Y,9,142,CG2,OH,9.22189
tcr_26_1,C,A,V,Y,9,142,CG2,CZ,8.719409
tcr_26_1,C,A,V,L,9,105,CG2,CB,5.1140842
tcr_26_1,C,A,V,L,9,105,CG2,CD2,4.2790904
tcr_26_1,C,A,V,L,9,105,CG2,C,6.736592
tcr_26_1,C,A,V,Y,9,108,CG2,CD2,5.027498
tcr_26_1,C,A,V,Y,9,108,CG2,CB,7.181819
tcr_26_1,C,A,V,Y,9,109,CG2,N,9.603044
tcr_26_1,C,A,V,Y,9,108,CG2,CA,8.404136
tcr_26_1,C,A,V,Y,9,108,CG2,C,9.486907
tcr_26_1,C,A,V,Y,9,108,CG2,N,8.196114
tcr_26_1,C,A,V,Y,9,109,CG2,OH,9.159558
tcr_26_1,C,A,V,Y,9,142,CG2,CD1,8.848911
tcr_26_1,C,A,V,Y,9,142,CG2,CE1,9.05289
tcr_26_1,C,A,V,Y,9,109,CG2,CE2,8.221303
tcr_26_1,C,A,V,Y,9,109,CG2,CZ,9.209742
tcr_26_1,C,A,V,Y,9,109,CG2,CD2,8.616118
tcr_26_1,C,A,V,A,9,163,CG2,CB,8.713329
tcr_26_1,C,A,V,Y,9,109,CG2,CG,9.897227
tcr_26_1,C,A,V,L,9,102,CG2,CD1,9.557918
tcr_26_1,C,A,V,L,9,102,CG2,CD2,8.505421
tcr_26_1,C,A,V,W,9,171,OXT,O,9.921269
tcr_26_1,C,A,V,W,9,171,OXT,C,9.004401
tcr_26_1,C,A,V,A,9,174,OXT,CB,9.791718
tcr_26_1,C,A,V,K,9,170,OXT,CA,6.2571845
tcr_26_1,C,A,V,K,9,170,OXT,C,6.8831954
tcr_26_1,C,A,V,K,9,170,OXT,O,7.8176727
tcr_26_1,C,A,V,W,9,171,OXT,CA,7.5580425
tcr_26_1,C,A,V,R,9,169,OXT,O,8.678547
tcr_26_1,C,A,V,K,9,170,OXT,N,6.470305
tcr_26_1,C,A,V,R,9,169,OXT,C,7.7378707
tcr_26_1,C,A,V,E,9,172,OXT,N,9.355192
tcr_26_1,C,A,V,R,9,169,OXT,CB,8.527061
tcr_26_1,C,A,V,R,9,169,OXT,CA,8.2202635
tcr_26_1,C,A,V,Q,9,168,OXT,C,7.5196767
tcr_26_1,C,A,V,Q,9,168,OXT,O,8.054989
tcr_26_1,C,A,V,R,9,169,OXT,N,7.5131006
tcr_26_1,C,A,V,W,9,171,OXT,CD1,5.432348
tcr_26_1,C,A,V,E,9,176,OXT,CB,9.947828
tcr_26_1,C,A,V,W,9,171,OXT,CB,7.2450967
tcr_26_1,C,A,V,W,9,171,OXT,CG,6.181766
tcr_26_1,C,A,V,E,9,176,OXT,CG,9.990371
tcr_26_1,C,A,V,E,9,176,OXT,OE2,7.936941
tcr_26_1,C,A,V,E,9,176,OXT,CD,8.766943
tcr_26_1,C,A,V,W,9,171,OXT,CD2,6.161782
tcr_26_1,C,A,V,W,9,171,OXT,CE3,7.0716696
tcr_26_1,C,A,V,E,9,176,OXT,OE1,8.917763
tcr_26_1,C,A,V,W,9,171,OXT,CE2,5.394363
tcr_26_1,C,A,V,W,9,171,OXT,NE1,4.8995285
tcr_26_1,C,A,V,F,9,140,OXT,CZ,9.412994
tcr_26_1,C,A,V,F,9,140,OXT,CD2,9.584331
tcr_26_1,C,A,V,W,9,171,OXT,CH2,6.6577206
tcr_26_1,C,A,V,F,9,140,OXT,CE2,9.548366
tcr_26_1,C,A,V,W,9,171,OXT,CZ2,5.6879907
tcr_26_1,C,A,V,W,9,171,OXT,CZ3,7.281427
tcr_26_1,C,A,V,W,9,171,OXT,N,6.6847444
tcr_26_1,C,A,V,K,9,170,OXT,CD,3.6737237
tcr_26_1,C,A,V,K,9,170,OXT,CG,4.779386
tcr_26_1,C,A,V,K,9,170,OXT,CB,4.8806763
tcr_26_1,C,A,V,K,9,170,OXT,NZ,3.9613278
tcr_26_1,C,A,V,K,9,170,OXT,CE,4.2756734
tcr_26_1,C,A,V,Y,9,108,OXT,OH,3.1704524
tcr_26_1,C,A,V,K,9,104,OXT,NZ,5.5016546
tcr_26_1,C,A,V,Y,9,108,OXT,CE2,3.6026013
tcr_26_1,C,A,V,Y,9,108,OXT,CZ,3.8521464
tcr_26_1,C,A,V,Y,9,108,OXT,CE1,5.24374
tcr_26_1,C,A,V,T,9,167,OXT,O,4.880174
tcr_26_1,C,A,V,I,9,166,OXT,CG2,5.230846
tcr_26_1,C,A,V,T,9,167,OXT,CG2,3.6071823
tcr_26_1,C,A,V,I,9,166,OXT,O,4.94452
tcr_26_1,C,A,V,T,9,167,OXT,CA,3.4374971
tcr_26_1,C,A,V,I,9,166,OXT,CB,5.6250196
tcr_26_1,C,A,V,T,9,167,OXT,CB,3.4006772
tcr_26_1,C,A,V,T,9,167,OXT,C,4.689345
tcr_26_1,C,A,V,I,9,166,OXT,C,4.7392497
tcr_26_1,C,A,V,T,9,167,OXT,OG1,2.7064636
tcr_26_1,C,A,V,I,9,166,OXT,CA,5.843082
tcr_26_1,C,A,V,T,9,167,OXT,N,4.042807
tcr_26_1,C,A,V,Q,9,168,OXT,CG,9.630566
tcr_26_1,C,A,V,Q,9,168,OXT,CA,7.141315
tcr_26_1,C,A,V,Y,9,147,OXT,CE1,5.8248296
tcr_26_1,C,A,V,I,9,148,OXT,CG1,8.748186
tcr_26_1,C,A,V,I,9,148,OXT,CG2,7.839269
tcr_26_1,C,A,V,I,9,148,OXT,CD1,7.6296024
tcr_26_1,C,A,V,I,9,148,OXT,CB,8.461213
tcr_26_1,C,A,V,I,9,148,OXT,CA,9.857241
tcr_26_1,C,A,V,I,9,148,OXT,N,9.892363
tcr_26_1,C,A,V,Q,9,165,OXT,O,7.6410756
tcr_26_1,C,A,V,R,9,169,OXT,CG,9.588714
tcr_26_1,C,A,V,Q,9,168,OXT,CB,8.278465
tcr_26_1,C,A,V,Q,9,168,OXT,N,5.841998
tcr_26_1,C,A,V,Q,9,165,OXT,CB,9.698395
tcr_26_1,C,A,V,Q,9,165,OXT,C,7.4144397
tcr_26_1,C,A,V,Q,9,165,OXT,CA,8.366918
tcr_26_1,C,A,V,A,9,164,OXT,C,7.143639
tcr_26_1,C,A,V,I,9,166,OXT,CG1,7.0735497
tcr_26_1,C,A,V,I,9,166,OXT,N,6.629453
tcr_26_1,C,A,V,Q,9,165,OXT,N,8.023943
tcr_26_1,C,A,V,A,9,164,OXT,O,6.5587173
tcr_26_1,C,A,V,A,9,164,OXT,CA,7.1295843
tcr_26_1,C,A,V,A,9,163,OXT,C,7.0837164
tcr_26_1,C,A,V,A,9,163,OXT,O,6.0634236
tcr_26_1,C,A,V,Y,9,147,OXT,OH,4.8422785
tcr_26_1,C,A,V,I,9,166,OXT,CD1,7.3982325
tcr_26_1,C,A,V,T,9,162,OXT,O,9.228226
tcr_26_1,C,A,V,A,9,164,OXT,N,7.5945888
tcr_26_1,C,A,V,A,9,163,OXT,CA,8.146062
tcr_26_1,C,A,V,T,9,162,OXT,C,9.81805
tcr_26_1,C,A,V,A,9,164,OXT,CB,8.267151
tcr_26_1,C,A,V,A,9,163,OXT,N,9.429273
tcr_26_1,C,A,V,F,9,140,OXT,CD1,9.378201
tcr_26_1,C,A,V,F,9,140,OXT,CE1,9.330677
tcr_26_1,C,A,V,L,9,119,OXT,CD2,9.702184
tcr_26_1,C,A,V,N,9,101,OXT,ND2,7.829749
tcr_26_1,C,A,V,N,9,101,OXT,CG,7.0440655
tcr_26_1,C,A,V,N,9,101,OXT,CB,7.5335617
tcr_26_1,C,A,V,N,9,101,OXT,CA,7.344884
tcr_26_1,C,A,V,N,9,101,OXT,OD1,6.1679096
tcr_26_1,C,A,V,N,9,101,OXT,N,8.267142
tcr_26_1,C,A,V,A,9,97,OXT,O,9.680815
tcr_26_1,C,A,V,K,9,104,OXT,CB,5.7243257
tcr_26_1,C,A,V,K,9,104,OXT,CD,5.093122
tcr_26_1,C,A,V,K,9,104,OXT,CE,5.9470396
tcr_26_1,C,A,V,V,9,100,OXT,CB,9.55615
tcr_26_1,C,A,V,V,9,100,OXT,CG1,8.722839
tcr_26_1,C,A,V,K,9,104,OXT,CG,6.084038
tcr_26_1,C,A,V,V,9,100,OXT,C,8.628312
tcr_26_1,C,A,V,K,9,104,OXT,N,8.084825
tcr_26_1,C,A,V,V,9,100,OXT,O,8.273025
tcr_26_1,C,A,V,V,9,100,OXT,CA,9.83192
tcr_26_1,C,A,V,R,9,103,OXT,C,9.341787
tcr_26_1,C,A,V,L,9,105,OXT,N,7.151057
tcr_26_1,C,A,V,L,9,102,OXT,N,9.232264
tcr_26_1,C,A,V,L,9,105,OXT,CD1,7.8537545
tcr_26_1,C,A,V,N,9,101,OXT,C,7.9095917
tcr_26_1,C,A,V,N,9,101,OXT,O,7.3270946
tcr_26_1,C,A,V,L,9,105,OXT,CA,7.6122603
tcr_26_1,C,A,V,L,9,105,OXT,CG,6.9993353
tcr_26_1,C,A,V,K,9,104,OXT,CA,7.0215554
tcr_26_1,C,A,V,K,9,104,OXT,C,7.006519
tcr_26_1,C,A,V,Y,9,108,OXT,CD1,6.179536
tcr_26_1,C,A,V,K,9,104,OXT,O,7.258425
tcr_26_1,C,A,V,R,9,103,OXT,O,9.779472
tcr_26_1,C,A,V,R,9,106,OXT,N,9.83729
tcr_26_1,C,A,V,G,9,107,OXT,C,9.941644
tcr_26_1,C,A,V,F,9,140,OXT,CG,9.499054
tcr_26_1,C,A,V,L,9,119,OXT,CD1,9.779123
tcr_26_1,C,A,V,F,9,140,OXT,CB,9.822315
tcr_26_1,C,A,V,Y,9,147,OXT,CE2,7.1383433
tcr_26_1,C,A,V,Y,9,147,OXT,CB,9.623671
tcr_26_1,C,A,V,Y,9,147,OXT,CG,8.231729
tcr_26_1,C,A,V,Y,9,147,OXT,CD2,8.230309
tcr_26_1,C,A,V,Y,9,147,OXT,CZ,5.8347087
tcr_26_1,C,A,V,Y,9,147,OXT,CD1,7.125705
tcr_26_1,C,A,V,Y,9,108,OXT,CG,6.043781
tcr_26_1,C,A,V,L,9,105,OXT,O,9.236583
tcr_26_1,C,A,V,L,9,105,OXT,CB,8.019689
tcr_26_1,C,A,V,L,9,105,OXT,CD2,6.6713843
tcr_26_1,C,A,V,L,9,105,OXT,C,8.935483
tcr_26_1,C,A,V,Y,9,108,OXT,CD2,4.874574
tcr_26_1,C,A,V,Y,9,108,OXT,CB,7.383443
tcr_26_1,C,A,V,Y,9,108,OXT,CA,8.649938
tcr_26_1,C,A,V,Y,9,108,OXT,C,9.882752
tcr_26_1,C,A,V,Y,9,108,OXT,N,8.851542
tcr_26_1,C,A,V,Y,9,109,OXT,CE2,9.683673
tcr_26_1,C,A,V,A,9,163,OXT,CB,8.467808
