i   AlignChn ScoredChain  AlignResNum  AlignResType  AlignRespLDDT      n0chn  n0dom  n0res    d0chn     d0dom     d0res   ipTM_pae  ipSAE_d0chn ipSAE_d0dom    ipSAE 
1       A         B            1           MET           17.91           465    374      0     7.702     7.013     1.000     0.0562      0.0000      0.0000      0.0000
2       A         B            2           ARG           25.43           465    374      0     7.702     7.013     1.000     0.0563      0.0000      0.0000      0.0000
3       A         B            3           VAL           24.50           465    374      0     7.702     7.013     1.000     0.0565      0.0000      0.0000      0.0000
4       A         B            4           MET           25.71           465    374      0     7.702     7.013     1.000     0.0564      0.0000      0.0000      0.0000
5       A         B            5           ALA           28.95           465    374      0     7.702     7.013     1.000     0.0563      0.0000      0.0000      0.0000
6       A         B            6           PRO           28.08           465    374      0     7.702     7.013     1.000     0.0567      0.0000      0.0000      0.0000
7       A         B            7           ARG           29.80           465    374      0     7.702     7.013     1.000     0.0568      0.0000      0.0000      0.0000
8       A         B            8           THR           28.51           465    374      0     7.702     7.013     1.000     0.0570      0.0000      0.0000      0.0000
9       A         B            9           LEU           25.67           465    374      0     7.702     7.013     1.000     0.0573      0.0000      0.0000      0.0000
10      A         B           10           ILE           27.09           465    374      0     7.702     7.013     1.000     0.0576      0.0000      0.0000      0.0000
11      A         B           11           LEU           28.34           465    374      0     7.702     7.013     1.000     0.0579      0.0000      0.0000      0.0000
12      A         B           12           LEU           31.56           465    374      0     7.702     7.013     1.000     0.0583      0.0000      0.0000      0.0000
13      A         B           13           LEU           32.12           465    374      0     7.702     7.013     1.000     0.0587      0.0000      0.0000      0.0000
14      A         B           14           SER           31.78           465    374      0     7.702     7.013     1.000     0.0590      0.0000      0.0000      0.0000
15      A         B           15           GLY           32.68           465    374      0     7.702     7.013     1.000     0.0594      0.0000      0.0000      0.0000
16      A         B           16           ALA           33.99           465    374      0     7.702     7.013     1.000     0.0612      0.0000      0.0000      0.0000
17      A         B           17           LEU           36.24           465    374      0     7.702     7.013     1.000     0.0637      0.0000      0.0000      0.0000
18      A         B           18           ALA           38.53           465    374      0     7.702     7.013     1.000     0.0644      0.0000      0.0000      0.0000
19      A         B           19           LEU           40.73           465    374      0     7.702     7.013     1.000     0.0663      0.0000      0.0000      0.0000
20      A         B           20           THR           45.26           465    374      0     7.702     7.013     1.000     0.0741      0.0000      0.0000      0.0000
21      A         B           21           GLU           52.31           465    374      0     7.702     7.013     1.000     0.0790      0.0000      0.0000      0.0000
22      A         B           22           THR           62.95           465    374      0     7.702     7.013     1.000     0.1203      0.0000      0.0000      0.0000
23      A         B           23           TRP           71.87           465    374      0     7.702     7.013     1.000     0.1593      0.0000      0.0000      0.0000
24      A         B           24           ALA           71.08           465    374      0     7.702     7.013     1.000     0.1550      0.0000      0.0000      0.0000
25      A         B           25           CYS           83.56           465    374      0     7.702     7.013     1.000     0.1665      0.0000      0.0000      0.0000
26      A         B           26           SER           90.70           465    374     73     7.702     7.013     3.000     0.4425      0.4775      0.4323      0.1266
27      A         B           27           HIS           95.32           465    374     99     7.702     7.013     3.631     0.7666      0.7666      0.7325      0.4363
28      A         B           28           SER           96.33           465    374     99     7.702     7.013     3.631     0.7501      0.7501      0.7146      0.4143
29      A         B           29           MET           97.28           465    374     99     7.702     7.013     3.631     0.8571      0.8571      0.8333      0.5860
30      A         B           30           ARG           97.35           465    374     99     7.702     7.013     3.631     0.8392      0.8392      0.8132      0.5548
31      A         B           31           TYR           97.91           465    374     99     7.702     7.013     3.631     0.8996      0.8996      0.8818      0.6786
32      A         B           32           PHE           98.07           465    374     99     7.702     7.013     3.631     0.9117      0.9117      0.8958      0.7084
33      A         B           33           SER           97.84           465    374     99     7.702     7.013     3.631     0.8394      0.8394      0.8139      0.5637
34      A         B           34           THR           98.12           465    374     99     7.702     7.013     3.631     0.8898      0.8898      0.8708      0.6606
35      A         B           35           SER           97.87           465    374     99     7.702     7.013     3.631     0.8733      0.8733      0.8520      0.6250
36      A         B           36           VAL           97.73           465    374     99     7.702     7.013     3.631     0.8792      0.8792      0.8586      0.6360
37      A         B           37           SER           96.66           465    374     99     7.702     7.013     3.631     0.7942      0.7942      0.7637      0.4883
38      A         B           38           ARG           94.16           465    374     99     7.702     7.013     3.631     0.6306      0.6306      0.5893      0.2989
39      A         B           39           PRO           92.88           465    374     84     7.702     7.013     3.286     0.5347      0.5689      0.5258      0.2131
40      A         B           40           GLY           89.31           465    374     46     7.702     7.013     2.095     0.3728      0.4825      0.4373      0.0684
41      A         B           41           ARG           87.86           465    374     46     7.702     7.013     2.095     0.3731      0.4529      0.4078      0.0595
42      A         B           42           GLY           86.88           465    374     40     7.702     7.013     1.826     0.3563      0.4599      0.4148      0.0476
43      A         B           43           GLU           90.39           465    374     97     7.702     7.013     3.587     0.5837      0.5886      0.5463      0.2599
44      A         B           44           PRO           95.17           465    374     99     7.702     7.013     3.631     0.8090      0.8090      0.7797      0.5060
45      A         B           45           ARG           96.85           465    374     99     7.702     7.013     3.631     0.8526      0.8526      0.8283      0.5792
46      A         B           46           PHE           97.45           465    374     99     7.702     7.013     3.631     0.9013      0.9013      0.8838      0.6832
47      A         B           47           ILE           97.84           465    374     99     7.702     7.013     3.631     0.8837      0.8837      0.8636      0.6433
48      A         B           48           ALA           97.73           465    374     99     7.702     7.013     3.631     0.8738      0.8738      0.8524      0.6217
49      A         B           49           VAL           98.06           465    374     99     7.702     7.013     3.631     0.8725      0.8725      0.8508      0.6182
50      A         B           50           GLY           97.59           465    374     99     7.702     7.013     3.631     0.8490      0.8490      0.8242      0.5725
51      A         B           51           TYR           97.48           465    374     99     7.702     7.013     3.631     0.8981      0.8981      0.8799      0.6714
52      A         B           52           VAL           97.20           465    374     99     7.702     7.013     3.631     0.8793      0.8793      0.8583      0.6269
53      A         B           53           ASP           95.36           465    374     99     7.702     7.013     3.631     0.8511      0.8511      0.8262      0.5680
54      A         B           54           ASP           95.36           465    374     99     7.702     7.013     3.631     0.8643      0.8643      0.8413      0.5967
55      A         B           55           THR           96.23           465    374     99     7.702     7.013     3.631     0.8678      0.8678      0.8452      0.6037
56      A         B           56           GLN           97.16           465    374     99     7.702     7.013     3.631     0.8890      0.8890      0.8694      0.6494
57      A         B           57           PHE           97.26           465    374     99     7.702     7.013     3.631     0.8631      0.8631      0.8399      0.5950
58      A         B           58           VAL           97.50           465    374     99     7.702     7.013     3.631     0.8330      0.8330      0.8060      0.5392
59      A         B           59           ARG           97.14           465    374     99     7.702     7.013     3.631     0.8343      0.8343      0.8076      0.5438
60      A         B           60           PHE           97.56           465    374     99     7.702     7.013     3.631     0.8895      0.8895      0.8702      0.6537
61      A         B           61           ASP           97.03           465    374     99     7.702     7.013     3.631     0.8672      0.8672      0.8447      0.6058
62      A         B           62           SER           96.03           465    374     99     7.702     7.013     3.631     0.8361      0.8361      0.8097      0.5475
63      A         B           63           ASP           94.67           465    374     99     7.702     7.013     3.631     0.7920      0.7920      0.7607      0.4753
64      A         B           64           ALA           94.13           465    374     99     7.702     7.013     3.631     0.7155      0.7155      0.6776      0.3749
65      A         B           65           ALA           93.49           465    374     99     7.702     7.013     3.631     0.6401      0.6401      0.5980      0.2983
66      A         B           66           SER           93.21           465    374     97     7.702     7.013     3.587     0.5513      0.5553      0.5102      0.2216
67      A         B           67           PRO           94.43           465    374     99     7.702     7.013     3.631     0.6462      0.6462      0.6035      0.2980
68      A         B           68           ARG           94.85           465    374     99     7.702     7.013     3.631     0.7016      0.7016      0.6621      0.3547
69      A         B           69           GLY           95.37           465    374     99     7.702     7.013     3.631     0.7444      0.7444      0.7081      0.4046
70      A         B           70           GLU           95.93           465    374     99     7.702     7.013     3.631     0.7960      0.7960      0.7646      0.4754
71      A         B           71           PRO           96.49           465    374     99     7.702     7.013     3.631     0.8075      0.8075      0.7773      0.4931
72      A         B           72           ARG           95.44           465    374     99     7.702     7.013     3.631     0.8164      0.8164      0.7873      0.5083
73      A         B           73           ALA           95.41           465    374     99     7.702     7.013     3.631     0.7956      0.7956      0.7642      0.4758
74      A         B           74           PRO           94.73           465    374     99     7.702     7.013     3.631     0.7656      0.7656      0.7311      0.4309
75      A         B           75           TRP           95.24           465    374     99     7.702     7.013     3.631     0.7881      0.7881      0.7558      0.4621
76      A         B           76           VAL           95.81           465    374     99     7.702     7.013     3.631     0.7272      0.7272      0.6893      0.3810
77      A         B           77           GLU           94.41           465    374     99     7.702     7.013     3.631     0.6982      0.6982      0.6583      0.3481
78      A         B           78           GLN           91.68           465    374     99     7.702     7.013     3.631     0.6037      0.6037      0.5592      0.2602
79      A         B           79           GLU           93.24           465    374     99     7.702     7.013     3.631     0.6053      0.6053      0.5606      0.2595
80      A         B           80           GLY           92.03           465    374     86     7.702     7.013     3.335     0.4531      0.4689      0.4233      0.1447
81      A         B           81           PRO           91.75           465    374     99     7.702     7.013     3.631     0.6245      0.6245      0.5805      0.2763
82      A         B           82           GLU           87.25           465    374     99     7.702     7.013     3.631     0.6526      0.6526      0.6098      0.3014
83      A         B           83           TYR           92.03           465    374     99     7.702     7.013     3.631     0.8013      0.8013      0.7703      0.4809
84      A         B           84           TRP           93.71           465    374     99     7.702     7.013     3.631     0.8074      0.8074      0.7772      0.4915
85      A         B           85           ASP           89.82           465    374     99     7.702     7.013     3.631     0.7986      0.7986      0.7673      0.4775
86      A         B           86           ARG           88.02           465    374     99     7.702     7.013     3.631     0.7515      0.7515      0.7158      0.4137
87      A         B           87           GLU           92.52           465    374     99     7.702     7.013     3.631     0.8036      0.8036      0.7732      0.4886
88      A         B           88           THR           93.30           465    374     99     7.702     7.013     3.631     0.8449      0.8449      0.8194      0.5593
89      A         B           89           GLN           88.37           465    374     99     7.702     7.013     3.631     0.8032      0.8032      0.7726      0.4877
90      A         B           90           LYS           90.87           465    374     99     7.702     7.013     3.631     0.8394      0.8394      0.8132      0.5520
91      A         B           91           TYR           94.21           465    374     99     7.702     7.013     3.631     0.8633      0.8633      0.8402      0.5959
92      A         B           92           LYS           91.30           465    374     99     7.702     7.013     3.631     0.8680      0.8680      0.8455      0.6048
93      A         B           93           ARG           88.35           465    374     99     7.702     7.013     3.631     0.8133      0.8133      0.7841      0.5069
94      A         B           94           GLN           92.98           465    374     99     7.702     7.013     3.631     0.8561      0.8561      0.8321      0.5832
95      A         B           95           ALA           93.70           465    374     99     7.702     7.013     3.631     0.8540      0.8540      0.8298      0.5797
96      A         B           96           GLN           89.77           465    374     99     7.702     7.013     3.631     0.8397      0.8397      0.8135      0.5515
97      A         B           97           THR           91.60           465    374     99     7.702     7.013     3.631     0.8447      0.8447      0.8193      0.5634
98      A         B           98           ASP           94.56           465    374     99     7.702     7.013     3.631     0.8495      0.8495      0.8248      0.5722
99      A         B           99           ARG           92.50           465    374     99     7.702     7.013     3.631     0.8426      0.8426      0.8169      0.5580
100     A         B          100           VAL           91.53           465    374     99     7.702     7.013     3.631     0.8488      0.8488      0.8239      0.5699
101     A         B          101           SER           94.76           465    374     99     7.702     7.013     3.631     0.8636      0.8636      0.8407      0.6005
102     A         B          102           LEU           95.65           465    374     99     7.702     7.013     3.631     0.8740      0.8740      0.8525      0.6209
103     A         B          103           ARG           92.10           465    374     99     7.702     7.013     3.631     0.8378      0.8378      0.8116      0.5507
104     A         B          104           ASN           94.18           465    374     99     7.702     7.013     3.631     0.8411      0.8411      0.8153      0.5564
105     A         B          105           LEU           96.40           465    374     99     7.702     7.013     3.631     0.8354      0.8354      0.8089      0.5471
106     A         B          106           ARG           95.32           465    374     99     7.702     7.013     3.631     0.8055      0.8055      0.7755      0.4964
107     A         B          107           GLY           94.30           465    374     99     7.702     7.013     3.631     0.7607      0.7607      0.7265      0.4328
108     A         B          108           TYR           96.36           465    374     99     7.702     7.013     3.631     0.8232      0.8232      0.7952      0.5250
109     A         B          109           TYR           96.75           465    374     99     7.702     7.013     3.631     0.8148      0.8148      0.7859      0.5110
110     A         B          110           ASN           96.49           465    374     99     7.702     7.013     3.631     0.6984      0.6984      0.6598      0.3612
111     A         B          111           GLN           96.07           465    374     99     7.702     7.013     3.631     0.7156      0.7156      0.6779      0.3784
112     A         B          112           SER           94.81           465    374     99     7.702     7.013     3.631     0.6137      0.6137      0.5711      0.2783
113     A         B          113           GLU           91.97           465    374     99     7.702     7.013     3.631     0.5879      0.5879      0.5442      0.2544
114     A         B          114           ALA           93.20           465    374     89     7.702     7.013     3.406     0.5367      0.5571      0.5128      0.2103
115     A         B          115           GLY           94.22           465    374     99     7.702     7.013     3.631     0.6482      0.6482      0.6079      0.3178
116     A         B          116           SER           96.47           465    374     99     7.702     7.013     3.631     0.8088      0.8088      0.7797      0.5094
117     A         B          117           HIS           97.44           465    374     99     7.702     7.013     3.631     0.8757      0.8757      0.8546      0.6301
118     A         B          118           THR           97.87           465    374     99     7.702     7.013     3.631     0.8791      0.8791      0.8586      0.6381
119     A         B          119           LEU           98.09           465    374     99     7.702     7.013     3.631     0.8899      0.8899      0.8709      0.6611
120     A         B          120           GLN           98.02           465    374     99     7.702     7.013     3.631     0.8944      0.8944      0.8760      0.6703
121     A         B          121           TRP           98.11           465    374     99     7.702     7.013     3.631     0.8917      0.8917      0.8728      0.6632
122     A         B          122           MET           98.08           465    374     99     7.702     7.013     3.631     0.8681      0.8681      0.8460      0.6137
123     A         B          123           PHE           97.66           465    374     99     7.702     7.013     3.631     0.8683      0.8683      0.8462      0.6120
124     A         B          124           GLY           97.29           465    374     99     7.702     7.013     3.631     0.7513      0.7513      0.7167      0.4253
125     A         B          125           CYS           96.85           465    374     99     7.702     7.013     3.631     0.7619      0.7619      0.7276      0.4327
126     A         B          126           ASP           96.84           465    374     99     7.702     7.013     3.631     0.7969      0.7969      0.7658      0.4800
127     A         B          127           LEU           95.56           465    374     99     7.702     7.013     3.631     0.6886      0.6886      0.6485      0.3424
128     A         B          128           GLY           93.11           465    374     99     7.702     7.013     3.631     0.5510      0.5510      0.5059      0.2228
129     A         B          129           PRO           90.09           465    374     98     7.702     7.013     3.609     0.5226      0.5242      0.4787      0.2014
130     A         B          130           ASP           90.01           465    374     63     7.702     7.013     2.706     0.4077      0.4488      0.4038      0.0938
131     A         B          131           GLY           89.01           465    374     76     7.702     7.013     3.081     0.4439      0.4723      0.4272      0.1299
132     A         B          132           ARG           91.90           465    374     95     7.702     7.013     3.543     0.5088      0.5150      0.4698      0.1916
133     A         B          133           LEU           95.12           465    374     99     7.702     7.013     3.631     0.7111      0.7111      0.6720      0.3627
134     A         B          134           LEU           95.26           465    374     99     7.702     7.013     3.631     0.6828      0.6828      0.6421      0.3348
135     A         B          135           ARG           95.70           465    374     99     7.702     7.013     3.631     0.6299      0.6299      0.5874      0.2901
136     A         B          136           GLY           96.69           465    374     99     7.702     7.013     3.631     0.6944      0.6944      0.6554      0.3567
137     A         B          137           TYR           96.56           465    374     99     7.702     7.013     3.631     0.7197      0.7197      0.6827      0.3878
138     A         B          138           ASP           97.41           465    374     99     7.702     7.013     3.631     0.7748      0.7748      0.7422      0.4569
139     A         B          139           GLN           97.28           465    374     99     7.702     7.013     3.631     0.7250      0.7250      0.6890      0.4009
140     A         B          140           SER           97.61           465    374     99     7.702     7.013     3.631     0.7950      0.7950      0.7649      0.4943
141     A         B          141           ALA           98.11           465    374     99     7.702     7.013     3.631     0.8505      0.8505      0.8262      0.5812
142     A         B          142           TYR           97.93           465    374     99     7.702     7.013     3.631     0.8949      0.8949      0.8765      0.6708
143     A         B          143           ASP           97.44           465    374     99     7.702     7.013     3.631     0.8621      0.8621      0.8393      0.6044
144     A         B          144           GLY           96.90           465    374     99     7.702     7.013     3.631     0.7931      0.7931      0.7632      0.4969
145     A         B          145           LYS           97.05           465    374     99     7.702     7.013     3.631     0.8095      0.8095      0.7810      0.5192
146     A         B          146           ASP           97.56           465    374     99     7.702     7.013     3.631     0.8534      0.8534      0.8293      0.5843
147     A         B          147           TYR           97.95           465    374     99     7.702     7.013     3.631     0.8794      0.8794      0.8588      0.6344
148     A         B          148           ILE           97.97           465    374     99     7.702     7.013     3.631     0.8416      0.8416      0.8161      0.5619
149     A         B          149           ALA           97.76           465    374     99     7.702     7.013     3.631     0.8153      0.8153      0.7866      0.5153
150     A         B          150           LEU           97.65           465    374     99     7.702     7.013     3.631     0.8329      0.8329      0.8061      0.5419
151     A         B          151           ASN           97.53           465    374     99     7.702     7.013     3.631     0.7915      0.7915      0.7599      0.4733
152     A         B          152           GLU           96.26           465    374     99     7.702     7.013     3.631     0.7338      0.7338      0.6969      0.3947
153     A         B          153           ASP           96.26           465    374     99     7.702     7.013     3.631     0.6445      0.6445      0.6022      0.3008
154     A         B          154           LEU           96.48           465    374     99     7.702     7.013     3.631     0.7462      0.7462      0.7102      0.4080
155     A         B          155           ARG           95.84           465    374     99     7.702     7.013     3.631     0.7077      0.7077      0.6687      0.3615
156     A         B          156           SER           97.08           465    374     99     7.702     7.013     3.631     0.7234      0.7234      0.6859      0.3838
157     A         B          157           TRP           97.84           465    374     99     7.702     7.013     3.631     0.8098      0.8098      0.7802      0.5028
158     A         B          158           THR           97.72           465    374     99     7.702     7.013     3.631     0.7943      0.7943      0.7633      0.4806
159     A         B          159           ALA           97.38           465    374     99     7.702     7.013     3.631     0.7291      0.7291      0.6925      0.3953
160     A         B          160           ALA           96.65           465    374     99     7.702     7.013     3.631     0.6833      0.6833      0.6437      0.3443
161     A         B          161           ASP           96.50           465    374     99     7.702     7.013     3.631     0.6683      0.6683      0.6281      0.3305
162     A         B          162           THR           96.89           465    374     99     7.702     7.013     3.631     0.6798      0.6798      0.6400      0.3405
163     A         B          163           ALA           96.97           465    374     99     7.702     7.013     3.631     0.7815      0.7815      0.7492      0.4615
164     A         B          164           ALA           97.55           465    374     99     7.702     7.013     3.631     0.8031      0.8031      0.7729      0.4939
165     A         B          165           GLN           97.47           465    374     99     7.702     7.013     3.631     0.8094      0.8094      0.7798      0.5028
166     A         B          166           ILE           95.99           465    374     99     7.702     7.013     3.631     0.8355      0.8355      0.8089      0.5451
167     A         B          167           THR           96.23           465    374     99     7.702     7.013     3.631     0.8370      0.8370      0.8107      0.5494
168     A         B          168           GLN           96.95           465    374     99     7.702     7.013     3.631     0.8354      0.8354      0.8088      0.5453
169     A         B          169           ARG           94.13           465    374     99     7.702     7.013     3.631     0.8063      0.8063      0.7764      0.4965
170     A         B          170           LYS           91.75           465    374     99     7.702     7.013     3.631     0.7913      0.7913      0.7597      0.4727
171     A         B          171           TRP           93.54           465    374     99     7.702     7.013     3.631     0.8106      0.8106      0.7811      0.5035
172     A         B          172           GLU           92.36           465    374     99     7.702     7.013     3.631     0.8027      0.8027      0.7723      0.4893
173     A         B          173           ALA           87.57           465    374     99     7.702     7.013     3.631     0.6990      0.6990      0.6596      0.3539
174     A         B          174           ALA           85.20           465    374     99     7.702     7.013     3.631     0.6311      0.6311      0.5881      0.2868
175     A         B          175           ARG           86.28           465    374     99     7.702     7.013     3.631     0.6731      0.6731      0.6319      0.3256
176     A         B          176           GLU           91.38           465    374     99     7.702     7.013     3.631     0.7318      0.7318      0.6946      0.3902
177     A         B          177           ALA           93.79           465    374     99     7.702     7.013     3.631     0.7592      0.7592      0.7244      0.4257
178     A         B          178           GLU           89.46           465    374     99     7.702     7.013     3.631     0.7291      0.7291      0.6916      0.3860
179     A         B          179           GLN           88.76           465    374     99     7.702     7.013     3.631     0.7440      0.7440      0.7078      0.4046
180     A         B          180           ARG           93.43           465    374     99     7.702     7.013     3.631     0.7818      0.7818      0.7491      0.4556
181     A         B          181           ARG           94.06           465    374     99     7.702     7.013     3.631     0.7968      0.7968      0.7655      0.4771
182     A         B          182           ALA           90.68           465    374     99     7.702     7.013     3.631     0.7895      0.7895      0.7573      0.4639
183     A         B          183           TYR           92.83           465    374     99     7.702     7.013     3.631     0.8401      0.8401      0.8138      0.5490
184     A         B          184           LEU           95.19           465    374     99     7.702     7.013     3.631     0.8282      0.8282      0.8005      0.5276
185     A         B          185           GLU           93.53           465    374     99     7.702     7.013     3.631     0.7792      0.7792      0.7461      0.4511
186     A         B          186           GLY           90.51           465    374     99     7.702     7.013     3.631     0.5964      0.5964      0.5518      0.2546
187     A         B          187           THR           91.01           465    374     99     7.702     7.013     3.631     0.7638      0.7638      0.7290      0.4271
188     A         B          188           CYS           94.39           465    374     99     7.702     7.013     3.631     0.8204      0.8204      0.7917      0.5135
189     A         B          189           VAL           95.21           465    374     99     7.702     7.013     3.631     0.7942      0.7942      0.7625      0.4715
190     A         B          190           GLU           92.76           465    374     99     7.702     7.013     3.631     0.7662      0.7662      0.7316      0.4297
191     A         B          191           TRP           94.89           465    374     99     7.702     7.013     3.631     0.8277      0.8277      0.7997      0.5249
192     A         B          192           LEU           95.94           465    374     99     7.702     7.013     3.631     0.8458      0.8458      0.8201      0.5573
193     A         B          193           ARG           95.05           465    374     99     7.702     7.013     3.631     0.8204      0.8204      0.7915      0.5116
194     A         B          194           ARG           95.22           465    374     99     7.702     7.013     3.631     0.8322      0.8322      0.8047      0.5315
195     A         B          195           TYR           96.31           465    374     99     7.702     7.013     3.631     0.8476      0.8476      0.8222      0.5604
196     A         B          196           LEU           95.31           465    374     99     7.702     7.013     3.631     0.8403      0.8403      0.8139      0.5462
197     A         B          197           GLU           94.35           465    374     99     7.702     7.013     3.631     0.7523      0.7523      0.7165      0.4115
198     A         B          198           ASN           95.17           465    374     99     7.702     7.013     3.631     0.7462      0.7462      0.7097      0.4016
199     A         B          199           GLY           94.38           465    374     99     7.702     7.013     3.631     0.6307      0.6307      0.5870      0.2815
200     A         B          200           LYS           93.21           465    374     99     7.702     7.013     3.631     0.6194      0.6194      0.5753      0.2718
201     A         B          201           GLU           92.35           465    374     99     7.702     7.013     3.631     0.6217      0.6217      0.5777      0.2742
202     A         B          202           THR           91.98           465    374     99     7.702     7.013     3.631     0.6616      0.6616      0.6194      0.3106
203     A         B          203           LEU           93.11           465    374     99     7.702     7.013     3.631     0.7372      0.7372      0.7000      0.3921
204     A         B          204           GLN           90.96           465    374     99     7.702     7.013     3.631     0.6734      0.6734      0.6319      0.3220
205     A         B          205           ARG           89.89           465    374     89     7.702     7.013     3.406     0.4784      0.4923      0.4466      0.1633
206     A         B          206           ALA           92.18           465    374     99     7.702     7.013     3.631     0.6301      0.6301      0.5869      0.2846
207     A         B          207           GLU           94.13           465    374     99     7.702     7.013     3.631     0.7419      0.7419      0.7053      0.3994
208     A         B          208           HIS           94.24           465    374     99     7.702     7.013     3.631     0.7228      0.7228      0.6849      0.3793
209     A         B          209           PRO           95.64           465    374     99     7.702     7.013     3.631     0.7711      0.7711      0.7373      0.4409
210     A         B          210           LYS           95.61           465    374     99     7.702     7.013     3.631     0.8097      0.8097      0.7798      0.4973
211     A         B          211           THR           94.85           465    374     99     7.702     7.013     3.631     0.7906      0.7906      0.7588      0.4692
212     A         B          212           HIS           93.68           465    374     99     7.702     7.013     3.631     0.8061      0.8061      0.7758      0.4916
213     A         B          213           VAL           93.75           465    374     99     7.702     7.013     3.631     0.8098      0.8098      0.7799      0.4967
214     A         B          214           THR           93.20           465    374     99     7.702     7.013     3.631     0.7926      0.7926      0.7608      0.4701
215     A         B          215           HIS           92.07           465    374     99     7.702     7.013     3.631     0.7593      0.7593      0.7244      0.4241
216     A         B          216           HIS           92.06           465    374     99     7.702     7.013     3.631     0.7231      0.7231      0.6852      0.3800
217     A         B          217           PRO           91.54           465    374     99     7.702     7.013     3.631     0.6261      0.6261      0.5832      0.2850
218     A         B          218           VAL           90.89           465    374     98     7.702     7.013     3.609     0.5213      0.5229      0.4777      0.2024
219     A         B          219           SER           91.60           465    374     83     7.702     7.013     3.261     0.4558      0.4758      0.4307      0.1456
220     A         B          220           ASP           91.18           465    374     47     7.702     7.013     2.137     0.3747      0.4494      0.4044      0.0611
221     A         B          221           HIS           92.99           465    374     24     7.702     7.013     1.000     0.3376      0.4314      0.3867      0.0130
222     A         B          222           GLU           91.55           465    374     99     7.702     7.013     3.631     0.5325      0.5325      0.4872      0.2094
223     A         B          223           ALA           91.53           465    374     99     7.702     7.013     3.631     0.6930      0.6930      0.6528      0.3438
224     A         B          224           THR           92.89           465    374     99     7.702     7.013     3.631     0.7708      0.7708      0.7367      0.4359
225     A         B          225           LEU           92.83           465    374     99     7.702     7.013     3.631     0.8097      0.8097      0.7798      0.4960
226     A         B          226           ARG           94.76           465    374     99     7.702     7.013     3.631     0.8162      0.8162      0.7871      0.5072
227     A         B          227           CYS           94.90           465    374     99     7.702     7.013     3.631     0.8494      0.8494      0.8243      0.5658
228     A         B          228           TRP           95.81           465    374     99     7.702     7.013     3.631     0.8691      0.8691      0.8466      0.6055
229     A         B          229           ALA           96.03           465    374     99     7.702     7.013     3.631     0.8692      0.8692      0.8469      0.6063
230     A         B          230           LEU           95.85           465    374     99     7.702     7.013     3.631     0.8616      0.8616      0.8382      0.5914
231     A         B          231           GLY           95.49           465    374     99     7.702     7.013     3.631     0.8139      0.8139      0.7848      0.5078
232     A         B          232           PHE           96.13           465    374     99     7.702     7.013     3.631     0.8863      0.8863      0.8663      0.6418
233     A         B          233           TYR           95.33           465    374     99     7.702     7.013     3.631     0.8638      0.8638      0.8405      0.5929
234     A         B          234           PRO           94.68           465    374     99     7.702     7.013     3.631     0.7971      0.7971      0.7659      0.4768
235     A         B          235           ALA           95.20           465    374     99     7.702     7.013     3.631     0.8179      0.8179      0.7890      0.5106
236     A         B          236           GLU           94.49           465    374     99     7.702     7.013     3.631     0.8302      0.8302      0.8026      0.5297
237     A         B          237           ILE           95.44           465    374     99     7.702     7.013     3.631     0.8352      0.8352      0.8082      0.5378
238     A         B          238           THR           94.70           465    374     99     7.702     7.013     3.631     0.7918      0.7918      0.7598      0.4670
239     A         B          239           LEU           93.72           465    374     99     7.702     7.013     3.631     0.7077      0.7077      0.6685      0.3600
240     A         B          240           THR           93.50           465    374     99     7.702     7.013     3.631     0.7374      0.7374      0.7004      0.3932
241     A         B          241           TRP           93.42           465    374     99     7.702     7.013     3.631     0.7713      0.7713      0.7371      0.4362
242     A         B          242           GLN           91.72           465    374     99     7.702     7.013     3.631     0.6422      0.6422      0.5990      0.2913
243     A         B          243           TRP           88.83           465    374     87     7.702     7.013     3.359     0.4392      0.4503      0.4050      0.1369
244     A         B          244           ASP           84.57           465    374     19     7.702     7.013     1.000     0.3331      0.4182      0.3736      0.0121
245     A         B          245           GLY           82.99           465    374     10     7.702     7.013     1.000     0.3045      0.4019      0.3579      0.0112
246     A         B          246           GLU           86.12           465    374     16     7.702     7.013     1.000     0.3201      0.4038      0.3597      0.0113
247     A         B          247           ASP           85.69           465    374     23     7.702     7.013     1.000     0.3406      0.4014      0.3574      0.0112
248     A         B          248           GLN           83.95           465    374     19     7.702     7.013     1.000     0.3256      0.3984      0.3545      0.0111
249     A         B          249           THR           83.11           465    374      3     7.702     7.013     1.000     0.2766      0.4055      0.3613      0.0114
250     A         B          250           GLN           80.14           465    374      1     7.702     7.013     1.000     0.2453      0.3966      0.3527      0.0110
251     A         B          251           ASP           84.63           465    374     40     7.702     7.013     1.826     0.3614      0.4472      0.4020      0.0444
252     A         B          252           THR           89.76           465    374     99     7.702     7.013     3.631     0.6444      0.6444      0.6018      0.2973
253     A         B          253           GLU           92.26           465    374     99     7.702     7.013     3.631     0.7460      0.7460      0.7099      0.4061
254     A         B          254           LEU           93.26           465    374     99     7.702     7.013     3.631     0.7857      0.7857      0.7535      0.4632
255     A         B          255           VAL           94.08           465    374     99     7.702     7.013     3.631     0.8336      0.8336      0.8068      0.5409
256     A         B          256           GLU           94.54           465    374     99     7.702     7.013     3.631     0.8437      0.8437      0.8181      0.5580
257     A         B          257           THR           96.19           465    374     99     7.702     7.013     3.631     0.9074      0.9074      0.8907      0.6933
258     A         B          258           ARG           96.75           465    374     99     7.702     7.013     3.631     0.8972      0.8972      0.8790      0.6700
259     A         B          259           PRO           96.86           465    374     99     7.702     7.013     3.631     0.9055      0.9055      0.8885      0.6897
260     A         B          260           ALA           96.10           465    374     99     7.702     7.013     3.631     0.8843      0.8843      0.8642      0.6416
261     A         B          261           GLY           94.66           465    374     99     7.702     7.013     3.631     0.8379      0.8379      0.8117      0.5520
262     A         B          262           ASP           94.64           465    374     99     7.702     7.013     3.631     0.8472      0.8472      0.8221      0.5676
263     A         B          263           GLY           93.66           465    374     99     7.702     7.013     3.631     0.8387      0.8387      0.8125      0.5511
264     A         B          264           THR           95.86           465    374     99     7.702     7.013     3.631     0.8851      0.8851      0.8650      0.6410
265     A         B          265           PHE           96.80           465    374     99     7.702     7.013     3.631     0.9224      0.9224      0.9080      0.7310
266     A         B          266           GLN           96.65           465    374     99     7.702     7.013     3.631     0.8911      0.8911      0.8718      0.6540
267     A         B          267           LYS           96.53           465    374     99     7.702     7.013     3.631     0.8894      0.8894      0.8699      0.6495
268     A         B          268           TRP           95.64           465    374     99     7.702     7.013     3.631     0.8785      0.8785      0.8573      0.6244
269     A         B          269           ALA           94.95           465    374     99     7.702     7.013     3.631     0.8455      0.8455      0.8199      0.5584
270     A         B          270           ALA           94.26           465    374     99     7.702     7.013     3.631     0.8040      0.8040      0.7734      0.4868
271     A         B          271           VAL           92.97           465    374     99     7.702     7.013     3.631     0.7621      0.7621      0.7272      0.4246
272     A         B          272           VAL           92.23           465    374     99     7.702     7.013     3.631     0.7682      0.7682      0.7337      0.4315
273     A         B          273           VAL           91.56           465    374     99     7.702     7.013     3.631     0.7037      0.7037      0.6639      0.3524
274     A         B          274           PRO           91.08           465    374     99     7.702     7.013     3.631     0.6004      0.6004      0.5555      0.2553
275     A         B          275           SER           90.43           465    374     99     7.702     7.013     3.631     0.5173      0.5173      0.4713      0.1960
276     A         B          276           GLY           89.22           465    374     63     7.702     7.013     2.706     0.4053      0.4414      0.3965      0.0908
277     A         B          277           GLU           88.65           465    374     99     7.702     7.013     3.631     0.4723      0.4723      0.4269      0.1695
278     A         B          278           GLU           88.65           465    374     99     7.702     7.013     3.631     0.5365      0.5365      0.4906      0.2094
279     A         B          279           GLN           89.92           465    374     99     7.702     7.013     3.631     0.5627      0.5627      0.5171      0.2277
280     A         B          280           ARG           89.96           465    374     99     7.702     7.013     3.631     0.5557      0.5557      0.5099      0.2220
281     A         B          281           TYR           92.00           465    374     99     7.702     7.013     3.631     0.7032      0.7032      0.6634      0.3517
282     A         B          282           THR           93.17           465    374     99     7.702     7.013     3.631     0.7064      0.7064      0.6669      0.3561
283     A         B          283           CYS           93.82           465    374     99     7.702     7.013     3.631     0.7738      0.7738      0.7399      0.4395
284     A         B          284           HIS           94.44           465    374     99     7.702     7.013     3.631     0.7594      0.7594      0.7242      0.4206
285     A         B          285           VAL           95.48           465    374     99     7.702     7.013     3.631     0.8006      0.8006      0.7695      0.4795
286     A         B          286           GLN           95.43           465    374     99     7.702     7.013     3.631     0.7725      0.7725      0.7385      0.4377
287     A         B          287           HIS           94.93           465    374     99     7.702     7.013     3.631     0.7756      0.7756      0.7418      0.4415
288     A         B          288           GLU           92.32           465    374     99     7.702     7.013     3.631     0.6207      0.6207      0.5767      0.2732
289     A         B          289           GLY           91.59           465    374     99     7.702     7.013     3.631     0.6106      0.6106      0.5662      0.2649
290     A         B          290           LEU           93.03           465    374     99     7.702     7.013     3.631     0.6916      0.6916      0.6510      0.3395
291     A         B          291           PRO           92.19           465    374     99     7.702     7.013     3.631     0.5980      0.5980      0.5534      0.2552
292     A         B          292           GLU           93.85           465    374     99     7.702     7.013     3.631     0.5153      0.5153      0.4694      0.1950
293     A         B          293           PRO           93.15           465    374     99     7.702     7.013     3.631     0.6123      0.6123      0.5679      0.2657
294     A         B          294           LEU           93.47           465    374     99     7.702     7.013     3.631     0.6421      0.6421      0.5989      0.2915
295     A         B          295           THR           93.39           465    374     99     7.702     7.013     3.631     0.6715      0.6715      0.6298      0.3190
296     A         B          296           LEU           92.22           465    374     99     7.702     7.013     3.631     0.6293      0.6293      0.5857      0.2814
297     A         B          297           ARG           90.92           465    374     99     7.702     7.013     3.631     0.5757      0.5757      0.5305      0.2378
298     A         B          298           TRP           90.42           465    374     99     7.702     7.013     3.631     0.5086      0.5086      0.4629      0.1920
299     A         B          299           GLU           85.39           465    374      9     7.702     7.013     1.000     0.2899      0.4249      0.3801      0.0125
300     A         B          300           PRO           82.59           465    374      1     7.702     7.013     1.000     0.2131      0.4068      0.3625      0.0114
301     A         B          301           SER           71.46           465    374      0     7.702     7.013     1.000     0.0980      0.0000      0.0000      0.0000
302     A         B          302           SER           55.74           465    374      0     7.702     7.013     1.000     0.0785      0.0000      0.0000      0.0000
303     A         B          303           GLN           43.52           465    374      0     7.702     7.013     1.000     0.0710      0.0000      0.0000      0.0000
304     A         B          304           PRO           40.87           465    374      0     7.702     7.013     1.000     0.0695      0.0000      0.0000      0.0000
305     A         B          305           THR           37.65           465    374      0     7.702     7.013     1.000     0.0671      0.0000      0.0000      0.0000
306     A         B          306           ILE           43.51           465    374      0     7.702     7.013     1.000     0.0658      0.0000      0.0000      0.0000
307     A         B          307           PRO           40.88           465    374      0     7.702     7.013     1.000     0.0654      0.0000      0.0000      0.0000
308     A         B          308           ILE           45.34           465    374      0     7.702     7.013     1.000     0.0656      0.0000      0.0000      0.0000
309     A         B          309           VAL           44.81           465    374      0     7.702     7.013     1.000     0.0647      0.0000      0.0000      0.0000
310     A         B          310           GLY           45.12           465    374      0     7.702     7.013     1.000     0.0642      0.0000      0.0000      0.0000
311     A         B          311           ILE           51.80           465    374      0     7.702     7.013     1.000     0.0648      0.0000      0.0000      0.0000
312     A         B          312           VAL           55.44           465    374      0     7.702     7.013     1.000     0.0657      0.0000      0.0000      0.0000
313     A         B          313           ALA           56.53           465    374      0     7.702     7.013     1.000     0.0655      0.0000      0.0000      0.0000
314     A         B          314           GLY           55.69           465    374      0     7.702     7.013     1.000     0.0639      0.0000      0.0000      0.0000
315     A         B          315           LEU           62.65           465    374      0     7.702     7.013     1.000     0.0654      0.0000      0.0000      0.0000
316     A         B          316           ALA           64.03           465    374      0     7.702     7.013     1.000     0.0660      0.0000      0.0000      0.0000
317     A         B          317           VAL           62.35           465    374      0     7.702     7.013     1.000     0.0654      0.0000      0.0000      0.0000
318     A         B          318           LEU           63.20           465    374      0     7.702     7.013     1.000     0.0651      0.0000      0.0000      0.0000
319     A         B          319           ALA           66.72           465    374      0     7.702     7.013     1.000     0.0657      0.0000      0.0000      0.0000
320     A         B          320           VAL           65.40           465    374      0     7.702     7.013     1.000     0.0652      0.0000      0.0000      0.0000
321     A         B          321           LEU           63.44           465    374      0     7.702     7.013     1.000     0.0653      0.0000      0.0000      0.0000
322     A         B          322           ALA           65.61           465    374      0     7.702     7.013     1.000     0.0649      0.0000      0.0000      0.0000
323     A         B          323           VAL           63.23           465    374      0     7.702     7.013     1.000     0.0654      0.0000      0.0000      0.0000
324     A         B          324           LEU           61.72           465    374      0     7.702     7.013     1.000     0.0642      0.0000      0.0000      0.0000
325     A         B          325           GLY           60.91           465    374      0     7.702     7.013     1.000     0.0639      0.0000      0.0000      0.0000
326     A         B          326           ALA           61.63           465    374      0     7.702     7.013     1.000     0.0644      0.0000      0.0000      0.0000
327     A         B          327           VAL           60.37           465    374      0     7.702     7.013     1.000     0.0640      0.0000      0.0000      0.0000
328     A         B          328           VAL           60.25           465    374      0     7.702     7.013     1.000     0.0636      0.0000      0.0000      0.0000
329     A         B          329           ALA           60.38           465    374      0     7.702     7.013     1.000     0.0628      0.0000      0.0000      0.0000
330     A         B          330           VAL           65.00           465    374      0     7.702     7.013     1.000     0.0637      0.0000      0.0000      0.0000
331     A         B          331           VAL           60.80           465    374      0     7.702     7.013     1.000     0.0628      0.0000      0.0000      0.0000
332     A         B          332           MET           57.53           465    374      0     7.702     7.013     1.000     0.0631      0.0000      0.0000      0.0000
333     A         B          333           CYS           56.15           465    374      0     7.702     7.013     1.000     0.0630      0.0000      0.0000      0.0000
334     A         B          334           ARG           55.63           465    374      0     7.702     7.013     1.000     0.0619      0.0000      0.0000      0.0000
335     A         B          335           ARG           54.41           465    374      0     7.702     7.013     1.000     0.0608      0.0000      0.0000      0.0000
336     A         B          336           LYS           50.22           465    374      0     7.702     7.013     1.000     0.0596      0.0000      0.0000      0.0000
337     A         B          337           SER           39.83           465    374      0     7.702     7.013     1.000     0.0573      0.0000      0.0000      0.0000
338     A         B          338           SER           32.65           465    374      0     7.702     7.013     1.000     0.0565      0.0000      0.0000      0.0000
339     A         B          339           GLY           27.54           465    374      0     7.702     7.013     1.000     0.0563      0.0000      0.0000      0.0000
340     A         B          340           GLY           26.82           465    374      0     7.702     7.013     1.000     0.0560      0.0000      0.0000      0.0000
341     A         B          341           LYS           28.16           465    374      0     7.702     7.013     1.000     0.0559      0.0000      0.0000      0.0000
342     A         B          342           GLY           23.75           465    374      0     7.702     7.013     1.000     0.0559      0.0000      0.0000      0.0000
343     A         B          343           GLY           23.31           465    374      0     7.702     7.013     1.000     0.0560      0.0000      0.0000      0.0000
344     A         B          344           SER           21.60           465    374      0     7.702     7.013     1.000     0.0560      0.0000      0.0000      0.0000
345     A         B          345           CYS           22.99           465    374      0     7.702     7.013     1.000     0.0561      0.0000      0.0000      0.0000
346     A         B          346           SER           23.02           465    374      0     7.702     7.013     1.000     0.0561      0.0000      0.0000      0.0000
347     A         B          347           GLN           21.24           465    374      0     7.702     7.013     1.000     0.0563      0.0000      0.0000      0.0000
348     A         B          348           ALA           25.13           465    374      0     7.702     7.013     1.000     0.0562      0.0000      0.0000      0.0000
349     A         B          349           ALA           26.82           465    374      0     7.702     7.013     1.000     0.0565      0.0000      0.0000      0.0000
350     A         B          350           SER           24.87           465    374      0     7.702     7.013     1.000     0.0566      0.0000      0.0000      0.0000
351     A         B          351           SER           27.36           465    374      0     7.702     7.013     1.000     0.0568      0.0000      0.0000      0.0000
352     A         B          352           ASN           26.73           465    374      0     7.702     7.013     1.000     0.0571      0.0000      0.0000      0.0000
353     A         B          353           SER           28.94           465    374      0     7.702     7.013     1.000     0.0574      0.0000      0.0000      0.0000
354     A         B          354           ALA           28.04           465    374      0     7.702     7.013     1.000     0.0579      0.0000      0.0000      0.0000
355     A         B          355           GLN           26.69           465    374      0     7.702     7.013     1.000     0.0581      0.0000      0.0000      0.0000
356     A         B          356           GLY           27.72           465    374      0     7.702     7.013     1.000     0.0597      0.0000      0.0000      0.0000
357     A         B          357           SER           28.08           465    374      0     7.702     7.013     1.000     0.0604      0.0000      0.0000      0.0000
358     A         B          358           ASP           26.52           465    374      0     7.702     7.013     1.000     0.0623      0.0000      0.0000      0.0000
359     A         B          359           GLU           30.14           465    374      0     7.702     7.013     1.000     0.0644      0.0000      0.0000      0.0000
360     A         B          360           SER           29.58           465    374      0     7.702     7.013     1.000     0.0671      0.0000      0.0000      0.0000
361     A         B          361           LEU           30.49           465    374      0     7.702     7.013     1.000     0.0709      0.0000      0.0000      0.0000
362     A         B          362           ILE           33.73           465    374      0     7.702     7.013     1.000     0.0705      0.0000      0.0000      0.0000
363     A         B          363           ALA           33.66           465    374      0     7.702     7.013     1.000     0.0692      0.0000      0.0000      0.0000
364     A         B          364           CYS           40.14           465    374      0     7.702     7.013     1.000     0.0759      0.0000      0.0000      0.0000
365     A         B          365           LYS           30.69           465    374      0     7.702     7.013     1.000     0.0717      0.0000      0.0000      0.0000
366     A         B          366           ALA           22.27           465    374      0     7.702     7.013     1.000     0.0658      0.0000      0.0000      0.0000
1       A         C            1           MET           17.91           375    265      0     7.021     6.012     1.000     0.0472      0.0000      0.0000      0.0000
2       A         C            2           ARG           25.43           375    265      0     7.021     6.012     1.000     0.0472      0.0000      0.0000      0.0000
3       A         C            3           VAL           24.50           375    265      0     7.021     6.012     1.000     0.0473      0.0000      0.0000      0.0000
4       A         C            4           MET           25.71           375    265      0     7.021     6.012     1.000     0.0474      0.0000      0.0000      0.0000
5       A         C            5           ALA           28.95           375    265      0     7.021     6.012     1.000     0.0472      0.0000      0.0000      0.0000
6       A         C            6           PRO           28.08           375    265      0     7.021     6.012     1.000     0.0476      0.0000      0.0000      0.0000
7       A         C            7           ARG           29.80           375    265      0     7.021     6.012     1.000     0.0479      0.0000      0.0000      0.0000
8       A         C            8           THR           28.51           375    265      0     7.021     6.012     1.000     0.0481      0.0000      0.0000      0.0000
9       A         C            9           LEU           25.67           375    265      0     7.021     6.012     1.000     0.0487      0.0000      0.0000      0.0000
10      A         C           10           ILE           27.09           375    265      0     7.021     6.012     1.000     0.0493      0.0000      0.0000      0.0000
11      A         C           11           LEU           28.34           375    265      0     7.021     6.012     1.000     0.0496      0.0000      0.0000      0.0000
12      A         C           12           LEU           31.56           375    265      0     7.021     6.012     1.000     0.0502      0.0000      0.0000      0.0000
13      A         C           13           LEU           32.12           375    265      0     7.021     6.012     1.000     0.0515      0.0000      0.0000      0.0000
14      A         C           14           SER           31.78           375    265      0     7.021     6.012     1.000     0.0519      0.0000      0.0000      0.0000
15      A         C           15           GLY           32.68           375    265      0     7.021     6.012     1.000     0.0532      0.0000      0.0000      0.0000
16      A         C           16           ALA           33.99           375    265      0     7.021     6.012     1.000     0.0555      0.0000      0.0000      0.0000
17      A         C           17           LEU           36.24           375    265      0     7.021     6.012     1.000     0.0580      0.0000      0.0000      0.0000
18      A         C           18           ALA           38.53           375    265      0     7.021     6.012     1.000     0.0575      0.0000      0.0000      0.0000
19      A         C           19           LEU           40.73           375    265      0     7.021     6.012     1.000     0.0587      0.0000      0.0000      0.0000
20      A         C           20           THR           45.26           375    265      0     7.021     6.012     1.000     0.0642      0.0000      0.0000      0.0000
21      A         C           21           GLU           52.31           375    265      0     7.021     6.012     1.000     0.0697      0.0000      0.0000      0.0000
22      A         C           22           THR           62.95           375    265      0     7.021     6.012     1.000     0.0883      0.0000      0.0000      0.0000
23      A         C           23           TRP           71.87           375    265      0     7.021     6.012     1.000     0.1386      0.0000      0.0000      0.0000
24      A         C           24           ALA           71.08           375    265      0     7.021     6.012     1.000     0.1587      0.0000      0.0000      0.0000
25      A         C           25           CYS           83.56           375    265      0     7.021     6.012     1.000     0.2539      0.0000      0.0000      0.0000
26      A         C           26           SER           90.70           375    265      9     7.021     6.012     1.000     0.5897      0.5897      0.5163      0.0313
27      A         C           27           HIS           95.32           375    265      9     7.021     6.012     1.000     0.8258      0.8258      0.7774      0.0946
28      A         C           28           SER           96.33           375    265      9     7.021     6.012     1.000     0.8490      0.8490      0.8059      0.1163
29      A         C           29           MET           97.28           375    265      9     7.021     6.012     1.000     0.8993      0.8993      0.8681      0.1692
30      A         C           30           ARG           97.35           375    265      9     7.021     6.012     1.000     0.9003      0.9003      0.8692      0.1699
31      A         C           31           TYR           97.91           375    265      9     7.021     6.012     1.000     0.9314      0.9314      0.9090      0.2358
32      A         C           32           PHE           98.07           375    265      9     7.021     6.012     1.000     0.9293      0.9293      0.9063      0.2280
33      A         C           33           SER           97.84           375    265      9     7.021     6.012     1.000     0.8903      0.8903      0.8566      0.1526
34      A         C           34           THR           98.12           375    265      9     7.021     6.012     1.000     0.9130      0.9130      0.8854      0.1895
35      A         C           35           SER           97.87           375    265      9     7.021     6.012     1.000     0.8998      0.8998      0.8686      0.1654
36      A         C           36           VAL           97.73           375    265      9     7.021     6.012     1.000     0.8998      0.8998      0.8686      0.1657
37      A         C           37           SER           96.66           375    265      9     7.021     6.012     1.000     0.8447      0.8447      0.8000      0.1045
38      A         C           38           ARG           94.16           375    265      9     7.021     6.012     1.000     0.7306      0.7306      0.6664      0.0549
39      A         C           39           PRO           92.88           375    265      9     7.021     6.012     1.000     0.5340      0.5340      0.4571      0.0230
40      A         C           40           GLY           89.31           375    265      6     7.021     6.012     1.000     0.3634      0.3913      0.3207      0.0130
41      A         C           41           ARG           87.86           375    265      9     7.021     6.012     1.000     0.4064      0.4064      0.3346      0.0138
42      A         C           42           GLY           86.88           375    265      9     7.021     6.012     1.000     0.4504      0.4504      0.3758      0.0166
43      A         C           43           GLU           90.39           375    265      9     7.021     6.012     1.000     0.6734      0.6734      0.6028      0.0416
44      A         C           44           PRO           95.17           375    265      9     7.021     6.012     1.000     0.8205      0.8205      0.7707      0.0877
45      A         C           45           ARG           96.85           375    265      9     7.021     6.012     1.000     0.8861      0.8861      0.8513      0.1455
46      A         C           46           PHE           97.45           375    265      9     7.021     6.012     1.000     0.9153      0.9153      0.8883      0.1951
47      A         C           47           ILE           97.84           375    265      9     7.021     6.012     1.000     0.9048      0.9048      0.8749      0.1747
48      A         C           48           ALA           97.73           375    265      9     7.021     6.012     1.000     0.9006      0.9006      0.8696      0.1680
49      A         C           49           VAL           98.06           375    265      9     7.021     6.012     1.000     0.8978      0.8978      0.8661      0.1657
50      A         C           50           GLY           97.59           375    265      9     7.021     6.012     1.000     0.8781      0.8781      0.8415      0.1422
51      A         C           51           TYR           97.48           375    265      9     7.021     6.012     1.000     0.9043      0.9043      0.8744      0.1775
52      A         C           52           VAL           97.20           375    265      9     7.021     6.012     1.000     0.8907      0.8907      0.8572      0.1568
53      A         C           53           ASP           95.36           375    265      9     7.021     6.012     1.000     0.8340      0.8340      0.7875      0.1032
54      A         C           54           ASP           95.36           375    265      9     7.021     6.012     1.000     0.8065      0.8065      0.7548      0.0869
55      A         C           55           THR           96.23           375    265      9     7.021     6.012     1.000     0.8522      0.8522      0.8096      0.1169
56      A         C           56           GLN           97.16           375    265      9     7.021     6.012     1.000     0.8797      0.8797      0.8436      0.1452
57      A         C           57           PHE           97.26           375    265      9     7.021     6.012     1.000     0.8845      0.8845      0.8497      0.1554
58      A         C           58           VAL           97.50           375    265      9     7.021     6.012     1.000     0.8637      0.8637      0.8239      0.1317
59      A         C           59           ARG           97.14           375    265      9     7.021     6.012     1.000     0.8579      0.8579      0.8165      0.1214
60      A         C           60           PHE           97.56           375    265      9     7.021     6.012     1.000     0.9071      0.9071      0.8779      0.1804
61      A         C           61           ASP           97.03           375    265      9     7.021     6.012     1.000     0.8867      0.8867      0.8521      0.1484
62      A         C           62           SER           96.03           375    265      9     7.021     6.012     1.000     0.8522      0.8522      0.8092      0.1109
63      A         C           63           ASP           94.67           375    265      9     7.021     6.012     1.000     0.8274      0.8274      0.7789      0.0922
64      A         C           64           ALA           94.13           375    265      9     7.021     6.012     1.000     0.7426      0.7426      0.6794      0.0564
65      A         C           65           ALA           93.49           375    265      9     7.021     6.012     1.000     0.6011      0.6011      0.5261      0.0309
66      A         C           66           SER           93.21           375    265      9     7.021     6.012     1.000     0.6560      0.6560      0.5851      0.0405
67      A         C           67           PRO           94.43           375    265      9     7.021     6.012     1.000     0.7456      0.7456      0.6841      0.0614
68      A         C           68           ARG           94.85           375    265      9     7.021     6.012     1.000     0.7866      0.7866      0.7315      0.0772
69      A         C           69           GLY           95.37           375    265      9     7.021     6.012     1.000     0.7837      0.7837      0.7279      0.0756
70      A         C           70           GLU           95.93           375    265      9     7.021     6.012     1.000     0.8233      0.8233      0.7747      0.0960
71      A         C           71           PRO           96.49           375    265      9     7.021     6.012     1.000     0.8199      0.8199      0.7709      0.0967
72      A         C           72           ARG           95.44           375    265      9     7.021     6.012     1.000     0.8122      0.8122      0.7616      0.0911
73      A         C           73           ALA           95.41           375    265      9     7.021     6.012     1.000     0.7797      0.7797      0.7231      0.0733
74      A         C           74           PRO           94.73           375    265      9     7.021     6.012     1.000     0.6911      0.6911      0.6241      0.0493
75      A         C           75           TRP           95.24           375    265      9     7.021     6.012     1.000     0.7990      0.7990      0.7463      0.0862
76      A         C           76           VAL           95.81           375    265      9     7.021     6.012     1.000     0.7592      0.7592      0.7005      0.0704
77      A         C           77           GLU           94.41           375    265      9     7.021     6.012     1.000     0.7402      0.7402      0.6789      0.0635
78      A         C           78           GLN           91.68           375    265      9     7.021     6.012     1.000     0.6305      0.6305      0.5602      0.0395
79      A         C           79           GLU           93.24           375    265      9     7.021     6.012     1.000     0.6890      0.6890      0.6228      0.0510
80      A         C           80           GLY           92.03           375    265      9     7.021     6.012     1.000     0.6399      0.6399      0.5703      0.0412
81      A         C           81           PRO           91.75           375    265      9     7.021     6.012     1.000     0.7825      0.7825      0.7267      0.0763
82      A         C           82           GLU           87.25           375    265      9     7.021     6.012     1.000     0.8395      0.8395      0.7944      0.1088
83      A         C           83           TYR           92.03           375    265      9     7.021     6.012     1.000     0.8966      0.8966      0.8646      0.1667
84      A         C           84           TRP           93.71           375    265      9     7.021     6.012     1.000     0.8982      0.8982      0.8666      0.1701
85      A         C           85           ASP           89.82           375    265      9     7.021     6.012     1.000     0.9058      0.9058      0.8761      0.1754
86      A         C           86           ARG           88.02           375    265      9     7.021     6.012     1.000     0.9024      0.9024      0.8718      0.1698
87      A         C           87           GLU           92.52           375    265      9     7.021     6.012     1.000     0.9223      0.9223      0.8972      0.2129
88      A         C           88           THR           93.30           375    265      9     7.021     6.012     1.000     0.9232      0.9232      0.8984      0.2134
89      A         C           89           GLN           88.37           375    265      9     7.021     6.012     1.000     0.9261      0.9261      0.9021      0.2141
90      A         C           90           LYS           90.87           375    265      9     7.021     6.012     1.000     0.9358      0.9358      0.9145      0.2411
91      A         C           91           TYR           94.21           375    265      9     7.021     6.012     1.000     0.9389      0.9389      0.9187      0.2565
92      A         C           92           LYS           91.30           375    265      9     7.021     6.012     1.000     0.9374      0.9374      0.9167      0.2435
93      A         C           93           ARG           88.35           375    265      9     7.021     6.012     1.000     0.9271      0.9271      0.9033      0.2139
94      A         C           94           GLN           92.98           375    265      9     7.021     6.012     1.000     0.9408      0.9408      0.9211      0.2565
95      A         C           95           ALA           93.70           375    265      9     7.021     6.012     1.000     0.9364      0.9364      0.9155      0.2430
96      A         C           96           GLN           89.77           375    265      9     7.021     6.012     1.000     0.9311      0.9311      0.9085      0.2300
97      A         C           97           THR           91.60           375    265      9     7.021     6.012     1.000     0.9352      0.9352      0.9140      0.2453
98      A         C           98           ASP           94.56           375    265      9     7.021     6.012     1.000     0.9352      0.9352      0.9139      0.2458
99      A         C           99           ARG           92.50           375    265      9     7.021     6.012     1.000     0.9285      0.9285      0.9052      0.2273
100     A         C          100           VAL           91.53           375    265      9     7.021     6.012     1.000     0.9310      0.9310      0.9085      0.2403
101     A         C          101           SER           94.76           375    265      9     7.021     6.012     1.000     0.9321      0.9321      0.9100      0.2476
102     A         C          102           LEU           95.65           375    265      9     7.021     6.012     1.000     0.9303      0.9303      0.9076      0.2371
103     A         C          103           ARG           92.10           375    265      9     7.021     6.012     1.000     0.9102      0.9102      0.8820      0.1954
104     A         C          104           ASN           94.18           375    265      9     7.021     6.012     1.000     0.9198      0.9198      0.8942      0.2164
105     A         C          105           LEU           96.40           375    265      9     7.021     6.012     1.000     0.9119      0.9119      0.8841      0.1984
106     A         C          106           ARG           95.32           375    265      9     7.021     6.012     1.000     0.8939      0.8939      0.8615      0.1700
107     A         C          107           GLY           94.30           375    265      9     7.021     6.012     1.000     0.8610      0.8610      0.8209      0.1347
108     A         C          108           TYR           96.36           375    265      9     7.021     6.012     1.000     0.8941      0.8941      0.8617      0.1690
109     A         C          109           TYR           96.75           375    265      9     7.021     6.012     1.000     0.8782      0.8782      0.8418      0.1482
110     A         C          110           ASN           96.49           375    265      9     7.021     6.012     1.000     0.7884      0.7884      0.7347      0.0868
111     A         C          111           GLN           96.07           375    265      9     7.021     6.012     1.000     0.7560      0.7560      0.6970      0.0706
112     A         C          112           SER           94.81           375    265      9     7.021     6.012     1.000     0.5989      0.5989      0.5261      0.0334
113     A         C          113           GLU           91.97           375    265      9     7.021     6.012     1.000     0.5611      0.5611      0.4868      0.0280
114     A         C          114           ALA           93.20           375    265      9     7.021     6.012     1.000     0.4417      0.4417      0.3690      0.0166
115     A         C          115           GLY           94.22           375    265      9     7.021     6.012     1.000     0.6066      0.6066      0.5317      0.0314
116     A         C          116           SER           96.47           375    265      9     7.021     6.012     1.000     0.8367      0.8367      0.7904      0.1005
117     A         C          117           HIS           97.44           375    265      9     7.021     6.012     1.000     0.8964      0.8964      0.8643      0.1605
118     A         C          118           THR           97.87           375    265      9     7.021     6.012     1.000     0.9072      0.9072      0.8781      0.1788
119     A         C          119           LEU           98.09           375    265      9     7.021     6.012     1.000     0.9170      0.9170      0.8905      0.1975
120     A         C          120           GLN           98.02           375    265      9     7.021     6.012     1.000     0.9249      0.9249      0.9006      0.2151
121     A         C          121           TRP           98.11           375    265      9     7.021     6.012     1.000     0.9348      0.9348      0.9134      0.2400
122     A         C          122           MET           98.08           375    265      9     7.021     6.012     1.000     0.9188      0.9188      0.8928      0.1995
123     A         C          123           PHE           97.66           375    265      9     7.021     6.012     1.000     0.9238      0.9238      0.8992      0.2164
124     A         C          124           GLY           97.29           375    265      9     7.021     6.012     1.000     0.8773      0.8773      0.8402      0.1345
125     A         C          125           CYS           96.85           375    265      9     7.021     6.012     1.000     0.8795      0.8795      0.8431      0.1402
126     A         C          126           ASP           96.84           375    265      9     7.021     6.012     1.000     0.8771      0.8771      0.8401      0.1351
127     A         C          127           LEU           95.56           375    265      9     7.021     6.012     1.000     0.8093      0.8093      0.7575      0.0834
128     A         C          128           GLY           93.11           375    265      9     7.021     6.012     1.000     0.7054      0.7054      0.6382      0.0485
129     A         C          129           PRO           90.09           375    265      9     7.021     6.012     1.000     0.6133      0.6133      0.5389      0.0325
130     A         C          130           ASP           90.01           375    265      9     7.021     6.012     1.000     0.5580      0.5580      0.4820      0.0260
131     A         C          131           GLY           89.01           375    265      9     7.021     6.012     1.000     0.6229      0.6229      0.5485      0.0333
132     A         C          132           ARG           91.90           375    265      9     7.021     6.012     1.000     0.7001      0.7001      0.6320      0.0467
133     A         C          133           LEU           95.12           375    265      9     7.021     6.012     1.000     0.7923      0.7923      0.7374      0.0756
134     A         C          134           LEU           95.26           375    265      9     7.021     6.012     1.000     0.8004      0.8004      0.7469      0.0790
135     A         C          135           ARG           95.70           375    265      9     7.021     6.012     1.000     0.8292      0.8292      0.7813      0.0941
136     A         C          136           GLY           96.69           375    265      9     7.021     6.012     1.000     0.8382      0.8382      0.7920      0.0988
137     A         C          137           TYR           96.56           375    265      9     7.021     6.012     1.000     0.8673      0.8673      0.8278      0.1235
138     A         C          138           ASP           97.41           375    265      9     7.021     6.012     1.000     0.9002      0.9002      0.8689      0.1637
139     A         C          139           GLN           97.28           375    265      9     7.021     6.012     1.000     0.8653      0.8653      0.8254      0.1226
140     A         C          140           SER           97.61           375    265      9     7.021     6.012     1.000     0.8854      0.8854      0.8503      0.1435
141     A         C          141           ALA           98.11           375    265      9     7.021     6.012     1.000     0.9006      0.9006      0.8696      0.1674
142     A         C          142           TYR           97.93           375    265      9     7.021     6.012     1.000     0.9161      0.9161      0.8894      0.1968
143     A         C          143           ASP           97.44           375    265      9     7.021     6.012     1.000     0.8711      0.8711      0.8327      0.1329
144     A         C          144           GLY           96.90           375    265      9     7.021     6.012     1.000     0.7976      0.7976      0.7442      0.0820
145     A         C          145           LYS           97.05           375    265      9     7.021     6.012     1.000     0.8233      0.8233      0.7747      0.0963
146     A         C          146           ASP           97.56           375    265      9     7.021     6.012     1.000     0.8865      0.8865      0.8519      0.1498
147     A         C          147           TYR           97.95           375    265      9     7.021     6.012     1.000     0.9159      0.9159      0.8891      0.1989
148     A         C          148           ILE           97.97           375    265      9     7.021     6.012     1.000     0.9138      0.9138      0.8864      0.1915
149     A         C          149           ALA           97.76           375    265      9     7.021     6.012     1.000     0.8950      0.8950      0.8624      0.1565
150     A         C          150           LEU           97.65           375    265      9     7.021     6.012     1.000     0.9042      0.9042      0.8741      0.1712
151     A         C          151           ASN           97.53           375    265      9     7.021     6.012     1.000     0.8916      0.8916      0.8581      0.1510
152     A         C          152           GLU           96.26           375    265      9     7.021     6.012     1.000     0.8363      0.8363      0.7897      0.0969
153     A         C          153           ASP           96.26           375    265      9     7.021     6.012     1.000     0.8137      0.8137      0.7624      0.0836
154     A         C          154           LEU           96.48           375    265      9     7.021     6.012     1.000     0.8723      0.8723      0.8339      0.1258
155     A         C          155           ARG           95.84           375    265      9     7.021     6.012     1.000     0.8651      0.8651      0.8249      0.1178
156     A         C          156           SER           97.08           375    265      9     7.021     6.012     1.000     0.8483      0.8483      0.8045      0.1085
157     A         C          157           TRP           97.84           375    265      9     7.021     6.012     1.000     0.9019      0.9019      0.8712      0.1658
158     A         C          158           THR           97.72           375    265      9     7.021     6.012     1.000     0.8799      0.8799      0.8435      0.1380
159     A         C          159           ALA           97.38           375    265      9     7.021     6.012     1.000     0.8441      0.8441      0.7996      0.1073
160     A         C          160           ALA           96.65           375    265      9     7.021     6.012     1.000     0.8018      0.8018      0.7490      0.0829
161     A         C          161           ASP           96.50           375    265      9     7.021     6.012     1.000     0.7534      0.7534      0.6935      0.0667
162     A         C          162           THR           96.89           375    265      9     7.021     6.012     1.000     0.7926      0.7926      0.7394      0.0869
163     A         C          163           ALA           96.97           375    265      9     7.021     6.012     1.000     0.8765      0.8765      0.8397      0.1456
164     A         C          164           ALA           97.55           375    265      9     7.021     6.012     1.000     0.8850      0.8850      0.8501      0.1526
165     A         C          165           GLN           97.47           375    265      9     7.021     6.012     1.000     0.8872      0.8872      0.8530      0.1591
166     A         C          166           ILE           95.99           375    265      9     7.021     6.012     1.000     0.9116      0.9116      0.8838      0.2006
167     A         C          167           THR           96.23           375    265      9     7.021     6.012     1.000     0.9234      0.9234      0.8987      0.2201
168     A         C          168           GLN           96.95           375    265      9     7.021     6.012     1.000     0.9165      0.9165      0.8899      0.2024
169     A         C          169           ARG           94.13           375    265      9     7.021     6.012     1.000     0.9028      0.9028      0.8726      0.1815
170     A         C          170           LYS           91.75           375    265      9     7.021     6.012     1.000     0.9152      0.9152      0.8882      0.1965
171     A         C          171           TRP           93.54           375    265      9     7.021     6.012     1.000     0.9291      0.9291      0.9060      0.2307
172     A         C          172           GLU           92.36           375    265      9     7.021     6.012     1.000     0.9142      0.9142      0.8869      0.1965
173     A         C          173           ALA           87.57           375    265      9     7.021     6.012     1.000     0.8815      0.8815      0.8458      0.1474
174     A         C          174           ALA           85.20           375    265      9     7.021     6.012     1.000     0.8762      0.8762      0.8389      0.1341
175     A         C          175           ARG           86.28           375    265      9     7.021     6.012     1.000     0.8925      0.8925      0.8592      0.1523
176     A         C          176           GLU           91.38           375    265      9     7.021     6.012     1.000     0.9160      0.9160      0.8890      0.1906
177     A         C          177           ALA           93.79           375    265      9     7.021     6.012     1.000     0.9146      0.9146      0.8872      0.1860
178     A         C          178           GLU           89.46           375    265      9     7.021     6.012     1.000     0.9099      0.9099      0.8811      0.1758
179     A         C          179           GLN           88.76           375    265      9     7.021     6.012     1.000     0.9147      0.9147      0.8873      0.1854
180     A         C          180           ARG           93.43           375    265      9     7.021     6.012     1.000     0.9302      0.9302      0.9073      0.2210
181     A         C          181           ARG           94.06           375    265      9     7.021     6.012     1.000     0.9240      0.9240      0.8994      0.2062
182     A         C          182           ALA           90.68           375    265      9     7.021     6.012     1.000     0.9269      0.9269      0.9031      0.2155
183     A         C          183           TYR           92.83           375    265      9     7.021     6.012     1.000     0.9361      0.9361      0.9150      0.2464
184     A         C          184           LEU           95.19           375    265      9     7.021     6.012     1.000     0.9310      0.9310      0.9084      0.2309
185     A         C          185           GLU           93.53           375    265      9     7.021     6.012     1.000     0.9093      0.9093      0.8806      0.1794
186     A         C          186           GLY           90.51           375    265      9     7.021     6.012     1.000     0.8429      0.8429      0.7988      0.1139
187     A         C          187           THR           91.01           375    265      9     7.021     6.012     1.000     0.8918      0.8918      0.8587      0.1631
188     A         C          188           CYS           94.39           375    265      9     7.021     6.012     1.000     0.9087      0.9087      0.8800      0.1913
189     A         C          189           VAL           95.21           375    265      9     7.021     6.012     1.000     0.9035      0.9035      0.8733      0.1767
190     A         C          190           GLU           92.76           375    265      9     7.021     6.012     1.000     0.8912      0.8912      0.8579      0.1600
191     A         C          191           TRP           94.89           375    265      9     7.021     6.012     1.000     0.9061      0.9061      0.8767      0.1880
192     A         C          192           LEU           95.94           375    265      9     7.021     6.012     1.000     0.9090      0.9090      0.8804      0.1888
193     A         C          193           ARG           95.05           375    265      9     7.021     6.012     1.000     0.8955      0.8955      0.8633      0.1669
194     A         C          194           ARG           95.22           375    265      9     7.021     6.012     1.000     0.8920      0.8920      0.8589      0.1622
195     A         C          195           TYR           96.31           375    265      9     7.021     6.012     1.000     0.8978      0.8978      0.8662      0.1727
196     A         C          196           LEU           95.31           375    265      9     7.021     6.012     1.000     0.8863      0.8863      0.8516      0.1511
197     A         C          197           GLU           94.35           375    265      9     7.021     6.012     1.000     0.8414      0.8414      0.7966      0.1102
198     A         C          198           ASN           95.17           375    265      9     7.021     6.012     1.000     0.7923      0.7923      0.7383      0.0818
199     A         C          199           GLY           94.38           375    265      9     7.021     6.012     1.000     0.6545      0.6545      0.5853      0.0440
200     A         C          200           LYS           93.21           375    265      9     7.021     6.012     1.000     0.6587      0.6587      0.5893      0.0434
201     A         C          201           GLU           92.35           375    265      9     7.021     6.012     1.000     0.5964      0.5964      0.5233      0.0325
202     A         C          202           THR           91.98           375    265      9     7.021     6.012     1.000     0.6334      0.6334      0.5613      0.0371
203     A         C          203           LEU           93.11           375    265      9     7.021     6.012     1.000     0.6833      0.6833      0.6153      0.0469
204     A         C          204           GLN           90.96           375    265      9     7.021     6.012     1.000     0.6599      0.6599      0.5896      0.0417
205     A         C          205           ARG           89.89           375    265      9     7.021     6.012     1.000     0.4788      0.4788      0.4058      0.0201
206     A         C          206           ALA           92.18           375    265      9     7.021     6.012     1.000     0.5363      0.5363      0.4613      0.0246
207     A         C          207           GLU           94.13           375    265      9     7.021     6.012     1.000     0.6221      0.6221      0.5486      0.0342
208     A         C          208           HIS           94.24           375    265      9     7.021     6.012     1.000     0.5389      0.5389      0.4630      0.0242
209     A         C          209           PRO           95.64           375    265      9     7.021     6.012     1.000     0.6021      0.6021      0.5271      0.0310
210     A         C          210           LYS           95.61           375    265      9     7.021     6.012     1.000     0.6284      0.6284      0.5549      0.0348
211     A         C          211           THR           94.85           375    265      9     7.021     6.012     1.000     0.5806      0.5806      0.5051      0.0285
212     A         C          212           HIS           93.68           375    265      9     7.021     6.012     1.000     0.5599      0.5599      0.4841      0.0262
213     A         C          213           VAL           93.75           375    265      9     7.021     6.012     1.000     0.5673      0.5673      0.4909      0.0265
214     A         C          214           THR           93.20           375    265      9     7.021     6.012     1.000     0.5474      0.5474      0.4708      0.0245
215     A         C          215           HIS           92.07           375    265      9     7.021     6.012     1.000     0.4731      0.4731      0.3976      0.0182
216     A         C          216           HIS           92.06           375    265      9     7.021     6.012     1.000     0.4356      0.4356      0.3618      0.0156
217     A         C          217           PRO           91.54           375    265      1     7.021     6.012     1.000     0.2939      0.3438      0.2775      0.0105
218     A         C          218           VAL           90.89           375    265      0     7.021     6.012     1.000     0.2221      0.0000      0.0000      0.0000
219     A         C          219           SER           91.60           375    265      0     7.021     6.012     1.000     0.2065      0.0000      0.0000      0.0000
220     A         C          220           ASP           91.18           375    265      0     7.021     6.012     1.000     0.1517      0.0000      0.0000      0.0000
221     A         C          221           HIS           92.99           375    265      0     7.021     6.012     1.000     0.1538      0.0000      0.0000      0.0000
222     A         C          222           GLU           91.55           375    265      0     7.021     6.012     1.000     0.2630      0.0000      0.0000      0.0000
223     A         C          223           ALA           91.53           375    265      9     7.021     6.012     1.000     0.3934      0.3934      0.3226      0.0131
224     A         C          224           THR           92.89           375    265      9     7.021     6.012     1.000     0.5069      0.5069      0.4302      0.0207
225     A         C          225           LEU           92.83           375    265      9     7.021     6.012     1.000     0.5506      0.5506      0.4740      0.0248
226     A         C          226           ARG           94.76           375    265      9     7.021     6.012     1.000     0.6061      0.6061      0.5310      0.0311
227     A         C          227           CYS           94.90           375    265      9     7.021     6.012     1.000     0.6325      0.6325      0.5587      0.0348
228     A         C          228           TRP           95.81           375    265      9     7.021     6.012     1.000     0.6685      0.6685      0.5976      0.0410
229     A         C          229           ALA           96.03           375    265      9     7.021     6.012     1.000     0.6782      0.6782      0.6080      0.0425
230     A         C          230           LEU           95.85           375    265      9     7.021     6.012     1.000     0.6556      0.6556      0.5835      0.0385
231     A         C          231           GLY           95.49           375    265      9     7.021     6.012     1.000     0.6052      0.6052      0.5305      0.0315
232     A         C          232           PHE           96.13           375    265      9     7.021     6.012     1.000     0.7436      0.7436      0.6810      0.0582
233     A         C          233           TYR           95.33           375    265      9     7.021     6.012     1.000     0.7305      0.7305      0.6662      0.0547
234     A         C          234           PRO           94.68           375    265      9     7.021     6.012     1.000     0.6783      0.6783      0.6082      0.0427
235     A         C          235           ALA           95.20           375    265      9     7.021     6.012     1.000     0.7043      0.7043      0.6369      0.0482
236     A         C          236           GLU           94.49           375    265      9     7.021     6.012     1.000     0.7284      0.7284      0.6637      0.0537
237     A         C          237           ILE           95.44           375    265      9     7.021     6.012     1.000     0.7213      0.7213      0.6557      0.0517
238     A         C          238           THR           94.70           375    265      9     7.021     6.012     1.000     0.6794      0.6794      0.6096      0.0432
239     A         C          239           LEU           93.72           375    265      9     7.021     6.012     1.000     0.5727      0.5727      0.4964      0.0271
240     A         C          240           THR           93.50           375    265      9     7.021     6.012     1.000     0.5842      0.5842      0.5082      0.0284
241     A         C          241           TRP           93.42           375    265      9     7.021     6.012     1.000     0.5663      0.5663      0.4899      0.0264
242     A         C          242           GLN           91.72           375    265      9     7.021     6.012     1.000     0.4124      0.4124      0.3402      0.0142
243     A         C          243           TRP           88.83           375    265      0     7.021     6.012     1.000     0.2354      0.0000      0.0000      0.0000
244     A         C          244           ASP           84.57           375    265      0     7.021     6.012     1.000     0.1568      0.0000      0.0000      0.0000
245     A         C          245           GLY           82.99           375    265      0     7.021     6.012     1.000     0.1597      0.0000      0.0000      0.0000
246     A         C          246           GLU           86.12           375    265      0     7.021     6.012     1.000     0.1659      0.0000      0.0000      0.0000
247     A         C          247           ASP           85.69           375    265      0     7.021     6.012     1.000     0.1945      0.0000      0.0000      0.0000
248     A         C          248           GLN           83.95           375    265      0     7.021     6.012     1.000     0.1737      0.0000      0.0000      0.0000
249     A         C          249           THR           83.11           375    265      0     7.021     6.012     1.000     0.1431      0.0000      0.0000      0.0000
250     A         C          250           GLN           80.14           375    265      0     7.021     6.012     1.000     0.1103      0.0000      0.0000      0.0000
251     A         C          251           ASP           84.63           375    265      0     7.021     6.012     1.000     0.1437      0.0000      0.0000      0.0000
252     A         C          252           THR           89.76           375    265      2     7.021     6.012     1.000     0.3075      0.3486      0.2818      0.0107
253     A         C          253           GLU           92.26           375    265      9     7.021     6.012     1.000     0.4991      0.4991      0.4228      0.0202
254     A         C          254           LEU           93.26           375    265      9     7.021     6.012     1.000     0.5303      0.5303      0.4535      0.0228
255     A         C          255           VAL           94.08           375    265      9     7.021     6.012     1.000     0.6195      0.6195      0.5452      0.0331
256     A         C          256           GLU           94.54           375    265      9     7.021     6.012     1.000     0.6431      0.6431      0.5700      0.0364
257     A         C          257           THR           96.19           375    265      9     7.021     6.012     1.000     0.7447      0.7447      0.6819      0.0574
258     A         C          258           ARG           96.75           375    265      9     7.021     6.012     1.000     0.6922      0.6922      0.6233      0.0451
259     A         C          259           PRO           96.86           375    265      9     7.021     6.012     1.000     0.7335      0.7335      0.6694      0.0548
260     A         C          260           ALA           96.10           375    265      9     7.021     6.012     1.000     0.6634      0.6634      0.5918      0.0397
261     A         C          261           GLY           94.66           375    265      9     7.021     6.012     1.000     0.6195      0.6195      0.5451      0.0331
262     A         C          262           ASP           94.64           375    265      9     7.021     6.012     1.000     0.6121      0.6121      0.5381      0.0329
263     A         C          263           GLY           93.66           375    265      9     7.021     6.012     1.000     0.6423      0.6423      0.5694      0.0365
264     A         C          264           THR           95.86           375    265      9     7.021     6.012     1.000     0.7043      0.7043      0.6372      0.0490
265     A         C          265           PHE           96.80           375    265      9     7.021     6.012     1.000     0.7925      0.7925      0.7373      0.0743
266     A         C          266           GLN           96.65           375    265      9     7.021     6.012     1.000     0.7193      0.7193      0.6535      0.0515
267     A         C          267           LYS           96.53           375    265      9     7.021     6.012     1.000     0.7233      0.7233      0.6578      0.0519
268     A         C          268           TRP           95.64           375    265      9     7.021     6.012     1.000     0.6666      0.6666      0.5955      0.0406
269     A         C          269           ALA           94.95           375    265      9     7.021     6.012     1.000     0.6230      0.6230      0.5487      0.0334
270     A         C          270           ALA           94.26           375    265      9     7.021     6.012     1.000     0.5583      0.5583      0.4816      0.0255
271     A         C          271           VAL           92.97           375    265      9     7.021     6.012     1.000     0.5066      0.5066      0.4301      0.0207
272     A         C          272           VAL           92.23           375    265      9     7.021     6.012     1.000     0.4969      0.4969      0.4205      0.0199
273     A         C          273           VAL           91.56           375    265      9     7.021     6.012     1.000     0.4204      0.4204      0.3476      0.0147
274     A         C          274           PRO           91.08           375    265      5     7.021     6.012     1.000     0.3462      0.3701      0.3012      0.0118
275     A         C          275           SER           90.43           375    265      0     7.021     6.012     1.000     0.2801      0.0000      0.0000      0.0000
276     A         C          276           GLY           89.22           375    265      0     7.021     6.012     1.000     0.1901      0.0000      0.0000      0.0000
277     A         C          277           GLU           88.65           375    265      0     7.021     6.012     1.000     0.2575      0.0000      0.0000      0.0000
278     A         C          278           GLU           88.65           375    265      1     7.021     6.012     1.000     0.2942      0.3346      0.2694      0.0101
279     A         C          279           GLN           89.92           375    265      3     7.021     6.012     1.000     0.3219      0.3664      0.2978      0.0116
280     A         C          280           ARG           89.96           375    265      5     7.021     6.012     1.000     0.3390      0.3654      0.2971      0.0116
281     A         C          281           TYR           92.00           375    265      9     7.021     6.012     1.000     0.4639      0.4639      0.3886      0.0175
282     A         C          282           THR           93.17           375    265      9     7.021     6.012     1.000     0.4832      0.4832      0.4075      0.0190
283     A         C          283           CYS           93.82           375    265      9     7.021     6.012     1.000     0.5987      0.5987      0.5232      0.0301
284     A         C          284           HIS           94.44           375    265      9     7.021     6.012     1.000     0.5860      0.5860      0.5101      0.0286
285     A         C          285           VAL           95.48           375    265      9     7.021     6.012     1.000     0.6618      0.6618      0.5906      0.0401
286     A         C          286           GLN           95.43           375    265      9     7.021     6.012     1.000     0.6570      0.6570      0.5853      0.0392
287     A         C          287           HIS           94.93           375    265      9     7.021     6.012     1.000     0.6595      0.6595      0.5877      0.0390
288     A         C          288           GLU           92.32           375    265      9     7.021     6.012     1.000     0.4639      0.4639      0.3887      0.0175
289     A         C          289           GLY           91.59           375    265      9     7.021     6.012     1.000     0.4948      0.4948      0.4188      0.0199
290     A         C          290           LEU           93.03           375    265      9     7.021     6.012     1.000     0.5356      0.5356      0.4594      0.0236
291     A         C          291           PRO           92.19           375    265      6     7.021     6.012     1.000     0.3858      0.4172      0.3451      0.0147
292     A         C          292           GLU           93.85           375    265      4     7.021     6.012     1.000     0.3459      0.3967      0.3254      0.0132
293     A         C          293           PRO           93.15           375    265      9     7.021     6.012     1.000     0.4284      0.4284      0.3552      0.0152
294     A         C          294           LEU           93.47           375    265      9     7.021     6.012     1.000     0.4809      0.4809      0.4052      0.0188
295     A         C          295           THR           93.39           375    265      9     7.021     6.012     1.000     0.4853      0.4853      0.4095      0.0191
296     A         C          296           LEU           92.22           375    265      9     7.021     6.012     1.000     0.4361      0.4361      0.3625      0.0157
297     A         C          297           ARG           90.92           375    265      7     7.021     6.012     1.000     0.3704      0.3825      0.3127      0.0125
298     A         C          298           TRP           90.42           375    265      1     7.021     6.012     1.000     0.2858      0.3438      0.2775      0.0105
299     A         C          299           GLU           85.39           375    265      0     7.021     6.012     1.000     0.1347      0.0000      0.0000      0.0000
300     A         C          300           PRO           82.59           375    265      0     7.021     6.012     1.000     0.1110      0.0000      0.0000      0.0000
301     A         C          301           SER           71.46           375    265      0     7.021     6.012     1.000     0.0599      0.0000      0.0000      0.0000
302     A         C          302           SER           55.74           375    265      0     7.021     6.012     1.000     0.0540      0.0000      0.0000      0.0000
303     A         C          303           GLN           43.52           375    265      0     7.021     6.012     1.000     0.0519      0.0000      0.0000      0.0000
304     A         C          304           PRO           40.87           375    265      0     7.021     6.012     1.000     0.0505      0.0000      0.0000      0.0000
305     A         C          305           THR           37.65           375    265      0     7.021     6.012     1.000     0.0497      0.0000      0.0000      0.0000
306     A         C          306           ILE           43.51           375    265      0     7.021     6.012     1.000     0.0496      0.0000      0.0000      0.0000
307     A         C          307           PRO           40.88           375    265      0     7.021     6.012     1.000     0.0490      0.0000      0.0000      0.0000
308     A         C          308           ILE           45.34           375    265      0     7.021     6.012     1.000     0.0494      0.0000      0.0000      0.0000
309     A         C          309           VAL           44.81           375    265      0     7.021     6.012     1.000     0.0491      0.0000      0.0000      0.0000
310     A         C          310           GLY           45.12           375    265      0     7.021     6.012     1.000     0.0492      0.0000      0.0000      0.0000
311     A         C          311           ILE           51.80           375    265      0     7.021     6.012     1.000     0.0495      0.0000      0.0000      0.0000
312     A         C          312           VAL           55.44           375    265      0     7.021     6.012     1.000     0.0497      0.0000      0.0000      0.0000
313     A         C          313           ALA           56.53           375    265      0     7.021     6.012     1.000     0.0495      0.0000      0.0000      0.0000
314     A         C          314           GLY           55.69           375    265      0     7.021     6.012     1.000     0.0492      0.0000      0.0000      0.0000
315     A         C          315           LEU           62.65           375    265      0     7.021     6.012     1.000     0.0497      0.0000      0.0000      0.0000
316     A         C          316           ALA           64.03           375    265      0     7.021     6.012     1.000     0.0500      0.0000      0.0000      0.0000
317     A         C          317           VAL           62.35           375    265      0     7.021     6.012     1.000     0.0499      0.0000      0.0000      0.0000
318     A         C          318           LEU           63.20           375    265      0     7.021     6.012     1.000     0.0497      0.0000      0.0000      0.0000
319     A         C          319           ALA           66.72           375    265      0     7.021     6.012     1.000     0.0499      0.0000      0.0000      0.0000
320     A         C          320           VAL           65.40           375    265      0     7.021     6.012     1.000     0.0499      0.0000      0.0000      0.0000
321     A         C          321           LEU           63.44           375    265      0     7.021     6.012     1.000     0.0497      0.0000      0.0000      0.0000
322     A         C          322           ALA           65.61           375    265      0     7.021     6.012     1.000     0.0496      0.0000      0.0000      0.0000
323     A         C          323           VAL           63.23           375    265      0     7.021     6.012     1.000     0.0497      0.0000      0.0000      0.0000
324     A         C          324           LEU           61.72           375    265      0     7.021     6.012     1.000     0.0494      0.0000      0.0000      0.0000
325     A         C          325           GLY           60.91           375    265      0     7.021     6.012     1.000     0.0492      0.0000      0.0000      0.0000
326     A         C          326           ALA           61.63           375    265      0     7.021     6.012     1.000     0.0494      0.0000      0.0000      0.0000
327     A         C          327           VAL           60.37           375    265      0     7.021     6.012     1.000     0.0492      0.0000      0.0000      0.0000
328     A         C          328           VAL           60.25           375    265      0     7.021     6.012     1.000     0.0491      0.0000      0.0000      0.0000
329     A         C          329           ALA           60.38           375    265      0     7.021     6.012     1.000     0.0489      0.0000      0.0000      0.0000
330     A         C          330           VAL           65.00           375    265      0     7.021     6.012     1.000     0.0491      0.0000      0.0000      0.0000
331     A         C          331           VAL           60.80           375    265      0     7.021     6.012     1.000     0.0488      0.0000      0.0000      0.0000
332     A         C          332           MET           57.53           375    265      0     7.021     6.012     1.000     0.0489      0.0000      0.0000      0.0000
333     A         C          333           CYS           56.15           375    265      0     7.021     6.012     1.000     0.0489      0.0000      0.0000      0.0000
334     A         C          334           ARG           55.63           375    265      0     7.021     6.012     1.000     0.0484      0.0000      0.0000      0.0000
335     A         C          335           ARG           54.41           375    265      0     7.021     6.012     1.000     0.0480      0.0000      0.0000      0.0000
336     A         C          336           LYS           50.22           375    265      0     7.021     6.012     1.000     0.0477      0.0000      0.0000      0.0000
337     A         C          337           SER           39.83           375    265      0     7.021     6.012     1.000     0.0471      0.0000      0.0000      0.0000
338     A         C          338           SER           32.65           375    265      0     7.021     6.012     1.000     0.0470      0.0000      0.0000      0.0000
339     A         C          339           GLY           27.54           375    265      0     7.021     6.012     1.000     0.0469      0.0000      0.0000      0.0000
340     A         C          340           GLY           26.82           375    265      0     7.021     6.012     1.000     0.0468      0.0000      0.0000      0.0000
341     A         C          341           LYS           28.16           375    265      0     7.021     6.012     1.000     0.0468      0.0000      0.0000      0.0000
342     A         C          342           GLY           23.75           375    265      0     7.021     6.012     1.000     0.0468      0.0000      0.0000      0.0000
343     A         C          343           GLY           23.31           375    265      0     7.021     6.012     1.000     0.0469      0.0000      0.0000      0.0000
344     A         C          344           SER           21.60           375    265      0     7.021     6.012     1.000     0.0469      0.0000      0.0000      0.0000
345     A         C          345           CYS           22.99           375    265      0     7.021     6.012     1.000     0.0470      0.0000      0.0000      0.0000
346     A         C          346           SER           23.02           375    265      0     7.021     6.012     1.000     0.0469      0.0000      0.0000      0.0000
347     A         C          347           GLN           21.24           375    265      0     7.021     6.012     1.000     0.0471      0.0000      0.0000      0.0000
348     A         C          348           ALA           25.13           375    265      0     7.021     6.012     1.000     0.0471      0.0000      0.0000      0.0000
349     A         C          349           ALA           26.82           375    265      0     7.021     6.012     1.000     0.0471      0.0000      0.0000      0.0000
350     A         C          350           SER           24.87           375    265      0     7.021     6.012     1.000     0.0472      0.0000      0.0000      0.0000
351     A         C          351           SER           27.36           375    265      0     7.021     6.012     1.000     0.0472      0.0000      0.0000      0.0000
352     A         C          352           ASN           26.73           375    265      0     7.021     6.012     1.000     0.0474      0.0000      0.0000      0.0000
353     A         C          353           SER           28.94           375    265      0     7.021     6.012     1.000     0.0480      0.0000      0.0000      0.0000
354     A         C          354           ALA           28.04           375    265      0     7.021     6.012     1.000     0.0485      0.0000      0.0000      0.0000
355     A         C          355           GLN           26.69           375    265      0     7.021     6.012     1.000     0.0491      0.0000      0.0000      0.0000
356     A         C          356           GLY           27.72           375    265      0     7.021     6.012     1.000     0.0520      0.0000      0.0000      0.0000
357     A         C          357           SER           28.08           375    265      0     7.021     6.012     1.000     0.0518      0.0000      0.0000      0.0000
358     A         C          358           ASP           26.52           375    265      0     7.021     6.012     1.000     0.0550      0.0000      0.0000      0.0000
359     A         C          359           GLU           30.14           375    265      0     7.021     6.012     1.000     0.0549      0.0000      0.0000      0.0000
360     A         C          360           SER           29.58           375    265      0     7.021     6.012     1.000     0.0587      0.0000      0.0000      0.0000
361     A         C          361           LEU           30.49           375    265      0     7.021     6.012     1.000     0.0610      0.0000      0.0000      0.0000
362     A         C          362           ILE           33.73           375    265      0     7.021     6.012     1.000     0.0604      0.0000      0.0000      0.0000
363     A         C          363           ALA           33.66           375    265      0     7.021     6.012     1.000     0.0599      0.0000      0.0000      0.0000
364     A         C          364           CYS           40.14           375    265      0     7.021     6.012     1.000     0.0601      0.0000      0.0000      0.0000
365     A         C          365           LYS           30.69           375    265      0     7.021     6.012     1.000     0.0616      0.0000      0.0000      0.0000
366     A         C          366           ALA           22.27           375    265      0     7.021     6.012     1.000     0.0571      0.0000      0.0000      0.0000
1       A         D            1           MET           17.91           642    423      0     8.813     7.397     1.000     0.0719      0.0000      0.0000      0.0000
2       A         D            2           ARG           25.43           642    423      0     8.813     7.397     1.000     0.0720      0.0000      0.0000      0.0000
3       A         D            3           VAL           24.50           642    423      0     8.813     7.397     1.000     0.0721      0.0000      0.0000      0.0000
4       A         D            4           MET           25.71           642    423      0     8.813     7.397     1.000     0.0721      0.0000      0.0000      0.0000
5       A         D            5           ALA           28.95           642    423      0     8.813     7.397     1.000     0.0721      0.0000      0.0000      0.0000
6       A         D            6           PRO           28.08           642    423      0     8.813     7.397     1.000     0.0723      0.0000      0.0000      0.0000
7       A         D            7           ARG           29.80           642    423      0     8.813     7.397     1.000     0.0724      0.0000      0.0000      0.0000
8       A         D            8           THR           28.51           642    423      0     8.813     7.397     1.000     0.0725      0.0000      0.0000      0.0000
9       A         D            9           LEU           25.67           642    423      0     8.813     7.397     1.000     0.0729      0.0000      0.0000      0.0000
10      A         D           10           ILE           27.09           642    423      0     8.813     7.397     1.000     0.0730      0.0000      0.0000      0.0000
11      A         D           11           LEU           28.34           642    423      0     8.813     7.397     1.000     0.0733      0.0000      0.0000      0.0000
12      A         D           12           LEU           31.56           642    423      0     8.813     7.397     1.000     0.0736      0.0000      0.0000      0.0000
13      A         D           13           LEU           32.12           642    423      0     8.813     7.397     1.000     0.0742      0.0000      0.0000      0.0000
14      A         D           14           SER           31.78           642    423      0     8.813     7.397     1.000     0.0741      0.0000      0.0000      0.0000
15      A         D           15           GLY           32.68           642    423      0     8.813     7.397     1.000     0.0746      0.0000      0.0000      0.0000
16      A         D           16           ALA           33.99           642    423      0     8.813     7.397     1.000     0.0754      0.0000      0.0000      0.0000
17      A         D           17           LEU           36.24           642    423      0     8.813     7.397     1.000     0.0768      0.0000      0.0000      0.0000
18      A         D           18           ALA           38.53           642    423      0     8.813     7.397     1.000     0.0770      0.0000      0.0000      0.0000
19      A         D           19           LEU           40.73           642    423      0     8.813     7.397     1.000     0.0778      0.0000      0.0000      0.0000
20      A         D           20           THR           45.26           642    423      0     8.813     7.397     1.000     0.0810      0.0000      0.0000      0.0000
21      A         D           21           GLU           52.31           642    423      0     8.813     7.397     1.000     0.0820      0.0000      0.0000      0.0000
22      A         D           22           THR           62.95           642    423      0     8.813     7.397     1.000     0.0919      0.0000      0.0000      0.0000
23      A         D           23           TRP           71.87           642    423      0     8.813     7.397     1.000     0.1207      0.0000      0.0000      0.0000
24      A         D           24           ALA           71.08           642    423      0     8.813     7.397     1.000     0.1178      0.0000      0.0000      0.0000
25      A         D           25           CYS           83.56           642    423      0     8.813     7.397     1.000     0.1369      0.0000      0.0000      0.0000
26      A         D           26           SER           90.70           642    423     14     8.813     7.397     1.000     0.2406      0.4726      0.3871      0.0114
27      A         D           27           HIS           95.32           642    423    106     8.813     7.397     3.777     0.3702      0.5473      0.4615      0.1857
28      A         D           28           SER           96.33           642    423    109     8.813     7.397     3.838     0.3846      0.5677      0.4824      0.2048
29      A         D           29           MET           97.28           642    423    127     8.813     7.397     4.177     0.4323      0.5980      0.5137      0.2566
30      A         D           30           ARG           97.35           642    423    122     8.813     7.397     4.087     0.4242      0.6049      0.5213      0.2552
31      A         D           31           TYR           97.91           642    423    163     8.813     7.397     4.759     0.4806      0.6121      0.5300      0.3257
32      A         D           32           PHE           98.07           642    423    176     8.813     7.397     4.946     0.4890      0.6092      0.5272      0.3403
33      A         D           33           SER           97.84           642    423    117     8.813     7.397     3.994     0.4082      0.5784      0.4935      0.2261
34      A         D           34           THR           98.12           642    423    143     8.813     7.397     4.449     0.4471      0.5917      0.5076      0.2771
35      A         D           35           SER           97.87           642    423    145     8.813     7.397     4.482     0.4515      0.5918      0.5077      0.2797
36      A         D           36           VAL           97.73           642    423    143     8.813     7.397     4.449     0.4460      0.5885      0.5042      0.2739
37      A         D           37           SER           96.66           642    423    114     8.813     7.397     3.936     0.3883      0.5426      0.4562      0.1940
38      A         D           38           ARG           94.16           642    423     23     8.813     7.397     1.000     0.2709      0.4908      0.4049      0.0124
39      A         D           39           PRO           92.88           642    423      0     8.813     7.397     1.000     0.2097      0.0000      0.0000      0.0000
40      A         D           40           GLY           89.31           642    423      0     8.813     7.397     1.000     0.1678      0.0000      0.0000      0.0000
41      A         D           41           ARG           87.86           642    423      0     8.813     7.397     1.000     0.1884      0.0000      0.0000      0.0000
42      A         D           42           GLY           86.88           642    423      0     8.813     7.397     1.000     0.1894      0.0000      0.0000      0.0000
43      A         D           43           GLU           90.39           642    423     12     8.813     7.397     1.000     0.2605      0.4808      0.3951      0.0119
44      A         D           44           PRO           95.17           642    423    110     8.813     7.397     3.858     0.3796      0.5321      0.4459      0.1817
45      A         D           45           ARG           96.85           642    423    134     8.813     7.397     4.299     0.4363      0.5876      0.5030      0.2595
46      A         D           46           PHE           97.45           642    423    154     8.813     7.397     4.623     0.4624      0.5926      0.5085      0.2928
47      A         D           47           ILE           97.84           642    423    141     8.813     7.397     4.416     0.4486      0.5977      0.5140      0.2796
48      A         D           48           ALA           97.73           642    423    134     8.813     7.397     4.299     0.4383      0.5923      0.5081      0.2639
49      A         D           49           VAL           98.06           642    423    129     8.813     7.397     4.213     0.4321      0.5924      0.5082      0.2564
50      A         D           50           GLY           97.59           642    423    117     8.813     7.397     3.994     0.4105      0.5863      0.5015      0.2314
51      A         D           51           TYR           97.48           642    423    149     8.813     7.397     4.545     0.4605      0.6066      0.5237      0.3000
52      A         D           52           VAL           97.20           642    423    144     8.813     7.397     4.465     0.4521      0.5966      0.5126      0.2825
53      A         D           53           ASP           95.36           642    423    116     8.813     7.397     3.975     0.4056      0.5765      0.4913      0.2220
54      A         D           54           ASP           95.36           642    423    108     8.813     7.397     3.818     0.3798      0.5535      0.4676      0.1926
55      A         D           55           THR           96.23           642    423    120     8.813     7.397     4.050     0.4162      0.5840      0.4990      0.2339
56      A         D           56           GLN           97.16           642    423    139     8.813     7.397     4.383     0.4483      0.6001      0.5164      0.2781
57      A         D           57           PHE           97.26           642    423    126     8.813     7.397     4.159     0.4356      0.6058      0.5222      0.2625
58      A         D           58           VAL           97.50           642    423    120     8.813     7.397     4.050     0.4177      0.5893      0.5046      0.2386
59      A         D           59           ARG           97.14           642    423    115     8.813     7.397     3.956     0.4058      0.5786      0.4939      0.2232
60      A         D           60           PHE           97.56           642    423    155     8.813     7.397     4.639     0.4647      0.5968      0.5132      0.2988
61      A         D           61           ASP           97.03           642    423    139     8.813     7.397     4.383     0.4382      0.5896      0.5055      0.2696
62      A         D           62           SER           96.03           642    423    123     8.813     7.397     4.105     0.4177      0.5701      0.4845      0.2276
63      A         D           63           ASP           94.67           642    423    105     8.813     7.397     3.757     0.3738      0.5437      0.4578      0.1818
64      A         D           64           ALA           94.13           642    423     72     8.813     7.397     2.972     0.3208      0.5039      0.4179      0.1051
65      A         D           65           ALA           93.49           642    423     29     8.813     7.397     1.189     0.2684      0.5050      0.4187      0.0185
66      A         D           66           SER           93.21           642    423     45     8.813     7.397     2.053     0.2830      0.5192      0.4331      0.0567
67      A         D           67           PRO           94.43           642    423     78     8.813     7.397     3.134     0.3320      0.5275      0.4418      0.1272
68      A         D           68           ARG           94.85           642    423     99     8.813     7.397     3.631     0.3692      0.5494      0.4640      0.1767
69      A         D           69           GLY           95.37           642    423    104     8.813     7.397     3.736     0.3739      0.5449      0.4593      0.1819
70      A         D           70           GLU           95.93           642    423    109     8.813     7.397     3.838     0.3905      0.5630      0.4776      0.2015
71      A         D           71           PRO           96.49           642    423    116     8.813     7.397     3.975     0.4046      0.5746      0.4894      0.2210
72      A         D           72           ARG           95.44           642    423    114     8.813     7.397     3.936     0.3977      0.5683      0.4829      0.2132
73      A         D           73           ALA           95.41           642    423    100     8.813     7.397     3.652     0.3627      0.5414      0.4554      0.1720
74      A         D           74           PRO           94.73           642    423     85     8.813     7.397     3.310     0.3429      0.5305      0.4443      0.1401
75      A         D           75           TRP           95.24           642    423    110     8.813     7.397     3.858     0.3870      0.5647      0.4791      0.2037
76      A         D           76           VAL           95.81           642    423     98     8.813     7.397     3.609     0.3617      0.5399      0.4539      0.1680
77      A         D           77           GLU           94.41           642    423     89     8.813     7.397     3.406     0.3477      0.5347      0.4489      0.1502
78      A         D           78           GLN           91.68           642    423     53     8.813     7.397     2.369     0.2987      0.5258      0.4399      0.0762
79      A         D           79           GLU           93.24           642    423     77     8.813     7.397     3.108     0.3344      0.5345      0.4486      0.1283
80      A         D           80           GLY           92.03           642    423     55     8.813     7.397     2.441     0.3023      0.5342      0.4482      0.0832
81      A         D           81           PRO           91.75           642    423     92     8.813     7.397     3.475     0.3590      0.5612      0.4760      0.1717
82      A         D           82           GLU           87.25           642    423    111     8.813     7.397     3.878     0.3980      0.5896      0.5055      0.2255
83      A         D           83           TYR           92.03           642    423    138     8.813     7.397     4.367     0.4470      0.6070      0.5243      0.2849
84      A         D           84           TRP           93.71           642    423    144     8.813     7.397     4.465     0.4551      0.6118      0.5296      0.2991
85      A         D           85           ASP           89.82           642    423    152     8.813     7.397     4.592     0.4657      0.6107      0.5286      0.3098
86      A         D           86           ARG           88.02           642    423    126     8.813     7.397     4.159     0.4361      0.6131      0.5306      0.2712
87      A         D           87           GLU           92.52           642    423    149     8.813     7.397     4.545     0.4652      0.6150      0.5331      0.3094
88      A         D           88           THR           93.30           642    423    173     8.813     7.397     4.904     0.4853      0.6086      0.5263      0.3355
89      A         D           89           GLN           88.37           642    423    156     8.813     7.397     4.654     0.4781      0.6193      0.5380      0.3247
90      A         D           90           LYS           90.87           642    423    159     8.813     7.397     4.699     0.4806      0.6205      0.5393      0.3301
91      A         D           91           TYR           94.21           642    423    185     8.813     7.397     5.069     0.5053      0.6200      0.5388      0.3624
92      A         D           92           LYS           91.30           642    423    188     8.813     7.397     5.109     0.5102      0.6215      0.5402      0.3670
93      A         D           93           ARG           88.35           642    423    139     8.813     7.397     4.383     0.4532      0.6137      0.5315      0.2932
94      A         D           94           GLN           92.98           642    423    176     8.813     7.397     4.946     0.4918      0.6126      0.5307      0.3436
95      A         D           95           ALA           93.70           642    423    186     8.813     7.397     5.083     0.5030      0.6143      0.5325      0.3573
96      A         D           96           GLN           89.77           642    423    176     8.813     7.397     4.946     0.4939      0.6105      0.5284      0.3413
97      A         D           97           THR           91.60           642    423    173     8.813     7.397     4.904     0.4918      0.6119      0.5300      0.3391
98      A         D           98           ASP           94.56           642    423    181     8.813     7.397     5.015     0.4975      0.6122      0.5303      0.3494
99      A         D           99           ARG           92.50           642    423    183     8.813     7.397     5.042     0.4985      0.6101      0.5280      0.3493
100     A         D          100           VAL           91.53           642    423    170     8.813     7.397     4.861     0.4838      0.6041      0.5213      0.3265
101     A         D          101           SER           94.76           642    423    189     8.813     7.397     5.123     0.5078      0.6124      0.5302      0.3579
102     A         D          102           LEU           95.65           642    423    190     8.813     7.397     5.136     0.5133      0.6187      0.5369      0.3653
103     A         D          103           ARG           92.10           642    423    173     8.813     7.397     4.904     0.4889      0.6101      0.5276      0.3360
104     A         D          104           ASN           94.18           642    423    180     8.813     7.397     5.001     0.4927      0.6056      0.5228      0.3398
105     A         D          105           LEU           96.40           642    423    173     8.813     7.397     4.904     0.4848      0.6007      0.5173      0.3258
106     A         D          106           ARG           95.32           642    423    152     8.813     7.397     4.592     0.4575      0.5899      0.5056      0.2876
107     A         D          107           GLY           94.30           642    423    147     8.813     7.397     4.514     0.4475      0.5824      0.4975      0.2733
108     A         D          108           TYR           96.36           642    423    174     8.813     7.397     4.918     0.4834      0.5965      0.5127      0.3223
109     A         D          109           TYR           96.75           642    423    161     8.813     7.397     4.729     0.4697      0.5947      0.5104      0.3032
110     A         D          110           ASN           96.49           642    423    113     8.813     7.397     3.917     0.3851      0.5353      0.4489      0.1876
111     A         D          111           GLN           96.07           642    423    108     8.813     7.397     3.818     0.3705      0.5165      0.4300      0.1686
112     A         D          112           SER           94.81           642    423     22     8.813     7.397     1.000     0.2809      0.4662      0.3809      0.0111
113     A         D          113           GLU           91.97           642    423      3     8.813     7.397     1.000     0.2561      0.4489      0.3646      0.0104
114     A         D          114           ALA           93.20           642    423      0     8.813     7.397     1.000     0.2091      0.0000      0.0000      0.0000
115     A         D          115           GLY           94.22           642    423      9     8.813     7.397     1.000     0.2431      0.4671      0.3818      0.0112
116     A         D          116           SER           96.47           642    423    114     8.813     7.397     3.936     0.3954      0.5542      0.4680      0.2017
117     A         D          117           HIS           97.44           642    423    151     8.813     7.397     4.577     0.4517      0.5851      0.5005      0.2815
118     A         D          118           THR           97.87           642    423    149     8.813     7.397     4.545     0.4557      0.5964      0.5125      0.2896
119     A         D          119           LEU           98.09           642    423    157     8.813     7.397     4.669     0.4641      0.5926      0.5084      0.2968
120     A         D          120           GLN           98.02           642    423    159     8.813     7.397     4.699     0.4700      0.6025      0.5191      0.3093
121     A         D          121           TRP           98.11           642    423    164     8.813     7.397     4.774     0.4716      0.5938      0.5102      0.3084
122     A         D          122           MET           98.08           642    423    132     8.813     7.397     4.265     0.4427      0.6086      0.5255      0.2760
123     A         D          123           PHE           97.66           642    423    142     8.813     7.397     4.433     0.4487      0.5943      0.5104      0.2781
124     A         D          124           GLY           97.29           642    423    105     8.813     7.397     3.757     0.3770      0.5539      0.4684      0.1892
125     A         D          125           CYS           96.85           642    423    116     8.813     7.397     3.975     0.4057      0.5811      0.4960      0.2253
126     A         D          126           ASP           96.84           642    423    126     8.813     7.397     4.159     0.4250      0.5909      0.5066      0.2503
127     A         D          127           LEU           95.56           642    423    104     8.813     7.397     3.736     0.3666      0.5430      0.4571      0.1798
128     A         D          128           GLY           93.11           642    423     49     8.813     7.397     2.217     0.2903      0.5113      0.4251      0.0632
129     A         D          129           PRO           90.09           642    423     33     8.813     7.397     1.450     0.2693      0.4928      0.4068      0.0259
130     A         D          130           ASP           90.01           642    423     25     8.813     7.397     1.000     0.2524      0.4849      0.3990      0.0121
131     A         D          131           GLY           89.01           642    423     37     8.813     7.397     1.675     0.2767      0.4969      0.4109      0.0349
132     A         D          132           ARG           91.90           642    423     62     8.813     7.397     2.675     0.3042      0.5113      0.4253      0.0897
133     A         D          133           LEU           95.12           642    423    113     8.813     7.397     3.917     0.3907      0.5588      0.4729      0.2039
134     A         D          134           LEU           95.26           642    423    112     8.813     7.397     3.897     0.3859      0.5586      0.4729      0.2027
135     A         D          135           ARG           95.70           642    423     87     8.813     7.397     3.359     0.3455      0.5371      0.4513      0.1479
136     A         D          136           GLY           96.69           642    423    103     8.813     7.397     3.715     0.3743      0.5466      0.4609      0.1809
137     A         D          137           TYR           96.56           642    423    108     8.813     7.397     3.818     0.3866      0.5682      0.4831      0.2039
138     A         D          138           ASP           97.41           642    423    121     8.813     7.397     4.068     0.4154      0.5739      0.4889      0.2289
139     A         D          139           GLN           97.28           642    423    101     8.813     7.397     3.673     0.3735      0.5593      0.4742      0.1867
140     A         D          140           SER           97.61           642    423    115     8.813     7.397     3.956     0.4078      0.5777      0.4928      0.2221
141     A         D          141           ALA           98.11           642    423    145     8.813     7.397     4.482     0.4509      0.5941      0.5104      0.2829
142     A         D          142           TYR           97.93           642    423    177     8.813     7.397     4.960     0.4861      0.5974      0.5138      0.3275
143     A         D          143           ASP           97.44           642    423    149     8.813     7.397     4.545     0.4480      0.5785      0.4936      0.2731
144     A         D          144           GLY           96.90           642    423     97     8.813     7.397     3.587     0.3626      0.5312      0.4448      0.1604
145     A         D          145           LYS           97.05           642    423    112     8.813     7.397     3.897     0.3971      0.5603      0.4743      0.2029
146     A         D          146           ASP           97.56           642    423    153     8.813     7.397     4.608     0.4603      0.5937      0.5098      0.2928
147     A         D          147           TYR           97.95           642    423    170     8.813     7.397     4.861     0.4843      0.6039      0.5208      0.3256
148     A         D          148           ILE           97.97           642    423    163     8.813     7.397     4.759     0.4715      0.5955      0.5119      0.3085
149     A         D          149           ALA           97.76           642    423    150     8.813     7.397     4.561     0.4620      0.6052      0.5223      0.3004
150     A         D          150           LEU           97.65           642    423    164     8.813     7.397     4.774     0.4712      0.5938      0.5101      0.3079
151     A         D          151           ASN           97.53           642    423    160     8.813     7.397     4.714     0.4692      0.5993      0.5157      0.3077
152     A         D          152           GLU           96.26           642    423    126     8.813     7.397     4.159     0.4241      0.5902      0.5055      0.2485
153     A         D          153           ASP           96.26           642    423    127     8.813     7.397     4.177     0.4287      0.5928      0.5083      0.2525
154     A         D          154           LEU           96.48           642    423    151     8.813     7.397     4.577     0.4587      0.6014      0.5181      0.2977
155     A         D          155           ARG           95.84           642    423    151     8.813     7.397     4.577     0.4561      0.5980      0.5146      0.2950
156     A         D          156           SER           97.08           642    423    149     8.813     7.397     4.545     0.4485      0.5872      0.5029      0.2814
157     A         D          157           TRP           97.84           642    423    161     8.813     7.397     4.729     0.4780      0.6102      0.5277      0.3205
158     A         D          158           THR           97.72           642    423    158     8.813     7.397     4.684     0.4666      0.5999      0.5166      0.3060
159     A         D          159           ALA           97.38           642    423    130     8.813     7.397     4.230     0.4264      0.5755      0.4900      0.2424
160     A         D          160           ALA           96.65           642    423    109     8.813     7.397     3.838     0.3829      0.5492      0.4629      0.1907
161     A         D          161           ASP           96.50           642    423    100     8.813     7.397     3.652     0.3636      0.5219      0.4355      0.1597
162     A         D          162           THR           96.89           642    423    129     8.813     7.397     4.213     0.4158      0.5615      0.4755      0.2297
163     A         D          163           ALA           96.97           642    423    155     8.813     7.397     4.639     0.4652      0.5971      0.5130      0.2975
164     A         D          164           ALA           97.55           642    423    163     8.813     7.397     4.759     0.4774      0.6023      0.5187      0.3138
165     A         D          165           GLN           97.47           642    423    181     8.813     7.397     5.015     0.5016      0.6140      0.5314      0.3485
166     A         D          166           ILE           95.99           642    423    191     8.813     7.397     5.149     0.5128      0.6173      0.5352      0.3642
167     A         D          167           THR           96.23           642    423    190     8.813     7.397     5.136     0.5152      0.6181      0.5362      0.3645
168     A         D          168           GLN           96.95           642    423    193     8.813     7.397     5.175     0.5225      0.6252      0.5437      0.3751
169     A         D          169           ARG           94.13           642    423    189     8.813     7.397     5.123     0.5116      0.6177      0.5359      0.3634
170     A         D          170           LYS           91.75           642    423    177     8.813     7.397     4.960     0.5041      0.6235      0.5423      0.3557
171     A         D          171           TRP           93.54           642    423    189     8.813     7.397     5.123     0.5225      0.6315      0.5513      0.3795
172     A         D          172           GLU           92.36           642    423    192     8.813     7.397     5.162     0.5183      0.6242      0.5430      0.3742
173     A         D          173           ALA           87.57           642    423    162     8.813     7.397     4.744     0.4852      0.6225      0.5415      0.3363
174     A         D          174           ALA           85.20           642    423    140     8.813     7.397     4.400     0.4568      0.6230      0.5413      0.3029
175     A         D          175           ARG           86.28           642    423    153     8.813     7.397     4.608     0.4682      0.6159      0.5344      0.3172
176     A         D          176           GLU           91.38           642    423    170     8.813     7.397     4.861     0.4994      0.6287      0.5485      0.3542
177     A         D          177           ALA           93.79           642    423    175     8.813     7.397     4.932     0.4994      0.6202      0.5390      0.3506
178     A         D          178           GLU           89.46           642    423    161     8.813     7.397     4.729     0.4820      0.6197      0.5386      0.3323
179     A         D          179           GLN           88.76           642    423    155     8.813     7.397     4.639     0.4853      0.6399      0.5607      0.3460
180     A         D          180           ARG           93.43           642    423    181     8.813     7.397     5.015     0.5138      0.6329      0.5531      0.3726
181     A         D          181           ARG           94.06           642    423    191     8.813     7.397     5.149     0.5210      0.6315      0.5514      0.3825
182     A         D          182           ALA           90.68           642    423    167     8.813     7.397     4.818     0.4893      0.6236      0.5428      0.3445
183     A         D          183           TYR           92.83           642    423    187     8.813     7.397     5.096     0.5190      0.6351      0.5555      0.3824
184     A         D          184           LEU           95.19           642    423    187     8.813     7.397     5.096     0.5144      0.6276      0.5470      0.3730
185     A         D          185           GLU           93.53           642    423    163     8.813     7.397     4.759     0.4765      0.6085      0.5261      0.3225
186     A         D          186           GLY           90.51           642    423    116     8.813     7.397     3.975     0.4129      0.6061      0.5229      0.2474
187     A         D          187           THR           91.01           642    423    148     8.813     7.397     4.530     0.4598      0.6113      0.5292      0.3049
188     A         D          188           CYS           94.39           642    423    156     8.813     7.397     4.654     0.4798      0.6260      0.5446      0.3294
189     A         D          189           VAL           95.21           642    423    158     8.813     7.397     4.684     0.4759      0.6184      0.5365      0.3249
190     A         D          190           GLU           92.76           642    423    153     8.813     7.397     4.608     0.4725      0.6239      0.5425      0.3233
191     A         D          191           TRP           94.89           642    423    156     8.813     7.397     4.654     0.4779      0.6254      0.5441      0.3290
192     A         D          192           LEU           95.94           642    423    166     8.813     7.397     4.803     0.4901      0.6253      0.5440      0.3428
193     A         D          193           ARG           95.05           642    423    167     8.813     7.397     4.818     0.4834      0.6180      0.5364      0.3372
194     A         D          194           ARG           95.22           642    423    167     8.813     7.397     4.818     0.4791      0.6107      0.5284      0.3295
195     A         D          195           TYR           96.31           642    423    168     8.813     7.397     4.832     0.4859      0.6159      0.5341      0.3361
196     A         D          196           LEU           95.31           642    423    157     8.813     7.397     4.669     0.4771      0.6222      0.5405      0.3270
197     A         D          197           GLU           94.35           642    423    128     8.813     7.397     4.195     0.4311      0.6036      0.5197      0.2630
198     A         D          198           ASN           95.17           642    423    117     8.813     7.397     3.994     0.4061      0.5810      0.4956      0.2262
199     A         D          199           GLY           94.38           642    423     81     8.813     7.397     3.211     0.3323      0.5252      0.4390      0.1304
200     A         D          200           LYS           93.21           642    423     75     8.813     7.397     3.054     0.3238      0.5146      0.4283      0.1146
201     A         D          201           GLU           92.35           642    423     57     8.813     7.397     2.510     0.2970      0.4985      0.4125      0.0756
202     A         D          202           THR           91.98           642    423     49     8.813     7.397     2.217     0.2955      0.4936      0.4075      0.0586
203     A         D          203           LEU           93.11           642    423     82     8.813     7.397     3.236     0.3380      0.5117      0.4253      0.1251
204     A         D          204           GLN           90.96           642    423     75     8.813     7.397     3.054     0.3242      0.5002      0.4141      0.1086
205     A         D          205           ARG           89.89           642    423     15     8.813     7.397     1.000     0.2449      0.4732      0.3876      0.0115
206     A         D          206           ALA           92.18           642    423     19     8.813     7.397     1.000     0.2621      0.4786      0.3929      0.0117
207     A         D          207           GLU           94.13           642    423     44     8.813     7.397     2.010     0.2945      0.4852      0.3994      0.0471
208     A         D          208           HIS           94.24           642    423     20     8.813     7.397     1.000     0.2700      0.4726      0.3871      0.0114
209     A         D          209           PRO           95.64           642    423     36     8.813     7.397     1.621     0.2946      0.4846      0.3987      0.0310
210     A         D          210           LYS           95.61           642    423     47     8.813     7.397     2.137     0.3065      0.4861      0.4002      0.0530
211     A         D          211           THR           94.85           642    423     24     8.813     7.397     1.000     0.2836      0.4747      0.3892      0.0116
212     A         D          212           HIS           93.68           642    423     18     8.813     7.397     1.000     0.2789      0.4682      0.3829      0.0112
213     A         D          213           VAL           93.75           642    423     33     8.813     7.397     1.450     0.2978      0.4647      0.3796      0.0230
214     A         D          214           THR           93.20           642    423     14     8.813     7.397     1.000     0.2761      0.4613      0.3763      0.0109
215     A         D          215           HIS           92.07           642    423      0     8.813     7.397     1.000     0.2580      0.0000      0.0000      0.0000
216     A         D          216           HIS           92.06           642    423      0     8.813     7.397     1.000     0.2355      0.0000      0.0000      0.0000
217     A         D          217           PRO           91.54           642    423      0     8.813     7.397     1.000     0.1839      0.0000      0.0000      0.0000
218     A         D          218           VAL           90.89           642    423      0     8.813     7.397     1.000     0.1585      0.0000      0.0000      0.0000
219     A         D          219           SER           91.60           642    423      0     8.813     7.397     1.000     0.1414      0.0000      0.0000      0.0000
220     A         D          220           ASP           91.18           642    423      0     8.813     7.397     1.000     0.1303      0.0000      0.0000      0.0000
221     A         D          221           HIS           92.99           642    423      0     8.813     7.397     1.000     0.1267      0.0000      0.0000      0.0000
222     A         D          222           GLU           91.55           642    423      0     8.813     7.397     1.000     0.1672      0.0000      0.0000      0.0000
223     A         D          223           ALA           91.53           642    423      0     8.813     7.397     1.000     0.2159      0.0000      0.0000      0.0000
224     A         D          224           THR           92.89           642    423      5     8.813     7.397     1.000     0.2658      0.4482      0.3639      0.0104
225     A         D          225           LEU           92.83           642    423     30     8.813     7.397     1.258     0.2993      0.4645      0.3794      0.0174
226     A         D          226           ARG           94.76           642    423     38     8.813     7.397     1.726     0.3062      0.4751      0.3895      0.0337
227     A         D          227           CYS           94.90           642    423     52     8.813     7.397     2.332     0.3143      0.4840      0.3982      0.0620
228     A         D          228           TRP           95.81           642    423     73     8.813     7.397     3.000     0.3326      0.4930      0.4069      0.1020
229     A         D          229           ALA           96.03           642    423     89     8.813     7.397     3.406     0.3487      0.5015      0.4152      0.1316
230     A         D          230           LEU           95.85           642    423     75     8.813     7.397     3.054     0.3322      0.4908      0.4048      0.1045
231     A         D          231           GLY           95.49           642    423     44     8.813     7.397     2.010     0.2997      0.4906      0.4046      0.0481
232     A         D          232           PHE           96.13           642    423    107     8.813     7.397     3.798     0.3756      0.5339      0.4474      0.1775
233     A         D          233           TYR           95.33           642    423     99     8.813     7.397     3.631     0.3645      0.5283      0.4419      0.1617
234     A         D          234           PRO           94.68           642    423     80     8.813     7.397     3.186     0.3296      0.5021      0.4159      0.1176
235     A         D          235           ALA           95.20           642    423     76     8.813     7.397     3.081     0.3274      0.4991      0.4130      0.1097
236     A         D          236           GLU           94.49           642    423     81     8.813     7.397     3.211     0.3359      0.5025      0.4163      0.1193
237     A         D          237           ILE           95.44           642    423     90     8.813     7.397     3.429     0.3464      0.5083      0.4220      0.1367
238     A         D          238           THR           94.70           642    423     48     8.813     7.397     2.177     0.3104      0.4861      0.4002      0.0549
239     A         D          239           LEU           93.72           642    423      8     8.813     7.397     1.000     0.2620      0.4568      0.3721      0.0107
240     A         D          240           THR           93.50           642    423     14     8.813     7.397     1.000     0.2696      0.4617      0.3767      0.0109
241     A         D          241           TRP           93.42           642    423     12     8.813     7.397     1.000     0.2785      0.4649      0.3797      0.0111
242     A         D          242           GLN           91.72           642    423      0     8.813     7.397     1.000     0.2049      0.0000      0.0000      0.0000
243     A         D          243           TRP           88.83           642    423      0     8.813     7.397     1.000     0.1458      0.0000      0.0000      0.0000
244     A         D          244           ASP           84.57           642    423      0     8.813     7.397     1.000     0.1241      0.0000      0.0000      0.0000
245     A         D          245           GLY           82.99           642    423      0     8.813     7.397     1.000     0.1229      0.0000      0.0000      0.0000
246     A         D          246           GLU           86.12           642    423      0     8.813     7.397     1.000     0.1275      0.0000      0.0000      0.0000
247     A         D          247           ASP           85.69           642    423      0     8.813     7.397     1.000     0.1430      0.0000      0.0000      0.0000
248     A         D          248           GLN           83.95           642    423      0     8.813     7.397     1.000     0.1297      0.0000      0.0000      0.0000
249     A         D          249           THR           83.11           642    423      0     8.813     7.397     1.000     0.1169      0.0000      0.0000      0.0000
250     A         D          250           GLN           80.14           642    423      0     8.813     7.397     1.000     0.1028      0.0000      0.0000      0.0000
251     A         D          251           ASP           84.63           642    423      0     8.813     7.397     1.000     0.1088      0.0000      0.0000      0.0000
252     A         D          252           THR           89.76           642    423      0     8.813     7.397     1.000     0.1738      0.0000      0.0000      0.0000
253     A         D          253           GLU           92.26           642    423      0     8.813     7.397     1.000     0.2393      0.0000      0.0000      0.0000
254     A         D          254           LEU           93.26           642    423      0     8.813     7.397     1.000     0.2472      0.0000      0.0000      0.0000
255     A         D          255           VAL           94.08           642    423     19     8.813     7.397     1.000     0.2806      0.4607      0.3758      0.0109
256     A         D          256           GLU           94.54           642    423     36     8.813     7.397     1.621     0.3050      0.4777      0.3920      0.0302
257     A         D          257           THR           96.19           642    423    109     8.813     7.397     3.838     0.3776      0.5285      0.4419      0.1770
258     A         D          258           ARG           96.75           642    423     85     8.813     7.397     3.310     0.3397      0.4941      0.4080      0.1220
259     A         D          259           PRO           96.86           642    423    101     8.813     7.397     3.673     0.3551      0.5102      0.4239      0.1547
260     A         D          260           ALA           96.10           642    423     77     8.813     7.397     3.108     0.3311      0.4926      0.4066      0.1085
261     A         D          261           GLY           94.66           642    423     29     8.813     7.397     1.189     0.2830      0.4812      0.3954      0.0167
262     A         D          262           ASP           94.64           642    423     42     8.813     7.397     1.920     0.2955      0.4824      0.3966      0.0426
263     A         D          263           GLY           93.66           642    423     50     8.813     7.397     2.256     0.3007      0.4887      0.4029      0.0595
264     A         D          264           THR           95.86           642    423    100     8.813     7.397     3.652     0.3584      0.5218      0.4354      0.1596
265     A         D          265           PHE           96.80           642    423    122     8.813     7.397     4.087     0.4074      0.5639      0.4779      0.2208
266     A         D          266           GLN           96.65           642    423    104     8.813     7.397     3.736     0.3711      0.5238      0.4372      0.1666
267     A         D          267           LYS           96.53           642    423    105     8.813     7.397     3.757     0.3735      0.5219      0.4354      0.1672
268     A         D          268           TRP           95.64           642    423     67     8.813     7.397     2.828     0.3226      0.4812      0.3955      0.0877
269     A         D          269           ALA           94.95           642    423     40     8.813     7.397     1.826     0.3082      0.4770      0.3914      0.0379
270     A         D          270           ALA           94.26           642    423      9     8.813     7.397     1.000     0.2684      0.4540      0.3694      0.0106
271     A         D          271           VAL           92.97           642    423      0     8.813     7.397     1.000     0.2433      0.0000      0.0000      0.0000
272     A         D          272           VAL           92.23           642    423      0     8.813     7.397     1.000     0.2522      0.0000      0.0000      0.0000
273     A         D          273           VAL           91.56           642    423      0     8.813     7.397     1.000     0.2149      0.0000      0.0000      0.0000
274     A         D          274           PRO           91.08           642    423      0     8.813     7.397     1.000     0.1955      0.0000      0.0000      0.0000
275     A         D          275           SER           90.43           642    423      0     8.813     7.397     1.000     0.1623      0.0000      0.0000      0.0000
276     A         D          276           GLY           89.22           642    423      0     8.813     7.397     1.000     0.1429      0.0000      0.0000      0.0000
277     A         D          277           GLU           88.65           642    423      0     8.813     7.397     1.000     0.1665      0.0000      0.0000      0.0000
278     A         D          278           GLU           88.65           642    423      0     8.813     7.397     1.000     0.1917      0.0000      0.0000      0.0000
279     A         D          279           GLN           89.92           642    423      0     8.813     7.397     1.000     0.1960      0.0000      0.0000      0.0000
280     A         D          280           ARG           89.96           642    423      0     8.813     7.397     1.000     0.1870      0.0000      0.0000      0.0000
281     A         D          281           TYR           92.00           642    423      2     8.813     7.397     1.000     0.2501      0.4421      0.3583      0.0101
282     A         D          282           THR           93.17           642    423      5     8.813     7.397     1.000     0.2554      0.4472      0.3630      0.0103
283     A         D          283           CYS           93.82           642    423     30     8.813     7.397     1.258     0.2824      0.4707      0.3853      0.0179
284     A         D          284           HIS           94.44           642    423     33     8.813     7.397     1.450     0.2931      0.4702      0.3848      0.0235
285     A         D          285           VAL           95.48           642    423     62     8.813     7.397     2.675     0.3202      0.4891      0.4032      0.0817
286     A         D          286           GLN           95.43           642    423     62     8.813     7.397     2.675     0.3193      0.4883      0.4024      0.0814
287     A         D          287           HIS           94.93           642    423     60     8.813     7.397     2.611     0.3128      0.4880      0.4021      0.0777
288     A         D          288           GLU           92.32           642    423      1     8.813     7.397     1.000     0.2337      0.4471      0.3629      0.0103
289     A         D          289           GLY           91.59           642    423      3     8.813     7.397     1.000     0.2354      0.4455      0.3614      0.0102
290     A         D          290           LEU           93.03           642    423     11     8.813     7.397     1.000     0.2541      0.4566      0.3719      0.0107
291     A         D          291           PRO           92.19           642    423      0     8.813     7.397     1.000     0.2019      0.0000      0.0000      0.0000
292     A         D          292           GLU           93.85           642    423      0     8.813     7.397     1.000     0.1922      0.0000      0.0000      0.0000
293     A         D          293           PRO           93.15           642    423      0     8.813     7.397     1.000     0.2219      0.0000      0.0000      0.0000
294     A         D          294           LEU           93.47           642    423      0     8.813     7.397     1.000     0.2320      0.0000      0.0000      0.0000
295     A         D          295           THR           93.39           642    423      1     8.813     7.397     1.000     0.2480      0.4471      0.3629      0.0103
296     A         D          296           LEU           92.22           642    423      0     8.813     7.397     1.000     0.2268      0.0000      0.0000      0.0000
297     A         D          297           ARG           90.92           642    423      0     8.813     7.397     1.000     0.2082      0.0000      0.0000      0.0000
298     A         D          298           TRP           90.42           642    423      0     8.813     7.397     1.000     0.1815      0.0000      0.0000      0.0000
299     A         D          299           GLU           85.39           642    423      0     8.813     7.397     1.000     0.1185      0.0000      0.0000      0.0000
300     A         D          300           PRO           82.59           642    423      0     8.813     7.397     1.000     0.1060      0.0000      0.0000      0.0000
301     A         D          301           SER           71.46           642    423      0     8.813     7.397     1.000     0.0815      0.0000      0.0000      0.0000
302     A         D          302           SER           55.74           642    423      0     8.813     7.397     1.000     0.0770      0.0000      0.0000      0.0000
303     A         D          303           GLN           43.52           642    423      0     8.813     7.397     1.000     0.0757      0.0000      0.0000      0.0000
304     A         D          304           PRO           40.87           642    423      0     8.813     7.397     1.000     0.0747      0.0000      0.0000      0.0000
305     A         D          305           THR           37.65           642    423      0     8.813     7.397     1.000     0.0739      0.0000      0.0000      0.0000
306     A         D          306           ILE           43.51           642    423      0     8.813     7.397     1.000     0.0740      0.0000      0.0000      0.0000
307     A         D          307           PRO           40.88           642    423      0     8.813     7.397     1.000     0.0735      0.0000      0.0000      0.0000
308     A         D          308           ILE           45.34           642    423      0     8.813     7.397     1.000     0.0738      0.0000      0.0000      0.0000
309     A         D          309           VAL           44.81           642    423      0     8.813     7.397     1.000     0.0736      0.0000      0.0000      0.0000
310     A         D          310           GLY           45.12           642    423      0     8.813     7.397     1.000     0.0735      0.0000      0.0000      0.0000
311     A         D          311           ILE           51.80           642    423      0     8.813     7.397     1.000     0.0740      0.0000      0.0000      0.0000
312     A         D          312           VAL           55.44           642    423      0     8.813     7.397     1.000     0.0744      0.0000      0.0000      0.0000
313     A         D          313           ALA           56.53           642    423      0     8.813     7.397     1.000     0.0740      0.0000      0.0000      0.0000
314     A         D          314           GLY           55.69           642    423      0     8.813     7.397     1.000     0.0735      0.0000      0.0000      0.0000
315     A         D          315           LEU           62.65           642    423      0     8.813     7.397     1.000     0.0744      0.0000      0.0000      0.0000
316     A         D          316           ALA           64.03           642    423      0     8.813     7.397     1.000     0.0744      0.0000      0.0000      0.0000
317     A         D          317           VAL           62.35           642    423      0     8.813     7.397     1.000     0.0741      0.0000      0.0000      0.0000
318     A         D          318           LEU           63.20           642    423      0     8.813     7.397     1.000     0.0742      0.0000      0.0000      0.0000
319     A         D          319           ALA           66.72           642    423      0     8.813     7.397     1.000     0.0742      0.0000      0.0000      0.0000
320     A         D          320           VAL           65.40           642    423      0     8.813     7.397     1.000     0.0741      0.0000      0.0000      0.0000
321     A         D          321           LEU           63.44           642    423      0     8.813     7.397     1.000     0.0739      0.0000      0.0000      0.0000
322     A         D          322           ALA           65.61           642    423      0     8.813     7.397     1.000     0.0737      0.0000      0.0000      0.0000
323     A         D          323           VAL           63.23           642    423      0     8.813     7.397     1.000     0.0737      0.0000      0.0000      0.0000
324     A         D          324           LEU           61.72           642    423      0     8.813     7.397     1.000     0.0737      0.0000      0.0000      0.0000
325     A         D          325           GLY           60.91           642    423      0     8.813     7.397     1.000     0.0732      0.0000      0.0000      0.0000
326     A         D          326           ALA           61.63           642    423      0     8.813     7.397     1.000     0.0733      0.0000      0.0000      0.0000
327     A         D          327           VAL           60.37           642    423      0     8.813     7.397     1.000     0.0732      0.0000      0.0000      0.0000
328     A         D          328           VAL           60.25           642    423      0     8.813     7.397     1.000     0.0730      0.0000      0.0000      0.0000
329     A         D          329           ALA           60.38           642    423      0     8.813     7.397     1.000     0.0729      0.0000      0.0000      0.0000
330     A         D          330           VAL           65.00           642    423      0     8.813     7.397     1.000     0.0730      0.0000      0.0000      0.0000
331     A         D          331           VAL           60.80           642    423      0     8.813     7.397     1.000     0.0728      0.0000      0.0000      0.0000
332     A         D          332           MET           57.53           642    423      0     8.813     7.397     1.000     0.0728      0.0000      0.0000      0.0000
333     A         D          333           CYS           56.15           642    423      0     8.813     7.397     1.000     0.0726      0.0000      0.0000      0.0000
334     A         D          334           ARG           55.63           642    423      0     8.813     7.397     1.000     0.0726      0.0000      0.0000      0.0000
335     A         D          335           ARG           54.41           642    423      0     8.813     7.397     1.000     0.0724      0.0000      0.0000      0.0000
336     A         D          336           LYS           50.22           642    423      0     8.813     7.397     1.000     0.0722      0.0000      0.0000      0.0000
337     A         D          337           SER           39.83           642    423      0     8.813     7.397     1.000     0.0718      0.0000      0.0000      0.0000
338     A         D          338           SER           32.65           642    423      0     8.813     7.397     1.000     0.0718      0.0000      0.0000      0.0000
339     A         D          339           GLY           27.54           642    423      0     8.813     7.397     1.000     0.0718      0.0000      0.0000      0.0000
340     A         D          340           GLY           26.82           642    423      0     8.813     7.397     1.000     0.0718      0.0000      0.0000      0.0000
341     A         D          341           LYS           28.16           642    423      0     8.813     7.397     1.000     0.0718      0.0000      0.0000      0.0000
342     A         D          342           GLY           23.75           642    423      0     8.813     7.397     1.000     0.0718      0.0000      0.0000      0.0000
343     A         D          343           GLY           23.31           642    423      0     8.813     7.397     1.000     0.0718      0.0000      0.0000      0.0000
344     A         D          344           SER           21.60           642    423      0     8.813     7.397     1.000     0.0718      0.0000      0.0000      0.0000
345     A         D          345           CYS           22.99           642    423      0     8.813     7.397     1.000     0.0718      0.0000      0.0000      0.0000
346     A         D          346           SER           23.02           642    423      0     8.813     7.397     1.000     0.0718      0.0000      0.0000      0.0000
347     A         D          347           GLN           21.24           642    423      0     8.813     7.397     1.000     0.0718      0.0000      0.0000      0.0000
348     A         D          348           ALA           25.13           642    423      0     8.813     7.397     1.000     0.0718      0.0000      0.0000      0.0000
349     A         D          349           ALA           26.82           642    423      0     8.813     7.397     1.000     0.0718      0.0000      0.0000      0.0000
350     A         D          350           SER           24.87           642    423      0     8.813     7.397     1.000     0.0719      0.0000      0.0000      0.0000
351     A         D          351           SER           27.36           642    423      0     8.813     7.397     1.000     0.0719      0.0000      0.0000      0.0000
352     A         D          352           ASN           26.73           642    423      0     8.813     7.397     1.000     0.0720      0.0000      0.0000      0.0000
353     A         D          353           SER           28.94           642    423      0     8.813     7.397     1.000     0.0721      0.0000      0.0000      0.0000
354     A         D          354           ALA           28.04           642    423      0     8.813     7.397     1.000     0.0722      0.0000      0.0000      0.0000
355     A         D          355           GLN           26.69           642    423      0     8.813     7.397     1.000     0.0723      0.0000      0.0000      0.0000
356     A         D          356           GLY           27.72           642    423      0     8.813     7.397     1.000     0.0725      0.0000      0.0000      0.0000
357     A         D          357           SER           28.08           642    423      0     8.813     7.397     1.000     0.0728      0.0000      0.0000      0.0000
358     A         D          358           ASP           26.52           642    423      0     8.813     7.397     1.000     0.0731      0.0000      0.0000      0.0000
359     A         D          359           GLU           30.14           642    423      0     8.813     7.397     1.000     0.0738      0.0000      0.0000      0.0000
360     A         D          360           SER           29.58           642    423      0     8.813     7.397     1.000     0.0740      0.0000      0.0000      0.0000
361     A         D          361           LEU           30.49           642    423      0     8.813     7.397     1.000     0.0758      0.0000      0.0000      0.0000
362     A         D          362           ILE           33.73           642    423      0     8.813     7.397     1.000     0.0757      0.0000      0.0000      0.0000
363     A         D          363           ALA           33.66           642    423      0     8.813     7.397     1.000     0.0758      0.0000      0.0000      0.0000
364     A         D          364           CYS           40.14           642    423      0     8.813     7.397     1.000     0.0825      0.0000      0.0000      0.0000
365     A         D          365           LYS           30.69           642    423      0     8.813     7.397     1.000     0.0755      0.0000      0.0000      0.0000
366     A         D          366           ALA           22.27           642    423      0     8.813     7.397     1.000     0.0741      0.0000      0.0000      0.0000
1       A         E            1           MET           17.91           678    474      0     9.013     7.765     1.000     0.0750      0.0000      0.0000      0.0000
2       A         E            2           ARG           25.43           678    474      0     9.013     7.765     1.000     0.0750      0.0000      0.0000      0.0000
3       A         E            3           VAL           24.50           678    474      0     9.013     7.765     1.000     0.0751      0.0000      0.0000      0.0000
4       A         E            4           MET           25.71           678    474      0     9.013     7.765     1.000     0.0752      0.0000      0.0000      0.0000
5       A         E            5           ALA           28.95           678    474      0     9.013     7.765     1.000     0.0751      0.0000      0.0000      0.0000
6       A         E            6           PRO           28.08           678    474      0     9.013     7.765     1.000     0.0752      0.0000      0.0000      0.0000
7       A         E            7           ARG           29.80           678    474      0     9.013     7.765     1.000     0.0753      0.0000      0.0000      0.0000
8       A         E            8           THR           28.51           678    474      0     9.013     7.765     1.000     0.0753      0.0000      0.0000      0.0000
9       A         E            9           LEU           25.67           678    474      0     9.013     7.765     1.000     0.0755      0.0000      0.0000      0.0000
10      A         E           10           ILE           27.09           678    474      0     9.013     7.765     1.000     0.0757      0.0000      0.0000      0.0000
11      A         E           11           LEU           28.34           678    474      0     9.013     7.765     1.000     0.0758      0.0000      0.0000      0.0000
12      A         E           12           LEU           31.56           678    474      0     9.013     7.765     1.000     0.0760      0.0000      0.0000      0.0000
13      A         E           13           LEU           32.12           678    474      0     9.013     7.765     1.000     0.0762      0.0000      0.0000      0.0000
14      A         E           14           SER           31.78           678    474      0     9.013     7.765     1.000     0.0762      0.0000      0.0000      0.0000
15      A         E           15           GLY           32.68           678    474      0     9.013     7.765     1.000     0.0765      0.0000      0.0000      0.0000
16      A         E           16           ALA           33.99           678    474      0     9.013     7.765     1.000     0.0772      0.0000      0.0000      0.0000
17      A         E           17           LEU           36.24           678    474      0     9.013     7.765     1.000     0.0780      0.0000      0.0000      0.0000
18      A         E           18           ALA           38.53           678    474      0     9.013     7.765     1.000     0.0782      0.0000      0.0000      0.0000
19      A         E           19           LEU           40.73           678    474      0     9.013     7.765     1.000     0.0789      0.0000      0.0000      0.0000
20      A         E           20           THR           45.26           678    474      0     9.013     7.765     1.000     0.0812      0.0000      0.0000      0.0000
21      A         E           21           GLU           52.31           678    474      0     9.013     7.765     1.000     0.0821      0.0000      0.0000      0.0000
22      A         E           22           THR           62.95           678    474      0     9.013     7.765     1.000     0.0904      0.0000      0.0000      0.0000
23      A         E           23           TRP           71.87           678    474      0     9.013     7.765     1.000     0.1171      0.0000      0.0000      0.0000
24      A         E           24           ALA           71.08           678    474      0     9.013     7.765     1.000     0.1151      0.0000      0.0000      0.0000
25      A         E           25           CYS           83.56           678    474      0     9.013     7.765     1.000     0.1350      0.0000      0.0000      0.0000
26      A         E           26           SER           90.70           678    474     13     9.013     7.765     1.000     0.2456      0.4810      0.4077      0.0113
27      A         E           27           HIS           95.32           678    474    102     9.013     7.765     3.694     0.3889      0.5740      0.5015      0.1896
28      A         E           28           SER           96.33           678    474    104     9.013     7.765     3.736     0.3991      0.5886      0.5168      0.2035
29      A         E           29           MET           97.28           678    474    180     9.013     7.765     5.001     0.4560      0.5790      0.5079      0.3066
30      A         E           30           ARG           97.35           678    474    154     9.013     7.765     4.623     0.4470      0.5977      0.5277      0.2929
31      A         E           31           TYR           97.91           678    474    217     9.013     7.765     5.476     0.5079      0.6154      0.5460      0.3817
32      A         E           32           PHE           98.07           678    474    225     9.013     7.765     5.570     0.5232      0.6286      0.5602      0.4038
33      A         E           33           SER           97.84           678    474    149     9.013     7.765     4.545     0.4445      0.5977      0.5279      0.2869
34      A         E           34           THR           98.12           678    474    206     9.013     7.765     5.341     0.4912      0.6071      0.5377      0.3636
35      A         E           35           SER           97.87           678    474    211     9.013     7.765     5.403     0.4958      0.6065      0.5372      0.3685
36      A         E           36           VAL           97.73           678    474    208     9.013     7.765     5.366     0.4934      0.6082      0.5390      0.3670
37      A         E           37           SER           96.66           678    474    142     9.013     7.765     4.433     0.4318      0.5863      0.5157      0.2664
38      A         E           38           ARG           94.16           678    474     63     9.013     7.765     2.706     0.3177      0.5608      0.4883      0.1075
39      A         E           39           PRO           92.88           678    474     24     9.013     7.765     1.000     0.2596      0.5188      0.4453      0.0134
40      A         E           40           GLY           89.31           678    474      9     9.013     7.765     1.000     0.2175      0.4982      0.4249      0.0123
41      A         E           41           ARG           87.86           678    474     10     9.013     7.765     1.000     0.2297      0.4997      0.4263      0.0123
42      A         E           42           GLY           86.88           678    474     16     9.013     7.765     1.000     0.2344      0.5201      0.4465      0.0134
43      A         E           43           GLU           90.39           678    474     57     9.013     7.765     2.510     0.3118      0.5441      0.4715      0.0887
44      A         E           44           PRO           95.17           678    474    144     9.013     7.765     4.465     0.4368      0.5967      0.5263      0.2772
45      A         E           45           ARG           96.85           678    474    202     9.013     7.765     5.291     0.4830      0.6012      0.5318      0.3546
46      A         E           46           PHE           97.45           678    474    216     9.013     7.765     5.464     0.5090      0.6183      0.5491      0.3838
47      A         E           47           ILE           97.84           678    474    206     9.013     7.765     5.341     0.4948      0.6131      0.5442      0.3701
48      A         E           48           ALA           97.73           678    474    197     9.013     7.765     5.227     0.4752      0.5933      0.5234      0.3411
49      A         E           49           VAL           98.06           678    474    193     9.013     7.765     5.175     0.4700      0.5904      0.5204      0.3339
50      A         E           50           GLY           97.59           678    474    138     9.013     7.765     4.367     0.4363      0.5985      0.5281      0.2697
51      A         E           51           TYR           97.48           678    474    206     9.013     7.765     5.341     0.4880      0.6025      0.5327      0.3583
52      A         E           52           VAL           97.20           678    474    205     9.013     7.765     5.329     0.4744      0.5829      0.5118      0.3365
53      A         E           53           ASP           95.36           678    474    117     9.013     7.765     3.994     0.4105      0.5741      0.5019      0.2150
54      A         E           54           ASP           95.36           678    474    108     9.013     7.765     3.818     0.3967      0.5719      0.4993      0.1979
55      A         E           55           THR           96.23           678    474    154     9.013     7.765     4.623     0.4392      0.5815      0.5102      0.2761
56      A         E           56           GLN           97.16           678    474    202     9.013     7.765     5.291     0.4751      0.5882      0.5174      0.3388
57      A         E           57           PHE           97.26           678    474    178     9.013     7.765     4.974     0.4589      0.5884      0.5178      0.3134
58      A         E           58           VAL           97.50           678    474    155     9.013     7.765     4.639     0.4449      0.5898      0.5188      0.2846
59      A         E           59           ARG           97.14           678    474    149     9.013     7.765     4.545     0.4438      0.5988      0.5285      0.2860
60      A         E           60           PHE           97.56           678    474    213     9.013     7.765     5.427     0.5018      0.6119      0.5421      0.3732
61      A         E           61           ASP           97.03           678    474    201     9.013     7.765     5.278     0.4808      0.6013      0.5315      0.3519
62      A         E           62           SER           96.03           678    474    184     9.013     7.765     5.056     0.4621      0.5865      0.5159      0.3187
63      A         E           63           ASP           94.67           678    474    118     9.013     7.765     4.013     0.4181      0.6043      0.5335      0.2407
64      A         E           64           ALA           94.13           678    474     96     9.013     7.765     3.565     0.3595      0.5582      0.4854      0.1695
65      A         E           65           ALA           93.49           678    474     54     9.013     7.765     2.405     0.2977      0.5208      0.4471      0.0729
66      A         E           66           SER           93.21           678    474     59     9.013     7.765     2.578     0.3013      0.5298      0.4563      0.0861
67      A         E           67           PRO           94.43           678    474     96     9.013     7.765     3.565     0.3597      0.5545      0.4817      0.1674
68      A         E           68           ARG           94.85           678    474    114     9.013     7.765     3.936     0.3999      0.5818      0.5097      0.2153
69      A         E           69           GLY           95.37           678    474    114     9.013     7.765     3.936     0.4078      0.5905      0.5185      0.2210
70      A         E           70           GLU           95.93           678    474    140     9.013     7.765     4.400     0.4284      0.5870      0.5157      0.2611
71      A         E           71           PRO           96.49           678    474    148     9.013     7.765     4.530     0.4335      0.5828      0.5111      0.2676
72      A         E           72           ARG           95.44           678    474    136     9.013     7.765     4.333     0.4258      0.5842      0.5125      0.2520
73      A         E           73           ALA           95.41           678    474    104     9.013     7.765     3.736     0.3852      0.5691      0.4963      0.1888
74      A         E           74           PRO           94.73           678    474     92     9.013     7.765     3.475     0.3532      0.5280      0.4543      0.1442
75      A         E           75           TRP           95.24           678    474    119     9.013     7.765     4.031     0.3989      0.5634      0.4904      0.2090
76      A         E           76           VAL           95.81           678    474    107     9.013     7.765     3.798     0.3772      0.5455      0.4721      0.1783
77      A         E           77           GLU           94.41           678    474     98     9.013     7.765     3.609     0.3648      0.5390      0.4654      0.1602
78      A         E           78           GLN           91.68           678    474     37     9.013     7.765     1.675     0.2929      0.5053      0.4316      0.0343
79      A         E           79           GLU           93.24           678    474     94     9.013     7.765     3.521     0.3518      0.5278      0.4542      0.1477
80      A         E           80           GLY           92.03           678    474     63     9.013     7.765     2.706     0.3171      0.5259      0.4521      0.0921
81      A         E           81           PRO           91.75           678    474    110     9.013     7.765     3.858     0.3851      0.5733      0.5009      0.2027
82      A         E           82           GLU           87.25           678    474    129     9.013     7.765     4.213     0.4197      0.5913      0.5201      0.2485
83      A         E           83           TYR           92.03           678    474    198     9.013     7.765     5.240     0.4744      0.5953      0.5252      0.3427
84      A         E           84           TRP           93.71           678    474    203     9.013     7.765     5.304     0.4865      0.6081      0.5384      0.3600
85      A         E           85           ASP           89.82           678    474    210     9.013     7.765     5.391     0.4981      0.6130      0.5437      0.3729
86      A         E           86           ARG           88.02           678    474    180     9.013     7.765     5.001     0.4664      0.6014      0.5320      0.3304
87      A         E           87           GLU           92.52           678    474    206     9.013     7.765     5.341     0.4926      0.6096      0.5405      0.3667
88      A         E           88           THR           93.30           678    474    223     9.013     7.765     5.547     0.5197      0.6269      0.5582      0.3994
89      A         E           89           GLN           88.37           678    474    216     9.013     7.765     5.464     0.5136      0.6267      0.5589      0.3955
90      A         E           90           LYS           90.87           678    474    215     9.013     7.765     5.452     0.5119      0.6251      0.5569      0.3919
91      A         E           91           TYR           94.21           678    474    234     9.013     7.765     5.674     0.5443      0.6465      0.5793      0.4319
92      A         E           92           LYS           91.30           678    474    238     9.013     7.765     5.720     0.5518      0.6521      0.5857      0.4428
93      A         E           93           ARG           88.35           678    474    204     9.013     7.765     5.316     0.5018      0.6276      0.5605      0.3869
94      A         E           94           GLN           92.98           678    474    229     9.013     7.765     5.617     0.5403      0.6476      0.5810      0.4301
95      A         E           95           ALA           93.70           678    474    238     9.013     7.765     5.720     0.5519      0.6524      0.5861      0.4436
96      A         E           96           GLN           89.77           678    474    236     9.013     7.765     5.697     0.5508      0.6518      0.5861      0.4435
97      A         E           97           THR           91.60           678    474    232     9.013     7.765     5.651     0.5459      0.6503      0.5845      0.4382
98      A         E           98           ASP           94.56           678    474    234     9.013     7.765     5.674     0.5508      0.6551      0.5894      0.4441
99      A         E           99           ARG           92.50           678    474    233     9.013     7.765     5.663     0.5514      0.6565      0.5909      0.4449
100     A         E          100           VAL           91.53           678    474    228     9.013     7.765     5.605     0.5446      0.6527      0.5869      0.4365
101     A         E          101           SER           94.76           678    474    243     9.013     7.765     5.775     0.5621      0.6583      0.5925      0.4550
102     A         E          102           LEU           95.65           678    474    242     9.013     7.765     5.764     0.5671      0.6645      0.5990      0.4603
103     A         E          103           ARG           92.10           678    474    228     9.013     7.765     5.605     0.5389      0.6459      0.5793      0.4278
104     A         E          104           ASN           94.18           678    474    236     9.013     7.765     5.697     0.5464      0.6474      0.5808      0.4363
105     A         E          105           LEU           96.40           678    474    233     9.013     7.765     5.663     0.5356      0.6346      0.5669      0.4190
106     A         E          106           ARG           95.32           678    474    219     9.013     7.765     5.500     0.5136      0.6220      0.5535      0.3921
107     A         E          107           GLY           94.30           678    474    216     9.013     7.765     5.464     0.5030      0.6096      0.5404      0.3764
108     A         E          108           TYR           96.36           678    474    233     9.013     7.765     5.663     0.5319      0.6282      0.5595      0.4103
109     A         E          109           TYR           96.75           678    474    225     9.013     7.765     5.570     0.5150      0.6154      0.5462      0.3900
110     A         E          110           ASN           96.49           678    474    156     9.013     7.765     4.654     0.4419      0.5854      0.5150      0.2852
111     A         E          111           GLN           96.07           678    474    134     9.013     7.765     4.299     0.4236      0.5807      0.5096      0.2492
112     A         E          112           SER           94.81           678    474     82     9.013     7.765     3.236     0.3480      0.5580      0.4853      0.1445
113     A         E          113           GLU           91.97           678    474     65     9.013     7.765     2.768     0.3166      0.5335      0.4603      0.0999
114     A         E          114           ALA           93.20           678    474     38     9.013     7.765     1.726     0.2768      0.5167      0.4433      0.0386
115     A         E          115           GLY           94.22           678    474     51     9.013     7.765     2.294     0.2921      0.5299      0.4565      0.0696
116     A         E          116           SER           96.47           678    474    142     9.013     7.765     4.433     0.4346      0.5904      0.5200      0.2701
117     A         E          117           HIS           97.44           678    474    207     9.013     7.765     5.354     0.4963      0.6089      0.5394      0.3657
118     A         E          118           THR           97.87           678    474    208     9.013     7.765     5.366     0.4975      0.6119      0.5427      0.3702
119     A         E          119           LEU           98.09           678    474    220     9.013     7.765     5.511     0.5058      0.6110      0.5415      0.3804
120     A         E          120           GLN           98.02           678    474    219     9.013     7.765     5.500     0.5062      0.6132      0.5438      0.3814
121     A         E          121           TRP           98.11           678    474    220     9.013     7.765     5.511     0.5042      0.6063      0.5362      0.3745
122     A         E          122           MET           98.08           678    474    192     9.013     7.765     5.162     0.4696      0.5917      0.5220      0.3350
123     A         E          123           PHE           97.66           678    474    204     9.013     7.765     5.316     0.4766      0.5866      0.5160      0.3403
124     A         E          124           GLY           97.29           678    474    101     9.013     7.765     3.673     0.3948      0.5842      0.5126      0.1968
125     A         E          125           CYS           96.85           678    474    128     9.013     7.765     4.195     0.4200      0.5831      0.5118      0.2412
126     A         E          126           ASP           96.84           678    474    153     9.013     7.765     4.608     0.4405      0.5813      0.5102      0.2756
127     A         E          127           LEU           95.56           678    474     97     9.013     7.765     3.587     0.3772      0.5574      0.4845      0.1704
128     A         E          128           GLY           93.11           678    474     39     9.013     7.765     1.777     0.2879      0.5194      0.4458      0.0410
129     A         E          129           PRO           90.09           678    474     19     9.013     7.765     1.000     0.2642      0.4904      0.4169      0.0118
130     A         E          130           ASP           90.01           678    474      9     9.013     7.765     1.000     0.2341      0.4717      0.3987      0.0109
131     A         E          131           GLY           89.01           678    474     18     9.013     7.765     1.000     0.2634      0.4930      0.4195      0.0119
132     A         E          132           ARG           91.90           678    474     32     9.013     7.765     1.388     0.2914      0.5153      0.4418      0.0251
133     A         E          133           LEU           95.12           678    474    115     9.013     7.765     3.956     0.3958      0.5441      0.4710      0.1907
134     A         E          134           LEU           95.26           678    474    105     9.013     7.765     3.757     0.3908      0.5582      0.4853      0.1844
135     A         E          135           ARG           95.70           678    474     81     9.013     7.765     3.211     0.3559      0.5614      0.4890      0.1452
136     A         E          136           GLY           96.69           678    474     99     9.013     7.765     3.631     0.3901      0.5737      0.5017      0.1861
137     A         E          137           TYR           96.56           678    474    109     9.013     7.765     3.838     0.4093      0.5966      0.5260      0.2216
138     A         E          138           ASP           97.41           678    474    159     9.013     7.765     4.699     0.4437      0.5768      0.5060      0.2811
139     A         E          139           GLN           97.28           678    474    100     9.013     7.765     3.652     0.3964      0.6008      0.5303      0.2083
140     A         E          140           SER           97.61           678    474    139     9.013     7.765     4.383     0.4354      0.5893      0.5188      0.2648
141     A         E          141           ALA           98.11           678    474    204     9.013     7.765     5.316     0.4867      0.5989      0.5293      0.3539
142     A         E          142           TYR           97.93           678    474    233     9.013     7.765     5.663     0.5281      0.6246      0.5556      0.4061
143     A         E          143           ASP           97.44           678    474    209     9.013     7.765     5.378     0.4962      0.6057      0.5359      0.3641
144     A         E          144           GLY           96.90           678    474    112     9.013     7.765     3.897     0.4069      0.5959      0.5250      0.2252
145     A         E          145           LYS           97.05           678    474    131     9.013     7.765     4.247     0.4296      0.5913      0.5207      0.2539
146     A         E          146           ASP           97.56           678    474    215     9.013     7.765     5.452     0.4944      0.5985      0.5285      0.3636
147     A         E          147           TYR           97.95           678    474    232     9.013     7.765     5.651     0.5192      0.6143      0.5448      0.3946
148     A         E          148           ILE           97.97           678    474    227     9.013     7.765     5.594     0.5023      0.5969      0.5266      0.3725
149     A         E          149           ALA           97.76           678    474    210     9.013     7.765     5.391     0.4874      0.5931      0.5231      0.3539
150     A         E          150           LEU           97.65           678    474    227     9.013     7.765     5.594     0.5017      0.5963      0.5258      0.3712
151     A         E          151           ASN           97.53           678    474    221     9.013     7.765     5.523     0.4963      0.5950      0.5245      0.3646
152     A         E          152           GLU           96.26           678    474    158     9.013     7.765     4.684     0.4390      0.5729      0.5013      0.2745
153     A         E          153           ASP           96.26           678    474    159     9.013     7.765     4.699     0.4367      0.5646      0.4927      0.2683
154     A         E          154           LEU           96.48           678    474    213     9.013     7.765     5.427     0.4806      0.5828      0.5117      0.3446
155     A         E          155           ARG           95.84           678    474    210     9.013     7.765     5.391     0.4775      0.5813      0.5102      0.3405
156     A         E          156           SER           97.08           678    474    202     9.013     7.765     5.291     0.4691      0.5733      0.5020      0.3249
157     A         E          157           TRP           97.84           678    474    226     9.013     7.765     5.582     0.5093      0.6057      0.5359      0.3807
158     A         E          158           THR           97.72           678    474    217     9.013     7.765     5.476     0.4915      0.5921      0.5216      0.3583
159     A         E          159           ALA           97.38           678    474    177     9.013     7.765     4.960     0.4522      0.5685      0.4969      0.2936
160     A         E          160           ALA           96.65           678    474    108     9.013     7.765     3.818     0.4026      0.5754      0.5037      0.2031
161     A         E          161           ASP           96.50           678    474    107     9.013     7.765     3.798     0.4025      0.5800      0.5083      0.2043
162     A         E          162           THR           96.89           678    474    186     9.013     7.765     5.083     0.4626      0.5820      0.5110      0.3165
163     A         E          163           ALA           96.97           678    474    226     9.013     7.765     5.582     0.5076      0.6058      0.5360      0.3807
164     A         E          164           ALA           97.55           678    474    231     9.013     7.765     5.640     0.5147      0.6088      0.5391      0.3886
165     A         E          165           GLN           97.47           678    474    241     9.013     7.765     5.753     0.5423      0.6351      0.5667      0.4244
166     A         E          166           ILE           95.99           678    474    243     9.013     7.765     5.775     0.5515      0.6439      0.5761      0.4357
167     A         E          167           THR           96.23           678    474    243     9.013     7.765     5.775     0.5523      0.6432      0.5753      0.4349
168     A         E          168           GLN           96.95           678    474    244     9.013     7.765     5.786     0.5579      0.6487      0.5812      0.4417
169     A         E          169           ARG           94.13           678    474    242     9.013     7.765     5.764     0.5489      0.6408      0.5732      0.4330
170     A         E          170           LYS           91.75           678    474    239     9.013     7.765     5.731     0.5402      0.6343      0.5670      0.4255
171     A         E          171           TRP           93.54           678    474    244     9.013     7.765     5.786     0.5599      0.6522      0.5856      0.4479
172     A         E          172           GLU           92.36           678    474    244     9.013     7.765     5.786     0.5515      0.6424      0.5748      0.4361
173     A         E          173           ALA           87.57           678    474    219     9.013     7.765     5.500     0.5134      0.6194      0.5511      0.3909
174     A         E          174           ALA           85.20           678    474    194     9.013     7.765     5.188     0.4789      0.6016      0.5328      0.3493
175     A         E          175           ARG           86.28           678    474    208     9.013     7.765     5.366     0.4910      0.6023      0.5332      0.3630
176     A         E          176           GLU           91.38           678    474    233     9.013     7.765     5.663     0.5205      0.6149      0.5463      0.3993
177     A         E          177           ALA           93.79           678    474    234     9.013     7.765     5.674     0.5219      0.6141      0.5448      0.3973
178     A         E          178           GLU           89.46           678    474    216     9.013     7.765     5.464     0.4964      0.5999      0.5301      0.3663
179     A         E          179           GLN           88.76           678    474    210     9.013     7.765     5.391     0.4989      0.6132      0.5444      0.3751
180     A         E          180           ARG           93.43           678    474    239     9.013     7.765     5.731     0.5325      0.6248      0.5562      0.4130
181     A         E          181           ARG           94.06           678    474    241     9.013     7.765     5.753     0.5387      0.6309      0.5624      0.4204
182     A         E          182           ALA           90.68           678    474    218     9.013     7.765     5.488     0.5045      0.6096      0.5400      0.3771
183     A         E          183           TYR           92.83           678    474    239     9.013     7.765     5.731     0.5382      0.6333      0.5648      0.4208
184     A         E          184           LEU           95.19           678    474    239     9.013     7.765     5.731     0.5376      0.6312      0.5625      0.4181
185     A         E          185           GLU           93.53           678    474    220     9.013     7.765     5.511     0.4870      0.5833      0.5124      0.3521
186     A         E          186           GLY           90.51           678    474    115     9.013     7.765     3.956     0.4033      0.5694      0.4975      0.2105
187     A         E          187           THR           91.01           678    474    201     9.013     7.765     5.278     0.4686      0.5775      0.5064      0.3279
188     A         E          188           CYS           94.39           678    474    216     9.013     7.765     5.464     0.4983      0.6050      0.5347      0.3688
189     A         E          189           VAL           95.21           678    474    213     9.013     7.765     5.427     0.4895      0.5959      0.5253      0.3573
190     A         E          190           GLU           92.76           678    474    208     9.013     7.765     5.366     0.4820      0.5922      0.5213      0.3481
191     A         E          191           TRP           94.89           678    474    210     9.013     7.765     5.391     0.4934      0.6052      0.5352      0.3636
192     A         E          192           LEU           95.94           678    474    221     9.013     7.765     5.523     0.5104      0.6152      0.5455      0.3840
193     A         E          193           ARG           95.05           678    474    217     9.013     7.765     5.476     0.4999      0.6072      0.5370      0.3718
194     A         E          194           ARG           95.22           678    474    219     9.013     7.765     5.500     0.5009      0.6063      0.5359      0.3724
195     A         E          195           TYR           96.31           678    474    220     9.013     7.765     5.511     0.5065      0.6111      0.5411      0.3785
196     A         E          196           LEU           95.31           678    474    210     9.013     7.765     5.391     0.4943      0.6065      0.5362      0.3639
197     A         E          197           GLU           94.35           678    474    165     9.013     7.765     4.788     0.4400      0.5714      0.4993      0.2797
198     A         E          198           ASN           95.17           678    474    141     9.013     7.765     4.416     0.4178      0.5595      0.4866      0.2379
199     A         E          199           GLY           94.38           678    474     69     9.013     7.765     2.887     0.3307      0.5096      0.4359      0.0972
200     A         E          200           LYS           93.21           678    474     53     9.013     7.765     2.369     0.3187      0.5039      0.4302      0.0661
201     A         E          201           GLU           92.35           678    474     32     9.013     7.765     1.388     0.2904      0.4810      0.4077      0.0216
202     A         E          202           THR           91.98           678    474     33     9.013     7.765     1.450     0.2952      0.4875      0.4140      0.0241
203     A         E          203           LEU           93.11           678    474     75     9.013     7.765     3.054     0.3407      0.5052      0.4315      0.1056
204     A         E          204           GLN           90.96           678    474     59     9.013     7.765     2.578     0.3243      0.4999      0.4263      0.0761
205     A         E          205           ARG           89.89           678    474      0     9.013     7.765     1.000     0.2347      0.0000      0.0000      0.0000
206     A         E          206           ALA           92.18           678    474      8     9.013     7.765     1.000     0.2559      0.4712      0.3982      0.0109
207     A         E          207           GLU           94.13           678    474     36     9.013     7.765     1.621     0.3038      0.4925      0.4190      0.0306
208     A         E          208           HIS           94.24           678    474     12     9.013     7.765     1.000     0.2751      0.4712      0.3982      0.0109
209     A         E          209           PRO           95.64           678    474     39     9.013     7.765     1.777     0.3079      0.4903      0.4168      0.0362
210     A         E          210           LYS           95.61           678    474     57     9.013     7.765     2.510     0.3243      0.4905      0.4170      0.0698
211     A         E          211           THR           94.85           678    474     30     9.013     7.765     1.258     0.2969      0.4767      0.4035      0.0175
212     A         E          212           HIS           93.68           678    474     25     9.013     7.765     1.000     0.2962      0.4725      0.3994      0.0109
213     A         E          213           VAL           93.75           678    474     45     9.013     7.765     2.053     0.3156      0.4768      0.4036      0.0452
214     A         E          214           THR           93.20           678    474     20     9.013     7.765     1.000     0.2940      0.4682      0.3953      0.0107
215     A         E          215           HIS           92.07           678    474      0     9.013     7.765     1.000     0.2725      0.0000      0.0000      0.0000
216     A         E          216           HIS           92.06           678    474      0     9.013     7.765     1.000     0.2478      0.0000      0.0000      0.0000
217     A         E          217           PRO           91.54           678    474      0     9.013     7.765     1.000     0.1897      0.0000      0.0000      0.0000
218     A         E          218           VAL           90.89           678    474      0     9.013     7.765     1.000     0.1642      0.0000      0.0000      0.0000
219     A         E          219           SER           91.60           678    474      0     9.013     7.765     1.000     0.1454      0.0000      0.0000      0.0000
220     A         E          220           ASP           91.18           678    474      0     9.013     7.765     1.000     0.1318      0.0000      0.0000      0.0000
221     A         E          221           HIS           92.99           678    474      0     9.013     7.765     1.000     0.1293      0.0000      0.0000      0.0000
222     A         E          222           GLU           91.55           678    474      0     9.013     7.765     1.000     0.1715      0.0000      0.0000      0.0000
223     A         E          223           ALA           91.53           678    474      0     9.013     7.765     1.000     0.2249      0.0000      0.0000      0.0000
224     A         E          224           THR           92.89           678    474      7     9.013     7.765     1.000     0.2800      0.4605      0.3879      0.0104
225     A         E          225           LEU           92.83           678    474     43     9.013     7.765     1.965     0.3168      0.4752      0.4020      0.0414
226     A         E          226           ARG           94.76           678    474     58     9.013     7.765     2.544     0.3262      0.4857      0.4123      0.0703
227     A         E          227           CYS           94.90           678    474     69     9.013     7.765     2.887     0.3325      0.4958      0.4222      0.0921
228     A         E          228           TRP           95.81           678    474     91     9.013     7.765     3.452     0.3535      0.5071      0.4334      0.1320
229     A         E          229           ALA           96.03           678    474    101     9.013     7.765     3.673     0.3697      0.5201      0.4463      0.1538
230     A         E          230           LEU           95.85           678    474     88     9.013     7.765     3.382     0.3555      0.5089      0.4351      0.1282
231     A         E          231           GLY           95.49           678    474     41     9.013     7.765     1.873     0.3104      0.4966      0.4229      0.0411
232     A         E          232           PHE           96.13           678    474    115     9.013     7.765     3.956     0.3943      0.5455      0.4720      0.1903
233     A         E          233           TYR           95.33           678    474     95     9.013     7.765     3.543     0.3755      0.5394      0.4658      0.1553
234     A         E          234           PRO           94.68           678    474     73     9.013     7.765     3.000     0.3385      0.5143      0.4406      0.1060
235     A         E          235           ALA           95.20           678    474     80     9.013     7.765     3.186     0.3432      0.5136      0.4398      0.1176
236     A         E          236           GLU           94.49           678    474     85     9.013     7.765     3.310     0.3536      0.5188      0.4450      0.1281
237     A         E          237           ILE           95.44           678    474    100     9.013     7.765     3.652     0.3654      0.5235      0.4498      0.1544
238     A         E          238           THR           94.70           678    474     56     9.013     7.765     2.476     0.3259      0.4917      0.4182      0.0684
239     A         E          239           LEU           93.72           678    474      7     9.013     7.765     1.000     0.2738      0.4649      0.3921      0.0106
240     A         E          240           THR           93.50           678    474     10     9.013     7.765     1.000     0.2812      0.4691      0.3962      0.0108
241     A         E          241           TRP           93.42           678    474     17     9.013     7.765     1.000     0.2939      0.4668      0.3939      0.0107
242     A         E          242           GLN           91.72           678    474      0     9.013     7.765     1.000     0.2139      0.0000      0.0000      0.0000
243     A         E          243           TRP           88.83           678    474      0     9.013     7.765     1.000     0.1505      0.0000      0.0000      0.0000
244     A         E          244           ASP           84.57           678    474      0     9.013     7.765     1.000     0.1276      0.0000      0.0000      0.0000
245     A         E          245           GLY           82.99           678    474      0     9.013     7.765     1.000     0.1243      0.0000      0.0000      0.0000
246     A         E          246           GLU           86.12           678    474      0     9.013     7.765     1.000     0.1307      0.0000      0.0000      0.0000
247     A         E          247           ASP           85.69           678    474      0     9.013     7.765     1.000     0.1481      0.0000      0.0000      0.0000
248     A         E          248           GLN           83.95           678    474      0     9.013     7.765     1.000     0.1336      0.0000      0.0000      0.0000
249     A         E          249           THR           83.11           678    474      0     9.013     7.765     1.000     0.1215      0.0000      0.0000      0.0000
250     A         E          250           GLN           80.14           678    474      0     9.013     7.765     1.000     0.1061      0.0000      0.0000      0.0000
251     A         E          251           ASP           84.63           678    474      0     9.013     7.765     1.000     0.1125      0.0000      0.0000      0.0000
252     A         E          252           THR           89.76           678    474      0     9.013     7.765     1.000     0.1854      0.0000      0.0000      0.0000
253     A         E          253           GLU           92.26           678    474      0     9.013     7.765     1.000     0.2576      0.0000      0.0000      0.0000
254     A         E          254           LEU           93.26           678    474      0     9.013     7.765     1.000     0.2638      0.0000      0.0000      0.0000
255     A         E          255           VAL           94.08           678    474     30     9.013     7.765     1.258     0.3008      0.4721      0.3991      0.0172
256     A         E          256           GLU           94.54           678    474     54     9.013     7.765     2.405     0.3234      0.4936      0.4200      0.0652
257     A         E          257           THR           96.19           678    474    125     9.013     7.765     4.141     0.4031      0.5495      0.4763      0.2079
258     A         E          258           ARG           96.75           678    474     97     9.013     7.765     3.587     0.3684      0.5327      0.4590      0.1547
259     A         E          259           PRO           96.86           678    474    103     9.013     7.765     3.715     0.3818      0.5476      0.4741      0.1730
260     A         E          260           ALA           96.10           678    474     87     9.013     7.765     3.359     0.3509      0.5126      0.4388      0.1284
261     A         E          261           GLY           94.66           678    474     38     9.013     7.765     1.726     0.2992      0.4909      0.4173      0.0343
262     A         E          262           ASP           94.64           678    474     41     9.013     7.765     1.873     0.3060      0.4869      0.4135      0.0395
263     A         E          263           GLY           93.66           678    474     52     9.013     7.765     2.332     0.3112      0.4977      0.4241      0.0627
264     A         E          264           THR           95.86           678    474    106     9.013     7.765     3.777     0.3765      0.5343      0.4607      0.1696
265     A         E          265           PHE           96.80           678    474    158     9.013     7.765     4.684     0.4364      0.5707      0.4982      0.2692
266     A         E          266           GLN           96.65           678    474    125     9.013     7.765     4.141     0.3983      0.5425      0.4690      0.2027
267     A         E          267           LYS           96.53           678    474    122     9.013     7.765     4.087     0.3987      0.5416      0.4680      0.1977
268     A         E          268           TRP           95.64           678    474     86     9.013     7.765     3.335     0.3467      0.5020      0.4283      0.1219
269     A         E          269           ALA           94.95           678    474     54     9.013     7.765     2.405     0.3257      0.4837      0.4104      0.0628
270     A         E          270           ALA           94.26           678    474      9     9.013     7.765     1.000     0.2859      0.4658      0.3929      0.0106
271     A         E          271           VAL           92.97           678    474      0     9.013     7.765     1.000     0.2561      0.0000      0.0000      0.0000
272     A         E          272           VAL           92.23           678    474      0     9.013     7.765     1.000     0.2667      0.0000      0.0000      0.0000
273     A         E          273           VAL           91.56           678    474      0     9.013     7.765     1.000     0.2247      0.0000      0.0000      0.0000
274     A         E          274           PRO           91.08           678    474      0     9.013     7.765     1.000     0.2025      0.0000      0.0000      0.0000
275     A         E          275           SER           90.43           678    474      0     9.013     7.765     1.000     0.1697      0.0000      0.0000      0.0000
276     A         E          276           GLY           89.22           678    474      0     9.013     7.765     1.000     0.1469      0.0000      0.0000      0.0000
277     A         E          277           GLU           88.65           678    474      0     9.013     7.765     1.000     0.1715      0.0000      0.0000      0.0000
278     A         E          278           GLU           88.65           678    474      0     9.013     7.765     1.000     0.1975      0.0000      0.0000      0.0000
279     A         E          279           GLN           89.92           678    474      0     9.013     7.765     1.000     0.2006      0.0000      0.0000      0.0000
280     A         E          280           ARG           89.96           678    474      0     9.013     7.765     1.000     0.1942      0.0000      0.0000      0.0000
281     A         E          281           TYR           92.00           678    474      0     9.013     7.765     1.000     0.2617      0.0000      0.0000      0.0000
282     A         E          282           THR           93.17           678    474      2     9.013     7.765     1.000     0.2662      0.4557      0.3833      0.0102
283     A         E          283           CYS           93.82           678    474     32     9.013     7.765     1.388     0.2943      0.4809      0.4076      0.0216
284     A         E          284           HIS           94.44           678    474     31     9.013     7.765     1.325     0.3068      0.4760      0.4029      0.0193
285     A         E          285           VAL           95.48           678    474     70     9.013     7.765     2.916     0.3367      0.4981      0.4244      0.0946
286     A         E          286           GLN           95.43           678    474     64     9.013     7.765     2.738     0.3316      0.4933      0.4198      0.0829
287     A         E          287           HIS           94.93           678    474     55     9.013     7.765     2.441     0.3219      0.4976      0.4240      0.0682
288     A         E          288           GLU           92.32           678    474      0     9.013     7.765     1.000     0.2350      0.0000      0.0000      0.0000
289     A         E          289           GLY           91.59           678    474      0     9.013     7.765     1.000     0.2340      0.0000      0.0000      0.0000
290     A         E          290           LEU           93.03           678    474      6     9.013     7.765     1.000     0.2644      0.4608      0.3882      0.0104
291     A         E          291           PRO           92.19           678    474      0     9.013     7.765     1.000     0.2057      0.0000      0.0000      0.0000
292     A         E          292           GLU           93.85           678    474      0     9.013     7.765     1.000     0.1975      0.0000      0.0000      0.0000
293     A         E          293           PRO           93.15           678    474      0     9.013     7.765     1.000     0.2282      0.0000      0.0000      0.0000
294     A         E          294           LEU           93.47           678    474      0     9.013     7.765     1.000     0.2379      0.0000      0.0000      0.0000
295     A         E          295           THR           93.39           678    474      1     9.013     7.765     1.000     0.2567      0.4532      0.3809      0.0101
296     A         E          296           LEU           92.22           678    474      0     9.013     7.765     1.000     0.2334      0.0000      0.0000      0.0000
297     A         E          297           ARG           90.92           678    474      0     9.013     7.765     1.000     0.2136      0.0000      0.0000      0.0000
298     A         E          298           TRP           90.42           678    474      0     9.013     7.765     1.000     0.1857      0.0000      0.0000      0.0000
299     A         E          299           GLU           85.39           678    474      0     9.013     7.765     1.000     0.1186      0.0000      0.0000      0.0000
300     A         E          300           PRO           82.59           678    474      0     9.013     7.765     1.000     0.1080      0.0000      0.0000      0.0000
301     A         E          301           SER           71.46           678    474      0     9.013     7.765     1.000     0.0842      0.0000      0.0000      0.0000
302     A         E          302           SER           55.74           678    474      0     9.013     7.765     1.000     0.0800      0.0000      0.0000      0.0000
303     A         E          303           GLN           43.52           678    474      0     9.013     7.765     1.000     0.0787      0.0000      0.0000      0.0000
304     A         E          304           PRO           40.87           678    474      0     9.013     7.765     1.000     0.0777      0.0000      0.0000      0.0000
305     A         E          305           THR           37.65           678    474      0     9.013     7.765     1.000     0.0770      0.0000      0.0000      0.0000
306     A         E          306           ILE           43.51           678    474      0     9.013     7.765     1.000     0.0770      0.0000      0.0000      0.0000
307     A         E          307           PRO           40.88           678    474      0     9.013     7.765     1.000     0.0765      0.0000      0.0000      0.0000
308     A         E          308           ILE           45.34           678    474      0     9.013     7.765     1.000     0.0769      0.0000      0.0000      0.0000
309     A         E          309           VAL           44.81           678    474      0     9.013     7.765     1.000     0.0766      0.0000      0.0000      0.0000
310     A         E          310           GLY           45.12           678    474      0     9.013     7.765     1.000     0.0767      0.0000      0.0000      0.0000
311     A         E          311           ILE           51.80           678    474      0     9.013     7.765     1.000     0.0771      0.0000      0.0000      0.0000
312     A         E          312           VAL           55.44           678    474      0     9.013     7.765     1.000     0.0775      0.0000      0.0000      0.0000
313     A         E          313           ALA           56.53           678    474      0     9.013     7.765     1.000     0.0771      0.0000      0.0000      0.0000
314     A         E          314           GLY           55.69           678    474      0     9.013     7.765     1.000     0.0766      0.0000      0.0000      0.0000
315     A         E          315           LEU           62.65           678    474      0     9.013     7.765     1.000     0.0775      0.0000      0.0000      0.0000
316     A         E          316           ALA           64.03           678    474      0     9.013     7.765     1.000     0.0775      0.0000      0.0000      0.0000
317     A         E          317           VAL           62.35           678    474      0     9.013     7.765     1.000     0.0773      0.0000      0.0000      0.0000
318     A         E          318           LEU           63.20           678    474      0     9.013     7.765     1.000     0.0772      0.0000      0.0000      0.0000
319     A         E          319           ALA           66.72           678    474      0     9.013     7.765     1.000     0.0773      0.0000      0.0000      0.0000
320     A         E          320           VAL           65.40           678    474      0     9.013     7.765     1.000     0.0771      0.0000      0.0000      0.0000
321     A         E          321           LEU           63.44           678    474      0     9.013     7.765     1.000     0.0770      0.0000      0.0000      0.0000
322     A         E          322           ALA           65.61           678    474      0     9.013     7.765     1.000     0.0767      0.0000      0.0000      0.0000
323     A         E          323           VAL           63.23           678    474      0     9.013     7.765     1.000     0.0767      0.0000      0.0000      0.0000
324     A         E          324           LEU           61.72           678    474      0     9.013     7.765     1.000     0.0766      0.0000      0.0000      0.0000
325     A         E          325           GLY           60.91           678    474      0     9.013     7.765     1.000     0.0762      0.0000      0.0000      0.0000
326     A         E          326           ALA           61.63           678    474      0     9.013     7.765     1.000     0.0762      0.0000      0.0000      0.0000
327     A         E          327           VAL           60.37           678    474      0     9.013     7.765     1.000     0.0762      0.0000      0.0000      0.0000
328     A         E          328           VAL           60.25           678    474      0     9.013     7.765     1.000     0.0759      0.0000      0.0000      0.0000
329     A         E          329           ALA           60.38           678    474      0     9.013     7.765     1.000     0.0758      0.0000      0.0000      0.0000
330     A         E          330           VAL           65.00           678    474      0     9.013     7.765     1.000     0.0760      0.0000      0.0000      0.0000
331     A         E          331           VAL           60.80           678    474      0     9.013     7.765     1.000     0.0757      0.0000      0.0000      0.0000
332     A         E          332           MET           57.53           678    474      0     9.013     7.765     1.000     0.0757      0.0000      0.0000      0.0000
333     A         E          333           CYS           56.15           678    474      0     9.013     7.765     1.000     0.0756      0.0000      0.0000      0.0000
334     A         E          334           ARG           55.63           678    474      0     9.013     7.765     1.000     0.0756      0.0000      0.0000      0.0000
335     A         E          335           ARG           54.41           678    474      0     9.013     7.765     1.000     0.0754      0.0000      0.0000      0.0000
336     A         E          336           LYS           50.22           678    474      0     9.013     7.765     1.000     0.0753      0.0000      0.0000      0.0000
337     A         E          337           SER           39.83           678    474      0     9.013     7.765     1.000     0.0749      0.0000      0.0000      0.0000
338     A         E          338           SER           32.65           678    474      0     9.013     7.765     1.000     0.0748      0.0000      0.0000      0.0000
339     A         E          339           GLY           27.54           678    474      0     9.013     7.765     1.000     0.0748      0.0000      0.0000      0.0000
340     A         E          340           GLY           26.82           678    474      0     9.013     7.765     1.000     0.0748      0.0000      0.0000      0.0000
341     A         E          341           LYS           28.16           678    474      0     9.013     7.765     1.000     0.0748      0.0000      0.0000      0.0000
342     A         E          342           GLY           23.75           678    474      0     9.013     7.765     1.000     0.0748      0.0000      0.0000      0.0000
343     A         E          343           GLY           23.31           678    474      0     9.013     7.765     1.000     0.0748      0.0000      0.0000      0.0000
344     A         E          344           SER           21.60           678    474      0     9.013     7.765     1.000     0.0748      0.0000      0.0000      0.0000
345     A         E          345           CYS           22.99           678    474      0     9.013     7.765     1.000     0.0748      0.0000      0.0000      0.0000
346     A         E          346           SER           23.02           678    474      0     9.013     7.765     1.000     0.0748      0.0000      0.0000      0.0000
347     A         E          347           GLN           21.24           678    474      0     9.013     7.765     1.000     0.0748      0.0000      0.0000      0.0000
348     A         E          348           ALA           25.13           678    474      0     9.013     7.765     1.000     0.0748      0.0000      0.0000      0.0000
349     A         E          349           ALA           26.82           678    474      0     9.013     7.765     1.000     0.0748      0.0000      0.0000      0.0000
350     A         E          350           SER           24.87           678    474      0     9.013     7.765     1.000     0.0749      0.0000      0.0000      0.0000
351     A         E          351           SER           27.36           678    474      0     9.013     7.765     1.000     0.0749      0.0000      0.0000      0.0000
352     A         E          352           ASN           26.73           678    474      0     9.013     7.765     1.000     0.0749      0.0000      0.0000      0.0000
353     A         E          353           SER           28.94           678    474      0     9.013     7.765     1.000     0.0750      0.0000      0.0000      0.0000
354     A         E          354           ALA           28.04           678    474      0     9.013     7.765     1.000     0.0751      0.0000      0.0000      0.0000
355     A         E          355           GLN           26.69           678    474      0     9.013     7.765     1.000     0.0752      0.0000      0.0000      0.0000
356     A         E          356           GLY           27.72           678    474      0     9.013     7.765     1.000     0.0754      0.0000      0.0000      0.0000
357     A         E          357           SER           28.08           678    474      0     9.013     7.765     1.000     0.0756      0.0000      0.0000      0.0000
358     A         E          358           ASP           26.52           678    474      0     9.013     7.765     1.000     0.0759      0.0000      0.0000      0.0000
359     A         E          359           GLU           30.14           678    474      0     9.013     7.765     1.000     0.0765      0.0000      0.0000      0.0000
360     A         E          360           SER           29.58           678    474      0     9.013     7.765     1.000     0.0766      0.0000      0.0000      0.0000
361     A         E          361           LEU           30.49           678    474      0     9.013     7.765     1.000     0.0782      0.0000      0.0000      0.0000
362     A         E          362           ILE           33.73           678    474      0     9.013     7.765     1.000     0.0780      0.0000      0.0000      0.0000
363     A         E          363           ALA           33.66           678    474      0     9.013     7.765     1.000     0.0782      0.0000      0.0000      0.0000
364     A         E          364           CYS           40.14           678    474      0     9.013     7.765     1.000     0.0851      0.0000      0.0000      0.0000
365     A         E          365           LYS           30.69           678    474      0     9.013     7.765     1.000     0.0778      0.0000      0.0000      0.0000
366     A         E          366           ALA           22.27           678    474      0     9.013     7.765     1.000     0.0765      0.0000      0.0000      0.0000
367     B         A            1           ILE           85.13           465    384     12     7.702     7.094     1.000     0.1403      0.4825      0.4435      0.0174
368     B         A            2           GLN           94.04           465    384    252     7.702     7.094     5.874     0.4148      0.5333      0.4941      0.4055
369     B         A            3           ARG           97.01           465    384    283     7.702     7.094     6.195     0.6294      0.7858      0.7580      0.7074
370     B         A            4           THR           96.95           465    384    283     7.702     7.094     6.195     0.6300      0.7862      0.7584      0.7077
371     B         A            5           PRO           97.42           465    384    283     7.702     7.094     6.195     0.6413      0.8006      0.7741      0.7255
372     B         A            6           LYS           97.06           465    384    284     7.702     7.094     6.205     0.6762      0.8441      0.8221      0.7815
373     B         A            7           ILE           97.19           465    384    284     7.702     7.094     6.205     0.6781      0.8463      0.8246      0.7844
374     B         A            8           GLN           96.72           465    384    284     7.702     7.094     6.205     0.6658      0.8304      0.8070      0.7638
375     B         A            9           VAL           97.05           465    384    284     7.702     7.094     6.205     0.6720      0.8386      0.8161      0.7746
376     B         A           10           TYR           96.84           465    384    284     7.702     7.094     6.205     0.6852      0.8557      0.8352      0.7969
377     B         A           11           SER           96.13           465    384    285     7.702     7.094     6.214     0.6361      0.7904      0.7636      0.7160
378     B         A           12           ARG           96.42           465    384    284     7.702     7.094     6.205     0.6488      0.8078      0.7823      0.7360
379     B         A           13           HIS           94.47           465    384    283     7.702     7.094     6.195     0.6347      0.7912      0.7642      0.7150
380     B         A           14           PRO           93.31           465    384    284     7.702     7.094     6.205     0.5960      0.7401      0.7094      0.6553
381     B         A           15           ALA           93.01           465    384    283     7.702     7.094     6.195     0.5213      0.6461      0.6109      0.5507
382     B         A           16           GLU           93.87           465    384    282     7.702     7.094     6.185     0.4924      0.6101      0.5731      0.5099
383     B         A           17           ASN           94.28           465    384    282     7.702     7.094     6.185     0.4949      0.6132      0.5758      0.5120
384     B         A           18           GLY           94.31           465    384    232     7.702     7.094     5.651     0.4002      0.5241      0.4847      0.3782
385     B         A           19           LYS           95.21           465    384    282     7.702     7.094     6.185     0.4995      0.6194      0.5817      0.5170
386     B         A           20           SER           96.01           465    384    283     7.702     7.094     6.195     0.5695      0.7081      0.6745      0.6154
387     B         A           21           ASN           95.99           465    384    283     7.702     7.094     6.195     0.6110      0.7613      0.7315      0.6779
388     B         A           22           PHE           96.82           465    384    284     7.702     7.094     6.205     0.6526      0.8125      0.7873      0.7414
389     B         A           23           LEU           97.13           465    384    284     7.702     7.094     6.205     0.6691      0.8341      0.8111      0.7687
390     B         A           24           ASN           97.60           465    384    284     7.702     7.094     6.205     0.6757      0.8432      0.8212      0.7805
391     B         A           25           CYS           97.87           465    384    284     7.702     7.094     6.205     0.6977      0.8714      0.8527      0.8175
392     B         A           26           TYR           97.90           465    384    284     7.702     7.094     6.205     0.7089      0.8860      0.8691      0.8373
393     B         A           27           VAL           97.97           465    384    284     7.702     7.094     6.205     0.6905      0.8621      0.8423      0.8054
394     B         A           28           SER           97.42           465    384    284     7.702     7.094     6.205     0.6506      0.8110      0.7857      0.7396
395     B         A           29           GLY           97.22           465    384    283     7.702     7.094     6.195     0.6427      0.8030      0.7768      0.7288
396     B         A           30           PHE           97.87           465    384    284     7.702     7.094     6.205     0.6951      0.8690      0.8503      0.8152
397     B         A           31           HIS           97.69           465    384    282     7.702     7.094     6.185     0.6597      0.8275      0.8040      0.7597
398     B         A           32           PRO           97.03           465    384    282     7.702     7.094     6.185     0.6145      0.7693      0.7406      0.6884
399     B         A           33           SER           96.96           465    384    282     7.702     7.094     6.185     0.6086      0.7615      0.7324      0.6795
400     B         A           34           ASP           96.30           465    384    282     7.702     7.094     6.185     0.6251      0.7828      0.7554      0.7050
401     B         A           35           ILE           97.13           465    384    283     7.702     7.094     6.195     0.6528      0.8162      0.7915      0.7459
402     B         A           36           GLU           96.94           465    384    283     7.702     7.094     6.195     0.6249      0.7802      0.7522      0.7013
403     B         A           37           VAL           97.47           465    384    283     7.702     7.094     6.195     0.6531      0.8161      0.7912      0.7450
404     B         A           38           ASP           97.17           465    384    283     7.702     7.094     6.195     0.6214      0.7756      0.7469      0.6947
405     B         A           39           LEU           97.30           465    384    284     7.702     7.094     6.205     0.6566      0.8185      0.7937      0.7483
406     B         A           40           LEU           96.81           465    384    283     7.702     7.094     6.195     0.6392      0.7978      0.7708      0.7214
407     B         A           41           LYS           96.56           465    384    283     7.702     7.094     6.195     0.6143      0.7658      0.7360      0.6821
408     B         A           42           ASN           95.72           465    384    283     7.702     7.094     6.195     0.5407      0.6717      0.6357      0.5734
409     B         A           43           GLY           94.69           465    384    282     7.702     7.094     6.185     0.4650      0.5749      0.5355      0.4691
410     B         A           44           GLU           95.79           465    384    282     7.702     7.094     6.185     0.4833      0.5983      0.5595      0.4934
411     B         A           45           ARG           96.46           465    384    283     7.702     7.094     6.195     0.5823      0.7248      0.6919      0.6335
412     B         A           46           ILE           96.03           465    384    283     7.702     7.094     6.195     0.5662      0.7039      0.6697      0.6095
413     B         A           47           GLU           93.97           465    384    191     7.702     7.094     5.149     0.3565      0.4846      0.4448      0.3003
414     B         A           48           LYS           92.02           465    384    241     7.702     7.094     5.753     0.4061      0.5284      0.4892      0.3911
415     B         A           49           VAL           96.27           465    384    282     7.702     7.094     6.185     0.5896      0.7361      0.7045      0.6475
416     B         A           50           GLU           96.37           465    384    283     7.702     7.094     6.195     0.6327      0.7898      0.7625      0.7127
417     B         A           51           HIS           96.76           465    384    284     7.702     7.094     6.205     0.6572      0.8202      0.7961      0.7523
418     B         A           52           SER           96.63           465    384    284     7.702     7.094     6.205     0.6594      0.8224      0.7987      0.7554
419     B         A           53           ASP           96.76           465    384    284     7.702     7.094     6.205     0.6778      0.8468      0.8258      0.7872
420     B         A           54           LEU           97.33           465    384    284     7.702     7.094     6.205     0.6940      0.8676      0.8490      0.8144
421     B         A           55           SER           97.48           465    384    284     7.702     7.094     6.205     0.6773      0.8454      0.8243      0.7853
422     B         A           56           PHE           97.74           465    384    283     7.702     7.094     6.195     0.6992      0.8769      0.8593      0.8260
423     B         A           57           SER           96.91           465    384    284     7.702     7.094     6.205     0.6717      0.8386      0.8165      0.7758
424     B         A           58           LYS           95.42           465    384    283     7.702     7.094     6.195     0.6547      0.8184      0.7941      0.7491
425     B         A           59           ASP           96.52           465    384    283     7.702     7.094     6.195     0.6609      0.8270      0.8036      0.7601
426     B         A           60           TRP           97.64           465    384    283     7.702     7.094     6.195     0.7012      0.8798      0.8625      0.8295
427     B         A           61           SER           97.79           465    384    284     7.702     7.094     6.205     0.6887      0.8605      0.8409      0.8043
428     B         A           62           PHE           98.11           465    384    284     7.702     7.094     6.205     0.7160      0.8964      0.8813      0.8528
429     B         A           63           TYR           97.85           465    384    284     7.702     7.094     6.205     0.7098      0.8879      0.8716      0.8408
430     B         A           64           LEU           97.79           465    384    284     7.702     7.094     6.205     0.7006      0.8762      0.8583      0.8247
431     B         A           65           LEU           97.92           465    384    284     7.702     7.094     6.205     0.7051      0.8813      0.8638      0.8311
432     B         A           66           TYR           98.00           465    384    284     7.702     7.094     6.205     0.7093      0.8867      0.8700      0.8384
433     B         A           67           TYR           97.58           465    384    284     7.702     7.094     6.205     0.6803      0.8495      0.8283      0.7888
434     B         A           68           THR           97.12           465    384    283     7.702     7.094     6.195     0.6267      0.7817      0.7536      0.7023
435     B         A           69           GLU           96.62           465    384    283     7.702     7.094     6.195     0.6094      0.7588      0.7287      0.6743
436     B         A           70           PHE           95.76           465    384    283     7.702     7.094     6.195     0.6056      0.7545      0.7242      0.6696
437     B         A           71           THR           95.51           465    384    283     7.702     7.094     6.195     0.5628      0.6989      0.6647      0.6048
438     B         A           72           PRO           95.01           465    384    282     7.702     7.094     6.185     0.5065      0.6274      0.5902      0.5261
439     B         A           73           THR           93.81           465    384    281     7.702     7.094     6.175     0.4659      0.5763      0.5377      0.4717
440     B         A           74           GLU           92.87           465    384    245     7.702     7.094     5.797     0.3947      0.5062      0.4664      0.3715
441     B         A           75           LYS           92.94           465    384    133     7.702     7.094     4.282     0.3091      0.4441      0.4044      0.2002
442     B         A           76           ASP           94.41           465    384    282     7.702     7.094     6.185     0.4971      0.6159      0.5776      0.5120
443     B         A           77           GLU           95.97           465    384    283     7.702     7.094     6.195     0.5512      0.6845      0.6492      0.5876
444     B         A           78           TYR           96.85           465    384    284     7.702     7.094     6.205     0.6462      0.8050      0.7789      0.7313
445     B         A           79           ALA           97.10           465    384    283     7.702     7.094     6.195     0.6330      0.7895      0.7618      0.7112
446     B         A           80           CYS           97.44           465    384    283     7.702     7.094     6.195     0.6592      0.8233      0.7989      0.7535
447     B         A           81           ARG           97.76           465    384    284     7.702     7.094     6.205     0.6572      0.8195      0.7949      0.7498
448     B         A           82           VAL           97.65           465    384    284     7.702     7.094     6.205     0.6603      0.8235      0.7994      0.7551
449     B         A           83           ASN           97.55           465    384    283     7.702     7.094     6.195     0.6256      0.7810      0.7528      0.7016
450     B         A           84           HIS           97.34           465    384    283     7.702     7.094     6.195     0.6535      0.8170      0.7922      0.7463
451     B         A           85           VAL           96.67           465    384    283     7.702     7.094     6.195     0.6362      0.7951      0.7682      0.7188
452     B         A           86           THR           96.49           465    384    282     7.702     7.094     6.185     0.6193      0.7745      0.7457      0.6926
453     B         A           87           LEU           95.90           465    384    282     7.702     7.094     6.185     0.5858      0.7312      0.6990      0.6409
454     B         A           88           SER           95.28           465    384    279     7.702     7.094     6.155     0.4705      0.5869      0.5480      0.4799
455     B         A           89           GLN           95.56           465    384    279     7.702     7.094     6.155     0.4374      0.5424      0.5027      0.4343
456     B         A           90           PRO           96.25           465    384    282     7.702     7.094     6.185     0.5394      0.6706      0.6345      0.5711
457     B         A           91           LYS           96.94           465    384    283     7.702     7.094     6.195     0.5963      0.7426      0.7110      0.6544
458     B         A           92           ILE           97.18           465    384    283     7.702     7.094     6.195     0.6306      0.7870      0.7591      0.7083
459     B         A           93           VAL           96.80           465    384    283     7.702     7.094     6.195     0.6306      0.7867      0.7588      0.7079
460     B         A           94           LYS           96.48           465    384    283     7.702     7.094     6.195     0.5758      0.7161      0.6832      0.6251
461     B         A           95           TRP           95.77           465    384    283     7.702     7.094     6.195     0.6012      0.7487      0.7180      0.6631
462     B         A           96           ASP           93.15           465    384    275     7.702     7.094     6.114     0.4725      0.5911      0.5540      0.4859
463     B         A           97           ARG           88.79           465    384    206     7.702     7.094     5.341     0.3979      0.5457      0.5077      0.3789
464     B         A           98           ASP           85.19           465    384    114     7.702     7.094     3.936     0.3217      0.5471      0.5084      0.2544
465     B         A           99           MET           86.56           465    384     54     7.702     7.094     2.405     0.2352      0.5096      0.4703      0.0999
367     B         C            1           ILE           85.13           108    104      0     3.818     3.736     1.000     0.0397      0.0000      0.0000      0.0000
368     B         C            2           GLN           94.04           108    104      9     3.818     3.736     1.000     0.1743      0.1743      0.1682      0.0144
369     B         C            3           ARG           97.01           108    104      9     3.818     3.736     1.000     0.4606      0.4606      0.4499      0.0562
370     B         C            4           THR           96.95           108    104      9     3.818     3.736     1.000     0.4121      0.4121      0.4018      0.0467
371     B         C            5           PRO           97.42           108    104      9     3.818     3.736     1.000     0.4491      0.4491      0.4384      0.0535
372     B         C            6           LYS           97.06           108    104      9     3.818     3.736     1.000     0.5350      0.5350      0.5243      0.0745
373     B         C            7           ILE           97.19           108    104      9     3.818     3.736     1.000     0.5168      0.5168      0.5061      0.0695
374     B         C            8           GLN           96.72           108    104      9     3.818     3.736     1.000     0.4671      0.4671      0.4564      0.0575
375     B         C            9           VAL           97.05           108    104      9     3.818     3.736     1.000     0.4639      0.4639      0.4533      0.0567
376     B         C           10           TYR           96.84           108    104      9     3.818     3.736     1.000     0.5124      0.5124      0.5017      0.0685
377     B         C           11           SER           96.13           108    104      9     3.818     3.736     1.000     0.3541      0.3541      0.3444      0.0366
378     B         C           12           ARG           96.42           108    104      9     3.818     3.736     1.000     0.4139      0.4139      0.4035      0.0467
379     B         C           13           HIS           94.47           108    104      9     3.818     3.736     1.000     0.3799      0.3799      0.3699      0.0410
380     B         C           14           PRO           93.31           108    104      9     3.818     3.736     1.000     0.3055      0.3055      0.2965      0.0297
381     B         C           15           ALA           93.01           108    104      9     3.818     3.736     1.000     0.1984      0.1984      0.1917      0.0168
382     B         C           16           GLU           93.87           108    104      9     3.818     3.736     1.000     0.1838      0.1838      0.1774      0.0153
383     B         C           17           ASN           94.28           108    104      9     3.818     3.736     1.000     0.1881      0.1881      0.1816      0.0157
384     B         C           18           GLY           94.31           108    104      4     3.818     3.736     1.000     0.1295      0.1482      0.1428      0.0118
385     B         C           19           LYS           95.21           108    104      9     3.818     3.736     1.000     0.2185      0.2185      0.2112      0.0190
386     B         C           20           SER           96.01           108    104      9     3.818     3.736     1.000     0.3002      0.3002      0.2912      0.0288
387     B         C           21           ASN           95.99           108    104      9     3.818     3.736     1.000     0.3560      0.3560      0.3463      0.0369
388     B         C           22           PHE           96.82           108    104      9     3.818     3.736     1.000     0.4344      0.4344      0.4239      0.0506
389     B         C           23           LEU           97.13           108    104      9     3.818     3.736     1.000     0.4669      0.4669      0.4563      0.0575
390     B         C           24           ASN           97.60           108    104      9     3.818     3.736     1.000     0.5091      0.5091      0.4983      0.0674
391     B         C           25           CYS           97.87           108    104      9     3.818     3.736     1.000     0.5667      0.5667      0.5562      0.0841
392     B         C           26           TYR           97.90           108    104      9     3.818     3.736     1.000     0.6146      0.6146      0.6044      0.1007
393     B         C           27           VAL           97.97           108    104      9     3.818     3.736     1.000     0.5761      0.5761      0.5656      0.0870
394     B         C           28           SER           97.42           108    104      9     3.818     3.736     1.000     0.4702      0.4702      0.4595      0.0579
395     B         C           29           GLY           97.22           108    104      9     3.818     3.736     1.000     0.4619      0.4619      0.4513      0.0566
396     B         C           30           PHE           97.87           108    104      9     3.818     3.736     1.000     0.6204      0.6204      0.6103      0.1038
397     B         C           31           HIS           97.69           108    104      9     3.818     3.736     1.000     0.5395      0.5395      0.5289      0.0759
398     B         C           32           PRO           97.03           108    104      9     3.818     3.736     1.000     0.4770      0.4770      0.4664      0.0600
399     B         C           33           SER           96.96           108    104      9     3.818     3.736     1.000     0.4707      0.4707      0.4601      0.0588
400     B         C           34           ASP           96.30           108    104      9     3.818     3.736     1.000     0.5248      0.5248      0.5142      0.0720
401     B         C           35           ILE           97.13           108    104      9     3.818     3.736     1.000     0.5377      0.5377      0.5271      0.0752
402     B         C           36           GLU           96.94           108    104      9     3.818     3.736     1.000     0.4734      0.4734      0.4628      0.0593
403     B         C           37           VAL           97.47           108    104      9     3.818     3.736     1.000     0.5102      0.5102      0.4994      0.0676
404     B         C           38           ASP           97.17           108    104      9     3.818     3.736     1.000     0.4152      0.4152      0.4048      0.0470
405     B         C           39           LEU           97.30           108    104      9     3.818     3.736     1.000     0.4828      0.4828      0.4721      0.0608
406     B         C           40           LEU           96.81           108    104      9     3.818     3.736     1.000     0.4243      0.4243      0.4139      0.0486
407     B         C           41           LYS           96.56           108    104      9     3.818     3.736     1.000     0.3786      0.3786      0.3686      0.0404
408     B         C           42           ASN           95.72           108    104      9     3.818     3.736     1.000     0.2512      0.2512      0.2432      0.0226
409     B         C           43           GLY           94.69           108    104      9     3.818     3.736     1.000     0.1878      0.1878      0.1813      0.0156
410     B         C           44           GLU           95.79           108    104      9     3.818     3.736     1.000     0.2191      0.2191      0.2118      0.0189
411     B         C           45           ARG           96.46           108    104      9     3.818     3.736     1.000     0.3449      0.3449      0.3352      0.0350
412     B         C           46           ILE           96.03           108    104      9     3.818     3.736     1.000     0.3252      0.3252      0.3158      0.0322
413     B         C           47           GLU           93.97           108    104      3     3.818     3.736     1.000     0.1264      0.1498      0.1443      0.0119
414     B         C           48           LYS           92.02           108    104      8     3.818     3.736     1.000     0.1672      0.1721      0.1661      0.0142
415     B         C           49           VAL           96.27           108    104      9     3.818     3.736     1.000     0.4012      0.4012      0.3910      0.0447
416     B         C           50           GLU           96.37           108    104      9     3.818     3.736     1.000     0.4840      0.4840      0.4734      0.0617
417     B         C           51           HIS           96.76           108    104      9     3.818     3.736     1.000     0.5437      0.5437      0.5331      0.0780
418     B         C           52           SER           96.63           108    104      9     3.818     3.736     1.000     0.5656      0.5656      0.5551      0.0849
419     B         C           53           ASP           96.76           108    104      9     3.818     3.736     1.000     0.6241      0.6241      0.6141      0.1061
420     B         C           54           LEU           97.33           108    104      9     3.818     3.736     1.000     0.6701      0.6701      0.6607      0.1282
421     B         C           55           SER           97.48           108    104      9     3.818     3.736     1.000     0.6110      0.6110      0.6009      0.1017
422     B         C           56           PHE           97.74           108    104      9     3.818     3.736     1.000     0.6792      0.6792      0.6699      0.1318
423     B         C           57           SER           96.91           108    104      9     3.818     3.736     1.000     0.5629      0.5629      0.5525      0.0839
424     B         C           58           LYS           95.42           108    104      9     3.818     3.736     1.000     0.5320      0.5320      0.5214      0.0746
425     B         C           59           ASP           96.52           108    104      9     3.818     3.736     1.000     0.5336      0.5336      0.5230      0.0751
426     B         C           60           TRP           97.64           108    104      9     3.818     3.736     1.000     0.6791      0.6791      0.6698      0.1314
427     B         C           61           SER           97.79           108    104      9     3.818     3.736     1.000     0.6106      0.6106      0.6004      0.1003
428     B         C           62           PHE           98.11           108    104      9     3.818     3.736     1.000     0.7047      0.7047      0.6958      0.1461
429     B         C           63           TYR           97.85           108    104      9     3.818     3.736     1.000     0.6666      0.6666      0.6571      0.1252
430     B         C           64           LEU           97.79           108    104      9     3.818     3.736     1.000     0.6289      0.6289      0.6189      0.1071
431     B         C           65           LEU           97.92           108    104      9     3.818     3.736     1.000     0.6253      0.6253      0.6153      0.1055
432     B         C           66           TYR           98.00           108    104      9     3.818     3.736     1.000     0.6305      0.6305      0.6205      0.1075
433     B         C           67           TYR           97.58           108    104      9     3.818     3.736     1.000     0.5440      0.5440      0.5333      0.0771
434     B         C           68           THR           97.12           108    104      9     3.818     3.736     1.000     0.4153      0.4153      0.4050      0.0470
435     B         C           69           GLU           96.62           108    104      9     3.818     3.736     1.000     0.3812      0.3812      0.3712      0.0411
436     B         C           70           PHE           95.76           108    104      9     3.818     3.736     1.000     0.3612      0.3612      0.3514      0.0378
437     B         C           71           THR           95.51           108    104      9     3.818     3.736     1.000     0.2897      0.2897      0.2809      0.0275
438     B         C           72           PRO           95.01           108    104      9     3.818     3.736     1.000     0.2224      0.2224      0.2151      0.0194
439     B         C           73           THR           93.81           108    104      9     3.818     3.736     1.000     0.1838      0.1838      0.1774      0.0153
440     B         C           74           GLU           92.87           108    104      4     3.818     3.736     1.000     0.1288      0.1462      0.1408      0.0116
441     B         C           75           LYS           92.94           108    104      0     3.818     3.736     1.000     0.0894      0.0000      0.0000      0.0000
442     B         C           76           ASP           94.41           108    104      9     3.818     3.736     1.000     0.2140      0.2140      0.2068      0.0183
443     B         C           77           GLU           95.97           108    104      9     3.818     3.736     1.000     0.2553      0.2553      0.2472      0.0230
444     B         C           78           TYR           96.85           108    104      9     3.818     3.736     1.000     0.4225      0.4225      0.4120      0.0481
445     B         C           79           ALA           97.10           108    104      9     3.818     3.736     1.000     0.3978      0.3978      0.3875      0.0436
446     B         C           80           CYS           97.44           108    104      9     3.818     3.736     1.000     0.4824      0.4824      0.4717      0.0606
447     B         C           81           ARG           97.76           108    104      9     3.818     3.736     1.000     0.4805      0.4805      0.4698      0.0605
448     B         C           82           VAL           97.65           108    104      9     3.818     3.736     1.000     0.5147      0.5147      0.5040      0.0688
449     B         C           83           ASN           97.55           108    104      9     3.818     3.736     1.000     0.4402      0.4402      0.4297      0.0520
450     B         C           84           HIS           97.34           108    104      9     3.818     3.736     1.000     0.5158      0.5158      0.5051      0.0689
451     B         C           85           VAL           96.67           108    104      9     3.818     3.736     1.000     0.4759      0.4759      0.4652      0.0593
452     B         C           86           THR           96.49           108    104      9     3.818     3.736     1.000     0.4436      0.4436      0.4331      0.0526
453     B         C           87           LEU           95.90           108    104      9     3.818     3.736     1.000     0.3828      0.3828      0.3727      0.0413
454     B         C           88           SER           95.28           108    104      9     3.818     3.736     1.000     0.2116      0.2116      0.2046      0.0182
455     B         C           89           GLN           95.56           108    104      9     3.818     3.736     1.000     0.1758      0.1758      0.1696      0.0144
456     B         C           90           PRO           96.25           108    104      9     3.818     3.736     1.000     0.2728      0.2728      0.2643      0.0252
457     B         C           91           LYS           96.94           108    104      9     3.818     3.736     1.000     0.3553      0.3553      0.3455      0.0367
458     B         C           92           ILE           97.18           108    104      9     3.818     3.736     1.000     0.3923      0.3923      0.3821      0.0427
459     B         C           93           VAL           96.80           108    104      9     3.818     3.736     1.000     0.3960      0.3960      0.3858      0.0434
460     B         C           94           LYS           96.48           108    104      9     3.818     3.736     1.000     0.2685      0.2685      0.2601      0.0246
461     B         C           95           TRP           95.77           108    104      9     3.818     3.736     1.000     0.3082      0.3082      0.2991      0.0297
462     B         C           96           ASP           93.15           108    104      9     3.818     3.736     1.000     0.1597      0.1597      0.1540      0.0129
463     B         C           97           ARG           88.79           108    104      2     3.818     3.736     1.000     0.1139      0.1330      0.1281      0.0104
464     B         C           98           ASP           85.19           108    104      0     3.818     3.736     1.000     0.0720      0.0000      0.0000      0.0000
465     B         C           99           MET           86.56           108    104      0     3.818     3.736     1.000     0.0474      0.0000      0.0000      0.0000
367     B         D            1           ILE           85.13           375    242      0     7.021     5.764     1.000     0.0655      0.0000      0.0000      0.0000
368     B         D            2           GLN           94.04           375    242      0     7.021     5.764     1.000     0.1343      0.0000      0.0000      0.0000
369     B         D            3           ARG           97.01           375    242     97     7.021     5.764     3.587     0.2691      0.3980      0.3088      0.1481
370     B         D            4           THR           96.95           375    242     94     7.021     5.764     3.521     0.2664      0.3892      0.3008      0.1387
371     B         D            5           PRO           97.42           375    242    102     7.021     5.764     3.694     0.2790      0.4079      0.3177      0.1613
372     B         D            6           LYS           97.06           375    242    119     7.021     5.764     4.031     0.3093      0.4414      0.3485      0.2085
373     B         D            7           ILE           97.19           375    242    126     7.021     5.764     4.159     0.3112      0.4325      0.3403      0.2127
374     B         D            8           GLN           96.72           375    242    109     7.021     5.764     3.838     0.2898      0.4223      0.3308      0.1805
375     B         D            9           VAL           97.05           375    242    116     7.021     5.764     3.975     0.2984      0.4209      0.3295      0.1901
376     B         D           10           TYR           96.84           375    242    118     7.021     5.764     4.013     0.3053      0.4384      0.3457      0.2049
377     B         D           11           SER           96.13           375    242     85     7.021     5.764     3.310     0.2571      0.3888      0.3005      0.1245
378     B         D           12           ARG           96.42           375    242    100     7.021     5.764     3.652     0.2735      0.4018      0.3122      0.1547
379     B         D           13           HIS           94.47           375    242     76     7.021     5.764     3.081     0.2454      0.3785      0.2914      0.1055
380     B         D           14           PRO           93.31           375    242     31     7.021     5.764     1.325     0.2143      0.3611      0.2760      0.0198
381     B         D           15           ALA           93.01           375    242      0     7.021     5.764     1.000     0.1671      0.0000      0.0000      0.0000
382     B         D           16           GLU           93.87           375    242      0     7.021     5.764     1.000     0.1599      0.0000      0.0000      0.0000
383     B         D           17           ASN           94.28           375    242      0     7.021     5.764     1.000     0.1720      0.0000      0.0000      0.0000
384     B         D           18           GLY           94.31           375    242      0     7.021     5.764     1.000     0.1420      0.0000      0.0000      0.0000
385     B         D           19           LYS           95.21           375    242      1     7.021     5.764     1.000     0.1698      0.3346      0.2532      0.0101
386     B         D           20           SER           96.01           375    242     22     7.021     5.764     1.000     0.2088      0.3671      0.2812      0.0117
387     B         D           21           ASN           95.99           375    242     67     7.021     5.764     2.828     0.2412      0.3785      0.2913      0.0904
388     B         D           22           PHE           96.82           375    242    107     7.021     5.764     3.798     0.2853      0.4187      0.3276      0.1754
389     B         D           23           LEU           97.13           375    242    119     7.021     5.764     4.031     0.3053      0.4320      0.3398      0.2020
390     B         D           24           ASN           97.60           375    242    125     7.021     5.764     4.141     0.3145      0.4421      0.3493      0.2181
391     B         D           25           CYS           97.87           375    242    133     7.021     5.764     4.282     0.3282      0.4537      0.3602      0.2383
392     B         D           26           TYR           97.90           375    242    156     7.021     5.764     4.654     0.3627      0.4783      0.3841      0.2908
393     B         D           27           VAL           97.97           375    242    142     7.021     5.764     4.433     0.3370      0.4534      0.3601      0.2510
394     B         D           28           SER           97.42           375    242    102     7.021     5.764     3.694     0.2787      0.4145      0.3238      0.1653
395     B         D           29           GLY           97.22           375    242     93     7.021     5.764     3.498     0.2706      0.4023      0.3129      0.1444
396     B         D           30           PHE           97.87           375    242    141     7.021     5.764     4.416     0.3399      0.4605      0.3668      0.2553
397     B         D           31           HIS           97.69           375    242    114     7.021     5.764     3.936     0.2994      0.4227      0.3312      0.1885
398     B         D           32           PRO           97.03           375    242    100     7.021     5.764     3.652     0.2765      0.4058      0.3159      0.1570
399     B         D           33           SER           96.96           375    242     93     7.021     5.764     3.498     0.2644      0.3991      0.3099      0.1426
400     B         D           34           ASP           96.30           375    242    104     7.021     5.764     3.736     0.2797      0.4167      0.3258      0.1698
401     B         D           35           ILE           97.13           375    242    122     7.021     5.764     4.087     0.3074      0.4341      0.3417      0.2079
402     B         D           36           GLU           96.94           375    242     97     7.021     5.764     3.587     0.2723      0.3991      0.3098      0.1488
403     B         D           37           VAL           97.47           375    242    130     7.021     5.764     4.230     0.3163      0.4366      0.3442      0.2215
404     B         D           38           ASP           97.17           375    242     94     7.021     5.764     3.521     0.2696      0.3965      0.3075      0.1427
405     B         D           39           LEU           97.30           375    242    124     7.021     5.764     4.123     0.3075      0.4317      0.3396      0.2093
406     B         D           40           LEU           96.81           375    242    108     7.021     5.764     3.818     0.2836      0.4031      0.3133      0.1673
407     B         D           41           LYS           96.56           375    242     94     7.021     5.764     3.521     0.2648      0.3863      0.2982      0.1372
408     B         D           42           ASN           95.72           375    242     21     7.021     5.764     1.000     0.2167      0.3517      0.2678      0.0109
409     B         D           43           GLY           94.69           375    242      0     7.021     5.764     1.000     0.1716      0.0000      0.0000      0.0000
410     B         D           44           GLU           95.79           375    242      7     7.021     5.764     1.000     0.1941      0.3486      0.2652      0.0107
411     B         D           45           ARG           96.46           375    242     71     7.021     5.764     2.944     0.2517      0.3792      0.2920      0.0975
412     B         D           46           ILE           96.03           375    242     47     7.021     5.764     2.137     0.2284      0.3689      0.2829      0.0516
413     B         D           47           GLU           93.97           375    242      0     7.021     5.764     1.000     0.1274      0.0000      0.0000      0.0000
414     B         D           48           LYS           92.02           375    242      0     7.021     5.764     1.000     0.1328      0.0000      0.0000      0.0000
415     B         D           49           VAL           96.27           375    242     39     7.021     5.764     1.777     0.2252      0.3857      0.2979      0.0391
416     B         D           50           GLU           96.37           375    242     95     7.021     5.764     3.543     0.2664      0.4078      0.3178      0.1505
417     B         D           51           HIS           96.76           375    242    107     7.021     5.764     3.798     0.2854      0.4268      0.3353      0.1809
418     B         D           52           SER           96.63           375    242    109     7.021     5.764     3.838     0.2927      0.4363      0.3440      0.1900
419     B         D           53           ASP           96.76           375    242    118     7.021     5.764     4.013     0.3112      0.4535      0.3600      0.2156
420     B         D           54           LEU           97.33           375    242    131     7.021     5.764     4.247     0.3327      0.4637      0.3698      0.2434
421     B         D           55           SER           97.48           375    242    110     7.021     5.764     3.858     0.2974      0.4415      0.3487      0.1948
422     B         D           56           PHE           97.74           375    242    126     7.021     5.764     4.159     0.3241      0.4622      0.3685      0.2349
423     B         D           57           SER           96.91           375    242    109     7.021     5.764     3.838     0.2903      0.4337      0.3417      0.1885
424     B         D           58           LYS           95.42           375    242     93     7.021     5.764     3.498     0.2620      0.4039      0.3143      0.1453
425     B         D           59           ASP           96.52           375    242    105     7.021     5.764     3.757     0.2795      0.4188      0.3277      0.1724
426     B         D           60           TRP           97.64           375    242    133     7.021     5.764     4.282     0.3351      0.4684      0.3744      0.2501
427     B         D           61           SER           97.79           375    242    121     7.021     5.764     4.068     0.3189      0.4596      0.3657      0.2246
428     B         D           62           PHE           98.11           375    242    156     7.021     5.764     4.654     0.3658      0.4818      0.3875      0.2940
429     B         D           63           TYR           97.85           375    242    141     7.021     5.764     4.416     0.3468      0.4765      0.3823      0.2685
430     B         D           64           LEU           97.79           375    242    140     7.021     5.764     4.400     0.3419      0.4673      0.3732      0.2592
431     B         D           65           LEU           97.92           375    242    144     7.021     5.764     4.465     0.3496      0.4775      0.3832      0.2735
432     B         D           66           TYR           98.00           375    242    161     7.021     5.764     4.729     0.3669      0.4770      0.3829      0.2965
433     B         D           67           TYR           97.58           375    242    121     7.021     5.764     4.068     0.3100      0.4452      0.3521      0.2143
434     B         D           68           THR           97.12           375    242     83     7.021     5.764     3.261     0.2555      0.3885      0.3004      0.1213
435     B         D           69           GLU           96.62           375    242     79     7.021     5.764     3.160     0.2493      0.3824      0.2949      0.1122
436     B         D           70           PHE           95.76           375    242     57     7.021     5.764     2.510     0.2329      0.3727      0.2863      0.0710
437     B         D           71           THR           95.51           375    242     37     7.021     5.764     1.675     0.2195      0.3609      0.2758      0.0312
438     B         D           72           PRO           95.01           375    242      3     7.021     5.764     1.000     0.1816      0.3392      0.2571      0.0103
439     B         D           73           THR           93.81           375    242      0     7.021     5.764     1.000     0.1695      0.0000      0.0000      0.0000
440     B         D           74           GLU           92.87           375    242      0     7.021     5.764     1.000     0.1391      0.0000      0.0000      0.0000
441     B         D           75           LYS           92.94           375    242      0     7.021     5.764     1.000     0.1119      0.0000      0.0000      0.0000
442     B         D           76           ASP           94.41           375    242      1     7.021     5.764     1.000     0.1846      0.3485      0.2650      0.0107
443     B         D           77           GLU           95.97           375    242     15     7.021     5.764     1.000     0.2082      0.3517      0.2678      0.0109
444     B         D           78           TYR           96.85           375    242    117     7.021     5.764     3.994     0.2926      0.4119      0.3212      0.1857
445     B         D           79           ALA           97.10           375    242    103     7.021     5.764     3.715     0.2756      0.3940      0.3051      0.1547
446     B         D           80           CYS           97.44           375    242    119     7.021     5.764     4.031     0.3019      0.4292      0.3373      0.2003
447     B         D           81           ARG           97.76           375    242    129     7.021     5.764     4.213     0.3130      0.4262      0.3345      0.2125
448     B         D           82           VAL           97.65           375    242    132     7.021     5.764     4.265     0.3215      0.4407      0.3479      0.2271
449     B         D           83           ASN           97.55           375    242    105     7.021     5.764     3.757     0.2852      0.4055      0.3156      0.1645
450     B         D           84           HIS           97.34           375    242    130     7.021     5.764     4.230     0.3222      0.4471      0.3539      0.2290
451     B         D           85           VAL           96.67           375    242    114     7.021     5.764     3.936     0.2958      0.4216      0.3302      0.1877
452     B         D           86           THR           96.49           375    242    108     7.021     5.764     3.818     0.2833      0.4028      0.3130      0.1671
453     B         D           87           LEU           95.90           375    242     81     7.021     5.764     3.211     0.2481      0.3724      0.2859      0.1108
454     B         D           88           SER           95.28           375    242      0     7.021     5.764     1.000     0.1667      0.0000      0.0000      0.0000
455     B         D           89           GLN           95.56           375    242      0     7.021     5.764     1.000     0.1632      0.0000      0.0000      0.0000
456     B         D           90           PRO           96.25           375    242     14     7.021     5.764     1.000     0.2076      0.3560      0.2715      0.0111
457     B         D           91           LYS           96.94           375    242     82     7.021     5.764     3.236     0.2508      0.3749      0.2882      0.1135
458     B         D           92           ILE           97.18           375    242    106     7.021     5.764     3.777     0.2785      0.3932      0.3044      0.1586
459     B         D           93           VAL           96.80           375    242    103     7.021     5.764     3.715     0.2684      0.3908      0.3022      0.1529
460     B         D           94           LYS           96.48           375    242     33     7.021     5.764     1.450     0.2242      0.3622      0.2769      0.0237
461     B         D           95           TRP           95.77           375    242     54     7.021     5.764     2.405     0.2315      0.3597      0.2748      0.0620
462     B         D           96           ASP           93.15           375    242      0     7.021     5.764     1.000     0.1491      0.0000      0.0000      0.0000
463     B         D           97           ARG           88.79           375    242      0     7.021     5.764     1.000     0.1196      0.0000      0.0000      0.0000
464     B         D           98           ASP           85.19           375    242      0     7.021     5.764     1.000     0.0985      0.0000      0.0000      0.0000
465     B         D           99           MET           86.56           375    242      0     7.021     5.764     1.000     0.0764      0.0000      0.0000      0.0000
367     B         E            1           ILE           85.13           411    306      0     7.306     6.417     1.000     0.0747      0.0000      0.0000      0.0000
368     B         E            2           GLN           94.04           411    306      0     7.306     6.417     1.000     0.1609      0.0000      0.0000      0.0000
369     B         E            3           ARG           97.01           411    306    112     7.306     6.417     3.897     0.3122      0.4618      0.3994      0.1995
370     B         E            4           THR           96.95           411    306    108     7.306     6.417     3.818     0.3096      0.4563      0.3940      0.1890
371     B         E            5           PRO           97.42           411    306    120     7.306     6.417     4.050     0.3228      0.4696      0.4071      0.2173
372     B         E            6           LYS           97.06           411    306    155     7.306     6.417     4.639     0.3489      0.4723      0.4102      0.2697
373     B         E            7           ILE           97.19           411    306    171     7.306     6.417     4.875     0.3557      0.4672      0.4050      0.2845
374     B         E            8           GLN           96.72           411    306    133     7.306     6.417     4.282     0.3250      0.4567      0.3945      0.2271
375     B         E            9           VAL           97.05           411    306    158     7.306     6.417     4.684     0.3398      0.4529      0.3909      0.2568
376     B         E           10           TYR           96.84           411    306    152     7.306     6.417     4.592     0.3426      0.4668      0.4045      0.2606
377     B         E           11           SER           96.13           411    306    103     7.306     6.417     3.715     0.2892      0.4267      0.3652      0.1624
378     B         E           12           ARG           96.42           411    306    116     7.306     6.417     3.975     0.3071      0.4391      0.3772      0.1897
379     B         E           13           HIS           94.47           411    306     93     7.306     6.417     3.498     0.2752      0.4130      0.3522      0.1397
380     B         E           14           PRO           93.31           411    306     46     7.306     6.417     2.095     0.2361      0.3826      0.3236      0.0486
381     B         E           15           ALA           93.01           411    306      0     7.306     6.417     1.000     0.1824      0.0000      0.0000      0.0000
382     B         E           16           GLU           93.87           411    306      0     7.306     6.417     1.000     0.1754      0.0000      0.0000      0.0000
383     B         E           17           ASN           94.28           411    306      0     7.306     6.417     1.000     0.1913      0.0000      0.0000      0.0000
384     B         E           18           GLY           94.31           411    306      0     7.306     6.417     1.000     0.1570      0.0000      0.0000      0.0000
385     B         E           19           LYS           95.21           411    306      0     7.306     6.417     1.000     0.1887      0.0000      0.0000      0.0000
386     B         E           20           SER           96.01           411    306     50     7.306     6.417     2.256     0.2366      0.3871      0.3278      0.0570
387     B         E           21           ASN           95.99           411    306     89     7.306     6.417     3.406     0.2703      0.4149      0.3539      0.1344
388     B         E           22           PHE           96.82           411    306    130     7.306     6.417     4.230     0.3204      0.4525      0.3902      0.2192
389     B         E           23           LEU           97.13           411    306    165     7.306     6.417     4.788     0.3485      0.4631      0.4008      0.2734
390     B         E           24           ASN           97.60           411    306    167     7.306     6.417     4.818     0.3521      0.4668      0.4045      0.2792
391     B         E           25           CYS           97.87           411    306    196     7.306     6.417     5.214     0.3760      0.4783      0.4161      0.3223
392     B         E           26           TYR           97.90           411    306    213     7.306     6.417     5.427     0.4056      0.5030      0.4406      0.3628
393     B         E           27           VAL           97.97           411    306    204     7.306     6.417     5.316     0.3836      0.4806      0.4184      0.3330
394     B         E           28           SER           97.42           411    306    116     7.306     6.417     3.975     0.3175      0.4673      0.4048      0.2095
395     B         E           29           GLY           97.22           411    306    104     7.306     6.417     3.736     0.3109      0.4729      0.4104      0.1940
396     B         E           30           PHE           97.87           411    306    206     7.306     6.417     5.341     0.3903      0.4894      0.4275      0.3439
397     B         E           31           HIS           97.69           411    306    153     7.306     6.417     4.608     0.3498      0.4724      0.4105      0.2677
398     B         E           32           PRO           97.03           411    306    119     7.306     6.417     4.031     0.3270      0.4782      0.4156      0.2224
399     B         E           33           SER           96.96           411    306    105     7.306     6.417     3.757     0.3070      0.4675      0.4052      0.1924
400     B         E           34           ASP           96.30           411    306    124     7.306     6.417     4.123     0.3325      0.4846      0.4221      0.2354
401     B         E           35           ILE           97.13           411    306    161     7.306     6.417     4.729     0.3533      0.4740      0.4119      0.2789
402     B         E           36           GLU           96.94           411    306    121     7.306     6.417     4.068     0.3225      0.4670      0.4045      0.2170
403     B         E           37           VAL           97.47           411    306    171     7.306     6.417     4.875     0.3603      0.4737      0.4115      0.2903
404     B         E           38           ASP           97.17           411    306    122     7.306     6.417     4.087     0.3195      0.4605      0.3981      0.2136
405     B         E           39           LEU           97.30           411    306    166     7.306     6.417     4.803     0.3498      0.4644      0.4022      0.2762
406     B         E           40           LEU           96.81           411    306    141     7.306     6.417     4.416     0.3292      0.4527      0.3905      0.2346
407     B         E           41           LYS           96.56           411    306    112     7.306     6.417     3.897     0.2997      0.4329      0.3711      0.1797
408     B         E           42           ASN           95.72           411    306     58     7.306     6.417     2.544     0.2462      0.3876      0.3283      0.0715
409     B         E           43           GLY           94.69           411    306      9     7.306     6.417     1.000     0.1992      0.3594      0.3021      0.0104
410     B         E           44           GLU           95.79           411    306     35     7.306     6.417     1.566     0.2261      0.3750      0.3165      0.0269
411     B         E           45           ARG           96.46           411    306    107     7.306     6.417     3.798     0.2880      0.4193      0.3582      0.1644
412     B         E           46           ILE           96.03           411    306     84     7.306     6.417     3.286     0.2620      0.4045      0.3442      0.1216
413     B         E           47           GLU           93.97           411    306      0     7.306     6.417     1.000     0.1476      0.0000      0.0000      0.0000
414     B         E           48           LYS           92.02           411    306      0     7.306     6.417     1.000     0.1454      0.0000      0.0000      0.0000
415     B         E           49           VAL           96.27           411    306     63     7.306     6.417     2.706     0.2518      0.4145      0.3537      0.0895
416     B         E           50           GLU           96.37           411    306    109     7.306     6.417     3.838     0.3004      0.4516      0.3893      0.1874
417     B         E           51           HIS           96.76           411    306    116     7.306     6.417     3.975     0.3195      0.4729      0.4103      0.2135
418     B         E           52           SER           96.63           411    306    124     7.306     6.417     4.123     0.3292      0.4823      0.4197      0.2333
419     B         E           53           ASP           96.76           411    306    159     7.306     6.417     4.699     0.3511      0.4761      0.4141      0.2785
420     B         E           54           LEU           97.33           411    306    195     7.306     6.417     5.201     0.3747      0.4765      0.4148      0.3209
421     B         E           55           SER           97.48           411    306    132     7.306     6.417     4.265     0.3388      0.4858      0.4235      0.2490
422     B         E           56           PHE           97.74           411    306    182     7.306     6.417     5.029     0.3669      0.4770      0.4154      0.3076
423     B         E           57           SER           96.91           411    306    122     7.306     6.417     4.087     0.3304      0.4864      0.4239      0.2339
424     B         E           58           LYS           95.42           411    306     98     7.306     6.417     3.609     0.2968      0.4643      0.4019      0.1778
425     B         E           59           ASP           96.52           411    306    114     7.306     6.417     3.936     0.3161      0.4711      0.4088      0.2098
426     B         E           60           TRP           97.64           411    306    196     7.306     6.417     5.214     0.3767      0.4798      0.4182      0.3252
427     B         E           61           SER           97.79           411    306    168     7.306     6.417     4.832     0.3601      0.4801      0.4183      0.2936
428     B         E           62           PHE           98.11           411    306    216     7.306     6.417     5.464     0.4121      0.5078      0.4455      0.3707
429     B         E           63           TYR           97.85           411    306    203     7.306     6.417     5.304     0.3916      0.4944      0.4324      0.3455
430     B         E           64           LEU           97.79           411    306    205     7.306     6.417     5.329     0.3868      0.4857      0.4235      0.3388
431     B         E           65           LEU           97.92           411    306    206     7.306     6.417     5.341     0.3946      0.4974      0.4351      0.3506
432     B         E           66           TYR           98.00           411    306    222     7.306     6.417     5.535     0.4176      0.5107      0.4481      0.3788
433     B         E           67           TYR           97.58           411    306    159     7.306     6.417     4.699     0.3497      0.4725      0.4102      0.2744
434     B         E           68           THR           97.12           411    306    108     7.306     6.417     3.818     0.2942      0.4359      0.3741      0.1759
435     B         E           69           GLU           96.62           411    306    102     7.306     6.417     3.694     0.2829      0.4231      0.3618      0.1591
436     B         E           70           PHE           95.76           411    306     84     7.306     6.417     3.286     0.2636      0.4101      0.3495      0.1241
437     B         E           71           THR           95.51           411    306     74     7.306     6.417     3.027     0.2517      0.3907      0.3311      0.0995
438     B         E           72           PRO           95.01           411    306     13     7.306     6.417     1.000     0.2033      0.3606      0.3032      0.0105
439     B         E           73           THR           93.81           411    306      0     7.306     6.417     1.000     0.1896      0.0000      0.0000      0.0000
440     B         E           74           GLU           92.87           411    306      0     7.306     6.417     1.000     0.1508      0.0000      0.0000      0.0000
441     B         E           75           LYS           92.94           411    306      0     7.306     6.417     1.000     0.1256      0.0000      0.0000      0.0000
442     B         E           76           ASP           94.41           411    306     16     7.306     6.417     1.000     0.2044      0.3649      0.3072      0.0107
443     B         E           77           GLU           95.97           411    306     48     7.306     6.417     2.177     0.2374      0.3864      0.3271      0.0531
444     B         E           78           TYR           96.85           411    306    145     7.306     6.417     4.482     0.3289      0.4476      0.3856      0.2360
445     B         E           79           ALA           97.10           411    306    122     7.306     6.417     4.087     0.3163      0.4469      0.3847      0.2037
446     B         E           80           CYS           97.44           411    306    159     7.306     6.417     4.699     0.3487      0.4706      0.4082      0.2725
447     B         E           81           ARG           97.76           411    306    193     7.306     6.417     5.175     0.3689      0.4679      0.4058      0.3098
448     B         E           82           VAL           97.65           411    306    187     7.306     6.417     5.096     0.3697      0.4739      0.4119      0.3090
449     B         E           83           ASN           97.55           411    306    146     7.306     6.417     4.498     0.3397      0.4626      0.4004      0.2496
450     B         E           84           HIS           97.34           411    306    187     7.306     6.417     5.096     0.3706      0.4767      0.4147      0.3118
451     B         E           85           VAL           96.67           411    306    160     7.306     6.417     4.714     0.3482      0.4653      0.4033      0.2700
452     B         E           86           THR           96.49           411    306    135     7.306     6.417     4.316     0.3302      0.4578      0.3958      0.2312
453     B         E           87           LEU           95.90           411    306     90     7.306     6.417     3.429     0.2814      0.4384      0.3766      0.1486
454     B         E           88           SER           95.28           411    306     11     7.306     6.417     1.000     0.1907      0.3736      0.3151      0.0111
455     B         E           89           GLN           95.56           411    306      4     7.306     6.417     1.000     0.1867      0.3561      0.2990      0.0103
456     B         E           90           PRO           96.25           411    306     46     7.306     6.417     2.095     0.2369      0.3943      0.3345      0.0511
457     B         E           91           LYS           96.94           411    306    101     7.306     6.417     3.673     0.2901      0.4326      0.3709      0.1630
458     B         E           92           ILE           97.18           411    306    135     7.306     6.417     4.316     0.3239      0.4462      0.3842      0.2216
459     B         E           93           VAL           96.80           411    306    111     7.306     6.417     3.878     0.3034      0.4396      0.3777      0.1827
460     B         E           94           LYS           96.48           411    306     73     7.306     6.417     3.000     0.2581      0.4003      0.3401      0.1016
461     B         E           95           TRP           95.77           411    306     82     7.306     6.417     3.236     0.2628      0.4011      0.3409      0.1166
462     B         E           96           ASP           93.15           411    306      0     7.306     6.417     1.000     0.1685      0.0000      0.0000      0.0000
463     B         E           97           ARG           88.79           411    306      0     7.306     6.417     1.000     0.1312      0.0000      0.0000      0.0000
464     B         E           98           ASP           85.19           411    306      0     7.306     6.417     1.000     0.1048      0.0000      0.0000      0.0000
465     B         E           99           MET           86.56           411    306      0     7.306     6.417     1.000     0.0807      0.0000      0.0000      0.0000
466     C         A            1           LEU           90.52           375    292    269     7.021     6.283     6.053     0.5062      0.6501      0.6040      0.5881
467     C         A            2           PHE           93.65           375    292    283     7.021     6.283     6.195     0.6408      0.8057      0.7733      0.7690
468     C         A            3           MET           91.70           375    292    281     7.021     6.283     6.175     0.5541      0.6976      0.6553      0.6485
469     C         A            4           PRO           84.82           375    292    230     7.021     6.283     5.629     0.4166      0.5798      0.5293      0.4788
470     C         A            5           SER           78.83           375    292    144     7.021     6.283     4.465     0.2813      0.4813      0.4290      0.2820
471     C         A            6           THR           83.84           375    292    182     7.021     6.283     5.029     0.3511      0.5433      0.4916      0.3898
472     C         A            7           SER           88.74           375    292    250     7.021     6.283     5.852     0.4873      0.6527      0.6075      0.5777
473     C         A            8           SER           91.31           375    292    280     7.021     6.283     6.165     0.5426      0.6851      0.6430      0.6356
474     C         A            9           MET           92.56           375    292    225     7.021     6.283     5.570     0.4451      0.6293      0.5835      0.5326
466     C         B            1           LEU           90.52           108    108     99     3.818     3.818     3.631     0.2480      0.2480      0.2480      0.2303
467     C         B            2           PHE           93.65           108    108     99     3.818     3.818     3.631     0.4702      0.4702      0.4702      0.4464
468     C         B            3           MET           91.70           108    108     99     3.818     3.818     3.631     0.3143      0.3143      0.3143      0.2938
469     C         B            4           PRO           84.82           108    108     60     3.818     3.818     2.611     0.1543      0.1857      0.1857      0.0973
470     C         B            5           SER           78.83           108    108      2     3.818     3.818     1.000     0.0700      0.1354      0.1354      0.0106
471     C         B            6           THR           83.84           108    108     16     3.818     3.818     1.000     0.1005      0.1465      0.1465      0.0117
472     C         B            7           SER           88.74           108    108     95     3.818     3.818     3.543     0.2189      0.2230      0.2230      0.1990
473     C         B            8           SER           91.31           108    108     99     3.818     3.818     3.631     0.3104      0.3104      0.3104      0.2901
474     C         B            9           MET           92.56           108    108     86     3.818     3.818     3.335     0.2089      0.2227      0.2227      0.1808
466     C         D            1           LEU           90.52           285    153     94     6.214     4.608     3.521     0.2318      0.3852      0.2587      0.1706
467     C         D            2           PHE           93.65           285    153    144     6.214     4.608     4.465     0.3147      0.4466      0.3124      0.2995
468     C         D            3           MET           91.70           285    153    111     6.214     4.608     3.878     0.2644      0.4180      0.2872      0.2239
469     C         D            4           PRO           84.82           285    153     50     6.214     4.608     2.256     0.1863      0.3913      0.2654      0.0823
470     C         D            5           SER           78.83           285    153     19     6.214     4.608     1.000     0.1425      0.4041      0.2748      0.0182
471     C         D            6           THR           83.84           285    153     28     6.214     4.608     1.116     0.1662      0.3860      0.2595      0.0207
472     C         D            7           SER           88.74           285    153    108     6.214     4.608     3.818     0.2524      0.4052      0.2758      0.2088
473     C         D            8           SER           91.31           285    153    119     6.214     4.608     4.031     0.2740      0.4136      0.2826      0.2328
474     C         D            9           MET           92.56           285    153     88     6.214     4.608     3.382     0.2228      0.3647      0.2416      0.1475
466     C         E            1           LEU           90.52           321    207     89     6.556     5.354     3.406     0.2469      0.4075      0.3161      0.1596
467     C         E            2           PHE           93.65           321    207    198     6.556     5.354     5.240     0.3410      0.4374      0.3462      0.3370
468     C         E            3           MET           91.70           321    207    120     6.556     5.354     4.050     0.2878      0.4335      0.3415      0.2326
469     C         E            4           PRO           84.82           321    207     57     6.556     5.354     2.510     0.2009      0.4060      0.3163      0.0959
470     C         E            5           SER           78.83           321    207     30     6.556     5.354     1.258     0.1670      0.4257      0.3341      0.0284
471     C         E            6           THR           83.84           321    207     56     6.556     5.354     2.476     0.2085      0.4570      0.3652      0.1171
472     C         E            7           SER           88.74           321    207    109     6.556     5.354     3.838     0.2932      0.4747      0.3828      0.2503
473     C         E            8           SER           91.31           321    207    163     6.556     5.354     4.759     0.3316      0.4626      0.3715      0.3221
474     C         E            9           MET           92.56           321    207    102     6.556     5.354     3.694     0.2748      0.4535      0.3610      0.2178
475     D         A            1           MET           20.10           642    389      0     8.813     7.134     1.000     0.0723      0.0000      0.0000      0.0000
476     D         A            2           ALA           22.99           642    389      0     8.813     7.134     1.000     0.0724      0.0000      0.0000      0.0000
477     D         A            3           CYS           23.52           642    389      0     8.813     7.134     1.000     0.0726      0.0000      0.0000      0.0000
478     D         A            4           PRO           27.58           642    389      0     8.813     7.134     1.000     0.0729      0.0000      0.0000      0.0000
479     D         A            5           GLY           28.39           642    389      0     8.813     7.134     1.000     0.0730      0.0000      0.0000      0.0000
480     D         A            6           PHE           21.62           642    389      0     8.813     7.134     1.000     0.0734      0.0000      0.0000      0.0000
481     D         A            7           LEU           25.68           642    389      0     8.813     7.134     1.000     0.0741      0.0000      0.0000      0.0000
482     D         A            8           TRP           27.41           642    389      0     8.813     7.134     1.000     0.0748      0.0000      0.0000      0.0000
483     D         A            9           ALA           32.34           642    389      0     8.813     7.134     1.000     0.0750      0.0000      0.0000      0.0000
484     D         A           10           LEU           29.93           642    389      0     8.813     7.134     1.000     0.0755      0.0000      0.0000      0.0000
485     D         A           11           VAL           29.87           642    389      0     8.813     7.134     1.000     0.0760      0.0000      0.0000      0.0000
486     D         A           12           ILE           30.27           642    389      0     8.813     7.134     1.000     0.0765      0.0000      0.0000      0.0000
487     D         A           13           SER           28.34           642    389      0     8.813     7.134     1.000     0.0763      0.0000      0.0000      0.0000
488     D         A           14           THR           25.69           642    389      0     8.813     7.134     1.000     0.0766      0.0000      0.0000      0.0000
489     D         A           15           CYS           27.97           642    389      0     8.813     7.134     1.000     0.0776      0.0000      0.0000      0.0000
490     D         A           16           LEU           28.31           642    389      0     8.813     7.134     1.000     0.0774      0.0000      0.0000      0.0000
491     D         A           17           GLU           29.92           642    389      0     8.813     7.134     1.000     0.0788      0.0000      0.0000      0.0000
492     D         A           18           PHE           30.65           642    389      0     8.813     7.134     1.000     0.0793      0.0000      0.0000      0.0000
493     D         A           19           SER           37.19           642    389      0     8.813     7.134     1.000     0.0795      0.0000      0.0000      0.0000
494     D         A           20           MET           38.67           642    389      0     8.813     7.134     1.000     0.0809      0.0000      0.0000      0.0000
495     D         A           21           ALA           49.40           642    389      0     8.813     7.134     1.000     0.0823      0.0000      0.0000      0.0000
496     D         A           22           GLN           52.54           642    389      0     8.813     7.134     1.000     0.0914      0.0000      0.0000      0.0000
497     D         A           23           THR           81.68           642    389      0     8.813     7.134     1.000     0.0995      0.0000      0.0000      0.0000
498     D         A           24           VAL           93.26           642    389     39     8.813     7.134     1.777     0.2820      0.5264      0.4228      0.0444
499     D         A           25           THR           94.89           642    389    208     8.813     7.134     5.366     0.4334      0.5917      0.4898      0.3552
500     D         A           26           GLN           95.10           642    389    192     8.813     7.134     5.162     0.4172      0.5808      0.4779      0.3267
501     D         A           27           SER           93.01           642    389    110     8.813     7.134     3.858     0.3285      0.5086      0.4053      0.1677
502     D         A           28           GLN           92.84           642    389     60     8.813     7.134     2.611     0.3029      0.4827      0.3798      0.0762
503     D         A           29           PRO           92.81           642    389    110     8.813     7.134     3.858     0.3273      0.4914      0.3882      0.1571
504     D         A           30           GLU           94.23           642    389    125     8.813     7.134     4.141     0.3376      0.5026      0.3990      0.1838
505     D         A           31           MET           95.93           642    389    170     8.813     7.134     4.861     0.3690      0.5270      0.4229      0.2551
506     D         A           32           SER           94.53           642    389    132     8.813     7.134     4.265     0.3384      0.5013      0.3979      0.1920
507     D         A           33           VAL           95.39           642    389    171     8.813     7.134     4.875     0.3648      0.5175      0.4135      0.2487
508     D         A           34           GLN           94.58           642    389    138     8.813     7.134     4.367     0.3410      0.4972      0.3939      0.1967
509     D         A           35           GLU           93.98           642    389     89     8.813     7.134     3.406     0.3169      0.4876      0.3846      0.1253
510     D         A           36           ALA           94.88           642    389     74     8.813     7.134     3.027     0.3083      0.4814      0.3787      0.0994
511     D         A           37           GLU           95.59           642    389    104     8.813     7.134     3.736     0.3253      0.4923      0.3892      0.1496
512     D         A           38           THR           96.54           642    389    183     8.813     7.134     5.042     0.3918      0.5486      0.4446      0.2872
513     D         A           39           VAL           96.65           642    389    184     8.813     7.134     5.056     0.3939      0.5555      0.4516      0.2943
514     D         A           40           THR           96.76           642    389    212     8.813     7.134     5.415     0.4362      0.5906      0.4882      0.3573
515     D         A           41           LEU           97.05           642    389    220     8.813     7.134     5.511     0.4515      0.6071      0.5058      0.3824
516     D         A           42           SER           96.14           642    389    175     8.813     7.134     4.932     0.3847      0.5484      0.4448      0.2792
517     D         A           43           CYS           96.38           642    389    190     8.813     7.134     5.136     0.4112      0.5765      0.4733      0.3202
518     D         A           44           THR           96.33           642    389    215     8.813     7.134     5.452     0.4479      0.6049      0.5037      0.3756
519     D         A           45           TYR           95.36           642    389    208     8.813     7.134     5.366     0.4461      0.6135      0.5130      0.3773
520     D         A           46           ASP           92.20           642    389    181     8.813     7.134     5.015     0.3978      0.5712      0.4682      0.3063
521     D         A           47           THR           88.64           642    389    173     8.813     7.134     4.904     0.3802      0.5557      0.4525      0.2838
522     D         A           48           SER           81.42           642    389    157     8.813     7.134     4.669     0.3678      0.5458      0.4427      0.2572
523     D         A           49           GLU           80.49           642    389    154     8.813     7.134     4.623     0.3636      0.5459      0.4429      0.2540
524     D         A           50           SER           77.26           642    389    149     8.813     7.134     4.545     0.3656      0.5537      0.4509      0.2541
525     D         A           51           ASP           80.15           642    389    148     8.813     7.134     4.530     0.3615      0.5464      0.4442      0.2486
526     D         A           52           TYR           86.80           642    389    212     8.813     7.134     5.415     0.4477      0.6065      0.5065      0.3767
527     D         A           53           TYR           90.24           642    389    248     8.813     7.134     5.830     0.4962      0.6403      0.5430      0.4470
528     D         A           54           LEU           93.64           642    389    260     8.813     7.134     5.959     0.5053      0.6429      0.5461      0.4607
529     D         A           55           PHE           94.39           642    389    260     8.813     7.134     5.959     0.5094      0.6484      0.5520      0.4667
530     D         A           56           TRP           96.21           642    389    264     8.813     7.134     6.001     0.5182      0.6577      0.5619      0.4797
531     D         A           57           TYR           95.88           642    389    262     8.813     7.134     5.980     0.5136      0.6521      0.5555      0.4713
532     D         A           58           LYS           96.18           642    389    228     8.813     7.134     5.605     0.4675      0.6211      0.5212      0.4057
533     D         A           59           GLN           95.70           642    389    220     8.813     7.134     5.511     0.4554      0.6125      0.5120      0.3887
534     D         A           60           PRO           93.46           642    389    164     8.813     7.134     4.774     0.3666      0.5340      0.4303      0.2547
535     D         A           61           PRO           88.75           642    389     36     8.813     7.134     1.621     0.2774      0.4837      0.3808      0.0309
536     D         A           62           SER           83.59           642    389      0     8.813     7.134     1.000     0.2047      0.0000      0.0000      0.0000
537     D         A           63           ARG           86.74           642    389      4     8.813     7.134     1.000     0.2240      0.4575      0.3560      0.0108
538     D         A           64           GLN           90.10           642    389     47     8.813     7.134     2.137     0.2777      0.4932      0.3903      0.0550
539     D         A           65           MET           93.75           642    389    182     8.813     7.134     5.029     0.4063      0.5751      0.4724      0.3113
540     D         A           66           ILE           94.14           642    389    216     8.813     7.134     5.464     0.4506      0.6086      0.5080      0.3812
541     D         A           67           LEU           94.31           642    389    226     8.813     7.134     5.582     0.4638      0.6150      0.5147      0.3973
542     D         A           68           VAL           95.30           642    389    219     8.813     7.134     5.500     0.4526      0.6073      0.5065      0.3825
543     D         A           69           ILE           94.95           642    389    195     8.813     7.134     5.201     0.4233      0.5854      0.4835      0.3363
544     D         A           70           ARG           92.48           642    389    213     8.813     7.134     5.427     0.4354      0.5867      0.4848      0.3562
545     D         A           71           GLN           93.06           642    389    216     8.813     7.134     5.464     0.4426      0.5925      0.4913      0.3659
546     D         A           72           GLU           88.18           642    389    194     8.813     7.134     5.188     0.4159      0.5768      0.4749      0.3280
547     D         A           73           ALA           87.21           642    389    184     8.813     7.134     5.056     0.4042      0.5692      0.4670      0.3099
548     D         A           74           TYR           83.55           642    389    169     8.813     7.134     4.847     0.3925      0.5613      0.4592      0.2864
549     D         A           75           LYS           82.65           642    389    106     8.813     7.134     3.777     0.3323      0.5264      0.4245      0.1769
550     D         A           76           GLN           80.41           642    389     24     8.813     7.134     1.000     0.2457      0.5331      0.4300      0.0152
551     D         A           77           GLN           87.09           642    389     29     8.813     7.134     1.189     0.2634      0.5066      0.4036      0.0189
552     D         A           78           ASN           90.85           642    389     84     8.813     7.134     3.286     0.3162      0.5024      0.3995      0.1254
553     D         A           79           ALA           88.84           642    389     69     8.813     7.134     2.887     0.3081      0.4941      0.3915      0.0967
554     D         A           80           THR           90.48           642    389     67     8.813     7.134     2.828     0.3005      0.4925      0.3898      0.0925
555     D         A           81           GLU           88.47           642    389     23     8.813     7.134     1.000     0.2718      0.5062      0.4028      0.0133
556     D         A           82           ASN           90.64           642    389     17     8.813     7.134     1.000     0.2542      0.5046      0.4010      0.0131
557     D         A           83           ARG           95.05           642    389     86     8.813     7.134     3.335     0.3177      0.4969      0.3941      0.1260
558     D         A           84           PHE           96.03           642    389    182     8.813     7.134     5.029     0.3967      0.5639      0.4605      0.3005
559     D         A           85           SER           95.76           642    389    168     8.813     7.134     4.832     0.3766      0.5386      0.4351      0.2635
560     D         A           86           VAL           95.87           642    389    172     8.813     7.134     4.889     0.3779      0.5364      0.4328      0.2659
561     D         A           87           ASN           95.65           642    389    198     8.813     7.134     5.240     0.4176      0.5726      0.4697      0.3262
562     D         A           88           PHE           95.41           642    389    209     8.813     7.134     5.378     0.4329      0.5878      0.4856      0.3523
563     D         A           89           GLN           94.67           642    389    210     8.813     7.134     5.391     0.4300      0.5816      0.4792      0.3475
564     D         A           90           LYS           92.84           642    389    211     8.813     7.134     5.403     0.4296      0.5808      0.4782      0.3474
565     D         A           91           ALA           92.81           642    389    189     8.813     7.134     5.123     0.4097      0.5720      0.4692      0.3163
566     D         A           92           ALA           94.52           642    389    173     8.813     7.134     4.904     0.3881      0.5560      0.4525      0.2833
567     D         A           93           LYS           94.66           642    389    201     8.813     7.134     5.278     0.4216      0.5788      0.4760      0.3349
568     D         A           94           SER           95.59           642    389    189     8.813     7.134     5.123     0.4079      0.5724      0.4695      0.3163
569     D         A           95           PHE           96.28           642    389    203     8.813     7.134     5.304     0.4321      0.5914      0.4894      0.3495
570     D         A           96           SER           96.14           642    389    190     8.813     7.134     5.136     0.4131      0.5766      0.4737      0.3210
571     D         A           97           LEU           97.08           642    389    219     8.813     7.134     5.500     0.4524      0.6071      0.5058      0.3814
572     D         A           98           LYS           96.86           642    389    214     8.813     7.134     5.439     0.4378      0.5918      0.4897      0.3611
573     D         A           99           ILE           96.89           642    389    210     8.813     7.134     5.391     0.4335      0.5925      0.4902      0.3571
574     D         A          100           SER           95.40           642    389    124     8.813     7.134     4.123     0.3385      0.5041      0.4008      0.1840
575     D         A          101           ASP           95.72           642    389    121     8.813     7.134     4.068     0.3339      0.4988      0.3955      0.1766
576     D         A          102           SER           95.73           642    389    160     8.813     7.134     4.714     0.3538      0.5110      0.4074      0.2322
577     D         A          103           GLN           94.70           642    389    159     8.813     7.134     4.699     0.3557      0.5133      0.4095      0.2325
578     D         A          104           LEU           93.32           642    389    172     8.813     7.134     4.889     0.3771      0.5416      0.4375      0.2692
579     D         A          105           GLY           93.24           642    389    165     8.813     7.134     4.788     0.3688      0.5322      0.4283      0.2540
580     D         A          106           ASP           95.69           642    389    196     8.813     7.134     5.214     0.4138      0.5748      0.4715      0.3249
581     D         A          107           ALA           95.07           642    389    191     8.813     7.134     5.149     0.4128      0.5808      0.4777      0.3250
582     D         A          108           ALA           95.97           642    389    198     8.813     7.134     5.240     0.4208      0.5833      0.4805      0.3354
583     D         A          109           MET           96.09           642    389    218     8.813     7.134     5.488     0.4578      0.6193      0.5191      0.3934
584     D         A          110           TYR           97.02           642    389    252     8.813     7.134     5.874     0.4969      0.6394      0.5416      0.4486
585     D         A          111           PHE           96.27           642    389    256     8.813     7.134     5.917     0.5039      0.6458      0.5490      0.4598
586     D         A          112           CYS           95.95           642    389    226     8.813     7.134     5.582     0.4668      0.6213      0.5217      0.4045
587     D         A          113           ALA           94.72           642    389    244     8.813     7.134     5.786     0.4870      0.6312      0.5331      0.4334
588     D         A          114           TYR           92.80           642    389    243     8.813     7.134     5.775     0.4806      0.6223      0.5238      0.4236
589     D         A          115           ARG           90.23           642    389    207     8.813     7.134     5.354     0.4458      0.6106      0.5106      0.3751
590     D         A          116           SER           84.58           642    389    179     8.813     7.134     4.987     0.4028      0.5801      0.4783      0.3141
591     D         A          117           ALA           78.93           642    389    152     8.813     7.134     4.592     0.3659      0.5510      0.4488      0.2572
592     D         A          118           LEU           73.06           642    389     57     8.813     7.134     2.510     0.2775      0.5346      0.4323      0.0898
593     D         A          119           SER           68.80           642    389     17     8.813     7.134     1.000     0.2111      0.5439      0.4416      0.0162
594     D         A          120           TYR           64.59           642    389      9     8.813     7.134     1.000     0.1927      0.5558      0.4521      0.0164
595     D         A          121           ASN           70.73           642    389      6     8.813     7.134     1.000     0.1636      0.5252      0.4218      0.0145
596     D         A          122           ASP           75.76           642    389      3     8.813     7.134     1.000     0.1710      0.5156      0.4115      0.0137
597     D         A          123           MET           85.55           642    389     25     8.813     7.134     1.000     0.2416      0.4997      0.3964      0.0129
598     D         A          124           ARG           91.20           642    389    174     8.813     7.134     4.918     0.3983      0.5703      0.4676      0.2981
599     D         A          125           PHE           93.49           642    389    221     8.813     7.134     5.523     0.4632      0.6211      0.5220      0.4005
600     D         A          126           GLY           94.15           642    389    192     8.813     7.134     5.162     0.4296      0.5996      0.4981      0.3459
601     D         A          127           ALA           94.01           642    389    189     8.813     7.134     5.123     0.4165      0.5849      0.4823      0.3276
602     D         A          128           GLY           95.11           642    389    173     8.813     7.134     4.904     0.3832      0.5497      0.4462      0.2781
603     D         A          129           THR           96.27           642    389    214     8.813     7.134     5.439     0.4499      0.6096      0.5083      0.3785
604     D         A          130           ARG           95.77           642    389    212     8.813     7.134     5.415     0.4492      0.6140      0.5130      0.3809
605     D         A          131           LEU           96.42           642    389    211     8.813     7.134     5.403     0.4456      0.6083      0.5066      0.3733
606     D         A          132           THR           94.61           642    389    189     8.813     7.134     5.123     0.4026      0.5678      0.4643      0.3110
607     D         A          133           VAL           94.97           642    389    185     8.813     7.134     5.069     0.3932      0.5526      0.4483      0.2922
608     D         A          134           LYS           94.23           642    389    159     8.813     7.134     4.699     0.3553      0.5131      0.4094      0.2324
609     D         A          135           PRO           93.42           642    389     31     8.813     7.134     1.325     0.2809      0.4713      0.3689      0.0198
610     D         A          136           ASN           91.64           642    389      1     8.813     7.134     1.000     0.2379      0.4421      0.3418      0.0101
611     D         A          137           ILE           89.49           642    389      0     8.813     7.134     1.000     0.2170      0.0000      0.0000      0.0000
612     D         A          138           GLN           86.04           642    389      0     8.813     7.134     1.000     0.1507      0.0000      0.0000      0.0000
613     D         A          139           ASN           87.67           642    389      0     8.813     7.134     1.000     0.1400      0.0000      0.0000      0.0000
614     D         A          140           PRO           88.15           642    389      0     8.813     7.134     1.000     0.1730      0.0000      0.0000      0.0000
615     D         A          141           ASP           90.61           642    389      0     8.813     7.134     1.000     0.1841      0.0000      0.0000      0.0000
616     D         A          142           PRO           90.73           642    389      0     8.813     7.134     1.000     0.2135      0.0000      0.0000      0.0000
617     D         A          143           ALA           90.42           642    389      0     8.813     7.134     1.000     0.2026      0.0000      0.0000      0.0000
618     D         A          144           VAL           91.25           642    389      1     8.813     7.134     1.000     0.2657      0.4421      0.3418      0.0101
619     D         A          145           TYR           91.52           642    389      8     8.813     7.134     1.000     0.2845      0.4497      0.3487      0.0104
620     D         A          146           GLN           88.99           642    389      0     8.813     7.134     1.000     0.2410      0.0000      0.0000      0.0000
621     D         A          147           LEU           88.07           642    389      0     8.813     7.134     1.000     0.2167      0.0000      0.0000      0.0000
622     D         A          148           ARG           82.48           642    389      0     8.813     7.134     1.000     0.1166      0.0000      0.0000      0.0000
623     D         A          149           ASP           78.73           642    389      0     8.813     7.134     1.000     0.0964      0.0000      0.0000      0.0000
624     D         A          150           SER           68.95           642    389      0     8.813     7.134     1.000     0.0902      0.0000      0.0000      0.0000
625     D         A          151           LYS           71.64           642    389      0     8.813     7.134     1.000     0.0844      0.0000      0.0000      0.0000
626     D         A          152           SER           60.15           642    389      0     8.813     7.134     1.000     0.0782      0.0000      0.0000      0.0000
627     D         A          153           SER           60.23           642    389      0     8.813     7.134     1.000     0.0788      0.0000      0.0000      0.0000
628     D         A          154           ASP           67.72           642    389      0     8.813     7.134     1.000     0.0837      0.0000      0.0000      0.0000
629     D         A          155           LYS           73.90           642    389      0     8.813     7.134     1.000     0.0908      0.0000      0.0000      0.0000
630     D         A          156           SER           81.30           642    389      0     8.813     7.134     1.000     0.1068      0.0000      0.0000      0.0000
631     D         A          157           VAL           90.62           642    389      0     8.813     7.134     1.000     0.1889      0.0000      0.0000      0.0000
632     D         A          158           CYS           91.27           642    389      2     8.813     7.134     1.000     0.2578      0.4421      0.3418      0.0101
633     D         A          159           LEU           92.79           642    389     78     8.813     7.134     3.134     0.3145      0.4629      0.3611      0.0985
634     D         A          160           PHE           92.60           642    389     27     8.813     7.134     1.039     0.2960      0.4609      0.3592      0.0118
635     D         A          161           THR           91.20           642    389      0     8.813     7.134     1.000     0.2122      0.0000      0.0000      0.0000
636     D         A          162           ASP           87.56           642    389      0     8.813     7.134     1.000     0.1878      0.0000      0.0000      0.0000
637     D         A          163           PHE           89.75           642    389      0     8.813     7.134     1.000     0.2130      0.0000      0.0000      0.0000
638     D         A          164           ASP           87.65           642    389      0     8.813     7.134     1.000     0.1827      0.0000      0.0000      0.0000
639     D         A          165           SER           86.10           642    389      0     8.813     7.134     1.000     0.1835      0.0000      0.0000      0.0000
640     D         A          166           GLN           84.97           642    389      0     8.813     7.134     1.000     0.1844      0.0000      0.0000      0.0000
641     D         A          167           THR           83.78           642    389      0     8.813     7.134     1.000     0.1787      0.0000      0.0000      0.0000
642     D         A          168           ASN           84.48           642    389      0     8.813     7.134     1.000     0.1770      0.0000      0.0000      0.0000
643     D         A          169           VAL           84.91           642    389      0     8.813     7.134     1.000     0.1892      0.0000      0.0000      0.0000
644     D         A          170           SER           82.63           642    389      0     8.813     7.134     1.000     0.1528      0.0000      0.0000      0.0000
645     D         A          171           GLN           82.90           642    389      0     8.813     7.134     1.000     0.1518      0.0000      0.0000      0.0000
646     D         A          172           SER           81.47           642    389      0     8.813     7.134     1.000     0.1360      0.0000      0.0000      0.0000
647     D         A          173           LYS           79.76           642    389      0     8.813     7.134     1.000     0.1311      0.0000      0.0000      0.0000
648     D         A          174           ASP           81.63           642    389      0     8.813     7.134     1.000     0.1349      0.0000      0.0000      0.0000
649     D         A          175           SER           82.42           642    389      0     8.813     7.134     1.000     0.1407      0.0000      0.0000      0.0000
650     D         A          176           ASP           85.68           642    389      0     8.813     7.134     1.000     0.1505      0.0000      0.0000      0.0000
651     D         A          177           VAL           87.37           642    389      0     8.813     7.134     1.000     0.2309      0.0000      0.0000      0.0000
652     D         A          178           TYR           89.76           642    389      0     8.813     7.134     1.000     0.2555      0.0000      0.0000      0.0000
653     D         A          179           ILE           90.14           642    389     16     8.813     7.134     1.000     0.2845      0.4540      0.3527      0.0106
654     D         A          180           THR           89.62           642    389      0     8.813     7.134     1.000     0.2500      0.0000      0.0000      0.0000
655     D         A          181           ASP           88.77           642    389      0     8.813     7.134     1.000     0.2264      0.0000      0.0000      0.0000
656     D         A          182           LYS           90.20           642    389      0     8.813     7.134     1.000     0.2327      0.0000      0.0000      0.0000
657     D         A          183           THR           91.14           642    389      4     8.813     7.134     1.000     0.2543      0.4446      0.3441      0.0102
658     D         A          184           VAL           92.09           642    389     11     8.813     7.134     1.000     0.2732      0.4552      0.3538      0.0107
659     D         A          185           LEU           90.50           642    389      0     8.813     7.134     1.000     0.2174      0.0000      0.0000      0.0000
660     D         A          186           ASP           90.99           642    389      0     8.813     7.134     1.000     0.2343      0.0000      0.0000      0.0000
661     D         A          187           MET           90.02           642    389      0     8.813     7.134     1.000     0.2281      0.0000      0.0000      0.0000
662     D         A          188           ARG           87.94           642    389      0     8.813     7.134     1.000     0.1878      0.0000      0.0000      0.0000
663     D         A          189           SER           88.23           642    389      0     8.813     7.134     1.000     0.1610      0.0000      0.0000      0.0000
664     D         A          190           MET           87.73           642    389      0     8.813     7.134     1.000     0.1611      0.0000      0.0000      0.0000
665     D         A          191           ASP           89.26           642    389      0     8.813     7.134     1.000     0.1822      0.0000      0.0000      0.0000
666     D         A          192           PHE           90.94           642    389      0     8.813     7.134     1.000     0.2238      0.0000      0.0000      0.0000
667     D         A          193           LYS           91.83           642    389      0     8.813     7.134     1.000     0.2504      0.0000      0.0000      0.0000
668     D         A          194           SER           92.70           642    389      0     8.813     7.134     1.000     0.2414      0.0000      0.0000      0.0000
669     D         A          195           ASN           93.17           642    389     23     8.813     7.134     1.000     0.2882      0.4661      0.3640      0.0111
670     D         A          196           SER           92.56           642    389      0     8.813     7.134     1.000     0.2451      0.0000      0.0000      0.0000
671     D         A          197           ALA           92.84           642    389     25     8.813     7.134     1.000     0.2920      0.4629      0.3610      0.0110
672     D         A          198           VAL           93.00           642    389     23     8.813     7.134     1.000     0.2910      0.4612      0.3594      0.0109
673     D         A          199           ALA           92.00           642    389     18     8.813     7.134     1.000     0.2889      0.4599      0.3582      0.0109
674     D         A          200           TRP           91.53           642    389      4     8.813     7.134     1.000     0.2633      0.4471      0.3464      0.0103
675     D         A          201           SER           87.59           642    389      0     8.813     7.134     1.000     0.1938      0.0000      0.0000      0.0000
676     D         A          202           ASN           83.61           642    389      0     8.813     7.134     1.000     0.1528      0.0000      0.0000      0.0000
677     D         A          203           LYS           80.76           642    389      0     8.813     7.134     1.000     0.1354      0.0000      0.0000      0.0000
678     D         A          204           SER           78.16           642    389      0     8.813     7.134     1.000     0.1179      0.0000      0.0000      0.0000
679     D         A          205           ASP           80.63           642    389      0     8.813     7.134     1.000     0.1154      0.0000      0.0000      0.0000
680     D         A          206           PHE           82.40           642    389      0     8.813     7.134     1.000     0.1490      0.0000      0.0000      0.0000
681     D         A          207           ALA           84.07           642    389      0     8.813     7.134     1.000     0.1551      0.0000      0.0000      0.0000
682     D         A          208           CYS           85.54           642    389      0     8.813     7.134     1.000     0.1592      0.0000      0.0000      0.0000
683     D         A          209           ALA           84.02           642    389      0     8.813     7.134     1.000     0.1557      0.0000      0.0000      0.0000
684     D         A          210           ASN           83.36           642    389      0     8.813     7.134     1.000     0.1434      0.0000      0.0000      0.0000
685     D         A          211           ALA           80.18           642    389      0     8.813     7.134     1.000     0.1620      0.0000      0.0000      0.0000
686     D         A          212           PHE           84.54           642    389      0     8.813     7.134     1.000     0.1761      0.0000      0.0000      0.0000
687     D         A          213           ASN           82.35           642    389      0     8.813     7.134     1.000     0.1426      0.0000      0.0000      0.0000
688     D         A          214           ASN           82.61           642    389      0     8.813     7.134     1.000     0.1376      0.0000      0.0000      0.0000
689     D         A          215           SER           79.94           642    389      0     8.813     7.134     1.000     0.1282      0.0000      0.0000      0.0000
690     D         A          216           ILE           79.58           642    389      0     8.813     7.134     1.000     0.1303      0.0000      0.0000      0.0000
691     D         A          217           ILE           80.39           642    389      0     8.813     7.134     1.000     0.1196      0.0000      0.0000      0.0000
692     D         A          218           PRO           79.64           642    389      0     8.813     7.134     1.000     0.1245      0.0000      0.0000      0.0000
693     D         A          219           GLU           78.66           642    389      0     8.813     7.134     1.000     0.1133      0.0000      0.0000      0.0000
694     D         A          220           ASP           82.98           642    389      0     8.813     7.134     1.000     0.1093      0.0000      0.0000      0.0000
695     D         A          221           THR           81.78           642    389      0     8.813     7.134     1.000     0.1408      0.0000      0.0000      0.0000
696     D         A          222           PHE           85.76           642    389      0     8.813     7.134     1.000     0.1506      0.0000      0.0000      0.0000
697     D         A          223           PHE           84.35           642    389      0     8.813     7.134     1.000     0.1586      0.0000      0.0000      0.0000
698     D         A          224           PRO           79.50           642    389      0     8.813     7.134     1.000     0.1187      0.0000      0.0000      0.0000
699     D         A          225           SER           75.37           642    389      0     8.813     7.134     1.000     0.1007      0.0000      0.0000      0.0000
700     D         A          226           PRO           68.82           642    389      0     8.813     7.134     1.000     0.0896      0.0000      0.0000      0.0000
701     D         A          227           GLU           60.21           642    389      0     8.813     7.134     1.000     0.0842      0.0000      0.0000      0.0000
702     D         A          228           SER           60.62           642    389      0     8.813     7.134     1.000     0.0767      0.0000      0.0000      0.0000
703     D         A          229           SER           66.46           642    389      0     8.813     7.134     1.000     0.0783      0.0000      0.0000      0.0000
704     D         A          230           CYS           71.70           642    389      0     8.813     7.134     1.000     0.0890      0.0000      0.0000      0.0000
705     D         A          231           ASP           78.00           642    389      0     8.813     7.134     1.000     0.1231      0.0000      0.0000      0.0000
706     D         A          232           VAL           79.70           642    389      0     8.813     7.134     1.000     0.1435      0.0000      0.0000      0.0000
707     D         A          233           LYS           78.30           642    389      0     8.813     7.134     1.000     0.1427      0.0000      0.0000      0.0000
708     D         A          234           LEU           78.39           642    389      0     8.813     7.134     1.000     0.1495      0.0000      0.0000      0.0000
709     D         A          235           VAL           80.53           642    389      0     8.813     7.134     1.000     0.1585      0.0000      0.0000      0.0000
710     D         A          236           GLU           77.10           642    389      0     8.813     7.134     1.000     0.1540      0.0000      0.0000      0.0000
711     D         A          237           LYS           80.56           642    389      0     8.813     7.134     1.000     0.1512      0.0000      0.0000      0.0000
712     D         A          238           SER           78.19           642    389      0     8.813     7.134     1.000     0.1426      0.0000      0.0000      0.0000
713     D         A          239           PHE           78.92           642    389      0     8.813     7.134     1.000     0.1546      0.0000      0.0000      0.0000
714     D         A          240           GLU           78.17           642    389      0     8.813     7.134     1.000     0.1339      0.0000      0.0000      0.0000
715     D         A          241           THR           79.87           642    389      0     8.813     7.134     1.000     0.1432      0.0000      0.0000      0.0000
716     D         A          242           ASP           80.45           642    389      0     8.813     7.134     1.000     0.1350      0.0000      0.0000      0.0000
717     D         A          243           THR           82.02           642    389      0     8.813     7.134     1.000     0.1409      0.0000      0.0000      0.0000
718     D         A          244           ASN           80.83           642    389      0     8.813     7.134     1.000     0.1406      0.0000      0.0000      0.0000
719     D         A          245           LEU           80.41           642    389      0     8.813     7.134     1.000     0.1508      0.0000      0.0000      0.0000
720     D         A          246           ASN           79.56           642    389      0     8.813     7.134     1.000     0.1439      0.0000      0.0000      0.0000
721     D         A          247           PHE           82.39           642    389      0     8.813     7.134     1.000     0.1450      0.0000      0.0000      0.0000
722     D         A          248           GLN           81.34           642    389      0     8.813     7.134     1.000     0.1462      0.0000      0.0000      0.0000
723     D         A          249           ASN           82.39           642    389      0     8.813     7.134     1.000     0.1478      0.0000      0.0000      0.0000
724     D         A          250           LEU           81.69           642    389      0     8.813     7.134     1.000     0.1374      0.0000      0.0000      0.0000
725     D         A          251           SER           86.44           642    389      0     8.813     7.134     1.000     0.1364      0.0000      0.0000      0.0000
726     D         A          252           VAL           85.96           642    389      0     8.813     7.134     1.000     0.1337      0.0000      0.0000      0.0000
727     D         A          253           ILE           84.94           642    389      0     8.813     7.134     1.000     0.1318      0.0000      0.0000      0.0000
728     D         A          254           GLY           83.54           642    389      0     8.813     7.134     1.000     0.1259      0.0000      0.0000      0.0000
729     D         A          255           PHE           87.46           642    389      0     8.813     7.134     1.000     0.1296      0.0000      0.0000      0.0000
730     D         A          256           ARG           85.91           642    389      0     8.813     7.134     1.000     0.1321      0.0000      0.0000      0.0000
731     D         A          257           ILE           86.00           642    389      0     8.813     7.134     1.000     0.1241      0.0000      0.0000      0.0000
732     D         A          258           LEU           88.04           642    389      0     8.813     7.134     1.000     0.1267      0.0000      0.0000      0.0000
733     D         A          259           LEU           86.65           642    389      0     8.813     7.134     1.000     0.1238      0.0000      0.0000      0.0000
734     D         A          260           LEU           86.59           642    389      0     8.813     7.134     1.000     0.1242      0.0000      0.0000      0.0000
735     D         A          261           LYS           86.15           642    389      0     8.813     7.134     1.000     0.1230      0.0000      0.0000      0.0000
736     D         A          262           VAL           86.45           642    389      0     8.813     7.134     1.000     0.1246      0.0000      0.0000      0.0000
737     D         A          263           ALA           85.37           642    389      0     8.813     7.134     1.000     0.1208      0.0000      0.0000      0.0000
738     D         A          264           GLY           86.16           642    389      0     8.813     7.134     1.000     0.1170      0.0000      0.0000      0.0000
739     D         A          265           PHE           89.30           642    389      0     8.813     7.134     1.000     0.1175      0.0000      0.0000      0.0000
740     D         A          266           ASN           86.37           642    389      0     8.813     7.134     1.000     0.1167      0.0000      0.0000      0.0000
741     D         A          267           LEU           88.97           642    389      0     8.813     7.134     1.000     0.1144      0.0000      0.0000      0.0000
742     D         A          268           LEU           88.40           642    389      0     8.813     7.134     1.000     0.1153      0.0000      0.0000      0.0000
743     D         A          269           MET           85.12           642    389      0     8.813     7.134     1.000     0.1108      0.0000      0.0000      0.0000
744     D         A          270           THR           86.34           642    389      0     8.813     7.134     1.000     0.1112      0.0000      0.0000      0.0000
745     D         A          271           LEU           87.35           642    389      0     8.813     7.134     1.000     0.1069      0.0000      0.0000      0.0000
746     D         A          272           ARG           86.83           642    389      0     8.813     7.134     1.000     0.1012      0.0000      0.0000      0.0000
747     D         A          273           LEU           81.51           642    389      0     8.813     7.134     1.000     0.1010      0.0000      0.0000      0.0000
748     D         A          274           TRP           83.76           642    389      0     8.813     7.134     1.000     0.0931      0.0000      0.0000      0.0000
749     D         A          275           SER           82.25           642    389      0     8.813     7.134     1.000     0.0835      0.0000      0.0000      0.0000
750     D         A          276           SER           69.21           642    389      0     8.813     7.134     1.000     0.0767      0.0000      0.0000      0.0000
475     D         B            1           MET           20.10           375    180      0     7.021     5.001     1.000     0.0470      0.0000      0.0000      0.0000
476     D         B            2           ALA           22.99           375    180      0     7.021     5.001     1.000     0.0470      0.0000      0.0000      0.0000
477     D         B            3           CYS           23.52           375    180      0     7.021     5.001     1.000     0.0471      0.0000      0.0000      0.0000
478     D         B            4           PRO           27.58           375    180      0     7.021     5.001     1.000     0.0473      0.0000      0.0000      0.0000
479     D         B            5           GLY           28.39           375    180      0     7.021     5.001     1.000     0.0473      0.0000      0.0000      0.0000
480     D         B            6           PHE           21.62           375    180      0     7.021     5.001     1.000     0.0476      0.0000      0.0000      0.0000
481     D         B            7           LEU           25.68           375    180      0     7.021     5.001     1.000     0.0480      0.0000      0.0000      0.0000
482     D         B            8           TRP           27.41           375    180      0     7.021     5.001     1.000     0.0482      0.0000      0.0000      0.0000
483     D         B            9           ALA           32.34           375    180      0     7.021     5.001     1.000     0.0482      0.0000      0.0000      0.0000
484     D         B           10           LEU           29.93           375    180      0     7.021     5.001     1.000     0.0485      0.0000      0.0000      0.0000
485     D         B           11           VAL           29.87           375    180      0     7.021     5.001     1.000     0.0488      0.0000      0.0000      0.0000
486     D         B           12           ILE           30.27           375    180      0     7.021     5.001     1.000     0.0490      0.0000      0.0000      0.0000
487     D         B           13           SER           28.34           375    180      0     7.021     5.001     1.000     0.0489      0.0000      0.0000      0.0000
488     D         B           14           THR           25.69           375    180      0     7.021     5.001     1.000     0.0490      0.0000      0.0000      0.0000
489     D         B           15           CYS           27.97           375    180      0     7.021     5.001     1.000     0.0496      0.0000      0.0000      0.0000
490     D         B           16           LEU           28.31           375    180      0     7.021     5.001     1.000     0.0491      0.0000      0.0000      0.0000
491     D         B           17           GLU           29.92           375    180      0     7.021     5.001     1.000     0.0498      0.0000      0.0000      0.0000
492     D         B           18           PHE           30.65           375    180      0     7.021     5.001     1.000     0.0497      0.0000      0.0000      0.0000
493     D         B           19           SER           37.19           375    180      0     7.021     5.001     1.000     0.0497      0.0000      0.0000      0.0000
494     D         B           20           MET           38.67           375    180      0     7.021     5.001     1.000     0.0503      0.0000      0.0000      0.0000
495     D         B           21           ALA           49.40           375    180      0     7.021     5.001     1.000     0.0516      0.0000      0.0000      0.0000
496     D         B           22           GLN           52.54           375    180      0     7.021     5.001     1.000     0.0573      0.0000      0.0000      0.0000
497     D         B           23           THR           81.68           375    180      0     7.021     5.001     1.000     0.0615      0.0000      0.0000      0.0000
498     D         B           24           VAL           93.26           375    180      0     7.021     5.001     1.000     0.1823      0.0000      0.0000      0.0000
499     D         B           25           THR           94.89           375    180     61     7.021     5.001     2.643     0.3499      0.3786      0.2367      0.0799
500     D         B           26           GLN           95.10           375    180     42     7.021     5.001     1.920     0.3278      0.3742      0.2332      0.0430
501     D         B           27           SER           93.01           375    180      0     7.021     5.001     1.000     0.2264      0.0000      0.0000      0.0000
502     D         B           28           GLN           92.84           375    180      0     7.021     5.001     1.000     0.2144      0.0000      0.0000      0.0000
503     D         B           29           PRO           92.81           375    180      0     7.021     5.001     1.000     0.2360      0.0000      0.0000      0.0000
504     D         B           30           GLU           94.23           375    180      0     7.021     5.001     1.000     0.2442      0.0000      0.0000      0.0000
505     D         B           31           MET           95.93           375    180     14     7.021     5.001     1.000     0.2785      0.3532      0.2171      0.0110
506     D         B           32           SER           94.53           375    180      0     7.021     5.001     1.000     0.2460      0.0000      0.0000      0.0000
507     D         B           33           VAL           95.39           375    180     10     7.021     5.001     1.000     0.2763      0.3520      0.2161      0.0109
508     D         B           34           GLN           94.58           375    180      0     7.021     5.001     1.000     0.2484      0.0000      0.0000      0.0000
509     D         B           35           GLU           93.98           375    180      0     7.021     5.001     1.000     0.2288      0.0000      0.0000      0.0000
510     D         B           36           ALA           94.88           375    180      0     7.021     5.001     1.000     0.2147      0.0000      0.0000      0.0000
511     D         B           37           GLU           95.59           375    180      0     7.021     5.001     1.000     0.2327      0.0000      0.0000      0.0000
512     D         B           38           THR           96.54           375    180     29     7.021     5.001     1.189     0.3016      0.3611      0.2230      0.0160
513     D         B           39           VAL           96.65           375    180     30     7.021     5.001     1.258     0.2988      0.3637      0.2251      0.0181
514     D         B           40           THR           96.76           375    180     58     7.021     5.001     2.544     0.3511      0.3890      0.2448      0.0777
515     D         B           41           LEU           97.05           375    180     74     7.021     5.001     3.027     0.3786      0.4054      0.2580      0.1136
516     D         B           42           SER           96.14           375    180     18     7.021     5.001     1.000     0.2924      0.3585      0.2211      0.0112
517     D         B           43           CYS           96.38           375    180     40     7.021     5.001     1.826     0.3255      0.3744      0.2333      0.0391
518     D         B           44           THR           96.33           375    180     70     7.021     5.001     2.916     0.3646      0.3886      0.2446      0.0995
519     D         B           45           TYR           95.36           375    180     67     7.021     5.001     2.828     0.3643      0.3951      0.2499      0.0968
520     D         B           46           ASP           92.20           375    180     20     7.021     5.001     1.000     0.2974      0.3679      0.2282      0.0117
521     D         B           47           THR           88.64           375    180     17     7.021     5.001     1.000     0.2770      0.3606      0.2228      0.0114
522     D         B           48           SER           81.42           375    180      8     7.021     5.001     1.000     0.2620      0.3611      0.2230      0.0114
523     D         B           49           GLU           80.49           375    180      6     7.021     5.001     1.000     0.2453      0.3643      0.2253      0.0115
524     D         B           50           SER           77.26           375    180      6     7.021     5.001     1.000     0.2375      0.3633      0.2246      0.0115
525     D         B           51           ASP           80.15           375    180      5     7.021     5.001     1.000     0.2260      0.3430      0.2094      0.0105
526     D         B           52           TYR           86.80           375    180     45     7.021     5.001     2.053     0.3358      0.3882      0.2444      0.0520
527     D         B           53           TYR           90.24           375    180     92     7.021     5.001     3.475     0.4167      0.4244      0.2740      0.1550
528     D         B           54           LEU           93.64           375    180     97     7.021     5.001     3.587     0.4493      0.4519      0.2968      0.1794
529     D         B           55           PHE           94.39           375    180     97     7.021     5.001     3.587     0.4488      0.4514      0.2964      0.1791
530     D         B           56           TRP           96.21           375    180     98     7.021     5.001     3.609     0.4735      0.4750      0.3170      0.1960
531     D         B           57           TYR           95.88           375    180     99     7.021     5.001     3.631     0.4683      0.4683      0.3111      0.1934
532     D         B           58           LYS           96.18           375    180     80     7.021     5.001     3.186     0.3967      0.4180      0.2684      0.1303
533     D         B           59           GLN           95.70           375    180     75     7.021     5.001     3.054     0.3826      0.4106      0.2625      0.1179
534     D         B           60           PRO           93.46           375    180     13     7.021     5.001     1.000     0.2756      0.3513      0.2156      0.0109
535     D         B           61           PRO           88.75           375    180      0     7.021     5.001     1.000     0.1903      0.0000      0.0000      0.0000
536     D         B           62           SER           83.59           375    180      0     7.021     5.001     1.000     0.1349      0.0000      0.0000      0.0000
537     D         B           63           ARG           86.74           375    180      0     7.021     5.001     1.000     0.1461      0.0000      0.0000      0.0000
538     D         B           64           GLN           90.10           375    180      0     7.021     5.001     1.000     0.1692      0.0000      0.0000      0.0000
539     D         B           65           MET           93.75           375    180     30     7.021     5.001     1.258     0.3071      0.3843      0.2410      0.0198
540     D         B           66           ILE           94.14           375    180     66     7.021     5.001     2.798     0.3647      0.3985      0.2527      0.0963
541     D         B           67           LEU           94.31           375    180     79     7.021     5.001     3.160     0.3835      0.4020      0.2554      0.1210
542     D         B           68           VAL           95.30           375    180     66     7.021     5.001     2.798     0.3649      0.3970      0.2514      0.0956
543     D         B           69           ILE           94.95           375    180     31     7.021     5.001     1.325     0.3126      0.3784      0.2366      0.0214
544     D         B           70           ARG           92.48           375    180     37     7.021     5.001     1.675     0.3269      0.3825      0.2396      0.0343
545     D         B           71           GLN           93.06           375    180     49     7.021     5.001     2.217     0.3392      0.3795      0.2375      0.0579
546     D         B           72           GLU           88.18           375    180     24     7.021     5.001     1.000     0.2999      0.3719      0.2314      0.0119
547     D         B           73           ALA           87.21           375    180     18     7.021     5.001     1.000     0.2845      0.3707      0.2304      0.0119
548     D         B           74           TYR           83.55           375    180     14     7.021     5.001     1.000     0.2703      0.3638      0.2251      0.0115
549     D         B           75           LYS           82.65           375    180      1     7.021     5.001     1.000     0.2166      0.3346      0.2033      0.0101
550     D         B           76           GLN           80.41           375    180      0     7.021     5.001     1.000     0.1386      0.0000      0.0000      0.0000
551     D         B           77           GLN           87.09           375    180      0     7.021     5.001     1.000     0.1539      0.0000      0.0000      0.0000
552     D         B           78           ASN           90.85           375    180      0     7.021     5.001     1.000     0.2037      0.0000      0.0000      0.0000
553     D         B           79           ALA           88.84           375    180      0     7.021     5.001     1.000     0.2096      0.0000      0.0000      0.0000
554     D         B           80           THR           90.48           375    180      0     7.021     5.001     1.000     0.1917      0.0000      0.0000      0.0000
555     D         B           81           GLU           88.47           375    180      0     7.021     5.001     1.000     0.1696      0.0000      0.0000      0.0000
556     D         B           82           ASN           90.64           375    180      0     7.021     5.001     1.000     0.1523      0.0000      0.0000      0.0000
557     D         B           83           ARG           95.05           375    180      0     7.021     5.001     1.000     0.2064      0.0000      0.0000      0.0000
558     D         B           84           PHE           96.03           375    180     25     7.021     5.001     1.000     0.2906      0.3647      0.2258      0.0115
559     D         B           85           SER           95.76           375    180     10     7.021     5.001     1.000     0.2624      0.3511      0.2155      0.0109
560     D         B           86           VAL           95.87           375    180     11     7.021     5.001     1.000     0.2673      0.3483      0.2134      0.0107
561     D         B           87           ASN           95.65           375    180     32     7.021     5.001     1.388     0.3130      0.3701      0.2300      0.0226
562     D         B           88           PHE           95.41           375    180     44     7.021     5.001     2.010     0.3345      0.3832      0.2402      0.0488
563     D         B           89           GLN           94.67           375    180     44     7.021     5.001     2.010     0.3302      0.3756      0.2344      0.0473
564     D         B           90           LYS           92.84           375    180     43     7.021     5.001     1.965     0.3307      0.3759      0.2345      0.0453
565     D         B           91           ALA           92.81           375    180     29     7.021     5.001     1.189     0.3058      0.3678      0.2282      0.0165
566     D         B           92           ALA           94.52           375    180     15     7.021     5.001     1.000     0.2796      0.3590      0.2214      0.0113
567     D         B           93           LYS           94.66           375    180     38     7.021     5.001     1.726     0.3239      0.3751      0.2338      0.0352
568     D         B           94           SER           95.59           375    180     22     7.021     5.001     1.000     0.3005      0.3699      0.2298      0.0118
569     D         B           95           PHE           96.28           375    180     51     7.021     5.001     2.294     0.3429      0.3824      0.2397      0.0625
570     D         B           96           SER           96.14           375    180     30     7.021     5.001     1.258     0.3111      0.3722      0.2316      0.0188
571     D         B           97           LEU           97.08           375    180     73     7.021     5.001     3.000     0.3741      0.3994      0.2533      0.1093
572     D         B           98           LYS           96.86           375    180     54     7.021     5.001     2.405     0.3469      0.3898      0.2454      0.0702
573     D         B           99           ILE           96.89           375    180     55     7.021     5.001     2.441     0.3480      0.3926      0.2476      0.0730
574     D         B          100           SER           95.40           375    180      0     7.021     5.001     1.000     0.2363      0.0000      0.0000      0.0000
575     D         B          101           ASP           95.72           375    180      0     7.021     5.001     1.000     0.2326      0.0000      0.0000      0.0000
576     D         B          102           SER           95.73           375    180      5     7.021     5.001     1.000     0.2582      0.3392      0.2066      0.0103
577     D         B          103           GLN           94.70           375    180      8     7.021     5.001     1.000     0.2682      0.3421      0.2088      0.0104
578     D         B          104           LEU           93.32           375    180     27     7.021     5.001     1.039     0.2953      0.3550      0.2184      0.0119
579     D         B          105           GLY           93.24           375    180     13     7.021     5.001     1.000     0.2862      0.3519      0.2160      0.0109
580     D         B          106           ASP           95.69           375    180     50     7.021     5.001     2.256     0.3355      0.3839      0.2406      0.0607
581     D         B          107           ALA           95.07           375    180     52     7.021     5.001     2.332     0.3375      0.3838      0.2406      0.0646
582     D         B          108           ALA           95.97           375    180     54     7.021     5.001     2.405     0.3454      0.3899      0.2454      0.0702
583     D         B          109           MET           96.09           375    180     75     7.021     5.001     3.054     0.3872      0.4168      0.2674      0.1205
584     D         B          110           TYR           97.02           375    180     94     7.021     5.001     3.521     0.4506      0.4579      0.3024      0.1782
585     D         B          111           PHE           96.27           375    180     94     7.021     5.001     3.521     0.4598      0.4672      0.3103      0.1836
586     D         B          112           CYS           95.95           375    180     86     7.021     5.001     3.335     0.3987      0.4122      0.2638      0.1382
587     D         B          113           ALA           94.72           375    180     95     7.021     5.001     3.543     0.4270      0.4315      0.2797      0.1640
588     D         B          114           TYR           92.80           375    180     96     7.021     5.001     3.565     0.4271      0.4304      0.2786      0.1649
589     D         B          115           ARG           90.23           375    180     66     7.021     5.001     2.798     0.3641      0.3933      0.2485      0.0943
590     D         B          116           SER           84.58           375    180     25     7.021     5.001     1.000     0.3004      0.3859      0.2425      0.0127
591     D         B          117           ALA           78.93           375    180     12     7.021     5.001     1.000     0.2511      0.3641      0.2253      0.0115
592     D         B          118           LEU           73.06           375    180      0     7.021     5.001     1.000     0.1753      0.0000      0.0000      0.0000
593     D         B          119           SER           68.80           375    180      0     7.021     5.001     1.000     0.1214      0.0000      0.0000      0.0000
594     D         B          120           TYR           64.59           375    180      0     7.021     5.001     1.000     0.1208      0.0000      0.0000      0.0000
595     D         B          121           ASN           70.73           375    180      0     7.021     5.001     1.000     0.0965      0.0000      0.0000      0.0000
596     D         B          122           ASP           75.76           375    180      0     7.021     5.001     1.000     0.1043      0.0000      0.0000      0.0000
597     D         B          123           MET           85.55           375    180      0     7.021     5.001     1.000     0.1482      0.0000      0.0000      0.0000
598     D         B          124           ARG           91.20           375    180     23     7.021     5.001     1.000     0.2983      0.3691      0.2292      0.0118
599     D         B          125           PHE           93.49           375    180     78     7.021     5.001     3.134     0.3895      0.4119      0.2636      0.1240
600     D         B          126           GLY           94.15           375    180     50     7.021     5.001     2.256     0.3397      0.3835      0.2406      0.0608
601     D         B          127           ALA           94.01           375    180     40     7.021     5.001     1.826     0.3273      0.3762      0.2347      0.0394
602     D         B          128           GLY           95.11           375    180     20     7.021     5.001     1.000     0.2916      0.3594      0.2218      0.0113
603     D         B          129           THR           96.27           375    180     76     7.021     5.001     3.081     0.3826      0.4078      0.2601      0.1183
604     D         B          130           ARG           95.77           375    180     74     7.021     5.001     3.027     0.3813      0.4109      0.2625      0.1160
605     D         B          131           LEU           96.42           375    180     71     7.021     5.001     2.944     0.3783      0.4112      0.2629      0.1106
606     D         B          132           THR           94.61           375    180     45     7.021     5.001     2.053     0.3222      0.3759      0.2344      0.0492
607     D         B          133           VAL           94.97           375    180     38     7.021     5.001     1.726     0.3145      0.3697      0.2296      0.0344
608     D         B          134           LYS           94.23           375    180      9     7.021     5.001     1.000     0.2696      0.3460      0.2116      0.0106
609     D         B          135           PRO           93.42           375    180      0     7.021     5.001     1.000     0.1995      0.0000      0.0000      0.0000
610     D         B          136           ASN           91.64           375    180      0     7.021     5.001     1.000     0.1656      0.0000      0.0000      0.0000
611     D         B          137           ILE           89.49           375    180      0     7.021     5.001     1.000     0.1495      0.0000      0.0000      0.0000
612     D         B          138           GLN           86.04           375    180      0     7.021     5.001     1.000     0.0992      0.0000      0.0000      0.0000
613     D         B          139           ASN           87.67           375    180      0     7.021     5.001     1.000     0.0935      0.0000      0.0000      0.0000
614     D         B          140           PRO           88.15           375    180      0     7.021     5.001     1.000     0.1196      0.0000      0.0000      0.0000
615     D         B          141           ASP           90.61           375    180      0     7.021     5.001     1.000     0.1287      0.0000      0.0000      0.0000
616     D         B          142           PRO           90.73           375    180      0     7.021     5.001     1.000     0.1541      0.0000      0.0000      0.0000
617     D         B          143           ALA           90.42           375    180      0     7.021     5.001     1.000     0.1480      0.0000      0.0000      0.0000
618     D         B          144           VAL           91.25           375    180      0     7.021     5.001     1.000     0.1986      0.0000      0.0000      0.0000
619     D         B          145           TYR           91.52           375    180      0     7.021     5.001     1.000     0.2150      0.0000      0.0000      0.0000
620     D         B          146           GLN           88.99           375    180      0     7.021     5.001     1.000     0.1770      0.0000      0.0000      0.0000
621     D         B          147           LEU           88.07           375    180      0     7.021     5.001     1.000     0.1540      0.0000      0.0000      0.0000
622     D         B          148           ARG           82.48           375    180      0     7.021     5.001     1.000     0.0766      0.0000      0.0000      0.0000
623     D         B          149           ASP           78.73           375    180      0     7.021     5.001     1.000     0.0635      0.0000      0.0000      0.0000
624     D         B          150           SER           68.95           375    180      0     7.021     5.001     1.000     0.0587      0.0000      0.0000      0.0000
625     D         B          151           LYS           71.64           375    180      0     7.021     5.001     1.000     0.0549      0.0000      0.0000      0.0000
626     D         B          152           SER           60.15           375    180      0     7.021     5.001     1.000     0.0512      0.0000      0.0000      0.0000
627     D         B          153           SER           60.23           375    180      0     7.021     5.001     1.000     0.0512      0.0000      0.0000      0.0000
628     D         B          154           ASP           67.72           375    180      0     7.021     5.001     1.000     0.0551      0.0000      0.0000      0.0000
629     D         B          155           LYS           73.90           375    180      0     7.021     5.001     1.000     0.0594      0.0000      0.0000      0.0000
630     D         B          156           SER           81.30           375    180      0     7.021     5.001     1.000     0.0706      0.0000      0.0000      0.0000
631     D         B          157           VAL           90.62           375    180      0     7.021     5.001     1.000     0.1285      0.0000      0.0000      0.0000
632     D         B          158           CYS           91.27           375    180      0     7.021     5.001     1.000     0.1887      0.0000      0.0000      0.0000
633     D         B          159           LEU           92.79           375    180      0     7.021     5.001     1.000     0.2420      0.0000      0.0000      0.0000
634     D         B          160           PHE           92.60           375    180      0     7.021     5.001     1.000     0.2279      0.0000      0.0000      0.0000
635     D         B          161           THR           91.20           375    180      0     7.021     5.001     1.000     0.1500      0.0000      0.0000      0.0000
636     D         B          162           ASP           87.56           375    180      0     7.021     5.001     1.000     0.1293      0.0000      0.0000      0.0000
637     D         B          163           PHE           89.75           375    180      0     7.021     5.001     1.000     0.1533      0.0000      0.0000      0.0000
638     D         B          164           ASP           87.65           375    180      0     7.021     5.001     1.000     0.1270      0.0000      0.0000      0.0000
639     D         B          165           SER           86.10           375    180      0     7.021     5.001     1.000     0.1286      0.0000      0.0000      0.0000
640     D         B          166           GLN           84.97           375    180      0     7.021     5.001     1.000     0.1277      0.0000      0.0000      0.0000
641     D         B          167           THR           83.78           375    180      0     7.021     5.001     1.000     0.1252      0.0000      0.0000      0.0000
642     D         B          168           ASN           84.48           375    180      0     7.021     5.001     1.000     0.1236      0.0000      0.0000      0.0000
643     D         B          169           VAL           84.91           375    180      0     7.021     5.001     1.000     0.1308      0.0000      0.0000      0.0000
644     D         B          170           SER           82.63           375    180      0     7.021     5.001     1.000     0.1047      0.0000      0.0000      0.0000
645     D         B          171           GLN           82.90           375    180      0     7.021     5.001     1.000     0.1036      0.0000      0.0000      0.0000
646     D         B          172           SER           81.47           375    180      0     7.021     5.001     1.000     0.0910      0.0000      0.0000      0.0000
647     D         B          173           LYS           79.76           375    180      0     7.021     5.001     1.000     0.0868      0.0000      0.0000      0.0000
648     D         B          174           ASP           81.63           375    180      0     7.021     5.001     1.000     0.0912      0.0000      0.0000      0.0000
649     D         B          175           SER           82.42           375    180      0     7.021     5.001     1.000     0.0940      0.0000      0.0000      0.0000
650     D         B          176           ASP           85.68           375    180      0     7.021     5.001     1.000     0.1003      0.0000      0.0000      0.0000
651     D         B          177           VAL           87.37           375    180      0     7.021     5.001     1.000     0.1656      0.0000      0.0000      0.0000
652     D         B          178           TYR           89.76           375    180      0     7.021     5.001     1.000     0.1907      0.0000      0.0000      0.0000
653     D         B          179           ILE           90.14           375    180      0     7.021     5.001     1.000     0.2186      0.0000      0.0000      0.0000
654     D         B          180           THR           89.62           375    180      0     7.021     5.001     1.000     0.1853      0.0000      0.0000      0.0000
655     D         B          181           ASP           88.77           375    180      0     7.021     5.001     1.000     0.1613      0.0000      0.0000      0.0000
656     D         B          182           LYS           90.20           375    180      0     7.021     5.001     1.000     0.1651      0.0000      0.0000      0.0000
657     D         B          183           THR           91.14           375    180      0     7.021     5.001     1.000     0.1831      0.0000      0.0000      0.0000
658     D         B          184           VAL           92.09           375    180      0     7.021     5.001     1.000     0.1987      0.0000      0.0000      0.0000
659     D         B          185           LEU           90.50           375    180      0     7.021     5.001     1.000     0.1523      0.0000      0.0000      0.0000
660     D         B          186           ASP           90.99           375    180      0     7.021     5.001     1.000     0.1646      0.0000      0.0000      0.0000
661     D         B          187           MET           90.02           375    180      0     7.021     5.001     1.000     0.1593      0.0000      0.0000      0.0000
662     D         B          188           ARG           87.94           375    180      0     7.021     5.001     1.000     0.1249      0.0000      0.0000      0.0000
663     D         B          189           SER           88.23           375    180      0     7.021     5.001     1.000     0.1058      0.0000      0.0000      0.0000
664     D         B          190           MET           87.73           375    180      0     7.021     5.001     1.000     0.1038      0.0000      0.0000      0.0000
665     D         B          191           ASP           89.26           375    180      0     7.021     5.001     1.000     0.1209      0.0000      0.0000      0.0000
666     D         B          192           PHE           90.94           375    180      0     7.021     5.001     1.000     0.1551      0.0000      0.0000      0.0000
667     D         B          193           LYS           91.83           375    180      0     7.021     5.001     1.000     0.1757      0.0000      0.0000      0.0000
668     D         B          194           SER           92.70           375    180      0     7.021     5.001     1.000     0.1690      0.0000      0.0000      0.0000
669     D         B          195           ASN           93.17           375    180      0     7.021     5.001     1.000     0.2117      0.0000      0.0000      0.0000
670     D         B          196           SER           92.56           375    180      0     7.021     5.001     1.000     0.1731      0.0000      0.0000      0.0000
671     D         B          197           ALA           92.84           375    180      0     7.021     5.001     1.000     0.2214      0.0000      0.0000      0.0000
672     D         B          198           VAL           93.00           375    180      0     7.021     5.001     1.000     0.2185      0.0000      0.0000      0.0000
673     D         B          199           ALA           92.00           375    180      0     7.021     5.001     1.000     0.2202      0.0000      0.0000      0.0000
674     D         B          200           TRP           91.53           375    180      0     7.021     5.001     1.000     0.1957      0.0000      0.0000      0.0000
675     D         B          201           SER           87.59           375    180      0     7.021     5.001     1.000     0.1303      0.0000      0.0000      0.0000
676     D         B          202           ASN           83.61           375    180      0     7.021     5.001     1.000     0.1005      0.0000      0.0000      0.0000
677     D         B          203           LYS           80.76           375    180      0     7.021     5.001     1.000     0.0892      0.0000      0.0000      0.0000
678     D         B          204           SER           78.16           375    180      0     7.021     5.001     1.000     0.0782      0.0000      0.0000      0.0000
679     D         B          205           ASP           80.63           375    180      0     7.021     5.001     1.000     0.0763      0.0000      0.0000      0.0000
680     D         B          206           PHE           82.40           375    180      0     7.021     5.001     1.000     0.1024      0.0000      0.0000      0.0000
681     D         B          207           ALA           84.07           375    180      0     7.021     5.001     1.000     0.1079      0.0000      0.0000      0.0000
682     D         B          208           CYS           85.54           375    180      0     7.021     5.001     1.000     0.1108      0.0000      0.0000      0.0000
683     D         B          209           ALA           84.02           375    180      0     7.021     5.001     1.000     0.1085      0.0000      0.0000      0.0000
684     D         B          210           ASN           83.36           375    180      0     7.021     5.001     1.000     0.0999      0.0000      0.0000      0.0000
685     D         B          211           ALA           80.18           375    180      0     7.021     5.001     1.000     0.1155      0.0000      0.0000      0.0000
686     D         B          212           PHE           84.54           375    180      0     7.021     5.001     1.000     0.1283      0.0000      0.0000      0.0000
687     D         B          213           ASN           82.35           375    180      0     7.021     5.001     1.000     0.0986      0.0000      0.0000      0.0000
688     D         B          214           ASN           82.61           375    180      0     7.021     5.001     1.000     0.0960      0.0000      0.0000      0.0000
689     D         B          215           SER           79.94           375    180      0     7.021     5.001     1.000     0.0898      0.0000      0.0000      0.0000
690     D         B          216           ILE           79.58           375    180      0     7.021     5.001     1.000     0.0905      0.0000      0.0000      0.0000
691     D         B          217           ILE           80.39           375    180      0     7.021     5.001     1.000     0.0818      0.0000      0.0000      0.0000
692     D         B          218           PRO           79.64           375    180      0     7.021     5.001     1.000     0.0865      0.0000      0.0000      0.0000
693     D         B          219           GLU           78.66           375    180      0     7.021     5.001     1.000     0.0776      0.0000      0.0000      0.0000
694     D         B          220           ASP           82.98           375    180      0     7.021     5.001     1.000     0.0743      0.0000      0.0000      0.0000
695     D         B          221           THR           81.78           375    180      0     7.021     5.001     1.000     0.1006      0.0000      0.0000      0.0000
696     D         B          222           PHE           85.76           375    180      0     7.021     5.001     1.000     0.1097      0.0000      0.0000      0.0000
697     D         B          223           PHE           84.35           375    180      0     7.021     5.001     1.000     0.1175      0.0000      0.0000      0.0000
698     D         B          224           PRO           79.50           375    180      0     7.021     5.001     1.000     0.0823      0.0000      0.0000      0.0000
699     D         B          225           SER           75.37           375    180      0     7.021     5.001     1.000     0.0669      0.0000      0.0000      0.0000
700     D         B          226           PRO           68.82           375    180      0     7.021     5.001     1.000     0.0584      0.0000      0.0000      0.0000
701     D         B          227           GLU           60.21           375    180      0     7.021     5.001     1.000     0.0542      0.0000      0.0000      0.0000
702     D         B          228           SER           60.62           375    180      0     7.021     5.001     1.000     0.0499      0.0000      0.0000      0.0000
703     D         B          229           SER           66.46           375    180      0     7.021     5.001     1.000     0.0511      0.0000      0.0000      0.0000
704     D         B          230           CYS           71.70           375    180      0     7.021     5.001     1.000     0.0582      0.0000      0.0000      0.0000
705     D         B          231           ASP           78.00           375    180      0     7.021     5.001     1.000     0.0843      0.0000      0.0000      0.0000
706     D         B          232           VAL           79.70           375    180      0     7.021     5.001     1.000     0.1018      0.0000      0.0000      0.0000
707     D         B          233           LYS           78.30           375    180      0     7.021     5.001     1.000     0.0991      0.0000      0.0000      0.0000
708     D         B          234           LEU           78.39           375    180      0     7.021     5.001     1.000     0.1069      0.0000      0.0000      0.0000
709     D         B          235           VAL           80.53           375    180      0     7.021     5.001     1.000     0.1147      0.0000      0.0000      0.0000
710     D         B          236           GLU           77.10           375    180      0     7.021     5.001     1.000     0.1088      0.0000      0.0000      0.0000
711     D         B          237           LYS           80.56           375    180      0     7.021     5.001     1.000     0.1053      0.0000      0.0000      0.0000
712     D         B          238           SER           78.19           375    180      0     7.021     5.001     1.000     0.1000      0.0000      0.0000      0.0000
713     D         B          239           PHE           78.92           375    180      0     7.021     5.001     1.000     0.1086      0.0000      0.0000      0.0000
714     D         B          240           GLU           78.17           375    180      0     7.021     5.001     1.000     0.0937      0.0000      0.0000      0.0000
715     D         B          241           THR           79.87           375    180      0     7.021     5.001     1.000     0.1013      0.0000      0.0000      0.0000
716     D         B          242           ASP           80.45           375    180      0     7.021     5.001     1.000     0.0952      0.0000      0.0000      0.0000
717     D         B          243           THR           82.02           375    180      0     7.021     5.001     1.000     0.0975      0.0000      0.0000      0.0000
718     D         B          244           ASN           80.83           375    180      0     7.021     5.001     1.000     0.0989      0.0000      0.0000      0.0000
719     D         B          245           LEU           80.41           375    180      0     7.021     5.001     1.000     0.1083      0.0000      0.0000      0.0000
720     D         B          246           ASN           79.56           375    180      0     7.021     5.001     1.000     0.1016      0.0000      0.0000      0.0000
721     D         B          247           PHE           82.39           375    180      0     7.021     5.001     1.000     0.1018      0.0000      0.0000      0.0000
722     D         B          248           GLN           81.34           375    180      0     7.021     5.001     1.000     0.1033      0.0000      0.0000      0.0000
723     D         B          249           ASN           82.39           375    180      0     7.021     5.001     1.000     0.1049      0.0000      0.0000      0.0000
724     D         B          250           LEU           81.69           375    180      0     7.021     5.001     1.000     0.0957      0.0000      0.0000      0.0000
725     D         B          251           SER           86.44           375    180      0     7.021     5.001     1.000     0.0952      0.0000      0.0000      0.0000
726     D         B          252           VAL           85.96           375    180      0     7.021     5.001     1.000     0.0943      0.0000      0.0000      0.0000
727     D         B          253           ILE           84.94           375    180      0     7.021     5.001     1.000     0.0909      0.0000      0.0000      0.0000
728     D         B          254           GLY           83.54           375    180      0     7.021     5.001     1.000     0.0865      0.0000      0.0000      0.0000
729     D         B          255           PHE           87.46           375    180      0     7.021     5.001     1.000     0.0918      0.0000      0.0000      0.0000
730     D         B          256           ARG           85.91           375    180      0     7.021     5.001     1.000     0.0936      0.0000      0.0000      0.0000
731     D         B          257           ILE           86.00           375    180      0     7.021     5.001     1.000     0.0845      0.0000      0.0000      0.0000
732     D         B          258           LEU           88.04           375    180      0     7.021     5.001     1.000     0.0876      0.0000      0.0000      0.0000
733     D         B          259           LEU           86.65           375    180      0     7.021     5.001     1.000     0.0864      0.0000      0.0000      0.0000
734     D         B          260           LEU           86.59           375    180      0     7.021     5.001     1.000     0.0870      0.0000      0.0000      0.0000
735     D         B          261           LYS           86.15           375    180      0     7.021     5.001     1.000     0.0852      0.0000      0.0000      0.0000
736     D         B          262           VAL           86.45           375    180      0     7.021     5.001     1.000     0.0867      0.0000      0.0000      0.0000
737     D         B          263           ALA           85.37           375    180      0     7.021     5.001     1.000     0.0840      0.0000      0.0000      0.0000
738     D         B          264           GLY           86.16           375    180      0     7.021     5.001     1.000     0.0811      0.0000      0.0000      0.0000
739     D         B          265           PHE           89.30           375    180      0     7.021     5.001     1.000     0.0806      0.0000      0.0000      0.0000
740     D         B          266           ASN           86.37           375    180      0     7.021     5.001     1.000     0.0802      0.0000      0.0000      0.0000
741     D         B          267           LEU           88.97           375    180      0     7.021     5.001     1.000     0.0796      0.0000      0.0000      0.0000
742     D         B          268           LEU           88.40           375    180      0     7.021     5.001     1.000     0.0813      0.0000      0.0000      0.0000
743     D         B          269           MET           85.12           375    180      0     7.021     5.001     1.000     0.0759      0.0000      0.0000      0.0000
744     D         B          270           THR           86.34           375    180      0     7.021     5.001     1.000     0.0760      0.0000      0.0000      0.0000
745     D         B          271           LEU           87.35           375    180      0     7.021     5.001     1.000     0.0723      0.0000      0.0000      0.0000
746     D         B          272           ARG           86.83           375    180      0     7.021     5.001     1.000     0.0668      0.0000      0.0000      0.0000
747     D         B          273           LEU           81.51           375    180      0     7.021     5.001     1.000     0.0671      0.0000      0.0000      0.0000
748     D         B          274           TRP           83.76           375    180      0     7.021     5.001     1.000     0.0606      0.0000      0.0000      0.0000
749     D         B          275           SER           82.25           375    180      0     7.021     5.001     1.000     0.0540      0.0000      0.0000      0.0000
750     D         B          276           SER           69.21           375    180      0     7.021     5.001     1.000     0.0498      0.0000      0.0000      0.0000
475     D         C            1           MET           20.10           285    129      0     6.214     4.213     1.000     0.0376      0.0000      0.0000      0.0000
476     D         C            2           ALA           22.99           285    129      0     6.214     4.213     1.000     0.0377      0.0000      0.0000      0.0000
477     D         C            3           CYS           23.52           285    129      0     6.214     4.213     1.000     0.0380      0.0000      0.0000      0.0000
478     D         C            4           PRO           27.58           285    129      0     6.214     4.213     1.000     0.0383      0.0000      0.0000      0.0000
479     D         C            5           GLY           28.39           285    129      0     6.214     4.213     1.000     0.0384      0.0000      0.0000      0.0000
480     D         C            6           PHE           21.62           285    129      0     6.214     4.213     1.000     0.0388      0.0000      0.0000      0.0000
481     D         C            7           LEU           25.68           285    129      0     6.214     4.213     1.000     0.0395      0.0000      0.0000      0.0000
482     D         C            8           TRP           27.41           285    129      0     6.214     4.213     1.000     0.0402      0.0000      0.0000      0.0000
483     D         C            9           ALA           32.34           285    129      0     6.214     4.213     1.000     0.0407      0.0000      0.0000      0.0000
484     D         C           10           LEU           29.93           285    129      0     6.214     4.213     1.000     0.0413      0.0000      0.0000      0.0000
485     D         C           11           VAL           29.87           285    129      0     6.214     4.213     1.000     0.0422      0.0000      0.0000      0.0000
486     D         C           12           ILE           30.27           285    129      0     6.214     4.213     1.000     0.0426      0.0000      0.0000      0.0000
487     D         C           13           SER           28.34           285    129      0     6.214     4.213     1.000     0.0426      0.0000      0.0000      0.0000
488     D         C           14           THR           25.69           285    129      0     6.214     4.213     1.000     0.0428      0.0000      0.0000      0.0000
489     D         C           15           CYS           27.97           285    129      0     6.214     4.213     1.000     0.0438      0.0000      0.0000      0.0000
490     D         C           16           LEU           28.31           285    129      0     6.214     4.213     1.000     0.0434      0.0000      0.0000      0.0000
491     D         C           17           GLU           29.92           285    129      0     6.214     4.213     1.000     0.0462      0.0000      0.0000      0.0000
492     D         C           18           PHE           30.65           285    129      0     6.214     4.213     1.000     0.0469      0.0000      0.0000      0.0000
493     D         C           19           SER           37.19           285    129      0     6.214     4.213     1.000     0.0483      0.0000      0.0000      0.0000
494     D         C           20           MET           38.67           285    129      0     6.214     4.213     1.000     0.0509      0.0000      0.0000      0.0000
495     D         C           21           ALA           49.40           285    129      0     6.214     4.213     1.000     0.0521      0.0000      0.0000      0.0000
496     D         C           22           GLN           52.54           285    129      0     6.214     4.213     1.000     0.0584      0.0000      0.0000      0.0000
497     D         C           23           THR           81.68           285    129      0     6.214     4.213     1.000     0.0683      0.0000      0.0000      0.0000
498     D         C           24           VAL           93.26           285    129      8     6.214     4.213     1.000     0.3800      0.3955      0.2347      0.0175
499     D         C           25           THR           94.89           285    129      9     6.214     4.213     1.000     0.5602      0.5602      0.3704      0.0324
500     D         C           26           GLN           95.10           285    129      9     6.214     4.213     1.000     0.5311      0.5311      0.3434      0.0288
501     D         C           27           SER           93.01           285    129      9     6.214     4.213     1.000     0.4102      0.4102      0.2430      0.0179
502     D         C           28           GLN           92.84           285    129      9     6.214     4.213     1.000     0.3369      0.3369      0.1894      0.0130
503     D         C           29           PRO           92.81           285    129      9     6.214     4.213     1.000     0.3643      0.3643      0.2086      0.0147
504     D         C           30           GLU           94.23           285    129      9     6.214     4.213     1.000     0.3906      0.3906      0.2278      0.0164
505     D         C           31           MET           95.93           285    129      9     6.214     4.213     1.000     0.4301      0.4301      0.2579      0.0192
506     D         C           32           SER           94.53           285    129      9     6.214     4.213     1.000     0.3910      0.3910      0.2280      0.0164
507     D         C           33           VAL           95.39           285    129      9     6.214     4.213     1.000     0.4073      0.4073      0.2403      0.0176
508     D         C           34           GLN           94.58           285    129      9     6.214     4.213     1.000     0.3810      0.3810      0.2207      0.0157
509     D         C           35           GLU           93.98           285    129      9     6.214     4.213     1.000     0.3516      0.3516      0.1997      0.0139
510     D         C           36           ALA           94.88           285    129      9     6.214     4.213     1.000     0.3338      0.3338      0.1874      0.0129
511     D         C           37           GLU           95.59           285    129      9     6.214     4.213     1.000     0.3691      0.3691      0.2122      0.0150
512     D         C           38           THR           96.54           285    129      9     6.214     4.213     1.000     0.4610      0.4610      0.2825      0.0218
513     D         C           39           VAL           96.65           285    129      9     6.214     4.213     1.000     0.4701      0.4701      0.2901      0.0226
514     D         C           40           THR           96.76           285    129      9     6.214     4.213     1.000     0.5363      0.5363      0.3476      0.0293
515     D         C           41           LEU           97.05           285    129      9     6.214     4.213     1.000     0.5689      0.5689      0.3785      0.0334
516     D         C           42           SER           96.14           285    129      9     6.214     4.213     1.000     0.4848      0.4848      0.3030      0.0241
517     D         C           43           CYS           96.38           285    129      9     6.214     4.213     1.000     0.5099      0.5099      0.3244      0.0265
518     D         C           44           THR           96.33           285    129      9     6.214     4.213     1.000     0.5742      0.5742      0.3840      0.0343
519     D         C           45           TYR           95.36           285    129      9     6.214     4.213     1.000     0.5988      0.5988      0.4083      0.0379
520     D         C           46           ASP           92.20           285    129      9     6.214     4.213     1.000     0.5199      0.5199      0.3339      0.0278
521     D         C           47           THR           88.64           285    129      9     6.214     4.213     1.000     0.5129      0.5129      0.3278      0.0271
522     D         C           48           SER           81.42           285    129      9     6.214     4.213     1.000     0.4914      0.4914      0.3104      0.0252
523     D         C           49           GLU           80.49           285    129      9     6.214     4.213     1.000     0.5078      0.5078      0.3251      0.0271
524     D         C           50           SER           77.26           285    129      9     6.214     4.213     1.000     0.5195      0.5195      0.3357      0.0284
525     D         C           51           ASP           80.15           285    129      9     6.214     4.213     1.000     0.5423      0.5423      0.3562      0.0310
526     D         C           52           TYR           86.80           285    129      9     6.214     4.213     1.000     0.6379      0.6379      0.4507      0.0455
527     D         C           53           TYR           90.24           285    129      9     6.214     4.213     1.000     0.6928      0.6928      0.5115      0.0571
528     D         C           54           LEU           93.64           285    129      9     6.214     4.213     1.000     0.6814      0.6814      0.4976      0.0538
529     D         C           55           PHE           94.39           285    129      9     6.214     4.213     1.000     0.6905      0.6905      0.5081      0.0560
530     D         C           56           TRP           96.21           285    129      9     6.214     4.213     1.000     0.6702      0.6702      0.4844      0.0509
531     D         C           57           TYR           95.88           285    129      9     6.214     4.213     1.000     0.6673      0.6673      0.4822      0.0509
532     D         C           58           LYS           96.18           285    129      9     6.214     4.213     1.000     0.6095      0.6095      0.4194      0.0396
533     D         C           59           GLN           95.70           285    129      9     6.214     4.213     1.000     0.5830      0.5830      0.3931      0.0357
534     D         C           60           PRO           93.46           285    129      9     6.214     4.213     1.000     0.4647      0.4647      0.2862      0.0222
535     D         C           61           PRO           88.75           285    129      9     6.214     4.213     1.000     0.3282      0.3282      0.1837      0.0126
536     D         C           62           SER           83.59           285    129      0     6.214     4.213     1.000     0.2054      0.0000      0.0000      0.0000
537     D         C           63           ARG           86.74           285    129      3     6.214     4.213     1.000     0.2572      0.2953      0.1615      0.0107
538     D         C           64           GLN           90.10           285    129      9     6.214     4.213     1.000     0.3649      0.3649      0.2100      0.0149
539     D         C           65           MET           93.75           285    129      9     6.214     4.213     1.000     0.5323      0.5323      0.3458      0.0294
540     D         C           66           ILE           94.14           285    129      9     6.214     4.213     1.000     0.5840      0.5840      0.3941      0.0358
541     D         C           67           LEU           94.31           285    129      9     6.214     4.213     1.000     0.6013      0.6013      0.4113      0.0384
542     D         C           68           VAL           95.30           285    129      9     6.214     4.213     1.000     0.5904      0.5904      0.4007      0.0369
543     D         C           69           ILE           94.95           285    129      9     6.214     4.213     1.000     0.5646      0.5646      0.3751      0.0331
544     D         C           70           ARG           92.48           285    129      9     6.214     4.213     1.000     0.5743      0.5743      0.3843      0.0344
545     D         C           71           GLN           93.06           285    129      9     6.214     4.213     1.000     0.5950      0.5950      0.4051      0.0375
546     D         C           72           GLU           88.18           285    129      9     6.214     4.213     1.000     0.5719      0.5719      0.3825      0.0343
547     D         C           73           ALA           87.21           285    129      9     6.214     4.213     1.000     0.5555      0.5555      0.3672      0.0322
548     D         C           74           TYR           83.55           285    129      9     6.214     4.213     1.000     0.5294      0.5294      0.3433      0.0291
549     D         C           75           LYS           82.65           285    129      9     6.214     4.213     1.000     0.4377      0.4377      0.2655      0.0203
550     D         C           76           GLN           80.41           285    129      5     6.214     4.213     1.000     0.3031      0.3426      0.1934      0.0133
551     D         C           77           GLN           87.09           285    129      5     6.214     4.213     1.000     0.3005      0.3302      0.1848      0.0126
552     D         C           78           ASN           90.85           285    129      9     6.214     4.213     1.000     0.3587      0.3587      0.2048      0.0143
553     D         C           79           ALA           88.84           285    129      9     6.214     4.213     1.000     0.3343      0.3343      0.1877      0.0129
554     D         C           80           THR           90.48           285    129      9     6.214     4.213     1.000     0.3387      0.3387      0.1907      0.0131
555     D         C           81           GLU           88.47           285    129      5     6.214     4.213     1.000     0.2880      0.3061      0.1686      0.0113
556     D         C           82           ASN           90.64           285    129      3     6.214     4.213     1.000     0.2738      0.3000      0.1646      0.0110
557     D         C           83           ARG           95.05           285    129      9     6.214     4.213     1.000     0.3630      0.3630      0.2080      0.0146
558     D         C           84           PHE           96.03           285    129      9     6.214     4.213     1.000     0.4958      0.4958      0.3122      0.0251
559     D         C           85           SER           95.76           285    129      9     6.214     4.213     1.000     0.4623      0.4623      0.2839      0.0220
560     D         C           86           VAL           95.87           285    129      9     6.214     4.213     1.000     0.4603      0.4603      0.2824      0.0218
561     D         C           87           ASN           95.65           285    129      9     6.214     4.213     1.000     0.5233      0.5233      0.3361      0.0279
562     D         C           88           PHE           95.41           285    129      9     6.214     4.213     1.000     0.5561      0.5561      0.3665      0.0319
563     D         C           89           GLN           94.67           285    129      9     6.214     4.213     1.000     0.5441      0.5441      0.3550      0.0303
564     D         C           90           LYS           92.84           285    129      9     6.214     4.213     1.000     0.5541      0.5541      0.3646      0.0316
565     D         C           91           ALA           92.81           285    129      9     6.214     4.213     1.000     0.5247      0.5247      0.3377      0.0282
566     D         C           92           ALA           94.52           285    129      9     6.214     4.213     1.000     0.4906      0.4906      0.3078      0.0246
567     D         C           93           LYS           94.66           285    129      9     6.214     4.213     1.000     0.5406      0.5406      0.3520      0.0299
568     D         C           94           SER           95.59           285    129      9     6.214     4.213     1.000     0.5312      0.5312      0.3434      0.0289
569     D         C           95           PHE           96.28           285    129      9     6.214     4.213     1.000     0.5620      0.5620      0.3721      0.0326
570     D         C           96           SER           96.14           285    129      9     6.214     4.213     1.000     0.5310      0.5310      0.3431      0.0288
571     D         C           97           LEU           97.08           285    129      9     6.214     4.213     1.000     0.5759      0.5759      0.3853      0.0344
572     D         C           98           LYS           96.86           285    129      9     6.214     4.213     1.000     0.5529      0.5529      0.3632      0.0313
573     D         C           99           ILE           96.89           285    129      9     6.214     4.213     1.000     0.5338      0.5338      0.3456      0.0291
574     D         C          100           SER           95.40           285    129      9     6.214     4.213     1.000     0.3953      0.3953      0.2315      0.0168
575     D         C          101           ASP           95.72           285    129      9     6.214     4.213     1.000     0.3728      0.3728      0.2148      0.0152
576     D         C          102           SER           95.73           285    129      9     6.214     4.213     1.000     0.4055      0.4055      0.2391      0.0175
577     D         C          103           GLN           94.70           285    129      9     6.214     4.213     1.000     0.4021      0.4021      0.2363      0.0172
578     D         C          104           LEU           93.32           285    129      9     6.214     4.213     1.000     0.4530      0.4530      0.2762      0.0211
579     D         C          105           GLY           93.24           285    129      9     6.214     4.213     1.000     0.4444      0.4444      0.2693      0.0204
580     D         C          106           ASP           95.69           285    129      9     6.214     4.213     1.000     0.5017      0.5017      0.3172      0.0257
581     D         C          107           ALA           95.07           285    129      9     6.214     4.213     1.000     0.5088      0.5088      0.3233      0.0264
582     D         C          108           ALA           95.97           285    129      9     6.214     4.213     1.000     0.5233      0.5233      0.3366      0.0280
583     D         C          109           MET           96.09           285    129      9     6.214     4.213     1.000     0.5879      0.5879      0.3976      0.0363
584     D         C          110           TYR           97.02           285    129      9     6.214     4.213     1.000     0.6407      0.6407      0.4523      0.0451
585     D         C          111           PHE           96.27           285    129      9     6.214     4.213     1.000     0.6513      0.6513      0.4633      0.0469
586     D         C          112           CYS           95.95           285    129      9     6.214     4.213     1.000     0.6243      0.6243      0.4346      0.0421
587     D         C          113           ALA           94.72           285    129      9     6.214     4.213     1.000     0.6604      0.6604      0.4742      0.0493
588     D         C          114           TYR           92.80           285    129      9     6.214     4.213     1.000     0.6617      0.6617      0.4759      0.0497
589     D         C          115           ARG           90.23           285    129      9     6.214     4.213     1.000     0.6456      0.6456      0.4570      0.0458
590     D         C          116           SER           84.58           285    129      9     6.214     4.213     1.000     0.6112      0.6112      0.4222      0.0404
591     D         C          117           ALA           78.93           285    129      9     6.214     4.213     1.000     0.5746      0.5746      0.3867      0.0353
592     D         C          118           LEU           73.06           285    129      9     6.214     4.213     1.000     0.4691      0.4691      0.2949      0.0241
593     D         C          119           SER           68.80           285    129      6     6.214     4.213     1.000     0.3328      0.3765      0.2210      0.0162
594     D         C          120           TYR           64.59           285    129      5     6.214     4.213     1.000     0.2914      0.3368      0.1900      0.0131
595     D         C          121           ASN           70.73           285    129      2     6.214     4.213     1.000     0.2231      0.3069      0.1692      0.0114
596     D         C          122           ASP           75.76           285    129      1     6.214     4.213     1.000     0.2104      0.3041      0.1672      0.0112
597     D         C          123           MET           85.55           285    129      7     6.214     4.213     1.000     0.3542      0.3855      0.2253      0.0163
598     D         C          124           ARG           91.20           285    129      9     6.214     4.213     1.000     0.5578      0.5578      0.3686      0.0322
599     D         C          125           PHE           93.49           285    129      9     6.214     4.213     1.000     0.6364      0.6364      0.4480      0.0445
600     D         C          126           GLY           94.15           285    129      9     6.214     4.213     1.000     0.5898      0.5898      0.3996      0.0366
601     D         C          127           ALA           94.01           285    129      9     6.214     4.213     1.000     0.5439      0.5439      0.3554      0.0304
602     D         C          128           GLY           95.11           285    129      9     6.214     4.213     1.000     0.5033      0.5033      0.3189      0.0259
603     D         C          129           THR           96.27           285    129      9     6.214     4.213     1.000     0.5690      0.5690      0.3787      0.0335
604     D         C          130           ARG           95.77           285    129      9     6.214     4.213     1.000     0.5730      0.5730      0.3825      0.0340
605     D         C          131           LEU           96.42           285    129      9     6.214     4.213     1.000     0.5475      0.5475      0.3584      0.0307
606     D         C          132           THR           94.61           285    129      9     6.214     4.213     1.000     0.4958      0.4958      0.3118      0.0250
607     D         C          133           VAL           94.97           285    129      9     6.214     4.213     1.000     0.4534      0.4534      0.2762      0.0211
608     D         C          134           LYS           94.23           285    129      9     6.214     4.213     1.000     0.4195      0.4195      0.2496      0.0184
609     D         C          135           PRO           93.42           285    129      8     6.214     4.213     1.000     0.3116      0.3172      0.1760      0.0119
610     D         C          136           ASN           91.64           285    129      0     6.214     4.213     1.000     0.2432      0.0000      0.0000      0.0000
611     D         C          137           ILE           89.49           285    129      0     6.214     4.213     1.000     0.2137      0.0000      0.0000      0.0000
612     D         C          138           GLN           86.04           285    129      0     6.214     4.213     1.000     0.1325      0.0000      0.0000      0.0000
613     D         C          139           ASN           87.67           285    129      0     6.214     4.213     1.000     0.1105      0.0000      0.0000      0.0000
614     D         C          140           PRO           88.15           285    129      0     6.214     4.213     1.000     0.1463      0.0000      0.0000      0.0000
615     D         C          141           ASP           90.61           285    129      0     6.214     4.213     1.000     0.1629      0.0000      0.0000      0.0000
616     D         C          142           PRO           90.73           285    129      0     6.214     4.213     1.000     0.1921      0.0000      0.0000      0.0000
617     D         C          143           ALA           90.42           285    129      0     6.214     4.213     1.000     0.1818      0.0000      0.0000      0.0000
618     D         C          144           VAL           91.25           285    129      0     6.214     4.213     1.000     0.2520      0.0000      0.0000      0.0000
619     D         C          145           TYR           91.52           285    129      3     6.214     4.213     1.000     0.2719      0.2897      0.1579      0.0105
620     D         C          146           GLN           88.99           285    129      0     6.214     4.213     1.000     0.2206      0.0000      0.0000      0.0000
621     D         C          147           LEU           88.07           285    129      0     6.214     4.213     1.000     0.1881      0.0000      0.0000      0.0000
622     D         C          148           ARG           82.48           285    129      0     6.214     4.213     1.000     0.0827      0.0000      0.0000      0.0000
623     D         C          149           ASP           78.73           285    129      0     6.214     4.213     1.000     0.0597      0.0000      0.0000      0.0000
624     D         C          150           SER           68.95           285    129      0     6.214     4.213     1.000     0.0558      0.0000      0.0000      0.0000
625     D         C          151           LYS           71.64           285    129      0     6.214     4.213     1.000     0.0496      0.0000      0.0000      0.0000
626     D         C          152           SER           60.15           285    129      0     6.214     4.213     1.000     0.0434      0.0000      0.0000      0.0000
627     D         C          153           SER           60.23           285    129      0     6.214     4.213     1.000     0.0440      0.0000      0.0000      0.0000
628     D         C          154           ASP           67.72           285    129      0     6.214     4.213     1.000     0.0473      0.0000      0.0000      0.0000
629     D         C          155           LYS           73.90           285    129      0     6.214     4.213     1.000     0.0545      0.0000      0.0000      0.0000
630     D         C          156           SER           81.30           285    129      0     6.214     4.213     1.000     0.0727      0.0000      0.0000      0.0000
631     D         C          157           VAL           90.62           285    129      0     6.214     4.213     1.000     0.1657      0.0000      0.0000      0.0000
632     D         C          158           CYS           91.27           285    129      0     6.214     4.213     1.000     0.2540      0.0000      0.0000      0.0000
633     D         C          159           LEU           92.79           285    129      8     6.214     4.213     1.000     0.3191      0.3251      0.1813      0.0123
634     D         C          160           PHE           92.60           285    129      7     6.214     4.213     1.000     0.2974      0.3082      0.1699      0.0114
635     D         C          161           THR           91.20           285    129      0     6.214     4.213     1.000     0.1986      0.0000      0.0000      0.0000
636     D         C          162           ASP           87.56           285    129      0     6.214     4.213     1.000     0.1656      0.0000      0.0000      0.0000
637     D         C          163           PHE           89.75           285    129      0     6.214     4.213     1.000     0.1920      0.0000      0.0000      0.0000
638     D         C          164           ASP           87.65           285    129      0     6.214     4.213     1.000     0.1564      0.0000      0.0000      0.0000
639     D         C          165           SER           86.10           285    129      0     6.214     4.213     1.000     0.1556      0.0000      0.0000      0.0000
640     D         C          166           GLN           84.97           285    129      0     6.214     4.213     1.000     0.1584      0.0000      0.0000      0.0000
641     D         C          167           THR           83.78           285    129      0     6.214     4.213     1.000     0.1493      0.0000      0.0000      0.0000
642     D         C          168           ASN           84.48           285    129      0     6.214     4.213     1.000     0.1503      0.0000      0.0000      0.0000
643     D         C          169           VAL           84.91           285    129      0     6.214     4.213     1.000     0.1642      0.0000      0.0000      0.0000
644     D         C          170           SER           82.63           285    129      0     6.214     4.213     1.000     0.1211      0.0000      0.0000      0.0000
645     D         C          171           GLN           82.90           285    129      0     6.214     4.213     1.000     0.1242      0.0000      0.0000      0.0000
646     D         C          172           SER           81.47           285    129      0     6.214     4.213     1.000     0.1033      0.0000      0.0000      0.0000
647     D         C          173           LYS           79.76           285    129      0     6.214     4.213     1.000     0.0967      0.0000      0.0000      0.0000
648     D         C          174           ASP           81.63           285    129      0     6.214     4.213     1.000     0.0985      0.0000      0.0000      0.0000
649     D         C          175           SER           82.42           285    129      0     6.214     4.213     1.000     0.1078      0.0000      0.0000      0.0000
650     D         C          176           ASP           85.68           285    129      0     6.214     4.213     1.000     0.1196      0.0000      0.0000      0.0000
651     D         C          177           VAL           87.37           285    129      0     6.214     4.213     1.000     0.2085      0.0000      0.0000      0.0000
652     D         C          178           TYR           89.76           285    129      0     6.214     4.213     1.000     0.2494      0.0000      0.0000      0.0000
653     D         C          179           ILE           90.14           285    129      5     6.214     4.213     1.000     0.2801      0.2955      0.1616      0.0107
654     D         C          180           THR           89.62           285    129      0     6.214     4.213     1.000     0.2527      0.0000      0.0000      0.0000
655     D         C          181           ASP           88.77           285    129      0     6.214     4.213     1.000     0.2251      0.0000      0.0000      0.0000
656     D         C          182           LYS           90.20           285    129      0     6.214     4.213     1.000     0.2272      0.0000      0.0000      0.0000
657     D         C          183           THR           91.14           285    129      0     6.214     4.213     1.000     0.2557      0.0000      0.0000      0.0000
658     D         C          184           VAL           92.09           285    129      4     6.214     4.213     1.000     0.2795      0.2964      0.1622      0.0108
659     D         C          185           LEU           90.50           285    129      0     6.214     4.213     1.000     0.2177      0.0000      0.0000      0.0000
660     D         C          186           ASP           90.99           285    129      0     6.214     4.213     1.000     0.2249      0.0000      0.0000      0.0000
661     D         C          187           MET           90.02           285    129      0     6.214     4.213     1.000     0.2124      0.0000      0.0000      0.0000
662     D         C          188           ARG           87.94           285    129      0     6.214     4.213     1.000     0.1639      0.0000      0.0000      0.0000
663     D         C          189           SER           88.23           285    129      0     6.214     4.213     1.000     0.1403      0.0000      0.0000      0.0000
664     D         C          190           MET           87.73           285    129      0     6.214     4.213     1.000     0.1396      0.0000      0.0000      0.0000
665     D         C          191           ASP           89.26           285    129      0     6.214     4.213     1.000     0.1591      0.0000      0.0000      0.0000
666     D         C          192           PHE           90.94           285    129      0     6.214     4.213     1.000     0.2087      0.0000      0.0000      0.0000
667     D         C          193           LYS           91.83           285    129      0     6.214     4.213     1.000     0.2415      0.0000      0.0000      0.0000
668     D         C          194           SER           92.70           285    129      0     6.214     4.213     1.000     0.2407      0.0000      0.0000      0.0000
669     D         C          195           ASN           93.17           285    129      7     6.214     4.213     1.000     0.2943      0.3031      0.1666      0.0111
670     D         C          196           SER           92.56           285    129      0     6.214     4.213     1.000     0.2464      0.0000      0.0000      0.0000
671     D         C          197           ALA           92.84           285    129      7     6.214     4.213     1.000     0.2979      0.3089      0.1705      0.0115
672     D         C          198           VAL           93.00           285    129      7     6.214     4.213     1.000     0.2956      0.3070      0.1692      0.0113
673     D         C          199           ALA           92.00           285    129      7     6.214     4.213     1.000     0.2876      0.2987      0.1637      0.0109
674     D         C          200           TRP           91.53           285    129      0     6.214     4.213     1.000     0.2574      0.0000      0.0000      0.0000
675     D         C          201           SER           87.59           285    129      0     6.214     4.213     1.000     0.1746      0.0000      0.0000      0.0000
676     D         C          202           ASN           83.61           285    129      0     6.214     4.213     1.000     0.1277      0.0000      0.0000      0.0000
677     D         C          203           LYS           80.76           285    129      0     6.214     4.213     1.000     0.1054      0.0000      0.0000      0.0000
678     D         C          204           SER           78.16           285    129      0     6.214     4.213     1.000     0.0832      0.0000      0.0000      0.0000
679     D         C          205           ASP           80.63           285    129      0     6.214     4.213     1.000     0.0801      0.0000      0.0000      0.0000
680     D         C          206           PHE           82.40           285    129      0     6.214     4.213     1.000     0.1157      0.0000      0.0000      0.0000
681     D         C          207           ALA           84.07           285    129      0     6.214     4.213     1.000     0.1216      0.0000      0.0000      0.0000
682     D         C          208           CYS           85.54           285    129      0     6.214     4.213     1.000     0.1261      0.0000      0.0000      0.0000
683     D         C          209           ALA           84.02           285    129      0     6.214     4.213     1.000     0.1230      0.0000      0.0000      0.0000
684     D         C          210           ASN           83.36           285    129      0     6.214     4.213     1.000     0.1128      0.0000      0.0000      0.0000
685     D         C          211           ALA           80.18           285    129      0     6.214     4.213     1.000     0.1297      0.0000      0.0000      0.0000
686     D         C          212           PHE           84.54           285    129      0     6.214     4.213     1.000     0.1443      0.0000      0.0000      0.0000
687     D         C          213           ASN           82.35           285    129      0     6.214     4.213     1.000     0.1091      0.0000      0.0000      0.0000
688     D         C          214           ASN           82.61           285    129      0     6.214     4.213     1.000     0.1033      0.0000      0.0000      0.0000
689     D         C          215           SER           79.94           285    129      0     6.214     4.213     1.000     0.0951      0.0000      0.0000      0.0000
690     D         C          216           ILE           79.58           285    129      0     6.214     4.213     1.000     0.0934      0.0000      0.0000      0.0000
691     D         C          217           ILE           80.39           285    129      0     6.214     4.213     1.000     0.0824      0.0000      0.0000      0.0000
692     D         C          218           PRO           79.64           285    129      0     6.214     4.213     1.000     0.0894      0.0000      0.0000      0.0000
693     D         C          219           GLU           78.66           285    129      0     6.214     4.213     1.000     0.0790      0.0000      0.0000      0.0000
694     D         C          220           ASP           82.98           285    129      0     6.214     4.213     1.000     0.0721      0.0000      0.0000      0.0000
695     D         C          221           THR           81.78           285    129      0     6.214     4.213     1.000     0.1053      0.0000      0.0000      0.0000
696     D         C          222           PHE           85.76           285    129      0     6.214     4.213     1.000     0.1178      0.0000      0.0000      0.0000
697     D         C          223           PHE           84.35           285    129      0     6.214     4.213     1.000     0.1223      0.0000      0.0000      0.0000
698     D         C          224           PRO           79.50           285    129      0     6.214     4.213     1.000     0.0873      0.0000      0.0000      0.0000
699     D         C          225           SER           75.37           285    129      0     6.214     4.213     1.000     0.0688      0.0000      0.0000      0.0000
700     D         C          226           PRO           68.82           285    129      0     6.214     4.213     1.000     0.0558      0.0000      0.0000      0.0000
701     D         C          227           GLU           60.21           285    129      0     6.214     4.213     1.000     0.0506      0.0000      0.0000      0.0000
702     D         C          228           SER           60.62           285    129      0     6.214     4.213     1.000     0.0419      0.0000      0.0000      0.0000
703     D         C          229           SER           66.46           285    129      0     6.214     4.213     1.000     0.0436      0.0000      0.0000      0.0000
704     D         C          230           CYS           71.70           285    129      0     6.214     4.213     1.000     0.0554      0.0000      0.0000      0.0000
705     D         C          231           ASP           78.00           285    129      0     6.214     4.213     1.000     0.0882      0.0000      0.0000      0.0000
706     D         C          232           VAL           79.70           285    129      0     6.214     4.213     1.000     0.1030      0.0000      0.0000      0.0000
707     D         C          233           LYS           78.30           285    129      0     6.214     4.213     1.000     0.1082      0.0000      0.0000      0.0000
708     D         C          234           LEU           78.39           285    129      0     6.214     4.213     1.000     0.1165      0.0000      0.0000      0.0000
709     D         C          235           VAL           80.53           285    129      0     6.214     4.213     1.000     0.1172      0.0000      0.0000      0.0000
710     D         C          236           GLU           77.10           285    129      0     6.214     4.213     1.000     0.1169      0.0000      0.0000      0.0000
711     D         C          237           LYS           80.56           285    129      0     6.214     4.213     1.000     0.1151      0.0000      0.0000      0.0000
712     D         C          238           SER           78.19           285    129      0     6.214     4.213     1.000     0.1098      0.0000      0.0000      0.0000
713     D         C          239           PHE           78.92           285    129      0     6.214     4.213     1.000     0.1132      0.0000      0.0000      0.0000
714     D         C          240           GLU           78.17           285    129      0     6.214     4.213     1.000     0.0974      0.0000      0.0000      0.0000
715     D         C          241           THR           79.87           285    129      0     6.214     4.213     1.000     0.1021      0.0000      0.0000      0.0000
716     D         C          242           ASP           80.45           285    129      0     6.214     4.213     1.000     0.0971      0.0000      0.0000      0.0000
717     D         C          243           THR           82.02           285    129      0     6.214     4.213     1.000     0.1014      0.0000      0.0000      0.0000
718     D         C          244           ASN           80.83           285    129      0     6.214     4.213     1.000     0.0995      0.0000      0.0000      0.0000
719     D         C          245           LEU           80.41           285    129      0     6.214     4.213     1.000     0.1077      0.0000      0.0000      0.0000
720     D         C          246           ASN           79.56           285    129      0     6.214     4.213     1.000     0.0996      0.0000      0.0000      0.0000
721     D         C          247           PHE           82.39           285    129      0     6.214     4.213     1.000     0.0991      0.0000      0.0000      0.0000
722     D         C          248           GLN           81.34           285    129      0     6.214     4.213     1.000     0.1023      0.0000      0.0000      0.0000
723     D         C          249           ASN           82.39           285    129      0     6.214     4.213     1.000     0.1016      0.0000      0.0000      0.0000
724     D         C          250           LEU           81.69           285    129      0     6.214     4.213     1.000     0.0941      0.0000      0.0000      0.0000
725     D         C          251           SER           86.44           285    129      0     6.214     4.213     1.000     0.0931      0.0000      0.0000      0.0000
726     D         C          252           VAL           85.96           285    129      0     6.214     4.213     1.000     0.0881      0.0000      0.0000      0.0000
727     D         C          253           ILE           84.94           285    129      0     6.214     4.213     1.000     0.0885      0.0000      0.0000      0.0000
728     D         C          254           GLY           83.54           285    129      0     6.214     4.213     1.000     0.0819      0.0000      0.0000      0.0000
729     D         C          255           PHE           87.46           285    129      0     6.214     4.213     1.000     0.0846      0.0000      0.0000      0.0000
730     D         C          256           ARG           85.91           285    129      0     6.214     4.213     1.000     0.0870      0.0000      0.0000      0.0000
731     D         C          257           ILE           86.00           285    129      0     6.214     4.213     1.000     0.0813      0.0000      0.0000      0.0000
732     D         C          258           LEU           88.04           285    129      0     6.214     4.213     1.000     0.0843      0.0000      0.0000      0.0000
733     D         C          259           LEU           86.65           285    129      0     6.214     4.213     1.000     0.0787      0.0000      0.0000      0.0000
734     D         C          260           LEU           86.59           285    129      0     6.214     4.213     1.000     0.0788      0.0000      0.0000      0.0000
735     D         C          261           LYS           86.15           285    129      0     6.214     4.213     1.000     0.0791      0.0000      0.0000      0.0000
736     D         C          262           VAL           86.45           285    129      0     6.214     4.213     1.000     0.0812      0.0000      0.0000      0.0000
737     D         C          263           ALA           85.37           285    129      0     6.214     4.213     1.000     0.0763      0.0000      0.0000      0.0000
738     D         C          264           GLY           86.16           285    129      0     6.214     4.213     1.000     0.0729      0.0000      0.0000      0.0000
739     D         C          265           PHE           89.30           285    129      0     6.214     4.213     1.000     0.0763      0.0000      0.0000      0.0000
740     D         C          266           ASN           86.37           285    129      0     6.214     4.213     1.000     0.0735      0.0000      0.0000      0.0000
741     D         C          267           LEU           88.97           285    129      0     6.214     4.213     1.000     0.0714      0.0000      0.0000      0.0000
742     D         C          268           LEU           88.40           285    129      0     6.214     4.213     1.000     0.0724      0.0000      0.0000      0.0000
743     D         C          269           MET           85.12           285    129      0     6.214     4.213     1.000     0.0709      0.0000      0.0000      0.0000
744     D         C          270           THR           86.34           285    129      0     6.214     4.213     1.000     0.0705      0.0000      0.0000      0.0000
745     D         C          271           LEU           87.35           285    129      0     6.214     4.213     1.000     0.0676      0.0000      0.0000      0.0000
746     D         C          272           ARG           86.83           285    129      0     6.214     4.213     1.000     0.0659      0.0000      0.0000      0.0000
747     D         C          273           LEU           81.51           285    129      0     6.214     4.213     1.000     0.0648      0.0000      0.0000      0.0000
748     D         C          274           TRP           83.76           285    129      0     6.214     4.213     1.000     0.0582      0.0000      0.0000      0.0000
749     D         C          275           SER           82.25           285    129      0     6.214     4.213     1.000     0.0492      0.0000      0.0000      0.0000
750     D         C          276           SER           69.21           285    129      0     6.214     4.213     1.000     0.0420      0.0000      0.0000      0.0000
475     D         E            1           MET           20.10           588    547      0     8.499     8.248     1.000     0.0678      0.0000      0.0000      0.0000
476     D         E            2           ALA           22.99           588    547      0     8.499     8.248     1.000     0.0679      0.0000      0.0000      0.0000
477     D         E            3           CYS           23.52           588    547      0     8.499     8.248     1.000     0.0681      0.0000      0.0000      0.0000
478     D         E            4           PRO           27.58           588    547      0     8.499     8.248     1.000     0.0687      0.0000      0.0000      0.0000
479     D         E            5           GLY           28.39           588    547      0     8.499     8.248     1.000     0.0687      0.0000      0.0000      0.0000
480     D         E            6           PHE           21.62           588    547      0     8.499     8.248     1.000     0.0693      0.0000      0.0000      0.0000
481     D         E            7           LEU           25.68           588    547      0     8.499     8.248     1.000     0.0702      0.0000      0.0000      0.0000
482     D         E            8           TRP           27.41           588    547      0     8.499     8.248     1.000     0.0709      0.0000      0.0000      0.0000
483     D         E            9           ALA           32.34           588    547      0     8.499     8.248     1.000     0.0713      0.0000      0.0000      0.0000
484     D         E           10           LEU           29.93           588    547      0     8.499     8.248     1.000     0.0722      0.0000      0.0000      0.0000
485     D         E           11           VAL           29.87           588    547      0     8.499     8.248     1.000     0.0727      0.0000      0.0000      0.0000
486     D         E           12           ILE           30.27           588    547      0     8.499     8.248     1.000     0.0739      0.0000      0.0000      0.0000
487     D         E           13           SER           28.34           588    547      0     8.499     8.248     1.000     0.0736      0.0000      0.0000      0.0000
488     D         E           14           THR           25.69           588    547      0     8.499     8.248     1.000     0.0749      0.0000      0.0000      0.0000
489     D         E           15           CYS           27.97           588    547      0     8.499     8.248     1.000     0.0751      0.0000      0.0000      0.0000
490     D         E           16           LEU           28.31           588    547      0     8.499     8.248     1.000     0.0769      0.0000      0.0000      0.0000
491     D         E           17           GLU           29.92           588    547      0     8.499     8.248     1.000     0.0776      0.0000      0.0000      0.0000
492     D         E           18           PHE           30.65           588    547      0     8.499     8.248     1.000     0.0788      0.0000      0.0000      0.0000
493     D         E           19           SER           37.19           588    547      0     8.499     8.248     1.000     0.0798      0.0000      0.0000      0.0000
494     D         E           20           MET           38.67           588    547      0     8.499     8.248     1.000     0.0821      0.0000      0.0000      0.0000
495     D         E           21           ALA           49.40           588    547      0     8.499     8.248     1.000     0.0852      0.0000      0.0000      0.0000
496     D         E           22           GLN           52.54           588    547      0     8.499     8.248     1.000     0.0974      0.0000      0.0000      0.0000
497     D         E           23           THR           81.68           588    547      1     8.499     8.248     1.000     0.1290      0.4293      0.4146      0.0103
498     D         E           24           VAL           93.26           588    547    243     8.499     8.248     5.775     0.5329      0.6282      0.6147      0.4476
499     D         E           25           THR           94.89           588    547    247     8.499     8.248     5.819     0.6343      0.7453      0.7342      0.5870
500     D         E           26           GLN           95.10           588    547    246     8.499     8.248     5.808     0.6216      0.7292      0.7176      0.5653
501     D         E           27           SER           93.01           588    547    231     8.499     8.248     5.640     0.4899      0.5898      0.5758      0.3964
502     D         E           28           GLN           92.84           588    547    240     8.499     8.248     5.742     0.5054      0.5994      0.5853      0.4118
503     D         E           29           PRO           92.81           588    547    245     8.499     8.248     5.797     0.5545      0.6519      0.6385      0.4714
504     D         E           30           GLU           94.23           588    547    247     8.499     8.248     5.819     0.5866      0.6865      0.6738      0.5127
505     D         E           31           MET           95.93           588    547    249     8.499     8.248     5.841     0.6320      0.7373      0.7258      0.5767
506     D         E           32           SER           94.53           588    547    249     8.499     8.248     5.841     0.6099      0.7099      0.6978      0.5423
507     D         E           33           VAL           95.39           588    547    251     8.499     8.248     5.863     0.6324      0.7326      0.7210      0.5721
508     D         E           34           GLN           94.58           588    547    253     8.499     8.248     5.884     0.5989      0.6899      0.6773      0.5220
509     D         E           35           GLU           93.98           588    547    250     8.499     8.248     5.852     0.5728      0.6629      0.6497      0.4877
510     D         E           36           ALA           94.88           588    547    248     8.499     8.248     5.830     0.5467      0.6326      0.6189      0.4532
511     D         E           37           GLU           95.59           588    547    248     8.499     8.248     5.830     0.5448      0.6323      0.6186      0.4525
512     D         E           38           THR           96.54           588    547    251     8.499     8.248     5.863     0.6182      0.7148      0.7028      0.5506
513     D         E           39           VAL           96.65           588    547    254     8.499     8.248     5.895     0.6219      0.7152      0.7032      0.5541
514     D         E           40           THR           96.76           588    547    256     8.499     8.248     5.917     0.6524      0.7489      0.7379      0.5999
515     D         E           41           LEU           97.05           588    547    256     8.499     8.248     5.917     0.6837      0.7846      0.7748      0.6476
516     D         E           42           SER           96.14           588    547    248     8.499     8.248     5.830     0.5817      0.6796      0.6668      0.5066
517     D         E           43           CYS           96.38           588    547    248     8.499     8.248     5.830     0.6324      0.7401      0.7288      0.5802
518     D         E           44           THR           96.33           588    547    249     8.499     8.248     5.841     0.6382      0.7441      0.7329      0.5869
519     D         E           45           TYR           95.36           588    547    248     8.499     8.248     5.830     0.6532      0.7636      0.7531      0.6119
520     D         E           46           ASP           92.20           588    547    244     8.499     8.248     5.786     0.5541      0.6539      0.6408      0.4759
521     D         E           47           THR           88.64           588    547    225     8.499     8.248     5.570     0.4846      0.5890      0.5751      0.3910
522     D         E           48           SER           81.42           588    547    180     8.499     8.248     5.001     0.4371      0.5678      0.5536      0.3230
523     D         E           49           GLU           80.49           588    547    153     8.499     8.248     4.608     0.4081      0.5553      0.5411      0.2791
524     D         E           50           SER           77.26           588    547    145     8.499     8.248     4.482     0.4067      0.5572      0.5429      0.2705
525     D         E           51           ASP           80.15           588    547    205     8.499     8.248     5.329     0.4660      0.5852      0.5714      0.3695
526     D         E           52           TYR           86.80           588    547    245     8.499     8.248     5.797     0.6037      0.7108      0.6990      0.5458
527     D         E           53           TYR           90.24           588    547    253     8.499     8.248     5.884     0.6718      0.7759      0.7660      0.6361
528     D         E           54           LEU           93.64           588    547    260     8.499     8.248     5.959     0.7143      0.8108      0.8022      0.6911
529     D         E           55           PHE           94.39           588    547    260     8.499     8.248     5.959     0.7246      0.8238      0.8157      0.7098
530     D         E           56           TRP           96.21           588    547    262     8.499     8.248     5.980     0.7461      0.8433      0.8360      0.7402
531     D         E           57           TYR           95.88           588    547    261     8.499     8.248     5.970     0.7493      0.8509      0.8438      0.7508
532     D         E           58           LYS           96.18           588    547    257     8.499     8.248     5.927     0.7204      0.8272      0.8191      0.7111
533     D         E           59           GLN           95.70           588    547    256     8.499     8.248     5.917     0.7161      0.8254      0.8172      0.7079
534     D         E           60           PRO           93.46           588    547    248     8.499     8.248     5.830     0.6568      0.7694      0.7591      0.6202
535     D         E           61           PRO           88.75           588    547    247     8.499     8.248     5.819     0.6063      0.7132      0.7012      0.5468
536     D         E           62           SER           83.59           588    547    217     8.499     8.248     5.476     0.4663      0.5707      0.5566      0.3663
537     D         E           63           ARG           86.74           588    547    217     8.499     8.248     5.476     0.4789      0.5905      0.5766      0.3859
538     D         E           64           GLN           90.10           588    547    240     8.499     8.248     5.742     0.5392      0.6437      0.6306      0.4639
539     D         E           65           MET           93.75           588    547    247     8.499     8.248     5.819     0.6570      0.7732      0.7631      0.6270
540     D         E           66           ILE           94.14           588    547    255     8.499     8.248     5.906     0.6962      0.8040      0.7951      0.6771
541     D         E           67           LEU           94.31           588    547    256     8.499     8.248     5.917     0.7005      0.8064      0.7976      0.6820
542     D         E           68           VAL           95.30           588    547    255     8.499     8.248     5.906     0.6912      0.7972      0.7879      0.6664
543     D         E           69           ILE           94.95           588    547    249     8.499     8.248     5.841     0.6323      0.7364      0.7252      0.5786
544     D         E           70           ARG           92.48           588    547    248     8.499     8.248     5.830     0.6382      0.7444      0.7333      0.5875
545     D         E           71           GLN           93.06           588    547    247     8.499     8.248     5.819     0.6264      0.7316      0.7201      0.5706
546     D         E           72           GLU           88.18           588    547    244     8.499     8.248     5.786     0.5618      0.6611      0.6482      0.4854
547     D         E           73           ALA           87.21           588    547    238     8.499     8.248     5.720     0.5093      0.6065      0.5928      0.4228
548     D         E           74           TYR           83.55           588    547    214     8.499     8.248     5.439     0.4822      0.5961      0.5822      0.3882
549     D         E           75           LYS           82.65           588    547     96     8.499     8.248     3.565     0.3572      0.5297      0.5151      0.1726
550     D         E           76           GLN           80.41           588    547     17     8.499     8.248     1.000     0.2395      0.5095      0.4948      0.0149
551     D         E           77           GLN           87.09           588    547     46     8.499     8.248     2.095     0.3133      0.4795      0.4647      0.0542
552     D         E           78           ASN           90.85           588    547    198     8.499     8.248     5.240     0.4175      0.5074      0.4926      0.2844
553     D         E           79           ALA           88.84           588    547    204     8.499     8.248     5.316     0.4210      0.5108      0.4960      0.2929
554     D         E           80           THR           90.48           588    547    176     8.499     8.248     4.946     0.4059      0.5060      0.4912      0.2610
555     D         E           81           GLU           88.47           588    547    156     8.499     8.248     4.654     0.3886      0.4977      0.4829      0.2319
556     D         E           82           ASN           90.64           588    547     83     8.499     8.248     3.261     0.3462      0.4863      0.4715      0.1245
557     D         E           83           ARG           95.05           588    547    235     8.499     8.248     5.686     0.4823      0.5668      0.5523      0.3744
558     D         E           84           PHE           96.03           588    547    249     8.499     8.248     5.841     0.6120      0.7107      0.6986      0.5438
559     D         E           85           SER           95.76           588    547    248     8.499     8.248     5.830     0.5705      0.6616      0.6485      0.4855
560     D         E           86           VAL           95.87           588    547    247     8.499     8.248     5.819     0.5763      0.6717      0.6587      0.4961
561     D         E           87           ASN           95.65           588    547    248     8.499     8.248     5.830     0.6031      0.7030      0.6908      0.5338
562     D         E           88           PHE           95.41           588    547    247     8.499     8.248     5.819     0.6192      0.7242      0.7125      0.5597
563     D         E           89           GLN           94.67           588    547    246     8.499     8.248     5.808     0.5800      0.6799      0.6671      0.5051
564     D         E           90           LYS           92.84           588    547    245     8.499     8.248     5.797     0.5754      0.6758      0.6629      0.4997
565     D         E           91           ALA           92.81           588    547    241     8.499     8.248     5.753     0.5141      0.6053      0.5914      0.4203
566     D         E           92           ALA           94.52           588    547    242     8.499     8.248     5.764     0.5250      0.6192      0.6055      0.4354
567     D         E           93           LYS           94.66           588    547    246     8.499     8.248     5.808     0.5927      0.6956      0.6832      0.5238
568     D         E           94           SER           95.59           588    547    246     8.499     8.248     5.808     0.5852      0.6853      0.6727      0.5113
569     D         E           95           PHE           96.28           588    547    249     8.499     8.248     5.841     0.6383      0.7441      0.7330      0.5868
570     D         E           96           SER           96.14           588    547    249     8.499     8.248     5.841     0.6149      0.7138      0.7018      0.5478
571     D         E           97           LEU           97.08           588    547    256     8.499     8.248     5.917     0.6848      0.7864      0.7766      0.6502
572     D         E           98           LYS           96.86           588    547    256     8.499     8.248     5.917     0.6557      0.7511      0.7402      0.6020
573     D         E           99           ILE           96.89           588    547    256     8.499     8.248     5.917     0.6748      0.7743      0.7641      0.6325
574     D         E          100           SER           95.40           588    547    248     8.499     8.248     5.830     0.5486      0.6354      0.6217      0.4563
575     D         E          101           ASP           95.72           588    547    249     8.499     8.248     5.841     0.5746      0.6644      0.6513      0.4891
576     D         E          102           SER           95.73           588    547    256     8.499     8.248     5.917     0.6259      0.7167      0.7047      0.5576
577     D         E          103           GLN           94.70           588    547    256     8.499     8.248     5.917     0.6524      0.7489      0.7379      0.5988
578     D         E          104           LEU           93.32           588    547    256     8.499     8.248     5.917     0.6801      0.7812      0.7712      0.6417
579     D         E          105           GLY           93.24           588    547    254     8.499     8.248     5.895     0.6674      0.7702      0.7599      0.6254
580     D         E          106           ASP           95.69           588    547    256     8.499     8.248     5.917     0.7021      0.8077      0.7987      0.6797
581     D         E          107           ALA           95.07           588    547    257     8.499     8.248     5.927     0.7077      0.8113      0.8025      0.6859
582     D         E          108           ALA           95.97           588    547    256     8.499     8.248     5.917     0.7036      0.8093      0.8004      0.6833
583     D         E          109           MET           96.09           588    547    257     8.499     8.248     5.927     0.7204      0.8263      0.8181      0.7087
584     D         E          110           TYR           97.02           588    547    260     8.499     8.248     5.959     0.7486      0.8519      0.8448      0.7509
585     D         E          111           PHE           96.27           588    547    260     8.499     8.248     5.959     0.7424      0.8451      0.8378      0.7410
586     D         E          112           CYS           95.95           588    547    255     8.499     8.248     5.906     0.6972      0.8015      0.7924      0.6718
587     D         E          113           ALA           94.72           588    547    256     8.499     8.248     5.917     0.6998      0.8027      0.7937      0.6755
588     D         E          114           TYR           92.80           588    547    251     8.499     8.248     5.863     0.6918      0.8029      0.7938      0.6713
589     D         E          115           ARG           90.23           588    547    245     8.499     8.248     5.797     0.6150      0.7249      0.7135      0.5642
590     D         E          116           SER           84.58           588    547    229     8.499     8.248     5.617     0.5207      0.6328      0.6198      0.4459
591     D         E          117           ALA           78.93           588    547    165     8.499     8.248     4.788     0.4350      0.5880      0.5743      0.3285
592     D         E          118           LEU           73.06           588    547     58     8.499     8.248     2.544     0.2845      0.5471      0.5327      0.1052
593     D         E          119           SER           68.80           588    547     31     8.499     8.248     1.325     0.2151      0.5222      0.5076      0.0274
594     D         E          120           TYR           64.59           588    547     31     8.499     8.248     1.325     0.2223      0.5325      0.5179      0.0287
595     D         E          121           ASN           70.73           588    547     26     8.499     8.248     1.000     0.2125      0.5332      0.5186      0.0165
596     D         E          122           ASP           75.76           588    547     37     8.499     8.248     1.675     0.2346      0.5290      0.5143      0.0438
597     D         E          123           MET           85.55           588    547    133     8.499     8.248     4.282     0.4039      0.6260      0.6128      0.3204
598     D         E          124           ARG           91.20           588    547    244     8.499     8.248     5.786     0.5938      0.7060      0.6943      0.5422
599     D         E          125           PHE           93.49           588    547    250     8.499     8.248     5.852     0.6833      0.7979      0.7887      0.6645
600     D         E          126           GLY           94.15           588    547    247     8.499     8.248     5.819     0.6406      0.7528      0.7422      0.6004
601     D         E          127           ALA           94.01           588    547    248     8.499     8.248     5.830     0.6368      0.7465      0.7355      0.5911
602     D         E          128           GLY           95.11           588    547    247     8.499     8.248     5.819     0.6210      0.7288      0.7173      0.5669
603     D         E          129           THR           96.27           588    547    256     8.499     8.248     5.917     0.7044      0.8104      0.8016      0.6843
604     D         E          130           ARG           95.77           588    547    256     8.499     8.248     5.917     0.7117      0.8193      0.8108      0.6966
605     D         E          131           LEU           96.42           588    547    257     8.499     8.248     5.927     0.7197      0.8266      0.8184      0.7086
606     D         E          132           THR           94.61           588    547    256     8.499     8.248     5.917     0.6959      0.8005      0.7912      0.6688
607     D         E          133           VAL           94.97           588    547    256     8.499     8.248     5.917     0.6890      0.7916      0.7820      0.6561
608     D         E          134           LYS           94.23           588    547    255     8.499     8.248     5.906     0.6379      0.7332      0.7218      0.5774
609     D         E          135           PRO           93.42           588    547    248     8.499     8.248     5.830     0.5592      0.6492      0.6358      0.4716
610     D         E          136           ASN           91.64           588    547    237     8.499     8.248     5.708     0.4865      0.5691      0.5548      0.3802
611     D         E          137           ILE           89.49           588    547    192     8.499     8.248     5.162     0.4353      0.5317      0.5171      0.3015
612     D         E          138           GLN           86.04           588    547     53     8.499     8.248     2.369     0.3129      0.5140      0.4993      0.0793
613     D         E          139           ASN           87.67           588    547     46     8.499     8.248     2.095     0.2982      0.5257      0.5111      0.0676
614     D         E          140           PRO           88.15           588    547    105     8.499     8.248     3.757     0.3872      0.5635      0.5493      0.2139
615     D         E          141           ASP           90.61           588    547    161     8.499     8.248     4.729     0.4449      0.5815      0.5676      0.3151
616     D         E          142           PRO           90.73           588    547    227     8.499     8.248     5.594     0.5180      0.6107      0.5973      0.4204
617     D         E          143           ALA           90.42           588    547    227     8.499     8.248     5.594     0.5225      0.6180      0.6048      0.4285
618     D         E          144           VAL           91.25           588    547    259     8.499     8.248     5.949     0.6301      0.7128      0.7013      0.5647
619     D         E          145           TYR           91.52           588    547    259     8.499     8.248     5.949     0.6450      0.7300      0.7190      0.5858
620     D         E          146           GLN           88.99           588    547    256     8.499     8.248     5.917     0.6060      0.6888      0.6769      0.5354
621     D         E          147           LEU           88.07           588    547    236     8.499     8.248     5.697     0.5540      0.6496      0.6371      0.4747
622     D         E          148           ARG           82.48           588    547     89     8.499     8.248     3.406     0.3374      0.5929      0.5792      0.2091
623     D         E          149           ASP           78.73           588    547     43     8.499     8.248     1.965     0.2535      0.5448      0.5304      0.0650
624     D         E          150           SER           68.95           588    547     23     8.499     8.248     1.000     0.2133      0.5258      0.5112      0.0163
625     D         E          151           LYS           71.64           588    547     11     8.499     8.248     1.000     0.1748      0.5204      0.5057      0.0155
626     D         E          152           SER           60.15           588    547      5     8.499     8.248     1.000     0.1276      0.4632      0.4484      0.0119
627     D         E          153           SER           60.23           588    547      2     8.499     8.248     1.000     0.1254      0.4243      0.4097      0.0101
628     D         E          154           ASP           67.72           588    547      4     8.499     8.248     1.000     0.1598      0.5186      0.5039      0.0154
629     D         E          155           LYS           73.90           588    547     37     8.499     8.248     1.675     0.2415      0.5307      0.5161      0.0455
630     D         E          156           SER           81.30           588    547     98     8.499     8.248     3.609     0.3355      0.5782      0.5641      0.2109
631     D         E          157           VAL           90.62           588    547    212     8.499     8.248     5.415     0.5230      0.6436      0.6309      0.4442
632     D         E          158           CYS           91.27           588    547    257     8.499     8.248     5.927     0.6458      0.7357      0.7250      0.5932
633     D         E          159           LEU           92.79           588    547    261     8.499     8.248     5.970     0.6863      0.7760      0.7662      0.6463
634     D         E          160           PHE           92.60           588    547    259     8.499     8.248     5.949     0.6642      0.7548      0.7444      0.6165
635     D         E          161           THR           91.20           588    547    229     8.499     8.248     5.617     0.5219      0.6183      0.6052      0.4322
636     D         E          162           ASP           87.56           588    547    164     8.499     8.248     4.774     0.4475      0.5876      0.5739      0.3266
637     D         E          163           PHE           89.75           588    547    217     8.499     8.248     5.476     0.4960      0.5958      0.5821      0.3930
638     D         E          164           ASP           87.65           588    547    124     8.499     8.248     4.123     0.3941      0.5407      0.5262      0.2251
639     D         E          165           SER           86.10           588    547    142     8.499     8.248     4.433     0.4069      0.5382      0.5237      0.2475
640     D         E          166           GLN           84.97           588    547    138     8.499     8.248     4.367     0.3990      0.5306      0.5160      0.2358
641     D         E          167           THR           83.78           588    547    142     8.499     8.248     4.433     0.3937      0.5214      0.5067      0.2336
642     D         E          168           ASN           84.48           588    547    160     8.499     8.248     4.714     0.4096      0.5316      0.5171      0.2656
643     D         E          169           VAL           84.91           588    547    182     8.499     8.248     5.029     0.4323      0.5428      0.5283      0.3010
644     D         E          170           SER           82.63           588    547    108     8.499     8.248     3.818     0.3678      0.5273      0.5128      0.1912
645     D         E          171           GLN           82.90           588    547    107     8.499     8.248     3.798     0.3684      0.5284      0.5138      0.1903
646     D         E          172           SER           81.47           588    547     73     8.499     8.248     3.000     0.3339      0.5319      0.5174      0.1306
647     D         E          173           LYS           79.76           588    547     61     8.499     8.248     2.643     0.3093      0.5206      0.5060      0.1001
648     D         E          174           ASP           81.63           588    547     70     8.499     8.248     2.916     0.3325      0.5385      0.5241      0.1294
649     D         E          175           SER           82.42           588    547    117     8.499     8.248     3.994     0.3711      0.5420      0.5277      0.2180
650     D         E          176           ASP           85.68           588    547    156     8.499     8.248     4.654     0.4252      0.5784      0.5643      0.3042
651     D         E          177           VAL           87.37           588    547    251     8.499     8.248     5.863     0.5673      0.6534      0.6407      0.4877
652     D         E          178           TYR           89.76           588    547    253     8.499     8.248     5.884     0.6112      0.7045      0.6926      0.5466
653     D         E          179           ILE           90.14           588    547    257     8.499     8.248     5.927     0.6435      0.7369      0.7258      0.5894
654     D         E          180           THR           89.62           588    547    252     8.499     8.248     5.874     0.5964      0.6901      0.6778      0.5277
655     D         E          181           ASP           88.77           588    547    248     8.499     8.248     5.830     0.5638      0.6558      0.6430      0.4857
656     D         E          182           LYS           90.20           588    547    249     8.499     8.248     5.841     0.5581      0.6462      0.6332      0.4765
657     D         E          183           THR           91.14           588    547    255     8.499     8.248     5.906     0.5902      0.6763      0.6639      0.5157
658     D         E          184           VAL           92.09           588    547    257     8.499     8.248     5.927     0.6181      0.7051      0.6933      0.5506
659     D         E          185           LEU           90.50           588    547    245     8.499     8.248     5.797     0.5336      0.6171      0.6038      0.4441
660     D         E          186           ASP           90.99           588    547    255     8.499     8.248     5.906     0.5501      0.6271      0.6139      0.4625
661     D         E          187           MET           90.02           588    547    255     8.499     8.248     5.906     0.5526      0.6284      0.6153      0.4646
662     D         E          188           ARG           87.94           588    547    211     8.499     8.248     5.403     0.4965      0.5994      0.5860      0.3940
663     D         E          189           SER           88.23           588    547    135     8.499     8.248     4.316     0.4226      0.5783      0.5645      0.2785
664     D         E          190           MET           87.73           588    547    125     8.499     8.248     4.141     0.4190      0.5861      0.5723      0.2697
665     D         E          191           ASP           89.26           588    547    164     8.499     8.248     4.774     0.4454      0.5718      0.5579      0.3124
666     D         E          192           PHE           90.94           588    547    252     8.499     8.248     5.874     0.5432      0.6194      0.6061      0.4516
667     D         E          193           LYS           91.83           588    547    256     8.499     8.248     5.917     0.5905      0.6722      0.6598      0.5132
668     D         E          194           SER           92.70           588    547    255     8.499     8.248     5.906     0.5801      0.6629      0.6504      0.5028
669     D         E          195           ASN           93.17           588    547    257     8.499     8.248     5.927     0.6371      0.7283      0.7172      0.5810
670     D         E          196           SER           92.56           588    547    254     8.499     8.248     5.895     0.5890      0.6762      0.6640      0.5187
671     D         E          197           ALA           92.84           588    547    258     8.499     8.248     5.938     0.6624      0.7557      0.7453      0.6176
672     D         E          198           VAL           93.00           588    547    257     8.499     8.248     5.927     0.6637      0.7573      0.7470      0.6184
673     D         E          199           ALA           92.00           588    547    258     8.499     8.248     5.938     0.6676      0.7600      0.7498      0.6225
674     D         E          200           TRP           91.53           588    547    257     8.499     8.248     5.927     0.6426      0.7335      0.7226      0.5881
675     D         E          201           SER           87.59           588    547    226     8.499     8.248     5.582     0.5344      0.6390      0.6261      0.4507
676     D         E          202           ASN           83.61           588    547    170     8.499     8.248     4.861     0.4481      0.5944      0.5806      0.3381
677     D         E          203           LYS           80.76           588    547    116     8.499     8.248     3.975     0.3702      0.5398      0.5254      0.2140
678     D         E          204           SER           78.16           588    547     57     8.499     8.248     2.510     0.3011      0.5183      0.5036      0.0884
679     D         E          205           ASP           80.63           588    547     55     8.499     8.248     2.441     0.2869      0.4981      0.4832      0.0772
680     D         E          206           PHE           82.40           588    547    116     8.499     8.248     3.975     0.3801      0.5486      0.5341      0.2171
681     D         E          207           ALA           84.07           588    547    119     8.499     8.248     4.031     0.3878      0.5576      0.5432      0.2297
682     D         E          208           CYS           85.54           588    547    158     8.499     8.248     4.684     0.4339      0.5795      0.5655      0.3072
683     D         E          209           ALA           84.02           588    547    127     8.499     8.248     4.177     0.4007      0.5708      0.5565      0.2525
684     D         E          210           ASN           83.36           588    547    101     8.499     8.248     3.673     0.3573      0.5335      0.5189      0.1815
685     D         E          211           ALA           80.18           588    547    134     8.499     8.248     4.299     0.4005      0.5456      0.5311      0.2422
686     D         E          212           PHE           84.54           588    547    158     8.499     8.248     4.684     0.4246      0.5569      0.5425      0.2853
687     D         E          213           ASN           82.35           588    547     92     8.499     8.248     3.475     0.3477      0.5275      0.5128      0.1617
688     D         E          214           ASN           82.61           588    547     46     8.499     8.248     2.095     0.3022      0.4901      0.4752      0.0560
689     D         E          215           SER           79.94           588    547     22     8.499     8.248     1.000     0.2670      0.4568      0.4420      0.0115
690     D         E          216           ILE           79.58           588    547     14     8.499     8.248     1.000     0.2525      0.4476      0.4328      0.0111
691     D         E          217           ILE           80.39           588    547      8     8.499     8.248     1.000     0.2379      0.4496      0.4348      0.0112
692     D         E          218           PRO           79.64           588    547      8     8.499     8.248     1.000     0.2409      0.4534      0.4386      0.0114
693     D         E          219           GLU           78.66           588    547      6     8.499     8.248     1.000     0.2161      0.4648      0.4499      0.0120
694     D         E          220           ASP           82.98           588    547     12     8.499     8.248     1.000     0.2262      0.5019      0.4871      0.0142
695     D         E          221           THR           81.78           588    547     39     8.499     8.248     1.777     0.2956      0.5328      0.5182      0.0503
696     D         E          222           PHE           85.76           588    547     56     8.499     8.248     2.476     0.3202      0.5232      0.5087      0.0908
697     D         E          223           PHE           84.35           588    547     71     8.499     8.248     2.944     0.3359      0.5211      0.5065      0.1228
698     D         E          224           PRO           79.50           588    547     21     8.499     8.248     1.000     0.2479      0.5222      0.5077      0.0164
699     D         E          225           SER           75.37           588    547      8     8.499     8.248     1.000     0.1871      0.5497      0.5351      0.0177
700     D         E          226           PRO           68.82           588    547      7     8.499     8.248     1.000     0.1642      0.5197      0.5049      0.0153
701     D         E          227           GLU           60.21           588    547      4     8.499     8.248     1.000     0.1330      0.4673      0.4524      0.0121
702     D         E          228           SER           60.62           588    547      1     8.499     8.248     1.000     0.1096      0.4605      0.4456      0.0117
703     D         E          229           SER           66.46           588    547      7     8.499     8.248     1.000     0.1258      0.4970      0.4823      0.0142
704     D         E          230           CYS           71.70           588    547     17     8.499     8.248     1.000     0.1879      0.5403      0.5258      0.0175
705     D         E          231           ASP           78.00           588    547     46     8.499     8.248     2.095     0.2757      0.5699      0.5556      0.0800
706     D         E          232           VAL           79.70           588    547     60     8.499     8.248     2.611     0.3165      0.5651      0.5507      0.1160
707     D         E          233           LYS           78.30           588    547     67     8.499     8.248     2.828     0.3265      0.5684      0.5542      0.1363
708     D         E          234           LEU           78.39           588    547     73     8.499     8.248     3.000     0.3390      0.5765      0.5624      0.1554
709     D         E          235           VAL           80.53           588    547     81     8.499     8.248     3.211     0.3543      0.5798      0.5659      0.1787
710     D         E          236           GLU           77.10           588    547     77     8.499     8.248     3.108     0.3493      0.5792      0.5651      0.1666
711     D         E          237           LYS           80.56           588    547     82     8.499     8.248     3.236     0.3523      0.5639      0.5496      0.1680
712     D         E          238           SER           78.19           588    547     70     8.499     8.248     2.916     0.3343      0.5828      0.5687      0.1530
713     D         E          239           PHE           78.92           588    547     77     8.499     8.248     3.108     0.3513      0.5842      0.5701      0.1690
714     D         E          240           GLU           78.17           588    547     69     8.499     8.248     2.887     0.3123      0.5631      0.5489      0.1396
715     D         E          241           THR           79.87           588    547     74     8.499     8.248     3.027     0.3217      0.5546      0.5403      0.1451
716     D         E          242           ASP           80.45           588    547     60     8.499     8.248     2.611     0.2995      0.5315      0.5169      0.1014
717     D         E          243           THR           82.02           588    547     77     8.499     8.248     3.108     0.3330      0.5510      0.5365      0.1480
718     D         E          244           ASN           80.83           588    547     76     8.499     8.248     3.081     0.3256      0.5509      0.5365      0.1482
719     D         E          245           LEU           80.41           588    547     83     8.499     8.248     3.261     0.3357      0.5615      0.5473      0.1689
720     D         E          246           ASN           79.56           588    547     91     8.499     8.248     3.452     0.3463      0.5670      0.5528      0.1883
721     D         E          247           PHE           82.39           588    547     84     8.499     8.248     3.286     0.3391      0.5670      0.5528      0.1755
722     D         E          248           GLN           81.34           588    547     83     8.499     8.248     3.261     0.3358      0.5733      0.5593      0.1787
723     D         E          249           ASN           82.39           588    547     82     8.499     8.248     3.236     0.3392      0.5801      0.5661      0.1796
724     D         E          250           LEU           81.69           588    547     78     8.499     8.248     3.134     0.3306      0.5789      0.5650      0.1716
725     D         E          251           SER           86.44           588    547     71     8.499     8.248     2.944     0.3263      0.6079      0.5944      0.1749
726     D         E          252           VAL           85.96           588    547     75     8.499     8.248     3.054     0.3208      0.6024      0.5888      0.1821
727     D         E          253           ILE           84.94           588    547     71     8.499     8.248     2.944     0.3159      0.5979      0.5842      0.1673
728     D         E          254           GLY           83.54           588    547     65     8.499     8.248     2.768     0.3060      0.6058      0.5923      0.1574
729     D         E          255           PHE           87.46           588    547     62     8.499     8.248     2.675     0.3044      0.6345      0.6214      0.1660
730     D         E          256           ARG           85.91           588    547     64     8.499     8.248     2.738     0.3090      0.6392      0.6262      0.1758
731     D         E          257           ILE           86.00           588    547     62     8.499     8.248     2.675     0.2977      0.6257      0.6125      0.1610
732     D         E          258           LEU           88.04           588    547     60     8.499     8.248     2.611     0.2995      0.6486      0.6358      0.1700
733     D         E          259           LEU           86.65           588    547     56     8.499     8.248     2.476     0.2953      0.6847      0.6726      0.1794
734     D         E          260           LEU           86.59           588    547     60     8.499     8.248     2.611     0.2958      0.6556      0.6431      0.1767
735     D         E          261           LYS           86.15           588    547     56     8.499     8.248     2.476     0.2911      0.6591      0.6465      0.1624
736     D         E          262           VAL           86.45           588    547     54     8.499     8.248     2.405     0.2909      0.6816      0.6694      0.1710
737     D         E          263           ALA           85.37           588    547     53     8.499     8.248     2.369     0.2850      0.6821      0.6700      0.1671
738     D         E          264           GLY           86.16           588    547     48     8.499     8.248     2.177     0.2761      0.6991      0.6870      0.1500
739     D         E          265           PHE           89.30           588    547     49     8.499     8.248     2.217     0.2747      0.6916      0.6794      0.1513
740     D         E          266           ASN           86.37           588    547     49     8.499     8.248     2.217     0.2755      0.7052      0.6934      0.1610
741     D         E          267           LEU           88.97           588    547     48     8.499     8.248     2.177     0.2706      0.6882      0.6759      0.1424
742     D         E          268           LEU           88.40           588    547     48     8.499     8.248     2.177     0.2722      0.6990      0.6870      0.1519
743     D         E          269           MET           85.12           588    547     47     8.499     8.248     2.137     0.2670      0.7124      0.7008      0.1589
744     D         E          270           THR           86.34           588    547     48     8.499     8.248     2.177     0.2626      0.6900      0.6778      0.1483
745     D         E          271           LEU           87.35           588    547     47     8.499     8.248     2.137     0.2596      0.6885      0.6763      0.1422
746     D         E          272           ARG           86.83           588    547     46     8.499     8.248     2.095     0.2427      0.6671      0.6544      0.1244
747     D         E          273           LEU           81.51           588    547     43     8.499     8.248     1.965     0.2380      0.6619      0.6493      0.1129
748     D         E          274           TRP           83.76           588    547     34     8.499     8.248     1.509     0.2026      0.6328      0.6196      0.0600
749     D         E          275           SER           82.25           588    547     20     8.499     8.248     1.000     0.1518      0.5316      0.5171      0.0170
750     D         E          276           SER           69.21           588    547      0     8.499     8.248     1.000     0.1018      0.0000      0.0000      0.0000
751     E         A            1           MET           22.64           678    452      0     9.013     7.610     1.000     0.0750      0.0000      0.0000      0.0000
752     E         A            2           SER           27.55           678    452      0     9.013     7.610     1.000     0.0751      0.0000      0.0000      0.0000
753     E         A            3           ILE           32.21           678    452      0     9.013     7.610     1.000     0.0753      0.0000      0.0000      0.0000
754     E         A            4           GLY           30.41           678    452      0     9.013     7.610     1.000     0.0752      0.0000      0.0000      0.0000
755     E         A            5           LEU           31.33           678    452      0     9.013     7.610     1.000     0.0756      0.0000      0.0000      0.0000
756     E         A            6           LEU           30.09           678    452      0     9.013     7.610     1.000     0.0759      0.0000      0.0000      0.0000
757     E         A            7           CYS           29.94           678    452      0     9.013     7.610     1.000     0.0760      0.0000      0.0000      0.0000
758     E         A            8           CYS           31.58           678    452      0     9.013     7.610     1.000     0.0765      0.0000      0.0000      0.0000
759     E         A            9           ALA           33.57           678    452      0     9.013     7.610     1.000     0.0769      0.0000      0.0000      0.0000
760     E         A           10           ALA           32.62           678    452      0     9.013     7.610     1.000     0.0767      0.0000      0.0000      0.0000
761     E         A           11           LEU           28.87           678    452      0     9.013     7.610     1.000     0.0772      0.0000      0.0000      0.0000
762     E         A           12           SER           29.60           678    452      0     9.013     7.610     1.000     0.0776      0.0000      0.0000      0.0000
763     E         A           13           LEU           26.82           678    452      0     9.013     7.610     1.000     0.0776      0.0000      0.0000      0.0000
764     E         A           14           LEU           28.25           678    452      0     9.013     7.610     1.000     0.0781      0.0000      0.0000      0.0000
765     E         A           15           TRP           29.43           678    452      0     9.013     7.610     1.000     0.0786      0.0000      0.0000      0.0000
766     E         A           16           ALA           32.53           678    452      0     9.013     7.610     1.000     0.0790      0.0000      0.0000      0.0000
767     E         A           17           GLY           33.04           678    452      0     9.013     7.610     1.000     0.0798      0.0000      0.0000      0.0000
768     E         A           18           PRO           30.74           678    452      0     9.013     7.610     1.000     0.0804      0.0000      0.0000      0.0000
769     E         A           19           VAL           37.71           678    452      0     9.013     7.610     1.000     0.0818      0.0000      0.0000      0.0000
770     E         A           20           ASN           45.06           678    452      0     9.013     7.610     1.000     0.0842      0.0000      0.0000      0.0000
771     E         A           21           ALA           57.01           678    452      0     9.013     7.610     1.000     0.0885      0.0000      0.0000      0.0000
772     E         A           22           GLY           86.24           678    452      0     9.013     7.610     1.000     0.1227      0.0000      0.0000      0.0000
773     E         A           23           VAL           94.60           678    452    149     9.013     7.610     4.545     0.3805      0.5726      0.4899      0.2584
774     E         A           24           THR           95.79           678    452    187     9.013     7.610     5.096     0.4318      0.6096      0.5296      0.3416
775     E         A           25           GLN           96.07           678    452    190     9.013     7.610     5.136     0.4319      0.6048      0.5243      0.3394
776     E         A           26           THR           94.81           678    452    144     9.013     7.610     4.465     0.3800      0.5686      0.4860      0.2490
777     E         A           27           PRO           94.95           678    452    113     9.013     7.610     3.917     0.3364      0.5160      0.4324      0.1690
778     E         A           28           LYS           94.62           678    452    162     9.013     7.610     4.744     0.3924      0.5722      0.4896      0.2745
779     E         A           29           PHE           95.95           678    452    174     9.013     7.610     4.918     0.4103      0.5901      0.5082      0.3048
780     E         A           30           GLN           96.25           678    452    167     9.013     7.610     4.818     0.3955      0.5746      0.4920      0.2824
781     E         A           31           VAL           95.56           678    452    171     9.013     7.610     4.875     0.3999      0.5783      0.4957      0.2901
782     E         A           32           LEU           94.77           678    452    168     9.013     7.610     4.832     0.3907      0.5661      0.4830      0.2757
783     E         A           33           LYS           94.36           678    452    154     9.013     7.610     4.623     0.3712      0.5471      0.4636      0.2434
784     E         A           34           THR           94.88           678    452    156     9.013     7.610     4.654     0.3707      0.5445      0.4609      0.2438
785     E         A           35           GLY           94.53           678    452     83     9.013     7.610     3.261     0.3074      0.5008      0.4174      0.1169
786     E         A           36           GLN           93.17           678    452    124     9.013     7.610     4.123     0.3380      0.5272      0.4436      0.1912
787     E         A           37           SER           93.91           678    452    137     9.013     7.610     4.350     0.3576      0.5539      0.4706      0.2275
788     E         A           38           MET           94.86           678    452    126     9.013     7.610     4.159     0.3416      0.5498      0.4666      0.2098
789     E         A           39           THR           96.34           678    452    199     9.013     7.610     5.253     0.4441      0.6175      0.5379      0.3627
790     E         A           40           LEU           96.88           678    452    216     9.013     7.610     5.464     0.4668      0.6330      0.5548      0.3975
791     E         A           41           GLN           96.71           678    452    202     9.013     7.610     5.291     0.4511      0.6225      0.5437      0.3725
792     E         A           42           CYS           96.61           678    452    192     9.013     7.610     5.162     0.4357      0.6113      0.5313      0.3485
793     E         A           43           ALA           96.67           678    452    190     9.013     7.610     5.136     0.4382      0.6150      0.5355      0.3509
794     E         A           44           GLN           95.63           678    452    166     9.013     7.610     4.803     0.4089      0.6005      0.5196      0.3066
795     E         A           45           ASP           93.15           678    452    145     9.013     7.610     4.482     0.3810      0.5917      0.5107      0.2720
796     E         A           46           MET           91.57           678    452    175     9.013     7.610     4.932     0.4213      0.6174      0.5382      0.3360
797     E         A           47           ASN           89.95           678    452    181     9.013     7.610     5.015     0.4322      0.6224      0.5441      0.3506
798     E         A           48           HIS           92.26           678    452    220     9.013     7.610     5.511     0.4824      0.6506      0.5750      0.4246
799     E         A           49           GLU           90.44           678    452    218     9.013     7.610     5.488     0.4774      0.6444      0.5685      0.4164
800     E         A           50           TYR           92.18           678    452    247     9.013     7.610     5.819     0.5135      0.6648      0.5911      0.4674
801     E         A           51           MET           94.20           678    452    243     9.013     7.610     5.775     0.5046      0.6562      0.5812      0.4526
802     E         A           52           SER           94.81           678    452    234     9.013     7.610     5.674     0.4915      0.6457      0.5696      0.4322
803     E         A           53           TRP           96.27           678    452    261     9.013     7.610     5.970     0.5265      0.6696      0.5951      0.4815
804     E         A           54           TYR           95.93           678    452    262     9.013     7.610     5.980     0.5256      0.6666      0.5922      0.4798
805     E         A           55           ARG           95.68           678    452    218     9.013     7.610     5.488     0.4718      0.6346      0.5565      0.4013
806     E         A           56           GLN           95.30           678    452    195     9.013     7.610     5.201     0.4436      0.6195      0.5397      0.3594
807     E         A           57           ASP           93.44           678    452    162     9.013     7.610     4.744     0.3837      0.5654      0.4826      0.2691
808     E         A           58           PRO           88.75           678    452     47     9.013     7.610     2.137     0.2869      0.4969      0.4136      0.0530
809     E         A           59           GLY           84.86           678    452      9     9.013     7.610     1.000     0.2433      0.4652      0.3829      0.0106
810     E         A           60           MET           86.61           678    452      8     9.013     7.610     1.000     0.2486      0.4681      0.3856      0.0107
811     E         A           61           GLY           86.68           678    452     25     9.013     7.610     1.000     0.2627      0.4930      0.4099      0.0120
812     E         A           62           LEU           92.49           678    452    168     9.013     7.610     4.832     0.3967      0.5744      0.4919      0.2840
813     E         A           63           ARG           93.76           678    452    238     9.013     7.610     5.720     0.4897      0.6400      0.5627      0.4274
814     E         A           64           LEU           93.27           678    452    242     9.013     7.610     5.764     0.4963      0.6443      0.5675      0.4361
815     E         A           65           ILE           95.01           678    452    238     9.013     7.610     5.720     0.4942      0.6472      0.5705      0.4355
816     E         A           66           HIS           94.68           678    452    235     9.013     7.610     5.686     0.4827      0.6324      0.5549      0.4176
817     E         A           67           TYR           92.75           678    452    235     9.013     7.610     5.686     0.4893      0.6400      0.5635      0.4270
818     E         A           68           SER           92.60           678    452    230     9.013     7.610     5.629     0.4904      0.6470      0.5711      0.4302
819     E         A           69           VAL           88.57           678    452    216     9.013     7.610     5.464     0.4761      0.6448      0.5688      0.4146
820     E         A           70           GLY           88.49           678    452    175     9.013     7.610     4.932     0.4297      0.6261      0.5481      0.3474
821     E         A           71           ALA           87.31           678    452    160     9.013     7.610     4.714     0.4136      0.6203      0.5416      0.3213
822     E         A           72           GLY           83.97           678    452    149     9.013     7.610     4.545     0.3997      0.6178      0.5389      0.3040
823     E         A           73           ILE           86.23           678    452    172     9.013     7.610     4.889     0.4270      0.6235      0.5452      0.3406
824     E         A           74           THR           89.00           678    452    185     9.013     7.610     5.069     0.4387      0.6281      0.5498      0.3598
825     E         A           75           ASP           88.20           678    452    181     9.013     7.610     5.015     0.4256      0.6094      0.5296      0.3352
826     E         A           76           GLN           89.33           678    452    175     9.013     7.610     4.932     0.4205      0.6073      0.5269      0.3244
827     E         A           77           GLY           88.72           678    452    160     9.013     7.610     4.714     0.3967      0.5885      0.5068      0.2874
828     E         A           78           GLU           88.81           678    452    171     9.013     7.610     4.875     0.4100      0.5952      0.5138      0.3068
829     E         A           79           VAL           92.54           678    452    175     9.013     7.610     4.932     0.4107      0.5914      0.5094      0.3070
830     E         A           80           PRO           93.06           678    452    157     9.013     7.610     4.669     0.3788      0.5570      0.4739      0.2559
831     E         A           81           ASN           93.42           678    452    140     9.013     7.610     4.400     0.3517      0.5325      0.4494      0.2168
832     E         A           82           GLY           93.97           678    452    130     9.013     7.610     4.230     0.3444      0.5374      0.4543      0.2072
833     E         A           83           TYR           96.19           678    452    189     9.013     7.610     5.123     0.4327      0.6143      0.5339      0.3463
834     E         A           84           ASN           95.48           678    452    161     9.013     7.610     4.729     0.4022      0.5996      0.5185      0.2988
835     E         A           85           VAL           95.13           678    452    157     9.013     7.610     4.669     0.3877      0.5829      0.5009      0.2782
836     E         A           86           SER           92.82           678    452    131     9.013     7.610     4.247     0.3636      0.5865      0.5051      0.2468
837     E         A           87           ARG           93.60           678    452    153     9.013     7.610     4.608     0.3869      0.5918      0.5107      0.2828
838     E         A           88           SER           91.32           678    452    137     9.013     7.610     4.350     0.3661      0.5848      0.5034      0.2546
839     E         A           89           THR           91.44           678    452    148     9.013     7.610     4.530     0.3869      0.6010      0.5205      0.2845
840     E         A           90           THR           92.28           678    452    191     9.013     7.610     5.149     0.4370      0.6108      0.5313      0.3485
841     E         A           91           GLU           94.71           678    452    174     9.013     7.610     4.918     0.4275      0.6218      0.5428      0.3389
842     E         A           92           ASP           96.04           678    452    183     9.013     7.610     5.042     0.4328      0.6182      0.5387      0.3454
843     E         A           93           PHE           96.59           678    452    228     9.013     7.610     5.605     0.4804      0.6351      0.5575      0.4129
844     E         A           94           PRO           97.02           678    452    213     9.013     7.610     5.427     0.4675      0.6331      0.5554      0.3960
845     E         A           95           LEU           97.11           678    452    226     9.013     7.610     5.582     0.4809      0.6408      0.5633      0.4162
846     E         A           96           ARG           96.63           678    452    186     9.013     7.610     5.083     0.4372      0.6216      0.5424      0.3525
847     E         A           97           LEU           95.63           678    452    154     9.013     7.610     4.623     0.3863      0.5837      0.5016      0.2747
848     E         A           98           LEU           91.35           678    452     66     9.013     7.610     2.798     0.2888      0.5070      0.4237      0.0914
849     E         A           99           SER           95.28           678    452     94     9.013     7.610     3.521     0.3139      0.5096      0.4261      0.1382
850     E         A          100           ALA           95.53           678    452    135     9.013     7.610     4.316     0.3425      0.5241      0.4405      0.2035
851     E         A          101           ALA           96.01           678    452    157     9.013     7.610     4.669     0.3713      0.5451      0.4616      0.2457
852     E         A          102           PRO           95.11           678    452    171     9.013     7.610     4.875     0.3922      0.5684      0.4853      0.2811
853     E         A          103           SER           95.65           678    452    186     9.013     7.610     5.083     0.4170      0.5908      0.5088      0.3192
854     E         A          104           GLN           96.05           678    452    193     9.013     7.610     5.175     0.4337      0.6067      0.5255      0.3422
855     E         A          105           THR           95.52           678    452    201     9.013     7.610     5.278     0.4426      0.6131      0.5327      0.3585
856     E         A          106           SER           95.94           678    452    174     9.013     7.610     4.918     0.4108      0.5920      0.5098      0.3057
857     E         A          107           VAL           96.27           678    452    218     9.013     7.610     5.488     0.4740      0.6407      0.5630      0.4076
858     E         A          108           TYR           97.09           678    452    257     9.013     7.610     5.927     0.5100      0.6511      0.5749      0.4569
859     E         A          109           PHE           96.56           678    452    245     9.013     7.610     5.797     0.5048      0.6555      0.5794      0.4507
860     E         A          110           CYS           96.25           678    452    217     9.013     7.610     5.476     0.4648      0.6254      0.5467      0.3908
861     E         A          111           ALA           95.23           678    452    224     9.013     7.610     5.559     0.4775      0.6354      0.5581      0.4103
862     E         A          112           SER           94.04           678    452    185     9.013     7.610     5.069     0.4372      0.6173      0.5384      0.3491
863     E         A          113           GLN           91.04           678    452    174     9.013     7.610     4.918     0.4299      0.6247      0.5466      0.3447
864     E         A          114           LYS           86.87           678    452    173     9.013     7.610     4.904     0.4254      0.6174      0.5388      0.3359
865     E         A          115           SER           82.46           678    452    121     9.013     7.610     4.068     0.3497      0.5601      0.4787      0.2153
866     E         A          116           GLY           77.94           678    452     87     9.013     7.610     3.359     0.3154      0.5613      0.4801      0.1599
867     E         A          117           SER           80.25           678    452    130     9.013     7.610     4.230     0.3588      0.5711      0.4899      0.2362
868     E         A          118           SER           78.76           678    452    130     9.013     7.610     4.230     0.3595      0.5652      0.4835      0.2309
869     E         A          119           TYR           79.54           678    452    134     9.013     7.610     4.299     0.3621      0.5679      0.4865      0.2394
870     E         A          120           ASN           80.88           678    452    138     9.013     7.610     4.367     0.3690      0.5720      0.4907      0.2484
871     E         A          121           GLU           84.28           678    452    147     9.013     7.610     4.514     0.3757      0.5791      0.4980      0.2657
872     E         A          122           GLN           90.28           678    452    182     9.013     7.610     5.029     0.4299      0.6151      0.5356      0.3419
873     E         A          123           PHE           93.74           678    452    231     9.013     7.610     5.640     0.4892      0.6464      0.5699      0.4288
874     E         A          124           PHE           95.14           678    452    241     9.013     7.610     5.753     0.4997      0.6506      0.5744      0.4427
875     E         A          125           GLY           95.19           678    452    186     9.013     7.610     5.083     0.4321      0.6071      0.5268      0.3375
876     E         A          126           PRO           94.48           678    452    167     9.013     7.610     4.818     0.4169      0.6060      0.5255      0.3132
877     E         A          127           GLY           95.40           678    452    156     9.013     7.610     4.654     0.3844      0.5660      0.4835      0.2629
878     E         A          128           THR           96.30           678    452    201     9.013     7.610     5.278     0.4474      0.6158      0.5358      0.3620
879     E         A          129           ARG           96.06           678    452    187     9.013     7.610     5.096     0.4292      0.6079      0.5272      0.3379
880     E         A          130           LEU           96.66           678    452    201     9.013     7.610     5.278     0.4438      0.6120      0.5314      0.3571
881     E         A          131           THR           95.75           678    452    192     9.013     7.610     5.162     0.4320      0.6083      0.5273      0.3431
882     E         A          132           VAL           96.04           678    452    202     9.013     7.610     5.291     0.4417      0.6095      0.5286      0.3551
883     E         A          133           LEU           94.77           678    452    152     9.013     7.610     4.592     0.3673      0.5478      0.4643      0.2417
884     E         A          134           GLU           93.28           678    452     74     9.013     7.610     3.027     0.3090      0.4920      0.4088      0.0990
885     E         A          135           ASP           91.57           678    452      0     9.013     7.610     1.000     0.2418      0.0000      0.0000      0.0000
886     E         A          136           LEU           92.73           678    452     38     9.013     7.610     1.726     0.2942      0.4737      0.3909      0.0320
887     E         A          137           LYS           92.67           678    452      0     9.013     7.610     1.000     0.2562      0.0000      0.0000      0.0000
888     E         A          138           ASN           92.41           678    452      0     9.013     7.610     1.000     0.2589      0.0000      0.0000      0.0000
889     E         A          139           VAL           94.87           678    452    126     9.013     7.610     4.159     0.3363      0.4992      0.4157      0.1758
890     E         A          140           PHE           95.59           678    452    116     9.013     7.610     3.975     0.3283      0.4902      0.4070      0.1582
891     E         A          141           PRO           95.52           678    452     58     9.013     7.610     2.544     0.3082      0.4811      0.3981      0.0690
892     E         A          142           PRO           95.93           678    452     49     9.013     7.610     2.217     0.3029      0.4814      0.3984      0.0533
893     E         A          143           GLU           94.51           678    452     55     9.013     7.610     2.441     0.3107      0.4778      0.3949      0.0630
894     E         A          144           VAL           94.59           678    452    110     9.013     7.610     3.858     0.3295      0.4859      0.4028      0.1481
895     E         A          145           ALA           93.67           678    452     19     9.013     7.610     1.000     0.2875      0.4689      0.3864      0.0108
896     E         A          146           VAL           93.85           678    452     96     9.013     7.610     3.565     0.3232      0.4824      0.3994      0.1277
897     E         A          147           PHE           94.26           678    452    138     9.013     7.610     4.367     0.3428      0.4918      0.4085      0.1857
898     E         A          148           GLU           92.30           678    452      2     9.013     7.610     1.000     0.2704      0.4582      0.3762      0.0103
899     E         A          149           PRO           92.20           678    452      0     9.013     7.610     1.000     0.2593      0.0000      0.0000      0.0000
900     E         A          150           SER           89.59           678    452      0     9.013     7.610     1.000     0.2134      0.0000      0.0000      0.0000
901     E         A          151           GLU           88.47           678    452      0     9.013     7.610     1.000     0.2239      0.0000      0.0000      0.0000
902     E         A          152           ALA           88.61           678    452      0     9.013     7.610     1.000     0.2389      0.0000      0.0000      0.0000
903     E         A          153           GLU           91.27           678    452      1     9.013     7.610     1.000     0.2739      0.4582      0.3762      0.0103
904     E         A          154           ILE           90.03           678    452      2     9.013     7.610     1.000     0.2710      0.4557      0.3738      0.0102
905     E         A          155           SER           88.64           678    452      0     9.013     7.610     1.000     0.2239      0.0000      0.0000      0.0000
906     E         A          156           HIS           88.66           678    452      0     9.013     7.610     1.000     0.2196      0.0000      0.0000      0.0000
907     E         A          157           THR           88.79           678    452      0     9.013     7.610     1.000     0.1943      0.0000      0.0000      0.0000
908     E         A          158           GLN           90.82           678    452      0     9.013     7.610     1.000     0.2240      0.0000      0.0000      0.0000
909     E         A          159           LYS           92.29           678    452      4     9.013     7.610     1.000     0.2706      0.4557      0.3738      0.0102
910     E         A          160           ALA           93.36           678    452     13     9.013     7.610     1.000     0.2873      0.4663      0.3838      0.0107
911     E         A          161           THR           94.51           678    452    106     9.013     7.610     3.777     0.3297      0.4836      0.4006      0.1417
912     E         A          162           LEU           94.84           678    452    160     9.013     7.610     4.714     0.3641      0.5188      0.4350      0.2287
913     E         A          163           VAL           95.56           678    452    167     9.013     7.610     4.818     0.3710      0.5216      0.4378      0.2386
914     E         A          164           CYS           95.56           678    452    140     9.013     7.610     4.400     0.3464      0.5045      0.4209      0.1961
915     E         A          165           LEU           95.08           678    452    130     9.013     7.610     4.230     0.3381      0.4896      0.4064      0.1750
916     E         A          166           ALA           95.82           678    452    143     9.013     7.610     4.449     0.3495      0.5021      0.4186      0.1980
917     E         A          167           THR           94.44           678    452     43     9.013     7.610     1.965     0.3051      0.4791      0.3961      0.0420
918     E         A          168           GLY           94.13           678    452      4     9.013     7.610     1.000     0.2707      0.4582      0.3762      0.0103
919     E         A          169           PHE           96.02           678    452    149     9.013     7.610     4.545     0.3607      0.5214      0.4376      0.2181
920     E         A          170           TYR           95.85           678    452    127     9.013     7.610     4.177     0.3424      0.5017      0.4182      0.1787
921     E         A          171           PRO           95.12           678    452     43     9.013     7.610     1.965     0.3007      0.4768      0.3939      0.0416
922     E         A          172           ASP           94.02           678    452     20     9.013     7.610     1.000     0.2817      0.4752      0.3924      0.0110
923     E         A          173           HIS           95.60           678    452     75     9.013     7.610     3.054     0.3130      0.4889      0.4058      0.0996
924     E         A          174           VAL           95.97           678    452    139     9.013     7.610     4.383     0.3497      0.5172      0.4336      0.2036
925     E         A          175           GLU           95.92           678    452    143     9.013     7.610     4.449     0.3535      0.5113      0.4277      0.2042
926     E         A          176           LEU           96.18           678    452    148     9.013     7.610     4.530     0.3547      0.5182      0.4344      0.2147
927     E         A          177           SER           96.46           678    452    126     9.013     7.610     4.159     0.3347      0.4983      0.4149      0.1755
928     E         A          178           TRP           96.84           678    452    169     9.013     7.610     4.847     0.3775      0.5399      0.4562      0.2549
929     E         A          179           TRP           96.87           678    452    143     9.013     7.610     4.449     0.3476      0.5041      0.4205      0.1993
930     E         A          180           VAL           95.82           678    452     83     9.013     7.610     3.261     0.3191      0.4793      0.3965      0.1079
931     E         A          181           ASN           94.68           678    452      3     9.013     7.610     1.000     0.2663      0.4582      0.3762      0.0103
932     E         A          182           GLY           94.48           678    452      0     9.013     7.610     1.000     0.2195      0.0000      0.0000      0.0000
933     E         A          183           LYS           95.91           678    452      0     9.013     7.610     1.000     0.2626      0.0000      0.0000      0.0000
934     E         A          184           GLU           96.15           678    452     75     9.013     7.610     3.054     0.3166      0.4797      0.3968      0.0960
935     E         A          185           VAL           95.59           678    452     33     9.013     7.610     1.450     0.2936      0.4733      0.3906      0.0228
936     E         A          186           HIS           93.12           678    452     27     9.013     7.610     1.039     0.2938      0.4749      0.3922      0.0119
937     E         A          187           SER           92.44           678    452      2     9.013     7.610     1.000     0.2555      0.4532      0.3714      0.0101
938     E         A          188           GLY           93.03           678    452      0     9.013     7.610     1.000     0.2295      0.0000      0.0000      0.0000
939     E         A          189           VAL           95.17           678    452     53     9.013     7.610     2.369     0.3092      0.4811      0.3982      0.0604
940     E         A          190           SER           94.71           678    452     31     9.013     7.610     1.325     0.2935      0.4742      0.3915      0.0192
941     E         A          191           THR           94.26           678    452    146     9.013     7.610     4.498     0.3511      0.5075      0.4239      0.2051
942     E         A          192           ASP           93.63           678    452    133     9.013     7.610     4.282     0.3450      0.5034      0.4198      0.1871
943     E         A          193           PRO           90.66           678    452     34     9.013     7.610     1.509     0.2938      0.4803      0.3973      0.0253
944     E         A          194           GLN           90.77           678    452     19     9.013     7.610     1.000     0.2817      0.4717      0.3891      0.0109
945     E         A          195           PRO           93.33           678    452     78     9.013     7.610     3.134     0.3157      0.4815      0.3986      0.1013
946     E         A          196           LEU           92.61           678    452     36     9.013     7.610     1.621     0.3008      0.4767      0.3938      0.0287
947     E         A          197           LYS           91.97           678    452     46     9.013     7.610     2.095     0.3090      0.4746      0.3918      0.0467
948     E         A          198           GLU           90.50           678    452      0     9.013     7.610     1.000     0.2634      0.0000      0.0000      0.0000
949     E         A          199           GLN           89.26           678    452      0     9.013     7.610     1.000     0.2027      0.0000      0.0000      0.0000
950     E         A          200           PRO           86.63           678    452      0     9.013     7.610     1.000     0.1781      0.0000      0.0000      0.0000
951     E         A          201           ALA           86.97           678    452      0     9.013     7.610     1.000     0.1599      0.0000      0.0000      0.0000
952     E         A          202           LEU           87.02           678    452      0     9.013     7.610     1.000     0.1583      0.0000      0.0000      0.0000
953     E         A          203           ASN           84.93           678    452      0     9.013     7.610     1.000     0.1641      0.0000      0.0000      0.0000
954     E         A          204           ASP           88.13           678    452      0     9.013     7.610     1.000     0.1629      0.0000      0.0000      0.0000
955     E         A          205           SER           91.99           678    452      0     9.013     7.610     1.000     0.2203      0.0000      0.0000      0.0000
956     E         A          206           ARG           94.86           678    452     80     9.013     7.610     3.186     0.3167      0.4824      0.3994      0.1046
957     E         A          207           TYR           95.61           678    452    162     9.013     7.610     4.744     0.3686      0.5300      0.4462      0.2394
958     E         A          208           CYS           95.11           678    452    128     9.013     7.610     4.195     0.3383      0.4956      0.4122      0.1762
959     E         A          209           LEU           95.95           678    452    156     9.013     7.610     4.654     0.3627      0.5194      0.4356      0.2247
960     E         A          210           SER           95.83           678    452    116     9.013     7.610     3.975     0.3345      0.4939      0.4106      0.1602
961     E         A          211           SER           96.23           678    452    133     9.013     7.610     4.282     0.3415      0.4948      0.4115      0.1818
962     E         A          212           ARG           95.48           678    452     76     9.013     7.610     3.081     0.3190      0.4840      0.4010      0.0992
963     E         A          213           LEU           95.79           678    452    161     9.013     7.610     4.729     0.3625      0.5162      0.4324      0.2279
964     E         A          214           ARG           95.40           678    452     63     9.013     7.610     2.706     0.3132      0.4772      0.3943      0.0763
965     E         A          215           VAL           94.32           678    452     26     9.013     7.610     1.000     0.2940      0.4742      0.3915      0.0110
966     E         A          216           SER           93.16           678    452      4     9.013     7.610     1.000     0.2674      0.4582      0.3762      0.0103
967     E         A          217           ALA           91.47           678    452      0     9.013     7.610     1.000     0.2548      0.0000      0.0000      0.0000
968     E         A          218           THR           91.03           678    452      0     9.013     7.610     1.000     0.2528      0.0000      0.0000      0.0000
969     E         A          219           PHE           92.89           678    452     19     9.013     7.610     1.000     0.3010      0.4687      0.3862      0.0108
970     E         A          220           TRP           93.10           678    452     57     9.013     7.610     2.510     0.3152      0.4752      0.3924      0.0658
971     E         A          221           GLN           89.86           678    452      0     9.013     7.610     1.000     0.2616      0.0000      0.0000      0.0000
972     E         A          222           ASN           90.57           678    452      0     9.013     7.610     1.000     0.2473      0.0000      0.0000      0.0000
973     E         A          223           PRO           89.00           678    452      0     9.013     7.610     1.000     0.2115      0.0000      0.0000      0.0000
974     E         A          224           ARG           89.64           678    452      0     9.013     7.610     1.000     0.2206      0.0000      0.0000      0.0000
975     E         A          225           ASN           92.86           678    452      1     9.013     7.610     1.000     0.2624      0.4532      0.3714      0.0101
976     E         A          226           HIS           94.97           678    452     43     9.013     7.610     1.965     0.3033      0.4759      0.3931      0.0415
977     E         A          227           PHE           95.60           678    452    143     9.013     7.610     4.449     0.3437      0.5002      0.4167      0.1969
978     E         A          228           ARG           96.37           678    452    129     9.013     7.610     4.213     0.3395      0.4977      0.4142      0.1786
979     E         A          229           CYS           95.68           678    452    131     9.013     7.610     4.247     0.3394      0.5039      0.4204      0.1850
980     E         A          230           GLN           96.99           678    452    135     9.013     7.610     4.316     0.3428      0.4997      0.4162      0.1871
981     E         A          231           VAL           96.76           678    452    164     9.013     7.610     4.774     0.3761      0.5377      0.4539      0.2476
982     E         A          232           GLN           97.10           678    452    163     9.013     7.610     4.759     0.3738      0.5339      0.4500      0.2434
983     E         A          233           PHE           96.72           678    452    170     9.013     7.610     4.861     0.3849      0.5501      0.4666      0.2646
984     E         A          234           TYR           96.14           678    452    170     9.013     7.610     4.861     0.3835      0.5458      0.4621      0.2609
985     E         A          235           GLY           93.53           678    452      7     9.013     7.610     1.000     0.2585      0.4619      0.3796      0.0105
986     E         A          236           LEU           93.45           678    452     14     9.013     7.610     1.000     0.2762      0.4619      0.3797      0.0105
987     E         A          237           SER           90.77           678    452      0     9.013     7.610     1.000     0.2023      0.0000      0.0000      0.0000
988     E         A          238           GLU           88.25           678    452      0     9.013     7.610     1.000     0.1800      0.0000      0.0000      0.0000
989     E         A          239           ASN           87.62           678    452      0     9.013     7.610     1.000     0.1726      0.0000      0.0000      0.0000
990     E         A          240           ASP           88.51           678    452      0     9.013     7.610     1.000     0.1957      0.0000      0.0000      0.0000
991     E         A          241           GLU           87.63           678    452      0     9.013     7.610     1.000     0.1840      0.0000      0.0000      0.0000
992     E         A          242           TRP           91.16           678    452      0     9.013     7.610     1.000     0.2132      0.0000      0.0000      0.0000
993     E         A          243           THR           89.46           678    452      0     9.013     7.610     1.000     0.1628      0.0000      0.0000      0.0000
994     E         A          244           GLN           89.57           678    452      0     9.013     7.610     1.000     0.1667      0.0000      0.0000      0.0000
995     E         A          245           ASP           91.38           678    452      0     9.013     7.610     1.000     0.1527      0.0000      0.0000      0.0000
996     E         A          246           ARG           91.31           678    452      0     9.013     7.610     1.000     0.1890      0.0000      0.0000      0.0000
997     E         A          247           ALA           92.23           678    452      0     9.013     7.610     1.000     0.2250      0.0000      0.0000      0.0000
998     E         A          248           LYS           93.15           678    452      0     9.013     7.610     1.000     0.2577      0.0000      0.0000      0.0000
999     E         A          249           PRO           93.27           678    452      0     9.013     7.610     1.000     0.2390      0.0000      0.0000      0.0000
1000    E         A          250           VAL           92.37           678    452      0     9.013     7.610     1.000     0.2564      0.0000      0.0000      0.0000
1001    E         A          251           THR           93.44           678    452     28     9.013     7.610     1.116     0.3015      0.4702      0.3876      0.0134
1002    E         A          252           GLN           95.01           678    452      9     9.013     7.610     1.000     0.2747      0.4594      0.3773      0.0104
1003    E         A          253           ILE           94.64           678    452     37     9.013     7.610     1.675     0.3010      0.4732      0.3905      0.0301
1004    E         A          254           VAL           94.38           678    452     25     9.013     7.610     1.000     0.2901      0.4722      0.3895      0.0109
1005    E         A          255           SER           93.18           678    452      0     9.013     7.610     1.000     0.2276      0.0000      0.0000      0.0000
1006    E         A          256           ALA           93.13           678    452      0     9.013     7.610     1.000     0.2446      0.0000      0.0000      0.0000
1007    E         A          257           GLU           92.36           678    452      0     9.013     7.610     1.000     0.1966      0.0000      0.0000      0.0000
1008    E         A          258           ALA           91.37           678    452      0     9.013     7.610     1.000     0.2161      0.0000      0.0000      0.0000
1009    E         A          259           TRP           91.25           678    452      0     9.013     7.610     1.000     0.2307      0.0000      0.0000      0.0000
1010    E         A          260           GLY           87.08           678    452      0     9.013     7.610     1.000     0.1907      0.0000      0.0000      0.0000
1011    E         A          261           ARG           85.83           678    452      0     9.013     7.610     1.000     0.1449      0.0000      0.0000      0.0000
1012    E         A          262           ALA           78.30           678    452      0     9.013     7.610     1.000     0.1303      0.0000      0.0000      0.0000
1013    E         A          263           ASP           75.05           678    452      0     9.013     7.610     1.000     0.1093      0.0000      0.0000      0.0000
1014    E         A          264           CYS           74.06           678    452      0     9.013     7.610     1.000     0.1008      0.0000      0.0000      0.0000
1015    E         A          265           GLY           63.77           678    452      0     9.013     7.610     1.000     0.0909      0.0000      0.0000      0.0000
1016    E         A          266           PHE           64.64           678    452      0     9.013     7.610     1.000     0.0989      0.0000      0.0000      0.0000
1017    E         A          267           THR           70.16           678    452      0     9.013     7.610     1.000     0.1057      0.0000      0.0000      0.0000
1018    E         A          268           SER           67.78           678    452      0     9.013     7.610     1.000     0.1094      0.0000      0.0000      0.0000
1019    E         A          269           GLU           72.70           678    452      0     9.013     7.610     1.000     0.1173      0.0000      0.0000      0.0000
1020    E         A          270           SER           74.77           678    452      0     9.013     7.610     1.000     0.1214      0.0000      0.0000      0.0000
1021    E         A          271           TYR           77.88           678    452      0     9.013     7.610     1.000     0.1389      0.0000      0.0000      0.0000
1022    E         A          272           GLN           75.12           678    452      0     9.013     7.610     1.000     0.1279      0.0000      0.0000      0.0000
1023    E         A          273           GLN           74.73           678    452      0     9.013     7.610     1.000     0.1312      0.0000      0.0000      0.0000
1024    E         A          274           GLY           75.68           678    452      0     9.013     7.610     1.000     0.1266      0.0000      0.0000      0.0000
1025    E         A          275           VAL           82.22           678    452      0     9.013     7.610     1.000     0.1341      0.0000      0.0000      0.0000
1026    E         A          276           LEU           78.58           678    452      0     9.013     7.610     1.000     0.1278      0.0000      0.0000      0.0000
1027    E         A          277           SER           79.65           678    452      0     9.013     7.610     1.000     0.1219      0.0000      0.0000      0.0000
1028    E         A          278           ALA           81.37           678    452      0     9.013     7.610     1.000     0.1256      0.0000      0.0000      0.0000
1029    E         A          279           THR           85.26           678    452      0     9.013     7.610     1.000     0.1278      0.0000      0.0000      0.0000
1030    E         A          280           ILE           83.91           678    452      0     9.013     7.610     1.000     0.1230      0.0000      0.0000      0.0000
1031    E         A          281           LEU           84.68           678    452      0     9.013     7.610     1.000     0.1212      0.0000      0.0000      0.0000
1032    E         A          282           TYR           83.91           678    452      0     9.013     7.610     1.000     0.1290      0.0000      0.0000      0.0000
1033    E         A          283           GLU           85.11           678    452      0     9.013     7.610     1.000     0.1177      0.0000      0.0000      0.0000
1034    E         A          284           ILE           83.44           678    452      0     9.013     7.610     1.000     0.1185      0.0000      0.0000      0.0000
1035    E         A          285           LEU           83.42           678    452      0     9.013     7.610     1.000     0.1223      0.0000      0.0000      0.0000
1036    E         A          286           LEU           84.90           678    452      0     9.013     7.610     1.000     0.1225      0.0000      0.0000      0.0000
1037    E         A          287           GLY           84.81           678    452      0     9.013     7.610     1.000     0.1179      0.0000      0.0000      0.0000
1038    E         A          288           LYS           83.10           678    452      0     9.013     7.610     1.000     0.1159      0.0000      0.0000      0.0000
1039    E         A          289           ALA           82.03           678    452      0     9.013     7.610     1.000     0.1162      0.0000      0.0000      0.0000
1040    E         A          290           THR           87.95           678    452      0     9.013     7.610     1.000     0.1130      0.0000      0.0000      0.0000
1041    E         A          291           LEU           85.87           678    452      0     9.013     7.610     1.000     0.1126      0.0000      0.0000      0.0000
1042    E         A          292           TYR           86.66           678    452      0     9.013     7.610     1.000     0.1119      0.0000      0.0000      0.0000
1043    E         A          293           ALA           85.30           678    452      0     9.013     7.610     1.000     0.1101      0.0000      0.0000      0.0000
1044    E         A          294           VAL           90.91           678    452      0     9.013     7.610     1.000     0.1078      0.0000      0.0000      0.0000
1045    E         A          295           LEU           87.25           678    452      0     9.013     7.610     1.000     0.1106      0.0000      0.0000      0.0000
1046    E         A          296           VAL           86.78           678    452      0     9.013     7.610     1.000     0.1051      0.0000      0.0000      0.0000
1047    E         A          297           SER           88.55           678    452      0     9.013     7.610     1.000     0.1020      0.0000      0.0000      0.0000
1048    E         A          298           ALA           88.01           678    452      0     9.013     7.610     1.000     0.1034      0.0000      0.0000      0.0000
1049    E         A          299           LEU           85.71           678    452      0     9.013     7.610     1.000     0.1037      0.0000      0.0000      0.0000
1050    E         A          300           VAL           84.84           678    452      0     9.013     7.610     1.000     0.0985      0.0000      0.0000      0.0000
1051    E         A          301           LEU           87.53           678    452      0     9.013     7.610     1.000     0.0979      0.0000      0.0000      0.0000
1052    E         A          302           MET           86.64           678    452      0     9.013     7.610     1.000     0.0950      0.0000      0.0000      0.0000
1053    E         A          303           ALA           83.12           678    452      0     9.013     7.610     1.000     0.0931      0.0000      0.0000      0.0000
1054    E         A          304           MET           84.59           678    452      0     9.013     7.610     1.000     0.0894      0.0000      0.0000      0.0000
1055    E         A          305           VAL           86.24           678    452      0     9.013     7.610     1.000     0.0914      0.0000      0.0000      0.0000
1056    E         A          306           LYS           84.45           678    452      0     9.013     7.610     1.000     0.0888      0.0000      0.0000      0.0000
1057    E         A          307           ARG           82.66           678    452      0     9.013     7.610     1.000     0.0865      0.0000      0.0000      0.0000
1058    E         A          308           LYS           80.99           678    452      0     9.013     7.610     1.000     0.0869      0.0000      0.0000      0.0000
1059    E         A          309           ASP           81.06           678    452      0     9.013     7.610     1.000     0.0867      0.0000      0.0000      0.0000
1060    E         A          310           SER           77.56           678    452      0     9.013     7.610     1.000     0.0842      0.0000      0.0000      0.0000
1061    E         A          311           ARG           71.40           678    452      0     9.013     7.610     1.000     0.0809      0.0000      0.0000      0.0000
1062    E         A          312           GLY           55.47           678    452      0     9.013     7.610     1.000     0.0775      0.0000      0.0000      0.0000
751     E         B            1           MET           22.64           411    228      0     7.306     5.605     1.000     0.0504      0.0000      0.0000      0.0000
752     E         B            2           SER           27.55           411    228      0     7.306     5.605     1.000     0.0505      0.0000      0.0000      0.0000
753     E         B            3           ILE           32.21           411    228      0     7.306     5.605     1.000     0.0507      0.0000      0.0000      0.0000
754     E         B            4           GLY           30.41           411    228      0     7.306     5.605     1.000     0.0507      0.0000      0.0000      0.0000
755     E         B            5           LEU           31.33           411    228      0     7.306     5.605     1.000     0.0508      0.0000      0.0000      0.0000
756     E         B            6           LEU           30.09           411    228      0     7.306     5.605     1.000     0.0510      0.0000      0.0000      0.0000
757     E         B            7           CYS           29.94           411    228      0     7.306     5.605     1.000     0.0511      0.0000      0.0000      0.0000
758     E         B            8           CYS           31.58           411    228      0     7.306     5.605     1.000     0.0514      0.0000      0.0000      0.0000
759     E         B            9           ALA           33.57           411    228      0     7.306     5.605     1.000     0.0515      0.0000      0.0000      0.0000
760     E         B           10           ALA           32.62           411    228      0     7.306     5.605     1.000     0.0515      0.0000      0.0000      0.0000
761     E         B           11           LEU           28.87           411    228      0     7.306     5.605     1.000     0.0517      0.0000      0.0000      0.0000
762     E         B           12           SER           29.60           411    228      0     7.306     5.605     1.000     0.0520      0.0000      0.0000      0.0000
763     E         B           13           LEU           26.82           411    228      0     7.306     5.605     1.000     0.0520      0.0000      0.0000      0.0000
764     E         B           14           LEU           28.25           411    228      0     7.306     5.605     1.000     0.0523      0.0000      0.0000      0.0000
765     E         B           15           TRP           29.43           411    228      0     7.306     5.605     1.000     0.0525      0.0000      0.0000      0.0000
766     E         B           16           ALA           32.53           411    228      0     7.306     5.605     1.000     0.0529      0.0000      0.0000      0.0000
767     E         B           17           GLY           33.04           411    228      0     7.306     5.605     1.000     0.0530      0.0000      0.0000      0.0000
768     E         B           18           PRO           30.74           411    228      0     7.306     5.605     1.000     0.0532      0.0000      0.0000      0.0000
769     E         B           19           VAL           37.71           411    228      0     7.306     5.605     1.000     0.0538      0.0000      0.0000      0.0000
770     E         B           20           ASN           45.06           411    228      0     7.306     5.605     1.000     0.0548      0.0000      0.0000      0.0000
771     E         B           21           ALA           57.01           411    228      0     7.306     5.605     1.000     0.0581      0.0000      0.0000      0.0000
772     E         B           22           GLY           86.24           411    228      0     7.306     5.605     1.000     0.0815      0.0000      0.0000      0.0000
773     E         B           23           VAL           94.60           411    228     25     7.306     5.605     1.000     0.3083      0.3881      0.2721      0.0118
774     E         B           24           THR           95.79           411    228     54     7.306     5.605     2.405     0.3661      0.4166      0.2967      0.0725
775     E         B           25           GLN           96.07           411    228     56     7.306     5.605     2.476     0.3681      0.4145      0.2949      0.0759
776     E         B           26           THR           94.81           411    228     21     7.306     5.605     1.000     0.3007      0.3814      0.2664      0.0114
777     E         B           27           PRO           94.95           411    228      1     7.306     5.605     1.000     0.2653      0.3526      0.2428      0.0101
778     E         B           28           LYS           94.62           411    228     33     7.306     5.605     1.450     0.3197      0.3913      0.2748      0.0248
779     E         B           29           PHE           95.95           411    228     41     7.306     5.605     1.873     0.3354      0.4005      0.2827      0.0424
780     E         B           30           GLN           96.25           411    228     34     7.306     5.605     1.509     0.3238      0.3938      0.2769      0.0271
781     E         B           31           VAL           95.56           411    228     37     7.306     5.605     1.675     0.3291      0.3929      0.2762      0.0330
782     E         B           32           LEU           94.77           411    228     34     7.306     5.605     1.509     0.3246      0.3865      0.2707      0.0262
783     E         B           33           LYS           94.36           411    228     26     7.306     5.605     1.000     0.3087      0.3740      0.2603      0.0111
784     E         B           34           THR           94.88           411    228     24     7.306     5.605     1.000     0.3075      0.3752      0.2613      0.0111
785     E         B           35           GLY           94.53           411    228      0     7.306     5.605     1.000     0.2494      0.0000      0.0000      0.0000
786     E         B           36           GLN           93.17           411    228      5     7.306     5.605     1.000     0.2674      0.3601      0.2489      0.0104
787     E         B           37           SER           93.91           411    228     16     7.306     5.605     1.000     0.2926      0.3790      0.2644      0.0113
788     E         B           38           MET           94.86           411    228      9     7.306     5.605     1.000     0.2637      0.3658      0.2536      0.0107
789     E         B           39           THR           96.34           411    228     72     7.306     5.605     2.972     0.3939      0.4265      0.3055      0.1108
790     E         B           40           LEU           96.88           411    228     80     7.306     5.605     3.186     0.4205      0.4462      0.3231      0.1347
791     E         B           41           GLN           96.71           411    228     71     7.306     5.605     2.944     0.3950      0.4287      0.3074      0.1098
792     E         B           42           CYS           96.61           411    228     64     7.306     5.605     2.738     0.3775      0.4153      0.2956      0.0915
793     E         B           43           ALA           96.67           411    228     58     7.306     5.605     2.544     0.3728      0.4173      0.2973      0.0807
794     E         B           44           GLN           95.63           411    228     37     7.306     5.605     1.675     0.3310      0.3983      0.2808      0.0338
795     E         B           45           ASP           93.15           411    228     22     7.306     5.605     1.000     0.2924      0.3828      0.2677      0.0115
796     E         B           46           MET           91.57           411    228     39     7.306     5.605     1.777     0.3371      0.4111      0.2919      0.0400
797     E         B           47           ASN           89.95           411    228     49     7.306     5.605     2.217     0.3573      0.4147      0.2952      0.0620
798     E         B           48           HIS           92.26           411    228     76     7.306     5.605     3.081     0.4157      0.4432      0.3212      0.1268
799     E         B           49           GLU           90.44           411    228     85     7.306     5.605     3.310     0.4213      0.4366      0.3149      0.1396
800     E         B           50           TYR           92.18           411    228     97     7.306     5.605     3.587     0.4748      0.4774      0.3520      0.1841
801     E         B           51           MET           94.20           411    228     97     7.306     5.605     3.587     0.4707      0.4735      0.3482      0.1814
802     E         B           52           SER           94.81           411    228     92     7.306     5.605     3.475     0.4468      0.4552      0.3315      0.1617
803     E         B           53           TRP           96.27           411    228     99     7.306     5.605     3.631     0.5124      0.5124      0.3844      0.2097
804     E         B           54           TYR           95.93           411    228     99     7.306     5.605     3.631     0.5095      0.5095      0.3819      0.2082
805     E         B           55           ARG           95.68           411    228     85     7.306     5.605     3.310     0.4281      0.4453      0.3222      0.1432
806     E         B           56           GLN           95.30           411    228     65     7.306     5.605     2.768     0.3814      0.4199      0.2998      0.0952
807     E         B           57           ASP           93.44           411    228     24     7.306     5.605     1.000     0.3035      0.3765      0.2624      0.0112
808     E         B           58           PRO           88.75           411    228      0     7.306     5.605     1.000     0.2084      0.0000      0.0000      0.0000
809     E         B           59           GLY           84.86           411    228      0     7.306     5.605     1.000     0.1629      0.0000      0.0000      0.0000
810     E         B           60           MET           86.61           411    228      0     7.306     5.605     1.000     0.1713      0.0000      0.0000      0.0000
811     E         B           61           GLY           86.68           411    228      0     7.306     5.605     1.000     0.1828      0.0000      0.0000      0.0000
812     E         B           62           LEU           92.49           411    228     32     7.306     5.605     1.388     0.3260      0.3943      0.2774      0.0231
813     E         B           63           ARG           93.76           411    228     96     7.306     5.605     3.565     0.4543      0.4580      0.3337      0.1697
814     E         B           64           LEU           93.27           411    228     97     7.306     5.605     3.587     0.4594      0.4619      0.3373      0.1739
815     E         B           65           ILE           95.01           411    228     95     7.306     5.605     3.543     0.4662      0.4715      0.3460      0.1759
816     E         B           66           HIS           94.68           411    228     92     7.306     5.605     3.475     0.4449      0.4532      0.3294      0.1600
817     E         B           67           TYR           92.75           411    228     93     7.306     5.605     3.498     0.4465      0.4532      0.3298      0.1624
818     E         B           68           SER           92.60           411    228     93     7.306     5.605     3.498     0.4495      0.4566      0.3329      0.1645
819     E         B           69           VAL           88.57           411    228     84     7.306     5.605     3.286     0.4269      0.4438      0.3216      0.1418
820     E         B           70           GLY           88.49           411    228     48     7.306     5.605     2.177     0.3621      0.4313      0.3099      0.0642
821     E         B           71           ALA           87.31           411    228     42     7.306     5.605     1.920     0.3458      0.4175      0.2977      0.0478
822     E         B           72           GLY           83.97           411    228     38     7.306     5.605     1.726     0.3350      0.4114      0.2922      0.0379
823     E         B           73           ILE           86.23           411    228     55     7.306     5.605     2.441     0.3743      0.4272      0.3061      0.0779
824     E         B           74           THR           89.00           411    228     63     7.306     5.605     2.706     0.3853      0.4248      0.3042      0.0933
825     E         B           75           ASP           88.20           411    228     56     7.306     5.605     2.476     0.3652      0.4060      0.2876      0.0735
826     E         B           76           GLN           89.33           411    228     56     7.306     5.605     2.476     0.3629      0.4021      0.2842      0.0723
827     E         B           77           GLY           88.72           411    228     34     7.306     5.605     1.509     0.3307      0.3922      0.2757      0.0270
828     E         B           78           GLU           88.81           411    228     42     7.306     5.605     1.920     0.3441      0.3963      0.2792      0.0437
829     E         B           79           VAL           92.54           411    228     40     7.306     5.605     1.826     0.3448      0.3975      0.2802      0.0398
830     E         B           80           PRO           93.06           411    228     23     7.306     5.605     1.000     0.3137      0.3787      0.2643      0.0113
831     E         B           81           ASN           93.42           411    228     12     7.306     5.605     1.000     0.2906      0.3682      0.2555      0.0108
832     E         B           82           GLY           93.97           411    228      7     7.306     5.605     1.000     0.2810      0.3662      0.2538      0.0107
833     E         B           83           TYR           96.19           411    228     70     7.306     5.605     2.916     0.3890      0.4213      0.3009      0.1050
834     E         B           84           ASN           95.48           411    228     46     7.306     5.605     2.095     0.3490      0.4027      0.2846      0.0529
835     E         B           85           VAL           95.13           411    228     30     7.306     5.605     1.258     0.3221      0.3993      0.2816      0.0194
836     E         B           86           SER           92.82           411    228     20     7.306     5.605     1.000     0.2941      0.3849      0.2694      0.0116
837     E         B           87           ARG           93.60           411    228     28     7.306     5.605     1.116     0.3104      0.3903      0.2741      0.0148
838     E         B           88           SER           91.32           411    228     18     7.306     5.605     1.000     0.2940      0.3844      0.2689      0.0116
839     E         B           89           THR           91.44           411    228     26     7.306     5.605     1.000     0.3062      0.3887      0.2726      0.0118
840     E         B           90           THR           92.28           411    228     61     7.306     5.605     2.643     0.3729      0.4119      0.2927      0.0848
841     E         B           91           GLU           94.71           411    228     51     7.306     5.605     2.294     0.3618      0.4203      0.2999      0.0675
842     E         B           92           ASP           96.04           411    228     59     7.306     5.605     2.578     0.3726      0.4183      0.2982      0.0830
843     E         B           93           PHE           96.59           411    228     82     7.306     5.605     3.236     0.4296      0.4500      0.3265      0.1403
844     E         B           94           PRO           97.02           411    228     81     7.306     5.605     3.211     0.4237      0.4457      0.3225      0.1361
845     E         B           95           LEU           97.11           411    228     89     7.306     5.605     3.406     0.4457      0.4590      0.3347      0.1581
846     E         B           96           ARG           96.63           411    228     70     7.306     5.605     2.916     0.3896      0.4214      0.3010      0.1050
847     E         B           97           LEU           95.63           411    228     32     7.306     5.605     1.388     0.3232      0.3969      0.2796      0.0233
848     E         B           98           LEU           91.35           411    228      0     7.306     5.605     1.000     0.2264      0.0000      0.0000      0.0000
849     E         B           99           SER           95.28           411    228      2     7.306     5.605     1.000     0.2621      0.3573      0.2466      0.0103
850     E         B          100           ALA           95.53           411    228      9     7.306     5.605     1.000     0.2807      0.3658      0.2535      0.0107
851     E         B          101           ALA           96.01           411    228     24     7.306     5.605     1.000     0.3135      0.3757      0.2617      0.0112
852     E         B          102           PRO           95.11           411    228     35     7.306     5.605     1.566     0.3266      0.3824      0.2674      0.0278
853     E         B          103           SER           95.65           411    228     56     7.306     5.605     2.476     0.3579      0.3970      0.2798      0.0707
854     E         B          104           GLN           96.05           411    228     66     7.306     5.605     2.798     0.3829      0.4158      0.2959      0.0952
855     E         B          105           THR           95.52           411    228     66     7.306     5.605     2.798     0.3828      0.4190      0.2988      0.0965
856     E         B          106           SER           95.94           411    228     44     7.306     5.605     2.010     0.3418      0.3981      0.2807      0.0479
857     E         B          107           VAL           96.27           411    228     78     7.306     5.605     3.134     0.4217      0.4509      0.3275      0.1334
858     E         B          108           TYR           97.09           411    228     96     7.306     5.605     3.565     0.4856      0.4901      0.3636      0.1897
859     E         B          109           PHE           96.56           411    228     93     7.306     5.605     3.498     0.4765      0.4857      0.3596      0.1816
860     E         B          110           CYS           96.25           411    228     80     7.306     5.605     3.186     0.4188      0.4405      0.3177      0.1316
861     E         B          111           ALA           95.23           411    228     85     7.306     5.605     3.310     0.4250      0.4411      0.3187      0.1416
862     E         B          112           SER           94.04           411    228     45     7.306     5.605     2.053     0.3528      0.4059      0.2875      0.0517
863     E         B          113           GLN           91.04           411    228     30     7.306     5.605     1.258     0.3304      0.4101      0.2911      0.0204
864     E         B          114           LYS           86.87           411    228     30     7.306     5.605     1.258     0.3302      0.4116      0.2924      0.0206
865     E         B          115           SER           82.46           411    228      2     7.306     5.605     1.000     0.2420      0.3526      0.2428      0.0101
866     E         B          116           GLY           77.94           411    228      0     7.306     5.605     1.000     0.2013      0.0000      0.0000      0.0000
867     E         B          117           SER           80.25           411    228      5     7.306     5.605     1.000     0.2452      0.3601      0.2489      0.0104
868     E         B          118           SER           78.76           411    228      7     7.306     5.605     1.000     0.2482      0.3713      0.2581      0.0110
869     E         B          119           TYR           79.54           411    228      6     7.306     5.605     1.000     0.2455      0.3597      0.2486      0.0104
870     E         B          120           ASN           80.88           411    228      5     7.306     5.605     1.000     0.2521      0.3688      0.2560      0.0108
871     E         B          121           GLU           84.28           411    228      8     7.306     5.605     1.000     0.2576      0.3715      0.2583      0.0110
872     E         B          122           GLN           90.28           411    228     31     7.306     5.605     1.325     0.3293      0.4093      0.2903      0.0225
873     E         B          123           PHE           93.74           411    228     84     7.306     5.605     3.286     0.4280      0.4459      0.3230      0.1422
874     E         B          124           PHE           95.14           411    228     91     7.306     5.605     3.452     0.4545      0.4655      0.3410      0.1660
875     E         B          125           GLY           95.19           411    228     48     7.306     5.605     2.177     0.3567      0.4094      0.2906      0.0586
876     E         B          126           PRO           94.48           411    228     35     7.306     5.605     1.566     0.3328      0.4033      0.2851      0.0304
877     E         B          127           GLY           95.40           411    228     21     7.306     5.605     1.000     0.2991      0.3767      0.2625      0.0112
878     E         B          128           THR           96.30           411    228     68     7.306     5.605     2.858     0.3854      0.4199      0.2997      0.1008
879     E         B          129           ARG           96.06           411    228     50     7.306     5.605     2.256     0.3576      0.4160      0.2961      0.0642
880     E         B          130           LEU           96.66           411    228     66     7.306     5.605     2.798     0.3853      0.4218      0.3012      0.0976
881     E         B          131           THR           95.75           411    228     54     7.306     5.605     2.405     0.3640      0.4147      0.2950      0.0719
882     E         B          132           VAL           96.04           411    228     67     7.306     5.605     2.828     0.3863      0.4196      0.2993      0.0986
883     E         B          133           LEU           94.77           411    228     14     7.306     5.605     1.000     0.2930      0.3737      0.2600      0.0111
884     E         B          134           GLU           93.28           411    228      0     7.306     5.605     1.000     0.2353      0.0000      0.0000      0.0000
885     E         B          135           ASP           91.57           411    228      0     7.306     5.605     1.000     0.1815      0.0000      0.0000      0.0000
886     E         B          136           LEU           92.73           411    228      0     7.306     5.605     1.000     0.2246      0.0000      0.0000      0.0000
887     E         B          137           LYS           92.67           411    228      0     7.306     5.605     1.000     0.1945      0.0000      0.0000      0.0000
888     E         B          138           ASN           92.41           411    228      0     7.306     5.605     1.000     0.1928      0.0000      0.0000      0.0000
889     E         B          139           VAL           94.87           411    228      0     7.306     5.605     1.000     0.2596      0.0000      0.0000      0.0000
890     E         B          140           PHE           95.59           411    228      0     7.306     5.605     1.000     0.2524      0.0000      0.0000      0.0000
891     E         B          141           PRO           95.52           411    228      0     7.306     5.605     1.000     0.2348      0.0000      0.0000      0.0000
892     E         B          142           PRO           95.93           411    228      0     7.306     5.605     1.000     0.2263      0.0000      0.0000      0.0000
893     E         B          143           GLU           94.51           411    228      0     7.306     5.605     1.000     0.2379      0.0000      0.0000      0.0000
894     E         B          144           VAL           94.59           411    228      0     7.306     5.605     1.000     0.2553      0.0000      0.0000      0.0000
895     E         B          145           ALA           93.67           411    228      0     7.306     5.605     1.000     0.2138      0.0000      0.0000      0.0000
896     E         B          146           VAL           93.85           411    228      0     7.306     5.605     1.000     0.2467      0.0000      0.0000      0.0000
897     E         B          147           PHE           94.26           411    228      3     7.306     5.605     1.000     0.2708      0.3588      0.2478      0.0104
898     E         B          148           GLU           92.30           411    228      0     7.306     5.605     1.000     0.2011      0.0000      0.0000      0.0000
899     E         B          149           PRO           92.20           411    228      0     7.306     5.605     1.000     0.1960      0.0000      0.0000      0.0000
900     E         B          150           SER           89.59           411    228      0     7.306     5.605     1.000     0.1554      0.0000      0.0000      0.0000
901     E         B          151           GLU           88.47           411    228      0     7.306     5.605     1.000     0.1658      0.0000      0.0000      0.0000
902     E         B          152           ALA           88.61           411    228      0     7.306     5.605     1.000     0.1812      0.0000      0.0000      0.0000
903     E         B          153           GLU           91.27           411    228      0     7.306     5.605     1.000     0.2131      0.0000      0.0000      0.0000
904     E         B          154           ILE           90.03           411    228      0     7.306     5.605     1.000     0.2072      0.0000      0.0000      0.0000
905     E         B          155           SER           88.64           411    228      0     7.306     5.605     1.000     0.1688      0.0000      0.0000      0.0000
906     E         B          156           HIS           88.66           411    228      0     7.306     5.605     1.000     0.1648      0.0000      0.0000      0.0000
907     E         B          157           THR           88.79           411    228      0     7.306     5.605     1.000     0.1414      0.0000      0.0000      0.0000
908     E         B          158           GLN           90.82           411    228      0     7.306     5.605     1.000     0.1631      0.0000      0.0000      0.0000
909     E         B          159           LYS           92.29           411    228      0     7.306     5.605     1.000     0.2080      0.0000      0.0000      0.0000
910     E         B          160           ALA           93.36           411    228      0     7.306     5.605     1.000     0.2243      0.0000      0.0000      0.0000
911     E         B          161           THR           94.51           411    228      0     7.306     5.605     1.000     0.2609      0.0000      0.0000      0.0000
912     E         B          162           LEU           94.84           411    228     17     7.306     5.605     1.000     0.2955      0.3687      0.2559      0.0108
913     E         B          163           VAL           95.56           411    228     22     7.306     5.605     1.000     0.3038      0.3708      0.2577      0.0109
914     E         B          164           CYS           95.56           411    228      2     7.306     5.605     1.000     0.2734      0.3596      0.2484      0.0104
915     E         B          165           LEU           95.08           411    228      0     7.306     5.605     1.000     0.2665      0.0000      0.0000      0.0000
916     E         B          166           ALA           95.82           411    228      5     7.306     5.605     1.000     0.2768      0.3573      0.2465      0.0103
917     E         B          167           THR           94.44           411    228      0     7.306     5.605     1.000     0.2298      0.0000      0.0000      0.0000
918     E         B          168           GLY           94.13           411    228      0     7.306     5.605     1.000     0.2041      0.0000      0.0000      0.0000
919     E         B          169           PHE           96.02           411    228     11     7.306     5.605     1.000     0.2876      0.3643      0.2522      0.0106
920     E         B          170           TYR           95.85           411    228      0     7.306     5.605     1.000     0.2733      0.0000      0.0000      0.0000
921     E         B          171           PRO           95.12           411    228      0     7.306     5.605     1.000     0.2303      0.0000      0.0000      0.0000
922     E         B          172           ASP           94.02           411    228      0     7.306     5.605     1.000     0.2079      0.0000      0.0000      0.0000
923     E         B          173           HIS           95.60           411    228      0     7.306     5.605     1.000     0.2343      0.0000      0.0000      0.0000
924     E         B          174           VAL           95.97           411    228      5     7.306     5.605     1.000     0.2668      0.3582      0.2473      0.0103
925     E         B          175           GLU           95.92           411    228      7     7.306     5.605     1.000     0.2791      0.3620      0.2504      0.0105
926     E         B          176           LEU           96.18           411    228     10     7.306     5.605     1.000     0.2813      0.3649      0.2528      0.0107
927     E         B          177           SER           96.46           411    228      0     7.306     5.605     1.000     0.2607      0.0000      0.0000      0.0000
928     E         B          178           TRP           96.84           411    228     30     7.306     5.605     1.258     0.3095      0.3788      0.2643      0.0178
929     E         B          179           TRP           96.87           411    228      6     7.306     5.605     1.000     0.2818      0.3581      0.2472      0.0103
930     E         B          180           VAL           95.82           411    228      0     7.306     5.605     1.000     0.2516      0.0000      0.0000      0.0000
931     E         B          181           ASN           94.68           411    228      0     7.306     5.605     1.000     0.1989      0.0000      0.0000      0.0000
932     E         B          182           GLY           94.48           411    228      0     7.306     5.605     1.000     0.1584      0.0000      0.0000      0.0000
933     E         B          183           LYS           95.91           411    228      0     7.306     5.605     1.000     0.1984      0.0000      0.0000      0.0000
934     E         B          184           GLU           96.15           411    228      0     7.306     5.605     1.000     0.2470      0.0000      0.0000      0.0000
935     E         B          185           VAL           95.59           411    228      0     7.306     5.605     1.000     0.2191      0.0000      0.0000      0.0000
936     E         B          186           HIS           93.12           411    228      0     7.306     5.605     1.000     0.2195      0.0000      0.0000      0.0000
937     E         B          187           SER           92.44           411    228      0     7.306     5.605     1.000     0.1921      0.0000      0.0000      0.0000
938     E         B          188           GLY           93.03           411    228      0     7.306     5.605     1.000     0.1634      0.0000      0.0000      0.0000
939     E         B          189           VAL           95.17           411    228      0     7.306     5.605     1.000     0.2361      0.0000      0.0000      0.0000
940     E         B          190           SER           94.71           411    228      0     7.306     5.605     1.000     0.2235      0.0000      0.0000      0.0000
941     E         B          191           THR           94.26           411    228      5     7.306     5.605     1.000     0.2774      0.3591      0.2481      0.0104
942     E         B          192           ASP           93.63           411    228      2     7.306     5.605     1.000     0.2738      0.3549      0.2446      0.0102
943     E         B          193           PRO           90.66           411    228      0     7.306     5.605     1.000     0.2183      0.0000      0.0000      0.0000
944     E         B          194           GLN           90.77           411    228      0     7.306     5.605     1.000     0.2069      0.0000      0.0000      0.0000
945     E         B          195           PRO           93.33           411    228      0     7.306     5.605     1.000     0.2396      0.0000      0.0000      0.0000
946     E         B          196           LEU           92.61           411    228      0     7.306     5.605     1.000     0.2276      0.0000      0.0000      0.0000
947     E         B          197           LYS           91.97           411    228      0     7.306     5.605     1.000     0.2400      0.0000      0.0000      0.0000
948     E         B          198           GLU           90.50           411    228      0     7.306     5.605     1.000     0.1984      0.0000      0.0000      0.0000
949     E         B          199           GLN           89.26           411    228      0     7.306     5.605     1.000     0.1459      0.0000      0.0000      0.0000
950     E         B          200           PRO           86.63           411    228      0     7.306     5.605     1.000     0.1269      0.0000      0.0000      0.0000
951     E         B          201           ALA           86.97           411    228      0     7.306     5.605     1.000     0.1137      0.0000      0.0000      0.0000
952     E         B          202           LEU           87.02           411    228      0     7.306     5.605     1.000     0.1130      0.0000      0.0000      0.0000
953     E         B          203           ASN           84.93           411    228      0     7.306     5.605     1.000     0.1172      0.0000      0.0000      0.0000
954     E         B          204           ASP           88.13           411    228      0     7.306     5.605     1.000     0.1141      0.0000      0.0000      0.0000
955     E         B          205           SER           91.99           411    228      0     7.306     5.605     1.000     0.1598      0.0000      0.0000      0.0000
956     E         B          206           ARG           94.86           411    228      0     7.306     5.605     1.000     0.2413      0.0000      0.0000      0.0000
957     E         B          207           TYR           95.61           411    228     15     7.306     5.605     1.000     0.2926      0.3703      0.2572      0.0109
958     E         B          208           CYS           95.11           411    228      0     7.306     5.605     1.000     0.2635      0.0000      0.0000      0.0000
959     E         B          209           LEU           95.95           411    228     13     7.306     5.605     1.000     0.2919      0.3643      0.2523      0.0106
960     E         B          210           SER           95.83           411    228      0     7.306     5.605     1.000     0.2615      0.0000      0.0000      0.0000
961     E         B          211           SER           96.23           411    228      1     7.306     5.605     1.000     0.2729      0.3526      0.2428      0.0101
962     E         B          212           ARG           95.48           411    228      0     7.306     5.605     1.000     0.2477      0.0000      0.0000      0.0000
963     E         B          213           LEU           95.79           411    228     15     7.306     5.605     1.000     0.2955      0.3679      0.2552      0.0108
964     E         B          214           ARG           95.40           411    228      0     7.306     5.605     1.000     0.2433      0.0000      0.0000      0.0000
965     E         B          215           VAL           94.32           411    228      0     7.306     5.605     1.000     0.2251      0.0000      0.0000      0.0000
966     E         B          216           SER           93.16           411    228      0     7.306     5.605     1.000     0.2033      0.0000      0.0000      0.0000
967     E         B          217           ALA           91.47           411    228      0     7.306     5.605     1.000     0.1926      0.0000      0.0000      0.0000
968     E         B          218           THR           91.03           411    228      0     7.306     5.605     1.000     0.1900      0.0000      0.0000      0.0000
969     E         B          219           PHE           92.89           411    228      0     7.306     5.605     1.000     0.2411      0.0000      0.0000      0.0000
970     E         B          220           TRP           93.10           411    228      0     7.306     5.605     1.000     0.2484      0.0000      0.0000      0.0000
971     E         B          221           GLN           89.86           411    228      0     7.306     5.605     1.000     0.1984      0.0000      0.0000      0.0000
972     E         B          222           ASN           90.57           411    228      0     7.306     5.605     1.000     0.1888      0.0000      0.0000      0.0000
973     E         B          223           PRO           89.00           411    228      0     7.306     5.605     1.000     0.1561      0.0000      0.0000      0.0000
974     E         B          224           ARG           89.64           411    228      0     7.306     5.605     1.000     0.1619      0.0000      0.0000      0.0000
975     E         B          225           ASN           92.86           411    228      0     7.306     5.605     1.000     0.2008      0.0000      0.0000      0.0000
976     E         B          226           HIS           94.97           411    228      0     7.306     5.605     1.000     0.2360      0.0000      0.0000      0.0000
977     E         B          227           PHE           95.60           411    228      6     7.306     5.605     1.000     0.2729      0.3565      0.2459      0.0103
978     E         B          228           ARG           96.37           411    228      2     7.306     5.605     1.000     0.2707      0.3526      0.2428      0.0101
979     E         B          229           CYS           95.68           411    228      1     7.306     5.605     1.000     0.2656      0.3572      0.2465      0.0103
980     E         B          230           GLN           96.99           411    228      4     7.306     5.605     1.000     0.2734      0.3549      0.2446      0.0102
981     E         B          231           VAL           96.76           411    228     25     7.306     5.605     1.000     0.3041      0.3729      0.2594      0.0110
982     E         B          232           GLN           97.10           411    228     25     7.306     5.605     1.000     0.3039      0.3732      0.2596      0.0110
983     E         B          233           PHE           96.72           411    228     29     7.306     5.605     1.189     0.3094      0.3810      0.2661      0.0161
984     E         B          234           TYR           96.14           411    228     26     7.306     5.605     1.000     0.3094      0.3873      0.2713      0.0117
985     E         B          235           GLY           93.53           411    228      0     7.306     5.605     1.000     0.1888      0.0000      0.0000      0.0000
986     E         B          236           LEU           93.45           411    228      0     7.306     5.605     1.000     0.2092      0.0000      0.0000      0.0000
987     E         B          237           SER           90.77           411    228      0     7.306     5.605     1.000     0.1446      0.0000      0.0000      0.0000
988     E         B          238           GLU           88.25           411    228      0     7.306     5.605     1.000     0.1257      0.0000      0.0000      0.0000
989     E         B          239           ASN           87.62           411    228      0     7.306     5.605     1.000     0.1242      0.0000      0.0000      0.0000
990     E         B          240           ASP           88.51           411    228      0     7.306     5.605     1.000     0.1461      0.0000      0.0000      0.0000
991     E         B          241           GLU           87.63           411    228      0     7.306     5.605     1.000     0.1362      0.0000      0.0000      0.0000
992     E         B          242           TRP           91.16           411    228      0     7.306     5.605     1.000     0.1573      0.0000      0.0000      0.0000
993     E         B          243           THR           89.46           411    228      0     7.306     5.605     1.000     0.1174      0.0000      0.0000      0.0000
994     E         B          244           GLN           89.57           411    228      0     7.306     5.605     1.000     0.1180      0.0000      0.0000      0.0000
995     E         B          245           ASP           91.38           411    228      0     7.306     5.605     1.000     0.1078      0.0000      0.0000      0.0000
996     E         B          246           ARG           91.31           411    228      0     7.306     5.605     1.000     0.1326      0.0000      0.0000      0.0000
997     E         B          247           ALA           92.23           411    228      0     7.306     5.605     1.000     0.1643      0.0000      0.0000      0.0000
998     E         B          248           LYS           93.15           411    228      0     7.306     5.605     1.000     0.1978      0.0000      0.0000      0.0000
999     E         B          249           PRO           93.27           411    228      0     7.306     5.605     1.000     0.1812      0.0000      0.0000      0.0000
1000    E         B          250           VAL           92.37           411    228      0     7.306     5.605     1.000     0.1981      0.0000      0.0000      0.0000
1001    E         B          251           THR           93.44           411    228      0     7.306     5.605     1.000     0.2400      0.0000      0.0000      0.0000
1002    E         B          252           GLN           95.01           411    228      0     7.306     5.605     1.000     0.2147      0.0000      0.0000      0.0000
1003    E         B          253           ILE           94.64           411    228      0     7.306     5.605     1.000     0.2405      0.0000      0.0000      0.0000
1004    E         B          254           VAL           94.38           411    228      0     7.306     5.605     1.000     0.2264      0.0000      0.0000      0.0000
1005    E         B          255           SER           93.18           411    228      0     7.306     5.605     1.000     0.1682      0.0000      0.0000      0.0000
1006    E         B          256           ALA           93.13           411    228      0     7.306     5.605     1.000     0.1838      0.0000      0.0000      0.0000
1007    E         B          257           GLU           92.36           411    228      0     7.306     5.605     1.000     0.1398      0.0000      0.0000      0.0000
1008    E         B          258           ALA           91.37           411    228      0     7.306     5.605     1.000     0.1575      0.0000      0.0000      0.0000
1009    E         B          259           TRP           91.25           411    228      0     7.306     5.605     1.000     0.1725      0.0000      0.0000      0.0000
1010    E         B          260           GLY           87.08           411    228      0     7.306     5.605     1.000     0.1382      0.0000      0.0000      0.0000
1011    E         B          261           ARG           85.83           411    228      0     7.306     5.605     1.000     0.1006      0.0000      0.0000      0.0000
1012    E         B          262           ALA           78.30           411    228      0     7.306     5.605     1.000     0.0909      0.0000      0.0000      0.0000
1013    E         B          263           ASP           75.05           411    228      0     7.306     5.605     1.000     0.0743      0.0000      0.0000      0.0000
1014    E         B          264           CYS           74.06           411    228      0     7.306     5.605     1.000     0.0683      0.0000      0.0000      0.0000
1015    E         B          265           GLY           63.77           411    228      0     7.306     5.605     1.000     0.0611      0.0000      0.0000      0.0000
1016    E         B          266           PHE           64.64           411    228      0     7.306     5.605     1.000     0.0661      0.0000      0.0000      0.0000
1017    E         B          267           THR           70.16           411    228      0     7.306     5.605     1.000     0.0724      0.0000      0.0000      0.0000
1018    E         B          268           SER           67.78           411    228      0     7.306     5.605     1.000     0.0749      0.0000      0.0000      0.0000
1019    E         B          269           GLU           72.70           411    228      0     7.306     5.605     1.000     0.0815      0.0000      0.0000      0.0000
1020    E         B          270           SER           74.77           411    228      0     7.306     5.605     1.000     0.0827      0.0000      0.0000      0.0000
1021    E         B          271           TYR           77.88           411    228      0     7.306     5.605     1.000     0.0978      0.0000      0.0000      0.0000
1022    E         B          272           GLN           75.12           411    228      0     7.306     5.605     1.000     0.0885      0.0000      0.0000      0.0000
1023    E         B          273           GLN           74.73           411    228      0     7.306     5.605     1.000     0.0924      0.0000      0.0000      0.0000
1024    E         B          274           GLY           75.68           411    228      0     7.306     5.605     1.000     0.0869      0.0000      0.0000      0.0000
1025    E         B          275           VAL           82.22           411    228      0     7.306     5.605     1.000     0.0932      0.0000      0.0000      0.0000
1026    E         B          276           LEU           78.58           411    228      0     7.306     5.605     1.000     0.0887      0.0000      0.0000      0.0000
1027    E         B          277           SER           79.65           411    228      0     7.306     5.605     1.000     0.0825      0.0000      0.0000      0.0000
1028    E         B          278           ALA           81.37           411    228      0     7.306     5.605     1.000     0.0880      0.0000      0.0000      0.0000
1029    E         B          279           THR           85.26           411    228      0     7.306     5.605     1.000     0.0893      0.0000      0.0000      0.0000
1030    E         B          280           ILE           83.91           411    228      0     7.306     5.605     1.000     0.0848      0.0000      0.0000      0.0000
1031    E         B          281           LEU           84.68           411    228      0     7.306     5.605     1.000     0.0830      0.0000      0.0000      0.0000
1032    E         B          282           TYR           83.91           411    228      0     7.306     5.605     1.000     0.0898      0.0000      0.0000      0.0000
1033    E         B          283           GLU           85.11           411    228      0     7.306     5.605     1.000     0.0811      0.0000      0.0000      0.0000
1034    E         B          284           ILE           83.44           411    228      0     7.306     5.605     1.000     0.0794      0.0000      0.0000      0.0000
1035    E         B          285           LEU           83.42           411    228      0     7.306     5.605     1.000     0.0841      0.0000      0.0000      0.0000
1036    E         B          286           LEU           84.90           411    228      0     7.306     5.605     1.000     0.0861      0.0000      0.0000      0.0000
1037    E         B          287           GLY           84.81           411    228      0     7.306     5.605     1.000     0.0816      0.0000      0.0000      0.0000
1038    E         B          288           LYS           83.10           411    228      0     7.306     5.605     1.000     0.0774      0.0000      0.0000      0.0000
1039    E         B          289           ALA           82.03           411    228      0     7.306     5.605     1.000     0.0795      0.0000      0.0000      0.0000
1040    E         B          290           THR           87.95           411    228      0     7.306     5.605     1.000     0.0773      0.0000      0.0000      0.0000
1041    E         B          291           LEU           85.87           411    228      0     7.306     5.605     1.000     0.0772      0.0000      0.0000      0.0000
1042    E         B          292           TYR           86.66           411    228      0     7.306     5.605     1.000     0.0766      0.0000      0.0000      0.0000
1043    E         B          293           ALA           85.30           411    228      0     7.306     5.605     1.000     0.0758      0.0000      0.0000      0.0000
1044    E         B          294           VAL           90.91           411    228      0     7.306     5.605     1.000     0.0740      0.0000      0.0000      0.0000
1045    E         B          295           LEU           87.25           411    228      0     7.306     5.605     1.000     0.0758      0.0000      0.0000      0.0000
1046    E         B          296           VAL           86.78           411    228      0     7.306     5.605     1.000     0.0717      0.0000      0.0000      0.0000
1047    E         B          297           SER           88.55           411    228      0     7.306     5.605     1.000     0.0686      0.0000      0.0000      0.0000
1048    E         B          298           ALA           88.01           411    228      0     7.306     5.605     1.000     0.0693      0.0000      0.0000      0.0000
1049    E         B          299           LEU           85.71           411    228      0     7.306     5.605     1.000     0.0698      0.0000      0.0000      0.0000
1050    E         B          300           VAL           84.84           411    228      0     7.306     5.605     1.000     0.0667      0.0000      0.0000      0.0000
1051    E         B          301           LEU           87.53           411    228      0     7.306     5.605     1.000     0.0653      0.0000      0.0000      0.0000
1052    E         B          302           MET           86.64           411    228      0     7.306     5.605     1.000     0.0633      0.0000      0.0000      0.0000
1053    E         B          303           ALA           83.12           411    228      0     7.306     5.605     1.000     0.0624      0.0000      0.0000      0.0000
1054    E         B          304           MET           84.59           411    228      0     7.306     5.605     1.000     0.0596      0.0000      0.0000      0.0000
1055    E         B          305           VAL           86.24           411    228      0     7.306     5.605     1.000     0.0606      0.0000      0.0000      0.0000
1056    E         B          306           LYS           84.45           411    228      0     7.306     5.605     1.000     0.0593      0.0000      0.0000      0.0000
1057    E         B          307           ARG           82.66           411    228      0     7.306     5.605     1.000     0.0577      0.0000      0.0000      0.0000
1058    E         B          308           LYS           80.99           411    228      0     7.306     5.605     1.000     0.0578      0.0000      0.0000      0.0000
1059    E         B          309           ASP           81.06           411    228      0     7.306     5.605     1.000     0.0574      0.0000      0.0000      0.0000
1060    E         B          310           SER           77.56           411    228      0     7.306     5.605     1.000     0.0558      0.0000      0.0000      0.0000
1061    E         B          311           ARG           71.40           411    228      0     7.306     5.605     1.000     0.0540      0.0000      0.0000      0.0000
1062    E         B          312           GLY           55.47           411    228      0     7.306     5.605     1.000     0.0520      0.0000      0.0000      0.0000
751     E         C            1           MET           22.64           321    195      0     6.556     5.201     1.000     0.0413      0.0000      0.0000      0.0000
752     E         C            2           SER           27.55           321    195      0     6.556     5.201     1.000     0.0415      0.0000      0.0000      0.0000
753     E         C            3           ILE           32.21           321    195      0     6.556     5.201     1.000     0.0419      0.0000      0.0000      0.0000
754     E         C            4           GLY           30.41           321    195      0     6.556     5.201     1.000     0.0417      0.0000      0.0000      0.0000
755     E         C            5           LEU           31.33           321    195      0     6.556     5.201     1.000     0.0423      0.0000      0.0000      0.0000
756     E         C            6           LEU           30.09           321    195      0     6.556     5.201     1.000     0.0426      0.0000      0.0000      0.0000
757     E         C            7           CYS           29.94           321    195      0     6.556     5.201     1.000     0.0426      0.0000      0.0000      0.0000
758     E         C            8           CYS           31.58           321    195      0     6.556     5.201     1.000     0.0433      0.0000      0.0000      0.0000
759     E         C            9           ALA           33.57           321    195      0     6.556     5.201     1.000     0.0438      0.0000      0.0000      0.0000
760     E         C           10           ALA           32.62           321    195      0     6.556     5.201     1.000     0.0436      0.0000      0.0000      0.0000
761     E         C           11           LEU           28.87           321    195      0     6.556     5.201     1.000     0.0443      0.0000      0.0000      0.0000
762     E         C           12           SER           29.60           321    195      0     6.556     5.201     1.000     0.0446      0.0000      0.0000      0.0000
763     E         C           13           LEU           26.82           321    195      0     6.556     5.201     1.000     0.0446      0.0000      0.0000      0.0000
764     E         C           14           LEU           28.25           321    195      0     6.556     5.201     1.000     0.0454      0.0000      0.0000      0.0000
765     E         C           15           TRP           29.43           321    195      0     6.556     5.201     1.000     0.0460      0.0000      0.0000      0.0000
766     E         C           16           ALA           32.53           321    195      0     6.556     5.201     1.000     0.0468      0.0000      0.0000      0.0000
767     E         C           17           GLY           33.04           321    195      0     6.556     5.201     1.000     0.0482      0.0000      0.0000      0.0000
768     E         C           18           PRO           30.74           321    195      0     6.556     5.201     1.000     0.0498      0.0000      0.0000      0.0000
769     E         C           19           VAL           37.71           321    195      0     6.556     5.201     1.000     0.0529      0.0000      0.0000      0.0000
770     E         C           20           ASN           45.06           321    195      0     6.556     5.201     1.000     0.0570      0.0000      0.0000      0.0000
771     E         C           21           ALA           57.01           321    195      0     6.556     5.201     1.000     0.0595      0.0000      0.0000      0.0000
772     E         C           22           GLY           86.24           321    195      0     6.556     5.201     1.000     0.1094      0.0000      0.0000      0.0000
773     E         C           23           VAL           94.60           321    195      9     6.556     5.201     1.000     0.5026      0.5026      0.3909      0.0239
774     E         C           24           THR           95.79           321    195      9     6.556     5.201     1.000     0.5738      0.5738      0.4614      0.0319
775     E         C           25           GLN           96.07           321    195      9     6.556     5.201     1.000     0.5684      0.5684      0.4558      0.0311
776     E         C           26           THR           94.81           321    195      9     6.556     5.201     1.000     0.4854      0.4854      0.3752      0.0225
777     E         C           27           PRO           94.95           321    195      9     6.556     5.201     1.000     0.3865      0.3865      0.2846      0.0146
778     E         C           28           LYS           94.62           321    195      9     6.556     5.201     1.000     0.4900      0.4900      0.3781      0.0223
779     E         C           29           PHE           95.95           321    195      9     6.556     5.201     1.000     0.5271      0.5271      0.4136      0.0258
780     E         C           30           GLN           96.25           321    195      9     6.556     5.201     1.000     0.4886      0.4886      0.3769      0.0222
781     E         C           31           VAL           95.56           321    195      9     6.556     5.201     1.000     0.4913      0.4913      0.3789      0.0223
782     E         C           32           LEU           94.77           321    195      9     6.556     5.201     1.000     0.4675      0.4675      0.3568      0.0203
783     E         C           33           LYS           94.36           321    195      9     6.556     5.201     1.000     0.4341      0.4341      0.3263      0.0177
784     E         C           34           THR           94.88           321    195      9     6.556     5.201     1.000     0.4373      0.4373      0.3293      0.0180
785     E         C           35           GLY           94.53           321    195      8     6.556     5.201     1.000     0.3479      0.3573      0.2594      0.0128
786     E         C           36           GLN           93.17           321    195      8     6.556     5.201     1.000     0.4085      0.4220      0.3155      0.0169
787     E         C           37           SER           93.91           321    195      9     6.556     5.201     1.000     0.4481      0.4481      0.3399      0.0191
788     E         C           38           MET           94.86           321    195      9     6.556     5.201     1.000     0.4461      0.4461      0.3384      0.0190
789     E         C           39           THR           96.34           321    195      9     6.556     5.201     1.000     0.5853      0.5853      0.4732      0.0334
790     E         C           40           LEU           96.88           321    195      9     6.556     5.201     1.000     0.6140      0.6140      0.5029      0.0374
791     E         C           41           GLN           96.71           321    195      9     6.556     5.201     1.000     0.6047      0.6047      0.4935      0.0363
792     E         C           42           CYS           96.61           321    195      9     6.556     5.201     1.000     0.5684      0.5684      0.4560      0.0313
793     E         C           43           ALA           96.67           321    195      9     6.556     5.201     1.000     0.5818      0.5818      0.4698      0.0331
794     E         C           44           GLN           95.63           321    195      9     6.556     5.201     1.000     0.5541      0.5541      0.4423      0.0299
795     E         C           45           ASP           93.15           321    195      9     6.556     5.201     1.000     0.5086      0.5086      0.3978      0.0249
796     E         C           46           MET           91.57           321    195      9     6.556     5.201     1.000     0.5890      0.5890      0.4777      0.0345
797     E         C           47           ASN           89.95           321    195      9     6.556     5.201     1.000     0.6223      0.6223      0.5136      0.0402
798     E         C           48           HIS           92.26           321    195      9     6.556     5.201     1.000     0.6917      0.6917      0.5891      0.0540
799     E         C           49           GLU           90.44           321    195      9     6.556     5.201     1.000     0.6984      0.6984      0.5981      0.0578
800     E         C           50           TYR           92.18           321    195      9     6.556     5.201     1.000     0.7381      0.7381      0.6427      0.0669
801     E         C           51           MET           94.20           321    195      9     6.556     5.201     1.000     0.7009      0.7009      0.5994      0.0561
802     E         C           52           SER           94.81           321    195      9     6.556     5.201     1.000     0.6879      0.6879      0.5837      0.0516
803     E         C           53           TRP           96.27           321    195      9     6.556     5.201     1.000     0.6958      0.6958      0.5918      0.0527
804     E         C           54           TYR           95.93           321    195      9     6.556     5.201     1.000     0.7112      0.7112      0.6104      0.0575
805     E         C           55           ARG           95.68           321    195      9     6.556     5.201     1.000     0.6376      0.6376      0.5274      0.0408
806     E         C           56           GLN           95.30           321    195      9     6.556     5.201     1.000     0.5958      0.5958      0.4831      0.0343
807     E         C           57           ASP           93.44           321    195      9     6.556     5.201     1.000     0.5053      0.5053      0.3928      0.0238
808     E         C           58           PRO           88.75           321    195      7     6.556     5.201     1.000     0.3475      0.3644      0.2653      0.0132
809     E         C           59           GLY           84.86           321    195      4     6.556     5.201     1.000     0.2924      0.3227      0.2308      0.0110
810     E         C           60           MET           86.61           321    195      5     6.556     5.201     1.000     0.3049      0.3325      0.2388      0.0115
811     E         C           61           GLY           86.68           321    195      7     6.556     5.201     1.000     0.3429      0.3679      0.2687      0.0135
812     E         C           62           LEU           92.49           321    195      9     6.556     5.201     1.000     0.5403      0.5403      0.4264      0.0271
813     E         C           63           ARG           93.76           321    195      9     6.556     5.201     1.000     0.6556      0.6556      0.5467      0.0438
814     E         C           64           LEU           93.27           321    195      9     6.556     5.201     1.000     0.6785      0.6785      0.5717      0.0480
815     E         C           65           ILE           95.01           321    195      9     6.556     5.201     1.000     0.6576      0.6576      0.5488      0.0441
816     E         C           66           HIS           94.68           321    195      9     6.556     5.201     1.000     0.6519      0.6519      0.5431      0.0435
817     E         C           67           TYR           92.75           321    195      9     6.556     5.201     1.000     0.6802      0.6802      0.5748      0.0496
818     E         C           68           SER           92.60           321    195      9     6.556     5.201     1.000     0.6891      0.6891      0.5854      0.0523
819     E         C           69           VAL           88.57           321    195      9     6.556     5.201     1.000     0.6946      0.6946      0.5919      0.0537
820     E         C           70           GLY           88.49           321    195      9     6.556     5.201     1.000     0.6201      0.6201      0.5111      0.0397
821     E         C           71           ALA           87.31           321    195      9     6.556     5.201     1.000     0.5852      0.5852      0.4744      0.0343
822     E         C           72           GLY           83.97           321    195      9     6.556     5.201     1.000     0.5596      0.5596      0.4479      0.0306
823     E         C           73           ILE           86.23           321    195      9     6.556     5.201     1.000     0.5968      0.5968      0.4850      0.0350
824     E         C           74           THR           89.00           321    195      9     6.556     5.201     1.000     0.6007      0.6007      0.4886      0.0352
825     E         C           75           ASP           88.20           321    195      9     6.556     5.201     1.000     0.5774      0.5774      0.4641      0.0317
826     E         C           76           GLN           89.33           321    195      9     6.556     5.201     1.000     0.5617      0.5617      0.4474      0.0294
827     E         C           77           GLY           88.72           321    195      9     6.556     5.201     1.000     0.5312      0.5312      0.4174      0.0262
828     E         C           78           GLU           88.81           321    195      9     6.556     5.201     1.000     0.5430      0.5430      0.4287      0.0273
829     E         C           79           VAL           92.54           321    195      9     6.556     5.201     1.000     0.5328      0.5328      0.4184      0.0261
830     E         C           80           PRO           93.06           321    195      9     6.556     5.201     1.000     0.4893      0.4893      0.3766      0.0220
831     E         C           81           ASN           93.42           321    195      9     6.556     5.201     1.000     0.4441      0.4441      0.3352      0.0184
832     E         C           82           GLY           93.97           321    195      9     6.556     5.201     1.000     0.4502      0.4502      0.3410      0.0190
833     E         C           83           TYR           96.19           321    195      9     6.556     5.201     1.000     0.5706      0.5706      0.4566      0.0306
834     E         C           84           ASN           95.48           321    195      9     6.556     5.201     1.000     0.5328      0.5328      0.4203      0.0269
835     E         C           85           VAL           95.13           321    195      9     6.556     5.201     1.000     0.5070      0.5070      0.3945      0.0240
836     E         C           86           SER           92.82           321    195      9     6.556     5.201     1.000     0.4884      0.4884      0.3784      0.0229
837     E         C           87           ARG           93.60           321    195      9     6.556     5.201     1.000     0.5408      0.5408      0.4290      0.0282
838     E         C           88           SER           91.32           321    195      9     6.556     5.201     1.000     0.4886      0.4886      0.3782      0.0228
839     E         C           89           THR           91.44           321    195      9     6.556     5.201     1.000     0.5364      0.5364      0.4253      0.0281
840     E         C           90           THR           92.28           321    195      9     6.556     5.201     1.000     0.5960      0.5960      0.4852      0.0355
841     E         C           91           GLU           94.71           321    195      9     6.556     5.201     1.000     0.5751      0.5751      0.4634      0.0325
842     E         C           92           ASP           96.04           321    195      9     6.556     5.201     1.000     0.5706      0.5706      0.4579      0.0314
843     E         C           93           PHE           96.59           321    195      9     6.556     5.201     1.000     0.6364      0.6364      0.5271      0.0415
844     E         C           94           PRO           97.02           321    195      9     6.556     5.201     1.000     0.6200      0.6200      0.5093      0.0386
845     E         C           95           LEU           97.11           321    195      9     6.556     5.201     1.000     0.6308      0.6308      0.5205      0.0400
846     E         C           96           ARG           96.63           321    195      9     6.556     5.201     1.000     0.5898      0.5898      0.4783      0.0344
847     E         C           97           LEU           95.63           321    195      9     6.556     5.201     1.000     0.5049      0.5049      0.3933      0.0241
848     E         C           98           LEU           91.35           321    195      7     6.556     5.201     1.000     0.3509      0.3754      0.2752      0.0140
849     E         C           99           SER           95.28           321    195      8     6.556     5.201     1.000     0.3649      0.3759      0.2754      0.0139
850     E         C          100           ALA           95.53           321    195      9     6.556     5.201     1.000     0.4083      0.4083      0.3033      0.0159
851     E         C          101           ALA           96.01           321    195      9     6.556     5.201     1.000     0.4441      0.4441      0.3352      0.0184
852     E         C          102           PRO           95.11           321    195      9     6.556     5.201     1.000     0.4823      0.4823      0.3704      0.0215
853     E         C          103           SER           95.65           321    195      9     6.556     5.201     1.000     0.5187      0.5187      0.4052      0.0249
854     E         C          104           GLN           96.05           321    195      9     6.556     5.201     1.000     0.5461      0.5461      0.4320      0.0277
855     E         C          105           THR           95.52           321    195      9     6.556     5.201     1.000     0.5668      0.5668      0.4528      0.0302
856     E         C          106           SER           95.94           321    195      9     6.556     5.201     1.000     0.5261      0.5261      0.4125      0.0257
857     E         C          107           VAL           96.27           321    195      9     6.556     5.201     1.000     0.6317      0.6317      0.5213      0.0399
858     E         C          108           TYR           97.09           321    195      9     6.556     5.201     1.000     0.6677      0.6677      0.5606      0.0467
859     E         C          109           PHE           96.56           321    195      9     6.556     5.201     1.000     0.6739      0.6739      0.5674      0.0479
860     E         C          110           CYS           96.25           321    195      9     6.556     5.201     1.000     0.6323      0.6323      0.5225      0.0406
861     E         C          111           ALA           95.23           321    195      9     6.556     5.201     1.000     0.6640      0.6640      0.5574      0.0468
862     E         C          112           SER           94.04           321    195      9     6.556     5.201     1.000     0.6351      0.6351      0.5263      0.0417
863     E         C          113           GLN           91.04           321    195      9     6.556     5.201     1.000     0.6529      0.6529      0.5461      0.0454
864     E         C          114           LYS           86.87           321    195      9     6.556     5.201     1.000     0.6402      0.6402      0.5337      0.0442
865     E         C          115           SER           82.46           321    195      9     6.556     5.201     1.000     0.5671      0.5671      0.4572      0.0325
866     E         C          116           GLY           77.94           321    195      9     6.556     5.201     1.000     0.5469      0.5469      0.4367      0.0297
867     E         C          117           SER           80.25           321    195      9     6.556     5.201     1.000     0.6000      0.6000      0.4899      0.0366
868     E         C          118           SER           78.76           321    195      9     6.556     5.201     1.000     0.5892      0.5892      0.4777      0.0342
869     E         C          119           TYR           79.54           321    195      9     6.556     5.201     1.000     0.5735      0.5735      0.4616      0.0322
870     E         C          120           ASN           80.88           321    195      9     6.556     5.201     1.000     0.5774      0.5774      0.4661      0.0331
871     E         C          121           GLU           84.28           321    195      9     6.556     5.201     1.000     0.5777      0.5777      0.4654      0.0325
872     E         C          122           GLN           90.28           321    195      9     6.556     5.201     1.000     0.6231      0.6231      0.5128      0.0392
873     E         C          123           PHE           93.74           321    195      9     6.556     5.201     1.000     0.6847      0.6847      0.5803      0.0512
874     E         C          124           PHE           95.14           321    195      9     6.556     5.201     1.000     0.6805      0.6805      0.5754      0.0499
875     E         C          125           GLY           95.19           321    195      9     6.556     5.201     1.000     0.5946      0.5946      0.4824      0.0344
876     E         C          126           PRO           94.48           321    195      9     6.556     5.201     1.000     0.5639      0.5639      0.4515      0.0307
877     E         C          127           GLY           95.40           321    195      9     6.556     5.201     1.000     0.5205      0.5205      0.4079      0.0255
878     E         C          128           THR           96.30           321    195      9     6.556     5.201     1.000     0.5959      0.5959      0.4834      0.0344
879     E         C          129           ARG           96.06           321    195      9     6.556     5.201     1.000     0.5695      0.5695      0.4560      0.0307
880     E         C          130           LEU           96.66           321    195      9     6.556     5.201     1.000     0.5628      0.5628      0.4491      0.0298
881     E         C          131           THR           95.75           321    195      9     6.556     5.201     1.000     0.5491      0.5491      0.4350      0.0280
882     E         C          132           VAL           96.04           321    195      9     6.556     5.201     1.000     0.5409      0.5409      0.4268      0.0272
883     E         C          133           LEU           94.77           321    195      9     6.556     5.201     1.000     0.4504      0.4504      0.3412      0.0190
884     E         C          134           GLU           93.28           321    195      8     6.556     5.201     1.000     0.3578      0.3675      0.2681      0.0134
885     E         C          135           ASP           91.57           321    195      0     6.556     5.201     1.000     0.2537      0.0000      0.0000      0.0000
886     E         C          136           LEU           92.73           321    195      7     6.556     5.201     1.000     0.3178      0.3295      0.2362      0.0113
887     E         C          137           LYS           92.67           321    195      0     6.556     5.201     1.000     0.2660      0.0000      0.0000      0.0000
888     E         C          138           ASN           92.41           321    195      0     6.556     5.201     1.000     0.2709      0.0000      0.0000      0.0000
889     E         C          139           VAL           94.87           321    195      9     6.556     5.201     1.000     0.3744      0.3744      0.2739      0.0138
890     E         C          140           PHE           95.59           321    195      9     6.556     5.201     1.000     0.3671      0.3671      0.2677      0.0134
891     E         C          141           PRO           95.52           321    195      8     6.556     5.201     1.000     0.3426      0.3493      0.2527      0.0124
892     E         C          142           PRO           95.93           321    195      8     6.556     5.201     1.000     0.3386      0.3454      0.2495      0.0122
893     E         C          143           GLU           94.51           321    195      8     6.556     5.201     1.000     0.3395      0.3449      0.2490      0.0121
894     E         C          144           VAL           94.59           321    195      9     6.556     5.201     1.000     0.3633      0.3633      0.2644      0.0132
895     E         C          145           ALA           93.67           321    195      7     6.556     5.201     1.000     0.3124      0.3231      0.2311      0.0110
896     E         C          146           VAL           93.85           321    195      8     6.556     5.201     1.000     0.3540      0.3607      0.2622      0.0130
897     E         C          147           PHE           94.26           321    195      9     6.556     5.201     1.000     0.3687      0.3687      0.2690      0.0135
898     E         C          148           GLU           92.30           321    195      1     6.556     5.201     1.000     0.2796      0.3092      0.2198      0.0103
899     E         C          149           PRO           92.20           321    195      0     6.556     5.201     1.000     0.2623      0.0000      0.0000      0.0000
900     E         C          150           SER           89.59           321    195      0     6.556     5.201     1.000     0.2069      0.0000      0.0000      0.0000
901     E         C          151           GLU           88.47           321    195      0     6.556     5.201     1.000     0.2199      0.0000      0.0000      0.0000
902     E         C          152           ALA           88.61           321    195      0     6.556     5.201     1.000     0.2340      0.0000      0.0000      0.0000
903     E         C          153           GLU           91.27           321    195      0     6.556     5.201     1.000     0.2683      0.0000      0.0000      0.0000
904     E         C          154           ILE           90.03           321    195      0     6.556     5.201     1.000     0.2694      0.0000      0.0000      0.0000
905     E         C          155           SER           88.64           321    195      0     6.556     5.201     1.000     0.2175      0.0000      0.0000      0.0000
906     E         C          156           HIS           88.66           321    195      0     6.556     5.201     1.000     0.2119      0.0000      0.0000      0.0000
907     E         C          157           THR           88.79           321    195      0     6.556     5.201     1.000     0.1788      0.0000      0.0000      0.0000
908     E         C          158           GLN           90.82           321    195      0     6.556     5.201     1.000     0.2188      0.0000      0.0000      0.0000
909     E         C          159           LYS           92.29           321    195      1     6.556     5.201     1.000     0.2787      0.3048      0.2163      0.0101
910     E         C          160           ALA           93.36           321    195      5     6.556     5.201     1.000     0.3051      0.3228      0.2308      0.0110
911     E         C          161           THR           94.51           321    195      8     6.556     5.201     1.000     0.3554      0.3623      0.2635      0.0131
912     E         C          162           LEU           94.84           321    195      9     6.556     5.201     1.000     0.4076      0.4076      0.3025      0.0158
913     E         C          163           VAL           95.56           321    195      9     6.556     5.201     1.000     0.4085      0.4085      0.3033      0.0159
914     E         C          164           CYS           95.56           321    195      9     6.556     5.201     1.000     0.3953      0.3953      0.2918      0.0151
915     E         C          165           LEU           95.08           321    195      9     6.556     5.201     1.000     0.3706      0.3706      0.2706      0.0136
916     E         C          166           ALA           95.82           321    195      9     6.556     5.201     1.000     0.3886      0.3886      0.2860      0.0146
917     E         C          167           THR           94.44           321    195      7     6.556     5.201     1.000     0.3341      0.3471      0.2508      0.0122
918     E         C          168           GLY           94.13           321    195      3     6.556     5.201     1.000     0.2900      0.3108      0.2211      0.0104
919     E         C          169           PHE           96.02           321    195      9     6.556     5.201     1.000     0.4098      0.4098      0.3045      0.0160
920     E         C          170           TYR           95.85           321    195      9     6.556     5.201     1.000     0.3912      0.3912      0.2883      0.0148
921     E         C          171           PRO           95.12           321    195      7     6.556     5.201     1.000     0.3320      0.3433      0.2477      0.0120
922     E         C          172           ASP           94.02           321    195      7     6.556     5.201     1.000     0.3145      0.3258      0.2333      0.0111
923     E         C          173           HIS           95.60           321    195      8     6.556     5.201     1.000     0.3590      0.3668      0.2674      0.0134
924     E         C          174           VAL           95.97           321    195      9     6.556     5.201     1.000     0.4087      0.4087      0.3036      0.0159
925     E         C          175           GLU           95.92           321    195      9     6.556     5.201     1.000     0.3948      0.3948      0.2913      0.0150
926     E         C          176           LEU           96.18           321    195      9     6.556     5.201     1.000     0.4066      0.4066      0.3017      0.0158
927     E         C          177           SER           96.46           321    195      9     6.556     5.201     1.000     0.3800      0.3800      0.2787      0.0141
928     E         C          178           TRP           96.84           321    195      9     6.556     5.201     1.000     0.4285      0.4285      0.3210      0.0172
929     E         C          179           TRP           96.87           321    195      9     6.556     5.201     1.000     0.3854      0.3854      0.2832      0.0144
930     E         C          180           VAL           95.82           321    195      8     6.556     5.201     1.000     0.3499      0.3566      0.2587      0.0127
931     E         C          181           ASN           94.68           321    195      2     6.556     5.201     1.000     0.2811      0.3070      0.2180      0.0102
932     E         C          182           GLY           94.48           321    195      0     6.556     5.201     1.000     0.2274      0.0000      0.0000      0.0000
933     E         C          183           LYS           95.91           321    195      0     6.556     5.201     1.000     0.2756      0.0000      0.0000      0.0000
934     E         C          184           GLU           96.15           321    195      8     6.556     5.201     1.000     0.3446      0.3501      0.2533      0.0124
935     E         C          185           VAL           95.59           321    195      7     6.556     5.201     1.000     0.3222      0.3323      0.2386      0.0115
936     E         C          186           HIS           93.12           321    195      7     6.556     5.201     1.000     0.3145      0.3242      0.2320      0.0110
937     E         C          187           SER           92.44           321    195      0     6.556     5.201     1.000     0.2611      0.0000      0.0000      0.0000
938     E         C          188           GLY           93.03           321    195      0     6.556     5.201     1.000     0.2332      0.0000      0.0000      0.0000
939     E         C          189           VAL           95.17           321    195      8     6.556     5.201     1.000     0.3378      0.3440      0.2482      0.0121
940     E         C          190           SER           94.71           321    195      7     6.556     5.201     1.000     0.3198      0.3309      0.2375      0.0114
941     E         C          191           THR           94.26           321    195      9     6.556     5.201     1.000     0.3981      0.3981      0.2942      0.0152
942     E         C          192           ASP           93.63           321    195      9     6.556     5.201     1.000     0.3924      0.3924      0.2893      0.0149
943     E         C          193           PRO           90.66           321    195      7     6.556     5.201     1.000     0.3285      0.3400      0.2449      0.0119
944     E         C          194           GLN           90.77           321    195      5     6.556     5.201     1.000     0.3089      0.3274      0.2346      0.0112
945     E         C          195           PRO           93.33           321    195      9     6.556     5.201     1.000     0.3556      0.3556      0.2580      0.0127
946     E         C          196           LEU           92.61           321    195      7     6.556     5.201     1.000     0.3283      0.3385      0.2437      0.0118
947     E         C          197           LYS           91.97           321    195      7     6.556     5.201     1.000     0.3277      0.3371      0.2426      0.0117
948     E         C          198           GLU           90.50           321    195      0     6.556     5.201     1.000     0.2673      0.0000      0.0000      0.0000
949     E         C          199           GLN           89.26           321    195      0     6.556     5.201     1.000     0.1913      0.0000      0.0000      0.0000
950     E         C          200           PRO           86.63           321    195      0     6.556     5.201     1.000     0.1538      0.0000      0.0000      0.0000
951     E         C          201           ALA           86.97           321    195      0     6.556     5.201     1.000     0.1351      0.0000      0.0000      0.0000
952     E         C          202           LEU           87.02           321    195      0     6.556     5.201     1.000     0.1364      0.0000      0.0000      0.0000
953     E         C          203           ASN           84.93           321    195      0     6.556     5.201     1.000     0.1417      0.0000      0.0000      0.0000
954     E         C          204           ASP           88.13           321    195      0     6.556     5.201     1.000     0.1436      0.0000      0.0000      0.0000
955     E         C          205           SER           91.99           321    195      0     6.556     5.201     1.000     0.2112      0.0000      0.0000      0.0000
956     E         C          206           ARG           94.86           321    195      8     6.556     5.201     1.000     0.3470      0.3533      0.2561      0.0126
957     E         C          207           TYR           95.61           321    195      9     6.556     5.201     1.000     0.4195      0.4195      0.3130      0.0166
958     E         C          208           CYS           95.11           321    195      9     6.556     5.201     1.000     0.3823      0.3823      0.2806      0.0143
959     E         C          209           LEU           95.95           321    195      9     6.556     5.201     1.000     0.4090      0.4090      0.3037      0.0159
960     E         C          210           SER           95.83           321    195      9     6.556     5.201     1.000     0.3781      0.3781      0.2771      0.0140
961     E         C          211           SER           96.23           321    195      9     6.556     5.201     1.000     0.3804      0.3804      0.2790      0.0141
962     E         C          212           ARG           95.48           321    195      8     6.556     5.201     1.000     0.3522      0.3592      0.2610      0.0129
963     E         C          213           LEU           95.79           321    195      9     6.556     5.201     1.000     0.4014      0.4014      0.2970      0.0154
964     E         C          214           ARG           95.40           321    195      8     6.556     5.201     1.000     0.3392      0.3460      0.2499      0.0122
965     E         C          215           VAL           94.32           321    195      7     6.556     5.201     1.000     0.3210      0.3324      0.2387      0.0115
966     E         C          216           SER           93.16           321    195      2     6.556     5.201     1.000     0.2802      0.3092      0.2198      0.0103
967     E         C          217           ALA           91.47           321    195      0     6.556     5.201     1.000     0.2591      0.0000      0.0000      0.0000
968     E         C          218           THR           91.03           321    195      0     6.556     5.201     1.000     0.2627      0.0000      0.0000      0.0000
969     E         C          219           PHE           92.89           321    195      7     6.556     5.201     1.000     0.3176      0.3281      0.2351      0.0112
970     E         C          220           TRP           93.10           321    195      8     6.556     5.201     1.000     0.3333      0.3404      0.2453      0.0119
971     E         C          221           GLN           89.86           321    195      0     6.556     5.201     1.000     0.2659      0.0000      0.0000      0.0000
972     E         C          222           ASN           90.57           321    195      0     6.556     5.201     1.000     0.2460      0.0000      0.0000      0.0000
973     E         C          223           PRO           89.00           321    195      0     6.556     5.201     1.000     0.2051      0.0000      0.0000      0.0000
974     E         C          224           ARG           89.64           321    195      0     6.556     5.201     1.000     0.2264      0.0000      0.0000      0.0000
975     E         C          225           ASN           92.86           321    195      0     6.556     5.201     1.000     0.2706      0.0000      0.0000      0.0000
976     E         C          226           HIS           94.97           321    195      8     6.556     5.201     1.000     0.3321      0.3391      0.2442      0.0118
977     E         C          227           PHE           95.60           321    195      9     6.556     5.201     1.000     0.3849      0.3849      0.2828      0.0144
978     E         C          228           ARG           96.37           321    195      9     6.556     5.201     1.000     0.3797      0.3797      0.2783      0.0141
979     E         C          229           CYS           95.68           321    195      9     6.556     5.201     1.000     0.3926      0.3926      0.2895      0.0149
980     E         C          230           GLN           96.99           321    195      9     6.556     5.201     1.000     0.3829      0.3829      0.2811      0.0143
981     E         C          231           VAL           96.76           321    195      9     6.556     5.201     1.000     0.4315      0.4315      0.3237      0.0175
982     E         C          232           GLN           97.10           321    195      9     6.556     5.201     1.000     0.4284      0.4284      0.3209      0.0172
983     E         C          233           PHE           96.72           321    195      9     6.556     5.201     1.000     0.4462      0.4462      0.3368      0.0185
984     E         C          234           TYR           96.14           321    195      9     6.556     5.201     1.000     0.4424      0.4424      0.3335      0.0182
985     E         C          235           GLY           93.53           321    195      3     6.556     5.201     1.000     0.2849      0.3183      0.2272      0.0108
986     E         C          236           LEU           93.45           321    195      4     6.556     5.201     1.000     0.2933      0.3147      0.2243      0.0106
987     E         C          237           SER           90.77           321    195      0     6.556     5.201     1.000     0.2048      0.0000      0.0000      0.0000
988     E         C          238           GLU           88.25           321    195      0     6.556     5.201     1.000     0.1718      0.0000      0.0000      0.0000
989     E         C          239           ASN           87.62           321    195      0     6.556     5.201     1.000     0.1570      0.0000      0.0000      0.0000
990     E         C          240           ASP           88.51           321    195      0     6.556     5.201     1.000     0.1837      0.0000      0.0000      0.0000
991     E         C          241           GLU           87.63           321    195      0     6.556     5.201     1.000     0.1753      0.0000      0.0000      0.0000
992     E         C          242           TRP           91.16           321    195      0     6.556     5.201     1.000     0.2071      0.0000      0.0000      0.0000
993     E         C          243           THR           89.46           321    195      0     6.556     5.201     1.000     0.1468      0.0000      0.0000      0.0000
994     E         C          244           GLN           89.57           321    195      0     6.556     5.201     1.000     0.1477      0.0000      0.0000      0.0000
995     E         C          245           ASP           91.38           321    195      0     6.556     5.201     1.000     0.1266      0.0000      0.0000      0.0000
996     E         C          246           ARG           91.31           321    195      0     6.556     5.201     1.000     0.1790      0.0000      0.0000      0.0000
997     E         C          247           ALA           92.23           321    195      0     6.556     5.201     1.000     0.2279      0.0000      0.0000      0.0000
998     E         C          248           LYS           93.15           321    195      0     6.556     5.201     1.000     0.2677      0.0000      0.0000      0.0000
999     E         C          249           PRO           93.27           321    195      0     6.556     5.201     1.000     0.2456      0.0000      0.0000      0.0000
1000    E         C          250           VAL           92.37           321    195      0     6.556     5.201     1.000     0.2655      0.0000      0.0000      0.0000
1001    E         C          251           THR           93.44           321    195      6     6.556     5.201     1.000     0.3114      0.3228      0.2309      0.0110
1002    E         C          252           GLN           95.01           321    195      2     6.556     5.201     1.000     0.2898      0.3159      0.2252      0.0106
1003    E         C          253           ILE           94.64           321    195      7     6.556     5.201     1.000     0.3213      0.3317      0.2381      0.0114
1004    E         C          254           VAL           94.38           321    195      6     6.556     5.201     1.000     0.3126      0.3277      0.2348      0.0112
1005    E         C          255           SER           93.18           321    195      0     6.556     5.201     1.000     0.2347      0.0000      0.0000      0.0000
1006    E         C          256           ALA           93.13           321    195      0     6.556     5.201     1.000     0.2546      0.0000      0.0000      0.0000
1007    E         C          257           GLU           92.36           321    195      0     6.556     5.201     1.000     0.1940      0.0000      0.0000      0.0000
1008    E         C          258           ALA           91.37           321    195      0     6.556     5.201     1.000     0.2152      0.0000      0.0000      0.0000
1009    E         C          259           TRP           91.25           321    195      0     6.556     5.201     1.000     0.2281      0.0000      0.0000      0.0000
1010    E         C          260           GLY           87.08           321    195      0     6.556     5.201     1.000     0.1759      0.0000      0.0000      0.0000
1011    E         C          261           ARG           85.83           321    195      0     6.556     5.201     1.000     0.1278      0.0000      0.0000      0.0000
1012    E         C          262           ALA           78.30           321    195      0     6.556     5.201     1.000     0.1035      0.0000      0.0000      0.0000
1013    E         C          263           ASP           75.05           321    195      0     6.556     5.201     1.000     0.0809      0.0000      0.0000      0.0000
1014    E         C          264           CYS           74.06           321    195      0     6.556     5.201     1.000     0.0696      0.0000      0.0000      0.0000
1015    E         C          265           GLY           63.77           321    195      0     6.556     5.201     1.000     0.0591      0.0000      0.0000      0.0000
1016    E         C          266           PHE           64.64           321    195      0     6.556     5.201     1.000     0.0680      0.0000      0.0000      0.0000
1017    E         C          267           THR           70.16           321    195      0     6.556     5.201     1.000     0.0713      0.0000      0.0000      0.0000
1018    E         C          268           SER           67.78           321    195      0     6.556     5.201     1.000     0.0750      0.0000      0.0000      0.0000
1019    E         C          269           GLU           72.70           321    195      0     6.556     5.201     1.000     0.0799      0.0000      0.0000      0.0000
1020    E         C          270           SER           74.77           321    195      0     6.556     5.201     1.000     0.0835      0.0000      0.0000      0.0000
1021    E         C          271           TYR           77.88           321    195      0     6.556     5.201     1.000     0.0971      0.0000      0.0000      0.0000
1022    E         C          272           GLN           75.12           321    195      0     6.556     5.201     1.000     0.0891      0.0000      0.0000      0.0000
1023    E         C          273           GLN           74.73           321    195      0     6.556     5.201     1.000     0.0889      0.0000      0.0000      0.0000
1024    E         C          274           GLY           75.68           321    195      0     6.556     5.201     1.000     0.0874      0.0000      0.0000      0.0000
1025    E         C          275           VAL           82.22           321    195      0     6.556     5.201     1.000     0.0934      0.0000      0.0000      0.0000
1026    E         C          276           LEU           78.58           321    195      0     6.556     5.201     1.000     0.0872      0.0000      0.0000      0.0000
1027    E         C          277           SER           79.65           321    195      0     6.556     5.201     1.000     0.0795      0.0000      0.0000      0.0000
1028    E         C          278           ALA           81.37           321    195      0     6.556     5.201     1.000     0.0855      0.0000      0.0000      0.0000
1029    E         C          279           THR           85.26           321    195      0     6.556     5.201     1.000     0.0865      0.0000      0.0000      0.0000
1030    E         C          280           ILE           83.91           321    195      0     6.556     5.201     1.000     0.0808      0.0000      0.0000      0.0000
1031    E         C          281           LEU           84.68           321    195      0     6.556     5.201     1.000     0.0794      0.0000      0.0000      0.0000
1032    E         C          282           TYR           83.91           321    195      0     6.556     5.201     1.000     0.0872      0.0000      0.0000      0.0000
1033    E         C          283           GLU           85.11           321    195      0     6.556     5.201     1.000     0.0764      0.0000      0.0000      0.0000
1034    E         C          284           ILE           83.44           321    195      0     6.556     5.201     1.000     0.0752      0.0000      0.0000      0.0000
1035    E         C          285           LEU           83.42           321    195      0     6.556     5.201     1.000     0.0808      0.0000      0.0000      0.0000
1036    E         C          286           LEU           84.90           321    195      0     6.556     5.201     1.000     0.0813      0.0000      0.0000      0.0000
1037    E         C          287           GLY           84.81           321    195      0     6.556     5.201     1.000     0.0752      0.0000      0.0000      0.0000
1038    E         C          288           LYS           83.10           321    195      0     6.556     5.201     1.000     0.0735      0.0000      0.0000      0.0000
1039    E         C          289           ALA           82.03           321    195      0     6.556     5.201     1.000     0.0764      0.0000      0.0000      0.0000
1040    E         C          290           THR           87.95           321    195      0     6.556     5.201     1.000     0.0738      0.0000      0.0000      0.0000
1041    E         C          291           LEU           85.87           321    195      0     6.556     5.201     1.000     0.0717      0.0000      0.0000      0.0000
1042    E         C          292           TYR           86.66           321    195      0     6.556     5.201     1.000     0.0721      0.0000      0.0000      0.0000
1043    E         C          293           ALA           85.30           321    195      0     6.556     5.201     1.000     0.0713      0.0000      0.0000      0.0000
1044    E         C          294           VAL           90.91           321    195      0     6.556     5.201     1.000     0.0692      0.0000      0.0000      0.0000
1045    E         C          295           LEU           87.25           321    195      0     6.556     5.201     1.000     0.0714      0.0000      0.0000      0.0000
1046    E         C          296           VAL           86.78           321    195      0     6.556     5.201     1.000     0.0674      0.0000      0.0000      0.0000
1047    E         C          297           SER           88.55           321    195      0     6.556     5.201     1.000     0.0664      0.0000      0.0000      0.0000
1048    E         C          298           ALA           88.01           321    195      0     6.556     5.201     1.000     0.0674      0.0000      0.0000      0.0000
1049    E         C          299           LEU           85.71           321    195      0     6.556     5.201     1.000     0.0678      0.0000      0.0000      0.0000
1050    E         C          300           VAL           84.84           321    195      0     6.556     5.201     1.000     0.0633      0.0000      0.0000      0.0000
1051    E         C          301           LEU           87.53           321    195      0     6.556     5.201     1.000     0.0642      0.0000      0.0000      0.0000
1052    E         C          302           MET           86.64           321    195      0     6.556     5.201     1.000     0.0618      0.0000      0.0000      0.0000
1053    E         C          303           ALA           83.12           321    195      0     6.556     5.201     1.000     0.0599      0.0000      0.0000      0.0000
1054    E         C          304           MET           84.59           321    195      0     6.556     5.201     1.000     0.0568      0.0000      0.0000      0.0000
1055    E         C          305           VAL           86.24           321    195      0     6.556     5.201     1.000     0.0569      0.0000      0.0000      0.0000
1056    E         C          306           LYS           84.45           321    195      0     6.556     5.201     1.000     0.0550      0.0000      0.0000      0.0000
1057    E         C          307           ARG           82.66           321    195      0     6.556     5.201     1.000     0.0529      0.0000      0.0000      0.0000
1058    E         C          308           LYS           80.99           321    195      0     6.556     5.201     1.000     0.0524      0.0000      0.0000      0.0000
1059    E         C          309           ASP           81.06           321    195      0     6.556     5.201     1.000     0.0522      0.0000      0.0000      0.0000
1060    E         C          310           SER           77.56           321    195      0     6.556     5.201     1.000     0.0505      0.0000      0.0000      0.0000
1061    E         C          311           ARG           71.40           321    195      0     6.556     5.201     1.000     0.0468      0.0000      0.0000      0.0000
1062    E         C          312           GLY           55.47           321    195      0     6.556     5.201     1.000     0.0439      0.0000      0.0000      0.0000
751     E         D            1           MET           22.64           588    545      0     8.499     8.235     1.000     0.0680      0.0000      0.0000      0.0000
752     E         D            2           SER           27.55           588    545      0     8.499     8.235     1.000     0.0684      0.0000      0.0000      0.0000
753     E         D            3           ILE           32.21           588    545      0     8.499     8.235     1.000     0.0690      0.0000      0.0000      0.0000
754     E         D            4           GLY           30.41           588    545      0     8.499     8.235     1.000     0.0689      0.0000      0.0000      0.0000
755     E         D            5           LEU           31.33           588    545      0     8.499     8.235     1.000     0.0697      0.0000      0.0000      0.0000
756     E         D            6           LEU           30.09           588    545      0     8.499     8.235     1.000     0.0700      0.0000      0.0000      0.0000
757     E         D            7           CYS           29.94           588    545      0     8.499     8.235     1.000     0.0701      0.0000      0.0000      0.0000
758     E         D            8           CYS           31.58           588    545      0     8.499     8.235     1.000     0.0712      0.0000      0.0000      0.0000
759     E         D            9           ALA           33.57           588    545      0     8.499     8.235     1.000     0.0719      0.0000      0.0000      0.0000
760     E         D           10           ALA           32.62           588    545      0     8.499     8.235     1.000     0.0718      0.0000      0.0000      0.0000
761     E         D           11           LEU           28.87           588    545      0     8.499     8.235     1.000     0.0726      0.0000      0.0000      0.0000
762     E         D           12           SER           29.60           588    545      0     8.499     8.235     1.000     0.0736      0.0000      0.0000      0.0000
763     E         D           13           LEU           26.82           588    545      0     8.499     8.235     1.000     0.0736      0.0000      0.0000      0.0000
764     E         D           14           LEU           28.25           588    545      0     8.499     8.235     1.000     0.0746      0.0000      0.0000      0.0000
765     E         D           15           TRP           29.43           588    545      0     8.499     8.235     1.000     0.0761      0.0000      0.0000      0.0000
766     E         D           16           ALA           32.53           588    545      0     8.499     8.235     1.000     0.0769      0.0000      0.0000      0.0000
767     E         D           17           GLY           33.04           588    545      0     8.499     8.235     1.000     0.0785      0.0000      0.0000      0.0000
768     E         D           18           PRO           30.74           588    545      0     8.499     8.235     1.000     0.0801      0.0000      0.0000      0.0000
769     E         D           19           VAL           37.71           588    545      0     8.499     8.235     1.000     0.0836      0.0000      0.0000      0.0000
770     E         D           20           ASN           45.06           588    545      0     8.499     8.235     1.000     0.0856      0.0000      0.0000      0.0000
771     E         D           21           ALA           57.01           588    545      0     8.499     8.235     1.000     0.0961      0.0000      0.0000      0.0000
772     E         D           22           GLY           86.24           588    545      2     8.499     8.235     1.000     0.1469      0.4775      0.4618      0.0125
773     E         D           23           VAL           94.60           588    545    203     8.499     8.235     5.304     0.5535      0.6598      0.6462      0.4426
774     E         D           24           THR           95.79           588    545    222     8.499     8.235     5.535     0.6062      0.6948      0.6821      0.5061
775     E         D           25           GLN           96.07           588    545    220     8.499     8.235     5.511     0.6052      0.6964      0.6837      0.5064
776     E         D           26           THR           94.81           588    545    206     8.499     8.235     5.341     0.5473      0.6438      0.6297      0.4265
777     E         D           27           PRO           94.95           588    545    204     8.499     8.235     5.316     0.5289      0.6233      0.6089      0.4008
778     E         D           28           LYS           94.62           588    545    225     8.499     8.235     5.570     0.6216      0.7100      0.6976      0.5263
779     E         D           29           PHE           95.95           588    545    230     8.499     8.235     5.629     0.6532      0.7382      0.7267      0.5683
780     E         D           30           GLN           96.25           588    545    230     8.499     8.235     5.629     0.6335      0.7149      0.7026      0.5366
781     E         D           31           VAL           95.56           588    545    232     8.499     8.235     5.651     0.6487      0.7275      0.7155      0.5541
782     E         D           32           LEU           94.77           588    545    229     8.499     8.235     5.617     0.6212      0.7011      0.6884      0.5174
783     E         D           33           LYS           94.36           588    545    227     8.499     8.235     5.594     0.5922      0.6685      0.6548      0.4743
784     E         D           34           THR           94.88           588    545    224     8.499     8.235     5.559     0.5791      0.6578      0.6440      0.4585
785     E         D           35           GLY           94.53           588    545    195     8.499     8.235     5.201     0.4544      0.5387      0.5232      0.3077
786     E         D           36           GLN           93.17           588    545    202     8.499     8.235     5.291     0.4898      0.5791      0.5639      0.3525
787     E         D           37           SER           93.91           588    545    199     8.499     8.235     5.253     0.4906      0.5832      0.5682      0.3550
788     E         D           38           MET           94.86           588    545    195     8.499     8.235     5.201     0.4689      0.5610      0.5458      0.3306
789     E         D           39           THR           96.34           588    545    227     8.499     8.235     5.594     0.6155      0.6976      0.6850      0.5145
790     E         D           40           LEU           96.88           588    545    230     8.499     8.235     5.629     0.6504      0.7333      0.7216      0.5621
791     E         D           41           GLN           96.71           588    545    229     8.499     8.235     5.617     0.6212      0.7018      0.6893      0.5214
792     E         D           42           CYS           96.61           588    545    222     8.499     8.235     5.535     0.6203      0.7114      0.6993      0.5284
793     E         D           43           ALA           96.67           588    545    220     8.499     8.235     5.511     0.5971      0.6852      0.6722      0.4914
794     E         D           44           GLN           95.63           588    545    202     8.499     8.235     5.291     0.5409      0.6436      0.6298      0.4248
795     E         D           45           ASP           93.15           588    545    184     8.499     8.235     5.056     0.4896      0.6017      0.5872      0.3605
796     E         D           46           MET           91.57           588    545    191     8.499     8.235     5.149     0.5211      0.6349      0.6210      0.4049
797     E         D           47           ASN           89.95           588    545    193     8.499     8.235     5.175     0.5242      0.6354      0.6216      0.4082
798     E         D           48           HIS           92.26           588    545    207     8.499     8.235     5.354     0.5822      0.6883      0.6757      0.4875
799     E         D           49           GLU           90.44           588    545    207     8.499     8.235     5.354     0.5786      0.6851      0.6723      0.4821
800     E         D           50           TYR           92.18           588    545    224     8.499     8.235     5.559     0.6422      0.7363      0.7250      0.5666
801     E         D           51           MET           94.20           588    545    229     8.499     8.235     5.617     0.6671      0.7558      0.7452      0.5979
802     E         D           52           SER           94.81           588    545    224     8.499     8.235     5.559     0.6370      0.7296      0.7181      0.5565
803     E         D           53           TRP           96.27           588    545    233     8.499     8.235     5.663     0.7113      0.7977      0.7884      0.6585
804     E         D           54           TYR           95.93           588    545    234     8.499     8.235     5.674     0.7146      0.8003      0.7912      0.6633
805     E         D           55           ARG           95.68           588    545    227     8.499     8.235     5.594     0.6730      0.7668      0.7565      0.6097
806     E         D           56           GLN           95.30           588    545    222     8.499     8.235     5.535     0.6476      0.7480      0.7370      0.5786
807     E         D           57           ASP           93.44           588    545    207     8.499     8.235     5.354     0.6079      0.7289      0.7171      0.5331
808     E         D           58           PRO           88.75           588    545    196     8.499     8.235     5.214     0.4999      0.6163      0.6022      0.3924
809     E         D           59           GLY           84.86           588    545    153     8.499     8.235     4.608     0.4329      0.5850      0.5706      0.3110
810     E         D           60           MET           86.61           588    545    143     8.499     8.235     4.449     0.4276      0.5950      0.5808      0.3077
811     E         D           61           GLY           86.68           588    545    132     8.499     8.235     4.265     0.4283      0.6197      0.6058      0.3154
812     E         D           62           LEU           92.49           588    545    205     8.499     8.235     5.329     0.5918      0.7146      0.7027      0.5203
813     E         D           63           ARG           93.76           588    545    228     8.499     8.235     5.605     0.6802      0.7731      0.7631      0.6210
814     E         D           64           LEU           93.27           588    545    230     8.499     8.235     5.629     0.6785      0.7674      0.7572      0.6152
815     E         D           65           ILE           95.01           588    545    232     8.499     8.235     5.651     0.6817      0.7658      0.7555      0.6137
816     E         D           66           HIS           94.68           588    545    224     8.499     8.235     5.559     0.6382      0.7294      0.7179      0.5555
817     E         D           67           TYR           92.75           588    545    227     8.499     8.235     5.594     0.6420      0.7305      0.7191      0.5620
818     E         D           68           SER           92.60           588    545    218     8.499     8.235     5.488     0.6207      0.7180      0.7062      0.5359
819     E         D           69           VAL           88.57           588    545    205     8.499     8.235     5.329     0.5725      0.6830      0.6701      0.4765
820     E         D           70           GLY           88.49           588    545    176     8.499     8.235     4.946     0.4930      0.6218      0.6078      0.3750
821     E         D           71           ALA           87.31           588    545    180     8.499     8.235     5.001     0.4876      0.6055      0.5912      0.3609
822     E         D           72           GLY           83.97           588    545    134     8.499     8.235     4.299     0.4284      0.5789      0.5640      0.2704
823     E         D           73           ILE           86.23           588    545    189     8.499     8.235     5.123     0.5100      0.6271      0.6131      0.3946
824     E         D           74           THR           89.00           588    545    201     8.499     8.235     5.278     0.5369      0.6434      0.6297      0.4267
825     E         D           75           ASP           88.20           588    545    203     8.499     8.235     5.304     0.5471      0.6592      0.6459      0.4472
826     E         D           76           GLN           89.33           588    545    204     8.499     8.235     5.316     0.5394      0.6477      0.6341      0.4350
827     E         D           77           GLY           88.72           588    545    195     8.499     8.235     5.201     0.5032      0.6138      0.5997      0.3898
828     E         D           78           GLU           88.81           588    545    204     8.499     8.235     5.316     0.5321      0.6374      0.6236      0.4243
829     E         D           79           VAL           92.54           588    545    205     8.499     8.235     5.329     0.5522      0.6574      0.6440      0.4472
830     E         D           80           PRO           93.06           588    545    192     8.499     8.235     5.162     0.5068      0.6221      0.6081      0.3939
831     E         D           81           ASN           93.42           588    545    169     8.499     8.235     4.847     0.4704      0.6006      0.5862      0.3430
832     E         D           82           GLY           93.97           588    545    187     8.499     8.235     5.096     0.4676      0.5681      0.5532      0.3312
833     E         D           83           TYR           96.19           588    545    215     8.499     8.235     5.452     0.5962      0.6909      0.6780      0.4922
834     E         D           84           ASN           95.48           588    545    202     8.499     8.235     5.291     0.5141      0.6113      0.5968      0.3886
835     E         D           85           VAL           95.13           588    545    199     8.499     8.235     5.253     0.4996      0.5998      0.5852      0.3747
836     E         D           86           SER           92.82           588    545    137     8.499     8.235     4.350     0.4196      0.5651      0.5501      0.2635
837     E         D           87           ARG           93.60           588    545    168     8.499     8.235     4.832     0.4636      0.5846      0.5698      0.3231
838     E         D           88           SER           91.32           588    545    136     8.499     8.235     4.333     0.4188      0.5552      0.5401      0.2523
839     E         D           89           THR           91.44           588    545    167     8.499     8.235     4.818     0.4774      0.6052      0.5907      0.3417
840     E         D           90           THR           92.28           588    545    208     8.499     8.235     5.366     0.5645      0.6637      0.6503      0.4546
841     E         D           91           GLU           94.71           588    545    206     8.499     8.235     5.341     0.5561      0.6548      0.6410      0.4398
842     E         D           92           ASP           96.04           588    545    212     8.499     8.235     5.415     0.5745      0.6685      0.6551      0.4623
843     E         D           93           PHE           96.59           588    545    231     8.499     8.235     5.640     0.6449      0.7255      0.7138      0.5562
844     E         D           94           PRO           97.02           588    545    229     8.499     8.235     5.617     0.6158      0.6941      0.6815      0.5123
845     E         D           95           LEU           97.11           588    545    230     8.499     8.235     5.629     0.6512      0.7346      0.7231      0.5654
846     E         D           96           ARG           96.63           588    545    209     8.499     8.235     5.378     0.5731      0.6706      0.6571      0.4611
847     E         D           97           LEU           95.63           588    545    204     8.499     8.235     5.316     0.5240      0.6165      0.6019      0.3933
848     E         D           98           LEU           91.35           588    545    117     8.499     8.235     3.994     0.3889      0.5228      0.5075      0.2005
849     E         D           99           SER           95.28           588    545    194     8.499     8.235     5.188     0.4501      0.5344      0.5189      0.3027
850     E         D          100           ALA           95.53           588    545    205     8.499     8.235     5.329     0.5250      0.6190      0.6043      0.3951
851     E         D          101           ALA           96.01           588    545    207     8.499     8.235     5.354     0.5712      0.6741      0.6605      0.4584
852     E         D          102           PRO           95.11           588    545    223     8.499     8.235     5.547     0.6140      0.7018      0.6891      0.5132
853     E         D          103           SER           95.65           588    545    222     8.499     8.235     5.535     0.6205      0.7133      0.7010      0.5279
854     E         D          104           GLN           96.05           588    545    231     8.499     8.235     5.640     0.6581      0.7411      0.7298      0.5742
855     E         D          105           THR           95.52           588    545    231     8.499     8.235     5.640     0.6797      0.7658      0.7552      0.6075
856     E         D          106           SER           95.94           588    545    228     8.499     8.235     5.605     0.6476      0.7361      0.7248      0.5676
857     E         D          107           VAL           96.27           588    545    231     8.499     8.235     5.640     0.6920      0.7801      0.7701      0.6297
858     E         D          108           TYR           97.09           588    545    237     8.499     8.235     5.708     0.7245      0.8052      0.7962      0.6722
859     E         D          109           PHE           96.56           588    545    232     8.499     8.235     5.651     0.7051      0.7939      0.7845      0.6520
860     E         D          110           CYS           96.25           588    545    225     8.499     8.235     5.570     0.6542      0.7472      0.7362      0.5803
861     E         D          111           ALA           95.23           588    545    223     8.499     8.235     5.547     0.6379      0.7323      0.7209      0.5596
862     E         D          112           SER           94.04           588    545    204     8.499     8.235     5.316     0.5778      0.6905      0.6778      0.4851
863     E         D          113           GLN           91.04           588    545    190     8.499     8.235     5.136     0.5220      0.6412      0.6276      0.4143
864     E         D          114           LYS           86.87           588    545    189     8.499     8.235     5.123     0.5198      0.6408      0.6273      0.4134
865     E         D          115           SER           82.46           588    545    108     8.499     8.235     3.818     0.3825      0.5845      0.5697      0.2321
866     E         D          116           GLY           77.94           588    545     84     8.499     8.235     3.286     0.3259      0.5546      0.5396      0.1666
867     E         D          117           SER           80.25           588    545    112     8.499     8.235     3.897     0.3935      0.6126      0.5982      0.2645
868     E         D          118           SER           78.76           588    545    117     8.499     8.235     3.994     0.4035      0.6145      0.6003      0.2788
869     E         D          119           TYR           79.54           588    545    130     8.499     8.235     4.230     0.4419      0.6453      0.6316      0.3307
870     E         D          120           ASN           80.88           588    545    146     8.499     8.235     4.498     0.4593      0.6335      0.6197      0.3472
871     E         D          121           GLU           84.28           588    545    159     8.499     8.235     4.699     0.4901      0.6538      0.6406      0.3920
872     E         D          122           GLN           90.28           588    545    202     8.499     8.235     5.291     0.5697      0.6855      0.6731      0.4848
873     E         D          123           PHE           93.74           588    545    226     8.499     8.235     5.582     0.6667      0.7616      0.7511      0.6035
874     E         D          124           PHE           95.14           588    545    229     8.499     8.235     5.617     0.6742      0.7654      0.7552      0.6124
875     E         D          125           GLY           95.19           588    545    216     8.499     8.235     5.464     0.6070      0.7056      0.6934      0.5177
876     E         D          126           PRO           94.48           588    545    212     8.499     8.235     5.415     0.5974      0.6999      0.6873      0.5030
877     E         D          127           GLY           95.40           588    545    205     8.499     8.235     5.329     0.5778      0.6855      0.6726      0.4766
878     E         D          128           THR           96.30           588    545    230     8.499     8.235     5.629     0.6655      0.7514      0.7404      0.5875
879     E         D          129           ARG           96.06           588    545    229     8.499     8.235     5.617     0.6590      0.7467      0.7355      0.5794
880     E         D          130           LEU           96.66           588    545    232     8.499     8.235     5.651     0.6783      0.7623      0.7516      0.6030
881     E         D          131           THR           95.75           588    545    233     8.499     8.235     5.663     0.6861      0.7686      0.7580      0.6111
882     E         D          132           VAL           96.04           588    545    234     8.499     8.235     5.674     0.6807      0.7603      0.7494      0.6001
883     E         D          133           LEU           94.77           588    545    227     8.499     8.235     5.594     0.6059      0.6862      0.6731      0.4969
884     E         D          134           GLU           93.28           588    545    204     8.499     8.235     5.316     0.5265      0.6199      0.6052      0.3945
885     E         D          135           ASP           91.57           588    545    162     8.499     8.235     4.744     0.4212      0.5115      0.4959      0.2484
886     E         D          136           LEU           92.73           588    545    224     8.499     8.235     5.559     0.5285      0.5955      0.5805      0.3918
887     E         D          137           LYS           92.67           588    545    202     8.499     8.235     5.291     0.4856      0.5617      0.5465      0.3378
888     E         D          138           ASN           92.41           588    545    217     8.499     8.235     5.476     0.5184      0.5921      0.5773      0.3837
889     E         D          139           VAL           94.87           588    545    235     8.499     8.235     5.686     0.6423      0.7125      0.7000      0.5366
890     E         D          140           PHE           95.59           588    545    236     8.499     8.235     5.697     0.6438      0.7128      0.7003      0.5385
891     E         D          141           PRO           95.52           588    545    236     8.499     8.235     5.697     0.6268      0.6933      0.6805      0.5157
892     E         D          142           PRO           95.93           588    545    234     8.499     8.235     5.674     0.6206      0.6895      0.6765      0.5087
893     E         D          143           GLU           94.51           588    545    237     8.499     8.235     5.708     0.6486      0.7171      0.7050      0.5473
894     E         D          144           VAL           94.59           588    545    238     8.499     8.235     5.720     0.6835      0.7549      0.7438      0.5973
895     E         D          145           ALA           93.67           588    545    237     8.499     8.235     5.708     0.6487      0.7176      0.7056      0.5501
896     E         D          146           VAL           93.85           588    545    238     8.499     8.235     5.720     0.6810      0.7525      0.7415      0.5954
897     E         D          147           PHE           94.26           588    545    240     8.499     8.235     5.742     0.7023      0.7726      0.7622      0.6245
898     E         D          148           GLU           92.30           588    545    235     8.499     8.235     5.686     0.6256      0.6943      0.6819      0.5232
899     E         D          149           PRO           92.20           588    545    231     8.499     8.235     5.640     0.6104      0.6819      0.6692      0.5049
900     E         D          150           SER           89.59           588    545    201     8.499     8.235     5.278     0.5592      0.6593      0.6461      0.4479
901     E         D          151           GLU           88.47           588    545    207     8.499     8.235     5.354     0.5657      0.6594      0.6462      0.4538
902     E         D          152           ALA           88.61           588    545    227     8.499     8.235     5.594     0.5964      0.6703      0.6574      0.4874
903     E         D          153           GLU           91.27           588    545    235     8.499     8.235     5.686     0.6266      0.6947      0.6823      0.5246
904     E         D          154           ILE           90.03           588    545    236     8.499     8.235     5.697     0.6260      0.6928      0.6803      0.5217
905     E         D          155           SER           88.64           588    545    212     8.499     8.235     5.415     0.5739      0.6630      0.6498      0.4625
906     E         D          156           HIS           88.66           588    545    212     8.499     8.235     5.415     0.5668      0.6542      0.6409      0.4527
907     E         D          157           THR           88.79           588    545    173     8.499     8.235     4.904     0.5076      0.6338      0.6200      0.3831
908     E         D          158           GLN           90.82           588    545    209     8.499     8.235     5.378     0.5669      0.6581      0.6449      0.4537
909     E         D          159           LYS           92.29           588    545    235     8.499     8.235     5.686     0.6331      0.7033      0.6911      0.5333
910     E         D          160           ALA           93.36           588    545    236     8.499     8.235     5.697     0.6549      0.7266      0.7150      0.5633
911     E         D          161           THR           94.51           588    545    238     8.499     8.235     5.720     0.6953      0.7687      0.7582      0.6182
912     E         D          162           LEU           94.84           588    545    241     8.499     8.235     5.753     0.7168      0.7874      0.7776      0.6468
913     E         D          163           VAL           95.56           588    545    241     8.499     8.235     5.753     0.7282      0.7999      0.7905      0.6641
914     E         D          164           CYS           95.56           588    545    241     8.499     8.235     5.753     0.7122      0.7823      0.7722      0.6387
915     E         D          165           LEU           95.08           588    545    239     8.499     8.235     5.731     0.6964      0.7687      0.7582      0.6189
916     E         D          166           ALA           95.82           588    545    239     8.499     8.235     5.731     0.7036      0.7762      0.7659      0.6283
917     E         D          167           THR           94.44           588    545    235     8.499     8.235     5.686     0.6542      0.7279      0.7161      0.5606
918     E         D          168           GLY           94.13           588    545    230     8.499     8.235     5.629     0.5929      0.6643      0.6511      0.4804
919     E         D          169           PHE           96.02           588    545    236     8.499     8.235     5.697     0.6861      0.7622      0.7514      0.6042
920     E         D          170           TYR           95.85           588    545    233     8.499     8.235     5.663     0.6509      0.7271      0.7151      0.5542
921     E         D          171           PRO           95.12           588    545    227     8.499     8.235     5.594     0.5829      0.6578      0.6441      0.4642
922     E         D          172           ASP           94.02           588    545    226     8.499     8.235     5.582     0.5621      0.6363      0.6222      0.4396
923     E         D          173           HIS           95.60           588    545    230     8.499     8.235     5.629     0.6003      0.6750      0.6616      0.4866
924     E         D          174           VAL           95.97           588    545    236     8.499     8.235     5.697     0.6648      0.7383      0.7266      0.5715
925     E         D          175           GLU           95.92           588    545    239     8.499     8.235     5.731     0.6808      0.7517      0.7405      0.5928
926     E         D          176           LEU           96.18           588    545    240     8.499     8.235     5.742     0.6966      0.7665      0.7558      0.6136
927     E         D          177           SER           96.46           588    545    239     8.499     8.235     5.731     0.6827      0.7525      0.7413      0.5930
928     E         D          178           TRP           96.84           588    545    244     8.499     8.235     5.786     0.7232      0.7891      0.7793      0.6500
929     E         D          179           TRP           96.87           588    545    245     8.499     8.235     5.797     0.7097      0.7717      0.7612      0.6246
930     E         D          180           VAL           95.82           588    545    242     8.499     8.235     5.764     0.6711      0.7337      0.7219      0.5706
931     E         D          181           ASN           94.68           588    545    239     8.499     8.235     5.731     0.6075      0.6672      0.6538      0.4876
932     E         D          182           GLY           94.48           588    545    220     8.499     8.235     5.511     0.5260      0.5906      0.5757      0.3845
933     E         D          183           LYS           95.91           588    545    239     8.499     8.235     5.731     0.6007      0.6595      0.6459      0.4777
934     E         D          184           GLU           96.15           588    545    241     8.499     8.235     5.753     0.6692      0.7342      0.7224      0.5713
935     E         D          185           VAL           95.59           588    545    238     8.499     8.235     5.720     0.6489      0.7160      0.7038      0.5468
936     E         D          186           HIS           93.12           588    545    236     8.499     8.235     5.697     0.6538      0.7259      0.7140      0.5584
937     E         D          187           SER           92.44           588    545    233     8.499     8.235     5.663     0.6008      0.6706      0.6576      0.4915
938     E         D          188           GLY           93.03           588    545    217     8.499     8.235     5.476     0.5864      0.6752      0.6623      0.4827
939     E         D          189           VAL           95.17           588    545    236     8.499     8.235     5.697     0.6832      0.7601      0.7494      0.6054
940     E         D          190           SER           94.71           588    545    233     8.499     8.235     5.663     0.6721      0.7532      0.7422      0.5927
941     E         D          191           THR           94.26           588    545    238     8.499     8.235     5.720     0.7140      0.7908      0.7810      0.6488
942     E         D          192           ASP           93.63           588    545    236     8.499     8.235     5.697     0.7051      0.7847      0.7748      0.6383
943     E         D          193           PRO           90.66           588    545    229     8.499     8.235     5.617     0.6627      0.7526      0.7415      0.5874
944     E         D          194           GLN           90.77           588    545    226     8.499     8.235     5.582     0.6399      0.7307      0.7190      0.5563
945     E         D          195           PRO           93.33           588    545    229     8.499     8.235     5.617     0.6668      0.7535      0.7425      0.5876
946     E         D          196           LEU           92.61           588    545    229     8.499     8.235     5.617     0.6531      0.7386      0.7271      0.5680
947     E         D          197           LYS           91.97           588    545    229     8.499     8.235     5.617     0.6547      0.7403      0.7289      0.5699
948     E         D          198           GLU           90.50           588    545    222     8.499     8.235     5.535     0.5887      0.6734      0.6603      0.4813
949     E         D          199           GLN           89.26           588    545    180     8.499     8.235     5.001     0.4931      0.6036      0.5892      0.3593
950     E         D          200           PRO           86.63           588    545    144     8.499     8.235     4.465     0.4301      0.5617      0.5467      0.2723
951     E         D          201           ALA           86.97           588    545    121     8.499     8.235     4.068     0.3958      0.5510      0.5359      0.2297
952     E         D          202           LEU           87.02           588    545    107     8.499     8.235     3.798     0.3711      0.5147      0.4993      0.1805
953     E         D          203           ASN           84.93           588    545    120     8.499     8.235     4.050     0.3849      0.5219      0.5065      0.2037
954     E         D          204           ASP           88.13           588    545    131     8.499     8.235     4.247     0.4004      0.5319      0.5165      0.2268
955     E         D          205           SER           91.99           588    545    213     8.499     8.235     5.427     0.5224      0.6002      0.5856      0.3897
956     E         D          206           ARG           94.86           588    545    234     8.499     8.235     5.674     0.6575      0.7321      0.7204      0.5637
957     E         D          207           TYR           95.61           588    545    239     8.499     8.235     5.731     0.7133      0.7889      0.7791      0.6459
958     E         D          208           CYS           95.11           588    545    236     8.499     8.235     5.697     0.6929      0.7700      0.7595      0.6173
959     E         D          209           LEU           95.95           588    545    237     8.499     8.235     5.708     0.7158      0.7948      0.7851      0.6527
960     E         D          210           SER           95.83           588    545    237     8.499     8.235     5.708     0.7017      0.7787      0.7685      0.6311
961     E         D          211           SER           96.23           588    545    238     8.499     8.235     5.720     0.7154      0.7917      0.7820      0.6501
962     E         D          212           ARG           95.48           588    545    236     8.499     8.235     5.697     0.6900      0.7666      0.7560      0.6134
963     E         D          213           LEU           95.79           588    545    243     8.499     8.235     5.775     0.7243      0.7916      0.7820      0.6542
964     E         D          214           ARG           95.40           588    545    239     8.499     8.235     5.731     0.6877      0.7585      0.7477      0.6059
965     E         D          215           VAL           94.32           588    545    238     8.499     8.235     5.720     0.6744      0.7447      0.7335      0.5867
966     E         D          216           SER           93.16           588    545    238     8.499     8.235     5.720     0.6355      0.7003      0.6879      0.5305
967     E         D          217           ALA           91.47           588    545    238     8.499     8.235     5.720     0.6283      0.6922      0.6796      0.5210
968     E         D          218           THR           91.03           588    545    237     8.499     8.235     5.708     0.6094      0.6718      0.6587      0.4943
969     E         D          219           PHE           92.89           588    545    244     8.499     8.235     5.786     0.6670      0.7258      0.7139      0.5646
970     E         D          220           TRP           93.10           588    545    243     8.499     8.235     5.775     0.6715      0.7319      0.7201      0.5708
971     E         D          221           GLN           89.86           588    545    243     8.499     8.235     5.775     0.6249      0.6802      0.6673      0.5100
972     E         D          222           ASN           90.57           588    545    231     8.499     8.235     5.640     0.5835      0.6466      0.6329      0.4581
973     E         D          223           PRO           89.00           588    545    199     8.499     8.235     5.253     0.5243      0.6116      0.5971      0.3860
974     E         D          224           ARG           89.64           588    545    215     8.499     8.235     5.452     0.5275      0.5962      0.5815      0.3865
975     E         D          225           ASN           92.86           588    545    242     8.499     8.235     5.764     0.5943      0.6471      0.6332      0.4678
976     E         D          226           HIS           94.97           588    545    244     8.499     8.235     5.786     0.6549      0.7124      0.7000      0.5460
977     E         D          227           PHE           95.60           588    545    244     8.499     8.235     5.786     0.6984      0.7608      0.7499      0.6091
978     E         D          228           ARG           96.37           588    545    244     8.499     8.235     5.786     0.6891      0.7503      0.7391      0.5944
979     E         D          229           CYS           95.68           588    545    243     8.499     8.235     5.775     0.6931      0.7563      0.7451      0.6013
980     E         D          230           GLN           96.99           588    545    241     8.499     8.235     5.753     0.6890      0.7557      0.7446      0.5987
981     E         D          231           VAL           96.76           588    545    243     8.499     8.235     5.775     0.7117      0.7778      0.7675      0.6316
982     E         D          232           GLN           97.10           588    545    240     8.499     8.235     5.742     0.6971      0.7674      0.7566      0.6135
983     E         D          233           PHE           96.72           588    545    241     8.499     8.235     5.753     0.7016      0.7706      0.7600      0.6194
984     E         D          234           TYR           96.14           588    545    239     8.499     8.235     5.731     0.6843      0.7556      0.7444      0.5963
985     E         D          235           GLY           93.53           588    545    215     8.499     8.235     5.452     0.5154      0.5890      0.5741      0.3783
986     E         D          236           LEU           93.45           588    545    225     8.499     8.235     5.570     0.5358      0.6036      0.5888      0.4019
987     E         D          237           SER           90.77           588    545    165     8.499     8.235     4.788     0.4194      0.5166      0.5011      0.2566
988     E         D          238           GLU           88.25           588    545    101     8.499     8.235     3.673     0.3656      0.4824      0.4668      0.1502
989     E         D          239           ASN           87.62           588    545     15     8.499     8.235     1.000     0.3017      0.4674      0.4518      0.0122
990     E         D          240           ASP           88.51           588    545     21     8.499     8.235     1.000     0.3182      0.4580      0.4424      0.0116
991     E         D          241           GLU           87.63           588    545     17     8.499     8.235     1.000     0.2955      0.4510      0.4354      0.0113
992     E         D          242           TRP           91.16           588    545     81     8.499     8.235     3.211     0.3593      0.4635      0.4479      0.1106
993     E         D          243           THR           89.46           588    545      7     8.499     8.235     1.000     0.2670      0.4368      0.4213      0.0106
994     E         D          244           GLN           89.57           588    545     10     8.499     8.235     1.000     0.2823      0.4371      0.4216      0.0107
995     E         D          245           ASP           91.38           588    545     10     8.499     8.235     1.000     0.2691      0.4531      0.4375      0.0114
996     E         D          246           ARG           91.31           588    545     47     8.499     8.235     2.137     0.3375      0.4692      0.4536      0.0533
997     E         D          247           ALA           92.23           588    545    147     8.499     8.235     4.514     0.4098      0.4950      0.4794      0.2186
998     E         D          248           LYS           93.15           588    545    212     8.499     8.235     5.415     0.4733      0.5348      0.5193      0.3217
999     E         D          249           PRO           93.27           588    545    178     8.499     8.235     4.974     0.4356      0.5107      0.4951      0.2658
1000    E         D          250           VAL           92.37           588    545    209     8.499     8.235     5.378     0.4736      0.5387      0.5233      0.3226
1001    E         D          251           THR           93.44           588    545    231     8.499     8.235     5.640     0.5649      0.6288      0.6144      0.4333
1002    E         D          252           GLN           95.01           588    545    232     8.499     8.235     5.651     0.5496      0.6098      0.5951      0.4150
1003    E         D          253           ILE           94.64           588    545    235     8.499     8.235     5.686     0.6087      0.6748      0.6613      0.4900
1004    E         D          254           VAL           94.38           588    545    236     8.499     8.235     5.697     0.6050      0.6679      0.6543      0.4838
1005    E         D          255           SER           93.18           588    545    210     8.499     8.235     5.391     0.5234      0.5983      0.5836      0.3831
1006    E         D          256           ALA           93.13           588    545    233     8.499     8.235     5.663     0.5619      0.6209      0.6066      0.4303
1007    E         D          257           GLU           92.36           588    545    191     8.499     8.235     5.149     0.4928      0.5813      0.5665      0.3463
1008    E         D          258           ALA           91.37           588    545    205     8.499     8.235     5.329     0.5148      0.5918      0.5770      0.3709
1009    E         D          259           TRP           91.25           588    545    220     8.499     8.235     5.511     0.5433      0.6106      0.5962      0.4069
1010    E         D          260           GLY           87.08           588    545    156     8.499     8.235     4.654     0.4486      0.5572      0.5421      0.2820
1011    E         D          261           ARG           85.83           588    545     65     8.499     8.235     2.768     0.3381      0.5302      0.5149      0.1132
1012    E         D          262           ALA           78.30           588    545     31     8.499     8.235     1.325     0.2860      0.5321      0.5167      0.0283
1013    E         D          263           ASP           75.05           588    545     21     8.499     8.235     1.000     0.2332      0.5334      0.5182      0.0169
1014    E         D          264           CYS           74.06           588    545     13     8.499     8.235     1.000     0.2019      0.5584      0.5434      0.0198
1015    E         D          265           GLY           63.77           588    545     10     8.499     8.235     1.000     0.1646      0.5140      0.4985      0.0152
1016    E         D          266           PHE           64.64           588    545     13     8.499     8.235     1.000     0.1887      0.5566      0.5416      0.0186
1017    E         D          267           THR           70.16           588    545     23     8.499     8.235     1.000     0.2243      0.5549      0.5397      0.0183
1018    E         D          268           SER           67.78           588    545     29     8.499     8.235     1.189     0.2372      0.5471      0.5318      0.0248
1019    E         D          269           GLU           72.70           588    545     35     8.499     8.235     1.566     0.2681      0.5899      0.5751      0.0507
1020    E         D          270           SER           74.77           588    545     37     8.499     8.235     1.675     0.2684      0.5721      0.5571      0.0532
1021    E         D          271           TYR           77.88           588    545     39     8.499     8.235     1.777     0.3018      0.5968      0.5821      0.0657
1022    E         D          272           GLN           75.12           588    545     45     8.499     8.235     2.053     0.2891      0.5958      0.5811      0.0851
1023    E         D          273           GLN           74.73           588    545     47     8.499     8.235     2.137     0.2992      0.6201      0.6057      0.1011
1024    E         D          274           GLY           75.68           588    545     45     8.499     8.235     2.053     0.2848      0.6053      0.5908      0.0905
1025    E         D          275           VAL           82.22           588    545     48     8.499     8.235     2.177     0.3095      0.6244      0.6100      0.1067
1026    E         D          276           LEU           78.58           588    545     48     8.499     8.235     2.177     0.2949      0.6374      0.6233      0.1135
1027    E         D          277           SER           79.65           588    545     47     8.499     8.235     2.137     0.2827      0.6334      0.6192      0.1070
1028    E         D          278           ALA           81.37           588    545     48     8.499     8.235     2.177     0.2839      0.6321      0.6180      0.1126
1029    E         D          279           THR           85.26           588    545     48     8.499     8.235     2.177     0.2945      0.6551      0.6412      0.1212
1030    E         D          280           ILE           83.91           588    545     48     8.499     8.235     2.177     0.2942      0.6869      0.6739      0.1416
1031    E         D          281           LEU           84.68           588    545     47     8.499     8.235     2.137     0.2836      0.6624      0.6488      0.1229
1032    E         D          282           TYR           83.91           588    545     48     8.499     8.235     2.177     0.2898      0.6733      0.6599      0.1322
1033    E         D          283           GLU           85.11           588    545     47     8.499     8.235     2.137     0.2876      0.7059      0.6934      0.1526
1034    E         D          284           ILE           83.44           588    545     47     8.499     8.235     2.137     0.2845      0.6930      0.6803      0.1438
1035    E         D          285           LEU           83.42           588    545     47     8.499     8.235     2.137     0.2843      0.6923      0.6796      0.1441
1036    E         D          286           LEU           84.90           588    545     47     8.499     8.235     2.137     0.2835      0.6813      0.6683      0.1362
1037    E         D          287           GLY           84.81           588    545     46     8.499     8.235     2.095     0.2823      0.7143      0.7024      0.1602
1038    E         D          288           LYS           83.10           588    545     45     8.499     8.235     2.053     0.2714      0.6913      0.6787      0.1398
1039    E         D          289           ALA           82.03           588    545     45     8.499     8.235     2.053     0.2714      0.6993      0.6870      0.1483
1040    E         D          290           THR           87.95           588    545     44     8.499     8.235     2.010     0.2710      0.7101      0.6981      0.1497
1041    E         D          291           LEU           85.87           588    545     42     8.499     8.235     1.920     0.2732      0.7210      0.7093      0.1428
1042    E         D          292           TYR           86.66           588    545     44     8.499     8.235     2.010     0.2604      0.6817      0.6692      0.1368
1043    E         D          293           ALA           85.30           588    545     42     8.499     8.235     1.920     0.2563      0.6906      0.6782      0.1293
1044    E         D          294           VAL           90.91           588    545     41     8.499     8.235     1.873     0.2589      0.7090      0.6970      0.1319
1045    E         D          295           LEU           87.25           588    545     41     8.499     8.235     1.873     0.2601      0.7064      0.6945      0.1359
1046    E         D          296           VAL           86.78           588    545     41     8.499     8.235     1.873     0.2476      0.6931      0.6811      0.1356
1047    E         D          297           SER           88.55           588    545     38     8.499     8.235     1.726     0.2404      0.6913      0.6789      0.1088
1048    E         D          298           ALA           88.01           588    545     37     8.499     8.235     1.675     0.2416      0.6901      0.6777      0.0997
1049    E         D          299           LEU           85.71           588    545     34     8.499     8.235     1.509     0.2332      0.6909      0.6784      0.0830
1050    E         D          300           VAL           84.84           588    545     33     8.499     8.235     1.450     0.2216      0.6694      0.6565      0.0724
1051    E         D          301           LEU           87.53           588    545     32     8.499     8.235     1.388     0.2179      0.6543      0.6410      0.0588
1052    E         D          302           MET           86.64           588    545     27     8.499     8.235     1.039     0.1997      0.6525      0.6389      0.0319
1053    E         D          303           ALA           83.12           588    545     25     8.499     8.235     1.000     0.1910      0.6286      0.6144      0.0260
1054    E         D          304           MET           84.59           588    545     21     8.499     8.235     1.000     0.1733      0.5928      0.5780      0.0217
1055    E         D          305           VAL           86.24           588    545     20     8.499     8.235     1.000     0.1663      0.5927      0.5778      0.0212
1056    E         D          306           LYS           84.45           588    545     15     8.499     8.235     1.000     0.1469      0.5302      0.5147      0.0158
1057    E         D          307           ARG           82.66           588    545      9     8.499     8.235     1.000     0.1354      0.4952      0.4796      0.0136
1058    E         D          308           LYS           80.99           588    545      7     8.499     8.235     1.000     0.1307      0.5048      0.4891      0.0141
1059    E         D          309           ASP           81.06           588    545      6     8.499     8.235     1.000     0.1256      0.4630      0.4474      0.0118
1060    E         D          310           SER           77.56           588    545      0     8.499     8.235     1.000     0.1084      0.0000      0.0000      0.0000
1061    E         D          311           ARG           71.40           588    545      0     8.499     8.235     1.000     0.0949      0.0000      0.0000      0.0000
1062    E         D          312           GLY           55.47           588    545      0     8.499     8.235     1.000     0.0803      0.0000      0.0000      0.0000
