i   AlignChn ScoredChain  AlignResNum  AlignResType  AlignRespLDDT      n0chn  n0dom  n0res    d0chn     d0dom     d0res   ipTM_pae  ipSAE_d0chn ipSAE_d0dom    ipSAE 
1       A         B            1           MET           19.92           461    374      0     7.674     7.013     1.000     0.0559      0.0000      0.0000      0.0000
2       A         B            2           ARG           25.98           461    374      0     7.674     7.013     1.000     0.0559      0.0000      0.0000      0.0000
3       A         B            3           VAL           27.14           461    374      0     7.674     7.013     1.000     0.0559      0.0000      0.0000      0.0000
4       A         B            4           THR           28.20           461    374      0     7.674     7.013     1.000     0.0559      0.0000      0.0000      0.0000
5       A         B            5           ALA           31.12           461    374      0     7.674     7.013     1.000     0.0560      0.0000      0.0000      0.0000
6       A         B            6           PRO           31.54           461    374      0     7.674     7.013     1.000     0.0562      0.0000      0.0000      0.0000
7       A         B            7           ARG           30.03           461    374      0     7.674     7.013     1.000     0.0563      0.0000      0.0000      0.0000
8       A         B            8           THR           30.35           461    374      0     7.674     7.013     1.000     0.0566      0.0000      0.0000      0.0000
9       A         B            9           VAL           28.37           461    374      0     7.674     7.013     1.000     0.0572      0.0000      0.0000      0.0000
10      A         B           10           LEU           29.04           461    374      0     7.674     7.013     1.000     0.0571      0.0000      0.0000      0.0000
11      A         B           11           LEU           27.96           461    374      0     7.674     7.013     1.000     0.0576      0.0000      0.0000      0.0000
12      A         B           12           LEU           30.79           461    374      0     7.674     7.013     1.000     0.0578      0.0000      0.0000      0.0000
13      A         B           13           LEU           32.02           461    374      0     7.674     7.013     1.000     0.0585      0.0000      0.0000      0.0000
14      A         B           14           TRP           31.99           461    374      0     7.674     7.013     1.000     0.0592      0.0000      0.0000      0.0000
15      A         B           15           GLY           31.14           461    374      0     7.674     7.013     1.000     0.0595      0.0000      0.0000      0.0000
16      A         B           16           ALA           35.44           461    374      0     7.674     7.013     1.000     0.0609      0.0000      0.0000      0.0000
17      A         B           17           VAL           34.81           461    374      0     7.674     7.013     1.000     0.0631      0.0000      0.0000      0.0000
18      A         B           18           ALA           39.84           461    374      0     7.674     7.013     1.000     0.0640      0.0000      0.0000      0.0000
19      A         B           19           LEU           42.79           461    374      0     7.674     7.013     1.000     0.0655      0.0000      0.0000      0.0000
20      A         B           20           THR           44.38           461    374      0     7.674     7.013     1.000     0.0733      0.0000      0.0000      0.0000
21      A         B           21           GLU           53.26           461    374      0     7.674     7.013     1.000     0.0808      0.0000      0.0000      0.0000
22      A         B           22           THR           65.11           461    374      0     7.674     7.013     1.000     0.1211      0.0000      0.0000      0.0000
23      A         B           23           TRP           71.74           461    374      0     7.674     7.013     1.000     0.1767      0.0000      0.0000      0.0000
24      A         B           24           ALA           67.35           461    374      0     7.674     7.013     1.000     0.1370      0.0000      0.0000      0.0000
25      A         B           25           GLY           83.52           461    374      2     7.674     7.013     1.000     0.2109      0.4117      0.3690      0.0118
26      A         B           26           SER           91.83           461    374     99     7.674     7.013     3.631     0.5677      0.5677      0.5244      0.2354
27      A         B           27           HIS           95.17           461    374     99     7.674     7.013     3.631     0.8007      0.8007      0.7712      0.4870
28      A         B           28           SER           96.33           461    374     99     7.674     7.013     3.631     0.7645      0.7645      0.7317      0.4360
29      A         B           29           MET           97.10           461    374     99     7.674     7.013     3.631     0.8589      0.8589      0.8364      0.5923
30      A         B           30           ARG           97.15           461    374     99     7.674     7.013     3.631     0.8440      0.8440      0.8197      0.5659
31      A         B           31           TYR           97.08           461    374     99     7.674     7.013     3.631     0.8973      0.8973      0.8800      0.6760
32      A         B           32           PHE           97.57           461    374     99     7.674     7.013     3.631     0.9080      0.9080      0.8923      0.7020
33      A         B           33           TYR           97.31           461    374     99     7.674     7.013     3.631     0.8979      0.8979      0.8808      0.6799
34      A         B           34           THR           97.44           461    374     99     7.674     7.013     3.631     0.8856      0.8856      0.8669      0.6537
35      A         B           35           ALA           96.95           461    374     99     7.674     7.013     3.631     0.8647      0.8647      0.8432      0.6100
36      A         B           36           MET           96.66           461    374     99     7.674     7.013     3.631     0.7766      0.7766      0.7457      0.4643
37      A         B           37           SER           96.00           461    374     99     7.674     7.013     3.631     0.7826      0.7826      0.7522      0.4735
38      A         B           38           ARG           94.11           461    374     99     7.674     7.013     3.631     0.7211      0.7211      0.6859      0.3930
39      A         B           39           PRO           92.98           461    374     99     7.674     7.013     3.631     0.6506      0.6506      0.6117      0.3198
40      A         B           40           GLY           91.21           461    374     87     7.674     7.013     3.359     0.5318      0.5569      0.5144      0.2073
41      A         B           41           ARG           91.64           461    374     98     7.674     7.013     3.609     0.5639      0.5659      0.5233      0.2355
42      A         B           42           GLY           90.42           461    374     93     7.674     7.013     3.498     0.5423      0.5541      0.5112      0.2156
43      A         B           43           GLU           90.79           461    374     99     7.674     7.013     3.631     0.6889      0.6889      0.6517      0.3555
44      A         B           44           PRO           94.65           461    374     99     7.674     7.013     3.631     0.8284      0.8284      0.8024      0.5401
45      A         B           45           ARG           96.44           461    374     99     7.674     7.013     3.631     0.8459      0.8459      0.8218      0.5701
46      A         B           46           PHE           96.71           461    374     99     7.674     7.013     3.631     0.8933      0.8933      0.8755      0.6682
47      A         B           47           ILE           97.37           461    374     99     7.674     7.013     3.631     0.8868      0.8868      0.8681      0.6525
48      A         B           48           ALA           97.34           461    374     99     7.674     7.013     3.631     0.8774      0.8774      0.8573      0.6324
49      A         B           49           VAL           97.48           461    374     99     7.674     7.013     3.631     0.8741      0.8741      0.8535      0.6243
50      A         B           50           GLY           97.27           461    374     99     7.674     7.013     3.631     0.8420      0.8420      0.8175      0.5628
51      A         B           51           TYR           97.13           461    374     99     7.674     7.013     3.631     0.8928      0.8928      0.8747      0.6622
52      A         B           52           VAL           97.18           461    374     99     7.674     7.013     3.631     0.8773      0.8773      0.8570      0.6257
53      A         B           53           ASP           95.21           461    374     99     7.674     7.013     3.631     0.8543      0.8543      0.8309      0.5771
54      A         B           54           ASP           95.10           461    374     99     7.674     7.013     3.631     0.8639      0.8639      0.8418      0.5985
55      A         B           55           THR           96.06           461    374     99     7.674     7.013     3.631     0.8717      0.8717      0.8507      0.6145
56      A         B           56           GLN           97.11           461    374     99     7.674     7.013     3.631     0.8873      0.8873      0.8684      0.6487
57      A         B           57           PHE           97.20           461    374     99     7.674     7.013     3.631     0.8633      0.8633      0.8412      0.5980
58      A         B           58           VAL           96.98           461    374     99     7.674     7.013     3.631     0.8501      0.8501      0.8264      0.5739
59      A         B           59           ARG           97.07           461    374     99     7.674     7.013     3.631     0.8391      0.8391      0.8141      0.5548
60      A         B           60           PHE           97.20           461    374     99     7.674     7.013     3.631     0.8794      0.8794      0.8595      0.6350
61      A         B           61           ASP           96.79           461    374     99     7.674     7.013     3.631     0.8540      0.8540      0.8309      0.5827
62      A         B           62           SER           95.58           461    374     99     7.674     7.013     3.631     0.8155      0.8155      0.7879      0.5154
63      A         B           63           ASP           94.14           461    374     99     7.674     7.013     3.631     0.7519      0.7519      0.7181      0.4206
64      A         B           64           ALA           92.77           461    374     99     7.674     7.013     3.631     0.6553      0.6553      0.6156      0.3147
65      A         B           65           ALA           90.96           461    374     92     7.674     7.013     3.475     0.5531      0.5685      0.5261      0.2253
66      A         B           66           SER           91.03           461    374     81     7.674     7.013     3.211     0.4782      0.5109      0.4671      0.1602
67      A         B           67           PRO           93.27           461    374     99     7.674     7.013     3.631     0.6002      0.6002      0.5577      0.2605
68      A         B           68           ARG           94.43           461    374     99     7.674     7.013     3.631     0.7236      0.7236      0.6872      0.3808
69      A         B           69           THR           96.32           461    374     99     7.674     7.013     3.631     0.8355      0.8355      0.8098      0.5432
70      A         B           70           GLU           95.93           461    374     99     7.674     7.013     3.631     0.8327      0.8327      0.8067      0.5378
71      A         B           71           PRO           96.45           461    374     99     7.674     7.013     3.631     0.8319      0.8319      0.8057      0.5360
72      A         B           72           ARG           95.25           461    374     99     7.674     7.013     3.631     0.8388      0.8388      0.8135      0.5493
73      A         B           73           ALA           94.71           461    374     99     7.674     7.013     3.631     0.8261      0.8261      0.7994      0.5282
74      A         B           74           PRO           94.26           461    374     99     7.674     7.013     3.631     0.8131      0.8131      0.7848      0.5037
75      A         B           75           TRP           95.50           461    374     99     7.674     7.013     3.631     0.8319      0.8319      0.8056      0.5348
76      A         B           76           ILE           96.62           461    374     99     7.674     7.013     3.631     0.8189      0.8189      0.7911      0.5120
77      A         B           77           GLU           94.51           461    374     99     7.674     7.013     3.631     0.7785      0.7785      0.7466      0.4498
78      A         B           78           GLN           93.25           461    374     99     7.674     7.013     3.631     0.6832      0.6832      0.6440      0.3345
79      A         B           79           GLU           93.61           461    374     99     7.674     7.013     3.631     0.6933      0.6933      0.6544      0.3427
80      A         B           80           GLY           91.93           461    374     99     7.674     7.013     3.631     0.5483      0.5483      0.5044      0.2187
81      A         B           81           PRO           92.04           461    374     99     7.674     7.013     3.631     0.6893      0.6893      0.6502      0.3389
82      A         B           82           GLU           88.51           461    374     99     7.674     7.013     3.631     0.6963      0.6963      0.6578      0.3482
83      A         B           83           TYR           93.34           461    374     99     7.674     7.013     3.631     0.8406      0.8406      0.8154      0.5502
84      A         B           84           TRP           94.47           461    374     99     7.674     7.013     3.631     0.8386      0.8386      0.8131      0.5468
85      A         B           85           ASP           89.79           461    374     99     7.674     7.013     3.631     0.8075      0.8075      0.7785      0.4938
86      A         B           86           ARG           88.18           461    374     99     7.674     7.013     3.631     0.8129      0.8129      0.7846      0.5047
87      A         B           87           ASN           92.81           461    374     99     7.674     7.013     3.631     0.8351      0.8351      0.8094      0.5435
88      A         B           88           THR           93.18           461    374     99     7.674     7.013     3.631     0.8487      0.8487      0.8247      0.5684
89      A         B           89           GLN           86.42           461    374     99     7.674     7.013     3.631     0.8039      0.8039      0.7747      0.4905
90      A         B           90           ILE           88.87           461    374     99     7.674     7.013     3.631     0.8547      0.8547      0.8315      0.5816
91      A         B           91           PHE           93.36           461    374     99     7.674     7.013     3.631     0.8595      0.8595      0.8369      0.5907
92      A         B           92           LYS           88.81           461    374     99     7.674     7.013     3.631     0.8480      0.8480      0.8239      0.5678
93      A         B           93           THR           84.95           461    374     99     7.674     7.013     3.631     0.8147      0.8147      0.7868      0.5102
94      A         B           94           ASN           91.02           461    374     99     7.674     7.013     3.631     0.8334      0.8334      0.8077      0.5445
95      A         B           95           THR           91.87           461    374     99     7.674     7.013     3.631     0.8387      0.8387      0.8137      0.5533
96      A         B           96           GLN           84.79           461    374     99     7.674     7.013     3.631     0.8193      0.8193      0.7919      0.5182
97      A         B           97           THR           87.31           461    374     99     7.674     7.013     3.631     0.8209      0.8209      0.7939      0.5241
98      A         B           98           TYR           92.23           461    374     99     7.674     7.013     3.631     0.8301      0.8301      0.8042      0.5405
99      A         B           99           ARG           88.46           461    374     99     7.674     7.013     3.631     0.8334      0.8334      0.8077      0.5450
100     A         B          100           GLU           85.08           461    374     99     7.674     7.013     3.631     0.7802      0.7802      0.7490      0.4599
101     A         B          101           ASN           89.99           461    374     99     7.674     7.013     3.631     0.8188      0.8188      0.7917      0.5232
102     A         B          102           LEU           92.19           461    374     99     7.674     7.013     3.631     0.8354      0.8354      0.8102      0.5514
103     A         B          103           ARG           86.16           461    374     99     7.674     7.013     3.631     0.7951      0.7951      0.7654      0.4831
104     A         B          104           ILE           86.48           461    374     99     7.674     7.013     3.631     0.7636      0.7636      0.7311      0.4394
105     A         B          105           ALA           91.78           461    374     99     7.674     7.013     3.631     0.7772      0.7772      0.7460      0.4600
106     A         B          106           LEU           90.22           461    374     99     7.674     7.013     3.631     0.7931      0.7931      0.7633      0.4819
107     A         B          107           ARG           85.48           461    374     99     7.674     7.013     3.631     0.7411      0.7411      0.7067      0.4098
108     A         B          108           TYR           88.09           461    374     99     7.674     7.013     3.631     0.7780      0.7780      0.7467      0.4594
109     A         B          109           TYR           91.89           461    374     99     7.674     7.013     3.631     0.7799      0.7799      0.7487      0.4610
110     A         B          110           ASN           90.08           461    374     99     7.674     7.013     3.631     0.6940      0.6940      0.6568      0.3589
111     A         B          111           GLN           91.45           461    374     99     7.674     7.013     3.631     0.7036      0.7036      0.6669      0.3680
112     A         B          112           SER           91.74           461    374     99     7.674     7.013     3.631     0.6463      0.6463      0.6064      0.3083
113     A         B          113           GLU           89.00           461    374     99     7.674     7.013     3.631     0.6207      0.6207      0.5797      0.2841
114     A         B          114           ALA           91.88           461    374     99     7.674     7.013     3.631     0.6125      0.6125      0.5716      0.2801
115     A         B          115           GLY           92.93           461    374     99     7.674     7.013     3.631     0.6745      0.6745      0.6369      0.3445
116     A         B          116           SER           95.22           461    374     99     7.674     7.013     3.631     0.7862      0.7862      0.7563      0.4799
117     A         B          117           HIS           96.40           461    374     99     7.674     7.013     3.631     0.8574      0.8574      0.8351      0.5987
118     A         B          118           THR           97.09           461    374     99     7.674     7.013     3.631     0.8454      0.8454      0.8217      0.5767
119     A         B          119           TRP           96.90           461    374     99     7.674     7.013     3.631     0.8751      0.8751      0.8550      0.6332
120     A         B          120           GLN           96.93           461    374     99     7.674     7.013     3.631     0.8797      0.8797      0.8602      0.6420
121     A         B          121           THR           96.91           461    374     99     7.674     7.013     3.631     0.8226      0.8226      0.7963      0.5367
122     A         B          122           MET           97.00           461    374     99     7.674     7.013     3.631     0.8026      0.8026      0.7742      0.5037
123     A         B          123           TYR           96.85           461    374     99     7.674     7.013     3.631     0.8584      0.8584      0.8360      0.5947
124     A         B          124           GLY           96.47           461    374     99     7.674     7.013     3.631     0.7406      0.7406      0.7065      0.4144
125     A         B          125           CYS           96.53           461    374     99     7.674     7.013     3.631     0.7570      0.7570      0.7236      0.4268
126     A         B          126           ASP           96.68           461    374     99     7.674     7.013     3.631     0.8088      0.8088      0.7803      0.5014
127     A         B          127           VAL           95.80           461    374     99     7.674     7.013     3.631     0.7700      0.7700      0.7376      0.4416
128     A         B          128           GLY           93.46           461    374     99     7.674     7.013     3.631     0.6077      0.6077      0.5654      0.2672
129     A         B          129           PRO           90.77           461    374     99     7.674     7.013     3.631     0.5840      0.5840      0.5410      0.2472
130     A         B          130           ASP           90.11           461    374     92     7.674     7.013     3.475     0.4688      0.4776      0.4339      0.1619
131     A         B          131           GLY           89.55           461    374     95     7.674     7.013     3.543     0.4927      0.4983      0.4546      0.1804
132     A         B          132           ARG           90.61           461    374     99     7.674     7.013     3.631     0.5732      0.5732      0.5302      0.2409
133     A         B          133           LEU           94.06           461    374     99     7.674     7.013     3.631     0.7277      0.7277      0.6915      0.3850
134     A         B          134           LEU           94.66           461    374     99     7.674     7.013     3.631     0.6967      0.6967      0.6586      0.3514
135     A         B          135           ARG           95.35           461    374     99     7.674     7.013     3.631     0.6536      0.6536      0.6136      0.3124
136     A         B          136           GLY           96.05           461    374     99     7.674     7.013     3.631     0.7015      0.7015      0.6645      0.3661
137     A         B          137           HIS           96.43           461    374     99     7.674     7.013     3.631     0.7902      0.7902      0.7602      0.4778
138     A         B          138           ASN           96.56           461    374     99     7.674     7.013     3.631     0.7642      0.7642      0.7321      0.4466
139     A         B          139           GLN           96.15           461    374     99     7.674     7.013     3.631     0.6675      0.6675      0.6299      0.3410
140     A         B          140           TYR           96.38           461    374     99     7.674     7.013     3.631     0.8216      0.8216      0.7954      0.5379
141     A         B          141           ALA           96.89           461    374     99     7.674     7.013     3.631     0.8371      0.8371      0.8124      0.5611
142     A         B          142           TYR           96.64           461    374     99     7.674     7.013     3.631     0.8859      0.8859      0.8672      0.6551
143     A         B          143           ASP           96.50           461    374     99     7.674     7.013     3.631     0.8553      0.8553      0.8328      0.5951
144     A         B          144           GLY           95.95           461    374     99     7.674     7.013     3.631     0.7881      0.7881      0.7589      0.4921
145     A         B          145           LYS           95.97           461    374     99     7.674     7.013     3.631     0.8124      0.8124      0.7853      0.5246
146     A         B          146           ASP           96.34           461    374     99     7.674     7.013     3.631     0.8497      0.8497      0.8263      0.5804
147     A         B          147           TYR           96.52           461    374     99     7.674     7.013     3.631     0.8662      0.8662      0.8449      0.6122
148     A         B          148           ILE           96.56           461    374     99     7.674     7.013     3.631     0.8292      0.8292      0.8035      0.5440
149     A         B          149           ALA           96.61           461    374     99     7.674     7.013     3.631     0.7980      0.7980      0.7688      0.4914
150     A         B          150           LEU           96.51           461    374     99     7.674     7.013     3.631     0.8196      0.8196      0.7925      0.5234
151     A         B          151           ASN           96.28           461    374     99     7.674     7.013     3.631     0.7811      0.7811      0.7499      0.4610
152     A         B          152           GLU           95.23           461    374     99     7.674     7.013     3.631     0.7097      0.7097      0.6727      0.3686
153     A         B          153           ASP           95.11           461    374     99     7.674     7.013     3.631     0.6452      0.6452      0.6048      0.3034
154     A         B          154           LEU           95.25           461    374     99     7.674     7.013     3.631     0.7126      0.7126      0.6757      0.3712
155     A         B          155           SER           94.31           461    374     99     7.674     7.013     3.631     0.5836      0.5836      0.5406      0.2475
156     A         B          156           SER           95.67           461    374     99     7.674     7.013     3.631     0.6995      0.6995      0.6620      0.3600
157     A         B          157           TRP           96.38           461    374     99     7.674     7.013     3.631     0.8038      0.8038      0.7750      0.4971
158     A         B          158           THR           96.29           461    374     99     7.674     7.013     3.631     0.7921      0.7921      0.7621      0.4793
159     A         B          159           ALA           95.72           461    374     99     7.674     7.013     3.631     0.7345      0.7345      0.6999      0.4044
160     A         B          160           ALA           94.88           461    374     99     7.674     7.013     3.631     0.6904      0.6904      0.6528      0.3533
161     A         B          161           ASP           93.88           461    374     99     7.674     7.013     3.631     0.6752      0.6752      0.6368      0.3383
162     A         B          162           THR           91.51           461    374     99     7.674     7.013     3.631     0.6850      0.6850      0.6470      0.3473
163     A         B          163           ALA           92.17           461    374     99     7.674     7.013     3.631     0.7588      0.7588      0.7259      0.4331
164     A         B          164           ALA           94.52           461    374     99     7.674     7.013     3.631     0.7810      0.7810      0.7501      0.4645
165     A         B          165           GLN           92.52           461    374     99     7.674     7.013     3.631     0.8074      0.8074      0.7789      0.5021
166     A         B          166           ILE           88.24           461    374     99     7.674     7.013     3.631     0.7971      0.7971      0.7676      0.4867
167     A         B          167           THR           91.31           461    374     99     7.674     7.013     3.631     0.8012      0.8012      0.7723      0.4945
168     A         B          168           GLN           93.14           461    374     99     7.674     7.013     3.631     0.8131      0.8131      0.7853      0.5120
169     A         B          169           ARG           87.18           461    374     99     7.674     7.013     3.631     0.7873      0.7873      0.7567      0.4706
170     A         B          170           LYS           84.44           461    374     99     7.674     7.013     3.631     0.7442      0.7442      0.7100      0.4123
171     A         B          171           TRP           87.90           461    374     99     7.674     7.013     3.631     0.7620      0.7620      0.7293      0.4364
172     A         B          172           GLU           87.58           461    374     99     7.674     7.013     3.631     0.7770      0.7770      0.7454      0.4550
173     A         B          173           ALA           81.26           461    374     99     7.674     7.013     3.631     0.6799      0.6799      0.6410      0.3362
174     A         B          174           ALA           78.98           461    374     99     7.674     7.013     3.631     0.6222      0.6222      0.5807      0.2809
175     A         B          175           ARG           81.51           461    374     99     7.674     7.013     3.631     0.6386      0.6386      0.5974      0.2941
176     A         B          176           GLU           88.06           461    374     99     7.674     7.013     3.631     0.6648      0.6648      0.6249      0.3187
177     A         B          177           ALA           91.55           461    374     99     7.674     7.013     3.631     0.7105      0.7105      0.6733      0.3673
178     A         B          178           GLU           86.67           461    374     99     7.674     7.013     3.631     0.7046      0.7046      0.6668      0.3593
179     A         B          179           GLN           85.42           461    374     99     7.674     7.013     3.631     0.7153      0.7153      0.6783      0.3712
180     A         B          180           LEU           91.28           461    374     99     7.674     7.013     3.631     0.7353      0.7353      0.6998      0.3949
181     A         B          181           ARG           92.94           461    374     99     7.674     7.013     3.631     0.7632      0.7632      0.7300      0.4317
182     A         B          182           ALA           89.06           461    374     99     7.674     7.013     3.631     0.7761      0.7761      0.7439      0.4470
183     A         B          183           TYR           92.18           461    374     99     7.674     7.013     3.631     0.8287      0.8287      0.8022      0.5314
184     A         B          184           LEU           94.63           461    374     99     7.674     7.013     3.631     0.8070      0.8070      0.7781      0.4955
185     A         B          185           GLU           92.22           461    374     99     7.674     7.013     3.631     0.7500      0.7500      0.7156      0.4132
186     A         B          186           GLY           89.82           461    374     99     7.674     7.013     3.631     0.5982      0.5982      0.5556      0.2590
187     A         B          187           LEU           90.74           461    374     99     7.674     7.013     3.631     0.7588      0.7588      0.7251      0.4237
188     A         B          188           CYS           94.65           461    374     99     7.674     7.013     3.631     0.8236      0.8236      0.7965      0.5219
189     A         B          189           VAL           95.06           461    374     99     7.674     7.013     3.631     0.7874      0.7874      0.7564      0.4639
190     A         B          190           GLU           92.73           461    374     99     7.674     7.013     3.631     0.7786      0.7786      0.7467      0.4494
191     A         B          191           TRP           94.58           461    374     99     7.674     7.013     3.631     0.8383      0.8383      0.8129      0.5463
192     A         B          192           LEU           95.59           461    374     99     7.674     7.013     3.631     0.8495      0.8495      0.8254      0.5677
193     A         B          193           ARG           94.30           461    374     99     7.674     7.013     3.631     0.8165      0.8165      0.7884      0.5075
194     A         B          194           ARG           94.48           461    374     99     7.674     7.013     3.631     0.8374      0.8374      0.8118      0.5434
195     A         B          195           HIS           95.66           461    374     99     7.674     7.013     3.631     0.8526      0.8526      0.8289      0.5719
196     A         B          196           LEU           94.96           461    374     99     7.674     7.013     3.631     0.8416      0.8416      0.8164      0.5507
197     A         B          197           GLU           93.13           461    374     99     7.674     7.013     3.631     0.7577      0.7577      0.7238      0.4204
198     A         B          198           ASN           94.67           461    374     99     7.674     7.013     3.631     0.7643      0.7643      0.7308      0.4276
199     A         B          199           GLY           94.08           461    374     99     7.674     7.013     3.631     0.6542      0.6542      0.6132      0.3040
200     A         B          200           LYS           92.95           461    374     99     7.674     7.013     3.631     0.6426      0.6426      0.6012      0.2941
201     A         B          201           GLU           92.78           461    374     99     7.674     7.013     3.631     0.6606      0.6606      0.6200      0.3108
202     A         B          202           THR           93.20           461    374     99     7.674     7.013     3.631     0.6965      0.6965      0.6580      0.3478
203     A         B          203           LEU           94.08           461    374     99     7.674     7.013     3.631     0.7938      0.7938      0.7633      0.4709
204     A         B          204           GLN           92.41           461    374     99     7.674     7.013     3.631     0.7336      0.7336      0.6978      0.3901
205     A         B          205           ARG           92.59           461    374     99     7.674     7.013     3.631     0.7080      0.7080      0.6702      0.3601
206     A         B          206           ALA           93.29           461    374     99     7.674     7.013     3.631     0.7414      0.7414      0.7062      0.4003
207     A         B          207           ASP           94.96           461    374     99     7.674     7.013     3.631     0.7893      0.7893      0.7585      0.4661
208     A         B          208           PRO           95.39           461    374     99     7.674     7.013     3.631     0.7590      0.7590      0.7253      0.4236
209     A         B          209           PRO           95.79           461    374     99     7.674     7.013     3.631     0.7796      0.7796      0.7480      0.4541
210     A         B          210           LYS           95.18           461    374     99     7.674     7.013     3.631     0.8145      0.8145      0.7863      0.5064
211     A         B          211           THR           94.52           461    374     99     7.674     7.013     3.631     0.7969      0.7969      0.7670      0.4789
212     A         B          212           HIS           93.32           461    374     99     7.674     7.013     3.631     0.8080      0.8080      0.7792      0.4956
213     A         B          213           VAL           93.72           461    374     99     7.674     7.013     3.631     0.8054      0.8054      0.7762      0.4905
214     A         B          214           THR           93.03           461    374     99     7.674     7.013     3.631     0.7885      0.7885      0.7576      0.4651
215     A         B          215           HIS           91.72           461    374     99     7.674     7.013     3.631     0.7424      0.7424      0.7074      0.4034
216     A         B          216           HIS           91.89           461    374     99     7.674     7.013     3.631     0.7166      0.7166      0.6798      0.3731
217     A         B          217           PRO           91.30           461    374     99     7.674     7.013     3.631     0.6081      0.6081      0.5663      0.2707
218     A         B          218           VAL           90.73           461    374     99     7.674     7.013     3.631     0.5203      0.5203      0.4768      0.2030
219     A         B          219           SER           90.50           461    374     94     7.674     7.013     3.521     0.4735      0.4793      0.4358      0.1677
220     A         B          220           ASP           91.35           461    374     58     7.674     7.013     2.544     0.4031      0.4520      0.4087      0.0857
221     A         B          221           HIS           92.69           461    374     28     7.674     7.013     1.116     0.3462      0.4293      0.3863      0.0160
222     A         B          222           GLU           91.52           461    374     99     7.674     7.013     3.631     0.5326      0.5326      0.4889      0.2100
223     A         B          223           ALA           91.77           461    374     99     7.674     7.013     3.631     0.6785      0.6785      0.6391      0.3304
224     A         B          224           THR           93.24           461    374     99     7.674     7.013     3.631     0.7660      0.7660      0.7328      0.4310
225     A         B          225           LEU           93.28           461    374     99     7.674     7.013     3.631     0.8033      0.8033      0.7739      0.4869
226     A         B          226           ARG           94.85           461    374     99     7.674     7.013     3.631     0.8147      0.8147      0.7866      0.5063
227     A         B          227           CYS           94.99           461    374     99     7.674     7.013     3.631     0.8465      0.8465      0.8220      0.5618
228     A         B          228           TRP           95.61           461    374     99     7.674     7.013     3.631     0.8654      0.8654      0.8434      0.6000
229     A         B          229           ALA           95.59           461    374     99     7.674     7.013     3.631     0.8627      0.8627      0.8404      0.5947
230     A         B          230           LEU           95.55           461    374     99     7.674     7.013     3.631     0.8585      0.8585      0.8357      0.5869
231     A         B          231           GLY           95.20           461    374     99     7.674     7.013     3.631     0.8185      0.8185      0.7910      0.5162
232     A         B          232           PHE           96.12           461    374     99     7.674     7.013     3.631     0.8815      0.8815      0.8617      0.6327
233     A         B          233           TYR           95.58           461    374     99     7.674     7.013     3.631     0.8536      0.8536      0.8300      0.5749
234     A         B          234           PRO           94.37           461    374     99     7.674     7.013     3.631     0.7920      0.7920      0.7616      0.4725
235     A         B          235           ALA           95.45           461    374     99     7.674     7.013     3.631     0.8109      0.8109      0.7825      0.5015
236     A         B          236           GLU           94.61           461    374     99     7.674     7.013     3.631     0.8318      0.8318      0.8056      0.5355
237     A         B          237           ILE           95.71           461    374     99     7.674     7.013     3.631     0.8311      0.8311      0.8048      0.5333
238     A         B          238           THR           94.89           461    374     99     7.674     7.013     3.631     0.7801      0.7801      0.7483      0.4522
239     A         B          239           LEU           94.10           461    374     99     7.674     7.013     3.631     0.6958      0.6958      0.6575      0.3491
240     A         B          240           THR           93.79           461    374     99     7.674     7.013     3.631     0.7340      0.7340      0.6982      0.3912
241     A         B          241           TRP           94.34           461    374     99     7.674     7.013     3.631     0.7847      0.7847      0.7532      0.4569
242     A         B          242           GLN           93.29           461    374     99     7.674     7.013     3.631     0.7052      0.7052      0.6672      0.3558
243     A         B          243           ARG           91.71           461    374     99     7.674     7.013     3.631     0.6050      0.6050      0.5620      0.2600
244     A         B          244           ASP           90.39           461    374     99     7.674     7.013     3.631     0.4805      0.4805      0.4365      0.1743
245     A         B          245           GLY           88.39           461    374     57     7.674     7.013     2.510     0.3965      0.4359      0.3926      0.0773
246     A         B          246           GLU           90.22           461    374     84     7.674     7.013     3.286     0.4360      0.4502      0.4066      0.1323
247     A         B          247           ASP           89.79           461    374     99     7.674     7.013     3.631     0.4903      0.4903      0.4460      0.1794
248     A         B          248           GLN           88.18           461    374     86     7.674     7.013     3.335     0.4469      0.4600      0.4162      0.1406
249     A         B          249           THR           86.92           461    374     25     7.674     7.013     1.000     0.3381      0.4129      0.3702      0.0119
250     A         B          250           GLN           83.34           461    374      8     7.674     7.013     1.000     0.2860      0.4039      0.3614      0.0114
251     A         B          251           ASP           85.95           461    374     46     7.674     7.013     2.095     0.3867      0.4603      0.4166      0.0611
252     A         B          252           THR           89.90           461    374     99     7.674     7.013     3.631     0.6455      0.6455      0.6047      0.3000
253     A         B          253           GLU           92.31           461    374     99     7.674     7.013     3.631     0.7458      0.7458      0.7111      0.4081
254     A         B          254           LEU           93.63           461    374     99     7.674     7.013     3.631     0.7909      0.7909      0.7605      0.4725
255     A         B          255           VAL           94.09           461    374     99     7.674     7.013     3.631     0.8307      0.8307      0.8046      0.5376
256     A         B          256           GLU           94.48           461    374     99     7.674     7.013     3.631     0.8411      0.8411      0.8162      0.5553
257     A         B          257           THR           96.01           461    374     99     7.674     7.013     3.631     0.9019      0.9019      0.8851      0.6819
258     A         B          258           ARG           96.47           461    374     99     7.674     7.013     3.631     0.8883      0.8883      0.8696      0.6516
259     A         B          259           PRO           96.49           461    374     99     7.674     7.013     3.631     0.8989      0.8989      0.8817      0.6761
260     A         B          260           ALA           95.04           461    374     99     7.674     7.013     3.631     0.8781      0.8781      0.8580      0.6297
261     A         B          261           GLY           93.59           461    374     99     7.674     7.013     3.631     0.8253      0.8253      0.7988      0.5310
262     A         B          262           ASP           92.63           461    374     99     7.674     7.013     3.631     0.7974      0.7974      0.7678      0.4845
263     A         B          263           ARG           92.66           461    374     99     7.674     7.013     3.631     0.7897      0.7897      0.7594      0.4736
264     A         B          264           THR           94.55           461    374     99     7.674     7.013     3.631     0.8685      0.8685      0.8470      0.6068
265     A         B          265           PHE           96.48           461    374     99     7.674     7.013     3.631     0.9148      0.9148      0.8998      0.7126
266     A         B          266           GLN           96.65           461    374     99     7.674     7.013     3.631     0.8832      0.8832      0.8637      0.6384
267     A         B          267           LYS           96.45           461    374     99     7.674     7.013     3.631     0.8811      0.8811      0.8613      0.6330
268     A         B          268           TRP           95.49           461    374     99     7.674     7.013     3.631     0.8720      0.8720      0.8509      0.6131
269     A         B          269           ALA           95.04           461    374     99     7.674     7.013     3.631     0.8439      0.8439      0.8191      0.5570
270     A         B          270           ALA           94.68           461    374     99     7.674     7.013     3.631     0.8050      0.8050      0.7758      0.4901
271     A         B          271           VAL           93.67           461    374     99     7.674     7.013     3.631     0.7558      0.7558      0.7217      0.4175
272     A         B          272           VAL           93.00           461    374     99     7.674     7.013     3.631     0.7714      0.7714      0.7386      0.4376
273     A         B          273           VAL           92.75           461    374     99     7.674     7.013     3.631     0.7126      0.7126      0.6750      0.3639
274     A         B          274           PRO           91.66           461    374     99     7.674     7.013     3.631     0.5974      0.5974      0.5542      0.2544
275     A         B          275           SER           90.08           461    374     99     7.674     7.013     3.631     0.5012      0.5012      0.4570      0.1872
276     A         B          276           GLY           89.16           461    374     51     7.674     7.013     2.294     0.3893      0.4364      0.3932      0.0660
277     A         B          277           GLU           89.58           461    374     99     7.674     7.013     3.631     0.4739      0.4739      0.4300      0.1708
278     A         B          278           GLU           89.02           461    374     99     7.674     7.013     3.631     0.5481      0.5481      0.5040      0.2179
279     A         B          279           GLN           90.78           461    374     99     7.674     7.013     3.631     0.5840      0.5840      0.5405      0.2444
280     A         B          280           ARG           91.18           461    374     99     7.674     7.013     3.631     0.6050      0.6050      0.5619      0.2600
281     A         B          281           TYR           92.75           461    374     99     7.674     7.013     3.631     0.7252      0.7252      0.6886      0.3782
282     A         B          282           THR           93.81           461    374     99     7.674     7.013     3.631     0.7151      0.7151      0.6778      0.3670
283     A         B          283           CYS           94.08           461    374     99     7.674     7.013     3.631     0.7687      0.7687      0.7357      0.4340
284     A         B          284           HIS           94.59           461    374     99     7.674     7.013     3.631     0.7692      0.7692      0.7363      0.4353
285     A         B          285           VAL           95.51           461    374     99     7.674     7.013     3.631     0.7941      0.7941      0.7636      0.4714
286     A         B          286           GLN           95.50           461    374     99     7.674     7.013     3.631     0.7585      0.7585      0.7246      0.4210
287     A         B          287           HIS           95.09           461    374     99     7.674     7.013     3.631     0.7735      0.7735      0.7410      0.4409
288     A         B          288           GLU           92.81           461    374     99     7.674     7.013     3.631     0.6324      0.6324      0.5906      0.2846
289     A         B          289           GLY           92.32           461    374     99     7.674     7.013     3.631     0.6404      0.6404      0.5989      0.2917
290     A         B          290           LEU           93.31           461    374     99     7.674     7.013     3.631     0.7060      0.7060      0.6681      0.3571
291     A         B          291           PRO           92.39           461    374     99     7.674     7.013     3.631     0.6022      0.6022      0.5595      0.2603
292     A         B          292           LYS           93.81           461    374     99     7.674     7.013     3.631     0.5384      0.5384      0.4942      0.2110
293     A         B          293           PRO           93.05           461    374     99     7.674     7.013     3.631     0.6171      0.6171      0.5746      0.2708
294     A         B          294           LEU           93.47           461    374     99     7.674     7.013     3.631     0.6463      0.6463      0.6050      0.2965
295     A         B          295           THR           93.59           461    374     99     7.674     7.013     3.631     0.6775      0.6775      0.6377      0.3261
296     A         B          296           LEU           92.75           461    374     99     7.674     7.013     3.631     0.6135      0.6135      0.5710      0.2689
297     A         B          297           ARG           91.07           461    374     99     7.674     7.013     3.631     0.5700      0.5700      0.5264      0.2345
298     A         B          298           TRP           90.10           461    374     99     7.674     7.013     3.631     0.4912      0.4912      0.4472      0.1816
299     A         B          299           GLU           84.86           461    374      4     7.674     7.013     1.000     0.2600      0.4031      0.3607      0.0114
300     A         B          300           PRO           78.25           461    374      0     7.674     7.013     1.000     0.1851      0.0000      0.0000      0.0000
301     A         B          301           SER           67.19           461    374      0     7.674     7.013     1.000     0.0950      0.0000      0.0000      0.0000
302     A         B          302           SER           49.91           461    374      0     7.674     7.013     1.000     0.0794      0.0000      0.0000      0.0000
303     A         B          303           GLN           36.71           461    374      0     7.674     7.013     1.000     0.0701      0.0000      0.0000      0.0000
304     A         B          304           SER           35.68           461    374      0     7.674     7.013     1.000     0.0672      0.0000      0.0000      0.0000
305     A         B          305           THR           29.92           461    374      0     7.674     7.013     1.000     0.0655      0.0000      0.0000      0.0000
306     A         B          306           ILE           34.49           461    374      0     7.674     7.013     1.000     0.0641      0.0000      0.0000      0.0000
307     A         B          307           PRO           31.28           461    374      0     7.674     7.013     1.000     0.0637      0.0000      0.0000      0.0000
308     A         B          308           ILE           33.20           461    374      0     7.674     7.013     1.000     0.0638      0.0000      0.0000      0.0000
309     A         B          309           VAL           32.68           461    374      0     7.674     7.013     1.000     0.0627      0.0000      0.0000      0.0000
310     A         B          310           GLY           33.30           461    374      0     7.674     7.013     1.000     0.0617      0.0000      0.0000      0.0000
311     A         B          311           ILE           34.50           461    374      0     7.674     7.013     1.000     0.0630      0.0000      0.0000      0.0000
312     A         B          312           VAL           35.36           461    374      0     7.674     7.013     1.000     0.0629      0.0000      0.0000      0.0000
313     A         B          313           ALA           36.84           461    374      0     7.674     7.013     1.000     0.0614      0.0000      0.0000      0.0000
314     A         B          314           GLY           37.49           461    374      0     7.674     7.013     1.000     0.0609      0.0000      0.0000      0.0000
315     A         B          315           LEU           36.34           461    374      0     7.674     7.013     1.000     0.0614      0.0000      0.0000      0.0000
316     A         B          316           ALA           35.12           461    374      0     7.674     7.013     1.000     0.0600      0.0000      0.0000      0.0000
317     A         B          317           VAL           37.12           461    374      0     7.674     7.013     1.000     0.0598      0.0000      0.0000      0.0000
318     A         B          318           LEU           36.68           461    374      0     7.674     7.013     1.000     0.0597      0.0000      0.0000      0.0000
319     A         B          319           ALA           35.13           461    374      0     7.674     7.013     1.000     0.0590      0.0000      0.0000      0.0000
320     A         B          320           VAL           36.39           461    374      0     7.674     7.013     1.000     0.0586      0.0000      0.0000      0.0000
321     A         B          321           VAL           38.60           461    374      0     7.674     7.013     1.000     0.0586      0.0000      0.0000      0.0000
322     A         B          322           VAL           36.09           461    374      0     7.674     7.013     1.000     0.0583      0.0000      0.0000      0.0000
323     A         B          323           ILE           31.67           461    374      0     7.674     7.013     1.000     0.0577      0.0000      0.0000      0.0000
324     A         B          324           GLY           37.44           461    374      0     7.674     7.013     1.000     0.0573      0.0000      0.0000      0.0000
325     A         B          325           ALA           38.61           461    374      0     7.674     7.013     1.000     0.0570      0.0000      0.0000      0.0000
326     A         B          326           VAL           33.12           461    374      0     7.674     7.013     1.000     0.0570      0.0000      0.0000      0.0000
327     A         B          327           VAL           33.75           461    374      0     7.674     7.013     1.000     0.0566      0.0000      0.0000      0.0000
328     A         B          328           ALA           40.78           461    374      0     7.674     7.013     1.000     0.0564      0.0000      0.0000      0.0000
329     A         B          329           THR           38.57           461    374      0     7.674     7.013     1.000     0.0563      0.0000      0.0000      0.0000
330     A         B          330           VAL           36.56           461    374      0     7.674     7.013     1.000     0.0560      0.0000      0.0000      0.0000
331     A         B          331           MET           36.93           461    374      0     7.674     7.013     1.000     0.0559      0.0000      0.0000      0.0000
332     A         B          332           CYS           39.64           461    374      0     7.674     7.013     1.000     0.0557      0.0000      0.0000      0.0000
333     A         B          333           ARG           35.03           461    374      0     7.674     7.013     1.000     0.0559      0.0000      0.0000      0.0000
334     A         B          334           ARG           35.04           461    374      0     7.674     7.013     1.000     0.0558      0.0000      0.0000      0.0000
335     A         B          335           LYS           33.03           461    374      0     7.674     7.013     1.000     0.0556      0.0000      0.0000      0.0000
336     A         B          336           SER           30.20           461    374      0     7.674     7.013     1.000     0.0555      0.0000      0.0000      0.0000
337     A         B          337           SER           28.32           461    374      0     7.674     7.013     1.000     0.0555      0.0000      0.0000      0.0000
338     A         B          338           GLY           27.33           461    374      0     7.674     7.013     1.000     0.0555      0.0000      0.0000      0.0000
339     A         B          339           GLY           25.65           461    374      0     7.674     7.013     1.000     0.0554      0.0000      0.0000      0.0000
340     A         B          340           LYS           25.85           461    374      0     7.674     7.013     1.000     0.0554      0.0000      0.0000      0.0000
341     A         B          341           GLY           26.81           461    374      0     7.674     7.013     1.000     0.0554      0.0000      0.0000      0.0000
342     A         B          342           GLY           26.51           461    374      0     7.674     7.013     1.000     0.0554      0.0000      0.0000      0.0000
343     A         B          343           SER           24.76           461    374      0     7.674     7.013     1.000     0.0554      0.0000      0.0000      0.0000
344     A         B          344           TYR           24.90           461    374      0     7.674     7.013     1.000     0.0555      0.0000      0.0000      0.0000
345     A         B          345           SER           24.10           461    374      0     7.674     7.013     1.000     0.0555      0.0000      0.0000      0.0000
346     A         B          346           GLN           23.71           461    374      0     7.674     7.013     1.000     0.0556      0.0000      0.0000      0.0000
347     A         B          347           ALA           26.26           461    374      0     7.674     7.013     1.000     0.0555      0.0000      0.0000      0.0000
348     A         B          348           ALA           25.34           461    374      0     7.674     7.013     1.000     0.0556      0.0000      0.0000      0.0000
349     A         B          349           SER           22.76           461    374      0     7.674     7.013     1.000     0.0556      0.0000      0.0000      0.0000
350     A         B          350           SER           24.13           461    374      0     7.674     7.013     1.000     0.0555      0.0000      0.0000      0.0000
351     A         B          351           ASP           28.01           461    374      0     7.674     7.013     1.000     0.0556      0.0000      0.0000      0.0000
352     A         B          352           SER           23.39           461    374      0     7.674     7.013     1.000     0.0555      0.0000      0.0000      0.0000
353     A         B          353           ALA           23.25           461    374      0     7.674     7.013     1.000     0.0555      0.0000      0.0000      0.0000
354     A         B          354           GLN           23.05           461    374      0     7.674     7.013     1.000     0.0556      0.0000      0.0000      0.0000
355     A         B          355           GLY           23.37           461    374      0     7.674     7.013     1.000     0.0554      0.0000      0.0000      0.0000
356     A         B          356           SER           22.92           461    374      0     7.674     7.013     1.000     0.0555      0.0000      0.0000      0.0000
357     A         B          357           ASP           23.62           461    374      0     7.674     7.013     1.000     0.0555      0.0000      0.0000      0.0000
358     A         B          358           VAL           20.38           461    374      0     7.674     7.013     1.000     0.0555      0.0000      0.0000      0.0000
359     A         B          359           SER           17.79           461    374      0     7.674     7.013     1.000     0.0555      0.0000      0.0000      0.0000
360     A         B          360           LEU           18.04           461    374      0     7.674     7.013     1.000     0.0555      0.0000      0.0000      0.0000
361     A         B          361           THR           19.43           461    374      0     7.674     7.013     1.000     0.0555      0.0000      0.0000      0.0000
362     A         B          362           ALA           12.93           461    374      0     7.674     7.013     1.000     0.0555      0.0000      0.0000      0.0000
1       A         C            1           MET           19.92           371    263      0     6.988     5.991     1.000     0.0468      0.0000      0.0000      0.0000
2       A         C            2           ARG           25.98           371    263      0     6.988     5.991     1.000     0.0469      0.0000      0.0000      0.0000
3       A         C            3           VAL           27.14           371    263      0     6.988     5.991     1.000     0.0470      0.0000      0.0000      0.0000
4       A         C            4           THR           28.20           371    263      0     6.988     5.991     1.000     0.0471      0.0000      0.0000      0.0000
5       A         C            5           ALA           31.12           371    263      0     6.988     5.991     1.000     0.0473      0.0000      0.0000      0.0000
6       A         C            6           PRO           31.54           371    263      0     6.988     5.991     1.000     0.0474      0.0000      0.0000      0.0000
7       A         C            7           ARG           30.03           371    263      0     6.988     5.991     1.000     0.0477      0.0000      0.0000      0.0000
8       A         C            8           THR           30.35           371    263      0     6.988     5.991     1.000     0.0482      0.0000      0.0000      0.0000
9       A         C            9           VAL           28.37           371    263      0     6.988     5.991     1.000     0.0492      0.0000      0.0000      0.0000
10      A         C           10           LEU           29.04           371    263      0     6.988     5.991     1.000     0.0496      0.0000      0.0000      0.0000
11      A         C           11           LEU           27.96           371    263      0     6.988     5.991     1.000     0.0502      0.0000      0.0000      0.0000
12      A         C           12           LEU           30.79           371    263      0     6.988     5.991     1.000     0.0507      0.0000      0.0000      0.0000
13      A         C           13           LEU           32.02           371    263      0     6.988     5.991     1.000     0.0519      0.0000      0.0000      0.0000
14      A         C           14           TRP           31.99           371    263      0     6.988     5.991     1.000     0.0533      0.0000      0.0000      0.0000
15      A         C           15           GLY           31.14           371    263      0     6.988     5.991     1.000     0.0539      0.0000      0.0000      0.0000
16      A         C           16           ALA           35.44           371    263      0     6.988     5.991     1.000     0.0557      0.0000      0.0000      0.0000
17      A         C           17           VAL           34.81           371    263      0     6.988     5.991     1.000     0.0577      0.0000      0.0000      0.0000
18      A         C           18           ALA           39.84           371    263      0     6.988     5.991     1.000     0.0585      0.0000      0.0000      0.0000
19      A         C           19           LEU           42.79           371    263      0     6.988     5.991     1.000     0.0592      0.0000      0.0000      0.0000
20      A         C           20           THR           44.38           371    263      0     6.988     5.991     1.000     0.0637      0.0000      0.0000      0.0000
21      A         C           21           GLU           53.26           371    263      0     6.988     5.991     1.000     0.0673      0.0000      0.0000      0.0000
22      A         C           22           THR           65.11           371    263      0     6.988     5.991     1.000     0.0890      0.0000      0.0000      0.0000
23      A         C           23           TRP           71.74           371    263      0     6.988     5.991     1.000     0.1421      0.0000      0.0000      0.0000
24      A         C           24           ALA           67.35           371    263      0     6.988     5.991     1.000     0.1359      0.0000      0.0000      0.0000
25      A         C           25           GLY           83.52           371    263      1     6.988     5.991     1.000     0.2664      0.3371      0.2720      0.0103
26      A         C           26           SER           91.83           371    263      9     6.988     5.991     1.000     0.5959      0.5959      0.5223      0.0312
27      A         C           27           HIS           95.17           371    263      9     6.988     5.991     1.000     0.7591      0.7591      0.7002      0.0667
28      A         C           28           SER           96.33           371    263      9     6.988     5.991     1.000     0.7651      0.7651      0.7074      0.0703
29      A         C           29           MET           97.10           371    263      9     6.988     5.991     1.000     0.8221      0.8221      0.7738      0.0956
30      A         C           30           ARG           97.15           371    263      9     6.988     5.991     1.000     0.8240      0.8240      0.7760      0.0971
31      A         C           31           TYR           97.08           371    263      9     6.988     5.991     1.000     0.8494      0.8494      0.8071      0.1194
32      A         C           32           PHE           97.57           371    263      9     6.988     5.991     1.000     0.8474      0.8474      0.8042      0.1126
33      A         C           33           TYR           97.31           371    263      9     6.988     5.991     1.000     0.8521      0.8521      0.8099      0.1168
34      A         C           34           THR           97.44           371    263      9     6.988     5.991     1.000     0.8311      0.8311      0.7844      0.1002
35      A         C           35           ALA           96.95           371    263      9     6.988     5.991     1.000     0.8160      0.8160      0.7658      0.0869
36      A         C           36           MET           96.66           371    263      9     6.988     5.991     1.000     0.7532      0.7532      0.6919      0.0597
37      A         C           37           SER           96.00           371    263      9     6.988     5.991     1.000     0.7429      0.7429      0.6800      0.0564
38      A         C           38           ARG           94.11           371    263      9     6.988     5.991     1.000     0.6695      0.6695      0.5984      0.0400
39      A         C           39           PRO           92.98           371    263      9     6.988     5.991     1.000     0.5513      0.5513      0.4746      0.0247
40      A         C           40           GLY           91.21           371    263      9     6.988     5.991     1.000     0.4173      0.4173      0.3452      0.0146
41      A         C           41           ARG           91.64           371    263      9     6.988     5.991     1.000     0.4789      0.4789      0.4032      0.0186
42      A         C           42           GLY           90.42           371    263      9     6.988     5.991     1.000     0.5097      0.5097      0.4333      0.0210
43      A         C           43           GLU           90.79           371    263      9     6.988     5.991     1.000     0.6796      0.6796      0.6094      0.0419
44      A         C           44           PRO           94.65           371    263      9     6.988     5.991     1.000     0.7758      0.7758      0.7180      0.0671
45      A         C           45           ARG           96.44           371    263      9     6.988     5.991     1.000     0.7989      0.7989      0.7455      0.0786
46      A         C           46           PHE           96.71           371    263      9     6.988     5.991     1.000     0.8331      0.8331      0.7868      0.1012
47      A         C           47           ILE           97.37           371    263      9     6.988     5.991     1.000     0.8290      0.8290      0.7820      0.0995
48      A         C           48           ALA           97.34           371    263      9     6.988     5.991     1.000     0.8218      0.8218      0.7729      0.0915
49      A         C           49           VAL           97.48           371    263      9     6.988     5.991     1.000     0.8182      0.8182      0.7691      0.0931
50      A         C           50           GLY           97.27           371    263      9     6.988     5.991     1.000     0.7917      0.7917      0.7374      0.0772
51      A         C           51           TYR           97.13           371    263      9     6.988     5.991     1.000     0.8222      0.8222      0.7738      0.0951
52      A         C           52           VAL           97.18           371    263      9     6.988     5.991     1.000     0.8042      0.8042      0.7526      0.0862
53      A         C           53           ASP           95.21           371    263      9     6.988     5.991     1.000     0.7551      0.7551      0.6959      0.0660
54      A         C           54           ASP           95.10           371    263      9     6.988     5.991     1.000     0.7270      0.7270      0.6640      0.0571
55      A         C           55           THR           96.06           371    263      9     6.988     5.991     1.000     0.7752      0.7752      0.7190      0.0736
56      A         C           56           GLN           97.11           371    263      9     6.988     5.991     1.000     0.7882      0.7882      0.7340      0.0789
57      A         C           57           PHE           97.20           371    263      9     6.988     5.991     1.000     0.8075      0.8075      0.7573      0.0929
58      A         C           58           VAL           96.98           371    263      9     6.988     5.991     1.000     0.7903      0.7903      0.7364      0.0793
59      A         C           59           ARG           97.07           371    263      9     6.988     5.991     1.000     0.7824      0.7824      0.7270      0.0749
60      A         C           60           PHE           97.20           371    263      9     6.988     5.991     1.000     0.8193      0.8193      0.7704      0.0929
61      A         C           61           ASP           96.79           371    263      9     6.988     5.991     1.000     0.7976      0.7976      0.7444      0.0804
62      A         C           62           SER           95.58           371    263      9     6.988     5.991     1.000     0.7634      0.7634      0.7040      0.0644
63      A         C           63           ASP           94.14           371    263      9     6.988     5.991     1.000     0.6972      0.6972      0.6292      0.0461
64      A         C           64           ALA           92.77           371    263      9     6.988     5.991     1.000     0.5798      0.5798      0.5038      0.0277
65      A         C           65           ALA           90.96           371    263      9     6.988     5.991     1.000     0.4556      0.4556      0.3817      0.0173
66      A         C           66           SER           91.03           371    263      9     6.988     5.991     1.000     0.5186      0.5186      0.4438      0.0227
67      A         C           67           PRO           93.27           371    263      9     6.988     5.991     1.000     0.6279      0.6279      0.5557      0.0356
68      A         C           68           ARG           94.43           371    263      9     6.988     5.991     1.000     0.7346      0.7346      0.6729      0.0598
69      A         C           69           THR           96.32           371    263      9     6.988     5.991     1.000     0.7885      0.7885      0.7340      0.0767
70      A         C           70           GLU           95.93           371    263      9     6.988     5.991     1.000     0.7674      0.7674      0.7094      0.0683
71      A         C           71           PRO           96.45           371    263      9     6.988     5.991     1.000     0.7542      0.7542      0.6947      0.0651
72      A         C           72           ARG           95.25           371    263      9     6.988     5.991     1.000     0.7501      0.7501      0.6898      0.0633
73      A         C           73           ALA           94.71           371    263      9     6.988     5.991     1.000     0.7179      0.7179      0.6535      0.0541
74      A         C           74           PRO           94.26           371    263      9     6.988     5.991     1.000     0.6702      0.6702      0.6017      0.0442
75      A         C           75           TRP           95.50           371    263      9     6.988     5.991     1.000     0.7513      0.7513      0.6917      0.0653
76      A         C           76           ILE           96.62           371    263      9     6.988     5.991     1.000     0.7443      0.7443      0.6844      0.0648
77      A         C           77           GLU           94.51           371    263      9     6.988     5.991     1.000     0.7124      0.7124      0.6482      0.0542
78      A         C           78           GLN           93.25           371    263      9     6.988     5.991     1.000     0.6156      0.6156      0.5447      0.0361
79      A         C           79           GLU           93.61           371    263      9     6.988     5.991     1.000     0.6757      0.6757      0.6088      0.0471
80      A         C           80           GLY           91.93           371    263      9     6.988     5.991     1.000     0.6285      0.6285      0.5582      0.0379
81      A         C           81           PRO           92.04           371    263      9     6.988     5.991     1.000     0.7355      0.7355      0.6737      0.0596
82      A         C           82           GLU           88.51           371    263      9     6.988     5.991     1.000     0.7813      0.7813      0.7267      0.0780
83      A         C           83           TYR           93.34           371    263      9     6.988     5.991     1.000     0.8285      0.8285      0.7820      0.1033
84      A         C           84           TRP           94.47           371    263      9     6.988     5.991     1.000     0.8250      0.8250      0.7776      0.0985
85      A         C           85           ASP           89.79           371    263      9     6.988     5.991     1.000     0.8289      0.8289      0.7823      0.1009
86      A         C           86           ARG           88.18           371    263      9     6.988     5.991     1.000     0.8432      0.8432      0.7996      0.1121
87      A         C           87           ASN           92.81           371    263      9     6.988     5.991     1.000     0.8515      0.8515      0.8096      0.1198
88      A         C           88           THR           93.18           371    263      9     6.988     5.991     1.000     0.8389      0.8389      0.7941      0.1054
89      A         C           89           GLN           86.42           371    263      9     6.988     5.991     1.000     0.8431      0.8431      0.7989      0.1065
90      A         C           90           ILE           88.87           371    263      9     6.988     5.991     1.000     0.8707      0.8707      0.8327      0.1350
91      A         C           91           PHE           93.36           371    263      9     6.988     5.991     1.000     0.8626      0.8626      0.8227      0.1254
92      A         C           92           LYS           88.81           371    263      9     6.988     5.991     1.000     0.8623      0.8623      0.8221      0.1210
93      A         C           93           THR           84.95           371    263      9     6.988     5.991     1.000     0.8486      0.8486      0.8051      0.1063
94      A         C           94           ASN           91.02           371    263      9     6.988     5.991     1.000     0.8636      0.8636      0.8235      0.1200
95      A         C           95           THR           91.87           371    263      9     6.988     5.991     1.000     0.8486      0.8486      0.8050      0.1066
96      A         C           96           GLN           84.79           371    263      9     6.988     5.991     1.000     0.8478      0.8478      0.8040      0.1049
97      A         C           97           THR           87.31           371    263      9     6.988     5.991     1.000     0.8500      0.8500      0.8065      0.1050
98      A         C           98           TYR           92.23           371    263      9     6.988     5.991     1.000     0.8449      0.8449      0.8004      0.1027
99      A         C           99           ARG           88.46           371    263      9     6.988     5.991     1.000     0.8412      0.8412      0.7958      0.0995
100     A         C          100           GLU           85.08           371    263      9     6.988     5.991     1.000     0.8256      0.8256      0.7768      0.0888
101     A         C          101           ASN           89.99           371    263      9     6.988     5.991     1.000     0.8479      0.8479      0.8040      0.1046
102     A         C          102           LEU           92.19           371    263      9     6.988     5.991     1.000     0.8292      0.8292      0.7814      0.0931
103     A         C          103           ARG           86.16           371    263      9     6.988     5.991     1.000     0.8004      0.8004      0.7467      0.0766
104     A         C          104           ILE           86.48           371    263      9     6.988     5.991     1.000     0.7941      0.7941      0.7395      0.0749
105     A         C          105           ALA           91.78           371    263      9     6.988     5.991     1.000     0.7932      0.7932      0.7384      0.0741
106     A         C          106           LEU           90.22           371    263      9     6.988     5.991     1.000     0.7727      0.7727      0.7145      0.0662
107     A         C          107           ARG           85.48           371    263      9     6.988     5.991     1.000     0.7584      0.7584      0.6981      0.0619
108     A         C          108           TYR           88.09           371    263      9     6.988     5.991     1.000     0.7828      0.7828      0.7266      0.0717
109     A         C          109           TYR           91.89           371    263      9     6.988     5.991     1.000     0.7542      0.7542      0.6933      0.0606
110     A         C          110           ASN           90.08           371    263      9     6.988     5.991     1.000     0.6967      0.6967      0.6292      0.0471
111     A         C          111           GLN           91.45           371    263      9     6.988     5.991     1.000     0.6567      0.6567      0.5852      0.0390
112     A         C          112           SER           91.74           371    263      9     6.988     5.991     1.000     0.5502      0.5502      0.4748      0.0255
113     A         C          113           GLU           89.00           371    263      9     6.988     5.991     1.000     0.5055      0.5055      0.4303      0.0212
114     A         C          114           ALA           91.88           371    263      9     6.988     5.991     1.000     0.4431      0.4431      0.3698      0.0164
115     A         C          115           GLY           92.93           371    263      9     6.988     5.991     1.000     0.5425      0.5425      0.4660      0.0240
116     A         C          116           SER           95.22           371    263      9     6.988     5.991     1.000     0.7203      0.7203      0.6545      0.0506
117     A         C          117           HIS           96.40           371    263      9     6.988     5.991     1.000     0.7799      0.7799      0.7228      0.0691
118     A         C          118           THR           97.09           371    263      9     6.988     5.991     1.000     0.7950      0.7950      0.7408      0.0759
119     A         C          119           TRP           96.90           371    263      9     6.988     5.991     1.000     0.8211      0.8211      0.7718      0.0891
120     A         C          120           GLN           96.93           371    263      9     6.988     5.991     1.000     0.8403      0.8403      0.7953      0.1036
121     A         C          121           THR           96.91           371    263      9     6.988     5.991     1.000     0.8171      0.8171      0.7669      0.0869
122     A         C          122           MET           97.00           371    263      9     6.988     5.991     1.000     0.8139      0.8139      0.7633      0.0864
123     A         C          123           TYR           96.85           371    263      9     6.988     5.991     1.000     0.8439      0.8439      0.8004      0.1135
124     A         C          124           GLY           96.47           371    263      9     6.988     5.991     1.000     0.7818      0.7818      0.7254      0.0712
125     A         C          125           CYS           96.53           371    263      9     6.988     5.991     1.000     0.7876      0.7876      0.7328      0.0757
126     A         C          126           ASP           96.68           371    263      9     6.988     5.991     1.000     0.7933      0.7933      0.7397      0.0802
127     A         C          127           VAL           95.80           371    263      9     6.988     5.991     1.000     0.7733      0.7733      0.7163      0.0709
128     A         C          128           GLY           93.46           371    263      9     6.988     5.991     1.000     0.6443      0.6443      0.5729      0.0380
129     A         C          129           PRO           90.77           371    263      9     6.988     5.991     1.000     0.5907      0.5907      0.5167      0.0304
130     A         C          130           ASP           90.11           371    263      9     6.988     5.991     1.000     0.5193      0.5193      0.4445      0.0228
131     A         C          131           GLY           89.55           371    263      9     6.988     5.991     1.000     0.5682      0.5682      0.4933      0.0275
132     A         C          132           ARG           90.61           371    263      9     6.988     5.991     1.000     0.6490      0.6490      0.5778      0.0388
133     A         C          133           LEU           94.06           371    263      9     6.988     5.991     1.000     0.7380      0.7380      0.6761      0.0597
134     A         C          134           LEU           94.66           371    263      9     6.988     5.991     1.000     0.7158      0.7158      0.6508      0.0528
135     A         C          135           ARG           95.35           371    263      9     6.988     5.991     1.000     0.7541      0.7541      0.6935      0.0618
136     A         C          136           GLY           96.05           371    263      9     6.988     5.991     1.000     0.7655      0.7655      0.7061      0.0638
137     A         C          137           HIS           96.43           371    263      9     6.988     5.991     1.000     0.8119      0.8119      0.7609      0.0855
138     A         C          138           ASN           96.56           371    263      9     6.988     5.991     1.000     0.8100      0.8100      0.7585      0.0840
139     A         C          139           GLN           96.15           371    263      9     6.988     5.991     1.000     0.7469      0.7469      0.6849      0.0587
140     A         C          140           TYR           96.38           371    263      9     6.988     5.991     1.000     0.8191      0.8191      0.7694      0.0879
141     A         C          141           ALA           96.89           371    263      9     6.988     5.991     1.000     0.8089      0.8089      0.7574      0.0837
142     A         C          142           TYR           96.64           371    263      9     6.988     5.991     1.000     0.8119      0.8119      0.7610      0.0855
143     A         C          143           ASP           96.50           371    263      9     6.988     5.991     1.000     0.7666      0.7666      0.7074      0.0642
144     A         C          144           GLY           95.95           371    263      9     6.988     5.991     1.000     0.7010      0.7010      0.6331      0.0465
145     A         C          145           LYS           95.97           371    263      9     6.988     5.991     1.000     0.7296      0.7296      0.6651      0.0532
146     A         C          146           ASP           96.34           371    263      9     6.988     5.991     1.000     0.7922      0.7922      0.7371      0.0734
147     A         C          147           TYR           96.52           371    263      9     6.988     5.991     1.000     0.8230      0.8230      0.7741      0.0906
148     A         C          148           ILE           96.56           371    263      9     6.988     5.991     1.000     0.8161      0.8161      0.7658      0.0865
149     A         C          149           ALA           96.61           371    263      9     6.988     5.991     1.000     0.7941      0.7941      0.7396      0.0752
150     A         C          150           LEU           96.51           371    263      9     6.988     5.991     1.000     0.8181      0.8181      0.7682      0.0876
151     A         C          151           ASN           96.28           371    263      9     6.988     5.991     1.000     0.7971      0.7971      0.7431      0.0761
152     A         C          152           GLU           95.23           371    263      9     6.988     5.991     1.000     0.7378      0.7378      0.6745      0.0559
153     A         C          153           ASP           95.11           371    263      9     6.988     5.991     1.000     0.7163      0.7163      0.6503      0.0503
154     A         C          154           LEU           95.25           371    263      9     6.988     5.991     1.000     0.7747      0.7747      0.7168      0.0672
155     A         C          155           SER           94.31           371    263      9     6.988     5.991     1.000     0.7224      0.7224      0.6571      0.0516
156     A         C          156           SER           95.67           371    263      9     6.988     5.991     1.000     0.7501      0.7501      0.6884      0.0590
157     A         C          157           TRP           96.38           371    263      9     6.988     5.991     1.000     0.8211      0.8211      0.7717      0.0894
158     A         C          158           THR           96.29           371    263      9     6.988     5.991     1.000     0.7952      0.7952      0.7407      0.0748
159     A         C          159           ALA           95.72           371    263      9     6.988     5.991     1.000     0.7584      0.7584      0.6979      0.0615
160     A         C          160           ALA           94.88           371    263      9     6.988     5.991     1.000     0.7032      0.7032      0.6357      0.0472
161     A         C          161           ASP           93.88           371    263      9     6.988     5.991     1.000     0.6509      0.6509      0.5791      0.0380
162     A         C          162           THR           91.51           371    263      9     6.988     5.991     1.000     0.6967      0.6967      0.6291      0.0468
163     A         C          163           ALA           92.17           371    263      9     6.988     5.991     1.000     0.7635      0.7635      0.7038      0.0631
164     A         C          164           ALA           94.52           371    263      9     6.988     5.991     1.000     0.7830      0.7830      0.7264      0.0696
165     A         C          165           GLN           92.52           371    263      9     6.988     5.991     1.000     0.7891      0.7891      0.7336      0.0723
166     A         C          166           ILE           88.24           371    263      9     6.988     5.991     1.000     0.8135      0.8135      0.7624      0.0828
167     A         C          167           THR           91.31           371    263      9     6.988     5.991     1.000     0.8282      0.8282      0.7802      0.0921
168     A         C          168           GLN           93.14           371    263      9     6.988     5.991     1.000     0.8134      0.8134      0.7623      0.0835
169     A         C          169           ARG           87.18           371    263      9     6.988     5.991     1.000     0.8053      0.8053      0.7527      0.0794
170     A         C          170           LYS           84.44           371    263      9     6.988     5.991     1.000     0.8164      0.8164      0.7659      0.0849
171     A         C          171           TRP           87.90           371    263      9     6.988     5.991     1.000     0.8313      0.8313      0.7838      0.0933
172     A         C          172           GLU           87.58           371    263      9     6.988     5.991     1.000     0.8124      0.8124      0.7611      0.0830
173     A         C          173           ALA           81.26           371    263      9     6.988     5.991     1.000     0.7758      0.7758      0.7180      0.0672
174     A         C          174           ALA           78.98           371    263      9     6.988     5.991     1.000     0.7779      0.7779      0.7204      0.0681
175     A         C          175           ARG           81.51           371    263      9     6.988     5.991     1.000     0.7940      0.7940      0.7395      0.0755
176     A         C          176           GLU           88.06           371    263      9     6.988     5.991     1.000     0.8261      0.8261      0.7778      0.0918
177     A         C          177           ALA           91.55           371    263      9     6.988     5.991     1.000     0.8221      0.8221      0.7730      0.0896
178     A         C          178           GLU           86.67           371    263      9     6.988     5.991     1.000     0.8297      0.8297      0.7823      0.0961
179     A         C          179           GLN           85.42           371    263      9     6.988     5.991     1.000     0.8355      0.8355      0.7901      0.1063
180     A         C          180           LEU           91.28           371    263      9     6.988     5.991     1.000     0.8469      0.8469      0.8033      0.1093
181     A         C          181           ARG           92.94           371    263      9     6.988     5.991     1.000     0.8506      0.8506      0.8078      0.1134
182     A         C          182           ALA           89.06           371    263      9     6.988     5.991     1.000     0.8474      0.8474      0.8042      0.1126
183     A         C          183           TYR           92.18           371    263      9     6.988     5.991     1.000     0.8670      0.8670      0.8285      0.1373
184     A         C          184           LEU           94.63           371    263      9     6.988     5.991     1.000     0.8529      0.8529      0.8110      0.1182
185     A         C          185           GLU           92.22           371    263      9     6.988     5.991     1.000     0.8243      0.8243      0.7763      0.0957
186     A         C          186           GLY           89.82           371    263      9     6.988     5.991     1.000     0.7676      0.7676      0.7111      0.0725
187     A         C          187           LEU           90.74           371    263      9     6.988     5.991     1.000     0.8207      0.8207      0.7726      0.0980
188     A         C          188           CYS           94.65           371    263      9     6.988     5.991     1.000     0.8370      0.8370      0.7922      0.1098
189     A         C          189           VAL           95.06           371    263      9     6.988     5.991     1.000     0.8200      0.8200      0.7715      0.0956
190     A         C          190           GLU           92.73           371    263      9     6.988     5.991     1.000     0.8185      0.8185      0.7702      0.0983
191     A         C          191           TRP           94.58           371    263      9     6.988     5.991     1.000     0.8313      0.8313      0.7855      0.1057
192     A         C          192           LEU           95.59           371    263      9     6.988     5.991     1.000     0.8274      0.8274      0.7807      0.1026
193     A         C          193           ARG           94.30           371    263      9     6.988     5.991     1.000     0.8168      0.8168      0.7679      0.0949
194     A         C          194           ARG           94.48           371    263      9     6.988     5.991     1.000     0.8098      0.8098      0.7598      0.0917
195     A         C          195           HIS           95.66           371    263      9     6.988     5.991     1.000     0.8213      0.8213      0.7737      0.1006
196     A         C          196           LEU           94.96           371    263      9     6.988     5.991     1.000     0.8001      0.8001      0.7481      0.0854
197     A         C          197           GLU           93.13           371    263      9     6.988     5.991     1.000     0.7533      0.7533      0.6940      0.0659
198     A         C          198           ASN           94.67           371    263      9     6.988     5.991     1.000     0.7148      0.7148      0.6511      0.0552
199     A         C          199           GLY           94.08           371    263      9     6.988     5.991     1.000     0.5724      0.5724      0.4997      0.0298
200     A         C          200           LYS           92.95           371    263      9     6.988     5.991     1.000     0.5958      0.5958      0.5234      0.0325
201     A         C          201           GLU           92.78           371    263      9     6.988     5.991     1.000     0.5448      0.5448      0.4711      0.0261
202     A         C          202           THR           93.20           371    263      9     6.988     5.991     1.000     0.5800      0.5800      0.5060      0.0294
203     A         C          203           LEU           94.08           371    263      9     6.988     5.991     1.000     0.6723      0.6723      0.6041      0.0448
204     A         C          204           GLN           92.41           371    263      9     6.988     5.991     1.000     0.6493      0.6493      0.5790      0.0398
205     A         C          205           ARG           92.59           371    263      9     6.988     5.991     1.000     0.5670      0.5670      0.4935      0.0285
206     A         C          206           ALA           93.29           371    263      9     6.988     5.991     1.000     0.5676      0.5676      0.4935      0.0281
207     A         C          207           ASP           94.96           371    263      9     6.988     5.991     1.000     0.5830      0.5830      0.5088      0.0295
208     A         C          208           PRO           95.39           371    263      9     6.988     5.991     1.000     0.5313      0.5313      0.4560      0.0236
209     A         C          209           PRO           95.79           371    263      9     6.988     5.991     1.000     0.5405      0.5405      0.4652      0.0245
210     A         C          210           LYS           95.18           371    263      9     6.988     5.991     1.000     0.5684      0.5684      0.4933      0.0274
211     A         C          211           THR           94.52           371    263      9     6.988     5.991     1.000     0.5226      0.5226      0.4471      0.0227
212     A         C          212           HIS           93.32           371    263      9     6.988     5.991     1.000     0.5023      0.5023      0.4272      0.0210
213     A         C          213           VAL           93.72           371    263      9     6.988     5.991     1.000     0.5129      0.5129      0.4372      0.0216
214     A         C          214           THR           93.03           371    263      9     6.988     5.991     1.000     0.4853      0.4853      0.4103      0.0194
215     A         C          215           HIS           91.72           371    263      8     6.988     5.991     1.000     0.4045      0.4151      0.3431      0.0144
216     A         C          216           HIS           91.89           371    263      8     6.988     5.991     1.000     0.3769      0.3866      0.3168      0.0128
217     A         C          217           PRO           91.30           371    263      0     6.988     5.991     1.000     0.2542      0.0000      0.0000      0.0000
218     A         C          218           VAL           90.73           371    263      0     6.988     5.991     1.000     0.2170      0.0000      0.0000      0.0000
219     A         C          219           SER           90.50           371    263      0     6.988     5.991     1.000     0.2003      0.0000      0.0000      0.0000
220     A         C          220           ASP           91.35           371    263      0     6.988     5.991     1.000     0.1548      0.0000      0.0000      0.0000
221     A         C          221           HIS           92.69           371    263      0     6.988     5.991     1.000     0.1513      0.0000      0.0000      0.0000
222     A         C          222           GLU           91.52           371    263      0     6.988     5.991     1.000     0.2428      0.0000      0.0000      0.0000
223     A         C          223           ALA           91.77           371    263      4     6.988     5.991     1.000     0.3335      0.3674      0.2991      0.0118
224     A         C          224           THR           93.24           371    263      9     6.988     5.991     1.000     0.4490      0.4490      0.3751      0.0166
225     A         C          225           LEU           93.28           371    263      9     6.988     5.991     1.000     0.4976      0.4976      0.4219      0.0202
226     A         C          226           ARG           94.85           371    263      9     6.988     5.991     1.000     0.5387      0.5387      0.4628      0.0239
227     A         C          227           CYS           94.99           371    263      9     6.988     5.991     1.000     0.5616      0.5616      0.4857      0.0261
228     A         C          228           TRP           95.61           371    263      9     6.988     5.991     1.000     0.5858      0.5858      0.5110      0.0292
229     A         C          229           ALA           95.59           371    263      9     6.988     5.991     1.000     0.5872      0.5872      0.5122      0.0292
230     A         C          230           LEU           95.55           371    263      9     6.988     5.991     1.000     0.5781      0.5781      0.5029      0.0282
231     A         C          231           GLY           95.20           371    263      9     6.988     5.991     1.000     0.5410      0.5410      0.4656      0.0245
232     A         C          232           PHE           96.12           371    263      9     6.988     5.991     1.000     0.6609      0.6609      0.5900      0.0400
233     A         C          233           TYR           95.58           371    263      9     6.988     5.991     1.000     0.6362      0.6362      0.5640      0.0364
234     A         C          234           PRO           94.37           371    263      9     6.988     5.991     1.000     0.5817      0.5817      0.5069      0.0289
235     A         C          235           ALA           95.45           371    263      9     6.988     5.991     1.000     0.6204      0.6204      0.5473      0.0340
236     A         C          236           GLU           94.61           371    263      9     6.988     5.991     1.000     0.6582      0.6582      0.5873      0.0397
237     A         C          237           ILE           95.71           371    263      9     6.988     5.991     1.000     0.6520      0.6520      0.5805      0.0384
238     A         C          238           THR           94.89           371    263      9     6.988     5.991     1.000     0.5894      0.5894      0.5151      0.0300
239     A         C          239           LEU           94.10           371    263      9     6.988     5.991     1.000     0.4913      0.4913      0.4160      0.0198
240     A         C          240           THR           93.79           371    263      9     6.988     5.991     1.000     0.5121      0.5121      0.4364      0.0216
241     A         C          241           TRP           94.34           371    263      9     6.988     5.991     1.000     0.5225      0.5225      0.4464      0.0223
242     A         C          242           GLN           93.29           371    263      9     6.988     5.991     1.000     0.4356      0.4356      0.3624      0.0157
243     A         C          243           ARG           91.71           371    263      5     6.988     5.991     1.000     0.3353      0.3543      0.2874      0.0111
244     A         C          244           ASP           90.39           371    263      0     6.988     5.991     1.000     0.2293      0.0000      0.0000      0.0000
245     A         C          245           GLY           88.39           371    263      0     6.988     5.991     1.000     0.2044      0.0000      0.0000      0.0000
246     A         C          246           GLU           90.22           371    263      0     6.988     5.991     1.000     0.2242      0.0000      0.0000      0.0000
247     A         C          247           ASP           89.79           371    263      0     6.988     5.991     1.000     0.2543      0.0000      0.0000      0.0000
248     A         C          248           GLN           88.18           371    263      0     6.988     5.991     1.000     0.2193      0.0000      0.0000      0.0000
249     A         C          249           THR           86.92           371    263      0     6.988     5.991     1.000     0.1633      0.0000      0.0000      0.0000
250     A         C          250           GLN           83.34           371    263      0     6.988     5.991     1.000     0.1253      0.0000      0.0000      0.0000
251     A         C          251           ASP           85.95           371    263      0     6.988     5.991     1.000     0.1412      0.0000      0.0000      0.0000
252     A         C          252           THR           89.90           371    263      0     6.988     5.991     1.000     0.2719      0.0000      0.0000      0.0000
253     A         C          253           GLU           92.31           371    263      9     6.988     5.991     1.000     0.4251      0.4251      0.3526      0.0151
254     A         C          254           LEU           93.63           371    263      9     6.988     5.991     1.000     0.4813      0.4813      0.4060      0.0189
255     A         C          255           VAL           94.09           371    263      9     6.988     5.991     1.000     0.5335      0.5335      0.4578      0.0235
256     A         C          256           GLU           94.48           371    263      9     6.988     5.991     1.000     0.5715      0.5715      0.4959      0.0273
257     A         C          257           THR           96.01           371    263      9     6.988     5.991     1.000     0.6664      0.6664      0.5957      0.0405
258     A         C          258           ARG           96.47           371    263      9     6.988     5.991     1.000     0.5975      0.5975      0.5226      0.0303
259     A         C          259           PRO           96.49           371    263      9     6.988     5.991     1.000     0.6530      0.6530      0.5815      0.0386
260     A         C          260           ALA           95.04           371    263      9     6.988     5.991     1.000     0.5741      0.5741      0.4988      0.0278
261     A         C          261           GLY           93.59           371    263      9     6.988     5.991     1.000     0.5203      0.5203      0.4447      0.0224
262     A         C          262           ASP           92.63           371    263      9     6.988     5.991     1.000     0.4655      0.4655      0.3918      0.0182
263     A         C          263           ARG           92.66           371    263      9     6.988     5.991     1.000     0.5221      0.5221      0.4474      0.0232
264     A         C          264           THR           94.55           371    263      9     6.988     5.991     1.000     0.6009      0.6009      0.5270      0.0315
265     A         C          265           PHE           96.48           371    263      9     6.988     5.991     1.000     0.7046      0.7046      0.6379      0.0488
266     A         C          266           GLN           96.65           371    263      9     6.988     5.991     1.000     0.6346      0.6346      0.5617      0.0355
267     A         C          267           LYS           96.45           371    263      9     6.988     5.991     1.000     0.6375      0.6375      0.5649      0.0360
268     A         C          268           TRP           95.49           371    263      9     6.988     5.991     1.000     0.5903      0.5903      0.5155      0.0297
269     A         C          269           ALA           95.04           371    263      9     6.988     5.991     1.000     0.5604      0.5604      0.4847      0.0261
270     A         C          270           ALA           94.68           371    263      9     6.988     5.991     1.000     0.5022      0.5022      0.4264      0.0206
271     A         C          271           VAL           93.67           371    263      9     6.988     5.991     1.000     0.4536      0.4536      0.3793      0.0169
272     A         C          272           VAL           93.00           371    263      9     6.988     5.991     1.000     0.4456      0.4456      0.3717      0.0163
273     A         C          273           VAL           92.75           371    263      8     6.988     5.991     1.000     0.3892      0.3979      0.3270      0.0134
274     A         C          274           PRO           91.66           371    263      3     6.988     5.991     1.000     0.3131      0.3356      0.2707      0.0102
275     A         C          275           SER           90.08           371    263      0     6.988     5.991     1.000     0.2352      0.0000      0.0000      0.0000
276     A         C          276           GLY           89.16           371    263      0     6.988     5.991     1.000     0.1681      0.0000      0.0000      0.0000
277     A         C          277           GLU           89.58           371    263      0     6.988     5.991     1.000     0.2350      0.0000      0.0000      0.0000
278     A         C          278           GLU           89.02           371    263      0     6.988     5.991     1.000     0.2716      0.0000      0.0000      0.0000
279     A         C          279           GLN           90.78           371    263      1     6.988     5.991     1.000     0.2988      0.3464      0.2803      0.0107
280     A         C          280           ARG           91.18           371    263      5     6.988     5.991     1.000     0.3317      0.3534      0.2866      0.0111
281     A         C          281           TYR           92.75           371    263      9     6.988     5.991     1.000     0.4475      0.4475      0.3736      0.0165
282     A         C          282           THR           93.81           371    263      9     6.988     5.991     1.000     0.4483      0.4483      0.3744      0.0166
283     A         C          283           CYS           94.08           371    263      9     6.988     5.991     1.000     0.5325      0.5325      0.4564      0.0232
284     A         C          284           HIS           94.59           371    263      9     6.988     5.991     1.000     0.5355      0.5355      0.4595      0.0236
285     A         C          285           VAL           95.51           371    263      9     6.988     5.991     1.000     0.5840      0.5840      0.5091      0.0289
286     A         C          286           GLN           95.50           371    263      9     6.988     5.991     1.000     0.5644      0.5644      0.4894      0.0270
287     A         C          287           HIS           95.09           371    263      9     6.988     5.991     1.000     0.5748      0.5748      0.4995      0.0278
288     A         C          288           GLU           92.81           371    263      8     6.988     5.991     1.000     0.4109      0.4212      0.3488      0.0148
289     A         C          289           GLY           92.32           371    263      9     6.988     5.991     1.000     0.4336      0.4336      0.3608      0.0157
290     A         C          290           LEU           93.31           371    263      9     6.988     5.991     1.000     0.4898      0.4898      0.4147      0.0198
291     A         C          291           PRO           92.39           371    263      5     6.988     5.991     1.000     0.3438      0.3829      0.3136      0.0127
292     A         C          292           LYS           93.81           371    263      4     6.988     5.991     1.000     0.3207      0.3608      0.2934      0.0115
293     A         C          293           PRO           93.05           371    263      8     6.988     5.991     1.000     0.3757      0.3852      0.3157      0.0128
294     A         C          294           LEU           93.47           371    263      8     6.988     5.991     1.000     0.4186      0.4299      0.3571      0.0154
295     A         C          295           THR           93.59           371    263      9     6.988     5.991     1.000     0.4361      0.4361      0.3631      0.0159
296     A         C          296           LEU           92.75           371    263      8     6.988     5.991     1.000     0.3739      0.3833      0.3139      0.0127
297     A         C          297           ARG           91.07           371    263      4     6.988     5.991     1.000     0.3287      0.3611      0.2935      0.0115
298     A         C          298           TRP           90.10           371    263      0     6.988     5.991     1.000     0.2456      0.0000      0.0000      0.0000
299     A         C          299           GLU           84.86           371    263      0     6.988     5.991     1.000     0.1109      0.0000      0.0000      0.0000
300     A         C          300           PRO           78.25           371    263      0     6.988     5.991     1.000     0.0933      0.0000      0.0000      0.0000
301     A         C          301           SER           67.19           371    263      0     6.988     5.991     1.000     0.0585      0.0000      0.0000      0.0000
302     A         C          302           SER           49.91           371    263      0     6.988     5.991     1.000     0.0519      0.0000      0.0000      0.0000
303     A         C          303           GLN           36.71           371    263      0     6.988     5.991     1.000     0.0501      0.0000      0.0000      0.0000
304     A         C          304           SER           35.68           371    263      0     6.988     5.991     1.000     0.0490      0.0000      0.0000      0.0000
305     A         C          305           THR           29.92           371    263      0     6.988     5.991     1.000     0.0483      0.0000      0.0000      0.0000
306     A         C          306           ILE           34.49           371    263      0     6.988     5.991     1.000     0.0485      0.0000      0.0000      0.0000
307     A         C          307           PRO           31.28           371    263      0     6.988     5.991     1.000     0.0479      0.0000      0.0000      0.0000
308     A         C          308           ILE           33.20           371    263      0     6.988     5.991     1.000     0.0484      0.0000      0.0000      0.0000
309     A         C          309           VAL           32.68           371    263      0     6.988     5.991     1.000     0.0481      0.0000      0.0000      0.0000
310     A         C          310           GLY           33.30           371    263      0     6.988     5.991     1.000     0.0480      0.0000      0.0000      0.0000
311     A         C          311           ILE           34.50           371    263      0     6.988     5.991     1.000     0.0484      0.0000      0.0000      0.0000
312     A         C          312           VAL           35.36           371    263      0     6.988     5.991     1.000     0.0483      0.0000      0.0000      0.0000
313     A         C          313           ALA           36.84           371    263      0     6.988     5.991     1.000     0.0479      0.0000      0.0000      0.0000
314     A         C          314           GLY           37.49           371    263      0     6.988     5.991     1.000     0.0478      0.0000      0.0000      0.0000
315     A         C          315           LEU           36.34           371    263      0     6.988     5.991     1.000     0.0480      0.0000      0.0000      0.0000
316     A         C          316           ALA           35.12           371    263      0     6.988     5.991     1.000     0.0475      0.0000      0.0000      0.0000
317     A         C          317           VAL           37.12           371    263      0     6.988     5.991     1.000     0.0475      0.0000      0.0000      0.0000
318     A         C          318           LEU           36.68           371    263      0     6.988     5.991     1.000     0.0475      0.0000      0.0000      0.0000
319     A         C          319           ALA           35.13           371    263      0     6.988     5.991     1.000     0.0473      0.0000      0.0000      0.0000
320     A         C          320           VAL           36.39           371    263      0     6.988     5.991     1.000     0.0472      0.0000      0.0000      0.0000
321     A         C          321           VAL           38.60           371    263      0     6.988     5.991     1.000     0.0471      0.0000      0.0000      0.0000
322     A         C          322           VAL           36.09           371    263      0     6.988     5.991     1.000     0.0470      0.0000      0.0000      0.0000
323     A         C          323           ILE           31.67           371    263      0     6.988     5.991     1.000     0.0469      0.0000      0.0000      0.0000
324     A         C          324           GLY           37.44           371    263      0     6.988     5.991     1.000     0.0467      0.0000      0.0000      0.0000
325     A         C          325           ALA           38.61           371    263      0     6.988     5.991     1.000     0.0467      0.0000      0.0000      0.0000
326     A         C          326           VAL           33.12           371    263      0     6.988     5.991     1.000     0.0467      0.0000      0.0000      0.0000
327     A         C          327           VAL           33.75           371    263      0     6.988     5.991     1.000     0.0467      0.0000      0.0000      0.0000
328     A         C          328           ALA           40.78           371    263      0     6.988     5.991     1.000     0.0466      0.0000      0.0000      0.0000
329     A         C          329           THR           38.57           371    263      0     6.988     5.991     1.000     0.0466      0.0000      0.0000      0.0000
330     A         C          330           VAL           36.56           371    263      0     6.988     5.991     1.000     0.0466      0.0000      0.0000      0.0000
331     A         C          331           MET           36.93           371    263      0     6.988     5.991     1.000     0.0465      0.0000      0.0000      0.0000
332     A         C          332           CYS           39.64           371    263      0     6.988     5.991     1.000     0.0464      0.0000      0.0000      0.0000
333     A         C          333           ARG           35.03           371    263      0     6.988     5.991     1.000     0.0465      0.0000      0.0000      0.0000
334     A         C          334           ARG           35.04           371    263      0     6.988     5.991     1.000     0.0465      0.0000      0.0000      0.0000
335     A         C          335           LYS           33.03           371    263      0     6.988     5.991     1.000     0.0464      0.0000      0.0000      0.0000
336     A         C          336           SER           30.20           371    263      0     6.988     5.991     1.000     0.0463      0.0000      0.0000      0.0000
337     A         C          337           SER           28.32           371    263      0     6.988     5.991     1.000     0.0463      0.0000      0.0000      0.0000
338     A         C          338           GLY           27.33           371    263      0     6.988     5.991     1.000     0.0463      0.0000      0.0000      0.0000
339     A         C          339           GLY           25.65           371    263      0     6.988     5.991     1.000     0.0463      0.0000      0.0000      0.0000
340     A         C          340           LYS           25.85           371    263      0     6.988     5.991     1.000     0.0463      0.0000      0.0000      0.0000
341     A         C          341           GLY           26.81           371    263      0     6.988     5.991     1.000     0.0463      0.0000      0.0000      0.0000
342     A         C          342           GLY           26.51           371    263      0     6.988     5.991     1.000     0.0464      0.0000      0.0000      0.0000
343     A         C          343           SER           24.76           371    263      0     6.988     5.991     1.000     0.0463      0.0000      0.0000      0.0000
344     A         C          344           TYR           24.90           371    263      0     6.988     5.991     1.000     0.0464      0.0000      0.0000      0.0000
345     A         C          345           SER           24.10           371    263      0     6.988     5.991     1.000     0.0464      0.0000      0.0000      0.0000
346     A         C          346           GLN           23.71           371    263      0     6.988     5.991     1.000     0.0464      0.0000      0.0000      0.0000
347     A         C          347           ALA           26.26           371    263      0     6.988     5.991     1.000     0.0464      0.0000      0.0000      0.0000
348     A         C          348           ALA           25.34           371    263      0     6.988     5.991     1.000     0.0464      0.0000      0.0000      0.0000
349     A         C          349           SER           22.76           371    263      0     6.988     5.991     1.000     0.0464      0.0000      0.0000      0.0000
350     A         C          350           SER           24.13           371    263      0     6.988     5.991     1.000     0.0464      0.0000      0.0000      0.0000
351     A         C          351           ASP           28.01           371    263      0     6.988     5.991     1.000     0.0464      0.0000      0.0000      0.0000
352     A         C          352           SER           23.39           371    263      0     6.988     5.991     1.000     0.0464      0.0000      0.0000      0.0000
353     A         C          353           ALA           23.25           371    263      0     6.988     5.991     1.000     0.0464      0.0000      0.0000      0.0000
354     A         C          354           GLN           23.05           371    263      0     6.988     5.991     1.000     0.0464      0.0000      0.0000      0.0000
355     A         C          355           GLY           23.37           371    263      0     6.988     5.991     1.000     0.0463      0.0000      0.0000      0.0000
356     A         C          356           SER           22.92           371    263      0     6.988     5.991     1.000     0.0464      0.0000      0.0000      0.0000
357     A         C          357           ASP           23.62           371    263      0     6.988     5.991     1.000     0.0465      0.0000      0.0000      0.0000
358     A         C          358           VAL           20.38           371    263      0     6.988     5.991     1.000     0.0465      0.0000      0.0000      0.0000
359     A         C          359           SER           17.79           371    263      0     6.988     5.991     1.000     0.0465      0.0000      0.0000      0.0000
360     A         C          360           LEU           18.04           371    263      0     6.988     5.991     1.000     0.0466      0.0000      0.0000      0.0000
361     A         C          361           THR           19.43           371    263      0     6.988     5.991     1.000     0.0465      0.0000      0.0000      0.0000
362     A         C          362           ALA           12.93           371    263      0     6.988     5.991     1.000     0.0464      0.0000      0.0000      0.0000
1       A         D            1           MET           19.92           638      0      0     8.791     1.000     1.000     0.0716      0.0000      0.0000      0.0000
2       A         D            2           ARG           25.98           638      0      0     8.791     1.000     1.000     0.0717      0.0000      0.0000      0.0000
3       A         D            3           VAL           27.14           638      0      0     8.791     1.000     1.000     0.0717      0.0000      0.0000      0.0000
4       A         D            4           THR           28.20           638      0      0     8.791     1.000     1.000     0.0717      0.0000      0.0000      0.0000
5       A         D            5           ALA           31.12           638      0      0     8.791     1.000     1.000     0.0718      0.0000      0.0000      0.0000
6       A         D            6           PRO           31.54           638      0      0     8.791     1.000     1.000     0.0718      0.0000      0.0000      0.0000
7       A         D            7           ARG           30.03           638      0      0     8.791     1.000     1.000     0.0719      0.0000      0.0000      0.0000
8       A         D            8           THR           30.35           638      0      0     8.791     1.000     1.000     0.0719      0.0000      0.0000      0.0000
9       A         D            9           VAL           28.37           638      0      0     8.791     1.000     1.000     0.0722      0.0000      0.0000      0.0000
10      A         D           10           LEU           29.04           638      0      0     8.791     1.000     1.000     0.0722      0.0000      0.0000      0.0000
11      A         D           11           LEU           27.96           638      0      0     8.791     1.000     1.000     0.0724      0.0000      0.0000      0.0000
12      A         D           12           LEU           30.79           638      0      0     8.791     1.000     1.000     0.0724      0.0000      0.0000      0.0000
13      A         D           13           LEU           32.02           638      0      0     8.791     1.000     1.000     0.0727      0.0000      0.0000      0.0000
14      A         D           14           TRP           31.99           638      0      0     8.791     1.000     1.000     0.0729      0.0000      0.0000      0.0000
15      A         D           15           GLY           31.14           638      0      0     8.791     1.000     1.000     0.0729      0.0000      0.0000      0.0000
16      A         D           16           ALA           35.44           638      0      0     8.791     1.000     1.000     0.0732      0.0000      0.0000      0.0000
17      A         D           17           VAL           34.81           638      0      0     8.791     1.000     1.000     0.0736      0.0000      0.0000      0.0000
18      A         D           18           ALA           39.84           638      0      0     8.791     1.000     1.000     0.0738      0.0000      0.0000      0.0000
19      A         D           19           LEU           42.79           638      0      0     8.791     1.000     1.000     0.0748      0.0000      0.0000      0.0000
20      A         D           20           THR           44.38           638      0      0     8.791     1.000     1.000     0.0766      0.0000      0.0000      0.0000
21      A         D           21           GLU           53.26           638      0      0     8.791     1.000     1.000     0.0769      0.0000      0.0000      0.0000
22      A         D           22           THR           65.11           638      0      0     8.791     1.000     1.000     0.0860      0.0000      0.0000      0.0000
23      A         D           23           TRP           71.74           638      0      0     8.791     1.000     1.000     0.0994      0.0000      0.0000      0.0000
24      A         D           24           ALA           67.35           638      0      0     8.791     1.000     1.000     0.0913      0.0000      0.0000      0.0000
25      A         D           25           GLY           83.52           638      0      0     8.791     1.000     1.000     0.1076      0.0000      0.0000      0.0000
26      A         D           26           SER           91.83           638      0      0     8.791     1.000     1.000     0.1601      0.0000      0.0000      0.0000
27      A         D           27           HIS           95.17           638      0      0     8.791     1.000     1.000     0.1911      0.0000      0.0000      0.0000
28      A         D           28           SER           96.33           638      0      0     8.791     1.000     1.000     0.1897      0.0000      0.0000      0.0000
29      A         D           29           MET           97.10           638      0      0     8.791     1.000     1.000     0.1978      0.0000      0.0000      0.0000
30      A         D           30           ARG           97.15           638      0      0     8.791     1.000     1.000     0.1980      0.0000      0.0000      0.0000
31      A         D           31           TYR           97.08           638      0      0     8.791     1.000     1.000     0.2000      0.0000      0.0000      0.0000
32      A         D           32           PHE           97.57           638      0      0     8.791     1.000     1.000     0.2035      0.0000      0.0000      0.0000
33      A         D           33           TYR           97.31           638      0      0     8.791     1.000     1.000     0.2023      0.0000      0.0000      0.0000
34      A         D           34           THR           97.44           638      0      0     8.791     1.000     1.000     0.2027      0.0000      0.0000      0.0000
35      A         D           35           ALA           96.95           638      0      0     8.791     1.000     1.000     0.2045      0.0000      0.0000      0.0000
36      A         D           36           MET           96.66           638      0      0     8.791     1.000     1.000     0.1936      0.0000      0.0000      0.0000
37      A         D           37           SER           96.00           638      0      0     8.791     1.000     1.000     0.1970      0.0000      0.0000      0.0000
38      A         D           38           ARG           94.11           638      0      0     8.791     1.000     1.000     0.1851      0.0000      0.0000      0.0000
39      A         D           39           PRO           92.98           638      0      0     8.791     1.000     1.000     0.1724      0.0000      0.0000      0.0000
40      A         D           40           GLY           91.21           638      0      0     8.791     1.000     1.000     0.1652      0.0000      0.0000      0.0000
41      A         D           41           ARG           91.64           638      0      0     8.791     1.000     1.000     0.1651      0.0000      0.0000      0.0000
42      A         D           42           GLY           90.42           638      0      0     8.791     1.000     1.000     0.1718      0.0000      0.0000      0.0000
43      A         D           43           GLU           90.79           638      0      0     8.791     1.000     1.000     0.1864      0.0000      0.0000      0.0000
44      A         D           44           PRO           94.65           638      0      0     8.791     1.000     1.000     0.2052      0.0000      0.0000      0.0000
45      A         D           45           ARG           96.44           638      0      0     8.791     1.000     1.000     0.2099      0.0000      0.0000      0.0000
46      A         D           46           PHE           96.71           638      0      0     8.791     1.000     1.000     0.2066      0.0000      0.0000      0.0000
47      A         D           47           ILE           97.37           638      0      0     8.791     1.000     1.000     0.2021      0.0000      0.0000      0.0000
48      A         D           48           ALA           97.34           638      0      0     8.791     1.000     1.000     0.1981      0.0000      0.0000      0.0000
49      A         D           49           VAL           97.48           638      0      0     8.791     1.000     1.000     0.1956      0.0000      0.0000      0.0000
50      A         D           50           GLY           97.27           638      0      0     8.791     1.000     1.000     0.1929      0.0000      0.0000      0.0000
51      A         D           51           TYR           97.13           638      0      0     8.791     1.000     1.000     0.1995      0.0000      0.0000      0.0000
52      A         D           52           VAL           97.18           638      0      0     8.791     1.000     1.000     0.2040      0.0000      0.0000      0.0000
53      A         D           53           ASP           95.21           638      0      0     8.791     1.000     1.000     0.1928      0.0000      0.0000      0.0000
54      A         D           54           ASP           95.10           638      0      0     8.791     1.000     1.000     0.1865      0.0000      0.0000      0.0000
55      A         D           55           THR           96.06           638      0      0     8.791     1.000     1.000     0.1966      0.0000      0.0000      0.0000
56      A         D           56           GLN           97.11           638      0      0     8.791     1.000     1.000     0.2005      0.0000      0.0000      0.0000
57      A         D           57           PHE           97.20           638      0      0     8.791     1.000     1.000     0.1983      0.0000      0.0000      0.0000
58      A         D           58           VAL           96.98           638      0      0     8.791     1.000     1.000     0.1983      0.0000      0.0000      0.0000
59      A         D           59           ARG           97.07           638      0      0     8.791     1.000     1.000     0.1982      0.0000      0.0000      0.0000
60      A         D           60           PHE           97.20           638      0      0     8.791     1.000     1.000     0.2015      0.0000      0.0000      0.0000
61      A         D           61           ASP           96.79           638      0      0     8.791     1.000     1.000     0.2043      0.0000      0.0000      0.0000
62      A         D           62           SER           95.58           638      0      0     8.791     1.000     1.000     0.2026      0.0000      0.0000      0.0000
63      A         D           63           ASP           94.14           638      0      0     8.791     1.000     1.000     0.1880      0.0000      0.0000      0.0000
64      A         D           64           ALA           92.77           638      0      0     8.791     1.000     1.000     0.1663      0.0000      0.0000      0.0000
65      A         D           65           ALA           90.96           638      0      0     8.791     1.000     1.000     0.1511      0.0000      0.0000      0.0000
66      A         D           66           SER           91.03           638      0      0     8.791     1.000     1.000     0.1510      0.0000      0.0000      0.0000
67      A         D           67           PRO           93.27           638      0      0     8.791     1.000     1.000     0.1710      0.0000      0.0000      0.0000
68      A         D           68           ARG           94.43           638      0      0     8.791     1.000     1.000     0.1953      0.0000      0.0000      0.0000
69      A         D           69           THR           96.32           638      0      0     8.791     1.000     1.000     0.2048      0.0000      0.0000      0.0000
70      A         D           70           GLU           95.93           638      0      0     8.791     1.000     1.000     0.2034      0.0000      0.0000      0.0000
71      A         D           71           PRO           96.45           638      0      0     8.791     1.000     1.000     0.2048      0.0000      0.0000      0.0000
72      A         D           72           ARG           95.25           638      0      0     8.791     1.000     1.000     0.2014      0.0000      0.0000      0.0000
73      A         D           73           ALA           94.71           638      0      0     8.791     1.000     1.000     0.1897      0.0000      0.0000      0.0000
74      A         D           74           PRO           94.26           638      0      0     8.791     1.000     1.000     0.1881      0.0000      0.0000      0.0000
75      A         D           75           TRP           95.50           638      0      0     8.791     1.000     1.000     0.1999      0.0000      0.0000      0.0000
76      A         D           76           ILE           96.62           638      0      0     8.791     1.000     1.000     0.2016      0.0000      0.0000      0.0000
77      A         D           77           GLU           94.51           638      0      0     8.791     1.000     1.000     0.1975      0.0000      0.0000      0.0000
78      A         D           78           GLN           93.25           638      0      0     8.791     1.000     1.000     0.1771      0.0000      0.0000      0.0000
79      A         D           79           GLU           93.61           638      0      0     8.791     1.000     1.000     0.1918      0.0000      0.0000      0.0000
80      A         D           80           GLY           91.93           638      0      0     8.791     1.000     1.000     0.1869      0.0000      0.0000      0.0000
81      A         D           81           PRO           92.04           638      0      0     8.791     1.000     1.000     0.1973      0.0000      0.0000      0.0000
82      A         D           82           GLU           88.51           638      0      0     8.791     1.000     1.000     0.1969      0.0000      0.0000      0.0000
83      A         D           83           TYR           93.34           638      0      0     8.791     1.000     1.000     0.2129      0.0000      0.0000      0.0000
84      A         D           84           TRP           94.47           638      0      0     8.791     1.000     1.000     0.2204      0.0000      0.0000      0.0000
85      A         D           85           ASP           89.79           638      0      0     8.791     1.000     1.000     0.2111      0.0000      0.0000      0.0000
86      A         D           86           ARG           88.18           638      0      0     8.791     1.000     1.000     0.2144      0.0000      0.0000      0.0000
87      A         D           87           ASN           92.81           638      0      0     8.791     1.000     1.000     0.2131      0.0000      0.0000      0.0000
88      A         D           88           THR           93.18           638      0      0     8.791     1.000     1.000     0.2179      0.0000      0.0000      0.0000
89      A         D           89           GLN           86.42           638      0      0     8.791     1.000     1.000     0.2037      0.0000      0.0000      0.0000
90      A         D           90           ILE           88.87           638      0      0     8.791     1.000     1.000     0.2105      0.0000      0.0000      0.0000
91      A         D           91           PHE           93.36           638      0      0     8.791     1.000     1.000     0.2146      0.0000      0.0000      0.0000
92      A         D           92           LYS           88.81           638      0      0     8.791     1.000     1.000     0.2114      0.0000      0.0000      0.0000
93      A         D           93           THR           84.95           638      0      0     8.791     1.000     1.000     0.2038      0.0000      0.0000      0.0000
94      A         D           94           ASN           91.02           638      0      0     8.791     1.000     1.000     0.2140      0.0000      0.0000      0.0000
95      A         D           95           THR           91.87           638      0      0     8.791     1.000     1.000     0.2138      0.0000      0.0000      0.0000
96      A         D           96           GLN           84.79           638      0      0     8.791     1.000     1.000     0.2053      0.0000      0.0000      0.0000
97      A         D           97           THR           87.31           638      0      0     8.791     1.000     1.000     0.2081      0.0000      0.0000      0.0000
98      A         D           98           TYR           92.23           638      0      0     8.791     1.000     1.000     0.2110      0.0000      0.0000      0.0000
99      A         D           99           ARG           88.46           638      0      0     8.791     1.000     1.000     0.2127      0.0000      0.0000      0.0000
100     A         D          100           GLU           85.08           638      0      0     8.791     1.000     1.000     0.2034      0.0000      0.0000      0.0000
101     A         D          101           ASN           89.99           638      0      0     8.791     1.000     1.000     0.2089      0.0000      0.0000      0.0000
102     A         D          102           LEU           92.19           638      0      0     8.791     1.000     1.000     0.2118      0.0000      0.0000      0.0000
103     A         D          103           ARG           86.16           638      0      0     8.791     1.000     1.000     0.2070      0.0000      0.0000      0.0000
104     A         D          104           ILE           86.48           638      0      0     8.791     1.000     1.000     0.2002      0.0000      0.0000      0.0000
105     A         D          105           ALA           91.78           638      0      0     8.791     1.000     1.000     0.2060      0.0000      0.0000      0.0000
106     A         D          106           LEU           90.22           638      0      0     8.791     1.000     1.000     0.2081      0.0000      0.0000      0.0000
107     A         D          107           ARG           85.48           638      0      0     8.791     1.000     1.000     0.1955      0.0000      0.0000      0.0000
108     A         D          108           TYR           88.09           638      0      0     8.791     1.000     1.000     0.2003      0.0000      0.0000      0.0000
109     A         D          109           TYR           91.89           638      0      0     8.791     1.000     1.000     0.2051      0.0000      0.0000      0.0000
110     A         D          110           ASN           90.08           638      0      0     8.791     1.000     1.000     0.1949      0.0000      0.0000      0.0000
111     A         D          111           GLN           91.45           638      0      0     8.791     1.000     1.000     0.1929      0.0000      0.0000      0.0000
112     A         D          112           SER           91.74           638      0      0     8.791     1.000     1.000     0.1846      0.0000      0.0000      0.0000
113     A         D          113           GLU           89.00           638      0      0     8.791     1.000     1.000     0.1704      0.0000      0.0000      0.0000
114     A         D          114           ALA           91.88           638      0      0     8.791     1.000     1.000     0.1708      0.0000      0.0000      0.0000
115     A         D          115           GLY           92.93           638      0      0     8.791     1.000     1.000     0.1735      0.0000      0.0000      0.0000
116     A         D          116           SER           95.22           638      0      0     8.791     1.000     1.000     0.1946      0.0000      0.0000      0.0000
117     A         D          117           HIS           96.40           638      0      0     8.791     1.000     1.000     0.2052      0.0000      0.0000      0.0000
118     A         D          118           THR           97.09           638      0      0     8.791     1.000     1.000     0.2015      0.0000      0.0000      0.0000
119     A         D          119           TRP           96.90           638      0      0     8.791     1.000     1.000     0.2006      0.0000      0.0000      0.0000
120     A         D          120           GLN           96.93           638      0      0     8.791     1.000     1.000     0.2001      0.0000      0.0000      0.0000
121     A         D          121           THR           96.91           638      0      0     8.791     1.000     1.000     0.1974      0.0000      0.0000      0.0000
122     A         D          122           MET           97.00           638      0      0     8.791     1.000     1.000     0.1931      0.0000      0.0000      0.0000
123     A         D          123           TYR           96.85           638      0      0     8.791     1.000     1.000     0.1973      0.0000      0.0000      0.0000
124     A         D          124           GLY           96.47           638      0      0     8.791     1.000     1.000     0.1873      0.0000      0.0000      0.0000
125     A         D          125           CYS           96.53           638      0      0     8.791     1.000     1.000     0.1932      0.0000      0.0000      0.0000
126     A         D          126           ASP           96.68           638      0      0     8.791     1.000     1.000     0.1971      0.0000      0.0000      0.0000
127     A         D          127           VAL           95.80           638      0      0     8.791     1.000     1.000     0.1947      0.0000      0.0000      0.0000
128     A         D          128           GLY           93.46           638      0      0     8.791     1.000     1.000     0.1741      0.0000      0.0000      0.0000
129     A         D          129           PRO           90.77           638      0      0     8.791     1.000     1.000     0.1667      0.0000      0.0000      0.0000
130     A         D          130           ASP           90.11           638      0      0     8.791     1.000     1.000     0.1571      0.0000      0.0000      0.0000
131     A         D          131           GLY           89.55           638      0      0     8.791     1.000     1.000     0.1629      0.0000      0.0000      0.0000
132     A         D          132           ARG           90.61           638      0      0     8.791     1.000     1.000     0.1666      0.0000      0.0000      0.0000
133     A         D          133           LEU           94.06           638      0      0     8.791     1.000     1.000     0.1910      0.0000      0.0000      0.0000
134     A         D          134           LEU           94.66           638      0      0     8.791     1.000     1.000     0.1912      0.0000      0.0000      0.0000
135     A         D          135           ARG           95.35           638      0      0     8.791     1.000     1.000     0.1831      0.0000      0.0000      0.0000
136     A         D          136           GLY           96.05           638      0      0     8.791     1.000     1.000     0.1923      0.0000      0.0000      0.0000
137     A         D          137           HIS           96.43           638      0      0     8.791     1.000     1.000     0.1943      0.0000      0.0000      0.0000
138     A         D          138           ASN           96.56           638      0      0     8.791     1.000     1.000     0.1933      0.0000      0.0000      0.0000
139     A         D          139           GLN           96.15           638      0      0     8.791     1.000     1.000     0.1809      0.0000      0.0000      0.0000
140     A         D          140           TYR           96.38           638      0      0     8.791     1.000     1.000     0.1957      0.0000      0.0000      0.0000
141     A         D          141           ALA           96.89           638      0      0     8.791     1.000     1.000     0.2012      0.0000      0.0000      0.0000
142     A         D          142           TYR           96.64           638      0      0     8.791     1.000     1.000     0.2053      0.0000      0.0000      0.0000
143     A         D          143           ASP           96.50           638      0      0     8.791     1.000     1.000     0.2078      0.0000      0.0000      0.0000
144     A         D          144           GLY           95.95           638      0      0     8.791     1.000     1.000     0.1886      0.0000      0.0000      0.0000
145     A         D          145           LYS           95.97           638      0      0     8.791     1.000     1.000     0.1967      0.0000      0.0000      0.0000
146     A         D          146           ASP           96.34           638      0      0     8.791     1.000     1.000     0.2057      0.0000      0.0000      0.0000
147     A         D          147           TYR           96.52           638      0      0     8.791     1.000     1.000     0.2044      0.0000      0.0000      0.0000
148     A         D          148           ILE           96.56           638      0      0     8.791     1.000     1.000     0.2067      0.0000      0.0000      0.0000
149     A         D          149           ALA           96.61           638      0      0     8.791     1.000     1.000     0.2028      0.0000      0.0000      0.0000
150     A         D          150           LEU           96.51           638      0      0     8.791     1.000     1.000     0.2087      0.0000      0.0000      0.0000
151     A         D          151           ASN           96.28           638      0      0     8.791     1.000     1.000     0.2100      0.0000      0.0000      0.0000
152     A         D          152           GLU           95.23           638      0      0     8.791     1.000     1.000     0.1978      0.0000      0.0000      0.0000
153     A         D          153           ASP           95.11           638      0      0     8.791     1.000     1.000     0.2047      0.0000      0.0000      0.0000
154     A         D          154           LEU           95.25           638      0      0     8.791     1.000     1.000     0.2031      0.0000      0.0000      0.0000
155     A         D          155           SER           94.31           638      0      0     8.791     1.000     1.000     0.1959      0.0000      0.0000      0.0000
156     A         D          156           SER           95.67           638      0      0     8.791     1.000     1.000     0.2029      0.0000      0.0000      0.0000
157     A         D          157           TRP           96.38           638      0      0     8.791     1.000     1.000     0.2063      0.0000      0.0000      0.0000
158     A         D          158           THR           96.29           638      0      0     8.791     1.000     1.000     0.2065      0.0000      0.0000      0.0000
159     A         D          159           ALA           95.72           638      0      0     8.791     1.000     1.000     0.2033      0.0000      0.0000      0.0000
160     A         D          160           ALA           94.88           638      0      0     8.791     1.000     1.000     0.1914      0.0000      0.0000      0.0000
161     A         D          161           ASP           93.88           638      0      0     8.791     1.000     1.000     0.1920      0.0000      0.0000      0.0000
162     A         D          162           THR           91.51           638      0      0     8.791     1.000     1.000     0.1948      0.0000      0.0000      0.0000
163     A         D          163           ALA           92.17           638      0      0     8.791     1.000     1.000     0.2014      0.0000      0.0000      0.0000
164     A         D          164           ALA           94.52           638      0      0     8.791     1.000     1.000     0.2077      0.0000      0.0000      0.0000
165     A         D          165           GLN           92.52           638      0      0     8.791     1.000     1.000     0.2135      0.0000      0.0000      0.0000
166     A         D          166           ILE           88.24           638      0      0     8.791     1.000     1.000     0.2134      0.0000      0.0000      0.0000
167     A         D          167           THR           91.31           638      0      0     8.791     1.000     1.000     0.2164      0.0000      0.0000      0.0000
168     A         D          168           GLN           93.14           638      0      0     8.791     1.000     1.000     0.2175      0.0000      0.0000      0.0000
169     A         D          169           ARG           87.18           638      0      0     8.791     1.000     1.000     0.2165      0.0000      0.0000      0.0000
170     A         D          170           LYS           84.44           638      0      0     8.791     1.000     1.000     0.2126      0.0000      0.0000      0.0000
171     A         D          171           TRP           87.90           638      0      0     8.791     1.000     1.000     0.2187      0.0000      0.0000      0.0000
172     A         D          172           GLU           87.58           638      0      0     8.791     1.000     1.000     0.2188      0.0000      0.0000      0.0000
173     A         D          173           ALA           81.26           638      0      0     8.791     1.000     1.000     0.2068      0.0000      0.0000      0.0000
174     A         D          174           ALA           78.98           638      0      0     8.791     1.000     1.000     0.2059      0.0000      0.0000      0.0000
175     A         D          175           ARG           81.51           638      0      0     8.791     1.000     1.000     0.2069      0.0000      0.0000      0.0000
176     A         D          176           GLU           88.06           638      0      0     8.791     1.000     1.000     0.2109      0.0000      0.0000      0.0000
177     A         D          177           ALA           91.55           638      0      0     8.791     1.000     1.000     0.2175      0.0000      0.0000      0.0000
178     A         D          178           GLU           86.67           638      0      0     8.791     1.000     1.000     0.2122      0.0000      0.0000      0.0000
179     A         D          179           GLN           85.42           638      0      0     8.791     1.000     1.000     0.2085      0.0000      0.0000      0.0000
180     A         D          180           LEU           91.28           638      0      0     8.791     1.000     1.000     0.2073      0.0000      0.0000      0.0000
181     A         D          181           ARG           92.94           638      0      0     8.791     1.000     1.000     0.2147      0.0000      0.0000      0.0000
182     A         D          182           ALA           89.06           638      0      0     8.791     1.000     1.000     0.2132      0.0000      0.0000      0.0000
183     A         D          183           TYR           92.18           638      0      0     8.791     1.000     1.000     0.2156      0.0000      0.0000      0.0000
184     A         D          184           LEU           94.63           638      0      0     8.791     1.000     1.000     0.2127      0.0000      0.0000      0.0000
185     A         D          185           GLU           92.22           638      0      0     8.791     1.000     1.000     0.2075      0.0000      0.0000      0.0000
186     A         D          186           GLY           89.82           638      0      0     8.791     1.000     1.000     0.1989      0.0000      0.0000      0.0000
187     A         D          187           LEU           90.74           638      0      0     8.791     1.000     1.000     0.2039      0.0000      0.0000      0.0000
188     A         D          188           CYS           94.65           638      0      0     8.791     1.000     1.000     0.2097      0.0000      0.0000      0.0000
189     A         D          189           VAL           95.06           638      0      0     8.791     1.000     1.000     0.2200      0.0000      0.0000      0.0000
190     A         D          190           GLU           92.73           638      0      0     8.791     1.000     1.000     0.2117      0.0000      0.0000      0.0000
191     A         D          191           TRP           94.58           638      0      0     8.791     1.000     1.000     0.2143      0.0000      0.0000      0.0000
192     A         D          192           LEU           95.59           638      0      0     8.791     1.000     1.000     0.2178      0.0000      0.0000      0.0000
193     A         D          193           ARG           94.30           638      0      0     8.791     1.000     1.000     0.2180      0.0000      0.0000      0.0000
194     A         D          194           ARG           94.48           638      0      0     8.791     1.000     1.000     0.2132      0.0000      0.0000      0.0000
195     A         D          195           HIS           95.66           638      0      0     8.791     1.000     1.000     0.2142      0.0000      0.0000      0.0000
196     A         D          196           LEU           94.96           638      0      0     8.791     1.000     1.000     0.2162      0.0000      0.0000      0.0000
197     A         D          197           GLU           93.13           638      0      0     8.791     1.000     1.000     0.2022      0.0000      0.0000      0.0000
198     A         D          198           ASN           94.67           638      0      0     8.791     1.000     1.000     0.1950      0.0000      0.0000      0.0000
199     A         D          199           GLY           94.08           638      0      0     8.791     1.000     1.000     0.1743      0.0000      0.0000      0.0000
200     A         D          200           LYS           92.95           638      0      0     8.791     1.000     1.000     0.1731      0.0000      0.0000      0.0000
201     A         D          201           GLU           92.78           638      0      0     8.791     1.000     1.000     0.1658      0.0000      0.0000      0.0000
202     A         D          202           THR           93.20           638      0      0     8.791     1.000     1.000     0.1689      0.0000      0.0000      0.0000
203     A         D          203           LEU           94.08           638      0      0     8.791     1.000     1.000     0.1841      0.0000      0.0000      0.0000
204     A         D          204           GLN           92.41           638      0      0     8.791     1.000     1.000     0.1801      0.0000      0.0000      0.0000
205     A         D          205           ARG           92.59           638      0      0     8.791     1.000     1.000     0.1691      0.0000      0.0000      0.0000
206     A         D          206           ALA           93.29           638      0      0     8.791     1.000     1.000     0.1740      0.0000      0.0000      0.0000
207     A         D          207           ASP           94.96           638      0      0     8.791     1.000     1.000     0.1740      0.0000      0.0000      0.0000
208     A         D          208           PRO           95.39           638      0      0     8.791     1.000     1.000     0.1708      0.0000      0.0000      0.0000
209     A         D          209           PRO           95.79           638      0      0     8.791     1.000     1.000     0.1752      0.0000      0.0000      0.0000
210     A         D          210           LYS           95.18           638      0      0     8.791     1.000     1.000     0.1736      0.0000      0.0000      0.0000
211     A         D          211           THR           94.52           638      0      0     8.791     1.000     1.000     0.1780      0.0000      0.0000      0.0000
212     A         D          212           HIS           93.32           638      0      0     8.791     1.000     1.000     0.1706      0.0000      0.0000      0.0000
213     A         D          213           VAL           93.72           638      0      0     8.791     1.000     1.000     0.1816      0.0000      0.0000      0.0000
214     A         D          214           THR           93.03           638      0      0     8.791     1.000     1.000     0.1703      0.0000      0.0000      0.0000
215     A         D          215           HIS           91.72           638      0      0     8.791     1.000     1.000     0.1657      0.0000      0.0000      0.0000
216     A         D          216           HIS           91.89           638      0      0     8.791     1.000     1.000     0.1561      0.0000      0.0000      0.0000
217     A         D          217           PRO           91.30           638      0      0     8.791     1.000     1.000     0.1371      0.0000      0.0000      0.0000
218     A         D          218           VAL           90.73           638      0      0     8.791     1.000     1.000     0.1289      0.0000      0.0000      0.0000
219     A         D          219           SER           90.50           638      0      0     8.791     1.000     1.000     0.1211      0.0000      0.0000      0.0000
220     A         D          220           ASP           91.35           638      0      0     8.791     1.000     1.000     0.1133      0.0000      0.0000      0.0000
221     A         D          221           HIS           92.69           638      0      0     8.791     1.000     1.000     0.1088      0.0000      0.0000      0.0000
222     A         D          222           GLU           91.52           638      0      0     8.791     1.000     1.000     0.1310      0.0000      0.0000      0.0000
223     A         D          223           ALA           91.77           638      0      0     8.791     1.000     1.000     0.1475      0.0000      0.0000      0.0000
224     A         D          224           THR           93.24           638      0      0     8.791     1.000     1.000     0.1686      0.0000      0.0000      0.0000
225     A         D          225           LEU           93.28           638      0      0     8.791     1.000     1.000     0.1788      0.0000      0.0000      0.0000
226     A         D          226           ARG           94.85           638      0      0     8.791     1.000     1.000     0.1816      0.0000      0.0000      0.0000
227     A         D          227           CYS           94.99           638      0      0     8.791     1.000     1.000     0.1832      0.0000      0.0000      0.0000
228     A         D          228           TRP           95.61           638      0      0     8.791     1.000     1.000     0.1851      0.0000      0.0000      0.0000
229     A         D          229           ALA           95.59           638      0      0     8.791     1.000     1.000     0.1881      0.0000      0.0000      0.0000
230     A         D          230           LEU           95.55           638      0      0     8.791     1.000     1.000     0.1842      0.0000      0.0000      0.0000
231     A         D          231           GLY           95.20           638      0      0     8.791     1.000     1.000     0.1740      0.0000      0.0000      0.0000
232     A         D          232           PHE           96.12           638      0      0     8.791     1.000     1.000     0.1886      0.0000      0.0000      0.0000
233     A         D          233           TYR           95.58           638      0      0     8.791     1.000     1.000     0.1781      0.0000      0.0000      0.0000
234     A         D          234           PRO           94.37           638      0      0     8.791     1.000     1.000     0.1683      0.0000      0.0000      0.0000
235     A         D          235           ALA           95.45           638      0      0     8.791     1.000     1.000     0.1698      0.0000      0.0000      0.0000
236     A         D          236           GLU           94.61           638      0      0     8.791     1.000     1.000     0.1769      0.0000      0.0000      0.0000
237     A         D          237           ILE           95.71           638      0      0     8.791     1.000     1.000     0.1871      0.0000      0.0000      0.0000
238     A         D          238           THR           94.89           638      0      0     8.791     1.000     1.000     0.1742      0.0000      0.0000      0.0000
239     A         D          239           LEU           94.10           638      0      0     8.791     1.000     1.000     0.1643      0.0000      0.0000      0.0000
240     A         D          240           THR           93.79           638      0      0     8.791     1.000     1.000     0.1673      0.0000      0.0000      0.0000
241     A         D          241           TRP           94.34           638      0      0     8.791     1.000     1.000     0.1775      0.0000      0.0000      0.0000
242     A         D          242           GLN           93.29           638      0      0     8.791     1.000     1.000     0.1633      0.0000      0.0000      0.0000
243     A         D          243           ARG           91.71           638      0      0     8.791     1.000     1.000     0.1475      0.0000      0.0000      0.0000
244     A         D          244           ASP           90.39           638      0      0     8.791     1.000     1.000     0.1279      0.0000      0.0000      0.0000
245     A         D          245           GLY           88.39           638      0      0     8.791     1.000     1.000     0.1175      0.0000      0.0000      0.0000
246     A         D          246           GLU           90.22           638      0      0     8.791     1.000     1.000     0.1248      0.0000      0.0000      0.0000
247     A         D          247           ASP           89.79           638      0      0     8.791     1.000     1.000     0.1354      0.0000      0.0000      0.0000
248     A         D          248           GLN           88.18           638      0      0     8.791     1.000     1.000     0.1267      0.0000      0.0000      0.0000
249     A         D          249           THR           86.92           638      0      0     8.791     1.000     1.000     0.1120      0.0000      0.0000      0.0000
250     A         D          250           GLN           83.34           638      0      0     8.791     1.000     1.000     0.1024      0.0000      0.0000      0.0000
251     A         D          251           ASP           85.95           638      0      0     8.791     1.000     1.000     0.1047      0.0000      0.0000      0.0000
252     A         D          252           THR           89.90           638      0      0     8.791     1.000     1.000     0.1377      0.0000      0.0000      0.0000
253     A         D          253           GLU           92.31           638      0      0     8.791     1.000     1.000     0.1585      0.0000      0.0000      0.0000
254     A         D          254           LEU           93.63           638      0      0     8.791     1.000     1.000     0.1613      0.0000      0.0000      0.0000
255     A         D          255           VAL           94.09           638      0      0     8.791     1.000     1.000     0.1688      0.0000      0.0000      0.0000
256     A         D          256           GLU           94.48           638      0      0     8.791     1.000     1.000     0.1688      0.0000      0.0000      0.0000
257     A         D          257           THR           96.01           638      0      0     8.791     1.000     1.000     0.1851      0.0000      0.0000      0.0000
258     A         D          258           ARG           96.47           638      0      0     8.791     1.000     1.000     0.1824      0.0000      0.0000      0.0000
259     A         D          259           PRO           96.49           638      0      0     8.791     1.000     1.000     0.1781      0.0000      0.0000      0.0000
260     A         D          260           ALA           95.04           638      0      0     8.791     1.000     1.000     0.1788      0.0000      0.0000      0.0000
261     A         D          261           GLY           93.59           638      0      0     8.791     1.000     1.000     0.1643      0.0000      0.0000      0.0000
262     A         D          262           ASP           92.63           638      0      0     8.791     1.000     1.000     0.1614      0.0000      0.0000      0.0000
263     A         D          263           ARG           92.66           638      0      0     8.791     1.000     1.000     0.1552      0.0000      0.0000      0.0000
264     A         D          264           THR           94.55           638      0      0     8.791     1.000     1.000     0.1778      0.0000      0.0000      0.0000
265     A         D          265           PHE           96.48           638      0      0     8.791     1.000     1.000     0.1917      0.0000      0.0000      0.0000
266     A         D          266           GLN           96.65           638      0      0     8.791     1.000     1.000     0.1898      0.0000      0.0000      0.0000
267     A         D          267           LYS           96.45           638      0      0     8.791     1.000     1.000     0.1908      0.0000      0.0000      0.0000
268     A         D          268           TRP           95.49           638      0      0     8.791     1.000     1.000     0.1803      0.0000      0.0000      0.0000
269     A         D          269           ALA           95.04           638      0      0     8.791     1.000     1.000     0.1800      0.0000      0.0000      0.0000
270     A         D          270           ALA           94.68           638      0      0     8.791     1.000     1.000     0.1719      0.0000      0.0000      0.0000
271     A         D          271           VAL           93.67           638      0      0     8.791     1.000     1.000     0.1678      0.0000      0.0000      0.0000
272     A         D          272           VAL           93.00           638      0      0     8.791     1.000     1.000     0.1684      0.0000      0.0000      0.0000
273     A         D          273           VAL           92.75           638      0      0     8.791     1.000     1.000     0.1560      0.0000      0.0000      0.0000
274     A         D          274           PRO           91.66           638      0      0     8.791     1.000     1.000     0.1432      0.0000      0.0000      0.0000
275     A         D          275           SER           90.08           638      0      0     8.791     1.000     1.000     0.1227      0.0000      0.0000      0.0000
276     A         D          276           GLY           89.16           638      0      0     8.791     1.000     1.000     0.1131      0.0000      0.0000      0.0000
277     A         D          277           GLU           89.58           638      0      0     8.791     1.000     1.000     0.1265      0.0000      0.0000      0.0000
278     A         D          278           GLU           89.02           638      0      0     8.791     1.000     1.000     0.1406      0.0000      0.0000      0.0000
279     A         D          279           GLN           90.78           638      0      0     8.791     1.000     1.000     0.1427      0.0000      0.0000      0.0000
280     A         D          280           ARG           91.18           638      0      0     8.791     1.000     1.000     0.1453      0.0000      0.0000      0.0000
281     A         D          281           TYR           92.75           638      0      0     8.791     1.000     1.000     0.1686      0.0000      0.0000      0.0000
282     A         D          282           THR           93.81           638      0      0     8.791     1.000     1.000     0.1679      0.0000      0.0000      0.0000
283     A         D          283           CYS           94.08           638      0      0     8.791     1.000     1.000     0.1742      0.0000      0.0000      0.0000
284     A         D          284           HIS           94.59           638      0      0     8.791     1.000     1.000     0.1776      0.0000      0.0000      0.0000
285     A         D          285           VAL           95.51           638      0      0     8.791     1.000     1.000     0.1830      0.0000      0.0000      0.0000
286     A         D          286           GLN           95.50           638      0      0     8.791     1.000     1.000     0.1740      0.0000      0.0000      0.0000
287     A         D          287           HIS           95.09           638      0      0     8.791     1.000     1.000     0.1717      0.0000      0.0000      0.0000
288     A         D          288           GLU           92.81           638      0      0     8.791     1.000     1.000     0.1480      0.0000      0.0000      0.0000
289     A         D          289           GLY           92.32           638      0      0     8.791     1.000     1.000     0.1526      0.0000      0.0000      0.0000
290     A         D          290           LEU           93.31           638      0      0     8.791     1.000     1.000     0.1620      0.0000      0.0000      0.0000
291     A         D          291           PRO           92.39           638      0      0     8.791     1.000     1.000     0.1392      0.0000      0.0000      0.0000
292     A         D          292           LYS           93.81           638      0      0     8.791     1.000     1.000     0.1389      0.0000      0.0000      0.0000
293     A         D          293           PRO           93.05           638      0      0     8.791     1.000     1.000     0.1500      0.0000      0.0000      0.0000
294     A         D          294           LEU           93.47           638      0      0     8.791     1.000     1.000     0.1555      0.0000      0.0000      0.0000
295     A         D          295           THR           93.59           638      0      0     8.791     1.000     1.000     0.1609      0.0000      0.0000      0.0000
296     A         D          296           LEU           92.75           638      0      0     8.791     1.000     1.000     0.1530      0.0000      0.0000      0.0000
297     A         D          297           ARG           91.07           638      0      0     8.791     1.000     1.000     0.1481      0.0000      0.0000      0.0000
298     A         D          298           TRP           90.10           638      0      0     8.791     1.000     1.000     0.1345      0.0000      0.0000      0.0000
299     A         D          299           GLU           84.86           638      0      0     8.791     1.000     1.000     0.1023      0.0000      0.0000      0.0000
300     A         D          300           PRO           78.25           638      0      0     8.791     1.000     1.000     0.0921      0.0000      0.0000      0.0000
301     A         D          301           SER           67.19           638      0      0     8.791     1.000     1.000     0.0788      0.0000      0.0000      0.0000
302     A         D          302           SER           49.91           638      0      0     8.791     1.000     1.000     0.0752      0.0000      0.0000      0.0000
303     A         D          303           GLN           36.71           638      0      0     8.791     1.000     1.000     0.0737      0.0000      0.0000      0.0000
304     A         D          304           SER           35.68           638      0      0     8.791     1.000     1.000     0.0730      0.0000      0.0000      0.0000
305     A         D          305           THR           29.92           638      0      0     8.791     1.000     1.000     0.0726      0.0000      0.0000      0.0000
306     A         D          306           ILE           34.49           638      0      0     8.791     1.000     1.000     0.0728      0.0000      0.0000      0.0000
307     A         D          307           PRO           31.28           638      0      0     8.791     1.000     1.000     0.0723      0.0000      0.0000      0.0000
308     A         D          308           ILE           33.20           638      0      0     8.791     1.000     1.000     0.0725      0.0000      0.0000      0.0000
309     A         D          309           VAL           32.68           638      0      0     8.791     1.000     1.000     0.0723      0.0000      0.0000      0.0000
310     A         D          310           GLY           33.30           638      0      0     8.791     1.000     1.000     0.0722      0.0000      0.0000      0.0000
311     A         D          311           ILE           34.50           638      0      0     8.791     1.000     1.000     0.0725      0.0000      0.0000      0.0000
312     A         D          312           VAL           35.36           638      0      0     8.791     1.000     1.000     0.0725      0.0000      0.0000      0.0000
313     A         D          313           ALA           36.84           638      0      0     8.791     1.000     1.000     0.0721      0.0000      0.0000      0.0000
314     A         D          314           GLY           37.49           638      0      0     8.791     1.000     1.000     0.0721      0.0000      0.0000      0.0000
315     A         D          315           LEU           36.34           638      0      0     8.791     1.000     1.000     0.0723      0.0000      0.0000      0.0000
316     A         D          316           ALA           35.12           638      0      0     8.791     1.000     1.000     0.0719      0.0000      0.0000      0.0000
317     A         D          317           VAL           37.12           638      0      0     8.791     1.000     1.000     0.0719      0.0000      0.0000      0.0000
318     A         D          318           LEU           36.68           638      0      0     8.791     1.000     1.000     0.0720      0.0000      0.0000      0.0000
319     A         D          319           ALA           35.13           638      0      0     8.791     1.000     1.000     0.0718      0.0000      0.0000      0.0000
320     A         D          320           VAL           36.39           638      0      0     8.791     1.000     1.000     0.0717      0.0000      0.0000      0.0000
321     A         D          321           VAL           38.60           638      0      0     8.791     1.000     1.000     0.0717      0.0000      0.0000      0.0000
322     A         D          322           VAL           36.09           638      0      0     8.791     1.000     1.000     0.0717      0.0000      0.0000      0.0000
323     A         D          323           ILE           31.67           638      0      0     8.791     1.000     1.000     0.0717      0.0000      0.0000      0.0000
324     A         D          324           GLY           37.44           638      0      0     8.791     1.000     1.000     0.0717      0.0000      0.0000      0.0000
325     A         D          325           ALA           38.61           638      0      0     8.791     1.000     1.000     0.0715      0.0000      0.0000      0.0000
326     A         D          326           VAL           33.12           638      0      0     8.791     1.000     1.000     0.0717      0.0000      0.0000      0.0000
327     A         D          327           VAL           33.75           638      0      0     8.791     1.000     1.000     0.0716      0.0000      0.0000      0.0000
328     A         D          328           ALA           40.78           638      0      0     8.791     1.000     1.000     0.0715      0.0000      0.0000      0.0000
329     A         D          329           THR           38.57           638      0      0     8.791     1.000     1.000     0.0715      0.0000      0.0000      0.0000
330     A         D          330           VAL           36.56           638      0      0     8.791     1.000     1.000     0.0718      0.0000      0.0000      0.0000
331     A         D          331           MET           36.93           638      0      0     8.791     1.000     1.000     0.0716      0.0000      0.0000      0.0000
332     A         D          332           CYS           39.64           638      0      0     8.791     1.000     1.000     0.0714      0.0000      0.0000      0.0000
333     A         D          333           ARG           35.03           638      0      0     8.791     1.000     1.000     0.0715      0.0000      0.0000      0.0000
334     A         D          334           ARG           35.04           638      0      0     8.791     1.000     1.000     0.0715      0.0000      0.0000      0.0000
335     A         D          335           LYS           33.03           638      0      0     8.791     1.000     1.000     0.0714      0.0000      0.0000      0.0000
336     A         D          336           SER           30.20           638      0      0     8.791     1.000     1.000     0.0714      0.0000      0.0000      0.0000
337     A         D          337           SER           28.32           638      0      0     8.791     1.000     1.000     0.0714      0.0000      0.0000      0.0000
338     A         D          338           GLY           27.33           638      0      0     8.791     1.000     1.000     0.0714      0.0000      0.0000      0.0000
339     A         D          339           GLY           25.65           638      0      0     8.791     1.000     1.000     0.0714      0.0000      0.0000      0.0000
340     A         D          340           LYS           25.85           638      0      0     8.791     1.000     1.000     0.0714      0.0000      0.0000      0.0000
341     A         D          341           GLY           26.81           638      0      0     8.791     1.000     1.000     0.0714      0.0000      0.0000      0.0000
342     A         D          342           GLY           26.51           638      0      0     8.791     1.000     1.000     0.0714      0.0000      0.0000      0.0000
343     A         D          343           SER           24.76           638      0      0     8.791     1.000     1.000     0.0714      0.0000      0.0000      0.0000
344     A         D          344           TYR           24.90           638      0      0     8.791     1.000     1.000     0.0715      0.0000      0.0000      0.0000
345     A         D          345           SER           24.10           638      0      0     8.791     1.000     1.000     0.0714      0.0000      0.0000      0.0000
346     A         D          346           GLN           23.71           638      0      0     8.791     1.000     1.000     0.0715      0.0000      0.0000      0.0000
347     A         D          347           ALA           26.26           638      0      0     8.791     1.000     1.000     0.0715      0.0000      0.0000      0.0000
348     A         D          348           ALA           25.34           638      0      0     8.791     1.000     1.000     0.0715      0.0000      0.0000      0.0000
349     A         D          349           SER           22.76           638      0      0     8.791     1.000     1.000     0.0715      0.0000      0.0000      0.0000
350     A         D          350           SER           24.13           638      0      0     8.791     1.000     1.000     0.0715      0.0000      0.0000      0.0000
351     A         D          351           ASP           28.01           638      0      0     8.791     1.000     1.000     0.0716      0.0000      0.0000      0.0000
352     A         D          352           SER           23.39           638      0      0     8.791     1.000     1.000     0.0716      0.0000      0.0000      0.0000
353     A         D          353           ALA           23.25           638      0      0     8.791     1.000     1.000     0.0716      0.0000      0.0000      0.0000
354     A         D          354           GLN           23.05           638      0      0     8.791     1.000     1.000     0.0717      0.0000      0.0000      0.0000
355     A         D          355           GLY           23.37           638      0      0     8.791     1.000     1.000     0.0715      0.0000      0.0000      0.0000
356     A         D          356           SER           22.92           638      0      0     8.791     1.000     1.000     0.0717      0.0000      0.0000      0.0000
357     A         D          357           ASP           23.62           638      0      0     8.791     1.000     1.000     0.0718      0.0000      0.0000      0.0000
358     A         D          358           VAL           20.38           638      0      0     8.791     1.000     1.000     0.0717      0.0000      0.0000      0.0000
359     A         D          359           SER           17.79           638      0      0     8.791     1.000     1.000     0.0718      0.0000      0.0000      0.0000
360     A         D          360           LEU           18.04           638      0      0     8.791     1.000     1.000     0.0719      0.0000      0.0000      0.0000
361     A         D          361           THR           19.43           638      0      0     8.791     1.000     1.000     0.0719      0.0000      0.0000      0.0000
362     A         D          362           ALA           12.93           638      0      0     8.791     1.000     1.000     0.0718      0.0000      0.0000      0.0000
1       A         E            1           MET           19.92           674      0      0     8.991     1.000     1.000     0.0748      0.0000      0.0000      0.0000
2       A         E            2           ARG           25.98           674      0      0     8.991     1.000     1.000     0.0749      0.0000      0.0000      0.0000
3       A         E            3           VAL           27.14           674      0      0     8.991     1.000     1.000     0.0749      0.0000      0.0000      0.0000
4       A         E            4           THR           28.20           674      0      0     8.991     1.000     1.000     0.0750      0.0000      0.0000      0.0000
5       A         E            5           ALA           31.12           674      0      0     8.991     1.000     1.000     0.0750      0.0000      0.0000      0.0000
6       A         E            6           PRO           31.54           674      0      0     8.991     1.000     1.000     0.0751      0.0000      0.0000      0.0000
7       A         E            7           ARG           30.03           674      0      0     8.991     1.000     1.000     0.0753      0.0000      0.0000      0.0000
8       A         E            8           THR           30.35           674      0      0     8.991     1.000     1.000     0.0753      0.0000      0.0000      0.0000
9       A         E            9           VAL           28.37           674      0      0     8.991     1.000     1.000     0.0759      0.0000      0.0000      0.0000
10      A         E           10           LEU           29.04           674      0      0     8.991     1.000     1.000     0.0759      0.0000      0.0000      0.0000
11      A         E           11           LEU           27.96           674      0      0     8.991     1.000     1.000     0.0762      0.0000      0.0000      0.0000
12      A         E           12           LEU           30.79           674      0      0     8.991     1.000     1.000     0.0762      0.0000      0.0000      0.0000
13      A         E           13           LEU           32.02           674      0      0     8.991     1.000     1.000     0.0766      0.0000      0.0000      0.0000
14      A         E           14           TRP           31.99           674      0      0     8.991     1.000     1.000     0.0769      0.0000      0.0000      0.0000
15      A         E           15           GLY           31.14           674      0      0     8.991     1.000     1.000     0.0769      0.0000      0.0000      0.0000
16      A         E           16           ALA           35.44           674      0      0     8.991     1.000     1.000     0.0774      0.0000      0.0000      0.0000
17      A         E           17           VAL           34.81           674      0      0     8.991     1.000     1.000     0.0780      0.0000      0.0000      0.0000
18      A         E           18           ALA           39.84           674      0      0     8.991     1.000     1.000     0.0784      0.0000      0.0000      0.0000
19      A         E           19           LEU           42.79           674      0      0     8.991     1.000     1.000     0.0796      0.0000      0.0000      0.0000
20      A         E           20           THR           44.38           674      0      0     8.991     1.000     1.000     0.0830      0.0000      0.0000      0.0000
21      A         E           21           GLU           53.26           674      0      0     8.991     1.000     1.000     0.0829      0.0000      0.0000      0.0000
22      A         E           22           THR           65.11           674      0      0     8.991     1.000     1.000     0.0948      0.0000      0.0000      0.0000
23      A         E           23           TRP           71.74           674      0      0     8.991     1.000     1.000     0.1091      0.0000      0.0000      0.0000
24      A         E           24           ALA           67.35           674      0      0     8.991     1.000     1.000     0.0992      0.0000      0.0000      0.0000
25      A         E           25           GLY           83.52           674      0      0     8.991     1.000     1.000     0.1170      0.0000      0.0000      0.0000
26      A         E           26           SER           91.83           674      0      0     8.991     1.000     1.000     0.1791      0.0000      0.0000      0.0000
27      A         E           27           HIS           95.17           674      0      0     8.991     1.000     1.000     0.2113      0.0000      0.0000      0.0000
28      A         E           28           SER           96.33           674      0      0     8.991     1.000     1.000     0.2126      0.0000      0.0000      0.0000
29      A         E           29           MET           97.10           674      0      0     8.991     1.000     1.000     0.2223      0.0000      0.0000      0.0000
30      A         E           30           ARG           97.15           674      0      0     8.991     1.000     1.000     0.2219      0.0000      0.0000      0.0000
31      A         E           31           TYR           97.08           674      0      0     8.991     1.000     1.000     0.2243      0.0000      0.0000      0.0000
32      A         E           32           PHE           97.57           674      0      0     8.991     1.000     1.000     0.2255      0.0000      0.0000      0.0000
33      A         E           33           TYR           97.31           674      0      0     8.991     1.000     1.000     0.2256      0.0000      0.0000      0.0000
34      A         E           34           THR           97.44           674      0      0     8.991     1.000     1.000     0.2226      0.0000      0.0000      0.0000
35      A         E           35           ALA           96.95           674      0      0     8.991     1.000     1.000     0.2250      0.0000      0.0000      0.0000
36      A         E           36           MET           96.66           674      0      0     8.991     1.000     1.000     0.2124      0.0000      0.0000      0.0000
37      A         E           37           SER           96.00           674      0      0     8.991     1.000     1.000     0.2154      0.0000      0.0000      0.0000
38      A         E           38           ARG           94.11           674      0      0     8.991     1.000     1.000     0.1988      0.0000      0.0000      0.0000
39      A         E           39           PRO           92.98           674      0      0     8.991     1.000     1.000     0.1823      0.0000      0.0000      0.0000
40      A         E           40           GLY           91.21           674      0      0     8.991     1.000     1.000     0.1731      0.0000      0.0000      0.0000
41      A         E           41           ARG           91.64           674      0      0     8.991     1.000     1.000     0.1737      0.0000      0.0000      0.0000
42      A         E           42           GLY           90.42           674      0      0     8.991     1.000     1.000     0.1843      0.0000      0.0000      0.0000
43      A         E           43           GLU           90.79           674      0      0     8.991     1.000     1.000     0.2055      0.0000      0.0000      0.0000
44      A         E           44           PRO           94.65           674      0      0     8.991     1.000     1.000     0.2260      0.0000      0.0000      0.0000
45      A         E           45           ARG           96.44           674      0      0     8.991     1.000     1.000     0.2330      0.0000      0.0000      0.0000
46      A         E           46           PHE           96.71           674      0      0     8.991     1.000     1.000     0.2276      0.0000      0.0000      0.0000
47      A         E           47           ILE           97.37           674      0      0     8.991     1.000     1.000     0.2247      0.0000      0.0000      0.0000
48      A         E           48           ALA           97.34           674      0      0     8.991     1.000     1.000     0.2209      0.0000      0.0000      0.0000
49      A         E           49           VAL           97.48           674      0      0     8.991     1.000     1.000     0.2178      0.0000      0.0000      0.0000
50      A         E           50           GLY           97.27           674      0      0     8.991     1.000     1.000     0.2155      0.0000      0.0000      0.0000
51      A         E           51           TYR           97.13           674      0      0     8.991     1.000     1.000     0.2234      0.0000      0.0000      0.0000
52      A         E           52           VAL           97.18           674      0      0     8.991     1.000     1.000     0.2263      0.0000      0.0000      0.0000
53      A         E           53           ASP           95.21           674      0      0     8.991     1.000     1.000     0.2150      0.0000      0.0000      0.0000
54      A         E           54           ASP           95.10           674      0      0     8.991     1.000     1.000     0.2093      0.0000      0.0000      0.0000
55      A         E           55           THR           96.06           674      0      0     8.991     1.000     1.000     0.2185      0.0000      0.0000      0.0000
56      A         E           56           GLN           97.11           674      0      0     8.991     1.000     1.000     0.2233      0.0000      0.0000      0.0000
57      A         E           57           PHE           97.20           674      0      0     8.991     1.000     1.000     0.2218      0.0000      0.0000      0.0000
58      A         E           58           VAL           96.98           674      0      0     8.991     1.000     1.000     0.2222      0.0000      0.0000      0.0000
59      A         E           59           ARG           97.07           674      0      0     8.991     1.000     1.000     0.2234      0.0000      0.0000      0.0000
60      A         E           60           PHE           97.20           674      0      0     8.991     1.000     1.000     0.2260      0.0000      0.0000      0.0000
61      A         E           61           ASP           96.79           674      0      0     8.991     1.000     1.000     0.2287      0.0000      0.0000      0.0000
62      A         E           62           SER           95.58           674      0      0     8.991     1.000     1.000     0.2254      0.0000      0.0000      0.0000
63      A         E           63           ASP           94.14           674      0      0     8.991     1.000     1.000     0.2094      0.0000      0.0000      0.0000
64      A         E           64           ALA           92.77           674      0      0     8.991     1.000     1.000     0.1858      0.0000      0.0000      0.0000
65      A         E           65           ALA           90.96           674      0      0     8.991     1.000     1.000     0.1671      0.0000      0.0000      0.0000
66      A         E           66           SER           91.03           674      0      0     8.991     1.000     1.000     0.1695      0.0000      0.0000      0.0000
67      A         E           67           PRO           93.27           674      0      0     8.991     1.000     1.000     0.1922      0.0000      0.0000      0.0000
68      A         E           68           ARG           94.43           674      0      0     8.991     1.000     1.000     0.2217      0.0000      0.0000      0.0000
69      A         E           69           THR           96.32           674      0      0     8.991     1.000     1.000     0.2312      0.0000      0.0000      0.0000
70      A         E           70           GLU           95.93           674      0      0     8.991     1.000     1.000     0.2301      0.0000      0.0000      0.0000
71      A         E           71           PRO           96.45           674      0      0     8.991     1.000     1.000     0.2313      0.0000      0.0000      0.0000
72      A         E           72           ARG           95.25           674      0      0     8.991     1.000     1.000     0.2247      0.0000      0.0000      0.0000
73      A         E           73           ALA           94.71           674      0      0     8.991     1.000     1.000     0.2114      0.0000      0.0000      0.0000
74      A         E           74           PRO           94.26           674      0      0     8.991     1.000     1.000     0.2108      0.0000      0.0000      0.0000
75      A         E           75           TRP           95.50           674      0      0     8.991     1.000     1.000     0.2233      0.0000      0.0000      0.0000
76      A         E           76           ILE           96.62           674      0      0     8.991     1.000     1.000     0.2248      0.0000      0.0000      0.0000
77      A         E           77           GLU           94.51           674      0      0     8.991     1.000     1.000     0.2223      0.0000      0.0000      0.0000
78      A         E           78           GLN           93.25           674      0      0     8.991     1.000     1.000     0.2015      0.0000      0.0000      0.0000
79      A         E           79           GLU           93.61           674      0      0     8.991     1.000     1.000     0.2158      0.0000      0.0000      0.0000
80      A         E           80           GLY           91.93           674      0      0     8.991     1.000     1.000     0.2133      0.0000      0.0000      0.0000
81      A         E           81           PRO           92.04           674      0      0     8.991     1.000     1.000     0.2229      0.0000      0.0000      0.0000
82      A         E           82           GLU           88.51           674      0      0     8.991     1.000     1.000     0.2219      0.0000      0.0000      0.0000
83      A         E           83           TYR           93.34           674      0      0     8.991     1.000     1.000     0.2394      0.0000      0.0000      0.0000
84      A         E           84           TRP           94.47           674      0      0     8.991     1.000     1.000     0.2486      0.0000      0.0000      0.0000
85      A         E           85           ASP           89.79           674      0      0     8.991     1.000     1.000     0.2373      0.0000      0.0000      0.0000
86      A         E           86           ARG           88.18           674      0      0     8.991     1.000     1.000     0.2406      0.0000      0.0000      0.0000
87      A         E           87           ASN           92.81           674      0      0     8.991     1.000     1.000     0.2406      0.0000      0.0000      0.0000
88      A         E           88           THR           93.18           674      0      0     8.991     1.000     1.000     0.2434      0.0000      0.0000      0.0000
89      A         E           89           GLN           86.42           674      0      0     8.991     1.000     1.000     0.2286      0.0000      0.0000      0.0000
90      A         E           90           ILE           88.87           674      0      0     8.991     1.000     1.000     0.2387      0.0000      0.0000      0.0000
91      A         E           91           PHE           93.36           674      0      0     8.991     1.000     1.000     0.2399      0.0000      0.0000      0.0000
92      A         E           92           LYS           88.81           674      0      0     8.991     1.000     1.000     0.2368      0.0000      0.0000      0.0000
93      A         E           93           THR           84.95           674      0      0     8.991     1.000     1.000     0.2276      0.0000      0.0000      0.0000
94      A         E           94           ASN           91.02           674      0      0     8.991     1.000     1.000     0.2366      0.0000      0.0000      0.0000
95      A         E           95           THR           91.87           674      0      0     8.991     1.000     1.000     0.2362      0.0000      0.0000      0.0000
96      A         E           96           GLN           84.79           674      0      0     8.991     1.000     1.000     0.2278      0.0000      0.0000      0.0000
97      A         E           97           THR           87.31           674      0      0     8.991     1.000     1.000     0.2296      0.0000      0.0000      0.0000
98      A         E           98           TYR           92.23           674      0      0     8.991     1.000     1.000     0.2307      0.0000      0.0000      0.0000
99      A         E           99           ARG           88.46           674      0      0     8.991     1.000     1.000     0.2331      0.0000      0.0000      0.0000
100     A         E          100           GLU           85.08           674      0      0     8.991     1.000     1.000     0.2232      0.0000      0.0000      0.0000
101     A         E          101           ASN           89.99           674      0      0     8.991     1.000     1.000     0.2267      0.0000      0.0000      0.0000
102     A         E          102           LEU           92.19           674      0      0     8.991     1.000     1.000     0.2276      0.0000      0.0000      0.0000
103     A         E          103           ARG           86.16           674      0      0     8.991     1.000     1.000     0.2247      0.0000      0.0000      0.0000
104     A         E          104           ILE           86.48           674      0      0     8.991     1.000     1.000     0.2175      0.0000      0.0000      0.0000
105     A         E          105           ALA           91.78           674      0      0     8.991     1.000     1.000     0.2217      0.0000      0.0000      0.0000
106     A         E          106           LEU           90.22           674      0      0     8.991     1.000     1.000     0.2236      0.0000      0.0000      0.0000
107     A         E          107           ARG           85.48           674      0      0     8.991     1.000     1.000     0.2121      0.0000      0.0000      0.0000
108     A         E          108           TYR           88.09           674      0      0     8.991     1.000     1.000     0.2196      0.0000      0.0000      0.0000
109     A         E          109           TYR           91.89           674      0      0     8.991     1.000     1.000     0.2228      0.0000      0.0000      0.0000
110     A         E          110           ASN           90.08           674      0      0     8.991     1.000     1.000     0.2113      0.0000      0.0000      0.0000
111     A         E          111           GLN           91.45           674      0      0     8.991     1.000     1.000     0.2075      0.0000      0.0000      0.0000
112     A         E          112           SER           91.74           674      0      0     8.991     1.000     1.000     0.1931      0.0000      0.0000      0.0000
113     A         E          113           GLU           89.00           674      0      0     8.991     1.000     1.000     0.1802      0.0000      0.0000      0.0000
114     A         E          114           ALA           91.88           674      0      0     8.991     1.000     1.000     0.1778      0.0000      0.0000      0.0000
115     A         E          115           GLY           92.93           674      0      0     8.991     1.000     1.000     0.1847      0.0000      0.0000      0.0000
116     A         E          116           SER           95.22           674      0      0     8.991     1.000     1.000     0.2124      0.0000      0.0000      0.0000
117     A         E          117           HIS           96.40           674      0      0     8.991     1.000     1.000     0.2232      0.0000      0.0000      0.0000
118     A         E          118           THR           97.09           674      0      0     8.991     1.000     1.000     0.2199      0.0000      0.0000      0.0000
119     A         E          119           TRP           96.90           674      0      0     8.991     1.000     1.000     0.2202      0.0000      0.0000      0.0000
120     A         E          120           GLN           96.93           674      0      0     8.991     1.000     1.000     0.2183      0.0000      0.0000      0.0000
121     A         E          121           THR           96.91           674      0      0     8.991     1.000     1.000     0.2197      0.0000      0.0000      0.0000
122     A         E          122           MET           97.00           674      0      0     8.991     1.000     1.000     0.2163      0.0000      0.0000      0.0000
123     A         E          123           TYR           96.85           674      0      0     8.991     1.000     1.000     0.2222      0.0000      0.0000      0.0000
124     A         E          124           GLY           96.47           674      0      0     8.991     1.000     1.000     0.2117      0.0000      0.0000      0.0000
125     A         E          125           CYS           96.53           674      0      0     8.991     1.000     1.000     0.2193      0.0000      0.0000      0.0000
126     A         E          126           ASP           96.68           674      0      0     8.991     1.000     1.000     0.2208      0.0000      0.0000      0.0000
127     A         E          127           VAL           95.80           674      0      0     8.991     1.000     1.000     0.2141      0.0000      0.0000      0.0000
128     A         E          128           GLY           93.46           674      0      0     8.991     1.000     1.000     0.1932      0.0000      0.0000      0.0000
129     A         E          129           PRO           90.77           674      0      0     8.991     1.000     1.000     0.1861      0.0000      0.0000      0.0000
130     A         E          130           ASP           90.11           674      0      0     8.991     1.000     1.000     0.1763      0.0000      0.0000      0.0000
131     A         E          131           GLY           89.55           674      0      0     8.991     1.000     1.000     0.1824      0.0000      0.0000      0.0000
132     A         E          132           ARG           90.61           674      0      0     8.991     1.000     1.000     0.1882      0.0000      0.0000      0.0000
133     A         E          133           LEU           94.06           674      0      0     8.991     1.000     1.000     0.2113      0.0000      0.0000      0.0000
134     A         E          134           LEU           94.66           674      0      0     8.991     1.000     1.000     0.2140      0.0000      0.0000      0.0000
135     A         E          135           ARG           95.35           674      0      0     8.991     1.000     1.000     0.2070      0.0000      0.0000      0.0000
136     A         E          136           GLY           96.05           674      0      0     8.991     1.000     1.000     0.2156      0.0000      0.0000      0.0000
137     A         E          137           HIS           96.43           674      0      0     8.991     1.000     1.000     0.2188      0.0000      0.0000      0.0000
138     A         E          138           ASN           96.56           674      0      0     8.991     1.000     1.000     0.2185      0.0000      0.0000      0.0000
139     A         E          139           GLN           96.15           674      0      0     8.991     1.000     1.000     0.2030      0.0000      0.0000      0.0000
140     A         E          140           TYR           96.38           674      0      0     8.991     1.000     1.000     0.2186      0.0000      0.0000      0.0000
141     A         E          141           ALA           96.89           674      0      0     8.991     1.000     1.000     0.2211      0.0000      0.0000      0.0000
142     A         E          142           TYR           96.64           674      0      0     8.991     1.000     1.000     0.2235      0.0000      0.0000      0.0000
143     A         E          143           ASP           96.50           674      0      0     8.991     1.000     1.000     0.2271      0.0000      0.0000      0.0000
144     A         E          144           GLY           95.95           674      0      0     8.991     1.000     1.000     0.2089      0.0000      0.0000      0.0000
145     A         E          145           LYS           95.97           674      0      0     8.991     1.000     1.000     0.2185      0.0000      0.0000      0.0000
146     A         E          146           ASP           96.34           674      0      0     8.991     1.000     1.000     0.2290      0.0000      0.0000      0.0000
147     A         E          147           TYR           96.52           674      0      0     8.991     1.000     1.000     0.2266      0.0000      0.0000      0.0000
148     A         E          148           ILE           96.56           674      0      0     8.991     1.000     1.000     0.2296      0.0000      0.0000      0.0000
149     A         E          149           ALA           96.61           674      0      0     8.991     1.000     1.000     0.2265      0.0000      0.0000      0.0000
150     A         E          150           LEU           96.51           674      0      0     8.991     1.000     1.000     0.2307      0.0000      0.0000      0.0000
151     A         E          151           ASN           96.28           674      0      0     8.991     1.000     1.000     0.2331      0.0000      0.0000      0.0000
152     A         E          152           GLU           95.23           674      0      0     8.991     1.000     1.000     0.2222      0.0000      0.0000      0.0000
153     A         E          153           ASP           95.11           674      0      0     8.991     1.000     1.000     0.2305      0.0000      0.0000      0.0000
154     A         E          154           LEU           95.25           674      0      0     8.991     1.000     1.000     0.2271      0.0000      0.0000      0.0000
155     A         E          155           SER           94.31           674      0      0     8.991     1.000     1.000     0.2215      0.0000      0.0000      0.0000
156     A         E          156           SER           95.67           674      0      0     8.991     1.000     1.000     0.2274      0.0000      0.0000      0.0000
157     A         E          157           TRP           96.38           674      0      0     8.991     1.000     1.000     0.2291      0.0000      0.0000      0.0000
158     A         E          158           THR           96.29           674      0      0     8.991     1.000     1.000     0.2306      0.0000      0.0000      0.0000
159     A         E          159           ALA           95.72           674      0      0     8.991     1.000     1.000     0.2277      0.0000      0.0000      0.0000
160     A         E          160           ALA           94.88           674      0      0     8.991     1.000     1.000     0.2130      0.0000      0.0000      0.0000
161     A         E          161           ASP           93.88           674      0      0     8.991     1.000     1.000     0.2128      0.0000      0.0000      0.0000
162     A         E          162           THR           91.51           674      0      0     8.991     1.000     1.000     0.2155      0.0000      0.0000      0.0000
163     A         E          163           ALA           92.17           674      0      0     8.991     1.000     1.000     0.2230      0.0000      0.0000      0.0000
164     A         E          164           ALA           94.52           674      0      0     8.991     1.000     1.000     0.2290      0.0000      0.0000      0.0000
165     A         E          165           GLN           92.52           674      0      0     8.991     1.000     1.000     0.2362      0.0000      0.0000      0.0000
166     A         E          166           ILE           88.24           674      0      0     8.991     1.000     1.000     0.2373      0.0000      0.0000      0.0000
167     A         E          167           THR           91.31           674      0      0     8.991     1.000     1.000     0.2381      0.0000      0.0000      0.0000
168     A         E          168           GLN           93.14           674      0      0     8.991     1.000     1.000     0.2383      0.0000      0.0000      0.0000
169     A         E          169           ARG           87.18           674      0      0     8.991     1.000     1.000     0.2377      0.0000      0.0000      0.0000
170     A         E          170           LYS           84.44           674      0      0     8.991     1.000     1.000     0.2321      0.0000      0.0000      0.0000
171     A         E          171           TRP           87.90           674      0      0     8.991     1.000     1.000     0.2418      0.0000      0.0000      0.0000
172     A         E          172           GLU           87.58           674      0      0     8.991     1.000     1.000     0.2395      0.0000      0.0000      0.0000
173     A         E          173           ALA           81.26           674      0      0     8.991     1.000     1.000     0.2286      0.0000      0.0000      0.0000
174     A         E          174           ALA           78.98           674      0      0     8.991     1.000     1.000     0.2300      0.0000      0.0000      0.0000
175     A         E          175           ARG           81.51           674      0      0     8.991     1.000     1.000     0.2341      0.0000      0.0000      0.0000
176     A         E          176           GLU           88.06           674      0      0     8.991     1.000     1.000     0.2378      0.0000      0.0000      0.0000
177     A         E          177           ALA           91.55           674      0      0     8.991     1.000     1.000     0.2405      0.0000      0.0000      0.0000
178     A         E          178           GLU           86.67           674      0      0     8.991     1.000     1.000     0.2368      0.0000      0.0000      0.0000
179     A         E          179           GLN           85.42           674      0      0     8.991     1.000     1.000     0.2371      0.0000      0.0000      0.0000
180     A         E          180           LEU           91.28           674      0      0     8.991     1.000     1.000     0.2318      0.0000      0.0000      0.0000
181     A         E          181           ARG           92.94           674      0      0     8.991     1.000     1.000     0.2391      0.0000      0.0000      0.0000
182     A         E          182           ALA           89.06           674      0      0     8.991     1.000     1.000     0.2377      0.0000      0.0000      0.0000
183     A         E          183           TYR           92.18           674      0      0     8.991     1.000     1.000     0.2423      0.0000      0.0000      0.0000
184     A         E          184           LEU           94.63           674      0      0     8.991     1.000     1.000     0.2394      0.0000      0.0000      0.0000
185     A         E          185           GLU           92.22           674      0      0     8.991     1.000     1.000     0.2338      0.0000      0.0000      0.0000
186     A         E          186           GLY           89.82           674      0      0     8.991     1.000     1.000     0.2255      0.0000      0.0000      0.0000
187     A         E          187           LEU           90.74           674      0      0     8.991     1.000     1.000     0.2315      0.0000      0.0000      0.0000
188     A         E          188           CYS           94.65           674      0      0     8.991     1.000     1.000     0.2384      0.0000      0.0000      0.0000
189     A         E          189           VAL           95.06           674      0      0     8.991     1.000     1.000     0.2424      0.0000      0.0000      0.0000
190     A         E          190           GLU           92.73           674      0      0     8.991     1.000     1.000     0.2376      0.0000      0.0000      0.0000
191     A         E          191           TRP           94.58           674      0      0     8.991     1.000     1.000     0.2394      0.0000      0.0000      0.0000
192     A         E          192           LEU           95.59           674      0      0     8.991     1.000     1.000     0.2386      0.0000      0.0000      0.0000
193     A         E          193           ARG           94.30           674      0      0     8.991     1.000     1.000     0.2413      0.0000      0.0000      0.0000
194     A         E          194           ARG           94.48           674      0      0     8.991     1.000     1.000     0.2355      0.0000      0.0000      0.0000
195     A         E          195           HIS           95.66           674      0      0     8.991     1.000     1.000     0.2361      0.0000      0.0000      0.0000
196     A         E          196           LEU           94.96           674      0      0     8.991     1.000     1.000     0.2379      0.0000      0.0000      0.0000
197     A         E          197           GLU           93.13           674      0      0     8.991     1.000     1.000     0.2266      0.0000      0.0000      0.0000
198     A         E          198           ASN           94.67           674      0      0     8.991     1.000     1.000     0.2183      0.0000      0.0000      0.0000
199     A         E          199           GLY           94.08           674      0      0     8.991     1.000     1.000     0.1956      0.0000      0.0000      0.0000
200     A         E          200           LYS           92.95           674      0      0     8.991     1.000     1.000     0.1956      0.0000      0.0000      0.0000
201     A         E          201           GLU           92.78           674      0      0     8.991     1.000     1.000     0.1879      0.0000      0.0000      0.0000
202     A         E          202           THR           93.20           674      0      0     8.991     1.000     1.000     0.1885      0.0000      0.0000      0.0000
203     A         E          203           LEU           94.08           674      0      0     8.991     1.000     1.000     0.2038      0.0000      0.0000      0.0000
204     A         E          204           GLN           92.41           674      0      0     8.991     1.000     1.000     0.2009      0.0000      0.0000      0.0000
205     A         E          205           ARG           92.59           674      0      0     8.991     1.000     1.000     0.1900      0.0000      0.0000      0.0000
206     A         E          206           ALA           93.29           674      0      0     8.991     1.000     1.000     0.1931      0.0000      0.0000      0.0000
207     A         E          207           ASP           94.96           674      0      0     8.991     1.000     1.000     0.1929      0.0000      0.0000      0.0000
208     A         E          208           PRO           95.39           674      0      0     8.991     1.000     1.000     0.1892      0.0000      0.0000      0.0000
209     A         E          209           PRO           95.79           674      0      0     8.991     1.000     1.000     0.1929      0.0000      0.0000      0.0000
210     A         E          210           LYS           95.18           674      0      0     8.991     1.000     1.000     0.1922      0.0000      0.0000      0.0000
211     A         E          211           THR           94.52           674      0      0     8.991     1.000     1.000     0.1961      0.0000      0.0000      0.0000
212     A         E          212           HIS           93.32           674      0      0     8.991     1.000     1.000     0.1872      0.0000      0.0000      0.0000
213     A         E          213           VAL           93.72           674      0      0     8.991     1.000     1.000     0.1989      0.0000      0.0000      0.0000
214     A         E          214           THR           93.03           674      0      0     8.991     1.000     1.000     0.1866      0.0000      0.0000      0.0000
215     A         E          215           HIS           91.72           674      0      0     8.991     1.000     1.000     0.1817      0.0000      0.0000      0.0000
216     A         E          216           HIS           91.89           674      0      0     8.991     1.000     1.000     0.1705      0.0000      0.0000      0.0000
217     A         E          217           PRO           91.30           674      0      0     8.991     1.000     1.000     0.1485      0.0000      0.0000      0.0000
218     A         E          218           VAL           90.73           674      0      0     8.991     1.000     1.000     0.1378      0.0000      0.0000      0.0000
219     A         E          219           SER           90.50           674      0      0     8.991     1.000     1.000     0.1302      0.0000      0.0000      0.0000
220     A         E          220           ASP           91.35           674      0      0     8.991     1.000     1.000     0.1224      0.0000      0.0000      0.0000
221     A         E          221           HIS           92.69           674      0      0     8.991     1.000     1.000     0.1168      0.0000      0.0000      0.0000
222     A         E          222           GLU           91.52           674      0      0     8.991     1.000     1.000     0.1409      0.0000      0.0000      0.0000
223     A         E          223           ALA           91.77           674      0      0     8.991     1.000     1.000     0.1605      0.0000      0.0000      0.0000
224     A         E          224           THR           93.24           674      0      0     8.991     1.000     1.000     0.1836      0.0000      0.0000      0.0000
225     A         E          225           LEU           93.28           674      0      0     8.991     1.000     1.000     0.1960      0.0000      0.0000      0.0000
226     A         E          226           ARG           94.85           674      0      0     8.991     1.000     1.000     0.1995      0.0000      0.0000      0.0000
227     A         E          227           CYS           94.99           674      0      0     8.991     1.000     1.000     0.2012      0.0000      0.0000      0.0000
228     A         E          228           TRP           95.61           674      0      0     8.991     1.000     1.000     0.2049      0.0000      0.0000      0.0000
229     A         E          229           ALA           95.59           674      0      0     8.991     1.000     1.000     0.2070      0.0000      0.0000      0.0000
230     A         E          230           LEU           95.55           674      0      0     8.991     1.000     1.000     0.2045      0.0000      0.0000      0.0000
231     A         E          231           GLY           95.20           674      0      0     8.991     1.000     1.000     0.1932      0.0000      0.0000      0.0000
232     A         E          232           PHE           96.12           674      0      0     8.991     1.000     1.000     0.2079      0.0000      0.0000      0.0000
233     A         E          233           TYR           95.58           674      0      0     8.991     1.000     1.000     0.1982      0.0000      0.0000      0.0000
234     A         E          234           PRO           94.37           674      0      0     8.991     1.000     1.000     0.1874      0.0000      0.0000      0.0000
235     A         E          235           ALA           95.45           674      0      0     8.991     1.000     1.000     0.1892      0.0000      0.0000      0.0000
236     A         E          236           GLU           94.61           674      0      0     8.991     1.000     1.000     0.1974      0.0000      0.0000      0.0000
237     A         E          237           ILE           95.71           674      0      0     8.991     1.000     1.000     0.2065      0.0000      0.0000      0.0000
238     A         E          238           THR           94.89           674      0      0     8.991     1.000     1.000     0.1930      0.0000      0.0000      0.0000
239     A         E          239           LEU           94.10           674      0      0     8.991     1.000     1.000     0.1790      0.0000      0.0000      0.0000
240     A         E          240           THR           93.79           674      0      0     8.991     1.000     1.000     0.1828      0.0000      0.0000      0.0000
241     A         E          241           TRP           94.34           674      0      0     8.991     1.000     1.000     0.1944      0.0000      0.0000      0.0000
242     A         E          242           GLN           93.29           674      0      0     8.991     1.000     1.000     0.1779      0.0000      0.0000      0.0000
243     A         E          243           ARG           91.71           674      0      0     8.991     1.000     1.000     0.1599      0.0000      0.0000      0.0000
244     A         E          244           ASP           90.39           674      0      0     8.991     1.000     1.000     0.1367      0.0000      0.0000      0.0000
245     A         E          245           GLY           88.39           674      0      0     8.991     1.000     1.000     0.1264      0.0000      0.0000      0.0000
246     A         E          246           GLU           90.22           674      0      0     8.991     1.000     1.000     0.1338      0.0000      0.0000      0.0000
247     A         E          247           ASP           89.79           674      0      0     8.991     1.000     1.000     0.1456      0.0000      0.0000      0.0000
248     A         E          248           GLN           88.18           674      0      0     8.991     1.000     1.000     0.1351      0.0000      0.0000      0.0000
249     A         E          249           THR           86.92           674      0      0     8.991     1.000     1.000     0.1185      0.0000      0.0000      0.0000
250     A         E          250           GLN           83.34           674      0      0     8.991     1.000     1.000     0.1087      0.0000      0.0000      0.0000
251     A         E          251           ASP           85.95           674      0      0     8.991     1.000     1.000     0.1112      0.0000      0.0000      0.0000
252     A         E          252           THR           89.90           674      0      0     8.991     1.000     1.000     0.1477      0.0000      0.0000      0.0000
253     A         E          253           GLU           92.31           674      0      0     8.991     1.000     1.000     0.1723      0.0000      0.0000      0.0000
254     A         E          254           LEU           93.63           674      0      0     8.991     1.000     1.000     0.1762      0.0000      0.0000      0.0000
255     A         E          255           VAL           94.09           674      0      0     8.991     1.000     1.000     0.1864      0.0000      0.0000      0.0000
256     A         E          256           GLU           94.48           674      0      0     8.991     1.000     1.000     0.1876      0.0000      0.0000      0.0000
257     A         E          257           THR           96.01           674      0      0     8.991     1.000     1.000     0.2046      0.0000      0.0000      0.0000
258     A         E          258           ARG           96.47           674      0      0     8.991     1.000     1.000     0.2026      0.0000      0.0000      0.0000
259     A         E          259           PRO           96.49           674      0      0     8.991     1.000     1.000     0.1973      0.0000      0.0000      0.0000
260     A         E          260           ALA           95.04           674      0      0     8.991     1.000     1.000     0.1965      0.0000      0.0000      0.0000
261     A         E          261           GLY           93.59           674      0      0     8.991     1.000     1.000     0.1805      0.0000      0.0000      0.0000
262     A         E          262           ASP           92.63           674      0      0     8.991     1.000     1.000     0.1776      0.0000      0.0000      0.0000
263     A         E          263           ARG           92.66           674      0      0     8.991     1.000     1.000     0.1714      0.0000      0.0000      0.0000
264     A         E          264           THR           94.55           674      0      0     8.991     1.000     1.000     0.1962      0.0000      0.0000      0.0000
265     A         E          265           PHE           96.48           674      0      0     8.991     1.000     1.000     0.2120      0.0000      0.0000      0.0000
266     A         E          266           GLN           96.65           674      0      0     8.991     1.000     1.000     0.2093      0.0000      0.0000      0.0000
267     A         E          267           LYS           96.45           674      0      0     8.991     1.000     1.000     0.2107      0.0000      0.0000      0.0000
268     A         E          268           TRP           95.49           674      0      0     8.991     1.000     1.000     0.1998      0.0000      0.0000      0.0000
269     A         E          269           ALA           95.04           674      0      0     8.991     1.000     1.000     0.1980      0.0000      0.0000      0.0000
270     A         E          270           ALA           94.68           674      0      0     8.991     1.000     1.000     0.1882      0.0000      0.0000      0.0000
271     A         E          271           VAL           93.67           674      0      0     8.991     1.000     1.000     0.1840      0.0000      0.0000      0.0000
272     A         E          272           VAL           93.00           674      0      0     8.991     1.000     1.000     0.1825      0.0000      0.0000      0.0000
273     A         E          273           VAL           92.75           674      0      0     8.991     1.000     1.000     0.1691      0.0000      0.0000      0.0000
274     A         E          274           PRO           91.66           674      0      0     8.991     1.000     1.000     0.1547      0.0000      0.0000      0.0000
275     A         E          275           SER           90.08           674      0      0     8.991     1.000     1.000     0.1313      0.0000      0.0000      0.0000
276     A         E          276           GLY           89.16           674      0      0     8.991     1.000     1.000     0.1211      0.0000      0.0000      0.0000
277     A         E          277           GLU           89.58           674      0      0     8.991     1.000     1.000     0.1364      0.0000      0.0000      0.0000
278     A         E          278           GLU           89.02           674      0      0     8.991     1.000     1.000     0.1511      0.0000      0.0000      0.0000
279     A         E          279           GLN           90.78           674      0      0     8.991     1.000     1.000     0.1526      0.0000      0.0000      0.0000
280     A         E          280           ARG           91.18           674      0      0     8.991     1.000     1.000     0.1570      0.0000      0.0000      0.0000
281     A         E          281           TYR           92.75           674      0      0     8.991     1.000     1.000     0.1828      0.0000      0.0000      0.0000
282     A         E          282           THR           93.81           674      0      0     8.991     1.000     1.000     0.1829      0.0000      0.0000      0.0000
283     A         E          283           CYS           94.08           674      0      0     8.991     1.000     1.000     0.1907      0.0000      0.0000      0.0000
284     A         E          284           HIS           94.59           674      0      0     8.991     1.000     1.000     0.1956      0.0000      0.0000      0.0000
285     A         E          285           VAL           95.51           674      0      0     8.991     1.000     1.000     0.2017      0.0000      0.0000      0.0000
286     A         E          286           GLN           95.50           674      0      0     8.991     1.000     1.000     0.1930      0.0000      0.0000      0.0000
287     A         E          287           HIS           95.09           674      0      0     8.991     1.000     1.000     0.1889      0.0000      0.0000      0.0000
288     A         E          288           GLU           92.81           674      0      0     8.991     1.000     1.000     0.1620      0.0000      0.0000      0.0000
289     A         E          289           GLY           92.32           674      0      0     8.991     1.000     1.000     0.1674      0.0000      0.0000      0.0000
290     A         E          290           LEU           93.31           674      0      0     8.991     1.000     1.000     0.1753      0.0000      0.0000      0.0000
291     A         E          291           PRO           92.39           674      0      0     8.991     1.000     1.000     0.1516      0.0000      0.0000      0.0000
292     A         E          292           LYS           93.81           674      0      0     8.991     1.000     1.000     0.1492      0.0000      0.0000      0.0000
293     A         E          293           PRO           93.05           674      0      0     8.991     1.000     1.000     0.1630      0.0000      0.0000      0.0000
294     A         E          294           LEU           93.47           674      0      0     8.991     1.000     1.000     0.1690      0.0000      0.0000      0.0000
295     A         E          295           THR           93.59           674      0      0     8.991     1.000     1.000     0.1745      0.0000      0.0000      0.0000
296     A         E          296           LEU           92.75           674      0      0     8.991     1.000     1.000     0.1643      0.0000      0.0000      0.0000
297     A         E          297           ARG           91.07           674      0      0     8.991     1.000     1.000     0.1583      0.0000      0.0000      0.0000
298     A         E          298           TRP           90.10           674      0      0     8.991     1.000     1.000     0.1420      0.0000      0.0000      0.0000
299     A         E          299           GLU           84.86           674      0      0     8.991     1.000     1.000     0.1075      0.0000      0.0000      0.0000
300     A         E          300           PRO           78.25           674      0      0     8.991     1.000     1.000     0.0974      0.0000      0.0000      0.0000
301     A         E          301           SER           67.19           674      0      0     8.991     1.000     1.000     0.0825      0.0000      0.0000      0.0000
302     A         E          302           SER           49.91           674      0      0     8.991     1.000     1.000     0.0786      0.0000      0.0000      0.0000
303     A         E          303           GLN           36.71           674      0      0     8.991     1.000     1.000     0.0770      0.0000      0.0000      0.0000
304     A         E          304           SER           35.68           674      0      0     8.991     1.000     1.000     0.0763      0.0000      0.0000      0.0000
305     A         E          305           THR           29.92           674      0      0     8.991     1.000     1.000     0.0758      0.0000      0.0000      0.0000
306     A         E          306           ILE           34.49           674      0      0     8.991     1.000     1.000     0.0760      0.0000      0.0000      0.0000
307     A         E          307           PRO           31.28           674      0      0     8.991     1.000     1.000     0.0754      0.0000      0.0000      0.0000
308     A         E          308           ILE           33.20           674      0      0     8.991     1.000     1.000     0.0757      0.0000      0.0000      0.0000
309     A         E          309           VAL           32.68           674      0      0     8.991     1.000     1.000     0.0754      0.0000      0.0000      0.0000
310     A         E          310           GLY           33.30           674      0      0     8.991     1.000     1.000     0.0753      0.0000      0.0000      0.0000
311     A         E          311           ILE           34.50           674      0      0     8.991     1.000     1.000     0.0756      0.0000      0.0000      0.0000
312     A         E          312           VAL           35.36           674      0      0     8.991     1.000     1.000     0.0756      0.0000      0.0000      0.0000
313     A         E          313           ALA           36.84           674      0      0     8.991     1.000     1.000     0.0751      0.0000      0.0000      0.0000
314     A         E          314           GLY           37.49           674      0      0     8.991     1.000     1.000     0.0751      0.0000      0.0000      0.0000
315     A         E          315           LEU           36.34           674      0      0     8.991     1.000     1.000     0.0754      0.0000      0.0000      0.0000
316     A         E          316           ALA           35.12           674      0      0     8.991     1.000     1.000     0.0750      0.0000      0.0000      0.0000
317     A         E          317           VAL           37.12           674      0      0     8.991     1.000     1.000     0.0750      0.0000      0.0000      0.0000
318     A         E          318           LEU           36.68           674      0      0     8.991     1.000     1.000     0.0751      0.0000      0.0000      0.0000
319     A         E          319           ALA           35.13           674      0      0     8.991     1.000     1.000     0.0749      0.0000      0.0000      0.0000
320     A         E          320           VAL           36.39           674      0      0     8.991     1.000     1.000     0.0748      0.0000      0.0000      0.0000
321     A         E          321           VAL           38.60           674      0      0     8.991     1.000     1.000     0.0748      0.0000      0.0000      0.0000
322     A         E          322           VAL           36.09           674      0      0     8.991     1.000     1.000     0.0748      0.0000      0.0000      0.0000
323     A         E          323           ILE           31.67           674      0      0     8.991     1.000     1.000     0.0747      0.0000      0.0000      0.0000
324     A         E          324           GLY           37.44           674      0      0     8.991     1.000     1.000     0.0747      0.0000      0.0000      0.0000
325     A         E          325           ALA           38.61           674      0      0     8.991     1.000     1.000     0.0746      0.0000      0.0000      0.0000
326     A         E          326           VAL           33.12           674      0      0     8.991     1.000     1.000     0.0748      0.0000      0.0000      0.0000
327     A         E          327           VAL           33.75           674      0      0     8.991     1.000     1.000     0.0747      0.0000      0.0000      0.0000
328     A         E          328           ALA           40.78           674      0      0     8.991     1.000     1.000     0.0746      0.0000      0.0000      0.0000
329     A         E          329           THR           38.57           674      0      0     8.991     1.000     1.000     0.0746      0.0000      0.0000      0.0000
330     A         E          330           VAL           36.56           674      0      0     8.991     1.000     1.000     0.0749      0.0000      0.0000      0.0000
331     A         E          331           MET           36.93           674      0      0     8.991     1.000     1.000     0.0747      0.0000      0.0000      0.0000
332     A         E          332           CYS           39.64           674      0      0     8.991     1.000     1.000     0.0745      0.0000      0.0000      0.0000
333     A         E          333           ARG           35.03           674      0      0     8.991     1.000     1.000     0.0746      0.0000      0.0000      0.0000
334     A         E          334           ARG           35.04           674      0      0     8.991     1.000     1.000     0.0745      0.0000      0.0000      0.0000
335     A         E          335           LYS           33.03           674      0      0     8.991     1.000     1.000     0.0745      0.0000      0.0000      0.0000
336     A         E          336           SER           30.20           674      0      0     8.991     1.000     1.000     0.0745      0.0000      0.0000      0.0000
337     A         E          337           SER           28.32           674      0      0     8.991     1.000     1.000     0.0745      0.0000      0.0000      0.0000
338     A         E          338           GLY           27.33           674      0      0     8.991     1.000     1.000     0.0745      0.0000      0.0000      0.0000
339     A         E          339           GLY           25.65           674      0      0     8.991     1.000     1.000     0.0745      0.0000      0.0000      0.0000
340     A         E          340           LYS           25.85           674      0      0     8.991     1.000     1.000     0.0745      0.0000      0.0000      0.0000
341     A         E          341           GLY           26.81           674      0      0     8.991     1.000     1.000     0.0745      0.0000      0.0000      0.0000
342     A         E          342           GLY           26.51           674      0      0     8.991     1.000     1.000     0.0745      0.0000      0.0000      0.0000
343     A         E          343           SER           24.76           674      0      0     8.991     1.000     1.000     0.0745      0.0000      0.0000      0.0000
344     A         E          344           TYR           24.90           674      0      0     8.991     1.000     1.000     0.0745      0.0000      0.0000      0.0000
345     A         E          345           SER           24.10           674      0      0     8.991     1.000     1.000     0.0745      0.0000      0.0000      0.0000
346     A         E          346           GLN           23.71           674      0      0     8.991     1.000     1.000     0.0745      0.0000      0.0000      0.0000
347     A         E          347           ALA           26.26           674      0      0     8.991     1.000     1.000     0.0745      0.0000      0.0000      0.0000
348     A         E          348           ALA           25.34           674      0      0     8.991     1.000     1.000     0.0745      0.0000      0.0000      0.0000
349     A         E          349           SER           22.76           674      0      0     8.991     1.000     1.000     0.0746      0.0000      0.0000      0.0000
350     A         E          350           SER           24.13           674      0      0     8.991     1.000     1.000     0.0746      0.0000      0.0000      0.0000
351     A         E          351           ASP           28.01           674      0      0     8.991     1.000     1.000     0.0748      0.0000      0.0000      0.0000
352     A         E          352           SER           23.39           674      0      0     8.991     1.000     1.000     0.0747      0.0000      0.0000      0.0000
353     A         E          353           ALA           23.25           674      0      0     8.991     1.000     1.000     0.0748      0.0000      0.0000      0.0000
354     A         E          354           GLN           23.05           674      0      0     8.991     1.000     1.000     0.0749      0.0000      0.0000      0.0000
355     A         E          355           GLY           23.37           674      0      0     8.991     1.000     1.000     0.0747      0.0000      0.0000      0.0000
356     A         E          356           SER           22.92           674      0      0     8.991     1.000     1.000     0.0749      0.0000      0.0000      0.0000
357     A         E          357           ASP           23.62           674      0      0     8.991     1.000     1.000     0.0750      0.0000      0.0000      0.0000
358     A         E          358           VAL           20.38           674      0      0     8.991     1.000     1.000     0.0749      0.0000      0.0000      0.0000
359     A         E          359           SER           17.79           674      0      0     8.991     1.000     1.000     0.0750      0.0000      0.0000      0.0000
360     A         E          360           LEU           18.04           674      0      0     8.991     1.000     1.000     0.0750      0.0000      0.0000      0.0000
361     A         E          361           THR           19.43           674      0      0     8.991     1.000     1.000     0.0751      0.0000      0.0000      0.0000
362     A         E          362           ALA           12.93           674      0      0     8.991     1.000     1.000     0.0751      0.0000      0.0000      0.0000
363     B         A            1           ILE           84.40           461    383      8     7.674     7.086     1.000     0.1330      0.5017      0.4637      0.0188
364     B         A            2           GLN           92.94           461    383    263     7.674     7.086     5.991     0.4240      0.5349      0.4971      0.4183
365     B         A            3           ARG           96.03           461    383    283     7.674     7.086     6.195     0.6348      0.7869      0.7601      0.7102
366     B         A            4           THR           96.40           461    383    283     7.674     7.086     6.195     0.6357      0.7875      0.7607      0.7107
367     B         A            5           PRO           96.96           461    383    283     7.674     7.086     6.195     0.6417      0.7951      0.7690      0.7201
368     B         A            6           LYS           96.73           461    383    284     7.674     7.086     6.205     0.6789      0.8401      0.8184      0.7774
369     B         A            7           ILE           97.01           461    383    284     7.674     7.086     6.205     0.6829      0.8454      0.8243      0.7843
370     B         A            8           GLN           96.58           461    383    284     7.674     7.086     6.205     0.6729      0.8327      0.8102      0.7680
371     B         A            9           VAL           97.03           461    383    284     7.674     7.086     6.205     0.6744      0.8346      0.8124      0.7707
372     B         A           10           TYR           96.67           461    383    284     7.674     7.086     6.205     0.6858      0.8488      0.8282      0.7890
373     B         A           11           SER           95.82           461    383    284     7.674     7.086     6.205     0.6332      0.7818      0.7551      0.7061
374     B         A           12           ARG           95.61           461    383    284     7.674     7.086     6.205     0.6398      0.7901      0.7639      0.7157
375     B         A           13           HIS           93.64           461    383    284     7.674     7.086     6.205     0.6269      0.7736      0.7461      0.6960
376     B         A           14           PRO           92.30           461    383    284     7.674     7.086     6.205     0.5858      0.7212      0.6901      0.6349
377     B         A           15           ALA           92.04           461    383    282     7.674     7.086     6.185     0.5112      0.6290      0.5942      0.5332
378     B         A           16           GLU           91.66           461    383    280     7.674     7.086     6.165     0.4843      0.5966      0.5604      0.4960
379     B         A           17           ASN           92.22           461    383    280     7.674     7.086     6.165     0.4795      0.5904      0.5536      0.4884
380     B         A           18           GLY           92.56           461    383    230     7.674     7.086     5.629     0.3991      0.5204      0.4822      0.3745
381     B         A           19           LYS           93.46           461    383    281     7.674     7.086     6.175     0.4989      0.6150      0.5784      0.5134
382     B         A           20           SER           94.71           461    383    283     7.674     7.086     6.195     0.5638      0.6954      0.6622      0.6029
383     B         A           21           ASN           94.99           461    383    284     7.674     7.086     6.205     0.6063      0.7480      0.7183      0.6647
384     B         A           22           PHE           96.10           461    383    284     7.674     7.086     6.205     0.6501      0.8034      0.7782      0.7315
385     B         A           23           LEU           96.68           461    383    284     7.674     7.086     6.205     0.6663      0.8242      0.8009      0.7573
386     B         A           24           ASN           97.38           461    383    284     7.674     7.086     6.205     0.6749      0.8352      0.8131      0.7714
387     B         A           25           CYS           97.61           461    383    284     7.674     7.086     6.205     0.6978      0.8645      0.8455      0.8093
388     B         A           26           TYR           97.70           461    383    284     7.674     7.086     6.205     0.7130      0.8840      0.8674      0.8355
389     B         A           27           VAL           97.75           461    383    283     7.674     7.086     6.195     0.6900      0.8567      0.8368      0.7984
390     B         A           28           SER           97.12           461    383    283     7.674     7.086     6.195     0.6481      0.8032      0.7777      0.7300
391     B         A           29           GLY           96.52           461    383    283     7.674     7.086     6.195     0.6404      0.7934      0.7672      0.7183
392     B         A           30           PHE           97.43           461    383    283     7.674     7.086     6.195     0.6978      0.8674      0.8489      0.8131
393     B         A           31           HIS           97.03           461    383    283     7.674     7.086     6.195     0.6603      0.8204      0.7971      0.7529
394     B         A           32           PRO           96.01           461    383    283     7.674     7.086     6.195     0.6168      0.7650      0.7370      0.6858
395     B         A           33           SER           96.31           461    383    281     7.674     7.086     6.175     0.5998      0.7458      0.7165      0.6617
396     B         A           34           ASP           95.24           461    383    283     7.674     7.086     6.195     0.6225      0.7717      0.7443      0.6938
397     B         A           35           ILE           96.48           461    383    283     7.674     7.086     6.195     0.6540      0.8112      0.7868      0.7409
398     B         A           36           GLU           95.99           461    383    283     7.674     7.086     6.195     0.6296      0.7802      0.7530      0.7025
399     B         A           37           VAL           97.00           461    383    283     7.674     7.086     6.195     0.6560      0.8132      0.7888      0.7426
400     B         A           38           ASP           96.48           461    383    283     7.674     7.086     6.195     0.6219      0.7701      0.7418      0.6894
401     B         A           39           LEU           96.85           461    383    284     7.674     7.086     6.205     0.6501      0.8039      0.7785      0.7313
402     B         A           40           LEU           96.25           461    383    284     7.674     7.086     6.205     0.6356      0.7855      0.7584      0.7084
403     B         A           41           LYS           95.86           461    383    283     7.674     7.086     6.195     0.6063      0.7497      0.7195      0.6642
404     B         A           42           ASN           94.55           461    383    282     7.674     7.086     6.185     0.5365      0.6619      0.6266      0.5634
405     B         A           43           GLY           93.30           461    383    281     7.674     7.086     6.175     0.4562      0.5606      0.5222      0.4555
406     B         A           44           GLU           94.67           461    383    281     7.674     7.086     6.175     0.4774      0.5869      0.5490      0.4825
407     B         A           45           ARG           95.08           461    383    283     7.674     7.086     6.195     0.5768      0.7124      0.6797      0.6207
408     B         A           46           ILE           95.27           461    383    283     7.674     7.086     6.195     0.5689      0.7020      0.6688      0.6091
409     B         A           47           GLU           92.76           461    383    203     7.674     7.086     5.304     0.3646      0.4855      0.4470      0.3151
410     B         A           48           LYS           91.39           461    383    240     7.674     7.086     5.742     0.4055      0.5236      0.4854      0.3869
411     B         A           49           VAL           95.45           461    383    283     7.674     7.086     6.195     0.5828      0.7204      0.6889      0.6319
412     B         A           50           GLU           95.65           461    383    283     7.674     7.086     6.195     0.6325      0.7831      0.7562      0.7060
413     B         A           51           HIS           96.34           461    383    283     7.674     7.086     6.195     0.6589      0.8175      0.7938      0.7490
414     B         A           52           SER           96.24           461    383    283     7.674     7.086     6.195     0.6615      0.8202      0.7969      0.7529
415     B         A           53           ASP           96.30           461    383    283     7.674     7.086     6.195     0.6804      0.8451      0.8245      0.7853
416     B         A           54           LEU           96.84           461    383    283     7.674     7.086     6.195     0.6955      0.8646      0.8461      0.8106
417     B         A           55           SER           97.10           461    383    283     7.674     7.086     6.195     0.6779      0.8413      0.8203      0.7802
418     B         A           56           PHE           97.42           461    383    283     7.674     7.086     6.195     0.7043      0.8763      0.8592      0.8262
419     B         A           57           SER           96.50           461    383    283     7.674     7.086     6.195     0.6776      0.8410      0.8197      0.7791
420     B         A           58           LYS           95.18           461    383    283     7.674     7.086     6.195     0.6613      0.8203      0.7969      0.7528
421     B         A           59           ASP           95.97           461    383    283     7.674     7.086     6.195     0.6660      0.8268      0.8041      0.7611
422     B         A           60           TRP           96.94           461    383    283     7.674     7.086     6.195     0.7065      0.8794      0.8626      0.8299
423     B         A           61           SER           97.23           461    383    283     7.674     7.086     6.195     0.6927      0.8609      0.8417      0.8048
424     B         A           62           PHE           97.77           461    383    283     7.674     7.086     6.195     0.7212      0.8977      0.8831      0.8545
425     B         A           63           TYR           97.60           461    383    283     7.674     7.086     6.195     0.7129      0.8864      0.8702      0.8388
426     B         A           64           LEU           97.53           461    383    283     7.674     7.086     6.195     0.7029      0.8734      0.8556      0.8210
427     B         A           65           LEU           97.56           461    383    284     7.674     7.086     6.205     0.7079      0.8772      0.8599      0.8266
428     B         A           66           TYR           97.64           461    383    284     7.674     7.086     6.205     0.7108      0.8814      0.8645      0.8320
429     B         A           67           TYR           97.10           461    383    284     7.674     7.086     6.205     0.6817      0.8441      0.8230      0.7829
430     B         A           68           THR           96.60           461    383    284     7.674     7.086     6.205     0.6261      0.7733      0.7454      0.6943
431     B         A           69           GLU           95.53           461    383    284     7.674     7.086     6.205     0.6065      0.7482      0.7183      0.6641
432     B         A           70           PHE           94.74           461    383    284     7.674     7.086     6.205     0.6022      0.7427      0.7125      0.6580
433     B         A           71           THR           94.28           461    383    283     7.674     7.086     6.195     0.5482      0.6749      0.6406      0.5797
434     B         A           72           PRO           93.58           461    383    281     7.674     7.086     6.175     0.4896      0.6022      0.5653      0.5002
435     B         A           73           THR           92.16           461    383    267     7.674     7.086     6.032     0.4492      0.5611      0.5232      0.4463
436     B         A           74           GLU           91.35           461    383    210     7.674     7.086     5.391     0.3653      0.4839      0.4453      0.3201
437     B         A           75           LYS           91.43           461    383     97     7.674     7.086     3.587     0.2886      0.4308      0.3926      0.1435
438     B         A           76           ASP           92.79           461    383    281     7.674     7.086     6.175     0.4744      0.5835      0.5455      0.4790
439     B         A           77           GLU           95.20           461    383    283     7.674     7.086     6.195     0.5398      0.6645      0.6292      0.5669
440     B         A           78           TYR           96.11           461    383    284     7.674     7.086     6.205     0.6426      0.7939      0.7675      0.7189
441     B         A           79           ALA           96.65           461    383    284     7.674     7.086     6.205     0.6287      0.7764      0.7485      0.6974
442     B         A           80           CYS           97.11           461    383    284     7.674     7.086     6.205     0.6588      0.8149      0.7906      0.7451
443     B         A           81           ARG           97.36           461    383    284     7.674     7.086     6.205     0.6582      0.8145      0.7901      0.7446
444     B         A           82           VAL           97.07           461    383    283     7.674     7.086     6.195     0.6608      0.8190      0.7951      0.7496
445     B         A           83           ASN           96.55           461    383    283     7.674     7.086     6.195     0.6279      0.7777      0.7501      0.6990
446     B         A           84           HIS           95.92           461    383    283     7.674     7.086     6.195     0.6542      0.8117      0.7871      0.7409
447     B         A           85           VAL           94.71           461    383    283     7.674     7.086     6.195     0.6377      0.7910      0.7645      0.7151
448     B         A           86           THR           94.89           461    383    283     7.674     7.086     6.195     0.6248      0.7742      0.7462      0.6945
449     B         A           87           LEU           94.37           461    383    283     7.674     7.086     6.195     0.5895      0.7290      0.6976      0.6407
450     B         A           88           SER           93.68           461    383    280     7.674     7.086     6.165     0.4742      0.5861      0.5483      0.4812
451     B         A           89           GLN           94.56           461    383    280     7.674     7.086     6.165     0.4535      0.5582      0.5198      0.4525
452     B         A           90           PRO           95.28           461    383    282     7.674     7.086     6.185     0.5545      0.6853      0.6510      0.5891
453     B         A           91           LYS           96.12           461    383    283     7.674     7.086     6.195     0.6000      0.7415      0.7108      0.6547
454     B         A           92           ILE           96.74           461    383    284     7.674     7.086     6.205     0.6338      0.7832      0.7559      0.7058
455     B         A           93           VAL           96.53           461    383    284     7.674     7.086     6.205     0.6360      0.7854      0.7584      0.7086
456     B         A           94           LYS           96.13           461    383    283     7.674     7.086     6.195     0.5777      0.7126      0.6805      0.6226
457     B         A           95           TRP           95.49           461    383    284     7.674     7.086     6.205     0.5939      0.7321      0.7013      0.6460
458     B         A           96           ASP           92.65           461    383    257     7.674     7.086     5.927     0.4478      0.5689      0.5324      0.4502
459     B         A           97           ARG           88.49           461    383    192     7.674     7.086     5.162     0.3846      0.5364      0.4993      0.3563
460     B         A           98           ASP           83.87           461    383     98     7.674     7.086     3.609     0.2937      0.5271      0.4893      0.2102
461     B         A           99           MET           86.25           461    383     45     7.674     7.086     2.053     0.2181      0.4971      0.4590      0.0719
363     B         C            1           ILE           84.40           108    102      0     3.818     3.694     1.000     0.0329      0.0000      0.0000      0.0000
364     B         C            2           GLN           92.94           108    102      5     3.818     3.694     1.000     0.1331      0.1408      0.1330      0.0111
365     B         C            3           ARG           96.03           108    102      9     3.818     3.694     1.000     0.3686      0.3686      0.3534      0.0385
366     B         C            4           THR           96.40           108    102      9     3.818     3.694     1.000     0.3301      0.3301      0.3157      0.0327
367     B         C            5           PRO           96.96           108    102      9     3.818     3.694     1.000     0.3430      0.3430      0.3284      0.0346
368     B         C            6           LYS           96.73           108    102      9     3.818     3.694     1.000     0.4205      0.4205      0.4046      0.0476
369     B         C            7           ILE           97.01           108    102      9     3.818     3.694     1.000     0.4101      0.4101      0.3944      0.0457
370     B         C            8           GLN           96.58           108    102      9     3.818     3.694     1.000     0.3781      0.3781      0.3628      0.0402
371     B         C            9           VAL           97.03           108    102      9     3.818     3.694     1.000     0.3720      0.3720      0.3569      0.0393
372     B         C           10           TYR           96.67           108    102      9     3.818     3.694     1.000     0.4011      0.4011      0.3856      0.0444
373     B         C           11           SER           95.82           108    102      9     3.818     3.694     1.000     0.2771      0.2771      0.2642      0.0259
374     B         C           12           ARG           95.61           108    102      9     3.818     3.694     1.000     0.3153      0.3153      0.3014      0.0310
375     B         C           13           HIS           93.64           108    102      9     3.818     3.694     1.000     0.2923      0.2923      0.2791      0.0279
376     B         C           14           PRO           92.30           108    102      9     3.818     3.694     1.000     0.2386      0.2386      0.2269      0.0212
377     B         C           15           ALA           92.04           108    102      8     3.818     3.694     1.000     0.1614      0.1672      0.1582      0.0136
378     B         C           16           GLU           91.66           108    102      7     3.818     3.694     1.000     0.1463      0.1552      0.1468      0.0125
379     B         C           17           ASN           92.22           108    102      7     3.818     3.694     1.000     0.1432      0.1501      0.1419      0.0120
380     B         C           18           GLY           92.56           108    102      1     3.818     3.694     1.000     0.1108      0.1391      0.1314      0.0110
381     B         C           19           LYS           93.46           108    102      8     3.818     3.694     1.000     0.1693      0.1746      0.1654      0.0143
382     B         C           20           SER           94.71           108    102      9     3.818     3.694     1.000     0.2293      0.2293      0.2179      0.0201
383     B         C           21           ASN           94.99           108    102      9     3.818     3.694     1.000     0.2724      0.2724      0.2597      0.0253
384     B         C           22           PHE           96.10           108    102      9     3.818     3.694     1.000     0.3391      0.3391      0.3246      0.0343
385     B         C           23           LEU           96.68           108    102      9     3.818     3.694     1.000     0.3620      0.3620      0.3470      0.0377
386     B         C           24           ASN           97.38           108    102      9     3.818     3.694     1.000     0.3978      0.3978      0.3823      0.0438
387     B         C           25           CYS           97.61           108    102      9     3.818     3.694     1.000     0.4386      0.4386      0.4225      0.0512
388     B         C           26           TYR           97.70           108    102      9     3.818     3.694     1.000     0.4873      0.4873      0.4711      0.0620
389     B         C           27           VAL           97.75           108    102      9     3.818     3.694     1.000     0.4434      0.4434      0.4273      0.0522
390     B         C           28           SER           97.12           108    102      9     3.818     3.694     1.000     0.3531      0.3531      0.3383      0.0362
391     B         C           29           GLY           96.52           108    102      9     3.818     3.694     1.000     0.3507      0.3507      0.3359      0.0358
392     B         C           30           PHE           97.43           108    102      9     3.818     3.694     1.000     0.4625      0.4625      0.4463      0.0564
393     B         C           31           HIS           97.03           108    102      9     3.818     3.694     1.000     0.4117      0.4117      0.3959      0.0459
394     B         C           32           PRO           96.01           108    102      9     3.818     3.694     1.000     0.3576      0.3576      0.3427      0.0368
395     B         C           33           SER           96.31           108    102      9     3.818     3.694     1.000     0.3518      0.3518      0.3369      0.0360
396     B         C           34           ASP           95.24           108    102      9     3.818     3.694     1.000     0.3935      0.3935      0.3779      0.0427
397     B         C           35           ILE           96.48           108    102      9     3.818     3.694     1.000     0.4098      0.4098      0.3940      0.0456
398     B         C           36           GLU           95.99           108    102      9     3.818     3.694     1.000     0.3686      0.3686      0.3535      0.0386
399     B         C           37           VAL           97.00           108    102      9     3.818     3.694     1.000     0.4004      0.4004      0.3847      0.0439
400     B         C           38           ASP           96.48           108    102      9     3.818     3.694     1.000     0.3345      0.3345      0.3200      0.0334
401     B         C           39           LEU           96.85           108    102      9     3.818     3.694     1.000     0.3808      0.3808      0.3654      0.0406
402     B         C           40           LEU           96.25           108    102      9     3.818     3.694     1.000     0.3399      0.3399      0.3253      0.0342
403     B         C           41           LYS           95.86           108    102      9     3.818     3.694     1.000     0.2960      0.2960      0.2825      0.0281
404     B         C           42           ASN           94.55           108    102      9     3.818     3.694     1.000     0.2070      0.2070      0.1964      0.0176
405     B         C           43           GLY           93.30           108    102      9     3.818     3.694     1.000     0.1509      0.1509      0.1426      0.0121
406     B         C           44           GLU           94.67           108    102      9     3.818     3.694     1.000     0.1772      0.1772      0.1678      0.0146
407     B         C           45           ARG           95.08           108    102      9     3.818     3.694     1.000     0.2724      0.2724      0.2596      0.0251
408     B         C           46           ILE           95.27           108    102      9     3.818     3.694     1.000     0.2618      0.2618      0.2493      0.0239
409     B         C           47           GLU           92.76           108    102      2     3.818     3.694     1.000     0.1141      0.1369      0.1293      0.0108
410     B         C           48           LYS           91.39           108    102      4     3.818     3.694     1.000     0.1364      0.1624      0.1536      0.0131
411     B         C           49           VAL           95.45           108    102      9     3.818     3.694     1.000     0.3075      0.3075      0.2938      0.0298
412     B         C           50           GLU           95.65           108    102      9     3.818     3.694     1.000     0.3734      0.3734      0.3583      0.0397
413     B         C           51           HIS           96.34           108    102      9     3.818     3.694     1.000     0.4181      0.4181      0.4024      0.0478
414     B         C           52           SER           96.24           108    102      9     3.818     3.694     1.000     0.4385      0.4385      0.4225      0.0518
415     B         C           53           ASP           96.30           108    102      9     3.818     3.694     1.000     0.4788      0.4788      0.4627      0.0606
416     B         C           54           LEU           96.84           108    102      9     3.818     3.694     1.000     0.5264      0.5264      0.5102      0.0727
417     B         C           55           SER           97.10           108    102      9     3.818     3.694     1.000     0.4694      0.4694      0.4533      0.0585
418     B         C           56           PHE           97.42           108    102      9     3.818     3.694     1.000     0.5390      0.5390      0.5229      0.0765
419     B         C           57           SER           96.50           108    102      9     3.818     3.694     1.000     0.4460      0.4460      0.4300      0.0531
420     B         C           58           LYS           95.18           108    102      9     3.818     3.694     1.000     0.4238      0.4238      0.4080      0.0484
421     B         C           59           ASP           95.97           108    102      9     3.818     3.694     1.000     0.4141      0.4141      0.3983      0.0466
422     B         C           60           TRP           96.94           108    102      9     3.818     3.694     1.000     0.5441      0.5441      0.5279      0.0772
423     B         C           61           SER           97.23           108    102      9     3.818     3.694     1.000     0.4610      0.4610      0.4448      0.0561
424     B         C           62           PHE           97.77           108    102      9     3.818     3.694     1.000     0.5584      0.5584      0.5423      0.0815
425     B         C           63           TYR           97.60           108    102      9     3.818     3.694     1.000     0.5083      0.5083      0.4921      0.0677
426     B         C           64           LEU           97.53           108    102      9     3.818     3.694     1.000     0.4915      0.4915      0.4752      0.0630
427     B         C           65           LEU           97.56           108    102      9     3.818     3.694     1.000     0.4879      0.4879      0.4717      0.0624
428     B         C           66           TYR           97.64           108    102      9     3.818     3.694     1.000     0.4888      0.4888      0.4726      0.0624
429     B         C           67           TYR           97.10           108    102      9     3.818     3.694     1.000     0.4320      0.4320      0.4161      0.0502
430     B         C           68           THR           96.60           108    102      9     3.818     3.694     1.000     0.3320      0.3320      0.3176      0.0331
431     B         C           69           GLU           95.53           108    102      9     3.818     3.694     1.000     0.3007      0.3007      0.2871      0.0289
432     B         C           70           PHE           94.74           108    102      9     3.818     3.694     1.000     0.2833      0.2833      0.2703      0.0266
433     B         C           71           THR           94.28           108    102      9     3.818     3.694     1.000     0.2165      0.2165      0.2056      0.0187
434     B         C           72           PRO           93.58           108    102      8     3.818     3.694     1.000     0.1765      0.1832      0.1736      0.0152
435     B         C           73           THR           92.16           108    102      7     3.818     3.694     1.000     0.1411      0.1486      0.1405      0.0119
436     B         C           74           GLU           91.35           108    102      0     3.818     3.694     1.000     0.0929      0.0000      0.0000      0.0000
437     B         C           75           LYS           91.43           108    102      0     3.818     3.694     1.000     0.0694      0.0000      0.0000      0.0000
438     B         C           76           ASP           92.79           108    102      9     3.818     3.694     1.000     0.1559      0.1559      0.1475      0.0125
439     B         C           77           GLU           95.20           108    102      9     3.818     3.694     1.000     0.1983      0.1983      0.1880      0.0167
440     B         C           78           TYR           96.11           108    102      9     3.818     3.694     1.000     0.3320      0.3320      0.3176      0.0331
441     B         C           79           ALA           96.65           108    102      9     3.818     3.694     1.000     0.3063      0.3063      0.2925      0.0295
442     B         C           80           CYS           97.11           108    102      9     3.818     3.694     1.000     0.3761      0.3761      0.3608      0.0398
443     B         C           81           ARG           97.36           108    102      9     3.818     3.694     1.000     0.3826      0.3826      0.3672      0.0408
444     B         C           82           VAL           97.07           108    102      9     3.818     3.694     1.000     0.3958      0.3958      0.3802      0.0431
445     B         C           83           ASN           96.55           108    102      9     3.818     3.694     1.000     0.3477      0.3477      0.3329      0.0353
446     B         C           84           HIS           95.92           108    102      9     3.818     3.694     1.000     0.3949      0.3949      0.3793      0.0430
447     B         C           85           VAL           94.71           108    102      9     3.818     3.694     1.000     0.3670      0.3670      0.3518      0.0383
448     B         C           86           THR           94.89           108    102      9     3.818     3.694     1.000     0.3479      0.3479      0.3331      0.0354
449     B         C           87           LEU           94.37           108    102      9     3.818     3.694     1.000     0.3009      0.3009      0.2873      0.0287
450     B         C           88           SER           93.68           108    102      9     3.818     3.694     1.000     0.1695      0.1695      0.1604      0.0138
451     B         C           89           GLN           94.56           108    102      9     3.818     3.694     1.000     0.1569      0.1569      0.1484      0.0126
452     B         C           90           PRO           95.28           108    102      9     3.818     3.694     1.000     0.2357      0.2357      0.2241      0.0207
453     B         C           91           LYS           96.12           108    102      9     3.818     3.694     1.000     0.2929      0.2929      0.2795      0.0276
454     B         C           92           ILE           96.74           108    102      9     3.818     3.694     1.000     0.3186      0.3186      0.3045      0.0311
455     B         C           93           VAL           96.53           108    102      9     3.818     3.694     1.000     0.3204      0.3204      0.3063      0.0314
456     B         C           94           LYS           96.13           108    102      9     3.818     3.694     1.000     0.2242      0.2242      0.2130      0.0195
457     B         C           95           TRP           95.49           108    102      9     3.818     3.694     1.000     0.2401      0.2401      0.2283      0.0213
458     B         C           96           ASP           92.65           108    102      2     3.818     3.694     1.000     0.1191      0.1379      0.1302      0.0109
459     B         C           97           ARG           88.49           108    102      0     3.818     3.694     1.000     0.0905      0.0000      0.0000      0.0000
460     B         C           98           ASP           83.87           108    102      0     3.818     3.694     1.000     0.0588      0.0000      0.0000      0.0000
461     B         C           99           MET           86.25           108    102      0     3.818     3.694     1.000     0.0407      0.0000      0.0000      0.0000
363     B         D            1           ILE           84.40           375      0      0     7.021     1.000     1.000     0.0613      0.0000      0.0000      0.0000
364     B         D            2           GLN           92.94           375      0      0     7.021     1.000     1.000     0.0902      0.0000      0.0000      0.0000
365     B         D            3           ARG           96.03           375      0      0     7.021     1.000     1.000     0.1270      0.0000      0.0000      0.0000
366     B         D            4           THR           96.40           375      0      0     7.021     1.000     1.000     0.1286      0.0000      0.0000      0.0000
367     B         D            5           PRO           96.96           375      0      0     7.021     1.000     1.000     0.1290      0.0000      0.0000      0.0000
368     B         D            6           LYS           96.73           375      0      0     7.021     1.000     1.000     0.1375      0.0000      0.0000      0.0000
369     B         D            7           ILE           97.01           375      0      0     7.021     1.000     1.000     0.1401      0.0000      0.0000      0.0000
370     B         D            8           GLN           96.58           375      0      0     7.021     1.000     1.000     0.1378      0.0000      0.0000      0.0000
371     B         D            9           VAL           97.03           375      0      0     7.021     1.000     1.000     0.1411      0.0000      0.0000      0.0000
372     B         D           10           TYR           96.67           375      0      0     7.021     1.000     1.000     0.1369      0.0000      0.0000      0.0000
373     B         D           11           SER           95.82           375      0      0     7.021     1.000     1.000     0.1308      0.0000      0.0000      0.0000
374     B         D           12           ARG           95.61           375      0      0     7.021     1.000     1.000     0.1297      0.0000      0.0000      0.0000
375     B         D           13           HIS           93.64           375      0      0     7.021     1.000     1.000     0.1208      0.0000      0.0000      0.0000
376     B         D           14           PRO           92.30           375      0      0     7.021     1.000     1.000     0.1139      0.0000      0.0000      0.0000
377     B         D           15           ALA           92.04           375      0      0     7.021     1.000     1.000     0.1024      0.0000      0.0000      0.0000
378     B         D           16           GLU           91.66           375      0      0     7.021     1.000     1.000     0.0983      0.0000      0.0000      0.0000
379     B         D           17           ASN           92.22           375      0      0     7.021     1.000     1.000     0.1017      0.0000      0.0000      0.0000
380     B         D           18           GLY           92.56           375      0      0     7.021     1.000     1.000     0.0951      0.0000      0.0000      0.0000
381     B         D           19           LYS           93.46           375      0      0     7.021     1.000     1.000     0.1019      0.0000      0.0000      0.0000
382     B         D           20           SER           94.71           375      0      0     7.021     1.000     1.000     0.1139      0.0000      0.0000      0.0000
383     B         D           21           ASN           94.99           375      0      0     7.021     1.000     1.000     0.1242      0.0000      0.0000      0.0000
384     B         D           22           PHE           96.10           375      0      0     7.021     1.000     1.000     0.1340      0.0000      0.0000      0.0000
385     B         D           23           LEU           96.68           375      0      0     7.021     1.000     1.000     0.1425      0.0000      0.0000      0.0000
386     B         D           24           ASN           97.38           375      0      0     7.021     1.000     1.000     0.1408      0.0000      0.0000      0.0000
387     B         D           25           CYS           97.61           375      0      0     7.021     1.000     1.000     0.1411      0.0000      0.0000      0.0000
388     B         D           26           TYR           97.70           375      0      0     7.021     1.000     1.000     0.1432      0.0000      0.0000      0.0000
389     B         D           27           VAL           97.75           375      0      0     7.021     1.000     1.000     0.1404      0.0000      0.0000      0.0000
390     B         D           28           SER           97.12           375      0      0     7.021     1.000     1.000     0.1262      0.0000      0.0000      0.0000
391     B         D           29           GLY           96.52           375      0      0     7.021     1.000     1.000     0.1271      0.0000      0.0000      0.0000
392     B         D           30           PHE           97.43           375      0      0     7.021     1.000     1.000     0.1346      0.0000      0.0000      0.0000
393     B         D           31           HIS           97.03           375      0      0     7.021     1.000     1.000     0.1346      0.0000      0.0000      0.0000
394     B         D           32           PRO           96.01           375      0      0     7.021     1.000     1.000     0.1317      0.0000      0.0000      0.0000
395     B         D           33           SER           96.31           375      0      0     7.021     1.000     1.000     0.1282      0.0000      0.0000      0.0000
396     B         D           34           ASP           95.24           375      0      0     7.021     1.000     1.000     0.1295      0.0000      0.0000      0.0000
397     B         D           35           ILE           96.48           375      0      0     7.021     1.000     1.000     0.1373      0.0000      0.0000      0.0000
398     B         D           36           GLU           95.99           375      0      0     7.021     1.000     1.000     0.1304      0.0000      0.0000      0.0000
399     B         D           37           VAL           97.00           375      0      0     7.021     1.000     1.000     0.1438      0.0000      0.0000      0.0000
400     B         D           38           ASP           96.48           375      0      0     7.021     1.000     1.000     0.1355      0.0000      0.0000      0.0000
401     B         D           39           LEU           96.85           375      0      0     7.021     1.000     1.000     0.1428      0.0000      0.0000      0.0000
402     B         D           40           LEU           96.25           375      0      0     7.021     1.000     1.000     0.1384      0.0000      0.0000      0.0000
403     B         D           41           LYS           95.86           375      0      0     7.021     1.000     1.000     0.1328      0.0000      0.0000      0.0000
404     B         D           42           ASN           94.55           375      0      0     7.021     1.000     1.000     0.1197      0.0000      0.0000      0.0000
405     B         D           43           GLY           93.30           375      0      0     7.021     1.000     1.000     0.1056      0.0000      0.0000      0.0000
406     B         D           44           GLU           94.67           375      0      0     7.021     1.000     1.000     0.1128      0.0000      0.0000      0.0000
407     B         D           45           ARG           95.08           375      0      0     7.021     1.000     1.000     0.1253      0.0000      0.0000      0.0000
408     B         D           46           ILE           95.27           375      0      0     7.021     1.000     1.000     0.1260      0.0000      0.0000      0.0000
409     B         D           47           GLU           92.76           375      0      0     7.021     1.000     1.000     0.0949      0.0000      0.0000      0.0000
410     B         D           48           LYS           91.39           375      0      0     7.021     1.000     1.000     0.0940      0.0000      0.0000      0.0000
411     B         D           49           VAL           95.45           375      0      0     7.021     1.000     1.000     0.1206      0.0000      0.0000      0.0000
412     B         D           50           GLU           95.65           375      0      0     7.021     1.000     1.000     0.1297      0.0000      0.0000      0.0000
413     B         D           51           HIS           96.34           375      0      0     7.021     1.000     1.000     0.1327      0.0000      0.0000      0.0000
414     B         D           52           SER           96.24           375      0      0     7.021     1.000     1.000     0.1301      0.0000      0.0000      0.0000
415     B         D           53           ASP           96.30           375      0      0     7.021     1.000     1.000     0.1328      0.0000      0.0000      0.0000
416     B         D           54           LEU           96.84           375      0      0     7.021     1.000     1.000     0.1362      0.0000      0.0000      0.0000
417     B         D           55           SER           97.10           375      0      0     7.021     1.000     1.000     0.1301      0.0000      0.0000      0.0000
418     B         D           56           PHE           97.42           375      0      0     7.021     1.000     1.000     0.1311      0.0000      0.0000      0.0000
419     B         D           57           SER           96.50           375      0      0     7.021     1.000     1.000     0.1289      0.0000      0.0000      0.0000
420     B         D           58           LYS           95.18           375      0      0     7.021     1.000     1.000     0.1260      0.0000      0.0000      0.0000
421     B         D           59           ASP           95.97           375      0      0     7.021     1.000     1.000     0.1279      0.0000      0.0000      0.0000
422     B         D           60           TRP           96.94           375      0      0     7.021     1.000     1.000     0.1344      0.0000      0.0000      0.0000
423     B         D           61           SER           97.23           375      0      0     7.021     1.000     1.000     0.1337      0.0000      0.0000      0.0000
424     B         D           62           PHE           97.77           375      0      0     7.021     1.000     1.000     0.1388      0.0000      0.0000      0.0000
425     B         D           63           TYR           97.60           375      0      0     7.021     1.000     1.000     0.1324      0.0000      0.0000      0.0000
426     B         D           64           LEU           97.53           375      0      0     7.021     1.000     1.000     0.1386      0.0000      0.0000      0.0000
427     B         D           65           LEU           97.56           375      0      0     7.021     1.000     1.000     0.1438      0.0000      0.0000      0.0000
428     B         D           66           TYR           97.64           375      0      0     7.021     1.000     1.000     0.1494      0.0000      0.0000      0.0000
429     B         D           67           TYR           97.10           375      0      0     7.021     1.000     1.000     0.1400      0.0000      0.0000      0.0000
430     B         D           68           THR           96.60           375      0      0     7.021     1.000     1.000     0.1357      0.0000      0.0000      0.0000
431     B         D           69           GLU           95.53           375      0      0     7.021     1.000     1.000     0.1264      0.0000      0.0000      0.0000
432     B         D           70           PHE           94.74           375      0      0     7.021     1.000     1.000     0.1243      0.0000      0.0000      0.0000
433     B         D           71           THR           94.28           375      0      0     7.021     1.000     1.000     0.1159      0.0000      0.0000      0.0000
434     B         D           72           PRO           93.58           375      0      0     7.021     1.000     1.000     0.1058      0.0000      0.0000      0.0000
435     B         D           73           THR           92.16           375      0      0     7.021     1.000     1.000     0.1010      0.0000      0.0000      0.0000
436     B         D           74           GLU           91.35           375      0      0     7.021     1.000     1.000     0.0887      0.0000      0.0000      0.0000
437     B         D           75           LYS           91.43           375      0      0     7.021     1.000     1.000     0.0832      0.0000      0.0000      0.0000
438     B         D           76           ASP           92.79           375      0      0     7.021     1.000     1.000     0.1035      0.0000      0.0000      0.0000
439     B         D           77           GLU           95.20           375      0      0     7.021     1.000     1.000     0.1193      0.0000      0.0000      0.0000
440     B         D           78           TYR           96.11           375      0      0     7.021     1.000     1.000     0.1364      0.0000      0.0000      0.0000
441     B         D           79           ALA           96.65           375      0      0     7.021     1.000     1.000     0.1393      0.0000      0.0000      0.0000
442     B         D           80           CYS           97.11           375      0      0     7.021     1.000     1.000     0.1407      0.0000      0.0000      0.0000
443     B         D           81           ARG           97.36           375      0      0     7.021     1.000     1.000     0.1435      0.0000      0.0000      0.0000
444     B         D           82           VAL           97.07           375      0      0     7.021     1.000     1.000     0.1443      0.0000      0.0000      0.0000
445     B         D           83           ASN           96.55           375      0      0     7.021     1.000     1.000     0.1335      0.0000      0.0000      0.0000
446     B         D           84           HIS           95.92           375      0      0     7.021     1.000     1.000     0.1379      0.0000      0.0000      0.0000
447     B         D           85           VAL           94.71           375      0      0     7.021     1.000     1.000     0.1319      0.0000      0.0000      0.0000
448     B         D           86           THR           94.89           375      0      0     7.021     1.000     1.000     0.1336      0.0000      0.0000      0.0000
449     B         D           87           LEU           94.37           375      0      0     7.021     1.000     1.000     0.1246      0.0000      0.0000      0.0000
450     B         D           88           SER           93.68           375      0      0     7.021     1.000     1.000     0.1050      0.0000      0.0000      0.0000
451     B         D           89           GLN           94.56           375      0      0     7.021     1.000     1.000     0.1065      0.0000      0.0000      0.0000
452     B         D           90           PRO           95.28           375      0      0     7.021     1.000     1.000     0.1193      0.0000      0.0000      0.0000
453     B         D           91           LYS           96.12           375      0      0     7.021     1.000     1.000     0.1291      0.0000      0.0000      0.0000
454     B         D           92           ILE           96.74           375      0      0     7.021     1.000     1.000     0.1384      0.0000      0.0000      0.0000
455     B         D           93           VAL           96.53           375      0      0     7.021     1.000     1.000     0.1362      0.0000      0.0000      0.0000
456     B         D           94           LYS           96.13           375      0      0     7.021     1.000     1.000     0.1252      0.0000      0.0000      0.0000
457     B         D           95           TRP           95.49           375      0      0     7.021     1.000     1.000     0.1240      0.0000      0.0000      0.0000
458     B         D           96           ASP           92.65           375      0      0     7.021     1.000     1.000     0.0980      0.0000      0.0000      0.0000
459     B         D           97           ARG           88.49           375      0      0     7.021     1.000     1.000     0.0866      0.0000      0.0000      0.0000
460     B         D           98           ASP           83.87           375      0      0     7.021     1.000     1.000     0.0748      0.0000      0.0000      0.0000
461     B         D           99           MET           86.25           375      0      0     7.021     1.000     1.000     0.0656      0.0000      0.0000      0.0000
363     B         E            1           ILE           84.40           411      0      0     7.306     1.000     1.000     0.0659      0.0000      0.0000      0.0000
364     B         E            2           GLN           92.94           411      0      0     7.306     1.000     1.000     0.1004      0.0000      0.0000      0.0000
365     B         E            3           ARG           96.03           411      0      0     7.306     1.000     1.000     0.1470      0.0000      0.0000      0.0000
366     B         E            4           THR           96.40           411      0      0     7.306     1.000     1.000     0.1477      0.0000      0.0000      0.0000
367     B         E            5           PRO           96.96           411      0      0     7.306     1.000     1.000     0.1488      0.0000      0.0000      0.0000
368     B         E            6           LYS           96.73           411      0      0     7.306     1.000     1.000     0.1586      0.0000      0.0000      0.0000
369     B         E            7           ILE           97.01           411      0      0     7.306     1.000     1.000     0.1611      0.0000      0.0000      0.0000
370     B         E            8           GLN           96.58           411      0      0     7.306     1.000     1.000     0.1580      0.0000      0.0000      0.0000
371     B         E            9           VAL           97.03           411      0      0     7.306     1.000     1.000     0.1606      0.0000      0.0000      0.0000
372     B         E           10           TYR           96.67           411      0      0     7.306     1.000     1.000     0.1555      0.0000      0.0000      0.0000
373     B         E           11           SER           95.82           411      0      0     7.306     1.000     1.000     0.1487      0.0000      0.0000      0.0000
374     B         E           12           ARG           95.61           411      0      0     7.306     1.000     1.000     0.1471      0.0000      0.0000      0.0000
375     B         E           13           HIS           93.64           411      0      0     7.306     1.000     1.000     0.1381      0.0000      0.0000      0.0000
376     B         E           14           PRO           92.30           411      0      0     7.306     1.000     1.000     0.1295      0.0000      0.0000      0.0000
377     B         E           15           ALA           92.04           411      0      0     7.306     1.000     1.000     0.1160      0.0000      0.0000      0.0000
378     B         E           16           GLU           91.66           411      0      0     7.306     1.000     1.000     0.1112      0.0000      0.0000      0.0000
379     B         E           17           ASN           92.22           411      0      0     7.306     1.000     1.000     0.1140      0.0000      0.0000      0.0000
380     B         E           18           GLY           92.56           411      0      0     7.306     1.000     1.000     0.1071      0.0000      0.0000      0.0000
381     B         E           19           LYS           93.46           411      0      0     7.306     1.000     1.000     0.1162      0.0000      0.0000      0.0000
382     B         E           20           SER           94.71           411      0      0     7.306     1.000     1.000     0.1295      0.0000      0.0000      0.0000
383     B         E           21           ASN           94.99           411      0      0     7.306     1.000     1.000     0.1409      0.0000      0.0000      0.0000
384     B         E           22           PHE           96.10           411      0      0     7.306     1.000     1.000     0.1514      0.0000      0.0000      0.0000
385     B         E           23           LEU           96.68           411      0      0     7.306     1.000     1.000     0.1606      0.0000      0.0000      0.0000
386     B         E           24           ASN           97.38           411      0      0     7.306     1.000     1.000     0.1585      0.0000      0.0000      0.0000
387     B         E           25           CYS           97.61           411      0      0     7.306     1.000     1.000     0.1585      0.0000      0.0000      0.0000
388     B         E           26           TYR           97.70           411      0      0     7.306     1.000     1.000     0.1629      0.0000      0.0000      0.0000
389     B         E           27           VAL           97.75           411      0      0     7.306     1.000     1.000     0.1598      0.0000      0.0000      0.0000
390     B         E           28           SER           97.12           411      0      0     7.306     1.000     1.000     0.1464      0.0000      0.0000      0.0000
391     B         E           29           GLY           96.52           411      0      0     7.306     1.000     1.000     0.1461      0.0000      0.0000      0.0000
392     B         E           30           PHE           97.43           411      0      0     7.306     1.000     1.000     0.1541      0.0000      0.0000      0.0000
393     B         E           31           HIS           97.03           411      0      0     7.306     1.000     1.000     0.1538      0.0000      0.0000      0.0000
394     B         E           32           PRO           96.01           411      0      0     7.306     1.000     1.000     0.1503      0.0000      0.0000      0.0000
395     B         E           33           SER           96.31           411      0      0     7.306     1.000     1.000     0.1468      0.0000      0.0000      0.0000
396     B         E           34           ASP           95.24           411      0      0     7.306     1.000     1.000     0.1461      0.0000      0.0000      0.0000
397     B         E           35           ILE           96.48           411      0      0     7.306     1.000     1.000     0.1567      0.0000      0.0000      0.0000
398     B         E           36           GLU           95.99           411      0      0     7.306     1.000     1.000     0.1472      0.0000      0.0000      0.0000
399     B         E           37           VAL           97.00           411      0      0     7.306     1.000     1.000     0.1616      0.0000      0.0000      0.0000
400     B         E           38           ASP           96.48           411      0      0     7.306     1.000     1.000     0.1523      0.0000      0.0000      0.0000
401     B         E           39           LEU           96.85           411      0      0     7.306     1.000     1.000     0.1605      0.0000      0.0000      0.0000
402     B         E           40           LEU           96.25           411      0      0     7.306     1.000     1.000     0.1562      0.0000      0.0000      0.0000
403     B         E           41           LYS           95.86           411      0      0     7.306     1.000     1.000     0.1496      0.0000      0.0000      0.0000
404     B         E           42           ASN           94.55           411      0      0     7.306     1.000     1.000     0.1367      0.0000      0.0000      0.0000
405     B         E           43           GLY           93.30           411      0      0     7.306     1.000     1.000     0.1193      0.0000      0.0000      0.0000
406     B         E           44           GLU           94.67           411      0      0     7.306     1.000     1.000     0.1280      0.0000      0.0000      0.0000
407     B         E           45           ARG           95.08           411      0      0     7.306     1.000     1.000     0.1417      0.0000      0.0000      0.0000
408     B         E           46           ILE           95.27           411      0      0     7.306     1.000     1.000     0.1404      0.0000      0.0000      0.0000
409     B         E           47           GLU           92.76           411      0      0     7.306     1.000     1.000     0.1054      0.0000      0.0000      0.0000
410     B         E           48           LYS           91.39           411      0      0     7.306     1.000     1.000     0.1052      0.0000      0.0000      0.0000
411     B         E           49           VAL           95.45           411      0      0     7.306     1.000     1.000     0.1348      0.0000      0.0000      0.0000
412     B         E           50           GLU           95.65           411      0      0     7.306     1.000     1.000     0.1469      0.0000      0.0000      0.0000
413     B         E           51           HIS           96.34           411      0      0     7.306     1.000     1.000     0.1507      0.0000      0.0000      0.0000
414     B         E           52           SER           96.24           411      0      0     7.306     1.000     1.000     0.1495      0.0000      0.0000      0.0000
415     B         E           53           ASP           96.30           411      0      0     7.306     1.000     1.000     0.1533      0.0000      0.0000      0.0000
416     B         E           54           LEU           96.84           411      0      0     7.306     1.000     1.000     0.1561      0.0000      0.0000      0.0000
417     B         E           55           SER           97.10           411      0      0     7.306     1.000     1.000     0.1505      0.0000      0.0000      0.0000
418     B         E           56           PHE           97.42           411      0      0     7.306     1.000     1.000     0.1511      0.0000      0.0000      0.0000
419     B         E           57           SER           96.50           411      0      0     7.306     1.000     1.000     0.1506      0.0000      0.0000      0.0000
420     B         E           58           LYS           95.18           411      0      0     7.306     1.000     1.000     0.1459      0.0000      0.0000      0.0000
421     B         E           59           ASP           95.97           411      0      0     7.306     1.000     1.000     0.1480      0.0000      0.0000      0.0000
422     B         E           60           TRP           96.94           411      0      0     7.306     1.000     1.000     0.1540      0.0000      0.0000      0.0000
423     B         E           61           SER           97.23           411      0      0     7.306     1.000     1.000     0.1547      0.0000      0.0000      0.0000
424     B         E           62           PHE           97.77           411      0      0     7.306     1.000     1.000     0.1585      0.0000      0.0000      0.0000
425     B         E           63           TYR           97.60           411      0      0     7.306     1.000     1.000     0.1525      0.0000      0.0000      0.0000
426     B         E           64           LEU           97.53           411      0      0     7.306     1.000     1.000     0.1582      0.0000      0.0000      0.0000
427     B         E           65           LEU           97.56           411      0      0     7.306     1.000     1.000     0.1622      0.0000      0.0000      0.0000
428     B         E           66           TYR           97.64           411      0      0     7.306     1.000     1.000     0.1685      0.0000      0.0000      0.0000
429     B         E           67           TYR           97.10           411      0      0     7.306     1.000     1.000     0.1574      0.0000      0.0000      0.0000
430     B         E           68           THR           96.60           411      0      0     7.306     1.000     1.000     0.1520      0.0000      0.0000      0.0000
431     B         E           69           GLU           95.53           411      0      0     7.306     1.000     1.000     0.1423      0.0000      0.0000      0.0000
432     B         E           70           PHE           94.74           411      0      0     7.306     1.000     1.000     0.1399      0.0000      0.0000      0.0000
433     B         E           71           THR           94.28           411      0      0     7.306     1.000     1.000     0.1312      0.0000      0.0000      0.0000
434     B         E           72           PRO           93.58           411      0      0     7.306     1.000     1.000     0.1198      0.0000      0.0000      0.0000
435     B         E           73           THR           92.16           411      0      0     7.306     1.000     1.000     0.1138      0.0000      0.0000      0.0000
436     B         E           74           GLU           91.35           411      0      0     7.306     1.000     1.000     0.0988      0.0000      0.0000      0.0000
437     B         E           75           LYS           91.43           411      0      0     7.306     1.000     1.000     0.0912      0.0000      0.0000      0.0000
438     B         E           76           ASP           92.79           411      0      0     7.306     1.000     1.000     0.1154      0.0000      0.0000      0.0000
439     B         E           77           GLU           95.20           411      0      0     7.306     1.000     1.000     0.1348      0.0000      0.0000      0.0000
440     B         E           78           TYR           96.11           411      0      0     7.306     1.000     1.000     0.1553      0.0000      0.0000      0.0000
441     B         E           79           ALA           96.65           411      0      0     7.306     1.000     1.000     0.1573      0.0000      0.0000      0.0000
442     B         E           80           CYS           97.11           411      0      0     7.306     1.000     1.000     0.1571      0.0000      0.0000      0.0000
443     B         E           81           ARG           97.36           411      0      0     7.306     1.000     1.000     0.1628      0.0000      0.0000      0.0000
444     B         E           82           VAL           97.07           411      0      0     7.306     1.000     1.000     0.1620      0.0000      0.0000      0.0000
445     B         E           83           ASN           96.55           411      0      0     7.306     1.000     1.000     0.1511      0.0000      0.0000      0.0000
446     B         E           84           HIS           95.92           411      0      0     7.306     1.000     1.000     0.1566      0.0000      0.0000      0.0000
447     B         E           85           VAL           94.71           411      0      0     7.306     1.000     1.000     0.1498      0.0000      0.0000      0.0000
448     B         E           86           THR           94.89           411      0      0     7.306     1.000     1.000     0.1508      0.0000      0.0000      0.0000
449     B         E           87           LEU           94.37           411      0      0     7.306     1.000     1.000     0.1425      0.0000      0.0000      0.0000
450     B         E           88           SER           93.68           411      0      0     7.306     1.000     1.000     0.1175      0.0000      0.0000      0.0000
451     B         E           89           GLN           94.56           411      0      0     7.306     1.000     1.000     0.1198      0.0000      0.0000      0.0000
452     B         E           90           PRO           95.28           411      0      0     7.306     1.000     1.000     0.1340      0.0000      0.0000      0.0000
453     B         E           91           LYS           96.12           411      0      0     7.306     1.000     1.000     0.1465      0.0000      0.0000      0.0000
454     B         E           92           ILE           96.74           411      0      0     7.306     1.000     1.000     0.1579      0.0000      0.0000      0.0000
455     B         E           93           VAL           96.53           411      0      0     7.306     1.000     1.000     0.1544      0.0000      0.0000      0.0000
456     B         E           94           LYS           96.13           411      0      0     7.306     1.000     1.000     0.1437      0.0000      0.0000      0.0000
457     B         E           95           TRP           95.49           411      0      0     7.306     1.000     1.000     0.1402      0.0000      0.0000      0.0000
458     B         E           96           ASP           92.65           411      0      0     7.306     1.000     1.000     0.1092      0.0000      0.0000      0.0000
459     B         E           97           ARG           88.49           411      0      0     7.306     1.000     1.000     0.0959      0.0000      0.0000      0.0000
460     B         E           98           ASP           83.87           411      0      0     7.306     1.000     1.000     0.0832      0.0000      0.0000      0.0000
461     B         E           99           MET           86.25           411      0      0     7.306     1.000     1.000     0.0724      0.0000      0.0000      0.0000
462     C         A            1           MET           89.92           371    290    220     6.988     6.264     5.511     0.3966      0.5553      0.5044      0.4450
463     C         A            2           PRO           88.85           371    290    281     6.988     6.264     6.175     0.5184      0.6460      0.5994      0.5932
464     C         A            3           TYR           87.00           371    290    281     6.988     6.264     6.175     0.5270      0.6575      0.6117      0.6055
465     C         A            4           SER           75.51           371    290    223     6.988     6.264     5.547     0.3887      0.5387      0.4878      0.4316
466     C         A            5           HIS           72.19           371    290    173     6.988     6.264     4.904     0.3162      0.4969      0.4451      0.3349
467     C         A            6           PRO           68.76           371    290    111     6.988     6.264     3.878     0.2509      0.4494      0.3978      0.2067
468     C         A            7           SER           72.67           371    290     84     6.988     6.264     3.286     0.2189      0.4405      0.3892      0.1544
469     C         A            8           SER           73.39           371    290    144     6.988     6.264     4.465     0.2797      0.4716      0.4198      0.2744
470     C         A            9           TYR           74.70           371    290    122     6.988     6.264     4.087     0.2591      0.4653      0.4137      0.2372
462     C         B            1           MET           89.92           108    106     68     3.818     3.777     2.858     0.1488      0.1649      0.1620      0.1001
463     C         B            2           PRO           88.85           108    106     99     3.818     3.777     3.631     0.2696      0.2696      0.2655      0.2506
464     C         B            3           TYR           87.00           108    106     99     3.818     3.777     3.631     0.2723      0.2723      0.2682      0.2533
465     C         B            4           SER           75.51           108    106     32     3.818     3.777     1.388     0.1296      0.1656      0.1627      0.0258
466     C         B            5           HIS           72.19           108    106      8     3.818     3.777     1.000     0.0846      0.1410      0.1385      0.0111
467     C         B            6           PRO           68.76           108    106      0     3.818     3.777     1.000     0.0653      0.0000      0.0000      0.0000
468     C         B            7           SER           72.67           108    106      0     3.818     3.777     1.000     0.0504      0.0000      0.0000      0.0000
469     C         B            8           SER           73.39           108    106      3     3.818     3.777     1.000     0.0814      0.1367      0.1342      0.0107
470     C         B            9           TYR           74.70           108    106      2     3.818     3.777     1.000     0.0758      0.1380      0.1355      0.0109
462     C         D            1           MET           89.92           285      0      0     6.214     1.000     1.000     0.0840      0.0000      0.0000      0.0000
463     C         D            2           PRO           88.85           285      0      0     6.214     1.000     1.000     0.0969      0.0000      0.0000      0.0000
464     C         D            3           TYR           87.00           285      0      0     6.214     1.000     1.000     0.0963      0.0000      0.0000      0.0000
465     C         D            4           SER           75.51           285      0      0     6.214     1.000     1.000     0.0860      0.0000      0.0000      0.0000
466     C         D            5           HIS           72.19           285      0      0     6.214     1.000     1.000     0.0810      0.0000      0.0000      0.0000
467     C         D            6           PRO           68.76           285      0      0     6.214     1.000     1.000     0.0718      0.0000      0.0000      0.0000
468     C         D            7           SER           72.67           285      0      0     6.214     1.000     1.000     0.0700      0.0000      0.0000      0.0000
469     C         D            8           SER           73.39           285      0      0     6.214     1.000     1.000     0.0802      0.0000      0.0000      0.0000
470     C         D            9           TYR           74.70           285      0      0     6.214     1.000     1.000     0.0737      0.0000      0.0000      0.0000
462     C         E            1           MET           89.92           321      0      0     6.556     1.000     1.000     0.1036      0.0000      0.0000      0.0000
463     C         E            2           PRO           88.85           321      0      0     6.556     1.000     1.000     0.1204      0.0000      0.0000      0.0000
464     C         E            3           TYR           87.00           321      0      0     6.556     1.000     1.000     0.1174      0.0000      0.0000      0.0000
465     C         E            4           SER           75.51           321      0      0     6.556     1.000     1.000     0.1052      0.0000      0.0000      0.0000
466     C         E            5           HIS           72.19           321      0      0     6.556     1.000     1.000     0.0979      0.0000      0.0000      0.0000
467     C         E            6           PRO           68.76           321      0      0     6.556     1.000     1.000     0.0876      0.0000      0.0000      0.0000
468     C         E            7           SER           72.67           321      0      0     6.556     1.000     1.000     0.0837      0.0000      0.0000      0.0000
469     C         E            8           SER           73.39           321      0      0     6.556     1.000     1.000     0.0927      0.0000      0.0000      0.0000
470     C         E            9           TYR           74.70           321      0      0     6.556     1.000     1.000     0.0860      0.0000      0.0000      0.0000
471     D         A            1           MET           22.59           638      0      0     8.791     1.000     1.000     0.0718      0.0000      0.0000      0.0000
472     D         A            2           ALA           27.04           638      0      0     8.791     1.000     1.000     0.0719      0.0000      0.0000      0.0000
473     D         A            3           CYS           26.54           638      0      0     8.791     1.000     1.000     0.0720      0.0000      0.0000      0.0000
474     D         A            4           PRO           29.55           638      0      0     8.791     1.000     1.000     0.0722      0.0000      0.0000      0.0000
475     D         A            5           GLY           30.28           638      0      0     8.791     1.000     1.000     0.0721      0.0000      0.0000      0.0000
476     D         A            6           PHE           23.20           638      0      0     8.791     1.000     1.000     0.0724      0.0000      0.0000      0.0000
477     D         A            7           LEU           27.75           638      0      0     8.791     1.000     1.000     0.0728      0.0000      0.0000      0.0000
478     D         A            8           TRP           28.71           638      0      0     8.791     1.000     1.000     0.0730      0.0000      0.0000      0.0000
479     D         A            9           ALA           34.16           638      0      0     8.791     1.000     1.000     0.0732      0.0000      0.0000      0.0000
480     D         A           10           LEU           31.76           638      0      0     8.791     1.000     1.000     0.0734      0.0000      0.0000      0.0000
481     D         A           11           VAL           31.71           638      0      0     8.791     1.000     1.000     0.0737      0.0000      0.0000      0.0000
482     D         A           12           ILE           31.46           638      0      0     8.791     1.000     1.000     0.0741      0.0000      0.0000      0.0000
483     D         A           13           SER           29.11           638      0      0     8.791     1.000     1.000     0.0740      0.0000      0.0000      0.0000
484     D         A           14           THR           28.36           638      0      0     8.791     1.000     1.000     0.0742      0.0000      0.0000      0.0000
485     D         A           15           CYS           29.58           638      0      0     8.791     1.000     1.000     0.0747      0.0000      0.0000      0.0000
486     D         A           16           LEU           30.76           638      0      0     8.791     1.000     1.000     0.0747      0.0000      0.0000      0.0000
487     D         A           17           GLU           30.86           638      0      0     8.791     1.000     1.000     0.0753      0.0000      0.0000      0.0000
488     D         A           18           PHE           30.72           638      0      0     8.791     1.000     1.000     0.0750      0.0000      0.0000      0.0000
489     D         A           19           SER           36.35           638      0      0     8.791     1.000     1.000     0.0758      0.0000      0.0000      0.0000
490     D         A           20           MET           36.53           638      0      0     8.791     1.000     1.000     0.0762      0.0000      0.0000      0.0000
491     D         A           21           ALA           48.67           638      0      0     8.791     1.000     1.000     0.0788      0.0000      0.0000      0.0000
492     D         A           22           GLN           52.96           638      0      0     8.791     1.000     1.000     0.0829      0.0000      0.0000      0.0000
493     D         A           23           THR           81.41           638      0      0     8.791     1.000     1.000     0.0900      0.0000      0.0000      0.0000
494     D         A           24           VAL           92.07           638      0      0     8.791     1.000     1.000     0.1548      0.0000      0.0000      0.0000
495     D         A           25           THR           93.72           638      0      0     8.791     1.000     1.000     0.2014      0.0000      0.0000      0.0000
496     D         A           26           GLN           93.76           638      0      0     8.791     1.000     1.000     0.1965      0.0000      0.0000      0.0000
497     D         A           27           SER           91.94           638      0      0     8.791     1.000     1.000     0.1727      0.0000      0.0000      0.0000
498     D         A           28           GLN           91.75           638      0      0     8.791     1.000     1.000     0.1641      0.0000      0.0000      0.0000
499     D         A           29           PRO           92.01           638      0      0     8.791     1.000     1.000     0.1757      0.0000      0.0000      0.0000
500     D         A           30           GLU           93.38           638      0      0     8.791     1.000     1.000     0.1791      0.0000      0.0000      0.0000
501     D         A           31           MET           95.05           638      0      0     8.791     1.000     1.000     0.1844      0.0000      0.0000      0.0000
502     D         A           32           SER           94.05           638      0      0     8.791     1.000     1.000     0.1799      0.0000      0.0000      0.0000
503     D         A           33           VAL           94.65           638      0      0     8.791     1.000     1.000     0.1807      0.0000      0.0000      0.0000
504     D         A           34           GLN           94.27           638      0      0     8.791     1.000     1.000     0.1811      0.0000      0.0000      0.0000
505     D         A           35           GLU           93.81           638      0      0     8.791     1.000     1.000     0.1739      0.0000      0.0000      0.0000
506     D         A           36           ALA           93.96           638      0      0     8.791     1.000     1.000     0.1734      0.0000      0.0000      0.0000
507     D         A           37           GLU           94.69           638      0      0     8.791     1.000     1.000     0.1724      0.0000      0.0000      0.0000
508     D         A           38           THR           95.61           638      0      0     8.791     1.000     1.000     0.1872      0.0000      0.0000      0.0000
509     D         A           39           VAL           95.71           638      0      0     8.791     1.000     1.000     0.1838      0.0000      0.0000      0.0000
510     D         A           40           THR           95.90           638      0      0     8.791     1.000     1.000     0.1956      0.0000      0.0000      0.0000
511     D         A           41           LEU           96.03           638      0      0     8.791     1.000     1.000     0.1970      0.0000      0.0000      0.0000
512     D         A           42           SER           94.96           638      0      0     8.791     1.000     1.000     0.1836      0.0000      0.0000      0.0000
513     D         A           43           CYS           95.35           638      0      0     8.791     1.000     1.000     0.1892      0.0000      0.0000      0.0000
514     D         A           44           THR           95.18           638      0      0     8.791     1.000     1.000     0.2012      0.0000      0.0000      0.0000
515     D         A           45           TYR           94.41           638      0      0     8.791     1.000     1.000     0.1972      0.0000      0.0000      0.0000
516     D         A           46           ASP           91.70           638      0      0     8.791     1.000     1.000     0.1878      0.0000      0.0000      0.0000
517     D         A           47           THR           89.12           638      0      0     8.791     1.000     1.000     0.1769      0.0000      0.0000      0.0000
518     D         A           48           SER           82.87           638      0      0     8.791     1.000     1.000     0.1657      0.0000      0.0000      0.0000
519     D         A           49           GLU           78.67           638      0      0     8.791     1.000     1.000     0.1668      0.0000      0.0000      0.0000
520     D         A           50           SER           73.40           638      0      0     8.791     1.000     1.000     0.1595      0.0000      0.0000      0.0000
521     D         A           51           ASP           74.01           638      0      0     8.791     1.000     1.000     0.1602      0.0000      0.0000      0.0000
522     D         A           52           TYR           82.68           638      0      0     8.791     1.000     1.000     0.1886      0.0000      0.0000      0.0000
523     D         A           53           TYR           87.05           638      0      0     8.791     1.000     1.000     0.1973      0.0000      0.0000      0.0000
524     D         A           54           LEU           92.69           638      0      0     8.791     1.000     1.000     0.2157      0.0000      0.0000      0.0000
525     D         A           55           PHE           94.05           638      0      0     8.791     1.000     1.000     0.2125      0.0000      0.0000      0.0000
526     D         A           56           TRP           95.82           638      0      0     8.791     1.000     1.000     0.2174      0.0000      0.0000      0.0000
527     D         A           57           TYR           95.69           638      0      0     8.791     1.000     1.000     0.2107      0.0000      0.0000      0.0000
528     D         A           58           LYS           96.14           638      0      0     8.791     1.000     1.000     0.2029      0.0000      0.0000      0.0000
529     D         A           59           GLN           95.52           638      0      0     8.791     1.000     1.000     0.2016      0.0000      0.0000      0.0000
530     D         A           60           PRO           93.45           638      0      0     8.791     1.000     1.000     0.1837      0.0000      0.0000      0.0000
531     D         A           61           PRO           89.28           638      0      0     8.791     1.000     1.000     0.1717      0.0000      0.0000      0.0000
532     D         A           62           SER           86.10           638      0      0     8.791     1.000     1.000     0.1542      0.0000      0.0000      0.0000
533     D         A           63           ARG           89.11           638      0      0     8.791     1.000     1.000     0.1614      0.0000      0.0000      0.0000
534     D         A           64           GLN           91.35           638      0      0     8.791     1.000     1.000     0.1792      0.0000      0.0000      0.0000
535     D         A           65           MET           94.11           638      0      0     8.791     1.000     1.000     0.1958      0.0000      0.0000      0.0000
536     D         A           66           ILE           94.29           638      0      0     8.791     1.000     1.000     0.2009      0.0000      0.0000      0.0000
537     D         A           67           LEU           94.48           638      0      0     8.791     1.000     1.000     0.1998      0.0000      0.0000      0.0000
538     D         A           68           VAL           94.97           638      0      0     8.791     1.000     1.000     0.1989      0.0000      0.0000      0.0000
539     D         A           69           ILE           94.66           638      0      0     8.791     1.000     1.000     0.1967      0.0000      0.0000      0.0000
540     D         A           70           ARG           92.29           638      0      0     8.791     1.000     1.000     0.1936      0.0000      0.0000      0.0000
541     D         A           71           GLN           91.42           638      0      0     8.791     1.000     1.000     0.1965      0.0000      0.0000      0.0000
542     D         A           72           GLU           83.39           638      0      0     8.791     1.000     1.000     0.1764      0.0000      0.0000      0.0000
543     D         A           73           ALA           82.23           638      0      0     8.791     1.000     1.000     0.1753      0.0000      0.0000      0.0000
544     D         A           74           TYR           73.21           638      0      0     8.791     1.000     1.000     0.1573      0.0000      0.0000      0.0000
545     D         A           75           LYS           72.42           638      0      0     8.791     1.000     1.000     0.1519      0.0000      0.0000      0.0000
546     D         A           76           GLN           74.50           638      0      0     8.791     1.000     1.000     0.1310      0.0000      0.0000      0.0000
547     D         A           77           GLN           82.22           638      0      0     8.791     1.000     1.000     0.1431      0.0000      0.0000      0.0000
548     D         A           78           ASN           88.74           638      0      0     8.791     1.000     1.000     0.1633      0.0000      0.0000      0.0000
549     D         A           79           ALA           87.96           638      0      0     8.791     1.000     1.000     0.1604      0.0000      0.0000      0.0000
550     D         A           80           THR           88.87           638      0      0     8.791     1.000     1.000     0.1657      0.0000      0.0000      0.0000
551     D         A           81           GLU           87.90           638      0      0     8.791     1.000     1.000     0.1534      0.0000      0.0000      0.0000
552     D         A           82           ASN           89.20           638      0      0     8.791     1.000     1.000     0.1535      0.0000      0.0000      0.0000
553     D         A           83           ARG           94.02           638      0      0     8.791     1.000     1.000     0.1699      0.0000      0.0000      0.0000
554     D         A           84           PHE           95.15           638      0      0     8.791     1.000     1.000     0.1854      0.0000      0.0000      0.0000
555     D         A           85           SER           94.91           638      0      0     8.791     1.000     1.000     0.1864      0.0000      0.0000      0.0000
556     D         A           86           VAL           94.74           638      0      0     8.791     1.000     1.000     0.1847      0.0000      0.0000      0.0000
557     D         A           87           ASN           94.70           638      0      0     8.791     1.000     1.000     0.1922      0.0000      0.0000      0.0000
558     D         A           88           PHE           93.66           638      0      0     8.791     1.000     1.000     0.1906      0.0000      0.0000      0.0000
559     D         A           89           GLN           93.12           638      0      0     8.791     1.000     1.000     0.1941      0.0000      0.0000      0.0000
560     D         A           90           LYS           90.70           638      0      0     8.791     1.000     1.000     0.1873      0.0000      0.0000      0.0000
561     D         A           91           ALA           90.47           638      0      0     8.791     1.000     1.000     0.1819      0.0000      0.0000      0.0000
562     D         A           92           ALA           92.42           638      0      0     8.791     1.000     1.000     0.1820      0.0000      0.0000      0.0000
563     D         A           93           LYS           93.30           638      0      0     8.791     1.000     1.000     0.1923      0.0000      0.0000      0.0000
564     D         A           94           SER           94.44           638      0      0     8.791     1.000     1.000     0.1923      0.0000      0.0000      0.0000
565     D         A           95           PHE           95.25           638      0      0     8.791     1.000     1.000     0.1944      0.0000      0.0000      0.0000
566     D         A           96           SER           95.22           638      0      0     8.791     1.000     1.000     0.1928      0.0000      0.0000      0.0000
567     D         A           97           LEU           96.20           638      0      0     8.791     1.000     1.000     0.1997      0.0000      0.0000      0.0000
568     D         A           98           LYS           96.14           638      0      0     8.791     1.000     1.000     0.1958      0.0000      0.0000      0.0000
569     D         A           99           ILE           96.02           638      0      0     8.791     1.000     1.000     0.1917      0.0000      0.0000      0.0000
570     D         A          100           SER           94.47           638      0      0     8.791     1.000     1.000     0.1774      0.0000      0.0000      0.0000
571     D         A          101           ASP           94.91           638      0      0     8.791     1.000     1.000     0.1780      0.0000      0.0000      0.0000
572     D         A          102           SER           94.87           638      0      0     8.791     1.000     1.000     0.1804      0.0000      0.0000      0.0000
573     D         A          103           GLN           94.09           638      0      0     8.791     1.000     1.000     0.1831      0.0000      0.0000      0.0000
574     D         A          104           LEU           92.85           638      0      0     8.791     1.000     1.000     0.1862      0.0000      0.0000      0.0000
575     D         A          105           GLY           92.63           638      0      0     8.791     1.000     1.000     0.1841      0.0000      0.0000      0.0000
576     D         A          106           ASP           94.93           638      0      0     8.791     1.000     1.000     0.1929      0.0000      0.0000      0.0000
577     D         A          107           ALA           94.50           638      0      0     8.791     1.000     1.000     0.1944      0.0000      0.0000      0.0000
578     D         A          108           ALA           95.30           638      0      0     8.791     1.000     1.000     0.1943      0.0000      0.0000      0.0000
579     D         A          109           MET           95.78           638      0      0     8.791     1.000     1.000     0.2013      0.0000      0.0000      0.0000
580     D         A          110           TYR           96.54           638      0      0     8.791     1.000     1.000     0.2089      0.0000      0.0000      0.0000
581     D         A          111           PHE           95.94           638      0      0     8.791     1.000     1.000     0.2083      0.0000      0.0000      0.0000
582     D         A          112           CYS           95.54           638      0      0     8.791     1.000     1.000     0.2066      0.0000      0.0000      0.0000
583     D         A          113           ALA           94.42           638      0      0     8.791     1.000     1.000     0.2103      0.0000      0.0000      0.0000
584     D         A          114           TYR           92.44           638      0      0     8.791     1.000     1.000     0.2080      0.0000      0.0000      0.0000
585     D         A          115           ARG           87.86           638      0      0     8.791     1.000     1.000     0.1962      0.0000      0.0000      0.0000
586     D         A          116           SER           80.24           638      0      0     8.791     1.000     1.000     0.1821      0.0000      0.0000      0.0000
587     D         A          117           ALA           71.92           638      0      0     8.791     1.000     1.000     0.1691      0.0000      0.0000      0.0000
588     D         A          118           LEU           66.09           638      0      0     8.791     1.000     1.000     0.1526      0.0000      0.0000      0.0000
589     D         A          119           SER           66.57           638      0      0     8.791     1.000     1.000     0.1337      0.0000      0.0000      0.0000
590     D         A          120           TYR           61.70           638      0      0     8.791     1.000     1.000     0.1300      0.0000      0.0000      0.0000
591     D         A          121           ASN           67.70           638      0      0     8.791     1.000     1.000     0.1223      0.0000      0.0000      0.0000
592     D         A          122           ASP           74.85           638      0      0     8.791     1.000     1.000     0.1293      0.0000      0.0000      0.0000
593     D         A          123           MET           86.12           638      0      0     8.791     1.000     1.000     0.1670      0.0000      0.0000      0.0000
594     D         A          124           ARG           91.01           638      0      0     8.791     1.000     1.000     0.1997      0.0000      0.0000      0.0000
595     D         A          125           PHE           93.14           638      0      0     8.791     1.000     1.000     0.2084      0.0000      0.0000      0.0000
596     D         A          126           GLY           93.22           638      0      0     8.791     1.000     1.000     0.2029      0.0000      0.0000      0.0000
597     D         A          127           ALA           93.28           638      0      0     8.791     1.000     1.000     0.2012      0.0000      0.0000      0.0000
598     D         A          128           GLY           94.29           638      0      0     8.791     1.000     1.000     0.1898      0.0000      0.0000      0.0000
599     D         A          129           THR           95.54           638      0      0     8.791     1.000     1.000     0.2050      0.0000      0.0000      0.0000
600     D         A          130           ARG           95.18           638      0      0     8.791     1.000     1.000     0.2057      0.0000      0.0000      0.0000
601     D         A          131           LEU           95.76           638      0      0     8.791     1.000     1.000     0.2004      0.0000      0.0000      0.0000
602     D         A          132           THR           94.29           638      0      0     8.791     1.000     1.000     0.1941      0.0000      0.0000      0.0000
603     D         A          133           VAL           94.54           638      0      0     8.791     1.000     1.000     0.1902      0.0000      0.0000      0.0000
604     D         A          134           LYS           93.93           638      0      0     8.791     1.000     1.000     0.1866      0.0000      0.0000      0.0000
605     D         A          135           PRO           93.05           638      0      0     8.791     1.000     1.000     0.1669      0.0000      0.0000      0.0000
606     D         A          136           ASN           91.14           638      0      0     8.791     1.000     1.000     0.1535      0.0000      0.0000      0.0000
607     D         A          137           ILE           89.32           638      0      0     8.791     1.000     1.000     0.1532      0.0000      0.0000      0.0000
608     D         A          138           GLN           85.63           638      0      0     8.791     1.000     1.000     0.1233      0.0000      0.0000      0.0000
609     D         A          139           ASN           88.23           638      0      0     8.791     1.000     1.000     0.1230      0.0000      0.0000      0.0000
610     D         A          140           PRO           88.80           638      0      0     8.791     1.000     1.000     0.1417      0.0000      0.0000      0.0000
611     D         A          141           ASP           90.88           638      0      0     8.791     1.000     1.000     0.1496      0.0000      0.0000      0.0000
612     D         A          142           PRO           90.54           638      0      0     8.791     1.000     1.000     0.1609      0.0000      0.0000      0.0000
613     D         A          143           ALA           90.84           638      0      0     8.791     1.000     1.000     0.1595      0.0000      0.0000      0.0000
614     D         A          144           VAL           91.14           638      0      0     8.791     1.000     1.000     0.1789      0.0000      0.0000      0.0000
615     D         A          145           TYR           91.42           638      0      0     8.791     1.000     1.000     0.1804      0.0000      0.0000      0.0000
616     D         A          146           GLN           89.07           638      0      0     8.791     1.000     1.000     0.1695      0.0000      0.0000      0.0000
617     D         A          147           LEU           87.86           638      0      0     8.791     1.000     1.000     0.1594      0.0000      0.0000      0.0000
618     D         A          148           ARG           83.15           638      0      0     8.791     1.000     1.000     0.1164      0.0000      0.0000      0.0000
619     D         A          149           ASP           75.47           638      0      0     8.791     1.000     1.000     0.0897      0.0000      0.0000      0.0000
620     D         A          150           SER           67.72           638      0      0     8.791     1.000     1.000     0.0881      0.0000      0.0000      0.0000
621     D         A          151           LYS           72.72           638      0      0     8.791     1.000     1.000     0.0871      0.0000      0.0000      0.0000
622     D         A          152           SER           66.57           638      0      0     8.791     1.000     1.000     0.0849      0.0000      0.0000      0.0000
623     D         A          153           SER           72.52           638      0      0     8.791     1.000     1.000     0.0889      0.0000      0.0000      0.0000
624     D         A          154           ASP           79.41           638      0      0     8.791     1.000     1.000     0.0966      0.0000      0.0000      0.0000
625     D         A          155           LYS           84.59           638      0      0     8.791     1.000     1.000     0.1214      0.0000      0.0000      0.0000
626     D         A          156           SER           86.39           638      0      0     8.791     1.000     1.000     0.1410      0.0000      0.0000      0.0000
627     D         A          157           VAL           90.88           638      0      0     8.791     1.000     1.000     0.1704      0.0000      0.0000      0.0000
628     D         A          158           CYS           91.01           638      0      0     8.791     1.000     1.000     0.1759      0.0000      0.0000      0.0000
629     D         A          159           LEU           92.52           638      0      0     8.791     1.000     1.000     0.1907      0.0000      0.0000      0.0000
630     D         A          160           PHE           92.48           638      0      0     8.791     1.000     1.000     0.1848      0.0000      0.0000      0.0000
631     D         A          161           THR           91.66           638      0      0     8.791     1.000     1.000     0.1626      0.0000      0.0000      0.0000
632     D         A          162           ASP           88.80           638      0      0     8.791     1.000     1.000     0.1512      0.0000      0.0000      0.0000
633     D         A          163           PHE           90.44           638      0      0     8.791     1.000     1.000     0.1608      0.0000      0.0000      0.0000
634     D         A          164           ASP           88.63           638      0      0     8.791     1.000     1.000     0.1465      0.0000      0.0000      0.0000
635     D         A          165           SER           87.56           638      0      0     8.791     1.000     1.000     0.1464      0.0000      0.0000      0.0000
636     D         A          166           GLN           85.86           638      0      0     8.791     1.000     1.000     0.1456      0.0000      0.0000      0.0000
637     D         A          167           THR           85.58           638      0      0     8.791     1.000     1.000     0.1475      0.0000      0.0000      0.0000
638     D         A          168           ASN           85.65           638      0      0     8.791     1.000     1.000     0.1446      0.0000      0.0000      0.0000
639     D         A          169           VAL           85.84           638      0      0     8.791     1.000     1.000     0.1475      0.0000      0.0000      0.0000
640     D         A          170           SER           83.44           638      0      0     8.791     1.000     1.000     0.1279      0.0000      0.0000      0.0000
641     D         A          171           GLN           83.21           638      0      0     8.791     1.000     1.000     0.1292      0.0000      0.0000      0.0000
642     D         A          172           SER           81.84           638      0      0     8.791     1.000     1.000     0.1191      0.0000      0.0000      0.0000
643     D         A          173           LYS           79.23           638      0      0     8.791     1.000     1.000     0.1141      0.0000      0.0000      0.0000
644     D         A          174           ASP           81.42           638      0      0     8.791     1.000     1.000     0.1195      0.0000      0.0000      0.0000
645     D         A          175           SER           82.74           638      0      0     8.791     1.000     1.000     0.1223      0.0000      0.0000      0.0000
646     D         A          176           ASP           86.14           638      0      0     8.791     1.000     1.000     0.1274      0.0000      0.0000      0.0000
647     D         A          177           VAL           87.27           638      0      0     8.791     1.000     1.000     0.1585      0.0000      0.0000      0.0000
648     D         A          178           TYR           90.05           638      0      0     8.791     1.000     1.000     0.1698      0.0000      0.0000      0.0000
649     D         A          179           ILE           90.14           638      0      0     8.791     1.000     1.000     0.1755      0.0000      0.0000      0.0000
650     D         A          180           THR           90.27           638      0      0     8.791     1.000     1.000     0.1677      0.0000      0.0000      0.0000
651     D         A          181           ASP           89.67           638      0      0     8.791     1.000     1.000     0.1594      0.0000      0.0000      0.0000
652     D         A          182           LYS           90.79           638      0      0     8.791     1.000     1.000     0.1638      0.0000      0.0000      0.0000
653     D         A          183           THR           91.74           638      0      0     8.791     1.000     1.000     0.1703      0.0000      0.0000      0.0000
654     D         A          184           VAL           92.27           638      0      0     8.791     1.000     1.000     0.1727      0.0000      0.0000      0.0000
655     D         A          185           LEU           91.23           638      0      0     8.791     1.000     1.000     0.1656      0.0000      0.0000      0.0000
656     D         A          186           ASP           91.47           638      0      0     8.791     1.000     1.000     0.1619      0.0000      0.0000      0.0000
657     D         A          187           MET           90.08           638      0      0     8.791     1.000     1.000     0.1623      0.0000      0.0000      0.0000
658     D         A          188           ARG           88.16           638      0      0     8.791     1.000     1.000     0.1430      0.0000      0.0000      0.0000
659     D         A          189           SER           88.13           638      0      0     8.791     1.000     1.000     0.1323      0.0000      0.0000      0.0000
660     D         A          190           MET           87.64           638      0      0     8.791     1.000     1.000     0.1329      0.0000      0.0000      0.0000
661     D         A          191           ASP           89.16           638      0      0     8.791     1.000     1.000     0.1395      0.0000      0.0000      0.0000
662     D         A          192           PHE           91.09           638      0      0     8.791     1.000     1.000     0.1579      0.0000      0.0000      0.0000
663     D         A          193           LYS           91.69           638      0      0     8.791     1.000     1.000     0.1657      0.0000      0.0000      0.0000
664     D         A          194           SER           92.71           638      0      0     8.791     1.000     1.000     0.1678      0.0000      0.0000      0.0000
665     D         A          195           ASN           93.02           638      0      0     8.791     1.000     1.000     0.1797      0.0000      0.0000      0.0000
666     D         A          196           SER           92.99           638      0      0     8.791     1.000     1.000     0.1699      0.0000      0.0000      0.0000
667     D         A          197           ALA           92.83           638      0      0     8.791     1.000     1.000     0.1830      0.0000      0.0000      0.0000
668     D         A          198           VAL           93.12           638      0      0     8.791     1.000     1.000     0.1868      0.0000      0.0000      0.0000
669     D         A          199           ALA           91.92           638      0      0     8.791     1.000     1.000     0.1844      0.0000      0.0000      0.0000
670     D         A          200           TRP           91.99           638      0      0     8.791     1.000     1.000     0.1807      0.0000      0.0000      0.0000
671     D         A          201           SER           88.84           638      0      0     8.791     1.000     1.000     0.1516      0.0000      0.0000      0.0000
672     D         A          202           ASN           85.65           638      0      0     8.791     1.000     1.000     0.1276      0.0000      0.0000      0.0000
673     D         A          203           LYS           81.65           638      0      0     8.791     1.000     1.000     0.1192      0.0000      0.0000      0.0000
674     D         A          204           SER           79.55           638      0      0     8.791     1.000     1.000     0.1131      0.0000      0.0000      0.0000
675     D         A          205           ASP           82.18           638      0      0     8.791     1.000     1.000     0.1121      0.0000      0.0000      0.0000
676     D         A          206           PHE           84.02           638      0      0     8.791     1.000     1.000     0.1367      0.0000      0.0000      0.0000
677     D         A          207           ALA           84.45           638      0      0     8.791     1.000     1.000     0.1346      0.0000      0.0000      0.0000
678     D         A          208           CYS           85.10           638      0      0     8.791     1.000     1.000     0.1400      0.0000      0.0000      0.0000
679     D         A          209           ALA           84.19           638      0      0     8.791     1.000     1.000     0.1343      0.0000      0.0000      0.0000
680     D         A          210           ASN           83.61           638      0      0     8.791     1.000     1.000     0.1294      0.0000      0.0000      0.0000
681     D         A          211           ALA           81.60           638      0      0     8.791     1.000     1.000     0.1430      0.0000      0.0000      0.0000
682     D         A          212           PHE           85.17           638      0      0     8.791     1.000     1.000     0.1510      0.0000      0.0000      0.0000
683     D         A          213           ASN           82.95           638      0      0     8.791     1.000     1.000     0.1292      0.0000      0.0000      0.0000
684     D         A          214           ASN           82.97           638      0      0     8.791     1.000     1.000     0.1250      0.0000      0.0000      0.0000
685     D         A          215           SER           81.22           638      0      0     8.791     1.000     1.000     0.1218      0.0000      0.0000      0.0000
686     D         A          216           ILE           80.95           638      0      0     8.791     1.000     1.000     0.1205      0.0000      0.0000      0.0000
687     D         A          217           ILE           81.94           638      0      0     8.791     1.000     1.000     0.1168      0.0000      0.0000      0.0000
688     D         A          218           PRO           81.93           638      0      0     8.791     1.000     1.000     0.1205      0.0000      0.0000      0.0000
689     D         A          219           GLU           78.68           638      0      0     8.791     1.000     1.000     0.1106      0.0000      0.0000      0.0000
690     D         A          220           ASP           83.27           638      0      0     8.791     1.000     1.000     0.1108      0.0000      0.0000      0.0000
691     D         A          221           THR           83.54           638      0      0     8.791     1.000     1.000     0.1301      0.0000      0.0000      0.0000
692     D         A          222           PHE           86.69           638      0      0     8.791     1.000     1.000     0.1362      0.0000      0.0000      0.0000
693     D         A          223           PHE           84.94           638      0      0     8.791     1.000     1.000     0.1392      0.0000      0.0000      0.0000
694     D         A          224           PRO           80.94           638      0      0     8.791     1.000     1.000     0.1142      0.0000      0.0000      0.0000
695     D         A          225           SER           74.35           638      0      0     8.791     1.000     1.000     0.0993      0.0000      0.0000      0.0000
696     D         A          226           PRO           69.40           638      0      0     8.791     1.000     1.000     0.0890      0.0000      0.0000      0.0000
697     D         A          227           GLU           62.15           638      0      0     8.791     1.000     1.000     0.0829      0.0000      0.0000      0.0000
698     D         A          228           SER           64.06           638      0      0     8.791     1.000     1.000     0.0788      0.0000      0.0000      0.0000
699     D         A          229           SER           71.66           638      0      0     8.791     1.000     1.000     0.0810      0.0000      0.0000      0.0000
700     D         A          230           CYS           76.53           638      0      0     8.791     1.000     1.000     0.0958      0.0000      0.0000      0.0000
701     D         A          231           ASP           80.89           638      0      0     8.791     1.000     1.000     0.1148      0.0000      0.0000      0.0000
702     D         A          232           VAL           83.01           638      0      0     8.791     1.000     1.000     0.1323      0.0000      0.0000      0.0000
703     D         A          233           LYS           80.77           638      0      0     8.791     1.000     1.000     0.1302      0.0000      0.0000      0.0000
704     D         A          234           LEU           81.34           638      0      0     8.791     1.000     1.000     0.1335      0.0000      0.0000      0.0000
705     D         A          235           VAL           83.39           638      0      0     8.791     1.000     1.000     0.1412      0.0000      0.0000      0.0000
706     D         A          236           GLU           80.41           638      0      0     8.791     1.000     1.000     0.1349      0.0000      0.0000      0.0000
707     D         A          237           LYS           83.20           638      0      0     8.791     1.000     1.000     0.1320      0.0000      0.0000      0.0000
708     D         A          238           SER           80.97           638      0      0     8.791     1.000     1.000     0.1275      0.0000      0.0000      0.0000
709     D         A          239           PHE           82.73           638      0      0     8.791     1.000     1.000     0.1345      0.0000      0.0000      0.0000
710     D         A          240           GLU           81.63           638      0      0     8.791     1.000     1.000     0.1214      0.0000      0.0000      0.0000
711     D         A          241           THR           82.78           638      0      0     8.791     1.000     1.000     0.1281      0.0000      0.0000      0.0000
712     D         A          242           ASP           83.11           638      0      0     8.791     1.000     1.000     0.1178      0.0000      0.0000      0.0000
713     D         A          243           THR           86.10           638      0      0     8.791     1.000     1.000     0.1244      0.0000      0.0000      0.0000
714     D         A          244           ASN           84.02           638      0      0     8.791     1.000     1.000     0.1228      0.0000      0.0000      0.0000
715     D         A          245           LEU           83.71           638      0      0     8.791     1.000     1.000     0.1255      0.0000      0.0000      0.0000
716     D         A          246           ASN           83.75           638      0      0     8.791     1.000     1.000     0.1228      0.0000      0.0000      0.0000
717     D         A          247           PHE           84.33           638      0      0     8.791     1.000     1.000     0.1239      0.0000      0.0000      0.0000
718     D         A          248           GLN           83.09           638      0      0     8.791     1.000     1.000     0.1245      0.0000      0.0000      0.0000
719     D         A          249           ASN           84.72           638      0      0     8.791     1.000     1.000     0.1271      0.0000      0.0000      0.0000
720     D         A          250           LEU           84.20           638      0      0     8.791     1.000     1.000     0.1236      0.0000      0.0000      0.0000
721     D         A          251           SER           86.83           638      0      0     8.791     1.000     1.000     0.1190      0.0000      0.0000      0.0000
722     D         A          252           VAL           86.42           638      0      0     8.791     1.000     1.000     0.1221      0.0000      0.0000      0.0000
723     D         A          253           ILE           85.85           638      0      0     8.791     1.000     1.000     0.1216      0.0000      0.0000      0.0000
724     D         A          254           GLY           83.14           638      0      0     8.791     1.000     1.000     0.1169      0.0000      0.0000      0.0000
725     D         A          255           PHE           87.00           638      0      0     8.791     1.000     1.000     0.1158      0.0000      0.0000      0.0000
726     D         A          256           ARG           85.84           638      0      0     8.791     1.000     1.000     0.1169      0.0000      0.0000      0.0000
727     D         A          257           ILE           85.74           638      0      0     8.791     1.000     1.000     0.1139      0.0000      0.0000      0.0000
728     D         A          258           LEU           86.72           638      0      0     8.791     1.000     1.000     0.1123      0.0000      0.0000      0.0000
729     D         A          259           LEU           85.53           638      0      0     8.791     1.000     1.000     0.1127      0.0000      0.0000      0.0000
730     D         A          260           LEU           86.22           638      0      0     8.791     1.000     1.000     0.1124      0.0000      0.0000      0.0000
731     D         A          261           LYS           85.59           638      0      0     8.791     1.000     1.000     0.1112      0.0000      0.0000      0.0000
732     D         A          262           VAL           85.30           638      0      0     8.791     1.000     1.000     0.1097      0.0000      0.0000      0.0000
733     D         A          263           ALA           84.35           638      0      0     8.791     1.000     1.000     0.1109      0.0000      0.0000      0.0000
734     D         A          264           GLY           85.86           638      0      0     8.791     1.000     1.000     0.1098      0.0000      0.0000      0.0000
735     D         A          265           PHE           88.77           638      0      0     8.791     1.000     1.000     0.1064      0.0000      0.0000      0.0000
736     D         A          266           ASN           86.58           638      0      0     8.791     1.000     1.000     0.1064      0.0000      0.0000      0.0000
737     D         A          267           LEU           89.23           638      0      0     8.791     1.000     1.000     0.1041      0.0000      0.0000      0.0000
738     D         A          268           LEU           87.88           638      0      0     8.791     1.000     1.000     0.1036      0.0000      0.0000      0.0000
739     D         A          269           MET           85.01           638      0      0     8.791     1.000     1.000     0.0980      0.0000      0.0000      0.0000
740     D         A          270           THR           86.32           638      0      0     8.791     1.000     1.000     0.1019      0.0000      0.0000      0.0000
741     D         A          271           LEU           86.78           638      0      0     8.791     1.000     1.000     0.1014      0.0000      0.0000      0.0000
742     D         A          272           ARG           86.85           638      0      0     8.791     1.000     1.000     0.0953      0.0000      0.0000      0.0000
743     D         A          273           LEU           81.35           638      0      0     8.791     1.000     1.000     0.0942      0.0000      0.0000      0.0000
744     D         A          274           TRP           82.40           638      0      0     8.791     1.000     1.000     0.0879      0.0000      0.0000      0.0000
745     D         A          275           SER           82.74           638      0      0     8.791     1.000     1.000     0.0817      0.0000      0.0000      0.0000
746     D         A          276           SER           68.38           638      0      0     8.791     1.000     1.000     0.0755      0.0000      0.0000      0.0000
471     D         B            1           MET           22.59           375      0      0     7.021     1.000     1.000     0.0470      0.0000      0.0000      0.0000
472     D         B            2           ALA           27.04           375      0      0     7.021     1.000     1.000     0.0470      0.0000      0.0000      0.0000
473     D         B            3           CYS           26.54           375      0      0     7.021     1.000     1.000     0.0470      0.0000      0.0000      0.0000
474     D         B            4           PRO           29.55           375      0      0     7.021     1.000     1.000     0.0471      0.0000      0.0000      0.0000
475     D         B            5           GLY           30.28           375      0      0     7.021     1.000     1.000     0.0471      0.0000      0.0000      0.0000
476     D         B            6           PHE           23.20           375      0      0     7.021     1.000     1.000     0.0472      0.0000      0.0000      0.0000
477     D         B            7           LEU           27.75           375      0      0     7.021     1.000     1.000     0.0473      0.0000      0.0000      0.0000
478     D         B            8           TRP           28.71           375      0      0     7.021     1.000     1.000     0.0475      0.0000      0.0000      0.0000
479     D         B            9           ALA           34.16           375      0      0     7.021     1.000     1.000     0.0475      0.0000      0.0000      0.0000
480     D         B           10           LEU           31.76           375      0      0     7.021     1.000     1.000     0.0477      0.0000      0.0000      0.0000
481     D         B           11           VAL           31.71           375      0      0     7.021     1.000     1.000     0.0478      0.0000      0.0000      0.0000
482     D         B           12           ILE           31.46           375      0      0     7.021     1.000     1.000     0.0480      0.0000      0.0000      0.0000
483     D         B           13           SER           29.11           375      0      0     7.021     1.000     1.000     0.0480      0.0000      0.0000      0.0000
484     D         B           14           THR           28.36           375      0      0     7.021     1.000     1.000     0.0481      0.0000      0.0000      0.0000
485     D         B           15           CYS           29.58           375      0      0     7.021     1.000     1.000     0.0483      0.0000      0.0000      0.0000
486     D         B           16           LEU           30.76           375      0      0     7.021     1.000     1.000     0.0483      0.0000      0.0000      0.0000
487     D         B           17           GLU           30.86           375      0      0     7.021     1.000     1.000     0.0485      0.0000      0.0000      0.0000
488     D         B           18           PHE           30.72           375      0      0     7.021     1.000     1.000     0.0485      0.0000      0.0000      0.0000
489     D         B           19           SER           36.35           375      0      0     7.021     1.000     1.000     0.0487      0.0000      0.0000      0.0000
490     D         B           20           MET           36.53           375      0      0     7.021     1.000     1.000     0.0490      0.0000      0.0000      0.0000
491     D         B           21           ALA           48.67           375      0      0     7.021     1.000     1.000     0.0508      0.0000      0.0000      0.0000
492     D         B           22           GLN           52.96           375      0      0     7.021     1.000     1.000     0.0528      0.0000      0.0000      0.0000
493     D         B           23           THR           81.41           375      0      0     7.021     1.000     1.000     0.0587      0.0000      0.0000      0.0000
494     D         B           24           VAL           92.07           375      0      0     7.021     1.000     1.000     0.1047      0.0000      0.0000      0.0000
495     D         B           25           THR           93.72           375      0      0     7.021     1.000     1.000     0.1459      0.0000      0.0000      0.0000
496     D         B           26           GLN           93.76           375      0      0     7.021     1.000     1.000     0.1411      0.0000      0.0000      0.0000
497     D         B           27           SER           91.94           375      0      0     7.021     1.000     1.000     0.1215      0.0000      0.0000      0.0000
498     D         B           28           GLN           91.75           375      0      0     7.021     1.000     1.000     0.1175      0.0000      0.0000      0.0000
499     D         B           29           PRO           92.01           375      0      0     7.021     1.000     1.000     0.1255      0.0000      0.0000      0.0000
500     D         B           30           GLU           93.38           375      0      0     7.021     1.000     1.000     0.1304      0.0000      0.0000      0.0000
501     D         B           31           MET           95.05           375      0      0     7.021     1.000     1.000     0.1330      0.0000      0.0000      0.0000
502     D         B           32           SER           94.05           375      0      0     7.021     1.000     1.000     0.1307      0.0000      0.0000      0.0000
503     D         B           33           VAL           94.65           375      0      0     7.021     1.000     1.000     0.1319      0.0000      0.0000      0.0000
504     D         B           34           GLN           94.27           375      0      0     7.021     1.000     1.000     0.1308      0.0000      0.0000      0.0000
505     D         B           35           GLU           93.81           375      0      0     7.021     1.000     1.000     0.1256      0.0000      0.0000      0.0000
506     D         B           36           ALA           93.96           375      0      0     7.021     1.000     1.000     0.1254      0.0000      0.0000      0.0000
507     D         B           37           GLU           94.69           375      0      0     7.021     1.000     1.000     0.1228      0.0000      0.0000      0.0000
508     D         B           38           THR           95.61           375      0      0     7.021     1.000     1.000     0.1372      0.0000      0.0000      0.0000
509     D         B           39           VAL           95.71           375      0      0     7.021     1.000     1.000     0.1362      0.0000      0.0000      0.0000
510     D         B           40           THR           95.90           375      0      0     7.021     1.000     1.000     0.1450      0.0000      0.0000      0.0000
511     D         B           41           LEU           96.03           375      0      0     7.021     1.000     1.000     0.1456      0.0000      0.0000      0.0000
512     D         B           42           SER           94.96           375      0      0     7.021     1.000     1.000     0.1307      0.0000      0.0000      0.0000
513     D         B           43           CYS           95.35           375      0      0     7.021     1.000     1.000     0.1381      0.0000      0.0000      0.0000
514     D         B           44           THR           95.18           375      0      0     7.021     1.000     1.000     0.1474      0.0000      0.0000      0.0000
515     D         B           45           TYR           94.41           375      0      0     7.021     1.000     1.000     0.1464      0.0000      0.0000      0.0000
516     D         B           46           ASP           91.70           375      0      0     7.021     1.000     1.000     0.1356      0.0000      0.0000      0.0000
517     D         B           47           THR           89.12           375      0      0     7.021     1.000     1.000     0.1257      0.0000      0.0000      0.0000
518     D         B           48           SER           82.87           375      0      0     7.021     1.000     1.000     0.1161      0.0000      0.0000      0.0000
519     D         B           49           GLU           78.67           375      0      0     7.021     1.000     1.000     0.1174      0.0000      0.0000      0.0000
520     D         B           50           SER           73.40           375      0      0     7.021     1.000     1.000     0.1143      0.0000      0.0000      0.0000
521     D         B           51           ASP           74.01           375      0      0     7.021     1.000     1.000     0.1137      0.0000      0.0000      0.0000
522     D         B           52           TYR           82.68           375      0      0     7.021     1.000     1.000     0.1416      0.0000      0.0000      0.0000
523     D         B           53           TYR           87.05           375      0      0     7.021     1.000     1.000     0.1509      0.0000      0.0000      0.0000
524     D         B           54           LEU           92.69           375      0      0     7.021     1.000     1.000     0.1667      0.0000      0.0000      0.0000
525     D         B           55           PHE           94.05           375      0      0     7.021     1.000     1.000     0.1613      0.0000      0.0000      0.0000
526     D         B           56           TRP           95.82           375      0      0     7.021     1.000     1.000     0.1679      0.0000      0.0000      0.0000
527     D         B           57           TYR           95.69           375      0      0     7.021     1.000     1.000     0.1601      0.0000      0.0000      0.0000
528     D         B           58           LYS           96.14           375      0      0     7.021     1.000     1.000     0.1550      0.0000      0.0000      0.0000
529     D         B           59           GLN           95.52           375      0      0     7.021     1.000     1.000     0.1492      0.0000      0.0000      0.0000
530     D         B           60           PRO           93.45           375      0      0     7.021     1.000     1.000     0.1357      0.0000      0.0000      0.0000
531     D         B           61           PRO           89.28           375      0      0     7.021     1.000     1.000     0.1211      0.0000      0.0000      0.0000
532     D         B           62           SER           86.10           375      0      0     7.021     1.000     1.000     0.1068      0.0000      0.0000      0.0000
533     D         B           63           ARG           89.11           375      0      0     7.021     1.000     1.000     0.1121      0.0000      0.0000      0.0000
534     D         B           64           GLN           91.35           375      0      0     7.021     1.000     1.000     0.1301      0.0000      0.0000      0.0000
535     D         B           65           MET           94.11           375      0      0     7.021     1.000     1.000     0.1455      0.0000      0.0000      0.0000
536     D         B           66           ILE           94.29           375      0      0     7.021     1.000     1.000     0.1550      0.0000      0.0000      0.0000
537     D         B           67           LEU           94.48           375      0      0     7.021     1.000     1.000     0.1526      0.0000      0.0000      0.0000
538     D         B           68           VAL           94.97           375      0      0     7.021     1.000     1.000     0.1510      0.0000      0.0000      0.0000
539     D         B           69           ILE           94.66           375      0      0     7.021     1.000     1.000     0.1465      0.0000      0.0000      0.0000
540     D         B           70           ARG           92.29           375      0      0     7.021     1.000     1.000     0.1437      0.0000      0.0000      0.0000
541     D         B           71           GLN           91.42           375      0      0     7.021     1.000     1.000     0.1478      0.0000      0.0000      0.0000
542     D         B           72           GLU           83.39           375      0      0     7.021     1.000     1.000     0.1305      0.0000      0.0000      0.0000
543     D         B           73           ALA           82.23           375      0      0     7.021     1.000     1.000     0.1283      0.0000      0.0000      0.0000
544     D         B           74           TYR           73.21           375      0      0     7.021     1.000     1.000     0.1132      0.0000      0.0000      0.0000
545     D         B           75           LYS           72.42           375      0      0     7.021     1.000     1.000     0.1085      0.0000      0.0000      0.0000
546     D         B           76           GLN           74.50           375      0      0     7.021     1.000     1.000     0.0911      0.0000      0.0000      0.0000
547     D         B           77           GLN           82.22           375      0      0     7.021     1.000     1.000     0.1037      0.0000      0.0000      0.0000
548     D         B           78           ASN           88.74           375      0      0     7.021     1.000     1.000     0.1176      0.0000      0.0000      0.0000
549     D         B           79           ALA           87.96           375      0      0     7.021     1.000     1.000     0.1150      0.0000      0.0000      0.0000
550     D         B           80           THR           88.87           375      0      0     7.021     1.000     1.000     0.1229      0.0000      0.0000      0.0000
551     D         B           81           GLU           87.90           375      0      0     7.021     1.000     1.000     0.1138      0.0000      0.0000      0.0000
552     D         B           82           ASN           89.20           375      0      0     7.021     1.000     1.000     0.1141      0.0000      0.0000      0.0000
553     D         B           83           ARG           94.02           375      0      0     7.021     1.000     1.000     0.1273      0.0000      0.0000      0.0000
554     D         B           84           PHE           95.15           375      0      0     7.021     1.000     1.000     0.1391      0.0000      0.0000      0.0000
555     D         B           85           SER           94.91           375      0      0     7.021     1.000     1.000     0.1412      0.0000      0.0000      0.0000
556     D         B           86           VAL           94.74           375      0      0     7.021     1.000     1.000     0.1387      0.0000      0.0000      0.0000
557     D         B           87           ASN           94.70           375      0      0     7.021     1.000     1.000     0.1443      0.0000      0.0000      0.0000
558     D         B           88           PHE           93.66           375      0      0     7.021     1.000     1.000     0.1427      0.0000      0.0000      0.0000
559     D         B           89           GLN           93.12           375      0      0     7.021     1.000     1.000     0.1461      0.0000      0.0000      0.0000
560     D         B           90           LYS           90.70           375      0      0     7.021     1.000     1.000     0.1393      0.0000      0.0000      0.0000
561     D         B           91           ALA           90.47           375      0      0     7.021     1.000     1.000     0.1361      0.0000      0.0000      0.0000
562     D         B           92           ALA           92.42           375      0      0     7.021     1.000     1.000     0.1335      0.0000      0.0000      0.0000
563     D         B           93           LYS           93.30           375      0      0     7.021     1.000     1.000     0.1404      0.0000      0.0000      0.0000
564     D         B           94           SER           94.44           375      0      0     7.021     1.000     1.000     0.1402      0.0000      0.0000      0.0000
565     D         B           95           PHE           95.25           375      0      0     7.021     1.000     1.000     0.1415      0.0000      0.0000      0.0000
566     D         B           96           SER           95.22           375      0      0     7.021     1.000     1.000     0.1409      0.0000      0.0000      0.0000
567     D         B           97           LEU           96.20           375      0      0     7.021     1.000     1.000     0.1488      0.0000      0.0000      0.0000
568     D         B           98           LYS           96.14           375      0      0     7.021     1.000     1.000     0.1454      0.0000      0.0000      0.0000
569     D         B           99           ILE           96.02           375      0      0     7.021     1.000     1.000     0.1417      0.0000      0.0000      0.0000
570     D         B          100           SER           94.47           375      0      0     7.021     1.000     1.000     0.1318      0.0000      0.0000      0.0000
571     D         B          101           ASP           94.91           375      0      0     7.021     1.000     1.000     0.1300      0.0000      0.0000      0.0000
572     D         B          102           SER           94.87           375      0      0     7.021     1.000     1.000     0.1321      0.0000      0.0000      0.0000
573     D         B          103           GLN           94.09           375      0      0     7.021     1.000     1.000     0.1340      0.0000      0.0000      0.0000
574     D         B          104           LEU           92.85           375      0      0     7.021     1.000     1.000     0.1343      0.0000      0.0000      0.0000
575     D         B          105           GLY           92.63           375      0      0     7.021     1.000     1.000     0.1337      0.0000      0.0000      0.0000
576     D         B          106           ASP           94.93           375      0      0     7.021     1.000     1.000     0.1421      0.0000      0.0000      0.0000
577     D         B          107           ALA           94.50           375      0      0     7.021     1.000     1.000     0.1437      0.0000      0.0000      0.0000
578     D         B          108           ALA           95.30           375      0      0     7.021     1.000     1.000     0.1462      0.0000      0.0000      0.0000
579     D         B          109           MET           95.78           375      0      0     7.021     1.000     1.000     0.1506      0.0000      0.0000      0.0000
580     D         B          110           TYR           96.54           375      0      0     7.021     1.000     1.000     0.1605      0.0000      0.0000      0.0000
581     D         B          111           PHE           95.94           375      0      0     7.021     1.000     1.000     0.1598      0.0000      0.0000      0.0000
582     D         B          112           CYS           95.54           375      0      0     7.021     1.000     1.000     0.1553      0.0000      0.0000      0.0000
583     D         B          113           ALA           94.42           375      0      0     7.021     1.000     1.000     0.1602      0.0000      0.0000      0.0000
584     D         B          114           TYR           92.44           375      0      0     7.021     1.000     1.000     0.1568      0.0000      0.0000      0.0000
585     D         B          115           ARG           87.86           375      0      0     7.021     1.000     1.000     0.1473      0.0000      0.0000      0.0000
586     D         B          116           SER           80.24           375      0      0     7.021     1.000     1.000     0.1311      0.0000      0.0000      0.0000
587     D         B          117           ALA           71.92           375      0      0     7.021     1.000     1.000     0.1181      0.0000      0.0000      0.0000
588     D         B          118           LEU           66.09           375      0      0     7.021     1.000     1.000     0.1010      0.0000      0.0000      0.0000
589     D         B          119           SER           66.57           375      0      0     7.021     1.000     1.000     0.0853      0.0000      0.0000      0.0000
590     D         B          120           TYR           61.70           375      0      0     7.021     1.000     1.000     0.0810      0.0000      0.0000      0.0000
591     D         B          121           ASN           67.70           375      0      0     7.021     1.000     1.000     0.0763      0.0000      0.0000      0.0000
592     D         B          122           ASP           74.85           375      0      0     7.021     1.000     1.000     0.0842      0.0000      0.0000      0.0000
593     D         B          123           MET           86.12           375      0      0     7.021     1.000     1.000     0.1179      0.0000      0.0000      0.0000
594     D         B          124           ARG           91.01           375      0      0     7.021     1.000     1.000     0.1476      0.0000      0.0000      0.0000
595     D         B          125           PHE           93.14           375      0      0     7.021     1.000     1.000     0.1571      0.0000      0.0000      0.0000
596     D         B          126           GLY           93.22           375      0      0     7.021     1.000     1.000     0.1497      0.0000      0.0000      0.0000
597     D         B          127           ALA           93.28           375      0      0     7.021     1.000     1.000     0.1464      0.0000      0.0000      0.0000
598     D         B          128           GLY           94.29           375      0      0     7.021     1.000     1.000     0.1379      0.0000      0.0000      0.0000
599     D         B          129           THR           95.54           375      0      0     7.021     1.000     1.000     0.1525      0.0000      0.0000      0.0000
600     D         B          130           ARG           95.18           375      0      0     7.021     1.000     1.000     0.1529      0.0000      0.0000      0.0000
601     D         B          131           LEU           95.76           375      0      0     7.021     1.000     1.000     0.1488      0.0000      0.0000      0.0000
602     D         B          132           THR           94.29           375      0      0     7.021     1.000     1.000     0.1409      0.0000      0.0000      0.0000
603     D         B          133           VAL           94.54           375      0      0     7.021     1.000     1.000     0.1405      0.0000      0.0000      0.0000
604     D         B          134           LYS           93.93           375      0      0     7.021     1.000     1.000     0.1337      0.0000      0.0000      0.0000
605     D         B          135           PRO           93.05           375      0      0     7.021     1.000     1.000     0.1177      0.0000      0.0000      0.0000
606     D         B          136           ASN           91.14           375      0      0     7.021     1.000     1.000     0.1084      0.0000      0.0000      0.0000
607     D         B          137           ILE           89.32           375      0      0     7.021     1.000     1.000     0.1072      0.0000      0.0000      0.0000
608     D         B          138           GLN           85.63           375      0      0     7.021     1.000     1.000     0.0845      0.0000      0.0000      0.0000
609     D         B          139           ASN           88.23           375      0      0     7.021     1.000     1.000     0.0842      0.0000      0.0000      0.0000
610     D         B          140           PRO           88.80           375      0      0     7.021     1.000     1.000     0.1009      0.0000      0.0000      0.0000
611     D         B          141           ASP           90.88           375      0      0     7.021     1.000     1.000     0.1079      0.0000      0.0000      0.0000
612     D         B          142           PRO           90.54           375      0      0     7.021     1.000     1.000     0.1193      0.0000      0.0000      0.0000
613     D         B          143           ALA           90.84           375      0      0     7.021     1.000     1.000     0.1183      0.0000      0.0000      0.0000
614     D         B          144           VAL           91.14           375      0      0     7.021     1.000     1.000     0.1357      0.0000      0.0000      0.0000
615     D         B          145           TYR           91.42           375      0      0     7.021     1.000     1.000     0.1360      0.0000      0.0000      0.0000
616     D         B          146           GLN           89.07           375      0      0     7.021     1.000     1.000     0.1265      0.0000      0.0000      0.0000
617     D         B          147           LEU           87.86           375      0      0     7.021     1.000     1.000     0.1206      0.0000      0.0000      0.0000
618     D         B          148           ARG           83.15           375      0      0     7.021     1.000     1.000     0.0842      0.0000      0.0000      0.0000
619     D         B          149           ASP           75.47           375      0      0     7.021     1.000     1.000     0.0604      0.0000      0.0000      0.0000
620     D         B          150           SER           67.72           375      0      0     7.021     1.000     1.000     0.0589      0.0000      0.0000      0.0000
621     D         B          151           LYS           72.72           375      0      0     7.021     1.000     1.000     0.0581      0.0000      0.0000      0.0000
622     D         B          152           SER           66.57           375      0      0     7.021     1.000     1.000     0.0562      0.0000      0.0000      0.0000
623     D         B          153           SER           72.52           375      0      0     7.021     1.000     1.000     0.0596      0.0000      0.0000      0.0000
624     D         B          154           ASP           79.41           375      0      0     7.021     1.000     1.000     0.0663      0.0000      0.0000      0.0000
625     D         B          155           LYS           84.59           375      0      0     7.021     1.000     1.000     0.0882      0.0000      0.0000      0.0000
626     D         B          156           SER           86.39           375      0      0     7.021     1.000     1.000     0.1037      0.0000      0.0000      0.0000
627     D         B          157           VAL           90.88           375      0      0     7.021     1.000     1.000     0.1307      0.0000      0.0000      0.0000
628     D         B          158           CYS           91.01           375      0      0     7.021     1.000     1.000     0.1337      0.0000      0.0000      0.0000
629     D         B          159           LEU           92.52           375      0      0     7.021     1.000     1.000     0.1457      0.0000      0.0000      0.0000
630     D         B          160           PHE           92.48           375      0      0     7.021     1.000     1.000     0.1382      0.0000      0.0000      0.0000
631     D         B          161           THR           91.66           375      0      0     7.021     1.000     1.000     0.1193      0.0000      0.0000      0.0000
632     D         B          162           ASP           88.80           375      0      0     7.021     1.000     1.000     0.1085      0.0000      0.0000      0.0000
633     D         B          163           PHE           90.44           375      0      0     7.021     1.000     1.000     0.1174      0.0000      0.0000      0.0000
634     D         B          164           ASP           88.63           375      0      0     7.021     1.000     1.000     0.1050      0.0000      0.0000      0.0000
635     D         B          165           SER           87.56           375      0      0     7.021     1.000     1.000     0.1053      0.0000      0.0000      0.0000
636     D         B          166           GLN           85.86           375      0      0     7.021     1.000     1.000     0.1049      0.0000      0.0000      0.0000
637     D         B          167           THR           85.58           375      0      0     7.021     1.000     1.000     0.1069      0.0000      0.0000      0.0000
638     D         B          168           ASN           85.65           375      0      0     7.021     1.000     1.000     0.1045      0.0000      0.0000      0.0000
639     D         B          169           VAL           85.84           375      0      0     7.021     1.000     1.000     0.1081      0.0000      0.0000      0.0000
640     D         B          170           SER           83.44           375      0      0     7.021     1.000     1.000     0.0922      0.0000      0.0000      0.0000
641     D         B          171           GLN           83.21           375      0      0     7.021     1.000     1.000     0.0912      0.0000      0.0000      0.0000
642     D         B          172           SER           81.84           375      0      0     7.021     1.000     1.000     0.0842      0.0000      0.0000      0.0000
643     D         B          173           LYS           79.23           375      0      0     7.021     1.000     1.000     0.0808      0.0000      0.0000      0.0000
644     D         B          174           ASP           81.42           375      0      0     7.021     1.000     1.000     0.0857      0.0000      0.0000      0.0000
645     D         B          175           SER           82.74           375      0      0     7.021     1.000     1.000     0.0870      0.0000      0.0000      0.0000
646     D         B          176           ASP           86.14           375      0      0     7.021     1.000     1.000     0.0914      0.0000      0.0000      0.0000
647     D         B          177           VAL           87.27           375      0      0     7.021     1.000     1.000     0.1190      0.0000      0.0000      0.0000
648     D         B          178           TYR           90.05           375      0      0     7.021     1.000     1.000     0.1265      0.0000      0.0000      0.0000
649     D         B          179           ILE           90.14           375      0      0     7.021     1.000     1.000     0.1318      0.0000      0.0000      0.0000
650     D         B          180           THR           90.27           375      0      0     7.021     1.000     1.000     0.1220      0.0000      0.0000      0.0000
651     D         B          181           ASP           89.67           375      0      0     7.021     1.000     1.000     0.1151      0.0000      0.0000      0.0000
652     D         B          182           LYS           90.79           375      0      0     7.021     1.000     1.000     0.1187      0.0000      0.0000      0.0000
653     D         B          183           THR           91.74           375      0      0     7.021     1.000     1.000     0.1236      0.0000      0.0000      0.0000
654     D         B          184           VAL           92.27           375      0      0     7.021     1.000     1.000     0.1262      0.0000      0.0000      0.0000
655     D         B          185           LEU           91.23           375      0      0     7.021     1.000     1.000     0.1193      0.0000      0.0000      0.0000
656     D         B          186           ASP           91.47           375      0      0     7.021     1.000     1.000     0.1158      0.0000      0.0000      0.0000
657     D         B          187           MET           90.08           375      0      0     7.021     1.000     1.000     0.1161      0.0000      0.0000      0.0000
658     D         B          188           ARG           88.16           375      0      0     7.021     1.000     1.000     0.1007      0.0000      0.0000      0.0000
659     D         B          189           SER           88.13           375      0      0     7.021     1.000     1.000     0.0925      0.0000      0.0000      0.0000
660     D         B          190           MET           87.64           375      0      0     7.021     1.000     1.000     0.0917      0.0000      0.0000      0.0000
661     D         B          191           ASP           89.16           375      0      0     7.021     1.000     1.000     0.0989      0.0000      0.0000      0.0000
662     D         B          192           PHE           91.09           375      0      0     7.021     1.000     1.000     0.1113      0.0000      0.0000      0.0000
663     D         B          193           LYS           91.69           375      0      0     7.021     1.000     1.000     0.1193      0.0000      0.0000      0.0000
664     D         B          194           SER           92.71           375      0      0     7.021     1.000     1.000     0.1204      0.0000      0.0000      0.0000
665     D         B          195           ASN           93.02           375      0      0     7.021     1.000     1.000     0.1315      0.0000      0.0000      0.0000
666     D         B          196           SER           92.99           375      0      0     7.021     1.000     1.000     0.1236      0.0000      0.0000      0.0000
667     D         B          197           ALA           92.83           375      0      0     7.021     1.000     1.000     0.1368      0.0000      0.0000      0.0000
668     D         B          198           VAL           93.12           375      0      0     7.021     1.000     1.000     0.1411      0.0000      0.0000      0.0000
669     D         B          199           ALA           91.92           375      0      0     7.021     1.000     1.000     0.1419      0.0000      0.0000      0.0000
670     D         B          200           TRP           91.99           375      0      0     7.021     1.000     1.000     0.1360      0.0000      0.0000      0.0000
671     D         B          201           SER           88.84           375      0      0     7.021     1.000     1.000     0.1145      0.0000      0.0000      0.0000
672     D         B          202           ASN           85.65           375      0      0     7.021     1.000     1.000     0.0917      0.0000      0.0000      0.0000
673     D         B          203           LYS           81.65           375      0      0     7.021     1.000     1.000     0.0859      0.0000      0.0000      0.0000
674     D         B          204           SER           79.55           375      0      0     7.021     1.000     1.000     0.0792      0.0000      0.0000      0.0000
675     D         B          205           ASP           82.18           375      0      0     7.021     1.000     1.000     0.0791      0.0000      0.0000      0.0000
676     D         B          206           PHE           84.02           375      0      0     7.021     1.000     1.000     0.1024      0.0000      0.0000      0.0000
677     D         B          207           ALA           84.45           375      0      0     7.021     1.000     1.000     0.0993      0.0000      0.0000      0.0000
678     D         B          208           CYS           85.10           375      0      0     7.021     1.000     1.000     0.1044      0.0000      0.0000      0.0000
679     D         B          209           ALA           84.19           375      0      0     7.021     1.000     1.000     0.0991      0.0000      0.0000      0.0000
680     D         B          210           ASN           83.61           375      0      0     7.021     1.000     1.000     0.0959      0.0000      0.0000      0.0000
681     D         B          211           ALA           81.60           375      0      0     7.021     1.000     1.000     0.1088      0.0000      0.0000      0.0000
682     D         B          212           PHE           85.17           375      0      0     7.021     1.000     1.000     0.1148      0.0000      0.0000      0.0000
683     D         B          213           ASN           82.95           375      0      0     7.021     1.000     1.000     0.0953      0.0000      0.0000      0.0000
684     D         B          214           ASN           82.97           375      0      0     7.021     1.000     1.000     0.0923      0.0000      0.0000      0.0000
685     D         B          215           SER           81.22           375      0      0     7.021     1.000     1.000     0.0881      0.0000      0.0000      0.0000
686     D         B          216           ILE           80.95           375      0      0     7.021     1.000     1.000     0.0881      0.0000      0.0000      0.0000
687     D         B          217           ILE           81.94           375      0      0     7.021     1.000     1.000     0.0837      0.0000      0.0000      0.0000
688     D         B          218           PRO           81.93           375      0      0     7.021     1.000     1.000     0.0876      0.0000      0.0000      0.0000
689     D         B          219           GLU           78.68           375      0      0     7.021     1.000     1.000     0.0782      0.0000      0.0000      0.0000
690     D         B          220           ASP           83.27           375      0      0     7.021     1.000     1.000     0.0788      0.0000      0.0000      0.0000
691     D         B          221           THR           83.54           375      0      0     7.021     1.000     1.000     0.0946      0.0000      0.0000      0.0000
692     D         B          222           PHE           86.69           375      0      0     7.021     1.000     1.000     0.0996      0.0000      0.0000      0.0000
693     D         B          223           PHE           84.94           375      0      0     7.021     1.000     1.000     0.1029      0.0000      0.0000      0.0000
694     D         B          224           PRO           80.94           375      0      0     7.021     1.000     1.000     0.0797      0.0000      0.0000      0.0000
695     D         B          225           SER           74.35           375      0      0     7.021     1.000     1.000     0.0680      0.0000      0.0000      0.0000
696     D         B          226           PRO           69.40           375      0      0     7.021     1.000     1.000     0.0593      0.0000      0.0000      0.0000
697     D         B          227           GLU           62.15           375      0      0     7.021     1.000     1.000     0.0547      0.0000      0.0000      0.0000
698     D         B          228           SER           64.06           375      0      0     7.021     1.000     1.000     0.0518      0.0000      0.0000      0.0000
699     D         B          229           SER           71.66           375      0      0     7.021     1.000     1.000     0.0536      0.0000      0.0000      0.0000
700     D         B          230           CYS           76.53           375      0      0     7.021     1.000     1.000     0.0640      0.0000      0.0000      0.0000
701     D         B          231           ASP           80.89           375      0      0     7.021     1.000     1.000     0.0769      0.0000      0.0000      0.0000
702     D         B          232           VAL           83.01           375      0      0     7.021     1.000     1.000     0.0889      0.0000      0.0000      0.0000
703     D         B          233           LYS           80.77           375      0      0     7.021     1.000     1.000     0.0865      0.0000      0.0000      0.0000
704     D         B          234           LEU           81.34           375      0      0     7.021     1.000     1.000     0.0900      0.0000      0.0000      0.0000
705     D         B          235           VAL           83.39           375      0      0     7.021     1.000     1.000     0.0973      0.0000      0.0000      0.0000
706     D         B          236           GLU           80.41           375      0      0     7.021     1.000     1.000     0.0901      0.0000      0.0000      0.0000
707     D         B          237           LYS           83.20           375      0      0     7.021     1.000     1.000     0.0893      0.0000      0.0000      0.0000
708     D         B          238           SER           80.97           375      0      0     7.021     1.000     1.000     0.0847      0.0000      0.0000      0.0000
709     D         B          239           PHE           82.73           375      0      0     7.021     1.000     1.000     0.0901      0.0000      0.0000      0.0000
710     D         B          240           GLU           81.63           375      0      0     7.021     1.000     1.000     0.0812      0.0000      0.0000      0.0000
711     D         B          241           THR           82.78           375      0      0     7.021     1.000     1.000     0.0876      0.0000      0.0000      0.0000
712     D         B          242           ASP           83.11           375      0      0     7.021     1.000     1.000     0.0796      0.0000      0.0000      0.0000
713     D         B          243           THR           86.10           375      0      0     7.021     1.000     1.000     0.0843      0.0000      0.0000      0.0000
714     D         B          244           ASN           84.02           375      0      0     7.021     1.000     1.000     0.0827      0.0000      0.0000      0.0000
715     D         B          245           LEU           83.71           375      0      0     7.021     1.000     1.000     0.0844      0.0000      0.0000      0.0000
716     D         B          246           ASN           83.75           375      0      0     7.021     1.000     1.000     0.0818      0.0000      0.0000      0.0000
717     D         B          247           PHE           84.33           375      0      0     7.021     1.000     1.000     0.0822      0.0000      0.0000      0.0000
718     D         B          248           GLN           83.09           375      0      0     7.021     1.000     1.000     0.0827      0.0000      0.0000      0.0000
719     D         B          249           ASN           84.72           375      0      0     7.021     1.000     1.000     0.0837      0.0000      0.0000      0.0000
720     D         B          250           LEU           84.20           375      0      0     7.021     1.000     1.000     0.0805      0.0000      0.0000      0.0000
721     D         B          251           SER           86.83           375      0      0     7.021     1.000     1.000     0.0776      0.0000      0.0000      0.0000
722     D         B          252           VAL           86.42           375      0      0     7.021     1.000     1.000     0.0800      0.0000      0.0000      0.0000
723     D         B          253           ILE           85.85           375      0      0     7.021     1.000     1.000     0.0786      0.0000      0.0000      0.0000
724     D         B          254           GLY           83.14           375      0      0     7.021     1.000     1.000     0.0755      0.0000      0.0000      0.0000
725     D         B          255           PHE           87.00           375      0      0     7.021     1.000     1.000     0.0757      0.0000      0.0000      0.0000
726     D         B          256           ARG           85.84           375      0      0     7.021     1.000     1.000     0.0753      0.0000      0.0000      0.0000
727     D         B          257           ILE           85.74           375      0      0     7.021     1.000     1.000     0.0728      0.0000      0.0000      0.0000
728     D         B          258           LEU           86.72           375      0      0     7.021     1.000     1.000     0.0719      0.0000      0.0000      0.0000
729     D         B          259           LEU           85.53           375      0      0     7.021     1.000     1.000     0.0721      0.0000      0.0000      0.0000
730     D         B          260           LEU           86.22           375      0      0     7.021     1.000     1.000     0.0713      0.0000      0.0000      0.0000
731     D         B          261           LYS           85.59           375      0      0     7.021     1.000     1.000     0.0707      0.0000      0.0000      0.0000
732     D         B          262           VAL           85.30           375      0      0     7.021     1.000     1.000     0.0702      0.0000      0.0000      0.0000
733     D         B          263           ALA           84.35           375      0      0     7.021     1.000     1.000     0.0709      0.0000      0.0000      0.0000
734     D         B          264           GLY           85.86           375      0      0     7.021     1.000     1.000     0.0694      0.0000      0.0000      0.0000
735     D         B          265           PHE           88.77           375      0      0     7.021     1.000     1.000     0.0678      0.0000      0.0000      0.0000
736     D         B          266           ASN           86.58           375      0      0     7.021     1.000     1.000     0.0680      0.0000      0.0000      0.0000
737     D         B          267           LEU           89.23           375      0      0     7.021     1.000     1.000     0.0657      0.0000      0.0000      0.0000
738     D         B          268           LEU           87.88           375      0      0     7.021     1.000     1.000     0.0653      0.0000      0.0000      0.0000
739     D         B          269           MET           85.01           375      0      0     7.021     1.000     1.000     0.0624      0.0000      0.0000      0.0000
740     D         B          270           THR           86.32           375      0      0     7.021     1.000     1.000     0.0649      0.0000      0.0000      0.0000
741     D         B          271           LEU           86.78           375      0      0     7.021     1.000     1.000     0.0641      0.0000      0.0000      0.0000
742     D         B          272           ARG           86.85           375      0      0     7.021     1.000     1.000     0.0606      0.0000      0.0000      0.0000
743     D         B          273           LEU           81.35           375      0      0     7.021     1.000     1.000     0.0607      0.0000      0.0000      0.0000
744     D         B          274           TRP           82.40           375      0      0     7.021     1.000     1.000     0.0561      0.0000      0.0000      0.0000
745     D         B          275           SER           82.74           375      0      0     7.021     1.000     1.000     0.0528      0.0000      0.0000      0.0000
746     D         B          276           SER           68.38           375      0      0     7.021     1.000     1.000     0.0494      0.0000      0.0000      0.0000
471     D         C            1           MET           22.59           285      0      0     6.214     1.000     1.000     0.0374      0.0000      0.0000      0.0000
472     D         C            2           ALA           27.04           285      0      0     6.214     1.000     1.000     0.0374      0.0000      0.0000      0.0000
473     D         C            3           CYS           26.54           285      0      0     6.214     1.000     1.000     0.0376      0.0000      0.0000      0.0000
474     D         C            4           PRO           29.55           285      0      0     6.214     1.000     1.000     0.0377      0.0000      0.0000      0.0000
475     D         C            5           GLY           30.28           285      0      0     6.214     1.000     1.000     0.0377      0.0000      0.0000      0.0000
476     D         C            6           PHE           23.20           285      0      0     6.214     1.000     1.000     0.0380      0.0000      0.0000      0.0000
477     D         C            7           LEU           27.75           285      0      0     6.214     1.000     1.000     0.0383      0.0000      0.0000      0.0000
478     D         C            8           TRP           28.71           285      0      0     6.214     1.000     1.000     0.0387      0.0000      0.0000      0.0000
479     D         C            9           ALA           34.16           285      0      0     6.214     1.000     1.000     0.0389      0.0000      0.0000      0.0000
480     D         C           10           LEU           31.76           285      0      0     6.214     1.000     1.000     0.0393      0.0000      0.0000      0.0000
481     D         C           11           VAL           31.71           285      0      0     6.214     1.000     1.000     0.0395      0.0000      0.0000      0.0000
482     D         C           12           ILE           31.46           285      0      0     6.214     1.000     1.000     0.0398      0.0000      0.0000      0.0000
483     D         C           13           SER           29.11           285      0      0     6.214     1.000     1.000     0.0399      0.0000      0.0000      0.0000
484     D         C           14           THR           28.36           285      0      0     6.214     1.000     1.000     0.0400      0.0000      0.0000      0.0000
485     D         C           15           CYS           29.58           285      0      0     6.214     1.000     1.000     0.0406      0.0000      0.0000      0.0000
486     D         C           16           LEU           30.76           285      0      0     6.214     1.000     1.000     0.0405      0.0000      0.0000      0.0000
487     D         C           17           GLU           30.86           285      0      0     6.214     1.000     1.000     0.0414      0.0000      0.0000      0.0000
488     D         C           18           PHE           30.72           285      0      0     6.214     1.000     1.000     0.0412      0.0000      0.0000      0.0000
489     D         C           19           SER           36.35           285      0      0     6.214     1.000     1.000     0.0423      0.0000      0.0000      0.0000
490     D         C           20           MET           36.53           285      0      0     6.214     1.000     1.000     0.0426      0.0000      0.0000      0.0000
491     D         C           21           ALA           48.67           285      0      0     6.214     1.000     1.000     0.0450      0.0000      0.0000      0.0000
492     D         C           22           GLN           52.96           285      0      0     6.214     1.000     1.000     0.0495      0.0000      0.0000      0.0000
493     D         C           23           THR           81.41           285      0      0     6.214     1.000     1.000     0.0567      0.0000      0.0000      0.0000
494     D         C           24           VAL           92.07           285      0      0     6.214     1.000     1.000     0.1317      0.0000      0.0000      0.0000
495     D         C           25           THR           93.72           285      0      0     6.214     1.000     1.000     0.1730      0.0000      0.0000      0.0000
496     D         C           26           GLN           93.76           285      0      0     6.214     1.000     1.000     0.1663      0.0000      0.0000      0.0000
497     D         C           27           SER           91.94           285      0      0     6.214     1.000     1.000     0.1412      0.0000      0.0000      0.0000
498     D         C           28           GLN           91.75           285      0      0     6.214     1.000     1.000     0.1281      0.0000      0.0000      0.0000
499     D         C           29           PRO           92.01           285      0      0     6.214     1.000     1.000     0.1392      0.0000      0.0000      0.0000
500     D         C           30           GLU           93.38           285      0      0     6.214     1.000     1.000     0.1470      0.0000      0.0000      0.0000
501     D         C           31           MET           95.05           285      0      0     6.214     1.000     1.000     0.1528      0.0000      0.0000      0.0000
502     D         C           32           SER           94.05           285      0      0     6.214     1.000     1.000     0.1464      0.0000      0.0000      0.0000
503     D         C           33           VAL           94.65           285      0      0     6.214     1.000     1.000     0.1435      0.0000      0.0000      0.0000
504     D         C           34           GLN           94.27           285      0      0     6.214     1.000     1.000     0.1483      0.0000      0.0000      0.0000
505     D         C           35           GLU           93.81           285      0      0     6.214     1.000     1.000     0.1390      0.0000      0.0000      0.0000
506     D         C           36           ALA           93.96           285      0      0     6.214     1.000     1.000     0.1368      0.0000      0.0000      0.0000
507     D         C           37           GLU           94.69           285      0      0     6.214     1.000     1.000     0.1388      0.0000      0.0000      0.0000
508     D         C           38           THR           95.61           285      0      0     6.214     1.000     1.000     0.1586      0.0000      0.0000      0.0000
509     D         C           39           VAL           95.71           285      0      0     6.214     1.000     1.000     0.1532      0.0000      0.0000      0.0000
510     D         C           40           THR           95.90           285      0      0     6.214     1.000     1.000     0.1694      0.0000      0.0000      0.0000
511     D         C           41           LEU           96.03           285      0      0     6.214     1.000     1.000     0.1648      0.0000      0.0000      0.0000
512     D         C           42           SER           94.96           285      0      0     6.214     1.000     1.000     0.1540      0.0000      0.0000      0.0000
513     D         C           43           CYS           95.35           285      0      0     6.214     1.000     1.000     0.1619      0.0000      0.0000      0.0000
514     D         C           44           THR           95.18           285      0      0     6.214     1.000     1.000     0.1788      0.0000      0.0000      0.0000
515     D         C           45           TYR           94.41           285      0      0     6.214     1.000     1.000     0.1640      0.0000      0.0000      0.0000
516     D         C           46           ASP           91.70           285      0      0     6.214     1.000     1.000     0.1617      0.0000      0.0000      0.0000
517     D         C           47           THR           89.12           285      0      0     6.214     1.000     1.000     0.1484      0.0000      0.0000      0.0000
518     D         C           48           SER           82.87           285      0      0     6.214     1.000     1.000     0.1388      0.0000      0.0000      0.0000
519     D         C           49           GLU           78.67           285      0      0     6.214     1.000     1.000     0.1404      0.0000      0.0000      0.0000
520     D         C           50           SER           73.40           285      0      0     6.214     1.000     1.000     0.1314      0.0000      0.0000      0.0000
521     D         C           51           ASP           74.01           285      0      0     6.214     1.000     1.000     0.1335      0.0000      0.0000      0.0000
522     D         C           52           TYR           82.68           285      0      0     6.214     1.000     1.000     0.1625      0.0000      0.0000      0.0000
523     D         C           53           TYR           87.05           285      0      0     6.214     1.000     1.000     0.1743      0.0000      0.0000      0.0000
524     D         C           54           LEU           92.69           285      0      0     6.214     1.000     1.000     0.1857      0.0000      0.0000      0.0000
525     D         C           55           PHE           94.05           285      0      0     6.214     1.000     1.000     0.1909      0.0000      0.0000      0.0000
526     D         C           56           TRP           95.82           285      0      0     6.214     1.000     1.000     0.1845      0.0000      0.0000      0.0000
527     D         C           57           TYR           95.69           285      0      0     6.214     1.000     1.000     0.1916      0.0000      0.0000      0.0000
528     D         C           58           LYS           96.14           285      0      0     6.214     1.000     1.000     0.1722      0.0000      0.0000      0.0000
529     D         C           59           GLN           95.52           285      0      0     6.214     1.000     1.000     0.1710      0.0000      0.0000      0.0000
530     D         C           60           PRO           93.45           285      0      0     6.214     1.000     1.000     0.1550      0.0000      0.0000      0.0000
531     D         C           61           PRO           89.28           285      0      0     6.214     1.000     1.000     0.1435      0.0000      0.0000      0.0000
532     D         C           62           SER           86.10           285      0      0     6.214     1.000     1.000     0.1206      0.0000      0.0000      0.0000
533     D         C           63           ARG           89.11           285      0      0     6.214     1.000     1.000     0.1358      0.0000      0.0000      0.0000
534     D         C           64           GLN           91.35           285      0      0     6.214     1.000     1.000     0.1563      0.0000      0.0000      0.0000
535     D         C           65           MET           94.11           285      0      0     6.214     1.000     1.000     0.1738      0.0000      0.0000      0.0000
536     D         C           66           ILE           94.29           285      0      0     6.214     1.000     1.000     0.1712      0.0000      0.0000      0.0000
537     D         C           67           LEU           94.48           285      0      0     6.214     1.000     1.000     0.1781      0.0000      0.0000      0.0000
538     D         C           68           VAL           94.97           285      0      0     6.214     1.000     1.000     0.1702      0.0000      0.0000      0.0000
539     D         C           69           ILE           94.66           285      0      0     6.214     1.000     1.000     0.1685      0.0000      0.0000      0.0000
540     D         C           70           ARG           92.29           285      0      0     6.214     1.000     1.000     0.1667      0.0000      0.0000      0.0000
541     D         C           71           GLN           91.42           285      0      0     6.214     1.000     1.000     0.1681      0.0000      0.0000      0.0000
542     D         C           72           GLU           83.39           285      0      0     6.214     1.000     1.000     0.1489      0.0000      0.0000      0.0000
543     D         C           73           ALA           82.23           285      0      0     6.214     1.000     1.000     0.1453      0.0000      0.0000      0.0000
544     D         C           74           TYR           73.21           285      0      0     6.214     1.000     1.000     0.1274      0.0000      0.0000      0.0000
545     D         C           75           LYS           72.42           285      0      0     6.214     1.000     1.000     0.1210      0.0000      0.0000      0.0000
546     D         C           76           GLN           74.50           285      0      0     6.214     1.000     1.000     0.1010      0.0000      0.0000      0.0000
547     D         C           77           GLN           82.22           285      0      0     6.214     1.000     1.000     0.1133      0.0000      0.0000      0.0000
548     D         C           78           ASN           88.74           285      0      0     6.214     1.000     1.000     0.1368      0.0000      0.0000      0.0000
549     D         C           79           ALA           87.96           285      0      0     6.214     1.000     1.000     0.1299      0.0000      0.0000      0.0000
550     D         C           80           THR           88.87           285      0      0     6.214     1.000     1.000     0.1352      0.0000      0.0000      0.0000
551     D         C           81           GLU           87.90           285      0      0     6.214     1.000     1.000     0.1201      0.0000      0.0000      0.0000
552     D         C           82           ASN           89.20           285      0      0     6.214     1.000     1.000     0.1200      0.0000      0.0000      0.0000
553     D         C           83           ARG           94.02           285      0      0     6.214     1.000     1.000     0.1411      0.0000      0.0000      0.0000
554     D         C           84           PHE           95.15           285      0      0     6.214     1.000     1.000     0.1580      0.0000      0.0000      0.0000
555     D         C           85           SER           94.91           285      0      0     6.214     1.000     1.000     0.1622      0.0000      0.0000      0.0000
556     D         C           86           VAL           94.74           285      0      0     6.214     1.000     1.000     0.1540      0.0000      0.0000      0.0000
557     D         C           87           ASN           94.70           285      0      0     6.214     1.000     1.000     0.1675      0.0000      0.0000      0.0000
558     D         C           88           PHE           93.66           285      0      0     6.214     1.000     1.000     0.1606      0.0000      0.0000      0.0000
559     D         C           89           GLN           93.12           285      0      0     6.214     1.000     1.000     0.1680      0.0000      0.0000      0.0000
560     D         C           90           LYS           90.70           285      0      0     6.214     1.000     1.000     0.1617      0.0000      0.0000      0.0000
561     D         C           91           ALA           90.47           285      0      0     6.214     1.000     1.000     0.1570      0.0000      0.0000      0.0000
562     D         C           92           ALA           92.42           285      0      0     6.214     1.000     1.000     0.1526      0.0000      0.0000      0.0000
563     D         C           93           LYS           93.30           285      0      0     6.214     1.000     1.000     0.1680      0.0000      0.0000      0.0000
564     D         C           94           SER           94.44           285      0      0     6.214     1.000     1.000     0.1670      0.0000      0.0000      0.0000
565     D         C           95           PHE           95.25           285      0      0     6.214     1.000     1.000     0.1612      0.0000      0.0000      0.0000
566     D         C           96           SER           95.22           285      0      0     6.214     1.000     1.000     0.1669      0.0000      0.0000      0.0000
567     D         C           97           LEU           96.20           285      0      0     6.214     1.000     1.000     0.1650      0.0000      0.0000      0.0000
568     D         C           98           LYS           96.14           285      0      0     6.214     1.000     1.000     0.1719      0.0000      0.0000      0.0000
569     D         C           99           ILE           96.02           285      0      0     6.214     1.000     1.000     0.1624      0.0000      0.0000      0.0000
570     D         C          100           SER           94.47           285      0      0     6.214     1.000     1.000     0.1492      0.0000      0.0000      0.0000
571     D         C          101           ASP           94.91           285      0      0     6.214     1.000     1.000     0.1454      0.0000      0.0000      0.0000
572     D         C          102           SER           94.87           285      0      0     6.214     1.000     1.000     0.1465      0.0000      0.0000      0.0000
573     D         C          103           GLN           94.09           285      0      0     6.214     1.000     1.000     0.1475      0.0000      0.0000      0.0000
574     D         C          104           LEU           92.85           285      0      0     6.214     1.000     1.000     0.1591      0.0000      0.0000      0.0000
575     D         C          105           GLY           92.63           285      0      0     6.214     1.000     1.000     0.1535      0.0000      0.0000      0.0000
576     D         C          106           ASP           94.93           285      0      0     6.214     1.000     1.000     0.1596      0.0000      0.0000      0.0000
577     D         C          107           ALA           94.50           285      0      0     6.214     1.000     1.000     0.1661      0.0000      0.0000      0.0000
578     D         C          108           ALA           95.30           285      0      0     6.214     1.000     1.000     0.1591      0.0000      0.0000      0.0000
579     D         C          109           MET           95.78           285      0      0     6.214     1.000     1.000     0.1705      0.0000      0.0000      0.0000
580     D         C          110           TYR           96.54           285      0      0     6.214     1.000     1.000     0.1726      0.0000      0.0000      0.0000
581     D         C          111           PHE           95.94           285      0      0     6.214     1.000     1.000     0.1748      0.0000      0.0000      0.0000
582     D         C          112           CYS           95.54           285      0      0     6.214     1.000     1.000     0.1801      0.0000      0.0000      0.0000
583     D         C          113           ALA           94.42           285      0      0     6.214     1.000     1.000     0.1802      0.0000      0.0000      0.0000
584     D         C          114           TYR           92.44           285      0      0     6.214     1.000     1.000     0.1802      0.0000      0.0000      0.0000
585     D         C          115           ARG           87.86           285      0      0     6.214     1.000     1.000     0.1697      0.0000      0.0000      0.0000
586     D         C          116           SER           80.24           285      0      0     6.214     1.000     1.000     0.1575      0.0000      0.0000      0.0000
587     D         C          117           ALA           71.92           285      0      0     6.214     1.000     1.000     0.1443      0.0000      0.0000      0.0000
588     D         C          118           LEU           66.09           285      0      0     6.214     1.000     1.000     0.1359      0.0000      0.0000      0.0000
589     D         C          119           SER           66.57           285      0      0     6.214     1.000     1.000     0.1178      0.0000      0.0000      0.0000
590     D         C          120           TYR           61.70           285      0      0     6.214     1.000     1.000     0.1227      0.0000      0.0000      0.0000
591     D         C          121           ASN           67.70           285      0      0     6.214     1.000     1.000     0.1081      0.0000      0.0000      0.0000
592     D         C          122           ASP           74.85           285      0      0     6.214     1.000     1.000     0.1130      0.0000      0.0000      0.0000
593     D         C          123           MET           86.12           285      0      0     6.214     1.000     1.000     0.1502      0.0000      0.0000      0.0000
594     D         C          124           ARG           91.01           285      0      0     6.214     1.000     1.000     0.1792      0.0000      0.0000      0.0000
595     D         C          125           PHE           93.14           285      0      0     6.214     1.000     1.000     0.1825      0.0000      0.0000      0.0000
596     D         C          126           GLY           93.22           285      0      0     6.214     1.000     1.000     0.1781      0.0000      0.0000      0.0000
597     D         C          127           ALA           93.28           285      0      0     6.214     1.000     1.000     0.1735      0.0000      0.0000      0.0000
598     D         C          128           GLY           94.29           285      0      0     6.214     1.000     1.000     0.1604      0.0000      0.0000      0.0000
599     D         C          129           THR           95.54           285      0      0     6.214     1.000     1.000     0.1721      0.0000      0.0000      0.0000
600     D         C          130           ARG           95.18           285      0      0     6.214     1.000     1.000     0.1754      0.0000      0.0000      0.0000
601     D         C          131           LEU           95.76           285      0      0     6.214     1.000     1.000     0.1661      0.0000      0.0000      0.0000
602     D         C          132           THR           94.29           285      0      0     6.214     1.000     1.000     0.1668      0.0000      0.0000      0.0000
603     D         C          133           VAL           94.54           285      0      0     6.214     1.000     1.000     0.1521      0.0000      0.0000      0.0000
604     D         C          134           LYS           93.93           285      0      0     6.214     1.000     1.000     0.1545      0.0000      0.0000      0.0000
605     D         C          135           PRO           93.05           285      0      0     6.214     1.000     1.000     0.1319      0.0000      0.0000      0.0000
606     D         C          136           ASN           91.14           285      0      0     6.214     1.000     1.000     0.1167      0.0000      0.0000      0.0000
607     D         C          137           ILE           89.32           285      0      0     6.214     1.000     1.000     0.1152      0.0000      0.0000      0.0000
608     D         C          138           GLN           85.63           285      0      0     6.214     1.000     1.000     0.0886      0.0000      0.0000      0.0000
609     D         C          139           ASN           88.23           285      0      0     6.214     1.000     1.000     0.0825      0.0000      0.0000      0.0000
610     D         C          140           PRO           88.80           285      0      0     6.214     1.000     1.000     0.0948      0.0000      0.0000      0.0000
611     D         C          141           ASP           90.88           285      0      0     6.214     1.000     1.000     0.1005      0.0000      0.0000      0.0000
612     D         C          142           PRO           90.54           285      0      0     6.214     1.000     1.000     0.1092      0.0000      0.0000      0.0000
613     D         C          143           ALA           90.84           285      0      0     6.214     1.000     1.000     0.1074      0.0000      0.0000      0.0000
614     D         C          144           VAL           91.14           285      0      0     6.214     1.000     1.000     0.1233      0.0000      0.0000      0.0000
615     D         C          145           TYR           91.42           285      0      0     6.214     1.000     1.000     0.1275      0.0000      0.0000      0.0000
616     D         C          146           GLN           89.07           285      0      0     6.214     1.000     1.000     0.1168      0.0000      0.0000      0.0000
617     D         C          147           LEU           87.86           285      0      0     6.214     1.000     1.000     0.1089      0.0000      0.0000      0.0000
618     D         C          148           ARG           83.15           285      0      0     6.214     1.000     1.000     0.0736      0.0000      0.0000      0.0000
619     D         C          149           ASP           75.47           285      0      0     6.214     1.000     1.000     0.0531      0.0000      0.0000      0.0000
620     D         C          150           SER           67.72           285      0      0     6.214     1.000     1.000     0.0521      0.0000      0.0000      0.0000
621     D         C          151           LYS           72.72           285      0      0     6.214     1.000     1.000     0.0500      0.0000      0.0000      0.0000
622     D         C          152           SER           66.57           285      0      0     6.214     1.000     1.000     0.0479      0.0000      0.0000      0.0000
623     D         C          153           SER           72.52           285      0      0     6.214     1.000     1.000     0.0505      0.0000      0.0000      0.0000
624     D         C          154           ASP           79.41           285      0      0     6.214     1.000     1.000     0.0570      0.0000      0.0000      0.0000
625     D         C          155           LYS           84.59           285      0      0     6.214     1.000     1.000     0.0771      0.0000      0.0000      0.0000
626     D         C          156           SER           86.39           285      0      0     6.214     1.000     1.000     0.0946      0.0000      0.0000      0.0000
627     D         C          157           VAL           90.88           285      0      0     6.214     1.000     1.000     0.1210      0.0000      0.0000      0.0000
628     D         C          158           CYS           91.01           285      0      0     6.214     1.000     1.000     0.1250      0.0000      0.0000      0.0000
629     D         C          159           LEU           92.52           285      0      0     6.214     1.000     1.000     0.1401      0.0000      0.0000      0.0000
630     D         C          160           PHE           92.48           285      0      0     6.214     1.000     1.000     0.1318      0.0000      0.0000      0.0000
631     D         C          161           THR           91.66           285      0      0     6.214     1.000     1.000     0.1140      0.0000      0.0000      0.0000
632     D         C          162           ASP           88.80           285      0      0     6.214     1.000     1.000     0.1058      0.0000      0.0000      0.0000
633     D         C          163           PHE           90.44           285      0      0     6.214     1.000     1.000     0.1124      0.0000      0.0000      0.0000
634     D         C          164           ASP           88.63           285      0      0     6.214     1.000     1.000     0.0989      0.0000      0.0000      0.0000
635     D         C          165           SER           87.56           285      0      0     6.214     1.000     1.000     0.1015      0.0000      0.0000      0.0000
636     D         C          166           GLN           85.86           285      0      0     6.214     1.000     1.000     0.1011      0.0000      0.0000      0.0000
637     D         C          167           THR           85.58           285      0      0     6.214     1.000     1.000     0.0989      0.0000      0.0000      0.0000
638     D         C          168           ASN           85.65           285      0      0     6.214     1.000     1.000     0.0988      0.0000      0.0000      0.0000
639     D         C          169           VAL           85.84           285      0      0     6.214     1.000     1.000     0.0997      0.0000      0.0000      0.0000
640     D         C          170           SER           83.44           285      0      0     6.214     1.000     1.000     0.0828      0.0000      0.0000      0.0000
641     D         C          171           GLN           83.21           285      0      0     6.214     1.000     1.000     0.0854      0.0000      0.0000      0.0000
642     D         C          172           SER           81.84           285      0      0     6.214     1.000     1.000     0.0740      0.0000      0.0000      0.0000
643     D         C          173           LYS           79.23           285      0      0     6.214     1.000     1.000     0.0730      0.0000      0.0000      0.0000
644     D         C          174           ASP           81.42           285      0      0     6.214     1.000     1.000     0.0752      0.0000      0.0000      0.0000
645     D         C          175           SER           82.74           285      0      0     6.214     1.000     1.000     0.0794      0.0000      0.0000      0.0000
646     D         C          176           ASP           86.14           285      0      0     6.214     1.000     1.000     0.0845      0.0000      0.0000      0.0000
647     D         C          177           VAL           87.27           285      0      0     6.214     1.000     1.000     0.1107      0.0000      0.0000      0.0000
648     D         C          178           TYR           90.05           285      0      0     6.214     1.000     1.000     0.1222      0.0000      0.0000      0.0000
649     D         C          179           ILE           90.14           285      0      0     6.214     1.000     1.000     0.1250      0.0000      0.0000      0.0000
650     D         C          180           THR           90.27           285      0      0     6.214     1.000     1.000     0.1219      0.0000      0.0000      0.0000
651     D         C          181           ASP           89.67           285      0      0     6.214     1.000     1.000     0.1182      0.0000      0.0000      0.0000
652     D         C          182           LYS           90.79           285      0      0     6.214     1.000     1.000     0.1172      0.0000      0.0000      0.0000
653     D         C          183           THR           91.74           285      0      0     6.214     1.000     1.000     0.1262      0.0000      0.0000      0.0000
654     D         C          184           VAL           92.27           285      0      0     6.214     1.000     1.000     0.1301      0.0000      0.0000      0.0000
655     D         C          185           LEU           91.23           285      0      0     6.214     1.000     1.000     0.1207      0.0000      0.0000      0.0000
656     D         C          186           ASP           91.47           285      0      0     6.214     1.000     1.000     0.1193      0.0000      0.0000      0.0000
657     D         C          187           MET           90.08           285      0      0     6.214     1.000     1.000     0.1169      0.0000      0.0000      0.0000
658     D         C          188           ARG           88.16           285      0      0     6.214     1.000     1.000     0.1034      0.0000      0.0000      0.0000
659     D         C          189           SER           88.13           285      0      0     6.214     1.000     1.000     0.0929      0.0000      0.0000      0.0000
660     D         C          190           MET           87.64           285      0      0     6.214     1.000     1.000     0.0931      0.0000      0.0000      0.0000
661     D         C          191           ASP           89.16           285      0      0     6.214     1.000     1.000     0.0993      0.0000      0.0000      0.0000
662     D         C          192           PHE           91.09           285      0      0     6.214     1.000     1.000     0.1147      0.0000      0.0000      0.0000
663     D         C          193           LYS           91.69           285      0      0     6.214     1.000     1.000     0.1233      0.0000      0.0000      0.0000
664     D         C          194           SER           92.71           285      0      0     6.214     1.000     1.000     0.1229      0.0000      0.0000      0.0000
665     D         C          195           ASN           93.02           285      0      0     6.214     1.000     1.000     0.1337      0.0000      0.0000      0.0000
666     D         C          196           SER           92.99           285      0      0     6.214     1.000     1.000     0.1233      0.0000      0.0000      0.0000
667     D         C          197           ALA           92.83           285      0      0     6.214     1.000     1.000     0.1345      0.0000      0.0000      0.0000
668     D         C          198           VAL           93.12           285      0      0     6.214     1.000     1.000     0.1371      0.0000      0.0000      0.0000
669     D         C          199           ALA           91.92           285      0      0     6.214     1.000     1.000     0.1318      0.0000      0.0000      0.0000
670     D         C          200           TRP           91.99           285      0      0     6.214     1.000     1.000     0.1324      0.0000      0.0000      0.0000
671     D         C          201           SER           88.84           285      0      0     6.214     1.000     1.000     0.1037      0.0000      0.0000      0.0000
672     D         C          202           ASN           85.65           285      0      0     6.214     1.000     1.000     0.0860      0.0000      0.0000      0.0000
673     D         C          203           LYS           81.65           285      0      0     6.214     1.000     1.000     0.0780      0.0000      0.0000      0.0000
674     D         C          204           SER           79.55           285      0      0     6.214     1.000     1.000     0.0709      0.0000      0.0000      0.0000
675     D         C          205           ASP           82.18           285      0      0     6.214     1.000     1.000     0.0715      0.0000      0.0000      0.0000
676     D         C          206           PHE           84.02           285      0      0     6.214     1.000     1.000     0.0883      0.0000      0.0000      0.0000
677     D         C          207           ALA           84.45           285      0      0     6.214     1.000     1.000     0.0841      0.0000      0.0000      0.0000
678     D         C          208           CYS           85.10           285      0      0     6.214     1.000     1.000     0.0898      0.0000      0.0000      0.0000
679     D         C          209           ALA           84.19           285      0      0     6.214     1.000     1.000     0.0831      0.0000      0.0000      0.0000
680     D         C          210           ASN           83.61           285      0      0     6.214     1.000     1.000     0.0791      0.0000      0.0000      0.0000
681     D         C          211           ALA           81.60           285      0      0     6.214     1.000     1.000     0.0870      0.0000      0.0000      0.0000
682     D         C          212           PHE           85.17           285      0      0     6.214     1.000     1.000     0.0929      0.0000      0.0000      0.0000
683     D         C          213           ASN           82.95           285      0      0     6.214     1.000     1.000     0.0804      0.0000      0.0000      0.0000
684     D         C          214           ASN           82.97           285      0      0     6.214     1.000     1.000     0.0795      0.0000      0.0000      0.0000
685     D         C          215           SER           81.22           285      0      0     6.214     1.000     1.000     0.0764      0.0000      0.0000      0.0000
686     D         C          216           ILE           80.95           285      0      0     6.214     1.000     1.000     0.0762      0.0000      0.0000      0.0000
687     D         C          217           ILE           81.94           285      0      0     6.214     1.000     1.000     0.0711      0.0000      0.0000      0.0000
688     D         C          218           PRO           81.93           285      0      0     6.214     1.000     1.000     0.0747      0.0000      0.0000      0.0000
689     D         C          219           GLU           78.68           285      0      0     6.214     1.000     1.000     0.0667      0.0000      0.0000      0.0000
690     D         C          220           ASP           83.27           285      0      0     6.214     1.000     1.000     0.0669      0.0000      0.0000      0.0000
691     D         C          221           THR           83.54           285      0      0     6.214     1.000     1.000     0.0778      0.0000      0.0000      0.0000
692     D         C          222           PHE           86.69           285      0      0     6.214     1.000     1.000     0.0861      0.0000      0.0000      0.0000
693     D         C          223           PHE           84.94           285      0      0     6.214     1.000     1.000     0.0834      0.0000      0.0000      0.0000
694     D         C          224           PRO           80.94           285      0      0     6.214     1.000     1.000     0.0711      0.0000      0.0000      0.0000
695     D         C          225           SER           74.35           285      0      0     6.214     1.000     1.000     0.0586      0.0000      0.0000      0.0000
696     D         C          226           PRO           69.40           285      0      0     6.214     1.000     1.000     0.0515      0.0000      0.0000      0.0000
697     D         C          227           GLU           62.15           285      0      0     6.214     1.000     1.000     0.0468      0.0000      0.0000      0.0000
698     D         C          228           SER           64.06           285      0      0     6.214     1.000     1.000     0.0431      0.0000      0.0000      0.0000
699     D         C          229           SER           71.66           285      0      0     6.214     1.000     1.000     0.0445      0.0000      0.0000      0.0000
700     D         C          230           CYS           76.53           285      0      0     6.214     1.000     1.000     0.0561      0.0000      0.0000      0.0000
701     D         C          231           ASP           80.89           285      0      0     6.214     1.000     1.000     0.0712      0.0000      0.0000      0.0000
702     D         C          232           VAL           83.01           285      0      0     6.214     1.000     1.000     0.0845      0.0000      0.0000      0.0000
703     D         C          233           LYS           80.77           285      0      0     6.214     1.000     1.000     0.0860      0.0000      0.0000      0.0000
704     D         C          234           LEU           81.34           285      0      0     6.214     1.000     1.000     0.0876      0.0000      0.0000      0.0000
705     D         C          235           VAL           83.39           285      0      0     6.214     1.000     1.000     0.0927      0.0000      0.0000      0.0000
706     D         C          236           GLU           80.41           285      0      0     6.214     1.000     1.000     0.0917      0.0000      0.0000      0.0000
707     D         C          237           LYS           83.20           285      0      0     6.214     1.000     1.000     0.0921      0.0000      0.0000      0.0000
708     D         C          238           SER           80.97           285      0      0     6.214     1.000     1.000     0.0874      0.0000      0.0000      0.0000
709     D         C          239           PHE           82.73           285      0      0     6.214     1.000     1.000     0.0908      0.0000      0.0000      0.0000
710     D         C          240           GLU           81.63           285      0      0     6.214     1.000     1.000     0.0829      0.0000      0.0000      0.0000
711     D         C          241           THR           82.78           285      0      0     6.214     1.000     1.000     0.0862      0.0000      0.0000      0.0000
712     D         C          242           ASP           83.11           285      0      0     6.214     1.000     1.000     0.0788      0.0000      0.0000      0.0000
713     D         C          243           THR           86.10           285      0      0     6.214     1.000     1.000     0.0838      0.0000      0.0000      0.0000
714     D         C          244           ASN           84.02           285      0      0     6.214     1.000     1.000     0.0830      0.0000      0.0000      0.0000
715     D         C          245           LEU           83.71           285      0      0     6.214     1.000     1.000     0.0844      0.0000      0.0000      0.0000
716     D         C          246           ASN           83.75           285      0      0     6.214     1.000     1.000     0.0811      0.0000      0.0000      0.0000
717     D         C          247           PHE           84.33           285      0      0     6.214     1.000     1.000     0.0809      0.0000      0.0000      0.0000
718     D         C          248           GLN           83.09           285      0      0     6.214     1.000     1.000     0.0826      0.0000      0.0000      0.0000
719     D         C          249           ASN           84.72           285      0      0     6.214     1.000     1.000     0.0843      0.0000      0.0000      0.0000
720     D         C          250           LEU           84.20           285      0      0     6.214     1.000     1.000     0.0821      0.0000      0.0000      0.0000
721     D         C          251           SER           86.83           285      0      0     6.214     1.000     1.000     0.0791      0.0000      0.0000      0.0000
722     D         C          252           VAL           86.42           285      0      0     6.214     1.000     1.000     0.0806      0.0000      0.0000      0.0000
723     D         C          253           ILE           85.85           285      0      0     6.214     1.000     1.000     0.0804      0.0000      0.0000      0.0000
724     D         C          254           GLY           83.14           285      0      0     6.214     1.000     1.000     0.0776      0.0000      0.0000      0.0000
725     D         C          255           PHE           87.00           285      0      0     6.214     1.000     1.000     0.0768      0.0000      0.0000      0.0000
726     D         C          256           ARG           85.84           285      0      0     6.214     1.000     1.000     0.0774      0.0000      0.0000      0.0000
727     D         C          257           ILE           85.74           285      0      0     6.214     1.000     1.000     0.0754      0.0000      0.0000      0.0000
728     D         C          258           LEU           86.72           285      0      0     6.214     1.000     1.000     0.0750      0.0000      0.0000      0.0000
729     D         C          259           LEU           85.53           285      0      0     6.214     1.000     1.000     0.0761      0.0000      0.0000      0.0000
730     D         C          260           LEU           86.22           285      0      0     6.214     1.000     1.000     0.0748      0.0000      0.0000      0.0000
731     D         C          261           LYS           85.59           285      0      0     6.214     1.000     1.000     0.0724      0.0000      0.0000      0.0000
732     D         C          262           VAL           85.30           285      0      0     6.214     1.000     1.000     0.0734      0.0000      0.0000      0.0000
733     D         C          263           ALA           84.35           285      0      0     6.214     1.000     1.000     0.0725      0.0000      0.0000      0.0000
734     D         C          264           GLY           85.86           285      0      0     6.214     1.000     1.000     0.0722      0.0000      0.0000      0.0000
735     D         C          265           PHE           88.77           285      0      0     6.214     1.000     1.000     0.0707      0.0000      0.0000      0.0000
736     D         C          266           ASN           86.58           285      0      0     6.214     1.000     1.000     0.0690      0.0000      0.0000      0.0000
737     D         C          267           LEU           89.23           285      0      0     6.214     1.000     1.000     0.0670      0.0000      0.0000      0.0000
738     D         C          268           LEU           87.88           285      0      0     6.214     1.000     1.000     0.0671      0.0000      0.0000      0.0000
739     D         C          269           MET           85.01           285      0      0     6.214     1.000     1.000     0.0641      0.0000      0.0000      0.0000
740     D         C          270           THR           86.32           285      0      0     6.214     1.000     1.000     0.0651      0.0000      0.0000      0.0000
741     D         C          271           LEU           86.78           285      0      0     6.214     1.000     1.000     0.0672      0.0000      0.0000      0.0000
742     D         C          272           ARG           86.85           285      0      0     6.214     1.000     1.000     0.0635      0.0000      0.0000      0.0000
743     D         C          273           LEU           81.35           285      0      0     6.214     1.000     1.000     0.0613      0.0000      0.0000      0.0000
744     D         C          274           TRP           82.40           285      0      0     6.214     1.000     1.000     0.0536      0.0000      0.0000      0.0000
745     D         C          275           SER           82.74           285      0      0     6.214     1.000     1.000     0.0470      0.0000      0.0000      0.0000
746     D         C          276           SER           68.38           285      0      0     6.214     1.000     1.000     0.0405      0.0000      0.0000      0.0000
471     D         E            1           MET           22.59           588    547      0     8.499     8.248     1.000     0.0676      0.0000      0.0000      0.0000
472     D         E            2           ALA           27.04           588    547      0     8.499     8.248     1.000     0.0678      0.0000      0.0000      0.0000
473     D         E            3           CYS           26.54           588    547      0     8.499     8.248     1.000     0.0679      0.0000      0.0000      0.0000
474     D         E            4           PRO           29.55           588    547      0     8.499     8.248     1.000     0.0684      0.0000      0.0000      0.0000
475     D         E            5           GLY           30.28           588    547      0     8.499     8.248     1.000     0.0683      0.0000      0.0000      0.0000
476     D         E            6           PHE           23.20           588    547      0     8.499     8.248     1.000     0.0688      0.0000      0.0000      0.0000
477     D         E            7           LEU           27.75           588    547      0     8.499     8.248     1.000     0.0695      0.0000      0.0000      0.0000
478     D         E            8           TRP           28.71           588    547      0     8.499     8.248     1.000     0.0699      0.0000      0.0000      0.0000
479     D         E            9           ALA           34.16           588    547      0     8.499     8.248     1.000     0.0703      0.0000      0.0000      0.0000
480     D         E           10           LEU           31.76           588    547      0     8.499     8.248     1.000     0.0708      0.0000      0.0000      0.0000
481     D         E           11           VAL           31.71           588    547      0     8.499     8.248     1.000     0.0713      0.0000      0.0000      0.0000
482     D         E           12           ILE           31.46           588    547      0     8.499     8.248     1.000     0.0722      0.0000      0.0000      0.0000
483     D         E           13           SER           29.11           588    547      0     8.499     8.248     1.000     0.0720      0.0000      0.0000      0.0000
484     D         E           14           THR           28.36           588    547      0     8.499     8.248     1.000     0.0728      0.0000      0.0000      0.0000
485     D         E           15           CYS           29.58           588    547      0     8.499     8.248     1.000     0.0734      0.0000      0.0000      0.0000
486     D         E           16           LEU           30.76           588    547      0     8.499     8.248     1.000     0.0752      0.0000      0.0000      0.0000
487     D         E           17           GLU           30.86           588    547      0     8.499     8.248     1.000     0.0762      0.0000      0.0000      0.0000
488     D         E           18           PHE           30.72           588    547      0     8.499     8.248     1.000     0.0777      0.0000      0.0000      0.0000
489     D         E           19           SER           36.35           588    547      0     8.499     8.248     1.000     0.0790      0.0000      0.0000      0.0000
490     D         E           20           MET           36.53           588    547      0     8.499     8.248     1.000     0.0811      0.0000      0.0000      0.0000
491     D         E           21           ALA           48.67           588    547      0     8.499     8.248     1.000     0.0854      0.0000      0.0000      0.0000
492     D         E           22           GLN           52.96           588    547      0     8.499     8.248     1.000     0.0980      0.0000      0.0000      0.0000
493     D         E           23           THR           81.41           588    547      2     8.499     8.248     1.000     0.1287      0.4420      0.4272      0.0108
494     D         E           24           VAL           92.07           588    547    241     8.499     8.248     5.753     0.5190      0.6141      0.6004      0.4314
495     D         E           25           THR           93.72           588    547    248     8.499     8.248     5.830     0.6341      0.7409      0.7297      0.5827
496     D         E           26           GLN           93.76           588    547    248     8.499     8.248     5.830     0.6169      0.7197      0.7079      0.5564
497     D         E           27           SER           91.94           588    547    226     8.499     8.248     5.582     0.4856      0.5857      0.5716      0.3873
498     D         E           28           GLN           91.75           588    547    241     8.499     8.248     5.753     0.5169      0.6096      0.5957      0.4234
499     D         E           29           PRO           92.01           588    547    246     8.499     8.248     5.808     0.5747      0.6717      0.6587      0.4947
500     D         E           30           GLU           93.38           588    547    249     8.499     8.248     5.841     0.5958      0.6914      0.6789      0.5206
501     D         E           31           MET           95.05           588    547    254     8.499     8.248     5.895     0.6458      0.7432      0.7320      0.5894
502     D         E           32           SER           94.05           588    547    254     8.499     8.248     5.895     0.6160      0.7067      0.6945      0.5434
503     D         E           33           VAL           94.65           588    547    258     8.499     8.248     5.938     0.6514      0.7419      0.7307      0.5911
504     D         E           34           GLN           94.27           588    547    258     8.499     8.248     5.938     0.6258      0.7110      0.6989      0.5521
505     D         E           35           GLU           93.81           588    547    254     8.499     8.248     5.895     0.5952      0.6808      0.6680      0.5121
506     D         E           36           ALA           93.96           588    547    254     8.499     8.248     5.895     0.5749      0.6556      0.6423      0.4842
507     D         E           37           GLU           94.69           588    547    253     8.499     8.248     5.884     0.5637      0.6456      0.6322      0.4721
508     D         E           38           THR           95.61           588    547    258     8.499     8.248     5.938     0.6334      0.7207      0.7089      0.5647
509     D         E           39           VAL           95.71           588    547    257     8.499     8.248     5.927     0.6356      0.7246      0.7129      0.5682
510     D         E           40           THR           95.90           588    547    259     8.499     8.248     5.949     0.6667      0.7591      0.7484      0.6155
511     D         E           41           LEU           96.03           588    547    260     8.499     8.248     5.959     0.6932      0.7876      0.7779      0.6553
512     D         E           42           SER           94.96           588    547    248     8.499     8.248     5.830     0.5858      0.6821      0.6693      0.5091
513     D         E           43           CYS           95.35           588    547    251     8.499     8.248     5.863     0.6434      0.7473      0.7363      0.5925
514     D         E           44           THR           95.18           588    547    252     8.499     8.248     5.874     0.6565      0.7590      0.7483      0.6092
515     D         E           45           TYR           94.41           588    547    251     8.499     8.248     5.863     0.6620      0.7680      0.7576      0.6207
516     D         E           46           ASP           91.70           588    547    245     8.499     8.248     5.797     0.5620      0.6610      0.6480      0.4843
517     D         E           47           THR           89.12           588    547    234     8.499     8.248     5.674     0.5031      0.6026      0.5888      0.4130
518     D         E           48           SER           82.87           588    547    195     8.499     8.248     5.201     0.4537      0.5724      0.5583      0.3439
519     D         E           49           GLU           78.67           588    547    189     8.499     8.248     5.123     0.4445      0.5665      0.5523      0.3326
520     D         E           50           SER           73.40           588    547    166     8.499     8.248     4.803     0.4244      0.5578      0.5436      0.2986
521     D         E           51           ASP           74.01           588    547    216     8.499     8.248     5.464     0.4762      0.5873      0.5735      0.3825
522     D         E           52           TYR           82.68           588    547    247     8.499     8.248     5.819     0.6184      0.7247      0.7133      0.5645
523     D         E           53           TYR           87.05           588    547    253     8.499     8.248     5.884     0.6753      0.7800      0.7702      0.6416
524     D         E           54           LEU           92.69           588    547    262     8.499     8.248     5.980     0.7177      0.8116      0.8030      0.6937
525     D         E           55           PHE           94.05           588    547    263     8.499     8.248     5.991     0.7323      0.8263      0.8183      0.7157
526     D         E           56           TRP           95.82           588    547    264     8.499     8.248     6.001     0.7557      0.8494      0.8422      0.7500
527     D         E           57           TYR           95.69           588    547    264     8.499     8.248     6.001     0.7574      0.8531      0.8461      0.7558
528     D         E           58           LYS           96.14           588    547    261     8.499     8.248     5.970     0.7251      0.8237      0.8155      0.7094
529     D         E           59           GLN           95.52           588    547    261     8.499     8.248     5.970     0.7338      0.8338      0.8260      0.7248
530     D         E           60           PRO           93.45           588    547    254     8.499     8.248     5.895     0.6833      0.7883      0.7787      0.6518
531     D         E           61           PRO           89.28           588    547    252     8.499     8.248     5.874     0.6476      0.7508      0.7399      0.5991
532     D         E           62           SER           86.10           588    547    242     8.499     8.248     5.764     0.5566      0.6580      0.6450      0.4804
533     D         E           63           ARG           89.11           588    547    245     8.499     8.248     5.797     0.5694      0.6731      0.6605      0.5013
534     D         E           64           GLN           91.35           588    547    247     8.499     8.248     5.819     0.6210      0.7298      0.7184      0.5704
535     D         E           65           MET           94.11           588    547    254     8.499     8.248     5.895     0.6999      0.8084      0.7996      0.6828
536     D         E           66           ILE           94.29           588    547    259     8.499     8.248     5.949     0.7180      0.8189      0.8105      0.7017
537     D         E           67           LEU           94.48           588    547    261     8.499     8.248     5.970     0.7143      0.8108      0.8022      0.6925
538     D         E           68           VAL           94.97           588    547    258     8.499     8.248     5.938     0.6980      0.7979      0.7887      0.6701
539     D         E           69           ILE           94.66           588    547    256     8.499     8.248     5.917     0.6556      0.7512      0.7404      0.6042
540     D         E           70           ARG           92.29           588    547    248     8.499     8.248     5.830     0.6119      0.7123      0.7003      0.5472
541     D         E           71           GLN           91.42           588    547    249     8.499     8.248     5.841     0.6301      0.7327      0.7213      0.5740
542     D         E           72           GLU           83.39           588    547    244     8.499     8.248     5.786     0.5535      0.6507      0.6375      0.4735
543     D         E           73           ALA           82.23           588    547    229     8.499     8.248     5.617     0.4846      0.5817      0.5678      0.3895
544     D         E           74           TYR           73.21           588    547    162     8.499     8.248     4.744     0.4151      0.5524      0.5381      0.2881
545     D         E           75           LYS           72.42           588    547     65     8.499     8.248     2.768     0.3138      0.5167      0.5021      0.1071
546     D         E           76           GLN           74.50           588    547      9     8.499     8.248     1.000     0.2151      0.4928      0.4780      0.0138
547     D         E           77           GLN           82.22           588    547     34     8.499     8.248     1.509     0.3027      0.4799      0.4651      0.0291
548     D         E           78           ASN           88.74           588    547    208     8.499     8.248     5.366     0.4275      0.5123      0.4975      0.2983
549     D         E           79           ALA           87.96           588    547    215     8.499     8.248     5.452     0.4401      0.5243      0.5096      0.3155
550     D         E           80           THR           88.87           588    547    211     8.499     8.248     5.403     0.4385      0.5247      0.5099      0.3124
551     D         E           81           GLU           87.90           588    547    168     8.499     8.248     4.832     0.4028      0.5075      0.4927      0.2532
552     D         E           82           ASN           89.20           588    547    113     8.499     8.248     3.917     0.3675      0.4939      0.4791      0.1749
553     D         E           83           ARG           94.02           588    547    243     8.499     8.248     5.775     0.5077      0.5900      0.5758      0.4049
554     D         E           84           PHE           95.15           588    547    256     8.499     8.248     5.917     0.6349      0.7256      0.7139      0.5693
555     D         E           85           SER           94.91           588    547    254     8.499     8.248     5.895     0.5935      0.6791      0.6663      0.5112
556     D         E           86           VAL           94.74           588    547    252     8.499     8.248     5.874     0.6078      0.6996      0.6872      0.5335
557     D         E           87           ASN           94.70           588    547    254     8.499     8.248     5.895     0.6272      0.7208      0.7090      0.5615
558     D         E           88           PHE           93.66           588    547    250     8.499     8.248     5.852     0.6352      0.7375      0.7262      0.5794
559     D         E           89           GLN           93.12           588    547    248     8.499     8.248     5.830     0.5938      0.6915      0.6790      0.5203
560     D         E           90           LYS           90.70           588    547    246     8.499     8.248     5.808     0.5694      0.6665      0.6535      0.4901
561     D         E           91           ALA           90.47           588    547    242     8.499     8.248     5.764     0.5082      0.5960      0.5820      0.4117
562     D         E           92           ALA           92.42           588    547    243     8.499     8.248     5.775     0.5263      0.6186      0.6048      0.4357
563     D         E           93           LYS           93.30           588    547    247     8.499     8.248     5.819     0.6027      0.7046      0.6924      0.5356
564     D         E           94           SER           94.44           588    547    248     8.499     8.248     5.830     0.5979      0.6959      0.6834      0.5253
565     D         E           95           PHE           95.25           588    547    251     8.499     8.248     5.863     0.6563      0.7611      0.7505      0.6105
566     D         E           96           SER           95.22           588    547    254     8.499     8.248     5.895     0.6269      0.7197      0.7078      0.5599
567     D         E           97           LEU           96.20           588    547    260     8.499     8.248     5.959     0.6957      0.7900      0.7804      0.6586
568     D         E           98           LYS           96.14           588    547    260     8.499     8.248     5.959     0.6741      0.7640      0.7535      0.6223
569     D         E           99           ILE           96.02           588    547    262     8.499     8.248     5.980     0.6894      0.7794      0.7694      0.6450
570     D         E          100           SER           94.47           588    547    252     8.499     8.248     5.874     0.5729      0.6565      0.6432      0.4831
571     D         E          101           ASP           94.91           588    547    254     8.499     8.248     5.895     0.5990      0.6835      0.6708      0.5162
572     D         E          102           SER           94.87           588    547    260     8.499     8.248     5.959     0.6501      0.7357      0.7243      0.5851
573     D         E          103           GLN           94.09           588    547    260     8.499     8.248     5.959     0.6790      0.7689      0.7586      0.6286
574     D         E          104           LEU           92.85           588    547    261     8.499     8.248     5.970     0.6958      0.7875      0.7778      0.6551
575     D         E          105           GLY           92.63           588    547    257     8.499     8.248     5.927     0.6757      0.7718      0.7615      0.6301
576     D         E          106           ASP           94.93           588    547    261     8.499     8.248     5.970     0.7179      0.8141      0.8054      0.6936
577     D         E          107           ALA           94.50           588    547    261     8.499     8.248     5.970     0.7203      0.8154      0.8067      0.6950
578     D         E          108           ALA           95.30           588    547    260     8.499     8.248     5.959     0.7150      0.8132      0.8045      0.6923
579     D         E          109           MET           95.78           588    547    261     8.499     8.248     5.970     0.7340      0.8325      0.8245      0.7210
580     D         E          110           TYR           96.54           588    547    264     8.499     8.248     6.001     0.7593      0.8549      0.8480      0.7583
581     D         E          111           PHE           95.94           588    547    264     8.499     8.248     6.001     0.7533      0.8488      0.8417      0.7497
582     D         E          112           CYS           95.54           588    547    260     8.499     8.248     5.959     0.7062      0.8031      0.7941      0.6793
583     D         E          113           ALA           94.42           588    547    260     8.499     8.248     5.959     0.7037      0.7994      0.7903      0.6747
584     D         E          114           TYR           92.44           588    547    256     8.499     8.248     5.917     0.7049      0.8085      0.7997      0.6842
585     D         E          115           ARG           87.86           588    547    247     8.499     8.248     5.819     0.6305      0.7399      0.7288      0.5843
586     D         E          116           SER           80.24           588    547    242     8.499     8.248     5.764     0.5501      0.6544      0.6417      0.4810
587     D         E          117           ALA           71.92           588    547    192     8.499     8.248     5.162     0.4610      0.5946      0.5810      0.3676
588     D         E          118           LEU           66.09           588    547     89     8.499     8.248     3.406     0.3330      0.5728      0.5586      0.1873
589     D         E          119           SER           66.57           588    547     42     8.499     8.248     1.920     0.2372      0.5256      0.5110      0.0562
590     D         E          120           TYR           61.70           588    547     49     8.499     8.248     2.217     0.2515      0.5403      0.5259      0.0789
591     D         E          121           ASN           67.70           588    547     39     8.499     8.248     1.777     0.2252      0.5399      0.5254      0.0523
592     D         E          122           ASP           74.85           588    547     53     8.499     8.248     2.369     0.2612      0.5578      0.5435      0.0959
593     D         E          123           MET           86.12           588    547    164     8.499     8.248     4.774     0.4531      0.6352      0.6224      0.3804
594     D         E          124           ARG           91.01           588    547    246     8.499     8.248     5.808     0.6269      0.7402      0.7294      0.5863
595     D         E          125           PHE           93.14           588    547    255     8.499     8.248     5.906     0.6977      0.8038      0.7950      0.6782
596     D         E          126           GLY           93.22           588    547    248     8.499     8.248     5.830     0.6441      0.7532      0.7425      0.6020
597     D         E          127           ALA           93.28           588    547    248     8.499     8.248     5.830     0.6342      0.7399      0.7288      0.5827
598     D         E          128           GLY           94.29           588    547    248     8.499     8.248     5.830     0.6203      0.7244      0.7128      0.5625
599     D         E          129           THR           95.54           588    547    261     8.499     8.248     5.970     0.7161      0.8128      0.8041      0.6924
600     D         E          130           ARG           95.18           588    547    261     8.499     8.248     5.970     0.7238      0.8209      0.8124      0.7033
601     D         E          131           LEU           95.76           588    547    261     8.499     8.248     5.970     0.7300      0.8281      0.8200      0.7139
602     D         E          132           THR           94.29           588    547    261     8.499     8.248     5.970     0.7082      0.8027      0.7935      0.6764
603     D         E          133           VAL           94.54           588    547    261     8.499     8.248     5.970     0.7078      0.8009      0.7916      0.6736
604     D         E          134           LYS           93.93           588    547    260     8.499     8.248     5.959     0.6576      0.7448      0.7337      0.5966
605     D         E          135           PRO           93.05           588    547    253     8.499     8.248     5.884     0.5814      0.6657      0.6527      0.4952
606     D         E          136           ASN           91.14           588    547    245     8.499     8.248     5.797     0.5072      0.5851      0.5710      0.4036
607     D         E          137           ILE           89.32           588    547    230     8.499     8.248     5.629     0.4720      0.5511      0.5366      0.3565
608     D         E          138           GLN           85.63           588    547     68     8.499     8.248     2.858     0.3363      0.5181      0.5035      0.1132
609     D         E          139           ASN           88.23           588    547     69     8.499     8.248     2.887     0.3307      0.5284      0.5140      0.1218
610     D         E          140           PRO           88.80           588    547    151     8.499     8.248     4.577     0.4312      0.5632      0.5491      0.2866
611     D         E          141           ASP           90.88           588    547    197     8.499     8.248     5.227     0.4852      0.5911      0.5773      0.3680
612     D         E          142           PRO           90.54           588    547    256     8.499     8.248     5.917     0.5566      0.6263      0.6132      0.4629
613     D         E          143           ALA           90.84           588    547    257     8.499     8.248     5.927     0.5604      0.6304      0.6174      0.4690
614     D         E          144           VAL           91.14           588    547    265     8.499     8.248     6.012     0.6607      0.7357      0.7248      0.5974
615     D         E          145           TYR           91.42           588    547    264     8.499     8.248     6.001     0.6583      0.7342      0.7232      0.5949
616     D         E          146           GLN           89.07           588    547    263     8.499     8.248     5.991     0.6251      0.6976      0.6860      0.5526
617     D         E          147           LEU           87.86           588    547    245     8.499     8.248     5.797     0.5735      0.6570      0.6446      0.4920
618     D         E          148           ARG           83.15           588    547     92     8.499     8.248     3.475     0.3651      0.6024      0.5888      0.2231
619     D         E          149           ASP           75.47           588    547     30     8.499     8.248     1.258     0.2170      0.5661      0.5517      0.0305
620     D         E          150           SER           67.72           588    547     13     8.499     8.248     1.000     0.1868      0.5360      0.5213      0.0164
621     D         E          151           LYS           72.72           588    547     14     8.499     8.248     1.000     0.1948      0.5323      0.5178      0.0166
622     D         E          152           SER           66.57           588    547      6     8.499     8.248     1.000     0.1676      0.4878      0.4729      0.0132
623     D         E          153           SER           72.52           588    547      8     8.499     8.248     1.000     0.1928      0.4976      0.4828      0.0139
624     D         E          154           ASP           79.41           588    547     23     8.499     8.248     1.000     0.2451      0.5177      0.5030      0.0155
625     D         E          155           LYS           84.59           588    547    144     8.499     8.248     4.465     0.4115      0.5814      0.5674      0.2891
626     D         E          156           SER           86.39           588    547    200     8.499     8.248     5.266     0.5041      0.6245      0.6113      0.4074
627     D         E          157           VAL           90.88           588    547    261     8.499     8.248     5.970     0.6271      0.7066      0.6951      0.5599
628     D         E          158           CYS           91.01           588    547    264     8.499     8.248     6.001     0.6729      0.7530      0.7427      0.6200
629     D         E          159           LEU           92.52           588    547    266     8.499     8.248     6.022     0.7041      0.7836      0.7741      0.6596
630     D         E          160           PHE           92.48           588    547    266     8.499     8.248     6.022     0.6898      0.7683      0.7583      0.6393
631     D         E          161           THR           91.66           588    547    257     8.499     8.248     5.927     0.5701      0.6442      0.6315      0.4848
632     D         E          162           ASP           88.80           588    547    216     8.499     8.248     5.464     0.5025      0.6000      0.5865      0.3985
633     D         E          163           PHE           90.44           588    547    256     8.499     8.248     5.917     0.5519      0.6242      0.6110      0.4594
634     D         E          164           ASP           88.63           588    547    178     8.499     8.248     4.974     0.4487      0.5586      0.5443      0.3126
635     D         E          165           SER           87.56           588    547    196     8.499     8.248     5.214     0.4589      0.5562      0.5418      0.3287
636     D         E          166           GLN           85.86           588    547    192     8.499     8.248     5.162     0.4532      0.5528      0.5384      0.3208
637     D         E          167           THR           85.58           588    547    207     8.499     8.248     5.354     0.4656      0.5588      0.5444      0.3416
638     D         E          168           ASN           85.65           588    547    215     8.499     8.248     5.452     0.4709      0.5632      0.5489      0.3545
639     D         E          169           VAL           85.84           588    547    216     8.499     8.248     5.464     0.4743      0.5644      0.5501      0.3569
640     D         E          170           SER           83.44           588    547    135     8.499     8.248     4.316     0.3952      0.5386      0.5241      0.2401
641     D         E          171           GLN           83.21           588    547    144     8.499     8.248     4.465     0.4014      0.5386      0.5241      0.2526
642     D         E          172           SER           81.84           588    547    101     8.499     8.248     3.673     0.3616      0.5357      0.5212      0.1862
643     D         E          173           LYS           79.23           588    547     78     8.499     8.248     3.134     0.3346      0.5327      0.5182      0.1411
644     D         E          174           ASP           81.42           588    547    111     8.499     8.248     3.878     0.3688      0.5346      0.5202      0.2033
645     D         E          175           SER           82.74           588    547    138     8.499     8.248     4.367     0.3977      0.5521      0.5378      0.2570
646     D         E          176           ASP           86.14           588    547    166     8.499     8.248     4.803     0.4442      0.5873      0.5734      0.3256
647     D         E          177           VAL           87.27           588    547    257     8.499     8.248     5.927     0.5943      0.6735      0.6612      0.5163
648     D         E          178           TYR           90.05           588    547    261     8.499     8.248     5.970     0.6389      0.7219      0.7105      0.5756
649     D         E          179           ILE           90.14           588    547    261     8.499     8.248     5.970     0.6659      0.7514      0.7408      0.6119
650     D         E          180           THR           90.27           588    547    258     8.499     8.248     5.938     0.6248      0.7099      0.6982      0.5572
651     D         E          181           ASP           89.67           588    547    255     8.499     8.248     5.906     0.5960      0.6821      0.6697      0.5213
652     D         E          182           LYS           90.79           588    547    257     8.499     8.248     5.927     0.5920      0.6718      0.6594      0.5126
653     D         E          183           THR           91.74           588    547    261     8.499     8.248     5.970     0.6296      0.7094      0.6976      0.5592
654     D         E          184           VAL           92.27           588    547    264     8.499     8.248     6.001     0.6641      0.7435      0.7326      0.6035
655     D         E          185           LEU           91.23           588    547    261     8.499     8.248     5.970     0.6005      0.6732      0.6608      0.5181
656     D         E          186           ASP           91.47           588    547    261     8.499     8.248     5.970     0.6038      0.6772      0.6648      0.5224
657     D         E          187           MET           90.08           588    547    261     8.499     8.248     5.970     0.5929      0.6631      0.6506      0.5079
658     D         E          188           ARG           88.16           588    547    234     8.499     8.248     5.674     0.5330      0.6185      0.6053      0.4364
659     D         E          189           SER           88.13           588    547    165     8.499     8.248     4.788     0.4491      0.5766      0.5628      0.3186
660     D         E          190           MET           87.64           588    547    161     8.499     8.248     4.729     0.4532      0.5832      0.5695      0.3207
661     D         E          191           ASP           89.16           588    547    200     8.499     8.248     5.266     0.4834      0.5821      0.5684      0.3645
662     D         E          192           PHE           91.09           588    547    260     8.499     8.248     5.959     0.5772      0.6455      0.6327      0.4871
663     D         E          193           LYS           91.69           588    547    261     8.499     8.248     5.970     0.6243      0.7000      0.6881      0.5493
664     D         E          194           SER           92.71           588    547    261     8.499     8.248     5.970     0.6020      0.6765      0.6642      0.5229
665     D         E          195           ASN           93.02           588    547    264     8.499     8.248     6.001     0.6675      0.7485      0.7379      0.6117
666     D         E          196           SER           92.99           588    547    259     8.499     8.248     5.949     0.6169      0.6974      0.6857      0.5470
667     D         E          197           ALA           92.83           588    547    264     8.499     8.248     6.001     0.6851      0.7677      0.7577      0.6374
668     D         E          198           VAL           93.12           588    547    264     8.499     8.248     6.001     0.6919      0.7743      0.7644      0.6458
669     D         E          199           ALA           91.92           588    547    265     8.499     8.248     6.012     0.6911      0.7717      0.7618      0.6435
670     D         E          200           TRP           91.99           588    547    264     8.499     8.248     6.001     0.6826      0.7642      0.7541      0.6327
671     D         E          201           SER           88.84           588    547    248     8.499     8.248     5.830     0.5744      0.6587      0.6462      0.4938
672     D         E          202           ASN           85.65           588    547    167     8.499     8.248     4.818     0.4483      0.5900      0.5761      0.3293
673     D         E          203           LYS           81.65           588    547    133     8.499     8.248     4.282     0.3923      0.5435      0.5291      0.2417
674     D         E          204           SER           79.55           588    547     88     8.499     8.248     3.382     0.3346      0.5176      0.5029      0.1497
675     D         E          205           ASP           82.18           588    547     86     8.499     8.248     3.335     0.3349      0.5204      0.5057      0.1468
676     D         E          206           PHE           84.02           588    547    164     8.499     8.248     4.774     0.4409      0.5718      0.5576      0.3063
677     D         E          207           ALA           84.45           588    547    161     8.499     8.248     4.729     0.4385      0.5763      0.5622      0.3077
678     D         E          208           CYS           85.10           588    547    188     8.499     8.248     5.109     0.4739      0.5961      0.5823      0.3612
679     D         E          209           ALA           84.19           588    547    166     8.499     8.248     4.803     0.4486      0.5877      0.5738      0.3256
680     D         E          210           ASN           83.61           588    547    141     8.499     8.248     4.416     0.4124      0.5605      0.5461      0.2648
681     D         E          211           ALA           81.60           588    547    172     8.499     8.248     4.889     0.4447      0.5675      0.5533      0.3122
682     D         E          212           PHE           85.17           588    547    204     8.499     8.248     5.316     0.4816      0.5840      0.5700      0.3654
683     D         E          213           ASN           82.95           588    547    133     8.499     8.248     4.282     0.4053      0.5613      0.5470      0.2530
684     D         E          214           ASN           82.97           588    547    103     8.499     8.248     3.715     0.3669      0.5242      0.5094      0.1778
685     D         E          215           SER           81.22           588    547     66     8.499     8.248     2.798     0.3297      0.4924      0.4775      0.0966
686     D         E          216           ILE           80.95           588    547     52     8.499     8.248     2.332     0.3170      0.4904      0.4756      0.0686
687     D         E          217           ILE           81.94           588    547     46     8.499     8.248     2.095     0.2993      0.4849      0.4701      0.0549
688     D         E          218           PRO           81.93           588    547     50     8.499     8.248     2.256     0.3105      0.4872      0.4723      0.0636
689     D         E          219           GLU           78.68           588    547     21     8.499     8.248     1.000     0.2683      0.4891      0.4743      0.0134
690     D         E          220           ASP           83.27           588    547     38     8.499     8.248     1.726     0.2829      0.5010      0.4863      0.0415
691     D         E          221           THR           83.54           588    547     96     8.499     8.248     3.565     0.3669      0.5310      0.5165      0.1749
692     D         E          222           PHE           86.69           588    547    120     8.499     8.248     4.050     0.3937      0.5408      0.5264      0.2204
693     D         E          223           PHE           84.94           588    547    151     8.499     8.248     4.577     0.4278      0.5562      0.5419      0.2769
694     D         E          224           PRO           80.94           588    547     43     8.499     8.248     1.965     0.2946      0.5220      0.5076      0.0601
695     D         E          225           SER           74.35           588    547     15     8.499     8.248     1.000     0.2159      0.5366      0.5222      0.0176
696     D         E          226           PRO           69.40           588    547      9     8.499     8.248     1.000     0.1748      0.5213      0.5066      0.0156
697     D         E          227           GLU           62.15           588    547      4     8.499     8.248     1.000     0.1399      0.5014      0.4864      0.0139
698     D         E          228           SER           64.06           588    547      3     8.499     8.248     1.000     0.1167      0.4645      0.4497      0.0119
699     D         E          229           SER           71.66           588    547     10     8.499     8.248     1.000     0.1472      0.5271      0.5124      0.0157
700     D         E          230           CYS           76.53           588    547     32     8.499     8.248     1.388     0.2243      0.5473      0.5329      0.0349
701     D         E          231           ASP           80.89           588    547     70     8.499     8.248     2.916     0.3279      0.5913      0.5775      0.1601
702     D         E          232           VAL           83.01           588    547     97     8.499     8.248     3.587     0.3828      0.5915      0.5777      0.2204
703     D         E          233           LYS           80.77           588    547     96     8.499     8.248     3.565     0.3873      0.6013      0.5876      0.2266
704     D         E          234           LEU           81.34           588    547    101     8.499     8.248     3.673     0.4089      0.6176      0.6042      0.2506
705     D         E          235           VAL           83.39           588    547    112     8.499     8.248     3.897     0.4285      0.6194      0.6062      0.2794
706     D         E          236           GLU           80.41           588    547    105     8.499     8.248     3.757     0.4054      0.6116      0.5982      0.2550
707     D         E          237           LYS           83.20           588    547    112     8.499     8.248     3.897     0.4127      0.6055      0.5920      0.2628
708     D         E          238           SER           80.97           588    547     97     8.499     8.248     3.587     0.3930      0.6122      0.5988      0.2398
709     D         E          239           PHE           82.73           588    547    110     8.499     8.248     3.858     0.4123      0.6079      0.5944      0.2617
710     D         E          240           GLU           81.63           588    547     86     8.499     8.248     3.335     0.3583      0.6039      0.5902      0.2064
711     D         E          241           THR           82.78           588    547     94     8.499     8.248     3.521     0.3717      0.5985      0.5847      0.2183
712     D         E          242           ASP           83.11           588    547     76     8.499     8.248     3.081     0.3282      0.5596      0.5452      0.1508
713     D         E          243           THR           86.10           588    547    100     8.499     8.248     3.652     0.3663      0.5704      0.5562      0.2080
714     D         E          244           ASN           84.02           588    547     94     8.499     8.248     3.521     0.3611      0.5848      0.5708      0.2080
715     D         E          245           LEU           83.71           588    547    103     8.499     8.248     3.715     0.3718      0.5885      0.5747      0.2307
716     D         E          246           ASN           83.75           588    547    108     8.499     8.248     3.818     0.3845      0.5954      0.5815      0.2431
717     D         E          247           PHE           84.33           588    547     98     8.499     8.248     3.609     0.3639      0.5844      0.5705      0.2173
718     D         E          248           GLN           83.09           588    547     99     8.499     8.248     3.631     0.3734      0.6004      0.5867      0.2324
719     D         E          249           ASN           84.72           588    547    104     8.499     8.248     3.736     0.3770      0.5922      0.5784      0.2362
720     D         E          250           LEU           84.20           588    547    104     8.499     8.248     3.736     0.3662      0.5786      0.5648      0.2263
721     D         E          251           SER           86.83           588    547     92     8.499     8.248     3.475     0.3541      0.6000      0.5865      0.2230
722     D         E          252           VAL           86.42           588    547     89     8.499     8.248     3.406     0.3500      0.6091      0.5957      0.2234
723     D         E          253           ILE           85.85           588    547     90     8.499     8.248     3.429     0.3486      0.5970      0.5834      0.2126
724     D         E          254           GLY           83.14           588    547     84     8.499     8.248     3.286     0.3338      0.5931      0.5795      0.1982
725     D         E          255           PHE           87.00           588    547     79     8.499     8.248     3.160     0.3327      0.6206      0.6074      0.2077
726     D         E          256           ARG           85.84           588    547     84     8.499     8.248     3.286     0.3373      0.6109      0.5975      0.2112
727     D         E          257           ILE           85.74           588    547     82     8.499     8.248     3.236     0.3245      0.6021      0.5886      0.1997
728     D         E          258           LEU           86.72           588    547     73     8.499     8.248     3.000     0.3177      0.6170      0.6038      0.1894
729     D         E          259           LEU           85.53           588    547     71     8.499     8.248     2.944     0.3201      0.6433      0.6306      0.2058
730     D         E          260           LEU           86.22           588    547     72     8.499     8.248     2.972     0.3186      0.6290      0.6160      0.1962
731     D         E          261           LYS           85.59           588    547     63     8.499     8.248     2.706     0.3078      0.6423      0.6294      0.1746
732     D         E          262           VAL           85.30           588    547     61     8.499     8.248     2.643     0.3056      0.6609      0.6484      0.1841
733     D         E          263           ALA           84.35           588    547     60     8.499     8.248     2.611     0.3014      0.6578      0.6453      0.1785
734     D         E          264           GLY           85.86           588    547     56     8.499     8.248     2.476     0.2886      0.6635      0.6511      0.1669
735     D         E          265           PHE           88.77           588    547     56     8.499     8.248     2.476     0.2897      0.6624      0.6499      0.1660
736     D         E          266           ASN           86.58           588    547     57     8.499     8.248     2.510     0.2888      0.6624      0.6499      0.1707
737     D         E          267           LEU           89.23           588    547     51     8.499     8.248     2.294     0.2848      0.6766      0.6641      0.1500
738     D         E          268           LEU           87.88           588    547     52     8.499     8.248     2.332     0.2814      0.6737      0.6612      0.1546
739     D         E          269           MET           85.01           588    547     48     8.499     8.248     2.177     0.2699      0.6986      0.6865      0.1518
740     D         E          270           THR           86.32           588    547     48     8.499     8.248     2.177     0.2680      0.6753      0.6627      0.1366
741     D         E          271           LEU           86.78           588    547     48     8.499     8.248     2.177     0.2674      0.6718      0.6593      0.1350
742     D         E          272           ARG           86.85           588    547     47     8.499     8.248     2.137     0.2476      0.6511      0.6382      0.1198
743     D         E          273           LEU           81.35           588    547     43     8.499     8.248     1.965     0.2410      0.6396      0.6266      0.1002
744     D         E          274           TRP           82.40           588    547     32     8.499     8.248     1.388     0.1981      0.6015      0.5877      0.0430
745     D         E          275           SER           82.74           588    547     13     8.499     8.248     1.000     0.1425      0.5279      0.5133      0.0163
746     D         E          276           SER           68.38           588    547      0     8.499     8.248     1.000     0.0971      0.0000      0.0000      0.0000
747     E         A            1           MET           23.77           674      0      0     8.991     1.000     1.000     0.0749      0.0000      0.0000      0.0000
748     E         A            2           SER           28.77           674      0      0     8.991     1.000     1.000     0.0751      0.0000      0.0000      0.0000
749     E         A            3           ILE           31.84           674      0      0     8.991     1.000     1.000     0.0753      0.0000      0.0000      0.0000
750     E         A            4           GLY           32.60           674      0      0     8.991     1.000     1.000     0.0754      0.0000      0.0000      0.0000
751     E         A            5           LEU           30.66           674      0      0     8.991     1.000     1.000     0.0758      0.0000      0.0000      0.0000
752     E         A            6           LEU           30.07           674      0      0     8.991     1.000     1.000     0.0760      0.0000      0.0000      0.0000
753     E         A            7           CYS           27.87           674      0      0     8.991     1.000     1.000     0.0762      0.0000      0.0000      0.0000
754     E         A            8           CYS           29.73           674      0      0     8.991     1.000     1.000     0.0767      0.0000      0.0000      0.0000
755     E         A            9           ALA           30.51           674      0      0     8.991     1.000     1.000     0.0774      0.0000      0.0000      0.0000
756     E         A           10           ALA           31.26           674      0      0     8.991     1.000     1.000     0.0773      0.0000      0.0000      0.0000
757     E         A           11           LEU           26.99           674      0      0     8.991     1.000     1.000     0.0777      0.0000      0.0000      0.0000
758     E         A           12           SER           27.30           674      0      0     8.991     1.000     1.000     0.0782      0.0000      0.0000      0.0000
759     E         A           13           LEU           26.47           674      0      0     8.991     1.000     1.000     0.0784      0.0000      0.0000      0.0000
760     E         A           14           LEU           26.55           674      0      0     8.991     1.000     1.000     0.0784      0.0000      0.0000      0.0000
761     E         A           15           TRP           28.28           674      0      0     8.991     1.000     1.000     0.0788      0.0000      0.0000      0.0000
762     E         A           16           ALA           31.09           674      0      0     8.991     1.000     1.000     0.0794      0.0000      0.0000      0.0000
763     E         A           17           GLY           31.82           674      0      0     8.991     1.000     1.000     0.0796      0.0000      0.0000      0.0000
764     E         A           18           PRO           31.74           674      0      0     8.991     1.000     1.000     0.0810      0.0000      0.0000      0.0000
765     E         A           19           VAL           36.06           674      0      0     8.991     1.000     1.000     0.0823      0.0000      0.0000      0.0000
766     E         A           20           ASN           44.37           674      0      0     8.991     1.000     1.000     0.0843      0.0000      0.0000      0.0000
767     E         A           21           ALA           56.03           674      0      0     8.991     1.000     1.000     0.0897      0.0000      0.0000      0.0000
768     E         A           22           GLY           84.31           674      0      0     8.991     1.000     1.000     0.1148      0.0000      0.0000      0.0000
769     E         A           23           VAL           93.63           674      0      0     8.991     1.000     1.000     0.1984      0.0000      0.0000      0.0000
770     E         A           24           THR           94.72           674      0      0     8.991     1.000     1.000     0.2153      0.0000      0.0000      0.0000
771     E         A           25           GLN           94.98           674      0      0     8.991     1.000     1.000     0.2110      0.0000      0.0000      0.0000
772     E         A           26           THR           93.81           674      0      0     8.991     1.000     1.000     0.2040      0.0000      0.0000      0.0000
773     E         A           27           PRO           93.99           674      0      0     8.991     1.000     1.000     0.1957      0.0000      0.0000      0.0000
774     E         A           28           LYS           93.80           674      0      0     8.991     1.000     1.000     0.2006      0.0000      0.0000      0.0000
775     E         A           29           PHE           95.02           674      0      0     8.991     1.000     1.000     0.2010      0.0000      0.0000      0.0000
776     E         A           30           GLN           95.29           674      0      0     8.991     1.000     1.000     0.2013      0.0000      0.0000      0.0000
777     E         A           31           VAL           94.38           674      0      0     8.991     1.000     1.000     0.2040      0.0000      0.0000      0.0000
778     E         A           32           LEU           93.33           674      0      0     8.991     1.000     1.000     0.1983      0.0000      0.0000      0.0000
779     E         A           33           LYS           92.79           674      0      0     8.991     1.000     1.000     0.1972      0.0000      0.0000      0.0000
780     E         A           34           THR           93.25           674      0      0     8.991     1.000     1.000     0.1930      0.0000      0.0000      0.0000
781     E         A           35           GLY           92.99           674      0      0     8.991     1.000     1.000     0.1803      0.0000      0.0000      0.0000
782     E         A           36           GLN           91.47           674      0      0     8.991     1.000     1.000     0.1876      0.0000      0.0000      0.0000
783     E         A           37           SER           92.67           674      0      0     8.991     1.000     1.000     0.1911      0.0000      0.0000      0.0000
784     E         A           38           MET           93.81           674      0      0     8.991     1.000     1.000     0.1896      0.0000      0.0000      0.0000
785     E         A           39           THR           95.25           674      0      0     8.991     1.000     1.000     0.2106      0.0000      0.0000      0.0000
786     E         A           40           LEU           95.75           674      0      0     8.991     1.000     1.000     0.2145      0.0000      0.0000      0.0000
787     E         A           41           GLN           95.57           674      0      0     8.991     1.000     1.000     0.2180      0.0000      0.0000      0.0000
788     E         A           42           CYS           95.82           674      0      0     8.991     1.000     1.000     0.2117      0.0000      0.0000      0.0000
789     E         A           43           ALA           95.29           674      0      0     8.991     1.000     1.000     0.2173      0.0000      0.0000      0.0000
790     E         A           44           GLN           94.03           674      0      0     8.991     1.000     1.000     0.2046      0.0000      0.0000      0.0000
791     E         A           45           ASP           90.12           674      0      0     8.991     1.000     1.000     0.2081      0.0000      0.0000      0.0000
792     E         A           46           MET           87.54           674      0      0     8.991     1.000     1.000     0.2036      0.0000      0.0000      0.0000
793     E         A           47           ASN           84.78           674      0      0     8.991     1.000     1.000     0.2070      0.0000      0.0000      0.0000
794     E         A           48           HIS           87.03           674      0      0     8.991     1.000     1.000     0.2142      0.0000      0.0000      0.0000
795     E         A           49           GLU           83.70           674      0      0     8.991     1.000     1.000     0.2115      0.0000      0.0000      0.0000
796     E         A           50           TYR           87.64           674      0      0     8.991     1.000     1.000     0.2221      0.0000      0.0000      0.0000
797     E         A           51           MET           91.82           674      0      0     8.991     1.000     1.000     0.2177      0.0000      0.0000      0.0000
798     E         A           52           SER           93.41           674      0      0     8.991     1.000     1.000     0.2179      0.0000      0.0000      0.0000
799     E         A           53           TRP           95.41           674      0      0     8.991     1.000     1.000     0.2183      0.0000      0.0000      0.0000
800     E         A           54           TYR           95.37           674      0      0     8.991     1.000     1.000     0.2227      0.0000      0.0000      0.0000
801     E         A           55           ARG           95.35           674      0      0     8.991     1.000     1.000     0.2132      0.0000      0.0000      0.0000
802     E         A           56           GLN           94.91           674      0      0     8.991     1.000     1.000     0.2040      0.0000      0.0000      0.0000
803     E         A           57           ASP           92.74           674      0      0     8.991     1.000     1.000     0.1937      0.0000      0.0000      0.0000
804     E         A           58           PRO           87.88           674      0      0     8.991     1.000     1.000     0.1666      0.0000      0.0000      0.0000
805     E         A           59           GLY           83.49           674      0      0     8.991     1.000     1.000     0.1525      0.0000      0.0000      0.0000
806     E         A           60           MET           86.11           674      0      0     8.991     1.000     1.000     0.1538      0.0000      0.0000      0.0000
807     E         A           61           GLY           86.34           674      0      0     8.991     1.000     1.000     0.1620      0.0000      0.0000      0.0000
808     E         A           62           LEU           92.17           674      0      0     8.991     1.000     1.000     0.1919      0.0000      0.0000      0.0000
809     E         A           63           ARG           93.54           674      0      0     8.991     1.000     1.000     0.2169      0.0000      0.0000      0.0000
810     E         A           64           LEU           92.70           674      0      0     8.991     1.000     1.000     0.2161      0.0000      0.0000      0.0000
811     E         A           65           ILE           94.18           674      0      0     8.991     1.000     1.000     0.2148      0.0000      0.0000      0.0000
812     E         A           66           HIS           93.35           674      0      0     8.991     1.000     1.000     0.2086      0.0000      0.0000      0.0000
813     E         A           67           TYR           90.37           674      0      0     8.991     1.000     1.000     0.2054      0.0000      0.0000      0.0000
814     E         A           68           SER           89.20           674      0      0     8.991     1.000     1.000     0.2098      0.0000      0.0000      0.0000
815     E         A           69           VAL           79.75           674      0      0     8.991     1.000     1.000     0.2092      0.0000      0.0000      0.0000
816     E         A           70           GLY           80.57           674      0      0     8.991     1.000     1.000     0.1995      0.0000      0.0000      0.0000
817     E         A           71           ALA           81.03           674      0      0     8.991     1.000     1.000     0.1951      0.0000      0.0000      0.0000
818     E         A           72           GLY           79.22           674      0      0     8.991     1.000     1.000     0.1915      0.0000      0.0000      0.0000
819     E         A           73           ILE           79.82           674      0      0     8.991     1.000     1.000     0.2004      0.0000      0.0000      0.0000
820     E         A           74           THR           84.83           674      0      0     8.991     1.000     1.000     0.2047      0.0000      0.0000      0.0000
821     E         A           75           ASP           84.64           674      0      0     8.991     1.000     1.000     0.1984      0.0000      0.0000      0.0000
822     E         A           76           GLN           87.65           674      0      0     8.991     1.000     1.000     0.1987      0.0000      0.0000      0.0000
823     E         A           77           GLY           87.17           674      0      0     8.991     1.000     1.000     0.1954      0.0000      0.0000      0.0000
824     E         A           78           GLU           87.92           674      0      0     8.991     1.000     1.000     0.1975      0.0000      0.0000      0.0000
825     E         A           79           VAL           91.18           674      0      0     8.991     1.000     1.000     0.1964      0.0000      0.0000      0.0000
826     E         A           80           PRO           91.18           674      0      0     8.991     1.000     1.000     0.1878      0.0000      0.0000      0.0000
827     E         A           81           ASN           91.45           674      0      0     8.991     1.000     1.000     0.1846      0.0000      0.0000      0.0000
828     E         A           82           GLY           92.30           674      0      0     8.991     1.000     1.000     0.1875      0.0000      0.0000      0.0000
829     E         A           83           TYR           94.94           674      0      0     8.991     1.000     1.000     0.1992      0.0000      0.0000      0.0000
830     E         A           84           ASN           94.31           674      0      0     8.991     1.000     1.000     0.2000      0.0000      0.0000      0.0000
831     E         A           85           VAL           93.36           674      0      0     8.991     1.000     1.000     0.1931      0.0000      0.0000      0.0000
832     E         A           86           SER           91.01           674      0      0     8.991     1.000     1.000     0.1922      0.0000      0.0000      0.0000
833     E         A           87           ARG           91.08           674      0      0     8.991     1.000     1.000     0.1925      0.0000      0.0000      0.0000
834     E         A           88           SER           89.01           674      0      0     8.991     1.000     1.000     0.1949      0.0000      0.0000      0.0000
835     E         A           89           THR           88.30           674      0      0     8.991     1.000     1.000     0.2023      0.0000      0.0000      0.0000
836     E         A           90           THR           88.14           674      0      0     8.991     1.000     1.000     0.2057      0.0000      0.0000      0.0000
837     E         A           91           GLU           91.72           674      0      0     8.991     1.000     1.000     0.2156      0.0000      0.0000      0.0000
838     E         A           92           ASP           94.33           674      0      0     8.991     1.000     1.000     0.2131      0.0000      0.0000      0.0000
839     E         A           93           PHE           95.35           674      0      0     8.991     1.000     1.000     0.2066      0.0000      0.0000      0.0000
840     E         A           94           PRO           95.98           674      0      0     8.991     1.000     1.000     0.2193      0.0000      0.0000      0.0000
841     E         A           95           LEU           96.35           674      0      0     8.991     1.000     1.000     0.2141      0.0000      0.0000      0.0000
842     E         A           96           ARG           95.54           674      0      0     8.991     1.000     1.000     0.2083      0.0000      0.0000      0.0000
843     E         A           97           LEU           94.34           674      0      0     8.991     1.000     1.000     0.1964      0.0000      0.0000      0.0000
844     E         A           98           LEU           90.53           674      0      0     8.991     1.000     1.000     0.1708      0.0000      0.0000      0.0000
845     E         A           99           SER           93.99           674      0      0     8.991     1.000     1.000     0.1806      0.0000      0.0000      0.0000
846     E         A          100           ALA           94.10           674      0      0     8.991     1.000     1.000     0.1869      0.0000      0.0000      0.0000
847     E         A          101           ALA           94.74           674      0      0     8.991     1.000     1.000     0.1915      0.0000      0.0000      0.0000
848     E         A          102           PRO           93.70           674      0      0     8.991     1.000     1.000     0.1998      0.0000      0.0000      0.0000
849     E         A          103           SER           94.39           674      0      0     8.991     1.000     1.000     0.2092      0.0000      0.0000      0.0000
850     E         A          104           GLN           94.69           674      0      0     8.991     1.000     1.000     0.2058      0.0000      0.0000      0.0000
851     E         A          105           THR           94.24           674      0      0     8.991     1.000     1.000     0.2093      0.0000      0.0000      0.0000
852     E         A          106           SER           94.88           674      0      0     8.991     1.000     1.000     0.1958      0.0000      0.0000      0.0000
853     E         A          107           VAL           95.65           674      0      0     8.991     1.000     1.000     0.2088      0.0000      0.0000      0.0000
854     E         A          108           TYR           96.54           674      0      0     8.991     1.000     1.000     0.2127      0.0000      0.0000      0.0000
855     E         A          109           PHE           96.17           674      0      0     8.991     1.000     1.000     0.2112      0.0000      0.0000      0.0000
856     E         A          110           CYS           95.71           674      0      0     8.991     1.000     1.000     0.2143      0.0000      0.0000      0.0000
857     E         A          111           ALA           94.30           674      0      0     8.991     1.000     1.000     0.2181      0.0000      0.0000      0.0000
858     E         A          112           SER           92.76           674      0      0     8.991     1.000     1.000     0.2126      0.0000      0.0000      0.0000
859     E         A          113           GLN           88.20           674      0      0     8.991     1.000     1.000     0.2062      0.0000      0.0000      0.0000
860     E         A          114           LYS           81.61           674      0      0     8.991     1.000     1.000     0.1977      0.0000      0.0000      0.0000
861     E         A          115           SER           75.75           674      0      0     8.991     1.000     1.000     0.1891      0.0000      0.0000      0.0000
862     E         A          116           GLY           65.16           674      0      0     8.991     1.000     1.000     0.1760      0.0000      0.0000      0.0000
863     E         A          117           SER           68.06           674      0      0     8.991     1.000     1.000     0.1762      0.0000      0.0000      0.0000
864     E         A          118           SER           69.94           674      0      0     8.991     1.000     1.000     0.1810      0.0000      0.0000      0.0000
865     E         A          119           TYR           75.27           674      0      0     8.991     1.000     1.000     0.1816      0.0000      0.0000      0.0000
866     E         A          120           ASN           79.30           674      0      0     8.991     1.000     1.000     0.1844      0.0000      0.0000      0.0000
867     E         A          121           GLU           85.83           674      0      0     8.991     1.000     1.000     0.2036      0.0000      0.0000      0.0000
868     E         A          122           GLN           90.54           674      0      0     8.991     1.000     1.000     0.2093      0.0000      0.0000      0.0000
869     E         A          123           PHE           93.53           674      0      0     8.991     1.000     1.000     0.2080      0.0000      0.0000      0.0000
870     E         A          124           PHE           94.65           674      0      0     8.991     1.000     1.000     0.2155      0.0000      0.0000      0.0000
871     E         A          125           GLY           94.39           674      0      0     8.991     1.000     1.000     0.2099      0.0000      0.0000      0.0000
872     E         A          126           PRO           93.87           674      0      0     8.991     1.000     1.000     0.2131      0.0000      0.0000      0.0000
873     E         A          127           GLY           94.66           674      0      0     8.991     1.000     1.000     0.1966      0.0000      0.0000      0.0000
874     E         A          128           THR           95.65           674      0      0     8.991     1.000     1.000     0.2070      0.0000      0.0000      0.0000
875     E         A          129           ARG           95.49           674      0      0     8.991     1.000     1.000     0.2025      0.0000      0.0000      0.0000
876     E         A          130           LEU           95.73           674      0      0     8.991     1.000     1.000     0.2044      0.0000      0.0000      0.0000
877     E         A          131           THR           94.51           674      0      0     8.991     1.000     1.000     0.2060      0.0000      0.0000      0.0000
878     E         A          132           VAL           94.79           674      0      0     8.991     1.000     1.000     0.2073      0.0000      0.0000      0.0000
879     E         A          133           LEU           93.39           674      0      0     8.991     1.000     1.000     0.1959      0.0000      0.0000      0.0000
880     E         A          134           GLU           91.90           674      0      0     8.991     1.000     1.000     0.1800      0.0000      0.0000      0.0000
881     E         A          135           ASP           90.50           674      0      0     8.991     1.000     1.000     0.1628      0.0000      0.0000      0.0000
882     E         A          136           LEU           91.27           674      0      0     8.991     1.000     1.000     0.1765      0.0000      0.0000      0.0000
883     E         A          137           LYS           91.59           674      0      0     8.991     1.000     1.000     0.1710      0.0000      0.0000      0.0000
884     E         A          138           ASN           91.36           674      0      0     8.991     1.000     1.000     0.1672      0.0000      0.0000      0.0000
885     E         A          139           VAL           93.51           674      0      0     8.991     1.000     1.000     0.1902      0.0000      0.0000      0.0000
886     E         A          140           PHE           94.72           674      0      0     8.991     1.000     1.000     0.1931      0.0000      0.0000      0.0000
887     E         A          141           PRO           94.53           674      0      0     8.991     1.000     1.000     0.1861      0.0000      0.0000      0.0000
888     E         A          142           PRO           95.27           674      0      0     8.991     1.000     1.000     0.1846      0.0000      0.0000      0.0000
889     E         A          143           GLU           93.90           674      0      0     8.991     1.000     1.000     0.1883      0.0000      0.0000      0.0000
890     E         A          144           VAL           94.04           674      0      0     8.991     1.000     1.000     0.1901      0.0000      0.0000      0.0000
891     E         A          145           ALA           93.70           674      0      0     8.991     1.000     1.000     0.1859      0.0000      0.0000      0.0000
892     E         A          146           VAL           94.08           674      0      0     8.991     1.000     1.000     0.1911      0.0000      0.0000      0.0000
893     E         A          147           PHE           94.15           674      0      0     8.991     1.000     1.000     0.1979      0.0000      0.0000      0.0000
894     E         A          148           GLU           92.42           674      0      0     8.991     1.000     1.000     0.1838      0.0000      0.0000      0.0000
895     E         A          149           PRO           92.61           674      0      0     8.991     1.000     1.000     0.1807      0.0000      0.0000      0.0000
896     E         A          150           SER           89.95           674      0      0     8.991     1.000     1.000     0.1659      0.0000      0.0000      0.0000
897     E         A          151           GLU           88.39           674      0      0     8.991     1.000     1.000     0.1670      0.0000      0.0000      0.0000
898     E         A          152           ALA           88.71           674      0      0     8.991     1.000     1.000     0.1742      0.0000      0.0000      0.0000
899     E         A          153           GLU           90.80           674      0      0     8.991     1.000     1.000     0.1873      0.0000      0.0000      0.0000
900     E         A          154           ILE           89.80           674      0      0     8.991     1.000     1.000     0.1857      0.0000      0.0000      0.0000
901     E         A          155           SER           88.54           674      0      0     8.991     1.000     1.000     0.1676      0.0000      0.0000      0.0000
902     E         A          156           HIS           88.30           674      0      0     8.991     1.000     1.000     0.1635      0.0000      0.0000      0.0000
903     E         A          157           THR           88.92           674      0      0     8.991     1.000     1.000     0.1587      0.0000      0.0000      0.0000
904     E         A          158           GLN           90.23           674      0      0     8.991     1.000     1.000     0.1654      0.0000      0.0000      0.0000
905     E         A          159           LYS           91.89           674      0      0     8.991     1.000     1.000     0.1785      0.0000      0.0000      0.0000
906     E         A          160           ALA           93.12           674      0      0     8.991     1.000     1.000     0.1854      0.0000      0.0000      0.0000
907     E         A          161           THR           94.18           674      0      0     8.991     1.000     1.000     0.1938      0.0000      0.0000      0.0000
908     E         A          162           LEU           94.56           674      0      0     8.991     1.000     1.000     0.2000      0.0000      0.0000      0.0000
909     E         A          163           VAL           95.21           674      0      0     8.991     1.000     1.000     0.2012      0.0000      0.0000      0.0000
910     E         A          164           CYS           95.09           674      0      0     8.991     1.000     1.000     0.1929      0.0000      0.0000      0.0000
911     E         A          165           LEU           94.53           674      0      0     8.991     1.000     1.000     0.1993      0.0000      0.0000      0.0000
912     E         A          166           ALA           94.89           674      0      0     8.991     1.000     1.000     0.1958      0.0000      0.0000      0.0000
913     E         A          167           THR           93.70           674      0      0     8.991     1.000     1.000     0.1858      0.0000      0.0000      0.0000
914     E         A          168           GLY           93.27           674      0      0     8.991     1.000     1.000     0.1792      0.0000      0.0000      0.0000
915     E         A          169           PHE           95.20           674      0      0     8.991     1.000     1.000     0.1944      0.0000      0.0000      0.0000
916     E         A          170           TYR           95.04           674      0      0     8.991     1.000     1.000     0.1926      0.0000      0.0000      0.0000
917     E         A          171           PRO           94.21           674      0      0     8.991     1.000     1.000     0.1798      0.0000      0.0000      0.0000
918     E         A          172           ASP           93.27           674      0      0     8.991     1.000     1.000     0.1732      0.0000      0.0000      0.0000
919     E         A          173           HIS           94.52           674      0      0     8.991     1.000     1.000     0.1816      0.0000      0.0000      0.0000
920     E         A          174           VAL           95.11           674      0      0     8.991     1.000     1.000     0.1917      0.0000      0.0000      0.0000
921     E         A          175           GLU           95.34           674      0      0     8.991     1.000     1.000     0.1909      0.0000      0.0000      0.0000
922     E         A          176           LEU           95.43           674      0      0     8.991     1.000     1.000     0.1929      0.0000      0.0000      0.0000
923     E         A          177           SER           95.83           674      0      0     8.991     1.000     1.000     0.1861      0.0000      0.0000      0.0000
924     E         A          178           TRP           96.27           674      0      0     8.991     1.000     1.000     0.1955      0.0000      0.0000      0.0000
925     E         A          179           TRP           96.34           674      0      0     8.991     1.000     1.000     0.1861      0.0000      0.0000      0.0000
926     E         A          180           VAL           95.32           674      0      0     8.991     1.000     1.000     0.1782      0.0000      0.0000      0.0000
927     E         A          181           ASN           93.99           674      0      0     8.991     1.000     1.000     0.1630      0.0000      0.0000      0.0000
928     E         A          182           GLY           93.26           674      0      0     8.991     1.000     1.000     0.1535      0.0000      0.0000      0.0000
929     E         A          183           LYS           95.05           674      0      0     8.991     1.000     1.000     0.1638      0.0000      0.0000      0.0000
930     E         A          184           GLU           95.65           674      0      0     8.991     1.000     1.000     0.1818      0.0000      0.0000      0.0000
931     E         A          185           VAL           95.04           674      0      0     8.991     1.000     1.000     0.1799      0.0000      0.0000      0.0000
932     E         A          186           HIS           92.55           674      0      0     8.991     1.000     1.000     0.1764      0.0000      0.0000      0.0000
933     E         A          187           SER           91.76           674      0      0     8.991     1.000     1.000     0.1672      0.0000      0.0000      0.0000
934     E         A          188           GLY           92.65           674      0      0     8.991     1.000     1.000     0.1582      0.0000      0.0000      0.0000
935     E         A          189           VAL           94.51           674      0      0     8.991     1.000     1.000     0.1771      0.0000      0.0000      0.0000
936     E         A          190           SER           94.39           674      0      0     8.991     1.000     1.000     0.1780      0.0000      0.0000      0.0000
937     E         A          191           THR           93.67           674      0      0     8.991     1.000     1.000     0.1889      0.0000      0.0000      0.0000
938     E         A          192           ASP           93.13           674      0      0     8.991     1.000     1.000     0.1889      0.0000      0.0000      0.0000
939     E         A          193           PRO           90.45           674      0      0     8.991     1.000     1.000     0.1741      0.0000      0.0000      0.0000
940     E         A          194           GLN           90.43           674      0      0     8.991     1.000     1.000     0.1716      0.0000      0.0000      0.0000
941     E         A          195           PRO           92.79           674      0      0     8.991     1.000     1.000     0.1806      0.0000      0.0000      0.0000
942     E         A          196           LEU           92.07           674      0      0     8.991     1.000     1.000     0.1778      0.0000      0.0000      0.0000
943     E         A          197           LYS           90.90           674      0      0     8.991     1.000     1.000     0.1802      0.0000      0.0000      0.0000
944     E         A          198           GLU           89.51           674      0      0     8.991     1.000     1.000     0.1698      0.0000      0.0000      0.0000
945     E         A          199           GLN           87.83           674      0      0     8.991     1.000     1.000     0.1471      0.0000      0.0000      0.0000
946     E         A          200           PRO           85.06           674      0      0     8.991     1.000     1.000     0.1348      0.0000      0.0000      0.0000
947     E         A          201           ALA           84.99           674      0      0     8.991     1.000     1.000     0.1255      0.0000      0.0000      0.0000
948     E         A          202           LEU           85.20           674      0      0     8.991     1.000     1.000     0.1226      0.0000      0.0000      0.0000
949     E         A          203           ASN           83.09           674      0      0     8.991     1.000     1.000     0.1223      0.0000      0.0000      0.0000
950     E         A          204           ASP           86.10           674      0      0     8.991     1.000     1.000     0.1207      0.0000      0.0000      0.0000
951     E         A          205           SER           90.01           674      0      0     8.991     1.000     1.000     0.1458      0.0000      0.0000      0.0000
952     E         A          206           ARG           93.29           674      0      0     8.991     1.000     1.000     0.1872      0.0000      0.0000      0.0000
953     E         A          207           TYR           94.59           674      0      0     8.991     1.000     1.000     0.1937      0.0000      0.0000      0.0000
954     E         A          208           CYS           94.55           674      0      0     8.991     1.000     1.000     0.1933      0.0000      0.0000      0.0000
955     E         A          209           LEU           95.29           674      0      0     8.991     1.000     1.000     0.1936      0.0000      0.0000      0.0000
956     E         A          210           SER           95.35           674      0      0     8.991     1.000     1.000     0.1908      0.0000      0.0000      0.0000
957     E         A          211           SER           95.73           674      0      0     8.991     1.000     1.000     0.1904      0.0000      0.0000      0.0000
958     E         A          212           ARG           95.26           674      0      0     8.991     1.000     1.000     0.1899      0.0000      0.0000      0.0000
959     E         A          213           LEU           95.47           674      0      0     8.991     1.000     1.000     0.1979      0.0000      0.0000      0.0000
960     E         A          214           ARG           95.01           674      0      0     8.991     1.000     1.000     0.1874      0.0000      0.0000      0.0000
961     E         A          215           VAL           94.19           674      0      0     8.991     1.000     1.000     0.1811      0.0000      0.0000      0.0000
962     E         A          216           SER           92.73           674      0      0     8.991     1.000     1.000     0.1712      0.0000      0.0000      0.0000
963     E         A          217           ALA           91.16           674      0      0     8.991     1.000     1.000     0.1740      0.0000      0.0000      0.0000
964     E         A          218           THR           90.71           674      0      0     8.991     1.000     1.000     0.1684      0.0000      0.0000      0.0000
965     E         A          219           PHE           92.77           674      0      0     8.991     1.000     1.000     0.1809      0.0000      0.0000      0.0000
966     E         A          220           TRP           92.64           674      0      0     8.991     1.000     1.000     0.1952      0.0000      0.0000      0.0000
967     E         A          221           GLN           89.78           674      0      0     8.991     1.000     1.000     0.1801      0.0000      0.0000      0.0000
968     E         A          222           ASN           90.56           674      0      0     8.991     1.000     1.000     0.1677      0.0000      0.0000      0.0000
969     E         A          223           PRO           89.19           674      0      0     8.991     1.000     1.000     0.1605      0.0000      0.0000      0.0000
970     E         A          224           ARG           89.15           674      0      0     8.991     1.000     1.000     0.1551      0.0000      0.0000      0.0000
971     E         A          225           ASN           92.49           674      0      0     8.991     1.000     1.000     0.1676      0.0000      0.0000      0.0000
972     E         A          226           HIS           94.31           674      0      0     8.991     1.000     1.000     0.1799      0.0000      0.0000      0.0000
973     E         A          227           PHE           95.22           674      0      0     8.991     1.000     1.000     0.1900      0.0000      0.0000      0.0000
974     E         A          228           ARG           95.62           674      0      0     8.991     1.000     1.000     0.1862      0.0000      0.0000      0.0000
975     E         A          229           CYS           95.29           674      0      0     8.991     1.000     1.000     0.1888      0.0000      0.0000      0.0000
976     E         A          230           GLN           96.32           674      0      0     8.991     1.000     1.000     0.1874      0.0000      0.0000      0.0000
977     E         A          231           VAL           96.04           674      0      0     8.991     1.000     1.000     0.1989      0.0000      0.0000      0.0000
978     E         A          232           GLN           96.47           674      0      0     8.991     1.000     1.000     0.1939      0.0000      0.0000      0.0000
979     E         A          233           PHE           95.95           674      0      0     8.991     1.000     1.000     0.2040      0.0000      0.0000      0.0000
980     E         A          234           TYR           95.02           674      0      0     8.991     1.000     1.000     0.1950      0.0000      0.0000      0.0000
981     E         A          235           GLY           92.57           674      0      0     8.991     1.000     1.000     0.1688      0.0000      0.0000      0.0000
982     E         A          236           LEU           92.07           674      0      0     8.991     1.000     1.000     0.1716      0.0000      0.0000      0.0000
983     E         A          237           SER           89.40           674      0      0     8.991     1.000     1.000     0.1432      0.0000      0.0000      0.0000
984     E         A          238           GLU           86.84           674      0      0     8.991     1.000     1.000     0.1328      0.0000      0.0000      0.0000
985     E         A          239           ASN           86.11           674      0      0     8.991     1.000     1.000     0.1297      0.0000      0.0000      0.0000
986     E         A          240           ASP           86.94           674      0      0     8.991     1.000     1.000     0.1383      0.0000      0.0000      0.0000
987     E         A          241           GLU           86.44           674      0      0     8.991     1.000     1.000     0.1331      0.0000      0.0000      0.0000
988     E         A          242           TRP           89.23           674      0      0     8.991     1.000     1.000     0.1472      0.0000      0.0000      0.0000
989     E         A          243           THR           88.11           674      0      0     8.991     1.000     1.000     0.1254      0.0000      0.0000      0.0000
990     E         A          244           GLN           88.23           674      0      0     8.991     1.000     1.000     0.1279      0.0000      0.0000      0.0000
991     E         A          245           ASP           90.42           674      0      0     8.991     1.000     1.000     0.1264      0.0000      0.0000      0.0000
992     E         A          246           ARG           90.09           674      0      0     8.991     1.000     1.000     0.1416      0.0000      0.0000      0.0000
993     E         A          247           ALA           91.18           674      0      0     8.991     1.000     1.000     0.1528      0.0000      0.0000      0.0000
994     E         A          248           LYS           92.04           674      0      0     8.991     1.000     1.000     0.1632      0.0000      0.0000      0.0000
995     E         A          249           PRO           92.58           674      0      0     8.991     1.000     1.000     0.1603      0.0000      0.0000      0.0000
996     E         A          250           VAL           91.55           674      0      0     8.991     1.000     1.000     0.1646      0.0000      0.0000      0.0000
997     E         A          251           THR           92.64           674      0      0     8.991     1.000     1.000     0.1795      0.0000      0.0000      0.0000
998     E         A          252           GLN           94.37           674      0      0     8.991     1.000     1.000     0.1734      0.0000      0.0000      0.0000
999     E         A          253           ILE           94.17           674      0      0     8.991     1.000     1.000     0.1766      0.0000      0.0000      0.0000
1000    E         A          254           VAL           93.76           674      0      0     8.991     1.000     1.000     0.1795      0.0000      0.0000      0.0000
1001    E         A          255           SER           93.09           674      0      0     8.991     1.000     1.000     0.1607      0.0000      0.0000      0.0000
1002    E         A          256           ALA           92.78           674      0      0     8.991     1.000     1.000     0.1673      0.0000      0.0000      0.0000
1003    E         A          257           GLU           92.37           674      0      0     8.991     1.000     1.000     0.1481      0.0000      0.0000      0.0000
1004    E         A          258           ALA           91.34           674      0      0     8.991     1.000     1.000     0.1589      0.0000      0.0000      0.0000
1005    E         A          259           TRP           90.59           674      0      0     8.991     1.000     1.000     0.1649      0.0000      0.0000      0.0000
1006    E         A          260           GLY           87.56           674      0      0     8.991     1.000     1.000     0.1515      0.0000      0.0000      0.0000
1007    E         A          261           ARG           86.70           674      0      0     8.991     1.000     1.000     0.1327      0.0000      0.0000      0.0000
1008    E         A          262           ALA           81.09           674      0      0     8.991     1.000     1.000     0.1279      0.0000      0.0000      0.0000
1009    E         A          263           ASP           79.30           674      0      0     8.991     1.000     1.000     0.1140      0.0000      0.0000      0.0000
1010    E         A          264           CYS           79.26           674      0      0     8.991     1.000     1.000     0.1085      0.0000      0.0000      0.0000
1011    E         A          265           GLY           71.79           674      0      0     8.991     1.000     1.000     0.1013      0.0000      0.0000      0.0000
1012    E         A          266           PHE           72.78           674      0      0     8.991     1.000     1.000     0.1093      0.0000      0.0000      0.0000
1013    E         A          267           THR           77.84           674      0      0     8.991     1.000     1.000     0.1130      0.0000      0.0000      0.0000
1014    E         A          268           SER           74.10           674      0      0     8.991     1.000     1.000     0.1147      0.0000      0.0000      0.0000
1015    E         A          269           GLU           77.56           674      0      0     8.991     1.000     1.000     0.1220      0.0000      0.0000      0.0000
1016    E         A          270           SER           78.18           674      0      0     8.991     1.000     1.000     0.1234      0.0000      0.0000      0.0000
1017    E         A          271           TYR           80.66           674      0      0     8.991     1.000     1.000     0.1309      0.0000      0.0000      0.0000
1018    E         A          272           GLN           78.15           674      0      0     8.991     1.000     1.000     0.1222      0.0000      0.0000      0.0000
1019    E         A          273           GLN           77.53           674      0      0     8.991     1.000     1.000     0.1252      0.0000      0.0000      0.0000
1020    E         A          274           GLY           78.22           674      0      0     8.991     1.000     1.000     0.1221      0.0000      0.0000      0.0000
1021    E         A          275           VAL           84.43           674      0      0     8.991     1.000     1.000     0.1258      0.0000      0.0000      0.0000
1022    E         A          276           LEU           80.74           674      0      0     8.991     1.000     1.000     0.1210      0.0000      0.0000      0.0000
1023    E         A          277           SER           81.97           674      0      0     8.991     1.000     1.000     0.1204      0.0000      0.0000      0.0000
1024    E         A          278           ALA           82.89           674      0      0     8.991     1.000     1.000     0.1218      0.0000      0.0000      0.0000
1025    E         A          279           THR           85.82           674      0      0     8.991     1.000     1.000     0.1191      0.0000      0.0000      0.0000
1026    E         A          280           ILE           85.64           674      0      0     8.991     1.000     1.000     0.1183      0.0000      0.0000      0.0000
1027    E         A          281           LEU           85.42           674      0      0     8.991     1.000     1.000     0.1174      0.0000      0.0000      0.0000
1028    E         A          282           TYR           85.79           674      0      0     8.991     1.000     1.000     0.1195      0.0000      0.0000      0.0000
1029    E         A          283           GLU           85.12           674      0      0     8.991     1.000     1.000     0.1120      0.0000      0.0000      0.0000
1030    E         A          284           ILE           84.19           674      0      0     8.991     1.000     1.000     0.1131      0.0000      0.0000      0.0000
1031    E         A          285           LEU           83.86           674      0      0     8.991     1.000     1.000     0.1134      0.0000      0.0000      0.0000
1032    E         A          286           LEU           85.58           674      0      0     8.991     1.000     1.000     0.1111      0.0000      0.0000      0.0000
1033    E         A          287           GLY           85.22           674      0      0     8.991     1.000     1.000     0.1103      0.0000      0.0000      0.0000
1034    E         A          288           LYS           83.24           674      0      0     8.991     1.000     1.000     0.1091      0.0000      0.0000      0.0000
1035    E         A          289           ALA           82.50           674      0      0     8.991     1.000     1.000     0.1091      0.0000      0.0000      0.0000
1036    E         A          290           THR           87.71           674      0      0     8.991     1.000     1.000     0.1032      0.0000      0.0000      0.0000
1037    E         A          291           LEU           86.37           674      0      0     8.991     1.000     1.000     0.1058      0.0000      0.0000      0.0000
1038    E         A          292           TYR           86.56           674      0      0     8.991     1.000     1.000     0.1056      0.0000      0.0000      0.0000
1039    E         A          293           ALA           85.43           674      0      0     8.991     1.000     1.000     0.1035      0.0000      0.0000      0.0000
1040    E         A          294           VAL           90.71           674      0      0     8.991     1.000     1.000     0.0997      0.0000      0.0000      0.0000
1041    E         A          295           LEU           87.31           674      0      0     8.991     1.000     1.000     0.1006      0.0000      0.0000      0.0000
1042    E         A          296           VAL           87.02           674      0      0     8.991     1.000     1.000     0.0996      0.0000      0.0000      0.0000
1043    E         A          297           SER           88.19           674      0      0     8.991     1.000     1.000     0.0960      0.0000      0.0000      0.0000
1044    E         A          298           ALA           87.41           674      0      0     8.991     1.000     1.000     0.0958      0.0000      0.0000      0.0000
1045    E         A          299           LEU           84.99           674      0      0     8.991     1.000     1.000     0.0967      0.0000      0.0000      0.0000
1046    E         A          300           VAL           84.29           674      0      0     8.991     1.000     1.000     0.0940      0.0000      0.0000      0.0000
1047    E         A          301           LEU           86.80           674      0      0     8.991     1.000     1.000     0.0917      0.0000      0.0000      0.0000
1048    E         A          302           MET           86.08           674      0      0     8.991     1.000     1.000     0.0918      0.0000      0.0000      0.0000
1049    E         A          303           ALA           81.74           674      0      0     8.991     1.000     1.000     0.0903      0.0000      0.0000      0.0000
1050    E         A          304           MET           83.18           674      0      0     8.991     1.000     1.000     0.0866      0.0000      0.0000      0.0000
1051    E         A          305           VAL           84.97           674      0      0     8.991     1.000     1.000     0.0885      0.0000      0.0000      0.0000
1052    E         A          306           LYS           83.36           674      0      0     8.991     1.000     1.000     0.0856      0.0000      0.0000      0.0000
1053    E         A          307           ARG           81.89           674      0      0     8.991     1.000     1.000     0.0844      0.0000      0.0000      0.0000
1054    E         A          308           LYS           79.79           674      0      0     8.991     1.000     1.000     0.0847      0.0000      0.0000      0.0000
1055    E         A          309           ASP           79.55           674      0      0     8.991     1.000     1.000     0.0843      0.0000      0.0000      0.0000
1056    E         A          310           SER           77.85           674      0      0     8.991     1.000     1.000     0.0830      0.0000      0.0000      0.0000
1057    E         A          311           ARG           69.80           674      0      0     8.991     1.000     1.000     0.0797      0.0000      0.0000      0.0000
1058    E         A          312           GLY           52.79           674      0      0     8.991     1.000     1.000     0.0766      0.0000      0.0000      0.0000
747     E         B            1           MET           23.77           411      0      0     7.306     1.000     1.000     0.0506      0.0000      0.0000      0.0000
748     E         B            2           SER           28.77           411      0      0     7.306     1.000     1.000     0.0507      0.0000      0.0000      0.0000
749     E         B            3           ILE           31.84           411      0      0     7.306     1.000     1.000     0.0508      0.0000      0.0000      0.0000
750     E         B            4           GLY           32.60           411      0      0     7.306     1.000     1.000     0.0508      0.0000      0.0000      0.0000
751     E         B            5           LEU           30.66           411      0      0     7.306     1.000     1.000     0.0510      0.0000      0.0000      0.0000
752     E         B            6           LEU           30.07           411      0      0     7.306     1.000     1.000     0.0511      0.0000      0.0000      0.0000
753     E         B            7           CYS           27.87           411      0      0     7.306     1.000     1.000     0.0512      0.0000      0.0000      0.0000
754     E         B            8           CYS           29.73           411      0      0     7.306     1.000     1.000     0.0515      0.0000      0.0000      0.0000
755     E         B            9           ALA           30.51           411      0      0     7.306     1.000     1.000     0.0519      0.0000      0.0000      0.0000
756     E         B           10           ALA           31.26           411      0      0     7.306     1.000     1.000     0.0518      0.0000      0.0000      0.0000
757     E         B           11           LEU           26.99           411      0      0     7.306     1.000     1.000     0.0520      0.0000      0.0000      0.0000
758     E         B           12           SER           27.30           411      0      0     7.306     1.000     1.000     0.0523      0.0000      0.0000      0.0000
759     E         B           13           LEU           26.47           411      0      0     7.306     1.000     1.000     0.0524      0.0000      0.0000      0.0000
760     E         B           14           LEU           26.55           411      0      0     7.306     1.000     1.000     0.0523      0.0000      0.0000      0.0000
761     E         B           15           TRP           28.28           411      0      0     7.306     1.000     1.000     0.0525      0.0000      0.0000      0.0000
762     E         B           16           ALA           31.09           411      0      0     7.306     1.000     1.000     0.0528      0.0000      0.0000      0.0000
763     E         B           17           GLY           31.82           411      0      0     7.306     1.000     1.000     0.0528      0.0000      0.0000      0.0000
764     E         B           18           PRO           31.74           411      0      0     7.306     1.000     1.000     0.0535      0.0000      0.0000      0.0000
765     E         B           19           VAL           36.06           411      0      0     7.306     1.000     1.000     0.0540      0.0000      0.0000      0.0000
766     E         B           20           ASN           44.37           411      0      0     7.306     1.000     1.000     0.0552      0.0000      0.0000      0.0000
767     E         B           21           ALA           56.03           411      0      0     7.306     1.000     1.000     0.0588      0.0000      0.0000      0.0000
768     E         B           22           GLY           84.31           411      0      0     7.306     1.000     1.000     0.0782      0.0000      0.0000      0.0000
769     E         B           23           VAL           93.63           411      0      0     7.306     1.000     1.000     0.1448      0.0000      0.0000      0.0000
770     E         B           24           THR           94.72           411      0      0     7.306     1.000     1.000     0.1631      0.0000      0.0000      0.0000
771     E         B           25           GLN           94.98           411      0      0     7.306     1.000     1.000     0.1628      0.0000      0.0000      0.0000
772     E         B           26           THR           93.81           411      0      0     7.306     1.000     1.000     0.1504      0.0000      0.0000      0.0000
773     E         B           27           PRO           93.99           411      0      0     7.306     1.000     1.000     0.1424      0.0000      0.0000      0.0000
774     E         B           28           LYS           93.80           411      0      0     7.306     1.000     1.000     0.1501      0.0000      0.0000      0.0000
775     E         B           29           PHE           95.02           411      0      0     7.306     1.000     1.000     0.1515      0.0000      0.0000      0.0000
776     E         B           30           GLN           95.29           411      0      0     7.306     1.000     1.000     0.1537      0.0000      0.0000      0.0000
777     E         B           31           VAL           94.38           411      0      0     7.306     1.000     1.000     0.1562      0.0000      0.0000      0.0000
778     E         B           32           LEU           93.33           411      0      0     7.306     1.000     1.000     0.1512      0.0000      0.0000      0.0000
779     E         B           33           LYS           92.79           411      0      0     7.306     1.000     1.000     0.1506      0.0000      0.0000      0.0000
780     E         B           34           THR           93.25           411      0      0     7.306     1.000     1.000     0.1487      0.0000      0.0000      0.0000
781     E         B           35           GLY           92.99           411      0      0     7.306     1.000     1.000     0.1318      0.0000      0.0000      0.0000
782     E         B           36           GLN           91.47           411      0      0     7.306     1.000     1.000     0.1399      0.0000      0.0000      0.0000
783     E         B           37           SER           92.67           411      0      0     7.306     1.000     1.000     0.1430      0.0000      0.0000      0.0000
784     E         B           38           MET           93.81           411      0      0     7.306     1.000     1.000     0.1400      0.0000      0.0000      0.0000
785     E         B           39           THR           95.25           411      0      0     7.306     1.000     1.000     0.1605      0.0000      0.0000      0.0000
786     E         B           40           LEU           95.75           411      0      0     7.306     1.000     1.000     0.1668      0.0000      0.0000      0.0000
787     E         B           41           GLN           95.57           411      0      0     7.306     1.000     1.000     0.1660      0.0000      0.0000      0.0000
788     E         B           42           CYS           95.82           411      0      0     7.306     1.000     1.000     0.1627      0.0000      0.0000      0.0000
789     E         B           43           ALA           95.29           411      0      0     7.306     1.000     1.000     0.1659      0.0000      0.0000      0.0000
790     E         B           44           GLN           94.03           411      0      0     7.306     1.000     1.000     0.1562      0.0000      0.0000      0.0000
791     E         B           45           ASP           90.12           411      0      0     7.306     1.000     1.000     0.1566      0.0000      0.0000      0.0000
792     E         B           46           MET           87.54           411      0      0     7.306     1.000     1.000     0.1587      0.0000      0.0000      0.0000
793     E         B           47           ASN           84.78           411      0      0     7.306     1.000     1.000     0.1625      0.0000      0.0000      0.0000
794     E         B           48           HIS           87.03           411      0      0     7.306     1.000     1.000     0.1702      0.0000      0.0000      0.0000
795     E         B           49           GLU           83.70           411      0      0     7.306     1.000     1.000     0.1701      0.0000      0.0000      0.0000
796     E         B           50           TYR           87.64           411      0      0     7.306     1.000     1.000     0.1812      0.0000      0.0000      0.0000
797     E         B           51           MET           91.82           411      0      0     7.306     1.000     1.000     0.1834      0.0000      0.0000      0.0000
798     E         B           52           SER           93.41           411      0      0     7.306     1.000     1.000     0.1768      0.0000      0.0000      0.0000
799     E         B           53           TRP           95.41           411      0      0     7.306     1.000     1.000     0.1782      0.0000      0.0000      0.0000
800     E         B           54           TYR           95.37           411      0      0     7.306     1.000     1.000     0.1814      0.0000      0.0000      0.0000
801     E         B           55           ARG           95.35           411      0      0     7.306     1.000     1.000     0.1688      0.0000      0.0000      0.0000
802     E         B           56           GLN           94.91           411      0      0     7.306     1.000     1.000     0.1579      0.0000      0.0000      0.0000
803     E         B           57           ASP           92.74           411      0      0     7.306     1.000     1.000     0.1469      0.0000      0.0000      0.0000
804     E         B           58           PRO           87.88           411      0      0     7.306     1.000     1.000     0.1211      0.0000      0.0000      0.0000
805     E         B           59           GLY           83.49           411      0      0     7.306     1.000     1.000     0.1080      0.0000      0.0000      0.0000
806     E         B           60           MET           86.11           411      0      0     7.306     1.000     1.000     0.1096      0.0000      0.0000      0.0000
807     E         B           61           GLY           86.34           411      0      0     7.306     1.000     1.000     0.1154      0.0000      0.0000      0.0000
808     E         B           62           LEU           92.17           411      0      0     7.306     1.000     1.000     0.1470      0.0000      0.0000      0.0000
809     E         B           63           ARG           93.54           411      0      0     7.306     1.000     1.000     0.1695      0.0000      0.0000      0.0000
810     E         B           64           LEU           92.70           411      0      0     7.306     1.000     1.000     0.1727      0.0000      0.0000      0.0000
811     E         B           65           ILE           94.18           411      0      0     7.306     1.000     1.000     0.1711      0.0000      0.0000      0.0000
812     E         B           66           HIS           93.35           411      0      0     7.306     1.000     1.000     0.1628      0.0000      0.0000      0.0000
813     E         B           67           TYR           90.37           411      0      0     7.306     1.000     1.000     0.1633      0.0000      0.0000      0.0000
814     E         B           68           SER           89.20           411      0      0     7.306     1.000     1.000     0.1657      0.0000      0.0000      0.0000
815     E         B           69           VAL           79.75           411      0      0     7.306     1.000     1.000     0.1634      0.0000      0.0000      0.0000
816     E         B           70           GLY           80.57           411      0      0     7.306     1.000     1.000     0.1486      0.0000      0.0000      0.0000
817     E         B           71           ALA           81.03           411      0      0     7.306     1.000     1.000     0.1436      0.0000      0.0000      0.0000
818     E         B           72           GLY           79.22           411      0      0     7.306     1.000     1.000     0.1369      0.0000      0.0000      0.0000
819     E         B           73           ILE           79.82           411      0      0     7.306     1.000     1.000     0.1489      0.0000      0.0000      0.0000
820     E         B           74           THR           84.83           411      0      0     7.306     1.000     1.000     0.1558      0.0000      0.0000      0.0000
821     E         B           75           ASP           84.64           411      0      0     7.306     1.000     1.000     0.1519      0.0000      0.0000      0.0000
822     E         B           76           GLN           87.65           411      0      0     7.306     1.000     1.000     0.1494      0.0000      0.0000      0.0000
823     E         B           77           GLY           87.17           411      0      0     7.306     1.000     1.000     0.1460      0.0000      0.0000      0.0000
824     E         B           78           GLU           87.92           411      0      0     7.306     1.000     1.000     0.1459      0.0000      0.0000      0.0000
825     E         B           79           VAL           91.18           411      0      0     7.306     1.000     1.000     0.1466      0.0000      0.0000      0.0000
826     E         B           80           PRO           91.18           411      0      0     7.306     1.000     1.000     0.1397      0.0000      0.0000      0.0000
827     E         B           81           ASN           91.45           411      0      0     7.306     1.000     1.000     0.1343      0.0000      0.0000      0.0000
828     E         B           82           GLY           92.30           411      0      0     7.306     1.000     1.000     0.1383      0.0000      0.0000      0.0000
829     E         B           83           TYR           94.94           411      0      0     7.306     1.000     1.000     0.1546      0.0000      0.0000      0.0000
830     E         B           84           ASN           94.31           411      0      0     7.306     1.000     1.000     0.1481      0.0000      0.0000      0.0000
831     E         B           85           VAL           93.36           411      0      0     7.306     1.000     1.000     0.1456      0.0000      0.0000      0.0000
832     E         B           86           SER           91.01           411      0      0     7.306     1.000     1.000     0.1377      0.0000      0.0000      0.0000
833     E         B           87           ARG           91.08           411      0      0     7.306     1.000     1.000     0.1450      0.0000      0.0000      0.0000
834     E         B           88           SER           89.01           411      0      0     7.306     1.000     1.000     0.1389      0.0000      0.0000      0.0000
835     E         B           89           THR           88.30           411      0      0     7.306     1.000     1.000     0.1512      0.0000      0.0000      0.0000
836     E         B           90           THR           88.14           411      0      0     7.306     1.000     1.000     0.1602      0.0000      0.0000      0.0000
837     E         B           91           GLU           91.72           411      0      0     7.306     1.000     1.000     0.1650      0.0000      0.0000      0.0000
838     E         B           92           ASP           94.33           411      0      0     7.306     1.000     1.000     0.1598      0.0000      0.0000      0.0000
839     E         B           93           PHE           95.35           411      0      0     7.306     1.000     1.000     0.1633      0.0000      0.0000      0.0000
840     E         B           94           PRO           95.98           411      0      0     7.306     1.000     1.000     0.1672      0.0000      0.0000      0.0000
841     E         B           95           LEU           96.35           411      0      0     7.306     1.000     1.000     0.1672      0.0000      0.0000      0.0000
842     E         B           96           ARG           95.54           411      0      0     7.306     1.000     1.000     0.1558      0.0000      0.0000      0.0000
843     E         B           97           LEU           94.34           411      0      0     7.306     1.000     1.000     0.1488      0.0000      0.0000      0.0000
844     E         B           98           LEU           90.53           411      0      0     7.306     1.000     1.000     0.1231      0.0000      0.0000      0.0000
845     E         B           99           SER           93.99           411      0      0     7.306     1.000     1.000     0.1315      0.0000      0.0000      0.0000
846     E         B          100           ALA           94.10           411      0      0     7.306     1.000     1.000     0.1418      0.0000      0.0000      0.0000
847     E         B          101           ALA           94.74           411      0      0     7.306     1.000     1.000     0.1440      0.0000      0.0000      0.0000
848     E         B          102           PRO           93.70           411      0      0     7.306     1.000     1.000     0.1540      0.0000      0.0000      0.0000
849     E         B          103           SER           94.39           411      0      0     7.306     1.000     1.000     0.1591      0.0000      0.0000      0.0000
850     E         B          104           GLN           94.69           411      0      0     7.306     1.000     1.000     0.1610      0.0000      0.0000      0.0000
851     E         B          105           THR           94.24           411      0      0     7.306     1.000     1.000     0.1625      0.0000      0.0000      0.0000
852     E         B          106           SER           94.88           411      0      0     7.306     1.000     1.000     0.1517      0.0000      0.0000      0.0000
853     E         B          107           VAL           95.65           411      0      0     7.306     1.000     1.000     0.1662      0.0000      0.0000      0.0000
854     E         B          108           TYR           96.54           411      0      0     7.306     1.000     1.000     0.1713      0.0000      0.0000      0.0000
855     E         B          109           PHE           96.17           411      0      0     7.306     1.000     1.000     0.1698      0.0000      0.0000      0.0000
856     E         B          110           CYS           95.71           411      0      0     7.306     1.000     1.000     0.1702      0.0000      0.0000      0.0000
857     E         B          111           ALA           94.30           411      0      0     7.306     1.000     1.000     0.1765      0.0000      0.0000      0.0000
858     E         B          112           SER           92.76           411      0      0     7.306     1.000     1.000     0.1687      0.0000      0.0000      0.0000
859     E         B          113           GLN           88.20           411      0      0     7.306     1.000     1.000     0.1620      0.0000      0.0000      0.0000
860     E         B          114           LYS           81.61           411      0      0     7.306     1.000     1.000     0.1572      0.0000      0.0000      0.0000
861     E         B          115           SER           75.75           411      0      0     7.306     1.000     1.000     0.1436      0.0000      0.0000      0.0000
862     E         B          116           GLY           65.16           411      0      0     7.306     1.000     1.000     0.1245      0.0000      0.0000      0.0000
863     E         B          117           SER           68.06           411      0      0     7.306     1.000     1.000     0.1258      0.0000      0.0000      0.0000
864     E         B          118           SER           69.94           411      0      0     7.306     1.000     1.000     0.1302      0.0000      0.0000      0.0000
865     E         B          119           TYR           75.27           411      0      0     7.306     1.000     1.000     0.1387      0.0000      0.0000      0.0000
866     E         B          120           ASN           79.30           411      0      0     7.306     1.000     1.000     0.1410      0.0000      0.0000      0.0000
867     E         B          121           GLU           85.83           411      0      0     7.306     1.000     1.000     0.1607      0.0000      0.0000      0.0000
868     E         B          122           GLN           90.54           411      0      0     7.306     1.000     1.000     0.1655      0.0000      0.0000      0.0000
869     E         B          123           PHE           93.53           411      0      0     7.306     1.000     1.000     0.1635      0.0000      0.0000      0.0000
870     E         B          124           PHE           94.65           411      0      0     7.306     1.000     1.000     0.1719      0.0000      0.0000      0.0000
871     E         B          125           GLY           94.39           411      0      0     7.306     1.000     1.000     0.1605      0.0000      0.0000      0.0000
872     E         B          126           PRO           93.87           411      0      0     7.306     1.000     1.000     0.1594      0.0000      0.0000      0.0000
873     E         B          127           GLY           94.66           411      0      0     7.306     1.000     1.000     0.1474      0.0000      0.0000      0.0000
874     E         B          128           THR           95.65           411      0      0     7.306     1.000     1.000     0.1608      0.0000      0.0000      0.0000
875     E         B          129           ARG           95.49           411      0      0     7.306     1.000     1.000     0.1575      0.0000      0.0000      0.0000
876     E         B          130           LEU           95.73           411      0      0     7.306     1.000     1.000     0.1599      0.0000      0.0000      0.0000
877     E         B          131           THR           94.51           411      0      0     7.306     1.000     1.000     0.1590      0.0000      0.0000      0.0000
878     E         B          132           VAL           94.79           411      0      0     7.306     1.000     1.000     0.1622      0.0000      0.0000      0.0000
879     E         B          133           LEU           93.39           411      0      0     7.306     1.000     1.000     0.1494      0.0000      0.0000      0.0000
880     E         B          134           GLU           91.90           411      0      0     7.306     1.000     1.000     0.1354      0.0000      0.0000      0.0000
881     E         B          135           ASP           90.50           411      0      0     7.306     1.000     1.000     0.1191      0.0000      0.0000      0.0000
882     E         B          136           LEU           91.27           411      0      0     7.306     1.000     1.000     0.1335      0.0000      0.0000      0.0000
883     E         B          137           LYS           91.59           411      0      0     7.306     1.000     1.000     0.1262      0.0000      0.0000      0.0000
884     E         B          138           ASN           91.36           411      0      0     7.306     1.000     1.000     0.1236      0.0000      0.0000      0.0000
885     E         B          139           VAL           93.51           411      0      0     7.306     1.000     1.000     0.1457      0.0000      0.0000      0.0000
886     E         B          140           PHE           94.72           411      0      0     7.306     1.000     1.000     0.1464      0.0000      0.0000      0.0000
887     E         B          141           PRO           94.53           411      0      0     7.306     1.000     1.000     0.1410      0.0000      0.0000      0.0000
888     E         B          142           PRO           95.27           411      0      0     7.306     1.000     1.000     0.1396      0.0000      0.0000      0.0000
889     E         B          143           GLU           93.90           411      0      0     7.306     1.000     1.000     0.1417      0.0000      0.0000      0.0000
890     E         B          144           VAL           94.04           411      0      0     7.306     1.000     1.000     0.1476      0.0000      0.0000      0.0000
891     E         B          145           ALA           93.70           411      0      0     7.306     1.000     1.000     0.1397      0.0000      0.0000      0.0000
892     E         B          146           VAL           94.08           411      0      0     7.306     1.000     1.000     0.1491      0.0000      0.0000      0.0000
893     E         B          147           PHE           94.15           411      0      0     7.306     1.000     1.000     0.1536      0.0000      0.0000      0.0000
894     E         B          148           GLU           92.42           411      0      0     7.306     1.000     1.000     0.1412      0.0000      0.0000      0.0000
895     E         B          149           PRO           92.61           411      0      0     7.306     1.000     1.000     0.1422      0.0000      0.0000      0.0000
896     E         B          150           SER           89.95           411      0      0     7.306     1.000     1.000     0.1272      0.0000      0.0000      0.0000
897     E         B          151           GLU           88.39           411      0      0     7.306     1.000     1.000     0.1250      0.0000      0.0000      0.0000
898     E         B          152           ALA           88.71           411      0      0     7.306     1.000     1.000     0.1336      0.0000      0.0000      0.0000
899     E         B          153           GLU           90.80           411      0      0     7.306     1.000     1.000     0.1464      0.0000      0.0000      0.0000
900     E         B          154           ILE           89.80           411      0      0     7.306     1.000     1.000     0.1443      0.0000      0.0000      0.0000
901     E         B          155           SER           88.54           411      0      0     7.306     1.000     1.000     0.1248      0.0000      0.0000      0.0000
902     E         B          156           HIS           88.30           411      0      0     7.306     1.000     1.000     0.1224      0.0000      0.0000      0.0000
903     E         B          157           THR           88.92           411      0      0     7.306     1.000     1.000     0.1186      0.0000      0.0000      0.0000
904     E         B          158           GLN           90.23           411      0      0     7.306     1.000     1.000     0.1228      0.0000      0.0000      0.0000
905     E         B          159           LYS           91.89           411      0      0     7.306     1.000     1.000     0.1347      0.0000      0.0000      0.0000
906     E         B          160           ALA           93.12           411      0      0     7.306     1.000     1.000     0.1439      0.0000      0.0000      0.0000
907     E         B          161           THR           94.18           411      0      0     7.306     1.000     1.000     0.1506      0.0000      0.0000      0.0000
908     E         B          162           LEU           94.56           411      0      0     7.306     1.000     1.000     0.1570      0.0000      0.0000      0.0000
909     E         B          163           VAL           95.21           411      0      0     7.306     1.000     1.000     0.1572      0.0000      0.0000      0.0000
910     E         B          164           CYS           95.09           411      0      0     7.306     1.000     1.000     0.1498      0.0000      0.0000      0.0000
911     E         B          165           LEU           94.53           411      0      0     7.306     1.000     1.000     0.1533      0.0000      0.0000      0.0000
912     E         B          166           ALA           94.89           411      0      0     7.306     1.000     1.000     0.1539      0.0000      0.0000      0.0000
913     E         B          167           THR           93.70           411      0      0     7.306     1.000     1.000     0.1416      0.0000      0.0000      0.0000
914     E         B          168           GLY           93.27           411      0      0     7.306     1.000     1.000     0.1344      0.0000      0.0000      0.0000
915     E         B          169           PHE           95.20           411      0      0     7.306     1.000     1.000     0.1484      0.0000      0.0000      0.0000
916     E         B          170           TYR           95.04           411      0      0     7.306     1.000     1.000     0.1465      0.0000      0.0000      0.0000
917     E         B          171           PRO           94.21           411      0      0     7.306     1.000     1.000     0.1349      0.0000      0.0000      0.0000
918     E         B          172           ASP           93.27           411      0      0     7.306     1.000     1.000     0.1296      0.0000      0.0000      0.0000
919     E         B          173           HIS           94.52           411      0      0     7.306     1.000     1.000     0.1360      0.0000      0.0000      0.0000
920     E         B          174           VAL           95.11           411      0      0     7.306     1.000     1.000     0.1444      0.0000      0.0000      0.0000
921     E         B          175           GLU           95.34           411      0      0     7.306     1.000     1.000     0.1460      0.0000      0.0000      0.0000
922     E         B          176           LEU           95.43           411      0      0     7.306     1.000     1.000     0.1462      0.0000      0.0000      0.0000
923     E         B          177           SER           95.83           411      0      0     7.306     1.000     1.000     0.1429      0.0000      0.0000      0.0000
924     E         B          178           TRP           96.27           411      0      0     7.306     1.000     1.000     0.1490      0.0000      0.0000      0.0000
925     E         B          179           TRP           96.34           411      0      0     7.306     1.000     1.000     0.1388      0.0000      0.0000      0.0000
926     E         B          180           VAL           95.32           411      0      0     7.306     1.000     1.000     0.1338      0.0000      0.0000      0.0000
927     E         B          181           ASN           93.99           411      0      0     7.306     1.000     1.000     0.1208      0.0000      0.0000      0.0000
928     E         B          182           GLY           93.26           411      0      0     7.306     1.000     1.000     0.1112      0.0000      0.0000      0.0000
929     E         B          183           LYS           95.05           411      0      0     7.306     1.000     1.000     0.1231      0.0000      0.0000      0.0000
930     E         B          184           GLU           95.65           411      0      0     7.306     1.000     1.000     0.1384      0.0000      0.0000      0.0000
931     E         B          185           VAL           95.04           411      0      0     7.306     1.000     1.000     0.1361      0.0000      0.0000      0.0000
932     E         B          186           HIS           92.55           411      0      0     7.306     1.000     1.000     0.1342      0.0000      0.0000      0.0000
933     E         B          187           SER           91.76           411      0      0     7.306     1.000     1.000     0.1264      0.0000      0.0000      0.0000
934     E         B          188           GLY           92.65           411      0      0     7.306     1.000     1.000     0.1174      0.0000      0.0000      0.0000
935     E         B          189           VAL           94.51           411      0      0     7.306     1.000     1.000     0.1342      0.0000      0.0000      0.0000
936     E         B          190           SER           94.39           411      0      0     7.306     1.000     1.000     0.1341      0.0000      0.0000      0.0000
937     E         B          191           THR           93.67           411      0      0     7.306     1.000     1.000     0.1444      0.0000      0.0000      0.0000
938     E         B          192           ASP           93.13           411      0      0     7.306     1.000     1.000     0.1427      0.0000      0.0000      0.0000
939     E         B          193           PRO           90.45           411      0      0     7.306     1.000     1.000     0.1301      0.0000      0.0000      0.0000
940     E         B          194           GLN           90.43           411      0      0     7.306     1.000     1.000     0.1286      0.0000      0.0000      0.0000
941     E         B          195           PRO           92.79           411      0      0     7.306     1.000     1.000     0.1374      0.0000      0.0000      0.0000
942     E         B          196           LEU           92.07           411      0      0     7.306     1.000     1.000     0.1351      0.0000      0.0000      0.0000
943     E         B          197           LYS           90.90           411      0      0     7.306     1.000     1.000     0.1379      0.0000      0.0000      0.0000
944     E         B          198           GLU           89.51           411      0      0     7.306     1.000     1.000     0.1297      0.0000      0.0000      0.0000
945     E         B          199           GLN           87.83           411      0      0     7.306     1.000     1.000     0.1072      0.0000      0.0000      0.0000
946     E         B          200           PRO           85.06           411      0      0     7.306     1.000     1.000     0.0974      0.0000      0.0000      0.0000
947     E         B          201           ALA           84.99           411      0      0     7.306     1.000     1.000     0.0889      0.0000      0.0000      0.0000
948     E         B          202           LEU           85.20           411      0      0     7.306     1.000     1.000     0.0867      0.0000      0.0000      0.0000
949     E         B          203           ASN           83.09           411      0      0     7.306     1.000     1.000     0.0855      0.0000      0.0000      0.0000
950     E         B          204           ASP           86.10           411      0      0     7.306     1.000     1.000     0.0839      0.0000      0.0000      0.0000
951     E         B          205           SER           90.01           411      0      0     7.306     1.000     1.000     0.1068      0.0000      0.0000      0.0000
952     E         B          206           ARG           93.29           411      0      0     7.306     1.000     1.000     0.1434      0.0000      0.0000      0.0000
953     E         B          207           TYR           94.59           411      0      0     7.306     1.000     1.000     0.1486      0.0000      0.0000      0.0000
954     E         B          208           CYS           94.55           411      0      0     7.306     1.000     1.000     0.1466      0.0000      0.0000      0.0000
955     E         B          209           LEU           95.29           411      0      0     7.306     1.000     1.000     0.1501      0.0000      0.0000      0.0000
956     E         B          210           SER           95.35           411      0      0     7.306     1.000     1.000     0.1450      0.0000      0.0000      0.0000
957     E         B          211           SER           95.73           411      0      0     7.306     1.000     1.000     0.1463      0.0000      0.0000      0.0000
958     E         B          212           ARG           95.26           411      0      0     7.306     1.000     1.000     0.1456      0.0000      0.0000      0.0000
959     E         B          213           LEU           95.47           411      0      0     7.306     1.000     1.000     0.1527      0.0000      0.0000      0.0000
960     E         B          214           ARG           95.01           411      0      0     7.306     1.000     1.000     0.1404      0.0000      0.0000      0.0000
961     E         B          215           VAL           94.19           411      0      0     7.306     1.000     1.000     0.1363      0.0000      0.0000      0.0000
962     E         B          216           SER           92.73           411      0      0     7.306     1.000     1.000     0.1282      0.0000      0.0000      0.0000
963     E         B          217           ALA           91.16           411      0      0     7.306     1.000     1.000     0.1310      0.0000      0.0000      0.0000
964     E         B          218           THR           90.71           411      0      0     7.306     1.000     1.000     0.1261      0.0000      0.0000      0.0000
965     E         B          219           PHE           92.77           411      0      0     7.306     1.000     1.000     0.1363      0.0000      0.0000      0.0000
966     E         B          220           TRP           92.64           411      0      0     7.306     1.000     1.000     0.1507      0.0000      0.0000      0.0000
967     E         B          221           GLN           89.78           411      0      0     7.306     1.000     1.000     0.1361      0.0000      0.0000      0.0000
968     E         B          222           ASN           90.56           411      0      0     7.306     1.000     1.000     0.1261      0.0000      0.0000      0.0000
969     E         B          223           PRO           89.19           411      0      0     7.306     1.000     1.000     0.1178      0.0000      0.0000      0.0000
970     E         B          224           ARG           89.15           411      0      0     7.306     1.000     1.000     0.1127      0.0000      0.0000      0.0000
971     E         B          225           ASN           92.49           411      0      0     7.306     1.000     1.000     0.1253      0.0000      0.0000      0.0000
972     E         B          226           HIS           94.31           411      0      0     7.306     1.000     1.000     0.1356      0.0000      0.0000      0.0000
973     E         B          227           PHE           95.22           411      0      0     7.306     1.000     1.000     0.1463      0.0000      0.0000      0.0000
974     E         B          228           ARG           95.62           411      0      0     7.306     1.000     1.000     0.1422      0.0000      0.0000      0.0000
975     E         B          229           CYS           95.29           411      0      0     7.306     1.000     1.000     0.1445      0.0000      0.0000      0.0000
976     E         B          230           GLN           96.32           411      0      0     7.306     1.000     1.000     0.1435      0.0000      0.0000      0.0000
977     E         B          231           VAL           96.04           411      0      0     7.306     1.000     1.000     0.1511      0.0000      0.0000      0.0000
978     E         B          232           GLN           96.47           411      0      0     7.306     1.000     1.000     0.1483      0.0000      0.0000      0.0000
979     E         B          233           PHE           95.95           411      0      0     7.306     1.000     1.000     0.1532      0.0000      0.0000      0.0000
980     E         B          234           TYR           95.02           411      0      0     7.306     1.000     1.000     0.1486      0.0000      0.0000      0.0000
981     E         B          235           GLY           92.57           411      0      0     7.306     1.000     1.000     0.1235      0.0000      0.0000      0.0000
982     E         B          236           LEU           92.07           411      0      0     7.306     1.000     1.000     0.1275      0.0000      0.0000      0.0000
983     E         B          237           SER           89.40           411      0      0     7.306     1.000     1.000     0.1037      0.0000      0.0000      0.0000
984     E         B          238           GLU           86.84           411      0      0     7.306     1.000     1.000     0.0940      0.0000      0.0000      0.0000
985     E         B          239           ASN           86.11           411      0      0     7.306     1.000     1.000     0.0910      0.0000      0.0000      0.0000
986     E         B          240           ASP           86.94           411      0      0     7.306     1.000     1.000     0.0984      0.0000      0.0000      0.0000
987     E         B          241           GLU           86.44           411      0      0     7.306     1.000     1.000     0.0947      0.0000      0.0000      0.0000
988     E         B          242           TRP           89.23           411      0      0     7.306     1.000     1.000     0.1071      0.0000      0.0000      0.0000
989     E         B          243           THR           88.11           411      0      0     7.306     1.000     1.000     0.0882      0.0000      0.0000      0.0000
990     E         B          244           GLN           88.23           411      0      0     7.306     1.000     1.000     0.0907      0.0000      0.0000      0.0000
991     E         B          245           ASP           90.42           411      0      0     7.306     1.000     1.000     0.0905      0.0000      0.0000      0.0000
992     E         B          246           ARG           90.09           411      0      0     7.306     1.000     1.000     0.1021      0.0000      0.0000      0.0000
993     E         B          247           ALA           91.18           411      0      0     7.306     1.000     1.000     0.1108      0.0000      0.0000      0.0000
994     E         B          248           LYS           92.04           411      0      0     7.306     1.000     1.000     0.1206      0.0000      0.0000      0.0000
995     E         B          249           PRO           92.58           411      0      0     7.306     1.000     1.000     0.1171      0.0000      0.0000      0.0000
996     E         B          250           VAL           91.55           411      0      0     7.306     1.000     1.000     0.1213      0.0000      0.0000      0.0000
997     E         B          251           THR           92.64           411      0      0     7.306     1.000     1.000     0.1352      0.0000      0.0000      0.0000
998     E         B          252           GLN           94.37           411      0      0     7.306     1.000     1.000     0.1288      0.0000      0.0000      0.0000
999     E         B          253           ILE           94.17           411      0      0     7.306     1.000     1.000     0.1330      0.0000      0.0000      0.0000
1000    E         B          254           VAL           93.76           411      0      0     7.306     1.000     1.000     0.1348      0.0000      0.0000      0.0000
1001    E         B          255           SER           93.09           411      0      0     7.306     1.000     1.000     0.1192      0.0000      0.0000      0.0000
1002    E         B          256           ALA           92.78           411      0      0     7.306     1.000     1.000     0.1257      0.0000      0.0000      0.0000
1003    E         B          257           GLU           92.37           411      0      0     7.306     1.000     1.000     0.1069      0.0000      0.0000      0.0000
1004    E         B          258           ALA           91.34           411      0      0     7.306     1.000     1.000     0.1174      0.0000      0.0000      0.0000
1005    E         B          259           TRP           90.59           411      0      0     7.306     1.000     1.000     0.1228      0.0000      0.0000      0.0000
1006    E         B          260           GLY           87.56           411      0      0     7.306     1.000     1.000     0.1113      0.0000      0.0000      0.0000
1007    E         B          261           ARG           86.70           411      0      0     7.306     1.000     1.000     0.0949      0.0000      0.0000      0.0000
1008    E         B          262           ALA           81.09           411      0      0     7.306     1.000     1.000     0.0919      0.0000      0.0000      0.0000
1009    E         B          263           ASP           79.30           411      0      0     7.306     1.000     1.000     0.0798      0.0000      0.0000      0.0000
1010    E         B          264           CYS           79.26           411      0      0     7.306     1.000     1.000     0.0748      0.0000      0.0000      0.0000
1011    E         B          265           GLY           71.79           411      0      0     7.306     1.000     1.000     0.0692      0.0000      0.0000      0.0000
1012    E         B          266           PHE           72.78           411      0      0     7.306     1.000     1.000     0.0739      0.0000      0.0000      0.0000
1013    E         B          267           THR           77.84           411      0      0     7.306     1.000     1.000     0.0774      0.0000      0.0000      0.0000
1014    E         B          268           SER           74.10           411      0      0     7.306     1.000     1.000     0.0779      0.0000      0.0000      0.0000
1015    E         B          269           GLU           77.56           411      0      0     7.306     1.000     1.000     0.0836      0.0000      0.0000      0.0000
1016    E         B          270           SER           78.18           411      0      0     7.306     1.000     1.000     0.0848      0.0000      0.0000      0.0000
1017    E         B          271           TYR           80.66           411      0      0     7.306     1.000     1.000     0.0890      0.0000      0.0000      0.0000
1018    E         B          272           GLN           78.15           411      0      0     7.306     1.000     1.000     0.0823      0.0000      0.0000      0.0000
1019    E         B          273           GLN           77.53           411      0      0     7.306     1.000     1.000     0.0862      0.0000      0.0000      0.0000
1020    E         B          274           GLY           78.22           411      0      0     7.306     1.000     1.000     0.0816      0.0000      0.0000      0.0000
1021    E         B          275           VAL           84.43           411      0      0     7.306     1.000     1.000     0.0836      0.0000      0.0000      0.0000
1022    E         B          276           LEU           80.74           411      0      0     7.306     1.000     1.000     0.0811      0.0000      0.0000      0.0000
1023    E         B          277           SER           81.97           411      0      0     7.306     1.000     1.000     0.0811      0.0000      0.0000      0.0000
1024    E         B          278           ALA           82.89           411      0      0     7.306     1.000     1.000     0.0809      0.0000      0.0000      0.0000
1025    E         B          279           THR           85.82           411      0      0     7.306     1.000     1.000     0.0792      0.0000      0.0000      0.0000
1026    E         B          280           ILE           85.64           411      0      0     7.306     1.000     1.000     0.0802      0.0000      0.0000      0.0000
1027    E         B          281           LEU           85.42           411      0      0     7.306     1.000     1.000     0.0783      0.0000      0.0000      0.0000
1028    E         B          282           TYR           85.79           411      0      0     7.306     1.000     1.000     0.0793      0.0000      0.0000      0.0000
1029    E         B          283           GLU           85.12           411      0      0     7.306     1.000     1.000     0.0745      0.0000      0.0000      0.0000
1030    E         B          284           ILE           84.19           411      0      0     7.306     1.000     1.000     0.0756      0.0000      0.0000      0.0000
1031    E         B          285           LEU           83.86           411      0      0     7.306     1.000     1.000     0.0750      0.0000      0.0000      0.0000
1032    E         B          286           LEU           85.58           411      0      0     7.306     1.000     1.000     0.0743      0.0000      0.0000      0.0000
1033    E         B          287           GLY           85.22           411      0      0     7.306     1.000     1.000     0.0737      0.0000      0.0000      0.0000
1034    E         B          288           LYS           83.24           411      0      0     7.306     1.000     1.000     0.0710      0.0000      0.0000      0.0000
1035    E         B          289           ALA           82.50           411      0      0     7.306     1.000     1.000     0.0725      0.0000      0.0000      0.0000
1036    E         B          290           THR           87.71           411      0      0     7.306     1.000     1.000     0.0682      0.0000      0.0000      0.0000
1037    E         B          291           LEU           86.37           411      0      0     7.306     1.000     1.000     0.0692      0.0000      0.0000      0.0000
1038    E         B          292           TYR           86.56           411      0      0     7.306     1.000     1.000     0.0693      0.0000      0.0000      0.0000
1039    E         B          293           ALA           85.43           411      0      0     7.306     1.000     1.000     0.0688      0.0000      0.0000      0.0000
1040    E         B          294           VAL           90.71           411      0      0     7.306     1.000     1.000     0.0658      0.0000      0.0000      0.0000
1041    E         B          295           LEU           87.31           411      0      0     7.306     1.000     1.000     0.0660      0.0000      0.0000      0.0000
1042    E         B          296           VAL           87.02           411      0      0     7.306     1.000     1.000     0.0657      0.0000      0.0000      0.0000
1043    E         B          297           SER           88.19           411      0      0     7.306     1.000     1.000     0.0632      0.0000      0.0000      0.0000
1044    E         B          298           ALA           87.41           411      0      0     7.306     1.000     1.000     0.0632      0.0000      0.0000      0.0000
1045    E         B          299           LEU           84.99           411      0      0     7.306     1.000     1.000     0.0633      0.0000      0.0000      0.0000
1046    E         B          300           VAL           84.29           411      0      0     7.306     1.000     1.000     0.0625      0.0000      0.0000      0.0000
1047    E         B          301           LEU           86.80           411      0      0     7.306     1.000     1.000     0.0607      0.0000      0.0000      0.0000
1048    E         B          302           MET           86.08           411      0      0     7.306     1.000     1.000     0.0609      0.0000      0.0000      0.0000
1049    E         B          303           ALA           81.74           411      0      0     7.306     1.000     1.000     0.0602      0.0000      0.0000      0.0000
1050    E         B          304           MET           83.18           411      0      0     7.306     1.000     1.000     0.0576      0.0000      0.0000      0.0000
1051    E         B          305           VAL           84.97           411      0      0     7.306     1.000     1.000     0.0589      0.0000      0.0000      0.0000
1052    E         B          306           LYS           83.36           411      0      0     7.306     1.000     1.000     0.0569      0.0000      0.0000      0.0000
1053    E         B          307           ARG           81.89           411      0      0     7.306     1.000     1.000     0.0562      0.0000      0.0000      0.0000
1054    E         B          308           LYS           79.79           411      0      0     7.306     1.000     1.000     0.0567      0.0000      0.0000      0.0000
1055    E         B          309           ASP           79.55           411      0      0     7.306     1.000     1.000     0.0565      0.0000      0.0000      0.0000
1056    E         B          310           SER           77.85           411      0      0     7.306     1.000     1.000     0.0556      0.0000      0.0000      0.0000
1057    E         B          311           ARG           69.80           411      0      0     7.306     1.000     1.000     0.0538      0.0000      0.0000      0.0000
1058    E         B          312           GLY           52.79           411      0      0     7.306     1.000     1.000     0.0519      0.0000      0.0000      0.0000
747     E         C            1           MET           23.77           321      0      0     6.556     1.000     1.000     0.0413      0.0000      0.0000      0.0000
748     E         C            2           SER           28.77           321      0      0     6.556     1.000     1.000     0.0416      0.0000      0.0000      0.0000
749     E         C            3           ILE           31.84           321      0      0     6.556     1.000     1.000     0.0419      0.0000      0.0000      0.0000
750     E         C            4           GLY           32.60           321      0      0     6.556     1.000     1.000     0.0419      0.0000      0.0000      0.0000
751     E         C            5           LEU           30.66           321      0      0     6.556     1.000     1.000     0.0424      0.0000      0.0000      0.0000
752     E         C            6           LEU           30.07           321      0      0     6.556     1.000     1.000     0.0426      0.0000      0.0000      0.0000
753     E         C            7           CYS           27.87           321      0      0     6.556     1.000     1.000     0.0429      0.0000      0.0000      0.0000
754     E         C            8           CYS           29.73           321      0      0     6.556     1.000     1.000     0.0433      0.0000      0.0000      0.0000
755     E         C            9           ALA           30.51           321      0      0     6.556     1.000     1.000     0.0442      0.0000      0.0000      0.0000
756     E         C           10           ALA           31.26           321      0      0     6.556     1.000     1.000     0.0441      0.0000      0.0000      0.0000
757     E         C           11           LEU           26.99           321      0      0     6.556     1.000     1.000     0.0447      0.0000      0.0000      0.0000
758     E         C           12           SER           27.30           321      0      0     6.556     1.000     1.000     0.0450      0.0000      0.0000      0.0000
759     E         C           13           LEU           26.47           321      0      0     6.556     1.000     1.000     0.0454      0.0000      0.0000      0.0000
760     E         C           14           LEU           26.55           321      0      0     6.556     1.000     1.000     0.0455      0.0000      0.0000      0.0000
761     E         C           15           TRP           28.28           321      0      0     6.556     1.000     1.000     0.0462      0.0000      0.0000      0.0000
762     E         C           16           ALA           31.09           321      0      0     6.556     1.000     1.000     0.0471      0.0000      0.0000      0.0000
763     E         C           17           GLY           31.82           321      0      0     6.556     1.000     1.000     0.0475      0.0000      0.0000      0.0000
764     E         C           18           PRO           31.74           321      0      0     6.556     1.000     1.000     0.0501      0.0000      0.0000      0.0000
765     E         C           19           VAL           36.06           321      0      0     6.556     1.000     1.000     0.0533      0.0000      0.0000      0.0000
766     E         C           20           ASN           44.37           321      0      0     6.556     1.000     1.000     0.0576      0.0000      0.0000      0.0000
767     E         C           21           ALA           56.03           321      0      0     6.556     1.000     1.000     0.0642      0.0000      0.0000      0.0000
768     E         C           22           GLY           84.31           321      0      0     6.556     1.000     1.000     0.0931      0.0000      0.0000      0.0000
769     E         C           23           VAL           93.63           321      0      0     6.556     1.000     1.000     0.1914      0.0000      0.0000      0.0000
770     E         C           24           THR           94.72           321      0      0     6.556     1.000     1.000     0.1984      0.0000      0.0000      0.0000
771     E         C           25           GLN           94.98           321      0      0     6.556     1.000     1.000     0.1927      0.0000      0.0000      0.0000
772     E         C           26           THR           93.81           321      0      0     6.556     1.000     1.000     0.1880      0.0000      0.0000      0.0000
773     E         C           27           PRO           93.99           321      0      0     6.556     1.000     1.000     0.1706      0.0000      0.0000      0.0000
774     E         C           28           LYS           93.80           321      0      0     6.556     1.000     1.000     0.1804      0.0000      0.0000      0.0000
775     E         C           29           PHE           95.02           321      0      0     6.556     1.000     1.000     0.1784      0.0000      0.0000      0.0000
776     E         C           30           GLN           95.29           321      0      0     6.556     1.000     1.000     0.1778      0.0000      0.0000      0.0000
777     E         C           31           VAL           94.38           321      0      0     6.556     1.000     1.000     0.1767      0.0000      0.0000      0.0000
778     E         C           32           LEU           93.33           321      0      0     6.556     1.000     1.000     0.1717      0.0000      0.0000      0.0000
779     E         C           33           LYS           92.79           321      0      0     6.556     1.000     1.000     0.1718      0.0000      0.0000      0.0000
780     E         C           34           THR           93.25           321      0      0     6.556     1.000     1.000     0.1676      0.0000      0.0000      0.0000
781     E         C           35           GLY           92.99           321      0      0     6.556     1.000     1.000     0.1532      0.0000      0.0000      0.0000
782     E         C           36           GLN           91.47           321      0      0     6.556     1.000     1.000     0.1643      0.0000      0.0000      0.0000
783     E         C           37           SER           92.67           321      0      0     6.556     1.000     1.000     0.1683      0.0000      0.0000      0.0000
784     E         C           38           MET           93.81           321      0      0     6.556     1.000     1.000     0.1705      0.0000      0.0000      0.0000
785     E         C           39           THR           95.25           321      0      0     6.556     1.000     1.000     0.1929      0.0000      0.0000      0.0000
786     E         C           40           LEU           95.75           321      0      0     6.556     1.000     1.000     0.1923      0.0000      0.0000      0.0000
787     E         C           41           GLN           95.57           321      0      0     6.556     1.000     1.000     0.2063      0.0000      0.0000      0.0000
788     E         C           42           CYS           95.82           321      0      0     6.556     1.000     1.000     0.1953      0.0000      0.0000      0.0000
789     E         C           43           ALA           95.29           321      0      0     6.556     1.000     1.000     0.2107      0.0000      0.0000      0.0000
790     E         C           44           GLN           94.03           321      0      0     6.556     1.000     1.000     0.1961      0.0000      0.0000      0.0000
791     E         C           45           ASP           90.12           321      0      0     6.556     1.000     1.000     0.2009      0.0000      0.0000      0.0000
792     E         C           46           MET           87.54           321      0      0     6.556     1.000     1.000     0.1931      0.0000      0.0000      0.0000
793     E         C           47           ASN           84.78           321      0      0     6.556     1.000     1.000     0.2041      0.0000      0.0000      0.0000
794     E         C           48           HIS           87.03           321      0      0     6.556     1.000     1.000     0.2064      0.0000      0.0000      0.0000
795     E         C           49           GLU           83.70           321      0      0     6.556     1.000     1.000     0.2209      0.0000      0.0000      0.0000
796     E         C           50           TYR           87.64           321      0      0     6.556     1.000     1.000     0.2223      0.0000      0.0000      0.0000
797     E         C           51           MET           91.82           321      0      0     6.556     1.000     1.000     0.2104      0.0000      0.0000      0.0000
798     E         C           52           SER           93.41           321      0      0     6.556     1.000     1.000     0.2101      0.0000      0.0000      0.0000
799     E         C           53           TRP           95.41           321      0      0     6.556     1.000     1.000     0.2045      0.0000      0.0000      0.0000
800     E         C           54           TYR           95.37           321      0      0     6.556     1.000     1.000     0.2072      0.0000      0.0000      0.0000
801     E         C           55           ARG           95.35           321      0      0     6.556     1.000     1.000     0.1892      0.0000      0.0000      0.0000
802     E         C           56           GLN           94.91           321      0      0     6.556     1.000     1.000     0.1830      0.0000      0.0000      0.0000
803     E         C           57           ASP           92.74           321      0      0     6.556     1.000     1.000     0.1743      0.0000      0.0000      0.0000
804     E         C           58           PRO           87.88           321      0      0     6.556     1.000     1.000     0.1402      0.0000      0.0000      0.0000
805     E         C           59           GLY           83.49           321      0      0     6.556     1.000     1.000     0.1275      0.0000      0.0000      0.0000
806     E         C           60           MET           86.11           321      0      0     6.556     1.000     1.000     0.1317      0.0000      0.0000      0.0000
807     E         C           61           GLY           86.34           321      0      0     6.556     1.000     1.000     0.1449      0.0000      0.0000      0.0000
808     E         C           62           LEU           92.17           321      0      0     6.556     1.000     1.000     0.1709      0.0000      0.0000      0.0000
809     E         C           63           ARG           93.54           321      0      0     6.556     1.000     1.000     0.1994      0.0000      0.0000      0.0000
810     E         C           64           LEU           92.70           321      0      0     6.556     1.000     1.000     0.1993      0.0000      0.0000      0.0000
811     E         C           65           ILE           94.18           321      0      0     6.556     1.000     1.000     0.1923      0.0000      0.0000      0.0000
812     E         C           66           HIS           93.35           321      0      0     6.556     1.000     1.000     0.1934      0.0000      0.0000      0.0000
813     E         C           67           TYR           90.37           321      0      0     6.556     1.000     1.000     0.1903      0.0000      0.0000      0.0000
814     E         C           68           SER           89.20           321      0      0     6.556     1.000     1.000     0.1984      0.0000      0.0000      0.0000
815     E         C           69           VAL           79.75           321      0      0     6.556     1.000     1.000     0.2204      0.0000      0.0000      0.0000
816     E         C           70           GLY           80.57           321      0      0     6.556     1.000     1.000     0.1951      0.0000      0.0000      0.0000
817     E         C           71           ALA           81.03           321      0      0     6.556     1.000     1.000     0.1883      0.0000      0.0000      0.0000
818     E         C           72           GLY           79.22           321      0      0     6.556     1.000     1.000     0.1784      0.0000      0.0000      0.0000
819     E         C           73           ILE           79.82           321      0      0     6.556     1.000     1.000     0.1828      0.0000      0.0000      0.0000
820     E         C           74           THR           84.83           321      0      0     6.556     1.000     1.000     0.1879      0.0000      0.0000      0.0000
821     E         C           75           ASP           84.64           321      0      0     6.556     1.000     1.000     0.1761      0.0000      0.0000      0.0000
822     E         C           76           GLN           87.65           321      0      0     6.556     1.000     1.000     0.1823      0.0000      0.0000      0.0000
823     E         C           77           GLY           87.17           321      0      0     6.556     1.000     1.000     0.1798      0.0000      0.0000      0.0000
824     E         C           78           GLU           87.92           321      0      0     6.556     1.000     1.000     0.1831      0.0000      0.0000      0.0000
825     E         C           79           VAL           91.18           321      0      0     6.556     1.000     1.000     0.1750      0.0000      0.0000      0.0000
826     E         C           80           PRO           91.18           321      0      0     6.556     1.000     1.000     0.1689      0.0000      0.0000      0.0000
827     E         C           81           ASN           91.45           321      0      0     6.556     1.000     1.000     0.1669      0.0000      0.0000      0.0000
828     E         C           82           GLY           92.30           321      0      0     6.556     1.000     1.000     0.1696      0.0000      0.0000      0.0000
829     E         C           83           TYR           94.94           321      0      0     6.556     1.000     1.000     0.1746      0.0000      0.0000      0.0000
830     E         C           84           ASN           94.31           321      0      0     6.556     1.000     1.000     0.1842      0.0000      0.0000      0.0000
831     E         C           85           VAL           93.36           321      0      0     6.556     1.000     1.000     0.1766      0.0000      0.0000      0.0000
832     E         C           86           SER           91.01           321      0      0     6.556     1.000     1.000     0.1855      0.0000      0.0000      0.0000
833     E         C           87           ARG           91.08           321      0      0     6.556     1.000     1.000     0.1835      0.0000      0.0000      0.0000
834     E         C           88           SER           89.01           321      0      0     6.556     1.000     1.000     0.1884      0.0000      0.0000      0.0000
835     E         C           89           THR           88.30           321      0      0     6.556     1.000     1.000     0.1959      0.0000      0.0000      0.0000
836     E         C           90           THR           88.14           321      0      0     6.556     1.000     1.000     0.1909      0.0000      0.0000      0.0000
837     E         C           91           GLU           91.72           321      0      0     6.556     1.000     1.000     0.2107      0.0000      0.0000      0.0000
838     E         C           92           ASP           94.33           321      0      0     6.556     1.000     1.000     0.2083      0.0000      0.0000      0.0000
839     E         C           93           PHE           95.35           321      0      0     6.556     1.000     1.000     0.1949      0.0000      0.0000      0.0000
840     E         C           94           PRO           95.98           321      0      0     6.556     1.000     1.000     0.2096      0.0000      0.0000      0.0000
841     E         C           95           LEU           96.35           321      0      0     6.556     1.000     1.000     0.1941      0.0000      0.0000      0.0000
842     E         C           96           ARG           95.54           321      0      0     6.556     1.000     1.000     0.1936      0.0000      0.0000      0.0000
843     E         C           97           LEU           94.34           321      0      0     6.556     1.000     1.000     0.1760      0.0000      0.0000      0.0000
844     E         C           98           LEU           90.53           321      0      0     6.556     1.000     1.000     0.1522      0.0000      0.0000      0.0000
845     E         C           99           SER           93.99           321      0      0     6.556     1.000     1.000     0.1555      0.0000      0.0000      0.0000
846     E         C          100           ALA           94.10           321      0      0     6.556     1.000     1.000     0.1580      0.0000      0.0000      0.0000
847     E         C          101           ALA           94.74           321      0      0     6.556     1.000     1.000     0.1664      0.0000      0.0000      0.0000
848     E         C          102           PRO           93.70           321      0      0     6.556     1.000     1.000     0.1772      0.0000      0.0000      0.0000
849     E         C          103           SER           94.39           321      0      0     6.556     1.000     1.000     0.1852      0.0000      0.0000      0.0000
850     E         C          104           GLN           94.69           321      0      0     6.556     1.000     1.000     0.1787      0.0000      0.0000      0.0000
851     E         C          105           THR           94.24           321      0      0     6.556     1.000     1.000     0.1822      0.0000      0.0000      0.0000
852     E         C          106           SER           94.88           321      0      0     6.556     1.000     1.000     0.1673      0.0000      0.0000      0.0000
853     E         C          107           VAL           95.65           321      0      0     6.556     1.000     1.000     0.1829      0.0000      0.0000      0.0000
854     E         C          108           TYR           96.54           321      0      0     6.556     1.000     1.000     0.1903      0.0000      0.0000      0.0000
855     E         C          109           PHE           96.17           321      0      0     6.556     1.000     1.000     0.1928      0.0000      0.0000      0.0000
856     E         C          110           CYS           95.71           321      0      0     6.556     1.000     1.000     0.2081      0.0000      0.0000      0.0000
857     E         C          111           ALA           94.30           321      0      0     6.556     1.000     1.000     0.1975      0.0000      0.0000      0.0000
858     E         C          112           SER           92.76           321      0      0     6.556     1.000     1.000     0.2051      0.0000      0.0000      0.0000
859     E         C          113           GLN           88.20           321      0      0     6.556     1.000     1.000     0.1953      0.0000      0.0000      0.0000
860     E         C          114           LYS           81.61           321      0      0     6.556     1.000     1.000     0.2003      0.0000      0.0000      0.0000
861     E         C          115           SER           75.75           321      0      0     6.556     1.000     1.000     0.2115      0.0000      0.0000      0.0000
862     E         C          116           GLY           65.16           321      0      0     6.556     1.000     1.000     0.2262      0.0000      0.0000      0.0000
863     E         C          117           SER           68.06           321      0      0     6.556     1.000     1.000     0.1913      0.0000      0.0000      0.0000
864     E         C          118           SER           69.94           321      0      0     6.556     1.000     1.000     0.1838      0.0000      0.0000      0.0000
865     E         C          119           TYR           75.27           321      0      0     6.556     1.000     1.000     0.1746      0.0000      0.0000      0.0000
866     E         C          120           ASN           79.30           321      0      0     6.556     1.000     1.000     0.1688      0.0000      0.0000      0.0000
867     E         C          121           GLU           85.83           321      0      0     6.556     1.000     1.000     0.1927      0.0000      0.0000      0.0000
868     E         C          122           GLN           90.54           321      0      0     6.556     1.000     1.000     0.1964      0.0000      0.0000      0.0000
869     E         C          123           PHE           93.53           321      0      0     6.556     1.000     1.000     0.1949      0.0000      0.0000      0.0000
870     E         C          124           PHE           94.65           321      0      0     6.556     1.000     1.000     0.2012      0.0000      0.0000      0.0000
871     E         C          125           GLY           94.39           321      0      0     6.556     1.000     1.000     0.1984      0.0000      0.0000      0.0000
872     E         C          126           PRO           93.87           321      0      0     6.556     1.000     1.000     0.1968      0.0000      0.0000      0.0000
873     E         C          127           GLY           94.66           321      0      0     6.556     1.000     1.000     0.1793      0.0000      0.0000      0.0000
874     E         C          128           THR           95.65           321      0      0     6.556     1.000     1.000     0.1843      0.0000      0.0000      0.0000
875     E         C          129           ARG           95.49           321      0      0     6.556     1.000     1.000     0.1804      0.0000      0.0000      0.0000
876     E         C          130           LEU           95.73           321      0      0     6.556     1.000     1.000     0.1773      0.0000      0.0000      0.0000
877     E         C          131           THR           94.51           321      0      0     6.556     1.000     1.000     0.1779      0.0000      0.0000      0.0000
878     E         C          132           VAL           94.79           321      0      0     6.556     1.000     1.000     0.1758      0.0000      0.0000      0.0000
879     E         C          133           LEU           93.39           321      0      0     6.556     1.000     1.000     0.1699      0.0000      0.0000      0.0000
880     E         C          134           GLU           91.90           321      0      0     6.556     1.000     1.000     0.1556      0.0000      0.0000      0.0000
881     E         C          135           ASP           90.50           321      0      0     6.556     1.000     1.000     0.1319      0.0000      0.0000      0.0000
882     E         C          136           LEU           91.27           321      0      0     6.556     1.000     1.000     0.1446      0.0000      0.0000      0.0000
883     E         C          137           LYS           91.59           321      0      0     6.556     1.000     1.000     0.1383      0.0000      0.0000      0.0000
884     E         C          138           ASN           91.36           321      0      0     6.556     1.000     1.000     0.1354      0.0000      0.0000      0.0000
885     E         C          139           VAL           93.51           321      0      0     6.556     1.000     1.000     0.1555      0.0000      0.0000      0.0000
886     E         C          140           PHE           94.72           321      0      0     6.556     1.000     1.000     0.1608      0.0000      0.0000      0.0000
887     E         C          141           PRO           94.53           321      0      0     6.556     1.000     1.000     0.1535      0.0000      0.0000      0.0000
888     E         C          142           PRO           95.27           321      0      0     6.556     1.000     1.000     0.1527      0.0000      0.0000      0.0000
889     E         C          143           GLU           93.90           321      0      0     6.556     1.000     1.000     0.1560      0.0000      0.0000      0.0000
890     E         C          144           VAL           94.04           321      0      0     6.556     1.000     1.000     0.1553      0.0000      0.0000      0.0000
891     E         C          145           ALA           93.70           321      0      0     6.556     1.000     1.000     0.1537      0.0000      0.0000      0.0000
892     E         C          146           VAL           94.08           321      0      0     6.556     1.000     1.000     0.1581      0.0000      0.0000      0.0000
893     E         C          147           PHE           94.15           321      0      0     6.556     1.000     1.000     0.1599      0.0000      0.0000      0.0000
894     E         C          148           GLU           92.42           321      0      0     6.556     1.000     1.000     0.1467      0.0000      0.0000      0.0000
895     E         C          149           PRO           92.61           321      0      0     6.556     1.000     1.000     0.1416      0.0000      0.0000      0.0000
896     E         C          150           SER           89.95           321      0      0     6.556     1.000     1.000     0.1247      0.0000      0.0000      0.0000
897     E         C          151           GLU           88.39           321      0      0     6.556     1.000     1.000     0.1287      0.0000      0.0000      0.0000
898     E         C          152           ALA           88.71           321      0      0     6.556     1.000     1.000     0.1308      0.0000      0.0000      0.0000
899     E         C          153           GLU           90.80           321      0      0     6.556     1.000     1.000     0.1445      0.0000      0.0000      0.0000
900     E         C          154           ILE           89.80           321      0      0     6.556     1.000     1.000     0.1439      0.0000      0.0000      0.0000
901     E         C          155           SER           88.54           321      0      0     6.556     1.000     1.000     0.1276      0.0000      0.0000      0.0000
902     E         C          156           HIS           88.30           321      0      0     6.556     1.000     1.000     0.1211      0.0000      0.0000      0.0000
903     E         C          157           THR           88.92           321      0      0     6.556     1.000     1.000     0.1165      0.0000      0.0000      0.0000
904     E         C          158           GLN           90.23           321      0      0     6.556     1.000     1.000     0.1262      0.0000      0.0000      0.0000
905     E         C          159           LYS           91.89           321      0      0     6.556     1.000     1.000     0.1412      0.0000      0.0000      0.0000
906     E         C          160           ALA           93.12           321      0      0     6.556     1.000     1.000     0.1497      0.0000      0.0000      0.0000
907     E         C          161           THR           94.18           321      0      0     6.556     1.000     1.000     0.1578      0.0000      0.0000      0.0000
908     E         C          162           LEU           94.56           321      0      0     6.556     1.000     1.000     0.1675      0.0000      0.0000      0.0000
909     E         C          163           VAL           95.21           321      0      0     6.556     1.000     1.000     0.1655      0.0000      0.0000      0.0000
910     E         C          164           CYS           95.09           321      0      0     6.556     1.000     1.000     0.1625      0.0000      0.0000      0.0000
911     E         C          165           LEU           94.53           321      0      0     6.556     1.000     1.000     0.1645      0.0000      0.0000      0.0000
912     E         C          166           ALA           94.89           321      0      0     6.556     1.000     1.000     0.1605      0.0000      0.0000      0.0000
913     E         C          167           THR           93.70           321      0      0     6.556     1.000     1.000     0.1516      0.0000      0.0000      0.0000
914     E         C          168           GLY           93.27           321      0      0     6.556     1.000     1.000     0.1450      0.0000      0.0000      0.0000
915     E         C          169           PHE           95.20           321      0      0     6.556     1.000     1.000     0.1577      0.0000      0.0000      0.0000
916     E         C          170           TYR           95.04           321      0      0     6.556     1.000     1.000     0.1603      0.0000      0.0000      0.0000
917     E         C          171           PRO           94.21           321      0      0     6.556     1.000     1.000     0.1447      0.0000      0.0000      0.0000
918     E         C          172           ASP           93.27           321      0      0     6.556     1.000     1.000     0.1396      0.0000      0.0000      0.0000
919     E         C          173           HIS           94.52           321      0      0     6.556     1.000     1.000     0.1491      0.0000      0.0000      0.0000
920     E         C          174           VAL           95.11           321      0      0     6.556     1.000     1.000     0.1589      0.0000      0.0000      0.0000
921     E         C          175           GLU           95.34           321      0      0     6.556     1.000     1.000     0.1533      0.0000      0.0000      0.0000
922     E         C          176           LEU           95.43           321      0      0     6.556     1.000     1.000     0.1585      0.0000      0.0000      0.0000
923     E         C          177           SER           95.83           321      0      0     6.556     1.000     1.000     0.1505      0.0000      0.0000      0.0000
924     E         C          178           TRP           96.27           321      0      0     6.556     1.000     1.000     0.1620      0.0000      0.0000      0.0000
925     E         C          179           TRP           96.34           321      0      0     6.556     1.000     1.000     0.1500      0.0000      0.0000      0.0000
926     E         C          180           VAL           95.32           321      0      0     6.556     1.000     1.000     0.1457      0.0000      0.0000      0.0000
927     E         C          181           ASN           93.99           321      0      0     6.556     1.000     1.000     0.1269      0.0000      0.0000      0.0000
928     E         C          182           GLY           93.26           321      0      0     6.556     1.000     1.000     0.1186      0.0000      0.0000      0.0000
929     E         C          183           LYS           95.05           321      0      0     6.556     1.000     1.000     0.1290      0.0000      0.0000      0.0000
930     E         C          184           GLU           95.65           321      0      0     6.556     1.000     1.000     0.1451      0.0000      0.0000      0.0000
931     E         C          185           VAL           95.04           321      0      0     6.556     1.000     1.000     0.1432      0.0000      0.0000      0.0000
932     E         C          186           HIS           92.55           321      0      0     6.556     1.000     1.000     0.1389      0.0000      0.0000      0.0000
933     E         C          187           SER           91.76           321      0      0     6.556     1.000     1.000     0.1291      0.0000      0.0000      0.0000
934     E         C          188           GLY           92.65           321      0      0     6.556     1.000     1.000     0.1222      0.0000      0.0000      0.0000
935     E         C          189           VAL           94.51           321      0      0     6.556     1.000     1.000     0.1396      0.0000      0.0000      0.0000
936     E         C          190           SER           94.39           321      0      0     6.556     1.000     1.000     0.1416      0.0000      0.0000      0.0000
937     E         C          191           THR           93.67           321      0      0     6.556     1.000     1.000     0.1522      0.0000      0.0000      0.0000
938     E         C          192           ASP           93.13           321      0      0     6.556     1.000     1.000     0.1540      0.0000      0.0000      0.0000
939     E         C          193           PRO           90.45           321      0      0     6.556     1.000     1.000     0.1416      0.0000      0.0000      0.0000
940     E         C          194           GLN           90.43           321      0      0     6.556     1.000     1.000     0.1375      0.0000      0.0000      0.0000
941     E         C          195           PRO           92.79           321      0      0     6.556     1.000     1.000     0.1460      0.0000      0.0000      0.0000
942     E         C          196           LEU           92.07           321      0      0     6.556     1.000     1.000     0.1441      0.0000      0.0000      0.0000
943     E         C          197           LYS           90.90           321      0      0     6.556     1.000     1.000     0.1436      0.0000      0.0000      0.0000
944     E         C          198           GLU           89.51           321      0      0     6.556     1.000     1.000     0.1335      0.0000      0.0000      0.0000
945     E         C          199           GLN           87.83           321      0      0     6.556     1.000     1.000     0.1112      0.0000      0.0000      0.0000
946     E         C          200           PRO           85.06           321      0      0     6.556     1.000     1.000     0.0973      0.0000      0.0000      0.0000
947     E         C          201           ALA           84.99           321      0      0     6.556     1.000     1.000     0.0908      0.0000      0.0000      0.0000
948     E         C          202           LEU           85.20           321      0      0     6.556     1.000     1.000     0.0884      0.0000      0.0000      0.0000
949     E         C          203           ASN           83.09           321      0      0     6.556     1.000     1.000     0.0890      0.0000      0.0000      0.0000
950     E         C          204           ASP           86.10           321      0      0     6.556     1.000     1.000     0.0871      0.0000      0.0000      0.0000
951     E         C          205           SER           90.01           321      0      0     6.556     1.000     1.000     0.1111      0.0000      0.0000      0.0000
952     E         C          206           ARG           93.29           321      0      0     6.556     1.000     1.000     0.1558      0.0000      0.0000      0.0000
953     E         C          207           TYR           94.59           321      0      0     6.556     1.000     1.000     0.1602      0.0000      0.0000      0.0000
954     E         C          208           CYS           94.55           321      0      0     6.556     1.000     1.000     0.1605      0.0000      0.0000      0.0000
955     E         C          209           LEU           95.29           321      0      0     6.556     1.000     1.000     0.1581      0.0000      0.0000      0.0000
956     E         C          210           SER           95.35           321      0      0     6.556     1.000     1.000     0.1560      0.0000      0.0000      0.0000
957     E         C          211           SER           95.73           321      0      0     6.556     1.000     1.000     0.1548      0.0000      0.0000      0.0000
958     E         C          212           ARG           95.26           321      0      0     6.556     1.000     1.000     0.1538      0.0000      0.0000      0.0000
959     E         C          213           LEU           95.47           321      0      0     6.556     1.000     1.000     0.1637      0.0000      0.0000      0.0000
960     E         C          214           ARG           95.01           321      0      0     6.556     1.000     1.000     0.1507      0.0000      0.0000      0.0000
961     E         C          215           VAL           94.19           321      0      0     6.556     1.000     1.000     0.1483      0.0000      0.0000      0.0000
962     E         C          216           SER           92.73           321      0      0     6.556     1.000     1.000     0.1354      0.0000      0.0000      0.0000
963     E         C          217           ALA           91.16           321      0      0     6.556     1.000     1.000     0.1351      0.0000      0.0000      0.0000
964     E         C          218           THR           90.71           321      0      0     6.556     1.000     1.000     0.1301      0.0000      0.0000      0.0000
965     E         C          219           PHE           92.77           321      0      0     6.556     1.000     1.000     0.1474      0.0000      0.0000      0.0000
966     E         C          220           TRP           92.64           321      0      0     6.556     1.000     1.000     0.1571      0.0000      0.0000      0.0000
967     E         C          221           GLN           89.78           321      0      0     6.556     1.000     1.000     0.1427      0.0000      0.0000      0.0000
968     E         C          222           ASN           90.56           321      0      0     6.556     1.000     1.000     0.1290      0.0000      0.0000      0.0000
969     E         C          223           PRO           89.19           321      0      0     6.556     1.000     1.000     0.1235      0.0000      0.0000      0.0000
970     E         C          224           ARG           89.15           321      0      0     6.556     1.000     1.000     0.1196      0.0000      0.0000      0.0000
971     E         C          225           ASN           92.49           321      0      0     6.556     1.000     1.000     0.1346      0.0000      0.0000      0.0000
972     E         C          226           HIS           94.31           321      0      0     6.556     1.000     1.000     0.1462      0.0000      0.0000      0.0000
973     E         C          227           PHE           95.22           321      0      0     6.556     1.000     1.000     0.1592      0.0000      0.0000      0.0000
974     E         C          228           ARG           95.62           321      0      0     6.556     1.000     1.000     0.1524      0.0000      0.0000      0.0000
975     E         C          229           CYS           95.29           321      0      0     6.556     1.000     1.000     0.1583      0.0000      0.0000      0.0000
976     E         C          230           GLN           96.32           321      0      0     6.556     1.000     1.000     0.1518      0.0000      0.0000      0.0000
977     E         C          231           VAL           96.04           321      0      0     6.556     1.000     1.000     0.1636      0.0000      0.0000      0.0000
978     E         C          232           GLN           96.47           321      0      0     6.556     1.000     1.000     0.1579      0.0000      0.0000      0.0000
979     E         C          233           PHE           95.95           321      0      0     6.556     1.000     1.000     0.1692      0.0000      0.0000      0.0000
980     E         C          234           TYR           95.02           321      0      0     6.556     1.000     1.000     0.1603      0.0000      0.0000      0.0000
981     E         C          235           GLY           92.57           321      0      0     6.556     1.000     1.000     0.1380      0.0000      0.0000      0.0000
982     E         C          236           LEU           92.07           321      0      0     6.556     1.000     1.000     0.1391      0.0000      0.0000      0.0000
983     E         C          237           SER           89.40           321      0      0     6.556     1.000     1.000     0.1130      0.0000      0.0000      0.0000
984     E         C          238           GLU           86.84           321      0      0     6.556     1.000     1.000     0.1032      0.0000      0.0000      0.0000
985     E         C          239           ASN           86.11           321      0      0     6.556     1.000     1.000     0.0989      0.0000      0.0000      0.0000
986     E         C          240           ASP           86.94           321      0      0     6.556     1.000     1.000     0.1052      0.0000      0.0000      0.0000
987     E         C          241           GLU           86.44           321      0      0     6.556     1.000     1.000     0.1022      0.0000      0.0000      0.0000
988     E         C          242           TRP           89.23           321      0      0     6.556     1.000     1.000     0.1153      0.0000      0.0000      0.0000
989     E         C          243           THR           88.11           321      0      0     6.556     1.000     1.000     0.0933      0.0000      0.0000      0.0000
990     E         C          244           GLN           88.23           321      0      0     6.556     1.000     1.000     0.0943      0.0000      0.0000      0.0000
991     E         C          245           ASP           90.42           321      0      0     6.556     1.000     1.000     0.0909      0.0000      0.0000      0.0000
992     E         C          246           ARG           90.09           321      0      0     6.556     1.000     1.000     0.1078      0.0000      0.0000      0.0000
993     E         C          247           ALA           91.18           321      0      0     6.556     1.000     1.000     0.1178      0.0000      0.0000      0.0000
994     E         C          248           LYS           92.04           321      0      0     6.556     1.000     1.000     0.1295      0.0000      0.0000      0.0000
995     E         C          249           PRO           92.58           321      0      0     6.556     1.000     1.000     0.1257      0.0000      0.0000      0.0000
996     E         C          250           VAL           91.55           321      0      0     6.556     1.000     1.000     0.1285      0.0000      0.0000      0.0000
997     E         C          251           THR           92.64           321      0      0     6.556     1.000     1.000     0.1418      0.0000      0.0000      0.0000
998     E         C          252           GLN           94.37           321      0      0     6.556     1.000     1.000     0.1384      0.0000      0.0000      0.0000
999     E         C          253           ILE           94.17           321      0      0     6.556     1.000     1.000     0.1407      0.0000      0.0000      0.0000
1000    E         C          254           VAL           93.76           321      0      0     6.556     1.000     1.000     0.1459      0.0000      0.0000      0.0000
1001    E         C          255           SER           93.09           321      0      0     6.556     1.000     1.000     0.1259      0.0000      0.0000      0.0000
1002    E         C          256           ALA           92.78           321      0      0     6.556     1.000     1.000     0.1317      0.0000      0.0000      0.0000
1003    E         C          257           GLU           92.37           321      0      0     6.556     1.000     1.000     0.1136      0.0000      0.0000      0.0000
1004    E         C          258           ALA           91.34           321      0      0     6.556     1.000     1.000     0.1243      0.0000      0.0000      0.0000
1005    E         C          259           TRP           90.59           321      0      0     6.556     1.000     1.000     0.1267      0.0000      0.0000      0.0000
1006    E         C          260           GLY           87.56           321      0      0     6.556     1.000     1.000     0.1122      0.0000      0.0000      0.0000
1007    E         C          261           ARG           86.70           321      0      0     6.556     1.000     1.000     0.0973      0.0000      0.0000      0.0000
1008    E         C          262           ALA           81.09           321      0      0     6.556     1.000     1.000     0.0872      0.0000      0.0000      0.0000
1009    E         C          263           ASP           79.30           321      0      0     6.556     1.000     1.000     0.0752      0.0000      0.0000      0.0000
1010    E         C          264           CYS           79.26           321      0      0     6.556     1.000     1.000     0.0701      0.0000      0.0000      0.0000
1011    E         C          265           GLY           71.79           321      0      0     6.556     1.000     1.000     0.0649      0.0000      0.0000      0.0000
1012    E         C          266           PHE           72.78           321      0      0     6.556     1.000     1.000     0.0731      0.0000      0.0000      0.0000
1013    E         C          267           THR           77.84           321      0      0     6.556     1.000     1.000     0.0753      0.0000      0.0000      0.0000
1014    E         C          268           SER           74.10           321      0      0     6.556     1.000     1.000     0.0773      0.0000      0.0000      0.0000
1015    E         C          269           GLU           77.56           321      0      0     6.556     1.000     1.000     0.0852      0.0000      0.0000      0.0000
1016    E         C          270           SER           78.18           321      0      0     6.556     1.000     1.000     0.0865      0.0000      0.0000      0.0000
1017    E         C          271           TYR           80.66           321      0      0     6.556     1.000     1.000     0.0920      0.0000      0.0000      0.0000
1018    E         C          272           GLN           78.15           321      0      0     6.556     1.000     1.000     0.0847      0.0000      0.0000      0.0000
1019    E         C          273           GLN           77.53           321      0      0     6.556     1.000     1.000     0.0870      0.0000      0.0000      0.0000
1020    E         C          274           GLY           78.22           321      0      0     6.556     1.000     1.000     0.0864      0.0000      0.0000      0.0000
1021    E         C          275           VAL           84.43           321      0      0     6.556     1.000     1.000     0.0893      0.0000      0.0000      0.0000
1022    E         C          276           LEU           80.74           321      0      0     6.556     1.000     1.000     0.0841      0.0000      0.0000      0.0000
1023    E         C          277           SER           81.97           321      0      0     6.556     1.000     1.000     0.0833      0.0000      0.0000      0.0000
1024    E         C          278           ALA           82.89           321      0      0     6.556     1.000     1.000     0.0850      0.0000      0.0000      0.0000
1025    E         C          279           THR           85.82           321      0      0     6.556     1.000     1.000     0.0822      0.0000      0.0000      0.0000
1026    E         C          280           ILE           85.64           321      0      0     6.556     1.000     1.000     0.0804      0.0000      0.0000      0.0000
1027    E         C          281           LEU           85.42           321      0      0     6.556     1.000     1.000     0.0801      0.0000      0.0000      0.0000
1028    E         C          282           TYR           85.79           321      0      0     6.556     1.000     1.000     0.0822      0.0000      0.0000      0.0000
1029    E         C          283           GLU           85.12           321      0      0     6.556     1.000     1.000     0.0758      0.0000      0.0000      0.0000
1030    E         C          284           ILE           84.19           321      0      0     6.556     1.000     1.000     0.0752      0.0000      0.0000      0.0000
1031    E         C          285           LEU           83.86           321      0      0     6.556     1.000     1.000     0.0772      0.0000      0.0000      0.0000
1032    E         C          286           LEU           85.58           321      0      0     6.556     1.000     1.000     0.0769      0.0000      0.0000      0.0000
1033    E         C          287           GLY           85.22           321      0      0     6.556     1.000     1.000     0.0744      0.0000      0.0000      0.0000
1034    E         C          288           LYS           83.24           321      0      0     6.556     1.000     1.000     0.0711      0.0000      0.0000      0.0000
1035    E         C          289           ALA           82.50           321      0      0     6.556     1.000     1.000     0.0761      0.0000      0.0000      0.0000
1036    E         C          290           THR           87.71           321      0      0     6.556     1.000     1.000     0.0706      0.0000      0.0000      0.0000
1037    E         C          291           LEU           86.37           321      0      0     6.556     1.000     1.000     0.0721      0.0000      0.0000      0.0000
1038    E         C          292           TYR           86.56           321      0      0     6.556     1.000     1.000     0.0714      0.0000      0.0000      0.0000
1039    E         C          293           ALA           85.43           321      0      0     6.556     1.000     1.000     0.0705      0.0000      0.0000      0.0000
1040    E         C          294           VAL           90.71           321      0      0     6.556     1.000     1.000     0.0668      0.0000      0.0000      0.0000
1041    E         C          295           LEU           87.31           321      0      0     6.556     1.000     1.000     0.0672      0.0000      0.0000      0.0000
1042    E         C          296           VAL           87.02           321      0      0     6.556     1.000     1.000     0.0660      0.0000      0.0000      0.0000
1043    E         C          297           SER           88.19           321      0      0     6.556     1.000     1.000     0.0639      0.0000      0.0000      0.0000
1044    E         C          298           ALA           87.41           321      0      0     6.556     1.000     1.000     0.0633      0.0000      0.0000      0.0000
1045    E         C          299           LEU           84.99           321      0      0     6.556     1.000     1.000     0.0645      0.0000      0.0000      0.0000
1046    E         C          300           VAL           84.29           321      0      0     6.556     1.000     1.000     0.0614      0.0000      0.0000      0.0000
1047    E         C          301           LEU           86.80           321      0      0     6.556     1.000     1.000     0.0592      0.0000      0.0000      0.0000
1048    E         C          302           MET           86.08           321      0      0     6.556     1.000     1.000     0.0602      0.0000      0.0000      0.0000
1049    E         C          303           ALA           81.74           321      0      0     6.556     1.000     1.000     0.0582      0.0000      0.0000      0.0000
1050    E         C          304           MET           83.18           321      0      0     6.556     1.000     1.000     0.0543      0.0000      0.0000      0.0000
1051    E         C          305           VAL           84.97           321      0      0     6.556     1.000     1.000     0.0548      0.0000      0.0000      0.0000
1052    E         C          306           LYS           83.36           321      0      0     6.556     1.000     1.000     0.0522      0.0000      0.0000      0.0000
1053    E         C          307           ARG           81.89           321      0      0     6.556     1.000     1.000     0.0506      0.0000      0.0000      0.0000
1054    E         C          308           LYS           79.79           321      0      0     6.556     1.000     1.000     0.0498      0.0000      0.0000      0.0000
1055    E         C          309           ASP           79.55           321      0      0     6.556     1.000     1.000     0.0494      0.0000      0.0000      0.0000
1056    E         C          310           SER           77.85           321      0      0     6.556     1.000     1.000     0.0482      0.0000      0.0000      0.0000
1057    E         C          311           ARG           69.80           321      0      0     6.556     1.000     1.000     0.0445      0.0000      0.0000      0.0000
1058    E         C          312           GLY           52.79           321      0      0     6.556     1.000     1.000     0.0426      0.0000      0.0000      0.0000
747     E         D            1           MET           23.77           588    545      0     8.499     8.235     1.000     0.0681      0.0000      0.0000      0.0000
748     E         D            2           SER           28.77           588    545      0     8.499     8.235     1.000     0.0686      0.0000      0.0000      0.0000
749     E         D            3           ILE           31.84           588    545      0     8.499     8.235     1.000     0.0692      0.0000      0.0000      0.0000
750     E         D            4           GLY           32.60           588    545      0     8.499     8.235     1.000     0.0689      0.0000      0.0000      0.0000
751     E         D            5           LEU           30.66           588    545      0     8.499     8.235     1.000     0.0700      0.0000      0.0000      0.0000
752     E         D            6           LEU           30.07           588    545      0     8.499     8.235     1.000     0.0700      0.0000      0.0000      0.0000
753     E         D            7           CYS           27.87           588    545      0     8.499     8.235     1.000     0.0701      0.0000      0.0000      0.0000
754     E         D            8           CYS           29.73           588    545      0     8.499     8.235     1.000     0.0710      0.0000      0.0000      0.0000
755     E         D            9           ALA           30.51           588    545      0     8.499     8.235     1.000     0.0715      0.0000      0.0000      0.0000
756     E         D           10           ALA           31.26           588    545      0     8.499     8.235     1.000     0.0716      0.0000      0.0000      0.0000
757     E         D           11           LEU           26.99           588    545      0     8.499     8.235     1.000     0.0719      0.0000      0.0000      0.0000
758     E         D           12           SER           27.30           588    545      0     8.499     8.235     1.000     0.0727      0.0000      0.0000      0.0000
759     E         D           13           LEU           26.47           588    545      0     8.499     8.235     1.000     0.0731      0.0000      0.0000      0.0000
760     E         D           14           LEU           26.55           588    545      0     8.499     8.235     1.000     0.0736      0.0000      0.0000      0.0000
761     E         D           15           TRP           28.28           588    545      0     8.499     8.235     1.000     0.0751      0.0000      0.0000      0.0000
762     E         D           16           ALA           31.09           588    545      0     8.499     8.235     1.000     0.0759      0.0000      0.0000      0.0000
763     E         D           17           GLY           31.82           588    545      0     8.499     8.235     1.000     0.0770      0.0000      0.0000      0.0000
764     E         D           18           PRO           31.74           588    545      0     8.499     8.235     1.000     0.0788      0.0000      0.0000      0.0000
765     E         D           19           VAL           36.06           588    545      0     8.499     8.235     1.000     0.0816      0.0000      0.0000      0.0000
766     E         D           20           ASN           44.37           588    545      0     8.499     8.235     1.000     0.0839      0.0000      0.0000      0.0000
767     E         D           21           ALA           56.03           588    545      0     8.499     8.235     1.000     0.0963      0.0000      0.0000      0.0000
768     E         D           22           GLY           84.31           588    545      2     8.499     8.235     1.000     0.1546      0.4862      0.4704      0.0130
769     E         D           23           VAL           93.63           588    545    209     8.499     8.235     5.378     0.5675      0.6656      0.6521      0.4557
770     E         D           24           THR           94.72           588    545    226     8.499     8.235     5.582     0.6055      0.6881      0.6752      0.5018
771     E         D           25           GLN           94.98           588    545    225     8.499     8.235     5.570     0.6047      0.6881      0.6752      0.5012
772     E         D           26           THR           93.81           588    545    215     8.499     8.235     5.452     0.5509      0.6358      0.6217      0.4282
773     E         D           27           PRO           93.99           588    545    207     8.499     8.235     5.354     0.5347      0.6247      0.6102      0.4057
774     E         D           28           LYS           93.80           588    545    228     8.499     8.235     5.605     0.6356      0.7201      0.7079      0.5409
775     E         D           29           PHE           95.02           588    545    232     8.499     8.235     5.651     0.6684      0.7510      0.7398      0.5857
776     E         D           30           GLN           95.29           588    545    233     8.499     8.235     5.663     0.6514      0.7296      0.7177      0.5574
777     E         D           31           VAL           94.38           588    545    235     8.499     8.235     5.686     0.6579      0.7325      0.7207      0.5625
778     E         D           32           LEU           93.33           588    545    231     8.499     8.235     5.640     0.6319      0.7097      0.6972      0.5296
779     E         D           33           LYS           92.79           588    545    229     8.499     8.235     5.617     0.5998      0.6737      0.6602      0.4819
780     E         D           34           THR           93.25           588    545    227     8.499     8.235     5.594     0.5858      0.6612      0.6474      0.4656
781     E         D           35           GLY           92.99           588    545    194     8.499     8.235     5.188     0.4542      0.5382      0.5227      0.3063
782     E         D           36           GLN           91.47           588    545    202     8.499     8.235     5.291     0.4951      0.5843      0.5692      0.3576
783     E         D           37           SER           92.67           588    545    200     8.499     8.235     5.266     0.4958      0.5865      0.5716      0.3595
784     E         D           38           MET           93.81           588    545    194     8.499     8.235     5.188     0.4766      0.5706      0.5556      0.3388
785     E         D           39           THR           95.25           588    545    230     8.499     8.235     5.629     0.6190      0.6964      0.6838      0.5154
786     E         D           40           LEU           95.75           588    545    234     8.499     8.235     5.674     0.6618      0.7399      0.7284      0.5739
787     E         D           41           GLN           95.57           588    545    231     8.499     8.235     5.640     0.6311      0.7091      0.6966      0.5307
788     E         D           42           CYS           95.82           588    545    230     8.499     8.235     5.629     0.6412      0.7241      0.7122      0.5519
789     E         D           43           ALA           95.29           588    545    227     8.499     8.235     5.594     0.6041      0.6843      0.6713      0.4971
790     E         D           44           GLN           94.03           588    545    210     8.499     8.235     5.391     0.5530      0.6463      0.6325      0.4367
791     E         D           45           ASP           90.12           588    545    188     8.499     8.235     5.109     0.4849      0.5905      0.5759      0.3546
792     E         D           46           MET           87.54           588    545    200     8.499     8.235     5.266     0.5318      0.6354      0.6215      0.4159
793     E         D           47           ASN           84.78           588    545    202     8.499     8.235     5.291     0.5317      0.6315      0.6176      0.4141
794     E         D           48           HIS           87.03           588    545    213     8.499     8.235     5.427     0.5853      0.6839      0.6712      0.4895
795     E         D           49           GLU           83.70           588    545    214     8.499     8.235     5.439     0.5858      0.6837      0.6710      0.4895
796     E         D           50           TYR           87.64           588    545    222     8.499     8.235     5.535     0.6190      0.7125      0.7005      0.5329
797     E         D           51           MET           91.82           588    545    229     8.499     8.235     5.617     0.6668      0.7555      0.7448      0.5963
798     E         D           52           SER           93.41           588    545    225     8.499     8.235     5.570     0.6326      0.7234      0.7117      0.5485
799     E         D           53           TRP           95.41           588    545    237     8.499     8.235     5.708     0.7178      0.7985      0.7894      0.6637
800     E         D           54           TYR           95.37           588    545    237     8.499     8.235     5.708     0.7247      0.8061      0.7971      0.6738
801     E         D           55           ARG           95.35           588    545    230     8.499     8.235     5.629     0.6881      0.7790      0.7691      0.6286
802     E         D           56           GLN           94.91           588    545    227     8.499     8.235     5.594     0.6665      0.7613      0.7507      0.6014
803     E         D           57           ASP           92.74           588    545    210     8.499     8.235     5.391     0.6218      0.7395      0.7280      0.5500
804     E         D           58           PRO           87.88           588    545    196     8.499     8.235     5.214     0.4952      0.6091      0.5949      0.3846
805     E         D           59           GLY           83.49           588    545    136     8.499     8.235     4.333     0.4167      0.5818      0.5673      0.2840
806     E         D           60           MET           86.11           588    545    128     8.499     8.235     4.195     0.4138      0.5982      0.5841      0.2883
807     E         D           61           GLY           86.34           588    545    132     8.499     8.235     4.265     0.4241      0.6178      0.6040      0.3157
808     E         D           62           LEU           92.17           588    545    206     8.499     8.235     5.341     0.6085      0.7321      0.7206      0.5432
809     E         D           63           ARG           93.54           588    545    230     8.499     8.235     5.629     0.6931      0.7845      0.7748      0.6377
810     E         D           64           LEU           92.70           588    545    232     8.499     8.235     5.651     0.6916      0.7782      0.7683      0.6308
811     E         D           65           ILE           94.18           588    545    232     8.499     8.235     5.651     0.6969      0.7830      0.7731      0.6354
812     E         D           66           HIS           93.35           588    545    228     8.499     8.235     5.605     0.6455      0.7322      0.7208      0.5638
813     E         D           67           TYR           90.37           588    545    224     8.499     8.235     5.559     0.6309      0.7222      0.7104      0.5463
814     E         D           68           SER           89.20           588    545    219     8.499     8.235     5.500     0.6135      0.7091      0.6970      0.5250
815     E         D           69           VAL           79.75           588    545    208     8.499     8.235     5.366     0.5698      0.6748      0.6617      0.4695
816     E         D           70           GLY           80.57           588    545    166     8.499     8.235     4.803     0.4824      0.6193      0.6052      0.3587
817     E         D           71           ALA           81.03           588    545    173     8.499     8.235     4.904     0.4790      0.6011      0.5866      0.3474
818     E         D           72           GLY           79.22           588    545    123     8.499     8.235     4.105     0.4117      0.5691      0.5541      0.2458
819     E         D           73           ILE           79.82           588    545    197     8.499     8.235     5.227     0.5222      0.6302      0.6163      0.4071
820     E         D           74           THR           84.83           588    545    205     8.499     8.235     5.329     0.5495      0.6533      0.6398      0.4418
821     E         D           75           ASP           84.64           588    545    205     8.499     8.235     5.329     0.5548      0.6654      0.6522      0.4557
822     E         D           76           GLN           87.65           588    545    205     8.499     8.235     5.329     0.5497      0.6582      0.6448      0.4474
823     E         D           77           GLY           87.17           588    545    204     8.499     8.235     5.316     0.5191      0.6246      0.6107      0.4110
824     E         D           78           GLU           87.92           588    545    205     8.499     8.235     5.329     0.5388      0.6448      0.6312      0.4336
825     E         D           79           VAL           91.18           588    545    204     8.499     8.235     5.316     0.5525      0.6592      0.6458      0.4476
826     E         D           80           PRO           91.18           588    545    194     8.499     8.235     5.188     0.5075      0.6191      0.6050      0.3928
827     E         D           81           ASN           91.45           588    545    164     8.499     8.235     4.774     0.4661      0.5991      0.5846      0.3348
828     E         D           82           GLY           92.30           588    545    190     8.499     8.235     5.136     0.4722      0.5702      0.5554      0.3366
829     E         D           83           TYR           94.94           588    545    225     8.499     8.235     5.570     0.6104      0.6946      0.6819      0.5084
830     E         D           84           ASN           94.31           588    545    203     8.499     8.235     5.304     0.5221      0.6183      0.6039      0.3972
831     E         D           85           VAL           93.36           588    545    199     8.499     8.235     5.253     0.5089      0.6095      0.5950      0.3849
832     E         D           86           SER           91.01           588    545    140     8.499     8.235     4.400     0.4253      0.5696      0.5547      0.2726
833     E         D           87           ARG           91.08           588    545    177     8.499     8.235     4.960     0.4718      0.5854      0.5707      0.3361
834     E         D           88           SER           89.01           588    545    147     8.499     8.235     4.514     0.4272      0.5518      0.5366      0.2660
835     E         D           89           THR           88.30           588    545    187     8.499     8.235     5.096     0.4926      0.5972      0.5827      0.3595
836     E         D           90           THR           88.14           588    545    214     8.499     8.235     5.439     0.5668      0.6573      0.6437      0.4538
837     E         D           91           GLU           91.72           588    545    213     8.499     8.235     5.427     0.5568      0.6464      0.6326      0.4386
838     E         D           92           ASP           94.33           588    545    219     8.499     8.235     5.500     0.5761      0.6619      0.6483      0.4627
839     E         D           93           PHE           95.35           588    545    232     8.499     8.235     5.651     0.6496      0.7292      0.7175      0.5607
840     E         D           94           PRO           95.98           588    545    230     8.499     8.235     5.629     0.6203      0.6971      0.6844      0.5155
841     E         D           95           LEU           96.35           588    545    233     8.499     8.235     5.663     0.6584      0.7378      0.7264      0.5718
842     E         D           96           ARG           95.54           588    545    216     8.499     8.235     5.464     0.5779      0.6660      0.6526      0.4642
843     E         D           97           LEU           94.34           588    545    204     8.499     8.235     5.316     0.5383      0.6326      0.6183      0.4108
844     E         D           98           LEU           90.53           588    545    122     8.499     8.235     4.087     0.3942      0.5230      0.5076      0.2082
845     E         D           99           SER           93.99           588    545    198     8.499     8.235     5.240     0.4614      0.5441      0.5286      0.3158
846     E         D          100           ALA           94.10           588    545    206     8.499     8.235     5.341     0.5374      0.6317      0.6173      0.4099
847     E         D          101           ALA           94.74           588    545    213     8.499     8.235     5.427     0.5827      0.6782      0.6648      0.4709
848     E         D          102           PRO           93.70           588    545    228     8.499     8.235     5.605     0.6240      0.7054      0.6929      0.5228
849     E         D          103           SER           94.39           588    545    228     8.499     8.235     5.605     0.6329      0.7179      0.7058      0.5400
850     E         D          104           GLN           94.69           588    545    233     8.499     8.235     5.663     0.6750      0.7562      0.7453      0.5952
851     E         D          105           THR           94.24           588    545    236     8.499     8.235     5.697     0.6924      0.7711      0.7607      0.6192
852     E         D          106           SER           94.88           588    545    228     8.499     8.235     5.605     0.6546      0.7442      0.7330      0.5771
853     E         D          107           VAL           95.65           588    545    237     8.499     8.235     5.708     0.7045      0.7840      0.7742      0.6407
854     E         D          108           TYR           96.54           588    545    239     8.499     8.235     5.731     0.7353      0.8137      0.8050      0.6853
855     E         D          109           PHE           96.17           588    545    235     8.499     8.235     5.686     0.7172      0.8024      0.7933      0.6665
856     E         D          110           CYS           95.71           588    545    228     8.499     8.235     5.605     0.6598      0.7489      0.7379      0.5850
857     E         D          111           ALA           94.30           588    545    227     8.499     8.235     5.594     0.6504      0.7405      0.7293      0.5734
858     E         D          112           SER           92.76           588    545    206     8.499     8.235     5.341     0.5917      0.7036      0.6912      0.5040
859     E         D          113           GLN           88.20           588    545    202     8.499     8.235     5.291     0.5466      0.6553      0.6420      0.4440
860     E         D          114           LYS           81.61           588    545    206     8.499     8.235     5.341     0.5744      0.6827      0.6699      0.4796
861     E         D          115           SER           75.75           588    545    143     8.499     8.235     4.449     0.4426      0.5978      0.5833      0.3037
862     E         D          116           GLY           65.16           588    545     81     8.499     8.235     3.211     0.3314      0.5505      0.5354      0.1573
863     E         D          117           SER           68.06           588    545    114     8.499     8.235     3.936     0.3934      0.5964      0.5817      0.2542
864     E         D          118           SER           69.94           588    545    134     8.499     8.235     4.299     0.4376      0.6203      0.6062      0.3136
865     E         D          119           TYR           75.27           588    545    172     8.499     8.235     4.889     0.4990      0.6416      0.6282      0.3956
866     E         D          120           ASN           79.30           588    545    195     8.499     8.235     5.201     0.5449      0.6668      0.6540      0.4539
867     E         D          121           GLU           85.83           588    545    205     8.499     8.235     5.329     0.5983      0.7158      0.7040      0.5222
868     E         D          122           GLN           90.54           588    545    221     8.499     8.235     5.523     0.6371      0.7359      0.7248      0.5666
869     E         D          123           PHE           93.53           588    545    229     8.499     8.235     5.617     0.6907      0.7837      0.7740      0.6358
870     E         D          124           PHE           94.65           588    545    231     8.499     8.235     5.640     0.6892      0.7787      0.7688      0.6310
871     E         D          125           GLY           94.39           588    545    226     8.499     8.235     5.582     0.6246      0.7115      0.6995      0.5356
872     E         D          126           PRO           93.87           588    545    224     8.499     8.235     5.559     0.6163      0.7050      0.6927      0.5224
873     E         D          127           GLY           94.66           588    545    212     8.499     8.235     5.415     0.5887      0.6886      0.6758      0.4891
874     E         D          128           THR           95.65           588    545    234     8.499     8.235     5.674     0.6789      0.7599      0.7491      0.6018
875     E         D          129           ARG           95.49           588    545    233     8.499     8.235     5.663     0.6713      0.7527      0.7416      0.5906
876     E         D          130           LEU           95.73           588    545    237     8.499     8.235     5.708     0.6902      0.7675      0.7569      0.6145
877     E         D          131           THR           94.51           588    545    237     8.499     8.235     5.708     0.6940      0.7709      0.7604      0.6176
878     E         D          132           VAL           94.79           588    545    237     8.499     8.235     5.708     0.6873      0.7628      0.7519      0.6057
879     E         D          133           LEU           93.39           588    545    229     8.499     8.235     5.617     0.6137      0.6915      0.6785      0.5047
880     E         D          134           GLU           91.90           588    545    207     8.499     8.235     5.354     0.5321      0.6210      0.6063      0.3992
881     E         D          135           ASP           90.50           588    545    164     8.499     8.235     4.774     0.4260      0.5144      0.4988      0.2532
882     E         D          136           LEU           91.27           588    545    227     8.499     8.235     5.594     0.5405      0.6057      0.5910      0.4053
883     E         D          137           LYS           91.59           588    545    211     8.499     8.235     5.403     0.4910      0.5601      0.5449      0.3461
884     E         D          138           ASN           91.36           588    545    220     8.499     8.235     5.511     0.5229      0.5938      0.5791      0.3887
885     E         D          139           VAL           93.51           588    545    238     8.499     8.235     5.720     0.6484      0.7148      0.7024      0.5421
886     E         D          140           PHE           94.72           588    545    240     8.499     8.235     5.742     0.6559      0.7206      0.7084      0.5520
887     E         D          141           PRO           94.53           588    545    239     8.499     8.235     5.731     0.6356      0.6988      0.6861      0.5250
888     E         D          142           PRO           95.27           588    545    236     8.499     8.235     5.697     0.6293      0.6960      0.6832      0.5181
889     E         D          143           GLU           93.90           588    545    240     8.499     8.235     5.742     0.6569      0.7212      0.7091      0.5549
890     E         D          144           VAL           94.04           588    545    243     8.499     8.235     5.775     0.6981      0.7632      0.7524      0.6128
891     E         D          145           ALA           93.70           588    545    241     8.499     8.235     5.753     0.6678      0.7322      0.7206      0.5722
892     E         D          146           VAL           94.08           588    545    242     8.499     8.235     5.764     0.6970      0.7636      0.7529      0.6135
893     E         D          147           PHE           94.15           588    545    245     8.499     8.235     5.797     0.7272      0.7914      0.7817      0.6542
894     E         D          148           GLU           92.42           588    545    240     8.499     8.235     5.742     0.6499      0.7137      0.7018      0.5515
895     E         D          149           PRO           92.61           588    545    240     8.499     8.235     5.742     0.6497      0.7137      0.7017      0.5509
896     E         D          150           SER           89.95           588    545    224     8.499     8.235     5.559     0.6013      0.6781      0.6655      0.4951
897     E         D          151           GLU           88.39           588    545    225     8.499     8.235     5.570     0.6024      0.6790      0.6663      0.4965
898     E         D          152           ALA           88.71           588    545    240     8.499     8.235     5.742     0.6441      0.7073      0.6952      0.5438
899     E         D          153           GLU           90.80           588    545    243     8.499     8.235     5.775     0.6726      0.7339      0.7225      0.5795
900     E         D          154           ILE           89.80           588    545    242     8.499     8.235     5.764     0.6723      0.7356      0.7242      0.5790
901     E         D          155           SER           88.54           588    545    237     8.499     8.235     5.708     0.6145      0.6788      0.6662      0.5084
902     E         D          156           HIS           88.30           588    545    234     8.499     8.235     5.674     0.6196      0.6878      0.6753      0.5149
903     E         D          157           THR           88.92           588    545    204     8.499     8.235     5.316     0.5609      0.6570      0.6437      0.4481
904     E         D          158           GLN           90.23           588    545    230     8.499     8.235     5.629     0.6046      0.6752      0.6625      0.4966
905     E         D          159           LYS           91.89           588    545    240     8.499     8.235     5.742     0.6652      0.7313      0.7198      0.5722
906     E         D          160           ALA           93.12           588    545    241     8.499     8.235     5.753     0.6830      0.7498      0.7388      0.5969
907     E         D          161           THR           94.18           588    545    244     8.499     8.235     5.786     0.7187      0.7839      0.7739      0.6442
908     E         D          162           LEU           94.56           588    545    245     8.499     8.235     5.797     0.7367      0.8021      0.7927      0.6700
909     E         D          163           VAL           95.21           588    545    246     8.499     8.235     5.808     0.7450      0.8093      0.8003      0.6815
910     E         D          164           CYS           95.09           588    545    244     8.499     8.235     5.786     0.7309      0.7974      0.7878      0.6618
911     E         D          165           LEU           94.53           588    545    244     8.499     8.235     5.786     0.7203      0.7862      0.7764      0.6471
912     E         D          166           ALA           94.89           588    545    243     8.499     8.235     5.775     0.7147      0.7813      0.7712      0.6387
913     E         D          167           THR           93.70           588    545    238     8.499     8.235     5.720     0.6565      0.7252      0.7133      0.5597
914     E         D          168           GLY           93.27           588    545    233     8.499     8.235     5.663     0.5970      0.6642      0.6510      0.4833
915     E         D          169           PHE           95.20           588    545    239     8.499     8.235     5.731     0.6931      0.7647      0.7539      0.6101
916     E         D          170           TYR           95.04           588    545    236     8.499     8.235     5.697     0.6600      0.7321      0.7202      0.5632
917     E         D          171           PRO           94.21           588    545    231     8.499     8.235     5.640     0.5928      0.6631      0.6495      0.4743
918     E         D          172           ASP           93.27           588    545    227     8.499     8.235     5.594     0.5750      0.6489      0.6350      0.4543
919     E         D          173           HIS           94.52           588    545    232     8.499     8.235     5.651     0.6092      0.6812      0.6680      0.4959
920     E         D          174           VAL           95.11           588    545    238     8.499     8.235     5.720     0.6735      0.7444      0.7328      0.5806
921     E         D          175           GLU           95.34           588    545    242     8.499     8.235     5.764     0.6960      0.7629      0.7520      0.6096
922     E         D          176           LEU           95.43           588    545    244     8.499     8.235     5.786     0.7101      0.7746      0.7642      0.6277
923     E         D          177           SER           95.83           588    545    244     8.499     8.235     5.786     0.7020      0.7658      0.7550      0.6151
924     E         D          178           TRP           96.27           588    545    249     8.499     8.235     5.841     0.7422      0.8014      0.7920      0.6709
925     E         D          179           TRP           96.34           588    545    250     8.499     8.235     5.852     0.7317      0.7882      0.7782      0.6509
926     E         D          180           VAL           95.32           588    545    246     8.499     8.235     5.808     0.6942      0.7530      0.7418      0.5987
927     E         D          181           ASN           93.99           588    545    243     8.499     8.235     5.775     0.6248      0.6813      0.6682      0.5073
928     E         D          182           GLY           93.26           588    545    224     8.499     8.235     5.559     0.5345      0.5958      0.5810      0.3937
929     E         D          183           LYS           95.05           588    545    243     8.499     8.235     5.775     0.6221      0.6782      0.6649      0.5023
930     E         D          184           GLU           95.65           588    545    246     8.499     8.235     5.808     0.6930      0.7523      0.7411      0.5987
931     E         D          185           VAL           95.04           588    545    243     8.499     8.235     5.775     0.6695      0.7314      0.7196      0.5699
932     E         D          186           HIS           92.55           588    545    241     8.499     8.235     5.753     0.6741      0.7406      0.7291      0.5812
933     E         D          187           SER           91.76           588    545    235     8.499     8.235     5.686     0.6143      0.6821      0.6692      0.5055
934     E         D          188           GLY           92.65           588    545    228     8.499     8.235     5.605     0.6027      0.6789      0.6661      0.4980
935     E         D          189           VAL           94.51           588    545    239     8.499     8.235     5.731     0.7000      0.7734      0.7631      0.6253
936     E         D          190           SER           94.39           588    545    239     8.499     8.235     5.731     0.6888      0.7613      0.7506      0.6092
937     E         D          191           THR           93.67           588    545    242     8.499     8.235     5.764     0.7305      0.8016      0.7923      0.6674
938     E         D          192           ASP           93.13           588    545    240     8.499     8.235     5.742     0.7183      0.7919      0.7822      0.6515
939     E         D          193           PRO           90.45           588    545    232     8.499     8.235     5.651     0.6770      0.7622      0.7514      0.6025
940     E         D          194           GLN           90.43           588    545    228     8.499     8.235     5.605     0.6522      0.7408      0.7294      0.5704
941     E         D          195           PRO           92.79           588    545    233     8.499     8.235     5.663     0.6768      0.7580      0.7471      0.5976
942     E         D          196           LEU           92.07           588    545    232     8.499     8.235     5.651     0.6607      0.7417      0.7303      0.5746
943     E         D          197           LYS           90.90           588    545    232     8.499     8.235     5.651     0.6616      0.7425      0.7310      0.5752
944     E         D          198           GLU           89.51           588    545    226     8.499     8.235     5.582     0.5957      0.6748      0.6618      0.4878
945     E         D          199           GLN           87.83           588    545    181     8.499     8.235     5.015     0.4887      0.5956      0.5811      0.3535
946     E         D          200           PRO           85.06           588    545    137     8.499     8.235     4.350     0.4222      0.5591      0.5441      0.2607
947     E         D          201           ALA           84.99           588    545    107     8.499     8.235     3.798     0.3784      0.5436      0.5285      0.2017
948     E         D          202           LEU           85.20           588    545     87     8.499     8.235     3.359     0.3517      0.5085      0.4931      0.1444
949     E         D          203           ASN           83.09           588    545     99     8.499     8.235     3.631     0.3611      0.5117      0.4962      0.1648
950     E         D          204           ASP           86.10           588    545    106     8.499     8.235     3.777     0.3707      0.5193      0.5038      0.1807
951     E         D          205           SER           90.01           588    545    196     8.499     8.235     5.214     0.4886      0.5732      0.5583      0.3445
952     E         D          206           ARG           93.29           588    545    238     8.499     8.235     5.720     0.6570      0.7256      0.7137      0.5595
953     E         D          207           TYR           94.59           588    545    240     8.499     8.235     5.742     0.7227      0.7967      0.7871      0.6567
954     E         D          208           CYS           94.55           588    545    240     8.499     8.235     5.742     0.7009      0.7717      0.7612      0.6229
955     E         D          209           LEU           95.29           588    545    242     8.499     8.235     5.764     0.7276      0.7986      0.7891      0.6628
956     E         D          210           SER           95.35           588    545    240     8.499     8.235     5.742     0.7149      0.7871      0.7772      0.6447
957     E         D          211           SER           95.73           588    545    243     8.499     8.235     5.775     0.7301      0.7993      0.7899      0.6651
958     E         D          212           ARG           95.26           588    545    242     8.499     8.235     5.764     0.7072      0.7756      0.7654      0.6312
959     E         D          213           LEU           95.47           588    545    249     8.499     8.235     5.841     0.7456      0.8049      0.7958      0.6782
960     E         D          214           ARG           95.01           588    545    244     8.499     8.235     5.786     0.7138      0.7784      0.7682      0.6363
961     E         D          215           VAL           94.19           588    545    243     8.499     8.235     5.775     0.7032      0.7685      0.7580      0.6216
962     E         D          216           SER           92.73           588    545    243     8.499     8.235     5.775     0.6604      0.7207      0.7088      0.5594
963     E         D          217           ALA           91.16           588    545    243     8.499     8.235     5.775     0.6573      0.7170      0.7050      0.5554
964     E         D          218           THR           90.71           588    545    243     8.499     8.235     5.775     0.6348      0.6922      0.6796      0.5245
965     E         D          219           PHE           92.77           588    545    250     8.499     8.235     5.852     0.7011      0.7545      0.7435      0.6066
966     E         D          220           TRP           92.64           588    545    250     8.499     8.235     5.852     0.7102      0.7642      0.7535      0.6191
967     E         D          221           GLN           89.78           588    545    250     8.499     8.235     5.852     0.6622      0.7123      0.7002      0.5550
968     E         D          222           ASN           90.56           588    545    245     8.499     8.235     5.797     0.6248      0.6776      0.6645      0.5076
969     E         D          223           PRO           89.19           588    545    219     8.499     8.235     5.500     0.5676      0.6400      0.6261      0.4394
970     E         D          224           ARG           89.15           588    545    232     8.499     8.235     5.651     0.5604      0.6180      0.6037      0.4274
971     E         D          225           ASN           92.49           588    545    247     8.499     8.235     5.819     0.6296      0.6800      0.6669      0.5102
972     E         D          226           HIS           94.31           588    545    249     8.499     8.235     5.841     0.6792      0.7321      0.7203      0.5748
973     E         D          227           PHE           95.22           588    545    249     8.499     8.235     5.841     0.7184      0.7751      0.7647      0.6326
974     E         D          228           ARG           95.62           588    545    249     8.499     8.235     5.841     0.7044      0.7599      0.7489      0.6113
975     E         D          229           CYS           95.29           588    545    247     8.499     8.235     5.819     0.7089      0.7674      0.7567      0.6193
976     E         D          230           GLN           96.32           588    545    245     8.499     8.235     5.797     0.7068      0.7690      0.7583      0.6195
977     E         D          231           VAL           96.04           588    545    246     8.499     8.235     5.808     0.7270      0.7892      0.7792      0.6488
978     E         D          232           GLN           96.47           588    545    244     8.499     8.235     5.786     0.7097      0.7748      0.7643      0.6268
979     E         D          233           PHE           95.95           588    545    244     8.499     8.235     5.786     0.7149      0.7797      0.7693      0.6335
980     E         D          234           TYR           95.02           588    545    240     8.499     8.235     5.742     0.6908      0.7606      0.7495      0.6027
981     E         D          235           GLY           92.57           588    545    224     8.499     8.235     5.559     0.5198      0.5852      0.5703      0.3836
982     E         D          236           LEU           92.07           588    545    228     8.499     8.235     5.605     0.5402      0.6046      0.5899      0.4060
983     E         D          237           SER           89.40           588    545    158     8.499     8.235     4.684     0.4102      0.5088      0.4932      0.2424
984     E         D          238           GLU           86.84           588    545     87     8.499     8.235     3.359     0.3561      0.4787      0.4631      0.1272
985     E         D          239           ASN           86.11           588    545     12     8.499     8.235     1.000     0.2922      0.4652      0.4496      0.0121
986     E         D          240           ASP           86.94           588    545     21     8.499     8.235     1.000     0.3130      0.4591      0.4435      0.0117
987     E         D          241           GLU           86.44           588    545     13     8.499     8.235     1.000     0.2885      0.4565      0.4409      0.0115
988     E         D          242           TRP           89.23           588    545     61     8.499     8.235     2.643     0.3518      0.4665      0.4509      0.0787
989     E         D          243           THR           88.11           588    545      6     8.499     8.235     1.000     0.2599      0.4455      0.4299      0.0110
990     E         D          244           GLN           88.23           588    545     11     8.499     8.235     1.000     0.2796      0.4444      0.4288      0.0110
991     E         D          245           ASP           90.42           588    545      8     8.499     8.235     1.000     0.2630      0.4653      0.4496      0.0120
992     E         D          246           ARG           90.09           588    545     43     8.499     8.235     1.965     0.3339      0.4753      0.4597      0.0467
993     E         D          247           ALA           91.18           588    545    139     8.499     8.235     4.383     0.4083      0.4953      0.4797      0.2093
994     E         D          248           LYS           92.04           588    545    222     8.499     8.235     5.535     0.4850      0.5408      0.5254      0.3369
995     E         D          249           PRO           92.58           588    545    194     8.499     8.235     5.188     0.4498      0.5158      0.5003      0.2874
996     E         D          250           VAL           91.55           588    545    221     8.499     8.235     5.523     0.4924      0.5506      0.5353      0.3453
997     E         D          251           THR           92.64           588    545    240     8.499     8.235     5.742     0.5955      0.6524      0.6384      0.4683
998     E         D          252           GLN           94.37           588    545    236     8.499     8.235     5.697     0.5743      0.6323      0.6180      0.4428
999     E         D          253           ILE           94.17           588    545    240     8.499     8.235     5.742     0.6357      0.6972      0.6842      0.5211
1000    E         D          254           VAL           93.76           588    545    243     8.499     8.235     5.775     0.6400      0.6973      0.6844      0.5250
1001    E         D          255           SER           93.09           588    545    231     8.499     8.235     5.640     0.5561      0.6155      0.6012      0.4231
1002    E         D          256           ALA           92.78           588    545    239     8.499     8.235     5.731     0.5888      0.6436      0.6297      0.4606
1003    E         D          257           GLU           92.37           588    545    197     8.499     8.235     5.227     0.5058      0.5905      0.5758      0.3629
1004    E         D          258           ALA           91.34           588    545    221     8.499     8.235     5.523     0.5475      0.6137      0.5993      0.4112
1005    E         D          259           TRP           90.59           588    545    241     8.499     8.235     5.753     0.5840      0.6357      0.6217      0.4552
1006    E         D          260           GLY           87.56           588    545    188     8.499     8.235     5.109     0.4932      0.5807      0.5659      0.3439
1007    E         D          261           ARG           86.70           588    545    118     8.499     8.235     4.013     0.4039      0.5457      0.5307      0.2219
1008    E         D          262           ALA           81.09           588    545     95     8.499     8.235     3.543     0.3726      0.5293      0.5140      0.1717
1009    E         D          263           ASP           79.30           588    545     54     8.499     8.235     2.405     0.3079      0.5249      0.5098      0.0888
1010    E         D          264           CYS           79.26           588    545     31     8.499     8.235     1.325     0.2737      0.5471      0.5322      0.0338
1011    E         D          265           GLY           71.79           588    545     19     8.499     8.235     1.000     0.2287      0.5487      0.5336      0.0182
1012    E         D          266           PHE           72.78           588    545     25     8.499     8.235     1.000     0.2636      0.5717      0.5571      0.0212
1013    E         D          267           THR           77.84           588    545     37     8.499     8.235     1.675     0.2914      0.5700      0.5552      0.0550
1014    E         D          268           SER           74.10           588    545     39     8.499     8.235     1.777     0.2978      0.5765      0.5617      0.0623
1015    E         D          269           GLU           77.56           588    545     56     8.499     8.235     2.476     0.3247      0.5748      0.5602      0.1157
1016    E         D          270           SER           78.18           588    545     54     8.499     8.235     2.405     0.3326      0.5796      0.5649      0.1098
1017    E         D          271           TYR           80.66           588    545     85     8.499     8.235     3.310     0.3795      0.5624      0.5478      0.1803
1018    E         D          272           GLN           78.15           588    545     59     8.499     8.235     2.578     0.3406      0.6000      0.5856      0.1343
1019    E         D          273           GLN           77.53           588    545     58     8.499     8.235     2.544     0.3497      0.6249      0.6109      0.1444
1020    E         D          274           GLY           78.22           588    545     59     8.499     8.235     2.578     0.3423      0.6091      0.5949      0.1403
1021    E         D          275           VAL           84.43           588    545     64     8.499     8.235     2.738     0.3594      0.6206      0.6067      0.1645
1022    E         D          276           LEU           80.74           588    545     57     8.499     8.235     2.510     0.3481      0.6459      0.6322      0.1552
1023    E         D          277           SER           81.97           588    545     50     8.499     8.235     2.256     0.3291      0.6630      0.6494      0.1337
1024    E         D          278           ALA           82.89           588    545     51     8.499     8.235     2.294     0.3349      0.6633      0.6498      0.1407
1025    E         D          279           THR           85.82           588    545     51     8.499     8.235     2.294     0.3365      0.6801      0.6669      0.1491
1026    E         D          280           ILE           85.64           588    545     49     8.499     8.235     2.217     0.3319      0.6978      0.6850      0.1517
1027    E         D          281           LEU           85.42           588    545     48     8.499     8.235     2.177     0.3236      0.6854      0.6723      0.1396
1028    E         D          282           TYR           85.79           588    545     48     8.499     8.235     2.177     0.3230      0.6939      0.6808      0.1419
1029    E         D          283           GLU           85.12           588    545     48     8.499     8.235     2.177     0.3186      0.7160      0.7037      0.1618
1030    E         D          284           ILE           84.19           588    545     48     8.499     8.235     2.177     0.3073      0.7057      0.6932      0.1552
1031    E         D          285           LEU           83.86           588    545     48     8.499     8.235     2.177     0.3067      0.7073      0.6949      0.1576
1032    E         D          286           LEU           85.58           588    545     48     8.499     8.235     2.177     0.3012      0.6841      0.6711      0.1423
1033    E         D          287           GLY           85.22           588    545     47     8.499     8.235     2.137     0.2977      0.7135      0.7014      0.1605
1034    E         D          288           LYS           83.24           588    545     46     8.499     8.235     2.095     0.2860      0.6960      0.6835      0.1461
1035    E         D          289           ALA           82.50           588    545     46     8.499     8.235     2.095     0.2872      0.7009      0.6886      0.1514
1036    E         D          290           THR           87.71           588    545     44     8.499     8.235     2.010     0.2850      0.7100      0.6978      0.1458
1037    E         D          291           LEU           86.37           588    545     45     8.499     8.235     2.053     0.2841      0.6991      0.6868      0.1443
1038    E         D          292           TYR           86.56           588    545     45     8.499     8.235     2.053     0.2711      0.6760      0.6633      0.1358
1039    E         D          293           ALA           85.43           588    545     44     8.499     8.235     2.010     0.2708      0.6876      0.6751      0.1361
1040    E         D          294           VAL           90.71           588    545     42     8.499     8.235     1.920     0.2684      0.6938      0.6813      0.1265
1041    E         D          295           LEU           87.31           588    545     42     8.499     8.235     1.920     0.2637      0.6924      0.6801      0.1309
1042    E         D          296           VAL           87.02           588    545     41     8.499     8.235     1.873     0.2553      0.6886      0.6763      0.1274
1043    E         D          297           SER           88.19           588    545     39     8.499     8.235     1.777     0.2455      0.6789      0.6663      0.1085
1044    E         D          298           ALA           87.41           588    545     38     8.499     8.235     1.726     0.2436      0.6752      0.6624      0.0979
1045    E         D          299           LEU           84.99           588    545     34     8.499     8.235     1.509     0.2330      0.6702      0.6570      0.0722
1046    E         D          300           VAL           84.29           588    545     33     8.499     8.235     1.450     0.2270      0.6621      0.6489      0.0681
1047    E         D          301           LEU           86.80           588    545     29     8.499     8.235     1.189     0.2135      0.6574      0.6439      0.0423
1048    E         D          302           MET           86.08           588    545     28     8.499     8.235     1.116     0.1976      0.6251      0.6110      0.0320
1049    E         D          303           ALA           81.74           588    545     24     8.499     8.235     1.000     0.1886      0.6088      0.5942      0.0231
1050    E         D          304           MET           83.18           588    545     20     8.499     8.235     1.000     0.1704      0.5804      0.5654      0.0202
1051    E         D          305           VAL           84.97           588    545     19     8.499     8.235     1.000     0.1604      0.5755      0.5604      0.0194
1052    E         D          306           LYS           83.36           588    545     13     8.499     8.235     1.000     0.1372      0.4957      0.4801      0.0137
1053    E         D          307           ARG           81.89           588    545      6     8.499     8.235     1.000     0.1252      0.4672      0.4516      0.0120
1054    E         D          308           LYS           79.79           588    545      5     8.499     8.235     1.000     0.1197      0.4786      0.4629      0.0127
1055    E         D          309           ASP           79.55           588    545      2     8.499     8.235     1.000     0.1148      0.4421      0.4265      0.0109
1056    E         D          310           SER           77.85           588    545      0     8.499     8.235     1.000     0.1011      0.0000      0.0000      0.0000
1057    E         D          311           ARG           69.80           588    545      0     8.499     8.235     1.000     0.0884      0.0000      0.0000      0.0000
1058    E         D          312           GLY           52.79           588    545      0     8.499     8.235     1.000     0.0766      0.0000      0.0000      0.0000
