i   AlignChn ScoredChain  AlignResNum  AlignResType  AlignRespLDDT      n0chn  n0dom  n0res    d0chn     d0dom     d0res   ipTM_pae  ipSAE_d0chn ipSAE_d0dom    ipSAE 
1       A         B            1           MET           20.23           461    375      0     7.674     7.021     1.000     0.0559      0.0000      0.0000      0.0000
2       A         B            2           ARG           26.78           461    375      0     7.674     7.021     1.000     0.0559      0.0000      0.0000      0.0000
3       A         B            3           VAL           25.84           461    375      0     7.674     7.021     1.000     0.0559      0.0000      0.0000      0.0000
4       A         B            4           THR           28.99           461    375      0     7.674     7.021     1.000     0.0559      0.0000      0.0000      0.0000
5       A         B            5           ALA           31.79           461    375      0     7.674     7.021     1.000     0.0559      0.0000      0.0000      0.0000
6       A         B            6           PRO           31.30           461    375      0     7.674     7.021     1.000     0.0562      0.0000      0.0000      0.0000
7       A         B            7           ARG           30.54           461    375      0     7.674     7.021     1.000     0.0562      0.0000      0.0000      0.0000
8       A         B            8           THR           29.65           461    375      0     7.674     7.021     1.000     0.0564      0.0000      0.0000      0.0000
9       A         B            9           VAL           26.24           461    375      0     7.674     7.021     1.000     0.0569      0.0000      0.0000      0.0000
10      A         B           10           LEU           27.00           461    375      0     7.674     7.021     1.000     0.0569      0.0000      0.0000      0.0000
11      A         B           11           LEU           26.56           461    375      0     7.674     7.021     1.000     0.0572      0.0000      0.0000      0.0000
12      A         B           12           LEU           29.05           461    375      0     7.674     7.021     1.000     0.0573      0.0000      0.0000      0.0000
13      A         B           13           LEU           30.33           461    375      0     7.674     7.021     1.000     0.0579      0.0000      0.0000      0.0000
14      A         B           14           TRP           33.43           461    375      0     7.674     7.021     1.000     0.0586      0.0000      0.0000      0.0000
15      A         B           15           GLY           31.22           461    375      0     7.674     7.021     1.000     0.0585      0.0000      0.0000      0.0000
16      A         B           16           ALA           31.98           461    375      0     7.674     7.021     1.000     0.0602      0.0000      0.0000      0.0000
17      A         B           17           VAL           33.18           461    375      0     7.674     7.021     1.000     0.0623      0.0000      0.0000      0.0000
18      A         B           18           ALA           36.82           461    375      0     7.674     7.021     1.000     0.0633      0.0000      0.0000      0.0000
19      A         B           19           LEU           40.51           461    375      0     7.674     7.021     1.000     0.0657      0.0000      0.0000      0.0000
20      A         B           20           THR           45.78           461    375      0     7.674     7.021     1.000     0.0757      0.0000      0.0000      0.0000
21      A         B           21           GLU           56.81           461    375      0     7.674     7.021     1.000     0.0834      0.0000      0.0000      0.0000
22      A         B           22           THR           69.65           461    375      0     7.674     7.021     1.000     0.1226      0.0000      0.0000      0.0000
23      A         B           23           TRP           75.17           461    375      0     7.674     7.021     1.000     0.1907      0.0000      0.0000      0.0000
24      A         B           24           ALA           72.17           461    375      0     7.674     7.021     1.000     0.1385      0.0000      0.0000      0.0000
25      A         B           25           GLY           86.47           461    375      2     7.674     7.021     1.000     0.2156      0.4370      0.3942      0.0132
26      A         B           26           SER           93.63           461    375     99     7.674     7.021     3.631     0.5850      0.5850      0.5427      0.2488
27      A         B           27           HIS           96.52           461    375     99     7.674     7.021     3.631     0.8143      0.8143      0.7867      0.5084
28      A         B           28           SER           97.41           461    375     99     7.674     7.021     3.631     0.7786      0.7786      0.7475      0.4560
29      A         B           29           MET           98.02           461    375     99     7.674     7.021     3.631     0.8624      0.8624      0.8406      0.5994
30      A         B           30           ARG           98.02           461    375     99     7.674     7.021     3.631     0.8342      0.8342      0.8091      0.5486
31      A         B           31           TYR           98.24           461    375     99     7.674     7.021     3.631     0.8994      0.8994      0.8826      0.6806
32      A         B           32           PHE           98.50           461    375     99     7.674     7.021     3.631     0.9174      0.9174      0.9032      0.7244
33      A         B           33           TYR           98.46           461    375     99     7.674     7.021     3.631     0.9058      0.9058      0.8900      0.6980
34      A         B           34           THR           98.40           461    375     99     7.674     7.021     3.631     0.8966      0.8966      0.8795      0.6772
35      A         B           35           ALA           98.18           461    375     99     7.674     7.021     3.631     0.8745      0.8745      0.8545      0.6292
36      A         B           36           MET           97.43           461    375     99     7.674     7.021     3.631     0.7888      0.7888      0.7594      0.4817
37      A         B           37           SER           97.09           461    375     99     7.674     7.021     3.631     0.8072      0.8072      0.7796      0.5092
38      A         B           38           ARG           95.31           461    375     99     7.674     7.021     3.631     0.7362      0.7362      0.7026      0.4116
39      A         B           39           PRO           94.45           461    375     99     7.674     7.021     3.631     0.6684      0.6684      0.6308      0.3369
40      A         B           40           GLY           92.13           461    375     90     7.674     7.021     3.429     0.5431      0.5619      0.5201      0.2180
41      A         B           41           ARG           91.77           461    375     99     7.674     7.021     3.631     0.5936      0.5936      0.5522      0.2597
42      A         B           42           GLY           89.34           461    375     98     7.674     7.021     3.609     0.5677      0.5698      0.5279      0.2392
43      A         B           43           GLU           89.98           461    375     99     7.674     7.021     3.631     0.7241      0.7241      0.6894      0.3952
44      A         B           44           PRO           94.94           461    375     99     7.674     7.021     3.631     0.8492      0.8492      0.8259      0.5760
45      A         B           45           ARG           96.93           461    375     99     7.674     7.021     3.631     0.8665      0.8665      0.8453      0.6080
46      A         B           46           PHE           97.30           461    375     99     7.674     7.021     3.631     0.9033      0.9033      0.8871      0.6905
47      A         B           47           ILE           98.15           461    375     99     7.674     7.021     3.631     0.8969      0.8969      0.8797      0.6743
48      A         B           48           ALA           98.27           461    375     99     7.674     7.021     3.631     0.8867      0.8867      0.8682      0.6522
49      A         B           49           VAL           98.34           461    375     99     7.674     7.021     3.631     0.8825      0.8825      0.8634      0.6415
50      A         B           50           GLY           98.19           461    375     99     7.674     7.021     3.631     0.8535      0.8535      0.8307      0.5832
51      A         B           51           TYR           98.06           461    375     99     7.674     7.021     3.631     0.9004      0.9004      0.8837      0.6794
52      A         B           52           VAL           97.95           461    375     99     7.674     7.021     3.631     0.8859      0.8859      0.8671      0.6439
53      A         B           53           ASP           96.56           461    375     99     7.674     7.021     3.631     0.8671      0.8671      0.8456      0.6018
54      A         B           54           ASP           96.28           461    375     99     7.674     7.021     3.631     0.8721      0.8721      0.8513      0.6146
55      A         B           55           THR           97.09           461    375     99     7.674     7.021     3.631     0.8774      0.8774      0.8573      0.6258
56      A         B           56           GLN           97.87           461    375     99     7.674     7.021     3.631     0.8949      0.8949      0.8773      0.6652
57      A         B           57           PHE           97.88           461    375     99     7.674     7.021     3.631     0.8702      0.8702      0.8492      0.6119
58      A         B           58           VAL           97.89           461    375     99     7.674     7.021     3.631     0.8559      0.8559      0.8332      0.5848
59      A         B           59           ARG           97.77           461    375     99     7.674     7.021     3.631     0.8436      0.8436      0.8194      0.5620
60      A         B           60           PHE           98.04           461    375     99     7.674     7.021     3.631     0.8917      0.8917      0.8738      0.6614
61      A         B           61           ASP           97.40           461    375     99     7.674     7.021     3.631     0.8702      0.8702      0.8493      0.6138
62      A         B           62           SER           96.27           461    375     99     7.674     7.021     3.631     0.8438      0.8438      0.8197      0.5627
63      A         B           63           ASP           94.41           461    375     99     7.674     7.021     3.631     0.7800      0.7800      0.7491      0.4589
64      A         B           64           ALA           93.41           461    375     99     7.674     7.021     3.631     0.6591      0.6591      0.6202      0.3190
65      A         B           65           ALA           91.47           461    375     93     7.674     7.021     3.498     0.5655      0.5790      0.5375      0.2359
66      A         B           66           SER           91.33           461    375     83     7.674     7.021     3.261     0.5018      0.5325      0.4893      0.1770
67      A         B           67           PRO           93.62           461    375     99     7.674     7.021     3.631     0.6196      0.6196      0.5781      0.2760
68      A         B           68           ARG           95.33           461    375     99     7.674     7.021     3.631     0.7268      0.7268      0.6912      0.3847
69      A         B           69           THR           97.21           461    375     99     7.674     7.021     3.631     0.8410      0.8410      0.8164      0.5535
70      A         B           70           GLU           97.03           461    375     99     7.674     7.021     3.631     0.8407      0.8407      0.8160      0.5518
71      A         B           71           PRO           97.39           461    375     99     7.674     7.021     3.631     0.8340      0.8340      0.8084      0.5392
72      A         B           72           ARG           96.42           461    375     99     7.674     7.021     3.631     0.8412      0.8412      0.8165      0.5527
73      A         B           73           ALA           96.24           461    375     99     7.674     7.021     3.631     0.8291      0.8291      0.8031      0.5323
74      A         B           74           PRO           95.93           461    375     99     7.674     7.021     3.631     0.8143      0.8143      0.7865      0.5050
75      A         B           75           TRP           96.80           461    375     99     7.674     7.021     3.631     0.8381      0.8381      0.8130      0.5458
76      A         B           76           ILE           97.52           461    375     99     7.674     7.021     3.631     0.8273      0.8273      0.8009      0.5261
77      A         B           77           GLU           96.42           461    375     99     7.674     7.021     3.631     0.7909      0.7909      0.7606      0.4680
78      A         B           78           GLN           95.19           461    375     99     7.674     7.021     3.631     0.7075      0.7075      0.6703      0.3601
79      A         B           79           GLU           95.37           461    375     99     7.674     7.021     3.631     0.7133      0.7133      0.6762      0.3642
80      A         B           80           GLY           94.08           461    375     99     7.674     7.021     3.631     0.5496      0.5496      0.5063      0.2197
81      A         B           81           PRO           93.07           461    375     99     7.674     7.021     3.631     0.7037      0.7037      0.6660      0.3545
82      A         B           82           GLU           89.60           461    375     99     7.674     7.021     3.631     0.7138      0.7138      0.6770      0.3675
83      A         B           83           TYR           94.32           461    375     99     7.674     7.021     3.631     0.8439      0.8439      0.8195      0.5567
84      A         B           84           TRP           95.57           461    375     99     7.674     7.021     3.631     0.8449      0.8449      0.8206      0.5583
85      A         B           85           ASP           90.89           461    375     99     7.674     7.021     3.631     0.8036      0.8036      0.7746      0.4875
86      A         B           86           ARG           91.27           461    375     99     7.674     7.021     3.631     0.8125      0.8125      0.7846      0.5046
87      A         B           87           ASN           94.27           461    375     99     7.674     7.021     3.631     0.8155      0.8155      0.7881      0.5112
88      A         B           88           THR           94.05           461    375     99     7.674     7.021     3.631     0.8514      0.8514      0.8281      0.5747
89      A         B           89           GLN           89.90           461    375     99     7.674     7.021     3.631     0.8268      0.8268      0.8005      0.5278
90      A         B           90           ILE           93.01           461    375     99     7.674     7.021     3.631     0.8624      0.8624      0.8405      0.5966
91      A         B           91           PHE           95.09           461    375     99     7.674     7.021     3.631     0.8682      0.8682      0.8471      0.6084
92      A         B           92           LYS           91.17           461    375     99     7.674     7.021     3.631     0.8625      0.8625      0.8406      0.5961
93      A         B           93           THR           90.41           461    375     99     7.674     7.021     3.631     0.8396      0.8396      0.8149      0.5535
94      A         B           94           ASN           93.58           461    375     99     7.674     7.021     3.631     0.8347      0.8347      0.8095      0.5460
95      A         B           95           THR           93.03           461    375     99     7.674     7.021     3.631     0.8526      0.8526      0.8296      0.5793
96      A         B           96           GLN           88.29           461    375     99     7.674     7.021     3.631     0.8267      0.8267      0.8005      0.5310
97      A         B           97           THR           91.81           461    375     99     7.674     7.021     3.631     0.8420      0.8420      0.8177      0.5613
98      A         B           98           TYR           94.79           461    375     99     7.674     7.021     3.631     0.8645      0.8645      0.8430      0.6041
99      A         B           99           ARG           92.14           461    375     99     7.674     7.021     3.631     0.8713      0.8713      0.8506      0.6168
100     A         B          100           GLU           90.59           461    375     99     7.674     7.021     3.631     0.8485      0.8485      0.8250      0.5714
101     A         B          101           ASN           94.93           461    375     99     7.674     7.021     3.631     0.8674      0.8674      0.8463      0.6111
102     A         B          102           LEU           95.62           461    375     99     7.674     7.021     3.631     0.8720      0.8720      0.8515      0.6201
103     A         B          103           ARG           91.26           461    375     99     7.674     7.021     3.631     0.8427      0.8427      0.8185      0.5617
104     A         B          104           ILE           93.45           461    375     99     7.674     7.021     3.631     0.8481      0.8481      0.8245      0.5722
105     A         B          105           ALA           96.38           461    375     99     7.674     7.021     3.631     0.8377      0.8377      0.8129      0.5537
106     A         B          106           LEU           95.84           461    375     99     7.674     7.021     3.631     0.8318      0.8318      0.8063      0.5424
107     A         B          107           ARG           93.25           461    375     99     7.674     7.021     3.631     0.7792      0.7792      0.7484      0.4598
108     A         B          108           TYR           95.70           461    375     99     7.674     7.021     3.631     0.8236      0.8236      0.7973      0.5279
109     A         B          109           TYR           96.72           461    375     99     7.674     7.021     3.631     0.8159      0.8159      0.7887      0.5148
110     A         B          110           ASN           96.63           461    375     99     7.674     7.021     3.631     0.7182      0.7182      0.6829      0.3848
111     A         B          111           GLN           96.21           461    375     99     7.674     7.021     3.631     0.7387      0.7387      0.7046      0.4070
112     A         B          112           SER           95.59           461    375     99     7.674     7.021     3.631     0.6616      0.6616      0.6231      0.3239
113     A         B          113           GLU           92.25           461    375     99     7.674     7.021     3.631     0.6358      0.6358      0.5960      0.2976
114     A         B          114           ALA           94.04           461    375     99     7.674     7.021     3.631     0.6103      0.6103      0.5699      0.2778
115     A         B          115           GLY           94.85           461    375     99     7.674     7.021     3.631     0.6884      0.6884      0.6521      0.3597
116     A         B          116           SER           96.53           461    375     99     7.674     7.021     3.631     0.7997      0.7997      0.7714      0.4993
117     A         B          117           HIS           97.70           461    375     99     7.674     7.021     3.631     0.8706      0.8706      0.8501      0.6224
118     A         B          118           THR           98.08           461    375     99     7.674     7.021     3.631     0.8611      0.8611      0.8395      0.6051
119     A         B          119           TRP           98.35           461    375     99     7.674     7.021     3.631     0.8815      0.8815      0.8625      0.6457
120     A         B          120           GLN           98.24           461    375     99     7.674     7.021     3.631     0.8921      0.8921      0.8744      0.6676
121     A         B          121           THR           98.31           461    375     99     7.674     7.021     3.631     0.8552      0.8552      0.8328      0.5936
122     A         B          122           MET           98.21           461    375     99     7.674     7.021     3.631     0.7903      0.7903      0.7613      0.4881
123     A         B          123           TYR           98.14           461    375     99     7.674     7.021     3.631     0.8610      0.8610      0.8392      0.5999
124     A         B          124           GLY           97.94           461    375     99     7.674     7.021     3.631     0.7542      0.7542      0.7217      0.4315
125     A         B          125           CYS           97.71           461    375     99     7.674     7.021     3.631     0.7644      0.7644      0.7321      0.4375
126     A         B          126           ASP           97.79           461    375     99     7.674     7.021     3.631     0.8185      0.8185      0.7914      0.5170
127     A         B          127           VAL           97.22           461    375     99     7.674     7.021     3.631     0.7697      0.7697      0.7376      0.4413
128     A         B          128           GLY           95.36           461    375     99     7.674     7.021     3.631     0.6236      0.6236      0.5824      0.2805
129     A         B          129           PRO           93.02           461    375     99     7.674     7.021     3.631     0.5959      0.5959      0.5538      0.2567
130     A         B          130           ASP           93.15           461    375     91     7.674     7.021     3.452     0.4624      0.4722      0.4291      0.1573
131     A         B          131           GLY           92.64           461    375     95     7.674     7.021     3.543     0.4964      0.5022      0.4590      0.1829
132     A         B          132           ARG           94.28           461    375     99     7.674     7.021     3.631     0.5769      0.5769      0.5346      0.2438
133     A         B          133           LEU           96.55           461    375     99     7.674     7.021     3.631     0.7417      0.7417      0.7070      0.4012
134     A         B          134           LEU           96.52           461    375     99     7.674     7.021     3.631     0.7041      0.7041      0.6669      0.3598
135     A         B          135           ARG           96.80           461    375     99     7.674     7.021     3.631     0.6444      0.6444      0.6047      0.3051
136     A         B          136           GLY           97.59           461    375     99     7.674     7.021     3.631     0.7214      0.7214      0.6862      0.3887
137     A         B          137           HIS           97.93           461    375     99     7.674     7.021     3.631     0.8075      0.8075      0.7794      0.5026
138     A         B          138           ASN           98.01           461    375     99     7.674     7.021     3.631     0.8024      0.8024      0.7741      0.4990
139     A         B          139           GLN           97.83           461    375     99     7.674     7.021     3.631     0.7425      0.7425      0.7094      0.4211
140     A         B          140           TYR           98.16           461    375     99     7.674     7.021     3.631     0.8551      0.8551      0.8328      0.5922
141     A         B          141           ALA           98.31           461    375     99     7.674     7.021     3.631     0.8596      0.8596      0.8377      0.6005
142     A         B          142           TYR           98.15           461    375     99     7.674     7.021     3.631     0.8973      0.8973      0.8803      0.6789
143     A         B          143           ASP           97.78           461    375     99     7.674     7.021     3.631     0.8688      0.8688      0.8481      0.6197
144     A         B          144           GLY           97.34           461    375     99     7.674     7.021     3.631     0.8049      0.8049      0.7775      0.5149
145     A         B          145           LYS           97.30           461    375     99     7.674     7.021     3.631     0.8195      0.8195      0.7935      0.5352
146     A         B          146           ASP           97.81           461    375     99     7.674     7.021     3.631     0.8610      0.8610      0.8392      0.6008
147     A         B          147           TYR           98.21           461    375     99     7.674     7.021     3.631     0.8826      0.8826      0.8635      0.6437
148     A         B          148           ILE           98.07           461    375     99     7.674     7.021     3.631     0.8409      0.8409      0.8167      0.5626
149     A         B          149           ALA           97.89           461    375     99     7.674     7.021     3.631     0.8154      0.8154      0.7884      0.5182
150     A         B          150           LEU           97.85           461    375     99     7.674     7.021     3.631     0.8312      0.8312      0.8057      0.5416
151     A         B          151           ASN           97.67           461    375     99     7.674     7.021     3.631     0.7885      0.7885      0.7584      0.4711
152     A         B          152           GLU           97.01           461    375     99     7.674     7.021     3.631     0.7318      0.7318      0.6968      0.3941
153     A         B          153           ASP           97.06           461    375     99     7.674     7.021     3.631     0.6643      0.6643      0.6252      0.3215
154     A         B          154           LEU           96.91           461    375     99     7.674     7.021     3.631     0.7352      0.7352      0.7003      0.3968
155     A         B          155           SER           96.07           461    375     99     7.674     7.021     3.631     0.5998      0.5998      0.5578      0.2604
156     A         B          156           SER           97.24           461    375     99     7.674     7.021     3.631     0.7175      0.7175      0.6817      0.3798
157     A         B          157           TRP           97.79           461    375     99     7.674     7.021     3.631     0.8088      0.8088      0.7809      0.5039
158     A         B          158           THR           97.93           461    375     99     7.674     7.021     3.631     0.8043      0.8043      0.7759      0.4971
159     A         B          159           ALA           97.75           461    375     99     7.674     7.021     3.631     0.7566      0.7566      0.7240      0.4312
160     A         B          160           ALA           97.15           461    375     99     7.674     7.021     3.631     0.7021      0.7021      0.6657      0.3665
161     A         B          161           ASP           96.90           461    375     99     7.674     7.021     3.631     0.6824      0.6824      0.6451      0.3471
162     A         B          162           THR           96.74           461    375     99     7.674     7.021     3.631     0.6916      0.6916      0.6545      0.3542
163     A         B          163           ALA           96.82           461    375     99     7.674     7.021     3.631     0.7744      0.7744      0.7432      0.4537
164     A         B          164           ALA           97.57           461    375     99     7.674     7.021     3.631     0.8023      0.8023      0.7738      0.4947
165     A         B          165           GLN           97.09           461    375     99     7.674     7.021     3.631     0.8108      0.8108      0.7831      0.5072
166     A         B          166           ILE           95.26           461    375     99     7.674     7.021     3.631     0.8130      0.8130      0.7854      0.5096
167     A         B          167           THR           95.97           461    375     99     7.674     7.021     3.631     0.8318      0.8318      0.8064      0.5423
168     A         B          168           GLN           96.94           461    375     99     7.674     7.021     3.631     0.8325      0.8325      0.8071      0.5423
169     A         B          169           ARG           94.44           461    375     99     7.674     7.021     3.631     0.7949      0.7949      0.7654      0.4810
170     A         B          170           LYS           91.06           461    375     99     7.674     7.021     3.631     0.7759      0.7759      0.7446      0.4523
171     A         B          171           TRP           92.86           461    375     99     7.674     7.021     3.631     0.7966      0.7966      0.7673      0.4838
172     A         B          172           GLU           92.47           461    375     99     7.674     7.021     3.631     0.7862      0.7862      0.7558      0.4667
173     A         B          173           ALA           87.39           461    375     99     7.674     7.021     3.631     0.7078      0.7078      0.6711      0.3656
174     A         B          174           ALA           83.29           461    375     99     7.674     7.021     3.631     0.6309      0.6309      0.5902      0.2889
175     A         B          175           ARG           85.08           461    375     99     7.674     7.021     3.631     0.6103      0.6103      0.5689      0.2710
176     A         B          176           GLU           91.14           461    375     99     7.674     7.021     3.631     0.6441      0.6441      0.6038      0.2995
177     A         B          177           ALA           93.74           461    375     99     7.674     7.021     3.631     0.7258      0.7258      0.6902      0.3857
178     A         B          178           GLU           89.96           461    375     99     7.674     7.021     3.631     0.7431      0.7431      0.7087      0.4044
179     A         B          179           GLN           90.07           461    375     99     7.674     7.021     3.631     0.7713      0.7713      0.7393      0.4423
180     A         B          180           LEU           94.34           461    375     99     7.674     7.021     3.631     0.7825      0.7825      0.7515      0.4576
181     A         B          181           ARG           95.18           461    375     99     7.674     7.021     3.631     0.7964      0.7964      0.7667      0.4781
182     A         B          182           ALA           92.32           461    375     99     7.674     7.021     3.631     0.7937      0.7937      0.7637      0.4725
183     A         B          183           TYR           94.77           461    375     99     7.674     7.021     3.631     0.8473      0.8473      0.8233      0.5645
184     A         B          184           LEU           96.69           461    375     99     7.674     7.021     3.631     0.8304      0.8304      0.8044      0.5340
185     A         B          185           GLU           95.37           461    375     99     7.674     7.021     3.631     0.7751      0.7751      0.7434      0.4474
186     A         B          186           GLY           93.22           461    375     99     7.674     7.021     3.631     0.6322      0.6322      0.5911      0.2869
187     A         B          187           LEU           93.75           461    375     99     7.674     7.021     3.631     0.7824      0.7824      0.7513      0.4562
188     A         B          188           CYS           96.49           461    375     99     7.674     7.021     3.631     0.8326      0.8326      0.8069      0.5372
189     A         B          189           VAL           97.12           461    375     99     7.674     7.021     3.631     0.8051      0.8051      0.7763      0.4910
190     A         B          190           GLU           95.44           461    375     99     7.674     7.021     3.631     0.8006      0.8006      0.7712      0.4814
191     A         B          191           TRP           96.61           461    375     99     7.674     7.021     3.631     0.8432      0.8432      0.8187      0.5551
192     A         B          192           LEU           97.27           461    375     99     7.674     7.021     3.631     0.8612      0.8612      0.8389      0.5896
193     A         B          193           ARG           96.44           461    375     99     7.674     7.021     3.631     0.8289      0.8289      0.8026      0.5283
194     A         B          194           ARG           96.53           461    375     99     7.674     7.021     3.631     0.8430      0.8430      0.8183      0.5530
195     A         B          195           HIS           97.27           461    375     99     7.674     7.021     3.631     0.8533      0.8533      0.8299      0.5732
196     A         B          196           LEU           96.39           461    375     99     7.674     7.021     3.631     0.8500      0.8500      0.8262      0.5661
197     A         B          197           GLU           95.38           461    375     99     7.674     7.021     3.631     0.7645      0.7645      0.7316      0.4295
198     A         B          198           ASN           96.33           461    375     99     7.674     7.021     3.631     0.7702      0.7702      0.7377      0.4355
199     A         B          199           GLY           95.67           461    375     99     7.674     7.021     3.631     0.6598      0.6598      0.6196      0.3092
200     A         B          200           LYS           94.80           461    375     99     7.674     7.021     3.631     0.6586      0.6586      0.6184      0.3087
201     A         B          201           GLU           94.53           461    375     99     7.674     7.021     3.631     0.6707      0.6707      0.6312      0.3205
202     A         B          202           THR           94.67           461    375     99     7.674     7.021     3.631     0.7022      0.7022      0.6646      0.3538
203     A         B          203           LEU           95.58           461    375     99     7.674     7.021     3.631     0.7997      0.7997      0.7702      0.4795
204     A         B          204           GLN           94.15           461    375     99     7.674     7.021     3.631     0.7392      0.7392      0.7042      0.3963
205     A         B          205           ARG           93.92           461    375     99     7.674     7.021     3.631     0.7051      0.7051      0.6677      0.3571
206     A         B          206           ALA           94.78           461    375     99     7.674     7.021     3.631     0.7595      0.7595      0.7263      0.4239
207     A         B          207           ASP           96.34           461    375     99     7.674     7.021     3.631     0.8114      0.8114      0.7832      0.4998
208     A         B          208           PRO           96.62           461    375     99     7.674     7.021     3.631     0.7808      0.7808      0.7496      0.4540
209     A         B          209           PRO           97.17           461    375     99     7.674     7.021     3.631     0.8117      0.8117      0.7836      0.5015
210     A         B          210           LYS           96.68           461    375     99     7.674     7.021     3.631     0.8316      0.8316      0.8057      0.5354
211     A         B          211           THR           96.11           461    375     99     7.674     7.021     3.631     0.8043      0.8043      0.7755      0.4906
212     A         B          212           HIS           95.47           461    375     99     7.674     7.021     3.631     0.8204      0.8204      0.7933      0.5164
213     A         B          213           VAL           95.47           461    375     99     7.674     7.021     3.631     0.8229      0.8229      0.7960      0.5192
214     A         B          214           THR           94.80           461    375     99     7.674     7.021     3.631     0.8063      0.8063      0.7776      0.4924
215     A         B          215           HIS           94.17           461    375     99     7.674     7.021     3.631     0.7676      0.7676      0.7352      0.4365
216     A         B          216           HIS           94.08           461    375     99     7.674     7.021     3.631     0.7384      0.7384      0.7036      0.3985
217     A         B          217           PRO           93.64           461    375     99     7.674     7.021     3.631     0.6338      0.6338      0.5934      0.2932
218     A         B          218           VAL           93.09           461    375     99     7.674     7.021     3.631     0.5448      0.5448      0.5020      0.2199
219     A         B          219           SER           93.34           461    375     98     7.674     7.021     3.609     0.4926      0.4939      0.4508      0.1836
220     A         B          220           ASP           93.55           461    375     65     7.674     7.021     2.768     0.4179      0.4606      0.4177      0.1032
221     A         B          221           HIS           94.64           461    375     31     7.674     7.021     1.325     0.3587      0.4353      0.3927      0.0230
222     A         B          222           GLU           93.91           461    375     99     7.674     7.021     3.631     0.5511      0.5511      0.5082      0.2229
223     A         B          223           ALA           94.05           461    375     99     7.674     7.021     3.631     0.6999      0.6999      0.6622      0.3528
224     A         B          224           THR           95.21           461    375     99     7.674     7.021     3.631     0.7829      0.7829      0.7517      0.4547
225     A         B          225           LEU           95.41           461    375     99     7.674     7.021     3.631     0.8163      0.8163      0.7886      0.5079
226     A         B          226           ARG           96.34           461    375     99     7.674     7.021     3.631     0.8267      0.8267      0.8003      0.5256
227     A         B          227           CYS           96.50           461    375     99     7.674     7.021     3.631     0.8563      0.8563      0.8334      0.5808
228     A         B          228           TRP           96.81           461    375     99     7.674     7.021     3.631     0.8746      0.8746      0.8541      0.6182
229     A         B          229           ALA           96.98           461    375     99     7.674     7.021     3.631     0.8762      0.8762      0.8560      0.6223
230     A         B          230           LEU           96.84           461    375     99     7.674     7.021     3.631     0.8661      0.8661      0.8446      0.6021
231     A         B          231           GLY           96.51           461    375     99     7.674     7.021     3.631     0.8239      0.8239      0.7974      0.5253
232     A         B          232           PHE           97.15           461    375     99     7.674     7.021     3.631     0.8944      0.8944      0.8767      0.6616
233     A         B          233           TYR           96.58           461    375     99     7.674     7.021     3.631     0.8685      0.8685      0.8471      0.6038
234     A         B          234           PRO           95.85           461    375     99     7.674     7.021     3.631     0.8091      0.8091      0.7808      0.4976
235     A         B          235           ALA           96.60           461    375     99     7.674     7.021     3.631     0.8303      0.8303      0.8043      0.5330
236     A         B          236           GLU           96.08           461    375     99     7.674     7.021     3.631     0.8426      0.8426      0.8180      0.5541
237     A         B          237           ILE           96.76           461    375     99     7.674     7.021     3.631     0.8415      0.8415      0.8167      0.5508
238     A         B          238           THR           96.29           461    375     99     7.674     7.021     3.631     0.7858      0.7858      0.7550      0.4603
239     A         B          239           LEU           95.53           461    375     99     7.674     7.021     3.631     0.7083      0.7083      0.6713      0.3629
240     A         B          240           THR           95.70           461    375     99     7.674     7.021     3.631     0.7476      0.7476      0.7134      0.4080
241     A         B          241           TRP           96.29           461    375     99     7.674     7.021     3.631     0.7976      0.7976      0.7679      0.4761
242     A         B          242           GLN           95.54           461    375     99     7.674     7.021     3.631     0.7131      0.7131      0.6761      0.3644
243     A         B          243           ARG           94.77           461    375     99     7.674     7.021     3.631     0.6166      0.6166      0.5745      0.2695
244     A         B          244           ASP           93.76           461    375     99     7.674     7.021     3.631     0.5002      0.5002      0.4565      0.1860
245     A         B          245           GLY           91.84           461    375     64     7.674     7.021     2.738     0.4091      0.4405      0.3977      0.0922
246     A         B          246           GLU           93.07           461    375     94     7.674     7.021     3.521     0.4541      0.4596      0.4165      0.1540
247     A         B          247           ASP           92.92           461    375     99     7.674     7.021     3.631     0.5135      0.5135      0.4697      0.1939
248     A         B          248           GLN           91.16           461    375     97     7.674     7.021     3.587     0.4739      0.4762      0.4328      0.1684
249     A         B          249           THR           89.44           461    375     42     7.674     7.021     1.920     0.3716      0.4293      0.3867      0.0454
250     A         B          250           GLN           86.78           461    375     14     7.674     7.021     1.000     0.3050      0.4079      0.3659      0.0116
251     A         B          251           ASP           88.83           461    375     53     7.674     7.021     2.369     0.3967      0.4575      0.4145      0.0762
252     A         B          252           THR           92.81           461    375     99     7.674     7.021     3.631     0.6721      0.6721      0.6331      0.3254
253     A         B          253           GLU           94.48           461    375     99     7.674     7.021     3.631     0.7565      0.7565      0.7231      0.4210
254     A         B          254           LEU           95.33           461    375     99     7.674     7.021     3.631     0.8053      0.8053      0.7768      0.4942
255     A         B          255           VAL           95.64           461    375     99     7.674     7.021     3.631     0.8453      0.8453      0.8213      0.5631
256     A         B          256           GLU           95.73           461    375     99     7.674     7.021     3.631     0.8510      0.8510      0.8276      0.5733
257     A         B          257           THR           97.24           461    375     99     7.674     7.021     3.631     0.9129      0.9129      0.8980      0.7087
258     A         B          258           ARG           97.60           461    375     99     7.674     7.021     3.631     0.9016      0.9016      0.8849      0.6817
259     A         B          259           PRO           97.39           461    375     99     7.674     7.021     3.631     0.9106      0.9106      0.8953      0.7038
260     A         B          260           ALA           96.58           461    375     99     7.674     7.021     3.631     0.8875      0.8875      0.8689      0.6503
261     A         B          261           GLY           95.09           461    375     99     7.674     7.021     3.631     0.8383      0.8383      0.8136      0.5540
262     A         B          262           ASP           94.42           461    375     99     7.674     7.021     3.631     0.8133      0.8133      0.7857      0.5097
263     A         B          263           ARG           94.72           461    375     99     7.674     7.021     3.631     0.8134      0.8134      0.7858      0.5089
264     A         B          264           THR           95.86           461    375     99     7.674     7.021     3.631     0.8788      0.8788      0.8589      0.6281
265     A         B          265           PHE           97.55           461    375     99     7.674     7.021     3.631     0.9229      0.9229      0.9095      0.7338
266     A         B          266           GLN           97.53           461    375     99     7.674     7.021     3.631     0.8958      0.8958      0.8783      0.6664
267     A         B          267           LYS           97.47           461    375     99     7.674     7.021     3.631     0.8899      0.8899      0.8715      0.6523
268     A         B          268           TRP           96.63           461    375     99     7.674     7.021     3.631     0.8860      0.8860      0.8670      0.6423
269     A         B          269           ALA           96.55           461    375     99     7.674     7.021     3.631     0.8539      0.8539      0.8307      0.5757
270     A         B          270           ALA           96.13           461    375     99     7.674     7.021     3.631     0.8141      0.8141      0.7863      0.5042
271     A         B          271           VAL           95.43           461    375     99     7.674     7.021     3.631     0.7721      0.7721      0.7399      0.4396
272     A         B          272           VAL           95.20           461    375     99     7.674     7.021     3.631     0.7792      0.7792      0.7476      0.4485
273     A         B          273           VAL           94.86           461    375     99     7.674     7.021     3.631     0.7271      0.7271      0.6910      0.3804
274     A         B          274           PRO           94.61           461    375     99     7.674     7.021     3.631     0.6201      0.6201      0.5781      0.2727
275     A         B          275           SER           92.84           461    375     99     7.674     7.021     3.631     0.5295      0.5295      0.4858      0.2050
276     A         B          276           GLY           92.36           461    375     70     7.674     7.021     2.916     0.4178      0.4464      0.4036      0.1063
277     A         B          277           GLU           92.99           461    375     99     7.674     7.021     3.631     0.5051      0.5051      0.4615      0.1896
278     A         B          278           GLU           92.93           461    375     99     7.674     7.021     3.631     0.5853      0.5853      0.5425      0.2456
279     A         B          279           GLN           94.27           461    375     99     7.674     7.021     3.631     0.6106      0.6106      0.5684      0.2661
280     A         B          280           ARG           94.63           461    375     99     7.674     7.021     3.631     0.6214      0.6214      0.5794      0.2735
281     A         B          281           TYR           95.51           461    375     99     7.674     7.021     3.631     0.7437      0.7437      0.7089      0.4004
282     A         B          282           THR           95.96           461    375     99     7.674     7.021     3.631     0.7264      0.7264      0.6904      0.3801
283     A         B          283           CYS           96.05           461    375     99     7.674     7.021     3.631     0.7841      0.7841      0.7530      0.4558
284     A         B          284           HIS           96.28           461    375     99     7.674     7.021     3.631     0.7720      0.7720      0.7398      0.4392
285     A         B          285           VAL           96.90           461    375     99     7.674     7.021     3.631     0.8092      0.8092      0.7807      0.4947
286     A         B          286           GLN           96.76           461    375     99     7.674     7.021     3.631     0.7693      0.7693      0.7368      0.4356
287     A         B          287           HIS           96.55           461    375     99     7.674     7.021     3.631     0.8000      0.8000      0.7705      0.4793
288     A         B          288           GLU           94.36           461    375     99     7.674     7.021     3.631     0.6602      0.6602      0.6201      0.3104
289     A         B          289           GLY           94.06           461    375     99     7.674     7.021     3.631     0.6697      0.6697      0.6301      0.3190
290     A         B          290           LEU           95.13           461    375     99     7.674     7.021     3.631     0.7345      0.7345      0.6991      0.3896
291     A         B          291           PRO           93.94           461    375     99     7.674     7.021     3.631     0.6190      0.6190      0.5774      0.2740
292     A         B          292           LYS           95.40           461    375     99     7.674     7.021     3.631     0.5539      0.5539      0.5105      0.2219
293     A         B          293           PRO           95.28           461    375     99     7.674     7.021     3.631     0.6476      0.6476      0.6068      0.2975
294     A         B          294           LEU           95.43           461    375     99     7.674     7.021     3.631     0.6736      0.6736      0.6341      0.3227
295     A         B          295           THR           95.72           461    375     99     7.674     7.021     3.631     0.6901      0.6901      0.6516      0.3393
296     A         B          296           LEU           94.85           461    375     99     7.674     7.021     3.631     0.6359      0.6359      0.5948      0.2883
297     A         B          297           ARG           93.68           461    375     99     7.674     7.021     3.631     0.5905      0.5905      0.5479      0.2501
298     A         B          298           TRP           93.14           461    375     99     7.674     7.021     3.631     0.5184      0.5184      0.4750      0.1993
299     A         B          299           GLU           87.59           461    375      7     7.674     7.021     1.000     0.2760      0.4172      0.3749      0.0121
300     A         B          300           PRO           82.64           461    375      1     7.674     7.021     1.000     0.2034      0.3899      0.3485      0.0107
301     A         B          301           SER           72.21           461    375      0     7.674     7.021     1.000     0.1002      0.0000      0.0000      0.0000
302     A         B          302           SER           56.43           461    375      0     7.674     7.021     1.000     0.0782      0.0000      0.0000      0.0000
303     A         B          303           GLN           41.68           461    375      0     7.674     7.021     1.000     0.0695      0.0000      0.0000      0.0000
304     A         B          304           SER           38.97           461    375      0     7.674     7.021     1.000     0.0657      0.0000      0.0000      0.0000
305     A         B          305           THR           36.13           461    375      0     7.674     7.021     1.000     0.0655      0.0000      0.0000      0.0000
306     A         B          306           ILE           41.78           461    375      0     7.674     7.021     1.000     0.0633      0.0000      0.0000      0.0000
307     A         B          307           PRO           40.17           461    375      0     7.674     7.021     1.000     0.0637      0.0000      0.0000      0.0000
308     A         B          308           ILE           44.87           461    375      0     7.674     7.021     1.000     0.0642      0.0000      0.0000      0.0000
309     A         B          309           VAL           45.25           461    375      0     7.674     7.021     1.000     0.0640      0.0000      0.0000      0.0000
310     A         B          310           GLY           44.61           461    375      0     7.674     7.021     1.000     0.0631      0.0000      0.0000      0.0000
311     A         B          311           ILE           51.70           461    375      0     7.674     7.021     1.000     0.0641      0.0000      0.0000      0.0000
312     A         B          312           VAL           55.38           461    375      0     7.674     7.021     1.000     0.0643      0.0000      0.0000      0.0000
313     A         B          313           ALA           56.10           461    375      0     7.674     7.021     1.000     0.0643      0.0000      0.0000      0.0000
314     A         B          314           GLY           54.39           461    375      0     7.674     7.021     1.000     0.0633      0.0000      0.0000      0.0000
315     A         B          315           LEU           58.30           461    375      0     7.674     7.021     1.000     0.0641      0.0000      0.0000      0.0000
316     A         B          316           ALA           59.70           461    375      0     7.674     7.021     1.000     0.0642      0.0000      0.0000      0.0000
317     A         B          317           VAL           60.02           461    375      0     7.674     7.021     1.000     0.0640      0.0000      0.0000      0.0000
318     A         B          318           LEU           58.29           461    375      0     7.674     7.021     1.000     0.0638      0.0000      0.0000      0.0000
319     A         B          319           ALA           60.86           461    375      0     7.674     7.021     1.000     0.0631      0.0000      0.0000      0.0000
320     A         B          320           VAL           59.56           461    375      0     7.674     7.021     1.000     0.0628      0.0000      0.0000      0.0000
321     A         B          321           VAL           64.80           461    375      0     7.674     7.021     1.000     0.0631      0.0000      0.0000      0.0000
322     A         B          322           VAL           61.02           461    375      0     7.674     7.021     1.000     0.0627      0.0000      0.0000      0.0000
323     A         B          323           ILE           54.26           461    375      0     7.674     7.021     1.000     0.0624      0.0000      0.0000      0.0000
324     A         B          324           GLY           55.56           461    375      0     7.674     7.021     1.000     0.0610      0.0000      0.0000      0.0000
325     A         B          325           ALA           61.31           461    375      0     7.674     7.021     1.000     0.0614      0.0000      0.0000      0.0000
326     A         B          326           VAL           57.45           461    375      0     7.674     7.021     1.000     0.0613      0.0000      0.0000      0.0000
327     A         B          327           VAL           56.28           461    375      0     7.674     7.021     1.000     0.0617      0.0000      0.0000      0.0000
328     A         B          328           ALA           60.14           461    375      0     7.674     7.021     1.000     0.0612      0.0000      0.0000      0.0000
329     A         B          329           THR           59.19           461    375      0     7.674     7.021     1.000     0.0612      0.0000      0.0000      0.0000
330     A         B          330           VAL           56.81           461    375      0     7.674     7.021     1.000     0.0596      0.0000      0.0000      0.0000
331     A         B          331           MET           54.28           461    375      0     7.674     7.021     1.000     0.0595      0.0000      0.0000      0.0000
332     A         B          332           CYS           55.05           461    375      0     7.674     7.021     1.000     0.0587      0.0000      0.0000      0.0000
333     A         B          333           ARG           54.06           461    375      0     7.674     7.021     1.000     0.0579      0.0000      0.0000      0.0000
334     A         B          334           ARG           48.87           461    375      0     7.674     7.021     1.000     0.0567      0.0000      0.0000      0.0000
335     A         B          335           LYS           41.64           461    375      0     7.674     7.021     1.000     0.0559      0.0000      0.0000      0.0000
336     A         B          336           SER           36.85           461    375      0     7.674     7.021     1.000     0.0558      0.0000      0.0000      0.0000
337     A         B          337           SER           32.94           461    375      0     7.674     7.021     1.000     0.0556      0.0000      0.0000      0.0000
338     A         B          338           GLY           28.75           461    375      0     7.674     7.021     1.000     0.0555      0.0000      0.0000      0.0000
339     A         B          339           GLY           27.61           461    375      0     7.674     7.021     1.000     0.0555      0.0000      0.0000      0.0000
340     A         B          340           LYS           28.45           461    375      0     7.674     7.021     1.000     0.0555      0.0000      0.0000      0.0000
341     A         B          341           GLY           27.54           461    375      0     7.674     7.021     1.000     0.0554      0.0000      0.0000      0.0000
342     A         B          342           GLY           27.41           461    375      0     7.674     7.021     1.000     0.0555      0.0000      0.0000      0.0000
343     A         B          343           SER           25.18           461    375      0     7.674     7.021     1.000     0.0555      0.0000      0.0000      0.0000
344     A         B          344           TYR           24.16           461    375      0     7.674     7.021     1.000     0.0555      0.0000      0.0000      0.0000
345     A         B          345           SER           24.35           461    375      0     7.674     7.021     1.000     0.0556      0.0000      0.0000      0.0000
346     A         B          346           GLN           23.26           461    375      0     7.674     7.021     1.000     0.0556      0.0000      0.0000      0.0000
347     A         B          347           ALA           26.75           461    375      0     7.674     7.021     1.000     0.0556      0.0000      0.0000      0.0000
348     A         B          348           ALA           27.34           461    375      0     7.674     7.021     1.000     0.0557      0.0000      0.0000      0.0000
349     A         B          349           SER           22.48           461    375      0     7.674     7.021     1.000     0.0557      0.0000      0.0000      0.0000
350     A         B          350           SER           25.07           461    375      0     7.674     7.021     1.000     0.0556      0.0000      0.0000      0.0000
351     A         B          351           ASP           30.71           461    375      0     7.674     7.021     1.000     0.0557      0.0000      0.0000      0.0000
352     A         B          352           SER           25.68           461    375      0     7.674     7.021     1.000     0.0557      0.0000      0.0000      0.0000
353     A         B          353           ALA           25.67           461    375      0     7.674     7.021     1.000     0.0557      0.0000      0.0000      0.0000
354     A         B          354           GLN           25.65           461    375      0     7.674     7.021     1.000     0.0557      0.0000      0.0000      0.0000
355     A         B          355           GLY           27.76           461    375      0     7.674     7.021     1.000     0.0556      0.0000      0.0000      0.0000
356     A         B          356           SER           26.14           461    375      0     7.674     7.021     1.000     0.0557      0.0000      0.0000      0.0000
357     A         B          357           ASP           28.58           461    375      0     7.674     7.021     1.000     0.0557      0.0000      0.0000      0.0000
358     A         B          358           VAL           22.47           461    375      0     7.674     7.021     1.000     0.0557      0.0000      0.0000      0.0000
359     A         B          359           SER           19.54           461    375      0     7.674     7.021     1.000     0.0557      0.0000      0.0000      0.0000
360     A         B          360           LEU           21.40           461    375      0     7.674     7.021     1.000     0.0557      0.0000      0.0000      0.0000
361     A         B          361           THR           20.83           461    375      0     7.674     7.021     1.000     0.0557      0.0000      0.0000      0.0000
362     A         B          362           ALA           12.15           461    375      0     7.674     7.021     1.000     0.0556      0.0000      0.0000      0.0000
1       A         C            1           MET           20.23           371    266      0     6.988     6.022     1.000     0.0467      0.0000      0.0000      0.0000
2       A         C            2           ARG           26.78           371    266      0     6.988     6.022     1.000     0.0467      0.0000      0.0000      0.0000
3       A         C            3           VAL           25.84           371    266      0     6.988     6.022     1.000     0.0468      0.0000      0.0000      0.0000
4       A         C            4           THR           28.99           371    266      0     6.988     6.022     1.000     0.0468      0.0000      0.0000      0.0000
5       A         C            5           ALA           31.79           371    266      0     6.988     6.022     1.000     0.0469      0.0000      0.0000      0.0000
6       A         C            6           PRO           31.30           371    266      0     6.988     6.022     1.000     0.0470      0.0000      0.0000      0.0000
7       A         C            7           ARG           30.54           371    266      0     6.988     6.022     1.000     0.0472      0.0000      0.0000      0.0000
8       A         C            8           THR           29.65           371    266      0     6.988     6.022     1.000     0.0476      0.0000      0.0000      0.0000
9       A         C            9           VAL           26.24           371    266      0     6.988     6.022     1.000     0.0481      0.0000      0.0000      0.0000
10      A         C           10           LEU           27.00           371    266      0     6.988     6.022     1.000     0.0483      0.0000      0.0000      0.0000
11      A         C           11           LEU           26.56           371    266      0     6.988     6.022     1.000     0.0488      0.0000      0.0000      0.0000
12      A         C           12           LEU           29.05           371    266      0     6.988     6.022     1.000     0.0491      0.0000      0.0000      0.0000
13      A         C           13           LEU           30.33           371    266      0     6.988     6.022     1.000     0.0499      0.0000      0.0000      0.0000
14      A         C           14           TRP           33.43           371    266      0     6.988     6.022     1.000     0.0509      0.0000      0.0000      0.0000
15      A         C           15           GLY           31.22           371    266      0     6.988     6.022     1.000     0.0512      0.0000      0.0000      0.0000
16      A         C           16           ALA           31.98           371    266      0     6.988     6.022     1.000     0.0539      0.0000      0.0000      0.0000
17      A         C           17           VAL           33.18           371    266      0     6.988     6.022     1.000     0.0562      0.0000      0.0000      0.0000
18      A         C           18           ALA           36.82           371    266      0     6.988     6.022     1.000     0.0573      0.0000      0.0000      0.0000
19      A         C           19           LEU           40.51           371    266      0     6.988     6.022     1.000     0.0584      0.0000      0.0000      0.0000
20      A         C           20           THR           45.78           371    266      0     6.988     6.022     1.000     0.0640      0.0000      0.0000      0.0000
21      A         C           21           GLU           56.81           371    266      0     6.988     6.022     1.000     0.0721      0.0000      0.0000      0.0000
22      A         C           22           THR           69.65           371    266      0     6.988     6.022     1.000     0.1020      0.0000      0.0000      0.0000
23      A         C           23           TRP           75.17           371    266      0     6.988     6.022     1.000     0.1770      0.0000      0.0000      0.0000
24      A         C           24           ALA           72.17           371    266      0     6.988     6.022     1.000     0.1478      0.0000      0.0000      0.0000
25      A         C           25           GLY           86.47           371    266      4     6.988     6.022     1.000     0.3282      0.3719      0.3056      0.0120
26      A         C           26           SER           93.63           371    266      9     6.988     6.022     1.000     0.7012      0.7012      0.6376      0.0504
27      A         C           27           HIS           96.52           371    266      9     6.988     6.022     1.000     0.8641      0.8641      0.8258      0.1230
28      A         C           28           SER           97.41           371    266      9     6.988     6.022     1.000     0.8757      0.8757      0.8401      0.1374
29      A         C           29           MET           98.02           371    266      9     6.988     6.022     1.000     0.9193      0.9193      0.8944      0.1993
30      A         C           30           ARG           98.02           371    266      9     6.988     6.022     1.000     0.9138      0.9138      0.8875      0.1868
31      A         C           31           TYR           98.24           371    266      9     6.988     6.022     1.000     0.9434      0.9434      0.9253      0.2642
32      A         C           32           PHE           98.50           371    266      9     6.988     6.022     1.000     0.9438      0.9438      0.9258      0.2604
33      A         C           33           TYR           98.46           371    266      9     6.988     6.022     1.000     0.9459      0.9459      0.9285      0.2675
34      A         C           34           THR           98.40           371    266      9     6.988     6.022     1.000     0.9354      0.9354      0.9149      0.2310
35      A         C           35           ALA           98.18           371    266      9     6.988     6.022     1.000     0.9201      0.9201      0.8954      0.1932
36      A         C           36           MET           97.43           371    266      9     6.988     6.022     1.000     0.8727      0.8727      0.8359      0.1245
37      A         C           37           SER           97.09           371    266      9     6.988     6.022     1.000     0.8688      0.8688      0.8311      0.1219
38      A         C           38           ARG           95.31           371    266      9     6.988     6.022     1.000     0.7991      0.7991      0.7475      0.0774
39      A         C           39           PRO           94.45           371    266      9     6.988     6.022     1.000     0.6758      0.6758      0.6079      0.0415
40      A         C           40           GLY           92.13           371    266      9     6.988     6.022     1.000     0.5145      0.5145      0.4417      0.0221
41      A         C           41           ARG           91.77           371    266      9     6.988     6.022     1.000     0.6018      0.6018      0.5295      0.0307
42      A         C           42           GLY           89.34           371    266      9     6.988     6.022     1.000     0.6354      0.6354      0.5651      0.0357
43      A         C           43           GLU           89.98           371    266      9     6.988     6.022     1.000     0.8074      0.8074      0.7571      0.0804
44      A         C           44           PRO           94.94           371    266      9     6.988     6.022     1.000     0.8916      0.8916      0.8594      0.1460
45      A         C           45           ARG           96.93           371    266      9     6.988     6.022     1.000     0.9138      0.9138      0.8873      0.1797
46      A         C           46           PHE           97.30           371    266      9     6.988     6.022     1.000     0.9309      0.9309      0.9091      0.2195
47      A         C           47           ILE           98.15           371    266      9     6.988     6.022     1.000     0.9278      0.9278      0.9052      0.2116
48      A         C           48           ALA           98.27           371    266      9     6.988     6.022     1.000     0.9246      0.9246      0.9011      0.2052
49      A         C           49           VAL           98.34           371    266      9     6.988     6.022     1.000     0.9187      0.9187      0.8937      0.1956
50      A         C           50           GLY           98.19           371    266      9     6.988     6.022     1.000     0.8934      0.8934      0.8618      0.1545
51      A         C           51           TYR           98.06           371    266      9     6.988     6.022     1.000     0.9203      0.9203      0.8957      0.1995
52      A         C           52           VAL           97.95           371    266      9     6.988     6.022     1.000     0.9078      0.9078      0.8799      0.1777
53      A         C           53           ASP           96.56           371    266      9     6.988     6.022     1.000     0.8523      0.8523      0.8116      0.1159
54      A         C           54           ASP           96.28           371    266      9     6.988     6.022     1.000     0.8273      0.8273      0.7814      0.0966
55      A         C           55           THR           97.09           371    266      9     6.988     6.022     1.000     0.8732      0.8732      0.8369      0.1333
56      A         C           56           GLN           97.87           371    266      9     6.988     6.022     1.000     0.8960      0.8960      0.8650      0.1583
57      A         C           57           PHE           97.88           371    266      9     6.988     6.022     1.000     0.8993      0.8993      0.8695      0.1708
58      A         C           58           VAL           97.89           371    266      9     6.988     6.022     1.000     0.8884      0.8884      0.8558      0.1520
59      A         C           59           ARG           97.77           371    266      9     6.988     6.022     1.000     0.8789      0.8789      0.8439      0.1381
60      A         C           60           PHE           98.04           371    266      9     6.988     6.022     1.000     0.9231      0.9231      0.8992      0.2014
61      A         C           61           ASP           97.40           371    266      9     6.988     6.022     1.000     0.9042      0.9042      0.8753      0.1665
62      A         C           62           SER           96.27           371    266      9     6.988     6.022     1.000     0.8734      0.8734      0.8368      0.1263
63      A         C           63           ASP           94.41           371    266      9     6.988     6.022     1.000     0.8304      0.8304      0.7845      0.0922
64      A         C           64           ALA           93.41           371    266      9     6.988     6.022     1.000     0.7050      0.7050      0.6399      0.0472
65      A         C           65           ALA           91.47           371    266      9     6.988     6.022     1.000     0.5457      0.5457      0.4721      0.0245
66      A         C           66           SER           91.33           371    266      9     6.988     6.022     1.000     0.6269      0.6269      0.5567      0.0350
67      A         C           67           PRO           93.62           371    266      9     6.988     6.022     1.000     0.7189      0.7189      0.6568      0.0538
68      A         C           68           ARG           95.33           371    266      9     6.988     6.022     1.000     0.8101      0.8101      0.7616      0.0902
69      A         C           69           THR           97.21           371    266      9     6.988     6.022     1.000     0.8826      0.8826      0.8485      0.1416
70      A         C           70           GLU           97.03           371    266      9     6.988     6.022     1.000     0.8717      0.8717      0.8350      0.1293
71      A         C           71           PRO           97.39           371    266      9     6.988     6.022     1.000     0.8475      0.8475      0.8059      0.1119
72      A         C           72           ARG           96.42           371    266      9     6.988     6.022     1.000     0.8381      0.8381      0.7944      0.1036
73      A         C           73           ALA           96.24           371    266      9     6.988     6.022     1.000     0.8158      0.8158      0.7675      0.0882
74      A         C           74           PRO           95.93           371    266      9     6.988     6.022     1.000     0.7489      0.7489      0.6908      0.0641
75      A         C           75           TRP           96.80           371    266      9     6.988     6.022     1.000     0.8503      0.8503      0.8092      0.1146
76      A         C           76           ILE           97.52           371    266      9     6.988     6.022     1.000     0.8498      0.8498      0.8088      0.1175
77      A         C           77           GLU           96.42           371    266      9     6.988     6.022     1.000     0.8149      0.8149      0.7671      0.0931
78      A         C           78           GLN           95.19           371    266      9     6.988     6.022     1.000     0.7114      0.7114      0.6501      0.0564
79      A         C           79           GLU           95.37           371    266      9     6.988     6.022     1.000     0.7757      0.7757      0.7223      0.0780
80      A         C           80           GLY           94.08           371    266      9     6.988     6.022     1.000     0.7148      0.7148      0.6543      0.0588
81      A         C           81           PRO           93.07           371    266      9     6.988     6.022     1.000     0.8367      0.8367      0.7930      0.1055
82      A         C           82           GLU           89.60           371    266      9     6.988     6.022     1.000     0.8878      0.8878      0.8553      0.1549
83      A         C           83           TYR           94.32           371    266      9     6.988     6.022     1.000     0.9233      0.9233      0.8997      0.2149
84      A         C           84           TRP           95.57           371    266      9     6.988     6.022     1.000     0.9205      0.9205      0.8961      0.2052
85      A         C           85           ASP           90.89           371    266      9     6.988     6.022     1.000     0.9231      0.9231      0.8994      0.2084
86      A         C           86           ARG           91.27           371    266      9     6.988     6.022     1.000     0.9288      0.9288      0.9065      0.2196
87      A         C           87           ASN           94.27           371    266      9     6.988     6.022     1.000     0.9375      0.9375      0.9177      0.2467
88      A         C           88           THR           94.05           371    266      9     6.988     6.022     1.000     0.9376      0.9376      0.9179      0.2456
89      A         C           89           GLN           89.90           371    266      9     6.988     6.022     1.000     0.9422      0.9422      0.9237      0.2573
90      A         C           90           ILE           93.01           371    266      9     6.988     6.022     1.000     0.9535      0.9535      0.9385      0.3041
91      A         C           91           PHE           95.09           371    266      9     6.988     6.022     1.000     0.9510      0.9510      0.9352      0.2913
92      A         C           92           LYS           91.17           371    266      9     6.988     6.022     1.000     0.9459      0.9459      0.9285      0.2677
93      A         C           93           THR           90.41           371    266      9     6.988     6.022     1.000     0.9486      0.9486      0.9320      0.2779
94      A         C           94           ASN           93.58           371    266      9     6.988     6.022     1.000     0.9466      0.9466      0.9294      0.2701
95      A         C           95           THR           93.03           371    266      9     6.988     6.022     1.000     0.9459      0.9459      0.9285      0.2678
96      A         C           96           GLN           88.29           371    266      9     6.988     6.022     1.000     0.9354      0.9354      0.9150      0.2395
97      A         C           97           THR           91.81           371    266      9     6.988     6.022     1.000     0.9432      0.9432      0.9251      0.2658
98      A         C           98           TYR           94.79           371    266      9     6.988     6.022     1.000     0.9460      0.9460      0.9288      0.2753
99      A         C           99           ARG           92.14           371    266      9     6.988     6.022     1.000     0.9425      0.9425      0.9241      0.2640
100     A         C          100           GLU           90.59           371    266      9     6.988     6.022     1.000     0.9353      0.9353      0.9150      0.2496
101     A         C          101           ASN           94.93           371    266      9     6.988     6.022     1.000     0.9426      0.9426      0.9244      0.2721
102     A         C          102           LEU           95.62           371    266      9     6.988     6.022     1.000     0.9388      0.9388      0.9194      0.2530
103     A         C          103           ARG           91.26           371    266      9     6.988     6.022     1.000     0.9239      0.9239      0.9004      0.2194
104     A         C          104           ILE           93.45           371    266      9     6.988     6.022     1.000     0.9284      0.9284      0.9062      0.2316
105     A         C          105           ALA           96.38           371    266      9     6.988     6.022     1.000     0.9199      0.9199      0.8954      0.2106
106     A         C          106           LEU           95.84           371    266      9     6.988     6.022     1.000     0.9015      0.9015      0.8723      0.1776
107     A         C          107           ARG           93.25           371    266      9     6.988     6.022     1.000     0.8824      0.8824      0.8489      0.1555
108     A         C          108           TYR           95.70           371    266      9     6.988     6.022     1.000     0.9037      0.9037      0.8751      0.1840
109     A         C          109           TYR           96.72           371    266      9     6.988     6.022     1.000     0.8934      0.8934      0.8623      0.1678
110     A         C          110           ASN           96.63           371    266      9     6.988     6.022     1.000     0.8206      0.8206      0.7747      0.1044
111     A         C          111           GLN           96.21           371    266      9     6.988     6.022     1.000     0.7854      0.7854      0.7331      0.0825
112     A         C          112           SER           95.59           371    266      9     6.988     6.022     1.000     0.6435      0.6435      0.5761      0.0413
113     A         C          113           GLU           92.25           371    266      9     6.988     6.022     1.000     0.6199      0.6199      0.5512      0.0371
114     A         C          114           ALA           94.04           371    266      9     6.988     6.022     1.000     0.5178      0.5178      0.4464      0.0234
115     A         C          115           GLY           94.85           371    266      9     6.988     6.022     1.000     0.6402      0.6402      0.5703      0.0367
116     A         C          116           SER           96.53           371    266      9     6.988     6.022     1.000     0.8387      0.8387      0.7947      0.1006
117     A         C          117           HIS           97.70           371    266      9     6.988     6.022     1.000     0.9057      0.9057      0.8772      0.1708
118     A         C          118           THR           98.08           371    266      9     6.988     6.022     1.000     0.9108      0.9108      0.8836      0.1786
119     A         C          119           TRP           98.35           371    266      9     6.988     6.022     1.000     0.9237      0.9237      0.9000      0.2042
120     A         C          120           GLN           98.24           371    266      9     6.988     6.022     1.000     0.9316      0.9316      0.9100      0.2219
121     A         C          121           THR           98.31           371    266      9     6.988     6.022     1.000     0.9233      0.9233      0.8994      0.1999
122     A         C          122           MET           98.21           371    266      9     6.988     6.022     1.000     0.9085      0.9085      0.8807      0.1727
123     A         C          123           TYR           98.14           371    266      9     6.988     6.022     1.000     0.9377      0.9377      0.9180      0.2454
124     A         C          124           GLY           97.94           371    266      9     6.988     6.022     1.000     0.8914      0.8914      0.8591      0.1473
125     A         C          125           CYS           97.71           371    266      9     6.988     6.022     1.000     0.8978      0.8978      0.8673      0.1603
126     A         C          126           ASP           97.79           371    266      9     6.988     6.022     1.000     0.8974      0.8974      0.8667      0.1560
127     A         C          127           VAL           97.22           371    266      9     6.988     6.022     1.000     0.8682      0.8682      0.8306      0.1246
128     A         C          128           GLY           95.36           371    266      9     6.988     6.022     1.000     0.7490      0.7490      0.6900      0.0609
129     A         C          129           PRO           93.02           371    266      9     6.988     6.022     1.000     0.6736      0.6736      0.6064      0.0426
130     A         C          130           ASP           93.15           371    266      9     6.988     6.022     1.000     0.6014      0.6014      0.5299      0.0315
131     A         C          131           GLY           92.64           371    266      9     6.988     6.022     1.000     0.6664      0.6664      0.5984      0.0410
132     A         C          132           ARG           94.28           371    266      9     6.988     6.022     1.000     0.7490      0.7490      0.6898      0.0601
133     A         C          133           LEU           96.55           371    266      9     6.988     6.022     1.000     0.8248      0.8248      0.7782      0.0926
134     A         C          134           LEU           96.52           371    266      9     6.988     6.022     1.000     0.8190      0.8190      0.7712      0.0884
135     A         C          135           ARG           96.80           371    266      9     6.988     6.022     1.000     0.8469      0.8469      0.8044      0.1041
136     A         C          136           GLY           97.59           371    266      9     6.988     6.022     1.000     0.8633      0.8633      0.8244      0.1159
137     A         C          137           HIS           97.93           371    266      9     6.988     6.022     1.000     0.9095      0.9095      0.8819      0.1735
138     A         C          138           ASN           98.01           371    266      9     6.988     6.022     1.000     0.9135      0.9135      0.8870      0.1815
139     A         C          139           GLN           97.83           371    266      9     6.988     6.022     1.000     0.8875      0.8875      0.8544      0.1445
140     A         C          140           TYR           98.16           371    266      9     6.988     6.022     1.000     0.9254      0.9254      0.9022      0.2066
141     A         C          141           ALA           98.31           371    266      9     6.988     6.022     1.000     0.9166      0.9166      0.8909      0.1891
142     A         C          142           TYR           98.15           371    266      9     6.988     6.022     1.000     0.9247      0.9247      0.9014      0.2124
143     A         C          143           ASP           97.78           371    266      9     6.988     6.022     1.000     0.8874      0.8874      0.8546      0.1517
144     A         C          144           GLY           97.34           371    266      9     6.988     6.022     1.000     0.8154      0.8154      0.7672      0.0903
145     A         C          145           LYS           97.30           371    266      9     6.988     6.022     1.000     0.8388      0.8388      0.7954      0.1057
146     A         C          146           ASP           97.81           371    266      9     6.988     6.022     1.000     0.9010      0.9010      0.8714      0.1667
147     A         C          147           TYR           98.21           371    266      9     6.988     6.022     1.000     0.9271      0.9271      0.9044      0.2178
148     A         C          148           ILE           98.07           371    266      9     6.988     6.022     1.000     0.9258      0.9258      0.9027      0.2116
149     A         C          149           ALA           97.89           371    266      9     6.988     6.022     1.000     0.9067      0.9067      0.8784      0.1710
150     A         C          150           LEU           97.85           371    266      9     6.988     6.022     1.000     0.9199      0.9199      0.8951      0.1949
151     A         C          151           ASN           97.67           371    266      9     6.988     6.022     1.000     0.8990      0.8990      0.8688      0.1590
152     A         C          152           GLU           97.01           371    266      9     6.988     6.022     1.000     0.8430      0.8430      0.7997      0.1011
153     A         C          153           ASP           97.06           371    266      9     6.988     6.022     1.000     0.8351      0.8351      0.7903      0.0963
154     A         C          154           LEU           96.91           371    266      9     6.988     6.022     1.000     0.8762      0.8762      0.8403      0.1288
155     A         C          155           SER           96.07           371    266      9     6.988     6.022     1.000     0.8203      0.8203      0.7725      0.0876
156     A         C          156           SER           97.24           371    266      9     6.988     6.022     1.000     0.8541      0.8541      0.8134      0.1123
157     A         C          157           TRP           97.79           371    266      9     6.988     6.022     1.000     0.9127      0.9127      0.8859      0.1802
158     A         C          158           THR           97.93           371    266      9     6.988     6.022     1.000     0.8955      0.8955      0.8644      0.1545
159     A         C          159           ALA           97.75           371    266      9     6.988     6.022     1.000     0.8714      0.8714      0.8347      0.1311
160     A         C          160           ALA           97.15           371    266      9     6.988     6.022     1.000     0.8182      0.8182      0.7708      0.0931
161     A         C          161           ASP           96.90           371    266      9     6.988     6.022     1.000     0.7767      0.7767      0.7229      0.0770
162     A         C          162           THR           96.74           371    266      9     6.988     6.022     1.000     0.8120      0.8120      0.7645      0.0978
163     A         C          163           ALA           96.82           371    266      9     6.988     6.022     1.000     0.8866      0.8866      0.8538      0.1563
164     A         C          164           ALA           97.57           371    266      9     6.988     6.022     1.000     0.8983      0.8983      0.8682      0.1707
165     A         C          165           GLN           97.09           371    266      9     6.988     6.022     1.000     0.8962      0.8962      0.8657      0.1703
166     A         C          166           ILE           95.26           371    266      9     6.988     6.022     1.000     0.9164      0.9164      0.8910      0.2051
167     A         C          167           THR           95.97           371    266      9     6.988     6.022     1.000     0.9291      0.9291      0.9071      0.2347
168     A         C          168           GLN           96.94           371    266      9     6.988     6.022     1.000     0.9216      0.9216      0.8975      0.2126
169     A         C          169           ARG           94.44           371    266      9     6.988     6.022     1.000     0.9080      0.9080      0.8805      0.1904
170     A         C          170           LYS           91.06           371    266      9     6.988     6.022     1.000     0.9158      0.9158      0.8903      0.2014
171     A         C          171           TRP           92.86           371    266      9     6.988     6.022     1.000     0.9271      0.9271      0.9045      0.2257
172     A         C          172           GLU           92.47           371    266      9     6.988     6.022     1.000     0.9138      0.9138      0.8876      0.1938
173     A         C          173           ALA           87.39           371    266      9     6.988     6.022     1.000     0.8879      0.8879      0.8554      0.1544
174     A         C          174           ALA           83.29           371    266      9     6.988     6.022     1.000     0.8770      0.8770      0.8416      0.1361
175     A         C          175           ARG           85.08           371    266      9     6.988     6.022     1.000     0.8783      0.8783      0.8431      0.1351
176     A         C          176           GLU           91.14           371    266      9     6.988     6.022     1.000     0.8954      0.8954      0.8643      0.1549
177     A         C          177           ALA           93.74           371    266      9     6.988     6.022     1.000     0.9127      0.9127      0.8860      0.1800
178     A         C          178           GLU           89.96           371    266      9     6.988     6.022     1.000     0.9190      0.9190      0.8940      0.1935
179     A         C          179           GLN           90.07           371    266      9     6.988     6.022     1.000     0.9287      0.9287      0.9065      0.2205
180     A         C          180           LEU           94.34           371    266      9     6.988     6.022     1.000     0.9342      0.9342      0.9135      0.2327
181     A         C          181           ARG           95.18           371    266      9     6.988     6.022     1.000     0.9292      0.9292      0.9070      0.2165
182     A         C          182           ALA           92.32           371    266      9     6.988     6.022     1.000     0.9317      0.9317      0.9103      0.2288
183     A         C          183           TYR           94.77           371    266      9     6.988     6.022     1.000     0.9444      0.9444      0.9266      0.2731
184     A         C          184           LEU           96.69           371    266      9     6.988     6.022     1.000     0.9375      0.9375      0.9177      0.2470
185     A         C          185           GLU           95.37           371    266      9     6.988     6.022     1.000     0.9163      0.9163      0.8907      0.1906
186     A         C          186           GLY           93.22           371    266      9     6.988     6.022     1.000     0.8597      0.8597      0.8212      0.1289
187     A         C          187           LEU           93.75           371    266      9     6.988     6.022     1.000     0.9133      0.9133      0.8870      0.1976
188     A         C          188           CYS           96.49           371    266      9     6.988     6.022     1.000     0.9249      0.9249      0.9017      0.2186
189     A         C          189           VAL           97.12           371    266      9     6.988     6.022     1.000     0.9150      0.9150      0.8890      0.1929
190     A         C          190           GLU           95.44           371    266      9     6.988     6.022     1.000     0.9109      0.9109      0.8840      0.1923
191     A         C          191           TRP           96.61           371    266      9     6.988     6.022     1.000     0.9205      0.9205      0.8962      0.2133
192     A         C          192           LEU           97.27           371    266      9     6.988     6.022     1.000     0.9219      0.9219      0.8978      0.2106
193     A         C          193           ARG           96.44           371    266      9     6.988     6.022     1.000     0.9058      0.9058      0.8775      0.1765
194     A         C          194           ARG           96.53           371    266      9     6.988     6.022     1.000     0.9028      0.9028      0.8738      0.1756
195     A         C          195           HIS           97.27           371    266      9     6.988     6.022     1.000     0.9087      0.9087      0.8812      0.1857
196     A         C          196           LEU           96.39           371    266      9     6.988     6.022     1.000     0.8963      0.8963      0.8656      0.1625
197     A         C          197           GLU           95.38           371    266      9     6.988     6.022     1.000     0.8474      0.8474      0.8057      0.1126
198     A         C          198           ASN           96.33           371    266      9     6.988     6.022     1.000     0.8048      0.8048      0.7555      0.0887
199     A         C          199           GLY           95.67           371    266      9     6.988     6.022     1.000     0.6542      0.6542      0.5875      0.0428
200     A         C          200           LYS           94.80           371    266      9     6.988     6.022     1.000     0.6933      0.6933      0.6295      0.0505
201     A         C          201           GLU           94.53           371    266      9     6.988     6.022     1.000     0.6231      0.6231      0.5542      0.0368
202     A         C          202           THR           94.67           371    266      9     6.988     6.022     1.000     0.6712      0.6712      0.6044      0.0434
203     A         C          203           LEU           95.58           371    266      9     6.988     6.022     1.000     0.7599      0.7599      0.7034      0.0681
204     A         C          204           GLN           94.15           371    266      9     6.988     6.022     1.000     0.7258      0.7258      0.6648      0.0568
205     A         C          205           ARG           93.92           371    266      9     6.988     6.022     1.000     0.6219      0.6219      0.5528      0.0363
206     A         C          206           ALA           94.78           371    266      9     6.988     6.022     1.000     0.6393      0.6393      0.5701      0.0376
207     A         C          207           ASP           96.34           371    266      9     6.988     6.022     1.000     0.6825      0.6825      0.6161      0.0446
208     A         C          208           PRO           96.62           371    266      9     6.988     6.022     1.000     0.5850      0.5850      0.5129      0.0295
209     A         C          209           PRO           97.17           371    266      9     6.988     6.022     1.000     0.6342      0.6342      0.5637      0.0354
210     A         C          210           LYS           96.68           371    266      9     6.988     6.022     1.000     0.6469      0.6469      0.5773      0.0375
211     A         C          211           THR           96.11           371    266      9     6.988     6.022     1.000     0.5995      0.5995      0.5273      0.0307
212     A         C          212           HIS           95.47           371    266      9     6.988     6.022     1.000     0.5646      0.5646      0.4915      0.0267
213     A         C          213           VAL           95.47           371    266      9     6.988     6.022     1.000     0.5878      0.5878      0.5148      0.0289
214     A         C          214           THR           94.80           371    266      9     6.988     6.022     1.000     0.5635      0.5635      0.4900      0.0262
215     A         C          215           HIS           94.17           371    266      9     6.988     6.022     1.000     0.4834      0.4834      0.4103      0.0190
216     A         C          216           HIS           94.08           371    266      9     6.988     6.022     1.000     0.4500      0.4500      0.3782      0.0166
217     A         C          217           PRO           93.64           371    266      0     6.988     6.022     1.000     0.2907      0.0000      0.0000      0.0000
218     A         C          218           VAL           93.09           371    266      0     6.988     6.022     1.000     0.2404      0.0000      0.0000      0.0000
219     A         C          219           SER           93.34           371    266      0     6.988     6.022     1.000     0.2286      0.0000      0.0000      0.0000
220     A         C          220           ASP           93.55           371    266      0     6.988     6.022     1.000     0.1688      0.0000      0.0000      0.0000
221     A         C          221           HIS           94.64           371    266      0     6.988     6.022     1.000     0.1653      0.0000      0.0000      0.0000
222     A         C          222           GLU           93.91           371    266      0     6.988     6.022     1.000     0.2693      0.0000      0.0000      0.0000
223     A         C          223           ALA           94.05           371    266      9     6.988     6.022     1.000     0.3924      0.3924      0.3244      0.0131
224     A         C          224           THR           95.21           371    266      9     6.988     6.022     1.000     0.5184      0.5184      0.4445      0.0217
225     A         C          225           LEU           95.41           371    266      9     6.988     6.022     1.000     0.5555      0.5555      0.4818      0.0253
226     A         C          226           ARG           96.34           371    266      9     6.988     6.022     1.000     0.6163      0.6163      0.5444      0.0323
227     A         C          227           CYS           96.50           371    266      9     6.988     6.022     1.000     0.6327      0.6327      0.5618      0.0347
228     A         C          228           TRP           96.81           371    266      9     6.988     6.022     1.000     0.6571      0.6571      0.5879      0.0386
229     A         C          229           ALA           96.98           371    266      9     6.988     6.022     1.000     0.6870      0.6870      0.6205      0.0443
230     A         C          230           LEU           96.84           371    266      9     6.988     6.022     1.000     0.6552      0.6552      0.5859      0.0383
231     A         C          231           GLY           96.51           371    266      9     6.988     6.022     1.000     0.6039      0.6039      0.5324      0.0317
232     A         C          232           PHE           97.15           371    266      9     6.988     6.022     1.000     0.7490      0.7490      0.6898      0.0600
233     A         C          233           TYR           96.58           371    266      9     6.988     6.022     1.000     0.7388      0.7388      0.6782      0.0569
234     A         C          234           PRO           95.85           371    266      9     6.988     6.022     1.000     0.6911      0.6911      0.6250      0.0452
235     A         C          235           ALA           96.60           371    266      9     6.988     6.022     1.000     0.7164      0.7164      0.6531      0.0510
236     A         C          236           GLU           96.08           371    266      9     6.988     6.022     1.000     0.7460      0.7460      0.6862      0.0584
237     A         C          237           ILE           96.76           371    266      9     6.988     6.022     1.000     0.7214      0.7214      0.6586      0.0520
238     A         C          238           THR           96.29           371    266      9     6.988     6.022     1.000     0.6683      0.6683      0.6003      0.0411
239     A         C          239           LEU           95.53           371    266      9     6.988     6.022     1.000     0.5592      0.5592      0.4856      0.0258
240     A         C          240           THR           95.70           371    266      9     6.988     6.022     1.000     0.5967      0.5967      0.5240      0.0298
241     A         C          241           TRP           96.29           371    266      9     6.988     6.022     1.000     0.5921      0.5921      0.5192      0.0293
242     A         C          242           GLN           95.54           371    266      9     6.988     6.022     1.000     0.4994      0.4994      0.4259      0.0202
243     A         C          243           ARG           94.77           371    266      9     6.988     6.022     1.000     0.3815      0.3815      0.3143      0.0125
244     A         C          244           ASP           93.76           371    266      0     6.988     6.022     1.000     0.2726      0.0000      0.0000      0.0000
245     A         C          245           GLY           91.84           371    266      0     6.988     6.022     1.000     0.2333      0.0000      0.0000      0.0000
246     A         C          246           GLU           93.07           371    266      0     6.988     6.022     1.000     0.2616      0.0000      0.0000      0.0000
247     A         C          247           ASP           92.92           371    266      0     6.988     6.022     1.000     0.3046      0.0000      0.0000      0.0000
248     A         C          248           GLN           91.16           371    266      0     6.988     6.022     1.000     0.2567      0.0000      0.0000      0.0000
249     A         C          249           THR           89.44           371    266      0     6.988     6.022     1.000     0.1914      0.0000      0.0000      0.0000
250     A         C          250           GLN           86.78           371    266      0     6.988     6.022     1.000     0.1403      0.0000      0.0000      0.0000
251     A         C          251           ASP           88.83           371    266      0     6.988     6.022     1.000     0.1561      0.0000      0.0000      0.0000
252     A         C          252           THR           92.81           371    266      7     6.988     6.022     1.000     0.3476      0.3537      0.2891      0.0111
253     A         C          253           GLU           94.48           371    266      9     6.988     6.022     1.000     0.5042      0.5042      0.4305      0.0206
254     A         C          254           LEU           95.33           371    266      9     6.988     6.022     1.000     0.5575      0.5575      0.4836      0.0253
255     A         C          255           VAL           95.64           371    266      9     6.988     6.022     1.000     0.6232      0.6232      0.5518      0.0334
256     A         C          256           GLU           95.73           371    266      9     6.988     6.022     1.000     0.6552      0.6552      0.5858      0.0383
257     A         C          257           THR           97.24           371    266      9     6.988     6.022     1.000     0.7563      0.7563      0.6976      0.0608
258     A         C          258           ARG           97.60           371    266      9     6.988     6.022     1.000     0.7102      0.7102      0.6458      0.0488
259     A         C          259           PRO           97.39           371    266      9     6.988     6.022     1.000     0.7501      0.7501      0.6908      0.0596
260     A         C          260           ALA           96.58           371    266      9     6.988     6.022     1.000     0.6661      0.6661      0.5976      0.0403
261     A         C          261           GLY           95.09           371    266      9     6.988     6.022     1.000     0.6103      0.6103      0.5384      0.0319
262     A         C          262           ASP           94.42           371    266      9     6.988     6.022     1.000     0.5194      0.5194      0.4466      0.0225
263     A         C          263           ARG           94.72           371    266      9     6.988     6.022     1.000     0.6340      0.6340      0.5641      0.0363
264     A         C          264           THR           95.86           371    266      9     6.988     6.022     1.000     0.6843      0.6843      0.6178      0.0445
265     A         C          265           PHE           97.55           371    266      9     6.988     6.022     1.000     0.7991      0.7991      0.7475      0.0773
266     A         C          266           GLN           97.53           371    266      9     6.988     6.022     1.000     0.7235      0.7235      0.6608      0.0524
267     A         C          267           LYS           97.47           371    266      9     6.988     6.022     1.000     0.7214      0.7214      0.6584      0.0516
268     A         C          268           TRP           96.63           371    266      9     6.988     6.022     1.000     0.6799      0.6799      0.6126      0.0426
269     A         C          269           ALA           96.55           371    266      9     6.988     6.022     1.000     0.6358      0.6358      0.5651      0.0353
270     A         C          270           ALA           96.13           371    266      9     6.988     6.022     1.000     0.5666      0.5666      0.4929      0.0263
271     A         C          271           VAL           95.43           371    266      9     6.988     6.022     1.000     0.5204      0.5204      0.4465      0.0219
272     A         C          272           VAL           95.20           371    266      9     6.988     6.022     1.000     0.5087      0.5087      0.4349      0.0209
273     A         C          273           VAL           94.86           371    266      9     6.988     6.022     1.000     0.4412      0.4412      0.3698      0.0160
274     A         C          274           PRO           94.61           371    266      9     6.988     6.022     1.000     0.3598      0.3598      0.2946      0.0114
275     A         C          275           SER           92.84           371    266      0     6.988     6.022     1.000     0.2794      0.0000      0.0000      0.0000
276     A         C          276           GLY           92.36           371    266      0     6.988     6.022     1.000     0.1935      0.0000      0.0000      0.0000
277     A         C          277           GLU           92.99           371    266      0     6.988     6.022     1.000     0.2816      0.0000      0.0000      0.0000
278     A         C          278           GLU           92.93           371    266      5     6.988     6.022     1.000     0.3318      0.3506      0.2862      0.0110
279     A         C          279           GLN           94.27           371    266      7     6.988     6.022     1.000     0.3552      0.3648      0.2991      0.0117
280     A         C          280           ARG           94.63           371    266      9     6.988     6.022     1.000     0.3956      0.3956      0.3272      0.0133
281     A         C          281           TYR           95.51           371    266      9     6.988     6.022     1.000     0.5059      0.5059      0.4322      0.0207
282     A         C          282           THR           95.96           371    266      9     6.988     6.022     1.000     0.5078      0.5078      0.4342      0.0209
283     A         C          283           CYS           96.05           371    266      9     6.988     6.022     1.000     0.6059      0.6059      0.5335      0.0309
284     A         C          284           HIS           96.28           371    266      9     6.988     6.022     1.000     0.5951      0.5951      0.5224      0.0297
285     A         C          285           VAL           96.90           371    266      9     6.988     6.022     1.000     0.6645      0.6645      0.5962      0.0406
286     A         C          286           GLN           96.76           371    266      9     6.988     6.022     1.000     0.6536      0.6536      0.5845      0.0386
287     A         C          287           HIS           96.55           371    266      9     6.988     6.022     1.000     0.6750      0.6750      0.6073      0.0419
288     A         C          288           GLU           94.36           371    266      9     6.988     6.022     1.000     0.4950      0.4950      0.4217      0.0199
289     A         C          289           GLY           94.06           371    266      9     6.988     6.022     1.000     0.5328      0.5328      0.4592      0.0232
290     A         C          290           LEU           95.13           371    266      9     6.988     6.022     1.000     0.5610      0.5610      0.4879      0.0263
291     A         C          291           PRO           93.94           371    266      9     6.988     6.022     1.000     0.3939      0.3939      0.3265      0.0135
292     A         C          292           LYS           95.40           371    266      6     6.988     6.022     1.000     0.3611      0.3812      0.3143      0.0126
293     A         C          293           PRO           95.28           371    266      9     6.988     6.022     1.000     0.4543      0.4543      0.3825      0.0170
294     A         C          294           LEU           95.43           371    266      9     6.988     6.022     1.000     0.5059      0.5059      0.4325      0.0209
295     A         C          295           THR           95.72           371    266      9     6.988     6.022     1.000     0.4945      0.4945      0.4213      0.0199
296     A         C          296           LEU           94.85           371    266      9     6.988     6.022     1.000     0.4424      0.4424      0.3712      0.0162
297     A         C          297           ARG           93.68           371    266      9     6.988     6.022     1.000     0.3815      0.3815      0.3143      0.0125
298     A         C          298           TRP           93.14           371    266      2     6.988     6.022     1.000     0.2995      0.3395      0.2762      0.0104
299     A         C          299           GLU           87.59           371    266      0     6.988     6.022     1.000     0.1246      0.0000      0.0000      0.0000
300     A         C          300           PRO           82.64           371    266      0     6.988     6.022     1.000     0.1070      0.0000      0.0000      0.0000
301     A         C          301           SER           72.21           371    266      0     6.988     6.022     1.000     0.0599      0.0000      0.0000      0.0000
302     A         C          302           SER           56.43           371    266      0     6.988     6.022     1.000     0.0541      0.0000      0.0000      0.0000
303     A         C          303           GLN           41.68           371    266      0     6.988     6.022     1.000     0.0514      0.0000      0.0000      0.0000
304     A         C          304           SER           38.97           371    266      0     6.988     6.022     1.000     0.0493      0.0000      0.0000      0.0000
305     A         C          305           THR           36.13           371    266      0     6.988     6.022     1.000     0.0491      0.0000      0.0000      0.0000
306     A         C          306           ILE           41.78           371    266      0     6.988     6.022     1.000     0.0486      0.0000      0.0000      0.0000
307     A         C          307           PRO           40.17           371    266      0     6.988     6.022     1.000     0.0483      0.0000      0.0000      0.0000
308     A         C          308           ILE           44.87           371    266      0     6.988     6.022     1.000     0.0486      0.0000      0.0000      0.0000
309     A         C          309           VAL           45.25           371    266      0     6.988     6.022     1.000     0.0483      0.0000      0.0000      0.0000
310     A         C          310           GLY           44.61           371    266      0     6.988     6.022     1.000     0.0482      0.0000      0.0000      0.0000
311     A         C          311           ILE           51.70           371    266      0     6.988     6.022     1.000     0.0486      0.0000      0.0000      0.0000
312     A         C          312           VAL           55.38           371    266      0     6.988     6.022     1.000     0.0487      0.0000      0.0000      0.0000
313     A         C          313           ALA           56.10           371    266      0     6.988     6.022     1.000     0.0484      0.0000      0.0000      0.0000
314     A         C          314           GLY           54.39           371    266      0     6.988     6.022     1.000     0.0484      0.0000      0.0000      0.0000
315     A         C          315           LEU           58.30           371    266      0     6.988     6.022     1.000     0.0488      0.0000      0.0000      0.0000
316     A         C          316           ALA           59.70           371    266      0     6.988     6.022     1.000     0.0487      0.0000      0.0000      0.0000
317     A         C          317           VAL           60.02           371    266      0     6.988     6.022     1.000     0.0487      0.0000      0.0000      0.0000
318     A         C          318           LEU           58.29           371    266      0     6.988     6.022     1.000     0.0487      0.0000      0.0000      0.0000
319     A         C          319           ALA           60.86           371    266      0     6.988     6.022     1.000     0.0486      0.0000      0.0000      0.0000
320     A         C          320           VAL           59.56           371    266      0     6.988     6.022     1.000     0.0486      0.0000      0.0000      0.0000
321     A         C          321           VAL           64.80           371    266      0     6.988     6.022     1.000     0.0487      0.0000      0.0000      0.0000
322     A         C          322           VAL           61.02           371    266      0     6.988     6.022     1.000     0.0485      0.0000      0.0000      0.0000
323     A         C          323           ILE           54.26           371    266      0     6.988     6.022     1.000     0.0485      0.0000      0.0000      0.0000
324     A         C          324           GLY           55.56           371    266      0     6.988     6.022     1.000     0.0482      0.0000      0.0000      0.0000
325     A         C          325           ALA           61.31           371    266      0     6.988     6.022     1.000     0.0482      0.0000      0.0000      0.0000
326     A         C          326           VAL           57.45           371    266      0     6.988     6.022     1.000     0.0483      0.0000      0.0000      0.0000
327     A         C          327           VAL           56.28           371    266      0     6.988     6.022     1.000     0.0483      0.0000      0.0000      0.0000
328     A         C          328           ALA           60.14           371    266      0     6.988     6.022     1.000     0.0482      0.0000      0.0000      0.0000
329     A         C          329           THR           59.19           371    266      0     6.988     6.022     1.000     0.0480      0.0000      0.0000      0.0000
330     A         C          330           VAL           56.81           371    266      0     6.988     6.022     1.000     0.0476      0.0000      0.0000      0.0000
331     A         C          331           MET           54.28           371    266      0     6.988     6.022     1.000     0.0475      0.0000      0.0000      0.0000
332     A         C          332           CYS           55.05           371    266      0     6.988     6.022     1.000     0.0473      0.0000      0.0000      0.0000
333     A         C          333           ARG           54.06           371    266      0     6.988     6.022     1.000     0.0471      0.0000      0.0000      0.0000
334     A         C          334           ARG           48.87           371    266      0     6.988     6.022     1.000     0.0467      0.0000      0.0000      0.0000
335     A         C          335           LYS           41.64           371    266      0     6.988     6.022     1.000     0.0465      0.0000      0.0000      0.0000
336     A         C          336           SER           36.85           371    266      0     6.988     6.022     1.000     0.0464      0.0000      0.0000      0.0000
337     A         C          337           SER           32.94           371    266      0     6.988     6.022     1.000     0.0463      0.0000      0.0000      0.0000
338     A         C          338           GLY           28.75           371    266      0     6.988     6.022     1.000     0.0464      0.0000      0.0000      0.0000
339     A         C          339           GLY           27.61           371    266      0     6.988     6.022     1.000     0.0463      0.0000      0.0000      0.0000
340     A         C          340           LYS           28.45           371    266      0     6.988     6.022     1.000     0.0463      0.0000      0.0000      0.0000
341     A         C          341           GLY           27.54           371    266      0     6.988     6.022     1.000     0.0463      0.0000      0.0000      0.0000
342     A         C          342           GLY           27.41           371    266      0     6.988     6.022     1.000     0.0463      0.0000      0.0000      0.0000
343     A         C          343           SER           25.18           371    266      0     6.988     6.022     1.000     0.0463      0.0000      0.0000      0.0000
344     A         C          344           TYR           24.16           371    266      0     6.988     6.022     1.000     0.0464      0.0000      0.0000      0.0000
345     A         C          345           SER           24.35           371    266      0     6.988     6.022     1.000     0.0463      0.0000      0.0000      0.0000
346     A         C          346           GLN           23.26           371    266      0     6.988     6.022     1.000     0.0463      0.0000      0.0000      0.0000
347     A         C          347           ALA           26.75           371    266      0     6.988     6.022     1.000     0.0463      0.0000      0.0000      0.0000
348     A         C          348           ALA           27.34           371    266      0     6.988     6.022     1.000     0.0463      0.0000      0.0000      0.0000
349     A         C          349           SER           22.48           371    266      0     6.988     6.022     1.000     0.0464      0.0000      0.0000      0.0000
350     A         C          350           SER           25.07           371    266      0     6.988     6.022     1.000     0.0463      0.0000      0.0000      0.0000
351     A         C          351           ASP           30.71           371    266      0     6.988     6.022     1.000     0.0464      0.0000      0.0000      0.0000
352     A         C          352           SER           25.68           371    266      0     6.988     6.022     1.000     0.0464      0.0000      0.0000      0.0000
353     A         C          353           ALA           25.67           371    266      0     6.988     6.022     1.000     0.0463      0.0000      0.0000      0.0000
354     A         C          354           GLN           25.65           371    266      0     6.988     6.022     1.000     0.0464      0.0000      0.0000      0.0000
355     A         C          355           GLY           27.76           371    266      0     6.988     6.022     1.000     0.0463      0.0000      0.0000      0.0000
356     A         C          356           SER           26.14           371    266      0     6.988     6.022     1.000     0.0464      0.0000      0.0000      0.0000
357     A         C          357           ASP           28.58           371    266      0     6.988     6.022     1.000     0.0464      0.0000      0.0000      0.0000
358     A         C          358           VAL           22.47           371    266      0     6.988     6.022     1.000     0.0465      0.0000      0.0000      0.0000
359     A         C          359           SER           19.54           371    266      0     6.988     6.022     1.000     0.0465      0.0000      0.0000      0.0000
360     A         C          360           LEU           21.40           371    266      0     6.988     6.022     1.000     0.0466      0.0000      0.0000      0.0000
361     A         C          361           THR           20.83           371    266      0     6.988     6.022     1.000     0.0466      0.0000      0.0000      0.0000
362     A         C          362           ALA           12.15           371    266      0     6.988     6.022     1.000     0.0465      0.0000      0.0000      0.0000
1       A         D            1           MET           20.23           638    424      0     8.791     7.404     1.000     0.0716      0.0000      0.0000      0.0000
2       A         D            2           ARG           26.78           638    424      0     8.791     7.404     1.000     0.0716      0.0000      0.0000      0.0000
3       A         D            3           VAL           25.84           638    424      0     8.791     7.404     1.000     0.0717      0.0000      0.0000      0.0000
4       A         D            4           THR           28.99           638    424      0     8.791     7.404     1.000     0.0717      0.0000      0.0000      0.0000
5       A         D            5           ALA           31.79           638    424      0     8.791     7.404     1.000     0.0717      0.0000      0.0000      0.0000
6       A         D            6           PRO           31.30           638    424      0     8.791     7.404     1.000     0.0718      0.0000      0.0000      0.0000
7       A         D            7           ARG           30.54           638    424      0     8.791     7.404     1.000     0.0719      0.0000      0.0000      0.0000
8       A         D            8           THR           29.65           638    424      0     8.791     7.404     1.000     0.0719      0.0000      0.0000      0.0000
9       A         D            9           VAL           26.24           638    424      0     8.791     7.404     1.000     0.0723      0.0000      0.0000      0.0000
10      A         D           10           LEU           27.00           638    424      0     8.791     7.404     1.000     0.0723      0.0000      0.0000      0.0000
11      A         D           11           LEU           26.56           638    424      0     8.791     7.404     1.000     0.0726      0.0000      0.0000      0.0000
12      A         D           12           LEU           29.05           638    424      0     8.791     7.404     1.000     0.0727      0.0000      0.0000      0.0000
13      A         D           13           LEU           30.33           638    424      0     8.791     7.404     1.000     0.0733      0.0000      0.0000      0.0000
14      A         D           14           TRP           33.43           638    424      0     8.791     7.404     1.000     0.0736      0.0000      0.0000      0.0000
15      A         D           15           GLY           31.22           638    424      0     8.791     7.404     1.000     0.0736      0.0000      0.0000      0.0000
16      A         D           16           ALA           31.98           638    424      0     8.791     7.404     1.000     0.0744      0.0000      0.0000      0.0000
17      A         D           17           VAL           33.18           638    424      0     8.791     7.404     1.000     0.0754      0.0000      0.0000      0.0000
18      A         D           18           ALA           36.82           638    424      0     8.791     7.404     1.000     0.0758      0.0000      0.0000      0.0000
19      A         D           19           LEU           40.51           638    424      0     8.791     7.404     1.000     0.0769      0.0000      0.0000      0.0000
20      A         D           20           THR           45.78           638    424      0     8.791     7.404     1.000     0.0802      0.0000      0.0000      0.0000
21      A         D           21           GLU           56.81           638    424      0     8.791     7.404     1.000     0.0822      0.0000      0.0000      0.0000
22      A         D           22           THR           69.65           638    424      0     8.791     7.404     1.000     0.0973      0.0000      0.0000      0.0000
23      A         D           23           TRP           75.17           638    424      0     8.791     7.404     1.000     0.1272      0.0000      0.0000      0.0000
24      A         D           24           ALA           72.17           638    424      0     8.791     7.404     1.000     0.1110      0.0000      0.0000      0.0000
25      A         D           25           GLY           86.47           638    424      0     8.791     7.404     1.000     0.1431      0.0000      0.0000      0.0000
26      A         D           26           SER           93.63           638    424     37     8.791     7.404     1.675     0.2856      0.5091      0.4248      0.0370
27      A         D           27           HIS           96.52           638    424    107     8.791     7.404     3.798     0.3918      0.5622      0.4785      0.1987
28      A         D           28           SER           97.41           638    424    108     8.791     7.404     3.818     0.3913      0.5713      0.4879      0.2066
29      A         D           29           MET           98.02           638    424    127     8.791     7.404     4.177     0.4200      0.5698      0.4865      0.2364
30      A         D           30           ARG           98.02           638    424    118     8.791     7.404     4.013     0.4120      0.5873      0.5047      0.2361
31      A         D           31           TYR           98.24           638    424    155     8.791     7.404     4.639     0.4542      0.5831      0.5006      0.2880
32      A         D           32           PHE           98.50           638    424    166     8.791     7.404     4.803     0.4691      0.5919      0.5102      0.3115
33      A         D           33           TYR           98.46           638    424    155     8.791     7.404     4.639     0.4574      0.5872      0.5049      0.2917
34      A         D           34           THR           98.40           638    424    146     8.791     7.404     4.498     0.4416      0.5791      0.4965      0.2725
35      A         D           35           ALA           98.18           638    424    135     8.791     7.404     4.316     0.4256      0.5654      0.4820      0.2447
36      A         D           36           MET           97.43           638    424     94     8.791     7.404     3.521     0.3642      0.5349      0.4513      0.1608
37      A         D           37           SER           97.09           638    424    111     8.791     7.404     3.878     0.3865      0.5435      0.4594      0.1923
38      A         D           38           ARG           95.31           638    424     63     8.791     7.404     2.706     0.3238      0.5106      0.4267      0.0924
39      A         D           39           PRO           94.45           638    424     27     8.791     7.404     1.039     0.2832      0.4894      0.4054      0.0134
40      A         D           40           GLY           92.13           638    424      8     8.791     7.404     1.000     0.2409      0.4757      0.3918      0.0116
41      A         D           41           ARG           91.77           638    424     26     8.791     7.404     1.000     0.2734      0.4886      0.4046      0.0124
42      A         D           42           GLY           89.34           638    424     30     8.791     7.404     1.258     0.2850      0.5041      0.4199      0.0208
43      A         D           43           GLU           89.98           638    424     96     8.791     7.404     3.565     0.3601      0.5253      0.4411      0.1575
44      A         D           44           PRO           94.94           638    424    129     8.791     7.404     4.213     0.4192      0.5666      0.4832      0.2367
45      A         D           45           ARG           96.93           638    424    146     8.791     7.404     4.498     0.4437      0.5799      0.4973      0.2732
46      A         D           46           PHE           97.30           638    424    152     8.791     7.404     4.592     0.4474      0.5760      0.4931      0.2774
47      A         D           47           ILE           98.15           638    424    153     8.791     7.404     4.608     0.4492      0.5822      0.4999      0.2852
48      A         D           48           ALA           98.27           638    424    146     8.791     7.404     4.498     0.4364      0.5686      0.4855      0.2633
49      A         D           49           VAL           98.34           638    424    135     8.791     7.404     4.316     0.4268      0.5724      0.4896      0.2513
50      A         D           50           GLY           98.19           638    424    117     8.791     7.404     3.994     0.3998      0.5625      0.4791      0.2159
51      A         D           51           TYR           98.06           638    424    146     8.791     7.404     4.498     0.4436      0.5844      0.5020      0.2772
52      A         D           52           VAL           97.95           638    424    150     8.791     7.404     4.561     0.4435      0.5741      0.4912      0.2734
53      A         D           53           ASP           96.56           638    424    116     8.791     7.404     3.975     0.4026      0.5672      0.4837      0.2169
54      A         D           54           ASP           96.28           638    424    105     8.791     7.404     3.757     0.3749      0.5451      0.4612      0.1840
55      A         D           55           THR           97.09           638    424    125     8.791     7.404     4.141     0.4115      0.5671      0.4838      0.2316
56      A         D           56           GLN           97.87           638    424    142     8.791     7.404     4.433     0.4373      0.5767      0.4938      0.2641
57      A         D           57           PHE           97.88           638    424    125     8.791     7.404     4.141     0.4205      0.5772      0.4944      0.2398
58      A         D           58           VAL           97.89           638    424    118     8.791     7.404     4.013     0.4052      0.5639      0.4803      0.2179
59      A         D           59           ARG           97.77           638    424    117     8.791     7.404     3.994     0.4083      0.5732      0.4903      0.2245
60      A         D           60           PHE           98.04           638    424    150     8.791     7.404     4.561     0.4471      0.5784      0.4957      0.2770
61      A         D           61           ASP           97.40           638    424    142     8.791     7.404     4.433     0.4347      0.5781      0.4956      0.2664
62      A         D           62           SER           96.27           638    424    130     8.791     7.404     4.230     0.4231      0.5670      0.4836      0.2386
63      A         D           63           ASP           94.41           638    424     99     8.791     7.404     3.631     0.3681      0.5403      0.4566      0.1720
64      A         D           64           ALA           93.41           638    424     44     8.791     7.404     2.010     0.2912      0.5112      0.4270      0.0530
65      A         D           65           ALA           91.47           638    424     18     8.791     7.404     1.000     0.2338      0.5013      0.4168      0.0130
66      A         D           66           SER           91.33           638    424     30     8.791     7.404     1.258     0.2557      0.5225      0.4381      0.0225
67      A         D           67           PRO           93.62           638    424     57     8.791     7.404     2.510     0.3075      0.5242      0.4404      0.0855
68      A         D           68           ARG           95.33           638    424     96     8.791     7.404     3.565     0.3654      0.5526      0.4692      0.1750
69      A         D           69           THR           97.21           638    424    126     8.791     7.404     4.159     0.4181      0.5732      0.4902      0.2382
70      A         D           70           GLU           97.03           638    424    129     8.791     7.404     4.213     0.4254      0.5815      0.4992      0.2506
71      A         D           71           PRO           97.39           638    424    124     8.791     7.404     4.123     0.4163      0.5763      0.4935      0.2376
72      A         D           72           ARG           96.42           638    424    118     8.791     7.404     4.013     0.4068      0.5691      0.4858      0.2219
73      A         D           73           ALA           96.24           638    424    105     8.791     7.404     3.757     0.3734      0.5443      0.4604      0.1836
74      A         D           74           PRO           95.93           638    424     93     8.791     7.404     3.498     0.3608      0.5427      0.4586      0.1621
75      A         D           75           TRP           96.80           638    424    118     8.791     7.404     4.013     0.4076      0.5752      0.4922      0.2266
76      A         D           76           ILE           97.52           638    424    118     8.791     7.404     4.013     0.4056      0.5649      0.4814      0.2186
77      A         D           77           GLU           96.42           638    424    106     8.791     7.404     3.777     0.3862      0.5603      0.4767      0.1960
78      A         D           78           GLN           95.19           638    424     77     8.791     7.404     3.108     0.3348      0.5388      0.4548      0.1313
79      A         D           79           GLU           95.37           638    424     94     8.791     7.404     3.521     0.3635      0.5517      0.4683      0.1709
80      A         D           80           GLY           94.08           638    424     81     8.791     7.404     3.211     0.3412      0.5550      0.4715      0.1481
81      A         D           81           PRO           93.07           638    424    106     8.791     7.404     3.777     0.3912      0.5774      0.4949      0.2097
82      A         D           82           GLU           89.60           638    424    120     8.791     7.404     4.050     0.4166      0.5941      0.5127      0.2477
83      A         D           83           TYR           94.32           638    424    155     8.791     7.404     4.639     0.4597      0.5963      0.5153      0.3027
84      A         D           84           TRP           95.57           638    424    160     8.791     7.404     4.714     0.4684      0.6040      0.5236      0.3171
85      A         D           85           ASP           90.89           638    424    154     8.791     7.404     4.623     0.4622      0.6039      0.5233      0.3086
86      A         D           86           ARG           91.27           638    424    144     8.791     7.404     4.465     0.4468      0.5996      0.5188      0.2908
87      A         D           87           ASN           94.27           638    424    154     8.791     7.404     4.623     0.4595      0.5994      0.5186      0.3047
88      A         D           88           THR           94.05           638    424    178     8.791     7.404     4.974     0.4776      0.5930      0.5119      0.3288
89      A         D           89           GLN           89.90           638    424    153     8.791     7.404     4.608     0.4693      0.6153      0.5353      0.3177
90      A         D           90           ILE           93.01           638    424    177     8.791     7.404     4.960     0.4942      0.6158      0.5363      0.3510
91      A         D           91           PHE           95.09           638    424    184     8.791     7.404     5.056     0.4933      0.6061      0.5258      0.3487
92      A         D           92           LYS           91.17           638    424    186     8.791     7.404     5.083     0.5025      0.6133      0.5333      0.3580
93      A         D           93           THR           90.41           638    424    164     8.791     7.404     4.774     0.4801      0.6155      0.5358      0.3336
94      A         D           94           ASN           93.58           638    424    170     8.791     7.404     4.861     0.4840      0.6133      0.5335      0.3393
95      A         D           95           THR           93.03           638    424    176     8.791     7.404     4.946     0.4792      0.5967      0.5159      0.3302
96      A         D           96           GLN           88.29           638    424    157     8.791     7.404     4.669     0.4690      0.6092      0.5287      0.3169
97      A         D           97           THR           91.81           638    424    163     8.791     7.404     4.759     0.4754      0.6084      0.5282      0.3251
98      A         D           98           TYR           94.79           638    424    176     8.791     7.404     4.946     0.4867      0.6042      0.5237      0.3373
99      A         D           99           ARG           92.14           638    424    182     8.791     7.404     5.029     0.4902      0.6009      0.5200      0.3403
100     A         D          100           GLU           90.59           638    424    156     8.791     7.404     4.654     0.4600      0.5940      0.5123      0.2999
101     A         D          101           ASN           94.93           638    424    163     8.791     7.404     4.759     0.4690      0.5918      0.5101      0.3074
102     A         D          102           LEU           95.62           638    424    163     8.791     7.404     4.759     0.4694      0.5895      0.5076      0.3050
103     A         D          103           ARG           91.26           638    424    155     8.791     7.404     4.639     0.4583      0.5903      0.5084      0.2951
104     A         D          104           ILE           93.45           638    424    153     8.791     7.404     4.608     0.4562      0.5860      0.5038      0.2881
105     A         D          105           ALA           96.38           638    424    143     8.791     7.404     4.449     0.4464      0.5805      0.4977      0.2687
106     A         D          106           LEU           95.84           638    424    149     8.791     7.404     4.545     0.4467      0.5747      0.4917      0.2720
107     A         D          107           ARG           93.25           638    424    141     8.791     7.404     4.416     0.4394      0.5779      0.4948      0.2631
108     A         D          108           TYR           95.70           638    424    149     8.791     7.404     4.545     0.4487      0.5757      0.4927      0.2728
109     A         D          109           TYR           96.72           638    424    141     8.791     7.404     4.416     0.4408      0.5798      0.4969      0.2648
110     A         D          110           ASN           96.63           638    424    115     8.791     7.404     3.956     0.3926      0.5466      0.4623      0.1995
111     A         D          111           GLN           96.21           638    424     99     8.791     7.404     3.631     0.3667      0.5203      0.4359      0.1586
112     A         D          112           SER           95.59           638    424     37     8.791     7.404     1.675     0.3008      0.4829      0.3989      0.0330
113     A         D          113           GLU           92.25           638    424     21     8.791     7.404     1.000     0.2795      0.4669      0.3834      0.0113
114     A         D          114           ALA           94.04           638    424      5     8.791     7.404     1.000     0.2496      0.4636      0.3802      0.0111
115     A         D          115           GLY           94.85           638    424     17     8.791     7.404     1.000     0.2684      0.4835      0.3995      0.0121
116     A         D          116           SER           96.53           638    424    103     8.791     7.404     3.715     0.3685      0.5293      0.4451      0.1706
117     A         D          117           HIS           97.70           638    424    137     8.791     7.404     4.350     0.4290      0.5674      0.4840      0.2489
118     A         D          118           THR           98.08           638    424    125     8.791     7.404     4.141     0.4181      0.5719      0.4887      0.2350
119     A         D          119           TRP           98.35           638    424    140     8.791     7.404     4.400     0.4287      0.5597      0.4759      0.2465
120     A         D          120           GLN           98.24           638    424    139     8.791     7.404     4.383     0.4321      0.5728      0.4898      0.2568
121     A         D          121           THR           98.31           638    424    123     8.791     7.404     4.105     0.4132      0.5619      0.4785      0.2247
122     A         D          122           MET           98.21           638    424    103     8.791     7.404     3.715     0.3788      0.5620      0.4787      0.1929
123     A         D          123           TYR           98.14           638    424    131     8.791     7.404     4.247     0.4230      0.5683      0.4851      0.2418
124     A         D          124           GLY           97.94           638    424     98     8.791     7.404     3.609     0.3672      0.5436      0.4599      0.1722
125     A         D          125           CYS           97.71           638    424    113     8.791     7.404     3.917     0.3964      0.5648      0.4813      0.2105
126     A         D          126           ASP           97.79           638    424    125     8.791     7.404     4.141     0.4251      0.5859      0.5034      0.2465
127     A         D          127           VAL           97.22           638    424    110     8.791     7.404     3.858     0.3944      0.5615      0.4778      0.2031
128     A         D          128           GLY           95.36           638    424     70     8.791     7.404     2.916     0.3211      0.5174      0.4332      0.1079
129     A         D          129           PRO           93.02           638    424     47     8.791     7.404     2.137     0.2965      0.5037      0.4194      0.0574
130     A         D          130           ASP           93.15           638    424     37     8.791     7.404     1.675     0.2757      0.4925      0.4083      0.0344
131     A         D          131           GLY           92.64           638    424     45     8.791     7.404     2.053     0.2970      0.5050      0.4206      0.0536
132     A         D          132           ARG           94.28           638    424     74     8.791     7.404     3.027     0.3274      0.5192      0.4351      0.1161
133     A         D          133           LEU           96.55           638    424    114     8.791     7.404     3.936     0.3947      0.5535      0.4695      0.2033
134     A         D          134           LEU           96.52           638    424    109     8.791     7.404     3.838     0.3835      0.5500      0.4659      0.1930
135     A         D          135           ARG           96.80           638    424     85     8.791     7.404     3.310     0.3492      0.5386      0.4546      0.1461
136     A         D          136           GLY           97.59           638    424    107     8.791     7.404     3.798     0.3831      0.5464      0.4625      0.1880
137     A         D          137           HIS           97.93           638    424    123     8.791     7.404     4.105     0.4193      0.5880      0.5055      0.2449
138     A         D          138           ASN           98.01           638    424    116     8.791     7.404     3.975     0.4073      0.5690      0.4856      0.2184
139     A         D          139           GLN           97.83           638    424    104     8.791     7.404     3.736     0.3781      0.5559      0.4724      0.1904
140     A         D          140           TYR           98.16           638    424    139     8.791     7.404     4.383     0.4354      0.5734      0.4905      0.2574
141     A         D          141           ALA           98.31           638    424    135     8.791     7.404     4.316     0.4355      0.5810      0.4984      0.2580
142     A         D          142           TYR           98.15           638    424    158     8.791     7.404     4.684     0.4582      0.5782      0.4952      0.2865
143     A         D          143           ASP           97.78           638    424    139     8.791     7.404     4.383     0.4331      0.5703      0.4871      0.2544
144     A         D          144           GLY           97.34           638    424     95     8.791     7.404     3.543     0.3596      0.5308      0.4465      0.1582
145     A         D          145           LYS           97.30           638    424    109     8.791     7.404     3.838     0.3907      0.5565      0.4724      0.1970
146     A         D          146           ASP           97.81           638    424    142     8.791     7.404     4.433     0.4404      0.5775      0.4946      0.2645
147     A         D          147           TYR           98.21           638    424    148     8.791     7.404     4.530     0.4517      0.5797      0.4969      0.2750
148     A         D          148           ILE           98.07           638    424    140     8.791     7.404     4.400     0.4368      0.5711      0.4880      0.2566
149     A         D          149           ALA           97.89           638    424    129     8.791     7.404     4.213     0.4329      0.5889      0.5064      0.2547
150     A         D          150           LEU           97.85           638    424    139     8.791     7.404     4.383     0.4397      0.5757      0.4927      0.2587
151     A         D          151           ASN           97.67           638    424    139     8.791     7.404     4.383     0.4372      0.5807      0.4978      0.2629
152     A         D          152           GLU           97.01           638    424    116     8.791     7.404     3.975     0.4053      0.5771      0.4936      0.2232
153     A         D          153           ASP           97.06           638    424    123     8.791     7.404     4.105     0.4156      0.5815      0.4984      0.2385
154     A         D          154           LEU           96.91           638    424    130     8.791     7.404     4.230     0.4270      0.5844      0.5016      0.2525
155     A         D          155           SER           96.07           638    424    113     8.791     7.404     3.917     0.3970      0.5702      0.4866      0.2135
156     A         D          156           SER           97.24           638    424    123     8.791     7.404     4.105     0.4139      0.5726      0.4891      0.2314
157     A         D          157           TRP           97.79           638    424    138     8.791     7.404     4.367     0.4421      0.5883      0.5059      0.2683
158     A         D          158           THR           97.93           638    424    141     8.791     7.404     4.416     0.4422      0.5837      0.5010      0.2685
159     A         D          159           ALA           97.75           638    424    123     8.791     7.404     4.105     0.4193      0.5726      0.4890      0.2310
160     A         D          160           ALA           97.15           638    424    103     8.791     7.404     3.715     0.3748      0.5376      0.4532      0.1750
161     A         D          161           ASP           96.90           638    424     93     8.791     7.404     3.498     0.3557      0.5202      0.4358      0.1487
162     A         D          162           THR           96.74           638    424    119     8.791     7.404     4.031     0.3998      0.5541      0.4699      0.2109
163     A         D          163           ALA           96.82           638    424    132     8.791     7.404     4.265     0.4277      0.5726      0.4892      0.2453
164     A         D          164           ALA           97.57           638    424    137     8.791     7.404     4.350     0.4384      0.5772      0.4941      0.2567
165     A         D          165           GLN           97.09           638    424    164     8.791     7.404     4.774     0.4725      0.5948      0.5129      0.3101
166     A         D          166           ILE           95.26           638    424    163     8.791     7.404     4.759     0.4652      0.5868      0.5046      0.3017
167     A         D          167           THR           95.97           638    424    151     8.791     7.404     4.577     0.4542      0.5788      0.4961      0.2784
168     A         D          168           GLN           96.94           638    424    172     8.791     7.404     4.889     0.4810      0.5941      0.5123      0.3201
169     A         D          169           ARG           94.44           638    424    162     8.791     7.404     4.744     0.4747      0.5996      0.5184      0.3135
170     A         D          170           LYS           91.06           638    424    135     8.791     7.404     4.316     0.4423      0.5918      0.5095      0.2669
171     A         D          171           TRP           92.86           638    424    148     8.791     7.404     4.530     0.4569      0.5940      0.5125      0.2896
172     A         D          172           GLU           92.47           638    424    162     8.791     7.404     4.744     0.4703      0.5957      0.5143      0.3097
173     A         D          173           ALA           87.39           638    424    122     8.791     7.404     4.087     0.4228      0.5895      0.5069      0.2437
174     A         D          174           ALA           83.29           638    424    108     8.791     7.404     3.818     0.3857      0.5672      0.4838      0.2040
175     A         D          175           ARG           85.08           638    424    113     8.791     7.404     3.917     0.4030      0.5856      0.5031      0.2267
176     A         D          176           GLU           91.14           638    424    123     8.791     7.404     4.105     0.4265      0.5984      0.5167      0.2546
177     A         D          177           ALA           93.74           638    424    144     8.791     7.404     4.465     0.4545      0.5974      0.5161      0.2874
178     A         D          178           GLU           89.96           638    424    144     8.791     7.404     4.465     0.4532      0.5998      0.5187      0.2894
179     A         D          179           GLN           90.07           638    424    152     8.791     7.404     4.592     0.4653      0.6102      0.5304      0.3129
180     A         D          180           LEU           94.34           638    424    163     8.791     7.404     4.759     0.4731      0.6019      0.5213      0.3188
181     A         D          181           ARG           95.18           638    424    178     8.791     7.404     4.974     0.4874      0.6020      0.5215      0.3380
182     A         D          182           ALA           92.32           638    424    152     8.791     7.404     4.592     0.4652      0.6048      0.5242      0.3062
183     A         D          183           TYR           94.77           638    424    182     8.791     7.404     5.029     0.4917      0.6040      0.5236      0.3448
184     A         D          184           LEU           96.69           638    424    170     8.791     7.404     4.861     0.4756      0.5912      0.5098      0.3164
185     A         D          185           GLU           95.37           638    424    152     8.791     7.404     4.592     0.4570      0.5931      0.5116      0.2946
186     A         D          186           GLY           93.22           638    424    117     8.791     7.404     3.994     0.4152      0.5952      0.5133      0.2416
187     A         D          187           LEU           93.75           638    424    146     8.791     7.404     4.498     0.4478      0.5912      0.5096      0.2848
188     A         D          188           CYS           96.49           638    424    154     8.791     7.404     4.623     0.4585      0.5933      0.5116      0.2970
189     A         D          189           VAL           97.12           638    424    157     8.791     7.404     4.669     0.4649      0.5989      0.5177      0.3066
190     A         D          190           GLU           95.44           638    424    152     8.791     7.404     4.592     0.4640      0.6062      0.5255      0.3068
191     A         D          191           TRP           96.61           638    424    159     8.791     7.404     4.699     0.4648      0.5973      0.5160      0.3076
192     A         D          192           LEU           97.27           638    424    172     8.791     7.404     4.889     0.4767      0.5932      0.5117      0.3203
193     A         D          193           ARG           96.44           638    424    164     8.791     7.404     4.774     0.4712      0.6025      0.5216      0.3195
194     A         D          194           ARG           96.53           638    424    156     8.791     7.404     4.654     0.4585      0.5903      0.5084      0.2964
195     A         D          195           HIS           97.27           638    424    154     8.791     7.404     4.623     0.4581      0.5931      0.5112      0.2959
196     A         D          196           LEU           96.39           638    424    158     8.791     7.404     4.684     0.4647      0.5996      0.5183      0.3081
197     A         D          197           GLU           95.38           638    424    125     8.791     7.404     4.141     0.4182      0.5820      0.4989      0.2422
198     A         D          198           ASN           96.33           638    424    116     8.791     7.404     3.975     0.4027      0.5671      0.4835      0.2163
199     A         D          199           GLY           95.67           638    424     73     8.791     7.404     3.000     0.3243      0.5147      0.4303      0.1119
200     A         D          200           LYS           94.80           638    424     71     8.791     7.404     2.944     0.3238      0.5114      0.4272      0.1072
201     A         D          201           GLU           94.53           638    424     49     8.791     7.404     2.217     0.2980      0.5014      0.4171      0.0610
202     A         D          202           THR           94.67           638    424     46     8.791     7.404     2.095     0.2998      0.4971      0.4129      0.0539
203     A         D          203           LEU           95.58           638    424     94     8.791     7.404     3.521     0.3607      0.5246      0.4401      0.1529
204     A         D          204           GLN           94.15           638    424     81     8.791     7.404     3.211     0.3410      0.5168      0.4324      0.1271
205     A         D          205           ARG           93.92           638    424     38     8.791     7.404     1.726     0.2957      0.4968      0.4125      0.0371
206     A         D          206           ALA           94.78           638    424     48     8.791     7.404     2.177     0.3058      0.4946      0.4103      0.0573
207     A         D          207           ASP           96.34           638    424     62     8.791     7.404     2.675     0.3226      0.4991      0.4149      0.0856
208     A         D          208           PRO           96.62           638    424     41     8.791     7.404     1.873     0.3014      0.4853      0.4012      0.0414
209     A         D          209           PRO           97.17           638    424     41     8.791     7.404     1.873     0.3073      0.4880      0.4038      0.0419
210     A         D          210           LYS           96.68           638    424     42     8.791     7.404     1.920     0.3095      0.4823      0.3984      0.0430
211     A         D          211           THR           96.11           638    424     25     8.791     7.404     1.000     0.2874      0.4777      0.3938      0.0118
212     A         D          212           HIS           95.47           638    424     19     8.791     7.404     1.000     0.2837      0.4687      0.3850      0.0113
213     A         D          213           VAL           95.47           638    424     38     8.791     7.404     1.726     0.3028      0.4657      0.3822      0.0326
214     A         D          214           THR           94.80           638    424     16     8.791     7.404     1.000     0.2806      0.4658      0.3823      0.0112
215     A         D          215           HIS           94.17           638    424      0     8.791     7.404     1.000     0.2636      0.0000      0.0000      0.0000
216     A         D          216           HIS           94.08           638    424      0     8.791     7.404     1.000     0.2374      0.0000      0.0000      0.0000
217     A         D          217           PRO           93.64           638    424      0     8.791     7.404     1.000     0.1868      0.0000      0.0000      0.0000
218     A         D          218           VAL           93.09           638    424      0     8.791     7.404     1.000     0.1647      0.0000      0.0000      0.0000
219     A         D          219           SER           93.34           638    424      0     8.791     7.404     1.000     0.1531      0.0000      0.0000      0.0000
220     A         D          220           ASP           93.55           638    424      0     8.791     7.404     1.000     0.1406      0.0000      0.0000      0.0000
221     A         D          221           HIS           94.64           638    424      0     8.791     7.404     1.000     0.1330      0.0000      0.0000      0.0000
222     A         D          222           GLU           93.91           638    424      0     8.791     7.404     1.000     0.1707      0.0000      0.0000      0.0000
223     A         D          223           ALA           94.05           638    424      0     8.791     7.404     1.000     0.2165      0.0000      0.0000      0.0000
224     A         D          224           THR           95.21           638    424      4     8.791     7.404     1.000     0.2642      0.4459      0.3634      0.0103
225     A         D          225           LEU           95.41           638    424     28     8.791     7.404     1.116     0.2985      0.4652      0.3817      0.0138
226     A         D          226           ARG           96.34           638    424     35     8.791     7.404     1.566     0.3044      0.4722      0.3885      0.0277
227     A         D          227           CYS           96.50           638    424     46     8.791     7.404     2.095     0.3097      0.4784      0.3945      0.0498
228     A         D          228           TRP           96.81           638    424     70     8.791     7.404     2.916     0.3300      0.4847      0.4007      0.0944
229     A         D          229           ALA           96.98           638    424     80     8.791     7.404     3.186     0.3435      0.4952      0.4109      0.1151
230     A         D          230           LEU           96.84           638    424     64     8.791     7.404     2.738     0.3278      0.4859      0.4018      0.0846
231     A         D          231           GLY           96.51           638    424     30     8.791     7.404     1.258     0.2944      0.4916      0.4073      0.0196
232     A         D          232           PHE           97.15           638    424    100     8.791     7.404     3.652     0.3675      0.5198      0.4352      0.1594
233     A         D          233           TYR           96.58           638    424     88     8.791     7.404     3.382     0.3510      0.5076      0.4233      0.1342
234     A         D          234           PRO           95.85           638    424     67     8.791     7.404     2.828     0.3229      0.4953      0.4110      0.0931
235     A         D          235           ALA           96.60           638    424     65     8.791     7.404     2.768     0.3237      0.4965      0.4122      0.0900
236     A         D          236           GLU           96.08           638    424     76     8.791     7.404     3.081     0.3356      0.5003      0.4162      0.1112
237     A         D          237           ILE           96.76           638    424     76     8.791     7.404     3.081     0.3367      0.4994      0.4151      0.1105
238     A         D          238           THR           96.29           638    424     32     8.791     7.404     1.388     0.2999      0.4896      0.4053      0.0236
239     A         D          239           LEU           95.53           638    424      5     8.791     7.404     1.000     0.2494      0.4469      0.3644      0.0104
240     A         D          240           THR           95.70           638    424     14     8.791     7.404     1.000     0.2691      0.4655      0.3820      0.0112
241     A         D          241           TRP           96.29           638    424     20     8.791     7.404     1.000     0.2900      0.4672      0.3837      0.0113
242     A         D          242           GLN           95.54           638    424      0     8.791     7.404     1.000     0.2451      0.0000      0.0000      0.0000
243     A         D          243           ARG           94.77           638    424      0     8.791     7.404     1.000     0.2090      0.0000      0.0000      0.0000
244     A         D          244           ASP           93.76           638    424      0     8.791     7.404     1.000     0.1770      0.0000      0.0000      0.0000
245     A         D          245           GLY           91.84           638    424      0     8.791     7.404     1.000     0.1513      0.0000      0.0000      0.0000
246     A         D          246           GLU           93.07           638    424      0     8.791     7.404     1.000     0.1636      0.0000      0.0000      0.0000
247     A         D          247           ASP           92.92           638    424      0     8.791     7.404     1.000     0.1837      0.0000      0.0000      0.0000
248     A         D          248           GLN           91.16           638    424      0     8.791     7.404     1.000     0.1592      0.0000      0.0000      0.0000
249     A         D          249           THR           89.44           638    424      0     8.791     7.404     1.000     0.1337      0.0000      0.0000      0.0000
250     A         D          250           GLN           86.78           638    424      0     8.791     7.404     1.000     0.1151      0.0000      0.0000      0.0000
251     A         D          251           ASP           88.83           638    424      0     8.791     7.404     1.000     0.1184      0.0000      0.0000      0.0000
252     A         D          252           THR           92.81           638    424      0     8.791     7.404     1.000     0.1847      0.0000      0.0000      0.0000
253     A         D          253           GLU           94.48           638    424      0     8.791     7.404     1.000     0.2429      0.0000      0.0000      0.0000
254     A         D          254           LEU           95.33           638    424      5     8.791     7.404     1.000     0.2577      0.4521      0.3693      0.0106
255     A         D          255           VAL           95.64           638    424     19     8.791     7.404     1.000     0.2841      0.4690      0.3854      0.0113
256     A         D          256           GLU           95.73           638    424     30     8.791     7.404     1.258     0.2996      0.4791      0.3952      0.0186
257     A         D          257           THR           97.24           638    424     98     8.791     7.404     3.609     0.3632      0.5131      0.4286      0.1526
258     A         D          258           ARG           97.60           638    424     75     8.791     7.404     3.054     0.3329      0.4953      0.4111      0.1071
259     A         D          259           PRO           97.39           638    424     86     8.791     7.404     3.335     0.3460      0.5032      0.4188      0.1287
260     A         D          260           ALA           96.58           638    424     47     8.791     7.404     2.137     0.3137      0.4846      0.4005      0.0530
261     A         D          261           GLY           95.09           638    424     25     8.791     7.404     1.000     0.2792      0.4780      0.3940      0.0118
262     A         D          262           ASP           94.42           638    424     11     8.791     7.404     1.000     0.2639      0.4659      0.3824      0.0112
263     A         D          263           ARG           94.72           638    424     31     8.791     7.404     1.325     0.2841      0.4791      0.3952      0.0206
264     A         D          264           THR           95.86           638    424     64     8.791     7.404     2.738     0.3246      0.4906      0.4065      0.0863
265     A         D          265           PHE           97.55           638    424    107     8.791     7.404     3.798     0.3816      0.5349      0.4503      0.1793
266     A         D          266           GLN           97.53           638    424     89     8.791     7.404     3.406     0.3528      0.5048      0.4203      0.1340
267     A         D          267           LYS           97.47           638    424     90     8.791     7.404     3.429     0.3549      0.5042      0.4198      0.1355
268     A         D          268           TRP           96.63           638    424     67     8.791     7.404     2.828     0.3270      0.4811      0.3971      0.0881
269     A         D          269           ALA           96.55           638    424     35     8.791     7.404     1.566     0.3071      0.4759      0.3921      0.0282
270     A         D          270           ALA           96.13           638    424      8     8.791     7.404     1.000     0.2679      0.4569      0.3739      0.0108
271     A         D          271           VAL           95.43           638    424      2     8.791     7.404     1.000     0.2484      0.4459      0.3634      0.0103
272     A         D          272           VAL           95.20           638    424      0     8.791     7.404     1.000     0.2532      0.0000      0.0000      0.0000
273     A         D          273           VAL           94.86           638    424      0     8.791     7.404     1.000     0.2225      0.0000      0.0000      0.0000
274     A         D          274           PRO           94.61           638    424      0     8.791     7.404     1.000     0.2090      0.0000      0.0000      0.0000
275     A         D          275           SER           92.84           638    424      0     8.791     7.404     1.000     0.1678      0.0000      0.0000      0.0000
276     A         D          276           GLY           92.36           638    424      0     8.791     7.404     1.000     0.1480      0.0000      0.0000      0.0000
277     A         D          277           GLU           92.99           638    424      0     8.791     7.404     1.000     0.1810      0.0000      0.0000      0.0000
278     A         D          278           GLU           92.93           638    424      0     8.791     7.404     1.000     0.2065      0.0000      0.0000      0.0000
279     A         D          279           GLN           94.27           638    424      0     8.791     7.404     1.000     0.2160      0.0000      0.0000      0.0000
280     A         D          280           ARG           94.63           638    424      0     8.791     7.404     1.000     0.2218      0.0000      0.0000      0.0000
281     A         D          281           TYR           95.51           638    424      6     8.791     7.404     1.000     0.2658      0.4476      0.3651      0.0104
282     A         D          282           THR           95.96           638    424      8     8.791     7.404     1.000     0.2665      0.4497      0.3670      0.0105
283     A         D          283           CYS           96.05           638    424     20     8.791     7.404     1.000     0.2761      0.4670      0.3834      0.0112
284     A         D          284           HIS           96.28           638    424     26     8.791     7.404     1.000     0.2946      0.4735      0.3897      0.0116
285     A         D          285           VAL           96.90           638    424     53     8.791     7.404     2.369     0.3147      0.4828      0.3988      0.0640
286     A         D          286           GLN           96.76           638    424     45     8.791     7.404     2.053     0.3097      0.4860      0.4020      0.0495
287     A         D          287           HIS           96.55           638    424     51     8.791     7.404     2.294     0.3100      0.4870      0.4029      0.0613
288     A         D          288           GLU           94.36           638    424      1     8.791     7.404     1.000     0.2404      0.4459      0.3634      0.0103
289     A         D          289           GLY           94.06           638    424      7     8.791     7.404     1.000     0.2477      0.4481      0.3655      0.0104
290     A         D          290           LEU           95.13           638    424     12     8.791     7.404     1.000     0.2630      0.4714      0.3877      0.0114
291     A         D          291           PRO           93.94           638    424      0     8.791     7.404     1.000     0.2044      0.0000      0.0000      0.0000
292     A         D          292           LYS           95.40           638    424      0     8.791     7.404     1.000     0.1988      0.0000      0.0000      0.0000
293     A         D          293           PRO           95.28           638    424      0     8.791     7.404     1.000     0.2275      0.0000      0.0000      0.0000
294     A         D          294           LEU           95.43           638    424      0     8.791     7.404     1.000     0.2390      0.0000      0.0000      0.0000
295     A         D          295           THR           95.72           638    424      1     8.791     7.404     1.000     0.2527      0.4408      0.3587      0.0101
296     A         D          296           LEU           94.85           638    424      0     8.791     7.404     1.000     0.2225      0.0000      0.0000      0.0000
297     A         D          297           ARG           93.68           638    424      0     8.791     7.404     1.000     0.2135      0.0000      0.0000      0.0000
298     A         D          298           TRP           93.14           638    424      0     8.791     7.404     1.000     0.1817      0.0000      0.0000      0.0000
299     A         D          299           GLU           87.59           638    424      0     8.791     7.404     1.000     0.1159      0.0000      0.0000      0.0000
300     A         D          300           PRO           82.64           638    424      0     8.791     7.404     1.000     0.1045      0.0000      0.0000      0.0000
301     A         D          301           SER           72.21           638    424      0     8.791     7.404     1.000     0.0817      0.0000      0.0000      0.0000
302     A         D          302           SER           56.43           638    424      0     8.791     7.404     1.000     0.0769      0.0000      0.0000      0.0000
303     A         D          303           GLN           41.68           638    424      0     8.791     7.404     1.000     0.0747      0.0000      0.0000      0.0000
304     A         D          304           SER           38.97           638    424      0     8.791     7.404     1.000     0.0734      0.0000      0.0000      0.0000
305     A         D          305           THR           36.13           638    424      0     8.791     7.404     1.000     0.0732      0.0000      0.0000      0.0000
306     A         D          306           ILE           41.78           638    424      0     8.791     7.404     1.000     0.0730      0.0000      0.0000      0.0000
307     A         D          307           PRO           40.17           638    424      0     8.791     7.404     1.000     0.0728      0.0000      0.0000      0.0000
308     A         D          308           ILE           44.87           638    424      0     8.791     7.404     1.000     0.0732      0.0000      0.0000      0.0000
309     A         D          309           VAL           45.25           638    424      0     8.791     7.404     1.000     0.0731      0.0000      0.0000      0.0000
310     A         D          310           GLY           44.61           638    424      0     8.791     7.404     1.000     0.0729      0.0000      0.0000      0.0000
311     A         D          311           ILE           51.70           638    424      0     8.791     7.404     1.000     0.0733      0.0000      0.0000      0.0000
312     A         D          312           VAL           55.38           638    424      0     8.791     7.404     1.000     0.0737      0.0000      0.0000      0.0000
313     A         D          313           ALA           56.10           638    424      0     8.791     7.404     1.000     0.0733      0.0000      0.0000      0.0000
314     A         D          314           GLY           54.39           638    424      0     8.791     7.404     1.000     0.0731      0.0000      0.0000      0.0000
315     A         D          315           LEU           58.30           638    424      0     8.791     7.404     1.000     0.0737      0.0000      0.0000      0.0000
316     A         D          316           ALA           59.70           638    424      0     8.791     7.404     1.000     0.0735      0.0000      0.0000      0.0000
317     A         D          317           VAL           60.02           638    424      0     8.791     7.404     1.000     0.0733      0.0000      0.0000      0.0000
318     A         D          318           LEU           58.29           638    424      0     8.791     7.404     1.000     0.0734      0.0000      0.0000      0.0000
319     A         D          319           ALA           60.86           638    424      0     8.791     7.404     1.000     0.0733      0.0000      0.0000      0.0000
320     A         D          320           VAL           59.56           638    424      0     8.791     7.404     1.000     0.0730      0.0000      0.0000      0.0000
321     A         D          321           VAL           64.80           638    424      0     8.791     7.404     1.000     0.0730      0.0000      0.0000      0.0000
322     A         D          322           VAL           61.02           638    424      0     8.791     7.404     1.000     0.0729      0.0000      0.0000      0.0000
323     A         D          323           ILE           54.26           638    424      0     8.791     7.404     1.000     0.0728      0.0000      0.0000      0.0000
324     A         D          324           GLY           55.56           638    424      0     8.791     7.404     1.000     0.0725      0.0000      0.0000      0.0000
325     A         D          325           ALA           61.31           638    424      0     8.791     7.404     1.000     0.0724      0.0000      0.0000      0.0000
326     A         D          326           VAL           57.45           638    424      0     8.791     7.404     1.000     0.0725      0.0000      0.0000      0.0000
327     A         D          327           VAL           56.28           638    424      0     8.791     7.404     1.000     0.0725      0.0000      0.0000      0.0000
328     A         D          328           ALA           60.14           638    424      0     8.791     7.404     1.000     0.0724      0.0000      0.0000      0.0000
329     A         D          329           THR           59.19           638    424      0     8.791     7.404     1.000     0.0723      0.0000      0.0000      0.0000
330     A         D          330           VAL           56.81           638    424      0     8.791     7.404     1.000     0.0722      0.0000      0.0000      0.0000
331     A         D          331           MET           54.28           638    424      0     8.791     7.404     1.000     0.0720      0.0000      0.0000      0.0000
332     A         D          332           CYS           55.05           638    424      0     8.791     7.404     1.000     0.0718      0.0000      0.0000      0.0000
333     A         D          333           ARG           54.06           638    424      0     8.791     7.404     1.000     0.0719      0.0000      0.0000      0.0000
334     A         D          334           ARG           48.87           638    424      0     8.791     7.404     1.000     0.0716      0.0000      0.0000      0.0000
335     A         D          335           LYS           41.64           638    424      0     8.791     7.404     1.000     0.0715      0.0000      0.0000      0.0000
336     A         D          336           SER           36.85           638    424      0     8.791     7.404     1.000     0.0714      0.0000      0.0000      0.0000
337     A         D          337           SER           32.94           638    424      0     8.791     7.404     1.000     0.0715      0.0000      0.0000      0.0000
338     A         D          338           GLY           28.75           638    424      0     8.791     7.404     1.000     0.0714      0.0000      0.0000      0.0000
339     A         D          339           GLY           27.61           638    424      0     8.791     7.404     1.000     0.0714      0.0000      0.0000      0.0000
340     A         D          340           LYS           28.45           638    424      0     8.791     7.404     1.000     0.0714      0.0000      0.0000      0.0000
341     A         D          341           GLY           27.54           638    424      0     8.791     7.404     1.000     0.0714      0.0000      0.0000      0.0000
342     A         D          342           GLY           27.41           638    424      0     8.791     7.404     1.000     0.0714      0.0000      0.0000      0.0000
343     A         D          343           SER           25.18           638    424      0     8.791     7.404     1.000     0.0714      0.0000      0.0000      0.0000
344     A         D          344           TYR           24.16           638    424      0     8.791     7.404     1.000     0.0714      0.0000      0.0000      0.0000
345     A         D          345           SER           24.35           638    424      0     8.791     7.404     1.000     0.0714      0.0000      0.0000      0.0000
346     A         D          346           GLN           23.26           638    424      0     8.791     7.404     1.000     0.0714      0.0000      0.0000      0.0000
347     A         D          347           ALA           26.75           638    424      0     8.791     7.404     1.000     0.0714      0.0000      0.0000      0.0000
348     A         D          348           ALA           27.34           638    424      0     8.791     7.404     1.000     0.0714      0.0000      0.0000      0.0000
349     A         D          349           SER           22.48           638    424      0     8.791     7.404     1.000     0.0714      0.0000      0.0000      0.0000
350     A         D          350           SER           25.07           638    424      0     8.791     7.404     1.000     0.0714      0.0000      0.0000      0.0000
351     A         D          351           ASP           30.71           638    424      0     8.791     7.404     1.000     0.0715      0.0000      0.0000      0.0000
352     A         D          352           SER           25.68           638    424      0     8.791     7.404     1.000     0.0715      0.0000      0.0000      0.0000
353     A         D          353           ALA           25.67           638    424      0     8.791     7.404     1.000     0.0715      0.0000      0.0000      0.0000
354     A         D          354           GLN           25.65           638    424      0     8.791     7.404     1.000     0.0715      0.0000      0.0000      0.0000
355     A         D          355           GLY           27.76           638    424      0     8.791     7.404     1.000     0.0714      0.0000      0.0000      0.0000
356     A         D          356           SER           26.14           638    424      0     8.791     7.404     1.000     0.0715      0.0000      0.0000      0.0000
357     A         D          357           ASP           28.58           638    424      0     8.791     7.404     1.000     0.0715      0.0000      0.0000      0.0000
358     A         D          358           VAL           22.47           638    424      0     8.791     7.404     1.000     0.0715      0.0000      0.0000      0.0000
359     A         D          359           SER           19.54           638    424      0     8.791     7.404     1.000     0.0715      0.0000      0.0000      0.0000
360     A         D          360           LEU           21.40           638    424      0     8.791     7.404     1.000     0.0716      0.0000      0.0000      0.0000
361     A         D          361           THR           20.83           638    424      0     8.791     7.404     1.000     0.0716      0.0000      0.0000      0.0000
362     A         D          362           ALA           12.15           638    424      0     8.791     7.404     1.000     0.0715      0.0000      0.0000      0.0000
1       A         E            1           MET           20.23           674    467      0     8.991     7.716     1.000     0.0746      0.0000      0.0000      0.0000
2       A         E            2           ARG           26.78           674    467      0     8.991     7.716     1.000     0.0746      0.0000      0.0000      0.0000
3       A         E            3           VAL           25.84           674    467      0     8.991     7.716     1.000     0.0747      0.0000      0.0000      0.0000
4       A         E            4           THR           28.99           674    467      0     8.991     7.716     1.000     0.0747      0.0000      0.0000      0.0000
5       A         E            5           ALA           31.79           674    467      0     8.991     7.716     1.000     0.0747      0.0000      0.0000      0.0000
6       A         E            6           PRO           31.30           674    467      0     8.991     7.716     1.000     0.0748      0.0000      0.0000      0.0000
7       A         E            7           ARG           30.54           674    467      0     8.991     7.716     1.000     0.0748      0.0000      0.0000      0.0000
8       A         E            8           THR           29.65           674    467      0     8.991     7.716     1.000     0.0749      0.0000      0.0000      0.0000
9       A         E            9           VAL           26.24           674    467      0     8.991     7.716     1.000     0.0751      0.0000      0.0000      0.0000
10      A         E           10           LEU           27.00           674    467      0     8.991     7.716     1.000     0.0751      0.0000      0.0000      0.0000
11      A         E           11           LEU           26.56           674    467      0     8.991     7.716     1.000     0.0753      0.0000      0.0000      0.0000
12      A         E           12           LEU           29.05           674    467      0     8.991     7.716     1.000     0.0754      0.0000      0.0000      0.0000
13      A         E           13           LEU           30.33           674    467      0     8.991     7.716     1.000     0.0757      0.0000      0.0000      0.0000
14      A         E           14           TRP           33.43           674    467      0     8.991     7.716     1.000     0.0760      0.0000      0.0000      0.0000
15      A         E           15           GLY           31.22           674    467      0     8.991     7.716     1.000     0.0760      0.0000      0.0000      0.0000
16      A         E           16           ALA           31.98           674    467      0     8.991     7.716     1.000     0.0766      0.0000      0.0000      0.0000
17      A         E           17           VAL           33.18           674    467      0     8.991     7.716     1.000     0.0772      0.0000      0.0000      0.0000
18      A         E           18           ALA           36.82           674    467      0     8.991     7.716     1.000     0.0776      0.0000      0.0000      0.0000
19      A         E           19           LEU           40.51           674    467      0     8.991     7.716     1.000     0.0785      0.0000      0.0000      0.0000
20      A         E           20           THR           45.78           674    467      0     8.991     7.716     1.000     0.0808      0.0000      0.0000      0.0000
21      A         E           21           GLU           56.81           674    467      0     8.991     7.716     1.000     0.0824      0.0000      0.0000      0.0000
22      A         E           22           THR           69.65           674    467      0     8.991     7.716     1.000     0.0956      0.0000      0.0000      0.0000
23      A         E           23           TRP           75.17           674    467      0     8.991     7.716     1.000     0.1226      0.0000      0.0000      0.0000
24      A         E           24           ALA           72.17           674    467      0     8.991     7.716     1.000     0.1057      0.0000      0.0000      0.0000
25      A         E           25           GLY           86.47           674    467      0     8.991     7.716     1.000     0.1409      0.0000      0.0000      0.0000
26      A         E           26           SER           93.63           674    467     28     8.991     7.716     1.116     0.2926      0.4997      0.4244      0.0154
27      A         E           27           HIS           96.52           674    467    115     8.991     7.716     3.956     0.3962      0.5391      0.4642      0.1889
28      A         E           28           SER           97.41           674    467    106     8.991     7.716     3.777     0.3874      0.5440      0.4691      0.1783
29      A         E           29           MET           98.02           674    467    163     8.991     7.716     4.759     0.4260      0.5391      0.4642      0.2513
30      A         E           30           ARG           98.02           674    467    133     8.991     7.716     4.282     0.4116      0.5522      0.4778      0.2243
31      A         E           31           TYR           98.24           674    467    202     8.991     7.716     5.291     0.4585      0.5571      0.4825      0.3080
32      A         E           32           PHE           98.50           674    467    211     8.991     7.716     5.403     0.4788      0.5782      0.5042      0.3365
33      A         E           33           TYR           98.46           674    467    205     8.991     7.716     5.329     0.4683      0.5690      0.4948      0.3222
34      A         E           34           THR           98.40           674    467    201     8.991     7.716     5.278     0.4574      0.5598      0.4855      0.3102
35      A         E           35           ALA           98.18           674    467    175     8.991     7.716     4.932     0.4403      0.5508      0.4765      0.2756
36      A         E           36           MET           97.43           674    467    100     8.991     7.716     3.652     0.3908      0.5702      0.4960      0.1855
37      A         E           37           SER           97.09           674    467    116     8.991     7.716     3.975     0.4051      0.5564      0.4818      0.2021
38      A         E           38           ARG           95.31           674    467     78     8.991     7.716     3.134     0.3514      0.5479      0.4730      0.1320
39      A         E           39           PRO           94.45           674    467     62     8.991     7.716     2.675     0.3199      0.5178      0.4424      0.0882
40      A         E           40           GLY           92.13           674    467     49     8.991     7.716     2.217     0.2923      0.5034      0.4280      0.0588
41      A         E           41           ARG           91.77           674    467     60     8.991     7.716     2.611     0.3127      0.5210      0.4456      0.0855
42      A         E           42           GLY           89.34           674    467     69     8.991     7.716     2.887     0.3261      0.5322      0.4568      0.1071
43      A         E           43           GLU           89.98           674    467    102     8.991     7.716     3.694     0.3830      0.5534      0.4786      0.1775
44      A         E           44           PRO           94.94           674    467    170     8.991     7.716     4.861     0.4399      0.5573      0.4830      0.2749
45      A         E           45           ARG           96.93           674    467    203     8.991     7.716     5.304     0.4590      0.5597      0.4856      0.3129
46      A         E           46           PHE           97.30           674    467    203     8.991     7.716     5.304     0.4603      0.5587      0.4842      0.3107
47      A         E           47           ILE           98.15           674    467    204     8.991     7.716     5.316     0.4626      0.5640      0.4898      0.3170
48      A         E           48           ALA           98.27           674    467    191     8.991     7.716     5.149     0.4431      0.5433      0.4686      0.2854
49      A         E           49           VAL           98.34           674    467    178     8.991     7.716     4.974     0.4351      0.5442      0.4696      0.2728
50      A         E           50           GLY           98.19           674    467    121     8.991     7.716     4.068     0.4025      0.5470      0.4722      0.2031
51      A         E           51           TYR           98.06           674    467    185     8.991     7.716     5.069     0.4459      0.5556      0.4811      0.2897
52      A         E           52           VAL           97.95           674    467    197     8.991     7.716     5.227     0.4482      0.5480      0.4733      0.2951
53      A         E           53           ASP           96.56           674    467    118     8.991     7.716     4.013     0.3973      0.5377      0.4627      0.1920
54      A         E           54           ASP           96.28           674    467     96     8.991     7.716     3.565     0.3737      0.5288      0.4535      0.1527
55      A         E           55           THR           97.09           674    467    142     8.991     7.716     4.433     0.4138      0.5428      0.4680      0.2285
56      A         E           56           GLN           97.87           674    467    182     8.991     7.716     5.029     0.4383      0.5439      0.4690      0.2759
57      A         E           57           PHE           97.88           674    467    151     8.991     7.716     4.577     0.4213      0.5444      0.4697      0.2415
58      A         E           58           VAL           97.89           674    467    130     8.991     7.716     4.230     0.4089      0.5411      0.4660      0.2106
59      A         E           59           ARG           97.77           674    467    131     8.991     7.716     4.247     0.4152      0.5567      0.4822      0.2244
60      A         E           60           PHE           98.04           674    467    199     8.991     7.716     5.253     0.4529      0.5525      0.4778      0.3010
61      A         E           61           ASP           97.40           674    467    184     8.991     7.716     5.056     0.4462      0.5580      0.4837      0.2911
62      A         E           62           SER           96.27           674    467    163     8.991     7.716     4.759     0.4336      0.5502      0.4757      0.2609
63      A         E           63           ASP           94.41           674    467    100     8.991     7.716     3.652     0.3848      0.5550      0.4803      0.1751
64      A         E           64           ALA           93.41           674    467     55     8.991     7.716     2.441     0.3055      0.5176      0.4423      0.0747
65      A         E           65           ALA           91.47           674    467     20     8.991     7.716     1.000     0.2538      0.4922      0.4168      0.0119
66      A         E           66           SER           91.33           674    467     30     8.991     7.716     1.258     0.2662      0.5101      0.4345      0.0202
67      A         E           67           PRO           93.62           674    467     61     8.991     7.716     2.643     0.3168      0.5168      0.4415      0.0862
68      A         E           68           ARG           95.33           674    467    103     8.991     7.716     3.715     0.3739      0.5455      0.4705      0.1737
69      A         E           69           THR           97.21           674    467    151     8.991     7.716     4.577     0.4220      0.5463      0.4715      0.2424
70      A         E           70           GLU           97.03           674    467    165     8.991     7.716     4.788     0.4337      0.5551      0.4807      0.2670
71      A         E           71           PRO           97.39           674    467    151     8.991     7.716     4.577     0.4228      0.5516      0.4768      0.2463
72      A         E           72           ARG           96.42           674    467    133     8.991     7.716     4.282     0.4094      0.5451      0.4702      0.2178
73      A         E           73           ALA           96.24           674    467     99     8.991     7.716     3.631     0.3777      0.5409      0.4656      0.1640
74      A         E           74           PRO           95.93           674    467     91     8.991     7.716     3.452     0.3612      0.5224      0.4469      0.1406
75      A         E           75           TRP           96.80           674    467    135     8.991     7.716     4.316     0.4071      0.5425      0.4675      0.2185
76      A         E           76           ILE           97.52           674    467    135     8.991     7.716     4.316     0.4066      0.5342      0.4590      0.2124
77      A         E           77           GLU           96.42           674    467    122     8.991     7.716     4.087     0.3921      0.5349      0.4597      0.1951
78      A         E           78           GLN           95.19           674    467     58     8.991     7.716     2.544     0.3263      0.5133      0.4377      0.0788
79      A         E           79           GLU           95.37           674    467     96     8.991     7.716     3.565     0.3679      0.5278      0.4524      0.1518
80      A         E           80           GLY           94.08           674    467     80     8.991     7.716     3.186     0.3428      0.5262      0.4508      0.1243
81      A         E           81           PRO           93.07           674    467    122     8.991     7.716     4.087     0.4005      0.5537      0.4789      0.2084
82      A         E           82           GLU           89.60           674    467    139     8.991     7.716     4.383     0.4162      0.5535      0.4791      0.2334
83      A         E           83           TYR           94.32           674    467    201     8.991     7.716     5.278     0.4637      0.5682      0.4940      0.3175
84      A         E           84           TRP           95.57           674    467    205     8.991     7.716     5.329     0.4751      0.5823      0.5086      0.3347
85      A         E           85           ASP           90.89           674    467    202     8.991     7.716     5.291     0.4643      0.5687      0.4947      0.3197
86      A         E           86           ARG           91.27           674    467    189     8.991     7.716     5.123     0.4463      0.5547      0.4805      0.2942
87      A         E           87           ASN           94.27           674    467    198     8.991     7.716     5.240     0.4588      0.5644      0.4903      0.3118
88      A         E           88           THR           94.05           674    467    221     8.991     7.716     5.523     0.4809      0.5748      0.5008      0.3433
89      A         E           89           GLN           89.90           674    467    205     8.991     7.716     5.329     0.4684      0.5723      0.4988      0.3273
90      A         E           90           ILE           93.01           674    467    226     8.991     7.716     5.582     0.4987      0.5935      0.5204      0.3669
91      A         E           91           PHE           95.09           674    467    234     8.991     7.716     5.674     0.4983      0.5870      0.5135      0.3674
92      A         E           92           LYS           91.17           674    467    233     8.991     7.716     5.663     0.5033      0.5922      0.5194      0.3732
93      A         E           93           THR           90.41           674    467    213     8.991     7.716     5.427     0.4927      0.5990      0.5269      0.3621
94      A         E           94           ASN           93.58           674    467    226     8.991     7.716     5.582     0.4989      0.5966      0.5241      0.3712
95      A         E           95           THR           93.03           674    467    223     8.991     7.716     5.547     0.4928      0.5891      0.5160      0.3603
96      A         E           96           GLN           88.29           674    467    205     8.991     7.716     5.329     0.4818      0.5921      0.5198      0.3475
97      A         E           97           THR           91.81           674    467    213     8.991     7.716     5.427     0.4955      0.6029      0.5310      0.3662
98      A         E           98           TYR           94.79           674    467    229     8.991     7.716     5.617     0.5079      0.6021      0.5297      0.3793
99      A         E           99           ARG           92.14           674    467    231     8.991     7.716     5.640     0.5084      0.6005      0.5279      0.3791
100     A         E          100           GLU           90.59           674    467    201     8.991     7.716     5.278     0.4769      0.5862      0.5133      0.3366
101     A         E          101           ASN           94.93           674    467    220     8.991     7.716     5.511     0.4845      0.5770      0.5035      0.3457
102     A         E          102           LEU           95.62           674    467    224     8.991     7.716     5.559     0.4888      0.5784      0.5048      0.3505
103     A         E          103           ARG           91.26           674    467    203     8.991     7.716     5.304     0.4745      0.5777      0.5044      0.3304
104     A         E          104           ILE           93.45           674    467    199     8.991     7.716     5.253     0.4720      0.5744      0.5010      0.3230
105     A         E          105           ALA           96.38           674    467    191     8.991     7.716     5.149     0.4568      0.5582      0.4842      0.2996
106     A         E          106           LEU           95.84           674    467    198     8.991     7.716     5.240     0.4641      0.5637      0.4897      0.3112
107     A         E          107           ARG           93.25           674    467    187     8.991     7.716     5.096     0.4546      0.5597      0.4858      0.2968
108     A         E          108           TYR           95.70           674    467    194     8.991     7.716     5.188     0.4588      0.5555      0.4811      0.2995
109     A         E          109           TYR           96.72           674    467    186     8.991     7.716     5.083     0.4524      0.5580      0.4839      0.2941
110     A         E          110           ASN           96.63           674    467    129     8.991     7.716     4.213     0.4108      0.5510      0.4766      0.2181
111     A         E          111           GLN           96.21           674    467     94     8.991     7.716     3.521     0.3887      0.5549      0.4800      0.1644
112     A         E          112           SER           95.59           674    467     72     8.991     7.716     2.972     0.3411      0.5300      0.4546      0.1116
113     A         E          113           GLU           92.25           674    467     55     8.991     7.716     2.441     0.3171      0.5094      0.4338      0.0719
114     A         E          114           ALA           94.04           674    467     42     8.991     7.716     1.920     0.2979      0.5075      0.4319      0.0454
115     A         E          115           GLY           94.85           674    467     47     8.991     7.716     2.137     0.3011      0.5131      0.4375      0.0569
116     A         E          116           SER           96.53           674    467     96     8.991     7.716     3.565     0.3839      0.5580      0.4832      0.1699
117     A         E          117           HIS           97.70           674    467    171     8.991     7.716     4.875     0.4407      0.5535      0.4793      0.2734
118     A         E          118           THR           98.08           674    467    151     8.991     7.716     4.577     0.4309      0.5568      0.4826      0.2522
119     A         E          119           TRP           98.35           674    467    185     8.991     7.716     5.069     0.4430      0.5462      0.4717      0.2821
120     A         E          120           GLN           98.24           674    467    190     8.991     7.716     5.136     0.4449      0.5490      0.4745      0.2894
121     A         E          121           THR           98.31           674    467    154     8.991     7.716     4.623     0.4242      0.5415      0.4671      0.2440
122     A         E          122           MET           98.21           674    467     93     8.991     7.716     3.498     0.3813      0.5606      0.4864      0.1683
123     A         E          123           TYR           98.14           674    467    170     8.991     7.716     4.861     0.4276      0.5366      0.4617      0.2573
124     A         E          124           GLY           97.94           674    467     87     8.991     7.716     3.359     0.3682      0.5370      0.4622      0.1435
125     A         E          125           CYS           97.71           674    467    108     8.991     7.716     3.818     0.3878      0.5346      0.4597      0.1758
126     A         E          126           ASP           97.79           674    467    139     8.991     7.716     4.383     0.4185      0.5485      0.4739      0.2295
127     A         E          127           VAL           97.22           674    467    113     8.991     7.716     3.917     0.3928      0.5305      0.4557      0.1808
128     A         E          128           GLY           95.36           674    467     40     8.991     7.716     1.826     0.3115      0.5090      0.4338      0.0419
129     A         E          129           PRO           93.02           674    467     19     8.991     7.716     1.000     0.2875      0.4955      0.4202      0.0122
130     A         E          130           ASP           93.15           674    467      7     8.991     7.716     1.000     0.2543      0.4918      0.4165      0.0119
131     A         E          131           GLY           92.64           674    467     14     8.991     7.716     1.000     0.2801      0.5082      0.4328      0.0128
132     A         E          132           ARG           94.28           674    467     26     8.991     7.716     1.000     0.3060      0.5080      0.4329      0.0129
133     A         E          133           LEU           96.55           674    467    105     8.991     7.716     3.757     0.3851      0.5135      0.4384      0.1584
134     A         E          134           LEU           96.52           674    467     85     8.991     7.716     3.310     0.3724      0.5231      0.4479      0.1322
135     A         E          135           ARG           96.80           674    467     64     8.991     7.716     2.738     0.3396      0.5249      0.4500      0.0960
136     A         E          136           GLY           97.59           674    467     94     8.991     7.716     3.521     0.3819      0.5344      0.4596      0.1540
137     A         E          137           HIS           97.93           674    467    138     8.991     7.716     4.367     0.4187      0.5545      0.4801      0.2330
138     A         E          138           ASN           98.01           674    467    128     8.991     7.716     4.195     0.4084      0.5401      0.4656      0.2094
139     A         E          139           GLN           97.83           674    467     92     8.991     7.716     3.475     0.3818      0.5596      0.4854      0.1658
140     A         E          140           TYR           98.16           674    467    188     8.991     7.716     5.109     0.4448      0.5469      0.4726      0.2867
141     A         E          141           ALA           98.31           674    467    180     8.991     7.716     5.001     0.4456      0.5536      0.4796      0.2842
142     A         E          142           TYR           98.15           674    467    208     8.991     7.716     5.366     0.4691      0.5624      0.4880      0.3192
143     A         E          143           ASP           97.78           674    467    184     8.991     7.716     5.056     0.4480      0.5535      0.4793      0.2878
144     A         E          144           GLY           97.34           674    467     93     8.991     7.716     3.498     0.3738      0.5505      0.4758      0.1611
145     A         E          145           LYS           97.30           674    467    107     8.991     7.716     3.798     0.3929      0.5470      0.4725      0.1828
146     A         E          146           ASP           97.81           674    467    182     8.991     7.716     5.029     0.4461      0.5513      0.4770      0.2836
147     A         E          147           TYR           98.21           674    467    191     8.991     7.716     5.149     0.4566      0.5547      0.4802      0.2953
148     A         E          148           ILE           98.07           674    467    178     8.991     7.716     4.974     0.4380      0.5403      0.4657      0.2697
149     A         E          149           ALA           97.89           674    467    158     8.991     7.716     4.684     0.4330      0.5520      0.4778      0.2571
150     A         E          150           LEU           97.85           674    467    180     8.991     7.716     5.001     0.4402      0.5408      0.4660      0.2716
151     A         E          151           ASN           97.67           674    467    170     8.991     7.716     4.861     0.4321      0.5403      0.4656      0.2606
152     A         E          152           GLU           97.01           674    467    107     8.991     7.716     3.798     0.3898      0.5353      0.4604      0.1748
153     A         E          153           ASP           97.06           674    467    117     8.991     7.716     3.994     0.3955      0.5294      0.4545      0.1859
154     A         E          154           LEU           96.91           674    467    150     8.991     7.716     4.561     0.4182      0.5368      0.4620      0.2343
155     A         E          155           SER           96.07           674    467     97     8.991     7.716     3.587     0.3823      0.5295      0.4546      0.1559
156     A         E          156           SER           97.24           674    467    128     8.991     7.716     4.195     0.4028      0.5276      0.4528      0.1999
157     A         E          157           TRP           97.79           674    467    177     8.991     7.716     4.960     0.4388      0.5431      0.4684      0.2706
158     A         E          158           THR           97.93           674    467    174     8.991     7.716     4.918     0.4384      0.5454      0.4708      0.2694
159     A         E          159           ALA           97.75           674    467    137     8.991     7.716     4.350     0.4169      0.5408      0.4660      0.2211
160     A         E          160           ALA           97.15           674    467     86     8.991     7.716     3.335     0.3743      0.5354      0.4604      0.1405
161     A         E          161           ASP           96.90           674    467     79     8.991     7.716     3.160     0.3641      0.5350      0.4599      0.1276
162     A         E          162           THR           96.74           674    467    130     8.991     7.716     4.230     0.4077      0.5407      0.4660      0.2116
163     A         E          163           ALA           96.82           674    467    162     8.991     7.716     4.744     0.4325      0.5468      0.4722      0.2567
164     A         E          164           ALA           97.57           674    467    174     8.991     7.716     4.918     0.4408      0.5477      0.4732      0.2715
165     A         E          165           GLN           97.09           674    467    209     8.991     7.716     5.378     0.4726      0.5658      0.4915      0.3234
166     A         E          166           ILE           95.26           674    467    198     8.991     7.716     5.240     0.4620      0.5583      0.4839      0.3058
167     A         E          167           THR           95.97           674    467    192     8.991     7.716     5.162     0.4549      0.5508      0.4762      0.2929
168     A         E          168           GLN           96.94           674    467    215     8.991     7.716     5.452     0.4788      0.5675      0.4933      0.3308
169     A         E          169           ARG           94.44           674    467    198     8.991     7.716     5.240     0.4664      0.5627      0.4887      0.3107
170     A         E          170           LYS           91.06           674    467    156     8.991     7.716     4.654     0.4371      0.5557      0.4818      0.2588
171     A         E          171           TRP           92.86           674    467    185     8.991     7.716     5.069     0.4520      0.5551      0.4810      0.2905
172     A         E          172           GLU           92.47           674    467    195     8.991     7.716     5.201     0.4591      0.5567      0.4825      0.3020
173     A         E          173           ALA           87.39           674    467    132     8.991     7.716     4.265     0.4111      0.5427      0.4683      0.2172
174     A         E          174           ALA           83.29           674    467     84     8.991     7.716     3.286     0.3715      0.5467      0.4729      0.1468
175     A         E          175           ARG           85.08           674    467     89     8.991     7.716     3.406     0.3801      0.5433      0.4693      0.1533
176     A         E          176           GLU           91.14           674    467    126     8.991     7.716     4.159     0.4108      0.5505      0.4768      0.2166
177     A         E          177           ALA           93.74           674    467    175     8.991     7.716     4.932     0.4426      0.5494      0.4751      0.2749
178     A         E          178           GLU           89.96           674    467    179     8.991     7.716     4.987     0.4406      0.5469      0.4725      0.2766
179     A         E          179           GLN           90.07           674    467    195     8.991     7.716     5.201     0.4536      0.5561      0.4823      0.3028
180     A         E          180           LEU           94.34           674    467    205     8.991     7.716     5.329     0.4641      0.5598      0.4857      0.3150
181     A         E          181           ARG           95.18           674    467    221     8.991     7.716     5.523     0.4788      0.5685      0.4945      0.3379
182     A         E          182           ALA           92.32           674    467    199     8.991     7.716     5.253     0.4616      0.5632      0.4890      0.3116
183     A         E          183           TYR           94.77           674    467    234     8.991     7.716     5.674     0.4858      0.5707      0.4967      0.3517
184     A         E          184           LEU           96.69           674    467    219     8.991     7.716     5.500     0.4743      0.5630      0.4886      0.3301
185     A         E          185           GLU           95.37           674    467    189     8.991     7.716     5.123     0.4447      0.5453      0.4706      0.2852
186     A         E          186           GLY           93.22           674    467    103     8.991     7.716     3.715     0.3910      0.5387      0.4640      0.1711
187     A         E          187           LEU           93.75           674    467    188     8.991     7.716     5.109     0.4435      0.5477      0.4730      0.2861
188     A         E          188           CYS           96.49           674    467    198     8.991     7.716     5.240     0.4559      0.5569      0.4823      0.3039
189     A         E          189           VAL           97.12           674    467    199     8.991     7.716     5.253     0.4558      0.5559      0.4814      0.3046
190     A         E          190           GLU           95.44           674    467    192     8.991     7.716     5.162     0.4534      0.5594      0.4850      0.3005
191     A         E          191           TRP           96.61           674    467    202     8.991     7.716     5.291     0.4647      0.5676      0.4933      0.3177
192     A         E          192           LEU           97.27           674    467    219     8.991     7.716     5.500     0.4798      0.5725      0.4983      0.3388
193     A         E          193           ARG           96.44           674    467    205     8.991     7.716     5.329     0.4645      0.5661      0.4917      0.3194
194     A         E          194           ARG           96.53           674    467    204     8.991     7.716     5.316     0.4607      0.5599      0.4852      0.3122
195     A         E          195           HIS           97.27           674    467    205     8.991     7.716     5.329     0.4625      0.5627      0.4882      0.3160
196     A         E          196           LEU           96.39           674    467    205     8.991     7.716     5.329     0.4647      0.5665      0.4922      0.3196
197     A         E          197           GLU           95.38           674    467    143     8.991     7.716     4.449     0.4092      0.5341      0.4590      0.2227
198     A         E          198           ASN           96.33           674    467    132     8.991     7.716     4.265     0.3992      0.5244      0.4491      0.2014
199     A         E          199           GLY           95.67           674    467     47     8.991     7.716     2.137     0.3173      0.4931      0.4177      0.0525
200     A         E          200           LYS           94.80           674    467     38     8.991     7.716     1.726     0.3124      0.4960      0.4206      0.0354
201     A         E          201           GLU           94.53           674    467     19     8.991     7.716     1.000     0.2891      0.4789      0.4039      0.0113
202     A         E          202           THR           94.67           674    467     25     8.991     7.716     1.000     0.2955      0.4847      0.4096      0.0116
203     A         E          203           LEU           95.58           674    467     80     8.991     7.716     3.186     0.3604      0.5091      0.4336      0.1165
204     A         E          204           GLN           94.15           674    467     59     8.991     7.716     2.578     0.3350      0.5018      0.4264      0.0773
205     A         E          205           ARG           93.92           674    467     15     8.991     7.716     1.000     0.2897      0.4815      0.4064      0.0114
206     A         E          206           ALA           94.78           674    467     30     8.991     7.716     1.258     0.3008      0.4814      0.4063      0.0180
207     A         E          207           ASP           96.34           674    467     48     8.991     7.716     2.177     0.3261      0.4920      0.4167      0.0542
208     A         E          208           PRO           96.62           674    467     27     8.991     7.716     1.039     0.3029      0.4730      0.3981      0.0119
209     A         E          209           PRO           97.17           674    467     36     8.991     7.716     1.621     0.3159      0.4845      0.4093      0.0298
210     A         E          210           LYS           96.68           674    467     37     8.991     7.716     1.675     0.3201      0.4817      0.4065      0.0314
211     A         E          211           THR           96.11           674    467     16     8.991     7.716     1.000     0.2933      0.4718      0.3970      0.0110
212     A         E          212           HIS           95.47           674    467     10     8.991     7.716     1.000     0.2930      0.4695      0.3947      0.0108
213     A         E          213           VAL           95.47           674    467     38     8.991     7.716     1.726     0.3133      0.4710      0.3961      0.0318
214     A         E          214           THR           94.80           674    467     10     8.991     7.716     1.000     0.2898      0.4670      0.3923      0.0107
215     A         E          215           HIS           94.17           674    467      0     8.991     7.716     1.000     0.2702      0.0000      0.0000      0.0000
216     A         E          216           HIS           94.08           674    467      0     8.991     7.716     1.000     0.2441      0.0000      0.0000      0.0000
217     A         E          217           PRO           93.64           674    467      0     8.991     7.716     1.000     0.1904      0.0000      0.0000      0.0000
218     A         E          218           VAL           93.09           674    467      0     8.991     7.716     1.000     0.1692      0.0000      0.0000      0.0000
219     A         E          219           SER           93.34           674    467      0     8.991     7.716     1.000     0.1558      0.0000      0.0000      0.0000
220     A         E          220           ASP           93.55           674    467      0     8.991     7.716     1.000     0.1416      0.0000      0.0000      0.0000
221     A         E          221           HIS           94.64           674    467      0     8.991     7.716     1.000     0.1347      0.0000      0.0000      0.0000
222     A         E          222           GLU           93.91           674    467      0     8.991     7.716     1.000     0.1733      0.0000      0.0000      0.0000
223     A         E          223           ALA           94.05           674    467      0     8.991     7.716     1.000     0.2195      0.0000      0.0000      0.0000
224     A         E          224           THR           95.21           674    467      2     8.991     7.716     1.000     0.2724      0.4545      0.3803      0.0102
225     A         E          225           LEU           95.41           674    467     30     8.991     7.716     1.258     0.3078      0.4677      0.3929      0.0169
226     A         E          226           ARG           96.34           674    467     38     8.991     7.716     1.726     0.3149      0.4768      0.4018      0.0326
227     A         E          227           CYS           96.50           674    467     46     8.991     7.716     2.095     0.3193      0.4834      0.4082      0.0486
228     A         E          228           TRP           96.81           674    467     78     8.991     7.716     3.134     0.3412      0.4872      0.4119      0.1039
229     A         E          229           ALA           96.98           674    467     94     8.991     7.716     3.521     0.3553      0.4961      0.4207      0.1320
230     A         E          230           LEU           96.84           674    467     71     8.991     7.716     2.944     0.3416      0.4875      0.4123      0.0930
231     A         E          231           GLY           96.51           674    467     27     8.991     7.716     1.039     0.3002      0.4757      0.4007      0.0120
232     A         E          232           PHE           97.15           674    467    100     8.991     7.716     3.652     0.3753      0.5174      0.4418      0.1517
233     A         E          233           TYR           96.58           674    467     71     8.991     7.716     2.944     0.3535      0.5051      0.4296      0.0995
234     A         E          234           PRO           95.85           674    467     53     8.991     7.716     2.369     0.3243      0.4928      0.4175      0.0637
235     A         E          235           ALA           96.60           674    467     55     8.991     7.716     2.441     0.3304      0.4957      0.4204      0.0681
236     A         E          236           GLU           96.08           674    467     64     8.991     7.716     2.738     0.3426      0.5008      0.4254      0.0860
237     A         E          237           ILE           96.76           674    467     70     8.991     7.716     2.916     0.3450      0.4996      0.4242      0.0958
238     A         E          238           THR           96.29           674    467     26     8.991     7.716     1.000     0.3071      0.4816      0.4064      0.0114
239     A         E          239           LEU           95.53           674    467      0     8.991     7.716     1.000     0.2552      0.0000      0.0000      0.0000
240     A         E          240           THR           95.70           674    467      7     8.991     7.716     1.000     0.2770      0.4630      0.3885      0.0106
241     A         E          241           TRP           96.29           674    467     16     8.991     7.716     1.000     0.2991      0.4672      0.3925      0.0108
242     A         E          242           GLN           95.54           674    467      0     8.991     7.716     1.000     0.2527      0.0000      0.0000      0.0000
243     A         E          243           ARG           94.77           674    467      0     8.991     7.716     1.000     0.2143      0.0000      0.0000      0.0000
244     A         E          244           ASP           93.76           674    467      0     8.991     7.716     1.000     0.1830      0.0000      0.0000      0.0000
245     A         E          245           GLY           91.84           674    467      0     8.991     7.716     1.000     0.1520      0.0000      0.0000      0.0000
246     A         E          246           GLU           93.07           674    467      0     8.991     7.716     1.000     0.1679      0.0000      0.0000      0.0000
247     A         E          247           ASP           92.92           674    467      0     8.991     7.716     1.000     0.1896      0.0000      0.0000      0.0000
248     A         E          248           GLN           91.16           674    467      0     8.991     7.716     1.000     0.1636      0.0000      0.0000      0.0000
249     A         E          249           THR           89.44           674    467      0     8.991     7.716     1.000     0.1383      0.0000      0.0000      0.0000
250     A         E          250           GLN           86.78           674    467      0     8.991     7.716     1.000     0.1184      0.0000      0.0000      0.0000
251     A         E          251           ASP           88.83           674    467      0     8.991     7.716     1.000     0.1228      0.0000      0.0000      0.0000
252     A         E          252           THR           92.81           674    467      0     8.991     7.716     1.000     0.1929      0.0000      0.0000      0.0000
253     A         E          253           GLU           94.48           674    467      0     8.991     7.716     1.000     0.2560      0.0000      0.0000      0.0000
254     A         E          254           LEU           95.33           674    467      2     8.991     7.716     1.000     0.2702      0.4545      0.3803      0.0102
255     A         E          255           VAL           95.64           674    467     23     8.991     7.716     1.000     0.3011      0.4650      0.3903      0.0106
256     A         E          256           GLU           95.73           674    467     32     8.991     7.716     1.388     0.3104      0.4795      0.4043      0.0216
257     A         E          257           THR           97.24           674    467    101     8.991     7.716     3.673     0.3753      0.5176      0.4419      0.1533
258     A         E          258           ARG           97.60           674    467     80     8.991     7.716     3.186     0.3465      0.5009      0.4255      0.1129
259     A         E          259           PRO           97.39           674    467     86     8.991     7.716     3.335     0.3586      0.5078      0.4323      0.1255
260     A         E          260           ALA           96.58           674    467     41     8.991     7.716     1.873     0.3239      0.4875      0.4122      0.0398
261     A         E          261           GLY           95.09           674    467     15     8.991     7.716     1.000     0.2851      0.4790      0.4039      0.0113
262     A         E          262           ASP           94.42           674    467      2     8.991     7.716     1.000     0.2685      0.4647      0.3901      0.0106
263     A         E          263           ARG           94.72           674    467     14     8.991     7.716     1.000     0.2813      0.4805      0.4054      0.0114
264     A         E          264           THR           95.86           674    467     50     8.991     7.716     2.256     0.3299      0.4930      0.4177      0.0581
265     A         E          265           PHE           97.55           674    467    123     8.991     7.716     4.105     0.3890      0.5184      0.4430      0.1853
266     A         E          266           GLN           97.53           674    467     97     8.991     7.716     3.587     0.3675      0.5113      0.4356      0.1437
267     A         E          267           LYS           97.47           674    467     97     8.991     7.716     3.587     0.3674      0.5100      0.4344      0.1432
268     A         E          268           TRP           96.63           674    467     82     8.991     7.716     3.236     0.3437      0.4883      0.4130      0.1105
269     A         E          269           ALA           96.55           674    467     39     8.991     7.716     1.777     0.3187      0.4750      0.4000      0.0342
270     A         E          270           ALA           96.13           674    467      2     8.991     7.716     1.000     0.2809      0.4673      0.3925      0.0107
271     A         E          271           VAL           95.43           674    467      0     8.991     7.716     1.000     0.2558      0.0000      0.0000      0.0000
272     A         E          272           VAL           95.20           674    467      0     8.991     7.716     1.000     0.2612      0.0000      0.0000      0.0000
273     A         E          273           VAL           94.86           674    467      0     8.991     7.716     1.000     0.2246      0.0000      0.0000      0.0000
274     A         E          274           PRO           94.61           674    467      0     8.991     7.716     1.000     0.2120      0.0000      0.0000      0.0000
275     A         E          275           SER           92.84           674    467      0     8.991     7.716     1.000     0.1689      0.0000      0.0000      0.0000
276     A         E          276           GLY           92.36           674    467      0     8.991     7.716     1.000     0.1482      0.0000      0.0000      0.0000
277     A         E          277           GLU           92.99           674    467      0     8.991     7.716     1.000     0.1815      0.0000      0.0000      0.0000
278     A         E          278           GLU           92.93           674    467      0     8.991     7.716     1.000     0.2069      0.0000      0.0000      0.0000
279     A         E          279           GLN           94.27           674    467      0     8.991     7.716     1.000     0.2156      0.0000      0.0000      0.0000
280     A         E          280           ARG           94.63           674    467      0     8.991     7.716     1.000     0.2270      0.0000      0.0000      0.0000
281     A         E          281           TYR           95.51           674    467      3     8.991     7.716     1.000     0.2723      0.4604      0.3860      0.0104
282     A         E          282           THR           95.96           674    467      2     8.991     7.716     1.000     0.2732      0.4596      0.3851      0.0104
283     A         E          283           CYS           96.05           674    467     12     8.991     7.716     1.000     0.2805      0.4747      0.3997      0.0111
284     A         E          284           HIS           96.28           674    467     24     8.991     7.716     1.000     0.3058      0.4675      0.3928      0.0108
285     A         E          285           VAL           96.90           674    467     53     8.991     7.716     2.369     0.3257      0.4830      0.4078      0.0612
286     A         E          286           GLN           96.76           674    467     33     8.991     7.716     1.450     0.3155      0.4827      0.4075      0.0238
287     A         E          287           HIS           96.55           674    467     36     8.991     7.716     1.621     0.3152      0.4877      0.4124      0.0302
288     A         E          288           GLU           94.36           674    467      0     8.991     7.716     1.000     0.2402      0.0000      0.0000      0.0000
289     A         E          289           GLY           94.06           674    467      0     8.991     7.716     1.000     0.2484      0.0000      0.0000      0.0000
290     A         E          290           LEU           95.13           674    467      4     8.991     7.716     1.000     0.2712      0.4675      0.3927      0.0108
291     A         E          291           PRO           93.94           674    467      0     8.991     7.716     1.000     0.2097      0.0000      0.0000      0.0000
292     A         E          292           LYS           95.40           674    467      0     8.991     7.716     1.000     0.2052      0.0000      0.0000      0.0000
293     A         E          293           PRO           95.28           674    467      0     8.991     7.716     1.000     0.2335      0.0000      0.0000      0.0000
294     A         E          294           LEU           95.43           674    467      0     8.991     7.716     1.000     0.2436      0.0000      0.0000      0.0000
295     A         E          295           THR           95.72           674    467      0     8.991     7.716     1.000     0.2586      0.0000      0.0000      0.0000
296     A         E          296           LEU           94.85           674    467      0     8.991     7.716     1.000     0.2264      0.0000      0.0000      0.0000
297     A         E          297           ARG           93.68           674    467      0     8.991     7.716     1.000     0.2158      0.0000      0.0000      0.0000
298     A         E          298           TRP           93.14           674    467      0     8.991     7.716     1.000     0.1818      0.0000      0.0000      0.0000
299     A         E          299           GLU           87.59           674    467      0     8.991     7.716     1.000     0.1171      0.0000      0.0000      0.0000
300     A         E          300           PRO           82.64           674    467      0     8.991     7.716     1.000     0.1051      0.0000      0.0000      0.0000
301     A         E          301           SER           72.21           674    467      0     8.991     7.716     1.000     0.0845      0.0000      0.0000      0.0000
302     A         E          302           SER           56.43           674    467      0     8.991     7.716     1.000     0.0799      0.0000      0.0000      0.0000
303     A         E          303           GLN           41.68           674    467      0     8.991     7.716     1.000     0.0777      0.0000      0.0000      0.0000
304     A         E          304           SER           38.97           674    467      0     8.991     7.716     1.000     0.0764      0.0000      0.0000      0.0000
305     A         E          305           THR           36.13           674    467      0     8.991     7.716     1.000     0.0763      0.0000      0.0000      0.0000
306     A         E          306           ILE           41.78           674    467      0     8.991     7.716     1.000     0.0760      0.0000      0.0000      0.0000
307     A         E          307           PRO           40.17           674    467      0     8.991     7.716     1.000     0.0758      0.0000      0.0000      0.0000
308     A         E          308           ILE           44.87           674    467      0     8.991     7.716     1.000     0.0762      0.0000      0.0000      0.0000
309     A         E          309           VAL           45.25           674    467      0     8.991     7.716     1.000     0.0760      0.0000      0.0000      0.0000
310     A         E          310           GLY           44.61           674    467      0     8.991     7.716     1.000     0.0759      0.0000      0.0000      0.0000
311     A         E          311           ILE           51.70           674    467      0     8.991     7.716     1.000     0.0763      0.0000      0.0000      0.0000
312     A         E          312           VAL           55.38           674    467      0     8.991     7.716     1.000     0.0767      0.0000      0.0000      0.0000
313     A         E          313           ALA           56.10           674    467      0     8.991     7.716     1.000     0.0763      0.0000      0.0000      0.0000
314     A         E          314           GLY           54.39           674    467      0     8.991     7.716     1.000     0.0761      0.0000      0.0000      0.0000
315     A         E          315           LEU           58.30           674    467      0     8.991     7.716     1.000     0.0767      0.0000      0.0000      0.0000
316     A         E          316           ALA           59.70           674    467      0     8.991     7.716     1.000     0.0765      0.0000      0.0000      0.0000
317     A         E          317           VAL           60.02           674    467      0     8.991     7.716     1.000     0.0763      0.0000      0.0000      0.0000
318     A         E          318           LEU           58.29           674    467      0     8.991     7.716     1.000     0.0764      0.0000      0.0000      0.0000
319     A         E          319           ALA           60.86           674    467      0     8.991     7.716     1.000     0.0762      0.0000      0.0000      0.0000
320     A         E          320           VAL           59.56           674    467      0     8.991     7.716     1.000     0.0760      0.0000      0.0000      0.0000
321     A         E          321           VAL           64.80           674    467      0     8.991     7.716     1.000     0.0760      0.0000      0.0000      0.0000
322     A         E          322           VAL           61.02           674    467      0     8.991     7.716     1.000     0.0759      0.0000      0.0000      0.0000
323     A         E          323           ILE           54.26           674    467      0     8.991     7.716     1.000     0.0758      0.0000      0.0000      0.0000
324     A         E          324           GLY           55.56           674    467      0     8.991     7.716     1.000     0.0754      0.0000      0.0000      0.0000
325     A         E          325           ALA           61.31           674    467      0     8.991     7.716     1.000     0.0754      0.0000      0.0000      0.0000
326     A         E          326           VAL           57.45           674    467      0     8.991     7.716     1.000     0.0755      0.0000      0.0000      0.0000
327     A         E          327           VAL           56.28           674    467      0     8.991     7.716     1.000     0.0754      0.0000      0.0000      0.0000
328     A         E          328           ALA           60.14           674    467      0     8.991     7.716     1.000     0.0753      0.0000      0.0000      0.0000
329     A         E          329           THR           59.19           674    467      0     8.991     7.716     1.000     0.0753      0.0000      0.0000      0.0000
330     A         E          330           VAL           56.81           674    467      0     8.991     7.716     1.000     0.0752      0.0000      0.0000      0.0000
331     A         E          331           MET           54.28           674    467      0     8.991     7.716     1.000     0.0751      0.0000      0.0000      0.0000
332     A         E          332           CYS           55.05           674    467      0     8.991     7.716     1.000     0.0748      0.0000      0.0000      0.0000
333     A         E          333           ARG           54.06           674    467      0     8.991     7.716     1.000     0.0749      0.0000      0.0000      0.0000
334     A         E          334           ARG           48.87           674    467      0     8.991     7.716     1.000     0.0746      0.0000      0.0000      0.0000
335     A         E          335           LYS           41.64           674    467      0     8.991     7.716     1.000     0.0745      0.0000      0.0000      0.0000
336     A         E          336           SER           36.85           674    467      0     8.991     7.716     1.000     0.0745      0.0000      0.0000      0.0000
337     A         E          337           SER           32.94           674    467      0     8.991     7.716     1.000     0.0745      0.0000      0.0000      0.0000
338     A         E          338           GLY           28.75           674    467      0     8.991     7.716     1.000     0.0745      0.0000      0.0000      0.0000
339     A         E          339           GLY           27.61           674    467      0     8.991     7.716     1.000     0.0745      0.0000      0.0000      0.0000
340     A         E          340           LYS           28.45           674    467      0     8.991     7.716     1.000     0.0745      0.0000      0.0000      0.0000
341     A         E          341           GLY           27.54           674    467      0     8.991     7.716     1.000     0.0745      0.0000      0.0000      0.0000
342     A         E          342           GLY           27.41           674    467      0     8.991     7.716     1.000     0.0745      0.0000      0.0000      0.0000
343     A         E          343           SER           25.18           674    467      0     8.991     7.716     1.000     0.0745      0.0000      0.0000      0.0000
344     A         E          344           TYR           24.16           674    467      0     8.991     7.716     1.000     0.0745      0.0000      0.0000      0.0000
345     A         E          345           SER           24.35           674    467      0     8.991     7.716     1.000     0.0745      0.0000      0.0000      0.0000
346     A         E          346           GLN           23.26           674    467      0     8.991     7.716     1.000     0.0745      0.0000      0.0000      0.0000
347     A         E          347           ALA           26.75           674    467      0     8.991     7.716     1.000     0.0745      0.0000      0.0000      0.0000
348     A         E          348           ALA           27.34           674    467      0     8.991     7.716     1.000     0.0745      0.0000      0.0000      0.0000
349     A         E          349           SER           22.48           674    467      0     8.991     7.716     1.000     0.0745      0.0000      0.0000      0.0000
350     A         E          350           SER           25.07           674    467      0     8.991     7.716     1.000     0.0745      0.0000      0.0000      0.0000
351     A         E          351           ASP           30.71           674    467      0     8.991     7.716     1.000     0.0745      0.0000      0.0000      0.0000
352     A         E          352           SER           25.68           674    467      0     8.991     7.716     1.000     0.0745      0.0000      0.0000      0.0000
353     A         E          353           ALA           25.67           674    467      0     8.991     7.716     1.000     0.0745      0.0000      0.0000      0.0000
354     A         E          354           GLN           25.65           674    467      0     8.991     7.716     1.000     0.0745      0.0000      0.0000      0.0000
355     A         E          355           GLY           27.76           674    467      0     8.991     7.716     1.000     0.0745      0.0000      0.0000      0.0000
356     A         E          356           SER           26.14           674    467      0     8.991     7.716     1.000     0.0745      0.0000      0.0000      0.0000
357     A         E          357           ASP           28.58           674    467      0     8.991     7.716     1.000     0.0745      0.0000      0.0000      0.0000
358     A         E          358           VAL           22.47           674    467      0     8.991     7.716     1.000     0.0745      0.0000      0.0000      0.0000
359     A         E          359           SER           19.54           674    467      0     8.991     7.716     1.000     0.0746      0.0000      0.0000      0.0000
360     A         E          360           LEU           21.40           674    467      0     8.991     7.716     1.000     0.0746      0.0000      0.0000      0.0000
361     A         E          361           THR           20.83           674    467      0     8.991     7.716     1.000     0.0746      0.0000      0.0000      0.0000
362     A         E          362           ALA           12.15           674    467      0     8.991     7.716     1.000     0.0745      0.0000      0.0000      0.0000
363     B         A            1           ILE           85.39           461    383     12     7.674     7.086     1.000     0.1454      0.5044      0.4666      0.0191
364     B         A            2           GLN           94.93           461    383    274     7.674     7.086     6.104     0.4467      0.5561      0.5186      0.4483
365     B         A            3           ARG           97.33           461    383    284     7.674     7.086     6.205     0.6502      0.8048      0.7797      0.7329
366     B         A            4           THR           97.41           461    383    284     7.674     7.086     6.205     0.6442      0.7969      0.7710      0.7231
367     B         A            5           PRO           97.85           461    383    284     7.674     7.086     6.205     0.6516      0.8061      0.7810      0.7344
368     B         A            6           LYS           97.52           461    383    284     7.674     7.086     6.205     0.6891      0.8536      0.8332      0.7946
369     B         A            7           ILE           97.61           461    383    284     7.674     7.086     6.205     0.6917      0.8568      0.8369      0.7990
370     B         A            8           GLN           97.46           461    383    284     7.674     7.086     6.205     0.6806      0.8426      0.8211      0.7805
371     B         A            9           VAL           97.61           461    383    284     7.674     7.086     6.205     0.6821      0.8447      0.8235      0.7834
372     B         A           10           TYR           97.47           461    383    284     7.674     7.086     6.205     0.6964      0.8629      0.8437      0.8071
373     B         A           11           SER           96.81           461    383    284     7.674     7.086     6.205     0.6447      0.7965      0.7709      0.7238
374     B         A           12           ARG           96.85           461    383    284     7.674     7.086     6.205     0.6510      0.8043      0.7792      0.7329
375     B         A           13           HIS           95.26           461    383    284     7.674     7.086     6.205     0.6382      0.7879      0.7615      0.7131
376     B         A           14           PRO           94.09           461    383    284     7.674     7.086     6.205     0.5985      0.7377      0.7076      0.6538
377     B         A           15           ALA           93.91           461    383    283     7.674     7.086     6.195     0.5258      0.6471      0.6129      0.5531
378     B         A           16           GLU           94.24           461    383    282     7.674     7.086     6.185     0.4968      0.6113      0.5754      0.5127
379     B         A           17           ASN           94.78           461    383    283     7.674     7.086     6.195     0.5012      0.6158      0.5797      0.5172
380     B         A           18           GLY           94.73           461    383    237     7.674     7.086     5.708     0.4056      0.5233      0.4851      0.3837
381     B         A           19           LYS           95.24           461    383    282     7.674     7.086     6.185     0.5054      0.6223      0.5859      0.5218
382     B         A           20           SER           96.32           461    383    283     7.674     7.086     6.195     0.5710      0.7046      0.6718      0.6131
383     B         A           21           ASN           96.50           461    383    284     7.674     7.086     6.205     0.6173      0.7621      0.7333      0.6811
384     B         A           22           PHE           97.11           461    383    284     7.674     7.086     6.205     0.6575      0.8128      0.7884      0.7430
385     B         A           23           LEU           97.52           461    383    284     7.674     7.086     6.205     0.6753      0.8358      0.8136      0.7718
386     B         A           24           ASN           97.97           461    383    284     7.674     7.086     6.205     0.6838      0.8466      0.8255      0.7857
387     B         A           25           CYS           98.16           461    383    284     7.674     7.086     6.205     0.7061      0.8753      0.8575      0.8233
388     B         A           26           TYR           98.26           461    383    284     7.674     7.086     6.205     0.7202      0.8935      0.8780      0.8480
389     B         A           27           VAL           98.26           461    383    284     7.674     7.086     6.205     0.6992      0.8668      0.8481      0.8123
390     B         A           28           SER           97.86           461    383    284     7.674     7.086     6.205     0.6674      0.8260      0.8028      0.7594
391     B         A           29           GLY           97.53           461    383    284     7.674     7.086     6.205     0.6592      0.8159      0.7918      0.7468
392     B         A           30           PHE           98.09           461    383    284     7.674     7.086     6.205     0.7069      0.8775      0.8602      0.8270
393     B         A           31           HIS           97.96           461    383    283     7.674     7.086     6.195     0.6737      0.8372      0.8154      0.7738
394     B         A           32           PRO           97.15           461    383    283     7.674     7.086     6.195     0.6313      0.7832      0.7567      0.7075
395     B         A           33           SER           97.33           461    383    283     7.674     7.086     6.195     0.6129      0.7597      0.7314      0.6795
396     B         A           34           ASP           96.42           461    383    283     7.674     7.086     6.195     0.6332      0.7854      0.7590      0.7100
397     B         A           35           ILE           97.52           461    383    284     7.674     7.086     6.205     0.6651      0.8241      0.8009      0.7576
398     B         A           36           GLU           97.32           461    383    284     7.674     7.086     6.205     0.6346      0.7853      0.7586      0.7096
399     B         A           37           VAL           97.87           461    383    284     7.674     7.086     6.205     0.6634      0.8216      0.7980      0.7538
400     B         A           38           ASP           97.54           461    383    284     7.674     7.086     6.205     0.6275      0.7762      0.7485      0.6977
401     B         A           39           LEU           97.71           461    383    284     7.674     7.086     6.205     0.6624      0.8198      0.7959      0.7510
402     B         A           40           LEU           97.31           461    383    284     7.674     7.086     6.205     0.6466      0.7998      0.7740      0.7261
403     B         A           41           LYS           97.06           461    383    284     7.674     7.086     6.205     0.6167      0.7617      0.7326      0.6794
404     B         A           42           ASN           96.45           461    383    283     7.674     7.086     6.195     0.5474      0.6750      0.6403      0.5786
405     B         A           43           GLY           95.56           461    383    282     7.674     7.086     6.185     0.4706      0.5780      0.5399      0.4740
406     B         A           44           GLU           96.42           461    383    283     7.674     7.086     6.195     0.4901      0.6018      0.5643      0.4996
407     B         A           45           ARG           96.89           461    383    284     7.674     7.086     6.205     0.5859      0.7230      0.6911      0.6338
408     B         A           46           ILE           96.61           461    383    284     7.674     7.086     6.205     0.5743      0.7078      0.6750      0.6165
409     B         A           47           GLU           94.38           461    383    198     7.674     7.086     5.240     0.3590      0.4808      0.4422      0.3056
410     B         A           48           LYS           92.15           461    383    230     7.674     7.086     5.629     0.3972      0.5203      0.4822      0.3749
411     B         A           49           VAL           96.72           461    383    283     7.674     7.086     6.195     0.5904      0.7302      0.6993      0.6430
412     B         A           50           GLU           96.88           461    383    284     7.674     7.086     6.205     0.6434      0.7956      0.7696      0.7217
413     B         A           51           HIS           97.36           461    383    284     7.674     7.086     6.205     0.6670      0.8264      0.8036      0.7609
414     B         A           52           SER           97.20           461    383    284     7.674     7.086     6.205     0.6710      0.8307      0.8085      0.7668
415     B         A           53           ASP           97.17           461    383    284     7.674     7.086     6.205     0.6900      0.8556      0.8361      0.7993
416     B         A           54           LEU           97.64           461    383    284     7.674     7.086     6.205     0.7032      0.8725      0.8550      0.8216
417     B         A           55           SER           97.73           461    383    284     7.674     7.086     6.205     0.6848      0.8483      0.8280      0.7898
418     B         A           56           PHE           98.07           461    383    283     7.674     7.086     6.195     0.7117      0.8859      0.8698      0.8386
419     B         A           57           SER           97.34           461    383    284     7.674     7.086     6.205     0.6858      0.8497      0.8293      0.7908
420     B         A           58           LYS           96.35           461    383    283     7.674     7.086     6.195     0.6716      0.8332      0.8110      0.7688
421     B         A           59           ASP           97.05           461    383    283     7.674     7.086     6.195     0.6790      0.8433      0.8222      0.7818
422     B         A           60           TRP           97.85           461    383    283     7.674     7.086     6.195     0.7124      0.8871      0.8711      0.8400
423     B         A           61           SER           98.02           461    383    284     7.674     7.086     6.205     0.7020      0.8710      0.8530      0.8187
424     B         A           62           PHE           98.25           461    383    284     7.674     7.086     6.205     0.7275      0.9041      0.8903      0.8636
425     B         A           63           TYR           98.09           461    383    284     7.674     7.086     6.205     0.7215      0.8956      0.8806      0.8517
426     B         A           64           LEU           98.08           461    383    284     7.674     7.086     6.205     0.7104      0.8816      0.8648      0.8325
427     B         A           65           LEU           98.15           461    383    284     7.674     7.086     6.205     0.7161      0.8882      0.8721      0.8409
428     B         A           66           TYR           98.24           461    383    284     7.674     7.086     6.205     0.7180      0.8911      0.8753      0.8448
429     B         A           67           TYR           97.85           461    383    284     7.674     7.086     6.205     0.6880      0.8525      0.8322      0.7935
430     B         A           68           THR           97.55           461    383    284     7.674     7.086     6.205     0.6337      0.7834      0.7563      0.7064
431     B         A           69           GLU           96.89           461    383    284     7.674     7.086     6.205     0.6114      0.7544      0.7249      0.6714
432     B         A           70           PHE           96.32           461    383    284     7.674     7.086     6.205     0.6117      0.7553      0.7260      0.6728
433     B         A           71           THR           95.92           461    383    284     7.674     7.086     6.205     0.5640      0.6942      0.6609      0.6020
434     B         A           72           PRO           95.60           461    383    283     7.674     7.086     6.195     0.5107      0.6274      0.5913      0.5284
435     B         A           73           THR           94.47           461    383    282     7.674     7.086     6.185     0.4712      0.5784      0.5409      0.4762
436     B         A           74           GLU           93.49           461    383    237     7.674     7.086     5.708     0.3898      0.5009      0.4623      0.3612
437     B         A           75           LYS           93.57           461    383    129     7.674     7.086     4.213     0.3054      0.4387      0.4004      0.1926
438     B         A           76           ASP           95.08           461    383    282     7.674     7.086     6.185     0.4942      0.6078      0.5705      0.5052
439     B         A           77           GLU           96.54           461    383    283     7.674     7.086     6.195     0.5520      0.6802      0.6458      0.5845
440     B         A           78           TYR           97.24           461    383    284     7.674     7.086     6.205     0.6522      0.8064      0.7812      0.7343
441     B         A           79           ALA           97.53           461    383    284     7.674     7.086     6.205     0.6398      0.7909      0.7643      0.7152
442     B         A           80           CYS           97.83           461    383    284     7.674     7.086     6.205     0.6692      0.8283      0.8052      0.7619
443     B         A           81           ARG           98.07           461    383    284     7.674     7.086     6.205     0.6639      0.8221      0.7984      0.7541
444     B         A           82           VAL           97.97           461    383    284     7.674     7.086     6.205     0.6713      0.8314      0.8087      0.7661
445     B         A           83           ASN           97.86           461    383    284     7.674     7.086     6.205     0.6341      0.7845      0.7576      0.7081
446     B         A           84           HIS           97.68           461    383    284     7.674     7.086     6.205     0.6648      0.8238      0.8004      0.7567
447     B         A           85           VAL           96.80           461    383    284     7.674     7.086     6.205     0.6481      0.8027      0.7773      0.7302
448     B         A           86           THR           96.90           461    383    283     7.674     7.086     6.195     0.6335      0.7854      0.7583      0.7079
449     B         A           87           LEU           96.53           461    383    283     7.674     7.086     6.195     0.5965      0.7380      0.7073      0.6511
450     B         A           88           SER           95.85           461    383    280     7.674     7.086     6.165     0.4810      0.5948      0.5572      0.4904
451     B         A           89           GLN           96.14           461    383    279     7.674     7.086     6.155     0.4391      0.5406      0.5021      0.4343
452     B         A           90           PRO           96.63           461    383    283     7.674     7.086     6.195     0.5414      0.6674      0.6324      0.5704
453     B         A           91           LYS           97.32           461    383    284     7.674     7.086     6.205     0.6087      0.7515      0.7217      0.6674
454     B         A           92           ILE           97.56           461    383    284     7.674     7.086     6.205     0.6401      0.7916      0.7652      0.7163
455     B         A           93           VAL           97.41           461    383    284     7.674     7.086     6.205     0.6441      0.7963      0.7702      0.7219
456     B         A           94           LYS           97.10           461    383    284     7.674     7.086     6.205     0.5811      0.7160      0.6841      0.6274
457     B         A           95           TRP           96.60           461    383    284     7.674     7.086     6.205     0.6086      0.7509      0.7213      0.6680
458     B         A           96           ASP           94.27           461    383    277     7.674     7.086     6.135     0.4766      0.5897      0.5537      0.4876
459     B         A           97           ARG           89.94           461    383    222     7.674     7.086     5.535     0.4045      0.5360      0.4989      0.3864
460     B         A           98           ASP           86.17           461    383    116     7.674     7.086     3.975     0.3253      0.5397      0.5021      0.2529
461     B         A           99           MET           88.39           461    383     57     7.674     7.086     2.510     0.2452      0.5027      0.4647      0.1057
363     B         C            1           ILE           85.39           108    104      0     3.818     3.736     1.000     0.0416      0.0000      0.0000      0.0000
364     B         C            2           GLN           94.93           108    104      9     3.818     3.736     1.000     0.1905      0.1905      0.1840      0.0160
365     B         C            3           ARG           97.33           108    104      9     3.818     3.736     1.000     0.4923      0.4923      0.4816      0.0631
366     B         C            4           THR           97.41           108    104      9     3.818     3.736     1.000     0.4321      0.4321      0.4216      0.0503
367     B         C            5           PRO           97.85           108    104      9     3.818     3.736     1.000     0.4576      0.4576      0.4469      0.0551
368     B         C            6           LYS           97.52           108    104      9     3.818     3.736     1.000     0.5568      0.5568      0.5461      0.0799
369     B         C            7           ILE           97.61           108    104      9     3.818     3.736     1.000     0.5331      0.5331      0.5224      0.0730
370     B         C            8           GLN           97.46           108    104      9     3.818     3.736     1.000     0.4832      0.4832      0.4724      0.0606
371     B         C            9           VAL           97.61           108    104      9     3.818     3.736     1.000     0.4639      0.4639      0.4531      0.0563
372     B         C           10           TYR           97.47           108    104      9     3.818     3.736     1.000     0.5227      0.5227      0.5120      0.0704
373     B         C           11           SER           96.81           108    104      9     3.818     3.736     1.000     0.3493      0.3493      0.3396      0.0358
374     B         C           12           ARG           96.85           108    104      9     3.818     3.736     1.000     0.3983      0.3983      0.3880      0.0438
375     B         C           13           HIS           95.26           108    104      9     3.818     3.736     1.000     0.3699      0.3699      0.3599      0.0391
376     B         C           14           PRO           94.09           108    104      9     3.818     3.736     1.000     0.2959      0.2959      0.2871      0.0282
377     B         C           15           ALA           93.91           108    104      9     3.818     3.736     1.000     0.2013      0.2013      0.1945      0.0171
378     B         C           16           GLU           94.24           108    104      9     3.818     3.736     1.000     0.1762      0.1762      0.1700      0.0145
379     B         C           17           ASN           94.78           108    104      9     3.818     3.736     1.000     0.1809      0.1809      0.1746      0.0150
380     B         C           18           GLY           94.73           108    104      3     3.818     3.736     1.000     0.1259      0.1453      0.1400      0.0115
381     B         C           19           LYS           95.24           108    104      9     3.818     3.736     1.000     0.2040      0.2040      0.1971      0.0174
382     B         C           20           SER           96.32           108    104      9     3.818     3.736     1.000     0.2837      0.2837      0.2751      0.0266
383     B         C           21           ASN           96.50           108    104      9     3.818     3.736     1.000     0.3467      0.3467      0.3370      0.0354
384     B         C           22           PHE           97.11           108    104      9     3.818     3.736     1.000     0.4226      0.4226      0.4121      0.0482
385     B         C           23           LEU           97.52           108    104      9     3.818     3.736     1.000     0.4628      0.4628      0.4521      0.0561
386     B         C           24           ASN           97.97           108    104      9     3.818     3.736     1.000     0.5075      0.5075      0.4967      0.0663
387     B         C           25           CYS           98.16           108    104      9     3.818     3.736     1.000     0.5777      0.5777      0.5671      0.0861
388     B         C           26           TYR           98.26           108    104      9     3.818     3.736     1.000     0.6362      0.6362      0.6262      0.1077
389     B         C           27           VAL           98.26           108    104      9     3.818     3.736     1.000     0.5844      0.5844      0.5738      0.0883
390     B         C           28           SER           97.86           108    104      9     3.818     3.736     1.000     0.4885      0.4885      0.4778      0.0617
391     B         C           29           GLY           97.53           108    104      9     3.818     3.736     1.000     0.4824      0.4824      0.4717      0.0607
392     B         C           30           PHE           98.09           108    104      9     3.818     3.736     1.000     0.6417      0.6417      0.6317      0.1103
393     B         C           31           HIS           97.96           108    104      9     3.818     3.736     1.000     0.5589      0.5589      0.5483      0.0810
394     B         C           32           PRO           97.15           108    104      9     3.818     3.736     1.000     0.4987      0.4987      0.4880      0.0650
395     B         C           33           SER           97.33           108    104      9     3.818     3.736     1.000     0.4657      0.4657      0.4551      0.0574
396     B         C           34           ASP           96.42           108    104      9     3.818     3.736     1.000     0.5308      0.5308      0.5201      0.0729
397     B         C           35           ILE           97.52           108    104      9     3.818     3.736     1.000     0.5473      0.5473      0.5366      0.0772
398     B         C           36           GLU           97.32           108    104      9     3.818     3.736     1.000     0.4857      0.4857      0.4750      0.0617
399     B         C           37           VAL           97.87           108    104      9     3.818     3.736     1.000     0.5150      0.5150      0.5043      0.0684
400     B         C           38           ASP           97.54           108    104      9     3.818     3.736     1.000     0.4185      0.4185      0.4081      0.0473
401     B         C           39           LEU           97.71           108    104      9     3.818     3.736     1.000     0.4858      0.4858      0.4751      0.0611
402     B         C           40           LEU           97.31           108    104      9     3.818     3.736     1.000     0.4292      0.4292      0.4186      0.0493
403     B         C           41           LYS           97.06           108    104      9     3.818     3.736     1.000     0.3721      0.3721      0.3620      0.0391
404     B         C           42           ASN           96.45           108    104      9     3.818     3.736     1.000     0.2494      0.2494      0.2414      0.0223
405     B         C           43           GLY           95.56           108    104      9     3.818     3.736     1.000     0.1886      0.1886      0.1821      0.0157
406     B         C           44           GLU           96.42           108    104      9     3.818     3.736     1.000     0.2204      0.2204      0.2131      0.0190
407     B         C           45           ARG           96.89           108    104      9     3.818     3.736     1.000     0.3368      0.3368      0.3272      0.0337
408     B         C           46           ILE           96.61           108    104      9     3.818     3.736     1.000     0.3184      0.3184      0.3091      0.0311
409     B         C           47           GLU           94.38           108    104      3     3.818     3.736     1.000     0.1221      0.1418      0.1366      0.0112
410     B         C           48           LYS           92.15           108    104      6     3.818     3.736     1.000     0.1537      0.1691      0.1632      0.0139
411     B         C           49           VAL           96.72           108    104      9     3.818     3.736     1.000     0.3797      0.3797      0.3696      0.0408
412     B         C           50           GLU           96.88           108    104      9     3.818     3.736     1.000     0.4962      0.4962      0.4854      0.0637
413     B         C           51           HIS           97.36           108    104      9     3.818     3.736     1.000     0.5483      0.5483      0.5377      0.0782
414     B         C           52           SER           97.20           108    104      9     3.818     3.736     1.000     0.5850      0.5850      0.5746      0.0894
415     B         C           53           ASP           97.17           108    104      9     3.818     3.736     1.000     0.6471      0.6471      0.6372      0.1129
416     B         C           54           LEU           97.64           108    104      9     3.818     3.736     1.000     0.6964      0.6964      0.6872      0.1372
417     B         C           55           SER           97.73           108    104      9     3.818     3.736     1.000     0.6242      0.6242      0.6140      0.1035
418     B         C           56           PHE           98.07           108    104      9     3.818     3.736     1.000     0.7112      0.7112      0.7023      0.1457
419     B         C           57           SER           97.34           108    104      9     3.818     3.736     1.000     0.5934      0.5934      0.5830      0.0921
420     B         C           58           LYS           96.35           108    104      9     3.818     3.736     1.000     0.5650      0.5650      0.5544      0.0825
421     B         C           59           ASP           97.05           108    104      9     3.818     3.736     1.000     0.5652      0.5652      0.5546      0.0827
422     B         C           60           TRP           97.85           108    104      9     3.818     3.736     1.000     0.7038      0.7038      0.6947      0.1412
423     B         C           61           SER           98.02           108    104      9     3.818     3.736     1.000     0.6436      0.6436      0.6336      0.1113
424     B         C           62           PHE           98.25           108    104      9     3.818     3.736     1.000     0.7300      0.7300      0.7214      0.1581
425     B         C           63           TYR           98.09           108    104      9     3.818     3.736     1.000     0.6871      0.6871      0.6777      0.1317
426     B         C           64           LEU           98.08           108    104      9     3.818     3.736     1.000     0.6505      0.6505      0.6406      0.1139
427     B         C           65           LEU           98.15           108    104      9     3.818     3.736     1.000     0.6452      0.6452      0.6353      0.1118
428     B         C           66           TYR           98.24           108    104      9     3.818     3.736     1.000     0.6451      0.6451      0.6352      0.1116
429     B         C           67           TYR           97.85           108    104      9     3.818     3.736     1.000     0.5426      0.5426      0.5318      0.0758
430     B         C           68           THR           97.55           108    104      9     3.818     3.736     1.000     0.4115      0.4115      0.4011      0.0460
431     B         C           69           GLU           96.89           108    104      9     3.818     3.736     1.000     0.3672      0.3672      0.3573      0.0386
432     B         C           70           PHE           96.32           108    104      9     3.818     3.736     1.000     0.3556      0.3556      0.3458      0.0368
433     B         C           71           THR           95.92           108    104      9     3.818     3.736     1.000     0.2799      0.2799      0.2713      0.0261
434     B         C           72           PRO           95.60           108    104      9     3.818     3.736     1.000     0.2200      0.2200      0.2127      0.0191
435     B         C           73           THR           94.47           108    104      9     3.818     3.736     1.000     0.1791      0.1791      0.1729      0.0148
436     B         C           74           GLU           93.49           108    104      2     3.818     3.736     1.000     0.1170      0.1366      0.1316      0.0107
437     B         C           75           LYS           93.57           108    104      0     3.818     3.736     1.000     0.0832      0.0000      0.0000      0.0000
438     B         C           76           ASP           95.08           108    104      9     3.818     3.736     1.000     0.1989      0.1989      0.1921      0.0168
439     B         C           77           GLU           96.54           108    104      9     3.818     3.736     1.000     0.2434      0.2434      0.2356      0.0216
440     B         C           78           TYR           97.24           108    104      9     3.818     3.736     1.000     0.4123      0.4123      0.4018      0.0461
441     B         C           79           ALA           97.53           108    104      9     3.818     3.736     1.000     0.3862      0.3862      0.3761      0.0415
442     B         C           80           CYS           97.83           108    104      9     3.818     3.736     1.000     0.4785      0.4785      0.4677      0.0593
443     B         C           81           ARG           98.07           108    104      9     3.818     3.736     1.000     0.4790      0.4790      0.4683      0.0597
444     B         C           82           VAL           97.97           108    104      9     3.818     3.736     1.000     0.5164      0.5164      0.5056      0.0686
445     B         C           83           ASN           97.86           108    104      9     3.818     3.736     1.000     0.4534      0.4534      0.4428      0.0545
446     B         C           84           HIS           97.68           108    104      9     3.818     3.736     1.000     0.5240      0.5240      0.5133      0.0707
447     B         C           85           VAL           96.80           108    104      9     3.818     3.736     1.000     0.4887      0.4887      0.4780      0.0618
448     B         C           86           THR           96.90           108    104      9     3.818     3.736     1.000     0.4592      0.4592      0.4485      0.0555
449     B         C           87           LEU           96.53           108    104      9     3.818     3.736     1.000     0.3870      0.3870      0.3768      0.0420
450     B         C           88           SER           95.85           108    104      9     3.818     3.736     1.000     0.2103      0.2103      0.2032      0.0181
451     B         C           89           GLN           96.14           108    104      9     3.818     3.736     1.000     0.1722      0.1722      0.1661      0.0141
452     B         C           90           PRO           96.63           108    104      9     3.818     3.736     1.000     0.2611      0.2611      0.2529      0.0238
453     B         C           91           LYS           97.32           108    104      9     3.818     3.736     1.000     0.3577      0.3577      0.3479      0.0370
454     B         C           92           ILE           97.56           108    104      9     3.818     3.736     1.000     0.3862      0.3862      0.3760      0.0415
455     B         C           93           VAL           97.41           108    104      9     3.818     3.736     1.000     0.4017      0.4017      0.3914      0.0442
456     B         C           94           LYS           97.10           108    104      9     3.818     3.736     1.000     0.2598      0.2598      0.2516      0.0236
457     B         C           95           TRP           96.60           108    104      9     3.818     3.736     1.000     0.3096      0.3096      0.3004      0.0299
458     B         C           96           ASP           94.27           108    104      9     3.818     3.736     1.000     0.1577      0.1577      0.1520      0.0127
459     B         C           97           ARG           89.94           108    104      1     3.818     3.736     1.000     0.1176      0.1366      0.1315      0.0107
460     B         C           98           ASP           86.17           108    104      0     3.818     3.736     1.000     0.0735      0.0000      0.0000      0.0000
461     B         C           99           MET           88.39           108    104      0     3.818     3.736     1.000     0.0532      0.0000      0.0000      0.0000
363     B         D            1           ILE           85.39           375    232      0     7.021     5.651     1.000     0.0673      0.0000      0.0000      0.0000
364     B         D            2           GLN           94.93           375    232      0     7.021     5.651     1.000     0.1415      0.0000      0.0000      0.0000
365     B         D            3           ARG           97.33           375    232     98     7.021     5.651     3.609     0.2696      0.3997      0.3022      0.1509
366     B         D            4           THR           97.41           375    232     80     7.021     5.651     3.186     0.2590      0.3868      0.2908      0.1159
367     B         D            5           PRO           97.85           375    232     90     7.021     5.651     3.429     0.2686      0.4036      0.3056      0.1402
368     B         D            6           LYS           97.52           375    232    111     7.021     5.651     3.878     0.2976      0.4295      0.3291      0.1889
369     B         D            7           ILE           97.61           375    232    115     7.021     5.651     3.956     0.3008      0.4239      0.3239      0.1911
370     B         D            8           GLN           97.46           375    232    101     7.021     5.651     3.673     0.2810      0.4124      0.3135      0.1626
371     B         D            9           VAL           97.61           375    232    105     7.021     5.651     3.757     0.2869      0.4065      0.3081      0.1651
372     B         D           10           TYR           97.47           375    232    106     7.021     5.651     3.777     0.2925      0.4234      0.3234      0.1770
373     B         D           11           SER           96.81           375    232     72     7.021     5.651     2.972     0.2487      0.3803      0.2849      0.0996
374     B         D           12           ARG           96.85           375    232     78     7.021     5.651     3.134     0.2553      0.3844      0.2885      0.1113
375     B         D           13           HIS           95.26           375    232     44     7.021     5.651     2.010     0.2315      0.3750      0.2803      0.0472
376     B         D           14           PRO           94.09           375    232     19     7.021     5.651     1.000     0.2058      0.3651      0.2717      0.0116
377     B         D           15           ALA           93.91           375    232      0     7.021     5.651     1.000     0.1631      0.0000      0.0000      0.0000
378     B         D           16           GLU           94.24           375    232      0     7.021     5.651     1.000     0.1538      0.0000      0.0000      0.0000
379     B         D           17           ASN           94.78           375    232      0     7.021     5.651     1.000     0.1673      0.0000      0.0000      0.0000
380     B         D           18           GLY           94.73           375    232      0     7.021     5.651     1.000     0.1413      0.0000      0.0000      0.0000
381     B         D           19           LYS           95.24           375    232      0     7.021     5.651     1.000     0.1619      0.0000      0.0000      0.0000
382     B         D           20           SER           96.32           375    232     12     7.021     5.651     1.000     0.1961      0.3656      0.2720      0.0116
383     B         D           21           ASN           96.50           375    232     45     7.021     5.651     2.053     0.2283      0.3757      0.2809      0.0492
384     B         D           22           PHE           97.11           375    232     91     7.021     5.651     3.452     0.2673      0.3987      0.3012      0.1393
385     B         D           23           LEU           97.52           375    232    105     7.021     5.651     3.757     0.2900      0.4152      0.3159      0.1703
386     B         D           24           ASN           97.97           375    232    116     7.021     5.651     3.975     0.2994      0.4222      0.3224      0.1915
387     B         D           25           CYS           98.16           375    232    117     7.021     5.651     3.994     0.3069      0.4315      0.3309      0.1992
388     B         D           26           TYR           98.26           375    232    151     7.021     5.651     4.577     0.3440      0.4535      0.3516      0.2638
389     B         D           27           VAL           98.26           375    232    128     7.021     5.651     4.195     0.3166      0.4358      0.3350      0.2185
390     B         D           28           SER           97.86           375    232     98     7.021     5.651     3.609     0.2742      0.4117      0.3130      0.1576
391     B         D           29           GLY           97.53           375    232     87     7.021     5.651     3.359     0.2647      0.4021      0.3044      0.1348
392     B         D           30           PHE           98.09           375    232    131     7.021     5.651     4.247     0.3241      0.4467      0.3453      0.2312
393     B         D           31           HIS           97.96           375    232    113     7.021     5.651     3.917     0.3009      0.4267      0.3265      0.1900
394     B         D           32           PRO           97.15           375    232     99     7.021     5.651     3.631     0.2780      0.4085      0.3100      0.1574
395     B         D           33           SER           97.33           375    232     79     7.021     5.651     3.160     0.2562      0.3973      0.3001      0.1190
396     B         D           34           ASP           96.42           375    232     95     7.021     5.651     3.543     0.2702      0.4073      0.3092      0.1508
397     B         D           35           ILE           97.52           375    232    109     7.021     5.651     3.838     0.2957      0.4282      0.3278      0.1847
398     B         D           36           GLU           97.32           375    232     91     7.021     5.651     3.452     0.2653      0.3942      0.2974      0.1373
399     B         D           37           VAL           97.87           375    232    109     7.021     5.651     3.838     0.2954      0.4233      0.3233      0.1815
400     B         D           38           ASP           97.54           375    232     73     7.021     5.651     3.000     0.2557      0.3937      0.2969      0.1071
401     B         D           39           LEU           97.71           375    232    105     7.021     5.651     3.757     0.2855      0.4134      0.3144      0.1695
402     B         D           40           LEU           97.31           375    232     92     7.021     5.651     3.475     0.2703      0.3947      0.2977      0.1388
403     B         D           41           LYS           97.06           375    232     72     7.021     5.651     2.972     0.2507      0.3776      0.2826      0.0986
404     B         D           42           ASN           96.45           375    232     16     7.021     5.651     1.000     0.2123      0.3580      0.2655      0.0112
405     B         D           43           GLY           95.56           375    232      0     7.021     5.651     1.000     0.1705      0.0000      0.0000      0.0000
406     B         D           44           GLU           96.42           375    232      9     7.021     5.651     1.000     0.1906      0.3472      0.2563      0.0107
407     B         D           45           ARG           96.89           375    232     47     7.021     5.651     2.137     0.2362      0.3750      0.2803      0.0530
408     B         D           46           ILE           96.61           375    232     28     7.021     5.651     1.116     0.2181      0.3796      0.2843      0.0153
409     B         D           47           GLU           94.38           375    232      0     7.021     5.651     1.000     0.1251      0.0000      0.0000      0.0000
410     B         D           48           LYS           92.15           375    232      0     7.021     5.651     1.000     0.1231      0.0000      0.0000      0.0000
411     B         D           49           VAL           96.72           375    232     28     7.021     5.651     1.116     0.2119      0.3897      0.2933      0.0161
412     B         D           50           GLU           96.88           375    232     85     7.021     5.651     3.310     0.2589      0.4015      0.3040      0.1314
413     B         D           51           HIS           97.36           375    232    103     7.021     5.651     3.715     0.2826      0.4223      0.3228      0.1723
414     B         D           52           SER           97.20           375    232    104     7.021     5.651     3.736     0.2846      0.4284      0.3284      0.1778
415     B         D           53           ASP           97.17           375    232    116     7.021     5.651     3.975     0.3005      0.4350      0.3343      0.2005
416     B         D           54           LEU           97.64           375    232    126     7.021     5.651     4.159     0.3211      0.4519      0.3502      0.2278
417     B         D           55           SER           97.73           375    232    104     7.021     5.651     3.736     0.2805      0.4198      0.3207      0.1726
418     B         D           56           PHE           98.07           375    232    120     7.021     5.651     4.050     0.3152      0.4539      0.3522      0.2204
419     B         D           57           SER           97.34           375    232    102     7.021     5.651     3.694     0.2827      0.4307      0.3305      0.1759
420     B         D           58           LYS           96.35           375    232     91     7.021     5.651     3.452     0.2617      0.4071      0.3090      0.1441
421     B         D           59           ASP           97.05           375    232     98     7.021     5.651     3.609     0.2759      0.4197      0.3201      0.1622
422     B         D           60           TRP           97.85           375    232    125     7.021     5.651     4.141     0.3193      0.4552      0.3532      0.2286
423     B         D           61           SER           98.02           375    232    118     7.021     5.651     4.013     0.3105      0.4505      0.3486      0.2142
424     B         D           62           PHE           98.25           375    232    144     7.021     5.651     4.465     0.3426      0.4594      0.3572      0.2593
425     B         D           63           TYR           98.09           375    232    134     7.021     5.651     4.299     0.3301      0.4581      0.3561      0.2445
426     B         D           64           LEU           98.08           375    232    132     7.021     5.651     4.265     0.3262      0.4493      0.3477      0.2345
427     B         D           65           LEU           98.15           375    232    139     7.021     5.651     4.383     0.3349      0.4587      0.3565      0.2516
428     B         D           66           TYR           98.24           375    232    151     7.021     5.651     4.577     0.3468      0.4551      0.3533      0.2654
429     B         D           67           TYR           97.85           375    232    112     7.021     5.651     3.897     0.2976      0.4300      0.3295      0.1906
430     B         D           68           THR           97.55           375    232     64     7.021     5.651     2.738     0.2438      0.3857      0.2899      0.0880
431     B         D           69           GLU           96.89           375    232     46     7.021     5.651     2.095     0.2324      0.3831      0.2875      0.0529
432     B         D           70           PHE           96.32           375    232     41     7.021     5.651     1.873     0.2238      0.3783      0.2832      0.0418
433     B         D           71           THR           95.92           375    232     20     7.021     5.651     1.000     0.2056      0.3611      0.2682      0.0114
434     B         D           72           PRO           95.60           375    232      2     7.021     5.651     1.000     0.1762      0.3392      0.2496      0.0103
435     B         D           73           THR           94.47           375    232      0     7.021     5.651     1.000     0.1650      0.0000      0.0000      0.0000
436     B         D           74           GLU           93.49           375    232      0     7.021     5.651     1.000     0.1329      0.0000      0.0000      0.0000
437     B         D           75           LYS           93.57           375    232      0     7.021     5.651     1.000     0.1126      0.0000      0.0000      0.0000
438     B         D           76           ASP           95.08           375    232      0     7.021     5.651     1.000     0.1725      0.0000      0.0000      0.0000
439     B         D           77           GLU           96.54           375    232     12     7.021     5.651     1.000     0.2002      0.3524      0.2608      0.0109
440     B         D           78           TYR           97.24           375    232    101     7.021     5.651     3.673     0.2741      0.3949      0.2978      0.1525
441     B         D           79           ALA           97.53           375    232     87     7.021     5.651     3.359     0.2644      0.3846      0.2888      0.1259
442     B         D           80           CYS           97.83           375    232    104     7.021     5.651     3.736     0.2856      0.4150      0.3159      0.1689
443     B         D           81           ARG           98.07           375    232    113     7.021     5.651     3.917     0.2995      0.4182      0.3186      0.1843
444     B         D           82           VAL           97.97           375    232    116     7.021     5.651     3.975     0.3044      0.4285      0.3282      0.1957
445     B         D           83           ASN           97.86           375    232     93     7.021     5.651     3.498     0.2737      0.3996      0.3021      0.1431
446     B         D           84           HIS           97.68           375    232    117     7.021     5.651     3.994     0.3061      0.4342      0.3333      0.2009
447     B         D           85           VAL           96.80           375    232    105     7.021     5.651     3.757     0.2857      0.4122      0.3133      0.1687
448     B         D           86           THR           96.90           375    232     94     7.021     5.651     3.521     0.2738      0.3998      0.3023      0.1447
449     B         D           87           LEU           96.53           375    232     62     7.021     5.651     2.675     0.2420      0.3793      0.2841      0.0821
450     B         D           88           SER           95.85           375    232      1     7.021     5.651     1.000     0.1688      0.3346      0.2458      0.0101
451     B         D           89           GLN           96.14           375    232      0     7.021     5.651     1.000     0.1612      0.0000      0.0000      0.0000
452     B         D           90           PRO           96.63           375    232     10     7.021     5.651     1.000     0.1967      0.3596      0.2669      0.0113
453     B         D           91           LYS           97.32           375    232     57     7.021     5.651     2.510     0.2416      0.3781      0.2831      0.0727
454     B         D           92           ILE           97.56           375    232     92     7.021     5.651     3.475     0.2698      0.3860      0.2900      0.1343
455     B         D           93           VAL           97.41           375    232     88     7.021     5.651     3.382     0.2635      0.3868      0.2906      0.1284
456     B         D           94           LYS           97.10           375    232     29     7.021     5.651     1.189     0.2197      0.3636      0.2704      0.0162
457     B         D           95           TRP           96.60           375    232     40     7.021     5.651     1.826     0.2285      0.3648      0.2713      0.0375
458     B         D           96           ASP           94.27           375    232      0     7.021     5.651     1.000     0.1493      0.0000      0.0000      0.0000
459     B         D           97           ARG           89.94           375    232      0     7.021     5.651     1.000     0.1218      0.0000      0.0000      0.0000
460     B         D           98           ASP           86.17           375    232      0     7.021     5.651     1.000     0.1003      0.0000      0.0000      0.0000
461     B         D           99           MET           88.39           375    232      0     7.021     5.651     1.000     0.0792      0.0000      0.0000      0.0000
363     B         E            1           ILE           85.39           411    282      0     7.306     6.185     1.000     0.0747      0.0000      0.0000      0.0000
364     B         E            2           GLN           94.93           411    282      0     7.306     6.185     1.000     0.1585      0.0000      0.0000      0.0000
365     B         E            3           ARG           97.33           411    282     96     7.306     6.185     3.565     0.2897      0.4255      0.3476      0.1517
366     B         E            4           THR           97.41           411    282     89     7.306     6.185     3.406     0.2801      0.4124      0.3353      0.1335
367     B         E            5           PRO           97.85           411    282     97     7.306     6.185     3.587     0.2891      0.4274      0.3493      0.1540
368     B         E            6           LYS           97.52           411    282    122     7.306     6.185     4.087     0.3159      0.4419      0.3631      0.2009
369     B         E            7           ILE           97.61           411    282    138     7.306     6.185     4.367     0.3245      0.4373      0.3586      0.2192
370     B         E            8           GLN           97.46           411    282    107     7.306     6.185     3.798     0.3001      0.4330      0.3543      0.1724
371     B         E            9           VAL           97.61           411    282    123     7.306     6.185     4.105     0.3100      0.4257      0.3475      0.1909
372     B         E           10           TYR           97.47           411    282    127     7.306     6.185     4.177     0.3119      0.4315      0.3531      0.2005
373     B         E           11           SER           96.81           411    282     87     7.306     6.185     3.359     0.2686      0.3965      0.3204      0.1224
374     B         E           12           ARG           96.85           411    282     88     7.306     6.185     3.382     0.2724      0.3965      0.3204      0.1240
375     B         E           13           HIS           95.26           411    282     50     7.306     6.185     2.256     0.2476      0.3813      0.3065      0.0557
376     B         E           14           PRO           94.09           411    282     15     7.306     6.185     1.000     0.2191      0.3731      0.2990      0.0110
377     B         E           15           ALA           93.91           411    282      0     7.306     6.185     1.000     0.1715      0.0000      0.0000      0.0000
378     B         E           16           GLU           94.24           411    282      0     7.306     6.185     1.000     0.1612      0.0000      0.0000      0.0000
379     B         E           17           ASN           94.78           411    282      0     7.306     6.185     1.000     0.1750      0.0000      0.0000      0.0000
380     B         E           18           GLY           94.73           411    282      0     7.306     6.185     1.000     0.1493      0.0000      0.0000      0.0000
381     B         E           19           LYS           95.24           411    282      0     7.306     6.185     1.000     0.1708      0.0000      0.0000      0.0000
382     B         E           20           SER           96.32           411    282     13     7.306     6.185     1.000     0.2118      0.3656      0.2923      0.0107
383     B         E           21           ASN           96.50           411    282     49     7.306     6.185     2.217     0.2422      0.3865      0.3112      0.0550
384     B         E           22           PHE           97.11           411    282     99     7.306     6.185     3.631     0.2860      0.4143      0.3368      0.1496
385     B         E           23           LEU           97.52           411    282    127     7.306     6.185     4.177     0.3132      0.4315      0.3529      0.2000
386     B         E           24           ASN           97.97           411    282    135     7.306     6.185     4.316     0.3181      0.4314      0.3530      0.2109
387     B         E           25           CYS           98.16           411    282    154     7.306     6.185     4.623     0.3317      0.4370      0.3583      0.2390
388     B         E           26           TYR           98.26           411    282    199     7.306     6.185     5.253     0.3615      0.4497      0.3706      0.2991
389     B         E           27           VAL           98.26           411    282    166     7.306     6.185     4.803     0.3379      0.4363      0.3579      0.2529
390     B         E           28           SER           97.86           411    282     96     7.306     6.185     3.565     0.2893      0.4264      0.3484      0.1521
391     B         E           29           GLY           97.53           411    282     85     7.306     6.185     3.310     0.2814      0.4290      0.3510      0.1357
392     B         E           30           PHE           98.09           411    282    170     7.306     6.185     4.861     0.3439      0.4430      0.3646      0.2634
393     B         E           31           HIS           97.96           411    282    126     7.306     6.185     4.159     0.3225      0.4397      0.3612      0.2054
394     B         E           32           PRO           97.15           411    282     97     7.306     6.185     3.587     0.3004      0.4386      0.3597      0.1602
395     B         E           33           SER           97.33           411    282     84     7.306     6.185     3.286     0.2774      0.4234      0.3456      0.1309
396     B         E           34           ASP           96.42           411    282     98     7.306     6.185     3.609     0.2950      0.4353      0.3568      0.1603
397     B         E           35           ILE           97.52           411    282    120     7.306     6.185     4.050     0.3139      0.4388      0.3601      0.1958
398     B         E           36           GLU           97.32           411    282     99     7.306     6.185     3.631     0.2896      0.4250      0.3470      0.1558
399     B         E           37           VAL           97.87           411    282    126     7.306     6.185     4.159     0.3150      0.4344      0.3559      0.2012
400     B         E           38           ASP           97.54           411    282     97     7.306     6.185     3.587     0.2827      0.4173      0.3397      0.1484
401     B         E           39           LEU           97.71           411    282    115     7.306     6.185     3.956     0.3056      0.4326      0.3541      0.1842
402     B         E           40           LEU           97.31           411    282    106     7.306     6.185     3.777     0.2941      0.4210      0.3430      0.1636
403     B         E           41           LYS           97.06           411    282     85     7.306     6.185     3.310     0.2670      0.3930      0.3172      0.1179
404     B         E           42           ASN           96.45           411    282     31     7.306     6.185     1.325     0.2303      0.3697      0.2960      0.0189
405     B         E           43           GLY           95.56           411    282      1     7.306     6.185     1.000     0.1890      0.3526      0.2807      0.0101
406     B         E           44           GLU           96.42           411    282     12     7.306     6.185     1.000     0.2105      0.3609      0.2882      0.0105
407     B         E           45           ARG           96.89           411    282     63     7.306     6.185     2.706     0.2556      0.3914      0.3157      0.0814
408     B         E           46           ILE           96.61           411    282     35     7.306     6.185     1.566     0.2347      0.3873      0.3119      0.0283
409     B         E           47           GLU           94.38           411    282      0     7.306     6.185     1.000     0.1385      0.0000      0.0000      0.0000
410     B         E           48           LYS           92.15           411    282      0     7.306     6.185     1.000     0.1331      0.0000      0.0000      0.0000
411     B         E           49           VAL           96.72           411    282     27     7.306     6.185     1.039     0.2211      0.3879      0.3127      0.0128
412     B         E           50           GLU           96.88           411    282     87     7.306     6.185     3.359     0.2713      0.4100      0.3330      0.1293
413     B         E           51           HIS           97.36           411    282    103     7.306     6.185     3.715     0.2945      0.4268      0.3488      0.1634
414     B         E           52           SER           97.20           411    282     99     7.306     6.185     3.631     0.2937      0.4347      0.3563      0.1618
415     B         E           53           ASP           97.17           411    282    122     7.306     6.185     4.087     0.3110      0.4290      0.3510      0.1926
416     B         E           54           LEU           97.64           411    282    160     7.306     6.185     4.714     0.3350      0.4365      0.3584      0.2468
417     B         E           55           SER           97.73           411    282    100     7.306     6.185     3.652     0.2969      0.4371      0.3586      0.1649
418     B         E           56           PHE           98.07           411    282    147     7.306     6.185     4.514     0.3315      0.4426      0.3642      0.2359
419     B         E           57           SER           97.34           411    282     98     7.306     6.185     3.609     0.2959      0.4412      0.3626      0.1644
420     B         E           58           LYS           96.35           411    282     80     7.306     6.185     3.186     0.2713      0.4208      0.3434      0.1234
421     B         E           59           ASP           97.05           411    282     94     7.306     6.185     3.521     0.2867      0.4277      0.3498      0.1500
422     B         E           60           TRP           97.85           411    282    151     7.306     6.185     4.577     0.3334      0.4441      0.3656      0.2419
423     B         E           61           SER           98.02           411    282    134     7.306     6.185     4.299     0.3238      0.4438      0.3652      0.2197
424     B         E           62           PHE           98.25           411    282    196     7.306     6.185     5.214     0.3571      0.4426      0.3639      0.2902
425     B         E           63           TYR           98.09           411    282    175     7.306     6.185     4.932     0.3451      0.4437      0.3653      0.2696
426     B         E           64           LEU           98.08           411    282    175     7.306     6.185     4.932     0.3412      0.4355      0.3572      0.2623
427     B         E           65           LEU           98.15           411    282    181     7.306     6.185     5.015     0.3501      0.4480      0.3690      0.2790
428     B         E           66           TYR           98.24           411    282    201     7.306     6.185     5.278     0.3653      0.4510      0.3718      0.3023
429     B         E           67           TYR           97.85           411    282    127     7.306     6.185     4.177     0.3121      0.4300      0.3518      0.1997
430     B         E           68           THR           97.55           411    282     81     7.306     6.185     3.211     0.2646      0.3987      0.3225      0.1142
431     B         E           69           GLU           96.89           411    282     53     7.306     6.185     2.369     0.2477      0.3935      0.3176      0.0642
432     B         E           70           PHE           96.32           411    282     41     7.306     6.185     1.873     0.2368      0.3889      0.3133      0.0403
433     B         E           71           THR           95.92           411    282     21     7.306     6.185     1.000     0.2214      0.3630      0.2900      0.0106
434     B         E           72           PRO           95.60           411    282      0     7.306     6.185     1.000     0.1864      0.0000      0.0000      0.0000
435     B         E           73           THR           94.47           411    282      0     7.306     6.185     1.000     0.1749      0.0000      0.0000      0.0000
436     B         E           74           GLU           93.49           411    282      0     7.306     6.185     1.000     0.1376      0.0000      0.0000      0.0000
437     B         E           75           LYS           93.57           411    282      0     7.306     6.185     1.000     0.1210      0.0000      0.0000      0.0000
438     B         E           76           ASP           95.08           411    282      0     7.306     6.185     1.000     0.1825      0.0000      0.0000      0.0000
439     B         E           77           GLU           96.54           411    282     23     7.306     6.185     1.000     0.2187      0.3668      0.2934      0.0107
440     B         E           78           TYR           97.24           411    282    103     7.306     6.185     3.715     0.2915      0.4184      0.3406      0.1577
441     B         E           79           ALA           97.53           411    282     97     7.306     6.185     3.587     0.2868      0.4130      0.3356      0.1457
442     B         E           80           CYS           97.83           411    282    124     7.306     6.185     4.123     0.3124      0.4367      0.3579      0.1996
443     B         E           81           ARG           98.07           411    282    145     7.306     6.185     4.482     0.3274      0.4358      0.3571      0.2269
444     B         E           82           VAL           97.97           411    282    135     7.306     6.185     4.316     0.3263      0.4428      0.3639      0.2192
445     B         E           83           ASN           97.86           411    282    108     7.306     6.185     3.818     0.3024      0.4313      0.3528      0.1730
446     B         E           84           HIS           97.68           411    282    137     7.306     6.185     4.350     0.3261      0.4429      0.3640      0.2220
447     B         E           85           VAL           96.80           411    282    117     7.306     6.185     3.994     0.3106      0.4324      0.3540      0.1871
448     B         E           86           THR           96.90           411    282     99     7.306     6.185     3.631     0.2960      0.4243      0.3462      0.1553
449     B         E           87           LEU           96.53           411    282     71     7.306     6.185     2.944     0.2579      0.4047      0.3280      0.1001
450     B         E           88           SER           95.85           411    282      2     7.306     6.185     1.000     0.1821      0.3668      0.2933      0.0107
451     B         E           89           GLN           96.14           411    282      0     7.306     6.185     1.000     0.1774      0.0000      0.0000      0.0000
452     B         E           90           PRO           96.63           411    282     19     7.306     6.185     1.000     0.2149      0.3696      0.2960      0.0109
453     B         E           91           LYS           97.32           411    282     76     7.306     6.185     3.081     0.2611      0.3946      0.3187      0.1044
454     B         E           92           ILE           97.56           411    282    109     7.306     6.185     3.838     0.2982      0.4177      0.3399      0.1660
455     B         E           93           VAL           97.41           411    282     94     7.306     6.185     3.521     0.2839      0.4104      0.3332      0.1399
456     B         E           94           LYS           97.10           411    282     49     7.306     6.185     2.217     0.2423      0.3807      0.3060      0.0537
457     B         E           95           TRP           96.60           411    282     58     7.306     6.185     2.544     0.2471      0.3798      0.3051      0.0693
458     B         E           96           ASP           94.27           411    282      0     7.306     6.185     1.000     0.1655      0.0000      0.0000      0.0000
459     B         E           97           ARG           89.94           411    282      0     7.306     6.185     1.000     0.1299      0.0000      0.0000      0.0000
460     B         E           98           ASP           86.17           411    282      0     7.306     6.185     1.000     0.1039      0.0000      0.0000      0.0000
461     B         E           99           MET           88.39           411    282      0     7.306     6.185     1.000     0.0829      0.0000      0.0000      0.0000
462     C         A            1           LEU           92.60           371    292    235     6.988     6.283     5.686     0.4396      0.5990      0.5517      0.5066
463     C         A            2           PRO           93.54           371    292    282     6.988     6.283     6.185     0.5972      0.7455      0.7078      0.7020
464     C         A            3           ASN           93.35           371    292    283     6.988     6.283     6.195     0.6138      0.7649      0.7288      0.7238
465     C         A            4           ILE           89.49           371    292    282     6.988     6.283     6.185     0.5927      0.7397      0.7019      0.6960
466     C         A            5           PRO           87.48           371    292    261     6.988     6.283     5.970     0.5146      0.6682      0.6253      0.6039
467     C         A            6           VAL           88.03           371    292    245     6.988     6.283     5.797     0.4713      0.6310      0.5853      0.5498
468     C         A            7           GLN           87.97           371    292    272     6.988     6.283     6.084     0.5231      0.6649      0.6228      0.6097
469     C         A            8           THR           90.33           371    292    282     6.988     6.283     6.185     0.5744      0.7175      0.6791      0.6732
470     C         A            9           ILE           91.49           371    292    236     6.988     6.283     5.697     0.4517      0.6163      0.5719      0.5302
462     C         B            1           LEU           92.60           108    108     85     3.818     3.818     3.310     0.1786      0.1888      0.1888      0.1496
463     C         B            2           PRO           93.54           108    108     99     3.818     3.818     3.631     0.3674      0.3674      0.3674      0.3451
464     C         B            3           ASN           93.35           108    108     99     3.818     3.818     3.631     0.3865      0.3865      0.3865      0.3637
465     C         B            4           ILE           89.49           108    108     99     3.818     3.818     3.631     0.3397      0.3397      0.3397      0.3183
466     C         B            5           PRO           87.48           108    108     99     3.818     3.818     3.631     0.2317      0.2317      0.2317      0.2147
467     C         B            6           VAL           88.03           108    108     79     3.818     3.818     3.160     0.1803      0.1960      0.1960      0.1440
468     C         B            7           GLN           87.97           108    108     97     3.818     3.818     3.587     0.2478      0.2503      0.2503      0.2286
469     C         B            8           THR           90.33           108    108     99     3.818     3.818     3.631     0.3504      0.3504      0.3504      0.3289
470     C         B            9           ILE           91.49           108    108     88     3.818     3.818     3.382     0.2156      0.2274      0.2274      0.1889
462     C         D            1           LEU           92.60           285    155     67     6.214     4.639     2.828     0.2026      0.3688      0.2483      0.1111
463     C         D            2           PRO           93.54           285    155    122     6.214     4.639     4.087     0.2793      0.4200      0.2920      0.2442
464     C         D            3           ASN           93.35           285    155    146     6.214     4.639     4.498     0.3064      0.4291      0.3008      0.2885
465     C         D            4           ILE           89.49           285    155    128     6.214     4.639     4.195     0.2931      0.4336      0.3047      0.2656
466     C         D            5           PRO           87.48           285    155    108     6.214     4.639     3.818     0.2641      0.4159      0.2890      0.2185
467     C         D            6           VAL           88.03           285    155     74     6.214     4.639     3.027     0.2138      0.3792      0.2582      0.1321
468     C         D            7           GLN           87.97           285    155    100     6.214     4.639     3.652     0.2471      0.4024      0.2765      0.1936
469     C         D            8           THR           90.33           285    155    113     6.214     4.639     3.917     0.2652      0.4063      0.2793      0.2180
470     C         D            9           ILE           91.49           285    155     80     6.214     4.639     3.186     0.2141      0.3591      0.2398      0.1306
462     C         E            1           LEU           92.60           321    193     43     6.556     5.175     1.965     0.2018      0.3643      0.2643      0.0499
463     C         E            2           PRO           93.54           321    193    122     6.556     5.175     4.087     0.2772      0.3953      0.2919      0.2064
464     C         E            3           ASN           93.35           321    193    184     6.556     5.175     5.056     0.3126      0.4037      0.3000      0.2905
465     C         E            4           ILE           89.49           321    193    154     6.556     5.175     4.623     0.3030      0.4111      0.3069      0.2627
466     C         E            5           PRO           87.48           321    193    108     6.556     5.175     3.818     0.2743      0.4140      0.3102      0.2008
467     C         E            6           VAL           88.03           321    193     64     6.556     5.175     2.738     0.2287      0.4194      0.3158      0.1205
468     C         E            7           GLN           87.97           321    193     85     6.556     5.175     3.310     0.2599      0.4311      0.3262      0.1715
469     C         E            8           THR           90.33           321    193    116     6.556     5.175     3.975     0.2840      0.4244      0.3192      0.2202
470     C         E            9           ILE           91.49           321    193     73     6.556     5.175     3.000     0.2315      0.3965      0.2934      0.1253
471     D         A            1           MET           21.17           638    385      0     8.791     7.102     1.000     0.0719      0.0000      0.0000      0.0000
472     D         A            2           ALA           24.09           638    385      0     8.791     7.102     1.000     0.0720      0.0000      0.0000      0.0000
473     D         A            3           CYS           23.30           638    385      0     8.791     7.102     1.000     0.0722      0.0000      0.0000      0.0000
474     D         A            4           PRO           29.47           638    385      0     8.791     7.102     1.000     0.0726      0.0000      0.0000      0.0000
475     D         A            5           GLY           30.32           638    385      0     8.791     7.102     1.000     0.0725      0.0000      0.0000      0.0000
476     D         A            6           PHE           21.92           638    385      0     8.791     7.102     1.000     0.0730      0.0000      0.0000      0.0000
477     D         A            7           LEU           26.13           638    385      0     8.791     7.102     1.000     0.0735      0.0000      0.0000      0.0000
478     D         A            8           TRP           28.93           638    385      0     8.791     7.102     1.000     0.0740      0.0000      0.0000      0.0000
479     D         A            9           ALA           33.18           638    385      0     8.791     7.102     1.000     0.0742      0.0000      0.0000      0.0000
480     D         A           10           LEU           31.06           638    385      0     8.791     7.102     1.000     0.0746      0.0000      0.0000      0.0000
481     D         A           11           VAL           30.34           638    385      0     8.791     7.102     1.000     0.0751      0.0000      0.0000      0.0000
482     D         A           12           ILE           30.82           638    385      0     8.791     7.102     1.000     0.0755      0.0000      0.0000      0.0000
483     D         A           13           SER           28.38           638    385      0     8.791     7.102     1.000     0.0756      0.0000      0.0000      0.0000
484     D         A           14           THR           26.30           638    385      0     8.791     7.102     1.000     0.0759      0.0000      0.0000      0.0000
485     D         A           15           CYS           27.69           638    385      0     8.791     7.102     1.000     0.0765      0.0000      0.0000      0.0000
486     D         A           16           LEU           26.73           638    385      0     8.791     7.102     1.000     0.0765      0.0000      0.0000      0.0000
487     D         A           17           GLU           29.35           638    385      0     8.791     7.102     1.000     0.0776      0.0000      0.0000      0.0000
488     D         A           18           PHE           30.28           638    385      0     8.791     7.102     1.000     0.0778      0.0000      0.0000      0.0000
489     D         A           19           SER           36.18           638    385      0     8.791     7.102     1.000     0.0786      0.0000      0.0000      0.0000
490     D         A           20           MET           38.54           638    385      0     8.791     7.102     1.000     0.0795      0.0000      0.0000      0.0000
491     D         A           21           ALA           50.33           638    385      0     8.791     7.102     1.000     0.0811      0.0000      0.0000      0.0000
492     D         A           22           GLN           54.53           638    385      0     8.791     7.102     1.000     0.0897      0.0000      0.0000      0.0000
493     D         A           23           THR           82.87           638    385      0     8.791     7.102     1.000     0.0954      0.0000      0.0000      0.0000
494     D         A           24           VAL           94.24           638    385     29     8.791     7.102     1.189     0.2672      0.5086      0.4042      0.0190
495     D         A           25           THR           95.64           638    385    196     8.791     7.102     5.214     0.4167      0.5694      0.4655      0.3222
496     D         A           26           GLN           95.98           638    385    185     8.791     7.102     5.069     0.3994      0.5512      0.4468      0.2938
497     D         A           27           SER           93.84           638    385     94     8.791     7.102     3.521     0.3165      0.4957      0.3917      0.1378
498     D         A           28           GLN           93.84           638    385     39     8.791     7.102     1.777     0.2904      0.4727      0.3694      0.0355
499     D         A           29           PRO           93.83           638    385     80     8.791     7.102     3.186     0.3121      0.4772      0.3738      0.1076
500     D         A           30           GLU           95.06           638    385    105     8.791     7.102     3.757     0.3253      0.4880      0.3841      0.1492
501     D         A           31           MET           96.57           638    385    153     8.791     7.102     4.608     0.3575      0.5134      0.4087      0.2264
502     D         A           32           SER           95.50           638    385    114     8.791     7.102     3.936     0.3275      0.4903      0.3862      0.1627
503     D         A           33           VAL           96.36           638    385    155     8.791     7.102     4.639     0.3545      0.5067      0.4021      0.2239
504     D         A           34           GLN           95.89           638    385    132     8.791     7.102     4.265     0.3385      0.4940      0.3898      0.1880
505     D         A           35           GLU           95.34           638    385     92     8.791     7.102     3.475     0.3155      0.4808      0.3772      0.1273
506     D         A           36           ALA           95.78           638    385     75     8.791     7.102     3.054     0.3084      0.4766      0.3732      0.0996
507     D         A           37           GLU           96.38           638    385    101     8.791     7.102     3.673     0.3209      0.4852      0.3814      0.1423
508     D         A           38           THR           97.23           638    385    176     8.791     7.102     4.946     0.3784      0.5289      0.4240      0.2644
509     D         A           39           VAL           97.24           638    385    175     8.791     7.102     4.932     0.3789      0.5352      0.4303      0.2685
510     D         A           40           THR           97.31           638    385    204     8.791     7.102     5.316     0.4184      0.5669      0.4627      0.3277
511     D         A           41           LEU           97.59           638    385    212     8.791     7.102     5.415     0.4302      0.5784      0.4747      0.3469
512     D         A           42           SER           96.64           638    385    165     8.791     7.102     4.788     0.3723      0.5335      0.4289      0.2566
513     D         A           43           CYS           97.04           638    385    186     8.791     7.102     5.083     0.3974      0.5511      0.4466      0.2947
514     D         A           44           THR           96.76           638    385    213     8.791     7.102     5.427     0.4364      0.5845      0.4814      0.3548
515     D         A           45           TYR           95.91           638    385    204     8.791     7.102     5.316     0.4306      0.5870      0.4840      0.3480
516     D         A           46           ASP           93.34           638    385    178     8.791     7.102     4.974     0.3938      0.5564      0.4523      0.2912
517     D         A           47           THR           90.92           638    385    171     8.791     7.102     4.875     0.3792      0.5456      0.4415      0.2743
518     D         A           48           SER           84.85           638    385    146     8.791     7.102     4.498     0.3633      0.5413      0.4371      0.2406
519     D         A           49           GLU           83.20           638    385    151     8.791     7.102     4.577     0.3627      0.5415      0.4378      0.2481
520     D         A           50           SER           80.82           638    385    151     8.791     7.102     4.577     0.3670      0.5510      0.4476      0.2563
521     D         A           51           ASP           84.85           638    385    165     8.791     7.102     4.788     0.3875      0.5674      0.4645      0.2877
522     D         A           52           TYR           90.81           638    385    224     8.791     7.102     5.559     0.4674      0.6183      0.5184      0.4025
523     D         A           53           TYR           92.80           638    385    265     8.791     7.102     6.012     0.5095      0.6378      0.5392      0.4597
524     D         A           54           LEU           95.04           638    385    257     8.791     7.102     5.927     0.4918      0.6210      0.5211      0.4349
525     D         A           55           PHE           95.86           638    385    259     8.791     7.102     5.949     0.4885      0.6147      0.5137      0.4286
526     D         A           56           TRP           97.12           638    385    261     8.791     7.102     5.970     0.4893      0.6159      0.5151      0.4317
527     D         A           57           TYR           96.94           638    385    255     8.791     7.102     5.906     0.4808      0.6085      0.5066      0.4178
528     D         A           58           LYS           97.00           638    385    217     8.791     7.102     5.476     0.4382      0.5836      0.4805      0.3577
529     D         A           59           GLN           96.80           638    385    213     8.791     7.102     5.427     0.4359      0.5849      0.4815      0.3544
530     D         A           60           PRO           94.88           638    385    159     8.791     7.102     4.699     0.3686      0.5303      0.4258      0.2471
531     D         A           61           PRO           91.11           638    385     55     8.791     7.102     2.441     0.2982      0.4874      0.3835      0.0689
532     D         A           62           SER           87.78           638    385      3     8.791     7.102     1.000     0.2428      0.4544      0.3522      0.0107
533     D         A           63           ARG           90.33           638    385     24     8.791     7.102     1.000     0.2636      0.4708      0.3676      0.0114
534     D         A           64           GLN           92.67           638    385    111     8.791     7.102     3.878     0.3250      0.5065      0.4025      0.1691
535     D         A           65           MET           95.29           638    385    191     8.791     7.102     5.149     0.4112      0.5674      0.4633      0.3148
536     D         A           66           ILE           95.42           638    385    213     8.791     7.102     5.427     0.4363      0.5850      0.4818      0.3550
537     D         A           67           LEU           95.83           638    385    218     8.791     7.102     5.488     0.4339      0.5727      0.4689      0.3477
538     D         A           68           VAL           96.29           638    385    206     8.791     7.102     5.341     0.4256      0.5746      0.4710      0.3378
539     D         A           69           ILE           95.91           638    385    191     8.791     7.102     5.149     0.4113      0.5650      0.4612      0.3136
540     D         A           70           ARG           94.25           638    385    188     8.791     7.102     5.109     0.4072      0.5601      0.4564      0.3061
541     D         A           71           GLN           93.92           638    385    206     8.791     7.102     5.341     0.4295      0.5765      0.4735      0.3408
542     D         A           72           GLU           89.43           638    385    186     8.791     7.102     5.083     0.4133      0.5732      0.4702      0.3167
543     D         A           73           ALA           87.27           638    385    168     8.791     7.102     4.832     0.3871      0.5546      0.4511      0.2794
544     D         A           74           TYR           83.47           638    385    132     8.791     7.102     4.265     0.3550      0.5337      0.4301      0.2179
545     D         A           75           LYS           80.80           638    385     61     8.791     7.102     2.643     0.2950      0.5200      0.4164      0.0927
546     D         A           76           GLN           78.03           638    385     13     8.791     7.102     1.000     0.2203      0.5254      0.4206      0.0145
547     D         A           77           GLN           85.29           638    385     20     8.791     7.102     1.000     0.2514      0.5046      0.4004      0.0133
548     D         A           78           ASN           90.39           638    385     79     8.791     7.102     3.160     0.3119      0.4966      0.3927      0.1149
549     D         A           79           ALA           89.11           638    385     54     8.791     7.102     2.405     0.2989      0.4878      0.3843      0.0676
550     D         A           80           THR           89.81           638    385     52     8.791     7.102     2.332     0.2931      0.4870      0.3834      0.0635
551     D         A           81           GLU           88.69           638    385     19     8.791     7.102     1.000     0.2614      0.4911      0.3871      0.0125
552     D         A           82           ASN           90.79           638    385     15     8.791     7.102     1.000     0.2482      0.4918      0.3877      0.0125
553     D         A           83           ARG           95.76           638    385     85     8.791     7.102     3.310     0.3163      0.4940      0.3902      0.1234
554     D         A           84           PHE           96.58           638    385    182     8.791     7.102     5.029     0.3889      0.5486      0.4440      0.2881
555     D         A           85           SER           96.28           638    385    164     8.791     7.102     4.774     0.3727      0.5334      0.4288      0.2553
556     D         A           86           VAL           96.28           638    385    176     8.791     7.102     4.946     0.3812      0.5364      0.4317      0.2711
557     D         A           87           ASN           96.15           638    385    193     8.791     7.102     5.175     0.4115      0.5631      0.4590      0.3132
558     D         A           88           PHE           95.64           638    385    199     8.791     7.102     5.253     0.4167      0.5668      0.4627      0.3228
559     D         A           89           GLN           95.13           638    385    205     8.791     7.102     5.329     0.4201      0.5667      0.4628      0.3292
560     D         A           90           LYS           93.04           638    385    193     8.791     7.102     5.175     0.4055      0.5542      0.4499      0.3052
561     D         A           91           ALA           92.90           638    385    179     8.791     7.102     4.987     0.3927      0.5502      0.4458      0.2864
562     D         A           92           ALA           94.91           638    385    167     8.791     7.102     4.818     0.3778      0.5389      0.4342      0.2629
563     D         A           93           LYS           95.17           638    385    196     8.791     7.102     5.214     0.4096      0.5595      0.4552      0.3129
564     D         A           94           SER           96.20           638    385    187     8.791     7.102     5.096     0.4058      0.5644      0.4603      0.3077
565     D         A           95           PHE           96.85           638    385    200     8.791     7.102     5.266     0.4233      0.5745      0.4708      0.3314
566     D         A           96           SER           96.72           638    385    190     8.791     7.102     5.136     0.4085      0.5651      0.4610      0.3117
567     D         A           97           LEU           97.53           638    385    215     8.791     7.102     5.452     0.4361      0.5810      0.4774      0.3526
568     D         A           98           LYS           97.23           638    385    210     8.791     7.102     5.391     0.4259      0.5731      0.4693      0.3401
569     D         A           99           ILE           97.48           638    385    205     8.791     7.102     5.329     0.4181      0.5689      0.4649      0.3308
570     D         A          100           SER           96.25           638    385    137     8.791     7.102     4.350     0.3446      0.5042      0.3999      0.2012
571     D         A          101           ASP           96.44           638    385    123     8.791     7.102     4.105     0.3337      0.4946      0.3905      0.1773
572     D         A          102           SER           96.64           638    385    148     8.791     7.102     4.530     0.3509      0.5106      0.4059      0.2186
573     D         A          103           GLN           95.71           638    385    147     8.791     7.102     4.514     0.3535      0.5086      0.4040      0.2159
574     D         A          104           LEU           94.58           638    385    160     8.791     7.102     4.714     0.3650      0.5226      0.4178      0.2417
575     D         A          105           GLY           94.33           638    385    144     8.791     7.102     4.465     0.3546      0.5161      0.4115      0.2179
576     D         A          106           ASP           96.52           638    385    187     8.791     7.102     5.096     0.3961      0.5490      0.4442      0.2933
577     D         A          107           ALA           95.99           638    385    186     8.791     7.102     5.083     0.3960      0.5516      0.4469      0.2946
578     D         A          108           ALA           96.67           638    385    187     8.791     7.102     5.096     0.4000      0.5536      0.4490      0.2975
579     D         A          109           MET           97.02           638    385    214     8.791     7.102     5.439     0.4363      0.5846      0.4810      0.3548
580     D         A          110           TYR           97.59           638    385    241     8.791     7.102     5.753     0.4694      0.6045      0.5023      0.4012
581     D         A          111           PHE           97.11           638    385    248     8.791     7.102     5.830     0.4754      0.6079      0.5061      0.4113
582     D         A          112           CYS           96.96           638    385    226     8.791     7.102     5.582     0.4554      0.5977      0.4951      0.3802
583     D         A          113           ALA           95.99           638    385    252     8.791     7.102     5.874     0.4771      0.6050      0.5036      0.4128
584     D         A          114           TYR           94.53           638    385    255     8.791     7.102     5.906     0.4798      0.6054      0.5048      0.4174
585     D         A          115           ARG           92.44           638    385    233     8.791     7.102     5.663     0.4639      0.6050      0.5036      0.3959
586     D         A          116           SER           88.52           638    385    229     8.791     7.102     5.617     0.4679      0.6129      0.5127      0.4018
587     D         A          117           ALA           87.38           638    385    233     8.791     7.102     5.663     0.4779      0.6246      0.5252      0.4178
588     D         A          118           LEU           84.07           638    385    187     8.791     7.102     5.096     0.4111      0.5794      0.4771      0.3248
589     D         A          119           SER           80.53           638    385     53     8.791     7.102     2.369     0.2846      0.5496      0.4481      0.0900
590     D         A          120           TYR           72.39           638    385     24     8.791     7.102     1.000     0.2376      0.5542      0.4531      0.0181
591     D         A          121           ASN           70.84           638    385      7     8.791     7.102     1.000     0.1696      0.5407      0.4359      0.0155
592     D         A          122           ASP           75.90           638    385      2     8.791     7.102     1.000     0.1526      0.4943      0.3897      0.0125
593     D         A          123           MET           87.90           638    385     33     8.791     7.102     1.450     0.2530      0.4979      0.3942      0.0269
594     D         A          124           ARG           93.08           638    385    183     8.791     7.102     5.042     0.4049      0.5629      0.4595      0.3039
595     D         A          125           PHE           94.97           638    385    230     8.791     7.102     5.629     0.4530      0.5902      0.4876      0.3773
596     D         A          126           GLY           95.25           638    385    191     8.791     7.102     5.149     0.4165      0.5710      0.4673      0.3188
597     D         A          127           ALA           95.09           638    385    181     8.791     7.102     5.015     0.3953      0.5505      0.4463      0.2893
598     D         A          128           GLY           95.99           638    385    159     8.791     7.102     4.699     0.3690      0.5301      0.4255      0.2469
599     D         A          129           THR           97.03           638    385    212     8.791     7.102     5.415     0.4290      0.5741      0.4703      0.3430
600     D         A          130           ARG           96.59           638    385    211     8.791     7.102     5.403     0.4303      0.5794      0.4757      0.3468
601     D         A          131           LEU           97.22           638    385    208     8.791     7.102     5.366     0.4204      0.5666      0.4623      0.3314
602     D         A          132           THR           95.55           638    385    180     8.791     7.102     5.001     0.3834      0.5376      0.4329      0.2764
603     D         A          133           VAL           96.03           638    385    178     8.791     7.102     4.974     0.3791      0.5286      0.4236      0.2662
604     D         A          134           LYS           95.25           638    385    135     8.791     7.102     4.316     0.3420      0.5016      0.3972      0.1967
605     D         A          135           PRO           94.59           638    385     24     8.791     7.102     1.000     0.2733      0.4657      0.3628      0.0112
606     D         A          136           ASN           93.01           638    385      0     8.791     7.102     1.000     0.2343      0.0000      0.0000      0.0000
607     D         A          137           ILE           91.03           638    385      0     8.791     7.102     1.000     0.2139      0.0000      0.0000      0.0000
608     D         A          138           GLN           87.03           638    385      0     8.791     7.102     1.000     0.1467      0.0000      0.0000      0.0000
609     D         A          139           ASN           89.30           638    385      0     8.791     7.102     1.000     0.1415      0.0000      0.0000      0.0000
610     D         A          140           PRO           90.17           638    385      0     8.791     7.102     1.000     0.1695      0.0000      0.0000      0.0000
611     D         A          141           ASP           92.07           638    385      0     8.791     7.102     1.000     0.1740      0.0000      0.0000      0.0000
612     D         A          142           PRO           92.45           638    385      0     8.791     7.102     1.000     0.2071      0.0000      0.0000      0.0000
613     D         A          143           ALA           91.96           638    385      0     8.791     7.102     1.000     0.1964      0.0000      0.0000      0.0000
614     D         A          144           VAL           92.46           638    385      0     8.791     7.102     1.000     0.2532      0.0000      0.0000      0.0000
615     D         A          145           TYR           92.67           638    385      0     8.791     7.102     1.000     0.2622      0.0000      0.0000      0.0000
616     D         A          146           GLN           89.86           638    385      0     8.791     7.102     1.000     0.2231      0.0000      0.0000      0.0000
617     D         A          147           LEU           88.64           638    385      0     8.791     7.102     1.000     0.1895      0.0000      0.0000      0.0000
618     D         A          148           ARG           81.69           638    385      0     8.791     7.102     1.000     0.0946      0.0000      0.0000      0.0000
619     D         A          149           ASP           71.42           638    385      0     8.791     7.102     1.000     0.0809      0.0000      0.0000      0.0000
620     D         A          150           SER           63.80           638    385      0     8.791     7.102     1.000     0.0790      0.0000      0.0000      0.0000
621     D         A          151           LYS           68.26           638    385      0     8.791     7.102     1.000     0.0789      0.0000      0.0000      0.0000
622     D         A          152           SER           61.35           638    385      0     8.791     7.102     1.000     0.0776      0.0000      0.0000      0.0000
623     D         A          153           SER           59.97           638    385      0     8.791     7.102     1.000     0.0787      0.0000      0.0000      0.0000
624     D         A          154           ASP           66.59           638    385      0     8.791     7.102     1.000     0.0813      0.0000      0.0000      0.0000
625     D         A          155           LYS           72.17           638    385      0     8.791     7.102     1.000     0.0870      0.0000      0.0000      0.0000
626     D         A          156           SER           80.08           638    385      0     8.791     7.102     1.000     0.0928      0.0000      0.0000      0.0000
627     D         A          157           VAL           90.98           638    385      0     8.791     7.102     1.000     0.1745      0.0000      0.0000      0.0000
628     D         A          158           CYS           91.98           638    385      0     8.791     7.102     1.000     0.2504      0.0000      0.0000      0.0000
629     D         A          159           LEU           93.90           638    385     33     8.791     7.102     1.450     0.3037      0.4566      0.3542      0.0224
630     D         A          160           PHE           93.85           638    385     11     8.791     7.102     1.000     0.2880      0.4519      0.3499      0.0106
631     D         A          161           THR           92.84           638    385      0     8.791     7.102     1.000     0.2148      0.0000      0.0000      0.0000
632     D         A          162           ASP           90.58           638    385      0     8.791     7.102     1.000     0.1916      0.0000      0.0000      0.0000
633     D         A          163           PHE           92.02           638    385      0     8.791     7.102     1.000     0.2111      0.0000      0.0000      0.0000
634     D         A          164           ASP           89.82           638    385      0     8.791     7.102     1.000     0.1825      0.0000      0.0000      0.0000
635     D         A          165           SER           89.12           638    385      0     8.791     7.102     1.000     0.1847      0.0000      0.0000      0.0000
636     D         A          166           GLN           87.44           638    385      0     8.791     7.102     1.000     0.1877      0.0000      0.0000      0.0000
637     D         A          167           THR           86.96           638    385      0     8.791     7.102     1.000     0.1860      0.0000      0.0000      0.0000
638     D         A          168           ASN           86.66           638    385      0     8.791     7.102     1.000     0.1755      0.0000      0.0000      0.0000
639     D         A          169           VAL           86.58           638    385      0     8.791     7.102     1.000     0.1838      0.0000      0.0000      0.0000
640     D         A          170           SER           84.59           638    385      0     8.791     7.102     1.000     0.1496      0.0000      0.0000      0.0000
641     D         A          171           GLN           83.97           638    385      0     8.791     7.102     1.000     0.1510      0.0000      0.0000      0.0000
642     D         A          172           SER           82.56           638    385      0     8.791     7.102     1.000     0.1322      0.0000      0.0000      0.0000
643     D         A          173           LYS           80.53           638    385      0     8.791     7.102     1.000     0.1269      0.0000      0.0000      0.0000
644     D         A          174           ASP           82.34           638    385      0     8.791     7.102     1.000     0.1302      0.0000      0.0000      0.0000
645     D         A          175           SER           83.23           638    385      0     8.791     7.102     1.000     0.1362      0.0000      0.0000      0.0000
646     D         A          176           ASP           86.39           638    385      0     8.791     7.102     1.000     0.1445      0.0000      0.0000      0.0000
647     D         A          177           VAL           88.56           638    385      0     8.791     7.102     1.000     0.2231      0.0000      0.0000      0.0000
648     D         A          178           TYR           91.00           638    385      0     8.791     7.102     1.000     0.2479      0.0000      0.0000      0.0000
649     D         A          179           ILE           91.68           638    385      0     8.791     7.102     1.000     0.2675      0.0000      0.0000      0.0000
650     D         A          180           THR           91.50           638    385      0     8.791     7.102     1.000     0.2449      0.0000      0.0000      0.0000
651     D         A          181           ASP           90.57           638    385      0     8.791     7.102     1.000     0.2219      0.0000      0.0000      0.0000
652     D         A          182           LYS           92.03           638    385      0     8.791     7.102     1.000     0.2272      0.0000      0.0000      0.0000
653     D         A          183           THR           92.94           638    385      0     8.791     7.102     1.000     0.2439      0.0000      0.0000      0.0000
654     D         A          184           VAL           93.70           638    385      3     8.791     7.102     1.000     0.2666      0.4408      0.3398      0.0101
655     D         A          185           LEU           92.55           638    385      0     8.791     7.102     1.000     0.2269      0.0000      0.0000      0.0000
656     D         A          186           ASP           92.99           638    385      0     8.791     7.102     1.000     0.2315      0.0000      0.0000      0.0000
657     D         A          187           MET           91.75           638    385      0     8.791     7.102     1.000     0.2254      0.0000      0.0000      0.0000
658     D         A          188           ARG           89.73           638    385      0     8.791     7.102     1.000     0.1905      0.0000      0.0000      0.0000
659     D         A          189           SER           89.43           638    385      0     8.791     7.102     1.000     0.1635      0.0000      0.0000      0.0000
660     D         A          190           MET           89.44           638    385      0     8.791     7.102     1.000     0.1632      0.0000      0.0000      0.0000
661     D         A          191           ASP           90.77           638    385      0     8.791     7.102     1.000     0.1821      0.0000      0.0000      0.0000
662     D         A          192           PHE           92.87           638    385      0     8.791     7.102     1.000     0.2194      0.0000      0.0000      0.0000
663     D         A          193           LYS           93.32           638    385      0     8.791     7.102     1.000     0.2441      0.0000      0.0000      0.0000
664     D         A          194           SER           93.99           638    385      0     8.791     7.102     1.000     0.2330      0.0000      0.0000      0.0000
665     D         A          195           ASN           94.40           638    385     15     8.791     7.102     1.000     0.2787      0.4521      0.3501      0.0106
666     D         A          196           SER           93.94           638    385      0     8.791     7.102     1.000     0.2399      0.0000      0.0000      0.0000
667     D         A          197           ALA           93.91           638    385      8     8.791     7.102     1.000     0.2770      0.4503      0.3484      0.0105
668     D         A          198           VAL           94.14           638    385     18     8.791     7.102     1.000     0.2891      0.4525      0.3504      0.0106
669     D         A          199           ALA           92.75           638    385      3     8.791     7.102     1.000     0.2756      0.4425      0.3413      0.0102
670     D         A          200           TRP           92.08           638    385      0     8.791     7.102     1.000     0.2492      0.0000      0.0000      0.0000
671     D         A          201           SER           88.26           638    385      0     8.791     7.102     1.000     0.1782      0.0000      0.0000      0.0000
672     D         A          202           ASN           84.01           638    385      0     8.791     7.102     1.000     0.1457      0.0000      0.0000      0.0000
673     D         A          203           LYS           80.88           638    385      0     8.791     7.102     1.000     0.1305      0.0000      0.0000      0.0000
674     D         A          204           SER           78.37           638    385      0     8.791     7.102     1.000     0.1158      0.0000      0.0000      0.0000
675     D         A          205           ASP           80.75           638    385      0     8.791     7.102     1.000     0.1141      0.0000      0.0000      0.0000
676     D         A          206           PHE           83.20           638    385      0     8.791     7.102     1.000     0.1468      0.0000      0.0000      0.0000
677     D         A          207           ALA           85.38           638    385      0     8.791     7.102     1.000     0.1518      0.0000      0.0000      0.0000
678     D         A          208           CYS           86.57           638    385      0     8.791     7.102     1.000     0.1569      0.0000      0.0000      0.0000
679     D         A          209           ALA           86.09           638    385      0     8.791     7.102     1.000     0.1513      0.0000      0.0000      0.0000
680     D         A          210           ASN           85.18           638    385      0     8.791     7.102     1.000     0.1401      0.0000      0.0000      0.0000
681     D         A          211           ALA           82.71           638    385      0     8.791     7.102     1.000     0.1624      0.0000      0.0000      0.0000
682     D         A          212           PHE           86.42           638    385      0     8.791     7.102     1.000     0.1760      0.0000      0.0000      0.0000
683     D         A          213           ASN           84.35           638    385      0     8.791     7.102     1.000     0.1402      0.0000      0.0000      0.0000
684     D         A          214           ASN           84.41           638    385      0     8.791     7.102     1.000     0.1366      0.0000      0.0000      0.0000
685     D         A          215           SER           82.06           638    385      0     8.791     7.102     1.000     0.1325      0.0000      0.0000      0.0000
686     D         A          216           ILE           82.19           638    385      0     8.791     7.102     1.000     0.1316      0.0000      0.0000      0.0000
687     D         A          217           ILE           82.30           638    385      0     8.791     7.102     1.000     0.1168      0.0000      0.0000      0.0000
688     D         A          218           PRO           83.45           638    385      0     8.791     7.102     1.000     0.1287      0.0000      0.0000      0.0000
689     D         A          219           GLU           82.65           638    385      0     8.791     7.102     1.000     0.1160      0.0000      0.0000      0.0000
690     D         A          220           ASP           86.06           638    385      0     8.791     7.102     1.000     0.1137      0.0000      0.0000      0.0000
691     D         A          221           THR           85.15           638    385      0     8.791     7.102     1.000     0.1477      0.0000      0.0000      0.0000
692     D         A          222           PHE           89.66           638    385      0     8.791     7.102     1.000     0.1586      0.0000      0.0000      0.0000
693     D         A          223           PHE           86.84           638    385      0     8.791     7.102     1.000     0.1611      0.0000      0.0000      0.0000
694     D         A          224           PRO           82.20           638    385      0     8.791     7.102     1.000     0.1191      0.0000      0.0000      0.0000
695     D         A          225           SER           77.54           638    385      0     8.791     7.102     1.000     0.0971      0.0000      0.0000      0.0000
696     D         A          226           PRO           69.95           638    385      0     8.791     7.102     1.000     0.0858      0.0000      0.0000      0.0000
697     D         A          227           GLU           61.96           638    385      0     8.791     7.102     1.000     0.0831      0.0000      0.0000      0.0000
698     D         A          228           SER           63.58           638    385      0     8.791     7.102     1.000     0.0795      0.0000      0.0000      0.0000
699     D         A          229           SER           72.15           638    385      0     8.791     7.102     1.000     0.0819      0.0000      0.0000      0.0000
700     D         A          230           CYS           74.89           638    385      0     8.791     7.102     1.000     0.0899      0.0000      0.0000      0.0000
701     D         A          231           ASP           79.99           638    385      0     8.791     7.102     1.000     0.1256      0.0000      0.0000      0.0000
702     D         A          232           VAL           82.15           638    385      0     8.791     7.102     1.000     0.1465      0.0000      0.0000      0.0000
703     D         A          233           LYS           80.74           638    385      0     8.791     7.102     1.000     0.1454      0.0000      0.0000      0.0000
704     D         A          234           LEU           80.53           638    385      0     8.791     7.102     1.000     0.1483      0.0000      0.0000      0.0000
705     D         A          235           VAL           82.48           638    385      0     8.791     7.102     1.000     0.1602      0.0000      0.0000      0.0000
706     D         A          236           GLU           79.27           638    385      0     8.791     7.102     1.000     0.1544      0.0000      0.0000      0.0000
707     D         A          237           LYS           83.12           638    385      0     8.791     7.102     1.000     0.1493      0.0000      0.0000      0.0000
708     D         A          238           SER           80.39           638    385      0     8.791     7.102     1.000     0.1410      0.0000      0.0000      0.0000
709     D         A          239           PHE           81.40           638    385      0     8.791     7.102     1.000     0.1582      0.0000      0.0000      0.0000
710     D         A          240           GLU           79.88           638    385      0     8.791     7.102     1.000     0.1322      0.0000      0.0000      0.0000
711     D         A          241           THR           81.73           638    385      0     8.791     7.102     1.000     0.1431      0.0000      0.0000      0.0000
712     D         A          242           ASP           82.86           638    385      0     8.791     7.102     1.000     0.1374      0.0000      0.0000      0.0000
713     D         A          243           THR           85.12           638    385      0     8.791     7.102     1.000     0.1400      0.0000      0.0000      0.0000
714     D         A          244           ASN           83.48           638    385      0     8.791     7.102     1.000     0.1423      0.0000      0.0000      0.0000
715     D         A          245           LEU           82.37           638    385      0     8.791     7.102     1.000     0.1545      0.0000      0.0000      0.0000
716     D         A          246           ASN           82.07           638    385      0     8.791     7.102     1.000     0.1447      0.0000      0.0000      0.0000
717     D         A          247           PHE           83.01           638    385      0     8.791     7.102     1.000     0.1444      0.0000      0.0000      0.0000
718     D         A          248           GLN           81.90           638    385      0     8.791     7.102     1.000     0.1451      0.0000      0.0000      0.0000
719     D         A          249           ASN           82.96           638    385      0     8.791     7.102     1.000     0.1431      0.0000      0.0000      0.0000
720     D         A          250           LEU           82.71           638    385      0     8.791     7.102     1.000     0.1358      0.0000      0.0000      0.0000
721     D         A          251           SER           85.94           638    385      0     8.791     7.102     1.000     0.1335      0.0000      0.0000      0.0000
722     D         A          252           VAL           86.25           638    385      0     8.791     7.102     1.000     0.1309      0.0000      0.0000      0.0000
723     D         A          253           ILE           85.64           638    385      0     8.791     7.102     1.000     0.1297      0.0000      0.0000      0.0000
724     D         A          254           GLY           82.78           638    385      0     8.791     7.102     1.000     0.1235      0.0000      0.0000      0.0000
725     D         A          255           PHE           86.63           638    385      0     8.791     7.102     1.000     0.1271      0.0000      0.0000      0.0000
726     D         A          256           ARG           85.76           638    385      0     8.791     7.102     1.000     0.1283      0.0000      0.0000      0.0000
727     D         A          257           ILE           85.27           638    385      0     8.791     7.102     1.000     0.1236      0.0000      0.0000      0.0000
728     D         A          258           LEU           87.16           638    385      0     8.791     7.102     1.000     0.1241      0.0000      0.0000      0.0000
729     D         A          259           LEU           85.20           638    385      0     8.791     7.102     1.000     0.1226      0.0000      0.0000      0.0000
730     D         A          260           LEU           86.14           638    385      0     8.791     7.102     1.000     0.1201      0.0000      0.0000      0.0000
731     D         A          261           LYS           85.72           638    385      0     8.791     7.102     1.000     0.1203      0.0000      0.0000      0.0000
732     D         A          262           VAL           85.51           638    385      0     8.791     7.102     1.000     0.1232      0.0000      0.0000      0.0000
733     D         A          263           ALA           84.04           638    385      0     8.791     7.102     1.000     0.1169      0.0000      0.0000      0.0000
734     D         A          264           GLY           85.01           638    385      0     8.791     7.102     1.000     0.1149      0.0000      0.0000      0.0000
735     D         A          265           PHE           88.58           638    385      0     8.791     7.102     1.000     0.1155      0.0000      0.0000      0.0000
736     D         A          266           ASN           85.27           638    385      0     8.791     7.102     1.000     0.1156      0.0000      0.0000      0.0000
737     D         A          267           LEU           87.39           638    385      0     8.791     7.102     1.000     0.1132      0.0000      0.0000      0.0000
738     D         A          268           LEU           87.65           638    385      0     8.791     7.102     1.000     0.1122      0.0000      0.0000      0.0000
739     D         A          269           MET           83.61           638    385      0     8.791     7.102     1.000     0.1071      0.0000      0.0000      0.0000
740     D         A          270           THR           85.61           638    385      0     8.791     7.102     1.000     0.1093      0.0000      0.0000      0.0000
741     D         A          271           LEU           86.59           638    385      0     8.791     7.102     1.000     0.1046      0.0000      0.0000      0.0000
742     D         A          272           ARG           86.93           638    385      0     8.791     7.102     1.000     0.0990      0.0000      0.0000      0.0000
743     D         A          273           LEU           80.35           638    385      0     8.791     7.102     1.000     0.1000      0.0000      0.0000      0.0000
744     D         A          274           TRP           83.00           638    385      0     8.791     7.102     1.000     0.0914      0.0000      0.0000      0.0000
745     D         A          275           SER           82.97           638    385      0     8.791     7.102     1.000     0.0823      0.0000      0.0000      0.0000
746     D         A          276           SER           67.42           638    385      0     8.791     7.102     1.000     0.0760      0.0000      0.0000      0.0000
471     D         B            1           MET           21.17           375    178      0     7.021     4.974     1.000     0.0470      0.0000      0.0000      0.0000
472     D         B            2           ALA           24.09           375    178      0     7.021     4.974     1.000     0.0471      0.0000      0.0000      0.0000
473     D         B            3           CYS           23.30           375    178      0     7.021     4.974     1.000     0.0472      0.0000      0.0000      0.0000
474     D         B            4           PRO           29.47           375    178      0     7.021     4.974     1.000     0.0473      0.0000      0.0000      0.0000
475     D         B            5           GLY           30.32           375    178      0     7.021     4.974     1.000     0.0473      0.0000      0.0000      0.0000
476     D         B            6           PHE           21.92           375    178      0     7.021     4.974     1.000     0.0475      0.0000      0.0000      0.0000
477     D         B            7           LEU           26.13           375    178      0     7.021     4.974     1.000     0.0479      0.0000      0.0000      0.0000
478     D         B            8           TRP           28.93           375    178      0     7.021     4.974     1.000     0.0481      0.0000      0.0000      0.0000
479     D         B            9           ALA           33.18           375    178      0     7.021     4.974     1.000     0.0481      0.0000      0.0000      0.0000
480     D         B           10           LEU           31.06           375    178      0     7.021     4.974     1.000     0.0483      0.0000      0.0000      0.0000
481     D         B           11           VAL           30.34           375    178      0     7.021     4.974     1.000     0.0486      0.0000      0.0000      0.0000
482     D         B           12           ILE           30.82           375    178      0     7.021     4.974     1.000     0.0488      0.0000      0.0000      0.0000
483     D         B           13           SER           28.38           375    178      0     7.021     4.974     1.000     0.0487      0.0000      0.0000      0.0000
484     D         B           14           THR           26.30           375    178      0     7.021     4.974     1.000     0.0489      0.0000      0.0000      0.0000
485     D         B           15           CYS           27.69           375    178      0     7.021     4.974     1.000     0.0493      0.0000      0.0000      0.0000
486     D         B           16           LEU           26.73           375    178      0     7.021     4.974     1.000     0.0490      0.0000      0.0000      0.0000
487     D         B           17           GLU           29.35           375    178      0     7.021     4.974     1.000     0.0496      0.0000      0.0000      0.0000
488     D         B           18           PHE           30.28           375    178      0     7.021     4.974     1.000     0.0493      0.0000      0.0000      0.0000
489     D         B           19           SER           36.18           375    178      0     7.021     4.974     1.000     0.0497      0.0000      0.0000      0.0000
490     D         B           20           MET           38.54           375    178      0     7.021     4.974     1.000     0.0501      0.0000      0.0000      0.0000
491     D         B           21           ALA           50.33           375    178      0     7.021     4.974     1.000     0.0514      0.0000      0.0000      0.0000
492     D         B           22           GLN           54.53           375    178      0     7.021     4.974     1.000     0.0564      0.0000      0.0000      0.0000
493     D         B           23           THR           82.87           375    178      0     7.021     4.974     1.000     0.0595      0.0000      0.0000      0.0000
494     D         B           24           VAL           94.24           375    178      0     7.021     4.974     1.000     0.1667      0.0000      0.0000      0.0000
495     D         B           25           THR           95.64           375    178     43     7.021     4.974     1.965     0.3289      0.3776      0.2340      0.0457
496     D         B           26           GLN           95.98           375    178     33     7.021     4.974     1.450     0.3149      0.3775      0.2337      0.0253
497     D         B           27           SER           93.84           375    178      0     7.021     4.974     1.000     0.2203      0.0000      0.0000      0.0000
498     D         B           28           GLN           93.84           375    178      0     7.021     4.974     1.000     0.2059      0.0000      0.0000      0.0000
499     D         B           29           PRO           93.83           375    178      0     7.021     4.974     1.000     0.2249      0.0000      0.0000      0.0000
500     D         B           30           GLU           95.06           375    178      0     7.021     4.974     1.000     0.2355      0.0000      0.0000      0.0000
501     D         B           31           MET           96.57           375    178     16     7.021     4.974     1.000     0.2712      0.3538      0.2157      0.0110
502     D         B           32           SER           95.50           375    178      0     7.021     4.974     1.000     0.2361      0.0000      0.0000      0.0000
503     D         B           33           VAL           96.36           375    178     11     7.021     4.974     1.000     0.2651      0.3559      0.2172      0.0111
504     D         B           34           GLN           95.89           375    178      5     7.021     4.974     1.000     0.2478      0.3420      0.2069      0.0104
505     D         B           35           GLU           95.34           375    178      0     7.021     4.974     1.000     0.2285      0.0000      0.0000      0.0000
506     D         B           36           ALA           95.78           375    178      0     7.021     4.974     1.000     0.2158      0.0000      0.0000      0.0000
507     D         B           37           GLU           96.38           375    178      0     7.021     4.974     1.000     0.2282      0.0000      0.0000      0.0000
508     D         B           38           THR           97.23           375    178     26     7.021     4.974     1.000     0.2908      0.3624      0.2221      0.0114
509     D         B           39           VAL           97.24           375    178     25     7.021     4.974     1.000     0.2872      0.3684      0.2267      0.0117
510     D         B           40           THR           97.31           375    178     48     7.021     4.974     2.177     0.3365      0.3917      0.2448      0.0587
511     D         B           41           LEU           97.59           375    178     56     7.021     4.974     2.476     0.3576      0.4091      0.2588      0.0801
512     D         B           42           SER           96.64           375    178     16     7.021     4.974     1.000     0.2833      0.3605      0.2207      0.0113
513     D         B           43           CYS           97.04           375    178     38     7.021     4.974     1.726     0.3143      0.3747      0.2316      0.0352
514     D         B           44           THR           96.76           375    178     54     7.021     4.974     2.405     0.3505      0.3947      0.2475      0.0718
515     D         B           45           TYR           95.91           375    178     51     7.021     4.974     2.294     0.3449      0.3983      0.2502      0.0667
516     D         B           46           ASP           93.34           375    178     21     7.021     4.974     1.000     0.2911      0.3699      0.2279      0.0118
517     D         B           47           THR           90.92           375    178     18     7.021     4.974     1.000     0.2747      0.3668      0.2255      0.0117
518     D         B           48           SER           84.85           375    178      8     7.021     4.974     1.000     0.2553      0.3617      0.2215      0.0114
519     D         B           49           GLU           83.20           375    178      9     7.021     4.974     1.000     0.2484      0.3634      0.2229      0.0115
520     D         B           50           SER           80.82           375    178      9     7.021     4.974     1.000     0.2446      0.3672      0.2258      0.0117
521     D         B           51           ASP           84.85           375    178     17     7.021     4.974     1.000     0.2615      0.3749      0.2317      0.0121
522     D         B           52           TYR           90.81           375    178     63     7.021     4.974     2.706     0.3720      0.4112      0.2613      0.0957
523     D         B           53           TYR           92.80           375    178     93     7.021     4.974     3.498     0.4307      0.4378      0.2836      0.1652
524     D         B           54           LEU           95.04           375    178     91     7.021     4.974     3.452     0.4274      0.4368      0.2827      0.1609
525     D         B           55           PHE           95.86           375    178     93     7.021     4.974     3.498     0.4265      0.4334      0.2793      0.1619
526     D         B           56           TRP           97.12           375    178     89     7.021     4.974     3.406     0.4336      0.4466      0.2909      0.1628
527     D         B           57           TYR           96.94           375    178     88     7.021     4.974     3.382     0.4198      0.4335      0.2797      0.1534
528     D         B           58           LYS           97.00           375    178     51     7.021     4.974     2.294     0.3499      0.4046      0.2553      0.0685
529     D         B           59           GLN           96.80           375    178     55     7.021     4.974     2.441     0.3542      0.4100      0.2597      0.0784
530     D         B           60           PRO           94.88           375    178     16     7.021     4.974     1.000     0.2740      0.3643      0.2235      0.0115
531     D         B           61           PRO           91.11           375    178      0     7.021     4.974     1.000     0.2087      0.0000      0.0000      0.0000
532     D         B           62           SER           87.78           375    178      0     7.021     4.974     1.000     0.1653      0.0000      0.0000      0.0000
533     D         B           63           ARG           90.33           375    178      0     7.021     4.974     1.000     0.1768      0.0000      0.0000      0.0000
534     D         B           64           GLN           92.67           375    178      1     7.021     4.974     1.000     0.2114      0.3346      0.2015      0.0101
535     D         B           65           MET           95.29           375    178     34     7.021     4.974     1.509     0.3156      0.3989      0.2505      0.0300
536     D         B           66           ILE           95.42           375    178     50     7.021     4.974     2.256     0.3460      0.4008      0.2524      0.0654
537     D         B           67           LEU           95.83           375    178     51     7.021     4.974     2.294     0.3474      0.3960      0.2484      0.0661
538     D         B           68           VAL           96.29           375    178     45     7.021     4.974     2.053     0.3352      0.3924      0.2456      0.0529
539     D         B           69           ILE           95.91           375    178     30     7.021     4.974     1.258     0.3109      0.3872      0.2413      0.0200
540     D         B           70           ARG           94.25           375    178     26     7.021     4.974     1.000     0.3015      0.3766      0.2329      0.0122
541     D         B           71           GLN           93.92           375    178     41     7.021     4.974     1.873     0.3338      0.3909      0.2445      0.0442
542     D         B           72           GLU           89.43           375    178     24     7.021     4.974     1.000     0.2993      0.3849      0.2393      0.0126
543     D         B           73           ALA           87.27           375    178     17     7.021     4.974     1.000     0.2714      0.3688      0.2270      0.0118
544     D         B           74           TYR           83.47           375    178      5     7.021     4.974     1.000     0.2347      0.3496      0.2124      0.0108
545     D         B           75           LYS           80.80           375    178      0     7.021     4.974     1.000     0.1894      0.0000      0.0000      0.0000
546     D         B           76           GLN           78.03           375    178      0     7.021     4.974     1.000     0.1265      0.0000      0.0000      0.0000
547     D         B           77           GLN           85.29           375    178      0     7.021     4.974     1.000     0.1518      0.0000      0.0000      0.0000
548     D         B           78           ASN           90.39           375    178      0     7.021     4.974     1.000     0.2035      0.0000      0.0000      0.0000
549     D         B           79           ALA           89.11           375    178      0     7.021     4.974     1.000     0.2058      0.0000      0.0000      0.0000
550     D         B           80           THR           89.81           375    178      0     7.021     4.974     1.000     0.1922      0.0000      0.0000      0.0000
551     D         B           81           GLU           88.69           375    178      0     7.021     4.974     1.000     0.1680      0.0000      0.0000      0.0000
552     D         B           82           ASN           90.79           375    178      0     7.021     4.974     1.000     0.1555      0.0000      0.0000      0.0000
553     D         B           83           ARG           95.76           375    178      0     7.021     4.974     1.000     0.2110      0.0000      0.0000      0.0000
554     D         B           84           PHE           96.58           375    178     27     7.021     4.974     1.039     0.2910      0.3709      0.2286      0.0128
555     D         B           85           SER           96.28           375    178     12     7.021     4.974     1.000     0.2659      0.3574      0.2183      0.0112
556     D         B           86           VAL           96.28           375    178     18     7.021     4.974     1.000     0.2815      0.3655      0.2244      0.0116
557     D         B           87           ASN           96.15           375    178     30     7.021     4.974     1.258     0.3102      0.3807      0.2362      0.0195
558     D         B           88           PHE           95.64           375    178     42     7.021     4.974     1.920     0.3231      0.3863      0.2407      0.0453
559     D         B           89           GLN           95.13           375    178     33     7.021     4.974     1.450     0.3175      0.3866      0.2408      0.0264
560     D         B           90           LYS           93.04           375    178     30     7.021     4.974     1.258     0.3069      0.3768      0.2331      0.0191
561     D         B           91           ALA           92.90           375    178     20     7.021     4.974     1.000     0.2853      0.3704      0.2282      0.0118
562     D         B           92           ALA           94.91           375    178     13     7.021     4.974     1.000     0.2671      0.3598      0.2201      0.0113
563     D         B           93           LYS           95.17           375    178     36     7.021     4.974     1.621     0.3144      0.3793      0.2351      0.0317
564     D         B           94           SER           96.20           375    178     26     7.021     4.974     1.000     0.3029      0.3769      0.2333      0.0122
565     D         B           95           PHE           96.85           375    178     50     7.021     4.974     2.256     0.3445      0.3967      0.2489      0.0641
566     D         B           96           SER           96.72           375    178     34     7.021     4.974     1.509     0.3135      0.3764      0.2330      0.0273
567     D         B           97           LEU           97.53           375    178     59     7.021     4.974     2.578     0.3633      0.4088      0.2587      0.0863
568     D         B           98           LYS           97.23           375    178     47     7.021     4.974     2.137     0.3388      0.3966      0.2487      0.0579
569     D         B           99           ILE           97.48           375    178     48     7.021     4.974     2.177     0.3386      0.3975      0.2494      0.0602
570     D         B          100           SER           96.25           375    178      3     7.021     4.974     1.000     0.2458      0.3393      0.2049      0.0103
571     D         B          101           ASP           96.44           375    178      0     7.021     4.974     1.000     0.2343      0.0000      0.0000      0.0000
572     D         B          102           SER           96.64           375    178      8     7.021     4.974     1.000     0.2561      0.3529      0.2149      0.0109
573     D         B          103           GLN           95.71           375    178     11     7.021     4.974     1.000     0.2658      0.3483      0.2115      0.0107
574     D         B          104           LEU           94.58           375    178     18     7.021     4.974     1.000     0.2810      0.3604      0.2206      0.0113
575     D         B          105           GLY           94.33           375    178      9     7.021     4.974     1.000     0.2695      0.3524      0.2145      0.0109
576     D         B          106           ASP           96.52           375    178     39     7.021     4.974     1.777     0.3141      0.3801      0.2358      0.0380
577     D         B          107           ALA           95.99           375    178     41     7.021     4.974     1.873     0.3182      0.3789      0.2348      0.0419
578     D         B          108           ALA           96.67           375    178     44     7.021     4.974     2.010     0.3216      0.3799      0.2357      0.0481
579     D         B          109           MET           97.02           375    178     57     7.021     4.974     2.510     0.3619      0.4139      0.2627      0.0837
580     D         B          110           TYR           97.59           375    178     81     7.021     4.974     3.211     0.4154      0.4394      0.2846      0.1436
581     D         B          111           PHE           97.11           375    178     84     7.021     4.974     3.286     0.4184      0.4381      0.2834      0.1484
582     D         B          112           CYS           96.96           375    178     74     7.021     4.974     3.027     0.3894      0.4162      0.2651      0.1187
583     D         B          113           ALA           95.99           375    178     88     7.021     4.974     3.382     0.4108      0.4227      0.2706      0.1475
584     D         B          114           TYR           94.53           375    178     88     7.021     4.974     3.382     0.4150      0.4264      0.2736      0.1494
585     D         B          115           ARG           92.44           375    178     75     7.021     4.974     3.054     0.3820      0.4043      0.2556      0.1155
586     D         B          116           SER           88.52           375    178     64     7.021     4.974     2.738     0.3736      0.4076      0.2584      0.0964
587     D         B          117           ALA           87.38           375    178     81     7.021     4.974     3.211     0.3949      0.4114      0.2617      0.1298
588     D         B          118           LEU           84.07           375    178     28     7.021     4.974     1.116     0.3051      0.3814      0.2368      0.0154
589     D         B          119           SER           80.53           375    178      0     7.021     4.974     1.000     0.1749      0.0000      0.0000      0.0000
590     D         B          120           TYR           72.39           375    178      0     7.021     4.974     1.000     0.1407      0.0000      0.0000      0.0000
591     D         B          121           ASN           70.84           375    178      0     7.021     4.974     1.000     0.0960      0.0000      0.0000      0.0000
592     D         B          122           ASP           75.90           375    178      0     7.021     4.974     1.000     0.0914      0.0000      0.0000      0.0000
593     D         B          123           MET           87.90           375    178      0     7.021     4.974     1.000     0.1656      0.0000      0.0000      0.0000
594     D         B          124           ARG           93.08           375    178     27     7.021     4.974     1.039     0.3065      0.3826      0.2377      0.0135
595     D         B          125           PHE           94.97           375    178     65     7.021     4.974     2.768     0.3737      0.4097      0.2597      0.0987
596     D         B          126           GLY           95.25           375    178     42     7.021     4.974     1.920     0.3299      0.3855      0.2401      0.0452
597     D         B          127           ALA           95.09           375    178     26     7.021     4.974     1.000     0.3033      0.3725      0.2299      0.0120
598     D         B          128           GLY           95.99           375    178     14     7.021     4.974     1.000     0.2759      0.3597      0.2201      0.0113
599     D         B          129           THR           97.03           375    178     57     7.021     4.974     2.510     0.3581      0.4052      0.2557      0.0809
600     D         B          130           ARG           96.59           375    178     56     7.021     4.974     2.476     0.3552      0.4056      0.2561      0.0790
601     D         B          131           LEU           97.22           375    178     53     7.021     4.974     2.369     0.3466      0.4030      0.2540      0.0721
602     D         B          132           THR           95.55           375    178     28     7.021     4.974     1.116     0.2959      0.3726      0.2299      0.0148
603     D         B          133           VAL           96.03           375    178     28     7.021     4.974     1.116     0.2964      0.3710      0.2286      0.0147
604     D         B          134           LYS           95.25           375    178      7     7.021     4.974     1.000     0.2532      0.3480      0.2113      0.0107
605     D         B          135           PRO           94.59           375    178      0     7.021     4.974     1.000     0.1900      0.0000      0.0000      0.0000
606     D         B          136           ASN           93.01           375    178      0     7.021     4.974     1.000     0.1596      0.0000      0.0000      0.0000
607     D         B          137           ILE           91.03           375    178      0     7.021     4.974     1.000     0.1462      0.0000      0.0000      0.0000
608     D         B          138           GLN           87.03           375    178      0     7.021     4.974     1.000     0.0958      0.0000      0.0000      0.0000
609     D         B          139           ASN           89.30           375    178      0     7.021     4.974     1.000     0.0943      0.0000      0.0000      0.0000
610     D         B          140           PRO           90.17           375    178      0     7.021     4.974     1.000     0.1169      0.0000      0.0000      0.0000
611     D         B          141           ASP           92.07           375    178      0     7.021     4.974     1.000     0.1205      0.0000      0.0000      0.0000
612     D         B          142           PRO           92.45           375    178      0     7.021     4.974     1.000     0.1474      0.0000      0.0000      0.0000
613     D         B          143           ALA           91.96           375    178      0     7.021     4.974     1.000     0.1432      0.0000      0.0000      0.0000
614     D         B          144           VAL           92.46           375    178      0     7.021     4.974     1.000     0.1873      0.0000      0.0000      0.0000
615     D         B          145           TYR           92.67           375    178      0     7.021     4.974     1.000     0.1965      0.0000      0.0000      0.0000
616     D         B          146           GLN           89.86           375    178      0     7.021     4.974     1.000     0.1623      0.0000      0.0000      0.0000
617     D         B          147           LEU           88.64           375    178      0     7.021     4.974     1.000     0.1366      0.0000      0.0000      0.0000
618     D         B          148           ARG           81.69           375    178      0     7.021     4.974     1.000     0.0619      0.0000      0.0000      0.0000
619     D         B          149           ASP           71.42           375    178      0     7.021     4.974     1.000     0.0531      0.0000      0.0000      0.0000
620     D         B          150           SER           63.80           375    178      0     7.021     4.974     1.000     0.0517      0.0000      0.0000      0.0000
621     D         B          151           LYS           68.26           375    178      0     7.021     4.974     1.000     0.0515      0.0000      0.0000      0.0000
622     D         B          152           SER           61.35           375    178      0     7.021     4.974     1.000     0.0506      0.0000      0.0000      0.0000
623     D         B          153           SER           59.97           375    178      0     7.021     4.974     1.000     0.0511      0.0000      0.0000      0.0000
624     D         B          154           ASP           66.59           375    178      0     7.021     4.974     1.000     0.0534      0.0000      0.0000      0.0000
625     D         B          155           LYS           72.17           375    178      0     7.021     4.974     1.000     0.0572      0.0000      0.0000      0.0000
626     D         B          156           SER           80.08           375    178      0     7.021     4.974     1.000     0.0616      0.0000      0.0000      0.0000
627     D         B          157           VAL           90.98           375    178      0     7.021     4.974     1.000     0.1173      0.0000      0.0000      0.0000
628     D         B          158           CYS           91.98           375    178      0     7.021     4.974     1.000     0.1823      0.0000      0.0000      0.0000
629     D         B          159           LEU           93.90           375    178      0     7.021     4.974     1.000     0.2298      0.0000      0.0000      0.0000
630     D         B          160           PHE           93.85           375    178      0     7.021     4.974     1.000     0.2179      0.0000      0.0000      0.0000
631     D         B          161           THR           92.84           375    178      0     7.021     4.974     1.000     0.1521      0.0000      0.0000      0.0000
632     D         B          162           ASP           90.58           375    178      0     7.021     4.974     1.000     0.1339      0.0000      0.0000      0.0000
633     D         B          163           PHE           92.02           375    178      0     7.021     4.974     1.000     0.1516      0.0000      0.0000      0.0000
634     D         B          164           ASP           89.82           375    178      0     7.021     4.974     1.000     0.1262      0.0000      0.0000      0.0000
635     D         B          165           SER           89.12           375    178      0     7.021     4.974     1.000     0.1295      0.0000      0.0000      0.0000
636     D         B          166           GLN           87.44           375    178      0     7.021     4.974     1.000     0.1294      0.0000      0.0000      0.0000
637     D         B          167           THR           86.96           375    178      0     7.021     4.974     1.000     0.1306      0.0000      0.0000      0.0000
638     D         B          168           ASN           86.66           375    178      0     7.021     4.974     1.000     0.1219      0.0000      0.0000      0.0000
639     D         B          169           VAL           86.58           375    178      0     7.021     4.974     1.000     0.1282      0.0000      0.0000      0.0000
640     D         B          170           SER           84.59           375    178      0     7.021     4.974     1.000     0.1027      0.0000      0.0000      0.0000
641     D         B          171           GLN           83.97           375    178      0     7.021     4.974     1.000     0.1025      0.0000      0.0000      0.0000
642     D         B          172           SER           82.56           375    178      0     7.021     4.974     1.000     0.0886      0.0000      0.0000      0.0000
643     D         B          173           LYS           80.53           375    178      0     7.021     4.974     1.000     0.0842      0.0000      0.0000      0.0000
644     D         B          174           ASP           82.34           375    178      0     7.021     4.974     1.000     0.0884      0.0000      0.0000      0.0000
645     D         B          175           SER           83.23           375    178      0     7.021     4.974     1.000     0.0907      0.0000      0.0000      0.0000
646     D         B          176           ASP           86.39           375    178      0     7.021     4.974     1.000     0.0963      0.0000      0.0000      0.0000
647     D         B          177           VAL           88.56           375    178      0     7.021     4.974     1.000     0.1590      0.0000      0.0000      0.0000
648     D         B          178           TYR           91.00           375    178      0     7.021     4.974     1.000     0.1827      0.0000      0.0000      0.0000
649     D         B          179           ILE           91.68           375    178      0     7.021     4.974     1.000     0.2003      0.0000      0.0000      0.0000
650     D         B          180           THR           91.50           375    178      0     7.021     4.974     1.000     0.1790      0.0000      0.0000      0.0000
651     D         B          181           ASP           90.57           375    178      0     7.021     4.974     1.000     0.1557      0.0000      0.0000      0.0000
652     D         B          182           LYS           92.03           375    178      0     7.021     4.974     1.000     0.1596      0.0000      0.0000      0.0000
653     D         B          183           THR           92.94           375    178      0     7.021     4.974     1.000     0.1736      0.0000      0.0000      0.0000
654     D         B          184           VAL           93.70           375    178      0     7.021     4.974     1.000     0.1930      0.0000      0.0000      0.0000
655     D         B          185           LEU           92.55           375    178      0     7.021     4.974     1.000     0.1571      0.0000      0.0000      0.0000
656     D         B          186           ASP           92.99           375    178      0     7.021     4.974     1.000     0.1615      0.0000      0.0000      0.0000
657     D         B          187           MET           91.75           375    178      0     7.021     4.974     1.000     0.1574      0.0000      0.0000      0.0000
658     D         B          188           ARG           89.73           375    178      0     7.021     4.974     1.000     0.1280      0.0000      0.0000      0.0000
659     D         B          189           SER           89.43           375    178      0     7.021     4.974     1.000     0.1083      0.0000      0.0000      0.0000
660     D         B          190           MET           89.44           375    178      0     7.021     4.974     1.000     0.1064      0.0000      0.0000      0.0000
661     D         B          191           ASP           90.77           375    178      0     7.021     4.974     1.000     0.1211      0.0000      0.0000      0.0000
662     D         B          192           PHE           92.87           375    178      0     7.021     4.974     1.000     0.1518      0.0000      0.0000      0.0000
663     D         B          193           LYS           93.32           375    178      0     7.021     4.974     1.000     0.1704      0.0000      0.0000      0.0000
664     D         B          194           SER           93.99           375    178      0     7.021     4.974     1.000     0.1619      0.0000      0.0000      0.0000
665     D         B          195           ASN           94.40           375    178      0     7.021     4.974     1.000     0.2045      0.0000      0.0000      0.0000
666     D         B          196           SER           93.94           375    178      0     7.021     4.974     1.000     0.1682      0.0000      0.0000      0.0000
667     D         B          197           ALA           93.91           375    178      0     7.021     4.974     1.000     0.2058      0.0000      0.0000      0.0000
668     D         B          198           VAL           94.14           375    178      0     7.021     4.974     1.000     0.2143      0.0000      0.0000      0.0000
669     D         B          199           ALA           92.75           375    178      0     7.021     4.974     1.000     0.2060      0.0000      0.0000      0.0000
670     D         B          200           TRP           92.08           375    178      0     7.021     4.974     1.000     0.1817      0.0000      0.0000      0.0000
671     D         B          201           SER           88.26           375    178      0     7.021     4.974     1.000     0.1195      0.0000      0.0000      0.0000
672     D         B          202           ASN           84.01           375    178      0     7.021     4.974     1.000     0.0959      0.0000      0.0000      0.0000
673     D         B          203           LYS           80.88           375    178      0     7.021     4.974     1.000     0.0862      0.0000      0.0000      0.0000
674     D         B          204           SER           78.37           375    178      0     7.021     4.974     1.000     0.0776      0.0000      0.0000      0.0000
675     D         B          205           ASP           80.75           375    178      0     7.021     4.974     1.000     0.0763      0.0000      0.0000      0.0000
676     D         B          206           PHE           83.20           375    178      0     7.021     4.974     1.000     0.1009      0.0000      0.0000      0.0000
677     D         B          207           ALA           85.38           375    178      0     7.021     4.974     1.000     0.1054      0.0000      0.0000      0.0000
678     D         B          208           CYS           86.57           375    178      0     7.021     4.974     1.000     0.1084      0.0000      0.0000      0.0000
679     D         B          209           ALA           86.09           375    178      0     7.021     4.974     1.000     0.1054      0.0000      0.0000      0.0000
680     D         B          210           ASN           85.18           375    178      0     7.021     4.974     1.000     0.0985      0.0000      0.0000      0.0000
681     D         B          211           ALA           82.71           375    178      0     7.021     4.974     1.000     0.1173      0.0000      0.0000      0.0000
682     D         B          212           PHE           86.42           375    178      0     7.021     4.974     1.000     0.1295      0.0000      0.0000      0.0000
683     D         B          213           ASN           84.35           375    178      0     7.021     4.974     1.000     0.0974      0.0000      0.0000      0.0000
684     D         B          214           ASN           84.41           375    178      0     7.021     4.974     1.000     0.0963      0.0000      0.0000      0.0000
685     D         B          215           SER           82.06           375    178      0     7.021     4.974     1.000     0.0932      0.0000      0.0000      0.0000
686     D         B          216           ILE           82.19           375    178      0     7.021     4.974     1.000     0.0918      0.0000      0.0000      0.0000
687     D         B          217           ILE           82.30           375    178      0     7.021     4.974     1.000     0.0809      0.0000      0.0000      0.0000
688     D         B          218           PRO           83.45           375    178      0     7.021     4.974     1.000     0.0908      0.0000      0.0000      0.0000
689     D         B          219           GLU           82.65           375    178      0     7.021     4.974     1.000     0.0806      0.0000      0.0000      0.0000
690     D         B          220           ASP           86.06           375    178      0     7.021     4.974     1.000     0.0779      0.0000      0.0000      0.0000
691     D         B          221           THR           85.15           375    178      0     7.021     4.974     1.000     0.1084      0.0000      0.0000      0.0000
692     D         B          222           PHE           89.66           375    178      0     7.021     4.974     1.000     0.1169      0.0000      0.0000      0.0000
693     D         B          223           PHE           86.84           375    178      0     7.021     4.974     1.000     0.1203      0.0000      0.0000      0.0000
694     D         B          224           PRO           82.20           375    178      0     7.021     4.974     1.000     0.0838      0.0000      0.0000      0.0000
695     D         B          225           SER           77.54           375    178      0     7.021     4.974     1.000     0.0647      0.0000      0.0000      0.0000
696     D         B          226           PRO           69.95           375    178      0     7.021     4.974     1.000     0.0563      0.0000      0.0000      0.0000
697     D         B          227           GLU           61.96           375    178      0     7.021     4.974     1.000     0.0541      0.0000      0.0000      0.0000
698     D         B          228           SER           63.58           375    178      0     7.021     4.974     1.000     0.0520      0.0000      0.0000      0.0000
699     D         B          229           SER           72.15           375    178      0     7.021     4.974     1.000     0.0535      0.0000      0.0000      0.0000
700     D         B          230           CYS           74.89           375    178      0     7.021     4.974     1.000     0.0588      0.0000      0.0000      0.0000
701     D         B          231           ASP           79.99           375    178      0     7.021     4.974     1.000     0.0868      0.0000      0.0000      0.0000
702     D         B          232           VAL           82.15           375    178      0     7.021     4.974     1.000     0.1036      0.0000      0.0000      0.0000
703     D         B          233           LYS           80.74           375    178      0     7.021     4.974     1.000     0.1023      0.0000      0.0000      0.0000
704     D         B          234           LEU           80.53           375    178      0     7.021     4.974     1.000     0.1053      0.0000      0.0000      0.0000
705     D         B          235           VAL           82.48           375    178      0     7.021     4.974     1.000     0.1154      0.0000      0.0000      0.0000
706     D         B          236           GLU           79.27           375    178      0     7.021     4.974     1.000     0.1096      0.0000      0.0000      0.0000
707     D         B          237           LYS           83.12           375    178      0     7.021     4.974     1.000     0.1044      0.0000      0.0000      0.0000
708     D         B          238           SER           80.39           375    178      0     7.021     4.974     1.000     0.0984      0.0000      0.0000      0.0000
709     D         B          239           PHE           81.40           375    178      0     7.021     4.974     1.000     0.1127      0.0000      0.0000      0.0000
710     D         B          240           GLU           79.88           375    178      0     7.021     4.974     1.000     0.0925      0.0000      0.0000      0.0000
711     D         B          241           THR           81.73           375    178      0     7.021     4.974     1.000     0.1034      0.0000      0.0000      0.0000
712     D         B          242           ASP           82.86           375    178      0     7.021     4.974     1.000     0.0995      0.0000      0.0000      0.0000
713     D         B          243           THR           85.12           375    178      0     7.021     4.974     1.000     0.0982      0.0000      0.0000      0.0000
714     D         B          244           ASN           83.48           375    178      0     7.021     4.974     1.000     0.1027      0.0000      0.0000      0.0000
715     D         B          245           LEU           82.37           375    178      0     7.021     4.974     1.000     0.1165      0.0000      0.0000      0.0000
716     D         B          246           ASN           82.07           375    178      0     7.021     4.974     1.000     0.1043      0.0000      0.0000      0.0000
717     D         B          247           PHE           83.01           375    178      0     7.021     4.974     1.000     0.1031      0.0000      0.0000      0.0000
718     D         B          248           GLN           81.90           375    178      0     7.021     4.974     1.000     0.1048      0.0000      0.0000      0.0000
719     D         B          249           ASN           82.96           375    178      0     7.021     4.974     1.000     0.1012      0.0000      0.0000      0.0000
720     D         B          250           LEU           82.71           375    178      0     7.021     4.974     1.000     0.0952      0.0000      0.0000      0.0000
721     D         B          251           SER           85.94           375    178      0     7.021     4.974     1.000     0.0939      0.0000      0.0000      0.0000
722     D         B          252           VAL           86.25           375    178      0     7.021     4.974     1.000     0.0909      0.0000      0.0000      0.0000
723     D         B          253           ILE           85.64           375    178      0     7.021     4.974     1.000     0.0894      0.0000      0.0000      0.0000
724     D         B          254           GLY           82.78           375    178      0     7.021     4.974     1.000     0.0844      0.0000      0.0000      0.0000
725     D         B          255           PHE           86.63           375    178      0     7.021     4.974     1.000     0.0883      0.0000      0.0000      0.0000
726     D         B          256           ARG           85.76           375    178      0     7.021     4.974     1.000     0.0894      0.0000      0.0000      0.0000
727     D         B          257           ILE           85.27           375    178      0     7.021     4.974     1.000     0.0843      0.0000      0.0000      0.0000
728     D         B          258           LEU           87.16           375    178      0     7.021     4.974     1.000     0.0861      0.0000      0.0000      0.0000
729     D         B          259           LEU           85.20           375    178      0     7.021     4.974     1.000     0.0855      0.0000      0.0000      0.0000
730     D         B          260           LEU           86.14           375    178      0     7.021     4.974     1.000     0.0831      0.0000      0.0000      0.0000
731     D         B          261           LYS           85.72           375    178      0     7.021     4.974     1.000     0.0827      0.0000      0.0000      0.0000
732     D         B          262           VAL           85.51           375    178      0     7.021     4.974     1.000     0.0863      0.0000      0.0000      0.0000
733     D         B          263           ALA           84.04           375    178      0     7.021     4.974     1.000     0.0813      0.0000      0.0000      0.0000
734     D         B          264           GLY           85.01           375    178      0     7.021     4.974     1.000     0.0799      0.0000      0.0000      0.0000
735     D         B          265           PHE           88.58           375    178      0     7.021     4.974     1.000     0.0789      0.0000      0.0000      0.0000
736     D         B          266           ASN           85.27           375    178      0     7.021     4.974     1.000     0.0799      0.0000      0.0000      0.0000
737     D         B          267           LEU           87.39           375    178      0     7.021     4.974     1.000     0.0794      0.0000      0.0000      0.0000
738     D         B          268           LEU           87.65           375    178      0     7.021     4.974     1.000     0.0776      0.0000      0.0000      0.0000
739     D         B          269           MET           83.61           375    178      0     7.021     4.974     1.000     0.0726      0.0000      0.0000      0.0000
740     D         B          270           THR           85.61           375    178      0     7.021     4.974     1.000     0.0750      0.0000      0.0000      0.0000
741     D         B          271           LEU           86.59           375    178      0     7.021     4.974     1.000     0.0705      0.0000      0.0000      0.0000
742     D         B          272           ARG           86.93           375    178      0     7.021     4.974     1.000     0.0654      0.0000      0.0000      0.0000
743     D         B          273           LEU           80.35           375    178      0     7.021     4.974     1.000     0.0666      0.0000      0.0000      0.0000
744     D         B          274           TRP           83.00           375    178      0     7.021     4.974     1.000     0.0600      0.0000      0.0000      0.0000
745     D         B          275           SER           82.97           375    178      0     7.021     4.974     1.000     0.0535      0.0000      0.0000      0.0000
746     D         B          276           SER           67.42           375    178      0     7.021     4.974     1.000     0.0496      0.0000      0.0000      0.0000
471     D         C            1           MET           21.17           285    127      0     6.214     4.177     1.000     0.0375      0.0000      0.0000      0.0000
472     D         C            2           ALA           24.09           285    127      0     6.214     4.177     1.000     0.0377      0.0000      0.0000      0.0000
473     D         C            3           CYS           23.30           285    127      0     6.214     4.177     1.000     0.0380      0.0000      0.0000      0.0000
474     D         C            4           PRO           29.47           285    127      0     6.214     4.177     1.000     0.0383      0.0000      0.0000      0.0000
475     D         C            5           GLY           30.32           285    127      0     6.214     4.177     1.000     0.0383      0.0000      0.0000      0.0000
476     D         C            6           PHE           21.92           285    127      0     6.214     4.177     1.000     0.0386      0.0000      0.0000      0.0000
477     D         C            7           LEU           26.13           285    127      0     6.214     4.177     1.000     0.0393      0.0000      0.0000      0.0000
478     D         C            8           TRP           28.93           285    127      0     6.214     4.177     1.000     0.0398      0.0000      0.0000      0.0000
479     D         C            9           ALA           33.18           285    127      0     6.214     4.177     1.000     0.0404      0.0000      0.0000      0.0000
480     D         C           10           LEU           31.06           285    127      0     6.214     4.177     1.000     0.0406      0.0000      0.0000      0.0000
481     D         C           11           VAL           30.34           285    127      0     6.214     4.177     1.000     0.0416      0.0000      0.0000      0.0000
482     D         C           12           ILE           30.82           285    127      0     6.214     4.177     1.000     0.0420      0.0000      0.0000      0.0000
483     D         C           13           SER           28.38           285    127      0     6.214     4.177     1.000     0.0424      0.0000      0.0000      0.0000
484     D         C           14           THR           26.30           285    127      0     6.214     4.177     1.000     0.0426      0.0000      0.0000      0.0000
485     D         C           15           CYS           27.69           285    127      0     6.214     4.177     1.000     0.0429      0.0000      0.0000      0.0000
486     D         C           16           LEU           26.73           285    127      0     6.214     4.177     1.000     0.0431      0.0000      0.0000      0.0000
487     D         C           17           GLU           29.35           285    127      0     6.214     4.177     1.000     0.0452      0.0000      0.0000      0.0000
488     D         C           18           PHE           30.28           285    127      0     6.214     4.177     1.000     0.0457      0.0000      0.0000      0.0000
489     D         C           19           SER           36.18           285    127      0     6.214     4.177     1.000     0.0476      0.0000      0.0000      0.0000
490     D         C           20           MET           38.54           285    127      0     6.214     4.177     1.000     0.0491      0.0000      0.0000      0.0000
491     D         C           21           ALA           50.33           285    127      0     6.214     4.177     1.000     0.0501      0.0000      0.0000      0.0000
492     D         C           22           GLN           54.53           285    127      0     6.214     4.177     1.000     0.0571      0.0000      0.0000      0.0000
493     D         C           23           THR           82.87           285    127      0     6.214     4.177     1.000     0.0668      0.0000      0.0000      0.0000
494     D         C           24           VAL           94.24           285    127      8     6.214     4.177     1.000     0.3618      0.3776      0.2180      0.0161
495     D         C           25           THR           95.64           285    127      9     6.214     4.177     1.000     0.5505      0.5505      0.3591      0.0318
496     D         C           26           GLN           95.98           285    127      9     6.214     4.177     1.000     0.5237      0.5237      0.3336      0.0282
497     D         C           27           SER           93.84           285    127      9     6.214     4.177     1.000     0.4057      0.4057      0.2368      0.0176
498     D         C           28           GLN           93.84           285    127      8     6.214     4.177     1.000     0.3277      0.3348      0.1855      0.0129
499     D         C           29           PRO           93.83           285    127      9     6.214     4.177     1.000     0.3503      0.3503      0.1962      0.0138
500     D         C           30           GLU           95.06           285    127      9     6.214     4.177     1.000     0.3831      0.3831      0.2196      0.0159
501     D         C           31           MET           96.57           285    127      9     6.214     4.177     1.000     0.4288      0.4288      0.2540      0.0192
502     D         C           32           SER           95.50           285    127      9     6.214     4.177     1.000     0.3872      0.3872      0.2226      0.0162
503     D         C           33           VAL           96.36           285    127      9     6.214     4.177     1.000     0.4116      0.4116      0.2408      0.0179
504     D         C           34           GLN           95.89           285    127      9     6.214     4.177     1.000     0.3924      0.3924      0.2263      0.0165
505     D         C           35           GLU           95.34           285    127      9     6.214     4.177     1.000     0.3648      0.3648      0.2065      0.0147
506     D         C           36           ALA           95.78           285    127      9     6.214     4.177     1.000     0.3442      0.3442      0.1921      0.0135
507     D         C           37           GLU           96.38           285    127      9     6.214     4.177     1.000     0.3731      0.3731      0.2125      0.0153
508     D         C           38           THR           97.23           285    127      9     6.214     4.177     1.000     0.4613      0.4613      0.2799      0.0219
509     D         C           39           VAL           97.24           285    127      9     6.214     4.177     1.000     0.4730      0.4730      0.2897      0.0230
510     D         C           40           THR           97.31           285    127      9     6.214     4.177     1.000     0.5372      0.5372      0.3454      0.0296
511     D         C           41           LEU           97.59           285    127      9     6.214     4.177     1.000     0.5545      0.5545      0.3621      0.0320
512     D         C           42           SER           96.64           285    127      9     6.214     4.177     1.000     0.4913      0.4913      0.3057      0.0249
513     D         C           43           CYS           97.04           285    127      9     6.214     4.177     1.000     0.5101      0.5101      0.3215      0.0267
514     D         C           44           THR           96.76           285    127      9     6.214     4.177     1.000     0.5837      0.5837      0.3907      0.0362
515     D         C           45           TYR           95.91           285    127      9     6.214     4.177     1.000     0.5911      0.5911      0.3985      0.0375
516     D         C           46           ASP           93.34           285    127      9     6.214     4.177     1.000     0.5217      0.5217      0.3330      0.0284
517     D         C           47           THR           90.92           285    127      9     6.214     4.177     1.000     0.5218      0.5218      0.3337      0.0286
518     D         C           48           SER           84.85           285    127      9     6.214     4.177     1.000     0.4926      0.4926      0.3085      0.0256
519     D         C           49           GLU           83.20           285    127      9     6.214     4.177     1.000     0.5339      0.5339      0.3459      0.0304
520     D         C           50           SER           80.82           285    127      9     6.214     4.177     1.000     0.5683      0.5683      0.3786      0.0353
521     D         C           51           ASP           84.85           285    127      9     6.214     4.177     1.000     0.6224      0.6224      0.4322      0.0437
522     D         C           52           TYR           90.81           285    127      9     6.214     4.177     1.000     0.6797      0.6797      0.4954      0.0559
523     D         C           53           TYR           92.80           285    127      9     6.214     4.177     1.000     0.7217      0.7217      0.5438      0.0666
524     D         C           54           LEU           95.04           285    127      9     6.214     4.177     1.000     0.6848      0.6848      0.5006      0.0569
525     D         C           55           PHE           95.86           285    127      9     6.214     4.177     1.000     0.6846      0.6846      0.5002      0.0567
526     D         C           56           TRP           97.12           285    127      9     6.214     4.177     1.000     0.6529      0.6529      0.4620      0.0478
527     D         C           57           TYR           96.94           285    127      9     6.214     4.177     1.000     0.6535      0.6535      0.4637      0.0486
528     D         C           58           LYS           97.00           285    127      9     6.214     4.177     1.000     0.5952      0.5952      0.4025      0.0380
529     D         C           59           GLN           96.80           285    127      9     6.214     4.177     1.000     0.5756      0.5756      0.3826      0.0349
530     D         C           60           PRO           94.88           285    127      9     6.214     4.177     1.000     0.4870      0.4870      0.3020      0.0245
531     D         C           61           PRO           91.11           285    127      9     6.214     4.177     1.000     0.3582      0.3582      0.2019      0.0143
532     D         C           62           SER           87.78           285    127      3     6.214     4.177     1.000     0.2588      0.2882      0.1546      0.0104
533     D         C           63           ARG           90.33           285    127      7     6.214     4.177     1.000     0.3229      0.3405      0.1894      0.0132
534     D         C           64           GLN           92.67           285    127      9     6.214     4.177     1.000     0.4518      0.4518      0.2737      0.0215
535     D         C           65           MET           95.29           285    127      9     6.214     4.177     1.000     0.5550      0.5550      0.3629      0.0322
536     D         C           66           ILE           95.42           285    127      9     6.214     4.177     1.000     0.5958      0.5958      0.4023      0.0378
537     D         C           67           LEU           95.83           285    127      9     6.214     4.177     1.000     0.5961      0.5961      0.4032      0.0381
538     D         C           68           VAL           96.29           285    127      9     6.214     4.177     1.000     0.5821      0.5821      0.3895      0.0360
539     D         C           69           ILE           95.91           285    127      9     6.214     4.177     1.000     0.5770      0.5770      0.3843      0.0352
540     D         C           70           ARG           94.25           285    127      9     6.214     4.177     1.000     0.5783      0.5783      0.3861      0.0357
541     D         C           71           GLN           93.92           285    127      9     6.214     4.177     1.000     0.6147      0.6147      0.4234      0.0418
542     D         C           72           GLU           89.43           285    127      9     6.214     4.177     1.000     0.5924      0.5924      0.3997      0.0376
543     D         C           73           ALA           87.27           285    127      9     6.214     4.177     1.000     0.5678      0.5678      0.3769      0.0345
544     D         C           74           TYR           83.47           285    127      9     6.214     4.177     1.000     0.5172      0.5172      0.3316      0.0287
545     D         C           75           LYS           80.80           285    127      8     6.214     4.177     1.000     0.4188      0.4373      0.2628      0.0204
546     D         C           76           GLN           78.03           285    127      5     6.214     4.177     1.000     0.2875      0.3331      0.1845      0.0128
547     D         C           77           GLN           85.29           285    127      6     6.214     4.177     1.000     0.3057      0.3336      0.1849      0.0129
548     D         C           78           ASN           90.39           285    127      9     6.214     4.177     1.000     0.3743      0.3743      0.2136      0.0154
549     D         C           79           ALA           89.11           285    127      9     6.214     4.177     1.000     0.3463      0.3463      0.1937      0.0136
550     D         C           80           THR           89.81           285    127      8     6.214     4.177     1.000     0.3446      0.3529      0.1982      0.0140
551     D         C           81           GLU           88.69           285    127      6     6.214     4.177     1.000     0.2923      0.3121      0.1704      0.0117
552     D         C           82           ASN           90.79           285    127      6     6.214     4.177     1.000     0.2815      0.3043      0.1652      0.0112
553     D         C           83           ARG           95.76           285    127      9     6.214     4.177     1.000     0.3849      0.3849      0.2215      0.0162
554     D         C           84           PHE           96.58           285    127      9     6.214     4.177     1.000     0.5079      0.5079      0.3200      0.0266
555     D         C           85           SER           96.28           285    127      9     6.214     4.177     1.000     0.4823      0.4823      0.2978      0.0240
556     D         C           86           VAL           96.28           285    127      9     6.214     4.177     1.000     0.4916      0.4916      0.3057      0.0249
557     D         C           87           ASN           96.15           285    127      9     6.214     4.177     1.000     0.5434      0.5434      0.3515      0.0305
558     D         C           88           PHE           95.64           285    127      9     6.214     4.177     1.000     0.5600      0.5600      0.3680      0.0330
559     D         C           89           GLN           95.13           285    127      9     6.214     4.177     1.000     0.5540      0.5540      0.3614      0.0318
560     D         C           90           LYS           93.04           285    127      9     6.214     4.177     1.000     0.5491      0.5491      0.3578      0.0316
561     D         C           91           ALA           92.90           285    127      9     6.214     4.177     1.000     0.5176      0.5176      0.3285      0.0276
562     D         C           92           ALA           94.91           285    127      9     6.214     4.177     1.000     0.4876      0.4876      0.3025      0.0245
563     D         C           93           LYS           95.17           285    127      9     6.214     4.177     1.000     0.5389      0.5389      0.3476      0.0301
564     D         C           94           SER           96.20           285    127      9     6.214     4.177     1.000     0.5450      0.5450      0.3535      0.0309
565     D         C           95           PHE           96.85           285    127      9     6.214     4.177     1.000     0.5717      0.5717      0.3790      0.0345
566     D         C           96           SER           96.72           285    127      9     6.214     4.177     1.000     0.5484      0.5484      0.3562      0.0311
567     D         C           97           LEU           97.53           285    127      9     6.214     4.177     1.000     0.5698      0.5698      0.3772      0.0342
568     D         C           98           LYS           97.23           285    127      9     6.214     4.177     1.000     0.5609      0.5609      0.3679      0.0327
569     D         C           99           ILE           97.48           285    127      9     6.214     4.177     1.000     0.5390      0.5390      0.3477      0.0300
570     D         C          100           SER           96.25           285    127      9     6.214     4.177     1.000     0.4176      0.4176      0.2456      0.0184
571     D         C          101           ASP           96.44           285    127      9     6.214     4.177     1.000     0.3853      0.3853      0.2212      0.0161
572     D         C          102           SER           96.64           285    127      9     6.214     4.177     1.000     0.4182      0.4182      0.2460      0.0185
573     D         C          103           GLN           95.71           285    127      9     6.214     4.177     1.000     0.4183      0.4183      0.2459      0.0184
574     D         C          104           LEU           94.58           285    127      9     6.214     4.177     1.000     0.4507      0.4507      0.2713      0.0210
575     D         C          105           GLY           94.33           285    127      9     6.214     4.177     1.000     0.4460      0.4460      0.2676      0.0206
576     D         C          106           ASP           96.52           285    127      9     6.214     4.177     1.000     0.5029      0.5029      0.3152      0.0260
577     D         C          107           ALA           95.99           285    127      9     6.214     4.177     1.000     0.5008      0.5008      0.3133      0.0257
578     D         C          108           ALA           96.67           285    127      9     6.214     4.177     1.000     0.5033      0.5033      0.3159      0.0261
579     D         C          109           MET           97.02           285    127      9     6.214     4.177     1.000     0.5746      0.5746      0.3817      0.0348
580     D         C          110           TYR           97.59           285    127      9     6.214     4.177     1.000     0.6189      0.6189      0.4263      0.0417
581     D         C          111           PHE           97.11           285    127      9     6.214     4.177     1.000     0.6275      0.6275      0.4357      0.0435
582     D         C          112           CYS           96.96           285    127      9     6.214     4.177     1.000     0.6163      0.6163      0.4231      0.0411
583     D         C          113           ALA           95.99           285    127      9     6.214     4.177     1.000     0.6594      0.6594      0.4712      0.0505
584     D         C          114           TYR           94.53           285    127      9     6.214     4.177     1.000     0.6737      0.6737      0.4878      0.0542
585     D         C          115           ARG           92.44           285    127      9     6.214     4.177     1.000     0.6644      0.6644      0.4762      0.0512
586     D         C          116           SER           88.52           285    127      9     6.214     4.177     1.000     0.6857      0.6857      0.5005      0.0561
587     D         C          117           ALA           87.38           285    127      9     6.214     4.177     1.000     0.7127      0.7127      0.5353      0.0666
588     D         C          118           LEU           84.07           285    127      9     6.214     4.177     1.000     0.6472      0.6472      0.4611      0.0499
589     D         C          119           SER           80.53           285    127      8     6.214     4.177     1.000     0.4848      0.5106      0.3284      0.0291
590     D         C          120           TYR           72.39           285    127      8     6.214     4.177     1.000     0.3881      0.4059      0.2392      0.0182
591     D         C          121           ASN           70.84           285    127      1     6.214     4.177     1.000     0.2342      0.3763      0.2142      0.0154
592     D         C          122           ASP           75.90           285    127      0     6.214     4.177     1.000     0.1729      0.0000      0.0000      0.0000
593     D         C          123           MET           87.90           285    127      8     6.214     4.177     1.000     0.3592      0.3734      0.2142      0.0156
594     D         C          124           ARG           93.08           285    127      9     6.214     4.177     1.000     0.5845      0.5845      0.3923      0.0366
595     D         C          125           PHE           94.97           285    127      9     6.214     4.177     1.000     0.6269      0.6269      0.4356      0.0437
596     D         C          126           GLY           95.25           285    127      9     6.214     4.177     1.000     0.5741      0.5741      0.3816      0.0349
597     D         C          127           ALA           95.09           285    127      9     6.214     4.177     1.000     0.5193      0.5193      0.3303      0.0279
598     D         C          128           GLY           95.99           285    127      9     6.214     4.177     1.000     0.4856      0.4856      0.3006      0.0243
599     D         C          129           THR           97.03           285    127      9     6.214     4.177     1.000     0.5511      0.5511      0.3585      0.0314
600     D         C          130           ARG           96.59           285    127      9     6.214     4.177     1.000     0.5614      0.5614      0.3679      0.0326
601     D         C          131           LEU           97.22           285    127      9     6.214     4.177     1.000     0.5291      0.5291      0.3383      0.0288
602     D         C          132           THR           95.55           285    127      9     6.214     4.177     1.000     0.4889      0.4889      0.3027      0.0244
603     D         C          133           VAL           96.03           285    127      9     6.214     4.177     1.000     0.4521      0.4521      0.2723      0.0211
604     D         C          134           LYS           95.25           285    127      9     6.214     4.177     1.000     0.4154      0.4154      0.2437      0.0182
605     D         C          135           PRO           94.59           285    127      7     6.214     4.177     1.000     0.3084      0.3213      0.1763      0.0121
606     D         C          136           ASN           93.01           285    127      0     6.214     4.177     1.000     0.2406      0.0000      0.0000      0.0000
607     D         C          137           ILE           91.03           285    127      0     6.214     4.177     1.000     0.2188      0.0000      0.0000      0.0000
608     D         C          138           GLN           87.03           285    127      0     6.214     4.177     1.000     0.1283      0.0000      0.0000      0.0000
609     D         C          139           ASN           89.30           285    127      0     6.214     4.177     1.000     0.1125      0.0000      0.0000      0.0000
610     D         C          140           PRO           90.17           285    127      0     6.214     4.177     1.000     0.1434      0.0000      0.0000      0.0000
611     D         C          141           ASP           92.07           285    127      0     6.214     4.177     1.000     0.1516      0.0000      0.0000      0.0000
612     D         C          142           PRO           92.45           285    127      0     6.214     4.177     1.000     0.1862      0.0000      0.0000      0.0000
613     D         C          143           ALA           91.96           285    127      0     6.214     4.177     1.000     0.1755      0.0000      0.0000      0.0000
614     D         C          144           VAL           92.46           285    127      0     6.214     4.177     1.000     0.2364      0.0000      0.0000      0.0000
615     D         C          145           TYR           92.67           285    127      0     6.214     4.177     1.000     0.2454      0.0000      0.0000      0.0000
616     D         C          146           GLN           89.86           285    127      0     6.214     4.177     1.000     0.1987      0.0000      0.0000      0.0000
617     D         C          147           LEU           88.64           285    127      0     6.214     4.177     1.000     0.1593      0.0000      0.0000      0.0000
618     D         C          148           ARG           81.69           285    127      0     6.214     4.177     1.000     0.0613      0.0000      0.0000      0.0000
619     D         C          149           ASP           71.42           285    127      0     6.214     4.177     1.000     0.0453      0.0000      0.0000      0.0000
620     D         C          150           SER           63.80           285    127      0     6.214     4.177     1.000     0.0438      0.0000      0.0000      0.0000
621     D         C          151           LYS           68.26           285    127      0     6.214     4.177     1.000     0.0435      0.0000      0.0000      0.0000
622     D         C          152           SER           61.35           285    127      0     6.214     4.177     1.000     0.0432      0.0000      0.0000      0.0000
623     D         C          153           SER           59.97           285    127      0     6.214     4.177     1.000     0.0448      0.0000      0.0000      0.0000
624     D         C          154           ASP           66.59           285    127      0     6.214     4.177     1.000     0.0456      0.0000      0.0000      0.0000
625     D         C          155           LYS           72.17           285    127      0     6.214     4.177     1.000     0.0507      0.0000      0.0000      0.0000
626     D         C          156           SER           80.08           285    127      0     6.214     4.177     1.000     0.0579      0.0000      0.0000      0.0000
627     D         C          157           VAL           90.98           285    127      0     6.214     4.177     1.000     0.1522      0.0000      0.0000      0.0000
628     D         C          158           CYS           91.98           285    127      0     6.214     4.177     1.000     0.2400      0.0000      0.0000      0.0000
629     D         C          159           LEU           93.90           285    127      8     6.214     4.177     1.000     0.3066      0.3121      0.1702      0.0116
630     D         C          160           PHE           93.85           285    127      6     6.214     4.177     1.000     0.2883      0.3012      0.1630      0.0110
631     D         C          161           THR           92.84           285    127      0     6.214     4.177     1.000     0.2055      0.0000      0.0000      0.0000
632     D         C          162           ASP           90.58           285    127      0     6.214     4.177     1.000     0.1739      0.0000      0.0000      0.0000
633     D         C          163           PHE           92.02           285    127      0     6.214     4.177     1.000     0.1991      0.0000      0.0000      0.0000
634     D         C          164           ASP           89.82           285    127      0     6.214     4.177     1.000     0.1605      0.0000      0.0000      0.0000
635     D         C          165           SER           89.12           285    127      0     6.214     4.177     1.000     0.1583      0.0000      0.0000      0.0000
636     D         C          166           GLN           87.44           285    127      0     6.214     4.177     1.000     0.1624      0.0000      0.0000      0.0000
637     D         C          167           THR           86.96           285    127      0     6.214     4.177     1.000     0.1606      0.0000      0.0000      0.0000
638     D         C          168           ASN           86.66           285    127      0     6.214     4.177     1.000     0.1496      0.0000      0.0000      0.0000
639     D         C          169           VAL           86.58           285    127      0     6.214     4.177     1.000     0.1607      0.0000      0.0000      0.0000
640     D         C          170           SER           84.59           285    127      0     6.214     4.177     1.000     0.1178      0.0000      0.0000      0.0000
641     D         C          171           GLN           83.97           285    127      0     6.214     4.177     1.000     0.1229      0.0000      0.0000      0.0000
642     D         C          172           SER           82.56           285    127      0     6.214     4.177     1.000     0.0977      0.0000      0.0000      0.0000
643     D         C          173           LYS           80.53           285    127      0     6.214     4.177     1.000     0.0907      0.0000      0.0000      0.0000
644     D         C          174           ASP           82.34           285    127      0     6.214     4.177     1.000     0.0929      0.0000      0.0000      0.0000
645     D         C          175           SER           83.23           285    127      0     6.214     4.177     1.000     0.1026      0.0000      0.0000      0.0000
646     D         C          176           ASP           86.39           285    127      0     6.214     4.177     1.000     0.1132      0.0000      0.0000      0.0000
647     D         C          177           VAL           88.56           285    127      0     6.214     4.177     1.000     0.1999      0.0000      0.0000      0.0000
648     D         C          178           TYR           91.00           285    127      0     6.214     4.177     1.000     0.2372      0.0000      0.0000      0.0000
649     D         C          179           ILE           91.68           285    127      0     6.214     4.177     1.000     0.2623      0.0000      0.0000      0.0000
650     D         C          180           THR           91.50           285    127      0     6.214     4.177     1.000     0.2472      0.0000      0.0000      0.0000
651     D         C          181           ASP           90.57           285    127      0     6.214     4.177     1.000     0.2221      0.0000      0.0000      0.0000
652     D         C          182           LYS           92.03           285    127      0     6.214     4.177     1.000     0.2245      0.0000      0.0000      0.0000
653     D         C          183           THR           92.94           285    127      0     6.214     4.177     1.000     0.2468      0.0000      0.0000      0.0000
654     D         C          184           VAL           93.70           285    127      5     6.214     4.177     1.000     0.2738      0.2885      0.1548      0.0104
655     D         C          185           LEU           92.55           285    127      0     6.214     4.177     1.000     0.2226      0.0000      0.0000      0.0000
656     D         C          186           ASP           92.99           285    127      0     6.214     4.177     1.000     0.2207      0.0000      0.0000      0.0000
657     D         C          187           MET           91.75           285    127      0     6.214     4.177     1.000     0.2096      0.0000      0.0000      0.0000
658     D         C          188           ARG           89.73           285    127      0     6.214     4.177     1.000     0.1670      0.0000      0.0000      0.0000
659     D         C          189           SER           89.43           285    127      0     6.214     4.177     1.000     0.1403      0.0000      0.0000      0.0000
660     D         C          190           MET           89.44           285    127      0     6.214     4.177     1.000     0.1402      0.0000      0.0000      0.0000
661     D         C          191           ASP           90.77           285    127      0     6.214     4.177     1.000     0.1594      0.0000      0.0000      0.0000
662     D         C          192           PHE           92.87           285    127      0     6.214     4.177     1.000     0.2082      0.0000      0.0000      0.0000
663     D         C          193           LYS           93.32           285    127      0     6.214     4.177     1.000     0.2399      0.0000      0.0000      0.0000
664     D         C          194           SER           93.99           285    127      0     6.214     4.177     1.000     0.2341      0.0000      0.0000      0.0000
665     D         C          195           ASN           94.40           285    127      6     6.214     4.177     1.000     0.2913      0.3059      0.1661      0.0113
666     D         C          196           SER           93.94           285    127      0     6.214     4.177     1.000     0.2441      0.0000      0.0000      0.0000
667     D         C          197           ALA           93.91           285    127      6     6.214     4.177     1.000     0.2867      0.3014      0.1632      0.0111
668     D         C          198           VAL           94.14           285    127      7     6.214     4.177     1.000     0.2955      0.3057      0.1660      0.0113
669     D         C          199           ALA           92.75           285    127      4     6.214     4.177     1.000     0.2724      0.2921      0.1571      0.0106
670     D         C          200           TRP           92.08           285    127      0     6.214     4.177     1.000     0.2443      0.0000      0.0000      0.0000
671     D         C          201           SER           88.26           285    127      0     6.214     4.177     1.000     0.1554      0.0000      0.0000      0.0000
672     D         C          202           ASN           84.01           285    127      0     6.214     4.177     1.000     0.1203      0.0000      0.0000      0.0000
673     D         C          203           LYS           80.88           285    127      0     6.214     4.177     1.000     0.0994      0.0000      0.0000      0.0000
674     D         C          204           SER           78.37           285    127      0     6.214     4.177     1.000     0.0803      0.0000      0.0000      0.0000
675     D         C          205           ASP           80.75           285    127      0     6.214     4.177     1.000     0.0781      0.0000      0.0000      0.0000
676     D         C          206           PHE           83.20           285    127      0     6.214     4.177     1.000     0.1122      0.0000      0.0000      0.0000
677     D         C          207           ALA           85.38           285    127      0     6.214     4.177     1.000     0.1169      0.0000      0.0000      0.0000
678     D         C          208           CYS           86.57           285    127      0     6.214     4.177     1.000     0.1214      0.0000      0.0000      0.0000
679     D         C          209           ALA           86.09           285    127      0     6.214     4.177     1.000     0.1170      0.0000      0.0000      0.0000
680     D         C          210           ASN           85.18           285    127      0     6.214     4.177     1.000     0.1067      0.0000      0.0000      0.0000
681     D         C          211           ALA           82.71           285    127      0     6.214     4.177     1.000     0.1269      0.0000      0.0000      0.0000
682     D         C          212           PHE           86.42           285    127      0     6.214     4.177     1.000     0.1426      0.0000      0.0000      0.0000
683     D         C          213           ASN           84.35           285    127      0     6.214     4.177     1.000     0.1051      0.0000      0.0000      0.0000
684     D         C          214           ASN           84.41           285    127      0     6.214     4.177     1.000     0.1004      0.0000      0.0000      0.0000
685     D         C          215           SER           82.06           285    127      0     6.214     4.177     1.000     0.0978      0.0000      0.0000      0.0000
686     D         C          216           ILE           82.19           285    127      0     6.214     4.177     1.000     0.0945      0.0000      0.0000      0.0000
687     D         C          217           ILE           82.30           285    127      0     6.214     4.177     1.000     0.0797      0.0000      0.0000      0.0000
688     D         C          218           PRO           83.45           285    127      0     6.214     4.177     1.000     0.0937      0.0000      0.0000      0.0000
689     D         C          219           GLU           82.65           285    127      0     6.214     4.177     1.000     0.0805      0.0000      0.0000      0.0000
690     D         C          220           ASP           86.06           285    127      0     6.214     4.177     1.000     0.0773      0.0000      0.0000      0.0000
691     D         C          221           THR           85.15           285    127      0     6.214     4.177     1.000     0.1116      0.0000      0.0000      0.0000
692     D         C          222           PHE           89.66           285    127      0     6.214     4.177     1.000     0.1218      0.0000      0.0000      0.0000
693     D         C          223           PHE           86.84           285    127      0     6.214     4.177     1.000     0.1210      0.0000      0.0000      0.0000
694     D         C          224           PRO           82.20           285    127      0     6.214     4.177     1.000     0.0847      0.0000      0.0000      0.0000
695     D         C          225           SER           77.54           285    127      0     6.214     4.177     1.000     0.0649      0.0000      0.0000      0.0000
696     D         C          226           PRO           69.95           285    127      0     6.214     4.177     1.000     0.0515      0.0000      0.0000      0.0000
697     D         C          227           GLU           61.96           285    127      0     6.214     4.177     1.000     0.0502      0.0000      0.0000      0.0000
698     D         C          228           SER           63.58           285    127      0     6.214     4.177     1.000     0.0454      0.0000      0.0000      0.0000
699     D         C          229           SER           72.15           285    127      0     6.214     4.177     1.000     0.0486      0.0000      0.0000      0.0000
700     D         C          230           CYS           74.89           285    127      0     6.214     4.177     1.000     0.0587      0.0000      0.0000      0.0000
701     D         C          231           ASP           79.99           285    127      0     6.214     4.177     1.000     0.0920      0.0000      0.0000      0.0000
702     D         C          232           VAL           82.15           285    127      0     6.214     4.177     1.000     0.1093      0.0000      0.0000      0.0000
703     D         C          233           LYS           80.74           285    127      0     6.214     4.177     1.000     0.1149      0.0000      0.0000      0.0000
704     D         C          234           LEU           80.53           285    127      0     6.214     4.177     1.000     0.1202      0.0000      0.0000      0.0000
705     D         C          235           VAL           82.48           285    127      0     6.214     4.177     1.000     0.1245      0.0000      0.0000      0.0000
706     D         C          236           GLU           79.27           285    127      0     6.214     4.177     1.000     0.1209      0.0000      0.0000      0.0000
707     D         C          237           LYS           83.12           285    127      0     6.214     4.177     1.000     0.1167      0.0000      0.0000      0.0000
708     D         C          238           SER           80.39           285    127      0     6.214     4.177     1.000     0.1139      0.0000      0.0000      0.0000
709     D         C          239           PHE           81.40           285    127      0     6.214     4.177     1.000     0.1222      0.0000      0.0000      0.0000
710     D         C          240           GLU           79.88           285    127      0     6.214     4.177     1.000     0.1004      0.0000      0.0000      0.0000
711     D         C          241           THR           81.73           285    127      0     6.214     4.177     1.000     0.1079      0.0000      0.0000      0.0000
712     D         C          242           ASP           82.86           285    127      0     6.214     4.177     1.000     0.1031      0.0000      0.0000      0.0000
713     D         C          243           THR           85.12           285    127      0     6.214     4.177     1.000     0.1041      0.0000      0.0000      0.0000
714     D         C          244           ASN           83.48           285    127      0     6.214     4.177     1.000     0.1019      0.0000      0.0000      0.0000
715     D         C          245           LEU           82.37           285    127      0     6.214     4.177     1.000     0.1101      0.0000      0.0000      0.0000
716     D         C          246           ASN           82.07           285    127      0     6.214     4.177     1.000     0.1031      0.0000      0.0000      0.0000
717     D         C          247           PHE           83.01           285    127      0     6.214     4.177     1.000     0.1011      0.0000      0.0000      0.0000
718     D         C          248           GLN           81.90           285    127      0     6.214     4.177     1.000     0.1010      0.0000      0.0000      0.0000
719     D         C          249           ASN           82.96           285    127      0     6.214     4.177     1.000     0.1001      0.0000      0.0000      0.0000
720     D         C          250           LEU           82.71           285    127      0     6.214     4.177     1.000     0.0941      0.0000      0.0000      0.0000
721     D         C          251           SER           85.94           285    127      0     6.214     4.177     1.000     0.0926      0.0000      0.0000      0.0000
722     D         C          252           VAL           86.25           285    127      0     6.214     4.177     1.000     0.0903      0.0000      0.0000      0.0000
723     D         C          253           ILE           85.64           285    127      0     6.214     4.177     1.000     0.0888      0.0000      0.0000      0.0000
724     D         C          254           GLY           82.78           285    127      0     6.214     4.177     1.000     0.0828      0.0000      0.0000      0.0000
725     D         C          255           PHE           86.63           285    127      0     6.214     4.177     1.000     0.0862      0.0000      0.0000      0.0000
726     D         C          256           ARG           85.76           285    127      0     6.214     4.177     1.000     0.0875      0.0000      0.0000      0.0000
727     D         C          257           ILE           85.27           285    127      0     6.214     4.177     1.000     0.0835      0.0000      0.0000      0.0000
728     D         C          258           LEU           87.16           285    127      0     6.214     4.177     1.000     0.0845      0.0000      0.0000      0.0000
729     D         C          259           LEU           85.20           285    127      0     6.214     4.177     1.000     0.0828      0.0000      0.0000      0.0000
730     D         C          260           LEU           86.14           285    127      0     6.214     4.177     1.000     0.0814      0.0000      0.0000      0.0000
731     D         C          261           LYS           85.72           285    127      0     6.214     4.177     1.000     0.0814      0.0000      0.0000      0.0000
732     D         C          262           VAL           85.51           285    127      0     6.214     4.177     1.000     0.0836      0.0000      0.0000      0.0000
733     D         C          263           ALA           84.04           285    127      0     6.214     4.177     1.000     0.0777      0.0000      0.0000      0.0000
734     D         C          264           GLY           85.01           285    127      0     6.214     4.177     1.000     0.0746      0.0000      0.0000      0.0000
735     D         C          265           PHE           88.58           285    127      0     6.214     4.177     1.000     0.0782      0.0000      0.0000      0.0000
736     D         C          266           ASN           85.27           285    127      0     6.214     4.177     1.000     0.0770      0.0000      0.0000      0.0000
737     D         C          267           LEU           87.39           285    127      0     6.214     4.177     1.000     0.0743      0.0000      0.0000      0.0000
738     D         C          268           LEU           87.65           285    127      0     6.214     4.177     1.000     0.0735      0.0000      0.0000      0.0000
739     D         C          269           MET           83.61           285    127      0     6.214     4.177     1.000     0.0714      0.0000      0.0000      0.0000
740     D         C          270           THR           85.61           285    127      0     6.214     4.177     1.000     0.0716      0.0000      0.0000      0.0000
741     D         C          271           LEU           86.59           285    127      0     6.214     4.177     1.000     0.0681      0.0000      0.0000      0.0000
742     D         C          272           ARG           86.93           285    127      0     6.214     4.177     1.000     0.0662      0.0000      0.0000      0.0000
743     D         C          273           LEU           80.35           285    127      0     6.214     4.177     1.000     0.0654      0.0000      0.0000      0.0000
744     D         C          274           TRP           83.00           285    127      0     6.214     4.177     1.000     0.0575      0.0000      0.0000      0.0000
745     D         C          275           SER           82.97           285    127      0     6.214     4.177     1.000     0.0489      0.0000      0.0000      0.0000
746     D         C          276           SER           67.42           285    127      0     6.214     4.177     1.000     0.0419      0.0000      0.0000      0.0000
471     D         E            1           MET           21.17           588    547      0     8.499     8.248     1.000     0.0677      0.0000      0.0000      0.0000
472     D         E            2           ALA           24.09           588    547      0     8.499     8.248     1.000     0.0680      0.0000      0.0000      0.0000
473     D         E            3           CYS           23.30           588    547      0     8.499     8.248     1.000     0.0681      0.0000      0.0000      0.0000
474     D         E            4           PRO           29.47           588    547      0     8.499     8.248     1.000     0.0687      0.0000      0.0000      0.0000
475     D         E            5           GLY           30.32           588    547      0     8.499     8.248     1.000     0.0686      0.0000      0.0000      0.0000
476     D         E            6           PHE           21.92           588    547      0     8.499     8.248     1.000     0.0691      0.0000      0.0000      0.0000
477     D         E            7           LEU           26.13           588    547      0     8.499     8.248     1.000     0.0700      0.0000      0.0000      0.0000
478     D         E            8           TRP           28.93           588    547      0     8.499     8.248     1.000     0.0706      0.0000      0.0000      0.0000
479     D         E            9           ALA           33.18           588    547      0     8.499     8.248     1.000     0.0710      0.0000      0.0000      0.0000
480     D         E           10           LEU           31.06           588    547      0     8.499     8.248     1.000     0.0715      0.0000      0.0000      0.0000
481     D         E           11           VAL           30.34           588    547      0     8.499     8.248     1.000     0.0723      0.0000      0.0000      0.0000
482     D         E           12           ILE           30.82           588    547      0     8.499     8.248     1.000     0.0730      0.0000      0.0000      0.0000
483     D         E           13           SER           28.38           588    547      0     8.499     8.248     1.000     0.0730      0.0000      0.0000      0.0000
484     D         E           14           THR           26.30           588    547      0     8.499     8.248     1.000     0.0742      0.0000      0.0000      0.0000
485     D         E           15           CYS           27.69           588    547      0     8.499     8.248     1.000     0.0741      0.0000      0.0000      0.0000
486     D         E           16           LEU           26.73           588    547      0     8.499     8.248     1.000     0.0760      0.0000      0.0000      0.0000
487     D         E           17           GLU           29.35           588    547      0     8.499     8.248     1.000     0.0766      0.0000      0.0000      0.0000
488     D         E           18           PHE           30.28           588    547      0     8.499     8.248     1.000     0.0779      0.0000      0.0000      0.0000
489     D         E           19           SER           36.18           588    547      0     8.499     8.248     1.000     0.0793      0.0000      0.0000      0.0000
490     D         E           20           MET           38.54           588    547      0     8.499     8.248     1.000     0.0823      0.0000      0.0000      0.0000
491     D         E           21           ALA           50.33           588    547      0     8.499     8.248     1.000     0.0863      0.0000      0.0000      0.0000
492     D         E           22           GLN           54.53           588    547      0     8.499     8.248     1.000     0.0979      0.0000      0.0000      0.0000
493     D         E           23           THR           82.87           588    547      0     8.499     8.248     1.000     0.1269      0.0000      0.0000      0.0000
494     D         E           24           VAL           94.24           588    547    241     8.499     8.248     5.753     0.5190      0.6139      0.6002      0.4313
495     D         E           25           THR           95.64           588    547    249     8.499     8.248     5.841     0.6465      0.7554      0.7446      0.6024
496     D         E           26           GLN           95.98           588    547    249     8.499     8.248     5.841     0.6327      0.7369      0.7256      0.5784
497     D         E           27           SER           93.84           588    547    234     8.499     8.248     5.674     0.4997      0.5975      0.5835      0.4067
498     D         E           28           GLN           93.84           588    547    241     8.499     8.248     5.753     0.5158      0.6091      0.5952      0.4228
499     D         E           29           PRO           93.83           588    547    246     8.499     8.248     5.808     0.5736      0.6722      0.6592      0.4953
500     D         E           30           GLU           95.06           588    547    249     8.499     8.248     5.841     0.6026      0.7015      0.6891      0.5324
501     D         E           31           MET           96.57           588    547    254     8.499     8.248     5.895     0.6529      0.7528      0.7420      0.6020
502     D         E           32           SER           95.50           588    547    254     8.499     8.248     5.895     0.6251      0.7197      0.7079      0.5595
503     D         E           33           VAL           96.36           588    547    256     8.499     8.248     5.917     0.6560      0.7518      0.7409      0.6019
504     D         E           34           GLN           95.89           588    547    256     8.499     8.248     5.917     0.6251      0.7154      0.7034      0.5554
505     D         E           35           GLU           95.34           588    547    254     8.499     8.248     5.895     0.6006      0.6896      0.6769      0.5226
506     D         E           36           ALA           95.78           588    547    254     8.499     8.248     5.895     0.5744      0.6577      0.6444      0.4865
507     D         E           37           GLU           96.38           588    547    249     8.499     8.248     5.841     0.5683      0.6574      0.6441      0.4808
508     D         E           38           THR           97.23           588    547    256     8.499     8.248     5.917     0.6392      0.7318      0.7203      0.5766
509     D         E           39           VAL           97.24           588    547    256     8.499     8.248     5.917     0.6394      0.7316      0.7200      0.5760
510     D         E           40           THR           97.31           588    547    257     8.499     8.248     5.927     0.6698      0.7667      0.7563      0.6238
511     D         E           41           LEU           97.59           588    547    259     8.499     8.248     5.949     0.6956      0.7933      0.7838      0.6624
512     D         E           42           SER           96.64           588    547    249     8.499     8.248     5.841     0.5934      0.6913      0.6788      0.5210
513     D         E           43           CYS           97.04           588    547    251     8.499     8.248     5.863     0.6530      0.7585      0.7478      0.6072
514     D         E           44           THR           96.76           588    547    252     8.499     8.248     5.874     0.6598      0.7640      0.7535      0.6159
515     D         E           45           TYR           95.91           588    547    251     8.499     8.248     5.863     0.6702      0.7779      0.7679      0.6345
516     D         E           46           ASP           93.34           588    547    245     8.499     8.248     5.797     0.5826      0.6859      0.6734      0.5129
517     D         E           47           THR           90.92           588    547    238     8.499     8.248     5.720     0.5147      0.6143      0.6006      0.4293
518     D         E           48           SER           84.85           588    547    200     8.499     8.248     5.266     0.4605      0.5791      0.5650      0.3557
519     D         E           49           GLU           83.20           588    547    178     8.499     8.248     4.974     0.4346      0.5657      0.5516      0.3191
520     D         E           50           SER           80.82           588    547    176     8.499     8.248     4.946     0.4323      0.5616      0.5474      0.3140
521     D         E           51           ASP           84.85           588    547    238     8.499     8.248     5.720     0.5227      0.6270      0.6137      0.4451
522     D         E           52           TYR           90.81           588    547    248     8.499     8.248     5.830     0.6472      0.7573      0.7467      0.6070
523     D         E           53           TYR           92.80           588    547    256     8.499     8.248     5.917     0.6969      0.8006      0.7915      0.6730
524     D         E           54           LEU           95.04           588    547    261     8.499     8.248     5.970     0.7292      0.8269      0.8189      0.7150
525     D         E           55           PHE           95.86           588    547    261     8.499     8.248     5.970     0.7369      0.8363      0.8286      0.7290
526     D         E           56           TRP           97.12           588    547    264     8.499     8.248     6.001     0.7597      0.8555      0.8487      0.7603
527     D         E           57           TYR           96.94           588    547    263     8.499     8.248     5.991     0.7569      0.8561      0.8493      0.7603
528     D         E           58           LYS           97.00           588    547    258     8.499     8.248     5.938     0.7250      0.8306      0.8226      0.7167
529     D         E           59           GLN           96.80           588    547    259     8.499     8.248     5.949     0.7349      0.8406      0.8331      0.7333
530     D         E           60           PRO           94.88           588    547    254     8.499     8.248     5.895     0.6873      0.7944      0.7850      0.6604
531     D         E           61           PRO           91.11           588    547    252     8.499     8.248     5.874     0.6522      0.7573      0.7467      0.6078
532     D         E           62           SER           87.78           588    547    244     8.499     8.248     5.786     0.5596      0.6599      0.6470      0.4842
533     D         E           63           ARG           90.33           588    547    245     8.499     8.248     5.797     0.5702      0.6756      0.6631      0.5043
534     D         E           64           GLN           92.67           588    547    245     8.499     8.248     5.797     0.6166      0.7289      0.7175      0.5672
535     D         E           65           MET           95.29           588    547    255     8.499     8.248     5.906     0.6957      0.8044      0.7956      0.6788
536     D         E           66           ILE           95.42           588    547    257     8.499     8.248     5.927     0.7182      0.8248      0.8167      0.7085
537     D         E           67           LEU           95.83           588    547    257     8.499     8.248     5.927     0.7168      0.8226      0.8144      0.7057
538     D         E           68           VAL           96.29           588    547    256     8.499     8.248     5.917     0.7010      0.8066      0.7977      0.6807
539     D         E           69           ILE           95.91           588    547    252     8.499     8.248     5.874     0.6562      0.7598      0.7492      0.6116
540     D         E           70           ARG           94.25           588    547    247     8.499     8.248     5.819     0.6159      0.7196      0.7079      0.5557
541     D         E           71           GLN           93.92           588    547    250     8.499     8.248     5.852     0.6457      0.7508      0.7399      0.5983
542     D         E           72           GLU           89.43           588    547    245     8.499     8.248     5.797     0.5759      0.6774      0.6648      0.5048
543     D         E           73           ALA           87.27           588    547    238     8.499     8.248     5.720     0.5116      0.6094      0.5958      0.4254
544     D         E           74           TYR           83.47           588    547    205     8.499     8.248     5.329     0.4618      0.5783      0.5643      0.3607
545     D         E           75           LYS           80.80           588    547     81     8.499     8.248     3.211     0.3354      0.5236      0.5090      0.1424
546     D         E           76           GLN           78.03           588    547     11     8.499     8.248     1.000     0.2272      0.5250      0.5105      0.0162
547     D         E           77           GLN           85.29           588    547     44     8.499     8.248     2.010     0.3147      0.4821      0.4673      0.0511
548     D         E           78           ASN           90.39           588    547    212     8.499     8.248     5.415     0.4283      0.5121      0.4973      0.3017
549     D         E           79           ALA           89.11           588    547    211     8.499     8.248     5.403     0.4291      0.5146      0.4998      0.3028
550     D         E           80           THR           89.81           588    547    195     8.499     8.248     5.201     0.4120      0.5015      0.4867      0.2771
551     D         E           81           GLU           88.69           588    547    160     8.499     8.248     4.714     0.3930      0.4981      0.4833      0.2366
552     D         E           82           ASN           90.79           588    547     98     8.499     8.248     3.609     0.3557      0.4854      0.4706      0.1479
553     D         E           83           ARG           95.76           588    547    241     8.499     8.248     5.753     0.5049      0.5885      0.5743      0.4013
554     D         E           84           PHE           96.58           588    547    254     8.499     8.248     5.895     0.6290      0.7234      0.7117      0.5646
555     D         E           85           SER           96.28           588    547    250     8.499     8.248     5.852     0.5920      0.6834      0.6707      0.5122
556     D         E           86           VAL           96.28           588    547    250     8.499     8.248     5.852     0.6123      0.7090      0.6968      0.5427
557     D         E           87           ASN           96.15           588    547    253     8.499     8.248     5.884     0.6335      0.7312      0.7197      0.5734
558     D         E           88           PHE           95.64           588    547    251     8.499     8.248     5.863     0.6486      0.7520      0.7411      0.5991
559     D         E           89           GLN           95.13           588    547    249     8.499     8.248     5.841     0.6135      0.7146      0.7026      0.5490
560     D         E           90           LYS           93.04           588    547    247     8.499     8.248     5.819     0.6017      0.7037      0.6915      0.5342
561     D         E           91           ALA           92.90           588    547    244     8.499     8.248     5.786     0.5381      0.6305      0.6169      0.4488
562     D         E           92           ALA           94.91           588    547    244     8.499     8.248     5.786     0.5499      0.6457      0.6324      0.4654
563     D         E           93           LYS           95.17           588    547    249     8.499     8.248     5.841     0.6268      0.7305      0.7189      0.5690
564     D         E           94           SER           96.20           588    547    249     8.499     8.248     5.841     0.6181      0.7189      0.7070      0.5541
565     D         E           95           PHE           96.85           588    547    256     8.499     8.248     5.917     0.6724      0.7729      0.7628      0.6324
566     D         E           96           SER           96.72           588    547    255     8.499     8.248     5.906     0.6375      0.7319      0.7205      0.5764
567     D         E           97           LEU           97.53           588    547    260     8.499     8.248     5.959     0.7014      0.7981      0.7889      0.6704
568     D         E           98           LYS           97.23           588    547    260     8.499     8.248     5.959     0.6750      0.7668      0.7565      0.6267
569     D         E           99           ILE           97.48           588    547    260     8.499     8.248     5.959     0.6937      0.7891      0.7794      0.6565
570     D         E          100           SER           96.25           588    547    252     8.499     8.248     5.874     0.5835      0.6706      0.6576      0.4989
571     D         E          101           ASP           96.44           588    547    255     8.499     8.248     5.906     0.6006      0.6869      0.6743      0.5209
572     D         E          102           SER           96.64           588    547    258     8.499     8.248     5.938     0.6471      0.7369      0.7255      0.5846
573     D         E          103           GLN           95.71           588    547    258     8.499     8.248     5.938     0.6783      0.7744      0.7642      0.6341
574     D         E          104           LEU           94.58           588    547    260     8.499     8.248     5.959     0.6971      0.7935      0.7840      0.6628
575     D         E          105           GLY           94.33           588    547    257     8.499     8.248     5.927     0.6815      0.7811      0.7712      0.6430
576     D         E          106           ASP           96.52           588    547    260     8.499     8.248     5.959     0.7197      0.8200      0.8116      0.7016
577     D         E          107           ALA           95.99           588    547    261     8.499     8.248     5.970     0.7226      0.8208      0.8124      0.7037
578     D         E          108           ALA           96.67           588    547    259     8.499     8.248     5.949     0.7201      0.8221      0.8137      0.7044
579     D         E          109           MET           97.02           588    547    262     8.499     8.248     5.980     0.7388      0.8385      0.8309      0.7322
580     D         E          110           TYR           97.59           588    547    263     8.499     8.248     5.991     0.7610      0.8605      0.8538      0.7669
581     D         E          111           PHE           97.11           588    547    261     8.499     8.248     5.970     0.7562      0.8589      0.8521      0.7624
582     D         E          112           CYS           96.96           588    547    259     8.499     8.248     5.949     0.7151      0.8156      0.8070      0.6961
583     D         E          113           ALA           95.99           588    547    258     8.499     8.248     5.938     0.7103      0.8117      0.8031      0.6903
584     D         E          114           TYR           94.53           588    547    256     8.499     8.248     5.917     0.7106      0.8163      0.8078      0.6958
585     D         E          115           ARG           92.44           588    547    247     8.499     8.248     5.819     0.6477      0.7607      0.7503      0.6113
586     D         E          116           SER           88.52           588    547    245     8.499     8.248     5.797     0.6015      0.7142      0.7026      0.5526
587     D         E          117           ALA           87.38           588    547    242     8.499     8.248     5.764     0.5529      0.6591      0.6465      0.4871
588     D         E          118           LEU           84.07           588    547    188     8.499     8.248     5.109     0.4592      0.5951      0.5816      0.3652
589     D         E          119           SER           80.53           588    547     80     8.499     8.248     3.186     0.3037      0.5609      0.5467      0.1641
590     D         E          120           TYR           72.39           588    547     50     8.499     8.248     2.256     0.2692      0.5736      0.5594      0.0951
591     D         E          121           ASN           70.84           588    547     26     8.499     8.248     1.000     0.2003      0.5390      0.5243      0.0167
592     D         E          122           ASP           75.90           588    547     29     8.499     8.248     1.189     0.2090      0.5192      0.5045      0.0216
593     D         E          123           MET           87.90           588    547    149     8.499     8.248     4.545     0.4364      0.6392      0.6263      0.3617
594     D         E          124           ARG           93.08           588    547    246     8.499     8.248     5.808     0.6282      0.7433      0.7324      0.5896
595     D         E          125           PHE           94.97           588    547    254     8.499     8.248     5.895     0.6991      0.8095      0.8008      0.6856
596     D         E          126           GLY           95.25           588    547    249     8.499     8.248     5.841     0.6481      0.7578      0.7473      0.6093
597     D         E          127           ALA           95.09           588    547    248     8.499     8.248     5.830     0.6395      0.7482      0.7373      0.5931
598     D         E          128           GLY           95.99           588    547    248     8.499     8.248     5.830     0.6271      0.7334      0.7220      0.5735
599     D         E          129           THR           97.03           588    547    259     8.499     8.248     5.949     0.7193      0.8215      0.8131      0.7033
600     D         E          130           ARG           96.59           588    547    259     8.499     8.248     5.949     0.7259      0.8298      0.8217      0.7148
601     D         E          131           LEU           97.22           588    547    260     8.499     8.248     5.959     0.7331      0.8360      0.8282      0.7255
602     D         E          132           THR           95.55           588    547    258     8.499     8.248     5.938     0.7098      0.8122      0.8034      0.6872
603     D         E          133           VAL           96.03           588    547    260     8.499     8.248     5.959     0.7086      0.8064      0.7974      0.6811
604     D         E          134           LYS           95.25           588    547    258     8.499     8.248     5.938     0.6562      0.7489      0.7379      0.6001
605     D         E          135           PRO           94.59           588    547    253     8.499     8.248     5.884     0.5850      0.6721      0.6592      0.5025
606     D         E          136           ASN           93.01           588    547    246     8.499     8.248     5.808     0.5119      0.5904      0.5763      0.4097
607     D         E          137           ILE           91.03           588    547    218     8.499     8.248     5.488     0.4600      0.5457      0.5312      0.3399
608     D         E          138           GLN           87.03           588    547     51     8.499     8.248     2.294     0.3123      0.5137      0.4990      0.0746
609     D         E          139           ASN           89.30           588    547     52     8.499     8.248     2.332     0.3115      0.5297      0.5152      0.0837
610     D         E          140           PRO           90.17           588    547    116     8.499     8.248     3.975     0.3972      0.5595      0.5453      0.2303
611     D         E          141           ASP           92.07           588    547    161     8.499     8.248     4.729     0.4412      0.5764      0.5625      0.3109
612     D         E          142           PRO           92.45           588    547    234     8.499     8.248     5.674     0.5232      0.6089      0.5955      0.4252
613     D         E          143           ALA           91.96           588    547    230     8.499     8.248     5.629     0.5255      0.6164      0.6031      0.4295
614     D         E          144           VAL           92.46           588    547    262     8.499     8.248     5.980     0.6302      0.7071      0.6955      0.5604
615     D         E          145           TYR           92.67           588    547    262     8.499     8.248     5.980     0.6360      0.7143      0.7029      0.5693
616     D         E          146           GLN           89.86           588    547    258     8.499     8.248     5.938     0.5925      0.6685      0.6563      0.5140
617     D         E          147           LEU           88.64           588    547    206     8.499     8.248     5.341     0.5158      0.6321      0.6193      0.4263
618     D         E          148           ARG           81.69           588    547     37     8.499     8.248     1.675     0.2361      0.5580      0.5437      0.0517
619     D         E          149           ASP           71.42           588    547     14     8.499     8.248     1.000     0.1609      0.5248      0.5101      0.0157
620     D         E          150           SER           63.80           588    547      5     8.499     8.248     1.000     0.1372      0.5242      0.5095      0.0155
621     D         E          151           LYS           68.26           588    547      8     8.499     8.248     1.000     0.1399      0.4776      0.4628      0.0127
622     D         E          152           SER           61.35           588    547      2     8.499     8.248     1.000     0.1205      0.4693      0.4544      0.0121
623     D         E          153           SER           59.97           588    547      0     8.499     8.248     1.000     0.1204      0.0000      0.0000      0.0000
624     D         E          154           ASP           66.59           588    547      2     8.499     8.248     1.000     0.1442      0.5501      0.5352      0.0168
625     D         E          155           LYS           72.17           588    547     17     8.499     8.248     1.000     0.1983      0.5201      0.5053      0.0156
626     D         E          156           SER           80.08           588    547     42     8.499     8.248     1.920     0.2383      0.5159      0.5012      0.0545
627     D         E          157           VAL           90.98           588    547    190     8.499     8.248     5.136     0.4903      0.6240      0.6110      0.3998
628     D         E          158           CYS           91.98           588    547    261     8.499     8.248     5.970     0.6509      0.7341      0.7233      0.5944
629     D         E          159           LEU           93.90           588    547    263     8.499     8.248     5.991     0.6947      0.7808      0.7712      0.6537
630     D         E          160           PHE           93.85           588    547    263     8.499     8.248     5.991     0.6767      0.7607      0.7504      0.6271
631     D         E          161           THR           92.84           588    547    246     8.499     8.248     5.808     0.5442      0.6266      0.6136      0.4562
632     D         E          162           ASP           90.58           588    547    196     8.499     8.248     5.214     0.4782      0.5907      0.5770      0.3680
633     D         E          163           PHE           92.02           588    547    232     8.499     8.248     5.651     0.5185      0.6081      0.5946      0.4204
634     D         E          164           ASP           89.82           588    547    147     8.499     8.248     4.514     0.4190      0.5490      0.5346      0.2646
635     D         E          165           SER           89.12           588    547    168     8.499     8.248     4.832     0.4316      0.5460      0.5315      0.2873
636     D         E          166           GLN           87.44           588    547    172     8.499     8.248     4.889     0.4342      0.5456      0.5311      0.2913
637     D         E          167           THR           86.96           588    547    182     8.499     8.248     5.029     0.4352      0.5406      0.5260      0.2972
638     D         E          168           ASN           86.66           588    547    183     8.499     8.248     5.042     0.4332      0.5420      0.5275      0.3011
639     D         E          169           VAL           86.58           588    547    193     8.499     8.248     5.175     0.4468      0.5505      0.5361      0.3199
640     D         E          170           SER           84.59           588    547    122     8.499     8.248     4.087     0.3810      0.5290      0.5145      0.2138
641     D         E          171           GLN           83.97           588    547    133     8.499     8.248     4.282     0.3894      0.5318      0.5173      0.2318
642     D         E          172           SER           82.56           588    547     88     8.499     8.248     3.382     0.3499      0.5355      0.5210      0.1621
643     D         E          173           LYS           80.53           588    547     68     8.499     8.248     2.858     0.3194      0.5259      0.5113      0.1173
644     D         E          174           ASP           82.34           588    547     72     8.499     8.248     2.972     0.3337      0.5385      0.5242      0.1346
645     D         E          175           SER           83.23           588    547    114     8.499     8.248     3.936     0.3707      0.5452      0.5309      0.2160
646     D         E          176           ASP           86.39           588    547    154     8.499     8.248     4.623     0.4261      0.5831      0.5691      0.3060
647     D         E          177           VAL           88.56           588    547    255     8.499     8.248     5.906     0.5805      0.6631      0.6506      0.5022
648     D         E          178           TYR           91.00           588    547    257     8.499     8.248     5.927     0.6262      0.7152      0.7036      0.5633
649     D         E          179           ILE           91.68           588    547    260     8.499     8.248     5.959     0.6533      0.7417      0.7308      0.5986
650     D         E          180           THR           91.50           588    547    256     8.499     8.248     5.917     0.6199      0.7100      0.6983      0.5554
651     D         E          181           ASP           90.57           588    547    252     8.499     8.248     5.874     0.5859      0.6761      0.6636      0.5120
652     D         E          182           LYS           92.03           588    547    253     8.499     8.248     5.884     0.5784      0.6632      0.6505      0.4987
653     D         E          183           THR           92.94           588    547    257     8.499     8.248     5.927     0.6043      0.6881      0.6759      0.5306
654     D         E          184           VAL           93.70           588    547    261     8.499     8.248     5.970     0.6396      0.7225      0.7111      0.5749
655     D         E          185           LEU           92.55           588    547    257     8.499     8.248     5.927     0.5789      0.6560      0.6432      0.4953
656     D         E          186           ASP           92.99           588    547    258     8.499     8.248     5.938     0.5808      0.6567      0.6439      0.4968
657     D         E          187           MET           91.75           588    547    258     8.499     8.248     5.938     0.5761      0.6492      0.6364      0.4893
658     D         E          188           ARG           89.73           588    547    231     8.499     8.248     5.640     0.5238      0.6115      0.5982      0.4260
659     D         E          189           SER           89.43           588    547    163     8.499     8.248     4.759     0.4449      0.5753      0.5615      0.3148
660     D         E          190           MET           89.44           588    547    156     8.499     8.248     4.654     0.4449      0.5802      0.5664      0.3110
661     D         E          191           ASP           90.77           588    547    187     8.499     8.248     5.096     0.4714      0.5806      0.5667      0.3479
662     D         E          192           PHE           92.87           588    547    256     8.499     8.248     5.917     0.5645      0.6378      0.6248      0.4749
663     D         E          193           LYS           93.32           588    547    260     8.499     8.248     5.959     0.6096      0.6872      0.6751      0.5337
664     D         E          194           SER           93.99           588    547    257     8.499     8.248     5.927     0.5888      0.6686      0.6561      0.5102
665     D         E          195           ASN           94.40           588    547    261     8.499     8.248     5.970     0.6510      0.7365      0.7256      0.5942
666     D         E          196           SER           93.94           588    547    257     8.499     8.248     5.927     0.6059      0.6900      0.6781      0.5365
667     D         E          197           ALA           93.91           588    547    261     8.499     8.248     5.970     0.6690      0.7570      0.7467      0.6214
668     D         E          198           VAL           94.14           588    547    262     8.499     8.248     5.980     0.6815      0.7688      0.7588      0.6373
669     D         E          199           ALA           92.75           588    547    262     8.499     8.248     5.980     0.6737      0.7592      0.7489      0.6248
670     D         E          200           TRP           92.08           588    547    258     8.499     8.248     5.938     0.6432      0.7305      0.7195      0.5850
671     D         E          201           SER           88.26           588    547    208     8.499     8.248     5.366     0.5104      0.6258      0.6126      0.4171
672     D         E          202           ASN           84.01           588    547    161     8.499     8.248     4.729     0.4347      0.5850      0.5710      0.3174
673     D         E          203           LYS           80.88           588    547    115     8.499     8.248     3.956     0.3681      0.5362      0.5218      0.2102
674     D         E          204           SER           78.37           588    547     57     8.499     8.248     2.510     0.3020      0.5196      0.5049      0.0890
675     D         E          205           ASP           80.75           588    547     54     8.499     8.248     2.405     0.2892      0.5003      0.4854      0.0757
676     D         E          206           PHE           83.20           588    547    115     8.499     8.248     3.956     0.3772      0.5416      0.5270      0.2103
677     D         E          207           ALA           85.38           588    547    118     8.499     8.248     4.013     0.3903      0.5614      0.5471      0.2308
678     D         E          208           CYS           86.57           588    547    152     8.499     8.248     4.592     0.4292      0.5780      0.5639      0.2972
679     D         E          209           ALA           86.09           588    547    127     8.499     8.248     4.177     0.4054      0.5756      0.5614      0.2562
680     D         E          210           ASN           85.18           588    547    104     8.499     8.248     3.736     0.3677      0.5415      0.5269      0.1915
681     D         E          211           ALA           82.71           588    547    144     8.499     8.248     4.465     0.4153      0.5531      0.5386      0.2624
682     D         E          212           PHE           86.42           588    547    178     8.499     8.248     4.974     0.4427      0.5588      0.5445      0.3116
683     D         E          213           ASN           84.35           588    547    105     8.499     8.248     3.757     0.3621      0.5313      0.5167      0.1866
684     D         E          214           ASN           84.41           588    547     59     8.499     8.248     2.578     0.3164      0.4908      0.4760      0.0827
685     D         E          215           SER           82.06           588    547     35     8.499     8.248     1.566     0.2913      0.4719      0.4570      0.0296
686     D         E          216           ILE           82.19           588    547     25     8.499     8.248     1.000     0.2758      0.4631      0.4483      0.0119
687     D         E          217           ILE           82.30           588    547     12     8.499     8.248     1.000     0.2500      0.4481      0.4333      0.0111
688     D         E          218           PRO           83.45           588    547     20     8.499     8.248     1.000     0.2689      0.4620      0.4472      0.0118
689     D         E          219           GLU           82.65           588    547     11     8.499     8.248     1.000     0.2387      0.4705      0.4557      0.0124
690     D         E          220           ASP           86.06           588    547     21     8.499     8.248     1.000     0.2515      0.4997      0.4850      0.0143
691     D         E          221           THR           85.15           588    547     57     8.499     8.248     2.510     0.3242      0.5240      0.5095      0.0934
692     D         E          222           PHE           89.66           588    547     77     8.499     8.248     3.108     0.3464      0.5249      0.5104      0.1369
693     D         E          223           PHE           86.84           588    547     88     8.499     8.248     3.382     0.3568      0.5260      0.5114      0.1575
694     D         E          224           PRO           82.20           588    547     23     8.499     8.248     1.000     0.2549      0.5315      0.5172      0.0174
695     D         E          225           SER           77.54           588    547      8     8.499     8.248     1.000     0.1865      0.5682      0.5537      0.0192
696     D         E          226           PRO           69.95           588    547      7     8.499     8.248     1.000     0.1529      0.5059      0.4910      0.0144
697     D         E          227           GLU           61.96           588    547      4     8.499     8.248     1.000     0.1316      0.4777      0.4627      0.0126
698     D         E          228           SER           63.58           588    547      4     8.499     8.248     1.000     0.1204      0.4611      0.4462      0.0118
699     D         E          229           SER           72.15           588    547      9     8.499     8.248     1.000     0.1491      0.5288      0.5140      0.0158
700     D         E          230           CYS           74.89           588    547     20     8.499     8.248     1.000     0.2023      0.5459      0.5315      0.0179
701     D         E          231           ASP           79.99           588    547     49     8.499     8.248     2.217     0.2932      0.5867      0.5726      0.0956
702     D         E          232           VAL           82.15           588    547     68     8.499     8.248     2.858     0.3352      0.5770      0.5629      0.1438
703     D         E          233           LYS           80.74           588    547     82     8.499     8.248     3.236     0.3552      0.5812      0.5672      0.1807
704     D         E          234           LEU           80.53           588    547     86     8.499     8.248     3.335     0.3679      0.5939      0.5801      0.1986
705     D         E          235           VAL           82.48           588    547     91     8.499     8.248     3.452     0.3852      0.6092      0.5956      0.2233
706     D         E          236           GLU           79.27           588    547     89     8.499     8.248     3.406     0.3754      0.5984      0.5846      0.2085
707     D         E          237           LYS           83.12           588    547     88     8.499     8.248     3.382     0.3712      0.5891      0.5751      0.1979
708     D         E          238           SER           80.39           588    547     85     8.499     8.248     3.310     0.3617      0.6014      0.5877      0.2020
709     D         E          239           PHE           81.40           588    547     94     8.499     8.248     3.521     0.3867      0.6050      0.5914      0.2250
710     D         E          240           GLU           79.88           588    547     76     8.499     8.248     3.081     0.3337      0.5994      0.5856      0.1797
711     D         E          241           THR           81.73           588    547     85     8.499     8.248     3.310     0.3458      0.5759      0.5619      0.1848
712     D         E          242           ASP           82.86           588    547     70     8.499     8.248     2.916     0.3247      0.5635      0.5492      0.1417
713     D         E          243           THR           85.12           588    547     93     8.499     8.248     3.498     0.3604      0.5686      0.5545      0.1952
714     D         E          244           ASN           83.48           588    547     88     8.499     8.248     3.382     0.3544      0.5843      0.5704      0.1979
715     D         E          245           LEU           82.37           588    547     92     8.499     8.248     3.475     0.3576      0.5885      0.5746      0.2087
716     D         E          246           ASN           82.07           588    547     98     8.499     8.248     3.609     0.3672      0.5898      0.5759      0.2227
717     D         E          247           PHE           83.01           588    547     96     8.499     8.248     3.565     0.3616      0.5840      0.5702      0.2163
718     D         E          248           GLN           81.90           588    547     93     8.499     8.248     3.498     0.3611      0.5988      0.5852      0.2226
719     D         E          249           ASN           82.96           588    547     88     8.499     8.248     3.382     0.3540      0.5950      0.5813      0.2083
720     D         E          250           LEU           82.71           588    547     89     8.499     8.248     3.406     0.3527      0.5939      0.5803      0.2114
721     D         E          251           SER           85.94           588    547     84     8.499     8.248     3.286     0.3447      0.6165      0.6034      0.2219
722     D         E          252           VAL           86.25           588    547     79     8.499     8.248     3.160     0.3398      0.6306      0.6177      0.2196
723     D         E          253           ILE           85.64           588    547     78     8.499     8.248     3.134     0.3331      0.6152      0.6020      0.2034
724     D         E          254           GLY           82.78           588    547     76     8.499     8.248     3.081     0.3230      0.6136      0.6005      0.1997
725     D         E          255           PHE           86.63           588    547     68     8.499     8.248     2.858     0.3234      0.6547      0.6423      0.2067
726     D         E          256           ARG           85.76           588    547     66     8.499     8.248     2.798     0.3240      0.6585      0.6461      0.2013
727     D         E          257           ILE           85.27           588    547     66     8.499     8.248     2.798     0.3180      0.6496      0.6371      0.1950
728     D         E          258           LEU           87.16           588    547     62     8.499     8.248     2.675     0.3169      0.6740      0.6618      0.1995
729     D         E          259           LEU           85.20           588    547     59     8.499     8.248     2.578     0.3138      0.7014      0.6898      0.2094
730     D         E          260           LEU           86.14           588    547     58     8.499     8.248     2.544     0.3106      0.6957      0.6840      0.2016
731     D         E          261           LYS           85.72           588    547     57     8.499     8.248     2.510     0.3043      0.6850      0.6730      0.1874
732     D         E          262           VAL           85.51           588    547     58     8.499     8.248     2.544     0.3060      0.6937      0.6820      0.2028
733     D         E          263           ALA           84.04           588    547     55     8.499     8.248     2.441     0.2947      0.6962      0.6845      0.1901
734     D         E          264           GLY           85.01           588    547     52     8.499     8.248     2.332     0.2868      0.7064      0.6948      0.1813
735     D         E          265           PHE           88.58           588    547     52     8.499     8.248     2.332     0.2882      0.7047      0.6931      0.1796
736     D         E          266           ASN           85.27           588    547     52     8.499     8.248     2.332     0.2890      0.7212      0.7101      0.1946
737     D         E          267           LEU           87.39           588    547     49     8.499     8.248     2.217     0.2825      0.7180      0.7064      0.1682
738     D         E          268           LEU           87.65           588    547     50     8.499     8.248     2.256     0.2808      0.7191      0.7077      0.1796
739     D         E          269           MET           83.61           588    547     48     8.499     8.248     2.177     0.2744      0.7334      0.7224      0.1812
740     D         E          270           THR           85.61           588    547     48     8.499     8.248     2.177     0.2718      0.7161      0.7045      0.1673
741     D         E          271           LEU           86.59           588    547     48     8.499     8.248     2.177     0.2683      0.7086      0.6969      0.1617
742     D         E          272           ARG           86.93           588    547     47     8.499     8.248     2.137     0.2493      0.6897      0.6776      0.1445
743     D         E          273           LEU           80.35           588    547     43     8.499     8.248     1.965     0.2444      0.6804      0.6683      0.1239
744     D         E          274           TRP           83.00           588    547     34     8.499     8.248     1.509     0.2082      0.6541      0.6412      0.0664
745     D         E          275           SER           82.97           588    547     20     8.499     8.248     1.000     0.1510      0.5391      0.5246      0.0174
746     D         E          276           SER           67.42           588    547      2     8.499     8.248     1.000     0.1010      0.4268      0.4122      0.0102
747     E         A            1           MET           24.58           674    425      0     8.991     7.412     1.000     0.0747      0.0000      0.0000      0.0000
748     E         A            2           SER           27.23           674    425      0     8.991     7.412     1.000     0.0748      0.0000      0.0000      0.0000
749     E         A            3           ILE           30.95           674    425      0     8.991     7.412     1.000     0.0751      0.0000      0.0000      0.0000
750     E         A            4           GLY           30.91           674    425      0     8.991     7.412     1.000     0.0750      0.0000      0.0000      0.0000
751     E         A            5           LEU           29.96           674    425      0     8.991     7.412     1.000     0.0755      0.0000      0.0000      0.0000
752     E         A            6           LEU           28.58           674    425      0     8.991     7.412     1.000     0.0757      0.0000      0.0000      0.0000
753     E         A            7           CYS           30.73           674    425      0     8.991     7.412     1.000     0.0760      0.0000      0.0000      0.0000
754     E         A            8           CYS           29.92           674    425      0     8.991     7.412     1.000     0.0765      0.0000      0.0000      0.0000
755     E         A            9           ALA           32.12           674    425      0     8.991     7.412     1.000     0.0769      0.0000      0.0000      0.0000
756     E         A           10           ALA           31.71           674    425      0     8.991     7.412     1.000     0.0768      0.0000      0.0000      0.0000
757     E         A           11           LEU           27.97           674    425      0     8.991     7.412     1.000     0.0771      0.0000      0.0000      0.0000
758     E         A           12           SER           28.79           674    425      0     8.991     7.412     1.000     0.0776      0.0000      0.0000      0.0000
759     E         A           13           LEU           26.38           674    425      0     8.991     7.412     1.000     0.0777      0.0000      0.0000      0.0000
760     E         A           14           LEU           27.87           674    425      0     8.991     7.412     1.000     0.0779      0.0000      0.0000      0.0000
761     E         A           15           TRP           28.97           674    425      0     8.991     7.412     1.000     0.0782      0.0000      0.0000      0.0000
762     E         A           16           ALA           33.41           674    425      0     8.991     7.412     1.000     0.0786      0.0000      0.0000      0.0000
763     E         A           17           GLY           33.99           674    425      0     8.991     7.412     1.000     0.0794      0.0000      0.0000      0.0000
764     E         A           18           PRO           32.67           674    425      0     8.991     7.412     1.000     0.0801      0.0000      0.0000      0.0000
765     E         A           19           VAL           38.84           674    425      0     8.991     7.412     1.000     0.0812      0.0000      0.0000      0.0000
766     E         A           20           ASN           46.73           674    425      0     8.991     7.412     1.000     0.0839      0.0000      0.0000      0.0000
767     E         A           21           ALA           57.68           674    425      0     8.991     7.412     1.000     0.0886      0.0000      0.0000      0.0000
768     E         A           22           GLY           86.89           674    425      0     8.991     7.412     1.000     0.1218      0.0000      0.0000      0.0000
769     E         A           23           VAL           95.36           674    425    126     8.991     7.412     4.159     0.3455      0.5195      0.4245      0.1902
770     E         A           24           THR           96.29           674    425    162     8.991     7.412     4.744     0.3905      0.5605      0.4661      0.2665
771     E         A           25           GLN           96.57           674    425    165     8.991     7.412     4.788     0.3901      0.5558      0.4611      0.2656
772     E         A           26           THR           95.55           674    425    111     8.991     7.412     3.878     0.3401      0.5163      0.4214      0.1678
773     E         A           27           PRO           95.68           674    425     65     8.991     7.412     2.768     0.3120      0.4926      0.3979      0.0849
774     E         A           28           LYS           95.50           674    425    150     8.991     7.412     4.561     0.3652      0.5290      0.4340      0.2268
775     E         A           29           PHE           96.56           674    425    160     8.991     7.412     4.714     0.3771      0.5424      0.4473      0.2486
776     E         A           30           GLN           96.85           674    425    158     8.991     7.412     4.684     0.3711      0.5345      0.4393      0.2400
777     E         A           31           VAL           96.16           674    425    158     8.991     7.412     4.684     0.3700      0.5323      0.4371      0.2383
778     E         A           32           LEU           95.43           674    425    154     8.991     7.412     4.623     0.3643      0.5249      0.4296      0.2279
779     E         A           33           LYS           94.91           674    425    115     8.991     7.412     3.956     0.3373      0.5034      0.4085      0.1652
780     E         A           34           THR           95.47           674    425    110     8.991     7.412     3.858     0.3354      0.5010      0.4061      0.1571
781     E         A           35           GLY           95.13           674    425     25     8.991     7.412     1.000     0.2768      0.4803      0.3860      0.0114
782     E         A           36           GLN           93.84           674    425     66     8.991     7.412     2.798     0.3063      0.4934      0.3988      0.0870
783     E         A           37           SER           94.68           674    425     86     8.991     7.412     3.335     0.3214      0.5099      0.4149      0.1266
784     E         A           38           MET           95.70           674    425     99     8.991     7.412     3.631     0.3227      0.5147      0.4199      0.1496
785     E         A           39           THR           96.96           674    425    177     8.991     7.412     4.960     0.4066      0.5723      0.4781      0.2941
786     E         A           40           LEU           97.31           674    425    195     8.991     7.412     5.201     0.4282      0.5899      0.4967      0.3308
787     E         A           41           GLN           97.11           674    425    176     8.991     7.412     4.946     0.4074      0.5741      0.4802      0.2950
788     E         A           42           CYS           97.17           674    425    173     8.991     7.412     4.904     0.4001      0.5635      0.4689      0.2813
789     E         A           43           ALA           96.84           674    425    162     8.991     7.412     4.744     0.3945      0.5666      0.4722      0.2715
790     E         A           44           GLN           95.83           674    425    153     8.991     7.412     4.608     0.3679      0.5358      0.4411      0.2363
791     E         A           45           ASP           93.07           674    425    124     8.991     7.412     4.123     0.3475      0.5408      0.4459      0.2019
792     E         A           46           MET           90.94           674    425    155     8.991     7.412     4.639     0.3767      0.5504      0.4560      0.2505
793     E         A           47           ASN           88.04           674    425    152     8.991     7.412     4.592     0.3794      0.5542      0.4602      0.2507
794     E         A           48           HIS           88.95           674    425    183     8.991     7.412     5.042     0.4152      0.5761      0.4826      0.3059
795     E         A           49           GLU           85.25           674    425    184     8.991     7.412     5.056     0.4146      0.5722      0.4790      0.3046
796     E         A           50           TYR           90.32           674    425    215     8.991     7.412     5.452     0.4429      0.5838      0.4913      0.3481
797     E         A           51           MET           93.49           674    425    215     8.991     7.412     5.452     0.4433      0.5862      0.4936      0.3498
798     E         A           52           SER           94.97           674    425    198     8.991     7.412     5.240     0.4347      0.5877      0.4945      0.3325
799     E         A           53           TRP           96.57           674    425    237     8.991     7.412     5.708     0.4734      0.6113      0.5195      0.3946
800     E         A           54           TYR           96.65           674    425    246     8.991     7.412     5.808     0.4746      0.6037      0.5116      0.3951
801     E         A           55           ARG           96.49           674    425    211     8.991     7.412     5.403     0.4345      0.5795      0.4862      0.3383
802     E         A           56           GLN           96.41           674    425    191     8.991     7.412     5.149     0.4177      0.5763      0.4823      0.3134
803     E         A           57           ASP           94.76           674    425    148     8.991     7.412     4.530     0.3630      0.5261      0.4312      0.2225
804     E         A           58           PRO           90.77           674    425     28     8.991     7.412     1.116     0.2791      0.4852      0.3908      0.0144
805     E         A           59           GLY           87.47           674    425      3     8.991     7.412     1.000     0.2368      0.4727      0.3787      0.0110
806     E         A           60           MET           88.95           674    425      7     8.991     7.412     1.000     0.2469      0.4685      0.3748      0.0108
807     E         A           61           GLY           89.08           674    425     14     8.991     7.412     1.000     0.2549      0.4854      0.3910      0.0116
808     E         A           62           LEU           94.00           674    425    162     8.991     7.412     4.744     0.3830      0.5435      0.4487      0.2524
809     E         A           63           ARG           94.90           674    425    214     8.991     7.412     5.439     0.4417      0.5850      0.4918      0.3465
810     E         A           64           LEU           94.08           674    425    217     8.991     7.412     5.476     0.4452      0.5859      0.4929      0.3505
811     E         A           65           ILE           95.39           674    425    215     8.991     7.412     5.452     0.4439      0.5890      0.4961      0.3515
812     E         A           66           HIS           94.72           674    425    198     8.991     7.412     5.240     0.4274      0.5797      0.4865      0.3258
813     E         A           67           TYR           92.30           674    425    189     8.991     7.412     5.123     0.4212      0.5731      0.4800      0.3108
814     E         A           68           SER           90.92           674    425    182     8.991     7.412     5.029     0.4168      0.5758      0.4827      0.3056
815     E         A           69           VAL           82.80           674    425    159     8.991     7.412     4.699     0.3926      0.5647      0.4718      0.2704
816     E         A           70           GLY           81.66           674    425    123     8.991     7.412     4.105     0.3555      0.5495      0.4558      0.2097
817     E         A           71           ALA           82.10           674    425    119     8.991     7.412     4.031     0.3478      0.5414      0.4471      0.1968
818     E         A           72           GLY           79.87           674    425    105     8.991     7.412     3.757     0.3370      0.5428      0.4486      0.1767
819     E         A           73           ILE           80.58           674    425    118     8.991     7.412     4.013     0.3535      0.5426      0.4486      0.1970
820     E         A           74           THR           86.14           674    425    148     8.991     7.412     4.530     0.3765      0.5532      0.4594      0.2453
821     E         A           75           ASP           86.34           674    425    140     8.991     7.412     4.400     0.3711      0.5450      0.4510      0.2288
822     E         A           76           GLN           89.60           674    425    141     8.991     7.412     4.416     0.3680      0.5410      0.4466      0.2262
823     E         A           77           GLY           89.37           674    425    125     8.991     7.412     4.141     0.3547      0.5341      0.4395      0.1995
824     E         A           78           GLU           90.18           674    425    131     8.991     7.412     4.247     0.3609      0.5362      0.4415      0.2087
825     E         A           79           VAL           93.07           674    425    148     8.991     7.412     4.530     0.3641      0.5320      0.4372      0.2272
826     E         A           80           PRO           93.28           674    425    111     8.991     7.412     3.878     0.3423      0.5155      0.4207      0.1675
827     E         A           81           ASN           93.80           674    425     82     8.991     7.412     3.236     0.3207      0.5097      0.4151      0.1207
828     E         A           82           GLY           94.41           674    425     82     8.991     7.412     3.236     0.3176      0.5099      0.4151      0.1207
829     E         A           83           TYR           96.56           674    425    174     8.991     7.412     4.918     0.3975      0.5646      0.4701      0.2837
830     E         A           84           ASN           95.95           674    425    132     8.991     7.412     4.265     0.3563      0.5371      0.4424      0.2109
831     E         A           85           VAL           95.29           674    425    137     8.991     7.412     4.350     0.3535      0.5297      0.4350      0.2121
832     E         A           86           SER           93.17           674    425     94     8.991     7.412     3.521     0.3230      0.5322      0.4375      0.1518
833     E         A           87           ARG           93.04           674    425    128     8.991     7.412     4.195     0.3475      0.5333      0.4387      0.2032
834     E         A           88           SER           91.36           674    425    105     8.991     7.412     3.757     0.3293      0.5336      0.4389      0.1698
835     E         A           89           THR           90.89           674    425    127     8.991     7.412     4.177     0.3514      0.5449      0.4503      0.2095
836     E         A           90           THR           90.40           674    425    160     8.991     7.412     4.714     0.3850      0.5504      0.4559      0.2562
837     E         A           91           GLU           94.16           674    425    153     8.991     7.412     4.608     0.3781      0.5575      0.4632      0.2536
838     E         A           92           ASP           95.83           674    425    157     8.991     7.412     4.669     0.3797      0.5557      0.4613      0.2569
839     E         A           93           PHE           96.72           674    425    193     8.991     7.412     5.175     0.4229      0.5754      0.4817      0.3155
840     E         A           94           PRO           97.20           674    425    180     8.991     7.412     5.001     0.4144      0.5799      0.4863      0.3051
841     E         A           95           LEU           97.56           674    425    194     8.991     7.412     5.188     0.4274      0.5872      0.4940      0.3275
842     E         A           96           ARG           97.02           674    425    157     8.991     7.412     4.669     0.3830      0.5586      0.4643      0.2593
843     E         A           97           LEU           96.13           674    425    138     8.991     7.412     4.367     0.3522      0.5272      0.4324      0.2113
844     E         A           98           LEU           92.48           674    425     23     8.991     7.412     1.000     0.2609      0.4891      0.3945      0.0118
845     E         A           99           SER           95.71           674    425     29     8.991     7.412     1.189     0.2811      0.4890      0.3944      0.0166
846     E         A          100           ALA           95.97           674    425     83     8.991     7.412     3.261     0.3154      0.4944      0.3997      0.1149
847     E         A          101           ALA           96.44           674    425    107     8.991     7.412     3.798     0.3345      0.5014      0.4066      0.1534
848     E         A          102           PRO           95.61           674    425    142     8.991     7.412     4.433     0.3568      0.5191      0.4239      0.2097
849     E         A          103           SER           96.10           674    425    163     8.991     7.412     4.759     0.3765      0.5355      0.4404      0.2468
850     E         A          104           GLN           96.60           674    425    180     8.991     7.412     5.001     0.3958      0.5512      0.4563      0.2786
851     E         A          105           THR           96.16           674    425    180     8.991     7.412     5.001     0.4026      0.5613      0.4666      0.2873
852     E         A          106           SER           96.54           674    425    161     8.991     7.412     4.729     0.3799      0.5446      0.4495      0.2515
853     E         A          107           VAL           96.98           674    425    201     8.991     7.412     5.278     0.4304      0.5845      0.4910      0.3319
854     E         A          108           TYR           97.61           674    425    232     8.991     7.412     5.651     0.4657      0.6053      0.5129      0.3833
855     E         A          109           PHE           97.15           674    425    228     8.991     7.412     5.605     0.4597      0.6016      0.5090      0.3757
856     E         A          110           CYS           96.71           674    425    194     8.991     7.412     5.188     0.4236      0.5771      0.4833      0.3176
857     E         A          111           ALA           95.48           674    425    207     8.991     7.412     5.354     0.4382      0.5856      0.4925      0.3402
858     E         A          112           SER           94.13           674    425    169     8.991     7.412     4.847     0.4047      0.5698      0.4759      0.2837
859     E         A          113           GLN           90.74           674    425    168     8.991     7.412     4.832     0.4055      0.5745      0.4811      0.2874
860     E         A          114           LYS           85.09           674    425    150     8.991     7.412     4.561     0.3843      0.5599      0.4662      0.2536
861     E         A          115           SER           79.31           674    425     90     8.991     7.412     3.429     0.3200      0.5393      0.4459      0.1526
862     E         A          116           GLY           76.40           674    425     96     8.991     7.412     3.565     0.3251      0.5483      0.4547      0.1670
863     E         A          117           SER           82.14           674    425    150     8.991     7.412     4.561     0.3806      0.5635      0.4701      0.2569
864     E         A          118           SER           81.22           674    425    145     8.991     7.412     4.482     0.3743      0.5488      0.4548      0.2379
865     E         A          119           TYR           84.17           674    425    164     8.991     7.412     4.774     0.3927      0.5549      0.4606      0.2650
866     E         A          120           ASN           85.45           674    425    182     8.991     7.412     5.029     0.4115      0.5709      0.4772      0.3000
867     E         A          121           GLU           88.20           674    425    177     8.991     7.412     4.960     0.4080      0.5705      0.4767      0.2936
868     E         A          122           GLN           92.40           674    425    186     8.991     7.412     5.083     0.4167      0.5730      0.4792      0.3056
869     E         A          123           PHE           94.82           674    425    219     8.991     7.412     5.500     0.4453      0.5857      0.4926      0.3523
870     E         A          124           PHE           96.00           674    425    229     8.991     7.412     5.617     0.4608      0.5992      0.5068      0.3751
871     E         A          125           GLY           95.96           674    425    178     8.991     7.412     4.974     0.4054      0.5672      0.4732      0.2914
872     E         A          126           PRO           95.44           674    425    160     8.991     7.412     4.714     0.3904      0.5639      0.4697      0.2672
873     E         A          127           GLY           96.20           674    425    143     8.991     7.412     4.449     0.3611      0.5313      0.4364      0.2203
874     E         A          128           THR           96.99           674    425    185     8.991     7.412     5.069     0.4137      0.5732      0.4791      0.3038
875     E         A          129           ARG           96.81           674    425    174     8.991     7.412     4.918     0.3939      0.5574      0.4628      0.2776
876     E         A          130           LEU           97.19           674    425    188     8.991     7.412     5.109     0.4105      0.5670      0.4724      0.3009
877     E         A          131           THR           96.39           674    425    176     8.991     7.412     4.946     0.3947      0.5565      0.4617      0.2786
878     E         A          132           VAL           96.47           674    425    186     8.991     7.412     5.083     0.4047      0.5596      0.4647      0.2919
879     E         A          133           LEU           95.31           674    425    121     8.991     7.412     4.068     0.3404      0.5106      0.4156      0.1776
880     E         A          134           GLU           93.99           674    425     22     8.991     7.412     1.000     0.2834      0.4845      0.3900      0.0115
881     E         A          135           ASP           92.16           674    425      0     8.991     7.412     1.000     0.2265      0.0000      0.0000      0.0000
882     E         A          136           LEU           93.42           674    425     11     8.991     7.412     1.000     0.2741      0.4632      0.3697      0.0106
883     E         A          137           LYS           93.37           674    425      0     8.991     7.412     1.000     0.2406      0.0000      0.0000      0.0000
884     E         A          138           ASN           93.24           674    425      0     8.991     7.412     1.000     0.2417      0.0000      0.0000      0.0000
885     E         A          139           VAL           95.52           674    425     61     8.991     7.412     2.643     0.3143      0.4808      0.3864      0.0743
886     E         A          140           PHE           96.27           674    425     47     8.991     7.412     2.137     0.3069      0.4770      0.3829      0.0492
887     E         A          141           PRO           96.22           674    425     17     8.991     7.412     1.000     0.2874      0.4696      0.3757      0.0108
888     E         A          142           PRO           96.59           674    425     20     8.991     7.412     1.000     0.2873      0.4711      0.3772      0.0109
889     E         A          143           GLU           94.59           674    425     18     8.991     7.412     1.000     0.2900      0.4651      0.3715      0.0106
890     E         A          144           VAL           94.78           674    425     42     8.991     7.412     1.920     0.3112      0.4777      0.3834      0.0401
891     E         A          145           ALA           93.50           674    425      5     8.991     7.412     1.000     0.2729      0.4550      0.3620      0.0102
892     E         A          146           VAL           94.33           674    425     40     8.991     7.412     1.826     0.3085      0.4782      0.3839      0.0365
893     E         A          147           PHE           94.66           674    425     88     8.991     7.412     3.382     0.3284      0.4773      0.3831      0.1147
894     E         A          148           GLU           92.95           674    425      0     8.991     7.412     1.000     0.2561      0.0000      0.0000      0.0000
895     E         A          149           PRO           92.69           674    425      0     8.991     7.412     1.000     0.2426      0.0000      0.0000      0.0000
896     E         A          150           SER           90.59           674    425      0     8.991     7.412     1.000     0.2092      0.0000      0.0000      0.0000
897     E         A          151           GLU           89.53           674    425      0     8.991     7.412     1.000     0.2174      0.0000      0.0000      0.0000
898     E         A          152           ALA           89.83           674    425      0     8.991     7.412     1.000     0.2300      0.0000      0.0000      0.0000
899     E         A          153           GLU           92.19           674    425      0     8.991     7.412     1.000     0.2701      0.0000      0.0000      0.0000
900     E         A          154           ILE           91.13           674    425      0     8.991     7.412     1.000     0.2622      0.0000      0.0000      0.0000
901     E         A          155           SER           89.84           674    425      0     8.991     7.412     1.000     0.2153      0.0000      0.0000      0.0000
902     E         A          156           HIS           90.09           674    425      0     8.991     7.412     1.000     0.2136      0.0000      0.0000      0.0000
903     E         A          157           THR           90.17           674    425      0     8.991     7.412     1.000     0.1937      0.0000      0.0000      0.0000
904     E         A          158           GLN           92.06           674    425      0     8.991     7.412     1.000     0.2205      0.0000      0.0000      0.0000
905     E         A          159           LYS           93.35           674    425      0     8.991     7.412     1.000     0.2632      0.0000      0.0000      0.0000
906     E         A          160           ALA           94.15           674    425      0     8.991     7.412     1.000     0.2731      0.0000      0.0000      0.0000
907     E         A          161           THR           95.22           674    425     40     8.991     7.412     1.826     0.3113      0.4744      0.3803      0.0360
908     E         A          162           LEU           95.62           674    425    135     8.991     7.412     4.316     0.3455      0.4895      0.3948      0.1815
909     E         A          163           VAL           95.99           674    425    132     8.991     7.412     4.265     0.3483      0.4933      0.3985      0.1803
910     E         A          164           CYS           95.97           674    425     86     8.991     7.412     3.335     0.3242      0.4797      0.3855      0.1129
911     E         A          165           LEU           95.03           674    425     61     8.991     7.412     2.643     0.3189      0.4773      0.3831      0.0734
912     E         A          166           ALA           96.08           674    425     99     8.991     7.412     3.631     0.3315      0.4806      0.3863      0.1315
913     E         A          167           THR           94.74           674    425     19     8.991     7.412     1.000     0.2880      0.4658      0.3722      0.0107
914     E         A          168           GLY           94.72           674    425      0     8.991     7.412     1.000     0.2575      0.0000      0.0000      0.0000
915     E         A          169           PHE           96.67           674    425    122     8.991     7.412     4.087     0.3402      0.4910      0.3964      0.1670
916     E         A          170           TYR           96.58           674    425     68     8.991     7.412     2.858     0.3216      0.4850      0.3906      0.0873
917     E         A          171           PRO           95.86           674    425     19     8.991     7.412     1.000     0.2875      0.4705      0.3766      0.0109
918     E         A          172           ASP           94.76           674    425      6     8.991     7.412     1.000     0.2652      0.4613      0.3679      0.0105
919     E         A          173           HIS           96.14           674    425     26     8.991     7.412     1.000     0.2918      0.4834      0.3889      0.0115
920     E         A          174           VAL           96.60           674    425     84     8.991     7.412     3.286     0.3216      0.4898      0.3952      0.1143
921     E         A          175           GLU           96.62           674    425     99     8.991     7.412     3.631     0.3323      0.4871      0.3926      0.1346
922     E         A          176           LEU           96.76           674    425    104     8.991     7.412     3.736     0.3315      0.4892      0.3946      0.1425
923     E         A          177           SER           96.94           674    425     61     8.991     7.412     2.643     0.3154      0.4814      0.3870      0.0745
924     E         A          178           TRP           97.34           674    425    145     8.991     7.412     4.482     0.3503      0.5009      0.4059      0.2004
925     E         A          179           TRP           97.26           674    425     77     8.991     7.412     3.108     0.3247      0.4787      0.3844      0.0992
926     E         A          180           VAL           96.54           674    425     27     8.991     7.412     1.039     0.3004      0.4711      0.3772      0.0118
927     E         A          181           ASN           95.49           674    425      0     8.991     7.412     1.000     0.2541      0.0000      0.0000      0.0000
928     E         A          182           GLY           95.17           674    425      0     8.991     7.412     1.000     0.2072      0.0000      0.0000      0.0000
929     E         A          183           LYS           96.38           674    425      0     8.991     7.412     1.000     0.2487      0.0000      0.0000      0.0000
930     E         A          184           GLU           96.72           674    425     21     8.991     7.412     1.000     0.2977      0.4669      0.3731      0.0107
931     E         A          185           VAL           96.15           674    425     14     8.991     7.412     1.000     0.2816      0.4592      0.3659      0.0104
932     E         A          186           HIS           94.04           674    425      8     8.991     7.412     1.000     0.2794      0.4583      0.3651      0.0104
933     E         A          187           SER           93.30           674    425      0     8.991     7.412     1.000     0.2499      0.0000      0.0000      0.0000
934     E         A          188           GLY           94.02           674    425      0     8.991     7.412     1.000     0.2236      0.0000      0.0000      0.0000
935     E         A          189           VAL           95.90           674    425     22     8.991     7.412     1.000     0.2929      0.4703      0.3763      0.0109
936     E         A          190           SER           95.46           674    425     14     8.991     7.412     1.000     0.2808      0.4630      0.3695      0.0106
937     E         A          191           THR           95.18           674    425    104     8.991     7.412     3.736     0.3314      0.4853      0.3909      0.1406
938     E         A          192           ASP           94.60           674    425     69     8.991     7.412     2.887     0.3205      0.4844      0.3899      0.0887
939     E         A          193           PRO           92.00           674    425     21     8.991     7.412     1.000     0.2811      0.4675      0.3738      0.0108
940     E         A          194           GLN           91.90           674    425     10     8.991     7.412     1.000     0.2749      0.4632      0.3697      0.0106
941     E         A          195           PRO           94.20           674    425     32     8.991     7.412     1.388     0.2992      0.4743      0.3802      0.0211
942     E         A          196           LEU           93.07           674    425     10     8.991     7.412     1.000     0.2855      0.4653      0.3716      0.0107
943     E         A          197           LYS           92.47           674    425     14     8.991     7.412     1.000     0.2897      0.4622      0.3688      0.0105
944     E         A          198           GLU           91.21           674    425      0     8.991     7.412     1.000     0.2460      0.0000      0.0000      0.0000
945     E         A          199           GLN           89.49           674    425      0     8.991     7.412     1.000     0.1903      0.0000      0.0000      0.0000
946     E         A          200           PRO           86.88           674    425      0     8.991     7.412     1.000     0.1697      0.0000      0.0000      0.0000
947     E         A          201           ALA           87.15           674    425      0     8.991     7.412     1.000     0.1520      0.0000      0.0000      0.0000
948     E         A          202           LEU           87.40           674    425      0     8.991     7.412     1.000     0.1514      0.0000      0.0000      0.0000
949     E         A          203           ASN           85.14           674    425      0     8.991     7.412     1.000     0.1522      0.0000      0.0000      0.0000
950     E         A          204           ASP           88.00           674    425      0     8.991     7.412     1.000     0.1482      0.0000      0.0000      0.0000
951     E         A          205           SER           92.24           674    425      0     8.991     7.412     1.000     0.1978      0.0000      0.0000      0.0000
952     E         A          206           ARG           95.19           674    425     21     8.991     7.412     1.000     0.2869      0.4650      0.3714      0.0106
953     E         A          207           TYR           96.14           674    425    124     8.991     7.412     4.123     0.3422      0.4954      0.4006      0.1719
954     E         A          208           CYS           95.60           674    425     71     8.991     7.412     2.944     0.3210      0.4813      0.3870      0.0908
955     E         A          209           LEU           96.56           674    425    130     8.991     7.412     4.230     0.3441      0.4912      0.3965      0.1767
956     E         A          210           SER           96.27           674    425     56     8.991     7.412     2.476     0.3140      0.4807      0.3864      0.0658
957     E         A          211           SER           96.71           674    425     80     8.991     7.412     3.186     0.3258      0.4795      0.3853      0.1040
958     E         A          212           ARG           96.25           674    425     42     8.991     7.412     1.920     0.3100      0.4797      0.3854      0.0405
959     E         A          213           LEU           96.51           674    425    137     8.991     7.412     4.350     0.3453      0.4888      0.3942      0.1834
960     E         A          214           ARG           96.13           674    425     34     8.991     7.412     1.509     0.3028      0.4692      0.3754      0.0243
961     E         A          215           VAL           95.26           674    425     12     8.991     7.412     1.000     0.2840      0.4618      0.3683      0.0105
962     E         A          216           SER           94.17           674    425      0     8.991     7.412     1.000     0.2568      0.0000      0.0000      0.0000
963     E         A          217           ALA           92.47           674    425      0     8.991     7.412     1.000     0.2437      0.0000      0.0000      0.0000
964     E         A          218           THR           91.88           674    425      0     8.991     7.412     1.000     0.2356      0.0000      0.0000      0.0000
965     E         A          219           PHE           93.75           674    425      1     8.991     7.412     1.000     0.2816      0.4570      0.3639      0.0103
966     E         A          220           TRP           93.59           674    425     21     8.991     7.412     1.000     0.3025      0.4672      0.3734      0.0107
967     E         A          221           GLN           90.75           674    425      0     8.991     7.412     1.000     0.2492      0.0000      0.0000      0.0000
968     E         A          222           ASN           91.33           674    425      0     8.991     7.412     1.000     0.2311      0.0000      0.0000      0.0000
969     E         A          223           PRO           89.79           674    425      0     8.991     7.412     1.000     0.2029      0.0000      0.0000      0.0000
970     E         A          224           ARG           90.24           674    425      0     8.991     7.412     1.000     0.2033      0.0000      0.0000      0.0000
971     E         A          225           ASN           93.52           674    425      0     8.991     7.412     1.000     0.2445      0.0000      0.0000      0.0000
972     E         A          226           HIS           95.49           674    425      9     8.991     7.412     1.000     0.2843      0.4651      0.3714      0.0106
973     E         A          227           PHE           96.02           674    425    100     8.991     7.412     3.652     0.3270      0.4792      0.3850      0.1323
974     E         A          228           ARG           96.35           674    425     64     8.991     7.412     2.738     0.3191      0.4739      0.3799      0.0773
975     E         A          229           CYS           96.39           674    425     73     8.991     7.412     3.000     0.3171      0.4808      0.3865      0.0939
976     E         A          230           GLN           97.41           674    425     57     8.991     7.412     2.510     0.3188      0.4779      0.3837      0.0668
977     E         A          231           VAL           97.28           674    425    142     8.991     7.412     4.433     0.3513      0.5002      0.4053      0.1967
978     E         A          232           GLN           97.55           674    425    123     8.991     7.412     4.105     0.3447      0.4919      0.3972      0.1687
979     E         A          233           PHE           97.26           674    425    155     8.991     7.412     4.639     0.3624      0.5158      0.4206      0.2222
980     E         A          234           TYR           96.71           674    425    148     8.991     7.412     4.530     0.3559      0.5049      0.4099      0.2068
981     E         A          235           GLY           94.45           674    425      1     8.991     7.412     1.000     0.2489      0.4520      0.3592      0.0101
982     E         A          236           LEU           94.31           674    425      2     8.991     7.412     1.000     0.2611      0.4570      0.3639      0.0103
983     E         A          237           SER           91.58           674    425      0     8.991     7.412     1.000     0.1936      0.0000      0.0000      0.0000
984     E         A          238           GLU           89.16           674    425      0     8.991     7.412     1.000     0.1724      0.0000      0.0000      0.0000
985     E         A          239           ASN           88.47           674    425      0     8.991     7.412     1.000     0.1648      0.0000      0.0000      0.0000
986     E         A          240           ASP           89.52           674    425      0     8.991     7.412     1.000     0.1840      0.0000      0.0000      0.0000
987     E         A          241           GLU           88.89           674    425      0     8.991     7.412     1.000     0.1729      0.0000      0.0000      0.0000
988     E         A          242           TRP           92.00           674    425      0     8.991     7.412     1.000     0.2020      0.0000      0.0000      0.0000
989     E         A          243           THR           90.35           674    425      0     8.991     7.412     1.000     0.1546      0.0000      0.0000      0.0000
990     E         A          244           GLN           90.44           674    425      0     8.991     7.412     1.000     0.1580      0.0000      0.0000      0.0000
991     E         A          245           ASP           92.11           674    425      0     8.991     7.412     1.000     0.1483      0.0000      0.0000      0.0000
992     E         A          246           ARG           92.39           674    425      0     8.991     7.412     1.000     0.1776      0.0000      0.0000      0.0000
993     E         A          247           ALA           93.25           674    425      0     8.991     7.412     1.000     0.2125      0.0000      0.0000      0.0000
994     E         A          248           LYS           94.23           674    425      0     8.991     7.412     1.000     0.2483      0.0000      0.0000      0.0000
995     E         A          249           PRO           94.45           674    425      0     8.991     7.412     1.000     0.2317      0.0000      0.0000      0.0000
996     E         A          250           VAL           93.85           674    425      0     8.991     7.412     1.000     0.2460      0.0000      0.0000      0.0000
997     E         A          251           THR           94.65           674    425      4     8.991     7.412     1.000     0.2839      0.4583      0.3651      0.0104
998     E         A          252           GLN           95.89           674    425      0     8.991     7.412     1.000     0.2557      0.0000      0.0000      0.0000
999     E         A          253           ILE           95.59           674    425      5     8.991     7.412     1.000     0.2784      0.4570      0.3639      0.0103
1000    E         A          254           VAL           94.96           674    425      3     8.991     7.412     1.000     0.2692      0.4537      0.3607      0.0102
1001    E         A          255           SER           93.37           674    425      0     8.991     7.412     1.000     0.2153      0.0000      0.0000      0.0000
1002    E         A          256           ALA           92.14           674    425      0     8.991     7.412     1.000     0.2212      0.0000      0.0000      0.0000
1003    E         A          257           GLU           92.72           674    425      0     8.991     7.412     1.000     0.1848      0.0000      0.0000      0.0000
1004    E         A          258           ALA           91.82           674    425      0     8.991     7.412     1.000     0.2056      0.0000      0.0000      0.0000
1005    E         A          259           TRP           91.72           674    425      0     8.991     7.412     1.000     0.2195      0.0000      0.0000      0.0000
1006    E         A          260           GLY           87.91           674    425      0     8.991     7.412     1.000     0.1843      0.0000      0.0000      0.0000
1007    E         A          261           ARG           87.45           674    425      0     8.991     7.412     1.000     0.1392      0.0000      0.0000      0.0000
1008    E         A          262           ALA           79.95           674    425      0     8.991     7.412     1.000     0.1291      0.0000      0.0000      0.0000
1009    E         A          263           ASP           76.74           674    425      0     8.991     7.412     1.000     0.1079      0.0000      0.0000      0.0000
1010    E         A          264           CYS           78.53           674    425      0     8.991     7.412     1.000     0.1045      0.0000      0.0000      0.0000
1011    E         A          265           GLY           69.96           674    425      0     8.991     7.412     1.000     0.0987      0.0000      0.0000      0.0000
1012    E         A          266           PHE           69.97           674    425      0     8.991     7.412     1.000     0.1085      0.0000      0.0000      0.0000
1013    E         A          267           THR           75.50           674    425      0     8.991     7.412     1.000     0.1169      0.0000      0.0000      0.0000
1014    E         A          268           SER           73.45           674    425      0     8.991     7.412     1.000     0.1151      0.0000      0.0000      0.0000
1015    E         A          269           GLU           76.71           674    425      0     8.991     7.412     1.000     0.1238      0.0000      0.0000      0.0000
1016    E         A          270           SER           77.89           674    425      0     8.991     7.412     1.000     0.1272      0.0000      0.0000      0.0000
1017    E         A          271           TYR           80.09           674    425      0     8.991     7.412     1.000     0.1445      0.0000      0.0000      0.0000
1018    E         A          272           GLN           78.15           674    425      0     8.991     7.412     1.000     0.1329      0.0000      0.0000      0.0000
1019    E         A          273           GLN           77.23           674    425      0     8.991     7.412     1.000     0.1360      0.0000      0.0000      0.0000
1020    E         A          274           GLY           77.72           674    425      0     8.991     7.412     1.000     0.1293      0.0000      0.0000      0.0000
1021    E         A          275           VAL           83.24           674    425      0     8.991     7.412     1.000     0.1373      0.0000      0.0000      0.0000
1022    E         A          276           LEU           80.55           674    425      0     8.991     7.412     1.000     0.1298      0.0000      0.0000      0.0000
1023    E         A          277           SER           81.06           674    425      0     8.991     7.412     1.000     0.1237      0.0000      0.0000      0.0000
1024    E         A          278           ALA           81.17           674    425      0     8.991     7.412     1.000     0.1225      0.0000      0.0000      0.0000
1025    E         A          279           THR           85.48           674    425      0     8.991     7.412     1.000     0.1274      0.0000      0.0000      0.0000
1026    E         A          280           ILE           84.60           674    425      0     8.991     7.412     1.000     0.1227      0.0000      0.0000      0.0000
1027    E         A          281           LEU           84.03           674    425      0     8.991     7.412     1.000     0.1215      0.0000      0.0000      0.0000
1028    E         A          282           TYR           82.71           674    425      0     8.991     7.412     1.000     0.1302      0.0000      0.0000      0.0000
1029    E         A          283           GLU           84.74           674    425      0     8.991     7.412     1.000     0.1173      0.0000      0.0000      0.0000
1030    E         A          284           ILE           82.95           674    425      0     8.991     7.412     1.000     0.1167      0.0000      0.0000      0.0000
1031    E         A          285           LEU           82.52           674    425      0     8.991     7.412     1.000     0.1195      0.0000      0.0000      0.0000
1032    E         A          286           LEU           83.21           674    425      0     8.991     7.412     1.000     0.1234      0.0000      0.0000      0.0000
1033    E         A          287           GLY           84.48           674    425      0     8.991     7.412     1.000     0.1135      0.0000      0.0000      0.0000
1034    E         A          288           LYS           82.77           674    425      0     8.991     7.412     1.000     0.1130      0.0000      0.0000      0.0000
1035    E         A          289           ALA           81.80           674    425      0     8.991     7.412     1.000     0.1159      0.0000      0.0000      0.0000
1036    E         A          290           THR           86.89           674    425      0     8.991     7.412     1.000     0.1113      0.0000      0.0000      0.0000
1037    E         A          291           LEU           86.03           674    425      0     8.991     7.412     1.000     0.1103      0.0000      0.0000      0.0000
1038    E         A          292           TYR           84.12           674    425      0     8.991     7.412     1.000     0.1113      0.0000      0.0000      0.0000
1039    E         A          293           ALA           84.30           674    425      0     8.991     7.412     1.000     0.1110      0.0000      0.0000      0.0000
1040    E         A          294           VAL           90.38           674    425      0     8.991     7.412     1.000     0.1059      0.0000      0.0000      0.0000
1041    E         A          295           LEU           85.94           674    425      0     8.991     7.412     1.000     0.1082      0.0000      0.0000      0.0000
1042    E         A          296           VAL           86.29           674    425      0     8.991     7.412     1.000     0.1045      0.0000      0.0000      0.0000
1043    E         A          297           SER           88.21           674    425      0     8.991     7.412     1.000     0.1018      0.0000      0.0000      0.0000
1044    E         A          298           ALA           87.24           674    425      0     8.991     7.412     1.000     0.1018      0.0000      0.0000      0.0000
1045    E         A          299           LEU           84.78           674    425      0     8.991     7.412     1.000     0.1021      0.0000      0.0000      0.0000
1046    E         A          300           VAL           84.75           674    425      0     8.991     7.412     1.000     0.0998      0.0000      0.0000      0.0000
1047    E         A          301           LEU           86.81           674    425      0     8.991     7.412     1.000     0.0970      0.0000      0.0000      0.0000
1048    E         A          302           MET           86.29           674    425      0     8.991     7.412     1.000     0.0950      0.0000      0.0000      0.0000
1049    E         A          303           ALA           82.91           674    425      0     8.991     7.412     1.000     0.0933      0.0000      0.0000      0.0000
1050    E         A          304           MET           84.49           674    425      0     8.991     7.412     1.000     0.0895      0.0000      0.0000      0.0000
1051    E         A          305           VAL           86.24           674    425      0     8.991     7.412     1.000     0.0916      0.0000      0.0000      0.0000
1052    E         A          306           LYS           84.77           674    425      0     8.991     7.412     1.000     0.0880      0.0000      0.0000      0.0000
1053    E         A          307           ARG           82.74           674    425      0     8.991     7.412     1.000     0.0860      0.0000      0.0000      0.0000
1054    E         A          308           LYS           81.09           674    425      0     8.991     7.412     1.000     0.0865      0.0000      0.0000      0.0000
1055    E         A          309           ASP           81.62           674    425      0     8.991     7.412     1.000     0.0858      0.0000      0.0000      0.0000
1056    E         A          310           SER           79.56           674    425      0     8.991     7.412     1.000     0.0844      0.0000      0.0000      0.0000
1057    E         A          311           ARG           71.94           674    425      0     8.991     7.412     1.000     0.0806      0.0000      0.0000      0.0000
1058    E         A          312           GLY           54.69           674    425      0     8.991     7.412     1.000     0.0772      0.0000      0.0000      0.0000
747     E         B            1           MET           24.58           411    197      0     7.306     5.227     1.000     0.0505      0.0000      0.0000      0.0000
748     E         B            2           SER           27.23           411    197      0     7.306     5.227     1.000     0.0506      0.0000      0.0000      0.0000
749     E         B            3           ILE           30.95           411    197      0     7.306     5.227     1.000     0.0508      0.0000      0.0000      0.0000
750     E         B            4           GLY           30.91           411    197      0     7.306     5.227     1.000     0.0507      0.0000      0.0000      0.0000
751     E         B            5           LEU           29.96           411    197      0     7.306     5.227     1.000     0.0509      0.0000      0.0000      0.0000
752     E         B            6           LEU           28.58           411    197      0     7.306     5.227     1.000     0.0511      0.0000      0.0000      0.0000
753     E         B            7           CYS           30.73           411    197      0     7.306     5.227     1.000     0.0512      0.0000      0.0000      0.0000
754     E         B            8           CYS           29.92           411    197      0     7.306     5.227     1.000     0.0515      0.0000      0.0000      0.0000
755     E         B            9           ALA           32.12           411    197      0     7.306     5.227     1.000     0.0517      0.0000      0.0000      0.0000
756     E         B           10           ALA           31.71           411    197      0     7.306     5.227     1.000     0.0517      0.0000      0.0000      0.0000
757     E         B           11           LEU           27.97           411    197      0     7.306     5.227     1.000     0.0519      0.0000      0.0000      0.0000
758     E         B           12           SER           28.79           411    197      0     7.306     5.227     1.000     0.0522      0.0000      0.0000      0.0000
759     E         B           13           LEU           26.38           411    197      0     7.306     5.227     1.000     0.0523      0.0000      0.0000      0.0000
760     E         B           14           LEU           27.87           411    197      0     7.306     5.227     1.000     0.0524      0.0000      0.0000      0.0000
761     E         B           15           TRP           28.97           411    197      0     7.306     5.227     1.000     0.0525      0.0000      0.0000      0.0000
762     E         B           16           ALA           33.41           411    197      0     7.306     5.227     1.000     0.0529      0.0000      0.0000      0.0000
763     E         B           17           GLY           33.99           411    197      0     7.306     5.227     1.000     0.0530      0.0000      0.0000      0.0000
764     E         B           18           PRO           32.67           411    197      0     7.306     5.227     1.000     0.0533      0.0000      0.0000      0.0000
765     E         B           19           VAL           38.84           411    197      0     7.306     5.227     1.000     0.0539      0.0000      0.0000      0.0000
766     E         B           20           ASN           46.73           411    197      0     7.306     5.227     1.000     0.0551      0.0000      0.0000      0.0000
767     E         B           21           ALA           57.68           411    197      0     7.306     5.227     1.000     0.0587      0.0000      0.0000      0.0000
768     E         B           22           GLY           86.89           411    197      0     7.306     5.227     1.000     0.0816      0.0000      0.0000      0.0000
769     E         B           23           VAL           95.36           411    197      9     7.306     5.227     1.000     0.2632      0.3709      0.2319      0.0109
770     E         B           24           THR           96.29           411    197     26     7.306     5.227     1.000     0.3081      0.3966      0.2521      0.0122
771     E         B           25           GLN           96.57           411    197     26     7.306     5.227     1.000     0.3086      0.3913      0.2479      0.0120
772     E         B           26           THR           95.55           411    197      4     7.306     5.227     1.000     0.2601      0.3620      0.2251      0.0105
773     E         B           27           PRO           95.68           411    197      0     7.306     5.227     1.000     0.2383      0.0000      0.0000      0.0000
774     E         B           28           LYS           95.50           411    197     16     7.306     5.227     1.000     0.2827      0.3806      0.2394      0.0114
775     E         B           29           PHE           96.56           411    197     23     7.306     5.227     1.000     0.2922      0.3828      0.2413      0.0115
776     E         B           30           GLN           96.85           411    197     24     7.306     5.227     1.000     0.2936      0.3798      0.2389      0.0114
777     E         B           31           VAL           96.16           411    197     23     7.306     5.227     1.000     0.2928      0.3785      0.2379      0.0113
778     E         B           32           LEU           95.43           411    197     20     7.306     5.227     1.000     0.2940      0.3754      0.2355      0.0112
779     E         B           33           LYS           94.91           411    197      7     7.306     5.227     1.000     0.2689      0.3662      0.2283      0.0107
780     E         B           34           THR           95.47           411    197      6     7.306     5.227     1.000     0.2679      0.3660      0.2281      0.0107
781     E         B           35           GLY           95.13           411    197      0     7.306     5.227     1.000     0.2179      0.0000      0.0000      0.0000
782     E         B           36           GLN           93.84           411    197      0     7.306     5.227     1.000     0.2379      0.0000      0.0000      0.0000
783     E         B           37           SER           94.68           411    197      5     7.306     5.227     1.000     0.2561      0.3554      0.2201      0.0102
784     E         B           38           MET           95.70           411    197      5     7.306     5.227     1.000     0.2485      0.3591      0.2229      0.0104
785     E         B           39           THR           96.96           411    197     43     7.306     5.227     1.965     0.3440      0.4071      0.2608      0.0478
786     E         B           40           LEU           97.31           411    197     50     7.306     5.227     2.256     0.3607      0.4218      0.2730      0.0659
787     E         B           41           GLN           97.11           411    197     38     7.306     5.227     1.726     0.3344      0.4052      0.2592      0.0370
788     E         B           42           CYS           97.17           411    197     37     7.306     5.227     1.675     0.3330      0.3999      0.2549      0.0340
789     E         B           43           ALA           96.84           411    197     29     7.306     5.227     1.189     0.3146      0.3980      0.2533      0.0173
790     E         B           44           GLN           95.83           411    197     14     7.306     5.227     1.000     0.2732      0.3770      0.2366      0.0112
791     E         B           45           ASP           93.07           411    197      8     7.306     5.227     1.000     0.2540      0.3707      0.2318      0.0109
792     E         B           46           MET           90.94           411    197     14     7.306     5.227     1.000     0.2767      0.3915      0.2480      0.0119
793     E         B           47           ASN           88.04           411    197     19     7.306     5.227     1.000     0.2893      0.3943      0.2503      0.0121
794     E         B           48           HIS           88.95           411    197     29     7.306     5.227     1.189     0.3162      0.4089      0.2622      0.0182
795     E         B           49           GLU           85.25           411    197     34     7.306     5.227     1.509     0.3367      0.4156      0.2676      0.0297
796     E         B           50           TYR           90.32           411    197     61     7.306     5.227     2.643     0.3814      0.4246      0.2759      0.0897
797     E         B           51           MET           93.49           411    197     62     7.306     5.227     2.675     0.3836      0.4250      0.2760      0.0916
798     E         B           52           SER           94.97           411    197     49     7.306     5.227     2.217     0.3648      0.4215      0.2727      0.0637
799     E         B           53           TRP           96.57           411    197     81     7.306     5.227     3.211     0.4269      0.4494      0.2967      0.1385
800     E         B           54           TYR           96.65           411    197     81     7.306     5.227     3.211     0.4225      0.4440      0.2921      0.1359
801     E         B           55           ARG           96.49           411    197     55     7.306     5.227     2.441     0.3690      0.4156      0.2679      0.0743
802     E         B           56           GLN           96.41           411    197     42     7.306     5.227     1.920     0.3410      0.4102      0.2634      0.0463
803     E         B           57           ASP           94.76           411    197     14     7.306     5.227     1.000     0.2844      0.3777      0.2371      0.0113
804     E         B           58           PRO           90.77           411    197      0     7.306     5.227     1.000     0.2029      0.0000      0.0000      0.0000
805     E         B           59           GLY           87.47           411    197      0     7.306     5.227     1.000     0.1610      0.0000      0.0000      0.0000
806     E         B           60           MET           88.95           411    197      0     7.306     5.227     1.000     0.1732      0.0000      0.0000      0.0000
807     E         B           61           GLY           89.08           411    197      0     7.306     5.227     1.000     0.1812      0.0000      0.0000      0.0000
808     E         B           62           LEU           94.00           411    197     23     7.306     5.227     1.000     0.3058      0.3933      0.2494      0.0120
809     E         B           63           ARG           94.90           411    197     55     7.306     5.227     2.441     0.3772      0.4218      0.2730      0.0762
810     E         B           64           LEU           94.08           411    197     55     7.306     5.227     2.441     0.3761      0.4261      0.2766      0.0775
811     E         B           65           ILE           95.39           411    197     66     7.306     5.227     2.798     0.3873      0.4212      0.2726      0.0977
812     E         B           66           HIS           94.72           411    197     52     7.306     5.227     2.332     0.3667      0.4163      0.2683      0.0684
813     E         B           67           TYR           92.30           411    197     48     7.306     5.227     2.177     0.3543      0.4092      0.2627      0.0586
814     E         B           68           SER           90.92           411    197     43     7.306     5.227     1.965     0.3530      0.4200      0.2716      0.0505
815     E         B           69           VAL           82.80           411    197     32     7.306     5.227     1.388     0.3192      0.4025      0.2570      0.0239
816     E         B           70           GLY           81.66           411    197     16     7.306     5.227     1.000     0.2697      0.3763      0.2362      0.0112
817     E         B           71           ALA           82.10           411    197     16     7.306     5.227     1.000     0.2757      0.3713      0.2323      0.0110
818     E         B           72           GLY           79.87           411    197      9     7.306     5.227     1.000     0.2622      0.3746      0.2347      0.0111
819     E         B           73           ILE           80.58           411    197     14     7.306     5.227     1.000     0.2862      0.3738      0.2341      0.0111
820     E         B           74           THR           86.14           411    197     26     7.306     5.227     1.000     0.3147      0.3919      0.2485      0.0120
821     E         B           75           ASP           86.34           411    197     18     7.306     5.227     1.000     0.3029      0.3864      0.2440      0.0117
822     E         B           76           GLN           89.60           411    197     17     7.306     5.227     1.000     0.3012      0.3821      0.2407      0.0115
823     E         B           77           GLY           89.37           411    197     10     7.306     5.227     1.000     0.2811      0.3757      0.2357      0.0112
824     E         B           78           GLU           90.18           411    197     11     7.306     5.227     1.000     0.2848      0.3753      0.2354      0.0112
825     E         B           79           VAL           93.07           411    197     13     7.306     5.227     1.000     0.2855      0.3775      0.2370      0.0113
826     E         B           80           PRO           93.28           411    197      6     7.306     5.227     1.000     0.2724      0.3652      0.2275      0.0107
827     E         B           81           ASN           93.80           411    197      1     7.306     5.227     1.000     0.2554      0.3526      0.2180      0.0101
828     E         B           82           GLY           94.41           411    197      0     7.306     5.227     1.000     0.2502      0.0000      0.0000      0.0000
829     E         B           83           TYR           96.56           411    197     40     7.306     5.227     1.826     0.3356      0.3997      0.2548      0.0402
830     E         B           84           ASN           95.95           411    197     20     7.306     5.227     1.000     0.2977      0.3800      0.2390      0.0114
831     E         B           85           VAL           95.29           411    197     16     7.306     5.227     1.000     0.2846      0.3835      0.2418      0.0116
832     E         B           86           SER           93.17           411    197      7     7.306     5.227     1.000     0.2546      0.3654      0.2277      0.0107
833     E         B           87           ARG           93.04           411    197     13     7.306     5.227     1.000     0.2688      0.3743      0.2346      0.0111
834     E         B           88           SER           91.36           411    197      8     7.306     5.227     1.000     0.2602      0.3668      0.2288      0.0107
835     E         B           89           THR           90.89           411    197     13     7.306     5.227     1.000     0.2733      0.3736      0.2341      0.0111
836     E         B           90           THR           90.40           411    197     23     7.306     5.227     1.000     0.2997      0.3905      0.2473      0.0119
837     E         B           91           GLU           94.16           411    197     22     7.306     5.227     1.000     0.2945      0.3974      0.2528      0.0123
838     E         B           92           ASP           95.83           411    197     24     7.306     5.227     1.000     0.2995      0.3871      0.2447      0.0118
839     E         B           93           PHE           96.72           411    197     42     7.306     5.227     1.920     0.3448      0.4130      0.2657      0.0468
840     E         B           94           PRO           97.20           411    197     41     7.306     5.227     1.873     0.3471      0.4131      0.2656      0.0447
841     E         B           95           LEU           97.56           411    197     48     7.306     5.227     2.177     0.3642      0.4244      0.2752      0.0623
842     E         B           96           ARG           97.02           411    197     31     7.306     5.227     1.325     0.3215      0.3957      0.2515      0.0212
843     E         B           97           LEU           96.13           411    197     15     7.306     5.227     1.000     0.2863      0.3821      0.2406      0.0115
844     E         B           98           LEU           92.48           411    197      0     7.306     5.227     1.000     0.2011      0.0000      0.0000      0.0000
845     E         B           99           SER           95.71           411    197      0     7.306     5.227     1.000     0.2284      0.0000      0.0000      0.0000
846     E         B          100           ALA           95.97           411    197      0     7.306     5.227     1.000     0.2520      0.0000      0.0000      0.0000
847     E         B          101           ALA           96.44           411    197      6     7.306     5.227     1.000     0.2697      0.3628      0.2257      0.0106
848     E         B          102           PRO           95.61           411    197     13     7.306     5.227     1.000     0.2853      0.3774      0.2370      0.0113
849     E         B          103           SER           96.10           411    197     24     7.306     5.227     1.000     0.3053      0.3809      0.2398      0.0114
850     E         B          104           GLN           96.60           411    197     35     7.306     5.227     1.566     0.3308      0.3978      0.2532      0.0296
851     E         B          105           THR           96.16           411    197     36     7.306     5.227     1.621     0.3287      0.4023      0.2569      0.0323
852     E         B          106           SER           96.54           411    197     23     7.306     5.227     1.000     0.3028      0.3894      0.2464      0.0119
853     E         B          107           VAL           96.98           411    197     49     7.306     5.227     2.217     0.3596      0.4244      0.2752      0.0644
854     E         B          108           TYR           97.61           411    197     79     7.306     5.227     3.160     0.4139      0.4381      0.2871      0.1293
855     E         B          109           PHE           97.15           411    197     67     7.306     5.227     2.828     0.3984      0.4388      0.2876      0.1067
856     E         B          110           CYS           96.71           411    197     52     7.306     5.227     2.332     0.3587      0.4060      0.2598      0.0656
857     E         B          111           ALA           95.48           411    197     51     7.306     5.227     2.294     0.3649      0.4189      0.2708      0.0673
858     E         B          112           SER           94.13           411    197     28     7.306     5.227     1.116     0.3223      0.3993      0.2544      0.0154
859     E         B          113           GLN           90.74           411    197     23     7.306     5.227     1.000     0.3130      0.4068      0.2603      0.0128
860     E         B          114           LYS           85.09           411    197     18     7.306     5.227     1.000     0.2885      0.3895      0.2465      0.0119
861     E         B          115           SER           79.31           411    197      0     7.306     5.227     1.000     0.2110      0.0000      0.0000      0.0000
862     E         B          116           GLY           76.40           411    197      0     7.306     5.227     1.000     0.2151      0.0000      0.0000      0.0000
863     E         B          117           SER           82.14           411    197     14     7.306     5.227     1.000     0.2757      0.3945      0.2503      0.0121
864     E         B          118           SER           81.22           411    197     14     7.306     5.227     1.000     0.2790      0.3840      0.2422      0.0116
865     E         B          119           TYR           84.17           411    197     20     7.306     5.227     1.000     0.3038      0.3896      0.2466      0.0119
866     E         B          120           ASN           85.45           411    197     24     7.306     5.227     1.000     0.3161      0.4044      0.2586      0.0127
867     E         B          121           GLU           88.20           411    197     26     7.306     5.227     1.000     0.3158      0.4017      0.2562      0.0125
868     E         B          122           GLN           92.40           411    197     30     7.306     5.227     1.258     0.3271      0.4081      0.2614      0.0202
869     E         B          123           PHE           94.82           411    197     50     7.306     5.227     2.256     0.3612      0.4173      0.2695      0.0649
870     E         B          124           PHE           96.00           411    197     57     7.306     5.227     2.510     0.3826      0.4332      0.2828      0.0842
871     E         B          125           GLY           95.96           411    197     26     7.306     5.227     1.000     0.3158      0.4035      0.2576      0.0126
872     E         B          126           PRO           95.44           411    197     21     7.306     5.227     1.000     0.2944      0.3930      0.2493      0.0120
873     E         B          127           GLY           96.20           411    197     10     7.306     5.227     1.000     0.2683      0.3684      0.2300      0.0108
874     E         B          128           THR           96.99           411    197     38     7.306     5.227     1.726     0.3362      0.4103      0.2634      0.0378
875     E         B          129           ARG           96.81           411    197     29     7.306     5.227     1.189     0.3104      0.3961      0.2519      0.0172
876     E         B          130           LEU           97.19           411    197     41     7.306     5.227     1.873     0.3397      0.4066      0.2603      0.0435
877     E         B          131           THR           96.39           411    197     31     7.306     5.227     1.325     0.3149      0.3991      0.2543      0.0215
878     E         B          132           VAL           96.47           411    197     40     7.306     5.227     1.826     0.3375      0.4042      0.2583      0.0409
879     E         B          133           LEU           95.31           411    197      7     7.306     5.227     1.000     0.2634      0.3656      0.2279      0.0107
880     E         B          134           GLU           93.99           411    197      0     7.306     5.227     1.000     0.2134      0.0000      0.0000      0.0000
881     E         B          135           ASP           92.16           411    197      0     7.306     5.227     1.000     0.1665      0.0000      0.0000      0.0000
882     E         B          136           LEU           93.42           411    197      0     7.306     5.227     1.000     0.2048      0.0000      0.0000      0.0000
883     E         B          137           LYS           93.37           411    197      0     7.306     5.227     1.000     0.1783      0.0000      0.0000      0.0000
884     E         B          138           ASN           93.24           411    197      0     7.306     5.227     1.000     0.1772      0.0000      0.0000      0.0000
885     E         B          139           VAL           95.52           411    197      0     7.306     5.227     1.000     0.2391      0.0000      0.0000      0.0000
886     E         B          140           PHE           96.27           411    197      0     7.306     5.227     1.000     0.2307      0.0000      0.0000      0.0000
887     E         B          141           PRO           96.22           411    197      0     7.306     5.227     1.000     0.2154      0.0000      0.0000      0.0000
888     E         B          142           PRO           96.59           411    197      0     7.306     5.227     1.000     0.2092      0.0000      0.0000      0.0000
889     E         B          143           GLU           94.59           411    197      0     7.306     5.227     1.000     0.2165      0.0000      0.0000      0.0000
890     E         B          144           VAL           94.78           411    197      0     7.306     5.227     1.000     0.2364      0.0000      0.0000      0.0000
891     E         B          145           ALA           93.50           411    197      0     7.306     5.227     1.000     0.2003      0.0000      0.0000      0.0000
892     E         B          146           VAL           94.33           411    197      0     7.306     5.227     1.000     0.2308      0.0000      0.0000      0.0000
893     E         B          147           PHE           94.66           411    197      1     7.306     5.227     1.000     0.2542      0.3526      0.2180      0.0101
894     E         B          148           GLU           92.95           411    197      0     7.306     5.227     1.000     0.1882      0.0000      0.0000      0.0000
895     E         B          149           PRO           92.69           411    197      0     7.306     5.227     1.000     0.1810      0.0000      0.0000      0.0000
896     E         B          150           SER           90.59           411    197      0     7.306     5.227     1.000     0.1505      0.0000      0.0000      0.0000
897     E         B          151           GLU           89.53           411    197      0     7.306     5.227     1.000     0.1584      0.0000      0.0000      0.0000
898     E         B          152           ALA           89.83           411    197      0     7.306     5.227     1.000     0.1719      0.0000      0.0000      0.0000
899     E         B          153           GLU           92.19           411    197      0     7.306     5.227     1.000     0.2096      0.0000      0.0000      0.0000
900     E         B          154           ILE           91.13           411    197      0     7.306     5.227     1.000     0.1988      0.0000      0.0000      0.0000
901     E         B          155           SER           89.84           411    197      0     7.306     5.227     1.000     0.1581      0.0000      0.0000      0.0000
902     E         B          156           HIS           90.09           411    197      0     7.306     5.227     1.000     0.1568      0.0000      0.0000      0.0000
903     E         B          157           THR           90.17           411    197      0     7.306     5.227     1.000     0.1392      0.0000      0.0000      0.0000
904     E         B          158           GLN           92.06           411    197      0     7.306     5.227     1.000     0.1603      0.0000      0.0000      0.0000
905     E         B          159           LYS           93.35           411    197      0     7.306     5.227     1.000     0.2008      0.0000      0.0000      0.0000
906     E         B          160           ALA           94.15           411    197      0     7.306     5.227     1.000     0.2101      0.0000      0.0000      0.0000
907     E         B          161           THR           95.22           411    197      0     7.306     5.227     1.000     0.2410      0.0000      0.0000      0.0000
908     E         B          162           LEU           95.62           411    197      9     7.306     5.227     1.000     0.2752      0.3647      0.2272      0.0106
909     E         B          163           VAL           95.99           411    197     10     7.306     5.227     1.000     0.2749      0.3635      0.2262      0.0106
910     E         B          164           CYS           95.97           411    197      0     7.306     5.227     1.000     0.2511      0.0000      0.0000      0.0000
911     E         B          165           LEU           95.03           411    197      0     7.306     5.227     1.000     0.2438      0.0000      0.0000      0.0000
912     E         B          166           ALA           96.08           411    197      1     7.306     5.227     1.000     0.2563      0.3526      0.2180      0.0101
913     E         B          167           THR           94.74           411    197      0     7.306     5.227     1.000     0.2138      0.0000      0.0000      0.0000
914     E         B          168           GLY           94.72           411    197      0     7.306     5.227     1.000     0.1896      0.0000      0.0000      0.0000
915     E         B          169           PHE           96.67           411    197      5     7.306     5.227     1.000     0.2642      0.3620      0.2251      0.0105
916     E         B          170           TYR           96.58           411    197      0     7.306     5.227     1.000     0.2474      0.0000      0.0000      0.0000
917     E         B          171           PRO           95.86           411    197      0     7.306     5.227     1.000     0.2160      0.0000      0.0000      0.0000
918     E         B          172           ASP           94.76           411    197      0     7.306     5.227     1.000     0.1915      0.0000      0.0000      0.0000
919     E         B          173           HIS           96.14           411    197      0     7.306     5.227     1.000     0.2174      0.0000      0.0000      0.0000
920     E         B          174           VAL           96.60           411    197      0     7.306     5.227     1.000     0.2391      0.0000      0.0000      0.0000
921     E         B          175           GLU           96.62           411    197      1     7.306     5.227     1.000     0.2555      0.3526      0.2180      0.0101
922     E         B          176           LEU           96.76           411    197      2     7.306     5.227     1.000     0.2526      0.3549      0.2197      0.0102
923     E         B          177           SER           96.94           411    197      0     7.306     5.227     1.000     0.2417      0.0000      0.0000      0.0000
924     E         B          178           TRP           97.34           411    197     12     7.306     5.227     1.000     0.2766      0.3711      0.2321      0.0109
925     E         B          179           TRP           97.26           411    197      1     7.306     5.227     1.000     0.2555      0.3526      0.2180      0.0101
926     E         B          180           VAL           96.54           411    197      0     7.306     5.227     1.000     0.2307      0.0000      0.0000      0.0000
927     E         B          181           ASN           95.49           411    197      0     7.306     5.227     1.000     0.1888      0.0000      0.0000      0.0000
928     E         B          182           GLY           95.17           411    197      0     7.306     5.227     1.000     0.1471      0.0000      0.0000      0.0000
929     E         B          183           LYS           96.38           411    197      0     7.306     5.227     1.000     0.1849      0.0000      0.0000      0.0000
930     E         B          184           GLU           96.72           411    197      0     7.306     5.227     1.000     0.2279      0.0000      0.0000      0.0000
931     E         B          185           VAL           96.15           411    197      0     7.306     5.227     1.000     0.2074      0.0000      0.0000      0.0000
932     E         B          186           HIS           94.04           411    197      0     7.306     5.227     1.000     0.2064      0.0000      0.0000      0.0000
933     E         B          187           SER           93.30           411    197      0     7.306     5.227     1.000     0.1860      0.0000      0.0000      0.0000
934     E         B          188           GLY           94.02           411    197      0     7.306     5.227     1.000     0.1594      0.0000      0.0000      0.0000
935     E         B          189           VAL           95.90           411    197      0     7.306     5.227     1.000     0.2199      0.0000      0.0000      0.0000
936     E         B          190           SER           95.46           411    197      0     7.306     5.227     1.000     0.2088      0.0000      0.0000      0.0000
937     E         B          191           THR           95.18           411    197      0     7.306     5.227     1.000     0.2549      0.0000      0.0000      0.0000
938     E         B          192           ASP           94.60           411    197      0     7.306     5.227     1.000     0.2472      0.0000      0.0000      0.0000
939     E         B          193           PRO           92.00           411    197      0     7.306     5.227     1.000     0.2037      0.0000      0.0000      0.0000
940     E         B          194           GLN           91.90           411    197      0     7.306     5.227     1.000     0.1993      0.0000      0.0000      0.0000
941     E         B          195           PRO           94.20           411    197      0     7.306     5.227     1.000     0.2242      0.0000      0.0000      0.0000
942     E         B          196           LEU           93.07           411    197      0     7.306     5.227     1.000     0.2121      0.0000      0.0000      0.0000
943     E         B          197           LYS           92.47           411    197      0     7.306     5.227     1.000     0.2200      0.0000      0.0000      0.0000
944     E         B          198           GLU           91.21           411    197      0     7.306     5.227     1.000     0.1829      0.0000      0.0000      0.0000
945     E         B          199           GLN           89.49           411    197      0     7.306     5.227     1.000     0.1360      0.0000      0.0000      0.0000
946     E         B          200           PRO           86.88           411    197      0     7.306     5.227     1.000     0.1191      0.0000      0.0000      0.0000
947     E         B          201           ALA           87.15           411    197      0     7.306     5.227     1.000     0.1066      0.0000      0.0000      0.0000
948     E         B          202           LEU           87.40           411    197      0     7.306     5.227     1.000     0.1074      0.0000      0.0000      0.0000
949     E         B          203           ASN           85.14           411    197      0     7.306     5.227     1.000     0.1071      0.0000      0.0000      0.0000
950     E         B          204           ASP           88.00           411    197      0     7.306     5.227     1.000     0.1038      0.0000      0.0000      0.0000
951     E         B          205           SER           92.24           411    197      0     7.306     5.227     1.000     0.1414      0.0000      0.0000      0.0000
952     E         B          206           ARG           95.19           411    197      0     7.306     5.227     1.000     0.2126      0.0000      0.0000      0.0000
953     E         B          207           TYR           96.14           411    197      8     7.306     5.227     1.000     0.2643      0.3608      0.2242      0.0105
954     E         B          208           CYS           95.60           411    197      0     7.306     5.227     1.000     0.2443      0.0000      0.0000      0.0000
955     E         B          209           LEU           96.56           411    197      6     7.306     5.227     1.000     0.2708      0.3620      0.2251      0.0105
956     E         B          210           SER           96.27           411    197      0     7.306     5.227     1.000     0.2378      0.0000      0.0000      0.0000
957     E         B          211           SER           96.71           411    197      0     7.306     5.227     1.000     0.2538      0.0000      0.0000      0.0000
958     E         B          212           ARG           96.25           411    197      0     7.306     5.227     1.000     0.2356      0.0000      0.0000      0.0000
959     E         B          213           LEU           96.51           411    197      8     7.306     5.227     1.000     0.2752      0.3620      0.2251      0.0105
960     E         B          214           ARG           96.13           411    197      0     7.306     5.227     1.000     0.2319      0.0000      0.0000      0.0000
961     E         B          215           VAL           95.26           411    197      0     7.306     5.227     1.000     0.2170      0.0000      0.0000      0.0000
962     E         B          216           SER           94.17           411    197      0     7.306     5.227     1.000     0.1959      0.0000      0.0000      0.0000
963     E         B          217           ALA           92.47           411    197      0     7.306     5.227     1.000     0.1815      0.0000      0.0000      0.0000
964     E         B          218           THR           91.88           411    197      0     7.306     5.227     1.000     0.1748      0.0000      0.0000      0.0000
965     E         B          219           PHE           93.75           411    197      0     7.306     5.227     1.000     0.2229      0.0000      0.0000      0.0000
966     E         B          220           TRP           93.59           411    197      0     7.306     5.227     1.000     0.2357      0.0000      0.0000      0.0000
967     E         B          221           GLN           90.75           411    197      0     7.306     5.227     1.000     0.1874      0.0000      0.0000      0.0000
968     E         B          222           ASN           91.33           411    197      0     7.306     5.227     1.000     0.1746      0.0000      0.0000      0.0000
969     E         B          223           PRO           89.79           411    197      0     7.306     5.227     1.000     0.1477      0.0000      0.0000      0.0000
970     E         B          224           ARG           90.24           411    197      0     7.306     5.227     1.000     0.1484      0.0000      0.0000      0.0000
971     E         B          225           ASN           93.52           411    197      0     7.306     5.227     1.000     0.1837      0.0000      0.0000      0.0000
972     E         B          226           HIS           95.49           411    197      0     7.306     5.227     1.000     0.2172      0.0000      0.0000      0.0000
973     E         B          227           PHE           96.02           411    197      1     7.306     5.227     1.000     0.2543      0.3526      0.2180      0.0101
974     E         B          228           ARG           96.35           411    197      0     7.306     5.227     1.000     0.2497      0.0000      0.0000      0.0000
975     E         B          229           CYS           96.39           411    197      0     7.306     5.227     1.000     0.2418      0.0000      0.0000      0.0000
976     E         B          230           GLN           97.41           411    197      0     7.306     5.227     1.000     0.2483      0.0000      0.0000      0.0000
977     E         B          231           VAL           97.28           411    197     10     7.306     5.227     1.000     0.2712      0.3684      0.2300      0.0108
978     E         B          232           GLN           97.55           411    197      8     7.306     5.227     1.000     0.2720      0.3644      0.2269      0.0106
979     E         B          233           PHE           97.26           411    197     17     7.306     5.227     1.000     0.2813      0.3753      0.2354      0.0112
980     E         B          234           TYR           96.71           411    197     14     7.306     5.227     1.000     0.2785      0.3727      0.2333      0.0110
981     E         B          235           GLY           94.45           411    197      0     7.306     5.227     1.000     0.1813      0.0000      0.0000      0.0000
982     E         B          236           LEU           94.31           411    197      0     7.306     5.227     1.000     0.1949      0.0000      0.0000      0.0000
983     E         B          237           SER           91.58           411    197      0     7.306     5.227     1.000     0.1379      0.0000      0.0000      0.0000
984     E         B          238           GLU           89.16           411    197      0     7.306     5.227     1.000     0.1209      0.0000      0.0000      0.0000
985     E         B          239           ASN           88.47           411    197      0     7.306     5.227     1.000     0.1180      0.0000      0.0000      0.0000
986     E         B          240           ASP           89.52           411    197      0     7.306     5.227     1.000     0.1351      0.0000      0.0000      0.0000
987     E         B          241           GLU           88.89           411    197      0     7.306     5.227     1.000     0.1266      0.0000      0.0000      0.0000
988     E         B          242           TRP           92.00           411    197      0     7.306     5.227     1.000     0.1471      0.0000      0.0000      0.0000
989     E         B          243           THR           90.35           411    197      0     7.306     5.227     1.000     0.1112      0.0000      0.0000      0.0000
990     E         B          244           GLN           90.44           411    197      0     7.306     5.227     1.000     0.1119      0.0000      0.0000      0.0000
991     E         B          245           ASP           92.11           411    197      0     7.306     5.227     1.000     0.1054      0.0000      0.0000      0.0000
992     E         B          246           ARG           92.39           411    197      0     7.306     5.227     1.000     0.1242      0.0000      0.0000      0.0000
993     E         B          247           ALA           93.25           411    197      0     7.306     5.227     1.000     0.1548      0.0000      0.0000      0.0000
994     E         B          248           LYS           94.23           411    197      0     7.306     5.227     1.000     0.1883      0.0000      0.0000      0.0000
995     E         B          249           PRO           94.45           411    197      0     7.306     5.227     1.000     0.1741      0.0000      0.0000      0.0000
996     E         B          250           VAL           93.85           411    197      0     7.306     5.227     1.000     0.1891      0.0000      0.0000      0.0000
997     E         B          251           THR           94.65           411    197      0     7.306     5.227     1.000     0.2230      0.0000      0.0000      0.0000
998     E         B          252           GLN           95.89           411    197      0     7.306     5.227     1.000     0.1968      0.0000      0.0000      0.0000
999     E         B          253           ILE           95.59           411    197      0     7.306     5.227     1.000     0.2165      0.0000      0.0000      0.0000
1000    E         B          254           VAL           94.96           411    197      0     7.306     5.227     1.000     0.2066      0.0000      0.0000      0.0000
1001    E         B          255           SER           93.37           411    197      0     7.306     5.227     1.000     0.1589      0.0000      0.0000      0.0000
1002    E         B          256           ALA           92.14           411    197      0     7.306     5.227     1.000     0.1638      0.0000      0.0000      0.0000
1003    E         B          257           GLU           92.72           411    197      0     7.306     5.227     1.000     0.1320      0.0000      0.0000      0.0000
1004    E         B          258           ALA           91.82           411    197      0     7.306     5.227     1.000     0.1494      0.0000      0.0000      0.0000
1005    E         B          259           TRP           91.72           411    197      0     7.306     5.227     1.000     0.1630      0.0000      0.0000      0.0000
1006    E         B          260           GLY           87.91           411    197      0     7.306     5.227     1.000     0.1324      0.0000      0.0000      0.0000
1007    E         B          261           ARG           87.45           411    197      0     7.306     5.227     1.000     0.0967      0.0000      0.0000      0.0000
1008    E         B          262           ALA           79.95           411    197      0     7.306     5.227     1.000     0.0893      0.0000      0.0000      0.0000
1009    E         B          263           ASP           76.74           411    197      0     7.306     5.227     1.000     0.0735      0.0000      0.0000      0.0000
1010    E         B          264           CYS           78.53           411    197      0     7.306     5.227     1.000     0.0712      0.0000      0.0000      0.0000
1011    E         B          265           GLY           69.96           411    197      0     7.306     5.227     1.000     0.0669      0.0000      0.0000      0.0000
1012    E         B          266           PHE           69.97           411    197      0     7.306     5.227     1.000     0.0739      0.0000      0.0000      0.0000
1013    E         B          267           THR           75.50           411    197      0     7.306     5.227     1.000     0.0823      0.0000      0.0000      0.0000
1014    E         B          268           SER           73.45           411    197      0     7.306     5.227     1.000     0.0805      0.0000      0.0000      0.0000
1015    E         B          269           GLU           76.71           411    197      0     7.306     5.227     1.000     0.0873      0.0000      0.0000      0.0000
1016    E         B          270           SER           77.89           411    197      0     7.306     5.227     1.000     0.0885      0.0000      0.0000      0.0000
1017    E         B          271           TYR           80.09           411    197      0     7.306     5.227     1.000     0.1042      0.0000      0.0000      0.0000
1018    E         B          272           GLN           78.15           411    197      0     7.306     5.227     1.000     0.0948      0.0000      0.0000      0.0000
1019    E         B          273           GLN           77.23           411    197      0     7.306     5.227     1.000     0.0971      0.0000      0.0000      0.0000
1020    E         B          274           GLY           77.72           411    197      0     7.306     5.227     1.000     0.0905      0.0000      0.0000      0.0000
1021    E         B          275           VAL           83.24           411    197      0     7.306     5.227     1.000     0.0968      0.0000      0.0000      0.0000
1022    E         B          276           LEU           80.55           411    197      0     7.306     5.227     1.000     0.0911      0.0000      0.0000      0.0000
1023    E         B          277           SER           81.06           411    197      0     7.306     5.227     1.000     0.0864      0.0000      0.0000      0.0000
1024    E         B          278           ALA           81.17           411    197      0     7.306     5.227     1.000     0.0860      0.0000      0.0000      0.0000
1025    E         B          279           THR           85.48           411    197      0     7.306     5.227     1.000     0.0909      0.0000      0.0000      0.0000
1026    E         B          280           ILE           84.60           411    197      0     7.306     5.227     1.000     0.0861      0.0000      0.0000      0.0000
1027    E         B          281           LEU           84.03           411    197      0     7.306     5.227     1.000     0.0842      0.0000      0.0000      0.0000
1028    E         B          282           TYR           82.71           411    197      0     7.306     5.227     1.000     0.0913      0.0000      0.0000      0.0000
1029    E         B          283           GLU           84.74           411    197      0     7.306     5.227     1.000     0.0818      0.0000      0.0000      0.0000
1030    E         B          284           ILE           82.95           411    197      0     7.306     5.227     1.000     0.0808      0.0000      0.0000      0.0000
1031    E         B          285           LEU           82.52           411    197      0     7.306     5.227     1.000     0.0832      0.0000      0.0000      0.0000
1032    E         B          286           LEU           83.21           411    197      0     7.306     5.227     1.000     0.0874      0.0000      0.0000      0.0000
1033    E         B          287           GLY           84.48           411    197      0     7.306     5.227     1.000     0.0788      0.0000      0.0000      0.0000
1034    E         B          288           LYS           82.77           411    197      0     7.306     5.227     1.000     0.0766      0.0000      0.0000      0.0000
1035    E         B          289           ALA           81.80           411    197      0     7.306     5.227     1.000     0.0803      0.0000      0.0000      0.0000
1036    E         B          290           THR           86.89           411    197      0     7.306     5.227     1.000     0.0772      0.0000      0.0000      0.0000
1037    E         B          291           LEU           86.03           411    197      0     7.306     5.227     1.000     0.0763      0.0000      0.0000      0.0000
1038    E         B          292           TYR           84.12           411    197      0     7.306     5.227     1.000     0.0769      0.0000      0.0000      0.0000
1039    E         B          293           ALA           84.30           411    197      0     7.306     5.227     1.000     0.0773      0.0000      0.0000      0.0000
1040    E         B          294           VAL           90.38           411    197      0     7.306     5.227     1.000     0.0726      0.0000      0.0000      0.0000
1041    E         B          295           LEU           85.94           411    197      0     7.306     5.227     1.000     0.0738      0.0000      0.0000      0.0000
1042    E         B          296           VAL           86.29           411    197      0     7.306     5.227     1.000     0.0714      0.0000      0.0000      0.0000
1043    E         B          297           SER           88.21           411    197      0     7.306     5.227     1.000     0.0689      0.0000      0.0000      0.0000
1044    E         B          298           ALA           87.24           411    197      0     7.306     5.227     1.000     0.0684      0.0000      0.0000      0.0000
1045    E         B          299           LEU           84.78           411    197      0     7.306     5.227     1.000     0.0692      0.0000      0.0000      0.0000
1046    E         B          300           VAL           84.75           411    197      0     7.306     5.227     1.000     0.0681      0.0000      0.0000      0.0000
1047    E         B          301           LEU           86.81           411    197      0     7.306     5.227     1.000     0.0649      0.0000      0.0000      0.0000
1048    E         B          302           MET           86.29           411    197      0     7.306     5.227     1.000     0.0633      0.0000      0.0000      0.0000
1049    E         B          303           ALA           82.91           411    197      0     7.306     5.227     1.000     0.0629      0.0000      0.0000      0.0000
1050    E         B          304           MET           84.49           411    197      0     7.306     5.227     1.000     0.0599      0.0000      0.0000      0.0000
1051    E         B          305           VAL           86.24           411    197      0     7.306     5.227     1.000     0.0609      0.0000      0.0000      0.0000
1052    E         B          306           LYS           84.77           411    197      0     7.306     5.227     1.000     0.0586      0.0000      0.0000      0.0000
1053    E         B          307           ARG           82.74           411    197      0     7.306     5.227     1.000     0.0575      0.0000      0.0000      0.0000
1054    E         B          308           LYS           81.09           411    197      0     7.306     5.227     1.000     0.0578      0.0000      0.0000      0.0000
1055    E         B          309           ASP           81.62           411    197      0     7.306     5.227     1.000     0.0571      0.0000      0.0000      0.0000
1056    E         B          310           SER           79.56           411    197      0     7.306     5.227     1.000     0.0560      0.0000      0.0000      0.0000
1057    E         B          311           ARG           71.94           411    197      0     7.306     5.227     1.000     0.0539      0.0000      0.0000      0.0000
1058    E         B          312           GLY           54.69           411    197      0     7.306     5.227     1.000     0.0520      0.0000      0.0000      0.0000
747     E         C            1           MET           24.58           321    189      0     6.556     5.123     1.000     0.0414      0.0000      0.0000      0.0000
748     E         C            2           SER           27.23           321    189      0     6.556     5.123     1.000     0.0417      0.0000      0.0000      0.0000
749     E         C            3           ILE           30.95           321    189      0     6.556     5.123     1.000     0.0421      0.0000      0.0000      0.0000
750     E         C            4           GLY           30.91           321    189      0     6.556     5.123     1.000     0.0420      0.0000      0.0000      0.0000
751     E         C            5           LEU           29.96           321    189      0     6.556     5.123     1.000     0.0427      0.0000      0.0000      0.0000
752     E         C            6           LEU           28.58           321    189      0     6.556     5.123     1.000     0.0428      0.0000      0.0000      0.0000
753     E         C            7           CYS           30.73           321    189      0     6.556     5.123     1.000     0.0433      0.0000      0.0000      0.0000
754     E         C            8           CYS           29.92           321    189      0     6.556     5.123     1.000     0.0438      0.0000      0.0000      0.0000
755     E         C            9           ALA           32.12           321    189      0     6.556     5.123     1.000     0.0445      0.0000      0.0000      0.0000
756     E         C           10           ALA           31.71           321    189      0     6.556     5.123     1.000     0.0443      0.0000      0.0000      0.0000
757     E         C           11           LEU           27.97           321    189      0     6.556     5.123     1.000     0.0448      0.0000      0.0000      0.0000
758     E         C           12           SER           28.79           321    189      0     6.556     5.123     1.000     0.0452      0.0000      0.0000      0.0000
759     E         C           13           LEU           26.38           321    189      0     6.556     5.123     1.000     0.0452      0.0000      0.0000      0.0000
760     E         C           14           LEU           27.87           321    189      0     6.556     5.123     1.000     0.0454      0.0000      0.0000      0.0000
761     E         C           15           TRP           28.97           321    189      0     6.556     5.123     1.000     0.0461      0.0000      0.0000      0.0000
762     E         C           16           ALA           33.41           321    189      0     6.556     5.123     1.000     0.0465      0.0000      0.0000      0.0000
763     E         C           17           GLY           33.99           321    189      0     6.556     5.123     1.000     0.0483      0.0000      0.0000      0.0000
764     E         C           18           PRO           32.67           321    189      0     6.556     5.123     1.000     0.0500      0.0000      0.0000      0.0000
765     E         C           19           VAL           38.84           321    189      0     6.556     5.123     1.000     0.0532      0.0000      0.0000      0.0000
766     E         C           20           ASN           46.73           321    189      0     6.556     5.123     1.000     0.0573      0.0000      0.0000      0.0000
767     E         C           21           ALA           57.68           321    189      0     6.556     5.123     1.000     0.0612      0.0000      0.0000      0.0000
768     E         C           22           GLY           86.89           321    189      0     6.556     5.123     1.000     0.1076      0.0000      0.0000      0.0000
769     E         C           23           VAL           95.36           321    189      9     6.556     5.123     1.000     0.4725      0.4725      0.3553      0.0210
770     E         C           24           THR           96.29           321    189      9     6.556     5.123     1.000     0.5453      0.5453      0.4251      0.0282
771     E         C           25           GLN           96.57           321    189      9     6.556     5.123     1.000     0.5316      0.5316      0.4110      0.0264
772     E         C           26           THR           95.55           321    189      9     6.556     5.123     1.000     0.4430      0.4430      0.3285      0.0187
773     E         C           27           PRO           95.68           321    189      8     6.556     5.123     1.000     0.3693      0.3784      0.2713      0.0140
774     E         C           28           LYS           95.50           321    189      9     6.556     5.123     1.000     0.4684      0.4684      0.3510      0.0205
775     E         C           29           PHE           96.56           321    189      9     6.556     5.123     1.000     0.4951      0.4951      0.3756      0.0227
776     E         C           30           GLN           96.85           321    189      9     6.556     5.123     1.000     0.4714      0.4714      0.3537      0.0207
777     E         C           31           VAL           96.16           321    189      9     6.556     5.123     1.000     0.4634      0.4634      0.3460      0.0199
778     E         C           32           LEU           95.43           321    189      9     6.556     5.123     1.000     0.4506      0.4506      0.3345      0.0190
779     E         C           33           LYS           94.91           321    189      9     6.556     5.123     1.000     0.4114      0.4114      0.2997      0.0162
780     E         C           34           THR           95.47           321    189      9     6.556     5.123     1.000     0.4013      0.4013      0.2911      0.0155
781     E         C           35           GLY           95.13           321    189      6     6.556     5.123     1.000     0.3145      0.3356      0.2358      0.0116
782     E         C           36           GLN           93.84           321    189      8     6.556     5.123     1.000     0.3757      0.3866      0.2783      0.0145
783     E         C           37           SER           94.68           321    189      9     6.556     5.123     1.000     0.4017      0.4017      0.2916      0.0156
784     E         C           38           MET           95.70           321    189      9     6.556     5.123     1.000     0.4260      0.4260      0.3128      0.0172
785     E         C           39           THR           96.96           321    189      9     6.556     5.123     1.000     0.5469      0.5469      0.4261      0.0281
786     E         C           40           LEU           97.31           321    189      9     6.556     5.123     1.000     0.5825      0.5825      0.4621      0.0325
787     E         C           41           GLN           97.11           321    189      9     6.556     5.123     1.000     0.5616      0.5616      0.4413      0.0301
788     E         C           42           CYS           97.17           321    189      9     6.556     5.123     1.000     0.5405      0.5405      0.4198      0.0274
789     E         C           43           ALA           96.84           321    189      9     6.556     5.123     1.000     0.5501      0.5501      0.4299      0.0288
790     E         C           44           GLN           95.83           321    189      9     6.556     5.123     1.000     0.5089      0.5089      0.3894      0.0243
791     E         C           45           ASP           93.07           321    189      9     6.556     5.123     1.000     0.4767      0.4767      0.3601      0.0217
792     E         C           46           MET           90.94           321    189      9     6.556     5.123     1.000     0.5441      0.5441      0.4238      0.0280
793     E         C           47           ASN           88.04           321    189      9     6.556     5.123     1.000     0.5618      0.5618      0.4421      0.0305
794     E         C           48           HIS           88.95           321    189      9     6.556     5.123     1.000     0.6186      0.6186      0.5005      0.0382
795     E         C           49           GLU           85.25           321    189      9     6.556     5.123     1.000     0.6152      0.6152      0.4975      0.0382
796     E         C           50           TYR           90.32           321    189      9     6.556     5.123     1.000     0.6484      0.6484      0.5323      0.0433
797     E         C           51           MET           93.49           321    189      9     6.556     5.123     1.000     0.6335      0.6335      0.5167      0.0410
798     E         C           52           SER           94.97           321    189      9     6.556     5.123     1.000     0.6139      0.6139      0.4952      0.0374
799     E         C           53           TRP           96.57           321    189      9     6.556     5.123     1.000     0.6358      0.6358      0.5184      0.0408
800     E         C           54           TYR           96.65           321    189      9     6.556     5.123     1.000     0.6426      0.6426      0.5265      0.0426
801     E         C           55           ARG           96.49           321    189      9     6.556     5.123     1.000     0.5915      0.5915      0.4717      0.0340
802     E         C           56           GLN           96.41           321    189      9     6.556     5.123     1.000     0.5662      0.5662      0.4455      0.0305
803     E         C           57           ASP           94.76           321    189      9     6.556     5.123     1.000     0.4795      0.4795      0.3616      0.0215
804     E         C           58           PRO           90.77           321    189      7     6.556     5.123     1.000     0.3406      0.3571      0.2534      0.0128
805     E         C           59           GLY           87.47           321    189      2     6.556     5.123     1.000     0.2786      0.3160      0.2201      0.0106
806     E         C           60           MET           88.95           321    189      5     6.556     5.123     1.000     0.3065      0.3363      0.2364      0.0117
807     E         C           61           GLY           89.08           321    189      6     6.556     5.123     1.000     0.3276      0.3550      0.2519      0.0127
808     E         C           62           LEU           94.00           321    189      9     6.556     5.123     1.000     0.5218      0.5218      0.4015      0.0255
809     E         C           63           ARG           94.90           321    189      9     6.556     5.123     1.000     0.5946      0.5946      0.4745      0.0342
810     E         C           64           LEU           94.08           321    189      9     6.556     5.123     1.000     0.6192      0.6192      0.5011      0.0383
811     E         C           65           ILE           95.39           321    189      9     6.556     5.123     1.000     0.6001      0.6001      0.4806      0.0352
812     E         C           66           HIS           94.72           321    189      9     6.556     5.123     1.000     0.5946      0.5946      0.4751      0.0345
813     E         C           67           TYR           92.30           321    189      9     6.556     5.123     1.000     0.5987      0.5987      0.4789      0.0349
814     E         C           68           SER           90.92           321    189      9     6.556     5.123     1.000     0.5900      0.5900      0.4699      0.0336
815     E         C           69           VAL           82.80           321    189      9     6.556     5.123     1.000     0.5877      0.5877      0.4686      0.0340
816     E         C           70           GLY           81.66           321    189      9     6.556     5.123     1.000     0.5124      0.5124      0.3933      0.0248
817     E         C           71           ALA           82.10           321    189      9     6.556     5.123     1.000     0.4825      0.4825      0.3645      0.0218
818     E         C           72           GLY           79.87           321    189      9     6.556     5.123     1.000     0.4590      0.4590      0.3426      0.0198
819     E         C           73           ILE           80.58           321    189      9     6.556     5.123     1.000     0.4926      0.4926      0.3738      0.0227
820     E         C           74           THR           86.14           321    189      9     6.556     5.123     1.000     0.5194      0.5194      0.3989      0.0251
821     E         C           75           ASP           86.34           321    189      9     6.556     5.123     1.000     0.5103      0.5103      0.3907      0.0244
822     E         C           76           GLN           89.60           321    189      9     6.556     5.123     1.000     0.4902      0.4902      0.3714      0.0224
823     E         C           77           GLY           89.37           321    189      9     6.556     5.123     1.000     0.4711      0.4711      0.3533      0.0206
824     E         C           78           GLU           90.18           321    189      9     6.556     5.123     1.000     0.4740      0.4740      0.3562      0.0210
825     E         C           79           VAL           93.07           321    189      9     6.556     5.123     1.000     0.4805      0.4805      0.3622      0.0215
826     E         C           80           PRO           93.28           321    189      9     6.556     5.123     1.000     0.4364      0.4364      0.3220      0.0180
827     E         C           81           ASN           93.80           321    189      9     6.556     5.123     1.000     0.4052      0.4052      0.2948      0.0159
828     E         C           82           GLY           94.41           321    189      9     6.556     5.123     1.000     0.4022      0.4022      0.2921      0.0157
829     E         C           83           TYR           96.56           321    189      9     6.556     5.123     1.000     0.5267      0.5267      0.4065      0.0260
830     E         C           84           ASN           95.95           321    189      9     6.556     5.123     1.000     0.4710      0.4710      0.3535      0.0207
831     E         C           85           VAL           95.29           321    189      9     6.556     5.123     1.000     0.4670      0.4670      0.3497      0.0204
832     E         C           86           SER           93.17           321    189      9     6.556     5.123     1.000     0.4321      0.4321      0.3186      0.0178
833     E         C           87           ARG           93.04           321    189      9     6.556     5.123     1.000     0.4899      0.4899      0.3712      0.0224
834     E         C           88           SER           91.36           321    189      9     6.556     5.123     1.000     0.4344      0.4344      0.3206      0.0179
835     E         C           89           THR           90.89           321    189      9     6.556     5.123     1.000     0.4863      0.4863      0.3682      0.0222
836     E         C           90           THR           90.40           321    189      9     6.556     5.123     1.000     0.5285      0.5285      0.4082      0.0261
837     E         C           91           GLU           94.16           321    189      9     6.556     5.123     1.000     0.5223      0.5223      0.4025      0.0257
838     E         C           92           ASP           95.83           321    189      9     6.556     5.123     1.000     0.5213      0.5213      0.4011      0.0254
839     E         C           93           PHE           96.72           321    189      9     6.556     5.123     1.000     0.5708      0.5708      0.4501      0.0310
840     E         C           94           PRO           97.20           321    189      9     6.556     5.123     1.000     0.5723      0.5723      0.4519      0.0313
841     E         C           95           LEU           97.56           321    189      9     6.556     5.123     1.000     0.5816      0.5816      0.4613      0.0324
842     E         C           96           ARG           97.02           321    189      9     6.556     5.123     1.000     0.5237      0.5237      0.4034      0.0256
843     E         C           97           LEU           96.13           321    189      9     6.556     5.123     1.000     0.4626      0.4626      0.3459      0.0201
844     E         C           98           LEU           92.48           321    189      6     6.556     5.123     1.000     0.3158      0.3411      0.2403      0.0119
845     E         C           99           SER           95.71           321    189      6     6.556     5.123     1.000     0.3217      0.3455      0.2438      0.0122
846     E         C          100           ALA           95.97           321    189      9     6.556     5.123     1.000     0.3764      0.3764      0.2698      0.0140
847     E         C          101           ALA           96.44           321    189      9     6.556     5.123     1.000     0.4065      0.4065      0.2956      0.0159
848     E         C          102           PRO           95.61           321    189      9     6.556     5.123     1.000     0.4483      0.4483      0.3325      0.0188
849     E         C          103           SER           96.10           321    189      9     6.556     5.123     1.000     0.4760      0.4760      0.3580      0.0211
850     E         C          104           GLN           96.60           321    189      9     6.556     5.123     1.000     0.5068      0.5068      0.3870      0.0239
851     E         C          105           THR           96.16           321    189      9     6.556     5.123     1.000     0.5279      0.5279      0.4070      0.0259
852     E         C          106           SER           96.54           321    189      9     6.556     5.123     1.000     0.4971      0.4971      0.3779      0.0230
853     E         C          107           VAL           96.98           321    189      9     6.556     5.123     1.000     0.5819      0.5819      0.4612      0.0323
854     E         C          108           TYR           97.61           321    189      9     6.556     5.123     1.000     0.6256      0.6256      0.5072      0.0389
855     E         C          109           PHE           97.15           321    189      9     6.556     5.123     1.000     0.6162      0.6162      0.4969      0.0372
856     E         C          110           CYS           96.71           321    189      9     6.556     5.123     1.000     0.5999      0.5999      0.4809      0.0354
857     E         C          111           ALA           95.48           321    189      9     6.556     5.123     1.000     0.6277      0.6277      0.5106      0.0400
858     E         C          112           SER           94.13           321    189      9     6.556     5.123     1.000     0.6015      0.6015      0.4831      0.0360
859     E         C          113           GLN           90.74           321    189      9     6.556     5.123     1.000     0.6286      0.6286      0.5115      0.0402
860     E         C          114           LYS           85.09           321    189      9     6.556     5.123     1.000     0.6039      0.6039      0.4867      0.0371
861     E         C          115           SER           79.31           321    189      9     6.556     5.123     1.000     0.5533      0.5533      0.4371      0.0312
862     E         C          116           GLY           76.40           321    189      9     6.556     5.123     1.000     0.5887      0.5887      0.4721      0.0354
863     E         C          117           SER           82.14           321    189      9     6.556     5.123     1.000     0.6337      0.6337      0.5182      0.0421
864     E         C          118           SER           81.22           321    189      9     6.556     5.123     1.000     0.5983      0.5983      0.4799      0.0356
865     E         C          119           TYR           84.17           321    189      9     6.556     5.123     1.000     0.6024      0.6024      0.4848      0.0366
866     E         C          120           ASN           85.45           321    189      9     6.556     5.123     1.000     0.6278      0.6278      0.5101      0.0397
867     E         C          121           GLU           88.20           321    189      9     6.556     5.123     1.000     0.6168      0.6168      0.4990      0.0383
868     E         C          122           GLN           92.40           321    189      9     6.556     5.123     1.000     0.6171      0.6171      0.4986      0.0378
869     E         C          123           PHE           94.82           321    189      9     6.556     5.123     1.000     0.6376      0.6376      0.5201      0.0410
870     E         C          124           PHE           96.00           321    189      9     6.556     5.123     1.000     0.6504      0.6504      0.5345      0.0436
871     E         C          125           GLY           95.96           321    189      9     6.556     5.123     1.000     0.5793      0.5793      0.4591      0.0322
872     E         C          126           PRO           95.44           321    189      9     6.556     5.123     1.000     0.5520      0.5520      0.4319      0.0291
873     E         C          127           GLY           96.20           321    189      9     6.556     5.123     1.000     0.5031      0.5031      0.3839      0.0237
874     E         C          128           THR           96.99           321    189      9     6.556     5.123     1.000     0.5643      0.5643      0.4435      0.0302
875     E         C          129           ARG           96.81           321    189      9     6.556     5.123     1.000     0.5347      0.5347      0.4139      0.0267
876     E         C          130           LEU           97.19           321    189      9     6.556     5.123     1.000     0.5342      0.5342      0.4132      0.0266
877     E         C          131           THR           96.39           321    189      9     6.556     5.123     1.000     0.5197      0.5197      0.3989      0.0250
878     E         C          132           VAL           96.47           321    189      9     6.556     5.123     1.000     0.5079      0.5079      0.3878      0.0239
879     E         C          133           LEU           95.31           321    189      9     6.556     5.123     1.000     0.4362      0.4362      0.3217      0.0179
880     E         C          134           GLU           93.99           321    189      7     6.556     5.123     1.000     0.3359      0.3527      0.2498      0.0126
881     E         C          135           ASP           92.16           321    189      0     6.556     5.123     1.000     0.2410      0.0000      0.0000      0.0000
882     E         C          136           LEU           93.42           321    189      6     6.556     5.123     1.000     0.3028      0.3205      0.2237      0.0109
883     E         C          137           LYS           93.37           321    189      0     6.556     5.123     1.000     0.2524      0.0000      0.0000      0.0000
884     E         C          138           ASN           93.24           321    189      0     6.556     5.123     1.000     0.2574      0.0000      0.0000      0.0000
885     E         C          139           VAL           95.52           321    189      8     6.556     5.123     1.000     0.3531      0.3611      0.2568      0.0130
886     E         C          140           PHE           96.27           321    189      8     6.556     5.123     1.000     0.3455      0.3531      0.2501      0.0126
887     E         C          141           PRO           96.22           321    189      6     6.556     5.123     1.000     0.3172      0.3346      0.2350      0.0116
888     E         C          142           PRO           96.59           321    189      6     6.556     5.123     1.000     0.3200      0.3387      0.2383      0.0118
889     E         C          143           GLU           94.59           321    189      6     6.556     5.123     1.000     0.3148      0.3298      0.2311      0.0113
890     E         C          144           VAL           94.78           321    189      8     6.556     5.123     1.000     0.3396      0.3469      0.2451      0.0122
891     E         C          145           ALA           93.50           321    189      5     6.556     5.123     1.000     0.2929      0.3128      0.2175      0.0105
892     E         C          146           VAL           94.33           321    189      8     6.556     5.123     1.000     0.3398      0.3477      0.2457      0.0123
893     E         C          147           PHE           94.66           321    189      8     6.556     5.123     1.000     0.3537      0.3614      0.2569      0.0130
894     E         C          148           GLU           92.95           321    189      0     6.556     5.123     1.000     0.2610      0.0000      0.0000      0.0000
895     E         C          149           PRO           92.69           321    189      0     6.556     5.123     1.000     0.2417      0.0000      0.0000      0.0000
896     E         C          150           SER           90.59           321    189      0     6.556     5.123     1.000     0.1996      0.0000      0.0000      0.0000
897     E         C          151           GLU           89.53           321    189      0     6.556     5.123     1.000     0.2106      0.0000      0.0000      0.0000
898     E         C          152           ALA           89.83           321    189      0     6.556     5.123     1.000     0.2213      0.0000      0.0000      0.0000
899     E         C          153           GLU           92.19           321    189      0     6.556     5.123     1.000     0.2648      0.0000      0.0000      0.0000
900     E         C          154           ILE           91.13           321    189      0     6.556     5.123     1.000     0.2577      0.0000      0.0000      0.0000
901     E         C          155           SER           89.84           321    189      0     6.556     5.123     1.000     0.2078      0.0000      0.0000      0.0000
902     E         C          156           HIS           90.09           321    189      0     6.556     5.123     1.000     0.2021      0.0000      0.0000      0.0000
903     E         C          157           THR           90.17           321    189      0     6.556     5.123     1.000     0.1775      0.0000      0.0000      0.0000
904     E         C          158           GLN           92.06           321    189      0     6.556     5.123     1.000     0.2132      0.0000      0.0000      0.0000
905     E         C          159           LYS           93.35           321    189      0     6.556     5.123     1.000     0.2708      0.0000      0.0000      0.0000
906     E         C          160           ALA           94.15           321    189      3     6.556     5.123     1.000     0.2859      0.3092      0.2146      0.0103
907     E         C          161           THR           95.22           321    189      8     6.556     5.123     1.000     0.3385      0.3463      0.2445      0.0122
908     E         C          162           LEU           95.62           321    189      9     6.556     5.123     1.000     0.3856      0.3856      0.2774      0.0145
909     E         C          163           VAL           95.99           321    189      9     6.556     5.123     1.000     0.3891      0.3891      0.2804      0.0147
910     E         C          164           CYS           95.97           321    189      8     6.556     5.123     1.000     0.3636      0.3720      0.2659      0.0137
911     E         C          165           LEU           95.03           321    189      8     6.556     5.123     1.000     0.3525      0.3601      0.2559      0.0130
912     E         C          166           ALA           96.08           321    189      9     6.556     5.123     1.000     0.3675      0.3675      0.2622      0.0134
913     E         C          167           THR           94.74           321    189      6     6.556     5.123     1.000     0.3188      0.3370      0.2369      0.0117
914     E         C          168           GLY           94.72           321    189      0     6.556     5.123     1.000     0.2712      0.0000      0.0000      0.0000
915     E         C          169           PHE           96.67           321    189      9     6.556     5.123     1.000     0.3921      0.3921      0.2829      0.0149
916     E         C          170           TYR           96.58           321    189      9     6.556     5.123     1.000     0.3696      0.3696      0.2639      0.0135
917     E         C          171           PRO           95.86           321    189      7     6.556     5.123     1.000     0.3223      0.3324      0.2332      0.0115
918     E         C          172           ASP           94.76           321    189      4     6.556     5.123     1.000     0.2949      0.3204      0.2235      0.0109
919     E         C          173           HIS           96.14           321    189      8     6.556     5.123     1.000     0.3347      0.3415      0.2407      0.0120
920     E         C          174           VAL           96.60           321    189      9     6.556     5.123     1.000     0.3807      0.3807      0.2733      0.0142
921     E         C          175           GLU           96.62           321    189      9     6.556     5.123     1.000     0.3805      0.3805      0.2731      0.0142
922     E         C          176           LEU           96.76           321    189      9     6.556     5.123     1.000     0.3846      0.3846      0.2765      0.0144
923     E         C          177           SER           96.94           321    189      8     6.556     5.123     1.000     0.3597      0.3671      0.2617      0.0134
924     E         C          178           TRP           97.34           321    189      9     6.556     5.123     1.000     0.4025      0.4025      0.2918      0.0155
925     E         C          179           TRP           97.26           321    189      8     6.556     5.123     1.000     0.3624      0.3701      0.2641      0.0135
926     E         C          180           VAL           96.54           321    189      7     6.556     5.123     1.000     0.3241      0.3358      0.2360      0.0116
927     E         C          181           ASN           95.49           321    189      0     6.556     5.123     1.000     0.2591      0.0000      0.0000      0.0000
928     E         C          182           GLY           95.17           321    189      0     6.556     5.123     1.000     0.2057      0.0000      0.0000      0.0000
929     E         C          183           LYS           96.38           321    189      0     6.556     5.123     1.000     0.2554      0.0000      0.0000      0.0000
930     E         C          184           GLU           96.72           321    189      7     6.556     5.123     1.000     0.3208      0.3317      0.2326      0.0114
931     E         C          185           VAL           96.15           321    189      5     6.556     5.123     1.000     0.3032      0.3200      0.2232      0.0108
932     E         C          186           HIS           94.04           321    189      4     6.556     5.123     1.000     0.2961      0.3149      0.2192      0.0106
933     E         C          187           SER           93.30           321    189      0     6.556     5.123     1.000     0.2526      0.0000      0.0000      0.0000
934     E         C          188           GLY           94.02           321    189      0     6.556     5.123     1.000     0.2250      0.0000      0.0000      0.0000
935     E         C          189           VAL           95.90           321    189      6     6.556     5.123     1.000     0.3188      0.3344      0.2348      0.0116
936     E         C          190           SER           95.46           321    189      6     6.556     5.123     1.000     0.3063      0.3228      0.2254      0.0110
937     E         C          191           THR           95.18           321    189      9     6.556     5.123     1.000     0.3781      0.3781      0.2710      0.0140
938     E         C          192           ASP           94.60           321    189      9     6.556     5.123     1.000     0.3708      0.3708      0.2649      0.0136
939     E         C          193           PRO           92.00           321    189      6     6.556     5.123     1.000     0.3207      0.3387      0.2383      0.0118
940     E         C          194           GLN           91.90           321    189      6     6.556     5.123     1.000     0.3094      0.3268      0.2287      0.0112
941     E         C          195           PRO           94.20           321    189      8     6.556     5.123     1.000     0.3356      0.3425      0.2414      0.0120
942     E         C          196           LEU           93.07           321    189      6     6.556     5.123     1.000     0.3111      0.3244      0.2267      0.0111
943     E         C          197           LYS           92.47           321    189      6     6.556     5.123     1.000     0.3114      0.3259      0.2279      0.0111
944     E         C          198           GLU           91.21           321    189      0     6.556     5.123     1.000     0.2460      0.0000      0.0000      0.0000
945     E         C          199           GLN           89.49           321    189      0     6.556     5.123     1.000     0.1756      0.0000      0.0000      0.0000
946     E         C          200           PRO           86.88           321    189      0     6.556     5.123     1.000     0.1445      0.0000      0.0000      0.0000
947     E         C          201           ALA           87.15           321    189      0     6.556     5.123     1.000     0.1261      0.0000      0.0000      0.0000
948     E         C          202           LEU           87.40           321    189      0     6.556     5.123     1.000     0.1267      0.0000      0.0000      0.0000
949     E         C          203           ASN           85.14           321    189      0     6.556     5.123     1.000     0.1295      0.0000      0.0000      0.0000
950     E         C          204           ASP           88.00           321    189      0     6.556     5.123     1.000     0.1259      0.0000      0.0000      0.0000
951     E         C          205           SER           92.24           321    189      0     6.556     5.123     1.000     0.1871      0.0000      0.0000      0.0000
952     E         C          206           ARG           95.19           321    189      7     6.556     5.123     1.000     0.3180      0.3297      0.2310      0.0113
953     E         C          207           TYR           96.14           321    189      9     6.556     5.123     1.000     0.3944      0.3944      0.2849      0.0150
954     E         C          208           CYS           95.60           321    189      8     6.556     5.123     1.000     0.3598      0.3677      0.2622      0.0134
955     E         C          209           LEU           96.56           321    189      9     6.556     5.123     1.000     0.3914      0.3914      0.2823      0.0148
956     E         C          210           SER           96.27           321    189      8     6.556     5.123     1.000     0.3568      0.3643      0.2594      0.0132
957     E         C          211           SER           96.71           321    189      9     6.556     5.123     1.000     0.3650      0.3650      0.2601      0.0133
958     E         C          212           ARG           96.25           321    189      8     6.556     5.123     1.000     0.3461      0.3529      0.2500      0.0126
959     E         C          213           LEU           96.51           321    189      9     6.556     5.123     1.000     0.3815      0.3815      0.2739      0.0142
960     E         C          214           ARG           96.13           321    189      8     6.556     5.123     1.000     0.3335      0.3406      0.2399      0.0119
961     E         C          215           VAL           95.26           321    189      6     6.556     5.123     1.000     0.3060      0.3220      0.2248      0.0109
962     E         C          216           SER           94.17           321    189      0     6.556     5.123     1.000     0.2625      0.0000      0.0000      0.0000
963     E         C          217           ALA           92.47           321    189      0     6.556     5.123     1.000     0.2421      0.0000      0.0000      0.0000
964     E         C          218           THR           91.88           321    189      0     6.556     5.123     1.000     0.2340      0.0000      0.0000      0.0000
965     E         C          219           PHE           93.75           321    189      5     6.556     5.123     1.000     0.2920      0.3101      0.2153      0.0103
966     E         C          220           TRP           93.59           321    189      7     6.556     5.123     1.000     0.3172      0.3301      0.2314      0.0113
967     E         C          221           GLN           90.75           321    189      0     6.556     5.123     1.000     0.2474      0.0000      0.0000      0.0000
968     E         C          222           ASN           91.33           321    189      0     6.556     5.123     1.000     0.2228      0.0000      0.0000      0.0000
969     E         C          223           PRO           89.79           321    189      0     6.556     5.123     1.000     0.1942      0.0000      0.0000      0.0000
970     E         C          224           ARG           90.24           321    189      0     6.556     5.123     1.000     0.2027      0.0000      0.0000      0.0000
971     E         C          225           ASN           93.52           321    189      0     6.556     5.123     1.000     0.2463      0.0000      0.0000      0.0000
972     E         C          226           HIS           95.49           321    189      5     6.556     5.123     1.000     0.3030      0.3254      0.2275      0.0111
973     E         C          227           PHE           96.02           321    189      8     6.556     5.123     1.000     0.3637      0.3731      0.2667      0.0137
974     E         C          228           ARG           96.35           321    189      8     6.556     5.123     1.000     0.3510      0.3589      0.2548      0.0129
975     E         C          229           CYS           96.39           321    189      8     6.556     5.123     1.000     0.3643      0.3733      0.2670      0.0137
976     E         C          230           GLN           97.41           321    189      8     6.556     5.123     1.000     0.3556      0.3630      0.2582      0.0131
977     E         C          231           VAL           97.28           321    189      9     6.556     5.123     1.000     0.4042      0.4042      0.2934      0.0157
978     E         C          232           GLN           97.55           321    189      9     6.556     5.123     1.000     0.3992      0.3992      0.2890      0.0153
979     E         C          233           PHE           97.26           321    189      9     6.556     5.123     1.000     0.4260      0.4260      0.3122      0.0171
980     E         C          234           TYR           96.71           321    189      9     6.556     5.123     1.000     0.4219      0.4219      0.3087      0.0168
981     E         C          235           GLY           94.45           321    189      1     6.556     5.123     1.000     0.2757      0.3226      0.2253      0.0110
982     E         C          236           LEU           94.31           321    189      1     6.556     5.123     1.000     0.2799      0.3136      0.2181      0.0105
983     E         C          237           SER           91.58           321    189      0     6.556     5.123     1.000     0.1954      0.0000      0.0000      0.0000
984     E         C          238           GLU           89.16           321    189      0     6.556     5.123     1.000     0.1620      0.0000      0.0000      0.0000
985     E         C          239           ASN           88.47           321    189      0     6.556     5.123     1.000     0.1509      0.0000      0.0000      0.0000
986     E         C          240           ASP           89.52           321    189      0     6.556     5.123     1.000     0.1694      0.0000      0.0000      0.0000
987     E         C          241           GLU           88.89           321    189      0     6.556     5.123     1.000     0.1620      0.0000      0.0000      0.0000
988     E         C          242           TRP           92.00           321    189      0     6.556     5.123     1.000     0.1945      0.0000      0.0000      0.0000
989     E         C          243           THR           90.35           321    189      0     6.556     5.123     1.000     0.1371      0.0000      0.0000      0.0000
990     E         C          244           GLN           90.44           321    189      0     6.556     5.123     1.000     0.1375      0.0000      0.0000      0.0000
991     E         C          245           ASP           92.11           321    189      0     6.556     5.123     1.000     0.1217      0.0000      0.0000      0.0000
992     E         C          246           ARG           92.39           321    189      0     6.556     5.123     1.000     0.1658      0.0000      0.0000      0.0000
993     E         C          247           ALA           93.25           321    189      0     6.556     5.123     1.000     0.2108      0.0000      0.0000      0.0000
994     E         C          248           LYS           94.23           321    189      0     6.556     5.123     1.000     0.2576      0.0000      0.0000      0.0000
995     E         C          249           PRO           94.45           321    189      0     6.556     5.123     1.000     0.2365      0.0000      0.0000      0.0000
996     E         C          250           VAL           93.85           321    189      0     6.556     5.123     1.000     0.2524      0.0000      0.0000      0.0000
997     E         C          251           THR           94.65           321    189      4     6.556     5.123     1.000     0.2928      0.3081      0.2138      0.0103
998     E         C          252           GLN           95.89           321    189      0     6.556     5.123     1.000     0.2679      0.0000      0.0000      0.0000
999     E         C          253           ILE           95.59           321    189      4     6.556     5.123     1.000     0.2927      0.3103      0.2155      0.0104
1000    E         C          254           VAL           94.96           321    189      1     6.556     5.123     1.000     0.2875      0.3226      0.2253      0.0110
1001    E         C          255           SER           93.37           321    189      0     6.556     5.123     1.000     0.2162      0.0000      0.0000      0.0000
1002    E         C          256           ALA           92.14           321    189      0     6.556     5.123     1.000     0.2232      0.0000      0.0000      0.0000
1003    E         C          257           GLU           92.72           321    189      0     6.556     5.123     1.000     0.1778      0.0000      0.0000      0.0000
1004    E         C          258           ALA           91.82           321    189      0     6.556     5.123     1.000     0.2027      0.0000      0.0000      0.0000
1005    E         C          259           TRP           91.72           321    189      0     6.556     5.123     1.000     0.2170      0.0000      0.0000      0.0000
1006    E         C          260           GLY           87.91           321    189      0     6.556     5.123     1.000     0.1673      0.0000      0.0000      0.0000
1007    E         C          261           ARG           87.45           321    189      0     6.556     5.123     1.000     0.1245      0.0000      0.0000      0.0000
1008    E         C          262           ALA           79.95           321    189      0     6.556     5.123     1.000     0.1081      0.0000      0.0000      0.0000
1009    E         C          263           ASP           76.74           321    189      0     6.556     5.123     1.000     0.0815      0.0000      0.0000      0.0000
1010    E         C          264           CYS           78.53           321    189      0     6.556     5.123     1.000     0.0768      0.0000      0.0000      0.0000
1011    E         C          265           GLY           69.96           321    189      0     6.556     5.123     1.000     0.0708      0.0000      0.0000      0.0000
1012    E         C          266           PHE           69.97           321    189      0     6.556     5.123     1.000     0.0807      0.0000      0.0000      0.0000
1013    E         C          267           THR           75.50           321    189      0     6.556     5.123     1.000     0.0864      0.0000      0.0000      0.0000
1014    E         C          268           SER           73.45           321    189      0     6.556     5.123     1.000     0.0882      0.0000      0.0000      0.0000
1015    E         C          269           GLU           76.71           321    189      0     6.556     5.123     1.000     0.0920      0.0000      0.0000      0.0000
1016    E         C          270           SER           77.89           321    189      0     6.556     5.123     1.000     0.0943      0.0000      0.0000      0.0000
1017    E         C          271           TYR           80.09           321    189      0     6.556     5.123     1.000     0.1082      0.0000      0.0000      0.0000
1018    E         C          272           GLN           78.15           321    189      0     6.556     5.123     1.000     0.0985      0.0000      0.0000      0.0000
1019    E         C          273           GLN           77.23           321    189      0     6.556     5.123     1.000     0.0982      0.0000      0.0000      0.0000
1020    E         C          274           GLY           77.72           321    189      0     6.556     5.123     1.000     0.0958      0.0000      0.0000      0.0000
1021    E         C          275           VAL           83.24           321    189      0     6.556     5.123     1.000     0.1011      0.0000      0.0000      0.0000
1022    E         C          276           LEU           80.55           321    189      0     6.556     5.123     1.000     0.0934      0.0000      0.0000      0.0000
1023    E         C          277           SER           81.06           321    189      0     6.556     5.123     1.000     0.0868      0.0000      0.0000      0.0000
1024    E         C          278           ALA           81.17           321    189      0     6.556     5.123     1.000     0.0875      0.0000      0.0000      0.0000
1025    E         C          279           THR           85.48           321    189      0     6.556     5.123     1.000     0.0890      0.0000      0.0000      0.0000
1026    E         C          280           ILE           84.60           321    189      0     6.556     5.123     1.000     0.0852      0.0000      0.0000      0.0000
1027    E         C          281           LEU           84.03           321    189      0     6.556     5.123     1.000     0.0845      0.0000      0.0000      0.0000
1028    E         C          282           TYR           82.71           321    189      0     6.556     5.123     1.000     0.0901      0.0000      0.0000      0.0000
1029    E         C          283           GLU           84.74           321    189      0     6.556     5.123     1.000     0.0786      0.0000      0.0000      0.0000
1030    E         C          284           ILE           82.95           321    189      0     6.556     5.123     1.000     0.0775      0.0000      0.0000      0.0000
1031    E         C          285           LEU           82.52           321    189      0     6.556     5.123     1.000     0.0809      0.0000      0.0000      0.0000
1032    E         C          286           LEU           83.21           321    189      0     6.556     5.123     1.000     0.0843      0.0000      0.0000      0.0000
1033    E         C          287           GLY           84.48           321    189      0     6.556     5.123     1.000     0.0753      0.0000      0.0000      0.0000
1034    E         C          288           LYS           82.77           321    189      0     6.556     5.123     1.000     0.0745      0.0000      0.0000      0.0000
1035    E         C          289           ALA           81.80           321    189      0     6.556     5.123     1.000     0.0782      0.0000      0.0000      0.0000
1036    E         C          290           THR           86.89           321    189      0     6.556     5.123     1.000     0.0750      0.0000      0.0000      0.0000
1037    E         C          291           LEU           86.03           321    189      0     6.556     5.123     1.000     0.0731      0.0000      0.0000      0.0000
1038    E         C          292           TYR           84.12           321    189      0     6.556     5.123     1.000     0.0732      0.0000      0.0000      0.0000
1039    E         C          293           ALA           84.30           321    189      0     6.556     5.123     1.000     0.0745      0.0000      0.0000      0.0000
1040    E         C          294           VAL           90.38           321    189      0     6.556     5.123     1.000     0.0706      0.0000      0.0000      0.0000
1041    E         C          295           LEU           85.94           321    189      0     6.556     5.123     1.000     0.0732      0.0000      0.0000      0.0000
1042    E         C          296           VAL           86.29           321    189      0     6.556     5.123     1.000     0.0696      0.0000      0.0000      0.0000
1043    E         C          297           SER           88.21           321    189      0     6.556     5.123     1.000     0.0687      0.0000      0.0000      0.0000
1044    E         C          298           ALA           87.24           321    189      0     6.556     5.123     1.000     0.0690      0.0000      0.0000      0.0000
1045    E         C          299           LEU           84.78           321    189      0     6.556     5.123     1.000     0.0690      0.0000      0.0000      0.0000
1046    E         C          300           VAL           84.75           321    189      0     6.556     5.123     1.000     0.0670      0.0000      0.0000      0.0000
1047    E         C          301           LEU           86.81           321    189      0     6.556     5.123     1.000     0.0658      0.0000      0.0000      0.0000
1048    E         C          302           MET           86.29           321    189      0     6.556     5.123     1.000     0.0636      0.0000      0.0000      0.0000
1049    E         C          303           ALA           82.91           321    189      0     6.556     5.123     1.000     0.0623      0.0000      0.0000      0.0000
1050    E         C          304           MET           84.49           321    189      0     6.556     5.123     1.000     0.0593      0.0000      0.0000      0.0000
1051    E         C          305           VAL           86.24           321    189      0     6.556     5.123     1.000     0.0594      0.0000      0.0000      0.0000
1052    E         C          306           LYS           84.77           321    189      0     6.556     5.123     1.000     0.0562      0.0000      0.0000      0.0000
1053    E         C          307           ARG           82.74           321    189      0     6.556     5.123     1.000     0.0544      0.0000      0.0000      0.0000
1054    E         C          308           LYS           81.09           321    189      0     6.556     5.123     1.000     0.0536      0.0000      0.0000      0.0000
1055    E         C          309           ASP           81.62           321    189      0     6.556     5.123     1.000     0.0525      0.0000      0.0000      0.0000
1056    E         C          310           SER           79.56           321    189      0     6.556     5.123     1.000     0.0512      0.0000      0.0000      0.0000
1057    E         C          311           ARG           71.94           321    189      0     6.556     5.123     1.000     0.0470      0.0000      0.0000      0.0000
1058    E         C          312           GLY           54.69           321    189      0     6.556     5.123     1.000     0.0445      0.0000      0.0000      0.0000
747     E         D            1           MET           24.58           588    545      0     8.499     8.235     1.000     0.0680      0.0000      0.0000      0.0000
748     E         D            2           SER           27.23           588    545      0     8.499     8.235     1.000     0.0686      0.0000      0.0000      0.0000
749     E         D            3           ILE           30.95           588    545      0     8.499     8.235     1.000     0.0692      0.0000      0.0000      0.0000
750     E         D            4           GLY           30.91           588    545      0     8.499     8.235     1.000     0.0691      0.0000      0.0000      0.0000
751     E         D            5           LEU           29.96           588    545      0     8.499     8.235     1.000     0.0702      0.0000      0.0000      0.0000
752     E         D            6           LEU           28.58           588    545      0     8.499     8.235     1.000     0.0703      0.0000      0.0000      0.0000
753     E         D            7           CYS           30.73           588    545      0     8.499     8.235     1.000     0.0707      0.0000      0.0000      0.0000
754     E         D            8           CYS           29.92           588    545      0     8.499     8.235     1.000     0.0717      0.0000      0.0000      0.0000
755     E         D            9           ALA           32.12           588    545      0     8.499     8.235     1.000     0.0725      0.0000      0.0000      0.0000
756     E         D           10           ALA           31.71           588    545      0     8.499     8.235     1.000     0.0723      0.0000      0.0000      0.0000
757     E         D           11           LEU           27.97           588    545      0     8.499     8.235     1.000     0.0729      0.0000      0.0000      0.0000
758     E         D           12           SER           28.79           588    545      0     8.499     8.235     1.000     0.0742      0.0000      0.0000      0.0000
759     E         D           13           LEU           26.38           588    545      0     8.499     8.235     1.000     0.0743      0.0000      0.0000      0.0000
760     E         D           14           LEU           27.87           588    545      0     8.499     8.235     1.000     0.0751      0.0000      0.0000      0.0000
761     E         D           15           TRP           28.97           588    545      0     8.499     8.235     1.000     0.0767      0.0000      0.0000      0.0000
762     E         D           16           ALA           33.41           588    545      0     8.499     8.235     1.000     0.0774      0.0000      0.0000      0.0000
763     E         D           17           GLY           33.99           588    545      0     8.499     8.235     1.000     0.0789      0.0000      0.0000      0.0000
764     E         D           18           PRO           32.67           588    545      0     8.499     8.235     1.000     0.0805      0.0000      0.0000      0.0000
765     E         D           19           VAL           38.84           588    545      0     8.499     8.235     1.000     0.0835      0.0000      0.0000      0.0000
766     E         D           20           ASN           46.73           588    545      0     8.499     8.235     1.000     0.0854      0.0000      0.0000      0.0000
767     E         D           21           ALA           57.68           588    545      0     8.499     8.235     1.000     0.0967      0.0000      0.0000      0.0000
768     E         D           22           GLY           86.89           588    545      2     8.499     8.235     1.000     0.1515      0.4892      0.4735      0.0132
769     E         D           23           VAL           95.36           588    545    204     8.499     8.235     5.316     0.5691      0.6771      0.6638      0.4636
770     E         D           24           THR           96.29           588    545    227     8.499     8.235     5.594     0.6170      0.7013      0.6889      0.5202
771     E         D           25           GLN           96.57           588    545    227     8.499     8.235     5.594     0.6164      0.7004      0.6879      0.5194
772     E         D           26           THR           95.55           588    545    210     8.499     8.235     5.391     0.5465      0.6368      0.6227      0.4242
773     E         D           27           PRO           95.68           588    545    209     8.499     8.235     5.378     0.5426      0.6330      0.6187      0.4170
774     E         D           28           LYS           95.50           588    545    228     8.499     8.235     5.605     0.6406      0.7272      0.7153      0.5511
775     E         D           29           PHE           96.56           588    545    232     8.499     8.235     5.651     0.6688      0.7527      0.7416      0.5895
776     E         D           30           GLN           96.85           588    545    233     8.499     8.235     5.663     0.6518      0.7307      0.7189      0.5597
777     E         D           31           VAL           96.16           588    545    234     8.499     8.235     5.674     0.6626      0.7398      0.7282      0.5718
778     E         D           32           LEU           95.43           588    545    232     8.499     8.235     5.651     0.6417      0.7200      0.7078      0.5443
779     E         D           33           LYS           94.91           588    545    230     8.499     8.235     5.629     0.6038      0.6782      0.6648      0.4889
780     E         D           34           THR           95.47           588    545    227     8.499     8.235     5.594     0.5935      0.6708      0.6572      0.4768
781     E         D           35           GLY           95.13           588    545    199     8.499     8.235     5.253     0.4628      0.5451      0.5297      0.3178
782     E         D           36           GLN           93.84           588    545    202     8.499     8.235     5.291     0.5011      0.5921      0.5771      0.3652
783     E         D           37           SER           94.68           588    545    201     8.499     8.235     5.278     0.5015      0.5938      0.5790      0.3676
784     E         D           38           MET           95.70           588    545    200     8.499     8.235     5.266     0.4957      0.5890      0.5741      0.3629
785     E         D           39           THR           96.96           588    545    230     8.499     8.235     5.629     0.6312      0.7112      0.6990      0.5340
786     E         D           40           LEU           97.31           588    545    232     8.499     8.235     5.651     0.6674      0.7498      0.7386      0.5857
787     E         D           41           GLN           97.11           588    545    230     8.499     8.235     5.629     0.6312      0.7113      0.6990      0.5332
788     E         D           42           CYS           97.17           588    545    230     8.499     8.235     5.629     0.6427      0.7263      0.7146      0.5562
789     E         D           43           ALA           96.84           588    545    228     8.499     8.235     5.605     0.6100      0.6904      0.6776      0.5068
790     E         D           44           GLN           95.83           588    545    207     8.499     8.235     5.354     0.5568      0.6560      0.6424      0.4442
791     E         D           45           ASP           93.07           588    545    188     8.499     8.235     5.109     0.5001      0.6101      0.5957      0.3733
792     E         D           46           MET           90.94           588    545    198     8.499     8.235     5.240     0.5430      0.6555      0.6421      0.4372
793     E         D           47           ASN           88.04           588    545    200     8.499     8.235     5.266     0.5381      0.6446      0.6310      0.4266
794     E         D           48           HIS           88.95           588    545    206     8.499     8.235     5.341     0.5864      0.6968      0.6844      0.4978
795     E         D           49           GLU           85.25           588    545    212     8.499     8.235     5.415     0.5907      0.6943      0.6818      0.5004
796     E         D           50           TYR           90.32           588    545    227     8.499     8.235     5.594     0.6507      0.7427      0.7317      0.5785
797     E         D           51           MET           93.49           588    545    230     8.499     8.235     5.629     0.6755      0.7646      0.7543      0.6112
798     E         D           52           SER           94.97           588    545    225     8.499     8.235     5.570     0.6392      0.7319      0.7205      0.5607
799     E         D           53           TRP           96.57           588    545    236     8.499     8.235     5.697     0.7221      0.8054      0.7965      0.6737
800     E         D           54           TYR           96.65           588    545    235     8.499     8.235     5.686     0.7256      0.8112      0.8024      0.6805
801     E         D           55           ARG           96.49           588    545    230     8.499     8.235     5.629     0.6924      0.7843      0.7746      0.6376
802     E         D           56           GLN           96.41           588    545    225     8.499     8.235     5.570     0.6709      0.7703      0.7601      0.6126
803     E         D           57           ASP           94.76           588    545    215     8.499     8.235     5.452     0.6333      0.7448      0.7336      0.5644
804     E         D           58           PRO           90.77           588    545    202     8.499     8.235     5.291     0.5290      0.6447      0.6309      0.4282
805     E         D           59           GLY           87.47           588    545    167     8.499     8.235     4.818     0.4617      0.6061      0.5919      0.3496
806     E         D           60           MET           88.95           588    545    163     8.499     8.235     4.759     0.4659      0.6218      0.6079      0.3619
807     E         D           61           GLY           89.08           588    545    147     8.499     8.235     4.514     0.4529      0.6316      0.6179      0.3518
808     E         D           62           LEU           94.00           588    545    206     8.499     8.235     5.341     0.6203      0.7464      0.7353      0.5617
809     E         D           63           ARG           94.90           588    545    230     8.499     8.235     5.629     0.6959      0.7884      0.7789      0.6452
810     E         D           64           LEU           94.08           588    545    231     8.499     8.235     5.640     0.6920      0.7811      0.7713      0.6353
811     E         D           65           ILE           95.39           588    545    232     8.499     8.235     5.651     0.6939      0.7805      0.7706      0.6341
812     E         D           66           HIS           94.72           588    545    226     8.499     8.235     5.582     0.6491      0.7400      0.7288      0.5726
813     E         D           67           TYR           92.30           588    545    229     8.499     8.235     5.617     0.6538      0.7408      0.7297      0.5771
814     E         D           68           SER           90.92           588    545    220     8.499     8.235     5.511     0.6185      0.7139      0.7021      0.5345
815     E         D           69           VAL           82.80           588    545    204     8.499     8.235     5.316     0.5749      0.6877      0.6749      0.4817
816     E         D           70           GLY           81.66           588    545    174     8.499     8.235     4.918     0.4940      0.6285      0.6147      0.3800
817     E         D           71           ALA           82.10           588    545    176     8.499     8.235     4.946     0.4840      0.6068      0.5925      0.3576
818     E         D           72           GLY           79.87           588    545    134     8.499     8.235     4.299     0.4266      0.5762      0.5613      0.2687
819     E         D           73           ILE           80.58           588    545    187     8.499     8.235     5.096     0.5016      0.6204      0.6063      0.3856
820     E         D           74           THR           86.14           588    545    202     8.499     8.235     5.291     0.5402      0.6474      0.6339      0.4331
821     E         D           75           ASP           86.34           588    545    203     8.499     8.235     5.304     0.5546      0.6705      0.6574      0.4610
822     E         D           76           GLN           89.60           588    545    203     8.499     8.235     5.304     0.5511      0.6641      0.6508      0.4527
823     E         D           77           GLY           89.37           588    545    195     8.499     8.235     5.201     0.5111      0.6250      0.6111      0.4014
824     E         D           78           GLU           90.18           588    545    204     8.499     8.235     5.316     0.5362      0.6432      0.6296      0.4314
825     E         D           79           VAL           93.07           588    545    204     8.499     8.235     5.316     0.5614      0.6714      0.6583      0.4628
826     E         D           80           PRO           93.28           588    545    197     8.499     8.235     5.227     0.5244      0.6382      0.6244      0.4168
827     E         D           81           ASN           93.80           588    545    181     8.499     8.235     5.015     0.4854      0.6076      0.5934      0.3663
828     E         D           82           GLY           94.41           588    545    193     8.499     8.235     5.175     0.4803      0.5781      0.5633      0.3473
829     E         D           83           TYR           96.56           588    545    224     8.499     8.235     5.559     0.6145      0.7009      0.6884      0.5159
830     E         D           84           ASN           95.95           588    545    205     8.499     8.235     5.329     0.5246      0.6199      0.6055      0.4007
831     E         D           85           VAL           95.29           588    545    200     8.499     8.235     5.266     0.5177      0.6205      0.6062      0.3973
832     E         D           86           SER           93.17           588    545    145     8.499     8.235     4.482     0.4289      0.5653      0.5503      0.2755
833     E         D           87           ARG           93.04           588    545    176     8.499     8.235     4.946     0.4759      0.5930      0.5784      0.3423
834     E         D           88           SER           91.36           588    545    153     8.499     8.235     4.608     0.4317      0.5531      0.5380      0.2750
835     E         D           89           THR           90.89           588    545    184     8.499     8.235     5.056     0.4916      0.6027      0.5882      0.3606
836     E         D           90           THR           90.40           588    545    209     8.499     8.235     5.378     0.5722      0.6721      0.6589      0.4652
837     E         D           91           GLU           94.16           588    545    209     8.499     8.235     5.378     0.5577      0.6539      0.6402      0.4427
838     E         D           92           ASP           95.83           588    545    215     8.499     8.235     5.452     0.5724      0.6620      0.6485      0.4582
839     E         D           93           PHE           96.72           588    545    232     8.499     8.235     5.651     0.6527      0.7326      0.7211      0.5663
840     E         D           94           PRO           97.20           588    545    230     8.499     8.235     5.629     0.6270      0.7053      0.6928      0.5264
841     E         D           95           LEU           97.56           588    545    232     8.499     8.235     5.651     0.6608      0.7427      0.7314      0.5781
842     E         D           96           ARG           97.02           588    545    214     8.499     8.235     5.439     0.5783      0.6701      0.6568      0.4665
843     E         D           97           LEU           96.13           588    545    205     8.499     8.235     5.329     0.5312      0.6245      0.6101      0.4032
844     E         D           98           LEU           92.48           588    545    128     8.499     8.235     4.195     0.3969      0.5228      0.5075      0.2170
845     E         D           99           SER           95.71           588    545    196     8.499     8.235     5.214     0.4530      0.5359      0.5204      0.3064
846     E         D          100           ALA           95.97           588    545    207     8.499     8.235     5.354     0.5389      0.6324      0.6180      0.4119
847     E         D          101           ALA           96.44           588    545    212     8.499     8.235     5.415     0.5842      0.6822      0.6689      0.4748
848     E         D          102           PRO           95.61           588    545    228     8.499     8.235     5.605     0.6307      0.7138      0.7015      0.5340
849     E         D          103           SER           96.10           588    545    225     8.499     8.235     5.570     0.6366      0.7271      0.7153      0.5490
850     E         D          104           GLN           96.60           588    545    232     8.499     8.235     5.651     0.6744      0.7577      0.7468      0.5971
851     E         D          105           THR           96.16           588    545    232     8.499     8.235     5.651     0.6940      0.7802      0.7701      0.6285
852     E         D          106           SER           96.54           588    545    228     8.499     8.235     5.605     0.6646      0.7555      0.7447      0.5928
853     E         D          107           VAL           96.98           588    545    233     8.499     8.235     5.663     0.7060      0.7928      0.7833      0.6500
854     E         D          108           TYR           97.61           588    545    238     8.499     8.235     5.720     0.7359      0.8163      0.8078      0.6896
855     E         D          109           PHE           97.15           588    545    233     8.499     8.235     5.663     0.7176      0.8068      0.7979      0.6719
856     E         D          110           CYS           96.71           588    545    227     8.499     8.235     5.594     0.6608      0.7522      0.7414      0.5894
857     E         D          111           ALA           95.48           588    545    226     8.499     8.235     5.582     0.6522      0.7450      0.7340      0.5798
858     E         D          112           SER           94.13           588    545    205     8.499     8.235     5.329     0.5941      0.7100      0.6978      0.5110
859     E         D          113           GLN           90.74           588    545    200     8.499     8.235     5.266     0.5501      0.6653      0.6523      0.4538
860     E         D          114           LYS           85.09           588    545    196     8.499     8.235     5.214     0.5455      0.6642      0.6512      0.4488
861     E         D          115           SER           79.31           588    545    107     8.499     8.235     3.798     0.3796      0.5663      0.5514      0.2184
862     E         D          116           GLY           76.40           588    545     88     8.499     8.235     3.382     0.3456      0.5642      0.5493      0.1815
863     E         D          117           SER           82.14           588    545    138     8.499     8.235     4.367     0.4401      0.6131      0.5989      0.3135
864     E         D          118           SER           81.22           588    545    154     8.499     8.235     4.623     0.4613      0.6223      0.6084      0.3493
865     E         D          119           TYR           84.17           588    545    180     8.499     8.235     5.001     0.5264      0.6683      0.6554      0.4369
866     E         D          120           ASN           85.45           588    545    199     8.499     8.235     5.253     0.5653      0.6883      0.6759      0.4826
867     E         D          121           GLU           88.20           588    545    203     8.499     8.235     5.304     0.5906      0.7128      0.7010      0.5181
868     E         D          122           GLN           92.40           588    545    213     8.499     8.235     5.427     0.6200      0.7302      0.7189      0.5525
869     E         D          123           PHE           94.82           588    545    230     8.499     8.235     5.629     0.6885      0.7805      0.7708      0.6345
870     E         D          124           PHE           96.00           588    545    230     8.499     8.235     5.629     0.6911      0.7836      0.7739      0.6382
871     E         D          125           GLY           95.96           588    545    226     8.499     8.235     5.582     0.6309      0.7198      0.7081      0.5472
872     E         D          126           PRO           95.44           588    545    224     8.499     8.235     5.559     0.6231      0.7142      0.7021      0.5348
873     E         D          127           GLY           96.20           588    545    214     8.499     8.235     5.439     0.5950      0.6941      0.6815      0.4986
874     E         D          128           THR           96.99           588    545    232     8.499     8.235     5.651     0.6815      0.7665      0.7560      0.6099
875     E         D          129           ARG           96.81           588    545    230     8.499     8.235     5.629     0.6698      0.7572      0.7463      0.5944
876     E         D          130           LEU           97.19           588    545    234     8.499     8.235     5.674     0.6931      0.7757      0.7654      0.6235
877     E         D          131           THR           96.39           588    545    237     8.499     8.235     5.708     0.6990      0.7771      0.7668      0.6278
878     E         D          132           VAL           96.47           588    545    237     8.499     8.235     5.708     0.6957      0.7725      0.7621      0.6205
879     E         D          133           LEU           95.31           588    545    230     8.499     8.235     5.629     0.6245      0.7036      0.6909      0.5214
880     E         D          134           GLU           93.99           588    545    207     8.499     8.235     5.354     0.5402      0.6323      0.6178      0.4112
881     E         D          135           ASP           92.16           588    545    172     8.499     8.235     4.889     0.4306      0.5168      0.5012      0.2642
882     E         D          136           LEU           93.42           588    545    227     8.499     8.235     5.594     0.5359      0.6010      0.5861      0.4005
883     E         D          137           LYS           93.37           588    545    207     8.499     8.235     5.354     0.4908      0.5631      0.5479      0.3445
884     E         D          138           ASN           93.24           588    545    220     8.499     8.235     5.511     0.5194      0.5907      0.5759      0.3855
885     E         D          139           VAL           95.52           588    545    237     8.499     8.235     5.708     0.6498      0.7185      0.7063      0.5461
886     E         D          140           PHE           96.27           588    545    236     8.499     8.235     5.697     0.6520      0.7223      0.7101      0.5499
887     E         D          141           PRO           96.22           588    545    236     8.499     8.235     5.697     0.6307      0.6971      0.6843      0.5194
888     E         D          142           PRO           96.59           588    545    236     8.499     8.235     5.697     0.6278      0.6949      0.6820      0.5168
889     E         D          143           GLU           94.59           588    545    237     8.499     8.235     5.708     0.6513      0.7198      0.7076      0.5503
890     E         D          144           VAL           94.78           588    545    239     8.499     8.235     5.731     0.6863      0.7562      0.7452      0.5995
891     E         D          145           ALA           93.50           588    545    237     8.499     8.235     5.708     0.6514      0.7204      0.7084      0.5533
892     E         D          146           VAL           94.33           588    545    239     8.499     8.235     5.731     0.6840      0.7540      0.7430      0.5980
893     E         D          147           PHE           94.66           588    545    241     8.499     8.235     5.753     0.7101      0.7798      0.7697      0.6350
894     E         D          148           GLU           92.95           588    545    236     8.499     8.235     5.697     0.6210      0.6878      0.6753      0.5172
895     E         D          149           PRO           92.69           588    545    231     8.499     8.235     5.640     0.6066      0.6772      0.6645      0.4997
896     E         D          150           SER           90.59           588    545    203     8.499     8.235     5.304     0.5596      0.6577      0.6445      0.4488
897     E         D          151           GLU           89.53           588    545    210     8.499     8.235     5.391     0.5713      0.6623      0.6492      0.4612
898     E         D          152           ALA           89.83           588    545    230     8.499     8.235     5.629     0.6038      0.6750      0.6622      0.4964
899     E         D          153           GLU           92.19           588    545    239     8.499     8.235     5.731     0.6401      0.7044      0.6923      0.5399
900     E         D          154           ILE           91.13           588    545    238     8.499     8.235     5.720     0.6354      0.7009      0.6886      0.5337
901     E         D          155           SER           89.84           588    545    210     8.499     8.235     5.391     0.5747      0.6664      0.6533      0.4647
902     E         D          156           HIS           90.09           588    545    214     8.499     8.235     5.439     0.5737      0.6597      0.6465      0.4616
903     E         D          157           THR           90.17           588    545    179     8.499     8.235     4.987     0.5167      0.6368      0.6230      0.3950
904     E         D          158           GLN           92.06           588    545    210     8.499     8.235     5.391     0.5759      0.6670      0.6539      0.4651
905     E         D          159           LYS           93.35           588    545    238     8.499     8.235     5.720     0.6482      0.7163      0.7044      0.5522
906     E         D          160           ALA           94.15           588    545    238     8.499     8.235     5.720     0.6604      0.7299      0.7184      0.5699
907     E         D          161           THR           95.22           588    545    239     8.499     8.235     5.731     0.7003      0.7727      0.7623      0.6246
908     E         D          162           LEU           95.62           588    545    242     8.499     8.235     5.764     0.7228      0.7925      0.7829      0.6546
909     E         D          163           VAL           95.99           588    545    242     8.499     8.235     5.764     0.7325      0.8033      0.7940      0.6699
910     E         D          164           CYS           95.97           588    545    241     8.499     8.235     5.753     0.7168      0.7873      0.7774      0.6455
911     E         D          165           LEU           95.03           588    545    238     8.499     8.235     5.720     0.6988      0.7730      0.7626      0.6231
912     E         D          166           ALA           96.08           588    545    241     8.499     8.235     5.753     0.7090      0.7788      0.7686      0.6336
913     E         D          167           THR           94.74           588    545    236     8.499     8.235     5.697     0.6605      0.7334      0.7218      0.5683
914     E         D          168           GLY           94.72           588    545    231     8.499     8.235     5.640     0.5990      0.6696      0.6564      0.4872
915     E         D          169           PHE           96.67           588    545    237     8.499     8.235     5.708     0.6935      0.7686      0.7579      0.6136
916     E         D          170           TYR           96.58           588    545    236     8.499     8.235     5.697     0.6624      0.7357      0.7240      0.5687
917     E         D          171           PRO           95.86           588    545    229     8.499     8.235     5.617     0.5998      0.6745      0.6611      0.4852
918     E         D          172           ASP           94.76           588    545    227     8.499     8.235     5.594     0.5712      0.6465      0.6326      0.4521
919     E         D          173           HIS           96.14           588    545    231     8.499     8.235     5.640     0.6071      0.6812      0.6679      0.4947
920     E         D          174           VAL           96.60           588    545    236     8.499     8.235     5.697     0.6679      0.7413      0.7297      0.5750
921     E         D          175           GLU           96.62           588    545    239     8.499     8.235     5.731     0.6905      0.7618      0.7508      0.6055
922     E         D          176           LEU           96.76           588    545    242     8.499     8.235     5.764     0.7040      0.7716      0.7610      0.6223
923     E         D          177           SER           96.94           588    545    241     8.499     8.235     5.753     0.6923      0.7600      0.7490      0.6047
924     E         D          178           TRP           97.34           588    545    244     8.499     8.235     5.786     0.7300      0.7965      0.7869      0.6597
925     E         D          179           TRP           97.26           588    545    247     8.499     8.235     5.819     0.7198      0.7797      0.7694      0.6373
926     E         D          180           VAL           96.54           588    545    243     8.499     8.235     5.775     0.6821      0.7441      0.7326      0.5846
927     E         D          181           ASN           95.49           588    545    240     8.499     8.235     5.742     0.6186      0.6782      0.6650      0.5012
928     E         D          182           GLY           95.17           588    545    218     8.499     8.235     5.488     0.5286      0.5948      0.5800      0.3867
929     E         D          183           LYS           96.38           588    545    240     8.499     8.235     5.742     0.6133      0.6723      0.6589      0.4930
930     E         D          184           GLU           96.72           588    545    243     8.499     8.235     5.775     0.6788      0.7416      0.7301      0.5825
931     E         D          185           VAL           96.15           588    545    239     8.499     8.235     5.731     0.6580      0.7243      0.7123      0.5576
932     E         D          186           HIS           94.04           588    545    239     8.499     8.235     5.731     0.6617      0.7304      0.7186      0.5667
933     E         D          187           SER           93.30           588    545    235     8.499     8.235     5.686     0.6121      0.6804      0.6675      0.5041
934     E         D          188           GLY           94.02           588    545    226     8.499     8.235     5.582     0.5976      0.6763      0.6634      0.4933
935     E         D          189           VAL           95.90           588    545    238     8.499     8.235     5.720     0.6939      0.7686      0.7581      0.6185
936     E         D          190           SER           95.46           588    545    236     8.499     8.235     5.697     0.6806      0.7577      0.7469      0.6015
937     E         D          191           THR           95.18           588    545    240     8.499     8.235     5.742     0.7226      0.7970      0.7875      0.6596
938     E         D          192           ASP           94.60           588    545    236     8.499     8.235     5.697     0.7096      0.7898      0.7800      0.6450
939     E         D          193           PRO           92.00           588    545    229     8.499     8.235     5.617     0.6697      0.7606      0.7498      0.5980
940     E         D          194           GLN           91.90           588    545    227     8.499     8.235     5.594     0.6505      0.7416      0.7302      0.5709
941     E         D          195           PRO           94.20           588    545    231     8.499     8.235     5.640     0.6714      0.7558      0.7448      0.5930
942     E         D          196           LEU           93.07           588    545    230     8.499     8.235     5.629     0.6584      0.7431      0.7317      0.5750
943     E         D          197           LYS           92.47           588    545    231     8.499     8.235     5.640     0.6620      0.7457      0.7344      0.5792
944     E         D          198           GLU           91.21           588    545    224     8.499     8.235     5.559     0.5889      0.6711      0.6579      0.4814
945     E         D          199           GLN           89.49           588    545    177     8.499     8.235     4.960     0.4861      0.5979      0.5834      0.3506
946     E         D          200           PRO           86.88           588    545    145     8.499     8.235     4.482     0.4294      0.5612      0.5463      0.2740
947     E         D          201           ALA           87.15           588    545    119     8.499     8.235     4.031     0.3923      0.5498      0.5347      0.2265
948     E         D          202           LEU           87.40           588    545    105     8.499     8.235     3.757     0.3719      0.5197      0.5044      0.1810
949     E         D          203           ASN           85.14           588    545    104     8.499     8.235     3.736     0.3707      0.5194      0.5040      0.1778
950     E         D          204           ASP           88.00           588    545    112     8.499     8.235     3.897     0.3823      0.5270      0.5116      0.1953
951     E         D          205           SER           92.24           588    545    202     8.499     8.235     5.291     0.4985      0.5811      0.5662      0.3584
952     E         D          206           ARG           95.19           588    545    235     8.499     8.235     5.686     0.6516      0.7244      0.7125      0.5551
953     E         D          207           TYR           96.14           588    545    239     8.499     8.235     5.731     0.7193      0.7957      0.7861      0.6553
954     E         D          208           CYS           95.60           588    545    238     8.499     8.235     5.720     0.6979      0.7722      0.7618      0.6224
955     E         D          209           LEU           96.56           588    545    240     8.499     8.235     5.742     0.7247      0.7995      0.7901      0.6627
956     E         D          210           SER           96.27           588    545    236     8.499     8.235     5.697     0.7048      0.7839      0.7739      0.6367
957     E         D          211           SER           96.71           588    545    239     8.499     8.235     5.731     0.7224      0.7981      0.7887      0.6599
958     E         D          212           ARG           96.25           588    545    238     8.499     8.235     5.720     0.6998      0.7746      0.7643      0.6261
959     E         D          213           LEU           96.51           588    545    244     8.499     8.235     5.786     0.7334      0.7998      0.7904      0.6663
960     E         D          214           ARG           96.13           588    545    240     8.499     8.235     5.742     0.6989      0.7694      0.7589      0.6209
961     E         D          215           VAL           95.26           588    545    241     8.499     8.235     5.753     0.6864      0.7538      0.7429      0.6012
962     E         D          216           SER           94.17           588    545    240     8.499     8.235     5.742     0.6459      0.7092      0.6970      0.5431
963     E         D          217           ALA           92.47           588    545    239     8.499     8.235     5.731     0.6359      0.6996      0.6872      0.5312
964     E         D          218           THR           91.88           588    545    235     8.499     8.235     5.686     0.6092      0.6738      0.6607      0.4954
965     E         D          219           PHE           93.75           588    545    245     8.499     8.235     5.797     0.6750      0.7334      0.7217      0.5752
966     E         D          220           TRP           93.59           588    545    245     8.499     8.235     5.797     0.6833      0.7425      0.7310      0.5864
967     E         D          221           GLN           90.75           588    545    244     8.499     8.235     5.786     0.6335      0.6884      0.6757      0.5208
968     E         D          222           ASN           91.33           588    545    234     8.499     8.235     5.674     0.5878      0.6483      0.6346      0.4635
969     E         D          223           PRO           89.79           588    545    201     8.499     8.235     5.278     0.5318      0.6189      0.6045      0.3960
970     E         D          224           ARG           90.24           588    545    213     8.499     8.235     5.427     0.5287      0.6000      0.5854      0.3885
971     E         D          225           ASN           93.52           588    545    242     8.499     8.235     5.764     0.6008      0.6544      0.6407      0.4762
972     E         D          226           HIS           95.49           588    545    244     8.499     8.235     5.786     0.6633      0.7216      0.7095      0.5572
973     E         D          227           PHE           96.02           588    545    245     8.499     8.235     5.797     0.7081      0.7699      0.7593      0.6217
974     E         D          228           ARG           96.35           588    545    245     8.499     8.235     5.797     0.6948      0.7550      0.7438      0.6010
975     E         D          229           CYS           96.39           588    545    244     8.499     8.235     5.786     0.7001      0.7625      0.7516      0.6103
976     E         D          230           GLN           97.41           588    545    243     8.499     8.235     5.775     0.6972      0.7616      0.7506      0.6084
977     E         D          231           VAL           97.28           588    545    244     8.499     8.235     5.786     0.7178      0.7827      0.7725      0.6387
978     E         D          232           GLN           97.55           588    545    242     8.499     8.235     5.764     0.7045      0.7722      0.7616      0.6218
979     E         D          233           PHE           97.26           588    545    244     8.499     8.235     5.786     0.7100      0.7748      0.7644      0.6279
980     E         D          234           TYR           96.71           588    545    240     8.499     8.235     5.742     0.6929      0.7632      0.7523      0.6072
981     E         D          235           GLY           94.45           588    545    227     8.499     8.235     5.594     0.5263      0.5912      0.5764      0.3926
982     E         D          236           LEU           94.31           588    545    228     8.499     8.235     5.605     0.5478      0.6141      0.5996      0.4159
983     E         D          237           SER           91.58           588    545    166     8.499     8.235     4.803     0.4215      0.5179      0.5024      0.2590
984     E         D          238           GLU           89.16           588    545    102     8.499     8.235     3.694     0.3671      0.4833      0.4677      0.1524
985     E         D          239           ASN           88.47           588    545     17     8.499     8.235     1.000     0.3029      0.4682      0.4526      0.0123
986     E         D          240           ASP           89.52           588    545     24     8.499     8.235     1.000     0.3214      0.4626      0.4471      0.0119
987     E         D          241           GLU           88.89           588    545     18     8.499     8.235     1.000     0.2974      0.4540      0.4384      0.0114
988     E         D          242           TRP           92.00           588    545     76     8.499     8.235     3.081     0.3599      0.4668      0.4512      0.1039
989     E         D          243           THR           90.35           588    545      4     8.499     8.235     1.000     0.2641      0.4462      0.4306      0.0110
990     E         D          244           GLN           90.44           588    545      8     8.499     8.235     1.000     0.2823      0.4423      0.4268      0.0109
991     E         D          245           ASP           92.11           588    545     12     8.499     8.235     1.000     0.2686      0.4449      0.4294      0.0110
992     E         D          246           ARG           92.39           588    545     45     8.499     8.235     2.053     0.3352      0.4683      0.4526      0.0493
993     E         D          247           ALA           93.25           588    545    153     8.499     8.235     4.608     0.4161      0.4983      0.4827      0.2282
994     E         D          248           LYS           94.23           588    545    227     8.499     8.235     5.594     0.4950      0.5502      0.5349      0.3503
995     E         D          249           PRO           94.45           588    545    200     8.499     8.235     5.266     0.4620      0.5285      0.5130      0.3039
996     E         D          250           VAL           93.85           588    545    225     8.499     8.235     5.570     0.4975      0.5553      0.5400      0.3535
997     E         D          251           THR           94.65           588    545    236     8.499     8.235     5.697     0.5854      0.6462      0.6321      0.4573
998     E         D          252           GLN           95.89           588    545    235     8.499     8.235     5.686     0.5644      0.6226      0.6082      0.4315
999     E         D          253           ILE           95.59           588    545    238     8.499     8.235     5.720     0.6223      0.6854      0.6721      0.5052
1000    E         D          254           VAL           94.96           588    545    237     8.499     8.235     5.708     0.6132      0.6753      0.6619      0.4930
1001    E         D          255           SER           93.37           588    545    217     8.499     8.235     5.476     0.5309      0.5996      0.5849      0.3915
1002    E         D          256           ALA           92.14           588    545    231     8.499     8.235     5.640     0.5495      0.6082      0.5937      0.4148
1003    E         D          257           GLU           92.72           588    545    194     8.499     8.235     5.188     0.4968      0.5833      0.5684      0.3513
1004    E         D          258           ALA           91.82           588    545    208     8.499     8.235     5.366     0.5155      0.5892      0.5744      0.3718
1005    E         D          259           TRP           91.72           588    545    225     8.499     8.235     5.570     0.5570      0.6216      0.6073      0.4235
1006    E         D          260           GLY           87.91           588    545    161     8.499     8.235     4.729     0.4557      0.5632      0.5481      0.2938
1007    E         D          261           ARG           87.45           588    545     70     8.499     8.235     2.916     0.3443      0.5341      0.5188      0.1261
1008    E         D          262           ALA           79.95           588    545     47     8.499     8.235     2.137     0.3067      0.5178      0.5025      0.0675
1009    E         D          263           ASP           76.74           588    545     21     8.499     8.235     1.000     0.2438      0.5623      0.5473      0.0192
1010    E         D          264           CYS           78.53           588    545     19     8.499     8.235     1.000     0.2335      0.5680      0.5533      0.0211
1011    E         D          265           GLY           69.96           588    545     14     8.499     8.235     1.000     0.2043      0.5502      0.5350      0.0178
1012    E         D          266           PHE           69.97           588    545     20     8.499     8.235     1.000     0.2327      0.5762      0.5614      0.0209
1013    E         D          267           THR           75.50           588    545     31     8.499     8.235     1.325     0.2697      0.6013      0.5867      0.0389
1014    E         D          268           SER           73.45           588    545     34     8.499     8.235     1.509     0.2708      0.5912      0.5764      0.0478
1015    E         D          269           GLU           76.71           588    545     42     8.499     8.235     1.920     0.2983      0.6091      0.5948      0.0832
1016    E         D          270           SER           77.89           588    545     40     8.499     8.235     1.826     0.2963      0.6070      0.5924      0.0726
1017    E         D          271           TYR           80.09           588    545     52     8.499     8.235     2.332     0.3355      0.6003      0.5861      0.1159
1018    E         D          272           GLN           78.15           588    545     47     8.499     8.235     2.137     0.3156      0.6329      0.6188      0.1085
1019    E         D          273           GLN           77.23           588    545     47     8.499     8.235     2.137     0.3190      0.6496      0.6357      0.1163
1020    E         D          274           GLY           77.72           588    545     46     8.499     8.235     2.095     0.3088      0.6402      0.6262      0.1093
1021    E         D          275           VAL           83.24           588    545     52     8.499     8.235     2.332     0.3285      0.6479      0.6342      0.1365
1022    E         D          276           LEU           80.55           588    545     48     8.499     8.235     2.177     0.3166      0.6808      0.6675      0.1371
1023    E         D          277           SER           81.06           588    545     48     8.499     8.235     2.177     0.3022      0.6629      0.6493      0.1270
1024    E         D          278           ALA           81.17           588    545     48     8.499     8.235     2.177     0.2970      0.6656      0.6522      0.1329
1025    E         D          279           THR           85.48           588    545     48     8.499     8.235     2.177     0.3107      0.6928      0.6798      0.1429
1026    E         D          280           ILE           84.60           588    545     48     8.499     8.235     2.177     0.3113      0.7183      0.7061      0.1632
1027    E         D          281           LEU           84.03           588    545     47     8.499     8.235     2.137     0.2984      0.6923      0.6794      0.1416
1028    E         D          282           TYR           82.71           588    545     48     8.499     8.235     2.177     0.3078      0.7092      0.6968      0.1573
1029    E         D          283           GLU           84.74           588    545     48     8.499     8.235     2.177     0.3010      0.7303      0.7186      0.1785
1030    E         D          284           ILE           82.95           588    545     48     8.499     8.235     2.177     0.2950      0.7129      0.7008      0.1647
1031    E         D          285           LEU           82.52           588    545     47     8.499     8.235     2.137     0.2931      0.7154      0.7033      0.1608
1032    E         D          286           LEU           83.21           588    545     48     8.499     8.235     2.177     0.2954      0.7045      0.6922      0.1590
1033    E         D          287           GLY           84.48           588    545     47     8.499     8.235     2.137     0.2897      0.7374      0.7262      0.1882
1034    E         D          288           LYS           82.77           588    545     46     8.499     8.235     2.095     0.2776      0.7142      0.7024      0.1643
1035    E         D          289           ALA           81.80           588    545     47     8.499     8.235     2.137     0.2807      0.7176      0.7060      0.1770
1036    E         D          290           THR           86.89           588    545     45     8.499     8.235     2.053     0.2793      0.7291      0.7177      0.1727
1037    E         D          291           LEU           86.03           588    545     45     8.499     8.235     2.053     0.2822      0.7308      0.7196      0.1742
1038    E         D          292           TYR           84.12           588    545     44     8.499     8.235     2.010     0.2718      0.7129      0.7012      0.1579
1039    E         D          293           ALA           84.30           588    545     44     8.499     8.235     2.010     0.2682      0.7093      0.6975      0.1558
1040    E         D          294           VAL           90.38           588    545     41     8.499     8.235     1.873     0.2674      0.7357      0.7243      0.1499
1041    E         D          295           LEU           85.94           588    545     41     8.499     8.235     1.873     0.2674      0.7316      0.7203      0.1522
1042    E         D          296           VAL           86.29           588    545     41     8.499     8.235     1.873     0.2555      0.7135      0.7020      0.1471
1043    E         D          297           SER           88.21           588    545     39     8.499     8.235     1.777     0.2495      0.7105      0.6986      0.1263
1044    E         D          298           ALA           87.24           588    545     38     8.499     8.235     1.726     0.2506      0.7125      0.7005      0.1173
1045    E         D          299           LEU           84.78           588    545     37     8.499     8.235     1.675     0.2426      0.7016      0.6895      0.1081
1046    E         D          300           VAL           84.75           588    545     36     8.499     8.235     1.621     0.2347      0.6802      0.6677      0.0954
1047    E         D          301           LEU           86.81           588    545     34     8.499     8.235     1.509     0.2270      0.6716      0.6587      0.0755
1048    E         D          302           MET           86.29           588    545     30     8.499     8.235     1.258     0.2105      0.6663      0.6531      0.0506
1049    E         D          303           ALA           82.91           588    545     27     8.499     8.235     1.039     0.2021      0.6491      0.6353      0.0315
1050    E         D          304           MET           84.49           588    545     23     8.499     8.235     1.000     0.1842      0.6158      0.6013      0.0243
1051    E         D          305           VAL           86.24           588    545     22     8.499     8.235     1.000     0.1781      0.6166      0.6022      0.0241
1052    E         D          306           LYS           84.77           588    545     17     8.499     8.235     1.000     0.1552      0.5538      0.5384      0.0176
1053    E         D          307           ARG           82.74           588    545      9     8.499     8.235     1.000     0.1415      0.5202      0.5045      0.0150
1054    E         D          308           LYS           81.09           588    545      7     8.499     8.235     1.000     0.1350      0.5368      0.5212      0.0160
1055    E         D          309           ASP           81.62           588    545      8     8.499     8.235     1.000     0.1273      0.4750      0.4594      0.0125
1056    E         D          310           SER           79.56           588    545      0     8.499     8.235     1.000     0.1113      0.0000      0.0000      0.0000
1057    E         D          311           ARG           71.94           588    545      0     8.499     8.235     1.000     0.0961      0.0000      0.0000      0.0000
1058    E         D          312           GLY           54.69           588    545      0     8.499     8.235     1.000     0.0804      0.0000      0.0000      0.0000
